"1773838329711212,CSI_DATA,STATION,00:00:00:00:00:00,0,0,0,0,0,0,0,0,0,0,0,0,0,0,0,0,0,0,0,0,0,128,[84 -64 4 0 0 0 0 0 0 0 0 0 -20 2 -21 2 -20 13 16 3 15 4 15 4 15 4 15 5 15 5 15 6 15 6 15 6 15 6 13 5 14 5 13 5 14 6 14 5 13 5 14 5 12 5 13 5 13 5 13 5 0 0 13 4 13 5 13 5 12 4 13 3 13 3 13 3 13 3 13 3 13 2 13 2 13 2 13 2 14 1 13 1 14 1 13 1 14 1 13 0 13 0 14 0 14 0 14 0 14 -1 14 -1 14 -1 0 0 0 0 0 0 0 0 0 0]"
"1773838329726616,CSI_DATA,STATION,00:00:00:00:00:00,0,0,0,0,0,0,0,0,0,0,0,0,0,0,0,0,0,0,0,0,0,128,[84 -64 4 0 0 0 0 0 0 0 0 0 -3 20 -4 20 -4 20 -5 20 -6 20 -6 19 -6 19 -7 18 -8 19 -8 18 -8 18 -8 18 -8 18 -9 18 -9 17 -9 17 -9 17 -9 16 -9 17 -9 16 -10 16 -9 16 -9 15 -9 16 -8 16 -8 16 0 0 -9 15 -8 15 -7 16 -7 15 -7 16 -7 16 -7 16 -7 16 -7 15 -6 15 -5 16 -5 16 -5 16 -5 16 -5 16 -5 16 -5 17 -4 16 -5 17 -4 17 -4 17 -4 18 -3 17 -3 18 -3 18 -3 17 0 0 0 0 0 0 0 0 0 0]"
"1773838329738640,CSI_DATA,STATION,00:00:00:00:00:00,0,0,0,0,0,0,0,0,0,0,0,0,0,0,0,0,0,0,0,0,0,128,[84 -64 4 0 0 0 0 0 0 0 0 0 2 -18 4 -19 4 -19 5 -19 5 -18 5 -18 6 -17 6 -17 7 -17 7 -17 7 -17 7 -16 8 -17 7 -16 8 -16 8 -15 8 -15 7 -15 8 -16 8 -15 8 -15 8 -15 7 -14 7 -15 7 -14 7 -14 0 0 7 -14 6 -15 6 -15 6 -14 6 -15 6 -15 5 -15 5 -15 5 -15 4 -15 4 -15 4 -15 4 -15 4 -16 3 -15 3 -15 3 -16 3 -16 3 -16 2 -16 3 -16 2 -16 2 -16 1 -17 1 -16 1 -16 0 0 0 0 0 0 0 0 0 0]"
"1773838329748405,CSI_DATA,STATION,00:00:00:00:00:00,0,0,0,0,0,0,0,0,0,0,0,0,0,0,0,0,0,0,0,0,0,128,[84 -64 4 0 0 0 0 0 0 0 0 0 3 -15 4 -15 4 -15 4 -15 5 -15 5 -14 6 -14 6 -14 6 -14 6 -14 7 -13 6 -13 7 -14 7 -14 7 -13 7 -12 7 -12 7 -12 7 -12 7 -12 7 -12 7 -12 6 -11 6 -12 6 -11 6 -11 0 0 6 -12 6 -12 6 -12 6 -12 5 -12 5 -12 5 -12 5 -12 5 -12 4 -12 4 -12 3 -12 3 -13 4 -13 4 -12 3 -12 3 -13 3 -13 3 -13 3 -13 3 -13 2 -13 2 -13 1 -14 1 -14 2 -13 0 0 0 0 0 0 0 0 0 0]"
"1773838329756163,CSI_DATA,STATION,00:00:00:00:00:00,0,0,0,0,0,0,0,0,0,0,0,0,0,0,0,0,0,0,0,0,0,128,[84 -64 4 0 0 0 0 0 0 0 0 0 10 -10 11 -10 11 -10 12 -10 12 -9 12 -9 12 -9 12 -8 13 -8 13 -7 13 -7 13 -7 13 -7 13 -6 12 -7 12 -6 12 -6 12 -6 12 -6 12 -6 12 -6 12 -5 12 -5 12 -6 11 -5 11 -6 0 0 11 -6 11 -6 11 -6 10 -6 11 -6 10 -7 11 -7 10 -7 10 -7 10 -7 10 -7 10 -7 10 -7 10 -8 9 -8 10 -8 10 -8 10 -8 10 -9 9 -9 9 -9 9 -10 9 -9 9 -9 9 -9 9 -10 0 0 0 0 0 0 0 0 0 0]"
"1773838329765089,CSI_DATA,STATION,00:00:00:00:00:00,0,0,0,0,0,0,0,0,0,0,0,0,0,0,0,0,0,0,0,0,0,128,[84 -64 4 0 0 0 0 0 0 0 0 0 6 13 5 14 5 14 5 15 4 14 4 15 3 14 3 15 2 14 3 14 2 14 2 14 2 15 2 14 1 14 1 13 1 14 1 13 1 14 0 14 1 14 0 13 1 12 1 13 1 13 1 13 0 0 2 12 1 12 2 13 2 12 2 12 2 12 2 12 2 12 3 12 3 11 3 11 4 12 4 12 4 12 4 11 4 12 4 11 5 12 5 12 5 11 5 11 5 12 5 11 6 11 6 11 6 11 0 0 0 0 0 0 0 0 0 0]"
"1773838329772130,CSI_DATA,STATION,00:00:00:00:00:00,0,0,0,0,0,0,0,0,0,0,0,0,0,0,0,0,0,0,0,0,0,128,[84 -64 4 0 0 0 0 0 0 0 0 0 -16 1 -16 0 -16 0 -16 -1 -17 -2 -16 -2 -16 -3 -16 -3 -16 -3 -16 -3 -16 -3 -16 -4 -16 -3 -15 -4 -15 -4 -15 -4 -14 -4 -14 -4 -14 -4 -14 -5 -14 -5 -14 -5 -14 -4 -14 -3 -14 -4 -13 -4 0 0 -14 -3 -14 -3 -13 -3 -13 -3 -13 -3 -13 -3 -13 -3 -13 -3 -13 -2 -13 -1 -13 -1 -13 -1 -13 -1 -13 -1 -14 0 -13 0 -14 0 -13 0 -13 0 -14 0 -14 0 -14 0 -14 1 -14 2 -14 2 -14 1 0 0 0 0 0 0 0 0 0 0]"
"1773838329788244,CSI_DATA,STATION,00:00:00:00:00:00,0,0,0,0,0,0,0,0,0,0,0,0,0,0,0,0,0,0,0,0,0,128,[84 -64 4 0 0 0 0 0 0 0 0 0 10 11 10 11 10 12 9 12 9 13 9 12 9 12 8 12 8 13 8 13 7 13 7 13 7 13 7 13 6 13 7 13 6 12 6 12 6 12 6 12 6 12 6 12 6 12 6 12 6 12 6 11 0 0 6 11 6 11 6 11 7 10 7 10 7 10 7 10 7 10 8 10 8 10 8 9 8 9 8 9 8 9 8 9 9 8 9 9 9 8 9 8 9 8 9 8 10 8 10 8 10 8 10 7 10 7 0 0 0 0 0 0 0 0 0 0]"
"1773838329800267,CSI_DATA,STATION,00:00:00:00:00:00,0,0,0,0,0,0,0,0,0,0,0,0,0,0,0,0,0,0,0,0,0,128,[84 -64 4 0 0 0 0 0 0 0 0 0 -13 -9 -13 -10 -13 -11 -13 -11 -12 -11 -12 -11 -11 -11 -12 -12 -11 -12 -11 -12 -10 -12 -10 -12 -10 -12 -10 -12 -10 -12 -9 -12 -9 -12 -9 -11 -10 -12 -9 -12 -9 -11 -9 -12 -9 -11 -9 -11 -9 -11 -10 -11 0 0 -9 -10 -9 -10 -9 -10 -9 -9 -10 -10 -10 -10 -10 -9 -10 -9 -10 -9 -10 -8 -11 -8 -10 -8 -11 -8 -11 -8 -11 -8 -11 -8 -11 -7 -11 -7 -12 -7 -11 -7 -12 -7 -12 -7 -12 -6 -12 -7 -13 -6 -12 -6 0 0 0 0 0 0 0 0 0 0]"
"1773838329811532,CSI_DATA,STATION,00:00:00:00:00:00,0,0,0,0,0,0,0,0,0,0,0,0,0,0,0,0,0,0,0,0,0,128,[84 -64 4 0 0 0 0 0 0 0 0 0 -21 -4 -21 -5 -21 -6 -21 -6 -21 -7 -21 -7 -20 -7 -20 -8 -20 -8 -20 -8 -19 -9 -19 -9 -19 -9 -19 -9 -19 -9 -18 -9 -18 -9 -17 -9 -17 -9 -17 -9 -17 -9 -18 -8 -17 -8 -17 -8 -17 -8 -17 -8 0 0 -17 -7 -17 -7 -17 -7 -16 -6 -16 -6 -17 -6 -17 -5 -17 -5 -17 -5 -18 -4 -18 -4 -17 -4 -18 -4 -18 -4 -17 -3 -17 -3 -17 -2 -18 -2 -18 -2 -18 -2 -18 -1 -18 -1 -18 -1 -19 -1 -19 0 -19 0 0 0 0 0 0 0 0 0 0 0]"
"1773838329826412,CSI_DATA,STATION,00:00:00:00:00:00,0,0,0,0,0,0,0,0,0,0,0,0,0,0,0,0,0,0,0,0,0,128,[84 -64 4 0 0 0 0 0 0 0 0 0 -13 -11 -12 -11 -12 -12 -12 -12 -11 -12 -11 -13 -11 -13 -11 -13 -10 -13 -10 -13 -10 -14 -9 -14 -9 -14 -10 -13 -9 -13 -9 -13 -9 -13 -9 -13 -9 -13 -8 -13 -8 -13 -8 -13 -8 -12 -9 -12 -8 -12 -8 -12 0 0 -9 -11 -8 -11 -9 -11 -9 -11 -9 -11 -9 -10 -9 -10 -9 -10 -10 -10 -10 -10 -11 -10 -10 -9 -10 -9 -10 -9 -11 -9 -11 -9 -11 -9 -11 -9 -11 -9 -12 -8 -11 -8 -12 -8 -12 -8 -13 -8 -12 -8 -13 -8 0 0 0 0 0 0 0 0 0 0]"
"1773838329837438,CSI_DATA,STATION,00:00:00:00:00:00,0,0,0,0,0,0,0,0,0,0,0,0,0,0,0,0,0,0,0,0,0,128,[84 -64 4 0 0 0 0 0 0 0 0 0 -8 13 -9 13 -9 13 -10 12 -10 12 -10 12 -11 12 -11 11 -11 11 -11 11 -12 10 -11 10 -12 11 -11 10 -11 9 -11 10 -11 8 -11 8 -11 9 -11 9 -11 8 -11 8 -11 8 -11 9 -11 9 -10 8 0 0 -10 8 -10 9 -10 9 -10 9 -9 9 -9 9 -10 9 -9 9 -9 9 -9 9 -9 9 -8 9 -8 10 -8 10 -8 10 -8 10 -8 10 -8 10 -8 10 -8 10 -8 10 -8 11 -7 11 -7 11 -7 11 -7 11 0 0 0 0 0 0 0 0 0 0]"
"1773838329841450,CSI_DATA,STATION,00:00:00:00:00:00,0,0,0,0,0,0,0,0,0,0,0,0,0,0,0,0,0,0,0,0,0,128,[84 -64 4 0 0 0 0 0 0 0 0 0 11 -11 11 -10 12 -10 12 -10 12 -9 12 -9 13 -8 13 -8 13 -8 13 -8 13 -7 13 -7 13 -7 13 -7 12 -6 13 -6 12 -6 13 -6 12 -6 12 -6 12 -5 12 -6 12 -6 12 -6 12 -6 12 -6 0 0 11 -6 11 -6 11 -6 11 -6 10 -6 11 -7 11 -7 10 -7 11 -7 10 -7 10 -8 10 -7 10 -8 10 -8 10 -9 10 -8 10 -9 10 -9 10 -9 10 -9 10 -9 9 -10 9 -10 9 -10 9 -10 9 -9 0 0 0 0 0 0 0 0 0 0]"
"1773838329858464,CSI_DATA,STATION,00:00:00:00:00:00,0,0,0,0,0,0,0,0,0,0,0,0,0,0,0,0,0,0,0,0,0,128,[84 -64 4 0 0 0 0 0 0 0 0 0 13 7 13 7 13 8 13 9 12 9 12 8 11 9 12 9 12 10 11 10 11 10 10 10 10 10 10 10 10 10 10 10 9 10 9 10 9 10 9 10 9 10 9 9 9 9 8 9 9 9 9 9 0 0 9 8 9 9 9 9 9 8 9 8 9 8 9 8 10 7 9 7 10 7 10 7 10 7 10 7 11 6 11 6 10 6 11 6 11 5 11 5 11 5 12 5 11 5 12 5 12 5 12 5 11 5 0 0 0 0 0 0 0 0 0 0]"
"1773838329868484,CSI_DATA,STATION,00:00:00:00:00:00,0,0,0,0,0,0,0,0,0,0,0,0,0,0,0,0,0,0,0,0,0,128,[84 -64 4 0 0 0 0 0 0 0 0 0 0 -16 1 -17 1 -17 2 -17 2 -17 3 -17 3 -16 4 -16 4 -16 4 -15 4 -15 5 -15 5 -16 5 -15 4 -15 5 -14 5 -14 5 -14 5 -14 5 -14 5 -14 5 -14 4 -13 4 -14 4 -13 4 -13 0 0 4 -13 4 -13 4 -13 3 -13 3 -13 3 -13 3 -13 3 -14 3 -13 2 -13 1 -13 2 -13 1 -14 2 -14 1 -13 1 -14 1 -14 0 -14 0 -14 0 -14 0 -14 0 -14 -1 -14 -1 -15 -1 -14 -1 -14 0 0 0 0 0 0 0 0 0 0]"
"1773838329878503,CSI_DATA,STATION,00:00:00:00:00:00,0,0,0,0,0,0,0,0,0,0,0,0,0,0,0,0,0,0,0,0,0,128,[84 -64 4 0 0 0 0 0 0 0 0 0 14 8 13 9 13 9 13 10 13 10 13 10 12 11 12 11 11 11 11 11 11 11 11 11 11 11 11 11 10 11 10 12 10 11 10 10 10 11 9 11 9 11 9 10 9 10 9 10 9 10 9 10 0 0 10 9 9 9 10 9 9 8 10 9 10 8 10 8 10 8 10 8 10 7 11 7 11 7 11 7 11 6 11 6 12 6 12 6 12 6 12 6 12 5 11 5 12 6 12 5 13 5 13 5 13 4 0 0 0 0 0 0 0 0 0 0]"
"1773838329891341,CSI_DATA,STATION,00:00:00:00:00:00,0,0,0,0,0,0,0,0,0,0,0,0,0,0,0,0,0,0,0,0,0,128,[84 -64 4 0 0 0 0 0 0 0 0 0 -16 -11 -16 -13 -15 -13 -15 -14 -14 -14 -14 -14 -13 -14 -13 -14 -13 -15 -13 -15 -12 -14 -12 -15 -12 -15 -11 -15 -11 -15 -12 -14 -11 -14 -10 -14 -11 -14 -10 -14 -10 -14 -10 -14 -11 -13 -11 -14 -11 -13 -11 -12 0 0 -11 -12 -11 -12 -11 -12 -11 -11 -11 -11 -11 -11 -11 -11 -12 -11 -12 -10 -12 -10 -13 -9 -13 -9 -13 -10 -13 -10 -13 -9 -13 -9 -13 -9 -14 -8 -14 -8 -14 -8 -15 -8 -15 -8 -15 -7 -15 -7 -15 -7 -15 -6 0 0 0 0 0 0 0 0 0 0]"
"1773838329902365,CSI_DATA,STATION,00:00:00:00:00:00,0,0,0,0,0,0,0,0,0,0,0,0,0,0,0,0,0,0,0,0,0,128,[84 -64 4 0 0 0 0 0 0 0 0 0 -1 -19 0 -20 1 -20 1 -20 2 -20 2 -19 3 -19 3 -19 4 -19 4 -19 5 -18 5 -19 5 -18 5 -18 4 -18 4 -17 4 -17 5 -17 5 -17 5 -17 5 -17 4 -17 4 -16 4 -16 5 -16 4 -16 0 0 4 -15 3 -16 3 -16 3 -15 3 -15 3 -16 2 -15 2 -16 2 -15 1 -16 1 -16 1 -16 1 -16 1 -16 0 -16 0 -15 0 -16 0 -16 0 -16 -1 -16 -1 -16 -1 -16 -1 -16 -2 -17 -2 -16 -2 -16 0 0 0 0 0 0 0 0 0 0]"
"1773838329913887,CSI_DATA,STATION,00:00:00:00:00:00,0,0,0,0,0,0,0,0,0,0,0,0,0,0,0,0,0,0,0,0,0,128,[84 -64 4 0 0 0 0 0 0 0 0 0 -18 2 -18 2 -18 1 -19 0 -19 0 -18 -1 -18 -1 -18 -2 -18 -2 -18 -3 -17 -3 -17 -3 -17 -3 -17 -3 -17 -3 -17 -4 -16 -3 -16 -3 -16 -3 -16 -4 -15 -4 -15 -4 -15 -3 -15 -3 -15 -3 -15 -3 0 0 -15 -3 -15 -3 -15 -2 -15 -2 -14 -2 -15 -2 -14 -2 -14 -2 -14 -1 -15 0 -14 -1 -14 0 -14 0 -14 0 -15 0 -15 1 -15 0 -15 1 -15 1 -14 1 -15 1 -15 2 -15 2 -15 2 -15 2 -15 2 0 0 0 0 0 0 0 0 0 0]"
"1773838329923906,CSI_DATA,STATION,00:00:00:00:00:00,0,0,0,0,0,0,0,0,0,0,0,0,0,0,0,0,0,0,0,0,0,128,[84 -64 4 0 0 0 0 0 0 0 0 0 15 -10 15 -9 15 -9 15 -8 15 -8 16 -7 16 -7 16 -7 16 -6 16 -6 16 -6 16 -5 16 -5 16 -5 15 -5 16 -5 15 -4 15 -4 15 -4 15 -4 15 -4 14 -5 14 -4 14 -4 14 -4 14 -5 0 0 13 -5 13 -5 13 -5 13 -6 13 -6 13 -6 13 -6 12 -6 12 -6 12 -7 12 -7 11 -7 12 -7 11 -8 12 -8 11 -8 11 -8 11 -8 11 -9 11 -9 11 -9 11 -9 11 -10 11 -10 10 -10 10 -10 0 0 0 0 0 0 0 0 0 0]"
"1773838329931833,CSI_DATA,STATION,00:00:00:00:00:00,0,0,0,0,0,0,0,0,0,0,0,0,0,0,0,0,0,0,0,0,0,128,[84 -64 4 0 0 0 0 0 0 0 0 0 -17 -5 -17 -6 -17 -6 -17 -7 -16 -8 -17 -7 -16 -8 -16 -8 -16 -9 -15 -9 -15 -9 -15 -10 -15 -10 -14 -10 -14 -10 -14 -9 -14 -9 -13 -9 -14 -9 -13 -9 -13 -9 -13 -9 -13 -9 -13 -9 -13 -9 -13 -8 0 0 -13 -8 -13 -8 -13 -8 -13 -7 -13 -7 -13 -7 -13 -7 -13 -7 -13 -6 -13 -6 -14 -6 -13 -6 -14 -6 -14 -5 -14 -5 -14 -5 -14 -5 -15 -4 -15 -4 -15 -4 -15 -4 -15 -3 -15 -4 -15 -3 -15 -3 -15 -3 0 0 0 0 0 0 0 0 0 0]"
"1773838329945598,CSI_DATA,STATION,00:00:00:00:00:00,0,0,0,0,0,0,0,0,0,0,0,0,0,0,0,0,0,0,0,0,0,128,[84 -64 4 0 0 0 0 0 0 0 0 0 3 -18 4 -18 4 -17 5 -18 5 -17 6 -17 7 -17 6 -16 6 -16 7 -16 7 -16 7 -16 7 -16 7 -16 8 -16 7 -15 8 -14 7 -14 8 -14 8 -14 7 -14 7 -14 7 -14 7 -14 6 -14 6 -14 0 0 6 -13 5 -14 6 -14 5 -13 5 -14 5 -14 5 -14 5 -14 4 -14 4 -14 3 -14 4 -14 3 -14 3 -15 3 -14 2 -15 3 -15 3 -15 2 -15 2 -15 2 -15 1 -15 1 -15 1 -16 1 -15 1 -15 0 0 0 0 0 0 0 0 0 0]"
"1773838329945598,CSI_DATA,STATION,00:00:00:00:00:00,0,0,0,0,0,0,0,0,0,0,0,0,0,0,0,0,0,0,0,0,0,128,[84 -64 4 0 0 0 0 0 0 0 0 0 8 -15 9 -15 9 -15 10 -15 10 -14 10 -14 10 -13 11 -13 11 -13 11 -13 11 -13 11 -12 11 -13 11 -13 12 -13 11 -12 11 -12 11 -11 11 -12 11 -11 11 -11 11 -11 10 -11 10 -11 10 -11 10 -11 0 0 10 -11 9 -11 9 -12 9 -11 9 -12 9 -12 8 -12 8 -12 8 -12 8 -12 7 -12 7 -12 7 -13 7 -13 7 -13 6 -13 6 -13 6 -13 6 -14 6 -14 6 -13 5 -14 5 -14 5 -15 5 -14 5 -15 0 0 0 0 0 0 0 0 0 0]"
"1773838329961262,CSI_DATA,STATION,00:00:00:00:00:00,0,0,0,0,0,0,0,0,0,0,0,0,0,0,0,0,0,0,0,0,0,128,[84 -64 4 0 0 0 0 0 0 0 0 0 -17 2 -18 1 -17 1 -18 0 -18 0 -18 -1 -17 -1 -17 -2 -17 -2 -17 -2 -17 -2 -17 -3 -17 -3 -17 -3 -17 -3 -16 -4 -16 -3 -16 -3 -16 -4 -15 -4 -15 -4 -15 -4 -15 -4 -16 -3 -15 -3 -15 -3 0 0 -15 -3 -15 -3 -15 -2 -14 -2 -15 -2 -15 -2 -15 -2 -15 -1 -15 -1 -15 -1 -15 0 -14 0 -15 0 -15 0 -15 0 -15 0 -14 1 -15 1 -15 1 -15 1 -15 1 -15 1 -15 2 -15 2 -15 2 -15 3 0 0 0 0 0 0 0 0 0 0]"
"1773838329982629,CSI_DATA,STATION,00:00:00:00:00:00,0,0,0,0,0,0,0,0,0,0,0,0,0,0,0,0,0,0,0,0,0,128,[84 -64 4 0 0 0 0 0 0 0 0 0 -16 0 -16 0 -16 0 -16 -1 -16 -2 -16 -2 -15 -3 -15 -3 -16 -3 -15 -3 -16 -3 -15 -3 -15 -4 -15 -4 -15 -4 -15 -4 -14 -4 -14 -4 -14 -4 -14 -4 -14 -4 -14 -4 -14 -3 -14 -3 -13 -4 -13 -3 0 0 -13 -3 -13 -3 -13 -2 -13 -2 -13 -2 -13 -2 -13 -2 -13 -2 -13 -2 -13 -1 -13 0 -13 0 -13 0 -13 0 -13 0 -13 0 -13 1 -13 1 -14 1 -13 1 -14 1 -14 2 -13 2 -13 2 -13 3 -13 2 0 0 0 0 0 0 0 0 0 0]"
"1773838329992947,CSI_DATA,STATION,00:00:00:00:00:00,0,0,0,0,0,0,0,0,0,0,0,0,0,0,0,0,0,0,0,0,0,128,[84 -64 4 0 0 0 0 0 0 0 0 0 9 -12 9 -12 10 -12 10 -11 10 -11 10 -11 10 -10 11 -10 11 -10 11 -10 11 -10 12 -10 11 -9 11 -9 11 -9 11 -8 11 -8 11 -8 11 -8 11 -8 11 -8 10 -8 11 -8 10 -8 10 -8 10 -8 0 0 10 -8 10 -9 9 -8 10 -9 9 -9 9 -9 9 -9 8 -9 8 -9 8 -9 8 -9 8 -9 8 -10 8 -10 8 -10 7 -10 7 -11 7 -10 7 -11 7 -11 7 -11 7 -11 7 -12 7 -12 7 -11 6 -12 0 0 0 0 0 0 0 0 0 0]"
"1773838329992947,CSI_DATA,STATION,00:00:00:00:00:00,0,0,0,0,0,0,0,0,0,0,0,0,0,0,0,0,0,0,0,0,0,128,[84 -64 4 0 0 0 0 0 0 0 0 0 -5 -16 -4 -17 -3 -17 -3 -17 -3 -17 -2 -17 -1 -17 -1 -17 -1 -16 -1 -17 -1 -16 0 -16 0 -17 0 -17 0 -16 0 -16 0 -15 0 -15 0 -16 1 -16 1 -16 1 -15 0 -15 0 -15 0 -15 0 -15 0 0 0 -15 -1 -15 -1 -15 -1 -14 -1 -15 -1 -15 -1 -15 -1 -14 -1 -14 -2 -14 -3 -14 -3 -14 -3 -14 -3 -14 -3 -14 -4 -14 -4 -14 -4 -14 -4 -14 -4 -14 -4 -14 -5 -14 -5 -14 -6 -14 -5 -14 -6 -14 0 0 0 0 0 0 0 0 0 0]"
"1773838330012039,CSI_DATA,STATION,00:00:00:00:00:00,0,0,0,0,0,0,0,0,0,0,0,0,0,0,0,0,0,0,0,0,0,128,[84 -64 4 0 0 0 0 0 0 0 0 0 -8 -15 -8 -15 -8 -16 -7 -16 -7 -16 -6 -16 -6 -16 -5 -16 -5 -16 -4 -17 -4 -17 -4 -16 -4 -17 -3 -16 -3 -16 -3 -16 -3 -15 -3 -15 -3 -16 -3 -15 -2 -15 -3 -15 -3 -15 -3 -14 -3 -15 -3 -14 0 0 -3 -14 -4 -14 -4 -14 -5 -13 -4 -14 -4 -14 -4 -14 -5 -14 -5 -13 -5 -13 -6 -13 -5 -13 -6 -13 -6 -13 -6 -13 -7 -13 -7 -13 -7 -13 -7 -13 -7 -13 -7 -13 -8 -13 -8 -13 -8 -13 -8 -13 -8 -12 0 0 0 0 0 0 0 0 0 0]"
"1773838330024636,CSI_DATA,STATION,00:00:00:00:00:00,0,0,0,0,0,0,0,0,0,0,0,0,0,0,0,0,0,0,0,0,0,128,[84 -64 4 0 0 0 0 0 0 0 0 0 14 5 14 6 13 6 13 6 13 7 13 7 12 7 12 8 12 8 12 8 12 9 11 8 11 9 11 9 11 9 11 8 10 8 9 8 10 9 10 8 9 8 10 8 10 8 9 8 10 8 10 7 0 0 9 7 10 7 10 7 10 7 9 7 9 7 10 6 10 6 10 6 10 6 10 5 10 5 11 5 10 5 10 5 11 5 11 5 11 4 11 4 11 4 11 4 11 4 11 4 12 4 12 4 12 3 0 0 0 0 0 0 0 0 0 0]"
"1773838330024636,CSI_DATA,STATION,00:00:00:00:00:00,0,0,0,0,0,0,0,0,0,0,0,0,0,0,0,0,0,0,0,0,0,128,[84 -64 4 0 0 0 0 0 0 0 0 0 -4 -17 -4 -17 -3 -17 -2 -18 -2 -18 -1 -17 -1 -17 -1 -17 0 -17 0 -17 0 -17 1 -16 1 -17 1 -17 1 -16 1 -16 1 -16 1 -15 1 -16 2 -16 2 -15 2 -15 1 -15 1 -15 1 -15 1 -14 0 0 1 -14 1 -14 0 -15 0 -14 0 -15 0 -15 0 -14 -1 -14 0 -14 -1 -14 -2 -14 -2 -14 -2 -14 -2 -14 -2 -14 -2 -14 -2 -15 -3 -14 -3 -15 -3 -15 -3 -14 -4 -15 -4 -14 -4 -15 -4 -14 -4 -14 0 0 0 0 0 0 0 0 0 0]"
"1773838330040512,CSI_DATA,STATION,00:00:00:00:00:00,0,0,0,0,0,0,0,0,0,0,0,0,0,0,0,0,0,0,0,0,0,128,[84 -64 4 0 0 0 0 0 0 0 0 0 1 16 0 16 0 16 -1 17 -1 16 -2 16 -2 16 -2 16 -3 16 -3 16 -3 15 -4 15 -4 16 -4 15 -4 15 -4 15 -4 15 -4 14 -4 15 -4 14 -4 14 -4 14 -4 13 -4 14 -4 14 -4 13 0 0 -3 13 -3 14 -3 14 -2 13 -2 13 -2 13 -2 13 -1 13 -1 13 -1 13 -1 13 -1 14 0 13 0 14 0 13 0 14 1 13 1 13 1 14 1 13 1 13 1 14 2 14 2 14 2 14 2 14 0 0 0 0 0 0 0 0 0 0]"
"1773838330056573,CSI_DATA,STATION,00:00:00:00:00:00,0,0,0,0,0,0,0,0,0,0,0,0,0,0,0,0,0,0,0,0,0,128,[84 -64 4 0 0 0 0 0 0 0 0 0 -17 0 -17 0 -17 -1 -17 -1 -17 -2 -17 -2 -17 -3 -17 -3 -17 -4 -17 -3 -16 -4 -16 -4 -17 -4 -16 -4 -16 -4 -15 -5 -16 -5 -15 -4 -15 -5 -15 -5 -15 -5 -15 -5 -14 -4 -14 -4 -14 -4 -14 -4 0 0 -14 -4 -14 -4 -14 -3 -14 -3 -14 -3 -14 -3 -14 -3 -14 -3 -14 -3 -14 -2 -14 -2 -14 -1 -14 -1 -14 -1 -14 -1 -15 -1 -14 -1 -15 0 -15 0 -15 0 -15 1 -15 0 -15 1 -15 1 -15 1 -15 2 0 0 0 0 0 0 0 0 0 0]"
"1773838330068597,CSI_DATA,STATION,00:00:00:00:00:00,0,0,0,0,0,0,0,0,0,0,0,0,0,0,0,0,0,0,0,0,0,128,[84 -64 4 0 0 0 0 0 0 0 0 0 -15 -4 -14 -6 -15 -6 -15 -6 -14 -7 -13 -7 -13 -7 -13 -8 -13 -8 -13 -8 -13 -8 -13 -9 -12 -9 -13 -9 -12 -8 -12 -8 -11 -8 -11 -8 -11 -9 -11 -8 -11 -8 -12 -8 -11 -8 -11 -8 -11 -8 -11 -8 0 0 -11 -7 -11 -7 -11 -7 -11 -7 -11 -6 -11 -7 -11 -7 -11 -6 -12 -6 -12 -6 -12 -5 -12 -5 -12 -5 -12 -5 -12 -5 -12 -4 -12 -5 -12 -4 -13 -4 -13 -4 -13 -4 -13 -4 -13 -4 -13 -3 -13 -3 -13 -3 0 0 0 0 0 0 0 0 0 0]"
"1773838330078358,CSI_DATA,STATION,00:00:00:00:00:00,0,0,0,0,0,0,0,0,0,0,0,0,0,0,0,0,0,0,0,0,0,128,[84 -64 4 0 0 0 0 0 0 0 0 0 12 -8 13 -7 13 -7 14 -6 13 -6 14 -6 14 -5 13 -5 14 -5 13 -4 14 -4 14 -4 14 -3 14 -3 13 -3 13 -3 13 -3 13 -3 13 -3 13 -3 13 -2 12 -3 13 -3 13 -3 12 -3 12 -3 0 0 12 -3 12 -3 12 -3 12 -4 12 -4 11 -4 11 -4 11 -4 11 -4 11 -5 11 -5 11 -5 11 -5 11 -5 11 -5 11 -5 11 -6 11 -6 11 -6 11 -6 11 -6 10 -7 11 -7 11 -8 11 -7 11 -7 0 0 0 0 0 0 0 0 0 0]"
"1773838330088117,CSI_DATA,STATION,00:00:00:00:00:00,0,0,0,0,0,0,0,0,0,0,0,0,0,0,0,0,0,0,0,0,0,128,[84 -64 4 0 0 0 0 0 0 0 0 0 16 0 16 1 17 2 16 2 16 2 15 3 16 3 15 4 16 4 15 4 16 4 15 5 15 5 15 4 15 5 15 5 14 5 14 5 14 5 13 5 13 5 14 5 13 5 14 4 13 4 13 4 0 0 13 4 13 4 13 3 13 3 13 3 13 3 13 3 13 2 13 2 13 1 13 1 13 1 13 1 13 1 14 0 14 0 14 0 14 0 14 0 14 -1 14 -1 14 -1 14 -1 15 -2 14 -2 14 -2 0 0 0 0 0 0 0 0 0 0]"
"1773838330100140,CSI_DATA,STATION,00:00:00:00:00:00,0,0,0,0,0,0,0,0,0,0,0,0,0,0,0,0,0,0,0,0,0,128,[84 -64 4 0 0 0 0 0 0 0 0 0 -13 -12 -12 -13 -12 -13 -12 -14 -12 -14 -11 -14 -10 -14 -10 -15 -10 -15 -9 -15 -9 -15 -8 -15 -9 -16 -8 -15 -8 -15 -8 -15 -7 -15 -7 -14 -8 -15 -7 -15 -7 -14 -7 -14 -7 -14 -7 -14 -7 -14 -7 -14 0 0 -7 -13 -8 -13 -8 -13 -8 -12 -8 -13 -8 -13 -8 -13 -8 -12 -8 -12 -9 -12 -9 -11 -9 -12 -9 -12 -9 -12 -10 -11 -10 -11 -10 -11 -10 -12 -10 -11 -11 -11 -11 -11 -11 -11 -11 -11 -12 -11 -11 -11 -12 -11 0 0 0 0 0 0 0 0 0 0]"
"1773838330111908,CSI_DATA,STATION,00:00:00:00:00:00,0,0,0,0,0,0,0,0,0,0,0,0,0,0,0,0,0,0,0,0,0,128,[84 -64 4 0 0 0 0 0 0 0 0 0 -13 -12 -12 -13 -12 -14 -12 -14 -11 -14 -11 -14 -10 -14 -10 -15 -9 -15 -9 -15 -9 -15 -9 -15 -8 -16 -9 -15 -8 -15 -8 -15 -7 -14 -7 -14 -8 -15 -7 -14 -7 -15 -7 -14 -7 -14 -7 -14 -7 -14 -7 -13 0 0 -8 -13 -8 -13 -8 -13 -8 -12 -8 -13 -8 -13 -8 -12 -8 -12 -8 -12 -9 -11 -9 -11 -9 -11 -9 -11 -10 -11 -10 -11 -10 -11 -10 -11 -10 -11 -10 -11 -10 -11 -11 -10 -11 -11 -11 -10 -12 -10 -11 -10 -12 -10 0 0 0 0 0 0 0 0 0 0]"
"1773838330121667,CSI_DATA,STATION,00:00:00:00:00:00,0,0,0,0,0,0,0,0,0,0,0,0,0,0,0,0,0,0,0,0,0,128,[84 -64 4 0 0 0 0 0 0 0 0 0 -14 10 -14 10 -15 9 -15 9 -15 8 -15 8 -16 7 -16 7 -16 7 -16 6 -16 6 -16 6 -16 6 -16 5 -16 5 -16 5 -15 5 -15 5 -15 5 -15 4 -15 4 -15 4 -14 5 -14 5 -14 5 -14 5 0 0 -14 5 -14 5 -13 6 -13 5 -13 6 -14 5 -13 6 -13 6 -13 6 -12 7 -12 7 -12 7 -12 8 -12 8 -12 8 -12 8 -11 8 -12 9 -11 9 -11 9 -12 9 -12 9 -11 10 -11 10 -11 10 -11 10 0 0 0 0 0 0 0 0 0 0]"
"1773838330131692,CSI_DATA,STATION,00:00:00:00:00:00,0,0,0,0,0,0,0,0,0,0,0,0,0,0,0,0,0,0,0,0,0,128,[84 -64 4 0 0 0 0 0 0 0 0 0 2 16 2 16 1 16 1 16 0 17 0 16 -1 16 -1 16 -1 16 -1 16 -2 16 -1 16 -2 16 -2 16 -2 15 -3 15 -3 15 -2 15 -2 15 -2 15 -3 15 -2 15 -2 14 -2 14 -2 14 -1 14 0 0 -1 14 -1 14 -1 14 0 13 0 14 0 13 0 13 0 13 0 13 1 13 2 13 2 13 1 13 2 13 2 13 2 13 3 13 3 13 3 13 3 13 4 13 3 13 4 13 4 13 5 13 4 13 0 0 0 0 0 0 0 0 0 0]"
"1773838330137770,CSI_DATA,STATION,00:00:00:00:00:00,0,0,0,0,0,0,0,0,0,0,0,0,0,0,0,0,0,0,0,0,0,128,[84 -64 4 0 0 0 0 0 0 0 0 0 -17 -3 -17 -4 -17 -4 -17 -5 -17 -6 -16 -6 -16 -6 -16 -6 -16 -7 -15 -8 -15 -7 -15 -8 -15 -8 -14 -8 -14 -8 -14 -8 -13 -7 -13 -8 -13 -8 -13 -7 -13 -8 -13 -8 -13 -7 -13 -7 -13 -7 -13 -7 0 0 -13 -7 -13 -6 -13 -7 -13 -6 -12 -6 -13 -6 -13 -6 -13 -6 -13 -5 -13 -5 -13 -5 -13 -4 -13 -5 -13 -4 -13 -4 -13 -4 -14 -4 -14 -4 -14 -4 -14 -4 -14 -3 -14 -3 -14 -3 -14 -3 -14 -3 -14 -3 0 0 0 0 0 0 0 0 0 0]"
"1773838330159712,CSI_DATA,STATION,00:00:00:00:00:00,0,0,0,0,0,0,0,0,0,0,0,0,0,0,0,0,0,0,0,0,0,128,[84 -64 4 0 0 0 0 0 0 0 0 0 -14 -9 -13 -9 -14 -10 -13 -10 -13 -11 -12 -11 -12 -11 -12 -11 -11 -11 -11 -12 -11 -12 -11 -12 -11 -12 -10 -12 -10 -12 -10 -12 -9 -11 -9 -12 -9 -12 -9 -12 -9 -11 -9 -12 -9 -11 -9 -11 -9 -11 -9 -11 0 0 -9 -10 -9 -11 -9 -10 -10 -10 -9 -10 -10 -9 -10 -9 -10 -9 -10 -9 -11 -9 -11 -8 -10 -8 -10 -8 -11 -8 -11 -8 -11 -8 -11 -8 -11 -8 -12 -8 -12 -8 -12 -7 -12 -8 -12 -7 -12 -7 -12 -7 -12 -7 0 0 0 0 0 0 0 0 0 0]"
"1773838330171743,CSI_DATA,STATION,00:00:00:00:00:00,0,0,0,0,0,0,0,0,0,0,0,0,0,0,0,0,0,0,0,0,0,128,[84 -64 4 0 0 0 0 0 0 0 0 0 6 -16 7 -16 7 -16 7 -16 8 -16 8 -15 9 -15 9 -15 9 -15 9 -14 10 -14 10 -14 10 -13 10 -13 10 -14 9 -13 9 -12 9 -12 10 -13 9 -13 9 -12 9 -12 9 -11 9 -12 9 -12 8 -12 0 0 8 -12 8 -12 8 -12 7 -12 7 -12 7 -13 7 -13 6 -13 6 -13 6 -12 5 -13 6 -13 5 -13 5 -13 5 -13 5 -13 5 -14 5 -14 4 -14 4 -14 4 -14 4 -15 4 -15 4 -15 3 -14 3 -15 0 0 0 0 0 0 0 0 0 0]"
"1773838330179761,CSI_DATA,STATION,00:00:00:00:00:00,0,0,0,0,0,0,0,0,0,0,0,0,0,0,0,0,0,0,0,0,0,128,[84 -64 4 0 0 0 0 0 0 0 0 0 11 10 11 10 10 11 10 11 10 11 9 11 9 12 8 12 9 12 8 12 8 12 8 13 7 13 7 12 6 12 7 12 6 12 6 12 6 12 6 12 6 12 6 12 6 11 6 11 6 11 6 11 0 0 6 11 6 11 6 11 6 10 6 10 6 10 6 10 7 10 7 10 7 9 8 10 7 10 7 10 8 9 8 9 8 9 8 10 8 9 9 9 9 9 8 9 9 9 9 9 9 9 9 9 9 9 0 0 0 0 0 0 0 0 0 0]"
"1773838330189522,CSI_DATA,STATION,00:00:00:00:00:00,0,0,0,0,0,0,0,0,0,0,0,0,0,0,0,0,0,0,0,0,0,128,[84 -64 4 0 0 0 0 0 0 0 0 0 -18 3 -18 2 -18 2 -18 1 -18 1 -19 1 -18 0 -18 0 -18 0 -17 -2 -18 -1 -18 -2 -18 -2 -17 -2 -17 -2 -17 -2 -17 -2 -16 -2 -16 -2 -16 -3 -16 -3 -16 -2 -16 -2 -15 -2 -16 -3 -16 -2 0 0 -15 -1 -15 -1 -15 -1 -15 -1 -15 -1 -15 -1 -15 -1 -15 -1 -15 0 -15 0 -15 1 -15 1 -15 1 -15 1 -15 2 -15 2 -15 2 -15 2 -15 2 -15 2 -15 2 -15 2 -15 3 -15 3 -15 3 -15 3 0 0 0 0 0 0 0 0 0 0]"
"1773838330201286,CSI_DATA,STATION,00:00:00:00:00:00,0,0,0,0,0,0,0,0,0,0,0,0,0,0,0,0,0,0,0,0,0,128,[84 -64 4 0 0 0 0 0 0 0 0 0 2 18 1 18 1 18 0 18 -1 18 -1 18 -1 17 -2 17 -2 17 -3 18 -3 18 -3 17 -4 18 -3 17 -3 17 -4 16 -4 16 -3 16 -4 16 -4 16 -4 16 -3 16 -3 15 -3 15 -3 15 -3 14 0 0 -3 14 -2 15 -2 15 -2 14 -2 15 -1 14 -1 14 -1 15 -1 14 -1 14 0 15 0 14 1 15 1 15 1 14 1 14 2 15 2 14 2 14 2 14 1 15 2 15 3 15 3 15 3 14 3 15 0 0 0 0 0 0 0 0 0 0]"
"1773838330211808,CSI_DATA,STATION,00:00:00:00:00:00,0,0,0,0,0,0,0,0,0,0,0,0,0,0,0,0,0,0,0,0,0,128,[84 -64 4 0 0 0 0 0 0 0 0 0 -27 -6 -28 -7 -27 -7 -27 -9 -26 -9 -27 -10 -25 -10 -26 -11 -25 -11 -24 -12 -24 -12 -24 -11 -24 -12 -24 -13 -23 -12 -23 -12 -22 -13 -22 -12 -22 -13 -21 -12 -21 -12 -20 -12 -21 -11 -21 -11 -21 -10 -21 -11 0 0 -21 -10 -20 -9 -21 -9 -20 -9 -21 -9 -21 -8 -20 -7 -21 -7 -21 -7 -20 -6 -21 -5 -21 -5 -21 -5 -22 -5 -21 -5 -22 -4 -21 -4 -22 -4 -22 -3 -22 -3 -22 -4 -22 -3 -22 -2 -22 -1 -22 -1 -23 -1 0 0 0 0 0 0 0 0 0 0]"
"1773838330222858,CSI_DATA,STATION,00:00:00:00:00:00,0,0,0,0,0,0,0,0,0,0,0,0,0,0,0,0,0,0,0,0,0,128,[84 -64 4 0 0 0 0 0 0 0 0 0 1 16 0 17 0 17 -1 17 -1 17 -1 17 -2 16 -3 16 -2 16 -3 16 -4 16 -4 16 -3 17 -4 16 -4 16 -4 15 -4 15 -3 14 -4 15 -4 15 -4 14 -3 14 -4 14 -3 14 -3 14 -3 14 0 0 -3 13 -2 14 -2 14 -2 14 -2 14 -2 13 -2 13 -1 13 -1 13 -1 13 0 13 0 13 1 14 0 14 1 13 1 13 1 14 2 13 1 13 1 13 2 14 3 14 2 14 3 14 3 13 3 13 0 0 0 0 0 0 0 0 0 0]"
"1773838330230872,CSI_DATA,STATION,00:00:00:00:00:00,0,0,0,0,0,0,0,0,0,0,0,0,0,0,0,0,0,0,0,0,0,128,[84 -64 4 0 0 0 0 0 0 0 0 0 12 8 12 9 12 10 12 10 11 10 11 10 11 11 10 11 10 11 10 11 10 11 10 11 9 11 9 11 9 11 9 11 8 11 8 10 8 11 8 11 8 11 8 10 8 10 8 10 8 10 8 10 0 0 8 9 9 9 8 9 9 8 8 9 9 8 9 9 8 8 9 8 9 7 10 7 9 7 10 7 10 7 10 7 10 7 10 6 10 6 11 6 10 6 10 6 11 6 10 6 11 5 11 5 11 5 0 0 0 0 0 0 0 0 0 0]"
"1773838330230872,CSI_DATA,STATION,00:00:00:00:00:00,0,0,0,0,0,0,0,0,0,0,0,0,0,0,0,0,0,0,0,0,0,128,[84 -64 4 0 0 0 0 0 0 0 0 0 11 -13 12 -13 13 -13 13 -12 13 -12 13 -11 14 -11 14 -11 14 -11 14 -9 15 -9 14 -9 14 -9 14 -9 14 -9 14 -8 13 -8 14 -8 13 -8 13 -8 13 -8 13 -8 13 -8 13 -8 12 -8 12 -8 0 0 12 -8 12 -8 12 -9 11 -9 11 -9 11 -9 11 -9 10 -9 10 -9 10 -9 10 -9 10 -9 10 -10 10 -10 10 -11 9 -10 9 -11 9 -11 9 -11 9 -11 9 -11 8 -12 9 -12 8 -12 8 -12 8 -12 0 0 0 0 0 0 0 0 0 0]"
"1773838330246637,CSI_DATA,STATION,00:00:00:00:00:00,0,0,0,0,0,0,0,0,0,0,0,0,0,0,0,0,0,0,0,0,0,128,[84 -64 4 0 0 0 0 0 0 0 0 0 -7 -17 -6 -16 -5 -17 -5 -17 -5 -18 -4 -17 -4 -17 -3 -17 -3 -17 -3 -18 -2 -17 -2 -17 -2 -18 -2 -17 -2 -17 -2 -17 -2 -16 -2 -16 -2 -16 -1 -16 -2 -16 -2 -16 -2 -15 -2 -15 -2 -15 -2 -15 0 0 -3 -15 -3 -15 -3 -15 -3 -14 -4 -14 -4 -14 -4 -14 -4 -14 -4 -14 -5 -14 -5 -13 -5 -14 -5 -14 -5 -14 -6 -13 -6 -13 -6 -14 -7 -13 -7 -13 -7 -13 -7 -13 -8 -13 -8 -13 -8 -13 -8 -13 -8 -13 0 0 0 0 0 0 0 0 0 0]"
"1773838330262415,CSI_DATA,STATION,00:00:00:00:00:00,0,0,0,0,0,0,0,0,0,0,0,0,0,0,0,0,0,0,0,0,0,128,[84 -64 4 0 0 0 0 0 0 0 0 0 16 -5 16 -4 17 -3 17 -3 17 -2 17 -2 17 -1 17 -1 17 0 17 -1 16 0 16 0 16 0 16 0 16 0 16 1 15 1 15 1 15 0 15 1 15 1 15 0 14 0 15 0 15 0 14 0 0 0 14 0 14 0 14 -1 13 -1 13 -1 14 -1 13 -1 13 -2 14 -2 14 -2 14 -3 13 -3 13 -3 13 -4 13 -4 13 -4 13 -4 13 -5 14 -4 13 -5 13 -5 13 -5 13 -6 13 -6 13 -6 13 -7 0 0 0 0 0 0 0 0 0 0]"
"1773838330271535,CSI_DATA,STATION,00:00:00:00:00:00,0,0,0,0,0,0,0,0,0,0,0,0,0,0,0,0,0,0,0,0,0,128,[84 -64 4 0 0 0 0 0 0 0 0 0 13 12 12 13 12 14 12 14 11 14 11 15 10 15 10 15 10 15 9 16 9 15 9 15 9 16 8 16 8 16 8 15 7 15 7 14 7 15 7 15 7 15 7 14 7 14 7 14 7 14 7 13 0 0 7 13 8 14 8 14 8 13 8 13 8 13 8 13 8 13 8 12 8 12 9 11 9 12 9 12 10 12 9 11 10 11 10 11 10 10 10 11 10 11 11 11 11 11 11 11 12 10 11 10 11 10 0 0 0 0 0 0 0 0 0 0]"
"1773838330278066,CSI_DATA,STATION,00:00:00:00:00:00,0,0,0,0,0,0,0,0,0,0,0,0,0,0,0,0,0,0,0,0,0,128,[84 -64 4 0 0 0 0 0 0 0 0 0 4 16 4 16 3 17 2 17 2 17 1 17 1 16 0 16 0 16 0 17 0 16 -1 16 -1 16 -1 16 -2 16 -2 16 -1 16 -2 15 -1 15 -2 15 -2 15 -2 14 -2 14 -1 15 -1 14 -1 14 0 0 -1 14 -1 14 -1 14 0 13 -1 14 0 14 -1 14 0 13 0 13 1 13 1 13 1 14 2 14 2 14 2 14 2 14 2 14 2 13 3 14 2 13 2 14 3 14 3 14 4 14 3 13 4 14 0 0 0 0 0 0 0 0 0 0]"
"1773838330278066,CSI_DATA,STATION,00:00:00:00:00:00,0,0,0,0,0,0,0,0,0,0,0,0,0,0,0,0,0,0,0,0,0,128,[84 -64 4 0 0 0 0 0 0 0 0 0 12 -12 12 -11 12 -11 13 -11 13 -11 13 -10 14 -9 14 -9 14 -9 14 -9 14 -8 14 -8 14 -8 14 -8 14 -8 14 -7 14 -7 14 -6 13 -7 14 -7 13 -7 13 -7 13 -7 13 -7 13 -7 13 -7 0 0 12 -7 12 -7 12 -8 12 -7 12 -7 12 -8 11 -8 11 -8 11 -8 11 -8 11 -9 10 -9 10 -9 10 -9 11 -9 11 -9 11 -10 10 -10 10 -10 10 -10 10 -10 10 -11 10 -11 10 -12 9 -11 10 -11 0 0 0 0 0 0 0 0 0 0]"
"1773838330304104,CSI_DATA,STATION,00:00:00:00:00:00,0,0,0,0,0,0,0,0,0,0,0,0,0,0,0,0,0,0,0,0,0,128,[84 -64 4 0 0 0 0 0 0 0 0 0 9 -14 10 -14 10 -14 10 -14 11 -13 11 -12 11 -12 12 -12 12 -12 11 -12 12 -11 13 -11 12 -11 12 -11 12 -10 12 -10 11 -10 11 -9 11 -10 12 -10 11 -9 12 -10 11 -9 10 -10 10 -10 11 -10 0 0 11 -10 10 -10 10 -10 10 -10 9 -10 9 -10 9 -11 9 -11 8 -11 8 -11 8 -11 8 -11 8 -12 8 -12 7 -12 7 -12 7 -12 7 -12 7 -12 7 -13 7 -12 6 -13 7 -13 6 -14 6 -13 6 -13 0 0 0 0 0 0 0 0 0 0]"
"1773838330317414,CSI_DATA,STATION,00:00:00:00:00:00,0,0,0,0,0,0,0,0,0,0,0,0,0,0,0,0,0,0,0,0,0,128,[84 -64 4 0 0 0 0 0 0 0 0 0 -10 -13 -9 -14 -9 -15 -9 -15 -8 -15 -7 -15 -7 -15 -7 -15 -7 -16 -6 -16 -6 -16 -5 -16 -6 -16 -6 -16 -6 -16 -5 -15 -5 -15 -4 -15 -5 -16 -5 -15 -5 -15 -5 -15 -5 -14 -5 -14 -5 -14 -4 -14 0 0 -5 -14 -5 -14 -5 -14 -5 -13 -6 -14 -6 -14 -6 -13 -6 -13 -6 -13 -6 -13 -7 -13 -7 -13 -7 -13 -7 -12 -7 -12 -7 -13 -8 -13 -8 -13 -8 -13 -8 -12 -8 -12 -9 -13 -9 -12 -9 -12 -9 -12 -9 -12 0 0 0 0 0 0 0 0 0 0]"
"1773838330327809,CSI_DATA,STATION,00:00:00:00:00:00,0,0,0,0,0,0,0,0,0,0,0,0,0,0,0,0,0,0,0,0,0,128,[84 -64 4 0 0 0 0 0 0 0 0 0 -17 -3 -17 -3 -17 -4 -17 -4 -17 -5 -16 -5 -16 -6 -16 -6 -16 -6 -15 -6 -15 -7 -15 -7 -15 -7 -15 -7 -15 -7 -14 -7 -14 -7 -14 -7 -14 -7 -14 -7 -14 -7 -14 -7 -13 -7 -14 -7 -14 -6 -13 -7 0 0 -13 -6 -13 -6 -13 -6 -13 -6 -13 -5 -13 -5 -13 -5 -14 -5 -13 -5 -13 -4 -14 -4 -14 -4 -14 -4 -14 -3 -14 -3 -14 -3 -14 -3 -15 -3 -14 -3 -14 -3 -15 -2 -15 -2 -15 -2 -15 -2 -15 -2 -15 -1 0 0 0 0 0 0 0 0 0 0]"
"1773838330345011,CSI_DATA,STATION,00:00:00:00:00:00,0,0,0,0,0,0,0,0,0,0,0,0,0,0,0,0,0,0,0,0,0,128,[84 -64 4 0 0 0 0 0 0 0 0 0 2 -17 3 -17 3 -17 3 -16 4 -17 4 -16 5 -16 5 -15 5 -16 6 -15 6 -15 6 -15 6 -15 6 -15 6 -15 6 -14 6 -14 6 -13 6 -14 6 -14 6 -14 6 -14 6 -13 5 -13 6 -13 5 -13 0 0 5 -13 5 -13 5 -13 4 -13 4 -13 4 -14 4 -13 3 -14 3 -13 3 -13 3 -13 2 -13 3 -14 2 -14 2 -14 2 -14 1 -14 1 -14 1 -14 1 -14 1 -14 0 -15 0 -15 0 -15 0 -15 0 -15 0 0 0 0 0 0 0 0 0 0]"
"1773838330355029,CSI_DATA,STATION,00:00:00:00:00:00,0,0,0,0,0,0,0,0,0,0,0,0,0,0,0,0,0,0,0,0,0,128,[84 -64 4 0 0 0 0 0 0 0 0 0 11 -12 12 -12 12 -11 13 -11 12 -11 13 -10 13 -10 13 -9 13 -9 13 -9 13 -9 14 -8 14 -8 13 -8 13 -8 13 -8 13 -7 13 -7 13 -8 13 -7 12 -7 13 -7 12 -7 12 -7 12 -7 12 -7 0 0 11 -7 11 -8 11 -8 11 -8 11 -8 11 -8 10 -9 10 -9 10 -8 10 -8 10 -9 9 -9 10 -9 10 -10 9 -10 10 -10 9 -10 9 -11 9 -11 9 -11 9 -11 8 -11 8 -11 8 -12 8 -12 8 -12 0 0 0 0 0 0 0 0 0 0]"
"1773838330367056,CSI_DATA,STATION,00:00:00:00:00:00,0,0,0,0,0,0,0,0,0,0,0,0,0,0,0,0,0,0,0,0,0,128,[84 -64 4 0 0 0 0 0 0 0 0 0 -7 14 -7 15 -8 15 -9 14 -9 13 -9 13 -10 13 -9 13 -9 13 -10 12 -11 12 -11 12 -11 12 -11 12 -11 12 -11 11 -11 11 -11 10 -10 11 -10 11 -10 10 -10 11 -10 10 -10 10 -10 10 -10 10 0 0 -10 10 -9 10 -9 10 -9 10 -8 11 -8 10 -8 11 -8 11 -8 10 -8 10 -8 11 -8 11 -7 11 -7 12 -7 11 -7 12 -7 12 -7 12 -6 12 -6 12 -6 12 -6 12 -6 12 -5 13 -6 13 -6 13 0 0 0 0 0 0 0 0 0 0]"
"1773838330372808,CSI_DATA,STATION,00:00:00:00:00:00,0,0,0,0,0,0,0,0,0,0,0,0,0,0,0,0,0,0,0,0,0,128,[84 -64 4 0 0 0 0 0 0 0 0 0 14 -11 14 -11 15 -10 15 -10 15 -9 16 -9 16 -8 16 -8 16 -7 16 -7 16 -7 16 -6 17 -6 16 -6 16 -6 16 -5 16 -5 15 -5 15 -5 16 -5 15 -5 15 -5 14 -5 14 -5 14 -5 14 -5 0 0 14 -5 13 -6 14 -7 13 -6 13 -6 13 -7 13 -6 13 -7 13 -7 12 -7 13 -7 12 -8 13 -8 13 -8 12 -8 12 -9 12 -9 12 -9 12 -10 12 -9 12 -10 12 -10 12 -10 12 -11 12 -11 12 -11 0 0 0 0 0 0 0 0 0 0]"
"1773838330392565,CSI_DATA,STATION,00:00:00:00:00:00,0,0,0,0,0,0,0,0,0,0,0,0,0,0,0,0,0,0,0,0,0,128,[84 -64 4 0 0 0 0 0 0 0 0 0 -10 -12 -9 -12 -9 -13 -9 -14 -8 -13 -8 -13 -7 -13 -7 -14 -7 -13 -6 -14 -6 -14 -6 -14 -6 -14 -5 -14 -6 -14 -5 -14 -5 -13 -5 -13 -5 -13 -5 -13 -5 -13 -5 -13 -5 -13 -5 -13 -5 -13 -5 -12 0 0 -5 -12 -6 -12 -6 -12 -6 -11 -6 -12 -6 -12 -6 -11 -6 -12 -7 -11 -7 -11 -7 -11 -7 -11 -7 -11 -8 -11 -7 -10 -8 -10 -8 -11 -8 -10 -9 -10 -9 -10 -9 -10 -9 -10 -9 -10 -10 -10 -9 -10 -9 -10 0 0 0 0 0 0 0 0 0 0]"
"1773838330400584,CSI_DATA,STATION,00:00:00:00:00:00,0,0,0,0,0,0,0,0,0,0,0,0,0,0,0,0,0,0,0,0,0,128,[84 -64 4 0 0 0 0 0 0 0 0 0 12 8 11 8 11 9 10 9 11 10 10 9 10 11 9 10 9 11 9 11 9 11 9 11 8 11 8 11 8 11 8 11 7 10 7 11 7 11 7 11 7 11 7 10 7 10 7 10 7 10 7 10 0 0 6 10 7 10 7 9 8 9 7 9 7 9 7 9 8 9 7 9 8 8 8 8 8 8 8 8 8 8 9 8 8 7 9 8 9 8 9 8 9 8 10 8 9 8 10 8 10 7 10 7 10 7 0 0 0 0 0 0 0 0 0 0]"
"1773838330411857,CSI_DATA,STATION,00:00:00:00:00:00,0,0,0,0,0,0,0,0,0,0,0,0,0,0,0,0,0,0,0,0,0,128,[84 -64 4 0 0 0 0 0 0 0 0 0 -15 -5 -15 -5 -15 -6 -15 -6 -14 -7 -14 -7 -14 -7 -13 -8 -13 -8 -13 -8 -13 -8 -13 -8 -13 -9 -13 -9 -12 -9 -12 -9 -12 -9 -12 -8 -11 -9 -11 -9 -11 -9 -11 -9 -11 -8 -11 -8 -11 -8 -11 -8 0 0 -11 -8 -11 -8 -11 -8 -11 -7 -11 -7 -11 -7 -11 -7 -11 -7 -11 -7 -11 -6 -12 -6 -12 -6 -12 -5 -12 -6 -12 -6 -12 -5 -12 -5 -12 -5 -13 -5 -12 -5 -13 -5 -13 -5 -13 -4 -13 -4 -13 -4 -14 -4 0 0 0 0 0 0 0 0 0 0]"
"1773838330420213,CSI_DATA,STATION,00:00:00:00:00:00,0,0,0,0,0,0,0,0,0,0,0,0,0,0,0,0,0,0,0,0,0,128,[84 -64 4 0 0 0 0 0 0 0 0 0 15 -7 16 -7 16 -6 16 -6 16 -5 16 -5 16 -4 16 -4 16 -3 16 -3 16 -3 16 -2 16 -3 16 -2 16 -2 16 -2 15 -1 15 -2 15 -1 14 -1 15 -1 15 -1 14 -1 14 -2 14 -1 15 -2 0 0 14 -2 14 -2 14 -2 13 -2 13 -2 13 -3 13 -3 13 -3 13 -3 13 -3 13 -4 13 -4 13 -4 14 -4 13 -4 13 -5 13 -5 13 -5 13 -5 13 -5 13 -6 13 -6 13 -6 13 -6 13 -6 13 -7 0 0 0 0 0 0 0 0 0 0]"
"1773838330420213,CSI_DATA,STATION,00:00:00:00:00:00,0,0,0,0,0,0,0,0,0,0,0,0,0,0,0,0,0,0,0,0,0,128,[84 -64 4 0 0 0 0 0 0 0 0 0 -4 16 -4 16 -5 16 -5 16 -5 16 -6 15 -6 15 -7 16 -7 15 -7 15 -8 15 -8 14 -8 14 -8 14 -7 14 -8 14 -7 13 -8 13 -7 13 -7 13 -7 13 -7 13 -7 13 -7 13 -7 13 -7 13 0 0 -6 13 -6 13 -6 13 -6 13 -5 13 -5 13 -5 13 -5 13 -5 13 -4 13 -4 13 -4 13 -3 14 -3 13 -3 14 -3 13 -2 14 -2 14 -2 14 -2 14 -2 14 -1 15 -1 14 -1 14 -1 14 -1 14 0 0 0 0 0 0 0 0 0 0]"
"1773838330435983,CSI_DATA,STATION,00:00:00:00:00:00,0,0,0,0,0,0,0,0,0,0,0,0,0,0,0,0,0,0,0,0,0,128,[84 -64 4 0 0 0 0 0 0 0 0 0 3 16 3 16 2 17 2 17 1 17 1 17 1 16 0 17 0 16 -1 16 -1 17 -2 16 -2 17 -2 16 -2 16 -2 16 -2 15 -2 15 -2 16 -2 15 -2 15 -2 15 -2 14 -2 15 -2 15 -2 14 0 0 -2 14 -2 14 -1 15 -1 14 -1 14 -1 14 -1 14 0 14 0 13 0 14 0 14 0 14 1 14 1 14 1 14 1 14 2 14 2 14 2 14 2 13 2 14 2 15 3 14 3 15 3 14 3 14 0 0 0 0 0 0 0 0 0 0]"
"1773838330451798,CSI_DATA,STATION,00:00:00:00:00:00,0,0,0,0,0,0,0,0,0,0,0,0,0,0,0,0,0,0,0,0,0,128,[84 -64 4 0 0 0 0 0 0 0 0 0 -5 -21 -5 -22 -4 -22 -3 -22 -2 -23 -2 -22 -1 -22 -1 -22 0 -22 0 -22 1 -22 1 -22 1 -22 1 -22 1 -21 1 -21 1 -20 1 -20 2 -21 2 -20 1 -20 1 -20 2 -19 1 -19 1 -20 1 -19 0 0 0 -18 0 -19 0 -19 0 -18 0 -19 -1 -19 -1 -18 -1 -19 -2 -18 -2 -18 -2 -18 -3 -18 -3 -18 -3 -19 -3 -18 -4 -18 -4 -18 -4 -19 -4 -18 -5 -18 -5 -18 -6 -19 -5 -19 -6 -19 -6 -18 -6 -18 0 0 0 0 0 0 0 0 0 0]"
"1773838330451798,CSI_DATA,STATION,00:00:00:00:00:00,0,0,0,0,0,0,0,0,0,0,0,0,0,0,0,0,0,0,0,0,0,128,[84 -64 4 0 0 0 0 0 0 0 0 0 5 -17 5 -17 5 -17 6 -17 6 -17 7 -16 7 -16 8 -15 8 -16 8 -15 8 -14 9 -14 9 -15 9 -15 9 -14 8 -14 8 -13 8 -13 8 -14 8 -13 9 -13 8 -13 8 -13 8 -13 8 -13 8 -13 0 0 8 -13 7 -13 6 -13 7 -13 6 -13 6 -13 6 -14 6 -13 6 -13 5 -13 5 -13 5 -13 4 -14 4 -14 4 -14 4 -14 4 -14 3 -14 3 -14 3 -15 3 -14 2 -15 3 -15 2 -15 2 -15 2 -15 0 0 0 0 0 0 0 0 0 0]"
"1773838330469613,CSI_DATA,STATION,00:00:00:00:00:00,0,0,0,0,0,0,0,0,0,0,0,0,0,0,0,0,0,0,0,0,0,128,[84 -64 4 0 0 0 0 0 0 0 0 0 0 -17 1 -18 2 -18 2 -18 2 -17 3 -17 4 -17 4 -17 5 -16 4 -16 5 -16 5 -16 5 -16 5 -16 5 -16 5 -15 5 -15 5 -14 5 -15 6 -15 5 -14 5 -14 5 -14 5 -15 5 -14 4 -14 0 0 5 -14 4 -14 4 -14 4 -13 4 -14 3 -14 3 -14 3 -14 3 -13 2 -14 2 -14 2 -14 2 -14 1 -14 2 -14 1 -14 1 -14 1 -14 1 -14 1 -14 1 -15 0 -15 0 -15 -1 -16 0 -15 -1 -15 0 0 0 0 0 0 0 0 0 0]"
"1773838330483312,CSI_DATA,STATION,00:00:00:00:00:00,0,0,0,0,0,0,0,0,0,0,0,0,0,0,0,0,0,0,0,0,0,128,[84 -64 4 0 0 0 0 0 0 0 0 0 -11 -14 -10 -14 -10 -15 -10 -15 -9 -15 -8 -14 -8 -15 -8 -15 -7 -15 -7 -15 -7 -15 -7 -15 -7 -15 -6 -15 -6 -15 -6 -15 -5 -14 -6 -15 -6 -14 -5 -14 -5 -14 -5 -14 -5 -14 -6 -14 -6 -14 -6 -13 0 0 -6 -13 -6 -13 -6 -13 -7 -12 -6 -13 -6 -12 -7 -13 -6 -12 -7 -12 -7 -12 -8 -11 -8 -11 -8 -11 -8 -11 -8 -11 -9 -11 -9 -11 -9 -11 -9 -11 -9 -11 -9 -11 -10 -11 -10 -11 -10 -11 -10 -10 -10 -10 0 0 0 0 0 0 0 0 0 0]"
"1773838330500990,CSI_DATA,STATION,00:00:00:00:00:00,0,0,0,0,0,0,0,0,0,0,0,0,0,0,0,0,0,0,0,0,0,128,[84 -64 4 0 0 0 0 0 0 0 0 0 -12 -11 -11 -12 -11 -12 -11 -13 -10 -13 -10 -13 -9 -13 -9 -13 -9 -13 -8 -14 -8 -14 -8 -14 -8 -14 -7 -14 -8 -13 -8 -13 -7 -13 -7 -13 -7 -13 -7 -13 -7 -13 -7 -12 -7 -12 -7 -12 -7 -12 -7 -12 0 0 -7 -11 -7 -12 -7 -11 -8 -11 -8 -11 -8 -11 -8 -11 -8 -11 -8 -11 -8 -10 -9 -10 -9 -10 -9 -10 -9 -10 -10 -9 -10 -10 -10 -10 -10 -9 -10 -9 -10 -9 -10 -9 -11 -9 -11 -9 -11 -9 -11 -9 -12 -8 0 0 0 0 0 0 0 0 0 0]"
"1773838330512014,CSI_DATA,STATION,00:00:00:00:00:00,0,0,0,0,0,0,0,0,0,0,0,0,0,0,0,0,0,0,0,0,0,128,[84 -64 4 0 0 0 0 0 0 0 0 0 -9 -13 -8 -14 -8 -14 -8 -15 -7 -15 -7 -15 -6 -14 -6 -14 -6 -15 -6 -15 -5 -15 -5 -15 -5 -15 -5 -15 -5 -15 -5 -14 -4 -14 -4 -14 -4 -14 -4 -14 -5 -14 -5 -14 -4 -13 -4 -14 -4 -13 -5 -13 0 0 -5 -13 -5 -13 -5 -13 -5 -12 -6 -12 -5 -12 -6 -12 -6 -12 -6 -12 -6 -11 -7 -11 -7 -11 -7 -11 -8 -11 -7 -11 -8 -11 -8 -11 -8 -11 -9 -11 -8 -10 -9 -10 -9 -11 -9 -11 -9 -11 -9 -10 -10 -10 0 0 0 0 0 0 0 0 0 0]"
"1773838330521034,CSI_DATA,STATION,00:00:00:00:00:00,0,0,0,0,0,0,0,0,0,0,0,0,0,0,0,0,0,0,0,0,0,128,[84 -64 4 0 0 0 0 0 0 0 0 0 -2 17 -3 17 -3 17 -4 17 -5 17 -5 16 -6 16 -6 16 -6 15 -6 16 -7 15 -7 15 -7 15 -7 15 -7 15 -8 15 -7 14 -7 13 -7 14 -7 14 -8 13 -7 13 -7 13 -7 13 -7 13 -7 13 0 0 -7 13 -6 13 -6 13 -6 12 -5 13 -6 13 -5 13 -5 13 -5 13 -5 13 -4 13 -4 13 -4 13 -4 14 -4 13 -3 14 -3 14 -3 14 -3 14 -3 13 -3 14 -3 14 -2 14 -2 14 -2 14 -2 15 0 0 0 0 0 0 0 0 0 0]"
"1773838330532804,CSI_DATA,STATION,00:00:00:00:00:00,0,0,0,0,0,0,0,0,0,0,0,0,0,0,0,0,0,0,0,0,0,128,[84 -64 4 0 0 0 0 0 0 0 0 0 12 -11 12 -10 12 -10 13 -10 13 -10 13 -9 13 -8 14 -8 14 -7 13 -8 14 -8 14 -7 14 -7 13 -7 13 -7 14 -6 13 -6 13 -6 13 -6 13 -6 12 -6 13 -6 12 -5 12 -6 12 -7 12 -6 0 0 11 -6 11 -7 11 -7 11 -7 11 -7 11 -7 11 -7 11 -8 11 -7 10 -8 10 -8 10 -8 10 -9 10 -9 10 -9 10 -9 9 -9 9 -10 10 -10 9 -9 9 -10 9 -10 9 -11 8 -11 8 -11 9 -11 0 0 0 0 0 0 0 0 0 0]"
"1773838330544828,CSI_DATA,STATION,00:00:00:00:00:00,0,0,0,0,0,0,0,0,0,0,0,0,0,0,0,0,0,0,0,0,0,128,[84 -64 4 0 0 0 0 0 0 0 0 0 -15 -8 -16 -8 -15 -9 -15 -10 -15 -10 -14 -10 -14 -10 -13 -11 -13 -11 -13 -11 -13 -11 -12 -11 -12 -12 -12 -12 -12 -12 -12 -11 -11 -11 -11 -11 -11 -11 -11 -12 -11 -11 -10 -11 -10 -11 -10 -11 -11 -11 -11 -10 0 0 -10 -10 -11 -10 -10 -10 -11 -9 -11 -9 -11 -9 -11 -9 -11 -9 -11 -9 -11 -8 -12 -8 -12 -8 -12 -8 -12 -8 -12 -8 -12 -7 -12 -8 -12 -7 -12 -7 -13 -7 -12 -8 -13 -7 -13 -7 -13 -7 -13 -6 -13 -7 0 0 0 0 0 0 0 0 0 0]"
"1773838330553756,CSI_DATA,STATION,00:00:00:00:00:00,0,0,0,0,0,0,0,0,0,0,0,0,0,0,0,0,0,0,0,0,0,128,[84 -64 4 0 0 0 0 0 0 0 0 0 17 2 16 3 16 4 16 4 16 4 16 5 15 5 16 5 15 5 15 6 15 6 15 6 15 7 14 7 14 7 14 7 13 7 13 6 13 6 13 7 13 6 13 7 13 6 13 6 12 6 13 6 0 0 13 5 13 6 12 5 12 5 12 5 13 5 12 5 12 4 13 4 12 3 13 3 12 4 13 3 13 3 13 3 13 2 13 2 13 2 13 2 13 1 13 1 13 2 13 1 14 1 14 1 14 0 0 0 0 0 0 0 0 0 0 0]"
"1773838330563777,CSI_DATA,STATION,00:00:00:00:00:00,0,0,0,0,0,0,0,0,0,0,0,0,0,0,0,0,0,0,0,0,0,128,[84 -64 4 0 0 0 0 0 0 0 0 0 -2 17 -2 17 -4 17 -4 17 -4 17 -5 16 -5 16 -6 16 -6 15 -6 16 -6 15 -6 15 -7 15 -7 15 -7 14 -7 15 -7 14 -7 13 -7 14 -7 14 -7 13 -7 13 -7 13 -6 13 -7 13 -6 13 0 0 -6 13 -6 13 -5 13 -5 13 -5 12 -5 13 -5 13 -5 12 -5 12 -4 12 -4 13 -3 13 -3 13 -3 14 -3 13 -3 13 -2 13 -2 13 -3 13 -2 13 -2 14 -2 14 -1 14 -1 14 -1 13 -1 14 0 0 0 0 0 0 0 0 0 0]"
"1773838330573794,CSI_DATA,STATION,00:00:00:00:00:00,0,0,0,0,0,0,0,0,0,0,0,0,0,0,0,0,0,0,0,0,0,128,[84 -64 4 0 0 0 0 0 0 0 0 0 -1 17 -2 17 -3 17 -3 18 -4 17 -4 17 -4 17 -5 16 -5 16 -5 16 -5 16 -6 16 -6 16 -6 16 -6 15 -6 15 -6 15 -6 14 -6 14 -6 14 -6 14 -6 14 -6 13 -6 14 -5 14 -6 13 0 0 -5 13 -5 13 -4 14 -4 13 -5 13 -4 13 -4 13 -4 13 -4 13 -3 13 -3 13 -3 13 -3 14 -2 13 -2 13 -2 13 -1 14 -1 13 -1 14 -1 13 -1 14 -1 14 0 14 0 14 0 14 0 14 0 0 0 0 0 0 0 0 0 0]"
"1773838330583558,CSI_DATA,STATION,00:00:00:00:00:00,0,0,0,0,0,0,0,0,0,0,0,0,0,0,0,0,0,0,0,0,0,128,[84 -64 4 0 0 0 0 0 0 0 0 0 5 16 4 17 4 17 3 17 3 17 3 17 2 17 1 17 1 17 1 17 0 16 0 17 0 17 0 17 0 16 0 16 0 15 0 15 0 15 0 15 0 15 0 15 0 14 0 15 0 15 0 14 0 0 1 14 1 14 1 14 1 13 2 14 2 13 2 14 2 13 3 13 2 13 3 13 3 13 3 13 4 13 4 13 4 12 4 13 5 12 5 13 5 12 5 13 5 13 6 13 6 13 6 12 6 12 0 0 0 0 0 0 0 0 0 0]"
"1773838330595327,CSI_DATA,STATION,00:00:00:00:00:00,0,0,0,0,0,0,0,0,0,0,0,0,0,0,0,0,0,0,0,0,0,128,[84 -64 4 0 0 0 0 0 0 0 0 0 -16 2 -16 1 -16 1 -17 0 -16 0 -16 0 -16 0 -16 -1 -16 -1 -16 -1 -16 -2 -16 -1 -16 -2 -16 -2 -16 -2 -15 -3 -15 -2 -15 -2 -15 -2 -14 -2 -14 -2 -14 -2 -14 -2 -14 -2 -14 -2 -14 -1 0 0 -14 -1 -14 -1 -14 -1 -13 -1 -14 -1 -13 -1 -13 0 -13 0 -13 0 -13 1 -13 1 -13 1 -13 2 -13 2 -13 1 -13 2 -13 2 -13 2 -13 2 -13 3 -13 3 -13 3 -13 3 -14 4 -13 4 -13 4 0 0 0 0 0 0 0 0 0 0]"
"1773838330597612,CSI_DATA,STATION,00:00:00:00:00:00,0,0,0,0,0,0,0,0,0,0,0,0,0,0,0,0,0,0,0,0,0,128,[84 -64 4 0 0 0 0 0 0 0 0 0 -14 11 -15 10 -15 10 -15 9 -16 9 -15 9 -16 8 -16 8 -16 7 -16 7 -16 7 -16 6 -16 6 -16 6 -16 6 -16 6 -16 5 -16 5 -15 5 -15 5 -15 5 -15 5 -14 5 -15 5 -15 5 -14 5 0 0 -14 5 -14 6 -14 6 -14 6 -14 6 -13 6 -13 6 -13 6 -13 6 -13 7 -13 7 -12 8 -12 8 -12 8 -12 8 -12 8 -12 8 -12 9 -12 9 -12 9 -12 9 -12 9 -12 9 -11 10 -12 10 -11 10 0 0 0 0 0 0 0 0 0 0]"
"1773838330611978,CSI_DATA,STATION,00:00:00:00:00:00,0,0,0,0,0,0,0,0,0,0,0,0,0,0,0,0,0,0,0,0,0,128,[84 -64 4 0 0 0 0 0 0 0 0 0 -6 16 -6 16 -6 16 -7 16 -7 15 -8 15 -8 15 -8 15 -9 14 -9 15 -9 14 -9 14 -9 14 -9 14 -10 14 -10 13 -9 13 -9 12 -9 13 -9 13 -9 13 -9 12 -8 12 -9 13 -8 12 -8 12 0 0 -8 12 -8 12 -7 13 -7 12 -7 12 -7 12 -7 12 -7 13 -6 13 -6 12 -5 13 -5 13 -5 13 -5 14 -4 13 -5 13 -4 14 -4 13 -4 14 -4 13 -3 14 -3 14 -3 14 -2 15 -2 14 -2 15 0 0 0 0 0 0 0 0 0 0]"
"1773838330631042,CSI_DATA,STATION,00:00:00:00:00:00,0,0,0,0,0,0,0,0,0,0,0,0,0,0,0,0,0,0,0,0,0,128,[84 -64 4 0 0 0 0 0 0 0 0 0 -9 15 -9 15 -10 15 -10 14 -11 14 -11 13 -11 13 -12 13 -11 13 -11 12 -12 12 -12 12 -13 12 -12 12 -12 12 -12 11 -12 11 -12 10 -12 11 -12 11 -12 10 -12 10 -11 10 -11 10 -12 10 -11 10 0 0 -11 10 -11 11 -10 11 -10 10 -10 10 -10 10 -9 11 -10 11 -9 11 -9 11 -9 11 -8 11 -8 12 -8 12 -8 12 -8 12 -8 12 -7 12 -8 12 -7 12 -7 13 -7 13 -7 13 -7 13 -7 13 -7 13 0 0 0 0 0 0 0 0 0 0]"
"1773838330640801,CSI_DATA,STATION,00:00:00:00:00:00,0,0,0,0,0,0,0,0,0,0,0,0,0,0,0,0,0,0,0,0,0,128,[84 -64 4 0 0 0 0 0 0 0 0 0 -11 7 -11 7 -11 7 -12 7 -11 7 -12 7 -12 6 -11 5 -12 5 -11 5 -12 5 -12 5 -13 5 -12 4 -12 5 -12 3 -12 4 -11 3 -12 4 -12 4 -11 3 -12 4 -11 3 -12 4 -11 4 -11 4 0 0 -11 4 -11 4 -11 4 -10 4 -10 4 -10 5 -10 4 -10 5 -10 5 -9 5 -10 5 -10 5 -10 6 -10 6 -9 5 -10 6 -9 6 -10 6 -9 6 -9 6 -9 7 -9 7 -9 7 -9 7 -9 7 -9 7 0 0 0 0 0 0 0 0 0 0]"
"1773838330650823,CSI_DATA,STATION,00:00:00:00:00:00,0,0,0,0,0,0,0,0,0,0,0,0,0,0,0,0,0,0,0,0,0,128,[84 -64 4 0 0 0 0 0 0 0 0 0 2 -17 2 -17 3 -17 3 -17 4 -17 4 -16 4 -17 5 -16 5 -16 6 -16 6 -15 6 -15 6 -15 6 -15 6 -15 6 -14 6 -14 6 -14 6 -14 6 -14 6 -14 6 -14 6 -13 6 -14 6 -13 6 -13 0 0 5 -13 5 -13 5 -14 5 -13 4 -14 4 -14 4 -14 4 -14 4 -13 4 -14 3 -14 3 -14 3 -14 3 -14 3 -14 2 -14 2 -14 2 -15 2 -15 2 -14 1 -15 1 -15 1 -15 1 -16 1 -15 1 -15 0 0 0 0 0 0 0 0 0 0]"
"1773838330660585,CSI_DATA,STATION,00:00:00:00:00:00,0,0,0,0,0,0,0,0,0,0,0,0,0,0,0,0,0,0,0,0,0,128,[84 -64 4 0 0 0 0 0 0 0 0 0 5 -16 5 -16 6 -16 7 -16 7 -16 7 -15 8 -14 8 -14 9 -15 8 -15 9 -14 9 -14 9 -14 9 -14 9 -13 9 -13 9 -12 9 -12 9 -12 9 -12 9 -12 9 -12 8 -12 9 -12 8 -12 8 -12 0 0 8 -12 8 -12 8 -12 7 -12 7 -12 7 -12 7 -12 7 -12 7 -12 6 -13 5 -13 6 -13 5 -13 5 -13 5 -13 5 -13 5 -13 5 -13 5 -14 5 -14 5 -14 5 -14 4 -14 3 -15 4 -14 4 -15 0 0 0 0 0 0 0 0 0 0]"
"1773838330670602,CSI_DATA,STATION,00:00:00:00:00:00,0,0,0,0,0,0,0,0,0,0,0,0,0,0,0,0,0,0,0,0,0,128,[84 -64 4 0 0 0 0 0 0 0 0 0 -13 10 -14 10 -14 9 -15 9 -15 9 -15 8 -15 8 -15 7 -15 7 -15 7 -15 6 -16 6 -16 6 -15 6 -15 6 -15 5 -15 5 -15 5 -15 5 -14 5 -14 5 -14 5 -14 5 -14 5 -14 5 -13 5 0 0 -13 5 -13 5 -13 6 -13 6 -13 6 -12 6 -12 6 -12 6 -12 6 -12 6 -12 7 -12 7 -12 7 -11 7 -11 7 -12 8 -11 8 -11 8 -11 8 -11 8 -11 9 -11 9 -11 9 -11 10 -11 10 -11 10 0 0 0 0 0 0 0 0 0 0]"
"1773838330682364,CSI_DATA,STATION,00:00:00:00:00:00,0,0,0,0,0,0,0,0,0,0,0,0,0,0,0,0,0,0,0,0,0,128,[84 -64 4 0 0 0 0 0 0 0 0 0 -11 -11 -11 -12 -11 -12 -10 -13 -10 -13 -9 -13 -9 -13 -8 -13 -8 -13 -8 -13 -8 -13 -8 -13 -8 -13 -8 -13 -7 -13 -7 -13 -6 -13 -6 -13 -7 -13 -6 -13 -6 -13 -6 -13 -6 -12 -6 -12 -7 -12 -7 -12 0 0 -7 -11 -7 -11 -7 -11 -7 -11 -7 -11 -7 -12 -7 -11 -7 -11 -7 -11 -8 -10 -8 -10 -8 -10 -9 -10 -9 -10 -8 -10 -9 -10 -9 -10 -9 -10 -9 -10 -9 -9 -9 -9 -10 -10 -10 -9 -11 -9 -11 -9 -11 -9 0 0 0 0 0 0 0 0 0 0]"
"1773838330692123,CSI_DATA,STATION,00:00:00:00:00:00,0,0,0,0,0,0,0,0,0,0,0,0,0,0,0,0,0,0,0,0,0,128,[84 -64 4 0 0 0 0 0 0 0 0 0 -1 16 -1 16 -2 16 -3 17 -3 16 -3 16 -4 16 -4 16 -4 15 -4 16 -4 16 -5 15 -5 16 -5 15 -5 15 -6 15 -5 14 -5 14 -5 14 -5 14 -5 14 -5 13 -5 13 -4 14 -5 14 -5 13 0 0 -4 13 -4 13 -3 14 -4 13 -3 13 -3 13 -2 13 -2 13 -3 13 -2 13 -2 13 -1 13 -1 14 -1 14 -1 13 -1 13 0 13 0 13 0 14 0 13 1 13 1 14 1 14 2 14 2 13 2 14 0 0 0 0 0 0 0 0 0 0]"
"1773838330703884,CSI_DATA,STATION,00:00:00:00:00:00,0,0,0,0,0,0,0,0,0,0,0,0,0,0,0,0,0,0,0,0,0,128,[84 -64 4 0 0 0 0 0 0 0 0 0 -16 5 -17 4 -17 4 -17 3 -17 3 -17 2 -17 1 -17 1 -17 0 -17 0 -17 0 -17 0 -17 0 -16 0 -16 0 -16 -1 -16 0 -16 0 -15 -1 -15 -1 -15 -1 -15 -1 -15 0 -15 0 -15 0 -15 0 0 0 -14 0 -14 1 -14 1 -14 1 -14 1 -14 1 -14 1 -14 1 -14 2 -14 3 -14 3 -13 3 -13 3 -14 3 -14 3 -14 4 -13 4 -14 4 -14 4 -13 4 -14 4 -14 5 -13 5 -14 6 -14 6 -13 6 0 0 0 0 0 0 0 0 0 0]"
"1773838330711868,CSI_DATA,STATION,00:00:00:00:00:00,0,0,0,0,0,0,0,0,0,0,0,0,0,0,0,0,0,0,0,0,0,128,[84 -64 4 0 0 0 0 0 0 0 0 0 -19 -10 -19 -10 -18 -11 -18 -12 -17 -12 -18 -13 -16 -13 -16 -14 -16 -14 -15 -14 -16 -14 -16 -14 -15 -15 -16 -14 -15 -15 -15 -14 -14 -14 -13 -14 -14 -14 -13 -14 -13 -14 -13 -14 -13 -13 -13 -13 -13 -13 -14 -13 0 0 -14 -12 -13 -12 -14 -13 -13 -12 -14 -12 -14 -12 -14 -11 -14 -11 -15 -11 -14 -10 -15 -10 -16 -10 -15 -10 -16 -10 -15 -9 -16 -9 -16 -9 -16 -9 -16 -9 -16 -9 -17 -9 -17 -9 -17 -8 -17 -8 -17 -7 -18 -8 0 0 0 0 0 0 0 0 0 0]"
"1773838330719563,CSI_DATA,STATION,00:00:00:00:00:00,0,0,0,0,0,0,0,0,0,0,0,0,0,0,0,0,0,0,0,0,0,128,[84 -64 4 0 0 0 0 0 0 0 0 0 14 -15 15 -15 15 -15 15 -14 16 -13 16 -13 16 -12 17 -11 17 -11 17 -11 17 -11 17 -11 17 -10 18 -10 17 -10 17 -9 17 -9 17 -8 16 -8 16 -8 16 -8 16 -9 16 -8 15 -9 16 -8 16 -9 0 0 15 -9 15 -9 15 -9 14 -9 14 -9 14 -10 14 -10 14 -10 14 -10 14 -10 13 -10 13 -11 13 -11 13 -11 13 -11 13 -11 12 -12 13 -12 13 -12 13 -12 13 -13 12 -13 12 -14 12 -14 12 -13 13 -13 0 0 0 0 0 0 0 0 0 0]"
"1773838330735539,CSI_DATA,STATION,00:00:00:00:00:00,0,0,0,0,0,0,0,0,0,0,0,0,0,0,0,0,0,0,0,0,0,128,[84 -64 4 0 0 0 0 0 0 0 0 0 -14 9 -15 9 -15 8 -15 8 -15 7 -16 7 -15 6 -16 6 -16 5 -16 5 -16 4 -16 5 -16 4 -16 4 -16 4 -16 4 -15 4 -15 4 -16 4 -15 3 -15 3 -14 3 -15 3 -14 4 -14 3 -14 4 0 0 -14 4 -14 4 -14 4 -13 4 -14 4 -13 4 -13 4 -13 4 -13 5 -13 5 -13 5 -13 6 -13 6 -13 6 -12 6 -13 6 -12 6 -13 7 -13 7 -13 7 -13 7 -13 7 -12 7 -13 8 -12 8 -12 8 0 0 0 0 0 0 0 0 0 0]"
"1773838330735539,CSI_DATA,STATION,00:00:00:00:00:00,0,0,0,0,0,0,0,0,0,0,0,0,0,0,0,0,0,0,0,0,0,128,[84 -64 4 0 0 0 0 0 0 0 0 0 12 13 11 14 11 15 10 15 10 16 9 15 8 16 8 16 8 16 7 16 7 16 7 16 7 16 6 16 6 16 6 16 6 15 5 15 5 15 6 16 5 15 6 15 5 14 6 15 6 15 6 14 0 0 6 14 6 14 6 14 7 13 6 13 7 13 7 14 7 13 7 13 8 13 8 12 8 13 8 12 8 13 9 12 9 12 10 13 9 11 9 11 10 12 10 12 10 12 10 12 11 11 11 11 11 11 0 0 0 0 0 0 0 0 0 0]"
"1773838330757468,CSI_DATA,STATION,00:00:00:00:00:00,0,0,0,0,0,0,0,0,0,0,0,0,0,0,0,0,0,0,0,0,0,128,[84 -64 4 0 0 0 0 0 0 0 0 0 -3 15 -3 15 -4 14 -5 15 -5 14 -6 14 -6 14 -6 13 -6 14 -7 13 -7 13 -7 13 -7 13 -7 13 -7 13 -7 12 -8 12 -7 11 -8 12 -7 12 -7 12 -7 12 -7 11 -7 11 -7 11 -7 12 0 0 -7 11 -6 11 -6 12 -6 11 -6 11 -5 11 -5 11 -5 11 -5 11 -5 11 -4 11 -4 12 -4 12 -4 12 -4 12 -4 12 -3 12 -3 12 -3 12 -3 12 -3 13 -3 13 -3 13 -2 13 -2 13 -2 13 0 0 0 0 0 0 0 0 0 0]"
"1773838330769492,CSI_DATA,STATION,00:00:00:00:00:00,0,0,0,0,0,0,0,0,0,0,0,0,0,0,0,0,0,0,0,0,0,128,[84 -64 4 0 0 0 0 0 0 0 0 0 -16 -5 -15 -5 -16 -6 -16 -6 -16 -7 -15 -7 -15 -7 -14 -8 -14 -8 -14 -8 -14 -8 -14 -9 -14 -9 -14 -9 -14 -9 -13 -9 -13 -8 -12 -8 -12 -8 -12 -9 -12 -8 -12 -8 -12 -8 -12 -8 -12 -8 -12 -8 0 0 -12 -7 -12 -7 -13 -7 -12 -7 -12 -7 -12 -6 -12 -6 -12 -6 -12 -6 -13 -5 -13 -5 -13 -5 -13 -5 -13 -5 -13 -4 -13 -4 -13 -4 -13 -4 -13 -4 -13 -4 -14 -3 -14 -3 -14 -3 -14 -3 -14 -3 -14 -3 0 0 0 0 0 0 0 0 0 0]"
"1773838330779509,CSI_DATA,STATION,00:00:00:00:00:00,0,0,0,0,0,0,0,0,0,0,0,0,0,0,0,0,0,0,0,0,0,128,[84 -64 4 0 0 0 0 0 0 0 0 0 12 11 12 12 11 12 11 13 11 13 10 13 10 13 9 14 9 13 9 14 9 14 9 14 9 15 8 14 8 14 7 14 7 14 7 13 7 14 7 14 7 13 7 13 7 12 7 13 7 13 7 12 0 0 8 12 7 12 8 12 8 11 8 12 8 11 8 11 8 11 8 10 8 10 9 10 10 10 9 10 10 10 10 9 10 9 10 9 10 9 11 9 11 9 11 9 11 9 11 9 12 9 12 8 12 8 0 0 0 0 0 0 0 0 0 0]"
"1773838330789269,CSI_DATA,STATION,00:00:00:00:00:00,0,0,0,0,0,0,0,0,0,0,0,0,0,0,0,0,0,0,0,0,0,128,[84 -64 4 0 0 0 0 0 0 0 0 0 -3 16 -3 16 -3 16 -4 17 -4 16 -5 16 -6 15 -6 15 -6 16 -7 15 -7 15 -7 15 -7 15 -8 15 -7 15 -7 14 -7 14 -7 13 -7 14 -7 13 -7 13 -8 13 -7 12 -7 13 -7 13 -7 13 0 0 -7 12 -6 13 -6 13 -6 12 -6 13 -5 13 -5 13 -6 13 -5 13 -5 12 -4 13 -4 13 -4 13 -4 14 -4 13 -3 13 -3 14 -3 13 -3 14 -3 13 -3 14 -3 14 -2 14 -2 15 -2 14 -2 14 0 0 0 0 0 0 0 0 0 0]"
"1773838330799026,CSI_DATA,STATION,00:00:00:00:00:00,0,0,0,0,0,0,0,0,0,0,0,0,0,0,0,0,0,0,0,0,0,128,[84 -64 4 0 0 0 0 0 0 0 0 0 1 -17 2 -18 2 -17 3 -18 3 -17 4 -17 4 -16 4 -16 5 -16 5 -16 5 -16 5 -16 5 -16 5 -16 5 -16 6 -15 6 -15 5 -14 6 -15 6 -14 6 -14 6 -14 5 -14 5 -14 5 -14 5 -14 0 0 5 -14 5 -14 5 -14 4 -13 4 -14 4 -14 4 -14 3 -14 3 -13 3 -13 2 -14 2 -14 2 -14 2 -14 2 -14 2 -14 1 -14 2 -14 1 -15 1 -15 1 -15 1 -15 0 -14 0 -15 0 -15 0 -15 0 0 0 0 0 0 0 0 0 0]"
"1773838330811048,CSI_DATA,STATION,00:00:00:00:00:00,0,0,0,0,0,0,0,0,0,0,0,0,0,0,0,0,0,0,0,0,0,128,[84 -64 4 0 0 0 0 0 0 0 0 0 8 -15 9 -14 9 -14 10 -14 10 -14 10 -13 10 -13 11 -13 11 -12 11 -12 11 -12 11 -12 11 -12 11 -11 11 -11 11 -10 11 -10 11 -10 11 -10 11 -11 10 -10 10 -10 10 -10 10 -10 10 -10 10 -10 0 0 10 -10 9 -10 9 -11 9 -10 9 -10 9 -11 8 -11 8 -11 8 -10 8 -11 7 -11 7 -11 7 -11 7 -12 7 -12 7 -12 7 -12 7 -12 6 -12 6 -12 6 -12 6 -13 6 -13 5 -13 6 -13 6 -13 0 0 0 0 0 0 0 0 0 0]"
"1773838330819066,CSI_DATA,STATION,00:00:00:00:00:00,0,0,0,0,0,0,0,0,0,0,0,0,0,0,0,0,0,0,0,0,0,128,[84 -64 4 0 0 0 0 0 0 0 0 0 19 3 19 4 19 5 18 6 18 6 18 6 17 7 17 7 17 7 17 8 16 8 16 8 16 9 16 8 15 9 16 8 16 8 15 9 15 9 15 8 14 8 15 8 15 8 15 8 14 8 14 7 0 0 14 7 14 7 14 6 14 6 14 6 15 6 14 5 15 5 15 4 15 5 15 4 15 4 15 4 15 3 16 3 16 3 16 3 16 2 16 2 16 2 16 2 16 1 17 2 16 1 16 1 17 2 0 0 0 0 0 0 0 0 0 0]"
"1773838330830938,CSI_DATA,STATION,00:00:00:00:00:00,0,0,0,0,0,0,0,0,0,0,0,0,0,0,0,0,0,0,0,0,0,128,[84 -64 4 0 0 0 0 0 0 0 0 0 7 -16 8 -16 8 -16 9 -15 9 -15 9 -14 10 -14 10 -13 10 -14 10 -14 10 -13 11 -13 11 -13 11 -13 10 -12 10 -12 10 -12 10 -11 10 -12 10 -12 10 -12 10 -12 9 -11 9 -11 9 -12 9 -11 0 0 8 -11 8 -12 8 -12 8 -12 8 -12 8 -12 7 -12 7 -13 7 -12 6 -12 6 -13 6 -13 6 -13 6 -13 6 -13 5 -13 5 -14 5 -14 5 -14 5 -14 5 -14 4 -14 4 -15 4 -15 4 -14 4 -15 0 0 0 0 0 0 0 0 0 0]"
"1773838330843626,CSI_DATA,STATION,00:00:00:00:00:00,0,0,0,0,0,0,0,0,0,0,0,0,0,0,0,0,0,0,0,0,0,128,[84 -64 4 0 0 0 0 0 0 0 0 0 5 14 4 14 4 14 3 15 3 15 2 14 2 14 2 15 1 15 1 15 1 14 1 14 1 15 1 14 0 14 0 14 0 14 0 13 0 14 0 14 0 14 0 13 0 13 0 13 0 13 0 12 0 0 0 12 1 13 1 13 1 12 1 12 1 12 2 12 1 12 2 12 2 11 2 12 3 12 3 12 3 12 3 11 3 12 4 12 4 12 4 12 4 12 4 12 4 12 5 12 5 12 5 11 5 11 0 0 0 0 0 0 0 0 0 0]"
"1773838330846676,CSI_DATA,STATION,00:00:00:00:00:00,0,0,0,0,0,0,0,0,0,0,0,0,0,0,0,0,0,0,0,0,0,128,[84 -64 4 0 0 0 0 0 0 0 0 0 3 -18 3 -18 4 -18 4 -18 5 -18 5 -17 5 -17 6 -17 6 -17 6 -17 6 -17 6 -16 6 -17 6 -16 7 -16 6 -15 6 -15 6 -15 6 -15 7 -15 6 -15 6 -15 6 -14 6 -15 6 -15 5 -14 0 0 5 -14 5 -14 5 -15 4 -14 4 -14 4 -15 4 -15 3 -15 3 -14 3 -14 2 -15 2 -15 2 -15 2 -15 1 -14 1 -15 1 -15 1 -15 0 -15 0 -15 0 -15 -1 -16 -1 -15 -1 -16 -1 -15 -1 -15 0 0 0 0 0 0 0 0 0 0]"
"1773838330862761,CSI_DATA,STATION,00:00:00:00:00:00,0,0,0,0,0,0,0,0,0,0,0,0,0,0,0,0,0,0,0,0,0,128,[84 -64 4 0 0 0 0 0 0 0 0 0 -6 -16 -5 -17 -4 -17 -4 -17 -3 -17 -3 -17 -2 -17 -2 -17 -1 -17 -1 -17 -2 -17 -1 -17 -1 -17 -1 -17 -1 -16 0 -16 0 -16 0 -15 0 -16 0 -16 0 -15 0 -15 0 -14 0 -15 0 -15 0 -14 0 0 -1 -14 -1 -14 -1 -14 -1 -14 -1 -14 -2 -14 -1 -14 -2 -14 -2 -13 -2 -13 -3 -13 -3 -14 -3 -14 -3 -14 -3 -13 -4 -14 -4 -14 -4 -14 -4 -13 -4 -13 -4 -13 -5 -13 -5 -14 -6 -14 -5 -13 -5 -13 0 0 0 0 0 0 0 0 0 0]"
"1773838330862761,CSI_DATA,STATION,00:00:00:00:00:00,0,0,0,0,0,0,0,0,0,0,0,0,0,0,0,0,0,0,0,0,0,128,[84 -64 4 0 0 0 0 0 0 0 0 0 16 -5 16 -5 16 -4 17 -4 17 -3 16 -3 16 -2 16 -2 16 -1 16 -1 16 -1 16 0 16 0 16 0 15 0 16 1 15 0 15 0 15 0 14 0 14 0 14 1 14 0 14 0 14 0 14 0 0 0 13 0 13 0 14 -1 13 -1 13 -1 13 -1 13 -2 13 -2 13 -2 13 -2 13 -3 13 -2 13 -3 13 -3 13 -3 13 -3 13 -4 13 -4 13 -4 13 -4 13 -4 13 -5 13 -5 13 -6 12 -5 13 -5 0 0 0 0 0 0 0 0 0 0]"
"1773838330878425,CSI_DATA,STATION,00:00:00:00:00:00,0,0,0,0,0,0,0,0,0,0,0,0,0,0,0,0,0,0,0,0,0,128,[84 -64 4 0 0 0 0 0 0 0 0 0 18 -6 19 -5 18 -4 19 -4 18 -3 19 -3 18 -3 19 -2 19 -2 18 -1 18 -2 18 -1 18 0 18 -1 18 -1 17 0 17 0 16 0 17 0 17 0 16 0 16 0 15 0 16 -1 15 -1 16 -1 0 0 15 -1 15 -1 16 -2 14 -2 15 -2 15 -2 15 -2 14 -3 14 -3 14 -4 14 -4 14 -4 14 -4 15 -5 14 -5 14 -5 14 -5 14 -6 14 -6 14 -6 14 -6 14 -6 14 -7 14 -7 13 -8 14 -8 0 0 0 0 0 0 0 0 0 0]"
"1773838330894319,CSI_DATA,STATION,00:00:00:00:00:00,0,0,0,0,0,0,0,0,0,0,0,0,0,0,0,0,0,0,0,0,0,128,[84 -64 4 0 0 0 0 0 0 0 0 0 -17 -5 -17 -5 -17 -6 -17 -7 -17 -7 -17 -7 -17 -8 -16 -8 -15 -8 -15 -8 -16 -10 -15 -9 -15 -9 -14 -9 -14 -9 -14 -9 -13 -9 -13 -9 -14 -9 -14 -9 -13 -9 -13 -9 -13 -9 -13 -9 -13 -9 -13 -8 0 0 -13 -8 -13 -8 -13 -7 -13 -7 -13 -7 -13 -7 -13 -7 -13 -7 -13 -6 -13 -6 -14 -6 -13 -5 -14 -5 -14 -5 -14 -5 -14 -4 -14 -5 -14 -4 -14 -4 -14 -4 -14 -3 -15 -4 -14 -4 -15 -4 -14 -3 -15 -3 0 0 0 0 0 0 0 0 0 0]"
"1773838330894319,CSI_DATA,STATION,00:00:00:00:00:00,0,0,0,0,0,0,0,0,0,0,0,0,0,0,0,0,0,0,0,0,0,128,[84 -64 4 0 0 0 0 0 0 0 0 0 -19 3 -20 3 -20 2 -20 1 -20 1 -20 0 -20 0 -19 -1 -20 -1 -19 -1 -20 -2 -19 -2 -20 -2 -19 -2 -19 -2 -18 -2 -18 -2 -18 -3 -18 -3 -18 -3 -18 -3 -17 -2 -17 -3 -17 -2 -17 -2 -17 -2 0 0 -16 -2 -16 -2 -17 -1 -16 -1 -16 -1 -16 -1 -16 -1 -16 0 -16 0 -16 0 -16 1 -16 2 -16 2 -16 2 -16 2 -16 2 -16 2 -16 3 -16 3 -16 3 -16 3 -16 3 -15 4 -16 4 -16 4 -16 5 0 0 0 0 0 0 0 0 0 0]"
"1773838330912009,CSI_DATA,STATION,00:00:00:00:00:00,0,0,0,0,0,0,0,0,0,0,0,0,0,0,0,0,0,0,0,0,0,128,[84 -64 4 0 0 0 0 0 0 0 0 0 4 -17 5 -17 5 -17 6 -18 6 -17 7 -16 7 -16 7 -15 8 -15 8 -15 9 -15 9 -15 9 -15 8 -15 8 -15 8 -14 8 -14 8 -13 8 -14 8 -14 8 -13 8 -14 8 -12 8 -13 8 -13 7 -13 0 0 7 -13 7 -12 6 -14 6 -13 6 -13 6 -14 5 -13 5 -14 6 -13 4 -13 4 -13 4 -14 4 -14 4 -14 4 -14 4 -14 3 -15 3 -15 3 -15 3 -14 3 -15 2 -15 2 -14 2 -15 2 -15 2 -15 0 0 0 0 0 0 0 0 0 0]"
"1773838330926060,CSI_DATA,STATION,00:00:00:00:00:00,0,0,0,0,0,0,0,0,0,0,0,0,0,0,0,0,0,0,0,0,0,128,[84 -64 4 0 0 0 0 0 0 0 0 0 -8 15 -9 15 -9 15 -10 15 -10 14 -10 14 -11 13 -11 13 -11 13 -11 13 -12 12 -12 12 -12 12 -12 12 -12 12 -12 11 -12 11 -11 10 -11 11 -11 11 -12 11 -11 11 -11 11 -11 10 -10 11 -11 11 0 0 -10 10 -10 11 -10 11 -9 11 -10 11 -9 11 -9 11 -9 11 -9 11 -9 11 -8 11 -8 11 -8 12 -7 12 -8 12 -7 12 -7 12 -7 13 -7 12 -7 12 -6 13 -6 13 -6 13 -6 13 -6 13 -6 13 0 0 0 0 0 0 0 0 0 0]"
"1773838330932086,CSI_DATA,STATION,00:00:00:00:00:00,0,0,0,0,0,0,0,0,0,0,0,0,0,0,0,0,0,0,0,0,0,128,[84 -64 4 0 0 0 0 0 0 0 0 0 11 -11 12 -11 12 -10 13 -10 12 -9 13 -9 13 -8 13 -8 13 -8 13 -8 14 -7 13 -7 13 -7 13 -7 13 -7 13 -7 13 -6 12 -6 13 -7 13 -6 13 -6 12 -6 12 -6 12 -6 12 -7 12 -7 0 0 11 -6 11 -7 11 -7 11 -7 11 -7 11 -8 10 -7 10 -8 10 -7 10 -8 10 -8 9 -8 10 -9 10 -9 9 -9 9 -9 9 -9 9 -10 9 -10 9 -10 8 -10 9 -10 8 -10 8 -11 8 -11 8 -11 0 0 0 0 0 0 0 0 0 0]"
"1773838330951948,CSI_DATA,STATION,00:00:00:00:00:00,0,0,0,0,0,0,0,0,0,0,0,0,0,0,0,0,0,0,0,0,0,128,[84 -64 4 0 0 0 0 0 0 0 0 0 -10 -13 -9 -14 -9 -14 -9 -14 -8 -14 -8 -14 -7 -14 -7 -14 -7 -15 -6 -15 -6 -15 -6 -15 -6 -15 -5 -15 -5 -14 -5 -14 -5 -14 -4 -14 -5 -14 -4 -14 -5 -14 -5 -14 -4 -13 -4 -14 -4 -13 -5 -13 0 0 -5 -13 -5 -13 -5 -13 -5 -12 -5 -12 -6 -12 -6 -12 -6 -12 -6 -12 -6 -12 -7 -12 -7 -12 -7 -12 -7 -12 -7 -11 -7 -11 -7 -12 -8 -11 -8 -11 -8 -11 -8 -11 -9 -11 -9 -12 -9 -11 -9 -11 -9 -11 0 0 0 0 0 0 0 0 0 0]"
"1773838330957700,CSI_DATA,STATION,00:00:00:00:00:00,0,0,0,0,0,0,0,0,0,0,0,0,0,0,0,0,0,0,0,0,0,128,[84 -64 4 0 0 0 0 0 0 0 0 0 -18 0 -18 -1 -17 -1 -18 -2 -18 -2 -17 -3 -17 -4 -17 -4 -17 -4 -17 -4 -16 -5 -17 -5 -17 -5 -16 -5 -16 -6 -16 -5 -15 -5 -15 -5 -15 -6 -15 -6 -15 -6 -15 -6 -15 -5 -15 -5 -15 -5 -14 -5 0 0 -15 -4 -14 -5 -15 -4 -14 -4 -14 -4 -14 -4 -14 -4 -14 -3 -15 -3 -15 -3 -15 -2 -15 -3 -15 -2 -14 -2 -15 -2 -15 -1 -15 -2 -15 -1 -15 -1 -15 -1 -15 -1 -16 -1 -15 0 -16 0 -15 0 -15 0 0 0 0 0 0 0 0 0 0 0]"
"1773838330973400,CSI_DATA,STATION,00:00:00:00:00:00,0,0,0,0,0,0,0,0,0,0,0,0,0,0,0,0,0,0,0,0,0,128,[84 -64 4 0 0 0 0 0 0 0 0 0 -7 -15 -7 -16 -6 -16 -6 -16 -6 -17 -5 -16 -5 -16 -4 -16 -4 -17 -4 -17 -4 -16 -3 -17 -4 -17 -3 -17 -3 -16 -2 -16 -3 -15 -3 -15 -3 -16 -2 -16 -3 -15 -3 -15 -2 -15 -3 -15 -3 -15 -3 -15 0 0 -3 -15 -4 -15 -4 -14 -3 -14 -4 -14 -4 -14 -5 -14 -5 -14 -5 -13 -5 -14 -6 -13 -6 -13 -6 -13 -7 -13 -6 -13 -7 -13 -7 -13 -7 -13 -7 -13 -8 -13 -8 -13 -8 -13 -8 -13 -9 -13 -8 -13 -9 -13 0 0 0 0 0 0 0 0 0 0]"
"1773838330973400,CSI_DATA,STATION,00:00:00:00:00:00,0,0,0,0,0,0,0,0,0,0,0,0,0,0,0,0,0,0,0,0,0,128,[84 -64 4 0 0 0 0 0 0 0 0 0 10 -13 10 -14 10 -13 11 -13 11 -13 11 -12 12 -11 12 -11 12 -11 12 -11 12 -11 12 -10 13 -11 12 -10 13 -10 13 -10 12 -9 12 -9 12 -9 12 -9 11 -9 12 -9 11 -9 11 -9 11 -9 11 -9 0 0 11 -9 10 -10 10 -10 10 -10 10 -10 10 -10 10 -10 9 -10 9 -10 9 -10 8 -11 8 -11 9 -11 8 -11 9 -12 8 -12 8 -12 8 -12 8 -12 7 -13 8 -13 7 -13 7 -13 7 -13 7 -13 7 -13 0 0 0 0 0 0 0 0 0 0]"
"1773838330992239,CSI_DATA,STATION,00:00:00:00:00:00,0,0,0,0,0,0,0,0,0,0,0,0,0,0,0,0,0,0,0,0,0,128,[84 -64 4 0 0 0 0 0 0 0 0 0 16 1 16 1 16 2 16 2 16 3 15 3 15 3 15 4 15 4 15 4 15 5 15 5 15 5 14 6 14 5 14 5 14 5 14 5 13 5 14 5 13 5 13 5 13 5 13 5 13 5 13 4 0 0 13 4 13 4 13 4 13 3 12 3 13 3 13 3 13 3 13 2 13 2 13 2 13 2 13 2 13 1 13 1 13 1 14 1 14 0 14 0 13 0 14 0 14 0 14 -1 14 -1 14 -1 14 -1 0 0 0 0 0 0 0 0 0 0]"
"1773838330992239,CSI_DATA,STATION,00:00:00:00:00:00,0,0,0,0,0,0,0,0,0,0,0,0,0,0,0,0,0,0,0,0,0,128,[84 -64 4 0 0 0 0 0 0 0 0 0 15 -6 15 -5 16 -5 16 -4 16 -4 16 -4 16 -3 16 -3 15 -3 16 -2 16 -2 16 -1 16 -1 15 -1 14 -1 15 -1 15 -1 15 -1 15 -1 15 -1 14 0 14 -1 14 0 14 -1 14 -1 14 -1 0 0 13 -1 14 -1 13 -2 13 -2 13 -1 13 -2 13 -2 13 -3 13 -3 13 -3 13 -3 12 -3 13 -3 12 -4 13 -4 12 -5 13 -5 13 -4 13 -5 13 -6 12 -5 12 -6 12 -6 13 -6 13 -6 12 -6 0 0 0 0 0 0 0 0 0 0]"
"1773838331011934,CSI_DATA,STATION,00:00:00:00:00:00,0,0,0,0,0,0,0,0,0,0,0,0,0,0,0,0,0,0,0,0,0,128,[84 -64 4 0 0 0 0 0 0 0 0 0 -13 8 -13 8 -14 8 -14 7 -14 7 -14 6 -14 6 -14 6 -14 5 -14 5 -15 5 -14 4 -14 4 -14 4 -14 4 -14 4 -14 4 -14 3 -13 4 -13 3 -13 3 -13 3 -13 3 -13 4 -13 3 -13 4 0 0 -12 4 -12 4 -12 4 -12 4 -12 4 -12 4 -12 5 -12 5 -12 5 -11 5 -12 6 -11 6 -11 6 -11 6 -11 6 -11 6 -11 7 -11 7 -11 7 -11 7 -11 7 -11 7 -11 8 -11 8 -10 8 -10 8 0 0 0 0 0 0 0 0 0 0]"
"1773838331021137,CSI_DATA,STATION,00:00:00:00:00:00,0,0,0,0,0,0,0,0,0,0,0,0,0,0,0,0,0,0,0,0,0,128,[84 -64 4 0 0 0 0 0 0 0 0 0 -7 -14 -7 -14 -6 -15 -6 -15 -5 -15 -4 -15 -5 -15 -4 -15 -4 -15 -3 -15 -3 -15 -2 -15 -3 -15 -2 -15 -2 -15 -2 -14 -2 -14 -2 -14 -2 -14 -2 -14 -2 -14 -2 -14 -2 -13 -2 -14 -2 -13 -2 -13 0 0 -2 -13 -2 -13 -2 -13 -2 -13 -2 -13 -2 -13 -3 -13 -3 -13 -3 -13 -3 -13 -4 -12 -4 -12 -4 -13 -4 -12 -4 -12 -4 -12 -5 -13 -4 -12 -5 -12 -5 -12 -5 -12 -6 -13 -5 -13 -6 -13 -6 -13 -6 -12 0 0 0 0 0 0 0 0 0 0]"
"1773838331021137,CSI_DATA,STATION,00:00:00:00:00:00,0,0,0,0,0,0,0,0,0,0,0,0,0,0,0,0,0,0,0,0,0,128,[84 -64 4 0 0 0 0 0 0 0 0 0 14 4 14 4 14 5 14 6 13 6 13 6 13 6 12 6 13 6 12 7 12 7 12 7 12 7 12 7 11 7 11 7 11 7 10 7 11 7 11 7 11 7 11 7 10 6 10 7 11 7 11 6 0 0 11 6 11 6 11 6 11 5 11 5 11 5 11 5 11 4 11 4 11 4 11 4 11 4 11 3 12 3 11 3 12 3 12 2 12 2 12 2 12 2 12 2 12 2 12 2 12 1 13 1 13 1 0 0 0 0 0 0 0 0 0 0]"
"1773838331037105,CSI_DATA,STATION,00:00:00:00:00:00,0,0,0,0,0,0,0,0,0,0,0,0,0,0,0,0,0,0,0,0,0,128,[84 -64 4 0 0 0 0 0 0 0 0 0 14 -3 14 -3 15 -2 15 -2 14 -1 15 -1 14 0 15 0 14 0 14 0 15 0 14 1 14 1 14 1 13 1 13 2 13 1 13 1 13 1 13 1 12 2 12 1 13 1 12 1 12 1 13 1 0 0 12 1 12 0 12 0 12 0 12 0 12 0 12 0 12 0 12 -1 12 -1 12 -2 12 -2 12 -2 12 -2 12 -2 12 -2 12 -3 12 -3 12 -3 12 -3 12 -3 12 -3 12 -4 12 -4 12 -4 12 -4 0 0 0 0 0 0 0 0 0 0]"
"1773838331052812,CSI_DATA,STATION,00:00:00:00:00:00,0,0,0,0,0,0,0,0,0,0,0,0,0,0,0,0,0,0,0,0,0,128,[84 -64 4 0 0 0 0 0 0 0 0 0 16 2 16 3 16 4 16 5 15 5 15 4 15 5 15 6 15 6 14 6 14 6 14 7 14 6 14 7 13 7 13 7 13 7 13 7 13 7 13 6 13 7 12 6 12 6 13 6 12 6 12 5 0 0 13 5 12 5 13 5 12 5 13 4 12 4 13 4 13 4 12 4 12 3 13 3 13 3 13 3 13 3 13 3 13 2 13 1 14 1 14 1 14 1 14 1 14 1 14 0 14 0 14 0 14 0 0 0 0 0 0 0 0 0 0 0]"
"1773838331052812,CSI_DATA,STATION,00:00:00:00:00:00,0,0,0,0,0,0,0,0,0,0,0,0,0,0,0,0,0,0,0,0,0,128,[84 -64 4 0 0 0 0 0 0 0 0 0 10 10 11 10 10 11 10 11 9 11 9 11 8 12 8 12 8 12 8 12 7 12 7 12 7 12 7 12 7 13 6 12 6 12 6 12 6 12 6 12 6 12 6 11 6 11 6 12 6 11 6 11 0 0 6 11 7 10 7 10 6 10 6 10 7 10 7 10 7 10 7 9 7 9 8 9 8 9 8 9 9 9 8 8 9 8 9 9 9 8 9 9 9 8 9 8 10 8 10 8 10 8 10 8 10 7 0 0 0 0 0 0 0 0 0 0]"
"1773838331068540,CSI_DATA,STATION,00:00:00:00:00:00,0,0,0,0,0,0,0,0,0,0,0,0,0,0,0,0,0,0,0,0,0,128,[84 -64 4 0 0 0 0 0 0 0 0 0 -10 -15 -9 -16 -9 -16 -8 -16 -8 -16 -7 -16 -6 -16 -6 -16 -6 -17 -6 -17 -6 -17 -5 -17 -5 -17 -5 -17 -5 -17 -4 -16 -4 -16 -4 -15 -4 -16 -4 -16 -4 -16 -4 -16 -4 -15 -3 -15 -4 -15 -4 -15 0 0 -4 -15 -4 -15 -4 -15 -4 -14 -4 -14 -5 -14 -5 -14 -5 -14 -5 -14 -6 -13 -6 -13 -6 -13 -6 -14 -6 -14 -6 -13 -7 -13 -7 -14 -7 -14 -7 -13 -7 -13 -7 -13 -8 -14 -8 -13 -9 -14 -8 -13 -8 -13 0 0 0 0 0 0 0 0 0 0]"
"1773838331068540,CSI_DATA,STATION,00:00:00:00:00:00,0,0,0,0,0,0,0,0,0,0,0,0,0,0,0,0,0,0,0,0,0,128,[84 -64 4 0 0 0 0 0 0 0 0 0 6 16 5 16 5 17 4 17 4 17 3 16 3 16 2 16 2 16 1 17 1 16 1 16 1 17 0 17 0 16 0 16 0 15 0 15 0 15 0 15 -1 15 0 15 0 15 0 15 0 15 0 14 0 0 0 14 1 15 1 14 1 14 1 14 1 14 1 14 2 14 2 14 2 14 2 14 3 14 3 14 3 14 4 14 4 13 4 14 4 13 4 13 4 13 4 13 5 14 5 14 6 14 5 13 6 13 0 0 0 0 0 0 0 0 0 0]"
"1773838331084579,CSI_DATA,STATION,00:00:00:00:00:00,0,0,0,0,0,0,0,0,0,0,0,0,0,0,0,0,0,0,0,0,0,128,[84 -64 4 0 0 0 0 0 0 0 0 0 -15 -9 -15 -10 -15 -10 -15 -11 -14 -11 -14 -11 -14 -11 -13 -11 -13 -12 -13 -12 -13 -12 -13 -13 -12 -13 -12 -13 -12 -13 -12 -12 -11 -12 -10 -12 -11 -12 -11 -12 -11 -12 -11 -12 -11 -11 -11 -12 -11 -12 -11 -11 0 0 -11 -10 -11 -11 -11 -10 -11 -10 -11 -10 -11 -10 -12 -10 -12 -9 -11 -9 -12 -9 -12 -8 -12 -8 -13 -8 -12 -8 -13 -8 -13 -8 -13 -8 -13 -7 -13 -7 -13 -7 -14 -6 -14 -7 -14 -7 -14 -7 -14 -6 -14 -6 0 0 0 0 0 0 0 0 0 0]"
"1773838331102328,CSI_DATA,STATION,00:00:00:00:00:00,0,0,0,0,0,0,0,0,0,0,0,0,0,0,0,0,0,0,0,0,0,128,[84 -64 4 0 0 0 0 0 0 0 0 0 13 10 12 11 12 12 12 13 11 13 10 13 10 13 9 13 10 13 9 14 9 14 9 13 9 14 8 14 8 14 8 13 7 13 7 13 7 13 8 13 7 13 7 13 7 12 7 13 7 12 7 12 0 0 7 11 7 11 8 12 8 11 8 11 8 11 8 11 8 10 8 10 8 10 9 9 9 10 9 9 10 10 10 9 10 9 10 9 11 9 10 9 10 8 11 8 11 9 11 8 12 8 12 8 11 8 0 0 0 0 0 0 0 0 0 0]"
"1773838331112200,CSI_DATA,STATION,00:00:00:00:00:00,0,0,0,0,0,0,0,0,0,0,0,0,0,0,0,0,0,0,0,0,0,128,[84 -64 4 0 0 0 0 0 0 0 0 0 18 -4 18 -2 18 -2 18 -1 19 -1 18 0 18 1 18 1 18 1 18 1 18 2 18 2 18 2 17 2 17 2 17 3 16 2 16 2 16 2 16 3 16 3 15 2 16 3 16 2 15 2 15 2 0 0 15 2 15 2 15 1 14 1 15 1 15 1 15 1 15 0 14 0 15 -1 15 -1 14 -1 14 -1 15 -1 15 -1 15 -2 15 -2 15 -2 15 -2 15 -2 15 -2 15 -3 15 -3 15 -4 15 -3 15 -4 0 0 0 0 0 0 0 0 0 0]"
"1773838331122126,CSI_DATA,STATION,00:00:00:00:00:00,0,0,0,0,0,0,0,0,0,0,0,0,0,0,0,0,0,0,0,0,0,128,[84 -64 4 0 0 0 0 0 0 0 0 0 0 -17 1 -17 1 -17 1 -17 2 -17 3 -17 3 -16 4 -16 4 -16 4 -16 4 -16 5 -15 5 -16 4 -16 5 -16 5 -15 5 -14 5 -14 5 -14 5 -14 5 -14 5 -14 5 -13 5 -14 4 -14 4 -13 0 0 4 -14 4 -14 4 -14 3 -13 4 -13 3 -13 3 -14 3 -14 3 -13 2 -13 2 -13 2 -13 2 -14 2 -14 2 -14 1 -14 1 -14 1 -14 1 -14 0 -14 1 -14 0 -14 0 -14 0 -15 0 -14 0 -14 0 0 0 0 0 0 0 0 0 0]"
"1773838331133893,CSI_DATA,STATION,00:00:00:00:00:00,0,0,0,0,0,0,0,0,0,0,0,0,0,0,0,0,0,0,0,0,0,128,[84 -64 4 0 0 0 0 0 0 0 0 0 -4 15 -4 15 -5 15 -5 15 -6 15 -6 14 -6 14 -6 14 -6 14 -7 14 -7 13 -8 13 -8 13 -8 13 -8 12 -8 12 -8 12 -7 11 -7 12 -8 12 -7 12 -7 12 -7 11 -7 12 -7 12 -7 11 0 0 -7 11 -6 12 -6 12 -6 11 -6 11 -5 11 -5 12 -5 11 -5 11 -5 11 -4 12 -5 12 -4 12 -4 12 -4 12 -4 12 -3 12 -3 12 -3 12 -3 12 -3 12 -3 13 -3 13 -2 13 -2 13 -2 13 0 0 0 0 0 0 0 0 0 0]"
"1773838331133893,CSI_DATA,STATION,00:00:00:00:00:00,0,0,0,0,0,0,0,0,0,0,0,0,0,0,0,0,0,0,0,0,0,128,[84 -64 4 0 0 0 0 0 0 0 0 0 13 -8 14 -8 13 -7 14 -7 14 -6 14 -6 14 -5 14 -5 14 -5 14 -5 14 -5 14 -5 14 -4 14 -4 14 -4 14 -3 14 -3 13 -3 14 -3 13 -3 13 -3 13 -3 13 -3 13 -3 12 -3 12 -3 0 0 12 -3 12 -4 12 -4 12 -4 12 -4 11 -4 12 -4 12 -4 12 -5 11 -4 11 -5 11 -5 11 -5 11 -6 11 -6 11 -6 11 -6 11 -6 11 -6 11 -6 11 -7 11 -7 11 -7 11 -7 10 -7 11 -8 0 0 0 0 0 0 0 0 0 0]"
"1773838331151601,CSI_DATA,STATION,00:00:00:00:00:00,0,0,0,0,0,0,0,0,0,0,0,0,0,0,0,0,0,0,0,0,0,128,[84 -64 4 0 0 0 0 0 0 0 0 0 -15 8 -16 8 -16 8 -17 7 -16 7 -16 6 -16 5 -16 5 -17 5 -17 5 -17 4 -17 4 -17 4 -16 3 -16 3 -17 3 -16 3 -16 3 -16 3 -16 3 -15 2 -15 3 -15 2 -15 2 -15 3 -14 3 0 0 -15 3 -15 3 -14 3 -14 4 -14 3 -14 4 -14 4 -14 4 -14 4 -14 5 -14 5 -13 5 -13 5 -13 5 -13 6 -13 5 -13 6 -13 6 -13 6 -13 7 -13 7 -13 7 -13 7 -13 8 -13 7 -13 8 0 0 0 0 0 0 0 0 0 0]"
"1773838331163346,CSI_DATA,STATION,00:00:00:00:00:00,0,0,0,0,0,0,0,0,0,0,0,0,0,0,0,0,0,0,0,0,0,128,[84 -64 4 0 0 0 0 0 0 0 0 0 9 12 9 12 8 14 8 13 8 13 7 14 7 14 6 13 6 14 6 14 6 14 5 14 5 14 5 14 5 14 5 14 4 13 4 13 5 13 4 13 4 13 4 13 5 12 4 12 5 12 5 12 0 0 5 12 5 12 5 12 5 11 5 11 6 11 5 11 6 11 6 11 6 10 7 11 7 11 7 10 7 10 7 10 7 10 7 10 8 9 8 10 8 9 9 9 8 10 9 9 9 10 9 9 9 9 0 0 0 0 0 0 0 0 0 0]"
"1773838331163346,CSI_DATA,STATION,00:00:00:00:00:00,0,0,0,0,0,0,0,0,0,0,0,0,0,0,0,0,0,0,0,0,0,128,[84 -64 4 0 0 0 0 0 0 0 0 0 16 -5 16 -4 16 -3 16 -3 16 -3 16 -2 16 -2 16 -2 16 -1 16 -1 16 -1 16 0 16 0 16 0 15 0 15 0 15 0 15 0 14 0 15 0 14 0 14 0 14 0 14 0 14 0 14 0 0 0 13 -1 13 -1 13 -2 13 -2 13 -2 13 -2 13 -2 13 -3 13 -3 13 -3 13 -4 12 -3 13 -3 12 -4 12 -4 13 -5 13 -5 13 -5 13 -5 13 -5 12 -5 12 -6 12 -6 13 -6 12 -6 12 -7 0 0 0 0 0 0 0 0 0 0]"
"1773838331179252,CSI_DATA,STATION,00:00:00:00:00:00,0,0,0,0,0,0,0,0,0,0,0,0,0,0,0,0,0,0,0,0,0,128,[84 -64 4 0 0 0 0 0 0 0 0 0 -12 13 -13 13 -13 12 -14 12 -13 12 -13 11 -13 10 -14 9 -14 10 -14 10 -14 9 -14 9 -15 9 -14 9 -14 9 -14 8 -14 8 -14 7 -14 8 -13 8 -14 8 -13 7 -13 8 -13 7 -13 8 -13 8 0 0 -12 8 -12 8 -12 9 -11 8 -11 8 -11 8 -11 9 -11 9 -11 9 -10 9 -10 9 -10 10 -10 10 -10 10 -10 10 -9 10 -9 10 -9 10 -9 11 -9 11 -9 11 -9 11 -8 12 -7 12 -8 12 -8 12 0 0 0 0 0 0 0 0 0 0]"
"1773838331195139,CSI_DATA,STATION,00:00:00:00:00:00,0,0,0,0,0,0,0,0,0,0,0,0,0,0,0,0,0,0,0,0,0,128,[84 -64 4 0 0 0 0 0 0 0 0 0 -2 16 -3 16 -3 17 -4 17 -4 16 -5 16 -5 16 -5 16 -6 15 -6 15 -7 15 -7 15 -7 16 -7 15 -7 15 -7 14 -7 14 -7 13 -7 14 -7 14 -7 14 -6 13 -7 13 -7 13 -7 13 -7 13 0 0 -6 12 -6 13 -5 13 -6 13 -6 13 -5 13 -5 13 -5 13 -4 13 -4 13 -4 13 -4 13 -3 13 -3 13 -3 13 -3 13 -2 14 -2 13 -3 14 -2 14 -2 14 -2 14 -1 14 -1 14 -2 14 -1 14 0 0 0 0 0 0 0 0 0 0]"
"1773838331195139,CSI_DATA,STATION,00:00:00:00:00:00,0,0,0,0,0,0,0,0,0,0,0,0,0,0,0,0,0,0,0,0,0,128,[84 -64 4 0 0 0 0 0 0 0 0 0 -12 -11 -12 -12 -11 -13 -11 -13 -10 -13 -10 -13 -9 -13 -9 -14 -9 -14 -9 -14 -8 -14 -8 -14 -8 -14 -8 -14 -8 -14 -7 -13 -7 -13 -7 -13 -7 -13 -7 -13 -7 -13 -7 -13 -7 -13 -7 -12 -7 -12 -7 -12 0 0 -7 -12 -7 -12 -7 -12 -8 -11 -8 -11 -8 -12 -8 -11 -8 -11 -8 -10 -8 -10 -9 -10 -9 -10 -9 -10 -9 -10 -9 -9 -9 -9 -9 -9 -10 -9 -10 -9 -10 -9 -10 -9 -10 -9 -10 -9 -11 -9 -11 -8 -11 -9 0 0 0 0 0 0 0 0 0 0]"
"1773838331212209,CSI_DATA,STATION,00:00:00:00:00:00,0,0,0,0,0,0,0,0,0,0,0,0,0,0,0,0,0,0,0,0,0,128,[84 -64 4 0 0 0 0 0 0 0 0 0 13 -8 14 -8 14 -7 15 -6 14 -6 14 -6 15 -5 15 -5 15 -5 14 -5 15 -4 15 -4 15 -3 14 -3 14 -3 14 -3 14 -3 14 -3 13 -3 14 -3 13 -3 13 -3 13 -3 12 -3 13 -3 13 -3 0 0 12 -3 12 -3 12 -4 12 -4 12 -4 12 -4 12 -4 11 -4 12 -5 11 -4 12 -5 11 -5 11 -5 11 -5 11 -6 11 -6 11 -6 11 -6 11 -6 11 -6 11 -7 11 -7 11 -7 11 -8 11 -7 11 -8 0 0 0 0 0 0 0 0 0 0]"
"1773838331227053,CSI_DATA,STATION,00:00:00:00:00:00,0,0,0,0,0,0,0,0,0,0,0,0,0,0,0,0,0,0,0,0,0,128,[84 -64 4 0 0 0 0 0 0 0 0 0 -9 -15 -9 -16 -8 -16 -8 -17 -7 -17 -7 -17 -6 -17 -6 -17 -5 -17 -5 -17 -5 -17 -4 -17 -4 -17 -4 -17 -4 -16 -4 -16 -3 -16 -3 -15 -3 -16 -3 -16 -3 -16 -3 -16 -4 -15 -4 -16 -4 -15 -4 -15 0 0 -4 -15 -4 -14 -4 -15 -4 -14 -4 -14 -5 -14 -5 -14 -5 -14 -5 -14 -6 -13 -6 -13 -6 -13 -7 -13 -7 -14 -7 -13 -7 -13 -7 -13 -7 -13 -8 -13 -8 -13 -8 -13 -8 -13 -8 -12 -9 -13 -9 -12 -9 -12 0 0 0 0 0 0 0 0 0 0]"
"1773838331227053,CSI_DATA,STATION,00:00:00:00:00:00,0,0,0,0,0,0,0,0,0,0,0,0,0,0,0,0,0,0,0,0,0,128,[84 -64 4 0 0 0 0 0 0 0 0 0 14 -6 15 -5 15 -4 15 -4 15 -4 15 -3 15 -3 15 -3 15 -2 15 -2 15 -2 15 -1 15 -2 15 -2 14 -1 14 -1 14 -1 14 -1 14 -1 14 -1 14 -1 13 -1 13 -1 13 -2 13 -2 13 -2 0 0 13 -2 13 -2 12 -3 12 -3 12 -3 12 -3 12 -3 12 -4 12 -4 12 -4 12 -4 11 -4 11 -5 11 -5 12 -5 11 -5 12 -6 11 -5 11 -6 11 -6 12 -6 11 -7 11 -7 11 -8 11 -7 11 -7 0 0 0 0 0 0 0 0 0 0]"
"1773838331242813,CSI_DATA,STATION,00:00:00:00:00:00,0,0,0,0,0,0,0,0,0,0,0,0,0,0,0,0,0,0,0,0,0,128,[84 -64 4 0 0 0 0 0 0 0 0 0 13 -8 13 -8 14 -8 14 -7 14 -7 14 -6 14 -6 14 -5 14 -5 14 -5 14 -5 14 -4 14 -4 14 -4 14 -4 13 -3 13 -3 13 -3 13 -3 13 -3 13 -3 13 -3 13 -3 13 -3 13 -3 12 -3 0 0 12 -4 12 -4 12 -4 12 -4 12 -4 11 -5 12 -5 11 -5 11 -5 11 -5 11 -6 11 -5 11 -6 11 -6 11 -6 11 -7 11 -7 11 -7 11 -7 11 -7 11 -7 10 -8 11 -8 11 -8 10 -8 10 -8 0 0 0 0 0 0 0 0 0 0]"
"1773838331242813,CSI_DATA,STATION,00:00:00:00:00:00,0,0,0,0,0,0,0,0,0,0,0,0,0,0,0,0,0,0,0,0,0,128,[84 -64 4 0 0 0 0 0 0 0 0 0 -7 19 -7 19 -8 20 -9 19 -10 19 -10 19 -11 18 -11 17 -11 18 -11 18 -11 17 -12 17 -12 17 -12 17 -12 17 -12 16 -12 15 -11 15 -12 16 -12 16 -12 15 -11 15 -11 14 -11 15 -11 15 -11 15 0 0 -10 14 -10 15 -9 15 -9 14 -9 15 -9 15 -9 15 -9 15 -8 15 -8 15 -7 15 -7 16 -7 16 -7 17 -7 16 -6 16 -6 16 -6 16 -6 16 -6 17 -5 17 -5 18 -5 17 -4 18 -4 17 -4 17 0 0 0 0 0 0 0 0 0 0]"
"1773838331258556,CSI_DATA,STATION,00:00:00:00:00:00,0,0,0,0,0,0,0,0,0,0,0,0,0,0,0,0,0,0,0,0,0,128,[84 -64 4 0 0 0 0 0 0 0 0 0 11 12 10 13 10 13 9 14 9 14 9 14 8 14 8 14 8 14 8 14 7 14 7 14 7 14 7 14 6 14 6 14 6 14 5 14 6 14 5 14 5 14 6 13 5 13 5 13 6 13 6 13 0 0 6 12 6 12 6 13 6 12 7 12 7 12 7 12 7 11 7 11 7 10 8 11 8 11 8 11 9 11 8 10 9 10 8 11 9 10 9 10 9 10 10 10 10 10 10 10 10 10 10 9 11 9 0 0 0 0 0 0 0 0 0 0]"
"1773838331277332,CSI_DATA,STATION,00:00:00:00:00:00,0,0,0,0,0,0,0,0,0,0,0,0,0,0,0,0,0,0,0,0,0,128,[84 -64 4 0 0 0 0 0 0 0 0 0 -17 -1 -17 -1 -18 -2 -17 -3 -17 -3 -17 -3 -17 -3 -17 -4 -17 -4 -16 -5 -17 -5 -17 -5 -16 -5 -16 -5 -16 -5 -16 -5 -16 -5 -15 -5 -15 -5 -15 -5 -15 -5 -15 -5 -15 -5 -15 -5 -14 -5 -14 -5 0 0 -14 -4 -14 -4 -14 -3 -14 -3 -14 -3 -14 -3 -14 -3 -14 -3 -14 -2 -14 -2 -15 -1 -14 -2 -14 -2 -14 -1 -15 -1 -15 -1 -14 -1 -15 0 -14 0 -15 0 -15 0 -15 0 -15 1 -15 0 -15 1 -15 1 0 0 0 0 0 0 0 0 0 0]"
"1773838331289357,CSI_DATA,STATION,00:00:00:00:00:00,0,0,0,0,0,0,0,0,0,0,0,0,0,0,0,0,0,0,0,0,0,128,[84 -64 4 0 0 0 0 0 0 0 0 0 -15 2 -15 1 -16 1 -16 1 -16 0 -15 -1 -15 -1 -15 -1 -15 -2 -15 -2 -15 -2 -15 -3 -15 -3 -15 -3 -15 -3 -15 -3 -15 -3 -14 -3 -14 -3 -14 -4 -13 -3 -14 -3 -13 -3 -13 -3 -13 -3 -13 -3 0 0 -13 -3 -13 -2 -13 -2 -13 -2 -13 -2 -12 -2 -13 -2 -13 -2 -13 -1 -13 -1 -13 -1 -13 -1 -13 -1 -13 -1 -13 0 -13 0 -13 0 -13 0 -13 0 -13 1 -13 1 -14 1 -14 1 -14 1 -14 1 -14 1 0 0 0 0 0 0 0 0 0 0]"
"1773838331301538,CSI_DATA,STATION,00:00:00:00:00:00,0,0,0,0,0,0,0,0,0,0,0,0,0,0,0,0,0,0,0,0,0,128,[84 -64 4 0 0 0 0 0 0 0 0 0 -18 -11 -17 -11 -17 -12 -17 -13 -17 -14 -16 -13 -16 -14 -15 -14 -15 -15 -15 -15 -14 -15 -14 -15 -14 -15 -14 -15 -13 -16 -13 -14 -13 -15 -12 -15 -12 -15 -12 -15 -12 -15 -11 -15 -12 -13 -12 -14 -12 -14 -12 -14 0 0 -12 -13 -12 -14 -12 -13 -12 -12 -12 -13 -12 -13 -12 -12 -13 -12 -13 -12 -13 -11 -14 -11 -14 -11 -14 -11 -14 -11 -14 -10 -14 -11 -15 -10 -15 -10 -15 -10 -15 -10 -16 -10 -16 -10 -16 -10 -16 -9 -17 -9 -16 -9 0 0 0 0 0 0 0 0 0 0]"
"1773838331312397,CSI_DATA,STATION,00:00:00:00:00:00,0,0,0,0,0,0,0,0,0,0,0,0,0,0,0,0,0,0,0,0,0,128,[84 -64 4 0 0 0 0 0 0 0 0 0 -14 8 -15 8 -15 7 -16 7 -16 6 -16 6 -16 5 -16 5 -16 4 -16 5 -16 4 -16 4 -16 4 -16 4 -16 3 -15 3 -16 3 -15 2 -15 3 -15 3 -15 3 -15 2 -14 3 -14 3 -14 3 -14 3 0 0 -14 3 -14 3 -14 4 -13 4 -14 4 -13 4 -13 4 -13 4 -13 4 -12 4 -13 5 -12 6 -12 6 -13 6 -12 6 -13 6 -12 6 -13 6 -12 6 -12 6 -13 7 -12 7 -12 7 -12 8 -12 8 -12 8 0 0 0 0 0 0 0 0 0 0]"
"1773838331321280,CSI_DATA,STATION,00:00:00:00:00:00,0,0,0,0,0,0,0,0,0,0,0,0,0,0,0,0,0,0,0,0,0,128,[84 -64 4 0 0 0 0 0 0 0 0 0 3 15 2 16 1 16 1 17 1 16 0 16 -1 16 -1 15 -1 15 -2 16 -2 15 -2 15 -3 16 -3 15 -3 15 -2 15 -3 14 -3 14 -3 15 -3 15 -3 14 -3 14 -3 13 -3 14 -3 13 -3 13 0 0 -2 13 -1 13 -1 14 -1 13 -1 14 -1 13 -1 13 -1 13 -1 12 0 12 0 13 1 13 0 13 1 13 1 13 1 13 2 13 2 14 2 13 2 13 2 13 3 13 2 13 3 14 3 13 3 13 0 0 0 0 0 0 0 0 0 0]"
"1773838331333302,CSI_DATA,STATION,00:00:00:00:00:00,0,0,0,0,0,0,0,0,0,0,0,0,0,0,0,0,0,0,0,0,0,128,[84 -64 4 0 0 0 0 0 0 0 0 0 -7 -15 -6 -16 -6 -17 -5 -17 -4 -17 -4 -17 -3 -16 -3 -16 -3 -16 -3 -16 -3 -17 -3 -17 -2 -17 -2 -16 -2 -16 -1 -15 -1 -16 -1 -15 -2 -16 -1 -15 -1 -15 -1 -15 -2 -14 -2 -15 -2 -15 -2 -15 0 0 -2 -14 -3 -14 -3 -15 -3 -13 -3 -14 -3 -14 -3 -14 -3 -14 -4 -13 -4 -13 -5 -13 -5 -13 -5 -13 -5 -14 -5 -13 -5 -13 -6 -13 -6 -13 -6 -13 -6 -13 -6 -13 -7 -13 -7 -13 -8 -13 -8 -12 -8 -13 0 0 0 0 0 0 0 0 0 0]"
"1773838331339059,CSI_DATA,STATION,00:00:00:00:00:00,0,0,0,0,0,0,0,0,0,0,0,0,0,0,0,0,0,0,0,0,0,128,[84 -64 4 0 0 0 0 0 0 0 0 0 12 -11 12 -10 13 -10 13 -10 13 -9 14 -9 14 -8 14 -8 14 -8 14 -8 14 -8 14 -7 14 -7 14 -7 13 -7 13 -6 13 -6 13 -6 14 -6 13 -6 13 -6 13 -6 13 -6 13 -6 12 -6 12 -6 0 0 12 -6 12 -7 12 -7 12 -7 11 -7 11 -7 11 -8 11 -8 11 -8 11 -8 10 -8 11 -9 10 -9 10 -9 10 -9 10 -9 10 -9 10 -10 10 -10 10 -10 9 -10 9 -11 9 -11 9 -11 9 -11 9 -11 0 0 0 0 0 0 0 0 0 0]"
"1773838331353047,CSI_DATA,STATION,00:00:00:00:00:00,0,0,0,0,0,0,0,0,0,0,0,0,0,0,0,0,0,0,0,0,0,128,[84 -64 4 0 0 0 0 0 0 0 0 0 7 -15 8 -15 8 -14 9 -14 9 -14 9 -13 10 -13 10 -13 10 -12 10 -12 11 -12 11 -12 11 -12 10 -12 11 -11 11 -11 10 -11 10 -10 10 -11 11 -11 10 -11 10 -11 10 -10 10 -10 10 -11 10 -11 0 0 9 -11 9 -11 9 -11 8 -11 9 -11 9 -11 8 -11 8 -11 8 -11 7 -11 7 -11 7 -12 7 -12 7 -12 6 -12 7 -12 6 -13 6 -13 6 -13 6 -13 6 -13 6 -13 5 -13 5 -14 5 -14 6 -14 0 0 0 0 0 0 0 0 0 0]"
"1773838331363086,CSI_DATA,STATION,00:00:00:00:00:00,0,0,0,0,0,0,0,0,0,0,0,0,0,0,0,0,0,0,0,0,0,128,[84 -64 4 0 0 0 0 0 0 0 0 0 6 -13 7 -14 7 -14 7 -14 7 -13 8 -13 8 -12 8 -12 9 -12 8 -12 9 -12 9 -11 9 -11 9 -11 9 -11 9 -11 9 -10 9 -10 9 -11 9 -10 9 -10 9 -10 8 -9 9 -10 9 -10 8 -10 0 0 8 -10 8 -10 8 -10 8 -10 7 -10 7 -10 7 -10 7 -10 7 -10 7 -10 6 -11 6 -11 6 -11 6 -11 6 -11 6 -12 5 -12 6 -12 5 -12 5 -12 5 -12 5 -13 5 -12 4 -12 5 -13 4 -13 0 0 0 0 0 0 0 0 0 0]"
"1773838331378857,CSI_DATA,STATION,00:00:00:00:00:00,0,0,0,0,0,0,0,0,0,0,0,0,0,0,0,0,0,0,0,0,0,128,[84 -64 4 0 0 0 0 0 0 0 0 0 -20 6 -21 5 -21 5 -21 4 -21 4 -21 3 -21 2 -21 2 -21 2 -21 1 -21 0 -21 0 -21 0 -21 0 -21 0 -21 0 -19 -1 -19 0 -20 0 -19 0 -19 0 -19 0 -19 0 -19 -1 -19 0 -19 0 0 0 -18 0 -18 0 -18 1 -18 1 -18 1 -17 2 -18 2 -17 2 -17 2 -18 2 -18 3 -18 3 -17 4 -17 3 -18 4 -17 4 -17 5 -18 5 -17 5 -18 5 -18 6 -18 6 -17 6 -17 7 -18 6 -18 7 0 0 0 0 0 0 0 0 0 0]"
"1773838331393560,CSI_DATA,STATION,00:00:00:00:00:00,0,0,0,0,0,0,0,0,0,0,0,0,0,0,0,0,0,0,0,0,0,128,[84 -64 4 0 0 0 0 0 0 0 0 0 7 -15 9 -15 8 -14 9 -15 10 -14 10 -14 10 -13 11 -13 11 -13 11 -13 11 -12 11 -12 11 -12 11 -12 12 -12 11 -11 11 -11 11 -10 11 -11 12 -10 11 -11 11 -10 10 -10 11 -10 11 -11 11 -11 0 0 10 -10 10 -10 10 -11 10 -10 10 -10 10 -11 9 -11 9 -11 9 -11 8 -11 8 -11 8 -11 9 -12 8 -12 8 -12 8 -12 8 -12 8 -12 8 -12 7 -13 7 -13 7 -13 7 -13 7 -13 7 -13 7 -14 0 0 0 0 0 0 0 0 0 0]"
"1773838331404643,CSI_DATA,STATION,00:00:00:00:00:00,0,0,0,0,0,0,0,0,0,0,0,0,0,0,0,0,0,0,0,0,0,128,[84 -64 4 0 0 0 0 0 0 0 0 0 15 2 15 2 14 2 14 3 15 3 14 3 14 4 14 4 14 5 14 5 14 6 13 5 13 6 13 6 13 6 12 6 12 6 12 6 12 6 12 6 12 6 12 5 12 5 12 5 12 5 12 5 0 0 11 5 12 5 12 4 12 4 11 4 12 4 11 4 12 3 12 3 12 3 12 3 12 3 12 3 12 2 12 2 12 2 12 2 13 2 13 1 13 1 13 1 13 1 13 1 13 0 13 0 13 0 0 0 0 0 0 0 0 0 0 0]"
"1773838331416408,CSI_DATA,STATION,00:00:00:00:00:00,0,0,0,0,0,0,0,0,0,0,0,0,0,0,0,0,0,0,0,0,0,128,[84 -64 4 0 0 0 0 0 0 0 0 0 12 -9 13 -9 13 -9 14 -9 13 -8 14 -8 14 -7 13 -7 14 -6 13 -6 14 -6 14 -6 14 -6 14 -5 14 -5 14 -5 13 -5 13 -5 13 -5 13 -5 13 -5 13 -5 12 -4 13 -5 12 -5 12 -5 0 0 12 -5 12 -5 12 -5 11 -5 12 -6 11 -7 12 -6 11 -7 11 -6 11 -7 11 -7 10 -7 11 -7 11 -8 10 -8 10 -8 10 -8 10 -8 10 -9 10 -9 10 -9 10 -9 9 -10 10 -10 9 -10 9 -10 0 0 0 0 0 0 0 0 0 0]"
"1773838331426427,CSI_DATA,STATION,00:00:00:00:00:00,0,0,0,0,0,0,0,0,0,0,0,0,0,0,0,0,0,0,0,0,0,128,[84 -64 4 0 0 0 0 0 0 0 0 0 -15 6 -15 6 -15 6 -16 5 -15 5 -16 4 -15 4 -16 3 -16 3 -16 3 -16 3 -16 2 -15 3 -15 2 -15 2 -15 2 -15 2 -15 2 -15 2 -14 1 -14 2 -14 2 -14 2 -14 2 -14 2 -14 2 0 0 -13 2 -13 3 -13 3 -13 3 -13 3 -13 3 -13 3 -13 3 -13 4 -12 4 -13 4 -12 5 -12 5 -12 5 -12 5 -12 6 -12 5 -12 6 -12 6 -12 7 -12 6 -12 7 -12 7 -12 7 -11 7 -11 7 0 0 0 0 0 0 0 0 0 0]"
"1773838331436188,CSI_DATA,STATION,00:00:00:00:00:00,0,0,0,0,0,0,0,0,0,0,0,0,0,0,0,0,0,0,0,0,0,128,[84 -64 4 0 0 0 0 0 0 0 0 0 13 13 12 14 12 15 11 15 11 15 10 15 10 15 9 15 9 15 9 16 8 16 8 16 8 16 8 16 8 16 7 16 7 15 7 15 7 15 7 16 7 15 6 15 6 15 6 15 7 14 7 14 0 0 7 14 7 14 7 14 7 13 7 13 8 13 8 13 8 13 8 12 8 12 9 12 8 12 9 12 9 12 9 11 10 11 10 11 10 11 10 11 11 11 11 11 11 11 11 11 12 11 11 11 12 10 0 0 0 0 0 0 0 0 0 0]"
"1773838331446204,CSI_DATA,STATION,00:00:00:00:00:00,0,0,0,0,0,0,0,0,0,0,0,0,0,0,0,0,0,0,0,0,0,128,[84 -64 4 0 0 0 0 0 0 0 0 0 -6 17 -7 17 -8 17 -9 17 -9 16 -9 16 -10 15 -10 15 -10 15 -11 15 -11 14 -11 15 -11 14 -10 14 -11 14 -11 13 -11 13 -11 12 -11 13 -11 13 -11 13 -11 12 -10 12 -10 13 -10 13 -10 12 0 0 -9 12 -9 13 -9 13 -9 12 -8 13 -8 12 -8 13 -8 13 -8 13 -7 13 -7 13 -6 13 -6 14 -6 14 -6 13 -6 14 -5 14 -5 14 -6 14 -5 14 -5 14 -5 15 -4 15 -4 15 -4 15 -4 15 0 0 0 0 0 0 0 0 0 0]"
"1773838331457968,CSI_DATA,STATION,00:00:00:00:00:00,0,0,0,0,0,0,0,0,0,0,0,0,0,0,0,0,0,0,0,0,0,128,[84 -64 4 0 0 0 0 0 0 0 0 0 -10 -13 -10 -14 -10 -14 -9 -15 -9 -15 -9 -14 -8 -14 -8 -15 -7 -15 -7 -15 -7 -15 -7 -15 -7 -15 -6 -15 -6 -15 -6 -15 -5 -14 -5 -14 -5 -14 -5 -14 -5 -14 -5 -14 -5 -13 -5 -14 -5 -13 -6 -13 0 0 -6 -13 -6 -13 -6 -13 -6 -12 -6 -13 -6 -13 -6 -12 -6 -12 -6 -12 -7 -11 -8 -11 -7 -12 -8 -11 -8 -11 -8 -11 -8 -12 -8 -11 -9 -11 -9 -11 -9 -11 -9 -11 -9 -11 -10 -11 -10 -11 -10 -10 -10 -10 0 0 0 0 0 0 0 0 0 0]"
"1773838331467732,CSI_DATA,STATION,00:00:00:00:00:00,0,0,0,0,0,0,0,0,0,0,0,0,0,0,0,0,0,0,0,0,0,128,[84 -64 4 0 0 0 0 0 0 0 0 0 2 16 2 16 1 18 0 17 0 17 0 16 -1 16 -1 16 -2 16 -2 17 -2 17 -2 16 -3 17 -3 16 -2 15 -3 15 -3 15 -3 15 -3 15 -4 15 -3 15 -3 14 -4 14 -3 15 -3 14 -2 14 0 0 -3 14 -2 14 -2 14 -1 13 -2 13 -1 13 -1 14 -1 13 -1 13 -1 13 0 13 0 14 0 14 1 14 1 14 1 13 1 14 1 13 1 14 2 13 2 13 2 14 2 14 3 14 3 14 3 14 0 0 0 0 0 0 0 0 0 0]"
"1773838331477750,CSI_DATA,STATION,00:00:00:00:00:00,0,0,0,0,0,0,0,0,0,0,0,0,0,0,0,0,0,0,0,0,0,128,[84 -64 4 0 0 0 0 0 0 0 0 0 14 8 14 9 14 10 14 10 13 10 13 10 13 10 12 10 12 11 11 12 11 11 11 12 11 12 10 12 11 12 10 11 10 11 9 11 10 11 9 11 9 11 9 11 9 11 9 11 9 11 9 11 0 0 9 10 9 10 10 11 9 9 9 10 10 9 9 9 10 9 10 9 10 8 11 8 10 9 10 8 11 8 11 8 11 8 11 8 11 8 11 8 12 7 12 8 12 8 12 8 12 8 12 7 12 7 0 0 0 0 0 0 0 0 0 0]"
"1773838331489517,CSI_DATA,STATION,00:00:00:00:00:00,0,0,0,0,0,0,0,0,0,0,0,0,0,0,0,0,0,0,0,0,0,128,[84 -64 4 0 0 0 0 0 0 0 0 0 -2 15 -3 15 -3 15 -4 15 -4 15 -5 15 -5 14 -5 14 -5 14 -5 14 -6 14 -6 14 -6 14 -6 14 -6 14 -6 13 -6 13 -6 12 -6 13 -6 13 -6 13 -6 13 -6 12 -5 12 -6 12 -5 12 0 0 -5 12 -5 12 -4 12 -4 12 -4 12 -4 12 -3 12 -3 12 -3 11 -3 12 -3 12 -2 12 -2 12 -2 13 -2 12 -2 12 -1 12 -1 12 -1 13 -1 12 -1 13 -1 13 0 13 0 13 0 13 0 13 0 0 0 0 0 0 0 0 0 0]"
"1773838331503291,CSI_DATA,STATION,00:00:00:00:00:00,0,0,0,0,0,0,0,0,0,0,0,0,0,0,0,0,0,0,0,0,0,128,[84 -64 4 0 0 0 0 0 0 0 0 0 -15 -7 -15 -8 -15 -9 -15 -9 -14 -10 -14 -9 -13 -10 -13 -10 -13 -10 -13 -11 -13 -11 -12 -11 -13 -11 -12 -11 -12 -11 -12 -11 -12 -11 -11 -10 -11 -10 -11 -11 -11 -11 -11 -10 -11 -10 -11 -10 -11 -10 -11 -10 0 0 -11 -9 -11 -9 -11 -9 -12 -8 -11 -8 -12 -8 -12 -8 -12 -8 -12 -7 -12 -7 -13 -7 -12 -6 -12 -7 -12 -6 -12 -6 -12 -6 -13 -6 -13 -6 -13 -5 -13 -5 -13 -5 -14 -5 -13 -5 -14 -5 -14 -4 -14 -4 0 0 0 0 0 0 0 0 0 0]"
"1773838331512557,CSI_DATA,STATION,00:00:00:00:00:00,0,0,0,0,0,0,0,0,0,0,0,0,0,0,0,0,0,0,0,0,0,128,[84 -64 4 0 0 0 0 0 0 0 0 0 7 14 6 15 5 16 5 16 4 16 4 16 4 16 3 16 3 15 2 16 3 16 2 16 1 16 2 16 2 16 1 15 1 15 0 14 1 15 1 14 1 14 1 14 1 14 1 14 1 14 2 13 0 0 2 13 2 14 2 13 2 13 2 13 3 13 2 13 3 13 3 13 3 12 4 12 4 12 4 12 4 13 5 12 4 12 5 13 5 12 5 12 5 11 5 12 6 12 6 12 6 12 6 12 6 12 0 0 0 0 0 0 0 0 0 0]"
"1773838331512557,CSI_DATA,STATION,00:00:00:00:00:00,0,0,0,0,0,0,0,0,0,0,0,0,0,0,0,0,0,0,0,0,0,128,[84 -64 4 0 0 0 0 0 0 0 0 0 -10 14 -11 13 -11 13 -12 13 -12 13 -12 12 -12 11 -13 11 -13 11 -12 11 -13 11 -13 10 -13 11 -13 10 -13 10 -13 9 -13 10 -12 9 -12 9 -12 10 -12 9 -12 9 -11 9 -11 9 -11 10 -11 9 0 0 -11 9 -11 10 -10 10 -10 9 -9 10 -9 10 -9 10 -9 10 -9 10 -8 10 -8 11 -8 11 -8 12 -8 12 -8 11 -8 11 -7 12 -7 11 -7 11 -7 12 -6 12 -7 13 -6 13 -5 13 -6 13 -6 13 0 0 0 0 0 0 0 0 0 0]"
"1773838331531094,CSI_DATA,STATION,00:00:00:00:00:00,0,0,0,0,0,0,0,0,0,0,0,0,0,0,0,0,0,0,0,0,0,128,[84 -64 4 0 0 0 0 0 0 0 0 0 18 3 19 4 18 5 18 5 18 6 18 6 18 7 17 7 17 7 16 7 16 8 17 8 16 8 16 8 15 8 15 8 15 8 14 8 15 8 14 8 14 8 14 7 14 7 14 7 14 7 14 7 0 0 14 7 14 7 14 7 13 6 14 6 13 6 14 5 14 5 13 5 14 4 14 4 14 4 14 4 14 4 14 4 15 3 15 3 15 3 15 3 15 2 15 2 15 2 15 2 15 2 15 1 15 1 0 0 0 0 0 0 0 0 0 0]"
"1773838331544864,CSI_DATA,STATION,00:00:00:00:00:00,0,0,0,0,0,0,0,0,0,0,0,0,0,0,0,0,0,0,0,0,0,128,[84 -64 4 0 0 0 0 0 0 0 0 0 -18 -2 -18 -3 -18 -3 -18 -4 -18 -4 -17 -5 -18 -5 -17 -6 -17 -6 -17 -7 -17 -7 -16 -7 -16 -8 -16 -7 -16 -7 -16 -7 -15 -7 -15 -7 -15 -7 -15 -7 -14 -7 -15 -7 -14 -7 -14 -7 -14 -7 -14 -7 0 0 -14 -6 -14 -5 -14 -5 -14 -5 -14 -5 -14 -5 -14 -5 -14 -4 -14 -4 -14 -4 -14 -4 -14 -3 -14 -3 -14 -3 -14 -2 -14 -2 -15 -2 -15 -2 -15 -1 -15 -2 -15 -2 -15 -1 -15 -2 -15 -1 -15 -1 -15 -1 0 0 0 0 0 0 0 0 0 0]"
"1773838331552884,CSI_DATA,STATION,00:00:00:00:00:00,0,0,0,0,0,0,0,0,0,0,0,0,0,0,0,0,0,0,0,0,0,128,[84 -64 4 0 0 0 0 0 0 0 0 0 18 6 17 7 17 8 17 8 16 9 16 9 16 10 16 10 16 10 15 11 15 10 15 10 15 11 14 11 14 11 14 11 13 11 13 11 13 11 13 11 12 11 12 10 12 10 13 10 12 10 12 10 0 0 13 9 12 10 13 9 12 9 12 9 12 8 12 9 12 8 13 8 13 7 13 7 13 7 13 7 13 7 14 6 14 6 14 6 14 6 14 6 14 5 14 5 15 5 15 5 15 5 15 4 15 4 0 0 0 0 0 0 0 0 0 0]"
"1773838331562648,CSI_DATA,STATION,00:00:00:00:00:00,0,0,0,0,0,0,0,0,0,0,0,0,0,0,0,0,0,0,0,0,0,128,[84 -64 4 0 0 0 0 0 0 0 0 0 21 0 22 1 21 2 22 3 21 4 22 4 20 5 20 5 21 5 20 5 20 5 20 6 20 6 19 6 19 6 19 7 19 7 18 7 19 7 18 7 18 7 18 7 17 6 17 6 17 5 17 6 0 0 17 5 17 5 18 5 16 4 17 4 17 4 16 4 17 4 17 4 16 2 17 2 17 2 17 2 18 2 17 2 18 1 17 1 18 1 18 1 17 0 18 0 18 0 18 -1 18 -1 18 -2 18 -2 0 0 0 0 0 0 0 0 0 0]"
"1773838331570664,CSI_DATA,STATION,00:00:00:00:00:00,0,0,0,0,0,0,0,0,0,0,0,0,0,0,0,0,0,0,0,0,0,128,[84 -64 4 0 0 0 0 0 0 0 0 0 13 10 14 10 13 11 13 12 13 12 12 12 11 12 11 12 11 12 10 13 10 13 10 13 9 14 10 13 10 13 9 13 8 13 8 12 8 13 8 13 8 13 8 13 8 12 8 12 8 12 8 12 0 0 8 11 8 11 9 12 8 11 8 11 9 11 9 11 9 10 9 10 9 9 9 10 9 10 10 10 10 10 10 9 10 9 10 9 11 9 10 9 11 9 11 9 11 9 11 9 11 9 11 8 11 8 0 0 0 0 0 0 0 0 0 0]"
"1773838331582435,CSI_DATA,STATION,00:00:00:00:00:00,0,0,0,0,0,0,0,0,0,0,0,0,0,0,0,0,0,0,0,0,0,128,[84 -64 4 0 0 0 0 0 0 0 0 0 -10 -12 -10 -13 -9 -14 -9 -14 -9 -14 -8 -14 -8 -14 -7 -14 -7 -15 -7 -15 -6 -15 -6 -15 -6 -15 -6 -15 -6 -15 -5 -14 -5 -14 -5 -14 -6 -14 -5 -14 -5 -14 -5 -14 -5 -13 -5 -14 -5 -13 -5 -13 0 0 -5 -13 -6 -12 -6 -13 -6 -12 -6 -12 -6 -13 -7 -12 -7 -12 -7 -11 -7 -11 -7 -11 -7 -11 -8 -11 -8 -12 -7 -11 -8 -11 -9 -11 -9 -11 -9 -11 -9 -11 -9 -11 -9 -11 -9 -11 -10 -11 -10 -10 -10 -11 0 0 0 0 0 0 0 0 0 0]"
"1773838331592198,CSI_DATA,STATION,00:00:00:00:00:00,0,0,0,0,0,0,0,0,0,0,0,0,0,0,0,0,0,0,0,0,0,128,[84 -64 4 0 0 0 0 0 0 0 0 0 5 14 4 14 4 15 4 15 3 15 3 14 2 14 1 15 1 15 1 15 1 15 0 15 0 15 0 15 0 14 0 14 0 13 0 14 0 14 0 14 0 14 0 13 0 13 1 13 0 13 1 13 0 0 1 12 1 13 1 13 1 12 2 12 2 12 2 12 2 12 2 12 3 12 3 12 3 12 4 12 4 12 4 11 4 12 4 12 5 11 5 12 4 11 5 12 5 12 6 12 6 12 6 11 6 11 0 0 0 0 0 0 0 0 0 0]"
"1773838331592198,CSI_DATA,STATION,00:00:00:00:00:00,0,0,0,0,0,0,0,0,0,0,0,0,0,0,0,0,0,0,0,0,0,128,[84 -64 4 0 0 0 0 0 0 0 0 0 15 -3 15 -3 14 -2 15 -2 15 -1 15 -1 15 0 15 0 14 0 14 1 15 1 15 1 15 1 14 1 14 1 14 2 14 2 13 2 13 2 13 2 13 2 13 2 13 2 13 1 13 2 12 1 0 0 13 1 12 1 13 1 12 1 12 1 12 0 12 0 12 0 12 0 12 0 12 -1 12 -1 13 -1 13 -1 12 -1 12 -1 12 -1 13 -2 13 -2 12 -2 12 -3 12 -2 12 -3 13 -3 13 -3 13 -3 0 0 0 0 0 0 0 0 0 0]"
"1773838331612767,CSI_DATA,STATION,00:00:00:00:00:00,0,0,0,0,0,0,0,0,0,0,0,0,0,0,0,0,0,0,0,0,0,128,[84 -64 4 0 0 0 0 0 0 0 0 0 3 -17 4 -17 4 -17 5 -17 6 -17 6 -16 6 -15 7 -15 7 -15 7 -15 8 -15 8 -15 8 -15 8 -15 8 -14 8 -14 8 -13 8 -13 8 -13 8 -14 8 -13 8 -13 8 -13 7 -13 7 -13 7 -13 0 0 7 -13 6 -13 6 -14 6 -13 6 -13 6 -13 6 -13 5 -13 6 -13 5 -13 4 -14 4 -14 4 -14 4 -14 4 -14 4 -14 4 -14 4 -14 3 -14 3 -14 3 -14 3 -15 3 -15 2 -15 2 -15 2 -15 0 0 0 0 0 0 0 0 0 0]"
"1773838331622995,CSI_DATA,STATION,00:00:00:00:00:00,0,0,0,0,0,0,0,0,0,0,0,0,0,0,0,0,0,0,0,0,0,128,[84 -64 4 0 0 0 0 0 0 0 0 0 -17 -2 -17 -3 -18 -3 -17 -4 -17 -5 -16 -5 -16 -5 -16 -6 -16 -6 -16 -7 -16 -7 -16 -7 -16 -7 -15 -7 -15 -7 -15 -7 -14 -7 -14 -6 -14 -7 -14 -8 -14 -7 -14 -7 -14 -7 -14 -7 -14 -7 -14 -7 0 0 -13 -6 -13 -6 -14 -6 -13 -5 -14 -5 -13 -5 -14 -5 -14 -5 -14 -5 -14 -4 -14 -4 -14 -4 -14 -4 -14 -3 -14 -3 -14 -3 -15 -3 -15 -2 -15 -2 -15 -2 -15 -2 -15 -2 -15 -2 -15 -2 -15 -1 -15 -1 0 0 0 0 0 0 0 0 0 0]"
"1773838331634932,CSI_DATA,STATION,00:00:00:00:00:00,0,0,0,0,0,0,0,0,0,0,0,0,0,0,0,0,0,0,0,0,0,128,[84 -64 4 0 0 0 0 0 0 0 0 0 12 -11 13 -11 14 -10 14 -9 14 -9 14 -8 14 -8 14 -8 14 -7 14 -7 15 -7 15 -7 15 -7 15 -7 14 -6 14 -6 14 -5 13 -5 14 -6 14 -6 14 -6 14 -6 13 -6 13 -6 13 -6 13 -6 0 0 12 -6 13 -6 12 -6 12 -6 12 -6 12 -7 12 -7 11 -7 12 -7 11 -7 11 -8 11 -8 11 -8 11 -8 11 -9 11 -9 10 -9 10 -9 10 -9 10 -10 10 -10 10 -10 10 -10 10 -11 10 -10 10 -10 0 0 0 0 0 0 0 0 0 0]"
"1773838331646958,CSI_DATA,STATION,00:00:00:00:00:00,0,0,0,0,0,0,0,0,0,0,0,0,0,0,0,0,0,0,0,0,0,128,[84 -64 4 0 0 0 0 0 0 0 0 0 -2 -19 -1 -18 -1 -19 -1 -19 0 -19 0 -18 1 -18 1 -18 1 -18 2 -19 3 -19 3 -18 3 -19 3 -18 3 -18 3 -18 3 -17 3 -17 3 -17 3 -17 3 -17 3 -17 3 -16 3 -16 3 -16 2 -16 0 0 2 -15 2 -16 2 -16 1 -15 2 -16 1 -16 1 -16 0 -16 0 -15 0 -15 -1 -16 -1 -16 -1 -16 -1 -16 -2 -16 -2 -16 -2 -16 -2 -16 -2 -16 -3 -16 -3 -16 -3 -16 -3 -17 -4 -17 -4 -16 -4 -16 0 0 0 0 0 0 0 0 0 0]"
"1773838331658722,CSI_DATA,STATION,00:00:00:00:00:00,0,0,0,0,0,0,0,0,0,0,0,0,0,0,0,0,0,0,0,0,0,128,[84 -64 4 0 0 0 0 0 0 0 0 0 0 16 0 16 -1 17 -2 16 -2 17 -3 15 -3 16 -3 16 -4 16 -4 16 -4 15 -5 15 -5 16 -5 15 -5 14 -5 15 -5 14 -5 14 -5 14 -5 14 -5 14 -5 14 -5 13 -5 13 -5 13 -5 13 0 0 -4 13 -5 14 -4 14 -4 13 -4 13 -4 13 -3 13 -3 13 -3 13 -2 13 -2 13 -2 13 -2 14 -1 13 -2 13 -2 13 -1 14 -1 13 -1 14 -1 13 -1 13 -1 14 0 14 0 14 0 14 0 14 0 0 0 0 0 0 0 0 0 0]"
"1773838331668479,CSI_DATA,STATION,00:00:00:00:00:00,0,0,0,0,0,0,0,0,0,0,0,0,0,0,0,0,0,0,0,0,0,128,[84 -64 4 0 0 0 0 0 0 0 0 0 10 -13 11 -13 11 -12 11 -12 12 -11 12 -11 12 -10 13 -10 13 -10 12 -10 13 -10 13 -9 13 -9 13 -9 13 -9 13 -8 13 -8 13 -8 13 -8 12 -8 13 -8 13 -8 12 -8 12 -8 12 -8 12 -8 0 0 12 -7 11 -8 11 -8 11 -8 11 -8 11 -8 11 -8 11 -8 11 -8 10 -9 10 -9 10 -9 10 -9 10 -9 10 -10 10 -10 10 -10 10 -10 10 -10 10 -10 10 -10 9 -11 9 -11 9 -11 9 -11 9 -11 0 0 0 0 0 0 0 0 0 0]"
"1773838331680502,CSI_DATA,STATION,00:00:00:00:00:00,0,0,0,0,0,0,0,0,0,0,0,0,0,0,0,0,0,0,0,0,0,128,[84 -64 4 0 0 0 0 0 0 0 0 0 -7 -14 -6 -14 -6 -15 -5 -15 -5 -15 -5 -15 -4 -15 -4 -15 -4 -15 -3 -15 -3 -15 -3 -15 -3 -15 -3 -15 -3 -14 -3 -14 -2 -14 -2 -14 -2 -14 -2 -14 -2 -14 -2 -14 -2 -14 -2 -14 -2 -13 -2 -13 0 0 -2 -13 -3 -13 -3 -13 -3 -13 -3 -13 -3 -13 -4 -13 -4 -13 -4 -12 -4 -12 -5 -12 -5 -12 -5 -12 -5 -12 -5 -12 -5 -12 -6 -13 -6 -12 -6 -12 -6 -12 -6 -12 -7 -12 -6 -12 -7 -12 -7 -12 -7 -12 0 0 0 0 0 0 0 0 0 0]"
"1773838331692266,CSI_DATA,STATION,00:00:00:00:00:00,0,0,0,0,0,0,0,0,0,0,0,0,0,0,0,0,0,0,0,0,0,128,[84 -64 4 0 0 0 0 0 0 0 0 0 -13 -8 -13 -9 -13 -9 -13 -10 -12 -10 -12 -10 -12 -10 -11 -10 -11 -11 -11 -11 -11 -11 -11 -11 -11 -11 -10 -11 -10 -11 -10 -10 -10 -11 -9 -10 -10 -11 -9 -11 -9 -11 -9 -11 -9 -10 -9 -10 -9 -10 -9 -10 0 0 -10 -9 -10 -10 -10 -9 -10 -9 -10 -9 -10 -9 -10 -9 -10 -8 -10 -8 -10 -8 -11 -8 -11 -8 -11 -8 -11 -7 -11 -7 -11 -7 -11 -7 -12 -7 -12 -7 -12 -6 -12 -6 -12 -6 -12 -6 -13 -6 -13 -6 -12 -6 0 0 0 0 0 0 0 0 0 0]"
"1773838331700021,CSI_DATA,STATION,00:00:00:00:00:00,0,0,0,0,0,0,0,0,0,0,0,0,0,0,0,0,0,0,0,0,0,128,[84 -64 4 0 0 0 0 0 0 0 0 0 -11 -11 -11 -11 -11 -12 -11 -12 -10 -12 -10 -12 -9 -13 -9 -13 -9 -13 -8 -13 -8 -13 -8 -13 -7 -14 -8 -13 -7 -13 -7 -13 -6 -13 -6 -12 -7 -13 -6 -13 -6 -13 -7 -13 -6 -12 -7 -12 -7 -13 -6 -12 0 0 -7 -12 -7 -11 -7 -12 -7 -11 -7 -12 -7 -11 -7 -12 -7 -11 -8 -10 -8 -10 -9 -10 -9 -10 -9 -10 -9 -10 -9 -10 -9 -10 -9 -10 -10 -10 -9 -10 -10 -10 -10 -10 -10 -10 -10 -9 -11 -9 -11 -9 -11 -9 0 0 0 0 0 0 0 0 0 0]"
"1773838331715686,CSI_DATA,STATION,00:00:00:00:00:00,0,0,0,0,0,0,0,0,0,0,0,0,0,0,0,0,0,0,0,0,0,128,[84 -64 4 0 0 0 0 0 0 0 0 0 3 16 3 16 3 16 2 17 2 17 1 17 1 16 0 16 0 16 -1 16 -1 16 -1 16 -1 17 -1 16 -1 16 -2 15 -2 15 -2 15 -2 15 -2 15 -2 15 -2 14 -2 14 -2 14 -2 14 -1 14 0 0 -1 14 -1 14 0 14 0 13 -1 14 0 13 0 14 0 14 0 13 1 14 1 14 1 14 1 14 1 14 1 14 2 13 2 14 2 14 2 14 2 14 2 13 3 14 3 14 4 14 3 14 3 14 0 0 0 0 0 0 0 0 0 0]"
"1773838331715686,CSI_DATA,STATION,00:00:00:00:00:00,0,0,0,0,0,0,0,0,0,0,0,0,0,0,0,0,0,0,0,0,0,128,[84 -64 4 0 0 0 0 0 0 0 0 0 -4 16 -5 16 -5 16 -6 17 -6 16 -6 16 -7 15 -8 15 -7 15 -7 15 -8 15 -9 14 -9 15 -9 14 -9 14 -9 13 -9 13 -9 13 -9 13 -9 13 -8 13 -8 13 -8 12 -8 13 -8 13 -8 13 0 0 -8 12 -7 12 -7 13 -7 12 -7 13 -7 12 -7 13 -6 13 -6 12 -6 13 -6 13 -6 13 -5 14 -5 14 -5 13 -5 14 -5 13 -4 14 -5 14 -4 13 -4 14 -4 14 -4 14 -3 15 -3 14 -3 14 0 0 0 0 0 0 0 0 0 0]"
"1773838331731422,CSI_DATA,STATION,00:00:00:00:00:00,0,0,0,0,0,0,0,0,0,0,0,0,0,0,0,0,0,0,0,0,0,128,[84 -64 4 0 0 0 0 0 0 0 0 0 -15 -9 -15 -10 -15 -10 -15 -11 -14 -11 -14 -11 -13 -12 -14 -11 -13 -12 -13 -13 -13 -12 -12 -13 -12 -13 -12 -12 -12 -13 -12 -12 -11 -12 -11 -12 -11 -12 -11 -12 -11 -12 -11 -12 -11 -12 -11 -11 -11 -12 -11 -11 0 0 -11 -11 -11 -11 -11 -11 -12 -10 -11 -10 -12 -10 -11 -10 -12 -9 -12 -9 -12 -8 -13 -8 -12 -8 -12 -8 -12 -8 -13 -7 -13 -8 -13 -8 -13 -7 -13 -7 -14 -7 -14 -7 -14 -7 -14 -7 -15 -6 -14 -6 -14 -6 0 0 0 0 0 0 0 0 0 0]"
"1773838331747332,CSI_DATA,STATION,00:00:00:00:00:00,0,0,0,0,0,0,0,0,0,0,0,0,0,0,0,0,0,0,0,0,0,128,[84 -64 4 0 0 0 0 0 0 0 0 0 -21 -8 -20 -8 -20 -10 -20 -10 -20 -11 -19 -11 -19 -11 -18 -12 -18 -12 -18 -13 -18 -13 -17 -13 -18 -13 -17 -13 -17 -13 -16 -13 -16 -12 -16 -12 -16 -12 -16 -13 -15 -13 -16 -12 -15 -13 -15 -12 -15 -11 -15 -12 0 0 -15 -11 -16 -11 -16 -11 -15 -10 -15 -10 -16 -10 -16 -9 -16 -10 -16 -9 -16 -9 -17 -9 -16 -8 -17 -8 -17 -8 -17 -7 -17 -7 -18 -7 -18 -7 -18 -6 -18 -7 -18 -6 -18 -5 -19 -6 -19 -6 -18 -5 -19 -5 0 0 0 0 0 0 0 0 0 0]"
"1773838331747332,CSI_DATA,STATION,00:00:00:00:00:00,0,0,0,0,0,0,0,0,0,0,0,0,0,0,0,0,0,0,0,0,0,128,[84 -64 4 0 0 0 0 0 0 0 0 0 -18 -1 -18 -1 -18 -2 -18 -3 -18 -3 -17 -3 -17 -4 -17 -5 -16 -5 -17 -5 -16 -5 -17 -5 -17 -5 -16 -6 -16 -6 -16 -6 -15 -6 -15 -6 -15 -6 -15 -7 -15 -7 -14 -6 -14 -6 -14 -6 -15 -6 -14 -6 0 0 -14 -5 -14 -5 -14 -5 -14 -5 -14 -5 -14 -5 -14 -5 -14 -4 -14 -4 -14 -3 -14 -3 -14 -3 -14 -3 -15 -3 -14 -3 -14 -3 -15 -3 -14 -3 -14 -2 -15 -2 -15 -2 -15 -2 -15 -1 -15 -1 -15 -1 -15 -1 0 0 0 0 0 0 0 0 0 0]"
"1773838331766565,CSI_DATA,STATION,00:00:00:00:00:00,0,0,0,0,0,0,0,0,0,0,0,0,0,0,0,0,0,0,0,0,0,128,[84 -64 4 0 0 0 0 0 0 0 0 0 1 -16 2 -17 2 -17 2 -17 3 -17 3 -16 4 -16 4 -16 4 -16 5 -16 5 -16 5 -16 5 -16 5 -16 5 -16 5 -15 5 -15 5 -14 5 -14 5 -14 5 -14 5 -14 5 -14 5 -14 5 -14 4 -14 0 0 4 -14 4 -14 4 -14 3 -14 3 -14 3 -14 3 -14 2 -14 2 -13 2 -14 1 -14 1 -14 1 -14 1 -14 1 -14 1 -14 1 -15 0 -14 0 -14 0 -14 0 -14 -1 -15 -1 -15 -1 -15 -1 -14 -1 -15 0 0 0 0 0 0 0 0 0 0]"
"1773838331779029,CSI_DATA,STATION,00:00:00:00:00:00,0,0,0,0,0,0,0,0,0,0,0,0,0,0,0,0,0,0,0,0,0,128,[84 -64 4 0 0 0 0 0 0 0 0 0 -12 -12 -11 -12 -11 -13 -11 -14 -10 -14 -10 -13 -9 -13 -9 -14 -9 -14 -9 -14 -8 -14 -8 -14 -8 -14 -8 -14 -8 -14 -8 -13 -7 -14 -7 -13 -7 -14 -7 -14 -7 -13 -7 -13 -6 -13 -7 -13 -7 -13 -7 -12 0 0 -7 -12 -7 -12 -7 -12 -8 -11 -8 -12 -8 -12 -8 -12 -8 -11 -8 -11 -8 -11 -9 -11 -9 -11 -9 -10 -9 -11 -9 -10 -10 -10 -9 -10 -10 -10 -10 -10 -10 -10 -10 -10 -11 -10 -11 -10 -11 -10 -11 -9 -11 -9 0 0 0 0 0 0 0 0 0 0]"
"1773838331791055,CSI_DATA,STATION,00:00:00:00:00:00,0,0,0,0,0,0,0,0,0,0,0,0,0,0,0,0,0,0,0,0,0,128,[84 -64 4 0 0 0 0 0 0 0 0 0 -4 -15 -4 -16 -4 -16 -3 -17 -3 -16 -2 -16 -2 -15 -2 -15 -1 -16 -1 -16 -1 -16 -1 -16 -1 -16 -1 -15 -1 -16 0 -15 0 -15 0 -14 0 -15 0 -15 0 -15 -1 -14 0 -13 -1 -14 -1 -14 -1 -14 0 0 -1 -13 -1 -14 -1 -14 -2 -13 -2 -13 -2 -14 -2 -13 -2 -13 -2 -13 -3 -12 -3 -13 -4 -13 -4 -13 -4 -13 -4 -12 -4 -13 -4 -13 -5 -13 -5 -13 -5 -13 -5 -13 -6 -13 -6 -12 -6 -13 -6 -13 -6 -13 0 0 0 0 0 0 0 0 0 0]"
"1773838331802819,CSI_DATA,STATION,00:00:00:00:00:00,0,0,0,0,0,0,0,0,0,0,0,0,0,0,0,0,0,0,0,0,0,128,[84 -64 4 0 0 0 0 0 0 0 0 0 -17 -1 -18 -1 -17 -2 -18 -2 -18 -3 -17 -3 -17 -4 -17 -5 -17 -5 -16 -5 -16 -5 -17 -5 -17 -6 -16 -6 -17 -6 -16 -6 -15 -6 -15 -6 -15 -6 -15 -6 -15 -6 -15 -5 -15 -5 -14 -5 -14 -5 -15 -5 0 0 -15 -5 -14 -4 -14 -4 -14 -4 -14 -4 -14 -4 -14 -4 -14 -3 -14 -3 -14 -2 -15 -2 -14 -2 -15 -2 -15 -2 -15 -1 -14 -1 -15 -1 -15 -1 -15 -1 -15 0 -15 0 -16 0 -15 0 -15 0 -15 1 -15 0 0 0 0 0 0 0 0 0 0 0]"
"1773838331813082,CSI_DATA,STATION,00:00:00:00:00:00,0,0,0,0,0,0,0,0,0,0,0,0,0,0,0,0,0,0,0,0,0,128,[84 -64 4 0 0 0 0 0 0 0 0 0 -15 -10 -15 -10 -15 -11 -15 -12 -14 -12 -13 -12 -13 -12 -12 -12 -13 -13 -12 -13 -12 -13 -12 -13 -12 -13 -11 -13 -11 -13 -11 -13 -11 -12 -10 -12 -11 -13 -10 -13 -10 -12 -10 -13 -10 -11 -11 -12 -10 -12 -11 -12 0 0 -11 -11 -10 -11 -11 -11 -11 -10 -11 -10 -11 -10 -11 -10 -11 -10 -11 -9 -11 -9 -12 -9 -12 -9 -12 -8 -12 -9 -13 -8 -13 -8 -13 -8 -13 -8 -13 -8 -13 -8 -13 -8 -14 -7 -14 -7 -14 -7 -14 -7 -14 -7 0 0 0 0 0 0 0 0 0 0]"
"1773838331813082,CSI_DATA,STATION,00:00:00:00:00:00,0,0,0,0,0,0,0,0,0,0,0,0,0,0,0,0,0,0,0,0,0,128,[84 -64 4 0 0 0 0 0 0 0 0 0 16 -1 16 0 16 1 16 1 16 1 16 2 16 2 16 3 16 3 15 3 15 4 15 4 15 4 15 4 14 3 15 4 14 4 14 4 14 4 14 4 14 3 14 3 13 3 13 4 13 3 13 3 0 0 13 3 13 2 13 3 13 2 13 1 13 1 13 1 13 1 13 1 13 0 13 0 13 0 13 0 13 0 13 -1 13 -1 13 -1 13 -2 13 -2 13 -2 13 -2 13 -3 13 -2 13 -3 13 -3 13 -3 0 0 0 0 0 0 0 0 0 0]"
"1773838331826423,CSI_DATA,STATION,00:00:00:00:00:00,0,0,0,0,0,0,0,0,0,0,0,0,0,0,0,0,0,0,0,0,0,128,[84 -64 4 0 0 0 0 0 0 0 0 0 0 -18 0 -17 1 -18 2 -18 2 -18 2 -17 3 -17 3 -17 4 -17 4 -17 4 -16 4 -17 4 -17 4 -16 4 -16 5 -15 5 -15 5 -14 4 -15 5 -15 5 -15 5 -14 4 -14 4 -15 4 -14 4 -14 0 0 4 -14 4 -14 4 -14 3 -13 3 -14 3 -14 3 -14 2 -14 3 -14 2 -14 1 -14 1 -14 1 -14 1 -14 1 -14 1 -14 1 -14 1 -14 0 -14 0 -14 0 -14 0 -15 -1 -15 -1 -15 -1 -15 -1 -15 0 0 0 0 0 0 0 0 0 0]"
"1773838331842159,CSI_DATA,STATION,00:00:00:00:00:00,0,0,0,0,0,0,0,0,0,0,0,0,0,0,0,0,0,0,0,0,0,128,[84 -64 4 0 0 0 0 0 0 0 0 0 -14 -8 -14 -9 -13 -10 -13 -11 -12 -11 -12 -11 -12 -11 -12 -11 -11 -11 -11 -11 -11 -12 -11 -12 -11 -12 -10 -12 -11 -11 -10 -11 -10 -11 -9 -11 -10 -11 -10 -11 -9 -11 -10 -11 -9 -10 -9 -11 -9 -10 -9 -10 0 0 -10 -10 -10 -9 -10 -10 -10 -9 -10 -9 -10 -9 -10 -8 -10 -8 -10 -8 -10 -7 -11 -7 -11 -7 -11 -7 -11 -7 -11 -7 -12 -7 -11 -6 -12 -6 -12 -6 -12 -6 -12 -6 -12 -6 -12 -5 -13 -5 -13 -5 -13 -5 0 0 0 0 0 0 0 0 0 0]"
"1773838331842159,CSI_DATA,STATION,00:00:00:00:00:00,0,0,0,0,0,0,0,0,0,0,0,0,0,0,0,0,0,0,0,0,0,128,[84 -64 4 0 0 0 0 0 0 0 0 0 -10 14 -11 14 -11 14 -12 14 -12 13 -12 12 -12 12 -13 11 -13 12 -13 11 -13 11 -14 10 -14 11 -13 10 -14 10 -13 10 -12 9 -12 9 -12 9 -13 9 -12 9 -12 9 -12 9 -12 9 -12 9 -12 9 0 0 -11 9 -11 9 -11 10 -11 9 -10 10 -10 9 -10 10 -10 10 -10 10 -9 10 -9 11 -9 11 -9 11 -9 11 -9 11 -8 11 -8 11 -8 11 -8 12 -8 12 -8 11 -7 12 -8 12 -7 13 -7 12 -7 13 0 0 0 0 0 0 0 0 0 0]"
"1773838331859867,CSI_DATA,STATION,00:00:00:00:00:00,0,0,0,0,0,0,0,0,0,0,0,0,0,0,0,0,0,0,0,0,0,128,[84 -64 4 0 0 0 0 0 0 0 0 0 -5 -17 -5 -18 -4 -18 -4 -18 -4 -18 -3 -18 -2 -17 -2 -18 -1 -18 -1 -18 -1 -17 -1 -17 -1 -18 -1 -17 -1 -17 0 -17 0 -16 0 -16 0 -17 0 -16 0 -16 0 -16 0 -15 -1 -16 0 -16 0 -15 0 0 -1 -15 -1 -15 -2 -15 -2 -14 -2 -15 -2 -15 -2 -15 -3 -15 -2 -14 -3 -14 -3 -14 -4 -14 -4 -14 -4 -14 -4 -14 -4 -14 -4 -14 -5 -14 -5 -14 -5 -14 -5 -14 -6 -14 -6 -14 -7 -14 -6 -14 -7 -14 0 0 0 0 0 0 0 0 0 0]"
"1773838331873545,CSI_DATA,STATION,00:00:00:00:00:00,0,0,0,0,0,0,0,0,0,0,0,0,0,0,0,0,0,0,0,0,0,128,[84 -64 4 0 0 0 0 0 0 0 0 0 7 -16 8 -16 8 -16 9 -15 9 -15 10 -15 10 -14 10 -13 11 -13 10 -13 11 -13 11 -13 11 -13 10 -13 11 -12 11 -11 11 -11 10 -11 11 -12 11 -11 11 -11 11 -11 10 -10 10 -11 9 -11 10 -11 0 0 9 -11 9 -11 9 -11 9 -11 9 -11 9 -11 9 -11 8 -11 8 -11 7 -11 7 -12 7 -12 7 -12 7 -12 7 -12 7 -12 7 -13 6 -13 7 -13 6 -13 7 -13 6 -13 5 -14 5 -14 5 -13 5 -13 0 0 0 0 0 0 0 0 0 0]"
"1773838331873545,CSI_DATA,STATION,00:00:00:00:00:00,0,0,0,0,0,0,0,0,0,0,0,0,0,0,0,0,0,0,0,0,0,128,[84 -64 4 0 0 0 0 0 0 0 0 0 -5 16 -6 16 -6 16 -7 16 -8 16 -8 15 -8 15 -8 14 -9 14 -9 14 -9 14 -10 14 -10 14 -9 14 -10 13 -10 13 -10 12 -9 12 -10 13 -9 13 -9 13 -9 12 -9 12 -9 12 -9 12 -9 12 0 0 -8 12 -8 12 -8 13 -7 12 -7 12 -7 12 -7 12 -7 13 -7 12 -6 12 -6 12 -6 13 -6 13 -5 13 -5 13 -5 13 -4 13 -5 13 -4 13 -4 13 -4 13 -4 14 -4 14 -3 14 -3 13 -3 14 0 0 0 0 0 0 0 0 0 0]"
"1773838331897451,CSI_DATA,STATION,00:00:00:00:00:00,0,0,0,0,0,0,0,0,0,0,0,0,0,0,0,0,0,0,0,0,0,128,[84 -64 4 0 0 0 0 0 0 0 0 0 -1 17 -2 16 -2 17 -3 17 -3 17 -4 16 -4 16 -4 16 -5 16 -5 16 -5 16 -6 16 -6 16 -6 15 -6 15 -6 15 -6 14 -6 14 -6 14 -6 14 -6 14 -6 14 -6 13 -5 14 -6 14 -5 14 0 0 -5 13 -5 14 -4 14 -5 13 -4 13 -4 13 -4 14 -4 13 -3 13 -3 13 -3 14 -2 13 -2 14 -2 14 -2 14 -2 13 -1 14 -1 14 -1 14 -1 14 -1 14 -1 14 0 15 0 14 0 14 0 14 0 0 0 0 0 0 0 0 0 0]"
"1773838331907212,CSI_DATA,STATION,00:00:00:00:00:00,0,0,0,0,0,0,0,0,0,0,0,0,0,0,0,0,0,0,0,0,0,128,[84 -64 4 0 0 0 0 0 0 0 0 0 -18 -2 -17 -3 -18 -3 -18 -4 -18 -5 -17 -4 -17 -5 -17 -5 -17 -6 -16 -6 -16 -6 -16 -7 -16 -7 -16 -7 -16 -7 -15 -7 -15 -6 -15 -7 -15 -7 -15 -7 -14 -7 -15 -7 -14 -6 -14 -7 -14 -7 -14 -6 0 0 -14 -7 -14 -6 -14 -6 -14 -6 -14 -6 -14 -5 -14 -5 -14 -5 -14 -5 -14 -4 -14 -4 -14 -4 -14 -3 -14 -3 -15 -3 -14 -3 -15 -3 -15 -3 -15 -3 -15 -2 -15 -2 -15 -2 -15 -2 -16 -2 -15 -1 -15 -1 0 0 0 0 0 0 0 0 0 0]"
"1773838331919234,CSI_DATA,STATION,00:00:00:00:00:00,0,0,0,0,0,0,0,0,0,0,0,0,0,0,0,0,0,0,0,0,0,128,[84 -64 4 0 0 0 0 0 0 0 0 0 -9 15 -9 15 -9 14 -10 14 -11 14 -11 13 -11 13 -12 12 -12 12 -12 12 -12 12 -12 12 -13 12 -13 11 -12 11 -12 11 -12 10 -12 10 -12 10 -12 10 -12 10 -12 10 -11 10 -11 10 -12 10 -11 10 0 0 -11 10 -11 10 -10 10 -10 10 -10 10 -10 10 -10 10 -10 10 -9 10 -9 11 -9 11 -9 11 -9 11 -9 11 -9 12 -8 12 -8 12 -8 12 -8 12 -8 12 -8 12 -8 13 -7 13 -7 13 -7 13 -7 13 0 0 0 0 0 0 0 0 0 0]"
"1773838331927022,CSI_DATA,STATION,00:00:00:00:00:00,0,0,0,0,0,0,0,0,0,0,0,0,0,0,0,0,0,0,0,0,0,128,[84 -64 4 0 0 0 0 0 0 0 0 0 3 16 2 16 2 17 1 17 0 17 0 16 -1 16 -2 16 -2 16 -2 16 -2 16 -3 16 -2 16 -2 16 -3 16 -3 15 -3 15 -3 14 -3 15 -4 15 -4 14 -3 14 -3 14 -3 14 -3 14 -3 14 0 0 -3 14 -2 14 -2 14 -2 13 -2 14 -2 14 -2 14 -2 14 -1 13 -1 13 0 13 0 13 0 13 0 14 0 14 1 13 1 14 1 13 0 14 1 14 1 14 1 14 2 14 2 14 1 14 2 14 0 0 0 0 0 0 0 0 0 0]"
"1773838331943071,CSI_DATA,STATION,00:00:00:00:00:00,0,0,0,0,0,0,0,0,0,0,0,0,0,0,0,0,0,0,0,0,0,128,[84 -64 4 0 0 0 0 0 0 0 0 0 2 -16 3 -17 3 -17 4 -17 4 -16 5 -16 6 -15 6 -16 6 -15 6 -15 6 -15 7 -15 6 -15 6 -15 7 -15 7 -14 7 -14 6 -13 7 -14 7 -14 7 -14 7 -14 6 -13 6 -14 6 -14 6 -14 0 0 6 -13 5 -13 5 -14 5 -13 5 -14 5 -14 5 -14 4 -14 5 -13 4 -13 3 -14 3 -14 3 -14 3 -14 2 -14 2 -14 2 -14 2 -15 2 -15 2 -15 2 -15 1 -15 1 -15 0 -15 1 -15 0 -15 0 0 0 0 0 0 0 0 0 0]"
"1773838331952830,CSI_DATA,STATION,00:00:00:00:00:00,0,0,0,0,0,0,0,0,0,0,0,0,0,0,0,0,0,0,0,0,0,128,[84 -64 4 0 0 0 0 0 0 0 0 0 24 -10 25 -8 25 -8 25 -8 25 -7 25 -5 25 -5 25 -4 25 -4 25 -4 25 -3 25 -3 25 -2 25 -3 24 -2 24 -2 24 -2 23 -2 24 -2 23 -2 23 -1 22 -1 22 -2 22 -2 21 -2 22 -2 0 0 21 -3 21 -2 21 -3 20 -3 21 -4 21 -4 20 -4 20 -5 20 -5 20 -6 20 -6 20 -7 20 -7 20 -7 20 -7 21 -8 19 -8 20 -8 20 -9 20 -8 20 -9 20 -9 20 -10 19 -11 20 -11 20 -11 0 0 0 0 0 0 0 0 0 0]"
"1773838331952830,CSI_DATA,STATION,00:00:00:00:00:00,0,0,0,0,0,0,0,0,0,0,0,0,0,0,0,0,0,0,0,0,0,128,[84 -64 4 0 0 0 0 0 0 0 0 0 6 -14 6 -14 7 -14 7 -13 8 -13 8 -13 8 -13 9 -12 9 -12 9 -12 9 -12 10 -11 9 -12 9 -11 9 -11 9 -11 9 -10 9 -10 9 -10 9 -10 9 -10 9 -10 9 -10 9 -10 8 -10 9 -10 0 0 8 -10 8 -10 7 -10 7 -10 7 -10 7 -10 7 -11 6 -10 7 -10 6 -11 6 -10 6 -11 6 -11 6 -11 6 -11 6 -11 6 -11 6 -12 5 -11 5 -12 5 -12 5 -12 5 -12 4 -13 4 -12 4 -12 0 0 0 0 0 0 0 0 0 0]"
"1773838331968943,CSI_DATA,STATION,00:00:00:00:00:00,0,0,0,0,0,0,0,0,0,0,0,0,0,0,0,0,0,0,0,0,0,128,[84 -64 4 0 0 0 0 0 0 0 0 0 12 16 11 16 11 17 10 18 10 18 9 17 9 18 8 18 8 18 7 18 7 18 6 18 6 19 6 18 5 18 6 18 6 17 5 17 6 17 6 18 5 17 6 17 6 16 5 17 5 16 6 16 0 0 6 15 6 16 7 16 7 15 6 15 7 15 7 15 7 15 8 14 8 14 8 14 8 14 9 14 9 14 10 14 9 13 10 14 10 13 10 13 10 13 10 13 11 13 11 13 12 14 11 13 11 13 0 0 0 0 0 0 0 0 0 0]"
"1773838331968943,CSI_DATA,STATION,00:00:00:00:00:00,0,0,0,0,0,0,0,0,0,0,0,0,0,0,0,0,0,0,0,0,0,128,[84 -64 4 0 0 0 0 0 0 0 0 0 -10 10 -11 10 -12 10 -12 9 -12 9 -12 8 -12 8 -12 7 -13 7 -13 7 -13 7 -13 7 -13 7 -13 7 -12 6 -13 6 -12 5 -13 6 -12 6 -12 6 -12 6 -12 5 -12 5 -12 6 -11 6 -12 6 0 0 -11 5 -11 6 -11 6 -11 6 -11 6 -11 6 -11 6 -11 6 -11 6 -10 7 -10 7 -10 7 -10 7 -10 7 -10 8 -9 8 -10 8 -9 8 -10 8 -9 8 -10 8 -9 8 -9 9 -9 9 -9 9 -9 9 0 0 0 0 0 0 0 0 0 0]"
"1773838331992319,CSI_DATA,STATION,00:00:00:00:00:00,0,0,0,0,0,0,0,0,0,0,0,0,0,0,0,0,0,0,0,0,0,128,[84 -64 4 0 0 0 0 0 0 0 0 0 -12 -10 -12 -11 -11 -11 -11 -12 -11 -12 -10 -12 -10 -12 -10 -12 -9 -12 -9 -12 -9 -13 -9 -13 -9 -13 -8 -13 -8 -12 -8 -12 -8 -12 -7 -12 -8 -12 -8 -12 -7 -12 -8 -12 -7 -11 -7 -11 -8 -12 -8 -11 0 0 -8 -11 -8 -11 -8 -11 -8 -10 -8 -10 -8 -10 -8 -10 -8 -10 -9 -10 -9 -9 -9 -9 -9 -9 -10 -9 -10 -9 -10 -9 -10 -8 -10 -9 -10 -9 -10 -8 -11 -8 -10 -8 -11 -8 -11 -8 -12 -8 -11 -7 -12 -8 0 0 0 0 0 0 0 0 0 0]"
"1773838332005087,CSI_DATA,STATION,00:00:00:00:00:00,0,0,0,0,0,0,0,0,0,0,0,0,0,0,0,0,0,0,0,0,0,128,[84 -64 4 0 0 0 0 0 0 0 0 0 -15 1 -16 0 -16 0 -16 -1 -15 -1 -15 -2 -15 -2 -15 -2 -15 -3 -15 -3 -15 -3 -15 -3 -15 -3 -14 -3 -14 -3 -14 -4 -14 -3 -14 -4 -14 -4 -14 -4 -14 -4 -13 -4 -13 -3 -13 -3 -13 -3 -13 -3 0 0 -13 -3 -13 -3 -13 -3 -12 -2 -13 -2 -13 -2 -13 -2 -13 -2 -13 -1 -13 -1 -13 -1 -13 -1 -13 0 -13 0 -13 0 -13 0 -13 0 -13 0 -13 1 -14 1 -13 1 -13 1 -13 1 -13 2 -14 2 -14 2 0 0 0 0 0 0 0 0 0 0]"
"1773838332017623,CSI_DATA,STATION,00:00:00:00:00:00,0,0,0,0,0,0,0,0,0,0,0,0,0,0,0,0,0,0,0,0,0,128,[84 -64 4 0 0 0 0 0 0 0 0 0 -13 -10 -14 -11 -13 -11 -13 -12 -12 -12 -12 -12 -11 -12 -11 -13 -11 -13 -11 -13 -11 -13 -11 -13 -10 -13 -10 -13 -10 -13 -10 -13 -9 -13 -9 -12 -9 -13 -9 -13 -9 -13 -9 -13 -9 -12 -9 -12 -9 -12 -9 -12 0 0 -9 -12 -10 -11 -10 -11 -10 -11 -9 -11 -10 -11 -10 -11 -10 -10 -10 -10 -11 -9 -11 -9 -11 -9 -11 -9 -11 -10 -11 -9 -11 -9 -11 -9 -12 -9 -12 -9 -12 -8 -12 -8 -12 -8 -13 -8 -13 -8 -13 -8 -13 -8 0 0 0 0 0 0 0 0 0 0]"
"1773838332017623,CSI_DATA,STATION,00:00:00:00:00:00,0,0,0,0,0,0,0,0,0,0,0,0,0,0,0,0,0,0,0,0,0,128,[84 -64 4 0 0 0 0 0 0 0 0 0 -5 -17 -4 -17 -4 -18 -3 -18 -3 -17 -2 -17 -1 -17 -1 -17 -1 -17 -1 -17 -1 -17 -1 -17 -1 -18 0 -17 0 -17 0 -16 0 -16 1 -15 1 -16 1 -16 0 -16 1 -16 0 -15 0 -15 0 -15 -1 -15 0 0 -1 -14 0 -15 0 -15 -1 -14 -1 -15 -1 -15 -2 -14 -2 -14 -2 -14 -2 -14 -3 -14 -3 -14 -3 -15 -4 -14 -3 -14 -4 -14 -4 -14 -4 -14 -4 -14 -4 -14 -5 -14 -5 -15 -6 -14 -6 -15 -6 -14 -6 -14 0 0 0 0 0 0 0 0 0 0]"
"1773838332032044,CSI_DATA,STATION,00:00:00:00:00:00,0,0,0,0,0,0,0,0,0,0,0,0,0,0,0,0,0,0,0,0,0,128,[84 -64 4 0 0 0 0 0 0 0 0 0 -16 -14 -16 -15 -15 -16 -16 -17 -14 -17 -13 -17 -13 -17 -13 -18 -12 -18 -12 -18 -12 -18 -12 -18 -11 -19 -11 -18 -11 -19 -10 -17 -10 -17 -9 -17 -10 -18 -9 -18 -9 -17 -9 -18 -9 -16 -10 -17 -9 -17 -10 -16 0 0 -10 -16 -9 -16 -10 -16 -10 -15 -11 -16 -10 -15 -11 -15 -11 -15 -11 -14 -11 -14 -12 -14 -12 -14 -12 -14 -12 -14 -12 -14 -12 -14 -13 -13 -13 -14 -13 -13 -14 -13 -14 -13 -14 -13 -14 -12 -15 -13 -15 -13 -15 -13 0 0 0 0 0 0 0 0 0 0]"
"1773838332048154,CSI_DATA,STATION,00:00:00:00:00:00,0,0,0,0,0,0,0,0,0,0,0,0,0,0,0,0,0,0,0,0,0,128,[84 -64 4 0 0 0 0 0 0 0 0 0 10 -13 10 -12 11 -12 11 -12 11 -11 12 -11 12 -10 12 -10 13 -10 12 -10 13 -9 12 -9 13 -9 12 -8 12 -8 12 -8 12 -7 12 -7 12 -8 12 -8 12 -8 12 -7 12 -7 11 -7 11 -7 11 -7 0 0 11 -7 11 -8 11 -8 11 -8 10 -8 10 -8 10 -8 10 -8 10 -8 10 -9 9 -9 9 -9 9 -9 9 -9 9 -9 10 -9 9 -10 9 -10 9 -10 8 -10 9 -10 9 -11 9 -11 9 -11 8 -11 8 -11 0 0 0 0 0 0 0 0 0 0]"
"1773838332048154,CSI_DATA,STATION,00:00:00:00:00:00,0,0,0,0,0,0,0,0,0,0,0,0,0,0,0,0,0,0,0,0,0,128,[84 -64 4 0 0 0 0 0 0 0 0 0 -2 17 -4 16 -4 17 -4 17 -4 17 -5 16 -6 16 -6 16 -6 16 -7 15 -7 15 -8 15 -7 15 -7 15 -7 14 -8 14 -8 14 -8 13 -8 14 -8 13 -8 14 -8 13 -7 13 -7 13 -7 13 -7 13 0 0 -7 13 -7 13 -6 13 -6 13 -6 13 -6 13 -5 14 -5 13 -5 13 -5 13 -4 13 -4 13 -4 13 -4 14 -4 14 -4 13 -3 14 -3 14 -3 14 -3 14 -3 14 -3 15 -2 15 -2 15 -2 14 -2 14 0 0 0 0 0 0 0 0 0 0]"
"1773838332063879,CSI_DATA,STATION,00:00:00:00:00:00,0,0,0,0,0,0,0,0,0,0,0,0,0,0,0,0,0,0,0,0,0,128,[84 -64 4 0 0 0 0 0 0 0 0 0 11 10 11 10 11 11 10 12 10 12 9 11 9 12 9 12 9 12 8 13 8 12 8 12 7 13 8 12 7 12 7 12 7 12 6 12 7 12 7 12 6 12 7 12 7 11 7 11 7 11 7 11 0 0 7 10 7 11 7 10 7 10 7 10 8 10 7 10 8 10 8 9 8 9 8 8 8 9 8 9 9 9 9 8 9 8 9 8 10 8 10 8 10 7 10 7 10 7 11 7 11 7 11 6 11 7 0 0 0 0 0 0 0 0 0 0]"
"1773838332079719,CSI_DATA,STATION,00:00:00:00:00:00,0,0,0,0,0,0,0,0,0,0,0,0,0,0,0,0,0,0,0,0,0,128,[84 -64 4 0 0 0 0 0 0 0 0 0 -2 -16 -1 -16 0 -16 0 -16 1 -16 1 -16 2 -16 2 -16 2 -16 2 -16 3 -15 3 -15 3 -16 3 -15 3 -15 4 -14 4 -14 3 -13 3 -14 4 -14 3 -13 3 -14 3 -13 3 -14 3 -14 3 -13 0 0 3 -13 2 -13 2 -13 2 -13 2 -13 2 -13 2 -13 1 -14 1 -13 1 -13 0 -13 1 -13 0 -13 0 -13 0 -13 0 -13 0 -14 -1 -13 -1 -13 -1 -13 -1 -13 -2 -14 -1 -14 -2 -14 -2 -13 -2 -13 0 0 0 0 0 0 0 0 0 0]"
"1773838332079719,CSI_DATA,STATION,00:00:00:00:00:00,0,0,0,0,0,0,0,0,0,0,0,0,0,0,0,0,0,0,0,0,0,128,[84 -64 4 0 0 0 0 0 0 0 0 0 2 16 1 16 1 17 1 17 0 17 0 16 -1 16 -1 16 -2 16 -2 16 -2 16 -3 15 -3 16 -2 16 -3 15 -3 15 -3 15 -3 14 -3 15 -3 15 -3 15 -3 14 -3 13 -3 14 -3 14 -3 14 0 0 -2 13 -2 14 -2 14 -1 13 -1 13 -1 13 -1 13 -1 13 -1 13 -1 13 0 13 0 13 0 13 1 13 1 13 1 13 1 13 1 13 1 14 2 13 2 13 2 14 2 13 3 13 2 13 3 13 0 0 0 0 0 0 0 0 0 0]"
"1773838332095492,CSI_DATA,STATION,00:00:00:00:00:00,0,0,0,0,0,0,0,0,0,0,0,0,0,0,0,0,0,0,0,0,0,128,[84 -64 4 0 0 0 0 0 0 0 0 0 12 -11 13 -10 13 -10 13 -9 13 -9 14 -9 14 -8 14 -8 13 -8 14 -7 14 -7 14 -6 14 -7 14 -7 14 -7 14 -6 13 -6 13 -5 13 -6 13 -5 13 -6 13 -6 12 -6 12 -6 12 -6 12 -6 0 0 12 -6 12 -6 12 -7 11 -7 11 -7 11 -7 11 -7 11 -7 11 -7 10 -7 10 -7 10 -8 10 -8 10 -9 10 -8 10 -9 10 -9 10 -9 10 -9 9 -9 9 -10 9 -10 9 -10 9 -10 9 -10 9 -10 0 0 0 0 0 0 0 0 0 0]"
"1773838332095492,CSI_DATA,STATION,00:00:00:00:00:00,0,0,0,0,0,0,0,0,0,0,0,0,0,0,0,0,0,0,0,0,0,128,[84 -64 4 0 0 0 0 0 0 0 0 0 4 16 3 16 3 17 3 17 2 17 2 16 1 17 0 17 0 16 0 17 -1 16 -1 16 -1 17 -1 16 -1 15 -1 16 -1 15 -2 15 -1 15 -1 15 -1 15 -1 15 -1 14 -1 15 -1 14 -1 14 0 0 -1 14 0 14 0 14 0 14 0 14 0 14 1 14 1 14 1 13 2 13 2 13 2 14 2 13 2 14 3 13 3 13 3 14 3 13 3 13 4 13 3 13 4 14 4 13 5 14 4 13 5 14 0 0 0 0 0 0 0 0 0 0]"
"1773838332112995,CSI_DATA,STATION,00:00:00:00:00:00,0,0,0,0,0,0,0,0,0,0,0,0,0,0,0,0,0,0,0,0,0,128,[84 -64 4 0 0 0 0 0 0 0 0 0 -9 12 -10 12 -10 12 -11 12 -11 12 -11 11 -11 10 -12 10 -12 10 -12 10 -12 10 -12 9 -12 10 -12 9 -12 9 -12 9 -12 9 -11 8 -12 9 -11 9 -11 8 -11 8 -11 8 -11 8 -10 8 -10 8 0 0 -10 8 -10 9 -10 9 -9 9 -9 9 -9 9 -9 9 -9 9 -9 9 -8 9 -8 10 -8 10 -7 10 -8 10 -7 10 -7 11 -7 10 -7 11 -7 11 -7 11 -7 11 -7 11 -6 11 -6 12 -6 12 -6 12 0 0 0 0 0 0 0 0 0 0]"
"1773838332127365,CSI_DATA,STATION,00:00:00:00:00:00,0,0,0,0,0,0,0,0,0,0,0,0,0,0,0,0,0,0,0,0,0,128,[84 -64 4 0 0 0 0 0 0 0 0 0 -7 -16 -7 -17 -7 -18 -6 -18 -5 -18 -5 -17 -4 -17 -4 -17 -3 -17 -4 -18 -3 -17 -3 -18 -3 -18 -3 -17 -2 -17 -2 -16 -2 -17 -2 -16 -2 -17 -2 -16 -2 -16 -1 -16 -2 -15 -2 -16 -2 -16 -2 -15 0 0 -2 -15 -2 -15 -2 -15 -3 -14 -3 -15 -3 -15 -3 -15 -4 -15 -3 -14 -4 -14 -4 -14 -4 -14 -4 -15 -5 -15 -4 -14 -5 -14 -5 -14 -5 -14 -5 -14 -6 -14 -6 -14 -6 -15 -6 -14 -7 -15 -7 -14 -7 -14 0 0 0 0 0 0 0 0 0 0]"
"1773838332127365,CSI_DATA,STATION,00:00:00:00:00:00,0,0,0,0,0,0,0,0,0,0,0,0,0,0,0,0,0,0,0,0,0,128,[84 -64 4 0 0 0 0 0 0 0 0 0 1 16 0 16 -1 17 -1 17 -1 17 -2 16 -2 15 -3 15 -3 15 -3 16 -3 15 -4 15 -4 16 -4 15 -4 15 -4 14 -4 14 -4 14 -4 14 -4 14 -4 14 -4 13 -4 13 -3 14 -4 13 -3 13 0 0 -3 13 -3 13 -3 14 -2 13 -2 13 -2 13 -2 13 -1 13 -1 12 -1 13 -1 13 0 13 0 13 0 13 0 13 0 13 1 13 1 13 1 13 1 13 2 13 1 13 2 13 2 14 2 13 2 13 0 0 0 0 0 0 0 0 0 0]"
"1773838332148171,CSI_DATA,STATION,00:00:00:00:00:00,0,0,0,0,0,0,0,0,0,0,0,0,0,0,0,0,0,0,0,0,0,128,[84 -64 4 0 0 0 0 0 0 0 0 0 5 16 4 16 4 17 3 17 2 17 2 16 2 16 1 16 1 16 0 17 0 16 0 16 0 16 0 16 0 16 -1 15 -1 15 -1 15 -1 15 -1 15 -1 15 0 15 -1 14 -1 14 -1 14 0 14 0 0 0 13 0 14 0 14 1 13 1 13 1 13 1 13 1 13 2 13 2 12 2 13 2 13 3 13 3 13 3 13 3 12 4 13 4 13 4 12 4 12 4 13 4 13 5 13 5 13 5 13 5 12 0 0 0 0 0 0 0 0 0 0]"
"1773838332164730,CSI_DATA,STATION,00:00:00:00:00:00,0,0,0,0,0,0,0,0,0,0,0,0,0,0,0,0,0,0,0,0,0,128,[84 -64 4 0 0 0 0 0 0 0 0 0 -16 -2 -16 -2 -16 -2 -16 -2 -17 -3 -16 -3 -16 -4 -15 -4 -16 -5 -15 -5 -14 -6 -15 -6 -15 -6 -15 -6 -15 -6 -14 -6 -13 -6 -14 -6 -14 -6 -14 -6 -13 -5 -14 -5 -13 -6 -13 -6 -13 -6 -13 -5 0 0 -13 -5 -12 -5 -13 -5 -13 -4 -13 -4 -13 -4 -12 -4 -13 -3 -12 -4 -13 -3 -13 -3 -12 -3 -13 -3 -13 -3 -13 -2 -13 -2 -13 -2 -13 -2 -13 -1 -13 -1 -14 -2 -13 -1 -13 -1 -14 -1 -14 -1 -14 0 0 0 0 0 0 0 0 0 0 0]"
"1773838332176800,CSI_DATA,STATION,00:00:00:00:00:00,0,0,0,0,0,0,0,0,0,0,0,0,0,0,0,0,0,0,0,0,0,128,[84 -64 4 0 0 0 0 0 0 0 0 0 -11 -14 -11 -15 -10 -15 -10 -16 -9 -16 -9 -16 -8 -16 -8 -16 -7 -16 -7 -16 -7 -16 -7 -16 -6 -17 -7 -16 -6 -16 -5 -16 -5 -15 -5 -15 -6 -16 -5 -16 -5 -16 -5 -15 -5 -14 -6 -15 -6 -14 -6 -15 0 0 -6 -14 -6 -14 -6 -14 -6 -13 -6 -13 -7 -13 -7 -13 -7 -13 -7 -13 -7 -12 -8 -12 -8 -12 -8 -13 -9 -13 -8 -12 -9 -12 -9 -12 -9 -12 -9 -12 -9 -11 -9 -12 -10 -12 -10 -11 -11 -11 -10 -11 -10 -11 0 0 0 0 0 0 0 0 0 0]"
"1773838332183455,CSI_DATA,STATION,00:00:00:00:00:00,0,0,0,0,0,0,0,0,0,0,0,0,0,0,0,0,0,0,0,0,0,128,[84 -64 4 0 0 0 0 0 0 0 0 0 -15 9 -15 8 -16 8 -16 7 -16 7 -16 6 -16 6 -17 6 -16 6 -17 5 -17 4 -17 4 -17 4 -17 4 -16 3 -16 4 -16 3 -16 3 -16 3 -15 3 -15 3 -15 3 -15 3 -15 3 -14 3 -15 3 0 0 -14 4 -14 4 -14 4 -14 5 -14 5 -13 5 -13 5 -13 5 -13 5 -13 5 -13 6 -13 6 -13 6 -13 6 -12 7 -12 7 -13 7 -12 7 -12 8 -12 8 -12 7 -12 8 -12 8 -12 9 -11 8 -11 9 0 0 0 0 0 0 0 0 0 0]"
"1773838332196510,CSI_DATA,STATION,00:00:00:00:00:00,0,0,0,0,0,0,0,0,0,0,0,0,0,0,0,0,0,0,0,0,0,128,[84 -64 4 0 0 0 0 0 0 0 0 0 -8 13 -9 13 -9 13 -10 12 -10 12 -10 11 -10 11 -11 11 -11 11 -11 11 -11 10 -12 10 -12 10 -11 10 -12 10 -11 9 -11 9 -11 8 -11 9 -11 9 -11 9 -11 8 -11 8 -10 9 -10 8 -10 8 0 0 -10 8 -10 9 -9 9 -9 9 -9 9 -9 9 -9 9 -9 9 -9 9 -8 9 -8 9 -8 10 -7 10 -7 10 -8 10 -7 10 -7 10 -7 10 -7 11 -7 10 -7 10 -7 11 -7 11 -6 12 -6 11 -6 12 0 0 0 0 0 0 0 0 0 0]"
"1773838332208274,CSI_DATA,STATION,00:00:00:00:00:00,0,0,0,0,0,0,0,0,0,0,0,0,0,0,0,0,0,0,0,0,0,128,[84 -64 4 0 0 0 0 0 0 0 0 0 -8 -16 -7 -16 -7 -17 -7 -17 -6 -18 -6 -17 -5 -16 -5 -17 -5 -17 -5 -17 -4 -17 -4 -17 -3 -18 -3 -17 -3 -17 -3 -16 -3 -16 -2 -16 -3 -16 -3 -16 -3 -16 -3 -16 -3 -15 -2 -15 -3 -16 -3 -15 0 0 -3 -14 -4 -15 -4 -15 -4 -14 -4 -14 -4 -14 -5 -14 -5 -14 -5 -14 -5 -13 -6 -13 -6 -14 -6 -13 -6 -14 -6 -13 -6 -13 -7 -14 -7 -13 -7 -13 -8 -13 -7 -13 -8 -13 -8 -13 -8 -13 -8 -13 -8 -13 0 0 0 0 0 0 0 0 0 0]"
"1773838332219297,CSI_DATA,STATION,00:00:00:00:00:00,0,0,0,0,0,0,0,0,0,0,0,0,0,0,0,0,0,0,0,0,0,128,[84 -64 4 0 0 0 0 0 0 0 0 0 11 -13 12 -13 12 -13 12 -12 13 -12 13 -11 13 -11 13 -11 14 -11 13 -10 14 -10 14 -9 14 -9 14 -10 13 -9 13 -9 13 -8 13 -8 13 -8 13 -8 13 -8 13 -8 13 -8 12 -8 12 -8 12 -8 0 0 12 -8 12 -9 11 -9 11 -9 11 -9 11 -9 11 -9 11 -10 11 -9 10 -10 10 -10 10 -10 10 -10 9 -10 9 -11 9 -11 10 -11 9 -11 9 -12 9 -12 9 -12 8 -12 9 -13 8 -13 8 -12 9 -12 0 0 0 0 0 0 0 0 0 0]"
"1773838332228317,CSI_DATA,STATION,00:00:00:00:00:00,0,0,0,0,0,0,0,0,0,0,0,0,0,0,0,0,0,0,0,0,0,128,[84 -64 4 0 0 0 0 0 0 0 0 0 15 -2 15 -1 15 -1 15 0 15 0 15 1 15 1 14 1 15 1 14 2 15 2 14 2 14 3 14 3 14 3 14 3 13 3 13 3 13 3 13 3 13 3 13 3 12 3 13 3 12 3 12 2 0 0 12 2 12 2 12 2 12 2 12 1 12 1 12 1 12 1 12 0 12 0 12 0 12 0 12 0 12 0 12 -1 12 -1 13 -1 12 -1 12 -1 12 -2 13 -2 12 -2 12 -2 13 -3 13 -2 13 -3 0 0 0 0 0 0 0 0 0 0]"
"1773838332238074,CSI_DATA,STATION,00:00:00:00:00:00,0,0,0,0,0,0,0,0,0,0,0,0,0,0,0,0,0,0,0,0,0,128,[84 -64 4 0 0 0 0 0 0 0 0 0 18 3 18 4 18 5 17 6 18 6 17 6 17 7 16 7 16 7 16 8 16 8 16 9 15 9 15 8 15 8 15 9 14 9 14 8 14 9 14 9 14 9 14 8 14 8 14 8 14 8 14 8 0 0 14 8 14 7 14 7 14 7 13 7 14 6 13 6 14 6 13 6 14 5 14 5 14 5 14 5 14 5 14 4 15 4 15 4 15 3 16 3 15 3 15 3 15 3 15 2 15 2 15 2 16 2 0 0 0 0 0 0 0 0 0 0]"
"1773838332247921,CSI_DATA,STATION,00:00:00:00:00:00,0,0,0,0,0,0,0,0,0,0,0,0,0,0,0,0,0,0,0,0,0,128,[84 -64 4 0 0 0 0 0 0 0 0 0 -2 -17 -1 -17 -1 -18 0 -18 0 -18 0 -17 1 -17 1 -17 2 -17 2 -17 2 -17 2 -16 2 -17 2 -17 3 -16 3 -16 3 -16 3 -15 2 -16 3 -16 3 -15 3 -15 2 -15 2 -15 2 -15 2 -15 0 0 2 -14 1 -15 1 -15 1 -14 1 -15 1 -15 0 -15 0 -15 0 -14 -1 -14 -1 -14 -1 -15 -2 -14 -1 -14 -2 -14 -2 -14 -2 -15 -2 -14 -3 -14 -3 -15 -3 -15 -3 -15 -4 -15 -4 -15 -4 -14 -4 -15 0 0 0 0 0 0 0 0 0 0]"
"1773838332259556,CSI_DATA,STATION,00:00:00:00:00:00,0,0,0,0,0,0,0,0,0,0,0,0,0,0,0,0,0,0,0,0,0,128,[84 -64 4 0 0 0 0 0 0 0 0 0 12 7 12 7 12 8 11 9 11 9 11 9 11 9 10 10 10 10 10 10 10 10 9 10 9 11 9 11 9 10 9 10 8 10 8 10 8 10 8 10 8 10 8 10 8 10 8 10 8 10 8 9 0 0 8 9 8 9 8 9 8 9 8 9 8 8 8 9 8 8 8 8 9 8 9 8 9 8 9 8 9 8 9 7 9 7 9 7 10 7 10 7 10 7 10 7 10 7 11 7 11 7 11 7 10 7 0 0 0 0 0 0 0 0 0 0]"
"1773838332269581,CSI_DATA,STATION,00:00:00:00:00:00,0,0,0,0,0,0,0,0,0,0,0,0,0,0,0,0,0,0,0,0,0,128,[84 -64 4 0 0 0 0 0 0 0 0 0 -1 -17 0 -17 0 -18 0 -17 0 -17 1 -16 2 -17 3 -16 2 -16 3 -17 4 -16 4 -16 4 -16 3 -16 4 -16 4 -16 4 -14 4 -15 4 -15 4 -15 4 -15 4 -15 4 -14 4 -15 4 -14 3 -14 0 0 3 -14 3 -14 3 -14 3 -14 2 -14 2 -14 2 -14 1 -14 2 -14 1 -14 1 -14 1 -14 1 -14 0 -14 0 -14 0 -14 0 -15 0 -14 0 -14 -1 -15 0 -15 -1 -15 -1 -16 -1 -15 -2 -15 -2 -15 0 0 0 0 0 0 0 0 0 0]"
"1773838332269581,CSI_DATA,STATION,00:00:00:00:00:00,0,0,0,0,0,0,0,0,0,0,0,0,0,0,0,0,0,0,0,0,0,128,[84 -64 4 0 0 0 0 0 0 0 0 0 -17 1 -17 1 -17 0 -17 0 -17 -1 -17 -1 -17 -2 -17 -1 -17 -2 -17 -3 -17 -3 -16 -3 -16 -3 -16 -3 -16 -3 -16 -4 -15 -4 -15 -4 -15 -4 -15 -4 -15 -3 -15 -4 -14 -3 -15 -4 -14 -3 -14 -3 0 0 -14 -3 -14 -3 -14 -2 -14 -2 -14 -2 -14 -2 -14 -1 -14 -1 -14 -1 -14 -1 -14 -1 -14 0 -14 0 -14 0 -14 0 -14 0 -14 1 -14 1 -15 1 -14 1 -14 1 -15 2 -14 2 -15 2 -15 2 -15 2 0 0 0 0 0 0 0 0 0 0]"
"1773838332291246,CSI_DATA,STATION,00:00:00:00:00:00,0,0,0,0,0,0,0,0,0,0,0,0,0,0,0,0,0,0,0,0,0,128,[84 -64 4 0 0 0 0 0 0 0 0 0 -1 16 -2 16 -2 16 -3 16 -3 16 -3 15 -3 15 -5 15 -5 15 -5 15 -5 15 -5 15 -6 15 -5 14 -6 14 -6 14 -6 14 -6 13 -6 13 -6 13 -6 13 -6 13 -6 13 -6 13 -6 13 -6 13 0 0 -5 12 -5 13 -5 13 -4 13 -4 12 -4 12 -4 13 -4 12 -4 12 -4 13 -3 13 -3 13 -3 13 -3 13 -3 13 -2 13 -2 13 -2 13 -2 14 -2 13 -2 13 -1 14 -1 14 -1 14 -1 14 -1 13 0 0 0 0 0 0 0 0 0 0]"
"1773838332301006,CSI_DATA,STATION,00:00:00:00:00:00,0,0,0,0,0,0,0,0,0,0,0,0,0,0,0,0,0,0,0,0,0,128,[84 -64 4 0 0 0 0 0 0 0 0 0 8 15 8 16 7 17 7 17 6 17 5 17 5 16 5 17 5 17 4 17 4 17 3 16 3 17 3 17 3 17 2 16 3 16 2 16 2 17 2 16 2 16 2 16 2 15 2 15 3 15 3 15 0 0 3 14 3 15 3 15 3 13 3 15 4 14 4 14 4 14 4 14 4 13 6 13 5 14 6 14 6 14 5 13 6 13 6 13 7 13 6 13 6 13 7 13 7 13 7 13 8 13 7 13 8 13 0 0 0 0 0 0 0 0 0 0]"
"1773838332313593,CSI_DATA,STATION,00:00:00:00:00:00,0,0,0,0,0,0,0,0,0,0,0,0,0,0,0,0,0,0,0,0,0,128,[84 -64 4 0 0 0 0 0 0 0 0 0 9 -14 10 -14 9 -14 10 -14 10 -13 11 -13 11 -12 11 -12 11 -12 11 -12 11 -11 11 -11 11 -11 11 -11 11 -11 11 -10 11 -10 11 -9 11 -10 11 -10 11 -10 11 -10 10 -9 10 -10 10 -10 10 -10 0 0 10 -10 9 -10 9 -11 9 -10 9 -11 9 -11 8 -11 9 -11 8 -11 8 -11 8 -11 7 -11 7 -12 7 -12 7 -12 7 -12 6 -12 6 -12 7 -12 6 -13 6 -13 6 -13 6 -13 5 -14 5 -13 6 -14 0 0 0 0 0 0 0 0 0 0]"
"1773838332326925,CSI_DATA,STATION,00:00:00:00:00:00,0,0,0,0,0,0,0,0,0,0,0,0,0,0,0,0,0,0,0,0,0,128,[84 -64 4 0 0 0 0 0 0 0 0 0 -14 -12 -14 -13 -14 -14 -13 -14 -13 -15 -12 -14 -12 -14 -12 -15 -11 -15 -11 -15 -11 -15 -10 -15 -10 -16 -9 -16 -9 -15 -9 -15 -9 -15 -8 -15 -9 -15 -9 -15 -8 -15 -8 -15 -9 -14 -8 -14 -8 -14 -8 -14 0 0 -8 -14 -8 -14 -9 -14 -9 -13 -9 -13 -9 -13 -9 -14 -9 -13 -9 -12 -9 -12 -10 -12 -10 -12 -11 -12 -11 -12 -11 -12 -11 -12 -11 -12 -12 -12 -12 -12 -12 -12 -12 -12 -12 -12 -12 -12 -12 -12 -12 -11 -12 -11 0 0 0 0 0 0 0 0 0 0]"
"1773838332335777,CSI_DATA,STATION,00:00:00:00:00:00,0,0,0,0,0,0,0,0,0,0,0,0,0,0,0,0,0,0,0,0,0,128,[84 -64 4 0 0 0 0 0 0 0 0 0 11 8 11 9 11 9 10 10 10 10 10 10 10 10 9 10 9 11 9 11 8 11 8 11 8 11 8 11 8 11 7 11 7 11 7 11 7 11 7 11 7 11 6 11 6 10 7 11 7 10 7 10 0 0 7 10 6 10 7 10 7 9 7 10 7 9 7 9 7 9 7 9 7 9 8 9 8 9 8 9 8 9 8 8 8 8 9 8 9 8 9 8 9 8 9 8 9 8 10 8 10 8 9 7 10 7 0 0 0 0 0 0 0 0 0 0]"
"1773838332348418,CSI_DATA,STATION,00:00:00:00:00:00,0,0,0,0,0,0,0,0,0,0,0,0,0,0,0,0,0,0,0,0,0,128,[84 -64 4 0 0 0 0 0 0 0 0 0 -10 11 -10 11 -11 11 -11 10 -11 11 -11 10 -11 10 -12 9 -12 9 -12 9 -12 8 -12 8 -13 8 -13 8 -12 8 -12 7 -12 7 -12 7 -11 7 -12 7 -12 7 -12 7 -11 7 -12 7 -12 7 -11 7 0 0 -11 7 -11 8 -10 7 -10 7 -11 7 -10 8 -10 8 -10 8 -10 8 -9 8 -9 8 -9 8 -9 9 -9 9 -9 9 -9 9 -8 9 -8 9 -9 10 -8 10 -8 10 -8 10 -8 10 -8 10 -8 10 -8 11 0 0 0 0 0 0 0 0 0 0]"
"1773838332358443,CSI_DATA,STATION,00:00:00:00:00:00,0,0,0,0,0,0,0,0,0,0,0,0,0,0,0,0,0,0,0,0,0,128,[84 -64 4 0 0 0 0 0 0 0 0 0 12 -8 13 -8 13 -8 14 -7 13 -7 14 -7 14 -6 13 -5 14 -5 13 -5 14 -5 14 -5 14 -5 13 -5 14 -5 13 -4 14 -4 13 -3 13 -4 13 -4 13 -4 13 -4 12 -4 13 -4 12 -4 13 -4 0 0 12 -4 12 -4 12 -5 11 -5 11 -5 11 -5 11 -5 11 -5 12 -5 11 -6 11 -6 11 -6 11 -7 11 -7 10 -7 11 -7 11 -7 11 -7 11 -7 10 -8 11 -8 10 -8 10 -8 10 -9 10 -9 10 -9 0 0 0 0 0 0 0 0 0 0]"
"1773838332364205,CSI_DATA,STATION,00:00:00:00:00:00,0,0,0,0,0,0,0,0,0,0,0,0,0,0,0,0,0,0,0,0,0,128,[84 -64 4 0 0 0 0 0 0 0 0 0 12 -9 13 -8 13 -8 14 -8 13 -7 14 -6 14 -6 14 -6 14 -5 14 -6 14 -5 14 -5 14 -5 14 -4 14 -4 14 -4 13 -4 13 -4 13 -4 14 -3 13 -3 13 -4 13 -4 13 -4 13 -4 13 -4 0 0 12 -4 12 -4 12 -4 12 -5 12 -4 12 -5 12 -4 12 -5 12 -5 11 -5 11 -6 11 -6 11 -6 11 -6 11 -6 11 -6 11 -7 11 -7 11 -7 11 -7 11 -7 11 -7 11 -8 11 -8 11 -8 11 -8 0 0 0 0 0 0 0 0 0 0]"
"1773838332381212,CSI_DATA,STATION,00:00:00:00:00:00,0,0,0,0,0,0,0,0,0,0,0,0,0,0,0,0,0,0,0,0,0,128,[84 -64 4 0 0 0 0 0 0 0 0 0 14 12 13 13 13 14 13 14 12 14 12 15 11 15 11 15 10 15 10 15 10 15 10 15 10 16 9 16 9 16 8 15 8 15 7 14 8 16 8 15 8 15 7 15 7 14 7 14 8 14 8 14 0 0 8 14 8 14 8 14 8 13 8 14 8 13 8 13 9 13 9 13 9 12 10 12 9 12 10 13 10 13 10 12 10 12 11 12 11 11 11 12 11 11 11 11 11 12 12 11 12 12 12 11 12 11 0 0 0 0 0 0 0 0 0 0]"
"1773838332395282,CSI_DATA,STATION,00:00:00:00:00:00,0,0,0,0,0,0,0,0,0,0,0,0,0,0,0,0,0,0,0,0,0,128,[84 -64 4 0 0 0 0 0 0 0 0 0 10 -15 11 -14 12 -14 12 -13 12 -13 13 -12 13 -11 13 -11 14 -11 13 -11 13 -11 14 -10 13 -10 14 -10 14 -10 13 -9 13 -8 13 -8 13 -9 13 -9 13 -8 13 -9 12 -8 12 -9 13 -9 12 -9 0 0 12 -8 12 -9 12 -9 12 -9 11 -9 11 -10 11 -9 11 -9 11 -9 10 -10 10 -10 10 -10 9 -10 10 -11 10 -11 10 -11 9 -11 10 -11 10 -11 9 -11 10 -11 9 -12 9 -12 9 -13 9 -13 9 -13 0 0 0 0 0 0 0 0 0 0]"
"1773838332406313,CSI_DATA,STATION,00:00:00:00:00:00,0,0,0,0,0,0,0,0,0,0,0,0,0,0,0,0,0,0,0,0,0,128,[84 -64 4 0 0 0 0 0 0 0 0 0 -13 11 -14 11 -13 11 -14 11 -14 10 -15 10 -14 9 -15 9 -15 8 -15 8 -15 8 -15 8 -15 7 -15 7 -15 8 -15 7 -15 6 -14 6 -15 7 -14 7 -14 7 -14 7 -13 6 -14 6 -14 7 -14 7 0 0 -13 6 -13 7 -13 7 -12 7 -12 7 -12 8 -12 8 -12 8 -12 8 -11 8 -11 8 -11 9 -11 9 -11 9 -11 9 -11 9 -11 9 -11 10 -10 10 -10 10 -10 10 -10 11 -10 10 -10 11 -9 11 -10 11 0 0 0 0 0 0 0 0 0 0]"
"1773838332415584,CSI_DATA,STATION,00:00:00:00:00:00,0,0,0,0,0,0,0,0,0,0,0,0,0,0,0,0,0,0,0,0,0,128,[84 -64 4 0 0 0 0 0 0 0 0 0 16 1 17 1 16 2 17 3 16 3 16 3 16 4 15 5 16 5 15 5 15 5 16 5 15 5 15 5 14 6 14 5 14 5 13 5 14 5 14 6 13 6 14 5 13 4 13 5 13 4 13 4 0 0 13 4 13 4 13 4 13 3 13 3 13 3 13 3 13 3 13 2 13 2 13 1 13 1 13 1 14 1 13 1 14 0 13 1 14 0 14 0 13 0 14 0 14 0 14 -1 14 -2 14 -2 14 -1 0 0 0 0 0 0 0 0 0 0]"
"1773838332425603,CSI_DATA,STATION,00:00:00:00:00:00,0,0,0,0,0,0,0,0,0,0,0,0,0,0,0,0,0,0,0,0,0,128,[84 -64 4 0 0 0 0 0 0 0 0 0 -11 12 -11 12 -12 12 -12 11 -12 11 -12 11 -13 10 -13 9 -13 10 -13 10 -13 9 -13 9 -13 9 -13 9 -13 9 -13 8 -12 8 -13 7 -13 8 -13 8 -13 7 -12 7 -12 7 -12 8 -12 8 -12 7 0 0 -11 8 -11 8 -11 8 -11 8 -11 8 -11 8 -10 9 -10 9 -10 8 -10 9 -9 9 -9 10 -9 10 -9 10 -9 10 -9 10 -8 10 -9 10 -9 11 -8 10 -8 11 -8 11 -8 11 -7 12 -7 11 -8 12 0 0 0 0 0 0 0 0 0 0]"
"1773838332435624,CSI_DATA,STATION,00:00:00:00:00:00,0,0,0,0,0,0,0,0,0,0,0,0,0,0,0,0,0,0,0,0,0,128,[84 -64 4 0 0 0 0 0 0 0 0 0 13 -9 13 -8 13 -8 14 -8 14 -7 14 -6 14 -6 14 -6 14 -5 14 -6 14 -5 14 -5 14 -5 14 -5 14 -4 14 -4 13 -3 13 -3 13 -4 13 -3 13 -3 13 -3 13 -3 13 -4 13 -4 13 -4 0 0 12 -4 12 -4 12 -4 12 -4 12 -4 12 -4 12 -4 11 -5 12 -5 11 -5 11 -6 11 -6 11 -6 12 -6 11 -6 11 -6 11 -6 11 -7 11 -7 11 -7 11 -7 11 -7 11 -8 11 -8 11 -8 11 -7 0 0 0 0 0 0 0 0 0 0]"
"1773838332445389,CSI_DATA,STATION,00:00:00:00:00:00,0,0,0,0,0,0,0,0,0,0,0,0,0,0,0,0,0,0,0,0,0,128,[84 -64 4 0 0 0 0 0 0 0 0 0 14 5 13 5 13 6 13 7 13 7 13 7 13 7 12 8 12 8 12 9 11 9 11 9 11 9 11 9 10 9 10 9 10 8 10 9 10 9 10 9 10 9 10 8 10 8 10 9 9 9 10 8 0 0 9 8 10 8 10 7 10 7 9 8 10 7 10 7 10 7 10 6 10 6 11 6 10 6 10 6 11 6 11 6 11 5 11 6 11 5 11 5 11 4 12 4 12 5 12 5 12 5 11 4 12 4 0 0 0 0 0 0 0 0 0 0]"
"1773838332455408,CSI_DATA,STATION,00:00:00:00:00:00,0,0,0,0,0,0,0,0,0,0,0,0,0,0,0,0,0,0,0,0,0,128,[84 -64 4 0 0 0 0 0 0 0 0 0 -8 -14 -8 -15 -7 -15 -7 -15 -6 -15 -6 -15 -6 -15 -5 -15 -4 -15 -5 -15 -5 -15 -4 -15 -4 -15 -4 -15 -4 -15 -4 -14 -3 -14 -3 -14 -4 -14 -3 -14 -4 -14 -4 -14 -4 -13 -4 -14 -4 -14 -4 -13 0 0 -5 -13 -5 -13 -5 -13 -5 -12 -5 -13 -5 -13 -5 -12 -6 -13 -5 -12 -6 -12 -7 -12 -7 -11 -7 -12 -7 -12 -7 -11 -7 -11 -7 -11 -8 -11 -8 -11 -8 -11 -8 -11 -9 -11 -9 -11 -9 -11 -9 -10 -9 -10 0 0 0 0 0 0 0 0 0 0]"
"1773838332467172,CSI_DATA,STATION,00:00:00:00:00:00,0,0,0,0,0,0,0,0,0,0,0,0,0,0,0,0,0,0,0,0,0,128,[84 -64 4 0 0 0 0 0 0 0 0 0 6 -17 7 -17 7 -18 8 -17 7 -17 8 -15 9 -16 9 -16 9 -15 10 -15 10 -15 10 -14 10 -15 10 -14 10 -14 10 -14 9 -13 9 -12 9 -13 9 -13 9 -13 9 -14 9 -12 9 -13 9 -13 9 -13 0 0 8 -13 8 -13 7 -13 7 -13 7 -13 7 -13 6 -13 6 -14 6 -13 6 -13 6 -14 5 -13 5 -14 5 -14 5 -14 4 -14 4 -14 4 -14 4 -15 4 -15 4 -15 3 -15 4 -15 3 -16 3 -15 3 -15 0 0 0 0 0 0 0 0 0 0]"
"1773838332474927,CSI_DATA,STATION,00:00:00:00:00:00,0,0,0,0,0,0,0,0,0,0,0,0,0,0,0,0,0,0,0,0,0,128,[84 -64 4 0 0 0 0 0 0 0 0 0 17 -4 18 -3 18 -2 18 -2 18 -1 18 -1 18 0 18 0 17 1 18 1 17 2 17 2 17 2 17 2 17 2 17 2 16 3 16 2 16 2 16 3 15 3 16 3 15 2 15 2 15 2 15 2 0 0 15 2 15 1 14 1 14 1 15 1 14 0 14 1 14 0 14 0 14 -1 15 0 15 -1 15 -1 14 -1 15 -2 15 -2 15 -2 15 -2 15 -2 15 -3 15 -2 15 -3 15 -3 15 -3 15 -4 15 -4 0 0 0 0 0 0 0 0 0 0]"
"1773838332474927,CSI_DATA,STATION,00:00:00:00:00:00,0,0,0,0,0,0,0,0,0,0,0,0,0,0,0,0,0,0,0,0,0,128,[84 -64 4 0 0 0 0 0 0 0 0 0 -14 -12 -14 -14 -14 -15 -14 -15 -13 -15 -13 -15 -12 -15 -12 -15 -11 -16 -11 -15 -11 -15 -11 -15 -11 -16 -11 -16 -10 -16 -9 -15 -10 -15 -9 -15 -10 -16 -9 -15 -9 -15 -9 -15 -9 -13 -10 -14 -10 -14 -10 -14 0 0 -10 -13 -10 -13 -10 -13 -10 -12 -10 -13 -10 -12 -10 -12 -10 -12 -11 -11 -11 -11 -12 -11 -12 -11 -12 -10 -12 -11 -12 -10 -12 -10 -12 -10 -13 -10 -13 -9 -13 -9 -13 -9 -14 -10 -13 -9 -14 -8 -14 -8 -14 -8 0 0 0 0 0 0 0 0 0 0]"
"1773838332501103,CSI_DATA,STATION,00:00:00:00:00:00,0,0,0,0,0,0,0,0,0,0,0,0,0,0,0,0,0,0,0,0,0,128,[84 -64 4 0 0 0 0 0 0 0 0 0 -5 18 -6 18 -6 18 -7 18 -8 18 -8 17 -9 17 -9 16 -9 16 -9 17 -9 16 -9 16 -10 16 -10 16 -10 16 -10 15 -9 15 -9 14 -9 14 -9 14 -9 14 -9 14 -9 14 -8 14 -8 14 -8 13 0 0 -8 14 -8 14 -7 14 -7 14 -6 14 -6 14 -6 14 -6 14 -6 14 -5 14 -5 14 -5 15 -4 15 -4 15 -3 14 -4 15 -3 15 -3 15 -3 15 -3 15 -3 15 -3 15 -2 15 -1 16 -1 15 -1 15 0 0 0 0 0 0 0 0 0 0]"
"1773838332508864,CSI_DATA,STATION,00:00:00:00:00:00,0,0,0,0,0,0,0,0,0,0,0,0,0,0,0,0,0,0,0,0,0,128,[84 -64 4 0 0 0 0 0 0 0 0 0 6 -17 6 -16 7 -17 8 -16 8 -17 8 -15 9 -15 9 -15 9 -14 9 -15 10 -14 10 -14 10 -14 10 -14 9 -13 10 -13 9 -12 10 -12 9 -13 10 -13 9 -12 10 -13 9 -12 9 -12 9 -12 9 -12 0 0 8 -12 8 -12 8 -12 8 -12 7 -12 7 -13 7 -13 7 -13 7 -12 6 -13 6 -13 6 -13 5 -13 5 -13 6 -13 5 -13 5 -14 5 -14 5 -14 4 -14 4 -14 4 -14 4 -14 4 -14 3 -14 3 -14 0 0 0 0 0 0 0 0 0 0]"
"1773838332513745,CSI_DATA,STATION,00:00:00:00:00:00,0,0,0,0,0,0,0,0,0,0,0,0,0,0,0,0,0,0,0,0,0,128,[84 -64 4 0 0 0 0 0 0 0 0 0 8 15 8 15 7 16 7 16 6 16 6 16 6 16 5 16 5 16 4 16 4 16 3 16 4 16 3 16 4 15 3 15 3 16 3 15 3 15 3 15 3 15 3 15 3 14 3 14 3 14 3 14 0 0 3 13 3 14 4 14 4 13 4 13 4 13 4 13 4 13 4 12 5 12 5 12 5 12 6 12 6 12 6 12 6 12 7 12 7 12 7 12 7 11 7 12 7 12 8 12 8 11 8 11 8 11 0 0 0 0 0 0 0 0 0 0]"
"1773838332522978,CSI_DATA,STATION,00:00:00:00:00:00,0,0,0,0,0,0,0,0,0,0,0,0,0,0,0,0,0,0,0,0,0,128,[84 -64 4 0 0 0 0 0 0 0 0 0 14 5 14 6 13 6 14 7 14 7 14 7 13 8 13 8 13 8 12 8 12 8 12 9 12 9 12 9 12 9 11 8 11 8 11 8 11 8 11 8 11 8 10 8 10 7 11 8 11 8 11 7 0 0 11 7 10 7 11 7 11 6 11 6 11 6 11 6 11 5 11 5 11 5 11 4 11 5 11 5 12 4 11 4 12 4 12 3 12 3 12 3 12 3 12 3 12 3 12 3 12 2 12 2 13 2 0 0 0 0 0 0 0 0 0 0]"
"1773838332538903,CSI_DATA,STATION,00:00:00:00:00:00,0,0,0,0,0,0,0,0,0,0,0,0,0,0,0,0,0,0,0,0,0,128,[84 -64 4 0 0 0 0 0 0 0 0 0 -4 15 -4 15 -4 15 -5 15 -5 15 -6 15 -6 14 -7 14 -7 14 -7 14 -7 14 -7 13 -7 14 -7 13 -8 13 -8 13 -8 13 -8 12 -7 13 -8 12 -8 12 -8 12 -7 12 -7 12 -7 12 -7 12 0 0 -6 12 -6 12 -6 12 -6 11 -5 12 -5 12 -5 12 -5 12 -5 12 -4 12 -4 12 -4 12 -3 12 -3 13 -3 12 -3 13 -3 12 -3 12 -3 12 -3 12 -2 13 -2 13 -1 13 -1 13 -1 13 -1 13 0 0 0 0 0 0 0 0 0 0]"
"1773838332538903,CSI_DATA,STATION,00:00:00:00:00:00,0,0,0,0,0,0,0,0,0,0,0,0,0,0,0,0,0,0,0,0,0,128,[84 -64 4 0 0 0 0 0 0 0 0 0 8 -12 9 -11 10 -11 10 -11 10 -10 10 -9 10 -10 11 -9 10 -9 11 -9 11 -9 11 -8 11 -8 11 -8 10 -8 11 -8 10 -8 10 -7 10 -7 10 -7 10 -7 10 -7 10 -8 10 -7 10 -7 9 -7 0 0 9 -7 9 -7 9 -8 9 -7 9 -8 8 -8 8 -8 8 -8 8 -8 8 -8 8 -8 8 -9 8 -9 8 -10 7 -9 7 -9 7 -10 7 -10 7 -10 7 -10 7 -10 7 -10 6 -10 6 -10 6 -10 6 -10 0 0 0 0 0 0 0 0 0 0]"
"1773838332556675,CSI_DATA,STATION,00:00:00:00:00:00,0,0,0,0,0,0,0,0,0,0,0,0,0,0,0,0,0,0,0,0,0,128,[84 -64 4 0 0 0 0 0 0 0 0 0 9 14 9 14 8 15 8 15 7 15 7 15 6 15 6 15 5 15 6 16 5 15 5 16 5 16 4 16 4 16 4 15 4 15 4 15 4 15 4 15 3 15 3 15 3 14 4 14 4 14 4 14 0 0 4 14 4 14 5 14 4 13 4 13 4 13 5 13 5 13 5 13 5 12 6 12 6 12 7 12 6 12 7 12 7 12 7 12 7 12 7 12 7 12 7 12 8 12 8 12 9 12 9 11 9 11 0 0 0 0 0 0 0 0 0 0]"
"1773838332566693,CSI_DATA,STATION,00:00:00:00:00:00,0,0,0,0,0,0,0,0,0,0,0,0,0,0,0,0,0,0,0,0,0,128,[84 -64 4 0 0 0 0 0 0 0 0 0 -3 -17 -3 -18 -2 -18 -2 -18 -1 -18 0 -18 1 -17 1 -17 1 -17 1 -17 2 -17 2 -17 2 -17 2 -17 2 -17 2 -16 3 -16 2 -15 2 -16 3 -16 3 -16 3 -16 2 -15 2 -15 2 -15 2 -15 0 0 2 -15 2 -15 1 -15 2 -14 1 -15 1 -15 1 -15 1 -15 1 -14 0 -14 0 -14 0 -14 -1 -15 -1 -15 0 -15 -1 -15 -1 -15 -1 -15 -1 -15 -1 -15 -1 -15 -2 -15 -2 -15 -3 -15 -3 -15 -3 -15 0 0 0 0 0 0 0 0 0 0]"
"1773838332578465,CSI_DATA,STATION,00:00:00:00:00:00,0,0,0,0,0,0,0,0,0,0,0,0,0,0,0,0,0,0,0,0,0,128,[84 -64 4 0 0 0 0 0 0 0 0 0 15 -6 16 -5 16 -5 16 -5 16 -4 16 -3 16 -2 16 -2 16 -2 16 -2 16 -2 16 -2 16 -2 16 -2 15 -1 15 -1 15 -1 15 0 15 0 15 -1 15 -1 14 -1 14 -1 14 -1 14 -1 14 -1 0 0 14 -1 14 -2 14 -2 13 -2 14 -2 13 -2 13 -2 13 -3 13 -2 13 -3 13 -4 13 -4 13 -4 13 -4 13 -4 13 -4 13 -5 14 -5 14 -5 13 -5 13 -5 13 -6 13 -6 13 -7 13 -6 13 -7 0 0 0 0 0 0 0 0 0 0]"
"1773838332592268,CSI_DATA,STATION,00:00:00:00:00:00,0,0,0,0,0,0,0,0,0,0,0,0,0,0,0,0,0,0,0,0,0,128,[84 -64 4 0 0 0 0 0 0 0 0 0 -8 -15 -7 -16 -7 -16 -7 -17 -6 -17 -5 -16 -5 -16 -4 -17 -4 -17 -3 -16 -3 -16 -3 -17 -3 -17 -2 -17 -2 -17 -2 -16 -2 -15 -2 -16 -2 -16 -2 -16 -2 -16 -2 -16 -2 -15 -2 -15 -2 -15 -2 -15 0 0 -2 -14 -3 -14 -2 -15 -3 -14 -3 -15 -3 -15 -3 -15 -3 -14 -3 -14 -4 -13 -4 -14 -4 -14 -4 -14 -5 -14 -5 -14 -5 -14 -5 -14 -6 -14 -6 -14 -6 -14 -6 -14 -7 -14 -6 -14 -7 -14 -7 -14 -7 -14 0 0 0 0 0 0 0 0 0 0]"
"1773838332602037,CSI_DATA,STATION,00:00:00:00:00:00,0,0,0,0,0,0,0,0,0,0,0,0,0,0,0,0,0,0,0,0,0,128,[84 -64 4 0 0 0 0 0 0 0 0 0 7 14 6 15 6 15 6 16 5 15 5 15 4 16 3 15 3 15 3 16 3 16 3 16 3 16 2 15 2 16 2 15 2 15 2 14 1 15 1 15 2 14 1 15 2 13 2 14 2 14 2 13 0 0 2 13 3 13 3 14 3 13 3 13 3 13 3 13 4 13 4 12 4 12 5 12 5 12 5 13 5 13 5 12 6 12 6 12 6 11 6 12 6 12 6 12 7 12 7 12 7 12 7 11 8 11 0 0 0 0 0 0 0 0 0 0]"
"1773838332616078,CSI_DATA,STATION,00:00:00:00:00:00,0,0,0,0,0,0,0,0,0,0,0,0,0,0,0,0,0,0,0,0,0,128,[84 -64 4 0 0 0 0 0 0 0 0 0 -4 -17 -3 -17 -3 -17 -2 -18 -2 -17 -1 -17 -1 -17 0 -17 0 -17 0 -17 1 -17 1 -16 1 -17 2 -17 1 -16 1 -16 1 -15 1 -15 2 -16 2 -16 1 -15 2 -15 1 -14 2 -15 2 -15 1 -14 0 0 1 -14 1 -14 0 -15 0 -14 0 -14 0 -14 0 -15 0 -15 -1 -14 -1 -14 -1 -14 -1 -14 -1 -14 -2 -14 -2 -14 -2 -14 -2 -15 -2 -14 -3 -14 -3 -14 -3 -14 -3 -15 -3 -15 -4 -15 -4 -14 -4 -14 0 0 0 0 0 0 0 0 0 0]"
"1773838332629854,CSI_DATA,STATION,00:00:00:00:00:00,0,0,0,0,0,0,0,0,0,0,0,0,0,0,0,0,0,0,0,0,0,128,[84 -64 4 0 0 0 0 0 0 0 0 0 -17 -1 -17 -1 -17 -2 -18 -3 -17 -3 -17 -3 -17 -3 -16 -4 -17 -4 -16 -5 -16 -6 -16 -5 -16 -5 -16 -6 -15 -6 -16 -5 -15 -5 -15 -6 -15 -6 -15 -5 -14 -5 -14 -5 -14 -5 -14 -5 -14 -5 -14 -5 0 0 -14 -4 -14 -5 -14 -4 -14 -4 -13 -4 -14 -3 -14 -3 -14 -3 -14 -3 -14 -2 -14 -2 -14 -2 -14 -2 -14 -2 -14 -2 -14 -1 -14 -1 -15 -1 -15 0 -15 0 -15 0 -15 0 -15 0 -15 0 -15 1 -15 1 0 0 0 0 0 0 0 0 0 0]"
"1773838332645656,CSI_DATA,STATION,00:00:00:00:00:00,0,0,0,0,0,0,0,0,0,0,0,0,0,0,0,0,0,0,0,0,0,128,[84 -64 4 0 0 0 0 0 0 0 0 0 1 16 0 16 -1 16 -1 17 -1 16 -1 16 -2 16 -2 15 -2 16 -3 16 -3 15 -3 15 -3 16 -3 15 -3 15 -4 15 -4 14 -3 14 -3 15 -4 14 -3 14 -3 14 -4 13 -3 14 -3 14 -3 13 0 0 -2 13 -2 14 -2 14 -2 13 -2 13 -1 13 -1 13 -1 13 -1 13 -1 13 0 13 0 14 1 14 1 14 1 13 1 13 2 13 2 13 2 14 2 13 2 13 3 13 3 13 3 14 3 13 3 13 0 0 0 0 0 0 0 0 0 0]"
"1773838332665220,CSI_DATA,STATION,00:00:00:00:00:00,0,0,0,0,0,0,0,0,0,0,0,0,0,0,0,0,0,0,0,0,0,128,[84 -64 4 0 0 0 0 0 0 0 0 0 -8 -15 -8 -15 -7 -16 -7 -16 -7 -16 -6 -16 -5 -16 -5 -16 -5 -16 -4 -17 -4 -16 -4 -16 -4 -17 -4 -17 -4 -16 -4 -16 -4 -15 -3 -15 -3 -15 -3 -15 -3 -16 -3 -16 -3 -14 -3 -15 -3 -15 -4 -14 0 0 -4 -14 -4 -14 -5 -14 -5 -14 -5 -14 -5 -14 -5 -14 -5 -14 -5 -13 -6 -13 -6 -13 -6 -13 -7 -13 -6 -14 -7 -12 -7 -13 -7 -13 -8 -13 -8 -12 -8 -13 -8 -12 -9 -13 -9 -13 -9 -13 -9 -12 -9 -12 0 0 0 0 0 0 0 0 0 0]"
"1773838332681016,CSI_DATA,STATION,00:00:00:00:00:00,0,0,0,0,0,0,0,0,0,0,0,0,0,0,0,0,0,0,0,0,0,128,[84 -64 4 0 0 0 0 0 0 0 0 0 11 -10 11 -10 11 -10 12 -10 12 -9 12 -9 12 -8 12 -8 13 -8 12 -8 13 -7 12 -7 13 -7 13 -7 12 -7 12 -6 12 -6 12 -6 12 -7 12 -6 11 -6 12 -6 11 -6 11 -6 11 -6 11 -7 0 0 10 -6 10 -7 11 -7 10 -7 10 -7 10 -7 10 -7 9 -8 10 -8 9 -8 9 -8 9 -8 9 -9 9 -9 9 -9 9 -9 8 -9 9 -10 9 -10 8 -10 8 -10 8 -10 8 -10 8 -11 7 -11 8 -11 0 0 0 0 0 0 0 0 0 0]"
"1773838332693056,CSI_DATA,STATION,00:00:00:00:00:00,0,0,0,0,0,0,0,0,0,0,0,0,0,0,0,0,0,0,0,0,0,128,[84 -64 4 0 0 0 0 0 0 0 0 0 14 -6 13 -5 14 -5 14 -4 14 -4 14 -3 15 -3 14 -3 15 -3 14 -2 14 -2 14 -2 14 -2 14 -2 13 -1 14 -1 13 -1 13 -1 13 -1 13 -1 13 -1 13 -1 13 -1 13 -1 13 -1 13 -2 0 0 12 -2 13 -2 12 -2 12 -2 12 -2 12 -2 12 -3 12 -3 12 -3 12 -4 12 -4 11 -4 11 -4 11 -4 12 -4 11 -5 12 -5 12 -5 12 -5 11 -6 11 -6 11 -6 12 -6 11 -6 11 -6 11 -7 0 0 0 0 0 0 0 0 0 0]"
"1773838332711006,CSI_DATA,STATION,00:00:00:00:00:00,0,0,0,0,0,0,0,0,0,0,0,0,0,0,0,0,0,0,0,0,0,128,[84 -64 4 0 0 0 0 0 0 0 0 0 7 -15 8 -16 8 -15 8 -15 9 -15 9 -14 9 -14 10 -13 10 -13 10 -14 10 -13 11 -12 11 -13 10 -13 10 -13 10 -12 10 -12 10 -11 10 -12 10 -12 10 -11 10 -12 10 -11 9 -12 9 -12 9 -11 0 0 9 -11 9 -12 8 -12 8 -12 8 -12 7 -12 7 -12 7 -12 7 -12 7 -12 6 -12 6 -13 6 -13 6 -13 6 -13 6 -13 5 -14 5 -13 5 -14 5 -14 5 -14 5 -14 5 -14 4 -15 4 -14 4 -14 0 0 0 0 0 0 0 0 0 0]"
"1773838332724281,CSI_DATA,STATION,00:00:00:00:00:00,0,0,0,0,0,0,0,0,0,0,0,0,0,0,0,0,0,0,0,0,0,128,[84 -64 4 0 0 0 0 0 0 0 0 0 -15 -5 -15 -6 -15 -7 -15 -7 -15 -8 -14 -7 -14 -8 -13 -8 -14 -8 -14 -9 -13 -9 -13 -9 -13 -9 -13 -9 -13 -9 -13 -9 -12 -9 -11 -9 -12 -9 -11 -9 -11 -10 -11 -9 -11 -9 -11 -9 -11 -9 -11 -8 0 0 -11 -8 -12 -8 -11 -8 -11 -7 -11 -8 -11 -8 -11 -7 -12 -7 -12 -7 -11 -7 -12 -7 -12 -7 -12 -7 -12 -6 -13 -6 -12 -6 -12 -6 -12 -5 -12 -5 -13 -5 -13 -5 -13 -5 -13 -5 -13 -5 -13 -5 -13 -4 0 0 0 0 0 0 0 0 0 0]"
"1773838332736303,CSI_DATA,STATION,00:00:00:00:00:00,0,0,0,0,0,0,0,0,0,0,0,0,0,0,0,0,0,0,0,0,0,128,[84 -64 4 0 0 0 0 0 0 0 0 0 -9 -14 -8 -14 -8 -15 -7 -16 -7 -15 -6 -15 -6 -15 -6 -15 -5 -15 -5 -15 -5 -15 -4 -15 -4 -16 -4 -16 -4 -15 -4 -15 -3 -15 -3 -14 -4 -15 -3 -15 -3 -14 -3 -14 -3 -13 -3 -14 -3 -14 -3 -13 0 0 -4 -13 -4 -13 -4 -13 -4 -13 -4 -13 -4 -13 -5 -13 -5 -13 -5 -12 -5 -12 -6 -12 -6 -13 -6 -12 -6 -12 -6 -12 -7 -12 -7 -13 -7 -12 -7 -12 -8 -12 -8 -12 -8 -12 -8 -12 -8 -12 -9 -11 -9 -12 0 0 0 0 0 0 0 0 0 0]"
"1773838332746105,CSI_DATA,STATION,00:00:00:00:00:00,0,0,0,0,0,0,0,0,0,0,0,0,0,0,0,0,0,0,0,0,0,128,[84 -64 4 0 0 0 0 0 0 0 0 0 6 16 5 16 5 17 4 17 4 17 2 16 3 17 2 17 2 16 2 17 2 16 1 17 1 17 1 16 1 16 0 16 1 16 1 15 0 16 0 16 0 15 1 15 0 15 0 15 0 15 1 14 0 0 1 14 1 14 2 14 2 14 2 14 2 14 3 14 3 13 3 13 3 13 4 13 4 13 4 13 5 13 5 13 5 13 5 13 5 13 5 13 5 12 6 13 6 13 6 13 7 13 7 12 7 12 0 0 0 0 0 0 0 0 0 0]"
"1773838332756126,CSI_DATA,STATION,00:00:00:00:00:00,0,0,0,0,0,0,0,0,0,0,0,0,0,0,0,0,0,0,0,0,0,128,[84 -64 4 0 0 0 0 0 0 0 0 0 -1 -18 -1 -17 0 -18 0 -18 1 -18 1 -17 2 -17 2 -17 3 -17 3 -18 4 -17 4 -17 4 -17 4 -17 4 -16 4 -16 4 -15 4 -16 4 -15 4 -16 4 -16 4 -15 4 -15 4 -15 4 -15 3 -14 0 0 3 -15 3 -15 3 -15 3 -15 2 -15 2 -15 2 -15 2 -15 2 -14 1 -15 1 -14 1 -15 1 -14 0 -14 1 -14 0 -14 0 -15 0 -15 -1 -15 -1 -15 -1 -15 -1 -15 -1 -16 -2 -16 -1 -15 -1 -15 0 0 0 0 0 0 0 0 0 0]"
"1773838332768899,CSI_DATA,STATION,00:00:00:00:00:00,0,0,0,0,0,0,0,0,0,0,0,0,0,0,0,0,0,0,0,0,0,128,[84 -64 4 0 0 0 0 0 0 0 0 0 9 -14 10 -14 10 -13 11 -14 11 -13 11 -12 11 -12 12 -12 12 -12 11 -12 12 -11 12 -11 13 -11 12 -11 12 -11 12 -10 12 -10 12 -9 12 -10 12 -10 11 -10 11 -10 11 -9 11 -10 11 -10 11 -10 0 0 10 -10 10 -10 10 -10 10 -10 10 -10 9 -11 9 -11 9 -11 9 -11 8 -11 8 -11 8 -11 8 -12 8 -12 8 -12 7 -12 8 -12 7 -12 7 -12 7 -12 7 -13 6 -13 6 -13 7 -13 6 -13 6 -13 0 0 0 0 0 0 0 0 0 0]"
"1773838332779926,CSI_DATA,STATION,00:00:00:00:00:00,0,0,0,0,0,0,0,0,0,0,0,0,0,0,0,0,0,0,0,0,0,128,[84 -64 4 0 0 0 0 0 0 0 0 0 -8 -15 -7 -15 -7 -16 -7 -16 -6 -16 -6 -16 -5 -16 -5 -16 -4 -16 -4 -16 -4 -16 -4 -16 -4 -17 -4 -16 -4 -16 -3 -15 -3 -15 -2 -15 -3 -15 -3 -15 -3 -15 -3 -15 -3 -14 -3 -15 -3 -15 -3 -14 0 0 -3 -14 -3 -14 -4 -14 -4 -13 -4 -14 -4 -14 -4 -13 -5 -13 -4 -13 -5 -13 -5 -13 -5 -13 -6 -13 -6 -13 -5 -12 -6 -13 -6 -13 -6 -13 -7 -12 -7 -12 -7 -12 -7 -13 -7 -12 -8 -13 -8 -12 -8 -12 0 0 0 0 0 0 0 0 0 0]"
"1773838332791621,CSI_DATA,STATION,00:00:00:00:00:00,0,0,0,0,0,0,0,0,0,0,0,0,0,0,0,0,0,0,0,0,0,128,[84 -64 4 0 0 0 0 0 0 0 0 0 17 -5 17 -4 17 -4 17 -4 17 -3 17 -3 16 -2 17 -2 17 -1 17 -1 16 0 17 0 17 0 16 0 16 0 16 0 16 0 15 0 15 0 15 0 15 0 15 0 15 0 14 0 14 0 14 0 0 0 14 0 14 -1 14 -1 14 -1 14 -1 14 -1 14 -2 14 -2 14 -2 14 -3 14 -3 14 -3 14 -3 14 -3 14 -3 14 -4 14 -4 14 -4 14 -4 14 -5 14 -5 14 -5 14 -5 14 -5 14 -6 14 -6 0 0 0 0 0 0 0 0 0 0]"
"1773838332791621,CSI_DATA,STATION,00:00:00:00:00:00,0,0,0,0,0,0,0,0,0,0,0,0,0,0,0,0,0,0,0,0,0,128,[84 -64 4 0 0 0 0 0 0 0 0 0 -15 -5 -15 -6 -15 -7 -15 -7 -15 -7 -15 -7 -14 -8 -14 -8 -14 -8 -13 -9 -13 -9 -13 -9 -13 -9 -13 -9 -13 -9 -12 -9 -12 -9 -11 -9 -12 -9 -12 -9 -11 -9 -11 -9 -11 -8 -11 -8 -11 -9 -11 -9 0 0 -11 -8 -11 -8 -12 -8 -11 -7 -11 -7 -11 -8 -11 -7 -12 -7 -11 -7 -12 -6 -12 -6 -12 -6 -12 -6 -12 -6 -12 -6 -12 -5 -12 -5 -13 -5 -13 -5 -13 -5 -13 -5 -13 -5 -13 -4 -13 -5 -13 -4 -13 -4 0 0 0 0 0 0 0 0 0 0]"
"1773838332814509,CSI_DATA,STATION,00:00:00:00:00:00,0,0,0,0,0,0,0,0,0,0,0,0,0,0,0,0,0,0,0,0,0,128,[84 -64 4 0 0 0 0 0 0 0 0 0 5 -16 6 -17 6 -16 7 -17 7 -16 8 -16 8 -15 8 -15 8 -15 8 -14 9 -15 9 -14 9 -14 10 -14 9 -14 9 -13 9 -13 9 -12 9 -13 9 -13 9 -13 9 -13 8 -12 8 -13 8 -13 8 -13 0 0 8 -12 7 -12 8 -13 7 -12 7 -13 7 -13 6 -13 6 -13 7 -13 5 -13 6 -13 5 -13 5 -14 5 -14 5 -13 5 -14 4 -14 4 -14 4 -14 4 -14 4 -14 4 -15 3 -15 3 -15 3 -15 3 -15 0 0 0 0 0 0 0 0 0 0]"
"1773838332823124,CSI_DATA,STATION,00:00:00:00:00:00,0,0,0,0,0,0,0,0,0,0,0,0,0,0,0,0,0,0,0,0,0,128,[84 -64 4 0 0 0 0 0 0 0 0 0 19 -4 20 -4 19 -3 20 -2 20 -2 20 -1 19 -1 19 0 20 0 19 0 19 1 19 1 19 1 19 2 18 2 18 2 18 2 17 2 18 2 18 2 18 2 17 2 17 2 17 2 17 2 17 2 0 0 17 1 16 1 17 1 16 1 16 0 16 0 16 0 16 -1 16 -1 16 -1 16 -1 16 -1 16 -2 16 -2 16 -2 16 -3 16 -3 16 -3 17 -3 16 -3 16 -4 16 -4 16 -4 16 -4 16 -4 17 -4 0 0 0 0 0 0 0 0 0 0]"
"1773838332823124,CSI_DATA,STATION,00:00:00:00:00:00,0,0,0,0,0,0,0,0,0,0,0,0,0,0,0,0,0,0,0,0,0,128,[84 -64 4 0 0 0 0 0 0 0 0 0 8 -15 9 -14 10 -14 10 -14 10 -14 10 -13 11 -13 11 -13 11 -12 11 -12 12 -12 12 -11 12 -12 11 -12 12 -11 11 -10 11 -10 11 -10 11 -10 11 -10 11 -10 11 -10 11 -9 11 -10 10 -10 10 -10 0 0 10 -10 10 -10 10 -10 9 -10 9 -10 9 -10 9 -10 9 -11 8 -10 8 -10 8 -11 8 -11 8 -11 8 -11 8 -11 8 -11 7 -11 7 -12 7 -12 7 -12 7 -12 7 -13 6 -13 6 -13 6 -13 6 -13 0 0 0 0 0 0 0 0 0 0]"
"1773838332839211,CSI_DATA,STATION,00:00:00:00:00:00,0,0,0,0,0,0,0,0,0,0,0,0,0,0,0,0,0,0,0,0,0,128,[84 -64 4 0 0 0 0 0 0 0 0 0 -16 -8 -16 -8 -16 -9 -16 -10 -15 -10 -15 -10 -14 -11 -14 -11 -14 -11 -13 -12 -13 -12 -13 -12 -13 -12 -13 -12 -12 -12 -12 -11 -12 -11 -11 -11 -11 -11 -11 -12 -11 -12 -11 -12 -11 -11 -11 -11 -11 -11 -11 -11 0 0 -11 -10 -11 -10 -12 -9 -12 -9 -11 -9 -11 -9 -11 -9 -11 -9 -11 -8 -12 -8 -12 -8 -12 -8 -12 -8 -12 -7 -13 -7 -13 -7 -13 -7 -13 -6 -13 -7 -13 -7 -13 -7 -14 -7 -14 -7 -14 -7 -14 -5 -14 -6 0 0 0 0 0 0 0 0 0 0]"
"1773838332857234,CSI_DATA,STATION,00:00:00:00:00:00,0,0,0,0,0,0,0,0,0,0,0,0,0,0,0,0,0,0,0,0,0,128,[84 -64 4 0 0 0 0 0 0 0 0 0 -8 15 -9 15 -9 15 -10 15 -10 15 -11 14 -10 14 -11 13 -11 13 -11 13 -12 12 -12 13 -11 12 -12 12 -12 12 -12 11 -12 11 -11 10 -11 11 -11 11 -11 11 -11 11 -11 10 -11 11 -10 11 -10 10 0 0 -10 10 -10 11 -9 11 -9 11 -9 11 -9 11 -9 11 -8 11 -8 11 -8 11 -8 11 -8 12 -7 12 -7 12 -7 12 -7 12 -6 12 -6 12 -6 12 -6 12 -6 12 -5 13 -5 13 -5 13 -5 13 -5 13 0 0 0 0 0 0 0 0 0 0]"
"1773838332871182,CSI_DATA,STATION,00:00:00:00:00:00,0,0,0,0,0,0,0,0,0,0,0,0,0,0,0,0,0,0,0,0,0,128,[84 -64 4 0 0 0 0 0 0 0 0 0 -2 17 -3 17 -3 16 -4 18 -4 17 -4 17 -5 16 -5 16 -5 16 -6 16 -6 16 -6 15 -6 16 -7 16 -7 15 -7 14 -7 14 -7 14 -7 14 -6 14 -7 14 -6 14 -6 13 -6 13 -6 14 -6 13 0 0 -6 13 -5 13 -5 14 -4 13 -5 13 -4 13 -4 13 -4 13 -4 13 -3 13 -3 13 -2 14 -3 14 -2 14 -2 13 -2 13 -1 14 -1 13 -1 14 -1 13 -1 14 -1 14 0 14 0 14 0 14 1 14 0 0 0 0 0 0 0 0 0 0]"
"1773838332871182,CSI_DATA,STATION,00:00:00:00:00:00,0,0,0,0,0,0,0,0,0,0,0,0,0,0,0,0,0,0,0,0,0,128,[84 -64 4 0 0 0 0 0 0 0 0 0 -16 9 -16 8 -16 8 -17 8 -17 7 -17 6 -17 6 -17 5 -17 5 -17 5 -17 4 -17 4 -17 4 -17 4 -16 4 -16 3 -16 3 -16 3 -16 3 -15 3 -16 3 -15 3 -15 3 -15 4 -15 3 -15 3 0 0 -15 4 -14 4 -14 5 -14 4 -14 5 -14 5 -14 5 -14 5 -13 5 -13 5 -13 6 -13 6 -13 6 -13 7 -13 7 -12 7 -12 7 -13 7 -12 7 -13 7 -12 8 -12 8 -11 8 -12 9 -12 9 -12 9 0 0 0 0 0 0 0 0 0 0]"
"1773838332890772,CSI_DATA,STATION,00:00:00:00:00:00,0,0,0,0,0,0,0,0,0,0,0,0,0,0,0,0,0,0,0,0,0,128,[84 -64 4 0 0 0 0 0 0 0 0 0 -5 15 -6 14 -6 15 -7 15 -7 14 -7 14 -7 14 -8 13 -8 13 -8 13 -8 13 -9 12 -8 13 -9 13 -9 12 -9 12 -9 12 -8 11 -8 12 -8 11 -8 11 -8 11 -8 11 -8 11 -8 11 -8 11 0 0 -7 11 -8 11 -7 11 -7 11 -6 11 -6 11 -6 11 -6 11 -6 11 -6 11 -5 11 -5 12 -5 12 -5 12 -5 11 -5 12 -4 12 -4 12 -4 12 -4 12 -3 12 -4 13 -3 12 -3 13 -3 12 -3 12 0 0 0 0 0 0 0 0 0 0]"
"1773838332900789,CSI_DATA,STATION,00:00:00:00:00:00,0,0,0,0,0,0,0,0,0,0,0,0,0,0,0,0,0,0,0,0,0,128,[84 -64 4 0 0 0 0 0 0 0 0 0 13 11 13 11 12 12 12 13 11 13 10 13 10 13 10 14 9 14 10 14 9 14 10 14 9 14 9 14 8 14 8 14 7 13 7 13 7 14 7 13 7 13 7 13 7 13 7 12 7 13 8 12 0 0 7 12 7 12 8 12 7 12 7 11 8 11 7 11 8 11 8 11 8 11 9 10 9 11 9 10 9 11 9 10 9 10 10 10 10 10 10 10 10 10 10 10 10 10 11 10 11 9 11 9 11 9 0 0 0 0 0 0 0 0 0 0]"
"1773838332913113,CSI_DATA,STATION,00:00:00:00:00:00,0,0,0,0,0,0,0,0,0,0,0,0,0,0,0,0,0,0,0,0,0,128,[84 -64 4 0 0 0 0 0 0 0 0 0 0 -18 1 -18 1 -18 2 -18 2 -18 3 -17 3 -17 3 -17 4 -17 4 -17 5 -17 5 -17 5 -17 5 -17 5 -16 5 -16 5 -16 5 -14 5 -15 5 -15 5 -15 5 -15 5 -15 4 -15 5 -15 5 -14 0 0 4 -14 4 -14 4 -15 4 -14 4 -14 3 -15 3 -14 3 -15 3 -14 2 -14 2 -14 2 -14 1 -15 1 -15 1 -15 1 -15 1 -15 1 -15 0 -15 0 -15 0 -15 0 -15 0 -15 -1 -16 -1 -15 -1 -15 0 0 0 0 0 0 0 0 0 0]"
"1773838332918624,CSI_DATA,STATION,00:00:00:00:00:00,0,0,0,0,0,0,0,0,0,0,0,0,0,0,0,0,0,0,0,0,0,128,[84 -64 4 0 0 0 0 0 0 0 0 0 -27 -5 -28 -6 -27 -7 -27 -8 -27 -8 -27 -9 -26 -10 -26 -10 -25 -11 -25 -11 -25 -11 -25 -11 -24 -12 -24 -12 -24 -12 -24 -11 -23 -12 -23 -12 -23 -12 -22 -12 -22 -13 -22 -12 -22 -12 -22 -11 -22 -10 -22 -11 0 0 -21 -10 -21 -9 -21 -9 -22 -9 -21 -9 -21 -8 -21 -8 -21 -8 -21 -7 -22 -7 -22 -7 -22 -6 -22 -6 -23 -6 -22 -5 -23 -5 -22 -5 -23 -4 -23 -4 -23 -4 -23 -4 -23 -3 -24 -3 -24 -3 -24 -2 -24 -2 0 0 0 0 0 0 0 0 0 0]"
"1773838332938299,CSI_DATA,STATION,00:00:00:00:00:00,0,0,0,0,0,0,0,0,0,0,0,0,0,0,0,0,0,0,0,0,0,128,[84 -64 4 0 0 0 0 0 0 0 0 0 14 4 14 5 14 5 14 6 14 6 13 6 13 6 13 7 12 7 13 8 12 7 12 8 12 7 12 8 12 8 12 8 11 7 11 8 11 8 11 8 11 8 11 8 11 7 11 7 11 7 11 6 0 0 11 6 11 7 11 6 11 6 11 6 10 6 11 6 11 6 11 5 11 5 11 4 11 4 12 4 12 4 12 4 12 4 12 4 12 3 12 4 12 3 12 3 12 3 13 3 12 2 13 2 12 2 0 0 0 0 0 0 0 0 0 0]"
"1773838332942312,CSI_DATA,STATION,00:00:00:00:00:00,0,0,0,0,0,0,0,0,0,0,0,0,0,0,0,0,0,0,0,0,0,128,[84 -64 4 0 0 0 0 0 0 0 0 0 14 4 14 5 14 6 13 6 13 6 13 6 13 7 12 7 12 7 12 8 12 8 11 8 11 8 11 8 11 8 11 8 10 8 10 8 10 8 10 8 10 8 10 8 10 8 10 8 10 8 10 8 0 0 10 8 10 7 10 7 10 6 10 7 10 7 10 6 10 6 10 6 11 5 11 5 10 6 11 6 11 5 11 5 11 4 12 5 12 4 11 5 12 4 11 4 12 4 12 4 12 4 12 4 12 4 0 0 0 0 0 0 0 0 0 0]"
"1773838332950302,CSI_DATA,STATION,00:00:00:00:00:00,0,0,0,0,0,0,0,0,0,0,0,0,0,0,0,0,0,0,0,0,0,128,[84 -64 4 0 0 0 0 0 0 0 0 0 -11 -11 -11 -12 -10 -13 -10 -13 -9 -13 -9 -13 -8 -13 -8 -13 -7 -13 -8 -13 -8 -13 -7 -13 -7 -14 -7 -14 -7 -13 -6 -13 -6 -13 -6 -13 -6 -13 -6 -13 -6 -13 -6 -13 -6 -12 -6 -13 -6 -12 -6 -12 0 0 -6 -12 -6 -12 -7 -12 -6 -11 -7 -12 -7 -11 -7 -11 -7 -12 -7 -11 -7 -11 -8 -11 -8 -10 -9 -11 -8 -11 -8 -10 -8 -10 -8 -10 -9 -10 -9 -10 -9 -10 -9 -10 -9 -10 -9 -10 -10 -10 -10 -10 -10 -9 0 0 0 0 0 0 0 0 0 0]"
"1773838332968059,CSI_DATA,STATION,00:00:00:00:00:00,0,0,0,0,0,0,0,0,0,0,0,0,0,0,0,0,0,0,0,0,0,128,[84 -64 4 0 0 0 0 0 0 0 0 0 10 12 9 12 9 14 8 14 8 14 8 13 8 14 7 14 6 14 6 14 6 15 6 15 5 15 5 14 5 14 4 14 4 14 4 14 5 14 4 14 4 14 4 13 4 13 4 13 4 13 4 13 0 0 4 13 4 13 5 13 5 12 5 12 5 12 5 12 5 12 6 12 5 11 6 12 6 12 6 12 6 12 7 11 6 11 6 12 7 11 7 11 7 11 8 11 8 12 8 11 8 11 9 11 9 11 0 0 0 0 0 0 0 0 0 0]"
"1773838332978078,CSI_DATA,STATION,00:00:00:00:00:00,0,0,0,0,0,0,0,0,0,0,0,0,0,0,0,0,0,0,0,0,0,128,[84 -64 4 0 0 0 0 0 0 0 0 0 14 4 14 5 14 5 14 6 13 6 13 6 13 7 12 7 12 7 12 7 12 8 12 8 12 8 11 8 11 8 11 8 11 7 10 8 10 8 10 8 10 8 10 8 10 7 10 7 10 7 10 7 0 0 10 7 10 7 10 7 10 6 10 6 10 6 10 6 10 6 10 5 10 5 11 5 10 5 11 5 11 5 11 5 11 4 11 5 11 4 11 4 11 4 11 4 11 4 12 3 12 3 12 3 12 3 0 0 0 0 0 0 0 0 0 0]"
"1773838332981827,CSI_DATA,STATION,00:00:00:00:00:00,0,0,0,0,0,0,0,0,0,0,0,0,0,0,0,0,0,0,0,0,0,128,[84 -64 4 0 0 0 0 0 0 0 0 0 -4 16 -4 16 -5 16 -5 16 -6 15 -6 15 -6 15 -7 15 -7 14 -7 15 -7 15 -8 14 -8 14 -8 14 -8 14 -8 13 -8 13 -7 12 -8 13 -8 13 -7 13 -7 13 -7 12 -7 13 -8 13 -7 12 0 0 -7 13 -7 12 -6 13 -6 12 -6 12 -6 13 -5 13 -5 13 -5 12 -5 12 -5 13 -4 13 -4 13 -4 14 -4 13 -4 13 -3 13 -3 14 -3 14 -3 13 -2 13 -2 14 -2 14 -2 14 -2 14 -2 14 0 0 0 0 0 0 0 0 0 0]"
"1773838332997801,CSI_DATA,STATION,00:00:00:00:00:00,0,0,0,0,0,0,0,0,0,0,0,0,0,0,0,0,0,0,0,0,0,128,[84 -64 4 0 0 0 0 0 0 0 0 0 14 7 14 8 13 9 14 10 13 10 13 9 12 10 12 10 12 10 12 10 12 11 12 10 12 11 11 11 11 11 10 11 10 11 9 11 10 11 10 11 10 11 9 11 9 10 10 10 10 10 10 10 0 0 9 9 10 9 10 10 10 9 10 9 10 9 10 9 10 9 10 8 10 7 11 7 11 7 11 7 11 8 11 7 11 7 12 7 12 6 12 7 12 6 12 6 12 7 13 6 13 6 13 5 13 6 0 0 0 0 0 0 0 0 0 0]"
"1773838333009371,CSI_DATA,STATION,00:00:00:00:00:00,0,0,0,0,0,0,0,0,0,0,0,0,0,0,0,0,0,0,0,0,0,128,[84 -64 4 0 0 0 0 0 0 0 0 0 -3 16 -3 16 -4 16 -5 16 -5 15 -5 15 -6 15 -7 14 -6 14 -7 15 -7 14 -8 14 -7 14 -7 14 -7 14 -7 14 -7 13 -7 13 -7 13 -7 13 -8 13 -7 13 -7 12 -7 13 -7 12 -7 13 0 0 -7 12 -6 13 -6 13 -6 12 -5 12 -5 12 -5 13 -5 12 -5 13 -5 13 -4 13 -4 13 -4 13 -3 13 -3 13 -3 13 -3 14 -3 14 -3 14 -3 13 -2 14 -2 14 -2 14 -2 14 -2 14 -1 14 0 0 0 0 0 0 0 0 0 0]"
"1773838333020902,CSI_DATA,STATION,00:00:00:00:00:00,0,0,0,0,0,0,0,0,0,0,0,0,0,0,0,0,0,0,0,0,0,128,[84 -64 4 0 0 0 0 0 0 0 0 0 4 15 3 16 3 16 2 16 2 16 1 16 1 16 1 16 0 15 0 16 -1 16 -1 15 -1 15 -1 16 -1 15 -1 15 -1 14 -2 14 -1 15 -1 15 -1 14 -1 15 -1 14 -2 14 -1 14 -1 14 0 0 -1 14 0 14 0 14 0 13 0 14 0 13 0 13 0 14 1 13 1 13 1 13 1 13 2 13 2 13 2 13 2 14 3 13 3 13 3 13 2 13 3 13 3 14 4 13 4 14 4 13 4 14 0 0 0 0 0 0 0 0 0 0]"
"1773838333029039,CSI_DATA,STATION,00:00:00:00:00:00,0,0,0,0,0,0,0,0,0,0,0,0,0,0,0,0,0,0,0,0,0,128,[84 -64 4 0 0 0 0 0 0 0 0 0 -9 -12 -9 -13 -9 -13 -9 -14 -8 -14 -8 -14 -7 -14 -6 -14 -6 -14 -6 -14 -6 -14 -5 -14 -6 -15 -5 -14 -5 -14 -5 -14 -5 -14 -4 -13 -4 -14 -4 -14 -4 -14 -4 -14 -4 -13 -5 -13 -5 -13 -4 -13 0 0 -4 -12 -4 -12 -5 -13 -5 -12 -5 -12 -5 -12 -5 -12 -6 -12 -6 -12 -6 -11 -6 -11 -6 -12 -7 -12 -7 -12 -6 -11 -7 -12 -7 -11 -7 -11 -8 -11 -8 -11 -8 -11 -8 -12 -8 -11 -8 -11 -9 -11 -9 -11 0 0 0 0 0 0 0 0 0 0]"
"1773838333047174,CSI_DATA,STATION,00:00:00:00:00:00,0,0,0,0,0,0,0,0,0,0,0,0,0,0,0,0,0,0,0,0,0,128,[84 -64 4 0 0 0 0 0 0 0 0 0 14 -9 14 -9 15 -9 14 -8 15 -8 15 -7 15 -6 15 -6 16 -6 16 -5 16 -5 16 -5 16 -5 15 -5 15 -4 15 -4 14 -3 15 -4 14 -4 15 -3 14 -4 14 -4 14 -4 14 -4 14 -4 14 -4 0 0 13 -4 13 -5 13 -5 13 -5 13 -5 13 -5 13 -5 13 -5 13 -5 13 -6 12 -6 12 -6 12 -7 12 -7 12 -7 12 -7 12 -7 12 -7 12 -7 12 -8 12 -8 12 -8 12 -8 12 -9 12 -9 12 -9 0 0 0 0 0 0 0 0 0 0]"
"1773838333052484,CSI_DATA,STATION,00:00:00:00:00:00,0,0,0,0,0,0,0,0,0,0,0,0,0,0,0,0,0,0,0,0,0,128,[84 -64 4 0 0 0 0 0 0 0 0 0 4 16 3 16 3 17 2 17 2 17 1 16 1 16 0 16 0 16 0 17 0 16 -1 16 -1 17 -1 16 -1 16 -1 16 -2 15 -1 15 -1 15 -2 15 -2 15 -2 15 -1 15 -1 15 -1 14 -1 14 0 0 -1 13 -1 14 0 15 0 14 0 14 0 14 0 14 1 14 0 14 1 13 2 14 2 14 2 14 2 14 2 13 2 14 3 14 3 14 3 14 3 13 3 14 3 14 4 14 4 14 5 14 4 13 0 0 0 0 0 0 0 0 0 0]"
"1773838333062056,CSI_DATA,STATION,00:00:00:00:00:00,0,0,0,0,0,0,0,0,0,0,0,0,0,0,0,0,0,0,0,0,0,128,[84 -64 4 0 0 0 0 0 0 0 0 0 16 22 16 23 15 23 14 24 13 24 12 25 12 24 10 25 10 24 10 25 9 25 9 25 8 25 8 25 7 25 8 24 8 23 7 23 7 24 6 24 6 24 7 23 6 22 7 23 6 22 7 22 0 0 7 21 7 21 8 21 8 20 8 21 8 21 8 20 9 20 9 19 9 19 10 19 9 19 10 19 10 19 11 19 12 18 12 18 13 19 12 18 13 18 12 18 13 19 13 19 15 18 14 18 14 17 0 0 0 0 0 0 0 0 0 0]"
"1773838333062056,CSI_DATA,STATION,00:00:00:00:00:00,0,0,0,0,0,0,0,0,0,0,0,0,0,0,0,0,0,0,0,0,0,128,[84 -64 4 0 0 0 0 0 0 0 0 0 0 15 0 15 -1 15 -1 16 -2 15 -2 15 -3 15 -3 15 -3 15 -4 15 -4 14 -4 15 -4 15 -4 14 -5 14 -5 14 -5 13 -4 13 -4 14 -5 13 -5 13 -5 13 -4 12 -4 13 -4 13 -4 12 0 0 -4 12 -4 12 -3 13 -3 12 -3 12 -3 12 -3 12 -2 12 -2 12 -2 12 -2 12 -1 12 -1 13 -1 13 -1 12 -1 12 -1 13 0 13 0 13 -1 13 0 12 0 13 1 13 1 13 1 13 1 13 0 0 0 0 0 0 0 0 0 0]"
"1773838333076827,CSI_DATA,STATION,00:00:00:00:00:00,0,0,0,0,0,0,0,0,0,0,0,0,0,0,0,0,0,0,0,0,0,128,[84 -64 4 0 0 0 0 0 0 0 0 0 -20 -1 -20 -2 -20 -2 -20 -3 -19 -3 -19 -4 -19 -5 -19 -5 -19 -5 -19 -6 -18 -6 -19 -6 -19 -6 -18 -6 -18 -6 -17 -7 -17 -6 -17 -7 -17 -7 -16 -7 -17 -7 -16 -6 -16 -6 -16 -6 -16 -6 -16 -6 0 0 -16 -5 -16 -5 -16 -5 -16 -4 -16 -5 -15 -5 -16 -4 -16 -4 -15 -3 -16 -3 -16 -3 -16 -3 -16 -2 -16 -2 -16 -2 -16 -2 -16 -2 -17 -1 -16 -1 -16 0 -16 -1 -16 0 -17 0 -17 0 -17 1 -17 1 0 0 0 0 0 0 0 0 0 0]"
"1773838333092718,CSI_DATA,STATION,00:00:00:00:00:00,0,0,0,0,0,0,0,0,0,0,0,0,0,0,0,0,0,0,0,0,0,128,[84 -64 4 0 0 0 0 0 0 0 0 0 13 10 13 11 12 12 12 12 11 12 11 12 11 12 10 12 10 13 10 13 9 13 9 13 9 13 9 13 9 13 8 13 8 12 8 12 8 13 8 12 7 12 7 12 7 11 7 12 7 12 8 11 0 0 8 11 8 11 8 11 8 10 8 11 9 11 8 10 8 10 9 10 9 9 9 9 9 9 10 9 10 10 9 8 10 9 10 9 10 8 11 8 10 8 11 8 11 8 11 8 12 8 11 8 11 7 0 0 0 0 0 0 0 0 0 0]"
"1773838333092718,CSI_DATA,STATION,00:00:00:00:00:00,0,0,0,0,0,0,0,0,0,0,0,0,0,0,0,0,0,0,0,0,0,128,[84 -64 4 0 0 0 0 0 0 0 0 0 -17 0 -17 -1 -17 -2 -17 -2 -16 -3 -16 -3 -16 -3 -16 -3 -16 -4 -16 -4 -15 -5 -15 -5 -16 -5 -15 -5 -15 -5 -14 -5 -14 -5 -14 -5 -14 -5 -14 -5 -14 -5 -14 -5 -14 -5 -14 -5 -13 -5 -14 -4 0 0 -13 -4 -13 -4 -13 -4 -13 -4 -13 -3 -13 -3 -13 -3 -13 -2 -13 -3 -13 -2 -13 -2 -13 -2 -13 -2 -13 -1 -13 -1 -13 -1 -14 -1 -14 -1 -14 -1 -14 0 -14 0 -14 0 -14 0 -14 1 -14 1 -14 1 0 0 0 0 0 0 0 0 0 0]"
"1773838333115149,CSI_DATA,STATION,00:00:00:00:00:00,0,0,0,0,0,0,0,0,0,0,0,0,0,0,0,0,0,0,0,0,0,128,[84 -64 4 0 0 0 0 0 0 0 0 0 -24 6 -25 5 -25 4 -26 3 -25 3 -25 1 -25 2 -25 1 -25 0 -26 0 -25 0 -24 -1 -24 0 -25 -1 -24 0 -24 -1 -23 -1 -23 -2 -23 0 -23 -1 -22 -1 -22 -1 -22 0 -22 0 -21 0 -21 0 0 0 -21 1 -21 1 -20 1 -20 2 -20 2 -20 2 -20 2 -20 3 -20 3 -20 4 -20 5 -20 5 -19 6 -20 6 -19 5 -20 6 -18 7 -19 7 -19 7 -19 7 -19 7 -19 8 -19 9 -18 10 -19 9 -19 9 0 0 0 0 0 0 0 0 0 0]"
"1773838333126433,CSI_DATA,STATION,00:00:00:00:00:00,0,0,0,0,0,0,0,0,0,0,0,0,0,0,0,0,0,0,0,0,0,128,[84 -64 4 0 0 0 0 0 0 0 0 0 -11 -14 -10 -15 -10 -15 -9 -16 -9 -16 -9 -16 -8 -16 -8 -16 -7 -15 -7 -16 -7 -16 -7 -16 -7 -16 -6 -16 -6 -16 -6 -16 -6 -15 -6 -15 -6 -15 -5 -15 -6 -15 -6 -15 -6 -14 -6 -15 -6 -15 -6 -14 0 0 -6 -14 -6 -14 -6 -14 -7 -13 -7 -13 -7 -13 -7 -13 -7 -13 -7 -13 -8 -12 -8 -12 -8 -12 -8 -12 -8 -12 -9 -12 -9 -12 -9 -12 -10 -11 -10 -12 -10 -11 -10 -11 -10 -12 -10 -11 -11 -11 -11 -11 -11 -11 0 0 0 0 0 0 0 0 0 0]"
"1773838333134447,CSI_DATA,STATION,00:00:00:00:00:00,0,0,0,0,0,0,0,0,0,0,0,0,0,0,0,0,0,0,0,0,0,128,[84 -64 4 0 0 0 0 0 0 0 0 0 14 6 14 6 14 7 13 7 13 8 13 8 12 8 12 8 12 9 12 9 12 9 12 9 11 9 11 9 11 9 10 9 10 9 10 9 10 9 10 9 10 9 10 9 10 8 10 8 10 8 10 8 0 0 10 8 10 8 10 8 10 7 10 7 10 7 10 7 10 7 10 6 11 6 11 6 11 6 11 5 11 6 11 5 11 5 11 5 11 5 12 5 11 4 12 5 11 5 12 4 12 4 12 4 13 4 0 0 0 0 0 0 0 0 0 0]"
"1773838333140198,CSI_DATA,STATION,00:00:00:00:00:00,0,0,0,0,0,0,0,0,0,0,0,0,0,0,0,0,0,0,0,0,0,128,[84 -64 4 0 0 0 0 0 0 0 0 0 -2 -16 -1 -16 -1 -18 0 -18 1 -17 1 -17 1 -17 1 -16 2 -16 2 -17 2 -16 2 -16 3 -16 3 -16 3 -16 3 -15 3 -15 3 -14 3 -15 3 -15 3 -15 3 -15 2 -14 2 -15 2 -14 2 -14 0 0 2 -14 2 -14 1 -14 1 -14 1 -14 1 -14 1 -14 0 -14 0 -14 -1 -14 -1 -14 -1 -14 -1 -14 -1 -14 -2 -13 -2 -14 -2 -14 -2 -14 -2 -14 -3 -14 -3 -14 -3 -14 -3 -14 -4 -15 -4 -13 -4 -14 0 0 0 0 0 0 0 0 0 0]"
"1773838333160082,CSI_DATA,STATION,00:00:00:00:00:00,0,0,0,0,0,0,0,0,0,0,0,0,0,0,0,0,0,0,0,0,0,128,[84 -64 4 0 0 0 0 0 0 0 0 0 -11 -14 -11 -14 -10 -15 -9 -15 -9 -15 -9 -15 -8 -15 -7 -16 -7 -16 -7 -16 -7 -15 -6 -16 -6 -17 -6 -16 -6 -16 -5 -15 -5 -15 -5 -15 -5 -15 -5 -15 -5 -15 -5 -15 -5 -14 -5 -15 -5 -14 -5 -14 0 0 -5 -14 -5 -14 -6 -14 -5 -13 -6 -14 -6 -14 -6 -13 -6 -13 -6 -13 -6 -12 -7 -12 -7 -12 -7 -12 -8 -13 -7 -12 -8 -12 -8 -12 -8 -12 -8 -12 -8 -12 -9 -12 -9 -12 -9 -12 -9 -12 -9 -12 -10 -12 0 0 0 0 0 0 0 0 0 0]"
"1773838333171846,CSI_DATA,STATION,00:00:00:00:00:00,0,0,0,0,0,0,0,0,0,0,0,0,0,0,0,0,0,0,0,0,0,128,[84 -64 4 0 0 0 0 0 0 0 0 0 -8 -16 -6 -17 -6 -17 -6 -18 -5 -18 -4 -17 -4 -17 -4 -17 -3 -17 -3 -18 -2 -17 -2 -17 -3 -17 -2 -17 -2 -17 -2 -17 -2 -16 -2 -16 -2 -16 -2 -16 -2 -16 -2 -16 -1 -15 -2 -15 -2 -15 -2 -15 0 0 -2 -15 -3 -15 -3 -15 -3 -14 -3 -14 -3 -14 -4 -14 -4 -14 -4 -14 -5 -13 -5 -13 -5 -14 -5 -14 -5 -13 -5 -14 -6 -13 -6 -14 -6 -14 -7 -13 -7 -13 -6 -13 -7 -13 -7 -13 -8 -13 -8 -13 -8 -13 0 0 0 0 0 0 0 0 0 0]"
"1773838333181865,CSI_DATA,STATION,00:00:00:00:00:00,0,0,0,0,0,0,0,0,0,0,0,0,0,0,0,0,0,0,0,0,0,128,[84 -64 4 0 0 0 0 0 0 0 0 0 1 -18 2 -18 3 -18 3 -18 3 -18 4 -17 4 -17 4 -17 5 -17 5 -17 5 -16 5 -16 6 -17 5 -16 6 -16 6 -15 6 -15 5 -15 5 -15 6 -15 6 -15 6 -15 5 -14 5 -14 5 -14 5 -14 0 0 5 -14 5 -14 4 -14 4 -14 4 -14 4 -14 3 -14 3 -14 3 -14 2 -14 2 -14 2 -14 2 -14 2 -15 2 -14 2 -15 1 -15 1 -15 1 -15 0 -15 1 -15 0 -15 0 -15 -1 -16 -1 -15 -1 -15 0 0 0 0 0 0 0 0 0 0]"
"1773838333191624,CSI_DATA,STATION,00:00:00:00:00:00,0,0,0,0,0,0,0,0,0,0,0,0,0,0,0,0,0,0,0,0,0,128,[84 -64 4 0 0 0 0 0 0 0 0 0 10 13 9 14 9 15 9 15 8 15 8 15 7 15 7 15 7 15 6 15 6 16 5 16 6 16 5 15 5 15 5 15 5 15 4 14 5 15 4 14 5 14 4 14 4 13 4 14 5 14 5 13 0 0 4 13 5 13 5 13 5 12 5 13 5 12 5 13 5 12 6 12 6 12 7 12 6 11 7 11 7 12 7 11 7 11 8 11 8 11 8 11 8 11 8 11 8 11 9 11 9 11 9 10 9 10 0 0 0 0 0 0 0 0 0 0]"
"1773838333203385,CSI_DATA,STATION,00:00:00:00:00:00,0,0,0,0,0,0,0,0,0,0,0,0,0,0,0,0,0,0,0,0,0,128,[84 -64 4 0 0 0 0 0 0 0 0 0 -16 -16 -16 -15 -15 -17 -15 -17 -14 -18 -14 -17 -13 -18 -13 -18 -13 -18 -12 -19 -12 -19 -11 -19 -11 -19 -11 -19 -11 -19 -11 -18 -11 -18 -10 -18 -10 -17 -10 -17 -10 -18 -10 -17 -10 -17 -10 -16 -10 -17 -10 -16 0 0 -10 -16 -10 -16 -11 -16 -11 -15 -11 -15 -10 -15 -11 -15 -12 -15 -11 -14 -12 -14 -12 -13 -12 -13 -13 -13 -12 -13 -13 -13 -13 -13 -13 -13 -14 -12 -14 -13 -14 -12 -14 -12 -15 -12 -15 -12 -15 -11 -15 -11 -15 -11 0 0 0 0 0 0 0 0 0 0]"
"1773838333213403,CSI_DATA,STATION,00:00:00:00:00:00,0,0,0,0,0,0,0,0,0,0,0,0,0,0,0,0,0,0,0,0,0,128,[84 -64 4 0 0 0 0 0 0 0 0 0 19 -8 21 -8 20 -8 21 -6 20 -6 21 -5 21 -4 21 -4 21 -3 20 -4 20 -3 21 -3 20 -3 20 -3 20 -2 20 -2 20 -2 18 -2 19 -2 19 -2 18 -1 19 -2 17 -2 18 -3 18 -3 18 -3 0 0 18 -3 17 -3 18 -3 17 -4 17 -4 17 -4 17 -4 17 -5 17 -5 16 -5 16 -6 16 -7 17 -6 17 -7 16 -7 17 -7 16 -8 17 -8 16 -8 16 -8 16 -8 16 -9 16 -9 16 -10 16 -10 16 -10 0 0 0 0 0 0 0 0 0 0]"
"1773838333219156,CSI_DATA,STATION,00:00:00:00:00:00,0,0,0,0,0,0,0,0,0,0,0,0,0,0,0,0,0,0,0,0,0,128,[84 -64 4 0 0 0 0 0 0 0 0 0 12 -13 12 -12 13 -12 13 -11 14 -11 13 -10 13 -10 14 -10 14 -9 14 -9 14 -9 15 -9 15 -8 15 -8 14 -8 15 -7 14 -7 14 -7 14 -7 14 -7 14 -7 14 -7 13 -7 13 -7 13 -7 13 -7 0 0 13 -7 13 -7 12 -7 12 -7 12 -7 12 -7 11 -8 12 -8 12 -8 11 -8 11 -9 11 -9 11 -9 11 -9 11 -9 11 -9 11 -9 11 -9 11 -10 10 -10 11 -10 10 -10 10 -11 10 -11 10 -11 10 -11 0 0 0 0 0 0 0 0 0 0]"
"1773838333234787,CSI_DATA,STATION,00:00:00:00:00:00,0,0,0,0,0,0,0,0,0,0,0,0,0,0,0,0,0,0,0,0,0,128,[84 -64 4 0 0 0 0 0 0 0 0 0 -15 4 -16 4 -16 3 -16 3 -16 3 -16 2 -16 2 -16 1 -16 1 -16 1 -16 0 -15 0 -16 0 -15 0 -15 0 -15 0 -15 0 -15 0 -15 -1 -15 0 -14 0 -14 0 -14 0 -14 0 -14 0 -14 0 0 0 -14 1 -13 1 -13 1 -13 1 -13 1 -13 2 -13 2 -13 2 -13 2 -13 3 -13 2 -13 2 -13 3 -13 3 -13 3 -13 4 -12 4 -13 4 -13 5 -13 5 -13 5 -12 5 -12 5 -13 5 -12 5 -12 5 0 0 0 0 0 0 0 0 0 0]"
"1773838333244808,CSI_DATA,STATION,00:00:00:00:00:00,0,0,0,0,0,0,0,0,0,0,0,0,0,0,0,0,0,0,0,0,0,128,[84 -64 4 0 0 0 0 0 0 0 0 0 13 -11 14 -10 14 -10 15 -9 15 -9 15 -9 15 -8 15 -7 15 -7 15 -7 15 -7 15 -6 16 -6 15 -6 14 -6 15 -5 15 -5 14 -5 14 -5 14 -5 14 -5 13 -5 14 -5 14 -5 13 -5 13 -5 0 0 13 -5 13 -5 13 -6 13 -6 13 -6 13 -6 12 -6 12 -7 12 -7 12 -7 12 -7 11 -7 12 -7 11 -7 12 -8 12 -8 12 -9 12 -9 12 -8 11 -9 12 -9 11 -9 12 -10 11 -10 11 -10 11 -10 0 0 0 0 0 0 0 0 0 0]"
"1773838333255780,CSI_DATA,STATION,00:00:00:00:00:00,0,0,0,0,0,0,0,0,0,0,0,0,0,0,0,0,0,0,0,0,0,128,[84 -64 4 0 0 0 0 0 0 0 0 0 10 14 10 15 9 15 9 17 8 16 8 16 7 16 7 16 6 16 6 16 6 16 6 16 6 17 5 17 5 16 5 16 4 16 4 15 4 16 4 16 4 16 4 15 4 15 4 15 4 15 5 14 0 0 4 14 5 14 5 15 5 13 5 14 6 14 5 14 5 13 6 13 6 13 7 13 6 13 7 13 7 13 7 12 8 13 8 13 8 13 8 12 8 12 8 12 8 13 9 13 9 13 9 12 10 12 0 0 0 0 0 0 0 0 0 0]"
"1773838333267323,CSI_DATA,STATION,00:00:00:00:00:00,0,0,0,0,0,0,0,0,0,0,0,0,0,0,0,0,0,0,0,0,0,128,[84 -64 4 0 0 0 0 0 0 0 0 0 14 -4 14 -4 14 -3 14 -3 15 -3 14 -2 14 -2 14 -2 15 -1 14 -1 14 -1 14 0 14 0 14 0 14 0 14 0 14 0 13 0 13 0 13 0 13 0 13 0 13 0 13 0 12 0 13 0 0 0 12 0 12 -1 12 -1 12 -1 12 -1 12 -1 12 -1 12 -1 12 -2 11 -2 12 -2 12 -2 12 -3 12 -3 12 -3 12 -3 12 -4 12 -4 12 -4 12 -4 12 -4 12 -5 12 -5 12 -5 12 -5 12 -5 0 0 0 0 0 0 0 0 0 0]"
"1773838333267323,CSI_DATA,STATION,00:00:00:00:00:00,0,0,0,0,0,0,0,0,0,0,0,0,0,0,0,0,0,0,0,0,0,128,[84 -64 4 0 0 0 0 0 0 0 0 0 -8 -15 -7 -15 -7 -16 -6 -17 -6 -16 -5 -16 -5 -16 -4 -17 -4 -16 -4 -16 -4 -16 -4 -17 -3 -17 -3 -16 -3 -17 -2 -16 -2 -16 -2 -15 -2 -16 -2 -15 -2 -16 -2 -15 -2 -15 -3 -15 -3 -15 -3 -15 0 0 -3 -14 -3 -14 -3 -15 -4 -14 -3 -14 -4 -14 -4 -14 -4 -14 -4 -14 -5 -13 -5 -13 -5 -14 -6 -14 -6 -14 -5 -13 -6 -14 -6 -13 -6 -13 -6 -13 -7 -13 -7 -13 -7 -14 -7 -13 -8 -13 -8 -13 -8 -13 0 0 0 0 0 0 0 0 0 0]"
"1773838333287315,CSI_DATA,STATION,00:00:00:00:00:00,0,0,0,0,0,0,0,0,0,0,0,0,0,0,0,0,0,0,0,0,0,128,[84 -64 4 0 0 0 0 0 0 0 0 0 -8 15 -8 14 -9 14 -9 14 -10 14 -10 13 -10 12 -11 12 -11 12 -11 12 -11 12 -11 11 -11 11 -11 11 -11 11 -11 11 -11 11 -11 10 -11 10 -11 10 -11 10 -11 10 -11 10 -11 10 -11 10 -10 10 0 0 -10 10 -10 11 -10 10 -10 10 -9 10 -9 10 -9 10 -9 10 -9 10 -9 10 -8 11 -8 11 -8 11 -8 11 -8 11 -8 11 -7 12 -7 11 -7 11 -7 12 -7 12 -7 12 -7 12 -6 13 -6 13 -6 13 0 0 0 0 0 0 0 0 0 0]"
"1773838333297189,CSI_DATA,STATION,00:00:00:00:00:00,0,0,0,0,0,0,0,0,0,0,0,0,0,0,0,0,0,0,0,0,0,128,[84 -64 4 0 0 0 0 0 0 0 0 0 2 16 1 15 1 16 0 16 0 17 -1 15 0 16 -1 16 -1 15 -2 16 -3 15 -3 15 -3 16 -3 15 -3 14 -3 15 -3 14 -3 14 -3 14 -3 14 -2 14 -2 14 -3 14 -3 14 -3 14 -3 13 0 0 -2 13 -1 14 -1 13 -1 13 -1 13 -1 13 0 13 0 13 0 13 0 13 0 13 0 13 1 13 1 13 2 13 2 12 2 14 2 12 2 13 3 13 3 13 3 14 3 14 3 14 3 13 4 13 0 0 0 0 0 0 0 0 0 0]"
"1773838333297189,CSI_DATA,STATION,00:00:00:00:00:00,0,0,0,0,0,0,0,0,0,0,0,0,0,0,0,0,0,0,0,0,0,128,[84 -64 4 0 0 0 0 0 0 0 0 0 3 15 1 16 2 16 1 17 1 17 0 16 0 16 -1 16 -1 16 -1 16 -1 16 -2 15 -2 16 -2 16 -2 15 -3 15 -2 15 -2 15 -2 15 -3 15 -3 14 -2 14 -2 14 -2 14 -2 14 -2 13 0 0 -1 13 -2 14 -2 14 -1 13 -1 13 -1 13 -1 13 0 13 0 13 0 13 0 13 1 13 1 13 1 14 1 13 1 13 2 13 2 13 2 13 2 13 3 13 3 13 3 13 4 14 4 13 4 13 0 0 0 0 0 0 0 0 0 0]"
"1773838333315276,CSI_DATA,STATION,00:00:00:00:00:00,0,0,0,0,0,0,0,0,0,0,0,0,0,0,0,0,0,0,0,0,0,128,[84 -64 4 0 0 0 0 0 0 0 0 0 5 15 4 15 4 16 3 16 3 16 2 16 2 15 1 15 1 16 1 16 1 15 1 16 0 15 0 16 0 16 -1 15 -1 15 -1 14 0 14 -1 15 -1 14 -1 14 0 14 0 14 -1 14 0 13 0 0 -1 13 0 13 0 14 0 13 0 13 1 13 0 13 1 13 1 13 2 13 2 13 2 13 2 13 3 13 2 13 2 13 3 13 3 13 3 13 3 13 3 13 3 13 4 13 4 13 4 13 4 13 0 0 0 0 0 0 0 0 0 0]"
"1773838333315276,CSI_DATA,STATION,00:00:00:00:00:00,0,0,0,0,0,0,0,0,0,0,0,0,0,0,0,0,0,0,0,0,0,128,[84 -64 4 0 0 0 0 0 0 0 0 0 -8 14 -9 14 -9 14 -9 14 -9 13 -10 13 -10 12 -10 12 -10 12 -11 12 -11 12 -11 12 -11 12 -11 11 -11 12 -11 11 -11 10 -10 10 -10 11 -11 10 -10 10 -10 11 -10 10 -10 10 -10 10 -10 10 0 0 -9 11 -9 11 -9 11 -9 10 -9 11 -8 11 -8 11 -8 11 -8 11 -7 11 -7 11 -7 11 -6 12 -6 12 -7 12 -6 12 -5 12 -6 12 -6 13 -5 12 -5 12 -5 13 -4 13 -4 13 -5 13 -5 14 0 0 0 0 0 0 0 0 0 0]"
"1773838333328664,CSI_DATA,STATION,00:00:00:00:00:00,0,0,0,0,0,0,0,0,0,0,0,0,0,0,0,0,0,0,0,0,0,128,[84 -64 4 0 0 0 0 0 0 0 0 0 12 -9 12 -8 13 -8 13 -8 13 -8 13 -7 13 -6 13 -6 13 -6 13 -6 13 -6 13 -5 13 -5 13 -5 13 -5 13 -5 12 -4 13 -5 13 -5 12 -5 12 -5 12 -5 12 -5 12 -5 11 -5 12 -5 0 0 11 -5 11 -5 11 -6 11 -6 10 -6 11 -6 10 -6 10 -6 10 -6 10 -7 10 -7 10 -7 10 -7 10 -8 10 -7 10 -8 10 -8 9 -8 9 -8 9 -8 10 -9 9 -9 9 -10 9 -10 9 -10 9 -9 0 0 0 0 0 0 0 0 0 0]"
"1773838333344643,CSI_DATA,STATION,00:00:00:00:00:00,0,0,0,0,0,0,0,0,0,0,0,0,0,0,0,0,0,0,0,0,0,128,[84 -64 4 0 0 0 0 0 0 0 0 0 -17 -2 -17 -3 -17 -4 -17 -4 -17 -4 -16 -4 -16 -5 -16 -5 -16 -6 -15 -6 -16 -6 -15 -6 -15 -7 -15 -6 -15 -7 -15 -7 -15 -7 -14 -6 -14 -7 -14 -7 -14 -7 -14 -7 -14 -6 -13 -7 -14 -6 -14 -6 0 0 -13 -6 -13 -5 -14 -5 -13 -5 -13 -5 -13 -5 -13 -5 -14 -4 -14 -5 -14 -3 -14 -3 -14 -3 -14 -3 -14 -3 -14 -3 -15 -3 -14 -3 -15 -2 -15 -2 -15 -2 -15 -2 -15 -2 -15 -1 -15 -1 -15 -1 -15 0 0 0 0 0 0 0 0 0 0 0]"
"1773838333344643,CSI_DATA,STATION,00:00:00:00:00:00,0,0,0,0,0,0,0,0,0,0,0,0,0,0,0,0,0,0,0,0,0,128,[84 -64 4 0 0 0 0 0 0 0 0 0 -5 16 -5 15 -6 16 -7 15 -7 15 -7 14 -8 14 -8 14 -8 14 -9 14 -9 13 -9 13 -10 13 -10 13 -9 13 -10 13 -9 12 -9 12 -9 12 -9 12 -9 12 -9 12 -9 11 -9 11 -9 12 -9 11 0 0 -8 11 -8 12 -8 12 -8 12 -7 12 -7 12 -7 12 -7 12 -7 12 -7 12 -6 12 -6 13 -6 13 -6 13 -6 13 -5 13 -5 13 -5 13 -5 13 -5 13 -4 13 -4 14 -4 14 -4 14 -4 13 -4 14 0 0 0 0 0 0 0 0 0 0]"
"1773838333366701,CSI_DATA,STATION,00:00:00:00:00:00,0,0,0,0,0,0,0,0,0,0,0,0,0,0,0,0,0,0,0,0,0,128,[84 -64 4 0 0 0 0 0 0 0 0 0 10 -14 11 -13 11 -13 12 -13 12 -12 12 -12 12 -11 12 -11 13 -11 12 -11 13 -11 13 -10 14 -10 13 -10 13 -9 13 -9 13 -9 13 -9 13 -9 13 -9 13 -9 12 -9 12 -9 12 -8 12 -9 12 -9 0 0 11 -9 11 -9 11 -9 11 -9 11 -9 10 -10 10 -10 10 -10 11 -10 10 -10 9 -11 9 -10 9 -11 9 -11 9 -11 10 -11 9 -11 9 -12 9 -12 9 -12 9 -12 8 -12 8 -12 8 -13 8 -12 9 -13 0 0 0 0 0 0 0 0 0 0]"
"1773838333378472,CSI_DATA,STATION,00:00:00:00:00:00,0,0,0,0,0,0,0,0,0,0,0,0,0,0,0,0,0,0,0,0,0,128,[84 -64 4 0 0 0 0 0 0 0 0 0 14 6 14 6 13 7 13 8 13 8 12 8 12 8 12 8 12 9 12 9 11 9 11 10 11 10 11 10 10 10 10 10 10 9 10 9 10 10 10 10 9 9 10 9 9 9 10 9 9 9 10 9 0 0 9 8 10 9 10 8 10 8 10 7 10 7 10 7 10 7 10 7 10 6 10 6 11 7 11 7 11 6 11 6 11 5 12 6 11 5 12 5 12 5 12 5 12 5 12 5 13 4 12 4 12 4 0 0 0 0 0 0 0 0 0 0]"
"1773838333388491,CSI_DATA,STATION,00:00:00:00:00:00,0,0,0,0,0,0,0,0,0,0,0,0,0,0,0,0,0,0,0,0,0,128,[84 -64 4 0 0 0 0 0 0 0 0 0 12 -12 13 -12 13 -12 14 -11 14 -11 14 -10 14 -9 15 -9 15 -9 14 -9 14 -8 15 -8 15 -8 15 -8 15 -7 14 -7 15 -7 14 -6 15 -7 14 -6 14 -6 14 -6 14 -7 13 -6 14 -7 13 -7 0 0 13 -6 13 -7 13 -7 12 -7 12 -7 12 -7 12 -7 12 -8 12 -8 12 -8 12 -8 11 -9 12 -9 12 -9 12 -9 11 -9 11 -9 11 -10 12 -10 11 -10 11 -10 11 -10 10 -10 11 -11 10 -11 11 -11 0 0 0 0 0 0 0 0 0 0]"
"1773838333398254,CSI_DATA,STATION,00:00:00:00:00:00,0,0,0,0,0,0,0,0,0,0,0,0,0,0,0,0,0,0,0,0,0,128,[84 -64 4 0 0 0 0 0 0 0 0 0 10 11 9 12 9 12 8 13 8 13 8 13 7 13 7 13 7 13 6 14 6 14 6 13 6 14 6 13 6 13 5 13 5 13 5 12 5 13 5 13 5 13 5 13 5 12 5 13 5 12 5 12 0 0 5 11 6 11 6 12 6 11 5 11 6 11 6 11 6 10 6 10 6 10 7 10 7 10 7 10 8 10 7 10 7 9 8 10 8 9 8 9 9 9 9 9 8 9 9 9 9 9 9 9 9 8 0 0 0 0 0 0 0 0 0 0]"
"1773838333408023,CSI_DATA,STATION,00:00:00:00:00:00,0,0,0,0,0,0,0,0,0,0,0,0,0,0,0,0,0,0,0,0,0,128,[84 -64 4 0 0 0 0 0 0 0 0 0 15 -1 15 0 15 1 15 1 16 1 15 2 15 2 15 2 15 2 15 3 15 3 14 3 14 3 14 3 14 4 14 3 13 3 13 4 13 3 13 4 13 3 13 3 12 3 13 3 13 3 13 3 0 0 12 2 12 2 12 2 13 1 12 2 12 1 12 1 12 1 12 1 12 0 12 0 12 0 12 0 12 -1 12 -1 12 -1 13 -1 12 -1 13 -2 12 -2 13 -2 13 -2 13 -3 12 -3 12 -3 13 -3 0 0 0 0 0 0 0 0 0 0]"
"1773838333415437,CSI_DATA,STATION,00:00:00:00:00:00,0,0,0,0,0,0,0,0,0,0,0,0,0,0,0,0,0,0,0,0,0,128,[84 -64 4 0 0 0 0 0 0 0 0 0 -12 11 -13 11 -13 11 -14 10 -14 10 -14 9 -14 9 -14 9 -14 9 -15 8 -15 8 -15 8 -15 8 -15 7 -15 7 -14 7 -14 6 -14 6 -14 7 -14 6 -14 6 -14 6 -13 6 -13 7 -13 7 -13 6 0 0 -13 7 -13 7 -12 7 -12 7 -12 7 -12 7 -12 7 -11 8 -11 7 -11 8 -11 8 -11 9 -10 9 -11 9 -10 9 -11 9 -10 9 -10 10 -10 10 -10 9 -10 10 -10 10 -9 10 -9 11 -9 11 -9 11 0 0 0 0 0 0 0 0 0 0]"
"1773838333429347,CSI_DATA,STATION,00:00:00:00:00:00,0,0,0,0,0,0,0,0,0,0,0,0,0,0,0,0,0,0,0,0,0,128,[84 -64 4 0 0 0 0 0 0 0 0 0 -18 5 -18 4 -18 4 -18 4 -18 3 -18 2 -18 1 -18 1 -18 1 -18 0 -18 0 -18 0 -18 0 -18 -1 -17 0 -17 -1 -17 -1 -16 -1 -17 -1 -16 -1 -16 -1 -16 -1 -16 -1 -16 -1 -16 -1 -16 -1 0 0 -16 0 -15 0 -15 0 -15 0 -15 0 -15 0 -15 0 -15 1 -15 1 -15 2 -15 2 -15 2 -15 2 -15 3 -15 2 -15 3 -15 3 -15 3 -15 3 -15 3 -15 3 -15 4 -15 4 -15 4 -15 4 -15 5 0 0 0 0 0 0 0 0 0 0]"
"1773838333441370,CSI_DATA,STATION,00:00:00:00:00:00,0,0,0,0,0,0,0,0,0,0,0,0,0,0,0,0,0,0,0,0,0,128,[84 -64 4 0 0 0 0 0 0 0 0 0 -1 -28 0 -29 1 -29 1 -29 2 -28 3 -28 4 -27 4 -27 5 -27 6 -28 7 -26 6 -26 6 -26 7 -27 6 -27 6 -25 7 -25 6 -24 7 -25 6 -24 7 -25 6 -24 6 -23 7 -24 6 -24 6 -23 0 0 5 -22 5 -23 4 -24 4 -23 4 -23 3 -23 2 -23 3 -23 3 -22 2 -22 2 -23 1 -23 1 -23 1 -23 0 -23 0 -23 -1 -24 -1 -24 -1 -24 -2 -23 -2 -24 -3 -24 -2 -24 -3 -24 -2 -23 -2 -23 0 0 0 0 0 0 0 0 0 0]"
"1773838333449387,CSI_DATA,STATION,00:00:00:00:00:00,0,0,0,0,0,0,0,0,0,0,0,0,0,0,0,0,0,0,0,0,0,128,[84 -64 4 0 0 0 0 0 0 0 0 0 12 24 11 24 10 25 10 26 9 26 9 25 8 26 7 26 7 25 6 26 6 25 5 26 5 25 5 26 5 25 4 24 5 24 4 24 4 24 3 24 3 23 4 23 4 22 5 22 5 21 5 22 0 0 5 21 5 22 6 22 6 21 6 21 6 21 6 21 7 20 8 20 8 20 9 20 9 20 9 19 9 20 10 19 10 19 11 20 11 19 11 19 11 19 11 19 12 19 12 19 13 20 13 18 14 18 0 0 0 0 0 0 0 0 0 0]"
"1773838333463155,CSI_DATA,STATION,00:00:00:00:00:00,0,0,0,0,0,0,0,0,0,0,0,0,0,0,0,0,0,0,0,0,0,128,[84 -64 4 0 0 0 0 0 0 0 0 0 -15 -7 -15 -7 -14 -8 -15 -9 -14 -9 -14 -9 -13 -10 -13 -10 -12 -10 -12 -10 -12 -10 -12 -10 -12 -11 -11 -11 -12 -11 -11 -10 -11 -11 -10 -11 -11 -11 -10 -11 -10 -11 -10 -11 -10 -10 -10 -10 -10 -10 -11 -10 0 0 -10 -10 -10 -9 -10 -9 -10 -9 -10 -9 -10 -9 -10 -9 -10 -9 -10 -8 -11 -8 -11 -8 -11 -8 -11 -7 -12 -8 -11 -7 -12 -7 -11 -7 -12 -7 -12 -7 -12 -7 -12 -7 -12 -7 -12 -6 -13 -7 -12 -6 -13 -6 0 0 0 0 0 0 0 0 0 0]"
"1773838333472915,CSI_DATA,STATION,00:00:00:00:00:00,0,0,0,0,0,0,0,0,0,0,0,0,0,0,0,0,0,0,0,0,0,128,[84 -64 4 0 0 0 0 0 0 0 0 0 -16 5 -16 4 -17 3 -17 3 -16 2 -16 2 -17 1 -16 1 -16 0 -17 0 -17 0 -16 0 -16 0 -16 0 -16 -1 -16 -1 -15 -1 -15 -1 -15 -1 -15 -2 -15 -2 -15 -2 -14 -1 -15 -1 -15 -1 -14 -1 0 0 -14 -1 -14 0 -14 0 -13 0 -13 0 -14 0 -14 0 -13 0 -14 0 -14 1 -14 1 -14 2 -13 2 -14 2 -14 2 -14 2 -14 2 -14 2 -14 2 -14 3 -14 3 -14 3 -13 3 -14 4 -14 4 -14 4 0 0 0 0 0 0 0 0 0 0]"
"1773838333472915,CSI_DATA,STATION,00:00:00:00:00:00,0,0,0,0,0,0,0,0,0,0,0,0,0,0,0,0,0,0,0,0,0,128,[84 -64 4 0 0 0 0 0 0 0 0 0 11 12 11 12 10 13 9 13 9 13 9 13 8 14 8 14 7 14 7 14 7 14 7 14 7 15 6 14 6 14 6 14 5 14 5 13 5 14 6 14 5 13 5 13 5 12 5 13 5 13 5 12 0 0 5 12 6 12 6 13 6 11 6 12 6 12 6 12 6 11 6 11 7 11 7 11 7 11 7 11 8 11 7 10 7 10 8 10 8 10 8 10 8 10 8 10 8 11 9 10 9 10 9 10 9 10 0 0 0 0 0 0 0 0 0 0]"
"1773838333488661,CSI_DATA,STATION,00:00:00:00:00:00,0,0,0,0,0,0,0,0,0,0,0,0,0,0,0,0,0,0,0,0,0,128,[84 -64 4 0 0 0 0 0 0 0 0 0 -13 -12 -12 -13 -12 -13 -12 -14 -12 -14 -11 -14 -10 -14 -10 -14 -10 -14 -10 -15 -10 -14 -10 -14 -9 -15 -9 -15 -8 -15 -9 -14 -8 -14 -8 -14 -8 -14 -8 -14 -8 -14 -8 -14 -8 -13 -8 -13 -8 -13 -8 -13 0 0 -8 -12 -8 -13 -9 -12 -9 -12 -8 -12 -8 -12 -9 -12 -9 -11 -9 -11 -10 -11 -10 -11 -10 -10 -10 -11 -10 -10 -10 -10 -10 -10 -11 -10 -11 -10 -11 -10 -11 -10 -11 -10 -11 -9 -12 -9 -12 -9 -12 -9 -12 -9 0 0 0 0 0 0 0 0 0 0]"
"1773838333502323,CSI_DATA,STATION,00:00:00:00:00:00,0,0,0,0,0,0,0,0,0,0,0,0,0,0,0,0,0,0,0,0,0,128,[84 -64 4 0 0 0 0 0 0 0 0 0 3 16 3 16 2 17 2 18 2 17 1 17 2 16 1 17 1 16 0 17 -1 16 -1 16 -1 17 -1 16 -1 16 -1 16 -1 15 -1 15 -1 15 -1 16 -1 15 0 15 -1 14 -1 15 -1 15 -1 14 0 0 0 14 0 14 0 14 1 14 1 14 1 13 1 14 1 13 2 13 2 13 2 13 2 13 3 13 3 13 3 13 4 13 4 13 4 13 4 12 5 12 5 13 5 13 5 13 6 13 5 13 5 12 0 0 0 0 0 0 0 0 0 0]"
"1773838333502323,CSI_DATA,STATION,00:00:00:00:00:00,0,0,0,0,0,0,0,0,0,0,0,0,0,0,0,0,0,0,0,0,0,128,[84 -64 4 0 0 0 0 0 0 0 0 0 17 4 16 4 17 5 16 6 16 6 16 6 16 7 16 7 15 7 15 7 15 7 15 8 15 8 14 8 14 7 14 8 13 8 13 8 13 7 13 7 13 8 13 7 13 7 13 6 12 6 13 6 0 0 12 6 13 6 13 5 13 5 13 5 13 5 13 4 12 4 13 4 13 3 13 4 13 3 13 2 13 2 13 2 13 3 14 2 14 1 14 2 14 1 14 1 13 1 14 0 14 0 14 0 14 0 0 0 0 0 0 0 0 0 0 0]"
"1773838333518040,CSI_DATA,STATION,00:00:00:00:00:00,0,0,0,0,0,0,0,0,0,0,0,0,0,0,0,0,0,0,0,0,0,128,[84 -64 4 0 0 0 0 0 0 0 0 0 5 -17 6 -17 6 -16 7 -17 7 -16 8 -17 8 -16 8 -16 9 -15 9 -15 9 -15 9 -15 9 -15 9 -14 9 -14 9 -13 9 -14 9 -13 9 -14 9 -13 9 -13 9 -13 8 -12 8 -13 8 -13 8 -13 0 0 7 -12 7 -13 7 -14 7 -13 6 -13 6 -13 6 -13 6 -13 6 -13 5 -13 5 -13 5 -13 5 -14 4 -14 5 -14 4 -14 4 -14 4 -14 3 -14 3 -14 3 -14 3 -15 2 -14 2 -15 3 -14 2 -15 0 0 0 0 0 0 0 0 0 0]"
"1773838333518040,CSI_DATA,STATION,00:00:00:00:00:00,0,0,0,0,0,0,0,0,0,0,0,0,0,0,0,0,0,0,0,0,0,128,[84 -64 4 0 0 0 0 0 0 0 0 0 11 12 11 13 10 14 10 14 9 14 9 14 9 14 8 14 8 15 7 15 7 15 7 15 6 15 6 15 6 15 6 15 6 15 5 14 6 15 5 14 5 14 5 14 5 13 5 14 5 14 5 13 0 0 6 13 5 13 6 13 6 12 6 13 6 12 6 12 6 12 6 12 6 12 7 12 7 12 7 12 8 12 8 11 7 11 8 11 8 11 8 11 8 11 8 11 9 11 9 11 9 11 9 11 9 10 0 0 0 0 0 0 0 0 0 0]"
"1773838333533726,CSI_DATA,STATION,00:00:00:00:00:00,0,0,0,0,0,0,0,0,0,0,0,0,0,0,0,0,0,0,0,0,0,128,[84 -64 4 0 0 0 0 0 0 0 0 0 -12 9 -11 9 -12 8 -12 8 -12 7 -13 7 -13 7 -13 6 -13 6 -13 5 -13 5 -14 5 -13 5 -13 5 -13 5 -13 4 -13 4 -13 4 -12 4 -12 4 -13 3 -12 4 -12 4 -12 4 -12 4 -12 4 0 0 -11 4 -11 4 -11 5 -11 4 -11 4 -11 4 -11 5 -11 4 -11 5 -11 5 -11 5 -10 5 -10 6 -10 6 -10 6 -10 6 -9 6 -10 6 -10 6 -10 6 -10 7 -10 7 -10 7 -10 7 -10 7 -10 8 0 0 0 0 0 0 0 0 0 0]"
"1773838333553053,CSI_DATA,STATION,00:00:00:00:00:00,0,0,0,0,0,0,0,0,0,0,0,0,0,0,0,0,0,0,0,0,0,128,[84 -64 4 0 0 0 0 0 0 0 0 0 12 8 12 9 12 10 12 10 11 10 11 10 11 11 10 11 10 11 10 11 10 11 10 11 9 11 9 11 9 11 8 11 8 11 8 11 8 11 9 11 8 11 8 11 8 10 8 10 8 10 8 10 0 0 9 9 8 10 9 9 9 9 9 9 9 8 9 9 9 8 9 8 9 7 10 7 10 7 10 7 10 7 10 7 10 6 11 7 11 6 11 6 11 6 11 6 11 6 12 6 12 5 12 5 12 5 0 0 0 0 0 0 0 0 0 0]"
"1773838333564815,CSI_DATA,STATION,00:00:00:00:00:00,0,0,0,0,0,0,0,0,0,0,0,0,0,0,0,0,0,0,0,0,0,128,[84 -64 4 0 0 0 0 0 0 0 0 0 -11 -11 -11 -12 -11 -13 -11 -13 -10 -13 -10 -13 -9 -13 -9 -13 -9 -13 -9 -14 -8 -14 -8 -14 -8 -14 -8 -14 -8 -14 -7 -14 -7 -13 -7 -13 -7 -13 -7 -13 -7 -13 -7 -13 -7 -12 -7 -13 -7 -13 -7 -12 0 0 -7 -12 -8 -12 -8 -12 -8 -11 -8 -11 -8 -11 -8 -11 -8 -11 -9 -10 -9 -10 -9 -10 -9 -10 -9 -10 -9 -10 -10 -10 -10 -9 -10 -10 -10 -9 -10 -9 -10 -9 -11 -9 -11 -9 -11 -9 -11 -9 -11 -9 -11 -9 0 0 0 0 0 0 0 0 0 0]"
"1773838333574834,CSI_DATA,STATION,00:00:00:00:00:00,0,0,0,0,0,0,0,0,0,0,0,0,0,0,0,0,0,0,0,0,0,128,[84 -64 4 0 0 0 0 0 0 0 0 0 15 -8 16 -6 16 -6 16 -5 16 -5 16 -5 16 -4 16 -3 16 -3 16 -3 17 -2 16 -2 16 -2 16 -2 16 -2 15 -1 16 -1 15 -2 15 -1 15 -1 15 -2 15 -1 14 -1 14 -1 14 -2 15 -2 0 0 14 -2 13 -2 14 -2 14 -3 14 -3 14 -3 13 -3 14 -3 13 -3 13 -4 13 -4 13 -4 13 -4 13 -4 13 -5 14 -5 13 -5 13 -6 13 -6 13 -6 13 -6 13 -6 13 -7 14 -6 13 -7 13 -7 0 0 0 0 0 0 0 0 0 0]"
"1773838333580585,CSI_DATA,STATION,00:00:00:00:00:00,0,0,0,0,0,0,0,0,0,0,0,0,0,0,0,0,0,0,0,0,0,128,[84 -64 4 0 0 0 0 0 0 0 0 0 11 -11 11 -10 12 -9 12 -9 12 -9 12 -8 13 -8 12 -8 13 -7 12 -7 13 -7 13 -7 13 -6 13 -6 13 -6 13 -6 13 -5 13 -5 12 -5 12 -5 12 -5 12 -5 12 -6 12 -5 12 -6 12 -6 0 0 11 -6 11 -6 12 -6 11 -6 11 -6 11 -6 11 -6 10 -7 11 -7 10 -7 10 -7 10 -7 10 -7 11 -8 10 -7 10 -8 10 -8 10 -8 10 -8 10 -9 10 -9 10 -9 9 -9 10 -10 9 -9 9 -9 0 0 0 0 0 0 0 0 0 0]"
"1773838333598530,CSI_DATA,STATION,00:00:00:00:00:00,0,0,0,0,0,0,0,0,0,0,0,0,0,0,0,0,0,0,0,0,0,128,[84 -64 4 0 0 0 0 0 0 0 0 0 -4 -16 -5 -17 -4 -17 -3 -18 -3 -17 -2 -17 -3 -17 -2 -17 -1 -17 -1 -17 -1 -17 0 -16 -1 -17 0 -17 0 -17 0 -16 0 -16 0 -15 0 -16 0 -16 -1 -16 -1 -16 0 -15 0 -15 0 -15 0 -15 0 0 -1 -15 -1 -15 -2 -15 -1 -14 -2 -15 -3 -15 -2 -14 -3 -15 -3 -14 -3 -14 -3 -14 -3 -14 -4 -14 -4 -15 -4 -14 -5 -14 -4 -14 -5 -14 -5 -14 -6 -14 -6 -14 -6 -14 -6 -14 -7 -14 -6 -14 -7 -14 0 0 0 0 0 0 0 0 0 0]"
"1773838333608550,CSI_DATA,STATION,00:00:00:00:00:00,0,0,0,0,0,0,0,0,0,0,0,0,0,0,0,0,0,0,0,0,0,128,[84 -64 4 0 0 0 0 0 0 0 0 0 -12 -12 -12 -13 -12 -13 -11 -14 -11 -14 -10 -14 -10 -14 -10 -14 -9 -14 -9 -14 -9 -15 -8 -15 -8 -15 -8 -15 -8 -15 -8 -14 -7 -14 -7 -14 -7 -14 -7 -14 -7 -14 -7 -14 -8 -13 -7 -14 -7 -13 -8 -13 0 0 -8 -12 -8 -12 -8 -12 -8 -11 -8 -12 -9 -12 -9 -12 -9 -11 -9 -11 -9 -11 -10 -11 -10 -11 -10 -11 -10 -11 -10 -10 -10 -10 -11 -10 -11 -10 -11 -10 -11 -9 -11 -9 -12 -9 -12 -9 -12 -9 -12 -9 -13 -9 0 0 0 0 0 0 0 0 0 0]"
"1773838333619818,CSI_DATA,STATION,00:00:00:00:00:00,0,0,0,0,0,0,0,0,0,0,0,0,0,0,0,0,0,0,0,0,0,128,[84 -64 4 0 0 0 0 0 0 0 0 0 -4 14 -4 15 -5 15 -5 14 -6 14 -6 14 -6 13 -7 13 -7 13 -7 13 -7 13 -7 12 -8 13 -8 13 -8 12 -7 12 -7 11 -8 11 -7 11 -8 11 -8 11 -8 11 -7 11 -7 11 -7 11 -7 11 0 0 -7 11 -6 11 -6 11 -6 11 -6 11 -6 11 -6 11 -6 11 -6 11 -5 11 -5 11 -4 11 -4 12 -4 12 -4 12 -4 12 -4 12 -3 12 -4 12 -4 12 -4 12 -3 12 -3 13 -2 13 -2 12 -3 12 0 0 0 0 0 0 0 0 0 0]"
"1773838333629838,CSI_DATA,STATION,00:00:00:00:00:00,0,0,0,0,0,0,0,0,0,0,0,0,0,0,0,0,0,0,0,0,0,128,[84 -64 4 0 0 0 0 0 0 0 0 0 -18 10 -19 10 -19 9 -20 9 -19 9 -20 8 -20 7 -20 6 -20 6 -20 5 -20 5 -20 5 -20 4 -20 5 -20 4 -20 4 -19 4 -19 3 -19 4 -20 3 -19 3 -19 4 -19 3 -18 4 -18 3 -18 4 0 0 -18 4 -18 4 -17 5 -17 5 -17 5 -17 5 -17 5 -17 5 -17 6 -16 6 -16 6 -16 7 -16 7 -16 7 -16 8 -16 8 -16 8 -16 8 -16 8 -16 8 -16 8 -16 9 -16 9 -15 10 -16 10 -16 10 0 0 0 0 0 0 0 0 0 0]"
"1773838333639855,CSI_DATA,STATION,00:00:00:00:00:00,0,0,0,0,0,0,0,0,0,0,0,0,0,0,0,0,0,0,0,0,0,128,[84 -64 4 0 0 0 0 0 0 0 0 0 -17 3 -17 2 -17 2 -17 1 -17 1 -17 0 -17 0 -17 0 -17 0 -17 -1 -17 -1 -17 -1 -17 -2 -17 -2 -16 -2 -16 -2 -16 -2 -15 -2 -16 -2 -15 -3 -15 -2 -15 -3 -15 -2 -15 -2 -15 -2 -15 -2 0 0 -15 -2 -14 -1 -15 -1 -14 -1 -14 -1 -14 -1 -14 0 -14 -1 -14 0 -14 0 -14 1 -15 1 -14 1 -15 1 -14 1 -15 2 -14 2 -15 2 -15 2 -15 2 -15 2 -15 2 -14 3 -14 3 -15 4 -15 4 0 0 0 0 0 0 0 0 0 0]"
"1773838333651618,CSI_DATA,STATION,00:00:00:00:00:00,0,0,0,0,0,0,0,0,0,0,0,0,0,0,0,0,0,0,0,0,0,128,[84 -64 4 0 0 0 0 0 0 0 0 0 -2 -17 -1 -17 -1 -17 -1 -18 0 -17 0 -17 1 -17 1 -17 2 -16 2 -17 2 -17 3 -16 2 -17 2 -16 2 -16 3 -16 3 -16 3 -15 3 -15 3 -16 3 -15 2 -15 2 -15 2 -15 2 -15 2 -15 0 0 2 -15 1 -14 1 -15 1 -14 1 -15 1 -15 0 -15 0 -15 0 -14 -1 -14 -1 -15 -1 -14 -1 -15 -2 -15 -1 -14 -2 -15 -2 -15 -2 -15 -2 -15 -3 -14 -3 -15 -3 -15 -4 -15 -4 -15 -3 -15 -4 -15 0 0 0 0 0 0 0 0 0 0]"
"1773838333659373,CSI_DATA,STATION,00:00:00:00:00:00,0,0,0,0,0,0,0,0,0,0,0,0,0,0,0,0,0,0,0,0,0,128,[84 -64 4 0 0 0 0 0 0 0 0 0 7 -14 7 -14 7 -13 8 -14 8 -13 9 -12 9 -12 9 -12 9 -12 9 -11 10 -11 10 -11 10 -11 9 -11 10 -11 10 -10 10 -10 9 -9 10 -10 9 -10 10 -10 9 -10 9 -9 9 -10 9 -10 9 -10 0 0 8 -9 8 -10 8 -10 8 -10 8 -10 8 -10 7 -10 7 -10 7 -10 7 -10 7 -11 6 -11 7 -11 6 -11 6 -11 6 -11 6 -11 6 -12 6 -12 6 -12 6 -12 5 -12 5 -12 5 -13 5 -12 5 -13 0 0 0 0 0 0 0 0 0 0]"
"1773838333659373,CSI_DATA,STATION,00:00:00:00:00:00,0,0,0,0,0,0,0,0,0,0,0,0,0,0,0,0,0,0,0,0,0,128,[84 -64 4 0 0 0 0 0 0 0 0 0 -5 15 -5 15 -6 16 -7 15 -7 15 -7 15 -8 14 -8 14 -9 14 -9 14 -9 13 -9 13 -9 13 -9 13 -9 13 -9 12 -9 12 -9 12 -9 12 -9 13 -9 12 -9 12 -9 11 -9 12 -9 12 -8 12 0 0 -9 12 -7 12 -7 12 -7 12 -7 12 -7 12 -7 12 -7 12 -7 12 -6 12 -6 12 -5 12 -5 13 -5 13 -5 13 -5 13 -4 13 -4 13 -4 13 -5 13 -4 13 -4 14 -3 14 -3 14 -3 14 -3 14 0 0 0 0 0 0 0 0 0 0]"
"1773838333677506,CSI_DATA,STATION,00:00:00:00:00:00,0,0,0,0,0,0,0,0,0,0,0,0,0,0,0,0,0,0,0,0,0,128,[84 -64 4 0 0 0 0 0 0 0 0 0 -14 -8 -13 -9 -13 -9 -13 -10 -13 -10 -13 -10 -12 -10 -12 -10 -12 -10 -11 -11 -11 -11 -11 -11 -11 -12 -11 -11 -11 -11 -10 -11 -10 -11 -9 -11 -10 -11 -9 -11 -9 -11 -9 -11 -9 -10 -9 -11 -9 -11 -10 -10 0 0 -9 -10 -10 -10 -10 -10 -10 -9 -10 -10 -10 -10 -10 -9 -10 -9 -10 -9 -10 -8 -11 -8 -11 -8 -10 -8 -11 -8 -11 -8 -11 -8 -11 -8 -11 -7 -12 -8 -12 -7 -12 -7 -12 -7 -12 -7 -12 -7 -12 -7 -13 -7 0 0 0 0 0 0 0 0 0 0]"
"1773838333691610,CSI_DATA,STATION,00:00:00:00:00:00,0,0,0,0,0,0,0,0,0,0,0,0,0,0,0,0,0,0,0,0,0,128,[84 -64 4 0 0 0 0 0 0 0 0 0 2 -18 2 -18 2 -17 3 -18 4 -17 4 -17 4 -17 5 -17 5 -17 5 -16 6 -16 5 -16 6 -16 6 -16 6 -16 6 -15 6 -15 6 -14 6 -15 6 -15 6 -14 7 -15 6 -14 5 -14 6 -14 5 -14 0 0 5 -14 5 -14 5 -15 5 -14 4 -14 4 -14 4 -14 4 -14 4 -14 3 -14 3 -14 3 -14 3 -15 2 -15 3 -15 2 -15 2 -15 2 -14 2 -15 2 -15 1 -15 1 -16 1 -15 1 -16 1 -15 1 -16 0 0 0 0 0 0 0 0 0 0]"
"1773838333691610,CSI_DATA,STATION,00:00:00:00:00:00,0,0,0,0,0,0,0,0,0,0,0,0,0,0,0,0,0,0,0,0,0,128,[84 -64 4 0 0 0 0 0 0 0 0 0 -12 10 -13 9 -14 9 -14 9 -14 8 -14 8 -14 7 -14 7 -14 7 -14 7 -14 6 -15 6 -15 6 -14 6 -14 6 -14 6 -14 5 -14 5 -14 5 -13 5 -13 5 -13 5 -13 5 -13 5 -13 5 -13 6 0 0 -12 5 -12 6 -12 6 -12 6 -12 6 -11 6 -12 7 -11 7 -11 7 -11 7 -11 8 -11 8 -11 8 -11 8 -10 8 -10 8 -10 8 -10 9 -10 9 -10 9 -10 9 -10 9 -10 10 -9 10 -9 10 -9 10 0 0 0 0 0 0 0 0 0 0]"
"1773838333715884,CSI_DATA,STATION,00:00:00:00:00:00,0,0,0,0,0,0,0,0,0,0,0,0,0,0,0,0,0,0,0,0,0,128,[84 -64 4 0 0 0 0 0 0 0 0 0 -19 10 -20 9 -20 9 -21 8 -21 8 -21 7 -21 6 -21 6 -21 5 -21 5 -21 5 -21 4 -21 4 -21 4 -21 4 -20 3 -20 3 -20 3 -21 4 -20 3 -20 3 -19 3 -19 3 -19 3 -19 3 -19 3 0 0 -18 4 -18 3 -18 5 -18 4 -18 5 -18 4 -17 4 -17 5 -17 5 -17 5 -17 6 -17 6 -17 7 -17 7 -17 7 -17 8 -17 8 -17 8 -17 8 -17 8 -17 8 -17 9 -17 9 -16 10 -17 9 -17 10 0 0 0 0 0 0 0 0 0 0]"
"1773838333723017,CSI_DATA,STATION,00:00:00:00:00:00,0,0,0,0,0,0,0,0,0,0,0,0,0,0,0,0,0,0,0,0,0,128,[84 -64 4 0 0 0 0 0 0 0 0 0 8 -16 8 -15 9 -16 9 -15 10 -15 10 -14 10 -14 10 -14 11 -13 10 -13 11 -13 11 -13 12 -13 11 -13 11 -12 11 -12 11 -11 11 -11 11 -12 11 -11 11 -11 11 -11 10 -11 10 -11 10 -11 10 -11 0 0 10 -11 10 -11 9 -11 9 -11 9 -11 9 -12 9 -12 8 -12 8 -12 8 -12 8 -12 7 -12 7 -12 7 -12 7 -13 7 -13 7 -13 6 -13 7 -13 6 -13 6 -13 6 -14 6 -14 5 -14 6 -14 6 -14 0 0 0 0 0 0 0 0 0 0]"
"1773838333723017,CSI_DATA,STATION,00:00:00:00:00:00,0,0,0,0,0,0,0,0,0,0,0,0,0,0,0,0,0,0,0,0,0,128,[84 -64 4 0 0 0 0 0 0 0 0 0 -9 9 -10 8 -10 9 -10 8 -11 7 -11 7 -11 7 -11 7 -11 6 -11 6 -12 6 -11 6 -11 6 -11 6 -12 5 -11 5 -11 5 -11 5 -11 5 -11 5 -11 5 -11 4 -10 5 -10 5 -10 4 -10 5 0 0 -10 4 -10 5 -9 5 -10 5 -9 5 -10 5 -9 6 -9 6 -9 5 -9 6 -9 6 -9 6 -8 7 -8 7 -8 6 -8 7 -8 7 -8 7 -9 7 -8 6 -8 7 -9 8 -8 7 -8 8 -8 8 -8 8 0 0 0 0 0 0 0 0 0 0]"
"1773838333738805,CSI_DATA,STATION,00:00:00:00:00:00,0,0,0,0,0,0,0,0,0,0,0,0,0,0,0,0,0,0,0,0,0,128,[84 -64 4 0 0 0 0 0 0 0 0 0 -16 0 -17 -1 -17 -2 -18 -2 -16 -2 -17 -3 -16 -4 -16 -4 -16 -4 -16 -4 -16 -4 -16 -5 -16 -5 -15 -5 -16 -5 -14 -5 -15 -5 -14 -5 -15 -5 -14 -5 -14 -5 -14 -5 -14 -5 -14 -5 -14 -5 -14 -4 0 0 -14 -5 -13 -4 -14 -4 -13 -3 -14 -4 -13 -4 -14 -3 -13 -3 -14 -3 -13 -2 -14 -2 -14 -2 -14 -2 -14 -2 -14 -2 -14 -1 -13 -1 -14 -1 -14 -1 -14 -1 -14 -1 -14 -1 -14 0 -15 0 -15 0 -15 1 0 0 0 0 0 0 0 0 0 0]"
"1773838333754554,CSI_DATA,STATION,00:00:00:00:00:00,0,0,0,0,0,0,0,0,0,0,0,0,0,0,0,0,0,0,0,0,0,128,[84 -64 4 0 0 0 0 0 0 0 0 0 -6 14 -6 14 -7 14 -7 14 -7 13 -8 13 -8 13 -8 13 -8 12 -8 12 -9 12 -9 12 -10 12 -9 11 -9 12 -10 11 -10 11 -9 10 -9 11 -9 11 -9 10 -9 10 -9 9 -9 10 -9 10 -9 10 0 0 -9 10 -9 10 -8 10 -8 10 -8 10 -8 10 -8 10 -7 10 -7 10 -7 10 -7 10 -7 11 -7 11 -7 11 -6 11 -7 11 -6 11 -6 11 -6 11 -6 11 -6 12 -6 12 -5 12 -5 12 -5 12 -5 12 0 0 0 0 0 0 0 0 0 0]"
"1773838333754554,CSI_DATA,STATION,00:00:00:00:00:00,0,0,0,0,0,0,0,0,0,0,0,0,0,0,0,0,0,0,0,0,0,128,[84 -64 4 0 0 0 0 0 0 0 0 0 0 -17 1 -17 1 -18 2 -17 3 -18 3 -17 3 -17 4 -16 4 -17 5 -17 5 -16 5 -16 5 -16 5 -16 5 -16 6 -15 6 -14 5 -14 5 -15 6 -15 6 -14 5 -15 5 -14 5 -14 5 -14 5 -14 0 0 5 -14 5 -14 4 -14 4 -14 4 -14 4 -14 4 -14 3 -14 3 -14 3 -14 2 -14 2 -14 2 -14 2 -14 2 -14 2 -14 1 -15 2 -14 2 -15 1 -15 1 -15 1 -15 0 -16 0 -16 1 -15 0 -15 0 0 0 0 0 0 0 0 0 0]"
"1773838333772775,CSI_DATA,STATION,00:00:00:00:00:00,0,0,0,0,0,0,0,0,0,0,0,0,0,0,0,0,0,0,0,0,0,128,[84 -64 4 0 0 0 0 0 0 0 0 0 -8 -16 -7 -16 -7 -17 -6 -17 -6 -17 -5 -17 -5 -17 -5 -17 -4 -17 -4 -17 -4 -17 -4 -17 -4 -17 -4 -17 -3 -17 -3 -16 -3 -16 -3 -16 -3 -16 -2 -16 -2 -16 -3 -16 -3 -15 -3 -16 -3 -15 -3 -15 0 0 -3 -15 -3 -15 -4 -15 -4 -14 -4 -15 -4 -14 -4 -14 -4 -14 -4 -14 -5 -14 -6 -14 -5 -13 -6 -14 -6 -14 -6 -14 -6 -13 -7 -14 -6 -14 -7 -14 -7 -13 -7 -13 -8 -14 -8 -13 -8 -13 -8 -13 -8 -13 0 0 0 0 0 0 0 0 0 0]"
"1773838333786302,CSI_DATA,STATION,00:00:00:00:00:00,0,0,0,0,0,0,0,0,0,0,0,0,0,0,0,0,0,0,0,0,0,128,[84 -64 4 0 0 0 0 0 0 0 0 0 2 -18 3 -18 3 -18 4 -18 5 -18 4 -17 5 -17 6 -17 6 -17 6 -17 7 -17 7 -16 7 -17 6 -17 7 -16 7 -15 7 -15 6 -15 6 -15 7 -15 7 -15 7 -15 6 -14 7 -15 6 -14 6 -14 0 0 6 -14 6 -14 5 -15 5 -14 5 -14 5 -14 5 -14 4 -15 4 -14 3 -14 3 -14 3 -15 3 -15 3 -15 2 -15 2 -15 2 -15 2 -15 2 -15 2 -15 1 -15 1 -16 1 -16 0 -16 0 -15 1 -16 0 0 0 0 0 0 0 0 0 0]"
"1773838333796323,CSI_DATA,STATION,00:00:00:00:00:00,0,0,0,0,0,0,0,0,0,0,0,0,0,0,0,0,0,0,0,0,0,128,[84 -64 4 0 0 0 0 0 0 0 0 0 -2 -17 -1 -17 -1 -17 0 -17 0 -18 1 -17 1 -17 2 -17 2 -17 2 -16 2 -16 3 -16 2 -17 2 -16 3 -16 3 -15 3 -15 3 -15 3 -16 4 -15 3 -15 3 -15 3 -14 3 -15 3 -15 3 -14 0 0 2 -14 2 -14 2 -15 2 -14 2 -14 2 -14 2 -14 1 -14 1 -14 0 -14 0 -14 0 -14 0 -14 0 -14 0 -14 -1 -14 -1 -14 -1 -14 -1 -14 -1 -14 -1 -14 -1 -15 -2 -15 -2 -15 -2 -14 -2 -14 0 0 0 0 0 0 0 0 0 0]"
"1773838333806900,CSI_DATA,STATION,00:00:00:00:00:00,0,0,0,0,0,0,0,0,0,0,0,0,0,0,0,0,0,0,0,0,0,128,[84 -64 4 0 0 0 0 0 0 0 0 0 10 13 10 13 10 14 9 14 9 14 8 14 8 14 8 14 7 15 8 15 7 15 6 14 6 15 6 15 6 14 5 14 5 14 5 14 5 14 5 14 5 14 5 13 5 13 5 13 5 13 5 12 0 0 6 12 5 13 6 12 6 12 6 12 6 11 6 12 7 11 7 11 7 11 7 10 7 11 8 11 8 11 8 10 8 10 8 10 8 10 9 10 9 10 9 10 9 10 9 10 10 9 9 9 10 9 0 0 0 0 0 0 0 0 0 0]"
"1773838333819935,CSI_DATA,STATION,00:00:00:00:00:00,0,0,0,0,0,0,0,0,0,0,0,0,0,0,0,0,0,0,0,0,0,128,[84 -64 4 0 0 0 0 0 0 0 0 0 -16 -9 -16 -9 -15 -10 -16 -11 -15 -11 -14 -12 -14 -11 -13 -12 -13 -12 -13 -12 -13 -12 -12 -12 -12 -13 -12 -13 -12 -13 -12 -12 -11 -12 -10 -12 -12 -12 -11 -12 -11 -12 -10 -12 -10 -11 -11 -12 -10 -12 -10 -11 0 0 -10 -11 -10 -11 -11 -10 -11 -10 -11 -10 -11 -10 -11 -10 -11 -10 -11 -9 -12 -9 -11 -9 -11 -9 -12 -8 -12 -9 -12 -8 -12 -8 -12 -8 -13 -8 -13 -8 -13 -8 -13 -7 -13 -7 -13 -7 -13 -7 -13 -7 -13 -6 0 0 0 0 0 0 0 0 0 0]"
"1773838333829953,CSI_DATA,STATION,00:00:00:00:00:00,0,0,0,0,0,0,0,0,0,0,0,0,0,0,0,0,0,0,0,0,0,128,[84 -64 4 0 0 0 0 0 0 0 0 0 7 -17 7 -16 8 -17 8 -16 9 -16 9 -15 9 -15 10 -14 10 -14 10 -14 10 -14 10 -14 11 -14 11 -14 10 -13 11 -13 10 -12 10 -12 10 -12 10 -12 10 -12 10 -12 10 -12 9 -12 10 -12 9 -12 0 0 9 -11 9 -12 8 -12 8 -12 8 -12 8 -12 8 -12 8 -12 7 -12 6 -13 7 -12 7 -13 6 -13 6 -13 6 -13 6 -13 6 -14 6 -13 6 -14 5 -14 5 -14 5 -14 5 -14 5 -15 4 -14 4 -14 0 0 0 0 0 0 0 0 0 0]"
"1773838333834938,CSI_DATA,STATION,00:00:00:00:00:00,0,0,0,0,0,0,0,0,0,0,0,0,0,0,0,0,0,0,0,0,0,128,[84 -64 4 0 0 0 0 0 0 0 0 0 13 7 13 8 13 9 13 9 12 9 12 9 12 9 11 10 11 10 11 10 11 10 10 10 11 10 10 10 10 10 10 10 9 10 9 10 9 10 9 10 9 10 9 10 9 9 9 9 9 9 9 9 0 0 9 9 9 9 10 9 9 8 9 8 9 8 9 8 9 8 9 7 10 7 10 6 10 7 10 6 11 6 10 6 11 5 10 6 11 5 11 6 11 5 11 5 11 5 12 5 12 5 11 4 12 4 0 0 0 0 0 0 0 0 0 0]"
"1773838333849515,CSI_DATA,STATION,00:00:00:00:00:00,0,0,0,0,0,0,0,0,0,0,0,0,0,0,0,0,0,0,0,0,0,128,[84 -64 4 0 0 0 0 0 0 0 0 0 -11 -13 -10 -13 -10 -14 -9 -14 -9 -14 -9 -14 -8 -14 -8 -14 -8 -14 -8 -15 -7 -14 -7 -15 -7 -15 -6 -15 -7 -14 -7 -14 -6 -13 -6 -14 -6 -14 -6 -14 -6 -14 -6 -14 -6 -13 -6 -13 -6 -13 -6 -13 0 0 -6 -12 -7 -13 -6 -12 -7 -12 -6 -12 -7 -12 -7 -12 -7 -11 -8 -11 -8 -11 -8 -11 -8 -11 -9 -11 -8 -11 -9 -10 -9 -10 -9 -10 -9 -10 -10 -10 -10 -10 -10 -10 -10 -10 -10 -10 -10 -9 -10 -9 -11 -9 0 0 0 0 0 0 0 0 0 0]"
"1773838333859537,CSI_DATA,STATION,00:00:00:00:00:00,0,0,0,0,0,0,0,0,0,0,0,0,0,0,0,0,0,0,0,0,0,128,[84 -64 4 0 0 0 0 0 0 0 0 0 4 16 4 16 3 17 3 17 3 17 2 16 2 17 2 17 1 16 1 17 0 16 0 16 0 17 0 17 0 16 0 16 0 16 0 15 -1 16 -1 16 -1 15 0 15 0 14 0 15 0 15 0 14 0 0 1 14 1 14 1 14 1 14 1 14 1 14 2 14 2 14 2 13 2 13 3 13 3 13 3 14 4 13 4 13 4 13 4 13 5 13 5 13 5 13 5 13 5 13 6 13 6 13 6 13 6 13 0 0 0 0 0 0 0 0 0 0]"
"1773838333871660,CSI_DATA,STATION,00:00:00:00:00:00,0,0,0,0,0,0,0,0,0,0,0,0,0,0,0,0,0,0,0,0,0,128,[84 -64 4 0 0 0 0 0 0 0 0 0 6 -15 7 -14 7 -14 8 -14 8 -14 8 -13 9 -13 9 -13 9 -13 9 -13 10 -12 10 -12 9 -12 10 -12 10 -11 9 -11 9 -11 9 -10 10 -11 10 -11 9 -11 9 -10 9 -10 9 -10 8 -11 9 -11 0 0 8 -10 8 -11 8 -11 8 -11 8 -11 8 -11 7 -11 7 -11 7 -11 6 -11 6 -11 6 -12 6 -12 6 -12 6 -12 6 -12 5 -12 5 -13 5 -12 5 -12 5 -12 5 -13 5 -13 4 -13 4 -13 4 -13 0 0 0 0 0 0 0 0 0 0]"
"1773838333881178,CSI_DATA,STATION,00:00:00:00:00:00,0,0,0,0,0,0,0,0,0,0,0,0,0,0,0,0,0,0,0,0,0,128,[84 -64 4 0 0 0 0 0 0 0 0 0 0 17 -2 17 -2 17 -3 17 -3 17 -3 16 -4 16 -4 16 -4 16 -5 16 -5 16 -5 16 -5 16 -5 16 -5 15 -5 15 -5 15 -5 14 -5 15 -5 15 -6 14 -5 14 -5 14 -5 14 -4 14 -5 14 0 0 -4 14 -4 14 -3 14 -3 14 -3 14 -3 14 -3 14 -3 14 -2 13 -2 14 -2 13 -2 14 -1 14 -1 14 -1 14 0 14 0 14 0 14 0 14 0 14 0 14 1 14 1 14 1 15 2 14 2 14 0 0 0 0 0 0 0 0 0 0]"
"1773838333893201,CSI_DATA,STATION,00:00:00:00:00:00,0,0,0,0,0,0,0,0,0,0,0,0,0,0,0,0,0,0,0,0,0,128,[84 -64 4 0 0 0 0 0 0 0 0 0 -12 -11 -11 -11 -10 -12 -11 -13 -10 -13 -10 -13 -9 -12 -9 -13 -9 -13 -8 -14 -8 -13 -8 -13 -8 -14 -8 -14 -7 -13 -7 -13 -7 -13 -7 -13 -7 -13 -7 -13 -7 -13 -7 -13 -6 -12 -7 -12 -7 -13 -7 -12 0 0 -7 -12 -7 -12 -7 -12 -8 -11 -7 -12 -7 -12 -7 -11 -7 -12 -8 -11 -8 -11 -8 -10 -8 -11 -8 -11 -9 -10 -9 -10 -9 -10 -9 -10 -9 -10 -9 -10 -9 -10 -10 -10 -10 -10 -10 -10 -10 -10 -10 -10 -10 -10 0 0 0 0 0 0 0 0 0 0]"
"1773838333896948,CSI_DATA,STATION,00:00:00:00:00:00,0,0,0,0,0,0,0,0,0,0,0,0,0,0,0,0,0,0,0,0,0,128,[84 -64 4 0 0 0 0 0 0 0 0 0 -2 -17 -2 -17 -2 -17 -1 -17 0 -17 0 -17 1 -17 1 -17 2 -17 2 -17 2 -16 2 -16 3 -17 2 -17 3 -16 3 -16 3 -16 3 -15 3 -16 3 -15 3 -15 3 -15 3 -15 3 -15 2 -15 2 -15 0 0 2 -14 2 -15 2 -15 1 -14 1 -14 1 -14 1 -15 1 -15 1 -14 0 -14 0 -14 0 -14 -1 -14 -1 -15 -1 -14 -1 -14 -1 -15 -1 -15 -1 -15 -1 -15 -2 -15 -2 -15 -2 -15 -3 -15 -3 -15 -3 -15 0 0 0 0 0 0 0 0 0 0]"
"1773838333913005,CSI_DATA,STATION,00:00:00:00:00:00,0,0,0,0,0,0,0,0,0,0,0,0,0,0,0,0,0,0,0,0,0,128,[84 -64 4 0 0 0 0 0 0 0 0 0 7 14 6 14 6 15 6 15 5 15 5 15 4 15 4 15 4 15 4 16 3 16 3 15 2 16 2 15 2 15 2 15 1 15 2 14 2 15 2 15 2 14 2 14 2 14 2 14 1 14 2 13 0 0 2 13 2 13 2 13 2 13 3 13 3 13 3 13 3 13 3 13 4 12 4 13 4 13 4 13 5 13 5 12 5 12 5 13 5 12 6 12 5 12 6 12 6 12 6 13 7 13 6 12 6 12 0 0 0 0 0 0 0 0 0 0]"
"1773838333922045,CSI_DATA,STATION,00:00:00:00:00:00,0,0,0,0,0,0,0,0,0,0,0,0,0,0,0,0,0,0,0,0,0,128,[84 -64 4 0 0 0 0 0 0 0 0 0 -17 -7 -18 -7 -18 -9 -18 -8 -17 -8 -17 -9 -17 -10 -16 -10 -16 -10 -15 -11 -16 -11 -15 -11 -15 -11 -14 -11 -15 -11 -14 -11 -14 -11 -14 -10 -14 -11 -13 -11 -14 -10 -13 -11 -13 -10 -14 -10 -14 -10 -14 -10 0 0 -14 -9 -14 -9 -14 -9 -14 -8 -14 -9 -14 -8 -14 -8 -14 -8 -14 -7 -14 -7 -15 -7 -14 -7 -14 -7 -15 -6 -15 -6 -15 -6 -15 -6 -15 -5 -16 -5 -16 -5 -16 -5 -16 -5 -16 -5 -17 -5 -16 -4 -16 -4 0 0 0 0 0 0 0 0 0 0]"
"1773838333931036,CSI_DATA,STATION,00:00:00:00:00:00,0,0,0,0,0,0,0,0,0,0,0,0,0,0,0,0,0,0,0,0,0,128,[84 -64 4 0 0 0 0 0 0 0 0 0 -8 -13 -8 -14 -7 -14 -7 -15 -7 -15 -6 -15 -6 -15 -5 -15 -5 -14 -5 -15 -5 -15 -5 -15 -4 -15 -4 -15 -4 -15 -4 -14 -4 -14 -4 -14 -4 -14 -4 -14 -4 -13 -4 -14 -4 -13 -4 -13 -4 -13 -5 -13 0 0 -5 -13 -5 -13 -5 -12 -5 -12 -5 -12 -5 -12 -6 -12 -6 -12 -6 -11 -6 -11 -7 -11 -7 -11 -7 -11 -7 -11 -8 -11 -8 -11 -8 -11 -8 -11 -9 -10 -9 -10 -9 -10 -9 -10 -9 -10 -9 -10 -9 -10 -9 -10 0 0 0 0 0 0 0 0 0 0]"
"1773838333944959,CSI_DATA,STATION,00:00:00:00:00:00,0,0,0,0,0,0,0,0,0,0,0,0,0,0,0,0,0,0,0,0,0,128,[84 -64 4 0 0 0 0 0 0 0 0 0 5 -16 6 -16 6 -16 7 -16 7 -16 7 -15 8 -15 8 -15 9 -14 9 -15 9 -14 9 -14 9 -14 9 -14 9 -13 9 -13 9 -13 9 -12 8 -13 9 -13 8 -12 8 -13 8 -12 8 -13 8 -13 8 -12 0 0 7 -12 7 -12 7 -13 6 -13 6 -13 6 -13 6 -13 6 -13 6 -13 5 -13 5 -13 4 -13 4 -13 4 -13 4 -14 3 -13 4 -14 3 -14 3 -14 3 -14 3 -14 2 -15 2 -15 1 -15 2 -15 2 -15 0 0 0 0 0 0 0 0 0 0]"
"1773838333944959,CSI_DATA,STATION,00:00:00:00:00:00,0,0,0,0,0,0,0,0,0,0,0,0,0,0,0,0,0,0,0,0,0,128,[84 -64 4 0 0 0 0 0 0 0 0 0 2 16 2 16 1 16 1 17 0 16 0 16 -1 16 -1 16 -2 16 -2 16 -2 16 -2 16 -2 16 -2 16 -3 15 -3 15 -3 15 -3 15 -3 15 -3 15 -3 15 -3 14 -3 14 -3 14 -2 14 -2 14 0 0 -2 13 -2 14 -1 14 -2 13 -1 14 -1 13 -1 14 -1 13 0 13 0 13 0 13 0 13 1 14 1 14 1 13 1 13 1 14 2 13 2 14 1 13 2 14 2 14 2 14 3 14 3 14 3 14 0 0 0 0 0 0 0 0 0 0]"
"1773838333960745,CSI_DATA,STATION,00:00:00:00:00:00,0,0,0,0,0,0,0,0,0,0,0,0,0,0,0,0,0,0,0,0,0,128,[84 -64 4 0 0 0 0 0 0 0 0 0 -15 -6 -14 -6 -14 -7 -14 -8 -14 -8 -13 -8 -13 -8 -12 -9 -13 -9 -12 -9 -12 -9 -12 -9 -12 -10 -12 -10 -12 -10 -12 -9 -11 -9 -11 -10 -11 -9 -11 -9 -11 -9 -11 -9 -10 -9 -10 -9 -10 -9 -10 -8 0 0 -11 -8 -11 -8 -11 -8 -11 -8 -11 -8 -11 -8 -11 -8 -11 -7 -11 -7 -11 -7 -11 -7 -11 -6 -12 -6 -12 -6 -12 -6 -12 -6 -12 -6 -12 -5 -12 -5 -12 -5 -12 -5 -13 -5 -13 -5 -13 -5 -13 -5 -13 -5 0 0 0 0 0 0 0 0 0 0]"
"1773838333976423,CSI_DATA,STATION,00:00:00:00:00:00,0,0,0,0,0,0,0,0,0,0,0,0,0,0,0,0,0,0,0,0,0,128,[84 -64 4 0 0 0 0 0 0 0 0 0 7 13 7 14 7 15 6 15 6 15 5 14 5 15 4 15 4 15 3 15 3 15 3 15 3 15 3 15 2 15 2 15 2 14 2 14 2 14 2 14 2 14 2 14 2 13 2 14 2 14 2 13 0 0 2 13 3 14 3 13 3 13 3 13 3 13 4 12 4 13 4 12 4 12 4 12 5 12 5 12 5 13 6 12 6 12 6 12 6 12 6 12 6 12 6 12 7 12 7 12 7 12 8 12 8 12 0 0 0 0 0 0 0 0 0 0]"
"1773838333976423,CSI_DATA,STATION,00:00:00:00:00:00,0,0,0,0,0,0,0,0,0,0,0,0,0,0,0,0,0,0,0,0,0,128,[84 -64 4 0 0 0 0 0 0 0 0 0 3 15 3 16 2 16 2 16 1 16 1 16 1 16 0 16 0 16 -1 16 -1 16 -1 16 -2 16 -2 16 -2 15 -2 15 -2 15 -2 14 -2 15 -2 14 -2 15 -2 14 -2 14 -2 14 -2 14 -2 14 0 0 -2 14 -2 14 -2 14 -1 13 -1 13 -1 13 -1 14 -1 13 0 13 0 13 0 13 0 13 0 14 1 14 1 13 1 13 2 14 1 14 2 13 1 13 2 13 2 14 2 14 2 14 2 14 3 14 0 0 0 0 0 0 0 0 0 0]"
"1773838333997033,CSI_DATA,STATION,00:00:00:00:00:00,0,0,0,0,0,0,0,0,0,0,0,0,0,0,0,0,0,0,0,0,0,128,[84 -64 4 0 0 0 0 0 0 0 0 0 -14 7 -14 7 -14 7 -15 6 -15 5 -15 5 -14 4 -15 4 -15 4 -15 4 -15 4 -15 4 -15 3 -15 3 -15 3 -14 3 -15 2 -14 2 -14 2 -14 2 -14 2 -14 2 -14 2 -14 2 -13 3 -13 3 0 0 -13 3 -13 3 -13 3 -13 3 -13 3 -13 3 -13 4 -12 4 -13 4 -12 4 -12 5 -12 5 -12 5 -12 5 -12 5 -12 5 -12 6 -12 6 -12 6 -12 6 -12 6 -12 7 -11 7 -11 7 -12 7 -12 7 0 0 0 0 0 0 0 0 0 0]"
"1773838334007051,CSI_DATA,STATION,00:00:00:00:00:00,0,0,0,0,0,0,0,0,0,0,0,0,0,0,0,0,0,0,0,0,0,128,[84 -64 4 0 0 0 0 0 0 0 0 0 7 -14 8 -14 9 -14 9 -13 10 -13 9 -12 10 -12 10 -12 10 -12 11 -12 10 -11 11 -11 11 -11 11 -11 10 -11 11 -10 10 -10 10 -10 10 -10 10 -10 10 -10 10 -10 10 -10 10 -10 9 -10 9 -10 0 0 9 -10 9 -10 9 -10 9 -10 8 -10 8 -10 8 -10 8 -11 7 -11 7 -11 7 -11 7 -11 6 -12 6 -11 6 -12 6 -12 6 -12 6 -12 6 -12 6 -12 6 -12 5 -13 5 -13 5 -13 5 -13 5 -13 0 0 0 0 0 0 0 0 0 0]"
"1773838334020085,CSI_DATA,STATION,00:00:00:00:00:00,0,0,0,0,0,0,0,0,0,0,0,0,0,0,0,0,0,0,0,0,0,128,[84 -64 4 0 0 0 0 0 0 0 0 0 1 15 0 15 0 16 -1 16 -1 16 -2 15 -2 15 -3 15 -3 15 -3 15 -3 15 -3 14 -4 15 -4 15 -4 14 -4 14 -4 14 -4 13 -4 14 -4 14 -4 13 -4 13 -4 13 -4 13 -4 13 -4 12 0 0 -3 12 -3 13 -3 13 -3 12 -2 12 -2 12 -2 13 -2 12 -2 12 -2 12 -1 13 -1 13 -1 13 -1 13 -1 12 -1 12 0 13 0 12 0 13 0 13 0 13 1 13 1 13 2 14 2 13 2 13 0 0 0 0 0 0 0 0 0 0]"
"1773838334024093,CSI_DATA,STATION,00:00:00:00:00:00,0,0,0,0,0,0,0,0,0,0,0,0,0,0,0,0,0,0,0,0,0,128,[84 -64 4 0 0 0 0 0 0 0 0 0 13 -9 13 -8 13 -8 14 -8 14 -7 14 -7 14 -6 14 -6 14 -6 14 -5 15 -5 14 -5 14 -5 14 -5 14 -5 14 -4 13 -4 13 -4 14 -4 13 -5 13 -4 13 -5 13 -5 13 -4 12 -5 13 -5 0 0 12 -5 12 -5 12 -5 11 -6 11 -6 11 -6 11 -6 11 -7 11 -7 10 -7 11 -7 11 -7 10 -7 11 -7 10 -8 10 -8 10 -8 10 -9 10 -9 9 -9 9 -9 10 -9 10 -10 9 -10 9 -10 9 -10 0 0 0 0 0 0 0 0 0 0]"
"1773838334042024,CSI_DATA,STATION,00:00:00:00:00:00,0,0,0,0,0,0,0,0,0,0,0,0,0,0,0,0,0,0,0,0,0,128,[84 -64 4 0 0 0 0 0 0 0 0 0 -11 13 -12 13 -12 13 -13 12 -13 12 -13 11 -13 10 -14 11 -14 10 -14 10 -14 10 -14 9 -14 10 -14 10 -14 9 -14 8 -14 8 -14 8 -14 8 -14 8 -14 8 -14 8 -13 8 -13 8 -13 8 -13 8 0 0 -13 8 -12 8 -12 9 -11 8 -12 8 -11 8 -11 9 -11 9 -11 9 -11 9 -10 10 -10 10 -10 10 -10 10 -10 10 -10 10 -9 11 -10 10 -10 11 -9 11 -9 11 -9 12 -9 11 -8 12 -8 12 -8 12 0 0 0 0 0 0 0 0 0 0]"
"1773838334052043,CSI_DATA,STATION,00:00:00:00:00:00,0,0,0,0,0,0,0,0,0,0,0,0,0,0,0,0,0,0,0,0,0,128,[84 -64 4 0 0 0 0 0 0 0 0 0 4 -16 5 -16 6 -17 6 -17 7 -16 7 -16 7 -15 8 -15 8 -15 8 -15 8 -15 8 -15 8 -15 9 -14 8 -14 9 -13 8 -13 8 -13 8 -13 8 -13 8 -13 8 -13 7 -12 8 -13 7 -13 7 -13 0 0 7 -13 7 -12 7 -13 6 -13 6 -13 6 -13 6 -13 5 -13 5 -13 5 -13 5 -13 4 -13 4 -13 4 -14 4 -13 4 -14 3 -14 3 -14 3 -14 3 -14 3 -14 3 -15 2 -14 2 -15 2 -14 2 -14 0 0 0 0 0 0 0 0 0 0]"
"1773838334055792,CSI_DATA,STATION,00:00:00:00:00:00,0,0,0,0,0,0,0,0,0,0,0,0,0,0,0,0,0,0,0,0,0,128,[84 -64 4 0 0 0 0 0 0 0 0 0 16 -2 16 -1 16 -1 16 0 16 1 16 1 16 1 15 2 16 2 15 2 15 2 15 3 15 3 15 3 15 3 14 3 14 3 14 3 14 4 14 3 13 3 13 3 13 3 13 2 13 3 13 2 0 0 13 2 13 2 13 2 13 1 13 1 13 1 13 1 12 1 13 1 12 0 13 0 13 -1 13 -1 13 -1 13 -1 13 -1 13 -1 13 -2 13 -2 13 -2 13 -2 13 -2 13 -3 13 -3 13 -3 13 -3 0 0 0 0 0 0 0 0 0 0]"
"1773838334071657,CSI_DATA,STATION,00:00:00:00:00:00,0,0,0,0,0,0,0,0,0,0,0,0,0,0,0,0,0,0,0,0,0,128,[84 -64 4 0 0 0 0 0 0 0 0 0 15 3 15 4 14 5 14 6 14 5 14 6 13 6 13 6 13 7 12 7 13 7 13 7 13 7 13 7 13 8 12 7 12 7 11 7 11 7 11 8 11 7 11 8 10 6 11 7 11 7 11 6 0 0 11 6 11 6 11 6 11 5 11 6 11 6 11 6 11 5 11 5 11 4 11 4 11 4 12 4 12 4 12 4 12 4 12 3 12 3 12 4 12 3 12 3 12 3 12 3 13 2 13 2 13 2 0 0 0 0 0 0 0 0 0 0]"
"1773838334081683,CSI_DATA,STATION,00:00:00:00:00:00,0,0,0,0,0,0,0,0,0,0,0,0,0,0,0,0,0,0,0,0,0,128,[84 -64 4 0 0 0 0 0 0 0 0 0 10 10 10 10 10 11 10 12 9 12 9 12 8 13 8 12 8 12 7 13 7 13 7 12 7 13 7 13 6 13 6 12 6 12 6 12 6 12 5 12 5 12 5 12 5 11 5 12 6 12 6 11 0 0 5 11 6 11 6 11 6 10 6 11 7 10 6 10 7 10 6 10 7 10 7 10 7 10 7 10 7 10 8 9 8 9 8 10 8 9 8 9 8 9 9 9 9 9 9 9 9 9 9 9 9 9 0 0 0 0 0 0 0 0 0 0]"
"1773838334091445,CSI_DATA,STATION,00:00:00:00:00:00,0,0,0,0,0,0,0,0,0,0,0,0,0,0,0,0,0,0,0,0,0,128,[84 -64 4 0 0 0 0 0 0 0 0 0 4 -17 5 -17 5 -17 6 -17 7 -16 7 -17 7 -16 8 -15 8 -16 8 -15 9 -15 9 -15 9 -15 9 -14 8 -14 8 -14 8 -13 8 -13 8 -14 8 -14 8 -13 8 -14 8 -13 8 -13 8 -13 8 -13 0 0 7 -13 7 -13 7 -13 6 -13 6 -13 6 -13 6 -14 5 -14 5 -13 5 -13 5 -14 5 -13 5 -14 4 -14 4 -14 4 -14 4 -14 4 -15 4 -14 3 -14 3 -14 3 -15 3 -15 2 -15 3 -15 3 -15 0 0 0 0 0 0 0 0 0 0]"
"1773838334103205,CSI_DATA,STATION,00:00:00:00:00:00,0,0,0,0,0,0,0,0,0,0,0,0,0,0,0,0,0,0,0,0,0,128,[84 -64 4 0 0 0 0 0 0 0 0 0 9 -14 9 -14 10 -13 11 -13 10 -13 11 -12 11 -11 11 -11 12 -11 11 -11 12 -11 12 -10 12 -10 12 -10 12 -10 12 -9 12 -9 12 -9 12 -9 11 -8 12 -8 11 -9 11 -8 11 -9 11 -9 11 -9 0 0 11 -8 10 -9 10 -9 10 -9 10 -9 10 -9 10 -9 10 -9 9 -9 9 -10 9 -10 9 -10 8 -10 9 -10 8 -10 8 -10 8 -10 8 -11 8 -11 8 -11 8 -11 8 -11 8 -12 8 -12 7 -12 7 -12 0 0 0 0 0 0 0 0 0 0]"
"1773838334115230,CSI_DATA,STATION,00:00:00:00:00:00,0,0,0,0,0,0,0,0,0,0,0,0,0,0,0,0,0,0,0,0,0,128,[84 -64 4 0 0 0 0 0 0 0 0 0 -16 -7 -16 -8 -16 -8 -16 -9 -15 -9 -15 -9 -15 -9 -15 -10 -14 -9 -14 -10 -14 -10 -14 -10 -14 -11 -13 -10 -13 -11 -13 -10 -13 -10 -12 -10 -13 -10 -12 -10 -12 -10 -12 -10 -12 -9 -12 -9 -12 -10 -12 -9 0 0 -13 -8 -12 -9 -12 -8 -12 -8 -12 -8 -12 -8 -13 -7 -13 -8 -13 -7 -12 -6 -13 -6 -13 -6 -13 -6 -13 -6 -13 -5 -13 -5 -13 -5 -13 -5 -14 -4 -14 -4 -14 -4 -14 -5 -14 -4 -15 -4 -14 -4 -14 -3 0 0 0 0 0 0 0 0 0 0]"
"1773838334119241,CSI_DATA,STATION,00:00:00:00:00:00,0,0,0,0,0,0,0,0,0,0,0,0,0,0,0,0,0,0,0,0,0,128,[84 -64 4 0 0 0 0 0 0 0 0 0 4 -17 5 -17 5 -17 6 -17 6 -17 6 -16 7 -16 8 -16 8 -15 7 -16 8 -16 8 -15 8 -15 8 -15 8 -15 8 -14 8 -14 7 -13 8 -14 8 -14 8 -14 8 -14 7 -13 7 -13 7 -13 7 -13 0 0 6 -13 6 -13 6 -14 5 -13 5 -13 5 -14 5 -13 5 -14 4 -13 4 -13 3 -13 3 -14 3 -14 3 -14 3 -14 3 -14 2 -14 2 -14 2 -14 2 -14 2 -14 1 -15 1 -14 0 -15 0 -15 0 -15 0 0 0 0 0 0 0 0 0 0]"
"1773838334135286,CSI_DATA,STATION,00:00:00:00:00:00,0,0,0,0,0,0,0,0,0,0,0,0,0,0,0,0,0,0,0,0,0,128,[84 -64 4 0 0 0 0 0 0 0 0 0 -4 20 -5 21 -6 21 -6 21 -7 20 -7 20 -8 19 -8 19 -9 19 -9 19 -9 19 -9 19 -9 18 -10 18 -9 18 -10 17 -10 17 -10 16 -9 17 -10 17 -10 16 -9 16 -9 15 -9 16 -8 16 -9 16 0 0 -8 16 -8 16 -8 16 -8 15 -7 16 -7 16 -7 16 -6 16 -6 16 -6 16 -5 16 -5 16 -5 17 -5 17 -4 17 -4 17 -3 17 -4 17 -3 17 -3 16 -3 17 -3 18 -2 17 -2 18 -1 17 -2 17 0 0 0 0 0 0 0 0 0 0]"
"1773838334135286,CSI_DATA,STATION,00:00:00:00:00:00,0,0,0,0,0,0,0,0,0,0,0,0,0,0,0,0,0,0,0,0,0,128,[84 -64 4 0 0 0 0 0 0 0 0 0 11 10 11 11 10 12 10 12 10 12 9 12 9 12 9 12 8 13 8 13 8 13 7 13 7 13 7 13 7 13 7 13 6 12 6 12 6 12 6 12 6 12 6 12 6 12 6 12 6 12 6 11 0 0 6 11 7 11 7 11 7 10 6 10 7 10 7 10 7 10 7 10 8 9 8 9 8 9 8 10 8 9 8 9 8 8 9 9 9 8 9 9 9 8 9 8 9 9 9 8 10 8 10 8 10 8 0 0 0 0 0 0 0 0 0 0]"
"1773838334151272,CSI_DATA,STATION,00:00:00:00:00:00,0,0,0,0,0,0,0,0,0,0,0,0,0,0,0,0,0,0,0,0,0,128,[84 -64 4 0 0 0 0 0 0 0 0 0 -6 16 -6 16 -7 16 -8 16 -8 16 -8 15 -9 14 -9 14 -9 14 -10 15 -10 13 -10 13 -10 13 -10 13 -11 13 -11 13 -10 12 -10 12 -10 12 -10 12 -10 12 -10 12 -10 11 -9 12 -9 11 -9 11 0 0 -9 11 -9 12 -8 12 -9 11 -8 12 -8 12 -8 12 -8 12 -7 11 -7 12 -7 12 -7 12 -6 12 -6 12 -6 12 -6 12 -6 13 -6 13 -6 13 -6 13 -5 13 -6 14 -5 14 -5 14 -5 14 -4 13 0 0 0 0 0 0 0 0 0 0]"
"1773838334151272,CSI_DATA,STATION,00:00:00:00:00:00,0,0,0,0,0,0,0,0,0,0,0,0,0,0,0,0,0,0,0,0,0,128,[84 -64 4 0 0 0 0 0 0 0 0 0 1 -17 1 -18 2 -18 3 -18 3 -18 4 -17 4 -17 5 -16 5 -17 5 -16 5 -17 6 -16 5 -16 5 -16 6 -16 6 -15 6 -15 6 -14 6 -15 6 -15 6 -14 6 -15 6 -14 6 -15 5 -14 6 -14 0 0 5 -14 5 -14 5 -15 5 -14 5 -14 5 -14 4 -14 4 -14 4 -14 3 -14 3 -14 3 -14 3 -14 3 -14 3 -14 2 -14 2 -15 2 -15 3 -15 2 -15 2 -15 2 -15 1 -15 1 -15 1 -15 1 -15 0 0 0 0 0 0 0 0 0 0]"
"1773838334167331,CSI_DATA,STATION,00:00:00:00:00:00,0,0,0,0,0,0,0,0,0,0,0,0,0,0,0,0,0,0,0,0,0,128,[84 -64 4 0 0 0 0 0 0 0 0 0 16 13 16 13 15 14 15 15 15 14 15 15 14 15 13 15 13 16 12 16 13 16 12 16 12 17 11 17 12 17 11 16 11 16 10 16 10 16 10 16 10 16 10 15 10 15 10 15 10 15 10 15 0 0 11 14 10 14 11 14 11 13 11 13 11 13 11 13 11 13 12 12 12 12 12 12 12 12 13 12 13 12 13 11 13 11 13 11 14 10 14 11 14 10 14 10 14 10 15 10 15 10 15 9 15 10 0 0 0 0 0 0 0 0 0 0]"
"1773838334182966,CSI_DATA,STATION,00:00:00:00:00:00,0,0,0,0,0,0,0,0,0,0,0,0,0,0,0,0,0,0,0,0,0,128,[84 -64 4 0 0 0 0 0 0 0 0 0 5 -16 6 -16 6 -16 7 -17 7 -16 8 -16 8 -15 8 -15 9 -15 9 -14 9 -15 10 -14 9 -14 9 -14 10 -14 9 -13 9 -12 9 -12 9 -13 9 -13 9 -12 9 -13 9 -12 9 -12 9 -13 9 -12 0 0 8 -12 8 -12 8 -13 8 -12 7 -13 7 -12 7 -12 7 -13 7 -13 6 -13 6 -13 5 -13 6 -13 5 -14 6 -13 5 -14 5 -14 5 -14 5 -14 5 -14 5 -14 4 -15 4 -14 4 -15 4 -14 4 -15 0 0 0 0 0 0 0 0 0 0]"
"1773838334182966,CSI_DATA,STATION,00:00:00:00:00:00,0,0,0,0,0,0,0,0,0,0,0,0,0,0,0,0,0,0,0,0,0,128,[84 -64 4 0 0 0 0 0 0 0 0 0 -18 -13 -17 -13 -17 -15 -17 -15 -16 -15 -15 -15 -15 -16 -14 -16 -15 -16 -14 -17 -13 -16 -13 -17 -13 -17 -13 -17 -12 -17 -12 -16 -12 -16 -11 -16 -12 -17 -11 -16 -11 -16 -11 -16 -11 -15 -11 -16 -11 -15 -12 -15 0 0 -12 -14 -11 -15 -12 -14 -12 -14 -12 -13 -12 -14 -12 -13 -13 -13 -13 -13 -13 -13 -14 -12 -14 -12 -14 -12 -14 -12 -14 -12 -14 -11 -15 -12 -15 -11 -15 -11 -15 -11 -15 -11 -16 -11 -16 -11 -16 -11 -17 -10 -17 -10 0 0 0 0 0 0 0 0 0 0]"
"1773838334207077,CSI_DATA,STATION,00:00:00:00:00:00,0,0,0,0,0,0,0,0,0,0,0,0,0,0,0,0,0,0,0,0,0,128,[84 -64 4 0 0 0 0 0 0 0 0 0 8 -15 9 -15 9 -15 10 -14 10 -14 10 -14 10 -13 11 -13 11 -12 11 -12 11 -12 12 -12 11 -12 11 -11 11 -12 11 -11 11 -10 11 -10 11 -11 11 -11 11 -10 11 -11 11 -10 10 -10 10 -10 10 -11 0 0 10 -10 10 -11 9 -11 9 -11 9 -11 9 -11 8 -11 8 -11 8 -11 8 -11 8 -12 8 -12 7 -12 7 -13 7 -12 7 -12 7 -13 7 -13 7 -13 6 -13 6 -13 6 -14 6 -14 6 -14 6 -14 6 -14 0 0 0 0 0 0 0 0 0 0]"
"1773838334218346,CSI_DATA,STATION,00:00:00:00:00:00,0,0,0,0,0,0,0,0,0,0,0,0,0,0,0,0,0,0,0,0,0,128,[84 -64 4 0 0 0 0 0 0 0 0 0 -9 -13 -8 -13 -8 -14 -8 -14 -7 -15 -7 -14 -7 -14 -7 -14 -6 -14 -6 -15 -6 -14 -5 -14 -5 -15 -5 -14 -5 -14 -5 -14 -4 -13 -4 -14 -4 -14 -4 -14 -4 -14 -4 -14 -5 -13 -4 -13 -5 -13 -5 -12 0 0 -5 -12 -5 -12 -5 -12 -5 -12 -5 -13 -6 -12 -6 -12 -6 -12 -6 -12 -6 -11 -7 -11 -7 -11 -7 -11 -7 -11 -7 -11 -7 -11 -8 -11 -8 -11 -8 -11 -9 -10 -9 -11 -9 -10 -9 -11 -9 -10 -9 -10 -9 -10 0 0 0 0 0 0 0 0 0 0]"
"1773838334226360,CSI_DATA,STATION,00:00:00:00:00:00,0,0,0,0,0,0,0,0,0,0,0,0,0,0,0,0,0,0,0,0,0,128,[84 -64 4 0 0 0 0 0 0 0 0 0 14 0 15 1 14 1 15 1 14 2 14 2 14 2 14 3 14 3 13 3 13 4 13 4 13 4 13 4 13 4 13 4 13 4 12 4 12 4 12 4 12 4 12 4 12 4 12 4 12 4 12 4 0 0 11 3 11 3 12 3 11 3 12 3 11 2 11 2 11 2 12 2 12 2 12 2 11 2 12 2 12 1 12 1 12 1 12 0 12 0 13 0 12 0 12 0 12 -1 12 -1 13 -1 12 -1 13 -1 0 0 0 0 0 0 0 0 0 0]"
"1773838334232372,CSI_DATA,STATION,00:00:00:00:00:00,0,0,0,0,0,0,0,0,0,0,0,0,0,0,0,0,0,0,0,0,0,128,[84 -64 4 0 0 0 0 0 0 0 0 0 -10 11 -11 11 -11 11 -12 10 -12 10 -12 10 -12 9 -12 9 -12 8 -12 8 -12 8 -13 8 -13 8 -12 8 -13 8 -13 7 -12 6 -12 6 -12 7 -12 7 -12 6 -12 7 -12 6 -12 6 -12 7 -11 6 0 0 -11 6 -10 7 -11 7 -10 7 -10 7 -10 7 -10 8 -10 7 -10 8 -9 7 -9 8 -9 8 -9 9 -9 9 -9 9 -9 9 -9 9 -9 9 -9 9 -8 9 -9 9 -8 10 -8 10 -8 10 -8 10 -8 10 0 0 0 0 0 0 0 0 0 0]"
"1773838334246128,CSI_DATA,STATION,00:00:00:00:00:00,0,0,0,0,0,0,0,0,0,0,0,0,0,0,0,0,0,0,0,0,0,128,[84 -64 4 0 0 0 0 0 0 0 0 0 11 -12 12 -12 12 -12 12 -11 12 -11 13 -10 13 -10 14 -9 14 -9 13 -10 13 -9 13 -9 13 -9 13 -9 13 -8 13 -8 13 -7 12 -7 13 -8 13 -8 13 -8 13 -7 12 -7 12 -7 12 -8 11 -8 0 0 12 -8 11 -8 11 -8 11 -8 11 -8 11 -9 10 -9 10 -9 10 -9 9 -9 9 -9 9 -10 9 -10 10 -10 9 -10 9 -10 9 -11 9 -11 9 -11 9 -11 9 -11 9 -12 8 -12 8 -12 8 -12 8 -12 0 0 0 0 0 0 0 0 0 0]"
"1773838334261871,CSI_DATA,STATION,00:00:00:00:00:00,0,0,0,0,0,0,0,0,0,0,0,0,0,0,0,0,0,0,0,0,0,128,[84 -64 4 0 0 0 0 0 0 0 0 0 -1 16 -2 16 -3 16 -3 16 -3 16 -4 15 -4 15 -5 15 -5 15 -5 15 -5 15 -6 15 -6 15 -6 15 -6 15 -6 14 -6 13 -6 13 -6 14 -6 13 -6 13 -6 13 -6 12 -6 13 -6 13 -6 13 0 0 -6 13 -5 13 -5 13 -5 12 -5 13 -4 13 -4 13 -4 13 -4 12 -3 12 -3 13 -3 13 -3 13 -2 13 -3 13 -2 13 -2 13 -2 13 -2 13 -2 13 -2 13 -1 14 -1 14 -1 14 -1 14 -1 14 0 0 0 0 0 0 0 0 0 0]"
"1773838334275899,CSI_DATA,STATION,00:00:00:00:00:00,0,0,0,0,0,0,0,0,0,0,0,0,0,0,0,0,0,0,0,0,0,128,[84 -64 4 0 0 0 0 0 0 0 0 0 -17 -19 -17 -21 -16 -21 -16 -23 -15 -23 -14 -23 -13 -23 -13 -23 -12 -23 -12 -24 -11 -24 -11 -24 -11 -24 -10 -24 -10 -24 -9 -22 -10 -23 -8 -22 -9 -23 -9 -23 -8 -23 -9 -23 -9 -21 -9 -21 -9 -21 -9 -21 0 0 -9 -20 -9 -21 -10 -20 -9 -19 -10 -20 -10 -19 -10 -20 -11 -19 -11 -19 -11 -18 -12 -18 -12 -18 -12 -18 -12 -19 -12 -17 -13 -18 -13 -18 -13 -18 -14 -17 -14 -18 -14 -18 -14 -18 -15 -17 -16 -17 -15 -17 -16 -17 0 0 0 0 0 0 0 0 0 0]"
"1773838334284748,CSI_DATA,STATION,00:00:00:00:00:00,0,0,0,0,0,0,0,0,0,0,0,0,0,0,0,0,0,0,0,0,0,128,[84 -64 4 0 0 0 0 0 0 0 0 0 7 15 6 16 6 17 5 17 5 17 4 16 5 17 4 16 4 17 3 17 3 17 3 17 2 17 2 17 2 17 2 16 2 16 2 15 2 16 2 16 1 16 2 16 2 14 2 15 2 15 2 15 0 0 3 14 3 15 3 15 3 14 3 14 4 14 4 14 4 14 4 14 4 13 5 13 5 13 6 14 6 14 6 13 6 13 7 13 7 13 7 13 7 13 8 13 7 14 8 13 8 13 8 13 8 13 0 0 0 0 0 0 0 0 0 0]"
"1773838334295770,CSI_DATA,STATION,00:00:00:00:00:00,0,0,0,0,0,0,0,0,0,0,0,0,0,0,0,0,0,0,0,0,0,128,[84 -64 4 0 0 0 0 0 0 0 0 0 17 9 17 10 16 11 16 11 15 12 15 12 15 12 15 13 14 13 14 13 14 13 14 13 13 14 13 14 13 14 12 14 12 14 12 13 12 14 12 13 11 13 12 13 12 12 12 13 12 12 12 12 0 0 12 12 11 12 12 12 12 11 12 11 12 11 12 11 13 11 13 10 13 10 13 9 13 10 14 10 14 10 14 9 14 9 14 9 15 8 15 9 15 8 15 8 15 9 15 8 16 7 16 7 16 8 0 0 0 0 0 0 0 0 0 0]"
"1773838334303785,CSI_DATA,STATION,00:00:00:00:00:00,0,0,0,0,0,0,0,0,0,0,0,0,0,0,0,0,0,0,0,0,0,128,[84 -64 4 0 0 0 0 0 0 0 0 0 3 13 2 15 2 14 1 15 1 14 0 14 0 14 0 14 -1 14 -1 14 -1 14 -1 14 -1 15 -2 14 -2 14 -2 14 -3 13 -2 13 -2 13 -3 13 -2 13 -2 13 -2 12 -2 13 -2 13 -2 12 0 0 -2 12 -2 12 -1 12 -2 11 -1 12 -1 12 -1 12 -1 12 -1 12 0 12 0 12 0 12 0 12 0 13 0 12 0 12 1 12 1 12 1 12 1 12 1 12 1 13 2 12 2 13 2 12 2 13 0 0 0 0 0 0 0 0 0 0]"
"1773838334315549,CSI_DATA,STATION,00:00:00:00:00:00,0,0,0,0,0,0,0,0,0,0,0,0,0,0,0,0,0,0,0,0,0,128,[84 -64 4 0 0 0 0 0 0 0 0 0 0 -17 1 -17 2 -17 3 -17 3 -18 3 -17 4 -16 4 -16 4 -17 4 -17 5 -16 5 -16 5 -16 5 -16 5 -16 5 -15 5 -15 5 -15 5 -15 5 -15 5 -15 5 -15 5 -14 5 -14 5 -15 4 -14 0 0 4 -14 4 -14 4 -14 3 -14 3 -14 3 -14 3 -14 2 -14 2 -14 2 -15 1 -14 1 -14 1 -15 1 -15 0 -15 0 -14 1 -15 0 -15 0 -15 -1 -15 -1 -15 -1 -16 -1 -15 -2 -16 -2 -15 -2 -15 0 0 0 0 0 0 0 0 0 0]"
"1773838334324567,CSI_DATA,STATION,00:00:00:00:00:00,0,0,0,0,0,0,0,0,0,0,0,0,0,0,0,0,0,0,0,0,0,128,[84 -64 4 0 0 0 0 0 0 0 0 0 15 1 15 2 15 2 15 3 14 3 15 3 14 3 14 4 14 4 14 5 14 6 14 5 14 6 13 6 13 5 13 5 13 5 12 5 13 5 12 5 12 5 12 5 12 5 12 5 12 5 12 5 0 0 12 4 12 4 12 4 12 3 12 4 12 3 12 3 12 3 12 3 12 2 12 2 12 2 12 2 12 2 12 1 13 1 13 1 13 0 13 0 13 0 13 0 13 -1 13 0 13 0 13 0 13 -1 0 0 0 0 0 0 0 0 0 0]"
"1773838334335588,CSI_DATA,STATION,00:00:00:00:00:00,0,0,0,0,0,0,0,0,0,0,0,0,0,0,0,0,0,0,0,0,0,128,[84 -64 4 0 0 0 0 0 0 0 0 0 -8 13 -8 13 -9 13 -10 13 -10 12 -10 12 -10 12 -11 12 -11 11 -10 11 -11 11 -11 11 -10 11 -11 11 -11 11 -11 10 -11 10 -10 9 -11 10 -11 10 -11 9 -10 9 -10 9 -10 10 -10 10 -10 10 0 0 -9 9 -9 10 -9 10 -9 10 -9 10 -9 10 -8 10 -8 10 -8 10 -7 10 -7 11 -7 11 -7 11 -7 12 -7 11 -7 11 -6 11 -6 12 -6 12 -6 11 -6 12 -6 12 -5 12 -5 13 -5 12 -5 12 0 0 0 0 0 0 0 0 0 0]"
"1773838334347847,CSI_DATA,STATION,00:00:00:00:00:00,0,0,0,0,0,0,0,0,0,0,0,0,0,0,0,0,0,0,0,0,0,128,[84 -64 4 0 0 0 0 0 0 0 0 0 3 16 3 17 2 17 1 18 1 17 1 17 0 17 0 17 0 17 -1 17 -1 17 -2 17 -2 17 -2 17 -2 16 -2 16 -2 15 -2 15 -2 16 -2 15 -2 15 -2 15 -2 14 -2 15 -2 15 -2 15 0 0 -2 14 -1 15 -1 15 -1 13 -1 14 -1 14 0 14 0 14 0 14 0 14 1 14 1 14 1 14 2 14 1 13 1 14 2 14 2 14 2 14 3 14 3 14 3 15 3 14 3 15 3 14 3 14 0 0 0 0 0 0 0 0 0 0]"
"1773838334357466,CSI_DATA,STATION,00:00:00:00:00:00,0,0,0,0,0,0,0,0,0,0,0,0,0,0,0,0,0,0,0,0,0,128,[84 -64 4 0 0 0 0 0 0 0 0 0 0 17 -1 17 -1 17 -2 18 -2 17 -2 17 -3 16 -4 16 -4 16 -4 17 -4 16 -4 16 -4 17 -4 16 -5 16 -5 15 -5 15 -4 14 -5 15 -5 15 -5 15 -5 14 -5 14 -4 14 -4 15 -4 14 0 0 -4 14 -4 14 -4 14 -3 14 -3 14 -3 14 -3 14 -3 14 -2 14 -2 14 -1 14 -1 14 0 14 -1 15 -1 14 0 14 0 15 0 13 0 14 0 14 1 14 0 15 1 15 2 15 2 14 2 14 0 0 0 0 0 0 0 0 0 0]"
"1773838334370375,CSI_DATA,STATION,00:00:00:00:00:00,0,0,0,0,0,0,0,0,0,0,0,0,0,0,0,0,0,0,0,0,0,128,[84 -64 4 0 0 0 0 0 0 0 0 0 11 24 11 24 10 25 9 26 8 26 8 25 7 26 7 25 6 25 5 26 5 26 5 25 4 26 5 26 3 25 4 24 3 24 2 23 3 24 3 24 2 24 3 23 4 22 3 23 3 22 4 22 0 0 4 21 4 22 5 21 5 20 5 21 5 21 6 21 6 20 6 20 7 19 8 19 8 20 8 20 9 20 9 20 9 19 10 19 10 19 11 19 10 18 10 18 11 19 11 19 12 19 12 18 12 17 0 0 0 0 0 0 0 0 0 0]"
"1773838334377415,CSI_DATA,STATION,00:00:00:00:00:00,0,0,0,0,0,0,0,0,0,0,0,0,0,0,0,0,0,0,0,0,0,128,[84 -64 4 0 0 0 0 0 0 0 0 0 1 16 1 16 0 16 0 17 -1 16 -1 16 -1 16 -1 16 -2 16 -2 16 -3 15 -3 15 -3 16 -3 15 -3 15 -4 14 -4 15 -4 14 -4 15 -4 14 -4 14 -3 14 -3 13 -4 13 -4 13 -3 13 0 0 -3 13 -3 13 -2 14 -2 12 -2 13 -2 13 -2 13 -2 13 -1 12 -1 13 -1 13 -1 13 -1 13 0 13 0 12 0 13 0 13 0 13 0 13 1 13 1 13 1 13 1 13 1 14 1 13 2 13 0 0 0 0 0 0 0 0 0 0]"
"1773838334389149,CSI_DATA,STATION,00:00:00:00:00:00,0,0,0,0,0,0,0,0,0,0,0,0,0,0,0,0,0,0,0,0,0,128,[84 -64 4 0 0 0 0 0 0 0 0 0 6 -15 6 -14 6 -14 7 -15 7 -14 7 -14 8 -13 8 -13 8 -13 8 -13 9 -12 9 -12 9 -12 9 -12 9 -12 9 -11 9 -11 9 -10 9 -11 9 -11 9 -11 9 -11 8 -10 8 -10 8 -11 8 -10 0 0 8 -10 7 -10 8 -11 7 -11 7 -11 7 -11 7 -11 7 -11 7 -11 6 -11 6 -11 6 -11 6 -11 6 -12 6 -11 6 -12 5 -12 6 -12 5 -12 5 -12 5 -12 5 -13 4 -13 4 -13 5 -13 4 -12 0 0 0 0 0 0 0 0 0 0]"
"1773838334389149,CSI_DATA,STATION,00:00:00:00:00:00,0,0,0,0,0,0,0,0,0,0,0,0,0,0,0,0,0,0,0,0,0,128,[84 -64 4 0 0 0 0 0 0 0 0 0 6 -18 7 -18 7 -18 8 -18 8 -18 9 -17 9 -16 10 -16 10 -16 10 -16 10 -16 11 -15 10 -15 10 -15 10 -15 10 -14 10 -13 10 -13 10 -14 10 -13 10 -13 10 -14 10 -13 10 -13 9 -14 9 -13 0 0 9 -13 9 -13 9 -14 8 -13 8 -14 8 -14 7 -14 7 -14 8 -14 7 -14 6 -14 6 -14 6 -15 6 -15 6 -15 6 -15 5 -15 6 -15 6 -15 6 -15 5 -16 4 -16 5 -16 4 -16 4 -16 4 -16 0 0 0 0 0 0 0 0 0 0]"
"1773838334413012,CSI_DATA,STATION,00:00:00:00:00:00,0,0,0,0,0,0,0,0,0,0,0,0,0,0,0,0,0,0,0,0,0,128,[84 -64 4 0 0 0 0 0 0 0 0 0 11 9 11 10 10 11 10 11 10 11 10 11 9 12 8 12 8 12 8 12 8 12 8 12 7 12 7 12 7 12 7 12 6 12 6 12 7 12 6 12 6 12 6 11 6 11 6 11 6 11 6 10 0 0 6 10 7 10 6 11 6 10 7 10 7 10 7 10 7 10 7 9 7 9 7 9 8 9 8 9 8 9 8 8 8 9 8 9 9 8 9 8 9 8 9 9 9 8 9 8 9 8 9 8 10 8 0 0 0 0 0 0 0 0 0 0]"
"1773838334424536,CSI_DATA,STATION,00:00:00:00:00:00,0,0,0,0,0,0,0,0,0,0,0,0,0,0,0,0,0,0,0,0,0,128,[84 -64 4 0 0 0 0 0 0 0 0 0 11 10 12 11 11 11 10 12 10 12 9 12 9 12 9 12 8 12 8 13 8 13 7 13 8 13 8 13 7 13 6 13 6 12 6 12 6 13 6 12 6 12 6 12 6 11 6 12 6 12 6 11 0 0 6 11 7 11 7 11 7 10 6 11 7 10 7 11 7 10 7 10 7 9 8 10 8 9 8 10 9 10 8 9 9 9 8 9 9 9 9 9 9 8 9 8 9 9 9 9 10 8 10 8 10 8 0 0 0 0 0 0 0 0 0 0]"
"1773838334434552,CSI_DATA,STATION,00:00:00:00:00:00,0,0,0,0,0,0,0,0,0,0,0,0,0,0,0,0,0,0,0,0,0,128,[84 -64 4 0 0 0 0 0 0 0 0 0 15 -6 15 -5 16 -5 15 -4 16 -4 16 -3 15 -3 16 -3 16 -2 16 -2 16 -1 16 -1 16 -1 15 -1 15 -1 15 -1 15 0 14 0 14 0 14 0 14 0 14 -1 14 0 13 0 14 0 13 -1 0 0 13 -1 13 -1 13 -1 13 -1 13 -1 13 -2 13 -2 13 -2 13 -2 13 -2 13 -3 12 -3 12 -3 13 -3 13 -3 13 -3 13 -3 13 -4 13 -4 13 -4 13 -4 13 -5 13 -5 13 -5 13 -5 13 -5 0 0 0 0 0 0 0 0 0 0]"
"1773838334444972,CSI_DATA,STATION,00:00:00:00:00:00,0,0,0,0,0,0,0,0,0,0,0,0,0,0,0,0,0,0,0,0,0,128,[84 -64 4 0 0 0 0 0 0 0 0 0 -3 18 -4 18 -5 18 -5 18 -6 18 -6 17 -7 17 -7 16 -8 16 -8 17 -8 16 -8 16 -8 16 -8 16 -8 15 -8 15 -8 14 -8 14 -8 14 -8 14 -8 14 -8 14 -8 14 -8 14 -8 14 -7 14 0 0 -7 14 -7 14 -6 14 -6 14 -6 14 -6 14 -6 14 -5 14 -5 13 -4 14 -4 14 -4 14 -4 14 -3 14 -3 14 -3 15 -3 15 -3 14 -3 15 -2 14 -2 14 -2 15 -2 15 -1 15 -1 15 -1 15 0 0 0 0 0 0 0 0 0 0]"
"1773838334451985,CSI_DATA,STATION,00:00:00:00:00:00,0,0,0,0,0,0,0,0,0,0,0,0,0,0,0,0,0,0,0,0,0,128,[84 -64 4 0 0 0 0 0 0 0 0 0 -13 11 -14 11 -14 10 -15 10 -15 10 -15 9 -15 9 -15 8 -15 8 -15 8 -15 7 -15 7 -15 7 -16 7 -15 7 -15 6 -15 6 -15 6 -15 6 -14 6 -14 6 -14 6 -13 6 -14 6 -14 6 -14 6 0 0 -13 6 -13 6 -13 7 -12 7 -13 7 -12 7 -12 7 -12 7 -12 7 -12 7 -11 8 -11 9 -11 8 -11 8 -11 9 -11 9 -10 9 -11 9 -10 9 -10 9 -10 9 -10 10 -10 10 -10 10 -10 11 -10 11 0 0 0 0 0 0 0 0 0 0]"
"1773838334451985,CSI_DATA,STATION,00:00:00:00:00:00,0,0,0,0,0,0,0,0,0,0,0,0,0,0,0,0,0,0,0,0,0,128,[84 -64 4 0 0 0 0 0 0 0 0 0 -6 -19 -5 -20 -4 -20 -4 -20 -3 -20 -3 -20 -2 -19 -2 -19 -1 -19 -1 -19 -1 -19 -1 -19 0 -20 0 -20 0 -19 0 -18 0 -18 0 -18 0 -18 1 -18 1 -18 0 -18 0 -17 0 -17 0 -17 -1 -17 0 0 -1 -16 -1 -16 -1 -17 -1 -15 -2 -16 -1 -16 -2 -16 -2 -16 -2 -16 -3 -15 -3 -15 -4 -16 -4 -16 -4 -16 -4 -15 -4 -16 -4 -16 -5 -16 -5 -15 -5 -15 -6 -15 -6 -16 -6 -16 -7 -16 -6 -15 -7 -15 0 0 0 0 0 0 0 0 0 0]"
"1773838334471676,CSI_DATA,STATION,00:00:00:00:00:00,0,0,0,0,0,0,0,0,0,0,0,0,0,0,0,0,0,0,0,0,0,128,[84 -64 4 0 0 0 0 0 0 0 0 0 16 10 16 10 15 11 14 12 14 12 14 12 14 13 14 13 13 13 13 14 12 13 12 13 12 14 12 14 11 13 11 13 11 13 11 13 11 13 11 13 10 13 10 13 10 12 10 12 10 12 11 12 0 0 10 11 11 12 10 11 11 10 11 10 11 10 11 10 11 10 11 9 11 9 12 9 12 9 12 9 12 8 13 8 12 8 13 8 13 7 13 7 13 7 14 7 14 7 14 7 14 6 14 6 14 6 0 0 0 0 0 0 0 0 0 0]"
"1773838334483507,CSI_DATA,STATION,00:00:00:00:00:00,0,0,0,0,0,0,0,0,0,0,0,0,0,0,0,0,0,0,0,0,0,128,[84 -64 4 0 0 0 0 0 0 0 0 0 -9 -15 -9 -15 -9 -17 -8 -16 -8 -17 -7 -16 -7 -17 -7 -17 -6 -17 -7 -17 -6 -17 -6 -16 -5 -17 -5 -17 -5 -17 -5 -16 -4 -16 -5 -16 -4 -16 -4 -16 -4 -16 -4 -16 -4 -15 -4 -15 -5 -15 -5 -15 0 0 -5 -14 -5 -14 -6 -14 -6 -14 -6 -14 -6 -14 -6 -14 -6 -14 -6 -13 -7 -13 -7 -13 -7 -13 -7 -13 -7 -13 -8 -12 -8 -13 -8 -13 -9 -13 -8 -12 -9 -12 -9 -12 -9 -12 -10 -12 -10 -12 -10 -12 -10 -12 0 0 0 0 0 0 0 0 0 0]"
"1773838334499248,CSI_DATA,STATION,00:00:00:00:00:00,0,0,0,0,0,0,0,0,0,0,0,0,0,0,0,0,0,0,0,0,0,128,[84 -64 4 0 0 0 0 0 0 0 0 0 5 -15 5 -15 5 -15 6 -16 7 -15 7 -15 7 -14 8 -14 8 -14 8 -14 8 -13 9 -13 9 -13 8 -13 8 -13 8 -12 8 -12 8 -12 8 -12 8 -12 8 -12 8 -12 7 -11 8 -12 7 -12 8 -12 0 0 7 -12 7 -12 6 -12 6 -12 6 -12 6 -12 6 -12 6 -12 6 -12 4 -12 4 -12 4 -12 4 -13 4 -13 4 -13 4 -13 3 -13 3 -13 3 -13 3 -13 3 -13 2 -14 2 -14 2 -14 2 -13 2 -14 0 0 0 0 0 0 0 0 0 0]"
"1773838334499248,CSI_DATA,STATION,00:00:00:00:00:00,0,0,0,0,0,0,0,0,0,0,0,0,0,0,0,0,0,0,0,0,0,128,[84 -64 4 0 0 0 0 0 0 0 0 0 11 10 11 11 11 11 10 12 10 12 9 11 9 12 9 12 9 12 8 12 8 12 8 13 7 12 7 13 7 12 7 12 7 12 6 12 7 12 6 12 6 12 6 12 6 11 6 11 7 11 7 11 0 0 7 11 7 11 7 10 7 10 7 10 7 10 7 10 7 10 8 9 7 9 8 9 8 9 8 9 8 9 9 9 9 8 9 9 9 8 9 8 9 8 10 8 10 9 10 8 10 8 10 8 10 8 0 0 0 0 0 0 0 0 0 0]"
"1773838334516538,CSI_DATA,STATION,00:00:00:00:00:00,0,0,0,0,0,0,0,0,0,0,0,0,0,0,0,0,0,0,0,0,0,128,[84 -64 4 0 0 0 0 0 0 0 0 0 -11 -12 -11 -13 -10 -13 -10 -13 -10 -13 -9 -13 -9 -14 -9 -14 -8 -14 -8 -14 -8 -14 -8 -14 -8 -14 -7 -14 -7 -14 -7 -13 -7 -13 -6 -13 -7 -14 -7 -13 -6 -14 -7 -14 -6 -12 -7 -13 -7 -13 -7 -13 0 0 -7 -12 -7 -12 -7 -12 -8 -11 -8 -12 -8 -12 -8 -12 -8 -11 -8 -11 -8 -10 -9 -10 -9 -10 -9 -11 -9 -10 -9 -10 -9 -10 -9 -10 -10 -10 -10 -10 -10 -9 -10 -9 -11 -9 -10 -9 -11 -9 -11 -9 -11 -9 0 0 0 0 0 0 0 0 0 0]"
"1773838334530897,CSI_DATA,STATION,00:00:00:00:00:00,0,0,0,0,0,0,0,0,0,0,0,0,0,0,0,0,0,0,0,0,0,128,[84 -64 4 0 0 0 0 0 0 0 0 0 15 -8 15 -8 16 -7 16 -6 16 -6 16 -6 16 -6 16 -5 16 -5 16 -5 16 -4 16 -4 16 -4 16 -4 16 -4 15 -3 16 -3 15 -3 15 -3 15 -3 15 -3 15 -3 14 -3 15 -3 14 -3 14 -4 0 0 14 -4 14 -4 14 -4 13 -4 13 -5 13 -5 13 -5 13 -5 13 -5 13 -6 13 -6 12 -6 13 -6 13 -7 12 -6 12 -7 13 -7 13 -7 13 -8 12 -8 13 -8 12 -8 12 -8 12 -9 12 -9 12 -9 0 0 0 0 0 0 0 0 0 0]"
"1773838334530897,CSI_DATA,STATION,00:00:00:00:00:00,0,0,0,0,0,0,0,0,0,0,0,0,0,0,0,0,0,0,0,0,0,128,[84 -64 4 0 0 0 0 0 0 0 0 0 -11 -11 -11 -11 -11 -12 -10 -13 -10 -13 -9 -12 -9 -13 -9 -13 -9 -13 -8 -13 -8 -14 -7 -13 -8 -14 -7 -14 -7 -13 -7 -13 -7 -13 -6 -13 -6 -13 -7 -13 -7 -13 -7 -13 -6 -12 -6 -13 -6 -12 -7 -12 0 0 -7 -12 -7 -12 -7 -12 -7 -11 -7 -12 -7 -11 -8 -11 -8 -11 -8 -11 -8 -11 -8 -10 -8 -10 -8 -11 -9 -10 -9 -10 -9 -10 -9 -10 -9 -10 -10 -10 -10 -10 -10 -9 -10 -10 -10 -10 -11 -10 -10 -9 -11 -9 0 0 0 0 0 0 0 0 0 0]"
"1773838334553086,CSI_DATA,STATION,00:00:00:00:00:00,0,0,0,0,0,0,0,0,0,0,0,0,0,0,0,0,0,0,0,0,0,128,[84 -64 4 0 0 0 0 0 0 0 0 0 -9 -15 -9 -15 -8 -16 -7 -16 -7 -16 -7 -16 -6 -16 -5 -16 -5 -16 -5 -17 -4 -16 -4 -16 -4 -17 -4 -17 -4 -16 -3 -16 -3 -15 -3 -16 -3 -16 -3 -16 -3 -15 -3 -15 -3 -15 -3 -15 -3 -15 -4 -15 0 0 -3 -15 -4 -15 -4 -15 -4 -14 -4 -14 -4 -14 -4 -14 -4 -14 -4 -13 -5 -13 -5 -14 -5 -14 -6 -14 -5 -14 -6 -13 -6 -13 -6 -14 -6 -14 -7 -13 -7 -13 -7 -13 -7 -14 -7 -14 -8 -14 -8 -14 -8 -13 0 0 0 0 0 0 0 0 0 0]"
"1773838334562605,CSI_DATA,STATION,00:00:00:00:00:00,0,0,0,0,0,0,0,0,0,0,0,0,0,0,0,0,0,0,0,0,0,128,[84 -64 4 0 0 0 0 0 0 0 0 0 16 2 16 2 16 3 16 3 16 3 16 4 16 4 15 5 15 5 15 5 15 5 15 5 15 5 14 6 14 6 14 6 13 6 13 5 13 6 13 6 13 6 13 5 13 5 13 5 13 5 13 5 0 0 13 5 13 4 13 4 12 4 13 4 13 4 12 3 13 3 13 3 13 2 13 2 13 2 13 2 13 2 13 1 13 1 13 1 14 1 13 1 13 0 14 0 13 0 13 0 14 -1 14 -1 14 -1 0 0 0 0 0 0 0 0 0 0]"
"1773838334562605,CSI_DATA,STATION,00:00:00:00:00:00,0,0,0,0,0,0,0,0,0,0,0,0,0,0,0,0,0,0,0,0,0,128,[84 -64 4 0 0 0 0 0 0 0 0 0 -1 -16 0 -17 1 -17 1 -17 2 -18 2 -17 3 -16 3 -16 3 -17 4 -16 4 -16 4 -16 4 -16 4 -16 4 -16 5 -15 4 -15 5 -14 5 -14 5 -15 4 -14 4 -15 4 -14 4 -14 4 -14 4 -14 0 0 4 -14 4 -14 3 -14 3 -14 3 -13 3 -14 3 -14 3 -14 3 -14 2 -14 2 -14 1 -14 2 -14 1 -14 1 -14 1 -14 1 -14 1 -14 1 -14 1 -14 0 -14 0 -15 0 -15 -1 -15 0 -15 0 -15 0 0 0 0 0 0 0 0 0 0]"
"1773838334582940,CSI_DATA,STATION,00:00:00:00:00:00,0,0,0,0,0,0,0,0,0,0,0,0,0,0,0,0,0,0,0,0,0,128,[84 -64 4 0 0 0 0 0 0 0 0 0 1 16 0 16 0 16 -1 17 -1 16 -2 16 -2 16 -3 15 -3 16 -3 16 -3 15 -4 15 -4 16 -4 15 -4 16 -4 15 -4 14 -4 14 -4 15 -5 14 -4 14 -4 14 -4 13 -4 14 -4 13 -3 13 0 0 -4 13 -3 13 -3 14 -2 13 -3 14 -2 13 -2 13 -2 13 -2 13 -1 13 -1 13 -1 13 -1 13 0 13 0 13 0 14 1 14 1 14 0 13 1 14 1 13 0 14 1 14 2 14 1 14 2 13 0 0 0 0 0 0 0 0 0 0]"
"1773838334594282,CSI_DATA,STATION,00:00:00:00:00:00,0,0,0,0,0,0,0,0,0,0,0,0,0,0,0,0,0,0,0,0,0,128,[84 -64 4 0 0 0 0 0 0 0 0 0 -12 -13 -11 -13 -11 -14 -11 -14 -10 -14 -10 -14 -9 -14 -9 -14 -9 -15 -9 -15 -8 -15 -8 -15 -8 -15 -8 -15 -8 -14 -8 -14 -7 -14 -7 -14 -8 -14 -7 -14 -7 -14 -7 -14 -7 -13 -7 -14 -7 -14 -8 -13 0 0 -8 -12 -8 -13 -8 -12 -8 -12 -8 -12 -8 -12 -8 -12 -9 -12 -9 -11 -9 -11 -10 -11 -9 -11 -10 -11 -10 -11 -10 -10 -10 -10 -11 -11 -11 -10 -11 -10 -11 -10 -11 -10 -12 -10 -12 -10 -12 -10 -12 -9 -12 -9 0 0 0 0 0 0 0 0 0 0]"
"1773838334594282,CSI_DATA,STATION,00:00:00:00:00:00,0,0,0,0,0,0,0,0,0,0,0,0,0,0,0,0,0,0,0,0,0,128,[84 -64 4 0 0 0 0 0 0 0 0 0 6 14 6 15 5 16 4 16 4 16 3 15 3 15 3 15 2 15 2 15 2 15 2 15 1 16 1 16 1 16 0 15 1 15 0 14 0 15 0 15 0 14 0 14 1 13 1 14 1 14 1 14 0 0 1 13 1 14 2 14 1 13 2 13 2 13 2 14 2 13 2 13 3 13 3 13 4 13 4 13 4 13 4 12 4 13 5 13 5 12 5 12 5 13 5 13 5 13 6 13 6 13 6 12 6 13 0 0 0 0 0 0 0 0 0 0]"
"1773838334614021,CSI_DATA,STATION,00:00:00:00:00:00,0,0,0,0,0,0,0,0,0,0,0,0,0,0,0,0,0,0,0,0,0,128,[84 -64 4 0 0 0 0 0 0 0 0 0 12 8 12 8 11 9 11 9 11 9 11 10 10 10 10 10 10 10 9 10 10 10 10 11 9 10 9 10 9 10 8 10 8 10 8 10 8 10 8 10 8 10 8 10 8 9 8 9 8 10 8 9 0 0 8 9 8 9 9 9 8 8 9 8 8 8 8 8 9 8 9 8 9 7 9 7 9 7 9 7 10 7 9 6 10 6 10 7 10 6 10 6 11 5 11 6 11 6 11 6 11 5 11 5 11 5 0 0 0 0 0 0 0 0 0 0]"
"1773838334626048,CSI_DATA,STATION,00:00:00:00:00:00,0,0,0,0,0,0,0,0,0,0,0,0,0,0,0,0,0,0,0,0,0,128,[84 -64 4 0 0 0 0 0 0 0 0 0 -15 -9 -15 -9 -15 -10 -15 -11 -13 -11 -13 -11 -13 -11 -12 -11 -13 -12 -12 -12 -12 -12 -12 -11 -12 -12 -12 -12 -12 -12 -11 -12 -11 -12 -10 -11 -11 -12 -10 -12 -10 -12 -10 -12 -10 -11 -10 -11 -11 -11 -11 -11 0 0 -10 -10 -10 -11 -11 -10 -11 -9 -11 -10 -11 -10 -11 -10 -11 -9 -11 -9 -12 -8 -12 -8 -12 -8 -13 -8 -13 -8 -12 -8 -12 -8 -12 -8 -13 -7 -13 -7 -13 -7 -13 -7 -14 -7 -14 -7 -14 -7 -14 -6 -14 -6 0 0 0 0 0 0 0 0 0 0]"
"1773838334636065,CSI_DATA,STATION,00:00:00:00:00:00,0,0,0,0,0,0,0,0,0,0,0,0,0,0,0,0,0,0,0,0,0,128,[84 -64 4 0 0 0 0 0 0 0 0 0 3 16 2 16 2 17 2 16 1 16 1 16 0 16 0 16 0 16 -1 16 -2 16 -2 16 -2 16 -2 16 -2 16 -2 15 -2 15 -2 14 -2 15 -2 15 -2 15 -2 15 -2 14 -2 14 -2 14 -2 14 0 0 -2 14 -1 14 -1 14 -1 13 -1 14 -1 13 0 14 -1 14 0 13 0 13 0 13 1 13 1 13 1 13 1 13 2 13 2 14 2 14 2 13 2 14 2 14 3 14 3 14 3 14 3 14 3 13 0 0 0 0 0 0 0 0 0 0]"
"1773838334645824,CSI_DATA,STATION,00:00:00:00:00:00,0,0,0,0,0,0,0,0,0,0,0,0,0,0,0,0,0,0,0,0,0,128,[84 -64 4 0 0 0 0 0 0 0 0 0 14 9 13 9 13 10 13 10 13 11 12 11 12 11 12 11 11 11 11 12 11 12 11 12 10 12 10 12 10 12 10 12 10 12 9 12 9 12 9 12 9 12 9 11 9 11 9 11 8 11 9 11 0 0 9 10 9 11 10 10 9 10 9 10 10 9 10 9 10 9 10 9 10 9 10 9 10 9 10 8 11 8 11 8 12 8 11 8 12 7 12 7 12 7 12 7 12 7 12 7 13 7 12 7 13 6 0 0 0 0 0 0 0 0 0 0]"
"1773838334657586,CSI_DATA,STATION,00:00:00:00:00:00,0,0,0,0,0,0,0,0,0,0,0,0,0,0,0,0,0,0,0,0,0,128,[84 -64 4 0 0 0 0 0 0 0 0 0 -12 -13 -11 -14 -11 -15 -11 -15 -11 -15 -10 -15 -10 -15 -9 -15 -9 -15 -9 -16 -8 -16 -8 -16 -8 -16 -8 -16 -8 -16 -7 -15 -6 -15 -7 -15 -7 -16 -7 -15 -7 -15 -6 -15 -6 -14 -7 -14 -7 -14 -7 -14 0 0 -7 -13 -7 -13 -7 -14 -8 -13 -7 -13 -8 -13 -8 -13 -8 -13 -8 -12 -9 -12 -9 -12 -9 -12 -9 -12 -9 -12 -9 -11 -10 -11 -10 -12 -10 -12 -10 -11 -11 -11 -11 -11 -11 -11 -11 -11 -12 -11 -12 -11 -12 -11 0 0 0 0 0 0 0 0 0 0]"
"1773838334657586,CSI_DATA,STATION,00:00:00:00:00:00,0,0,0,0,0,0,0,0,0,0,0,0,0,0,0,0,0,0,0,0,0,128,[84 -64 4 0 0 0 0 0 0 0 0 0 -12 -13 -12 -14 -12 -15 -11 -15 -11 -15 -10 -15 -10 -15 -10 -15 -9 -15 -9 -16 -8 -15 -8 -16 -8 -16 -8 -16 -8 -16 -7 -16 -7 -15 -7 -15 -7 -15 -7 -15 -7 -15 -7 -15 -7 -15 -7 -14 -6 -14 -7 -14 0 0 -7 -14 -7 -14 -8 -14 -7 -14 -8 -13 -8 -13 -8 -13 -8 -13 -8 -12 -9 -13 -9 -13 -9 -12 -9 -12 -9 -12 -9 -12 -9 -12 -10 -12 -10 -12 -10 -12 -10 -12 -10 -11 -11 -12 -11 -11 -11 -11 -11 -11 -11 -11 0 0 0 0 0 0 0 0 0 0]"
"1773838334679517,CSI_DATA,STATION,00:00:00:00:00:00,0,0,0,0,0,0,0,0,0,0,0,0,0,0,0,0,0,0,0,0,0,128,[84 -64 4 0 0 0 0 0 0 0 0 0 -15 4 -16 4 -16 3 -16 2 -16 3 -16 2 -16 2 -16 0 -16 1 -16 0 -16 0 -16 0 -16 0 -16 0 -15 -1 -16 -1 -15 -1 -15 -1 -15 -1 -15 -1 -15 -1 -14 -1 -14 -1 -14 -1 -14 -1 -14 -1 0 0 -14 -1 -14 0 -14 0 -13 0 -13 0 -13 0 -13 0 -13 0 -13 1 -13 1 -13 2 -13 2 -13 2 -13 2 -13 2 -13 3 -13 2 -13 3 -13 3 -13 3 -13 3 -13 3 -13 4 -13 4 -13 4 -13 4 0 0 0 0 0 0 0 0 0 0]"
"1773838334691280,CSI_DATA,STATION,00:00:00:00:00:00,0,0,0,0,0,0,0,0,0,0,0,0,0,0,0,0,0,0,0,0,0,128,[84 -64 4 0 0 0 0 0 0 0 0 0 5 -16 6 -16 6 -16 7 -16 7 -16 8 -15 8 -15 9 -15 9 -14 9 -15 9 -14 9 -14 9 -14 9 -14 9 -14 10 -13 9 -13 9 -12 9 -13 9 -12 9 -12 9 -13 8 -12 8 -12 8 -13 8 -12 0 0 8 -12 8 -12 7 -13 7 -12 7 -12 7 -13 7 -13 7 -13 7 -12 6 -12 6 -13 5 -13 5 -13 5 -14 5 -13 5 -13 4 -13 5 -14 5 -14 4 -14 4 -14 4 -15 4 -14 3 -15 3 -15 3 -15 0 0 0 0 0 0 0 0 0 0]"
"1773838334691280,CSI_DATA,STATION,00:00:00:00:00:00,0,0,0,0,0,0,0,0,0,0,0,0,0,0,0,0,0,0,0,0,0,128,[84 -64 4 0 0 0 0 0 0 0 0 0 17 -2 18 -1 18 -1 18 0 18 0 18 1 18 1 18 2 18 2 17 3 17 3 17 4 17 3 17 4 16 4 16 3 17 4 15 3 16 4 15 4 15 4 15 4 15 4 15 4 15 3 15 3 0 0 14 3 14 3 15 2 14 2 14 2 14 2 14 2 14 2 14 1 14 1 14 1 14 1 14 0 15 0 14 0 15 -1 15 0 15 -1 15 -1 14 -1 15 -1 15 -1 15 -1 15 -2 15 -2 15 -2 0 0 0 0 0 0 0 0 0 0]"
"1773838334711422,CSI_DATA,STATION,00:00:00:00:00:00,0,0,0,0,0,0,0,0,0,0,0,0,0,0,0,0,0,0,0,0,0,128,[84 -64 4 0 0 0 0 0 0 0 0 0 11 -12 11 -11 11 -11 12 -11 12 -10 12 -10 13 -9 12 -9 13 -9 13 -8 13 -8 13 -8 13 -8 13 -8 13 -7 13 -7 13 -7 13 -6 13 -7 13 -7 12 -7 12 -7 12 -6 12 -7 11 -7 12 -7 0 0 11 -7 11 -7 11 -7 11 -7 11 -7 10 -8 10 -8 10 -8 11 -8 10 -8 10 -9 9 -8 9 -8 10 -9 10 -9 9 -9 10 -9 9 -9 9 -10 9 -9 9 -10 9 -10 9 -10 9 -11 9 -11 9 -11 0 0 0 0 0 0 0 0 0 0]"
"1773838334720440,CSI_DATA,STATION,00:00:00:00:00:00,0,0,0,0,0,0,0,0,0,0,0,0,0,0,0,0,0,0,0,0,0,128,[84 -64 4 0 0 0 0 0 0 0 0 0 13 -8 13 -7 14 -7 14 -7 14 -6 15 -6 14 -5 14 -5 14 -5 14 -5 14 -4 14 -4 14 -4 14 -4 14 -4 14 -3 13 -4 13 -3 13 -3 13 -3 13 -3 13 -4 13 -3 13 -3 12 -4 12 -3 0 0 12 -4 12 -4 12 -4 12 -4 12 -4 11 -5 11 -4 11 -5 11 -5 11 -5 11 -6 11 -6 11 -6 11 -6 11 -6 11 -7 11 -7 11 -7 11 -7 11 -7 11 -7 11 -8 11 -8 10 -8 11 -8 11 -9 0 0 0 0 0 0 0 0 0 0]"
"1773838334730457,CSI_DATA,STATION,00:00:00:00:00:00,0,0,0,0,0,0,0,0,0,0,0,0,0,0,0,0,0,0,0,0,0,128,[84 -64 4 0 0 0 0 0 0 0 0 0 -13 9 -14 9 -13 8 -14 8 -14 7 -14 7 -14 7 -14 6 -14 6 -14 6 -15 5 -15 5 -15 5 -14 5 -14 5 -14 5 -14 4 -14 4 -14 5 -13 5 -13 5 -13 5 -13 5 -13 5 -13 5 -13 4 0 0 -12 5 -12 6 -12 6 -12 6 -12 5 -12 6 -12 6 -11 6 -11 6 -11 6 -11 7 -11 7 -11 7 -11 8 -11 7 -10 8 -10 8 -10 8 -10 8 -10 8 -10 9 -10 9 -10 9 -10 9 -10 9 -10 9 0 0 0 0 0 0 0 0 0 0]"
"1773838334736207,CSI_DATA,STATION,00:00:00:00:00:00,0,0,0,0,0,0,0,0,0,0,0,0,0,0,0,0,0,0,0,0,0,128,[84 -64 4 0 0 0 0 0 0 0 0 0 13 -10 13 -9 13 -9 14 -8 13 -8 14 -8 14 -7 14 -7 14 -7 14 -6 15 -6 14 -6 14 -6 14 -5 14 -6 14 -6 14 -5 13 -5 13 -5 13 -5 13 -5 13 -5 12 -5 13 -5 13 -5 12 -5 0 0 12 -5 12 -5 12 -6 11 -6 11 -6 11 -6 11 -6 11 -7 11 -7 11 -7 11 -7 10 -7 10 -7 10 -8 10 -8 10 -8 10 -8 10 -9 10 -9 10 -9 9 -9 10 -9 9 -10 10 -10 9 -10 10 -10 0 0 0 0 0 0 0 0 0 0]"
"1773838334752110,CSI_DATA,STATION,00:00:00:00:00:00,0,0,0,0,0,0,0,0,0,0,0,0,0,0,0,0,0,0,0,0,0,128,[84 -64 4 0 0 0 0 0 0 0 0 0 -2 16 -2 16 -3 16 -3 16 -4 16 -4 16 -4 15 -5 15 -5 15 -5 15 -6 15 -6 14 -6 15 -6 14 -6 14 -6 14 -6 13 -6 13 -6 13 -6 13 -7 13 -6 13 -6 12 -6 13 -6 13 -6 13 0 0 -5 12 -5 13 -5 13 -5 12 -4 13 -5 13 -5 13 -4 12 -4 12 -4 12 -3 12 -3 13 -3 13 -3 13 -3 13 -3 13 -2 13 -2 13 -2 13 -2 13 -2 13 -2 14 -1 14 -1 14 -1 13 -1 13 0 0 0 0 0 0 0 0 0 0]"
"1773838334752110,CSI_DATA,STATION,00:00:00:00:00:00,0,0,0,0,0,0,0,0,0,0,0,0,0,0,0,0,0,0,0,0,0,128,[84 -64 4 0 0 0 0 0 0 0 0 0 -10 -15 -10 -15 -9 -16 -9 -16 -8 -16 -8 -16 -7 -16 -7 -16 -7 -16 -6 -16 -6 -16 -6 -16 -6 -16 -5 -16 -6 -16 -5 -15 -5 -15 -5 -15 -5 -16 -5 -15 -5 -15 -5 -15 -5 -14 -5 -14 -5 -14 -5 -14 0 0 -6 -14 -6 -13 -6 -14 -6 -13 -6 -13 -6 -13 -6 -13 -7 -13 -7 -12 -7 -12 -8 -12 -8 -12 -8 -12 -9 -12 -8 -11 -9 -12 -9 -11 -9 -11 -9 -11 -9 -11 -9 -11 -10 -11 -10 -11 -11 -10 -11 -11 -10 -10 0 0 0 0 0 0 0 0 0 0]"
"1773838334768257,CSI_DATA,STATION,00:00:00:00:00:00,0,0,0,0,0,0,0,0,0,0,0,0,0,0,0,0,0,0,0,0,0,128,[84 -64 4 0 0 0 0 0 0 0 0 0 -1 16 -3 17 -3 17 -4 17 -4 17 -4 16 -5 16 -5 16 -6 15 -6 16 -6 15 -6 15 -6 15 -6 15 -6 15 -7 14 -7 14 -6 13 -7 14 -7 14 -6 14 -7 13 -6 12 -6 13 -6 14 -6 13 0 0 -6 13 -5 13 -5 13 -5 12 -5 13 -4 13 -5 13 -4 13 -4 13 -4 13 -3 13 -3 13 -3 13 -3 13 -3 13 -3 13 -2 13 -2 13 -2 13 -2 13 -2 14 -2 14 -1 13 -1 14 -1 13 -1 14 0 0 0 0 0 0 0 0 0 0]"
"1773838334768257,CSI_DATA,STATION,00:00:00:00:00:00,0,0,0,0,0,0,0,0,0,0,0,0,0,0,0,0,0,0,0,0,0,128,[84 -64 4 0 0 0 0 0 0 0 0 0 -7 16 -7 16 -8 16 -8 16 -9 15 -9 15 -9 14 -10 14 -10 14 -10 14 -11 13 -11 13 -11 13 -11 13 -11 13 -11 12 -10 12 -11 11 -10 12 -10 12 -10 12 -10 11 -10 11 -10 11 -10 11 -10 11 0 0 -10 11 -9 11 -9 11 -9 11 -8 11 -8 11 -8 11 -8 12 -7 12 -7 12 -7 12 -7 12 -7 12 -6 13 -6 12 -6 12 -6 12 -6 12 -6 13 -6 13 -6 13 -5 13 -5 14 -5 13 -5 13 -4 13 0 0 0 0 0 0 0 0 0 0]"
"1773838334785586,CSI_DATA,STATION,00:00:00:00:00:00,0,0,0,0,0,0,0,0,0,0,0,0,0,0,0,0,0,0,0,0,0,128,[84 -64 4 0 0 0 0 0 0 0 0 0 17 2 17 2 17 3 17 4 17 5 16 5 16 5 16 5 16 5 15 6 15 6 15 6 15 7 15 7 14 7 15 7 14 6 14 6 14 7 14 6 13 7 13 6 13 6 13 6 13 6 13 6 0 0 13 5 13 5 13 5 13 4 13 5 13 4 13 4 13 4 13 3 12 3 13 3 13 3 13 3 13 2 13 2 14 2 14 2 14 1 14 1 14 1 14 1 14 1 14 1 14 0 14 0 14 0 0 0 0 0 0 0 0 0 0 0]"
