"""1770911349624127,CSI_DATA,STATION,00:00:00:00:00:00,0,0,0,0,0,0,0,0,0,0,0,0,0,0,0,0,010 4 -10 4 -10 4 -10 5 -9 5 -9 5 -9 5 -9 5 -9 5 -9 6 -9 6 -9 5 -9 5 -8 6 -8 6 -9 5 -8 5 -8 5 -8 5 -8 5 -8 5 -8 5 -8 5 -9 5 -9 5 -9 0 0 5 -9 5 -9 4 -9 5 -10 5 -9 5 -9 5 -10 5 -10 5 -10 5 -10 5 -11 4 -11 5 -10 3 5 -13 5 -14 5 -13 0 0 0 0 0 0 0 0 0 0]"""
"""1770911349629040,CSI_DATA,STATION,00:00:00:00:00:00,0,0,0,0,0,0,0,0,0,0,0,0,0,0,0,0,0,0,0,0,0,128,[84 -64 4 0 0 0 0 0 0 0 0 0 -10 13 -11 13 -11 13 -12 12 -11 11 -13 11 -12 11 -13 10 -12 10 -12 10 -13 10 -12 10 -12 10 -13 9 -13 9 -12 9 -13 9 -13 9 -13 9 -13 9 -13 9 -12 9 -13 9 -13 10 -12 10 -12 10 0 0 -13 10 -12 10 -13 11 -12 10 -13 11 -13 11 -13 11 -13 11 -13 11 -13 12 -13 13 -13 13 -13 13 -14 13 -14 13 -14 14 -14 14 -14 14 -15 14 -15 15 -15 15 -15 15 -15 15 -16 16 -16 16 -16 16 0 0 0 0 0 0 0 0 0 0]"""
"""1770911349634562,CSI_DATA,STATION,00:00:00:00:00:00,0,0,0,0,0,0,0,0,0,0,0,0,0,0,0,0,0,0,0,0,0,128,[84 -64 4 0 0 0 0 0 0 0 0 0 -16 6 -17 6 -16 5 -16 5 -16 4 -17 4 -16 4 -17 3 -16 3 -16 3 -16 3 -16 3 -16 3 -16 2 -17 2 -16 2 -16 2 -15 2 -16 2 -16 2 -16 2 -16 2 -15 2 -16 3 -16 3 -16 4 0 0 -16 3 -16 3 -16 4 -16 4 -17 4 -17 5 -16 5 -17 5 -17 5 -17 5 -17 6 -17 6 -18 6 -19 7 -18 6 -19 7 -18 7 -19 7 -20 7 -19 7 -20 8 -20 8 -20 8 -21 8 -21 8 -21 8 0 0 0 0 0 0 0 0 0 0]"""
"""1770911349640276,CSI_DATA,STATION,00:00:00:00:00:00,0,0,0,0,0,0,0,0,0,0,0,0,0,0,0,0,0,0,0,0,0,128,[84 -64 4 0 0 0 0 0 0 0 0 0 8 -3 9 -4 9 -3 9 -3 9 -2 9 -3 9 -2 9 -2 9 -2 9 -1 9 -2 9 -2 9 -1 9 -1 9 -1 8 -2 8 -1 8 -2 9 -1 9 -1 8 -1 9 -1 9 -2 9 -1 9 -2 9 -2 0 0 9 -2 9 -2 9 -2 9 -3 10 -2 10 -2 10 -2 9 -2 10 -3 9 -3 10 -4 9 -3 10 -3 10 -3 11 -3 11 -4 11 -4 11 -4 11 -4 11 -4 12 -4 11 -4 12 -4 12 -5 12 -4 12 -4 0 0 0 0 0 0 0 0 0 0]"""
"""1770911349645478,CSI_DATA,STATION,00:00:00:00:00:00,0,0,0,0,0,0,0,0,0,0,0,0,0,0,0,0,0,0,0,0,0,128,[84 -64 4 0 0 0 0 0 0 0 0 0 8 -2 8 -2 8 -1 8 -1 8 -1 8 -1 8 0 7 0 7 0 8 0 8 0 7 0 8 0 7 0 8 0 7 0 8 0 7 0 8 0 7 0 7 1 7 0 7 0 8 0 7 0 8 0 0 0 8 -1 7 -1 8 0 8 -1 8 -1 8 -1 8 -1 8 -1 8 -1 8 -1 8 -1 8 -1 9 -1 9 -1 9 -2 9 -2 10 -2 10 -2 10 -2 10 -2 10 -2 10 -2 10 -2 10 -2 11 -2 11 -2 0 0 0 0 0 0 0 0 0 0]"""
"""1770911349650235,CSI_DATA,STATION,00:00:00:00:00:00,0,0,0,0,0,0,0,0,0,0,0,0,0,0,0,0,0,0,0,0,0,128,[84 -64 4 0 0 0 0 0 0 0 0 0 5 6 4 6 5 6 4 6 4 6 4 6 4 7 3 7 3 6 3 7 3 7 3 7 3 7 3 6 3 7 3 6 3 6 3 6 3 6 3 7 3 7 3 7 3 7 3 7 4 7 3 7 0 0 4 7 4 7 4 6 4 6 4 7 5 7 4 7 5 7 4 7 5 7 5 7 5 7 5 7 6 7 5 7 6 7 6 7 6 7 6 8 6 7 6 8 6 8 6 8 7 8 6 8 7 8 0 0 0 0 0 0 0 0 0 0]"""
"""1770911349656272,CSI_DATA,STATION,00:00:00:00:00:00,0,0,0,0,0,0,0,0,0,0,0,0,0,0,0,0,0,0,0,0,0,128,[84 -64 4 0 0 0 0 0 0 0 0 0 -4 18 -4 18 -4 18 -5 18 -5 18 -6 18 -6 17 -6 17 -6 16 -7 17 -7 17 -7 16 -7 16 -7 16 -7 16 -7 16 -8 16 -7 16 -7 16 -7 16 -7 16 -7 16 -7 16 -7 16 -7 16 -6 16 0 0 -6 16 -6 17 -5 17 -6 17 -6 18 -5 18 -5 18 -5 18 -5 18 -5 19 -5 20 -5 19 -5 20 -4 21 -4 21 -4 21 -4 21 -4 21 -4 22 -4 22 -4 23 -5 23 -5 23 -5 24 -5 24 -5 24 0 0 0 0 0 0 0 0 0 0]"""
"""1770911349658668,CSI_DATA,STATION,00:00:00:00:00:00,0,0,0,0,0,0,0,0,0,0,0,0,0,0,0,0,0,0,0,0,0,128,[84 -64 4 0 0 0 0 0 0 0 0 0 4 -16 6 -16 5 -16 6 -16 6 -15 7 -15 7 -15 7 -15 7 -14 8 -14 8 -14 8 -14 8 -14 8 -14 9 -13 8 -14 8 -13 8 -13 9 -14 8 -14 8 -14 8 -13 8 -13 8 -14 8 -14 7 -14 0 0 8 -14 8 -14 8 -14 7 -14 8 -15 8 -15 7 -15 8 -16 7 -15 7 -16 7 -17 7 -16 7 -17 8 -17 8 -17 8 -18 8 -18 9 -19 9 -19 8 -19 8 -20 9 -19 8 -19 9 -20 9 -20 10 -20 0 0 0 0 0 0 0 0 0 0]"""
"""1770911349663913,CSI_DATA,STATION,00:00:00:00:00:00,0,0,0,0,0,0,0,0,0,0,0,0,0,0,0,0,0,0,0,0,0,128,[84 -64 4 0 0 0 0 0 0 0 0 0 -14 9 -15 9 -15 9 -14 8 -15 8 -15 7 -15 7 -15 7 -15 7 -15 6 -15 6 -15 6 -15 6 -15 6 -15 6 -15 6 -15 6 -15 6 -15 6 -15 6 -15 6 -15 6 -15 6 -15 6 -15 6 -15 7 0 0 -15 7 -15 7 -15 7 -15 7 -15 7 -15 8 -15 8 -15 8 -15 8 -16 9 -16 9 -16 9 -16 10 -16 10 -16 10 -17 11 -17 11 -17 11 -17 11 -17 11 -18 11 -18 12 -18 12 -18 12 -19 12 -19 12 0 0 0 0 0 0 0 0 0 0]"""
"""1770911349669302,CSI_DATA,STATION,00:00:00:00:00:00,0,0,0,0,0,0,0,0,0,0,0,0,0,0,0,0,0,0,0,0,0,128,[84 -64 4 0 0 0 0 0 0 0 0 0 20 3 20 4 19 4 20 5 19 6 19 6 18 6 18 6 18 7 18 7 18 7 18 6 18 7 18 7 18 8 17 8 17 8 16 8 17 8 17 8 17 8 17 8 17 8 18 7 18 7 18 7 0 0 18 7 18 7 18 7 18 7 18 7 19 7 19 7 20 6 20 7 19 6 20 6 21 6 21 7 22 7 21 7 23 7 23 6 23 7 24 7 24 7 24 7 24 8 25 7 25 7 26 8 26 8 0 0 0 0 0 0 0 0 0 0]"""
"""1770911349677014,CSI_DATA,STATION,00:00:00:00:00:00,0,0,0,0,0,0,0,0,0,0,0,0,0,0,0,0,0,0,0,0,0,128,[84 -64 4 0 0 0 0 0 0 0 0 0 -16 -3 -17 -3 -16 -3 -17 -4 -16 -4 -16 -5 -16 -5 -16 -5 -16 -5 -15 -6 -15 -6 -16 -6 -15 -6 -15 -6 -15 -7 -15 -6 -15 -7 -15 -7 -15 -7 -15 -6 -15 -6 -15 -6 -15 -6 -15 -6 -15 -6 -15 -6 0 0 -15 -6 -16 -5 -16 -5 -15 -5 -16 -5 -17 -5 -16 -5 -17 -5 -17 -5 -17 -5 -18 -4 -18 -5 -18 -5 -19 -5 -19 -5 -20 -5 -19 -5 -20 -5 -20 -5 -20 -5 -21 -5 -21 -5 -21 -5 -22 -5 -22 -6 -22 -5 0 0 0 0 0 0 0 0 0 0]"""
"""1770911349687600,CSI_DATA,STATION,00:00:00:00:00:00,0,0,0,0,0,0,0,0,0,0,0,0,0,0,0,0,0,0,0,0,0,128,[84 -64 4 0 0 0 0 0 0 0 0 0 -17 -5 -16 -6 -16 -6 -16 -6 -16 -7 -16 -8 -15 -8 -16 -8 -15 -8 -15 -8 -15 -8 -15 -9 -15 -8 -15 -9 -15 -9 -15 -9 -14 -9 -15 -9 -15 -10 -15 -9 -15 -9 -14 -9 -15 -9 -15 -9 -15 -8 -16 -8 0 0 -15 -8 -16 -8 -16 -8 -16 -8 -17 -8 -17 -8 -17 -8 -17 -8 -17 -8 -18 -8 -19 -7 -18 -8 -19 -8 -20 -8 -19 -8 -20 -8 -20 -8 -21 -8 -21 -9 -21 -8 -22 -8 -22 -9 -22 -8 -23 -8 -23 -8 -23 -9 0 0 0 0 0 0 0 0 0 0]"""
"""1770911349695276,CSI_DATA,STATION,00:00:00:00:00:00,0,0,0,0,0,0,0,0,0,0,0,0,0,0,0,0,0,0,0,0,0,128,[84 -64 4 0 0 0 0 0 0 0 0 0 -13 -11 -13 -12 -13 -12 -12 -12 -12 -13 -12 -13 -11 -13 -11 -14 -10 -14 -11 -14 -11 -14 -11 -14 -10 -14 -10 -14 -10 -14 -10 -14 -9 -14 -10 -15 -10 -14 -10 -15 -10 -14 -10 -14 -10 -14 -10 -14 -11 -14 -11 -14 0 0 -11 -14 -11 -15 -11 -14 -11 -14 -11 -14 -12 -15 -12 -14 -12 -15 -12 -15 -13 -15 -14 -15 -13 -15 -13 -15 -14 -15 -14 -16 -14 -16 -15 -17 -14 -16 -15 -17 -15 -17 -15 -17 -15 -17 -16 -18 -16 -18 -16 -18 -16 -18 0 0 0 0 0 0 0 0 0 0]"""
"""1770911349700909,CSI_DATA,STATION,00:00:00:00:00:00,0,0,0,0,0,0,0,0,0,0,0,0,0,0,0,0,0,0,0,0,0,128,[84 -64 4 0 0 0 0 0 0 0 0 0 -17 -4 -17 -5 -17 -5 -17 -6 -16 -6 -16 -7 -16 -6 -16 -7 -16 -7 -15 -8 -15 -7 -16 -8 -15 -8 -15 -8 -15 -8 -15 -8 -15 -8 -15 -8 -15 -8 -15 -8 -15 -8 -15 -8 -15 -8 -15 -8 -16 -8 -16 -7 0 0 -16 -8 -16 -7 -17 -7 -17 -7 -17 -7 -17 -7 -17 -7 -18 -7 -17 -7 -18 -7 -19 -7 -19 -7 -19 -7 -20 -7 -20 -7 -20 -7 -20 -7 -21 -7 -21 -7 -21 -7 -22 -8 -22 -7 -23 -7 -23 -7 -23 -8 -23 -8 0 0 0 0 0 0 0 0 0 0]"""
"""1770911349706208,CSI_DATA,STATION,00:00:00:00:00:00,0,0,0,0,0,0,0,0,0,0,0,0,0,0,0,0,0,0,0,0,0,128,[14 -32 0 0 0 0 0 0 0 0 0 0 13 5 13 6 13 5 13 6 12 6 13 7 12 7 12 7 12 7 12 7 12 7 12 7 12 7 12 7 12 8 11 7 12 8 11 7 12 8 12 8 12 7 12 7 11 7 12 7 12 7 12 7 0 0 13 7 13 7 13 7 13 7 14 7 14 7 14 7 14 6 14 7 14 6 15 6 15 6 15 7 17 7 16 6 17 7 16 6 17 6 18 6 18 7 18 7 18 7 18 7 19 7 19 7 19 7 0 0 0 0 0 0 0 0 0 0]"""
"""1770911349708532,CSI_DATA,STATION,00:00:00:00:00:00,0,0,0,0,0,0,0,0,0,0,0,0,0,0,0,0,0,0,0,0,0,128,[84 -64 4 0 0 0 0 0 0 0 0 0 11 8 11 8 11 8 11 8 10 9 11 9 10 9 10 9 10 9 10 10 10 10 10 10 10 10 9 10 9 10 10 10 9 10 9 10 9 10 9 10 10 10 9 10 9 10 10 10 10 10 10 10 0 0 10 10 10 10 11 10 10 10 11 10 12 10 12 10 12 10 12 10 12 10 12 10 13 10 13 10 13 11 13 10 14 11 14 10 14 10 15 11 15 11 15 11 15 12 16 12 16 12 16 12 16 13 0 0 0 0 0 0 0 0 0 0]"""
"""1770911349713673,CSI_DATA,STATION,00:00:00:00:00:00,0,0,0,0,0,0,0,0,0,0,0,0,0,0,0,0,0,0,0,0,0,128,[84 -64 4 0 0 0 0 0 0 0 0 0 1 -15 2 -15 2 -15 2 -15 3 -14 3 -15 4 -14 4 -14 4 -14 4 -14 4 -14 4 -14 4 -14 4 -14 5 -14 5 -14 5 -14 5 -14 5 -14 5 -14 5 -14 5 -14 5 -14 4 -14 4 -15 4 -15 0 0 5 -15 5 -15 5 -15 4 -15 5 -15 5 -16 5 -16 5 -16 5 -16 4 -16 3 -17 4 -17 4 -17 4 -18 4 -18 5 -18 4 -18 5 -19 5 -20 5 -19 5 -20 5 -20 4 -20 4 -21 5 -21 5 -21 0 0 0 0 0 0 0 0 0 0]"""
"""1770911349721586,CSI_DATA,STATION,00:00:00:00:00:00,0,0,0,0,0,0,0,0,0,0,0,0,0,0,0,0,0,0,0,0,0,128,[84 -64 4 0 0 0 0 0 0 0 0 0 -11 11 -13 11 -13 11 -13 11 -13 10 -14 10 -13 10 -14 9 -14 9 -14 9 -14 9 -14 9 -14 9 -14 8 -15 8 -14 8 -15 8 -14 8 -15 8 -14 8 -14 8 -14 8 -14 8 -14 9 -14 9 -14 10 0 0 -14 9 -14 9 -15 10 -14 9 -15 10 -15 10 -15 11 -15 11 -15 11 -15 11 -15 12 -15 12 -15 12 -16 13 -16 12 -17 13 -16 13 -17 14 -17 13 -17 14 -17 15 -18 14 -17 14 -18 15 -18 15 -19 15 0 0 0 0 0 0 0 0 0 0]"""
"""1770911349726420,CSI_DATA,STATION,00:00:00:00:00:00,0,0,0,0,0,0,0,0,0,0,0,0,0,0,0,0,0,0,0,0,0,128,[84 -64 4 0 0 0 0 0 0 0 0 0 3 -14 4 -15 4 -14 4 -15 5 -13 6 -14 5 -13 6 -14 6 -13 6 -13 6 -14 6 -14 6 -13 6 -13 7 -13 6 -13 7 -13 7 -13 7 -13 7 -13 7 -13 7 -13 6 -13 6 -14 6 -14 6 -14 0 0 6 -14 6 -14 7 -15 6 -14 6 -15 6 -15 6 -15 6 -16 6 -15 5 -15 6 -16 6 -16 6 -17 6 -18 6 -17 7 -18 6 -17 6 -19 6 -19 6 -19 6 -20 6 -19 6 -19 6 -20 7 -20 7 -21 0 0 0 0 0 0 0 0 0 0]"""
"""1770911349731605,CSI_DATA,STATION,00:00:00:00:00:00,0,0,0,0,0,0,0,0,0,0,0,0,0,0,0,0,0,0,0,0,0,128,[84 -64 4 0 0 0 0 0 0 0 0 0 -12 -9 -12 -9 -12 -9 -12 -9 -12 -10 -11 -10 -11 -10 -11 -11 -11 -11 -11 -11 -11 -11 -11 -11 -11 -11 -10 -11 -10 -11 -11 -11 -10 -11 -10 -12 -10 -12 -10 -11 -10 -11 -10 -12 -10 -12 -11 -11 -11 -11 -11 -11 0 0 -11 -11 -12 -12 -11 -11 -12 -11 -11 -11 -12 -12 -12 -11 -12 -12 -12 -12 -13 -12 -14 -12 -13 -12 -13 -12 -14 -12 -14 -13 -14 -12 -15 -13 -14 -13 -15 -14 -15 -14 -16 -14 -16 -14 -16 -14 -17 -14 -16 -15 -17 -14 0 0 0 0 0 0 0 0 0 0]"""
"""1770911349736157,CSI_DATA,STATION,00:00:00:00:00:00,0,0,0,0,0,0,0,0,0,0,0,0,0,0,0,0,0,0,0,0,0,128,[84 -64 4 0 0 0 0 0 0 0 0 0 13 5 13 6 12 6 12 6 12 6 12 7 12 7 12 7 12 7 12 8 12 8 11 8 11 8 11 8 11 8 11 8 11 8 11 8 11 8 12 8 11 8 12 8 11 8 11 8 12 8 12 8 0 0 12 8 12 8 12 8 12 8 13 8 13 8 13 8 14 8 14 8 14 8 14 8 14 8 15 8 15 9 15 8 16 8 16 8 17 8 17 8 17 8 17 9 17 9 18 9 18 9 18 9 18 10 0 0 0 0 0 0 0 0 0 0]"""
"""1770911349741295,CSI_DATA,STATION,00:00:00:00:00:00,0,0,0,0,0,0,0,0,0,0,0,0,0,0,0,0,0,0,0,0,0,128,[84 -64 4 0 0 0 0 0 0 0 0 0 16 3 16 4 15 3 15 4 15 4 15 5 15 5 15 5 15 6 15 5 15 5 15 6 15 6 15 6 15 7 15 6 14 7 14 7 14 6 15 6 15 6 15 6 14 6 15 6 15 6 16 6 0 0 16 6 15 6 16 6 16 5 16 5 17 5 17 5 17 5 17 5 17 4 18 5 18 5 19 5 20 5 19 5 20 5 20 4 20 5 21 5 21 5 22 5 21 6 22 5 23 5 23 5 23 5 0 0 0 0 0 0 0 0 0 0]"""
"""1770911349746447,CSI_DATA,STATION,00:00:00:00:00:00,0,0,0,0,0,0,0,0,0,0,0,0,0,0,0,0,0,0,0,0,0,128,[84 -64 4 0 0 0 0 0 0 0 0 0 13 6 13 6 12 6 13 7 12 7 12 8 12 7 12 7 12 7 11 8 12 8 11 8 11 9 11 9 11 9 11 8 11 9 11 8 11 9 12 8 12 8 11 8 11 9 11 9 12 9 12 8 0 0 12 8 12 8 12 8 12 8 13 8 14 8 14 8 14 8 14 7 14 8 14 8 14 9 14 9 15 9 15 8 16 9 16 8 17 9 17 8 17 8 18 8 18 9 18 9 18 10 18 10 18 10 0 0 0 0 0 0 0 0 0 0]"""
"""1770911349751505,CSI_DATA,STATION,00:00:00:00:00:00,0,0,0,0,0,0,0,0,0,0,0,0,0,0,0,0,0,0,0,0,0,128,[84 -64 4 0 0 0 0 0 0 0 0 0 -6 -5 -6 -5 -6 -5 -6 -6 -6 -6 -6 -6 -6 -6 -5 -6 -5 -6 -5 -6 -5 -6 -5 -6 -5 -6 -5 -6 -5 -7 -5 -6 -5 -6 -5 -6 -5 -7 -5 -7 -5 -7 -5 -6 -5 -6 -5 -7 -5 -7 -5 -7 0 0 -5 -7 -6 -6 -6 -7 -6 -7 -6 -7 -6 -7 -6 -7 -6 -7 -6 -7 -6 -7 -7 -7 -7 -7 -7 -7 -7 -7 -7 -7 -7 -7 -8 -7 -7 -8 -7 -8 -7 -8 -7 -8 -8 -8 -8 -8 -8 -9 -8 -9 -8 -9 0 0 0 0 0 0 0 0 0 0]"""
"""1770911349756178,CSI_DATA,STATION,00:00:00:00:00:00,0,0,0,0,0,0,0,0,0,0,0,0,0,0,0,0,0,0,0,0,0,128,[84 -64 4 0 0 0 0 0 0 0 0 0 13 4 13 5 13 5 13 5 13 6 13 7 13 7 13 7 12 7 13 7 13 7 12 7 12 7 12 8 12 8 12 8 12 8 11 8 12 8 12 8 12 8 12 8 12 8 12 8 12 8 13 7 0 0 13 7 13 8 13 8 13 8 13 8 14 7 14 7 14 7 14 7 15 7 15 7 15 7 16 7 16 8 16 8 17 8 17 7 17 8 18 8 18 8 18 8 18 8 19 8 19 8 19 8 19 8 0 0 0 0 0 0 0 0 0 0]"""
"""1770911349760910,CSI_DATA,STATION,00:00:00:00:00:00,0,0,0,0,0,0,0,0,0,0,0,0,0,0,0,0,0,0,0,0,0,128,[84 -64 4 0 0 0 0 0 0 0 0 0 -1 18 -2 19 -2 18 -2 19 -3 18 -3 19 -3 18 -3 18 -4 18 -4 17 -5 18 -5 18 -5 18 -5 17 -6 18 -5 18 -6 18 -5 18 -6 18 -5 18 -5 18 -5 18 -5 18 -5 18 -4 18 -4 19 0 0 -4 19 -4 19 -4 19 -4 19 -4 20 -3 20 -3 20 -3 21 -3 20 -2 20 -3 21 -3 22 -2 22 -2 23 -2 23 -2 24 -2 23 -2 24 -1 24 -1 25 -1 26 -2 25 -2 26 -2 27 -2 27 -2 27 0 0 0 0 0 0 0 0 0 0]"""
"""1770911349765636,CSI_DATA,STATION,00:00:00:00:00:00,0,0,0,0,0,0,0,0,0,0,0,0,0,0,0,0,0,0,0,0,0,128,[84 -64 4 0 0 0 0 0 0 0 0 0 14 3 14 3 14 4 14 4 14 5 14 5 13 5 14 6 13 6 14 6 13 6 13 6 13 6 13 6 13 7 13 6 13 7 13 7 12 7 13 7 13 7 13 7 13 7 13 6 14 6 14 6 0 0 14 6 14 7 14 6 14 7 14 7 15 6 15 6 15 6 15 6 15 6 16 6 16 6 17 6 17 6 17 6 18 6 18 5 18 6 19 6 18 7 19 6 19 7 20 6 20 6 20 7 20 7 0 0 0 0 0 0 0 0 0 0]"""
"""1770911349772687,CSI_DATA,STATION,00:00:00:00:00:00,0,0,0,0,0,0,0,0,0,0,0,0,0,0,0,0,0,0,0,0,0,128,[84 -64 4 0 0 0 0 0 0 0 0 0 -9 12 -10 12 -10 12 -10 11 -10 11 -11 11 -11 10 -12 10 -12 10 -12 10 -11 10 -12 10 -12 10 -12 10 -12 10 -12 10 -12 9 -12 9 -12 9 -12 9 -12 10 -12 10 -12 9 -12 10 -12 10 -12 11 0 0 -12 10 -12 11 -12 11 -12 11 -12 11 -12 12 -12 12 -12 12 -12 12 -12 13 -12 13 -12 13 -12 14 -13 14 -13 14 -13 15 -12 14 -13 15 -13 15 -13 15 -13 16 -14 16 -14 16 -14 17 -14 17 -14 17 0 0 0 0 0 0 0 0 0 0]"""
"""1770911349777663,CSI_DATA,STATION,00:00:00:00:00:00,0,0,0,0,0,0,0,0,0,0,0,0,0,0,0,0,0,0,0,0,0,128,[84 -64 4 0 0 0 0 0 0 0 0 0 -11 -14 -11 -15 -10 -14 -10 -15 -9 -15 -9 -16 -9 -16 -8 -16 -8 -16 -8 -16 -8 -17 -8 -17 -8 -16 -7 -17 -7 -17 -7 -16 -7 -17 -7 -17 -7 -18 -7 -17 -7 -17 -7 -17 -7 -17 -7 -17 -8 -17 -8 -17 0 0 -8 -17 -8 -17 -8 -17 -8 -17 -8 -18 -9 -18 -9 -18 -9 -18 -9 -18 -10 -18 -11 -18 -10 -18 -10 -18 -11 -19 -11 -19 -12 -20 -11 -20 -12 -21 -12 -21 -12 -21 -12 -21 -12 -21 -12 -22 -13 -22 -13 -22 -13 -23 0 0 0 0 0 0 0 0 0 0]"""
"""1770911349782246,CSI_DATA,STATION,00:00:00:00:00:00,0,0,0,0,0,0,0,0,0,0,0,0,0,0,0,0,0,0,0,0,0,128,[84 -64 4 0 0 0 0 0 0 0 0 0 -16 6 -17 5 -17 5 -17 5 -17 5 -18 4 -17 5 -17 4 -17 3 -18 3 -18 3 -18 3 -18 2 -18 2 -18 2 -18 2 -18 2 -18 2 -18 2 -18 2 -18 2 -18 3 -18 2 -18 2 -18 2 -18 3 0 0 -18 3 -19 4 -19 4 -19 3 -19 4 -19 5 -19 5 -19 4 -19 5 -19 5 -20 6 -20 5 -20 6 -21 6 -21 6 -22 6 -21 7 -22 7 -22 7 -22 7 -23 7 -23 8 -24 8 -24 8 -24 7 -24 8 0 0 0 0 0 0 0 0 0 0]"""
"""1770911349787591,CSI_DATA,STATION,00:00:00:00:00:00,0,0,0,0,0,0,0,0,0,0,0,0,0,0,0,0,0,0,0,0,0,128,[84 -64 4 0 0 0 0 0 0 0 0 0 7 0 7 0 7 1 7 1 7 1 7 1 7 2 7 1 7 1 7 2 7 1 7 2 7 2 7 2 7 2 7 2 7 2 7 2 7 2 7 3 7 3 7 2 7 2 7 2 7 2 7 2 0 0 7 2 7 2 7 2 8 2 8 2 8 2 8 2 8 2 8 2 8 2 9 1 9 2 9 2 9 2 9 1 9 1 9 2 10 1 10 2 10 2 10 2 10 2 10 2 10 2 11 2 11 2 0 0 0 0 0 0 0 0 0 0]"""
"""1770911349793052,CSI_DATA,STATION,00:00:00:00:00:00,0,0,0,0,0,0,0,0,0,0,0,0,0,0,0,0,0,0,0,0,0,128,[84 -64 4 0 0 0 0 0 0 0 0 0 13 8 12 9 12 9 12 9 12 10 11 10 11 10 11 11 10 10 11 11 11 11 11 11 11 11 11 11 10 11 10 11 10 12 10 11 10 12 10 11 10 11 10 11 10 12 10 11 11 11 11 11 0 0 11 11 11 11 12 11 12 11 12 12 13 11 12 11 13 11 12 11 13 11 14 11 14 11 14 11 15 12 15 11 15 12 16 12 16 12 16 12 16 12 17 12 16 13 17 13 18 13 18 13 18 13 0 0 0 0 0 0 0 0 0 0]"""
"""1770911349798162,CSI_DATA,STATION,00:00:00:00:00:00,0,0,0,0,0,0,0,0,0,0,0,0,0,0,0,0,0,0,0,0,0,128,[84 -64 4 0 0 0 0 0 0 0 0 0 16 -6 17 -5 16 -5 17 -5 17 -4 18 -4 17 -3 18 -3 17 -3 17 -3 17 -3 18 -3 18 -2 18 -2 18 -2 17 -2 18 -1 17 -1 18 -2 18 -2 18 -2 17 -2 17 -1 18 -2 18 -2 18 -3 0 0 18 -3 18 -2 19 -2 18 -2 19 -3 19 -4 19 -3 19 -4 19 -4 19 -4 20 -4 20 -5 21 -5 22 -5 20 -5 22 -5 22 -5 22 -6 23 -6 22 -6 23 -6 23 -6 23 -6 24 -6 24 -6 25 -6 0 0 0 0 0 0 0 0 0 0]"""
"""1770911349803579,CSI_DATA,STATION,00:00:00:00:00:00,0,0,0,0,0,0,0,0,0,0,0,0,0,0,0,0,0,0,0,0,0,128,[84 -64 4 0 0 0 0 0 0 0 0 0 -7 14 -8 14 -8 14 -8 14 -8 13 -9 13 -9 13 -10 13 -10 12 -10 12 -10 13 -10 13 -10 12 -10 12 -11 12 -10 12 -11 12 -11 12 -11 12 -11 12 -11 12 -11 12 -11 12 -11 13 -10 13 -10 13 0 0 -11 13 -10 13 -10 13 -10 13 -11 14 -11 14 -10 14 -10 14 -10 14 -10 15 -10 16 -10 16 -10 16 -11 17 -10 16 -11 17 -10 17 -11 18 -11 18 -11 18 -11 18 -11 19 -11 19 -11 20 -12 19 -12 20 0 0 0 0 0 0 0 0 0 0]"""
"""1770911349808495,CSI_DATA,STATION,00:00:00:00:00:00,0,0,0,0,0,0,0,0,0,0,0,0,0,0,0,0,0,0,0,0,0,128,[84 -64 4 0 0 0 0 0 0 0 0 0 5 14 5 15 4 15 4 15 4 15 3 16 3 15 2 16 2 15 2 16 2 16 2 16 2 16 1 16 1 16 1 16 1 16 0 16 1 16 0 16 0 16 0 16 0 16 1 16 1 16 1 16 0 0 1 16 1 17 2 17 1 17 1 17 2 17 2 17 2 18 2 17 3 18 3 18 3 18 3 18 3 19 3 19 3 19 4 20 4 20 3 20 3 20 4 21 3 21 4 21 5 22 4 22 4 22 0 0 0 0 0 0 0 0 0 0]"""
"""1770911349814033,CSI_DATA,STATION,00:00:00:00:00:00,0,0,0,0,0,0,0,0,0,0,0,0,0,0,0,0,0,0,0,0,0,128,[84 -64 4 0 0 0 0 0 0 0 0 0 13 -10 13 -10 13 -9 14 -9 14 -8 15 -8 14 -8 15 -7 14 -7 14 -7 15 -7 15 -7 15 -7 15 -6 15 -6 14 -6 16 -6 15 -6 16 -6 15 -6 15 -6 15 -6 15 -5 15 -6 15 -6 15 -6 0 0 15 -7 16 -6 16 -7 15 -7 16 -7 16 -8 16 -7 16 -8 16 -8 16 -8 16 -9 17 -8 17 -8 18 -9 17 -9 18 -10 18 -10 19 -10 19 -10 19 -10 19 -11 19 -10 19 -11 20 -11 20 -10 21 -11 0 0 0 0 0 0 0 0 0 0]"""
"""1770911349819637,CSI_DATA,STATION,00:00:00:00:00:00,0,0,0,0,0,0,0,0,0,0,0,0,0,0,0,0,0,0,0,0,0,128,[84 -64 4 0 0 0 0 0 0 0 0 0 1 -19 1 -20 1 -18 2 -19 3 -18 4 -20 4 -19 4 -19 4 -18 5 -18 5 -19 5 -19 6 -18 5 -18 6 -19 5 -18 6 -18 6 -18 7 -19 6 -19 6 -18 6 -18 6 -18 6 -18 6 -18 6 -19 0 0 5 -19 5 -19 6 -20 5 -19 6 -20 5 -20 5 -20 5 -20 5 -20 4 -21 5 -21 5 -22 5 -21 5 -23 5 -22 4 -24 4 -23 5 -25 5 -25 4 -24 5 -25 5 -25 5 -25 5 -26 6 -26 5 -27 0 0 0 0 0 0 0 0 0 0]"""
"""1770911349824405,CSI_DATA,STATION,00:00:00:00:00:00,0,0,0,0,0,0,0,0,0,0,0,0,0,0,0,0,0,0,0,0,0,128,[84 -64 4 0 0 0 0 0 0 0 0 0 18 -5 18 -4 18 -4 19 -4 18 -3 19 -2 19 -2 18 -2 19 -2 18 -1 19 -1 19 -1 19 -1 19 -1 19 0 18 -1 19 0 18 0 19 0 19 -1 18 0 18 0 19 0 19 -1 19 -1 19 -1 0 0 19 -2 19 -2 20 -2 19 -2 20 -2 20 -3 20 -3 20 -3 20 -3 20 -4 21 -4 21 -4 21 -4 23 -5 21 -5 23 -5 23 -6 24 -6 24 -6 23 -6 24 -7 24 -6 24 -7 25 -7 25 -7 26 -7 0 0 0 0 0 0 0 0 0 0]"""
"""1770911349829441,CSI_DATA,STATION,00:00:00:00:00:00,0,0,0,0,0,0,0,0,0,0,0,0,0,0,0,0,0,0,0,0,0,128,[84 -64 4 0 0 0 0 0 0 0 0 0 -16 3 -17 2 -17 2 -17 2 -16 1 -17 0 -17 0 -17 0 -17 0 -17 -1 -17 -1 -17 -1 -17 -1 -17 -2 -17 -2 -17 -2 -17 -2 -17 -3 -17 -2 -17 -2 -17 -2 -17 -2 -17 -3 -17 -2 -17 -2 -17 -2 0 0 -17 -2 -18 -1 -18 -1 -18 -2 -18 -2 -18 -1 -18 -1 -18 -1 -18 -1 -19 -1 -19 -1 -19 -1 -20 -1 -20 0 -21 -1 -21 0 -21 0 -21 0 -22 -1 -22 0 -22 0 -23 0 -23 0 -24 0 -24 -1 -24 -1 0 0 0 0 0 0 0 0 0 0]"""
"""1770911349834809,CSI_DATA,STATION,00:00:00:00:00:00,0,0,0,0,0,0,0,0,0,0,0,0,0,0,0,0,0,0,0,0,0,128,[84 -64 4 0 0 0 0 0 0 0 0 0 -5 -6 -5 -7 -5 -7 -5 -8 -5 -8 -5 -8 -4 -8 -4 -7 -4 -8 -4 -8 -4 -8 -4 -8 -4 -8 -4 -8 -4 -8 -4 -8 -4 -8 -4 -7 -4 -8 -4 -9 -4 -8 -4 -8 -3 -8 -4 -9 -4 -8 -4 -8 0 0 -4 -8 -4 -8 -5 -9 -4 -8 -5 -9 -4 -9 -5 -9 -5 -9 -5 -8 -6 -9 -6 -9 -5 -9 -5 -9 -6 -9 -6 -9 -6 -9 -6 -10 -6 -10 -6 -9 -6 -10 -6 -10 -6 -10 -6 -10 -7 -11 -7 -11 -7 -10 0 0 0 0 0 0 0 0 0 0]"""
"""1770911349840142,CSI_DATA,STATION,00:00:00:00:00:00,0,0,0,0,0,0,0,0,0,0,0,0,0,0,0,0,0,0,0,0,0,128,[84 -64 4 0 0 0 0 0 0 0 0 0 -4 16 -5 16 -5 16 -5 16 -5 16 -6 15 -6 15 -6 16 -7 15 -7 15 -7 15 -8 15 -8 15 -8 14 -8 14 -8 15 -8 15 -8 15 -8 15 -7 15 -7 14 -7 15 -8 15 -8 15 -7 15 -7 15 0 0 -7 15 -7 16 -7 15 -7 16 -7 16 -6 17 -6 17 -6 17 -6 17 -6 18 -6 18 -6 18 -6 18 -6 19 -6 19 -6 20 -6 20 -6 20 -6 21 -5 21 -5 21 -6 21 -6 22 -6 23 -6 22 -6 23 0 0 0 0 0 0 0 0 0 0]"""
"""1770911349845317,CSI_DATA,STATION,00:00:00:00:00:00,0,0,0,0,0,0,0,0,0,0,0,0,0,0,0,0,0,0,0,0,0,128,[84 -64 4 0 0 0 0 0 0 0 0 0 16 -10 17 -10 16 -10 17 -10 17 -8 18 -8 18 -8 18 -7 18 -7 18 -7 18 -7 18 -7 18 -7 19 -6 19 -6 18 -6 19 -5 18 -5 19 -6 19 -6 19 -5 19 -6 18 -5 19 -6 18 -6 19 -7 0 0 19 -7 19 -7 19 -7 19 -7 20 -7 20 -8 19 -8 20 -8 20 -8 19 -9 20 -9 20 -9 20 -9 22 -10 21 -10 22 -11 21 -11 23 -11 22 -11 23 -11 23 -11 23 -11 23 -12 24 -13 24 -12 24 -12 0 0 0 0 0 0 0 0 0 0]"""
"""1770911349850373,CSI_DATA,STATION,00:00:00:00:00:00,0,0,0,0,0,0,0,0,0,0,0,0,0,0,0,0,0,0,0,0,0,128,[84 -64 4 0 0 0 0 0 0 0 0 0 12 -12 13 -12 12 -11 13 -11 13 -10 14 -10 14 -10 14 -10 14 -9 14 -9 14 -9 15 -9 15 -9 15 -9 15 -8 15 -9 15 -8 15 -8 15 -8 15 -9 15 -9 15 -8 15 -8 15 -9 14 -9 15 -9 0 0 14 -10 15 -9 15 -10 14 -10 15 -10 15 -11 15 -11 15 -11 15 -11 15 -12 15 -12 15 -12 15 -13 16 -13 16 -13 17 -14 16 -14 17 -14 17 -15 17 -14 17 -15 17 -15 17 -15 18 -16 18 -16 18 -16 0 0 0 0 0 0 0 0 0 0]"""
"""1770911349857967,CSI_DATA,STATION,00:00:00:00:00:00,0,0,0,0,0,0,0,0,0,0,0,0,0,0,0,0,0,0,0,0,0,128,[84 -64 4 0 0 0 0 0 0 0 0 0 1 9 1 10 1 10 0 10 0 10 0 10 -1 10 -2 10 -1 10 -1 10 -1 10 -2 10 -1 10 -1 9 -2 10 -2 10 -2 10 -2 9 -2 10 -2 10 -3 10 -2 10 -2 10 -2 10 -1 10 -2 10 0 0 -2 10 -1 10 -1 11 -1 10 -1 11 -1 11 -1 11 -1 11 -1 11 -1 10 0 11 0 11 0 12 0 12 0 12 0 13 1 12 1 13 0 13 0 13 0 13 0 13 0 13 1 14 0 14 0 14 0 0 0 0 0 0 0 0 0 0]"""
"""1770911349864797,CSI_DATA,STATION,00:00:00:00:00:00,0,0,0,0,0,0,0,0,0,0,0,0,0,0,0,0,0,0,0,0,0,128,[84 -64 4 0 0 0 0 0 0 0 0 0 -7 6 -7 6 -7 6 -7 6 -7 6 -7 6 -8 6 -8 5 -8 5 -8 5 -8 5 -8 5 -8 5 -8 5 -8 4 -8 5 -8 5 -8 5 -8 4 -8 4 -8 4 -8 5 -8 5 -8 5 -8 5 -8 5 0 0 -8 5 -8 5 -8 5 -9 5 -8 5 -9 5 -8 6 -8 5 -8 6 -8 6 -9 7 -8 6 -9 6 -9 7 -9 7 -9 7 -9 7 -9 7 -9 8 -9 8 -9 8 -9 8 -9 8 -9 8 -10 8 -10 8 0 0 0 0 0 0 0 0 0 0]"""
"""1770911349879533,CSI_DATA,STATION,00:00:00:00:00:00,0,0,0,0,0,0,0,0,0,0,0,0,0,0,0,0,0,0,0,0,0,128,[14 -32 0 0 0 0 0 0 0 0 0 0 11 13 11 14 10 13 11 15 10 15 10 16 9 15 9 16 9 15 8 15 8 16 8 16 8 16 8 16 7 16 8 15 8 16 7 15 8 16 8 16 7 16 8 15 7 15 8 16 8 16 8 16 0 0 9 16 9 15 10 16 9 16 10 16 11 16 10 16 10 16 11 15 11 16 12 16 11 17 12 16 13 17 13 16 14 17 14 16 14 18 15 17 15 17 15 18 15 18 15 18 16 19 15 19 16 19 0 0 0 0 0 0 0 0 0 0]"""
"""1770911349885609,CSI_DATA,STATION,00:00:00:00:00:00,0,0,0,0,0,0,0,0,0,0,0,0,0,0,0,0,0,0,0,0,0,128,[84 -64 4 0 0 0 0 0 0 0 0 0 -18 3 -19 3 -19 3 -19 2 -19 1 -19 1 -19 1 -19 0 -19 -1 -19 0 -19 0 -19 -1 -19 -1 -19 -1 -19 -1 -19 -1 -19 -2 -19 -2 -19 -2 -19 -1 -19 -1 -19 -1 -19 -1 -19 -1 -19 -1 -19 0 0 0 -19 0 -19 0 -19 0 -19 0 -20 0 -20 1 -20 1 -20 1 -20 1 -21 2 -21 2 -21 2 -21 2 -22 3 -22 2 -23 3 -22 3 -23 3 -24 4 -23 4 -24 4 -24 4 -24 5 -25 4 -25 4 -26 5 0 0 0 0 0 0 0 0 0 0]"""
"""1770911349888537,CSI_DATA,STATION,00:00:00:00:00:00,0,0,0,0,0,0,0,0,0,0,0,0,0,0,0,0,0,0,0,0,0,128,[84 -64 4 0 0 0 0 0 0 0 0 0 -15 7 -16 7 -15 6 -16 6 -16 6 -17 5 -17 5 -16 4 -16 4 -16 4 -16 4 -16 4 -16 4 -16 4 -17 3 -17 3 -17 3 -17 3 -17 3 -17 3 -17 3 -16 3 -16 3 -17 4 -16 4 -17 4 0 0 -17 4 -17 5 -17 4 -17 5 -17 5 -17 5 -17 5 -17 5 -17 5 -17 6 -17 7 -18 7 -18 7 -19 8 -18 7 -19 8 -19 8 -19 8 -20 8 -20 8 -20 8 -20 8 -20 9 -21 10 -21 10 -21 9 0 0 0 0 0 0 0 0 0 0]"""
"""1770911349896403,CSI_DATA,STATION,00:00:00:00:00:00,0,0,0,0,0,0,0,0,0,0,0,0,0,0,0,0,0,0,0,0,0,128,[84 -64 4 0 0 0 0 0 0 0 0 0 -9 -4 -9 -4 -9 -5 -9 -5 -9 -5 -8 -5 -9 -5 -8 -5 -8 -6 -8 -6 -8 -6 -8 -6 -8 -6 -8 -6 -8 -7 -8 -6 -8 -6 -8 -6 -8 -7 -8 -6 -8 -6 -8 -7 -8 -6 -8 -7 -8 -6 -8 -6 0 0 -8 -6 -8 -6 -9 -6 -8 -6 -9 -6 -9 -6 -9 -6 -9 -6 -9 -6 -9 -6 -10 -6 -10 -6 -10 -6 -10 -6 -10 -6 -10 -6 -11 -7 -11 -6 -11 -6 -11 -6 -11 -7 -11 -7 -12 -7 -12 -7 -12 -7 -12 -6 0 0 0 0 0 0 0 0 0 0]"""
"""1770911349899063,CSI_DATA,STATION,00:00:00:00:00:00,0,0,0,0,0,0,0,0,0,0,0,0,0,0,0,0,0,0,0,0,0,128,[84 -64 4 0 0 0 0 0 0 0 0 0 8 13 8 14 7 14 7 15 6 14 7 16 6 15 6 15 6 15 5 15 5 16 5 16 5 16 4 15 4 16 5 15 4 16 4 15 4 16 4 15 4 15 4 15 4 15 4 16 4 16 5 16 0 0 5 16 5 15 6 16 5 16 6 17 6 16 6 16 6 16 6 16 6 16 7 17 7 17 7 17 8 18 8 17 8 18 9 17 9 18 9 18 9 19 9 19 9 19 9 19 10 20 9 20 9 20 0 0 0 0 0 0 0 0 0 0]"""
"""1770911349904866,CSI_DATA,STATION,00:00:00:00:00:00,0,0,0,0,0,0,0,0,0,0,0,0,0,0,0,0,0,0,0,0,0,128,[84 -64 4 0 0 0 0 0 0 0 0 0 -4 -8 -4 -8 -4 -8 -4 -9 -3 -8 -3 -8 -3 -8 -3 -8 -2 -8 -2 -9 -2 -9 -3 -9 -3 -9 -2 -9 -2 -9 -2 -9 -2 -9 -2 -8 -2 -9 -2 -9 -2 -9 -2 -9 -2 -9 -2 -9 -2 -9 -2 -9 0 0 -2 -9 -3 -9 -3 -9 -2 -9 -3 -9 -3 -10 -3 -10 -3 -9 -3 -9 -3 -9 -4 -10 -4 -10 -4 -10 -4 -10 -3 -10 -4 -10 -4 -10 -4 -10 -4 -10 -5 -10 -5 -11 -4 -11 -4 -11 -5 -11 -5 -11 -5 -11 0 0 0 0 0 0 0 0 0 0]"""
"""1770911349909460,CSI_DATA,STATION,00:00:00:00:00:00,0,0,0,0,0,0,0,0,0,0,0,0,0,0,0,0,0,0,0,0,0,128,[84 -64 4 0 0 0 0 0 0 0 0 0 -7 -5 -7 -5 -7 -6 -8 -6 -7 -6 -7 -6 -7 -6 -7 -6 -6 -6 -6 -7 -6 -6 -6 -6 -6 -7 -6 -7 -6 -7 -6 -7 -6 -7 -6 -7 -6 -7 -6 -7 -6 -7 -6 -7 -6 -7 -6 -7 -6 -7 -6 -7 0 0 -6 -7 -6 -7 -7 -7 -6 -6 -7 -7 -7 -7 -7 -7 -7 -7 -7 -7 -7 -7 -8 -7 -8 -7 -8 -7 -8 -8 -8 -7 -8 -7 -8 -8 -8 -7 -9 -8 -9 -8 -9 -8 -9 -8 -9 -8 -9 -9 -9 -8 -9 -8 0 0 0 0 0 0 0 0 0 0]"""
"""1770911349914694,CSI_DATA,STATION,00:00:00:00:00:00,0,0,0,0,0,0,0,0,0,0,0,0,0,0,0,0,0,0,0,0,0,128,[84 -64 4 0 0 0 0 0 0 0 0 0 -9 0 -9 0 -9 -1 -10 -2 -9 -2 -9 -2 -9 -2 -9 -2 -9 -2 -9 -3 -9 -2 -9 -2 -9 -3 -9 -3 -9 -3 -9 -3 -9 -3 -8 -3 -9 -3 -9 -3 -9 -3 -9 -3 -9 -3 -9 -3 -9 -3 -9 -3 0 0 -9 -3 -9 -2 -10 -3 -9 -2 -10 -3 -10 -3 -10 -3 -10 -2 -10 -2 -10 -2 -11 -2 -10 -2 -10 -2 -11 -2 -11 -2 -12 -2 -11 -2 -12 -2 -12 -1 -12 -1 -12 -1 -12 -2 -12 -2 -12 -2 -12 -2 -13 -2 0 0 0 0 0 0 0 0 0 0]"""
"""1770911349920222,CSI_DATA,STATION,00:00:00:00:00:00,0,0,0,0,0,0,0,0,0,0,0,0,0,0,0,0,0,0,0,0,0,128,[84 -64 4 0 0 0 0 0 0 0 0 0 -13 11 -14 10 -14 10 -14 10 -14 9 -15 9 -15 9 -15 8 -15 7 -15 8 -15 8 -15 8 -16 7 -15 7 -16 7 -16 8 -16 7 -16 6 -16 7 -16 7 -15 7 -15 7 -15 7 -15 8 -15 8 -15 8 0 0 -15 8 -15 8 -15 9 -15 9 -16 9 -16 10 -15 10 -15 10 -15 9 -15 10 -15 11 -16 11 -16 12 -16 12 -16 12 -17 13 -16 13 -17 13 -17 13 -17 13 -17 14 -17 14 -17 14 -17 15 -18 15 -18 15 0 0 0 0 0 0 0 0 0 0]"""
"""1770911349925287,CSI_DATA,STATION,00:00:00:00:00:00,0,0,0,0,0,0,0,0,0,0,0,0,0,0,0,0,0,0,0,0,0,128,[84 -64 4 0 0 0 0 0 0 0 0 0 -7 5 -7 5 -8 5 -8 4 -8 4 -8 4 -8 4 -9 4 -8 4 -9 4 -9 4 -8 4 -9 3 -8 3 -9 3 -9 4 -8 3 -8 2 -9 3 -9 3 -9 2 -9 3 -9 3 -9 3 -9 3 -9 3 0 0 -9 3 -9 4 -9 3 -9 4 -9 3 -9 4 -9 4 -9 4 -9 4 -9 4 -9 5 -9 5 -9 5 -9 5 -10 5 -10 5 -10 5 -10 6 -10 6 -10 5 -10 6 -10 5 -10 6 -10 6 -11 6 -11 6 0 0 0 0 0 0 0 0 0 0]"""
"""1770911349930566,CSI_DATA,STATION,00:00:00:00:00:00,0,0,0,0,0,0,0,0,0,0,0,0,0,0,0,0,0,0,0,0,0,128,[84 -64 4 0 0 0 0 0 0 0 0 0 -1 9 -2 10 -2 9 -2 10 -2 9 -3 9 -3 9 -3 9 -3 9 -3 9 -3 9 -3 9 -4 9 -4 9 -4 9 -4 9 -4 9 -4 9 -4 9 -4 9 -3 8 -4 9 -4 9 -4 9 -3 9 -4 9 0 0 -4 9 -3 9 -3 9 -3 10 -3 10 -3 10 -3 10 -3 10 -3 10 -3 10 -3 10 -2 10 -2 11 -2 11 -3 11 -2 12 -2 11 -2 12 -2 12 -2 12 -2 12 -2 12 -2 12 -2 13 -2 13 -2 13 0 0 0 0 0 0 0 0 0 0]"""
"""1770911349936168,CSI_DATA,STATION,00:00:00:00:00:00,0,0,0,0,0,0,0,0,0,0,0,0,0,0,0,0,0,0,0,0,0,128,[84 -64 4 0 0 0 0 0 0 0 0 0 -6 -7 -5 -7 -6 -7 -5 -8 -5 -8 -5 -8 -5 -8 -5 -8 -4 -8 -5 -8 -4 -8 -4 -8 -4 -8 -4 -8 -4 -9 -4 -8 -4 -8 -4 -7 -4 -8 -4 -8 -4 -8 -4 -9 -4 -8 -4 -8 -4 -8 -4 -8 0 0 -5 -8 -5 -8 -5 -9 -4 -8 -5 -9 -5 -9 -5 -9 -6 -8 -5 -9 -6 -9 -6 -9 -6 -9 -6 -9 -6 -9 -6 -9 -6 -9 -7 -9 -7 -9 -7 -9 -7 -9 -7 -10 -7 -10 -7 -10 -7 -10 -7 -10 -7 -10 0 0 0 0 0 0 0 0 0 0]"""
"""1770911349941363,CSI_DATA,STATION,00:00:00:00:00:00,0,0,0,0,0,0,0,0,0,0,0,0,0,0,0,0,0,0,0,0,0,128,[84 -64 4 0 0 0 0 0 0 0 0 0 -16 -7 -16 -8 -16 -7 -16 -8 -15 -9 -15 -9 -15 -9 -15 -10 -15 -10 -15 -10 -15 -10 -15 -11 -14 -10 -14 -11 -14 -11 -14 -11 -14 -11 -14 -12 -14 -11 -14 -11 -14 -11 -14 -11 -14 -11 -14 -11 -14 -11 -14 -10 0 0 -14 -10 -15 -11 -15 -10 -15 -10 -15 -10 -16 -11 -16 -10 -16 -11 -16 -10 -17 -10 -17 -10 -17 -10 -17 -10 -18 -10 -18 -10 -19 -10 -19 -11 -19 -11 -20 -11 -20 -11 -20 -11 -20 -11 -21 -11 -21 -11 -21 -11 -21 -11 0 0 0 0 0 0 0 0 0 0]"""
"""1770911349946309,CSI_DATA,STATION,00:00:00:00:00:00,0,0,0,0,0,0,0,0,0,0,0,0,0,0,0,0,0,0,0,0,0,128,[84 -64 4 0 0 0 0 0 0 0 0 0 -5 18 -6 18 -6 18 -7 18 -7 18 -8 18 -8 18 -9 18 -9 17 -10 17 -9 17 -10 17 -10 17 -10 17 -10 16 -10 17 -11 16 -11 16 -11 16 -10 16 -11 16 -10 16 -11 16 -10 16 -10 17 -10 17 0 0 -9 17 -10 18 -9 17 -9 17 -10 18 -9 18 -9 18 -10 18 -9 18 -9 19 -9 20 -9 20 -9 20 -9 21 -9 21 -9 21 -8 22 -9 22 -9 22 -9 23 -9 23 -9 23 -9 24 -9 25 -9 24 -9 25 0 0 0 0 0 0 0 0 0 0]"""
"""1770911349951952,CSI_DATA,STATION,00:00:00:00:00:00,0,0,0,0,0,0,0,0,0,0,0,0,0,0,0,0,0,0,0,0,0,128,[84 -64 4 0 0 0 0 0 0 0 0 0 2 19 2 19 2 19 1 19 0 19 0 20 -1 20 -1 20 -1 19 -1 19 -2 20 -2 19 -2 19 -2 19 -3 19 -3 19 -3 19 -3 19 -3 19 -3 19 -3 19 -3 19 -3 19 -2 19 -2 19 -2 19 0 0 -2 19 -2 20 -2 19 -2 19 -2 20 -1 20 -1 20 -1 20 -1 20 0 21 0 21 0 21 0 22 1 23 0 22 0 23 1 23 1 23 1 24 1 24 1 25 0 25 2 25 2 26 1 26 2 26 0 0 0 0 0 0 0 0 0 0]"""
"""1770911349956981,CSI_DATA,STATION,00:00:00:00:00:00,0,0,0,0,0,0,0,0,0,0,0,0,0,0,0,0,0,0,0,0,0,128,[84 -64 4 0 0 0 0 0 0 0 0 0 11 15 11 16 10 16 10 17 9 17 9 18 9 17 8 17 8 17 7 17 8 18 7 18 7 18 7 18 6 18 6 18 6 18 6 18 6 18 6 18 6 18 6 18 6 18 6 18 7 18 7 18 0 0 6 18 7 18 7 18 7 18 7 19 8 19 8 18 8 19 8 19 9 18 10 19 9 19 9 19 10 20 10 20 10 21 11 20 11 21 11 21 11 22 11 22 11 22 12 22 12 23 12 23 12 23 0 0 0 0 0 0 0 0 0 0]"""
"""1770911349961948,CSI_DATA,STATION,00:00:00:00:00:00,0,0,0,0,0,0,0,0,0,0,0,0,0,0,0,0,0,0,0,0,0,128,[84 -64 4 0 0 0 0 0 0 0 0 0 -10 -2 -10 -3 -10 -3 -11 -4 -10 -4 -10 -4 -10 -4 -10 -4 -10 -5 -10 -5 -10 -5 -10 -5 -10 -5 -10 -5 -10 -6 -9 -5 -9 -5 -9 -5 -10 -6 -9 -6 -9 -6 -9 -6 -9 -5 -10 -6 -10 -6 -10 -5 0 0 -10 -5 -10 -5 -11 -5 -10 -4 -11 -5 -10 -5 -10 -5 -11 -5 -11 -5 -10 -5 -12 -4 -11 -5 -11 -5 -12 -5 -12 -5 -13 -5 -12 -5 -13 -4 -13 -4 -13 -4 -13 -5 -13 -5 -13 -5 -14 -5 -14 -5 -14 -4 0 0 0 0 0 0 0 0 0 0]"""
"""1770911349966980,CSI_DATA,STATION,00:00:00:00:00:00,0,0,0,0,0,0,0,0,0,0,0,0,0,0,0,0,0,0,0,0,0,128,[84 -64 4 0 0 0 0 0 0 0 0 0 -10 -3 -10 -4 -10 -5 -10 -5 -10 -5 -9 -4 -9 -5 -9 -5 -9 -6 -9 -6 -9 -5 -8 -6 -9 -6 -9 -6 -9 -6 -8 -6 -9 -6 -8 -6 -9 -6 -9 -6 -8 -6 -9 -6 -8 -6 -9 -7 -8 -7 -9 -6 0 0 -9 -6 -9 -6 -9 -6 -9 -6 -9 -6 -9 -6 -9 -6 -9 -6 -10 -6 -10 -6 -10 -6 -10 -6 -10 -6 -10 -6 -11 -6 -11 -6 -11 -7 -11 -6 -11 -6 -11 -6 -11 -7 -12 -7 -12 -7 -13 -7 -12 -7 -12 -7 0 0 0 0 0 0 0 0 0 0]"""
"""1770911349972082,CSI_DATA,STATION,00:00:00:00:00:00,0,0,0,0,0,0,0,0,0,0,0,0,0,0,0,0,0,0,0,0,0,128,[84 -64 4 0 0 0 0 0 0 0 0 0 12 12 12 12 11 12 11 13 10 13 10 14 11 13 10 14 10 13 9 14 9 15 9 15 9 14 9 14 9 14 9 14 8 15 8 14 8 14 9 14 9 14 9 14 8 14 9 14 9 14 9 14 0 0 10 14 10 14 10 14 10 14 10 14 11 14 11 13 11 14 12 13 12 14 12 14 12 14 12 14 13 15 13 14 14 15 14 14 15 15 15 15 15 15 16 15 15 15 16 15 16 16 16 16 16 16 0 0 0 0 0 0 0 0 0 0]"""
"""1770911349977125,CSI_DATA,STATION,00:00:00:00:00:00,0,0,0,0,0,0,0,0,0,0,0,0,0,0,0,0,0,0,0,0,0,128,[84 -64 4 0 0 0 0 0 0 0 0 0 10 13 9 14 9 14 9 15 8 15 8 16 7 15 7 16 7 15 6 15 7 16 7 16 7 16 6 16 6 16 6 15 6 16 5 15 6 16 6 16 6 16 6 15 6 15 6 16 6 15 7 16 0 0 7 15 7 15 8 16 7 15 8 16 9 16 9 16 9 16 9 15 9 15 10 16 10 16 10 16 11 17 11 16 12 17 12 16 13 17 13 17 12 17 13 18 13 18 13 17 14 18 14 18 14 19 0 0 0 0 0 0 0 0 0 0]"""
"""1770911350002857,CSI_DATA,STATION,00:00:00:00:00:00,0,0,0,0,0,0,0,0,0,0,0,0,0,0,0,0,0,0,0,0,0,128,[14 -32 0 0 0 0 0 0 0 0 0 0 13 -11 14 -11 14 -10 15 -10 15 -9 15 -9 16 -8 16 -8 15 -8 15 -8 16 -8 16 -8 16 -7 15 -7 16 -7 16 -7 16 -6 16 -6 16 -7 16 -7 16 -6 15 -6 16 -6 16 -7 16 -7 16 -7 0 0 16 -7 16 -7 16 -7 16 -7 16 -8 16 -8 16 -8 16 -9 16 -8 16 -9 16 -10 16 -10 17 -10 18 -10 18 -10 18 -11 18 -11 19 -12 19 -12 19 -11 19 -12 19 -11 19 -12 20 -13 20 -13 20 -13 0 0 0 0 0 0 0 0 0 0]"""
"""1770911350007688,CSI_DATA,STATION,00:00:00:00:00:00,0,0,0,0,0,0,0,0,0,0,0,0,0,0,0,0,0,0,0,0,0,128,[84 -64 4 0 0 0 0 0 0 0 0 0 -8 -5 -8 -6 -8 -6 -9 -7 -8 -7 -8 -7 -7 -7 -7 -7 -7 -7 -7 -7 -7 -8 -7 -7 -7 -8 -7 -8 -6 -8 -7 -8 -6 -8 -6 -7 -6 -8 -6 -8 -6 -8 -6 -8 -6 -7 -6 -8 -6 -8 -7 -8 0 0 -6 -8 -7 -8 -7 -8 -7 -7 -7 -9 -7 -9 -7 -9 -7 -9 -7 -8 -7 -7 -8 -8 -8 -8 -8 -8 -8 -9 -8 -8 -9 -9 -9 -9 -9 -8 -9 -9 -9 -9 -9 -10 -9 -10 -9 -10 -10 -9 -9 -10 -10 -9 0 0 0 0 0 0 0 0 0 0]"""
"""1770911350012818,CSI_DATA,STATION,00:00:00:00:00:00,0,0,0,0,0,0,0,0,0,0,0,0,0,0,0,0,0,0,0,0,0,128,[84 -64 4 0 0 0 0 0 0 0 0 0 -2 9 -2 10 -2 10 -3 10 -3 10 -3 10 -3 10 -4 10 -4 9 -4 9 -4 9 -4 9 -4 9 -4 9 -4 9 -4 9 -4 9 -4 9 -4 9 -4 9 -4 9 -4 9 -4 9 -4 9 -4 9 -4 10 0 0 -4 9 -3 10 -3 10 -3 10 -3 10 -3 10 -3 10 -2 10 -3 10 -2 10 -3 11 -2 11 -2 11 -2 12 -2 12 -2 12 -2 12 -2 12 -2 13 -1 12 -2 13 -1 13 -1 13 -1 13 -2 13 -2 14 0 0 0 0 0 0 0 0 0 0]"""
"""1770911350020450,CSI_DATA,STATION,00:00:00:00:00:00,0,0,0,0,0,0,0,0,0,0,0,0,0,0,0,0,0,0,0,0,0,128,[84 -64 4 0 0 0 0 0 0 0 0 0 -6 -7 -6 -7 -6 -7 -6 -8 -6 -8 -6 -8 -5 -8 -5 -8 -5 -8 -5 -8 -5 -9 -5 -9 -4 -9 -5 -9 -5 -9 -4 -8 -4 -8 -4 -8 -5 -9 -4 -9 -5 -9 -4 -9 -4 -8 -5 -9 -5 -9 -5 -9 0 0 -5 -9 -5 -9 -5 -9 -5 -9 -5 -9 -6 -10 -5 -9 -6 -9 -5 -9 -6 -9 -6 -9 -6 -9 -6 -9 -6 -9 -6 -9 -7 -10 -7 -10 -7 -10 -7 -10 -7 -10 -7 -10 -7 -10 -7 -11 -8 -11 -8 -11 -8 -10 0 0 0 0 0 0 0 0 0 0]"""
"""1770911350025852,CSI_DATA,STATION,00:00:00:00:00:00,0,0,0,0,0,0,0,0,0,0,0,0,0,0,0,0,0,0,0,0,0,128,[84 -64 4 0 0 0 0 0 0 0 0 0 -2 9 -2 9 -2 9 -2 9 -2 9 -3 9 -3 9 -3 8 -4 9 -4 8 -4 9 -4 9 -4 8 -4 8 -5 8 -4 9 -4 8 -4 8 -4 8 -4 8 -5 7 -4 8 -5 8 -4 8 -4 8 -4 8 0 0 -5 8 -4 8 -4 9 -4 8 -4 9 -4 9 -4 9 -4 9 -4 9 -4 9 -4 10 -4 9 -4 9 -4 10 -5 10 -4 10 -4 11 -4 11 -4 11 -4 11 -5 11 -5 11 -4 11 -4 12 -5 12 -4 12 0 0 0 0 0 0 0 0 0 0]"""
"""1770911350030728,CSI_DATA,STATION,00:00:00:00:00:00,0,0,0,0,0,0,0,0,0,0,0,0,0,0,0,0,0,0,0,0,0,128,[84 -64 4 0 0 0 0 0 0 0 0 0 9 -2 9 -2 10 -1 10 -1 10 -1 9 -1 9 0 10 0 9 0 10 1 10 0 9 1 10 1 9 1 9 1 9 1 9 1 9 1 9 1 9 2 9 2 9 1 9 1 10 1 9 1 9 1 0 0 9 1 9 1 9 1 10 0 10 1 10 1 10 1 10 1 10 0 10 0 11 0 10 0 11 0 11 0 11 0 11 0 12 0 12 -1 12 0 12 0 12 0 12 0 13 0 13 0 13 0 13 0 0 0 0 0 0 0 0 0 0 0]"""
"""1770911350044097,CSI_DATA,STATION,00:00:00:00:00:00,0,0,0,0,0,0,0,0,0,0,0,0,0,0,0,0,0,0,0,0,0,128,[84 -64 4 0 0 0 0 0 0 0 0 0 -5 -9 -5 -10 -6 -10 -5 -11 -4 -10 -4 -11 -4 -10 -3 -11 -3 -10 -4 -10 -4 -11 -3 -11 -3 -11 -3 -11 -3 -11 -3 -11 -3 -11 -2 -10 -3 -11 -2 -11 -2 -10 -2 -11 -2 -10 -3 -11 -3 -11 -3 -11 0 0 -3 -11 -4 -11 -4 -11 -4 -11 -4 -11 -4 -12 -4 -12 -4 -11 -4 -11 -5 -11 -5 -11 -5 -11 -5 -11 -5 -12 -4 -12 -5 -13 -6 -13 -6 -12 -5 -12 -6 -12 -5 -13 -5 -13 -6 -13 -7 -13 -6 -13 -6 -13 0 0 0 0 0 0 0 0 0 0]"""
"""1770911350049199,CSI_DATA,STATION,00:00:00:00:00:00,0,0,0,0,0,0,0,0,0,0,0,0,0,0,0,0,0,0,0,0,0,128,[84 -64 4 0 0 0 0 0 0 0 0 0 8 -4 9 -4 9 -3 9 -2 9 -2 9 -3 9 -2 9 -2 9 -2 9 -2 9 -2 9 -2 9 -1 9 -1 9 -1 9 -1 9 -1 8 -1 9 -1 9 0 9 -1 9 -1 9 -1 9 -1 9 -1 9 -2 0 0 9 -2 9 -2 10 -1 9 -2 10 -1 10 -2 10 -2 9 -2 10 -2 9 -3 10 -3 10 -2 10 -3 10 -3 11 -3 11 -4 11 -3 11 -4 11 -4 10 -4 11 -4 11 -3 11 -4 11 -4 12 -4 12 -4 0 0 0 0 0 0 0 0 0 0]"""
"""1770911350057001,CSI_DATA,STATION,00:00:00:00:00:00,0,0,0,0,0,0,0,0,0,0,0,0,0,0,0,0,0,0,0,0,0,128,[84 -64 4 0 0 0 0 0 0 0 0 0 3 9 2 10 3 10 2 11 1 10 1 10 1 10 0 10 1 10 1 10 1 10 0 10 0 10 0 10 0 10 0 10 0 9 0 9 0 10 0 10 0 9 0 10 0 9 0 10 0 10 1 10 0 0 0 10 1 10 1 10 1 10 1 11 1 11 1 11 2 10 1 10 2 10 2 11 2 11 2 11 3 11 2 11 3 12 3 12 3 12 3 12 3 11 3 12 3 12 3 13 4 13 3 13 4 13 0 0 0 0 0 0 0 0 0 0]"""
"""1770911350061937,CSI_DATA,STATION,00:00:00:00:00:00,0,0,0,0,0,0,0,0,0,0,0,0,0,0,0,0,0,0,0,0,0,128,[14 -32 0 0 0 0 0 0 0 0 0 0 -6 -20 -5 -21 -5 -21 -4 -21 -3 -20 -3 -22 -3 -21 -2 -21 -2 -21 -1 -21 -1 -21 -1 -21 -1 -21 0 -21 0 -21 -1 -20 0 -21 1 -20 0 -21 0 -20 0 -21 0 -20 0 -20 0 -20 0 -20 -1 -21 0 0 -1 -21 -1 -20 -1 -21 -2 -20 -1 -22 -2 -21 -2 -21 -3 -22 -3 -22 -3 -22 -3 -23 -3 -23 -3 -23 -4 -24 -3 -23 -4 -25 -4 -24 -4 -26 -5 -26 -5 -25 -5 -26 -5 -26 -5 -26 -5 -27 -4 -27 -5 -28 0 0 0 0 0 0 0 0 0 0]"""
"""1770911350067332,CSI_DATA,STATION,00:00:00:00:00:00,0,0,0,0,0,0,0,0,0,0,0,0,0,0,0,0,0,0,0,0,0,128,[84 -64 4 0 0 0 0 0 0 0 0 0 -9 3 -9 3 -10 2 -10 2 -9 2 -10 2 -10 2 -10 1 -10 1 -10 1 -10 1 -10 1 -10 0 -10 0 -10 0 -10 1 -9 0 -9 0 -10 0 -10 0 -9 0 -10 0 -9 0 -10 0 -10 0 -10 1 0 0 -10 1 -10 1 -10 1 -10 1 -11 1 -10 1 -11 1 -10 1 -11 2 -10 2 -11 2 -10 2 -11 2 -11 2 -11 2 -12 3 -12 2 -12 3 -12 3 -12 3 -12 3 -12 2 -12 2 -12 3 -13 3 -13 3 0 0 0 0 0 0 0 0 0 0]"""
"""1770911350083123,CSI_DATA,STATION,00:00:00:00:00:00,0,0,0,0,0,0,0,0,0,0,0,0,0,0,0,0,0,0,0,0,0,128,[84 -64 4 0 0 0 0 0 0 0 0 0 4 7 4 7 4 8 4 8 3 8 3 8 3 8 3 8 2 8 3 8 2 9 2 8 3 9 2 8 2 9 2 9 2 8 1 8 2 9 2 9 2 9 2 8 1 8 2 9 2 9 2 9 0 0 2 9 3 8 3 9 3 8 3 9 3 9 3 9 3 9 3 9 3 8 4 9 4 9 4 10 4 10 3 9 4 10 4 10 5 10 4 10 4 9 4 11 4 10 5 11 6 11 4 11 5 11 0 0 0 0 0 0 0 0 0 0]"""
"""1770911350090551,CSI_DATA,STATION,00:00:00:00:00:00,0,0,0,0,0,0,0,0,0,0,0,0,0,0,0,0,0,0,0,0,0,128,[14 -32 0 0 0 0 0 0 0 0 0 0 17 -3 17 -3 16 -2 17 -2 16 -1 17 -1 17 -1 17 0 17 0 16 1 17 1 16 1 17 1 16 1 16 2 16 1 17 2 16 2 17 2 16 1 17 1 16 1 16 1 16 1 16 1 16 0 0 0 16 0 16 0 17 0 17 0 17 0 18 0 17 -1 18 -1 18 -1 18 -1 18 -2 19 -1 19 -1 20 -1 19 -2 20 -2 20 -2 21 -2 21 -3 21 -2 22 -2 21 -2 22 -2 23 -3 23 -2 23 -2 0 0 0 0 0 0 0 0 0 0]"""
"""1770911350104471,CSI_DATA,STATION,00:00:00:00:00:00,0,0,0,0,0,0,0,0,0,0,0,0,0,0,0,0,0,0,0,0,0,128,[14 -32 0 0 0 0 0 0 0 0 0 0 -6 -17 -5 -18 -5 -17 -5 -18 -4 -17 -3 -19 -3 -18 -2 -18 -2 -18 -2 -17 -2 -18 -2 -18 -2 -18 -2 -18 -1 -18 -1 -17 -1 -18 0 -17 -1 -18 -1 -17 -1 -17 -1 -17 -1 -17 -1 -17 -2 -17 -2 -18 0 0 -2 -18 -2 -18 -2 -18 -2 -17 -2 -18 -2 -19 -2 -18 -3 -19 -3 -19 -3 -18 -4 -19 -4 -20 -4 -20 -4 -21 -4 -20 -4 -22 -4 -20 -4 -22 -4 -23 -4 -23 -4 -23 -4 -23 -5 -22 -5 -24 -5 -24 -5 -25 0 0 0 0 0 0 0 0 0 0]"""
"""1770911350111948,CSI_DATA,STATION,00:00:00:00:00:00,0,0,0,0,0,0,0,0,0,0,0,0,0,0,0,0,0,0,0,0,0,128,[84 -64 4 0 0 0 0 0 0 0 0 0 6 -19 7 -19 7 -19 8 -19 8 -18 9 -18 9 -18 10 -18 10 -17 10 -17 10 -17 10 -17 10 -17 10 -17 11 -16 10 -16 10 -16 11 -16 11 -16 10 -16 10 -16 10 -16 10 -16 10 -16 10 -17 9 -17 0 0 10 -17 10 -17 9 -17 9 -18 9 -18 10 -19 9 -18 9 -19 9 -19 8 -19 9 -20 9 -20 9 -21 9 -21 9 -21 9 -22 9 -23 9 -23 9 -24 9 -23 9 -24 9 -24 10 -25 10 -26 10 -25 10 -26 0 0 0 0 0 0 0 0 0 0]"""
"""1770911350117041,CSI_DATA,STATION,00:00:00:00:00:00,0,0,0,0,0,0,0,0,0,0,0,0,0,0,0,0,0,0,0,0,0,128,[84 -64 4 0 0 0 0 0 0 0 0 0 2 17 2 17 2 17 1 17 0 17 0 18 0 17 -1 17 -1 17 -1 17 -1 17 -2 17 -2 17 -2 17 -2 17 -2 17 -3 17 -2 16 -2 17 -2 16 -2 16 -2 16 -2 16 -2 17 -1 16 -1 17 0 0 -1 16 -1 17 -1 17 -1 17 -1 17 0 18 0 18 0 18 0 18 0 18 1 19 1 19 1 19 2 20 2 20 2 20 2 21 2 21 2 21 3 21 2 22 2 22 3 23 3 23 2 23 2 24 0 0 0 0 0 0 0 0 0 0]"""
"""1770911350122590,CSI_DATA,STATION,00:00:00:00:00:00,0,0,0,0,0,0,0,0,0,0,0,0,0,0,0,0,0,0,0,0,0,128,[84 -64 4 0 0 0 0 0 0 0 0 0 -8 -17 -8 -18 -7 -17 -7 -17 -6 -17 -6 -18 -5 -17 -5 -18 -4 -17 -4 -17 -5 -18 -4 -18 -4 -17 -4 -17 -3 -18 -4 -17 -3 -18 -3 -17 -3 -18 -4 -17 -3 -18 -4 -17 -3 -17 -4 -17 -4 -17 -5 -17 0 0 -5 -17 -5 -17 -5 -18 -5 -17 -5 -18 -6 -18 -6 -18 -7 -18 -7 -18 -7 -18 -7 -19 -7 -18 -7 -19 -8 -20 -8 -19 -9 -20 -9 -20 -9 -21 -9 -21 -9 -21 -10 -21 -10 -21 -10 -22 -10 -23 -10 -23 -10 -23 0 0 0 0 0 0 0 0 0 0]"""
"""1770911350128186,CSI_DATA,STATION,00:00:00:00:00:00,0,0,0,0,0,0,0,0,0,0,0,0,0,0,0,0,0,0,0,0,0,128,[84 -64 4 0 0 0 0 0 0 0 0 0 -3 19 -4 20 -4 19 -5 20 -6 19 -6 20 -6 19 -7 19 -7 18 -7 18 -7 18 -7 18 -7 18 -8 18 -8 18 -8 17 -9 18 -8 17 -8 18 -7 17 -8 17 -7 17 -8 17 -7 18 -7 18 -7 18 0 0 -7 18 -7 18 -6 19 -6 18 -7 19 -6 20 -6 20 -6 20 -5 20 -5 20 -5 21 -5 21 -5 22 -5 23 -5 22 -5 23 -5 23 -5 24 -5 24 -4 24 -4 25 -5 25 -4 25 -5 27 -5 26 -5 27 0 0 0 0 0 0 0 0 0 0]"""
"""1770911350130976,CSI_DATA,STATION,00:00:00:00:00:00,0,0,0,0,0,0,0,0,0,0,0,0,0,0,0,0,0,0,0,0,0,128,[84 -64 4 0 0 0 0 0 0 0 0 0 -16 8 -17 7 -17 7 -17 7 -17 6 -18 5 -17 5 -18 4 -17 4 -17 4 -17 4 -18 4 -17 4 -17 3 -18 3 -17 3 -18 3 -17 2 -18 3 -17 2 -17 3 -17 3 -17 3 -17 4 -17 4 -17 4 0 0 -17 4 -17 4 -17 4 -17 4 -18 5 -18 5 -18 5 -18 5 -18 5 -18 6 -18 7 -19 7 -19 7 -20 8 -19 7 -20 7 -20 8 -20 8 -21 8 -21 8 -21 9 -22 8 -21 9 -22 10 -22 9 -23 9 0 0 0 0 0 0 0 0 0 0]"""
"""1770911350138045,CSI_DATA,STATION,00:00:00:00:00:00,0,0,0,0,0,0,0,0,0,0,0,0,0,0,0,0,0,0,0,0,0,128,[84 -64 4 0 0 0 0 0 0 0 0 0 17 -6 17 -6 17 -5 17 -5 17 -4 17 -4 17 -3 17 -3 17 -2 17 -3 17 -3 17 -3 17 -3 17 -2 17 -1 16 -2 17 -1 16 -1 17 -1 17 -1 17 -1 17 -1 16 -1 16 -2 17 -2 17 -2 0 0 17 -2 17 -2 17 -3 17 -2 17 -3 18 -3 18 -3 18 -3 18 -4 18 -4 18 -5 19 -5 19 -5 20 -5 19 -5 20 -5 20 -6 21 -6 21 -6 21 -6 22 -6 22 -5 22 -6 23 -6 23 -6 23 -6 0 0 0 0 0 0 0 0 0 0]"""
"""1770911350142610,CSI_DATA,STATION,00:00:00:00:00:00,0,0,0,0,0,0,0,0,0,0,0,0,0,0,0,0,0,0,0,0,0,128,[84 -64 4 0 0 0 0 0 0 0 0 0 -5 -18 -4 -18 -4 -18 -4 -19 -3 -18 -2 -19 -1 -18 -2 -19 -1 -18 -1 -18 -2 -18 -2 -18 -1 -18 -1 -18 0 -18 0 -18 0 -18 0 -17 0 -18 0 -18 0 -18 0 -18 0 -17 -1 -18 -1 -17 -1 -18 0 0 -1 -18 -1 -18 -1 -18 -1 -18 -1 -18 -2 -19 -2 -19 -2 -19 -2 -19 -3 -19 -4 -20 -4 -20 -4 -20 -4 -21 -3 -21 -3 -22 -4 -21 -4 -22 -3 -23 -3 -23 -4 -23 -4 -23 -4 -23 -5 -24 -5 -24 -5 -25 0 0 0 0 0 0 0 0 0 0]"""
"""1770911350147645,CSI_DATA,STATION,00:00:00:00:00:00,0,0,0,0,0,0,0,0,0,0,0,0,0,0,0,0,0,0,0,0,0,128,[84 -64 4 0 0 0 0 0 0 0 0 0 -6 -7 -6 -7 -6 -7 -6 -8 -6 -8 -5 -8 -5 -8 -5 -8 -5 -8 -5 -8 -4 -8 -4 -8 -5 -8 -4 -8 -4 -9 -4 -8 -4 -8 -4 -8 -5 -8 -4 -8 -4 -8 -4 -8 -4 -8 -5 -8 -5 -8 -5 -8 0 0 -5 -8 -5 -8 -6 -8 -5 -8 -6 -8 -6 -9 -6 -9 -6 -8 -6 -8 -6 -8 -7 -9 -7 -8 -7 -8 -7 -9 -7 -8 -7 -8 -8 -9 -8 -9 -8 -9 -8 -9 -8 -9 -8 -9 -8 -10 -9 -10 -8 -9 -8 -10 0 0 0 0 0 0 0 0 0 0]"""
"""1770911350152224,CSI_DATA,STATION,00:00:00:00:00:00,0,0,0,0,0,0,0,0,0,0,0,0,0,0,0,0,0,0,0,0,0,128,[84 -64 4 0 0 0 0 0 0 0 0 0 -4 18 -5 17 -5 17 -6 17 -6 16 -7 17 -7 16 -7 16 -7 16 -8 16 -7 16 -8 16 -7 16 -8 15 -8 15 -8 15 -9 15 -8 15 -8 15 -8 15 -8 15 -8 15 -8 15 -8 15 -7 15 -7 16 0 0 -7 15 -7 16 -7 16 -7 16 -7 16 -7 17 -6 17 -6 17 -6 17 -6 18 -6 18 -6 19 -6 19 -6 20 -6 19 -6 20 -5 20 -5 20 -6 21 -6 21 -6 22 -6 22 -5 22 -6 23 -6 23 -6 24 0 0 0 0 0 0 0 0 0 0]"""
"""1770911350157838,CSI_DATA,STATION,00:00:00:00:00:00,0,0,0,0,0,0,0,0,0,0,0,0,0,0,0,0,0,0,0,0,0,128,[84 -64 4 0 0 0 0 0 0 0 0 0 -14 -12 -15 -13 -14 -12 -14 -13 -13 -13 -13 -14 -13 -14 -12 -14 -11 -14 -11 -14 -12 -14 -12 -14 -12 -14 -11 -14 -11 -15 -11 -14 -11 -15 -10 -14 -11 -15 -11 -14 -11 -14 -11 -14 -10 -14 -11 -14 -11 -14 -12 -14 0 0 -12 -14 -12 -13 -12 -14 -12 -13 -13 -14 -13 -14 -13 -14 -13 -14 -13 -14 -14 -13 -15 -14 -14 -14 -15 -14 -16 -15 -15 -14 -16 -15 -16 -15 -17 -16 -17 -16 -17 -16 -18 -16 -18 -16 -17 -16 -19 -17 -18 -17 -19 -17 0 0 0 0 0 0 0 0 0 0]"""
"""1770911350162306,CSI_DATA,STATION,00:00:00:00:00:00,0,0,0,0,0,0,0,0,0,0,0,0,0,0,0,0,0,0,0,0,0,128,[84 -64 4 0 0 0 0 0 0 0 0 0 -19 2 -19 1 -19 1 -19 0 -18 -1 -19 -1 -18 -1 -18 -2 -18 -2 -18 -2 -18 -2 -18 -3 -18 -3 -18 -3 -18 -3 -18 -3 -17 -3 -17 -4 -18 -4 -17 -3 -17 -3 -17 -3 -17 -3 -17 -3 -18 -3 -18 -2 0 0 -17 -2 -18 -2 -18 -2 -18 -2 -18 -2 -19 -1 -19 -1 -19 -1 -19 -1 -20 0 -20 0 -20 0 -20 0 -21 0 -21 0 -22 0 -22 1 -22 0 -23 0 -23 1 -23 1 -23 1 -24 1 -25 1 -25 1 -25 1 0 0 0 0 0 0 0 0 0 0]"""
"""1770911350170177,CSI_DATA,STATION,00:00:00:00:00:00,0,0,0,0,0,0,0,0,0,0,0,0,0,0,0,0,0,0,0,0,0,128,[84 -64 4 0 0 0 0 0 0 0 0 0 -18 0 -19 -1 -19 -1 -19 -1 -18 -2 -19 -2 -18 -2 -19 -3 -18 -3 -18 -3 -18 -3 -18 -3 -18 -4 -17 -4 -18 -4 -18 -4 -18 -4 -17 -4 -18 -4 -18 -4 -18 -4 -17 -4 -17 -4 -17 -3 -18 -3 -18 -3 0 0 -18 -3 -18 -2 -18 -2 -18 -2 -19 -2 -19 -2 -19 -1 -19 -1 -19 -2 -19 -1 -21 0 -20 0 -20 0 -21 0 -21 0 -22 0 -22 0 -23 0 -23 0 -23 0 -24 1 -23 0 -24 1 -25 1 -25 1 -25 1 0 0 0 0 0 0 0 0 0 0]"""
"""1770911350175321,CSI_DATA,STATION,00:00:00:00:00:00,0,0,0,0,0,0,0,0,0,0,0,0,0,0,0,0,0,0,0,0,0,128,[84 -64 4 0 0 0 0 0 0 0 0 0 -21 -2 -21 -3 -21 -3 -21 -4 -20 -5 -21 -6 -20 -5 -20 -6 -20 -6 -19 -7 -19 -7 -20 -7 -19 -7 -19 -7 -19 -8 -19 -7 -19 -8 -19 -8 -19 -8 -19 -7 -19 -7 -18 -7 -18 -7 -19 -7 -19 -7 -19 -6 0 0 -19 -6 -19 -5 -20 -5 -20 -5 -20 -5 -21 -5 -21 -5 -21 -5 -21 -4 -22 -4 -22 -4 -23 -4 -23 -4 -24 -4 -23 -3 -25 -3 -24 -3 -25 -3 -25 -3 -26 -3 -26 -3 -27 -3 -27 -3 -28 -3 -28 -4 -28 -4 0 0 0 0 0 0 0 0 0 0]"""
"""1770911350177888,CSI_DATA,STATION,00:00:00:00:00:00,0,0,0,0,0,0,0,0,0,0,0,0,0,0,0,0,0,0,0,0,0,128,[84 -64 4 0 0 0 0 0 0 0 0 0 17 1 18 1 17 2 18 3 17 3 18 4 17 4 17 4 16 4 16 5 17 5 16 5 16 5 16 5 16 6 16 5 16 6 15 5 16 6 15 6 15 6 15 5 15 5 16 5 16 5 16 5 0 0 16 5 16 5 17 5 16 5 17 5 18 4 17 4 18 4 17 4 17 3 19 3 18 4 19 4 20 4 19 3 21 4 20 3 22 3 22 3 21 4 22 3 22 4 22 3 23 4 23 4 24 4 0 0 0 0 0 0 0 0 0 0]"""
"""1770911350183221,CSI_DATA,STATION,00:00:00:00:00:00,0,0,0,0,0,0,0,0,0,0,0,0,0,0,0,0,0,0,0,0,0,128,[84 -64 4 0 0 0 0 0 0 0 0 0 -10 2 -10 2 -10 1 -10 1 -10 0 -10 0 -10 0 -10 0 -9 -1 -10 -1 -10 0 -10 0 -10 -1 -10 -1 -10 -2 -10 -1 -9 -1 -9 -1 -10 -1 -10 -2 -10 -2 -10 -2 -9 -1 -10 -1 -10 -1 -10 -1 0 0 -10 -1 -10 -1 -10 -1 -10 0 -10 -1 -10 -1 -10 -1 -10 -1 -10 0 -11 0 -11 0 -11 0 -11 0 -11 0 -11 0 -12 1 -12 0 -12 1 -12 1 -12 1 -12 1 -13 0 -13 0 -13 1 -13 1 -13 1 0 0 0 0 0 0 0 0 0 0]"""
"""1770911350188885,CSI_DATA,STATION,00:00:00:00:00:00,0,0,0,0,0,0,0,0,0,0,0,0,0,0,0,0,0,0,0,0,0,128,[84 -64 4 0 0 0 0 0 0 0 0 0 6 -17 7 -18 7 -17 8 -17 8 -16 9 -17 9 -16 9 -16 9 -16 9 -15 10 -15 10 -15 10 -15 10 -15 11 -15 9 -14 10 -15 10 -14 11 -15 10 -14 10 -14 10 -15 10 -14 10 -15 10 -15 9 -15 0 0 9 -16 9 -15 9 -16 8 -15 9 -16 9 -17 8 -17 8 -17 8 -17 8 -17 8 -18 8 -18 8 -18 9 -20 8 -19 9 -20 8 -20 9 -21 8 -22 8 -21 9 -22 9 -21 9 -22 9 -22 10 -22 10 -23 0 0 0 0 0 0 0 0 0 0]"""
"""1770911350196500,CSI_DATA,STATION,00:00:00:00:00:00,0,0,0,0,0,0,0,0,0,0,0,0,0,0,0,0,0,0,0,0,0,128,[84 -64 4 0 0 0 0 0 0 0 0 0 2 20 1 20 1 20 0 20 -1 20 -2 20 -2 20 -2 20 -3 20 -3 20 -3 20 -3 20 -3 19 -4 19 -4 19 -4 19 -4 19 -4 19 -4 19 -4 18 -4 18 -4 19 -4 19 -4 18 -3 19 -3 19 0 0 -3 19 -3 20 -3 19 -3 20 -3 20 -2 20 -2 21 -2 21 -2 21 -2 21 -1 21 -1 22 -1 22 -1 23 -1 23 -1 24 -1 24 -1 24 -1 25 -1 25 -1 26 -2 26 0 26 0 27 -1 27 -1 27 0 0 0 0 0 0 0 0 0 0]"""
"""1770911350201518,CSI_DATA,STATION,00:00:00:00:00:00,0,0,0,0,0,0,0,0,0,0,0,0,0,0,0,0,0,0,0,0,0,128,[84 -64 4 0 0 0 0 0 0 0 0 0 17 5 17 6 16 5 17 6 16 6 17 8 16 8 16 8 15 8 14 8 15 8 15 9 15 9 15 9 15 10 14 8 15 10 13 9 15 10 14 9 14 9 14 9 13 9 14 9 14 8 15 8 0 0 15 8 15 8 16 8 15 7 16 8 16 8 16 8 16 8 16 8 16 7 17 7 18 8 18 7 19 8 18 7 20 8 19 7 21 8 21 8 20 8 21 8 21 8 21 8 22 8 22 9 23 9 0 0 0 0 0 0 0 0 0 0]"""
"""1770911350206996,CSI_DATA,STATION,00:00:00:00:00:00,0,0,0,0,0,0,0,0,0,0,0,0,0,0,0,0,0,0,0,0,0,128,[84 -64 4 0 0 0 0 0 0 0 0 0 20 0 21 2 20 2 21 3 19 4 20 4 19 4 19 5 19 5 18 5 19 5 19 5 19 5 19 6 19 7 18 6 19 7 17 7 18 6 18 7 18 6 18 6 17 6 18 6 18 5 19 5 0 0 19 5 18 5 19 5 18 5 20 5 20 5 20 5 20 5 20 5 20 4 21 4 21 4 22 4 23 4 22 4 24 4 23 3 25 4 25 4 24 4 25 4 25 5 25 4 27 4 26 4 27 5 0 0 0 0 0 0 0 0 0 0]"""
"""1770911350212210,CSI_DATA,STATION,00:00:00:00:00:00,0,0,0,0,0,0,0,0,0,0,0,0,0,0,0,0,0,0,0,0,0,128,[84 -64 4 0 0 0 0 0 0 0 0 0 6 -20 7 -20 7 -20 8 -20 9 -19 9 -19 10 -18 10 -19 10 -18 10 -18 10 -18 11 -18 10 -17 11 -17 11 -17 11 -17 11 -16 11 -17 11 -17 11 -17 11 -16 11 -16 11 -16 11 -17 10 -17 10 -17 0 0 10 -17 10 -18 10 -18 10 -18 10 -18 10 -19 9 -18 10 -19 10 -19 9 -19 9 -20 9 -21 10 -21 10 -21 10 -22 10 -22 10 -23 10 -23 10 -24 10 -24 10 -24 11 -24 10 -25 11 -26 11 -25 11 -26 0 0 0 0 0 0 0 0 0 0]"""
"""1770911350219813,CSI_DATA,STATION,00:00:00:00:00:00,0,0,0,0,0,0,0,0,0,0,0,0,0,0,0,0,0,0,0,0,0,128,[84 -64 4 0 0 0 0 0 0 0 0 0 11 -15 12 -14 12 -14 12 -13 13 -13 13 -13 14 -12 14 -12 13 -12 14 -11 14 -11 14 -11 14 -11 14 -11 14 -10 14 -11 14 -10 14 -10 14 -10 14 -10 14 -10 14 -10 14 -10 14 -10 13 -10 13 -11 0 0 13 -11 14 -11 13 -11 13 -12 14 -12 14 -13 13 -13 14 -13 13 -13 13 -14 14 -14 14 -14 14 -14 14 -15 14 -15 14 -16 15 -16 15 -17 15 -17 15 -17 15 -17 15 -17 16 -18 17 -18 16 -18 17 -18 0 0 0 0 0 0 0 0 0 0]"""
"""1770911350222630,CSI_DATA,STATION,00:00:00:00:00:00,0,0,0,0,0,0,0,0,0,0,0,0,0,0,0,0,0,0,0,0,0,128,[84 -64 4 0 0 0 0 0 0 0 0 0 -5 20 -6 20 -6 19 -6 20 -7 19 -8 19 -8 18 -9 19 -9 18 -9 18 -9 18 -9 18 -9 18 -9 18 -10 18 -10 18 -10 17 -10 17 -10 17 -10 17 -10 17 -9 17 -9 17 -9 17 -9 17 -8 18 0 0 -9 18 -8 18 -8 18 -8 18 -8 18 -8 19 -8 19 -8 19 -8 20 -7 20 -7 21 -7 21 -7 22 -7 22 -7 22 -8 23 -7 23 -7 23 -7 24 -7 24 -7 25 -8 25 -7 25 -7 26 -8 26 -8 27 0 0 0 0 0 0 0 0 0 0]"""
"""1770911350227866,CSI_DATA,STATION,00:00:00:00:00:00,0,0,0,0,0,0,0,0,0,0,0,0,0,0,0,0,0,0,0,0,0,128,[84 -64 4 0 0 0 0 0 0 0 0 0 7 -6 8 -5 8 -5 9 -4 8 -4 8 -4 9 -4 9 -4 9 -3 8 -3 9 -3 8 -4 9 -3 9 -3 9 -2 8 -3 8 -2 8 -2 9 -2 8 -2 8 -2 8 -2 8 -2 8 -2 9 -2 9 -3 0 0 9 -3 8 -3 9 -3 9 -3 9 -3 9 -4 9 -3 9 -3 9 -4 8 -4 9 -5 9 -4 10 -4 10 -4 10 -4 10 -5 10 -4 10 -6 11 -5 10 -6 11 -5 11 -5 11 -5 11 -6 11 -5 11 -5 0 0 0 0 0 0 0 0 0 0]"""
"""1770911350233155,CSI_DATA,STATION,00:00:00:00:00:00,0,0,0,0,0,0,0,0,0,0,0,0,0,0,0,0,0,0,0,0,0,128,[84 -64 4 0 0 0 0 0 0 0 0 0 11 -14 12 -14 12 -14 13 -13 13 -13 14 -13 14 -12 14 -12 14 -11 14 -11 14 -11 14 -11 14 -10 14 -10 14 -10 14 -10 15 -10 15 -9 15 -10 14 -10 14 -10 14 -10 14 -9 14 -10 14 -10 14 -11 0 0 14 -11 14 -11 14 -11 14 -11 14 -11 14 -12 14 -12 14 -12 14 -12 14 -13 14 -14 14 -13 15 -13 15 -14 15 -14 16 -15 15 -15 16 -16 16 -16 16 -16 16 -16 16 -16 17 -17 17 -17 18 -16 18 -17 0 0 0 0 0 0 0 0 0 0]"""
"""1770911350238166,CSI_DATA,STATION,00:00:00:00:00:00,0,0,0,0,0,0,0,0,0,0,0,0,0,0,0,0,0,0,0,0,0,128,[84 -64 4 0 0 0 0 0 0 0 0 0 12 13 11 13 11 14 11 14 10 15 10 15 9 15 9 15 9 15 8 15 8 16 8 15 8 15 8 15 7 15 8 16 7 16 7 15 7 15 7 15 7 15 7 15 7 15 7 15 8 15 8 15 0 0 8 15 9 15 8 15 9 15 9 15 10 15 10 15 10 15 10 15 11 15 11 15 12 15 12 15 12 16 13 16 13 16 14 16 13 16 14 16 14 16 14 17 14 17 15 17 15 18 15 18 15 18 0 0 0 0 0 0 0 0 0 0]"""
"""1770911350245443,CSI_DATA,STATION,00:00:00:00:00:00,0,0,0,0,0,0,0,0,0,0,0,0,0,0,0,0,0,0,0,0,0,128,[84 -64 4 0 0 0 0 0 0 0 0 0 10 15 9 16 9 15 9 16 8 16 8 16 7 16 7 17 6 16 6 16 6 16 6 17 6 16 5 16 5 17 5 16 5 17 5 16 5 16 5 16 5 16 5 16 5 16 5 16 6 16 6 16 0 0 7 16 7 16 7 16 7 16 7 16 8 16 8 16 8 16 9 16 9 16 9 16 9 16 10 17 11 18 10 17 11 18 11 17 11 18 12 18 12 18 13 18 12 19 13 19 13 19 13 20 13 20 0 0 0 0 0 0 0 0 0 0]"""
"""1770911350250922,CSI_DATA,STATION,00:00:00:00:00:00,0,0,0,0,0,0,0,0,0,0,0,0,0,0,0,0,0,0,0,0,0,128,[84 -64 4 0 0 0 0 0 0 0 0 0 -17 9 -18 8 -17 8 -18 7 -17 6 -18 6 -18 6 -18 5 -18 4 -18 4 -18 4 -18 4 -18 4 -18 3 -18 3 -18 4 -18 3 -17 3 -18 3 -17 3 -17 3 -17 3 -17 3 -17 3 -17 4 -17 4 0 0 -17 4 -17 4 -18 5 -17 4 -18 5 -18 5 -18 5 -18 5 -18 5 -18 6 -19 7 -19 7 -19 7 -20 7 -20 7 -21 8 -20 7 -21 8 -21 8 -21 8 -22 8 -22 8 -22 9 -23 9 -23 8 -23 9 0 0 0 0 0 0 0 0 0 0]"""
"""1770911350253748,CSI_DATA,STATION,00:00:00:00:00:00,0,0,0,0,0,0,0,0,0,0,0,0,0,0,0,0,0,0,0,0,0,128,[84 -64 4 0 0 0 0 0 0 0 0 0 4 18 3 18 3 18 2 18 1 18 1 18 0 17 0 18 0 17 0 17 0 18 0 18 0 18 -1 17 -1 18 -1 17 -2 17 -2 17 -2 17 -1 17 -1 17 -1 17 -1 17 -1 17 0 17 0 17 0 0 0 17 0 18 1 18 0 17 1 18 1 18 1 18 2 18 2 18 2 18 3 19 3 19 3 19 3 20 3 20 4 21 4 20 4 21 4 21 4 21 5 22 4 23 5 22 6 23 5 23 5 24 0 0 0 0 0 0 0 0 0 0]"""
"""1770911350261463,CSI_DATA,STATION,00:00:00:00:00:00,0,0,0,0,0,0,0,0,0,0,0,0,0,0,0,0,0,0,0,0,0,128,[84 -64 4 0 0 0 0 0 0 0 0 0 -18 -5 -19 -7 -18 -7 -18 -7 -17 -8 -18 -8 -17 -8 -17 -9 -16 -9 -16 -9 -16 -9 -16 -9 -16 -9 -16 -10 -16 -10 -15 -10 -16 -10 -15 -10 -16 -10 -15 -10 -15 -10 -15 -9 -15 -9 -16 -9 -16 -9 -16 -9 0 0 -16 -9 -16 -9 -17 -9 -16 -8 -17 -8 -18 -8 -17 -8 -18 -8 -18 -8 -18 -7 -19 -7 -19 -7 -19 -7 -21 -7 -20 -7 -21 -8 -20 -7 -21 -7 -22 -8 -22 -7 -23 -7 -22 -8 -23 -7 -24 -7 -24 -8 -24 -8 0 0 0 0 0 0 0 0 0 0]"""
"""1770911350264231,CSI_DATA,STATION,00:00:00:00:00:00,0,0,0,0,0,0,0,0,0,0,0,0,0,0,0,0,0,0,0,0,0,128,[84 -64 4 0 0 0 0 0 0 0 0 0 3 -10 3 -10 3 -10 3 -9 3 -9 3 -10 4 -9 4 -9 5 -9 4 -9 4 -9 4 -9 4 -9 5 -8 5 -8 5 -9 5 -8 4 -8 4 -8 5 -8 4 -8 4 -8 4 -8 5 -9 4 -8 4 -9 0 0 5 -9 4 -8 4 -9 4 -9 4 -9 4 -9 4 -9 4 -10 4 -10 3 -9 3 -10 3 -10 3 -10 3 -10 4 -11 4 -11 3 -11 3 -12 4 -12 3 -12 4 -12 4 -11 3 -12 3 -13 4 -12 4 -13 0 0 0 0 0 0 0 0 0 0]"""
"""1770911350269642,CSI_DATA,STATION,00:00:00:00:00:00,0,0,0,0,0,0,0,0,0,0,0,0,0,0,0,0,0,0,0,0,0,128,[84 -64 4 0 0 0 0 0 0 0 0 0 8 0 9 0 9 1 9 1 8 1 9 1 9 1 9 1 8 2 8 2 8 2 8 2 8 2 8 2 8 3 8 2 8 3 8 2 8 3 8 2 8 2 8 2 7 2 8 2 8 2 8 2 0 0 8 2 7 2 9 2 8 1 9 2 9 2 9 1 9 2 9 1 9 1 9 1 9 1 10 1 10 1 10 1 10 1 10 1 11 1 11 1 11 1 11 1 11 1 11 1 12 1 12 1 12 1 0 0 0 0 0 0 0 0 0 0]"""
"""1770911350274327,CSI_DATA,STATION,00:00:00:00:00:00,0,0,0,0,0,0,0,0,0,0,0,0,0,0,0,0,0,0,0,0,0,128,[84 -64 4 0 0 0 0 0 0 0 0 0 -8 7 -8 8 -8 7 -9 7 -8 6 -9 6 -9 6 -9 6 -9 6 -9 5 -9 6 -10 5 -9 5 -9 5 -9 5 -10 5 -10 5 -9 5 -9 5 -9 5 -9 4 -9 4 -9 5 -10 5 -9 5 -9 5 0 0 -10 5 -9 6 -9 6 -9 6 -9 6 -10 6 -9 6 -9 6 -10 7 -9 7 -10 8 -9 7 -9 7 -9 8 -10 7 -10 8 -10 8 -10 8 -10 9 -10 8 -11 9 -11 8 -10 9 -11 9 -11 9 -11 9 0 0 0 0 0 0 0 0 0 0]"""
"""1770911350279785,CSI_DATA,STATION,00:00:00:00:00:00,0,0,0,0,0,0,0,0,0,0,0,0,0,0,0,0,0,0,0,0,0,128,[84 -64 4 0 0 0 0 0 0 0 0 0 1 10 1 10 0 10 0 10 0 10 0 10 -1 10 -1 10 -1 10 -1 10 -1 10 -1 10 -1 10 -1 9 -2 9 -2 10 -2 10 -2 9 -2 9 -2 9 -2 9 -2 9 -2 9 -2 10 -1 9 -2 10 0 0 -2 9 -1 9 -1 10 -1 10 -1 10 -1 10 -1 10 -1 10 -2 10 -1 10 -1 11 0 11 0 11 0 11 -1 11 -1 12 0 11 -1 12 -1 13 -1 12 -1 13 -1 13 0 13 0 13 0 13 -1 14 0 0 0 0 0 0 0 0 0 0]"""
"""1770911350285218,CSI_DATA,STATION,00:00:00:00:00:00,0,0,0,0,0,0,0,0,0,0,0,0,0,0,0,0,0,0,0,0,0,128,[84 -64 4 0 0 0 0 0 0 0 0 0 -8 19 -9 19 -9 18 -10 19 -10 18 -11 18 -11 17 -12 17 -12 16 -12 16 -12 17 -12 17 -12 16 -12 16 -13 16 -13 15 -13 15 -13 15 -13 15 -13 14 -13 15 -13 15 -12 15 -12 16 -12 16 -12 16 0 0 -12 16 -12 16 -12 17 -11 16 -12 17 -12 17 -11 18 -11 18 -12 18 -11 18 -10 19 -11 20 -11 20 -11 21 -11 20 -12 21 -11 21 -11 22 -12 22 -12 22 -12 23 -13 23 -11 23 -11 24 -12 24 -13 25 0 0 0 0 0 0 0 0 0 0]"""
"""1770911350292440,CSI_DATA,STATION,00:00:00:00:00:00,0,0,0,0,0,0,0,0,0,0,0,0,0,0,0,0,0,0,0,0,0,128,[84 -64 4 0 0 0 0 0 0 0 0 0 -6 19 -8 19 -8 19 -9 19 -9 18 -10 19 -10 18 -11 18 -11 17 -11 17 -11 17 -12 17 -12 17 -12 16 -12 16 -11 16 -12 16 -12 16 -12 16 -12 16 -12 16 -11 16 -12 15 -12 16 -11 16 -11 17 0 0 -11 16 -11 17 -10 17 -10 17 -11 17 -10 18 -10 18 -10 18 -10 18 -10 19 -10 20 -10 19 -10 20 -10 21 -10 21 -10 22 -10 22 -10 23 -10 23 -10 23 -10 23 -11 24 -11 24 -11 25 -12 24 -12 25 0 0 0 0 0 0 0 0 0 0]"""
"""1770911350295223,CSI_DATA,STATION,00:00:00:00:00:00,0,0,0,0,0,0,0,0,0,0,0,0,0,0,0,0,0,0,0,0,0,128,[84 -64 4 0 0 0 0 0 0 0 0 0 -8 19 -9 19 -9 18 -10 18 -10 18 -12 18 -11 17 -12 17 -12 16 -12 16 -12 17 -12 16 -12 17 -12 16 -13 16 -12 16 -13 16 -12 15 -12 15 -12 15 -12 15 -12 15 -12 15 -12 16 -11 16 -11 17 0 0 -11 16 -11 17 -11 17 -10 17 -11 17 -11 18 -10 18 -10 18 -10 18 -10 19 -10 20 -10 20 -10 20 -10 22 -9 21 -10 22 -9 22 -10 23 -10 23 -10 23 -10 24 -11 24 -10 24 -10 25 -10 25 -10 26 0 0 0 0 0 0 0 0 0 0]"""
"""1770911350300631,CSI_DATA,STATION,00:00:00:00:00:00,0,0,0,0,0,0,0,0,0,0,0,0,0,0,0,0,0,0,0,0,0,128,[84 -64 4 0 0 0 0 0 0 0 0 0 -7 -6 -7 -7 -7 -7 -7 -7 -6 -7 -6 -8 -6 -8 -6 -8 -5 -8 -6 -8 -6 -8 -6 -8 -6 -8 -6 -8 -6 -8 -5 -8 -5 -8 -5 -8 -5 -8 -5 -8 -5 -8 -5 -8 -5 -8 -5 -8 -5 -8 -5 -8 0 0 -5 -8 -6 -8 -6 -8 -6 -8 -6 -8 -6 -8 -6 -8 -7 -8 -6 -8 -7 -8 -7 -8 -7 -8 -7 -8 -8 -8 -7 -8 -8 -8 -8 -8 -8 -8 -8 -8 -9 -9 -8 -9 -9 -9 -9 -9 -9 -9 -9 -9 -9 -9 0 0 0 0 0 0 0 0 0 0]"""
"""1770911350305520,CSI_DATA,STATION,00:00:00:00:00:00,0,0,0,0,0,0,0,0,0,0,0,0,0,0,0,0,0,0,0,0,0,128,[84 -64 4 0 0 0 0 0 0 0 0 0 -3 9 -4 8 -4 8 -4 8 -4 8 -5 8 -5 8 -5 8 -6 7 -5 7 -5 8 -5 7 -5 7 -5 7 -6 7 -6 7 -5 7 -6 7 -5 6 -6 6 -6 6 -5 7 -6 7 -5 7 -5 7 -5 7 0 0 -5 7 -5 7 -5 7 -5 8 -5 8 -5 7 -5 8 -5 8 -5 8 -5 8 -5 9 -5 8 -5 8 -5 9 -5 9 -5 9 -5 10 -5 10 -5 10 -6 10 -5 10 -5 10 -6 10 -5 11 -6 11 -6 11 0 0 0 0 0 0 0 0 0 0]"""
"""1770911350310568,CSI_DATA,STATION,00:00:00:00:00:00,0,0,0,0,0,0,0,0,0,0,0,0,0,0,0,0,0,0,0,0,0,128,[84 -64 4 0 0 0 0 0 0 0 0 0 5 -18 6 -18 6 -17 7 -18 7 -17 8 -17 8 -16 9 -17 9 -16 9 -16 8 -16 9 -16 9 -16 9 -16 10 -15 9 -15 10 -15 10 -15 10 -15 10 -15 10 -15 9 -15 9 -15 8 -15 8 -16 8 -16 0 0 8 -16 8 -16 8 -16 8 -16 8 -16 8 -17 8 -17 8 -17 8 -17 7 -18 7 -19 7 -19 7 -19 7 -20 8 -20 8 -21 7 -21 7 -21 8 -22 8 -21 8 -22 8 -22 7 -22 7 -23 8 -24 8 -24 0 0 0 0 0 0 0 0 0 0]"""
"""1770911350315701,CSI_DATA,STATION,00:00:00:00:00:00,0,0,0,0,0,0,0,0,0,0,0,0,0,0,0,0,0,0,0,0,0,128,[84 -64 4 0 0 0 0 0 0 0 0 0 -20 -9 -19 -10 -19 -10 -19 -10 -18 -11 -18 -12 -18 -12 -17 -13 -17 -12 -16 -13 -17 -13 -17 -13 -16 -13 -16 -13 -16 -14 -16 -13 -16 -13 -16 -13 -16 -14 -15 -13 -16 -13 -16 -13 -15 -13 -16 -12 -16 -12 -16 -12 0 0 -16 -12 -17 -12 -17 -12 -17 -12 -18 -12 -18 -12 -18 -11 -18 -12 -19 -11 -19 -11 -20 -11 -20 -11 -20 -11 -21 -12 -21 -11 -22 -11 -22 -11 -23 -12 -23 -12 -23 -12 -24 -12 -24 -12 -24 -12 -25 -12 -25 -13 -25 -13 0 0 0 0 0 0 0 0 0 0]"""
"""1770911350323392,CSI_DATA,STATION,00:00:00:00:00:00,0,0,0,0,0,0,0,0,0,0,0,0,0,0,0,0,0,0,0,0,0,128,[84 -64 4 0 0 0 0 0 0 0 0 0 7 16 6 17 6 17 5 17 5 17 4 18 4 17 3 18 3 17 3 17 3 17 3 17 3 17 2 17 2 17 2 17 1 17 1 17 2 17 2 17 1 17 2 17 2 17 2 17 2 17 3 17 0 0 3 17 3 17 3 17 3 17 3 17 4 17 4 18 4 17 4 18 5 18 5 18 5 18 6 19 6 19 6 19 6 20 7 20 7 20 7 20 6 20 7 21 7 22 7 21 8 22 7 22 7 22 0 0 0 0 0 0 0 0 0 0]"""
"""1770911350328519,CSI_DATA,STATION,00:00:00:00:00:00,0,0,0,0,0,0,0,0,0,0,0,0,0,0,0,0,0,0,0,0,0,128,[84 -64 4 0 0 0 0 0 0 0 0 0 16 -13 17 -13 16 -12 17 -12 17 -11 18 -11 18 -9 18 -10 18 -9 18 -9 18 -9 18 -9 18 -9 18 -9 19 -8 18 -8 18 -8 18 -7 19 -8 18 -8 18 -8 18 -8 17 -8 18 -8 17 -9 18 -9 0 0 18 -9 18 -9 18 -10 17 -9 18 -10 18 -10 18 -10 18 -11 18 -11 17 -11 18 -12 18 -12 19 -13 20 -13 19 -13 20 -14 19 -14 20 -15 21 -15 20 -15 21 -15 21 -15 20 -15 21 -17 22 -16 22 -17 0 0 0 0 0 0 0 0 0 0]"""
"""1770911350333377,CSI_DATA,STATION,00:00:00:00:00:00,0,0,0,0,0,0,0,0,0,0,0,0,0,0,0,0,0,0,0,0,0,128,[84 -64 4 0 0 0 0 0 0 0 0 0 -19 -1 -19 -2 -19 -3 -19 -3 -19 -3 -19 -4 -18 -4 -18 -5 -18 -5 -18 -6 -18 -6 -18 -7 -17 -7 -17 -6 -17 -7 -18 -6 -17 -6 -17 -7 -17 -7 -17 -6 -17 -7 -17 -6 -17 -7 -17 -6 -17 -6 -17 -6 0 0 -17 -5 -18 -5 -17 -5 -18 -5 -18 -5 -19 -5 -19 -4 -19 -4 -19 -4 -19 -4 -20 -4 -20 -4 -20 -4 -21 -4 -21 -4 -21 -3 -22 -3 -22 -4 -23 -3 -23 -3 -23 -3 -23 -3 -24 -4 -25 -4 -24 -4 -25 -4 0 0 0 0 0 0 0 0 0 0]"""
"""1770911350338214,CSI_DATA,STATION,00:00:00:00:00:00,0,0,0,0,0,0,0,0,0,0,0,0,0,0,0,0,0,0,0,0,0,128,[84 -64 4 0 0 0 0 0 0 0 0 0 -13 -14 -12 -15 -12 -15 -12 -15 -11 -15 -11 -16 -10 -16 -10 -16 -9 -16 -9 -17 -10 -16 -9 -17 -9 -17 -9 -17 -8 -17 -9 -16 -8 -16 -8 -17 -8 -17 -8 -17 -8 -17 -8 -16 -8 -16 -8 -16 -9 -16 -9 -16 0 0 -9 -16 -9 -16 -9 -16 -9 -16 -9 -16 -10 -16 -10 -16 -11 -17 -10 -16 -11 -16 -12 -17 -12 -17 -12 -17 -13 -17 -13 -18 -13 -18 -13 -18 -13 -18 -14 -19 -14 -18 -14 -19 -14 -19 -15 -19 -15 -20 -15 -20 -15 -20 0 0 0 0 0 0 0 0 0 0]"""
"""1770911350343314,CSI_DATA,STATION,00:00:00:00:00:00,0,0,0,0,0,0,0,0,0,0,0,0,0,0,0,0,0,0,0,0,0,128,[84 -64 4 0 0 0 0 0 0 0 0 0 5 -9 6 -9 6 -9 6 -8 6 -8 7 -8 7 -8 7 -8 8 -7 7 -7 7 -8 7 -8 7 -7 7 -7 7 -7 7 -7 7 -7 7 -7 7 -7 7 -6 7 -7 7 -7 7 -7 7 -7 7 -7 7 -7 0 0 7 -7 6 -7 7 -7 7 -8 7 -8 7 -8 7 -8 7 -9 7 -9 6 -9 6 -10 6 -9 7 -9 7 -9 7 -10 7 -10 7 -10 7 -11 7 -11 7 -11 7 -11 7 -11 7 -11 7 -12 7 -12 8 -12 0 0 0 0 0 0 0 0 0 0]"""
"""1770911350348527,CSI_DATA,STATION,00:00:00:00:00:00,0,0,0,0,0,0,0,0,0,0,0,0,0,0,0,0,0,0,0,0,0,128,[84 -64 4 0 0 0 0 0 0 0 0 0 -9 -4 -9 -5 -9 -5 -9 -6 -9 -5 -9 -5 -8 -6 -8 -6 -8 -6 -8 -6 -8 -6 -8 -6 -8 -7 -8 -7 -8 -7 -8 -6 -7 -6 -8 -6 -8 -7 -7 -7 -7 -6 -8 -7 -7 -6 -8 -7 -8 -6 -8 -6 0 0 -8 -6 -8 -6 -8 -6 -8 -5 -9 -6 -8 -6 -9 -6 -9 -6 -9 -6 -9 -5 -10 -5 -9 -5 -10 -6 -10 -6 -10 -6 -10 -5 -11 -6 -11 -5 -11 -6 -11 -5 -11 -6 -11 -6 -11 -6 -12 -6 -12 -6 -12 -6 0 0 0 0 0 0 0 0 0 0]"""
"""1770911350353923,CSI_DATA,STATION,00:00:00:00:00:00,0,0,0,0,0,0,0,0,0,0,0,0,0,0,0,0,0,0,0,0,0,128,[84 -64 4 0 0 0 0 0 0 0 0 0 0 9 0 9 0 9 -1 9 -1 9 -1 9 -2 9 -2 9 -2 8 -2 8 -2 9 -2 8 -2 8 -2 8 -3 8 -3 8 -3 8 -3 8 -2 8 -2 8 -3 8 -2 8 -3 8 -2 8 -2 8 -2 9 0 0 -2 8 -1 8 -2 9 -2 9 -2 9 -2 9 -2 9 -1 9 -2 9 -1 9 -1 9 -1 9 -1 10 -1 10 -1 10 -1 10 0 10 -1 11 -1 11 -1 11 -1 11 0 11 0 11 0 11 -1 12 -1 12 0 0 0 0 0 0 0 0 0 0]"""
"""1770911350358777,CSI_DATA,STATION,00:00:00:00:00:00,0,0,0,0,0,0,0,0,0,0,0,0,0,0,0,0,0,0,0,0,0,128,[84 -64 4 0 0 0 0 0 0 0 0 0 7 4 7 5 7 5 7 5 6 5 6 5 6 6 6 6 5 6 6 6 5 6 6 6 5 6 6 6 5 7 5 6 5 6 5 6 5 7 5 7 5 7 5 6 5 6 6 6 6 6 5 6 0 0 5 6 6 6 6 6 6 6 6 6 6 6 6 6 7 6 7 6 7 6 7 6 7 6 7 6 8 6 7 6 8 6 8 6 8 6 8 6 8 6 9 7 8 7 9 7 9 7 9 7 9 7 0 0 0 0 0 0 0 0 0 0]"""
"""1770911350364351,CSI_DATA,STATION,00:00:00:00:00:00,0,0,0,0,0,0,0,0,0,0,0,0,0,0,0,0,0,0,0,0,0,128,[84 -64 4 0 0 0 0 0 0 0 0 0 10 0 10 1 10 1 10 1 10 2 9 1 9 2 9 2 9 2 10 3 9 2 9 3 9 3 9 3 9 3 9 3 8 3 9 3 9 3 9 4 8 4 9 4 9 3 9 3 9 3 9 3 0 0 9 3 9 3 9 3 9 2 10 3 9 3 10 3 10 2 10 2 10 2 10 2 10 2 10 2 11 2 11 2 11 2 12 2 12 2 12 2 12 2 12 2 12 3 13 2 13 2 13 2 13 2 0 0 0 0 0 0 0 0 0 0]"""
"""1770911350369969,CSI_DATA,STATION,00:00:00:00:00:00,0,0,0,0,0,0,0,0,0,0,0,0,0,0,0,0,0,0,0,0,0,128,[84 -64 4 0 0 0 0 0 0 0 0 0 16 8 15 9 15 9 15 10 14 10 14 11 14 11 14 11 13 11 13 12 13 12 13 12 12 12 12 12 12 12 12 12 11 13 11 12 12 12 11 12 11 12 11 12 11 13 11 12 12 12 12 12 0 0 12 12 13 12 12 12 13 12 13 12 13 12 14 11 14 12 14 11 14 11 15 11 15 12 15 12 16 12 16 12 16 12 17 12 17 12 17 12 18 13 18 13 18 13 19 13 19 13 19 14 19 14 0 0 0 0 0 0 0 0 0 0]"""
"""1770911350373137,CSI_DATA,STATION,00:00:00:00:00:00,0,0,0,0,0,0,0,0,0,0,0,0,0,0,0,0,0,0,0,0,0,128,[84 -64 4 0 0 0 0 0 0 0 0 0 8 -3 9 -3 8 -2 8 -2 9 -2 9 -2 9 -1 9 -1 9 -1 9 -1 9 -1 8 -1 8 0 8 0 8 -1 8 -1 8 0 8 -1 8 0 8 0 8 0 8 0 8 -1 8 0 8 -1 9 -1 0 0 8 -1 8 -1 8 -1 9 -2 9 -1 9 -2 9 -2 9 -2 9 -2 9 -2 9 -2 9 -2 9 -2 10 -2 10 -3 10 -3 10 -3 10 -3 11 -3 11 -3 11 -3 10 -3 11 -3 11 -3 12 -3 12 -4 0 0 0 0 0 0 0 0 0 0]"""
"""1770911350386347,CSI_DATA,STATION,00:00:00:00:00:00,0,0,0,0,0,0,0,0,0,0,0,0,0,0,0,0,0,0,0,0,0,128,[14 -32 0 0 0 0 0 0 0 0 0 0 1 -18 2 -19 2 -18 3 -19 3 -18 4 -19 4 -18 5 -18 5 -18 5 -18 5 -18 6 -17 6 -17 6 -17 7 -17 6 -17 7 -17 7 -17 7 -17 6 -17 7 -17 6 -16 7 -16 6 -17 6 -17 5 -17 0 0 5 -17 6 -17 6 -17 5 -17 5 -18 5 -18 5 -18 5 -19 5 -18 4 -19 4 -20 4 -19 4 -20 4 -20 4 -20 4 -21 4 -21 4 -22 4 -23 4 -22 4 -23 4 -23 4 -23 4 -24 4 -24 4 -25 0 0 0 0 0 0 0 0 0 0]"""
"""1770911350393034,CSI_DATA,STATION,00:00:00:00:00:00,0,0,0,0,0,0,0,0,0,0,0,0,0,0,0,0,0,0,0,0,0,128,[84 -64 4 0 0 0 0 0 0 0 0 0 18 9 17 10 17 10 17 11 16 11 16 12 16 12 16 13 15 13 15 13 15 13 15 13 14 13 14 14 14 14 14 14 13 14 13 14 14 14 13 14 13 14 13 14 13 14 14 14 14 13 14 13 0 0 14 13 14 13 15 13 15 13 15 13 16 13 15 13 16 13 16 13 17 12 17 12 17 12 18 13 19 13 18 13 19 13 19 13 20 14 20 13 20 14 21 14 21 14 22 14 22 14 22 15 22 15 0 0 0 0 0 0 0 0 0 0]"""
"""1770911350397533,CSI_DATA,STATION,00:00:00:00:00:00,0,0,0,0,0,0,0,0,0,0,0,0,0,0,0,0,0,0,0,0,0,128,[84 -64 4 0 0 0 0 0 0 0 0 0 17 -5 17 -4 17 -4 18 -3 17 -2 18 -2 18 -1 18 -1 17 -1 17 -1 18 -1 18 -1 18 -1 17 0 17 0 18 0 17 0 17 0 18 0 17 0 17 0 17 0 17 0 17 0 17 -1 17 -1 0 0 17 -1 17 -1 18 -2 17 -2 18 -2 18 -2 18 -2 18 -2 18 -2 18 -3 19 -4 19 -4 19 -4 20 -4 20 -5 20 -5 20 -6 21 -6 21 -6 21 -5 22 -6 22 -6 22 -7 23 -7 22 -7 23 -7 0 0 0 0 0 0 0 0 0 0]"""
"""1770911350404780,CSI_DATA,STATION,00:00:00:00:00:00,0,0,0,0,0,0,0,0,0,0,0,0,0,0,0,0,0,0,0,0,0,128,[84 -64 4 0 0 0 0 0 0 0 0 0 7 5 7 5 7 5 6 5 6 6 6 5 6 6 6 6 6 6 6 6 5 6 5 6 6 6 5 6 5 6 5 6 5 6 5 6 5 6 5 7 5 6 6 7 5 6 5 6 6 7 5 6 0 0 5 6 6 6 6 6 6 6 6 6 6 6 7 6 7 6 7 6 7 6 7 6 7 6 7 7 8 6 8 6 8 6 9 6 8 6 8 6 9 6 9 6 9 7 9 7 9 6 9 7 9 7 0 0 0 0 0 0 0 0 0 0]"""
"""1770911350410176,CSI_DATA,STATION,00:00:00:00:00:00,0,0,0,0,0,0,0,0,0,0,0,0,0,0,0,0,0,0,0,0,0,128,[84 -64 4 0 0 0 0 0 0 0 0 0 8 -3 8 -3 8 -2 8 -2 9 -1 9 -2 9 -1 9 -1 9 -1 9 0 9 -1 9 -1 9 0 8 0 8 0 8 0 8 0 8 0 8 0 8 1 8 0 8 0 8 0 9 0 8 0 9 0 0 0 8 0 9 0 9 0 9 -1 9 0 9 -1 9 -1 9 -1 9 -1 9 -1 9 -2 9 -1 10 -1 10 -1 10 -2 10 -2 10 -2 11 -2 11 -2 10 -2 11 -2 11 -1 11 -2 11 -2 12 -2 12 -2 0 0 0 0 0 0 0 0 0 0]"""
"""1770911350415596,CSI_DATA,STATION,00:00:00:00:00:00,0,0,0,0,0,0,0,0,0,0,0,0,0,0,0,0,0,0,0,0,0,128,[84 -64 4 0 0 0 0 0 0 0 0 0 13 -12 14 -11 14 -11 15 -10 15 -10 16 -9 16 -9 16 -9 16 -8 16 -8 16 -8 16 -8 16 -8 16 -8 16 -7 17 -7 16 -6 16 -6 16 -7 16 -6 17 -6 16 -6 16 -6 16 -7 16 -7 16 -7 0 0 16 -7 16 -7 16 -7 16 -8 16 -8 17 -8 16 -8 17 -8 16 -8 16 -9 17 -10 17 -10 17 -10 17 -10 18 -11 18 -11 18 -11 18 -12 19 -12 19 -11 19 -12 20 -11 20 -13 20 -13 20 -13 20 -13 0 0 0 0 0 0 0 0 0 0]"""
"""1770911350420074,CSI_DATA,STATION,00:00:00:00:00:00,0,0,0,0,0,0,0,0,0,0,0,0,0,0,0,0,0,0,0,0,0,128,[84 -64 4 0 0 0 0 0 0 0 0 0 -13 13 -14 12 -14 12 -14 12 -14 11 -15 11 -15 10 -15 10 -15 10 -16 9 -15 10 -16 10 -16 9 -16 9 -17 9 -16 9 -16 8 -16 8 -16 8 -16 8 -16 8 -16 8 -16 8 -16 9 -16 9 -16 9 0 0 -16 9 -16 9 -16 9 -16 9 -16 9 -16 10 -16 10 -16 10 -16 10 -16 11 -16 12 -16 12 -16 12 -17 13 -16 13 -17 13 -17 14 -17 13 -18 13 -18 14 -18 14 -19 14 -18 15 -18 16 -19 15 -19 15 0 0 0 0 0 0 0 0 0 0]"""
"""1770911350425097,CSI_DATA,STATION,00:00:00:00:00:00,0,0,0,0,0,0,0,0,0,0,0,0,0,0,0,0,0,0,0,0,0,128,[84 -64 4 0 0 0 0 0 0 0 0 0 -8 -7 -8 -7 -8 -7 -8 -8 -8 -8 -8 -8 -7 -8 -7 -8 -7 -8 -7 -8 -7 -8 -7 -8 -7 -9 -6 -9 -7 -9 -6 -8 -6 -9 -6 -8 -6 -9 -6 -9 -6 -9 -6 -9 -6 -9 -6 -9 -6 -9 -6 -9 0 0 -6 -9 -6 -9 -7 -9 -7 -9 -7 -9 -7 -9 -7 -9 -7 -9 -7 -9 -8 -8 -8 -9 -8 -9 -8 -9 -8 -9 -8 -9 -8 -9 -9 -10 -9 -9 -9 -9 -9 -10 -9 -10 -10 -10 -10 -10 -10 -10 -10 -10 -10 -10 0 0 0 0 0 0 0 0 0 0]"""
"""1770911350430590,CSI_DATA,STATION,00:00:00:00:00:00,0,0,0,0,0,0,0,0,0,0,0,0,0,0,0,0,0,0,0,0,0,128,[84 -64 4 0 0 0 0 0 0 0 0 0 -9 -16 -9 -16 -8 -16 -9 -17 -7 -17 -7 -18 -7 -17 -6 -18 -6 -17 -5 -18 -5 -18 -5 -18 -5 -18 -4 -18 -4 -18 -5 -18 -4 -18 -3 -18 -4 -19 -4 -18 -4 -18 -4 -18 -3 -18 -4 -18 -4 -18 -4 -18 0 0 -5 -18 -5 -18 -5 -18 -5 -18 -5 -18 -6 -18 -6 -18 -6 -19 -6 -18 -7 -19 -7 -19 -7 -19 -7 -19 -8 -20 -7 -20 -8 -21 -8 -21 -8 -22 -9 -22 -9 -21 -9 -22 -9 -22 -9 -22 -9 -23 -9 -23 -9 -23 0 0 0 0 0 0 0 0 0 0]"""
"""1770911350435879,CSI_DATA,STATION,00:00:00:00:00:00,0,0,0,0,0,0,0,0,0,0,0,0,0,0,0,0,0,0,0,0,0,128,[84 -64 4 0 0 0 0 0 0 0 0 0 -5 17 -6 17 -6 16 -7 17 -7 16 -8 16 -8 16 -9 16 -9 15 -9 15 -9 16 -9 16 -10 15 -10 15 -10 15 -10 14 -11 15 -11 14 -11 15 -10 14 -10 14 -10 14 -10 14 -10 15 -10 15 -10 15 0 0 -10 15 -10 15 -10 15 -10 15 -10 15 -9 16 -9 16 -9 16 -10 16 -9 16 -9 17 -9 18 -9 18 -9 19 -10 18 -10 19 -9 19 -10 19 -10 20 -10 20 -9 21 -11 21 -9 21 -10 22 -10 22 -10 23 0 0 0 0 0 0 0 0 0 0]"""
"""1770911350440878,CSI_DATA,STATION,00:00:00:00:00:00,0,0,0,0,0,0,0,0,0,0,0,0,0,0,0,0,0,0,0,0,0,128,[84 -64 4 0 0 0 0 0 0 0 0 0 -3 -9 -3 -9 -3 -9 -3 -10 -2 -9 -2 -10 -2 -9 -2 -9 -1 -9 -2 -9 -1 -10 -1 -10 -1 -9 -1 -9 -1 -10 -1 -9 0 -9 0 -9 -1 -10 -1 -9 -1 -9 -1 -10 0 -9 -1 -10 -1 -9 -1 -10 0 0 -1 -10 -2 -10 -2 -10 -1 -10 -1 -10 -2 -10 -2 -10 -2 -10 -2 -10 -2 -10 -2 -10 -2 -10 -2 -10 -2 -11 -2 -11 -2 -11 -3 -11 -3 -12 -2 -11 -2 -12 -3 -12 -3 -12 -3 -12 -3 -12 -3 -12 -3 -13 0 0 0 0 0 0 0 0 0 0]"""
"""1770911350446203,CSI_DATA,STATION,00:00:00:00:00:00,0,0,0,0,0,0,0,0,0,0,0,0,0,0,0,0,0,0,0,0,0,128,[84 -64 4 0 0 0 0 0 0 0 0 0 -1 -10 0 -10 -1 -10 0 -10 0 -10 1 -10 1 -10 1 -10 2 -9 1 -10 2 -10 2 -10 2 -10 2 -10 2 -9 2 -10 2 -9 3 -9 2 -10 3 -9 3 -9 3 -9 3 -9 2 -10 2 -10 2 -10 0 0 3 -9 2 -10 2 -10 2 -10 2 -10 2 -10 2 -10 2 -10 2 -10 2 -10 2 -11 1 -10 1 -11 2 -11 2 -11 2 -12 2 -12 2 -12 2 -12 2 -12 2 -12 2 -12 2 -13 1 -13 2 -13 2 -13 0 0 0 0 0 0 0 0 0 0]"""
"""1770911350451499,CSI_DATA,STATION,00:00:00:00:00:00,0,0,0,0,0,0,0,0,0,0,0,0,0,0,0,0,0,0,0,0,0,128,[84 -64 4 0 0 0 0 0 0 0 0 0 -13 -13 -12 -14 -12 -14 -12 -14 -12 -15 -11 -15 -11 -15 -10 -16 -10 -16 -10 -16 -10 -16 -9 -16 -9 -17 -9 -17 -8 -17 -9 -16 -8 -16 -8 -17 -8 -17 -8 -17 -8 -17 -8 -16 -8 -17 -8 -16 -9 -16 -9 -16 0 0 -9 -16 -9 -16 -9 -16 -10 -16 -10 -16 -10 -17 -11 -17 -11 -17 -11 -16 -11 -16 -12 -17 -12 -17 -12 -17 -12 -17 -13 -18 -13 -18 -14 -18 -13 -19 -14 -19 -14 -18 -14 -19 -14 -19 -15 -19 -15 -20 -15 -20 -15 -20 0 0 0 0 0 0 0 0 0 0]"""
"""1770911350456906,CSI_DATA,STATION,00:00:00:00:00:00,0,0,0,0,0,0,0,0,0,0,0,0,0,0,0,0,0,0,0,0,0,128,[84 -64 4 0 0 0 0 0 0 0 0 0 -7 6 -7 6 -8 5 -8 5 -8 5 -9 5 -9 5 -8 5 -9 4 -9 4 -9 5 -9 4 -9 4 -9 4 -9 3 -9 4 -9 4 -8 3 -9 3 -9 3 -9 3 -9 3 -9 3 -9 4 -9 3 -9 4 0 0 -9 4 -9 4 -9 4 -9 4 -9 4 -9 4 -9 4 -9 4 -9 5 -9 5 -9 6 -9 5 -9 5 -9 6 -10 5 -10 6 -10 6 -10 7 -10 7 -10 6 -10 7 -10 6 -11 6 -10 7 -11 7 -11 7 0 0 0 0 0 0 0 0 0 0]"""
"""1770911350462368,CSI_DATA,STATION,00:00:00:00:00:00,0,0,0,0,0,0,0,0,0,0,0,0,0,0,0,0,0,0,0,0,0,128,[84 -64 4 0 0 0 0 0 0 0 0 0 -6 17 -7 16 -7 16 -7 16 -8 16 -9 16 -9 15 -9 16 -10 15 -10 15 -10 15 -10 15 -11 15 -11 14 -11 14 -11 15 -11 14 -11 14 -11 14 -11 14 -11 14 -11 14 -11 14 -11 14 -11 14 -10 14 0 0 -10 14 -11 15 -10 15 -10 15 -10 15 -10 16 -10 16 -10 16 -10 16 -10 17 -10 17 -10 17 -10 18 -10 18 -10 19 -10 18 -10 19 -10 19 -10 20 -10 20 -10 21 -10 21 -10 21 -11 22 -11 22 -11 22 0 0 0 0 0 0 0 0 0 0]"""
"""1770911350467384,CSI_DATA,STATION,00:00:00:00:00:00,0,0,0,0,0,0,0,0,0,0,0,0,0,0,0,0,0,0,0,0,0,128,[84 -64 4 0 0 0 0 0 0 0 0 0 -5 9 -5 9 -5 9 -5 10 -5 9 -6 9 -6 9 -6 8 -7 8 -6 8 -7 8 -7 8 -7 8 -7 8 -7 8 -7 8 -7 8 -7 8 -7 8 -7 8 -7 7 -7 8 -7 7 -7 8 -7 8 -7 8 0 0 -7 8 -6 8 -6 9 -6 8 -7 9 -7 9 -7 9 -6 9 -7 9 -6 9 -6 10 -6 10 -6 10 -6 11 -6 10 -6 11 -6 11 -6 11 -6 12 -6 11 -6 12 -6 12 -6 12 -6 12 -7 13 -7 13 0 0 0 0 0 0 0 0 0 0]"""
"""1770911350473036,CSI_DATA,STATION,00:00:00:00:00:00,0,0,0,0,0,0,0,0,0,0,0,0,0,0,0,0,0,0,0,0,0,128,[84 -64 4 0 0 0 0 0 0 0 0 0 -6 8 -7 8 -6 7 -7 8 -7 7 -8 7 -8 7 -8 6 -8 6 -8 6 -8 7 -8 6 -8 6 -8 6 -8 6 -9 6 -9 6 -8 6 -8 5 -9 5 -9 5 -9 5 -9 5 -8 6 -8 6 -9 6 0 0 -9 6 -8 6 -8 7 -9 6 -9 6 -9 6 -9 7 -9 6 -9 7 -8 7 -9 8 -8 8 -9 8 -9 8 -9 8 -9 9 -9 8 -9 9 -9 9 -9 9 -10 9 -10 9 -9 9 -9 10 -10 10 -10 10 0 0 0 0 0 0 0 0 0 0]"""
"""1770911350478137,CSI_DATA,STATION,00:00:00:00:00:00,0,0,0,0,0,0,0,0,0,0,0,0,0,0,0,0,0,0,0,0,0,128,[84 -64 4 0 0 0 0 0 0 0 0 0 5 8 4 8 4 8 4 9 4 9 3 9 3 9 3 9 2 9 3 9 3 9 3 9 3 9 3 9 2 10 2 9 2 9 2 9 2 9 2 10 1 10 2 9 2 9 3 9 3 9 3 9 0 0 2 9 3 9 3 10 3 9 3 10 3 10 3 10 3 10 3 10 3 9 5 10 4 10 5 10 5 11 4 10 5 11 5 10 6 11 5 11 5 11 5 11 5 12 6 12 7 11 6 12 6 12 0 0 0 0 0 0 0 0 0 0]"""
"""1770911350482742,CSI_DATA,STATION,00:00:00:00:00:00,0,0,0,0,0,0,0,0,0,0,0,0,0,0,0,0,0,0,0,0,0,128,[84 -64 4 0 0 0 0 0 0 0 0 0 -3 -18 -2 -19 -2 -18 -1 -19 0 -18 0 -19 1 -18 1 -19 1 -19 1 -18 1 -18 2 -19 2 -18 2 -18 3 -19 2 -18 3 -19 3 -18 3 -19 3 -18 3 -18 2 -18 3 -17 3 -18 2 -18 2 -18 0 0 2 -19 2 -18 2 -19 2 -18 2 -19 1 -19 1 -19 1 -20 1 -19 0 -19 0 -20 0 -20 0 -21 0 -22 0 -21 -1 -23 -1 -21 -1 -23 -1 -23 -1 -23 -1 -24 -1 -24 -1 -23 -1 -25 -1 -25 -1 -26 0 0 0 0 0 0 0 0 0 0]"""
"""1770911350488350,CSI_DATA,STATION,00:00:00:00:00:00,0,0,0,0,0,0,0,0,0,0,0,0,0,0,0,0,0,0,0,0,0,128,[84 -64 4 0 0 0 0 0 0 0 0 0 -6 -6 -6 -6 -6 -7 -6 -7 -6 -7 -5 -7 -5 -7 -5 -7 -5 -7 -5 -8 -5 -7 -5 -7 -5 -8 -5 -8 -5 -9 -5 -8 -4 -8 -4 -7 -4 -8 -4 -8 -4 -8 -4 -8 -4 -8 -4 -8 -5 -8 -5 -8 0 0 -5 -8 -5 -8 -5 -8 -5 -8 -5 -8 -5 -9 -5 -8 -5 -8 -5 -8 -6 -8 -6 -8 -6 -8 -6 -9 -6 -9 -6 -9 -6 -9 -7 -9 -7 -9 -6 -9 -7 -9 -7 -9 -7 -9 -7 -9 -8 -9 -7 -10 -7 -9 0 0 0 0 0 0 0 0 0 0]"""
"""1770911350493056,CSI_DATA,STATION,00:00:00:00:00:00,0,0,0,0,0,0,0,0,0,0,0,0,0,0,0,0,0,0,0,0,0,128,[84 -64 4 0 0 0 0 0 0 0 0 0 -13 -13 -13 -14 -13 -14 -12 -14 -12 -15 -11 -15 -11 -15 -11 -16 -10 -16 -10 -16 -10 -16 -10 -16 -10 -16 -9 -16 -9 -17 -9 -16 -8 -16 -8 -17 -8 -17 -8 -16 -8 -16 -9 -17 -8 -18 -9 -16 -9 -17 -10 -17 0 0 -10 -15 -10 -17 -9 -19 -12 -18 -11 -15 -10 -18 -8 -17 -11 -16 -12 -17 -11 -18 -10 -18 -10 -19 -15 -18 -13 -20 -11 -16 -14 -16 -11 -19 -10 -20 -15 -23 -12 -23 -15 -16 -12 -21 -12 -18 -13 -20 -14 -23 -16 -21 0 0 0 0 0 0 0 0 0 0]"""
"""1770911350498556,CSI_DATA,STATION,00:00:00:00:00:00,0,0,0,0,0,0,0,0,0,0,0,0,0,0,0,0,0,0,0,0,0,128,[84 -64 4 0 0 0 0 0 0 0 0 0 -5 -7 -5 -8 -5 -8 -5 -8 -5 -8 -5 -8 -5 -8 -4 -9 -4 -8 -4 -9 -4 -9 -3 -9 -4 -9 -4 -9 -4 -9 -4 -9 -3 -9 -3 -8 -3 -9 -3 -9 -3 -9 -3 -9 -3 -8 -3 -9 -4 -9 -4 -9 0 0 -4 -9 -4 -9 -4 -9 -4 -9 -5 -9 -4 -10 -5 -9 -5 -10 -5 -9 -5 -9 -5 -10 -5 -9 -5 -9 -5 -10 -5 -10 -6 -10 -6 -10 -6 -11 -6 -10 -6 -10 -6 -11 -7 -10 -6 -11 -7 -11 -7 -11 -6 -11 0 0 0 0 0 0 0 0 0 0]"""
"""1770911350503873,CSI_DATA,STATION,00:00:00:00:00:00,0,0,0,0,0,0,0,0,0,0,0,0,0,0,0,0,0,0,0,0,0,128,[84 -64 4 0 0 0 0 0 0 0 0 0 15 7 15 8 15 8 15 9 14 9 15 10 14 10 14 11 13 11 13 11 14 11 13 11 13 11 13 11 13 12 13 11 13 12 12 12 13 12 13 11 13 12 13 11 12 12 13 12 13 11 13 11 0 0 14 11 13 11 14 11 14 11 15 11 15 11 15 11 15 11 15 11 15 10 16 10 17 10 17 10 18 11 17 10 18 11 18 10 19 11 19 10 19 11 20 11 20 11 20 11 21 11 21 12 21 12 0 0 0 0 0 0 0 0 0 0]"""
"""1770911350509008,CSI_DATA,STATION,00:00:00:00:00:00,0,0,0,0,0,0,0,0,0,0,0,0,0,0,0,0,0,0,0,0,0,128,[84 -64 4 0 0 0 0 0 0 0 0 0 -8 -4 -8 -4 -8 -5 -8 -5 -8 -6 -8 -5 -7 -6 -8 -6 -7 -6 -8 -7 -8 -6 -7 -6 -7 -7 -7 -7 -7 -7 -7 -6 -7 -6 -7 -6 -7 -7 -7 -7 -7 -7 -7 -7 -7 -7 -7 -7 -7 -7 -7 -7 0 0 -7 -7 -7 -6 -7 -7 -7 -6 -8 -7 -8 -7 -8 -7 -8 -7 -8 -6 -8 -6 -9 -6 -9 -6 -9 -6 -9 -7 -10 -6 -9 -6 -10 -7 -10 -7 -10 -6 -10 -7 -10 -7 -11 -7 -11 -7 -11 -7 -11 -7 -11 -7 0 0 0 0 0 0 0 0 0 0]"""
"""1770911350514216,CSI_DATA,STATION,00:00:00:00:00:00,0,0,0,0,0,0,0,0,0,0,0,0,0,0,0,0,0,0,0,0,0,128,[84 -64 4 0 0 0 0 0 0 0 0 0 -6 -8 -5 -8 -5 -8 -5 -8 -4 -9 -4 -8 -4 -8 -4 -8 -4 -9 -4 -9 -4 -9 -4 -8 -4 -9 -4 -9 -3 -9 -3 -9 -3 -9 -3 -9 -3 -9 -3 -9 -3 -9 -3 -9 -3 -9 -3 -9 -4 -9 -4 -9 0 0 -4 -9 -4 -9 -4 -9 -4 -9 -4 -9 -4 -10 -4 -10 -5 -9 -4 -9 -5 -9 -5 -9 -5 -9 -6 -9 -6 -10 -5 -10 -6 -10 -6 -10 -6 -10 -6 -10 -6 -10 -6 -10 -7 -11 -7 -11 -8 -11 -7 -11 -7 -11 0 0 0 0 0 0 0 0 0 0]"""
"""1770911350519828,CSI_DATA,STATION,00:00:00:00:00:00,0,0,0,0,0,0,0,0,0,0,0,0,0,0,0,0,0,0,0,0,0,128,[84 -64 4 0 0 0 0 0 0 0 0 0 8 3 7 3 8 4 7 4 8 4 7 4 7 5 7 5 7 5 7 5 7 5 7 5 7 5 7 5 7 6 7 5 6 5 7 5 6 6 7 6 6 6 7 6 6 6 7 6 7 6 7 5 0 0 7 6 7 6 7 5 7 5 7 6 7 6 7 6 7 6 8 5 8 5 9 5 8 6 9 6 9 6 9 5 9 5 10 6 9 5 10 6 10 5 10 6 10 6 10 6 11 6 11 6 11 5 0 0 0 0 0 0 0 0 0 0]"""
"""1770911350525054,CSI_DATA,STATION,00:00:00:00:00:00,0,0,0,0,0,0,0,0,0,0,0,0,0,0,0,0,0,0,0,0,0,128,[84 -64 4 0 0 0 0 0 0 0 0 0 -1 -10 0 -11 0 -10 0 -11 0 -11 0 -11 1 -10 1 -11 2 -11 1 -11 1 -11 2 -10 1 -11 1 -10 2 -10 2 -11 2 -10 2 -10 2 -11 2 -10 2 -10 2 -11 2 -10 2 -10 2 -11 2 -11 0 0 2 -11 1 -11 1 -11 1 -11 1 -11 1 -11 1 -11 0 -11 1 -12 0 -11 0 -12 0 -12 0 -13 0 -12 1 -13 0 -13 0 -13 0 -13 0 -14 0 -14 0 -14 0 -14 -1 -14 -1 -14 -1 -15 0 -15 0 0 0 0 0 0 0 0 0 0]"""
"""1770911350529739,CSI_DATA,STATION,00:00:00:00:00:00,0,0,0,0,0,0,0,0,0,0,0,0,0,0,0,0,0,0,0,0,0,128,[84 -64 4 0 0 0 0 0 0 0 0 0 19 0 20 1 19 1 19 1 19 2 20 3 19 3 19 4 19 4 19 4 20 5 19 5 19 5 19 5 19 6 19 5 19 6 18 6 19 6 19 6 18 6 18 6 18 6 19 6 19 5 19 5 0 0 19 5 19 5 20 5 19 5 20 5 21 4 20 4 21 4 21 4 21 3 22 3 22 3 22 3 23 3 23 3 24 3 24 2 25 3 25 2 25 3 26 3 26 3 26 2 27 2 27 3 27 2 0 0 0 0 0 0 0 0 0 0]"""
"""1770911350535316,CSI_DATA,STATION,00:00:00:00:00:00,0,0,0,0,0,0,0,0,0,0,0,0,0,0,0,0,0,0,0,0,0,128,[84 -64 4 0 0 0 0 0 0 0 0 0 -9 2 -9 2 -9 1 -10 1 -9 0 -10 1 -10 0 -10 0 -9 0 -9 0 -10 0 -9 0 -9 -1 -9 -1 -10 -1 -10 -1 -10 -1 -9 -1 -10 -1 -9 -1 -9 -1 -9 -1 -9 -1 -10 -1 -10 -1 -10 0 0 0 -10 0 -10 -1 -10 0 -10 0 -11 -1 -10 0 -10 -1 -10 0 -10 0 -11 1 -11 1 -11 0 -11 1 -11 1 -11 1 -12 1 -11 1 -12 1 -12 1 -12 1 -12 1 -12 1 -12 1 -13 2 -13 1 -13 2 0 0 0 0 0 0 0 0 0 0]"""
"""1770911350540635,CSI_DATA,STATION,00:00:00:00:00:00,0,0,0,0,0,0,0,0,0,0,0,0,0,0,0,0,0,0,0,0,0,128,[84 -64 4 0 0 0 0 0 0 0 0 0 -14 -10 -14 -12 -14 -11 -14 -12 -13 -12 -14 -13 -13 -13 -13 -13 -12 -14 -12 -14 -13 -14 -12 -14 -13 -14 -12 -14 -12 -15 -12 -14 -12 -15 -11 -15 -12 -15 -12 -15 -12 -15 -12 -14 -12 -14 -12 -14 -12 -14 -13 -14 0 0 -13 -14 -13 -14 -13 -14 -13 -14 -14 -14 -14 -13 -15 -13 -15 -13 -15 -13 -15 -13 -16 -13 -16 -13 -17 -13 -17 -14 -17 -14 -18 -14 -18 -13 -19 -14 -19 -15 -19 -14 -20 -14 -20 -14 -20 -14 -21 -14 -21 -15 -21 -15 0 0 0 0 0 0 0 0 0 0]"""
"""1770911350546114,CSI_DATA,STATION,00:00:00:00:00:00,0,0,0,0,0,0,0,0,0,0,0,0,0,0,0,0,0,0,0,0,0,128,[84 -64 4 0 0 0 0 0 0 0 0 0 8 0 8 0 8 1 8 1 8 1 8 1 8 2 8 2 8 2 8 2 8 2 8 2 8 2 8 2 8 3 8 2 8 3 8 2 8 3 8 3 8 3 8 3 8 3 9 2 8 3 8 2 0 0 8 2 8 2 8 2 9 2 9 2 9 2 9 2 9 2 9 2 9 1 9 1 10 1 10 2 10 2 10 1 10 1 11 1 11 1 11 1 11 1 11 1 11 2 12 1 12 1 12 1 12 1 0 0 0 0 0 0 0 0 0 0]"""
"""1770911350551302,CSI_DATA,STATION,00:00:00:00:00:00,0,0,0,0,0,0,0,0,0,0,0,0,0,0,0,0,0,0,0,0,0,128,[84 -64 4 0 0 0 0 0 0 0 0 0 -9 -1 -9 -1 -9 -2 -10 -3 -9 -3 -9 -3 -9 -3 -9 -3 -9 -3 -9 -4 -9 -3 -9 -3 -9 -4 -9 -4 -9 -4 -9 -4 -9 -4 -9 -4 -9 -4 -9 -5 -9 -4 -9 -4 -9 -4 -9 -4 -9 -4 -9 -4 0 0 -9 -4 -9 -4 -9 -4 -9 -3 -10 -4 -9 -4 -10 -4 -10 -4 -10 -3 -10 -3 -11 -3 -11 -3 -11 -3 -11 -3 -11 -3 -11 -3 -11 -3 -12 -3 -12 -3 -12 -3 -12 -3 -12 -3 -12 -3 -13 -3 -13 -3 -13 -3 0 0 0 0 0 0 0 0 0 0]"""
"""1770911350556410,CSI_DATA,STATION,00:00:00:00:00:00,0,0,0,0,0,0,0,0,0,0,0,0,0,0,0,0,0,0,0,0,0,128,[84 -64 4 0 0 0 0 0 0 0 0 0 3 -19 4 -19 4 -20 4 -19 5 -19 6 -19 6 -19 7 -19 7 -19 8 -19 7 -19 8 -19 8 -19 8 -19 9 -18 8 -19 9 -18 9 -18 9 -19 9 -19 9 -18 9 -18 10 -18 9 -18 9 -18 9 -18 0 0 8 -19 8 -19 8 -19 8 -19 8 -19 9 -20 8 -20 8 -20 8 -20 8 -21 7 -22 8 -21 8 -22 8 -23 7 -23 7 -23 7 -24 8 -25 8 -25 8 -25 8 -26 8 -25 8 -26 8 -27 8 -26 8 -27 0 0 0 0 0 0 0 0 0 0]"""
"""1770911350559232,CSI_DATA,STATION,00:00:00:00:00:00,0,0,0,0,0,0,0,0,0,0,0,0,0,0,0,0,0,0,0,0,0,128,[84 -64 4 0 0 0 0 0 0 0 0 0 -9 -17 -9 -18 -9 -18 -8 -18 -7 -18 -7 -20 -6 -19 -6 -20 -6 -19 -6 -19 -6 -20 -6 -20 -5 -20 -5 -20 -4 -20 -5 -20 -4 -21 -3 -20 -4 -21 -4 -20 -4 -21 -4 -20 -4 -20 -4 -20 -4 -21 -5 -20 0 0 -5 -20 -5 -20 -5 -21 -5 -21 -5 -21 -5 -21 -6 -21 -6 -21 -6 -21 -7 -21 -8 -22 -7 -22 -8 -22 -8 -23 -8 -23 -8 -24 -9 -23 -9 -25 -9 -25 -9 -25 -9 -26 -9 -25 -10 -25 -10 -26 -10 -27 -10 -27 0 0 0 0 0 0 0 0 0 0]"""
"""1770911350566175,CSI_DATA,STATION,00:00:00:00:00:00,0,0,0,0,0,0,0,0,0,0,0,0,0,0,0,0,0,0,0,0,0,128,[84 -64 4 0 0 0 0 0 0 0 0 0 3 8 3 8 2 9 2 9 2 9 2 9 2 9 1 9 1 9 1 10 1 9 1 10 1 9 1 9 0 10 0 9 0 9 0 9 1 10 0 10 0 10 0 10 0 9 1 10 1 10 1 10 0 0 1 10 1 9 2 10 1 10 1 10 2 10 2 10 2 10 2 10 2 10 2 10 2 10 3 11 3 11 2 11 3 12 4 11 4 11 3 12 4 11 4 12 4 12 4 12 5 12 4 13 4 13 0 0 0 0 0 0 0 0 0 0]"""
"""1770911350570772,CSI_DATA,STATION,00:00:00:00:00:00,0,0,0,0,0,0,0,0,0,0,0,0,0,0,0,0,0,0,0,0,0,128,[84 -64 4 0 0 0 0 0 0 0 0 0 -19 -7 -19 -8 -18 -8 -19 -8 -18 -9 -19 -10 -18 -10 -18 -10 -17 -11 -17 -11 -18 -11 -17 -11 -17 -11 -17 -12 -17 -13 -17 -12 -17 -13 -16 -12 -17 -13 -17 -12 -17 -13 -16 -12 -16 -12 -17 -12 -17 -12 -18 -12 0 0 -17 -12 -17 -12 -18 -12 -17 -12 -19 -12 -19 -12 -19 -11 -20 -11 -19 -11 -20 -11 -21 -11 -21 -11 -21 -11 -22 -12 -21 -12 -23 -12 -22 -11 -23 -12 -24 -12 -24 -12 -25 -11 -24 -12 -25 -12 -26 -12 -26 -12 -26 -12 0 0 0 0 0 0 0 0 0 0]"""
"""1770911350575333,CSI_DATA,STATION,00:00:00:00:00:00,0,0,0,0,0,0,0,0,0,0,0,0,0,0,0,0,0,0,0,0,0,128,[84 -64 4 0 0 0 0 0 0 0 0 0 13 -11 13 -10 14 -10 14 -10 15 -9 15 -8 15 -8 16 -8 16 -8 16 -7 16 -8 16 -8 16 -7 16 -7 16 -6 17 -7 16 -6 17 -6 17 -6 17 -6 17 -6 16 -6 17 -6 16 -7 16 -7 16 -7 0 0 16 -7 17 -7 16 -7 17 -8 16 -7 17 -8 17 -8 17 -8 17 -8 17 -9 17 -10 18 -10 18 -10 18 -10 19 -11 18 -11 19 -12 19 -11 20 -12 20 -11 20 -12 20 -11 21 -13 21 -13 21 -13 21 -13 0 0 0 0 0 0 0 0 0 0]"""
"""1770911350580637,CSI_DATA,STATION,00:00:00:00:00:00,0,0,0,0,0,0,0,0,0,0,0,0,0,0,0,0,0,0,0,0,0,128,[84 -64 4 0 0 0 0 0 0 0 0 0 -17 -9 -18 -10 -17 -10 -18 -11 -16 -11 -17 -12 -17 -12 -16 -13 -16 -13 -15 -13 -16 -13 -16 -13 -16 -14 -16 -14 -15 -15 -15 -14 -15 -15 -14 -15 -15 -16 -15 -15 -15 -15 -14 -15 -14 -15 -15 -15 -15 -15 -16 -14 0 0 -16 -15 -15 -15 -16 -15 -16 -14 -16 -15 -17 -15 -16 -15 -17 -15 -17 -15 -18 -14 -19 -14 -18 -14 -19 -14 -20 -15 -19 -15 -20 -16 -20 -15 -21 -16 -22 -16 -21 -16 -22 -16 -22 -17 -22 -16 -23 -17 -23 -17 -24 -18 0 0 0 0 0 0 0 0 0 0]"""
"""1770911350585831,CSI_DATA,STATION,00:00:00:00:00:00,0,0,0,0,0,0,0,0,0,0,0,0,0,0,0,0,0,0,0,0,0,128,[84 -64 4 0 0 0 0 0 0 0 0 0 -9 1 -9 1 -9 1 -9 0 -9 0 -9 0 -9 0 -10 0 -9 0 -9 -1 -10 -1 -9 -1 -9 -1 -9 -1 -9 -1 -9 -1 -9 -1 -9 -1 -10 -2 -9 -2 -9 -2 -9 -2 -9 -1 -10 -2 -10 -1 -10 -1 0 0 -10 -1 -10 -1 -10 -1 -10 0 -11 -1 -10 -1 -10 -1 -10 -1 -10 0 -10 0 -11 1 -11 0 -11 0 -11 0 -11 1 -12 1 -11 0 -12 1 -12 1 -12 1 -12 1 -13 1 -13 1 -13 1 -13 1 -13 1 0 0 0 0 0 0 0 0 0 0]"""
"""1770911350591308,CSI_DATA,STATION,00:00:00:00:00:00,0,0,0,0,0,0,0,0,0,0,0,0,0,0,0,0,0,0,0,0,0,128,[84 -64 4 0 0 0 0 0 0 0 0 0 9 -1 10 -1 9 0 10 0 10 0 10 0 10 0 9 1 10 1 10 1 10 1 10 1 10 2 10 2 10 2 9 2 9 2 9 2 10 3 10 3 9 3 10 3 9 2 10 2 10 3 10 2 0 0 10 2 10 2 11 2 10 1 11 2 11 2 11 2 11 2 11 2 10 1 11 1 11 2 12 2 12 2 12 1 13 1 13 1 13 0 13 1 13 1 14 1 13 2 14 1 14 1 14 1 14 1 0 0 0 0 0 0 0 0 0 0]"""
"""1770911350601169,CSI_DATA,STATION,00:00:00:00:00:00,0,0,0,0,0,0,0,0,0,0,0,0,0,0,0,0,0,0,0,0,0,128,[84 -64 4 0 0 0 0 0 0 0 0 0 -14 -10 -14 -11 -14 -11 -13 -12 -14 -12 -13 -13 -13 -13 -12 -14 -12 -13 -13 -14 -13 -13 -12 -14 -12 -14 -12 -14 -12 -15 -12 -14 -11 -15 -12 -15 -12 -15 -11 -15 -11 -15 -11 -15 -11 -15 -12 -14 -13 -14 -12 -14 0 0 -12 -14 -13 -14 -13 -14 -13 -14 -13 -14 -13 -15 -13 -14 -14 -15 -14 -15 -15 -14 -16 -14 -16 -14 -16 -14 -17 -15 -17 -15 -17 -15 -18 -15 -17 -15 -18 -16 -18 -16 -19 -16 -19 -16 -20 -16 -20 -16 -20 -16 -20 -16 0 0 0 0 0 0 0 0 0 0]"""
"""1770911350606708,CSI_DATA,STATION,00:00:00:00:00:00,0,0,0,0,0,0,0,0,0,0,0,0,0,0,0,0,0,0,0,0,0,128,[14 -32 0 0 0 0 0 0 0 0 0 0 -3 -17 -2 -17 -2 -17 -2 -18 -1 -17 -1 -18 -1 -18 0 -18 0 -18 1 -18 1 -18 1 -18 2 -18 2 -18 2 -19 1 -18 2 -18 2 -18 2 -19 2 -18 2 -18 2 -18 3 -18 2 -18 2 -18 2 -19 0 0 1 -19 1 -18 1 -19 1 -19 1 -19 1 -20 0 -19 0 -20 0 -20 0 -20 -1 -21 -1 -21 0 -21 -1 -22 -1 -22 -1 -23 -1 -23 -1 -24 -2 -24 -2 -24 -2 -24 -2 -24 -2 -24 -2 -26 -2 -25 -2 -26 0 0 0 0 0 0 0 0 0 0]"""
"""1770911350614391,CSI_DATA,STATION,00:00:00:00:00:00,0,0,0,0,0,0,0,0,0,0,0,0,0,0,0,0,0,0,0,0,0,128,[84 -64 4 0 0 0 0 0 0 0 0 0 18 3 18 4 18 4 18 4 18 5 18 6 18 7 18 7 18 7 18 7 18 8 18 7 18 8 18 8 17 9 17 9 17 10 17 9 17 10 17 9 17 10 17 9 17 10 17 9 17 9 18 9 0 0 18 9 18 10 18 9 18 9 19 10 19 9 19 9 19 9 19 9 19 8 20 8 20 9 21 9 22 9 21 9 22 9 22 9 24 9 23 9 24 9 24 10 24 10 25 9 26 10 25 10 26 11 0 0 0 0 0 0 0 0 0 0]"""
"""1770911350617022,CSI_DATA,STATION,00:00:00:00:00:00,0,0,0,0,0,0,0,0,0,0,0,0,0,0,0,0,0,0,0,0,0,128,[84 -64 4 0 0 0 0 0 0 0 0 0 3 8 2 8 2 9 2 9 2 9 1 9 1 9 1 9 0 9 1 10 0 10 1 10 0 9 0 9 0 10 0 10 0 9 -1 9 0 10 0 10 0 10 0 10 0 10 0 10 0 10 0 10 0 0 0 10 1 10 1 10 1 10 0 10 1 10 1 10 1 10 1 11 1 11 2 11 2 11 2 12 2 11 2 11 2 12 3 12 3 12 2 12 2 12 3 13 2 13 3 13 4 13 3 14 3 13 0 0 0 0 0 0 0 0 0 0]"""
"""1770911350623923,CSI_DATA,STATION,00:00:00:00:00:00,0,0,0,0,0,0,0,0,0,0,0,0,0,0,0,0,0,0,0,0,0,128,[84 -64 4 0 0 0 0 0 0 0 0 0 8 1 8 2 8 2 8 2 8 3 8 2 8 3 8 3 8 4 8 4 8 4 8 3 8 4 7 4 7 4 8 4 7 4 8 4 8 4 8 5 7 5 8 5 8 4 8 5 8 5 8 4 0 0 8 4 8 4 8 4 9 3 8 4 9 4 9 4 9 4 9 3 9 4 10 3 9 4 10 4 10 4 10 4 10 3 11 4 11 3 11 4 11 3 11 4 11 4 12 4 12 3 12 4 12 3 0 0 0 0 0 0 0 0 0 0]"""
"""1770911350629582,CSI_DATA,STATION,00:00:00:00:00:00,0,0,0,0,0,0,0,0,0,0,0,0,0,0,0,0,0,0,0,0,0,128,[84 -64 4 0 0 0 0 0 0 0 0 0 10 12 10 12 10 13 10 13 9 14 9 14 9 14 9 15 9 14 8 15 8 15 8 15 8 15 8 15 7 15 8 16 7 16 7 16 7 15 7 15 7 16 7 16 7 16 7 15 8 15 8 15 0 0 8 16 9 16 9 16 9 16 9 16 10 16 10 16 10 16 10 16 11 16 11 16 11 16 11 16 12 17 12 16 13 17 13 17 13 17 14 17 14 17 14 18 14 18 15 18 16 19 15 19 15 19 0 0 0 0 0 0 0 0 0 0]"""
"""1770911350634724,CSI_DATA,STATION,00:00:00:00:00:00,0,0,0,0,0,0,0,0,0,0,0,0,0,0,0,0,0,0,0,0,0,128,[84 -64 4 0 0 0 0 0 0 0 0 0 -2 -17 -1 -17 -1 -17 0 -17 0 -18 1 -18 2 -17 2 -18 3 -17 3 -18 2 -18 2 -18 3 -18 3 -18 4 -18 4 -18 4 -18 5 -18 5 -18 5 -18 5 -18 5 -17 5 -18 4 -18 4 -18 4 -18 0 0 4 -18 4 -18 4 -18 4 -18 4 -19 4 -19 4 -19 4 -20 4 -19 3 -20 3 -20 3 -21 3 -21 3 -22 3 -22 3 -22 3 -23 3 -23 4 -24 4 -23 4 -24 4 -24 3 -25 3 -25 3 -25 4 -26 0 0 0 0 0 0 0 0 0 0]"""
"""1770911350637275,CSI_DATA,STATION,00:00:00:00:00:00,0,0,0,0,0,0,0,0,0,0,0,0,0,0,0,0,0,0,0,0,0,128,[84 -64 4 0 0 0 0 0 0 0 0 0 -13 11 -13 10 -13 11 -14 10 -14 10 -15 9 -15 9 -15 9 -15 9 -16 8 -16 8 -16 8 -16 8 -16 8 -16 7 -16 8 -16 8 -16 7 -17 7 -17 7 -17 7 -17 8 -17 7 -17 8 -17 8 -17 8 0 0 -16 8 -16 9 -16 9 -17 9 -17 9 -17 10 -17 10 -17 10 -17 10 -17 11 -17 12 -17 11 -17 12 -17 12 -17 13 -18 13 -18 13 -18 13 -19 14 -19 14 -19 14 -19 14 -20 15 -20 15 -20 15 -20 15 0 0 0 0 0 0 0 0 0 0]"""
"""1770911350644974,CSI_DATA,STATION,00:00:00:00:00:00,0,0,0,0,0,0,0,0,0,0,0,0,0,0,0,0,0,0,0,0,0,128,[84 -64 4 0 0 0 0 0 0 0 0 0 -13 10 -14 10 -14 9 -14 10 -14 9 -16 9 -15 8 -16 7 -16 7 -16 7 -16 8 -16 7 -17 7 -16 7 -17 6 -17 7 -17 7 -17 6 -18 6 -17 6 -17 6 -17 6 -17 5 -17 6 -17 6 -17 7 0 0 -17 7 -17 7 -18 8 -17 7 -18 7 -18 8 -18 8 -18 8 -18 8 -18 8 -18 9 -18 9 -19 9 -19 10 -19 10 -20 11 -19 10 -20 11 -21 11 -21 11 -21 11 -21 11 -21 11 -22 13 -22 12 -22 12 0 0 0 0 0 0 0 0 0 0]"""
"""1770911350650616,CSI_DATA,STATION,00:00:00:00:00:00,0,0,0,0,0,0,0,0,0,0,0,0,0,0,0,0,0,0,0,0,0,128,[84 -64 4 0 0 0 0 0 0 0 0 0 -2 16 -3 16 -3 16 -4 16 -4 16 -5 16 -5 16 -6 16 -6 15 -6 16 -6 16 -6 16 -7 16 -7 16 -7 16 -7 16 -8 16 -7 16 -7 17 -8 16 -8 16 -7 16 -7 16 -7 16 -6 16 -7 17 0 0 -7 17 -6 17 -6 17 -6 17 -6 18 -6 18 -6 18 -6 18 -6 18 -6 18 -5 19 -5 19 -5 20 -5 21 -4 20 -5 21 -4 21 -5 22 -5 22 -4 22 -4 23 -4 23 -4 23 -4 24 -4 24 -4 25 0 0 0 0 0 0 0 0 0 0]"""
"""1770911350652950,CSI_DATA,STATION,00:00:00:00:00:00,0,0,0,0,0,0,0,0,0,0,0,0,0,0,0,0,0,0,0,0,0,128,[84 -64 4 0 0 0 0 0 0 0 0 0 5 6 4 6 4 6 4 6 4 7 4 7 4 7 4 7 3 7 4 8 3 7 3 7 3 8 3 8 3 8 3 8 3 7 3 7 3 8 3 8 3 8 3 8 3 8 3 8 3 8 3 8 0 0 3 8 4 8 4 8 3 8 4 8 4 9 4 8 4 8 4 8 4 8 5 8 5 9 5 9 5 9 5 9 5 9 6 9 6 9 6 9 6 9 6 9 6 10 6 10 7 10 7 10 7 10 0 0 0 0 0 0 0 0 0 0]"""
"""1770911350660271,CSI_DATA,STATION,00:00:00:00:00:00,0,0,0,0,0,0,0,0,0,0,0,0,0,0,0,0,0,0,0,0,0,128,[84 -64 4 0 0 0 0 0 0 0 0 0 -9 14 -9 14 -9 14 -10 13 -10 13 -11 13 -11 13 -12 13 -12 12 -12 13 -12 13 -12 13 -13 12 -12 12 -13 12 -13 13 -13 12 -13 12 -14 12 -13 12 -13 12 -13 12 -13 12 -13 13 -13 13 -13 13 0 0 -13 13 -13 14 -13 13 -13 14 -13 14 -13 14 -13 14 -13 15 -13 15 -13 15 -12 16 -13 16 -13 16 -13 17 -13 17 -13 18 -12 18 -13 18 -13 19 -13 19 -14 20 -14 19 -14 20 -13 21 -14 21 -14 21 0 0 0 0 0 0 0 0 0 0]"""
"""1770911350665337,CSI_DATA,STATION,00:00:00:00:00:00,0,0,0,0,0,0,0,0,0,0,0,0,0,0,0,0,0,0,0,0,0,128,[84 -64 4 0 0 0 0 0 0 0 0 0 -8 -3 -8 -3 -8 -3 -8 -4 -8 -4 -8 -4 -8 -4 -8 -4 -8 -5 -8 -5 -8 -5 -8 -5 -8 -5 -8 -5 -8 -6 -8 -6 -8 -5 -8 -5 -8 -6 -8 -7 -8 -6 -8 -6 -8 -6 -8 -6 -8 -6 -8 -6 0 0 -8 -6 -8 -6 -8 -6 -8 -5 -9 -6 -8 -6 -8 -7 -9 -6 -9 -6 -9 -6 -10 -6 -10 -6 -9 -6 -10 -6 -10 -6 -10 -6 -10 -6 -11 -6 -10 -6 -11 -7 -11 -7 -11 -7 -11 -7 -12 -7 -11 -7 -11 -7 0 0 0 0 0 0 0 0 0 0]"""
"""1770911350670944,CSI_DATA,STATION,00:00:00:00:00:00,0,0,0,0,0,0,0,0,0,0,0,0,0,0,0,0,0,0,0,0,0,128,[84 -64 4 0 0 0 0 0 0 0 0 0 -11 -13 -11 -14 -11 -13 -11 -14 -10 -14 -10 -15 -9 -15 -9 -16 -8 -16 -9 -16 -9 -16 -9 -16 -9 -16 -8 -17 -8 -17 -8 -16 -7 -17 -7 -17 -7 -18 -7 -17 -7 -17 -7 -17 -7 -17 -8 -17 -8 -17 -8 -17 0 0 -8 -17 -8 -17 -9 -18 -9 -17 -9 -18 -9 -18 -9 -18 -10 -18 -10 -18 -10 -17 -11 -18 -11 -18 -12 -18 -12 -19 -12 -19 -12 -20 -12 -19 -13 -20 -13 -21 -13 -20 -14 -21 -13 -21 -14 -20 -15 -21 -15 -22 -15 -22 0 0 0 0 0 0 0 0 0 0]"""
"""1770911350675885,CSI_DATA,STATION,00:00:00:00:00:00,0,0,0,0,0,0,0,0,0,0,0,0,0,0,0,0,0,0,0,0,0,128,[84 -64 4 0 0 0 0 0 0 0 0 0 -16 5 -17 4 -16 4 -17 4 -17 3 -18 3 -17 3 -18 3 -17 2 -18 2 -18 2 -18 1 -18 1 -18 1 -19 1 -18 1 -19 1 -18 1 -19 0 -18 1 -19 0 -18 1 -18 0 -18 1 -18 1 -19 1 0 0 -19 1 -19 2 -19 2 -19 2 -19 2 -20 3 -19 3 -20 2 -20 3 -20 3 -21 4 -21 4 -21 4 -22 4 -21 5 -22 5 -22 5 -23 5 -23 5 -23 6 -23 6 -24 6 -24 6 -25 6 -25 6 -25 6 0 0 0 0 0 0 0 0 0 0]"""
"""1770911350681371,CSI_DATA,STATION,00:00:00:00:00:00,0,0,0,0,0,0,0,0,0,0,0,0,0,0,0,0,0,0,0,0,0,128,[84 -64 4 0 0 0 0 0 0 0 0 0 -16 3 -17 3 -17 3 -17 2 -17 2 -18 1 -18 1 -18 0 -18 0 -18 0 -18 0 -18 0 -18 -1 -18 -1 -18 -2 -18 -1 -19 -2 -18 -2 -19 -2 -19 -2 -19 -2 -18 -2 -18 -2 -18 -2 -19 -1 -19 -1 0 0 -19 -1 -19 -1 -19 -1 -19 -1 -20 -1 -20 0 -20 0 -20 0 -20 0 -20 0 -21 1 -21 1 -21 1 -22 1 -22 1 -23 1 -22 1 -23 1 -24 1 -24 2 -24 2 -24 2 -25 2 -26 2 -25 2 -26 2 0 0 0 0 0 0 0 0 0 0]"""
"""1770911350684118,CSI_DATA,STATION,00:00:00:00:00:00,0,0,0,0,0,0,0,0,0,0,0,0,0,0,0,0,0,0,0,0,0,128,[84 -64 4 0 0 0 0 0 0 0 0 0 -7 -5 -7 -5 -7 -5 -8 -6 -7 -6 -7 -6 -7 -6 -7 -6 -6 -6 -7 -7 -7 -6 -7 -7 -7 -7 -6 -7 -7 -7 -6 -7 -6 -7 -6 -7 -7 -8 -6 -8 -6 -8 -6 -8 -6 -7 -7 -8 -7 -8 -6 -8 0 0 -6 -8 -6 -8 -7 -8 -7 -8 -7 -8 -7 -8 -7 -8 -7 -8 -7 -8 -7 -8 -8 -8 -8 -8 -8 -8 -8 -8 -8 -8 -9 -8 -9 -9 -9 -9 -8 -8 -9 -9 -9 -9 -9 -9 -9 -9 -10 -9 -10 -9 -10 -9 0 0 0 0 0 0 0 0 0 0]"""
"""1770911350689811,CSI_DATA,STATION,00:00:00:00:00:00,0,0,0,0,0,0,0,0,0,0,0,0,0,0,0,0,0,0,0,0,0,128,[84 -64 4 0 0 0 0 0 0 0 0 0 15 1 16 2 16 2 16 2 16 3 17 4 16 4 16 5 16 5 16 5 16 4 16 5 16 5 16 6 16 6 16 6 16 7 15 7 16 7 16 7 16 7 15 7 16 7 16 6 16 6 17 6 0 0 16 7 16 7 17 7 17 7 17 7 18 7 18 7 18 7 18 7 18 6 19 6 19 6 20 6 21 6 20 6 21 7 21 6 21 6 22 6 22 7 22 7 22 8 23 6 24 6 24 6 24 7 0 0 0 0 0 0 0 0 0 0]"""
"""1770911350694712,CSI_DATA,STATION,00:00:00:00:00:00,0,0,0,0,0,0,0,0,0,0,0,0,0,0,0,0,0,0,0,0,0,128,[84 -64 4 0 0 0 0 0 0 0 0 0 -6 -18 -5 -19 -6 -19 -5 -19 -4 -19 -4 -19 -4 -19 -3 -20 -3 -19 -2 -20 -2 -20 -2 -20 -2 -20 -1 -20 -1 -20 -2 -21 -1 -20 -1 -21 -1 -21 -1 -21 -1 -21 -1 -20 -1 -21 -1 -21 -1 -21 -2 -21 0 0 -2 -21 -2 -21 -2 -21 -2 -21 -2 -22 -3 -22 -3 -22 -3 -22 -4 -23 -4 -23 -4 -23 -4 -23 -4 -23 -5 -24 -5 -24 -5 -25 -5 -25 -5 -26 -6 -26 -6 -26 -6 -27 -7 -27 -7 -28 -7 -28 -6 -28 -7 -28 0 0 0 0 0 0 0 0 0 0]"""
"""1770911350700255,CSI_DATA,STATION,00:00:00:00:00:00,0,0,0,0,0,0,0,0,0,0,0,0,0,0,0,0,0,0,0,0,0,128,[84 -64 4 0 0 0 0 0 0 0 0 0 -8 16 -9 16 -9 16 -10 16 -10 15 -11 16 -11 15 -13 15 -12 15 -12 15 -12 16 -12 16 -12 15 -13 15 -14 15 -13 15 -14 15 -14 14 -15 15 -14 14 -15 14 -14 14 -14 14 -14 15 -13 15 -14 16 0 0 -14 16 -14 16 -14 17 -14 16 -14 17 -14 17 -14 17 -14 17 -14 17 -13 18 -13 19 -13 19 -13 20 -14 20 -13 20 -14 21 -13 21 -14 22 -14 21 -14 22 -15 22 -15 22 -14 23 -14 25 -14 25 -15 25 0 0 0 0 0 0 0 0 0 0]"""
"""1770911350705689,CSI_DATA,STATION,00:00:00:00:00:00,0,0,0,0,0,0,0,0,0,0,0,0,0,0,0,0,0,0,0,0,0,128,[84 -64 4 0 0 0 0 0 0 0 0 0 6 -15 7 -15 7 -15 7 -15 8 -15 9 -15 9 -14 9 -15 10 -14 10 -14 10 -15 10 -15 10 -15 10 -14 11 -14 11 -14 11 -14 12 -14 12 -14 11 -14 12 -14 12 -14 12 -13 12 -14 11 -14 11 -14 0 0 11 -14 12 -15 12 -15 11 -15 12 -16 12 -16 11 -16 11 -16 11 -16 11 -17 11 -17 11 -17 12 -17 12 -19 12 -18 12 -19 12 -19 12 -20 12 -20 12 -20 13 -21 13 -20 13 -21 13 -22 13 -22 14 -22 0 0 0 0 0 0 0 0 0 0]"""
"""1770911350711230,CSI_DATA,STATION,00:00:00:00:00:00,0,0,0,0,0,0,0,0,0,0,0,0,0,0,0,0,0,0,0,0,0,128,[84 -64 4 0 0 0 0 0 0 0 0 0 13 -9 13 -9 14 -9 14 -8 15 -8 15 -8 15 -7 15 -7 15 -7 16 -7 16 -7 16 -7 16 -6 16 -6 16 -6 16 -6 17 -6 17 -5 17 -6 17 -6 17 -6 16 -6 17 -5 17 -6 17 -6 17 -6 0 0 17 -7 17 -7 17 -7 17 -7 18 -7 18 -8 17 -8 18 -8 17 -8 17 -9 18 -9 18 -9 18 -9 19 -10 19 -11 19 -11 19 -11 20 -12 20 -12 20 -12 21 -12 20 -12 21 -13 21 -13 21 -13 22 -13 0 0 0 0 0 0 0 0 0 0]"""
"""1770911350716786,CSI_DATA,STATION,00:00:00:00:00:00,0,0,0,0,0,0,0,0,0,0,0,0,0,0,0,0,0,0,0,0,0,128,[84 -64 4 0 0 0 0 0 0 0 0 0 -3 -18 -3 -19 -3 -18 -2 -19 -2 -19 -1 -20 -1 -19 0 -20 0 -19 0 -20 0 -20 1 -20 1 -20 1 -20 2 -20 2 -20 2 -20 2 -20 2 -21 2 -21 2 -21 2 -20 2 -20 2 -21 2 -21 1 -21 0 0 1 -21 1 -21 1 -21 1 -21 1 -22 0 -22 0 -22 0 -23 0 -22 -1 -23 -1 -24 -1 -24 -1 -24 -1 -25 -1 -24 -1 -26 -2 -26 -2 -26 -2 -27 -2 -27 -2 -28 -2 -27 -2 -28 -3 -29 -2 -29 -2 -29 0 0 0 0 0 0 0 0 0 0]"""
"""1770911350721946,CSI_DATA,STATION,00:00:00:00:00:00,0,0,0,0,0,0,0,0,0,0,0,0,0,0,0,0,0,0,0,0,0,128,[84 -64 4 0 0 0 0 0 0 0 0 0 -2 -18 -1 -19 -1 -19 -1 -19 0 -19 1 -20 1 -19 1 -20 2 -20 2 -20 2 -20 2 -20 3 -20 3 -20 4 -20 3 -20 4 -20 4 -20 4 -21 4 -20 4 -21 4 -20 4 -20 4 -20 4 -21 4 -21 0 0 3 -21 3 -21 3 -21 3 -21 3 -22 3 -22 2 -22 2 -23 2 -23 2 -23 2 -24 2 -24 2 -24 2 -25 1 -25 2 -26 1 -26 1 -27 1 -27 1 -27 1 -27 1 -28 1 -28 1 -29 1 -29 1 -30 0 0 0 0 0 0 0 0 0 0]"""
"""1770911350727446,CSI_DATA,STATION,00:00:00:00:00:00,0,0,0,0,0,0,0,0,0,0,0,0,0,0,0,0,0,0,0,0,0,128,[84 -64 4 0 0 0 0 0 0 0 0 0 -1 -18 0 -19 0 -19 1 -19 2 -19 2 -19 2 -19 2 -20 3 -20 4 -20 3 -20 4 -20 4 -20 4 -20 5 -19 4 -20 5 -19 5 -20 5 -20 5 -20 5 -20 4 -20 5 -20 5 -20 5 -20 4 -21 0 0 4 -20 4 -21 3 -21 4 -21 3 -21 3 -22 3 -22 3 -22 3 -22 2 -23 2 -24 2 -23 2 -24 2 -24 2 -25 1 -25 1 -26 1 -26 1 -27 0 -27 1 -27 0 -27 1 -28 1 -29 1 -29 1 -29 0 0 0 0 0 0 0 0 0 0]"""
"""1770911350732995,CSI_DATA,STATION,00:00:00:00:00:00,0,0,0,0,0,0,0,0,0,0,0,0,0,0,0,0,0,0,0,0,0,128,[84 -64 4 0 0 0 0 0 0 0 0 0 -19 0 -19 -1 -19 -1 -20 -1 -19 -2 -20 -3 -19 -3 -20 -4 -19 -4 -19 -4 -20 -4 -20 -4 -20 -5 -20 -5 -20 -6 -20 -5 -20 -6 -20 -6 -20 -6 -20 -6 -20 -6 -20 -5 -20 -6 -20 -5 -21 -5 -21 -5 0 0 -21 -5 -21 -5 -21 -5 -21 -4 -21 -4 -22 -4 -22 -4 -23 -4 -23 -4 -23 -3 -24 -3 -24 -3 -24 -3 -25 -3 -25 -3 -25 -2 -26 -2 -26 -2 -27 -2 -27 -3 -28 -2 -28 -2 -28 -2 -29 -1 -29 -2 -30 -2 0 0 0 0 0 0 0 0 0 0]"""
"""1770911350738443,CSI_DATA,STATION,00:00:00:00:00:00,0,0,0,0,0,0,0,0,0,0,0,0,0,0,0,0,0,0,0,0,0,128,[84 -64 4 0 0 0 0 0 0 0 0 0 -17 7 -18 7 -18 6 -18 6 -19 5 -19 5 -19 4 -20 4 -19 3 -19 3 -20 4 -20 3 -20 3 -20 3 -21 2 -20 3 -20 2 -21 1 -21 1 -20 1 -21 1 -20 1 -21 1 -21 2 -21 3 -21 3 0 0 -21 2 -21 3 -22 3 -21 3 -22 3 -22 3 -22 3 -22 3 -22 4 -22 4 -23 6 -23 5 -23 6 -24 6 -24 5 -25 6 -24 6 -26 6 -26 6 -26 6 -27 6 -27 6 -27 8 -28 9 -28 8 -28 8 0 0 0 0 0 0 0 0 0 0]"""
"""1770911350743767,CSI_DATA,STATION,00:00:00:00:00:00,0,0,0,0,0,0,0,0,0,0,0,0,0,0,0,0,0,0,0,0,0,128,[84 -64 4 0 0 0 0 0 0 0 0 0 -7 -15 -6 -16 -6 -15 -6 -16 -5 -16 -5 -17 -5 -17 -4 -17 -4 -17 -3 -17 -4 -18 -3 -18 -3 -18 -3 -18 -2 -18 -3 -18 -2 -18 -2 -18 -2 -19 -2 -18 -2 -18 -2 -18 -1 -18 -2 -19 -2 -19 -2 -19 0 0 -2 -19 -2 -18 -2 -19 -3 -19 -3 -20 -3 -20 -3 -20 -3 -20 -4 -20 -4 -20 -4 -21 -4 -21 -4 -21 -4 -22 -5 -21 -5 -22 -5 -22 -5 -24 -6 -24 -5 -23 -6 -24 -6 -24 -6 -24 -6 -25 -5 -25 -6 -26 0 0 0 0 0 0 0 0 0 0]"""
"""1770911350746570,CSI_DATA,STATION,00:00:00:00:00:00,0,0,0,0,0,0,0,0,0,0,0,0,0,0,0,0,0,0,0,0,0,128,[84 -64 4 0 0 0 0 0 0 0 0 0 -7 4 -7 4 -7 3 -8 4 -8 3 -8 4 -8 3 -8 3 -8 3 -9 3 -9 3 -8 3 -9 2 -9 2 -9 2 -9 3 -9 2 -9 2 -9 2 -9 2 -9 2 -9 1 -9 2 -9 2 -9 2 -10 2 0 0 -9 2 -9 2 -9 2 -10 3 -10 2 -10 2 -10 2 -10 2 -10 3 -10 3 -11 3 -10 3 -10 3 -11 3 -11 4 -11 4 -11 3 -12 4 -12 4 -12 4 -12 4 -12 3 -12 4 -12 4 -12 5 -12 4 0 0 0 0 0 0 0 0 0 0]"""
"""1770911350751845,CSI_DATA,STATION,00:00:00:00:00:00,0,0,0,0,0,0,0,0,0,0,0,0,0,0,0,0,0,0,0,0,0,128,[84 -64 4 0 0 0 0 0 0 0 0 0 7 -2 8 -2 7 -1 8 -1 8 -1 8 -1 8 -1 8 0 8 0 8 0 9 0 8 0 8 1 8 1 9 1 8 0 8 1 8 1 9 1 9 1 8 1 9 1 9 1 9 1 9 1 9 0 0 0 9 1 9 1 9 1 9 0 9 1 10 0 9 0 9 0 10 0 9 0 10 0 10 0 10 0 11 0 11 0 11 -1 11 0 11 -1 12 -1 11 -1 12 -1 11 0 12 0 12 -1 12 -1 13 -1 0 0 0 0 0 0 0 0 0 0]"""
"""1770911350757015,CSI_DATA,STATION,00:00:00:00:00:00,0,0,0,0,0,0,0,0,0,0,0,0,0,0,0,0,0,0,0,0,0,128,[84 -64 4 0 0 0 0 0 0 0 0 0 8 -13 9 -14 9 -14 10 -13 10 -13 11 -13 11 -13 12 -12 12 -12 12 -12 12 -12 13 -12 13 -12 13 -12 13 -11 13 -12 13 -11 14 -11 14 -12 14 -12 14 -11 14 -11 14 -11 14 -12 14 -12 14 -12 0 0 14 -12 14 -12 14 -12 14 -12 14 -13 14 -13 14 -13 14 -14 14 -14 14 -14 14 -15 14 -15 14 -15 15 -16 14 -16 15 -17 15 -17 15 -17 15 -18 16 -18 16 -18 16 -18 16 -18 16 -19 16 -19 17 -19 0 0 0 0 0 0 0 0 0 0]"""
"""1770911350765046,CSI_DATA,STATION,00:00:00:00:00:00,0,0,0,0,0,0,0,0,0,0,0,0,0,0,0,0,0,0,0,0,0,128,[84 -64 4 0 0 0 0 0 0 0 0 0 -14 9 -14 8 -15 8 -15 8 -15 7 -16 7 -16 7 -16 6 -16 6 -17 6 -17 6 -17 6 -17 6 -17 5 -17 5 -17 6 -17 5 -18 5 -18 5 -17 5 -17 5 -17 5 -18 5 -18 5 -18 5 -18 6 0 0 -18 5 -18 6 -18 6 -18 6 -18 6 -18 7 -18 7 -18 7 -19 7 -19 8 -19 8 -19 8 -19 8 -20 9 -20 9 -20 9 -20 9 -21 10 -21 10 -21 10 -21 11 -22 11 -22 11 -22 11 -23 12 -23 11 0 0 0 0 0 0 0 0 0 0]"""
"""1770911350774945,CSI_DATA,STATION,00:00:00:00:00:00,0,0,0,0,0,0,0,0,0,0,0,0,0,0,0,0,0,0,0,0,0,128,[84 -64 4 0 0 0 0 0 0 0 0 0 17 -2 18 -2 17 -2 18 -1 18 0 18 1 18 0 19 1 18 1 19 2 19 2 19 2 19 2 19 3 19 3 19 2 19 4 19 3 19 3 19 3 19 4 19 3 19 4 19 3 19 3 20 3 0 0 20 3 20 3 20 2 20 3 21 2 21 2 21 2 22 2 21 1 22 1 22 1 22 1 23 1 24 0 24 0 24 0 25 0 25 0 26 0 26 0 26 0 26 0 27 0 28 -1 28 -1 28 0 0 0 0 0 0 0 0 0 0 0]"""
"""1770911350780434,CSI_DATA,STATION,00:00:00:00:00:00,0,0,0,0,0,0,0,0,0,0,0,0,0,0,0,0,0,0,0,0,0,128,[84 -64 4 0 0 0 0 0 0 0 0 0 6 -15 7 -15 7 -15 7 -15 8 -14 9 -15 9 -14 9 -14 9 -14 10 -14 10 -14 10 -15 11 -14 11 -14 11 -14 11 -14 12 -13 12 -13 12 -14 12 -14 12 -13 12 -13 12 -13 12 -14 12 -14 12 -14 0 0 12 -14 12 -14 12 -14 12 -14 12 -15 12 -15 12 -15 12 -16 12 -16 11 -16 12 -17 12 -17 12 -17 12 -18 13 -18 13 -18 12 -19 13 -19 13 -20 13 -20 13 -20 13 -20 13 -21 14 -21 14 -21 14 -21 0 0 0 0 0 0 0 0 0 0]"""
"""1770911350785809,CSI_DATA,STATION,00:00:00:00:00:00,0,0,0,0,0,0,0,0,0,0,0,0,0,0,0,0,0,0,0,0,0,128,[14 -32 0 0 0 0 0 0 0 0 0 0 -10 15 -11 15 -11 14 -12 15 -12 14 -13 14 -13 14 -14 14 -14 13 -14 13 -14 14 -14 14 -15 13 -15 13 -16 13 -15 13 -16 13 -16 12 -16 13 -16 12 -16 12 -16 12 -16 12 -16 13 -15 13 -16 14 0 0 -16 14 -16 13 -16 14 -16 14 -16 15 -16 15 -16 15 -16 15 -16 15 -15 16 -15 17 -16 17 -16 18 -17 18 -16 18 -17 19 -16 19 -17 19 -17 20 -17 20 -17 20 -18 20 -17 21 -18 22 -18 22 -18 23 0 0 0 0 0 0 0 0 0 0]"""
"""1770911350792462,CSI_DATA,STATION,00:00:00:00:00:00,0,0,0,0,0,0,0,0,0,0,0,0,0,0,0,0,0,0,0,0,0,128,[84 -64 4 0 0 0 0 0 0 0 0 0 -8 13 -10 13 -10 13 -10 13 -11 12 -12 13 -11 12 -12 12 -12 12 -12 12 -13 12 -13 12 -13 12 -13 11 -14 12 -13 11 -14 11 -14 10 -14 11 -14 11 -14 11 -14 11 -14 11 -14 11 -14 11 -14 12 0 0 -14 12 -14 12 -15 12 -14 11 -15 13 -14 13 -14 13 -14 13 -15 13 -14 14 -14 14 -15 15 -15 15 -16 16 -15 15 -16 16 -15 16 -16 17 -16 17 -16 17 -16 18 -17 18 -16 18 -17 18 -18 19 -18 19 0 0 0 0 0 0 0 0 0 0]"""
"""1770911350796873,CSI_DATA,STATION,00:00:00:00:00:00,0,0,0,0,0,0,0,0,0,0,0,0,0,0,0,0,0,0,0,0,0,128,[84 -64 4 0 0 0 0 0 0 0 0 0 -12 -14 -12 -15 -12 -15 -12 -15 -11 -16 -10 -16 -10 -17 -10 -17 -9 -18 -10 -17 -10 -18 -9 -18 -9 -18 -9 -18 -8 -19 -9 -19 -8 -19 -8 -19 -8 -20 -7 -19 -7 -20 -7 -20 -7 -19 -9 -19 -8 -20 -9 -20 0 0 -9 -20 -8 -20 -8 -20 -9 -19 -8 -20 -9 -21 -9 -21 -9 -21 -9 -21 -10 -21 -11 -21 -11 -21 -11 -22 -12 -22 -11 -22 -12 -23 -12 -23 -12 -24 -12 -25 -12 -24 -13 -25 -12 -25 -13 -25 -15 -26 -14 -26 -14 -26 0 0 0 0 0 0 0 0 0 0]"""
"""1770911350804301,CSI_DATA,STATION,00:00:00:00:00:00,0,0,0,0,0,0,0,0,0,0,0,0,0,0,0,0,0,0,0,0,0,128,[84 -64 4 0 0 0 0 0 0 0 0 0 -17 -8 -17 -8 -17 -8 -17 -9 -17 -10 -16 -10 -17 -10 -16 -11 -16 -11 -16 -12 -16 -12 -16 -12 -16 -13 -16 -13 -15 -13 -16 -13 -15 -14 -16 -14 -16 -14 -16 -14 -15 -14 -16 -14 -15 -14 -15 -14 -16 -14 -16 -14 0 0 -16 -14 -17 -14 -17 -14 -17 -14 -17 -14 -18 -14 -18 -13 -18 -14 -18 -14 -19 -14 -20 -14 -19 -14 -19 -14 -20 -14 -21 -15 -21 -14 -22 -15 -22 -15 -22 -15 -23 -15 -23 -15 -23 -15 -24 -16 -24 -16 -24 -16 -25 -17 0 0 0 0 0 0 0 0 0 0]"""
"""1770911350809329,CSI_DATA,STATION,00:00:00:00:00:00,0,0,0,0,0,0,0,0,0,0,0,0,0,0,0,0,0,0,0,0,0,128,[84 -64 4 0 0 0 0 0 0 0 0 0 16 4 17 5 16 6 17 6 16 7 17 8 17 8 16 9 16 8 16 9 16 10 17 10 16 10 16 10 16 11 16 10 16 11 15 11 17 12 16 11 16 11 16 11 15 11 16 11 16 11 17 11 0 0 16 11 17 11 17 11 17 11 18 12 19 11 18 11 18 11 18 10 19 11 20 11 20 11 20 11 21 12 20 10 22 11 22 10 24 11 23 11 23 11 24 11 24 11 24 12 25 12 25 12 26 13 0 0 0 0 0 0 0 0 0 0]"""
"""1770911350814941,CSI_DATA,STATION,00:00:00:00:00:00,0,0,0,0,0,0,0,0,0,0,0,0,0,0,0,0,0,0,0,0,0,128,[84 -64 4 0 0 0 0 0 0 0 0 0 -1 15 -2 15 -2 16 -2 16 -3 16 -4 16 -4 16 -5 16 -5 16 -5 16 -5 16 -5 16 -6 16 -6 16 -7 16 -6 16 -7 16 -7 16 -7 16 -7 16 -7 16 -7 16 -8 16 -7 16 -7 16 -7 17 0 0 -7 16 -7 17 -7 17 -7 17 -7 17 -7 18 -7 18 -7 18 -7 18 -7 19 -6 19 -7 19 -6 20 -7 20 -7 20 -6 21 -6 21 -7 21 -7 22 -7 22 -6 22 -7 22 -7 23 -7 24 -7 24 -7 24 0 0 0 0 0 0 0 0 0 0]"""
"""1770911350820150,CSI_DATA,STATION,00:00:00:00:00:00,0,0,0,0,0,0,0,0,0,0,0,0,0,0,0,0,0,0,0,0,0,128,[84 -64 4 0 0 0 0 0 0 0 0 0 -14 7 -15 7 -15 7 -15 7 -15 6 -16 6 -16 6 -17 5 -16 5 -16 4 -17 5 -17 5 -17 5 -17 4 -18 4 -17 4 -18 4 -17 3 -18 3 -18 3 -18 3 -18 3 -18 3 -18 4 -18 4 -18 4 0 0 -18 4 -18 5 -18 5 -18 4 -19 5 -19 5 -19 6 -19 5 -19 6 -19 6 -20 7 -20 7 -20 7 -21 8 -20 8 -21 8 -20 8 -22 8 -22 8 -22 9 -22 9 -23 9 -23 9 -24 11 -23 10 -24 10 0 0 0 0 0 0 0 0 0 0]"""
"""1770911350830801,CSI_DATA,STATION,00:00:00:00:00:00,0,0,0,0,0,0,0,0,0,0,0,0,0,0,0,0,0,0,0,0,0,128,[84 -64 4 0 0 0 0 0 0 0 0 0 3 -16 4 -16 3 -17 4 -16 5 -16 5 -16 5 -16 6 -17 6 -16 6 -16 6 -17 6 -16 7 -17 7 -16 7 -16 7 -17 7 -16 8 -16 8 -16 8 -16 8 -17 8 -16 8 -16 7 -17 7 -17 7 -17 0 0 7 -17 7 -18 7 -17 7 -18 7 -18 7 -19 7 -18 6 -19 6 -19 6 -20 5 -20 5 -20 6 -21 5 -21 6 -22 6 -22 5 -22 5 -22 5 -24 5 -23 5 -24 5 -24 4 -25 5 -25 5 -25 5 -26 0 0 0 0 0 0 0 0 0 0]"""
"""1770911350838522,CSI_DATA,STATION,00:00:00:00:00:00,0,0,0,0,0,0,0,0,0,0,0,0,0,0,0,0,0,0,0,0,0,128,[14 -32 0 0 0 0 0 0 0 0 0 0 -16 -7 -17 -9 -17 -9 -17 -10 -16 -10 -17 -11 -16 -11 -16 -12 -15 -12 -16 -12 -16 -12 -16 -13 -16 -13 -16 -13 -15 -13 -16 -14 -16 -14 -15 -14 -16 -15 -15 -15 -15 -15 -15 -14 -15 -14 -16 -14 -16 -14 -16 -14 0 0 -16 -14 -16 -14 -16 -14 -16 -14 -17 -14 -18 -15 -17 -14 -18 -15 -17 -14 -19 -14 -20 -14 -19 -14 -20 -14 -20 -14 -20 -15 -21 -15 -21 -14 -22 -15 -22 -16 -22 -16 -23 -16 -23 -16 -24 -15 -25 -16 -25 -16 -25 -16 0 0 0 0 0 0 0 0 0 0]"""
"""1770911350843599,CSI_DATA,STATION,00:00:00:00:00:00,0,0,0,0,0,0,0,0,0,0,0,0,0,0,0,0,0,0,0,0,0,128,[84 -64 4 0 0 0 0 0 0 0 0 0 -13 -10 -13 -11 -12 -11 -13 -12 -12 -12 -12 -13 -12 -13 -12 -14 -11 -14 -11 -14 -11 -14 -11 -15 -11 -14 -11 -15 -10 -15 -10 -15 -10 -16 -10 -16 -10 -16 -10 -16 -10 -16 -9 -16 -10 -16 -10 -16 -11 -16 -11 -16 0 0 -11 -16 -11 -16 -11 -16 -10 -16 -11 -17 -11 -17 -12 -17 -12 -17 -12 -17 -12 -16 -13 -17 -13 -17 -13 -17 -14 -18 -13 -18 -14 -19 -14 -18 -14 -19 -15 -19 -15 -19 -15 -19 -15 -20 -16 -20 -17 -20 -16 -20 -17 -21 0 0 0 0 0 0 0 0 0 0]"""
"""1770911350848754,CSI_DATA,STATION,00:00:00:00:00:00,0,0,0,0,0,0,0,0,0,0,0,0,0,0,0,0,0,0,0,0,0,128,[84 -64 4 0 0 0 0 0 0 0 0 0 10 -12 11 -12 11 -11 11 -11 12 -11 13 -11 13 -11 14 -10 13 -10 14 -10 14 -10 14 -10 14 -10 15 -10 15 -9 15 -10 15 -9 15 -9 15 -9 15 -10 15 -9 15 -9 15 -9 15 -9 15 -9 15 -10 0 0 15 -10 15 -10 15 -10 15 -11 15 -11 16 -11 16 -12 16 -12 15 -12 15 -12 16 -13 16 -13 16 -13 17 -14 16 -14 16 -14 17 -15 17 -15 17 -16 17 -16 18 -16 17 -16 18 -17 18 -17 19 -17 19 -17 0 0 0 0 0 0 0 0 0 0]"""
"""1770911350853817,CSI_DATA,STATION,00:00:00:00:00:00,0,0,0,0,0,0,0,0,0,0,0,0,0,0,0,0,0,0,0,0,0,128,[84 -64 4 0 0 0 0 0 0 0 0 0 9 12 9 13 9 13 9 13 8 14 8 14 8 14 7 15 7 15 7 15 7 15 7 15 7 15 7 15 6 16 6 16 6 17 5 16 6 16 5 16 6 17 5 16 5 16 6 16 6 16 6 17 0 0 6 17 6 17 7 17 6 17 6 17 7 17 7 17 7 18 7 18 8 17 9 18 8 18 9 19 9 19 9 19 9 20 10 19 10 19 10 20 10 20 11 21 10 21 11 21 12 21 12 22 12 22 0 0 0 0 0 0 0 0 0 0]"""
"""1770911350858998,CSI_DATA,STATION,00:00:00:00:00:00,0,0,0,0,0,0,0,0,0,0,0,0,0,0,0,0,0,0,0,0,0,128,[84 -64 4 0 0 0 0 0 0 0 0 0 15 -2 16 -1 15 -1 16 -1 16 0 16 1 16 1 17 1 16 1 16 1 17 2 17 2 17 2 17 2 17 3 17 3 17 4 16 4 17 4 17 4 17 4 17 4 16 4 17 4 17 4 17 4 0 0 18 4 18 4 18 4 17 4 18 4 19 3 18 3 19 3 19 3 19 3 20 3 20 3 20 3 21 3 20 3 22 3 21 2 22 2 23 2 22 2 23 3 23 3 24 2 24 2 24 2 25 3 0 0 0 0 0 0 0 0 0 0]"""
"""1770911350864045,CSI_DATA,STATION,00:00:00:00:00:00,0,0,0,0,0,0,0,0,0,0,0,0,0,0,0,0,0,0,0,0,0,128,[84 -64 4 0 0 0 0 0 0 0 0 0 -11 -15 -10 -16 -11 -16 -10 -16 -9 -17 -9 -18 -9 -17 -9 -18 -8 -18 -8 -18 -8 -19 -7 -19 -8 -19 -7 -19 -7 -20 -7 -19 -6 -20 -6 -20 -6 -20 -6 -20 -7 -20 -6 -20 -6 -20 -7 -20 -7 -20 -7 -20 0 0 -7 -20 -7 -20 -7 -21 -7 -20 -8 -21 -8 -21 -9 -21 -9 -21 -8 -21 -9 -21 -10 -22 -10 -22 -10 -22 -10 -23 -10 -23 -11 -24 -11 -23 -11 -24 -12 -25 -12 -24 -12 -25 -12 -25 -13 -25 -13 -26 -13 -26 -13 -27 0 0 0 0 0 0 0 0 0 0]"""
"""1770911350869227,CSI_DATA,STATION,00:00:00:00:00:00,0,0,0,0,0,0,0,0,0,0,0,0,0,0,0,0,0,0,0,0,0,128,[84 -64 4 0 0 0 0 0 0 0 0 0 -9 15 -11 15 -11 15 -11 14 -12 14 -13 14 -13 14 -14 14 -14 13 -14 13 -14 14 -14 14 -15 13 -15 13 -16 13 -15 13 -16 12 -16 12 -16 12 -16 12 -17 12 -16 12 -16 12 -16 13 -16 13 -16 14 0 0 -16 13 -16 13 -17 14 -16 13 -17 14 -17 14 -17 14 -17 14 -17 14 -17 15 -16 16 -17 16 -17 17 -18 17 -17 17 -18 18 -17 18 -18 18 -19 18 -19 18 -19 19 -20 19 -19 20 -19 21 -19 21 -20 21 0 0 0 0 0 0 0 0 0 0]"""
"""1770911350874430,CSI_DATA,STATION,00:00:00:00:00:00,0,0,0,0,0,0,0,0,0,0,0,0,0,0,0,0,0,0,0,0,0,128,[84 -64 4 0 0 0 0 0 0 0 0 0 5 16 4 17 4 17 4 18 3 18 3 18 3 18 2 19 2 19 1 19 1 19 1 19 1 19 1 19 0 20 0 19 0 20 -1 19 0 20 -1 20 -1 20 0 19 -1 20 0 20 0 20 0 20 0 0 0 20 0 21 1 20 0 21 1 21 1 21 1 21 1 22 1 22 2 22 2 22 2 23 2 23 3 24 3 24 3 24 4 24 3 25 3 25 4 25 4 26 3 26 4 27 5 27 4 28 4 28 0 0 0 0 0 0 0 0 0 0]"""
"""1770911350879515,CSI_DATA,STATION,00:00:00:00:00:00,0,0,0,0,0,0,0,0,0,0,0,0,0,0,0,0,0,0,0,0,0,128,[84 -64 4 0 0 0 0 0 0 0 0 0 -1 15 -2 16 -2 16 -3 16 -3 16 -4 16 -4 16 -5 16 -5 16 -5 16 -5 16 -5 16 -6 16 -6 16 -6 16 -6 16 -7 16 -7 16 -7 16 -7 16 -8 16 -7 16 -7 16 -7 16 -7 17 -7 17 0 0 -7 17 -7 17 -7 17 -7 17 -7 17 -7 18 -7 18 -7 18 -7 18 -6 18 -5 19 -6 20 -6 20 -6 21 -6 20 -6 21 -6 21 -6 21 -7 22 -7 22 -7 23 -7 23 -6 23 -6 24 -6 24 -6 24 0 0 0 0 0 0 0 0 0 0]"""
"""1770911350884886,CSI_DATA,STATION,00:00:00:00:00:00,0,0,0,0,0,0,0,0,0,0,0,0,0,0,0,0,0,0,0,0,0,128,[84 -64 4 0 0 0 0 0 0 0 0 0 -4 -17 -3 -19 -3 -18 -3 -19 -1 -18 -1 -20 0 -19 0 -20 0 -19 0 -20 0 -20 1 -20 1 -20 1 -20 2 -21 1 -20 2 -21 3 -20 3 -21 3 -21 3 -20 3 -20 3 -20 3 -21 2 -21 2 -21 0 0 2 -21 2 -21 2 -22 2 -21 2 -22 2 -22 2 -22 2 -23 2 -22 1 -23 0 -24 1 -24 1 -24 1 -25 1 -24 1 -26 0 -25 1 -27 1 -27 1 -27 0 -27 1 -27 1 -27 0 -29 1 -29 0 -30 0 0 0 0 0 0 0 0 0 0]"""
"""1770911350890141,CSI_DATA,STATION,00:00:00:00:00:00,0,0,0,0,0,0,0,0,0,0,0,0,0,0,0,0,0,0,0,0,0,128,[84 -64 4 0 0 0 0 0 0 0 0 0 -8 -14 -8 -15 -8 -15 -8 -15 -7 -16 -7 -16 -6 -16 -6 -17 -6 -16 -6 -17 -6 -17 -6 -17 -6 -17 -5 -17 -5 -17 -5 -18 -5 -18 -4 -18 -4 -18 -4 -18 -4 -18 -4 -18 -4 -18 -5 -18 -5 -18 -5 -18 0 0 -5 -18 -5 -18 -5 -18 -5 -19 -6 -19 -6 -19 -6 -19 -6 -19 -6 -19 -7 -19 -8 -20 -8 -20 -8 -20 -8 -20 -8 -21 -9 -21 -10 -21 -9 -21 -9 -22 -9 -22 -10 -23 -10 -22 -11 -23 -12 -23 -11 -23 -11 -24 0 0 0 0 0 0 0 0 0 0]"""
"""1770911350895647,CSI_DATA,STATION,00:00:00:00:00:00,0,0,0,0,0,0,0,0,0,0,0,0,0,0,0,0,0,0,0,0,0,128,[84 -64 4 0 0 0 0 0 0 0 0 0 -6 14 -7 15 -7 14 -8 15 -8 14 -9 15 -8 14 -9 14 -9 13 -10 14 -10 14 -10 14 -10 14 -11 14 -11 14 -11 14 -12 14 -12 13 -12 14 -11 13 -12 13 -12 14 -12 13 -12 14 -12 14 -12 14 0 0 -11 14 -12 14 -12 15 -11 14 -12 15 -11 16 -12 15 -12 16 -11 16 -11 16 -11 17 -12 17 -12 17 -11 18 -12 18 -12 19 -11 18 -12 19 -12 20 -12 20 -12 21 -13 21 -12 21 -12 22 -13 22 -13 22 0 0 0 0 0 0 0 0 0 0]"""
"""1770911350900365,CSI_DATA,STATION,00:00:00:00:00:00,0,0,0,0,0,0,0,0,0,0,0,0,0,0,0,0,0,0,0,0,0,128,[84 -64 4 0 0 0 0 0 0 0 0 0 -13 13 -15 13 -14 12 -15 13 -15 11 -17 12 -16 11 -17 11 -17 10 -17 10 -18 11 -18 10 -18 10 -18 10 -20 10 -18 9 -19 9 -19 9 -20 9 -19 9 -19 9 -19 9 -19 9 -20 9 -19 10 -20 10 0 0 -20 10 -19 10 -20 10 -19 10 -21 11 -20 11 -20 11 -20 11 -20 11 -19 12 -20 13 -20 13 -21 13 -22 14 -21 13 -22 15 -21 14 -23 15 -22 15 -22 16 -23 16 -23 16 -22 16 -24 17 -24 17 -24 17 0 0 0 0 0 0 0 0 0 0]"""
"""1770911350905554,CSI_DATA,STATION,00:00:00:00:00:00,0,0,0,0,0,0,0,0,0,0,0,0,0,0,0,0,0,0,0,0,0,128,[84 -64 4 0 0 0 0 0 0 0 0 0 7 14 6 14 6 14 6 14 6 15 5 16 5 15 5 16 4 16 4 16 4 16 3 17 3 17 3 17 3 17 3 17 2 17 3 17 2 17 2 17 2 17 2 17 2 18 2 18 2 18 3 18 0 0 3 17 3 18 3 18 3 18 3 18 4 19 4 19 3 19 4 19 4 19 5 19 4 20 5 20 5 20 5 20 5 21 6 21 5 21 6 22 6 22 6 22 6 23 7 23 7 24 6 24 7 24 0 0 0 0 0 0 0 0 0 0]"""
"""1770911350911106,CSI_DATA,STATION,00:00:00:00:00:00,0,0,0,0,0,0,0,0,0,0,0,0,0,0,0,0,0,0,0,0,0,128,[84 -64 4 0 0 0 0 0 0 0 0 0 -15 -7 -15 -8 -15 -8 -15 -8 -15 -9 -15 -10 -15 -9 -15 -10 -14 -10 -14 -11 -14 -11 -14 -11 -14 -11 -14 -12 -14 -12 -14 -12 -14 -12 -14 -13 -14 -13 -14 -13 -14 -13 -14 -13 -14 -13 -14 -13 -14 -13 -14 -12 0 0 -14 -13 -15 -13 -15 -13 -14 -12 -15 -13 -16 -13 -16 -13 -16 -13 -15 -13 -17 -13 -17 -13 -17 -13 -17 -13 -18 -13 -18 -13 -19 -13 -19 -13 -19 -14 -20 -14 -19 -14 -20 -13 -20 -14 -21 -14 -22 -14 -21 -14 -22 -14 0 0 0 0 0 0 0 0 0 0]"""
"""1770911350916726,CSI_DATA,STATION,00:00:00:00:00:00,0,0,0,0,0,0,0,0,0,0,0,0,0,0,0,0,0,0,0,0,0,128,[84 -64 4 0 0 0 0 0 0 0 0 0 -7 16 -9 16 -9 16 -9 16 -10 15 -11 16 -11 16 -12 15 -12 15 -12 15 -12 16 -13 16 -12 15 -13 15 -13 15 -13 15 -14 15 -14 14 -14 15 -14 15 -14 15 -14 15 -14 15 -14 15 -14 15 -14 16 0 0 -14 15 -14 15 -14 16 -13 16 -14 17 -14 17 -14 17 -14 17 -14 17 -13 17 -13 19 -14 19 -14 19 -14 20 -14 20 -14 21 -13 20 -14 22 -15 21 -14 22 -15 23 -15 22 -14 23 -15 24 -15 24 -16 24 0 0 0 0 0 0 0 0 0 0]"""
"""1770911350921882,CSI_DATA,STATION,00:00:00:00:00:00,0,0,0,0,0,0,0,0,0,0,0,0,0,0,0,0,0,0,0,0,0,128,[84 -64 4 0 0 0 0 0 0 0 0 0 14 10 14 11 14 11 14 11 14 12 13 13 13 13 13 13 13 13 13 14 13 14 13 14 13 14 12 15 12 15 12 16 12 16 11 16 11 16 11 16 11 16 11 16 11 16 12 16 12 16 12 16 0 0 12 16 12 17 12 17 12 17 12 17 13 17 13 17 13 17 13 17 14 17 15 17 15 17 15 18 16 18 15 18 16 19 16 18 16 18 17 19 17 19 17 19 17 20 18 20 19 20 19 20 19 21 0 0 0 0 0 0 0 0 0 0]"""
"""1770911350926517,CSI_DATA,STATION,00:00:00:00:00:00,0,0,0,0,0,0,0,0,0,0,0,0,0,0,0,0,0,0,0,0,0,128,[84 -64 4 0 0 0 0 0 0 0 0 0 -7 16 -7 16 -7 16 -8 16 -9 16 -10 16 -10 16 -11 16 -10 16 -12 16 -12 16 -12 16 -12 15 -12 16 -13 15 -12 16 -13 16 -13 15 -14 16 -13 15 -14 15 -13 15 -13 15 -14 16 -13 16 -14 16 0 0 -13 16 -13 16 -13 17 -13 16 -14 17 -13 17 -13 18 -13 17 -13 17 -13 18 -13 19 -13 19 -13 19 -13 20 -13 21 -13 21 -13 21 -14 22 -14 22 -14 22 -14 22 -14 23 -14 23 -15 24 -15 24 -15 24 0 0 0 0 0 0 0 0 0 0]"""
"""1770911350931571,CSI_DATA,STATION,00:00:00:00:00:00,0,0,0,0,0,0,0,0,0,0,0,0,0,0,0,0,0,0,0,0,0,128,[84 -64 4 0 0 0 0 0 0 0 0 0 10 -12 10 -12 11 -12 11 -12 12 -12 12 -11 13 -12 13 -11 13 -11 14 -11 14 -11 14 -11 14 -10 14 -10 15 -10 15 -10 14 -10 15 -10 15 -10 15 -10 15 -11 15 -10 15 -10 15 -10 15 -10 15 -11 0 0 14 -11 15 -11 15 -11 15 -11 15 -11 15 -12 15 -13 15 -13 15 -13 15 -13 16 -13 15 -13 16 -13 16 -14 16 -15 16 -15 16 -16 16 -16 17 -17 16 -17 16 -17 17 -17 17 -18 18 -18 18 -17 18 -18 0 0 0 0 0 0 0 0 0 0]"""
"""1770911350936804,CSI_DATA,STATION,00:00:00:00:00:00,0,0,0,0,0,0,0,0,0,0,0,0,0,0,0,0,0,0,0,0,0,128,[84 -64 4 0 0 0 0 0 0 0 0 0 11 -11 12 -11 12 -10 13 -11 13 -10 14 -10 14 -10 14 -9 14 -9 14 -9 15 -9 15 -9 15 -9 15 -9 16 -8 16 -8 16 -8 16 -8 17 -8 16 -8 16 -8 16 -8 16 -7 16 -8 16 -8 16 -8 0 0 16 -8 16 -9 17 -9 16 -8 17 -9 17 -9 17 -9 17 -10 16 -10 17 -10 17 -11 17 -11 17 -11 18 -11 18 -11 19 -12 18 -13 19 -13 19 -13 19 -13 19 -14 20 -13 20 -14 20 -15 20 -15 21 -14 0 0 0 0 0 0 0 0 0 0]"""
"""1770911350944986,CSI_DATA,STATION,00:00:00:00:00:00,0,0,0,0,0,0,0,0,0,0,0,0,0,0,0,0,0,0,0,0,0,128,[84 -64 4 0 0 0 0 0 0 0 0 0 12 -13 13 -13 13 -13 13 -13 14 -12 15 -13 14 -13 15 -12 15 -12 16 -12 16 -11 16 -12 16 -11 16 -11 17 -10 17 -11 18 -10 17 -10 18 -11 17 -11 17 -11 17 -11 17 -10 18 -10 17 -11 18 -11 0 0 17 -11 18 -11 18 -11 17 -11 18 -12 18 -13 18 -13 18 -13 18 -13 17 -14 18 -14 18 -14 19 -14 19 -15 19 -15 20 -16 19 -16 20 -17 20 -17 19 -17 20 -18 20 -18 20 -18 22 -18 21 -18 21 -19 0 0 0 0 0 0 0 0 0 0]"""
"""1770911350950444,CSI_DATA,STATION,00:00:00:00:00:00,0,0,0,0,0,0,0,0,0,0,0,0,0,0,0,0,0,0,0,0,0,128,[84 -64 4 0 0 0 0 0 0 0 0 0 -17 -6 -17 -7 -18 -7 -18 -8 -18 -9 -18 -10 -17 -9 -18 -10 -17 -11 -18 -11 -18 -11 -17 -11 -17 -11 -17 -12 -17 -12 -17 -12 -16 -13 -17 -13 -17 -13 -16 -13 -17 -13 -17 -13 -16 -13 -17 -13 -17 -13 -18 -13 0 0 -17 -13 -18 -13 -18 -13 -18 -13 -18 -13 -19 -13 -19 -13 -19 -13 -19 -13 -20 -13 -21 -12 -20 -13 -21 -13 -21 -13 -21 -13 -22 -14 -22 -13 -23 -14 -24 -14 -23 -14 -24 -14 -24 -14 -25 -14 -25 -14 -25 -14 -25 -15 0 0 0 0 0 0 0 0 0 0]"""
"""1770911350955945,CSI_DATA,STATION,00:00:00:00:00:00,0,0,0,0,0,0,0,0,0,0,0,0,0,0,0,0,0,0,0,0,0,128,[84 -64 4 0 0 0 0 0 0 0 0 0 13 -11 15 -11 14 -11 15 -11 15 -10 17 -10 17 -10 17 -9 17 -8 17 -9 17 -9 17 -9 18 -9 17 -9 18 -8 18 -8 19 -8 18 -7 19 -8 18 -7 19 -7 19 -7 18 -7 19 -8 18 -9 19 -9 0 0 19 -8 19 -8 19 -9 19 -9 19 -9 20 -9 20 -9 20 -10 20 -10 19 -11 20 -12 20 -11 20 -12 21 -12 21 -12 21 -12 21 -13 22 -14 22 -14 22 -13 23 -14 23 -13 22 -15 23 -16 23 -16 23 -16 0 0 0 0 0 0 0 0 0 0]"""
"""1770911350960766,CSI_DATA,STATION,00:00:00:00:00:00,0,0,0,0,0,0,0,0,0,0,0,0,0,0,0,0,0,0,0,0,0,128,[84 -64 4 0 0 0 0 0 0 0 0 0 13 -9 13 -9 13 -9 14 -8 15 -8 15 -7 15 -7 15 -7 16 -6 15 -7 16 -7 16 -7 16 -6 17 -6 17 -5 17 -5 17 -5 17 -5 18 -5 17 -5 17 -5 17 -5 17 -5 17 -5 17 -5 17 -6 0 0 17 -6 18 -5 18 -6 18 -6 18 -6 18 -7 18 -6 18 -7 18 -7 18 -7 19 -8 19 -8 19 -8 20 -8 19 -8 20 -9 20 -10 21 -9 21 -10 21 -10 21 -10 21 -10 21 -11 22 -11 22 -11 23 -11 0 0 0 0 0 0 0 0 0 0]"""
"""1770911350965704,CSI_DATA,STATION,00:00:00:00:00:00,0,0,0,0,0,0,0,0,0,0,0,0,0,0,0,0,0,0,0,0,0,128,[84 -64 4 0 0 0 0 0 0 0 0 0 -15 -5 -16 -6 -16 -6 -16 -7 -15 -7 -16 -8 -16 -8 -16 -9 -15 -9 -15 -9 -16 -10 -15 -10 -15 -10 -15 -10 -16 -11 -15 -10 -15 -11 -15 -11 -15 -12 -15 -11 -15 -12 -15 -11 -15 -11 -15 -11 -15 -11 -16 -11 0 0 -16 -11 -15 -11 -16 -12 -16 -11 -17 -12 -17 -11 -17 -11 -17 -11 -17 -11 -17 -11 -18 -11 -18 -11 -18 -11 -19 -11 -19 -11 -20 -12 -20 -11 -20 -12 -21 -12 -21 -12 -22 -12 -21 -12 -21 -12 -22 -12 -22 -12 -23 -13 0 0 0 0 0 0 0 0 0 0]"""
"""1770911350970611,CSI_DATA,STATION,00:00:00:00:00:00,0,0,0,0,0,0,0,0,0,0,0,0,0,0,0,0,0,0,0,0,0,128,[84 -64 4 0 0 0 0 0 0 0 0 0 1 15 0 16 0 16 0 16 -1 16 -2 17 -2 16 -2 17 -2 16 -2 17 -3 17 -3 17 -4 17 -4 17 -4 17 -4 17 -5 17 -5 17 -5 17 -5 17 -5 17 -5 17 -5 17 -4 17 -4 18 -4 18 0 0 -5 18 -4 18 -4 18 -4 18 -4 18 -4 19 -3 19 -4 19 -4 19 -3 19 -3 20 -3 20 -3 20 -3 21 -3 21 -3 22 -2 21 -3 22 -2 22 -2 22 -2 23 -3 23 -2 24 -2 24 -2 24 -2 24 0 0 0 0 0 0 0 0 0 0]"""
"""1770911350975202,CSI_DATA,STATION,00:00:00:00:00:00,0,0,0,0,0,0,0,0,0,0,0,0,0,0,0,0,0,0,0,0,0,128,[84 -64 4 0 0 0 0 0 0 0 0 0 17 0 18 1 17 1 18 2 18 2 18 3 18 3 19 3 18 4 18 4 19 4 19 4 19 5 19 5 19 6 19 5 19 6 19 6 19 6 19 6 19 6 19 6 19 6 19 6 19 6 20 6 0 0 20 5 20 5 20 5 20 5 21 6 21 5 21 4 21 4 21 5 21 4 22 4 22 4 23 4 24 4 23 4 24 4 24 3 25 3 25 3 25 3 26 3 26 3 27 2 27 3 28 3 28 3 0 0 0 0 0 0 0 0 0 0]"""
"""1770911350980345,CSI_DATA,STATION,00:00:00:00:00:00,0,0,0,0,0,0,0,0,0,0,0,0,0,0,0,0,0,0,0,0,0,128,[84 -64 4 0 0 0 0 0 0 0 0 0 15 -10 16 -9 16 -9 17 -9 16 -8 18 -8 17 -7 18 -7 18 -7 18 -7 19 -7 18 -7 19 -6 19 -6 19 -6 19 -6 20 -5 19 -5 20 -5 20 -5 20 -5 20 -5 19 -4 20 -5 20 -5 20 -5 0 0 20 -5 20 -5 20 -6 20 -5 21 -6 21 -6 21 -6 21 -6 21 -6 21 -7 21 -8 21 -8 22 -8 23 -8 22 -8 24 -9 23 -9 24 -10 24 -10 24 -10 24 -10 24 -10 24 -10 25 -11 25 -10 26 -11 0 0 0 0 0 0 0 0 0 0]"""
"""1770911350985438,CSI_DATA,STATION,00:00:00:00:00:00,0,0,0,0,0,0,0,0,0,0,0,0,0,0,0,0,0,0,0,0,0,128,[84 -64 4 0 0 0 0 0 0 0 0 0 -12 10 -13 10 -13 10 -14 10 -14 9 -15 9 -14 9 -15 9 -15 8 -16 8 -16 9 -16 8 -16 8 -16 8 -17 8 -17 8 -17 7 -17 7 -17 7 -17 7 -17 7 -17 7 -17 7 -17 7 -17 8 -17 8 0 0 -17 8 -17 8 -17 8 -17 8 -18 8 -18 9 -17 9 -18 9 -18 9 -18 10 -18 11 -18 11 -18 11 -19 11 -19 11 -19 12 -19 12 -19 12 -20 12 -20 13 -20 13 -20 13 -20 14 -20 14 -21 14 -21 14 0 0 0 0 0 0 0 0 0 0]"""
"""1770911350993194,CSI_DATA,STATION,00:00:00:00:00:00,0,0,0,0,0,0,0,0,0,0,0,0,0,0,0,0,0,0,0,0,0,128,[84 -64 4 0 0 0 0 0 0 0 0 0 -12 13 -13 13 -13 13 -14 13 -14 13 -15 12 -14 12 -15 12 -15 12 -16 12 -16 12 -17 12 -17 11 -17 11 -18 11 -17 11 -18 11 -18 10 -18 11 -17 11 -18 11 -18 11 -17 11 -18 11 -18 11 -18 12 0 0 -17 12 -18 12 -18 12 -18 12 -18 12 -18 13 -18 13 -18 14 -18 14 -18 14 -18 15 -18 15 -18 15 -19 16 -19 16 -19 17 -18 17 -19 17 -19 18 -19 18 -19 18 -20 18 -20 19 -20 19 -20 19 -21 20 0 0 0 0 0 0 0 0 0 0]"""
"""1770911350997973,CSI_DATA,STATION,00:00:00:00:00:00,0,0,0,0,0,0,0,0,0,0,0,0,0,0,0,0,0,0,0,0,0,128,[84 -64 4 0 0 0 0 0 0 0 0 0 1 -16 2 -17 2 -17 2 -17 3 -16 4 -17 4 -17 5 -17 5 -17 5 -17 5 -17 5 -17 6 -17 6 -17 7 -17 6 -17 7 -17 7 -17 7 -18 7 -17 8 -17 8 -17 8 -16 7 -17 7 -17 7 -18 0 0 7 -18 7 -18 7 -18 7 -17 7 -18 7 -19 7 -18 7 -19 7 -19 7 -19 6 -20 6 -20 7 -20 7 -21 6 -21 7 -22 6 -21 7 -23 7 -23 7 -22 7 -23 7 -23 6 -23 6 -24 7 -24 7 -25 0 0 0 0 0 0 0 0 0 0]"""
"""1770911351003072,CSI_DATA,STATION,00:00:00:00:00:00,0,0,0,0,0,0,0,0,0,0,0,0,0,0,0,0,0,0,0,0,0,128,[84 -64 4 0 0 0 0 0 0 0 0 0 -11 -15 -11 -16 -11 -16 -11 -16 -10 -17 -10 -17 -10 -18 -10 -18 -8 -18 -9 -18 -10 -19 -9 -19 -9 -19 -8 -20 -8 -19 -8 -20 -7 -20 -7 -20 -7 -20 -7 -20 -7 -20 -7 -20 -7 -20 -8 -20 -8 -20 -8 -21 0 0 -8 -20 -8 -21 -8 -21 -8 -20 -8 -21 -9 -21 -9 -21 -9 -21 -9 -21 -10 -21 -11 -22 -10 -22 -11 -22 -11 -22 -11 -23 -11 -23 -12 -23 -12 -24 -12 -24 -12 -24 -13 -24 -13 -24 -14 -25 -14 -25 -13 -25 -14 -26 0 0 0 0 0 0 0 0 0 0]"""
"""1770911351008040,CSI_DATA,STATION,00:00:00:00:00:00,0,0,0,0,0,0,0,0,0,0,0,0,0,0,0,0,0,0,0,0,0,128,[84 -64 4 0 0 0 0 0 0 0 0 0 -16 -3 -17 -4 -17 -3 -17 -4 -17 -5 -17 -5 -17 -6 -17 -7 -16 -6 -17 -7 -17 -7 -17 -7 -17 -8 -17 -8 -17 -8 -17 -8 -17 -9 -17 -9 -17 -9 -17 -9 -17 -9 -17 -9 -16 -9 -17 -9 -17 -9 -17 -9 0 0 -17 -9 -18 -9 -18 -9 -17 -9 -18 -9 -19 -9 -18 -9 -19 -9 -18 -8 -19 -8 -20 -8 -20 -8 -20 -8 -21 -8 -21 -8 -22 -8 -21 -7 -22 -9 -22 -9 -22 -8 -23 -8 -23 -8 -23 -8 -24 -8 -24 -8 -24 -8 0 0 0 0 0 0 0 0 0 0]"""
"""1770911351013117,CSI_DATA,STATION,00:00:00:00:00:00,0,0,0,0,0,0,0,0,0,0,0,0,0,0,0,0,0,0,0,0,0,128,[84 -64 4 0 0 0 0 0 0 0 0 0 0 15 0 16 -1 16 -1 17 -2 16 -2 17 -3 17 -3 17 -4 16 -4 17 -3 17 -4 17 -4 17 -4 17 -5 17 -5 17 -5 18 -5 17 -6 17 -6 17 -6 17 -5 17 -6 17 -6 17 -5 18 -5 18 0 0 -5 17 -5 18 -5 18 -5 18 -5 19 -5 19 -5 19 -5 19 -5 19 -5 19 -4 20 -4 20 -4 20 -4 21 -4 21 -4 21 -4 21 -4 22 -4 22 -4 22 -4 23 -4 23 -3 23 -3 24 -3 24 -4 24 0 0 0 0 0 0 0 0 0 0]"""
"""1770911351018567,CSI_DATA,STATION,00:00:00:00:00:00,0,0,0,0,0,0,0,0,0,0,0,0,0,0,0,0,0,0,0,0,0,128,[84 -64 4 0 0 0 0 0 0 0 0 0 -9 -14 -8 -15 -8 -15 -8 -15 -7 -15 -7 -17 -7 -16 -7 -17 -6 -17 -6 -17 -6 -18 -6 -17 -6 -18 -5 -18 -5 -18 -5 -18 -4 -18 -4 -18 -4 -19 -4 -19 -4 -19 -4 -19 -4 -18 -4 -19 -4 -19 -5 -19 0 0 -4 -19 -4 -19 -4 -19 -4 -19 -4 -20 -5 -20 -5 -19 -5 -20 -5 -20 -6 -20 -6 -20 -6 -20 -6 -21 -7 -22 -6 -21 -6 -22 -7 -22 -7 -23 -7 -23 -7 -23 -8 -23 -7 -23 -8 -23 -8 -24 -8 -24 -8 -24 0 0 0 0 0 0 0 0 0 0]"""
"""1770911351023505,CSI_DATA,STATION,00:00:00:00:00:00,0,0,0,0,0,0,0,0,0,0,0,0,0,0,0,0,0,0,0,0,0,128,[84 -64 4 0 0 0 0 0 0 0 0 0 17 2 18 3 17 3 18 3 18 4 18 5 18 5 18 6 18 6 18 6 18 6 19 6 19 7 18 7 18 8 18 7 18 8 18 8 19 9 18 8 18 9 18 8 18 9 18 8 18 8 19 8 0 0 19 9 19 8 19 8 19 8 20 9 20 8 20 8 20 8 20 8 20 8 21 7 22 8 22 7 23 8 22 8 23 7 23 7 24 7 24 7 24 8 25 8 25 8 25 7 26 7 26 7 27 8 0 0 0 0 0 0 0 0 0 0]"""
"""1770911351028877,CSI_DATA,STATION,00:00:00:00:00:00,0,0,0,0,0,0,0,0,0,0,0,0,0,0,0,0,0,0,0,0,0,128,[84 -64 4 0 0 0 0 0 0 0 0 0 14 6 14 7 14 7 14 7 14 8 14 9 14 9 14 9 14 9 14 10 14 10 14 11 14 11 13 11 13 11 14 12 13 12 13 12 13 12 13 12 13 12 13 12 13 12 13 12 13 12 14 12 0 0 14 12 14 13 14 12 14 12 14 12 15 12 15 11 15 12 15 12 16 12 16 11 16 12 16 12 17 12 18 12 17 12 18 12 18 12 19 12 19 12 19 12 19 13 20 12 20 12 20 13 20 13 0 0 0 0 0 0 0 0 0 0]"""
"""1770911351033870,CSI_DATA,STATION,00:00:00:00:00:00,0,0,0,0,0,0,0,0,0,0,0,0,0,0,0,0,0,0,0,0,0,128,[84 -64 4 0 0 0 0 0 0 0 0 0 2 18 0 18 1 18 0 18 0 18 -1 19 -1 19 -2 19 -2 19 -3 19 -3 20 -3 20 -3 20 -4 19 -5 20 -4 20 -5 20 -5 19 -5 20 -5 20 -5 20 -5 20 -5 19 -5 20 -5 20 -4 20 0 0 -5 20 -5 21 -5 21 -5 20 -5 21 -4 22 -4 22 -4 22 -4 22 -4 22 -4 22 -3 23 -3 23 -3 24 -3 24 -3 25 -2 24 -3 25 -3 25 -3 25 -2 26 -3 26 -2 26 -2 27 -2 27 -2 28 0 0 0 0 0 0 0 0 0 0]"""
"""1770911351039145,CSI_DATA,STATION,00:00:00:00:00:00,0,0,0,0,0,0,0,0,0,0,0,0,0,0,0,0,0,0,0,0,0,128,[84 -64 4 0 0 0 0 0 0 0 0 0 0 17 -1 18 -1 18 -1 19 -2 18 -3 19 -3 18 -4 19 -4 18 -5 19 -4 20 -4 20 -5 19 -5 19 -6 19 -6 19 -7 19 -7 19 -8 19 -8 19 -8 19 -8 19 -7 19 -7 20 -7 20 -7 20 0 0 -7 20 -7 20 -7 21 -7 20 -7 21 -7 21 -7 21 -7 21 -8 21 -7 22 -6 22 -6 23 -6 23 -6 24 -6 23 -7 24 -6 24 -6 24 -7 25 -7 24 -6 26 -7 25 -6 26 -5 27 -6 27 -6 27 0 0 0 0 0 0 0 0 0 0]"""
"""1770911351044022,CSI_DATA,STATION,00:00:00:00:00:00,0,0,0,0,0,0,0,0,0,0,0,0,0,0,0,0,0,0,0,0,0,128,[84 -64 4 0 0 0 0 0 0 0 0 0 -16 -8 -17 -10 -17 -9 -17 -10 -16 -11 -16 -11 -16 -12 -16 -12 -16 -12 -15 -13 -16 -13 -16 -14 -15 -14 -15 -14 -15 -15 -16 -14 -15 -15 -15 -15 -15 -16 -15 -15 -15 -15 -15 -15 -15 -16 -15 -16 -16 -15 -16 -16 0 0 -16 -15 -16 -15 -16 -15 -16 -15 -17 -15 -17 -16 -17 -15 -17 -16 -18 -15 -18 -15 -19 -16 -18 -15 -19 -16 -19 -16 -20 -16 -21 -15 -21 -16 -21 -16 -22 -16 -22 -16 -22 -16 -22 -16 -22 -17 -23 -17 -23 -17 -23 -17 0 0 0 0 0 0 0 0 0 0]"""
"""1770911351049972,CSI_DATA,STATION,00:00:00:00:00:00,0,0,0,0,0,0,0,0,0,0,0,0,0,0,0,0,0,0,0,0,0,128,[84 -64 4 0 0 0 0 0 0 0 0 0 2 -18 3 -18 3 -18 4 -19 4 -19 5 -19 5 -19 6 -19 6 -19 7 -19 7 -19 7 -19 7 -19 8 -19 8 -19 8 -19 9 -19 9 -19 9 -19 9 -19 9 -19 9 -19 9 -19 9 -19 9 -19 9 -20 0 0 8 -20 9 -20 9 -20 8 -20 8 -20 8 -21 8 -21 8 -21 8 -21 8 -22 7 -22 8 -22 7 -23 7 -24 7 -24 7 -24 7 -25 7 -25 7 -25 7 -25 7 -26 7 -26 7 -26 7 -27 7 -27 7 -27 0 0 0 0 0 0 0 0 0 0]"""
"""1770911351055131,CSI_DATA,STATION,00:00:00:00:00:00,0,0,0,0,0,0,0,0,0,0,0,0,0,0,0,0,0,0,0,0,0,128,[84 -64 4 0 0 0 0 0 0 0 0 0 -9 -14 -8 -15 -8 -14 -8 -15 -7 -15 -7 -17 -7 -16 -7 -17 -6 -17 -6 -17 -6 -17 -6 -18 -6 -18 -5 -18 -5 -18 -5 -18 -5 -19 -4 -18 -4 -19 -4 -19 -4 -19 -4 -19 -4 -19 -4 -19 -4 -19 -5 -19 0 0 -5 -19 -4 -19 -4 -20 -4 -19 -4 -19 -5 -20 -5 -20 -6 -20 -5 -20 -6 -20 -6 -20 -6 -20 -6 -21 -7 -22 -6 -21 -7 -22 -7 -22 -7 -22 -8 -23 -8 -22 -8 -23 -7 -23 -8 -23 -8 -24 -8 -24 -8 -24 0 0 0 0 0 0 0 0 0 0]"""
"""1770911351060400,CSI_DATA,STATION,00:00:00:00:00:00,0,0,0,0,0,0,0,0,0,0,0,0,0,0,0,0,0,0,0,0,0,128,[84 -64 4 0 0 0 0 0 0 0 0 0 0 -18 0 -19 1 -19 1 -19 2 -19 3 -20 2 -19 3 -20 4 -19 4 -19 4 -20 4 -20 5 -20 5 -20 6 -20 5 -20 6 -20 6 -19 7 -21 6 -20 6 -21 6 -20 7 -20 7 -20 6 -20 6 -21 0 0 6 -21 6 -21 6 -21 6 -21 6 -22 6 -22 5 -22 5 -22 5 -22 5 -22 5 -23 5 -23 5 -23 5 -24 5 -24 5 -25 4 -25 5 -26 4 -27 4 -26 4 -26 4 -26 4 -27 4 -28 4 -28 4 -28 0 0 0 0 0 0 0 0 0 0]"""
"""1770911351065663,CSI_DATA,STATION,00:00:00:00:00:00,0,0,0,0,0,0,0,0,0,0,0,0,0,0,0,0,0,0,0,0,0,128,[84 -64 4 0 0 0 0 0 0 0 0 0 10 11 9 12 9 12 9 13 9 14 9 15 8 14 8 15 8 15 7 15 8 15 8 15 8 16 7 16 7 16 7 16 6 17 6 17 6 17 6 17 6 17 5 17 6 17 6 17 6 17 7 17 0 0 6 17 6 18 7 18 6 17 7 18 7 18 7 18 7 18 7 18 8 18 8 18 8 18 9 19 9 19 9 19 9 20 9 19 9 20 9 20 9 20 10 21 9 21 11 21 11 21 11 21 11 21 0 0 0 0 0 0 0 0 0 0]"""
"""1770911351071009,CSI_DATA,STATION,00:00:00:00:00:00,0,0,0,0,0,0,0,0,0,0,0,0,0,0,0,0,0,0,0,0,0,128,[84 -64 4 0 0 0 0 0 0 0 0 0 -8 13 -10 13 -9 13 -10 13 -11 13 -11 13 -11 13 -12 13 -12 12 -12 12 -13 13 -13 13 -13 13 -13 12 -14 12 -13 12 -14 12 -14 12 -14 12 -14 12 -14 12 -14 12 -14 12 -14 12 -14 13 -14 13 0 0 -14 13 -14 13 -14 13 -14 13 -14 14 -14 14 -14 14 -14 14 -14 14 -13 15 -14 16 -14 16 -14 16 -14 17 -14 16 -14 17 -13 17 -14 18 -14 18 -14 18 -14 19 -15 18 -14 19 -14 20 -14 20 -15 20 0 0 0 0 0 0 0 0 0 0]"""
"""1770911351076129,CSI_DATA,STATION,00:00:00:00:00:00,0,0,0,0,0,0,0,0,0,0,0,0,0,0,0,0,0,0,0,0,0,128,[84 -64 4 0 0 0 0 0 0 0 0 0 -13 10 -13 9 -13 9 -14 9 -14 9 -15 9 -15 9 -16 8 -16 8 -16 7 -16 8 -16 7 -17 7 -17 7 -17 7 -17 7 -18 7 -17 6 -18 6 -18 6 -18 6 -18 6 -18 6 -18 6 -18 7 -18 7 0 0 -18 7 -18 7 -18 7 -18 7 -19 7 -19 8 -18 8 -19 7 -19 8 -19 8 -19 9 -19 9 -19 9 -20 10 -19 10 -20 10 -20 10 -21 10 -21 10 -21 11 -21 11 -21 11 -21 11 -22 12 -21 12 -22 12 0 0 0 0 0 0 0 0 0 0]"""
"""1770911351081609,CSI_DATA,STATION,00:00:00:00:00:00,0,0,0,0,0,0,0,0,0,0,0,0,0,0,0,0,0,0,0,0,0,128,[84 -64 4 0 0 0 0 0 0 0 0 0 14 7 14 7 14 8 13 8 14 9 13 9 13 9 13 10 13 10 13 11 13 11 13 11 13 11 13 12 12 12 13 12 12 12 13 13 12 13 13 13 13 13 12 13 13 13 13 13 13 13 13 13 0 0 13 13 14 13 13 13 14 13 13 13 14 13 14 13 14 13 14 13 15 13 15 13 16 13 16 13 16 13 17 14 16 13 18 13 17 13 18 13 18 14 18 13 18 14 19 14 19 14 19 14 19 14 0 0 0 0 0 0 0 0 0 0]"""
"""1770911351086193,CSI_DATA,STATION,00:00:00:00:00:00,0,0,0,0,0,0,0,0,0,0,0,0,0,0,0,0,0,0,0,0,0,128,[84 -64 4 0 0 0 0 0 0 0 0 0 -8 13 -9 13 -9 14 -9 14 -10 13 -11 13 -10 13 -11 13 -11 13 -12 13 -12 13 -12 13 -13 12 -13 12 -13 12 -13 13 -14 12 -14 12 -14 12 -14 12 -14 12 -14 13 -14 12 -14 12 -14 12 -14 13 0 0 -14 13 -14 13 -14 13 -14 13 -15 14 -14 14 -14 14 -14 14 -14 14 -14 15 -15 15 -14 15 -15 15 -15 16 -14 16 -15 16 -15 16 -15 17 -15 17 -15 18 -15 18 -15 18 -15 18 -16 19 -16 18 -16 19 0 0 0 0 0 0 0 0 0 0]"""
"""1770911351090802,CSI_DATA,STATION,00:00:00:00:00:00,0,0,0,0,0,0,0,0,0,0,0,0,0,0,0,0,0,0,0,0,0,128,[84 -64 4 0 0 0 0 0 0 0 0 0 11 10 11 11 10 11 11 11 10 12 10 13 10 13 10 13 9 13 9 14 9 14 9 14 9 15 9 15 9 15 8 15 8 16 8 15 8 16 8 16 8 16 8 16 7 16 8 16 8 16 8 16 0 0 8 16 8 16 9 17 8 16 9 17 9 17 9 17 9 17 9 17 9 17 10 17 10 17 10 18 11 19 10 17 11 18 11 18 12 19 12 18 12 19 12 19 12 19 12 19 12 20 12 20 13 20 0 0 0 0 0 0 0 0 0 0]"""
"""1770911351096407,CSI_DATA,STATION,00:00:00:00:00:00,0,0,0,0,0,0,0,0,0,0,0,0,0,0,0,0,0,0,0,0,0,128,[84 -64 4 0 0 0 0 0 0 0 0 0 -18 -5 -18 -6 -18 -6 -18 -6 -18 -7 -18 -8 -18 -8 -18 -9 -18 -9 -18 -10 -18 -10 -18 -10 -18 -10 -18 -10 -18 -11 -18 -11 -17 -12 -18 -12 -18 -12 -18 -12 -18 -12 -17 -12 -17 -13 -18 -12 -18 -12 -19 -12 0 0 -18 -12 -18 -12 -19 -12 -19 -12 -19 -13 -20 -13 -20 -13 -20 -12 -20 -13 -20 -12 -21 -12 -21 -12 -21 -12 -22 -12 -22 -12 -22 -12 -22 -12 -23 -13 -23 -13 -23 -13 -24 -13 -24 -13 -24 -13 -25 -13 -25 -13 -25 -13 0 0 0 0 0 0 0 0 0 0]"""
"""1770911351101103,CSI_DATA,STATION,00:00:00:00:00:00,0,0,0,0,0,0,0,0,0,0,0,0,0,0,0,0,0,0,0,0,0,128,[84 -64 4 0 0 0 0 0 0 0 0 0 -7 -4 -7 -4 -7 -4 -8 -5 -7 -5 -8 -5 -7 -5 -8 -5 -7 -6 -7 -6 -7 -6 -7 -6 -8 -6 -7 -6 -7 -7 -7 -6 -7 -7 -7 -6 -7 -7 -7 -7 -7 -7 -7 -7 -7 -7 -8 -7 -7 -7 -7 -7 0 0 -8 -7 -8 -7 -8 -7 -8 -6 -8 -7 -8 -7 -8 -7 -8 -7 -8 -7 -9 -6 -9 -7 -9 -7 -9 -7 -9 -7 -9 -7 -10 -7 -10 -7 -10 -7 -10 -7 -10 -7 -10 -7 -11 -7 -10 -7 -11 -7 -11 -7 -11 -7 0 0 0 0 0 0 0 0 0 0]"""
"""1770911351105958,CSI_DATA,STATION,00:00:00:00:00:00,0,0,0,0,0,0,0,0,0,0,0,0,0,0,0,0,0,0,0,0,0,128,[84 -64 4 0 0 0 0 0 0 0 0 0 -7 -5 -7 -6 -7 -5 -7 -6 -6 -6 -6 -6 -6 -7 -6 -7 -6 -7 -6 -7 -6 -7 -6 -7 -6 -7 -6 -8 -6 -8 -6 -8 -5 -8 -5 -8 -6 -8 -6 -8 -6 -8 -6 -8 -5 -8 -6 -9 -6 -9 -6 -9 0 0 -6 -9 -6 -8 -6 -9 -6 -8 -6 -9 -6 -9 -6 -9 -7 -9 -6 -9 -7 -9 -7 -9 -7 -9 -7 -9 -7 -9 -7 -9 -7 -9 -8 -10 -7 -10 -7 -10 -8 -10 -7 -10 -8 -10 -8 -10 -9 -10 -8 -10 -8 -10 0 0 0 0 0 0 0 0 0 0]"""
"""1770911351115574,CSI_DATA,STATION,00:00:00:00:00:00,0,0,0,0,0,0,0,0,0,0,0,0,0,0,0,0,0,0,0,0,0,128,[84 -64 4 0 0 0 0 0 0 0 0 0 -8 -3 -7 -4 -8 -4 -8 -5 -8 -5 -8 -5 -8 -5 -7 -5 -7 -5 -8 -6 -8 -5 -7 -5 -8 -6 -8 -6 -7 -6 -8 -6 -8 -6 -7 -6 -8 -7 -7 -7 -7 -7 -7 -7 -7 -6 -8 -7 -8 -7 -8 -6 0 0 -8 -7 -8 -7 -8 -7 -8 -7 -8 -7 -8 -7 -8 -7 -9 -7 -9 -6 -9 -7 -9 -7 -9 -7 -9 -7 -9 -7 -10 -7 -10 -6 -10 -7 -10 -7 -10 -7 -10 -7 -10 -7 -11 -7 -11 -7 -11 -7 -11 -7 -11 -7 0 0 0 0 0 0 0 0 0 0]"""
"""1770911351120484,CSI_DATA,STATION,00:00:00:00:00:00,0,0,0,0,0,0,0,0,0,0,0,0,0,0,0,0,0,0,0,0,0,128,[84 -64 4 0 0 0 0 0 0 0 0 0 0 -9 0 -10 0 -10 0 -11 0 -10 1 -11 2 -10 2 -10 2 -10 2 -10 2 -11 2 -11 2 -11 2 -10 3 -11 2 -10 3 -11 3 -10 3 -12 3 -11 3 -10 3 -11 3 -10 3 -11 3 -12 3 -11 0 0 4 -12 2 -11 3 -12 2 -11 3 -13 3 -12 3 -13 3 -12 3 -12 2 -11 2 -13 2 -12 2 -13 2 -13 3 -13 2 -14 2 -13 2 -15 2 -14 2 -14 3 -14 3 -14 2 -14 1 -15 2 -15 2 -15 0 0 0 0 0 0 0 0 0 0]"""
"""1770911351125528,CSI_DATA,STATION,00:00:00:00:00:00,0,0,0,0,0,0,0,0,0,0,0,0,0,0,0,0,0,0,0,0,0,128,[84 -64 4 0 0 0 0 0 0 0 0 0 -5 -6 -5 -6 -5 -6 -6 -7 -5 -7 -5 -7 -5 -7 -5 -8 -5 -7 -5 -8 -5 -8 -5 -8 -4 -8 -4 -8 -5 -8 -5 -8 -4 -8 -4 -8 -5 -9 -4 -8 -4 -9 -4 -9 -4 -9 -4 -9 -4 -9 -4 -9 0 0 -4 -9 -5 -9 -4 -9 -5 -9 -5 -9 -5 -9 -5 -9 -5 -9 -5 -9 -5 -9 -5 -10 -6 -9 -5 -9 -5 -10 -5 -10 -6 -10 -6 -10 -6 -10 -6 -10 -6 -10 -6 -10 -6 -10 -7 -11 -7 -10 -6 -11 -7 -11 0 0 0 0 0 0 0 0 0 0]"""
"""1770911351131247,CSI_DATA,STATION,00:00:00:00:00:00,0,0,0,0,0,0,0,0,0,0,0,0,0,0,0,0,0,0,0,0,0,128,[14 -32 0 0 0 0 0 0 0 0 0 0 -9 -13 -9 -14 -9 -13 -9 -14 -8 -14 -8 -15 -8 -15 -8 -16 -8 -16 -8 -16 -8 -16 -8 -16 -8 -16 -7 -17 -6 -17 -7 -17 -6 -17 -6 -17 -6 -18 -6 -18 -6 -18 -6 -18 -6 -18 -7 -18 -7 -18 -7 -18 0 0 -7 -18 -7 -18 -7 -18 -7 -18 -7 -19 -8 -19 -8 -19 -8 -19 -8 -19 -9 -19 -9 -19 -9 -19 -9 -19 -9 -20 -9 -20 -10 -21 -10 -20 -10 -21 -10 -22 -11 -21 -11 -21 -11 -21 -12 -21 -12 -22 -12 -22 -12 -22 0 0 0 0 0 0 0 0 0 0]"""
"""1770911351136152,CSI_DATA,STATION,00:00:00:00:00:00,0,0,0,0,0,0,0,0,0,0,0,0,0,0,0,0,0,0,0,0,0,128,[84 -64 4 0 0 0 0 0 0 0 0 0 7 1 7 2 7 2 8 3 7 3 8 3 7 3 7 4 7 4 7 4 8 4 8 4 8 5 7 5 7 5 8 5 7 5 7 5 7 5 7 6 7 6 7 6 6 5 8 6 8 6 8 5 0 0 8 6 7 5 8 6 8 5 8 6 8 6 8 6 8 6 8 6 8 5 9 5 8 6 9 6 10 6 9 6 10 6 10 6 10 5 10 6 10 5 10 6 10 7 10 6 11 6 11 6 11 6 0 0 0 0 0 0 0 0 0 0]"""
"""1770911351141657,CSI_DATA,STATION,00:00:00:00:00:00,0,0,0,0,0,0,0,0,0,0,0,0,0,0,0,0,0,0,0,0,0,128,[84 -64 4 0 0 0 0 0 0 0 0 0 6 2 6 2 6 2 7 3 7 3 7 3 7 4 6 4 6 4 7 4 7 4 6 4 7 4 7 4 7 5 7 5 6 5 7 5 7 5 6 6 6 6 7 6 6 5 7 5 7 5 7 5 0 0 7 5 7 5 7 5 7 5 7 5 7 6 7 5 8 6 7 5 8 5 8 5 8 5 8 5 9 6 8 5 8 5 9 5 9 5 9 6 9 6 9 6 9 6 9 6 10 6 10 6 10 6 0 0 0 0 0 0 0 0 0 0]"""
"""1770911351147038,CSI_DATA,STATION,00:00:00:00:00:00,0,0,0,0,0,0,0,0,0,0,0,0,0,0,0,0,0,0,0,0,0,128,[84 -64 4 0 0 0 0 0 0 0 0 0 7 2 7 2 7 3 8 3 7 3 7 3 8 3 7 4 7 4 7 5 8 4 7 4 8 4 7 5 8 5 7 5 8 5 7 5 8 6 7 6 7 6 8 6 7 5 8 6 8 6 8 6 0 0 8 6 8 6 8 6 8 6 8 6 9 6 8 6 8 6 9 6 8 5 9 6 9 6 9 6 10 6 9 6 10 6 10 6 10 6 11 6 10 6 11 6 10 7 11 6 11 7 11 6 11 6 0 0 0 0 0 0 0 0 0 0]"""
"""1770911351152578,CSI_DATA,STATION,00:00:00:00:00:00,0,0,0,0,0,0,0,0,0,0,0,0,0,0,0,0,0,0,0,0,0,128,[84 -64 4 0 0 0 0 0 0 0 0 0 8 -4 9 -4 9 -3 10 -3 10 -3 10 -4 10 -3 11 -3 10 -3 11 -2 11 -2 11 -2 11 -2 11 -1 11 -1 11 -1 11 -2 11 -1 11 -1 12 0 11 -1 11 -1 12 -1 12 -1 12 0 12 -1 0 0 12 -1 12 0 12 0 13 -1 12 0 13 -1 13 -1 13 -1 13 -1 13 -2 13 -2 13 -1 13 -1 14 -1 14 -1 15 -2 14 -1 15 -2 15 -2 15 -2 15 -2 14 -1 15 -2 16 -2 15 -2 15 -2 0 0 0 0 0 0 0 0 0 0]"""
"""1770911351158181,CSI_DATA,STATION,00:00:00:00:00:00,0,0,0,0,0,0,0,0,0,0,0,0,0,0,0,0,0,0,0,0,0,128,[84 -64 4 0 0 0 0 0 0 0 0 0 5 -7 5 -7 4 -7 5 -6 5 -7 6 -7 6 -7 6 -7 6 -7 6 -6 7 -7 7 -7 7 -6 7 -6 7 -6 7 -7 7 -6 7 -7 7 -6 8 -6 8 -6 8 -6 8 -6 8 -6 8 -6 8 -7 0 0 8 -7 8 -6 8 -6 8 -7 8 -7 8 -7 8 -7 8 -7 9 -8 8 -8 9 -8 8 -7 9 -8 9 -8 9 -8 9 -9 9 -9 10 -9 9 -9 9 -9 10 -9 9 -9 10 -9 10 -9 10 -10 10 -10 0 0 0 0 0 0 0 0 0 0]"""
"""1770911351162903,CSI_DATA,STATION,00:00:00:00:00:00,0,0,0,0,0,0,0,0,0,0,0,0,0,0,0,0,0,0,0,0,0,128,[84 -64 4 0 0 0 0 0 0 0 0 0 1 -8 1 -9 1 -9 1 -9 1 -9 1 -9 2 -9 2 -9 3 -9 2 -9 3 -9 3 -9 2 -9 3 -9 3 -9 4 -9 4 -9 4 -9 3 -10 4 -9 4 -9 4 -10 4 -10 4 -10 4 -10 4 -10 0 0 4 -10 4 -10 4 -10 4 -10 4 -10 4 -10 4 -10 4 -10 4 -11 4 -11 4 -11 3 -11 3 -11 4 -11 4 -12 4 -12 4 -12 4 -12 4 -12 4 -13 4 -13 4 -12 4 -13 3 -13 4 -13 4 -13 0 0 0 0 0 0 0 0 0 0]"""
"""1770911351168414,CSI_DATA,STATION,00:00:00:00:00:00,0,0,0,0,0,0,0,0,0,0,0,0,0,0,0,0,0,0,0,0,0,128,[84 -64 4 0 0 0 0 0 0 0 0 0 1 7 0 7 0 7 0 7 0 7 -1 7 0 7 -1 8 -1 7 -1 7 -1 8 -1 8 -1 8 -1 8 -2 8 -2 8 -2 8 -2 8 -2 8 -2 8 -2 8 -2 8 -2 8 -2 9 -2 8 -2 9 0 0 -2 9 -1 8 -1 9 -2 9 -2 9 -2 9 -2 9 -1 9 -2 10 -2 9 -2 10 -1 9 -1 10 -1 10 -2 10 -2 11 -1 10 -1 11 -1 11 -1 11 -1 11 -1 11 -1 11 -1 11 -1 12 -1 12 0 0 0 0 0 0 0 0 0 0]"""
"""1770911351173942,CSI_DATA,STATION,00:00:00:00:00:00,0,0,0,0,0,0,0,0,0,0,0,0,0,0,0,0,0,0,0,0,0,128,[84 -64 4 0 0 0 0 0 0 0 0 0 -1 -9 -1 -9 -1 -9 -1 -9 -1 -10 -1 -10 0 -9 0 -10 0 -9 0 -10 1 -10 1 -10 1 -10 1 -10 1 -10 1 -10 2 -10 2 -10 1 -11 1 -10 1 -11 1 -11 2 -11 1 -11 1 -11 2 -11 0 0 2 -11 1 -11 1 -12 1 -11 1 -12 1 -12 1 -12 1 -12 1 -12 1 -12 1 -12 1 -12 1 -12 1 -13 1 -13 1 -14 0 -13 0 -14 1 -14 0 -14 1 -14 0 -14 0 -14 0 -14 0 -14 1 -14 0 0 0 0 0 0 0 0 0 0]"""
"""1770911351176764,CSI_DATA,STATION,00:00:00:00:00:00,0,0,0,0,0,0,0,0,0,0,0,0,0,0,0,0,0,0,0,0,0,128,[84 -64 4 0 0 0 0 0 0 0 0 0 -2 7 -2 7 -3 7 -3 8 -3 8 -3 8 -4 7 -4 8 -4 7 -4 8 -4 8 -4 7 -4 8 -4 8 -5 8 -5 8 -5 8 -5 8 -5 8 -5 8 -5 8 -5 8 -5 8 -5 9 -5 8 -5 8 0 0 -6 8 -5 8 -5 9 -5 9 -5 9 -5 9 -5 9 -5 9 -6 9 -5 9 -5 10 -5 10 -5 10 -5 10 -6 10 -6 11 -5 10 -6 11 -6 12 -6 11 -6 12 -6 11 -5 11 -5 12 -5 12 -6 12 0 0 0 0 0 0 0 0 0 0]"""
"""1770911351182361,CSI_DATA,STATION,00:00:00:00:00:00,0,0,0,0,0,0,0,0,0,0,0,0,0,0,0,0,0,0,0,0,0,128,[84 -64 4 0 0 0 0 0 0 0 0 0 0 -7 0 -8 0 -7 0 -8 0 -8 1 -8 1 -8 1 -8 1 -8 1 -8 1 -8 2 -8 2 -8 1 -8 1 -9 2 -8 2 -8 2 -8 2 -9 2 -9 2 -9 2 -9 2 -9 2 -9 2 -9 2 -9 0 0 2 -9 2 -9 2 -10 2 -9 2 -10 2 -10 2 -10 2 -10 2 -10 2 -10 2 -10 2 -10 2 -10 2 -11 2 -11 2 -11 1 -11 2 -12 2 -12 1 -11 2 -12 2 -12 2 -12 1 -12 2 -12 2 -12 0 0 0 0 0 0 0 0 0 0]"""
"""1770911351186973,CSI_DATA,STATION,00:00:00:00:00:00,0,0,0,0,0,0,0,0,0,0,0,0,0,0,0,0,0,0,0,0,0,128,[84 -64 4 0 0 0 0 0 0 0 0 0 6 4 6 4 6 5 6 5 6 5 5 5 6 5 5 6 6 6 6 6 6 6 5 6 5 6 5 7 6 7 6 7 5 6 5 7 5 7 5 7 5 7 6 7 5 7 6 7 6 8 5 7 0 0 6 7 6 8 6 7 6 8 6 7 6 8 7 8 7 8 7 8 7 8 7 7 8 8 7 8 7 8 8 8 8 8 9 8 8 7 9 8 9 8 9 8 9 9 9 9 9 9 9 9 9 8 0 0 0 0 0 0 0 0 0 0]"""
"""1770911351202897,CSI_DATA,STATION,00:00:00:00:00:00,0,0,0,0,0,0,0,0,0,0,0,0,0,0,0,0,0,0,0,0,0,128,[84 -64 4 0 0 0 0 0 0 0 0 0 3 7 3 7 3 8 3 8 3 8 3 8 3 8 2 8 2 9 3 9 2 9 2 9 2 9 2 9 2 10 1 10 1 9 1 9 1 10 1 10 1 10 1 11 1 10 1 10 1 11 2 11 0 0 1 11 2 11 2 11 2 11 2 11 2 12 2 12 2 11 2 11 2 11 3 12 3 12 3 13 3 13 2 12 3 13 3 13 4 13 3 13 3 13 3 13 3 14 3 14 4 14 4 14 3 15 0 0 0 0 0 0 0 0 0 0]"""
"""1770911351208444,CSI_DATA,STATION,00:00:00:00:00:00,0,0,0,0,0,0,0,0,0,0,0,0,0,0,0,0,0,0,0,0,0,128,[14 -32 0 0 0 0 0 0 0 0 0 0 6 -13 7 -13 7 -13 8 -13 8 -13 9 -13 9 -13 10 -13 10 -13 10 -13 10 -13 10 -13 11 -14 11 -13 11 -13 11 -13 12 -13 12 -13 12 -14 12 -14 12 -14 12 -13 13 -13 13 -14 12 -14 13 -14 0 0 12 -14 13 -15 13 -15 13 -15 13 -15 13 -16 13 -16 13 -16 13 -16 13 -17 13 -17 13 -17 13 -17 14 -18 14 -18 14 -19 14 -19 14 -20 14 -20 14 -20 14 -21 15 -20 15 -21 15 -22 15 -22 15 -22 0 0 0 0 0 0 0 0 0 0]"""
"""1770911351216138,CSI_DATA,STATION,00:00:00:00:00:00,0,0,0,0,0,0,0,0,0,0,0,0,0,0,0,0,0,0,0,0,0,128,[84 -64 4 0 0 0 0 0 0 0 0 0 0 7 -1 8 0 8 -1 9 -1 9 -2 8 -2 8 -2 9 -3 9 -2 9 -2 9 -2 9 -2 9 -2 9 -3 9 -3 9 -3 9 -3 9 -3 10 -3 10 -4 9 -4 10 -4 10 -3 10 -3 10 -3 10 0 0 -4 10 -3 10 -3 11 -3 11 -3 11 -4 11 -4 11 -4 11 -4 11 -3 11 -3 12 -3 12 -2 12 -3 12 -4 13 -3 13 -2 13 -3 13 -4 14 -3 13 -4 14 -3 14 -3 14 -2 15 -3 15 -3 15 0 0 0 0 0 0 0 0 0 0]"""
"""1770911351221048,CSI_DATA,STATION,00:00:00:00:00:00,0,0,0,0,0,0,0,0,0,0,0,0,0,0,0,0,0,0,0,0,0,128,[84 -64 4 0 0 0 0 0 0 0 0 0 -6 -2 -6 -2 -7 -3 -7 -3 -7 -3 -6 -3 -7 -3 -7 -4 -6 -4 -7 -4 -7 -4 -7 -4 -7 -4 -7 -4 -7 -5 -7 -4 -7 -5 -7 -4 -7 -5 -7 -5 -7 -5 -7 -5 -7 -5 -7 -5 -7 -5 -8 -5 0 0 -7 -5 -8 -5 -8 -5 -7 -5 -8 -5 -8 -6 -8 -6 -8 -6 -8 -5 -9 -5 -9 -5 -9 -5 -9 -6 -9 -5 -9 -6 -9 -5 -10 -6 -9 -6 -10 -5 -10 -6 -10 -6 -10 -6 -10 -6 -11 -6 -10 -6 -11 -6 0 0 0 0 0 0 0 0 0 0]"""
"""1770911351225854,CSI_DATA,STATION,00:00:00:00:00:00,0,0,0,0,0,0,0,0,0,0,0,0,0,0,0,0,0,0,0,0,0,128,[84 -64 4 0 0 0 0 0 0 0 0 0 -3 6 -3 6 -3 6 -4 6 -4 6 -4 6 -4 6 -5 6 -5 6 -5 6 -5 6 -5 6 -5 6 -5 6 -6 6 -6 6 -6 6 -5 6 -6 6 -6 6 -6 6 -6 6 -6 6 -6 6 -6 6 -7 7 0 0 -7 6 -6 7 -6 7 -7 7 -7 7 -7 7 -7 7 -7 7 -7 8 -7 8 -7 8 -7 8 -7 8 -7 8 -7 9 -7 9 -7 9 -7 9 -7 10 -7 9 -8 10 -8 10 -8 10 -8 10 -8 10 -8 10 0 0 0 0 0 0 0 0 0 0]"""
"""1770911351230726,CSI_DATA,STATION,00:00:00:00:00:00,0,0,0,0,0,0,0,0,0,0,0,0,0,0,0,0,0,0,0,0,0,128,[84 -64 4 0 0 0 0 0 0 0 0 0 5 -4 5 -3 5 -3 5 -3 5 -3 5 -3 6 -3 6 -3 6 -3 7 -2 6 -2 6 -3 7 -2 6 -2 7 -2 7 -3 6 -2 7 -2 7 -2 7 -2 7 -2 7 -2 8 -2 7 -2 8 -2 8 -2 0 0 8 -2 8 -2 7 -2 8 -3 8 -2 8 -2 8 -2 8 -3 8 -3 9 -3 8 -3 9 -3 8 -3 9 -2 9 -3 9 -3 10 -3 10 -4 10 -3 10 -4 10 -4 10 -3 11 -4 10 -4 10 -4 10 -4 0 0 0 0 0 0 0 0 0 0]"""
"""1770911351236140,CSI_DATA,STATION,00:00:00:00:00:00,0,0,0,0,0,0,0,0,0,0,0,0,0,0,0,0,0,0,0,0,0,128,[84 -64 4 0 0 0 0 0 0 0 0 0 -2 6 -2 6 -2 6 -2 6 -2 6 -3 6 -3 7 -3 7 -3 6 -3 7 -3 7 -4 7 -3 7 -3 7 -4 7 -4 7 -4 7 -4 7 -4 7 -4 7 -4 7 -4 7 -4 7 -5 8 -4 7 -5 8 0 0 -5 8 -4 8 -4 8 -5 8 -4 8 -5 8 -5 8 -4 8 -4 9 -5 9 -4 10 -4 9 -4 9 -4 9 -5 10 -5 10 -4 10 -4 11 -4 11 -5 11 -5 11 -5 11 -5 11 -5 11 -5 11 -5 12 0 0 0 0 0 0 0 0 0 0]"""
"""1770911351255908,CSI_DATA,STATION,00:00:00:00:00:00,0,0,0,0,0,0,0,0,0,0,0,0,0,0,0,0,0,0,0,0,0,128,[14 -32 0 0 0 0 0 0 0 0 0 0 -8 -12 -8 -13 -8 -13 -8 -14 -7 -14 -7 -15 -7 -15 -7 -15 -7 -16 -7 -16 -7 -16 -7 -16 -7 -17 -6 -17 -6 -18 -6 -17 -6 -18 -6 -18 -6 -19 -6 -18 -6 -19 -6 -19 -5 -19 -6 -19 -6 -20 -6 -20 0 0 -6 -20 -7 -20 -7 -20 -7 -20 -7 -20 -8 -21 -8 -21 -8 -21 -8 -21 -8 -21 -9 -22 -8 -22 -9 -22 -9 -23 -9 -23 -9 -24 -10 -24 -10 -24 -10 -25 -10 -25 -11 -25 -11 -25 -11 -25 -11 -26 -11 -27 -11 -27 0 0 0 0 0 0 0 0 0 0]"""
"""1770911351273957,CSI_DATA,STATION,00:00:00:00:00:00,0,0,0,0,0,0,0,0,0,0,0,0,0,0,0,0,0,0,0,0,0,128,[14 -32 0 0 0 0 0 0 0 0 0 0 -6 -11 -6 -12 -6 -11 -5 -12 -5 -12 -5 -13 -5 -13 -5 -14 -4 -14 -4 -14 -4 -14 -5 -14 -4 -15 -4 -15 -4 -15 -4 -15 -4 -16 -3 -15 -3 -16 -3 -16 -3 -16 -3 -17 -3 -16 -3 -17 -4 -17 -4 -17 0 0 -4 -17 -3 -17 -4 -18 -3 -17 -4 -18 -4 -18 -4 -18 -4 -19 -4 -19 -5 -18 -5 -19 -5 -19 -5 -20 -5 -21 -5 -20 -5 -21 -6 -21 -6 -22 -6 -22 -5 -22 -6 -22 -6 -22 -6 -22 -6 -23 -6 -24 -6 -24 0 0 0 0 0 0 0 0 0 0]"""
"""1770911351284717,CSI_DATA,STATION,00:00:00:00:00:00,0,0,0,0,0,0,0,0,0,0,0,0,0,0,0,0,0,0,0,0,0,128,[84 -64 4 0 0 0 0 0 0 0 0 0 9 -5 10 -5 10 -5 11 -5 11 -5 11 -5 12 -5 12 -4 12 -4 12 -4 13 -5 13 -5 13 -4 13 -4 14 -4 13 -4 14 -4 14 -4 15 -4 14 -4 15 -4 15 -3 15 -3 15 -4 15 -4 15 -4 0 0 16 -4 15 -4 16 -4 16 -4 17 -4 17 -5 17 -5 17 -5 17 -5 17 -5 17 -6 18 -6 18 -6 19 -6 18 -6 20 -6 19 -7 20 -7 20 -7 20 -7 21 -7 21 -7 21 -8 21 -8 21 -8 22 -8 0 0 0 0 0 0 0 0 0 0]"""
"""1770911351289209,CSI_DATA,STATION,00:00:00:00:00:00,0,0,0,0,0,0,0,0,0,0,0,0,0,0,0,0,0,0,0,0,0,128,[84 -64 4 0 0 0 0 0 0 0 0 0 5 11 5 12 5 11 5 12 4 12 5 13 4 13 5 13 4 13 4 14 5 14 5 14 4 15 4 15 4 15 4 15 4 16 4 16 4 16 4 16 4 16 4 16 3 16 4 17 4 17 5 18 0 0 4 18 5 17 5 18 4 18 5 19 5 19 5 19 5 19 5 19 6 19 7 20 7 20 7 20 7 21 7 21 7 22 7 21 8 22 8 22 8 22 8 23 8 23 9 23 9 24 9 24 9 25 0 0 0 0 0 0 0 0 0 0]"""
"""1770911351294270,CSI_DATA,STATION,00:00:00:00:00:00,0,0,0,0,0,0,0,0,0,0,0,0,0,0,0,0,0,0,0,0,0,128,[14 -32 0 0 0 0 0 0 0 0 0 0 -11 3 -11 3 -12 3 -12 3 -12 3 -13 3 -13 2 -13 2 -13 2 -13 2 -14 3 -14 2 -14 2 -14 2 -15 2 -15 2 -15 1 -15 1 -16 1 -16 1 -16 1 -16 2 -16 1 -16 1 -16 1 -17 2 0 0 -17 1 -17 2 -17 2 -17 2 -18 2 -18 2 -18 2 -18 2 -18 2 -19 2 -19 3 -19 3 -19 3 -20 3 -20 3 -21 4 -20 4 -22 3 -22 3 -22 4 -22 4 -22 4 -23 4 -23 5 -23 4 -24 4 0 0 0 0 0 0 0 0 0 0]"""
"""1770911351299718,CSI_DATA,STATION,00:00:00:00:00:00,0,0,0,0,0,0,0,0,0,0,0,0,0,0,0,0,0,0,0,0,0,128,[84 -64 4 0 0 0 0 0 0 0 0 0 -6 -10 -6 -11 -6 -11 -6 -11 -5 -12 -5 -13 -5 -12 -5 -13 -5 -13 -5 -13 -6 -13 -5 -14 -5 -14 -5 -14 -4 -15 -5 -14 -5 -15 -4 -15 -4 -16 -4 -15 -4 -15 -4 -16 -4 -15 -5 -16 -5 -16 -5 -16 0 0 -5 -16 -5 -16 -5 -17 -5 -16 -6 -17 -5 -17 -6 -17 -6 -18 -6 -18 -7 -18 -7 -18 -7 -18 -7 -19 -7 -19 -7 -19 -8 -20 -8 -19 -8 -21 -8 -21 -8 -21 -8 -21 -8 -21 -9 -21 -10 -22 -9 -22 -9 -22 0 0 0 0 0 0 0 0 0 0]"""
"""1770911351304801,CSI_DATA,STATION,00:00:00:00:00:00,0,0,0,0,0,0,0,0,0,0,0,0,0,0,0,0,0,0,0,0,0,128,[84 -64 4 0 0 0 0 0 0 0 0 0 -9 7 -9 7 -9 7 -9 7 -10 7 -10 7 -10 7 -11 7 -11 7 -11 7 -11 7 -12 8 -12 7 -12 7 -12 7 -13 8 -13 7 -13 7 -13 7 -13 7 -14 7 -14 8 -14 7 -14 8 -14 8 -14 8 0 0 -14 8 -15 9 -14 9 -15 9 -15 9 -15 10 -15 10 -15 10 -15 10 -16 10 -16 11 -16 11 -16 12 -16 12 -17 12 -17 12 -16 13 -16 12 -17 13 -17 13 -18 13 -18 14 -18 14 -18 15 -18 15 -19 15 0 0 0 0 0 0 0 0 0 0]"""
"""1770911351309813,CSI_DATA,STATION,00:00:00:00:00:00,0,0,0,0,0,0,0,0,0,0,0,0,0,0,0,0,0,0,0,0,0,128,[84 -64 4 0 0 0 0 0 0 0 0 0 -6 -13 -5 -14 -6 -14 -6 -14 -5 -14 -5 -15 -5 -15 -5 -16 -5 -16 -5 -16 -5 -16 -5 -16 -5 -17 -5 -17 -4 -18 -4 -18 -4 -18 -4 -18 -4 -19 -4 -19 -4 -19 -4 -19 -3 -19 -4 -19 -4 -20 -5 -20 0 0 -4 -20 -5 -21 -5 -21 -5 -20 -5 -21 -6 -22 -6 -22 -6 -22 -6 -22 -7 -22 -7 -23 -7 -23 -7 -24 -8 -24 -7 -24 -7 -25 -8 -24 -8 -26 -8 -26 -8 -26 -9 -27 -8 -27 -9 -27 -9 -28 -9 -28 -9 -29 0 0 0 0 0 0 0 0 0 0]"""
"""1770911351315300,CSI_DATA,STATION,00:00:00:00:00:00,0,0,0,0,0,0,0,0,0,0,0,0,0,0,0,0,0,0,0,0,0,128,[84 -64 4 0 0 0 0 0 0 0 0 0 -6 9 -7 9 -7 9 -7 9 -7 9 -8 9 -8 9 -8 9 -8 9 -9 9 -9 9 -9 10 -10 10 -10 9 -10 10 -10 10 -11 10 -11 9 -11 10 -11 10 -11 10 -11 10 -11 10 -12 10 -11 11 -11 11 0 0 -12 11 -11 11 -12 11 -12 11 -12 12 -13 12 -12 12 -12 12 -12 12 -12 13 -13 14 -13 14 -13 14 -13 14 -13 14 -14 15 -13 15 -14 15 -14 16 -14 16 -14 16 -14 16 -14 16 -15 17 -15 17 -15 17 0 0 0 0 0 0 0 0 0 0]"""
"""1770911351323018,CSI_DATA,STATION,00:00:00:00:00:00,0,0,0,0,0,0,0,0,0,0,0,0,0,0,0,0,0,0,0,0,0,128,[84 -64 4 0 0 0 0 0 0 0 0 0 -14 -2 -14 -3 -14 -3 -15 -3 -15 -3 -15 -4 -15 -4 -15 -5 -16 -5 -16 -5 -16 -5 -17 -5 -17 -6 -17 -6 -17 -7 -17 -6 -17 -6 -17 -7 -18 -7 -17 -7 -18 -8 -18 -8 -18 -8 -19 -7 -19 -7 -19 -7 0 0 -19 -8 -19 -7 -20 -7 -20 -7 -20 -8 -21 -8 -21 -8 -21 -8 -21 -8 -22 -8 -23 -7 -23 -7 -23 -7 -23 -8 -24 -7 -24 -7 -25 -8 -25 -8 -26 -9 -26 -9 -26 -9 -26 -8 -27 -9 -28 -8 -28 -8 -28 -9 0 0 0 0 0 0 0 0 0 0]"""
"""1770911351328330,CSI_DATA,STATION,00:00:00:00:00:00,0,0,0,0,0,0,0,0,0,0,0,0,0,0,0,0,0,0,0,0,0,128,[84 -64 4 0 0 0 0 0 0 0 0 0 4 -10 4 -10 5 -10 5 -10 5 -10 6 -11 6 -11 7 -11 6 -11 7 -11 7 -11 7 -11 7 -11 7 -12 8 -11 8 -12 8 -11 9 -12 9 -12 9 -12 9 -12 9 -12 9 -12 9 -13 9 -12 9 -13 0 0 9 -13 9 -13 9 -13 10 -13 9 -13 10 -14 10 -14 10 -14 10 -14 10 -15 10 -15 10 -15 10 -15 10 -16 11 -16 11 -16 11 -17 11 -17 11 -18 11 -18 11 -18 12 -18 12 -19 12 -19 12 -19 12 -19 0 0 0 0 0 0 0 0 0 0]"""
"""1770911351333053,CSI_DATA,STATION,00:00:00:00:00:00,0,0,0,0,0,0,0,0,0,0,0,0,0,0,0,0,0,0,0,0,0,128,[84 -64 4 0 0 0 0 0 0 0 0 0 1 -14 2 -14 1 -14 2 -14 2 -15 2 -15 3 -15 3 -16 3 -16 3 -16 4 -16 4 -16 4 -16 4 -17 5 -17 4 -17 5 -17 5 -17 6 -17 6 -18 6 -18 6 -18 6 -18 6 -18 6 -19 6 -19 0 0 6 -19 6 -19 6 -19 6 -20 6 -20 6 -21 6 -21 6 -21 6 -21 6 -21 6 -22 7 -22 6 -22 7 -24 6 -23 7 -24 6 -25 7 -25 7 -26 7 -25 7 -26 7 -26 8 -27 8 -27 8 -27 8 -27 0 0 0 0 0 0 0 0 0 0]"""
"""1770911351339890,CSI_DATA,STATION,00:00:00:00:00:00,0,0,0,0,0,0,0,0,0,0,0,0,0,0,0,0,0,0,0,0,0,128,[84 -64 4 0 0 0 0 0 0 0 0 0 9 4 10 4 10 4 10 4 10 5 10 5 10 5 10 6 10 5 10 6 10 6 11 6 11 6 11 6 11 7 11 7 11 8 11 7 11 7 11 7 12 8 11 8 12 8 12 8 12 8 12 8 0 0 13 8 13 8 13 8 13 8 13 9 14 8 14 8 14 9 14 8 14 8 15 9 15 9 15 9 16 9 16 9 16 9 17 9 17 9 17 9 17 10 18 10 18 10 18 10 19 10 19 10 19 11 0 0 0 0 0 0 0 0 0 0]"""
"""1770911351345110,CSI_DATA,STATION,00:00:00:00:00:00,0,0,0,0,0,0,0,0,0,0,0,0,0,0,0,0,0,0,0,0,0,128,[84 -64 4 0 0 0 0 0 0 0 0 0 -12 3 -13 3 -13 3 -13 3 -13 3 -14 3 -13 3 -14 3 -14 2 -14 2 -15 2 -15 2 -15 2 -15 2 -16 2 -15 2 -16 1 -16 1 -17 1 -17 1 -17 1 -17 1 -17 1 -17 1 -18 2 -18 2 0 0 -18 2 -18 2 -19 1 -18 2 -19 1 -19 2 -19 2 -20 2 -19 2 -20 2 -20 3 -21 2 -21 3 -22 3 -21 2 -23 2 -22 2 -23 3 -23 2 -24 3 -24 3 -24 2 -24 3 -25 3 -25 2 -26 3 0 0 0 0 0 0 0 0 0 0]"""
"""1770911351350195,CSI_DATA,STATION,00:00:00:00:00:00,0,0,0,0,0,0,0,0,0,0,0,0,0,0,0,0,0,0,0,0,0,128,[84 -64 4 0 0 0 0 0 0 0 0 0 -13 1 -13 1 -14 1 -13 1 -14 0 -14 0 -14 0 -15 -1 -15 -1 -15 0 -15 0 -15 0 -15 0 -16 0 -16 -1 -16 -1 -16 -2 -16 -2 -17 -2 -17 -2 -17 -2 -17 -2 -17 -1 -17 -1 -18 -1 -18 -1 0 0 -18 -1 -18 -1 -19 -1 -18 -1 -19 -1 -19 -1 -19 -1 -20 -1 -20 -1 -20 0 -21 1 -21 0 -22 0 -23 0 -22 0 -23 0 -22 1 -23 0 -24 0 -24 0 -24 1 -25 0 -24 1 -25 2 -26 1 -26 1 0 0 0 0 0 0 0 0 0 0]"""
"""1770911351357516,CSI_DATA,STATION,00:00:00:00:00:00,0,0,0,0,0,0,0,0,0,0,0,0,0,0,0,0,0,0,0,0,0,128,[84 -64 4 0 0 0 0 0 0 0 0 0 -1 12 -1 12 -1 13 -2 13 -2 13 -2 13 -2 13 -2 13 -3 14 -3 14 -2 14 -3 14 -3 14 -3 14 -3 15 -4 15 -4 15 -4 15 -4 15 -4 15 -4 16 -4 15 -4 16 -4 16 -4 16 -4 17 0 0 -3 17 -4 17 -4 18 -4 17 -3 18 -3 18 -3 18 -3 19 -3 19 -3 19 -3 20 -3 20 -3 20 -3 21 -3 21 -4 22 -2 21 -3 22 -3 22 -3 22 -3 23 -3 23 -2 23 -3 24 -3 24 -3 24 0 0 0 0 0 0 0 0 0 0]"""
"""1770911351362547,CSI_DATA,STATION,00:00:00:00:00:00,0,0,0,0,0,0,0,0,0,0,0,0,0,0,0,0,0,0,0,0,0,128,[84 -64 4 0 0 0 0 0 0 0 0 0 -11 7 -12 7 -11 7 -12 7 -12 6 -13 7 -13 6 -13 6 -13 6 -13 6 -13 7 -14 7 -14 7 -14 7 -15 6 -15 7 -15 6 -15 6 -16 6 -16 6 -16 6 -16 6 -16 7 -16 7 -16 7 -17 7 0 0 -17 7 -16 8 -17 8 -17 8 -17 8 -18 8 -18 9 -18 8 -18 8 -18 9 -18 10 -18 10 -19 10 -19 10 -19 10 -20 11 -20 11 -20 11 -21 11 -21 11 -21 11 -22 11 -22 12 -22 12 -22 12 -23 12 0 0 0 0 0 0 0 0 0 0]"""
"""1770911351367417,CSI_DATA,STATION,00:00:00:00:00:00,0,0,0,0,0,0,0,0,0,0,0,0,0,0,0,0,0,0,0,0,0,128,[84 -64 4 0 0 0 0 0 0 0 0 0 11 -5 12 -5 12 -5 12 -4 12 -4 14 -4 13 -4 14 -4 14 -4 14 -4 14 -4 14 -4 14 -4 15 -4 15 -3 15 -4 16 -3 15 -3 16 -3 16 -3 16 -4 16 -3 16 -3 16 -4 16 -4 17 -4 0 0 17 -4 17 -4 18 -4 17 -4 18 -5 18 -5 18 -5 18 -5 19 -5 19 -5 19 -6 19 -6 20 -6 21 -6 20 -6 22 -6 21 -7 22 -7 22 -7 22 -7 23 -7 22 -7 22 -8 24 -8 24 -8 24 -8 0 0 0 0 0 0 0 0 0 0]"""
"""1770911351371918,CSI_DATA,STATION,00:00:00:00:00:00,0,0,0,0,0,0,0,0,0,0,0,0,0,0,0,0,0,0,0,0,0,128,[84 -64 4 0 0 0 0 0 0 0 0 0 -2 11 -3 11 -2 11 -3 12 -3 11 -4 12 -3 12 -4 12 -4 12 -4 12 -4 13 -4 13 -5 12 -5 12 -5 13 -5 13 -6 13 -6 13 -6 13 -6 13 -6 13 -6 13 -6 13 -6 14 -6 14 -6 14 0 0 -6 14 -6 15 -6 15 -6 15 -6 15 -6 16 -6 16 -6 16 -6 16 -6 17 -6 17 -6 17 -6 17 -7 18 -7 18 -7 18 -6 18 -7 19 -7 19 -7 19 -7 20 -7 20 -7 20 -7 21 -8 21 -8 21 0 0 0 0 0 0 0 0 0 0]"""
"""1770911351376666,CSI_DATA,STATION,00:00:00:00:00:00,0,0,0,0,0,0,0,0,0,0,0,0,0,0,0,0,0,0,0,0,0,128,[84 -64 4 0 0 0 0 0 0 0 0 0 3 11 2 12 2 11 2 12 1 12 1 13 1 12 1 13 1 13 1 12 1 13 1 13 1 13 0 14 0 14 0 14 -1 14 -1 14 0 15 0 14 -1 15 -1 15 -1 15 0 15 0 15 0 16 0 0 0 16 -1 16 0 16 0 16 0 17 0 17 0 17 0 17 0 17 0 17 0 18 0 18 0 19 0 20 0 19 0 20 1 19 0 20 0 20 0 21 0 21 0 22 0 21 0 22 0 22 0 23 0 0 0 0 0 0 0 0 0 0]"""
"""1770911351381252,CSI_DATA,STATION,00:00:00:00:00:00,0,0,0,0,0,0,0,0,0,0,0,0,0,0,0,0,0,0,0,0,0,128,[84 -64 4 0 0 0 0 0 0 0 0 0 6 -11 7 -11 6 -11 6 -11 7 -11 8 -11 7 -11 7 -11 7 -11 8 -11 8 -11 8 -11 8 -11 9 -11 9 -11 9 -12 9 -11 9 -11 10 -12 9 -12 9 -12 9 -12 10 -12 10 -12 10 -12 10 -13 0 0 10 -13 10 -13 10 -13 10 -13 10 -14 10 -15 10 -15 10 -15 10 -15 10 -15 11 -16 11 -15 11 -16 11 -16 11 -16 11 -17 11 -17 12 -18 11 -19 11 -18 11 -19 11 -18 12 -19 13 -19 13 -19 13 -19 0 0 0 0 0 0 0 0 0 0]"""
"""1770911351388392,CSI_DATA,STATION,00:00:00:00:00:00,0,0,0,0,0,0,0,0,0,0,0,0,0,0,0,0,0,0,0,0,0,128,[84 -64 4 0 0 0 0 0 0 0 0 0 11 4 11 4 11 5 11 5 11 5 11 6 11 6 11 6 11 6 11 7 12 7 12 7 12 7 11 7 12 8 12 8 12 8 12 8 12 8 12 8 12 9 12 8 12 9 13 9 13 8 13 9 0 0 13 9 13 9 14 9 14 9 14 9 15 9 14 9 15 9 15 9 15 10 16 10 16 10 16 10 17 10 17 10 17 10 18 10 17 10 18 10 18 11 19 11 18 11 19 12 19 12 19 12 19 12 0 0 0 0 0 0 0 0 0 0]"""
"""1770911351393291,CSI_DATA,STATION,00:00:00:00:00:00,0,0,0,0,0,0,0,0,0,0,0,0,0,0,0,0,0,0,0,0,0,128,[84 -64 4 0 0 0 0 0 0 0 0 0 -12 -8 -13 -9 -12 -8 -13 -9 -12 -9 -13 -10 -13 -10 -13 -10 -12 -11 -12 -10 -13 -11 -13 -11 -13 -11 -13 -12 -13 -12 -13 -12 -13 -13 -12 -13 -13 -13 -13 -13 -13 -13 -13 -13 -13 -13 -13 -13 -14 -13 -14 -13 0 0 -14 -13 -14 -13 -15 -14 -14 -13 -15 -14 -15 -14 -16 -14 -16 -14 -15 -14 -16 -14 -17 -15 -17 -15 -17 -15 -18 -16 -17 -16 -18 -17 -18 -16 -19 -17 -19 -17 -19 -17 -19 -17 -19 -18 -20 -17 -20 -18 -20 -19 -20 -19 0 0 0 0 0 0 0 0 0 0]"""
"""1770911351397874,CSI_DATA,STATION,00:00:00:00:00:00,0,0,0,0,0,0,0,0,0,0,0,0,0,0,0,0,0,0,0,0,0,128,[84 -64 4 0 0 0 0 0 0 0 0 0 -13 -1 -14 -2 -14 -2 -14 -2 -14 -2 -15 -3 -14 -3 -15 -3 -14 -3 -15 -3 -15 -4 -15 -4 -15 -4 -15 -4 -15 -4 -15 -4 -15 -4 -15 -5 -16 -5 -16 -4 -16 -4 -16 -4 -16 -5 -16 -5 -17 -4 -17 -4 0 0 -17 -4 -17 -4 -17 -4 -17 -4 -18 -4 -18 -4 -19 -4 -19 -4 -19 -4 -19 -3 -20 -4 -20 -4 -20 -4 -21 -4 -21 -4 -21 -4 -21 -4 -22 -4 -23 -4 -23 -3 -23 -3 -23 -3 -23 -4 -24 -4 -24 -4 -25 -4 0 0 0 0 0 0 0 0 0 0]"""
"""1770911351403436,CSI_DATA,STATION,00:00:00:00:00:00,0,0,0,0,0,0,0,0,0,0,0,0,0,0,0,0,0,0,0,0,0,128,[84 -64 4 0 0 0 0 0 0 0 0 0 14 -4 15 -3 14 -3 15 -3 15 -3 16 -3 16 -2 16 -2 16 -2 16 -2 16 -2 16 -2 17 -2 16 -1 17 -1 17 -1 18 -1 17 -1 18 -1 18 -1 18 -1 18 -1 18 0 18 -1 18 -1 19 -1 0 0 19 -1 19 -1 20 -1 19 -1 20 -1 21 -2 20 -2 21 -2 21 -2 20 -2 21 -2 22 -2 22 -2 24 -3 23 -2 24 -2 23 -3 25 -3 25 -3 24 -3 26 -3 26 -2 26 -3 27 -3 27 -3 27 -3 0 0 0 0 0 0 0 0 0 0]"""
"""1770911351408273,CSI_DATA,STATION,00:00:00:00:00:00,0,0,0,0,0,0,0,0,0,0,0,0,0,0,0,0,0,0,0,0,0,128,[84 -64 4 0 0 0 0 0 0 0 0 0 -4 -14 -3 -14 -4 -14 -3 -14 -3 -15 -3 -15 -2 -15 -2 -15 -2 -15 -2 -15 -2 -16 -2 -16 -2 -16 -2 -16 -1 -16 -2 -16 -1 -16 -1 -17 -1 -17 -1 -17 -1 -17 -1 -17 -1 -17 -1 -17 -1 -17 -1 -17 0 0 -1 -18 -2 -18 -1 -18 -1 -18 -2 -19 -1 -19 -1 -19 -2 -20 -1 -19 -2 -20 -3 -21 -2 -20 -2 -20 -2 -21 -2 -22 -2 -22 -2 -22 -2 -23 -2 -24 -2 -23 -2 -24 -2 -24 -2 -24 -2 -25 -2 -25 -2 -25 0 0 0 0 0 0 0 0 0 0]"""
"""1770911351413594,CSI_DATA,STATION,00:00:00:00:00:00,0,0,0,0,0,0,0,0,0,0,0,0,0,0,0,0,0,0,0,0,0,128,[84 -64 4 0 0 0 0 0 0 0 0 0 0 -15 0 -15 0 -15 1 -15 1 -15 1 -16 2 -16 2 -16 2 -15 2 -15 2 -16 2 -16 2 -16 2 -17 3 -17 2 -16 3 -17 4 -16 4 -17 3 -17 4 -17 4 -17 4 -16 3 -18 3 -17 3 -18 0 0 3 -18 3 -18 3 -18 3 -18 3 -19 3 -20 3 -20 3 -20 3 -20 3 -20 2 -21 3 -21 3 -21 3 -22 3 -22 3 -23 2 -22 3 -23 3 -24 3 -24 3 -24 3 -24 3 -25 3 -25 4 -25 4 -26 0 0 0 0 0 0 0 0 0 0]"""
"""1770911351418242,CSI_DATA,STATION,00:00:00:00:00:00,0,0,0,0,0,0,0,0,0,0,0,0,0,0,0,0,0,0,0,0,0,128,[84 -64 4 0 0 0 0 0 0 0 0 0 -11 9 -11 10 -11 10 -11 9 -12 9 -12 9 -12 9 -13 9 -13 9 -12 8 -13 9 -13 9 -13 9 -13 8 -14 9 -14 9 -14 9 -14 8 -14 8 -14 8 -14 9 -15 9 -14 9 -14 9 -14 9 -15 10 0 0 -15 10 -15 10 -15 10 -15 10 -15 10 -16 11 -16 11 -16 11 -16 11 -16 11 -16 12 -17 12 -17 12 -18 13 -17 12 -18 13 -17 13 -18 13 -19 14 -19 13 -19 14 -20 14 -19 14 -20 15 -20 15 -21 15 0 0 0 0 0 0 0 0 0 0]"""
"""1770911351423445,CSI_DATA,STATION,00:00:00:00:00:00,0,0,0,0,0,0,0,0,0,0,0,0,0,0,0,0,0,0,0,0,0,128,[84 -64 4 0 0 0 0 0 0 0 0 0 13 5 13 6 12 6 13 6 13 6 13 7 13 7 13 7 12 7 13 8 13 7 13 8 13 8 13 8 13 8 13 8 13 9 13 8 13 9 13 8 14 9 13 8 13 9 14 9 14 9 14 9 0 0 15 9 15 9 15 9 15 9 15 9 16 8 16 9 16 9 17 9 17 9 17 9 17 9 18 9 19 9 18 9 19 10 19 9 20 9 20 10 20 10 21 10 21 10 21 10 22 11 22 11 22 11 0 0 0 0 0 0 0 0 0 0]"""
"""1770911351428927,CSI_DATA,STATION,00:00:00:00:00:00,0,0,0,0,0,0,0,0,0,0,0,0,0,0,0,0,0,0,0,0,0,128,[84 -64 4 0 0 0 0 0 0 0 0 0 15 0 15 1 15 0 15 1 15 1 16 2 15 2 16 2 15 2 16 3 16 3 16 3 16 3 16 3 16 4 16 3 15 4 16 5 16 2 16 3 16 5 18 3 17 3 18 3 17 5 15 3 0 0 18 2 18 4 17 3 19 2 18 2 19 3 19 4 18 2 18 2 20 2 20 1 22 3 22 1 23 0 21 0 22 2 21 2 21 3 24 3 24 3 24 1 24 1 25 1 23 1 25 3 27 2 0 0 0 0 0 0 0 0 0 0]"""
"""1770911351434398,CSI_DATA,STATION,00:00:00:00:00:00,0,0,0,0,0,0,0,0,0,0,0,0,0,0,0,0,0,0,0,0,0,128,[84 -64 4 0 0 0 0 0 0 0 0 0 -3 16 -3 16 -3 15 -4 16 -4 15 -5 16 -5 16 -6 16 -6 15 -6 16 -5 16 -5 16 -6 16 -6 16 -7 16 -6 16 -7 16 -7 16 -7 16 -7 16 -7 16 -7 16 -7 16 -7 16 -7 17 -6 17 0 0 -7 17 -7 17 -7 18 -7 18 -7 18 -7 19 -6 19 -7 19 -7 19 -7 19 -6 20 -6 20 -6 20 -7 21 -6 21 -7 22 -6 22 -7 23 -7 22 -7 23 -7 23 -8 23 -7 24 -7 25 -8 25 -8 25 0 0 0 0 0 0 0 0 0 0]"""
"""1770911351439403,CSI_DATA,STATION,00:00:00:00:00:00,0,0,0,0,0,0,0,0,0,0,0,0,0,0,0,0,0,0,0,0,0,128,[84 -64 4 0 0 0 0 0 0 0 0 0 -6 -15 -5 -16 -5 -16 -5 -16 -4 -16 -4 -17 -3 -17 -3 -17 -3 -17 -3 -17 -3 -17 -3 -17 -3 -18 -3 -18 -2 -18 -3 -18 -2 -18 -2 -18 -2 -18 -2 -18 -2 -18 -2 -18 -1 -18 -3 -18 -3 -18 -3 -18 0 0 -3 -18 -3 -19 -3 -19 -4 -19 -4 -19 -4 -20 -4 -20 -4 -20 -5 -20 -5 -20 -6 -21 -5 -21 -6 -21 -6 -22 -6 -22 -6 -23 -7 -23 -6 -24 -6 -24 -6 -24 -6 -25 -7 -24 -7 -25 -8 -26 -7 -26 -7 -26 0 0 0 0 0 0 0 0 0 0]"""
"""1770911351444877,CSI_DATA,STATION,00:00:00:00:00:00,0,0,0,0,0,0,0,0,0,0,0,0,0,0,0,0,0,0,0,0,0,128,[84 -64 4 0 0 0 0 0 0 0 0 0 4 15 3 16 3 16 2 16 2 16 1 17 1 16 1 17 0 16 1 17 1 17 1 17 1 17 1 17 0 17 0 17 0 18 -1 17 0 17 0 17 0 18 -1 17 0 18 0 18 1 18 1 18 0 0 1 18 0 19 0 19 0 18 0 19 1 20 1 19 1 20 1 20 2 20 3 20 2 21 2 21 3 22 2 21 2 23 3 22 3 23 3 23 2 23 3 24 2 25 4 25 4 25 4 25 3 26 0 0 0 0 0 0 0 0 0 0]"""
"""1770911351450124,CSI_DATA,STATION,00:00:00:00:00:00,0,0,0,0,0,0,0,0,0,0,0,0,0,0,0,0,0,0,0,0,0,128,[84 -64 4 0 0 0 0 0 0 0 0 0 12 12 11 13 12 13 11 13 11 14 11 14 11 14 10 15 9 14 10 14 10 15 10 15 10 15 10 14 9 15 10 15 9 16 9 16 10 16 9 16 9 16 9 16 9 16 10 16 10 15 11 16 0 0 10 16 11 16 11 16 11 16 11 17 12 16 11 17 12 17 11 17 13 17 13 17 13 17 14 17 14 17 14 18 14 18 15 18 15 18 15 19 15 19 16 20 15 20 17 20 17 20 17 20 17 20 0 0 0 0 0 0 0 0 0 0]"""
"""1770911351454516,CSI_DATA,STATION,00:00:00:00:00:00,0,0,0,0,0,0,0,0,0,0,0,0,0,0,0,0,0,0,0,0,0,128,[84 -64 4 0 0 0 0 0 0 0 0 0 -11 -12 -10 -13 -10 -13 -10 -13 -10 -14 -9 -14 -9 -13 -9 -14 -8 -14 -9 -14 -9 -15 -9 -15 -8 -15 -8 -15 -8 -15 -8 -15 -8 -15 -8 -15 -8 -16 -8 -15 -8 -15 -8 -15 -8 -15 -8 -15 -9 -15 -9 -15 0 0 -9 -15 -9 -15 -9 -16 -9 -15 -10 -16 -10 -16 -10 -15 -11 -16 -11 -16 -11 -16 -12 -16 -12 -16 -12 -16 -13 -17 -12 -17 -13 -18 -13 -18 -13 -18 -14 -19 -14 -18 -14 -19 -14 -19 -15 -19 -15 -20 -15 -20 -15 -20 0 0 0 0 0 0 0 0 0 0]"""
"""1770911351459524,CSI_DATA,STATION,00:00:00:00:00:00,0,0,0,0,0,0,0,0,0,0,0,0,0,0,0,0,0,0,0,0,0,128,[84 -64 4 0 0 0 0 0 0 0 0 0 7 -18 8 -18 8 -18 8 -18 8 -17 10 -18 10 -17 10 -17 10 -17 11 -17 10 -17 11 -17 10 -17 11 -16 12 -16 11 -16 12 -16 12 -16 12 -16 12 -16 12 -16 12 -16 12 -16 12 -17 11 -16 11 -17 0 0 11 -17 12 -17 11 -18 11 -17 12 -18 12 -19 11 -18 12 -19 11 -19 11 -19 11 -20 11 -20 12 -20 12 -21 12 -21 12 -22 12 -22 12 -23 12 -23 12 -23 12 -24 13 -23 12 -24 13 -25 13 -25 13 -25 0 0 0 0 0 0 0 0 0 0]"""
"""1770911351464987,CSI_DATA,STATION,00:00:00:00:00:00,0,0,0,0,0,0,0,0,0,0,0,0,0,0,0,0,0,0,0,0,0,128,[84 -64 4 0 0 0 0 0 0 0 0 0 -9 16 -9 17 -9 16 -10 17 -10 15 -12 16 -11 16 -12 16 -12 15 -12 15 -13 15 -13 15 -13 15 -13 14 -14 15 -13 15 -13 14 -13 14 -14 14 -13 14 -13 14 -13 15 -13 14 -13 14 -13 15 -13 16 0 0 -13 15 -13 16 -13 16 -13 15 -13 17 -13 17 -12 17 -13 17 -12 17 -12 18 -13 18 -13 19 -13 19 -13 20 -12 19 -13 21 -13 20 -14 21 -14 21 -13 22 -14 22 -14 22 -14 22 -14 23 -15 23 -15 24 0 0 0 0 0 0 0 0 0 0]"""
"""1770911351470070,CSI_DATA,STATION,00:00:00:00:00:00,0,0,0,0,0,0,0,0,0,0,0,0,0,0,0,0,0,0,0,0,0,128,[84 -64 4 0 0 0 0 0 0 0 0 0 14 -13 15 -12 15 -12 16 -12 16 -11 17 -11 17 -11 17 -11 17 -10 17 -9 17 -10 17 -9 18 -10 18 -9 18 -9 17 -9 18 -8 18 -8 18 -9 18 -9 18 -9 18 -9 18 -8 18 -9 18 -9 18 -10 0 0 18 -10 18 -10 18 -10 18 -10 18 -10 19 -11 18 -11 18 -12 18 -11 18 -12 19 -13 19 -13 19 -13 20 -14 20 -13 21 -14 20 -14 21 -15 21 -15 21 -15 21 -16 21 -15 21 -16 22 -17 22 -16 23 -17 0 0 0 0 0 0 0 0 0 0]"""
"""1770911351475434,CSI_DATA,STATION,00:00:00:00:00:00,0,0,0,0,0,0,0,0,0,0,0,0,0,0,0,0,0,0,0,0,0,128,[84 -64 4 0 0 0 0 0 0 0 0 0 -1 -10 -1 -10 -1 -11 -1 -10 0 -10 0 -11 1 -10 0 -10 1 -10 0 -10 1 -10 1 -10 1 -11 1 -10 1 -10 1 -10 1 -10 1 -10 1 -11 2 -10 2 -10 1 -10 2 -10 1 -11 1 -10 1 -11 0 0 1 -11 1 -10 1 -11 1 -11 1 -11 1 -11 0 -12 1 -12 1 -11 0 -12 1 -12 0 -12 0 -12 0 -12 1 -13 0 -13 0 -13 0 -14 0 -14 0 -14 0 -14 0 -14 0 -14 0 -14 0 -15 0 -15 0 0 0 0 0 0 0 0 0 0]"""
"""1770911351481009,CSI_DATA,STATION,00:00:00:00:00:00,0,0,0,0,0,0,0,0,0,0,0,0,0,0,0,0,0,0,0,0,0,128,[84 -64 4 0 0 0 0 0 0 0 0 0 0 -9 0 -9 0 -9 0 -9 1 -10 1 -9 1 -9 1 -9 1 -9 2 -9 2 -9 2 -9 2 -9 2 -9 2 -9 2 -9 2 -9 2 -9 1 -9 2 -9 2 -9 2 -9 3 -9 2 -9 2 -9 2 -9 0 0 2 -9 1 -9 1 -9 1 -10 2 -10 1 -10 1 -10 1 -10 1 -10 1 -11 1 -11 1 -10 1 -11 1 -11 1 -12 1 -12 1 -12 1 -12 1 -12 0 -12 1 -12 1 -12 1 -13 1 -13 1 -13 1 -13 0 0 0 0 0 0 0 0 0 0]"""
"""1770911351486151,CSI_DATA,STATION,00:00:00:00:00:00,0,0,0,0,0,0,0,0,0,0,0,0,0,0,0,0,0,0,0,0,0,128,[84 -64 4 0 0 0 0 0 0 0 0 0 -9 0 -9 0 -9 -1 -10 -1 -9 -1 -9 -1 -9 -1 -9 -1 -9 -2 -9 -2 -9 -2 -9 -1 -9 -2 -9 -2 -9 -3 -9 -2 -9 -2 -9 -2 -9 -3 -9 -3 -9 -3 -9 -3 -9 -3 -9 -3 -9 -3 -9 -2 0 0 -9 -2 -9 -2 -10 -2 -9 -2 -10 -2 -10 -2 -10 -2 -10 -2 -10 -2 -10 -2 -11 -1 -10 -2 -10 -1 -11 -2 -11 -2 -11 -1 -11 -2 -11 -1 -11 -1 -12 -1 -12 -1 -12 -2 -12 -1 -12 -1 -12 -1 -12 -1 0 0 0 0 0 0 0 0 0 0]"""
"""1770911351490627,CSI_DATA,STATION,00:00:00:00:00:00,0,0,0,0,0,0,0,0,0,0,0,0,0,0,0,0,0,0,0,0,0,128,[84 -64 4 0 0 0 0 0 0 0 0 0 -10 -14 -10 -15 -9 -14 -9 -15 -8 -15 -8 -16 -8 -15 -8 -16 -7 -16 -7 -16 -7 -16 -7 -16 -7 -16 -7 -16 -6 -17 -6 -16 -6 -17 -6 -17 -6 -17 -6 -17 -6 -16 -6 -16 -6 -16 -6 -16 -6 -17 -7 -16 0 0 -7 -16 -7 -16 -7 -17 -7 -16 -7 -17 -7 -17 -8 -17 -8 -17 -8 -17 -9 -17 -9 -17 -9 -17 -9 -17 -10 -18 -10 -18 -10 -19 -10 -18 -10 -19 -10 -19 -10 -19 -11 -20 -11 -20 -11 -19 -12 -20 -12 -20 -12 -21 0 0 0 0 0 0 0 0 0 0]"""
"""1770911351497542,CSI_DATA,STATION,00:00:00:00:00:00,0,0,0,0,0,0,0,0,0,0,0,0,0,0,0,0,0,0,0,0,0,128,[84 -64 4 0 0 0 0 0 0 0 0 0 -11 0 -11 -1 -11 -2 -12 -2 -11 -2 -11 -2 -11 -2 -11 -2 -10 -3 -11 -3 -11 -2 -11 -3 -11 -3 -11 -3 -11 -4 -10 -3 -11 -3 -10 -3 -11 -4 -11 -4 -11 -4 -11 -5 -10 -4 -11 -4 -11 -4 -11 -4 0 0 -11 -4 -11 -4 -12 -4 -11 -3 -12 -4 -11 -4 -11 -4 -12 -4 -12 -4 -12 -3 -13 -3 -12 -3 -12 -3 -13 -3 -13 -3 -13 -3 -13 -3 -14 -3 -14 -3 -13 -3 -14 -3 -14 -4 -14 -4 -15 -3 -15 -3 -15 -3 0 0 0 0 0 0 0 0 0 0]"""
"""1770911351500139,CSI_DATA,STATION,00:00:00:00:00:00,0,0,0,0,0,0,0,0,0,0,0,0,0,0,0,0,0,0,0,0,0,128,[84 -64 4 0 0 0 0 0 0 0 0 0 -9 -3 -9 -3 -9 -4 -10 -4 -9 -4 -9 -4 -9 -5 -9 -5 -8 -5 -9 -6 -9 -5 -8 -5 -9 -6 -9 -6 -9 -6 -8 -5 -9 -6 -8 -5 -9 -6 -8 -6 -8 -6 -9 -6 -8 -5 -9 -6 -9 -6 -9 -6 0 0 -9 -6 -9 -5 -9 -6 -8 -5 -10 -6 -9 -6 -9 -6 -10 -6 -10 -5 -10 -5 -10 -5 -10 -6 -11 -6 -11 -6 -10 -6 -11 -5 -11 -6 -11 -6 -11 -6 -11 -5 -11 -6 -11 -6 -12 -6 -12 -6 -12 -6 -13 -6 0 0 0 0 0 0 0 0 0 0]"""
"""1770911351507214,CSI_DATA,STATION,00:00:00:00:00:00,0,0,0,0,0,0,0,0,0,0,0,0,0,0,0,0,0,0,0,0,0,128,[84 -64 4 0 0 0 0 0 0 0 0 0 7 4 8 4 7 4 8 5 7 5 7 5 7 5 7 6 7 6 6 6 6 6 6 6 7 6 6 6 6 7 6 6 6 6 6 6 6 7 6 7 6 7 6 7 6 6 6 7 6 7 6 7 0 0 6 7 6 6 7 7 6 6 7 7 7 7 7 7 7 7 7 6 7 6 7 6 8 7 8 7 8 7 8 6 9 7 8 7 9 7 9 7 9 7 9 7 9 8 9 8 10 8 9 8 10 8 0 0 0 0 0 0 0 0 0 0]"""
"""1770911351511788,CSI_DATA,STATION,00:00:00:00:00:00,0,0,0,0,0,0,0,0,0,0,0,0,0,0,0,0,0,0,0,0,0,128,[84 -64 4 0 0 0 0 0 0 0 0 0 -2 -11 -2 -11 -2 -11 -2 -11 -1 -11 -1 -11 0 -11 -1 -11 0 -11 0 -11 0 -12 0 -11 0 -11 0 -11 0 -11 1 -11 1 -11 1 -11 1 -12 1 -11 1 -11 1 -11 1 -11 0 -11 0 -12 1 -11 0 0 1 -12 0 -11 0 -12 0 -12 0 -12 0 -12 0 -12 0 -12 0 -12 0 -12 0 -13 -1 -13 -1 -13 -1 -13 -1 -14 -1 -14 -1 -14 -1 -14 -1 -14 -1 -14 -1 -15 -1 -15 -1 -15 -2 -15 -1 -15 -1 -15 0 0 0 0 0 0 0 0 0 0]"""
"""1770911351516709,CSI_DATA,STATION,00:00:00:00:00:00,0,0,0,0,0,0,0,0,0,0,0,0,0,0,0,0,0,0,0,0,0,128,[84 -64 4 0 0 0 0 0 0 0 0 0 8 -2 9 -1 9 0 9 0 9 -1 9 0 9 0 9 0 9 1 9 1 9 0 9 1 9 1 9 1 9 2 9 1 9 1 9 1 9 2 9 2 9 2 9 2 9 2 9 2 9 2 9 1 0 0 9 1 9 2 10 1 9 0 10 2 10 1 10 1 10 1 10 1 10 1 10 1 10 1 11 1 11 1 11 1 11 1 11 1 12 0 12 1 11 0 12 0 12 1 12 1 12 1 12 1 13 1 0 0 0 0 0 0 0 0 0 0]"""
"""1770911351522149,CSI_DATA,STATION,00:00:00:00:00:00,0,0,0,0,0,0,0,0,0,0,0,0,0,0,0,0,0,0,0,0,0,128,[84 -64 4 0 0 0 0 0 0 0 0 0 1 -10 2 -10 2 -10 2 -10 2 -10 3 -10 4 -10 4 -10 4 -10 4 -10 4 -10 4 -10 4 -10 4 -10 4 -10 4 -10 4 -9 4 -10 4 -10 4 -9 4 -9 4 -10 5 -10 4 -10 4 -10 4 -10 0 0 4 -10 4 -10 4 -10 4 -10 4 -10 4 -10 4 -10 4 -11 4 -11 4 -11 3 -12 3 -11 3 -11 3 -11 4 -12 3 -12 3 -12 3 -12 4 -13 3 -12 4 -13 3 -13 3 -13 3 -14 3 -14 3 -14 0 0 0 0 0 0 0 0 0 0]"""
"""1770911351530336,CSI_DATA,STATION,00:00:00:00:00:00,0,0,0,0,0,0,0,0,0,0,0,0,0,0,0,0,0,0,0,0,0,128,[84 -64 4 0 0 0 0 0 0 0 0 0 9 2 9 3 9 4 10 4 9 4 9 4 9 5 9 5 8 5 8 5 9 5 9 5 9 5 9 5 9 6 8 5 9 6 8 6 9 7 8 6 9 7 8 6 8 6 9 6 9 6 9 6 0 0 9 6 9 6 10 6 9 5 9 6 10 6 10 6 10 6 10 6 9 5 11 5 10 5 11 6 11 6 10 6 12 6 11 6 12 5 12 6 11 5 12 5 12 7 12 6 13 5 13 5 13 5 0 0 0 0 0 0 0 0 0 0]"""
"""1770911351535356,CSI_DATA,STATION,00:00:00:00:00:00,0,0,0,0,0,0,0,0,0,0,0,0,0,0,0,0,0,0,0,0,0,128,[84 -64 4 0 0 0 0 0 0 0 0 0 9 -4 9 -4 9 -3 10 -3 10 -2 10 -3 10 -3 10 -2 10 -2 10 -2 11 -2 11 -2 10 -1 11 -1 11 -1 11 -2 10 -1 10 -1 10 -1 11 -1 11 -1 11 -1 11 -1 11 -1 11 -1 11 -2 0 0 11 -1 11 -2 11 -2 11 -2 11 -2 12 -2 11 -2 11 -2 11 -2 11 -3 12 -3 11 -3 12 -3 12 -3 12 -3 12 -4 13 -4 13 -4 13 -4 13 -5 13 -4 12 -4 13 -4 14 -5 14 -5 14 -5 0 0 0 0 0 0 0 0 0 0]"""
"""1770911351540927,CSI_DATA,STATION,00:00:00:00:00:00,0,0,0,0,0,0,0,0,0,0,0,0,0,0,0,0,0,0,0,0,0,128,[84 -64 4 0 0 0 0 0 0 0 0 0 -9 1 -10 1 -10 1 -10 0 -10 0 -10 0 -10 0 -10 0 -10 -1 -10 -1 -11 0 -10 -1 -10 -2 -10 -1 -10 -1 -11 -1 -10 -1 -10 -1 -11 -2 -10 -2 -10 -2 -10 -2 -11 -2 -11 -2 -11 -1 -11 -1 0 0 -10 -1 -11 -1 -11 -1 -11 -1 -11 -1 -11 -1 -11 -1 -11 -1 -11 0 -12 0 -12 0 -12 0 -12 0 -12 0 -12 0 -12 1 -12 0 -12 1 -13 1 -13 0 -13 1 -13 0 -13 0 -13 1 -13 1 -13 1 0 0 0 0 0 0 0 0 0 0]"""
"""1770911351545831,CSI_DATA,STATION,00:00:00:00:00:00,0,0,0,0,0,0,0,0,0,0,0,0,0,0,0,0,0,0,0,0,0,128,[84 -64 4 0 0 0 0 0 0 0 0 0 -9 -2 -9 -2 -9 -3 -10 -3 -9 -3 -10 -3 -9 -4 -9 -4 -9 -4 -9 -4 -10 -4 -9 -4 -10 -5 -9 -5 -9 -5 -9 -4 -9 -5 -9 -5 -10 -5 -9 -6 -9 -6 -9 -6 -9 -5 -10 -6 -9 -5 -10 -5 0 0 -9 -5 -9 -5 -10 -5 -10 -5 -10 -5 -10 -5 -10 -5 -10 -5 -10 -5 -10 -5 -11 -5 -11 -5 -11 -5 -11 -5 -11 -5 -12 -4 -12 -5 -12 -5 -12 -5 -12 -5 -12 -5 -12 -5 -12 -5 -13 -5 -13 -5 -13 -4 0 0 0 0 0 0 0 0 0 0]"""
"""1770911351550400,CSI_DATA,STATION,00:00:00:00:00:00,0,0,0,0,0,0,0,0,0,0,0,0,0,0,0,0,0,0,0,0,0,128,[84 -64 4 0 0 0 0 0 0 0 0 0 7 4 7 4 7 4 7 5 7 5 7 5 7 5 7 6 7 6 7 7 7 6 6 6 7 7 6 6 7 7 6 6 6 6 7 6 7 7 7 7 6 7 7 7 6 7 7 7 6 7 7 7 0 0 7 7 7 7 7 6 7 6 7 7 8 7 8 7 8 7 8 6 8 6 8 6 8 7 8 7 9 7 9 6 9 6 10 7 10 6 10 7 10 6 10 7 10 7 10 7 10 7 10 7 10 7 0 0 0 0 0 0 0 0 0 0]"""
"""1770911351558108,CSI_DATA,STATION,00:00:00:00:00:00,0,0,0,0,0,0,0,0,0,0,0,0,0,0,0,0,0,0,0,0,0,128,[84 -64 4 0 0 0 0 0 0 0 0 0 -6 7 -6 6 -7 6 -7 6 -7 6 -7 6 -7 6 -8 6 -7 6 -8 5 -8 6 -8 6 -8 5 -8 5 -8 5 -9 6 -8 5 -9 5 -8 5 -9 5 -9 5 -9 5 -9 5 -9 5 -9 5 -9 5 0 0 -9 5 -9 5 -9 5 -9 6 -9 5 -9 6 -9 6 -9 6 -9 6 -9 7 -9 7 -9 6 -9 7 -9 7 -10 7 -10 7 -9 7 -9 7 -10 8 -10 8 -10 8 -10 8 -10 8 -10 8 -10 8 -10 9 0 0 0 0 0 0 0 0 0 0]"""
"""1770911351560808,CSI_DATA,STATION,00:00:00:00:00:00,0,0,0,0,0,0,0,0,0,0,0,0,0,0,0,0,0,0,0,0,0,128,[84 -64 4 0 0 0 0 0 0 0 0 0 4 -10 4 -10 4 -10 4 -10 5 -10 5 -10 5 -9 5 -9 6 -9 6 -9 6 -10 7 -10 6 -9 6 -9 7 -9 7 -9 7 -9 7 -9 7 -9 7 -9 7 -9 7 -9 8 -9 7 -9 7 -9 7 -10 0 0 7 -9 7 -9 7 -10 7 -10 7 -10 7 -10 7 -10 7 -10 7 -10 7 -10 7 -11 7 -11 7 -11 7 -11 7 -12 7 -12 7 -12 7 -12 7 -12 7 -12 8 -13 7 -12 7 -13 7 -13 8 -13 7 -13 0 0 0 0 0 0 0 0 0 0]"""
"""1770911351567587,CSI_DATA,STATION,00:00:00:00:00:00,0,0,0,0,0,0,0,0,0,0,0,0,0,0,0,0,0,0,0,0,0,128,[84 -64 4 0 0 0 0 0 0 0 0 0 -5 -8 -5 -8 -5 -9 -5 -9 -4 -9 -4 -9 -4 -9 -3 -10 -3 -10 -4 -10 -3 -10 -3 -10 -3 -10 -3 -10 -3 -10 -3 -10 -2 -10 -2 -10 -3 -10 -2 -11 -2 -11 -2 -10 -2 -10 -2 -11 -2 -11 -3 -11 0 0 -2 -11 -3 -11 -2 -11 -3 -11 -2 -11 -3 -11 -3 -11 -3 -11 -3 -11 -3 -11 -3 -12 -3 -11 -3 -12 -3 -12 -3 -12 -3 -12 -4 -12 -4 -13 -3 -13 -3 -13 -3 -13 -3 -13 -4 -13 -4 -13 -4 -13 -4 -13 0 0 0 0 0 0 0 0 0 0]"""
"""1770911351572443,CSI_DATA,STATION,00:00:00:00:00:00,0,0,0,0,0,0,0,0,0,0,0,0,0,0,0,0,0,0,0,0,0,128,[84 -64 4 0 0 0 0 0 0 0 0 0 -7 5 -8 5 -8 4 -8 4 -8 4 -9 4 -9 4 -9 4 -9 4 -9 3 -10 4 -10 3 -9 3 -9 3 -10 3 -10 3 -10 3 -10 3 -10 3 -10 3 -10 3 -10 3 -10 3 -10 3 -10 3 -11 3 0 0 -10 3 -10 3 -10 4 -10 4 -10 4 -11 3 -10 4 -11 4 -11 4 -11 5 -11 5 -11 4 -11 5 -11 5 -11 5 -11 5 -11 5 -11 6 -11 6 -12 6 -12 6 -12 6 -12 6 -12 6 -12 6 -12 7 0 0 0 0 0 0 0 0 0 0]"""
"""1770911351577087,CSI_DATA,STATION,00:00:00:00:00:00,0,0,0,0,0,0,0,0,0,0,0,0,0,0,0,0,0,0,0,0,0,128,[84 -64 4 0 0 0 0 0 0 0 0 0 -7 5 -8 5 -8 5 -8 4 -8 4 -8 4 -9 4 -9 4 -9 4 -9 3 -9 4 -9 4 -9 3 -9 3 -10 3 -10 4 -9 3 -9 3 -10 3 -10 2 -10 2 -10 3 -10 3 -10 3 -10 3 -10 3 0 0 -10 3 -10 3 -10 3 -10 3 -10 3 -11 3 -11 3 -11 3 -10 4 -11 4 -11 5 -11 4 -11 4 -11 4 -11 4 -11 5 -11 5 -11 5 -12 5 -12 5 -12 5 -12 5 -12 5 -12 6 -12 6 -12 6 0 0 0 0 0 0 0 0 0 0]"""
"""1770911351581820,CSI_DATA,STATION,00:00:00:00:00:00,0,0,0,0,0,0,0,0,0,0,0,0,0,0,0,0,0,0,0,0,0,128,[84 -64 4 0 0 0 0 0 0 0 0 0 -9 0 -9 0 -9 -1 -10 -1 -10 -1 -9 -1 -9 -1 -9 -1 -9 -2 -10 -2 -10 -2 -9 -2 -10 -3 -10 -3 -10 -3 -10 -3 -10 -3 -10 -3 -10 -3 -10 -4 -10 -3 -10 -4 -10 -3 -10 -4 -10 -4 -10 -3 0 0 -10 -4 -10 -3 -10 -3 -10 -3 -11 -4 -11 -4 -11 -4 -11 -3 -11 -3 -11 -3 -11 -3 -11 -3 -11 -3 -12 -3 -12 -3 -12 -3 -12 -4 -12 -3 -12 -3 -13 -3 -13 -3 -13 -3 -13 -3 -13 -3 -13 -4 -13 -3 0 0 0 0 0 0 0 0 0 0]"""
"""1770911351587424,CSI_DATA,STATION,00:00:00:00:00:00,0,0,0,0,0,0,0,0,0,0,0,0,0,0,0,0,0,0,0,0,0,128,[84 -64 4 0 0 0 0 0 0 0 0 0 -2 9 -3 9 -3 8 -3 9 -3 9 -4 9 -4 9 -4 9 -5 9 -5 8 -5 9 -5 9 -5 9 -5 9 -6 9 -6 9 -6 9 -6 9 -6 9 -6 9 -6 9 -6 9 -6 9 -6 9 -6 9 -6 9 0 0 -6 9 -6 9 -6 10 -6 9 -6 10 -6 10 -6 10 -6 10 -6 10 -6 10 -6 11 -6 10 -6 10 -6 11 -6 11 -6 11 -6 11 -6 12 -6 12 -6 12 -6 12 -6 12 -6 12 -6 12 -6 13 -6 13 0 0 0 0 0 0 0 0 0 0]"""
"""1770911351593050,CSI_DATA,STATION,00:00:00:00:00:00,0,0,0,0,0,0,0,0,0,0,0,0,0,0,0,0,0,0,0,0,0,128,[84 -64 4 0 0 0 0 0 0 0 0 0 -10 0 -10 0 -10 0 -10 -1 -10 -1 -10 -1 -10 -1 -11 -1 -10 -2 -11 -2 -11 -2 -11 -2 -10 -3 -10 -3 -10 -3 -11 -2 -11 -2 -11 -3 -11 -3 -11 -3 -11 -3 -11 -4 -11 -3 -11 -3 -11 -3 -11 -3 0 0 -11 -3 -11 -3 -11 -3 -12 -3 -12 -3 -12 -3 -12 -3 -12 -3 -12 -2 -12 -2 -13 -2 -12 -3 -12 -3 -12 -2 -13 -2 -13 -2 -13 -3 -13 -2 -14 -2 -14 -2 -14 -2 -14 -2 -14 -2 -15 -2 -15 -2 -15 -2 0 0 0 0 0 0 0 0 0 0]"""
"""1770911351597503,CSI_DATA,STATION,00:00:00:00:00:00,0,0,0,0,0,0,0,0,0,0,0,0,0,0,0,0,0,0,0,0,0,128,[84 -64 4 0 0 0 0 0 0 0 0 0 -15 -10 -16 -11 -15 -11 -15 -12 -14 -12 -15 -13 -14 -13 -14 -14 -14 -14 -14 -14 -14 -14 -14 -14 -14 -14 -14 -14 -14 -16 -14 -15 -14 -15 -13 -15 -14 -16 -13 -16 -13 -16 -13 -16 -13 -15 -14 -15 -15 -15 -15 -15 0 0 -15 -15 -15 -15 -15 -15 -15 -14 -16 -16 -16 -15 -16 -15 -16 -15 -16 -15 -17 -14 -18 -14 -18 -14 -18 -15 -20 -15 -18 -15 -20 -16 -19 -14 -21 -16 -21 -16 -20 -16 -21 -16 -21 -16 -21 -15 -23 -15 -23 -15 -23 -16 0 0 0 0 0 0 0 0 0 0]"""
"""1770911351602128,CSI_DATA,STATION,00:00:00:00:00:00,0,0,0,0,0,0,0,0,0,0,0,0,0,0,0,0,0,0,0,0,0,128,[84 -64 4 0 0 0 0 0 0 0 0 0 3 -8 3 -8 3 -8 4 -8 4 -8 5 -8 5 -8 5 -8 6 -7 5 -7 5 -8 5 -8 5 -7 5 -7 6 -7 6 -7 6 -7 6 -7 6 -7 7 -7 6 -7 6 -7 6 -7 6 -7 6 -7 6 -7 0 0 7 -7 6 -7 6 -8 6 -7 6 -8 6 -8 6 -8 6 -8 6 -8 6 -8 6 -9 6 -9 6 -9 6 -9 7 -9 7 -10 7 -9 7 -10 7 -9 7 -10 7 -10 7 -9 7 -10 7 -11 7 -11 7 -11 0 0 0 0 0 0 0 0 0 0]"""
"""1770911351607357,CSI_DATA,STATION,00:00:00:00:00:00,0,0,0,0,0,0,0,0,0,0,0,0,0,0,0,0,0,0,0,0,0,128,[84 -64 4 0 0 0 0 0 0 0 0 0 7 -4 7 -4 7 -4 7 -3 7 -3 7 -4 8 -3 7 -3 8 -3 8 -2 8 -2 8 -2 8 -2 8 -2 9 -2 8 -2 8 -2 8 -2 8 -1 8 -1 8 -1 8 -1 8 -1 8 -1 9 -2 9 -2 0 0 9 -2 9 -2 9 -2 9 -2 9 -2 9 -2 9 -2 9 -2 9 -2 9 -3 9 -3 9 -2 10 -3 10 -2 10 -3 11 -3 10 -3 11 -4 11 -3 10 -4 11 -3 10 -3 11 -3 11 -4 11 -4 11 -4 0 0 0 0 0 0 0 0 0 0]"""
"""1770911351612301,CSI_DATA,STATION,00:00:00:00:00:00,0,0,0,0,0,0,0,0,0,0,0,0,0,0,0,0,0,0,0,0,0,128,[84 -64 4 0 0 0 0 0 0 0 0 0 -12 -12 -12 -12 -12 -13 -12 -13 -11 -13 -11 -14 -11 -14 -11 -15 -10 -15 -10 -15 -10 -15 -10 -15 -10 -16 -9 -16 -9 -16 -10 -15 -9 -16 -9 -17 -9 -17 -9 -17 -9 -17 -9 -17 -8 -17 -9 -17 -9 -16 -10 -17 0 0 -9 -17 -10 -16 -10 -17 -10 -16 -10 -17 -11 -17 -11 -17 -11 -17 -11 -17 -12 -17 -12 -18 -12 -17 -12 -18 -13 -18 -13 -18 -13 -19 -14 -18 -14 -19 -14 -19 -15 -19 -15 -19 -15 -19 -15 -19 -16 -20 -16 -20 -16 -20 0 0 0 0 0 0 0 0 0 0]"""
"""1770911351619574,CSI_DATA,STATION,00:00:00:00:00:00,0,0,0,0,0,0,0,0,0,0,0,0,0,0,0,0,0,0,0,0,0,128,[84 -64 4 0 0 0 0 0 0 0 0 0 -14 8 -15 7 -15 7 -15 7 -15 6 -16 6 -16 6 -17 5 -16 4 -16 5 -17 5 -17 5 -17 5 -17 4 -18 4 -17 4 -18 3 -18 3 -18 3 -18 3 -18 3 -18 3 -17 3 -18 3 -18 4 -18 4 0 0 -18 4 -18 4 -19 4 -18 4 -19 4 -19 5 -19 5 -19 5 -19 5 -19 5 -19 6 -20 6 -20 6 -20 7 -20 6 -21 7 -20 7 -21 7 -22 8 -21 7 -22 8 -22 8 -22 9 -23 9 -23 9 -23 9 0 0 0 0 0 0 0 0 0 0]"""
"""1770911351624549,CSI_DATA,STATION,00:00:00:00:00:00,0,0,0,0,0,0,0,0,0,0,0,0,0,0,0,0,0,0,0,0,0,128,[84 -64 4 0 0 0 0 0 0 0 0 0 -16 -6 -16 -7 -16 -7 -17 -8 -16 -8 -16 -9 -16 -9 -16 -10 -16 -10 -15 -10 -16 -11 -15 -11 -15 -11 -15 -12 -15 -12 -16 -12 -15 -12 -15 -12 -16 -13 -15 -13 -15 -13 -15 -12 -15 -13 -15 -13 -15 -12 -16 -13 0 0 -16 -12 -16 -12 -16 -12 -16 -12 -17 -12 -18 -12 -17 -12 -18 -12 -18 -11 -18 -12 -19 -12 -18 -12 -19 -12 -20 -12 -20 -12 -21 -12 -20 -12 -21 -13 -22 -12 -22 -12 -23 -12 -22 -12 -23 -12 -24 -13 -23 -13 -24 -13 0 0 0 0 0 0 0 0 0 0]"""
"""1770911351628913,CSI_DATA,STATION,00:00:00:00:00:00,0,0,0,0,0,0,0,0,0,0,0,0,0,0,0,0,0,0,0,0,0,128,[84 -64 4 0 0 0 0 0 0 0 0 0 2 -16 3 -16 3 -16 3 -16 4 -16 4 -16 5 -16 5 -16 5 -16 6 -16 6 -16 6 -16 6 -17 7 -16 7 -16 7 -16 8 -16 8 -17 8 -17 8 -16 8 -17 8 -16 8 -17 8 -17 7 -17 7 -17 0 0 7 -17 8 -17 7 -17 8 -18 7 -17 8 -19 7 -18 7 -19 7 -19 7 -19 7 -20 7 -20 7 -20 7 -21 7 -21 7 -21 7 -22 7 -22 7 -23 7 -23 7 -23 7 -23 7 -24 7 -24 7 -24 7 -25 0 0 0 0 0 0 0 0 0 0]"""
"""1770911351633490,CSI_DATA,STATION,00:00:00:00:00:00,0,0,0,0,0,0,0,0,0,0,0,0,0,0,0,0,0,0,0,0,0,128,[84 -64 4 0 0 0 0 0 0 0 0 0 -14 2 -15 2 -15 2 -15 2 -15 1 -16 0 -16 0 -16 0 -16 0 -16 -1 -16 0 -17 -1 -17 -1 -17 -1 -17 -2 -17 -2 -17 -2 -17 -2 -17 -2 -17 -2 -17 -2 -17 -2 -17 -3 -17 -2 -17 -2 -18 -2 0 0 -17 -2 -18 -2 -18 -2 -18 -1 -18 -2 -19 -1 -18 -1 -19 -1 -19 -1 -19 0 -20 0 -20 0 -20 0 -21 1 -21 0 -22 0 -21 0 -22 0 -22 0 -22 0 -23 1 -23 0 -23 1 -24 2 -24 2 -25 2 0 0 0 0 0 0 0 0 0 0]"""
"""1770911351640695,CSI_DATA,STATION,00:00:00:00:00:00,0,0,0,0,0,0,0,0,0,0,0,0,0,0,0,0,0,0,0,0,0,128,[84 -64 4 0 0 0 0 0 0 0 0 0 -12 5 -13 5 -13 5 -13 5 -13 4 -14 4 -14 4 -14 4 -14 3 -15 3 -15 3 -16 3 -16 3 -15 3 -16 2 -16 3 -16 2 -16 2 -17 2 -16 2 -16 2 -16 2 -17 2 -17 2 -17 2 -17 2 0 0 -17 2 -17 3 -17 3 -17 2 -18 2 -18 3 -18 3 -18 3 -18 3 -18 4 -19 4 -19 4 -19 4 -19 4 -19 4 -20 4 -19 5 -21 5 -21 5 -21 5 -21 6 -21 5 -21 6 -22 6 -22 6 -23 6 0 0 0 0 0 0 0 0 0 0]"""
"""1770911351645082,CSI_DATA,STATION,00:00:00:00:00:00,0,0,0,0,0,0,0,0,0,0,0,0,0,0,0,0,0,0,0,0,0,128,[84 -64 4 0 0 0 0 0 0 0 0 0 4 -4 5 -4 5 -4 5 -4 5 -4 5 -4 6 -4 6 -4 6 -4 6 -3 6 -4 6 -4 6 -3 6 -3 7 -3 6 -4 6 -3 7 -3 7 -3 7 -3 7 -3 7 -3 7 -3 7 -3 7 -3 8 -4 0 0 7 -3 7 -3 7 -3 7 -4 7 -4 8 -4 8 -4 7 -4 8 -4 8 -4 8 -4 8 -4 8 -4 8 -4 8 -4 9 -5 8 -5 9 -5 9 -5 8 -5 9 -5 9 -5 9 -5 9 -5 10 -6 10 -5 0 0 0 0 0 0 0 0 0 0]"""
"""1770911351650242,CSI_DATA,STATION,00:00:00:00:00:00,0,0,0,0,0,0,0,0,0,0,0,0,0,0,0,0,0,0,0,0,0,128,[84 -64 4 0 0 0 0 0 0 0 0 0 -7 -12 -7 -14 -7 -13 -7 -13 -6 -13 -6 -15 -6 -14 -6 -15 -5 -15 -6 -15 -6 -16 -6 -16 -6 -16 -6 -16 -5 -17 -5 -17 -5 -17 -4 -17 -5 -18 -5 -17 -5 -18 -5 -18 -4 -18 -5 -18 -6 -18 -6 -19 0 0 -6 -19 -6 -19 -6 -19 -5 -19 -6 -20 -6 -20 -6 -20 -7 -20 -7 -20 -7 -20 -8 -21 -8 -21 -8 -21 -8 -23 -8 -21 -8 -23 -8 -22 -8 -23 -9 -24 -9 -24 -9 -24 -8 -24 -9 -23 -10 -25 -10 -25 -10 -26 0 0 0 0 0 0 0 0 0 0]"""
"""1770911351654962,CSI_DATA,STATION,00:00:00:00:00:00,0,0,0,0,0,0,0,0,0,0,0,0,0,0,0,0,0,0,0,0,0,128,[84 -64 4 0 0 0 0 0 0 0 0 0 -6 12 -7 12 -7 12 -8 11 -8 12 -8 12 -9 12 -9 12 -9 12 -9 12 -9 12 -10 12 -10 12 -10 12 -11 13 -11 13 -11 13 -11 13 -11 12 -11 13 -11 12 -11 12 -11 13 -11 13 -11 14 -12 14 0 0 -11 14 -12 15 -12 15 -12 14 -12 15 -11 16 -12 15 -12 16 -12 16 -12 16 -12 17 -12 17 -13 17 -12 18 -13 18 -13 18 -12 19 -13 19 -13 19 -13 19 -13 20 -14 20 -13 21 -13 21 -14 21 -14 21 0 0 0 0 0 0 0 0 0 0]"""
"""1770911351659931,CSI_DATA,STATION,00:00:00:00:00:00,0,0,0,0,0,0,0,0,0,0,0,0,0,0,0,0,0,0,0,0,0,128,[84 -64 4 0 0 0 0 0 0 0 0 0 -3 13 -4 13 -4 13 -4 13 -4 13 -5 14 -5 14 -5 14 -5 13 -5 14 -5 14 -5 14 -6 14 -6 14 -7 14 -7 14 -7 15 -7 14 -7 15 -7 15 -8 15 -7 14 -7 15 -8 15 -7 16 -7 16 0 0 -8 16 -8 17 -8 16 -8 16 -8 17 -8 17 -8 17 -8 17 -8 17 -8 18 -7 19 -8 19 -8 19 -8 20 -8 19 -9 20 -8 20 -8 20 -9 21 -9 21 -9 22 -10 21 -9 22 -9 23 -9 23 -10 23 0 0 0 0 0 0 0 0 0 0]"""
"""1770911351664634,CSI_DATA,STATION,00:00:00:00:00:00,0,0,0,0,0,0,0,0,0,0,0,0,0,0,0,0,0,0,0,0,0,128,[84 -64 4 0 0 0 0 0 0 0 0 0 11 -8 12 -8 11 -8 12 -8 12 -7 13 -7 13 -7 13 -7 13 -7 13 -7 13 -8 13 -7 14 -8 14 -7 14 -7 14 -7 15 -7 14 -6 15 -7 15 -7 15 -7 15 -7 15 -7 15 -8 15 -8 16 -8 0 0 16 -8 15 -8 16 -8 16 -8 17 -9 17 -9 17 -9 17 -9 17 -9 17 -10 17 -11 18 -10 17 -11 19 -11 18 -11 19 -11 18 -12 20 -12 20 -12 20 -12 21 -12 21 -11 20 -12 21 -14 21 -13 22 -13 0 0 0 0 0 0 0 0 0 0]"""
"""1770911351669892,CSI_DATA,STATION,00:00:00:00:00:00,0,0,0,0,0,0,0,0,0,0,0,0,0,0,0,0,0,0,0,0,0,128,[84 -64 4 0 0 0 0 0 0 0 0 0 -6 -4 -7 -4 -7 -4 -7 -5 -7 -5 -6 -5 -6 -5 -6 -5 -6 -5 -7 -6 -6 -5 -7 -6 -7 -6 -7 -6 -7 -6 -6 -5 -7 -6 -7 -6 -7 -6 -6 -7 -7 -6 -7 -7 -7 -6 -7 -6 -7 -6 -7 -6 0 0 -7 -6 -7 -6 -8 -7 -7 -6 -8 -7 -8 -7 -8 -7 -8 -7 -9 -6 -8 -7 -9 -6 -9 -7 -9 -7 -9 -7 -9 -7 -10 -7 -10 -7 -10 -7 -10 -7 -10 -7 -10 -8 -11 -8 -11 -8 -11 -8 -11 -8 -11 -8 0 0 0 0 0 0 0 0 0 0]"""
"""1770911351676729,CSI_DATA,STATION,00:00:00:00:00:00,0,0,0,0,0,0,0,0,0,0,0,0,0,0,0,0,0,0,0,0,0,128,[84 -64 4 0 0 0 0 0 0 0 0 0 13 7 14 8 13 7 13 8 13 8 13 9 13 9 13 9 12 9 12 9 13 9 13 9 13 9 13 9 13 10 13 10 13 11 13 10 13 10 13 10 13 10 13 10 13 10 14 10 14 10 14 10 0 0 15 10 14 10 15 10 15 10 15 11 15 10 16 11 16 10 16 11 16 10 17 10 17 10 18 10 19 11 18 11 19 12 19 10 20 11 20 12 20 12 21 12 20 13 21 12 22 11 22 12 22 13 0 0 0 0 0 0 0 0 0 0]"""
"""1770911351682306,CSI_DATA,STATION,00:00:00:00:00:00,0,0,0,0,0,0,0,0,0,0,0,0,0,0,0,0,0,0,0,0,0,128,[84 -64 4 0 0 0 0 0 0 0 0 0 0 -17 1 -18 1 -17 1 -18 1 -17 3 -18 2 -17 3 -18 3 -17 3 -17 4 -18 3 -18 4 -17 4 -17 4 -18 4 -18 4 -18 4 -18 4 -18 4 -18 4 -18 4 -18 4 -18 4 -18 4 -18 4 -19 0 0 3 -19 3 -19 3 -20 3 -19 3 -20 3 -20 2 -20 3 -21 3 -20 3 -21 3 -22 3 -22 3 -22 3 -23 2 -23 2 -24 2 -24 3 -25 2 -26 2 -25 3 -26 3 -26 3 -26 3 -28 4 -27 4 -27 0 0 0 0 0 0 0 0 0 0]"""
"""1770911351687433,CSI_DATA,STATION,00:00:00:00:00:00,0,0,0,0,0,0,0,0,0,0,0,0,0,0,0,0,0,0,0,0,0,128,[84 -64 4 0 0 0 0 0 0 0 0 0 -16 -5 -16 -7 -16 -6 -16 -7 -15 -7 -15 -8 -15 -8 -15 -8 -15 -8 -14 -8 -15 -8 -15 -8 -15 -9 -15 -8 -15 -9 -15 -9 -15 -9 -14 -9 -15 -10 -15 -9 -15 -9 -14 -9 -15 -10 -15 -9 -15 -9 -15 -9 0 0 -15 -9 -16 -9 -16 -9 -16 -9 -16 -9 -17 -9 -17 -9 -17 -9 -17 -9 -18 -9 -18 -9 -19 -9 -19 -9 -20 -9 -19 -9 -20 -10 -20 -9 -20 -10 -21 -10 -21 -10 -22 -10 -22 -10 -22 -10 -23 -11 -23 -11 -23 -11 0 0 0 0 0 0 0 0 0 0]"""
"""1770911351692395,CSI_DATA,STATION,00:00:00:00:00:00,0,0,0,0,0,0,0,0,0,0,0,0,0,0,0,0,0,0,0,0,0,128,[84 -64 4 0 0 0 0 0 0 0 0 0 -16 2 -16 2 -16 2 -16 1 -16 1 -17 0 -16 0 -16 0 -16 -1 -16 -1 -16 -1 -16 -1 -16 -1 -16 -1 -16 -2 -16 -1 -16 -2 -16 -2 -16 -2 -16 -2 -16 -1 -16 -1 -16 -1 -16 -1 -16 -1 -17 0 0 0 -16 -1 -17 0 -17 0 -17 0 -17 0 -18 0 -17 1 -18 0 -18 0 -18 1 -19 1 -19 1 -19 1 -19 1 -20 2 -20 1 -20 1 -21 1 -21 2 -21 2 -22 2 -22 2 -22 2 -23 2 -23 2 -23 2 0 0 0 0 0 0 0 0 0 0]"""
"""1770911351699540,CSI_DATA,STATION,00:00:00:00:00:00,0,0,0,0,0,0,0,0,0,0,0,0,0,0,0,0,0,0,0,0,0,128,[84 -64 4 0 0 0 0 0 0 0 0 0 11 -14 12 -14 12 -13 12 -13 13 -12 14 -12 14 -11 14 -11 14 -10 14 -11 14 -11 14 -11 14 -10 14 -10 15 -10 14 -10 14 -10 14 -9 15 -10 14 -9 15 -9 15 -9 14 -9 14 -10 14 -10 14 -10 0 0 14 -10 14 -10 14 -11 14 -11 15 -11 15 -11 15 -11 15 -12 15 -11 15 -12 14 -13 15 -13 16 -13 16 -13 16 -14 16 -14 16 -15 17 -14 17 -15 17 -15 17 -15 18 -15 18 -15 18 -16 19 -16 19 -16 0 0 0 0 0 0 0 0 0 0]"""
"""1770911351706719,CSI_DATA,STATION,00:00:00:00:00:00,0,0,0,0,0,0,0,0,0,0,0,0,0,0,0,0,0,0,0,0,0,128,[14 -32 0 0 0 0 0 0 0 0 0 0 -9 -17 -8 -18 -8 -18 -8 -18 -7 -18 -6 -18 -6 -18 -5 -18 -5 -18 -5 -18 -6 -18 -5 -18 -5 -18 -5 -18 -4 -19 -5 -18 -4 -18 -4 -18 -4 -19 -3 -18 -3 -18 -4 -19 -3 -18 -5 -18 -5 -18 -5 -18 0 0 -5 -18 -5 -18 -5 -18 -5 -18 -5 -18 -6 -19 -5 -19 -5 -20 -6 -19 -7 -19 -8 -20 -7 -20 -8 -20 -8 -20 -8 -21 -8 -21 -8 -21 -8 -22 -8 -22 -8 -22 -8 -23 -8 -23 -9 -23 -10 -24 -10 -24 -10 -24 0 0 0 0 0 0 0 0 0 0]"""
"""1770911351711359,CSI_DATA,STATION,00:00:00:00:00:00,0,0,0,0,0,0,0,0,0,0,0,0,0,0,0,0,0,0,0,0,0,128,[84 -64 4 0 0 0 0 0 0 0 0 0 -6 -17 -5 -18 -5 -18 -5 -18 -4 -18 -3 -18 -3 -18 -3 -18 -2 -18 -2 -18 -2 -18 -2 -18 -2 -18 -2 -18 -1 -18 -2 -18 -1 -18 -1 -18 -1 -18 -2 -18 -2 -18 -2 -18 -1 -17 -2 -18 -2 -18 -2 -18 0 0 -3 -17 -3 -18 -3 -18 -3 -18 -3 -19 -4 -19 -4 -19 -4 -19 -5 -19 -5 -19 -5 -20 -5 -20 -5 -20 -5 -20 -6 -21 -6 -21 -6 -21 -7 -22 -7 -23 -7 -22 -7 -22 -7 -23 -7 -23 -7 -24 -7 -24 -7 -25 0 0 0 0 0 0 0 0 0 0]"""
"""1770911351716520,CSI_DATA,STATION,00:00:00:00:00:00,0,0,0,0,0,0,0,0,0,0,0,0,0,0,0,0,0,0,0,0,0,128,[84 -64 4 0 0 0 0 0 0 0 0 0 -16 -10 -16 -11 -16 -11 -15 -11 -15 -12 -15 -12 -14 -12 -14 -12 -14 -12 -14 -12 -14 -12 -14 -12 -14 -12 -13 -13 -13 -13 -14 -13 -13 -13 -13 -13 -13 -13 -13 -13 -13 -13 -13 -12 -13 -12 -14 -12 -14 -12 -14 -12 0 0 -14 -12 -15 -12 -15 -12 -15 -12 -15 -12 -16 -12 -16 -12 -16 -12 -16 -12 -17 -11 -18 -11 -18 -11 -18 -11 -18 -12 -19 -12 -19 -12 -19 -12 -20 -12 -20 -13 -20 -12 -21 -12 -21 -13 -22 -12 -23 -12 -22 -13 -23 -13 0 0 0 0 0 0 0 0 0 0]"""
"""1770911351724149,CSI_DATA,STATION,00:00:00:00:00:00,0,0,0,0,0,0,0,0,0,0,0,0,0,0,0,0,0,0,0,0,0,128,[84 -64 4 0 0 0 0 0 0 0 0 0 11 13 11 14 10 14 10 14 9 14 9 15 8 15 8 15 7 15 8 15 8 15 8 15 7 15 7 15 7 16 6 16 6 16 6 15 6 16 6 15 6 16 6 15 6 15 7 15 7 15 7 15 0 0 7 16 7 16 8 16 7 15 8 16 8 16 8 16 9 16 8 16 9 16 10 16 10 17 10 17 11 18 10 18 11 18 11 18 11 19 12 19 11 19 12 20 11 20 12 20 13 20 13 21 13 21 0 0 0 0 0 0 0 0 0 0]"""
"""1770911351729236,CSI_DATA,STATION,00:00:00:00:00:00,0,0,0,0,0,0,0,0,0,0,0,0,0,0,0,0,0,0,0,0,0,128,[84 -64 4 0 0 0 0 0 0 0 0 0 -12 -14 -11 -15 -12 -15 -11 -15 -11 -15 -11 -16 -10 -15 -10 -16 -10 -16 -9 -16 -9 -16 -9 -16 -9 -16 -9 -16 -9 -17 -9 -16 -8 -16 -8 -16 -9 -17 -9 -17 -9 -16 -9 -16 -8 -16 -9 -16 -9 -16 -9 -16 0 0 -10 -16 -10 -16 -10 -16 -10 -16 -10 -16 -11 -17 -11 -16 -12 -16 -12 -17 -12 -16 -13 -17 -13 -17 -13 -17 -14 -18 -14 -18 -14 -18 -14 -18 -14 -19 -15 -19 -15 -19 -16 -19 -16 -19 -16 -19 -16 -20 -16 -21 -17 -21 0 0 0 0 0 0 0 0 0 0]"""
"""1770911351734721,CSI_DATA,STATION,00:00:00:00:00:00,0,0,0,0,0,0,0,0,0,0,0,0,0,0,0,0,0,0,0,0,0,128,[84 -64 4 0 0 0 0 0 0 0 0 0 6 16 5 17 5 17 5 17 4 17 4 17 4 18 3 18 3 17 2 18 3 18 3 18 2 17 2 18 2 18 2 18 1 18 1 18 1 18 2 18 1 18 2 17 1 18 2 18 2 18 2 18 0 0 2 18 3 18 3 18 3 18 3 19 4 19 4 19 4 19 4 19 4 19 5 20 5 20 5 20 6 21 6 21 6 22 6 22 7 22 7 22 7 23 7 23 6 23 7 24 7 25 7 24 7 25 0 0 0 0 0 0 0 0 0 0]"""
"""1770911351739636,CSI_DATA,STATION,00:00:00:00:00:00,0,0,0,0,0,0,0,0,0,0,0,0,0,0,0,0,0,0,0,0,0,128,[84 -64 4 0 0 0 0 0 0 0 0 0 -7 13 -8 13 -8 13 -9 13 -9 13 -9 13 -10 13 -10 13 -10 12 -10 12 -11 13 -10 12 -10 12 -11 12 -12 12 -11 12 -12 12 -11 11 -12 12 -12 12 -12 12 -11 12 -11 12 -12 12 -11 12 -12 12 0 0 -11 12 -11 13 -11 13 -11 13 -12 14 -12 14 -12 14 -12 14 -12 14 -11 14 -12 15 -11 15 -12 15 -12 16 -12 16 -12 17 -12 16 -13 17 -13 17 -13 18 -13 18 -13 18 -13 18 -14 19 -14 19 -15 19 0 0 0 0 0 0 0 0 0 0]"""
"""1770911351745072,CSI_DATA,STATION,00:00:00:00:00:00,0,0,0,0,0,0,0,0,0,0,0,0,0,0,0,0,0,0,0,0,0,128,[84 -64 4 0 0 0 0 0 0 0 0 0 -13 -10 -13 -11 -13 -10 -13 -11 -12 -11 -12 -12 -12 -12 -12 -13 -11 -13 -11 -13 -12 -13 -11 -13 -11 -13 -11 -14 -11 -14 -11 -14 -11 -14 -10 -14 -11 -15 -10 -14 -11 -15 -11 -14 -11 -14 -11 -14 -11 -14 -12 -14 0 0 -11 -14 -12 -15 -12 -14 -12 -14 -12 -14 -12 -15 -13 -14 -13 -15 -13 -15 -14 -15 -15 -15 -14 -15 -15 -15 -15 -15 -15 -16 -16 -16 -16 -16 -16 -16 -16 -17 -16 -16 -17 -17 -17 -17 -18 -17 -18 -17 -18 -17 -19 -18 0 0 0 0 0 0 0 0 0 0]"""
"""1770911351750589,CSI_DATA,STATION,00:00:00:00:00:00,0,0,0,0,0,0,0,0,0,0,0,0,0,0,0,0,0,0,0,0,0,128,[14 -32 0 0 0 0 0 0 0 0 0 0 10 -12 11 -12 11 -11 12 -12 12 -11 13 -11 13 -10 14 -10 13 -9 13 -10 14 -10 14 -10 14 -10 14 -9 15 -9 14 -9 15 -9 14 -8 16 -9 15 -9 15 -9 15 -8 15 -8 15 -9 15 -9 15 -9 0 0 16 -9 15 -9 16 -10 15 -9 16 -9 16 -10 16 -10 16 -10 16 -10 15 -10 16 -11 17 -11 17 -11 18 -12 17 -12 18 -12 17 -13 18 -13 18 -14 19 -13 19 -14 19 -13 19 -14 20 -15 20 -14 20 -14 0 0 0 0 0 0 0 0 0 0]"""
"""1770911351756026,CSI_DATA,STATION,00:00:00:00:00:00,0,0,0,0,0,0,0,0,0,0,0,0,0,0,0,0,0,0,0,0,0,128,[84 -64 4 0 0 0 0 0 0 0 0 0 11 10 11 11 10 11 10 11 10 12 10 13 9 13 9 13 9 13 9 13 9 14 9 14 9 14 9 14 8 14 8 14 8 15 8 14 8 15 8 15 7 15 8 15 8 15 8 15 8 15 9 15 0 0 8 15 8 15 9 15 8 15 9 16 9 16 9 16 9 16 9 16 10 15 11 16 11 16 11 16 12 17 11 17 12 18 12 17 13 18 13 18 12 18 13 19 12 19 13 19 14 19 14 19 14 20 0 0 0 0 0 0 0 0 0 0]"""
"""1770911351760930,CSI_DATA,STATION,00:00:00:00:00:00,0,0,0,0,0,0,0,0,0,0,0,0,0,0,0,0,0,0,0,0,0,128,[84 -64 4 0 0 0 0 0 0 0 0 0 2 15 1 16 1 16 1 16 0 16 0 16 -1 16 -1 16 -1 16 -1 17 -2 17 -2 17 -2 17 -2 17 -3 17 -3 17 -3 17 -3 17 -3 17 -3 17 -3 17 -3 17 -3 17 -3 17 -3 17 -2 18 0 0 -3 18 -3 18 -3 18 -2 18 -3 18 -2 19 -2 19 -1 19 -1 19 -1 19 -1 20 -1 20 -1 21 -1 21 -1 21 -1 22 0 21 0 22 0 22 0 22 0 23 0 23 0 23 0 24 0 24 0 25 0 0 0 0 0 0 0 0 0 0]"""
"""1770911351765972,CSI_DATA,STATION,00:00:00:00:00:00,0,0,0,0,0,0,0,0,0,0,0,0,0,0,0,0,0,0,0,0,0,128,[84 -64 4 0 0 0 0 0 0 0 0 0 17 0 18 1 17 1 18 1 18 2 18 3 18 3 18 3 18 4 18 4 18 4 19 4 19 4 18 5 19 6 19 5 19 6 18 6 19 6 19 5 19 6 18 6 18 6 19 6 19 5 19 6 0 0 19 5 19 5 20 5 19 5 21 5 21 5 21 4 21 4 21 4 21 4 22 3 22 4 22 4 24 4 23 3 24 3 24 3 25 3 25 3 25 3 26 3 26 3 26 3 27 3 27 3 28 3 0 0 0 0 0 0 0 0 0 0]"""
"""1770911351771522,CSI_DATA,STATION,00:00:00:00:00:00,0,0,0,0,0,0,0,0,0,0,0,0,0,0,0,0,0,0,0,0,0,128,[84 -64 4 0 0 0 0 0 0 0 0 0 3 -17 4 -18 4 -18 4 -18 5 -18 6 -18 6 -18 7 -18 7 -18 8 -18 8 -18 8 -18 8 -18 9 -18 9 -17 9 -18 10 -18 10 -18 10 -18 9 -18 10 -18 9 -18 10 -18 10 -18 10 -18 9 -19 0 0 9 -18 9 -19 9 -19 9 -19 10 -19 9 -20 9 -20 9 -20 9 -20 9 -20 9 -22 9 -21 9 -21 9 -22 9 -22 9 -23 9 -24 9 -24 9 -25 9 -25 9 -25 9 -25 10 -26 10 -27 10 -26 10 -27 0 0 0 0 0 0 0 0 0 0]"""
"""1770911351777154,CSI_DATA,STATION,00:00:00:00:00:00,0,0,0,0,0,0,0,0,0,0,0,0,0,0,0,0,0,0,0,0,0,128,[84 -64 4 0 0 0 0 0 0 0 0 0 -15 -6 -16 -8 -15 -7 -16 -8 -15 -8 -15 -9 -14 -9 -15 -10 -14 -10 -14 -10 -15 -10 -15 -11 -14 -11 -14 -11 -14 -12 -14 -11 -14 -12 -13 -12 -14 -13 -14 -12 -14 -12 -14 -12 -14 -12 -14 -12 -14 -12 -15 -12 0 0 -15 -12 -14 -12 -15 -13 -14 -11 -15 -12 -16 -12 -16 -12 -16 -12 -16 -12 -16 -12 -17 -12 -17 -12 -17 -12 -19 -13 -17 -13 -19 -13 -18 -12 -19 -13 -20 -13 -19 -13 -20 -13 -20 -14 -20 -13 -21 -14 -21 -14 -21 -14 0 0 0 0 0 0 0 0 0 0]"""
"""1770911351782273,CSI_DATA,STATION,00:00:00:00:00:00,0,0,0,0,0,0,0,0,0,0,0,0,0,0,0,0,0,0,0,0,0,128,[84 -64 4 0 0 0 0 0 0 0 0 0 -18 1 -19 0 -19 0 -20 0 -19 -1 -20 -1 -19 -2 -20 -2 -19 -2 -19 -3 -20 -3 -20 -3 -20 -3 -20 -3 -20 -4 -20 -3 -20 -4 -19 -4 -20 -5 -20 -5 -20 -4 -20 -5 -20 -5 -20 -4 -20 -4 -21 -4 0 0 -20 -4 -20 -4 -21 -4 -20 -3 -21 -3 -22 -3 -21 -3 -22 -3 -22 -3 -22 -2 -23 -1 -23 -2 -23 -2 -24 -1 -24 -2 -25 -2 -24 -1 -25 -1 -26 -1 -26 -1 -26 -1 -27 -1 -26 0 -28 0 -28 0 -28 0 0 0 0 0 0 0 0 0 0 0]"""
"""1770911351787453,CSI_DATA,STATION,00:00:00:00:00:00,0,0,0,0,0,0,0,0,0,0,0,0,0,0,0,0,0,0,0,0,0,128,[84 -64 4 0 0 0 0 0 0 0 0 0 -4 -16 -3 -17 -3 -17 -2 -17 -2 -17 -1 -17 -1 -17 0 -18 0 -18 0 -17 0 -18 0 -18 0 -18 1 -18 1 -18 0 -18 1 -18 2 -18 2 -18 2 -18 2 -18 2 -18 2 -17 1 -18 1 -18 1 -18 0 0 1 -18 1 -18 0 -18 1 -18 0 -18 1 -19 0 -19 0 -19 0 -19 -1 -19 -2 -20 -2 -20 -2 -20 -1 -21 -2 -21 -2 -22 -2 -22 -2 -22 -2 -23 -2 -23 -2 -23 -2 -23 -3 -23 -4 -24 -3 -24 -3 -25 0 0 0 0 0 0 0 0 0 0]"""
"""1770911351792356,CSI_DATA,STATION,00:00:00:00:00:00,0,0,0,0,0,0,0,0,0,0,0,0,0,0,0,0,0,0,0,0,0,128,[84 -64 4 0 0 0 0 0 0 0 0 0 14 -7 15 -7 14 -6 15 -6 15 -5 16 -5 16 -5 16 -5 16 -4 16 -4 16 -4 16 -4 17 -4 17 -3 17 -3 16 -3 17 -2 16 -2 17 -3 17 -3 17 -3 17 -3 16 -2 17 -3 17 -3 17 -3 0 0 17 -3 17 -3 17 -4 17 -4 18 -4 18 -5 17 -5 17 -5 17 -5 17 -5 18 -6 18 -5 18 -6 19 -6 19 -6 20 -7 19 -7 21 -7 20 -8 20 -7 21 -8 21 -7 21 -8 22 -8 22 -8 23 -8 0 0 0 0 0 0 0 0 0 0]"""
"""1770911351796911,CSI_DATA,STATION,00:00:00:00:00:00,0,0,0,0,0,0,0,0,0,0,0,0,0,0,0,0,0,0,0,0,0,128,[84 -64 4 0 0 0 0 0 0 0 0 0 -1 19 -2 20 -2 19 -3 20 -4 19 -5 20 -5 19 -6 19 -6 19 -6 18 -6 19 -6 19 -7 19 -7 19 -8 19 -7 19 -8 19 -8 18 -9 19 -8 18 -9 18 -8 18 -8 18 -8 18 -8 18 -8 19 0 0 -8 19 -7 19 -8 20 -7 18 -8 20 -8 20 -7 20 -8 20 -7 20 -7 20 -6 21 -6 21 -6 22 -7 23 -6 22 -7 24 -6 22 -7 24 -7 24 -6 24 -7 25 -7 25 -6 25 -6 26 -7 26 -7 27 0 0 0 0 0 0 0 0 0 0]"""
"""1770911351804185,CSI_DATA,STATION,00:00:00:00:00:00,0,0,0,0,0,0,0,0,0,0,0,0,0,0,0,0,0,0,0,0,0,128,[84 -64 4 0 0 0 0 0 0 0 0 0 13 13 13 13 12 13 13 14 12 14 12 15 12 15 11 15 11 16 10 16 10 16 10 17 10 16 10 17 9 17 9 17 9 18 9 17 9 17 9 17 9 17 9 17 8 17 9 17 9 17 9 17 0 0 10 17 10 17 10 17 10 17 10 17 11 17 11 17 11 17 11 17 12 17 12 17 12 18 12 18 14 18 13 18 14 19 14 18 15 19 15 18 15 19 16 19 16 20 16 20 16 20 16 21 17 21 0 0 0 0 0 0 0 0 0 0]"""
"""1770911351809533,CSI_DATA,STATION,00:00:00:00:00:00,0,0,0,0,0,0,0,0,0,0,0,0,0,0,0,0,0,0,0,0,0,128,[84 -64 4 0 0 0 0 0 0 0 0 0 -15 9 -16 9 -15 8 -17 9 -16 7 -18 7 -17 7 -18 7 -17 6 -17 6 -18 7 -18 6 -18 6 -18 6 -19 5 -18 5 -19 5 -18 4 -19 4 -18 4 -18 4 -18 4 -18 4 -18 5 -18 5 -18 6 0 0 -18 5 -18 5 -19 6 -18 6 -19 6 -19 6 -18 6 -19 7 -19 6 -18 7 -19 8 -19 8 -19 9 -20 9 -19 8 -21 9 -19 9 -20 10 -21 10 -21 10 -21 11 -22 10 -20 11 -22 12 -22 12 -23 12 0 0 0 0 0 0 0 0 0 0]"""
"""1770911351812310,CSI_DATA,STATION,00:00:00:00:00:00,0,0,0,0,0,0,0,0,0,0,0,0,0,0,0,0,0,0,0,0,0,128,[84 -64 4 0 0 0 0 0 0 0 0 0 6 6 6 7 6 7 6 8 6 7 6 7 6 8 5 8 5 8 5 8 5 8 5 8 5 9 4 9 5 9 4 9 4 8 5 8 4 9 4 9 5 9 4 9 5 8 5 9 4 9 5 9 0 0 5 9 5 9 5 9 5 9 5 9 5 9 5 9 6 9 6 9 6 9 6 9 6 9 6 9 6 9 7 9 7 9 7 10 7 9 8 10 8 9 8 10 8 10 8 10 8 10 8 10 9 10 0 0 0 0 0 0 0 0 0 0]"""
"""1770911351820129,CSI_DATA,STATION,00:00:00:00:00:00,0,0,0,0,0,0,0,0,0,0,0,0,0,0,0,0,0,0,0,0,0,128,[84 -64 4 0 0 0 0 0 0 0 0 0 3 9 3 9 3 9 3 9 2 9 2 10 2 9 1 10 1 10 2 10 1 10 1 10 1 10 1 10 1 10 0 10 0 10 0 10 1 10 0 10 0 10 1 10 0 10 0 10 0 10 0 10 0 0 0 10 1 10 1 10 1 10 1 11 1 10 1 10 2 10 1 10 1 10 1 11 2 11 2 11 2 11 2 11 2 12 3 12 2 12 3 12 3 12 3 12 3 12 3 13 3 13 2 13 3 13 0 0 0 0 0 0 0 0 0 0]"""
"""1770911351825270,CSI_DATA,STATION,00:00:00:00:00:00,0,0,0,0,0,0,0,0,0,0,0,0,0,0,0,0,0,0,0,0,0,128,[84 -64 4 0 0 0 0 0 0 0 0 0 -9 -2 -9 -2 -9 -3 -9 -3 -9 -3 -9 -4 -9 -4 -9 -4 -9 -5 -9 -5 -9 -4 -9 -5 -9 -5 -8 -5 -9 -5 -8 -5 -8 -5 -8 -5 -9 -6 -8 -6 -8 -5 -8 -6 -8 -5 -9 -6 -8 -6 -8 -6 0 0 -8 -6 -8 -5 -9 -5 -8 -5 -9 -6 -9 -6 -9 -6 -9 -6 -9 -5 -9 -5 -10 -5 -10 -5 -10 -5 -10 -6 -10 -5 -10 -5 -11 -5 -11 -6 -11 -5 -11 -5 -11 -6 -11 -6 -11 -6 -12 -6 -11 -6 -12 -6 0 0 0 0 0 0 0 0 0 0]"""
"""1770911351830353,CSI_DATA,STATION,00:00:00:00:00:00,0,0,0,0,0,0,0,0,0,0,0,0,0,0,0,0,0,0,0,0,0,128,[84 -64 4 0 0 0 0 0 0 0 0 0 8 -3 9 -3 8 -2 9 -2 9 -2 9 -2 9 -2 9 -1 9 -1 9 0 9 -1 10 -1 9 0 9 0 10 0 9 -1 9 0 9 0 9 0 9 0 9 0 9 0 9 -1 9 0 9 -1 10 -1 0 0 9 -1 9 -1 9 -1 9 -1 9 -1 10 -1 10 -1 10 -2 10 -2 10 -2 10 -2 10 -2 10 -2 10 -2 10 -2 11 -3 10 -3 11 -4 11 -3 11 -4 11 -4 11 -3 11 -3 11 -4 12 -4 12 -4 0 0 0 0 0 0 0 0 0 0]"""
"""1770911351833135,CSI_DATA,STATION,00:00:00:00:00:00,0,0,0,0,0,0,0,0,0,0,0,0,0,0,0,0,0,0,0,0,0,128,[84 -64 4 0 0 0 0 0 0 0 0 0 2 -11 2 -10 3 -11 3 -11 3 -11 4 -10 4 -10 4 -10 4 -10 4 -10 4 -10 4 -10 5 -10 5 -10 5 -10 5 -10 5 -10 5 -10 5 -10 5 -9 5 -10 5 -10 5 -10 5 -10 5 -10 5 -10 0 0 5 -10 4 -10 5 -10 5 -11 5 -10 4 -11 5 -11 4 -11 5 -11 4 -11 4 -11 4 -11 3 -12 4 -12 4 -12 4 -13 3 -13 4 -13 4 -13 4 -13 4 -13 4 -13 3 -14 3 -14 4 -14 3 -14 0 0 0 0 0 0 0 0 0 0]"""
"""1770911351840356,CSI_DATA,STATION,00:00:00:00:00:00,0,0,0,0,0,0,0,0,0,0,0,0,0,0,0,0,0,0,0,0,0,128,[84 -64 4 0 0 0 0 0 0 0 0 0 -4 -10 -4 -10 -5 -11 -4 -11 -3 -11 -3 -11 -3 -11 -2 -11 -2 -11 -2 -11 -2 -12 -2 -11 -2 -12 -2 -11 -2 -12 -1 -11 -1 -12 -1 -11 -2 -12 -1 -11 -1 -11 -1 -12 -1 -11 -1 -12 -1 -11 -2 -11 0 0 -2 -11 -2 -12 -2 -12 -2 -11 -2 -12 -2 -12 -2 -12 -3 -12 -2 -12 -3 -11 -3 -12 -3 -12 -3 -12 -4 -13 -3 -13 -3 -13 -4 -13 -4 -13 -4 -13 -4 -13 -4 -14 -4 -13 -5 -14 -5 -14 -5 -14 -5 -14 0 0 0 0 0 0 0 0 0 0]"""
"""1770911351843207,CSI_DATA,STATION,00:00:00:00:00:00,0,0,0,0,0,0,0,0,0,0,0,0,0,0,0,0,0,0,0,0,0,128,[84 -64 4 0 0 0 0 0 0 0 0 0 1 9 0 9 0 9 0 10 0 9 -1 9 -1 9 -1 9 -1 9 -2 10 -2 10 -2 9 -2 10 -2 9 -2 9 -2 9 -2 9 -2 10 -2 9 -2 9 -2 9 -2 9 -3 9 -2 9 -2 9 -2 10 0 0 -2 9 -1 9 -1 10 -1 9 -2 10 -2 10 -1 10 -1 10 -2 10 -1 10 -1 10 -1 10 -1 10 -1 11 -1 11 0 11 0 11 0 11 0 12 0 11 0 12 0 12 0 12 0 12 0 12 0 13 0 0 0 0 0 0 0 0 0 0]"""
"""1770911351850514,CSI_DATA,STATION,00:00:00:00:00:00,0,0,0,0,0,0,0,0,0,0,0,0,0,0,0,0,0,0,0,0,0,128,[84 -64 4 0 0 0 0 0 0 0 0 0 -6 8 -6 8 -6 7 -6 8 -6 7 -7 8 -7 7 -8 7 -8 7 -8 6 -8 7 -8 7 -8 6 -8 6 -8 6 -8 7 -8 6 -8 6 -8 6 -9 6 -8 6 -8 6 -9 6 -9 6 -8 6 -8 6 0 0 -9 6 -8 6 -8 6 -8 6 -8 6 -8 6 -8 6 -8 6 -8 7 -8 7 -8 8 -8 7 -8 7 -8 8 -8 8 -8 8 -9 8 -8 9 -8 9 -9 9 -9 9 -9 9 -9 9 -9 9 -9 10 -9 10 0 0 0 0 0 0 0 0 0 0]"""
"""1770911351855875,CSI_DATA,STATION,00:00:00:00:00:00,0,0,0,0,0,0,0,0,0,0,0,0,0,0,0,0,0,0,0,0,0,128,[84 -64 4 0 0 0 0 0 0 0 0 0 -10 1 -10 1 -11 1 -11 0 -11 0 -11 0 -11 0 -11 -1 -11 -1 -11 -1 -11 -1 -11 -1 -11 -2 -11 -2 -11 -2 -11 -2 -10 -2 -10 -2 -11 -2 -10 -3 -11 -2 -11 -3 -11 -2 -10 -3 -10 -3 -11 -2 0 0 -10 -2 -11 -2 -11 -2 -11 -1 -11 -2 -11 -2 -11 -2 -11 -2 -11 -1 -11 -1 -11 -1 -11 -1 -11 -1 -12 -1 -12 -1 -12 -1 -12 -1 -12 -1 -12 0 -12 0 -13 0 -13 -1 -13 -1 -13 -1 -13 0 -14 0 0 0 0 0 0 0 0 0 0 0]"""
"""1770911351858633,CSI_DATA,STATION,00:00:00:00:00:00,0,0,0,0,0,0,0,0,0,0,0,0,0,0,0,0,0,0,0,0,0,128,[84 -64 4 0 0 0 0 0 0 0 0 0 -2 -11 -2 -11 -1 -10 -1 -11 -1 -11 -1 -11 0 -11 0 -11 0 -11 1 -11 1 -11 1 -11 1 -11 1 -11 1 -11 1 -11 2 -10 1 -10 1 -11 2 -10 1 -11 2 -11 2 -10 2 -10 2 -11 2 -11 0 0 2 -10 1 -10 1 -11 1 -11 1 -11 1 -11 1 -11 1 -11 1 -11 0 -11 1 -11 0 -11 0 -11 0 -12 0 -12 0 -12 0 -12 0 -12 0 -12 0 -12 0 -13 -1 -12 -1 -13 -1 -13 -1 -13 -1 -13 0 0 0 0 0 0 0 0 0 0]"""
"""1770911351864057,CSI_DATA,STATION,00:00:00:00:00:00,0,0,0,0,0,0,0,0,0,0,0,0,0,0,0,0,0,0,0,0,0,128,[84 -64 4 0 0 0 0 0 0 0 0 0 -9 5 -9 5 -9 5 -9 5 -9 4 -10 4 -10 4 -10 4 -10 4 -10 3 -10 3 -10 3 -10 3 -10 2 -10 2 -10 3 -10 3 -10 2 -10 2 -10 2 -10 2 -10 2 -11 2 -10 2 -10 2 -10 2 0 0 -10 3 -10 3 -10 3 -10 3 -10 3 -10 3 -10 3 -10 3 -10 4 -10 4 -10 4 -10 4 -10 4 -10 4 -11 4 -11 5 -10 5 -10 5 -10 5 -11 5 -11 5 -11 6 -11 5 -11 6 -11 6 -11 6 0 0 0 0 0 0 0 0 0 0]"""
"""1770911351870892,CSI_DATA,STATION,00:00:00:00:00:00,0,0,0,0,0,0,0,0,0,0,0,0,0,0,0,0,0,0,0,0,0,128,[84 -64 4 0 0 0 0 0 0 0 0 0 -1 10 -1 11 -2 10 -2 11 -2 10 -3 11 -3 10 -3 11 -3 10 -3 10 -4 11 -4 10 -4 10 -4 10 -4 10 -4 10 -4 10 -4 9 -5 10 -4 10 -4 10 -4 10 -5 10 -5 10 -4 10 -5 10 0 0 -4 10 -3 10 -4 10 -4 10 -4 11 -3 10 -3 11 -3 10 -3 11 -3 10 -3 11 -3 11 -3 11 -2 12 -3 11 -3 12 -2 11 -2 12 -2 12 -2 12 -2 13 -2 12 -2 12 -1 13 -2 13 -1 13 0 0 0 0 0 0 0 0 0 0]"""
"""1770911351876228,CSI_DATA,STATION,00:00:00:00:00:00,0,0,0,0,0,0,0,0,0,0,0,0,0,0,0,0,0,0,0,0,0,128,[84 -64 4 0 0 0 0 0 0 0 0 0 -9 1 -10 0 -10 0 -10 0 -10 -1 -10 0 -10 -1 -10 -1 -10 -2 -10 -2 -10 -2 -10 -2 -10 -3 -10 -2 -10 -3 -10 -2 -10 -2 -10 -3 -10 -3 -10 -3 -10 -3 -10 -3 -10 -3 -10 -3 -10 -3 -10 -3 0 0 -10 -3 -10 -3 -10 -3 -10 -2 -10 -3 -10 -3 -10 -3 -10 -2 -10 -2 -10 -2 -11 -2 -11 -2 -11 -2 -11 -2 -11 -2 -11 -1 -11 -2 -11 -1 -12 -1 -12 -1 -12 -1 -12 -2 -12 -1 -12 -1 -12 -1 -12 -1 0 0 0 0 0 0 0 0 0 0]"""
"""1770911351881333,CSI_DATA,STATION,00:00:00:00:00:00,0,0,0,0,0,0,0,0,0,0,0,0,0,0,0,0,0,0,0,0,0,128,[84 -64 4 0 0 0 0 0 0 0 0 0 -10 2 -10 2 -10 1 -11 1 -10 0 -11 0 -11 0 -11 0 -11 0 -11 -1 -11 0 -11 -1 -11 -1 -11 -2 -11 -1 -11 -1 -11 -2 -11 -1 -11 -2 -11 -2 -11 -2 -11 -2 -11 -2 -11 -2 -11 -2 -11 -1 0 0 -11 -2 -11 -1 -12 -1 -11 -1 -12 -1 -11 -1 -11 -1 -12 -1 -12 0 -11 0 -12 0 -12 0 -12 0 -13 0 -12 0 -13 1 -13 0 -13 1 -13 1 -13 1 -13 1 -13 1 -13 1 -13 2 -14 2 -14 2 0 0 0 0 0 0 0 0 0 0]"""
"""1770911351886781,CSI_DATA,STATION,00:00:00:00:00:00,0,0,0,0,0,0,0,0,0,0,0,0,0,0,0,0,0,0,0,0,0,128,[84 -64 4 0 0 0 0 0 0 0 0 0 -10 2 -10 1 -10 1 -10 1 -10 0 -11 0 -10 0 -10 0 -10 -1 -11 -1 -11 -1 -11 -1 -11 -2 -11 -1 -11 -2 -11 -1 -10 -2 -10 -2 -11 -2 -11 -2 -11 -2 -11 -2 -11 -2 -11 -2 -11 -2 -11 -2 0 0 -11 -1 -11 -1 -11 -1 -11 -1 -11 -1 -11 -1 -11 -1 -11 -1 -11 0 -12 0 -12 0 -11 0 -12 0 -12 0 -12 0 -12 0 -12 0 -13 1 -13 1 -13 1 -13 1 -13 1 -13 1 -13 2 -13 2 -14 2 0 0 0 0 0 0 0 0 0 0]"""
"""1770911351891924,CSI_DATA,STATION,00:00:00:00:00:00,0,0,0,0,0,0,0,0,0,0,0,0,0,0,0,0,0,0,0,0,0,128,[84 -64 4 0 0 0 0 0 0 0 0 0 2 -9 2 -9 2 -8 3 -8 3 -8 4 -9 4 -9 4 -9 5 -9 4 -8 5 -9 5 -8 5 -9 5 -8 6 -8 6 -8 6 -9 5 -8 6 -8 6 -8 6 -8 6 -8 6 -8 6 -9 6 -8 6 -9 0 0 6 -8 6 -7 6 -8 6 -8 6 -9 6 -8 6 -9 6 -9 6 -9 5 -10 6 -10 5 -9 6 -9 6 -10 6 -10 6 -10 5 -10 6 -11 6 -11 6 -11 6 -11 6 -11 5 -11 5 -12 6 -12 6 -12 0 0 0 0 0 0 0 0 0 0]"""
"""1770911351897148,CSI_DATA,STATION,00:00:00:00:00:00,0,0,0,0,0,0,0,0,0,0,0,0,0,0,0,0,0,0,0,0,0,128,[84 -64 4 0 0 0 0 0 0 0 0 0 -4 -9 -4 -9 -3 -9 -3 -10 -2 -10 -3 -10 -3 -10 -2 -10 -2 -11 -2 -11 -2 -11 -1 -11 -1 -11 -1 -11 -1 -11 -1 -11 -1 -11 0 -11 -1 -12 0 -12 -1 -11 -1 -12 0 -11 -1 -12 -1 -12 -1 -12 0 0 0 -12 -1 -12 -1 -12 -1 -12 -1 -12 -1 -12 -1 -12 -2 -12 -1 -12 -2 -12 -2 -13 -2 -12 -2 -12 -2 -13 -2 -13 -2 -13 -3 -13 -3 -13 -3 -13 -3 -13 -3 -14 -3 -14 -3 -14 -4 -15 -3 -14 -3 -14 0 0 0 0 0 0 0 0 0 0]"""
"""1770911351902558,CSI_DATA,STATION,00:00:00:00:00:00,0,0,0,0,0,0,0,0,0,0,0,0,0,0,0,0,0,0,0,0,0,128,[84 -64 4 0 0 0 0 0 0 0 0 0 5 2 6 3 6 3 6 3 6 3 6 4 6 4 6 4 5 5 6 5 6 5 6 5 6 5 6 5 6 6 6 6 6 5 5 5 6 6 6 6 6 6 5 6 5 6 6 6 6 6 5 6 0 0 6 6 6 6 6 6 6 6 6 6 6 6 6 6 6 6 7 6 7 6 7 6 7 6 7 6 7 6 7 6 8 6 8 6 8 6 8 6 8 6 8 6 8 7 9 6 9 6 9 6 9 6 0 0 0 0 0 0 0 0 0 0]"""
"""1770911351907641,CSI_DATA,STATION,00:00:00:00:00:00,0,0,0,0,0,0,0,0,0,0,0,0,0,0,0,0,0,0,0,0,0,128,[84 -64 4 0 0 0 0 0 0 0 0 0 -6 -4 -7 -4 -6 -5 -7 -5 -6 -5 -7 -5 -7 -5 -6 -6 -6 -6 -6 -6 -7 -6 -6 -6 -7 -7 -7 -7 -7 -7 -6 -7 -6 -7 -6 -6 -7 -8 -6 -8 -6 -8 -6 -8 -6 -7 -7 -8 -6 -8 -6 -8 0 0 -7 -8 -7 -7 -7 -8 -7 -7 -7 -8 -7 -8 -7 -8 -8 -8 -8 -8 -8 -8 -8 -8 -8 -8 -8 -8 -8 -9 -8 -8 -9 -8 -9 -8 -9 -8 -9 -8 -9 -8 -9 -8 -10 -9 -10 -9 -10 -9 -10 -9 -10 -8 0 0 0 0 0 0 0 0 0 0]"""
"""1770911351913640,CSI_DATA,STATION,00:00:00:00:00:00,0,0,0,0,0,0,0,0,0,0,0,0,0,0,0,0,0,0,0,0,0,128,[84 -64 4 0 0 0 0 0 0 0 0 0 7 8 7 9 6 9 7 9 7 9 7 10 7 10 6 10 6 10 6 11 6 11 7 12 6 12 6 12 6 12 6 12 6 13 5 13 6 13 6 13 6 13 6 13 6 13 6 13 6 14 7 13 0 0 7 14 7 14 7 14 7 14 7 14 8 14 8 14 8 14 8 14 8 15 9 15 9 15 9 15 10 16 10 15 10 16 10 15 11 16 11 16 11 16 12 17 11 17 12 17 13 18 13 18 12 18 0 0 0 0 0 0 0 0 0 0]"""
"""1770911351923971,CSI_DATA,STATION,00:00:00:00:00:00,0,0,0,0,0,0,0,0,0,0,0,0,0,0,0,0,0,0,0,0,0,128,[14 -32 0 0 0 0 0 0 0 0 0 0 -13 1 -14 0 -14 0 -15 0 -14 -1 -15 -1 -15 -1 -15 -2 -15 -2 -15 -3 -15 -2 -15 -3 -16 -3 -16 -3 -16 -4 -15 -3 -16 -4 -15 -5 -16 -5 -16 -5 -16 -5 -15 -5 -15 -5 -16 -5 -16 -4 -16 -5 0 0 -16 -5 -16 -4 -17 -5 -16 -5 -17 -5 -17 -4 -17 -4 -17 -4 -17 -4 -17 -4 -18 -4 -18 -4 -19 -4 -20 -4 -19 -4 -20 -4 -19 -4 -21 -4 -21 -4 -21 -4 -21 -4 -22 -4 -21 -3 -22 -4 -22 -4 -23 -4 0 0 0 0 0 0 0 0 0 0]"""
"""1770911351931478,CSI_DATA,STATION,00:00:00:00:00:00,0,0,0,0,0,0,0,0,0,0,0,0,0,0,0,0,0,0,0,0,0,128,[84 -64 4 0 0 0 0 0 0 0 0 0 -10 7 -11 7 -11 8 -11 7 -11 7 -12 7 -12 7 -13 7 -12 6 -13 6 -13 6 -14 6 -14 6 -14 6 -14 6 -15 6 -14 5 -15 5 -15 5 -14 5 -15 5 -15 5 -15 5 -15 5 -15 5 -15 6 0 0 -15 5 -15 6 -15 6 -15 6 -16 6 -16 6 -16 6 -16 6 -16 6 -16 7 -17 7 -17 7 -17 8 -17 8 -17 8 -18 8 -17 8 -18 8 -19 9 -18 9 -19 9 -19 9 -19 10 -20 10 -20 10 -20 10 0 0 0 0 0 0 0 0 0 0]"""
"""1770911351936277,CSI_DATA,STATION,00:00:00:00:00:00,0,0,0,0,0,0,0,0,0,0,0,0,0,0,0,0,0,0,0,0,0,128,[84 -64 4 0 0 0 0 0 0 0 0 0 -12 3 -13 3 -13 3 -13 3 -13 3 -14 2 -14 2 -14 2 -14 2 -14 2 -15 2 -15 2 -15 1 -15 1 -16 1 -16 1 -16 1 -16 0 -17 1 -17 1 -16 0 -17 1 -16 0 -17 1 -17 1 -17 1 0 0 -17 1 -17 1 -18 2 -18 1 -18 1 -19 2 -18 2 -19 2 -18 2 -19 3 -20 3 -20 3 -20 3 -21 4 -21 3 -22 4 -21 4 -22 4 -22 4 -22 4 -23 4 -23 5 -24 5 -24 5 -25 5 -25 5 0 0 0 0 0 0 0 0 0 0]"""
"""1770911351941437,CSI_DATA,STATION,00:00:00:00:00:00,0,0,0,0,0,0,0,0,0,0,0,0,0,0,0,0,0,0,0,0,0,128,[84 -64 4 0 0 0 0 0 0 0 0 0 -7 -11 -7 -12 -7 -12 -7 -12 -7 -12 -7 -13 -7 -13 -7 -13 -7 -13 -6 -14 -7 -14 -7 -15 -7 -15 -6 -15 -6 -15 -7 -15 -6 -16 -6 -16 -6 -17 -7 -16 -7 -17 -6 -17 -6 -17 -7 -17 -7 -17 -7 -17 0 0 -7 -18 -8 -18 -8 -18 -8 -18 -8 -18 -9 -19 -9 -19 -9 -19 -9 -19 -10 -19 -10 -20 -10 -20 -10 -20 -11 -20 -11 -21 -12 -21 -12 -21 -12 -22 -13 -22 -13 -22 -13 -23 -13 -23 -13 -23 -14 -24 -14 -24 -14 -24 0 0 0 0 0 0 0 0 0 0]"""
"""1770911351947162,CSI_DATA,STATION,00:00:00:00:00:00,0,0,0,0,0,0,0,0,0,0,0,0,0,0,0,0,0,0,0,0,0,128,[84 -64 4 0 0 0 0 0 0 0 0 0 -4 -11 -4 -11 -4 -11 -4 -11 -3 -12 -4 -12 -4 -12 -3 -13 -3 -13 -3 -13 -3 -14 -3 -14 -3 -14 -3 -14 -2 -15 -3 -15 -3 -15 -2 -15 -2 -16 -3 -15 -2 -16 -3 -16 -2 -16 -2 -16 -3 -16 -3 -17 0 0 -3 -17 -3 -17 -3 -17 -3 -17 -3 -18 -3 -18 -4 -18 -4 -18 -4 -18 -4 -19 -5 -19 -5 -19 -4 -20 -5 -20 -5 -20 -5 -21 -5 -21 -5 -22 -6 -22 -6 -22 -6 -23 -6 -23 -6 -23 -6 -24 -6 -24 -6 -24 0 0 0 0 0 0 0 0 0 0]"""
"""1770911351951637,CSI_DATA,STATION,00:00:00:00:00:00,0,0,0,0,0,0,0,0,0,0,0,0,0,0,0,0,0,0,0,0,0,128,[84 -64 4 0 0 0 0 0 0 0 0 0 10 0 11 1 11 1 11 1 11 2 12 2 12 2 12 2 12 3 13 3 13 3 13 3 13 4 13 4 13 4 14 4 14 5 13 5 14 5 14 5 15 5 14 5 14 6 15 5 15 5 15 5 0 0 15 5 15 6 16 6 16 5 16 6 17 5 17 5 17 6 17 5 17 6 18 6 18 6 18 6 19 6 19 6 20 6 20 5 21 6 21 5 21 6 22 6 22 6 22 6 23 6 23 7 23 7 0 0 0 0 0 0 0 0 0 0]"""
"""1770911351956797,CSI_DATA,STATION,00:00:00:00:00:00,0,0,0,0,0,0,0,0,0,0,0,0,0,0,0,0,0,0,0,0,0,128,[84 -64 4 0 0 0 0 0 0 0 0 0 13 -3 13 -2 14 -2 14 -2 15 -2 15 -1 15 -1 16 0 16 0 16 0 17 0 17 0 17 0 17 1 17 2 18 2 18 2 18 2 18 2 18 2 18 3 18 3 18 3 19 2 19 2 19 2 0 0 19 3 20 3 19 3 20 2 20 3 21 2 21 3 21 2 21 2 22 2 22 2 22 2 23 2 24 2 24 2 24 2 25 1 25 2 26 2 26 2 26 2 27 2 27 2 28 1 28 2 29 2 0 0 0 0 0 0 0 0 0 0]"""
"""1770911351961800,CSI_DATA,STATION,00:00:00:00:00:00,0,0,0,0,0,0,0,0,0,0,0,0,0,0,0,0,0,0,0,0,0,128,[84 -64 4 0 0 0 0 0 0 0 0 0 -3 -13 -2 -13 -2 -13 -2 -14 -2 -14 -2 -14 -1 -14 -1 -15 -1 -15 -1 -15 -1 -15 0 -16 0 -16 0 -16 1 -16 0 -16 1 -16 1 -16 1 -17 1 -16 1 -17 1 -17 1 -16 1 -17 1 -17 1 -17 0 0 1 -18 0 -17 0 -18 0 -17 1 -18 0 -18 0 -18 0 -19 0 -19 -1 -19 -1 -20 -1 -19 -1 -20 -2 -21 -2 -20 -2 -21 -2 -21 -2 -22 -3 -22 -2 -22 -3 -23 -3 -23 -3 -23 -3 -24 -3 -24 -3 -24 0 0 0 0 0 0 0 0 0 0]"""
"""1770911351967419,CSI_DATA,STATION,00:00:00:00:00:00,0,0,0,0,0,0,0,0,0,0,0,0,0,0,0,0,0,0,0,0,0,128,[84 -64 4 0 0 0 0 0 0 0 0 0 -10 12 -11 12 -11 12 -11 12 -12 11 -13 11 -12 10 -14 10 -14 10 -14 10 -14 11 -14 10 -15 10 -15 10 -16 9 -15 9 -16 9 -16 9 -16 9 -16 8 -16 8 -16 8 -16 8 -16 9 -16 9 -16 9 0 0 -16 9 -16 9 -16 9 -15 9 -16 9 -16 10 -16 10 -16 10 -16 10 -16 11 -16 12 -16 12 -17 12 -17 13 -17 12 -18 13 -16 13 -17 13 -18 14 -18 14 -18 14 -19 14 -18 15 -18 16 -18 15 -19 16 0 0 0 0 0 0 0 0 0 0]"""
"""1770911351973019,CSI_DATA,STATION,00:00:00:00:00:00,0,0,0,0,0,0,0,0,0,0,0,0,0,0,0,0,0,0,0,0,0,128,[84 -64 4 0 0 0 0 0 0 0 0 0 8 -3 8 -3 8 -2 9 -2 9 -2 9 -2 9 -1 9 -1 9 -1 9 -1 9 -1 9 -1 9 0 9 0 9 1 9 0 9 0 9 0 9 1 9 1 9 1 9 1 9 1 9 1 9 1 9 0 0 0 9 1 9 1 9 1 10 0 10 0 10 0 10 0 10 0 10 0 9 -1 10 -1 10 0 10 -1 11 0 11 -1 11 -1 11 -1 11 -2 11 -1 11 -2 12 -2 11 -1 12 -1 12 -2 12 -2 12 -2 0 0 0 0 0 0 0 0 0 0]"""
"""1770911351978041,CSI_DATA,STATION,00:00:00:00:00:00,0,0,0,0,0,0,0,0,0,0,0,0,0,0,0,0,0,0,0,0,0,128,[84 -64 4 0 0 0 0 0 0 0 0 0 -9 -2 -9 -2 -9 -2 -10 -3 -9 -3 -9 -3 -9 -4 -9 -4 -9 -4 -9 -5 -9 -4 -9 -4 -9 -5 -9 -5 -9 -5 -9 -5 -8 -5 -9 -5 -9 -6 -8 -6 -9 -6 -8 -6 -8 -5 -9 -6 -8 -5 -9 -5 0 0 -8 -5 -9 -5 -9 -5 -9 -5 -9 -6 -9 -5 -9 -5 -9 -5 -9 -5 -10 -5 -10 -4 -10 -5 -10 -5 -10 -5 -10 -5 -11 -4 -11 -5 -11 -4 -11 -5 -11 -4 -11 -4 -11 -5 -12 -5 -12 -5 -12 -4 -12 -4 0 0 0 0 0 0 0 0 0 0]"""
"""1770911351982750,CSI_DATA,STATION,00:00:00:00:00:00,0,0,0,0,0,0,0,0,0,0,0,0,0,0,0,0,0,0,0,0,0,128,[84 -64 4 0 0 0 0 0 0 0 0 0 -2 -10 -2 -10 -2 -10 -2 -10 -1 -10 -1 -11 -1 -10 -1 -11 0 -11 0 -11 0 -11 0 -10 0 -11 0 -11 1 -11 1 -11 1 -10 1 -10 1 -11 1 -10 1 -10 1 -10 1 -10 1 -10 1 -10 1 -11 0 0 1 -10 0 -10 0 -10 0 -11 0 -11 0 -11 0 -11 0 -11 0 -11 0 -11 0 -11 -1 -11 -1 -11 -1 -11 -1 -12 -1 -11 -1 -12 -2 -12 -1 -12 -2 -12 -2 -12 -2 -12 -2 -13 -3 -12 -2 -13 -2 -13 0 0 0 0 0 0 0 0 0 0]"""
"""1770911351987673,CSI_DATA,STATION,00:00:00:00:00:00,0,0,0,0,0,0,0,0,0,0,0,0,0,0,0,0,0,0,0,0,0,128,[84 -64 4 0 0 0 0 0 0 0 0 0 -3 -11 -3 -11 -3 -11 -2 -11 -2 -11 -2 -12 -1 -12 -1 -12 0 -12 -1 -11 0 -12 0 -12 0 -12 0 -11 1 -12 1 -11 1 -11 1 -11 1 -12 1 -11 1 -11 1 -11 1 -11 1 -12 1 -12 1 -12 0 0 1 -11 1 -11 1 -11 1 -11 1 -12 0 -12 0 -12 0 -12 0 -12 0 -12 0 -12 -1 -12 -1 -12 -1 -13 -1 -13 -1 -13 -1 -13 -1 -13 -1 -13 -2 -13 -1 -14 -2 -13 -2 -14 -2 -14 -2 -14 -2 -14 0 0 0 0 0 0 0 0 0 0]"""
"""1770911351993046,CSI_DATA,STATION,00:00:00:00:00:00,0,0,0,0,0,0,0,0,0,0,0,0,0,0,0,0,0,0,0,0,0,128,[84 -64 4 0 0 0 0 0 0 0 0 0 -7 6 -8 7 -8 6 -8 6 -8 5 -9 6 -9 6 -9 5 -9 5 -9 5 -9 5 -10 5 -10 4 -10 4 -10 4 -10 4 -10 4 -10 4 -10 4 -10 3 -10 3 -10 3 -10 4 -10 4 -10 4 -10 4 0 0 -10 4 -10 4 -10 4 -10 4 -10 4 -10 4 -10 4 -10 4 -10 5 -10 5 -10 6 -10 5 -10 5 -10 6 -10 6 -11 7 -10 6 -10 7 -10 7 -10 7 -10 7 -10 7 -10 7 -10 8 -11 8 -10 8 0 0 0 0 0 0 0 0 0 0]"""
"""1770911351997513,CSI_DATA,STATION,00:00:00:00:00:00,0,0,0,0,0,0,0,0,0,0,0,0,0,0,0,0,0,0,0,0,0,128,[84 -64 4 0 0 0 0 0 0 0 0 0 -8 -4 -8 -4 -8 -5 -8 -6 -8 -6 -8 -6 -8 -6 -7 -6 -7 -6 -8 -7 -7 -6 -7 -7 -7 -7 -7 -7 -7 -8 -7 -7 -7 -7 -7 -7 -7 -8 -7 -8 -7 -8 -7 -8 -7 -7 -7 -8 -7 -8 -7 -8 0 0 -7 -8 -7 -8 -7 -8 -7 -7 -7 -8 -7 -8 -7 -8 -7 -8 -7 -7 -8 -7 -8 -7 -8 -7 -8 -8 -8 -7 -8 -7 -9 -7 -9 -8 -9 -7 -9 -8 -9 -7 -9 -8 -9 -8 -10 -8 -10 -8 -10 -8 -10 -8 0 0 0 0 0 0 0 0 0 0]"""
"""1770911352002909,CSI_DATA,STATION,00:00:00:00:00:00,0,0,0,0,0,0,0,0,0,0,0,0,0,0,0,0,0,0,0,0,0,128,[84 -64 4 0 0 0 0 0 0 0 0 0 -2 -9 -2 -9 -2 -10 -2 -10 -2 -10 -1 -10 -1 -10 -1 -10 -1 -10 -1 -11 0 -10 0 -10 0 -11 0 -11 0 -11 0 -11 1 -10 1 -10 0 -11 1 -11 1 -10 0 -11 1 -10 1 -11 1 -11 1 -11 0 0 1 -11 0 -11 0 -11 0 -11 0 -12 0 -12 0 -12 0 -11 1 -12 0 -11 0 -12 -1 -12 -1 -12 0 -12 -1 -13 -1 -13 -1 -13 -1 -13 0 -13 -1 -13 -1 -13 -1 -13 -1 -14 -2 -14 -1 -14 -1 -14 0 0 0 0 0 0 0 0 0 0]"""
"""1770911352008270,CSI_DATA,STATION,00:00:00:00:00:00,0,0,0,0,0,0,0,0,0,0,0,0,0,0,0,0,0,0,0,0,0,128,[84 -64 4 0 0 0 0 0 0 0 0 0 1 -11 1 -10 1 -11 1 -10 2 -11 3 -11 4 -11 3 -11 4 -11 3 -11 4 -11 4 -12 4 -12 4 -11 5 -11 6 -11 5 -11 6 -11 5 -11 6 -11 6 -11 6 -11 6 -11 5 -11 5 -11 6 -12 0 0 6 -12 6 -11 6 -12 6 -12 6 -12 6 -12 6 -12 5 -12 7 -13 6 -12 5 -14 5 -13 5 -13 5 -13 6 -14 6 -14 6 -15 5 -14 6 -14 5 -14 6 -15 6 -15 5 -15 5 -16 6 -16 5 -16 0 0 0 0 0 0 0 0 0 0]"""
"""1770911352013478,CSI_DATA,STATION,00:00:00:00:00:00,0,0,0,0,0,0,0,0,0,0,0,0,0,0,0,0,0,0,0,0,0,128,[84 -64 4 0 0 0 0 0 0 0 0 0 -1 13 -1 14 -1 15 -2 15 -2 16 -4 16 -3 16 -4 16 -5 16 -5 16 -5 17 -6 17 -7 17 -7 17 -7 16 -7 18 -8 17 -9 17 -9 17 -9 17 -9 17 -9 17 -9 18 -9 18 -9 18 -9 18 0 0 -9 18 -10 19 -9 18 -9 19 -9 19 -9 20 -8 20 -9 20 -9 20 -9 21 -8 21 -8 22 -8 22 -8 23 -9 23 -9 23 -8 24 -8 24 -8 25 -8 25 -8 26 -8 26 -8 27 -8 27 -8 27 -8 27 0 0 0 0 0 0 0 0 0 0]"""
"""1770911352018515,CSI_DATA,STATION,00:00:00:00:00:00,0,0,0,0,0,0,0,0,0,0,0,0,0,0,0,0,0,0,0,0,0,128,[84 -64 4 0 0 0 0 0 0 0 0 0 -9 -5 -10 -6 -10 -6 -10 -6 -9 -7 -10 -8 -10 -8 -10 -8 -10 -9 -9 -9 -10 -10 -10 -10 -10 -10 -9 -11 -9 -11 -10 -11 -9 -12 -9 -11 -9 -12 -9 -12 -9 -12 -9 -12 -9 -12 -10 -12 -10 -12 -10 -12 0 0 -10 -13 -10 -12 -10 -13 -11 -13 -11 -13 -11 -13 -11 -13 -11 -13 -12 -13 -12 -13 -13 -13 -13 -13 -13 -13 -14 -14 -14 -13 -15 -14 -15 -14 -16 -15 -16 -14 -16 -15 -17 -14 -17 -14 -17 -14 -18 -15 -18 -15 -18 -15 0 0 0 0 0 0 0 0 0 0]"""
"""1770911352023523,CSI_DATA,STATION,00:00:00:00:00:00,0,0,0,0,0,0,0,0,0,0,0,0,0,0,0,0,0,0,0,0,0,128,[84 -64 4 0 0 0 0 0 0 0 0 0 0 -12 1 -13 1 -12 2 -14 3 -13 4 -15 4 -14 4 -14 6 -15 6 -14 6 -15 6 -15 7 -15 7 -15 9 -14 7 -14 9 -15 8 -14 9 -15 9 -15 10 -15 10 -15 9 -14 10 -15 9 -15 10 -15 0 0 10 -15 9 -15 10 -16 9 -15 10 -17 10 -16 9 -16 10 -17 9 -17 9 -17 9 -18 9 -19 9 -19 10 -20 9 -19 10 -21 8 -21 10 -22 10 -23 9 -22 10 -23 9 -23 9 -23 9 -25 9 -25 9 -25 0 0 0 0 0 0 0 0 0 0]"""
"""1770911352028305,CSI_DATA,STATION,00:00:00:00:00:00,0,0,0,0,0,0,0,0,0,0,0,0,0,0,0,0,0,0,0,0,0,128,[84 -64 4 0 0 0 0 0 0 0 0 0 -2 -12 0 -14 0 -14 0 -15 1 -14 3 -16 4 -16 4 -15 5 -15 5 -15 5 -16 6 -16 7 -16 6 -16 8 -16 7 -15 9 -16 9 -15 10 -16 9 -15 10 -15 10 -15 10 -16 9 -16 9 -16 10 -17 0 0 10 -17 10 -17 10 -17 10 -16 10 -18 10 -19 10 -18 10 -18 10 -18 9 -19 9 -21 9 -21 9 -21 9 -23 9 -21 10 -23 8 -23 9 -25 9 -26 9 -25 9 -26 9 -26 8 -27 8 -29 9 -29 9 -29 0 0 0 0 0 0 0 0 0 0]"""
"""1770911352033510,CSI_DATA,STATION,00:00:00:00:00:00,0,0,0,0,0,0,0,0,0,0,0,0,0,0,0,0,0,0,0,0,0,128,[84 -64 4 0 0 0 0 0 0 0 0 0 5 1 5 1 5 2 5 2 5 3 5 2 6 3 5 3 4 3 5 4 5 4 5 5 5 5 4 5 5 5 4 6 4 6 4 6 4 6 5 7 4 7 4 7 3 6 4 7 4 7 4 6 0 0 4 6 4 7 5 7 4 7 5 7 5 7 5 7 5 7 5 7 5 7 6 7 6 7 6 8 7 7 7 7 7 8 7 8 8 8 8 7 8 7 9 7 8 8 9 8 9 8 9 8 10 8 0 0 0 0 0 0 0 0 0 0]"""
"""1770911352038603,CSI_DATA,STATION,00:00:00:00:00:00,0,0,0,0,0,0,0,0,0,0,0,0,0,0,0,0,0,0,0,0,0,128,[84 -64 4 0 0 0 0 0 0 0 0 0 -10 8 -12 8 -12 7 -14 7 -14 6 -16 6 -16 5 -17 4 -17 3 -17 2 -19 3 -19 2 -20 1 -20 1 -21 0 -21 0 -21 -1 -21 -1 -22 -2 -22 -2 -22 -3 -22 -3 -22 -3 -23 -2 -23 -2 -24 -2 0 0 -24 -2 -23 -2 -25 -2 -24 -2 -25 -2 -26 -1 -26 -2 -26 -1 -26 -1 -27 0 -28 1 -28 1 -29 1 -30 2 -29 1 -31 2 -30 3 -32 3 -33 3 -33 4 -34 5 -34 4 -35 6 -36 7 -36 7 -37 7 0 0 0 0 0 0 0 0 0 0]"""
"""1770911352046301,CSI_DATA,STATION,00:00:00:00:00:00,0,0,0,0,0,0,0,0,0,0,0,0,0,0,0,0,0,0,0,0,0,128,[84 -64 4 0 0 0 0 0 0 0 0 0 -1 -5 0 -6 0 -6 1 -6 0 -6 0 -6 1 -6 2 -6 2 -6 2 -6 3 -7 2 -7 3 -6 3 -6 3 -6 4 -6 4 -6 5 -6 4 -6 4 -6 4 -6 5 -6 6 -6 5 -6 5 -5 5 -6 0 0 6 -6 6 -6 6 -7 6 -7 6 -6 6 -7 6 -7 6 -7 6 -7 6 -8 6 -8 5 -8 6 -8 6 -8 6 -9 7 -8 7 -9 7 -10 7 -10 6 -10 7 -10 7 -10 7 -11 6 -11 7 -11 6 -11 0 0 0 0 0 0 0 0 0 0]"""
"""1770911352049038,CSI_DATA,STATION,00:00:00:00:00:00,0,0,0,0,0,0,0,0,0,0,0,0,0,0,0,0,0,0,0,0,0,128,[84 -64 4 0 0 0 0 0 0 0 0 0 -7 -5 -8 -6 -8 -6 -9 -7 -8 -8 -9 -9 -9 -10 -9 -11 -8 -11 -8 -12 -9 -13 -9 -13 -8 -14 -8 -15 -8 -16 -8 -15 -8 -17 -7 -17 -8 -18 -7 -18 -7 -19 -7 -19 -6 -19 -7 -19 -8 -20 -8 -20 0 0 -8 -21 -8 -20 -8 -22 -8 -21 -9 -23 -9 -23 -9 -23 -9 -23 -10 -23 -10 -24 -11 -25 -11 -24 -11 -25 -12 -26 -12 -26 -13 -27 -13 -26 -14 -28 -14 -28 -14 -28 -15 -29 -15 -29 -16 -29 -17 -31 -17 -31 -17 -32 0 0 0 0 0 0 0 0 0 0]"""
"""1770911352054582,CSI_DATA,STATION,00:00:00:00:00:00,0,0,0,0,0,0,0,0,0,0,0,0,0,0,0,0,0,0,0,0,0,128,[84 -64 4 0 0 0 0 0 0 0 0 0 -7 -3 -8 -3 -8 -3 -9 -4 -9 -4 -10 -5 -9 -6 -11 -6 -10 -7 -10 -7 -12 -7 -12 -8 -12 -8 -12 -9 -13 -11 -12 -10 -12 -11 -13 -11 -13 -12 -13 -12 -13 -12 -13 -14 -13 -13 -14 -13 -14 -13 -15 -14 0 0 -14 -14 -15 -14 -15 -14 -15 -14 -15 -15 -16 -16 -16 -16 -17 -17 -17 -16 -18 -16 -19 -16 -19 -16 -19 -17 -20 -17 -20 -18 -21 -19 -21 -18 -23 -19 -22 -20 -22 -20 -23 -20 -24 -20 -24 -20 -26 -20 -26 -21 -26 -21 0 0 0 0 0 0 0 0 0 0]"""
"""1770911352061313,CSI_DATA,STATION,00:00:00:00:00:00,0,0,0,0,0,0,0,0,0,0,0,0,0,0,0,0,0,0,0,0,0,128,[84 -64 4 0 0 0 0 0 0 0 0 0 -3 2 -3 2 -3 2 -2 2 -3 2 -4 2 -4 3 -5 2 -4 3 -5 2 -5 2 -5 3 -5 2 -6 2 -6 3 -6 2 -6 3 -7 3 -7 2 -7 2 -7 2 -7 2 -7 2 -7 2 -8 2 -8 2 0 0 -8 3 -8 3 -8 3 -9 3 -9 3 -9 3 -8 3 -9 3 -9 3 -9 4 -10 4 -9 3 -10 4 -10 4 -10 4 -11 4 -11 4 -11 5 -11 5 -12 5 -11 5 -11 4 -12 5 -12 5 -12 6 -12 6 0 0 0 0 0 0 0 0 0 0]"""
"""1770911352065926,CSI_DATA,STATION,00:00:00:00:00:00,0,0,0,0,0,0,0,0,0,0,0,0,0,0,0,0,0,0,0,0,0,128,[84 -64 4 0 0 0 0 0 0 0 0 0 -4 0 -4 0 -5 -1 -5 -1 -5 -1 -6 0 -6 0 -6 0 -6 -1 -6 -1 -6 -1 -6 -1 -7 -1 -7 -1 -7 -2 -7 -1 -7 -1 -8 -1 -8 -2 -8 -3 -8 -2 -9 -2 -8 -2 -9 -2 -9 -3 -9 -2 0 0 -9 -2 -9 -2 -10 -2 -10 -1 -10 -2 -10 -3 -10 -2 -10 -2 -10 -2 -11 -2 -12 -2 -10 -2 -12 -2 -13 -3 -12 -2 -13 -2 -13 -3 -13 -2 -14 -2 -14 -2 -14 -3 -14 -3 -15 -3 -15 -3 -15 -3 -15 -3 0 0 0 0 0 0 0 0 0 0]"""
"""1770911352070504,CSI_DATA,STATION,00:00:00:00:00:00,0,0,0,0,0,0,0,0,0,0,0,0,0,0,0,0,0,0,0,0,0,128,[84 -64 4 0 0 0 0 0 0 0 0 0 -12 9 -14 8 -12 8 -13 9 -13 8 -14 9 -14 8 -15 8 -15 8 -14 8 -15 8 -15 8 -15 8 -15 7 -16 7 -15 8 -17 7 -16 7 -17 7 -17 7 -17 7 -17 8 -17 7 -17 8 -17 7 -18 8 0 0 -17 8 -18 8 -19 8 -18 8 -19 9 -19 10 -19 10 -19 9 -19 10 -19 10 -20 11 -21 11 -20 11 -22 11 -21 11 -23 12 -21 12 -23 12 -23 12 -23 13 -24 13 -24 13 -24 13 -25 14 -26 13 -26 14 0 0 0 0 0 0 0 0 0 0]"""
"""1770911352075447,CSI_DATA,STATION,00:00:00:00:00:00,0,0,0,0,0,0,0,0,0,0,0,0,0,0,0,0,0,0,0,0,0,128,[84 -64 4 0 0 0 0 0 0 0 0 0 -8 3 -8 3 -8 3 -9 3 -8 3 -9 3 -8 2 -9 3 -9 3 -9 2 -9 2 -10 2 -10 2 -9 2 -10 2 -10 2 -9 2 -10 3 -11 3 -10 1 -11 1 -11 2 -11 2 -11 2 -11 1 -11 2 0 0 -11 2 -11 2 -11 2 -11 3 -12 2 -12 2 -12 2 -12 2 -12 3 -12 3 -13 3 -13 2 -13 3 -13 3 -13 3 -14 4 -14 2 -14 4 -14 4 -14 4 -15 4 -15 3 -16 3 -16 3 -16 4 -15 4 0 0 0 0 0 0 0 0 0 0]"""
"""1770911352080677,CSI_DATA,STATION,00:00:00:00:00:00,0,0,0,0,0,0,0,0,0,0,0,0,0,0,0,0,0,0,0,0,0,128,[84 -64 4 0 0 0 0 0 0 0 0 0 8 5 8 6 8 6 8 7 7 7 7 7 7 7 7 7 7 7 7 7 7 8 6 8 7 8 7 8 7 8 6 8 6 8 6 8 7 9 7 8 6 8 7 9 6 8 6 9 6 9 6 9 0 0 7 9 7 8 7 9 7 9 8 9 8 9 8 9 8 9 7 9 8 8 8 9 8 9 8 9 9 10 8 9 9 10 10 10 10 10 9 10 9 10 10 10 10 10 10 11 11 11 10 11 11 11 0 0 0 0 0 0 0 0 0 0]"""
"""1770911352086176,CSI_DATA,STATION,00:00:00:00:00:00,0,0,0,0,0,0,0,0,0,0,0,0,0,0,0,0,0,0,0,0,0,128,[84 -64 4 0 0 0 0 0 0 0 0 0 -24 -2 -24 -3 -23 -2 -24 -3 -22 -4 -24 -4 -23 -4 -23 -5 -22 -5 -22 -5 -23 -5 -22 -6 -22 -6 -22 -6 -22 -6 -22 -6 -22 -6 -21 -6 -23 -6 -22 -6 -22 -6 -22 -6 -21 -6 -22 -6 -22 -5 -23 -5 0 0 -23 -4 -23 -4 -24 -4 -22 -4 -24 -4 -24 -3 -24 -3 -24 -3 -24 -3 -24 -3 -26 -2 -26 -2 -26 -2 -28 -2 -27 -2 -28 -2 -27 -2 -29 -2 -29 -2 -29 -1 -30 -1 -30 -2 -30 -1 -32 -2 -32 -2 -33 -2 0 0 0 0 0 0 0 0 0 0]"""
"""1770911352090559,CSI_DATA,STATION,00:00:00:00:00:00,0,0,0,0,0,0,0,0,0,0,0,0,0,0,0,0,0,0,0,0,0,128,[84 -64 4 0 0 0 0 0 0 0 0 0 10 -5 10 -4 10 -3 11 -3 10 -3 10 -4 10 -3 10 -3 10 -2 10 -2 10 -3 10 -3 10 -2 10 -2 10 -1 10 -2 10 -2 10 -2 10 -1 10 -1 10 -1 10 -1 10 -2 10 -1 10 -1 10 -2 0 0 10 -2 10 -2 11 -2 10 -2 11 -2 11 -2 11 -2 11 -3 11 -3 10 -3 11 -3 11 -3 12 -3 12 -3 12 -3 13 -4 12 -3 13 -4 14 -4 13 -4 14 -4 13 -3 14 -4 14 -4 14 -4 14 -4 0 0 0 0 0 0 0 0 0 0]"""
"""1770911352101728,CSI_DATA,STATION,00:00:00:00:00:00,0,0,0,0,0,0,0,0,0,0,0,0,0,0,0,0,0,0,0,0,0,128,[84 -64 4 0 0 0 0 0 0 0 0 0 -2 -8 -2 -7 -2 -7 -1 -7 -1 -6 -1 -6 0 -6 -1 -5 0 -5 0 -4 0 -4 0 -4 0 -3 0 -3 0 -2 0 -2 1 -2 0 -2 1 -1 0 -1 0 -1 0 0 0 -1 0 0 0 0 0 0 0 0 1 1 1 2 1 2 1 1 1 2 2 2 2 2 2 2 2 2 2 2 3 3 3 3 3 4 4 4 3 3 4 4 5 4 5 4 5 4 5 4 6 4 6 5 6 5 7 5 7 5 8 5 0 0 0 0 0 0 0 0 0 0]"""
"""1770911352109467,CSI_DATA,STATION,00:00:00:00:00:00,0,0,0,0,0,0,0,0,0,0,0,0,0,0,0,0,0,0,0,0,0,128,[84 -64 4 0 0 0 0 0 0 0 0 0 -29 12 -29 11 -27 9 -27 9 -25 7 -25 6 -23 6 -22 5 -20 4 -19 3 -18 3 -17 2 -16 1 -14 1 -14 0 -12 0 -11 -1 -10 -2 -9 -3 -8 -3 -7 -3 -6 -4 -5 -4 -5 -5 -4 -6 -3 -6 0 0 -2 -7 -2 -9 -1 -10 -1 -10 0 -11 -1 -13 0 -13 0 -14 0 -15 0 -16 0 -17 -1 -18 -1 -19 -1 -21 -1 -22 -2 -24 -3 -24 -4 -26 -5 -28 -6 -28 -6 -30 -7 -30 -8 -31 -9 -33 -9 -34 -11 -35 0 0 0 0 0 0 0 0 0 0]"""
"""1770911352114458,CSI_DATA,STATION,00:00:00:00:00:00,0,0,0,0,0,0,0,0,0,0,0,0,0,0,0,0,0,0,0,0,0,128,[14 -32 0 0 0 0 0 0 0 0 0 0 29 9 30 10 26 10 26 11 23 10 23 11 21 10 19 10 18 10 15 9 15 9 14 8 12 8 11 8 10 8 8 7 7 7 6 7 5 7 3 6 2 5 2 5 0 5 -1 5 -1 5 -2 5 0 0 -4 6 -5 6 -6 6 -7 7 -8 8 -9 8 -9 8 -10 9 -11 10 -11 10 -12 12 -12 13 -13 14 -15 16 -14 15 -16 18 -14 17 -16 20 -16 21 -16 22 -16 24 -17 26 -15 26 -16 29 -17 30 -17 32 0 0 0 0 0 0 0 0 0 0]"""
"""1770911352117232,CSI_DATA,STATION,00:00:00:00:00:00,0,0,0,0,0,0,0,0,0,0,0,0,0,0,0,0,0,0,0,0,0,128,[84 -64 4 0 0 0 0 0 0 0 0 0 2 8 2 8 2 7 2 7 1 7 1 6 1 6 0 5 0 5 0 4 0 5 0 4 0 4 0 3 -1 3 -1 3 -1 2 -1 2 -1 1 -1 1 -1 1 -1 1 -2 1 -1 0 -2 0 -2 0 0 0 -3 0 -2 -1 -3 -1 -3 -1 -3 -2 -3 -2 -3 -2 -4 -2 -4 -2 -5 -2 -5 -1 -5 -2 -5 -2 -6 -2 -6 -2 -7 -2 -6 -2 -7 -2 -8 -1 -8 -1 -8 -2 -8 -2 -9 -2 -9 -1 -10 -1 -10 -1 0 0 0 0 0 0 0 0 0 0]"""
"""1770911352122406,CSI_DATA,STATION,00:00:00:00:00:00,0,0,0,0,0,0,0,0,0,0,0,0,0,0,0,0,0,0,0,0,0,128,[84 -64 4 0 0 0 0 0 0 0 0 0 -20 -17 -19 -18 -16 -18 -16 -18 -13 -16 -12 -16 -11 -14 -9 -13 -8 -12 -7 -11 -7 -10 -6 -9 -6 -8 -5 -6 -4 -5 -4 -4 -4 -3 -3 -2 -3 0 -3 2 -3 3 -3 4 -3 4 -3 6 -2 7 -2 8 0 0 -2 10 -2 11 -2 13 -2 13 -2 15 -2 16 -2 17 -2 18 -2 19 -2 19 -1 21 -1 22 -1 24 -1 26 -2 25 -2 28 -1 26 -1 29 -1 31 -1 31 0 32 -1 34 0 33 0 36 0 37 0 38 0 0 0 0 0 0 0 0 0 0]"""
"""1770911352127649,CSI_DATA,STATION,00:00:00:00:00:00,0,0,0,0,0,0,0,0,0,0,0,0,0,0,0,0,0,0,0,0,0,128,[84 -64 4 0 0 0 0 0 0 0 0 0 -4 -4 -3 -4 -3 -5 -3 -4 -3 -4 -2 -4 -2 -3 -2 -3 -2 -3 -2 -3 -2 -2 -2 -2 -2 -2 -3 -2 -2 -1 -2 -1 -2 -1 -2 0 -3 -1 -3 -1 -4 -1 -4 0 -3 0 -4 0 -4 0 -4 0 0 0 -4 1 -5 0 -5 1 -5 1 -6 0 -6 0 -6 0 -6 1 -7 1 -6 1 -7 1 -7 1 -7 1 -8 1 -8 1 -8 1 -8 1 -9 1 -9 1 -9 1 -10 1 -10 0 -10 0 -10 0 -11 0 -11 1 0 0 0 0 0 0 0 0 0 0]"""
"""1770911352132807,CSI_DATA,STATION,00:00:00:00:00:00,0,0,0,0,0,0,0,0,0,0,0,0,0,0,0,0,0,0,0,0,0,128,[84 -64 4 0 0 0 0 0 0 0 0 0 4 0 4 0 4 1 4 0 3 0 3 0 3 0 3 -1 3 -1 3 -1 3 -1 3 -1 3 -1 3 -1 3 -1 3 -2 3 -2 3 -2 4 -2 4 -2 4 -2 4 -2 4 -3 4 -2 5 -2 4 -3 0 0 5 -3 5 -3 6 -3 6 -4 6 -3 6 -3 6 -3 7 -3 7 -4 7 -4 7 -4 7 -4 8 -3 8 -4 8 -4 9 -4 9 -4 9 -5 9 -4 10 -4 10 -4 10 -3 11 -3 11 -4 11 -4 11 -4 0 0 0 0 0 0 0 0 0 0]"""
"""1770911352137994,CSI_DATA,STATION,00:00:00:00:00:00,0,0,0,0,0,0,0,0,0,0,0,0,0,0,0,0,0,0,0,0,0,128,[84 -64 4 0 0 0 0 0 0 0 0 0 1 -5 1 -6 1 -5 0 -5 0 -5 0 -5 1 -6 0 -6 0 -6 0 -6 0 -6 0 -7 0 -6 0 -6 0 -7 0 -7 0 -7 0 -7 0 -8 0 -7 0 -8 0 -8 0 -8 0 -8 0 -8 0 -9 0 0 0 -9 0 -9 0 -10 0 -10 0 -10 0 -10 0 -10 0 -10 0 -11 0 -11 0 -12 0 -11 0 -12 0 -13 1 -13 1 -14 1 -13 1 -14 1 -14 0 -14 1 -15 1 -14 1 -14 0 -15 1 -16 1 -16 0 0 0 0 0 0 0 0 0 0]"""
"""1770911352143158,CSI_DATA,STATION,00:00:00:00:00:00,0,0,0,0,0,0,0,0,0,0,0,0,0,0,0,0,0,0,0,0,0,128,[84 -64 4 0 0 0 0 0 0 0 0 0 0 -5 0 -6 -1 -6 -1 -6 -1 -6 -1 -6 0 -6 -1 -6 0 -6 -1 -7 -1 -7 -1 -7 -1 -7 -1 -7 -1 -8 -1 -8 -1 -8 -1 -8 -1 -9 -1 -8 -1 -9 -1 -9 -1 -9 -1 -9 -1 -9 -1 -9 0 0 -1 -10 -1 -10 -1 -11 -1 -10 -1 -11 -1 -11 -1 -11 -1 -11 -1 -12 -1 -11 -1 -12 -2 -12 -1 -12 -1 -13 -1 -13 -1 -14 -1 -13 -1 -14 -1 -14 -1 -14 -1 -15 -1 -14 -1 -15 -1 -15 0 -16 -1 -16 0 0 0 0 0 0 0 0 0 0]"""
"""1770911352148312,CSI_DATA,STATION,00:00:00:00:00:00,0,0,0,0,0,0,0,0,0,0,0,0,0,0,0,0,0,0,0,0,0,128,[84 -64 4 0 0 0 0 0 0 0 0 0 5 1 5 2 5 2 6 2 6 2 6 1 6 2 6 1 5 2 6 2 6 3 6 2 6 3 6 2 6 3 7 3 7 4 7 3 7 4 7 4 7 4 7 5 8 4 7 5 8 5 8 4 0 0 8 5 8 5 9 5 9 5 8 6 9 5 9 5 9 5 9 6 9 5 10 5 9 6 9 6 10 6 10 6 11 7 11 7 12 6 11 7 11 6 11 7 10 8 11 8 12 8 12 8 12 8 0 0 0 0 0 0 0 0 0 0]"""
"""1770911352153949,CSI_DATA,STATION,00:00:00:00:00:00,0,0,0,0,0,0,0,0,0,0,0,0,0,0,0,0,0,0,0,0,0,128,[84 -64 4 0 0 0 0 0 0 0 0 0 5 -14 5 -13 5 -14 5 -14 6 -13 7 -14 6 -13 7 -14 7 -13 8 -14 8 -14 8 -14 8 -15 8 -14 9 -14 8 -15 10 -14 9 -14 10 -15 10 -15 10 -15 10 -15 10 -15 10 -15 10 -15 11 -16 0 0 10 -16 10 -16 11 -16 10 -15 11 -17 11 -17 11 -17 11 -17 11 -17 11 -18 11 -18 11 -18 12 -19 12 -20 12 -19 12 -20 12 -20 12 -21 13 -21 13 -21 13 -21 14 -21 14 -22 14 -23 14 -22 15 -23 0 0 0 0 0 0 0 0 0 0]"""
"""1770911352159329,CSI_DATA,STATION,00:00:00:00:00:00,0,0,0,0,0,0,0,0,0,0,0,0,0,0,0,0,0,0,0,0,0,128,[84 -64 4 0 0 0 0 0 0 0 0 0 12 -6 12 -5 12 -5 12 -5 13 -5 13 -5 13 -4 14 -4 13 -4 14 -4 14 -4 14 -4 14 -4 14 -4 14 -3 15 -4 15 -3 15 -3 15 -3 15 -3 16 -3 15 -3 16 -2 16 -3 16 -3 16 -3 0 0 16 -3 17 -3 17 -4 17 -3 17 -3 17 -4 18 -4 18 -4 18 -4 18 -4 18 -5 19 -5 19 -4 20 -5 20 -4 21 -5 21 -6 21 -5 22 -5 22 -5 22 -5 22 -4 23 -6 23 -6 24 -5 24 -6 0 0 0 0 0 0 0 0 0 0]"""
"""1770911352167444,CSI_DATA,STATION,00:00:00:00:00:00,0,0,0,0,0,0,0,0,0,0,0,0,0,0,0,0,0,0,0,0,0,128,[84 -64 4 0 0 0 0 0 0 0 0 0 12 -7 13 -7 12 -7 13 -7 13 -6 14 -6 13 -5 14 -5 14 -5 14 -5 14 -5 15 -5 15 -6 15 -5 15 -4 15 -5 16 -5 15 -5 16 -5 15 -5 16 -5 16 -5 15 -5 16 -6 16 -6 17 -6 0 0 16 -6 16 -6 17 -6 17 -6 18 -6 18 -7 18 -7 18 -7 18 -7 18 -8 19 -9 19 -8 19 -9 20 -9 20 -9 21 -10 20 -10 22 -10 22 -10 22 -10 23 -10 23 -10 22 -11 23 -11 24 -11 25 -11 0 0 0 0 0 0 0 0 0 0]"""
"""1770911352172579,CSI_DATA,STATION,00:00:00:00:00:00,0,0,0,0,0,0,0,0,0,0,0,0,0,0,0,0,0,0,0,0,0,128,[84 -64 4 0 0 0 0 0 0 0 0 0 11 -5 11 -5 11 -5 11 -4 11 -4 12 -4 12 -4 12 -4 12 -3 12 -4 12 -4 12 -4 13 -4 12 -4 13 -3 13 -4 14 -3 13 -3 13 -3 14 -3 14 -3 13 -3 13 -3 14 -4 14 -4 14 -4 0 0 14 -4 14 -4 15 -4 15 -5 15 -4 15 -5 15 -5 15 -5 15 -5 15 -6 16 -6 16 -6 17 -6 18 -6 17 -6 18 -6 18 -7 19 -7 20 -7 19 -7 20 -7 20 -7 20 -7 21 -8 21 -8 21 -8 0 0 0 0 0 0 0 0 0 0]"""
"""1770911352177533,CSI_DATA,STATION,00:00:00:00:00:00,0,0,0,0,0,0,0,0,0,0,0,0,0,0,0,0,0,0,0,0,0,128,[84 -64 4 0 0 0 0 0 0 0 0 0 10 -7 11 -7 11 -7 11 -6 11 -6 11 -5 12 -5 12 -5 12 -6 12 -5 12 -5 12 -5 12 -5 12 -5 13 -4 13 -5 13 -5 13 -5 13 -4 13 -5 13 -4 14 -4 13 -4 13 -5 14 -5 14 -5 0 0 14 -5 14 -5 14 -6 15 -5 15 -5 15 -6 15 -6 16 -6 15 -6 16 -7 16 -7 16 -7 16 -7 17 -7 17 -7 17 -7 18 -7 18 -8 19 -8 19 -7 19 -7 19 -7 20 -8 20 -8 20 -8 21 -8 0 0 0 0 0 0 0 0 0 0]"""
"""1770911352182673,CSI_DATA,STATION,00:00:00:00:00:00,0,0,0,0,0,0,0,0,0,0,0,0,0,0,0,0,0,0,0,0,0,128,[84 -64 4 0 0 0 0 0 0 0 0 0 14 5 14 5 14 5 14 5 14 6 14 6 13 6 13 7 14 7 13 7 13 7 13 7 13 7 13 7 13 8 13 7 13 8 13 8 13 8 13 8 13 8 13 8 13 8 14 8 14 8 14 8 0 0 14 7 14 7 15 7 14 8 15 8 15 7 15 7 16 7 16 7 16 7 17 7 17 7 18 7 18 7 18 7 19 8 19 7 20 7 20 7 20 7 21 8 20 8 21 8 22 8 22 8 22 8 0 0 0 0 0 0 0 0 0 0]"""
"""1770911352187966,CSI_DATA,STATION,00:00:00:00:00:00,0,0,0,0,0,0,0,0,0,0,0,0,0,0,0,0,0,0,0,0,0,128,[84 -64 4 0 0 0 0 0 0 0 0 0 -15 -2 -15 -2 -15 -2 -14 -3 -15 -3 -14 -4 -14 -4 -15 -4 -14 -4 -15 -5 -15 -5 -14 -5 -14 -5 -14 -5 -14 -6 -15 -5 -14 -5 -15 -6 -14 -6 -14 -6 -14 -5 -14 -5 -14 -6 -14 -6 -14 -5 -15 -5 0 0 -14 -5 -15 -5 -15 -5 -15 -5 -15 -5 -16 -4 -16 -4 -16 -4 -16 -4 -17 -4 -17 -4 -17 -4 -17 -4 -17 -4 -18 -4 -18 -4 -19 -4 -19 -4 -19 -4 -20 -4 -20 -4 -20 -4 -21 -4 -21 -4 -21 -5 -21 -4 0 0 0 0 0 0 0 0 0 0]"""
"""1770911352193061,CSI_DATA,STATION,00:00:00:00:00:00,0,0,0,0,0,0,0,0,0,0,0,0,0,0,0,0,0,0,0,0,0,128,[84 -64 4 0 0 0 0 0 0 0 0 0 6 17 6 17 6 17 5 18 4 18 4 19 4 18 3 18 3 18 2 18 2 18 2 18 2 18 2 18 2 18 2 18 0 18 1 18 1 18 1 18 1 18 1 18 1 18 2 18 1 18 2 18 0 0 2 18 2 19 2 18 2 19 2 19 3 19 3 19 3 19 3 19 3 20 4 20 4 20 4 21 5 21 5 21 5 22 5 22 5 22 5 23 6 23 5 23 5 24 6 24 6 25 5 25 6 26 0 0 0 0 0 0 0 0 0 0]"""
"""1770911352198897,CSI_DATA,STATION,00:00:00:00:00:00,0,0,0,0,0,0,0,0,0,0,0,0,0,0,0,0,0,0,0,0,0,128,[84 -64 4 0 0 0 0 0 0 0 0 0 -16 -6 -16 -6 -16 -6 -15 -7 -15 -7 -15 -8 -15 -8 -15 -8 -15 -8 -14 -9 -14 -9 -15 -9 -14 -9 -14 -9 -14 -10 -14 -9 -14 -10 -14 -10 -14 -10 -14 -10 -14 -10 -14 -9 -13 -10 -14 -10 -14 -9 -14 -9 0 0 -14 -9 -14 -9 -15 -9 -14 -9 -15 -9 -16 -9 -16 -9 -16 -9 -15 -9 -16 -9 -17 -9 -17 -9 -17 -9 -17 -9 -18 -9 -18 -9 -18 -9 -19 -10 -19 -10 -19 -10 -20 -10 -20 -10 -20 -10 -21 -10 -21 -10 -21 -11 0 0 0 0 0 0 0 0 0 0]"""
"""1770911352203659,CSI_DATA,STATION,00:00:00:00:00:00,0,0,0,0,0,0,0,0,0,0,0,0,0,0,0,0,0,0,0,0,0,128,[84 -64 4 0 0 0 0 0 0 0 0 0 -19 3 -19 3 -19 3 -20 2 -18 1 -20 1 -19 1 -20 1 -19 0 -19 0 -20 0 -19 0 -20 0 -20 -1 -20 -1 -19 -1 -20 -1 -19 -2 -20 -2 -19 -2 -19 -1 -19 -1 -19 -1 -19 -1 -19 -1 -20 0 0 0 -20 0 -20 0 -20 0 -19 0 -20 0 -21 1 -20 1 -20 1 -20 1 -20 2 -21 2 -21 2 -22 2 -23 3 -22 2 -24 3 -22 3 -24 3 -24 3 -24 3 -25 4 -25 3 -24 4 -25 4 -26 4 -27 4 0 0 0 0 0 0 0 0 0 0]"""
"""1770911352208797,CSI_DATA,STATION,00:00:00:00:00:00,0,0,0,0,0,0,0,0,0,0,0,0,0,0,0,0,0,0,0,0,0,128,[84 -64 4 0 0 0 0 0 0 0 0 0 -14 -10 -14 -11 -14 -10 -13 -11 -13 -11 -13 -12 -12 -12 -12 -13 -12 -13 -11 -12 -12 -12 -12 -12 -12 -13 -11 -13 -11 -14 -11 -13 -11 -13 -11 -13 -11 -14 -11 -13 -11 -13 -10 -13 -10 -13 -12 -13 -11 -12 -12 -13 0 0 -12 -13 -12 -12 -12 -13 -12 -12 -13 -13 -13 -13 -13 -12 -13 -13 -13 -12 -13 -12 -15 -12 -14 -12 -14 -12 -15 -13 -15 -12 -16 -13 -15 -12 -16 -14 -16 -14 -16 -13 -17 -14 -16 -13 -17 -13 -18 -14 -18 -13 -18 -14 0 0 0 0 0 0 0 0 0 0]"""
"""1770911352214022,CSI_DATA,STATION,00:00:00:00:00:00,0,0,0,0,0,0,0,0,0,0,0,0,0,0,0,0,0,0,0,0,0,128,[84 -64 4 0 0 0 0 0 0 0 0 0 -2 9 -2 9 -3 9 -3 9 -2 9 -3 9 -4 9 -4 9 -4 8 -4 8 -4 9 -4 9 -4 8 -4 8 -5 9 -5 8 -5 8 -5 8 -5 8 -5 8 -5 8 -5 8 -5 8 -5 9 -4 8 -5 9 0 0 -5 8 -4 8 -4 9 -4 9 -4 9 -4 9 -4 9 -4 9 -4 9 -4 9 -4 10 -3 10 -4 10 -4 10 -4 10 -4 11 -4 11 -4 11 -4 11 -4 11 -4 12 -4 11 -4 11 -3 12 -4 12 -4 12 0 0 0 0 0 0 0 0 0 0]"""
"""1770911352219521,CSI_DATA,STATION,00:00:00:00:00:00,0,0,0,0,0,0,0,0,0,0,0,0,0,0,0,0,0,0,0,0,0,128,[84 -64 4 0 0 0 0 0 0 0 0 0 1 -10 1 -11 1 -10 2 -10 2 -10 2 -10 3 -10 3 -10 3 -10 3 -10 3 -10 3 -10 3 -10 3 -9 3 -10 4 -10 4 -9 3 -10 3 -10 4 -9 4 -9 3 -9 4 -9 3 -10 3 -9 4 -10 0 0 4 -10 3 -10 3 -10 3 -10 3 -10 3 -10 3 -10 3 -10 3 -10 3 -10 2 -11 2 -11 2 -11 3 -11 3 -12 3 -12 2 -12 2 -13 3 -12 3 -13 3 -13 3 -13 2 -13 2 -13 2 -13 2 -13 0 0 0 0 0 0 0 0 0 0]"""
"""1770911352224700,CSI_DATA,STATION,00:00:00:00:00:00,0,0,0,0,0,0,0,0,0,0,0,0,0,0,0,0,0,0,0,0,0,128,[84 -64 4 0 0 0 0 0 0 0 0 0 9 -3 10 -3 9 -2 10 -1 10 -1 10 -1 10 -1 10 0 9 0 10 0 10 -1 10 -1 10 0 9 0 10 0 9 0 9 0 9 0 10 0 10 1 9 1 9 1 9 0 10 0 10 0 10 0 0 0 9 0 9 0 10 0 10 -1 10 0 10 0 10 0 10 -1 10 -1 10 -1 10 -2 10 -1 11 -1 11 -1 11 -2 11 -2 11 -2 12 -2 12 -2 11 -2 12 -2 11 -1 12 -2 12 -3 12 -3 12 -3 0 0 0 0 0 0 0 0 0 0]"""
"""1770911352229814,CSI_DATA,STATION,00:00:00:00:00:00,0,0,0,0,0,0,0,0,0,0,0,0,0,0,0,0,0,0,0,0,0,128,[84 -64 4 0 0 0 0 0 0 0 0 0 -10 3 -11 3 -11 2 -11 2 -11 2 -11 2 -11 1 -11 1 -11 1 -11 0 -12 1 -11 1 -11 0 -11 0 -12 0 -11 0 -11 0 -11 0 -12 0 -11 -1 -11 -1 -11 -1 -11 0 -11 0 -11 0 -11 0 0 0 -11 0 -11 1 -11 0 -11 1 -12 0 -12 0 -11 0 -12 1 -12 1 -11 1 -12 2 -12 1 -12 2 -12 2 -12 2 -13 3 -12 2 -13 3 -13 2 -13 2 -14 2 -13 2 -13 2 -13 3 -14 3 -14 3 0 0 0 0 0 0 0 0 0 0]"""
"""1770911352235281,CSI_DATA,STATION,00:00:00:00:00:00,0,0,0,0,0,0,0,0,0,0,0,0,0,0,0,0,0,0,0,0,0,128,[84 -64 4 0 0 0 0 0 0 0 0 0 8 5 8 5 8 5 8 6 7 6 7 6 7 6 7 6 7 7 6 7 7 7 6 7 7 7 7 7 6 7 6 7 6 7 6 7 6 7 6 8 6 8 6 7 6 7 6 7 6 7 6 7 0 0 6 7 6 7 6 7 6 7 7 7 7 7 7 7 7 7 7 7 7 7 7 7 7 7 7 8 8 8 7 7 8 7 8 7 9 7 8 7 8 7 8 7 8 8 8 8 9 8 9 8 9 8 0 0 0 0 0 0 0 0 0 0]"""
"""1770911352240108,CSI_DATA,STATION,00:00:00:00:00:00,0,0,0,0,0,0,0,0,0,0,0,0,0,0,0,0,0,0,0,0,0,128,[84 -64 4 0 0 0 0 0 0 0 0 0 8 -6 8 -6 8 -5 9 -5 9 -5 9 -5 9 -4 9 -4 9 -4 9 -4 10 -4 9 -4 9 -4 9 -4 10 -3 9 -4 9 -3 9 -3 9 -3 10 -3 9 -3 10 -3 10 -3 9 -3 10 -3 9 -4 0 0 9 -4 9 -4 9 -4 10 -4 10 -4 10 -4 10 -4 10 -4 10 -4 10 -5 9 -5 9 -5 10 -5 10 -5 10 -5 10 -6 10 -6 11 -6 11 -6 10 -6 11 -6 10 -5 11 -6 11 -6 11 -7 11 -7 0 0 0 0 0 0 0 0 0 0]"""
"""1770911352245729,CSI_DATA,STATION,00:00:00:00:00:00,0,0,0,0,0,0,0,0,0,0,0,0,0,0,0,0,0,0,0,0,0,128,[84 -64 4 0 0 0 0 0 0 0 0 0 -10 -5 -9 -5 -10 -6 -9 -6 -9 -6 -9 -6 -9 -6 -9 -7 -9 -7 -9 -7 -9 -7 -9 -7 -9 -8 -8 -7 -8 -7 -9 -7 -8 -7 -8 -7 -8 -8 -8 -8 -8 -8 -8 -8 -8 -7 -8 -8 -8 -7 -8 -7 0 0 -8 -7 -9 -7 -8 -6 -9 -6 -9 -7 -9 -7 -9 -7 -9 -7 -9 -6 -10 -6 -10 -6 -10 -6 -10 -6 -10 -7 -11 -6 -11 -6 -11 -7 -11 -6 -11 -6 -12 -6 -12 -6 -11 -7 -12 -7 -12 -7 -12 -7 -12 -6 0 0 0 0 0 0 0 0 0 0]"""
"""1770911352250900,CSI_DATA,STATION,00:00:00:00:00:00,0,0,0,0,0,0,0,0,0,0,0,0,0,0,0,0,0,0,0,0,0,128,[84 -64 4 0 0 0 0 0 0 0 0 0 4 -9 4 -10 4 -9 4 -9 4 -9 5 -9 5 -9 5 -9 6 -8 6 -8 6 -9 6 -8 6 -8 6 -8 6 -8 6 -8 6 -8 5 -8 6 -8 6 -7 6 -7 6 -8 6 -7 6 -8 6 -8 6 -8 0 0 6 -8 5 -8 6 -8 5 -8 6 -9 6 -8 5 -9 5 -9 6 -9 5 -9 5 -10 5 -9 5 -9 6 -10 6 -10 6 -10 5 -10 6 -11 6 -11 5 -11 6 -11 6 -10 5 -11 5 -11 6 -12 6 -12 0 0 0 0 0 0 0 0 0 0]"""
"""1770911352255992,CSI_DATA,STATION,00:00:00:00:00:00,0,0,0,0,0,0,0,0,0,0,0,0,0,0,0,0,0,0,0,0,0,128,[84 -64 4 0 0 0 0 0 0 0 0 0 -3 -11 -2 -11 -2 -11 -2 -11 -2 -11 -1 -12 -1 -11 -1 -11 0 -11 -1 -11 0 -11 0 -11 0 -11 0 -11 0 -11 1 -11 1 -11 1 -10 0 -11 1 -10 1 -10 1 -11 1 -11 0 -11 1 -11 0 -11 0 0 0 -11 0 -11 0 -11 0 -11 0 -11 0 -11 0 -11 -1 -11 0 -12 0 -11 -1 -12 -1 -12 -1 -12 -1 -12 -1 -12 -1 -13 -1 -13 -1 -13 -1 -13 -1 -13 -1 -13 -1 -13 -1 -14 -2 -14 -1 -14 -1 -14 0 0 0 0 0 0 0 0 0 0]"""
"""1770911352260912,CSI_DATA,STATION,00:00:00:00:00:00,0,0,0,0,0,0,0,0,0,0,0,0,0,0,0,0,0,0,0,0,0,128,[84 -64 4 0 0 0 0 0 0 0 0 0 -11 -2 -11 -2 -11 -3 -12 -3 -11 -4 -11 -4 -11 -4 -11 -3 -10 -4 -11 -5 -11 -5 -10 -4 -11 -5 -10 -5 -10 -6 -10 -4 -10 -5 -10 -5 -11 -5 -10 -5 -9 -5 -10 -5 -10 -5 -10 -6 -10 -5 -10 -5 0 0 -10 -5 -10 -4 -11 -5 -10 -4 -11 -5 -11 -5 -11 -5 -11 -4 -11 -4 -11 -4 -12 -4 -12 -4 -12 -4 -12 -4 -12 -4 -13 -3 -13 -4 -13 -4 -13 -4 -13 -3 -14 -4 -13 -4 -13 -4 -14 -4 -14 -4 -14 -4 0 0 0 0 0 0 0 0 0 0]"""
"""1770911352265933,CSI_DATA,STATION,00:00:00:00:00:00,0,0,0,0,0,0,0,0,0,0,0,0,0,0,0,0,0,0,0,0,0,128,[84 -64 4 0 0 0 0 0 0 0 0 0 10 3 9 4 10 4 9 4 10 4 9 4 9 5 9 5 8 5 8 5 9 4 8 4 9 5 8 5 8 5 8 5 8 5 8 5 8 5 8 6 8 6 8 6 8 5 8 5 9 5 8 4 0 0 9 4 9 5 9 5 9 4 9 4 9 5 9 5 9 4 10 4 9 3 10 3 10 4 10 4 11 4 10 4 11 3 12 4 11 3 12 4 11 3 12 4 12 4 12 4 12 3 12 4 13 3 0 0 0 0 0 0 0 0 0 0]"""
"""1770911352271435,CSI_DATA,STATION,00:00:00:00:00:00,0,0,0,0,0,0,0,0,0,0,0,0,0,0,0,0,0,0,0,0,0,128,[84 -64 4 0 0 0 0 0 0 0 0 0 -7 -6 -7 -7 -7 -7 -7 -7 -6 -7 -6 -8 -6 -7 -6 -8 -6 -8 -6 -8 -6 -8 -5 -8 -5 -8 -5 -8 -5 -8 -5 -8 -5 -8 -4 -7 -5 -8 -5 -8 -5 -8 -5 -8 -5 -7 -5 -8 -5 -8 -5 -8 0 0 -5 -8 -5 -8 -6 -8 -5 -8 -6 -8 -6 -8 -6 -8 -6 -8 -6 -8 -6 -8 -7 -8 -7 -8 -7 -8 -7 -9 -7 -8 -7 -9 -7 -9 -7 -9 -7 -9 -7 -9 -7 -9 -8 -9 -7 -10 -8 -9 -8 -9 -8 -10 0 0 0 0 0 0 0 0 0 0]"""
"""1770911352274233,CSI_DATA,STATION,00:00:00:00:00:00,0,0,0,0,0,0,0,0,0,0,0,0,0,0,0,0,0,0,0,0,0,128,[84 -64 4 0 0 0 0 0 0 0 0 0 -1 -12 -1 -12 0 -11 0 -11 0 -11 0 -11 1 -11 1 -11 2 -11 1 -11 2 -11 2 -10 2 -11 2 -10 2 -11 1 -11 2 -10 2 -10 2 -11 2 -10 2 -10 2 -11 2 -10 2 -10 2 -10 2 -11 0 0 2 -11 1 -10 1 -10 1 -11 1 -11 1 -11 1 -11 1 -11 1 -11 1 -12 1 -12 1 -11 0 -12 0 -12 1 -13 0 -13 0 -13 0 -13 1 -13 0 -13 1 -13 0 -13 1 -14 0 -14 1 -14 1 -14 0 0 0 0 0 0 0 0 0 0]"""
"""1770911352279575,CSI_DATA,STATION,00:00:00:00:00:00,0,0,0,0,0,0,0,0,0,0,0,0,0,0,0,0,0,0,0,0,0,128,[84 -64 4 0 0 0 0 0 0 0 0 0 2 10 2 11 1 11 1 11 1 10 1 10 0 11 0 11 0 10 0 11 0 10 0 10 0 10 0 10 0 10 -1 10 -1 10 -1 10 -1 10 -1 10 -1 10 -1 10 -1 10 0 10 0 10 0 10 0 0 0 10 1 10 0 10 0 10 0 11 1 11 0 11 1 11 0 10 0 10 1 11 1 11 1 11 2 11 1 12 1 12 2 12 2 12 2 12 2 12 2 13 2 12 2 13 3 13 2 13 2 14 0 0 0 0 0 0 0 0 0 0]"""
"""1770911352284676,CSI_DATA,STATION,00:00:00:00:00:00,0,0,0,0,0,0,0,0,0,0,0,0,0,0,0,0,0,0,0,0,0,128,[84 -64 4 0 0 0 0 0 0 0 0 0 -5 -9 -5 -9 -5 -9 -5 -10 -5 -10 -4 -10 -4 -10 -3 -10 -3 -10 -4 -10 -3 -10 -4 -10 -3 -9 -4 -9 -3 -10 -3 -10 -3 -9 -3 -10 -3 -10 -3 -10 -3 -10 -3 -10 -3 -10 -3 -10 -4 -10 -4 -10 0 0 -4 -9 -4 -10 -4 -10 -4 -10 -4 -10 -4 -10 -4 -10 -5 -10 -4 -10 -5 -9 -5 -10 -5 -10 -5 -10 -5 -11 -5 -11 -5 -11 -6 -11 -6 -11 -6 -11 -6 -11 -6 -11 -6 -11 -7 -12 -7 -12 -7 -12 -7 -12 0 0 0 0 0 0 0 0 0 0]"""
"""1770911352290203,CSI_DATA,STATION,00:00:00:00:00:00,0,0,0,0,0,0,0,0,0,0,0,0,0,0,0,0,0,0,0,0,0,128,[84 -64 4 0 0 0 0 0 0 0 0 0 3 -11 3 -11 3 -10 4 -10 4 -11 4 -11 5 -10 4 -10 5 -10 5 -10 5 -10 5 -10 5 -10 5 -9 5 -9 5 -9 5 -9 5 -10 5 -10 5 -9 5 -9 5 -9 5 -10 5 -10 5 -10 5 -10 0 0 5 -10 5 -10 5 -10 5 -10 5 -10 4 -10 4 -10 4 -11 4 -11 4 -11 5 -12 4 -11 4 -11 4 -11 4 -12 4 -12 4 -12 4 -12 4 -13 4 -13 5 -13 4 -12 4 -13 4 -13 4 -13 4 -13 0 0 0 0 0 0 0 0 0 0]"""
"""1770911352295236,CSI_DATA,STATION,00:00:00:00:00:00,0,0,0,0,0,0,0,0,0,0,0,0,0,0,0,0,0,0,0,0,0,128,[84 -64 4 0 0 0 0 0 0 0 0 0 -11 -2 -11 -2 -11 -3 -11 -3 -11 -3 -11 -3 -11 -4 -11 -3 -11 -4 -11 -4 -11 -4 -10 -4 -12 -4 -11 -4 -11 -5 -10 -4 -11 -4 -11 -4 -11 -5 -10 -5 -11 -4 -11 -5 -10 -4 -11 -5 -11 -5 -11 -4 0 0 -11 -4 -11 -4 -11 -4 -11 -4 -12 -4 -11 -4 -12 -4 -12 -4 -12 -4 -12 -3 -12 -3 -12 -3 -13 -3 -13 -3 -12 -3 -13 -3 -13 -3 -14 -3 -14 -3 -14 -2 -14 -3 -14 -3 -14 -3 -15 -3 -14 -3 -15 -3 0 0 0 0 0 0 0 0 0 0]"""
"""1770911352300724,CSI_DATA,STATION,00:00:00:00:00:00,0,0,0,0,0,0,0,0,0,0,0,0,0,0,0,0,0,0,0,0,0,128,[84 -64 4 0 0 0 0 0 0 0 0 0 -7 -8 -7 -8 -7 -8 -7 -9 -6 -9 -6 -9 -6 -9 -6 -9 -5 -9 -6 -10 -6 -9 -5 -9 -5 -10 -5 -10 -5 -10 -5 -9 -5 -9 -5 -9 -5 -10 -4 -10 -5 -10 -5 -10 -5 -9 -5 -10 -5 -10 -5 -10 0 0 -5 -10 -5 -9 -6 -10 -5 -9 -6 -10 -6 -10 -6 -10 -6 -10 -6 -10 -7 -9 -7 -10 -7 -10 -7 -10 -7 -10 -7 -10 -8 -10 -8 -11 -8 -11 -8 -11 -8 -10 -8 -11 -8 -11 -8 -11 -9 -11 -9 -11 -9 -11 0 0 0 0 0 0 0 0 0 0]"""
"""1770911352306246,CSI_DATA,STATION,00:00:00:00:00:00,0,0,0,0,0,0,0,0,0,0,0,0,0,0,0,0,0,0,0,0,0,128,[84 -64 4 0 0 0 0 0 0 0 0 0 -2 9 -3 10 -2 9 -3 10 -3 10 -3 10 -4 10 -4 10 -4 9 -4 9 -4 10 -4 9 -4 9 -4 9 -5 10 -4 9 -5 9 -5 9 -4 10 -4 10 -5 9 -5 10 -5 9 -5 10 -5 10 -5 10 0 0 -5 10 -4 10 -4 10 -4 10 -4 11 -4 11 -4 10 -4 11 -4 10 -4 10 -4 11 -3 11 -3 11 -3 11 -4 11 -3 12 -3 12 -3 12 -3 12 -3 12 -3 12 -3 12 -3 13 -3 13 -3 13 -3 13 0 0 0 0 0 0 0 0 0 0]"""
"""1770911352311326,CSI_DATA,STATION,00:00:00:00:00:00,0,0,0,0,0,0,0,0,0,0,0,0,0,0,0,0,0,0,0,0,0,128,[84 -64 4 0 0 0 0 0 0 0 0 0 -9 4 -9 4 -9 3 -10 3 -9 2 -10 3 -10 3 -10 2 -10 2 -10 2 -10 2 -10 2 -10 2 -10 2 -10 1 -10 2 -11 1 -10 1 -10 1 -10 1 -10 1 -10 1 -10 1 -10 1 -10 1 -11 2 0 0 -11 2 -10 2 -11 2 -10 2 -11 2 -11 2 -10 2 -10 2 -10 3 -10 3 -11 3 -11 3 -11 3 -11 4 -11 3 -12 4 -11 4 -11 4 -12 4 -11 4 -12 5 -11 4 -11 4 -12 5 -12 5 -12 5 0 0 0 0 0 0 0 0 0 0]"""
"""1770911352316360,CSI_DATA,STATION,00:00:00:00:00:00,0,0,0,0,0,0,0,0,0,0,0,0,0,0,0,0,0,0,0,0,0,128,[84 -64 4 0 0 0 0 0 0 0 0 0 6 6 6 6 6 7 6 7 6 7 6 7 5 7 5 8 5 7 5 8 5 8 5 8 5 8 5 8 4 9 4 8 4 8 4 8 4 8 4 9 4 9 4 9 4 8 5 9 4 9 4 8 0 0 4 8 4 8 5 8 4 8 5 9 5 9 4 9 5 9 5 8 5 8 6 8 6 8 6 9 6 9 6 9 6 9 7 9 6 9 7 9 6 9 7 9 6 10 7 9 8 9 7 9 7 9 0 0 0 0 0 0 0 0 0 0]"""
"""1770911352321749,CSI_DATA,STATION,00:00:00:00:00:00,0,0,0,0,0,0,0,0,0,0,0,0,0,0,0,0,0,0,0,0,0,128,[84 -64 4 0 0 0 0 0 0 0 0 0 -6 -8 -6 -8 -5 -8 -5 -9 -5 -9 -5 -9 -5 -9 -4 -9 -4 -9 -4 -9 -4 -10 -4 -9 -4 -10 -4 -10 -4 -11 -4 -10 -4 -10 -3 -9 -4 -10 -3 -10 -3 -10 -3 -10 -3 -9 -4 -10 -4 -10 -4 -10 0 0 -4 -10 -4 -10 -4 -10 -4 -10 -4 -10 -4 -10 -4 -10 -5 -10 -4 -10 -5 -9 -5 -10 -5 -10 -6 -10 -6 -11 -5 -10 -6 -11 -6 -10 -6 -11 -6 -11 -6 -11 -6 -11 -6 -11 -6 -11 -7 -11 -7 -11 -7 -12 0 0 0 0 0 0 0 0 0 0]"""
"""1770911352326931,CSI_DATA,STATION,00:00:00:00:00:00,0,0,0,0,0,0,0,0,0,0,0,0,0,0,0,0,0,0,0,0,0,128,[84 -64 4 0 0 0 0 0 0 0 0 0 -7 9 -8 9 -8 8 -8 9 -8 8 -9 9 -9 8 -9 8 -9 8 -9 7 -10 7 -10 7 -10 7 -10 7 -10 7 -10 7 -10 7 -10 6 -11 6 -11 6 -11 6 -10 6 -11 6 -11 6 -11 6 -11 7 0 0 -11 7 -10 6 -11 7 -11 7 -11 7 -11 7 -11 7 -11 7 -11 7 -11 8 -11 8 -10 7 -11 8 -11 8 -11 8 -11 9 -11 9 -11 10 -11 9 -11 9 -11 9 -11 9 -11 9 -11 10 -12 10 -12 10 0 0 0 0 0 0 0 0 0 0]"""
"""1770911352335200,CSI_DATA,STATION,00:00:00:00:00:00,0,0,0,0,0,0,0,0,0,0,0,0,0,0,0,0,0,0,0,0,0,128,[84 -64 4 0 0 0 0 0 0 0 0 0 -10 -3 -10 -4 -10 -4 -10 -5 -10 -5 -10 -5 -9 -5 -9 -5 -9 -6 -9 -6 -9 -6 -9 -6 -10 -7 -9 -7 -9 -7 -9 -6 -9 -6 -9 -7 -9 -7 -9 -8 -8 -8 -9 -7 -8 -7 -10 -7 -9 -7 -9 -7 0 0 -9 -7 -9 -7 -9 -7 -9 -7 -10 -7 -9 -7 -9 -7 -10 -7 -10 -7 -10 -7 -10 -7 -10 -6 -10 -7 -11 -7 -11 -7 -11 -7 -11 -7 -11 -7 -11 -7 -11 -7 -11 -7 -12 -8 -12 -7 -12 -7 -12 -7 -12 -7 0 0 0 0 0 0 0 0 0 0]"""
"""1770911352340732,CSI_DATA,STATION,00:00:00:00:00:00,0,0,0,0,0,0,0,0,0,0,0,0,0,0,0,0,0,0,0,0,0,128,[14 -32 0 0 0 0 0 0 0 0 0 0 8 -4 9 -3 9 -3 10 -3 9 -3 10 -3 10 -2 10 -2 9 -2 9 -1 10 -2 10 -2 10 -1 10 -1 10 0 10 -1 10 0 9 0 10 0 10 0 10 0 10 0 10 0 10 0 11 0 11 -1 0 0 10 0 10 -1 11 0 10 -1 11 0 11 -1 11 0 10 -1 11 -1 10 -2 11 -2 10 -1 11 -2 11 -2 11 -1 12 -2 11 -2 12 -3 12 -2 11 -3 12 -2 12 -1 12 -2 13 -3 12 -3 13 -3 0 0 0 0 0 0 0 0 0 0]"""
"""1770911352345967,CSI_DATA,STATION,00:00:00:00:00:00,0,0,0,0,0,0,0,0,0,0,0,0,0,0,0,0,0,0,0,0,0,128,[84 -64 4 0 0 0 0 0 0 0 0 0 -10 3 -10 3 -10 2 -11 2 -11 2 -11 2 -11 1 -11 2 -11 1 -11 1 -12 1 -11 1 -11 0 -11 0 -12 0 -11 1 -11 0 -11 0 -11 0 -11 -1 -12 0 -12 -1 -11 0 -12 0 -11 0 -12 0 0 0 -12 0 -12 0 -12 0 -12 1 -12 0 -12 1 -12 0 -12 0 -12 1 -12 1 -13 2 -12 1 -12 1 -13 1 -13 1 -13 2 -13 2 -13 2 -14 2 -13 2 -14 2 -14 2 -14 2 -14 3 -14 3 -14 3 0 0 0 0 0 0 0 0 0 0]"""
"""1770911352350591,CSI_DATA,STATION,00:00:00:00:00:00,0,0,0,0,0,0,0,0,0,0,0,0,0,0,0,0,0,0,0,0,0,128,[84 -64 4 0 0 0 0 0 0 0 0 0 10 -2 10 -2 10 -1 11 0 10 -1 11 -1 11 0 10 0 10 0 10 1 11 0 11 0 11 1 11 1 11 1 10 1 11 1 11 1 11 2 11 2 11 2 11 2 11 1 11 2 11 2 11 1 0 0 11 1 11 1 11 1 11 1 11 1 11 1 11 1 11 1 11 1 11 0 12 0 12 1 12 0 13 0 12 0 13 0 12 0 13 -1 13 0 13 -1 13 -1 13 0 14 -1 14 -1 14 -1 14 -1 0 0 0 0 0 0 0 0 0 0]"""
"""1770911352355257,CSI_DATA,STATION,00:00:00:00:00:00,0,0,0,0,0,0,0,0,0,0,0,0,0,0,0,0,0,0,0,0,0,128,[84 -64 4 0 0 0 0 0 0 0 0 0 5 7 4 8 5 8 4 8 4 8 4 9 4 9 3 9 3 9 4 9 3 9 3 9 3 9 3 9 3 10 3 9 2 9 2 9 3 9 3 10 2 9 3 9 2 9 2 9 3 10 3 10 0 0 3 10 3 9 3 10 3 10 4 10 4 10 4 10 4 9 4 9 4 9 4 10 5 10 4 10 5 10 5 10 5 10 5 10 5 10 5 10 5 10 6 10 6 11 6 11 7 11 6 11 6 11 0 0 0 0 0 0 0 0 0 0]"""
"""1770911352362614,CSI_DATA,STATION,00:00:00:00:00:00,0,0,0,0,0,0,0,0,0,0,0,0,0,0,0,0,0,0,0,0,0,128,[84 -64 4 0 0 0 0 0 0 0 0 0 5 6 5 6 6 6 5 7 5 7 5 7 5 7 4 7 4 7 4 8 4 8 4 8 4 8 4 8 4 8 4 8 4 8 3 8 4 8 4 8 3 8 3 8 3 8 4 8 3 8 3 8 0 0 4 8 4 8 4 8 4 8 4 8 4 9 4 9 4 8 5 8 4 8 5 8 5 9 5 9 5 8 5 9 5 8 6 9 6 9 6 9 6 9 6 9 6 9 6 9 7 9 6 10 6 9 0 0 0 0 0 0 0 0 0 0]"""
"""1770911352368226,CSI_DATA,STATION,00:00:00:00:00:00,0,0,0,0,0,0,0,0,0,0,0,0,0,0,0,0,0,0,0,0,0,128,[84 -64 4 0 0 0 0 0 0 0 0 0 1 -10 2 -10 1 -10 2 -10 2 -10 3 -11 3 -10 3 -10 3 -10 3 -10 3 -10 3 -10 4 -10 4 -10 4 -10 4 -10 4 -10 4 -10 4 -10 4 -10 4 -10 4 -10 4 -10 4 -10 4 -10 4 -10 0 0 4 -10 4 -10 4 -10 4 -10 4 -10 3 -11 3 -11 4 -11 3 -11 3 -11 3 -11 3 -11 3 -11 3 -12 3 -12 3 -12 3 -12 3 -13 3 -13 3 -13 3 -13 3 -13 3 -13 3 -13 3 -14 3 -14 0 0 0 0 0 0 0 0 0 0]"""
"""1770911352373455,CSI_DATA,STATION,00:00:00:00:00:00,0,0,0,0,0,0,0,0,0,0,0,0,0,0,0,0,0,0,0,0,0,128,[84 -64 4 0 0 0 0 0 0 0 0 0 -8 -4 -9 -4 -8 -5 -8 -6 -8 -5 -8 -5 -8 -6 -8 -6 -7 -6 -8 -7 -8 -6 -8 -6 -8 -7 -8 -7 -8 -7 -8 -6 -7 -7 -8 -7 -8 -7 -7 -8 -7 -7 -7 -7 -7 -7 -8 -8 -7 -7 -8 -7 0 0 -7 -7 -8 -7 -8 -7 -8 -7 -8 -7 -8 -7 -8 -7 -8 -7 -8 -7 -8 -7 -9 -7 -9 -7 -9 -7 -9 -7 -9 -7 -9 -7 -9 -8 -10 -7 -9 -7 -10 -7 -10 -8 -10 -8 -10 -8 -10 -8 -10 -7 -10 -7 0 0 0 0 0 0 0 0 0 0]"""
"""1770911352376001,CSI_DATA,STATION,00:00:00:00:00:00,0,0,0,0,0,0,0,0,0,0,0,0,0,0,0,0,0,0,0,0,0,128,[84 -64 4 0 0 0 0 0 0 0 0 0 -10 1 -10 1 -11 0 -11 0 -11 0 -11 0 -11 -1 -11 -1 -11 -1 -11 -2 -11 -1 -11 -1 -11 -2 -11 -2 -11 -2 -11 -2 -11 -2 -11 -2 -11 -2 -11 -3 -11 -3 -11 -3 -11 -3 -11 -2 -11 -2 -11 -2 0 0 -11 -2 -11 -2 -11 -2 -11 -2 -11 -2 -11 -2 -11 -2 -12 -2 -12 -1 -12 -1 -12 -1 -12 -1 -12 -1 -12 -1 -13 -1 -13 -1 -13 -1 -13 0 -13 0 -13 0 -13 0 -14 -1 -14 0 -14 0 -14 0 -14 0 0 0 0 0 0 0 0 0 0 0]"""
"""1770911352381321,CSI_DATA,STATION,00:00:00:00:00:00,0,0,0,0,0,0,0,0,0,0,0,0,0,0,0,0,0,0,0,0,0,128,[84 -64 4 0 0 0 0 0 0 0 0 0 -3 -9 -3 -9 -3 -9 -3 -10 -2 -10 -2 -9 -2 -10 -2 -10 -2 -10 -2 -10 -1 -10 -1 -10 -1 -10 -1 -10 -1 -10 -1 -10 -1 -9 -1 -9 -1 -10 -1 -10 -1 -10 -1 -10 -1 -10 -1 -10 -1 -10 -1 -10 0 0 -1 -10 -1 -10 -1 -10 -2 -10 -2 -10 -2 -11 -2 -11 -2 -10 -2 -10 -3 -10 -2 -11 -3 -10 -2 -11 -3 -11 -3 -11 -3 -11 -3 -11 -3 -11 -3 -11 -3 -12 -4 -12 -3 -12 -4 -12 -4 -12 -4 -12 -4 -12 0 0 0 0 0 0 0 0 0 0]"""
"""1770911352386427,CSI_DATA,STATION,00:00:00:00:00:00,0,0,0,0,0,0,0,0,0,0,0,0,0,0,0,0,0,0,0,0,0,128,[84 -64 4 0 0 0 0 0 0 0 0 0 0 -10 0 -11 0 -11 0 -11 0 -11 1 -11 1 -11 2 -10 2 -10 2 -10 2 -11 3 -10 2 -11 2 -10 3 -10 3 -10 3 -10 3 -10 3 -11 3 -10 3 -10 3 -10 3 -10 3 -11 3 -10 3 -10 0 0 3 -10 2 -10 2 -11 2 -11 2 -11 2 -11 2 -11 2 -11 3 -11 2 -11 2 -12 2 -11 2 -11 2 -12 2 -12 2 -13 1 -13 2 -13 2 -13 2 -13 2 -13 1 -13 1 -14 1 -14 1 -14 1 -14 0 0 0 0 0 0 0 0 0 0]"""
"""1770911352391896,CSI_DATA,STATION,00:00:00:00:00:00,0,0,0,0,0,0,0,0,0,0,0,0,0,0,0,0,0,0,0,0,0,128,[84 -64 4 0 0 0 0 0 0 0 0 0 -2 10 -2 10 -2 11 -3 11 -3 11 -4 11 -4 11 -4 11 -4 10 -4 11 -5 11 -5 10 -5 11 -5 10 -5 10 -5 10 -5 10 -5 10 -5 10 -6 10 -6 10 -5 10 -6 10 -6 11 -5 10 -6 10 0 0 -6 10 -4 10 -4 11 -5 11 -5 11 -5 11 -5 11 -5 11 -5 11 -5 11 -5 12 -4 11 -4 12 -4 12 -4 12 -4 13 -3 12 -4 12 -4 13 -4 13 -4 13 -4 13 -4 13 -3 14 -4 14 -4 14 0 0 0 0 0 0 0 0 0 0]"""
"""1770911352396984,CSI_DATA,STATION,00:00:00:00:00:00,0,0,0,0,0,0,0,0,0,0,0,0,0,0,0,0,0,0,0,0,0,128,[84 -64 4 0 0 0 0 0 0 0 0 0 -6 -8 -6 -8 -6 -9 -6 -9 -6 -9 -6 -9 -5 -9 -5 -9 -5 -10 -5 -10 -4 -10 -4 -10 -4 -10 -5 -11 -4 -11 -4 -10 -4 -10 -4 -10 -4 -10 -4 -10 -4 -10 -4 -10 -4 -10 -4 -11 -4 -10 -4 -10 0 0 -4 -10 -4 -10 -5 -11 -4 -10 -5 -11 -5 -11 -5 -10 -5 -10 -5 -10 -5 -10 -6 -10 -6 -10 -6 -11 -6 -11 -5 -11 -6 -11 -7 -11 -7 -11 -7 -11 -7 -11 -7 -11 -7 -11 -7 -11 -8 -12 -7 -12 -7 -11 0 0 0 0 0 0 0 0 0 0]"""
"""1770911352402215,CSI_DATA,STATION,00:00:00:00:00:00,0,0,0,0,0,0,0,0,0,0,0,0,0,0,0,0,0,0,0,0,0,128,[84 -64 4 0 0 0 0 0 0 0 0 0 -8 -5 -9 -5 -9 -6 -9 -6 -9 -7 -8 -7 -8 -7 -8 -7 -8 -7 -8 -8 -8 -7 -8 -7 -8 -7 -8 -8 -8 -8 -7 -8 -7 -8 -7 -8 -7 -8 -7 -9 -7 -8 -7 -9 -7 -8 -7 -8 -8 -8 -7 -8 0 0 -7 -8 -7 -8 -8 -8 -8 -8 -8 -8 -8 -9 -8 -8 -8 -8 -8 -8 -8 -8 -9 -8 -9 -8 -9 -8 -9 -8 -9 -8 -9 -8 -10 -9 -10 -8 -9 -8 -10 -8 -10 -8 -10 -8 -10 -8 -11 -8 -10 -8 -10 -8 0 0 0 0 0 0 0 0 0 0]"""
"""1770911352407410,CSI_DATA,STATION,00:00:00:00:00:00,0,0,0,0,0,0,0,0,0,0,0,0,0,0,0,0,0,0,0,0,0,128,[84 -64 4 0 0 0 0 0 0 0 0 0 9 -4 9 -4 9 -3 9 -3 9 -3 9 -3 10 -2 10 -2 10 -2 10 -2 10 -2 10 -2 10 -1 10 -1 10 -1 10 -2 10 -1 9 -1 10 -1 10 0 10 0 10 -1 10 -1 10 -1 10 -1 10 -1 0 0 10 -1 10 -2 10 -1 10 -2 10 -1 10 -1 10 -1 10 -2 10 -2 10 -2 10 -3 10 -2 10 -2 10 -2 11 -3 11 -3 11 -3 11 -4 11 -3 11 -3 11 -3 11 -3 12 -3 11 -4 12 -4 12 -4 0 0 0 0 0 0 0 0 0 0]"""
"""1770911352412527,CSI_DATA,STATION,00:00:00:00:00:00,0,0,0,0,0,0,0,0,0,0,0,0,0,0,0,0,0,0,0,0,0,128,[84 -64 4 0 0 0 0 0 0 0 0 0 -10 -1 -10 -1 -10 -1 -11 -2 -10 -2 -11 -2 -11 -2 -10 -2 -10 -3 -10 -3 -11 -3 -10 -3 -10 -3 -10 -4 -10 -4 -11 -3 -10 -3 -10 -3 -10 -4 -10 -4 -10 -4 -10 -4 -10 -4 -10 -4 -10 -4 -11 -3 0 0 -10 -3 -10 -3 -11 -3 -10 -3 -11 -4 -11 -3 -10 -3 -11 -3 -11 -3 -11 -3 -11 -2 -11 -3 -11 -2 -12 -2 -12 -2 -12 -2 -12 -2 -12 -2 -12 -2 -12 -2 -13 -2 -12 -2 -12 -2 -13 -1 -13 -1 -13 -1 0 0 0 0 0 0 0 0 0 0]"""
"""1770911352418163,CSI_DATA,STATION,00:00:00:00:00:00,0,0,0,0,0,0,0,0,0,0,0,0,0,0,0,0,0,0,0,0,0,128,[84 -64 4 0 0 0 0 0 0 0 0 0 -8 -6 -8 -6 -9 -7 -9 -7 -8 -7 -8 -8 -8 -8 -7 -8 -7 -8 -7 -8 -7 -8 -7 -8 -7 -9 -7 -9 -7 -9 -7 -8 -7 -9 -7 -8 -7 -9 -6 -9 -6 -9 -7 -9 -6 -9 -7 -9 -6 -9 -7 -9 0 0 -6 -9 -7 -8 -7 -9 -7 -8 -7 -9 -7 -9 -7 -9 -7 -9 -7 -9 -8 -8 -8 -8 -8 -8 -8 -9 -8 -9 -8 -8 -8 -9 -9 -9 -9 -9 -9 -8 -9 -9 -9 -9 -9 -9 -9 -9 -10 -9 -9 -9 -9 -9 0 0 0 0 0 0 0 0 0 0]"""
"""1770911352423115,CSI_DATA,STATION,00:00:00:00:00:00,0,0,0,0,0,0,0,0,0,0,0,0,0,0,0,0,0,0,0,0,0,128,[84 -64 4 0 0 0 0 0 0 0 0 0 9 -5 9 -5 9 -5 9 -4 9 -4 9 -4 9 -4 10 -4 10 -3 10 -3 10 -4 10 -4 9 -3 9 -3 10 -3 10 -3 9 -3 9 -3 9 -2 10 -2 10 -2 10 -2 10 -3 10 -3 10 -3 10 -3 0 0 10 -3 9 -3 9 -3 10 -4 9 -3 10 -4 10 -3 9 -4 9 -4 10 -5 9 -5 9 -5 10 -4 9 -4 10 -5 10 -5 10 -6 10 -6 10 -6 10 -6 10 -6 10 -5 10 -6 10 -6 11 -7 11 -7 0 0 0 0 0 0 0 0 0 0]"""
"""1770911352428718,CSI_DATA,STATION,00:00:00:00:00:00,0,0,0,0,0,0,0,0,0,0,0,0,0,0,0,0,0,0,0,0,0,128,[84 -64 4 0 0 0 0 0 0 0 0 0 -11 -5 -11 -6 -11 -6 -11 -7 -10 -7 -11 -7 -10 -7 -10 -7 -10 -7 -10 -8 -10 -8 -10 -8 -10 -8 -9 -8 -9 -9 -9 -8 -9 -8 -9 -8 -10 -9 -9 -9 -8 -9 -9 -9 -9 -8 -9 -8 -9 -8 -9 -8 0 0 -9 -8 -9 -8 -10 -8 -9 -8 -10 -9 -9 -8 -10 -8 -10 -8 -10 -8 -10 -7 -11 -7 -11 -7 -11 -7 -11 -8 -11 -7 -12 -7 -11 -8 -11 -7 -12 -7 -12 -7 -12 -8 -12 -8 -12 -8 -13 -7 -13 -7 -13 -7 0 0 0 0 0 0 0 0 0 0]"""
"""1770911352434325,CSI_DATA,STATION,00:00:00:00:00:00,0,0,0,0,0,0,0,0,0,0,0,0,0,0,0,0,0,0,0,0,0,128,[84 -64 4 0 0 0 0 0 0 0 0 0 -4 -12 -4 -12 -4 -12 -3 -12 -3 -12 -3 -12 -2 -12 -2 -12 -2 -13 -2 -12 -1 -13 -1 -13 -1 -12 -1 -12 -1 -13 -1 -12 -1 -12 -1 -12 -1 -13 -1 -13 -1 -12 -1 -12 -1 -12 -1 -12 -1 -12 -1 -12 0 0 -1 -12 -2 -12 -2 -12 -2 -12 -2 -13 -2 -13 -2 -13 -3 -13 -2 -12 -3 -12 -3 -12 -3 -13 -3 -13 -3 -13 -3 -13 -4 -13 -4 -13 -4 -14 -4 -13 -4 -13 -5 -14 -4 -13 -5 -14 -5 -14 -5 -14 -5 -14 0 0 0 0 0 0 0 0 0 0]"""
"""1770911352439376,CSI_DATA,STATION,00:00:00:00:00:00,0,0,0,0,0,0,0,0,0,0,0,0,0,0,0,0,0,0,0,0,0,128,[84 -64 4 0 0 0 0 0 0 0 0 0 -9 7 -10 8 -10 7 -10 7 -10 6 -11 7 -11 7 -11 6 -11 6 -11 5 -11 6 -11 5 -11 5 -11 5 -11 5 -11 5 -11 5 -11 5 -12 4 -11 5 -11 4 -11 4 -11 4 -11 4 -11 4 -11 5 0 0 -11 5 -10 5 -11 5 -11 5 -11 5 -11 5 -10 6 -11 6 -11 6 -11 6 -12 7 -11 6 -11 6 -11 7 -11 7 -12 7 -11 7 -11 8 -11 8 -11 8 -12 8 -11 8 -11 8 -11 9 -12 9 -12 9 0 0 0 0 0 0 0 0 0 0]"""
"""1770911352444512,CSI_DATA,STATION,00:00:00:00:00:00,0,0,0,0,0,0,0,0,0,0,0,0,0,0,0,0,0,0,0,0,0,128,[84 -64 4 0 0 0 0 0 0 0 0 0 8 5 8 6 8 6 8 7 7 7 8 7 7 7 7 7 6 8 7 8 7 7 7 8 7 8 7 8 7 8 6 8 6 8 6 7 6 8 6 9 6 8 6 8 6 8 6 8 6 8 6 8 0 0 6 8 6 7 7 8 6 7 7 8 7 8 7 8 7 7 7 7 7 7 8 7 8 8 8 8 9 8 8 7 8 8 9 7 9 7 9 7 9 7 9 7 9 8 9 7 10 8 10 7 10 8 0 0 0 0 0 0 0 0 0 0]"""
"""1770911352449642,CSI_DATA,STATION,00:00:00:00:00:00,0,0,0,0,0,0,0,0,0,0,0,0,0,0,0,0,0,0,0,0,0,128,[84 -64 4 0 0 0 0 0 0 0 0 0 9 7 9 8 9 8 9 9 8 9 8 9 8 9 7 10 7 10 7 10 7 10 7 10 7 10 7 10 6 10 6 10 6 10 6 10 6 10 6 11 6 10 6 10 5 10 6 10 6 10 6 10 0 0 6 10 6 10 6 10 6 10 7 10 7 10 6 10 7 10 7 10 7 9 7 10 8 10 8 10 8 10 8 10 8 10 9 11 9 10 9 10 9 10 9 10 9 10 10 11 10 11 10 10 10 11 0 0 0 0 0 0 0 0 0 0]"""
"""1770911352455149,CSI_DATA,STATION,00:00:00:00:00:00,0,0,0,0,0,0,0,0,0,0,0,0,0,0,0,0,0,0,0,0,0,128,[84 -64 4 0 0 0 0 0 0 0 0 0 10 1 11 1 10 2 11 2 11 2 10 2 10 4 10 4 10 4 10 4 10 4 10 4 10 4 10 5 10 5 9 4 9 4 10 4 10 5 10 5 10 5 10 5 9 5 9 5 10 5 10 4 0 0 9 4 9 4 10 5 10 4 10 5 10 4 10 4 10 4 10 4 10 4 11 3 10 4 11 4 11 4 11 3 12 3 12 3 12 3 12 3 12 3 12 3 12 4 13 4 13 3 13 3 13 3 0 0 0 0 0 0 0 0 0 0]"""
"""1770911352460512,CSI_DATA,STATION,00:00:00:00:00:00,0,0,0,0,0,0,0,0,0,0,0,0,0,0,0,0,0,0,0,0,0,128,[84 -64 4 0 0 0 0 0 0 0 0 0 -3 10 -4 10 -4 10 -4 11 -5 10 -5 11 -5 10 -6 10 -6 10 -6 10 -6 10 -6 10 -6 10 -6 10 -6 9 -7 9 -7 9 -7 10 -7 10 -7 9 -6 9 -6 9 -7 9 -7 9 -6 9 -7 9 0 0 -7 9 -6 9 -6 10 -6 10 -6 10 -6 10 -6 10 -6 10 -6 10 -5 10 -5 11 -5 11 -5 11 -5 11 -6 11 -5 12 -5 11 -5 12 -5 12 -5 12 -5 12 -5 12 -5 12 -4 13 -5 13 -5 13 0 0 0 0 0 0 0 0 0 0]"""
"""1770911352465470,CSI_DATA,STATION,00:00:00:00:00:00,0,0,0,0,0,0,0,0,0,0,0,0,0,0,0,0,0,0,0,0,0,128,[84 -64 4 0 0 0 0 0 0 0 0 0 -4 10 -5 10 -5 10 -5 11 -5 10 -6 10 -6 10 -7 10 -7 10 -6 10 -7 10 -7 9 -7 9 -7 9 -8 9 -8 9 -8 9 -8 9 -8 9 -8 9 -8 9 -8 9 -8 9 -8 9 -8 9 -8 9 0 0 -8 9 -7 9 -7 10 -7 9 -7 10 -7 9 -7 10 -7 10 -7 10 -7 10 -7 11 -6 10 -7 11 -7 11 -7 11 -7 12 -6 11 -6 12 -7 12 -7 12 -7 12 -7 12 -6 12 -6 13 -7 13 -6 13 0 0 0 0 0 0 0 0 0 0]"""
"""1770911352470678,CSI_DATA,STATION,00:00:00:00:00:00,0,0,0,0,0,0,0,0,0,0,0,0,0,0,0,0,0,0,0,0,0,128,[84 -64 4 0 0 0 0 0 0 0 0 0 -9 -8 -9 -8 -9 -9 -9 -9 -9 -9 -8 -9 -8 -10 -8 -10 -8 -10 -8 -10 -7 -10 -7 -11 -7 -11 -7 -11 -7 -11 -7 -11 -7 -11 -6 -10 -7 -11 -7 -11 -7 -11 -6 -11 -6 -11 -7 -11 -7 -11 -6 -11 0 0 -6 -11 -7 -11 -7 -11 -7 -11 -7 -11 -7 -11 -8 -11 -8 -11 -7 -11 -8 -10 -8 -11 -8 -11 -8 -11 -9 -11 -8 -11 -9 -11 -9 -12 -9 -11 -9 -11 -9 -11 -10 -11 -10 -11 -10 -11 -10 -12 -10 -12 -10 -12 0 0 0 0 0 0 0 0 0 0]"""
"""1770911352475766,CSI_DATA,STATION,00:00:00:00:00:00,0,0,0,0,0,0,0,0,0,0,0,0,0,0,0,0,0,0,0,0,0,128,[84 -64 4 0 0 0 0 0 0 0 0 0 -6 9 -6 8 -6 8 -6 8 -7 8 -7 8 -8 8 -8 7 -8 8 -8 7 -9 8 -9 7 -9 7 -9 7 -9 7 -9 7 -9 7 -9 7 -9 7 -9 6 -9 7 -9 7 -9 7 -9 7 -9 7 -9 7 0 0 -9 7 -8 7 -8 7 -9 7 -8 7 -9 7 -9 7 -8 7 -9 8 -9 8 -9 8 -9 8 -9 8 -8 8 -9 9 -8 9 -8 10 -8 9 -9 10 -8 10 -9 10 -8 10 -9 10 -9 10 -9 10 -9 11 0 0 0 0 0 0 0 0 0 0]"""
"""1770911352481269,CSI_DATA,STATION,00:00:00:00:00:00,0,0,0,0,0,0,0,0,0,0,0,0,0,0,0,0,0,0,0,0,0,128,[84 -64 4 0 0 0 0 0 0 0 0 0 7 -8 7 -8 7 -7 8 -7 8 -7 9 -7 9 -7 9 -7 9 -6 9 -6 9 -7 9 -6 9 -6 9 -6 10 -6 10 -6 10 -6 9 -6 9 -6 10 -5 9 -5 9 -5 9 -6 9 -6 9 -6 10 -6 0 0 10 -6 9 -6 9 -6 9 -6 9 -6 9 -7 9 -6 9 -7 10 -7 9 -7 9 -8 9 -7 9 -7 10 -8 10 -8 10 -8 9 -9 10 -9 10 -9 9 -9 10 -9 10 -9 9 -9 9 -10 10 -10 10 -10 0 0 0 0 0 0 0 0 0 0]"""
"""1770911352486663,CSI_DATA,STATION,00:00:00:00:00:00,0,0,0,0,0,0,0,0,0,0,0,0,0,0,0,0,0,0,0,0,0,128,[84 -64 4 0 0 0 0 0 0 0 0 0 1 -11 1 -11 1 -11 1 -11 1 -11 2 -11 2 -11 3 -11 3 -11 3 -11 3 -11 4 -11 3 -11 4 -11 4 -11 4 -11 4 -11 4 -11 4 -11 5 -10 5 -10 5 -10 5 -10 4 -11 4 -11 5 -11 0 0 4 -11 4 -10 4 -11 4 -11 4 -11 4 -11 4 -11 4 -11 4 -11 4 -11 3 -12 3 -12 3 -12 4 -12 4 -13 4 -13 3 -13 4 -13 4 -13 4 -13 4 -13 4 -13 3 -13 3 -14 3 -14 3 -14 0 0 0 0 0 0 0 0 0 0]"""
"""1770911352492191,CSI_DATA,STATION,00:00:00:00:00:00,0,0,0,0,0,0,0,0,0,0,0,0,0,0,0,0,0,0,0,0,0,128,[84 -64 4 0 0 0 0 0 0 0 0 0 10 -3 10 -3 10 -1 11 -1 10 -1 11 -1 10 -1 11 0 11 0 10 1 11 0 11 0 11 1 11 1 11 1 10 1 11 1 10 1 11 1 11 2 11 2 10 2 10 1 11 2 11 1 11 1 0 0 11 1 10 1 11 1 11 0 11 1 11 1 11 1 11 0 11 0 11 0 12 -1 11 0 12 0 13 0 12 0 12 -1 12 -1 13 -1 13 -1 12 -1 13 -1 13 0 13 -1 13 -2 13 -2 14 -2 0 0 0 0 0 0 0 0 0 0]"""
"""1770911352496927,CSI_DATA,STATION,00:00:00:00:00:00,0,0,0,0,0,0,0,0,0,0,0,0,0,0,0,0,0,0,0,0,0,128,[84 -64 4 0 0 0 0 0 0 0 0 0 6 -8 7 -9 7 -8 7 -8 7 -7 8 -8 8 -8 8 -7 8 -8 8 -7 8 -7 8 -7 8 -7 8 -7 9 -7 9 -7 9 -6 8 -6 9 -6 9 -6 9 -6 9 -6 9 -6 9 -6 9 -6 9 -7 0 0 9 -7 9 -7 9 -7 9 -7 9 -7 9 -7 9 -7 9 -7 9 -8 8 -8 8 -8 8 -8 9 -8 9 -8 9 -8 10 -9 9 -9 9 -10 9 -9 9 -10 9 -10 9 -9 9 -10 9 -10 9 -11 10 -10 0 0 0 0 0 0 0 0 0 0]"""
"""1770911352504517,CSI_DATA,STATION,00:00:00:00:00:00,0,0,0,0,0,0,0,0,0,0,0,0,0,0,0,0,0,0,0,0,0,128,[14 -32 0 0 0 0 0 0 0 0 0 0 9 -2 10 -1 9 0 10 0 10 0 10 0 10 0 10 1 10 1 10 2 10 1 10 1 10 2 10 2 10 3 10 2 10 2 10 2 10 2 10 3 10 3 10 3 10 3 10 3 10 3 10 2 0 0 10 2 10 2 10 2 10 2 10 3 11 2 10 2 10 2 11 2 10 2 11 1 11 2 11 2 12 2 12 1 12 1 12 1 12 1 12 1 12 1 13 1 12 2 12 1 13 1 13 1 13 1 0 0 0 0 0 0 0 0 0 0]"""
"""1770911352510143,CSI_DATA,STATION,00:00:00:00:00:00,0,0,0,0,0,0,0,0,0,0,0,0,0,0,0,0,0,0,0,0,0,128,[84 -64 4 0 0 0 0 0 0 0 0 0 2 10 1 10 1 11 1 11 0 11 0 11 0 11 0 12 -1 11 0 12 -1 11 -1 11 -1 11 -1 11 -2 11 -2 11 -2 11 -2 11 -2 11 -2 12 -2 11 -2 11 -3 11 -2 12 -2 12 -2 11 0 0 -2 11 -1 11 -1 11 -1 12 -2 12 -1 12 -1 12 -1 12 -1 12 -1 12 -1 12 -1 12 -1 12 0 13 -1 13 0 13 0 13 0 13 0 13 0 13 0 14 0 14 0 14 1 14 0 14 0 14 0 0 0 0 0 0 0 0 0 0]"""
"""1770911352515352,CSI_DATA,STATION,00:00:00:00:00:00,0,0,0,0,0,0,0,0,0,0,0,0,0,0,0,0,0,0,0,0,0,128,[84 -64 4 0 0 0 0 0 0 0 0 0 -5 -10 -5 -10 -5 -11 -5 -11 -4 -11 -4 -11 -4 -11 -4 -11 -3 -12 -4 -12 -3 -12 -3 -12 -3 -12 -3 -12 -3 -12 -3 -12 -2 -12 -3 -11 -3 -12 -2 -12 -2 -12 -2 -12 -2 -12 -3 -12 -3 -12 -2 -12 0 0 -3 -12 -3 -12 -3 -12 -3 -12 -3 -12 -3 -12 -3 -13 -4 -12 -4 -12 -4 -12 -5 -12 -4 -12 -5 -13 -5 -13 -5 -13 -5 -13 -6 -13 -6 -13 -5 -13 -6 -13 -6 -14 -6 -13 -6 -14 -7 -14 -6 -14 -6 -14 0 0 0 0 0 0 0 0 0 0]"""
"""1770911352520759,CSI_DATA,STATION,00:00:00:00:00:00,0,0,0,0,0,0,0,0,0,0,0,0,0,0,0,0,0,0,0,0,0,128,[14 -32 0 0 0 0 0 0 0 0 0 0 -5 8 -6 8 -6 8 -6 8 -6 8 -7 8 -7 8 -7 7 -8 7 -7 7 -8 7 -8 7 -8 7 -8 7 -8 7 -8 7 -8 7 -8 7 -8 7 -8 6 -8 7 -8 6 -8 7 -8 7 -8 7 -8 7 0 0 -8 7 -8 7 -8 8 -8 7 -8 7 -7 7 -8 7 -7 8 -8 8 -7 8 -8 8 -7 9 -8 9 -8 9 -8 9 -8 9 -7 9 -7 9 -8 10 -7 9 -8 10 -8 10 -7 10 -7 10 -8 11 -8 11 0 0 0 0 0 0 0 0 0 0]"""
"""1770911352525844,CSI_DATA,STATION,00:00:00:00:00:00,0,0,0,0,0,0,0,0,0,0,0,0,0,0,0,0,0,0,0,0,0,128,[84 -64 4 0 0 0 0 0 0 0 0 0 8 -5 8 -5 8 -4 9 -4 9 -3 10 -4 9 -3 10 -3 10 -3 10 -2 10 -3 10 -3 10 -2 10 -2 10 -2 10 -2 10 -2 9 -2 10 -1 10 -1 10 -1 10 -1 10 -1 10 -1 10 -2 10 -2 0 0 10 -2 10 -2 10 -2 10 -2 10 -2 10 -2 10 -2 10 -2 10 -2 10 -3 10 -3 10 -3 11 -3 11 -3 11 -3 12 -3 11 -3 12 -4 12 -3 11 -4 12 -4 11 -3 12 -3 11 -4 12 -4 12 -4 0 0 0 0 0 0 0 0 0 0]"""
"""1770911352531474,CSI_DATA,STATION,00:00:00:00:00:00,0,0,0,0,0,0,0,0,0,0,0,0,0,0,0,0,0,0,0,0,0,128,[84 -64 4 0 0 0 0 0 0 0 0 0 9 1 9 1 9 2 9 3 9 3 9 3 9 3 9 4 9 3 9 4 9 4 9 4 9 5 9 5 8 5 8 4 8 4 9 4 9 5 8 5 8 5 9 5 8 5 9 5 8 5 8 4 0 0 8 5 8 4 9 4 9 4 9 5 9 4 9 4 9 4 9 4 9 4 10 4 10 4 10 4 10 4 10 4 10 3 11 4 11 3 11 3 11 3 11 3 11 4 11 4 11 4 12 4 12 3 0 0 0 0 0 0 0 0 0 0]"""
"""1770911352536745,CSI_DATA,STATION,00:00:00:00:00:00,0,0,0,0,0,0,0,0,0,0,0,0,0,0,0,0,0,0,0,0,0,128,[84 -64 4 0 0 0 0 0 0 0 0 0 8 4 8 4 8 4 8 5 8 5 8 5 8 5 7 6 7 6 8 6 7 6 7 6 8 7 7 6 7 7 7 6 7 6 7 6 7 7 7 7 6 7 7 7 6 7 7 7 7 7 7 7 0 0 7 7 7 7 7 7 7 7 7 7 7 7 7 7 7 7 7 7 7 7 8 6 8 7 8 7 8 7 8 7 8 7 9 7 9 7 9 7 9 7 9 7 9 7 9 7 10 7 10 7 10 7 0 0 0 0 0 0 0 0 0 0]"""
"""1770911352541905,CSI_DATA,STATION,00:00:00:00:00:00,0,0,0,0,0,0,0,0,0,0,0,0,0,0,0,0,0,0,0,0,0,128,[84 -64 4 0 0 0 0 0 0 0 0 0 -5 9 -6 9 -6 8 -6 9 -6 8 -7 8 -7 9 -8 8 -8 8 -8 8 -8 8 -8 8 -8 7 -8 7 -8 7 -8 8 -8 8 -8 8 -8 7 -8 7 -8 7 -8 7 -9 7 -9 7 -8 7 -9 7 0 0 -9 8 -8 8 -7 8 -8 8 -8 8 -8 8 -8 8 -8 8 -8 9 -8 9 -8 9 -8 9 -8 9 -8 9 -8 10 -8 10 -8 10 -8 10 -8 11 -8 10 -8 11 -7 11 -8 11 -8 11 -8 11 -8 11 0 0 0 0 0 0 0 0 0 0]"""
"""1770911352544663,CSI_DATA,STATION,00:00:00:00:00:00,0,0,0,0,0,0,0,0,0,0,0,0,0,0,0,0,0,0,0,0,0,128,[84 -64 4 0 0 0 0 0 0 0 0 0 -6 -8 -6 -8 -6 -9 -6 -9 -5 -9 -5 -9 -5 -9 -4 -9 -5 -9 -5 -10 -4 -10 -4 -10 -4 -10 -4 -10 -4 -10 -4 -10 -3 -10 -3 -9 -4 -10 -4 -10 -3 -10 -3 -10 -3 -10 -4 -10 -4 -10 -3 -10 0 0 -3 -10 -4 -10 -4 -10 -4 -10 -4 -10 -4 -10 -5 -10 -5 -10 -4 -10 -5 -10 -5 -10 -5 -10 -5 -10 -6 -10 -5 -10 -6 -10 -6 -11 -6 -11 -6 -11 -6 -11 -6 -11 -6 -11 -6 -11 -7 -11 -7 -11 -7 -11 0 0 0 0 0 0 0 0 0 0]"""
"""1770911352549817,CSI_DATA,STATION,00:00:00:00:00:00,0,0,0,0,0,0,0,0,0,0,0,0,0,0,0,0,0,0,0,0,0,128,[84 -64 4 0 0 0 0 0 0 0 0 0 -4 -11 -4 -12 -4 -11 -4 -12 -3 -12 -4 -12 -3 -12 -3 -12 -2 -12 -2 -13 -2 -13 -2 -12 -2 -12 -2 -12 -1 -13 -1 -12 -1 -13 -1 -12 -1 -13 -1 -13 -1 -13 -1 -13 -1 -12 -1 -13 -1 -13 -1 -12 0 0 -1 -12 -2 -12 -2 -13 -2 -13 -2 -13 -2 -13 -2 -13 -2 -13 -2 -13 -2 -13 -3 -13 -3 -13 -3 -13 -3 -14 -3 -14 -3 -15 -4 -14 -4 -14 -3 -14 -3 -14 -3 -15 -4 -14 -4 -15 -5 -15 -4 -15 -4 -15 0 0 0 0 0 0 0 0 0 0]"""
"""1770911352554974,CSI_DATA,STATION,00:00:00:00:00:00,0,0,0,0,0,0,0,0,0,0,0,0,0,0,0,0,0,0,0,0,0,128,[84 -64 4 0 0 0 0 0 0 0 0 0 -2 9 -3 9 -3 10 -3 10 -3 9 -4 9 -4 9 -4 9 -4 9 -4 9 -4 9 -5 9 -5 9 -5 9 -5 9 -5 9 -5 9 -5 9 -5 9 -5 9 -5 9 -5 9 -6 9 -5 9 -5 9 -5 9 0 0 -5 9 -5 9 -5 10 -4 10 -5 10 -5 10 -5 9 -5 10 -5 10 -4 10 -4 10 -4 10 -4 11 -4 11 -5 11 -4 11 -4 11 -4 11 -4 12 -4 11 -4 12 -4 12 -4 12 -3 12 -4 13 -4 12 0 0 0 0 0 0 0 0 0 0]"""
"""1770911352560172,CSI_DATA,STATION,00:00:00:00:00:00,0,0,0,0,0,0,0,0,0,0,0,0,0,0,0,0,0,0,0,0,0,128,[84 -64 4 0 0 0 0 0 0 0 0 0 -8 -6 -8 -6 -8 -7 -9 -7 -8 -7 -8 -7 -8 -7 -7 -7 -7 -8 -7 -8 -7 -8 -7 -8 -7 -8 -7 -8 -7 -9 -7 -8 -7 -8 -7 -8 -7 -9 -7 -9 -7 -9 -7 -9 -7 -9 -7 -9 -7 -9 -7 -9 0 0 -7 -8 -8 -8 -8 -8 -7 -8 -8 -8 -8 -9 -8 -8 -8 -8 -8 -8 -9 -8 -9 -8 -9 -8 -9 -8 -9 -8 -9 -8 -10 -8 -10 -8 -10 -8 -10 -8 -10 -8 -10 -8 -11 -8 -11 -8 -11 -8 -11 -8 -11 -8 0 0 0 0 0 0 0 0 0 0]"""
"""1770911352568137,CSI_DATA,STATION,00:00:00:00:00:00,0,0,0,0,0,0,0,0,0,0,0,0,0,0,0,0,0,0,0,0,0,128,[84 -64 4 0 0 0 0 0 0 0 0 0 -2 -10 -2 -10 -2 -10 -2 -10 -2 -11 -1 -11 0 -10 -1 -10 0 -10 -1 -11 0 -11 0 -10 0 -11 0 -10 0 -11 0 -11 1 -10 1 -10 0 -11 1 -11 1 -10 1 -11 1 -10 0 -11 0 -11 0 -11 0 0 1 -11 0 -11 0 -11 0 -11 0 -11 -1 -11 0 -11 0 -11 0 -11 -1 -11 -1 -12 -1 -11 -1 -11 -1 -12 -1 -12 -1 -12 -1 -13 -1 -13 -1 -13 -1 -13 -1 -13 -1 -13 -1 -13 -2 -13 -2 -13 -2 -13 0 0 0 0 0 0 0 0 0 0]"""
"""1770911352570727,CSI_DATA,STATION,00:00:00:00:00:00,0,0,0,0,0,0,0,0,0,0,0,0,0,0,0,0,0,0,0,0,0,128,[84 -64 4 0 0 0 0 0 0 0 0 0 3 -10 4 -11 4 -10 4 -11 4 -10 5 -11 5 -10 5 -10 6 -10 5 -10 6 -10 6 -10 6 -10 6 -9 6 -10 7 -9 6 -9 6 -9 6 -9 7 -9 6 -9 6 -9 7 -9 6 -10 7 -9 7 -10 0 0 7 -9 6 -9 7 -10 6 -10 7 -10 6 -10 6 -10 6 -10 7 -11 6 -10 6 -11 6 -11 6 -11 6 -11 7 -11 7 -12 6 -11 7 -12 6 -12 6 -12 7 -13 6 -12 6 -12 7 -13 7 -13 7 -13 0 0 0 0 0 0 0 0 0 0]"""
"""1770911352576177,CSI_DATA,STATION,00:00:00:00:00:00,0,0,0,0,0,0,0,0,0,0,0,0,0,0,0,0,0,0,0,0,0,128,[84 -64 4 0 0 0 0 0 0 0 0 0 -10 2 -11 2 -11 1 -12 0 -11 0 -12 1 -11 1 -11 0 -11 0 -12 -1 -12 0 -11 0 -12 -1 -11 -1 -12 -2 -11 -1 -12 -1 -11 -1 -12 -2 -12 -2 -12 -2 -12 -2 -11 -1 -12 -2 -12 -2 -12 -1 0 0 -12 -1 -12 -1 -12 -1 -12 -1 -13 -1 -12 -1 -12 -1 -12 -1 -12 -1 -12 0 -13 0 -13 0 -13 0 -14 -1 -13 0 -14 0 -13 0 -14 1 -14 0 -14 0 -14 0 -14 0 -14 1 -15 1 -15 1 -15 1 0 0 0 0 0 0 0 0 0 0]"""
"""1770911352581185,CSI_DATA,STATION,00:00:00:00:00:00,0,0,0,0,0,0,0,0,0,0,0,0,0,0,0,0,0,0,0,0,0,128,[84 -64 4 0 0 0 0 0 0 0 0 0 -8 -5 -8 -5 -8 -6 -8 -6 -8 -6 -8 -6 -8 -6 -8 -7 -7 -7 -8 -7 -8 -7 -7 -7 -8 -8 -7 -8 -7 -8 -7 -7 -7 -7 -7 -7 -7 -7 -7 -8 -7 -8 -7 -8 -7 -7 -7 -8 -7 -8 -8 -8 0 0 -8 -8 -7 -8 -8 -8 -8 -7 -8 -8 -8 -8 -8 -8 -9 -8 -8 -8 -9 -7 -9 -7 -9 -8 -9 -8 -9 -8 -9 -8 -10 -7 -10 -8 -10 -7 -10 -7 -10 -8 -11 -8 -11 -8 -11 -8 -11 -8 -11 -8 -11 -8 0 0 0 0 0 0 0 0 0 0]"""
"""1770911352586300,CSI_DATA,STATION,00:00:00:00:00:00,0,0,0,0,0,0,0,0,0,0,0,0,0,0,0,0,0,0,0,0,0,128,[84 -64 4 0 0 0 0 0 0 0 0 0 -7 -6 -7 -6 -7 -7 -7 -7 -7 -7 -7 -7 -7 -8 -7 -8 -6 -8 -7 -8 -6 -8 -6 -8 -6 -8 -6 -9 -6 -9 -6 -9 -6 -8 -5 -8 -6 -9 -6 -9 -6 -9 -6 -9 -5 -9 -6 -9 -6 -9 -6 -9 0 0 -6 -9 -6 -9 -6 -9 -6 -9 -6 -9 -7 -9 -7 -9 -7 -9 -7 -9 -7 -9 -7 -9 -7 -9 -7 -9 -7 -9 -7 -10 -8 -10 -8 -10 -8 -10 -8 -10 -8 -10 -8 -10 -8 -10 -9 -10 -9 -10 -9 -11 -9 -10 0 0 0 0 0 0 0 0 0 0]"""
"""1770911352593896,CSI_DATA,STATION,00:00:00:00:00:00,0,0,0,0,0,0,0,0,0,0,0,0,0,0,0,0,0,0,0,0,0,128,[84 -64 4 0 0 0 0 0 0 0 0 0 7 4 7 5 7 5 7 5 7 5 7 5 7 6 7 6 6 6 7 6 7 6 7 6 7 6 6 6 6 7 6 6 6 7 6 6 6 7 6 7 6 7 6 7 6 7 6 7 6 7 6 7 0 0 6 7 6 7 7 7 6 7 7 7 7 7 7 7 7 7 7 7 7 7 7 7 8 7 8 8 8 7 8 7 8 7 9 7 9 7 9 7 8 7 9 7 9 8 9 8 10 8 10 8 9 8 0 0 0 0 0 0 0 0 0 0]"""
"""1770911352596375,CSI_DATA,STATION,00:00:00:00:00:00,0,0,0,0,0,0,0,0,0,0,0,0,0,0,0,0,0,0,0,0,0,128,[84 -64 4 0 0 0 0 0 0 0 0 0 7 -6 8 -5 7 -5 7 -5 8 -5 8 -5 8 -5 9 -4 9 -4 9 -4 9 -4 9 -4 9 -4 9 -4 9 -3 9 -4 9 -3 9 -3 9 -3 9 -3 9 -3 9 -3 9 -3 9 -3 9 -3 9 -4 0 0 9 -4 9 -4 9 -4 9 -4 9 -4 10 -4 9 -4 9 -4 10 -5 9 -5 9 -5 9 -5 10 -5 10 -5 10 -5 10 -6 10 -6 10 -6 11 -6 11 -6 11 -6 10 -6 11 -6 11 -7 11 -7 11 -7 0 0 0 0 0 0 0 0 0 0]"""
"""1770911352601523,CSI_DATA,STATION,00:00:00:00:00:00,0,0,0,0,0,0,0,0,0,0,0,0,0,0,0,0,0,0,0,0,0,128,[84 -64 4 0 0 0 0 0 0 0 0 0 -6 -8 -6 -9 -6 -9 -6 -9 -5 -9 -5 -9 -4 -9 -4 -9 -4 -10 -5 -10 -4 -10 -4 -10 -4 -10 -4 -10 -4 -10 -4 -10 -3 -10 -3 -9 -4 -10 -3 -10 -3 -10 -3 -10 -3 -10 -4 -10 -4 -10 -4 -10 0 0 -4 -10 -4 -10 -4 -10 -4 -10 -4 -11 -4 -11 -4 -11 -4 -10 -4 -11 -4 -10 -5 -11 -5 -11 -5 -11 -5 -11 -5 -11 -5 -11 -5 -11 -5 -12 -5 -11 -5 -12 -5 -12 -6 -12 -6 -12 -7 -12 -6 -12 -6 -12 0 0 0 0 0 0 0 0 0 0]"""
"""1770911352606547,CSI_DATA,STATION,00:00:00:00:00:00,0,0,0,0,0,0,0,0,0,0,0,0,0,0,0,0,0,0,0,0,0,128,[84 -64 4 0 0 0 0 0 0 0 0 0 -3 -11 -3 -11 -3 -11 -3 -11 -2 -11 -2 -11 -2 -12 -2 -11 -1 -12 -2 -12 -1 -12 -1 -12 -1 -12 0 -12 -1 -12 0 -12 0 -11 0 -12 -1 -12 0 -12 -1 -12 0 -12 0 -12 0 -12 0 -12 0 -12 0 0 0 -12 0 -12 -1 -12 -1 -12 -1 -13 -1 -13 -2 -12 -2 -13 -1 -12 -1 -12 -1 -13 -2 -13 -2 -13 -2 -13 -2 -14 -2 -14 -2 -14 -2 -14 -2 -14 -3 -14 -3 -14 -3 -14 -3 -15 -3 -15 -2 -15 -3 -15 0 0 0 0 0 0 0 0 0 0]"""
"""1770911352613921,CSI_DATA,STATION,00:00:00:00:00:00,0,0,0,0,0,0,0,0,0,0,0,0,0,0,0,0,0,0,0,0,0,128,[84 -64 4 0 0 0 0 0 0 0 0 0 -6 7 -6 7 -6 7 -7 7 -7 6 -7 7 -7 7 -8 6 -8 6 -8 6 -8 7 -8 6 -8 6 -8 6 -8 6 -8 6 -8 6 -8 5 -8 6 -9 5 -8 5 -8 6 -8 6 -8 6 -8 6 -8 6 0 0 -9 6 -8 6 -8 6 -8 6 -8 6 -8 6 -8 6 -8 6 -8 7 -8 7 -8 7 -8 7 -8 7 -8 8 -8 8 -9 8 -8 8 -8 8 -9 9 -8 8 -9 9 -9 9 -9 9 -9 9 -9 9 -9 9 0 0 0 0 0 0 0 0 0 0]"""
"""1770911352618376,CSI_DATA,STATION,00:00:00:00:00:00,0,0,0,0,0,0,0,0,0,0,0,0,0,0,0,0,0,0,0,0,0,128,[84 -64 4 0 0 0 0 0 0 0 0 0 8 -4 8 -4 8 -3 8 -3 9 -3 9 -3 9 -3 9 -2 9 -2 10 -2 9 -2 9 -2 9 -1 9 -1 9 -1 9 -1 9 -1 9 -1 9 -1 9 -1 9 -1 9 -1 9 -1 9 -1 9 -1 10 -1 0 0 9 -1 9 -1 9 -1 10 -2 9 -1 10 -1 10 -1 10 -2 10 -2 10 -2 10 -2 10 -2 10 -2 10 -2 11 -2 11 -2 11 -3 11 -3 11 -3 11 -3 12 -3 11 -2 12 -2 12 -3 12 -3 12 -3 0 0 0 0 0 0 0 0 0 0]"""
"""1770911352623520,CSI_DATA,STATION,00:00:00:00:00:00,0,0,0,0,0,0,0,0,0,0,0,0,0,0,0,0,0,0,0,0,0,128,[84 -64 4 0 0 0 0 0 0 0 0 0 2 -12 3 -12 3 -12 3 -12 3 -12 4 -12 5 -12 4 -12 5 -11 5 -11 5 -12 5 -11 5 -11 5 -11 6 -11 6 -11 6 -11 6 -11 6 -11 6 -11 6 -10 6 -11 6 -11 6 -11 5 -11 6 -11 0 0 6 -11 5 -11 5 -12 5 -11 6 -12 5 -11 5 -12 5 -12 6 -12 5 -12 5 -13 4 -12 5 -12 5 -13 5 -14 5 -14 5 -14 5 -14 5 -14 5 -14 5 -15 5 -14 5 -15 4 -15 5 -15 5 -15 0 0 0 0 0 0 0 0 0 0]"""
"""1770911352628998,CSI_DATA,STATION,00:00:00:00:00:00,0,0,0,0,0,0,0,0,0,0,0,0,0,0,0,0,0,0,0,0,0,128,[84 -64 4 0 0 0 0 0 0 0 0 0 -11 0 -10 0 -11 -1 -11 -1 -11 -1 -11 -1 -11 -2 -11 -2 -11 -2 -11 -3 -11 -2 -11 -2 -11 -3 -11 -3 -10 -3 -11 -2 -10 -3 -11 -3 -11 -3 -11 -4 -11 -3 -11 -3 -11 -3 -11 -3 -11 -3 -11 -3 0 0 -11 -3 -11 -2 -11 -3 -11 -2 -11 -3 -11 -2 -11 -3 -12 -2 -12 -2 -12 -2 -12 -1 -12 -2 -12 -2 -12 -2 -12 -1 -13 -1 -13 -2 -13 -1 -13 -1 -13 -1 -13 -1 -13 -1 -14 -1 -14 -1 -14 -1 -14 -1 0 0 0 0 0 0 0 0 0 0]"""
"""1770911352634544,CSI_DATA,STATION,00:00:00:00:00:00,0,0,0,0,0,0,0,0,0,0,0,0,0,0,0,0,0,0,0,0,0,128,[84 -64 4 0 0 0 0 0 0 0 0 0 6 -9 7 -9 7 -9 7 -9 7 -8 8 -8 8 -8 8 -8 8 -8 8 -7 8 -8 9 -8 8 -7 8 -7 9 -7 9 -7 9 -7 9 -7 9 -7 9 -6 9 -7 9 -7 9 -7 9 -7 9 -7 9 -7 0 0 9 -7 8 -7 9 -7 9 -7 9 -8 9 -8 9 -8 9 -8 9 -9 9 -8 9 -9 9 -9 9 -8 9 -9 9 -10 9 -10 10 -10 10 -10 10 -10 9 -10 10 -10 9 -10 10 -10 10 -11 10 -11 10 -11 0 0 0 0 0 0 0 0 0 0]"""
"""1770911352640096,CSI_DATA,STATION,00:00:00:00:00:00,0,0,0,0,0,0,0,0,0,0,0,0,0,0,0,0,0,0,0,0,0,128,[84 -64 4 0 0 0 0 0 0 0 0 0 -9 3 -10 3 -9 2 -10 2 -10 2 -10 2 -10 1 -10 1 -10 1 -10 1 -11 1 -10 1 -10 0 -10 1 -11 0 -10 1 -10 0 -10 0 -10 0 -10 0 -10 0 -11 0 -10 0 -10 0 -10 0 -10 1 0 0 -10 1 -10 1 -10 1 -11 1 -11 1 -11 1 -10 1 -11 1 -11 2 -11 2 -11 2 -11 2 -11 2 -11 2 -12 2 -12 3 -12 2 -12 3 -12 3 -12 3 -12 3 -12 3 -12 3 -12 3 -13 4 -13 3 0 0 0 0 0 0 0 0 0 0]"""
"""1770911352642972,CSI_DATA,STATION,00:00:00:00:00:00,0,0,0,0,0,0,0,0,0,0,0,0,0,0,0,0,0,0,0,0,0,128,[84 -64 4 0 0 0 0 0 0 0 0 0 9 3 9 4 9 4 9 4 8 4 9 5 8 5 8 5 8 5 8 6 8 5 8 6 8 6 8 6 7 7 8 6 8 6 7 6 7 7 8 7 7 7 8 6 7 7 8 7 8 7 7 6 0 0 7 6 8 6 8 7 8 6 9 7 8 7 8 7 9 7 8 6 9 6 9 6 9 7 9 7 10 7 10 6 10 6 11 7 11 6 10 7 10 6 11 7 10 7 11 7 11 7 11 7 11 7 0 0 0 0 0 0 0 0 0 0]"""
"""1770911352648066,CSI_DATA,STATION,00:00:00:00:00:00,0,0,0,0,0,0,0,0,0,0,0,0,0,0,0,0,0,0,0,0,0,128,[84 -64 4 0 0 0 0 0 0 0 0 0 -3 -10 -3 -10 -3 -11 -2 -11 -2 -11 -2 -11 -1 -10 -1 -11 -1 -11 -1 -11 -1 -11 -1 -11 -1 -11 -1 -11 -1 -11 0 -11 0 -11 0 -11 0 -11 0 -11 0 -11 0 -11 0 -11 0 -11 0 -11 0 -11 0 0 0 -11 -1 -11 -1 -12 -1 -12 -1 -12 -1 -12 0 -12 -1 -12 -1 -12 -1 -12 -2 -12 -2 -12 -2 -12 -2 -13 -1 -13 -2 -13 -2 -13 -2 -14 -2 -13 -2 -14 -2 -14 -2 -14 -2 -14 -3 -14 -2 -15 -2 -14 0 0 0 0 0 0 0 0 0 0]"""
"""1770911352655153,CSI_DATA,STATION,00:00:00:00:00:00,0,0,0,0,0,0,0,0,0,0,0,0,0,0,0,0,0,0,0,0,0,128,[84 -64 4 0 0 0 0 0 0 0 0 0 11 10 11 11 10 11 10 12 9 12 10 13 9 13 9 13 8 13 8 13 9 14 9 14 8 14 8 14 8 15 8 14 7 15 7 14 8 15 7 15 7 15 7 15 7 15 7 15 8 15 8 15 0 0 8 15 8 15 9 16 8 15 8 16 9 16 9 16 9 16 9 16 9 15 10 16 10 16 10 16 11 18 10 16 11 18 11 17 12 18 11 17 11 18 12 18 11 19 12 18 13 19 12 19 13 19 0 0 0 0 0 0 0 0 0 0]"""
"""1770911352659765,CSI_DATA,STATION,00:00:00:00:00:00,0,0,0,0,0,0,0,0,0,0,0,0,0,0,0,0,0,0,0,0,0,128,[84 -64 4 0 0 0 0 0 0 0 0 0 -6 7 -6 7 -7 6 -7 7 -7 6 -7 7 -7 7 -8 6 -7 6 -8 6 -8 6 -8 6 -8 6 -8 6 -9 6 -9 6 -8 6 -8 5 -9 5 -9 5 -9 5 -9 5 -9 5 -9 5 -9 5 -9 6 0 0 -9 6 -9 6 -9 6 -9 6 -9 6 -9 6 -9 6 -9 7 -9 7 -9 7 -10 8 -9 7 -9 7 -9 8 -10 7 -10 8 -9 8 -10 9 -10 8 -10 8 -10 9 -10 8 -10 8 -10 9 -11 9 -11 9 0 0 0 0 0 0 0 0 0 0]"""
"""1770911352665193,CSI_DATA,STATION,00:00:00:00:00:00,0,0,0,0,0,0,0,0,0,0,0,0,0,0,0,0,0,0,0,0,0,128,[84 -64 4 0 0 0 0 0 0 0 0 0 -3 -9 -3 -9 -3 -9 -3 -10 -2 -10 -2 -10 -2 -10 -2 -10 -1 -10 -2 -10 -1 -10 -1 -10 -1 -10 -1 -10 -1 -10 -1 -10 0 -10 -1 -10 -1 -11 -1 -10 -1 -10 -1 -11 0 -10 -1 -11 -1 -10 -1 -11 0 0 -1 -11 -2 -11 -1 -11 -1 -11 -1 -11 -1 -11 -1 -12 -2 -11 -1 -11 -2 -11 -2 -12 -2 -12 -3 -12 -3 -12 -2 -13 -2 -13 -3 -13 -3 -13 -2 -13 -3 -13 -2 -13 -2 -13 -3 -13 -4 -14 -3 -14 -2 -14 0 0 0 0 0 0 0 0 0 0]"""
"""1770911352674587,CSI_DATA,STATION,00:00:00:00:00:00,0,0,0,0,0,0,0,0,0,0,0,0,0,0,0,0,0,0,0,0,0,128,[84 -64 4 0 0 0 0 0 0 0 0 0 -2 -9 -1 -9 -2 -9 -1 -10 -1 -10 -1 -10 0 -10 0 -10 0 -10 0 -10 0 -10 0 -10 0 -10 1 -10 1 -11 1 -10 1 -10 1 -10 1 -11 2 -11 1 -10 1 -11 1 -10 1 -11 1 -11 1 -11 0 0 1 -11 1 -11 1 -12 1 -11 1 -12 0 -12 1 -12 1 -12 1 -12 0 -12 0 -13 0 -12 0 -12 0 -13 0 -13 0 -13 -1 -13 -1 -14 0 -13 0 -13 0 -14 0 -14 -1 -14 -1 -15 -1 -15 -1 -15 0 0 0 0 0 0 0 0 0 0]"""
"""1770911352679626,CSI_DATA,STATION,00:00:00:00:00:00,0,0,0,0,0,0,0,0,0,0,0,0,0,0,0,0,0,0,0,0,0,128,[84 -64 4 0 0 0 0 0 0 0 0 0 7 -2 7 -2 7 -1 7 -1 7 -1 8 -1 8 -1 8 -1 8 -1 8 0 8 -1 8 0 8 0 8 0 8 0 8 0 8 0 8 0 8 1 8 1 8 1 8 1 8 0 9 0 9 1 9 0 0 0 9 0 9 0 9 0 9 0 9 0 9 0 9 0 9 0 9 0 9 -1 9 -1 10 -1 10 -1 10 -1 10 -1 11 -1 10 -1 11 -2 11 -1 11 -1 11 -1 11 -1 11 -1 12 -2 12 -2 12 -2 0 0 0 0 0 0 0 0 0 0]"""
"""1770911352684257,CSI_DATA,STATION,00:00:00:00:00:00,0,0,0,0,0,0,0,0,0,0,0,0,0,0,0,0,0,0,0,0,0,128,[84 -64 4 0 0 0 0 0 0 0 0 0 -7 -3 -8 -3 -8 -4 -8 -4 -8 -4 -7 -4 -7 -5 -7 -5 -8 -5 -8 -5 -8 -5 -7 -5 -8 -6 -8 -6 -8 -6 -7 -6 -7 -6 -7 -6 -7 -6 -7 -7 -7 -7 -8 -6 -7 -6 -8 -7 -8 -6 -8 -6 0 0 -7 -6 -8 -6 -8 -6 -8 -6 -9 -6 -8 -7 -9 -7 -9 -7 -8 -6 -9 -6 -9 -7 -9 -7 -9 -7 -9 -7 -9 -7 -10 -7 -10 -7 -10 -7 -10 -7 -10 -7 -10 -7 -11 -7 -10 -8 -11 -7 -11 -7 -11 -7 0 0 0 0 0 0 0 0 0 0]"""
"""1770911352688882,CSI_DATA,STATION,00:00:00:00:00:00,0,0,0,0,0,0,0,0,0,0,0,0,0,0,0,0,0,0,0,0,0,128,[84 -64 4 0 0 0 0 0 0 0 0 0 -7 5 -8 5 -8 4 -8 5 -8 4 -9 4 -8 5 -9 4 -9 4 -9 4 -9 4 -9 4 -9 4 -9 4 -10 3 -10 3 -10 3 -9 3 -10 3 -10 3 -10 3 -10 3 -10 3 -10 3 -10 3 -10 3 0 0 -10 3 -10 4 -11 3 -11 4 -11 3 -11 4 -11 3 -11 4 -11 4 -11 5 -11 5 -11 4 -11 4 -12 5 -12 5 -12 5 -11 5 -12 6 -12 6 -12 6 -13 6 -13 6 -13 5 -12 6 -13 6 -13 6 0 0 0 0 0 0 0 0 0 0]"""
"""1770911352693542,CSI_DATA,STATION,00:00:00:00:00:00,0,0,0,0,0,0,0,0,0,0,0,0,0,0,0,0,0,0,0,0,0,128,[14 -32 0 0 0 0 0 0 0 0 0 0 -7 6 -7 6 -7 5 -7 5 -7 5 -8 5 -9 5 -9 5 -9 4 -8 5 -9 5 -9 5 -9 4 -9 5 -9 4 -10 5 -9 4 -9 4 -10 4 -10 4 -10 3 -10 3 -10 4 -10 4 -10 4 -10 4 0 0 -10 4 -10 4 -10 4 -11 4 -10 4 -11 4 -10 4 -10 4 -11 5 -11 5 -11 6 -10 5 -11 5 -11 5 -11 6 -11 6 -11 6 -11 6 -12 6 -12 6 -12 6 -12 6 -12 6 -12 7 -12 7 -13 7 0 0 0 0 0 0 0 0 0 0]"""
"""1770911352698454,CSI_DATA,STATION,00:00:00:00:00:00,0,0,0,0,0,0,0,0,0,0,0,0,0,0,0,0,0,0,0,0,0,128,[84 -64 4 0 0 0 0 0 0 0 0 0 -7 2 -8 3 -8 2 -9 1 -8 2 -9 2 -9 2 -9 2 -9 1 -9 1 -9 1 -9 1 -9 1 -9 1 -10 1 -9 1 -9 1 -9 0 -10 0 -10 0 -10 0 -10 0 -10 1 -10 0 -10 0 -10 1 0 0 -10 1 -10 1 -10 1 -10 1 -11 1 -10 1 -11 1 -10 1 -10 2 -10 2 -11 2 -11 2 -11 2 -11 2 -11 2 -12 2 -11 2 -12 3 -12 3 -12 3 -12 3 -12 2 -12 2 -12 3 -13 3 -13 3 0 0 0 0 0 0 0 0 0 0]"""
"""1770911352705293,CSI_DATA,STATION,00:00:00:00:00:00,0,0,0,0,0,0,0,0,0,0,0,0,0,0,0,0,0,0,0,0,0,128,[84 -64 4 0 0 0 0 0 0 0 0 0 1 8 1 9 1 9 1 9 0 9 0 9 0 9 -1 9 -1 9 0 9 -1 10 -1 9 -1 10 -1 10 -1 10 -1 10 -1 10 -2 10 -1 10 -1 10 -1 10 -2 10 -2 10 -1 10 -1 10 -1 10 0 0 -1 10 -1 10 -1 11 -1 11 -1 11 -1 11 -1 11 -1 11 -1 11 0 11 0 11 0 11 0 12 0 12 0 12 0 12 1 12 1 12 0 13 0 12 0 13 1 13 1 13 2 14 1 13 1 14 0 0 0 0 0 0 0 0 0 0]"""
"""1770911352710217,CSI_DATA,STATION,00:00:00:00:00:00,0,0,0,0,0,0,0,0,0,0,0,0,0,0,0,0,0,0,0,0,0,128,[84 -64 4 0 0 0 0 0 0 0 0 0 3 8 3 8 3 8 3 9 3 9 3 9 2 9 2 9 2 9 2 9 2 10 1 9 2 10 2 9 1 10 1 10 1 9 1 10 1 10 1 10 1 10 1 10 1 10 1 10 1 10 1 10 0 0 1 10 2 10 2 10 2 11 2 11 2 11 2 11 2 11 2 11 2 11 2 11 2 11 3 12 3 11 3 12 3 12 3 12 3 12 3 13 3 12 4 12 3 12 4 13 4 13 4 13 4 13 0 0 0 0 0 0 0 0 0 0]"""
"""1770911352715706,CSI_DATA,STATION,00:00:00:00:00:00,0,0,0,0,0,0,0,0,0,0,0,0,0,0,0,0,0,0,0,0,0,128,[84 -64 4 0 0 0 0 0 0 0 0 0 -2 9 -2 9 -2 8 -2 9 -2 9 -3 9 -3 9 -4 9 -4 9 -4 9 -4 9 -4 9 -4 9 -4 9 -5 9 -5 9 -5 9 -4 9 -5 9 -5 9 -5 9 -5 9 -5 9 -5 9 -5 9 -5 10 0 0 -6 9 -5 9 -5 10 -5 10 -5 10 -5 9 -5 10 -5 10 -5 10 -5 10 -5 11 -5 10 -5 11 -5 11 -5 11 -5 11 -5 12 -5 12 -5 12 -5 12 -5 12 -5 12 -5 12 -5 13 -5 13 -5 13 0 0 0 0 0 0 0 0 0 0]"""
"""1770911352721110,CSI_DATA,STATION,00:00:00:00:00:00,0,0,0,0,0,0,0,0,0,0,0,0,0,0,0,0,0,0,0,0,0,128,[84 -64 4 0 0 0 0 0 0 0 0 0 -1 9 -1 9 -1 9 -1 9 -2 9 -2 9 -3 9 -3 9 -3 9 -3 9 -3 10 -3 9 -3 10 -3 9 -3 9 -4 9 -4 10 -4 9 -4 10 -4 9 -4 9 -4 10 -5 9 -4 10 -4 10 -4 10 0 0 -4 10 -4 10 -4 10 -4 10 -4 10 -4 10 -4 10 -4 10 -4 11 -4 11 -4 11 -3 11 -3 11 -3 12 -4 12 -3 12 -3 12 -4 12 -4 13 -4 12 -4 13 -4 13 -4 13 -3 13 -4 14 -4 14 0 0 0 0 0 0 0 0 0 0]"""
"""1770911352726197,CSI_DATA,STATION,00:00:00:00:00:00,0,0,0,0,0,0,0,0,0,0,0,0,0,0,0,0,0,0,0,0,0,128,[84 -64 4 0 0 0 0 0 0 0 0 0 -8 -4 -8 -4 -8 -4 -8 -5 -8 -5 -8 -5 -8 -5 -8 -5 -7 -5 -8 -6 -8 -6 -8 -6 -8 -6 -8 -6 -7 -7 -7 -6 -8 -6 -8 -6 -7 -7 -7 -7 -8 -7 -8 -7 -7 -7 -8 -7 -8 -7 -8 -6 0 0 -8 -7 -8 -6 -8 -7 -8 -6 -9 -6 -8 -7 -9 -7 -9 -7 -8 -7 -9 -7 -9 -6 -9 -6 -9 -7 -10 -7 -10 -6 -10 -6 -10 -7 -11 -7 -10 -7 -11 -6 -11 -7 -11 -7 -11 -7 -12 -7 -11 -7 -11 -7 0 0 0 0 0 0 0 0 0 0]"""
"""1770911352731706,CSI_DATA,STATION,00:00:00:00:00:00,0,0,0,0,0,0,0,0,0,0,0,0,0,0,0,0,0,0,0,0,0,128,[84 -64 4 0 0 0 0 0 0 0 0 0 -8 3 -8 2 -8 2 -9 2 -8 1 -9 1 -9 2 -9 1 -9 1 -9 1 -10 1 -10 1 -9 1 -10 1 -10 0 -10 1 -9 1 -9 0 -10 0 -10 0 -10 0 -10 0 -10 1 -10 0 -10 0 -10 1 0 0 -10 1 -10 1 -10 1 -10 1 -10 1 -10 1 -10 1 -11 1 -11 2 -11 2 -11 2 -11 2 -11 2 -11 3 -11 3 -12 3 -11 2 -12 4 -12 3 -12 3 -12 3 -12 3 -12 3 -12 3 -13 4 -13 4 0 0 0 0 0 0 0 0 0 0]"""
"""1770911352734461,CSI_DATA,STATION,00:00:00:00:00:00,0,0,0,0,0,0,0,0,0,0,0,0,0,0,0,0,0,0,0,0,0,128,[84 -64 4 0 0 0 0 0 0 0 0 0 3 -9 3 -9 4 -9 4 -9 4 -9 4 -9 5 -9 5 -9 5 -9 5 -8 5 -9 5 -9 5 -8 6 -8 6 -8 6 -9 6 -9 6 -9 6 -9 7 -8 6 -8 7 -8 6 -8 6 -9 6 -9 6 -9 0 0 6 -9 6 -9 7 -9 6 -9 6 -9 6 -10 6 -9 6 -10 6 -10 6 -10 6 -11 6 -11 6 -11 6 -11 6 -11 7 -12 6 -11 6 -12 7 -12 6 -12 7 -12 6 -12 7 -12 6 -13 7 -13 6 -13 0 0 0 0 0 0 0 0 0 0]"""
"""1770911352739483,CSI_DATA,STATION,00:00:00:00:00:00,0,0,0,0,0,0,0,0,0,0,0,0,0,0,0,0,0,0,0,0,0,128,[84 -64 4 0 0 0 0 0 0 0 0 0 -8 -4 -8 -4 -8 -5 -8 -5 -8 -5 -8 -5 -8 -5 -8 -5 -8 -6 -8 -6 -8 -6 -8 -6 -8 -6 -8 -7 -7 -7 -7 -6 -7 -6 -7 -7 -8 -7 -7 -7 -7 -7 -8 -7 -8 -7 -8 -7 -7 -7 -8 -7 0 0 -8 -7 -8 -7 -8 -7 -8 -6 -9 -7 -8 -7 -8 -7 -9 -7 -9 -7 -9 -6 -9 -6 -9 -7 -9 -7 -9 -7 -10 -7 -10 -6 -10 -7 -10 -7 -10 -7 -11 -7 -11 -7 -11 -7 -11 -7 -11 -7 -11 -7 -11 -7 0 0 0 0 0 0 0 0 0 0]"""
"""1770911352747202,CSI_DATA,STATION,00:00:00:00:00:00,0,0,0,0,0,0,0,0,0,0,0,0,0,0,0,0,0,0,0,0,0,128,[84 -64 4 0 0 0 0 0 0 0 0 0 -10 -2 -10 -3 -10 -3 -10 -4 -10 -4 -10 -4 -10 -4 -10 -4 -10 -4 -10 -5 -10 -5 -10 -4 -10 -5 -10 -5 -9 -5 -10 -5 -10 -5 -10 -6 -10 -6 -9 -6 -9 -6 -10 -6 -10 -6 -10 -6 -10 -6 -10 -5 0 0 -10 -5 -10 -5 -10 -6 -10 -5 -11 -5 -10 -5 -11 -5 -11 -5 -11 -5 -11 -5 -12 -5 -12 -5 -12 -5 -12 -5 -12 -5 -13 -4 -12 -5 -13 -5 -13 -5 -13 -5 -13 -5 -13 -5 -13 -5 -14 -5 -14 -5 -14 -5 0 0 0 0 0 0 0 0 0 0]"""
"""1770911352751787,CSI_DATA,STATION,00:00:00:00:00:00,0,0,0,0,0,0,0,0,0,0,0,0,0,0,0,0,0,0,0,0,0,128,[84 -64 4 0 0 0 0 0 0 0 0 0 -9 -5 -8 -6 -8 -6 -9 -6 -8 -6 -8 -7 -8 -7 -8 -7 -8 -8 -8 -8 -8 -7 -8 -7 -8 -8 -8 -8 -8 -8 -7 -8 -8 -8 -7 -8 -8 -9 -7 -9 -7 -9 -7 -9 -7 -8 -8 -9 -8 -9 -8 -9 0 0 -8 -9 -7 -9 -8 -9 -7 -8 -9 -9 -8 -9 -8 -9 -8 -9 -9 -9 -9 -8 -9 -9 -9 -8 -9 -9 -10 -9 -9 -9 -10 -9 -10 -9 -10 -9 -10 -9 -10 -9 -10 -10 -10 -10 -10 -9 -11 -10 -11 -10 -11 -10 0 0 0 0 0 0 0 0 0 0]"""
"""1770911352756289,CSI_DATA,STATION,00:00:00:00:00:00,0,0,0,0,0,0,0,0,0,0,0,0,0,0,0,0,0,0,0,0,0,128,[84 -64 4 0 0 0 0 0 0 0 0 0 -8 4 -8 4 -7 4 -8 4 -8 3 -9 3 -9 3 -9 3 -9 3 -9 3 -9 3 -9 3 -9 2 -9 2 -10 2 -10 3 -9 2 -9 2 -10 2 -10 2 -10 2 -9 2 -10 2 -10 2 -10 2 -10 2 0 0 -10 2 -10 2 -10 2 -10 2 -10 2 -10 2 -10 2 -10 2 -10 3 -10 3 -10 4 -10 3 -10 3 -11 3 -11 3 -11 4 -11 4 -12 4 -11 4 -11 4 -12 4 -12 4 -12 4 -12 4 -12 4 -12 5 0 0 0 0 0 0 0 0 0 0]"""
"""1770911352761721,CSI_DATA,STATION,00:00:00:00:00:00,0,0,0,0,0,0,0,0,0,0,0,0,0,0,0,0,0,0,0,0,0,128,[84 -64 4 0 0 0 0 0 0 0 0 0 -4 9 -5 9 -4 8 -5 8 -5 8 -6 8 -6 8 -6 8 -6 8 -6 8 -7 9 -7 8 -7 8 -7 7 -7 8 -7 8 -7 8 -7 8 -7 7 -7 8 -7 7 -7 8 -8 8 -7 8 -7 8 -8 8 0 0 -8 8 -7 8 -7 8 -7 8 -7 8 -7 8 -7 8 -7 8 -7 9 -7 9 -7 10 -7 9 -7 9 -7 10 -7 10 -7 10 -7 10 -7 11 -7 11 -7 11 -7 11 -7 11 -7 11 -8 11 -8 12 -8 12 0 0 0 0 0 0 0 0 0 0]"""
"""1770911352767322,CSI_DATA,STATION,00:00:00:00:00:00,0,0,0,0,0,0,0,0,0,0,0,0,0,0,0,0,0,0,0,0,0,128,[84 -64 4 0 0 0 0 0 0 0 0 0 3 -9 4 -10 3 -9 4 -9 4 -9 5 -10 5 -10 5 -9 5 -9 5 -9 6 -10 6 -9 5 -9 6 -9 6 -9 6 -9 6 -9 6 -9 6 -9 6 -9 6 -8 6 -9 6 -9 6 -9 6 -9 6 -9 0 0 6 -9 5 -9 6 -9 6 -9 6 -10 6 -10 5 -10 6 -10 6 -11 5 -10 6 -11 6 -11 5 -11 5 -11 6 -11 6 -12 6 -12 6 -12 6 -12 6 -12 6 -13 6 -12 5 -12 6 -13 6 -13 6 -13 0 0 0 0 0 0 0 0 0 0]"""
"""1770911352771878,CSI_DATA,STATION,00:00:00:00:00:00,0,0,0,0,0,0,0,0,0,0,0,0,0,0,0,0,0,0,0,0,0,128,[84 -64 4 0 0 0 0 0 0 0 0 0 -9 -2 -9 -2 -9 -3 -9 -3 -9 -3 -9 -3 -9 -4 -9 -4 -9 -4 -9 -4 -9 -4 -9 -4 -9 -5 -9 -5 -9 -5 -9 -4 -9 -5 -9 -5 -9 -5 -8 -6 -8 -6 -9 -5 -9 -5 -9 -5 -9 -5 -9 -5 0 0 -9 -5 -9 -5 -9 -5 -9 -4 -10 -5 -9 -5 -9 -5 -10 -5 -10 -5 -10 -5 -10 -4 -10 -5 -10 -5 -11 -5 -11 -5 -11 -5 -11 -5 -11 -5 -11 -5 -12 -5 -12 -5 -12 -5 -12 -5 -12 -5 -12 -5 -12 -5 0 0 0 0 0 0 0 0 0 0]"""
"""1770911352776578,CSI_DATA,STATION,00:00:00:00:00:00,0,0,0,0,0,0,0,0,0,0,0,0,0,0,0,0,0,0,0,0,0,128,[84 -64 4 0 0 0 0 0 0 0 0 0 -4 -9 -3 -10 -4 -10 -3 -10 -3 -10 -3 -11 -2 -10 -2 -11 -2 -11 -2 -11 -2 -11 -2 -10 -2 -11 -1 -11 -1 -12 -1 -11 -1 -11 -1 -10 -1 -11 -1 -12 -1 -11 -1 -11 -1 -11 -1 -11 -2 -12 -1 -11 0 0 -1 -11 -2 -11 -2 -12 -2 -11 -2 -12 -2 -12 -2 -12 -2 -12 -2 -12 -3 -12 -3 -12 -3 -12 -3 -12 -3 -13 -2 -13 -3 -13 -4 -13 -4 -13 -3 -13 -3 -13 -4 -14 -3 -13 -4 -14 -5 -14 -4 -14 -4 -14 0 0 0 0 0 0 0 0 0 0]"""
"""1770911352781796,CSI_DATA,STATION,00:00:00:00:00:00,0,0,0,0,0,0,0,0,0,0,0,0,0,0,0,0,0,0,0,0,0,128,[84 -64 4 0 0 0 0 0 0 0 0 0 6 -8 6 -8 6 -7 7 -7 7 -7 7 -8 8 -8 7 -7 8 -7 8 -6 8 -7 8 -7 8 -6 8 -6 9 -6 8 -6 9 -6 8 -6 9 -6 9 -6 8 -6 8 -6 9 -6 9 -6 9 -6 9 -6 0 0 9 -6 8 -6 9 -6 9 -7 9 -7 9 -7 9 -7 9 -7 9 -7 9 -7 9 -7 9 -7 9 -7 10 -7 10 -8 10 -8 10 -8 10 -9 10 -8 10 -9 11 -9 10 -8 10 -8 11 -9 11 -9 11 -9 0 0 0 0 0 0 0 0 0 0]"""
"""1770911352786973,CSI_DATA,STATION,00:00:00:00:00:00,0,0,0,0,0,0,0,0,0,0,0,0,0,0,0,0,0,0,0,0,0,128,[84 -64 4 0 0 0 0 0 0 0 0 0 -2 9 -2 9 -2 9 -3 10 -3 9 -3 9 -4 10 -4 10 -4 9 -4 9 -4 9 -5 9 -4 9 -5 9 -5 9 -5 9 -5 9 -5 9 -5 9 -5 9 -5 8 -5 9 -6 9 -5 9 -5 9 -6 9 0 0 -5 9 -5 9 -5 10 -5 10 -5 10 -5 10 -5 10 -5 10 -5 10 -5 10 -5 11 -5 10 -5 11 -5 11 -5 11 -5 12 -5 12 -5 12 -5 12 -5 12 -5 12 -5 12 -5 12 -5 13 -5 13 -5 13 0 0 0 0 0 0 0 0 0 0]"""
"""1770911352792070,CSI_DATA,STATION,00:00:00:00:00:00,0,0,0,0,0,0,0,0,0,0,0,0,0,0,0,0,0,0,0,0,0,128,[84 -64 4 0 0 0 0 0 0 0 0 0 -9 0 -9 0 -10 -1 -9 -1 -9 -2 -9 -1 -10 -2 -9 -2 -9 -2 -10 -3 -10 -2 -10 -2 -9 -3 -9 -3 -9 -3 -10 -2 -9 -3 -10 -3 -10 -3 -10 -4 -10 -3 -10 -3 -10 -3 -10 -4 -9 -4 -10 -3 0 0 -10 -3 -10 -3 -10 -3 -10 -3 -10 -3 -11 -3 -10 -3 -10 -3 -11 -3 -11 -2 -11 -2 -11 -3 -11 -2 -11 -3 -12 -2 -12 -2 -12 -3 -12 -2 -12 -2 -13 -2 -12 -2 -13 -2 -13 -3 -13 -2 -13 -2 -13 -2 0 0 0 0 0 0 0 0 0 0]"""
"""1770911352797163,CSI_DATA,STATION,00:00:00:00:00:00,0,0,0,0,0,0,0,0,0,0,0,0,0,0,0,0,0,0,0,0,0,128,[84 -64 4 0 0 0 0 0 0 0 0 0 -3 8 -3 8 -3 7 -4 8 -4 7 -4 8 -5 8 -5 8 -5 7 -5 7 -5 8 -5 7 -5 7 -5 7 -6 7 -6 7 -6 7 -6 8 -6 7 -6 7 -6 7 -6 7 -7 7 -6 7 -6 7 -6 8 0 0 -7 7 -6 7 -6 8 -6 8 -6 7 -6 7 -6 7 -6 8 -7 8 -7 8 -7 9 -6 8 -6 9 -6 9 -7 9 -6 9 -6 9 -7 9 -7 10 -7 9 -7 10 -7 10 -7 10 -7 10 -7 10 -7 10 0 0 0 0 0 0 0 0 0 0]"""
"""1770911352802334,CSI_DATA,STATION,00:00:00:00:00:00,0,0,0,0,0,0,0,0,0,0,0,0,0,0,0,0,0,0,0,0,0,128,[84 -64 4 0 0 0 0 0 0 0 0 0 -4 -8 -4 -8 -4 -9 -4 -9 -3 -9 -3 -9 -3 -9 -3 -9 -3 -9 -3 -10 -2 -9 -2 -9 -2 -10 -2 -10 -2 -10 -2 -10 -1 -9 -2 -9 -2 -10 -1 -10 -2 -10 -2 -10 -1 -10 -1 -10 -2 -10 -2 -10 0 0 -2 -10 -2 -10 -2 -10 -2 -10 -2 -10 -2 -11 -2 -11 -3 -11 -3 -11 -3 -11 -3 -11 -3 -11 -3 -11 -3 -11 -3 -12 -3 -11 -3 -12 -4 -12 -3 -12 -3 -12 -3 -12 -4 -12 -3 -13 -4 -13 -4 -13 -3 -13 0 0 0 0 0 0 0 0 0 0]"""
"""1770911352807456,CSI_DATA,STATION,00:00:00:00:00:00,0,0,0,0,0,0,0,0,0,0,0,0,0,0,0,0,0,0,0,0,0,128,[84 -64 4 0 0 0 0 0 0 0 0 0 -9 1 -9 1 -9 0 -9 0 -9 -1 -10 0 -10 0 -10 0 -10 -1 -10 -1 -10 -1 -10 -1 -9 -1 -10 -2 -10 -2 -10 -1 -10 -1 -10 -2 -10 -2 -10 -2 -10 -2 -10 -2 -10 -2 -10 -2 -10 -2 -10 -1 0 0 -10 -1 -10 -2 -10 -2 -10 -1 -11 -2 -11 -1 -11 -1 -11 -1 -11 -1 -11 -1 -11 0 -11 -1 -11 -1 -12 -1 -12 0 -12 0 -12 0 -13 0 -13 0 -12 0 -13 0 -13 0 -13 0 -13 0 -13 0 -13 0 0 0 0 0 0 0 0 0 0 0]"""
"""1770911352812586,CSI_DATA,STATION,00:00:00:00:00:00,0,0,0,0,0,0,0,0,0,0,0,0,0,0,0,0,0,0,0,0,0,128,[84 -64 4 0 0 0 0 0 0 0 0 0 7 -4 7 -5 7 -4 8 -3 8 -3 8 -4 8 -3 8 -3 9 -3 8 -2 9 -3 9 -3 9 -2 8 -2 9 -2 9 -2 9 -2 9 -2 9 -2 9 -1 9 -2 9 -1 9 -2 9 -2 9 -2 9 -2 0 0 9 -2 9 -2 10 -2 10 -2 9 -2 10 -2 10 -2 9 -2 10 -2 10 -3 10 -4 10 -3 10 -3 11 -3 11 -3 11 -3 11 -3 11 -4 11 -3 11 -4 12 -4 11 -3 11 -3 11 -4 12 -4 12 -4 0 0 0 0 0 0 0 0 0 0]"""
"""1770911352817678,CSI_DATA,STATION,00:00:00:00:00:00,0,0,0,0,0,0,0,0,0,0,0,0,0,0,0,0,0,0,0,0,0,128,[84 -64 4 0 0 0 0 0 0 0 0 0 -6 6 -7 6 -7 5 -7 6 -7 5 -7 6 -7 6 -8 5 -8 5 -8 5 -8 5 -8 5 -8 5 -8 5 -9 5 -8 5 -8 5 -8 5 -8 5 -9 4 -9 5 -9 5 -9 5 -9 5 -9 5 -9 5 0 0 -9 6 -8 5 -8 6 -8 6 -8 6 -9 6 -9 6 -9 6 -8 7 -9 7 -9 7 -9 7 -9 7 -9 7 -9 7 -9 8 -8 7 -9 8 -9 9 -9 8 -9 9 -9 9 -9 8 -9 9 -9 9 -9 9 0 0 0 0 0 0 0 0 0 0]"""
"""1770911352823268,CSI_DATA,STATION,00:00:00:00:00:00,0,0,0,0,0,0,0,0,0,0,0,0,0,0,0,0,0,0,0,0,0,128,[84 -64 4 0 0 0 0 0 0 0 0 0 8 5 8 5 8 6 8 6 7 6 7 6 8 7 7 7 7 7 7 8 7 7 7 7 7 8 7 8 6 8 7 8 6 8 6 8 6 8 6 9 6 9 6 9 6 8 7 9 6 9 6 9 0 0 6 9 6 8 7 9 6 8 7 9 6 9 7 9 7 9 7 8 7 8 8 9 7 9 8 9 8 9 8 9 9 9 9 10 9 10 9 10 8 10 9 10 9 10 9 10 9 10 9 10 10 10 0 0 0 0 0 0 0 0 0 0]"""
"""1770911352828896,CSI_DATA,STATION,00:00:00:00:00:00,0,0,0,0,0,0,0,0,0,0,0,0,0,0,0,0,0,0,0,0,0,128,[84 -64 4 0 0 0 0 0 0 0 0 0 8 4 8 4 8 5 8 5 8 5 8 5 8 6 8 6 8 6 8 7 8 6 8 6 8 7 7 7 7 7 8 7 7 7 7 7 7 7 7 8 7 8 7 8 7 7 8 8 7 8 7 7 0 0 7 7 8 8 8 8 8 7 8 8 8 8 8 8 8 8 9 7 9 7 9 7 9 8 9 8 10 8 9 8 10 8 10 8 10 8 11 8 10 7 11 8 11 8 11 9 11 9 11 9 11 8 0 0 0 0 0 0 0 0 0 0]"""
"""1770911352833931,CSI_DATA,STATION,00:00:00:00:00:00,0,0,0,0,0,0,0,0,0,0,0,0,0,0,0,0,0,0,0,0,0,128,[84 -64 4 0 0 0 0 0 0 0 0 0 -7 7 -7 7 -7 7 -8 7 -8 6 -9 7 -9 6 -9 6 -9 6 -9 6 -9 6 -9 6 -9 6 -9 5 -10 5 -9 6 -10 6 -10 5 -9 5 -10 5 -10 5 -10 5 -10 5 -10 5 -10 5 -10 5 0 0 -10 6 -10 6 -10 6 -10 6 -10 6 -10 6 -10 6 -10 6 -10 7 -10 7 -10 8 -10 7 -10 7 -10 8 -11 8 -11 8 -11 8 -11 9 -11 9 -11 9 -11 9 -11 9 -11 9 -11 9 -12 10 -12 9 0 0 0 0 0 0 0 0 0 0]"""
"""1770911352841051,CSI_DATA,STATION,00:00:00:00:00:00,0,0,0,0,0,0,0,0,0,0,0,0,0,0,0,0,0,0,0,0,0,128,[84 -64 4 0 0 0 0 0 0 0 0 0 -10 2 -10 3 -11 2 -12 1 -11 1 -11 1 -11 1 -11 1 -11 1 -11 0 -11 0 -11 0 -12 0 -11 -1 -11 -1 -11 0 -11 0 -11 -1 -12 -1 -11 -1 -12 -1 -12 -1 -11 -1 -11 -1 -12 -1 -12 0 0 0 -12 -1 -11 0 -12 -1 -12 0 -13 -1 -12 -1 -12 0 -13 0 -12 0 -12 0 -13 1 -13 0 -13 0 -14 0 -14 1 -14 1 -14 1 -14 1 -14 1 -14 1 -14 1 -15 1 -14 1 -15 1 -15 1 -15 1 0 0 0 0 0 0 0 0 0 0]"""
"""1770911352848284,CSI_DATA,STATION,00:00:00:00:00:00,0,0,0,0,0,0,0,0,0,0,0,0,0,0,0,0,0,0,0,0,0,128,[84 -64 4 0 0 0 0 0 0 0 0 0 5 6 5 6 5 6 6 7 5 7 5 7 5 7 5 7 4 7 5 8 5 7 4 8 5 8 4 8 4 8 4 8 4 8 4 8 4 8 4 9 4 8 4 8 4 8 4 8 4 8 4 8 0 0 4 9 4 9 5 9 4 8 4 9 5 9 5 9 5 9 5 8 5 8 5 8 6 9 6 9 6 9 5 9 6 9 6 9 6 9 6 10 6 9 7 10 6 10 7 10 8 10 7 10 7 10 0 0 0 0 0 0 0 0 0 0]"""
"""1770911352853202,CSI_DATA,STATION,00:00:00:00:00:00,0,0,0,0,0,0,0,0,0,0,0,0,0,0,0,0,0,0,0,0,0,128,[14 -32 0 0 0 0 0 0 0 0 0 0 2 9 2 9 2 9 2 10 1 10 1 10 1 10 1 10 1 10 1 10 0 10 0 10 0 10 0 10 0 10 0 10 0 10 -1 10 0 11 0 11 0 10 0 11 -1 10 -1 11 0 11 0 11 0 0 0 11 1 10 0 11 0 11 1 11 1 11 1 11 1 11 1 11 1 11 1 12 1 11 1 12 2 12 2 12 2 13 2 12 2 12 2 13 3 13 3 13 3 13 3 13 3 13 2 14 2 14 0 0 0 0 0 0 0 0 0 0]"""
"""1770911352857730,CSI_DATA,STATION,00:00:00:00:00:00,0,0,0,0,0,0,0,0,0,0,0,0,0,0,0,0,0,0,0,0,0,128,[84 -64 4 0 0 0 0 0 0 0 0 0 -11 1 -11 1 -11 0 -11 0 -11 -1 -11 0 -11 -1 -11 -1 -11 -1 -11 -2 -11 -1 -11 -1 -11 -2 -11 -2 -11 -3 -11 -2 -11 -2 -11 -2 -11 -3 -11 -3 -11 -3 -11 -3 -11 -2 -12 -3 -11 -3 -12 -2 0 0 -11 -2 -11 -2 -11 -2 -12 -2 -12 -2 -12 -2 -12 -2 -12 -2 -12 -2 -12 -1 -13 -1 -13 -1 -13 -1 -13 -2 -13 -1 -14 -1 -14 -1 -14 -1 -14 -1 -14 0 -15 -1 -14 -1 -15 -1 -15 -1 -15 -1 -15 0 0 0 0 0 0 0 0 0 0 0]"""
"""1770911352862326,CSI_DATA,STATION,00:00:00:00:00:00,0,0,0,0,0,0,0,0,0,0,0,0,0,0,0,0,0,0,0,0,0,128,[84 -64 4 0 0 0 0 0 0 0 0 0 4 8 3 9 3 9 3 10 3 9 3 9 2 10 2 10 2 10 2 10 2 10 1 10 1 10 2 10 1 10 1 10 1 10 1 10 1 10 1 11 1 10 1 11 0 10 1 10 1 11 1 11 0 0 0 10 1 11 1 11 1 11 1 11 2 11 1 11 2 11 1 11 2 11 2 11 2 11 2 12 2 12 1 12 2 12 3 12 3 12 2 13 2 12 3 13 2 13 3 13 3 13 3 13 3 14 0 0 0 0 0 0 0 0 0 0]"""
"""1770911352867840,CSI_DATA,STATION,00:00:00:00:00:00,0,0,0,0,0,0,0,0,0,0,0,0,0,0,0,0,0,0,0,0,0,128,[84 -64 4 0 0 0 0 0 0 0 0 0 1 -10 2 -10 2 -10 2 -10 2 -10 3 -10 3 -10 3 -10 4 -10 4 -11 4 -10 4 -10 4 -10 4 -10 4 -10 4 -10 4 -10 4 -10 4 -10 5 -10 5 -10 5 -10 5 -10 5 -10 5 -10 5 -10 0 0 5 -10 4 -10 4 -10 4 -11 5 -11 4 -11 4 -11 4 -11 4 -11 4 -11 4 -12 4 -11 4 -12 4 -12 4 -13 4 -13 4 -13 4 -13 4 -13 4 -13 4 -14 4 -14 4 -14 4 -14 4 -14 4 -14 0 0 0 0 0 0 0 0 0 0]"""
"""1770911352872701,CSI_DATA,STATION,00:00:00:00:00:00,0,0,0,0,0,0,0,0,0,0,0,0,0,0,0,0,0,0,0,0,0,128,[84 -64 4 0 0 0 0 0 0 0 0 0 -3 -10 -2 -10 -3 -10 -2 -10 -2 -11 -2 -11 -1 -11 -1 -11 -1 -11 -1 -11 -1 -11 0 -11 0 -11 0 -11 0 -11 0 -11 0 -11 0 -11 0 -11 1 -11 0 -11 0 -11 1 -12 0 -12 0 -11 0 -11 0 0 0 -11 0 -12 0 -12 0 -12 0 -12 0 -13 0 -12 0 -12 0 -12 0 -12 0 -13 -1 -12 -1 -12 -1 -13 -1 -14 -1 -14 -1 -14 -1 -14 -1 -14 -1 -14 -1 -15 -1 -14 -1 -15 -2 -15 -1 -15 -1 -15 0 0 0 0 0 0 0 0 0 0]"""
"""1770911352877659,CSI_DATA,STATION,00:00:00:00:00:00,0,0,0,0,0,0,0,0,0,0,0,0,0,0,0,0,0,0,0,0,0,128,[84 -64 4 0 0 0 0 0 0 0 0 0 2 9 1 10 2 10 1 10 1 10 1 10 1 10 0 10 0 10 0 10 0 11 0 10 0 10 0 10 -1 11 -1 11 -1 11 -1 10 -1 11 -1 11 -1 10 -1 11 -1 11 -1 11 -1 11 0 11 0 0 -1 11 0 11 0 11 0 11 0 12 0 12 0 12 0 11 0 12 0 11 1 12 1 12 1 12 1 13 0 12 1 13 1 13 2 13 1 13 2 13 2 13 2 14 2 14 3 14 2 14 2 14 0 0 0 0 0 0 0 0 0 0]"""
"""1770911352884504,CSI_DATA,STATION,00:00:00:00:00:00,0,0,0,0,0,0,0,0,0,0,0,0,0,0,0,0,0,0,0,0,0,128,[84 -64 4 0 0 0 0 0 0 0 0 0 -8 5 -8 5 -8 4 -8 4 -8 4 -8 4 -9 4 -9 3 -9 4 -9 3 -9 4 -9 4 -9 3 -9 3 -9 3 -10 3 -9 3 -9 3 -9 3 -10 2 -10 2 -9 2 -10 3 -9 3 -9 3 -10 3 0 0 -10 3 -10 3 -10 3 -10 3 -9 3 -10 3 -10 3 -10 3 -10 4 -10 4 -10 5 -10 4 -10 4 -11 5 -11 4 -11 5 -10 5 -11 5 -12 5 -11 5 -11 5 -11 5 -11 5 -11 6 -12 6 -12 6 0 0 0 0 0 0 0 0 0 0]"""
"""1770911352889130,CSI_DATA,STATION,00:00:00:00:00:00,0,0,0,0,0,0,0,0,0,0,0,0,0,0,0,0,0,0,0,0,0,128,[84 -64 4 0 0 0 0 0 0 0 0 0 8 -5 8 -5 9 -4 9 -4 9 -3 9 -4 10 -4 10 -3 10 -3 10 -3 10 -3 10 -3 10 -3 10 -2 10 -2 10 -3 10 -3 10 -2 10 -2 11 -2 10 -2 10 -2 11 -2 10 -2 10 -2 11 -3 0 0 10 -2 10 -2 10 -2 11 -3 10 -2 11 -3 11 -2 11 -3 11 -3 11 -3 11 -4 11 -4 11 -4 11 -3 12 -5 12 -5 13 -4 12 -5 12 -4 12 -5 13 -5 12 -4 13 -5 13 -6 13 -5 13 -5 0 0 0 0 0 0 0 0 0 0]"""
"""1770911352893659,CSI_DATA,STATION,00:00:00:00:00:00,0,0,0,0,0,0,0,0,0,0,0,0,0,0,0,0,0,0,0,0,0,128,[84 -64 4 0 0 0 0 0 0 0 0 0 0 8 0 8 1 8 0 9 0 9 0 8 0 8 -1 9 -1 8 -1 9 -2 9 -1 8 -1 9 -1 9 -2 9 -1 9 -2 9 -2 9 -2 9 -2 9 -1 9 -1 9 -2 9 -2 9 -2 9 -2 9 0 0 -1 9 -1 9 -1 9 -1 10 -1 10 -1 10 -1 10 0 10 -1 10 0 10 0 10 0 10 0 11 0 11 0 11 0 11 1 11 0 11 0 11 0 11 0 12 0 12 1 12 1 12 0 12 1 12 0 0 0 0 0 0 0 0 0 0]"""
"""1770911352898646,CSI_DATA,STATION,00:00:00:00:00:00,0,0,0,0,0,0,0,0,0,0,0,0,0,0,0,0,0,0,0,0,0,128,[84 -64 4 0 0 0 0 0 0 0 0 0 5 8 4 8 5 8 5 9 4 8 4 9 3 9 3 9 3 9 4 9 4 9 3 9 3 9 3 9 3 10 3 10 2 10 2 9 3 10 2 10 2 10 2 10 2 10 3 10 3 10 3 10 0 0 3 10 3 10 3 10 3 10 3 11 4 11 3 10 4 10 3 10 4 10 4 11 5 10 4 11 5 11 4 11 5 12 5 11 5 11 5 12 5 11 5 12 5 12 6 12 6 12 6 12 6 13 0 0 0 0 0 0 0 0 0 0]"""
"""1770911352904042,CSI_DATA,STATION,00:00:00:00:00:00,0,0,0,0,0,0,0,0,0,0,0,0,0,0,0,0,0,0,0,0,0,128,[84 -64 4 0 0 0 0 0 0 0 0 0 -10 -2 -10 -3 -10 -3 -11 -3 -10 -4 -11 -3 -10 -4 -10 -3 -10 -4 -10 -5 -10 -5 -10 -5 -10 -6 -10 -5 -10 -6 -10 -5 -10 -5 -10 -5 -11 -6 -10 -6 -10 -6 -10 -6 -10 -5 -10 -6 -10 -5 -10 -5 0 0 -10 -5 -11 -4 -11 -5 -11 -5 -11 -5 -11 -5 -11 -5 -11 -5 -12 -4 -11 -4 -12 -4 -12 -4 -12 -5 -12 -5 -13 -4 -13 -4 -13 -5 -14 -4 -13 -4 -14 -4 -14 -4 -14 -4 -14 -4 -14 -4 -14 -4 -14 -4 0 0 0 0 0 0 0 0 0 0]"""
"""1770911352909205,CSI_DATA,STATION,00:00:00:00:00:00,0,0,0,0,0,0,0,0,0,0,0,0,0,0,0,0,0,0,0,0,0,128,[84 -64 4 0 0 0 0 0 0 0 0 0 -9 2 -9 1 -9 1 -9 0 -10 0 -10 0 -9 0 -10 0 -9 0 -10 -1 -10 0 -10 0 -10 -1 -10 -1 -10 -1 -10 -1 -10 -1 -10 -1 -10 -1 -10 -2 -10 -2 -10 -2 -10 -1 -10 -2 -10 -1 -11 -1 0 0 -10 -1 -11 -1 -10 -1 -11 -1 -11 -1 -11 -1 -11 -1 -11 -1 -11 -1 -11 0 -12 0 -11 -1 -11 0 -11 0 -12 0 -12 0 -12 0 -12 0 -12 0 -12 0 -13 0 -12 0 -13 0 -13 1 -13 0 -13 0 0 0 0 0 0 0 0 0 0 0]"""
"""1770911352913863,CSI_DATA,STATION,00:00:00:00:00:00,0,0,0,0,0,0,0,0,0,0,0,0,0,0,0,0,0,0,0,0,0,128,[84 -64 4 0 0 0 0 0 0 0 0 0 3 9 2 9 2 9 2 9 2 10 1 9 1 10 0 10 1 10 1 10 1 10 0 10 0 10 0 10 0 11 0 10 0 10 -1 10 0 10 0 11 0 10 0 10 0 10 0 10 0 11 0 10 0 0 0 10 1 11 0 11 1 11 1 12 1 11 1 11 1 11 0 11 1 11 1 11 1 11 1 12 1 12 1 12 2 12 2 12 2 12 2 13 2 12 2 13 2 13 2 13 3 14 2 14 2 13 0 0 0 0 0 0 0 0 0 0]"""
"""1770911352919001,CSI_DATA,STATION,00:00:00:00:00:00,0,0,0,0,0,0,0,0,0,0,0,0,0,0,0,0,0,0,0,0,0,128,[84 -64 4 0 0 0 0 0 0 0 0 0 -9 1 -10 1 -10 0 -10 0 -9 0 -10 0 -10 0 -10 0 -9 0 -10 -1 -10 -1 -10 -1 -10 -2 -10 -2 -10 -2 -10 -1 -10 -1 -10 -2 -10 -2 -10 -2 -10 -2 -10 -2 -10 -2 -10 -2 -10 -2 -11 -1 0 0 -10 -1 -10 -1 -10 -1 -11 -1 -11 -2 -11 -1 -11 -1 -11 -1 -11 -1 -11 0 -11 0 -11 -1 -11 -1 -12 0 -12 0 -12 0 -12 0 -12 0 -12 1 -13 0 -13 0 -13 0 -13 0 -13 0 -13 0 -13 0 0 0 0 0 0 0 0 0 0 0]"""
"""1770911352924169,CSI_DATA,STATION,00:00:00:00:00:00,0,0,0,0,0,0,0,0,0,0,0,0,0,0,0,0,0,0,0,0,0,128,[84 -64 4 0 0 0 0 0 0 0 0 0 -9 -1 -9 0 -9 -1 -10 -2 -10 -1 -10 -2 -10 -2 -10 -2 -10 -2 -10 -3 -10 -3 -10 -3 -10 -3 -10 -3 -10 -3 -10 -2 -10 -2 -10 -3 -10 -3 -10 -3 -10 -3 -10 -3 -10 -3 -10 -3 -10 -3 -10 -3 0 0 -10 -3 -10 -2 -10 -2 -10 -2 -11 -3 -11 -2 -11 -2 -11 -2 -11 -2 -11 -2 -12 -2 -11 -2 -11 -2 -11 -2 -12 -1 -12 -1 -12 -2 -13 -1 -12 -1 -13 -1 -13 -1 -13 -1 -13 -1 -13 -1 -13 -1 -13 -1 0 0 0 0 0 0 0 0 0 0]"""
"""1770911352932057,CSI_DATA,STATION,00:00:00:00:00:00,0,0,0,0,0,0,0,0,0,0,0,0,0,0,0,0,0,0,0,0,0,128,[84 -64 4 0 0 0 0 0 0 0 0 0 -9 3 -9 3 -9 2 -9 2 -9 2 -9 2 -10 2 -10 1 -10 1 -10 1 -10 1 -10 1 -10 1 -10 1 -10 0 -10 1 -10 1 -10 1 -10 0 -10 0 -10 0 -10 0 -10 0 -10 0 -10 0 -11 1 0 0 -11 1 -10 1 -10 1 -11 1 -11 0 -11 1 -11 0 -11 1 -11 1 -11 2 -11 2 -11 2 -11 2 -11 2 -12 2 -12 2 -12 2 -12 3 -12 2 -12 2 -13 2 -12 2 -12 2 -13 3 -13 3 -13 3 0 0 0 0 0 0 0 0 0 0]"""
"""1770911352934299,CSI_DATA,STATION,00:00:00:00:00:00,0,0,0,0,0,0,0,0,0,0,0,0,0,0,0,0,0,0,0,0,0,128,[84 -64 4 0 0 0 0 0 0 0 0 0 -2 9 -2 9 -2 9 -3 10 -2 9 -3 9 -4 10 -4 9 -4 10 -4 9 -4 10 -4 10 -4 10 -4 9 -5 9 -5 10 -5 9 -5 10 -5 9 -5 9 -5 9 -5 9 -6 9 -5 9 -5 9 -5 10 0 0 -6 10 -5 10 -5 10 -5 10 -5 10 -5 10 -5 10 -5 10 -5 11 -5 10 -5 11 -5 10 -5 11 -5 12 -6 12 -5 12 -5 12 -5 12 -5 12 -5 12 -6 13 -6 12 -5 13 -5 13 -5 13 -5 13 0 0 0 0 0 0 0 0 0 0]"""
"""1770911352939642,CSI_DATA,STATION,00:00:00:00:00:00,0,0,0,0,0,0,0,0,0,0,0,0,0,0,0,0,0,0,0,0,0,128,[84 -64 4 0 0 0 0 0 0 0 0 0 -2 8 -3 9 -2 8 -3 9 -3 8 -3 8 -4 8 -4 8 -4 8 -4 8 -4 9 -4 8 -4 9 -4 8 -5 8 -5 8 -5 8 -5 8 -5 8 -5 8 -5 8 -5 8 -5 8 -5 9 -5 8 -5 9 0 0 -5 9 -4 8 -5 9 -5 8 -5 9 -5 9 -5 9 -5 9 -5 10 -5 9 -5 10 -4 9 -5 10 -5 10 -5 10 -5 11 -4 10 -5 11 -4 11 -5 11 -5 11 -5 11 -4 11 -4 11 -5 12 -5 12 0 0 0 0 0 0 0 0 0 0]"""
"""1770911352947069,CSI_DATA,STATION,00:00:00:00:00:00,0,0,0,0,0,0,0,0,0,0,0,0,0,0,0,0,0,0,0,0,0,128,[84 -64 4 0 0 0 0 0 0 0 0 0 -6 -7 -6 -7 -6 -8 -6 -8 -6 -8 -6 -8 -6 -8 -5 -8 -5 -9 -5 -9 -5 -9 -5 -9 -5 -9 -5 -10 -5 -9 -5 -9 -5 -9 -5 -9 -5 -9 -5 -10 -5 -10 -5 -10 -4 -9 -5 -10 -5 -10 -5 -10 0 0 -5 -10 -5 -9 -5 -10 -5 -9 -5 -10 -5 -10 -6 -10 -6 -10 -6 -10 -6 -10 -6 -9 -6 -10 -6 -10 -7 -10 -6 -10 -7 -10 -7 -11 -7 -10 -7 -10 -7 -10 -7 -11 -7 -11 -8 -11 -8 -11 -8 -11 -8 -11 0 0 0 0 0 0 0 0 0 0]"""
"""1770911352952249,CSI_DATA,STATION,00:00:00:00:00:00,0,0,0,0,0,0,0,0,0,0,0,0,0,0,0,0,0,0,0,0,0,128,[84 -64 4 0 0 0 0 0 0 0 0 0 -9 -6 -9 -6 -9 -7 -9 -7 -9 -7 -9 -7 -8 -7 -8 -7 -8 -8 -9 -8 -9 -8 -8 -8 -8 -8 -8 -8 -8 -8 -8 -8 -8 -9 -8 -8 -8 -8 -8 -9 -8 -9 -8 -9 -8 -8 -8 -9 -8 -9 -8 -9 0 0 -8 -9 -8 -9 -9 -9 -8 -9 -9 -9 -9 -9 -9 -9 -9 -8 -9 -8 -9 -8 -10 -8 -10 -8 -10 -8 -11 -8 -10 -9 -11 -9 -11 -9 -11 -8 -11 -8 -11 -9 -12 -9 -12 -9 -12 -9 -13 -9 -13 -9 -12 -9 0 0 0 0 0 0 0 0 0 0]"""
"""1770911352955101,CSI_DATA,STATION,00:00:00:00:00:00,0,0,0,0,0,0,0,0,0,0,0,0,0,0,0,0,0,0,0,0,0,128,[84 -64 4 0 0 0 0 0 0 0 0 0 -5 8 -6 8 -6 8 -6 8 -6 7 -6 8 -7 8 -7 8 -7 8 -7 8 -7 8 -8 8 -8 8 -8 8 -8 7 -8 8 -8 8 -8 7 -8 7 -8 7 -8 7 -8 7 -8 7 -8 7 -8 7 -9 8 0 0 -9 7 -8 7 -8 8 -8 8 -8 8 -9 8 -8 8 -8 8 -8 8 -8 9 -9 10 -8 9 -8 9 -8 9 -9 9 -9 10 -9 10 -9 10 -9 10 -9 10 -9 10 -9 10 -9 10 -9 11 -9 11 -9 12 0 0 0 0 0 0 0 0 0 0]"""
"""1770911352960437,CSI_DATA,STATION,00:00:00:00:00:00,0,0,0,0,0,0,0,0,0,0,0,0,0,0,0,0,0,0,0,0,0,128,[84 -64 4 0 0 0 0 0 0 0 0 0 -1 9 -2 10 -1 10 -1 10 -2 10 -2 10 -3 10 -2 10 -3 9 -2 10 -3 10 -3 10 -3 10 -3 10 -4 10 -4 10 -4 10 -4 10 -4 10 -4 10 -4 10 -4 10 -4 10 -4 10 -4 10 -4 11 0 0 -4 10 -3 10 -3 11 -4 10 -3 11 -3 11 -3 11 -3 11 -4 11 -3 11 -3 12 -3 11 -3 12 -3 12 -3 12 -3 13 -3 12 -3 13 -3 13 -3 13 -2 13 -3 13 -2 13 -2 14 -3 14 -3 14 0 0 0 0 0 0 0 0 0 0]"""
"""1770911352965462,CSI_DATA,STATION,00:00:00:00:00:00,0,0,0,0,0,0,0,0,0,0,0,0,0,0,0,0,0,0,0,0,0,128,[84 -64 4 0 0 0 0 0 0 0 0 0 8 -1 8 -1 8 0 9 1 9 0 9 0 9 1 9 1 9 1 9 2 9 1 9 1 9 2 9 2 9 2 8 1 9 2 9 2 9 2 9 2 9 2 9 2 9 2 9 2 9 2 10 2 0 0 9 1 9 2 10 2 10 1 10 2 10 1 10 2 10 2 10 1 10 1 10 1 10 1 11 1 11 1 11 1 11 0 11 1 12 0 12 1 11 0 12 0 12 1 12 0 12 0 12 0 13 0 0 0 0 0 0 0 0 0 0 0]"""
"""1770911352970984,CSI_DATA,STATION,00:00:00:00:00:00,0,0,0,0,0,0,0,0,0,0,0,0,0,0,0,0,0,0,0,0,0,128,[84 -64 4 0 0 0 0 0 0 0 0 0 -6 8 -6 9 -6 8 -6 8 -6 8 -7 8 -8 8 -8 8 -8 8 -8 7 -8 8 -8 7 -8 8 -8 7 -8 7 -8 7 -9 7 -8 8 -8 7 -9 7 -8 7 -8 7 -8 7 -9 7 -8 7 -9 7 0 0 -9 7 -8 7 -8 8 -9 7 -9 8 -9 8 -9 8 -8 8 -9 8 -9 8 -9 9 -9 9 -9 9 -9 9 -9 9 -9 10 -9 10 -9 10 -9 10 -9 10 -9 10 -9 10 -9 10 -10 11 -9 11 -10 12 0 0 0 0 0 0 0 0 0 0]"""
"""1770911352976114,CSI_DATA,STATION,00:00:00:00:00:00,0,0,0,0,0,0,0,0,0,0,0,0,0,0,0,0,0,0,0,0,0,128,[84 -64 4 0 0 0 0 0 0 0 0 0 6 -7 6 -7 6 -6 6 -6 6 -6 7 -7 7 -7 7 -6 8 -6 8 -5 8 -6 8 -6 8 -5 8 -5 8 -5 8 -6 8 -6 8 -5 8 -5 8 -5 8 -5 8 -5 8 -5 8 -5 8 -5 8 -5 0 0 8 -6 8 -5 8 -6 8 -6 8 -6 8 -6 8 -6 8 -6 8 -7 8 -7 8 -7 8 -7 8 -7 8 -7 9 -8 9 -8 9 -8 9 -8 9 -8 9 -8 9 -8 9 -8 9 -8 9 -9 10 -9 9 -9 0 0 0 0 0 0 0 0 0 0]"""
"""1770911352981505,CSI_DATA,STATION,00:00:00:00:00:00,0,0,0,0,0,0,0,0,0,0,0,0,0,0,0,0,0,0,0,0,0,128,[84 -64 4 0 0 0 0 0 0 0 0 0 -4 -9 -4 -9 -4 -9 -4 -9 -3 -9 -3 -10 -3 -9 -3 -9 -3 -10 -3 -10 -2 -10 -2 -10 -2 -10 -2 -10 -2 -10 -2 -10 -2 -10 -2 -10 -2 -10 -2 -10 -2 -10 -2 -10 -1 -10 -2 -10 -2 -11 -2 -11 0 0 -2 -10 -2 -11 -2 -11 -2 -11 -2 -11 -3 -11 -3 -11 -3 -11 -2 -11 -2 -11 -2 -11 -2 -11 -3 -11 -3 -12 -3 -12 -3 -12 -3 -12 -4 -12 -3 -12 -4 -12 -3 -13 -4 -12 -4 -13 -4 -13 -3 -13 -4 -13 0 0 0 0 0 0 0 0 0 0]"""
"""1770911352986886,CSI_DATA,STATION,00:00:00:00:00:00,0,0,0,0,0,0,0,0,0,0,0,0,0,0,0,0,0,0,0,0,0,128,[84 -64 4 0 0 0 0 0 0 0 0 0 -5 8 -6 9 -6 8 -6 9 -6 8 -7 8 -7 8 -8 8 -8 8 -8 7 -8 8 -8 8 -8 8 -8 7 -8 7 -8 7 -9 7 -8 7 -9 7 -9 7 -9 7 -9 7 -9 7 -9 7 -9 7 -9 7 0 0 -9 8 -8 7 -9 8 -9 8 -9 8 -9 7 -8 8 -9 8 -9 9 -9 8 -9 9 -8 9 -9 9 -9 10 -9 9 -9 10 -9 10 -9 10 -9 10 -9 10 -10 10 -9 10 -9 10 -9 11 -10 11 -10 11 0 0 0 0 0 0 0 0 0 0]"""
"""1770911352991367,CSI_DATA,STATION,00:00:00:00:00:00,0,0,0,0,0,0,0,0,0,0,0,0,0,0,0,0,0,0,0,0,0,128,[84 -64 4 0 0 0 0 0 0 0 0 0 0 -10 1 -10 1 -11 1 -11 1 -12 2 -11 2 -11 2 -11 2 -11 2 -11 2 -11 3 -11 3 -11 3 -11 3 -10 3 -11 4 -11 4 -11 3 -11 4 -11 3 -11 3 -11 4 -11 3 -11 3 -11 3 -11 0 0 4 -11 3 -11 3 -11 3 -11 3 -12 3 -12 3 -12 3 -12 3 -12 3 -12 2 -13 2 -12 2 -13 2 -13 3 -14 2 -13 2 -14 2 -14 3 -14 2 -14 2 -14 2 -14 2 -15 1 -15 2 -15 2 -15 0 0 0 0 0 0 0 0 0 0]"""
"""1770911352997019,CSI_DATA,STATION,00:00:00:00:00:00,0,0,0,0,0,0,0,0,0,0,0,0,0,0,0,0,0,0,0,0,0,128,[84 -64 4 0 0 0 0 0 0 0 0 0 6 -7 6 -7 6 -7 6 -7 7 -6 7 -7 7 -6 7 -6 8 -7 7 -6 8 -6 8 -6 7 -6 7 -6 8 -6 8 -6 8 -6 8 -6 8 -5 8 -5 8 -5 8 -6 8 -6 8 -6 8 -6 8 -6 0 0 8 -6 8 -6 8 -6 8 -6 8 -7 8 -7 8 -6 8 -7 8 -7 8 -7 8 -7 8 -7 8 -7 8 -8 9 -8 9 -8 8 -8 8 -9 9 -9 9 -9 9 -9 9 -8 8 -9 9 -9 9 -9 9 -10 0 0 0 0 0 0 0 0 0 0]"""
"""1770911353002098,CSI_DATA,STATION,00:00:00:00:00:00,0,0,0,0,0,0,0,0,0,0,0,0,0,0,0,0,0,0,0,0,0,128,[84 -64 4 0 0 0 0 0 0 0 0 0 -3 -10 -3 -10 -2 -10 -2 -11 -2 -11 -2 -11 -1 -11 -1 -11 -1 -11 -1 -11 -1 -11 0 -11 0 -12 0 -11 -1 -12 0 -11 0 -11 0 -11 0 -12 0 -11 0 -12 0 -12 0 -11 0 -12 0 -12 0 -12 0 0 0 -12 -1 -12 -1 -12 -1 -12 0 -13 -1 -12 -1 -12 -1 -12 -1 -13 -1 -12 -1 -13 -1 -13 -2 -13 -2 -13 -1 -14 -2 -14 -2 -14 -2 -14 -2 -14 -2 -14 -2 -14 -2 -14 -2 -15 -2 -15 -2 -15 -2 -15 0 0 0 0 0 0 0 0 0 0]"""
"""1770911353012379,CSI_DATA,STATION,00:00:00:00:00:00,0,0,0,0,0,0,0,0,0,0,0,0,0,0,0,0,0,0,0,0,0,128,[14 -32 0 0 0 0 0 0 0 0 0 0 -2 -10 -2 -10 -2 -10 -1 -11 -1 -11 -1 -11 -1 -11 -1 -11 -1 -11 -1 -11 0 -11 0 -11 0 -11 0 -12 0 -12 0 -11 1 -11 0 -11 0 -11 1 -12 0 -12 1 -12 1 -12 0 -12 0 -12 0 -12 0 0 0 -12 0 -12 0 -12 0 -12 0 -12 0 -13 0 -13 -1 -12 0 -12 -1 -12 -1 -13 -1 -13 -1 -13 -1 -13 -1 -13 -1 -14 -2 -14 -2 -14 -1 -14 -2 -14 -2 -14 -1 -14 -2 -15 -3 -15 -2 -15 -2 -15 0 0 0 0 0 0 0 0 0 0]"""
"""1770911353017573,CSI_DATA,STATION,00:00:00:00:00:00,0,0,0,0,0,0,0,0,0,0,0,0,0,0,0,0,0,0,0,0,0,128,[84 -64 4 0 0 0 0 0 0 0 0 0 7 5 7 5 7 5 7 6 6 6 6 6 6 6 6 6 6 6 6 7 6 7 6 7 6 7 6 7 6 8 5 7 5 7 5 7 5 7 5 8 5 8 5 8 5 7 5 8 5 8 6 8 0 0 6 8 5 8 6 8 5 8 6 8 6 8 6 8 6 8 6 8 6 8 7 8 7 8 7 8 7 8 6 8 7 8 7 8 7 8 8 8 7 8 8 9 8 9 8 9 8 9 8 9 8 9 0 0 0 0 0 0 0 0 0 0]"""
"""1770911353022477,CSI_DATA,STATION,00:00:00:00:00:00,0,0,0,0,0,0,0,0,0,0,0,0,0,0,0,0,0,0,0,0,0,128,[84 -64 4 0 0 0 0 0 0 0 0 0 9 -1 9 -1 9 0 9 0 9 0 9 0 9 1 9 1 9 1 9 2 9 1 9 1 9 2 9 2 9 2 9 2 9 2 9 2 9 2 9 3 9 2 9 3 9 2 10 2 9 2 9 2 0 0 9 2 9 2 9 2 9 2 10 2 10 2 10 2 10 2 10 2 10 2 10 1 10 2 10 2 11 2 11 1 11 1 11 1 11 1 12 1 11 1 12 1 12 2 12 2 12 1 12 1 13 1 0 0 0 0 0 0 0 0 0 0]"""
"""1770911353025286,CSI_DATA,STATION,00:00:00:00:00:00,0,0,0,0,0,0,0,0,0,0,0,0,0,0,0,0,0,0,0,0,0,128,[84 -64 4 0 0 0 0 0 0 0 0 0 8 0 8 1 9 1 9 1 9 1 9 1 9 1 9 2 9 2 9 2 9 2 9 2 9 2 9 3 9 3 9 3 8 3 9 3 9 3 9 3 9 3 9 3 9 3 9 3 9 3 9 3 0 0 9 3 9 3 9 3 9 2 9 3 10 3 10 3 10 3 10 2 10 2 10 2 10 3 10 3 11 2 11 2 11 2 11 2 11 2 11 2 11 2 12 2 12 2 12 2 12 2 12 2 12 2 0 0 0 0 0 0 0 0 0 0]"""
"""1770911353030468,CSI_DATA,STATION,00:00:00:00:00:00,0,0,0,0,0,0,0,0,0,0,0,0,0,0,0,0,0,0,0,0,0,128,[84 -64 4 0 0 0 0 0 0 0 0 0 -6 7 -6 7 -6 7 -6 7 -6 6 -7 7 -7 7 -7 6 -7 6 -8 6 -8 6 -8 6 -8 6 -7 6 -8 6 -8 6 -8 6 -8 6 -8 5 -8 5 -8 5 -8 5 -9 5 -8 6 -9 5 -9 6 0 0 -9 6 -8 6 -8 6 -8 6 -8 6 -9 6 -9 6 -9 6 -8 7 -9 7 -9 7 -8 7 -9 7 -9 7 -9 7 -9 8 -9 8 -9 8 -9 8 -9 8 -10 8 -9 8 -9 8 -10 8 -10 9 -10 9 0 0 0 0 0 0 0 0 0 0]"""
"""1770911353035583,CSI_DATA,STATION,00:00:00:00:00:00,0,0,0,0,0,0,0,0,0,0,0,0,0,0,0,0,0,0,0,0,0,128,[84 -64 4 0 0 0 0 0 0 0 0 0 -9 4 -9 3 -9 2 -10 2 -10 2 -9 2 -10 2 -10 2 -9 2 -10 1 -10 2 -10 2 -10 1 -10 1 -10 1 -10 1 -10 1 -10 1 -10 1 -10 0 -10 0 -10 0 -10 1 -10 1 -11 1 -11 1 0 0 -11 1 -11 1 -11 1 -11 2 -11 1 -11 1 -11 1 -11 1 -11 2 -11 2 -11 3 -11 2 -11 2 -12 2 -12 2 -12 2 -12 2 -12 3 -12 3 -12 3 -13 3 -13 2 -13 3 -13 3 -13 3 -13 3 0 0 0 0 0 0 0 0 0 0]"""
"""1770911353040974,CSI_DATA,STATION,00:00:00:00:00:00,0,0,0,0,0,0,0,0,0,0,0,0,0,0,0,0,0,0,0,0,0,128,[84 -64 4 0 0 0 0 0 0 0 0 0 -7 -6 -7 -6 -7 -7 -7 -7 -7 -8 -7 -7 -6 -7 -6 -7 -6 -8 -7 -8 -6 -8 -6 -8 -6 -9 -6 -9 -6 -9 -6 -8 -6 -8 -6 -8 -6 -9 -6 -9 -6 -9 -6 -9 -6 -9 -6 -9 -6 -9 -6 -9 0 0 -6 -9 -6 -9 -6 -9 -6 -9 -7 -9 -6 -9 -7 -9 -7 -9 -7 -9 -7 -9 -8 -9 -7 -9 -7 -9 -8 -9 -8 -9 -8 -9 -8 -10 -8 -9 -8 -9 -9 -9 -9 -10 -9 -10 -9 -10 -10 -10 -9 -10 -9 -10 0 0 0 0 0 0 0 0 0 0]"""
"""1770911353046538,CSI_DATA,STATION,00:00:00:00:00:00,0,0,0,0,0,0,0,0,0,0,0,0,0,0,0,0,0,0,0,0,0,128,[84 -64 4 0 0 0 0 0 0 0 0 0 8 5 8 5 8 6 8 6 8 6 8 6 8 6 7 6 8 7 7 7 7 7 7 7 7 7 7 8 7 8 7 7 7 7 7 7 7 8 7 8 7 8 8 8 7 8 7 8 7 8 7 8 0 0 7 8 7 7 8 8 8 7 8 8 8 8 8 8 8 8 8 7 8 7 9 7 9 8 9 8 9 8 10 7 10 7 11 8 10 7 10 8 11 7 10 8 11 8 11 8 11 8 11 8 11 8 0 0 0 0 0 0 0 0 0 0]"""
"""1770911353052152,CSI_DATA,STATION,00:00:00:00:00:00,0,0,0,0,0,0,0,0,0,0,0,0,0,0,0,0,0,0,0,0,0,128,[84 -64 4 0 0 0 0 0 0 0 0 0 6 -9 6 -8 6 -8 6 -8 6 -8 6 -8 7 -8 7 -8 8 -8 8 -7 8 -8 8 -8 8 -7 8 -7 8 -7 8 -8 8 -7 8 -7 8 -7 9 -7 8 -7 8 -7 9 -7 9 -7 9 -7 9 -7 0 0 9 -7 8 -7 9 -7 9 -8 8 -7 9 -8 8 -8 9 -8 9 -8 9 -9 9 -9 9 -8 9 -8 9 -8 10 -9 9 -10 9 -10 9 -10 10 -10 9 -10 10 -10 10 -9 10 -10 10 -11 10 -11 10 -11 0 0 0 0 0 0 0 0 0 0]"""
"""1770911353057690,CSI_DATA,STATION,00:00:00:00:00:00,0,0,0,0,0,0,0,0,0,0,0,0,0,0,0,0,0,0,0,0,0,128,[84 -64 4 0 0 0 0 0 0 0 0 0 9 2 9 2 9 3 10 3 9 3 9 4 9 4 9 4 9 4 9 5 9 4 9 5 9 5 9 5 9 6 9 6 9 5 9 5 9 6 9 6 9 6 8 6 8 5 9 6 9 6 9 5 0 0 9 6 9 6 9 6 9 6 10 6 10 6 10 6 9 6 10 6 10 5 10 6 10 6 10 6 11 6 11 6 11 6 11 6 12 6 12 6 11 6 12 6 12 7 12 6 12 6 13 6 13 6 0 0 0 0 0 0 0 0 0 0]"""
"""1770911353063277,CSI_DATA,STATION,00:00:00:00:00:00,0,0,0,0,0,0,0,0,0,0,0,0,0,0,0,0,0,0,0,0,0,128,[84 -64 4 0 0 0 0 0 0 0 0 0 -7 -8 -7 -8 -7 -8 -7 -9 -7 -9 -6 -9 -6 -9 -6 -9 -6 -10 -6 -10 -6 -10 -6 -10 -6 -10 -6 -10 -6 -11 -6 -10 -5 -10 -5 -10 -6 -11 -5 -11 -5 -11 -5 -11 -5 -10 -6 -10 -6 -11 -6 -10 0 0 -6 -10 -6 -10 -6 -11 -6 -10 -7 -11 -7 -11 -7 -11 -7 -11 -7 -11 -7 -10 -8 -11 -8 -10 -8 -11 -8 -11 -8 -11 -8 -11 -9 -11 -9 -11 -9 -11 -9 -11 -9 -11 -9 -11 -9 -11 -10 -12 -10 -12 -10 -12 0 0 0 0 0 0 0 0 0 0]"""
"""1770911353068675,CSI_DATA,STATION,00:00:00:00:00:00,0,0,0,0,0,0,0,0,0,0,0,0,0,0,0,0,0,0,0,0,0,128,[84 -64 4 0 0 0 0 0 0 0 0 0 -1 -10 -1 -11 -1 -11 0 -11 0 -11 0 -11 1 -11 0 -11 1 -11 1 -11 1 -11 1 -11 1 -11 1 -11 2 -11 2 -11 2 -11 2 -11 2 -12 2 -11 2 -11 2 -11 2 -11 2 -12 2 -12 2 -12 0 0 2 -12 1 -11 2 -12 1 -11 1 -12 1 -12 1 -12 1 -12 2 -12 1 -12 1 -13 1 -13 1 -13 1 -14 2 -13 1 -14 1 -14 1 -14 1 -14 1 -14 0 -14 1 -14 0 -15 0 -15 0 -15 1 -15 0 0 0 0 0 0 0 0 0 0]"""
"""1770911353071582,CSI_DATA,STATION,00:00:00:00:00:00,0,0,0,0,0,0,0,0,0,0,0,0,0,0,0,0,0,0,0,0,0,128,[84 -64 4 0 0 0 0 0 0 0 0 0 8 1 9 1 8 2 9 2 8 2 9 2 9 2 9 3 8 3 9 3 9 3 8 3 9 4 8 4 8 4 8 4 8 4 8 4 9 4 8 4 8 4 8 4 8 4 9 4 9 4 9 4 0 0 8 4 8 4 9 4 8 3 9 4 9 4 9 3 9 4 9 3 9 3 10 3 10 3 10 4 11 4 10 3 11 3 11 3 11 3 11 3 11 3 11 3 11 4 12 3 12 3 12 3 12 3 0 0 0 0 0 0 0 0 0 0]"""
"""1770911353078932,CSI_DATA,STATION,00:00:00:00:00:00,0,0,0,0,0,0,0,0,0,0,0,0,0,0,0,0,0,0,0,0,0,128,[84 -64 4 0 0 0 0 0 0 0 0 0 -6 -7 -6 -7 -6 -7 -6 -8 -6 -8 -6 -8 -6 -8 -5 -8 -5 -9 -5 -9 -5 -9 -5 -9 -5 -9 -5 -9 -5 -10 -5 -9 -5 -9 -5 -9 -5 -10 -4 -10 -5 -10 -5 -10 -4 -9 -5 -10 -5 -10 -5 -10 0 0 -5 -10 -5 -10 -5 -10 -5 -10 -5 -10 -5 -10 -6 -10 -6 -10 -5 -10 -6 -9 -6 -10 -6 -10 -6 -10 -7 -10 -6 -10 -6 -10 -7 -11 -7 -11 -7 -11 -7 -11 -7 -11 -7 -11 -7 -11 -8 -11 -8 -11 -8 -12 0 0 0 0 0 0 0 0 0 0]"""
"""1770911353083965,CSI_DATA,STATION,00:00:00:00:00:00,0,0,0,0,0,0,0,0,0,0,0,0,0,0,0,0,0,0,0,0,0,128,[84 -64 4 0 0 0 0 0 0 0 0 0 7 -6 7 -5 7 -5 7 -5 7 -5 8 -5 8 -5 8 -4 9 -4 8 -4 8 -4 9 -4 9 -4 8 -4 9 -3 9 -4 9 -3 8 -4 9 -3 9 -3 9 -3 9 -3 9 -3 9 -3 9 -3 9 -4 0 0 9 -4 9 -4 9 -4 10 -4 9 -4 10 -4 9 -4 9 -4 10 -4 10 -4 10 -5 10 -4 10 -4 10 -5 10 -5 10 -5 10 -5 11 -6 11 -5 11 -6 11 -5 11 -5 11 -5 11 -6 12 -6 12 -6 0 0 0 0 0 0 0 0 0 0]"""
"""1770911353089507,CSI_DATA,STATION,00:00:00:00:00:00,0,0,0,0,0,0,0,0,0,0,0,0,0,0,0,0,0,0,0,0,0,128,[84 -64 4 0 0 0 0 0 0 0 0 0 7 -6 7 -6 7 -6 7 -5 7 -5 8 -5 8 -5 8 -5 8 -5 8 -4 8 -5 8 -5 8 -4 8 -4 9 -4 8 -5 9 -4 8 -4 8 -4 9 -4 8 -4 9 -4 8 -4 9 -4 9 -4 9 -5 0 0 9 -5 9 -4 9 -5 9 -5 9 -5 9 -5 9 -5 9 -5 9 -6 9 -6 9 -6 9 -6 9 -6 9 -6 10 -7 9 -7 10 -7 10 -8 10 -7 10 -7 10 -7 9 -7 10 -7 10 -8 10 -8 10 -8 0 0 0 0 0 0 0 0 0 0]"""
"""1770911353092305,CSI_DATA,STATION,00:00:00:00:00:00,0,0,0,0,0,0,0,0,0,0,0,0,0,0,0,0,0,0,0,0,0,128,[84 -64 4 0 0 0 0 0 0 0 0 0 1 10 1 10 1 10 0 10 0 10 0 10 -1 10 -1 10 -1 10 -1 10 -1 11 -2 11 -2 11 -2 10 -2 10 -2 11 -2 10 -2 10 -2 10 -3 11 -3 10 -2 11 -3 11 -2 11 -2 11 -2 10 0 0 -3 11 -2 10 -2 11 -2 11 -2 11 -2 11 -2 11 -2 11 -2 12 -2 11 -2 12 -1 12 -2 12 -1 12 -2 13 -1 13 -1 13 -1 13 -1 14 -1 13 -1 14 -2 13 -1 14 -1 14 -2 14 -1 14 0 0 0 0 0 0 0 0 0 0]"""
"""1770911353097394,CSI_DATA,STATION,00:00:00:00:00:00,0,0,0,0,0,0,0,0,0,0,0,0,0,0,0,0,0,0,0,0,0,128,[84 -64 4 0 0 0 0 0 0 0 0 0 -11 -1 -11 -1 -11 -2 -11 -2 -11 -2 -11 -2 -11 -2 -11 -3 -11 -3 -11 -3 -11 -3 -11 -3 -11 -4 -11 -4 -11 -4 -11 -4 -11 -4 -11 -3 -11 -4 -11 -4 -11 -4 -11 -4 -11 -4 -11 -4 -11 -4 -12 -3 0 0 -12 -3 -11 -3 -12 -3 -12 -3 -12 -3 -12 -3 -12 -3 -12 -3 -12 -2 -12 -2 -13 -2 -12 -2 -13 -2 -13 -2 -13 -2 -14 -1 -14 -2 -14 -1 -14 -1 -14 -1 -15 -1 -14 -1 -14 -1 -15 -1 -15 -1 -15 -1 0 0 0 0 0 0 0 0 0 0]"""
"""1770911353102947,CSI_DATA,STATION,00:00:00:00:00:00,0,0,0,0,0,0,0,0,0,0,0,0,0,0,0,0,0,0,0,0,0,128,[84 -64 4 0 0 0 0 0 0 0 0 0 0 -10 -1 -10 -1 -11 0 -11 -1 -11 0 -11 1 -11 1 -11 1 -11 1 -11 1 -11 2 -11 2 -11 2 -11 2 -12 2 -11 2 -11 2 -11 2 -12 2 -11 2 -11 2 -11 2 -11 2 -12 2 -11 2 -12 0 0 2 -12 1 -11 1 -12 1 -12 1 -12 1 -12 1 -12 1 -12 1 -12 1 -12 1 -13 1 -13 0 -13 0 -13 1 -14 0 -14 0 -14 0 -14 0 -14 0 -14 0 -14 0 -14 0 -15 -1 -15 0 -15 0 -15 0 0 0 0 0 0 0 0 0 0]"""
"""1770911353108490,CSI_DATA,STATION,00:00:00:00:00:00,0,0,0,0,0,0,0,0,0,0,0,0,0,0,0,0,0,0,0,0,0,128,[84 -64 4 0 0 0 0 0 0 0 0 0 -9 2 -9 2 -10 2 -10 1 -10 1 -10 2 -10 1 -10 1 -10 1 -11 0 -10 0 -10 0 -10 -1 -10 0 -10 -1 -10 0 -10 0 -10 -1 -11 0 -11 -1 -10 -1 -10 -1 -11 -1 -11 -1 -10 -1 -11 0 0 0 -11 0 -11 0 -11 0 -11 0 -11 0 -11 0 -11 0 -11 0 -11 1 -11 0 -12 1 -11 0 -11 0 -12 0 -12 1 -12 1 -12 0 -12 2 -12 1 -13 1 -13 1 -13 1 -13 1 -14 1 -13 1 -14 1 0 0 0 0 0 0 0 0 0 0]"""
"""1770911353113465,CSI_DATA,STATION,00:00:00:00:00:00,0,0,0,0,0,0,0,0,0,0,0,0,0,0,0,0,0,0,0,0,0,128,[84 -64 4 0 0 0 0 0 0 0 0 0 0 10 0 10 0 10 0 10 0 10 -1 10 -1 10 -2 10 -2 10 -1 10 -2 11 -2 10 -2 10 -2 11 -2 10 -2 11 -2 10 -3 10 -2 10 -2 11 -3 10 -3 11 -3 10 -2 10 -3 11 -3 10 0 0 -3 11 -2 11 -2 11 -2 11 -2 11 -2 11 -2 11 -2 11 -2 11 -2 11 -1 12 -1 12 -1 12 -1 12 -1 13 -1 13 0 13 -1 13 -1 13 -1 13 -1 13 0 13 -1 14 0 14 -1 14 -1 14 0 0 0 0 0 0 0 0 0 0]"""
"""1770911353118644,CSI_DATA,STATION,00:00:00:00:00:00,0,0,0,0,0,0,0,0,0,0,0,0,0,0,0,0,0,0,0,0,0,128,[84 -64 4 0 0 0 0 0 0 0 0 0 -9 1 -9 1 -10 0 -10 0 -10 0 -10 0 -10 -1 -10 0 -10 -1 -10 -1 -10 -1 -10 -1 -10 -2 -10 -2 -10 -2 -10 -2 -10 -2 -10 -2 -10 -2 -10 -3 -10 -2 -10 -3 -10 -2 -11 -3 -10 -2 -11 -2 0 0 -10 -2 -10 -2 -10 -2 -10 -2 -11 -2 -11 -2 -11 -2 -11 -2 -11 -2 -11 -2 -12 -2 -11 -2 -12 -1 -12 -2 -12 -1 -12 -1 -12 -2 -12 -2 -12 -1 -12 -1 -13 -1 -13 -2 -13 -2 -14 -2 -13 -2 -13 -1 0 0 0 0 0 0 0 0 0 0]"""
"""1770911353124089,CSI_DATA,STATION,00:00:00:00:00:00,0,0,0,0,0,0,0,0,0,0,0,0,0,0,0,0,0,0,0,0,0,128,[84 -64 4 0 0 0 0 0 0 0 0 0 -11 0 -11 0 -11 -1 -12 -2 -11 -2 -11 -1 -11 -2 -11 -2 -11 -2 -11 -3 -12 -3 -11 -2 -11 -4 -11 -4 -11 -3 -11 -3 -11 -3 -11 -3 -11 -4 -11 -4 -11 -4 -11 -4 -11 -4 -11 -4 -11 -4 -11 -3 0 0 -11 -3 -11 -3 -12 -4 -12 -3 -12 -4 -12 -3 -12 -4 -12 -3 -12 -3 -12 -3 -13 -3 -13 -3 -12 -3 -13 -3 -13 -3 -14 -3 -13 -3 -14 -2 -14 -2 -14 -2 -14 -2 -14 -3 -15 -3 -15 -3 -15 -3 -15 -2 0 0 0 0 0 0 0 0 0 0]"""
"""1770911353129693,CSI_DATA,STATION,00:00:00:00:00:00,0,0,0,0,0,0,0,0,0,0,0,0,0,0,0,0,0,0,0,0,0,128,[84 -64 4 0 0 0 0 0 0 0 0 0 -2 9 -3 10 -2 10 -2 10 -2 10 -3 10 -4 10 -4 10 -5 10 -3 10 -4 10 -4 10 -4 10 -4 10 -5 10 -5 10 -5 10 -5 9 -5 10 -5 9 -5 9 -5 10 -5 10 -4 10 -5 10 -5 10 0 0 -5 10 -4 10 -5 11 -5 10 -5 11 -5 10 -4 11 -4 10 -5 11 -4 11 -4 11 -4 11 -4 11 -4 12 -4 12 -4 13 -4 12 -4 12 -4 13 -4 13 -4 13 -4 13 -3 13 -3 13 -4 14 -4 14 0 0 0 0 0 0 0 0 0 0]"""
"""1770911353134244,CSI_DATA,STATION,00:00:00:00:00:00,0,0,0,0,0,0,0,0,0,0,0,0,0,0,0,0,0,0,0,0,0,128,[84 -64 4 0 0 0 0 0 0 0 0 0 5 -9 5 -9 5 -9 5 -9 6 -9 6 -9 7 -9 6 -8 7 -9 7 -8 7 -9 7 -8 7 -8 7 -8 8 -8 8 -8 8 -8 7 -8 7 -8 8 -8 7 -8 8 -8 8 -8 8 -8 8 -8 8 -8 0 0 8 -8 7 -9 7 -8 8 -9 8 -9 8 -9 7 -9 7 -9 8 -10 7 -10 7 -10 7 -10 7 -10 7 -10 7 -11 8 -11 8 -11 7 -11 8 -11 7 -12 8 -12 8 -11 7 -12 8 -12 8 -13 8 -13 0 0 0 0 0 0 0 0 0 0]"""
"""1770911353139325,CSI_DATA,STATION,00:00:00:00:00:00,0,0,0,0,0,0,0,0,0,0,0,0,0,0,0,0,0,0,0,0,0,128,[84 -64 4 0 0 0 0 0 0 0 0 0 8 2 8 3 8 3 8 3 8 3 8 3 8 4 8 4 8 4 8 4 8 4 8 4 8 5 8 4 8 5 7 4 8 5 8 4 8 5 8 5 8 5 8 5 7 5 8 5 8 5 8 5 0 0 8 5 8 5 9 5 8 4 9 5 9 5 9 5 9 5 9 5 9 4 9 4 9 5 10 5 10 5 9 5 10 4 10 4 11 4 11 5 11 4 11 4 10 5 11 5 11 5 11 5 12 5 0 0 0 0 0 0 0 0 0 0]"""
"""1770911353144473,CSI_DATA,STATION,00:00:00:00:00:00,0,0,0,0,0,0,0,0,0,0,0,0,0,0,0,0,0,0,0,0,0,128,[84 -64 4 0 0 0 0 0 0 0 0 0 0 10 -1 10 -1 10 -1 10 -1 10 -1 10 -2 10 -2 10 -3 10 -2 10 -2 10 -3 10 -3 10 -3 10 -3 10 -3 10 -3 10 -3 10 -3 10 -3 10 -4 10 -3 10 -4 10 -3 11 -3 10 -3 10 0 0 -3 10 -3 10 -3 11 -3 11 -3 11 -3 11 -3 11 -2 11 -3 11 -3 11 -3 12 -2 11 -2 12 -2 12 -2 13 -2 13 -2 13 -2 13 -2 13 -2 13 -2 13 -2 13 -2 14 -1 14 -2 14 -2 14 0 0 0 0 0 0 0 0 0 0]"""
"""1770911353149499,CSI_DATA,STATION,00:00:00:00:00:00,0,0,0,0,0,0,0,0,0,0,0,0,0,0,0,0,0,0,0,0,0,128,[84 -64 4 0 0 0 0 0 0 0 0 0 2 -10 2 -10 3 -10 2 -10 3 -10 3 -10 4 -10 4 -10 4 -10 4 -10 5 -11 4 -10 4 -10 5 -10 5 -10 5 -10 5 -9 5 -10 5 -10 6 -10 5 -10 5 -10 6 -10 5 -10 5 -10 5 -10 0 0 6 -10 5 -10 5 -10 5 -10 5 -11 5 -11 5 -11 5 -11 5 -11 5 -11 5 -12 5 -11 5 -12 5 -12 5 -12 5 -13 5 -12 5 -13 5 -13 5 -13 5 -14 5 -13 5 -13 5 -14 5 -14 5 -14 0 0 0 0 0 0 0 0 0 0]"""
"""1770911353154720,CSI_DATA,STATION,00:00:00:00:00:00,0,0,0,0,0,0,0,0,0,0,0,0,0,0,0,0,0,0,0,0,0,128,[84 -64 4 0 0 0 0 0 0 0 0 0 -9 -2 -9 -2 -9 -3 -10 -3 -9 -3 -9 -3 -9 -3 -9 -3 -9 -4 -9 -4 -10 -4 -9 -4 -10 -5 -9 -5 -9 -5 -9 -4 -10 -5 -9 -5 -9 -5 -9 -5 -9 -5 -9 -5 -9 -5 -9 -5 -9 -5 -10 -5 0 0 -9 -5 -9 -5 -10 -5 -9 -4 -10 -5 -10 -5 -10 -5 -11 -5 -10 -5 -10 -5 -11 -5 -11 -5 -11 -5 -11 -5 -11 -5 -12 -5 -11 -5 -12 -5 -12 -5 -12 -5 -12 -5 -12 -5 -12 -5 -13 -5 -12 -5 -13 -5 0 0 0 0 0 0 0 0 0 0]"""
"""1770911353159446,CSI_DATA,STATION,00:00:00:00:00:00,0,0,0,0,0,0,0,0,0,0,0,0,0,0,0,0,0,0,0,0,0,128,[84 -64 4 0 0 0 0 0 0 0 0 0 7 4 8 4 7 4 8 5 7 5 7 5 7 5 7 5 7 5 7 6 7 5 7 5 7 6 7 6 7 6 7 6 7 6 7 6 7 6 7 7 7 6 6 6 6 6 7 6 7 6 7 6 0 0 7 6 7 6 7 6 7 6 7 7 8 6 8 6 8 6 8 6 8 6 8 6 9 6 9 6 9 6 9 6 9 6 9 6 9 6 10 6 9 6 10 6 10 7 10 6 10 7 11 6 11 6 0 0 0 0 0 0 0 0 0 0]"""
"""1770911353164066,CSI_DATA,STATION,00:00:00:00:00:00,0,0,0,0,0,0,0,0,0,0,0,0,0,0,0,0,0,0,0,0,0,128,[84 -64 4 0 0 0 0 0 0 0 0 0 -9 5 -9 5 -10 4 -10 3 -10 3 -10 4 -10 4 -11 3 -10 3 -11 3 -11 3 -11 3 -11 2 -11 2 -11 1 -12 2 -11 2 -11 2 -11 2 -11 1 -11 1 -11 1 -11 2 -11 2 -11 1 -12 2 0 0 -12 2 -12 2 -11 2 -12 3 -12 2 -12 2 -12 2 -12 2 -12 3 -12 3 -12 3 -12 3 -12 3 -13 3 -13 3 -13 4 -13 4 -13 4 -13 4 -13 4 -14 4 -13 4 -14 4 -14 5 -14 4 -15 5 0 0 0 0 0 0 0 0 0 0]"""
"""1770911353171583,CSI_DATA,STATION,00:00:00:00:00:00,0,0,0,0,0,0,0,0,0,0,0,0,0,0,0,0,0,0,0,0,0,128,[84 -64 4 0 0 0 0 0 0 0 0 0 -6 -7 -6 -7 -7 -7 -7 -8 -6 -8 -6 -8 -6 -8 -6 -8 -6 -8 -6 -9 -5 -8 -5 -9 -5 -9 -5 -9 -5 -9 -5 -9 -5 -9 -5 -8 -5 -9 -5 -9 -5 -9 -5 -9 -5 -9 -5 -9 -5 -9 -5 -9 0 0 -5 -9 -5 -9 -6 -10 -5 -9 -6 -10 -6 -10 -6 -9 -6 -10 -6 -9 -6 -9 -7 -10 -7 -10 -7 -10 -7 -10 -7 -10 -7 -10 -8 -10 -7 -10 -7 -10 -7 -10 -7 -10 -8 -11 -7 -11 -8 -11 -8 -11 -8 -11 0 0 0 0 0 0 0 0 0 0]"""
"""1770911353178819,CSI_DATA,STATION,00:00:00:00:00:00,0,0,0,0,0,0,0,0,0,0,0,0,0,0,0,0,0,0,0,0,0,128,[14 -32 0 0 0 0 0 0 0 0 0 0 7 3 8 3 8 3 8 4 8 4 8 4 7 4 7 5 7 5 8 5 8 5 7 5 8 5 7 5 7 6 7 5 7 5 7 5 7 6 7 6 7 6 7 7 7 6 8 6 7 6 7 6 0 0 7 6 7 6 7 6 7 6 8 6 8 6 7 6 8 6 8 6 8 6 8 5 8 6 9 6 9 6 8 6 9 6 9 6 10 6 9 7 9 6 10 6 9 7 10 6 11 6 10 6 10 6 0 0 0 0 0 0 0 0 0 0]"""
"""1770911353184317,CSI_DATA,STATION,00:00:00:00:00:00,0,0,0,0,0,0,0,0,0,0,0,0,0,0,0,0,0,0,0,0,0,128,[84 -64 4 0 0 0 0 0 0 0 0 0 2 -10 1 -11 2 -10 2 -10 2 -11 2 -11 3 -10 3 -10 3 -10 4 -10 4 -11 4 -10 4 -10 4 -10 4 -10 4 -10 5 -10 4 -11 5 -10 5 -10 4 -10 4 -10 5 -10 5 -11 4 -10 5 -10 0 0 5 -11 4 -10 4 -11 4 -11 4 -11 4 -11 4 -11 4 -11 4 -11 4 -11 5 -12 4 -12 4 -12 4 -12 4 -13 4 -13 4 -13 4 -14 4 -14 4 -13 4 -14 4 -13 4 -14 4 -14 5 -14 5 -14 0 0 0 0 0 0 0 0 0 0]"""
"""1770911353189442,CSI_DATA,STATION,00:00:00:00:00:00,0,0,0,0,0,0,0,0,0,0,0,0,0,0,0,0,0,0,0,0,0,128,[84 -64 4 0 0 0 0 0 0 0 0 0 0 10 -1 10 -1 10 -1 10 -1 10 -2 10 -2 10 -2 10 -2 10 -2 10 -3 10 -3 10 -2 10 -3 10 -3 10 -3 10 -3 10 -3 10 -3 10 -3 10 -3 10 -3 10 -4 10 -3 11 -3 11 -3 10 0 0 -3 10 -2 10 -2 11 -2 11 -2 11 -2 11 -2 11 -2 11 -2 11 -2 11 -2 12 -1 11 -2 12 -1 12 -1 12 -1 13 -1 13 -1 12 -1 13 -1 13 -1 14 -1 13 -1 14 0 14 -1 14 -1 14 0 0 0 0 0 0 0 0 0 0]"""
"""1770911353194673,CSI_DATA,STATION,00:00:00:00:00:00,0,0,0,0,0,0,0,0,0,0,0,0,0,0,0,0,0,0,0,0,0,128,[14 -32 0 0 0 0 0 0 0 0 0 0 -8 4 -8 4 -8 4 -9 3 -9 3 -9 3 -9 4 -9 3 -9 3 -10 2 -10 3 -10 2 -9 2 -10 2 -10 2 -10 3 -10 2 -10 2 -10 2 -10 2 -10 1 -10 2 -10 2 -10 2 -10 1 -10 2 0 0 -10 2 -10 2 -10 2 -11 3 -10 2 -11 2 -11 2 -11 2 -10 2 -11 3 -11 3 -11 3 -11 3 -11 3 -11 3 -11 4 -12 3 -11 4 -12 4 -12 4 -12 4 -12 4 -12 4 -12 4 -13 4 -13 4 0 0 0 0 0 0 0 0 0 0]"""
"""1770911353199655,CSI_DATA,STATION,00:00:00:00:00:00,0,0,0,0,0,0,0,0,0,0,0,0,0,0,0,0,0,0,0,0,0,128,[84 -64 4 0 0 0 0 0 0 0 0 0 2 9 2 9 2 9 1 10 1 10 1 10 1 10 0 10 0 10 0 10 0 10 0 10 0 10 0 10 0 11 0 10 -1 10 -1 10 -1 11 0 11 0 11 0 10 -1 11 -1 11 -1 11 -1 11 0 0 -1 11 0 11 0 11 0 11 0 11 0 11 0 11 1 11 0 11 0 11 1 12 1 12 1 12 1 12 1 13 1 12 2 12 2 12 2 13 2 12 2 13 2 13 2 14 2 14 1 14 2 14 0 0 0 0 0 0 0 0 0 0]"""
"""1770911353206459,CSI_DATA,STATION,00:00:00:00:00:00,0,0,0,0,0,0,0,0,0,0,0,0,0,0,0,0,0,0,0,0,0,128,[84 -64 4 0 0 0 0 0 0 0 0 0 -9 2 -9 2 -9 1 -10 1 -10 1 -10 1 -10 1 -10 0 -10 0 -10 0 -10 0 -10 0 -10 0 -10 0 -10 -1 -10 0 -10 -1 -10 -1 -10 -1 -10 -1 -10 -1 -10 -1 -10 -1 -10 -1 -11 0 -11 0 0 0 -10 0 -11 0 -11 0 -11 1 -11 0 -11 0 -11 0 -11 0 -11 0 -11 1 -12 1 -11 1 -11 1 -12 1 -12 1 -12 2 -12 1 -12 2 -12 2 -12 1 -13 2 -13 1 -13 2 -13 2 -13 2 -13 2 0 0 0 0 0 0 0 0 0 0]"""
"""1770911353211208,CSI_DATA,STATION,00:00:00:00:00:00,0,0,0,0,0,0,0,0,0,0,0,0,0,0,0,0,0,0,0,0,0,128,[84 -64 4 0 0 0 0 0 0 0 0 0 -9 2 -9 2 -9 2 -9 2 -9 1 -10 2 -10 1 -10 1 -10 1 -10 1 -10 1 -10 1 -10 0 -10 0 -10 0 -10 0 -10 0 -10 0 -11 0 -10 0 -10 0 -10 0 -10 0 -11 0 -10 0 -11 0 0 0 -11 0 -10 1 -10 1 -11 1 -11 0 -11 1 -11 1 -11 0 -11 1 -11 1 -11 1 -11 1 -11 1 -12 1 -12 1 -12 2 -12 2 -12 2 -12 2 -13 2 -13 2 -13 2 -13 2 -13 2 -13 2 -13 2 0 0 0 0 0 0 0 0 0 0]"""
"""1770911353216445,CSI_DATA,STATION,00:00:00:00:00:00,0,0,0,0,0,0,0,0,0,0,0,0,0,0,0,0,0,0,0,0,0,128,[84 -64 4 0 0 0 0 0 0 0 0 0 -9 3 -9 3 -9 2 -10 2 -9 2 -9 2 -9 2 -10 2 -10 1 -10 1 -10 1 -10 1 -10 0 -10 0 -10 0 -10 1 -10 1 -10 0 -10 0 -10 0 -10 0 -10 0 -10 0 -10 0 -10 0 -10 0 0 0 -10 1 -10 1 -11 1 -10 1 -11 0 -11 1 -11 1 -11 1 -11 1 -11 1 -12 1 -11 1 -11 1 -12 1 -12 1 -12 2 -12 1 -12 2 -12 2 -12 2 -13 2 -13 2 -13 2 -13 2 -13 2 -13 2 0 0 0 0 0 0 0 0 0 0]"""
"""1770911353221640,CSI_DATA,STATION,00:00:00:00:00:00,0,0,0,0,0,0,0,0,0,0,0,0,0,0,0,0,0,0,0,0,0,128,[84 -64 4 0 0 0 0 0 0 0 0 0 -6 7 -6 6 -6 6 -7 7 -7 6 -7 6 -8 6 -8 6 -8 5 -7 6 -8 6 -8 6 -8 6 -8 6 -8 5 -8 6 -8 5 -8 6 -8 5 -8 5 -8 5 -8 5 -8 6 -8 6 -8 5 -9 6 0 0 -8 6 -8 6 -8 6 -8 6 -8 6 -8 6 -8 6 -8 6 -8 7 -8 7 -8 8 -8 7 -8 7 -8 8 -8 8 -8 8 -8 8 -8 8 -8 9 -8 9 -9 9 -9 9 -9 9 -8 10 -9 10 -9 10 0 0 0 0 0 0 0 0 0 0]"""
"""1770911353226593,CSI_DATA,STATION,00:00:00:00:00:00,0,0,0,0,0,0,0,0,0,0,0,0,0,0,0,0,0,0,0,0,0,128,[84 -64 4 0 0 0 0 0 0 0 0 0 7 -7 8 -7 7 -6 8 -7 8 -6 9 -6 9 -5 9 -5 9 -6 9 -5 9 -5 9 -5 9 -5 9 -5 10 -5 9 -5 10 -5 9 -5 10 -5 10 -4 9 -4 10 -4 10 -4 10 -4 10 -5 10 -5 0 0 10 -5 10 -5 10 -5 10 -5 10 -5 10 -5 10 -5 10 -5 10 -6 10 -6 10 -6 10 -6 11 -6 11 -6 11 -7 11 -7 11 -7 11 -8 11 -7 11 -8 12 -7 11 -7 12 -7 12 -8 12 -8 12 -8 0 0 0 0 0 0 0 0 0 0]"""
"""1770911353231008,CSI_DATA,STATION,00:00:00:00:00:00,0,0,0,0,0,0,0,0,0,0,0,0,0,0,0,0,0,0,0,0,0,128,[84 -64 4 0 0 0 0 0 0 0 0 0 -10 3 -10 2 -11 2 -11 1 -11 1 -11 1 -11 1 -11 1 -11 1 -11 0 -12 0 -11 0 -11 0 -11 0 -11 -1 -11 0 -11 0 -11 0 -12 -1 -12 -1 -11 -1 -12 -1 -11 -1 -12 -1 -11 -1 -12 0 0 0 -12 0 -12 0 -12 0 -12 1 -12 0 -12 0 -13 0 -12 0 -12 1 -12 1 -13 1 -13 1 -13 1 -13 1 -14 1 -14 2 -14 1 -14 2 -14 2 -14 2 -14 2 -14 1 -15 2 -15 2 -15 2 -15 2 0 0 0 0 0 0 0 0 0 0]"""
"""1770911353235947,CSI_DATA,STATION,00:00:00:00:00:00,0,0,0,0,0,0,0,0,0,0,0,0,0,0,0,0,0,0,0,0,0,128,[84 -64 4 0 0 0 0 0 0 0 0 0 -6 -8 -6 -9 -6 -9 -6 -9 -6 -10 -6 -10 -5 -10 -5 -10 -5 -10 -5 -10 -5 -10 -5 -10 -5 -10 -5 -11 -5 -11 -4 -10 -4 -10 -4 -10 -4 -11 -4 -11 -4 -11 -4 -11 -4 -10 -4 -11 -5 -11 -4 -11 0 0 -4 -11 -5 -11 -5 -12 -5 -11 -5 -12 -5 -12 -5 -12 -5 -12 -5 -11 -6 -11 -6 -11 -6 -11 -6 -11 -6 -12 -6 -12 -6 -13 -7 -13 -7 -13 -6 -12 -7 -12 -7 -13 -7 -13 -7 -13 -8 -13 -7 -13 -7 -13 0 0 0 0 0 0 0 0 0 0]"""
"""1770911353241067,CSI_DATA,STATION,00:00:00:00:00:00,0,0,0,0,0,0,0,0,0,0,0,0,0,0,0,0,0,0,0,0,0,128,[84 -64 4 0 0 0 0 0 0 0 0 0 2 9 1 9 2 9 1 10 1 10 1 10 0 10 0 10 0 10 0 10 1 10 0 10 0 10 0 10 0 11 -1 10 -1 10 -1 10 -1 10 -1 11 -1 10 -1 10 -1 10 -1 11 0 11 -1 11 0 0 -1 11 0 11 0 11 0 11 -1 11 0 11 0 11 0 11 -1 11 0 11 0 11 1 12 1 12 1 12 0 12 0 13 1 12 1 13 0 13 0 13 1 14 0 13 1 13 2 14 1 14 1 14 0 0 0 0 0 0 0 0 0 0]"""
"""1770911353246003,CSI_DATA,STATION,00:00:00:00:00:00,0,0,0,0,0,0,0,0,0,0,0,0,0,0,0,0,0,0,0,0,0,128,[84 -64 4 0 0 0 0 0 0 0 0 0 0 9 0 10 -1 10 -1 10 -1 10 -1 10 -2 10 -2 10 -2 10 -2 10 -2 10 -3 10 -2 10 -2 10 -3 11 -3 10 -3 10 -3 9 -3 11 -3 10 -3 10 -3 10 -3 10 -3 10 -3 11 -3 10 0 0 -3 10 -2 10 -2 11 -2 11 -2 11 -2 11 -3 11 -2 11 -2 11 -2 11 -2 12 -2 12 -2 12 -1 12 -2 12 -2 13 -1 12 -1 13 -1 13 -1 13 -1 13 -1 14 -1 14 -1 14 -1 14 -2 14 0 0 0 0 0 0 0 0 0 0]"""
"""1770911353251527,CSI_DATA,STATION,00:00:00:00:00:00,0,0,0,0,0,0,0,0,0,0,0,0,0,0,0,0,0,0,0,0,0,128,[84 -64 4 0 0 0 0 0 0 0 0 0 9 2 9 3 9 3 9 3 9 3 9 4 9 4 9 4 9 4 9 5 9 5 8 5 9 5 9 5 9 5 9 5 9 5 9 5 9 5 9 6 8 6 9 6 8 6 9 6 9 6 9 5 0 0 9 6 9 6 9 6 9 5 10 6 9 6 10 6 10 6 10 5 10 5 10 5 10 6 10 6 11 6 11 5 11 5 11 6 12 6 12 6 11 5 12 6 12 6 12 6 12 6 13 6 12 6 0 0 0 0 0 0 0 0 0 0]"""
"""1770911353256923,CSI_DATA,STATION,00:00:00:00:00:00,0,0,0,0,0,0,0,0,0,0,0,0,0,0,0,0,0,0,0,0,0,128,[84 -64 4 0 0 0 0 0 0 0 0 0 -9 1 -9 1 -9 0 -10 0 -10 0 -10 0 -10 0 -10 0 -10 -1 -10 -1 -10 -1 -10 -1 -10 -1 -10 -1 -10 -2 -10 -1 -10 -1 -10 -2 -10 -2 -10 -2 -10 -2 -10 -2 -10 -2 -10 -2 -10 -2 -11 -1 0 0 -10 -1 -10 -1 -10 -2 -10 0 -11 -2 -11 -2 -11 -2 -11 -1 -11 -1 -11 -1 -12 0 -12 -1 -12 0 -12 -1 -12 -1 -12 0 -12 -1 -12 0 -13 0 -13 0 -13 -1 -13 -1 -13 -1 -13 0 -13 0 -13 0 0 0 0 0 0 0 0 0 0 0]"""
"""1770911353261831,CSI_DATA,STATION,00:00:00:00:00:00,0,0,0,0,0,0,0,0,0,0,0,0,0,0,0,0,0,0,0,0,0,128,[84 -64 4 0 0 0 0 0 0 0 0 0 3 9 3 9 3 10 2 10 2 9 2 10 2 10 2 10 2 10 2 10 1 10 1 10 1 10 1 10 1 11 1 10 1 10 1 10 1 10 1 11 1 10 1 10 1 10 1 11 1 11 1 11 0 0 1 11 2 10 2 11 1 11 2 11 2 11 2 11 2 11 2 11 2 11 3 11 3 11 3 12 3 11 3 12 3 12 3 12 4 12 3 12 4 12 3 13 4 13 4 13 5 13 4 13 4 13 0 0 0 0 0 0 0 0 0 0]"""
"""1770911353267236,CSI_DATA,STATION,00:00:00:00:00:00,0,0,0,0,0,0,0,0,0,0,0,0,0,0,0,0,0,0,0,0,0,128,[84 -64 4 0 0 0 0 0 0 0 0 0 -6 -7 -6 -7 -7 -7 -7 -8 -6 -8 -6 -8 -6 -8 -5 -8 -5 -8 -5 -9 -5 -9 -5 -9 -5 -9 -5 -9 -5 -10 -5 -9 -5 -9 -5 -9 -5 -9 -5 -10 -5 -9 -5 -9 -5 -9 -5 -10 -5 -9 -5 -9 0 0 -5 -9 -5 -9 -5 -10 -5 -9 -6 -10 -5 -10 -6 -10 -6 -10 -6 -9 -6 -9 -6 -10 -6 -10 -6 -10 -7 -10 -6 -10 -7 -10 -7 -10 -7 -10 -7 -10 -7 -10 -7 -11 -7 -11 -7 -11 -8 -11 -8 -11 -8 -11 0 0 0 0 0 0 0 0 0 0]"""
"""1770911353272759,CSI_DATA,STATION,00:00:00:00:00:00,0,0,0,0,0,0,0,0,0,0,0,0,0,0,0,0,0,0,0,0,0,128,[84 -64 4 0 0 0 0 0 0 0 0 0 -8 5 -8 5 -8 4 -8 5 -8 4 -9 4 -9 5 -9 4 -9 4 -9 4 -9 4 -9 4 -9 3 -9 3 -10 3 -9 4 -9 3 -9 3 -10 3 -10 3 -10 3 -9 3 -10 3 -9 3 -10 3 -10 3 0 0 -9 4 -10 4 -10 3 -10 4 -10 3 -10 4 -10 4 -10 4 -10 4 -10 4 -10 5 -10 4 -10 5 -10 5 -10 5 -11 6 -10 5 -11 6 -11 6 -11 6 -11 6 -11 5 -11 6 -11 6 -12 6 -12 7 0 0 0 0 0 0 0 0 0 0]"""
"""1770911353278001,CSI_DATA,STATION,00:00:00:00:00:00,0,0,0,0,0,0,0,0,0,0,0,0,0,0,0,0,0,0,0,0,0,128,[84 -64 4 0 0 0 0 0 0 0 0 0 8 5 8 6 7 6 8 6 7 6 7 6 7 7 7 7 7 7 7 7 7 7 7 7 7 8 6 8 6 8 6 8 6 8 6 8 6 9 6 9 6 8 6 9 6 8 6 8 6 9 6 9 0 0 6 9 6 8 7 9 6 9 7 9 7 9 6 9 7 9 7 8 7 8 8 8 8 9 8 9 8 9 8 9 8 9 8 9 9 9 9 9 8 9 9 10 9 10 9 10 10 10 10 10 10 10 0 0 0 0 0 0 0 0 0 0]"""
"""1770911353283532,CSI_DATA,STATION,00:00:00:00:00:00,0,0,0,0,0,0,0,0,0,0,0,0,0,0,0,0,0,0,0,0,0,128,[84 -64 4 0 0 0 0 0 0 0 0 0 -1 -11 0 -11 0 -11 0 -11 0 -11 1 -11 1 -11 1 -11 2 -11 1 -11 2 -11 2 -11 2 -11 2 -11 2 -11 2 -11 2 -11 2 -11 2 -11 3 -11 2 -11 3 -11 3 -11 2 -11 2 -11 3 -11 0 0 3 -12 2 -11 2 -11 2 -12 2 -12 2 -12 2 -12 2 -12 2 -12 2 -12 2 -12 1 -12 2 -12 2 -13 2 -13 1 -14 2 -14 2 -14 2 -14 2 -14 2 -14 2 -14 1 -15 1 -15 2 -15 2 -15 0 0 0 0 0 0 0 0 0 0]"""
"""1770911353288968,CSI_DATA,STATION,00:00:00:00:00:00,0,0,0,0,0,0,0,0,0,0,0,0,0,0,0,0,0,0,0,0,0,128,[84 -64 4 0 0 0 0 0 0 0 0 0 -7 7 -7 7 -8 7 -8 7 -8 7 -8 7 -9 6 -9 6 -9 6 -9 6 -9 6 -9 6 -9 6 -9 6 -9 5 -10 6 -9 6 -9 6 -9 5 -10 5 -10 5 -10 5 -10 5 -10 6 -10 5 -10 6 0 0 -10 6 -9 6 -10 6 -10 6 -10 6 -10 6 -10 7 -10 7 -10 7 -10 8 -10 8 -9 7 -10 7 -10 8 -10 8 -10 8 -10 8 -10 9 -10 9 -10 9 -11 9 -10 9 -11 9 -10 10 -11 10 -11 10 0 0 0 0 0 0 0 0 0 0]"""
"""1770911353293444,CSI_DATA,STATION,00:00:00:00:00:00,0,0,0,0,0,0,0,0,0,0,0,0,0,0,0,0,0,0,0,0,0,128,[84 -64 4 0 0 0 0 0 0 0 0 0 8 5 8 6 7 6 7 6 7 7 7 6 7 7 6 7 7 7 7 8 7 8 7 7 6 8 6 8 6 8 6 8 6 8 6 8 6 8 6 9 7 9 6 8 6 8 6 9 6 8 6 8 0 0 6 8 7 8 7 8 7 8 7 8 8 8 7 8 7 8 8 8 8 8 9 8 8 8 8 8 9 8 9 8 9 8 10 8 10 8 10 8 10 8 10 8 10 8 10 9 11 9 11 9 11 9 0 0 0 0 0 0 0 0 0 0]"""
"""1770911353298901,CSI_DATA,STATION,00:00:00:00:00:00,0,0,0,0,0,0,0,0,0,0,0,0,0,0,0,0,0,0,0,0,0,128,[84 -64 4 0 0 0 0 0 0 0 0 0 7 -6 7 -6 7 -5 7 -5 7 -5 7 -6 8 -5 8 -5 8 -5 8 -5 8 -5 8 -5 8 -4 8 -4 8 -4 8 -5 8 -4 8 -4 8 -4 9 -4 8 -4 8 -4 9 -4 9 -4 9 -4 9 -5 0 0 9 -4 9 -4 8 -4 9 -5 9 -5 9 -5 9 -5 9 -5 9 -5 9 -5 9 -6 9 -6 9 -5 9 -5 10 -6 10 -6 10 -6 10 -7 10 -6 10 -7 10 -7 10 -6 11 -6 10 -7 11 -7 11 -7 0 0 0 0 0 0 0 0 0 0]"""
"""1770911353304298,CSI_DATA,STATION,00:00:00:00:00:00,0,0,0,0,0,0,0,0,0,0,0,0,0,0,0,0,0,0,0,0,0,128,[84 -64 4 0 0 0 0 0 0 0 0 0 4 8 4 8 4 9 4 10 3 9 3 9 3 9 3 9 3 9 3 10 3 10 3 10 3 10 3 10 2 10 3 10 2 10 2 10 2 10 2 10 2 10 2 10 2 10 2 10 2 11 2 10 0 0 3 10 3 10 3 11 3 10 3 11 3 11 3 11 4 11 3 10 4 10 4 11 4 11 4 11 4 11 4 11 4 12 5 11 5 12 5 12 5 11 5 12 5 12 5 12 6 12 6 12 6 13 0 0 0 0 0 0 0 0 0 0]"""
"""1770911353308882,CSI_DATA,STATION,00:00:00:00:00:00,0,0,0,0,0,0,0,0,0,0,0,0,0,0,0,0,0,0,0,0,0,128,[84 -64 4 0 0 0 0 0 0 0 0 0 1 9 1 10 1 10 1 10 0 10 0 10 0 10 -1 10 -1 10 0 11 -1 10 -1 10 -1 10 0 10 -1 10 -1 10 -1 10 -2 10 -1 11 -1 10 -1 10 -1 10 -1 11 -2 10 -1 11 -1 11 0 0 -1 10 0 11 0 11 -1 11 0 11 0 11 -1 11 0 11 -1 11 0 11 0 11 1 11 0 12 1 12 0 12 1 12 1 12 1 13 1 13 1 12 1 13 1 13 2 13 2 14 1 14 1 14 0 0 0 0 0 0 0 0 0 0]"""
"""1770911353313944,CSI_DATA,STATION,00:00:00:00:00:00,0,0,0,0,0,0,0,0,0,0,0,0,0,0,0,0,0,0,0,0,0,128,[84 -64 4 0 0 0 0 0 0 0 0 0 7 -5 7 -6 7 -5 8 -5 8 -4 8 -5 8 -4 8 -4 8 -4 9 -4 8 -4 8 -4 8 -4 8 -4 9 -4 9 -4 9 -3 9 -3 9 -3 9 -3 9 -3 9 -3 9 -3 9 -3 9 -4 9 -4 0 0 9 -3 9 -4 9 -3 9 -4 9 -3 9 -4 10 -4 9 -4 9 -4 9 -5 9 -5 9 -5 10 -4 10 -5 10 -5 10 -5 10 -5 10 -6 11 -5 10 -6 11 -5 11 -5 11 -5 11 -6 11 -6 11 -6 0 0 0 0 0 0 0 0 0 0]"""
"""1770911353319048,CSI_DATA,STATION,00:00:00:00:00:00,0,0,0,0,0,0,0,0,0,0,0,0,0,0,0,0,0,0,0,0,0,128,[84 -64 4 0 0 0 0 0 0 0 0 0 -9 -4 -9 -4 -9 -4 -9 -5 -9 -5 -9 -5 -8 -5 -9 -5 -8 -6 -8 -6 -9 -6 -9 -5 -8 -6 -8 -6 -8 -7 -8 -6 -8 -6 -8 -6 -8 -7 -8 -7 -8 -7 -8 -7 -8 -6 -8 -6 -9 -7 -8 -6 0 0 -8 -6 -8 -7 -9 -7 -8 -6 -9 -6 -9 -7 -9 -6 -9 -6 -9 -6 -10 -6 -10 -6 -10 -6 -10 -6 -10 -6 -10 -6 -10 -6 -11 -7 -11 -6 -11 -6 -11 -6 -11 -6 -11 -6 -12 -7 -12 -6 -12 -6 -12 -6 0 0 0 0 0 0 0 0 0 0]"""
"""1770911353324145,CSI_DATA,STATION,00:00:00:00:00:00,0,0,0,0,0,0,0,0,0,0,0,0,0,0,0,0,0,0,0,0,0,128,[84 -64 4 0 0 0 0 0 0 0 0 0 -9 -1 -10 -2 -9 -2 -10 -2 -9 -2 -10 -2 -10 -3 -9 -3 -9 -3 -9 -3 -10 -3 -9 -3 -10 -4 -10 -4 -10 -4 -9 -4 -9 -4 -9 -4 -10 -4 -9 -5 -9 -4 -9 -5 -9 -4 -10 -5 -10 -4 -10 -4 0 0 -10 -4 -9 -4 -10 -4 -9 -4 -10 -4 -10 -5 -10 -4 -10 -4 -10 -4 -10 -4 -11 -4 -11 -4 -11 -4 -11 -4 -11 -4 -12 -4 -12 -4 -12 -4 -12 -4 -12 -4 -12 -4 -12 -4 -12 -4 -13 -4 -13 -4 -13 -4 0 0 0 0 0 0 0 0 0 0]"""
"""1770911353329214,CSI_DATA,STATION,00:00:00:00:00:00,0,0,0,0,0,0,0,0,0,0,0,0,0,0,0,0,0,0,0,0,0,128,[84 -64 4 0 0 0 0 0 0 0 0 0 -8 -5 -8 -5 -8 -5 -8 -6 -8 -6 -8 -6 -8 -6 -7 -6 -7 -7 -8 -7 -8 -6 -7 -7 -8 -7 -8 -7 -7 -7 -7 -7 -7 -7 -7 -7 -7 -8 -7 -8 -7 -8 -7 -8 -7 -7 -7 -8 -7 -8 -7 -8 0 0 -7 -8 -8 -7 -8 -7 -8 -7 -8 -8 -8 -8 -8 -8 -8 -8 -8 -7 -8 -7 -9 -7 -9 -8 -9 -8 -9 -8 -9 -8 -9 -8 -9 -8 -9 -8 -10 -8 -10 -8 -10 -8 -10 -8 -10 -8 -11 -9 -10 -9 -10 -8 0 0 0 0 0 0 0 0 0 0]"""
"""1770911353334853,CSI_DATA,STATION,00:00:00:00:00:00,0,0,0,0,0,0,0,0,0,0,0,0,0,0,0,0,0,0,0,0,0,128,[84 -64 4 0 0 0 0 0 0 0 0 0 6 -7 7 -7 6 -6 7 -6 6 -6 7 -7 7 -6 7 -6 8 -6 7 -5 7 -6 8 -6 7 -6 7 -5 8 -5 7 -5 8 -6 7 -5 8 -5 8 -5 8 -5 8 -5 8 -5 8 -5 8 -5 8 -6 0 0 8 -6 8 -5 8 -6 8 -6 8 -6 8 -6 8 -6 8 -6 8 -7 8 -7 8 -7 8 -7 8 -7 8 -7 8 -7 9 -8 8 -8 9 -8 9 -8 9 -8 9 -9 9 -8 9 -8 9 -9 9 -9 9 -9 0 0 0 0 0 0 0 0 0 0]"""
"""1770911353339621,CSI_DATA,STATION,00:00:00:00:00:00,0,0,0,0,0,0,0,0,0,0,0,0,0,0,0,0,0,0,0,0,0,128,[84 -64 4 0 0 0 0 0 0 0 0 0 -5 -8 -5 -9 -5 -9 -5 -9 -4 -9 -4 -9 -4 -9 -3 -9 -3 -9 -3 -9 -3 -10 -3 -9 -3 -10 -3 -10 -3 -10 -3 -10 -2 -10 -2 -9 -3 -10 -2 -10 -2 -10 -3 -10 -2 -9 -3 -10 -3 -10 -3 -10 0 0 -3 -10 -3 -10 -3 -10 -3 -10 -3 -11 -3 -11 -3 -11 -3 -11 -3 -11 -4 -10 -4 -11 -4 -11 -4 -11 -4 -11 -4 -11 -4 -12 -4 -11 -4 -12 -4 -12 -4 -12 -4 -12 -4 -12 -5 -12 -6 -13 -5 -13 -5 -13 0 0 0 0 0 0 0 0 0 0]"""
"""1770911353352818,CSI_DATA,STATION,00:00:00:00:00:00,0,0,0,0,0,0,0,0,0,0,0,0,0,0,0,0,0,0,0,0,0,128,[14 -32 0 0 0 0 0 0 0 0 0 0 -5 9 -5 9 -5 8 -5 8 -6 8 -6 8 -7 8 -7 8 -7 8 -7 8 -7 8 -7 8 -7 8 -7 8 -8 8 -7 8 -8 8 -8 8 -7 7 -8 7 -8 7 -8 7 -8 8 -8 7 -7 7 -8 8 0 0 -8 8 -7 8 -8 8 -8 8 -7 8 -8 8 -8 8 -8 8 -8 9 -8 9 -8 9 -8 9 -8 9 -8 10 -8 10 -8 10 -8 10 -8 10 -8 11 -8 10 -8 11 -8 11 -8 11 -8 11 -9 11 -9 11 0 0 0 0 0 0 0 0 0 0]"""
"""1770911353358276,CSI_DATA,STATION,00:00:00:00:00:00,0,0,0,0,0,0,0,0,0,0,0,0,0,0,0,0,0,0,0,0,0,128,[84 -64 4 0 0 0 0 0 0 0 0 0 -5 -9 -5 -10 -5 -10 -6 -11 -5 -10 -5 -11 -4 -10 -4 -11 -4 -11 -4 -11 -4 -11 -4 -11 -4 -11 -3 -11 -4 -12 -3 -11 -3 -11 -3 -11 -3 -12 -3 -11 -3 -11 -3 -11 -3 -11 -3 -12 -3 -11 -3 -11 0 0 -3 -12 -4 -11 -4 -12 -3 -11 -3 -12 -4 -12 -4 -12 -4 -12 -4 -12 -4 -12 -5 -12 -5 -12 -5 -12 -5 -13 -5 -12 -5 -13 -5 -13 -6 -13 -5 -13 -5 -13 -5 -13 -6 -13 -6 -14 -7 -14 -6 -14 -6 -14 0 0 0 0 0 0 0 0 0 0]"""
"""1770911353363791,CSI_DATA,STATION,00:00:00:00:00:00,0,0,0,0,0,0,0,0,0,0,0,0,0,0,0,0,0,0,0,0,0,128,[84 -64 4 0 0 0 0 0 0 0 0 0 8 -2 8 -2 8 -1 9 -1 9 -1 9 -1 9 -1 9 -1 9 -1 9 0 9 0 9 -1 9 1 9 0 9 0 9 0 9 0 9 0 9 1 9 1 9 1 9 1 9 0 9 1 9 1 9 0 0 0 9 0 9 0 10 0 9 -1 10 0 10 0 10 0 10 -1 10 -1 10 -1 10 -1 10 -1 10 -1 11 -1 11 -1 11 -1 11 -1 11 -2 11 -2 11 -2 11 -2 11 -1 12 -1 12 -2 12 -2 12 -2 0 0 0 0 0 0 0 0 0 0]"""
"""1770911353369420,CSI_DATA,STATION,00:00:00:00:00:00,0,0,0,0,0,0,0,0,0,0,0,0,0,0,0,0,0,0,0,0,0,128,[84 -64 4 0 0 0 0 0 0 0 0 0 10 -2 10 -1 10 -1 10 -1 10 -1 10 -1 10 0 10 0 10 1 11 0 10 0 10 0 10 1 10 1 10 1 10 1 10 1 10 2 10 2 10 3 10 3 10 3 10 2 10 2 10 2 10 1 0 0 10 2 10 2 11 2 11 1 11 2 11 2 11 2 11 2 11 2 11 1 11 0 11 1 12 1 12 1 12 1 12 0 13 1 12 0 13 1 12 1 13 1 13 2 14 1 13 0 14 0 14 0 0 0 0 0 0 0 0 0 0 0]"""
"""1770911353374422,CSI_DATA,STATION,00:00:00:00:00:00,0,0,0,0,0,0,0,0,0,0,0,0,0,0,0,0,0,0,0,0,0,128,[84 -64 4 0 0 0 0 0 0 0 0 0 -5 -8 -6 -8 -5 -8 -5 -9 -5 -8 -5 -9 -4 -8 -4 -9 -4 -9 -4 -9 -4 -9 -4 -9 -4 -9 -4 -10 -4 -10 -4 -9 -4 -9 -3 -9 -4 -10 -4 -10 -3 -10 -4 -10 -3 -9 -4 -10 -4 -10 -4 -10 0 0 -4 -10 -4 -10 -4 -10 -4 -9 -5 -10 -4 -10 -4 -10 -5 -10 -4 -10 -5 -10 -6 -10 -6 -10 -6 -10 -6 -11 -5 -10 -6 -11 -6 -11 -6 -11 -6 -11 -6 -11 -6 -11 -6 -11 -6 -11 -7 -11 -7 -12 -7 -11 0 0 0 0 0 0 0 0 0 0]"""
"""1770911353379175,CSI_DATA,STATION,00:00:00:00:00:00,0,0,0,0,0,0,0,0,0,0,0,0,0,0,0,0,0,0,0,0,0,128,[84 -64 4 0 0 0 0 0 0 0 0 0 5 -7 6 -7 6 -7 6 -7 6 -6 7 -7 7 -7 7 -6 7 -6 7 -6 7 -6 7 -6 7 -6 7 -6 8 -6 7 -6 8 -5 7 -5 8 -6 8 -5 8 -5 8 -5 8 -5 8 -5 8 -5 8 -6 0 0 8 -6 7 -5 8 -6 8 -6 8 -6 8 -6 8 -6 8 -6 8 -7 8 -7 8 -7 8 -7 8 -7 8 -7 8 -7 9 -8 8 -7 9 -9 9 -8 8 -8 9 -8 9 -8 9 -8 9 -8 9 -9 9 -9 0 0 0 0 0 0 0 0 0 0]"""
"""1770911353384762,CSI_DATA,STATION,00:00:00:00:00:00,0,0,0,0,0,0,0,0,0,0,0,0,0,0,0,0,0,0,0,0,0,128,[84 -64 4 0 0 0 0 0 0 0 0 0 -1 -11 -1 -11 0 -11 0 -11 0 -11 0 -11 1 -11 1 -11 1 -11 1 -11 1 -11 2 -11 2 -11 1 -11 2 -11 2 -11 2 -11 2 -11 2 -11 2 -11 2 -11 2 -11 2 -11 2 -11 2 -11 2 -11 0 0 2 -11 1 -11 2 -11 1 -12 1 -12 1 -12 1 -12 1 -12 1 -12 1 -12 1 -12 1 -12 1 -13 1 -13 1 -13 1 -13 0 -14 0 -14 1 -14 0 -14 1 -14 1 -14 0 -15 0 -15 0 -15 0 -15 0 0 0 0 0 0 0 0 0 0]"""
"""1770911353390037,CSI_DATA,STATION,00:00:00:00:00:00,0,0,0,0,0,0,0,0,0,0,0,0,0,0,0,0,0,0,0,0,0,128,[84 -64 4 0 0 0 0 0 0 0 0 0 -3 9 -3 9 -4 9 -4 9 -4 9 -4 9 -5 9 -5 9 -5 9 -5 9 -5 9 -5 9 -5 9 -5 9 -6 9 -6 9 -6 9 -6 9 -6 8 -6 9 -6 9 -6 9 -7 9 -6 9 -6 9 -6 9 0 0 -6 9 -6 9 -6 9 -6 9 -6 9 -6 9 -6 10 -6 10 -6 10 -5 10 -6 11 -5 11 -6 10 -5 11 -6 11 -6 11 -6 11 -6 11 -6 12 -6 12 -6 12 -6 12 -6 12 -5 13 -6 13 -6 13 0 0 0 0 0 0 0 0 0 0]"""
"""1770911353395397,CSI_DATA,STATION,00:00:00:00:00:00,0,0,0,0,0,0,0,0,0,0,0,0,0,0,0,0,0,0,0,0,0,128,[84 -64 4 0 0 0 0 0 0 0 0 0 1 -10 1 -10 1 -10 2 -11 2 -11 2 -11 3 -10 3 -10 3 -10 3 -10 3 -11 3 -10 3 -10 3 -10 4 -11 4 -10 4 -10 4 -10 4 -10 4 -10 4 -10 5 -10 4 -10 4 -11 4 -11 4 -11 0 0 4 -10 3 -10 4 -11 3 -11 4 -11 4 -11 4 -11 4 -11 4 -11 3 -11 3 -12 3 -12 3 -12 3 -12 4 -13 3 -13 3 -13 3 -13 4 -13 4 -13 4 -13 4 -13 3 -14 3 -14 3 -14 3 -14 0 0 0 0 0 0 0 0 0 0]"""
"""1770911353401050,CSI_DATA,STATION,00:00:00:00:00:00,0,0,0,0,0,0,0,0,0,0,0,0,0,0,0,0,0,0,0,0,0,128,[84 -64 4 0 0 0 0 0 0 0 0 0 -9 0 -10 0 -9 -1 -10 -1 -9 -2 -10 -1 -9 -2 -10 -2 -9 -2 -10 -2 -10 -2 -10 -2 -10 -3 -10 -2 -10 -3 -10 -2 -10 -3 -9 -3 -10 -3 -9 -3 -9 -4 -10 -4 -9 -3 -10 -3 -10 -3 -10 -2 0 0 -10 -3 -10 -2 -10 -3 -10 -2 -11 -3 -10 -3 -11 -3 -11 -2 -10 -2 -11 -2 -11 -2 -11 -2 -11 -2 -11 -2 -12 -2 -12 -2 -12 -2 -12 -1 -12 -2 -13 -2 -13 -2 -12 -2 -13 -2 -13 -1 -13 -1 -13 -1 0 0 0 0 0 0 0 0 0 0]"""
"""1770911353403247,CSI_DATA,STATION,00:00:00:00:00:00,0,0,0,0,0,0,0,0,0,0,0,0,0,0,0,0,0,0,0,0,0,128,[84 -64 4 0 0 0 0 0 0 0 0 0 8 1 8 2 8 2 8 2 8 2 8 2 8 3 8 3 8 3 8 3 8 3 8 3 8 4 8 4 8 4 8 4 8 4 8 4 8 4 8 4 8 5 8 4 7 4 8 4 8 4 8 4 0 0 8 4 8 4 9 4 8 4 9 4 9 4 9 4 9 4 9 4 9 4 9 3 9 4 9 4 10 4 10 4 10 3 11 4 10 4 10 4 10 4 11 4 11 4 11 4 11 4 11 4 11 4 0 0 0 0 0 0 0 0 0 0]"""
"""1770911353408726,CSI_DATA,STATION,00:00:00:00:00:00,0,0,0,0,0,0,0,0,0,0,0,0,0,0,0,0,0,0,0,0,0,128,[84 -64 4 0 0 0 0 0 0 0 0 0 3 -10 3 -10 3 -10 3 -10 4 -10 4 -10 4 -10 4 -10 5 -10 5 -9 5 -10 5 -10 5 -9 5 -9 6 -10 6 -9 6 -9 5 -9 5 -9 6 -9 6 -10 6 -9 6 -9 6 -9 6 -9 6 -10 0 0 6 -10 5 -9 5 -10 5 -10 5 -10 5 -10 5 -10 5 -10 6 -11 5 -11 5 -11 5 -11 5 -11 5 -12 5 -12 5 -12 5 -12 5 -12 5 -12 5 -13 5 -13 5 -13 5 -13 5 -13 6 -13 5 -14 0 0 0 0 0 0 0 0 0 0]"""
"""1770911353414270,CSI_DATA,STATION,00:00:00:00:00:00,0,0,0,0,0,0,0,0,0,0,0,0,0,0,0,0,0,0,0,0,0,128,[84 -64 4 0 0 0 0 0 0 0 0 0 -9 0 -9 -1 -10 -1 -10 -2 -10 -2 -10 -1 -9 -2 -10 -2 -9 -2 -10 -3 -10 -2 -9 -3 -9 -3 -10 -3 -10 -3 -10 -2 -9 -3 -10 -3 -10 -3 -9 -4 -10 -4 -9 -3 -9 -4 -10 -4 -9 -3 -10 -3 0 0 -10 -3 -10 -3 -10 -3 -10 -3 -11 -3 -10 -3 -10 -3 -11 -3 -10 -3 -11 -3 -11 -2 -11 -2 -11 -3 -11 -3 -12 -2 -11 -2 -12 -2 -12 -2 -12 -2 -12 -2 -12 -2 -12 -3 -13 -3 -13 -2 -13 -2 -13 -2 0 0 0 0 0 0 0 0 0 0]"""
"""1770911353419457,CSI_DATA,STATION,00:00:00:00:00:00,0,0,0,0,0,0,0,0,0,0,0,0,0,0,0,0,0,0,0,0,0,128,[84 -64 4 0 0 0 0 0 0 0 0 0 -9 -3 -9 -3 -9 -4 -9 -4 -9 -4 -9 -4 -9 -5 -8 -5 -8 -5 -9 -5 -9 -5 -8 -5 -9 -6 -8 -6 -8 -6 -8 -6 -8 -6 -8 -6 -8 -6 -8 -7 -8 -6 -8 -6 -8 -6 -8 -7 -8 -6 -9 -6 0 0 -8 -6 -8 -6 -8 -6 -8 -6 -9 -6 -9 -6 -9 -6 -9 -6 -9 -6 -9 -6 -10 -6 -10 -6 -10 -6 -10 -6 -10 -6 -10 -6 -10 -6 -11 -6 -11 -6 -11 -6 -11 -6 -11 -7 -11 -7 -12 -7 -11 -6 -12 -6 0 0 0 0 0 0 0 0 0 0]"""
"""1770911353425163,CSI_DATA,STATION,00:00:00:00:00:00,0,0,0,0,0,0,0,0,0,0,0,0,0,0,0,0,0,0,0,0,0,128,[84 -64 4 0 0 0 0 0 0 0 0 0 -3 10 -3 10 -3 9 -3 10 -3 9 -4 10 -5 10 -5 10 -5 9 -5 9 -5 10 -5 9 -5 10 -5 9 -6 9 -5 9 -6 9 -6 9 -6 9 -6 9 -6 9 -6 9 -6 9 -6 9 -6 9 -6 10 0 0 -6 10 -5 9 -5 10 -5 10 -6 10 -5 10 -6 10 -6 10 -6 11 -5 10 -5 11 -5 11 -5 11 -5 12 -5 11 -5 12 -5 11 -5 12 -5 12 -5 12 -5 13 -6 12 -5 12 -5 13 -5 13 -5 14 0 0 0 0 0 0 0 0 0 0]"""
"""1770911353430158,CSI_DATA,STATION,00:00:00:00:00:00,0,0,0,0,0,0,0,0,0,0,0,0,0,0,0,0,0,0,0,0,0,128,[84 -64 4 0 0 0 0 0 0 0 0 0 -5 -9 -5 -9 -5 -9 -5 -10 -5 -10 -4 -10 -4 -10 -4 -10 -4 -10 -4 -11 -4 -11 -3 -10 -3 -11 -4 -11 -4 -11 -3 -10 -3 -11 -3 -10 -3 -11 -3 -11 -3 -11 -3 -11 -3 -11 -3 -11 -3 -11 -3 -11 0 0 -3 -11 -4 -11 -4 -11 -4 -11 -4 -11 -4 -12 -4 -12 -4 -12 -4 -11 -5 -11 -5 -11 -5 -11 -5 -12 -5 -12 -5 -12 -6 -12 -6 -12 -6 -13 -6 -12 -6 -13 -6 -12 -6 -12 -6 -13 -7 -13 -6 -13 -6 -13 0 0 0 0 0 0 0 0 0 0]"""
"""1770911353435113,CSI_DATA,STATION,00:00:00:00:00:00,0,0,0,0,0,0,0,0,0,0,0,0,0,0,0,0,0,0,0,0,0,128,[84 -64 4 0 0 0 0 0 0 0 0 0 -7 7 -7 8 -7 7 -8 7 -7 7 -8 7 -8 7 -8 6 -8 6 -9 6 -9 7 -9 7 -9 6 -9 6 -9 6 -9 6 -9 6 -9 5 -9 6 -10 5 -9 5 -9 5 -9 5 -9 6 -9 5 -10 6 0 0 -10 6 -9 5 -10 6 -10 6 -10 6 -10 6 -10 6 -10 6 -10 6 -10 7 -10 7 -10 7 -10 7 -10 7 -10 7 -11 8 -10 7 -11 8 -11 8 -11 7 -11 8 -11 7 -12 8 -11 9 -12 9 -11 9 0 0 0 0 0 0 0 0 0 0]"""
"""1770911353440156,CSI_DATA,STATION,00:00:00:00:00:00,0,0,0,0,0,0,0,0,0,0,0,0,0,0,0,0,0,0,0,0,0,128,[84 -64 4 0 0 0 0 0 0 0 0 0 -3 9 -3 9 -3 9 -3 9 -3 9 -4 9 -4 9 -4 9 -5 9 -4 9 -5 10 -5 9 -5 9 -5 9 -5 9 -5 9 -5 9 -5 9 -5 9 -6 9 -6 9 -6 9 -6 9 -5 10 -5 9 -6 9 0 0 -6 9 -5 9 -5 10 -5 10 -5 10 -5 10 -5 10 -5 10 -6 10 -5 10 -5 11 -4 10 -5 10 -5 11 -5 11 -5 12 -5 11 -5 12 -5 12 -5 12 -5 12 -5 12 -5 12 -4 13 -5 13 -5 13 0 0 0 0 0 0 0 0 0 0]"""
"""1770911353445135,CSI_DATA,STATION,00:00:00:00:00:00,0,0,0,0,0,0,0,0,0,0,0,0,0,0,0,0,0,0,0,0,0,128,[84 -64 4 0 0 0 0 0 0 0 0 0 -8 6 -8 6 -8 6 -8 6 -8 6 -9 6 -9 6 -9 5 -9 5 -9 5 -10 5 -9 5 -9 5 -9 4 -10 5 -10 5 -10 5 -10 4 -10 4 -10 4 -10 4 -10 5 -10 5 -10 5 -10 4 -10 5 0 0 -10 5 -10 5 -10 5 -10 5 -10 5 -10 5 -10 6 -10 6 -10 6 -10 7 -10 6 -10 6 -10 7 -10 7 -10 7 -11 7 -11 7 -11 8 -11 8 -11 8 -11 8 -11 8 -11 8 -11 9 -12 9 -12 8 0 0 0 0 0 0 0 0 0 0]"""
"""1770911353450658,CSI_DATA,STATION,00:00:00:00:00:00,0,0,0,0,0,0,0,0,0,0,0,0,0,0,0,0,0,0,0,0,0,128,[84 -64 4 0 0 0 0 0 0 0 0 0 -6 -7 -6 -7 -6 -7 -6 -8 -6 -8 -6 -8 -5 -8 -5 -8 -5 -8 -6 -9 -5 -8 -5 -8 -5 -9 -5 -8 -5 -9 -5 -9 -4 -9 -4 -8 -5 -9 -4 -9 -5 -9 -5 -9 -4 -9 -5 -9 -5 -9 -5 -9 0 0 -5 -9 -5 -9 -5 -9 -5 -9 -5 -9 -6 -9 -6 -9 -6 -9 -6 -9 -6 -9 -6 -9 -6 -9 -7 -9 -7 -10 -6 -10 -7 -10 -7 -10 -7 -10 -7 -10 -7 -10 -7 -11 -7 -10 -8 -11 -8 -10 -8 -11 -8 -11 0 0 0 0 0 0 0 0 0 0]"""
"""1770911353456022,CSI_DATA,STATION,00:00:00:00:00:00,0,0,0,0,0,0,0,0,0,0,0,0,0,0,0,0,0,0,0,0,0,128,[84 -64 4 0 0 0 0 0 0 0 0 0 2 -10 2 -10 2 -10 2 -10 2 -10 3 -10 3 -10 3 -10 4 -10 4 -10 4 -10 4 -10 4 -10 4 -10 4 -10 5 -10 5 -10 4 -10 5 -10 5 -10 5 -10 4 -10 5 -10 4 -10 4 -10 5 -10 0 0 5 -11 4 -10 4 -10 4 -10 4 -11 4 -11 4 -11 4 -11 4 -11 4 -11 4 -12 3 -12 4 -12 4 -12 4 -12 4 -13 4 -12 4 -13 4 -13 4 -13 4 -13 4 -13 4 -13 4 -14 4 -14 4 -14 0 0 0 0 0 0 0 0 0 0]"""
"""1770911353461046,CSI_DATA,STATION,00:00:00:00:00:00,0,0,0,0,0,0,0,0,0,0,0,0,0,0,0,0,0,0,0,0,0,128,[84 -64 4 0 0 0 0 0 0 0 0 0 -4 9 -5 8 -4 9 -4 8 -5 9 -5 8 -6 9 -6 9 -6 8 -6 8 -6 8 -7 8 -7 8 -6 8 -7 8 -7 9 -7 8 -7 8 -7 8 -7 8 -6 8 -6 8 -7 8 -7 8 -7 8 -7 8 0 0 -7 8 -6 9 -6 9 -7 9 -6 9 -6 9 -6 9 -6 9 -6 10 -6 10 -6 10 -6 10 -6 10 -6 10 -6 11 -6 11 -6 11 -6 11 -6 12 -6 11 -6 12 -6 12 -6 12 -6 12 -7 12 -6 12 0 0 0 0 0 0 0 0 0 0]"""
"""1770911353466090,CSI_DATA,STATION,00:00:00:00:00:00,0,0,0,0,0,0,0,0,0,0,0,0,0,0,0,0,0,0,0,0,0,128,[84 -64 4 0 0 0 0 0 0 0 0 0 5 6 5 7 5 7 5 7 5 7 4 7 4 8 4 8 4 8 4 8 3 7 4 8 4 8 4 8 4 8 4 8 3 8 3 8 3 8 4 8 3 8 4 8 3 8 4 8 4 8 4 8 0 0 4 8 4 8 4 8 4 8 5 8 5 8 5 8 5 8 5 8 5 8 5 8 6 8 6 9 6 9 6 9 6 9 7 9 7 9 6 9 7 9 6 9 7 9 7 9 8 9 7 9 7 9 0 0 0 0 0 0 0 0 0 0]"""
"""1770911353471253,CSI_DATA,STATION,00:00:00:00:00:00,0,0,0,0,0,0,0,0,0,0,0,0,0,0,0,0,0,0,0,0,0,128,[84 -64 4 0 0 0 0 0 0 0 0 0 -6 -9 -7 -9 -6 -9 -6 -9 -6 -9 -6 -10 -5 -9 -6 -10 -5 -10 -5 -10 -5 -10 -5 -10 -5 -10 -5 -10 -5 -11 -4 -10 -4 -10 -4 -10 -5 -10 -4 -10 -5 -10 -4 -10 -4 -10 -5 -10 -5 -11 -5 -11 0 0 -5 -11 -5 -10 -5 -11 -5 -10 -5 -11 -6 -11 -6 -11 -6 -11 -6 -10 -6 -10 -6 -10 -7 -11 -7 -11 -7 -11 -6 -11 -7 -12 -7 -11 -8 -11 -7 -12 -8 -11 -8 -12 -8 -12 -8 -12 -9 -12 -8 -12 -8 -12 0 0 0 0 0 0 0 0 0 0]"""
"""1770911353476636,CSI_DATA,STATION,00:00:00:00:00:00,0,0,0,0,0,0,0,0,0,0,0,0,0,0,0,0,0,0,0,0,0,128,[84 -64 4 0 0 0 0 0 0 0 0 0 -6 -7 -5 -7 -6 -8 -5 -8 -6 -8 -5 -8 -5 -8 -5 -9 -5 -9 -5 -9 -4 -9 -4 -9 -4 -9 -4 -9 -4 -10 -4 -9 -4 -8 -4 -9 -4 -9 -4 -9 -4 -9 -4 -9 -4 -9 -4 -10 -4 -9 -4 -9 0 0 -4 -9 -5 -9 -5 -9 -5 -9 -5 -9 -5 -10 -5 -10 -5 -9 -5 -9 -6 -9 -6 -10 -6 -10 -6 -10 -6 -10 -6 -10 -7 -10 -7 -10 -7 -10 -7 -10 -7 -10 -7 -10 -7 -11 -7 -11 -8 -11 -8 -11 -7 -11 0 0 0 0 0 0 0 0 0 0]"""
"""1770911353481052,CSI_DATA,STATION,00:00:00:00:00:00,0,0,0,0,0,0,0,0,0,0,0,0,0,0,0,0,0,0,0,0,0,128,[84 -64 4 0 0 0 0 0 0 0 0 0 6 -8 6 -8 6 -8 6 -7 7 -8 7 -8 7 -8 7 -7 8 -7 8 -7 8 -7 8 -7 8 -7 8 -7 8 -7 8 -7 8 -7 8 -7 8 -6 8 -7 8 -7 8 -7 8 -7 8 -7 8 -7 8 -7 0 0 8 -7 8 -7 8 -7 8 -8 8 -8 8 -8 8 -8 8 -8 8 -8 8 -9 8 -9 7 -9 8 -9 8 -9 8 -10 8 -10 8 -10 8 -10 8 -10 8 -11 8 -10 8 -11 8 -11 8 -11 9 -12 9 -11 0 0 0 0 0 0 0 0 0 0]"""
"""1770911353486294,CSI_DATA,STATION,00:00:00:00:00:00,0,0,0,0,0,0,0,0,0,0,0,0,0,0,0,0,0,0,0,0,0,128,[84 -64 4 0 0 0 0 0 0 0 0 0 3 8 3 9 3 9 3 9 2 9 2 9 2 9 2 10 1 10 2 10 2 10 1 10 1 10 1 10 1 10 1 10 0 9 0 10 0 10 1 10 0 10 0 10 0 10 1 11 1 10 1 10 0 0 1 10 2 10 1 11 1 11 2 10 1 11 1 11 2 11 1 11 2 10 2 11 2 11 2 11 3 12 2 12 2 12 3 12 3 12 3 12 3 12 3 13 3 13 3 13 4 13 3 13 3 13 0 0 0 0 0 0 0 0 0 0]"""
"""1770911353491354,CSI_DATA,STATION,00:00:00:00:00:00,0,0,0,0,0,0,0,0,0,0,0,0,0,0,0,0,0,0,0,0,0,128,[84 -64 4 0 0 0 0 0 0 0 0 0 -9 3 -8 3 -8 2 -9 2 -9 2 -9 3 -9 2 -10 2 -9 2 -9 1 -10 2 -9 1 -10 1 -10 1 -10 1 -9 1 -10 1 -9 1 -10 1 -10 0 -10 0 -10 0 -9 1 -10 0 -10 0 -10 1 0 0 -10 1 -10 1 -10 1 -10 1 -10 1 -10 1 -10 1 -10 1 -10 1 -11 2 -11 2 -11 2 -11 2 -11 2 -11 2 -11 3 -11 2 -11 2 -12 2 -12 3 -12 3 -12 2 -12 2 -12 3 -13 3 -13 3 0 0 0 0 0 0 0 0 0 0]"""
"""1770911353496520,CSI_DATA,STATION,00:00:00:00:00:00,0,0,0,0,0,0,0,0,0,0,0,0,0,0,0,0,0,0,0,0,0,128,[84 -64 4 0 0 0 0 0 0 0 0 0 7 4 7 5 7 5 8 6 7 6 7 6 7 6 6 6 6 7 6 6 7 7 7 7 7 7 6 7 6 8 6 7 6 7 5 7 6 8 6 8 6 8 6 8 5 7 6 8 7 8 7 7 0 0 6 7 6 7 7 8 7 6 7 8 7 8 7 8 7 7 8 7 7 6 8 7 8 7 8 8 9 8 8 7 9 7 9 8 9 7 9 8 9 6 9 8 9 8 9 8 10 8 10 8 10 8 0 0 0 0 0 0 0 0 0 0]"""
"""1770911353501369,CSI_DATA,STATION,00:00:00:00:00:00,0,0,0,0,0,0,0,0,0,0,0,0,0,0,0,0,0,0,0,0,0,128,[84 -64 4 0 0 0 0 0 0 0 0 0 -8 3 -9 3 -9 2 -9 2 -9 2 -9 2 -9 2 -9 2 -9 2 -9 1 -10 2 -9 2 -9 1 -9 1 -10 1 -9 2 -10 1 -9 1 -10 1 -10 1 -10 0 -10 1 -9 1 -10 1 -10 1 -10 1 0 0 -9 1 -10 2 -10 1 -10 2 -10 1 -10 2 -10 1 -10 2 -10 2 -10 2 -11 3 -10 2 -10 3 -11 3 -11 3 -11 3 -11 3 -11 3 -11 3 -12 3 -12 3 -11 3 -12 3 -12 4 -12 4 -12 4 0 0 0 0 0 0 0 0 0 0]"""
"""1770911353506673,CSI_DATA,STATION,00:00:00:00:00:00,0,0,0,0,0,0,0,0,0,0,0,0,0,0,0,0,0,0,0,0,0,128,[84 -64 4 0 0 0 0 0 0 0 0 0 0 9 -1 9 -1 9 -2 10 -1 10 -2 10 -2 9 -3 10 -2 10 -2 10 -3 10 -3 9 -2 10 -3 10 -3 10 -3 9 -3 10 -3 9 -3 10 -3 10 -3 9 -3 10 -4 10 -3 10 -3 9 -3 10 0 0 -3 10 -2 10 -3 10 -2 10 -3 10 -2 10 -2 10 -2 10 -3 10 -2 10 -2 11 -2 11 -2 11 -2 11 -2 12 -2 12 -2 12 -2 12 -2 13 -2 12 -1 13 -1 13 -1 13 -1 13 -2 13 -2 13 0 0 0 0 0 0 0 0 0 0]"""
"""1770911353511931,CSI_DATA,STATION,00:00:00:00:00:00,0,0,0,0,0,0,0,0,0,0,0,0,0,0,0,0,0,0,0,0,0,128,[84 -64 4 0 0 0 0 0 0 0 0 0 7 -4 8 -4 7 -3 8 -3 8 -3 8 -3 8 -3 9 -2 8 -3 9 -2 9 -2 8 -2 9 -2 9 -2 9 -2 8 -2 9 -2 8 -2 9 -1 9 -2 9 -1 9 -1 9 -2 9 -1 9 -1 9 -2 0 0 9 -2 9 -2 9 -2 9 -2 10 -2 9 -2 10 -2 9 -2 9 -2 9 -2 10 -3 10 -2 10 -2 10 -2 10 -3 11 -3 10 -3 11 -4 11 -3 11 -4 11 -4 11 -3 11 -3 12 -3 12 -4 12 -4 0 0 0 0 0 0 0 0 0 0]"""
"""1770911353522342,CSI_DATA,STATION,00:00:00:00:00:00,0,0,0,0,0,0,0,0,0,0,0,0,0,0,0,0,0,0,0,0,0,128,[84 -64 4 0 0 0 0 0 0 0 0 0 8 1 8 2 8 2 8 3 8 3 8 3 7 3 8 4 7 4 8 4 8 4 8 4 8 4 7 4 8 5 7 4 7 4 8 4 7 4 7 5 7 5 7 5 8 4 8 4 8 5 8 4 0 0 7 4 8 4 8 4 8 4 8 4 8 4 8 4 8 4 8 4 8 4 9 4 9 4 9 4 9 4 9 3 9 3 10 4 10 3 10 4 10 4 10 4 10 4 11 4 11 4 11 4 11 4 0 0 0 0 0 0 0 0 0 0]"""
"""1770911353527918,CSI_DATA,STATION,00:00:00:00:00:00,0,0,0,0,0,0,0,0,0,0,0,0,0,0,0,0,0,0,0,0,0,128,[84 -64 4 0 0 0 0 0 0 0 0 0 -9 1 -9 1 -10 1 -10 0 -9 0 -9 0 -10 0 -10 0 -9 -1 -10 -1 -10 0 -9 -1 -10 -1 -10 -1 -10 -2 -10 -1 -10 -1 -10 -1 -10 -2 -10 -2 -10 -2 -9 -2 -10 -2 -10 -2 -10 -2 -10 -1 0 0 -10 -1 -10 -1 -10 -1 -10 -1 -11 -1 -10 -1 -10 -1 -10 -1 -10 -1 -11 -1 -11 -1 -11 -1 -11 -1 -11 -1 -11 0 -12 0 -12 -1 -12 0 -12 0 -12 0 -12 0 -12 -1 -13 -1 -13 0 -13 0 -13 0 0 0 0 0 0 0 0 0 0 0]"""
"""1770911353532531,CSI_DATA,STATION,00:00:00:00:00:00,0,0,0,0,0,0,0,0,0,0,0,0,0,0,0,0,0,0,0,0,0,128,[14 -32 0 0 0 0 0 0 0 0 0 0 7 -4 7 -4 7 -4 8 -3 8 -3 8 -3 9 -3 9 -3 9 -3 9 -2 8 -2 9 -3 9 -2 8 -2 9 -2 9 -3 9 -2 9 -2 9 -2 9 -2 9 -2 9 -2 9 -2 9 -1 9 -2 9 -2 0 0 9 -2 9 -2 9 -2 9 -3 9 -2 10 -2 10 -2 9 -2 9 -3 9 -3 10 -3 10 -3 10 -3 10 -3 10 -3 11 -4 10 -3 11 -4 11 -3 11 -4 11 -4 11 -3 12 -3 11 -4 12 -4 12 -4 0 0 0 0 0 0 0 0 0 0]"""
"""1770911353537700,CSI_DATA,STATION,00:00:00:00:00:00,0,0,0,0,0,0,0,0,0,0,0,0,0,0,0,0,0,0,0,0,0,128,[84 -64 4 0 0 0 0 0 0 0 0 0 -3 -10 -2 -10 -3 -10 -3 -10 -2 -11 -2 -11 -1 -11 -1 -11 -1 -11 -1 -11 -1 -11 0 -11 0 -11 0 -11 0 -11 0 -11 0 -11 0 -11 0 -11 0 -11 0 -10 0 -11 1 -11 0 -11 0 -11 0 -11 0 0 1 -11 0 -11 0 -11 -1 -11 0 -11 -1 -11 -1 -12 -1 -12 0 -12 -1 -12 -1 -12 -1 -12 -1 -12 -1 -12 -1 -13 -1 -13 -1 -13 -1 -13 -1 -13 -1 -14 -1 -14 -2 -13 -2 -14 -2 -14 -2 -14 -2 -14 0 0 0 0 0 0 0 0 0 0]"""
"""1770911353542379,CSI_DATA,STATION,00:00:00:00:00:00,0,0,0,0,0,0,0,0,0,0,0,0,0,0,0,0,0,0,0,0,0,128,[84 -64 4 0 0 0 0 0 0 0 0 0 -9 2 -9 2 -9 1 -10 1 -9 1 -10 1 -10 1 -10 1 -10 1 -10 0 -10 1 -10 1 -10 0 -10 0 -10 0 -10 0 -10 0 -9 0 -10 0 -10 -1 -10 0 -10 0 -10 0 -10 0 -10 0 -10 0 0 0 -10 0 -10 0 -10 1 -10 1 -10 0 -10 1 -11 1 -10 1 -10 1 -10 1 -11 2 -11 1 -11 2 -11 1 -11 2 -11 2 -11 2 -12 2 -12 2 -12 2 -12 2 -12 2 -12 2 -12 3 -12 3 -13 3 0 0 0 0 0 0 0 0 0 0]"""
"""1770911353547361,CSI_DATA,STATION,00:00:00:00:00:00,0,0,0,0,0,0,0,0,0,0,0,0,0,0,0,0,0,0,0,0,0,128,[84 -64 4 0 0 0 0 0 0 0 0 0 -7 -6 -7 -6 -7 -7 -7 -7 -7 -7 -6 -8 -6 -7 -6 -7 -6 -8 -6 -8 -6 -8 -6 -8 -6 -8 -6 -8 -6 -8 -5 -8 -6 -8 -6 -8 -6 -8 -6 -9 -6 -8 -6 -8 -6 -8 -6 -8 -6 -8 -6 -8 0 0 -6 -8 -6 -8 -7 -8 -6 -8 -7 -8 -6 -8 -7 -8 -7 -8 -7 -8 -7 -8 -8 -8 -8 -8 -7 -8 -8 -9 -8 -8 -8 -9 -8 -9 -8 -8 -9 -8 -9 -9 -9 -9 -9 -9 -9 -9 -10 -9 -9 -9 -9 -9 0 0 0 0 0 0 0 0 0 0]"""
"""1770911353552503,CSI_DATA,STATION,00:00:00:00:00:00,0,0,0,0,0,0,0,0,0,0,0,0,0,0,0,0,0,0,0,0,0,128,[84 -64 4 0 0 0 0 0 0 0 0 0 -5 -8 -4 -8 -5 -8 -4 -9 -4 -9 -4 -9 -4 -9 -4 -9 -4 -9 -4 -9 -3 -9 -4 -9 -3 -9 -3 -10 -3 -10 -3 -9 -3 -9 -3 -9 -3 -10 -3 -10 -3 -10 -3 -9 -3 -9 -3 -10 -3 -10 -3 -10 0 0 -3 -10 -4 -10 -4 -10 -4 -10 -4 -10 -4 -10 -4 -10 -4 -10 -4 -10 -5 -10 -5 -10 -5 -10 -5 -10 -5 -10 -5 -10 -5 -10 -6 -11 -6 -11 -6 -11 -6 -11 -6 -11 -6 -11 -6 -11 -7 -11 -6 -12 -7 -11 0 0 0 0 0 0 0 0 0 0]"""
"""1770911353557545,CSI_DATA,STATION,00:00:00:00:00:00,0,0,0,0,0,0,0,0,0,0,0,0,0,0,0,0,0,0,0,0,0,128,[84 -64 4 0 0 0 0 0 0 0 0 0 -7 6 -7 5 -7 5 -7 5 -7 5 -8 5 -8 5 -8 5 -8 5 -8 4 -8 4 -8 5 -8 4 -8 4 -9 4 -8 4 -9 5 -8 4 -9 4 -9 4 -8 4 -8 4 -8 4 -9 4 -9 4 -9 4 0 0 -9 4 -9 4 -9 4 -8 5 -9 5 -9 5 -9 5 -9 5 -9 5 -9 6 -9 6 -9 6 -9 6 -9 6 -9 6 -9 7 -9 6 -9 7 -9 7 -9 7 -9 7 -9 7 -9 7 -9 8 -10 8 -10 8 0 0 0 0 0 0 0 0 0 0]"""
"""1770911353563140,CSI_DATA,STATION,00:00:00:00:00:00,0,0,0,0,0,0,0,0,0,0,0,0,0,0,0,0,0,0,0,0,0,128,[84 -64 4 0 0 0 0 0 0 0 0 0 2 9 1 9 1 9 1 9 1 9 1 10 0 10 0 10 0 10 0 10 -1 10 -1 10 0 10 -1 9 -1 10 -1 10 -1 10 -1 10 -1 10 -1 10 -1 10 -1 10 -1 10 -1 10 -1 10 -1 10 0 0 -1 10 0 10 0 10 0 11 0 11 0 11 0 11 0 10 0 11 0 10 0 11 1 11 1 11 1 11 0 12 1 12 2 12 2 12 1 13 1 12 1 12 1 12 2 13 2 13 2 13 2 13 0 0 0 0 0 0 0 0 0 0]"""
"""1770911353568851,CSI_DATA,STATION,00:00:00:00:00:00,0,0,0,0,0,0,0,0,0,0,0,0,0,0,0,0,0,0,0,0,0,128,[84 -64 4 0 0 0 0 0 0 0 0 0 9 2 9 3 9 4 9 4 9 4 8 4 8 4 8 5 8 4 9 5 8 5 8 5 9 5 8 5 8 6 8 6 8 5 8 5 8 6 8 6 8 6 8 6 8 6 8 6 8 6 8 6 0 0 8 6 8 6 8 5 8 6 9 6 9 6 9 6 9 5 9 5 9 5 9 5 10 5 10 6 10 6 10 5 10 5 11 6 11 5 11 5 11 5 11 5 11 6 12 6 12 5 12 6 12 6 0 0 0 0 0 0 0 0 0 0]"""
"""1770911353573614,CSI_DATA,STATION,00:00:00:00:00:00,0,0,0,0,0,0,0,0,0,0,0,0,0,0,0,0,0,0,0,0,0,128,[84 -64 4 0 0 0 0 0 0 0 0 0 1 9 0 10 0 10 0 10 0 10 0 10 0 10 -1 10 -1 10 -1 10 -2 10 -1 10 -1 10 -2 10 -2 10 -2 10 -2 10 -2 10 -2 10 -2 10 -2 10 -1 10 -2 10 -2 10 -2 10 -2 10 0 0 -1 10 -1 10 -1 11 -1 10 -1 10 -1 10 -1 11 0 10 -1 11 -1 11 -1 11 0 11 0 11 0 12 0 12 0 12 1 12 0 12 1 13 1 12 1 13 1 13 1 13 1 13 0 14 0 14 0 0 0 0 0 0 0 0 0 0]"""
"""1770911353578674,CSI_DATA,STATION,00:00:00:00:00:00,0,0,0,0,0,0,0,0,0,0,0,0,0,0,0,0,0,0,0,0,0,128,[84 -64 4 0 0 0 0 0 0 0 0 0 -4 -10 -4 -10 -3 -10 -3 -10 -3 -11 -3 -10 -2 -10 -2 -11 -2 -11 -2 -11 -2 -11 -2 -11 -1 -11 -1 -11 -1 -11 -1 -11 -1 -11 -1 -11 -1 -11 -1 -11 -1 -11 -1 -11 -1 -11 -1 -11 -1 -11 -1 -11 0 0 -1 -11 -1 -11 -2 -12 -1 -12 -1 -11 -2 -12 -2 -12 -2 -12 -1 -12 -2 -12 -2 -12 -2 -12 -2 -12 -2 -12 -2 -13 -3 -13 -3 -13 -3 -13 -2 -13 -3 -13 -3 -14 -3 -13 -3 -14 -3 -14 -3 -14 -3 -14 0 0 0 0 0 0 0 0 0 0]"""
"""1770911353584155,CSI_DATA,STATION,00:00:00:00:00:00,0,0,0,0,0,0,0,0,0,0,0,0,0,0,0,0,0,0,0,0,0,128,[84 -64 4 0 0 0 0 0 0 0 0 0 -5 -9 -6 -9 -6 -9 -6 -9 -5 -10 -5 -10 -5 -10 -4 -10 -4 -10 -4 -11 -4 -10 -4 -10 -4 -10 -4 -11 -3 -10 -3 -10 -3 -10 -3 -11 -3 -11 -3 -11 -3 -11 -3 -11 -3 -11 -3 -11 -3 -11 -3 -11 0 0 -3 -11 -4 -11 -3 -11 -4 -11 -3 -11 -4 -11 -3 -11 -4 -11 -3 -11 -4 -12 -4 -12 -4 -11 -4 -11 -4 -12 -4 -12 -4 -13 -4 -13 -5 -13 -4 -13 -4 -13 -4 -13 -4 -13 -5 -13 -5 -13 -5 -13 -5 -14 0 0 0 0 0 0 0 0 0 0]"""
"""1770911353589306,CSI_DATA,STATION,00:00:00:00:00:00,0,0,0,0,0,0,0,0,0,0,0,0,0,0,0,0,0,0,0,0,0,128,[84 -64 4 0 0 0 0 0 0 0 0 0 -8 5 -8 5 -8 4 -8 4 -8 4 -9 4 -9 4 -9 4 -9 3 -9 3 -9 4 -9 3 -9 3 -9 3 -9 3 -9 3 -9 3 -9 3 -10 3 -9 2 -9 2 -9 3 -9 3 -9 3 -9 3 -9 3 0 0 -9 3 -9 3 -9 3 -9 4 -9 3 -9 3 -10 3 -10 4 -9 4 -10 4 -10 5 -10 5 -10 5 -10 5 -10 5 -10 6 -10 5 -10 6 -11 6 -11 5 -11 6 -11 5 -11 6 -10 6 -11 6 -11 6 0 0 0 0 0 0 0 0 0 0]"""
"""1770911353594298,CSI_DATA,STATION,00:00:00:00:00:00,0,0,0,0,0,0,0,0,0,0,0,0,0,0,0,0,0,0,0,0,0,128,[84 -64 4 0 0 0 0 0 0 0 0 0 -6 7 -6 7 -6 6 -7 6 -7 6 -7 6 -7 6 -7 6 -7 6 -7 6 -7 6 -8 6 -8 5 -8 5 -8 5 -8 5 -8 6 -8 5 -8 5 -8 4 -8 5 -8 5 -8 5 -8 5 -8 5 -8 6 0 0 -8 5 -8 5 -8 5 -8 5 -8 5 -8 5 -8 6 -8 6 -8 6 -8 7 -8 7 -8 7 -8 6 -8 7 -9 7 -9 8 -8 7 -9 8 -9 8 -9 8 -9 8 -9 8 -9 8 -9 8 -10 9 -9 8 0 0 0 0 0 0 0 0 0 0]"""
"""1770911353598919,CSI_DATA,STATION,00:00:00:00:00:00,0,0,0,0,0,0,0,0,0,0,0,0,0,0,0,0,0,0,0,0,0,128,[84 -64 4 0 0 0 0 0 0 0 0 0 -9 -5 -9 -6 -9 -6 -9 -7 -8 -7 -8 -7 -9 -7 -8 -7 -8 -8 -8 -8 -8 -8 -8 -8 -8 -8 -8 -8 -8 -8 -8 -8 -8 -8 -8 -8 -8 -8 -8 -9 -8 -8 -8 -8 -8 -8 -8 -8 -8 -8 -8 -8 0 0 -8 -8 -8 -8 -9 -8 -8 -8 -9 -8 -9 -8 -9 -8 -9 -8 -9 -8 -10 -8 -10 -8 -10 -8 -10 -8 -10 -8 -10 -8 -11 -8 -11 -9 -11 -8 -11 -8 -11 -8 -11 -8 -12 -8 -12 -9 -12 -9 -12 -8 -12 -8 0 0 0 0 0 0 0 0 0 0]"""
"""1770911353603459,CSI_DATA,STATION,00:00:00:00:00:00,0,0,0,0,0,0,0,0,0,0,0,0,0,0,0,0,0,0,0,0,0,128,[84 -64 4 0 0 0 0 0 0 0 0 0 -8 -5 -8 -5 -8 -5 -8 -5 -8 -6 -8 -6 -7 -6 -7 -6 -7 -7 -7 -7 -7 -7 -7 -6 -7 -7 -7 -7 -7 -7 -7 -7 -7 -7 -7 -6 -7 -7 -7 -7 -7 -8 -7 -7 -6 -7 -7 -8 -7 -8 -7 -8 0 0 -7 -8 -7 -7 -7 -7 -7 -7 -8 -7 -7 -8 -7 -7 -8 -8 -8 -7 -8 -7 -9 -7 -8 -7 -8 -7 -8 -8 -9 -7 -9 -7 -9 -8 -9 -8 -9 -8 -9 -8 -9 -8 -10 -8 -10 -8 -10 -8 -10 -8 -10 -8 0 0 0 0 0 0 0 0 0 0]"""
"""1770911353610844,CSI_DATA,STATION,00:00:00:00:00:00,0,0,0,0,0,0,0,0,0,0,0,0,0,0,0,0,0,0,0,0,0,128,[84 -64 4 0 0 0 0 0 0 0 0 0 0 -10 1 -10 0 -10 1 -11 1 -11 1 -11 2 -11 2 -10 2 -10 2 -10 3 -11 3 -10 3 -10 2 -10 3 -10 3 -10 3 -10 3 -11 3 -10 3 -10 3 -10 3 -11 3 -10 3 -11 3 -10 3 -11 0 0 3 -11 2 -11 3 -11 2 -11 3 -11 2 -11 3 -11 3 -12 3 -12 2 -12 2 -12 2 -12 2 -12 2 -12 2 -13 2 -13 2 -13 2 -13 2 -13 2 -13 2 -14 2 -14 2 -15 2 -14 2 -15 2 -15 0 0 0 0 0 0 0 0 0 0]"""
"""1770911353613655,CSI_DATA,STATION,00:00:00:00:00:00,0,0,0,0,0,0,0,0,0,0,0,0,0,0,0,0,0,0,0,0,0,128,[84 -64 4 0 0 0 0 0 0 0 0 0 6 3 6 4 7 4 7 4 6 5 6 5 6 5 6 5 6 6 6 6 6 5 6 5 6 6 6 6 6 6 6 6 6 5 6 6 6 6 6 6 6 6 6 6 6 6 6 6 6 6 6 6 0 0 6 6 6 6 6 6 6 6 6 6 7 6 7 6 7 6 7 6 7 6 7 5 7 6 8 6 8 6 8 6 8 6 9 6 9 6 9 6 9 6 9 6 9 6 9 6 9 6 9 6 9 6 0 0 0 0 0 0 0 0 0 0]"""
"""1770911353619089,CSI_DATA,STATION,00:00:00:00:00:00,0,0,0,0,0,0,0,0,0,0,0,0,0,0,0,0,0,0,0,0,0,128,[84 -64 4 0 0 0 0 0 0 0 0 0 7 -3 8 -3 8 -2 8 -2 8 -2 8 -2 8 -2 9 -1 8 -1 9 -1 8 -1 8 -1 8 -1 9 -1 8 -1 8 -1 9 -1 8 0 9 -1 9 0 8 0 8 0 8 0 9 0 9 -1 9 -1 0 0 9 0 9 -1 9 -1 9 -1 9 -1 9 -1 9 -1 9 -1 9 -1 9 -1 9 -2 10 -1 10 -1 10 -1 10 -2 10 -2 10 -2 11 -2 11 -1 11 -2 11 -2 11 -1 11 -2 11 -2 12 -2 12 -2 0 0 0 0 0 0 0 0 0 0]"""
"""1770911353624014,CSI_DATA,STATION,00:00:00:00:00:00,0,0,0,0,0,0,0,0,0,0,0,0,0,0,0,0,0,0,0,0,0,128,[84 -64 4 0 0 0 0 0 0 0 0 0 -5 6 -6 6 -5 6 -6 6 -6 6 -6 6 -7 6 -7 6 -7 5 -7 5 -7 6 -7 5 -7 5 -7 5 -7 5 -7 6 -8 6 -7 5 -8 5 -8 5 -7 5 -8 5 -8 5 -7 5 -8 5 -8 5 0 0 -8 5 -7 5 -8 6 -8 5 -8 6 -8 6 -8 6 -8 6 -8 7 -8 6 -8 7 -8 6 -8 7 -8 7 -8 7 -8 7 -8 7 -9 8 -9 8 -9 8 -9 8 -9 8 -9 8 -9 8 -9 8 -9 9 0 0 0 0 0 0 0 0 0 0]"""
"""1770911353629240,CSI_DATA,STATION,00:00:00:00:00:00,0,0,0,0,0,0,0,0,0,0,0,0,0,0,0,0,0,0,0,0,0,128,[84 -64 4 0 0 0 0 0 0 0 0 0 -6 8 -6 8 -6 8 -7 8 -7 8 -7 8 -8 7 -8 7 -8 7 -8 7 -8 7 -8 7 -8 7 -8 7 -8 7 -8 7 -8 7 -9 6 -8 7 -9 6 -8 6 -8 6 -9 7 -9 7 -8 7 -9 7 0 0 -9 7 -8 7 -8 7 -8 7 -8 8 -8 7 -9 7 -8 8 -9 8 -8 8 -9 9 -8 9 -8 9 -8 9 -9 9 -9 9 -9 9 -9 9 -10 10 -9 10 -9 10 -9 10 -9 10 -9 11 -9 11 -9 11 0 0 0 0 0 0 0 0 0 0]"""
"""1770911353634185,CSI_DATA,STATION,00:00:00:00:00:00,0,0,0,0,0,0,0,0,0,0,0,0,0,0,0,0,0,0,0,0,0,128,[84 -64 4 0 0 0 0 0 0 0 0 0 6 6 6 7 6 7 6 7 6 7 6 7 5 8 5 8 5 8 5 8 5 8 5 8 5 8 5 8 5 9 5 9 5 8 4 9 5 9 5 9 5 9 5 9 5 8 5 9 5 9 5 9 0 0 5 8 6 9 6 9 5 9 6 8 6 9 6 9 6 9 6 8 7 8 7 8 7 9 7 9 7 9 7 9 8 9 8 9 8 9 8 9 8 9 9 9 9 9 9 10 9 10 9 9 9 9 0 0 0 0 0 0 0 0 0 0]"""
"""1770911353638886,CSI_DATA,STATION,00:00:00:00:00:00,0,0,0,0,0,0,0,0,0,0,0,0,0,0,0,0,0,0,0,0,0,128,[84 -64 4 0 0 0 0 0 0 0 0 0 6 5 6 5 6 5 6 6 6 6 6 6 6 6 5 6 5 7 6 7 5 7 5 7 5 7 5 7 5 7 5 7 5 7 5 7 5 7 5 8 5 7 5 7 5 7 5 7 5 8 5 7 0 0 5 7 5 7 6 7 5 7 6 7 6 8 6 8 6 8 5 7 6 7 6 7 7 8 7 8 7 8 6 8 7 8 7 8 8 8 7 8 7 8 7 8 7 9 7 8 9 9 8 9 8 8 0 0 0 0 0 0 0 0 0 0]"""
"""1770911353643940,CSI_DATA,STATION,00:00:00:00:00:00,0,0,0,0,0,0,0,0,0,0,0,0,0,0,0,0,0,0,0,0,0,128,[84 -64 4 0 0 0 0 0 0 0 0 0 -3 -10 -2 -10 -3 -10 -3 -11 -2 -10 -2 -11 -1 -11 -1 -11 -1 -11 -1 -11 -1 -11 -1 -11 -1 -11 0 -11 -1 -11 0 -11 0 -11 0 -11 0 -11 0 -11 0 -11 1 -11 0 -11 0 -11 0 -11 0 -11 0 0 0 -11 0 -11 0 -11 0 -11 0 -12 0 -12 -1 -12 -1 -12 0 -12 -1 -12 -1 -13 -1 -12 -1 -13 -1 -13 0 -13 -1 -14 -1 -13 -1 -14 -1 -13 -1 -14 -1 -14 -1 -14 -2 -14 -2 -14 -2 -14 -2 -15 0 0 0 0 0 0 0 0 0 0]"""
"""1770911353651804,CSI_DATA,STATION,00:00:00:00:00:00,0,0,0,0,0,0,0,0,0,0,0,0,0,0,0,0,0,0,0,0,0,128,[84 -64 4 0 0 0 0 0 0 0 0 0 9 3 9 3 9 4 9 4 9 4 9 4 9 4 8 4 8 4 9 5 9 4 8 5 8 5 8 5 8 6 8 5 8 5 8 5 8 6 8 6 8 6 9 6 8 5 8 6 9 6 8 5 0 0 8 5 9 5 9 5 9 5 9 5 9 5 9 5 10 5 10 4 9 5 10 4 10 5 10 5 11 5 10 4 11 5 11 5 11 4 11 4 11 4 12 4 12 5 12 5 12 4 12 4 12 4 0 0 0 0 0 0 0 0 0 0]"""
"""1770911353654162,CSI_DATA,STATION,00:00:00:00:00:00,0,0,0,0,0,0,0,0,0,0,0,0,0,0,0,0,0,0,0,0,0,128,[84 -64 4 0 0 0 0 0 0 0 0 0 9 0 10 0 9 1 10 1 10 1 10 1 10 1 10 2 9 1 10 3 10 2 9 3 10 3 10 3 9 3 9 3 9 2 10 2 10 3 9 3 9 3 9 3 9 2 10 3 10 3 10 3 0 0 10 3 10 3 10 2 10 2 10 3 10 3 10 3 10 2 11 2 10 2 11 2 11 2 11 2 12 2 12 2 12 2 12 2 12 2 13 2 12 2 13 1 12 2 13 2 13 2 13 1 13 1 0 0 0 0 0 0 0 0 0 0]"""
"""1770911353659720,CSI_DATA,STATION,00:00:00:00:00:00,0,0,0,0,0,0,0,0,0,0,0,0,0,0,0,0,0,0,0,0,0,128,[84 -64 4 0 0 0 0 0 0 0 0 0 -2 9 -2 10 -3 9 -3 10 -3 9 -4 9 -3 10 -4 10 -4 9 -4 9 -4 9 -4 9 -4 9 -4 9 -5 9 -5 9 -5 9 -5 9 -5 9 -5 9 -5 9 -5 9 -5 9 -5 9 -4 9 -5 9 0 0 -5 9 -4 9 -5 10 -5 10 -4 10 -4 10 -4 10 -4 10 -4 10 -4 10 -4 11 -4 11 -4 11 -4 12 -4 11 -4 12 -4 12 -4 12 -4 12 -4 12 -4 13 -4 12 -4 13 -4 13 -4 13 -4 13 0 0 0 0 0 0 0 0 0 0]"""
"""1770911353664804,CSI_DATA,STATION,00:00:00:00:00:00,0,0,0,0,0,0,0,0,0,0,0,0,0,0,0,0,0,0,0,0,0,128,[84 -64 4 0 0 0 0 0 0 0 0 0 3 -8 4 -8 4 -8 4 -8 4 -8 4 -8 5 -8 5 -8 5 -8 5 -7 5 -8 5 -8 5 -7 5 -7 6 -8 6 -7 6 -7 6 -7 6 -8 6 -7 6 -7 6 -7 6 -7 6 -7 6 -7 6 -8 0 0 6 -8 6 -7 6 -8 6 -8 6 -8 6 -8 6 -8 5 -8 6 -8 6 -9 6 -9 6 -9 6 -9 6 -9 6 -9 6 -10 6 -9 7 -10 7 -10 6 -10 7 -10 6 -10 6 -10 6 -10 7 -10 7 -11 0 0 0 0 0 0 0 0 0 0]"""
"""1770911353672388,CSI_DATA,STATION,00:00:00:00:00:00,0,0,0,0,0,0,0,0,0,0,0,0,0,0,0,0,0,0,0,0,0,128,[84 -64 4 0 0 0 0 0 0 0 0 0 -5 7 -6 7 -6 6 -6 7 -6 6 -6 7 -6 7 -7 6 -7 6 -7 6 -7 6 -7 6 -7 6 -7 6 -7 6 -7 6 -8 6 -7 6 -8 5 -7 5 -7 5 -7 6 -8 6 -8 6 -8 6 -8 6 0 0 -8 6 -7 6 -8 6 -8 6 -7 6 -8 6 -7 6 -7 7 -7 7 -8 7 -8 7 -8 7 -8 7 -8 8 -8 7 -8 8 -7 8 -8 8 -8 9 -8 8 -8 9 -8 9 -8 9 -8 9 -9 9 -9 9 0 0 0 0 0 0 0 0 0 0]"""
"""1770911353680045,CSI_DATA,STATION,00:00:00:00:00:00,0,0,0,0,0,0,0,0,0,0,0,0,0,0,0,0,0,0,0,0,0,128,[14 -32 0 0 0 0 0 0 0 0 0 0 7 6 7 6 7 7 7 7 6 7 7 7 7 7 6 8 6 8 6 8 6 8 6 8 6 8 5 8 6 8 6 8 5 8 6 8 6 8 5 9 6 8 6 9 5 8 6 9 6 9 6 9 0 0 6 8 6 9 6 9 6 8 6 9 7 9 6 9 7 9 7 8 7 8 7 8 7 9 8 9 8 9 8 9 8 9 9 9 9 8 9 9 9 9 9 9 9 10 9 10 10 10 10 10 9 9 0 0 0 0 0 0 0 0 0 0]"""
"""1770911353685065,CSI_DATA,STATION,00:00:00:00:00:00,0,0,0,0,0,0,0,0,0,0,0,0,0,0,0,0,0,0,0,0,0,128,[84 -64 4 0 0 0 0 0 0 0 0 0 -7 6 -7 6 -7 5 -7 5 -7 5 -8 5 -8 5 -9 5 -8 5 -8 4 -8 5 -8 5 -8 4 -8 4 -9 4 -9 4 -9 4 -8 4 -9 4 -9 4 -9 4 -9 4 -9 4 -9 4 -9 4 -9 4 0 0 -9 4 -9 4 -9 4 -9 5 -9 4 -9 4 -9 4 -9 4 -9 5 -9 5 -9 6 -9 5 -9 5 -10 6 -10 6 -10 6 -10 6 -10 7 -10 6 -10 7 -10 7 -10 6 -10 6 -10 7 -11 7 -11 7 0 0 0 0 0 0 0 0 0 0]"""
"""1770911353690198,CSI_DATA,STATION,00:00:00:00:00:00,0,0,0,0,0,0,0,0,0,0,0,0,0,0,0,0,0,0,0,0,0,128,[84 -64 4 0 0 0 0 0 0 0 0 0 -8 3 -9 3 -9 2 -9 2 -9 2 -10 2 -9 2 -10 2 -9 2 -10 1 -10 1 -10 2 -9 1 -10 1 -10 0 -10 1 -10 1 -9 0 -10 0 -10 0 -10 0 -10 0 -10 0 -10 0 -10 0 -10 1 0 0 -10 1 -10 1 -10 1 -10 1 -10 0 -10 0 -10 1 -10 1 -11 1 -11 1 -11 2 -11 1 -11 1 -11 2 -11 1 -12 2 -11 2 -12 2 -12 2 -12 2 -12 2 -12 1 -12 1 -12 2 -13 2 -13 2 0 0 0 0 0 0 0 0 0 0]"""
"""1770911353695483,CSI_DATA,STATION,00:00:00:00:00:00,0,0,0,0,0,0,0,0,0,0,0,0,0,0,0,0,0,0,0,0,0,128,[84 -64 4 0 0 0 0 0 0 0 0 0 -7 -7 -7 -8 -7 -8 -7 -9 -7 -8 -7 -9 -7 -9 -6 -9 -6 -9 -6 -9 -6 -10 -6 -9 -6 -9 -6 -10 -6 -10 -6 -10 -6 -10 -6 -9 -5 -10 -5 -10 -6 -10 -5 -10 -5 -9 -6 -10 -6 -10 -5 -10 0 0 -6 -10 -6 -10 -6 -10 -6 -10 -7 -10 -6 -10 -7 -10 -7 -10 -7 -10 -7 -10 -7 -10 -8 -10 -7 -10 -7 -10 -7 -10 -8 -10 -8 -11 -9 -11 -8 -10 -9 -11 -9 -11 -9 -11 -9 -11 -10 -12 -9 -11 -9 -11 0 0 0 0 0 0 0 0 0 0]"""
"""1770911353700559,CSI_DATA,STATION,00:00:00:00:00:00,0,0,0,0,0,0,0,0,0,0,0,0,0,0,0,0,0,0,0,0,0,128,[84 -64 4 0 0 0 0 0 0 0 0 0 -6 -6 -6 -6 -7 -7 -6 -7 -6 -8 -6 -7 -6 -7 -6 -7 -5 -8 -6 -8 -5 -8 -5 -8 -6 -8 -5 -8 -5 -8 -5 -8 -5 -8 -5 -8 -5 -8 -5 -8 -5 -8 -5 -8 -5 -8 -5 -8 -5 -8 -5 -8 0 0 -5 -8 -6 -9 -6 -8 -6 -9 -6 -8 -6 -8 -6 -8 -7 -9 -7 -8 -7 -8 -7 -8 -7 -9 -7 -9 -7 -9 -7 -9 -7 -9 -8 -9 -7 -8 -8 -9 -8 -9 -9 -9 -8 -9 -9 -10 -9 -10 -9 -10 -9 -9 0 0 0 0 0 0 0 0 0 0]"""
"""1770911353705449,CSI_DATA,STATION,00:00:00:00:00:00,0,0,0,0,0,0,0,0,0,0,0,0,0,0,0,0,0,0,0,0,0,128,[84 -64 4 0 0 0 0 0 0 0 0 0 6 6 6 7 6 7 6 7 6 7 5 7 6 7 5 8 5 8 6 8 5 8 5 8 5 8 5 8 5 9 5 9 5 8 4 8 5 9 5 9 5 9 5 9 5 8 5 9 5 9 5 9 0 0 5 8 5 8 6 8 6 9 6 9 6 9 6 8 6 8 6 8 6 8 7 8 7 9 7 9 7 9 7 9 7 9 8 9 8 9 8 9 8 9 8 9 9 9 8 10 9 10 9 10 9 10 0 0 0 0 0 0 0 0 0 0]"""
"""1770911353710592,CSI_DATA,STATION,00:00:00:00:00:00,0,0,0,0,0,0,0,0,0,0,0,0,0,0,0,0,0,0,0,0,0,128,[84 -64 4 0 0 0 0 0 0 0 0 0 -2 9 -2 8 -2 8 -3 8 -3 8 -3 8 -3 8 -4 8 -4 8 -4 8 -3 9 -4 8 -4 8 -4 8 -4 8 -4 8 -4 9 -4 8 -4 8 -4 8 -5 8 -4 8 -5 9 -4 9 -4 8 -4 9 0 0 -5 8 -4 8 -4 9 -4 8 -4 9 -4 8 -4 9 -4 9 -4 9 -4 10 -4 10 -4 10 -4 10 -3 10 -4 10 -4 10 -3 10 -4 10 -3 11 -4 11 -4 11 -4 11 -4 11 -4 11 -4 11 -4 12 0 0 0 0 0 0 0 0 0 0]"""
"""1770911353715226,CSI_DATA,STATION,00:00:00:00:00:00,0,0,0,0,0,0,0,0,0,0,0,0,0,0,0,0,0,0,0,0,0,128,[84 -64 4 0 0 0 0 0 0 0 0 0 -1 9 -1 9 -1 9 -2 10 -2 10 -3 10 -3 9 -3 10 -3 10 -3 9 -3 9 -4 9 -3 10 -3 9 -3 10 -4 9 -4 9 -4 9 -4 9 -4 10 -3 9 -3 9 -4 9 -4 10 -3 10 -4 10 0 0 -3 10 -3 10 -3 10 -3 10 -3 10 -3 10 -3 10 -2 11 -3 11 -3 10 -3 11 -3 11 -3 11 -2 12 -3 11 -2 12 -2 12 -2 12 -2 13 -2 12 -2 13 -2 13 -2 13 -2 13 -2 13 -2 13 0 0 0 0 0 0 0 0 0 0]"""
"""1770911353720218,CSI_DATA,STATION,00:00:00:00:00:00,0,0,0,0,0,0,0,0,0,0,0,0,0,0,0,0,0,0,0,0,0,128,[84 -64 4 0 0 0 0 0 0 0 0 0 3 9 2 9 2 9 2 9 2 9 2 9 2 10 1 10 2 9 1 10 1 10 0 10 1 10 1 10 1 10 1 10 0 10 0 9 1 10 1 10 1 10 1 10 0 10 0 10 1 10 1 10 0 0 1 10 2 10 1 10 1 10 2 11 2 10 2 10 2 10 2 10 2 11 2 11 2 11 2 11 3 11 3 11 3 12 3 11 4 12 4 12 4 12 4 12 4 12 4 13 4 13 4 13 3 13 0 0 0 0 0 0 0 0 0 0]"""
"""1770911353725694,CSI_DATA,STATION,00:00:00:00:00:00,0,0,0,0,0,0,0,0,0,0,0,0,0,0,0,0,0,0,0,0,0,128,[84 -64 4 0 0 0 0 0 0 0 0 0 8 -3 8 -3 8 -2 8 -2 9 -2 8 -2 9 -2 9 -2 9 -2 9 -2 9 -2 9 -2 9 -1 9 -1 9 -1 9 -1 9 -1 9 -1 9 -1 9 -1 9 -1 9 -1 9 -1 9 0 9 -1 9 -1 0 0 9 -1 9 -1 9 -1 9 -2 9 -1 9 -2 10 -2 9 -2 10 -2 10 -2 10 -2 10 -2 10 -2 11 -2 11 -3 11 -3 11 -3 11 -3 11 -3 11 -3 11 -3 11 -3 12 -3 11 -3 12 -3 12 -3 0 0 0 0 0 0 0 0 0 0]"""
"""1770911353731138,CSI_DATA,STATION,00:00:00:00:00:00,0,0,0,0,0,0,0,0,0,0,0,0,0,0,0,0,0,0,0,0,0,128,[84 -64 4 0 0 0 0 0 0 0 0 0 5 5 4 6 5 6 5 6 4 6 4 6 4 6 4 6 4 7 4 7 4 7 4 6 4 7 4 7 3 7 3 7 3 7 3 6 3 7 3 7 3 7 3 7 3 7 3 7 3 7 4 7 0 0 4 7 4 7 4 7 4 7 5 8 4 7 4 7 5 7 4 7 4 7 5 7 5 7 5 8 5 8 5 7 5 8 6 7 6 8 6 8 6 8 6 8 6 8 6 8 7 8 6 8 6 8 0 0 0 0 0 0 0 0 0 0]"""
"""1770911353735963,CSI_DATA,STATION,00:00:00:00:00:00,0,0,0,0,0,0,0,0,0,0,0,0,0,0,0,0,0,0,0,0,0,128,[84 -64 4 0 0 0 0 0 0 0 0 0 -10 2 -10 2 -10 2 -11 1 -10 1 -11 2 -10 1 -11 1 -10 1 -11 1 -11 0 -11 1 -11 0 -11 0 -11 0 -11 0 -11 0 -10 0 -12 0 -11 0 -11 0 -11 0 -11 0 -11 0 -11 0 -11 0 0 0 -11 1 -11 0 -11 1 -11 1 -12 0 -12 1 -12 1 -12 2 -11 2 -11 2 -12 2 -12 2 -12 2 -13 2 -12 2 -13 3 -12 2 -13 3 -13 3 -13 3 -13 4 -13 3 -13 3 -14 3 -14 4 -14 4 0 0 0 0 0 0 0 0 0 0]"""
"""1770911353741345,CSI_DATA,STATION,00:00:00:00:00:00,0,0,0,0,0,0,0,0,0,0,0,0,0,0,0,0,0,0,0,0,0,128,[84 -64 4 0 0 0 0 0 0 0 0 0 2 9 2 9 2 9 2 10 1 9 1 10 1 10 0 10 1 10 1 10 0 10 0 10 0 10 0 10 0 10 0 10 -1 10 -1 10 -1 10 0 10 -1 10 -1 10 -1 10 0 10 0 10 0 11 0 0 -1 10 0 10 0 10 0 10 0 11 0 11 0 11 1 11 0 11 0 11 0 12 1 11 1 12 1 12 1 12 1 12 2 12 2 12 1 13 1 12 2 13 1 12 2 13 2 13 2 13 2 14 0 0 0 0 0 0 0 0 0 0]"""
"""1770911353746534,CSI_DATA,STATION,00:00:00:00:00:00,0,0,0,0,0,0,0,0,0,0,0,0,0,0,0,0,0,0,0,0,0,128,[84 -64 4 0 0 0 0 0 0 0 0 0 -9 1 -9 0 -9 0 -9 0 -9 -1 -9 0 -9 -1 -9 -1 -9 -1 -10 -1 -9 -1 -9 -1 -9 -1 -9 -1 -9 -2 -9 -1 -9 -2 -9 -2 -10 -2 -9 -2 -9 -2 -9 -2 -9 -2 -9 -2 -9 -1 -10 -1 0 0 -10 -1 -9 -1 -10 -1 -10 -1 -10 -1 -10 -1 -10 -1 -10 -1 -10 0 -10 -1 -11 0 -11 0 -10 0 -11 0 -11 0 -11 0 -11 0 -12 1 -12 1 -12 0 -12 0 -12 0 -12 0 -12 1 -12 1 -13 1 0 0 0 0 0 0 0 0 0 0]"""
"""1770911353751663,CSI_DATA,STATION,00:00:00:00:00:00,0,0,0,0,0,0,0,0,0,0,0,0,0,0,0,0,0,0,0,0,0,128,[84 -64 4 0 0 0 0 0 0 0 0 0 1 8 1 8 1 8 0 9 0 8 0 9 0 8 0 9 0 8 0 9 -1 9 -1 8 -1 9 -1 9 -1 9 -1 9 -1 8 -1 8 -1 9 -1 9 -1 9 -1 9 -1 9 -1 9 -1 9 -1 9 0 0 0 9 0 9 0 9 0 9 0 10 0 9 0 10 1 9 0 9 0 10 1 10 1 10 1 10 1 11 1 10 1 11 2 11 2 11 2 11 2 11 2 11 2 11 2 11 3 11 2 11 2 12 0 0 0 0 0 0 0 0 0 0]"""
"""1770911353757004,CSI_DATA,STATION,00:00:00:00:00:00,0,0,0,0,0,0,0,0,0,0,0,0,0,0,0,0,0,0,0,0,0,128,[84 -64 4 0 0 0 0 0 0 0 0 0 0 -10 1 -10 1 -10 1 -11 0 -10 1 -11 2 -10 2 -10 2 -10 2 -10 2 -11 2 -10 2 -11 2 -11 2 -11 3 -10 3 -10 2 -10 3 -11 3 -10 2 -11 3 -11 3 -11 3 -11 2 -10 3 -11 0 0 3 -11 2 -10 3 -11 2 -11 2 -12 2 -11 2 -11 2 -12 2 -12 2 -11 2 -12 2 -12 1 -12 1 -13 2 -13 2 -13 1 -13 2 -14 2 -14 2 -14 2 -14 2 -13 1 -14 1 -14 1 -14 1 -15 0 0 0 0 0 0 0 0 0 0]"""
"""1770911353762273,CSI_DATA,STATION,00:00:00:00:00:00,0,0,0,0,0,0,0,0,0,0,0,0,0,0,0,0,0,0,0,0,0,128,[84 -64 4 0 0 0 0 0 0 0 0 0 5 -6 6 -6 5 -5 6 -5 6 -5 7 -5 6 -5 7 -5 6 -5 6 -4 7 -5 7 -4 7 -4 7 -4 7 -4 7 -4 7 -4 7 -4 7 -4 7 -4 7 -4 7 -4 7 -4 7 -4 7 -4 7 -4 0 0 7 -5 7 -4 7 -5 7 -5 7 -5 7 -5 7 -5 7 -5 7 -6 7 -6 7 -6 7 -5 8 -6 8 -6 7 -6 8 -6 7 -6 8 -7 8 -7 8 -7 8 -7 8 -6 8 -7 8 -7 8 -7 8 -7 0 0 0 0 0 0 0 0 0 0]"""
"""1770911353767472,CSI_DATA,STATION,00:00:00:00:00:00,0,0,0,0,0,0,0,0,0,0,0,0,0,0,0,0,0,0,0,0,0,128,[84 -64 4 0 0 0 0 0 0 0 0 0 -10 0 -10 0 -11 -1 -10 0 -10 -1 -11 -1 -10 -1 -11 -1 -10 -2 -11 -2 -11 -2 -11 -2 -11 -3 -10 -2 -10 -3 -10 -3 -10 -3 -11 -3 -11 -3 -11 -3 -10 -3 -11 -3 -11 -3 -11 -3 -10 -3 -11 -3 0 0 -11 -2 -11 -2 -11 -3 -11 -2 -11 -2 -11 -2 -11 -3 -11 -2 -11 -2 -12 -2 -12 -2 -12 -2 -12 -2 -12 -2 -13 -2 -13 -1 -13 -2 -13 -1 -14 -1 -14 -1 -14 -1 -13 -2 -14 -1 -14 -1 -14 -1 -14 -1 0 0 0 0 0 0 0 0 0 0]"""
"""1770911353772733,CSI_DATA,STATION,00:00:00:00:00:00,0,0,0,0,0,0,0,0,0,0,0,0,0,0,0,0,0,0,0,0,0,128,[84 -64 4 0 0 0 0 0 0 0 0 0 -4 8 -4 8 -5 7 -5 7 -5 7 -6 7 -6 7 -6 7 -6 7 -6 6 -6 7 -6 7 -6 7 -6 7 -7 7 -7 7 -7 7 -6 7 -6 6 -7 6 -7 6 -6 6 -7 7 -6 7 -7 6 -7 7 0 0 -7 7 -6 7 -6 7 -7 7 -6 7 -6 7 -6 7 -7 7 -7 8 -7 8 -6 9 -6 8 -6 9 -6 9 -7 9 -7 9 -6 9 -7 10 -7 10 -7 10 -7 10 -7 10 -7 10 -7 10 -7 11 -7 11 0 0 0 0 0 0 0 0 0 0]"""
"""1770911353778027,CSI_DATA,STATION,00:00:00:00:00:00,0,0,0,0,0,0,0,0,0,0,0,0,0,0,0,0,0,0,0,0,0,128,[84 -64 4 0 0 0 0 0 0 0 0 0 8 2 7 3 8 3 7 3 8 4 7 4 7 4 7 4 7 4 7 5 7 4 7 5 7 5 7 5 7 5 7 5 7 5 7 5 7 5 7 5 7 5 7 5 7 5 7 6 7 5 7 5 0 0 7 5 7 4 7 5 8 4 8 5 8 5 8 5 8 5 8 4 8 5 9 4 8 5 9 5 9 5 9 4 9 4 10 5 10 4 10 4 10 4 10 4 10 4 10 5 11 4 11 4 11 4 0 0 0 0 0 0 0 0 0 0]"""
"""1770911353783435,CSI_DATA,STATION,00:00:00:00:00:00,0,0,0,0,0,0,0,0,0,0,0,0,0,0,0,0,0,0,0,0,0,128,[84 -64 4 0 0 0 0 0 0 0 0 0 5 -7 5 -8 5 -7 5 -7 6 -7 6 -7 6 -7 6 -7 6 -7 6 -6 6 -7 7 -7 6 -6 6 -6 7 -6 7 -6 7 -6 6 -6 6 -6 7 -6 7 -6 7 -6 7 -6 7 -6 7 -6 7 -7 0 0 7 -7 7 -6 7 -6 7 -7 6 -7 7 -7 7 -7 6 -7 7 -8 7 -8 7 -8 7 -8 7 -8 7 -8 7 -8 7 -9 7 -9 7 -9 7 -9 7 -9 8 -9 7 -9 8 -9 7 -9 8 -10 8 -9 0 0 0 0 0 0 0 0 0 0]"""
"""1770911353787954,CSI_DATA,STATION,00:00:00:00:00:00,0,0,0,0,0,0,0,0,0,0,0,0,0,0,0,0,0,0,0,0,0,128,[84 -64 4 0 0 0 0 0 0 0 0 0 -1 9 -2 9 -2 9 -2 9 -2 9 -2 10 -3 9 -3 9 -3 9 -3 9 -4 10 -4 9 -3 9 -4 9 -4 9 -4 9 -4 9 -4 9 -4 9 -4 9 -5 9 -4 9 -5 9 -4 10 -4 9 -4 10 0 0 -4 9 -4 9 -4 10 -4 10 -4 10 -4 10 -4 10 -4 10 -4 10 -4 10 -4 11 -4 10 -4 11 -3 11 -4 11 -4 12 -4 12 -4 12 -4 12 -4 12 -4 12 -4 12 -3 12 -4 13 -4 13 -4 13 0 0 0 0 0 0 0 0 0 0]"""
"""1770911353792350,CSI_DATA,STATION,00:00:00:00:00:00,0,0,0,0,0,0,0,0,0,0,0,0,0,0,0,0,0,0,0,0,0,128,[84 -64 4 0 0 0 0 0 0 0 0 0 -6 -8 -5 -7 -6 -8 -5 -8 -5 -8 -5 -8 -5 -8 -5 -8 -5 -9 -5 -9 -5 -9 -4 -8 -5 -9 -4 -9 -4 -9 -5 -9 -4 -9 -4 -9 -5 -9 -4 -9 -5 -9 -4 -9 -4 -9 -5 -9 -4 -9 -4 -9 0 0 -5 -9 -5 -9 -5 -9 -5 -9 -5 -9 -6 -9 -6 -9 -6 -9 -6 -9 -6 -9 -6 -10 -6 -9 -6 -10 -6 -9 -6 -10 -7 -10 -7 -10 -7 -10 -7 -10 -7 -10 -8 -10 -8 -10 -8 -11 -8 -11 -8 -11 -8 -11 0 0 0 0 0 0 0 0 0 0]"""
"""1770911353797168,CSI_DATA,STATION,00:00:00:00:00:00,0,0,0,0,0,0,0,0,0,0,0,0,0,0,0,0,0,0,0,0,0,128,[84 -64 4 0 0 0 0 0 0 0 0 0 8 -3 8 -3 8 -2 9 -2 8 -2 9 -2 9 -2 9 -2 9 -2 9 -1 9 -1 9 -1 9 -1 9 -1 9 -1 8 -1 9 0 8 -1 9 -1 9 0 9 0 9 0 9 -1 9 0 9 0 9 -1 0 0 9 -1 9 -1 9 -1 9 -1 10 -1 9 -1 10 -1 10 -2 10 -1 9 -1 10 -1 10 -1 10 -1 11 -2 10 -2 11 -2 10 -2 11 -3 11 -2 11 -3 11 -3 12 -2 11 -2 12 -2 12 -2 12 -3 0 0 0 0 0 0 0 0 0 0]"""
"""1770911353806251,CSI_DATA,STATION,00:00:00:00:00:00,0,0,0,0,0,0,0,0,0,0,0,0,0,0,0,0,0,0,0,0,0,128,[14 -32 0 0 0 0 0 0 0 0 0 0 4 8 4 8 4 8 4 9 3 9 3 9 3 9 2 9 3 9 3 10 3 9 3 9 3 10 3 9 2 10 2 10 2 9 2 9 2 10 2 10 2 10 2 10 2 10 3 10 2 10 2 10 0 0 2 10 3 10 3 10 3 10 3 10 4 11 3 10 4 10 3 10 4 10 4 10 4 10 5 11 5 11 4 11 5 11 5 11 5 11 5 11 5 11 5 12 5 12 6 12 7 12 6 12 6 12 0 0 0 0 0 0 0 0 0 0]"""
"""1770911353810861,CSI_DATA,STATION,00:00:00:00:00:00,0,0,0,0,0,0,0,0,0,0,0,0,0,0,0,0,0,0,0,0,0,128,[84 -64 4 0 0 0 0 0 0 0 0 0 -8 2 -9 2 -9 1 -9 1 -9 1 -9 1 -9 1 -9 1 -9 1 -9 0 -9 1 -9 0 -9 0 -9 0 -9 0 -10 0 -9 0 -9 0 -9 0 -9 0 -9 0 -9 0 -10 0 -9 0 -9 0 -10 0 0 0 -9 1 -10 0 -9 1 -10 1 -10 0 -10 1 -10 1 -10 1 -10 2 -11 1 -10 2 -11 1 -10 1 -11 2 -10 2 -11 2 -11 2 -11 3 -11 3 -12 2 -12 3 -12 2 -12 2 -12 2 -12 3 -12 3 0 0 0 0 0 0 0 0 0 0]"""
"""1770911353815867,CSI_DATA,STATION,00:00:00:00:00:00,0,0,0,0,0,0,0,0,0,0,0,0,0,0,0,0,0,0,0,0,0,128,[14 -32 0 0 0 0 0 0 0 0 0 0 -9 -1 -9 -2 -9 -2 -10 -3 -9 -3 -9 -2 -9 -3 -9 -3 -9 -3 -9 -4 -10 -3 -9 -3 -9 -4 -9 -4 -9 -4 -9 -4 -9 -4 -9 -4 -9 -4 -9 -4 -9 -4 -9 -4 -9 -4 -10 -4 -9 -4 -9 -4 0 0 -9 -4 -9 -4 -10 -4 -10 -3 -10 -4 -10 -4 -10 -4 -11 -4 -10 -4 -11 -3 -11 -3 -11 -3 -11 -3 -11 -3 -11 -3 -11 -3 -12 -3 -12 -3 -12 -3 -12 -3 -12 -3 -13 -3 -12 -3 -13 -3 -13 -3 -13 -3 0 0 0 0 0 0 0 0 0 0]"""
"""1770911353823374,CSI_DATA,STATION,00:00:00:00:00:00,0,0,0,0,0,0,0,0,0,0,0,0,0,0,0,0,0,0,0,0,0,128,[84 -64 4 0 0 0 0 0 0 0 0 0 -7 5 -8 5 -8 4 -8 5 -8 4 -8 4 -8 5 -9 4 -8 4 -9 4 -9 4 -9 4 -9 3 -9 3 -9 3 -9 3 -9 4 -9 3 -9 3 -9 4 -9 3 -9 3 -9 3 -9 3 -9 3 -9 4 0 0 -9 4 -9 4 -9 4 -9 4 -9 4 -9 4 -9 5 -9 5 -9 5 -9 5 -10 5 -9 5 -9 5 -10 6 -10 6 -10 6 -10 6 -10 6 -10 7 -10 7 -10 7 -10 7 -10 6 -10 6 -11 7 -11 7 0 0 0 0 0 0 0 0 0 0]"""
"""1770911353828015,CSI_DATA,STATION,00:00:00:00:00:00,0,0,0,0,0,0,0,0,0,0,0,0,0,0,0,0,0,0,0,0,0,128,[84 -64 4 0 0 0 0 0 0 0 0 0 3 -9 3 -8 3 -8 3 -8 4 -9 4 -9 4 -8 4 -8 5 -8 5 -8 5 -8 5 -8 5 -8 5 -8 5 -8 5 -8 5 -8 5 -8 5 -8 5 -7 5 -7 5 -8 6 -8 5 -8 5 -7 6 -8 0 0 5 -8 5 -8 5 -8 5 -8 5 -8 5 -8 5 -9 5 -9 5 -9 5 -9 5 -9 5 -9 5 -9 5 -9 5 -10 5 -10 5 -10 5 -10 5 -10 5 -11 5 -11 5 -11 5 -11 5 -11 5 -11 5 -11 0 0 0 0 0 0 0 0 0 0]"""
"""1770911353832919,CSI_DATA,STATION,00:00:00:00:00:00,0,0,0,0,0,0,0,0,0,0,0,0,0,0,0,0,0,0,0,0,0,128,[84 -64 4 0 0 0 0 0 0 0 0 0 -9 -3 -9 -4 -9 -4 -9 -4 -9 -5 -9 -5 -8 -5 -8 -5 -8 -5 -8 -6 -8 -5 -8 -5 -8 -6 -8 -6 -8 -6 -8 -6 -8 -6 -8 -6 -8 -6 -8 -6 -8 -6 -8 -6 -8 -6 -8 -6 -8 -6 -8 -6 0 0 -8 -6 -8 -6 -9 -6 -8 -6 -9 -6 -9 -6 -9 -6 -9 -6 -9 -6 -9 -5 -10 -5 -10 -5 -10 -6 -10 -6 -10 -5 -11 -6 -11 -6 -11 -6 -11 -5 -11 -6 -11 -6 -12 -6 -11 -6 -12 -6 -12 -6 -12 -6 0 0 0 0 0 0 0 0 0 0]"""
"""1770911353837968,CSI_DATA,STATION,00:00:00:00:00:00,0,0,0,0,0,0,0,0,0,0,0,0,0,0,0,0,0,0,0,0,0,128,[84 -64 4 0 0 0 0 0 0 0 0 0 -9 -4 -9 -4 -10 -5 -9 -5 -10 -6 -9 -5 -9 -6 -9 -6 -9 -6 -9 -7 -9 -7 -8 -6 -9 -6 -9 -7 -9 -7 -9 -7 -8 -7 -8 -7 -9 -7 -8 -7 -8 -7 -9 -7 -8 -7 -9 -7 -9 -7 -9 -7 0 0 -8 -7 -9 -7 -9 -7 -9 -7 -9 -7 -9 -8 -10 -7 -10 -7 -9 -7 -10 -7 -10 -6 -10 -7 -10 -7 -10 -7 -11 -7 -11 -7 -12 -7 -11 -7 -11 -7 -11 -8 -12 -7 -12 -7 -12 -8 -13 -8 -12 -7 -12 -7 0 0 0 0 0 0 0 0 0 0]"""
"""1770911353843081,CSI_DATA,STATION,00:00:00:00:00:00,0,0,0,0,0,0,0,0,0,0,0,0,0,0,0,0,0,0,0,0,0,128,[84 -64 4 0 0 0 0 0 0 0 0 0 -8 1 -8 2 -9 1 -9 1 -9 0 -9 0 -9 0 -9 0 -9 0 -9 0 -9 0 -9 0 -10 -1 -9 -1 -9 -1 -9 -1 -9 -1 -9 -1 -9 -1 -9 -2 -10 -1 -9 -1 -10 -1 -10 -1 -10 -1 -10 -1 0 0 -9 -1 -10 -1 -10 0 -10 0 -10 -1 -10 -1 -10 0 -10 0 -10 0 -10 0 -10 0 -11 0 -11 0 -11 0 -11 0 -11 1 -11 0 -11 1 -12 0 -12 0 -12 1 -12 0 -12 1 -12 1 -12 1 -12 1 0 0 0 0 0 0 0 0 0 0]"""
"""1770911353847672,CSI_DATA,STATION,00:00:00:00:00:00,0,0,0,0,0,0,0,0,0,0,0,0,0,0,0,0,0,0,0,0,0,128,[84 -64 4 0 0 0 0 0 0 0 0 0 -1 -10 -1 -10 -1 -10 -1 -11 0 -10 0 -11 0 -11 0 -11 1 -11 1 -11 1 -11 1 -11 1 -11 1 -10 1 -11 2 -10 2 -10 2 -11 2 -11 2 -11 2 -10 2 -11 2 -11 2 -11 2 -11 2 -11 0 0 2 -11 2 -10 2 -11 2 -11 2 -11 2 -11 2 -12 1 -12 2 -12 1 -12 1 -12 1 -12 1 -12 1 -12 1 -13 2 -13 1 -13 1 -14 2 -14 1 -14 2 -14 1 -14 1 -14 1 -14 1 -15 1 -15 0 0 0 0 0 0 0 0 0 0]"""
"""1770911353853140,CSI_DATA,STATION,00:00:00:00:00:00,0,0,0,0,0,0,0,0,0,0,0,0,0,0,0,0,0,0,0,0,0,128,[84 -64 4 0 0 0 0 0 0 0 0 0 6 6 6 6 6 7 6 7 6 7 5 7 5 7 5 8 5 8 5 8 5 8 5 8 5 8 5 8 5 8 4 9 4 8 4 8 4 9 5 9 4 9 5 8 5 9 5 8 5 9 5 8 0 0 5 8 5 9 5 9 5 9 5 8 5 9 6 9 6 9 6 8 6 9 6 9 6 9 6 9 7 9 6 9 6 10 7 10 7 9 7 9 7 10 7 10 8 10 8 10 8 10 8 10 8 10 0 0 0 0 0 0 0 0 0 0]"""
"""1770911353858568,CSI_DATA,STATION,00:00:00:00:00:00,0,0,0,0,0,0,0,0,0,0,0,0,0,0,0,0,0,0,0,0,0,128,[84 -64 4 0 0 0 0 0 0 0 0 0 6 -8 6 -8 5 -8 5 -8 6 -8 6 -8 7 -8 7 -8 7 -8 7 -7 7 -8 8 -7 7 -7 7 -7 8 -7 7 -7 7 -7 7 -7 7 -7 8 -7 7 -6 8 -7 8 -7 8 -7 8 -7 8 -7 0 0 8 -7 8 -7 7 -7 8 -8 8 -8 8 -8 8 -8 8 -8 7 -8 7 -9 7 -9 7 -9 8 -8 8 -9 8 -9 8 -10 8 -10 8 -10 8 -10 8 -10 8 -10 8 -10 9 -11 8 -11 8 -11 9 -11 0 0 0 0 0 0 0 0 0 0]"""
"""1770911353863681,CSI_DATA,STATION,00:00:00:00:00:00,0,0,0,0,0,0,0,0,0,0,0,0,0,0,0,0,0,0,0,0,0,128,[84 -64 4 0 0 0 0 0 0 0 0 0 -7 5 -8 5 -7 5 -8 5 -7 4 -8 5 -8 5 -9 4 -8 4 -8 4 -9 4 -8 4 -8 4 -8 4 -9 3 -9 4 -9 4 -8 3 -9 3 -9 3 -9 3 -9 3 -9 4 -9 4 -9 4 -9 4 0 0 -9 4 -9 4 -9 4 -9 4 -9 4 -10 4 -9 4 -9 5 -9 5 -9 5 -9 6 -9 5 -9 5 -9 6 -10 6 -10 6 -9 6 -10 7 -10 6 -10 6 -10 6 -10 6 -10 6 -10 7 -11 7 -10 7 0 0 0 0 0 0 0 0 0 0]"""
"""1770911353869117,CSI_DATA,STATION,00:00:00:00:00:00,0,0,0,0,0,0,0,0,0,0,0,0,0,0,0,0,0,0,0,0,0,128,[84 -64 4 0 0 0 0 0 0 0 0 0 -8 3 -8 3 -9 3 -9 2 -9 2 -9 3 -9 2 -9 2 -9 2 -10 2 -10 2 -9 2 -9 0 -10 1 -10 1 -9 1 -9 1 -9 1 -9 1 -10 1 -10 1 -9 1 -10 1 -10 0 -10 0 -10 1 0 0 -9 1 -10 2 -10 1 -10 2 -10 1 -10 2 -10 2 -10 2 -10 2 -10 2 -11 2 -11 2 -11 2 -11 2 -11 3 -11 3 -11 3 -11 3 -11 4 -11 3 -12 3 -12 3 -12 3 -12 3 -12 4 -12 3 0 0 0 0 0 0 0 0 0 0]"""
"""1770911353874582,CSI_DATA,STATION,00:00:00:00:00:00,0,0,0,0,0,0,0,0,0,0,0,0,0,0,0,0,0,0,0,0,0,128,[84 -64 4 0 0 0 0 0 0 0 0 0 -1 8 -1 8 -1 8 -1 8 -1 8 -2 9 -2 8 -2 9 -2 8 -2 8 -2 9 -2 8 -2 9 -2 8 -3 8 -3 8 -3 9 -3 9 -3 9 -3 8 -3 8 -2 8 -3 8 -3 9 -3 8 -3 9 0 0 -3 9 -2 8 -2 9 -3 9 -2 9 -2 9 -2 9 -2 9 -2 10 -2 9 -2 10 -2 10 -2 10 -1 10 -2 10 -2 11 -2 10 -2 11 -2 11 -2 11 -1 12 -1 11 -1 11 -1 12 -2 12 -2 12 0 0 0 0 0 0 0 0 0 0]"""
"""1770911353879462,CSI_DATA,STATION,00:00:00:00:00:00,0,0,0,0,0,0,0,0,0,0,0,0,0,0,0,0,0,0,0,0,0,128,[84 -64 4 0 0 0 0 0 0 0 0 0 9 0 9 0 9 1 10 1 10 1 9 1 9 1 9 1 9 1 10 2 10 2 9 2 10 2 9 2 9 3 9 2 9 2 9 2 9 2 10 3 9 3 9 3 9 2 10 3 9 3 9 2 0 0 9 2 10 2 10 2 10 2 10 2 10 2 11 2 10 2 11 2 11 1 11 1 11 2 11 2 12 2 12 1 12 1 12 1 12 1 12 1 12 1 12 1 13 1 13 1 13 1 13 1 13 1 0 0 0 0 0 0 0 0 0 0]"""
"""1770911353884685,CSI_DATA,STATION,00:00:00:00:00:00,0,0,0,0,0,0,0,0,0,0,0,0,0,0,0,0,0,0,0,0,0,128,[84 -64 4 0 0 0 0 0 0 0 0 0 6 -5 7 -5 7 -4 7 -4 7 -4 8 -4 8 -4 8 -4 8 -4 8 -3 8 -3 8 -4 8 -3 8 -3 8 -3 8 -3 8 -3 8 -3 8 -3 9 -3 8 -3 8 -3 8 -3 9 -3 8 -3 9 -4 0 0 8 -3 8 -3 9 -3 9 -4 9 -3 9 -4 9 -4 9 -4 9 -4 9 -4 9 -4 9 -4 9 -4 10 -4 10 -5 10 -5 9 -5 10 -6 10 -5 10 -6 10 -5 10 -5 10 -5 10 -6 10 -6 11 -6 0 0 0 0 0 0 0 0 0 0]"""
"""1770911353890141,CSI_DATA,STATION,00:00:00:00:00:00,0,0,0,0,0,0,0,0,0,0,0,0,0,0,0,0,0,0,0,0,0,128,[84 -64 4 0 0 0 0 0 0 0 0 0 4 6 4 7 4 7 4 7 4 7 4 7 3 7 3 8 3 8 4 8 3 8 3 8 3 8 3 8 3 8 3 8 2 8 2 8 3 8 3 8 3 8 3 8 2 8 2 9 3 8 3 9 0 0 3 8 3 8 3 8 3 8 3 8 4 9 4 9 4 8 4 8 4 8 4 9 4 9 4 9 5 9 4 9 5 9 5 9 5 9 5 10 5 9 5 10 5 10 5 10 6 10 6 10 6 10 0 0 0 0 0 0 0 0 0 0]"""
"""1770911353895256,CSI_DATA,STATION,00:00:00:00:00:00,0,0,0,0,0,0,0,0,0,0,0,0,0,0,0,0,0,0,0,0,0,128,[84 -64 4 0 0 0 0 0 0 0 0 0 8 -3 8 -2 7 -1 8 -1 8 -1 8 -1 8 -1 8 -1 8 -1 8 0 8 -1 8 -1 8 0 8 0 9 0 8 0 9 0 8 0 9 0 8 0 8 0 8 0 8 0 8 0 8 0 9 -1 0 0 9 -1 8 -1 9 -1 9 -1 9 0 9 -1 9 -1 9 -1 9 -2 9 -1 9 -2 10 -1 9 -1 10 -2 10 -2 10 -2 10 -2 11 -3 11 -2 10 -2 11 -3 11 -2 11 -2 11 -3 11 -3 12 -3 0 0 0 0 0 0 0 0 0 0]"""
"""1770911353900660,CSI_DATA,STATION,00:00:00:00:00:00,0,0,0,0,0,0,0,0,0,0,0,0,0,0,0,0,0,0,0,0,0,128,[84 -64 4 0 0 0 0 0 0 0 0 0 -6 -7 -6 -7 -6 -8 -6 -8 -6 -8 -6 -8 -5 -8 -5 -8 -5 -8 -5 -8 -5 -9 -5 -8 -5 -9 -5 -9 -5 -9 -4 -9 -4 -9 -4 -8 -5 -9 -4 -9 -4 -9 -4 -9 -4 -9 -4 -9 -5 -9 -5 -9 0 0 -5 -9 -5 -9 -5 -9 -5 -9 -5 -9 -5 -9 -5 -9 -5 -9 -5 -9 -5 -9 -6 -10 -6 -10 -6 -10 -6 -10 -5 -10 -6 -10 -6 -10 -7 -10 -6 -10 -6 -11 -7 -11 -6 -11 -7 -11 -7 -11 -7 -11 -7 -11 0 0 0 0 0 0 0 0 0 0]"""
"""1770911353903436,CSI_DATA,STATION,00:00:00:00:00:00,0,0,0,0,0,0,0,0,0,0,0,0,0,0,0,0,0,0,0,0,0,128,[84 -64 4 0 0 0 0 0 0 0 0 0 1 -10 1 -10 1 -10 1 -11 1 -10 2 -10 2 -10 2 -11 3 -10 3 -10 3 -10 3 -10 3 -10 3 -10 3 -10 3 -10 3 -10 3 -10 3 -10 4 -10 3 -10 3 -10 3 -10 3 -10 3 -10 3 -11 0 0 3 -10 2 -10 3 -10 3 -11 3 -11 3 -11 3 -11 3 -11 3 -11 3 -11 3 -12 2 -11 2 -12 3 -12 3 -12 3 -13 2 -12 3 -13 3 -13 2 -13 3 -13 3 -13 2 -14 2 -14 3 -14 2 -14 0 0 0 0 0 0 0 0 0 0]"""
"""1770911353908934,CSI_DATA,STATION,00:00:00:00:00:00,0,0,0,0,0,0,0,0,0,0,0,0,0,0,0,0,0,0,0,0,0,128,[84 -64 4 0 0 0 0 0 0 0 0 0 -7 -7 -7 -6 -7 -7 -7 -7 -7 -7 -7 -7 -6 -7 -6 -8 -6 -8 -6 -8 -6 -8 -6 -8 -6 -8 -6 -8 -6 -8 -6 -8 -5 -8 -5 -8 -6 -9 -6 -8 -6 -8 -6 -9 -5 -8 -6 -8 -6 -8 -6 -8 0 0 -6 -8 -6 -8 -6 -8 -6 -8 -6 -8 -7 -9 -7 -8 -7 -8 -7 -8 -7 -8 -7 -8 -8 -8 -7 -8 -8 -9 -7 -9 -8 -9 -8 -9 -8 -9 -8 -9 -8 -9 -8 -9 -9 -9 -8 -10 -9 -10 -9 -9 -9 -10 0 0 0 0 0 0 0 0 0 0]"""
"""1770911353917215,CSI_DATA,STATION,00:00:00:00:00:00,0,0,0,0,0,0,0,0,0,0,0,0,0,0,0,0,0,0,0,0,0,128,[84 -64 4 0 0 0 0 0 0 0 0 0 6 -6 6 -6 6 -6 6 -6 7 -5 6 -6 7 -6 7 -6 7 -6 7 -5 7 -5 7 -5 8 -4 7 -5 8 -4 8 -5 8 -5 7 -5 7 -4 8 -5 8 -5 8 -4 8 -5 8 -5 8 -5 8 -5 0 0 8 -5 8 -5 8 -5 8 -5 8 -5 8 -6 8 -5 8 -6 8 -6 8 -6 8 -7 8 -6 8 -6 8 -6 9 -7 9 -7 8 -7 9 -8 9 -7 8 -8 9 -8 9 -7 9 -7 9 -8 10 -8 9 -8 0 0 0 0 0 0 0 0 0 0]"""
"""1770911353922742,CSI_DATA,STATION,00:00:00:00:00:00,0,0,0,0,0,0,0,0,0,0,0,0,0,0,0,0,0,0,0,0,0,128,[84 -64 4 0 0 0 0 0 0 0 0 0 3 8 4 8 3 8 3 9 3 8 3 9 3 9 2 9 2 9 2 9 2 10 1 9 1 9 1 9 2 9 2 9 1 10 1 9 1 10 2 10 1 9 1 10 1 9 1 10 1 10 1 9 0 0 1 10 2 10 2 10 2 10 2 10 2 10 2 10 2 10 2 10 2 10 2 10 2 11 2 11 2 11 2 11 2 11 3 11 3 11 3 12 3 11 3 12 3 12 3 12 3 12 3 12 3 12 0 0 0 0 0 0 0 0 0 0]"""
"""1770911353927818,CSI_DATA,STATION,00:00:00:00:00:00,0,0,0,0,0,0,0,0,0,0,0,0,0,0,0,0,0,0,0,0,0,128,[84 -64 4 0 0 0 0 0 0 0 0 0 -4 8 -3 8 -4 8 -4 8 -4 8 -5 8 -4 8 -5 8 -5 8 -5 7 -5 7 -6 7 -5 7 -6 7 -6 7 -6 7 -6 8 -5 7 -6 7 -6 7 -6 7 -6 7 -6 7 -6 7 -6 7 -6 7 0 0 -6 7 -6 7 -6 7 -6 8 -6 7 -6 8 -5 8 -6 8 -5 8 -6 9 -6 9 -6 8 -6 8 -5 9 -6 9 -6 9 -6 9 -6 10 -6 10 -6 10 -6 10 -6 10 -6 10 -6 10 -6 11 -7 11 0 0 0 0 0 0 0 0 0 0]"""
"""1770911353933061,CSI_DATA,STATION,00:00:00:00:00:00,0,0,0,0,0,0,0,0,0,0,0,0,0,0,0,0,0,0,0,0,0,128,[14 -32 0 0 0 0 0 0 0 0 0 0 8 -2 8 -2 8 -2 8 -2 8 -1 9 -2 9 -1 9 -1 9 -1 9 0 9 -1 9 -1 9 0 9 0 9 0 8 -1 9 0 9 0 9 0 9 0 9 0 9 0 9 0 9 1 9 1 9 0 0 0 9 0 9 0 9 0 10 0 10 0 10 -1 10 0 10 0 10 -1 10 -1 10 -1 10 0 10 -1 11 0 11 -1 11 -1 11 -1 11 -1 11 -1 11 -2 12 -1 11 -1 12 -1 12 -1 12 -1 12 -1 0 0 0 0 0 0 0 0 0 0]"""
"""1770911353938230,CSI_DATA,STATION,00:00:00:00:00:00,0,0,0,0,0,0,0,0,0,0,0,0,0,0,0,0,0,0,0,0,0,128,[84 -64 4 0 0 0 0 0 0 0 0 0 1 -11 1 -11 1 -10 1 -10 1 -11 2 -11 3 -11 2 -11 3 -10 3 -10 3 -11 3 -10 3 -10 3 -10 4 -10 4 -10 4 -10 4 -11 4 -10 4 -10 4 -10 4 -10 4 -10 4 -11 4 -10 4 -10 0 0 4 -11 3 -10 3 -11 4 -11 3 -11 3 -11 3 -11 3 -11 3 -12 3 -12 3 -12 3 -12 3 -12 3 -12 3 -13 3 -13 3 -13 3 -13 3 -14 3 -14 3 -14 3 -14 2 -14 3 -14 3 -14 3 -14 0 0 0 0 0 0 0 0 0 0]"""
"""1770911353945470,CSI_DATA,STATION,00:00:00:00:00:00,0,0,0,0,0,0,0,0,0,0,0,0,0,0,0,0,0,0,0,0,0,128,[84 -64 4 0 0 0 0 0 0 0 0 0 4 -9 4 -9 4 -9 4 -9 5 -9 5 -9 5 -9 5 -9 6 -9 6 -9 6 -8 6 -8 6 -8 6 -8 6 -8 6 -8 6 -8 6 -8 6 -8 7 -8 7 -7 6 -8 7 -8 7 -8 6 -8 7 -8 0 0 6 -9 6 -8 6 -8 6 -9 6 -9 7 -9 6 -9 6 -9 6 -10 6 -10 6 -10 6 -10 6 -9 6 -10 7 -10 7 -11 6 -11 7 -12 7 -11 7 -11 7 -12 7 -11 7 -12 7 -12 7 -12 7 -12 0 0 0 0 0 0 0 0 0 0]"""
"""1770911353950892,CSI_DATA,STATION,00:00:00:00:00:00,0,0,0,0,0,0,0,0,0,0,0,0,0,0,0,0,0,0,0,0,0,128,[84 -64 4 0 0 0 0 0 0 0 0 0 -6 -6 -7 -7 -7 -7 -6 -7 -6 -7 -6 -8 -6 -8 -6 -7 -6 -8 -6 -8 -6 -8 -5 -8 -5 -8 -5 -8 -5 -9 -5 -8 -5 -8 -5 -8 -5 -8 -5 -8 -5 -8 -5 -9 -5 -8 -5 -8 -5 -9 -5 -9 0 0 -6 -9 -6 -9 -6 -9 -6 -8 -6 -8 -6 -9 -6 -9 -6 -9 -6 -8 -6 -9 -7 -9 -7 -9 -7 -9 -7 -9 -7 -9 -7 -9 -8 -9 -8 -10 -7 -9 -8 -9 -8 -10 -8 -10 -8 -10 -9 -10 -8 -10 -8 -10 0 0 0 0 0 0 0 0 0 0]"""
"""1770911353953655,CSI_DATA,STATION,00:00:00:00:00:00,0,0,0,0,0,0,0,0,0,0,0,0,0,0,0,0,0,0,0,0,0,128,[84 -64 4 0 0 0 0 0 0 0 0 0 -1 -10 -1 -10 0 -10 0 -10 0 -11 0 -11 0 -10 0 -11 1 -11 1 -11 1 -11 2 -10 1 -11 2 -10 1 -11 2 -10 2 -10 2 -10 2 -11 2 -11 1 -10 1 -11 2 -10 2 -11 1 -11 2 -11 0 0 1 -11 1 -10 1 -11 1 -11 1 -11 1 -11 0 -11 1 -12 1 -11 1 -12 1 -12 1 -12 0 -12 0 -13 1 -12 0 -13 0 -13 0 -14 0 -14 0 -13 0 -13 0 -13 0 -14 0 -14 0 -14 0 -14 0 0 0 0 0 0 0 0 0 0]"""
"""1770911353961514,CSI_DATA,STATION,00:00:00:00:00:00,0,0,0,0,0,0,0,0,0,0,0,0,0,0,0,0,0,0,0,0,0,128,[84 -64 4 0 0 0 0 0 0 0 0 0 7 -5 7 -5 7 -5 7 -4 7 -4 8 -5 8 -4 8 -4 8 -4 8 -4 8 -4 8 -4 8 -3 8 -3 8 -4 8 -4 8 -3 8 -4 8 -3 8 -4 8 -4 8 -3 8 -4 8 -3 8 -3 9 -4 0 0 9 -4 8 -4 8 -4 9 -4 8 -4 9 -5 9 -5 8 -5 8 -5 9 -5 9 -5 9 -5 9 -5 9 -5 9 -6 9 -6 9 -6 9 -7 9 -6 9 -7 10 -7 9 -6 10 -6 10 -7 10 -7 10 -7 0 0 0 0 0 0 0 0 0 0]"""
"""1770911353966432,CSI_DATA,STATION,00:00:00:00:00:00,0,0,0,0,0,0,0,0,0,0,0,0,0,0,0,0,0,0,0,0,0,128,[84 -64 4 0 0 0 0 0 0 0 0 0 2 -9 3 -9 3 -8 3 -8 3 -8 4 -9 4 -8 4 -8 4 -8 4 -8 4 -8 5 -8 4 -8 4 -8 5 -8 5 -8 5 -8 4 -8 4 -8 5 -8 5 -8 5 -8 5 -8 5 -9 4 -8 5 -9 0 0 4 -9 4 -8 4 -9 4 -9 4 -9 4 -9 4 -9 4 -9 4 -10 4 -10 4 -10 4 -10 3 -10 4 -10 4 -11 4 -11 4 -11 4 -12 4 -11 4 -12 4 -12 4 -11 4 -12 3 -12 4 -12 4 -12 0 0 0 0 0 0 0 0 0 0]"""
"""1770911353969148,CSI_DATA,STATION,00:00:00:00:00:00,0,0,0,0,0,0,0,0,0,0,0,0,0,0,0,0,0,0,0,0,0,128,[84 -64 4 0 0 0 0 0 0 0 0 0 -4 -8 -4 -8 -4 -9 -3 -9 -3 -9 -3 -9 -3 -9 -2 -9 -2 -9 -2 -9 -2 -9 -2 -9 -2 -10 -2 -10 -2 -9 -2 -9 -2 -9 -2 -9 -2 -10 -2 -9 -2 -10 -2 -10 -1 -10 -2 -10 -2 -10 -2 -10 0 0 -2 -10 -2 -10 -2 -10 -3 -10 -2 -10 -3 -10 -3 -10 -3 -10 -3 -10 -3 -10 -3 -10 -3 -10 -4 -10 -3 -11 -3 -11 -3 -11 -4 -11 -4 -11 -3 -11 -4 -12 -4 -12 -4 -11 -4 -12 -5 -12 -5 -12 -4 -12 0 0 0 0 0 0 0 0 0 0]"""
"""1770911353974691,CSI_DATA,STATION,00:00:00:00:00:00,0,0,0,0,0,0,0,0,0,0,0,0,0,0,0,0,0,0,0,0,0,128,[84 -64 4 0 0 0 0 0 0 0 0 0 -7 4 -8 4 -8 4 -8 4 -8 3 -9 4 -9 4 -9 4 -9 3 -9 3 -9 3 -9 3 -9 3 -9 3 -9 2 -9 3 -9 3 -8 3 -9 3 -9 3 -9 2 -9 2 -9 3 -9 3 -9 3 -9 3 0 0 -9 3 -9 3 -9 3 -9 4 -10 3 -9 4 -9 3 -9 4 -9 4 -10 4 -10 5 -10 4 -9 4 -10 5 -10 5 -10 5 -9 5 -10 5 -10 6 -10 5 -11 6 -11 5 -10 6 -11 6 -11 6 -11 6 0 0 0 0 0 0 0 0 0 0]"""
"""1770911353979744,CSI_DATA,STATION,00:00:00:00:00:00,0,0,0,0,0,0,0,0,0,0,0,0,0,0,0,0,0,0,0,0,0,128,[84 -64 4 0 0 0 0 0 0 0 0 0 -8 0 -8 0 -8 -1 -8 -1 -8 -1 -9 -1 -9 -1 -9 -1 -8 -1 -9 -2 -8 -2 -9 -1 -8 -2 -8 -2 -8 -2 -9 -1 -8 -2 -9 -2 -8 -2 -9 -2 -8 -2 -8 -2 -9 -2 -9 -2 -8 -2 -9 -2 0 0 -9 -2 -9 -1 -9 -1 -9 -1 -9 -2 -9 -1 -9 -1 -9 -1 -9 -1 -10 -1 -10 0 -10 -1 -10 -1 -10 -1 -10 -1 -10 0 -10 0 -11 0 -11 0 -11 0 -11 0 -11 0 -11 0 -11 0 -11 0 -11 0 0 0 0 0 0 0 0 0 0 0]"""
"""1770911353984893,CSI_DATA,STATION,00:00:00:00:00:00,0,0,0,0,0,0,0,0,0,0,0,0,0,0,0,0,0,0,0,0,0,128,[84 -64 4 0 0 0 0 0 0 0 0 0 1 -10 1 -11 0 -10 1 -10 1 -11 2 -10 2 -11 2 -11 2 -10 2 -10 3 -10 3 -10 3 -10 3 -10 3 -10 3 -10 3 -10 3 -10 3 -10 3 -10 3 -10 3 -10 4 -11 3 -10 3 -10 3 -10 0 0 3 -10 3 -10 3 -11 3 -11 3 -11 2 -11 2 -11 3 -12 3 -11 3 -12 3 -12 3 -11 2 -11 3 -12 2 -13 2 -13 2 -13 2 -13 2 -13 2 -13 2 -13 2 -13 2 -14 2 -14 3 -14 2 -14 0 0 0 0 0 0 0 0 0 0]"""
"""1770911353991739,CSI_DATA,STATION,00:00:00:00:00:00,0,0,0,0,0,0,0,0,0,0,0,0,0,0,0,0,0,0,0,0,0,128,[84 -64 4 0 0 0 0 0 0 0 0 0 -4 9 -4 8 -4 9 -4 8 -4 9 -5 8 -5 8 -5 8 -5 8 -5 8 -6 9 -6 8 -6 8 -6 8 -6 8 -6 8 -6 8 -6 8 -6 8 -6 8 -6 8 -6 8 -6 8 -6 8 -6 8 -6 8 0 0 -6 8 -6 8 -5 9 -6 9 -6 9 -6 8 -5 9 -6 9 -5 10 -6 10 -6 10 -5 10 -5 10 -5 10 -6 11 -6 11 -6 11 -6 11 -5 11 -6 12 -6 12 -5 12 -6 12 -6 12 -6 12 -6 12 0 0 0 0 0 0 0 0 0 0]"""
"""1770911353997164,CSI_DATA,STATION,00:00:00:00:00:00,0,0,0,0,0,0,0,0,0,0,0,0,0,0,0,0,0,0,0,0,0,128,[84 -64 4 0 0 0 0 0 0 0 0 0 6 5 6 6 6 6 5 6 6 6 5 7 5 7 5 7 5 7 5 7 5 7 4 7 5 7 5 7 5 7 4 7 5 7 5 7 5 7 5 8 5 7 5 7 4 7 5 7 5 7 5 7 0 0 5 7 5 7 6 7 5 7 6 7 6 7 6 7 6 7 6 7 6 7 7 7 7 7 7 7 7 8 7 7 7 7 8 7 8 8 8 8 8 7 8 8 8 8 8 8 9 8 9 8 8 8 0 0 0 0 0 0 0 0 0 0]"""
"""1770911353999892,CSI_DATA,STATION,00:00:00:00:00:00,0,0,0,0,0,0,0,0,0,0,0,0,0,0,0,0,0,0,0,0,0,128,[84 -64 4 0 0 0 0 0 0 0 0 0 7 -7 7 -7 7 -7 7 -7 7 -6 7 -7 8 -6 8 -6 8 -6 8 -6 8 -6 8 -6 8 -5 8 -5 9 -6 8 -6 8 -5 8 -5 9 -5 9 -5 9 -5 9 -5 9 -5 9 -5 9 -5 9 -6 0 0 9 -5 9 -5 9 -6 9 -6 9 -6 9 -6 9 -6 9 -6 9 -7 9 -7 9 -7 9 -7 9 -7 9 -7 10 -7 10 -8 10 -8 10 -8 10 -8 10 -8 10 -8 10 -7 11 -8 10 -9 11 -9 11 -8 0 0 0 0 0 0 0 0 0 0]"""
"""1770911354005413,CSI_DATA,STATION,00:00:00:00:00:00,0,0,0,0,0,0,0,0,0,0,0,0,0,0,0,0,0,0,0,0,0,128,[84 -64 4 0 0 0 0 0 0 0 0 0 -1 -9 -1 -9 -1 -9 -1 -9 0 -9 0 -10 0 -9 0 -10 0 -9 0 -10 1 -10 1 -10 0 -10 1 -9 1 -10 1 -10 1 -9 1 -9 1 -10 1 -10 1 -10 1 -10 1 -10 1 -10 1 -10 1 -10 0 0 1 -10 0 -10 1 -10 0 -10 0 -11 0 -10 0 -10 0 -10 0 -10 0 -10 0 -11 0 -11 0 -11 0 -12 0 -11 0 -12 -1 -12 -1 -12 -1 -12 -1 -12 -1 -13 -1 -12 -1 -13 -1 -13 -1 -13 -1 -13 0 0 0 0 0 0 0 0 0 0]"""
"""1770911354010289,CSI_DATA,STATION,00:00:00:00:00:00,0,0,0,0,0,0,0,0,0,0,0,0,0,0,0,0,0,0,0,0,0,128,[84 -64 4 0 0 0 0 0 0 0 0 0 -6 -7 -6 -7 -6 -7 -6 -7 -5 -8 -6 -8 -5 -8 -5 -8 -5 -8 -5 -8 -5 -8 -5 -8 -5 -9 -5 -8 -5 -9 -5 -8 -5 -9 -4 -8 -5 -9 -5 -9 -4 -9 -5 -9 -4 -8 -5 -9 -5 -9 -5 -9 0 0 -5 -9 -5 -8 -5 -9 -5 -9 -5 -9 -5 -9 -5 -9 -6 -9 -6 -9 -6 -8 -6 -9 -6 -9 -7 -9 -7 -10 -6 -9 -7 -9 -7 -9 -7 -10 -7 -9 -7 -9 -7 -10 -8 -10 -7 -10 -8 -10 -8 -10 -8 -10 0 0 0 0 0 0 0 0 0 0]"""
"""1770911354015341,CSI_DATA,STATION,00:00:00:00:00:00,0,0,0,0,0,0,0,0,0,0,0,0,0,0,0,0,0,0,0,0,0,128,[84 -64 4 0 0 0 0 0 0 0 0 0 9 -3 9 -3 9 -2 9 -2 9 -1 10 -2 10 -1 10 -1 9 -1 9 -1 10 -1 10 -1 10 0 9 0 10 0 9 -1 10 0 9 0 10 0 10 0 10 0 10 0 10 0 10 1 10 0 10 0 0 0 10 0 9 0 10 0 10 -1 11 0 11 -1 11 0 10 -1 11 -1 10 -2 11 -1 11 -1 11 -1 12 -1 11 -2 12 -2 11 -2 13 -3 13 -2 12 -2 13 -2 12 -2 12 -2 13 -2 13 -2 13 -2 0 0 0 0 0 0 0 0 0 0]"""
"""1770911354020760,CSI_DATA,STATION,00:00:00:00:00:00,0,0,0,0,0,0,0,0,0,0,0,0,0,0,0,0,0,0,0,0,0,128,[84 -64 4 0 0 0 0 0 0 0 0 0 -1 -10 -1 -10 -1 -10 -1 -10 0 -11 0 -10 1 -11 0 -10 1 -10 0 -11 1 -11 1 -10 1 -11 1 -11 1 -11 1 -11 1 -10 1 -10 1 -11 1 -11 1 -10 1 -11 1 -11 1 -10 1 -10 1 -11 0 0 1 -11 0 -11 1 -11 0 -11 0 -11 0 -11 0 -12 0 -11 0 -12 0 -12 0 -12 0 -12 -1 -12 -1 -13 0 -13 -1 -13 -1 -13 -1 -13 -1 -13 -1 -13 -1 -14 -1 -14 -1 -14 -2 -14 -1 -14 -1 -14 0 0 0 0 0 0 0 0 0 0]"""
"""1770911354028221,CSI_DATA,STATION,00:00:00:00:00:00,0,0,0,0,0,0,0,0,0,0,0,0,0,0,0,0,0,0,0,0,0,128,[84 -64 4 0 0 0 0 0 0 0 0 0 -3 8 -2 8 -2 7 -3 8 -3 8 -4 8 -4 8 -4 8 -4 8 -4 7 -4 8 -4 8 -4 8 -4 7 -5 7 -5 8 -5 8 -5 8 -5 7 -5 7 -5 7 -5 7 -5 7 -5 8 -5 7 -5 8 0 0 -5 8 -5 7 -5 8 -5 8 -5 8 -5 8 -5 8 -5 8 -5 8 -5 8 -5 9 -5 9 -5 9 -5 9 -5 9 -5 10 -5 9 -5 10 -6 10 -5 10 -6 10 -6 10 -5 10 -5 11 -5 11 -6 11 0 0 0 0 0 0 0 0 0 0]"""
"""1770911354030883,CSI_DATA,STATION,00:00:00:00:00:00,0,0,0,0,0,0,0,0,0,0,0,0,0,0,0,0,0,0,0,0,0,128,[84 -64 4 0 0 0 0 0 0 0 0 0 5 -7 6 -7 5 -7 5 -7 6 -7 6 -7 6 -6 7 -6 7 -6 6 -6 7 -7 7 -6 7 -6 7 -6 7 -6 7 -6 7 -6 7 -6 7 -6 7 -6 7 -6 7 -6 7 -6 7 -6 7 -6 7 -6 0 0 7 -6 7 -6 7 -6 7 -6 7 -7 7 -6 7 -6 7 -7 7 -7 7 -7 7 -8 7 -8 7 -8 7 -8 7 -8 8 -8 7 -8 8 -9 8 -8 8 -9 8 -9 8 -8 8 -9 8 -9 8 -9 8 -10 0 0 0 0 0 0 0 0 0 0]"""
"""1770911354036214,CSI_DATA,STATION,00:00:00:00:00:00,0,0,0,0,0,0,0,0,0,0,0,0,0,0,0,0,0,0,0,0,0,128,[84 -64 4 0 0 0 0 0 0 0 0 0 5 -7 6 -7 6 -6 6 -6 6 -6 6 -6 7 -6 7 -6 7 -6 7 -5 7 -6 7 -6 7 -5 7 -5 7 -5 7 -6 7 -6 7 -6 7 -5 8 -6 7 -5 7 -6 8 -6 7 -5 8 -5 8 -6 0 0 7 -6 7 -6 7 -6 8 -6 7 -6 7 -7 7 -6 7 -7 7 -7 7 -7 7 -7 8 -7 7 -7 8 -7 8 -8 8 -8 7 -8 8 -9 8 -9 8 -9 8 -9 8 -8 8 -9 8 -9 8 -9 9 -9 0 0 0 0 0 0 0 0 0 0]"""
"""1770911354041554,CSI_DATA,STATION,00:00:00:00:00:00,0,0,0,0,0,0,0,0,0,0,0,0,0,0,0,0,0,0,0,0,0,128,[84 -64 4 0 0 0 0 0 0 0 0 0 -4 -9 -4 -9 -4 -10 -4 -10 -4 -10 -3 -10 -3 -10 -3 -10 -3 -10 -2 -10 -2 -10 -2 -10 -2 -11 -2 -11 -2 -11 -2 -10 -1 -11 -1 -10 -2 -11 -2 -11 -2 -11 -1 -11 -1 -11 -2 -11 -2 -11 -2 -11 0 0 -2 -11 -2 -11 -2 -11 -2 -11 -2 -11 -2 -12 -3 -11 -2 -11 -2 -12 -3 -12 -3 -11 -3 -12 -3 -12 -3 -12 -3 -12 -3 -13 -3 -12 -3 -13 -3 -13 -4 -13 -4 -13 -4 -13 -4 -13 -4 -13 -4 -14 -4 -14 0 0 0 0 0 0 0 0 0 0]"""
"""1770911354052157,CSI_DATA,STATION,00:00:00:00:00:00,0,0,0,0,0,0,0,0,0,0,0,0,0,0,0,0,0,0,0,0,0,128,[84 -64 4 0 0 0 0 0 0 0 0 0 -6 -7 -5 -8 -5 -8 -5 -8 -5 -8 -5 -9 -4 -8 -5 -9 -4 -9 -4 -9 -4 -9 -4 -9 -4 -9 -4 -9 -4 -9 -4 -9 -4 -9 -4 -9 -4 -9 -4 -9 -4 -9 -4 -9 -4 -9 -4 -9 -4 -9 -4 -9 0 0 -4 -9 -4 -9 -4 -9 -4 -9 -4 -9 -5 -10 -5 -10 -5 -10 -5 -9 -5 -9 -6 -10 -6 -10 -6 -10 -6 -10 -6 -10 -6 -10 -6 -10 -6 -10 -6 -10 -6 -10 -6 -11 -7 -10 -7 -11 -7 -11 -7 -11 -7 -11 0 0 0 0 0 0 0 0 0 0]"""
"""1770911354057473,CSI_DATA,STATION,00:00:00:00:00:00,0,0,0,0,0,0,0,0,0,0,0,0,0,0,0,0,0,0,0,0,0,128,[14 -32 0 0 0 0 0 0 0 0 0 0 7 -7 7 -8 7 -7 7 -7 7 -6 8 -7 8 -6 8 -6 8 -6 8 -6 8 -6 9 -6 8 -6 8 -5 9 -6 9 -6 9 -6 8 -5 9 -5 9 -5 8 -5 9 -5 9 -5 9 -5 9 -5 9 -6 0 0 9 -6 9 -5 9 -6 9 -6 9 -6 9 -6 9 -6 9 -7 9 -7 9 -7 9 -7 9 -7 9 -7 10 -7 10 -7 10 -8 10 -8 10 -8 10 -8 10 -9 10 -8 10 -8 10 -8 10 -9 11 -9 11 -9 0 0 0 0 0 0 0 0 0 0]"""
"""1770911354062569,CSI_DATA,STATION,00:00:00:00:00:00,0,0,0,0,0,0,0,0,0,0,0,0,0,0,0,0,0,0,0,0,0,128,[14 -32 0 0 0 0 0 0 0 0 0 0 -4 -9 -5 -10 -5 -9 -5 -10 -4 -10 -4 -10 -3 -10 -4 -10 -3 -10 -3 -10 -3 -11 -3 -11 -3 -11 -3 -11 -3 -11 -3 -11 -2 -11 -2 -10 -3 -11 -2 -11 -3 -11 -2 -11 -2 -11 -3 -11 -3 -11 -2 -11 0 0 -2 -11 -3 -10 -3 -11 -3 -11 -3 -12 -4 -12 -3 -11 -4 -11 -4 -12 -4 -11 -4 -12 -4 -12 -4 -12 -4 -12 -4 -13 -5 -13 -5 -12 -5 -13 -5 -13 -5 -13 -5 -13 -5 -13 -5 -14 -6 -13 -5 -14 -5 -14 0 0 0 0 0 0 0 0 0 0]"""
"""1770911354067443,CSI_DATA,STATION,00:00:00:00:00:00,0,0,0,0,0,0,0,0,0,0,0,0,0,0,0,0,0,0,0,0,0,128,[84 -64 4 0 0 0 0 0 0 0 0 0 6 -8 6 -8 6 -8 6 -7 6 -8 7 -8 7 -8 7 -7 7 -7 7 -7 7 -7 7 -7 7 -7 8 -7 8 -7 8 -7 8 -7 7 -7 7 -7 7 -7 7 -7 8 -7 8 -7 8 -7 7 -7 8 -7 0 0 8 -8 7 -7 7 -7 7 -8 7 -8 7 -8 7 -8 7 -8 8 -9 7 -9 7 -9 7 -9 7 -9 7 -9 8 -10 8 -10 7 -10 8 -10 8 -11 7 -11 8 -11 8 -10 8 -11 8 -11 8 -11 8 -11 0 0 0 0 0 0 0 0 0 0]"""
"""1770911354072017,CSI_DATA,STATION,00:00:00:00:00:00,0,0,0,0,0,0,0,0,0,0,0,0,0,0,0,0,0,0,0,0,0,128,[84 -64 4 0 0 0 0 0 0 0 0 0 -6 -6 -6 -6 -7 -7 -7 -7 -7 -7 -6 -7 -6 -7 -6 -7 -5 -7 -6 -8 -6 -8 -6 -7 -6 -8 -6 -8 -6 -8 -6 -8 -5 -7 -5 -8 -6 -8 -5 -9 -5 -9 -5 -8 -5 -8 -6 -8 -6 -8 -5 -8 0 0 -5 -8 -6 -8 -6 -8 -6 -8 -6 -8 -6 -9 -6 -9 -6 -9 -6 -8 -7 -8 -7 -8 -7 -8 -7 -8 -7 -8 -7 -8 -7 -9 -8 -9 -8 -9 -8 -9 -8 -9 -8 -9 -8 -9 -8 -9 -9 -9 -9 -9 -9 -9 0 0 0 0 0 0 0 0 0 0]"""
"""1770911354077603,CSI_DATA,STATION,00:00:00:00:00:00,0,0,0,0,0,0,0,0,0,0,0,0,0,0,0,0,0,0,0,0,0,128,[84 -64 4 0 0 0 0 0 0 0 0 0 9 2 9 2 9 3 9 3 9 3 9 3 9 3 8 4 8 4 9 4 9 4 8 4 9 5 9 4 9 5 9 5 9 5 8 5 9 5 9 6 8 6 8 5 8 5 9 5 9 5 9 5 0 0 9 5 8 5 9 5 8 5 10 5 9 5 9 5 9 5 9 5 9 5 10 4 10 5 10 5 11 5 10 5 11 5 11 5 11 5 12 5 11 5 12 5 11 5 12 5 13 5 12 5 12 5 0 0 0 0 0 0 0 0 0 0]"""
"""1770911354082296,CSI_DATA,STATION,00:00:00:00:00:00,0,0,0,0,0,0,0,0,0,0,0,0,0,0,0,0,0,0,0,0,0,128,[84 -64 4 0 0 0 0 0 0 0 0 0 0 -10 0 -11 0 -10 0 -11 0 -10 0 -11 1 -10 1 -10 1 -10 1 -10 1 -10 2 -10 1 -10 1 -10 2 -11 2 -10 2 -10 2 -10 1 -11 2 -11 1 -10 2 -11 2 -10 1 -11 1 -10 2 -11 0 0 2 -11 1 -10 1 -11 1 -11 1 -11 1 -11 1 -12 0 -12 1 -11 1 -12 1 -12 0 -12 0 -12 0 -12 0 -13 0 -13 0 -12 0 -13 0 -13 0 -14 -1 -14 0 -14 0 -13 -1 -13 0 -14 0 -14 0 0 0 0 0 0 0 0 0 0]"""
"""1770911354087129,CSI_DATA,STATION,00:00:00:00:00:00,0,0,0,0,0,0,0,0,0,0,0,0,0,0,0,0,0,0,0,0,0,128,[84 -64 4 0 0 0 0 0 0 0 0 0 -5 -9 -4 -9 -5 -9 -5 -10 -4 -10 -4 -10 -4 -10 -4 -10 -3 -10 -3 -10 -3 -10 -3 -10 -3 -10 -3 -10 -3 -11 -3 -11 -3 -10 -3 -10 -3 -11 -3 -11 -3 -11 -3 -11 -3 -11 -3 -11 -3 -11 -3 -11 0 0 -3 -11 -4 -11 -3 -11 -4 -11 -3 -11 -4 -11 -4 -11 -4 -11 -4 -11 -5 -11 -5 -11 -5 -11 -5 -11 -5 -11 -5 -12 -5 -12 -6 -12 -6 -12 -5 -12 -6 -12 -6 -13 -6 -13 -6 -13 -7 -13 -6 -13 -6 -13 0 0 0 0 0 0 0 0 0 0]"""
"""1770911354092267,CSI_DATA,STATION,00:00:00:00:00:00,0,0,0,0,0,0,0,0,0,0,0,0,0,0,0,0,0,0,0,0,0,128,[84 -64 4 0 0 0 0 0 0 0 0 0 -8 -4 -8 -4 -9 -4 -9 -4 -8 -5 -8 -4 -8 -5 -8 -5 -8 -5 -8 -6 -8 -5 -8 -5 -8 -6 -8 -6 -8 -6 -8 -5 -8 -6 -8 -6 -8 -6 -7 -7 -8 -6 -8 -6 -8 -6 -8 -6 -8 -6 -8 -6 0 0 -8 -6 -8 -6 -8 -6 -8 -6 -9 -6 -8 -6 -9 -6 -9 -6 -9 -6 -9 -5 -10 -5 -10 -5 -10 -6 -10 -5 -10 -5 -10 -6 -10 -6 -11 -6 -10 -6 -11 -5 -11 -6 -11 -6 -11 -6 -12 -6 -12 -5 -11 -6 0 0 0 0 0 0 0 0 0 0]"""
"""1770911354097932,CSI_DATA,STATION,00:00:00:00:00:00,0,0,0,0,0,0,0,0,0,0,0,0,0,0,0,0,0,0,0,0,0,128,[84 -64 4 0 0 0 0 0 0 0 0 0 -2 -10 -2 -10 -3 -10 -2 -10 -2 -10 -1 -10 -1 -10 -1 -11 -1 -10 -1 -11 -1 -11 0 -10 0 -11 -1 -10 0 -11 0 -10 0 -10 0 -10 0 -11 0 -11 0 -11 0 -11 1 -11 0 -11 0 -11 0 -11 0 0 0 -11 0 -11 0 -11 -1 -11 0 -11 0 -11 -1 -11 -1 -11 0 -11 -1 -11 -1 -12 -1 -12 -1 -12 -1 -12 -1 -13 -1 -13 -1 -13 -2 -13 -1 -13 -1 -13 -1 -13 -2 -13 -2 -14 -2 -14 -2 -14 -1 -14 0 0 0 0 0 0 0 0 0 0]"""
"""1770911354102534,CSI_DATA,STATION,00:00:00:00:00:00,0,0,0,0,0,0,0,0,0,0,0,0,0,0,0,0,0,0,0,0,0,128,[84 -64 4 0 0 0 0 0 0 0 0 0 0 9 -1 9 0 10 -1 9 -1 9 -1 9 -2 9 -2 10 -2 10 -2 10 -2 10 -2 9 -3 9 -2 9 -2 9 -3 9 -3 9 -3 9 -3 9 -3 10 -3 10 -3 9 -3 10 -3 10 -2 10 -3 10 0 0 -3 10 -2 10 -2 10 -2 10 -2 10 -2 10 -2 10 -2 10 -2 10 -2 11 -2 11 -1 11 -1 11 -1 11 -2 12 -2 12 -1 12 -1 11 -1 13 -1 12 -1 12 -1 13 -1 13 0 13 -1 13 -1 13 0 0 0 0 0 0 0 0 0 0]"""
"""1770911354108027,CSI_DATA,STATION,00:00:00:00:00:00,0,0,0,0,0,0,0,0,0,0,0,0,0,0,0,0,0,0,0,0,0,128,[84 -64 4 0 0 0 0 0 0 0 0 0 -6 8 -6 8 -6 7 -6 7 -7 7 -7 7 -7 7 -7 7 -7 7 -8 7 -8 7 -8 7 -8 6 -8 6 -8 6 -8 7 -8 7 -8 6 -8 5 -9 6 -8 6 -8 6 -9 6 -8 6 -9 6 -9 6 0 0 -9 7 -9 7 -8 6 -9 7 -8 6 -9 6 -9 7 -9 7 -9 7 -9 8 -9 8 -9 7 -9 8 -9 8 -9 8 -9 8 -9 8 -9 8 -9 9 -9 9 -10 9 -10 9 -10 9 -10 9 -10 9 -10 10 0 0 0 0 0 0 0 0 0 0]"""
"""1770911354113169,CSI_DATA,STATION,00:00:00:00:00:00,0,0,0,0,0,0,0,0,0,0,0,0,0,0,0,0,0,0,0,0,0,128,[84 -64 4 0 0 0 0 0 0 0 0 0 5 6 5 6 5 6 5 6 5 6 5 7 5 7 4 7 4 7 4 8 4 7 4 7 4 7 4 7 4 8 4 7 4 7 4 7 4 8 4 8 3 8 4 8 3 8 4 8 4 8 4 8 0 0 4 8 4 8 4 8 4 8 4 8 4 8 4 8 4 8 5 8 5 8 6 8 5 8 5 8 5 8 5 9 6 9 6 9 6 9 6 9 6 9 6 9 6 9 6 9 7 9 7 9 6 10 0 0 0 0 0 0 0 0 0 0]"""
"""1770911354118739,CSI_DATA,STATION,00:00:00:00:00:00,0,0,0,0,0,0,0,0,0,0,0,0,0,0,0,0,0,0,0,0,0,128,[84 -64 4 0 0 0 0 0 0 0 0 0 3 -10 3 -10 3 -10 4 -10 4 -10 4 -10 5 -10 4 -10 5 -10 5 -9 5 -10 5 -10 5 -9 5 -9 6 -10 5 -10 6 -9 6 -9 6 -9 6 -9 6 -9 6 -10 6 -9 6 -9 6 -9 6 -10 0 0 6 -10 5 -9 6 -10 6 -10 5 -10 6 -10 5 -10 5 -10 5 -11 5 -11 5 -11 5 -11 5 -11 5 -11 5 -12 5 -12 5 -12 5 -13 5 -13 5 -13 5 -13 5 -13 5 -13 5 -13 6 -14 5 -14 0 0 0 0 0 0 0 0 0 0]"""
"""1770911354123730,CSI_DATA,STATION,00:00:00:00:00:00,0,0,0,0,0,0,0,0,0,0,0,0,0,0,0,0,0,0,0,0,0,128,[84 -64 4 0 0 0 0 0 0 0 0 0 -9 5 -9 5 -9 4 -9 4 -10 4 -10 4 -10 4 -10 3 -10 3 -10 3 -10 3 -10 3 -10 2 -10 2 -11 2 -10 3 -10 2 -10 2 -11 2 -11 2 -10 2 -11 2 -11 2 -10 2 -11 2 -11 2 0 0 -11 2 -11 2 -11 2 -11 3 -11 2 -11 3 -11 2 -11 3 -11 3 -11 3 -12 3 -12 3 -11 3 -12 3 -12 3 -12 4 -12 4 -12 4 -12 4 -12 4 -13 5 -13 4 -13 4 -13 5 -13 5 -13 5 0 0 0 0 0 0 0 0 0 0]"""
"""1770911354129362,CSI_DATA,STATION,00:00:00:00:00:00,0,0,0,0,0,0,0,0,0,0,0,0,0,0,0,0,0,0,0,0,0,128,[84 -64 4 0 0 0 0 0 0 0 0 0 -9 3 -9 2 -9 2 -9 2 -9 2 -9 2 -9 2 -10 2 -9 1 -9 1 -9 1 -9 1 -10 0 -9 0 -10 0 -9 1 -10 1 -9 0 -10 0 -10 0 -10 0 -10 0 -10 1 -10 0 -10 0 -10 1 0 0 -10 1 -10 1 -10 1 -10 2 -10 1 -10 1 -10 1 -10 2 -10 2 -10 2 -11 2 -11 2 -11 2 -11 2 -11 2 -11 3 -11 2 -11 3 -11 3 -12 3 -11 3 -11 3 -12 3 -12 3 -12 3 -12 4 0 0 0 0 0 0 0 0 0 0]"""
"""1770911354133858,CSI_DATA,STATION,00:00:00:00:00:00,0,0,0,0,0,0,0,0,0,0,0,0,0,0,0,0,0,0,0,0,0,128,[84 -64 4 0 0 0 0 0 0 0 0 0 -1 -10 -1 -10 -1 -10 -1 -10 0 -11 0 -11 0 -10 1 -11 1 -11 0 -11 1 -11 1 -11 1 -11 1 -11 1 -11 2 -11 2 -11 1 -11 1 -11 2 -11 1 -10 1 -11 2 -10 1 -11 1 -10 1 -11 0 0 1 -11 1 -11 1 -11 1 -11 1 -12 1 -12 1 -12 0 -12 1 -12 0 -12 1 -12 0 -12 0 -12 0 -13 1 -13 0 -13 0 -13 0 -13 1 -13 0 -14 0 -14 0 -13 0 -14 -1 -14 0 -14 0 -14 0 0 0 0 0 0 0 0 0 0]"""
"""1770911354138473,CSI_DATA,STATION,00:00:00:00:00:00,0,0,0,0,0,0,0,0,0,0,0,0,0,0,0,0,0,0,0,0,0,128,[84 -64 4 0 0 0 0 0 0 0 0 0 7 -7 7 -7 7 -6 8 -6 8 -6 8 -6 8 -6 9 -6 9 -6 8 -5 9 -6 9 -6 9 -5 9 -5 9 -5 9 -5 9 -5 9 -5 9 -4 9 -4 9 -4 9 -4 9 -5 9 -5 9 -5 10 -5 0 0 9 -5 9 -4 9 -5 10 -5 9 -5 10 -5 10 -5 9 -5 10 -6 9 -6 10 -6 10 -6 10 -6 10 -6 10 -6 11 -7 10 -7 11 -7 11 -7 11 -7 11 -7 11 -6 11 -7 11 -7 12 -8 12 -8 0 0 0 0 0 0 0 0 0 0]"""
"""1770911354143608,CSI_DATA,STATION,00:00:00:00:00:00,0,0,0,0,0,0,0,0,0,0,0,0,0,0,0,0,0,0,0,0,0,128,[84 -64 4 0 0 0 0 0 0 0 0 0 5 -8 6 -9 5 -8 6 -8 6 -8 6 -8 7 -8 7 -7 8 -7 7 -7 7 -8 7 -8 7 -8 7 -7 8 -7 8 -7 8 -7 7 -7 8 -7 8 -6 8 -6 8 -6 8 -7 8 -7 8 -7 8 -7 0 0 9 -7 8 -7 8 -7 8 -7 8 -7 8 -7 9 -7 8 -8 9 -8 8 -8 8 -9 8 -8 8 -8 9 -9 9 -9 9 -9 9 -9 9 -9 9 -9 9 -9 10 -9 9 -9 9 -9 9 -10 10 -10 10 -10 0 0 0 0 0 0 0 0 0 0]"""
"""1770911354148615,CSI_DATA,STATION,00:00:00:00:00:00,0,0,0,0,0,0,0,0,0,0,0,0,0,0,0,0,0,0,0,0,0,128,[84 -64 4 0 0 0 0 0 0 0 0 0 9 -3 9 -3 9 -2 9 -2 10 -1 9 -2 9 -2 10 -1 10 -1 10 0 10 -1 10 0 10 0 10 0 10 0 9 0 10 0 10 0 10 0 10 0 9 0 10 0 10 0 10 1 10 0 10 0 0 0 10 0 10 -1 10 0 11 -1 11 0 11 -1 11 -1 11 -1 10 -1 11 -1 11 -1 11 -1 11 -1 11 -1 12 -1 12 -2 12 -1 12 -2 12 -2 12 -2 13 -2 12 -2 13 -2 13 -1 13 -2 13 -2 0 0 0 0 0 0 0 0 0 0]"""
"""1770911354153961,CSI_DATA,STATION,00:00:00:00:00:00,0,0,0,0,0,0,0,0,0,0,0,0,0,0,0,0,0,0,0,0,0,128,[84 -64 4 0 0 0 0 0 0 0 0 0 -6 -7 -6 -7 -6 -7 -6 -8 -6 -8 -5 -8 -5 -8 -5 -8 -5 -8 -5 -9 -5 -8 -5 -8 -5 -8 -4 -9 -5 -9 -4 -9 -4 -9 -4 -8 -4 -9 -4 -9 -4 -9 -4 -9 -4 -9 -5 -9 -4 -9 -4 -9 0 0 -4 -9 -5 -9 -5 -9 -5 -9 -5 -9 -5 -10 -5 -9 -6 -9 -6 -9 -6 -9 -6 -9 -6 -9 -6 -9 -6 -10 -6 -10 -6 -10 -7 -10 -6 -10 -7 -10 -7 -10 -7 -10 -7 -10 -7 -10 -8 -10 -7 -10 -7 -11 0 0 0 0 0 0 0 0 0 0]"""
"""1770911354159177,CSI_DATA,STATION,00:00:00:00:00:00,0,0,0,0,0,0,0,0,0,0,0,0,0,0,0,0,0,0,0,0,0,128,[84 -64 4 0 0 0 0 0 0 0 0 0 -4 -9 -4 -10 -4 -10 -4 -10 -3 -10 -4 -10 -3 -10 -3 -10 -3 -11 -3 -11 -3 -10 -3 -10 -2 -11 -2 -10 -3 -11 -3 -10 -2 -11 -2 -10 -3 -11 -3 -11 -3 -11 -3 -11 -2 -10 -3 -11 -3 -11 -2 -11 0 0 -3 -11 -3 -11 -3 -11 -3 -11 -3 -12 -4 -12 -4 -11 -4 -12 -4 -11 -4 -11 -4 -11 -4 -11 -4 -12 -5 -12 -4 -11 -5 -12 -5 -12 -6 -13 -5 -12 -6 -12 -6 -13 -6 -12 -6 -13 -6 -14 -6 -13 -6 -13 0 0 0 0 0 0 0 0 0 0]"""
"""1770911354169761,CSI_DATA,STATION,00:00:00:00:00:00,0,0,0,0,0,0,0,0,0,0,0,0,0,0,0,0,0,0,0,0,0,128,[14 -32 0 0 0 0 0 0 0 0 0 0 4 8 4 8 4 8 3 9 3 9 3 9 3 9 2 10 2 9 3 10 2 10 2 10 2 9 2 10 2 10 2 10 1 10 1 9 1 10 2 10 1 10 1 10 1 10 2 10 2 10 1 10 0 0 1 10 2 10 2 11 2 10 2 11 2 11 2 11 3 11 2 10 2 10 3 11 3 11 3 11 3 11 3 12 3 12 4 12 4 12 3 12 3 12 4 12 4 12 4 13 4 13 4 13 4 13 0 0 0 0 0 0 0 0 0 0]"""
"""1770911354174431,CSI_DATA,STATION,00:00:00:00:00:00,0,0,0,0,0,0,0,0,0,0,0,0,0,0,0,0,0,0,0,0,0,128,[84 -64 4 0 0 0 0 0 0 0 0 0 6 5 7 5 6 5 6 6 6 6 6 6 6 6 6 6 6 6 5 6 6 6 6 6 6 7 6 6 5 7 5 6 5 7 5 6 6 7 5 7 5 7 5 7 5 7 6 7 5 7 6 7 0 0 6 7 6 7 6 7 6 6 6 7 6 7 6 7 6 7 7 7 6 7 7 7 7 7 7 7 8 8 7 7 8 8 8 7 8 7 8 8 8 7 8 7 8 8 8 7 9 8 9 8 9 8 0 0 0 0 0 0 0 0 0 0]"""
"""1770911354179906,CSI_DATA,STATION,00:00:00:00:00:00,0,0,0,0,0,0,0,0,0,0,0,0,0,0,0,0,0,0,0,0,0,128,[14 -32 0 0 0 0 0 0 0 0 0 0 -10 -4 -10 -4 -9 -5 -10 -5 -10 -5 -9 -5 -9 -5 -9 -5 -9 -6 -9 -6 -9 -6 -9 -6 -9 -6 -9 -7 -9 -7 -9 -6 -9 -6 -9 -6 -9 -7 -9 -7 -9 -7 -9 -7 -8 -7 -9 -7 -9 -7 -9 -7 0 0 -9 -6 -9 -7 -10 -7 -9 -7 -10 -6 -10 -7 -10 -7 -10 -7 -10 -6 -10 -6 -11 -6 -11 -6 -11 -6 -11 -6 -11 -6 -12 -6 -12 -6 -12 -7 -12 -6 -12 -6 -12 -6 -12 -6 -13 -7 -13 -7 -13 -7 -13 -6 0 0 0 0 0 0 0 0 0 0]"""
"""1770911354184732,CSI_DATA,STATION,00:00:00:00:00:00,0,0,0,0,0,0,0,0,0,0,0,0,0,0,0,0,0,0,0,0,0,128,[84 -64 4 0 0 0 0 0 0 0 0 0 6 5 6 5 6 5 6 6 6 6 5 6 5 6 5 6 6 7 6 7 5 6 5 6 5 7 5 7 5 7 5 7 5 7 4 7 5 7 5 8 5 7 5 7 5 7 5 7 5 7 5 7 0 0 5 7 6 8 5 7 5 8 6 7 6 8 6 8 6 8 6 7 6 7 6 7 6 8 6 8 7 8 6 8 7 8 7 8 7 8 7 8 7 8 7 8 7 9 8 9 8 8 8 9 8 9 0 0 0 0 0 0 0 0 0 0]"""
"""1770911354189720,CSI_DATA,STATION,00:00:00:00:00:00,0,0,0,0,0,0,0,0,0,0,0,0,0,0,0,0,0,0,0,0,0,128,[84 -64 4 0 0 0 0 0 0 0 0 0 9 -4 9 -3 9 -2 9 -2 9 -2 10 -2 10 -2 10 -2 10 -1 10 -1 10 -1 10 -1 10 -1 10 -1 10 -1 10 0 10 0 10 0 10 0 10 0 10 0 10 0 10 0 10 0 10 0 10 -1 0 0 10 -1 10 -1 10 -1 10 -1 10 -1 11 -1 11 -1 10 -1 10 -1 11 -2 11 -2 11 -1 11 -2 12 -1 12 -2 12 -2 12 -2 12 -3 12 -2 12 -3 12 -3 12 -2 13 -2 13 -3 13 -3 13 -3 0 0 0 0 0 0 0 0 0 0]"""
"""1770911354194861,CSI_DATA,STATION,00:00:00:00:00:00,0,0,0,0,0,0,0,0,0,0,0,0,0,0,0,0,0,0,0,0,0,128,[84 -64 4 0 0 0 0 0 0 0 0 0 4 7 3 7 3 8 3 8 3 8 3 8 2 8 2 8 2 8 2 9 2 8 1 8 2 8 2 8 2 9 2 8 1 8 1 8 1 9 2 9 1 9 1 9 1 8 1 9 2 9 2 9 0 0 2 9 2 9 2 9 2 9 2 9 3 9 2 9 3 9 3 9 3 9 3 9 3 10 3 10 3 10 3 10 3 10 4 10 4 10 4 10 4 10 4 10 4 11 4 10 4 11 4 11 4 11 0 0 0 0 0 0 0 0 0 0]"""
"""1770911354200064,CSI_DATA,STATION,00:00:00:00:00:00,0,0,0,0,0,0,0,0,0,0,0,0,0,0,0,0,0,0,0,0,0,128,[84 -64 4 0 0 0 0 0 0 0 0 0 -7 5 -7 5 -8 4 -7 4 -8 4 -8 4 -8 4 -9 4 -8 3 -8 3 -8 4 -8 4 -8 3 -8 3 -9 3 -8 4 -8 3 -8 3 -9 3 -8 3 -9 3 -8 3 -9 4 -8 3 -8 3 -9 4 0 0 -9 4 -9 4 -8 4 -9 4 -9 4 -9 4 -9 4 -9 4 -8 5 -9 5 -9 5 -9 5 -9 5 -9 5 -9 6 -9 6 -9 6 -9 6 -9 6 -10 6 -10 6 -10 6 -10 6 -10 7 -10 7 -10 7 0 0 0 0 0 0 0 0 0 0]"""
"""1770911354205199,CSI_DATA,STATION,00:00:00:00:00:00,0,0,0,0,0,0,0,0,0,0,0,0,0,0,0,0,0,0,0,0,0,128,[84 -64 4 0 0 0 0 0 0 0 0 0 7 -7 7 -6 7 -6 7 -5 8 -6 8 -6 8 -6 8 -6 9 -6 9 -5 9 -5 9 -5 9 -5 8 -4 9 -5 9 -5 9 -5 9 -5 9 -4 9 -5 9 -4 9 -5 9 -5 9 -4 9 -4 9 -5 0 0 9 -5 9 -5 9 -5 10 -6 9 -5 9 -6 9 -5 9 -6 9 -6 9 -6 9 -6 9 -6 10 -7 10 -6 10 -7 10 -8 10 -7 10 -8 10 -8 10 -8 10 -8 10 -8 11 -8 11 -8 11 -9 11 -9 0 0 0 0 0 0 0 0 0 0]"""
"""1770911354210460,CSI_DATA,STATION,00:00:00:00:00:00,0,0,0,0,0,0,0,0,0,0,0,0,0,0,0,0,0,0,0,0,0,128,[84 -64 4 0 0 0 0 0 0 0 0 0 -9 -2 -9 -2 -9 -2 -9 -3 -9 -3 -9 -3 -9 -3 -9 -3 -9 -3 -9 -4 -9 -3 -9 -4 -9 -4 -9 -4 -9 -4 -9 -4 -9 -4 -9 -4 -9 -5 -9 -5 -9 -5 -9 -5 -9 -4 -9 -4 -9 -4 -9 -4 0 0 -9 -4 -9 -4 -10 -4 -9 -4 -10 -5 -10 -4 -10 -4 -10 -4 -10 -4 -10 -4 -11 -4 -10 -4 -10 -4 -11 -4 -11 -4 -11 -4 -11 -4 -12 -4 -12 -4 -12 -4 -12 -4 -12 -4 -12 -4 -13 -4 -12 -3 -13 -3 0 0 0 0 0 0 0 0 0 0]"""
"""1770911354215330,CSI_DATA,STATION,00:00:00:00:00:00,0,0,0,0,0,0,0,0,0,0,0,0,0,0,0,0,0,0,0,0,0,128,[84 -64 4 0 0 0 0 0 0 0 0 0 8 0 8 1 7 1 8 2 8 2 8 2 8 2 7 2 7 2 8 3 8 3 7 3 8 3 8 3 8 3 7 3 8 3 8 3 8 3 8 3 8 3 8 3 8 3 8 3 8 3 8 3 0 0 8 3 8 3 9 3 8 3 8 3 9 3 9 3 8 3 9 2 9 2 9 2 9 3 10 3 10 3 10 2 10 2 10 2 11 2 11 2 10 2 11 2 11 3 11 3 11 2 11 2 11 2 0 0 0 0 0 0 0 0 0 0]"""
"""1770911354220552,CSI_DATA,STATION,00:00:00:00:00:00,0,0,0,0,0,0,0,0,0,0,0,0,0,0,0,0,0,0,0,0,0,128,[84 -64 4 0 0 0 0 0 0 0 0 0 -5 7 -5 7 -5 7 -5 7 -5 6 -6 7 -6 7 -7 6 -7 6 -6 6 -7 6 -7 6 -7 6 -7 6 -7 6 -7 6 -7 6 -7 6 -7 6 -7 6 -7 5 -7 6 -7 6 -7 6 -7 6 -8 6 0 0 -8 6 -7 6 -7 6 -8 6 -7 6 -8 6 -7 6 -8 6 -8 7 -8 7 -7 8 -7 7 -7 7 -8 7 -8 7 -8 8 -8 8 -8 8 -8 8 -8 8 -8 8 -8 8 -8 8 -8 9 -8 9 -9 9 0 0 0 0 0 0 0 0 0 0]"""
"""1770911354225246,CSI_DATA,STATION,00:00:00:00:00:00,0,0,0,0,0,0,0,0,0,0,0,0,0,0,0,0,0,0,0,0,0,128,[84 -64 4 0 0 0 0 0 0 0 0 0 -8 3 -8 3 -8 2 -9 2 -9 2 -9 2 -9 2 -9 2 -9 2 -9 1 -9 1 -9 1 -9 1 -9 1 -9 0 -9 1 -9 1 -9 1 -10 1 -10 0 -9 1 -9 0 -10 0 -9 1 -10 0 -10 1 0 0 -9 1 -9 1 -10 1 -10 1 -10 1 -10 1 -10 1 -10 1 -10 2 -11 2 -11 2 -10 1 -10 2 -11 2 -11 2 -11 2 -11 2 -11 2 -12 3 -11 3 -12 3 -12 2 -12 2 -12 2 -12 2 -12 2 0 0 0 0 0 0 0 0 0 0]"""
"""1770911354230229,CSI_DATA,STATION,00:00:00:00:00:00,0,0,0,0,0,0,0,0,0,0,0,0,0,0,0,0,0,0,0,0,0,128,[84 -64 4 0 0 0 0 0 0 0 0 0 3 8 3 9 3 9 3 9 2 9 3 9 3 9 2 9 2 9 2 10 2 10 1 9 1 10 1 9 1 10 1 10 1 9 1 10 1 10 1 10 1 10 1 10 1 10 1 10 1 10 1 10 0 0 1 10 2 10 2 10 2 10 2 10 2 11 2 10 2 11 2 11 2 10 2 11 3 11 3 11 3 11 2 11 3 12 4 11 3 12 3 12 3 12 4 12 3 12 4 12 4 12 4 13 4 13 0 0 0 0 0 0 0 0 0 0]"""
"""1770911354235817,CSI_DATA,STATION,00:00:00:00:00:00,0,0,0,0,0,0,0,0,0,0,0,0,0,0,0,0,0,0,0,0,0,128,[84 -64 4 0 0 0 0 0 0 0 0 0 6 4 6 4 6 5 7 5 7 5 6 5 6 5 6 6 6 6 6 6 6 6 6 6 6 6 5 6 6 7 5 7 5 7 5 6 5 7 5 7 5 7 5 7 5 7 5 7 6 7 5 7 0 0 5 7 6 7 6 7 6 7 6 7 6 7 6 7 6 7 6 7 6 7 7 7 7 7 7 7 7 7 7 7 7 8 7 7 7 7 8 8 7 7 8 8 7 8 8 8 8 8 8 8 8 8 0 0 0 0 0 0 0 0 0 0]"""
"""1770911354241375,CSI_DATA,STATION,00:00:00:00:00:00,0,0,0,0,0,0,0,0,0,0,0,0,0,0,0,0,0,0,0,0,0,128,[84 -64 4 0 0 0 0 0 0 0 0 0 6 -5 7 -5 7 -4 7 -5 7 -4 7 -5 7 -4 8 -4 7 -4 8 -4 8 -4 8 -4 8 -3 8 -3 8 -3 8 -3 8 -3 8 -3 8 -3 9 -3 8 -3 8 -3 8 -3 8 -3 8 -3 8 -4 0 0 8 -4 8 -3 8 -3 9 -4 8 -4 9 -4 9 -4 9 -4 8 -4 8 -4 9 -5 9 -4 9 -4 9 -4 10 -5 10 -5 9 -5 10 -6 10 -5 10 -6 10 -6 10 -5 10 -5 10 -6 10 -6 11 -6 0 0 0 0 0 0 0 0 0 0]"""
"""1770911354246327,CSI_DATA,STATION,00:00:00:00:00:00,0,0,0,0,0,0,0,0,0,0,0,0,0,0,0,0,0,0,0,0,0,128,[84 -64 4 0 0 0 0 0 0 0 0 0 3 9 3 8 3 9 3 9 3 9 3 9 2 9 2 10 2 10 2 10 2 9 2 10 2 10 2 10 1 10 2 10 1 9 1 10 1 10 1 10 1 10 1 10 1 10 1 10 2 10 1 10 0 0 1 10 2 10 2 10 2 11 2 11 2 11 2 11 2 11 2 10 2 11 3 11 3 11 3 11 3 11 2 11 3 12 4 12 3 11 3 12 3 12 3 12 3 13 4 13 4 13 4 13 4 13 0 0 0 0 0 0 0 0 0 0]"""
"""1770911354251982,CSI_DATA,STATION,00:00:00:00:00:00,0,0,0,0,0,0,0,0,0,0,0,0,0,0,0,0,0,0,0,0,0,128,[84 -64 4 0 0 0 0 0 0 0 0 0 -9 -2 -9 -2 -9 -2 -9 -3 -9 -3 -9 -3 -9 -3 -9 -3 -9 -4 -9 -4 -9 -4 -9 -3 -9 -4 -9 -4 -9 -4 -9 -4 -9 -4 -9 -4 -9 -5 -9 -5 -9 -5 -9 -5 -9 -5 -9 -5 -9 -4 -9 -5 0 0 -9 -5 -9 -5 -9 -4 -9 -4 -10 -5 -9 -5 -9 -5 -10 -5 -10 -4 -10 -4 -10 -4 -11 -4 -10 -4 -10 -4 -10 -4 -11 -4 -11 -5 -11 -4 -11 -4 -11 -4 -11 -5 -12 -5 -12 -5 -12 -5 -12 -4 -12 -5 0 0 0 0 0 0 0 0 0 0]"""
"""1770911354257014,CSI_DATA,STATION,00:00:00:00:00:00,0,0,0,0,0,0,0,0,0,0,0,0,0,0,0,0,0,0,0,0,0,128,[84 -64 4 0 0 0 0 0 0 0 0 0 -2 -10 -2 -10 -2 -10 -2 -11 -2 -10 -1 -11 -1 -11 -1 -11 -1 -11 -1 -11 -1 -11 -1 -11 -1 -11 -1 -11 0 -11 0 -11 0 -11 0 -11 0 -11 0 -11 0 -11 0 -11 0 -11 0 -11 0 -11 0 -11 0 0 0 -11 -1 -11 0 -11 -1 -11 -1 -12 -1 -11 -1 -11 -1 -12 -1 -12 -1 -12 -1 -12 -2 -12 -2 -12 -2 -12 -2 -13 -2 -13 -2 -13 -2 -14 -2 -14 -2 -14 -2 -14 -2 -14 -3 -14 -3 -14 -3 -14 -3 -14 0 0 0 0 0 0 0 0 0 0]"""
"""1770911354261565,CSI_DATA,STATION,00:00:00:00:00:00,0,0,0,0,0,0,0,0,0,0,0,0,0,0,0,0,0,0,0,0,0,128,[84 -64 4 0 0 0 0 0 0 0 0 0 -3 9 -4 9 -3 9 -3 9 -4 9 -5 9 -4 9 -5 9 -5 9 -5 8 -5 9 -5 9 -5 9 -5 8 -5 8 -6 9 -6 9 -5 9 -6 9 -6 8 -6 8 -6 8 -6 8 -6 9 -6 8 -6 9 0 0 -6 9 -5 9 -5 9 -6 9 -5 10 -6 9 -5 10 -5 10 -6 10 -5 10 -5 11 -5 10 -5 10 -5 11 -5 11 -5 11 -5 11 -5 12 -5 12 -5 12 -5 12 -5 12 -5 12 -5 12 -6 13 -5 12 0 0 0 0 0 0 0 0 0 0]"""
"""1770911354267046,CSI_DATA,STATION,00:00:00:00:00:00,0,0,0,0,0,0,0,0,0,0,0,0,0,0,0,0,0,0,0,0,0,128,[84 -64 4 0 0 0 0 0 0 0 0 0 9 -2 9 -2 9 -1 10 -1 10 -1 10 -1 10 -1 10 -1 10 -1 10 0 10 0 10 0 10 1 10 1 10 1 10 0 10 1 10 1 10 1 10 1 10 1 10 1 10 1 10 2 10 1 10 0 0 0 10 0 10 0 11 0 11 0 11 1 11 0 11 0 11 0 11 0 11 0 11 0 11 0 12 0 12 0 12 -1 12 -1 12 0 13 -1 13 -1 13 -1 13 -1 12 0 13 0 14 -1 13 -1 14 -1 0 0 0 0 0 0 0 0 0 0]"""
"""1770911354272179,CSI_DATA,STATION,00:00:00:00:00:00,0,0,0,0,0,0,0,0,0,0,0,0,0,0,0,0,0,0,0,0,0,128,[84 -64 4 0 0 0 0 0 0 0 0 0 -6 8 -6 8 -6 7 -6 8 -6 7 -7 7 -7 8 -8 7 -8 7 -7 7 -8 7 -8 7 -8 7 -8 7 -8 6 -8 7 -8 7 -8 7 -8 6 -8 6 -9 6 -8 6 -8 6 -8 7 -8 6 -9 7 0 0 -9 7 -8 7 -9 7 -8 7 -8 8 -9 7 -8 7 -8 8 -9 8 -9 8 -9 9 -8 8 -8 9 -8 9 -9 9 -9 9 -8 9 -9 10 -9 10 -9 10 -9 10 -9 10 -9 10 -9 11 -9 10 -9 11 0 0 0 0 0 0 0 0 0 0]"""
"""1770911354276998,CSI_DATA,STATION,00:00:00:00:00:00,0,0,0,0,0,0,0,0,0,0,0,0,0,0,0,0,0,0,0,0,0,128,[84 -64 4 0 0 0 0 0 0 0 0 0 0 9 0 10 -1 9 -1 10 -1 9 -2 10 -2 10 -2 10 -2 9 -2 9 -2 10 -2 9 -2 10 -3 10 -3 10 -3 10 -3 10 -3 10 -3 10 -3 10 -3 10 -3 10 -3 10 -3 10 -3 10 -3 10 0 0 -3 10 -2 10 -3 10 -3 10 -3 11 -3 10 -3 11 -2 11 -3 11 -2 11 -2 12 -2 11 -2 11 -2 12 -2 12 -2 12 -2 12 -2 12 -2 13 -2 13 -2 13 -2 13 -2 13 -1 13 -2 14 -2 14 0 0 0 0 0 0 0 0 0 0]"""
"""1770911354282088,CSI_DATA,STATION,00:00:00:00:00:00,0,0,0,0,0,0,0,0,0,0,0,0,0,0,0,0,0,0,0,0,0,128,[84 -64 4 0 0 0 0 0 0 0 0 0 -2 -10 -3 -11 -2 -10 -2 -11 -2 -11 -2 -11 -1 -11 -1 -11 -1 -11 -1 -11 -1 -12 -1 -11 -1 -11 0 -11 0 -11 0 -11 0 -11 0 -11 0 -11 0 -12 0 -12 0 -11 1 -11 0 -11 0 -12 0 -12 0 0 0 -12 0 -11 0 -12 0 -12 0 -12 0 -13 0 -12 -1 -12 0 -13 -1 -12 -1 -13 -1 -12 -1 -13 -1 -13 -1 -13 -1 -14 -1 -14 -1 -14 -1 -14 -1 -14 -1 -14 -1 -14 -2 -15 -2 -15 -1 -15 -1 -15 0 0 0 0 0 0 0 0 0 0]"""
"""1770911354287212,CSI_DATA,STATION,00:00:00:00:00:00,0,0,0,0,0,0,0,0,0,0,0,0,0,0,0,0,0,0,0,0,0,128,[84 -64 4 0 0 0 0 0 0 0 0 0 2 -10 3 -9 3 -10 3 -9 3 -10 4 -10 4 -10 4 -9 4 -10 5 -9 5 -9 5 -9 5 -9 5 -9 5 -9 5 -9 5 -9 5 -10 5 -9 6 -9 5 -9 5 -9 6 -9 6 -9 5 -9 6 -9 0 0 6 -9 5 -9 5 -9 5 -10 5 -10 5 -10 5 -10 5 -10 5 -11 5 -11 5 -11 5 -11 5 -11 5 -10 5 -12 5 -12 5 -12 5 -12 5 -12 5 -12 6 -12 5 -12 5 -12 5 -13 5 -13 5 -13 0 0 0 0 0 0 0 0 0 0]"""
"""1770911354292014,CSI_DATA,STATION,00:00:00:00:00:00,0,0,0,0,0,0,0,0,0,0,0,0,0,0,0,0,0,0,0,0,0,128,[84 -64 4 0 0 0 0 0 0 0 0 0 -1 8 -2 8 -2 8 -2 8 -2 8 -3 9 -3 8 -3 8 -3 8 -3 8 -3 9 -3 8 -4 8 -3 8 -3 9 -4 8 -4 9 -4 8 -4 8 -4 8 -4 8 -4 8 -4 8 -4 9 -4 8 -4 9 0 0 -4 9 -3 8 -3 9 -3 9 -4 9 -3 9 -3 9 -3 9 -4 9 -3 9 -4 10 -3 10 -3 10 -3 10 -4 10 -3 11 -3 10 -3 10 -3 11 -3 11 -3 11 -3 11 -3 11 -3 11 -3 12 -3 12 0 0 0 0 0 0 0 0 0 0]"""
"""1770911354297116,CSI_DATA,STATION,00:00:00:00:00:00,0,0,0,0,0,0,0,0,0,0,0,0,0,0,0,0,0,0,0,0,0,128,[84 -64 4 0 0 0 0 0 0 0 0 0 2 7 2 7 2 8 2 8 2 8 1 8 1 8 1 8 1 8 1 8 1 8 0 8 1 8 0 8 0 8 0 8 0 9 -1 8 0 9 0 9 0 8 0 8 -1 9 0 9 0 8 0 9 0 0 0 9 1 8 0 9 0 9 0 9 0 9 1 9 1 9 0 9 0 9 0 10 1 9 1 10 1 10 1 10 1 11 1 10 1 10 1 11 1 10 1 11 1 11 1 11 1 11 1 11 1 12 0 0 0 0 0 0 0 0 0 0]"""
"""1770911354301796,CSI_DATA,STATION,00:00:00:00:00:00,0,0,0,0,0,0,0,0,0,0,0,0,0,0,0,0,0,0,0,0,0,128,[84 -64 4 0 0 0 0 0 0 0 0 0 2 -10 3 -10 3 -9 3 -10 3 -10 3 -10 4 -10 4 -9 4 -10 4 -10 4 -10 5 -9 4 -10 4 -9 5 -10 5 -9 5 -10 5 -10 5 -10 5 -9 5 -10 5 -10 5 -10 5 -10 4 -10 5 -10 0 0 5 -10 4 -9 4 -10 4 -10 4 -11 4 -11 4 -10 4 -10 4 -11 4 -11 4 -11 4 -11 4 -12 4 -12 4 -12 4 -13 3 -12 4 -13 4 -13 3 -13 4 -13 4 -13 3 -13 3 -13 3 -14 4 -14 0 0 0 0 0 0 0 0 0 0]"""
"""1770911354306335,CSI_DATA,STATION,00:00:00:00:00:00,0,0,0,0,0,0,0,0,0,0,0,0,0,0,0,0,0,0,0,0,0,128,[84 -64 4 0 0 0 0 0 0 0 0 0 8 0 8 1 8 1 8 2 8 2 8 2 8 2 8 3 8 3 8 3 8 2 8 3 8 3 8 3 8 3 8 3 8 3 8 3 8 4 8 4 8 4 8 4 8 3 8 3 8 3 8 3 0 0 8 3 8 3 9 3 8 3 9 3 9 4 9 4 9 4 9 3 9 3 9 2 10 3 10 3 10 3 10 3 10 2 10 3 10 3 11 3 10 3 11 3 10 4 11 3 11 2 11 2 12 2 0 0 0 0 0 0 0 0 0 0]"""
"""1770911354313623,CSI_DATA,STATION,00:00:00:00:00:00,0,0,0,0,0,0,0,0,0,0,0,0,0,0,0,0,0,0,0,0,0,128,[84 -64 4 0 0 0 0 0 0 0 0 0 -4 8 -4 8 -4 7 -5 7 -4 7 -5 8 -5 7 -6 7 -5 7 -6 7 -6 8 -6 7 -6 7 -6 7 -6 7 -6 7 -7 7 -6 7 -6 7 -7 6 -7 6 -7 6 -7 7 -7 7 -6 7 -7 7 0 0 -7 7 -6 7 -6 7 -7 7 -7 7 -7 7 -7 7 -7 7 -7 7 -7 8 -7 8 -6 8 -6 8 -7 8 -7 8 -7 9 -7 9 -7 9 -7 9 -7 9 -8 9 -7 9 -7 9 -7 10 -7 10 -7 10 0 0 0 0 0 0 0 0 0 0]"""
"""1770911354318294,CSI_DATA,STATION,00:00:00:00:00:00,0,0,0,0,0,0,0,0,0,0,0,0,0,0,0,0,0,0,0,0,0,128,[84 -64 4 0 0 0 0 0 0 0 0 0 -1 -10 -1 -10 -1 -10 0 -10 -1 -11 0 -10 0 -11 0 -11 0 -11 1 -11 1 -11 1 -11 1 -11 1 -10 1 -11 1 -11 2 -11 1 -11 1 -11 1 -11 1 -11 1 -11 2 -11 2 -11 1 -11 1 -11 0 0 1 -11 1 -11 1 -11 1 -11 1 -11 0 -11 1 -12 0 -11 1 -12 1 -12 0 -12 0 -12 0 -12 0 -12 0 -13 0 -13 0 -13 0 -13 0 -13 0 -14 0 -14 0 -14 -1 -14 -1 -14 -1 -15 -1 -14 0 0 0 0 0 0 0 0 0 0]"""
"""1770911354322906,CSI_DATA,STATION,00:00:00:00:00:00,0,0,0,0,0,0,0,0,0,0,0,0,0,0,0,0,0,0,0,0,0,128,[84 -64 4 0 0 0 0 0 0 0 0 0 -3 -10 -3 -10 -3 -10 -3 -10 -3 -11 -3 -10 -2 -11 -2 -10 -2 -11 -2 -11 -2 -11 -2 -10 -2 -11 -2 -11 -1 -11 -1 -11 -1 -11 -1 -11 -1 -11 -1 -11 -1 -11 -1 -11 -1 -11 -1 -11 -1 -11 -1 -11 0 0 -1 -11 -2 -11 -2 -12 -2 -12 -2 -12 -2 -12 -2 -12 -2 -12 -3 -12 -3 -12 -3 -12 -3 -12 -3 -12 -3 -12 -3 -13 -3 -13 -4 -13 -4 -13 -3 -13 -4 -13 -4 -13 -4 -13 -4 -14 -5 -14 -4 -14 -5 -14 0 0 0 0 0 0 0 0 0 0]"""
"""1770911354333248,CSI_DATA,STATION,00:00:00:00:00:00,0,0,0,0,0,0,0,0,0,0,0,0,0,0,0,0,0,0,0,0,0,128,[14 -32 0 0 0 0 0 0 0 0 0 0 5 5 6 6 5 6 5 7 5 6 5 7 5 7 4 7 4 7 5 8 4 7 4 7 5 7 4 8 4 8 4 8 4 8 4 7 4 8 4 8 4 8 4 8 4 8 4 8 4 8 4 8 0 0 4 8 4 8 4 8 4 8 4 8 5 9 5 8 5 9 5 8 5 8 5 8 5 9 5 9 6 9 5 9 6 9 6 9 6 9 6 9 6 9 6 9 6 10 6 10 7 10 7 10 7 10 0 0 0 0 0 0 0 0 0 0]"""
"""1770911354338559,CSI_DATA,STATION,00:00:00:00:00:00,0,0,0,0,0,0,0,0,0,0,0,0,0,0,0,0,0,0,0,0,0,128,[84 -64 4 0 0 0 0 0 0 0 0 0 -4 7 -4 8 -4 7 -4 7 -4 7 -5 7 -5 8 -5 8 -6 7 -6 7 -6 7 -6 7 -6 7 -6 7 -6 7 -6 7 -6 7 -6 7 -6 7 -6 6 -6 6 -7 6 -6 7 -6 7 -6 7 -7 7 0 0 -7 7 -6 7 -6 7 -7 7 -7 8 -6 7 -6 7 -6 8 -6 8 -7 8 -7 9 -6 8 -6 8 -6 9 -7 9 -7 9 -6 9 -7 9 -7 10 -7 10 -7 10 -7 10 -7 10 -7 10 -7 10 -7 10 0 0 0 0 0 0 0 0 0 0]"""
"""1770911354343675,CSI_DATA,STATION,00:00:00:00:00:00,0,0,0,0,0,0,0,0,0,0,0,0,0,0,0,0,0,0,0,0,0,128,[14 -32 0 0 0 0 0 0 0 0 0 0 2 -10 3 -10 3 -10 3 -10 3 -9 4 -10 4 -10 4 -10 5 -10 4 -9 5 -10 5 -10 5 -9 5 -9 5 -10 5 -10 5 -10 5 -9 5 -9 6 -9 5 -9 5 -9 6 -9 6 -10 6 -9 6 -10 0 0 6 -10 5 -9 6 -10 6 -10 5 -10 6 -10 6 -10 5 -10 6 -11 5 -11 6 -11 5 -11 5 -11 5 -11 6 -11 6 -12 5 -12 6 -13 6 -12 6 -12 6 -13 6 -12 6 -13 6 -13 6 -13 6 -13 0 0 0 0 0 0 0 0 0 0]"""
"""1770911354349085,CSI_DATA,STATION,00:00:00:00:00:00,0,0,0,0,0,0,0,0,0,0,0,0,0,0,0,0,0,0,0,0,0,128,[84 -64 4 0 0 0 0 0 0 0 0 0 -5 -8 -5 -8 -5 -8 -5 -8 -4 -9 -4 -9 -4 -9 -4 -9 -4 -9 -4 -9 -4 -9 -4 -9 -4 -9 -4 -9 -3 -10 -3 -9 -3 -9 -3 -9 -4 -10 -3 -10 -3 -10 -3 -10 -3 -10 -4 -10 -4 -10 -3 -9 0 0 -3 -10 -4 -10 -3 -10 -4 -10 -4 -10 -4 -10 -4 -10 -4 -10 -4 -10 -5 -10 -5 -10 -5 -10 -5 -10 -5 -11 -5 -11 -5 -11 -5 -11 -5 -11 -5 -11 -5 -11 -5 -11 -5 -12 -6 -12 -6 -12 -6 -12 -6 -12 0 0 0 0 0 0 0 0 0 0]"""
"""1770911354351871,CSI_DATA,STATION,00:00:00:00:00:00,0,0,0,0,0,0,0,0,0,0,0,0,0,0,0,0,0,0,0,0,0,128,[84 -64 4 0 0 0 0 0 0 0 0 0 6 4 6 4 6 4 6 4 6 4 6 5 6 5 5 5 5 5 6 6 5 5 5 5 5 5 5 6 5 6 5 6 5 5 5 5 5 6 5 6 5 6 5 6 5 6 5 6 5 6 5 6 0 0 5 6 6 6 6 6 5 6 6 6 6 6 6 6 6 6 6 5 6 6 7 6 7 6 7 6 7 6 7 6 7 6 7 6 7 6 8 6 7 6 8 6 8 6 8 6 8 6 8 7 8 6 0 0 0 0 0 0 0 0 0 0]"""
"""1770911354357415,CSI_DATA,STATION,00:00:00:00:00:00,0,0,0,0,0,0,0,0,0,0,0,0,0,0,0,0,0,0,0,0,0,128,[84 -64 4 0 0 0 0 0 0 0 0 0 8 -3 8 -2 8 -2 8 -1 8 -1 8 -2 8 -1 9 -1 8 -1 9 0 8 -1 9 -1 9 0 9 0 9 0 9 0 9 0 9 0 9 1 9 1 9 1 9 0 9 0 9 0 9 0 9 -1 0 0 9 0 9 0 9 0 9 -1 9 0 9 0 9 0 9 0 10 -1 10 -1 10 -1 10 -1 10 -1 10 -1 11 -1 11 -2 11 -1 11 -2 11 -2 11 -2 11 -2 11 -1 12 -2 11 -2 12 -2 12 -2 0 0 0 0 0 0 0 0 0 0]"""
"""1770911354362999,CSI_DATA,STATION,00:00:00:00:00:00,0,0,0,0,0,0,0,0,0,0,0,0,0,0,0,0,0,0,0,0,0,128,[84 -64 4 0 0 0 0 0 0 0 0 0 7 2 8 2 7 3 8 3 8 3 8 3 8 3 7 3 7 4 8 4 8 4 7 4 8 5 7 4 7 5 7 4 8 4 8 4 7 5 7 5 7 5 8 5 7 5 8 5 7 5 8 4 0 0 7 5 8 4 8 5 8 4 8 4 8 5 9 5 8 5 9 4 8 4 9 4 9 4 9 5 9 4 10 4 10 4 10 4 10 4 10 4 10 4 10 4 10 5 11 5 11 4 11 4 11 4 0 0 0 0 0 0 0 0 0 0]"""
"""1770911354367832,CSI_DATA,STATION,00:00:00:00:00:00,0,0,0,0,0,0,0,0,0,0,0,0,0,0,0,0,0,0,0,0,0,128,[84 -64 4 0 0 0 0 0 0 0 0 0 4 7 4 8 4 8 4 8 3 8 3 9 3 9 3 9 3 9 3 9 3 9 3 9 3 9 2 9 2 10 2 9 2 9 2 9 2 9 2 10 2 10 2 10 2 10 2 9 2 10 2 10 0 0 2 9 3 9 3 10 2 10 3 10 3 10 3 10 3 10 3 10 4 10 3 10 4 10 4 11 4 10 3 11 4 11 5 11 5 11 4 12 4 11 5 12 5 12 5 12 6 11 6 12 5 12 0 0 0 0 0 0 0 0 0 0]"""
"""1770911354372966,CSI_DATA,STATION,00:00:00:00:00:00,0,0,0,0,0,0,0,0,0,0,0,0,0,0,0,0,0,0,0,0,0,128,[84 -64 4 0 0 0 0 0 0 0 0 0 2 -10 2 -10 2 -10 3 -10 3 -10 3 -11 3 -10 4 -10 4 -10 3 -10 4 -10 4 -10 4 -10 4 -10 5 -10 4 -10 5 -10 5 -10 4 -10 5 -10 5 -10 5 -10 5 -10 5 -10 5 -10 5 -10 0 0 5 -10 4 -10 4 -11 4 -11 5 -11 4 -11 4 -11 4 -11 5 -11 4 -11 4 -12 4 -12 4 -12 4 -12 4 -12 4 -13 4 -12 4 -13 4 -13 4 -13 4 -13 4 -13 4 -13 4 -14 4 -14 4 -14 0 0 0 0 0 0 0 0 0 0]"""
"""1770911354378427,CSI_DATA,STATION,00:00:00:00:00:00,0,0,0,0,0,0,0,0,0,0,0,0,0,0,0,0,0,0,0,0,0,128,[84 -64 4 0 0 0 0 0 0 0 0 0 6 -5 7 -5 7 -4 8 -4 8 -4 8 -4 8 -4 8 -3 8 -4 8 -3 8 -4 8 -4 8 -3 8 -3 9 -3 8 -3 8 -3 9 -3 9 -3 9 -3 9 -2 9 -2 9 -3 9 -3 9 -3 9 -3 0 0 9 -3 9 -3 9 -3 9 -4 9 -3 9 -3 9 -3 9 -3 9 -3 9 -3 10 -4 10 -4 10 -4 10 -4 10 -4 10 -4 10 -4 10 -5 11 -4 10 -5 11 -4 11 -4 11 -4 11 -5 11 -5 12 -5 0 0 0 0 0 0 0 0 0 0]"""
"""1770911354383938,CSI_DATA,STATION,00:00:00:00:00:00,0,0,0,0,0,0,0,0,0,0,0,0,0,0,0,0,0,0,0,0,0,128,[84 -64 4 0 0 0 0 0 0 0 0 0 -9 0 -9 0 -9 -1 -10 -1 -9 -1 -10 -1 -9 -1 -10 -2 -9 -1 -9 -2 -10 -2 -10 -1 -9 -3 -9 -3 -9 -3 -9 -2 -10 -3 -9 -3 -10 -3 -9 -3 -10 -3 -9 -3 -9 -3 -10 -3 -9 -3 -10 -3 0 0 -10 -3 -10 -3 -10 -3 -10 -2 -11 -3 -10 -3 -10 -3 -10 -3 -11 -3 -11 -2 -11 -2 -11 -2 -11 -2 -11 -3 -11 -2 -12 -2 -11 -2 -12 -2 -12 -2 -12 -2 -12 -2 -12 -3 -12 -2 -13 -2 -13 -2 -13 -2 0 0 0 0 0 0 0 0 0 0]"""
"""1770911354388948,CSI_DATA,STATION,00:00:00:00:00:00,0,0,0,0,0,0,0,0,0,0,0,0,0,0,0,0,0,0,0,0,0,128,[84 -64 4 0 0 0 0 0 0 0 0 0 -6 10 -7 10 -7 9 -7 9 -7 9 -8 9 -8 9 -8 9 -9 9 -8 9 -9 9 -9 9 -9 8 -10 8 -10 8 -10 8 -10 8 -10 9 -10 8 -9 8 -10 8 -10 8 -10 9 -9 8 -10 8 -10 8 0 0 -10 9 -10 8 -10 9 -10 9 -10 9 -10 8 -10 9 -10 9 -10 10 -10 9 -10 10 -10 10 -11 10 -11 11 -10 10 -11 11 -11 11 -11 11 -10 12 -11 11 -11 12 -11 12 -11 12 -11 12 -11 12 -12 13 0 0 0 0 0 0 0 0 0 0]"""
"""1770911354394227,CSI_DATA,STATION,00:00:00:00:00:00,0,0,0,0,0,0,0,0,0,0,0,0,0,0,0,0,0,0,0,0,0,128,[84 -64 4 0 0 0 0 0 0 0 0 0 3 6 4 6 4 6 3 6 3 6 3 6 3 7 3 7 3 7 3 7 2 7 3 7 2 7 2 7 2 7 2 7 2 7 2 7 2 7 3 8 2 7 2 8 2 8 2 7 2 8 2 8 0 0 2 7 3 8 3 8 3 8 3 8 3 8 3 8 3 8 3 8 3 8 3 8 3 8 4 8 4 8 3 8 4 9 4 8 4 9 4 9 4 9 4 9 4 9 4 9 5 9 4 9 4 10 0 0 0 0 0 0 0 0 0 0]"""
"""1770911354399381,CSI_DATA,STATION,00:00:00:00:00:00,0,0,0,0,0,0,0,0,0,0,0,0,0,0,0,0,0,0,0,0,0,128,[84 -64 4 0 0 0 0 0 0 0 0 0 -6 -7 -6 -7 -6 -8 -6 -8 -5 -8 -6 -8 -5 -8 -5 -8 -5 -8 -5 -9 -5 -8 -5 -8 -5 -8 -5 -9 -5 -9 -5 -8 -5 -9 -5 -8 -5 -9 -5 -9 -5 -9 -5 -9 -5 -9 -5 -9 -5 -9 -5 -9 0 0 -5 -9 -5 -9 -5 -9 -5 -9 -6 -9 -6 -9 -6 -9 -6 -9 -6 -9 -6 -9 -7 -9 -7 -9 -7 -9 -7 -9 -7 -9 -7 -9 -8 -9 -8 -10 -8 -10 -8 -10 -8 -9 -8 -10 -8 -10 -8 -10 -9 -10 -9 -10 0 0 0 0 0 0 0 0 0 0]"""
"""1770911354404527,CSI_DATA,STATION,00:00:00:00:00:00,0,0,0,0,0,0,0,0,0,0,0,0,0,0,0,0,0,0,0,0,0,128,[84 -64 4 0 0 0 0 0 0 0 0 0 6 4 6 4 7 5 6 5 6 5 6 5 6 6 6 6 6 6 6 6 6 6 5 6 6 7 6 6 5 7 5 6 6 6 6 6 5 7 5 7 5 7 5 7 5 6 6 7 6 7 6 6 0 0 6 6 6 7 7 7 6 6 6 7 6 7 7 7 7 7 7 6 7 6 7 6 7 7 7 7 8 7 8 7 8 7 8 7 8 6 9 7 8 7 9 7 8 7 9 7 9 7 9 7 9 7 0 0 0 0 0 0 0 0 0 0]"""
"""1770911354409275,CSI_DATA,STATION,00:00:00:00:00:00,0,0,0,0,0,0,0,0,0,0,0,0,0,0,0,0,0,0,0,0,0,128,[84 -64 4 0 0 0 0 0 0 0 0 0 6 3 6 4 6 4 6 4 6 5 5 5 5 5 5 5 5 5 5 6 5 5 5 6 5 6 5 6 5 6 5 6 5 5 5 5 5 6 5 6 5 6 5 6 5 6 5 6 5 6 5 6 0 0 5 6 5 6 5 6 5 6 5 6 5 6 6 6 6 6 6 6 6 6 6 6 6 6 6 6 6 6 6 6 6 6 7 6 7 6 7 7 7 6 7 7 7 7 7 7 8 7 8 7 7 7 0 0 0 0 0 0 0 0 0 0]"""
"""1770911354414471,CSI_DATA,STATION,00:00:00:00:00:00,0,0,0,0,0,0,0,0,0,0,0,0,0,0,0,0,0,0,0,0,0,128,[84 -64 4 0 0 0 0 0 0 0 0 0 -9 3 -9 3 -9 3 -9 2 -9 2 -9 2 -9 2 -10 2 -9 1 -10 1 -10 1 -9 1 -10 0 -9 1 -10 0 -10 1 -9 1 -10 1 -10 1 -10 0 -10 0 -10 1 -10 0 -10 0 -10 0 -10 1 0 0 -10 1 -10 1 -10 1 -10 2 -10 1 -10 1 -10 1 -11 1 -10 2 -11 2 -11 2 -11 2 -11 2 -11 2 -11 3 -11 3 -12 2 -11 3 -12 3 -12 3 -12 3 -12 3 -12 3 -12 3 -12 3 -12 3 0 0 0 0 0 0 0 0 0 0]"""
"""1770911354419050,CSI_DATA,STATION,00:00:00:00:00:00,0,0,0,0,0,0,0,0,0,0,0,0,0,0,0,0,0,0,0,0,0,128,[84 -64 4 0 0 0 0 0 0 0 0 0 -8 4 -8 4 -8 4 -8 3 -8 3 -8 4 -9 4 -9 3 -9 3 -9 3 -9 3 -9 3 -9 2 -9 2 -9 2 -9 3 -9 3 -9 2 -9 2 -10 2 -9 2 -9 2 -10 2 -9 2 -10 2 -10 3 0 0 -9 3 -10 3 -9 3 -10 3 -10 3 -10 3 -10 3 -10 3 -10 4 -10 4 -10 4 -10 4 -10 4 -10 4 -11 4 -10 5 -11 5 -11 5 -11 5 -11 5 -11 5 -11 5 -12 5 -11 5 -11 5 -11 5 0 0 0 0 0 0 0 0 0 0]"""
"""1770911354424698,CSI_DATA,STATION,00:00:00:00:00:00,0,0,0,0,0,0,0,0,0,0,0,0,0,0,0,0,0,0,0,0,0,128,[84 -64 4 0 0 0 0 0 0 0 0 0 -1 9 -1 9 -2 9 -2 9 -2 9 -2 9 -3 9 -3 10 -3 9 -3 10 -3 10 -3 9 -4 9 -3 9 -4 9 -3 9 -4 9 -4 9 -3 10 -3 9 -3 9 -3 10 -4 9 -4 10 -4 9 -4 10 0 0 -3 10 -3 10 -3 10 -3 10 -3 10 -3 10 -3 10 -3 10 -3 11 -3 10 -3 11 -2 11 -2 11 -2 11 -3 12 -2 12 -1 12 -2 12 -2 13 -2 12 -2 13 -2 12 -2 13 -1 12 -2 13 -2 13 0 0 0 0 0 0 0 0 0 0]"""
"""1770911354429319,CSI_DATA,STATION,00:00:00:00:00:00,0,0,0,0,0,0,0,0,0,0,0,0,0,0,0,0,0,0,0,0,0,128,[84 -64 4 0 0 0 0 0 0 0 0 0 -9 -2 -9 -3 -8 -3 -9 -4 -9 -4 -9 -4 -8 -4 -9 -4 -8 -4 -9 -5 -9 -4 -9 -4 -9 -5 -9 -5 -9 -5 -9 -5 -9 -5 -9 -5 -9 -5 -8 -5 -8 -5 -9 -5 -9 -5 -9 -5 -9 -5 -9 -5 0 0 -9 -5 -9 -5 -9 -5 -9 -4 -10 -5 -9 -4 -10 -5 -10 -4 -10 -4 -10 -4 -10 -4 -10 -4 -11 -4 -11 -4 -11 -4 -11 -4 -11 -4 -12 -4 -12 -4 -12 -4 -12 -4 -12 -4 -12 -4 -13 -4 -12 -4 -12 -4 0 0 0 0 0 0 0 0 0 0]"""
"""1770911354434432,CSI_DATA,STATION,00:00:00:00:00:00,0,0,0,0,0,0,0,0,0,0,0,0,0,0,0,0,0,0,0,0,0,128,[84 -64 4 0 0 0 0 0 0 0 0 0 3 7 3 7 3 7 3 8 3 8 2 8 2 8 2 8 2 9 2 8 2 9 2 9 1 9 2 8 1 9 1 9 1 9 1 8 1 9 1 9 1 9 1 9 1 9 1 9 1 9 2 9 0 0 1 9 2 9 2 9 2 9 2 9 2 9 2 9 2 9 2 9 2 9 2 10 3 10 3 10 3 10 2 10 3 10 3 10 3 10 3 11 3 10 3 11 4 11 4 11 4 11 4 11 4 11 0 0 0 0 0 0 0 0 0 0]"""
"""1770911354439808,CSI_DATA,STATION,00:00:00:00:00:00,0,0,0,0,0,0,0,0,0,0,0,0,0,0,0,0,0,0,0,0,0,128,[84 -64 4 0 0 0 0 0 0 0 0 0 -2 9 -2 9 -2 9 -2 9 -3 9 -3 9 -3 9 -3 9 -4 9 -3 9 -4 9 -4 9 -4 9 -4 9 -5 9 -5 9 -4 9 -5 9 -4 9 -4 9 -5 9 -4 9 -5 9 -4 9 -4 9 -5 10 0 0 -5 9 -4 10 -4 10 -4 10 -4 10 -4 10 -4 10 -3 10 -4 10 -4 11 -4 11 -3 11 -4 11 -4 11 -4 12 -3 12 -3 12 -3 12 -3 13 -3 12 -3 13 -3 12 -3 13 -3 13 -3 13 -3 13 0 0 0 0 0 0 0 0 0 0]"""
"""1770911354447311,CSI_DATA,STATION,00:00:00:00:00:00,0,0,0,0,0,0,0,0,0,0,0,0,0,0,0,0,0,0,0,0,0,128,[84 -64 4 0 0 0 0 0 0 0 0 0 4 8 4 8 4 9 3 9 3 9 3 9 3 9 2 10 2 9 3 10 2 9 2 9 2 9 2 9 2 10 2 10 2 9 1 9 2 10 2 10 1 10 2 10 1 10 2 10 2 10 2 10 0 0 2 10 2 10 2 10 2 10 2 10 2 10 2 10 3 10 2 10 3 10 3 10 3 11 3 11 3 11 3 11 4 11 4 11 4 11 4 12 4 11 4 12 4 12 4 12 5 12 4 12 5 12 0 0 0 0 0 0 0 0 0 0]"""
"""1770911354455034,CSI_DATA,STATION,00:00:00:00:00:00,0,0,0,0,0,0,0,0,0,0,0,0,0,0,0,0,0,0,0,0,0,128,[14 -32 0 0 0 0 0 0 0 0 0 0 -2 9 -3 9 -3 9 -3 9 -3 9 -4 9 -4 9 -4 9 -5 9 -4 9 -5 9 -5 9 -5 9 -5 9 -5 9 -5 9 -5 9 -5 9 -5 9 -6 9 -6 9 -6 9 -6 9 -5 9 -6 9 -6 9 0 0 -6 9 -5 9 -5 9 -5 10 -5 10 -6 9 -5 10 -5 10 -6 11 -5 10 -5 11 -5 10 -5 11 -5 11 -5 11 -5 12 -5 12 -5 12 -5 12 -5 12 -6 12 -5 12 -5 12 -5 13 -6 13 -5 13 0 0 0 0 0 0 0 0 0 0]"""
"""1770911354459920,CSI_DATA,STATION,00:00:00:00:00:00,0,0,0,0,0,0,0,0,0,0,0,0,0,0,0,0,0,0,0,0,0,128,[84 -64 4 0 0 0 0 0 0 0 0 0 2 -10 2 -10 2 -10 2 -10 2 -10 3 -10 3 -10 3 -10 4 -10 4 -10 4 -10 4 -10 4 -10 4 -10 4 -10 4 -10 4 -10 4 -10 4 -10 5 -10 4 -9 4 -10 5 -10 5 -10 4 -10 5 -10 0 0 4 -10 4 -9 4 -10 4 -10 4 -11 4 -10 4 -10 4 -11 4 -11 4 -11 4 -11 4 -11 4 -11 4 -11 4 -12 4 -12 4 -13 4 -13 4 -13 4 -13 4 -13 4 -13 4 -13 4 -13 4 -14 4 -14 0 0 0 0 0 0 0 0 0 0]"""
"""1770911354465533,CSI_DATA,STATION,00:00:00:00:00:00,0,0,0,0,0,0,0,0,0,0,0,0,0,0,0,0,0,0,0,0,0,128,[84 -64 4 0 0 0 0 0 0 0 0 0 -5 -9 -5 -9 -5 -9 -5 -9 -4 -10 -4 -10 -4 -10 -4 -10 -4 -10 -4 -10 -3 -10 -3 -10 -3 -10 -3 -11 -3 -11 -2 -11 -2 -10 -3 -10 -3 -11 -2 -11 -2 -11 -3 -11 -2 -11 -3 -11 -3 -11 -3 -11 0 0 -2 -11 -3 -11 -3 -11 -3 -12 -3 -11 -3 -11 -3 -12 -4 -11 -3 -12 -4 -12 -4 -11 -4 -12 -4 -12 -4 -12 -4 -13 -4 -13 -5 -13 -4 -13 -4 -13 -4 -13 -4 -13 -4 -13 -4 -13 -5 -13 -5 -14 -5 -14 0 0 0 0 0 0 0 0 0 0]"""
"""1770911354470796,CSI_DATA,STATION,00:00:00:00:00:00,0,0,0,0,0,0,0,0,0,0,0,0,0,0,0,0,0,0,0,0,0,128,[14 -32 0 0 0 0 0 0 0 0 0 0 8 0 8 0 8 1 8 1 8 1 8 1 8 2 8 2 8 2 8 3 9 2 8 2 9 3 8 3 9 3 8 2 8 3 9 3 8 3 8 3 8 3 8 3 9 3 9 3 9 3 9 3 0 0 9 3 9 3 9 3 9 2 9 3 9 3 9 3 9 3 9 2 9 2 10 2 10 3 10 3 10 3 10 2 11 2 11 2 11 2 11 2 11 2 11 2 11 3 12 3 12 3 12 2 12 2 0 0 0 0 0 0 0 0 0 0]"""
"""1770911354475341,CSI_DATA,STATION,00:00:00:00:00:00,0,0,0,0,0,0,0,0,0,0,0,0,0,0,0,0,0,0,0,0,0,128,[84 -64 4 0 0 0 0 0 0 0 0 0 4 8 4 8 3 8 3 9 3 8 3 9 3 9 2 10 2 9 2 10 2 10 2 10 2 9 2 9 1 10 2 10 1 10 1 9 1 10 1 10 1 10 1 10 1 10 1 10 1 10 2 10 0 0 1 10 2 10 2 10 2 10 2 11 2 11 2 11 2 11 2 11 2 10 2 11 3 11 3 11 3 12 2 11 3 12 3 11 3 12 3 12 3 12 3 13 3 13 3 12 4 13 4 13 4 13 0 0 0 0 0 0 0 0 0 0]"""
"""1770911354479871,CSI_DATA,STATION,00:00:00:00:00:00,0,0,0,0,0,0,0,0,0,0,0,0,0,0,0,0,0,0,0,0,0,128,[84 -64 4 0 0 0 0 0 0 0 0 0 -5 -8 -5 -8 -5 -8 -5 -9 -4 -9 -4 -9 -4 -8 -4 -9 -4 -9 -4 -9 -3 -9 -4 -9 -3 -9 -4 -9 -4 -10 -3 -9 -3 -9 -3 -9 -4 -10 -3 -9 -3 -9 -3 -9 -3 -9 -3 -10 -3 -9 -4 -9 0 0 -3 -10 -4 -9 -4 -10 -3 -10 -4 -10 -4 -10 -4 -10 -4 -10 -4 -10 -4 -10 -5 -10 -5 -10 -5 -10 -5 -11 -5 -11 -5 -11 -5 -11 -6 -11 -5 -11 -5 -11 -6 -11 -6 -11 -6 -11 -6 -11 -6 -12 -6 -12 0 0 0 0 0 0 0 0 0 0]"""
"""1770911354484742,CSI_DATA,STATION,00:00:00:00:00:00,0,0,0,0,0,0,0,0,0,0,0,0,0,0,0,0,0,0,0,0,0,128,[84 -64 4 0 0 0 0 0 0 0 0 0 -7 -3 -7 -4 -8 -4 -7 -4 -8 -4 -7 -4 -7 -4 -7 -5 -7 -5 -7 -5 -7 -5 -7 -5 -7 -5 -7 -6 -7 -6 -7 -6 -7 -5 -7 -5 -7 -6 -7 -6 -7 -6 -7 -6 -7 -6 -7 -6 -7 -6 -7 -6 0 0 -7 -6 -7 -6 -8 -6 -7 -5 -8 -6 -8 -6 -8 -6 -8 -6 -8 -5 -8 -5 -8 -5 -9 -6 -9 -5 -9 -6 -9 -5 -9 -5 -9 -6 -9 -5 -10 -5 -10 -6 -10 -6 -10 -6 -10 -6 -10 -6 -10 -6 -10 -6 0 0 0 0 0 0 0 0 0 0]"""
"""1770911354490242,CSI_DATA,STATION,00:00:00:00:00:00,0,0,0,0,0,0,0,0,0,0,0,0,0,0,0,0,0,0,0,0,0,128,[84 -64 4 0 0 0 0 0 0 0 0 0 -1 9 -1 9 -2 9 -2 10 -2 10 -2 10 -3 9 -3 9 -3 9 -2 10 -3 10 -3 9 -3 9 -3 9 -3 10 -4 9 -4 9 -4 9 -4 10 -4 9 -4 9 -4 9 -4 10 -4 10 -3 10 -3 10 0 0 -4 10 -3 10 -3 10 -3 10 -3 10 -3 10 -3 10 -3 10 -3 11 -3 10 -3 11 -2 11 -2 11 -2 12 -3 12 -2 12 -2 12 -2 12 -2 13 -2 12 -2 13 -2 13 -2 13 -1 13 -1 14 -2 14 0 0 0 0 0 0 0 0 0 0]"""
"""1770911354495041,CSI_DATA,STATION,00:00:00:00:00:00,0,0,0,0,0,0,0,0,0,0,0,0,0,0,0,0,0,0,0,0,0,128,[84 -64 4 0 0 0 0 0 0 0 0 0 8 -6 8 -6 8 -5 8 -5 8 -5 8 -5 8 -5 9 -5 9 -5 9 -4 9 -5 9 -5 9 -4 9 -4 10 -4 9 -4 9 -4 9 -4 10 -4 10 -4 9 -4 10 -4 10 -4 10 -4 10 -4 10 -5 0 0 9 -4 10 -4 10 -4 10 -5 10 -4 10 -5 10 -4 10 -5 10 -5 10 -5 10 -5 10 -5 10 -6 11 -6 11 -6 11 -6 11 -6 11 -7 11 -6 11 -7 12 -7 11 -6 11 -7 12 -7 12 -7 12 -7 0 0 0 0 0 0 0 0 0 0]"""
"""1770911354500426,CSI_DATA,STATION,00:00:00:00:00:00,0,0,0,0,0,0,0,0,0,0,0,0,0,0,0,0,0,0,0,0,0,128,[84 -64 4 0 0 0 0 0 0 0 0 0 7 3 7 3 7 4 7 4 7 4 7 4 7 4 7 4 6 4 7 5 7 4 7 5 7 5 6 5 7 6 6 5 7 5 6 5 6 5 6 5 7 5 6 6 6 5 7 5 7 5 7 5 0 0 7 5 7 5 7 5 7 5 7 5 7 5 7 5 8 5 8 5 8 5 8 5 8 5 8 5 9 5 8 4 9 5 9 5 9 5 9 5 9 5 9 5 9 5 10 5 10 5 10 5 10 5 0 0 0 0 0 0 0 0 0 0]"""
"""1770911354505507,CSI_DATA,STATION,00:00:00:00:00:00,0,0,0,0,0,0,0,0,0,0,0,0,0,0,0,0,0,0,0,0,0,128,[84 -64 4 0 0 0 0 0 0 0 0 0 -8 1 -8 1 -9 0 -9 0 -9 1 -9 0 -9 0 -9 0 -9 0 -9 -1 -9 -1 -9 -1 -9 -1 -9 -1 -9 -1 -9 -1 -9 -1 -9 -1 -10 -1 -9 -2 -9 -2 -9 -1 -9 -1 -9 -1 -9 -1 -10 -1 0 0 -10 -1 -10 -1 -10 -1 -10 0 -10 -1 -10 -1 -10 -1 -10 -1 -10 0 -10 0 -11 0 -10 -1 -10 0 -11 0 -11 0 -11 0 -11 0 -11 0 -12 0 -12 0 -12 0 -12 0 -12 0 -12 0 -12 0 -12 1 0 0 0 0 0 0 0 0 0 0]"""
"""1770911354510222,CSI_DATA,STATION,00:00:00:00:00:00,0,0,0,0,0,0,0,0,0,0,0,0,0,0,0,0,0,0,0,0,0,128,[84 -64 4 0 0 0 0 0 0 0 0 0 -10 -1 -10 -1 -10 -2 -11 -2 -10 -2 -10 -2 -10 -2 -10 -2 -10 -3 -11 -3 -11 -3 -10 -3 -11 -4 -10 -4 -10 -4 -10 -3 -10 -4 -10 -3 -10 -4 -10 -4 -10 -4 -10 -4 -10 -4 -11 -4 -10 -4 -10 -4 0 0 -10 -3 -11 -4 -11 -4 -11 -3 -11 -4 -11 -4 -11 -4 -12 -4 -11 -3 -12 -3 -12 -3 -12 -3 -12 -3 -12 -3 -12 -3 -12 -3 -13 -3 -13 -3 -13 -3 -13 -3 -13 -3 -13 -3 -14 -3 -14 -3 -14 -3 -14 -2 0 0 0 0 0 0 0 0 0 0]"""
"""1770911354515291,CSI_DATA,STATION,00:00:00:00:00:00,0,0,0,0,0,0,0,0,0,0,0,0,0,0,0,0,0,0,0,0,0,128,[84 -64 4 0 0 0 0 0 0 0 0 0 -6 -7 -6 -7 -6 -7 -6 -8 -5 -8 -5 -8 -5 -8 -5 -8 -5 -8 -5 -8 -5 -8 -5 -8 -5 -9 -5 -9 -5 -9 -4 -8 -4 -9 -4 -8 -5 -9 -5 -9 -5 -9 -5 -9 -4 -9 -5 -9 -5 -9 -5 -9 0 0 -5 -9 -5 -9 -5 -9 -5 -9 -5 -9 -5 -10 -6 -9 -6 -9 -6 -9 -6 -9 -6 -9 -6 -9 -7 -9 -7 -10 -6 -9 -7 -10 -7 -10 -7 -10 -7 -10 -7 -10 -7 -10 -8 -10 -7 -10 -8 -11 -8 -10 -8 -10 0 0 0 0 0 0 0 0 0 0]"""
"""1770911354520399,CSI_DATA,STATION,00:00:00:00:00:00,0,0,0,0,0,0,0,0,0,0,0,0,0,0,0,0,0,0,0,0,0,128,[84 -64 4 0 0 0 0 0 0 0 0 0 7 -2 7 -2 7 -1 7 -1 7 -1 7 -1 8 -1 7 -1 8 0 8 0 8 -1 7 0 8 0 8 0 7 0 7 0 8 0 8 0 8 0 8 1 8 0 8 1 8 0 8 0 8 0 8 0 0 0 8 0 8 0 8 0 8 0 8 0 8 0 8 0 9 0 9 0 8 0 9 0 9 0 9 0 9 0 9 -1 9 -1 10 0 10 -1 10 -1 10 -1 10 -1 10 0 10 0 10 -1 11 -1 11 -1 0 0 0 0 0 0 0 0 0 0]"""
"""1770911354525596,CSI_DATA,STATION,00:00:00:00:00:00,0,0,0,0,0,0,0,0,0,0,0,0,0,0,0,0,0,0,0,0,0,128,[84 -64 4 0 0 0 0 0 0 0 0 0 9 -2 9 -2 9 -1 9 -1 10 0 10 -1 10 0 9 0 10 0 10 1 10 0 10 0 10 1 10 1 10 2 10 1 10 1 10 2 10 2 10 2 10 2 10 2 10 2 10 2 10 2 10 2 0 0 10 2 10 2 11 2 10 1 11 2 11 2 11 2 11 2 11 1 11 1 11 1 11 1 12 2 12 2 12 1 12 1 12 1 13 1 13 1 12 1 13 1 13 2 13 1 13 1 14 1 14 1 0 0 0 0 0 0 0 0 0 0]"""
"""1770911354532996,CSI_DATA,STATION,00:00:00:00:00:00,0,0,0,0,0,0,0,0,0,0,0,0,0,0,0,0,0,0,0,0,0,128,[84 -64 4 0 0 0 0 0 0 0 0 0 -6 -7 -6 -7 -6 -7 -6 -8 -5 -8 -6 -8 -5 -8 -5 -8 -5 -8 -5 -9 -5 -8 -5 -8 -5 -9 -5 -9 -5 -9 -5 -8 -5 -8 -4 -8 -5 -9 -5 -9 -5 -9 -5 -9 -5 -9 -5 -9 -5 -9 -5 -9 0 0 -5 -9 -6 -9 -5 -9 -5 -9 -6 -9 -6 -9 -6 -9 -6 -9 -6 -9 -7 -9 -6 -9 -7 -9 -7 -9 -7 -9 -7 -9 -7 -9 -7 -9 -8 -10 -7 -9 -8 -10 -8 -10 -8 -9 -8 -10 -9 -10 -9 -10 -8 -10 0 0 0 0 0 0 0 0 0 0]"""
"""1770911354538177,CSI_DATA,STATION,00:00:00:00:00:00,0,0,0,0,0,0,0,0,0,0,0,0,0,0,0,0,0,0,0,0,0,128,[84 -64 4 0 0 0 0 0 0 0 0 0 2 7 2 8 2 8 2 8 2 8 1 8 1 8 1 8 1 9 1 9 1 9 1 8 1 9 1 9 0 9 1 9 0 8 0 8 0 9 0 9 0 9 0 9 0 9 0 9 1 9 0 9 0 0 0 9 1 9 1 9 1 9 1 9 1 9 2 10 2 9 1 9 2 9 2 9 2 9 2 10 2 10 2 10 3 10 3 10 3 10 2 11 3 10 3 11 3 10 3 11 4 11 3 11 3 11 0 0 0 0 0 0 0 0 0 0]"""
"""1770911354542944,CSI_DATA,STATION,00:00:00:00:00:00,0,0,0,0,0,0,0,0,0,0,0,0,0,0,0,0,0,0,0,0,0,128,[84 -64 4 0 0 0 0 0 0 0 0 0 4 -8 4 -8 5 -7 5 -7 5 -7 6 -8 6 -7 6 -7 6 -7 6 -7 6 -7 6 -7 6 -7 6 -7 7 -7 6 -7 7 -7 6 -7 6 -7 7 -6 7 -7 6 -7 7 -7 7 -7 6 -7 7 -7 0 0 7 -7 6 -6 7 -7 7 -7 7 -7 7 -8 6 -8 6 -8 6 -8 6 -8 6 -9 6 -9 7 -8 7 -8 7 -9 7 -9 7 -9 7 -10 7 -9 7 -10 7 -9 7 -9 7 -10 7 -10 7 -10 7 -10 0 0 0 0 0 0 0 0 0 0]"""
"""1770911354547851,CSI_DATA,STATION,00:00:00:00:00:00,0,0,0,0,0,0,0,0,0,0,0,0,0,0,0,0,0,0,0,0,0,128,[84 -64 4 0 0 0 0 0 0 0 0 0 6 -8 6 -8 6 -7 7 -7 7 -7 7 -7 7 -7 7 -7 7 -7 8 -6 8 -7 8 -7 8 -6 7 -6 9 -6 8 -6 8 -6 8 -6 8 -6 9 -6 9 -6 8 -6 8 -6 8 -6 9 -6 9 -7 0 0 9 -6 8 -6 9 -7 9 -6 9 -7 9 -7 9 -6 9 -7 9 -7 9 -7 9 -8 9 -8 9 -7 10 -8 9 -8 10 -8 10 -8 10 -9 10 -8 10 -9 11 -9 10 -8 10 -8 10 -9 10 -9 11 -9 0 0 0 0 0 0 0 0 0 0]"""
"""1770911354556378,CSI_DATA,STATION,00:00:00:00:00:00,0,0,0,0,0,0,0,0,0,0,0,0,0,0,0,0,0,0,0,0,0,128,[84 -64 4 0 0 0 0 0 0 0 0 0 -3 -10 -4 -10 -4 -10 -3 -10 -3 -10 -2 -10 -2 -10 -2 -10 -2 -10 -2 -11 -2 -11 -2 -11 -1 -11 -1 -10 -1 -11 -1 -11 -1 -10 -1 -11 -1 -11 -1 -11 -1 -11 -1 -11 -1 -11 -1 -11 -1 -11 -1 -11 0 0 -1 -11 -1 -11 -1 -11 -1 -11 -2 -11 -2 -12 -2 -12 -2 -12 -2 -12 -2 -12 -2 -12 -2 -12 -2 -12 -2 -13 -2 -13 -2 -13 -2 -13 -3 -13 -2 -13 -3 -13 -3 -13 -3 -13 -3 -14 -3 -14 -3 -14 -3 -14 0 0 0 0 0 0 0 0 0 0]"""
"""1770911354561055,CSI_DATA,STATION,00:00:00:00:00:00,0,0,0,0,0,0,0,0,0,0,0,0,0,0,0,0,0,0,0,0,0,128,[84 -64 4 0 0 0 0 0 0 0 0 0 0 -9 0 -9 0 -9 0 -9 0 -9 1 -10 2 -9 1 -10 1 -9 1 -9 2 -9 2 -10 2 -10 2 -9 2 -9 2 -9 2 -10 2 -10 2 -10 2 -10 2 -10 2 -9 2 -10 2 -10 2 -9 2 -10 0 0 2 -10 2 -10 2 -10 1 -10 1 -10 1 -10 1 -10 1 -11 1 -11 1 -11 1 -11 1 -11 1 -11 1 -11 0 -11 1 -12 0 -12 0 -12 0 -12 1 -12 0 -12 0 -13 0 -13 0 -13 0 -13 0 -13 0 0 0 0 0 0 0 0 0 0]"""
"""1770911354566530,CSI_DATA,STATION,00:00:00:00:00:00,0,0,0,0,0,0,0,0,0,0,0,0,0,0,0,0,0,0,0,0,0,128,[14 -32 0 0 0 0 0 0 0 0 0 0 2 -10 2 -10 2 -10 2 -10 2 -10 3 -10 3 -10 3 -10 4 -10 4 -10 4 -11 4 -10 4 -10 4 -10 4 -10 5 -10 4 -10 4 -10 4 -10 5 -10 4 -10 5 -10 5 -10 4 -10 4 -10 5 -10 0 0 4 -10 4 -10 4 -11 4 -11 4 -11 4 -11 4 -11 4 -11 4 -11 4 -11 4 -12 4 -11 4 -12 3 -12 4 -13 4 -13 4 -13 4 -13 4 -13 3 -13 4 -14 4 -13 4 -14 3 -14 4 -14 4 -14 0 0 0 0 0 0 0 0 0 0]"""
"""1770911354572010,CSI_DATA,STATION,00:00:00:00:00:00,0,0,0,0,0,0,0,0,0,0,0,0,0,0,0,0,0,0,0,0,0,128,[84 -64 4 0 0 0 0 0 0 0 0 0 -8 -4 -8 -4 -8 -5 -8 -5 -8 -5 -8 -5 -8 -6 -8 -6 -8 -6 -8 -7 -8 -6 -8 -6 -8 -6 -8 -7 -7 -7 -8 -6 -7 -6 -8 -7 -8 -7 -7 -7 -7 -7 -8 -7 -7 -7 -8 -7 -7 -7 -8 -7 0 0 -7 -6 -8 -6 -8 -6 -8 -6 -8 -7 -8 -7 -8 -7 -9 -7 -9 -6 -9 -7 -9 -6 -9 -6 -9 -6 -9 -7 -10 -6 -10 -6 -10 -7 -10 -7 -10 -6 -10 -7 -10 -7 -11 -7 -11 -7 -11 -7 -11 -7 -11 -7 0 0 0 0 0 0 0 0 0 0]"""
"""1770911354577401,CSI_DATA,STATION,00:00:00:00:00:00,0,0,0,0,0,0,0,0,0,0,0,0,0,0,0,0,0,0,0,0,0,128,[84 -64 4 0 0 0 0 0 0 0 0 0 -6 7 -7 7 -7 6 -8 6 -7 6 -8 7 -8 7 -8 6 -8 6 -8 6 -8 6 -8 6 -9 6 -9 6 -9 6 -9 5 -9 6 -9 6 -9 5 -9 5 -9 5 -9 5 -9 6 -9 5 -9 5 -9 6 0 0 -9 6 -9 6 -9 7 -9 6 -9 7 -9 6 -9 7 -9 7 -9 7 -9 7 -9 8 -9 7 -9 7 -9 8 -9 8 -9 9 -9 8 -10 9 -9 9 -9 9 -9 9 -10 9 -9 9 -10 9 -10 9 -10 10 0 0 0 0 0 0 0 0 0 0]"""
"""1770911354582533,CSI_DATA,STATION,00:00:00:00:00:00,0,0,0,0,0,0,0,0,0,0,0,0,0,0,0,0,0,0,0,0,0,128,[84 -64 4 0 0 0 0 0 0 0 0 0 7 -4 7 -4 7 -3 7 -3 8 -3 7 -3 8 -3 8 -3 8 -3 8 -2 8 -3 8 -3 8 -2 8 -2 8 -2 8 -2 8 -2 8 -2 8 -2 8 -1 8 -1 8 -2 8 -2 9 -2 8 -2 8 -2 0 0 8 -2 9 -2 9 -2 9 -3 8 -2 9 -2 9 -2 9 -3 9 -3 9 -3 9 -3 9 -3 9 -3 10 -3 10 -3 9 -4 10 -4 10 -4 10 -4 10 -4 11 -4 10 -4 11 -4 10 -4 11 -4 11 -4 0 0 0 0 0 0 0 0 0 0]"""
"""1770911354587540,CSI_DATA,STATION,00:00:00:00:00:00,0,0,0,0,0,0,0,0,0,0,0,0,0,0,0,0,0,0,0,0,0,128,[84 -64 4 0 0 0 0 0 0 0 0 0 -5 7 -6 6 -6 6 -6 6 -7 6 -7 6 -7 6 -7 6 -7 6 -7 5 -7 6 -7 6 -7 5 -7 5 -8 5 -8 6 -8 5 -8 5 -8 5 -8 5 -8 4 -8 5 -8 5 -8 5 -8 5 -8 6 0 0 -8 6 -8 6 -8 6 -8 6 -8 6 -8 5 -8 6 -8 6 -8 6 -8 7 -8 7 -8 7 -8 7 -8 7 -9 7 -9 7 -8 7 -9 8 -8 8 -9 8 -9 8 -9 8 -9 8 -9 9 -9 9 -9 9 0 0 0 0 0 0 0 0 0 0]"""
"""1770911354592455,CSI_DATA,STATION,00:00:00:00:00:00,0,0,0,0,0,0,0,0,0,0,0,0,0,0,0,0,0,0,0,0,0,128,[84 -64 4 0 0 0 0 0 0 0 0 0 -4 8 -4 8 -4 9 -5 9 -4 9 -5 9 -5 9 -6 8 -6 8 -5 8 -6 9 -6 8 -6 9 -6 8 -6 8 -6 8 -7 8 -6 8 -6 8 -6 8 -7 8 -6 8 -7 8 -6 9 -6 8 -7 9 0 0 -7 9 -6 8 -6 9 -6 9 -6 10 -6 9 -6 10 -6 9 -6 10 -6 9 -6 10 -6 10 -6 10 -6 11 -6 10 -6 11 -6 11 -6 11 -6 12 -6 12 -6 12 -6 12 -6 12 -6 12 -6 13 -6 13 0 0 0 0 0 0 0 0 0 0]"""
"""1770911354597937,CSI_DATA,STATION,00:00:00:00:00:00,0,0,0,0,0,0,0,0,0,0,0,0,0,0,0,0,0,0,0,0,0,128,[84 -64 4 0 0 0 0 0 0 0 0 0 -5 7 -6 6 -6 6 -6 6 -6 6 -7 6 -7 6 -7 6 -7 6 -7 5 -7 6 -8 6 -8 5 -7 5 -8 5 -7 6 -7 5 -7 5 -8 5 -8 5 -8 5 -8 5 -8 5 -8 5 -8 5 -8 6 0 0 -8 6 -8 5 -8 6 -8 6 -8 6 -8 6 -8 6 -8 6 -8 6 -8 6 -9 7 -8 7 -8 7 -8 7 -9 7 -9 8 -8 7 -9 8 -9 8 -9 8 -9 8 -9 8 -9 8 -9 8 -9 8 -10 8 0 0 0 0 0 0 0 0 0 0]"""
"""1770911354603499,CSI_DATA,STATION,00:00:00:00:00:00,0,0,0,0,0,0,0,0,0,0,0,0,0,0,0,0,0,0,0,0,0,128,[84 -64 4 0 0 0 0 0 0 0 0 0 -3 8 -3 8 -3 8 -3 8 -4 8 -4 8 -4 8 -5 8 -4 8 -5 8 -5 8 -5 7 -5 8 -5 7 -5 7 -5 7 -5 8 -5 8 -5 7 -5 8 -5 7 -5 7 -6 7 -5 8 -5 7 -5 8 0 0 -5 8 -5 8 -5 8 -5 8 -5 8 -5 8 -5 8 -5 8 -5 9 -5 9 -5 9 -5 9 -5 9 -5 9 -5 10 -5 10 -5 10 -5 10 -5 10 -5 10 -5 11 -5 10 -5 11 -5 11 -5 11 -5 11 0 0 0 0 0 0 0 0 0 0]"""
"""1770911354606320,CSI_DATA,STATION,00:00:00:00:00:00,0,0,0,0,0,0,0,0,0,0,0,0,0,0,0,0,0,0,0,0,0,128,[84 -64 4 0 0 0 0 0 0 0 0 0 7 4 7 4 7 4 7 4 7 4 7 4 7 4 7 5 6 5 7 6 7 5 7 5 7 6 6 5 6 6 6 5 7 5 6 6 6 6 6 6 6 6 6 6 6 6 7 6 7 6 6 6 0 0 7 6 7 6 7 6 7 6 7 6 7 6 8 6 8 6 8 5 8 6 8 6 8 6 8 6 9 6 8 6 8 6 9 6 9 6 9 6 9 6 9 6 9 6 9 7 9 7 10 6 10 6 0 0 0 0 0 0 0 0 0 0]"""
"""1770911354611228,CSI_DATA,STATION,00:00:00:00:00:00,0,0,0,0,0,0,0,0,0,0,0,0,0,0,0,0,0,0,0,0,0,128,[84 -64 4 0 0 0 0 0 0 0 0 0 5 5 5 5 4 5 5 6 4 6 5 6 4 6 4 6 4 6 4 7 4 7 4 6 4 7 4 7 4 7 3 7 3 7 3 7 3 7 4 7 3 7 3 7 3 7 3 7 4 7 4 7 0 0 3 7 4 7 4 7 4 7 4 7 4 7 4 8 4 7 4 7 4 7 4 7 5 8 5 8 5 8 4 8 5 8 5 7 5 8 5 8 5 8 6 8 6 8 6 8 6 8 6 9 6 9 0 0 0 0 0 0 0 0 0 0]"""
"""1770911354616718,CSI_DATA,STATION,00:00:00:00:00:00,0,0,0,0,0,0,0,0,0,0,0,0,0,0,0,0,0,0,0,0,0,128,[84 -64 4 0 0 0 0 0 0 0 0 0 -2 8 -3 8 -3 8 -3 8 -3 8 -4 8 -4 8 -4 8 -4 8 -4 8 -4 9 -5 8 -5 8 -5 8 -5 8 -5 8 -5 9 -5 8 -5 8 -5 8 -5 8 -5 8 -5 8 -5 8 -5 8 -5 8 0 0 -5 8 -4 8 -5 8 -5 8 -5 8 -4 8 -5 8 -5 9 -5 9 -5 9 -5 10 -4 9 -5 9 -5 10 -5 10 -5 10 -4 10 -4 10 -4 11 -5 10 -5 11 -5 11 -5 11 -5 11 -5 11 -5 11 0 0 0 0 0 0 0 0 0 0]"""
"""1770911354622225,CSI_DATA,STATION,00:00:00:00:00:00,0,0,0,0,0,0,0,0,0,0,0,0,0,0,0,0,0,0,0,0,0,128,[84 -64 4 0 0 0 0 0 0 0 0 0 6 -6 6 -6 7 -6 7 -5 7 -5 7 -6 8 -5 7 -5 8 -5 8 -5 8 -5 8 -5 8 -4 8 -4 8 -4 8 -5 8 -4 8 -4 8 -4 9 -4 8 -4 8 -4 8 -5 8 -4 8 -4 8 -5 0 0 8 -5 8 -4 8 -5 8 -5 8 -5 9 -5 9 -5 8 -5 9 -5 8 -6 8 -6 9 -6 9 -6 9 -6 9 -6 9 -7 9 -7 9 -7 10 -7 9 -7 10 -7 10 -6 10 -7 10 -7 10 -8 10 -7 0 0 0 0 0 0 0 0 0 0]"""
"""1770911354627163,CSI_DATA,STATION,00:00:00:00:00:00,0,0,0,0,0,0,0,0,0,0,0,0,0,0,0,0,0,0,0,0,0,128,[84 -64 4 0 0 0 0 0 0 0 0 0 -6 6 -7 6 -6 5 -7 5 -7 5 -7 5 -7 5 -8 5 -8 5 -8 4 -8 5 -8 5 -8 4 -8 4 -9 4 -8 5 -8 5 -8 4 -8 4 -8 4 -8 4 -9 4 -8 4 -8 4 -8 4 -9 5 0 0 -9 5 -8 5 -8 5 -9 5 -8 5 -9 5 -8 4 -9 5 -9 5 -9 6 -9 6 -9 6 -9 6 -9 6 -9 6 -9 7 -9 6 -9 7 -10 7 -10 7 -10 7 -9 7 -9 7 -9 7 -10 8 -10 8 0 0 0 0 0 0 0 0 0 0]"""
"""1770911354631845,CSI_DATA,STATION,00:00:00:00:00:00,0,0,0,0,0,0,0,0,0,0,0,0,0,0,0,0,0,0,0,0,0,128,[84 -64 4 0 0 0 0 0 0 0 0 0 -8 -7 -8 -7 -8 -8 -8 -8 -7 -8 -8 -8 -7 -9 -7 -9 -7 -9 -7 -9 -7 -9 -7 -9 -7 -10 -7 -9 -6 -10 -6 -9 -6 -9 -7 -9 -6 -10 -6 -10 -6 -10 -7 -10 -6 -10 -6 -10 -6 -10 -6 -10 0 0 -6 -10 -7 -10 -7 -10 -7 -10 -7 -10 -7 -10 -7 -10 -7 -10 -7 -10 -8 -10 -8 -10 -8 -10 -8 -10 -8 -10 -9 -10 -9 -10 -9 -11 -9 -10 -9 -11 -9 -11 -9 -11 -10 -11 -10 -11 -10 -11 -10 -11 -10 -11 0 0 0 0 0 0 0 0 0 0]"""
"""1770911354636866,CSI_DATA,STATION,00:00:00:00:00:00,0,0,0,0,0,0,0,0,0,0,0,0,0,0,0,0,0,0,0,0,0,128,[84 -64 4 0 0 0 0 0 0 0 0 0 -1 9 -1 9 -2 9 -2 9 -2 9 -2 9 -3 10 -3 9 -3 9 -3 10 -4 9 -4 9 -4 9 -4 9 -4 9 -4 10 -4 10 -4 10 -4 9 -4 9 -4 9 -4 9 -5 9 -4 10 -4 9 -4 9 0 0 -4 9 -4 9 -3 9 -4 10 -3 10 -3 9 -3 10 -4 10 -3 11 -3 11 -4 11 -3 11 -3 11 -3 11 -3 12 -3 12 -3 12 -3 12 -3 12 -3 12 -3 13 -3 12 -3 13 -3 13 -3 13 -3 13 0 0 0 0 0 0 0 0 0 0]"""
"""1770911354641966,CSI_DATA,STATION,00:00:00:00:00:00,0,0,0,0,0,0,0,0,0,0,0,0,0,0,0,0,0,0,0,0,0,128,[84 -64 4 0 0 0 0 0 0 0 0 0 -4 7 -4 7 -4 7 -4 7 -5 7 -5 7 -5 7 -6 7 -6 7 -5 6 -5 7 -6 7 -5 6 -5 6 -6 7 -6 6 -6 7 -6 6 -7 6 -7 6 -7 6 -7 6 -6 6 -6 6 -6 6 -7 7 0 0 -7 6 -6 6 -6 6 -7 6 -6 6 -7 6 -7 6 -7 7 -7 7 -7 7 -7 8 -6 7 -7 8 -7 8 -7 8 -7 8 -7 8 -7 9 -8 9 -7 8 -8 8 -8 9 -7 8 -7 9 -7 9 -8 9 0 0 0 0 0 0 0 0 0 0]"""
"""1770911354647107,CSI_DATA,STATION,00:00:00:00:00:00,0,0,0,0,0,0,0,0,0,0,0,0,0,0,0,0,0,0,0,0,0,128,[84 -64 4 0 0 0 0 0 0 0 0 0 6 -3 6 -4 7 -3 7 -3 7 -3 7 -3 7 -3 7 -2 7 -3 8 -2 7 -2 7 -2 8 -1 8 -2 8 -1 7 -2 7 -1 8 -2 8 -2 8 -1 8 -1 8 -1 8 -1 8 -1 8 -1 8 -2 0 0 8 -2 8 -2 8 -1 8 -2 8 -2 8 -2 9 -2 8 -2 9 -2 8 -2 8 -2 8 -2 9 -2 9 -2 9 -3 9 -3 9 -3 10 -3 10 -3 10 -3 10 -3 10 -3 10 -3 10 -3 10 -3 10 -4 0 0 0 0 0 0 0 0 0 0]"""
"""1770911354652273,CSI_DATA,STATION,00:00:00:00:00:00,0,0,0,0,0,0,0,0,0,0,0,0,0,0,0,0,0,0,0,0,0,128,[84 -64 4 0 0 0 0 0 0 0 0 0 -8 -5 -8 -5 -8 -5 -8 -6 -8 -6 -7 -6 -7 -6 -8 -6 -7 -6 -8 -7 -7 -7 -7 -6 -7 -7 -7 -7 -7 -7 -7 -7 -7 -7 -7 -7 -7 -7 -7 -8 -7 -8 -7 -7 -7 -7 -7 -8 -7 -7 -7 -7 0 0 -7 -7 -7 -7 -7 -7 -7 -7 -8 -7 -8 -8 -8 -8 -8 -7 -8 -7 -8 -7 -8 -7 -8 -7 -8 -8 -9 -8 -9 -8 -9 -7 -9 -8 -10 -8 -10 -8 -10 -8 -10 -8 -10 -8 -10 -8 -10 -8 -10 -8 -10 -8 0 0 0 0 0 0 0 0 0 0]"""
"""1770911354657757,CSI_DATA,STATION,00:00:00:00:00:00,0,0,0,0,0,0,0,0,0,0,0,0,0,0,0,0,0,0,0,0,0,128,[84 -64 4 0 0 0 0 0 0 0 0 0 -6 -7 -5 -7 -6 -8 -6 -8 -5 -8 -5 -8 -5 -8 -5 -8 -5 -8 -5 -9 -5 -9 -4 -9 -4 -9 -5 -9 -5 -9 -4 -9 -4 -9 -4 -9 -4 -9 -4 -9 -4 -9 -4 -9 -4 -9 -4 -9 -5 -9 -5 -9 0 0 -4 -9 -5 -9 -5 -9 -5 -9 -5 -9 -5 -9 -5 -9 -5 -9 -5 -9 -5 -9 -6 -10 -6 -9 -6 -9 -6 -10 -6 -10 -7 -10 -7 -10 -7 -10 -7 -10 -7 -10 -6 -10 -7 -10 -7 -11 -8 -11 -7 -11 -7 -11 0 0 0 0 0 0 0 0 0 0]"""
"""1770911354663249,CSI_DATA,STATION,00:00:00:00:00:00,0,0,0,0,0,0,0,0,0,0,0,0,0,0,0,0,0,0,0,0,0,128,[84 -64 4 0 0 0 0 0 0 0 0 0 -7 5 -7 5 -7 5 -7 5 -7 5 -8 5 -8 5 -8 5 -8 4 -9 4 -8 5 -9 4 -8 4 -8 4 -8 4 -9 5 -8 4 -9 4 -8 4 -9 4 -9 4 -9 4 -9 4 -9 4 -9 4 -9 5 0 0 -9 5 -8 5 -9 5 -9 5 -9 5 -9 5 -8 5 -9 5 -8 6 -9 6 -9 6 -9 6 -9 6 -9 6 -9 6 -9 7 -9 7 -9 7 -9 7 -10 7 -9 7 -9 8 -10 7 -9 8 -10 8 -10 8 0 0 0 0 0 0 0 0 0 0]"""
"""1770911354668665,CSI_DATA,STATION,00:00:00:00:00:00,0,0,0,0,0,0,0,0,0,0,0,0,0,0,0,0,0,0,0,0,0,128,[84 -64 4 0 0 0 0 0 0 0 0 0 -15 -2 -15 -2 -16 -3 -16 -4 -15 -4 -16 -4 -15 -5 -15 -5 -15 -5 -15 -6 -15 -6 -15 -6 -16 -6 -15 -7 -15 -7 -15 -7 -15 -6 -15 -6 -16 -7 -15 -7 -15 -8 -15 -8 -15 -7 -15 -7 -15 -8 -15 -7 0 0 -15 -7 -15 -7 -16 -7 -16 -6 -16 -7 -16 -8 -16 -7 -16 -6 -17 -6 -16 -5 -17 -6 -17 -5 -17 -6 -18 -6 -18 -6 -18 -6 -18 -6 -19 -5 -19 -5 -19 -5 -19 -6 -19 -6 -20 -6 -20 -5 -20 -5 -20 -5 0 0 0 0 0 0 0 0 0 0]"""
"""1770911354673712,CSI_DATA,STATION,00:00:00:00:00:00,0,0,0,0,0,0,0,0,0,0,0,0,0,0,0,0,0,0,0,0,0,128,[84 -64 4 0 0 0 0 0 0 0 0 0 8 -3 9 -3 9 -2 9 -2 9 -2 10 -2 10 -2 9 -2 9 -1 10 -1 10 -1 10 -1 10 -1 9 -1 10 -1 9 -1 10 0 10 -1 10 0 10 0 10 0 10 0 10 0 10 0 10 0 10 -1 0 0 10 -1 10 -1 11 0 10 -1 11 -1 11 -1 11 -1 11 -1 11 -1 10 -1 11 -2 11 -1 11 -1 12 -2 11 -2 12 -2 11 -2 13 -3 13 -2 12 -3 13 -3 12 -2 13 -2 13 -2 13 -3 13 -3 0 0 0 0 0 0 0 0 0 0]"""
"""1770911354684055,CSI_DATA,STATION,00:00:00:00:00:00,0,0,0,0,0,0,0,0,0,0,0,0,0,0,0,0,0,0,0,0,0,128,[14 -32 0 0 0 0 0 0 0 0 0 0 -2 9 -2 9 -2 9 -2 10 -3 10 -3 9 -3 9 -4 10 -4 9 -4 9 -4 9 -4 9 -4 9 -4 9 -4 9 -4 9 -5 9 -5 9 -5 9 -5 9 -5 9 -5 9 -5 9 -5 9 -5 10 -5 9 0 0 -5 10 -4 10 -4 10 -4 10 -4 10 -4 10 -5 10 -4 10 -5 10 -4 10 -4 11 -4 11 -4 11 -4 12 -5 12 -4 12 -4 12 -4 12 -4 12 -4 12 -5 12 -4 12 -4 13 -4 13 -4 13 -4 13 0 0 0 0 0 0 0 0 0 0]"""
"""1770911354691392,CSI_DATA,STATION,00:00:00:00:00:00,0,0,0,0,0,0,0,0,0,0,0,0,0,0,0,0,0,0,0,0,0,128,[84 -64 4 0 0 0 0 0 0 0 0 0 2 9 2 9 2 9 1 9 1 9 1 9 1 10 0 10 0 9 1 10 0 10 0 10 0 10 0 10 0 10 0 10 0 10 -1 10 0 10 -1 10 -1 10 -1 10 -1 10 -1 10 0 10 -1 10 0 0 -1 10 0 10 0 11 0 10 0 11 0 11 0 11 0 11 0 11 0 11 0 11 1 11 1 11 1 12 0 12 1 12 1 12 1 12 1 13 1 12 1 13 1 12 2 13 2 13 1 13 2 14 0 0 0 0 0 0 0 0 0 0]"""
