"1768831267553007,CSI_DATA,STATION,00:00:00:00:00:00,0,0,0,0,0,0,0,0,0,0,0,0,0,0,0,0,0,0,0,0,0,128,[84 -64 4 0 0 0 0 0 0 0 0 0 -12 -5 -12 -5 -12 -6 -12 -6 -12 -7 -11 -7 -11 -7 -10 -7 -10 -8 -11 -8 -10 -8 -9 -8 -10 -8 -10 -8 -10 -9 -9 -8 -8 -7 -9 -7 -9 -6 -8 -6 -9 -6 -9 -6 -9 -6 -9 -6 -9 -5 -9 -5 -9 -5 -10 -5 -10 -4 -10 -5 -10 -4 -10 -4 -11 -4 -11 -4 -10 -4 -11 -4 -11 -4 -12 -3 -12 -4 -12 -4 -11 -3 -11 -3 0 0 0 0 0 0 0 0 0 0]"
"1768831267565769,CSI_DATA,STATION,00:00:00:00:00:00,0,0,0,0,0,0,0,0,0,0,0,0,0,0,0,0,0,0,0,0,0,128,[84 -64 4 0 0 0 0 0 0 0 0 0 12 -4 13 -3 13 -3 13 -3 13 -2 12 -1 12 -1 12 0 12 0 12 0 12 0 11 1 12 1 12 1 12 1 11 1 11 1 11 1 11 1 11 1 10 1 11 1 10 1 11 1 10 0 10 0 0 0 10 0 10 0 10 0 9 -1 10 0 10 -1 10 -1 10 -1 9 -1 10 -1 10 -2 10 -2 10 -2 10 -2 10 -3 10 -3 11 -3 10 -3 10 -3 10 -4 11 -4 11 -4 11 -4 11 -4 11 -4 11 -5 0 0 0 0 0 0 0 0 0 0]"
"1768831267572150,CSI_DATA,STATION,00:00:00:00:00:00,0,0,0,0,0,0,0,0,0,0,0,0,0,0,0,0,0,0,0,0,0,128,[84 -64 4 0 0 0 0 0 0 0 0 0 14 -1 14 0 15 0 14 1 15 1 14 1 14 2 14 3 13 3 14 3 13 3 13 3 14 3 13 4 12 4 12 4 11 3 12 4 11 4 11 5 11 4 11 4 11 3 12 3 11 3 11 3 0 0 10 3 11 3 11 2 10 2 11 2 11 2 11 2 11 2 11 1 11 1 11 1 12 0 12 0 12 0 12 0 11 0 13 -1 12 0 12 -1 12 -1 12 -1 13 -1 14 -1 13 -2 13 -2 13 -2 0 0 0 0 0 0 0 0 0 0]"
"1768831267576390,CSI_DATA,STATION,00:00:00:00:00:00,0,0,0,0,0,0,0,0,0,0,0,0,0,0,0,0,0,0,0,0,0,128,[84 -64 4 0 0 0 0 0 0 0 0 0 -12 6 -12 6 -13 6 -13 5 -13 5 -13 4 -13 4 -13 4 -13 3 -13 3 -13 3 -13 2 -13 1 -13 2 -13 1 -12 2 -12 1 -12 1 -13 1 -12 1 -12 1 -12 1 -11 1 -11 1 -11 1 -11 2 0 0 -11 2 -11 2 -10 2 -10 3 -11 2 -10 3 -10 3 -11 3 -10 4 -10 4 -10 4 -11 4 -10 4 -10 4 -10 5 -10 5 -11 5 -10 5 -10 6 -10 6 -11 6 -11 6 -11 6 -11 6 -11 7 -11 7 0 0 0 0 0 0 0 0 0 0]"
"1768831267582936,CSI_DATA,STATION,00:00:00:00:00:00,0,0,0,0,0,0,0,0,0,0,0,0,0,0,0,0,0,0,0,0,0,128,[84 -64 4 0 0 0 0 0 0 0 0 0 -7 11 -7 11 -7 10 -8 10 -8 9 -9 10 -8 9 -9 9 -9 9 -10 8 -9 8 -9 8 -9 7 -9 7 -10 7 -9 8 -9 7 -9 7 -9 7 -9 7 -9 6 -8 6 -8 7 -8 7 -8 6 -8 7 0 0 -7 7 -8 7 -7 7 -7 7 -7 7 -7 8 -6 8 -6 8 -6 8 -6 8 -6 8 -6 8 -6 8 -6 9 -6 9 -6 10 -5 9 -5 10 -5 10 -6 10 -5 10 -5 10 -5 10 -5 10 -5 11 -5 11 0 0 0 0 0 0 0 0 0 0]"
"1768831267587230,CSI_DATA,STATION,00:00:00:00:00:00,0,0,0,0,0,0,0,0,0,0,0,0,0,0,0,0,0,0,0,0,0,128,[84 -64 4 0 0 0 0 0 0 0 0 0 10 7 10 7 10 8 10 8 9 9 9 9 8 9 8 9 8 10 8 10 7 10 7 10 7 10 7 10 6 10 6 9 6 9 5 9 6 9 6 10 6 9 6 9 5 9 6 9 6 9 6 8 0 0 5 8 6 8 7 8 6 8 6 7 7 8 7 7 7 8 7 7 7 7 7 6 8 7 8 7 8 7 8 7 8 7 9 7 8 7 9 7 8 6 9 7 10 7 10 7 10 7 10 7 10 7 0 0 0 0 0 0 0 0 0 0]"
"1768831267591528,CSI_DATA,STATION,00:00:00:00:00:00,0,0,0,0,0,0,0,0,0,0,0,0,0,0,0,0,0,0,0,0,0,128,[84 -64 4 0 0 0 0 0 0 0 0 0 -2 13 -3 13 -3 13 -3 12 -4 13 -5 12 -4 12 -5 12 -5 12 -6 12 -6 11 -6 11 -6 11 -6 11 -6 10 -6 11 -6 10 -6 10 -6 10 -6 10 -6 10 -5 10 -6 10 -5 10 -5 9 -5 9 0 0 -5 9 -4 9 -4 9 -4 10 -4 10 -3 10 -3 10 -3 10 -3 10 -3 10 -3 10 -3 10 -2 10 -2 10 -2 11 -2 11 -1 12 -2 11 -1 12 -1 12 -1 12 0 12 -1 13 -1 12 -1 13 -1 12 0 0 0 0 0 0 0 0 0 0]"
"1768831267597975,CSI_DATA,STATION,00:00:00:00:00:00,0,0,0,0,0,0,0,0,0,0,0,0,0,0,0,0,0,0,0,0,0,128,[84 -64 4 0 0 0 0 0 0 0 0 0 9 10 8 10 9 11 8 11 8 12 7 11 7 12 6 12 6 11 6 13 5 12 5 12 5 12 5 12 5 12 4 11 4 11 3 11 4 11 5 11 4 11 4 10 3 10 4 11 4 11 4 10 0 0 4 10 5 10 5 9 5 10 5 9 6 10 6 9 6 9 6 8 5 9 6 9 6 9 7 9 7 9 7 9 7 9 9 9 8 8 8 9 8 8 9 9 10 9 9 9 10 9 9 9 9 9 0 0 0 0 0 0 0 0 0 0]"
"1768831267602282,CSI_DATA,STATION,00:00:00:00:00:00,0,0,0,0,0,0,0,0,0,0,0,0,0,0,0,0,0,0,0,0,0,128,[84 -64 4 0 0 0 0 0 0 0 0 0 6 -10 6 -10 7 -9 7 -9 8 -9 8 -9 8 -9 8 -8 8 -8 9 -8 8 -8 8 -7 8 -7 9 -7 9 -7 8 -7 8 -6 8 -6 8 -6 9 -6 8 -6 8 -6 8 -6 8 -6 8 -6 7 -6 0 0 7 -6 7 -6 7 -6 7 -7 7 -6 7 -7 7 -7 7 -7 6 -7 6 -7 6 -7 7 -7 6 -8 6 -8 6 -8 6 -9 6 -9 6 -9 6 -9 6 -9 6 -9 6 -9 6 -9 6 -10 6 -10 6 -10 0 0 0 0 0 0 0 0 0 0]"
"1768831267606594,CSI_DATA,STATION,00:00:00:00:00:00,0,0,0,0,0,0,0,0,0,0,0,0,0,0,0,0,0,0,0,0,0,128,[84 -64 4 0 0 0 0 0 0 0 0 0 -9 9 -10 9 -11 9 -11 9 -11 8 -11 8 -11 8 -12 7 -11 7 -12 7 -11 7 -11 7 -11 6 -11 5 -12 5 -11 6 -11 5 -11 5 -11 5 -11 5 -11 5 -11 5 -10 5 -10 5 -10 5 -10 5 0 0 -10 5 -10 6 -9 6 -9 6 -9 6 -9 6 -9 6 -9 6 -8 7 -9 7 -8 7 -9 7 -8 8 -8 8 -8 8 -8 8 -8 9 -8 9 -8 9 -8 9 -8 9 -8 9 -8 10 -8 10 -8 10 -8 10 0 0 0 0 0 0 0 0 0 0]"
"1768831267613088,CSI_DATA,STATION,00:00:00:00:00:00,0,0,0,0,0,0,0,0,0,0,0,0,0,0,0,0,0,0,0,0,0,128,[84 -64 4 0 0 0 0 0 0 0 0 0 -1 13 -1 13 -1 13 -2 13 -2 13 -3 13 -3 13 -3 13 -4 13 -4 12 -4 12 -4 12 -4 12 -4 12 -5 12 -4 11 -5 11 -4 11 -4 11 -5 11 -4 11 -4 11 -4 10 -4 10 -4 10 -4 10 0 0 -3 10 -3 10 -2 10 -2 10 -3 11 -2 10 -2 10 -2 10 -2 10 -2 10 -1 11 -1 11 -1 11 0 12 -1 11 0 12 0 11 0 12 1 12 0 12 0 12 1 13 1 13 1 13 1 13 1 13 0 0 0 0 0 0 0 0 0 0]"
"1768831267617392,CSI_DATA,STATION,00:00:00:00:00:00,0,0,0,0,0,0,0,0,0,0,0,0,0,0,0,0,0,0,0,0,0,128,[84 -64 4 0 0 0 0 0 0 0 0 0 3 11 2 11 2 11 2 11 1 11 1 11 0 11 0 11 0 11 0 11 -1 11 -1 11 -1 11 -1 10 0 10 -1 10 -1 10 -1 10 -1 10 -1 10 -1 10 0 10 -1 10 -1 10 0 9 0 9 0 0 0 9 1 9 1 9 1 9 1 9 2 9 2 9 2 9 2 9 2 9 2 9 2 9 2 9 3 9 3 9 3 9 4 9 4 9 4 9 4 9 5 9 5 9 5 10 5 10 5 9 5 10 0 0 0 0 0 0 0 0 0 0]"
"1768831267623842,CSI_DATA,STATION,00:00:00:00:00:00,0,0,0,0,0,0,0,0,0,0,0,0,0,0,0,0,0,0,0,0,0,128,[84 -64 4 0 0 0 0 0 0 0 0 0 1 -13 2 -14 3 -14 3 -13 3 -14 4 -13 4 -13 5 -13 5 -12 5 -13 5 -12 5 -12 5 -12 5 -12 5 -12 5 -11 5 -11 5 -12 5 -11 5 -10 5 -10 5 -11 5 -11 5 -11 4 -10 4 -10 0 0 4 -10 4 -10 4 -10 4 -11 3 -10 3 -10 2 -10 3 -11 3 -11 3 -11 2 -11 2 -11 2 -11 2 -11 2 -12 2 -12 1 -13 2 -13 2 -13 1 -13 1 -13 1 -13 0 -14 1 -14 1 -13 1 -14 0 0 0 0 0 0 0 0 0 0]"
"1768831267628143,CSI_DATA,STATION,00:00:00:00:00:00,0,0,0,0,0,0,0,0,0,0,0,0,0,0,0,0,0,0,0,0,0,128,[84 -64 4 0 0 0 0 0 0 0 0 0 12 -1 13 -1 14 0 13 0 13 1 12 1 13 1 12 2 12 2 13 3 12 3 12 3 12 3 12 3 11 4 11 3 11 3 11 3 11 3 11 3 10 4 11 3 10 3 11 3 11 3 10 2 0 0 10 2 10 2 10 2 10 1 10 1 10 1 10 1 10 1 10 0 10 0 10 0 11 0 11 0 11 0 11 -1 11 -1 12 -1 11 -1 12 -1 12 -2 12 -2 12 -1 13 -2 13 -2 12 -2 13 -2 0 0 0 0 0 0 0 0 0 0]"
"1768831267632439,CSI_DATA,STATION,00:00:00:00:00:00,0,0,0,0,0,0,0,0,0,0,0,0,0,0,0,0,0,0,0,0,0,128,[84 -64 4 0 0 0 0 0 0 0 0 0 10 -7 10 -6 10 -5 10 -5 11 -5 11 -5 11 -4 11 -4 11 -3 11 -3 11 -3 10 -3 11 -2 10 -2 11 -2 10 -3 10 -2 10 -2 10 -2 10 -2 10 -2 10 -2 9 -2 10 -2 9 -2 9 -3 0 0 9 -3 9 -3 9 -3 9 -3 9 -3 9 -4 9 -4 9 -4 9 -4 8 -5 8 -5 9 -4 9 -5 9 -5 9 -6 8 -6 9 -6 9 -6 9 -6 9 -6 9 -7 9 -6 9 -7 9 -7 9 -7 9 -7 0 0 0 0 0 0 0 0 0 0]"
"1768831267638902,CSI_DATA,STATION,00:00:00:00:00:00,0,0,0,0,0,0,0,0,0,0,0,0,0,0,0,0,0,0,0,0,0,128,[84 -64 4 0 0 0 0 0 0 0 0 0 -13 0 -14 0 -14 -1 -14 -2 -14 -2 -13 -2 -13 -3 -13 -3 -13 -4 -13 -4 -13 -3 -13 -4 -13 -4 -13 -4 -13 -5 -12 -4 -12 -4 -11 -4 -12 -4 -11 -5 -12 -5 -12 -4 -11 -4 -12 -4 -11 -4 -11 -4 0 0 -11 -3 -11 -3 -11 -3 -10 -3 -11 -3 -11 -3 -11 -3 -12 -2 -11 -2 -11 -2 -12 -1 -12 -2 -12 -1 -12 -1 -12 -1 -12 0 -13 -1 -13 -1 -12 0 -13 0 -13 0 -13 0 -14 0 -14 1 -14 1 -14 1 0 0 0 0 0 0 0 0 0 0]"
"1768831267643296,CSI_DATA,STATION,00:00:00:00:00:00,0,0,0,0,0,0,0,0,0,0,0,0,0,0,0,0,0,0,0,0,0,128,[84 -64 4 0 0 0 0 0 0 0 0 0 -4 -13 -3 -13 -3 -14 -3 -14 -2 -14 -2 -14 -1 -14 -1 -14 -1 -14 -1 -13 0 -13 0 -13 0 -13 1 -13 0 -13 1 -12 1 -12 1 -12 0 -12 0 -12 0 -12 0 -12 1 -12 1 -12 0 -12 0 -12 0 0 0 -11 -1 -11 -1 -11 -1 -11 -1 -11 -2 -11 -2 -11 -2 -11 -2 -11 -2 -11 -2 -11 -2 -12 -3 -12 -3 -12 -3 -12 -3 -12 -3 -12 -4 -12 -4 -12 -4 -12 -4 -13 -5 -12 -5 -13 -5 -13 -4 -13 -4 -13 0 0 0 0 0 0 0 0 0 0]"
"1768831267650135,CSI_DATA,STATION,00:00:00:00:00:00,0,0,0,0,0,0,0,0,0,0,0,0,0,0,0,0,0,0,0,0,0,128,[84 -64 4 0 0 0 0 0 0 0 0 0 -14 -2 -14 -2 -14 -3 -14 -3 -14 -3 -13 -4 -13 -4 -13 -5 -13 -4 -13 -5 -12 -5 -12 -5 -12 -6 -12 -6 -11 -6 -11 -5 -11 -5 -11 -5 -12 -6 -11 -6 -11 -6 -11 -6 -11 -5 -11 -5 -10 -5 -10 -4 0 0 -10 -4 -11 -4 -11 -4 -10 -3 -11 -4 -11 -4 -11 -3 -11 -3 -11 -3 -11 -3 -11 -2 -12 -2 -12 -2 -12 -2 -12 -2 -12 -1 -12 -2 -12 -1 -12 -1 -13 -1 -13 -1 -13 -1 -14 -1 -14 -1 -13 -1 -13 -1 0 0 0 0 0 0 0 0 0 0]"
"1768831267654596,CSI_DATA,STATION,00:00:00:00:00:00,0,0,0,0,0,0,0,0,0,0,0,0,0,0,0,0,0,0,0,0,0,128,[84 -64 4 0 0 0 0 0 0 0 0 0 -2 13 -2 13 -3 13 -3 13 -3 12 -4 12 -4 12 -5 12 -5 11 -5 12 -5 11 -5 11 -5 11 -5 11 -5 11 -5 10 -6 11 -6 10 -5 10 -5 10 -6 10 -5 10 -5 10 -5 10 -4 10 -4 10 0 0 -4 10 -3 10 -3 10 -3 10 -3 10 -3 10 -3 10 -3 10 -3 10 -3 10 -2 10 -1 10 -1 11 -1 11 -2 11 -1 11 -1 11 -1 11 -1 11 -1 11 0 12 0 12 0 12 1 12 0 12 0 12 0 0 0 0 0 0 0 0 0 0]"
"1768831267658930,CSI_DATA,STATION,00:00:00:00:00:00,0,0,0,0,0,0,0,0,0,0,0,0,0,0,0,0,0,0,0,0,0,128,[84 -64 4 0 0 0 0 0 0 0 0 0 -8 -9 -9 -9 -8 -9 -9 -10 -7 -10 -8 -10 -7 -10 -7 -10 -6 -10 -7 -10 -6 -10 -6 -10 -6 -10 -6 -10 -6 -11 -5 -10 -5 -10 -4 -9 -5 -10 -5 -10 -5 -10 -5 -10 -5 -9 -5 -9 -5 -9 -5 -9 0 0 -5 -9 -5 -8 -6 -9 -5 -8 -6 -9 -6 -9 -6 -8 -6 -8 -6 -8 -6 -8 -7 -8 -7 -8 -7 -8 -8 -8 -7 -8 -8 -8 -8 -8 -8 -8 -8 -8 -8 -8 -8 -8 -9 -8 -9 -8 -9 -8 -9 -8 -9 -8 0 0 0 0 0 0 0 0 0 0]"
"1768831267665309,CSI_DATA,STATION,00:00:00:00:00:00,0,0,0,0,0,0,0,0,0,0,0,0,0,0,0,0,0,0,0,0,0,128,[84 -64 4 0 0 0 0 0 0 0 0 0 11 -6 11 -5 12 -5 12 -4 12 -3 12 -3 12 -3 12 -2 12 -3 13 -2 12 -2 12 -1 12 -1 12 -1 12 -1 11 -2 11 -1 11 -1 11 -1 11 -1 11 -1 10 -1 11 -1 10 -1 10 -1 10 -2 0 0 10 -2 10 -2 10 -2 10 -3 10 -2 10 -3 10 -3 10 -3 10 -4 10 -4 9 -4 10 -4 10 -4 10 -4 10 -5 10 -5 10 -6 10 -6 10 -6 10 -6 10 -6 10 -6 10 -6 10 -7 10 -8 10 -7 0 0 0 0 0 0 0 0 0 0]"
"1768831267669650,CSI_DATA,STATION,00:00:00:00:00:00,0,0,0,0,0,0,0,0,0,0,0,0,0,0,0,0,0,0,0,0,0,128,[84 -64 4 0 0 0 0 0 0 0 0 0 -9 -10 -9 -11 -9 -11 -9 -12 -9 -12 -8 -12 -7 -12 -7 -13 -7 -12 -7 -13 -6 -13 -6 -13 -5 -13 -6 -12 -5 -13 -5 -12 -5 -12 -4 -12 -5 -12 -5 -12 -5 -12 -5 -11 -4 -11 -5 -12 -5 -11 -5 -11 0 0 -5 -11 -6 -11 -6 -10 -6 -10 -6 -11 -6 -11 -6 -10 -6 -10 -6 -10 -7 -10 -7 -10 -7 -10 -7 -10 -8 -10 -8 -10 -8 -10 -9 -10 -9 -10 -8 -10 -9 -10 -9 -10 -9 -10 -10 -10 -10 -10 -9 -10 -10 -10 0 0 0 0 0 0 0 0 0 0]"
"1768831267676171,CSI_DATA,STATION,00:00:00:00:00:00,0,0,0,0,0,0,0,0,0,0,0,0,0,0,0,0,0,0,0,0,0,128,[84 -64 4 0 0 0 0 0 0 0 0 0 -2 13 -3 13 -3 13 -3 13 -4 13 -4 12 -5 12 -6 12 -5 12 -6 12 -6 12 -6 11 -6 12 -6 11 -6 11 -6 11 -6 11 -6 11 -6 10 -6 10 -6 10 -6 10 -6 10 -6 10 -5 10 -5 10 0 0 -5 10 -4 10 -4 10 -4 10 -4 10 -4 10 -4 10 -3 10 -3 10 -3 10 -3 11 -3 11 -2 11 -2 11 -2 11 -2 11 -2 12 -2 11 -2 12 -1 12 -1 12 -1 12 -1 13 -1 13 -1 13 -1 13 0 0 0 0 0 0 0 0 0 0]"
"1768831267680480,CSI_DATA,STATION,00:00:00:00:00:00,0,0,0,0,0,0,0,0,0,0,0,0,0,0,0,0,0,0,0,0,0,128,[84 -64 4 0 0 0 0 0 0 0 0 0 -8 11 -9 11 -9 11 -9 11 -10 10 -10 10 -10 10 -11 9 -11 9 -11 9 -11 8 -11 8 -11 8 -11 8 -11 7 -11 8 -10 7 -11 7 -10 6 -11 7 -10 6 -10 6 -10 7 -10 6 -10 6 -10 7 0 0 -9 7 -10 7 -9 7 -9 7 -9 7 -9 7 -8 8 -9 7 -8 8 -8 9 -8 9 -8 8 -8 8 -8 9 -8 9 -8 9 -8 10 -8 10 -8 10 -8 11 -8 11 -8 11 -8 11 -8 11 -8 11 -8 11 0 0 0 0 0 0 0 0 0 0]"
"1768831267684784,CSI_DATA,STATION,00:00:00:00:00:00,0,0,0,0,0,0,0,0,0,0,0,0,0,0,0,0,0,0,0,0,0,128,[84 -64 4 0 0 0 0 0 0 0 0 0 12 -5 13 -5 14 -4 13 -4 13 -4 14 -3 13 -3 13 -2 13 -2 14 -1 13 -1 13 -1 13 -1 13 0 13 0 12 -1 12 0 12 0 12 0 12 0 12 0 12 0 11 -1 12 0 11 -1 11 -2 0 0 11 -2 11 -2 11 -2 11 -2 11 -2 11 -2 11 -2 11 -2 11 -3 10 -3 11 -4 11 -3 11 -4 12 -4 11 -4 11 -5 11 -5 11 -5 12 -6 11 -6 12 -6 12 -5 12 -6 12 -6 12 -6 12 -6 0 0 0 0 0 0 0 0 0 0]"
"1768831267695495,CSI_DATA,STATION,00:00:00:00:00:00,0,0,0,0,0,0,0,0,0,0,0,0,0,0,0,0,0,0,0,0,0,128,[84 -64 4 0 0 0 0 0 0 0 0 0 -9 10 -10 9 -10 9 -10 9 -11 8 -11 8 -11 8 -11 7 -11 7 -12 6 -11 6 -11 6 -11 6 -11 5 -12 5 -11 6 -11 5 -11 5 -11 5 -11 5 -10 4 -11 5 -10 5 -10 5 -10 5 -10 5 0 0 -9 5 -10 5 -9 6 -9 6 -9 6 -9 6 -9 6 -9 6 -8 7 -9 7 -9 7 -8 7 -8 7 -8 8 -8 8 -8 9 -8 8 -8 9 -8 9 -8 9 -8 10 -8 10 -8 9 -8 10 -8 10 -8 10 0 0 0 0 0 0 0 0 0 0]"
"1768831267701950,CSI_DATA,STATION,00:00:00:00:00:00,0,0,0,0,0,0,0,0,0,0,0,0,0,0,0,0,0,0,0,0,0,128,[84 -64 4 0 0 0 0 0 0 0 0 0 6 -11 6 -11 6 -11 7 -10 7 -10 8 -10 8 -9 8 -9 8 -9 9 -9 8 -8 9 -8 9 -8 8 -8 8 -7 8 -8 8 -7 8 -8 8 -7 8 -7 8 -7 8 -7 8 -7 7 -7 7 -7 7 -7 0 0 7 -7 7 -7 6 -7 7 -7 6 -8 6 -8 6 -8 6 -8 6 -8 6 -8 6 -8 5 -9 5 -9 5 -9 5 -10 5 -10 5 -10 5 -10 5 -10 5 -10 5 -10 5 -10 5 -11 5 -11 5 -11 5 -11 0 0 0 0 0 0 0 0 0 0]"
"1768831267706250,CSI_DATA,STATION,00:00:00:00:00:00,0,0,0,0,0,0,0,0,0,0,0,0,0,0,0,0,0,0,0,0,0,128,[84 -64 4 0 0 0 0 0 0 0 0 0 3 14 3 14 2 14 2 15 2 14 1 14 1 14 0 14 0 14 0 14 -1 14 -1 13 -1 14 -1 13 -1 13 -1 13 -2 13 -2 12 -1 12 -1 12 -1 12 -1 12 -2 12 -1 12 -1 11 -1 11 0 0 0 11 1 11 1 11 1 11 1 11 2 11 2 11 2 11 2 11 1 11 2 11 3 11 3 11 3 11 4 11 4 11 4 11 4 12 5 11 5 12 5 12 6 11 6 12 6 12 5 12 6 12 0 0 0 0 0 0 0 0 0 0]"
"1768831267712698,CSI_DATA,STATION,00:00:00:00:00:00,0,0,0,0,0,0,0,0,0,0,0,0,0,0,0,0,0,0,0,0,0,128,[84 -64 4 0 0 0 0 0 0 0 0 0 -1 11 -1 11 -1 12 -2 11 -2 11 -2 12 -3 12 -3 11 -4 11 -4 11 -4 11 -4 10 -4 10 -4 10 -4 10 -4 10 -4 10 -5 10 -4 9 -4 9 -4 9 -4 9 -4 9 -4 9 -3 9 -4 9 0 0 -4 9 -3 8 -2 9 -3 9 -3 9 -2 9 -2 9 -2 9 -2 9 -2 9 -2 9 -1 10 -1 10 -1 10 -1 10 -1 10 0 10 0 10 0 10 0 10 -1 11 0 11 1 11 1 11 0 11 0 11 0 0 0 0 0 0 0 0 0 0]"
"1768831267716999,CSI_DATA,STATION,00:00:00:00:00:00,0,0,0,0,0,0,0,0,0,0,0,0,0,0,0,0,0,0,0,0,0,128,[84 -64 4 0 0 0 0 0 0 0 0 0 -13 -5 -12 -6 -13 -6 -13 -7 -12 -7 -12 -8 -11 -8 -11 -8 -11 -9 -11 -9 -10 -9 -10 -9 -10 -9 -10 -9 -10 -9 -9 -9 -9 -8 -9 -9 -9 -9 -9 -9 -9 -9 -9 -8 -8 -8 -9 -8 -9 -8 -8 -8 0 0 -8 -7 -9 -7 -9 -7 -9 -7 -10 -7 -9 -7 -10 -6 -10 -6 -9 -6 -10 -6 -10 -6 -10 -6 -10 -6 -11 -5 -10 -5 -10 -5 -12 -5 -11 -5 -11 -5 -12 -5 -12 -5 -12 -5 -13 -5 -13 -5 -12 -5 -12 -5 0 0 0 0 0 0 0 0 0 0]"
"1768831267723614,CSI_DATA,STATION,00:00:00:00:00:00,0,0,0,0,0,0,0,0,0,0,0,0,0,0,0,0,0,0,0,0,0,128,[84 -64 4 0 0 0 0 0 0 0 0 0 1 -14 2 -14 2 -13 3 -13 3 -14 3 -14 4 -13 4 -13 5 -13 5 -12 5 -13 5 -12 5 -11 5 -12 5 -11 5 -11 6 -11 5 -11 5 -11 5 -10 5 -10 5 -11 5 -11 5 -10 4 -10 4 -10 0 0 4 -10 3 -10 4 -10 3 -10 3 -10 3 -10 2 -10 2 -11 2 -11 2 -11 2 -11 2 -11 1 -11 2 -12 1 -11 1 -12 1 -12 1 -13 1 -12 0 -13 0 -12 0 -13 0 -13 0 -13 0 -13 0 -13 0 0 0 0 0 0 0 0 0 0]"
"1768831267728087,CSI_DATA,STATION,00:00:00:00:00:00,0,0,0,0,0,0,0,0,0,0,0,0,0,0,0,0,0,0,0,0,0,128,[84 -64 4 0 0 0 0 0 0 0 0 0 -13 4 -13 3 -13 3 -14 3 -13 2 -14 2 -13 1 -14 1 -13 1 -14 1 -13 0 -13 1 -13 0 -12 0 -13 0 -12 0 -12 0 -11 -1 -12 -1 -12 -1 -11 0 -11 -1 -11 0 -11 0 -11 0 -11 1 0 0 -10 1 -11 1 -11 1 -11 1 -11 1 -11 2 -11 2 -11 2 -10 2 -10 3 -11 4 -11 3 -11 4 -11 4 -10 4 -11 4 -10 4 -11 5 -11 5 -11 5 -11 6 -11 5 -11 5 -11 6 -11 6 -11 6 0 0 0 0 0 0 0 0 0 0]"
"1768831267732560,CSI_DATA,STATION,00:00:00:00:00:00,0,0,0,0,0,0,0,0,0,0,0,0,0,0,0,0,0,0,0,0,0,128,[84 -64 4 0 0 0 0 0 0 0 0 0 18 8 18 9 19 9 17 11 18 11 16 11 16 11 15 11 15 12 15 13 14 13 14 12 14 13 14 13 13 13 12 12 12 12 12 12 12 13 12 12 12 12 12 12 11 11 11 12 12 11 11 11 0 0 11 10 12 10 12 10 12 9 12 9 13 9 12 9 12 8 13 8 12 7 13 7 13 8 14 7 15 7 14 6 14 5 15 6 15 5 15 5 15 5 16 5 17 5 17 5 17 6 17 5 17 4 0 0 0 0 0 0 0 0 0 0]"
"1768831267737036,CSI_DATA,STATION,00:00:00:00:00:00,0,0,0,0,0,0,0,0,0,0,0,0,0,0,0,0,0,0,0,0,0,128,[84 -64 4 0 0 0 0 0 0 0 0 0 -5 14 -6 14 -6 13 -6 13 -7 13 -8 12 -8 12 -9 12 -8 11 -9 11 -9 11 -9 10 -9 11 -9 10 -9 10 -9 10 -9 10 -9 10 -9 9 -9 9 -8 8 -8 9 -8 9 -8 9 -7 8 -7 9 0 0 -7 8 -7 9 -6 9 -7 9 -6 9 -6 9 -5 9 -6 9 -6 9 -6 10 -6 10 -5 10 -5 10 -4 11 -5 11 -4 11 -4 11 -4 11 -4 12 -4 11 -4 12 -4 12 -4 12 -3 12 -4 12 -4 13 0 0 0 0 0 0 0 0 0 0]"
"1768831267743729,CSI_DATA,STATION,00:00:00:00:00:00,0,0,0,0,0,0,0,0,0,0,0,0,0,0,0,0,0,0,0,0,0,128,[84 -64 4 0 0 0 0 0 0 0 0 0 12 5 12 6 13 7 12 7 12 7 11 8 11 8 10 9 10 9 11 9 10 8 9 9 10 8 9 9 9 9 8 9 8 8 8 9 8 8 7 9 8 8 8 9 7 8 8 8 8 7 8 7 0 0 7 7 8 8 8 7 7 7 8 7 8 7 9 7 8 7 8 6 9 6 9 5 9 6 10 6 10 5 9 5 10 5 11 5 10 5 10 5 10 5 11 5 11 5 11 6 12 5 12 5 12 5 0 0 0 0 0 0 0 0 0 0]"
"1768831267748231,CSI_DATA,STATION,00:00:00:00:00:00,0,0,0,0,0,0,0,0,0,0,0,0,0,0,0,0,0,0,0,0,0,128,[84 -64 4 0 0 0 0 0 0 0 0 0 -8 -13 -7 -13 -7 -13 -7 -14 -6 -14 -6 -14 -5 -14 -5 -14 -5 -14 -5 -14 -3 -14 -4 -14 -3 -13 -3 -13 -3 -14 -3 -13 -3 -12 -2 -12 -3 -13 -3 -12 -3 -12 -3 -12 -3 -12 -3 -12 -3 -12 -3 -11 0 0 -4 -11 -4 -11 -4 -11 -4 -11 -4 -11 -5 -11 -5 -11 -6 -10 -5 -10 -5 -10 -6 -10 -6 -10 -7 -10 -7 -10 -7 -10 -7 -10 -8 -10 -8 -10 -8 -10 -8 -10 -9 -10 -9 -10 -9 -11 -9 -11 -9 -10 -9 -10 0 0 0 0 0 0 0 0 0 0]"
"1768831267752935,CSI_DATA,STATION,00:00:00:00:00:00,0,0,0,0,0,0,0,0,0,0,0,0,0,0,0,0,0,0,0,0,0,128,[84 -64 4 0 0 0 0 0 0 0 0 0 3 12 2 12 2 12 2 13 1 13 0 13 0 12 -1 12 -1 12 -1 13 -1 12 -1 11 -2 11 -1 11 -2 11 -1 11 -2 11 -2 10 -1 11 -1 11 -1 10 -1 10 -1 10 -1 10 -1 10 -1 10 0 0 0 9 0 10 1 9 0 10 1 10 1 9 1 9 2 9 1 9 1 9 2 9 2 9 2 9 3 9 3 9 3 9 4 9 4 9 4 9 4 9 4 9 5 10 5 10 5 10 4 10 5 10 0 0 0 0 0 0 0 0 0 0]"
"1768831267759514,CSI_DATA,STATION,00:00:00:00:00:00,0,0,0,0,0,0,0,0,0,0,0,0,0,0,0,0,0,0,0,0,0,128,[84 -64 4 0 0 0 0 0 0 0 0 0 -14 2 -14 1 -15 0 -15 0 -15 -1 -14 -1 -14 -2 -14 -2 -13 -2 -14 -3 -13 -3 -13 -3 -13 -4 -13 -4 -12 -4 -12 -3 -12 -3 -12 -4 -12 -4 -12 -4 -11 -4 -11 -3 -11 -3 -11 -4 -11 -3 -11 -2 0 0 -10 -2 -11 -2 -10 -2 -10 -1 -11 -2 -11 -1 -11 -1 -11 -1 -10 -1 -11 0 -11 0 -11 0 -11 0 -11 0 -11 1 -11 1 -12 1 -12 1 -12 1 -12 2 -12 1 -12 2 -13 2 -13 2 -12 3 -12 3 0 0 0 0 0 0 0 0 0 0]"
"1768831267763885,CSI_DATA,STATION,00:00:00:00:00:00,0,0,0,0,0,0,0,0,0,0,0,0,0,0,0,0,0,0,0,0,0,128,[84 -64 4 0 0 0 0 0 0 0 0 0 -14 5 -13 4 -14 4 -13 3 -14 3 -14 3 -14 2 -14 2 -14 1 -14 1 -13 1 -14 1 -13 0 -13 1 -13 0 -13 1 -12 0 -12 0 -12 0 -12 0 -12 0 -12 0 -12 0 -11 0 -11 1 -11 1 0 0 -10 1 -11 1 -10 1 -11 2 -10 2 -11 2 -10 2 -10 2 -10 4 -10 3 -10 4 -10 4 -10 4 -10 4 -10 5 -10 5 -10 5 -10 5 -10 6 -10 5 -10 6 -10 6 -11 6 -10 7 -10 7 -10 7 0 0 0 0 0 0 0 0 0 0]"
"1768831267768169,CSI_DATA,STATION,00:00:00:00:00:00,0,0,0,0,0,0,0,0,0,0,0,0,0,0,0,0,0,0,0,0,0,128,[84 -64 4 0 0 0 0 0 0 0 0 0 5 13 4 12 4 13 4 14 3 13 2 13 2 13 1 13 1 13 1 14 1 13 0 12 0 12 1 12 0 12 0 12 0 12 0 11 0 11 0 12 0 11 1 11 0 10 0 11 1 10 1 10 0 0 1 10 2 10 2 10 1 9 2 10 3 10 3 10 3 9 3 8 3 9 3 9 4 9 4 9 4 9 4 9 4 9 5 9 5 9 5 9 6 9 6 9 7 9 7 9 7 9 7 9 7 9 0 0 0 0 0 0 0 0 0 0]"
"1768831267774624,CSI_DATA,STATION,00:00:00:00:00:00,0,0,0,0,0,0,0,0,0,0,0,0,0,0,0,0,0,0,0,0,0,128,[84 -64 4 0 0 0 0 0 0 0 0 0 10 -10 11 -9 11 -9 11 -8 12 -8 12 -8 11 -7 12 -7 12 -6 12 -6 11 -6 12 -6 11 -5 11 -5 12 -4 11 -5 11 -5 10 -5 11 -5 10 -4 10 -4 10 -4 10 -5 10 -5 9 -4 9 -5 0 0 9 -5 8 -5 8 -5 8 -5 8 -6 8 -6 8 -6 8 -7 8 -7 7 -7 8 -7 7 -7 7 -7 7 -7 7 -8 7 -8 7 -9 7 -9 7 -9 7 -9 7 -10 7 -10 7 -10 7 -10 7 -10 7 -11 0 0 0 0 0 0 0 0 0 0]"
"1768831267778932,CSI_DATA,STATION,00:00:00:00:00:00,0,0,0,0,0,0,0,0,0,0,0,0,0,0,0,0,0,0,0,0,0,128,[84 -64 4 0 0 0 0 0 0 0 0 0 -13 5 -13 4 -15 3 -14 3 -14 2 -14 2 -14 1 -14 1 -14 1 -14 0 -14 0 -13 0 -13 -1 -13 -1 -13 -1 -13 -1 -12 -1 -13 -1 -12 -1 -12 -1 -12 -1 -12 -1 -11 -1 -11 -1 -12 -1 -11 0 0 0 -10 0 -11 1 -11 0 -11 1 -11 1 -11 1 -11 1 -11 1 -10 2 -10 2 -11 3 -10 2 -10 3 -10 3 -11 3 -10 4 -11 3 -11 4 -11 4 -11 4 -11 5 -11 5 -11 5 -11 5 -11 5 -11 5 0 0 0 0 0 0 0 0 0 0]"
"1768831267785377,CSI_DATA,STATION,00:00:00:00:00:00,0,0,0,0,0,0,0,0,0,0,0,0,0,0,0,0,0,0,0,0,0,128,[84 -64 4 0 0 0 0 0 0 0 0 0 6 -13 6 -13 6 -13 6 -12 7 -12 8 -12 8 -11 8 -11 8 -11 8 -10 8 -10 8 -10 8 -9 8 -9 9 -9 8 -9 8 -9 8 -9 8 -8 8 -8 7 -8 7 -8 7 -8 7 -8 7 -8 6 -8 0 0 6 -9 5 -8 5 -8 5 -8 5 -9 5 -9 5 -9 5 -9 4 -9 4 -9 4 -9 4 -10 4 -10 4 -10 4 -10 3 -10 3 -11 3 -11 3 -11 3 -11 3 -11 2 -11 2 -11 2 -12 2 -12 2 -12 0 0 0 0 0 0 0 0 0 0]"
"1768831267789760,CSI_DATA,STATION,00:00:00:00:00:00,0,0,0,0,0,0,0,0,0,0,0,0,0,0,0,0,0,0,0,0,0,128,[84 -64 4 0 0 0 0 0 0 0 0 0 -16 -2 -16 -2 -16 -3 -16 -4 -15 -4 -15 -5 -15 -5 -15 -6 -14 -5 -15 -6 -14 -6 -13 -6 -14 -7 -14 -7 -13 -7 -13 -6 -13 -6 -13 -6 -13 -7 -12 -6 -12 -6 -12 -6 -11 -5 -12 -5 -11 -6 -11 -5 0 0 -11 -4 -11 -4 -12 -4 -11 -3 -12 -4 -12 -3 -11 -3 -12 -3 -12 -3 -11 -2 -12 -2 -12 -2 -12 -2 -13 -1 -12 -1 -12 0 -13 -1 -13 -1 -13 0 -12 0 -13 0 -14 0 -14 0 -14 0 -14 1 -14 1 0 0 0 0 0 0 0 0 0 0]"
"1768831267794227,CSI_DATA,STATION,00:00:00:00:00:00,0,0,0,0,0,0,0,0,0,0,0,0,0,0,0,0,0,0,0,0,0,128,[84 -64 4 0 0 0 0 0 0 0 0 0 6 -13 6 -13 6 -13 7 -12 7 -12 8 -12 8 -11 9 -11 9 -11 9 -11 9 -10 9 -10 8 -9 8 -9 8 -9 9 -9 9 -9 8 -9 8 -8 8 -8 8 -8 8 -8 8 -8 7 -8 7 -8 7 -8 0 0 7 -8 6 -8 6 -8 6 -8 5 -8 5 -9 5 -8 5 -9 5 -9 5 -9 5 -9 4 -9 4 -9 4 -9 4 -10 4 -10 3 -11 4 -11 4 -11 4 -11 4 -11 3 -11 3 -12 2 -12 3 -12 3 -12 0 0 0 0 0 0 0 0 0 0]"
"1768831267800945,CSI_DATA,STATION,00:00:00:00:00:00,0,0,0,0,0,0,0,0,0,0,0,0,0,0,0,0,0,0,0,0,0,128,[84 -64 4 0 0 0 0 0 0 0 0 0 -8 -12 -8 -12 -7 -13 -7 -13 -7 -13 -6 -13 -5 -13 -5 -13 -4 -13 -5 -14 -4 -13 -4 -13 -4 -13 -4 -13 -4 -13 -3 -12 -3 -12 -3 -11 -3 -12 -3 -12 -3 -11 -3 -11 -3 -11 -3 -11 -4 -11 -3 -10 0 0 -4 -10 -4 -10 -4 -10 -4 -10 -5 -10 -5 -10 -5 -10 -5 -9 -5 -9 -6 -9 -6 -9 -6 -9 -7 -9 -7 -9 -7 -8 -7 -9 -8 -9 -8 -8 -8 -8 -8 -8 -8 -8 -9 -8 -9 -9 -10 -8 -9 -8 -9 -8 0 0 0 0 0 0 0 0 0 0]"
"1768831267809888,CSI_DATA,STATION,00:00:00:00:00:00,0,0,0,0,0,0,0,0,0,0,0,0,0,0,0,0,0,0,0,0,0,128,[84 -64 4 0 0 0 0 0 0 0 0 0 14 -6 14 -6 14 -5 14 -5 15 -4 14 -4 15 -3 15 -3 14 -2 15 -1 14 -2 14 -1 13 0 13 0 14 0 13 -1 13 0 12 0 12 0 12 0 12 0 11 0 11 -1 11 -1 11 -1 11 -1 0 0 11 -1 11 -1 10 -1 10 -2 10 -2 11 -3 10 -2 10 -3 10 -3 9 -3 9 -4 10 -4 10 -4 10 -4 10 -5 10 -5 10 -5 10 -6 10 -6 10 -6 10 -6 10 -6 10 -6 10 -7 11 -7 10 -7 0 0 0 0 0 0 0 0 0 0]"
"1768831267816575,CSI_DATA,STATION,00:00:00:00:00:00,0,0,0,0,0,0,0,0,0,0,0,0,0,0,0,0,0,0,0,0,0,128,[84 -64 4 0 0 0 0 0 0 0 0 0 13 1 13 1 14 2 13 3 13 3 13 3 12 4 13 4 12 4 12 4 12 4 11 4 11 5 11 5 11 5 10 5 10 5 10 5 10 5 10 5 10 4 10 4 9 4 9 4 9 4 9 3 0 0 9 3 9 3 9 3 9 1 9 2 9 2 9 1 9 2 9 1 9 1 9 0 9 1 10 0 9 0 9 0 9 -1 10 -1 10 -1 10 -1 10 -2 10 -2 10 -2 11 -2 11 -2 11 -2 11 -3 0 0 0 0 0 0 0 0 0 0]"
"1768831267821038,CSI_DATA,STATION,00:00:00:00:00:00,0,0,0,0,0,0,0,0,0,0,0,0,0,0,0,0,0,0,0,0,0,128,[84 -64 4 0 0 0 0 0 0 0 0 0 -14 -2 -14 -3 -14 -3 -15 -4 -14 -4 -14 -5 -13 -5 -13 -5 -13 -5 -13 -6 -13 -6 -12 -6 -12 -6 -11 -6 -12 -7 -11 -6 -11 -6 -10 -6 -11 -6 -10 -6 -11 -6 -10 -5 -10 -5 -10 -5 -10 -5 -10 -5 0 0 -10 -4 -10 -4 -10 -4 -9 -4 -10 -4 -10 -3 -10 -3 -10 -2 -10 -3 -10 -2 -10 -2 -10 -2 -10 -2 -11 -1 -10 -1 -11 -1 -11 -1 -11 -1 -11 0 -11 0 -11 0 -12 0 -12 0 -12 0 -11 1 -12 1 0 0 0 0 0 0 0 0 0 0]"
"1768831267825490,CSI_DATA,STATION,00:00:00:00:00:00,0,0,0,0,0,0,0,0,0,0,0,0,0,0,0,0,0,0,0,0,0,128,[84 -64 4 0 0 0 0 0 0 0 0 0 -3 15 -4 15 -5 15 -5 15 -5 15 -7 14 -7 13 -7 14 -8 13 -7 13 -7 13 -7 12 -8 12 -7 11 -8 11 -8 11 -8 11 -8 11 -8 11 -7 10 -6 10 -7 9 -7 9 -6 10 -6 9 -6 10 0 0 -6 10 -5 9 -5 10 -5 9 -5 10 -4 9 -4 9 -4 10 -4 10 -3 9 -3 10 -2 10 -2 11 -2 11 -2 10 -2 11 -1 11 -2 11 -2 11 -2 11 -1 11 -1 12 -1 11 0 12 0 12 0 12 0 0 0 0 0 0 0 0 0 0]"
"1768831267832116,CSI_DATA,STATION,00:00:00:00:00:00,0,0,0,0,0,0,0,0,0,0,0,0,0,0,0,0,0,0,0,0,0,128,[84 -64 4 0 0 0 0 0 0 0 0 0 -14 -9 -13 -9 -13 -10 -13 -10 -12 -11 -12 -11 -11 -11 -11 -11 -10 -11 -10 -12 -10 -12 -9 -11 -10 -12 -9 -12 -8 -12 -8 -11 -8 -11 -8 -11 -8 -11 -8 -11 -8 -11 -8 -11 -7 -9 -8 -10 -8 -9 -8 -9 0 0 -8 -8 -8 -9 -8 -8 -8 -8 -9 -8 -8 -8 -9 -7 -9 -7 -9 -7 -9 -6 -10 -6 -10 -6 -10 -6 -10 -6 -10 -6 -10 -5 -11 -5 -11 -5 -11 -5 -11 -5 -11 -5 -12 -5 -12 -5 -13 -4 -12 -4 -13 -4 0 0 0 0 0 0 0 0 0 0]"
"1768831267836567,CSI_DATA,STATION,00:00:00:00:00:00,0,0,0,0,0,0,0,0,0,0,0,0,0,0,0,0,0,0,0,0,0,128,[84 -64 4 0 0 0 0 0 0 0 0 0 -10 13 -10 12 -10 12 -10 12 -11 11 -12 11 -12 10 -13 10 -12 10 -12 9 -12 9 -12 8 -12 9 -11 8 -12 8 -11 7 -11 7 -11 7 -11 7 -11 7 -10 7 -10 7 -10 7 -10 8 -9 7 -9 7 0 0 -9 7 -8 7 -8 8 -8 7 -8 8 -7 7 -7 7 -7 8 -7 8 -7 8 -6 9 -6 9 -6 9 -6 9 -5 9 -5 10 -5 10 -5 10 -5 11 -5 10 -4 11 -4 11 -4 11 -4 12 -4 11 -4 12 0 0 0 0 0 0 0 0 0 0]"
"1768831267840959,CSI_DATA,STATION,00:00:00:00:00:00,0,0,0,0,0,0,0,0,0,0,0,0,0,0,0,0,0,0,0,0,0,128,[84 -64 4 0 0 0 0 0 0 0 0 0 -16 -2 -16 -2 -17 -3 -16 -4 -16 -4 -16 -4 -15 -5 -15 -5 -14 -5 -15 -6 -14 -6 -13 -6 -14 -6 -14 -7 -13 -7 -13 -6 -12 -6 -12 -6 -12 -7 -12 -7 -12 -6 -11 -6 -11 -6 -12 -5 -11 -5 -10 -5 0 0 -10 -4 -11 -4 -11 -4 -10 -3 -11 -4 -11 -4 -11 -3 -11 -3 -11 -3 -11 -2 -11 -2 -11 -2 -11 -2 -12 -1 -12 -1 -11 0 -13 -1 -12 -1 -12 0 -12 0 -12 0 -13 0 -13 0 -13 0 -13 1 -13 1 0 0 0 0 0 0 0 0 0 0]"
"1768831267847421,CSI_DATA,STATION,00:00:00:00:00:00,0,0,0,0,0,0,0,0,0,0,0,0,0,0,0,0,0,0,0,0,0,128,[84 -64 4 0 0 0 0 0 0 0 0 0 8 10 8 10 8 11 8 11 7 11 6 12 6 11 5 12 5 12 5 12 4 12 4 12 4 11 4 11 4 12 3 11 3 10 3 10 3 10 3 11 3 10 3 10 3 9 3 9 3 9 3 9 0 0 3 8 4 9 4 8 4 8 4 8 5 8 5 8 5 8 5 7 5 7 5 7 5 8 6 7 6 7 6 6 6 7 7 6 7 7 7 6 7 6 7 7 8 6 8 7 8 7 8 6 8 7 0 0 0 0 0 0 0 0 0 0]"
"1768831267851744,CSI_DATA,STATION,00:00:00:00:00:00,0,0,0,0,0,0,0,0,0,0,0,0,0,0,0,0,0,0,0,0,0,128,[84 -64 4 0 0 0 0 0 0 0 0 0 -14 -8 -14 -8 -15 -9 -13 -9 -14 -10 -12 -10 -12 -10 -12 -11 -11 -10 -12 -11 -11 -11 -10 -11 -11 -12 -10 -11 -10 -11 -9 -10 -9 -10 -9 -10 -9 -10 -9 -10 -9 -10 -9 -10 -9 -9 -9 -9 -9 -9 -8 -8 0 0 -9 -7 -9 -8 -9 -7 -9 -7 -9 -7 -9 -7 -10 -7 -10 -6 -10 -6 -10 -5 -10 -5 -11 -5 -11 -5 -11 -5 -11 -5 -11 -4 -12 -4 -11 -4 -11 -3 -12 -3 -12 -3 -12 -3 -13 -3 -13 -3 -13 -2 -12 -2 0 0 0 0 0 0 0 0 0 0]"
"1768831267856182,CSI_DATA,STATION,00:00:00:00:00:00,0,0,0,0,0,0,0,0,0,0,0,0,0,0,0,0,0,0,0,0,0,128,[84 -64 4 0 0 0 0 0 0 0 0 0 0 15 -1 16 -2 16 -2 16 -2 15 -3 15 -4 14 -4 14 -5 14 -4 14 -5 14 -5 13 -6 13 -5 13 -6 13 -6 12 -6 12 -6 12 -5 12 -5 11 -5 11 -5 11 -5 10 -5 10 -4 10 -4 11 0 0 -4 10 -3 10 -3 10 -3 10 -3 10 -2 10 -2 10 -2 10 -2 10 -2 10 -1 10 -1 10 -1 11 0 11 0 10 0 11 0 11 0 10 1 11 1 11 1 11 1 11 1 11 2 11 2 12 2 12 0 0 0 0 0 0 0 0 0 0]"
"1768831267862638,CSI_DATA,STATION,00:00:00:00:00:00,0,0,0,0,0,0,0,0,0,0,0,0,0,0,0,0,0,0,0,0,0,128,[84 -64 4 0 0 0 0 0 0 0 0 0 -14 -1 -14 -2 -15 -3 -14 -3 -15 -4 -14 -4 -13 -5 -14 -5 -13 -5 -14 -6 -13 -5 -12 -5 -12 -6 -12 -5 -12 -6 -11 -6 -11 -6 -11 -6 -11 -6 -11 -6 -11 -6 -11 -5 -10 -5 -10 -5 -10 -4 -10 -4 0 0 -9 -4 -10 -3 -10 -3 -9 -2 -10 -3 -10 -3 -10 -2 -10 -2 -9 -2 -10 -1 -10 -1 -10 -1 -10 -1 -10 -1 -10 0 -11 0 -11 0 -11 0 -11 1 -11 1 -11 1 -11 1 -11 1 -12 2 -11 2 -11 3 0 0 0 0 0 0 0 0 0 0]"
"1768831267866900,CSI_DATA,STATION,00:00:00:00:00:00,0,0,0,0,0,0,0,0,0,0,0,0,0,0,0,0,0,0,0,0,0,128,[84 -64 4 0 0 0 0 0 0 0 0 0 7 13 6 14 6 14 5 15 5 14 4 15 3 15 3 15 2 15 3 14 2 14 2 13 2 14 2 13 1 13 1 12 1 13 0 12 1 12 1 12 1 12 1 11 1 11 2 11 1 11 2 11 0 0 2 10 2 10 3 10 2 10 3 10 3 9 3 9 4 9 4 9 4 9 4 8 5 9 5 9 6 9 5 9 6 9 6 8 6 8 7 9 7 8 7 8 8 9 8 8 8 8 8 8 8 9 0 0 0 0 0 0 0 0 0 0]"
"1768831267873338,CSI_DATA,STATION,00:00:00:00:00:00,0,0,0,0,0,0,0,0,0,0,0,0,0,0,0,0,0,0,0,0,0,128,[84 -64 4 0 0 0 0 0 0 0 0 0 -13 6 -14 5 -14 5 -14 5 -14 4 -14 4 -14 3 -14 2 -14 2 -14 2 -13 2 -13 1 -13 1 -13 1 -13 1 -12 1 -12 1 -12 1 -12 0 -12 1 -11 1 -11 1 -11 1 -11 1 -10 1 -11 1 0 0 -10 2 -10 2 -10 2 -9 2 -10 3 -10 3 -10 3 -9 3 -9 4 -9 4 -9 4 -9 4 -9 5 -9 5 -8 5 -8 6 -8 5 -9 6 -9 6 -9 6 -8 7 -9 7 -8 7 -8 7 -8 7 -8 8 0 0 0 0 0 0 0 0 0 0]"
"1768831267877636,CSI_DATA,STATION,00:00:00:00:00:00,0,0,0,0,0,0,0,0,0,0,0,0,0,0,0,0,0,0,0,0,0,128,[84 -64 4 0 0 0 0 0 0 0 0 0 -12 -11 -12 -12 -12 -12 -12 -12 -11 -13 -10 -13 -9 -13 -9 -13 -9 -14 -9 -14 -8 -13 -7 -14 -7 -13 -7 -13 -7 -13 -7 -13 -6 -13 -6 -12 -6 -12 -6 -12 -6 -11 -6 -12 -5 -11 -6 -11 -6 -11 -6 -11 0 0 -6 -10 -6 -10 -6 -10 -6 -10 -7 -9 -7 -9 -7 -9 -8 -9 -8 -9 -8 -8 -8 -8 -8 -8 -8 -8 -9 -8 -9 -8 -9 -8 -10 -8 -9 -8 -9 -8 -10 -7 -10 -7 -10 -7 -11 -8 -11 -7 -11 -7 -11 -7 0 0 0 0 0 0 0 0 0 0]"
"1768831267884091,CSI_DATA,STATION,00:00:00:00:00:00,0,0,0,0,0,0,0,0,0,0,0,0,0,0,0,0,0,0,0,0,0,128,[84 -64 4 0 0 0 0 0 0 0 0 0 -2 15 -4 15 -4 16 -5 15 -5 15 -5 15 -6 14 -6 14 -7 13 -7 14 -7 13 -7 12 -7 13 -7 12 -7 12 -7 12 -7 12 -7 12 -7 11 -7 10 -7 10 -6 10 -6 10 -5 10 -5 10 -5 10 0 0 -5 10 -4 9 -4 10 -4 10 -3 10 -3 10 -3 10 -3 10 -2 10 -3 10 -2 10 -1 10 -1 11 -1 11 -1 11 0 10 0 11 0 11 0 11 1 11 1 12 1 11 1 12 2 11 1 12 2 12 0 0 0 0 0 0 0 0 0 0]"
"1768831267888413,CSI_DATA,STATION,00:00:00:00:00:00,0,0,0,0,0,0,0,0,0,0,0,0,0,0,0,0,0,0,0,0,0,128,[84 -64 4 0 0 0 0 0 0 0 0 0 -15 -5 -15 -6 -15 -6 -15 -7 -15 -7 -14 -8 -14 -8 -14 -8 -13 -9 -13 -10 -12 -9 -12 -9 -12 -9 -12 -10 -12 -10 -11 -9 -10 -9 -11 -9 -10 -9 -10 -9 -11 -9 -10 -9 -10 -8 -10 -8 -10 -8 -10 -7 0 0 -9 -6 -10 -6 -10 -7 -9 -6 -10 -6 -10 -6 -10 -5 -10 -5 -10 -5 -10 -4 -11 -4 -11 -4 -11 -4 -11 -3 -11 -3 -11 -3 -12 -3 -12 -2 -12 -2 -12 -2 -12 -1 -13 -2 -13 -2 -13 -1 -12 -1 -13 0 0 0 0 0 0 0 0 0 0 0]"
"1768831267892728,CSI_DATA,STATION,00:00:00:00:00:00,0,0,0,0,0,0,0,0,0,0,0,0,0,0,0,0,0,0,0,0,0,128,[84 -64 4 0 0 0 0 0 0 0 0 0 8 -15 8 -14 9 -14 9 -13 9 -13 10 -12 10 -12 11 -12 11 -11 11 -11 11 -11 11 -10 11 -10 10 -9 10 -9 10 -9 10 -9 10 -9 9 -8 9 -8 9 -8 9 -8 9 -8 9 -8 8 -8 8 -8 0 0 7 -8 7 -9 6 -8 6 -9 6 -8 5 -9 5 -9 6 -10 5 -9 5 -10 5 -10 4 -10 4 -10 4 -10 4 -10 4 -11 3 -11 3 -11 3 -12 3 -11 3 -12 2 -12 2 -12 2 -13 2 -13 2 -13 0 0 0 0 0 0 0 0 0 0]"
"1768831267899234,CSI_DATA,STATION,00:00:00:00:00:00,0,0,0,0,0,0,0,0,0,0,0,0,0,0,0,0,0,0,0,0,0,128,[84 -64 4 0 0 0 0 0 0 0 0 0 -12 8 -13 7 -14 7 -14 6 -14 6 -13 5 -14 4 -13 4 -13 4 -14 3 -13 3 -13 3 -13 2 -13 2 -13 2 -12 3 -12 2 -12 2 -12 2 -12 2 -11 1 -11 2 -11 2 -11 2 -11 2 -10 3 0 0 -10 3 -10 3 -9 3 -10 4 -9 3 -9 4 -9 4 -9 4 -8 5 -9 5 -8 6 -8 5 -8 5 -8 6 -8 6 -8 6 -8 7 -8 7 -8 7 -8 7 -8 8 -7 8 -8 8 -7 8 -7 9 -7 9 0 0 0 0 0 0 0 0 0 0]"
"1768831267903565,CSI_DATA,STATION,00:00:00:00:00:00,0,0,0,0,0,0,0,0,0,0,0,0,0,0,0,0,0,0,0,0,0,128,[84 -64 4 0 0 0 0 0 0 0 0 0 15 -5 15 -4 16 -3 16 -3 16 -3 15 -2 15 -2 15 -1 15 -1 15 0 15 0 15 0 14 1 14 1 14 1 13 0 13 1 13 1 13 1 12 1 12 1 12 0 11 0 11 0 11 0 11 -1 0 0 10 -1 11 -1 11 -1 10 -2 10 -1 10 -2 10 -2 10 -3 10 -3 10 -4 10 -4 10 -3 10 -4 10 -4 10 -5 10 -5 10 -6 10 -6 10 -6 9 -7 10 -7 10 -7 10 -7 10 -7 10 -8 10 -8 0 0 0 0 0 0 0 0 0 0]"
"1768831267910066,CSI_DATA,STATION,00:00:00:00:00:00,0,0,0,0,0,0,0,0,0,0,0,0,0,0,0,0,0,0,0,0,0,128,[84 -64 4 0 0 0 0 0 0 0 0 0 13 -5 12 -5 14 -4 13 -3 14 -3 13 -3 13 -2 13 -1 13 -1 14 -1 13 0 12 0 13 0 12 0 12 0 11 0 10 0 11 0 11 1 11 0 10 1 10 1 10 0 10 0 10 0 9 -1 0 0 9 -1 9 -1 9 -1 9 -2 9 -1 9 -1 9 -2 9 -2 8 -3 8 -3 8 -3 8 -3 9 -3 8 -3 9 -4 8 -4 9 -4 8 -5 9 -5 9 -5 9 -5 9 -5 9 -6 9 -6 9 -6 9 -6 0 0 0 0 0 0 0 0 0 0]"
"1768831267914375,CSI_DATA,STATION,00:00:00:00:00:00,0,0,0,0,0,0,0,0,0,0,0,0,0,0,0,0,0,0,0,0,0,128,[84 -64 4 0 0 0 0 0 0 0 0 0 0 -17 0 -17 1 -17 1 -17 2 -17 2 -16 3 -16 3 -16 3 -15 3 -16 4 -14 4 -14 5 -14 4 -14 4 -14 4 -13 5 -13 5 -13 4 -13 4 -12 3 -12 3 -12 4 -11 3 -12 3 -11 2 -11 0 0 2 -11 1 -11 1 -11 1 -11 1 -11 0 -11 0 -12 0 -11 0 -11 -1 -11 -1 -11 -1 -11 -1 -11 -2 -12 -2 -12 -2 -12 -3 -12 -3 -12 -3 -12 -3 -12 -3 -12 -4 -12 -4 -12 -4 -12 -4 -13 -4 -13 0 0 0 0 0 0 0 0 0 0]"
"1768831267918696,CSI_DATA,STATION,00:00:00:00:00:00,0,0,0,0,0,0,0,0,0,0,0,0,0,0,0,0,0,0,0,0,0,128,[84 -64 4 0 0 0 0 0 0 0 0 0 11 9 10 9 11 10 10 10 9 11 9 11 8 10 8 11 7 11 8 11 7 11 6 10 7 11 7 11 6 11 5 10 5 10 6 10 5 10 5 10 5 10 5 9 5 9 6 9 5 8 5 8 0 0 5 8 5 8 6 7 5 7 6 7 6 7 6 7 7 7 7 6 7 6 7 5 7 6 8 5 8 6 8 5 8 5 9 5 9 5 9 4 9 4 9 4 9 4 10 5 10 3 10 4 10 4 0 0 0 0 0 0 0 0 0 0]"
"1768831267925153,CSI_DATA,STATION,00:00:00:00:00:00,0,0,0,0,0,0,0,0,0,0,0,0,0,0,0,0,0,0,0,0,0,128,[84 -64 4 0 0 0 0 0 0 0 0 0 0 16 -1 16 -2 16 -1 16 -2 16 -3 15 -4 15 -4 15 -4 14 -4 15 -5 14 -5 14 -5 14 -5 13 -5 13 -5 13 -5 12 -6 12 -5 12 -4 11 -5 12 -5 11 -5 11 -4 11 -4 11 -3 11 0 0 -3 10 -2 11 -2 10 -3 11 -2 10 -1 11 -1 11 -1 10 -1 10 -1 10 0 11 0 10 0 11 1 11 1 11 1 11 2 11 2 11 2 11 2 11 3 11 3 11 3 12 4 12 3 12 3 12 0 0 0 0 0 0 0 0 0 0]"
"1768831267929466,CSI_DATA,STATION,00:00:00:00:00:00,0,0,0,0,0,0,0,0,0,0,0,0,0,0,0,0,0,0,0,0,0,128,[84 -64 4 0 0 0 0 0 0 0 0 0 -9 -14 -9 -14 -8 -14 -8 -15 -7 -15 -7 -15 -6 -15 -5 -15 -5 -15 -5 -15 -4 -15 -4 -14 -4 -14 -4 -14 -4 -15 -3 -14 -3 -13 -3 -13 -4 -13 -3 -13 -3 -13 -3 -13 -3 -12 -3 -12 -3 -12 -3 -11 0 0 -4 -11 -4 -11 -4 -11 -4 -10 -5 -11 -5 -11 -5 -10 -6 -10 -5 -10 -6 -9 -6 -10 -7 -9 -7 -10 -7 -9 -7 -9 -7 -9 -8 -9 -8 -9 -8 -9 -8 -9 -9 -9 -9 -9 -9 -9 -10 -9 -9 -9 -10 -9 0 0 0 0 0 0 0 0 0 0]"
"1768831267935941,CSI_DATA,STATION,00:00:00:00:00:00,0,0,0,0,0,0,0,0,0,0,0,0,0,0,0,0,0,0,0,0,0,128,[84 -64 4 0 0 0 0 0 0 0 0 0 -2 -17 -1 -17 0 -17 0 -17 0 -17 1 -17 2 -16 2 -16 2 -16 2 -15 3 -16 3 -15 3 -15 3 -14 3 -14 3 -14 4 -14 3 -14 3 -13 3 -13 3 -13 3 -12 3 -12 2 -12 2 -12 2 -12 0 0 2 -11 1 -12 1 -12 0 -11 1 -12 0 -12 0 -12 -1 -12 -1 -11 -1 -11 -2 -11 -2 -11 -3 -12 -3 -12 -3 -12 -3 -12 -3 -12 -4 -12 -4 -12 -4 -12 -5 -12 -5 -12 -5 -12 -6 -12 -5 -12 -6 -12 0 0 0 0 0 0 0 0 0 0]"
"1768831267940262,CSI_DATA,STATION,00:00:00:00:00:00,0,0,0,0,0,0,0,0,0,0,0,0,0,0,0,0,0,0,0,0,0,128,[84 -64 4 0 0 0 0 0 0 0 0 0 14 -2 15 -1 14 0 14 0 14 1 14 2 14 2 13 2 13 3 13 3 13 3 12 3 12 4 12 4 12 4 11 3 11 4 11 4 11 4 11 4 11 4 10 4 10 3 10 3 10 3 10 2 0 0 9 2 9 2 10 2 9 1 10 2 9 1 9 1 10 1 9 0 9 0 9 0 9 0 10 -1 10 -1 9 -1 10 -1 10 -1 10 -2 10 -2 10 -2 10 -2 10 -2 11 -2 11 -2 11 -3 11 -3 0 0 0 0 0 0 0 0 0 0]"
"1768831267944590,CSI_DATA,STATION,00:00:00:00:00:00,0,0,0,0,0,0,0,0,0,0,0,0,0,0,0,0,0,0,0,0,0,128,[84 -64 4 0 0 0 0 0 0 0 0 0 8 -15 9 -14 9 -14 9 -13 10 -13 11 -13 10 -12 11 -11 11 -11 11 -11 11 -11 11 -10 11 -10 11 -9 11 -10 11 -9 10 -9 10 -9 10 -9 10 -9 9 -9 9 -9 9 -9 9 -8 8 -8 8 -8 0 0 8 -9 7 -9 7 -9 7 -9 7 -9 6 -9 6 -10 6 -9 5 -10 5 -10 5 -10 5 -10 5 -10 5 -11 4 -11 4 -11 4 -12 4 -12 3 -12 3 -12 3 -12 3 -12 3 -13 2 -13 3 -13 2 -14 0 0 0 0 0 0 0 0 0 0]"
"1768831267951072,CSI_DATA,STATION,00:00:00:00:00:00,0,0,0,0,0,0,0,0,0,0,0,0,0,0,0,0,0,0,0,0,0,128,[84 -64 4 0 0 0 0 0 0 0 0 0 10 -10 11 -10 11 -9 11 -9 12 -9 12 -8 12 -8 12 -7 12 -7 13 -6 12 -7 12 -6 12 -5 11 -5 12 -5 11 -5 12 -5 11 -5 11 -5 11 -4 10 -5 10 -5 10 -5 9 -5 9 -5 9 -6 0 0 9 -5 8 -5 8 -5 8 -6 8 -6 8 -6 8 -6 8 -7 7 -7 7 -7 7 -8 7 -8 7 -8 7 -8 6 -8 7 -9 6 -9 6 -9 6 -9 6 -10 6 -9 6 -9 6 -10 6 -11 6 -11 5 -11 0 0 0 0 0 0 0 0 0 0]"
"1768831267955530,CSI_DATA,STATION,00:00:00:00:00:00,0,0,0,0,0,0,0,0,0,0,0,0,0,0,0,0,0,0,0,0,0,128,[84 -64 4 0 0 0 0 0 0 0 0 0 14 -1 14 0 15 1 15 0 15 1 14 2 14 2 13 2 13 2 14 4 13 3 12 3 12 4 12 4 12 4 11 3 11 4 12 4 11 4 11 4 11 3 11 3 10 3 10 3 10 3 10 2 0 0 10 2 10 2 10 1 10 1 10 1 10 0 10 0 10 0 9 -1 9 -1 10 -1 10 -1 10 -1 10 -2 10 -2 10 -2 11 -2 10 -3 10 -3 10 -3 10 -3 11 -3 11 -4 11 -4 11 -4 11 -4 0 0 0 0 0 0 0 0 0 0]"
"1768831267960002,CSI_DATA,STATION,00:00:00:00:00:00,0,0,0,0,0,0,0,0,0,0,0,0,0,0,0,0,0,0,0,0,0,128,[84 -64 4 0 0 0 0 0 0 0 0 0 -15 5 -15 4 -15 4 -15 3 -15 2 -15 2 -15 2 -15 2 -15 1 -15 0 -14 0 -14 0 -14 -1 -14 -1 -14 -1 -13 0 -13 0 -12 -1 -13 -1 -12 -1 -12 -1 -12 -1 -11 0 -12 -1 -11 0 -11 1 0 0 -11 1 -11 1 -11 1 -10 2 -11 1 -11 2 -11 2 -10 2 -10 3 -10 3 -10 4 -10 3 -10 4 -10 4 -10 5 -10 5 -10 5 -10 5 -10 5 -10 6 -10 6 -10 6 -10 6 -10 6 -10 7 -10 7 0 0 0 0 0 0 0 0 0 0]"
"1768831267966539,CSI_DATA,STATION,00:00:00:00:00:00,0,0,0,0,0,0,0,0,0,0,0,0,0,0,0,0,0,0,0,0,0,128,[84 -64 4 0 0 0 0 0 0 0 0 0 -8 13 -9 12 -9 12 -10 11 -10 10 -10 10 -10 10 -11 10 -11 9 -12 9 -11 9 -11 8 -11 8 -11 8 -12 7 -11 8 -11 7 -10 7 -10 6 -10 6 -10 6 -10 6 -10 6 -9 7 -9 6 -9 7 0 0 -9 7 -9 6 -8 7 -8 7 -8 7 -8 6 -8 7 -7 7 -7 8 -7 8 -7 9 -6 8 -7 8 -6 8 -7 9 -6 9 -5 9 -6 9 -6 10 -6 10 -5 10 -6 10 -5 10 -5 11 -5 11 -5 11 0 0 0 0 0 0 0 0 0 0]"
"1768831267977318,CSI_DATA,STATION,00:00:00:00:00:00,0,0,0,0,0,0,0,0,0,0,0,0,0,0,0,0,0,0,0,0,0,128,[84 -64 4 0 0 0 0 0 0 0 0 0 2 14 2 14 2 14 1 15 0 13 0 14 -1 14 -1 14 -1 14 -2 13 -2 14 -2 13 -2 13 -2 12 -3 13 -2 12 -3 12 -3 11 -2 12 -2 11 -2 11 -2 11 -3 11 -2 11 -1 11 -2 11 0 0 -1 10 -1 10 0 10 0 10 0 10 1 10 1 10 1 10 1 10 1 10 1 10 2 10 2 10 2 11 2 10 3 10 3 10 3 11 3 11 4 10 4 11 4 11 5 11 5 11 4 11 5 11 0 0 0 0 0 0 0 0 0 0]"
"1768831267981638,CSI_DATA,STATION,00:00:00:00:00:00,0,0,0,0,0,0,0,0,0,0,0,0,0,0,0,0,0,0,0,0,0,128,[84 -64 4 0 0 0 0 0 0 0 0 0 9 8 9 9 8 9 9 10 7 9 7 10 6 10 6 10 6 10 6 10 6 10 5 9 5 10 5 10 5 10 5 9 5 9 4 8 5 9 4 9 4 9 4 9 4 8 5 8 5 8 5 8 0 0 5 7 4 7 5 7 4 6 5 7 6 7 5 7 6 7 6 6 6 6 6 5 7 6 7 6 7 6 7 5 7 6 8 5 8 5 8 5 8 5 8 5 9 5 9 5 9 5 9 4 9 5 0 0 0 0 0 0 0 0 0 0]"
"1768831267988131,CSI_DATA,STATION,00:00:00:00:00:00,0,0,0,0,0,0,0,0,0,0,0,0,0,0,0,0,0,0,0,0,0,128,[84 -64 4 0 0 0 0 0 0 0 0 0 0 15 -1 14 -1 15 -2 14 -2 14 -3 14 -4 14 -4 14 -4 13 -4 13 -4 13 -4 13 -4 13 -4 12 -5 12 -5 12 -5 12 -5 12 -5 11 -5 11 -4 11 -4 10 -4 10 -4 10 -3 10 -3 10 0 0 -3 10 -3 10 -2 10 -2 10 -2 10 -2 10 -1 10 -1 10 -1 11 -1 10 0 11 0 11 0 11 1 11 0 11 1 11 1 11 1 11 2 12 2 11 2 12 2 12 3 12 3 12 2 12 3 12 0 0 0 0 0 0 0 0 0 0]"
"1768831267994596,CSI_DATA,STATION,00:00:00:00:00:00,0,0,0,0,0,0,0,0,0,0,0,0,0,0,0,0,0,0,0,0,0,128,[84 -64 4 0 0 0 0 0 0 0 0 0 12 -2 13 -2 13 -1 13 -1 13 0 13 0 13 1 12 1 12 1 13 2 12 2 11 2 12 2 11 2 11 3 10 2 11 3 10 2 11 2 10 3 10 3 10 2 9 2 10 2 10 2 9 1 0 0 9 1 9 1 9 1 9 0 10 1 10 1 9 0 9 0 9 0 9 -1 9 -1 9 -1 10 -1 10 -1 10 -2 10 -2 10 -2 10 -3 10 -2 10 -3 11 -3 11 -3 11 -3 11 -3 11 -3 11 -4 0 0 0 0 0 0 0 0 0 0]"
"1768831267998941,CSI_DATA,STATION,00:00:00:00:00:00,0,0,0,0,0,0,0,0,0,0,0,0,0,0,0,0,0,0,0,0,0,128,[84 -64 4 0 0 0 0 0 0 0 0 0 -11 6 -12 6 -13 5 -12 5 -13 4 -13 4 -12 4 -13 3 -12 3 -13 2 -12 2 -12 2 -12 1 -12 2 -12 1 -12 2 -11 2 -11 1 -11 1 -11 1 -11 1 -10 1 -11 2 -11 2 -10 2 -10 2 0 0 -9 2 -10 3 -9 3 -10 3 -9 3 -9 3 -9 3 -9 3 -9 4 -9 4 -9 5 -9 5 -9 4 -9 5 -9 5 -9 6 -8 6 -8 6 -9 6 -9 6 -9 7 -9 7 -9 7 -8 7 -9 7 -9 8 0 0 0 0 0 0 0 0 0 0]"
"1768831268003286,CSI_DATA,STATION,00:00:00:00:00:00,0,0,0,0,0,0,0,0,0,0,0,0,0,0,0,0,0,0,0,0,0,128,[84 -64 4 0 0 0 0 0 0 0 0 0 7 -13 8 -13 8 -12 9 -12 9 -12 9 -12 9 -11 10 -11 10 -10 11 -10 10 -10 10 -9 10 -9 10 -9 11 -8 10 -9 10 -8 9 -8 10 -8 10 -8 9 -8 9 -8 8 -8 9 -7 9 -7 8 -8 0 0 8 -8 8 -8 7 -8 8 -8 7 -8 7 -8 7 -9 6 -9 7 -9 6 -9 6 -10 6 -9 6 -9 6 -10 6 -10 6 -11 6 -11 6 -11 6 -11 6 -12 5 -12 5 -12 5 -12 5 -13 5 -13 5 -13 0 0 0 0 0 0 0 0 0 0]"
"1768831268009770,CSI_DATA,STATION,00:00:00:00:00:00,0,0,0,0,0,0,0,0,0,0,0,0,0,0,0,0,0,0,0,0,0,128,[84 -64 4 0 0 0 0 0 0 0 0 0 10 -9 10 -8 11 -8 11 -8 11 -7 11 -7 11 -6 12 -6 12 -6 12 -5 11 -5 11 -5 11 -4 11 -4 11 -4 11 -4 11 -4 10 -3 11 -3 11 -4 10 -3 10 -4 10 -4 10 -3 10 -4 9 -4 0 0 9 -4 9 -4 9 -4 9 -5 8 -5 8 -5 8 -5 8 -6 8 -6 8 -6 8 -6 8 -6 8 -6 8 -7 8 -7 8 -8 8 -8 8 -8 8 -8 8 -8 8 -9 8 -8 8 -9 8 -9 8 -9 8 -9 0 0 0 0 0 0 0 0 0 0]"
"1768831268014107,CSI_DATA,STATION,00:00:00:00:00:00,0,0,0,0,0,0,0,0,0,0,0,0,0,0,0,0,0,0,0,0,0,128,[84 -64 4 0 0 0 0 0 0 0 0 0 11 -8 11 -7 12 -7 12 -6 12 -6 12 -6 12 -5 12 -4 12 -5 13 -4 12 -3 12 -4 12 -2 12 -3 12 -3 11 -3 11 -2 11 -2 11 -2 11 -2 10 -2 11 -3 10 -3 10 -3 10 -3 10 -3 0 0 9 -3 9 -3 9 -3 9 -4 9 -4 9 -4 9 -5 9 -5 9 -5 8 -5 8 -5 9 -5 9 -6 9 -6 9 -7 9 -7 9 -7 9 -7 8 -7 9 -8 9 -8 9 -8 9 -8 9 -8 9 -9 9 -9 0 0 0 0 0 0 0 0 0 0]"
"1768831268020572,CSI_DATA,STATION,00:00:00:00:00:00,0,0,0,0,0,0,0,0,0,0,0,0,0,0,0,0,0,0,0,0,0,128,[84 -64 4 0 0 0 0 0 0 0 0 0 -11 7 -11 6 -12 6 -12 6 -12 5 -13 5 -12 5 -13 4 -12 4 -13 3 -12 3 -12 3 -12 2 -12 2 -12 2 -12 2 -11 2 -11 2 -11 2 -11 2 -11 2 -11 2 -11 2 -10 2 -11 2 -11 2 0 0 -10 3 -10 3 -10 3 -10 3 -10 3 -10 3 -10 4 -10 4 -9 5 -9 5 -10 5 -9 5 -9 5 -9 6 -9 5 -10 6 -9 6 -10 6 -9 7 -9 7 -9 7 -9 7 -9 7 -10 7 -10 8 -10 8 0 0 0 0 0 0 0 0 0 0]"
"1768831268024918,CSI_DATA,STATION,00:00:00:00:00:00,0,0,0,0,0,0,0,0,0,0,0,0,0,0,0,0,0,0,0,0,0,128,[84 -64 4 0 0 0 0 0 0 0 0 0 -13 4 -13 3 -14 3 -14 2 -14 2 -14 2 -14 1 -14 1 -13 0 -14 0 -13 0 -13 0 -13 -1 -13 -1 -13 -1 -13 0 -12 -1 -12 -2 -12 -2 -12 -2 -12 -2 -12 -2 -11 -1 -11 -1 -11 -1 -11 0 0 0 -11 0 -11 0 -11 0 -11 1 -11 0 -11 1 -11 1 -11 1 -11 2 -11 2 -11 3 -11 2 -11 3 -11 3 -11 3 -11 4 -11 3 -11 4 -11 4 -11 4 -12 4 -12 5 -12 5 -11 5 -12 5 -12 5 0 0 0 0 0 0 0 0 0 0]"
"1768831268029238,CSI_DATA,STATION,00:00:00:00:00:00,0,0,0,0,0,0,0,0,0,0,0,0,0,0,0,0,0,0,0,0,0,128,[84 -64 4 0 0 0 0 0 0 0 0 0 -15 0 -15 -1 -16 -1 -15 -2 -15 -3 -15 -2 -15 -3 -15 -4 -14 -4 -14 -5 -14 -4 -14 -4 -13 -5 -13 -5 -13 -5 -13 -4 -12 -4 -13 -5 -12 -5 -12 -5 -12 -5 -12 -4 -12 -4 -12 -4 -12 -4 -12 -4 0 0 -11 -3 -12 -3 -11 -3 -12 -2 -12 -3 -12 -2 -12 -2 -12 -2 -12 -1 -12 -1 -12 0 -12 -1 -12 0 -12 0 -13 1 -12 1 -13 0 -13 1 -13 1 -13 1 -14 1 -14 1 -14 2 -14 2 -14 2 -14 3 0 0 0 0 0 0 0 0 0 0]"
"1768831268035724,CSI_DATA,STATION,00:00:00:00:00:00,0,0,0,0,0,0,0,0,0,0,0,0,0,0,0,0,0,0,0,0,0,128,[84 -64 4 0 0 0 0 0 0 0 0 0 -1 -14 0 -14 1 -14 1 -14 1 -14 2 -14 2 -14 3 -14 3 -13 3 -13 3 -13 4 -13 4 -13 4 -12 4 -12 4 -12 4 -12 4 -12 3 -12 4 -11 4 -11 3 -11 4 -11 3 -11 3 -11 3 -11 0 0 3 -11 2 -10 2 -11 2 -11 2 -11 1 -11 1 -11 1 -11 1 -11 1 -11 1 -11 0 -11 0 -11 0 -12 0 -12 -1 -13 -1 -12 -1 -13 -1 -13 -1 -13 -1 -13 -2 -13 -2 -13 -2 -13 -2 -14 -2 -14 0 0 0 0 0 0 0 0 0 0]"
"1768831268040077,CSI_DATA,STATION,00:00:00:00:00:00,0,0,0,0,0,0,0,0,0,0,0,0,0,0,0,0,0,0,0,0,0,128,[84 -64 4 0 0 0 0 0 0 0 0 0 0 -14 0 -15 1 -14 1 -14 2 -14 3 -15 3 -14 3 -14 4 -13 4 -13 3 -13 4 -13 4 -13 4 -12 4 -12 4 -12 4 -12 4 -12 4 -12 4 -11 4 -11 4 -11 4 -11 3 -11 3 -11 3 -11 0 0 3 -11 2 -11 2 -11 2 -10 2 -11 1 -11 1 -11 1 -11 1 -11 1 -11 0 -12 0 -12 0 -11 0 -12 0 -12 0 -13 -1 -12 -1 -13 -1 -13 -1 -13 -1 -13 -1 -13 -2 -13 -2 -14 -2 -13 -2 -14 0 0 0 0 0 0 0 0 0 0]"
"1768831268046565,CSI_DATA,STATION,00:00:00:00:00:00,0,0,0,0,0,0,0,0,0,0,0,0,0,0,0,0,0,0,0,0,0,128,[84 -64 4 0 0 0 0 0 0 0 0 0 12 -1 13 0 13 0 13 1 13 2 12 2 12 2 12 2 12 3 12 3 11 3 11 3 12 4 12 3 11 4 10 4 11 4 11 4 11 4 10 4 10 4 10 4 10 3 10 3 10 3 10 2 0 0 10 2 9 2 10 2 9 2 10 2 10 2 10 1 10 1 10 1 10 0 10 0 11 0 11 0 11 0 10 0 11 -1 12 -1 11 -1 11 -1 11 -1 12 -2 12 -1 12 -2 12 -2 12 -2 12 -2 0 0 0 0 0 0 0 0 0 0]"
"1768831268050925,CSI_DATA,STATION,00:00:00:00:00:00,0,0,0,0,0,0,0,0,0,0,0,0,0,0,0,0,0,0,0,0,0,128,[84 -64 4 0 0 0 0 0 0 0 0 0 13 -3 13 -2 13 -2 13 -1 13 -1 12 -1 13 -1 13 0 12 0 13 1 12 1 12 1 12 2 12 1 11 2 11 1 11 1 11 1 11 1 11 1 11 2 11 1 10 1 11 1 11 1 10 0 0 0 10 0 10 0 10 0 10 -1 10 -1 10 -1 10 -2 10 -1 10 -2 10 -2 10 -2 10 -2 10 -2 10 -3 10 -4 10 -4 11 -4 11 -4 11 -4 10 -5 11 -5 11 -5 12 -5 11 -5 11 -5 11 -6 0 0 0 0 0 0 0 0 0 0]"
"1768831268055319,CSI_DATA,STATION,00:00:00:00:00:00,0,0,0,0,0,0,0,0,0,0,0,0,0,0,0,0,0,0,0,0,0,128,[84 -64 4 0 0 0 0 0 0 0 0 0 10 6 10 6 10 7 10 7 10 8 9 8 9 8 8 8 8 8 9 9 8 9 8 8 8 9 8 8 7 9 7 8 7 8 6 8 7 8 7 8 6 8 7 8 6 8 7 8 7 8 6 7 0 0 7 7 7 7 7 6 7 7 7 6 8 7 8 6 8 6 8 5 8 6 8 5 8 5 9 5 9 5 9 5 9 5 10 5 10 5 10 5 10 5 10 5 11 5 11 4 11 4 11 4 11 4 0 0 0 0 0 0 0 0 0 0]"
"1768831268061720,CSI_DATA,STATION,00:00:00:00:00:00,0,0,0,0,0,0,0,0,0,0,0,0,0,0,0,0,0,0,0,0,0,128,[84 -64 4 0 0 0 0 0 0 0 0 0 -6 12 -7 12 -7 12 -8 11 -8 11 -8 11 -9 10 -9 10 -9 10 -9 9 -10 9 -9 9 -9 9 -10 8 -10 8 -9 8 -10 8 -9 8 -9 7 -9 7 -9 7 -8 7 -9 7 -8 8 -9 7 -8 7 0 0 -8 7 -8 8 -7 8 -8 8 -7 8 -7 8 -7 8 -7 8 -7 9 -7 9 -7 9 -6 9 -7 9 -6 10 -7 9 -6 10 -6 10 -6 10 -6 11 -6 11 -6 11 -6 11 -6 12 -6 12 -6 12 -6 12 0 0 0 0 0 0 0 0 0 0]"
"1768831268065929,CSI_DATA,STATION,00:00:00:00:00:00,0,0,0,0,0,0,0,0,0,0,0,0,0,0,0,0,0,0,0,0,0,128,[84 -64 4 0 0 0 0 0 0 0 0 0 -13 -3 -13 -3 -13 -4 -13 -4 -13 -5 -13 -5 -12 -5 -12 -5 -12 -6 -12 -7 -12 -6 -11 -6 -11 -7 -11 -7 -11 -7 -10 -6 -10 -6 -10 -6 -10 -7 -10 -7 -10 -7 -10 -6 -9 -6 -10 -7 -10 -6 -10 -6 0 0 -10 -5 -10 -5 -10 -5 -10 -4 -10 -5 -10 -5 -10 -4 -11 -4 -10 -4 -11 -4 -11 -4 -11 -4 -11 -3 -12 -3 -11 -3 -12 -3 -12 -3 -12 -3 -12 -2 -12 -2 -13 -2 -13 -2 -13 -2 -14 -2 -13 -2 -14 -2 0 0 0 0 0 0 0 0 0 0]"
"1768831268072288,CSI_DATA,STATION,00:00:00:00:00:00,0,0,0,0,0,0,0,0,0,0,0,0,0,0,0,0,0,0,0,0,0,128,[84 -64 4 0 0 0 0 0 0 0 0 0 -12 5 -12 4 -13 3 -13 3 -13 3 -13 2 -13 2 -13 2 -12 1 -13 0 -12 1 -12 0 -13 0 -13 -1 -13 -1 -12 0 -11 0 -12 0 -12 -1 -11 -1 -11 -1 -11 -1 -11 0 -11 0 -11 0 -11 0 0 0 -10 1 -10 1 -10 1 -10 2 -11 1 -11 1 -11 1 -11 1 -10 2 -11 2 -10 3 -11 3 -11 3 -11 3 -11 3 -11 4 -11 3 -11 4 -11 4 -11 4 -11 4 -12 4 -12 5 -12 5 -12 5 -12 5 0 0 0 0 0 0 0 0 0 0]"
"1768831268076648,CSI_DATA,STATION,00:00:00:00:00:00,0,0,0,0,0,0,0,0,0,0,0,0,0,0,0,0,0,0,0,0,0,128,[84 -64 4 0 0 0 0 0 0 0 0 0 -11 9 -11 8 -12 8 -13 8 -13 7 -13 7 -13 6 -13 5 -13 5 -14 5 -13 5 -13 5 -13 4 -13 4 -13 4 -12 4 -12 4 -12 4 -12 3 -13 3 -13 3 -12 3 -12 4 -12 4 -12 3 -11 4 0 0 -11 4 -11 4 -11 4 -11 5 -11 5 -11 4 -11 5 -11 5 -10 5 -11 6 -10 7 -10 7 -10 6 -10 7 -10 7 -10 8 -10 7 -11 8 -11 8 -11 8 -11 8 -11 9 -11 9 -11 10 -11 10 -11 10 0 0 0 0 0 0 0 0 0 0]"
"1768831268080974,CSI_DATA,STATION,00:00:00:00:00:00,0,0,0,0,0,0,0,0,0,0,0,0,0,0,0,0,0,0,0,0,0,128,[84 -64 4 0 0 0 0 0 0 0 0 0 -2 -13 -2 -13 -1 -13 -1 -14 -1 -13 0 -14 1 -13 1 -13 1 -13 1 -12 1 -13 1 -12 2 -12 1 -12 2 -12 2 -11 2 -12 3 -12 2 -12 2 -11 2 -11 2 -11 2 -11 1 -11 1 -11 1 -11 0 0 1 -11 1 -10 1 -11 0 -11 0 -11 0 -11 0 -11 -1 -11 0 -11 0 -11 -1 -11 -1 -11 -2 -11 -1 -12 -1 -12 -2 -12 -2 -12 -2 -12 -2 -12 -2 -12 -2 -13 -3 -13 -3 -13 -3 -13 -3 -13 -3 -13 0 0 0 0 0 0 0 0 0 0]"
"1768831268087456,CSI_DATA,STATION,00:00:00:00:00:00,0,0,0,0,0,0,0,0,0,0,0,0,0,0,0,0,0,0,0,0,0,128,[84 -64 4 0 0 0 0 0 0 0 0 0 11 -6 11 -6 12 -5 12 -5 12 -4 12 -4 12 -4 12 -3 12 -3 12 -2 12 -2 12 -2 12 -1 11 -2 11 -1 11 -1 11 -1 11 -1 11 -1 11 -1 11 -1 11 -1 10 -1 10 -1 10 -2 10 -2 0 0 10 -2 10 -2 10 -2 10 -3 10 -2 10 -3 10 -3 10 -3 9 -4 9 -4 9 -4 10 -4 10 -4 10 -4 10 -5 10 -5 10 -5 10 -6 10 -5 10 -6 11 -6 10 -6 11 -6 11 -6 11 -7 11 -7 0 0 0 0 0 0 0 0 0 0]"
"1768831268091773,CSI_DATA,STATION,00:00:00:00:00:00,0,0,0,0,0,0,0,0,0,0,0,0,0,0,0,0,0,0,0,0,0,128,[84 -64 4 0 0 0 0 0 0 0 0 0 -4 -14 -4 -15 -3 -15 -3 -15 -3 -15 -2 -15 -2 -15 -1 -15 -1 -15 -1 -15 0 -15 0 -14 1 -14 0 -14 0 -13 1 -13 1 -13 1 -14 1 -13 1 -13 0 -13 0 -13 0 -13 1 -12 0 -12 0 -12 0 0 0 -12 -1 -12 -1 -12 -1 -12 -2 -12 -2 -12 -2 -12 -2 -12 -2 -12 -2 -13 -2 -13 -3 -12 -3 -13 -3 -12 -3 -13 -3 -13 -4 -13 -4 -14 -4 -14 -4 -13 -5 -14 -5 -14 -5 -14 -5 -14 -5 -14 -5 -15 0 0 0 0 0 0 0 0 0 0]"
"1768831268098245,CSI_DATA,STATION,00:00:00:00:00:00,0,0,0,0,0,0,0,0,0,0,0,0,0,0,0,0,0,0,0,0,0,128,[84 -64 4 0 0 0 0 0 0 0 0 0 6 -11 7 -11 7 -10 7 -11 8 -10 8 -10 8 -10 9 -10 9 -9 9 -9 9 -9 9 -9 9 -8 9 -8 9 -8 9 -8 9 -8 8 -7 9 -7 9 -7 8 -7 8 -7 8 -7 8 -7 8 -7 8 -8 0 0 7 -8 7 -7 7 -8 7 -8 7 -8 7 -8 6 -8 6 -8 6 -9 6 -9 6 -9 6 -9 6 -9 6 -9 6 -10 6 -11 6 -10 6 -11 6 -11 6 -11 6 -11 6 -11 6 -11 5 -12 6 -12 6 -12 0 0 0 0 0 0 0 0 0 0]"
"1768831268102570,CSI_DATA,STATION,00:00:00:00:00:00,0,0,0,0,0,0,0,0,0,0,0,0,0,0,0,0,0,0,0,0,0,128,[84 -64 4 0 0 0 0 0 0 0 0 0 -9 -11 -9 -11 -9 -12 -9 -12 -8 -13 -7 -13 -6 -13 -6 -13 -6 -13 -6 -13 -6 -13 -5 -13 -5 -12 -5 -13 -5 -13 -4 -12 -4 -12 -4 -12 -4 -12 -4 -12 -4 -12 -4 -12 -4 -11 -4 -12 -5 -12 -4 -11 0 0 -5 -11 -5 -11 -6 -11 -5 -11 -6 -11 -6 -11 -6 -11 -6 -11 -6 -10 -7 -10 -7 -10 -7 -10 -7 -10 -8 -11 -7 -10 -8 -10 -9 -11 -9 -10 -9 -10 -9 -11 -9 -11 -10 -11 -10 -11 -11 -11 -10 -11 -10 -11 0 0 0 0 0 0 0 0 0 0]"
"1768831268109043,CSI_DATA,STATION,00:00:00:00:00:00,0,0,0,0,0,0,0,0,0,0,0,0,0,0,0,0,0,0,0,0,0,128,[84 -64 4 0 0 0 0 0 0 0 0 0 1 -14 2 -14 2 -13 2 -13 3 -13 3 -13 4 -13 4 -12 5 -13 4 -12 5 -12 5 -12 5 -12 5 -11 5 -11 5 -11 6 -11 5 -11 5 -10 5 -10 5 -11 4 -11 5 -10 4 -10 4 -11 4 -10 0 0 4 -11 3 -11 3 -10 4 -11 3 -11 3 -11 2 -11 2 -11 3 -11 2 -12 2 -12 2 -12 2 -12 2 -12 2 -12 1 -13 1 -13 1 -13 1 -13 1 -13 1 -13 1 -14 1 -14 0 -14 1 -14 0 -14 0 0 0 0 0 0 0 0 0 0]"
"1768831268120019,CSI_DATA,STATION,00:00:00:00:00:00,0,0,0,0,0,0,0,0,0,0,0,0,0,0,0,0,0,0,0,0,0,128,[84 -64 4 0 0 0 0 0 0 0 0 0 -7 11 -7 11 -8 11 -8 10 -8 10 -9 10 -9 10 -9 9 -9 9 -10 8 -9 9 -10 8 -10 8 -10 7 -10 7 -9 8 -9 7 -9 7 -9 7 -10 7 -9 6 -9 6 -9 7 -9 7 -9 7 -9 7 0 0 -8 7 -8 7 -8 8 -8 8 -8 7 -8 8 -8 8 -8 8 -7 8 -7 9 -7 9 -7 9 -7 9 -7 9 -7 10 -7 11 -7 10 -7 10 -7 11 -7 11 -8 11 -7 11 -7 11 -7 12 -7 12 -7 12 0 0 0 0 0 0 0 0 0 0]"
"1768831268124487,CSI_DATA,STATION,00:00:00:00:00:00,0,0,0,0,0,0,0,0,0,0,0,0,0,0,0,0,0,0,0,0,0,128,[84 -64 4 0 0 0 0 0 0 0 0 0 7 -9 7 -9 8 -9 8 -8 8 -8 8 -8 9 -7 9 -7 9 -7 9 -7 9 -7 9 -6 9 -6 9 -6 9 -6 9 -6 8 -6 8 -5 8 -5 9 -5 8 -5 8 -5 8 -5 8 -5 8 -5 8 -6 0 0 8 -6 7 -6 7 -6 7 -6 7 -6 8 -7 7 -6 7 -7 7 -7 7 -7 7 -7 7 -8 7 -8 7 -7 7 -8 7 -9 7 -9 7 -9 7 -9 7 -9 7 -10 7 -9 7 -10 7 -10 7 -10 8 -11 0 0 0 0 0 0 0 0 0 0]"
"1768831268131171,CSI_DATA,STATION,00:00:00:00:00:00,0,0,0,0,0,0,0,0,0,0,0,0,0,0,0,0,0,0,0,0,0,128,[84 -64 4 0 0 0 0 0 0 0 0 0 -8 9 -8 9 -9 8 -10 9 -9 8 -10 8 -10 7 -10 7 -10 7 -11 7 -10 7 -10 6 -10 6 -10 6 -11 6 -10 6 -10 6 -10 6 -10 5 -10 5 -10 5 -10 5 -10 5 -9 5 -9 5 -9 6 0 0 -9 6 -9 6 -8 6 -9 6 -8 7 -8 6 -8 7 -8 7 -8 8 -8 8 -8 8 -8 8 -8 8 -8 8 -8 8 -8 9 -7 9 -7 10 -7 10 -8 10 -8 10 -7 10 -8 10 -7 11 -8 11 -8 11 0 0 0 0 0 0 0 0 0 0]"
"1768831268135637,CSI_DATA,STATION,00:00:00:00:00:00,0,0,0,0,0,0,0,0,0,0,0,0,0,0,0,0,0,0,0,0,0,128,[84 -64 4 0 0 0 0 0 0 0 0 0 5 -12 5 -12 6 -11 6 -11 6 -11 7 -11 7 -11 7 -10 7 -10 8 -10 7 -10 7 -9 7 -9 7 -9 8 -9 7 -9 7 -9 7 -9 7 -8 7 -8 7 -8 7 -8 7 -8 7 -8 6 -8 7 -9 0 0 6 -9 6 -8 6 -8 6 -9 5 -9 6 -9 5 -9 5 -10 5 -10 5 -10 5 -11 4 -10 4 -10 4 -10 4 -11 4 -11 4 -12 4 -12 5 -12 4 -12 4 -12 4 -12 4 -13 3 -13 4 -13 4 -14 0 0 0 0 0 0 0 0 0 0]"
"1768831268142370,CSI_DATA,STATION,00:00:00:00:00:00,0,0,0,0,0,0,0,0,0,0,0,0,0,0,0,0,0,0,0,0,0,128,[84 -64 4 0 0 0 0 0 0 0 0 0 2 12 2 12 1 12 1 12 1 12 0 12 0 12 -1 12 -1 12 -1 12 -1 12 -1 11 -1 12 -1 11 -1 11 -2 11 -2 11 -2 11 -2 11 -2 10 -2 10 -2 10 -2 10 -1 10 -1 10 -1 10 0 0 -1 10 0 10 0 10 0 10 0 10 0 10 0 10 1 10 0 10 0 10 1 10 2 10 2 11 2 11 1 11 2 11 3 11 2 11 3 12 3 11 3 12 3 12 4 12 4 12 3 12 4 12 0 0 0 0 0 0 0 0 0 0]"
"1768831268146841,CSI_DATA,STATION,00:00:00:00:00:00,0,0,0,0,0,0,0,0,0,0,0,0,0,0,0,0,0,0,0,0,0,128,[84 -64 4 0 0 0 0 0 0 0 0 0 4 11 3 12 3 12 2 12 2 12 2 12 1 12 1 12 1 12 1 12 0 12 0 12 0 12 0 11 0 12 0 11 0 11 -1 11 0 11 0 11 0 11 0 11 -1 10 0 11 0 11 0 10 0 0 0 10 1 10 1 10 1 10 1 11 1 10 2 10 2 10 2 10 2 10 2 11 3 10 3 11 3 11 3 11 3 11 3 11 4 12 4 12 4 11 4 12 5 12 4 12 5 12 5 13 5 13 0 0 0 0 0 0 0 0 0 0]"
"1768831268151309,CSI_DATA,STATION,00:00:00:00:00:00,0,0,0,0,0,0,0,0,0,0,0,0,0,0,0,0,0,0,0,0,0,128,[84 -64 4 0 0 0 0 0 0 0 0 0 8 -9 8 -8 9 -8 9 -7 9 -7 10 -7 9 -7 10 -7 9 -6 10 -6 10 -5 10 -5 10 -4 10 -4 10 -5 10 -5 9 -5 9 -4 9 -4 9 -5 9 -4 9 -5 9 -4 9 -4 9 -4 9 -5 0 0 8 -5 8 -5 8 -5 8 -6 8 -5 8 -6 8 -6 8 -6 8 -6 8 -7 8 -7 8 -6 9 -7 8 -7 8 -8 8 -8 8 -8 8 -9 8 -8 8 -9 9 -9 8 -9 9 -9 9 -9 9 -9 9 -10 0 0 0 0 0 0 0 0 0 0]"
"1768831268157961,CSI_DATA,STATION,00:00:00:00:00:00,0,0,0,0,0,0,0,0,0,0,0,0,0,0,0,0,0,0,0,0,0,128,[84 -64 4 0 0 0 0 0 0 0 0 0 -4 10 -4 10 -5 10 -5 10 -5 9 -6 10 -6 9 -6 9 -7 9 -7 8 -6 8 -7 8 -7 8 -7 8 -7 8 -7 8 -7 8 -7 8 -7 7 -7 7 -7 7 -7 7 -7 7 -6 7 -7 7 -6 7 0 0 -6 7 -6 7 -6 7 -6 7 -6 7 -6 7 -5 8 -5 8 -5 8 -5 8 -5 9 -5 8 -5 9 -5 9 -5 9 -5 10 -5 10 -5 10 -5 10 -5 10 -5 11 -5 11 -5 11 -5 11 -5 11 -5 11 0 0 0 0 0 0 0 0 0 0]"
"1768831268162390,CSI_DATA,STATION,00:00:00:00:00:00,0,0,0,0,0,0,0,0,0,0,0,0,0,0,0,0,0,0,0,0,0,128,[84 -64 4 0 0 0 0 0 0 0 0 0 12 2 12 2 13 3 12 3 12 4 11 4 11 4 11 5 11 5 12 6 11 5 10 5 11 6 11 6 10 6 10 6 9 6 10 5 10 6 9 6 9 6 10 6 9 5 10 5 9 5 9 5 0 0 9 5 9 4 9 4 9 4 10 4 10 4 10 4 10 4 10 3 10 3 10 3 11 3 11 3 11 3 11 3 11 2 12 3 12 2 12 2 12 2 13 2 13 3 13 2 14 2 14 2 14 2 0 0 0 0 0 0 0 0 0 0]"
"1768831268166776,CSI_DATA,STATION,00:00:00:00:00:00,0,0,0,0,0,0,0,0,0,0,0,0,0,0,0,0,0,0,0,0,0,128,[84 -64 4 0 0 0 0 0 0 0 0 0 5 -11 5 -11 5 -11 6 -11 6 -11 7 -11 6 -10 7 -10 7 -10 7 -10 7 -10 7 -9 7 -9 7 -8 8 -9 7 -9 7 -8 7 -8 7 -8 7 -8 7 -8 7 -9 7 -8 6 -8 6 -8 6 -8 0 0 6 -9 5 -8 5 -8 5 -9 5 -9 5 -9 4 -9 4 -9 4 -10 4 -10 4 -10 4 -10 4 -10 4 -10 4 -11 4 -11 3 -12 4 -12 3 -12 3 -12 3 -12 3 -12 3 -13 3 -13 3 -13 3 -13 0 0 0 0 0 0 0 0 0 0]"
"1768831268173351,CSI_DATA,STATION,00:00:00:00:00:00,0,0,0,0,0,0,0,0,0,0,0,0,0,0,0,0,0,0,0,0,0,128,[84 -64 4 0 0 0 0 0 0 0 0 0 -8 -8 -8 -9 -8 -9 -8 -9 -8 -10 -7 -10 -6 -10 -6 -10 -6 -11 -6 -11 -6 -10 -5 -10 -6 -10 -6 -10 -5 -11 -5 -10 -4 -10 -5 -10 -5 -10 -5 -10 -5 -10 -5 -10 -4 -9 -5 -9 -6 -9 -5 -9 0 0 -5 -9 -6 -9 -6 -9 -6 -9 -6 -9 -6 -9 -6 -8 -7 -9 -6 -8 -7 -8 -7 -8 -7 -8 -8 -8 -8 -9 -7 -9 -8 -9 -8 -9 -8 -9 -8 -9 -8 -9 -9 -9 -9 -9 -10 -9 -10 -9 -10 -9 -9 -9 0 0 0 0 0 0 0 0 0 0]"
"1768831268177696,CSI_DATA,STATION,00:00:00:00:00:00,0,0,0,0,0,0,0,0,0,0,0,0,0,0,0,0,0,0,0,0,0,128,[84 -64 4 0 0 0 0 0 0 0 0 0 12 -3 11 -2 12 -2 12 -1 12 -1 12 -1 12 0 12 0 11 0 12 1 11 0 11 1 12 2 11 1 11 2 11 1 11 1 10 1 11 2 10 2 10 2 10 2 10 1 10 1 10 1 9 0 0 0 10 0 10 0 10 0 10 -1 10 0 10 -1 10 -1 10 -1 10 -1 10 -2 10 -2 11 -2 11 -2 11 -2 11 -3 11 -3 12 -3 11 -4 12 -3 12 -3 12 -4 12 -3 13 -4 12 -4 13 -4 13 -4 0 0 0 0 0 0 0 0 0 0]"
"1768831268182066,CSI_DATA,STATION,00:00:00:00:00:00,0,0,0,0,0,0,0,0,0,0,0,0,0,0,0,0,0,0,0,0,0,128,[84 -64 4 0 0 0 0 0 0 0 0 0 4 -11 5 -12 5 -11 6 -11 6 -11 6 -10 6 -10 7 -10 7 -9 7 -9 7 -9 7 -9 7 -9 7 -8 8 -9 7 -8 7 -9 7 -8 7 -8 7 -8 7 -8 7 -8 6 -8 6 -8 6 -8 6 -8 0 0 6 -8 6 -8 6 -8 6 -8 5 -8 6 -9 5 -9 5 -9 5 -9 5 -9 5 -10 4 -10 5 -10 5 -10 5 -10 5 -11 4 -11 4 -11 4 -11 4 -12 5 -12 4 -12 4 -12 4 -12 4 -12 4 -13 0 0 0 0 0 0 0 0 0 0]"
"1768831268188644,CSI_DATA,STATION,00:00:00:00:00:00,0,0,0,0,0,0,0,0,0,0,0,0,0,0,0,0,0,0,0,0,0,128,[84 -64 4 0 0 0 0 0 0 0 0 0 11 -4 11 -4 12 -3 12 -3 12 -3 12 -3 12 -2 11 -2 11 -1 12 -1 11 -1 11 -1 12 0 11 0 11 0 10 0 10 0 11 0 11 0 11 0 10 1 10 0 10 0 11 0 10 0 9 -1 0 0 9 -1 10 -1 10 -1 10 -2 10 -1 10 -2 10 -2 10 -2 10 -3 9 -3 10 -3 10 -3 10 -3 11 -3 11 -4 11 -4 11 -4 11 -5 11 -5 11 -5 12 -5 12 -5 12 -5 12 -5 12 -6 12 -6 0 0 0 0 0 0 0 0 0 0]"
"1768831268192999,CSI_DATA,STATION,00:00:00:00:00:00,0,0,0,0,0,0,0,0,0,0,0,0,0,0,0,0,0,0,0,0,0,128,[84 -64 4 0 0 0 0 0 0 0 0 0 -7 10 -7 10 -8 9 -8 9 -8 9 -8 8 -9 8 -9 8 -9 7 -10 7 -9 7 -10 7 -9 6 -9 6 -9 6 -9 6 -9 6 -9 6 -9 6 -9 5 -9 5 -9 5 -9 6 -8 6 -8 5 -9 6 0 0 -8 6 -8 6 -7 6 -8 6 -7 6 -7 7 -7 7 -7 7 -7 7 -7 8 -7 8 -7 7 -7 8 -7 8 -7 8 -7 9 -7 9 -7 9 -7 10 -7 10 -7 10 -7 10 -8 10 -7 10 -8 11 -8 11 0 0 0 0 0 0 0 0 0 0]"
"1768831268199518,CSI_DATA,STATION,00:00:00:00:00:00,0,0,0,0,0,0,0,0,0,0,0,0,0,0,0,0,0,0,0,0,0,128,[84 -64 4 0 0 0 0 0 0 0 0 0 -1 -13 0 -12 1 -12 1 -12 1 -12 1 -12 2 -12 2 -12 3 -12 3 -12 3 -12 4 -11 3 -11 4 -11 4 -11 3 -11 3 -11 3 -10 3 -10 3 -10 4 -10 3 -10 3 -10 3 -10 3 -10 3 -10 0 0 3 -10 2 -10 2 -10 2 -10 2 -10 2 -10 2 -10 1 -10 1 -11 1 -11 1 -11 0 -11 1 -11 0 -11 0 -12 0 -12 0 -12 0 -12 0 -12 -1 -13 0 -13 -1 -12 0 -13 -1 -13 -1 -14 -1 -14 0 0 0 0 0 0 0 0 0 0]"
"1768831268203965,CSI_DATA,STATION,00:00:00:00:00:00,0,0,0,0,0,0,0,0,0,0,0,0,0,0,0,0,0,0,0,0,0,128,[84 -64 4 0 0 0 0 0 0 0 0 0 9 7 8 8 9 8 9 8 8 9 8 9 8 9 7 9 7 9 8 10 6 10 6 9 7 10 6 9 6 10 6 10 6 9 5 8 6 9 6 9 6 9 6 9 5 8 6 9 6 8 6 8 0 0 6 8 7 7 7 7 6 7 7 7 7 8 7 7 7 7 7 6 8 6 8 6 8 7 9 7 9 7 9 6 9 6 11 6 10 6 10 6 10 6 11 6 11 6 12 7 12 6 12 6 11 6 0 0 0 0 0 0 0 0 0 0]"
"1768831268208302,CSI_DATA,STATION,00:00:00:00:00:00,0,0,0,0,0,0,0,0,0,0,0,0,0,0,0,0,0,0,0,0,0,128,[84 -64 4 0 0 0 0 0 0 0 0 0 -5 -12 -5 -13 -5 -13 -4 -13 -4 -13 -3 -13 -2 -13 -2 -13 -2 -13 -2 -13 -2 -13 -1 -12 -1 -12 -1 -12 -1 -12 0 -12 0 -12 0 -11 -1 -12 0 -12 0 -11 -1 -12 0 -11 -1 -11 -1 -11 -1 -11 0 0 -1 -11 -2 -10 -2 -11 -2 -11 -2 -11 -2 -11 -3 -11 -3 -11 -3 -11 -3 -11 -3 -11 -4 -11 -4 -11 -4 -12 -4 -12 -4 -12 -5 -12 -5 -12 -5 -12 -5 -12 -5 -13 -6 -13 -6 -13 -7 -13 -6 -13 -6 -13 0 0 0 0 0 0 0 0 0 0]"
"1768831268214812,CSI_DATA,STATION,00:00:00:00:00:00,0,0,0,0,0,0,0,0,0,0,0,0,0,0,0,0,0,0,0,0,0,128,[84 -64 4 0 0 0 0 0 0 0 0 0 11 -2 11 -2 11 -1 11 -1 12 -1 11 -1 11 0 11 0 11 0 12 1 11 1 10 1 11 1 10 2 10 2 9 1 9 2 10 2 10 2 10 2 10 2 10 1 9 1 9 2 9 1 9 0 0 0 9 0 9 0 9 1 9 -1 9 0 9 0 9 0 9 0 9 -1 9 -1 9 -1 10 -1 10 -1 10 -1 10 -2 10 -2 11 -2 10 -3 11 -2 11 -3 11 -3 11 -3 12 -3 12 -3 12 -3 12 -4 0 0 0 0 0 0 0 0 0 0]"
"1768831268219150,CSI_DATA,STATION,00:00:00:00:00:00,0,0,0,0,0,0,0,0,0,0,0,0,0,0,0,0,0,0,0,0,0,128,[84 -64 4 0 0 0 0 0 0 0 0 0 7 9 7 10 7 10 7 11 6 11 5 11 5 11 4 11 4 11 4 11 4 11 3 11 3 11 4 10 3 11 3 10 3 10 2 10 3 10 3 11 3 10 3 10 3 9 3 9 3 10 3 9 0 0 3 9 4 9 4 9 3 9 5 9 5 9 5 9 5 9 5 8 5 8 6 8 6 9 6 9 6 9 6 9 6 9 8 9 7 9 8 9 7 9 8 9 8 9 8 10 9 9 8 9 9 9 0 0 0 0 0 0 0 0 0 0]"
"1768831268223487,CSI_DATA,STATION,00:00:00:00:00:00,0,0,0,0,0,0,0,0,0,0,0,0,0,0,0,0,0,0,0,0,0,128,[84 -64 4 0 0 0 0 0 0 0 0 0 10 2 10 2 10 3 10 4 9 4 9 4 9 4 9 4 8 5 9 5 8 5 8 5 8 5 8 5 8 5 7 5 7 5 7 5 8 5 7 5 7 5 7 5 7 4 7 5 7 5 7 4 0 0 7 4 7 4 8 4 7 4 8 4 8 4 8 4 8 4 8 3 8 3 8 2 9 3 8 3 9 2 8 2 9 2 10 2 10 2 10 2 10 2 10 2 10 2 11 2 11 2 11 2 11 2 0 0 0 0 0 0 0 0 0 0]"
"1768831268229991,CSI_DATA,STATION,00:00:00:00:00:00,0,0,0,0,0,0,0,0,0,0,0,0,0,0,0,0,0,0,0,0,0,128,[84 -64 4 0 0 0 0 0 0 0 0 0 3 -11 4 -11 4 -11 4 -11 4 -11 5 -11 5 -10 5 -10 6 -10 6 -10 6 -9 6 -9 6 -9 6 -9 6 -9 6 -9 6 -9 5 -9 6 -8 6 -8 6 -8 5 -8 5 -8 5 -8 5 -8 5 -8 0 0 5 -8 4 -8 4 -8 4 -8 4 -8 4 -9 4 -8 4 -9 4 -9 4 -9 3 -9 3 -10 3 -10 3 -10 3 -10 3 -10 3 -11 3 -11 3 -11 3 -11 3 -12 2 -11 2 -12 2 -12 3 -12 3 -12 0 0 0 0 0 0 0 0 0 0]"
"1768831268234332,CSI_DATA,STATION,00:00:00:00:00:00,0,0,0,0,0,0,0,0,0,0,0,0,0,0,0,0,0,0,0,0,0,128,[84 -64 4 0 0 0 0 0 0 0 0 0 6 -11 6 -11 6 -10 7 -11 7 -10 7 -10 7 -10 8 -9 8 -9 8 -9 8 -9 8 -9 8 -8 8 -8 9 -8 8 -8 8 -7 7 -7 8 -7 8 -7 7 -7 7 -7 7 -7 7 -7 7 -7 7 -8 0 0 6 -8 6 -7 6 -8 6 -8 6 -8 6 -8 5 -8 5 -8 5 -9 5 -9 5 -9 5 -9 5 -9 5 -10 5 -10 5 -11 5 -11 5 -11 5 -11 4 -11 5 -12 4 -12 4 -12 4 -13 4 -13 4 -13 0 0 0 0 0 0 0 0 0 0]"
"1768831268245106,CSI_DATA,STATION,00:00:00:00:00:00,0,0,0,0,0,0,0,0,0,0,0,0,0,0,0,0,0,0,0,0,0,128,[84 -64 4 0 0 0 0 0 0 0 0 0 1 -13 2 -13 2 -13 2 -13 2 -13 3 -13 3 -13 4 -12 4 -12 5 -12 4 -12 5 -12 4 -12 5 -11 5 -11 5 -11 5 -11 4 -10 5 -10 5 -10 4 -10 4 -10 4 -10 4 -10 4 -10 4 -10 0 0 4 -10 3 -9 3 -10 3 -10 3 -10 2 -10 2 -10 2 -11 2 -11 2 -11 2 -11 1 -11 1 -11 1 -11 2 -12 1 -12 1 -12 1 -12 1 -13 1 -13 1 -13 0 -13 0 -13 0 -14 0 -14 0 -14 0 0 0 0 0 0 0 0 0 0]"
"1768831268249435,CSI_DATA,STATION,00:00:00:00:00:00,0,0,0,0,0,0,0,0,0,0,0,0,0,0,0,0,0,0,0,0,0,128,[84 -64 4 0 0 0 0 0 0 0 0 0 8 -9 8 -9 9 -9 9 -8 9 -8 9 -8 9 -8 10 -7 10 -7 10 -6 10 -6 9 -6 10 -5 10 -5 9 -5 9 -6 9 -5 9 -5 9 -5 9 -5 9 -5 8 -5 9 -5 9 -5 9 -5 8 -6 0 0 8 -6 7 -6 8 -6 8 -6 7 -6 8 -6 8 -6 7 -6 7 -7 7 -7 7 -8 7 -7 7 -7 7 -7 7 -8 7 -9 7 -9 7 -9 8 -9 7 -10 8 -10 7 -10 8 -10 8 -10 8 -10 8 -11 0 0 0 0 0 0 0 0 0 0]"
"1768831268256056,CSI_DATA,STATION,00:00:00:00:00:00,0,0,0,0,0,0,0,0,0,0,0,0,0,0,0,0,0,0,0,0,0,128,[84 -64 4 0 0 0 0 0 0 0 0 0 -6 -12 -5 -12 -5 -12 -5 -12 -4 -13 -4 -13 -3 -13 -3 -13 -3 -13 -2 -13 -2 -13 -2 -12 -2 -12 -1 -12 -1 -12 -1 -12 -1 -11 -1 -12 -1 -11 -1 -11 -1 -11 -1 -11 -1 -11 -1 -11 -2 -11 -2 -11 0 0 -1 -11 -2 -10 -2 -10 -2 -10 -3 -10 -2 -10 -3 -10 -4 -10 -3 -11 -3 -10 -3 -10 -4 -10 -4 -10 -4 -11 -4 -11 -4 -11 -5 -11 -5 -11 -5 -12 -5 -11 -5 -12 -6 -12 -6 -12 -6 -12 -6 -12 -6 -12 0 0 0 0 0 0 0 0 0 0]"
"1768831268262639,CSI_DATA,STATION,00:00:00:00:00:00,0,0,0,0,0,0,0,0,0,0,0,0,0,0,0,0,0,0,0,0,0,128,[84 -64 4 0 0 0 0 0 0 0 0 0 -8 8 -9 8 -9 7 -9 7 -10 6 -9 7 -9 7 -10 6 -10 6 -10 5 -10 5 -10 5 -10 4 -10 4 -10 4 -9 5 -9 4 -9 4 -10 3 -10 4 -9 4 -9 4 -9 4 -9 4 -9 4 -9 4 0 0 -8 4 -8 5 -8 4 -8 5 -8 5 -8 5 -8 5 -8 5 -8 6 -8 6 -8 6 -8 6 -7 6 -8 7 -8 7 -8 7 -8 7 -7 8 -7 8 -8 8 -8 8 -8 8 -8 8 -8 8 -8 9 -8 9 0 0 0 0 0 0 0 0 0 0]"
"1768831268267000,CSI_DATA,STATION,00:00:00:00:00:00,0,0,0,0,0,0,0,0,0,0,0,0,0,0,0,0,0,0,0,0,0,128,[84 -64 4 0 0 0 0 0 0 0 0 0 -6 10 -7 10 -8 9 -8 9 -8 8 -9 9 -9 8 -9 8 -9 7 -10 7 -9 7 -9 7 -9 6 -9 6 -9 6 -9 6 -9 6 -8 5 -9 6 -9 5 -9 5 -8 5 -8 6 -8 5 -8 5 -8 6 0 0 -8 6 -7 6 -7 6 -7 6 -7 6 -7 6 -7 6 -7 6 -7 7 -7 7 -7 8 -7 7 -7 8 -7 8 -6 8 -6 9 -6 8 -6 9 -6 9 -7 9 -7 10 -7 9 -6 9 -6 10 -6 10 -6 10 0 0 0 0 0 0 0 0 0 0]"
"1768831268273555,CSI_DATA,STATION,00:00:00:00:00:00,0,0,0,0,0,0,0,0,0,0,0,0,0,0,0,0,0,0,0,0,0,128,[84 -64 4 0 0 0 0 0 0 0 0 0 -12 -2 -11 -2 -12 -3 -12 -3 -12 -4 -11 -4 -11 -4 -11 -4 -11 -5 -11 -5 -10 -5 -10 -5 -10 -6 -10 -6 -10 -5 -9 -5 -10 -5 -9 -5 -9 -5 -9 -6 -9 -5 -9 -5 -9 -5 -10 -5 -9 -5 -9 -4 0 0 -8 -4 -9 -4 -9 -4 -9 -3 -10 -4 -9 -4 -9 -4 -10 -3 -9 -3 -10 -2 -10 -3 -10 -2 -10 -2 -10 -2 -10 -2 -10 -2 -11 -2 -11 -2 -11 -2 -11 -1 -11 -1 -12 -1 -13 -2 -13 -1 -12 -1 -12 -1 0 0 0 0 0 0 0 0 0 0]"
"1768831268277957,CSI_DATA,STATION,00:00:00:00:00:00,0,0,0,0,0,0,0,0,0,0,0,0,0,0,0,0,0,0,0,0,0,128,[84 -64 4 0 0 0 0 0 0 0 0 0 -7 -11 -7 -11 -7 -11 -6 -11 -6 -11 -5 -12 -5 -12 -4 -12 -4 -11 -4 -12 -3 -12 -3 -11 -3 -11 -3 -11 -3 -11 -3 -11 -2 -11 -2 -11 -3 -11 -3 -11 -3 -10 -3 -10 -2 -10 -3 -10 -3 -10 -3 -10 0 0 -3 -10 -4 -9 -4 -9 -4 -9 -4 -9 -5 -10 -5 -9 -5 -9 -4 -9 -5 -9 -5 -9 -5 -9 -6 -9 -6 -9 -6 -10 -6 -9 -7 -10 -7 -10 -6 -10 -7 -10 -7 -10 -8 -10 -8 -11 -8 -10 -8 -10 -8 -10 0 0 0 0 0 0 0 0 0 0]"
"1768831268282322,CSI_DATA,STATION,00:00:00:00:00:00,0,0,0,0,0,0,0,0,0,0,0,0,0,0,0,0,0,0,0,0,0,128,[84 -64 4 0 0 0 0 0 0 0 0 0 10 -5 11 -5 11 -5 12 -5 12 -4 11 -4 11 -3 11 -3 11 -3 12 -2 11 -3 10 -2 11 -2 11 -2 11 -1 10 -1 10 -1 10 -1 10 -1 10 -1 10 -1 10 -1 10 -1 10 -1 10 -2 9 -2 0 0 9 -2 9 -2 10 -3 8 -3 9 -2 9 -3 9 -3 9 -3 9 -4 9 -4 9 -4 9 -4 10 -4 10 -4 9 -5 10 -5 10 -6 9 -6 10 -6 10 -6 10 -6 10 -6 10 -6 11 -7 11 -7 11 -7 0 0 0 0 0 0 0 0 0 0]"
"1768831268288929,CSI_DATA,STATION,00:00:00:00:00:00,0,0,0,0,0,0,0,0,0,0,0,0,0,0,0,0,0,0,0,0,0,128,[84 -64 4 0 0 0 0 0 0 0 0 0 -9 8 -9 8 -10 8 -10 7 -10 7 -10 7 -10 7 -11 6 -11 6 -11 5 -11 5 -11 5 -11 5 -11 4 -11 4 -11 4 -10 4 -10 4 -10 4 -10 4 -10 4 -10 4 -9 4 -10 4 -9 4 -9 4 0 0 -9 4 -9 5 -9 5 -9 5 -8 5 -9 5 -8 5 -8 6 -8 6 -8 6 -8 6 -8 6 -8 7 -8 7 -8 7 -8 8 -8 8 -8 8 -8 9 -8 8 -8 9 -8 9 -8 9 -8 9 -9 9 -9 10 0 0 0 0 0 0 0 0 0 0]"
"1768831268293292,CSI_DATA,STATION,00:00:00:00:00:00,0,0,0,0,0,0,0,0,0,0,0,0,0,0,0,0,0,0,0,0,0,128,[84 -64 4 0 0 0 0 0 0 0 0 0 -12 -7 -11 -7 -11 -8 -11 -9 -11 -9 -10 -9 -9 -9 -9 -9 -9 -10 -9 -10 -9 -10 -8 -10 -9 -10 -8 -10 -8 -10 -8 -9 -7 -9 -7 -9 -7 -9 -7 -9 -7 -9 -7 -9 -7 -9 -8 -9 -7 -9 -7 -9 0 0 -7 -8 -8 -8 -8 -8 -7 -8 -8 -8 -8 -8 -9 -8 -9 -7 -8 -7 -9 -6 -9 -6 -9 -6 -10 -6 -10 -6 -10 -7 -10 -6 -11 -7 -11 -6 -10 -6 -11 -6 -11 -6 -12 -6 -12 -7 -13 -6 -12 -6 -12 -6 0 0 0 0 0 0 0 0 0 0]"
"1768831268299826,CSI_DATA,STATION,00:00:00:00:00:00,0,0,0,0,0,0,0,0,0,0,0,0,0,0,0,0,0,0,0,0,0,128,[84 -64 4 0 0 0 0 0 0 0 0 0 -9 -10 -8 -11 -8 -11 -8 -11 -8 -12 -7 -11 -6 -11 -6 -12 -6 -12 -6 -12 -5 -12 -5 -11 -5 -11 -5 -12 -5 -12 -5 -12 -4 -11 -3 -11 -4 -11 -4 -11 -4 -11 -4 -10 -3 -10 -4 -10 -5 -10 -4 -10 0 0 -4 -10 -5 -10 -5 -9 -5 -10 -5 -9 -6 -10 -6 -9 -6 -9 -6 -9 -6 -9 -6 -9 -7 -9 -7 -9 -7 -9 -7 -9 -8 -9 -8 -9 -8 -9 -8 -9 -8 -9 -9 -10 -10 -10 -9 -10 -10 -9 -10 -10 -10 -9 0 0 0 0 0 0 0 0 0 0]"
"1768831268304204,CSI_DATA,STATION,00:00:00:00:00:00,0,0,0,0,0,0,0,0,0,0,0,0,0,0,0,0,0,0,0,0,0,128,[84 -64 4 0 0 0 0 0 0 0 0 0 8 -9 9 -8 10 -7 9 -7 10 -6 10 -7 10 -6 10 -6 10 -5 11 -5 10 -5 10 -5 10 -4 10 -4 10 -4 9 -4 9 -4 9 -4 9 -3 9 -4 9 -3 9 -4 8 -4 9 -4 9 -4 8 -4 0 0 8 -4 8 -4 8 -4 8 -5 8 -5 8 -5 8 -5 7 -6 7 -6 7 -6 7 -6 7 -6 8 -6 8 -6 8 -7 8 -7 8 -7 7 -8 8 -7 8 -8 8 -8 8 -8 8 -8 8 -9 8 -9 8 -9 0 0 0 0 0 0 0 0 0 0]"
"1768831268308564,CSI_DATA,STATION,00:00:00:00:00:00,0,0,0,0,0,0,0,0,0,0,0,0,0,0,0,0,0,0,0,0,0,128,[84 -64 4 0 0 0 0 0 0 0 0 0 5 10 4 11 4 11 4 11 4 11 3 11 3 11 2 11 2 11 2 11 1 11 1 11 1 11 1 10 1 10 1 10 0 11 1 10 1 10 0 10 0 9 1 10 0 9 1 9 1 9 1 9 0 0 1 9 2 8 2 9 1 9 2 9 2 8 3 9 3 8 2 9 2 8 3 9 3 9 4 9 4 9 4 9 4 9 4 9 4 9 5 9 4 10 5 10 5 9 6 10 6 10 5 10 6 10 0 0 0 0 0 0 0 0 0 0]"
"1768831268315100,CSI_DATA,STATION,00:00:00:00:00:00,0,0,0,0,0,0,0,0,0,0,0,0,0,0,0,0,0,0,0,0,0,128,[84 -64 4 0 0 0 0 0 0 0 0 0 -4 -13 -4 -13 -4 -13 -3 -13 -3 -14 -2 -14 -1 -13 -1 -13 -1 -13 -1 -13 0 -13 0 -13 0 -13 0 -12 0 -12 1 -12 1 -12 1 -11 1 -12 0 -12 0 -11 0 -11 1 -10 0 -11 0 -11 0 -11 0 0 0 -10 -1 -11 -1 -10 -1 -11 -1 -11 -2 -11 -2 -11 -2 -11 -2 -11 -2 -11 -2 -11 -3 -11 -3 -11 -3 -11 -3 -11 -3 -12 -4 -12 -4 -12 -4 -12 -4 -12 -4 -12 -5 -12 -5 -13 -6 -13 -5 -13 -5 -13 0 0 0 0 0 0 0 0 0 0]"
"1768831268319435,CSI_DATA,STATION,00:00:00:00:00:00,0,0,0,0,0,0,0,0,0,0,0,0,0,0,0,0,0,0,0,0,0,128,[84 -64 4 0 0 0 0 0 0 0 0 0 5 12 5 12 5 12 4 12 4 12 3 12 2 12 2 12 2 12 2 12 2 12 1 11 1 11 1 11 1 12 0 11 0 11 0 11 0 10 0 10 0 10 1 10 0 10 1 10 1 10 1 10 0 0 1 9 2 10 2 9 1 9 2 10 2 9 2 9 2 9 2 10 2 9 3 10 3 9 4 10 4 10 3 10 4 10 4 10 4 10 4 11 5 10 5 11 5 11 6 11 6 11 6 11 6 11 0 0 0 0 0 0 0 0 0 0]"
"1768831268323746,CSI_DATA,STATION,00:00:00:00:00:00,0,0,0,0,0,0,0,0,0,0,0,0,0,0,0,0,0,0,0,0,0,128,[84 -64 4 0 0 0 0 0 0 0 0 0 -12 -3 -12 -3 -13 -3 -13 -4 -13 -5 -12 -5 -12 -5 -11 -5 -11 -6 -11 -6 -11 -6 -10 -6 -11 -6 -11 -6 -10 -7 -10 -6 -9 -6 -10 -6 -10 -6 -10 -7 -10 -7 -10 -6 -9 -6 -10 -6 -10 -6 -9 -5 0 0 -9 -5 -9 -5 -10 -5 -9 -4 -10 -4 -10 -5 -10 -4 -10 -4 -10 -3 -10 -3 -10 -3 -11 -3 -11 -3 -11 -3 -11 -3 -11 -2 -12 -3 -12 -2 -12 -2 -12 -2 -12 -2 -13 -2 -13 -2 -14 -2 -13 -2 -13 -1 0 0 0 0 0 0 0 0 0 0]"
"1768831268330249,CSI_DATA,STATION,00:00:00:00:00:00,0,0,0,0,0,0,0,0,0,0,0,0,0,0,0,0,0,0,0,0,0,128,[84 -64 4 0 0 0 0 0 0 0 0 0 -8 -11 -8 -12 -8 -12 -7 -12 -7 -12 -6 -12 -6 -12 -6 -13 -5 -13 -5 -13 -5 -13 -4 -12 -5 -12 -4 -12 -4 -12 -4 -12 -3 -12 -3 -11 -3 -11 -3 -11 -3 -11 -3 -11 -3 -11 -3 -11 -4 -11 -4 -10 0 0 -3 -10 -5 -10 -4 -10 -4 -10 -4 -10 -5 -10 -5 -10 -5 -10 -5 -10 -5 -10 -6 -9 -6 -10 -7 -9 -6 -10 -6 -10 -6 -10 -7 -11 -8 -10 -7 -10 -7 -10 -8 -10 -8 -10 -9 -11 -9 -11 -9 -11 -8 -10 0 0 0 0 0 0 0 0 0 0]"
"1768831268334567,CSI_DATA,STATION,00:00:00:00:00:00,0,0,0,0,0,0,0,0,0,0,0,0,0,0,0,0,0,0,0,0,0,128,[84 -64 4 0 0 0 0 0 0 0 0 0 9 6 9 8 9 8 9 8 9 8 8 8 7 9 7 9 7 9 7 9 6 9 6 9 6 9 6 9 6 10 5 9 5 9 5 8 5 8 5 9 5 9 6 9 5 8 5 8 6 8 5 8 0 0 5 8 6 8 6 7 6 7 6 7 6 7 7 7 7 7 7 6 7 6 7 6 8 6 8 7 8 6 8 6 8 6 9 6 9 6 9 6 9 6 9 5 10 6 10 7 10 6 10 6 10 6 0 0 0 0 0 0 0 0 0 0]"
"1768831268341098,CSI_DATA,STATION,00:00:00:00:00:00,0,0,0,0,0,0,0,0,0,0,0,0,0,0,0,0,0,0,0,0,0,128,[84 -64 4 0 0 0 0 0 0 0 0 0 1 13 0 13 0 13 0 13 -1 13 -2 13 -2 12 -2 13 -3 12 -2 12 -3 12 -3 11 -3 12 -3 11 -4 11 -4 11 -4 11 -4 10 -4 11 -4 10 -4 10 -4 10 -4 10 -3 10 -3 10 -3 10 0 0 -3 10 -2 9 -2 10 -2 10 -2 10 -2 10 -2 10 -1 10 -1 10 -1 10 -1 11 0 10 0 11 0 11 0 11 0 11 1 11 0 11 1 12 1 11 1 12 1 13 2 12 2 13 2 13 2 13 0 0 0 0 0 0 0 0 0 0]"
"1768831268345431,CSI_DATA,STATION,00:00:00:00:00:00,0,0,0,0,0,0,0,0,0,0,0,0,0,0,0,0,0,0,0,0,0,128,[84 -64 4 0 0 0 0 0 0 0 0 0 -11 1 -12 0 -12 0 -12 -1 -12 -1 -12 -1 -12 -2 -12 -2 -11 -2 -11 -3 -11 -2 -10 -3 -11 -3 -11 -3 -10 -3 -10 -3 -10 -3 -10 -3 -10 -3 -10 -4 -9 -3 -9 -3 -9 -3 -10 -3 -9 -2 -9 -2 0 0 -9 -2 -9 -2 -9 -2 -9 -1 -10 -1 -9 -1 -9 -1 -10 -1 -9 -1 -9 0 -10 0 -10 0 -10 0 -10 0 -10 1 -10 1 -11 0 -11 1 -11 1 -11 1 -11 1 -11 1 -12 1 -12 2 -12 2 -12 2 0 0 0 0 0 0 0 0 0 0]"
"1768831268349790,CSI_DATA,STATION,00:00:00:00:00:00,0,0,0,0,0,0,0,0,0,0,0,0,0,0,0,0,0,0,0,0,0,128,[84 -64 4 0 0 0 0 0 0 0 0 0 -12 -4 -13 -5 -13 -5 -13 -6 -12 -6 -12 -6 -11 -6 -11 -7 -11 -7 -11 -8 -10 -8 -10 -7 -10 -8 -10 -8 -10 -8 -9 -7 -9 -7 -8 -7 -9 -7 -9 -8 -9 -7 -9 -7 -8 -7 -9 -7 -9 -7 -8 -7 0 0 -8 -6 -9 -6 -9 -6 -8 -6 -9 -5 -9 -6 -9 -5 -10 -5 -9 -5 -9 -5 -10 -5 -10 -5 -10 -4 -11 -5 -10 -4 -11 -4 -12 -4 -11 -4 -11 -4 -11 -4 -12 -4 -12 -4 -13 -4 -13 -4 -13 -4 -13 -4 0 0 0 0 0 0 0 0 0 0]"
"1768831268356433,CSI_DATA,STATION,00:00:00:00:00:00,0,0,0,0,0,0,0,0,0,0,0,0,0,0,0,0,0,0,0,0,0,128,[84 -64 4 0 0 0 0 0 0 0 0 0 -5 -13 -5 -13 -5 -13 -4 -13 -4 -13 -3 -13 -2 -13 -2 -13 -2 -13 -2 -13 -1 -13 -1 -13 -1 -12 -1 -12 -1 -12 0 -12 0 -12 0 -12 -1 -12 0 -11 0 -11 -1 -11 0 -11 -1 -11 -1 -10 -1 -10 0 0 -1 -11 -2 -10 -2 -10 -2 -10 -2 -11 -2 -10 -3 -10 -3 -10 -2 -10 -3 -10 -3 -10 -4 -10 -4 -10 -4 -11 -4 -11 -4 -11 -5 -11 -5 -11 -4 -11 -5 -11 -5 -12 -6 -11 -6 -12 -6 -12 -6 -12 -6 -12 0 0 0 0 0 0 0 0 0 0]"
"1768831268360827,CSI_DATA,STATION,00:00:00:00:00:00,0,0,0,0,0,0,0,0,0,0,0,0,0,0,0,0,0,0,0,0,0,128,[84 -64 4 0 0 0 0 0 0 0 0 0 -7 -12 -7 -12 -7 -12 -6 -13 -5 -13 -5 -13 -4 -12 -4 -13 -4 -13 -4 -13 -3 -13 -3 -12 -3 -12 -3 -12 -3 -13 -2 -12 -2 -12 -2 -11 -3 -12 -2 -12 -2 -11 -2 -11 -2 -11 -3 -11 -3 -11 -3 -11 0 0 -3 -10 -4 -11 -4 -11 -4 -10 -4 -11 -5 -11 -4 -10 -5 -10 -4 -10 -5 -9 -6 -10 -6 -10 -6 -10 -6 -10 -6 -10 -7 -10 -7 -10 -7 -11 -7 -10 -7 -10 -8 -11 -8 -11 -8 -11 -9 -11 -8 -11 -9 -11 0 0 0 0 0 0 0 0 0 0]"
"1768831268365169,CSI_DATA,STATION,00:00:00:00:00:00,0,0,0,0,0,0,0,0,0,0,0,0,0,0,0,0,0,0,0,0,0,128,[84 -64 4 0 0 0 0 0 0 0 0 0 11 -8 11 -7 11 -6 12 -6 12 -6 12 -5 12 -5 12 -5 12 -4 12 -4 12 -4 12 -3 12 -3 11 -3 12 -2 11 -3 11 -3 10 -2 11 -2 11 -2 10 -2 10 -3 10 -3 10 -3 10 -3 10 -4 0 0 10 -3 9 -3 9 -3 9 -4 9 -4 9 -4 9 -4 9 -5 9 -5 8 -5 8 -6 9 -5 9 -6 9 -6 9 -7 9 -7 9 -7 9 -8 9 -7 9 -8 10 -8 9 -8 10 -8 10 -9 10 -9 10 -9 0 0 0 0 0 0 0 0 0 0]"
"1768831268371722,CSI_DATA,STATION,00:00:00:00:00:00,0,0,0,0,0,0,0,0,0,0,0,0,0,0,0,0,0,0,0,0,0,128,[84 -64 4 0 0 0 0 0 0 0 0 0 6 11 5 12 5 12 5 12 4 12 4 12 3 12 3 12 2 12 3 12 2 12 2 11 2 11 2 11 1 12 1 11 0 11 0 10 1 11 1 11 1 10 1 10 1 10 1 10 2 10 2 10 0 0 2 10 3 9 3 9 2 9 3 9 3 9 4 9 4 9 3 8 4 9 4 9 5 9 5 9 5 9 5 9 5 9 6 9 6 9 6 9 7 9 7 10 7 9 7 10 8 10 7 10 7 10 0 0 0 0 0 0 0 0 0 0]"
"1768831268376124,CSI_DATA,STATION,00:00:00:00:00:00,0,0,0,0,0,0,0,0,0,0,0,0,0,0,0,0,0,0,0,0,0,128,[84 -64 4 0 0 0 0 0 0 0 0 0 11 3 11 4 12 4 11 4 12 5 11 5 10 5 10 6 10 6 10 6 10 6 9 6 10 6 9 7 9 7 8 6 8 6 8 6 8 7 8 7 8 6 8 6 8 6 8 6 8 6 8 5 0 0 8 5 8 5 8 5 8 4 8 4 8 4 8 4 9 4 8 3 9 3 9 3 9 3 9 3 10 3 9 3 10 3 11 3 10 2 11 2 10 2 11 2 11 2 12 2 12 2 12 2 12 2 0 0 0 0 0 0 0 0 0 0]"
"1768831268391096,CSI_DATA,STATION,00:00:00:00:00:00,0,0,0,0,0,0,0,0,0,0,0,0,0,0,0,0,0,0,0,0,0,128,[84 -64 4 0 0 0 0 0 0 0 0 0 -8 -12 -7 -12 -8 -12 -7 -12 -7 -13 -6 -13 -5 -13 -5 -13 -5 -13 -4 -13 -4 -13 -4 -12 -3 -12 -3 -12 -3 -12 -4 -12 -3 -11 -3 -12 -4 -11 -3 -12 -3 -11 -3 -11 -2 -11 -3 -11 -4 -11 -3 -11 0 0 -3 -10 -4 -10 -4 -10 -4 -10 -5 -10 -5 -10 -5 -10 -5 -10 -5 -9 -5 -10 -6 -9 -6 -9 -6 -9 -7 -10 -7 -10 -7 -10 -8 -10 -8 -9 -7 -10 -8 -10 -8 -10 -9 -10 -9 -11 -10 -10 -9 -11 -9 -10 0 0 0 0 0 0 0 0 0 0]"
"1768831268397641,CSI_DATA,STATION,00:00:00:00:00:00,0,0,0,0,0,0,0,0,0,0,0,0,0,0,0,0,0,0,0,0,0,128,[84 -64 4 0 0 0 0 0 0 0 0 0 11 -3 11 -3 12 -2 11 -2 12 -2 11 -1 11 -1 11 0 10 -1 11 0 11 0 10 1 11 1 10 1 10 1 10 1 9 1 10 1 10 1 10 1 9 1 9 1 9 1 9 1 9 1 9 0 0 0 8 0 8 0 9 0 8 -1 9 0 9 0 9 -1 9 -1 8 -1 9 -1 9 -1 9 -1 9 -1 9 -2 9 -2 9 -3 10 -2 10 -3 10 -3 9 -3 10 -3 10 -3 11 -3 11 -3 11 -3 11 -4 0 0 0 0 0 0 0 0 0 0]"
"1768831268402017,CSI_DATA,STATION,00:00:00:00:00:00,0,0,0,0,0,0,0,0,0,0,0,0,0,0,0,0,0,0,0,0,0,128,[84 -64 4 0 0 0 0 0 0 0 0 0 9 -7 10 -7 10 -6 11 -6 10 -5 10 -5 10 -4 10 -4 10 -4 10 -3 10 -4 10 -3 10 -3 10 -3 10 -3 9 -3 9 -2 9 -2 10 -2 9 -2 9 -2 9 -2 9 -3 9 -2 9 -3 8 -3 0 0 8 -3 8 -3 8 -3 8 -4 8 -3 8 -4 8 -4 8 -4 8 -5 7 -5 7 -5 8 -5 8 -5 8 -5 8 -6 8 -7 8 -6 8 -7 8 -7 8 -7 8 -7 8 -7 9 -7 8 -8 8 -8 8 -8 0 0 0 0 0 0 0 0 0 0]"
"1768831268406364,CSI_DATA,STATION,00:00:00:00:00:00,0,0,0,0,0,0,0,0,0,0,0,0,0,0,0,0,0,0,0,0,0,128,[84 -64 4 0 0 0 0 0 0 0 0 0 10 -9 11 -9 10 -8 11 -8 11 -7 11 -7 11 -6 12 -6 11 -6 12 -5 11 -6 11 -5 11 -4 11 -4 11 -4 10 -4 11 -4 10 -4 10 -4 10 -4 10 -3 10 -3 9 -4 9 -4 9 -4 9 -5 0 0 9 -4 9 -5 9 -5 8 -5 9 -5 9 -5 9 -5 8 -6 8 -6 8 -6 8 -7 8 -7 8 -7 8 -7 8 -7 8 -8 8 -8 8 -9 8 -8 8 -9 9 -9 8 -9 8 -9 8 -10 9 -10 9 -10 0 0 0 0 0 0 0 0 0 0]"
"1768831268412934,CSI_DATA,STATION,00:00:00:00:00:00,0,0,0,0,0,0,0,0,0,0,0,0,0,0,0,0,0,0,0,0,0,128,[84 -64 4 0 0 0 0 0 0 0 0 0 11 5 11 5 11 6 11 6 11 7 10 7 10 7 9 7 9 7 9 8 9 8 8 8 8 8 8 8 8 8 8 7 7 7 7 7 7 7 7 7 7 7 7 7 6 6 7 7 7 7 7 6 0 0 7 5 7 6 8 6 7 5 8 5 8 5 8 5 8 5 8 4 8 4 8 4 9 5 9 4 9 4 9 4 10 4 10 4 10 3 10 3 10 3 11 3 11 3 11 3 12 3 12 3 12 3 0 0 0 0 0 0 0 0 0 0]"
"1768831268417411,CSI_DATA,STATION,00:00:00:00:00:00,0,0,0,0,0,0,0,0,0,0,0,0,0,0,0,0,0,0,0,0,0,128,[84 -64 4 0 0 0 0 0 0 0 0 0 -6 -12 -6 -13 -6 -13 -6 -14 -5 -13 -5 -13 -4 -13 -3 -13 -3 -13 -3 -13 -2 -13 -2 -13 -2 -12 -2 -13 -2 -13 -1 -12 -1 -12 -1 -11 -2 -12 -2 -12 -1 -12 -2 -11 -2 -11 -2 -11 -2 -11 -2 -11 0 0 -2 -11 -3 -11 -3 -11 -3 -10 -3 -11 -3 -11 -4 -11 -4 -10 -4 -10 -4 -10 -4 -10 -5 -10 -5 -10 -5 -11 -5 -10 -5 -11 -6 -11 -6 -11 -6 -11 -6 -11 -6 -11 -7 -11 -7 -11 -8 -11 -8 -11 -8 -11 0 0 0 0 0 0 0 0 0 0]"
"1768831268421822,CSI_DATA,STATION,00:00:00:00:00:00,0,0,0,0,0,0,0,0,0,0,0,0,0,0,0,0,0,0,0,0,0,128,[84 -64 4 0 0 0 0 0 0 0 0 0 11 -5 11 -5 13 -4 12 -4 13 -3 12 -3 12 -2 12 -2 12 -2 12 -1 12 -2 11 -1 12 -1 12 -1 11 0 11 -1 10 0 11 0 11 0 11 0 10 0 10 0 10 -1 10 0 10 -1 9 -1 0 0 9 -1 10 -1 10 -1 9 -2 9 -2 9 -2 9 -2 9 -2 9 -3 9 -3 9 -4 10 -3 10 -4 10 -4 9 -4 9 -4 10 -5 10 -5 10 -5 10 -6 10 -6 10 -5 11 -6 11 -6 11 -6 11 -7 0 0 0 0 0 0 0 0 0 0]"
"1768831268428531,CSI_DATA,STATION,00:00:00:00:00:00,0,0,0,0,0,0,0,0,0,0,0,0,0,0,0,0,0,0,0,0,0,128,[84 -64 4 0 0 0 0 0 0 0 0 0 -10 8 -10 8 -11 7 -11 7 -11 7 -11 7 -11 6 -12 6 -11 6 -12 5 -12 5 -11 5 -11 4 -11 4 -11 3 -11 5 -11 3 -10 3 -11 3 -11 4 -10 3 -10 4 -10 4 -10 3 -10 3 -10 4 0 0 -9 4 -9 4 -9 4 -9 5 -9 5 -9 5 -9 5 -8 5 -8 6 -9 6 -9 6 -8 6 -9 6 -8 6 -8 7 -9 7 -8 7 -8 8 -8 8 -9 9 -8 8 -8 8 -9 9 -9 9 -9 9 -9 9 0 0 0 0 0 0 0 0 0 0]"
"1768831268432988,CSI_DATA,STATION,00:00:00:00:00:00,0,0,0,0,0,0,0,0,0,0,0,0,0,0,0,0,0,0,0,0,0,128,[84 -64 4 0 0 0 0 0 0 0 0 0 -12 -2 -12 -3 -13 -3 -13 -4 -12 -4 -12 -4 -12 -4 -11 -4 -11 -5 -11 -6 -11 -5 -10 -5 -11 -6 -10 -6 -10 -6 -10 -5 -10 -5 -10 -5 -10 -5 -9 -6 -9 -6 -9 -5 -9 -5 -9 -5 -9 -5 -9 -4 0 0 -9 -4 -9 -4 -9 -3 -9 -3 -10 -3 -9 -3 -10 -3 -10 -3 -9 -2 -9 -2 -10 -2 -10 -2 -10 -2 -11 -2 -10 -1 -11 -1 -11 -2 -11 -1 -11 -1 -11 -1 -11 -1 -12 0 -12 -1 -13 -1 -12 0 -12 0 0 0 0 0 0 0 0 0 0 0]"
"1768831268437429,CSI_DATA,STATION,00:00:00:00:00:00,0,0,0,0,0,0,0,0,0,0,0,0,0,0,0,0,0,0,0,0,0,128,[84 -64 4 0 0 0 0 0 0 0 0 0 -2 12 -2 13 -2 13 -3 13 -3 13 -4 12 -5 13 -5 12 -5 12 -5 12 -5 12 -6 11 -5 11 -5 11 -6 10 -6 10 -6 10 -6 10 -5 10 -6 10 -6 9 -5 9 -6 9 -5 10 -5 9 -5 9 0 0 -4 9 -4 9 -3 9 -4 9 -4 10 -3 9 -3 9 -3 10 -3 10 -3 10 -2 10 -1 10 -2 10 -2 10 -2 11 -1 11 -1 11 -1 11 -1 12 -1 11 -1 12 0 12 0 13 0 13 0 13 0 12 0 0 0 0 0 0 0 0 0 0]"
"1768831268444075,CSI_DATA,STATION,00:00:00:00:00:00,0,0,0,0,0,0,0,0,0,0,0,0,0,0,0,0,0,0,0,0,0,128,[84 -64 4 0 0 0 0 0 0 0 0 0 8 9 8 9 9 9 8 10 7 10 6 10 6 11 5 11 5 10 6 11 4 10 5 10 5 11 4 10 4 11 4 10 4 9 3 9 4 10 4 10 4 9 4 9 3 9 4 9 4 9 4 9 0 0 4 8 5 8 5 8 4 8 5 8 5 8 6 8 6 8 5 7 6 7 6 7 6 7 7 7 7 7 7 7 7 7 8 8 8 7 8 7 8 7 8 7 9 7 9 8 10 8 9 8 9 7 0 0 0 0 0 0 0 0 0 0]"
"1768831268448529,CSI_DATA,STATION,00:00:00:00:00:00,0,0,0,0,0,0,0,0,0,0,0,0,0,0,0,0,0,0,0,0,0,128,[84 -64 4 0 0 0 0 0 0 0 0 0 1 12 0 12 0 11 0 12 -1 12 -2 12 -2 12 -3 11 -3 11 -3 10 -3 11 -3 10 -3 11 -3 10 -3 10 -4 10 -4 10 -4 10 -4 9 -3 9 -3 9 -3 9 -3 9 -3 9 -2 9 -3 9 0 0 -3 9 -2 8 -2 9 -2 8 -2 9 -2 8 -1 8 -1 9 -1 9 -1 9 -1 9 0 9 0 9 0 9 -1 9 0 10 1 10 0 10 1 11 0 10 1 11 1 11 1 11 2 11 1 11 1 11 0 0 0 0 0 0 0 0 0 0]"
"1768831268452938,CSI_DATA,STATION,00:00:00:00:00:00,0,0,0,0,0,0,0,0,0,0,0,0,0,0,0,0,0,0,0,0,0,128,[84 -64 4 0 0 0 0 0 0 0 0 0 -2 13 -3 13 -3 13 -4 13 -4 12 -5 13 -5 12 -6 12 -6 12 -6 11 -6 11 -6 11 -6 11 -6 10 -6 10 -6 10 -7 10 -6 10 -6 9 -6 9 -6 9 -6 9 -6 9 -6 9 -5 9 -6 9 0 0 -5 9 -4 9 -4 9 -4 9 -4 9 -4 9 -4 9 -4 9 -4 10 -3 10 -3 10 -3 10 -3 10 -2 11 -3 11 -2 11 -2 11 -2 11 -2 12 -2 11 -2 12 -2 12 -1 12 -1 13 -1 13 -1 13 0 0 0 0 0 0 0 0 0 0]"
"1768831268457344,CSI_DATA,STATION,00:00:00:00:00:00,0,0,0,0,0,0,0,0,0,0,0,0,0,0,0,0,0,0,0,0,0,128,[84 -64 4 0 0 0 0 0 0 0 0 0 -11 8 -11 7 -12 7 -12 6 -12 5 -12 6 -12 5 -12 5 -12 4 -13 4 -12 4 -12 4 -12 3 -12 3 -12 3 -11 4 -11 3 -11 3 -11 2 -11 2 -11 2 -10 2 -10 2 -10 2 -10 3 -10 3 0 0 -10 3 -10 4 -9 3 -9 4 -10 4 -10 4 -9 4 -10 4 -9 5 -9 5 -9 6 -9 5 -9 6 -9 6 -9 6 -9 7 -9 7 -9 7 -9 7 -9 7 -9 8 -9 8 -10 8 -10 9 -9 8 -10 9 0 0 0 0 0 0 0 0 0 0]"
"1768831268463796,CSI_DATA,STATION,00:00:00:00:00:00,0,0,0,0,0,0,0,0,0,0,0,0,0,0,0,0,0,0,0,0,0,128,[84 -64 4 0 0 0 0 0 0 0 0 0 11 6 11 7 11 7 11 8 10 8 10 8 10 9 9 9 9 9 9 9 8 9 8 9 8 9 8 9 8 9 7 8 7 9 6 8 7 9 7 9 7 8 7 8 6 8 6 8 7 8 6 7 0 0 6 7 7 7 7 7 7 7 8 6 8 7 8 6 8 6 8 5 8 5 8 5 9 5 9 6 9 5 9 5 9 5 10 5 10 5 10 5 10 4 10 5 11 5 11 5 12 5 11 5 11 5 0 0 0 0 0 0 0 0 0 0]"
"1768831268468051,CSI_DATA,STATION,00:00:00:00:00:00,0,0,0,0,0,0,0,0,0,0,0,0,0,0,0,0,0,0,0,0,0,128,[84 -64 4 0 0 0 0 0 0 0 0 0 -12 5 -13 5 -13 4 -13 4 -13 3 -13 3 -13 2 -13 2 -13 2 -13 2 -13 2 -12 1 -13 0 -12 1 -12 0 -12 1 -12 0 -11 0 -12 0 -12 0 -11 0 -11 0 -11 0 -11 0 -11 1 -11 1 0 0 -10 1 -10 2 -10 1 -10 2 -11 2 -11 2 -11 2 -10 2 -10 3 -10 3 -10 3 -10 3 -10 3 -11 4 -10 4 -10 4 -11 4 -11 5 -11 5 -11 5 -11 6 -11 5 -11 5 -11 6 -11 6 -12 6 0 0 0 0 0 0 0 0 0 0]"
"1768831268474421,CSI_DATA,STATION,00:00:00:00:00:00,0,0,0,0,0,0,0,0,0,0,0,0,0,0,0,0,0,0,0,0,0,128,[84 -64 4 0 0 0 0 0 0 0 0 0 -6 -13 -5 -14 -6 -14 -5 -14 -5 -14 -4 -14 -3 -14 -2 -14 -2 -14 -3 -14 -2 -13 -1 -13 -1 -13 -2 -13 -1 -12 -1 -12 0 -12 0 -12 -1 -13 -1 -12 -1 -11 -1 -12 -1 -11 -1 -12 -2 -11 -1 -11 0 0 -1 -11 -2 -11 -3 -10 -2 -11 -2 -11 -3 -11 -3 -11 -3 -11 -3 -10 -3 -11 -4 -10 -4 -10 -5 -10 -4 -11 -5 -11 -5 -11 -6 -12 -5 -11 -5 -11 -6 -12 -6 -12 -6 -11 -7 -12 -7 -12 -7 -12 -7 -12 0 0 0 0 0 0 0 0 0 0]"
"1768831268478727,CSI_DATA,STATION,00:00:00:00:00:00,0,0,0,0,0,0,0,0,0,0,0,0,0,0,0,0,0,0,0,0,0,128,[84 -64 4 0 0 0 0 0 0 0 0 0 10 7 10 8 10 8 10 8 9 9 9 9 8 9 8 10 7 9 8 10 7 9 7 9 7 10 7 10 7 10 6 9 5 9 6 9 6 9 6 9 5 9 6 9 5 8 6 8 6 8 6 8 0 0 6 7 6 8 6 7 6 7 6 7 7 8 7 7 7 7 7 6 7 6 8 6 8 6 8 6 8 7 8 6 8 6 9 6 9 6 10 6 9 6 10 6 10 6 10 6 11 5 11 6 11 6 0 0 0 0 0 0 0 0 0 0]"
"1768831268483064,CSI_DATA,STATION,00:00:00:00:00:00,0,0,0,0,0,0,0,0,0,0,0,0,0,0,0,0,0,0,0,0,0,128,[84 -64 4 0 0 0 0 0 0 0 0 0 -4 13 -5 13 -5 13 -5 13 -6 12 -7 12 -7 12 -7 11 -8 11 -7 10 -7 11 -8 11 -8 10 -8 10 -8 10 -8 9 -8 9 -8 9 -8 8 -7 9 -7 8 -7 8 -7 8 -6 8 -6 9 -7 9 0 0 -6 9 -6 8 -6 9 -6 8 -6 9 -6 9 -5 9 -5 9 -5 9 -5 9 -4 10 -4 10 -4 10 -4 11 -4 10 -4 11 -3 11 -4 11 -3 11 -3 11 -3 12 -3 12 -3 12 -3 13 -3 13 -3 13 0 0 0 0 0 0 0 0 0 0]"
"1768831268489534,CSI_DATA,STATION,00:00:00:00:00:00,0,0,0,0,0,0,0,0,0,0,0,0,0,0,0,0,0,0,0,0,0,128,[84 -64 4 0 0 0 0 0 0 0 0 0 -2 -14 -1 -14 -1 -14 -1 -13 0 -15 1 -14 1 -14 2 -13 2 -13 2 -14 2 -13 2 -13 3 -13 2 -12 3 -12 3 -12 3 -11 3 -12 2 -11 3 -11 3 -11 3 -11 3 -11 2 -11 2 -11 2 -11 0 0 2 -10 1 -10 1 -10 1 -11 1 -10 1 -11 1 -11 0 -11 1 -11 0 -11 0 -11 -1 -11 -1 -11 -1 -11 -1 -12 -1 -12 -1 -12 -2 -12 -1 -12 -2 -12 -2 -13 -2 -13 -3 -13 -3 -13 -3 -13 -3 -13 0 0 0 0 0 0 0 0 0 0]"
"1768831268493850,CSI_DATA,STATION,00:00:00:00:00:00,0,0,0,0,0,0,0,0,0,0,0,0,0,0,0,0,0,0,0,0,0,128,[84 -64 4 0 0 0 0 0 0 0 0 0 12 -5 12 -4 13 -3 13 -3 13 -2 13 -2 13 -2 12 -1 12 -1 12 -1 12 -1 12 -1 12 0 12 0 12 0 11 0 11 0 11 0 11 1 11 1 11 1 10 1 10 0 10 1 11 0 10 -1 0 0 10 -1 10 -1 10 -1 10 -2 10 -1 10 -2 10 -2 10 -2 10 -3 9 -2 10 -3 10 -3 10 -3 10 -3 10 -4 10 -4 11 -4 10 -5 11 -4 10 -5 11 -5 11 -5 11 -5 11 -5 11 -6 12 -6 0 0 0 0 0 0 0 0 0 0]"
"1768831268500347,CSI_DATA,STATION,00:00:00:00:00:00,0,0,0,0,0,0,0,0,0,0,0,0,0,0,0,0,0,0,0,0,0,128,[84 -64 4 0 0 0 0 0 0 0 0 0 7 -11 8 -10 8 -10 8 -10 8 -9 9 -9 9 -9 9 -8 9 -8 9 -7 9 -8 9 -7 9 -7 9 -7 9 -6 9 -7 9 -6 8 -7 8 -6 9 -6 8 -6 8 -6 8 -6 8 -6 7 -6 8 -6 0 0 7 -6 7 -6 7 -6 7 -7 6 -7 6 -7 6 -7 6 -7 6 -8 6 -8 6 -8 5 -8 5 -8 6 -8 5 -9 5 -9 5 -10 5 -10 5 -10 5 -10 5 -10 5 -10 5 -10 5 -11 5 -11 5 -11 0 0 0 0 0 0 0 0 0 0]"
"1768831268504655,CSI_DATA,STATION,00:00:00:00:00:00,0,0,0,0,0,0,0,0,0,0,0,0,0,0,0,0,0,0,0,0,0,128,[84 -64 4 0 0 0 0 0 0 0 0 0 -11 5 -11 5 -12 4 -12 4 -12 3 -12 3 -12 3 -12 3 -12 2 -12 2 -12 2 -11 2 -12 1 -11 1 -12 1 -11 1 -11 0 -10 1 -11 0 -11 0 -10 1 -10 0 -10 1 -10 1 -10 1 -10 1 0 0 -9 1 -10 2 -9 2 -9 2 -10 2 -9 2 -9 2 -9 2 -9 3 -9 3 -9 4 -9 3 -9 4 -9 4 -9 4 -9 5 -9 4 -9 5 -9 5 -9 5 -10 6 -10 5 -10 6 -10 6 -10 6 -10 7 0 0 0 0 0 0 0 0 0 0]"
"1768831268509009,CSI_DATA,STATION,00:00:00:00:00:00,0,0,0,0,0,0,0,0,0,0,0,0,0,0,0,0,0,0,0,0,0,128,[84 -64 4 0 0 0 0 0 0 0 0 0 5 -13 6 -13 6 -12 7 -12 7 -12 7 -12 8 -11 8 -11 9 -11 8 -10 8 -10 8 -10 8 -10 8 -9 9 -9 8 -9 8 -9 7 -9 8 -8 8 -8 8 -8 8 -8 7 -8 8 -8 7 -8 7 -8 0 0 7 -9 6 -8 7 -8 7 -8 6 -8 6 -9 5 -8 6 -9 5 -9 5 -9 5 -10 5 -10 5 -9 5 -10 5 -11 5 -11 4 -11 4 -11 5 -11 4 -11 5 -12 5 -12 4 -12 4 -13 4 -13 4 -13 0 0 0 0 0 0 0 0 0 0]"
"1768831268515472,CSI_DATA,STATION,00:00:00:00:00:00,0,0,0,0,0,0,0,0,0,0,0,0,0,0,0,0,0,0,0,0,0,128,[84 -64 4 0 0 0 0 0 0 0 0 0 -1 -15 0 -15 0 -15 0 -15 1 -15 2 -15 2 -14 2 -14 3 -14 3 -13 3 -14 3 -14 4 -13 4 -13 4 -13 4 -12 4 -12 4 -12 4 -12 4 -12 4 -11 3 -11 4 -11 3 -11 3 -11 3 -11 0 0 3 -11 2 -10 2 -11 2 -11 2 -11 2 -11 1 -11 1 -11 1 -11 1 -11 1 -12 0 -11 0 -11 0 -12 0 -12 0 -12 -1 -13 0 -13 0 -13 -1 -13 -1 -13 -1 -13 -2 -14 -2 -14 -2 -14 -2 -14 0 0 0 0 0 0 0 0 0 0]"
"1768831268519787,CSI_DATA,STATION,00:00:00:00:00:00,0,0,0,0,0,0,0,0,0,0,0,0,0,0,0,0,0,0,0,0,0,128,[84 -64 4 0 0 0 0 0 0 0 0 0 8 10 8 10 7 11 7 11 6 11 6 12 6 11 5 12 4 11 5 12 4 11 4 11 5 11 4 11 4 12 4 11 3 11 3 10 4 11 3 11 3 10 4 10 3 10 4 10 4 10 4 10 0 0 4 9 4 9 5 9 4 9 5 9 5 9 6 8 6 8 6 8 6 8 6 8 7 8 7 8 8 8 7 8 8 8 8 7 8 7 8 8 8 7 9 7 10 8 9 8 10 7 10 8 10 7 0 0 0 0 0 0 0 0 0 0]"
"1768831268526252,CSI_DATA,STATION,00:00:00:00:00:00,0,0,0,0,0,0,0,0,0,0,0,0,0,0,0,0,0,0,0,0,0,128,[84 -64 4 0 0 0 0 0 0 0 0 0 -12 4 -12 4 -13 3 -13 3 -13 3 -12 2 -12 1 -12 2 -12 1 -13 1 -12 1 -11 1 -12 0 -12 0 -12 0 -11 0 -11 0 -11 0 -11 -1 -11 -1 -11 -1 -10 -1 -10 0 -11 0 -10 0 -10 0 0 0 -10 0 -10 0 -10 1 -10 1 -10 1 -10 1 -10 1 -10 1 -9 1 -10 2 -10 2 -10 2 -10 2 -10 2 -10 3 -10 3 -11 3 -10 3 -10 3 -10 4 -11 4 -11 4 -11 4 -11 4 -11 5 -11 5 0 0 0 0 0 0 0 0 0 0]"
"1768831268536932,CSI_DATA,STATION,00:00:00:00:00:00,0,0,0,0,0,0,0,0,0,0,0,0,0,0,0,0,0,0,0,0,0,128,[84 -64 4 0 0 0 0 0 0 0 0 0 10 -10 10 -10 11 -9 11 -9 11 -9 12 -8 12 -8 12 -8 12 -7 12 -7 12 -7 11 -6 12 -6 12 -6 12 -5 11 -6 11 -6 10 -5 11 -5 11 -5 10 -5 10 -5 10 -5 10 -5 10 -5 10 -6 0 0 9 -6 9 -6 9 -6 9 -7 8 -7 9 -7 8 -7 8 -7 8 -8 7 -8 7 -8 8 -8 7 -8 8 -9 7 -9 7 -10 7 -10 7 -10 7 -10 7 -11 7 -11 7 -11 7 -11 6 -12 7 -12 7 -12 0 0 0 0 0 0 0 0 0 0]"
"1768831268543399,CSI_DATA,STATION,00:00:00:00:00:00,0,0,0,0,0,0,0,0,0,0,0,0,0,0,0,0,0,0,0,0,0,128,[84 -64 4 0 0 0 0 0 0 0 0 0 12 3 12 3 12 4 11 4 12 5 11 5 11 6 10 5 10 6 10 7 10 6 9 6 10 7 9 7 9 7 8 6 8 7 8 6 8 7 8 7 8 6 8 7 7 6 8 7 8 6 7 5 0 0 7 5 7 5 7 5 7 5 8 5 8 5 8 5 8 4 8 4 8 4 8 4 9 4 9 4 9 4 9 4 9 3 10 4 9 3 10 3 10 3 10 3 10 4 11 4 11 3 11 3 11 3 0 0 0 0 0 0 0 0 0 0]"
"1768831268547701,CSI_DATA,STATION,00:00:00:00:00:00,0,0,0,0,0,0,0,0,0,0,0,0,0,0,0,0,0,0,0,0,0,128,[84 -64 4 0 0 0 0 0 0 0 0 0 9 10 9 10 9 11 9 11 8 11 8 11 7 11 7 12 7 11 7 12 5 12 6 11 6 12 5 12 5 12 5 11 5 11 4 11 5 11 5 11 5 10 5 10 4 10 5 10 5 10 5 10 0 0 5 9 5 9 6 9 5 9 6 9 6 9 6 8 6 8 7 7 6 8 7 8 7 8 7 8 8 8 8 8 8 7 9 7 9 7 9 7 9 7 9 7 10 7 10 7 11 8 10 7 10 7 0 0 0 0 0 0 0 0 0 0]"
"1768831268554221,CSI_DATA,STATION,00:00:00:00:00:00,0,0,0,0,0,0,0,0,0,0,0,0,0,0,0,0,0,0,0,0,0,128,[84 -64 4 0 0 0 0 0 0 0 0 0 -8 -12 -8 -12 -8 -12 -7 -13 -6 -13 -6 -13 -5 -13 -4 -13 -5 -13 -5 -13 -4 -13 -4 -13 -4 -13 -4 -13 -3 -13 -3 -12 -3 -12 -2 -11 -3 -12 -3 -12 -3 -12 -3 -11 -2 -11 -3 -11 -3 -11 -3 -11 0 0 -3 -11 -4 -11 -4 -10 -4 -10 -5 -11 -4 -11 -4 -11 -5 -10 -5 -10 -5 -10 -5 -10 -6 -10 -6 -10 -6 -10 -6 -10 -6 -10 -7 -10 -7 -10 -7 -10 -7 -10 -7 -10 -8 -10 -8 -10 -9 -10 -8 -10 -8 -10 0 0 0 0 0 0 0 0 0 0]"
"1768831268560901,CSI_DATA,STATION,00:00:00:00:00:00,0,0,0,0,0,0,0,0,0,0,0,0,0,0,0,0,0,0,0,0,0,128,[84 -64 4 0 0 0 0 0 0 0 0 0 -13 -5 -13 -6 -13 -7 -13 -8 -13 -8 -12 -8 -11 -8 -11 -8 -11 -9 -11 -9 -11 -8 -10 -9 -10 -9 -10 -9 -10 -9 -9 -9 -9 -8 -9 -8 -9 -9 -9 -9 -9 -9 -9 -9 -8 -8 -9 -8 -9 -8 -9 -7 0 0 -9 -7 -9 -7 -9 -7 -9 -6 -10 -7 -9 -6 -10 -6 -10 -6 -9 -6 -10 -5 -10 -5 -10 -5 -10 -5 -11 -5 -10 -4 -11 -4 -11 -5 -11 -4 -11 -4 -12 -4 -12 -4 -13 -4 -13 -4 -13 -3 -13 -3 -12 -3 0 0 0 0 0 0 0 0 0 0]"
"1768831268565282,CSI_DATA,STATION,00:00:00:00:00:00,0,0,0,0,0,0,0,0,0,0,0,0,0,0,0,0,0,0,0,0,0,128,[84 -64 4 0 0 0 0 0 0 0 0 0 -9 -12 -8 -12 -8 -12 -8 -13 -7 -13 -6 -13 -6 -13 -5 -13 -5 -13 -5 -13 -5 -13 -4 -13 -4 -13 -5 -13 -4 -13 -4 -12 -3 -12 -3 -12 -3 -12 -3 -12 -3 -12 -3 -12 -3 -11 -4 -11 -4 -11 -4 -11 0 0 -4 -11 -4 -11 -5 -11 -4 -10 -5 -11 -5 -11 -5 -11 -5 -10 -5 -10 -5 -10 -6 -10 -6 -10 -7 -10 -7 -10 -6 -10 -7 -10 -8 -10 -7 -10 -7 -10 -8 -10 -8 -10 -8 -10 -9 -10 -10 -10 -9 -10 -9 -10 0 0 0 0 0 0 0 0 0 0]"
"1768831268571836,CSI_DATA,STATION,00:00:00:00:00:00,0,0,0,0,0,0,0,0,0,0,0,0,0,0,0,0,0,0,0,0,0,128,[84 -64 4 0 0 0 0 0 0 0 0 0 -13 3 -14 3 -14 3 -14 2 -13 2 -14 1 -14 1 -14 1 -13 0 -13 0 -13 0 -13 0 -13 -1 -13 -1 -13 -1 -12 -1 -12 -1 -12 -1 -13 -2 -12 -2 -12 -2 -12 -2 -11 -1 -12 -1 -11 -1 -11 0 0 0 -11 0 -11 0 -11 0 -10 1 -11 0 -11 1 -11 0 -11 1 -10 1 -10 1 -11 2 -11 2 -10 2 -11 3 -11 3 -11 3 -11 3 -11 4 -11 4 -11 4 -11 4 -11 4 -11 4 -11 5 -11 5 -11 5 0 0 0 0 0 0 0 0 0 0]"
"1768831268576214,CSI_DATA,STATION,00:00:00:00:00:00,0,0,0,0,0,0,0,0,0,0,0,0,0,0,0,0,0,0,0,0,0,128,[84 -64 4 0 0 0 0 0 0 0 0 0 -13 -9 -13 -9 -13 -10 -13 -11 -12 -11 -11 -10 -11 -11 -11 -11 -10 -11 -10 -12 -9 -12 -9 -12 -9 -12 -9 -12 -9 -12 -9 -11 -8 -10 -8 -11 -8 -11 -8 -11 -8 -11 -8 -11 -7 -11 -8 -11 -9 -10 -8 -10 0 0 -8 -9 -9 -10 -9 -9 -8 -9 -9 -9 -9 -9 -9 -9 -9 -8 -9 -8 -9 -8 -10 -8 -10 -8 -10 -8 -11 -7 -11 -7 -11 -7 -12 -7 -11 -7 -11 -6 -11 -7 -12 -7 -13 -6 -13 -7 -13 -7 -13 -6 -13 -6 0 0 0 0 0 0 0 0 0 0]"
"1768831268582805,CSI_DATA,STATION,00:00:00:00:00:00,0,0,0,0,0,0,0,0,0,0,0,0,0,0,0,0,0,0,0,0,0,128,[84 -64 4 0 0 0 0 0 0 0 0 0 -7 -15 -6 -15 -6 -15 -5 -16 -5 -16 -5 -16 -3 -15 -3 -15 -3 -15 -3 -15 -2 -15 -2 -15 -2 -15 -2 -15 -1 -15 -1 -14 -1 -14 0 -13 -1 -14 -1 -13 -1 -13 -1 -13 -1 -13 -1 -13 -2 -13 -1 -13 0 0 -2 -12 -2 -12 -3 -12 -2 -12 -3 -12 -3 -13 -4 -12 -4 -12 -4 -12 -4 -12 -4 -12 -5 -12 -5 -12 -5 -12 -5 -12 -6 -12 -6 -12 -6 -12 -6 -12 -7 -12 -7 -12 -7 -12 -8 -12 -8 -13 -8 -12 -8 -12 0 0 0 0 0 0 0 0 0 0]"
"1768831268587113,CSI_DATA,STATION,00:00:00:00:00:00,0,0,0,0,0,0,0,0,0,0,0,0,0,0,0,0,0,0,0,0,0,128,[84 -64 4 0 0 0 0 0 0 0 0 0 5 -15 6 -15 6 -15 6 -15 7 -14 8 -14 7 -14 8 -14 9 -13 9 -13 9 -13 9 -12 9 -12 9 -11 9 -11 9 -11 9 -11 8 -11 8 -10 9 -10 8 -10 8 -10 8 -10 8 -10 7 -10 7 -10 0 0 7 -10 6 -10 7 -10 7 -10 6 -11 6 -11 6 -10 5 -11 5 -11 5 -11 5 -11 5 -11 5 -11 5 -12 4 -12 4 -13 4 -13 4 -13 3 -13 3 -13 3 -13 3 -14 3 -14 3 -14 3 -14 2 -15 0 0 0 0 0 0 0 0 0 0]"
"1768831268591404,CSI_DATA,STATION,00:00:00:00:00:00,0,0,0,0,0,0,0,0,0,0,0,0,0,0,0,0,0,0,0,0,0,128,[84 -64 4 0 0 0 0 0 0 0 0 0 -5 -16 -3 -16 -3 -16 -3 -16 -2 -17 -2 -16 -1 -16 -1 -16 0 -16 0 -16 0 -16 1 -16 1 -16 1 -15 1 -14 1 -15 2 -14 1 -14 2 -14 1 -14 1 -13 1 -14 1 -14 1 -13 1 -13 1 -13 0 0 0 -13 0 -13 0 -12 -1 -13 0 -13 -1 -13 -1 -13 -1 -13 -2 -13 -2 -13 -2 -13 -2 -12 -3 -12 -3 -12 -3 -13 -4 -13 -4 -13 -4 -13 -4 -13 -4 -13 -4 -14 -5 -13 -5 -14 -6 -14 -5 -14 -6 -14 0 0 0 0 0 0 0 0 0 0]"
"1768831268597838,CSI_DATA,STATION,00:00:00:00:00:00,0,0,0,0,0,0,0,0,0,0,0,0,0,0,0,0,0,0,0,0,0,128,[84 -64 4 0 0 0 0 0 0 0 0 0 -11 -12 -11 -13 -11 -13 -11 -14 -10 -14 -9 -14 -8 -14 -7 -14 -7 -15 -8 -14 -7 -14 -6 -14 -6 -14 -6 -14 -6 -14 -6 -13 -5 -14 -5 -13 -6 -14 -5 -14 -6 -13 -5 -13 -5 -12 -5 -13 -6 -13 -5 -12 0 0 -5 -12 -6 -11 -6 -11 -6 -11 -6 -12 -7 -12 -7 -11 -7 -11 -7 -10 -7 -10 -8 -10 -8 -10 -8 -10 -8 -10 -8 -10 -9 -10 -10 -10 -10 -10 -9 -10 -10 -10 -10 -10 -11 -10 -11 -11 -11 -10 -11 -10 -11 -10 0 0 0 0 0 0 0 0 0 0]"
"1768831268602101,CSI_DATA,STATION,00:00:00:00:00:00,0,0,0,0,0,0,0,0,0,0,0,0,0,0,0,0,0,0,0,0,0,128,[84 -64 4 0 0 0 0 0 0 0 0 0 -7 14 -8 14 -8 13 -9 14 -9 13 -9 13 -10 13 -10 12 -10 12 -10 11 -10 11 -11 11 -11 11 -10 10 -11 10 -10 10 -10 10 -10 10 -10 10 -10 9 -9 9 -9 10 -9 9 -9 10 -9 9 -9 9 0 0 -9 9 -8 9 -7 10 -7 10 -7 10 -7 10 -6 10 -6 10 -6 11 -6 11 -6 11 -6 11 -5 11 -5 12 -5 11 -5 12 -4 12 -5 13 -4 13 -4 12 -4 13 -3 13 -3 13 -3 14 -3 14 -3 14 0 0 0 0 0 0 0 0 0 0]"
"1768831268608558,CSI_DATA,STATION,00:00:00:00:00:00,0,0,0,0,0,0,0,0,0,0,0,0,0,0,0,0,0,0,0,0,0,128,[84 -64 4 0 0 0 0 0 0 0 0 0 -12 -8 -11 -8 -12 -9 -11 -9 -11 -10 -10 -10 -10 -9 -10 -10 -9 -10 -9 -11 -9 -10 -8 -10 -9 -11 -9 -11 -8 -11 -8 -10 -8 -10 -8 -10 -8 -10 -7 -10 -8 -10 -8 -10 -7 -9 -8 -9 -8 -9 -8 -9 0 0 -8 -8 -8 -8 -8 -8 -8 -8 -9 -8 -8 -8 -9 -8 -9 -7 -9 -7 -9 -7 -9 -6 -9 -7 -10 -6 -10 -6 -10 -6 -10 -6 -11 -6 -10 -5 -11 -5 -11 -5 -11 -5 -12 -5 -12 -5 -12 -5 -12 -5 -12 -5 0 0 0 0 0 0 0 0 0 0]"
"1768831268612907,CSI_DATA,STATION,00:00:00:00:00:00,0,0,0,0,0,0,0,0,0,0,0,0,0,0,0,0,0,0,0,0,0,128,[84 -64 4 0 0 0 0 0 0 0 0 0 -6 13 -7 12 -7 12 -8 12 -8 11 -9 12 -9 11 -9 11 -10 10 -9 10 -10 10 -10 10 -10 10 -9 9 -10 9 -10 9 -10 9 -9 9 -9 8 -10 8 -9 7 -9 8 -9 8 -9 9 -8 8 -8 8 0 0 -8 8 -7 8 -8 9 -8 8 -7 8 -7 8 -7 8 -7 8 -7 9 -7 9 -6 9 -6 9 -6 10 -6 10 -6 10 -6 11 -5 10 -6 11 -5 11 -6 11 -5 11 -5 11 -4 11 -4 12 -4 12 -4 12 0 0 0 0 0 0 0 0 0 0]"
"1768831268619349,CSI_DATA,STATION,00:00:00:00:00:00,0,0,0,0,0,0,0,0,0,0,0,0,0,0,0,0,0,0,0,0,0,128,[84 -64 4 0 0 0 0 0 0 0 0 0 12 10 12 10 12 11 11 12 10 12 10 12 9 12 9 13 8 13 8 13 8 13 8 13 8 13 7 13 7 14 6 12 6 12 6 11 6 12 6 12 6 12 6 12 5 11 7 11 6 11 6 11 0 0 6 11 6 11 7 11 6 10 7 10 7 10 7 10 8 10 7 9 7 9 8 9 8 9 9 9 9 9 8 9 9 9 10 9 10 8 10 8 10 8 10 8 11 8 11 9 12 8 11 8 12 8 0 0 0 0 0 0 0 0 0 0]"
"1768831268623652,CSI_DATA,STATION,00:00:00:00:00:00,0,0,0,0,0,0,0,0,0,0,0,0,0,0,0,0,0,0,0,0,0,128,[84 -64 4 0 0 0 0 0 0 0 0 0 -3 -17 -2 -18 -2 -18 -1 -17 -1 -18 0 -18 1 -17 1 -17 2 -17 2 -17 2 -17 2 -17 3 -16 2 -16 2 -16 3 -16 3 -15 3 -15 3 -15 3 -15 2 -15 3 -15 3 -15 2 -14 2 -14 2 -14 0 0 2 -14 1 -14 1 -14 1 -14 0 -14 0 -14 0 -14 0 -14 0 -14 -1 -14 -1 -14 -2 -14 -2 -14 -2 -14 -2 -15 -2 -15 -3 -14 -3 -15 -4 -15 -3 -15 -4 -15 -4 -15 -5 -15 -5 -15 -5 -16 -5 -15 0 0 0 0 0 0 0 0 0 0]"
"1768831268627955,CSI_DATA,STATION,00:00:00:00:00:00,0,0,0,0,0,0,0,0,0,0,0,0,0,0,0,0,0,0,0,0,0,128,[84 -64 4 0 0 0 0 0 0 0 0 0 3 -15 3 -14 4 -14 4 -15 4 -15 5 -14 5 -14 6 -13 6 -13 6 -13 6 -13 7 -12 6 -12 7 -12 6 -12 7 -12 6 -11 6 -12 6 -11 6 -11 6 -11 5 -11 6 -11 6 -11 5 -11 6 -11 0 0 5 -11 4 -11 4 -11 4 -11 4 -11 3 -11 3 -11 3 -12 3 -11 3 -12 3 -12 2 -12 2 -12 2 -12 1 -13 1 -13 1 -13 1 -13 1 -13 1 -13 0 -13 0 -13 0 -14 0 -14 0 -14 0 -14 0 0 0 0 0 0 0 0 0 0]"
"1768831268634412,CSI_DATA,STATION,00:00:00:00:00:00,0,0,0,0,0,0,0,0,0,0,0,0,0,0,0,0,0,0,0,0,0,128,[84 -64 4 0 0 0 0 0 0 0 0 0 13 -2 13 -1 14 0 14 0 13 1 13 1 13 1 13 2 12 2 13 3 12 2 12 2 13 3 12 3 12 3 11 3 11 3 11 3 12 4 11 4 11 4 11 3 10 3 11 3 10 3 10 2 0 0 10 2 10 2 11 2 10 1 11 2 11 2 10 1 10 1 10 1 10 0 10 0 11 0 11 0 11 -1 11 -1 11 -1 11 -1 11 -2 11 -2 11 -2 11 -2 12 -2 12 -2 12 -2 12 -3 12 -3 0 0 0 0 0 0 0 0 0 0]"
"1768831268638715,CSI_DATA,STATION,00:00:00:00:00:00,0,0,0,0,0,0,0,0,0,0,0,0,0,0,0,0,0,0,0,0,0,128,[84 -64 4 0 0 0 0 0 0 0 0 0 -13 8 -13 8 -14 7 -14 6 -14 5 -14 6 -14 5 -15 5 -14 4 -14 4 -14 4 -14 4 -14 3 -14 3 -14 2 -13 3 -13 2 -13 2 -13 2 -13 1 -13 2 -13 2 -12 2 -12 2 -12 2 -12 3 0 0 -12 3 -12 3 -12 3 -12 4 -11 3 -12 3 -11 3 -11 4 -11 4 -11 5 -11 5 -11 5 -11 5 -11 5 -11 6 -11 6 -11 6 -11 6 -11 6 -12 7 -11 7 -11 7 -11 7 -11 8 -11 8 -11 8 0 0 0 0 0 0 0 0 0 0]"
"1768831268643034,CSI_DATA,STATION,00:00:00:00:00:00,0,0,0,0,0,0,0,0,0,0,0,0,0,0,0,0,0,0,0,0,0,128,[84 -64 4 0 0 0 0 0 0 0 0 0 -10 11 -11 10 -11 9 -11 10 -12 9 -12 9 -12 8 -13 8 -13 7 -13 7 -12 7 -12 7 -12 7 -12 6 -13 6 -12 6 -12 6 -12 6 -12 5 -12 5 -12 5 -11 5 -11 6 -11 5 -11 6 -11 6 0 0 -11 6 -10 6 -10 6 -10 6 -10 7 -10 6 -9 6 -10 7 -9 7 -9 8 -9 8 -9 8 -9 8 -9 8 -9 8 -9 9 -8 9 -8 9 -8 10 -8 10 -8 10 -8 10 -8 10 -8 11 -8 11 -8 11 0 0 0 0 0 0 0 0 0 0]"
"1768831268649486,CSI_DATA,STATION,00:00:00:00:00:00,0,0,0,0,0,0,0,0,0,0,0,0,0,0,0,0,0,0,0,0,0,128,[84 -64 4 0 0 0 0 0 0 0 0 0 -3 -14 -2 -14 -2 -14 -2 -14 -1 -14 -1 -14 0 -14 0 -14 1 -14 1 -14 1 -14 1 -13 1 -13 1 -13 2 -13 2 -13 2 -12 2 -12 1 -13 2 -12 2 -12 1 -12 2 -12 1 -12 1 -12 1 -12 0 0 1 -11 0 -12 0 -11 0 -11 0 -12 -1 -12 -1 -12 -1 -11 -1 -11 -1 -11 -1 -12 -2 -12 -2 -12 -2 -12 -2 -12 -3 -12 -3 -12 -3 -12 -3 -12 -3 -12 -4 -12 -4 -12 -4 -13 -5 -13 -4 -13 -4 -13 0 0 0 0 0 0 0 0 0 0]"
"1768831268653791,CSI_DATA,STATION,00:00:00:00:00:00,0,0,0,0,0,0,0,0,0,0,0,0,0,0,0,0,0,0,0,0,0,128,[84 -64 4 0 0 0 0 0 0 0 0 0 11 -5 11 -5 12 -4 12 -3 12 -3 12 -3 12 -2 12 -2 12 -2 12 -1 12 -1 12 -1 12 0 12 0 12 0 11 -1 11 0 11 0 11 0 11 0 11 0 11 0 10 0 11 0 10 0 10 -1 0 0 10 -1 10 -1 10 -1 10 -2 10 -1 10 -2 10 -2 10 -2 10 -3 10 -2 10 -3 10 -3 10 -3 10 -3 10 -4 10 -4 10 -4 10 -4 10 -4 10 -5 10 -5 10 -5 11 -5 10 -5 11 -5 11 -6 0 0 0 0 0 0 0 0 0 0]"
"1768831268660379,CSI_DATA,STATION,00:00:00:00:00:00,0,0,0,0,0,0,0,0,0,0,0,0,0,0,0,0,0,0,0,0,0,128,[84 -64 4 0 0 0 0 0 0 0 0 0 -11 9 -12 8 -12 8 -13 7 -13 7 -14 7 -13 7 -13 6 -13 6 -14 5 -14 5 -13 5 -13 4 -13 4 -14 3 -13 4 -13 3 -12 3 -13 3 -13 3 -12 3 -12 3 -12 3 -12 3 -12 3 -12 3 0 0 -12 4 -11 3 -11 4 -11 4 -11 4 -11 4 -11 4 -11 4 -11 5 -11 5 -11 6 -11 5 -11 6 -11 6 -11 6 -11 7 -11 7 -11 7 -11 7 -11 7 -11 8 -11 8 -11 8 -11 9 -11 8 -11 9 0 0 0 0 0 0 0 0 0 0]"
"1768831268664653,CSI_DATA,STATION,00:00:00:00:00:00,0,0,0,0,0,0,0,0,0,0,0,0,0,0,0,0,0,0,0,0,0,128,[84 -64 4 0 0 0 0 0 0 0 0 0 -12 -8 -12 -9 -12 -9 -12 -10 -11 -10 -11 -10 -10 -10 -10 -11 -10 -11 -10 -12 -9 -11 -9 -11 -9 -12 -9 -11 -9 -12 -8 -11 -8 -11 -8 -11 -8 -11 -8 -11 -8 -11 -8 -11 -7 -10 -8 -10 -8 -11 -8 -10 0 0 -8 -10 -8 -10 -8 -10 -8 -9 -9 -9 -8 -9 -9 -9 -9 -9 -9 -9 -9 -8 -9 -8 -10 -8 -10 -8 -10 -8 -10 -8 -10 -8 -11 -8 -11 -8 -11 -8 -11 -8 -11 -8 -12 -8 -12 -8 -13 -8 -12 -8 -12 -8 0 0 0 0 0 0 0 0 0 0]"
"1768831268671040,CSI_DATA,STATION,00:00:00:00:00:00,0,0,0,0,0,0,0,0,0,0,0,0,0,0,0,0,0,0,0,0,0,128,[84 -64 4 0 0 0 0 0 0 0 0 0 4 -14 4 -13 5 -14 5 -13 6 -13 6 -13 7 -13 7 -12 7 -13 8 -12 8 -12 8 -12 8 -12 8 -11 8 -11 8 -11 7 -10 8 -11 7 -10 8 -10 8 -9 7 -10 7 -10 7 -10 7 -10 7 -10 0 0 7 -10 6 -10 6 -10 6 -10 6 -10 6 -10 5 -10 5 -11 5 -11 5 -11 5 -11 4 -11 4 -11 4 -11 4 -12 4 -12 4 -13 4 -13 4 -12 3 -13 4 -13 3 -13 3 -13 3 -14 3 -14 3 -14 0 0 0 0 0 0 0 0 0 0]"
"1768831268675278,CSI_DATA,STATION,00:00:00:00:00:00,0,0,0,0,0,0,0,0,0,0,0,0,0,0,0,0,0,0,0,0,0,128,[84 -64 4 0 0 0 0 0 0 0 0 0 10 -9 10 -8 10 -8 11 -7 11 -7 11 -7 12 -6 12 -6 12 -5 12 -5 11 -5 12 -5 12 -4 11 -4 11 -4 11 -4 11 -4 11 -4 11 -3 11 -3 10 -3 11 -3 10 -4 10 -4 10 -4 10 -4 0 0 10 -4 10 -4 9 -4 10 -4 9 -4 10 -5 9 -4 9 -5 9 -5 9 -6 9 -6 9 -6 9 -6 9 -6 9 -6 9 -7 9 -7 9 -7 9 -7 9 -7 10 -8 9 -7 10 -8 9 -8 10 -9 9 -9 0 0 0 0 0 0 0 0 0 0]"
"1768831268679566,CSI_DATA,STATION,00:00:00:00:00:00,0,0,0,0,0,0,0,0,0,0,0,0,0,0,0,0,0,0,0,0,0,128,[84 -64 4 0 0 0 0 0 0 0 0 0 -6 13 -6 13 -6 13 -7 12 -8 12 -8 12 -8 12 -9 11 -9 11 -10 10 -10 11 -10 10 -10 10 -10 10 -10 9 -9 10 -9 10 -9 9 -9 9 -9 9 -9 8 -9 9 -9 8 -9 9 -8 8 -9 9 0 0 -8 9 -7 9 -7 10 -7 9 -7 10 -7 9 -6 10 -7 10 -6 10 -6 10 -6 10 -6 10 -5 10 -5 11 -5 11 -5 11 -5 12 -5 12 -4 12 -4 12 -4 12 -4 12 -4 13 -4 13 -4 13 -4 13 0 0 0 0 0 0 0 0 0 0]"
"1768831268686011,CSI_DATA,STATION,00:00:00:00:00:00,0,0,0,0,0,0,0,0,0,0,0,0,0,0,0,0,0,0,0,0,0,128,[84 -64 4 0 0 0 0 0 0 0 0 0 13 -5 13 -4 14 -3 14 -3 14 -3 14 -2 14 -1 13 -1 13 0 14 0 13 0 13 0 14 0 13 0 13 1 12 1 12 1 12 1 12 1 12 2 12 2 11 1 11 1 12 1 12 1 11 0 0 0 11 0 11 0 11 0 11 -1 12 0 11 0 12 -1 11 -1 11 -1 11 -2 11 -2 11 -2 11 -2 12 -2 12 -3 12 -3 13 -3 12 -4 12 -3 12 -4 12 -4 12 -3 13 -4 13 -5 13 -5 12 -5 0 0 0 0 0 0 0 0 0 0]"
"1768831268690304,CSI_DATA,STATION,00:00:00:00:00:00,0,0,0,0,0,0,0,0,0,0,0,0,0,0,0,0,0,0,0,0,0,128,[84 -64 4 0 0 0 0 0 0 0 0 0 -14 2 -14 2 -15 1 -14 1 -14 0 -14 0 -14 -1 -14 -1 -13 -2 -14 -2 -13 -2 -13 -2 -14 -3 -13 -3 -13 -3 -12 -2 -12 -3 -12 -3 -13 -3 -12 -3 -12 -3 -12 -3 -12 -3 -12 -3 -12 -2 -11 -2 0 0 -11 -2 -12 -1 -11 -2 -11 -1 -12 -1 -12 -1 -12 -1 -12 -1 -11 0 -12 0 -12 0 -12 0 -12 0 -12 0 -12 1 -12 1 -13 1 -13 1 -13 2 -13 2 -13 2 -13 2 -13 2 -14 2 -13 3 -13 3 0 0 0 0 0 0 0 0 0 0]"
"1768831268696737,CSI_DATA,STATION,00:00:00:00:00:00,0,0,0,0,0,0,0,0,0,0,0,0,0,0,0,0,0,0,0,0,0,128,[84 -64 4 0 0 0 0 0 0 0 0 0 -6 -14 -6 -15 -6 -15 -5 -16 -5 -15 -4 -16 -3 -15 -3 -16 -3 -15 -3 -16 -2 -15 -1 -15 -2 -15 -2 -14 -1 -15 -1 -14 0 -14 0 -13 -2 -14 -1 -14 -1 -14 -1 -14 -1 -13 -1 -13 -2 -13 -2 -13 0 0 -2 -13 -2 -12 -3 -13 -2 -13 -3 -13 -3 -13 -3 -13 -4 -13 -3 -12 -4 -12 -4 -13 -5 -13 -5 -12 -5 -13 -5 -13 -5 -14 -6 -13 -6 -13 -6 -13 -6 -13 -6 -14 -7 -14 -7 -14 -8 -13 -7 -14 -7 -14 0 0 0 0 0 0 0 0 0 0]"
"1768831268705456,CSI_DATA,STATION,00:00:00:00:00:00,0,0,0,0,0,0,0,0,0,0,0,0,0,0,0,0,0,0,0,0,0,128,[84 -64 4 0 0 0 0 0 0 0 0 0 2 14 1 14 1 13 0 15 0 14 0 15 -2 14 -2 14 -2 14 -2 13 -2 14 -3 13 -3 13 -2 13 -3 13 -3 12 -3 13 -3 12 -3 12 -3 12 -3 12 -2 12 -3 11 -2 11 -2 11 -2 12 0 0 -2 11 -1 11 -1 12 -1 11 -1 12 -1 11 0 11 0 11 0 11 0 11 0 12 1 11 1 12 2 13 1 12 1 13 2 11 2 12 2 13 2 12 3 13 3 13 3 12 4 13 4 13 3 14 0 0 0 0 0 0 0 0 0 0]"
"1768831268711977,CSI_DATA,STATION,00:00:00:00:00:00,0,0,0,0,0,0,0,0,0,0,0,0,0,0,0,0,0,0,0,0,0,128,[84 -64 4 0 0 0 0 0 0 0 0 0 11 8 10 8 11 9 10 9 10 10 9 10 9 10 8 10 8 11 9 11 8 10 7 11 7 11 7 11 7 11 7 11 6 10 6 10 6 10 7 11 6 10 7 10 6 10 6 10 7 10 6 9 0 0 6 9 7 8 7 8 7 8 8 8 7 9 8 8 8 8 8 7 8 7 9 7 9 8 9 8 9 7 9 7 9 7 11 7 10 6 10 6 10 6 10 7 11 7 12 7 12 6 12 6 12 6 0 0 0 0 0 0 0 0 0 0]"
"1768831268718464,CSI_DATA,STATION,00:00:00:00:00:00,0,0,0,0,0,0,0,0,0,0,0,0,0,0,0,0,0,0,0,0,0,128,[84 -64 4 0 0 0 0 0 0 0 0 0 13 -1 14 0 14 1 14 1 14 2 14 2 13 2 13 3 13 3 13 4 13 3 12 4 12 4 12 4 12 4 11 4 11 4 11 4 11 5 11 5 11 4 11 4 10 3 11 4 11 4 10 3 0 0 10 3 11 3 11 3 10 2 11 3 11 2 11 2 11 1 11 1 10 1 11 1 11 1 12 1 12 0 11 0 12 -1 12 0 12 -1 13 -1 12 -1 13 -1 13 -1 13 -1 13 -1 14 -2 14 -2 0 0 0 0 0 0 0 0 0 0]"
"1768831268722765,CSI_DATA,STATION,00:00:00:00:00:00,0,0,0,0,0,0,0,0,0,0,0,0,0,0,0,0,0,0,0,0,0,128,[84 -64 4 0 0 0 0 0 0 0 0 0 9 7 8 8 8 8 8 9 8 9 7 9 7 10 6 10 6 10 6 10 6 9 6 10 6 10 5 9 5 10 5 9 4 9 4 9 5 10 4 10 4 9 4 9 4 8 5 9 5 9 4 8 0 0 4 8 5 8 5 8 4 8 6 8 5 8 6 8 6 8 6 7 6 7 7 7 7 8 7 8 7 7 7 7 7 7 8 7 8 7 8 7 8 7 8 7 9 7 9 7 9 7 9 7 9 7 0 0 0 0 0 0 0 0 0 0]"
"1768831268729267,CSI_DATA,STATION,00:00:00:00:00:00,0,0,0,0,0,0,0,0,0,0,0,0,0,0,0,0,0,0,0,0,0,128,[84 -64 4 0 0 0 0 0 0 0 0 0 -8 -12 -8 -12 -8 -13 -8 -13 -7 -13 -7 -13 -6 -13 -5 -14 -5 -13 -5 -13 -4 -13 -4 -13 -4 -13 -4 -13 -4 -13 -3 -13 -3 -12 -3 -12 -4 -13 -3 -12 -3 -12 -3 -12 -3 -11 -4 -12 -4 -12 -4 -11 0 0 -4 -11 -4 -11 -5 -11 -4 -11 -5 -11 -5 -11 -5 -11 -5 -11 -5 -10 -6 -10 -6 -10 -7 -10 -7 -10 -7 -11 -7 -11 -7 -11 -8 -11 -8 -11 -7 -11 -8 -11 -8 -11 -9 -11 -9 -11 -9 -11 -9 -11 -9 -11 0 0 0 0 0 0 0 0 0 0]"
"1768831268733574,CSI_DATA,STATION,00:00:00:00:00:00,0,0,0,0,0,0,0,0,0,0,0,0,0,0,0,0,0,0,0,0,0,128,[84 -64 4 0 0 0 0 0 0 0 0 0 -1 -13 0 -13 0 -14 0 -13 1 -14 2 -13 3 -13 3 -13 3 -12 3 -13 3 -13 3 -12 3 -12 3 -12 3 -11 4 -12 4 -11 4 -11 3 -11 4 -11 4 -10 4 -10 4 -11 3 -10 3 -10 3 -10 0 0 3 -10 2 -10 2 -10 2 -11 2 -10 2 -11 1 -11 2 -11 2 -10 1 -11 1 -11 0 -11 0 -11 0 -11 0 -12 0 -11 0 -12 0 -11 0 -12 0 -12 -1 -12 -1 -13 -1 -13 -2 -13 -1 -13 -1 -13 0 0 0 0 0 0 0 0 0 0]"
"1768831268740071,CSI_DATA,STATION,00:00:00:00:00:00,0,0,0,0,0,0,0,0,0,0,0,0,0,0,0,0,0,0,0,0,0,128,[84 -64 4 0 0 0 0 0 0 0 0 0 -10 7 -11 6 -11 5 -12 5 -12 4 -12 5 -11 4 -12 4 -12 3 -12 3 -12 3 -12 3 -11 2 -11 2 -12 2 -11 2 -11 2 -11 2 -11 1 -11 1 -10 1 -11 1 -10 2 -10 1 -10 1 -10 2 0 0 -10 2 -10 2 -10 2 -9 2 -10 2 -10 3 -10 2 -10 3 -9 4 -10 4 -10 4 -9 4 -10 4 -10 4 -10 4 -10 5 -9 5 -10 6 -10 6 -10 6 -10 6 -10 6 -10 6 -10 7 -10 6 -11 7 0 0 0 0 0 0 0 0 0 0]"
"1768831268744374,CSI_DATA,STATION,00:00:00:00:00:00,0,0,0,0,0,0,0,0,0,0,0,0,0,0,0,0,0,0,0,0,0,128,[84 -64 4 0 0 0 0 0 0 0 0 0 -7 -12 -7 -12 -7 -13 -6 -13 -6 -14 -5 -13 -4 -13 -4 -13 -3 -13 -4 -14 -3 -14 -3 -13 -3 -13 -2 -13 -2 -13 -2 -13 -2 -12 -2 -12 -2 -12 -2 -12 -2 -12 -2 -12 -1 -12 -2 -11 -2 -12 -2 -11 0 0 -2 -11 -3 -12 -3 -11 -3 -11 -3 -11 -4 -11 -4 -11 -4 -11 -3 -11 -4 -11 -4 -11 -5 -11 -5 -11 -5 -11 -6 -12 -6 -11 -6 -12 -6 -11 -6 -11 -6 -11 -6 -12 -7 -12 -7 -12 -8 -12 -8 -12 -8 -12 0 0 0 0 0 0 0 0 0 0]"
"1768831268748701,CSI_DATA,STATION,00:00:00:00:00:00,0,0,0,0,0,0,0,0,0,0,0,0,0,0,0,0,0,0,0,0,0,128,[84 -64 4 0 0 0 0 0 0 0 0 0 -12 2 -13 1 -13 1 -14 0 -13 0 -13 -1 -13 -1 -13 -1 -12 -2 -13 -2 -13 -2 -12 -2 -13 -2 -12 -2 -12 -3 -11 -2 -12 -3 -11 -3 -12 -3 -11 -3 -11 -3 -11 -3 -10 -2 -11 -2 -11 -2 -10 -1 0 0 -10 -1 -10 -1 -11 -1 -10 0 -11 -1 -10 -1 -10 -1 -10 -1 -10 0 -10 0 -11 1 -11 0 -11 1 -11 1 -11 1 -11 2 -11 2 -11 2 -11 2 -11 2 -12 3 -12 2 -12 3 -12 3 -12 3 -12 4 0 0 0 0 0 0 0 0 0 0]"
"1768831268755183,CSI_DATA,STATION,00:00:00:00:00:00,0,0,0,0,0,0,0,0,0,0,0,0,0,0,0,0,0,0,0,0,0,128,[84 -64 4 0 0 0 0 0 0 0 0 0 12 -4 13 -2 13 -2 14 -1 13 -1 13 -1 12 0 12 1 12 1 13 1 13 0 12 1 13 1 12 1 12 2 11 2 11 2 11 2 11 2 11 3 11 3 11 3 10 1 11 2 11 1 10 1 0 0 10 1 10 1 10 0 10 0 10 0 10 0 10 0 10 0 10 -1 10 -1 10 -2 10 -2 11 -2 11 -2 11 -2 11 -3 11 -2 11 -3 12 -3 11 -3 12 -3 12 -3 12 -3 12 -4 12 -4 12 -4 0 0 0 0 0 0 0 0 0 0]"
"1768831268759638,CSI_DATA,STATION,00:00:00:00:00:00,0,0,0,0,0,0,0,0,0,0,0,0,0,0,0,0,0,0,0,0,0,128,[84 -64 4 0 0 0 0 0 0 0 0 0 9 -9 9 -9 9 -8 10 -7 10 -7 10 -7 10 -6 10 -6 10 -6 11 -5 10 -5 10 -5 10 -4 10 -4 10 -4 10 -5 9 -5 9 -4 9 -4 10 -4 9 -4 9 -4 9 -4 9 -4 9 -4 9 -5 0 0 8 -5 8 -4 8 -5 8 -5 8 -5 8 -5 8 -5 8 -6 8 -7 7 -6 7 -7 7 -6 7 -7 8 -6 7 -8 7 -8 7 -8 7 -8 7 -8 7 -9 8 -8 7 -9 8 -9 7 -10 8 -10 8 -10 0 0 0 0 0 0 0 0 0 0]"
"1768831268766037,CSI_DATA,STATION,00:00:00:00:00:00,0,0,0,0,0,0,0,0,0,0,0,0,0,0,0,0,0,0,0,0,0,128,[84 -64 4 0 0 0 0 0 0 0 0 0 -3 13 -4 13 -4 12 -4 12 -5 12 -6 12 -6 12 -7 11 -6 11 -7 11 -7 11 -7 10 -7 10 -7 10 -7 9 -7 10 -7 9 -7 9 -7 9 -7 9 -7 8 -6 9 -7 9 -6 9 -6 8 -6 9 0 0 -6 9 -6 9 -5 9 -5 8 -5 9 -5 9 -5 8 -5 9 -4 9 -4 10 -4 10 -4 10 -4 10 -3 10 -4 10 -4 10 -3 11 -3 11 -3 11 -3 11 -3 11 -3 12 -3 12 -2 12 -2 12 -2 13 0 0 0 0 0 0 0 0 0 0]"
"1768831268770279,CSI_DATA,STATION,00:00:00:00:00:00,0,0,0,0,0,0,0,0,0,0,0,0,0,0,0,0,0,0,0,0,0,128,[84 -64 4 0 0 0 0 0 0 0 0 0 -11 -9 -10 -9 -10 -9 -11 -9 -10 -10 -9 -10 -8 -11 -8 -11 -8 -11 -8 -11 -7 -11 -7 -11 -7 -11 -7 -10 -7 -11 -6 -11 -6 -11 -6 -10 -6 -10 -6 -11 -6 -11 -6 -10 -5 -10 -6 -10 -6 -10 -6 -9 0 0 -6 -9 -7 -9 -7 -9 -6 -9 -7 -8 -7 -9 -7 -9 -7 -9 -7 -8 -7 -8 -8 -8 -8 -8 -8 -8 -9 -8 -8 -8 -9 -8 -10 -8 -10 -8 -9 -8 -10 -8 -10 -8 -11 -8 -10 -8 -11 -8 -11 -8 -11 -8 0 0 0 0 0 0 0 0 0 0]"
"1768831268774512,CSI_DATA,STATION,00:00:00:00:00:00,0,0,0,0,0,0,0,0,0,0,0,0,0,0,0,0,0,0,0,0,0,128,[84 -64 4 0 0 0 0 0 0 0 0 0 12 -1 13 0 13 0 13 1 13 1 12 2 12 2 12 2 11 3 12 3 11 3 11 3 12 4 12 3 11 4 10 4 10 4 10 3 10 4 10 4 10 4 10 4 9 3 10 3 10 3 9 3 0 0 9 2 9 3 10 2 9 2 10 2 10 2 10 2 10 2 10 1 9 1 10 0 10 1 10 0 11 0 10 0 11 0 11 0 11 0 11 -1 11 0 12 -1 12 0 12 -1 13 -1 12 -1 12 -2 0 0 0 0 0 0 0 0 0 0]"
"1768831268780937,CSI_DATA,STATION,00:00:00:00:00:00,0,0,0,0,0,0,0,0,0,0,0,0,0,0,0,0,0,0,0,0,0,128,[84 -64 4 0 0 0 0 0 0 0 0 0 4 -12 5 -13 4 -12 5 -13 5 -12 6 -12 6 -11 6 -11 7 -11 7 -11 7 -11 7 -10 7 -10 7 -9 8 -10 7 -9 7 -10 7 -9 7 -9 7 -9 7 -9 7 -9 7 -8 6 -9 6 -9 6 -9 0 0 6 -9 6 -8 5 -9 5 -8 5 -9 5 -9 5 -9 5 -10 5 -10 4 -10 4 -10 4 -10 4 -10 4 -11 4 -10 4 -12 3 -11 4 -12 4 -11 4 -12 4 -12 3 -12 3 -12 3 -13 3 -13 3 -13 0 0 0 0 0 0 0 0 0 0]"
"1768831268785247,CSI_DATA,STATION,00:00:00:00:00:00,0,0,0,0,0,0,0,0,0,0,0,0,0,0,0,0,0,0,0,0,0,128,[84 -64 4 0 0 0 0 0 0 0 0 0 -4 -14 -3 -14 -3 -14 -3 -14 -2 -14 -2 -14 -1 -14 -1 -14 -1 -14 -1 -14 0 -14 0 -13 0 -13 0 -13 0 -13 1 -12 1 -12 1 -12 0 -12 1 -12 0 -12 0 -12 1 -11 0 -12 0 -11 0 -11 0 0 0 -11 -1 -11 -1 -11 -2 -11 -1 -11 -2 -12 -2 -11 -3 -11 -2 -11 -2 -11 -2 -11 -3 -11 -4 -11 -4 -11 -4 -11 -4 -12 -4 -12 -5 -12 -4 -12 -5 -12 -5 -12 -6 -12 -6 -12 -6 -13 -6 -12 -6 -12 0 0 0 0 0 0 0 0 0 0]"
"1768831268791703,CSI_DATA,STATION,00:00:00:00:00:00,0,0,0,0,0,0,0,0,0,0,0,0,0,0,0,0,0,0,0,0,0,128,[84 -64 4 0 0 0 0 0 0 0 0 0 -2 13 -2 13 -2 13 -3 13 -3 13 -4 13 -4 12 -5 12 -5 12 -5 11 -5 12 -6 11 -6 11 -6 11 -6 11 -6 11 -5 10 -6 10 -6 9 -6 10 -6 9 -6 9 -6 9 -5 10 -5 9 -5 9 0 0 -5 9 -4 9 -4 9 -4 9 -4 9 -4 9 -4 9 -3 10 -3 10 -3 10 -3 10 -3 10 -2 10 -2 10 -2 10 -2 11 -2 11 -2 11 -1 12 -2 12 -1 12 -1 12 -1 12 -1 13 -1 13 -1 13 0 0 0 0 0 0 0 0 0 0]"
"1768831268796033,CSI_DATA,STATION,00:00:00:00:00:00,0,0,0,0,0,0,0,0,0,0,0,0,0,0,0,0,0,0,0,0,0,128,[84 -64 4 0 0 0 0 0 0 0 0 0 12 -5 12 -4 12 -4 13 -3 13 -3 12 -3 13 -2 13 -2 13 -2 13 -1 12 -1 12 -1 12 0 12 0 12 0 12 0 11 0 11 0 11 0 11 0 11 0 11 0 10 0 10 0 11 -1 10 -1 0 0 10 -1 10 -2 10 -2 10 -2 10 -2 10 -2 10 -2 10 -2 10 -3 9 -3 10 -4 10 -4 10 -4 10 -4 10 -5 10 -5 10 -5 11 -6 11 -5 11 -6 11 -6 11 -6 11 -6 11 -7 11 -7 11 -7 0 0 0 0 0 0 0 0 0 0]"
"1768831268800340,CSI_DATA,STATION,00:00:00:00:00:00,0,0,0,0,0,0,0,0,0,0,0,0,0,0,0,0,0,0,0,0,0,128,[84 -64 4 0 0 0 0 0 0 0 0 0 11 7 10 7 10 7 10 7 10 8 9 8 9 8 8 9 8 9 9 9 8 9 7 9 7 9 7 9 7 9 7 9 6 9 6 8 6 9 7 9 6 8 7 8 6 8 6 8 7 8 6 7 0 0 6 7 7 7 7 7 6 7 7 7 7 7 8 7 8 6 7 6 8 6 7 6 9 6 9 6 9 6 9 6 9 6 10 5 10 5 10 5 10 5 10 5 11 5 11 5 11 5 11 5 11 5 0 0 0 0 0 0 0 0 0 0]"
"1768831268806789,CSI_DATA,STATION,00:00:00:00:00:00,0,0,0,0,0,0,0,0,0,0,0,0,0,0,0,0,0,0,0,0,0,128,[84 -64 4 0 0 0 0 0 0 0 0 0 -10 9 -10 9 -10 8 -11 8 -11 7 -11 7 -11 7 -11 6 -11 6 -12 6 -11 6 -11 6 -11 5 -11 5 -11 5 -11 5 -11 5 -10 4 -11 4 -10 4 -10 4 -10 4 -10 4 -10 5 -10 4 -10 5 0 0 -9 5 -9 5 -9 5 -9 5 -9 5 -9 6 -9 6 -9 6 -8 7 -8 7 -8 7 -8 7 -8 7 -8 8 -8 8 -8 9 -8 8 -8 9 -8 9 -8 9 -8 10 -8 10 -8 10 -7 10 -8 11 -8 11 0 0 0 0 0 0 0 0 0 0]"
"1768831268811096,CSI_DATA,STATION,00:00:00:00:00:00,0,0,0,0,0,0,0,0,0,0,0,0,0,0,0,0,0,0,0,0,0,128,[84 -64 4 0 0 0 0 0 0 0 0 0 1 13 1 13 1 12 0 13 0 13 -1 13 -1 13 -2 12 -2 12 -3 12 -2 12 -3 12 -3 12 -3 11 -3 11 -3 11 -3 11 -3 11 -3 10 -3 10 -3 10 -3 10 -3 10 -3 10 -2 9 -3 10 0 0 -2 10 -1 9 -1 10 -1 10 -1 10 -1 10 -1 10 -1 10 -1 10 -1 10 0 10 0 10 0 10 1 10 0 11 1 11 2 11 1 11 2 11 1 11 1 12 2 12 2 12 2 12 2 12 2 12 0 0 0 0 0 0 0 0 0 0]"
"1768831268817540,CSI_DATA,STATION,00:00:00:00:00:00,0,0,0,0,0,0,0,0,0,0,0,0,0,0,0,0,0,0,0,0,0,128,[84 -64 4 0 0 0 0 0 0 0 0 0 -12 0 -13 0 -13 -1 -14 -2 -13 -2 -13 -2 -12 -2 -12 -3 -12 -3 -12 -4 -12 -4 -11 -4 -12 -4 -12 -4 -12 -4 -10 -3 -11 -4 -11 -4 -11 -4 -11 -5 -10 -4 -10 -4 -10 -4 -11 -4 -10 -4 -10 -3 0 0 -10 -3 -10 -2 -11 -3 -10 -2 -11 -2 -10 -2 -10 -2 -11 -2 -10 -1 -10 -1 -11 -1 -11 -1 -11 -1 -12 -1 -11 0 -11 0 -12 0 -12 0 -12 0 -12 0 -12 0 -13 1 -13 1 -13 1 -13 1 -13 1 0 0 0 0 0 0 0 0 0 0]"
"1768831268821835,CSI_DATA,STATION,00:00:00:00:00:00,0,0,0,0,0,0,0,0,0,0,0,0,0,0,0,0,0,0,0,0,0,128,[84 -64 4 0 0 0 0 0 0 0 0 0 12 -3 12 -2 12 -2 13 -1 13 -1 12 -1 12 0 12 0 12 0 12 1 12 1 11 1 12 1 11 2 11 2 11 2 11 1 10 2 11 2 10 2 10 2 10 1 10 1 10 1 10 2 10 1 0 0 10 1 9 0 10 1 9 0 10 0 10 0 10 0 10 -1 10 -1 9 -1 10 -1 10 -1 11 -1 11 -1 10 -2 11 -2 11 -3 11 -3 11 -3 11 -3 11 -3 12 -3 12 -3 12 -3 12 -4 12 -4 0 0 0 0 0 0 0 0 0 0]"
"1768831268826305,CSI_DATA,STATION,00:00:00:00:00:00,0,0,0,0,0,0,0,0,0,0,0,0,0,0,0,0,0,0,0,0,0,128,[84 -64 4 0 0 0 0 0 0 0 0 0 -11 5 -12 5 -12 4 -13 3 -12 3 -12 3 -12 2 -12 2 -12 2 -12 1 -12 1 -12 1 -12 1 -12 0 -12 0 -11 1 -11 1 -11 0 -11 0 -11 0 -11 0 -11 0 -10 0 -11 0 -11 1 -11 1 0 0 -10 1 -10 1 -10 1 -10 2 -10 1 -10 2 -10 2 -10 2 -10 3 -10 3 -10 3 -10 3 -10 4 -11 4 -10 4 -11 4 -10 4 -10 5 -11 5 -11 5 -11 5 -12 5 -11 5 -11 5 -12 6 -12 6 0 0 0 0 0 0 0 0 0 0]"
"1768831268832995,CSI_DATA,STATION,00:00:00:00:00:00,0,0,0,0,0,0,0,0,0,0,0,0,0,0,0,0,0,0,0,0,0,128,[84 -64 4 0 0 0 0 0 0 0 0 0 7 -10 8 -10 8 -10 8 -10 9 -9 9 -9 9 -9 9 -8 10 -7 10 -7 9 -7 10 -7 9 -7 9 -7 9 -7 9 -6 9 -6 9 -7 9 -6 9 -6 9 -6 9 -6 8 -6 8 -6 8 -6 8 -7 0 0 8 -7 7 -6 7 -7 7 -6 7 -7 7 -7 7 -7 7 -8 7 -8 7 -8 7 -9 6 -8 6 -9 6 -9 6 -9 6 -10 6 -10 6 -10 6 -10 6 -11 6 -11 6 -10 6 -11 6 -12 6 -12 6 -12 0 0 0 0 0 0 0 0 0 0]"
"1768831268837463,CSI_DATA,STATION,00:00:00:00:00:00,0,0,0,0,0,0,0,0,0,0,0,0,0,0,0,0,0,0,0,0,0,128,[84 -64 4 0 0 0 0 0 0 0 0 0 -10 8 -10 7 -11 6 -11 6 -12 6 -11 6 -12 5 -12 4 -12 4 -12 4 -12 4 -11 4 -12 3 -11 3 -12 3 -11 3 -11 3 -11 2 -11 2 -11 2 -11 2 -10 2 -10 3 -10 3 -10 3 -10 3 0 0 -10 3 -10 3 -9 3 -10 4 -10 3 -10 4 -10 3 -9 4 -9 4 -10 5 -10 5 -9 5 -9 5 -9 6 -10 6 -9 7 -9 6 -10 7 -10 7 -10 7 -10 7 -10 7 -10 7 -10 9 -10 8 -10 8 0 0 0 0 0 0 0 0 0 0]"
"1768831268841954,CSI_DATA,STATION,00:00:00:00:00:00,0,0,0,0,0,0,0,0,0,0,0,0,0,0,0,0,0,0,0,0,0,128,[84 -64 4 0 0 0 0 0 0 0 0 0 -11 -6 -11 -6 -11 -6 -11 -6 -11 -7 -10 -7 -10 -8 -9 -8 -9 -8 -10 -8 -9 -8 -9 -8 -9 -8 -9 -8 -9 -9 -8 -8 -8 -8 -8 -8 -8 -8 -8 -8 -8 -8 -8 -8 -7 -7 -8 -8 -8 -7 -7 -7 0 0 -7 -7 -8 -7 -9 -7 -8 -7 -9 -7 -8 -7 -9 -6 -9 -6 -9 -5 -9 -6 -9 -6 -9 -5 -10 -6 -10 -6 -10 -5 -10 -5 -11 -5 -11 -5 -11 -5 -11 -5 -11 -5 -12 -5 -12 -5 -13 -5 -12 -5 -12 -5 0 0 0 0 0 0 0 0 0 0]"
"1768831268848663,CSI_DATA,STATION,00:00:00:00:00:00,0,0,0,0,0,0,0,0,0,0,0,0,0,0,0,0,0,0,0,0,0,128,[84 -64 4 0 0 0 0 0 0 0 0 0 7 11 6 11 6 12 6 13 5 13 4 12 4 13 3 13 3 12 3 13 2 13 2 12 3 12 2 12 2 12 2 12 2 11 1 11 2 12 2 12 1 11 2 11 1 11 2 11 2 11 2 11 0 0 2 11 3 11 3 10 3 10 3 11 3 11 3 11 4 10 4 10 4 10 5 10 5 10 5 10 5 10 5 11 5 10 6 11 6 10 6 11 6 10 7 11 7 11 7 12 8 12 7 11 7 11 0 0 0 0 0 0 0 0 0 0]"
"1768831268853150,CSI_DATA,STATION,00:00:00:00:00:00,0,0,0,0,0,0,0,0,0,0,0,0,0,0,0,0,0,0,0,0,0,128,[84 -64 4 0 0 0 0 0 0 0 0 0 6 -10 6 -10 7 -10 7 -9 8 -9 8 -9 8 -8 8 -8 8 -8 9 -8 8 -7 8 -8 9 -7 8 -6 9 -6 8 -7 8 -6 8 -6 8 -6 8 -6 8 -6 8 -6 8 -6 8 -6 8 -6 7 -7 0 0 7 -7 7 -7 7 -7 7 -7 7 -7 7 -7 7 -7 6 -8 6 -8 6 -8 5 -8 6 -9 6 -9 6 -8 6 -9 6 -9 6 -10 5 -10 6 -10 6 -11 6 -10 6 -11 6 -11 6 -11 6 -11 6 -12 0 0 0 0 0 0 0 0 0 0]"
"1768831268857592,CSI_DATA,STATION,00:00:00:00:00:00,0,0,0,0,0,0,0,0,0,0,0,0,0,0,0,0,0,0,0,0,0,128,[84 -64 4 0 0 0 0 0 0 0 0 0 -5 -12 -5 -12 -4 -12 -4 -12 -4 -13 -3 -13 -2 -13 -2 -13 -2 -13 -2 -13 -1 -12 -1 -12 -1 -12 -1 -12 -1 -12 0 -11 0 -11 0 -12 -1 -11 -1 -11 -1 -11 -1 -11 0 -11 -1 -11 -1 -10 -1 -11 0 0 -1 -10 -2 -10 -2 -10 -2 -10 -2 -10 -3 -11 -3 -11 -3 -10 -3 -10 -3 -10 -3 -11 -3 -10 -4 -11 -4 -11 -4 -11 -4 -11 -4 -12 -4 -11 -4 -11 -5 -12 -5 -12 -6 -12 -6 -12 -6 -12 -6 -12 -6 -12 0 0 0 0 0 0 0 0 0 0]"
"1768831268868192,CSI_DATA,STATION,00:00:00:00:00:00,0,0,0,0,0,0,0,0,0,0,0,0,0,0,0,0,0,0,0,0,0,128,[84 -64 4 0 0 0 0 0 0 0 0 0 -1 11 -1 12 -1 12 -2 12 -2 11 -3 12 -3 11 -4 11 -4 11 -4 11 -4 11 -4 10 -4 10 -4 10 -5 10 -5 9 -5 10 -5 10 -4 10 -5 9 -5 9 -4 9 -5 9 -4 9 -4 9 -4 9 0 0 -4 9 -3 9 -3 10 -3 9 -3 9 -3 9 -3 9 -2 9 -3 10 -3 9 -2 10 -2 10 -1 10 -1 11 -2 10 -1 11 -1 11 -1 11 -1 11 -1 11 -1 12 -1 12 0 12 0 12 -1 12 0 13 0 0 0 0 0 0 0 0 0 0]"
"1768831268874550,CSI_DATA,STATION,00:00:00:00:00:00,0,0,0,0,0,0,0,0,0,0,0,0,0,0,0,0,0,0,0,0,0,128,[84 -64 4 0 0 0 0 0 0 0 0 0 -9 -8 -9 -9 -9 -9 -9 -9 -8 -10 -8 -10 -7 -10 -7 -11 -7 -11 -7 -11 -6 -10 -6 -10 -6 -10 -7 -10 -6 -11 -6 -10 -5 -10 -5 -10 -5 -10 -6 -10 -6 -9 -6 -10 -5 -9 -6 -9 -6 -9 -5 -9 0 0 -6 -9 -6 -8 -7 -8 -6 -8 -7 -8 -7 -9 -7 -9 -7 -8 -7 -8 -7 -8 -8 -8 -8 -8 -8 -7 -8 -8 -8 -8 -9 -8 -10 -8 -10 -8 -9 -8 -10 -8 -10 -8 -10 -7 -11 -8 -11 -8 -11 -7 -11 -8 0 0 0 0 0 0 0 0 0 0]"
"1768831268880972,CSI_DATA,STATION,00:00:00:00:00:00,0,0,0,0,0,0,0,0,0,0,0,0,0,0,0,0,0,0,0,0,0,128,[84 -64 4 0 0 0 0 0 0 0 0 0 -12 -4 -12 -5 -12 -5 -12 -5 -12 -6 -11 -6 -11 -6 -10 -7 -10 -7 -11 -7 -10 -7 -9 -7 -10 -7 -10 -7 -9 -8 -9 -7 -9 -7 -9 -7 -9 -7 -9 -7 -9 -7 -9 -7 -8 -7 -9 -7 -9 -7 -8 -7 0 0 -8 -6 -9 -6 -9 -6 -8 -6 -9 -6 -9 -6 -9 -6 -10 -5 -10 -5 -10 -5 -10 -5 -10 -5 -10 -5 -10 -5 -11 -4 -11 -4 -12 -4 -11 -4 -11 -4 -12 -4 -12 -4 -12 -4 -13 -4 -13 -4 -12 -4 -12 -4 0 0 0 0 0 0 0 0 0 0]"
"1768831268887406,CSI_DATA,STATION,00:00:00:00:00:00,0,0,0,0,0,0,0,0,0,0,0,0,0,0,0,0,0,0,0,0,0,128,[84 -64 4 0 0 0 0 0 0 0 0 0 -2 -12 -1 -13 -1 -13 -1 -13 0 -13 1 -13 1 -12 1 -13 1 -12 1 -12 2 -12 2 -12 2 -12 2 -11 2 -11 3 -10 3 -11 3 -11 2 -11 2 -10 2 -10 2 -10 2 -10 2 -10 2 -10 2 -10 0 0 2 -10 1 -10 1 -10 1 -10 1 -10 0 -10 0 -10 0 -11 0 -10 0 -10 0 -11 0 -11 -1 -11 0 -11 0 -11 -1 -11 -1 -11 -1 -12 -1 -12 -2 -12 -2 -12 -2 -12 -2 -13 -2 -13 -2 -13 -2 -13 0 0 0 0 0 0 0 0 0 0]"
"1768831268891702,CSI_DATA,STATION,00:00:00:00:00:00,0,0,0,0,0,0,0,0,0,0,0,0,0,0,0,0,0,0,0,0,0,128,[84 -64 4 0 0 0 0 0 0 0 0 0 -3 11 -3 11 -3 10 -4 10 -4 11 -5 11 -4 10 -5 10 -5 10 -6 10 -5 10 -5 9 -5 10 -6 9 -6 8 -6 9 -6 9 -5 9 -6 8 -6 8 -5 8 -5 8 -5 8 -5 9 -5 8 -5 8 0 0 -4 8 -4 8 -4 9 -4 8 -4 9 -4 8 -4 9 -3 9 -3 9 -3 9 -3 10 -3 9 -2 9 -2 10 -3 10 -2 10 -2 10 -2 10 -2 11 -2 11 -2 11 -2 11 -1 11 -1 12 -1 12 -1 12 0 0 0 0 0 0 0 0 0 0]"
"1768831268898157,CSI_DATA,STATION,00:00:00:00:00:00,0,0,0,0,0,0,0,0,0,0,0,0,0,0,0,0,0,0,0,0,0,128,[84 -64 4 0 0 0 0 0 0 0 0 0 8 -8 9 -8 9 -8 10 -8 10 -7 10 -7 10 -6 10 -6 10 -6 10 -5 10 -5 10 -5 10 -5 10 -4 10 -4 10 -4 10 -4 9 -4 10 -4 10 -4 9 -3 9 -4 9 -4 10 -3 9 -4 9 -5 0 0 9 -5 8 -4 9 -5 8 -5 9 -5 9 -5 8 -5 8 -5 8 -6 8 -6 8 -6 8 -6 8 -6 9 -7 8 -7 9 -7 8 -7 8 -8 8 -8 8 -8 8 -8 8 -8 9 -8 8 -9 9 -9 9 -9 0 0 0 0 0 0 0 0 0 0]"
"1768831268902494,CSI_DATA,STATION,00:00:00:00:00:00,0,0,0,0,0,0,0,0,0,0,0,0,0,0,0,0,0,0,0,0,0,128,[84 -64 4 0 0 0 0 0 0 0 0 0 -12 -3 -12 -3 -12 -4 -12 -4 -12 -5 -11 -5 -11 -5 -11 -6 -10 -6 -11 -6 -11 -6 -10 -6 -11 -6 -11 -6 -10 -7 -9 -6 -10 -6 -9 -6 -10 -7 -9 -7 -9 -7 -9 -6 -9 -6 -10 -6 -9 -6 -9 -6 0 0 -9 -5 -9 -5 -10 -5 -9 -5 -10 -5 -10 -5 -10 -5 -10 -5 -10 -4 -10 -4 -10 -4 -11 -4 -11 -4 -11 -4 -11 -3 -11 -3 -12 -3 -11 -3 -11 -3 -12 -3 -12 -3 -13 -3 -13 -3 -13 -3 -13 -2 -13 -2 0 0 0 0 0 0 0 0 0 0]"
"1768831268908989,CSI_DATA,STATION,00:00:00:00:00:00,0,0,0,0,0,0,0,0,0,0,0,0,0,0,0,0,0,0,0,0,0,128,[84 -64 4 0 0 0 0 0 0 0 0 0 -1 -14 0 -13 0 -14 1 -14 1 -14 2 -14 3 -13 3 -13 3 -13 3 -13 3 -13 3 -12 3 -13 3 -12 4 -12 4 -12 4 -12 4 -12 4 -12 4 -11 3 -11 4 -11 4 -11 3 -11 3 -11 3 -11 0 0 2 -11 2 -11 2 -11 2 -11 2 -12 1 -12 1 -12 1 -11 1 -12 1 -12 1 -12 0 -12 -1 -12 0 -13 0 -13 -1 -14 -1 -13 -1 -13 -1 -13 -1 -13 -1 -14 -1 -14 -2 -14 -3 -15 -2 -15 -2 -15 0 0 0 0 0 0 0 0 0 0]"
"1768831268913337,CSI_DATA,STATION,00:00:00:00:00:00,0,0,0,0,0,0,0,0,0,0,0,0,0,0,0,0,0,0,0,0,0,128,[84 -64 4 0 0 0 0 0 0 0 0 0 6 10 6 10 6 11 6 12 5 12 5 12 4 12 3 12 4 12 4 12 3 12 3 12 2 12 3 11 2 12 2 11 2 11 2 11 2 11 2 11 2 11 2 11 1 11 2 11 3 11 2 10 0 0 2 10 4 10 3 10 3 10 4 10 4 10 4 10 4 10 4 9 4 10 4 10 5 10 5 10 6 10 5 10 6 10 7 10 7 10 6 10 7 10 7 11 7 11 8 11 8 11 7 11 7 11 0 0 0 0 0 0 0 0 0 0]"
"1768831268917663,CSI_DATA,STATION,00:00:00:00:00:00,0,0,0,0,0,0,0,0,0,0,0,0,0,0,0,0,0,0,0,0,0,128,[84 -64 4 0 0 0 0 0 0 0 0 0 9 -9 9 -9 10 -8 10 -8 11 -7 11 -7 11 -7 11 -6 11 -6 11 -6 11 -6 11 -5 12 -5 11 -5 11 -5 11 -4 11 -4 10 -4 11 -3 11 -3 10 -3 11 -3 10 -4 11 -4 10 -4 10 -5 0 0 10 -4 10 -5 10 -4 9 -5 10 -5 10 -5 10 -5 9 -5 9 -5 9 -6 9 -7 9 -6 10 -6 10 -6 10 -7 10 -7 10 -7 10 -8 10 -8 10 -8 11 -8 10 -8 11 -8 11 -9 11 -9 11 -9 0 0 0 0 0 0 0 0 0 0]"
"1768831268924169,CSI_DATA,STATION,00:00:00:00:00:00,0,0,0,0,0,0,0,0,0,0,0,0,0,0,0,0,0,0,0,0,0,128,[84 -64 4 0 0 0 0 0 0 0 0 0 -7 9 -7 9 -7 8 -8 8 -8 8 -8 8 -9 8 -9 7 -9 7 -9 7 -9 7 -9 7 -9 6 -9 6 -9 6 -9 6 -9 6 -9 6 -9 5 -9 5 -9 5 -8 5 -8 6 -8 6 -8 6 -8 6 0 0 -8 6 -8 6 -8 6 -8 6 -7 6 -8 6 -8 6 -7 7 -7 7 -7 7 -7 8 -7 8 -7 8 -6 8 -7 8 -7 9 -6 8 -6 9 -6 9 -7 9 -6 10 -7 10 -6 10 -6 10 -6 11 -6 11 0 0 0 0 0 0 0 0 0 0]"
"1768831268928509,CSI_DATA,STATION,00:00:00:00:00:00,0,0,0,0,0,0,0,0,0,0,0,0,0,0,0,0,0,0,0,0,0,128,[84 -64 4 0 0 0 0 0 0 0 0 0 -4 10 -4 10 -5 10 -5 10 -5 10 -6 10 -6 10 -7 10 -6 9 -7 9 -7 9 -7 8 -7 9 -7 8 -7 8 -7 8 -7 8 -7 8 -7 8 -7 7 -7 7 -7 7 -7 7 -7 8 -6 7 -7 7 0 0 -6 7 -6 7 -5 8 -6 8 -5 8 -5 8 -5 8 -5 8 -5 9 -5 8 -5 9 -5 9 -5 9 -4 9 -5 9 -4 10 -4 10 -5 10 -4 11 -4 10 -4 11 -4 11 -4 11 -4 12 -5 11 -4 11 0 0 0 0 0 0 0 0 0 0]"
"1768831268932841,CSI_DATA,STATION,00:00:00:00:00:00,0,0,0,0,0,0,0,0,0,0,0,0,0,0,0,0,0,0,0,0,0,128,[84 -64 4 0 0 0 0 0 0 0 0 0 7 -9 8 -8 8 -8 8 -7 9 -7 9 -7 9 -7 9 -6 9 -6 9 -6 9 -6 9 -6 9 -5 9 -5 10 -5 9 -5 9 -5 9 -5 9 -5 9 -5 8 -4 8 -5 8 -5 8 -5 8 -5 8 -5 0 0 8 -6 8 -5 7 -6 8 -6 7 -6 8 -6 8 -6 7 -7 7 -7 7 -7 7 -8 7 -7 7 -7 7 -8 7 -8 7 -9 7 -9 7 -9 7 -9 7 -9 7 -9 7 -9 7 -10 7 -10 7 -11 7 -11 0 0 0 0 0 0 0 0 0 0]"
"1768831268939321,CSI_DATA,STATION,00:00:00:00:00:00,0,0,0,0,0,0,0,0,0,0,0,0,0,0,0,0,0,0,0,0,0,128,[84 -64 4 0 0 0 0 0 0 0 0 0 -8 -8 -8 -9 -8 -9 -8 -9 -7 -10 -7 -10 -6 -10 -6 -10 -6 -10 -6 -11 -5 -10 -5 -10 -5 -10 -5 -10 -5 -11 -5 -10 -4 -10 -3 -10 -4 -10 -4 -10 -4 -10 -4 -10 -4 -9 -4 -10 -5 -10 -4 -9 0 0 -4 -9 -5 -9 -5 -9 -5 -9 -5 -9 -5 -10 -5 -9 -5 -9 -6 -8 -6 -9 -6 -9 -6 -9 -7 -9 -7 -9 -7 -9 -7 -9 -8 -10 -7 -9 -7 -9 -7 -10 -8 -9 -8 -10 -8 -10 -9 -10 -9 -10 -8 -10 0 0 0 0 0 0 0 0 0 0]"
"1768831268943679,CSI_DATA,STATION,00:00:00:00:00:00,0,0,0,0,0,0,0,0,0,0,0,0,0,0,0,0,0,0,0,0,0,128,[84 -64 4 0 0 0 0 0 0 0 0 0 -10 4 -10 4 -11 4 -11 3 -11 3 -11 3 -11 3 -11 3 -11 2 -11 1 -11 1 -10 1 -11 1 -11 0 -11 1 -10 1 -10 1 -10 0 -11 0 -10 0 -10 0 -10 1 -10 1 -10 0 -10 1 -10 1 0 0 -9 1 -9 1 -9 1 -10 2 -10 2 -10 2 -9 2 -10 2 -9 3 -10 3 -10 3 -10 3 -10 3 -10 3 -10 4 -10 4 -10 4 -10 5 -10 5 -11 5 -10 5 -11 5 -11 5 -11 5 -11 6 -11 5 0 0 0 0 0 0 0 0 0 0]"
"1768831268950146,CSI_DATA,STATION,00:00:00:00:00:00,0,0,0,0,0,0,0,0,0,0,0,0,0,0,0,0,0,0,0,0,0,128,[84 -64 4 0 0 0 0 0 0 0 0 0 11 -2 12 -1 12 0 13 0 12 0 12 1 12 1 11 1 11 2 11 2 12 2 11 2 12 3 11 3 11 3 10 3 10 3 10 3 11 4 10 3 10 3 10 3 9 2 10 3 10 3 10 2 0 0 10 2 10 2 11 2 9 1 11 2 10 2 10 1 11 1 10 0 10 0 11 0 11 0 11 0 12 0 11 -1 12 -1 12 -1 12 -1 12 -1 12 -2 13 -1 13 -1 13 -1 13 -2 13 -2 13 -2 0 0 0 0 0 0 0 0 0 0]"
"1768831268954483,CSI_DATA,STATION,00:00:00:00:00:00,0,0,0,0,0,0,0,0,0,0,0,0,0,0,0,0,0,0,0,0,0,128,[84 -64 4 0 0 0 0 0 0 0 0 0 -7 -11 -7 -11 -7 -12 -6 -12 -6 -12 -5 -12 -5 -12 -4 -13 -4 -12 -4 -12 -3 -12 -3 -12 -3 -12 -3 -12 -3 -12 -2 -12 -2 -11 -2 -11 -3 -12 -2 -11 -3 -11 -3 -11 -2 -11 -2 -11 -3 -11 -3 -11 0 0 -2 -11 -3 -11 -3 -11 -3 -11 -4 -11 -4 -11 -4 -11 -4 -11 -4 -10 -4 -10 -5 -11 -5 -11 -5 -11 -5 -11 -5 -12 -5 -12 -6 -12 -6 -12 -6 -11 -7 -12 -6 -12 -7 -12 -7 -13 -8 -13 -7 -13 -7 -13 0 0 0 0 0 0 0 0 0 0]"
"1768831268959057,CSI_DATA,STATION,00:00:00:00:00:00,0,0,0,0,0,0,0,0,0,0,0,0,0,0,0,0,0,0,0,0,0,128,[84 -64 4 0 0 0 0 0 0 0 0 0 10 0 10 1 10 1 10 1 10 2 9 2 9 3 9 3 9 3 9 3 9 3 9 3 9 3 9 3 9 4 8 4 8 3 8 3 8 4 8 4 8 4 8 4 8 3 8 3 8 3 8 3 0 0 8 3 8 3 8 3 8 2 9 2 8 3 9 2 9 2 8 2 8 2 8 1 9 2 10 1 9 2 9 1 9 1 10 1 10 0 10 1 10 1 11 1 11 1 11 1 11 0 11 0 12 0 0 0 0 0 0 0 0 0 0 0]"
"1768831268965526,CSI_DATA,STATION,00:00:00:00:00:00,0,0,0,0,0,0,0,0,0,0,0,0,0,0,0,0,0,0,0,0,0,128,[84 -64 4 0 0 0 0 0 0 0 0 0 4 -12 5 -12 6 -11 6 -11 6 -11 7 -11 7 -10 7 -10 8 -10 8 -9 8 -10 8 -9 8 -9 8 -9 8 -9 8 -9 8 -9 8 -8 7 -8 8 -8 7 -8 8 -8 7 -8 7 -8 7 -8 7 -8 0 0 7 -9 6 -8 6 -9 6 -9 6 -9 6 -8 6 -9 6 -9 6 -10 6 -10 6 -10 5 -10 5 -10 5 -11 6 -11 6 -11 5 -12 6 -12 6 -12 5 -12 5 -12 6 -12 5 -13 5 -13 5 -13 5 -13 0 0 0 0 0 0 0 0 0 0]"
"1768831268969774,CSI_DATA,STATION,00:00:00:00:00:00,0,0,0,0,0,0,0,0,0,0,0,0,0,0,0,0,0,0,0,0,0,128,[84 -64 4 0 0 0 0 0 0 0 0 0 9 3 10 4 10 4 10 4 10 5 9 5 9 5 9 6 8 6 9 6 8 6 8 6 9 6 8 6 8 7 8 6 7 6 7 5 8 6 7 6 7 6 7 6 7 5 8 5 7 5 7 5 0 0 7 5 8 5 8 5 7 4 8 4 8 4 8 4 8 4 8 3 8 3 9 3 9 3 9 3 10 3 9 3 10 3 10 3 10 3 10 3 10 3 11 3 11 3 11 3 12 2 11 2 11 2 0 0 0 0 0 0 0 0 0 0]"
"1768831268974030,CSI_DATA,STATION,00:00:00:00:00:00,0,0,0,0,0,0,0,0,0,0,0,0,0,0,0,0,0,0,0,0,0,128,[84 -64 4 0 0 0 0 0 0 0 0 0 5 9 5 9 5 9 5 10 4 10 4 10 3 10 3 10 3 10 3 10 2 10 1 10 2 10 2 9 2 10 1 9 1 10 1 9 1 10 1 10 1 9 1 9 1 9 1 9 2 9 1 9 0 0 1 9 3 8 2 8 2 9 3 9 3 8 3 9 3 8 3 8 3 8 3 9 4 9 4 9 4 9 4 9 4 9 5 9 5 9 5 9 5 9 5 10 6 10 6 10 6 10 5 10 5 10 0 0 0 0 0 0 0 0 0 0]"
"1768831268980386,CSI_DATA,STATION,00:00:00:00:00:00,0,0,0,0,0,0,0,0,0,0,0,0,0,0,0,0,0,0,0,0,0,128,[84 -64 4 0 0 0 0 0 0 0 0 0 -2 12 -3 12 -2 12 -3 12 -3 12 -4 12 -4 12 -5 11 -6 11 -6 11 -5 11 -6 10 -6 11 -6 10 -6 10 -6 10 -6 10 -6 10 -6 10 -6 9 -5 10 -5 9 -6 9 -5 9 -5 9 -5 10 0 0 -4 9 -4 9 -4 10 -4 10 -4 10 -3 10 -3 10 -3 10 -3 10 -3 10 -3 11 -2 11 -2 11 -2 11 -2 12 -1 12 -1 12 -1 12 -1 13 -1 12 -1 13 -1 13 0 13 0 14 -1 13 -1 13 0 0 0 0 0 0 0 0 0 0]"
"1768831268984634,CSI_DATA,STATION,00:00:00:00:00:00,0,0,0,0,0,0,0,0,0,0,0,0,0,0,0,0,0,0,0,0,0,128,[84 -64 4 0 0 0 0 0 0 0 0 0 -9 7 -9 6 -10 6 -10 5 -10 5 -10 5 -10 4 -11 4 -10 4 -11 3 -10 3 -10 3 -10 2 -11 2 -10 2 -10 3 -10 2 -10 2 -10 2 -10 2 -10 1 -10 2 -9 2 -9 2 -10 2 -9 3 0 0 -9 2 -9 3 -9 3 -9 3 -9 3 -9 3 -9 3 -9 3 -9 4 -9 4 -9 5 -9 4 -9 4 -9 5 -9 5 -9 5 -10 5 -9 5 -9 6 -10 5 -10 6 -10 6 -10 6 -10 7 -10 7 -10 7 0 0 0 0 0 0 0 0 0 0]"
"1768831268993143,CSI_DATA,STATION,00:00:00:00:00:00,0,0,0,0,0,0,0,0,0,0,0,0,0,0,0,0,0,0,0,0,0,128,[84 -64 4 0 0 0 0 0 0 0 0 0 -9 -9 -8 -9 -8 -9 -8 -10 -8 -10 -7 -10 -7 -10 -6 -10 -6 -11 -6 -11 -5 -10 -5 -10 -5 -11 -5 -10 -5 -11 -5 -10 -4 -10 -4 -10 -5 -10 -5 -10 -5 -10 -5 -10 -4 -9 -5 -9 -5 -9 -5 -9 0 0 -5 -9 -6 -9 -6 -9 -6 -9 -6 -9 -6 -9 -6 -8 -7 -8 -6 -8 -6 -8 -7 -8 -7 -8 -8 -8 -8 -8 -7 -8 -8 -8 -9 -8 -9 -8 -8 -8 -9 -9 -9 -8 -10 -8 -10 -9 -10 -8 -10 -8 -10 -9 0 0 0 0 0 0 0 0 0 0]"
"1768831269001904,CSI_DATA,STATION,00:00:00:00:00:00,0,0,0,0,0,0,0,0,0,0,0,0,0,0,0,0,0,0,0,0,0,128,[84 -64 4 0 0 0 0 0 0 0 0 0 6 10 5 10 5 10 5 11 4 11 4 11 3 11 2 12 2 11 3 12 2 11 2 11 2 11 2 10 2 11 1 11 1 11 1 10 1 11 1 11 1 10 1 10 1 10 1 10 2 10 2 10 0 0 2 9 3 9 3 9 2 9 3 9 3 10 3 10 3 9 3 9 3 9 4 9 4 9 5 10 4 9 4 10 4 10 5 9 5 10 5 10 5 9 6 11 6 10 6 11 7 10 6 10 6 10 0 0 0 0 0 0 0 0 0 0]"
"1768831269006229,CSI_DATA,STATION,00:00:00:00:00:00,0,0,0,0,0,0,0,0,0,0,0,0,0,0,0,0,0,0,0,0,0,128,[84 -64 4 0 0 0 0 0 0 0 0 0 8 8 8 9 8 9 8 10 7 10 6 10 6 10 5 11 5 10 6 10 5 10 5 10 5 10 5 10 4 11 4 10 4 10 3 9 4 10 4 10 3 10 4 10 3 9 4 9 4 9 4 9 0 0 4 9 5 9 5 9 4 8 5 9 5 9 5 9 5 8 6 8 6 8 6 7 7 8 7 8 7 8 6 8 7 8 8 8 8 8 8 8 8 8 8 8 8 9 9 8 10 8 9 8 9 8 0 0 0 0 0 0 0 0 0 0]"
"1768831269012726,CSI_DATA,STATION,00:00:00:00:00:00,0,0,0,0,0,0,0,0,0,0,0,0,0,0,0,0,0,0,0,0,0,128,[84 -64 4 0 0 0 0 0 0 0 0 0 9 7 9 7 9 8 9 8 8 8 7 8 8 9 7 9 6 9 7 10 7 9 6 9 7 9 6 9 6 9 5 9 6 8 6 8 6 9 5 9 5 9 6 8 5 8 6 8 6 8 5 8 0 0 6 7 6 7 6 7 6 7 7 7 7 7 7 7 7 7 7 6 7 6 8 6 8 6 8 6 9 6 8 6 9 6 10 6 9 5 10 6 9 6 10 6 10 6 11 6 11 5 11 5 11 5 0 0 0 0 0 0 0 0 0 0]"
"1768831269019227,CSI_DATA,STATION,00:00:00:00:00:00,0,0,0,0,0,0,0,0,0,0,0,0,0,0,0,0,0,0,0,0,0,128,[84 -64 4 0 0 0 0 0 0 0 0 0 9 -8 10 -8 10 -7 10 -7 11 -6 11 -6 11 -6 11 -6 11 -5 11 -5 11 -4 11 -4 11 -4 11 -3 11 -3 10 -4 10 -4 10 -3 10 -3 11 -3 10 -3 10 -3 10 -4 10 -3 10 -3 10 -4 0 0 9 -5 9 -4 9 -4 9 -5 9 -4 9 -5 9 -5 9 -5 8 -6 9 -6 9 -6 9 -6 9 -6 9 -6 9 -7 9 -7 9 -8 9 -8 9 -8 8 -8 9 -9 9 -8 10 -8 9 -9 10 -9 10 -9 0 0 0 0 0 0 0 0 0 0]"
"1768831269025715,CSI_DATA,STATION,00:00:00:00:00:00,0,0,0,0,0,0,0,0,0,0,0,0,0,0,0,0,0,0,0,0,0,128,[84 -64 4 0 0 0 0 0 0 0 0 0 -5 -13 -5 -13 -5 -14 -5 -14 -4 -14 -3 -14 -3 -14 -2 -14 -1 -13 -1 -14 -1 -14 -1 -14 -1 -14 -1 -13 -1 -13 0 -13 0 -12 0 -12 0 -13 0 -12 0 -12 0 -12 0 -12 -1 -12 -1 -12 -1 -12 0 0 -1 -11 -2 -11 -2 -11 -2 -11 -2 -12 -2 -12 -2 -12 -2 -12 -2 -11 -3 -11 -4 -12 -4 -11 -4 -12 -4 -12 -4 -12 -4 -12 -5 -12 -5 -13 -4 -12 -5 -13 -5 -13 -5 -13 -6 -13 -7 -13 -6 -13 -6 -13 0 0 0 0 0 0 0 0 0 0]"
"1768831269030065,CSI_DATA,STATION,00:00:00:00:00:00,0,0,0,0,0,0,0,0,0,0,0,0,0,0,0,0,0,0,0,0,0,128,[84 -64 4 0 0 0 0 0 0 0 0 0 13 -5 13 -4 13 -3 13 -3 13 -2 13 -3 13 -2 14 -1 13 -1 13 0 13 -1 13 -1 13 0 12 0 12 0 13 0 12 0 12 0 11 1 12 1 11 1 11 0 11 0 11 0 11 0 11 -1 0 0 11 -1 11 -1 11 -2 11 -1 11 -2 11 -2 11 -2 11 -2 11 -3 11 -3 11 -4 10 -4 11 -4 11 -4 11 -4 11 -5 11 -5 11 -6 12 -5 12 -6 12 -6 12 -6 12 -6 12 -7 12 -7 12 -7 0 0 0 0 0 0 0 0 0 0]"
"1768831269034408,CSI_DATA,STATION,00:00:00:00:00:00,0,0,0,0,0,0,0,0,0,0,0,0,0,0,0,0,0,0,0,0,0,128,[84 -64 4 0 0 0 0 0 0 0 0 0 -12 0 -12 -1 -13 -1 -13 -2 -13 -2 -12 -2 -12 -3 -12 -3 -11 -3 -12 -4 -12 -3 -11 -3 -12 -4 -11 -4 -11 -5 -11 -4 -10 -4 -11 -4 -10 -5 -10 -5 -11 -5 -10 -4 -10 -4 -10 -4 -10 -4 -10 -4 0 0 -10 -3 -10 -3 -10 -3 -9 -3 -10 -3 -10 -3 -10 -3 -11 -3 -10 -2 -10 -1 -11 -1 -11 -1 -11 -1 -11 -1 -11 -1 -11 -1 -12 -1 -11 -1 -12 0 -12 0 -12 -1 -12 0 -13 0 -13 0 -12 1 -13 1 0 0 0 0 0 0 0 0 0 0]"
"1768831269040897,CSI_DATA,STATION,00:00:00:00:00:00,0,0,0,0,0,0,0,0,0,0,0,0,0,0,0,0,0,0,0,0,0,128,[84 -64 4 0 0 0 0 0 0 0 0 0 -9 -10 -8 -11 -8 -11 -8 -12 -8 -12 -7 -12 -6 -12 -5 -13 -5 -12 -5 -13 -5 -13 -5 -12 -4 -12 -5 -12 -4 -12 -4 -11 -3 -12 -3 -11 -4 -12 -4 -12 -4 -11 -3 -11 -3 -11 -4 -11 -4 -11 -4 -11 0 0 -4 -10 -5 -10 -5 -10 -4 -10 -5 -10 -5 -11 -5 -10 -5 -10 -5 -9 -6 -10 -6 -10 -6 -10 -6 -10 -7 -10 -6 -10 -7 -10 -7 -10 -8 -10 -7 -10 -8 -10 -8 -10 -8 -10 -9 -11 -9 -11 -8 -10 -9 -10 0 0 0 0 0 0 0 0 0 0]"
"1768831269045220,CSI_DATA,STATION,00:00:00:00:00:00,0,0,0,0,0,0,0,0,0,0,0,0,0,0,0,0,0,0,0,0,0,128,[84 -64 4 0 0 0 0 0 0 0 0 0 2 13 1 13 0 13 0 14 0 13 -1 13 -2 13 -3 13 -2 13 -2 12 -2 12 -3 12 -3 12 -2 12 -3 12 -4 11 -4 11 -4 11 -4 11 -4 11 -3 11 -3 11 -3 10 -3 11 -2 11 -3 11 0 0 -2 10 -1 10 -1 11 -2 10 -1 11 -1 10 -1 11 -1 10 -1 10 0 10 0 10 1 11 1 11 1 11 0 11 1 12 2 11 1 11 2 12 2 11 2 12 2 12 3 12 4 12 3 12 3 12 0 0 0 0 0 0 0 0 0 0]"
"1768831269049528,CSI_DATA,STATION,00:00:00:00:00:00,0,0,0,0,0,0,0,0,0,0,0,0,0,0,0,0,0,0,0,0,0,128,[84 -64 4 0 0 0 0 0 0 0 0 0 2 13 1 13 1 14 0 14 0 14 -1 14 -1 13 -2 14 -2 13 -2 13 -3 13 -2 12 -3 13 -3 12 -3 12 -3 12 -3 12 -3 11 -3 12 -3 11 -3 11 -3 11 -3 10 -3 11 -2 11 -2 11 0 0 -2 11 -1 10 -1 11 -1 10 -1 11 0 11 -1 11 0 10 -1 11 0 10 0 11 1 11 1 11 1 11 1 11 1 11 2 11 2 11 2 12 2 12 2 12 3 12 3 12 4 12 3 12 3 12 0 0 0 0 0 0 0 0 0 0]"
"1768831269056053,CSI_DATA,STATION,00:00:00:00:00:00,0,0,0,0,0,0,0,0,0,0,0,0,0,0,0,0,0,0,0,0,0,128,[84 -64 4 0 0 0 0 0 0 0 0 0 -7 -13 -7 -13 -7 -13 -6 -14 -6 -14 -6 -14 -5 -14 -4 -14 -4 -14 -4 -14 -3 -14 -3 -14 -3 -14 -3 -13 -3 -14 -3 -13 -2 -13 -2 -13 -3 -13 -2 -13 -2 -12 -2 -12 -2 -12 -3 -12 -3 -12 -3 -12 0 0 -3 -12 -4 -12 -4 -12 -4 -11 -4 -11 -5 -12 -5 -11 -5 -11 -5 -11 -5 -10 -5 -11 -6 -11 -6 -11 -7 -11 -6 -11 -7 -11 -7 -11 -7 -11 -7 -11 -7 -11 -8 -11 -8 -11 -9 -12 -9 -11 -9 -11 -9 -11 0 0 0 0 0 0 0 0 0 0]"
"1768831269060478,CSI_DATA,STATION,00:00:00:00:00:00,0,0,0,0,0,0,0,0,0,0,0,0,0,0,0,0,0,0,0,0,0,128,[84 -64 4 0 0 0 0 0 0 0 0 0 -11 -10 -10 -11 -11 -11 -10 -12 -10 -12 -9 -13 -8 -13 -8 -13 -7 -13 -8 -14 -7 -13 -7 -13 -7 -13 -6 -13 -6 -13 -6 -12 -6 -12 -6 -12 -6 -12 -6 -12 -5 -12 -5 -12 -5 -11 -6 -12 -6 -12 -5 -11 0 0 -6 -11 -6 -11 -7 -11 -6 -10 -7 -11 -7 -11 -7 -11 -8 -10 -7 -10 -8 -9 -8 -10 -8 -10 -9 -9 -9 -9 -9 -9 -9 -9 -10 -9 -10 -9 -10 -9 -10 -9 -10 -9 -11 -9 -11 -10 -12 -9 -11 -9 -11 -9 0 0 0 0 0 0 0 0 0 0]"
"1768831269067084,CSI_DATA,STATION,00:00:00:00:00:00,0,0,0,0,0,0,0,0,0,0,0,0,0,0,0,0,0,0,0,0,0,128,[84 -64 4 0 0 0 0 0 0 0 0 0 2 13 1 13 1 13 1 13 0 13 -1 13 -1 13 -1 13 -2 13 -2 12 -2 13 -2 12 -2 12 -2 12 -3 12 -3 12 -3 11 -3 11 -3 11 -3 11 -3 11 -3 11 -3 11 -2 11 -2 11 -2 11 0 0 -2 10 -2 10 -1 10 -1 10 -1 10 -1 10 -1 10 -1 10 -1 10 0 10 0 10 1 10 1 11 1 11 1 11 1 11 1 11 1 11 2 11 2 11 2 12 2 12 3 12 3 12 3 12 3 12 0 0 0 0 0 0 0 0 0 0]"
"1768831269071427,CSI_DATA,STATION,00:00:00:00:00:00,0,0,0,0,0,0,0,0,0,0,0,0,0,0,0,0,0,0,0,0,0,128,[84 -64 4 0 0 0 0 0 0 0 0 0 -12 7 -12 6 -14 6 -14 5 -14 4 -13 4 -13 4 -14 3 -14 3 -14 3 -14 3 -13 3 -14 1 -13 2 -13 1 -13 2 -13 1 -13 1 -13 1 -13 0 -12 0 -12 1 -12 1 -12 1 -12 1 -12 2 0 0 -11 2 -12 2 -11 2 -11 3 -11 2 -11 2 -11 3 -11 3 -11 3 -11 4 -11 4 -11 4 -11 4 -11 4 -11 5 -11 5 -11 5 -11 6 -11 6 -11 6 -11 6 -11 6 -12 6 -11 7 -11 7 -11 7 0 0 0 0 0 0 0 0 0 0]"
"1768831269075771,CSI_DATA,STATION,00:00:00:00:00:00,0,0,0,0,0,0,0,0,0,0,0,0,0,0,0,0,0,0,0,0,0,128,[84 -64 4 0 0 0 0 0 0 0 0 0 -1 13 -2 14 -2 13 -3 14 -3 13 -4 14 -5 13 -5 13 -6 13 -5 12 -5 13 -5 12 -5 12 -5 12 -6 12 -6 11 -6 11 -6 11 -6 11 -6 11 -6 11 -6 10 -6 10 -5 11 -5 10 -5 11 0 0 -5 10 -4 10 -4 11 -4 10 -4 11 -4 10 -4 10 -3 10 -3 10 -3 10 -2 11 -2 11 -2 11 -2 12 -2 11 -2 12 -1 11 -1 12 -1 12 -1 12 -1 13 -1 12 0 12 1 13 0 13 0 13 0 0 0 0 0 0 0 0 0 0]"
"1768831269082351,CSI_DATA,STATION,00:00:00:00:00:00,0,0,0,0,0,0,0,0,0,0,0,0,0,0,0,0,0,0,0,0,0,128,[84 -64 4 0 0 0 0 0 0 0 0 0 -13 6 -14 5 -14 4 -15 4 -15 3 -15 3 -15 2 -15 1 -14 1 -15 1 -15 1 -14 0 -14 0 -14 0 -14 0 -13 0 -13 0 -13 -1 -14 -1 -14 -1 -13 -1 -13 -1 -12 0 -13 -1 -12 0 -12 0 0 0 -12 0 -12 1 -12 1 -12 2 -13 1 -12 1 -12 1 -12 1 -11 2 -12 2 -12 3 -12 3 -12 3 -12 3 -12 3 -12 4 -12 3 -12 4 -12 4 -12 4 -13 4 -12 4 -13 4 -13 6 -13 5 -13 6 0 0 0 0 0 0 0 0 0 0]"
"1768831269086708,CSI_DATA,STATION,00:00:00:00:00:00,0,0,0,0,0,0,0,0,0,0,0,0,0,0,0,0,0,0,0,0,0,128,[84 -64 4 0 0 0 0 0 0 0 0 0 12 -9 12 -8 13 -8 12 -7 13 -7 13 -7 13 -6 13 -5 14 -5 14 -5 13 -5 13 -4 13 -4 13 -4 13 -3 13 -4 12 -4 12 -4 12 -3 12 -3 12 -3 12 -3 12 -3 12 -4 11 -4 11 -4 0 0 11 -4 11 -4 11 -5 11 -5 10 -5 11 -5 10 -5 10 -5 10 -6 10 -6 10 -7 10 -7 10 -7 9 -7 10 -8 10 -8 10 -9 10 -8 10 -9 9 -9 10 -9 9 -9 10 -10 9 -10 10 -10 9 -10 0 0 0 0 0 0 0 0 0 0]"
"1768831269093304,CSI_DATA,STATION,00:00:00:00:00:00,0,0,0,0,0,0,0,0,0,0,0,0,0,0,0,0,0,0,0,0,0,128,[84 -64 4 0 0 0 0 0 0 0 0 0 -3 14 -4 14 -4 14 -5 15 -5 14 -6 14 -7 13 -7 13 -7 13 -7 13 -7 13 -7 12 -8 13 -7 12 -8 12 -8 11 -8 11 -8 11 -8 11 -8 11 -7 10 -7 11 -7 10 -7 11 -6 11 -6 11 0 0 -6 10 -5 11 -5 11 -5 11 -5 11 -5 11 -5 11 -4 11 -4 11 -4 11 -4 12 -3 12 -3 12 -3 12 -3 12 -2 12 -2 12 -2 13 -2 13 -2 13 -2 13 -1 13 -1 13 0 13 -1 13 -1 14 0 0 0 0 0 0 0 0 0 0]"
"1768831269097676,CSI_DATA,STATION,00:00:00:00:00:00,0,0,0,0,0,0,0,0,0,0,0,0,0,0,0,0,0,0,0,0,0,128,[84 -64 4 0 0 0 0 0 0 0 0 0 -14 -5 -14 -5 -14 -6 -13 -7 -13 -7 -13 -7 -12 -8 -12 -8 -12 -8 -12 -9 -12 -8 -11 -8 -11 -9 -11 -9 -11 -9 -10 -8 -10 -9 -10 -9 -10 -9 -10 -9 -9 -9 -9 -9 -9 -8 -10 -8 -9 -8 -10 -7 0 0 -9 -7 -10 -7 -10 -7 -10 -6 -10 -7 -10 -6 -11 -6 -10 -6 -10 -5 -10 -5 -11 -5 -11 -5 -11 -5 -11 -5 -12 -4 -12 -4 -12 -5 -12 -4 -12 -4 -12 -3 -13 -4 -13 -4 -13 -3 -14 -3 -13 -3 -13 -3 0 0 0 0 0 0 0 0 0 0]"
"1768831269102093,CSI_DATA,STATION,00:00:00:00:00:00,0,0,0,0,0,0,0,0,0,0,0,0,0,0,0,0,0,0,0,0,0,128,[84 -64 4 0 0 0 0 0 0 0 0 0 -15 -5 -15 -6 -16 -6 -15 -7 -15 -8 -15 -8 -14 -8 -14 -9 -13 -9 -14 -10 -14 -9 -13 -9 -13 -10 -13 -10 -12 -10 -12 -9 -12 -9 -11 -9 -12 -10 -11 -10 -11 -10 -11 -10 -10 -9 -12 -9 -11 -9 -11 -8 0 0 -11 -8 -11 -8 -12 -8 -11 -7 -12 -7 -11 -7 -12 -7 -11 -7 -12 -6 -12 -6 -12 -5 -12 -5 -13 -5 -13 -5 -13 -5 -13 -4 -13 -5 -14 -4 -14 -4 -14 -4 -14 -4 -15 -4 -14 -4 -15 -3 -15 -3 -15 -3 0 0 0 0 0 0 0 0 0 0]"
"1768831269108639,CSI_DATA,STATION,00:00:00:00:00:00,0,0,0,0,0,0,0,0,0,0,0,0,0,0,0,0,0,0,0,0,0,128,[84 -64 4 0 0 0 0 0 0 0 0 0 -2 -16 -2 -16 -1 -17 -1 -17 0 -17 1 -17 2 -16 2 -16 2 -16 1 -16 3 -16 3 -16 2 -16 3 -15 3 -15 4 -15 4 -14 4 -14 3 -14 4 -14 4 -14 3 -14 4 -14 3 -14 3 -14 2 -13 0 0 2 -13 2 -13 2 -13 1 -13 1 -13 1 -13 1 -13 0 -13 1 -13 0 -13 0 -14 -1 -13 -1 -13 -1 -14 -1 -14 -2 -14 -2 -14 -2 -14 -2 -14 -2 -14 -2 -15 -3 -15 -4 -15 -5 -15 -4 -15 -4 -15 0 0 0 0 0 0 0 0 0 0]"
"1768831269112984,CSI_DATA,STATION,00:00:00:00:00:00,0,0,0,0,0,0,0,0,0,0,0,0,0,0,0,0,0,0,0,0,0,128,[84 -64 4 0 0 0 0 0 0 0 0 0 -14 5 -14 4 -15 4 -15 3 -15 2 -15 2 -15 1 -15 1 -15 1 -15 0 -15 0 -14 0 -15 -1 -15 -1 -14 -2 -15 -1 -14 -1 -13 -2 -14 -2 -14 -2 -13 -2 -13 -2 -13 -1 -13 -2 -13 -1 -13 -1 0 0 -12 -1 -13 -1 -12 -1 -13 0 -13 -1 -13 0 -12 0 -12 0 -12 1 -12 1 -12 2 -12 1 -12 2 -12 1 -13 2 -12 2 -13 2 -13 3 -13 3 -13 3 -13 3 -13 3 -14 3 -13 4 -13 4 -13 4 0 0 0 0 0 0 0 0 0 0]"
"1768831269117314,CSI_DATA,STATION,00:00:00:00:00:00,0,0,0,0,0,0,0,0,0,0,0,0,0,0,0,0,0,0,0,0,0,128,[84 -64 4 0 0 0 0 0 0 0 0 0 0 -15 1 -15 1 -15 2 -15 3 -15 3 -15 4 -14 4 -15 4 -14 4 -14 5 -14 5 -14 5 -14 5 -13 5 -13 6 -13 6 -13 6 -12 5 -13 6 -12 6 -12 5 -12 5 -12 5 -12 5 -12 5 -12 0 0 5 -12 4 -12 4 -12 3 -12 3 -12 3 -12 3 -12 2 -12 3 -12 2 -12 2 -12 2 -12 1 -13 1 -13 1 -13 1 -13 0 -13 1 -13 1 -13 0 -13 0 -14 0 -14 -1 -14 -1 -14 -1 -14 -1 -14 0 0 0 0 0 0 0 0 0 0]"
"1768831269123794,CSI_DATA,STATION,00:00:00:00:00:00,0,0,0,0,0,0,0,0,0,0,0,0,0,0,0,0,0,0,0,0,0,128,[84 -64 4 0 0 0 0 0 0 0 0 0 -15 -3 -15 -4 -15 -4 -16 -5 -15 -6 -15 -6 -14 -6 -14 -7 -13 -7 -14 -8 -14 -7 -13 -7 -13 -8 -13 -8 -13 -8 -12 -8 -12 -8 -12 -8 -12 -8 -12 -8 -12 -8 -12 -8 -11 -7 -12 -8 -12 -7 -11 -7 0 0 -11 -6 -12 -6 -12 -6 -11 -5 -12 -6 -12 -6 -12 -6 -12 -5 -12 -5 -12 -4 -12 -4 -12 -4 -12 -4 -13 -4 -12 -3 -13 -3 -13 -3 -13 -3 -13 -2 -13 -2 -14 -2 -14 -2 -14 -2 -15 -2 -14 -1 -14 -1 0 0 0 0 0 0 0 0 0 0]"
"1768831269128125,CSI_DATA,STATION,00:00:00:00:00:00,0,0,0,0,0,0,0,0,0,0,0,0,0,0,0,0,0,0,0,0,0,128,[84 -64 4 0 0 0 0 0 0 0 0 0 -15 -4 -15 -5 -15 -6 -15 -6 -15 -6 -14 -7 -13 -8 -14 -8 -13 -8 -13 -9 -13 -8 -12 -8 -13 -9 -12 -9 -12 -9 -11 -8 -11 -9 -11 -9 -12 -10 -11 -10 -11 -9 -11 -9 -10 -8 -11 -9 -11 -8 -11 -8 0 0 -10 -8 -11 -7 -11 -7 -11 -6 -11 -8 -11 -7 -11 -7 -11 -6 -11 -6 -11 -5 -12 -5 -12 -5 -12 -5 -13 -5 -12 -5 -13 -4 -13 -5 -13 -4 -13 -4 -13 -4 -14 -4 -14 -4 -14 -4 -14 -3 -14 -3 -14 -3 0 0 0 0 0 0 0 0 0 0]"
"1768831269134627,CSI_DATA,STATION,00:00:00:00:00:00,0,0,0,0,0,0,0,0,0,0,0,0,0,0,0,0,0,0,0,0,0,128,[84 -64 4 0 0 0 0 0 0 0 0 0 -11 10 -12 10 -12 10 -12 10 -12 9 -13 9 -13 8 -14 7 -13 7 -14 7 -14 7 -14 6 -14 7 -13 6 -14 5 -14 6 -13 6 -13 6 -13 5 -13 5 -12 4 -13 5 -13 5 -13 5 -12 5 -12 5 0 0 -12 5 -11 5 -11 6 -11 5 -11 6 -11 6 -11 6 -11 6 -11 7 -10 7 -10 8 -10 7 -10 8 -10 8 -10 8 -10 9 -9 9 -10 9 -10 9 -10 9 -10 9 -10 10 -10 10 -9 10 -9 10 -9 10 0 0 0 0 0 0 0 0 0 0]"
"1768831269138946,CSI_DATA,STATION,00:00:00:00:00:00,0,0,0,0,0,0,0,0,0,0,0,0,0,0,0,0,0,0,0,0,0,128,[84 -64 4 0 0 0 0 0 0 0 0 0 -14 3 -14 3 -14 2 -14 1 -14 1 -14 1 -14 0 -14 0 -14 -1 -14 -1 -14 -1 -13 -1 -14 -2 -13 -2 -13 -2 -13 -2 -12 -2 -12 -3 -13 -3 -12 -3 -12 -3 -12 -3 -12 -2 -12 -2 -12 -2 -12 -1 0 0 -11 -1 -12 -1 -11 -1 -12 -1 -12 -1 -12 -1 -12 -1 -12 -1 -11 0 -11 1 -12 1 -12 1 -12 1 -12 1 -12 1 -12 2 -12 2 -12 2 -12 2 -12 2 -12 3 -12 2 -12 3 -12 3 -12 3 -12 3 0 0 0 0 0 0 0 0 0 0]"
"1768831269143293,CSI_DATA,STATION,00:00:00:00:00:00,0,0,0,0,0,0,0,0,0,0,0,0,0,0,0,0,0,0,0,0,0,128,[84 -64 4 0 0 0 0 0 0 0 0 0 -14 6 -15 6 -15 5 -15 5 -15 4 -15 4 -15 3 -16 3 -15 2 -16 2 -15 2 -15 2 -15 1 -15 1 -15 0 -15 1 -15 0 -13 0 -14 0 -14 0 -14 0 -14 0 -13 0 -14 1 -14 0 -13 1 0 0 -13 1 -13 1 -13 1 -13 1 -13 2 -13 2 -13 1 -13 2 -12 3 -12 3 -12 4 -12 3 -12 4 -13 4 -12 4 -13 5 -12 4 -12 5 -13 5 -13 5 -13 5 -13 5 -12 5 -13 6 -12 7 -12 7 0 0 0 0 0 0 0 0 0 0]"
"1768831269149751,CSI_DATA,STATION,00:00:00:00:00:00,0,0,0,0,0,0,0,0,0,0,0,0,0,0,0,0,0,0,0,0,0,128,[84 -64 4 0 0 0 0 0 0 0 0 0 -14 7 -14 6 -14 6 -15 5 -15 5 -15 5 -15 4 -15 3 -15 3 -16 2 -15 2 -15 2 -15 2 -15 2 -15 1 -15 2 -14 1 -14 1 -14 1 -14 1 -14 0 -14 0 -14 1 -14 1 -13 1 -13 1 0 0 -13 1 -13 2 -12 2 -13 2 -12 2 -13 2 -13 2 -13 2 -12 3 -12 4 -12 4 -12 4 -12 4 -12 4 -12 5 -12 5 -13 5 -12 5 -12 6 -12 6 -12 6 -12 6 -13 6 -12 7 -12 7 -12 7 0 0 0 0 0 0 0 0 0 0]"
"1768831269154114,CSI_DATA,STATION,00:00:00:00:00:00,0,0,0,0,0,0,0,0,0,0,0,0,0,0,0,0,0,0,0,0,0,128,[84 -64 4 0 0 0 0 0 0 0 0 0 12 9 12 10 12 10 12 12 11 12 11 11 10 12 10 12 9 12 10 13 9 13 9 13 9 13 8 13 8 14 8 13 7 12 7 12 7 13 7 13 7 13 7 12 6 12 7 12 7 12 7 11 0 0 7 11 7 11 8 11 7 10 8 11 8 11 8 10 8 10 8 9 8 9 9 9 9 9 10 10 10 9 10 9 10 8 11 9 10 8 11 8 11 8 11 8 12 8 12 8 12 8 12 8 12 8 0 0 0 0 0 0 0 0 0 0]"
"1768831269160749,CSI_DATA,STATION,00:00:00:00:00:00,0,0,0,0,0,0,0,0,0,0,0,0,0,0,0,0,0,0,0,0,0,128,[84 -64 4 0 0 0 0 0 0 0 0 0 13 5 13 6 13 7 13 7 13 7 12 8 12 8 11 8 11 8 11 9 11 9 10 9 11 9 10 9 10 10 9 9 9 9 9 9 9 10 9 10 9 10 9 9 8 9 9 9 9 9 9 8 0 0 9 8 9 8 9 8 8 7 9 8 9 7 9 7 10 7 9 6 9 6 10 6 10 6 10 6 11 6 10 5 11 5 11 5 11 4 11 5 11 4 12 4 12 5 12 4 12 4 12 4 12 3 0 0 0 0 0 0 0 0 0 0]"
"1768831269165238,CSI_DATA,STATION,00:00:00:00:00:00,0,0,0,0,0,0,0,0,0,0,0,0,0,0,0,0,0,0,0,0,0,128,[84 -64 4 0 0 0 0 0 0 0 0 0 11 -10 11 -9 11 -9 12 -9 12 -8 13 -8 13 -7 13 -7 13 -6 13 -6 13 -6 13 -5 13 -5 13 -5 13 -5 13 -5 13 -5 12 -5 12 -4 12 -4 12 -4 12 -4 11 -4 12 -4 11 -4 11 -4 0 0 11 -5 10 -5 11 -5 10 -5 11 -6 10 -5 10 -6 10 -6 10 -6 10 -7 10 -7 9 -7 9 -7 10 -7 9 -8 9 -8 9 -8 10 -9 9 -9 9 -9 9 -9 9 -9 9 -9 9 -10 9 -10 9 -10 0 0 0 0 0 0 0 0 0 0]"
"1768831269169619,CSI_DATA,STATION,00:00:00:00:00:00,0,0,0,0,0,0,0,0,0,0,0,0,0,0,0,0,0,0,0,0,0,128,[84 -64 4 0 0 0 0 0 0 0 0 0 7 13 6 14 6 14 6 15 5 15 5 15 4 15 3 15 3 15 3 15 3 15 2 15 2 15 2 15 2 15 1 15 1 14 1 13 1 14 1 15 1 14 1 13 1 13 1 14 2 14 2 13 0 0 1 13 2 12 2 13 2 12 3 13 3 13 3 12 3 12 3 11 3 11 4 11 4 12 4 12 5 12 5 12 5 12 6 12 6 11 6 12 6 11 6 12 7 12 7 12 8 12 7 12 8 12 0 0 0 0 0 0 0 0 0 0]"
"1768831269176123,CSI_DATA,STATION,00:00:00:00:00:00,0,0,0,0,0,0,0,0,0,0,0,0,0,0,0,0,0,0,0,0,0,128,[84 -64 4 0 0 0 0 0 0 0 0 0 -14 2 -15 1 -15 0 -15 0 -15 -1 -15 -1 -15 -1 -15 -2 -14 -2 -15 -3 -15 -3 -14 -3 -14 -4 -14 -3 -14 -4 -13 -3 -14 -4 -13 -4 -14 -4 -13 -4 -13 -4 -12 -4 -12 -3 -13 -4 -12 -3 -12 -3 0 0 -12 -3 -12 -2 -12 -2 -12 -2 -12 -2 -12 -2 -12 -2 -12 -1 -12 -1 -12 -1 -12 0 -12 0 -12 0 -13 0 -12 1 -13 1 -12 1 -13 1 -13 2 -13 2 -13 2 -13 2 -13 2 -13 3 -13 3 -13 3 0 0 0 0 0 0 0 0 0 0]"
"1768831269180447,CSI_DATA,STATION,00:00:00:00:00:00,0,0,0,0,0,0,0,0,0,0,0,0,0,0,0,0,0,0,0,0,0,128,[84 -64 4 0 0 0 0 0 0 0 0 0 -12 -10 -12 -11 -12 -11 -12 -12 -11 -12 -11 -12 -11 -12 -10 -13 -9 -13 -10 -14 -9 -13 -8 -13 -9 -14 -8 -14 -8 -14 -8 -13 -8 -13 -8 -12 -8 -13 -8 -13 -7 -13 -8 -12 -7 -12 -8 -13 -7 -12 -7 -11 0 0 -7 -11 -8 -11 -8 -11 -7 -10 -9 -11 -8 -11 -9 -10 -9 -10 -9 -9 -9 -9 -10 -10 -10 -9 -10 -9 -10 -9 -10 -9 -10 -8 -11 -9 -11 -9 -11 -8 -11 -8 -12 -8 -12 -8 -12 -8 -13 -8 -12 -8 -12 -7 0 0 0 0 0 0 0 0 0 0]"
"1768831269186971,CSI_DATA,STATION,00:00:00:00:00:00,0,0,0,0,0,0,0,0,0,0,0,0,0,0,0,0,0,0,0,0,0,128,[84 -64 4 0 0 0 0 0 0 0 0 0 -14 -1 -14 -2 -15 -2 -15 -3 -14 -3 -14 -4 -14 -4 -14 -5 -13 -5 -13 -5 -13 -5 -13 -5 -13 -6 -13 -6 -13 -6 -12 -5 -12 -6 -12 -5 -12 -6 -12 -7 -11 -6 -11 -6 -11 -5 -12 -6 -11 -5 -11 -4 0 0 -11 -5 -11 -4 -12 -4 -10 -3 -12 -4 -11 -4 -11 -4 -11 -4 -11 -3 -11 -3 -12 -2 -12 -2 -12 -2 -12 -2 -11 -2 -12 -1 -12 -1 -12 -1 -12 -1 -12 -1 -12 -1 -13 -1 -12 0 -13 0 -13 1 -13 1 0 0 0 0 0 0 0 0 0 0]"
"1768831269195728,CSI_DATA,STATION,00:00:00:00:00:00,0,0,0,0,0,0,0,0,0,0,0,0,0,0,0,0,0,0,0,0,0,128,[84 -64 4 0 0 0 0 0 0 0 0 0 8 13 7 14 7 14 7 15 5 15 5 15 4 15 3 15 3 15 3 15 3 15 3 15 3 15 3 14 2 15 2 14 2 14 1 13 1 14 2 14 1 13 1 13 1 12 2 13 2 13 2 12 0 0 2 12 3 12 3 12 3 11 4 12 3 12 4 12 4 11 4 10 4 10 5 10 5 10 5 11 6 11 5 10 6 10 7 10 7 10 6 10 7 10 7 10 8 10 8 10 9 9 8 10 8 10 0 0 0 0 0 0 0 0 0 0]"
"1768831269202257,CSI_DATA,STATION,00:00:00:00:00:00,0,0,0,0,0,0,0,0,0,0,0,0,0,0,0,0,0,0,0,0,0,128,[84 -64 4 0 0 0 0 0 0 0 0 0 -11 10 -12 9 -11 9 -12 9 -12 8 -13 8 -13 8 -13 6 -13 7 -13 6 -13 6 -13 6 -13 6 -13 5 -13 5 -13 5 -13 5 -12 5 -12 4 -12 4 -12 4 -12 4 -12 4 -12 4 -11 4 -11 5 0 0 -11 4 -10 5 -10 5 -10 5 -10 5 -10 5 -10 5 -10 5 -9 6 -9 6 -9 7 -9 7 -8 7 -8 7 -9 7 -8 8 -8 8 -8 8 -8 8 -8 8 -8 9 -8 9 -8 9 -7 9 -7 9 -7 10 0 0 0 0 0 0 0 0 0 0]"
"1768831269206617,CSI_DATA,STATION,00:00:00:00:00:00,0,0,0,0,0,0,0,0,0,0,0,0,0,0,0,0,0,0,0,0,0,128,[84 -64 4 0 0 0 0 0 0 0 0 0 -16 -4 -16 -5 -16 -6 -16 -6 -16 -7 -15 -7 -15 -7 -15 -8 -14 -8 -15 -9 -14 -9 -13 -9 -14 -9 -13 -9 -13 -9 -12 -9 -12 -9 -12 -9 -12 -9 -11 -9 -11 -9 -11 -9 -11 -8 -12 -9 -11 -8 -11 -7 0 0 -10 -8 -11 -7 -11 -7 -11 -7 -11 -7 -11 -7 -11 -6 -11 -6 -11 -6 -11 -5 -12 -5 -12 -5 -12 -5 -12 -5 -12 -5 -11 -4 -13 -4 -12 -4 -12 -4 -12 -3 -13 -3 -13 -4 -13 -3 -14 -3 -13 -3 -13 -2 0 0 0 0 0 0 0 0 0 0]"
"1768831269213151,CSI_DATA,STATION,00:00:00:00:00:00,0,0,0,0,0,0,0,0,0,0,0,0,0,0,0,0,0,0,0,0,0,128,[84 -64 4 0 0 0 0 0 0 0 0 0 -16 -3 -17 -3 -16 -4 -17 -5 -16 -6 -16 -6 -15 -6 -15 -6 -14 -7 -15 -7 -15 -7 -14 -7 -15 -8 -14 -8 -14 -8 -13 -7 -13 -8 -12 -7 -13 -8 -12 -8 -12 -8 -12 -8 -11 -7 -12 -7 -12 -7 -12 -6 0 0 -12 -6 -12 -6 -12 -5 -11 -4 -12 -5 -12 -5 -12 -5 -12 -4 -11 -4 -11 -4 -12 -3 -12 -3 -12 -3 -12 -3 -12 -2 -12 -2 -13 -2 -12 -2 -13 -1 -12 -1 -13 -1 -13 -1 -13 -1 -14 0 -13 0 -13 0 0 0 0 0 0 0 0 0 0 0]"
"1768831269219646,CSI_DATA,STATION,00:00:00:00:00:00,0,0,0,0,0,0,0,0,0,0,0,0,0,0,0,0,0,0,0,0,0,128,[84 -64 4 0 0 0 0 0 0 0 0 0 -16 1 -16 0 -17 0 -17 -1 -17 -1 -17 -2 -16 -2 -16 -3 -16 -3 -16 -3 -16 -3 -15 -4 -15 -4 -15 -4 -15 -5 -15 -4 -14 -4 -14 -4 -14 -5 -14 -5 -14 -5 -13 -4 -13 -4 -13 -4 -13 -4 -13 -3 0 0 -12 -3 -13 -2 -12 -2 -13 -2 -13 -2 -13 -2 -13 -2 -12 -1 -12 -1 -12 0 -12 0 -12 0 -12 0 -12 1 -12 1 -13 2 -12 2 -12 2 -12 3 -12 3 -12 3 -12 3 -13 3 -13 4 -12 4 -12 4 0 0 0 0 0 0 0 0 0 0]"
"1768831269223991,CSI_DATA,STATION,00:00:00:00:00:00,0,0,0,0,0,0,0,0,0,0,0,0,0,0,0,0,0,0,0,0,0,128,[84 -64 4 0 0 0 0 0 0 0 0 0 0 18 0 17 -1 18 -2 18 -2 18 -3 17 -3 18 -4 17 -4 17 -4 17 -6 17 -5 16 -5 16 -5 16 -6 16 -5 15 -5 14 -6 14 -5 15 -5 15 -5 14 -4 14 -5 13 -4 14 -4 14 -4 14 0 0 -3 13 -3 13 -2 13 -2 13 -2 13 -1 13 -1 13 -1 13 -1 12 -1 12 0 12 0 13 1 13 1 13 1 13 2 13 2 13 2 12 3 13 3 12 4 13 4 13 4 13 5 13 4 13 4 13 0 0 0 0 0 0 0 0 0 0]"
"1768831269228334,CSI_DATA,STATION,00:00:00:00:00:00,0,0,0,0,0,0,0,0,0,0,0,0,0,0,0,0,0,0,0,0,0,128,[84 -64 4 0 0 0 0 0 0 0 0 0 5 17 4 17 4 18 3 18 2 18 2 17 1 17 0 17 0 17 0 18 -1 17 -1 17 -1 17 -1 17 -2 17 -2 16 -2 15 -2 15 -2 16 -2 16 -2 15 -2 15 -2 14 -2 14 -1 14 -1 14 0 0 -1 13 -1 14 0 13 0 13 0 13 0 13 0 13 1 13 1 12 1 12 2 12 2 12 2 13 3 13 2 12 3 12 4 13 4 12 4 12 4 12 4 12 5 12 5 12 6 12 5 12 6 12 0 0 0 0 0 0 0 0 0 0]"
"1768831269234838,CSI_DATA,STATION,00:00:00:00:00:00,0,0,0,0,0,0,0,0,0,0,0,0,0,0,0,0,0,0,0,0,0,128,[84 -64 4 0 0 0 0 0 0 0 0 0 11 14 10 14 10 15 10 16 9 16 8 16 7 16 7 15 6 16 7 17 7 16 6 16 6 16 6 16 5 16 4 15 4 15 4 15 4 15 4 15 4 15 4 14 4 14 5 14 5 14 4 13 0 0 4 13 4 13 5 13 4 12 5 12 5 12 5 12 5 12 5 11 6 11 6 10 7 11 7 11 7 10 7 10 8 10 8 10 8 9 8 10 8 9 9 9 9 10 10 10 10 9 10 9 10 9 0 0 0 0 0 0 0 0 0 0]"
"1768831269239128,CSI_DATA,STATION,00:00:00:00:00:00,0,0,0,0,0,0,0,0,0,0,0,0,0,0,0,0,0,0,0,0,0,128,[84 -64 4 0 0 0 0 0 0 0 0 0 14 12 12 12 13 14 12 13 12 14 11 14 10 14 9 14 9 14 9 16 9 14 8 14 9 15 8 15 8 15 8 14 7 14 7 14 7 14 7 14 7 14 7 13 7 13 7 13 7 13 7 12 0 0 6 11 8 11 8 11 7 11 8 11 8 11 8 10 8 10 8 9 8 9 9 9 9 9 10 9 9 8 10 8 10 8 11 8 10 7 11 7 11 6 11 7 11 7 12 7 12 6 12 6 12 5 0 0 0 0 0 0 0 0 0 0]"
"1768831269243447,CSI_DATA,STATION,00:00:00:00:00:00,0,0,0,0,0,0,0,0,0,0,0,0,0,0,0,0,0,0,0,0,0,128,[84 -64 4 0 0 0 0 0 0 0 0 0 -18 -4 -17 -5 -18 -6 -18 -6 -18 -6 -17 -7 -16 -7 -16 -8 -16 -8 -17 -9 -16 -8 -15 -8 -16 -9 -15 -9 -15 -9 -14 -8 -14 -8 -14 -9 -14 -9 -13 -9 -13 -9 -13 -9 -13 -8 -13 -9 -13 -7 -13 -7 0 0 -12 -7 -13 -6 -12 -6 -13 -5 -13 -5 -12 -5 -13 -5 -13 -5 -13 -4 -13 -4 -13 -3 -13 -3 -13 -3 -13 -3 -13 -2 -13 -2 -14 -2 -13 -2 -13 -1 -14 -1 -14 -1 -14 -1 -14 -1 -14 0 -14 0 -14 1 0 0 0 0 0 0 0 0 0 0]"
"1768831269249947,CSI_DATA,STATION,00:00:00:00:00:00,0,0,0,0,0,0,0,0,0,0,0,0,0,0,0,0,0,0,0,0,0,128,[84 -64 4 0 0 0 0 0 0 0 0 0 -16 6 -18 5 -17 4 -18 4 -17 3 -18 3 -18 3 -18 2 -17 1 -18 1 -18 1 -18 1 -17 0 -17 0 -18 0 -16 0 -17 0 -15 -1 -17 -1 -16 -1 -15 -1 -15 0 -15 0 -15 0 -15 0 -15 0 0 0 -14 1 -14 1 -14 1 -14 1 -14 2 -14 2 -14 2 -13 2 -13 3 -13 3 -13 4 -13 3 -12 4 -13 4 -12 4 -13 5 -12 5 -12 6 -12 6 -12 6 -12 7 -12 7 -12 6 -12 7 -12 7 -12 8 0 0 0 0 0 0 0 0 0 0]"
"1768831269254283,CSI_DATA,STATION,00:00:00:00:00:00,0,0,0,0,0,0,0,0,0,0,0,0,0,0,0,0,0,0,0,0,0,128,[84 -64 4 0 0 0 0 0 0 0 0 0 -5 -17 -5 -18 -4 -18 -4 -18 -3 -18 -3 -18 -2 -18 -2 -18 -1 -18 -1 -18 0 -17 1 -17 0 -17 0 -17 1 -17 0 -16 1 -16 1 -15 1 -16 0 -16 1 -15 0 -16 1 -15 1 -15 0 -15 0 -14 0 0 0 -14 -1 -14 -1 -14 -1 -14 -2 -14 -2 -14 -2 -14 -3 -14 -2 -13 -3 -13 -3 -13 -4 -13 -4 -13 -4 -13 -4 -13 -5 -13 -5 -14 -5 -13 -6 -13 -6 -13 -6 -13 -7 -13 -7 -13 -7 -13 -7 -13 -7 -12 0 0 0 0 0 0 0 0 0 0]"
"1768831269260952,CSI_DATA,STATION,00:00:00:00:00:00,0,0,0,0,0,0,0,0,0,0,0,0,0,0,0,0,0,0,0,0,0,128,[84 -64 4 0 0 0 0 0 0 0 0 0 -15 2 -16 1 -16 0 -17 0 -16 0 -16 0 -16 -1 -16 -2 -15 -2 -16 -2 -16 -2 -15 -2 -15 -3 -15 -3 -15 -4 -14 -3 -14 -3 -13 -4 -14 -4 -14 -4 -13 -4 -13 -4 -13 -3 -14 -3 -13 -3 -13 -2 0 0 -13 -2 -12 -2 -13 -2 -12 -1 -13 -2 -12 -1 -12 -1 -12 -1 -12 0 -12 0 -12 1 -12 1 -12 1 -13 1 -12 1 -12 2 -12 2 -12 2 -12 2 -13 2 -12 3 -13 3 -12 3 -12 4 -12 4 -12 4 0 0 0 0 0 0 0 0 0 0]"
"1768831269265389,CSI_DATA,STATION,00:00:00:00:00:00,0,0,0,0,0,0,0,0,0,0,0,0,0,0,0,0,0,0,0,0,0,128,[84 -64 4 0 0 0 0 0 0 0 0 0 -13 -8 -13 -9 -13 -10 -12 -10 -12 -11 -12 -11 -11 -11 -11 -11 -10 -12 -10 -12 -10 -12 -10 -12 -10 -12 -10 -12 -9 -13 -9 -12 -9 -12 -9 -11 -9 -12 -8 -12 -9 -12 -9 -11 -8 -11 -9 -11 -9 -11 -8 -10 0 0 -8 -10 -8 -10 -9 -10 -8 -9 -10 -9 -9 -9 -9 -9 -10 -9 -9 -8 -10 -8 -10 -8 -10 -7 -10 -7 -10 -7 -10 -7 -11 -7 -11 -7 -11 -6 -11 -6 -11 -6 -12 -6 -12 -6 -12 -6 -13 -6 -12 -5 -12 -5 0 0 0 0 0 0 0 0 0 0]"
"1768831269269775,CSI_DATA,STATION,00:00:00:00:00:00,0,0,0,0,0,0,0,0,0,0,0,0,0,0,0,0,0,0,0,0,0,128,[84 -64 4 0 0 0 0 0 0 0 0 0 16 -2 16 -2 16 0 17 0 17 0 17 0 16 1 16 2 16 2 16 3 16 2 16 3 16 3 15 3 16 4 14 3 15 3 14 3 15 4 14 4 14 4 14 4 13 3 14 3 14 3 13 2 0 0 13 2 13 2 14 2 13 1 14 1 13 1 13 1 13 0 13 0 12 -1 12 -1 13 -1 13 -1 13 -1 13 -2 13 -2 13 -3 13 -3 13 -3 13 -3 13 -3 13 -3 13 -4 13 -5 13 -5 13 -5 0 0 0 0 0 0 0 0 0 0]"
"1768831269276318,CSI_DATA,STATION,00:00:00:00:00:00,0,0,0,0,0,0,0,0,0,0,0,0,0,0,0,0,0,0,0,0,0,128,[84 -64 4 0 0 0 0 0 0 0 0 0 -17 2 -17 1 -17 0 -18 0 -17 -1 -17 -1 -17 -2 -17 -2 -17 -3 -17 -3 -17 -3 -16 -3 -16 -4 -16 -4 -16 -5 -16 -5 -15 -4 -15 -4 -15 -5 -15 -5 -15 -5 -15 -5 -14 -4 -14 -5 -15 -4 -14 -3 0 0 -14 -3 -14 -4 -14 -3 -14 -2 -14 -3 -14 -3 -14 -3 -14 -2 -14 -2 -14 -1 -14 -1 -14 -1 -14 -1 -14 -1 -14 0 -14 0 -14 0 -14 1 -14 1 -14 1 -15 1 -15 1 -15 1 -15 2 -15 2 -15 3 0 0 0 0 0 0 0 0 0 0]"
"1768831269280718,CSI_DATA,STATION,00:00:00:00:00:00,0,0,0,0,0,0,0,0,0,0,0,0,0,0,0,0,0,0,0,0,0,128,[84 -64 4 0 0 0 0 0 0 0 0 0 -15 2 -15 1 -15 0 -15 -1 -15 -1 -15 -1 -15 -2 -15 -2 -15 -2 -15 -3 -15 -2 -14 -3 -15 -4 -14 -3 -15 -4 -14 -3 -13 -4 -13 -4 -13 -4 -13 -5 -14 -4 -13 -4 -13 -4 -13 -4 -13 -3 -13 -3 0 0 -12 -3 -13 -3 -12 -3 -12 -2 -13 -3 -12 -3 -12 -3 -13 -2 -12 -1 -12 -1 -12 -1 -13 -1 -13 0 -13 -1 -13 0 -12 0 -13 0 -12 1 -13 1 -13 1 -13 1 -13 1 -13 1 -13 2 -13 2 -13 2 0 0 0 0 0 0 0 0 0 0]"
"1768831269285131,CSI_DATA,STATION,00:00:00:00:00:00,0,0,0,0,0,0,0,0,0,0,0,0,0,0,0,0,0,0,0,0,0,128,[84 -64 4 0 0 0 0 0 0 0 0 0 -8 14 -9 13 -9 14 -9 13 -10 13 -10 13 -11 12 -12 12 -11 11 -12 11 -11 12 -12 11 -12 11 -12 10 -12 10 -12 10 -12 10 -12 10 -12 9 -12 8 -12 9 -12 9 -12 9 -11 9 -10 9 -11 9 0 0 -11 9 -10 9 -10 9 -10 9 -9 9 -9 9 -9 9 -10 9 -9 10 -8 11 -9 11 -8 11 -8 11 -7 11 -8 11 -7 11 -7 12 -7 11 -7 12 -7 12 -7 13 -7 12 -7 13 -6 13 -6 13 -6 13 0 0 0 0 0 0 0 0 0 0]"
"1768831269291643,CSI_DATA,STATION,00:00:00:00:00:00,0,0,0,0,0,0,0,0,0,0,0,0,0,0,0,0,0,0,0,0,0,128,[84 -64 4 0 0 0 0 0 0 0 0 0 -10 12 -11 12 -11 11 -11 11 -12 10 -12 11 -12 10 -13 10 -13 9 -13 9 -13 9 -13 9 -14 8 -13 8 -14 8 -14 8 -14 8 -13 7 -13 7 -13 7 -13 7 -13 7 -12 7 -13 7 -12 7 -12 7 0 0 -12 7 -11 7 -12 8 -11 7 -11 8 -11 8 -11 7 -10 8 -10 9 -10 9 -10 9 -10 9 -10 9 -9 10 -10 10 -10 10 -9 10 -9 11 -9 11 -9 11 -9 12 -9 11 -9 11 -9 12 -8 12 -9 12 0 0 0 0 0 0 0 0 0 0]"
"1768831269295996,CSI_DATA,STATION,00:00:00:00:00:00,0,0,0,0,0,0,0,0,0,0,0,0,0,0,0,0,0,0,0,0,0,128,[84 -64 4 0 0 0 0 0 0 0 0 0 -11 -8 -11 -9 -11 -9 -11 -10 -10 -10 -11 -11 -10 -11 -10 -11 -9 -11 -9 -12 -8 -12 -8 -12 -9 -12 -8 -12 -8 -12 -8 -12 -8 -12 -7 -11 -8 -12 -8 -12 -7 -11 -8 -11 -7 -10 -8 -12 -7 -11 -7 -11 0 0 -7 -10 -7 -10 -8 -10 -7 -10 -9 -10 -8 -10 -8 -10 -9 -10 -9 -9 -9 -9 -9 -9 -10 -9 -9 -9 -10 -9 -10 -8 -10 -8 -11 -8 -10 -8 -10 -8 -11 -8 -11 -8 -12 -7 -12 -8 -12 -8 -12 -7 -12 -7 0 0 0 0 0 0 0 0 0 0]"
"1768831269302518,CSI_DATA,STATION,00:00:00:00:00:00,0,0,0,0,0,0,0,0,0,0,0,0,0,0,0,0,0,0,0,0,0,128,[84 -64 4 0 0 0 0 0 0 0 0 0 -2 -14 -2 -15 -1 -15 -1 -14 -1 -15 0 -15 1 -14 1 -15 1 -15 1 -15 2 -15 2 -14 3 -14 2 -14 2 -14 3 -13 2 -14 2 -13 2 -13 3 -13 2 -13 2 -13 3 -13 2 -13 2 -13 2 -13 0 0 1 -13 1 -12 1 -12 1 -12 1 -12 0 -12 0 -13 0 -12 0 -12 0 -12 0 -13 -1 -12 -1 -12 -1 -13 -2 -13 -2 -13 -2 -13 -2 -13 -3 -13 -3 -13 -3 -13 -3 -13 -4 -14 -4 -13 -3 -14 -4 -13 0 0 0 0 0 0 0 0 0 0]"
"1768831269306887,CSI_DATA,STATION,00:00:00:00:00:00,0,0,0,0,0,0,0,0,0,0,0,0,0,0,0,0,0,0,0,0,0,128,[84 -64 4 0 0 0 0 0 0 0 0 0 3 13 3 13 3 13 2 14 2 14 1 14 0 14 0 14 -1 13 0 14 -1 14 -1 13 -1 13 -1 13 -2 13 -2 13 -2 13 -3 12 -2 13 -2 13 -2 12 -2 12 -3 12 -2 12 -2 12 -2 12 0 0 -2 11 -1 12 -1 12 -1 12 -1 12 -1 12 -1 12 0 12 -1 11 0 11 0 11 0 12 1 12 1 12 0 12 1 12 2 12 2 12 2 12 2 12 2 13 3 13 3 13 3 13 3 13 3 13 0 0 0 0 0 0 0 0 0 0]"
"1768831269313407,CSI_DATA,STATION,00:00:00:00:00:00,0,0,0,0,0,0,0,0,0,0,0,0,0,0,0,0,0,0,0,0,0,128,[84 -64 4 0 0 0 0 0 0 0 0 0 -13 -7 -13 -7 -13 -8 -13 -8 -13 -8 -12 -9 -11 -8 -12 -9 -11 -10 -12 -10 -11 -10 -10 -10 -11 -11 -11 -11 -11 -11 -10 -10 -9 -10 -9 -10 -9 -10 -9 -11 -9 -10 -9 -11 -8 -10 -9 -10 -9 -10 -9 -10 0 0 -9 -9 -9 -9 -10 -9 -8 -9 -10 -9 -10 -9 -10 -9 -10 -8 -10 -8 -10 -8 -10 -8 -10 -8 -11 -8 -11 -7 -11 -7 -11 -7 -12 -8 -11 -7 -11 -7 -12 -7 -12 -7 -13 -7 -12 -7 -13 -7 -13 -7 -13 -6 0 0 0 0 0 0 0 0 0 0]"
"1768831269317736,CSI_DATA,STATION,00:00:00:00:00:00,0,0,0,0,0,0,0,0,0,0,0,0,0,0,0,0,0,0,0,0,0,128,[84 -64 4 0 0 0 0 0 0 0 0 0 -2 -15 -1 -15 -1 -15 -1 -15 0 -16 1 -15 1 -15 2 -15 2 -15 2 -15 3 -15 3 -14 3 -14 3 -14 3 -14 3 -14 4 -13 4 -13 3 -14 4 -13 4 -13 4 -13 4 -13 3 -13 3 -13 3 -13 0 0 3 -12 2 -13 2 -13 2 -13 2 -13 2 -13 2 -12 1 -13 2 -13 1 -13 1 -13 0 -12 0 -13 0 -13 1 -13 0 -13 0 -14 0 -14 0 -13 -1 -14 -1 -14 -1 -14 -2 -14 -2 -14 -2 -14 -2 -14 0 0 0 0 0 0 0 0 0 0]"
"1768831269322094,CSI_DATA,STATION,00:00:00:00:00:00,0,0,0,0,0,0,0,0,0,0,0,0,0,0,0,0,0,0,0,0,0,128,[84 -64 4 0 0 0 0 0 0 0 0 0 12 2 12 3 13 4 13 4 12 4 12 4 12 5 11 5 11 5 12 6 11 5 10 6 11 6 10 7 10 7 10 7 9 7 10 7 9 7 10 7 10 7 9 7 9 6 9 7 9 6 9 6 0 0 8 6 9 6 9 5 9 5 9 5 9 5 9 5 9 5 9 4 10 4 10 4 10 4 10 4 10 4 10 4 10 3 11 4 10 3 11 3 11 3 11 3 11 3 12 3 12 2 12 2 12 2 0 0 0 0 0 0 0 0 0 0]"
"1768831269328582,CSI_DATA,STATION,00:00:00:00:00:00,0,0,0,0,0,0,0,0,0,0,0,0,0,0,0,0,0,0,0,0,0,128,[84 -64 4 0 0 0 0 0 0 0 0 0 7 -13 7 -13 7 -13 8 -13 8 -13 9 -12 9 -12 9 -12 10 -11 10 -11 10 -11 10 -11 10 -11 10 -10 10 -10 11 -9 10 -9 10 -9 9 -9 10 -9 10 -9 9 -9 9 -9 9 -10 9 -9 9 -9 0 0 9 -9 8 -9 8 -10 8 -9 8 -10 7 -9 7 -10 7 -10 7 -10 6 -10 6 -10 6 -11 6 -11 6 -11 6 -11 6 -12 5 -12 5 -12 5 -12 5 -12 5 -13 5 -12 4 -13 4 -13 4 -13 4 -13 0 0 0 0 0 0 0 0 0 0]"
"1768831269332933,CSI_DATA,STATION,00:00:00:00:00:00,0,0,0,0,0,0,0,0,0,0,0,0,0,0,0,0,0,0,0,0,0,128,[84 -64 4 0 0 0 0 0 0 0 0 0 -13 6 -14 6 -14 4 -14 4 -14 4 -15 4 -14 4 -15 3 -14 3 -15 2 -14 2 -14 2 -14 1 -14 1 -14 1 -14 1 -14 1 -13 1 -14 1 -14 1 -13 0 -13 0 -13 1 -13 0 -13 1 -13 1 0 0 -12 2 -12 2 -12 2 -12 2 -12 2 -12 2 -12 2 -12 3 -11 3 -11 4 -12 4 -11 4 -11 4 -11 4 -11 4 -12 5 -11 5 -11 6 -11 6 -11 6 -11 6 -11 6 -11 6 -11 7 -11 7 -11 7 0 0 0 0 0 0 0 0 0 0]"
"1768831269337255,CSI_DATA,STATION,00:00:00:00:00:00,0,0,0,0,0,0,0,0,0,0,0,0,0,0,0,0,0,0,0,0,0,128,[84 -64 4 0 0 0 0 0 0 0 0 0 9 10 9 11 9 12 8 12 7 12 7 12 7 13 6 13 6 13 6 13 5 13 5 13 5 13 5 13 4 13 4 13 4 12 4 12 4 13 4 12 4 12 4 12 3 11 4 12 4 12 4 11 0 0 4 11 4 11 5 11 4 10 5 11 5 11 5 10 5 10 5 9 5 9 6 9 6 10 6 10 7 9 7 9 7 9 8 9 8 9 8 9 8 8 8 9 9 9 9 9 9 8 9 8 10 8 0 0 0 0 0 0 0 0 0 0]"
"1768831269343731,CSI_DATA,STATION,00:00:00:00:00:00,0,0,0,0,0,0,0,0,0,0,0,0,0,0,0,0,0,0,0,0,0,128,[84 -64 4 0 0 0 0 0 0 0 0 0 -5 13 -6 12 -6 12 -7 12 -7 12 -8 12 -8 11 -9 11 -8 11 -9 11 -9 11 -9 10 -9 10 -9 10 -9 9 -9 10 -9 9 -9 10 -9 9 -9 9 -9 8 -9 8 -9 8 -8 9 -8 8 -8 8 0 0 -8 9 -7 8 -7 9 -7 9 -6 9 -7 8 -7 9 -6 9 -6 9 -6 9 -6 10 -6 10 -5 10 -5 10 -5 10 -5 10 -4 11 -4 11 -4 11 -4 10 -4 11 -4 11 -3 11 -3 11 -3 11 -3 11 0 0 0 0 0 0 0 0 0 0]"
"1768831269348098,CSI_DATA,STATION,00:00:00:00:00:00,0,0,0,0,0,0,0,0,0,0,0,0,0,0,0,0,0,0,0,0,0,128,[84 -64 4 0 0 0 0 0 0 0 0 0 7 -15 8 -14 8 -14 9 -14 10 -13 10 -13 10 -13 11 -13 11 -12 11 -12 11 -12 11 -12 11 -11 11 -11 12 -10 11 -10 11 -10 11 -10 11 -9 12 -9 11 -9 10 -9 11 -9 10 -10 10 -9 10 -9 0 0 10 -9 9 -8 9 -9 9 -9 9 -10 9 -9 8 -9 8 -10 8 -10 7 -10 7 -11 7 -11 7 -10 7 -11 7 -11 7 -12 6 -12 6 -12 6 -12 6 -12 6 -13 5 -12 5 -13 5 -13 5 -13 5 -13 0 0 0 0 0 0 0 0 0 0]"
"1768831269354555,CSI_DATA,STATION,00:00:00:00:00:00,0,0,0,0,0,0,0,0,0,0,0,0,0,0,0,0,0,0,0,0,0,128,[84 -64 4 0 0 0 0 0 0 0 0 0 -1 15 -1 15 -2 15 -2 15 -3 15 -3 15 -4 14 -4 14 -5 14 -4 14 -5 14 -5 14 -5 13 -5 13 -6 13 -6 12 -6 12 -6 12 -6 12 -6 12 -6 12 -5 12 -6 11 -5 11 -5 11 -5 12 0 0 -5 11 -4 11 -4 11 -4 11 -4 11 -3 11 -3 11 -3 11 -3 11 -3 11 -3 11 -2 11 -2 12 -2 12 -2 11 -1 12 -1 11 -1 11 -1 12 0 11 0 12 0 12 1 12 1 12 1 12 1 12 0 0 0 0 0 0 0 0 0 0]"
"1768831269358937,CSI_DATA,STATION,00:00:00:00:00:00,0,0,0,0,0,0,0,0,0,0,0,0,0,0,0,0,0,0,0,0,0,128,[84 -64 4 0 0 0 0 0 0 0 0 0 15 2 15 3 15 4 15 4 15 5 14 5 14 5 14 6 14 6 14 7 13 6 12 6 13 7 13 7 13 8 12 7 12 7 11 7 11 7 11 8 11 7 11 7 11 7 11 7 11 7 10 6 0 0 10 6 10 5 11 6 10 5 11 5 11 5 11 4 11 4 11 4 11 3 11 3 11 4 12 4 12 3 11 2 11 2 12 2 11 1 12 1 11 1 12 1 13 1 13 1 13 1 13 0 12 0 0 0 0 0 0 0 0 0 0 0]"
"1768831269369784,CSI_DATA,STATION,00:00:00:00:00:00,0,0,0,0,0,0,0,0,0,0,0,0,0,0,0,0,0,0,0,0,0,128,[84 -64 4 0 0 0 0 0 0 0 0 0 -17 -4 -16 -5 -17 -5 -17 -6 -17 -6 -16 -6 -16 -7 -16 -7 -15 -8 -16 -8 -15 -8 -15 -8 -15 -8 -14 -8 -14 -9 -14 -8 -13 -8 -13 -8 -13 -9 -13 -9 -12 -9 -13 -9 -13 -8 -13 -8 -13 -7 -13 -7 0 0 -12 -6 -13 -6 -12 -6 -13 -6 -12 -6 -13 -6 -13 -5 -12 -5 -12 -4 -13 -4 -13 -3 -13 -3 -13 -3 -13 -3 -14 -2 -13 -2 -14 -2 -13 -1 -13 -1 -14 -1 -14 -1 -14 -1 -15 -1 -14 0 -14 0 -14 1 0 0 0 0 0 0 0 0 0 0]"
"1768831269376334,CSI_DATA,STATION,00:00:00:00:00:00,0,0,0,0,0,0,0,0,0,0,0,0,0,0,0,0,0,0,0,0,0,128,[84 -64 4 0 0 0 0 0 0 0 0 0 4 15 4 16 4 16 3 16 2 16 2 16 1 16 1 16 0 16 0 16 -1 16 -1 15 -1 16 -1 15 -1 15 -2 15 -2 14 -2 14 -2 15 -1 14 -2 14 -1 14 -2 13 -2 14 -2 13 -1 13 0 0 -1 13 0 13 0 13 -1 13 0 13 0 13 0 13 1 12 1 12 1 12 1 12 2 12 2 12 2 12 2 12 3 13 3 12 3 12 3 12 4 12 4 12 4 12 5 12 5 12 4 13 5 12 0 0 0 0 0 0 0 0 0 0]"
"1768831269382879,CSI_DATA,STATION,00:00:00:00:00:00,0,0,0,0,0,0,0,0,0,0,0,0,0,0,0,0,0,0,0,0,0,128,[84 -64 4 0 0 0 0 0 0 0 0 0 15 -4 16 -4 16 -2 17 -2 16 -1 16 -1 16 -1 16 0 16 0 16 1 16 0 15 1 15 2 15 2 16 2 14 2 14 2 14 2 14 3 14 3 14 2 13 2 13 1 13 2 13 2 13 1 0 0 13 1 13 1 13 1 12 0 13 1 13 0 13 0 12 0 12 0 12 -1 12 -2 12 -1 13 -1 13 -2 12 -2 13 -3 12 -3 13 -3 12 -3 12 -4 13 -4 13 -3 13 -4 13 -4 13 -5 13 -5 0 0 0 0 0 0 0 0 0 0]"
"1768831269387216,CSI_DATA,STATION,00:00:00:00:00:00,0,0,0,0,0,0,0,0,0,0,0,0,0,0,0,0,0,0,0,0,0,128,[84 -64 4 0 0 0 0 0 0 0 0 0 -9 -14 -9 -14 -8 -15 -8 -16 -7 -16 -7 -16 -6 -16 -6 -16 -5 -16 -6 -16 -5 -16 -4 -16 -4 -16 -4 -16 -4 -16 -4 -15 -3 -15 -3 -15 -4 -15 -3 -15 -3 -15 -3 -15 -3 -14 -3 -14 -4 -14 -3 -14 0 0 -3 -13 -4 -13 -4 -13 -4 -13 -5 -13 -5 -13 -5 -13 -5 -13 -5 -12 -6 -12 -6 -12 -6 -12 -6 -12 -6 -12 -6 -12 -7 -12 -8 -12 -8 -12 -8 -12 -8 -11 -8 -11 -9 -11 -9 -12 -10 -11 -9 -11 -9 -11 0 0 0 0 0 0 0 0 0 0]"
"1768831269393708,CSI_DATA,STATION,00:00:00:00:00:00,0,0,0,0,0,0,0,0,0,0,0,0,0,0,0,0,0,0,0,0,0,128,[84 -64 4 0 0 0 0 0 0 0 0 0 14 -2 14 -2 14 0 14 0 14 0 14 0 14 1 14 2 14 2 14 2 14 1 13 2 13 2 13 2 13 3 12 2 12 3 12 3 13 3 12 3 12 3 12 3 11 2 12 3 12 2 11 1 0 0 11 2 11 1 11 1 11 1 11 1 11 1 11 1 11 0 11 0 10 -1 11 -1 11 -1 11 -1 11 -1 11 -2 11 -2 11 -2 11 -3 12 -3 11 -3 11 -3 11 -3 12 -3 11 -4 11 -5 11 -4 0 0 0 0 0 0 0 0 0 0]"
"1768831269400279,CSI_DATA,STATION,00:00:00:00:00:00,0,0,0,0,0,0,0,0,0,0,0,0,0,0,0,0,0,0,0,0,0,128,[84 -64 4 0 0 0 0 0 0 0 0 0 -9 -14 -9 -15 -8 -15 -8 -15 -7 -15 -6 -16 -6 -15 -5 -16 -5 -16 -5 -16 -4 -16 -4 -16 -4 -16 -4 -16 -4 -16 -3 -15 -2 -15 -2 -14 -3 -15 -3 -15 -3 -14 -3 -14 -2 -13 -3 -14 -3 -14 -3 -14 0 0 -3 -13 -3 -13 -4 -13 -4 -12 -4 -13 -4 -13 -5 -13 -5 -12 -5 -12 -5 -12 -5 -12 -6 -12 -6 -12 -6 -12 -6 -12 -7 -12 -7 -12 -7 -12 -7 -12 -7 -11 -8 -11 -8 -11 -8 -12 -9 -12 -9 -11 -9 -11 0 0 0 0 0 0 0 0 0 0]"
"1768831269404597,CSI_DATA,STATION,00:00:00:00:00:00,0,0,0,0,0,0,0,0,0,0,0,0,0,0,0,0,0,0,0,0,0,128,[84 -64 4 0 0 0 0 0 0 0 0 0 5 -17 6 -17 6 -18 6 -16 7 -17 8 -16 9 -16 9 -16 9 -15 9 -15 9 -15 10 -14 10 -15 10 -14 10 -13 10 -13 10 -13 10 -13 9 -13 10 -12 10 -12 9 -12 9 -12 9 -12 9 -12 9 -12 0 0 8 -12 8 -12 7 -12 7 -12 7 -12 7 -12 6 -13 7 -12 7 -13 6 -13 5 -13 5 -13 5 -13 4 -13 5 -14 4 -14 4 -14 4 -14 4 -14 4 -15 4 -15 3 -15 3 -15 2 -15 3 -15 2 -15 0 0 0 0 0 0 0 0 0 0]"
"1768831269411127,CSI_DATA,STATION,00:00:00:00:00:00,0,0,0,0,0,0,0,0,0,0,0,0,0,0,0,0,0,0,0,0,0,128,[84 -64 4 0 0 0 0 0 0 0 0 0 -13 -8 -13 -9 -13 -9 -13 -10 -12 -11 -12 -11 -11 -11 -10 -11 -10 -11 -10 -12 -10 -12 -10 -11 -10 -12 -9 -12 -9 -12 -9 -11 -8 -11 -8 -11 -8 -12 -8 -12 -8 -11 -8 -11 -8 -11 -8 -11 -8 -11 -8 -10 0 0 -8 -10 -8 -10 -9 -10 -8 -9 -9 -10 -8 -9 -8 -9 -9 -9 -9 -8 -9 -8 -10 -8 -10 -8 -9 -8 -10 -8 -10 -7 -10 -7 -11 -8 -10 -7 -11 -7 -11 -7 -11 -7 -12 -7 -11 -7 -12 -7 -12 -6 -12 -6 0 0 0 0 0 0 0 0 0 0]"
"1768831269415462,CSI_DATA,STATION,00:00:00:00:00:00,0,0,0,0,0,0,0,0,0,0,0,0,0,0,0,0,0,0,0,0,0,128,[84 -64 4 0 0 0 0 0 0 0 0 0 -11 -12 -11 -12 -11 -12 -10 -14 -10 -14 -9 -14 -9 -13 -9 -14 -8 -14 -8 -14 -8 -14 -7 -14 -7 -15 -7 -14 -7 -15 -6 -14 -6 -13 -6 -13 -6 -14 -6 -13 -6 -14 -6 -13 -6 -12 -6 -13 -6 -13 -6 -12 0 0 -6 -12 -7 -12 -7 -12 -6 -11 -8 -11 -7 -11 -8 -11 -8 -11 -8 -10 -8 -10 -9 -10 -9 -10 -9 -10 -9 -10 -9 -9 -10 -9 -10 -10 -10 -9 -10 -9 -11 -9 -11 -9 -11 -8 -11 -9 -12 -9 -12 -8 -12 -8 0 0 0 0 0 0 0 0 0 0]"
"1768831269421957,CSI_DATA,STATION,00:00:00:00:00:00,0,0,0,0,0,0,0,0,0,0,0,0,0,0,0,0,0,0,0,0,0,128,[84 -64 4 0 0 0 0 0 0 0 0 0 -3 15 -4 16 -4 16 -5 16 -5 15 -6 16 -6 15 -7 15 -7 14 -7 15 -7 14 -8 14 -8 14 -7 14 -8 13 -8 13 -9 13 -8 12 -8 13 -8 12 -8 12 -8 12 -8 11 -8 12 -7 12 -7 12 0 0 -7 11 -6 12 -6 12 -6 12 -6 12 -5 12 -5 12 -5 12 -5 12 -4 11 -4 12 -4 12 -3 13 -3 13 -4 13 -3 13 -2 13 -3 13 -2 13 -3 13 -2 13 -2 13 -1 14 -1 14 -1 14 -1 14 0 0 0 0 0 0 0 0 0 0]"
"1768831269426272,CSI_DATA,STATION,00:00:00:00:00:00,0,0,0,0,0,0,0,0,0,0,0,0,0,0,0,0,0,0,0,0,0,128,[84 -64 4 0 0 0 0 0 0 0 0 0 -1 16 -2 17 -2 16 -3 17 -3 17 -4 17 -4 16 -5 16 -5 16 -6 15 -6 16 -6 15 -6 15 -6 15 -7 15 -7 14 -7 14 -7 14 -7 13 -7 13 -7 13 -7 13 -7 13 -6 13 -6 13 -6 13 0 0 -6 12 -5 13 -4 13 -5 13 -5 13 -4 13 -4 13 -4 13 -4 12 -3 13 -3 13 -2 13 -2 13 -2 13 -2 13 -2 13 -1 13 -1 14 -1 14 -1 14 -1 14 0 14 0 14 0 14 0 15 1 14 0 0 0 0 0 0 0 0 0 0]"
"1768831269432739,CSI_DATA,STATION,00:00:00:00:00:00,0,0,0,0,0,0,0,0,0,0,0,0,0,0,0,0,0,0,0,0,0,128,[84 -64 4 0 0 0 0 0 0 0 0 0 10 12 9 13 9 13 9 14 8 14 8 14 7 15 6 15 6 15 6 15 6 15 6 15 6 15 5 15 5 16 4 14 4 14 4 14 4 14 4 15 4 14 4 14 4 13 4 14 5 14 4 13 0 0 4 13 5 13 5 13 5 12 6 12 6 12 6 12 6 12 6 11 7 11 7 11 7 11 7 11 8 11 8 10 8 10 9 10 9 10 9 10 9 10 9 10 10 10 10 10 11 10 11 9 11 9 0 0 0 0 0 0 0 0 0 0]"
"1768831269437109,CSI_DATA,STATION,00:00:00:00:00:00,0,0,0,0,0,0,0,0,0,0,0,0,0,0,0,0,0,0,0,0,0,128,[84 -64 4 0 0 0 0 0 0 0 0 0 15 3 16 4 16 4 16 5 16 6 15 6 14 6 14 7 14 7 15 8 14 7 13 7 14 8 13 8 13 8 13 8 12 8 12 8 12 9 12 8 12 8 12 8 12 7 12 8 12 7 12 7 0 0 11 6 12 6 12 6 12 5 12 6 12 6 12 5 12 5 12 4 12 4 12 4 13 4 13 4 13 3 12 3 13 3 13 2 13 2 14 2 13 2 14 1 14 2 14 1 15 1 14 1 14 0 0 0 0 0 0 0 0 0 0 0]"
"1768831269441467,CSI_DATA,STATION,00:00:00:00:00:00,0,0,0,0,0,0,0,0,0,0,0,0,0,0,0,0,0,0,0,0,0,128,[84 -64 4 0 0 0 0 0 0 0 0 0 14 -3 15 -2 15 -2 16 -1 15 0 15 -1 15 0 15 0 15 1 15 2 15 2 15 2 14 3 14 3 14 3 14 2 14 3 13 3 14 3 14 3 13 3 13 2 13 3 13 3 13 3 13 1 0 0 12 2 12 2 13 1 12 1 13 1 13 1 12 1 12 0 12 0 11 -1 12 -1 12 -1 12 -1 13 -1 12 -2 13 -2 13 -2 13 -3 13 -3 12 -4 13 -3 13 -3 13 -3 13 -4 13 -4 13 -4 0 0 0 0 0 0 0 0 0 0]"
"1768831269447983,CSI_DATA,STATION,00:00:00:00:00:00,0,0,0,0,0,0,0,0,0,0,0,0,0,0,0,0,0,0,0,0,0,128,[84 -64 4 0 0 0 0 0 0 0 0 0 -12 -10 -11 -10 -11 -10 -11 -11 -11 -11 -10 -11 -9 -11 -9 -12 -9 -12 -9 -13 -9 -12 -8 -12 -9 -13 -8 -13 -8 -13 -7 -12 -7 -12 -7 -12 -7 -13 -7 -12 -7 -12 -7 -12 -6 -11 -7 -12 -7 -12 -7 -11 0 0 -6 -11 -7 -11 -7 -11 -7 -10 -7 -10 -7 -11 -8 -10 -8 -10 -7 -10 -8 -9 -8 -9 -9 -9 -9 -9 -9 -9 -9 -9 -9 -9 -10 -9 -9 -9 -9 -9 -10 -9 -10 -9 -11 -9 -11 -9 -11 -9 -11 -8 -11 -8 0 0 0 0 0 0 0 0 0 0]"
"1768831269452309,CSI_DATA,STATION,00:00:00:00:00:00,0,0,0,0,0,0,0,0,0,0,0,0,0,0,0,0,0,0,0,0,0,128,[84 -64 4 0 0 0 0 0 0 0 0 0 15 -5 15 -4 15 -3 16 -3 16 -2 16 -2 15 -1 16 0 15 0 16 0 15 0 15 0 15 1 15 1 15 2 14 1 14 1 14 1 14 1 14 2 13 2 13 1 13 1 14 1 13 1 13 0 0 0 13 0 13 0 13 0 13 -1 13 0 13 -1 13 -1 12 -1 12 -2 12 -2 12 -2 12 -3 12 -3 13 -3 12 -4 13 -4 13 -4 13 -5 13 -4 12 -5 13 -5 13 -5 13 -5 13 -6 13 -6 13 -6 0 0 0 0 0 0 0 0 0 0]"
"1768831269456672,CSI_DATA,STATION,00:00:00:00:00:00,0,0,0,0,0,0,0,0,0,0,0,0,0,0,0,0,0,0,0,0,0,128,[84 -64 4 0 0 0 0 0 0 0 0 0 13 7 13 8 13 8 13 9 12 9 12 10 11 10 11 10 10 10 11 11 10 11 9 11 10 12 10 11 9 12 9 11 8 11 8 11 8 11 8 12 7 11 8 11 7 10 9 11 8 11 8 10 0 0 8 9 8 10 8 9 8 9 9 9 9 9 8 9 9 9 9 8 9 8 9 8 10 8 9 8 10 8 10 7 10 7 11 7 11 7 11 7 11 6 11 7 11 7 12 7 12 6 12 6 12 6 0 0 0 0 0 0 0 0 0 0]"
"1768831269463245,CSI_DATA,STATION,00:00:00:00:00:00,0,0,0,0,0,0,0,0,0,0,0,0,0,0,0,0,0,0,0,0,0,128,[84 -64 4 0 0 0 0 0 0 0 0 0 6 -14 6 -14 7 -14 7 -14 8 -14 9 -13 9 -13 9 -13 9 -12 9 -12 10 -12 10 -12 10 -12 10 -11 10 -11 10 -11 10 -11 10 -11 9 -10 10 -10 10 -10 9 -10 9 -10 9 -10 9 -10 9 -10 0 0 8 -10 7 -10 7 -10 7 -10 7 -11 7 -11 7 -11 7 -11 6 -11 6 -11 6 -11 6 -11 5 -11 5 -12 5 -12 4 -13 4 -13 4 -13 4 -13 4 -13 4 -13 4 -13 4 -14 3 -14 3 -14 3 -14 0 0 0 0 0 0 0 0 0 0]"
"1768831269467642,CSI_DATA,STATION,00:00:00:00:00:00,0,0,0,0,0,0,0,0,0,0,0,0,0,0,0,0,0,0,0,0,0,128,[84 -64 4 0 0 0 0 0 0 0 0 0 7 13 6 13 6 13 6 14 5 14 5 14 4 14 3 15 3 14 3 15 2 15 2 14 2 14 2 14 1 15 1 14 1 13 0 13 1 14 1 14 1 13 1 13 0 13 1 13 1 13 1 12 0 0 1 12 2 12 2 12 1 12 2 12 2 12 2 12 3 11 2 11 3 11 3 11 3 12 4 12 4 12 3 11 4 11 5 12 5 11 5 11 5 11 5 11 6 11 6 12 6 11 6 12 6 12 0 0 0 0 0 0 0 0 0 0]"
"1768831269472023,CSI_DATA,STATION,00:00:00:00:00:00,0,0,0,0,0,0,0,0,0,0,0,0,0,0,0,0,0,0,0,0,0,128,[84 -64 4 0 0 0 0 0 0 0 0 0 -1 -17 1 -18 0 -17 1 -18 2 -17 3 -18 3 -17 4 -17 4 -17 4 -16 4 -17 5 -16 5 -16 5 -16 5 -16 5 -15 6 -15 6 -15 6 -15 6 -14 5 -15 5 -14 6 -14 5 -14 5 -14 5 -14 0 0 4 -14 4 -14 4 -14 4 -13 4 -14 3 -14 3 -14 3 -14 3 -14 2 -14 2 -14 2 -14 1 -14 1 -15 1 -14 1 -15 1 -15 1 -15 0 -15 0 -15 0 -15 0 -16 -1 -15 -1 -15 -1 -16 -1 -16 0 0 0 0 0 0 0 0 0 0]"
"1768831269478570,CSI_DATA,STATION,00:00:00:00:00:00,0,0,0,0,0,0,0,0,0,0,0,0,0,0,0,0,0,0,0,0,0,128,[84 -64 4 0 0 0 0 0 0 0 0 0 -7 12 -8 12 -8 12 -9 12 -9 12 -10 11 -10 11 -11 10 -11 10 -11 10 -11 10 -11 9 -11 10 -11 9 -11 9 -11 9 -11 9 -11 9 -11 8 -11 8 -10 8 -10 8 -10 8 -10 8 -10 8 -10 8 0 0 -9 8 -9 8 -8 8 -9 8 -9 9 -8 9 -8 8 -8 9 -8 9 -8 10 -8 10 -7 10 -7 10 -7 10 -7 10 -7 11 -6 11 -6 11 -6 11 -6 11 -6 12 -6 11 -6 12 -5 12 -5 12 -5 12 0 0 0 0 0 0 0 0 0 0]"
"1768831269482934,CSI_DATA,STATION,00:00:00:00:00:00,0,0,0,0,0,0,0,0,0,0,0,0,0,0,0,0,0,0,0,0,0,128,[84 -64 4 0 0 0 0 0 0 0 0 0 -11 -10 -11 -11 -11 -11 -10 -12 -10 -12 -9 -12 -9 -12 -8 -13 -8 -13 -8 -13 -8 -12 -7 -12 -8 -13 -7 -13 -7 -13 -7 -13 -7 -13 -7 -12 -6 -13 -6 -13 -7 -12 -6 -12 -6 -11 -7 -12 -6 -11 -6 -11 0 0 -6 -11 -7 -11 -7 -11 -7 -10 -8 -11 -7 -11 -7 -10 -8 -10 -8 -10 -8 -9 -9 -9 -9 -9 -9 -9 -9 -9 -9 -9 -10 -9 -11 -9 -10 -8 -10 -9 -10 -9 -10 -9 -11 -9 -11 -9 -12 -8 -11 -8 -12 -8 0 0 0 0 0 0 0 0 0 0]"
"1768831269489437,CSI_DATA,STATION,00:00:00:00:00:00,0,0,0,0,0,0,0,0,0,0,0,0,0,0,0,0,0,0,0,0,0,128,[84 -64 4 0 0 0 0 0 0 0 0 0 15 0 15 1 16 2 16 2 16 3 15 3 15 4 15 5 15 4 15 5 14 5 14 5 15 6 14 6 14 6 13 5 13 5 13 6 13 6 13 7 12 7 13 6 12 6 13 6 12 5 12 5 0 0 12 5 12 4 12 5 12 4 12 4 12 4 12 4 12 4 12 3 12 3 12 2 13 2 13 2 13 2 13 2 13 1 14 2 13 1 13 1 13 1 13 1 14 1 14 1 14 0 14 0 14 0 0 0 0 0 0 0 0 0 0 0]"
"1768831269493775,CSI_DATA,STATION,00:00:00:00:00:00,0,0,0,0,0,0,0,0,0,0,0,0,0,0,0,0,0,0,0,0,0,128,[84 -64 4 0 0 0 0 0 0 0 0 0 -5 15 -6 14 -7 15 -7 14 -7 14 -8 14 -9 13 -9 13 -9 12 -9 13 -9 13 -9 12 -10 12 -10 12 -10 11 -10 12 -10 11 -10 11 -10 11 -10 10 -10 10 -9 10 -10 10 -9 11 -9 10 -9 10 0 0 -8 10 -8 10 -7 11 -8 11 -7 11 -7 11 -7 11 -6 10 -7 11 -6 11 -6 12 -5 11 -5 12 -5 12 -5 12 -5 12 -4 12 -5 12 -4 13 -4 12 -4 13 -4 13 -3 13 -3 14 -3 13 -3 14 0 0 0 0 0 0 0 0 0 0]"
"1768831269498158,CSI_DATA,STATION,00:00:00:00:00:00,0,0,0,0,0,0,0,0,0,0,0,0,0,0,0,0,0,0,0,0,0,128,[84 -64 4 0 0 0 0 0 0 0 0 0 -13 9 -13 9 -13 8 -14 8 -14 7 -15 7 -14 7 -15 6 -15 6 -15 5 -15 5 -15 5 -15 5 -14 4 -15 4 -15 5 -14 4 -14 4 -14 4 -14 3 -14 3 -14 3 -13 3 -14 4 -13 4 -13 4 0 0 -13 4 -12 4 -12 5 -12 5 -12 5 -12 5 -12 5 -12 6 -11 6 -11 6 -11 7 -11 6 -11 7 -11 7 -11 7 -11 8 -11 8 -10 8 -10 8 -11 8 -11 9 -10 9 -10 9 -10 10 -10 10 -10 10 0 0 0 0 0 0 0 0 0 0]"
"1768831269504664,CSI_DATA,STATION,00:00:00:00:00:00,0,0,0,0,0,0,0,0,0,0,0,0,0,0,0,0,0,0,0,0,0,128,[84 -64 4 0 0 0 0 0 0 0 0 0 13 -8 13 -8 13 -8 13 -7 14 -7 14 -6 14 -6 14 -5 14 -5 15 -4 14 -4 14 -4 14 -3 14 -3 15 -3 13 -4 14 -3 13 -3 13 -3 13 -3 13 -2 13 -3 13 -3 13 -3 12 -3 12 -3 0 0 12 -4 12 -3 11 -4 12 -4 11 -4 12 -4 11 -4 11 -5 11 -5 11 -5 11 -6 11 -6 11 -6 11 -6 11 -7 11 -7 11 -7 11 -8 10 -7 10 -8 11 -8 10 -8 11 -8 10 -9 10 -9 10 -9 0 0 0 0 0 0 0 0 0 0]"
"1768831269509000,CSI_DATA,STATION,00:00:00:00:00:00,0,0,0,0,0,0,0,0,0,0,0,0,0,0,0,0,0,0,0,0,0,128,[84 -64 4 0 0 0 0 0 0 0 0 0 13 -11 13 -11 13 -10 14 -9 15 -9 14 -9 15 -8 15 -8 15 -8 15 -7 15 -7 15 -6 15 -6 15 -6 15 -6 15 -6 15 -5 15 -6 14 -5 14 -5 14 -5 14 -5 14 -5 14 -5 13 -5 13 -5 0 0 13 -5 12 -6 12 -6 12 -6 12 -6 12 -6 12 -6 12 -6 12 -7 11 -8 11 -8 11 -8 11 -8 11 -8 11 -9 11 -9 11 -9 10 -10 11 -10 10 -10 11 -10 10 -10 10 -11 10 -11 10 -11 10 -11 0 0 0 0 0 0 0 0 0 0]"
"1768831269513351,CSI_DATA,STATION,00:00:00:00:00:00,0,0,0,0,0,0,0,0,0,0,0,0,0,0,0,0,0,0,0,0,0,128,[84 -64 4 0 0 0 0 0 0 0 0 0 7 -13 8 -12 8 -13 8 -12 9 -12 10 -11 10 -11 10 -11 11 -11 11 -10 11 -10 11 -10 11 -10 10 -9 11 -9 10 -9 11 -9 11 -9 10 -8 11 -8 10 -8 10 -8 10 -8 10 -8 9 -8 9 -9 0 0 9 -8 9 -8 8 -8 8 -9 8 -9 8 -9 8 -9 8 -9 8 -9 7 -10 7 -10 7 -10 7 -10 7 -10 7 -11 7 -11 6 -11 7 -11 6 -11 6 -11 6 -12 6 -12 6 -12 5 -12 6 -12 5 -12 0 0 0 0 0 0 0 0 0 0]"
"1768831269519895,CSI_DATA,STATION,00:00:00:00:00:00,0,0,0,0,0,0,0,0,0,0,0,0,0,0,0,0,0,0,0,0,0,128,[84 -64 4 0 0 0 0 0 0 0 0 0 -6 15 -7 15 -7 15 -7 14 -9 14 -9 14 -9 13 -10 13 -10 13 -10 12 -10 13 -10 12 -11 12 -11 12 -11 12 -11 12 -10 11 -11 11 -11 11 -11 10 -11 10 -10 10 -10 10 -10 11 -9 10 -10 10 0 0 -9 10 -8 10 -8 10 -9 10 -8 10 -8 10 -8 10 -8 11 -7 11 -7 11 -7 11 -7 12 -6 12 -6 12 -6 12 -6 12 -5 13 -5 12 -5 13 -5 12 -5 13 -5 13 -5 13 -4 14 -4 13 -4 14 0 0 0 0 0 0 0 0 0 0]"
"1768831269524252,CSI_DATA,STATION,00:00:00:00:00:00,0,0,0,0,0,0,0,0,0,0,0,0,0,0,0,0,0,0,0,0,0,128,[84 -64 4 0 0 0 0 0 0 0 0 0 -4 16 -5 16 -5 16 -5 15 -6 16 -7 15 -7 15 -8 15 -8 15 -9 15 -9 14 -9 14 -9 14 -9 14 -8 13 -9 14 -9 13 -9 14 -9 13 -8 13 -8 12 -8 12 -9 12 -9 12 -8 12 -8 11 0 0 -8 11 -7 12 -6 12 -7 12 -7 12 -6 12 -6 12 -6 12 -6 12 -5 12 -6 12 -5 12 -5 12 -4 12 -5 13 -4 13 -3 13 -4 13 -3 14 -3 13 -3 14 -3 13 -2 14 -2 14 -3 14 -2 14 0 0 0 0 0 0 0 0 0 0]"
"1768831269530778,CSI_DATA,STATION,00:00:00:00:00:00,0,0,0,0,0,0,0,0,0,0,0,0,0,0,0,0,0,0,0,0,0,128,[84 -64 4 0 0 0 0 0 0 0 0 0 -16 -5 -16 -6 -17 -6 -16 -7 -16 -7 -16 -7 -15 -8 -15 -8 -15 -8 -15 -9 -14 -9 -14 -9 -14 -10 -14 -10 -14 -10 -13 -9 -13 -10 -13 -9 -13 -10 -12 -10 -12 -9 -12 -9 -12 -9 -12 -10 -12 -9 -12 -8 0 0 -11 -8 -12 -8 -12 -7 -12 -7 -12 -8 -12 -7 -12 -7 -12 -7 -12 -6 -12 -6 -13 -5 -13 -5 -13 -5 -14 -5 -13 -4 -13 -4 -14 -4 -14 -4 -13 -4 -14 -3 -14 -3 -15 -4 -15 -3 -15 -3 -14 -3 -14 -2 0 0 0 0 0 0 0 0 0 0]"
"1768831269535113,CSI_DATA,STATION,00:00:00:00:00:00,0,0,0,0,0,0,0,0,0,0,0,0,0,0,0,0,0,0,0,0,0,128,[84 -64 4 0 0 0 0 0 0 0 0 0 1 -16 2 -16 2 -16 2 -16 3 -16 4 -16 4 -16 5 -16 5 -15 5 -16 5 -15 6 -15 6 -15 6 -14 6 -14 6 -14 6 -14 6 -14 6 -14 6 -13 6 -13 6 -13 6 -13 5 -13 5 -13 5 -13 0 0 5 -13 5 -12 4 -12 4 -12 4 -13 4 -12 3 -13 3 -13 3 -12 3 -13 2 -13 2 -13 2 -13 2 -13 1 -13 1 -13 1 -13 1 -14 0 -14 0 -14 0 -14 0 -14 -1 -14 -1 -14 -1 -14 -1 -14 0 0 0 0 0 0 0 0 0 0]"
"1768831269539455,CSI_DATA,STATION,00:00:00:00:00:00,0,0,0,0,0,0,0,0,0,0,0,0,0,0,0,0,0,0,0,0,0,128,[84 -64 4 0 0 0 0 0 0 0 0 0 -13 8 -13 7 -14 7 -13 7 -14 6 -14 6 -14 6 -14 5 -14 5 -15 4 -14 4 -14 4 -14 3 -14 3 -15 2 -14 3 -14 3 -13 2 -14 2 -14 2 -13 2 -14 2 -13 2 -13 3 -13 2 -13 3 0 0 -12 3 -12 3 -12 3 -12 3 -12 3 -12 3 -12 4 -12 4 -11 4 -11 5 -11 5 -11 5 -11 5 -11 6 -11 5 -11 6 -11 6 -11 7 -10 7 -11 7 -11 7 -11 7 -11 7 -10 8 -10 8 -10 8 0 0 0 0 0 0 0 0 0 0]"
"1768831269545978,CSI_DATA,STATION,00:00:00:00:00:00,0,0,0,0,0,0,0,0,0,0,0,0,0,0,0,0,0,0,0,0,0,128,[84 -64 4 0 0 0 0 0 0 0 0 0 10 -12 11 -12 11 -12 12 -11 12 -11 13 -11 13 -10 13 -9 13 -8 14 -8 14 -9 14 -8 14 -8 14 -8 14 -7 14 -7 14 -7 13 -7 13 -6 13 -6 13 -6 13 -6 13 -6 13 -7 12 -7 12 -7 0 0 12 -7 11 -7 11 -7 11 -6 11 -7 11 -7 11 -7 10 -7 11 -8 10 -8 10 -9 10 -8 10 -9 10 -9 10 -9 10 -10 9 -10 10 -10 9 -10 9 -10 9 -11 9 -10 9 -11 8 -12 9 -12 9 -12 0 0 0 0 0 0 0 0 0 0]"
"1768831269550316,CSI_DATA,STATION,00:00:00:00:00:00,0,0,0,0,0,0,0,0,0,0,0,0,0,0,0,0,0,0,0,0,0,128,[84 -64 4 0 0 0 0 0 0 0 0 0 3 12 3 13 3 13 2 13 2 13 1 13 0 13 -1 13 0 13 0 13 -1 13 -1 13 -1 13 -1 13 -2 13 -2 12 -3 12 -2 12 -2 12 -2 12 -2 11 -2 11 -2 11 -2 11 -2 11 -2 11 0 0 -2 11 -1 11 -1 11 -1 11 -1 11 0 11 0 11 0 11 0 10 0 10 0 11 1 10 1 11 1 11 1 11 2 11 2 11 2 11 2 11 2 11 2 11 3 11 3 11 3 11 3 11 3 11 0 0 0 0 0 0 0 0 0 0]"
"1768831269556840,CSI_DATA,STATION,00:00:00:00:00:00,0,0,0,0,0,0,0,0,0,0,0,0,0,0,0,0,0,0,0,0,0,128,[84 -64 4 0 0 0 0 0 0 0 0 0 -14 -2 -13 -3 -14 -4 -14 -5 -14 -4 -14 -5 -13 -5 -13 -5 -12 -6 -13 -6 -13 -6 -12 -6 -12 -7 -12 -7 -12 -7 -12 -7 -11 -7 -11 -7 -12 -7 -11 -7 -11 -7 -11 -7 -11 -6 -11 -7 -11 -7 -11 -6 0 0 -11 -6 -11 -6 -11 -5 -10 -4 -11 -5 -11 -5 -11 -5 -11 -4 -11 -4 -11 -4 -12 -4 -12 -3 -12 -3 -12 -3 -11 -3 -12 -2 -12 -3 -12 -2 -12 -2 -12 -2 -13 -2 -13 -2 -13 -1 -13 -1 -13 -1 -13 0 0 0 0 0 0 0 0 0 0 0]"
"1768831269561190,CSI_DATA,STATION,00:00:00:00:00:00,0,0,0,0,0,0,0,0,0,0,0,0,0,0,0,0,0,0,0,0,0,128,[84 -64 4 0 0 0 0 0 0 0 0 0 4 11 4 12 3 12 3 12 3 12 2 13 2 12 1 13 1 13 1 13 1 12 0 12 0 12 1 12 0 13 0 12 -1 12 -1 11 0 12 -1 12 -1 12 0 12 -1 11 0 11 0 11 0 11 0 0 0 11 1 11 1 11 0 10 1 11 1 11 2 11 1 11 1 10 2 10 2 10 3 10 3 11 3 11 3 10 3 11 4 10 4 10 4 10 4 10 4 11 5 10 5 10 6 10 5 10 5 11 0 0 0 0 0 0 0 0 0 0]"
"1768831269565634,CSI_DATA,STATION,00:00:00:00:00:00,0,0,0,0,0,0,0,0,0,0,0,0,0,0,0,0,0,0,0,0,0,128,[84 -64 4 0 0 0 0 0 0 0 0 0 -8 -10 -8 -10 -8 -11 -8 -11 -7 -12 -7 -12 -7 -12 -6 -12 -6 -12 -6 -13 -6 -12 -5 -12 -6 -12 -5 -12 -5 -13 -5 -12 -5 -12 -5 -11 -5 -12 -5 -12 -5 -12 -5 -11 -4 -11 -5 -12 -5 -11 -4 -11 0 0 -5 -11 -5 -11 -5 -11 -5 -11 -6 -11 -6 -11 -6 -10 -6 -10 -6 -10 -6 -10 -7 -10 -7 -10 -7 -10 -7 -10 -7 -10 -8 -9 -9 -10 -8 -9 -8 -9 -9 -9 -9 -9 -9 -9 -9 -9 -10 -10 -9 -9 -10 -9 0 0 0 0 0 0 0 0 0 0]"
"1768831269576297,CSI_DATA,STATION,00:00:00:00:00:00,0,0,0,0,0,0,0,0,0,0,0,0,0,0,0,0,0,0,0,0,0,128,[84 -64 4 0 0 0 0 0 0 0 0 0 11 2 11 3 11 3 11 3 11 4 11 4 11 5 10 5 10 5 10 6 10 6 10 6 10 6 10 6 10 7 9 6 9 6 9 6 9 7 9 7 8 7 9 7 8 6 9 7 9 7 9 6 0 0 8 5 8 6 9 6 8 5 9 6 9 5 9 5 9 5 9 4 9 4 9 4 10 5 10 4 10 5 10 4 10 4 11 4 11 3 11 3 10 4 11 3 11 4 11 4 12 3 12 3 11 3 0 0 0 0 0 0 0 0 0 0]"
"1768831269582801,CSI_DATA,STATION,00:00:00:00:00:00,0,0,0,0,0,0,0,0,0,0,0,0,0,0,0,0,0,0,0,0,0,128,[84 -64 4 0 0 0 0 0 0 0 0 0 -10 -5 -10 -5 -10 -6 -10 -6 -10 -7 -10 -7 -9 -7 -9 -8 -9 -8 -9 -9 -8 -8 -8 -8 -8 -8 -8 -9 -8 -9 -8 -8 -7 -8 -7 -8 -7 -9 -7 -9 -7 -9 -7 -9 -7 -8 -8 -9 -7 -9 -7 -8 0 0 -7 -8 -7 -8 -7 -8 -7 -8 -8 -8 -8 -8 -8 -7 -8 -7 -7 -7 -8 -7 -8 -7 -9 -7 -8 -7 -9 -7 -9 -7 -9 -6 -10 -7 -9 -7 -9 -6 -10 -7 -10 -6 -10 -6 -10 -7 -11 -6 -10 -6 -10 -6 0 0 0 0 0 0 0 0 0 0]"
"1768831269587178,CSI_DATA,STATION,00:00:00:00:00:00,0,0,0,0,0,0,0,0,0,0,0,0,0,0,0,0,0,0,0,0,0,128,[84 -64 4 0 0 0 0 0 0 0 0 0 -12 0 -12 0 -13 -1 -13 -1 -13 -2 -13 -2 -13 -2 -12 -2 -13 -3 -13 -4 -13 -3 -12 -4 -13 -4 -12 -5 -13 -4 -11 -4 -12 -4 -11 -4 -12 -5 -12 -5 -11 -5 -12 -4 -11 -4 -11 -5 -11 -5 -11 -4 0 0 -11 -4 -11 -3 -11 -3 -11 -3 -12 -3 -11 -3 -11 -3 -12 -2 -11 -2 -11 -2 -12 -2 -12 -3 -12 -2 -12 -2 -12 -2 -12 -1 -13 -1 -13 -1 -13 -1 -13 -1 -13 -1 -14 -1 -14 -1 -14 -1 -14 -1 -14 0 0 0 0 0 0 0 0 0 0 0]"
"1768831269593675,CSI_DATA,STATION,00:00:00:00:00:00,0,0,0,0,0,0,0,0,0,0,0,0,0,0,0,0,0,0,0,0,0,128,[84 -64 4 0 0 0 0 0 0 0 0 0 -8 7 -9 6 -10 6 -10 6 -10 6 -11 6 -10 5 -10 5 -11 5 -11 5 -11 5 -11 5 -11 4 -11 4 -11 4 -10 4 -10 4 -10 4 -11 3 -11 3 -10 3 -10 3 -10 4 -10 3 -10 4 -10 4 0 0 -9 4 -9 4 -9 4 -9 4 -9 5 -9 5 -9 5 -9 5 -9 5 -9 6 -9 6 -9 6 -9 6 -8 7 -9 7 -8 7 -8 7 -9 8 -8 8 -9 8 -8 8 -8 8 -9 8 -8 9 -8 9 -8 9 0 0 0 0 0 0 0 0 0 0]"
"1768831269600176,CSI_DATA,STATION,00:00:00:00:00:00,0,0,0,0,0,0,0,0,0,0,0,0,0,0,0,0,0,0,0,0,0,128,[84 -64 4 0 0 0 0 0 0 0 0 0 1 -11 2 -12 2 -11 2 -12 3 -12 4 -12 3 -12 4 -11 5 -12 4 -11 5 -11 5 -11 5 -11 5 -11 6 -11 5 -10 5 -10 5 -10 5 -10 5 -10 5 -10 5 -10 5 -9 5 -9 5 -10 5 -10 0 0 5 -10 4 -8 4 -9 4 -9 3 -10 3 -9 3 -10 3 -10 3 -10 3 -10 3 -10 3 -10 2 -10 3 -11 2 -11 2 -11 2 -11 2 -12 2 -11 2 -12 2 -12 2 -12 2 -12 1 -12 2 -12 1 -13 0 0 0 0 0 0 0 0 0 0]"
"1768831269604528,CSI_DATA,STATION,00:00:00:00:00:00,0,0,0,0,0,0,0,0,0,0,0,0,0,0,0,0,0,0,0,0,0,128,[84 -64 4 0 0 0 0 0 0 0 0 0 -13 -2 -13 -2 -13 -3 -13 -3 -13 -4 -12 -4 -12 -4 -13 -5 -12 -5 -13 -6 -12 -5 -12 -5 -12 -6 -12 -6 -11 -6 -12 -5 -11 -6 -11 -6 -11 -6 -11 -6 -11 -6 -11 -6 -10 -6 -11 -6 -10 -5 -11 -4 0 0 -10 -4 -10 -4 -10 -4 -10 -4 -10 -5 -11 -4 -11 -4 -11 -4 -10 -3 -11 -3 -11 -3 -12 -3 -11 -3 -12 -3 -11 -2 -12 -2 -12 -2 -12 -2 -12 -2 -12 -1 -12 -1 -13 -2 -13 -2 -13 -1 -13 -1 -13 -1 0 0 0 0 0 0 0 0 0 0]"
"1768831269608887,CSI_DATA,STATION,00:00:00:00:00:00,0,0,0,0,0,0,0,0,0,0,0,0,0,0,0,0,0,0,0,0,0,128,[84 -64 4 0 0 0 0 0 0 0 0 0 -20 -7 -20 -8 -21 -9 -20 -10 -20 -10 -19 -11 -18 -11 -17 -12 -17 -12 -18 -13 -17 -12 -16 -13 -17 -14 -16 -13 -16 -13 -16 -13 -15 -12 -15 -13 -15 -14 -15 -13 -14 -13 -14 -13 -14 -12 -14 -13 -14 -13 -14 -11 0 0 -13 -11 -14 -11 -14 -10 -14 -10 -15 -10 -15 -10 -15 -10 -15 -9 -15 -9 -15 -8 -16 -8 -16 -8 -16 -8 -16 -8 -16 -7 -16 -6 -17 -7 -17 -6 -17 -6 -17 -6 -18 -6 -18 -6 -19 -6 -19 -5 -18 -5 -18 -4 0 0 0 0 0 0 0 0 0 0]"
"1768831269615354,CSI_DATA,STATION,00:00:00:00:00:00,0,0,0,0,0,0,0,0,0,0,0,0,0,0,0,0,0,0,0,0,0,128,[84 -64 4 0 0 0 0 0 0 0 0 0 11 -12 12 -12 12 -10 13 -11 13 -10 14 -10 13 -10 14 -9 14 -8 13 -8 14 -9 13 -8 13 -7 14 -7 15 -7 13 -6 14 -7 13 -6 14 -6 14 -5 13 -5 13 -6 12 -5 12 -6 13 -6 12 -7 0 0 12 -6 11 -5 12 -6 11 -6 12 -6 12 -7 11 -6 11 -7 10 -7 10 -7 10 -8 10 -8 10 -8 11 -9 10 -8 11 -10 10 -9 10 -10 10 -10 10 -9 9 -10 10 -10 9 -10 9 -11 9 -11 10 -11 0 0 0 0 0 0 0 0 0 0]"
"1768831269619736,CSI_DATA,STATION,00:00:00:00:00:00,0,0,0,0,0,0,0,0,0,0,0,0,0,0,0,0,0,0,0,0,0,128,[84 -64 4 0 0 0 0 0 0 0 0 0 12 -11 12 -11 13 -10 13 -10 14 -9 14 -9 14 -8 14 -8 15 -7 15 -7 14 -7 14 -7 14 -6 14 -6 15 -5 14 -5 14 -5 13 -5 14 -4 14 -4 13 -4 13 -4 13 -4 13 -4 13 -5 13 -5 0 0 12 -5 12 -5 12 -5 12 -6 11 -5 12 -6 11 -6 11 -6 11 -7 11 -7 10 -7 11 -7 11 -7 11 -7 11 -8 11 -8 11 -9 10 -9 11 -9 10 -9 11 -9 11 -9 11 -9 10 -10 11 -10 10 -11 0 0 0 0 0 0 0 0 0 0]"
"1768831269626242,CSI_DATA,STATION,00:00:00:00:00:00,0,0,0,0,0,0,0,0,0,0,0,0,0,0,0,0,0,0,0,0,0,128,[84 -64 4 0 0 0 0 0 0 0 0 0 1 17 0 18 0 18 -1 18 -2 18 -2 18 -3 18 -3 17 -3 17 -3 18 -4 17 -5 16 -4 17 -4 16 -5 17 -5 16 -5 16 -5 14 -5 16 -5 16 -4 15 -4 15 -5 14 -4 15 -4 15 -4 14 0 0 -3 14 -3 14 -3 14 -3 14 -2 14 -1 14 -2 14 -1 14 -1 13 -1 13 0 14 0 14 1 14 1 14 1 14 1 15 2 15 2 14 2 15 3 14 3 15 4 15 3 16 5 16 3 15 4 16 0 0 0 0 0 0 0 0 0 0]"
"1768831269630554,CSI_DATA,STATION,00:00:00:00:00:00,0,0,0,0,0,0,0,0,0,0,0,0,0,0,0,0,0,0,0,0,0,128,[84 -64 4 0 0 0 0 0 0 0 0 0 15 -2 16 -2 16 -1 17 0 16 1 16 0 16 1 15 2 15 2 15 3 16 2 15 2 15 3 15 3 15 4 14 4 14 4 13 4 13 4 13 5 13 4 13 5 13 3 13 4 13 4 13 3 0 0 12 3 12 3 12 3 12 2 12 3 13 2 13 3 12 2 12 1 12 1 12 0 13 1 13 0 13 0 13 0 14 -1 13 -1 14 -1 14 -1 13 -2 14 -1 14 -1 15 -2 15 -2 15 -2 15 -3 0 0 0 0 0 0 0 0 0 0]"
"1768831269634882,CSI_DATA,STATION,00:00:00:00:00:00,0,0,0,0,0,0,0,0,0,0,0,0,0,0,0,0,0,0,0,0,0,128,[84 -64 4 0 0 0 0 0 0 0 0 0 14 4 14 5 15 6 14 7 14 7 13 7 13 8 12 8 12 8 12 9 12 8 11 8 12 9 11 9 10 9 10 9 10 8 10 8 10 9 10 9 9 9 10 8 9 8 10 8 10 8 9 7 0 0 9 7 9 6 10 6 9 6 10 6 10 6 10 6 10 5 10 5 10 4 11 4 11 4 12 5 12 4 12 4 12 3 13 3 12 3 13 3 12 3 13 3 14 3 14 3 15 2 14 2 15 2 0 0 0 0 0 0 0 0 0 0]"
"1768831269641357,CSI_DATA,STATION,00:00:00:00:00:00,0,0,0,0,0,0,0,0,0,0,0,0,0,0,0,0,0,0,0,0,0,128,[84 -64 4 0 0 0 0 0 0 0 0 0 -2 -14 -1 -14 -1 -15 -1 -14 0 -14 0 -14 1 -13 1 -14 2 -13 2 -13 2 -13 2 -12 2 -12 2 -12 2 -11 3 -11 3 -11 2 -12 2 -11 3 -10 2 -10 2 -10 2 -10 2 -10 1 -10 2 -10 0 0 1 -9 0 -9 0 -9 0 -9 0 -9 -1 -9 -1 -9 -1 -10 -1 -9 -1 -9 -2 -10 -3 -10 -3 -10 -3 -10 -2 -11 -3 -11 -4 -11 -3 -11 -4 -11 -4 -12 -4 -12 -4 -12 -5 -13 -5 -13 -5 -13 -5 -13 0 0 0 0 0 0 0 0 0 0]"
"1768831269645673,CSI_DATA,STATION,00:00:00:00:00:00,0,0,0,0,0,0,0,0,0,0,0,0,0,0,0,0,0,0,0,0,0,128,[84 -64 4 0 0 0 0 0 0 0 0 0 -4 12 -5 12 -5 11 -6 12 -6 11 -7 11 -7 10 -7 10 -7 9 -6 8 -7 9 -7 8 -6 8 -7 7 -6 7 -6 7 -6 7 -6 6 -6 6 -6 6 -5 5 -4 5 -5 5 -4 6 -3 5 -4 5 0 0 -3 5 -2 4 -2 5 -2 5 -1 5 -1 5 0 5 0 5 0 5 1 5 1 6 2 6 2 6 3 6 2 6 3 7 4 7 4 7 4 8 4 7 5 8 5 8 6 8 6 9 6 9 6 10 0 0 0 0 0 0 0 0 0 0]"
"1768831269652136,CSI_DATA,STATION,00:00:00:00:00:00,0,0,0,0,0,0,0,0,0,0,0,0,0,0,0,0,0,0,0,0,0,128,[84 -64 4 0 0 0 0 0 0 0 0 0 12 8 12 9 12 9 11 9 11 9 11 9 10 9 9 9 9 10 9 9 9 9 8 8 8 8 8 8 7 8 7 7 6 7 6 6 5 6 5 6 5 6 5 5 5 5 4 4 4 4 5 3 0 0 4 3 4 2 3 2 3 1 3 0 2 0 2 0 2 -1 2 -1 2 -2 1 -2 1 -3 1 -3 1 -4 1 -5 0 -5 0 -6 0 -6 -1 -7 -1 -7 -1 -8 -2 -8 -2 -9 -3 -9 -2 -10 -3 -10 0 0 0 0 0 0 0 0 0 0]"
"1768831269656434,CSI_DATA,STATION,00:00:00:00:00:00,0,0,0,0,0,0,0,0,0,0,0,0,0,0,0,0,0,0,0,0,0,128,[84 -64 4 0 0 0 0 0 0 0 0 0 16 -14 16 -13 17 -13 17 -13 17 -12 17 -11 16 -11 16 -11 16 -10 16 -10 15 -10 14 -10 15 -10 14 -10 14 -9 13 -8 13 -8 12 -8 12 -8 12 -8 11 -7 10 -8 9 -7 9 -7 8 -7 7 -7 0 0 7 -6 6 -7 6 -6 5 -5 4 -6 4 -5 3 -5 2 -5 1 -4 1 -3 0 -3 0 -3 -1 -3 -1 -2 -3 -2 -3 -1 -3 -2 -3 -1 -4 0 -4 0 -5 1 -5 1 -6 2 -6 2 -6 3 -7 4 0 0 0 0 0 0 0 0 0 0]"
"1768831269660809,CSI_DATA,STATION,00:00:00:00:00:00,0,0,0,0,0,0,0,0,0,0,0,0,0,0,0,0,0,0,0,0,0,128,[84 -64 4 0 0 0 0 0 0 0 0 0 -25 5 -25 4 -26 5 -26 5 -26 3 -25 3 -25 2 -25 1 -24 1 -25 1 -24 1 -24 0 -24 1 -23 0 -23 0 -22 0 -21 0 -21 0 -21 1 -20 0 -19 0 -19 0 -18 0 -18 1 -18 1 -16 1 0 0 -15 2 -15 2 -14 2 -14 2 -13 3 -13 2 -12 3 -11 2 -10 2 -9 2 -9 3 -9 3 -8 3 -7 4 -6 4 -6 4 -5 4 -5 3 -3 4 -3 3 -2 4 -1 4 -1 4 0 4 0 4 1 4 0 0 0 0 0 0 0 0 0 0]"
"1768831269667512,CSI_DATA,STATION,00:00:00:00:00:00,0,0,0,0,0,0,0,0,0,0,0,0,0,0,0,0,0,0,0,0,0,128,[84 -64 4 0 0 0 0 0 0 0 0 0 -3 20 -3 20 -4 20 -5 20 -5 20 -5 20 -6 20 -6 19 -7 19 -8 19 -7 19 -7 18 -8 19 -8 18 -8 18 -7 17 -7 17 -8 17 -8 17 -8 17 -8 16 -7 16 -7 14 -7 15 -6 15 -6 14 0 0 -5 14 -5 14 -5 14 -4 13 -4 13 -4 13 -3 12 -3 12 -2 11 -2 11 -2 11 -2 11 -1 11 0 10 0 9 1 9 1 9 1 9 2 8 2 7 3 8 2 7 3 7 3 6 4 6 4 5 0 0 0 0 0 0 0 0 0 0]"
"1768831269671849,CSI_DATA,STATION,00:00:00:00:00:00,0,0,0,0,0,0,0,0,0,0,0,0,0,0,0,0,0,0,0,0,0,128,[84 -64 4 0 0 0 0 0 0 0 0 0 7 -17 8 -17 8 -17 10 -18 10 -17 10 -17 10 -16 11 -15 11 -15 12 -16 12 -15 12 -14 12 -15 12 -14 13 -15 12 -13 12 -13 11 -12 12 -13 12 -13 12 -13 11 -13 11 -11 11 -13 11 -12 10 -12 0 0 10 -12 10 -12 10 -12 9 -11 8 -12 8 -12 8 -12 7 -12 7 -11 6 -10 6 -11 5 -11 5 -11 5 -11 4 -10 4 -11 3 -11 3 -11 2 -10 2 -11 1 -11 1 -11 1 -10 0 -10 0 -10 -1 -10 0 0 0 0 0 0 0 0 0 0]"
"1768831269676184,CSI_DATA,STATION,00:00:00:00:00:00,0,0,0,0,0,0,0,0,0,0,0,0,0,0,0,0,0,0,0,0,0,128,[84 -64 4 0 0 0 0 0 0 0 0 0 -3 -16 -2 -17 -2 -17 -1 -18 -1 -17 -1 -17 0 -17 1 -17 1 -17 1 -18 2 -17 2 -17 2 -17 2 -17 3 -17 2 -16 3 -16 2 -15 2 -16 2 -16 2 -15 2 -15 2 -14 2 -15 2 -15 2 -14 0 0 1 -14 1 -14 1 -14 1 -13 0 -13 1 -13 0 -13 0 -13 -1 -12 -1 -12 -1 -12 -1 -11 -1 -11 -2 -11 -2 -11 -3 -11 -3 -11 -3 -10 -3 -10 -4 -10 -4 -9 -5 -9 -5 -9 -5 -9 -5 -8 -5 -8 0 0 0 0 0 0 0 0 0 0]"
"1768831269682831,CSI_DATA,STATION,00:00:00:00:00:00,0,0,0,0,0,0,0,0,0,0,0,0,0,0,0,0,0,0,0,0,0,128,[84 -64 4 0 0 0 0 0 0 0 0 0 -16 3 -18 2 -17 2 -18 2 -17 1 -17 0 -17 0 -17 -1 -17 -1 -17 -2 -17 -1 -17 -2 -17 -2 -17 -2 -17 -3 -16 -3 -16 -3 -16 -3 -16 -3 -15 -3 -15 -3 -15 -3 -14 -3 -15 -3 -14 -2 -15 -2 0 0 -14 -2 -13 -1 -14 -1 -13 -1 -13 -1 -13 -1 -12 -1 -12 -1 -13 0 -12 0 -12 1 -11 1 -11 1 -11 1 -11 1 -11 2 -10 2 -10 2 -10 3 -10 3 -10 4 -9 4 -9 4 -9 4 -8 5 -8 5 0 0 0 0 0 0 0 0 0 0]"
"1768831269687251,CSI_DATA,STATION,00:00:00:00:00:00,0,0,0,0,0,0,0,0,0,0,0,0,0,0,0,0,0,0,0,0,0,128,[84 -64 4 0 0 0 0 0 0 0 0 0 2 14 2 15 2 16 1 16 1 16 0 15 0 15 -1 15 -1 15 -1 16 -1 15 -1 15 -1 16 -2 15 -3 15 -2 14 -2 14 -3 14 -2 15 -3 14 -2 14 -2 14 -2 12 -2 14 -2 13 -2 12 0 0 -1 12 -1 12 -1 12 -1 11 0 12 -1 11 0 11 0 11 0 10 1 10 1 10 2 10 2 10 2 9 2 9 2 9 3 9 3 8 3 8 3 7 4 7 4 7 5 7 5 7 5 6 5 6 0 0 0 0 0 0 0 0 0 0]"
"1768831269691723,CSI_DATA,STATION,00:00:00:00:00:00,0,0,0,0,0,0,0,0,0,0,0,0,0,0,0,0,0,0,0,0,0,128,[84 -64 4 0 0 0 0 0 0 0 0 0 10 -14 11 -14 11 -14 11 -13 12 -14 12 -13 13 -12 13 -12 14 -12 14 -11 14 -10 14 -10 14 -11 13 -10 14 -9 14 -9 13 -8 13 -9 13 -9 13 -8 13 -8 13 -8 13 -7 12 -8 12 -8 12 -8 0 0 11 -8 10 -8 10 -8 10 -8 10 -8 9 -8 9 -9 9 -8 9 -8 8 -8 8 -8 7 -8 7 -8 7 -9 6 -10 6 -9 6 -9 5 -9 5 -9 4 -9 4 -10 3 -10 3 -10 2 -10 2 -10 2 -10 0 0 0 0 0 0 0 0 0 0]"
"1768831269698447,CSI_DATA,STATION,00:00:00:00:00:00,0,0,0,0,0,0,0,0,0,0,0,0,0,0,0,0,0,0,0,0,0,128,[84 -64 4 0 0 0 0 0 0 0 0 0 14 -9 15 -9 15 -8 15 -8 16 -8 16 -7 16 -6 16 -6 16 -6 17 -6 17 -5 17 -4 17 -4 16 -4 16 -4 17 -3 15 -3 16 -2 15 -3 15 -3 15 -2 15 -3 15 -2 14 -2 14 -2 13 -2 0 0 13 -3 13 -3 12 -3 13 -3 12 -4 11 -4 11 -4 11 -4 11 -4 11 -4 11 -4 9 -5 10 -5 9 -5 9 -6 9 -6 9 -6 8 -6 8 -7 8 -7 7 -7 7 -8 6 -8 6 -8 6 -9 5 -8 0 0 0 0 0 0 0 0 0 0]"
"1768831269702937,CSI_DATA,STATION,00:00:00:00:00:00,0,0,0,0,0,0,0,0,0,0,0,0,0,0,0,0,0,0,0,0,0,128,[84 -64 4 0 0 0 0 0 0 0 0 0 -15 1 -15 1 -15 0 -15 0 -15 -1 -15 -1 -15 -1 -15 -2 -15 -3 -15 -3 -15 -3 -15 -3 -15 -3 -14 -3 -14 -4 -14 -3 -13 -3 -13 -3 -13 -4 -13 -4 -13 -4 -12 -4 -12 -4 -12 -3 -12 -3 -12 -3 0 0 -11 -3 -11 -3 -11 -2 -11 -2 -11 -1 -11 -2 -11 -1 -10 -1 -10 0 -10 0 -10 1 -9 0 -9 1 -9 1 -9 1 -9 2 -9 2 -9 2 -9 3 -8 3 -8 3 -8 3 -8 4 -8 4 -7 4 -7 5 0 0 0 0 0 0 0 0 0 0]"
"1768831269707404,CSI_DATA,STATION,00:00:00:00:00:00,0,0,0,0,0,0,0,0,0,0,0,0,0,0,0,0,0,0,0,0,0,128,[84 -64 4 0 0 0 0 0 0 0 0 0 -19 -2 -19 -2 -19 -3 -20 -4 -18 -5 -19 -4 -19 -5 -18 -6 -18 -6 -18 -6 -18 -6 -17 -6 -17 -6 -16 -7 -16 -8 -16 -7 -16 -7 -15 -7 -15 -7 -15 -7 -14 -7 -14 -7 -14 -6 -14 -6 -14 -6 -13 -5 0 0 -13 -5 -13 -5 -13 -4 -13 -4 -13 -4 -12 -4 -12 -3 -12 -3 -12 -2 -12 -1 -12 -1 -11 -1 -11 0 -11 0 -11 0 -11 1 -11 1 -11 2 -11 2 -10 2 -10 3 -10 3 -10 4 -10 4 -9 5 -9 5 0 0 0 0 0 0 0 0 0 0]"
"1768831269714061,CSI_DATA,STATION,00:00:00:00:00:00,0,0,0,0,0,0,0,0,0,0,0,0,0,0,0,0,0,0,0,0,0,128,[84 -64 4 0 0 0 0 0 0 0 0 0 6 13 5 15 5 14 4 16 3 15 3 15 2 15 2 15 1 16 2 15 1 14 1 14 0 15 0 14 -1 15 0 14 -1 13 0 13 0 13 -1 13 -1 12 0 13 -1 12 -1 12 0 12 0 11 0 0 0 10 1 11 1 11 0 10 2 10 1 10 2 9 2 9 2 8 2 8 3 8 2 8 3 8 3 8 3 7 3 8 5 7 5 7 5 6 5 5 5 6 5 6 6 5 7 5 7 4 7 5 0 0 0 0 0 0 0 0 0 0]"
"1768831269718486,CSI_DATA,STATION,00:00:00:00:00:00,0,0,0,0,0,0,0,0,0,0,0,0,0,0,0,0,0,0,0,0,0,128,[84 -64 4 0 0 0 0 0 0 0 0 0 13 6 13 7 13 7 13 8 13 9 12 8 12 9 11 8 11 9 11 10 10 9 10 9 9 10 9 9 9 9 8 9 9 9 8 9 8 10 8 9 8 8 7 8 8 8 7 8 8 8 7 7 0 0 7 6 7 6 7 6 7 5 7 6 8 5 7 5 8 4 7 4 7 3 7 3 8 3 8 3 8 2 8 2 8 1 8 1 7 0 8 0 7 0 8 0 8 0 8 -1 8 -1 7 -2 8 -3 0 0 0 0 0 0 0 0 0 0]"
"1768831269722988,CSI_DATA,STATION,00:00:00:00:00:00,0,0,0,0,0,0,0,0,0,0,0,0,0,0,0,0,0,0,0,0,0,128,[84 -64 4 0 0 0 0 0 0 0 0 0 14 -7 13 -7 13 -6 13 -5 13 -5 14 -5 14 -3 14 -3 14 -2 13 -2 13 -3 13 -2 13 -2 13 -2 13 -1 13 -2 12 -2 11 -2 11 -1 12 -1 11 -1 11 -1 10 -1 10 -1 10 -2 10 -2 0 0 10 -2 8 -2 8 -3 8 -3 8 -3 8 -3 7 -3 7 -3 8 -4 7 -4 7 -4 6 -4 6 -4 6 -5 6 -5 6 -5 6 -6 5 -6 5 -6 5 -6 5 -6 4 -7 5 -7 4 -7 4 -8 3 -8 0 0 0 0 0 0 0 0 0 0]"
"1768831269729657,CSI_DATA,STATION,00:00:00:00:00:00,0,0,0,0,0,0,0,0,0,0,0,0,0,0,0,0,0,0,0,0,0,128,[84 -64 4 0 0 0 0 0 0 0 0 0 16 -4 16 -4 16 -3 15 -2 15 -2 15 -1 15 -1 16 0 15 0 15 1 14 0 14 1 14 1 14 1 14 1 13 1 13 1 12 1 12 1 12 2 12 1 11 1 11 1 11 1 10 1 10 0 0 0 10 0 9 0 9 0 9 -1 9 -1 8 -1 9 -1 8 -2 8 -2 8 -2 8 -3 7 -3 7 -4 7 -4 7 -4 8 -4 7 -5 6 -5 7 -5 7 -6 6 -5 6 -6 6 -6 5 -7 5 -7 5 -8 0 0 0 0 0 0 0 0 0 0]"
"1768831269738517,CSI_DATA,STATION,00:00:00:00:00:00,0,0,0,0,0,0,0,0,0,0,0,0,0,0,0,0,0,0,0,0,0,128,[84 -64 4 0 0 0 0 0 0 0 0 0 12 -5 12 -5 13 -4 12 -4 13 -3 12 -3 12 -3 12 -2 13 -2 13 -1 12 -1 12 -1 11 -1 11 0 11 0 11 -1 10 -1 10 -1 10 0 10 0 10 0 10 -1 10 -1 9 -1 9 -1 9 -1 0 0 8 -2 8 -2 8 -2 8 -2 7 -2 8 -3 7 -2 7 -3 7 -3 7 -4 7 -4 7 -4 7 -4 6 -4 7 -5 6 -5 6 -6 6 -6 6 -6 6 -6 6 -7 6 -6 6 -7 5 -7 6 -8 5 -8 0 0 0 0 0 0 0 0 0 0]"
"1768831269745208,CSI_DATA,STATION,00:00:00:00:00:00,0,0,0,0,0,0,0,0,0,0,0,0,0,0,0,0,0,0,0,0,0,128,[84 -64 4 0 0 0 0 0 0 0 0 0 8 -11 9 -11 9 -10 9 -10 9 -10 10 -10 10 -9 9 -8 11 -8 10 -8 10 -8 10 -7 9 -7 10 -7 10 -7 9 -7 10 -6 9 -6 9 -6 9 -6 8 -5 8 -6 8 -5 8 -5 8 -5 8 -5 0 0 7 -6 7 -5 7 -6 7 -6 6 -6 6 -6 5 -7 6 -7 5 -7 5 -7 5 -7 5 -7 5 -7 5 -8 4 -8 4 -8 4 -9 4 -9 4 -9 4 -9 4 -9 3 -9 3 -9 3 -10 3 -10 3 -10 0 0 0 0 0 0 0 0 0 0]"
"1768831269751963,CSI_DATA,STATION,00:00:00:00:00:00,0,0,0,0,0,0,0,0,0,0,0,0,0,0,0,0,0,0,0,0,0,128,[84 -64 4 0 0 0 0 0 0 0 0 0 -11 -7 -11 -7 -11 -8 -11 -8 -11 -8 -10 -8 -10 -8 -9 -9 -9 -9 -9 -10 -9 -9 -8 -9 -9 -9 -8 -9 -8 -9 -8 -9 -7 -8 -7 -8 -7 -9 -7 -9 -7 -8 -7 -8 -7 -7 -7 -8 -7 -8 -7 -7 0 0 -7 -7 -7 -7 -7 -6 -7 -6 -8 -6 -7 -6 -8 -6 -8 -6 -8 -5 -8 -5 -8 -5 -9 -5 -8 -5 -9 -4 -9 -5 -9 -4 -10 -4 -9 -4 -10 -3 -10 -3 -10 -3 -11 -3 -11 -3 -11 -3 -11 -3 -11 -3 0 0 0 0 0 0 0 0 0 0]"
"1768831269756439,CSI_DATA,STATION,00:00:00:00:00:00,0,0,0,0,0,0,0,0,0,0,0,0,0,0,0,0,0,0,0,0,0,128,[84 -64 4 0 0 0 0 0 0 0 0 0 11 -7 11 -6 12 -5 12 -5 12 -5 12 -5 12 -4 12 -3 12 -3 12 -2 12 -3 11 -2 11 -2 12 -2 12 -2 10 -1 11 -1 11 -2 11 -1 11 -1 10 -1 10 -1 9 -2 10 -1 10 -1 10 -2 0 0 9 -2 10 -2 9 -2 9 -3 9 -2 9 -3 9 -3 9 -3 8 -4 8 -4 8 -4 9 -4 9 -4 9 -4 8 -5 8 -6 9 -5 9 -6 9 -6 8 -7 9 -7 9 -6 9 -7 9 -7 9 -7 9 -8 0 0 0 0 0 0 0 0 0 0]"
"1768831269763015,CSI_DATA,STATION,00:00:00:00:00:00,0,0,0,0,0,0,0,0,0,0,0,0,0,0,0,0,0,0,0,0,0,128,[84 -64 4 0 0 0 0 0 0 0 0 0 6 -11 7 -11 7 -10 7 -10 8 -9 8 -10 8 -9 8 -9 9 -8 9 -8 9 -8 9 -7 8 -7 8 -7 9 -7 8 -7 9 -7 8 -7 8 -6 8 -6 8 -6 8 -6 8 -6 8 -6 7 -6 7 -6 0 0 7 -7 6 -6 7 -6 6 -6 6 -7 6 -7 6 -7 6 -7 6 -7 6 -8 5 -8 5 -8 5 -8 5 -8 5 -8 5 -9 5 -9 5 -9 5 -9 5 -9 5 -10 5 -10 4 -10 4 -11 4 -11 5 -11 0 0 0 0 0 0 0 0 0 0]"
"1768831269769657,CSI_DATA,STATION,00:00:00:00:00:00,0,0,0,0,0,0,0,0,0,0,0,0,0,0,0,0,0,0,0,0,0,128,[84 -64 4 0 0 0 0 0 0 0 0 0 9 -9 10 -9 10 -8 10 -8 11 -7 11 -8 11 -7 11 -7 11 -6 11 -6 11 -6 11 -6 11 -5 11 -5 12 -5 10 -5 11 -4 10 -4 10 -4 10 -4 10 -4 10 -4 10 -4 9 -5 9 -5 9 -5 0 0 9 -5 9 -4 9 -5 8 -5 9 -6 9 -5 8 -6 8 -6 8 -6 7 -6 8 -7 8 -7 8 -7 8 -7 8 -7 8 -8 8 -8 8 -9 8 -8 7 -9 8 -9 8 -9 8 -9 7 -10 8 -10 8 -10 0 0 0 0 0 0 0 0 0 0]"
"1768831269774018,CSI_DATA,STATION,00:00:00:00:00:00,0,0,0,0,0,0,0,0,0,0,0,0,0,0,0,0,0,0,0,0,0,128,[84 -64 4 0 0 0 0 0 0 0 0 0 -10 -8 -10 -8 -10 -9 -10 -9 -9 -9 -9 -10 -8 -9 -8 -10 -8 -10 -8 -10 -7 -10 -7 -10 -7 -10 -7 -10 -7 -10 -6 -10 -6 -10 -6 -9 -6 -9 -6 -10 -6 -9 -6 -10 -6 -8 -6 -9 -6 -9 -6 -9 0 0 -6 -8 -7 -8 -7 -8 -6 -7 -7 -8 -7 -7 -7 -8 -7 -8 -7 -7 -7 -7 -8 -7 -8 -7 -8 -7 -9 -7 -8 -6 -9 -6 -9 -7 -9 -6 -9 -6 -10 -6 -10 -6 -11 -6 -10 -6 -11 -6 -10 -6 -11 -6 0 0 0 0 0 0 0 0 0 0]"
"1768831269778372,CSI_DATA,STATION,00:00:00:00:00:00,0,0,0,0,0,0,0,0,0,0,0,0,0,0,0,0,0,0,0,0,0,128,[84 -64 4 0 0 0 0 0 0 0 0 0 7 -11 8 -11 8 -10 9 -10 9 -9 9 -10 10 -9 10 -8 10 -8 10 -7 10 -8 10 -7 10 -7 10 -7 10 -7 9 -7 10 -6 9 -7 9 -6 10 -6 9 -6 9 -6 8 -5 8 -6 9 -6 8 -6 0 0 8 -6 8 -6 7 -6 7 -7 7 -7 8 -7 8 -7 7 -7 7 -7 6 -8 6 -8 6 -8 7 -8 7 -8 6 -9 6 -9 6 -9 6 -10 6 -9 6 -10 6 -10 6 -9 6 -10 6 -11 6 -11 6 -11 0 0 0 0 0 0 0 0 0 0]"
"1768831269784911,CSI_DATA,STATION,00:00:00:00:00:00,0,0,0,0,0,0,0,0,0,0,0,0,0,0,0,0,0,0,0,0,0,128,[84 -64 4 0 0 0 0 0 0 0 0 0 10 -10 10 -9 12 -9 11 -8 12 -8 11 -8 12 -7 12 -7 12 -6 13 -6 12 -6 12 -6 12 -5 12 -5 12 -5 12 -5 11 -4 11 -4 11 -4 11 -4 10 -4 10 -4 11 -4 10 -4 10 -4 10 -5 0 0 10 -5 9 -5 9 -5 10 -5 8 -5 9 -5 9 -5 9 -6 8 -7 9 -7 8 -7 8 -7 8 -7 8 -7 8 -8 8 -8 8 -9 8 -9 8 -9 8 -9 8 -9 8 -9 8 -9 8 -10 8 -10 8 -10 0 0 0 0 0 0 0 0 0 0]"
"1768831269789246,CSI_DATA,STATION,00:00:00:00:00:00,0,0,0,0,0,0,0,0,0,0,0,0,0,0,0,0,0,0,0,0,0,128,[84 -64 4 0 0 0 0 0 0 0 0 0 6 -14 6 -14 7 -14 7 -14 7 -13 8 -13 8 -13 9 -12 9 -12 9 -11 9 -11 9 -11 9 -11 9 -10 9 -10 9 -10 9 -10 8 -10 8 -10 8 -10 8 -9 8 -9 8 -9 7 -10 7 -9 7 -9 0 0 7 -10 6 -9 6 -10 6 -10 6 -10 5 -10 5 -10 5 -10 4 -10 4 -11 4 -11 4 -11 4 -11 3 -11 3 -12 3 -12 2 -12 3 -12 2 -12 2 -13 2 -13 2 -13 2 -13 1 -13 2 -13 1 -14 0 0 0 0 0 0 0 0 0 0]"
"1768831269795778,CSI_DATA,STATION,00:00:00:00:00:00,0,0,0,0,0,0,0,0,0,0,0,0,0,0,0,0,0,0,0,0,0,128,[84 -64 4 0 0 0 0 0 0 0 0 0 -13 3 -13 2 -14 1 -14 1 -14 0 -14 0 -13 -1 -13 -1 -13 -1 -14 -1 -13 -1 -13 -1 -13 -2 -13 -2 -13 -2 -12 -2 -12 -2 -12 -3 -12 -3 -11 -3 -12 -3 -11 -3 -11 -2 -11 -2 -11 -2 -11 -1 0 0 -10 -1 -11 -1 -11 -1 -10 0 -11 -1 -10 0 -11 0 -11 0 -10 0 -10 1 -10 1 -11 1 -11 2 -11 2 -11 2 -11 2 -11 2 -11 3 -11 3 -11 3 -11 3 -12 3 -11 3 -11 4 -11 4 -11 4 0 0 0 0 0 0 0 0 0 0]"
"1768831269800141,CSI_DATA,STATION,00:00:00:00:00:00,0,0,0,0,0,0,0,0,0,0,0,0,0,0,0,0,0,0,0,0,0,128,[84 -64 4 0 0 0 0 0 0 0 0 0 14 -3 14 -3 14 -2 15 -1 14 -1 14 -1 14 -1 14 0 13 0 13 1 14 1 13 1 13 2 12 1 13 2 12 1 12 1 11 2 12 2 12 2 12 2 11 1 11 1 11 1 11 1 11 0 0 0 10 0 11 0 11 0 10 -1 10 0 10 -1 10 -1 10 -2 10 -2 9 -2 10 -2 10 -3 11 -3 11 -3 10 -4 10 -4 10 -4 10 -5 10 -5 10 -5 10 -5 11 -5 11 -5 11 -6 11 -6 11 -6 0 0 0 0 0 0 0 0 0 0]"
"1768831269804485,CSI_DATA,STATION,00:00:00:00:00:00,0,0,0,0,0,0,0,0,0,0,0,0,0,0,0,0,0,0,0,0,0,128,[84 -64 4 0 0 0 0 0 0 0 0 0 0 14 -1 15 -1 14 -2 15 -2 14 -3 14 -3 14 -3 14 -4 14 -4 13 -4 14 -5 13 -5 13 -5 12 -5 12 -5 12 -5 12 -5 12 -5 12 -5 11 -4 11 -4 11 -5 11 -5 11 -4 10 -4 11 0 0 -4 10 -3 10 -3 11 -3 10 -3 10 -2 10 -2 10 -2 10 -2 10 -2 10 -2 11 -1 11 -1 11 -1 11 0 11 0 11 0 11 0 11 1 11 1 11 1 12 2 12 2 12 2 12 1 12 2 12 0 0 0 0 0 0 0 0 0 0]"
"1768831269810990,CSI_DATA,STATION,00:00:00:00:00:00,0,0,0,0,0,0,0,0,0,0,0,0,0,0,0,0,0,0,0,0,0,128,[84 -64 4 0 0 0 0 0 0 0 0 0 -14 7 -14 6 -15 5 -15 5 -15 4 -14 4 -14 3 -15 3 -14 3 -15 2 -14 2 -14 2 -14 1 -14 1 -14 1 -14 2 -13 1 -13 1 -13 0 -13 1 -13 0 -13 0 -12 1 -12 0 -12 1 -12 1 0 0 -12 2 -12 2 -11 2 -11 2 -11 2 -11 2 -11 2 -11 3 -11 4 -11 4 -11 4 -11 3 -11 4 -11 4 -11 5 -11 5 -11 5 -11 6 -11 6 -11 6 -11 6 -11 7 -11 7 -11 7 -11 7 -11 7 0 0 0 0 0 0 0 0 0 0]"
"1768831269815340,CSI_DATA,STATION,00:00:00:00:00:00,0,0,0,0,0,0,0,0,0,0,0,0,0,0,0,0,0,0,0,0,0,128,[84 -64 4 0 0 0 0 0 0 0 0 0 6 13 5 14 4 14 4 14 3 15 3 14 2 14 1 14 2 14 2 15 1 13 0 13 1 14 1 13 0 14 1 13 0 12 0 12 0 12 0 13 1 12 1 12 0 11 1 12 1 12 1 11 0 0 1 11 2 11 2 10 2 10 3 11 3 11 3 10 3 10 3 9 4 10 4 10 4 10 4 10 5 10 5 10 5 10 6 10 6 9 6 10 6 9 7 10 7 10 7 10 8 9 7 9 8 9 0 0 0 0 0 0 0 0 0 0]"
"1768831269819691,CSI_DATA,STATION,00:00:00:00:00:00,0,0,0,0,0,0,0,0,0,0,0,0,0,0,0,0,0,0,0,0,0,128,[84 -64 4 0 0 0 0 0 0 0 0 0 12 -10 12 -9 12 -8 13 -8 13 -7 13 -8 13 -7 13 -6 13 -6 14 -6 13 -5 13 -5 13 -5 13 -5 13 -4 12 -5 12 -4 12 -4 12 -4 12 -4 11 -4 11 -4 11 -4 11 -4 11 -4 11 -5 0 0 10 -5 10 -5 10 -5 10 -5 9 -6 10 -6 9 -6 9 -6 9 -7 9 -7 8 -8 9 -7 8 -7 8 -8 8 -9 8 -8 8 -9 8 -10 8 -9 8 -10 8 -10 8 -10 8 -10 8 -11 8 -11 8 -11 0 0 0 0 0 0 0 0 0 0]"
"1768831269826244,CSI_DATA,STATION,00:00:00:00:00:00,0,0,0,0,0,0,0,0,0,0,0,0,0,0,0,0,0,0,0,0,0,128,[84 -64 4 0 0 0 0 0 0 0 0 0 -7 14 -8 13 -8 13 -8 13 -9 12 -10 12 -10 12 -10 11 -10 11 -10 11 -10 10 -11 9 -11 10 -10 9 -11 9 -11 9 -10 9 -10 9 -10 8 -10 8 -10 8 -10 8 -9 8 -9 8 -9 8 -9 8 0 0 -9 8 -8 8 -8 8 -8 8 -8 9 -7 8 -7 9 -7 9 -7 9 -7 9 -6 10 -6 9 -6 10 -6 10 -6 10 -6 10 -5 11 -6 11 -5 11 -5 11 -5 11 -5 12 -5 12 -4 12 -4 12 -4 12 0 0 0 0 0 0 0 0 0 0]"
"1768831269830620,CSI_DATA,STATION,00:00:00:00:00:00,0,0,0,0,0,0,0,0,0,0,0,0,0,0,0,0,0,0,0,0,0,128,[84 -64 4 0 0 0 0 0 0 0 0 0 -3 14 -4 14 -4 14 -4 14 -4 13 -6 14 -6 13 -7 13 -7 12 -6 12 -6 13 -7 12 -7 12 -7 12 -7 12 -7 11 -7 11 -7 11 -7 11 -7 10 -6 10 -6 10 -6 10 -6 10 -5 10 -6 10 0 0 -5 10 -4 9 -4 10 -4 9 -4 10 -4 10 -3 10 -3 10 -3 10 -3 10 -3 11 -2 10 -2 11 -2 11 -2 10 -1 11 -1 10 -1 11 -1 12 -1 11 -1 12 0 12 0 11 1 12 1 12 1 13 0 0 0 0 0 0 0 0 0 0]"
"1768831269837111,CSI_DATA,STATION,00:00:00:00:00:00,0,0,0,0,0,0,0,0,0,0,0,0,0,0,0,0,0,0,0,0,0,128,[84 -64 4 0 0 0 0 0 0 0 0 0 14 -2 15 -1 15 0 16 0 15 1 15 1 14 1 14 2 14 2 14 3 14 3 13 3 14 4 13 4 13 4 12 3 12 3 12 3 12 4 12 4 12 3 11 3 11 3 11 3 11 3 11 2 0 0 10 2 11 2 11 2 10 1 11 2 11 1 11 1 11 1 10 0 10 0 11 0 11 0 11 -1 11 -1 11 -1 11 -2 11 -2 11 -2 11 -3 11 -2 12 -3 12 -3 12 -3 12 -3 12 -3 12 -4 0 0 0 0 0 0 0 0 0 0]"
"1768831269841437,CSI_DATA,STATION,00:00:00:00:00:00,0,0,0,0,0,0,0,0,0,0,0,0,0,0,0,0,0,0,0,0,0,128,[84 -64 4 0 0 0 0 0 0 0 0 0 10 10 10 11 10 11 10 11 9 12 9 12 8 12 7 13 7 12 7 13 7 12 6 12 6 13 6 12 6 13 6 12 5 12 6 11 6 12 5 12 5 11 5 11 5 10 5 11 5 11 5 10 0 0 5 10 6 9 6 10 6 9 7 9 7 9 7 8 7 9 7 7 7 8 7 8 8 8 8 8 9 7 8 7 9 7 9 7 9 7 10 6 9 6 10 6 10 6 10 7 11 6 11 6 11 6 0 0 0 0 0 0 0 0 0 0]"
"1768831269845784,CSI_DATA,STATION,00:00:00:00:00:00,0,0,0,0,0,0,0,0,0,0,0,0,0,0,0,0,0,0,0,0,0,128,[84 -64 4 0 0 0 0 0 0 0 0 0 0 16 -1 16 -2 16 -2 17 -3 16 -3 16 -4 15 -5 16 -5 15 -5 15 -5 15 -6 14 -6 14 -5 14 -6 14 -6 13 -6 13 -6 13 -6 13 -6 12 -6 12 -6 12 -6 11 -5 12 -5 12 -5 11 0 0 -4 11 -4 12 -3 12 -4 11 -3 12 -3 11 -3 12 -2 11 -3 11 -2 11 -2 12 -1 12 -1 12 -1 12 -1 12 0 12 0 12 0 12 0 12 0 12 1 13 1 13 2 13 2 13 1 13 2 13 0 0 0 0 0 0 0 0 0 0]"
"1768831269852343,CSI_DATA,STATION,00:00:00:00:00:00,0,0,0,0,0,0,0,0,0,0,0,0,0,0,0,0,0,0,0,0,0,128,[84 -64 4 0 0 0 0 0 0 0 0 0 13 10 13 10 12 11 12 11 11 11 11 12 10 12 10 12 10 12 10 13 9 12 8 12 8 13 8 12 8 13 8 12 7 12 7 11 7 12 8 12 7 11 8 11 7 11 7 11 7 11 7 10 0 0 7 10 8 10 8 9 7 9 8 9 8 9 8 8 9 8 9 7 9 7 9 7 9 7 10 7 10 7 9 6 10 6 11 6 11 6 10 6 11 5 11 5 12 5 12 5 13 5 12 5 12 5 0 0 0 0 0 0 0 0 0 0]"
"1768831269856692,CSI_DATA,STATION,00:00:00:00:00:00,0,0,0,0,0,0,0,0,0,0,0,0,0,0,0,0,0,0,0,0,0,128,[84 -64 4 0 0 0 0 0 0 0 0 0 -16 -4 -15 -5 -16 -5 -15 -6 -15 -6 -14 -7 -14 -7 -14 -7 -13 -8 -14 -8 -13 -7 -12 -8 -13 -9 -12 -8 -12 -8 -11 -8 -11 -8 -12 -8 -12 -9 -11 -8 -11 -8 -11 -8 -11 -7 -11 -8 -11 -7 -11 -6 0 0 -10 -6 -11 -6 -11 -6 -10 -5 -11 -5 -11 -5 -11 -5 -11 -5 -11 -4 -11 -4 -11 -4 -11 -4 -12 -3 -12 -3 -12 -3 -12 -2 -12 -2 -12 -2 -12 -2 -12 -2 -12 -1 -13 -1 -13 -1 -13 -1 -13 -1 -13 0 0 0 0 0 0 0 0 0 0 0]"
"1768831269863303,CSI_DATA,STATION,00:00:00:00:00:00,0,0,0,0,0,0,0,0,0,0,0,0,0,0,0,0,0,0,0,0,0,128,[84 -64 4 0 0 0 0 0 0 0 0 0 -16 0 -16 -1 -16 -2 -17 -2 -16 -2 -16 -3 -15 -3 -15 -3 -15 -4 -15 -4 -15 -4 -14 -4 -15 -5 -14 -5 -14 -5 -13 -4 -14 -5 -13 -5 -14 -5 -13 -5 -13 -5 -12 -5 -12 -4 -13 -5 -12 -4 -12 -3 0 0 -11 -3 -12 -3 -12 -3 -11 -2 -12 -3 -12 -2 -12 -2 -12 -2 -11 -1 -11 -1 -12 0 -12 0 -12 0 -12 0 -12 1 -12 1 -12 1 -12 1 -12 1 -13 1 -13 2 -13 2 -13 2 -13 2 -12 3 -13 3 0 0 0 0 0 0 0 0 0 0]"
"1768831269867658,CSI_DATA,STATION,00:00:00:00:00:00,0,0,0,0,0,0,0,0,0,0,0,0,0,0,0,0,0,0,0,0,0,128,[84 -64 4 0 0 0 0 0 0 0 0 0 -4 -16 -3 -16 -3 -16 -3 -16 -2 -16 -1 -16 -1 -16 -1 -16 0 -16 0 -16 1 -15 1 -15 1 -15 1 -15 1 -15 1 -14 2 -14 2 -14 1 -14 1 -14 1 -13 1 -13 1 -13 1 -13 0 -13 0 -13 0 0 0 -12 -1 -12 -1 -12 -1 -12 -1 -12 -2 -12 -2 -12 -2 -12 -2 -12 -2 -12 -3 -12 -3 -12 -4 -12 -4 -12 -4 -12 -4 -12 -4 -12 -4 -12 -5 -12 -5 -12 -5 -12 -6 -12 -6 -12 -7 -12 -6 -12 -6 -12 0 0 0 0 0 0 0 0 0 0]"
"1768831269871917,CSI_DATA,STATION,00:00:00:00:00:00,0,0,0,0,0,0,0,0,0,0,0,0,0,0,0,0,0,0,0,0,0,128,[84 -64 4 0 0 0 0 0 0 0 0 0 6 -17 7 -18 7 -16 8 -17 8 -16 10 -16 9 -15 9 -16 10 -15 10 -14 10 -14 11 -14 11 -13 10 -13 11 -13 10 -12 10 -13 10 -12 10 -12 10 -12 10 -11 9 -12 9 -11 9 -12 9 -11 9 -11 0 0 8 -12 7 -11 7 -12 7 -11 7 -12 6 -12 6 -12 6 -12 6 -12 5 -12 5 -13 5 -12 5 -12 4 -14 4 -13 4 -14 3 -14 4 -14 3 -14 3 -14 3 -15 2 -15 2 -15 2 -15 2 -15 1 -15 0 0 0 0 0 0 0 0 0 0]"
"1768831269878477,CSI_DATA,STATION,00:00:00:00:00:00,0,0,0,0,0,0,0,0,0,0,0,0,0,0,0,0,0,0,0,0,0,128,[84 -64 4 0 0 0 0 0 0 0 0 0 16 2 15 3 15 4 15 5 15 5 14 5 14 6 14 6 13 7 14 7 14 7 13 7 13 8 13 7 12 8 11 7 11 7 11 7 11 7 11 8 11 8 11 8 11 6 11 6 11 6 11 5 0 0 10 5 11 5 11 5 10 4 11 5 11 5 11 5 11 4 11 3 10 3 11 2 11 3 12 2 12 3 11 2 12 1 12 2 12 1 12 1 12 1 12 1 13 1 13 0 13 0 13 0 13 -1 0 0 0 0 0 0 0 0 0 0]"
"1768831269882978,CSI_DATA,STATION,00:00:00:00:00:00,0,0,0,0,0,0,0,0,0,0,0,0,0,0,0,0,0,0,0,0,0,128,[84 -64 4 0 0 0 0 0 0 0 0 0 2 -17 2 -17 3 -16 3 -17 4 -17 5 -16 5 -15 6 -15 6 -15 6 -15 6 -15 6 -14 7 -14 6 -14 6 -14 7 -13 7 -13 7 -13 7 -13 6 -13 7 -13 6 -12 6 -12 6 -12 5 -12 5 -12 0 0 5 -12 4 -12 4 -12 4 -12 4 -12 3 -12 3 -12 3 -12 3 -12 3 -12 2 -12 2 -12 2 -13 1 -13 1 -13 1 -13 0 -13 0 -13 0 -13 0 -13 0 -14 -1 -14 -1 -14 -1 -14 -1 -14 -1 -14 0 0 0 0 0 0 0 0 0 0]"
"1768831269887438,CSI_DATA,STATION,00:00:00:00:00:00,0,0,0,0,0,0,0,0,0,0,0,0,0,0,0,0,0,0,0,0,0,128,[84 -64 4 0 0 0 0 0 0 0 0 0 -15 4 -16 4 -16 3 -16 3 -16 2 -16 2 -16 1 -16 1 -16 0 -16 0 -15 0 -15 0 -15 -1 -15 -1 -15 -1 -14 -1 -14 -1 -14 -2 -14 -2 -14 -2 -14 -2 -13 -1 -13 -1 -14 -2 -13 -1 -13 0 0 0 -12 0 -12 0 -13 0 -12 0 -12 0 -12 0 -12 0 -12 1 -12 1 -12 2 -12 2 -12 2 -12 2 -12 2 -12 3 -12 3 -12 3 -12 4 -12 4 -12 4 -12 4 -13 4 -12 4 -12 5 -12 5 -12 5 0 0 0 0 0 0 0 0 0 0]"
"1768831269894168,CSI_DATA,STATION,00:00:00:00:00:00,0,0,0,0,0,0,0,0,0,0,0,0,0,0,0,0,0,0,0,0,0,128,[84 -64 4 0 0 0 0 0 0 0 0 0 -17 0 -16 -1 -18 -2 -17 -3 -17 -3 -16 -3 -16 -4 -16 -5 -15 -5 -16 -6 -16 -5 -15 -5 -15 -6 -15 -6 -14 -6 -14 -6 -13 -6 -14 -6 -14 -6 -14 -7 -13 -6 -13 -6 -13 -6 -13 -6 -13 -5 -12 -4 0 0 -12 -4 -13 -4 -12 -3 -12 -3 -13 -4 -12 -3 -13 -3 -13 -3 -12 -2 -13 -2 -13 -1 -12 -1 -13 -1 -13 -1 -13 0 -12 0 -14 0 -13 0 -13 1 -13 1 -13 1 -14 1 -14 1 -14 2 -13 2 -13 2 0 0 0 0 0 0 0 0 0 0]"
"1768831269898644,CSI_DATA,STATION,00:00:00:00:00:00,0,0,0,0,0,0,0,0,0,0,0,0,0,0,0,0,0,0,0,0,0,128,[84 -64 4 0 0 0 0 0 0 0 0 0 13 8 12 9 13 10 13 9 13 11 11 10 11 11 10 11 10 11 11 12 10 11 9 11 10 12 9 11 9 11 8 11 8 11 8 11 8 11 8 11 8 10 8 11 8 10 8 10 8 10 7 9 0 0 7 9 8 9 8 8 8 8 8 8 9 8 8 8 9 8 9 7 9 7 9 6 10 7 10 7 10 6 10 6 10 6 11 6 10 5 11 5 11 5 11 5 12 5 12 5 12 4 12 4 12 4 0 0 0 0 0 0 0 0 0 0]"
"1768831269903097,CSI_DATA,STATION,00:00:00:00:00:00,0,0,0,0,0,0,0,0,0,0,0,0,0,0,0,0,0,0,0,0,0,128,[84 -64 4 0 0 0 0 0 0 0 0 0 -7 -13 -7 -13 -7 -14 -7 -14 -6 -14 -5 -14 -5 -14 -5 -14 -4 -14 -4 -14 -4 -14 -4 -13 -3 -14 -3 -13 -3 -14 -3 -13 -2 -13 -2 -12 -3 -13 -3 -13 -3 -12 -2 -12 -2 -12 -3 -12 -3 -11 -3 -11 0 0 -3 -11 -4 -11 -4 -11 -3 -11 -4 -11 -4 -11 -5 -10 -5 -10 -5 -10 -5 -10 -5 -10 -6 -10 -6 -10 -7 -10 -6 -9 -6 -10 -7 -10 -7 -10 -7 -10 -7 -10 -7 -9 -8 -10 -8 -9 -9 -9 -8 -9 -8 -9 0 0 0 0 0 0 0 0 0 0]"
"1768831269909599,CSI_DATA,STATION,00:00:00:00:00:00,0,0,0,0,0,0,0,0,0,0,0,0,0,0,0,0,0,0,0,0,0,128,[84 -64 4 0 0 0 0 0 0 0 0 0 15 -4 15 -3 15 -3 15 -2 16 -1 15 -1 15 -1 15 0 15 0 15 0 15 0 14 0 14 1 14 1 14 2 14 1 13 2 12 2 13 2 13 2 12 2 12 2 12 1 12 1 12 1 12 0 0 0 12 0 12 0 11 0 11 -1 11 -1 12 -1 11 -1 11 -1 11 -2 10 -2 11 -2 11 -2 11 -3 11 -3 11 -4 11 -4 11 -4 11 -5 12 -4 11 -5 11 -5 11 -5 12 -5 11 -6 11 -6 11 -6 0 0 0 0 0 0 0 0 0 0]"
"1768831269913965,CSI_DATA,STATION,00:00:00:00:00:00,0,0,0,0,0,0,0,0,0,0,0,0,0,0,0,0,0,0,0,0,0,128,[84 -64 4 0 0 0 0 0 0 0 0 0 -6 -15 -6 -15 -6 -15 -5 -16 -4 -16 -4 -16 -3 -15 -3 -16 -2 -16 -2 -16 -2 -15 -2 -15 -2 -15 -2 -15 -1 -15 -1 -14 -1 -14 -1 -14 -1 -14 -1 -14 -1 -13 -1 -13 -1 -13 -2 -13 -2 -13 -1 -12 0 0 -2 -12 -2 -12 -3 -12 -2 -12 -3 -12 -3 -12 -3 -12 -4 -12 -4 -11 -4 -11 -5 -11 -5 -11 -5 -11 -5 -11 -5 -11 -6 -11 -7 -11 -6 -11 -6 -11 -6 -11 -7 -11 -8 -11 -8 -12 -9 -11 -8 -11 -8 -11 0 0 0 0 0 0 0 0 0 0]"
"1768831269924685,CSI_DATA,STATION,00:00:00:00:00:00,0,0,0,0,0,0,0,0,0,0,0,0,0,0,0,0,0,0,0,0,0,128,[84 -64 4 0 0 0 0 0 0 0 0 0 -10 -14 -9 -14 -9 -15 -8 -15 -8 -15 -7 -15 -7 -15 -6 -15 -6 -16 -6 -16 -5 -16 -5 -15 -5 -16 -5 -15 -5 -15 -4 -15 -4 -14 -4 -14 -4 -14 -4 -14 -4 -14 -4 -14 -4 -13 -4 -14 -4 -13 -4 -12 0 0 -4 -12 -5 -12 -5 -12 -5 -12 -6 -12 -6 -12 -6 -11 -6 -11 -6 -11 -7 -11 -7 -11 -7 -10 -7 -11 -8 -10 -8 -10 -8 -10 -9 -10 -9 -10 -9 -10 -9 -10 -9 -9 -10 -9 -10 -10 -11 -10 -10 -9 -10 -9 0 0 0 0 0 0 0 0 0 0]"
"1768831269931131,CSI_DATA,STATION,00:00:00:00:00:00,0,0,0,0,0,0,0,0,0,0,0,0,0,0,0,0,0,0,0,0,0,128,[84 -64 4 0 0 0 0 0 0 0 0 0 6 -16 7 -17 7 -16 7 -16 8 -16 9 -16 9 -15 9 -14 10 -14 10 -14 10 -14 10 -13 10 -13 10 -12 10 -12 10 -12 10 -12 10 -12 10 -11 10 -11 9 -10 9 -11 9 -10 9 -11 9 -10 8 -11 0 0 8 -11 7 -10 7 -11 7 -10 7 -11 7 -11 6 -11 6 -11 6 -11 5 -11 5 -12 5 -12 5 -12 5 -13 4 -12 4 -13 4 -13 4 -13 4 -13 4 -14 3 -14 3 -14 2 -14 2 -14 3 -15 2 -14 0 0 0 0 0 0 0 0 0 0]"
"1768831269937602,CSI_DATA,STATION,00:00:00:00:00:00,0,0,0,0,0,0,0,0,0,0,0,0,0,0,0,0,0,0,0,0,0,128,[84 -64 4 0 0 0 0 0 0 0 0 0 -10 -13 -10 -13 -10 -13 -9 -14 -9 -14 -8 -15 -7 -14 -7 -15 -6 -15 -7 -15 -6 -14 -6 -15 -6 -14 -5 -14 -5 -15 -5 -14 -4 -14 -4 -13 -5 -14 -4 -14 -4 -13 -4 -13 -4 -12 -5 -13 -4 -13 -4 -12 0 0 -5 -12 -5 -12 -5 -12 -4 -11 -6 -11 -6 -11 -6 -11 -6 -11 -6 -10 -6 -10 -7 -10 -7 -10 -7 -10 -8 -10 -7 -10 -8 -10 -8 -10 -8 -10 -8 -10 -9 -10 -9 -9 -10 -9 -9 -10 -10 -9 -10 -9 -10 -9 0 0 0 0 0 0 0 0 0 0]"
"1768831269941945,CSI_DATA,STATION,00:00:00:00:00:00,0,0,0,0,0,0,0,0,0,0,0,0,0,0,0,0,0,0,0,0,0,128,[84 -64 4 0 0 0 0 0 0 0 0 0 -16 2 -16 1 -17 0 -17 0 -16 -1 -16 -1 -16 -1 -16 -2 -16 -2 -16 -3 -15 -3 -15 -3 -15 -3 -15 -4 -14 -4 -15 -3 -14 -4 -13 -4 -14 -4 -14 -4 -13 -4 -13 -4 -13 -3 -13 -4 -12 -3 -12 -3 0 0 -12 -2 -12 -2 -12 -2 -12 -2 -12 -2 -12 -1 -12 -2 -12 -1 -12 -1 -12 -1 -12 0 -12 0 -12 0 -12 0 -12 1 -12 1 -12 1 -12 2 -13 2 -12 2 -13 3 -13 3 -13 3 -13 3 -12 3 -13 4 0 0 0 0 0 0 0 0 0 0]"
"1768831269948404,CSI_DATA,STATION,00:00:00:00:00:00,0,0,0,0,0,0,0,0,0,0,0,0,0,0,0,0,0,0,0,0,0,128,[84 -64 4 0 0 0 0 0 0 0 0 0 -13 -9 -13 -9 -13 -10 -13 -11 -13 -11 -12 -11 -11 -11 -11 -12 -11 -11 -11 -12 -11 -12 -10 -12 -10 -12 -10 -12 -9 -12 -9 -11 -9 -11 -9 -11 -9 -11 -9 -12 -9 -11 -9 -11 -8 -10 -9 -10 -8 -10 -8 -9 0 0 -8 -9 -9 -9 -9 -9 -8 -8 -10 -8 -9 -8 -9 -8 -10 -8 -9 -7 -10 -7 -10 -7 -10 -6 -11 -6 -11 -6 -10 -6 -11 -5 -12 -6 -11 -5 -12 -5 -11 -5 -12 -5 -12 -5 -13 -4 -13 -4 -12 -4 -13 -4 0 0 0 0 0 0 0 0 0 0]"
"1768831269954915,CSI_DATA,STATION,00:00:00:00:00:00,0,0,0,0,0,0,0,0,0,0,0,0,0,0,0,0,0,0,0,0,0,128,[84 -64 4 0 0 0 0 0 0 0 0 0 -1 -16 -1 -16 0 -16 0 -16 0 -17 1 -16 2 -16 2 -15 2 -15 2 -15 3 -15 4 -15 3 -15 3 -14 3 -14 3 -14 4 -13 4 -13 3 -13 4 -13 3 -13 3 -13 3 -12 3 -12 2 -12 2 -12 0 0 2 -12 1 -12 1 -12 1 -12 1 -12 0 -12 0 -12 0 -12 0 -12 0 -12 -1 -12 -1 -12 -1 -12 -1 -12 -2 -12 -2 -12 -2 -12 -3 -12 -3 -12 -3 -12 -3 -12 -4 -12 -4 -13 -4 -12 -4 -12 -4 -12 0 0 0 0 0 0 0 0 0 0]"
"1768831269959218,CSI_DATA,STATION,00:00:00:00:00:00,0,0,0,0,0,0,0,0,0,0,0,0,0,0,0,0,0,0,0,0,0,128,[84 -64 4 0 0 0 0 0 0 0 0 0 -14 9 -13 8 -14 8 -14 7 -15 7 -14 7 -14 6 -14 5 -15 5 -16 4 -15 4 -15 4 -14 3 -14 3 -14 3 -14 4 -13 4 -13 3 -13 3 -13 3 -13 3 -13 3 -13 3 -12 3 -13 3 -12 3 0 0 -12 3 -11 4 -11 4 -12 4 -11 4 -11 4 -10 5 -11 5 -10 6 -10 6 -10 6 -10 5 -10 6 -9 7 -10 7 -9 7 -10 8 -9 8 -9 8 -9 8 -9 9 -9 9 -9 9 -9 9 -8 9 -9 9 0 0 0 0 0 0 0 0 0 0]"
"1768831269963630,CSI_DATA,STATION,00:00:00:00:00:00,0,0,0,0,0,0,0,0,0,0,0,0,0,0,0,0,0,0,0,0,0,128,[84 -64 4 0 0 0 0 0 0 0 0 0 -10 12 -11 11 -11 11 -12 11 -12 10 -13 10 -13 9 -13 9 -13 8 -13 8 -13 8 -13 8 -13 8 -13 8 -13 7 -13 7 -12 7 -12 7 -12 6 -12 6 -12 6 -12 6 -12 6 -11 6 -11 6 -11 6 0 0 -11 6 -10 6 -10 7 -10 6 -9 7 -9 6 -9 7 -9 7 -9 8 -8 8 -8 8 -8 8 -8 8 -8 9 -8 8 -8 9 -7 9 -7 9 -7 10 -7 10 -7 10 -7 11 -6 10 -6 11 -6 11 -6 11 0 0 0 0 0 0 0 0 0 0]"
"1768831269968108,CSI_DATA,STATION,00:00:00:00:00:00,0,0,0,0,0,0,0,0,0,0,0,0,0,0,0,0,0,0,0,0,0,128,[84 -64 4 0 0 0 0 0 0 0 0 0 -15 -6 -15 -7 -15 -8 -15 -8 -15 -9 -15 -9 -13 -9 -13 -9 -13 -10 -13 -10 -13 -9 -12 -9 -12 -10 -12 -10 -12 -10 -11 -10 -11 -10 -11 -10 -11 -10 -10 -10 -10 -9 -10 -9 -10 -9 -10 -9 -11 -8 -10 -8 0 0 -10 -7 -10 -7 -10 -7 -10 -6 -11 -7 -10 -6 -11 -6 -11 -6 -11 -5 -11 -5 -12 -4 -11 -5 -12 -5 -12 -4 -12 -4 -12 -3 -12 -4 -12 -4 -12 -3 -13 -2 -13 -3 -13 -3 -13 -3 -13 -2 -13 -2 -13 -2 0 0 0 0 0 0 0 0 0 0]"
"1768831269974635,CSI_DATA,STATION,00:00:00:00:00:00,0,0,0,0,0,0,0,0,0,0,0,0,0,0,0,0,0,0,0,0,0,128,[84 -64 4 0 0 0 0 0 0 0 0 0 -12 -11 -12 -12 -12 -12 -12 -12 -11 -13 -11 -13 -9 -13 -9 -14 -8 -14 -9 -14 -8 -13 -8 -13 -8 -14 -8 -13 -7 -14 -6 -13 -6 -14 -6 -12 -6 -14 -6 -13 -6 -13 -6 -13 -6 -12 -7 -12 -6 -12 -6 -12 0 0 -6 -12 -6 -11 -7 -11 -6 -10 -7 -11 -7 -11 -7 -11 -7 -10 -7 -10 -8 -10 -8 -9 -9 -10 -9 -9 -9 -10 -8 -9 -9 -9 -10 -9 -9 -9 -10 -9 -10 -9 -10 -9 -11 -9 -11 -9 -12 -8 -11 -8 -11 -8 0 0 0 0 0 0 0 0 0 0]"
"1768831269979013,CSI_DATA,STATION,00:00:00:00:00:00,0,0,0,0,0,0,0,0,0,0,0,0,0,0,0,0,0,0,0,0,0,128,[84 -64 4 0 0 0 0 0 0 0 0 0 14 -2 14 -1 14 0 14 0 14 1 14 1 14 2 14 2 13 2 14 3 13 3 13 3 13 3 12 3 12 4 12 3 12 3 11 3 12 4 11 4 11 3 11 3 11 3 11 3 10 2 10 2 0 0 10 2 10 1 11 1 10 1 11 1 10 1 10 1 10 0 10 0 10 0 10 -1 10 -1 11 -1 11 -1 10 -2 11 -2 10 -2 11 -3 11 -3 10 -3 11 -3 11 -3 11 -3 11 -4 11 -4 11 -4 0 0 0 0 0 0 0 0 0 0]"
"1768831269985417,CSI_DATA,STATION,00:00:00:00:00:00,0,0,0,0,0,0,0,0,0,0,0,0,0,0,0,0,0,0,0,0,0,128,[84 -64 4 0 0 0 0 0 0 0 0 0 14 6 14 7 14 8 15 9 14 9 13 9 13 9 12 10 12 10 12 11 12 10 11 10 12 11 11 10 11 11 10 10 10 10 10 10 10 10 10 10 9 10 9 9 9 9 10 9 9 9 9 8 0 0 9 8 9 8 10 7 9 7 10 7 10 7 10 6 10 7 10 6 10 6 10 5 11 6 11 5 11 5 11 4 11 4 12 4 11 4 12 3 12 3 12 3 12 4 13 3 13 3 13 2 13 2 0 0 0 0 0 0 0 0 0 0]"
"1768831269989696,CSI_DATA,STATION,00:00:00:00:00:00,0,0,0,0,0,0,0,0,0,0,0,0,0,0,0,0,0,0,0,0,0,128,[84 -64 4 0 0 0 0 0 0 0 0 0 13 -8 13 -8 13 -7 14 -6 14 -6 14 -6 14 -5 14 -4 14 -4 14 -4 14 -3 14 -3 14 -2 13 -2 14 -2 12 -3 12 -2 12 -2 13 -2 13 -2 12 -1 12 -2 11 -2 12 -2 11 -2 11 -3 0 0 11 -3 10 -3 11 -3 11 -4 11 -4 11 -4 10 -4 10 -4 10 -5 9 -5 9 -5 10 -5 9 -5 10 -5 9 -6 9 -7 9 -7 9 -7 9 -7 9 -7 9 -7 9 -8 9 -8 9 -9 9 -9 9 -9 0 0 0 0 0 0 0 0 0 0]"
"1768831269994037,CSI_DATA,STATION,00:00:00:00:00:00,0,0,0,0,0,0,0,0,0,0,0,0,0,0,0,0,0,0,0,0,0,128,[84 -64 4 0 0 0 0 0 0 0 0 0 -10 11 -11 11 -11 10 -12 10 -12 10 -12 10 -12 9 -12 9 -12 8 -13 8 -13 8 -13 7 -13 7 -13 7 -13 6 -12 7 -12 7 -12 6 -12 6 -12 6 -12 6 -11 6 -11 6 -11 6 -11 6 -11 6 0 0 -10 6 -10 6 -9 7 -10 7 -9 7 -9 7 -8 8 -9 8 -8 8 -9 8 -9 8 -8 8 -8 8 -7 9 -8 9 -7 9 -7 9 -7 9 -7 10 -6 10 -6 10 -6 10 -6 10 -6 11 -6 11 -6 11 0 0 0 0 0 0 0 0 0 0]"
"1768831270000519,CSI_DATA,STATION,00:00:00:00:00:00,0,0,0,0,0,0,0,0,0,0,0,0,0,0,0,0,0,0,0,0,0,128,[84 -64 4 0 0 0 0 0 0 0 0 0 -1 -16 -1 -16 0 -16 0 -17 1 -16 2 -16 3 -15 3 -15 3 -15 3 -15 3 -15 4 -15 4 -14 4 -14 4 -14 4 -14 4 -13 4 -14 4 -13 5 -13 4 -13 4 -13 4 -13 3 -12 3 -12 3 -12 0 0 3 -12 2 -12 2 -12 2 -12 2 -12 1 -12 1 -12 1 -12 1 -12 0 -12 0 -12 -1 -12 -1 -12 -1 -12 -1 -12 -1 -12 -2 -12 -2 -12 -2 -13 -2 -13 -2 -13 -3 -13 -3 -13 -4 -13 -4 -13 -4 -13 0 0 0 0 0 0 0 0 0 0]"
"1768831270004838,CSI_DATA,STATION,00:00:00:00:00:00,0,0,0,0,0,0,0,0,0,0,0,0,0,0,0,0,0,0,0,0,0,128,[84 -64 4 0 0 0 0 0 0 0 0 0 2 -16 3 -16 4 -16 4 -16 5 -16 5 -16 6 -15 6 -15 7 -14 7 -14 6 -14 7 -13 7 -14 7 -13 7 -13 7 -12 7 -12 7 -12 7 -12 7 -12 7 -12 6 -11 6 -11 6 -11 5 -11 5 -11 0 0 6 -11 5 -11 5 -11 4 -11 4 -11 4 -11 3 -11 3 -12 3 -11 3 -12 2 -12 2 -12 2 -12 2 -12 2 -12 1 -13 1 -12 1 -13 1 -13 1 -13 1 -13 0 -13 -1 -13 -1 -13 -1 -13 -1 -13 0 0 0 0 0 0 0 0 0 0]"
"1768831270011365,CSI_DATA,STATION,00:00:00:00:00:00,0,0,0,0,0,0,0,0,0,0,0,0,0,0,0,0,0,0,0,0,0,128,[84 -64 4 0 0 0 0 0 0 0 0 0 -15 -7 -14 -8 -15 -9 -15 -10 -14 -10 -13 -10 -12 -10 -12 -11 -11 -11 -12 -12 -12 -11 -11 -11 -11 -11 -11 -11 -10 -12 -10 -11 -10 -11 -10 -11 -10 -11 -9 -11 -10 -10 -9 -11 -9 -10 -10 -10 -10 -10 -9 -9 0 0 -9 -9 -10 -9 -10 -8 -9 -8 -10 -8 -10 -8 -10 -8 -11 -8 -10 -7 -11 -6 -11 -6 -11 -6 -11 -6 -11 -6 -11 -6 -12 -5 -12 -5 -12 -5 -12 -5 -12 -5 -13 -5 -13 -5 -13 -4 -13 -4 -13 -4 -13 -3 0 0 0 0 0 0 0 0 0 0]"
"1768831270015783,CSI_DATA,STATION,00:00:00:00:00:00,0,0,0,0,0,0,0,0,0,0,0,0,0,0,0,0,0,0,0,0,0,128,[84 -64 4 0 0 0 0 0 0 0 0 0 6 12 6 12 5 13 5 13 5 13 4 13 4 13 3 13 3 13 3 14 2 12 2 13 2 13 2 13 1 13 1 13 1 12 1 11 1 12 1 12 1 11 1 11 1 11 1 11 2 11 2 10 0 0 2 10 3 10 3 10 2 10 3 10 3 10 3 10 4 9 3 9 4 9 4 9 4 10 4 9 5 9 5 9 5 9 6 9 6 8 6 8 6 9 6 9 7 9 7 9 7 8 7 8 7 9 0 0 0 0 0 0 0 0 0 0]"
"1768831270020237,CSI_DATA,STATION,00:00:00:00:00:00,0,0,0,0,0,0,0,0,0,0,0,0,0,0,0,0,0,0,0,0,0,128,[84 -64 4 0 0 0 0 0 0 0 0 0 -12 11 -13 10 -13 10 -14 9 -14 8 -14 9 -14 8 -15 8 -14 7 -15 7 -14 7 -14 7 -14 6 -14 6 -14 5 -14 6 -14 5 -13 5 -14 5 -14 5 -13 4 -13 5 -12 5 -13 5 -12 5 -12 5 0 0 -12 5 -11 5 -11 6 -11 5 -11 6 -11 6 -11 6 -11 6 -10 7 -10 7 -10 8 -10 7 -9 8 -9 8 -9 8 -9 9 -9 9 -9 9 -9 9 -9 10 -9 10 -8 10 -9 10 -8 11 -8 11 -8 11 0 0 0 0 0 0 0 0 0 0]"
"1768831270026955,CSI_DATA,STATION,00:00:00:00:00:00,0,0,0,0,0,0,0,0,0,0,0,0,0,0,0,0,0,0,0,0,0,128,[84 -64 4 0 0 0 0 0 0 0 0 0 -15 -1 -15 -2 -16 -3 -15 -3 -16 -3 -15 -3 -15 -4 -15 -4 -14 -5 -15 -5 -14 -5 -14 -5 -13 -6 -13 -6 -13 -6 -13 -5 -12 -5 -12 -6 -12 -6 -12 -6 -12 -6 -11 -6 -12 -5 -12 -5 -11 -5 -11 -4 0 0 -11 -4 -12 -4 -11 -3 -11 -3 -11 -3 -11 -3 -11 -3 -11 -3 -11 -2 -12 -2 -12 -1 -11 -2 -12 -1 -12 -1 -12 -1 -11 0 -12 0 -12 0 -12 0 -12 0 -12 1 -13 1 -13 1 -13 1 -13 2 -12 1 0 0 0 0 0 0 0 0 0 0]"
"1768831270031430,CSI_DATA,STATION,00:00:00:00:00:00,0,0,0,0,0,0,0,0,0,0,0,0,0,0,0,0,0,0,0,0,0,128,[84 -64 4 0 0 0 0 0 0 0 0 0 -15 7 -16 6 -16 5 -17 5 -16 4 -16 4 -16 3 -16 3 -16 2 -17 2 -16 2 -16 2 -16 1 -16 1 -16 0 -15 1 -15 1 -14 0 -15 1 -15 0 -14 0 -15 0 -14 1 -14 1 -14 1 -14 2 0 0 -13 2 -13 2 -13 2 -13 2 -13 2 -13 2 -13 2 -13 3 -12 4 -12 4 -12 4 -12 4 -12 5 -12 5 -12 5 -12 6 -12 6 -12 6 -12 6 -12 7 -12 7 -12 7 -12 7 -11 8 -12 8 -12 8 0 0 0 0 0 0 0 0 0 0]"
"1768831270035926,CSI_DATA,STATION,00:00:00:00:00:00,0,0,0,0,0,0,0,0,0,0,0,0,0,0,0,0,0,0,0,0,0,128,[84 -64 4 0 0 0 0 0 0 0 0 0 -1 16 -1 16 -2 16 -3 17 -3 16 -4 16 -5 16 -5 16 -5 15 -5 15 -6 15 -6 14 -6 14 -6 14 -6 14 -6 13 -6 13 -6 13 -6 14 -6 13 -6 13 -6 12 -6 12 -5 12 -5 12 -5 12 0 0 -4 12 -4 12 -4 12 -4 12 -4 12 -3 12 -3 12 -2 12 -2 11 -2 12 -2 12 -1 12 -1 12 -1 13 -1 12 0 13 0 12 0 12 1 13 1 12 1 13 1 13 2 13 2 13 2 14 2 13 0 0 0 0 0 0 0 0 0 0]"
"1768831270042623,CSI_DATA,STATION,00:00:00:00:00:00,0,0,0,0,0,0,0,0,0,0,0,0,0,0,0,0,0,0,0,0,0,128,[84 -64 4 0 0 0 0 0 0 0 0 0 -15 -8 -15 -9 -15 -10 -14 -10 -14 -11 -14 -11 -13 -11 -13 -11 -12 -12 -12 -12 -12 -12 -11 -12 -12 -12 -11 -13 -11 -13 -10 -12 -10 -12 -10 -11 -10 -12 -10 -12 -10 -12 -10 -11 -9 -11 -10 -11 -9 -11 -9 -10 0 0 -9 -10 -10 -9 -10 -10 -9 -9 -11 -9 -10 -9 -11 -8 -11 -8 -11 -8 -11 -7 -11 -7 -12 -7 -11 -7 -12 -7 -12 -6 -12 -6 -13 -7 -13 -6 -12 -5 -13 -5 -13 -5 -14 -5 -14 -5 -14 -5 -14 -4 -14 -4 0 0 0 0 0 0 0 0 0 0]"
"1768831270047128,CSI_DATA,STATION,00:00:00:00:00:00,0,0,0,0,0,0,0,0,0,0,0,0,0,0,0,0,0,0,0,0,0,128,[84 -64 4 0 0 0 0 0 0 0 0 0 12 7 12 7 12 8 12 9 11 9 11 9 11 9 10 9 10 9 10 10 10 9 9 10 9 11 9 10 9 10 8 9 8 10 8 10 8 10 8 10 8 9 8 10 7 9 8 9 8 9 7 8 0 0 7 8 8 8 8 7 8 7 8 7 8 7 8 7 8 7 8 6 8 6 8 6 9 6 9 6 10 6 9 5 9 5 10 5 10 4 10 4 10 4 10 4 11 4 11 4 11 4 11 4 11 3 0 0 0 0 0 0 0 0 0 0]"
"1768831270051589,CSI_DATA,STATION,00:00:00:00:00:00,0,0,0,0,0,0,0,0,0,0,0,0,0,0,0,0,0,0,0,0,0,128,[84 -64 4 0 0 0 0 0 0 0 0 0 -4 -16 -4 -17 -3 -17 -3 -17 -2 -17 -1 -17 0 -17 0 -17 0 -17 0 -17 1 -17 1 -16 1 -16 1 -16 1 -16 2 -15 2 -15 2 -14 2 -15 2 -15 2 -14 2 -14 2 -14 1 -14 1 -14 1 -13 0 0 1 -13 0 -14 0 -13 0 -13 0 -13 -1 -13 -1 -13 -2 -13 -1 -12 -2 -13 -2 -13 -2 -13 -3 -13 -3 -13 -3 -13 -3 -13 -4 -13 -4 -13 -4 -13 -4 -13 -5 -13 -5 -13 -5 -13 -6 -13 -6 -13 -6 -13 0 0 0 0 0 0 0 0 0 0]"
"1768831270058290,CSI_DATA,STATION,00:00:00:00:00:00,0,0,0,0,0,0,0,0,0,0,0,0,0,0,0,0,0,0,0,0,0,128,[84 -64 4 0 0 0 0 0 0 0 0 0 -3 -18 -2 -18 -2 -18 -2 -18 -1 -19 0 -18 1 -18 1 -18 2 -18 1 -18 2 -17 2 -17 2 -17 3 -16 3 -16 3 -16 4 -16 3 -15 3 -15 3 -15 3 -14 3 -15 3 -14 3 -15 2 -14 2 -14 0 0 2 -14 2 -14 1 -13 1 -14 1 -14 0 -14 0 -14 0 -13 0 -14 0 -13 -1 -14 -1 -13 -2 -13 -2 -14 -1 -14 -2 -14 -3 -14 -3 -14 -3 -14 -3 -14 -3 -14 -3 -14 -4 -14 -4 -14 -4 -14 -4 -14 0 0 0 0 0 0 0 0 0 0]"
"1768831270062748,CSI_DATA,STATION,00:00:00:00:00:00,0,0,0,0,0,0,0,0,0,0,0,0,0,0,0,0,0,0,0,0,0,128,[84 -64 4 0 0 0 0 0 0 0 0 0 17 -1 17 0 17 1 17 1 17 2 16 2 16 3 16 3 16 4 16 5 16 4 15 5 15 5 15 6 14 6 14 5 13 5 13 6 13 5 13 6 13 6 13 5 12 5 12 5 12 5 12 4 0 0 12 4 12 4 12 4 12 3 12 3 12 3 12 3 12 3 12 2 11 2 12 1 12 1 12 2 12 1 13 0 12 0 13 0 13 -1 13 -1 13 -1 13 -1 13 -1 14 -1 13 -1 14 -2 14 -2 0 0 0 0 0 0 0 0 0 0]"
"1768831270067254,CSI_DATA,STATION,00:00:00:00:00:00,0,0,0,0,0,0,0,0,0,0,0,0,0,0,0,0,0,0,0,0,0,128,[84 -64 4 0 0 0 0 0 0 0 0 0 -5 17 -6 17 -7 16 -7 16 -7 16 -8 15 -9 16 -9 16 -9 15 -9 15 -10 14 -9 14 -10 14 -9 13 -9 13 -10 13 -9 13 -9 12 -9 12 -9 12 -9 11 -9 11 -9 11 -8 12 -8 11 -8 11 0 0 -7 11 -7 11 -6 11 -7 12 -6 11 -6 12 -6 12 -5 11 -5 11 -5 12 -5 12 -4 12 -4 13 -3 12 -3 13 -3 13 -3 13 -3 12 -2 13 -2 13 -2 14 -2 14 -1 14 -1 14 -1 14 -1 14 0 0 0 0 0 0 0 0 0 0]"
"1768831270073816,CSI_DATA,STATION,00:00:00:00:00:00,0,0,0,0,0,0,0,0,0,0,0,0,0,0,0,0,0,0,0,0,0,128,[84 -64 4 0 0 0 0 0 0 0 0 0 5 15 4 15 4 16 4 16 3 16 2 16 1 16 0 16 0 16 1 16 0 15 0 15 0 15 0 15 -1 16 -1 14 -2 14 -2 13 -1 14 -1 14 -1 14 -1 13 -1 12 -1 12 -1 13 0 12 0 0 0 12 0 12 1 12 0 11 1 12 1 12 1 12 2 11 1 11 2 11 2 11 3 11 3 11 4 12 3 11 4 11 4 11 5 11 4 11 4 11 5 11 6 11 6 11 7 11 6 11 6 11 0 0 0 0 0 0 0 0 0 0]"
"1768831270078164,CSI_DATA,STATION,00:00:00:00:00:00,0,0,0,0,0,0,0,0,0,0,0,0,0,0,0,0,0,0,0,0,0,128,[84 -64 4 0 0 0 0 0 0 0 0 0 13 -7 14 -6 14 -5 14 -5 14 -5 14 -4 14 -4 14 -3 14 -3 14 -2 14 -2 14 -2 14 -2 13 -1 13 -1 13 -2 13 -1 13 -1 13 -1 13 -1 12 -1 12 -1 12 -1 12 -1 12 -1 11 -2 0 0 11 -2 11 -2 11 -2 11 -3 11 -3 11 -3 11 -3 10 -4 10 -4 10 -4 10 -4 10 -4 10 -5 10 -5 10 -5 10 -6 10 -6 10 -7 10 -7 9 -7 9 -7 10 -7 10 -7 10 -8 10 -8 9 -8 0 0 0 0 0 0 0 0 0 0]"
"1768831270082559,CSI_DATA,STATION,00:00:00:00:00:00,0,0,0,0,0,0,0,0,0,0,0,0,0,0,0,0,0,0,0,0,0,128,[84 -64 4 0 0 0 0 0 0 0 0 0 9 13 8 14 8 14 8 15 7 15 6 15 6 15 5 15 5 15 5 15 4 15 4 14 4 14 4 15 3 15 3 14 3 13 2 13 3 14 3 14 3 13 3 13 3 13 3 12 3 12 3 12 0 0 3 11 4 12 4 11 4 11 5 11 5 11 5 11 5 11 5 10 5 10 6 10 6 10 7 10 7 10 6 10 7 10 8 9 8 9 8 10 8 9 8 9 9 9 9 9 10 9 9 9 9 9 0 0 0 0 0 0 0 0 0 0]"
"1768831270089114,CSI_DATA,STATION,00:00:00:00:00:00,0,0,0,0,0,0,0,0,0,0,0,0,0,0,0,0,0,0,0,0,0,128,[84 -64 4 0 0 0 0 0 0 0 0 0 14 7 14 8 14 9 14 9 13 9 13 10 11 10 11 10 11 11 11 11 11 11 10 10 11 11 10 11 10 11 10 11 9 10 9 10 9 10 9 10 9 10 9 10 8 9 9 9 9 9 8 8 0 0 8 8 9 8 9 8 8 8 10 8 9 7 10 7 9 7 9 6 10 6 10 6 11 6 11 6 11 5 10 5 11 5 12 4 11 4 11 4 11 4 12 4 13 4 13 3 13 3 13 3 13 3 0 0 0 0 0 0 0 0 0 0]"
"1768831270093465,CSI_DATA,STATION,00:00:00:00:00:00,0,0,0,0,0,0,0,0,0,0,0,0,0,0,0,0,0,0,0,0,0,128,[84 -64 4 0 0 0 0 0 0 0 0 0 -8 -15 -7 -15 -7 -16 -6 -16 -6 -16 -5 -16 -4 -16 -4 -17 -3 -16 -3 -16 -3 -16 -3 -16 -2 -16 -2 -16 -2 -16 -1 -15 -1 -15 -1 -14 -1 -15 -1 -14 -1 -14 -1 -14 -1 -13 -2 -14 -2 -14 -2 -13 0 0 -2 -13 -2 -13 -3 -13 -3 -13 -3 -13 -3 -13 -3 -13 -4 -13 -3 -12 -4 -12 -4 -12 -5 -12 -5 -12 -5 -12 -5 -12 -5 -12 -6 -12 -6 -12 -6 -12 -6 -12 -6 -12 -7 -12 -7 -13 -8 -12 -7 -12 -7 -12 0 0 0 0 0 0 0 0 0 0]"
"1768831270097833,CSI_DATA,STATION,00:00:00:00:00:00,0,0,0,0,0,0,0,0,0,0,0,0,0,0,0,0,0,0,0,0,0,128,[84 -64 4 0 0 0 0 0 0 0 0 0 -14 -10 -14 -11 -13 -11 -13 -11 -13 -12 -12 -12 -12 -12 -11 -13 -10 -13 -11 -13 -10 -13 -10 -13 -10 -13 -10 -13 -9 -13 -9 -13 -8 -13 -8 -12 -8 -12 -8 -13 -8 -12 -8 -12 -8 -11 -8 -12 -8 -11 -8 -11 0 0 -7 -11 -8 -10 -8 -11 -8 -10 -9 -10 -9 -10 -8 -10 -9 -10 -9 -9 -9 -9 -10 -8 -10 -9 -10 -9 -10 -9 -10 -8 -10 -8 -11 -9 -11 -8 -11 -8 -11 -8 -12 -7 -12 -7 -12 -8 -13 -7 -12 -7 -13 -7 0 0 0 0 0 0 0 0 0 0]"
"1768831270104368,CSI_DATA,STATION,00:00:00:00:00:00,0,0,0,0,0,0,0,0,0,0,0,0,0,0,0,0,0,0,0,0,0,128,[84 -64 4 0 0 0 0 0 0 0 0 0 -3 15 -5 15 -4 16 -5 16 -5 15 -6 15 -6 14 -7 14 -7 14 -7 14 -8 14 -8 13 -8 13 -8 13 -8 12 -8 12 -8 12 -8 12 -8 11 -8 11 -7 11 -7 11 -7 11 -7 11 -6 11 -6 11 0 0 -6 11 -5 11 -5 11 -5 10 -5 11 -4 11 -4 11 -4 11 -4 11 -3 11 -3 11 -2 11 -2 12 -2 12 -2 11 -2 12 -1 12 -1 12 -1 12 -1 12 -1 13 0 13 0 13 1 13 0 13 1 13 0 0 0 0 0 0 0 0 0 0]"
"1768831270110938,CSI_DATA,STATION,00:00:00:00:00:00,0,0,0,0,0,0,0,0,0,0,0,0,0,0,0,0,0,0,0,0,0,128,[84 -64 4 0 0 0 0 0 0 0 0 0 4 13 4 13 3 14 3 14 2 14 2 14 1 14 1 14 0 13 1 14 0 13 0 13 0 13 0 12 0 13 -1 12 -1 12 -1 11 -1 12 -1 12 -1 11 -1 12 -1 11 0 11 0 11 0 11 0 0 0 10 1 10 1 10 1 10 1 10 2 10 2 10 2 10 2 9 2 9 2 9 3 10 3 10 4 10 3 10 4 10 5 9 4 9 4 10 4 9 5 9 6 10 6 10 6 9 6 9 6 9 0 0 0 0 0 0 0 0 0 0]"
"1768831270121688,CSI_DATA,STATION,00:00:00:00:00:00,0,0,0,0,0,0,0,0,0,0,0,0,0,0,0,0,0,0,0,0,0,128,[84 -64 4 0 0 0 0 0 0 0 0 0 -8 -16 -8 -16 -8 -16 -7 -17 -7 -17 -6 -17 -5 -17 -5 -17 -4 -17 -5 -17 -4 -17 -4 -17 -4 -16 -3 -16 -3 -17 -3 -15 -2 -15 -2 -15 -3 -15 -2 -15 -2 -15 -2 -15 -2 -14 -3 -14 -3 -14 -3 -13 0 0 -3 -13 -4 -13 -4 -13 -4 -13 -4 -13 -5 -13 -5 -13 -6 -12 -5 -12 -5 -12 -6 -12 -7 -12 -7 -12 -7 -11 -6 -12 -8 -12 -8 -12 -8 -11 -8 -11 -8 -11 -9 -11 -9 -11 -10 -12 -11 -11 -10 -11 -11 -11 0 0 0 0 0 0 0 0 0 0]"
"1768831270126053,CSI_DATA,STATION,00:00:00:00:00:00,0,0,0,0,0,0,0,0,0,0,0,0,0,0,0,0,0,0,0,0,0,128,[84 -64 4 0 0 0 0 0 0 0 0 0 14 -8 14 -7 15 -7 15 -6 15 -6 15 -6 15 -5 15 -5 15 -4 15 -4 15 -3 14 -3 15 -2 14 -2 14 -2 14 -2 14 -2 13 -2 13 -2 13 -2 13 -2 13 -2 12 -2 13 -2 12 -2 12 -3 0 0 11 -3 11 -3 11 -3 11 -4 11 -4 11 -4 11 -4 10 -4 10 -5 10 -5 10 -6 10 -5 10 -6 10 -6 10 -7 10 -7 10 -7 10 -8 10 -7 10 -8 10 -8 9 -8 10 -8 9 -9 9 -9 9 -9 0 0 0 0 0 0 0 0 0 0]"
"1768831270132562,CSI_DATA,STATION,00:00:00:00:00:00,0,0,0,0,0,0,0,0,0,0,0,0,0,0,0,0,0,0,0,0,0,128,[84 -64 4 0 0 0 0 0 0 0 0 0 -9 13 -10 13 -11 12 -11 12 -11 12 -12 11 -12 11 -13 10 -12 10 -12 10 -13 9 -12 9 -13 9 -13 8 -13 8 -12 8 -12 8 -12 8 -12 7 -12 7 -12 7 -12 7 -11 7 -11 7 -11 7 -11 7 0 0 -10 7 -10 7 -10 7 -9 7 -9 8 -9 7 -9 8 -9 8 -9 8 -8 9 -8 9 -8 9 -8 9 -7 10 -7 9 -7 10 -7 10 -7 10 -7 11 -6 11 -6 11 -6 11 -6 11 -5 11 -6 12 -6 12 0 0 0 0 0 0 0 0 0 0]"
"1768831270136934,CSI_DATA,STATION,00:00:00:00:00:00,0,0,0,0,0,0,0,0,0,0,0,0,0,0,0,0,0,0,0,0,0,128,[84 -64 4 0 0 0 0 0 0 0 0 0 0 15 -1 15 -1 15 -2 15 -2 15 -3 15 -3 15 -4 15 -4 14 -4 14 -5 14 -5 13 -5 13 -5 13 -5 13 -5 12 -6 12 -5 12 -5 12 -5 12 -5 12 -5 11 -5 11 -5 12 -4 11 -4 11 0 0 -4 11 -3 10 -3 11 -3 11 -2 11 -2 11 -2 11 -1 10 -2 10 -2 10 -1 11 -1 11 0 11 0 11 0 11 0 11 1 11 1 11 1 11 1 11 2 12 2 12 2 11 3 12 2 12 3 12 0 0 0 0 0 0 0 0 0 0]"
"1768831270143408,CSI_DATA,STATION,00:00:00:00:00:00,0,0,0,0,0,0,0,0,0,0,0,0,0,0,0,0,0,0,0,0,0,128,[84 -64 4 0 0 0 0 0 0 0 0 0 6 -15 6 -16 7 -15 7 -15 7 -15 8 -15 9 -14 9 -13 9 -13 9 -13 9 -13 9 -12 10 -12 9 -12 9 -12 9 -11 9 -11 9 -11 9 -11 9 -10 9 -10 8 -10 8 -10 8 -10 7 -10 7 -11 0 0 7 -10 6 -10 6 -10 6 -10 6 -11 5 -11 5 -11 5 -11 6 -11 5 -11 4 -11 4 -11 3 -12 4 -12 4 -12 3 -12 3 -12 3 -13 2 -13 2 -13 2 -13 2 -13 1 -14 1 -13 1 -14 1 -14 0 0 0 0 0 0 0 0 0 0]"
"1768831270147752,CSI_DATA,STATION,00:00:00:00:00:00,0,0,0,0,0,0,0,0,0,0,0,0,0,0,0,0,0,0,0,0,0,128,[84 -64 4 0 0 0 0 0 0 0 0 0 -8 -15 -8 -15 -7 -15 -7 -16 -6 -16 -5 -16 -4 -16 -4 -16 -3 -16 -4 -16 -3 -15 -3 -15 -3 -16 -3 -15 -2 -16 -2 -15 -1 -15 -1 -13 -2 -15 -2 -15 -2 -14 -2 -14 -2 -13 -2 -14 -2 -13 -2 -13 0 0 -3 -12 -3 -12 -4 -13 -3 -12 -4 -12 -4 -12 -4 -12 -5 -12 -4 -11 -5 -11 -5 -11 -5 -11 -6 -11 -6 -11 -6 -11 -7 -11 -7 -11 -7 -11 -7 -11 -7 -11 -8 -11 -8 -11 -8 -11 -9 -11 -9 -10 -9 -10 0 0 0 0 0 0 0 0 0 0]"
"1768831270152107,CSI_DATA,STATION,00:00:00:00:00:00,0,0,0,0,0,0,0,0,0,0,0,0,0,0,0,0,0,0,0,0,0,128,[84 -64 4 0 0 0 0 0 0 0 0 0 1 16 0 17 0 17 -1 18 -2 17 -2 17 -3 16 -3 16 -4 16 -4 16 -4 16 -4 15 -4 15 -4 15 -5 15 -5 14 -5 14 -5 13 -5 14 -5 14 -5 14 -5 13 -5 12 -4 13 -4 13 -4 12 0 0 -3 12 -3 12 -2 12 -2 12 -2 12 -2 12 -2 12 -1 12 -1 12 -1 12 -1 12 0 12 0 12 0 12 0 12 1 12 1 12 1 12 2 12 2 12 3 13 3 12 3 13 4 12 3 13 4 13 0 0 0 0 0 0 0 0 0 0]"
"1768831270158623,CSI_DATA,STATION,00:00:00:00:00:00,0,0,0,0,0,0,0,0,0,0,0,0,0,0,0,0,0,0,0,0,0,128,[84 -64 4 0 0 0 0 0 0 0 0 0 14 -7 14 -7 15 -6 15 -5 15 -5 15 -5 15 -4 15 -4 15 -3 15 -2 15 -2 14 -2 14 -2 14 -2 14 -1 14 -2 13 -2 13 -1 13 -1 13 -1 13 -1 13 -1 13 -1 12 -1 12 -1 12 -2 0 0 11 -2 11 -2 11 -2 11 -3 11 -3 11 -3 11 -3 11 -4 10 -4 10 -4 10 -5 10 -5 10 -5 10 -5 10 -6 10 -6 10 -7 10 -7 10 -7 10 -7 10 -7 9 -7 10 -8 9 -8 9 -9 9 -9 0 0 0 0 0 0 0 0 0 0]"
"1768831270162961,CSI_DATA,STATION,00:00:00:00:00:00,0,0,0,0,0,0,0,0,0,0,0,0,0,0,0,0,0,0,0,0,0,128,[84 -64 4 0 0 0 0 0 0 0 0 0 15 -1 15 1 16 2 15 2 15 2 15 3 15 3 15 3 14 4 14 5 14 4 13 5 14 5 13 5 13 5 13 4 12 4 12 5 12 5 12 5 12 5 11 5 11 4 11 4 11 4 11 3 0 0 10 3 11 3 11 3 11 2 11 2 11 2 11 2 11 2 11 1 10 1 11 0 11 1 11 0 11 0 11 -1 11 -1 11 -1 12 -2 11 -2 11 -2 12 -2 12 -2 12 -3 12 -3 12 -3 12 -4 0 0 0 0 0 0 0 0 0 0]"
"1768831270167488,CSI_DATA,STATION,00:00:00:00:00:00,0,0,0,0,0,0,0,0,0,0,0,0,0,0,0,0,0,0,0,0,0,128,[84 -64 4 0 0 0 0 0 0 0 0 0 -16 4 -17 3 -17 2 -18 2 -17 1 -17 1 -17 1 -16 0 -16 -1 -16 -1 -17 -1 -16 -1 -15 -2 -15 -2 -16 -2 -15 -2 -15 -2 -14 -2 -15 -2 -14 -3 -14 -3 -14 -3 -13 -2 -13 -2 -13 -2 -13 -1 0 0 -12 -1 -13 -1 -12 -1 -12 0 -13 -1 -12 0 -12 0 -12 1 -12 1 -12 2 -12 2 -12 2 -12 2 -12 2 -12 3 -12 4 -12 3 -12 4 -12 4 -12 4 -12 4 -12 4 -12 5 -12 5 -12 6 -12 6 0 0 0 0 0 0 0 0 0 0]"
"1768831270174139,CSI_DATA,STATION,00:00:00:00:00:00,0,0,0,0,0,0,0,0,0,0,0,0,0,0,0,0,0,0,0,0,0,128,[84 -64 4 0 0 0 0 0 0 0 0 0 -9 13 -10 13 -10 13 -11 13 -11 12 -12 12 -12 11 -12 10 -12 10 -12 10 -12 10 -12 9 -13 9 -12 9 -13 8 -12 8 -12 9 -12 8 -12 7 -11 7 -11 7 -12 7 -11 7 -11 7 -10 7 -10 7 0 0 -10 7 -9 7 -9 8 -9 7 -9 8 -9 7 -8 8 -8 8 -8 9 -7 9 -7 9 -7 9 -7 9 -7 10 -7 9 -6 10 -6 10 -6 10 -6 10 -6 10 -6 11 -5 11 -5 11 -5 11 -5 12 -5 12 0 0 0 0 0 0 0 0 0 0]"
"1768831270178491,CSI_DATA,STATION,00:00:00:00:00:00,0,0,0,0,0,0,0,0,0,0,0,0,0,0,0,0,0,0,0,0,0,128,[84 -64 4 0 0 0 0 0 0 0 0 0 15 -1 15 0 15 1 15 1 16 1 14 2 15 2 15 3 14 3 14 4 14 4 13 4 13 5 13 4 13 4 12 4 12 5 12 4 12 5 12 5 12 5 11 4 11 4 11 5 11 4 10 3 0 0 10 3 11 3 10 2 10 2 10 3 11 2 10 2 11 2 10 1 10 1 10 1 11 1 11 1 11 0 11 0 11 -1 11 -1 11 -1 11 -1 11 -2 11 -2 12 -2 12 -2 12 -2 12 -2 11 -3 0 0 0 0 0 0 0 0 0 0]"
"1768831270182841,CSI_DATA,STATION,00:00:00:00:00:00,0,0,0,0,0,0,0,0,0,0,0,0,0,0,0,0,0,0,0,0,0,128,[84 -64 4 0 0 0 0 0 0 0 0 0 14 6 14 7 14 8 14 8 13 8 13 9 12 8 12 9 11 9 12 10 11 10 10 10 11 10 10 10 10 10 9 10 10 9 9 9 9 10 9 10 9 9 9 9 8 8 9 9 9 8 9 8 0 0 9 7 9 7 9 7 8 6 9 7 9 6 9 5 9 6 9 5 9 5 10 5 10 5 10 4 10 4 10 4 10 4 11 3 11 3 11 2 11 2 11 2 12 3 12 2 12 2 12 2 12 1 0 0 0 0 0 0 0 0 0 0]"
"1768831270189349,CSI_DATA,STATION,00:00:00:00:00:00,0,0,0,0,0,0,0,0,0,0,0,0,0,0,0,0,0,0,0,0,0,128,[84 -64 4 0 0 0 0 0 0 0 0 0 10 11 9 12 9 12 9 12 8 12 8 13 7 12 6 13 6 13 6 14 6 12 5 13 5 13 5 13 5 13 5 12 5 12 4 11 4 12 4 12 4 11 5 11 4 10 5 11 4 11 4 10 0 0 4 10 5 10 5 10 4 9 6 9 5 9 6 9 6 9 6 8 6 8 7 8 7 8 7 8 8 8 7 7 8 7 9 7 8 7 8 7 9 7 9 7 9 7 10 7 10 6 10 6 10 6 0 0 0 0 0 0 0 0 0 0]"
"1768831270193693,CSI_DATA,STATION,00:00:00:00:00:00,0,0,0,0,0,0,0,0,0,0,0,0,0,0,0,0,0,0,0,0,0,128,[84 -64 4 0 0 0 0 0 0 0 0 0 11 11 11 12 10 12 10 13 9 13 9 13 8 13 7 13 7 14 7 14 6 14 6 13 6 13 6 13 6 14 5 13 4 13 4 12 5 13 5 13 4 13 5 12 4 11 5 11 5 12 4 11 0 0 5 11 5 11 5 11 4 10 5 10 6 10 6 10 6 9 6 9 6 9 6 9 7 9 7 9 8 9 7 9 8 9 8 8 8 8 8 8 8 8 9 8 9 8 9 8 10 8 10 8 10 8 0 0 0 0 0 0 0 0 0 0]"
"1768831270200277,CSI_DATA,STATION,00:00:00:00:00:00,0,0,0,0,0,0,0,0,0,0,0,0,0,0,0,0,0,0,0,0,0,128,[84 -64 4 0 0 0 0 0 0 0 0 0 -7 -15 -6 -16 -6 -16 -6 -17 -5 -16 -5 -17 -3 -16 -3 -16 -3 -16 -3 -16 -2 -16 -2 -16 -2 -16 -2 -16 -2 -16 -1 -15 -1 -14 -1 -14 -1 -14 -1 -14 -1 -14 -1 -14 -1 -13 -2 -13 -2 -13 -2 -13 0 0 -2 -12 -2 -13 -3 -13 -3 -12 -3 -12 -3 -13 -4 -12 -4 -12 -4 -11 -5 -11 -5 -11 -5 -11 -6 -12 -6 -11 -6 -11 -6 -12 -7 -11 -7 -11 -7 -11 -7 -11 -7 -11 -8 -11 -9 -11 -9 -11 -9 -11 -9 -11 0 0 0 0 0 0 0 0 0 0]"
"1768831270204650,CSI_DATA,STATION,00:00:00:00:00:00,0,0,0,0,0,0,0,0,0,0,0,0,0,0,0,0,0,0,0,0,0,128,[84 -64 4 0 0 0 0 0 0 0 0 0 15 -2 14 -2 15 -1 15 0 15 0 14 1 14 1 14 1 14 2 14 3 14 2 13 2 14 3 13 3 13 4 12 3 12 3 12 3 12 4 12 4 12 4 12 3 11 3 12 3 11 3 10 2 0 0 10 2 10 2 11 1 10 1 11 1 11 1 11 1 11 1 10 0 10 0 10 0 11 0 11 0 11 -1 11 -2 11 -2 11 -2 11 -2 11 -2 11 -3 11 -3 12 -2 12 -3 11 -3 11 -4 11 -4 0 0 0 0 0 0 0 0 0 0]"
"1768831270209016,CSI_DATA,STATION,00:00:00:00:00:00,0,0,0,0,0,0,0,0,0,0,0,0,0,0,0,0,0,0,0,0,0,128,[84 -64 4 0 0 0 0 0 0 0 0 0 -15 4 -15 3 -16 2 -16 1 -16 1 -16 1 -16 0 -16 0 -15 0 -16 -1 -15 -1 -14 -1 -15 -2 -14 -2 -14 -2 -14 -2 -13 -2 -14 -2 -14 -2 -13 -2 -13 -2 -13 -2 -13 -1 -13 -1 -12 -2 -12 -1 0 0 -12 -1 -12 0 -12 0 -11 0 -12 0 -12 0 -12 0 -12 1 -11 1 -11 2 -11 2 -12 2 -11 2 -11 2 -11 3 -11 4 -12 3 -11 3 -11 4 -11 4 -12 4 -12 4 -12 5 -12 5 -11 5 -11 6 0 0 0 0 0 0 0 0 0 0]"
"1768831270215552,CSI_DATA,STATION,00:00:00:00:00:00,0,0,0,0,0,0,0,0,0,0,0,0,0,0,0,0,0,0,0,0,0,128,[84 -64 4 0 0 0 0 0 0 0 0 0 14 -3 15 -3 15 -2 15 -2 15 -1 15 0 15 0 14 1 14 0 14 2 14 1 13 2 14 2 14 2 14 2 12 2 12 2 12 2 13 2 12 2 12 3 12 2 11 1 12 2 12 1 11 1 0 0 11 1 11 0 11 0 11 0 11 0 11 -1 11 0 11 -1 11 -1 10 -2 10 -2 11 -2 11 -2 11 -2 11 -3 11 -4 11 -4 11 -4 11 -4 11 -4 11 -5 11 -5 11 -5 11 -5 11 -6 11 -6 0 0 0 0 0 0 0 0 0 0]"
"1768831270219926,CSI_DATA,STATION,00:00:00:00:00:00,0,0,0,0,0,0,0,0,0,0,0,0,0,0,0,0,0,0,0,0,0,128,[84 -64 4 0 0 0 0 0 0 0 0 0 -13 -10 -12 -10 -12 -10 -12 -11 -11 -12 -11 -12 -10 -12 -9 -13 -9 -13 -10 -13 -9 -12 -8 -12 -9 -13 -8 -12 -8 -13 -8 -12 -7 -12 -7 -12 -7 -12 -7 -12 -7 -12 -7 -12 -6 -11 -7 -11 -7 -11 -7 -10 0 0 -7 -10 -7 -10 -8 -10 -7 -10 -8 -10 -7 -10 -8 -9 -8 -9 -8 -8 -8 -8 -9 -8 -9 -8 -9 -8 -9 -8 -9 -8 -9 -8 -10 -8 -10 -7 -10 -7 -10 -8 -10 -7 -11 -7 -11 -7 -12 -7 -11 -7 -12 -6 0 0 0 0 0 0 0 0 0 0]"
"1768831270226448,CSI_DATA,STATION,00:00:00:00:00:00,0,0,0,0,0,0,0,0,0,0,0,0,0,0,0,0,0,0,0,0,0,128,[84 -64 4 0 0 0 0 0 0 0 0 0 -13 -10 -12 -10 -13 -11 -12 -11 -12 -12 -10 -11 -10 -12 -9 -12 -10 -12 -10 -13 -9 -12 -9 -12 -9 -13 -8 -12 -8 -13 -8 -12 -7 -12 -7 -12 -7 -12 -7 -12 -7 -12 -7 -12 -7 -11 -7 -11 -7 -11 -7 -10 0 0 -7 -10 -7 -10 -7 -10 -7 -10 -8 -9 -8 -10 -7 -9 -8 -10 -8 -9 -9 -9 -9 -8 -9 -8 -9 -8 -9 -8 -9 -8 -9 -7 -11 -8 -9 -8 -10 -7 -10 -7 -10 -7 -11 -8 -12 -8 -12 -7 -12 -7 -12 -7 0 0 0 0 0 0 0 0 0 0]"
"1768831270230791,CSI_DATA,STATION,00:00:00:00:00:00,0,0,0,0,0,0,0,0,0,0,0,0,0,0,0,0,0,0,0,0,0,128,[84 -64 4 0 0 0 0 0 0 0 0 0 -1 -16 -1 -16 0 -17 0 -16 1 -17 2 -16 3 -15 3 -15 3 -15 3 -15 3 -15 3 -14 3 -14 3 -14 4 -14 4 -13 4 -13 4 -13 4 -13 4 -13 4 -12 3 -12 3 -12 3 -12 2 -12 2 -12 0 0 3 -11 2 -12 1 -12 1 -12 1 -12 1 -12 0 -12 1 -12 0 -12 0 -12 -1 -12 -1 -12 -2 -12 -1 -12 -1 -12 -2 -12 -2 -12 -2 -12 -2 -13 -2 -13 -3 -13 -3 -13 -4 -13 -5 -13 -4 -13 -4 -13 0 0 0 0 0 0 0 0 0 0]"
"1768831270235151,CSI_DATA,STATION,00:00:00:00:00:00,0,0,0,0,0,0,0,0,0,0,0,0,0,0,0,0,0,0,0,0,0,128,[84 -64 4 0 0 0 0 0 0 0 0 0 -8 13 -9 13 -9 13 -9 12 -10 12 -10 11 -10 11 -11 11 -11 10 -11 10 -11 10 -11 9 -11 9 -11 9 -11 8 -11 9 -11 9 -11 8 -11 8 -10 8 -10 8 -10 7 -10 8 -10 8 -9 7 -9 8 0 0 -9 8 -8 8 -8 8 -8 8 -8 8 -8 8 -7 8 -7 9 -7 9 -7 9 -7 9 -6 9 -6 9 -5 10 -6 10 -5 10 -5 10 -5 10 -5 11 -5 11 -5 12 -4 11 -4 11 -4 12 -4 12 -4 12 0 0 0 0 0 0 0 0 0 0]"
"1768831270241635,CSI_DATA,STATION,00:00:00:00:00:00,0,0,0,0,0,0,0,0,0,0,0,0,0,0,0,0,0,0,0,0,0,128,[84 -64 4 0 0 0 0 0 0 0 0 0 10 11 9 11 9 12 8 12 8 13 7 13 7 13 6 13 5 13 5 14 5 13 5 13 5 13 5 13 4 13 4 12 3 12 3 12 4 12 4 12 3 12 3 12 3 11 4 11 4 11 3 11 0 0 3 10 4 11 4 10 4 10 4 10 5 10 5 10 5 9 5 9 5 9 5 9 6 9 6 9 7 9 6 9 6 9 7 9 7 8 7 9 7 8 8 8 8 9 8 9 9 8 8 8 9 8 0 0 0 0 0 0 0 0 0 0]"
"1768831270245987,CSI_DATA,STATION,00:00:00:00:00:00,0,0,0,0,0,0,0,0,0,0,0,0,0,0,0,0,0,0,0,0,0,128,[84 -64 4 0 0 0 0 0 0 0 0 0 -2 -17 -2 -17 -1 -17 -1 -17 -1 -17 0 -17 1 -17 1 -16 2 -17 2 -16 3 -16 3 -16 3 -16 3 -15 3 -15 3 -15 4 -14 3 -15 4 -14 3 -14 3 -14 3 -14 3 -13 3 -13 3 -13 3 -13 0 0 2 -13 1 -13 1 -12 1 -13 1 -12 0 -12 0 -13 0 -13 0 -12 0 -12 0 -13 -1 -12 -1 -13 -1 -13 -2 -13 -2 -13 -2 -13 -2 -13 -3 -13 -3 -13 -3 -14 -3 -13 -4 -14 -4 -13 -4 -14 -4 -14 0 0 0 0 0 0 0 0 0 0]"
"1768831270250354,CSI_DATA,STATION,00:00:00:00:00:00,0,0,0,0,0,0,0,0,0,0,0,0,0,0,0,0,0,0,0,0,0,128,[84 -64 4 0 0 0 0 0 0 0 0 0 -16 -2 -16 -3 -16 -3 -16 -4 -16 -4 -15 -5 -14 -5 -15 -5 -14 -6 -14 -6 -14 -6 -13 -6 -14 -7 -13 -6 -13 -7 -12 -6 -13 -6 -12 -6 -12 -6 -12 -7 -12 -7 -12 -6 -11 -6 -12 -6 -12 -6 -11 -5 0 0 -11 -5 -11 -4 -11 -4 -11 -3 -12 -4 -11 -3 -11 -3 -12 -3 -11 -3 -11 -2 -12 -1 -12 -1 -12 -1 -12 -1 -12 -1 -12 -1 -12 -1 -12 0 -12 0 -12 0 -13 0 -13 0 -13 1 -13 1 -13 1 -13 2 0 0 0 0 0 0 0 0 0 0]"
"1768831270256890,CSI_DATA,STATION,00:00:00:00:00:00,0,0,0,0,0,0,0,0,0,0,0,0,0,0,0,0,0,0,0,0,0,128,[84 -64 4 0 0 0 0 0 0 0 0 0 4 13 4 14 3 14 3 14 2 14 2 14 1 14 0 14 0 14 1 14 0 13 0 13 0 13 0 13 -1 13 -1 12 -2 12 -2 12 -1 12 -1 12 -1 11 -1 11 -1 11 -1 11 0 11 0 11 0 0 0 10 0 10 1 10 0 10 1 10 2 10 1 10 2 10 2 9 2 9 2 9 3 10 3 10 4 10 3 10 3 10 4 9 4 9 4 9 4 9 5 9 5 10 6 10 6 9 6 10 6 10 0 0 0 0 0 0 0 0 0 0]"
"1768831270261225,CSI_DATA,STATION,00:00:00:00:00:00,0,0,0,0,0,0,0,0,0,0,0,0,0,0,0,0,0,0,0,0,0,128,[84 -64 4 0 0 0 0 0 0 0 0 0 -10 10 -11 9 -11 9 -12 8 -12 8 -12 8 -12 7 -13 6 -13 6 -13 6 -12 6 -12 6 -12 6 -12 6 -13 5 -12 5 -11 5 -12 5 -11 4 -11 4 -11 4 -11 4 -11 5 -10 5 -10 5 -10 5 0 0 -10 5 -10 5 -9 5 -9 6 -9 6 -9 5 -8 6 -8 6 -8 7 -8 7 -8 7 -7 7 -7 7 -7 7 -7 7 -7 8 -7 8 -7 8 -6 9 -7 9 -6 9 -6 9 -6 9 -6 10 -6 10 -5 10 0 0 0 0 0 0 0 0 0 0]"
"1768831270272169,CSI_DATA,STATION,00:00:00:00:00:00,0,0,0,0,0,0,0,0,0,0,0,0,0,0,0,0,0,0,0,0,0,128,[84 -64 4 0 0 0 0 0 0 0 0 0 4 -15 4 -14 5 -15 5 -14 6 -14 6 -14 7 -13 6 -13 7 -13 7 -13 7 -12 7 -12 8 -12 8 -11 8 -11 8 -11 7 -11 7 -11 7 -10 7 -10 7 -10 7 -10 7 -10 6 -10 6 -10 6 -10 0 0 6 -10 5 -10 5 -9 5 -9 4 -10 4 -9 4 -10 4 -10 4 -10 3 -10 3 -10 3 -11 3 -10 2 -10 2 -11 2 -11 2 -12 2 -11 2 -11 1 -12 1 -12 1 -12 1 -12 0 -12 1 -12 0 -13 0 0 0 0 0 0 0 0 0 0]"
"1768831270278766,CSI_DATA,STATION,00:00:00:00:00:00,0,0,0,0,0,0,0,0,0,0,0,0,0,0,0,0,0,0,0,0,0,128,[84 -64 4 0 0 0 0 0 0 0 0 0 -13 -8 -13 -8 -13 -9 -13 -9 -12 -9 -12 -10 -11 -10 -11 -10 -10 -11 -11 -11 -10 -10 -9 -10 -10 -11 -9 -11 -9 -11 -8 -10 -9 -10 -9 -10 -9 -10 -8 -10 -8 -10 -8 -10 -8 -9 -8 -10 -8 -9 -8 -8 0 0 -8 -8 -8 -8 -9 -8 -8 -7 -9 -8 -9 -7 -9 -7 -9 -7 -9 -6 -9 -6 -9 -6 -10 -6 -10 -5 -10 -6 -10 -5 -10 -4 -11 -5 -11 -4 -11 -4 -11 -4 -11 -4 -11 -4 -12 -4 -12 -4 -12 -3 -12 -3 0 0 0 0 0 0 0 0 0 0]"
"1768831270283143,CSI_DATA,STATION,00:00:00:00:00:00,0,0,0,0,0,0,0,0,0,0,0,0,0,0,0,0,0,0,0,0,0,128,[84 -64 4 0 0 0 0 0 0 0 0 0 -10 -12 -10 -12 -10 -13 -10 -14 -9 -14 -8 -14 -7 -14 -7 -14 -7 -14 -7 -15 -6 -14 -6 -13 -6 -14 -6 -14 -6 -14 -4 -13 -4 -13 -4 -13 -4 -13 -5 -13 -5 -13 -5 -13 -5 -12 -5 -12 -5 -12 -5 -11 0 0 -5 -11 -5 -11 -6 -11 -5 -10 -6 -10 -6 -11 -6 -10 -6 -10 -6 -9 -7 -9 -7 -9 -7 -9 -8 -9 -8 -9 -7 -9 -8 -9 -9 -9 -9 -9 -9 -8 -9 -8 -9 -8 -10 -8 -10 -8 -10 -8 -10 -8 -10 -8 0 0 0 0 0 0 0 0 0 0]"
"1768831270289692,CSI_DATA,STATION,00:00:00:00:00:00,0,0,0,0,0,0,0,0,0,0,0,0,0,0,0,0,0,0,0,0,0,128,[84 -64 4 0 0 0 0 0 0 0 0 0 -16 -2 -16 -3 -16 -4 -16 -4 -16 -5 -15 -5 -14 -5 -14 -6 -14 -6 -15 -6 -14 -6 -13 -6 -14 -7 -13 -7 -13 -7 -12 -7 -12 -7 -12 -6 -12 -7 -12 -7 -12 -6 -12 -6 -11 -6 -12 -6 -11 -6 -11 -6 0 0 -11 -5 -11 -5 -11 -4 -10 -4 -11 -4 -11 -4 -11 -4 -11 -3 -11 -3 -11 -2 -11 -2 -12 -2 -11 -2 -12 -2 -11 -1 -12 -1 -12 -1 -12 -1 -12 -1 -12 0 -12 0 -13 0 -12 1 -13 1 -12 1 -13 2 0 0 0 0 0 0 0 0 0 0]"
"1768831270294091,CSI_DATA,STATION,00:00:00:00:00:00,0,0,0,0,0,0,0,0,0,0,0,0,0,0,0,0,0,0,0,0,0,128,[84 -64 4 0 0 0 0 0 0 0 0 0 4 14 3 14 4 15 3 15 3 15 2 15 1 15 0 15 0 14 0 15 0 14 -1 14 -1 14 -1 13 -1 14 -1 14 -1 12 -2 12 -1 13 -1 13 -1 12 -1 12 -1 12 -1 12 0 12 0 11 0 0 0 11 1 11 1 11 1 11 1 10 2 11 2 10 2 10 2 9 2 10 2 10 3 10 3 10 4 9 4 10 4 10 5 10 5 9 5 9 5 9 5 9 6 9 6 10 7 10 6 9 6 9 0 0 0 0 0 0 0 0 0 0]"
"1768831270298434,CSI_DATA,STATION,00:00:00:00:00:00,0,0,0,0,0,0,0,0,0,0,0,0,0,0,0,0,0,0,0,0,0,128,[84 -64 4 0 0 0 0 0 0 0 0 0 7 13 6 13 6 14 6 14 5 15 4 14 4 14 3 14 3 14 3 15 2 14 2 14 2 14 2 14 2 14 2 13 1 12 1 12 2 12 2 13 2 12 2 12 1 12 2 12 2 11 2 11 0 0 2 10 3 10 3 10 3 10 4 10 4 10 4 10 4 9 4 9 4 9 5 9 5 9 5 9 6 8 6 8 6 8 7 8 7 8 7 8 7 8 7 8 8 8 9 8 9 7 9 7 9 7 0 0 0 0 0 0 0 0 0 0]"
"1768831270304990,CSI_DATA,STATION,00:00:00:00:00:00,0,0,0,0,0,0,0,0,0,0,0,0,0,0,0,0,0,0,0,0,0,128,[84 -64 4 0 0 0 0 0 0 0 0 0 5 -16 6 -16 6 -16 7 -15 8 -15 8 -15 8 -14 9 -14 9 -13 9 -14 9 -13 9 -13 9 -13 9 -12 9 -11 10 -12 9 -11 9 -11 9 -10 9 -10 9 -11 8 -10 9 -10 8 -10 8 -10 7 -10 0 0 7 -10 6 -10 6 -10 6 -10 6 -10 6 -10 5 -10 5 -10 5 -10 5 -11 4 -11 4 -11 3 -11 4 -11 4 -12 3 -12 3 -12 3 -12 3 -12 3 -12 3 -12 2 -13 2 -13 1 -13 1 -13 1 -13 0 0 0 0 0 0 0 0 0 0]"
"1768831270309322,CSI_DATA,STATION,00:00:00:00:00:00,0,0,0,0,0,0,0,0,0,0,0,0,0,0,0,0,0,0,0,0,0,128,[84 -64 4 0 0 0 0 0 0 0 0 0 -6 -14 -5 -14 -5 -14 -5 -15 -4 -14 -4 -15 -2 -15 -2 -15 -2 -15 -1 -14 -1 -15 -1 -14 -1 -14 0 -14 0 -14 0 -13 0 -13 1 -12 0 -13 0 -13 0 -13 0 -12 0 -12 0 -12 -1 -12 -1 -11 0 0 -1 -11 -1 -11 -1 -11 -1 -11 -2 -11 -2 -11 -2 -11 -3 -11 -2 -10 -2 -10 -3 -11 -3 -10 -4 -10 -4 -11 -4 -10 -4 -10 -5 -10 -5 -11 -5 -10 -5 -11 -5 -11 -6 -11 -6 -11 -6 -11 -6 -11 -6 -10 0 0 0 0 0 0 0 0 0 0]"
"1768831270313675,CSI_DATA,STATION,00:00:00:00:00:00,0,0,0,0,0,0,0,0,0,0,0,0,0,0,0,0,0,0,0,0,0,128,[84 -64 4 0 0 0 0 0 0 0 0 0 8 -12 8 -12 8 -12 9 -11 9 -11 10 -11 9 -10 10 -10 10 -9 10 -9 10 -9 11 -8 10 -8 10 -8 10 -7 10 -8 10 -7 10 -7 9 -7 10 -7 9 -7 9 -7 9 -7 8 -7 8 -6 8 -7 0 0 8 -7 7 -7 7 -7 7 -7 6 -7 7 -7 6 -7 6 -8 6 -8 6 -9 5 -9 5 -9 5 -8 5 -9 5 -9 5 -9 4 -10 5 -10 4 -10 4 -10 4 -10 4 -10 3 -11 3 -11 3 -11 3 -11 0 0 0 0 0 0 0 0 0 0]"
"1768831270320145,CSI_DATA,STATION,00:00:00:00:00:00,0,0,0,0,0,0,0,0,0,0,0,0,0,0,0,0,0,0,0,0,0,128,[84 -64 4 0 0 0 0 0 0 0 0 0 -16 1 -16 0 -16 0 -17 -1 -16 -1 -16 -1 -15 -2 -16 -3 -15 -3 -15 -3 -15 -3 -14 -3 -14 -4 -14 -4 -14 -4 -14 -4 -13 -4 -13 -4 -13 -4 -13 -5 -13 -4 -12 -4 -12 -4 -12 -4 -12 -3 -12 -3 0 0 -11 -3 -12 -3 -12 -2 -11 -2 -11 -2 -11 -2 -12 -2 -11 -1 -11 -1 -11 -1 -11 0 -12 0 -12 0 -12 0 -11 1 -11 2 -12 1 -12 2 -12 2 -12 2 -12 2 -12 3 -12 3 -12 3 -12 3 -12 4 0 0 0 0 0 0 0 0 0 0]"
"1768831270324517,CSI_DATA,STATION,00:00:00:00:00:00,0,0,0,0,0,0,0,0,0,0,0,0,0,0,0,0,0,0,0,0,0,128,[84 -64 4 0 0 0 0 0 0 0 0 0 -10 12 -10 12 -11 11 -12 11 -12 10 -12 10 -12 9 -13 9 -13 9 -13 8 -13 8 -13 8 -13 7 -12 7 -13 7 -12 7 -12 6 -12 6 -12 6 -12 5 -12 5 -12 5 -11 6 -11 6 -11 6 -11 6 0 0 -10 6 -10 6 -10 6 -10 6 -9 6 -9 6 -9 6 -9 7 -8 7 -8 8 -8 8 -8 7 -8 8 -8 8 -8 8 -7 9 -7 9 -7 9 -7 9 -7 9 -7 10 -7 10 -6 10 -6 10 -6 10 -6 11 0 0 0 0 0 0 0 0 0 0]"
"1768831270331015,CSI_DATA,STATION,00:00:00:00:00:00,0,0,0,0,0,0,0,0,0,0,0,0,0,0,0,0,0,0,0,0,0,128,[84 -64 4 0 0 0 0 0 0 0 0 0 15 -1 15 -1 15 0 16 0 15 1 15 1 15 2 15 2 14 2 14 3 14 3 14 3 13 4 13 4 14 4 12 3 12 4 11 3 12 4 12 4 12 4 11 4 11 3 11 4 11 3 11 2 0 0 11 2 11 2 11 2 11 1 11 2 11 1 11 1 10 0 10 0 10 0 10 -1 11 0 11 0 11 -1 11 -1 11 -2 11 -2 11 -3 11 -2 11 -3 11 -3 11 -3 11 -3 11 -4 11 -3 12 -4 0 0 0 0 0 0 0 0 0 0]"
"1768831270335353,CSI_DATA,STATION,00:00:00:00:00:00,0,0,0,0,0,0,0,0,0,0,0,0,0,0,0,0,0,0,0,0,0,128,[84 -64 4 0 0 0 0 0 0 0 0 0 -4 -16 -3 -16 -3 -16 -3 -16 -2 -17 -1 -16 0 -16 0 -16 0 -16 0 -16 1 -15 2 -15 2 -15 2 -14 1 -15 2 -14 2 -14 2 -14 2 -14 2 -14 1 -13 2 -13 2 -13 2 -12 1 -13 1 -12 0 0 1 -12 0 -12 0 -12 0 -12 0 -12 -1 -12 -1 -12 -1 -12 -1 -11 -1 -11 -1 -12 -2 -11 -2 -11 -2 -12 -3 -12 -3 -12 -4 -12 -4 -12 -4 -12 -4 -12 -4 -12 -5 -12 -5 -12 -5 -12 -5 -12 -5 -12 0 0 0 0 0 0 0 0 0 0]"
"1768831270339691,CSI_DATA,STATION,00:00:00:00:00:00,0,0,0,0,0,0,0,0,0,0,0,0,0,0,0,0,0,0,0,0,0,128,[84 -64 4 0 0 0 0 0 0 0 0 0 11 9 11 9 11 10 10 11 10 11 9 11 8 11 8 11 7 11 8 12 7 12 7 11 7 12 6 11 6 12 6 11 6 11 5 10 6 11 5 11 5 11 5 11 5 10 6 10 5 10 5 9 0 0 5 9 5 9 6 9 5 8 6 8 6 9 6 8 7 8 7 7 7 7 7 6 8 7 8 7 8 7 7 7 8 7 8 6 9 6 9 6 9 6 9 6 9 6 10 6 10 5 10 5 10 5 0 0 0 0 0 0 0 0 0 0]"
"1768831270346202,CSI_DATA,STATION,00:00:00:00:00:00,0,0,0,0,0,0,0,0,0,0,0,0,0,0,0,0,0,0,0,0,0,128,[84 -64 4 0 0 0 0 0 0 0 0 0 1 -17 1 -17 1 -17 2 -16 3 -17 4 -16 4 -15 4 -16 4 -15 4 -15 5 -14 5 -14 5 -14 6 -14 5 -13 6 -13 6 -13 6 -13 5 -13 5 -12 5 -11 5 -12 5 -12 5 -12 4 -11 4 -12 0 0 4 -11 3 -11 3 -11 3 -11 3 -12 2 -11 2 -11 2 -12 2 -11 2 -12 2 -11 1 -12 0 -11 0 -12 0 -12 0 -12 -1 -12 0 -12 -1 -12 -1 -12 -1 -12 -2 -12 -2 -13 -2 -13 -2 -13 -3 -13 0 0 0 0 0 0 0 0 0 0]"
"1768831270350541,CSI_DATA,STATION,00:00:00:00:00:00,0,0,0,0,0,0,0,0,0,0,0,0,0,0,0,0,0,0,0,0,0,128,[84 -64 4 0 0 0 0 0 0 0 0 0 2 15 1 15 1 16 1 15 0 15 0 15 -1 15 -2 15 -2 14 -2 16 -3 14 -3 14 -3 14 -3 14 -3 14 -3 13 -4 13 -4 12 -3 13 -3 13 -4 12 -3 12 -3 12 -3 12 -3 12 -3 11 0 0 -2 11 -2 11 -1 11 -2 11 -1 11 -1 11 0 11 0 11 0 10 0 10 0 11 1 11 1 11 2 11 1 11 2 11 3 11 2 11 3 11 3 10 3 11 4 11 4 12 5 11 4 11 4 11 0 0 0 0 0 0 0 0 0 0]"
"1768831270357067,CSI_DATA,STATION,00:00:00:00:00:00,0,0,0,0,0,0,0,0,0,0,0,0,0,0,0,0,0,0,0,0,0,128,[84 -64 4 0 0 0 0 0 0 0 0 0 -10 -11 -9 -11 -9 -12 -9 -12 -8 -13 -8 -12 -7 -12 -7 -13 -6 -13 -6 -13 -6 -13 -5 -13 -5 -13 -5 -13 -5 -13 -5 -12 -4 -12 -4 -11 -4 -12 -4 -12 -4 -12 -4 -12 -4 -11 -5 -11 -4 -11 -4 -10 0 0 -4 -10 -5 -11 -5 -10 -4 -10 -5 -10 -5 -10 -5 -10 -6 -9 -6 -9 -6 -9 -6 -9 -6 -9 -7 -8 -7 -9 -7 -9 -7 -8 -8 -8 -8 -8 -8 -8 -8 -8 -8 -8 -8 -8 -9 -8 -9 -8 -9 -8 -9 -7 0 0 0 0 0 0 0 0 0 0]"
"1768831270361388,CSI_DATA,STATION,00:00:00:00:00:00,0,0,0,0,0,0,0,0,0,0,0,0,0,0,0,0,0,0,0,0,0,128,[84 -64 4 0 0 0 0 0 0 0 0 0 -15 -5 -15 -6 -15 -7 -15 -7 -15 -8 -14 -8 -13 -8 -14 -9 -13 -9 -13 -9 -13 -9 -12 -9 -13 -10 -12 -10 -12 -10 -11 -9 -11 -9 -11 -9 -11 -10 -10 -10 -10 -10 -10 -10 -10 -9 -11 -9 -10 -9 -10 -8 0 0 -9 -8 -10 -7 -10 -7 -10 -6 -11 -7 -10 -7 -10 -6 -10 -6 -10 -6 -10 -5 -11 -5 -11 -5 -11 -5 -12 -5 -11 -4 -12 -4 -12 -4 -12 -4 -12 -3 -12 -3 -12 -3 -13 -3 -13 -3 -13 -3 -13 -2 -13 -2 0 0 0 0 0 0 0 0 0 0]"
"1768831270365767,CSI_DATA,STATION,00:00:00:00:00:00,0,0,0,0,0,0,0,0,0,0,0,0,0,0,0,0,0,0,0,0,0,128,[84 -64 4 0 0 0 0 0 0 0 0 0 1 13 1 13 1 14 0 14 0 14 -1 14 -2 14 -2 13 -2 13 -3 13 -3 13 -3 12 -4 12 -4 12 -3 12 -3 12 -4 12 -4 12 -4 11 -3 11 -3 11 -3 11 -4 10 -3 10 -3 10 -3 10 0 0 -2 10 -2 10 -2 10 -2 10 -1 10 -1 10 -1 9 -1 9 -1 9 -1 10 -1 10 0 10 0 10 1 10 1 10 1 10 1 10 1 10 2 10 2 10 2 10 3 10 2 10 3 10 2 10 3 10 0 0 0 0 0 0 0 0 0 0]"
"1768831270372557,CSI_DATA,STATION,00:00:00:00:00:00,0,0,0,0,0,0,0,0,0,0,0,0,0,0,0,0,0,0,0,0,0,128,[84 -64 4 0 0 0 0 0 0 0 0 0 -13 -5 -13 -6 -13 -7 -13 -8 -13 -8 -12 -8 -12 -8 -11 -9 -11 -9 -11 -10 -11 -9 -10 -9 -10 -10 -10 -9 -10 -10 -9 -9 -9 -9 -9 -9 -9 -10 -9 -9 -9 -9 -9 -9 -8 -8 -9 -9 -9 -8 -9 -7 0 0 -8 -7 -9 -7 -9 -7 -8 -6 -9 -7 -9 -6 -9 -6 -9 -6 -9 -6 -9 -6 -10 -5 -10 -5 -10 -5 -10 -5 -10 -5 -10 -4 -11 -5 -10 -4 -10 -4 -11 -4 -11 -4 -11 -4 -11 -4 -12 -3 -12 -3 -12 -3 0 0 0 0 0 0 0 0 0 0]"
"1768831270376908,CSI_DATA,STATION,00:00:00:00:00:00,0,0,0,0,0,0,0,0,0,0,0,0,0,0,0,0,0,0,0,0,0,128,[84 -64 4 0 0 0 0 0 0 0 0 0 10 -10 10 -9 11 -9 11 -9 12 -8 11 -9 11 -8 12 -8 12 -8 12 -7 12 -7 12 -6 12 -6 11 -5 12 -5 11 -6 11 -5 11 -5 11 -5 11 -5 10 -5 10 -5 10 -5 10 -5 10 -5 10 -5 0 0 9 -6 9 -6 9 -6 9 -6 8 -6 8 -6 8 -7 7 -7 7 -7 7 -8 7 -8 7 -7 7 -8 7 -8 7 -9 6 -9 6 -9 6 -9 6 -9 6 -10 6 -10 5 -10 6 -10 5 -10 5 -11 5 -11 0 0 0 0 0 0 0 0 0 0]"
"1768831270381322,CSI_DATA,STATION,00:00:00:00:00:00,0,0,0,0,0,0,0,0,0,0,0,0,0,0,0,0,0,0,0,0,0,128,[84 -64 4 0 0 0 0 0 0 0 0 0 -14 2 -14 2 -14 1 -14 1 -14 0 -14 0 -14 -1 -14 -1 -13 -1 -14 -2 -13 -1 -13 -1 -13 -2 -13 -2 -13 -2 -12 -2 -12 -3 -11 -3 -12 -3 -11 -3 -11 -3 -11 -3 -11 -2 -11 -2 -11 -2 -11 -1 0 0 -10 -2 -11 -1 -10 -1 -10 -1 -10 -1 -10 -1 -10 0 -10 0 -10 0 -10 1 -10 1 -10 1 -10 1 -10 1 -10 2 -10 2 -10 2 -10 2 -11 3 -11 3 -10 3 -11 3 -11 3 -10 4 -10 4 -11 4 0 0 0 0 0 0 0 0 0 0]"
"1768831270387827,CSI_DATA,STATION,00:00:00:00:00:00,0,0,0,0,0,0,0,0,0,0,0,0,0,0,0,0,0,0,0,0,0,128,[84 -64 4 0 0 0 0 0 0 0 0 0 -15 3 -15 3 -16 2 -16 1 -15 1 -15 1 -15 0 -15 0 -15 -1 -15 -2 -15 -1 -14 -2 -15 -2 -14 -2 -14 -3 -13 -2 -13 -2 -13 -2 -14 -3 -13 -3 -13 -3 -13 -3 -12 -2 -12 -2 -12 -2 -12 -1 0 0 -11 -1 -12 -1 -11 -1 -11 0 -12 -1 -11 -1 -12 0 -12 0 -11 0 -11 1 -11 1 -11 1 -12 1 -12 1 -11 2 -11 3 -12 2 -11 3 -12 3 -12 3 -12 4 -12 3 -12 4 -12 4 -12 4 -11 4 0 0 0 0 0 0 0 0 0 0]"
"1768831270392258,CSI_DATA,STATION,00:00:00:00:00:00,0,0,0,0,0,0,0,0,0,0,0,0,0,0,0,0,0,0,0,0,0,128,[84 -64 4 0 0 0 0 0 0 0 0 0 -6 14 -7 14 -7 13 -8 13 -8 13 -9 13 -9 12 -10 12 -10 11 -10 11 -10 11 -10 11 -10 10 -10 10 -11 9 -10 10 -10 10 -10 9 -10 9 -10 8 -10 8 -9 8 -9 8 -9 8 -9 8 -9 8 0 0 -8 8 -8 8 -8 8 -8 8 -7 8 -7 8 -7 9 -7 9 -7 9 -6 9 -6 9 -6 9 -6 9 -5 10 -6 10 -5 10 -5 10 -5 10 -4 11 -5 11 -4 11 -4 11 -4 11 -4 11 -4 12 -4 12 0 0 0 0 0 0 0 0 0 0]"
"1768831270396653,CSI_DATA,STATION,00:00:00:00:00:00,0,0,0,0,0,0,0,0,0,0,0,0,0,0,0,0,0,0,0,0,0,128,[84 -64 4 0 0 0 0 0 0 0 0 0 11 -12 11 -11 12 -11 12 -10 13 -10 13 -9 13 -9 13 -9 13 -8 13 -7 13 -7 13 -7 12 -6 13 -6 13 -6 12 -6 12 -6 12 -6 12 -5 12 -5 11 -5 11 -5 11 -5 11 -6 11 -5 10 -6 0 0 10 -6 10 -5 9 -6 10 -6 9 -6 9 -6 9 -7 9 -7 9 -7 8 -7 8 -8 8 -8 8 -8 8 -8 8 -8 7 -9 8 -10 7 -9 7 -9 7 -10 7 -10 7 -10 7 -11 7 -11 7 -11 7 -11 0 0 0 0 0 0 0 0 0 0]"
"1768831270403246,CSI_DATA,STATION,00:00:00:00:00:00,0,0,0,0,0,0,0,0,0,0,0,0,0,0,0,0,0,0,0,0,0,128,[84 -64 4 0 0 0 0 0 0 0 0 0 0 15 0 15 -1 15 -1 15 -2 15 -2 15 -3 15 -3 15 -3 14 -4 14 -4 14 -4 13 -4 13 -4 13 -4 13 -4 13 -5 13 -5 12 -4 12 -4 12 -4 12 -4 12 -4 11 -4 11 -3 11 -4 11 0 0 -3 11 -2 11 -2 11 -2 11 -2 11 -1 11 -1 11 -1 10 -1 10 -1 10 0 11 0 11 1 11 1 11 1 11 1 11 2 11 2 11 2 11 2 11 3 11 3 11 3 11 4 11 3 11 4 11 0 0 0 0 0 0 0 0 0 0]"
"1768831270407690,CSI_DATA,STATION,00:00:00:00:00:00,0,0,0,0,0,0,0,0,0,0,0,0,0,0,0,0,0,0,0,0,0,128,[84 -64 4 0 0 0 0 0 0 0 0 0 15 -6 14 -5 15 -4 15 -4 15 -3 15 -3 15 -2 15 -2 14 -2 15 -1 14 -1 14 -1 14 0 14 0 14 0 13 0 13 0 12 1 13 1 13 1 12 1 12 1 12 0 12 1 12 0 11 -1 0 0 11 0 11 -1 11 -1 11 -1 11 -1 11 -2 11 -2 10 -2 10 -2 10 -3 10 -3 10 -3 11 -3 10 -3 10 -4 11 -4 10 -4 10 -5 11 -5 10 -5 10 -6 10 -5 11 -6 10 -6 10 -7 10 -6 0 0 0 0 0 0 0 0 0 0]"
"1768831270420765,CSI_DATA,STATION,00:00:00:00:00:00,0,0,0,0,0,0,0,0,0,0,0,0,0,0,0,0,0,0,0,0,0,128,[84 -64 4 0 0 0 0 0 0 0 0 0 10 -12 10 -12 10 -11 11 -11 11 -11 12 -11 12 -10 12 -10 12 -10 12 -9 12 -9 12 -8 12 -8 11 -8 12 -8 11 -8 11 -8 11 -8 11 -7 11 -7 10 -7 10 -7 10 -7 10 -7 10 -7 10 -7 0 0 9 -7 8 -7 8 -8 8 -8 8 -8 8 -8 7 -8 7 -8 7 -9 7 -9 7 -9 6 -9 6 -9 6 -9 5 -10 6 -10 6 -10 5 -11 5 -11 5 -11 5 -11 4 -11 4 -12 4 -12 4 -12 4 -12 0 0 0 0 0 0 0 0 0 0]"
"1768831270425173,CSI_DATA,STATION,00:00:00:00:00:00,0,0,0,0,0,0,0,0,0,0,0,0,0,0,0,0,0,0,0,0,0,128,[84 -64 4 0 0 0 0 0 0 0 0 0 -16 -4 -16 -5 -16 -6 -16 -6 -15 -7 -15 -7 -14 -8 -14 -8 -13 -8 -14 -9 -13 -8 -13 -8 -13 -9 -12 -9 -12 -9 -11 -8 -11 -8 -11 -8 -12 -9 -11 -9 -11 -9 -11 -8 -11 -7 -11 -8 -10 -7 -10 -7 0 0 -10 -6 -10 -6 -11 -6 -10 -5 -11 -6 -11 -6 -11 -5 -11 -5 -11 -4 -11 -5 -11 -4 -11 -4 -11 -4 -12 -4 -12 -3 -12 -3 -12 -3 -12 -3 -12 -2 -13 -2 -13 -2 -13 -2 -13 -2 -13 -2 -13 -1 -13 0 0 0 0 0 0 0 0 0 0 0]"
"1768831270431842,CSI_DATA,STATION,00:00:00:00:00:00,0,0,0,0,0,0,0,0,0,0,0,0,0,0,0,0,0,0,0,0,0,128,[84 -64 4 0 0 0 0 0 0 0 0 0 12 4 12 4 12 5 12 6 12 6 12 7 11 6 11 7 11 7 11 8 10 7 10 7 10 8 10 8 9 8 8 8 9 7 8 7 9 8 8 8 8 8 8 7 7 7 8 7 8 6 8 6 0 0 7 6 7 6 8 6 7 5 8 6 8 5 8 5 9 5 8 4 8 4 8 4 9 4 9 4 9 4 9 3 9 3 9 3 10 3 10 2 10 3 10 2 10 3 10 2 11 2 10 2 11 2 0 0 0 0 0 0 0 0 0 0]"
"1768831270436270,CSI_DATA,STATION,00:00:00:00:00:00,0,0,0,0,0,0,0,0,0,0,0,0,0,0,0,0,0,0,0,0,0,128,[84 -64 4 0 0 0 0 0 0 0 0 0 -11 -9 -11 -10 -11 -10 -10 -11 -10 -11 -9 -11 -9 -11 -9 -11 -8 -11 -8 -12 -8 -11 -7 -12 -8 -12 -7 -12 -7 -12 -7 -11 -7 -11 -6 -11 -6 -11 -6 -11 -6 -11 -6 -11 -6 -10 -6 -10 -6 -10 -6 -9 0 0 -6 -9 -6 -9 -7 -9 -6 -8 -7 -9 -7 -9 -7 -8 -8 -8 -7 -8 -8 -8 -8 -8 -8 -7 -8 -7 -8 -7 -8 -7 -9 -7 -9 -7 -9 -7 -9 -6 -9 -6 -9 -6 -10 -6 -10 -6 -11 -6 -10 -6 -11 -5 0 0 0 0 0 0 0 0 0 0]"
"1768831270442945,CSI_DATA,STATION,00:00:00:00:00:00,0,0,0,0,0,0,0,0,0,0,0,0,0,0,0,0,0,0,0,0,0,128,[84 -64 4 0 0 0 0 0 0 0 0 0 9 10 8 10 8 11 8 11 7 12 7 12 6 12 6 12 5 12 5 12 5 12 4 12 5 12 4 12 4 12 4 11 3 10 3 10 3 11 3 11 3 10 3 11 3 10 4 10 4 10 3 9 0 0 4 9 4 9 4 8 4 9 4 9 5 8 5 9 5 8 5 8 5 8 5 7 6 8 6 8 6 7 6 8 6 7 7 7 7 7 7 7 7 6 8 6 8 7 8 7 9 6 9 6 8 6 0 0 0 0 0 0 0 0 0 0]"
"1768831270447415,CSI_DATA,STATION,00:00:00:00:00:00,0,0,0,0,0,0,0,0,0,0,0,0,0,0,0,0,0,0,0,0,0,128,[84 -64 4 0 0 0 0 0 0 0 0 0 -16 2 -16 1 -17 1 -17 0 -17 -1 -16 0 -16 -2 -16 -2 -15 -2 -16 -3 -16 -2 -15 -3 -15 -4 -15 -3 -15 -4 -14 -3 -13 -3 -14 -4 -14 -4 -13 -4 -14 -4 -13 -4 -13 -3 -12 -3 -13 -3 -12 -2 0 0 -12 -2 -12 -2 -12 -2 -12 -1 -12 -2 -12 -1 -12 -1 -12 -1 -11 0 -12 0 -12 1 -12 1 -12 1 -12 1 -12 2 -12 2 -12 2 -12 2 -12 3 -12 3 -12 3 -12 3 -12 4 -12 4 -12 5 -12 5 0 0 0 0 0 0 0 0 0 0]"
"1768831270451918,CSI_DATA,STATION,00:00:00:00:00:00,0,0,0,0,0,0,0,0,0,0,0,0,0,0,0,0,0,0,0,0,0,128,[84 -64 4 0 0 0 0 0 0 0 0 0 3 13 2 13 2 14 2 14 1 14 1 13 0 13 -1 13 -1 13 -1 13 -2 13 -2 12 -2 13 -2 12 -2 12 -2 12 -2 12 -3 11 -2 11 -2 11 -2 11 -2 11 -2 11 -2 10 -1 11 -1 10 0 0 -1 10 -1 10 0 10 -1 10 0 9 0 10 0 10 1 9 0 9 1 9 1 9 2 10 2 10 2 10 2 9 2 10 3 10 2 9 3 10 3 9 4 10 4 10 4 10 4 9 4 10 4 10 0 0 0 0 0 0 0 0 0 0]"
"1768831270456356,CSI_DATA,STATION,00:00:00:00:00:00,0,0,0,0,0,0,0,0,0,0,0,0,0,0,0,0,0,0,0,0,0,128,[84 -64 4 0 0 0 0 0 0 0 0 0 14 -3 15 -2 15 -1 15 -1 14 0 15 -1 15 0 15 1 14 1 14 1 14 1 13 1 14 2 13 2 13 2 12 2 12 2 12 2 13 3 12 2 11 2 11 2 11 1 12 1 11 1 11 1 0 0 11 0 10 1 10 0 10 0 10 0 11 -1 11 -1 10 -1 10 -2 10 -2 10 -2 10 -2 10 -3 10 -3 10 -3 11 -4 10 -4 11 -5 10 -4 10 -5 11 -5 10 -5 11 -5 10 -6 10 -6 11 -6 0 0 0 0 0 0 0 0 0 0]"
"1768831270463056,CSI_DATA,STATION,00:00:00:00:00:00,0,0,0,0,0,0,0,0,0,0,0,0,0,0,0,0,0,0,0,0,0,128,[84 -64 4 0 0 0 0 0 0 0 0 0 -14 2 -15 1 -15 0 -15 0 -15 -1 -14 -1 -14 -2 -14 -2 -14 -2 -14 -3 -14 -3 -13 -2 -13 -3 -13 -3 -13 -4 -13 -3 -12 -4 -12 -4 -12 -4 -12 -4 -12 -4 -11 -4 -11 -3 -11 -3 -11 -3 -11 -2 0 0 -11 -2 -11 -2 -11 -2 -11 -1 -11 -1 -11 -1 -11 -1 -11 -1 -10 0 -11 0 -11 0 -11 0 -11 1 -11 1 -11 1 -11 2 -11 1 -10 2 -11 2 -11 2 -11 3 -11 3 -11 3 -11 3 -11 4 -11 3 0 0 0 0 0 0 0 0 0 0]"
"1768831270467445,CSI_DATA,STATION,00:00:00:00:00:00,0,0,0,0,0,0,0,0,0,0,0,0,0,0,0,0,0,0,0,0,0,128,[84 -64 4 0 0 0 0 0 0 0 0 0 -15 -2 -14 -2 -15 -4 -15 -4 -14 -4 -14 -4 -14 -5 -14 -5 -13 -5 -14 -6 -13 -5 -12 -5 -13 -6 -12 -6 -12 -6 -12 -5 -12 -6 -11 -6 -11 -7 -11 -6 -11 -6 -11 -6 -10 -5 -11 -6 -10 -5 -10 -4 0 0 -10 -4 -11 -4 -10 -4 -10 -3 -11 -3 -10 -3 -11 -3 -10 -3 -10 -2 -10 -2 -11 -1 -11 -1 -11 -1 -11 -1 -11 0 -11 0 -11 0 -11 0 -11 1 -11 1 -11 1 -11 1 -12 1 -12 2 -11 2 -11 2 0 0 0 0 0 0 0 0 0 0]"
"1768831270471735,CSI_DATA,STATION,00:00:00:00:00:00,0,0,0,0,0,0,0,0,0,0,0,0,0,0,0,0,0,0,0,0,0,128,[84 -64 4 0 0 0 0 0 0 0 0 0 -11 12 -11 11 -12 11 -12 11 -13 11 -12 10 -13 9 -14 9 -14 9 -14 8 -13 8 -13 8 -13 8 -13 7 -13 7 -14 7 -12 6 -12 7 -12 6 -12 6 -12 5 -12 6 -12 6 -12 6 -11 6 -11 6 0 0 -11 6 -10 6 -10 6 -11 6 -10 7 -10 6 -9 7 -9 7 -9 7 -9 8 -8 9 -8 8 -8 8 -8 9 -8 9 -8 9 -8 10 -7 9 -7 10 -7 10 -7 10 -7 10 -7 11 -6 11 -6 12 -6 11 0 0 0 0 0 0 0 0 0 0]"
"1768831270478045,CSI_DATA,STATION,00:00:00:00:00:00,0,0,0,0,0,0,0,0,0,0,0,0,0,0,0,0,0,0,0,0,0,128,[84 -64 4 0 0 0 0 0 0 0 0 0 -14 -3 -14 -4 -14 -5 -14 -5 -14 -6 -13 -6 -13 -6 -13 -7 -12 -7 -13 -7 -12 -7 -11 -7 -12 -8 -11 -8 -11 -8 -11 -7 -11 -7 -11 -7 -11 -8 -10 -8 -10 -7 -10 -7 -9 -7 -10 -6 -10 -6 -9 -6 0 0 -9 -5 -9 -5 -10 -5 -9 -5 -10 -5 -10 -5 -10 -4 -10 -5 -10 -4 -10 -3 -10 -3 -10 -3 -10 -3 -11 -3 -10 -2 -11 -2 -11 -2 -11 -2 -11 -2 -11 -2 -11 -1 -11 -1 -11 -1 -12 -1 -11 0 -11 0 0 0 0 0 0 0 0 0 0 0]"
"1768831270482441,CSI_DATA,STATION,00:00:00:00:00:00,0,0,0,0,0,0,0,0,0,0,0,0,0,0,0,0,0,0,0,0,0,128,[84 -64 4 0 0 0 0 0 0 0 0 0 -7 15 -7 14 -7 15 -8 14 -8 14 -9 13 -9 13 -10 13 -9 12 -10 12 -10 12 -11 11 -11 11 -10 10 -10 10 -10 10 -10 10 -10 10 -10 10 -10 9 -9 9 -9 9 -9 9 -9 9 -8 9 -9 9 0 0 -8 9 -7 9 -7 9 -7 10 -7 9 -6 10 -6 10 -6 9 -6 10 -6 10 -6 10 -5 10 -5 10 -4 10 -5 11 -4 11 -4 12 -4 11 -3 11 -3 11 -3 12 -3 12 -3 12 -3 13 -3 12 -2 12 0 0 0 0 0 0 0 0 0 0]"
"1768831270488998,CSI_DATA,STATION,00:00:00:00:00:00,0,0,0,0,0,0,0,0,0,0,0,0,0,0,0,0,0,0,0,0,0,128,[84 -64 4 0 0 0 0 0 0 0 0 0 10 -12 10 -12 11 -11 12 -11 12 -11 12 -11 12 -10 12 -9 12 -9 13 -8 13 -8 12 -8 12 -7 12 -7 13 -7 11 -7 11 -6 11 -6 11 -6 11 -6 11 -6 11 -6 10 -6 11 -6 10 -6 10 -7 0 0 9 -6 10 -7 9 -6 9 -7 9 -7 9 -7 8 -7 8 -8 8 -8 7 -8 7 -9 7 -8 7 -8 7 -8 7 -9 6 -9 7 -10 6 -10 6 -10 6 -10 6 -10 6 -10 6 -11 6 -12 6 -11 6 -12 0 0 0 0 0 0 0 0 0 0]"
"1768831270493470,CSI_DATA,STATION,00:00:00:00:00:00,0,0,0,0,0,0,0,0,0,0,0,0,0,0,0,0,0,0,0,0,0,128,[84 -64 4 0 0 0 0 0 0 0 0 0 13 7 12 7 13 9 12 8 12 9 11 9 10 9 10 10 10 9 10 11 9 10 8 10 9 10 8 10 8 10 8 10 7 9 8 9 7 9 7 10 7 9 7 9 7 9 7 9 7 9 7 8 0 0 7 8 7 8 7 7 7 7 8 7 8 7 8 7 8 6 8 6 8 6 8 5 9 6 9 6 9 5 9 5 9 4 10 4 9 4 10 4 10 4 10 4 11 4 11 4 11 3 11 3 11 3 0 0 0 0 0 0 0 0 0 0]"
"1768831270500170,CSI_DATA,STATION,00:00:00:00:00:00,0,0,0,0,0,0,0,0,0,0,0,0,0,0,0,0,0,0,0,0,0,128,[84 -64 4 0 0 0 0 0 0 0 0 0 -13 -9 -12 -9 -13 -10 -12 -10 -12 -11 -11 -11 -11 -11 -10 -11 -10 -11 -10 -12 -9 -12 -9 -11 -9 -12 -9 -12 -8 -12 -8 -11 -8 -11 -8 -11 -8 -11 -8 -11 -8 -11 -7 -10 -7 -10 -8 -10 -7 -10 -7 -9 0 0 -7 -9 -8 -9 -8 -9 -7 -8 -9 -8 -8 -8 -8 -8 -9 -8 -8 -7 -9 -7 -9 -7 -9 -7 -9 -7 -10 -7 -10 -6 -10 -6 -10 -6 -10 -6 -11 -5 -10 -6 -11 -5 -11 -5 -12 -6 -12 -5 -12 -5 -12 -4 0 0 0 0 0 0 0 0 0 0]"
"1768831270504640,CSI_DATA,STATION,00:00:00:00:00:00,0,0,0,0,0,0,0,0,0,0,0,0,0,0,0,0,0,0,0,0,0,128,[84 -64 4 0 0 0 0 0 0 0 0 0 12 7 13 7 12 8 12 9 11 9 11 9 11 9 10 9 9 10 10 10 9 10 9 10 9 11 8 10 8 11 7 9 8 10 7 9 7 9 7 10 7 10 7 9 6 8 7 9 7 9 7 8 0 0 7 8 7 8 7 7 6 7 8 7 8 7 8 6 8 7 8 6 8 6 8 5 8 6 9 6 10 5 8 5 9 5 10 5 9 4 10 4 10 4 10 4 10 4 10 3 11 4 11 3 11 3 0 0 0 0 0 0 0 0 0 0]"
"1768831270509148,CSI_DATA,STATION,00:00:00:00:00:00,0,0,0,0,0,0,0,0,0,0,0,0,0,0,0,0,0,0,0,0,0,128,[84 -64 4 0 0 0 0 0 0 0 0 0 -14 0 -14 -1 -14 -2 -14 -2 -14 -3 -14 -3 -13 -3 -13 -4 -13 -4 -13 -4 -12 -4 -12 -4 -12 -5 -12 -5 -12 -5 -11 -4 -11 -5 -11 -5 -11 -5 -11 -5 -11 -5 -10 -5 -10 -4 -10 -4 -10 -4 -10 -3 0 0 -10 -3 -10 -3 -10 -3 -10 -2 -10 -3 -10 -2 -10 -2 -10 -2 -10 -1 -10 -1 -10 -1 -10 -1 -10 0 -10 0 -10 0 -11 0 -10 0 -11 1 -10 1 -11 1 -11 2 -11 2 -11 2 -11 2 -11 2 -11 2 0 0 0 0 0 0 0 0 0 0]"
"1768831270515795,CSI_DATA,STATION,00:00:00:00:00:00,0,0,0,0,0,0,0,0,0,0,0,0,0,0,0,0,0,0,0,0,0,128,[84 -64 4 0 0 0 0 0 0 0 0 0 -13 -10 -13 -11 -13 -12 -13 -12 -11 -12 -11 -13 -11 -13 -9 -13 -10 -13 -10 -13 -9 -13 -8 -13 -9 -13 -9 -13 -8 -14 -8 -12 -7 -12 -7 -12 -7 -13 -8 -12 -7 -12 -7 -12 -6 -11 -7 -11 -7 -11 -7 -11 0 0 -7 -10 -8 -10 -8 -10 -7 -10 -8 -10 -8 -10 -8 -9 -8 -9 -8 -8 -9 -8 -9 -9 -9 -8 -9 -8 -10 -8 -9 -8 -10 -7 -10 -8 -10 -7 -10 -7 -11 -7 -11 -7 -12 -7 -12 -7 -12 -7 -12 -6 -12 -6 0 0 0 0 0 0 0 0 0 0]"
"1768831270520246,CSI_DATA,STATION,00:00:00:00:00:00,0,0,0,0,0,0,0,0,0,0,0,0,0,0,0,0,0,0,0,0,0,128,[84 -64 4 0 0 0 0 0 0 0 0 0 14 2 15 3 15 4 15 4 14 4 14 5 14 5 14 6 13 6 13 6 13 6 12 6 13 7 12 7 12 7 11 7 11 6 11 6 11 7 11 7 10 6 10 6 10 5 11 6 10 6 10 5 0 0 10 5 10 4 10 5 9 3 10 4 10 3 11 3 10 3 10 3 10 2 10 2 10 2 11 2 12 2 10 1 11 1 11 0 11 0 11 0 11 0 11 -1 12 0 12 -1 12 -1 12 -1 12 -2 0 0 0 0 0 0 0 0 0 0]"
"1768831270524718,CSI_DATA,STATION,00:00:00:00:00:00,0,0,0,0,0,0,0,0,0,0,0,0,0,0,0,0,0,0,0,0,0,128,[84 -64 4 0 0 0 0 0 0 0 0 0 5 14 4 15 4 15 3 15 2 15 2 15 1 15 0 15 0 15 0 15 -1 14 0 14 -1 14 -1 14 -1 14 -1 13 -2 13 -2 12 -1 13 -1 13 -1 13 -1 12 -2 12 -1 12 -1 12 -1 11 0 0 -1 11 0 11 1 11 0 11 1 11 1 11 1 11 1 11 1 10 1 10 2 10 2 10 3 11 3 11 3 10 3 11 4 10 4 10 4 10 4 10 5 10 5 11 5 11 6 10 6 10 6 11 0 0 0 0 0 0 0 0 0 0]"
"1768831270529206,CSI_DATA,STATION,00:00:00:00:00:00,0,0,0,0,0,0,0,0,0,0,0,0,0,0,0,0,0,0,0,0,0,128,[84 -64 4 0 0 0 0 0 0 0 0 0 11 -12 12 -11 11 -10 12 -10 12 -10 12 -10 13 -9 13 -8 13 -8 13 -8 13 -8 13 -7 13 -7 12 -7 13 -6 12 -6 12 -6 11 -6 12 -6 12 -6 11 -6 11 -6 11 -6 11 -6 10 -6 10 -6 0 0 10 -6 9 -6 9 -7 9 -7 9 -7 9 -7 8 -7 8 -7 8 -8 7 -8 8 -8 7 -8 7 -8 7 -8 7 -9 7 -9 7 -10 6 -10 6 -10 6 -10 6 -10 6 -11 6 -11 5 -11 5 -11 5 -12 0 0 0 0 0 0 0 0 0 0]"
"1768831270535924,CSI_DATA,STATION,00:00:00:00:00:00,0,0,0,0,0,0,0,0,0,0,0,0,0,0,0,0,0,0,0,0,0,128,[84 -64 4 0 0 0 0 0 0 0 0 0 13 2 13 3 13 4 13 4 13 5 12 5 12 5 11 5 12 5 12 6 11 6 11 6 11 7 11 7 11 7 10 6 9 6 10 6 9 6 9 7 9 6 10 6 9 6 9 6 9 5 8 5 0 0 8 4 9 4 9 4 8 4 9 4 9 3 9 3 9 3 9 2 9 2 9 3 9 2 10 2 9 1 9 1 9 1 10 1 10 0 10 0 10 0 10 0 10 0 11 0 11 0 11 -1 11 -1 0 0 0 0 0 0 0 0 0 0]"
"1768831270540402,CSI_DATA,STATION,00:00:00:00:00:00,0,0,0,0,0,0,0,0,0,0,0,0,0,0,0,0,0,0,0,0,0,128,[84 -64 4 0 0 0 0 0 0 0 0 0 4 -16 5 -16 5 -15 6 -16 6 -15 7 -15 7 -14 7 -14 8 -14 8 -13 8 -13 8 -13 8 -13 8 -12 8 -12 8 -11 8 -11 8 -11 8 -11 8 -11 7 -11 7 -11 8 -11 7 -11 6 -11 7 -11 0 0 6 -10 5 -10 5 -10 5 -10 5 -10 4 -11 4 -11 4 -11 4 -11 4 -11 3 -11 3 -11 3 -11 3 -12 3 -12 3 -12 2 -12 2 -13 2 -12 1 -12 1 -13 1 -12 0 -13 1 -13 1 -14 0 -13 0 0 0 0 0 0 0 0 0 0]"
"1768831270544895,CSI_DATA,STATION,00:00:00:00:00:00,0,0,0,0,0,0,0,0,0,0,0,0,0,0,0,0,0,0,0,0,0,128,[84 -64 4 0 0 0 0 0 0 0 0 0 0 -17 1 -17 2 -17 2 -16 3 -17 3 -16 4 -16 5 -16 5 -15 5 -15 5 -15 5 -15 6 -14 5 -14 5 -14 5 -13 6 -13 5 -13 5 -13 6 -12 5 -12 5 -12 5 -12 5 -12 4 -12 4 -12 0 0 4 -12 3 -11 3 -11 3 -11 3 -12 2 -11 2 -11 2 -12 2 -11 2 -12 1 -12 1 -12 0 -12 0 -12 0 -12 0 -12 0 -13 0 -13 -1 -12 -1 -12 -1 -13 -2 -13 -2 -13 -2 -13 -2 -13 -3 -13 0 0 0 0 0 0 0 0 0 0]"
"1768831270551485,CSI_DATA,STATION,00:00:00:00:00:00,0,0,0,0,0,0,0,0,0,0,0,0,0,0,0,0,0,0,0,0,0,128,[84 -64 4 0 0 0 0 0 0 0 0 0 0 -15 1 -15 1 -15 1 -15 2 -15 2 -14 3 -14 3 -14 3 -14 3 -14 4 -13 4 -13 4 -13 4 -13 4 -13 4 -12 4 -12 4 -12 4 -12 4 -12 4 -11 3 -11 4 -11 3 -11 3 -11 3 -11 0 0 2 -11 2 -11 2 -10 1 -11 1 -11 1 -11 0 -11 0 -11 0 -10 0 -10 0 -11 -1 -11 -1 -11 -1 -11 -1 -11 -2 -11 -2 -11 -2 -11 -2 -11 -3 -11 -3 -11 -3 -11 -4 -12 -4 -11 -4 -11 -4 -11 0 0 0 0 0 0 0 0 0 0]"
"1768831270555991,CSI_DATA,STATION,00:00:00:00:00:00,0,0,0,0,0,0,0,0,0,0,0,0,0,0,0,0,0,0,0,0,0,128,[84 -64 4 0 0 0 0 0 0 0 0 0 10 -8 12 -8 11 -7 12 -7 12 -6 12 -6 12 -5 12 -5 12 -5 12 -4 12 -4 12 -4 12 -4 12 -3 12 -3 11 -4 11 -3 10 -3 11 -3 11 -3 10 -3 11 -3 10 -3 10 -3 10 -3 10 -4 0 0 9 -4 9 -3 9 -4 9 -4 9 -4 9 -5 9 -4 8 -5 8 -5 8 -5 8 -6 8 -6 8 -6 8 -6 8 -7 8 -7 7 -7 8 -8 8 -7 7 -8 8 -8 7 -8 7 -8 7 -9 7 -9 7 -9 0 0 0 0 0 0 0 0 0 0]"
"1768831270564888,CSI_DATA,STATION,00:00:00:00:00:00,0,0,0,0,0,0,0,0,0,0,0,0,0,0,0,0,0,0,0,0,0,128,[84 -64 4 0 0 0 0 0 0 0 0 0 14 1 14 2 15 2 15 3 15 3 14 4 14 4 13 5 13 4 13 6 13 5 12 6 12 6 12 6 12 6 11 6 11 6 11 6 11 6 11 6 11 6 11 5 10 5 10 5 10 5 10 4 0 0 10 4 10 4 10 3 10 3 10 4 10 3 10 3 10 2 10 2 9 2 10 1 10 2 11 1 11 1 10 1 10 0 11 0 11 0 11 0 11 0 11 -1 11 0 12 -1 12 -1 12 -1 12 -2 0 0 0 0 0 0 0 0 0 0]"
"1768831270571542,CSI_DATA,STATION,00:00:00:00:00:00,0,0,0,0,0,0,0,0,0,0,0,0,0,0,0,0,0,0,0,0,0,128,[84 -64 4 0 0 0 0 0 0 0 0 0 -10 -11 -9 -12 -10 -12 -9 -13 -8 -13 -8 -13 -7 -12 -7 -13 -6 -13 -6 -13 -6 -13 -6 -12 -6 -13 -6 -13 -6 -13 -5 -12 -5 -12 -5 -11 -5 -12 -4 -12 -4 -12 -5 -12 -4 -11 -5 -11 -5 -11 -5 -10 0 0 -5 -10 -5 -10 -6 -10 -5 -9 -6 -10 -6 -9 -6 -9 -6 -9 -6 -9 -7 -8 -7 -8 -7 -8 -8 -8 -8 -8 -8 -7 -8 -7 -9 -7 -9 -7 -9 -7 -9 -7 -9 -7 -10 -7 -10 -7 -10 -7 -10 -6 -10 -6 0 0 0 0 0 0 0 0 0 0]"
"1768831270578149,CSI_DATA,STATION,00:00:00:00:00:00,0,0,0,0,0,0,0,0,0,0,0,0,0,0,0,0,0,0,0,0,0,128,[84 -64 4 0 0 0 0 0 0 0 0 0 14 0 14 0 14 1 15 2 14 2 14 2 13 2 13 3 13 3 13 4 13 4 12 4 13 4 12 4 12 5 11 4 11 4 11 4 11 4 11 5 11 5 11 4 10 3 11 4 10 4 10 3 0 0 10 3 10 3 10 3 10 2 10 2 10 2 10 1 10 1 10 1 9 1 10 0 10 0 10 0 10 0 10 -1 10 -1 11 -1 10 -2 11 -2 10 -2 11 -2 11 -2 11 -2 11 -3 11 -3 11 -3 0 0 0 0 0 0 0 0 0 0]"
"1768831270582399,CSI_DATA,STATION,00:00:00:00:00:00,0,0,0,0,0,0,0,0,0,0,0,0,0,0,0,0,0,0,0,0,0,128,[84 -64 4 0 0 0 0 0 0 0 0 0 10 -10 11 -10 11 -9 12 -9 12 -8 12 -8 12 -8 12 -7 13 -7 13 -6 12 -6 12 -6 12 -5 12 -5 12 -5 11 -5 11 -5 11 -4 11 -4 11 -4 11 -4 11 -4 10 -4 10 -4 10 -4 10 -5 0 0 9 -5 9 -5 9 -5 9 -6 9 -5 9 -6 9 -6 8 -6 8 -6 8 -6 8 -7 8 -7 7 -7 8 -7 7 -8 7 -8 7 -8 7 -9 7 -9 7 -8 7 -9 7 -9 7 -9 7 -10 7 -10 6 -10 0 0 0 0 0 0 0 0 0 0]"
"1768831270586647,CSI_DATA,STATION,00:00:00:00:00:00,0,0,0,0,0,0,0,0,0,0,0,0,0,0,0,0,0,0,0,0,0,128,[84 -64 4 0 0 0 0 0 0 0 0 0 -5 15 -6 15 -7 14 -8 14 -8 14 -9 13 -9 13 -9 13 -9 12 -9 12 -10 12 -10 11 -10 11 -10 10 -10 10 -10 10 -10 10 -9 10 -9 9 -9 9 -9 9 -9 9 -9 9 -8 9 -8 9 -8 9 0 0 -8 9 -7 9 -7 9 -7 9 -6 9 -6 9 -6 9 -6 9 -6 10 -6 10 -5 10 -5 10 -4 10 -4 10 -5 10 -4 11 -3 11 -3 11 -3 11 -3 11 -3 12 -3 12 -3 11 -2 12 -2 12 -2 12 0 0 0 0 0 0 0 0 0 0]"
"1768831270593104,CSI_DATA,STATION,00:00:00:00:00:00,0,0,0,0,0,0,0,0,0,0,0,0,0,0,0,0,0,0,0,0,0,128,[84 -64 4 0 0 0 0 0 0 0 0 0 -3 15 -4 15 -4 14 -5 14 -5 14 -6 14 -7 13 -7 13 -7 13 -7 13 -7 13 -8 12 -8 12 -7 12 -8 11 -8 11 -8 11 -7 11 -7 11 -7 10 -7 10 -7 10 -7 10 -6 10 -6 9 -6 10 0 0 -6 9 -5 9 -5 10 -5 9 -5 10 -4 10 -4 10 -4 9 -4 10 -4 10 -3 10 -3 10 -3 10 -2 11 -2 10 -2 11 -1 11 -2 11 -1 11 -1 11 -1 12 -1 11 0 11 0 12 -1 12 0 12 0 0 0 0 0 0 0 0 0 0]"
"1768831270597420,CSI_DATA,STATION,00:00:00:00:00:00,0,0,0,0,0,0,0,0,0,0,0,0,0,0,0,0,0,0,0,0,0,128,[84 -64 4 0 0 0 0 0 0 0 0 0 4 13 3 14 2 14 2 14 2 14 1 14 1 14 0 14 0 13 0 14 -1 13 -1 13 -1 13 -1 12 -1 13 -1 12 -2 12 -1 11 -1 12 -1 12 -1 11 -1 11 -1 11 -1 11 0 11 -1 10 0 0 0 10 1 10 1 10 1 10 1 9 2 10 2 9 2 9 2 9 2 9 2 9 3 9 3 9 4 9 4 9 4 9 5 9 5 9 5 8 5 8 5 8 6 9 6 9 7 9 6 9 6 9 0 0 0 0 0 0 0 0 0 0]"
"1768831270603910,CSI_DATA,STATION,00:00:00:00:00:00,0,0,0,0,0,0,0,0,0,0,0,0,0,0,0,0,0,0,0,0,0,128,[84 -64 4 0 0 0 0 0 0 0 0 0 -14 5 -14 4 -15 3 -15 3 -15 3 -14 2 -15 2 -14 2 -14 1 -15 1 -14 0 -14 0 -14 -1 -14 -1 -14 -1 -13 0 -13 -1 -13 -1 -13 -1 -12 -1 -12 -1 -12 -1 -12 0 -12 -1 -11 0 -11 0 0 0 -11 0 -11 1 -11 1 -11 1 -11 1 -11 1 -11 2 -10 2 -10 2 -10 2 -10 3 -10 3 -10 3 -10 3 -10 4 -10 4 -11 4 -10 4 -10 5 -10 5 -10 5 -10 5 -11 6 -10 6 -10 6 -10 6 0 0 0 0 0 0 0 0 0 0]"
"1768831270608247,CSI_DATA,STATION,00:00:00:00:00:00,0,0,0,0,0,0,0,0,0,0,0,0,0,0,0,0,0,0,0,0,0,128,[84 -64 4 0 0 0 0 0 0 0 0 0 13 3 13 4 14 4 13 5 13 5 12 5 12 6 12 6 11 6 12 7 11 6 11 6 11 7 10 6 10 7 9 7 10 6 9 6 9 7 9 7 9 7 9 6 9 6 9 6 9 6 8 5 0 0 8 5 8 5 9 5 8 4 9 4 9 4 9 4 9 4 9 3 9 3 9 3 9 2 10 2 10 2 10 1 10 1 10 1 10 1 10 1 10 0 11 0 11 1 11 0 11 0 11 -1 11 -1 0 0 0 0 0 0 0 0 0 0]"
"1768831270612570,CSI_DATA,STATION,00:00:00:00:00:00,0,0,0,0,0,0,0,0,0,0,0,0,0,0,0,0,0,0,0,0,0,128,[84 -64 4 0 0 0 0 0 0 0 0 0 5 14 4 14 4 14 4 15 3 14 2 15 2 15 1 15 1 14 1 14 1 14 0 14 0 14 0 13 0 14 -1 13 -1 13 -1 12 0 13 -1 12 -1 12 -1 12 -1 11 0 11 0 11 0 11 0 0 0 11 1 11 1 11 1 10 1 11 2 11 2 10 2 10 2 10 2 9 3 10 3 10 4 10 4 10 4 10 4 10 5 10 5 10 5 10 5 10 5 10 6 10 6 10 7 9 6 10 7 10 0 0 0 0 0 0 0 0 0 0]"
"1768831270619089,CSI_DATA,STATION,00:00:00:00:00:00,0,0,0,0,0,0,0,0,0,0,0,0,0,0,0,0,0,0,0,0,0,128,[84 -64 4 0 0 0 0 0 0 0 0 0 12 6 12 7 12 7 12 8 11 8 11 8 11 8 10 9 9 9 10 9 9 9 9 9 9 9 9 9 9 9 8 8 8 9 8 8 8 9 8 9 8 8 8 8 7 8 8 8 8 8 7 7 0 0 7 7 7 6 8 6 7 6 8 6 8 6 8 5 8 5 8 5 8 5 8 4 9 5 9 5 9 4 9 3 9 3 10 3 9 3 10 2 10 2 10 2 11 3 10 2 11 2 11 2 11 1 0 0 0 0 0 0 0 0 0 0]"
"1768831270623411,CSI_DATA,STATION,00:00:00:00:00:00,0,0,0,0,0,0,0,0,0,0,0,0,0,0,0,0,0,0,0,0,0,128,[84 -64 4 0 0 0 0 0 0 0 0 0 -6 -15 -6 -15 -5 -16 -5 -16 -4 -17 -4 -17 -3 -16 -2 -16 -2 -16 -2 -17 -1 -15 -1 -15 -1 -16 -1 -15 -1 -15 0 -15 0 -14 0 -14 0 -14 0 -14 -1 -13 0 -13 0 -13 -1 -13 -1 -13 -1 -12 0 0 -1 -12 -2 -12 -2 -12 -2 -12 -2 -12 -2 -12 -3 -12 -3 -12 -3 -11 -4 -11 -4 -11 -4 -11 -5 -11 -5 -12 -4 -11 -5 -11 -6 -11 -6 -11 -6 -11 -6 -11 -6 -11 -7 -11 -7 -12 -7 -11 -7 -11 -7 -11 0 0 0 0 0 0 0 0 0 0]"
"1768831270627739,CSI_DATA,STATION,00:00:00:00:00:00,0,0,0,0,0,0,0,0,0,0,0,0,0,0,0,0,0,0,0,0,0,128,[84 -64 4 0 0 0 0 0 0 0 0 0 14 5 14 6 13 7 13 7 13 7 12 8 11 8 11 9 11 9 11 9 11 9 10 9 10 9 10 9 10 9 9 9 9 9 9 8 9 9 9 9 8 9 8 8 8 7 9 8 9 7 8 7 0 0 8 6 8 6 9 6 8 6 9 6 9 6 9 5 9 5 9 5 9 4 9 4 10 4 10 4 10 3 10 3 10 3 11 3 11 2 11 2 11 2 11 2 11 2 12 1 12 1 12 1 12 1 0 0 0 0 0 0 0 0 0 0]"
"1768831270634200,CSI_DATA,STATION,00:00:00:00:00:00,0,0,0,0,0,0,0,0,0,0,0,0,0,0,0,0,0,0,0,0,0,128,[84 -64 4 0 0 0 0 0 0 0 0 0 -5 14 -5 15 -6 14 -7 14 -6 14 -7 13 -8 13 -8 13 -8 12 -9 12 -9 12 -9 11 -9 11 -9 11 -9 11 -9 11 -8 10 -8 11 -8 10 -9 9 -9 9 -8 9 -8 9 -7 10 -7 9 -7 9 0 0 -7 9 -6 9 -6 9 -6 9 -6 10 -5 9 -5 10 -5 9 -5 9 -4 10 -4 10 -4 10 -3 10 -3 11 -3 10 -3 11 -2 11 -2 11 -2 11 -2 11 -2 11 -2 12 -1 12 -1 12 -1 12 -1 12 0 0 0 0 0 0 0 0 0 0]"
"1768831270638531,CSI_DATA,STATION,00:00:00:00:00:00,0,0,0,0,0,0,0,0,0,0,0,0,0,0,0,0,0,0,0,0,0,128,[84 -64 4 0 0 0 0 0 0 0 0 0 -7 -13 -7 -13 -7 -14 -7 -14 -6 -14 -5 -14 -5 -14 -4 -14 -3 -14 -3 -15 -3 -14 -3 -14 -3 -14 -3 -13 -2 -14 -2 -13 -2 -13 -2 -12 -2 -13 -2 -13 -2 -12 -2 -12 -2 -11 -3 -12 -3 -11 -2 -11 0 0 -3 -11 -3 -11 -3 -11 -3 -10 -4 -10 -4 -11 -4 -10 -5 -10 -4 -10 -5 -10 -5 -9 -5 -9 -6 -10 -6 -10 -6 -9 -6 -9 -7 -9 -7 -9 -7 -9 -7 -9 -7 -9 -8 -9 -8 -9 -9 -9 -9 -9 -8 -9 0 0 0 0 0 0 0 0 0 0]"
"1768831270642836,CSI_DATA,STATION,00:00:00:00:00:00,0,0,0,0,0,0,0,0,0,0,0,0,0,0,0,0,0,0,0,0,0,128,[84 -64 4 0 0 0 0 0 0 0 0 0 -8 13 -8 13 -8 12 -9 13 -9 12 -10 12 -10 11 -11 11 -11 10 -11 10 -11 10 -11 9 -11 10 -11 9 -11 9 -11 9 -11 9 -11 8 -10 8 -10 8 -11 7 -10 7 -10 7 -9 8 -9 7 -9 7 0 0 -9 8 -8 8 -8 8 -8 8 -8 8 -7 8 -7 8 -7 8 -7 8 -7 9 -6 9 -6 9 -6 9 -5 10 -6 10 -6 10 -5 10 -5 10 -5 11 -5 10 -5 11 -4 11 -4 11 -4 12 -4 12 -4 12 0 0 0 0 0 0 0 0 0 0]"
"1768831270649312,CSI_DATA,STATION,00:00:00:00:00:00,0,0,0,0,0,0,0,0,0,0,0,0,0,0,0,0,0,0,0,0,0,128,[84 -64 4 0 0 0 0 0 0 0 0 0 -15 -3 -15 -3 -15 -4 -15 -5 -14 -5 -14 -6 -13 -6 -14 -6 -13 -7 -13 -7 -12 -7 -12 -7 -12 -7 -12 -8 -12 -7 -11 -7 -11 -7 -11 -7 -11 -7 -11 -7 -11 -7 -10 -7 -10 -6 -10 -6 -10 -6 -10 -5 0 0 -10 -5 -10 -5 -10 -5 -9 -4 -10 -5 -10 -4 -10 -4 -11 -4 -10 -3 -10 -3 -11 -3 -11 -3 -11 -3 -11 -3 -10 -2 -11 -2 -11 -2 -11 -1 -11 -1 -11 -1 -11 0 -12 -1 -12 0 -12 0 -12 0 -12 1 0 0 0 0 0 0 0 0 0 0]"
"1768831270653616,CSI_DATA,STATION,00:00:00:00:00:00,0,0,0,0,0,0,0,0,0,0,0,0,0,0,0,0,0,0,0,0,0,128,[84 -64 4 0 0 0 0 0 0 0 0 0 -15 -4 -14 -5 -15 -6 -14 -6 -15 -7 -13 -7 -13 -7 -13 -7 -12 -8 -13 -8 -12 -8 -12 -8 -12 -9 -11 -9 -11 -9 -11 -8 -10 -8 -11 -8 -10 -8 -10 -8 -10 -8 -10 -8 -10 -7 -10 -7 -10 -7 -9 -6 0 0 -9 -6 -10 -6 -10 -6 -9 -5 -10 -6 -10 -5 -10 -5 -10 -5 -10 -4 -10 -4 -10 -4 -10 -4 -11 -4 -11 -3 -11 -3 -11 -3 -11 -3 -11 -2 -11 -2 -11 -2 -12 -1 -12 -2 -12 -1 -13 -2 -12 -1 -12 -1 0 0 0 0 0 0 0 0 0 0]"
"1768831270660124,CSI_DATA,STATION,00:00:00:00:00:00,0,0,0,0,0,0,0,0,0,0,0,0,0,0,0,0,0,0,0,0,0,128,[84 -64 4 0 0 0 0 0 0 0 0 0 3 15 2 15 1 15 1 15 1 15 0 15 -1 15 -1 15 -1 14 -1 15 -1 14 -2 14 -2 14 -2 13 -3 13 -3 13 -3 13 -3 12 -3 13 -3 13 -2 12 -2 12 -3 11 -2 12 -2 11 -2 11 0 0 -2 11 0 11 -1 11 0 11 0 11 0 11 0 11 1 10 0 10 1 10 1 10 2 11 2 11 2 11 2 10 2 10 3 11 3 11 3 11 3 11 4 11 4 11 5 11 5 11 4 11 5 11 0 0 0 0 0 0 0 0 0 0]"
"1768831270664455,CSI_DATA,STATION,00:00:00:00:00:00,0,0,0,0,0,0,0,0,0,0,0,0,0,0,0,0,0,0,0,0,0,128,[84 -64 4 0 0 0 0 0 0 0 0 0 8 -13 9 -12 9 -12 9 -11 10 -11 11 -11 11 -10 11 -10 11 -9 11 -9 11 -9 11 -9 11 -9 11 -8 11 -8 10 -8 10 -8 10 -8 10 -7 10 -7 10 -7 9 -7 10 -7 9 -8 9 -7 9 -7 0 0 8 -7 8 -7 8 -7 8 -7 7 -8 7 -8 7 -8 7 -8 7 -8 7 -9 6 -9 6 -9 6 -9 6 -9 6 -10 6 -10 5 -10 6 -11 5 -11 5 -11 5 -11 5 -11 4 -11 4 -12 4 -12 4 -12 0 0 0 0 0 0 0 0 0 0]"
"1768831270671100,CSI_DATA,STATION,00:00:00:00:00:00,0,0,0,0,0,0,0,0,0,0,0,0,0,0,0,0,0,0,0,0,0,128,[84 -64 4 0 0 0 0 0 0 0 0 0 -5 14 -5 14 -6 14 -6 14 -6 14 -7 14 -8 13 -8 13 -8 12 -8 13 -9 12 -9 11 -9 11 -9 11 -9 11 -8 11 -8 10 -9 10 -8 10 -8 10 -8 10 -8 10 -8 9 -7 10 -7 9 -7 9 0 0 -7 9 -5 9 -5 9 -6 10 -5 10 -5 10 -4 10 -4 10 -4 10 -4 10 -4 10 -4 10 -3 10 -3 11 -3 11 -3 11 -3 11 -2 11 -2 11 -2 11 -1 11 -1 12 -1 12 -1 12 -1 12 -1 12 0 0 0 0 0 0 0 0 0 0]"
"1768831270675356,CSI_DATA,STATION,00:00:00:00:00:00,0,0,0,0,0,0,0,0,0,0,0,0,0,0,0,0,0,0,0,0,0,128,[84 -64 4 0 0 0 0 0 0 0 0 0 11 7 11 8 11 9 11 9 10 9 9 9 9 9 9 10 8 9 8 10 8 10 7 10 7 10 7 10 7 10 6 10 6 9 6 9 6 10 6 10 6 9 6 9 6 8 6 9 6 8 6 8 0 0 6 7 6 7 7 7 6 7 7 7 7 6 7 6 7 6 7 5 7 5 7 6 8 5 8 5 8 5 8 5 9 5 9 5 9 4 9 4 9 4 9 4 10 4 10 4 10 4 10 3 10 3 0 0 0 0 0 0 0 0 0 0]"
"1768831270685931,CSI_DATA,STATION,00:00:00:00:00:00,0,0,0,0,0,0,0,0,0,0,0,0,0,0,0,0,0,0,0,0,0,128,[84 -64 4 0 0 0 0 0 0 0 0 0 -15 -5 -15 -6 -15 -6 -15 -7 -14 -7 -14 -7 -13 -8 -13 -8 -13 -8 -13 -9 -13 -8 -12 -8 -12 -9 -12 -9 -12 -9 -11 -8 -11 -9 -11 -8 -11 -9 -11 -9 -11 -8 -10 -8 -10 -7 -11 -8 -10 -8 -10 -7 0 0 -10 -6 -10 -6 -11 -6 -10 -5 -11 -6 -10 -6 -11 -5 -10 -5 -11 -4 -11 -4 -11 -3 -11 -3 -11 -3 -12 -3 -11 -3 -12 -3 -12 -3 -12 -2 -12 -2 -12 -2 -12 -1 -13 -1 -13 -1 -13 -1 -13 0 -13 0 0 0 0 0 0 0 0 0 0 0]"
"1768831270690218,CSI_DATA,STATION,00:00:00:00:00:00,0,0,0,0,0,0,0,0,0,0,0,0,0,0,0,0,0,0,0,0,0,128,[84 -64 4 0 0 0 0 0 0 0 0 0 -9 11 -9 11 -9 11 -10 11 -11 10 -11 9 -10 10 -11 9 -11 8 -11 9 -11 8 -11 8 -11 8 -11 7 -11 7 -11 7 -10 7 -10 7 -10 6 -10 6 -10 6 -10 6 -10 7 -9 6 -9 6 -9 6 0 0 -8 7 -9 6 -8 7 -8 7 -8 7 -8 7 -7 7 -7 8 -7 8 -7 8 -6 8 -6 8 -6 8 -6 9 -6 8 -6 9 -5 9 -5 10 -5 9 -5 10 -5 10 -5 11 -4 10 -4 11 -4 11 -4 11 0 0 0 0 0 0 0 0 0 0]"
"1768831270696657,CSI_DATA,STATION,00:00:00:00:00:00,0,0,0,0,0,0,0,0,0,0,0,0,0,0,0,0,0,0,0,0,0,128,[84 -64 4 0 0 0 0 0 0 0 0 0 1 -17 2 -17 3 -16 3 -17 4 -16 4 -16 5 -16 5 -15 5 -15 5 -15 6 -15 6 -14 6 -14 6 -14 6 -14 6 -13 6 -12 6 -13 6 -13 6 -13 6 -12 6 -12 6 -12 5 -12 5 -12 5 -12 0 0 4 -12 3 -11 4 -12 4 -11 3 -12 3 -12 2 -12 2 -12 2 -12 2 -12 2 -12 1 -12 1 -12 1 -12 0 -12 0 -13 0 -13 -1 -13 0 -13 -1 -13 -1 -13 -2 -14 -2 -13 -2 -13 -2 -14 -3 -14 0 0 0 0 0 0 0 0 0 0]"
"1768831270700941,CSI_DATA,STATION,00:00:00:00:00:00,0,0,0,0,0,0,0,0,0,0,0,0,0,0,0,0,0,0,0,0,0,128,[84 -64 4 0 0 0 0 0 0 0 0 0 1 16 0 16 0 16 0 16 -1 16 -2 16 -3 16 -3 15 -3 15 -3 15 -3 15 -4 14 -4 14 -3 14 -4 14 -4 13 -4 13 -5 13 -4 13 -4 13 -4 12 -4 12 -4 12 -3 12 -3 12 -3 12 0 0 -3 11 -2 12 -1 12 -2 11 -2 11 -1 12 -1 12 -1 11 -1 11 -1 11 0 11 0 11 1 11 1 11 1 12 1 11 2 12 2 11 2 12 2 12 2 12 3 12 3 12 4 12 4 12 4 12 0 0 0 0 0 0 0 0 0 0]"
"1768831270705180,CSI_DATA,STATION,00:00:00:00:00:00,0,0,0,0,0,0,0,0,0,0,0,0,0,0,0,0,0,0,0,0,0,128,[84 -64 4 0 0 0 0 0 0 0 0 0 15 -6 14 -6 15 -5 16 -5 16 -4 16 -4 15 -3 16 -2 15 -2 16 -1 15 -2 15 -1 15 0 15 -1 15 0 14 0 13 0 13 0 13 0 13 0 13 0 13 0 12 0 12 0 12 0 12 -1 0 0 11 -1 12 -1 11 -1 12 -2 11 -2 12 -2 11 -2 11 -3 11 -3 11 -3 11 -4 11 -4 11 -4 11 -4 11 -5 11 -5 11 -6 11 -6 10 -6 11 -6 11 -6 11 -6 11 -7 11 -7 11 -8 11 -8 0 0 0 0 0 0 0 0 0 0]"
"1768831270711644,CSI_DATA,STATION,00:00:00:00:00:00,0,0,0,0,0,0,0,0,0,0,0,0,0,0,0,0,0,0,0,0,0,128,[84 -64 4 0 0 0 0 0 0 0 0 0 -13 9 -14 8 -14 8 -14 7 -14 6 -15 7 -15 6 -15 5 -14 5 -15 4 -14 4 -14 4 -14 4 -14 3 -14 3 -14 3 -14 3 -13 3 -14 3 -13 3 -13 3 -12 3 -12 3 -12 3 -12 3 -12 3 0 0 -12 4 -11 4 -11 4 -11 4 -11 4 -11 4 -10 4 -10 5 -10 5 -10 6 -10 6 -10 6 -10 6 -9 7 -10 7 -10 7 -9 7 -9 8 -9 8 -9 8 -9 8 -9 9 -9 9 -9 9 -9 9 -9 9 0 0 0 0 0 0 0 0 0 0]"
"1768831270715969,CSI_DATA,STATION,00:00:00:00:00:00,0,0,0,0,0,0,0,0,0,0,0,0,0,0,0,0,0,0,0,0,0,128,[84 -64 4 0 0 0 0 0 0 0 0 0 -16 0 -16 -1 -16 -2 -16 -3 -16 -3 -16 -3 -15 -4 -15 -4 -15 -4 -15 -5 -15 -5 -14 -5 -14 -5 -14 -5 -14 -6 -13 -5 -13 -5 -13 -5 -13 -5 -13 -6 -12 -6 -12 -5 -12 -5 -12 -5 -12 -5 -12 -4 0 0 -11 -3 -12 -3 -12 -3 -11 -3 -12 -3 -12 -3 -12 -3 -11 -2 -11 -2 -11 -1 -12 -1 -12 -1 -12 0 -12 -1 -12 1 -12 1 -12 0 -12 1 -12 1 -12 1 -12 2 -13 2 -13 2 -13 3 -13 3 -13 3 0 0 0 0 0 0 0 0 0 0]"
"1768831270722427,CSI_DATA,STATION,00:00:00:00:00:00,0,0,0,0,0,0,0,0,0,0,0,0,0,0,0,0,0,0,0,0,0,128,[84 -64 4 0 0 0 0 0 0 0 0 0 0 16 0 16 -1 16 -2 16 -2 16 -3 16 -3 16 -4 16 -4 15 -4 16 -5 14 -5 14 -5 14 -5 14 -5 13 -6 14 -5 13 -6 13 -5 13 -5 12 -5 12 -5 12 -5 12 -5 12 -4 11 -4 12 0 0 -4 11 -3 11 -3 11 -3 12 -2 11 -2 11 -2 12 -2 11 -2 11 -2 11 -1 11 -1 12 0 12 0 11 0 12 0 12 1 12 1 12 1 12 1 12 1 12 2 12 2 13 3 12 2 13 2 13 0 0 0 0 0 0 0 0 0 0]"
"1768831270726729,CSI_DATA,STATION,00:00:00:00:00:00,0,0,0,0,0,0,0,0,0,0,0,0,0,0,0,0,0,0,0,0,0,128,[84 -64 4 0 0 0 0 0 0 0 0 0 6 -16 7 -16 7 -15 8 -14 8 -15 9 -14 9 -14 10 -14 9 -13 10 -13 10 -12 10 -12 10 -12 10 -11 10 -11 10 -11 9 -11 9 -11 9 -10 10 -10 9 -10 9 -10 9 -9 9 -10 8 -10 8 -10 0 0 8 -10 7 -9 7 -10 7 -10 7 -10 7 -10 6 -10 6 -10 6 -10 5 -11 5 -11 5 -11 5 -11 5 -11 4 -12 4 -12 4 -12 4 -12 4 -12 4 -13 4 -13 3 -13 3 -13 3 -14 3 -14 3 -14 0 0 0 0 0 0 0 0 0 0]"
"1768831270731079,CSI_DATA,STATION,00:00:00:00:00:00,0,0,0,0,0,0,0,0,0,0,0,0,0,0,0,0,0,0,0,0,0,128,[84 -64 4 0 0 0 0 0 0 0 0 0 -8 14 -9 14 -9 13 -10 14 -10 13 -11 12 -11 12 -11 12 -12 11 -12 11 -12 11 -12 10 -12 10 -12 9 -12 9 -11 9 -11 10 -11 9 -11 8 -11 8 -11 8 -11 8 -11 8 -10 9 -10 8 -10 8 0 0 -10 8 -9 8 -9 8 -9 8 -9 8 -8 8 -8 8 -8 9 -8 9 -8 9 -7 10 -7 9 -7 10 -6 10 -6 10 -6 11 -6 11 -6 11 -5 11 -6 11 -5 12 -5 12 -5 12 -5 12 -5 12 -4 13 0 0 0 0 0 0 0 0 0 0]"
"1768831270737524,CSI_DATA,STATION,00:00:00:00:00:00,0,0,0,0,0,0,0,0,0,0,0,0,0,0,0,0,0,0,0,0,0,128,[84 -64 4 0 0 0 0 0 0 0 0 0 10 -10 11 -10 11 -9 12 -9 12 -8 13 -8 12 -7 12 -7 12 -6 12 -6 12 -6 12 -6 12 -6 12 -5 13 -4 11 -5 11 -5 11 -4 12 -4 12 -4 11 -4 11 -4 10 -5 10 -4 10 -4 10 -5 0 0 10 -5 10 -4 10 -5 9 -5 9 -5 9 -5 9 -6 9 -6 8 -6 8 -6 8 -7 8 -7 8 -7 8 -7 8 -7 8 -8 8 -8 8 -9 8 -8 8 -8 8 -9 8 -9 7 -9 7 -10 7 -10 7 -10 0 0 0 0 0 0 0 0 0 0]"
"1768831270741843,CSI_DATA,STATION,00:00:00:00:00:00,0,0,0,0,0,0,0,0,0,0,0,0,0,0,0,0,0,0,0,0,0,128,[84 -64 4 0 0 0 0 0 0 0 0 0 5 15 4 15 4 16 3 16 2 16 2 16 1 16 0 16 0 16 0 16 0 15 -1 15 -1 15 -1 15 -1 15 -2 14 -2 14 -2 13 -1 13 -2 13 -2 13 -1 13 -2 12 -1 12 -1 12 -1 12 0 0 -1 12 0 12 0 12 0 12 1 11 1 12 1 12 2 11 1 11 2 11 2 11 2 11 3 11 3 11 3 11 3 11 4 11 4 11 4 11 4 11 5 11 5 11 6 12 6 11 6 11 6 11 0 0 0 0 0 0 0 0 0 0]"
"1768831270748268,CSI_DATA,STATION,00:00:00:00:00:00,0,0,0,0,0,0,0,0,0,0,0,0,0,0,0,0,0,0,0,0,0,128,[84 -64 4 0 0 0 0 0 0 0 0 0 -8 14 -8 14 -9 14 -9 14 -9 13 -10 13 -11 13 -11 12 -11 11 -11 11 -11 11 -11 11 -12 11 -11 10 -12 10 -11 10 -11 9 -11 10 -11 9 -11 9 -11 9 -11 8 -10 8 -9 9 -10 8 -9 9 0 0 -9 9 -8 9 -8 9 -9 9 -8 9 -8 9 -7 9 -7 9 -7 10 -7 10 -7 10 -6 10 -6 10 -6 11 -6 11 -5 11 -5 11 -5 11 -5 12 -5 12 -5 12 -4 12 -4 12 -4 12 -4 13 -4 12 0 0 0 0 0 0 0 0 0 0]"
"1768831270752585,CSI_DATA,STATION,00:00:00:00:00:00,0,0,0,0,0,0,0,0,0,0,0,0,0,0,0,0,0,0,0,0,0,128,[84 -64 4 0 0 0 0 0 0 0 0 0 -17 0 -17 -1 -17 -2 -17 -2 -18 -3 -17 -3 -16 -4 -16 -4 -16 -4 -17 -5 -16 -5 -15 -5 -15 -6 -15 -6 -15 -6 -14 -5 -14 -6 -14 -6 -14 -6 -14 -6 -13 -6 -13 -6 -12 -5 -13 -6 -13 -5 -12 -4 0 0 -12 -4 -12 -4 -12 -3 -12 -3 -13 -4 -12 -3 -12 -3 -13 -2 -12 -2 -12 -2 -13 -1 -13 -1 -13 -1 -13 -1 -13 -1 -13 0 -13 0 -13 0 -13 1 -13 1 -13 1 -14 1 -14 1 -14 2 -14 2 -14 2 0 0 0 0 0 0 0 0 0 0]"
"1768831270759067,CSI_DATA,STATION,00:00:00:00:00:00,0,0,0,0,0,0,0,0,0,0,0,0,0,0,0,0,0,0,0,0,0,128,[84 -64 4 0 0 0 0 0 0 0 0 0 7 -15 8 -15 8 -15 8 -14 10 -14 10 -13 10 -13 10 -13 10 -13 11 -12 10 -11 11 -11 11 -10 11 -10 11 -10 11 -11 10 -10 10 -10 10 -9 10 -9 10 -9 10 -9 9 -9 9 -9 9 -9 9 -9 0 0 8 -10 8 -9 8 -9 8 -10 7 -9 7 -10 7 -10 7 -10 6 -10 6 -11 6 -11 6 -10 6 -11 5 -11 5 -12 5 -12 5 -12 4 -12 4 -12 5 -12 4 -13 4 -13 4 -13 4 -13 4 -14 3 -14 0 0 0 0 0 0 0 0 0 0]"
"1768831270763384,CSI_DATA,STATION,00:00:00:00:00:00,0,0,0,0,0,0,0,0,0,0,0,0,0,0,0,0,0,0,0,0,0,128,[84 -64 4 0 0 0 0 0 0 0 0 0 -2 16 -3 16 -4 16 -4 16 -4 16 -5 16 -6 15 -6 15 -6 14 -6 15 -6 14 -6 13 -6 14 -7 13 -7 13 -7 13 -7 13 -7 12 -7 12 -7 12 -7 11 -6 11 -6 11 -5 12 -5 11 -5 11 0 0 -5 11 -4 11 -4 11 -4 11 -3 11 -3 11 -3 11 -3 11 -3 11 -3 11 -2 11 -1 11 -1 12 -1 12 -1 12 0 12 0 12 0 12 0 12 1 12 1 12 1 12 2 13 3 13 2 13 2 13 0 0 0 0 0 0 0 0 0 0]"
"1768831270767853,CSI_DATA,STATION,00:00:00:00:00:00,0,0,0,0,0,0,0,0,0,0,0,0,0,0,0,0,0,0,0,0,0,128,[84 -64 4 0 0 0 0 0 0 0 0 0 -2 -17 -1 -17 -1 -17 0 -18 0 -17 1 -17 2 -16 2 -17 2 -16 2 -16 3 -16 3 -15 3 -15 3 -15 4 -15 4 -15 4 -14 4 -14 4 -14 4 -14 4 -13 4 -13 4 -13 3 -13 3 -13 3 -13 0 0 3 -12 2 -12 2 -13 2 -12 2 -13 1 -13 1 -13 0 -13 1 -12 1 -12 0 -12 -1 -12 -1 -13 -1 -13 -1 -13 -1 -13 -2 -13 -2 -13 -2 -13 -2 -13 -3 -14 -3 -14 -3 -14 -4 -14 -4 -14 -3 -14 0 0 0 0 0 0 0 0 0 0]"
"1768831270772277,CSI_DATA,STATION,00:00:00:00:00:00,0,0,0,0,0,0,0,0,0,0,0,0,0,0,0,0,0,0,0,0,0,128,[84 -64 4 0 0 0 0 0 0 0 0 0 2 16 1 16 0 16 0 16 -1 16 -2 16 -2 16 -3 15 -3 15 -3 16 -4 15 -4 15 -4 14 -4 14 -4 14 -4 14 -5 13 -5 13 -4 13 -4 13 -5 13 -4 12 -4 12 -4 12 -3 12 -3 12 0 0 -3 11 -2 12 -2 11 -3 12 -2 12 -2 11 -2 12 -1 11 -1 11 -1 12 0 12 0 12 1 12 0 12 0 12 1 12 1 12 1 11 2 12 1 12 2 12 2 12 3 13 4 12 3 13 3 13 0 0 0 0 0 0 0 0 0 0]"
"1768831270778743,CSI_DATA,STATION,00:00:00:00:00:00,0,0,0,0,0,0,0,0,0,0,0,0,0,0,0,0,0,0,0,0,0,128,[84 -64 4 0 0 0 0 0 0 0 0 0 -5 -17 -4 -16 -4 -17 -3 -17 -2 -17 -1 -17 -1 -17 0 -16 0 -16 0 -16 0 -16 1 -16 1 -15 1 -15 1 -16 1 -15 2 -14 2 -14 1 -15 2 -14 2 -14 1 -14 2 -13 1 -13 1 -13 1 -13 0 0 0 -13 0 -13 0 -13 0 -13 0 -13 -1 -13 -1 -12 -2 -12 -2 -12 -2 -12 -2 -12 -3 -12 -3 -13 -3 -12 -3 -12 -4 -13 -4 -13 -4 -12 -4 -12 -5 -12 -5 -13 -5 -13 -6 -13 -6 -13 -6 -13 -6 -13 0 0 0 0 0 0 0 0 0 0]"
"1768831270783130,CSI_DATA,STATION,00:00:00:00:00:00,0,0,0,0,0,0,0,0,0,0,0,0,0,0,0,0,0,0,0,0,0,128,[84 -64 4 0 0 0 0 0 0 0 0 0 -16 -4 -17 -5 -17 -6 -17 -7 -16 -7 -15 -7 -15 -7 -14 -7 -14 -8 -14 -9 -14 -9 -13 -9 -13 -9 -13 -9 -13 -9 -12 -9 -12 -9 -12 -9 -12 -9 -12 -9 -12 -9 -12 -9 -11 -8 -12 -9 -11 -8 -10 -7 0 0 -10 -7 -11 -7 -11 -7 -10 -6 -11 -7 -11 -6 -12 -6 -12 -5 -11 -5 -11 -5 -12 -5 -12 -5 -12 -5 -12 -4 -12 -4 -12 -3 -13 -4 -12 -3 -13 -3 -13 -2 -13 -2 -14 -2 -14 -2 -14 -2 -14 -2 -14 -2 0 0 0 0 0 0 0 0 0 0]"
"1768831270789654,CSI_DATA,STATION,00:00:00:00:00:00,0,0,0,0,0,0,0,0,0,0,0,0,0,0,0,0,0,0,0,0,0,128,[84 -64 4 0 0 0 0 0 0 0 0 0 -8 12 -9 12 -9 11 -10 11 -10 10 -11 10 -11 10 -11 9 -11 9 -12 9 -11 9 -11 8 -11 8 -11 8 -12 8 -11 8 -11 8 -10 7 -10 7 -10 7 -10 6 -10 7 -10 7 -9 7 -9 7 -9 7 0 0 -9 7 -8 7 -8 7 -8 7 -8 8 -8 7 -7 7 -7 8 -7 8 -7 8 -6 9 -6 8 -6 9 -6 9 -5 9 -5 9 -5 10 -5 10 -5 10 -5 10 -5 10 -4 11 -4 11 -4 11 -4 11 -4 11 0 0 0 0 0 0 0 0 0 0]"
"1768831270793983,CSI_DATA,STATION,00:00:00:00:00:00,0,0,0,0,0,0,0,0,0,0,0,0,0,0,0,0,0,0,0,0,0,128,[84 -64 4 0 0 0 0 0 0 0 0 0 10 12 9 13 9 14 9 14 8 14 7 14 7 14 6 14 6 14 6 15 5 14 4 14 5 14 4 14 4 14 4 13 4 13 4 12 4 13 4 13 4 12 4 12 4 11 4 12 4 12 4 11 0 0 4 11 5 10 5 11 4 10 6 10 6 10 6 10 6 10 6 9 6 9 7 9 7 9 7 9 8 9 8 8 8 8 9 8 9 7 9 7 9 7 10 7 10 7 10 8 11 7 11 7 10 7 0 0 0 0 0 0 0 0 0 0]"
"1768831270800486,CSI_DATA,STATION,00:00:00:00:00:00,0,0,0,0,0,0,0,0,0,0,0,0,0,0,0,0,0,0,0,0,0,128,[84 -64 4 0 0 0 0 0 0 0 0 0 0 -17 1 -17 1 -17 2 -17 2 -16 3 -17 4 -16 4 -16 4 -16 4 -16 4 -16 5 -15 5 -15 4 -15 5 -15 5 -14 5 -14 5 -13 5 -14 5 -13 4 -13 4 -13 4 -13 4 -13 3 -13 3 -13 0 0 3 -12 3 -12 2 -12 2 -12 2 -13 1 -12 1 -12 1 -12 1 -12 1 -12 0 -12 0 -12 -1 -12 -1 -13 -1 -13 -1 -13 -2 -13 -2 -14 -2 -13 -2 -13 -2 -14 -3 -13 -4 -13 -4 -14 -4 -14 -4 -14 0 0 0 0 0 0 0 0 0 0]"
"1768831270804912,CSI_DATA,STATION,00:00:00:00:00:00,0,0,0,0,0,0,0,0,0,0,0,0,0,0,0,0,0,0,0,0,0,128,[84 -64 4 0 0 0 0 0 0 0 0 0 -4 -16 -4 -17 -3 -17 -3 -18 -2 -17 -2 -17 -1 -17 0 -17 0 -17 -1 -17 0 -16 0 -16 0 -16 0 -16 1 -16 1 -15 1 -15 1 -14 1 -15 1 -14 1 -14 1 -14 1 -13 0 -14 0 -14 0 -13 0 0 0 -13 -1 -13 -1 -13 -1 -12 -1 -13 -2 -13 -2 -13 -3 -12 -2 -12 -3 -12 -4 -12 -4 -12 -4 -12 -4 -12 -4 -12 -5 -12 -5 -12 -5 -12 -5 -12 -5 -12 -6 -12 -6 -12 -7 -13 -8 -12 -7 -12 -7 -12 0 0 0 0 0 0 0 0 0 0]"
"1768831270809407,CSI_DATA,STATION,00:00:00:00:00:00,0,0,0,0,0,0,0,0,0,0,0,0,0,0,0,0,0,0,0,0,0,128,[84 -64 4 0 0 0 0 0 0 0 0 0 15 2 15 3 15 3 15 4 15 5 14 5 14 5 13 6 13 6 13 7 13 6 12 6 13 7 12 7 12 7 11 7 11 6 11 6 11 7 11 7 10 7 11 6 10 6 11 6 10 6 10 5 0 0 10 5 10 5 10 5 10 4 10 4 10 4 10 4 10 3 10 3 10 2 10 2 11 2 11 2 11 2 11 1 11 1 12 0 11 0 12 0 11 0 12 0 12 0 12 0 12 -1 12 -1 12 -1 0 0 0 0 0 0 0 0 0 0]"
"1768831270813885,CSI_DATA,STATION,00:00:00:00:00:00,0,0,0,0,0,0,0,0,0,0,0,0,0,0,0,0,0,0,0,0,0,128,[84 -64 4 0 0 0 0 0 0 0 0 0 -16 4 -16 4 -17 3 -17 2 -17 1 -16 2 -16 1 -17 0 -16 0 -17 -1 -16 -1 -16 -1 -16 -2 -15 -2 -15 -2 -15 -1 -14 -2 -14 -2 -14 -2 -14 -2 -14 -2 -14 -2 -14 -2 -14 -2 -13 -2 -13 -1 0 0 -13 -1 -13 -1 -12 -1 -13 0 -12 0 -13 0 -12 0 -13 1 -12 2 -13 1 -12 2 -12 2 -12 2 -12 2 -13 3 -12 3 -13 3 -12 4 -12 4 -13 4 -12 5 -12 5 -13 5 -13 5 -13 6 -12 6 0 0 0 0 0 0 0 0 0 0]"
"1768831270820523,CSI_DATA,STATION,00:00:00:00:00:00,0,0,0,0,0,0,0,0,0,0,0,0,0,0,0,0,0,0,0,0,0,128,[84 -64 4 0 0 0 0 0 0 0 0 0 -16 -5 -16 -5 -16 -6 -17 -6 -16 -7 -15 -7 -15 -7 -14 -8 -14 -8 -14 -9 -13 -9 -14 -9 -13 -10 -13 -9 -13 -10 -12 -9 -12 -8 -12 -9 -12 -9 -12 -9 -12 -9 -11 -9 -11 -8 -11 -8 -11 -8 -10 -8 0 0 -10 -7 -11 -7 -11 -7 -10 -6 -11 -7 -11 -6 -11 -6 -12 -6 -11 -5 -11 -5 -12 -5 -12 -5 -12 -4 -12 -4 -12 -4 -13 -4 -13 -4 -13 -3 -12 -3 -13 -3 -13 -3 -14 -3 -14 -3 -14 -2 -14 -2 -14 -2 0 0 0 0 0 0 0 0 0 0]"
"1768831270824995,CSI_DATA,STATION,00:00:00:00:00:00,0,0,0,0,0,0,0,0,0,0,0,0,0,0,0,0,0,0,0,0,0,128,[84 -64 4 0 0 0 0 0 0 0 0 0 -9 14 -9 13 -10 13 -11 12 -11 13 -11 12 -11 12 -12 11 -12 10 -12 10 -12 10 -12 10 -12 10 -12 9 -12 9 -12 9 -11 9 -12 9 -11 8 -11 8 -11 8 -11 8 -11 8 -10 8 -10 8 -10 8 0 0 -9 8 -9 8 -8 8 -9 8 -8 9 -8 8 -8 9 -8 9 -7 9 -7 9 -7 10 -7 10 -6 10 -6 11 -6 11 -6 11 -5 11 -6 11 -5 12 -5 11 -5 12 -4 12 -4 12 -4 12 -4 13 -4 13 0 0 0 0 0 0 0 0 0 0]"
"1768831270831687,CSI_DATA,STATION,00:00:00:00:00:00,0,0,0,0,0,0,0,0,0,0,0,0,0,0,0,0,0,0,0,0,0,128,[84 -64 4 0 0 0 0 0 0 0 0 0 -11 -13 -10 -14 -10 -14 -10 -15 -9 -15 -9 -15 -8 -14 -7 -15 -7 -15 -7 -16 -6 -15 -6 -15 -6 -15 -6 -15 -5 -15 -6 -14 -5 -14 -5 -14 -5 -14 -5 -14 -5 -14 -5 -14 -5 -12 -5 -13 -5 -13 -5 -12 0 0 -5 -12 -6 -11 -6 -12 -6 -11 -7 -12 -7 -11 -7 -11 -7 -11 -7 -10 -7 -10 -8 -10 -8 -10 -8 -10 -9 -10 -9 -9 -9 -9 -9 -9 -10 -9 -10 -9 -10 -9 -10 -9 -11 -9 -11 -9 -12 -9 -11 -8 -12 -8 0 0 0 0 0 0 0 0 0 0]"
"1768831270836182,CSI_DATA,STATION,00:00:00:00:00:00,0,0,0,0,0,0,0,0,0,0,0,0,0,0,0,0,0,0,0,0,0,128,[84 -64 4 0 0 0 0 0 0 0 0 0 9 -12 10 -11 10 -11 10 -11 11 -10 11 -10 11 -9 12 -9 11 -9 12 -8 11 -8 11 -8 11 -8 11 -7 12 -7 11 -7 11 -7 10 -7 10 -7 11 -6 10 -6 10 -7 10 -6 9 -7 9 -6 9 -7 0 0 9 -7 8 -7 8 -7 8 -7 7 -7 8 -7 7 -7 7 -8 7 -8 6 -8 7 -8 6 -9 6 -8 6 -9 6 -9 6 -10 5 -10 6 -11 5 -10 5 -10 5 -11 5 -11 5 -11 4 -11 4 -11 4 -12 0 0 0 0 0 0 0 0 0 0]"
"1768831270840657,CSI_DATA,STATION,00:00:00:00:00:00,0,0,0,0,0,0,0,0,0,0,0,0,0,0,0,0,0,0,0,0,0,128,[84 -64 4 0 0 0 0 0 0 0 0 0 1 16 0 16 0 16 0 16 -1 16 -2 16 -3 16 -3 15 -3 15 -3 16 -4 15 -4 15 -4 14 -4 14 -4 14 -4 14 -4 13 -4 13 -4 14 -4 13 -4 13 -4 13 -4 12 -3 12 -3 12 -3 12 0 0 -3 11 -1 12 -1 12 -1 12 -1 12 -1 12 -1 12 0 11 0 11 0 11 0 11 1 12 1 12 1 11 2 12 2 12 2 12 3 12 3 12 3 11 3 12 4 12 4 12 5 12 4 12 4 12 0 0 0 0 0 0 0 0 0 0]"
"1768831270847357,CSI_DATA,STATION,00:00:00:00:00:00,0,0,0,0,0,0,0,0,0,0,0,0,0,0,0,0,0,0,0,0,0,128,[84 -64 4 0 0 0 0 0 0 0 0 0 11 -12 12 -12 12 -11 13 -11 13 -10 13 -10 13 -10 14 -9 14 -8 14 -8 13 -8 13 -8 13 -7 13 -7 14 -7 13 -7 13 -7 12 -6 12 -6 12 -6 11 -6 12 -6 11 -6 11 -6 11 -6 11 -7 0 0 10 -7 10 -7 10 -7 10 -7 9 -7 9 -8 9 -7 9 -8 9 -9 8 -9 8 -9 8 -9 8 -9 7 -9 8 -10 8 -10 7 -11 7 -11 7 -11 7 -11 7 -12 6 -11 6 -12 6 -12 6 -13 6 -13 0 0 0 0 0 0 0 0 0 0]"
"1768831270858417,CSI_DATA,STATION,00:00:00:00:00:00,0,0,0,0,0,0,0,0,0,0,0,0,0,0,0,0,0,0,0,0,0,128,[84 -64 4 0 0 0 0 0 0 0 0 0 -8 -15 -7 -15 -7 -16 -7 -16 -6 -17 -5 -16 -4 -16 -4 -16 -4 -16 -4 -17 -3 -16 -3 -16 -3 -16 -3 -15 -3 -15 -2 -15 -2 -15 -2 -14 -2 -14 -2 -14 -2 -14 -2 -14 -2 -13 -2 -14 -3 -13 -3 -13 0 0 -3 -12 -4 -12 -4 -12 -3 -12 -4 -12 -4 -12 -5 -12 -5 -12 -5 -11 -5 -11 -6 -11 -6 -11 -6 -11 -7 -11 -7 -11 -7 -11 -8 -11 -8 -11 -8 -11 -8 -10 -8 -11 -9 -10 -9 -11 -10 -11 -9 -11 -9 -10 0 0 0 0 0 0 0 0 0 0]"
"1768831270862911,CSI_DATA,STATION,00:00:00:00:00:00,0,0,0,0,0,0,0,0,0,0,0,0,0,0,0,0,0,0,0,0,0,128,[84 -64 4 0 0 0 0 0 0 0 0 0 0 16 -1 16 -1 16 -1 17 -2 16 -3 16 -3 16 -4 15 -4 15 -4 15 -5 15 -5 14 -5 14 -5 14 -5 14 -5 13 -5 13 -5 12 -5 13 -5 13 -5 12 -5 12 -5 12 -4 12 -4 12 -4 12 0 0 -3 11 -3 12 -3 12 -3 11 -2 12 -2 12 -2 12 -1 11 -2 11 -1 11 -1 11 0 11 0 12 0 12 0 11 1 12 1 12 1 12 1 12 2 12 2 12 2 12 3 12 3 13 3 12 3 13 0 0 0 0 0 0 0 0 0 0]"
"1768831270869599,CSI_DATA,STATION,00:00:00:00:00:00,0,0,0,0,0,0,0,0,0,0,0,0,0,0,0,0,0,0,0,0,0,128,[84 -64 4 0 0 0 0 0 0 0 0 0 -14 10 -14 9 -14 8 -15 8 -15 7 -15 7 -15 7 -16 6 -15 6 -16 5 -15 5 -15 4 -15 4 -15 3 -15 3 -15 4 -14 3 -14 3 -14 2 -14 3 -13 3 -13 3 -13 3 -13 3 -13 3 -13 3 0 0 -12 3 -12 4 -12 4 -12 4 -12 4 -11 4 -11 5 -11 4 -11 5 -11 6 -11 6 -11 6 -11 6 -10 6 -11 7 -10 7 -10 7 -10 8 -10 8 -10 8 -10 8 -9 8 -10 9 -10 9 -10 9 -10 10 0 0 0 0 0 0 0 0 0 0]"
"1768831270876217,CSI_DATA,STATION,00:00:00:00:00:00,0,0,0,0,0,0,0,0,0,0,0,0,0,0,0,0,0,0,0,0,0,128,[84 -64 4 0 0 0 0 0 0 0 0 0 13 2 14 2 14 4 14 4 14 4 13 4 13 5 12 6 12 5 12 7 12 6 11 6 11 7 11 7 11 7 11 6 10 6 11 6 10 6 10 6 10 6 10 6 9 6 9 6 9 5 9 5 0 0 9 4 10 4 10 4 10 3 10 4 10 3 10 3 10 3 10 2 9 2 10 2 10 2 10 2 10 2 10 1 10 1 11 1 11 0 11 0 10 0 11 0 11 0 12 0 11 0 11 -1 12 -1 0 0 0 0 0 0 0 0 0 0]"
"1768831270880603,CSI_DATA,STATION,00:00:00:00:00:00,0,0,0,0,0,0,0,0,0,0,0,0,0,0,0,0,0,0,0,0,0,128,[84 -64 4 0 0 0 0 0 0 0 0 0 14 -3 15 -3 15 -2 15 -1 15 -1 14 -1 15 -1 15 0 14 0 15 2 14 1 14 2 13 3 14 2 13 2 13 2 12 2 12 2 12 3 12 2 12 2 12 2 11 2 11 3 11 2 11 1 0 0 11 1 11 1 11 1 11 0 11 1 11 0 11 0 10 0 10 -1 10 -1 10 -1 11 -1 11 -1 11 -1 11 -3 11 -3 11 -2 11 -3 11 -3 11 -4 11 -4 11 -4 12 -4 12 -4 11 -4 11 -4 0 0 0 0 0 0 0 0 0 0]"
"1768831270884975,CSI_DATA,STATION,00:00:00:00:00:00,0,0,0,0,0,0,0,0,0,0,0,0,0,0,0,0,0,0,0,0,0,128,[84 -64 4 0 0 0 0 0 0 0 0 0 13 -7 13 -7 13 -6 13 -6 14 -5 14 -5 13 -4 14 -4 14 -3 14 -3 13 -3 13 -3 13 -3 13 -2 13 -2 13 -2 12 -2 12 -2 12 -2 12 -2 12 -2 12 -2 11 -2 11 -2 11 -2 11 -3 0 0 10 -3 10 -3 10 -3 10 -3 9 -4 10 -4 9 -4 9 -5 10 -5 9 -5 9 -6 9 -6 9 -6 9 -6 9 -6 9 -7 9 -7 8 -7 9 -7 9 -8 8 -8 8 -8 8 -8 8 -9 8 -9 8 -9 0 0 0 0 0 0 0 0 0 0]"
"1768831270891474,CSI_DATA,STATION,00:00:00:00:00:00,0,0,0,0,0,0,0,0,0,0,0,0,0,0,0,0,0,0,0,0,0,128,[84 -64 4 0 0 0 0 0 0 0 0 0 5 16 4 16 4 17 4 17 2 17 3 17 2 17 1 17 1 16 1 17 0 17 0 16 0 16 0 15 -1 16 -1 15 -1 15 -1 14 -1 15 -1 15 -1 14 -1 14 -1 13 -1 13 0 14 0 13 0 0 0 13 1 13 1 13 1 12 2 12 2 13 2 12 3 12 3 11 3 11 3 12 3 12 4 12 4 12 4 12 5 12 5 12 6 12 5 11 6 11 6 11 7 11 7 12 8 12 7 11 7 12 0 0 0 0 0 0 0 0 0 0]"
"1768831270895825,CSI_DATA,STATION,00:00:00:00:00:00,0,0,0,0,0,0,0,0,0,0,0,0,0,0,0,0,0,0,0,0,0,128,[84 -64 4 0 0 0 0 0 0 0 0 0 15 1 14 2 15 3 15 3 15 4 14 3 14 4 14 5 13 5 14 5 13 5 13 5 13 6 12 6 12 6 11 5 11 5 11 5 11 6 11 6 10 5 11 5 10 5 11 5 10 4 10 4 0 0 10 3 10 3 10 3 10 2 10 3 11 2 10 2 10 2 10 1 10 1 10 1 11 1 11 1 11 0 11 -1 11 -1 11 -1 11 -1 11 -2 11 -2 11 -2 11 -2 12 -2 12 -2 12 -3 11 -3 0 0 0 0 0 0 0 0 0 0]"
"1768831270900155,CSI_DATA,STATION,00:00:00:00:00:00,0,0,0,0,0,0,0,0,0,0,0,0,0,0,0,0,0,0,0,0,0,128,[84 -64 4 0 0 0 0 0 0 0 0 0 11 8 11 8 10 9 11 9 10 9 10 10 9 9 9 10 9 10 9 10 8 10 8 10 8 10 8 10 7 11 7 10 7 10 6 9 7 10 7 10 7 9 7 9 6 9 7 9 6 9 6 8 0 0 6 8 7 8 7 8 6 7 7 7 8 7 8 7 8 6 8 6 7 6 7 6 8 6 9 6 9 6 8 5 9 5 10 4 9 5 9 4 10 4 10 4 11 4 10 4 11 4 11 4 11 4 0 0 0 0 0 0 0 0 0 0]"
"1768831270906630,CSI_DATA,STATION,00:00:00:00:00:00,0,0,0,0,0,0,0,0,0,0,0,0,0,0,0,0,0,0,0,0,0,128,[84 -64 4 0 0 0 0 0 0 0 0 0 -15 4 -15 3 -16 2 -16 2 -15 1 -16 1 -15 0 -15 0 -15 -1 -15 -1 -15 -1 -14 -1 -14 -2 -14 -2 -14 -2 -14 -1 -13 -2 -13 -2 -13 -2 -13 -2 -12 -2 -12 -2 -12 -2 -12 -1 -12 -2 -12 -1 0 0 -12 0 -12 -1 -11 0 -11 0 -11 0 -12 0 -12 0 -11 1 -11 1 -11 1 -11 2 -11 2 -11 2 -11 2 -11 3 -11 3 -11 3 -11 4 -11 4 -11 4 -11 4 -11 4 -11 4 -11 5 -11 5 -11 6 0 0 0 0 0 0 0 0 0 0]"
"1768831270910992,CSI_DATA,STATION,00:00:00:00:00:00,0,0,0,0,0,0,0,0,0,0,0,0,0,0,0,0,0,0,0,0,0,128,[84 -64 4 0 0 0 0 0 0 0 0 0 -14 6 -14 5 -14 4 -14 4 -14 3 -15 4 -14 3 -15 2 -14 2 -14 2 -14 2 -14 1 -14 1 -13 1 -14 1 -13 1 -13 0 -12 0 -13 0 -13 0 -12 0 -12 0 -11 1 -12 0 -12 1 -12 1 0 0 -11 1 -11 1 -11 1 -11 1 -11 2 -11 2 -11 2 -10 2 -10 3 -10 3 -10 4 -10 3 -10 4 -11 4 -10 4 -10 5 -10 4 -10 5 -10 5 -10 6 -10 6 -10 6 -10 6 -10 7 -10 6 -10 7 0 0 0 0 0 0 0 0 0 0]"
"1768831270915305,CSI_DATA,STATION,00:00:00:00:00:00,0,0,0,0,0,0,0,0,0,0,0,0,0,0,0,0,0,0,0,0,0,128,[84 -64 4 0 0 0 0 0 0 0 0 0 14 -3 14 -3 15 -1 15 -1 15 0 15 0 14 1 14 1 14 1 14 2 14 2 13 2 14 3 14 3 14 3 12 2 12 3 12 3 12 3 12 3 12 3 12 3 11 2 11 3 11 2 11 1 0 0 10 1 11 1 11 1 10 0 11 1 11 0 11 0 11 0 10 0 10 -1 10 -1 11 -1 11 -1 11 -1 11 -2 11 -3 11 -2 11 -3 11 -3 11 -3 11 -3 11 -3 11 -3 11 -4 11 -4 11 -5 0 0 0 0 0 0 0 0 0 0]"
"1768831270921800,CSI_DATA,STATION,00:00:00:00:00:00,0,0,0,0,0,0,0,0,0,0,0,0,0,0,0,0,0,0,0,0,0,128,[84 -64 4 0 0 0 0 0 0 0 0 0 12 9 11 9 11 10 12 10 11 11 10 11 9 11 8 11 8 11 9 12 8 11 7 11 8 11 8 12 7 12 7 11 6 10 7 10 6 11 7 10 7 10 7 10 6 10 7 10 7 10 6 9 0 0 6 8 7 9 7 8 7 8 7 8 7 8 7 7 8 7 7 6 8 7 8 6 9 6 9 6 9 6 9 6 9 5 10 5 9 5 10 5 10 4 10 5 11 4 11 4 11 4 11 4 11 4 0 0 0 0 0 0 0 0 0 0]"
"1768831270926158,CSI_DATA,STATION,00:00:00:00:00:00,0,0,0,0,0,0,0,0,0,0,0,0,0,0,0,0,0,0,0,0,0,128,[84 -64 4 0 0 0 0 0 0 0 0 0 11 -11 12 -10 11 -10 12 -9 12 -9 12 -9 13 -8 13 -8 13 -8 13 -7 13 -7 13 -6 12 -6 12 -6 13 -6 13 -6 12 -5 11 -6 11 -5 12 -5 11 -5 11 -5 11 -5 11 -5 10 -5 10 -6 0 0 10 -6 9 -6 9 -6 10 -6 8 -7 9 -7 9 -7 8 -7 8 -7 8 -8 7 -8 8 -8 8 -8 7 -8 7 -9 7 -9 7 -10 7 -10 7 -10 7 -10 6 -10 6 -10 6 -10 6 -11 6 -11 6 -11 0 0 0 0 0 0 0 0 0 0]"
"1768831270930465,CSI_DATA,STATION,00:00:00:00:00:00,0,0,0,0,0,0,0,0,0,0,0,0,0,0,0,0,0,0,0,0,0,128,[84 -64 4 0 0 0 0 0 0 0 0 0 13 -7 13 -6 14 -5 14 -5 14 -4 14 -4 14 -4 14 -4 14 -3 14 -2 13 -2 13 -2 13 -1 13 -1 13 -1 12 -2 12 -1 12 -1 12 -1 12 -1 11 -1 12 0 11 -1 11 -1 11 -1 11 -2 0 0 11 -2 10 -2 10 -2 10 -3 10 -2 11 -3 10 -3 10 -3 10 -4 9 -3 9 -4 10 -4 10 -4 10 -5 10 -5 10 -5 9 -5 10 -6 10 -6 9 -7 10 -6 10 -6 10 -7 10 -7 10 -7 9 -7 0 0 0 0 0 0 0 0 0 0]"
"1768831270936957,CSI_DATA,STATION,00:00:00:00:00:00,0,0,0,0,0,0,0,0,0,0,0,0,0,0,0,0,0,0,0,0,0,128,[84 -64 4 0 0 0 0 0 0 0 0 0 9 11 8 12 9 13 8 13 8 13 7 13 6 13 6 14 5 13 6 14 5 13 5 13 5 13 5 13 4 13 3 13 3 12 2 12 3 12 3 12 3 12 3 11 3 11 4 11 4 11 3 11 0 0 3 10 4 10 4 10 4 10 4 10 5 10 4 10 5 9 5 9 5 9 5 8 6 9 6 9 6 9 6 9 6 8 7 8 7 8 7 9 7 8 8 8 8 9 8 8 9 8 9 8 8 8 0 0 0 0 0 0 0 0 0 0]"
"1768831270941264,CSI_DATA,STATION,00:00:00:00:00:00,0,0,0,0,0,0,0,0,0,0,0,0,0,0,0,0,0,0,0,0,0,128,[84 -64 4 0 0 0 0 0 0 0 0 0 -11 -10 -11 -11 -10 -12 -10 -12 -9 -12 -9 -12 -9 -12 -8 -12 -8 -12 -8 -13 -7 -13 -7 -12 -6 -13 -6 -13 -6 -13 -6 -12 -6 -12 -6 -12 -6 -12 -6 -12 -6 -12 -6 -11 -6 -11 -6 -11 -5 -11 -6 -10 0 0 -6 -9 -6 -10 -7 -10 -6 -9 -7 -10 -7 -9 -7 -9 -7 -9 -8 -8 -8 -8 -8 -8 -8 -8 -8 -8 -9 -8 -8 -7 -9 -7 -9 -8 -9 -7 -10 -7 -10 -7 -10 -7 -10 -7 -11 -7 -11 -7 -11 -7 -11 -6 0 0 0 0 0 0 0 0 0 0]"
"1768831270947729,CSI_DATA,STATION,00:00:00:00:00:00,0,0,0,0,0,0,0,0,0,0,0,0,0,0,0,0,0,0,0,0,0,128,[84 -64 4 0 0 0 0 0 0 0 0 0 10 -12 10 -12 10 -12 11 -11 11 -11 12 -11 12 -10 13 -9 12 -9 12 -8 12 -8 13 -8 12 -7 12 -7 13 -7 12 -7 12 -7 11 -7 12 -6 12 -6 11 -6 11 -6 11 -6 11 -6 10 -6 10 -7 0 0 10 -7 9 -6 9 -7 9 -7 9 -7 9 -7 8 -7 8 -8 8 -8 8 -8 7 -9 7 -8 7 -8 7 -9 7 -9 7 -10 7 -10 7 -10 7 -10 7 -11 6 -11 6 -11 7 -11 6 -11 6 -12 6 -12 0 0 0 0 0 0 0 0 0 0]"
"1768831270952100,CSI_DATA,STATION,00:00:00:00:00:00,0,0,0,0,0,0,0,0,0,0,0,0,0,0,0,0,0,0,0,0,0,128,[84 -64 4 0 0 0 0 0 0 0 0 0 -1 17 -2 17 -2 17 -3 17 -3 17 -4 17 -5 16 -5 16 -5 16 -6 16 -6 15 -6 15 -7 15 -7 15 -7 14 -7 14 -7 14 -7 13 -7 13 -7 13 -7 13 -6 13 -7 12 -5 13 -6 12 -6 12 0 0 -5 12 -4 12 -4 12 -4 12 -3 12 -3 12 -3 12 -3 12 -3 12 -2 12 -2 12 -1 12 -1 12 -1 12 -1 13 0 12 0 13 0 13 1 13 0 13 1 13 1 13 1 14 2 13 2 14 2 14 0 0 0 0 0 0 0 0 0 0]"
"1768831270958555,CSI_DATA,STATION,00:00:00:00:00:00,0,0,0,0,0,0,0,0,0,0,0,0,0,0,0,0,0,0,0,0,0,128,[84 -64 4 0 0 0 0 0 0 0 0 0 -15 -5 -15 -5 -15 -6 -15 -6 -15 -7 -14 -7 -14 -8 -13 -8 -13 -8 -13 -9 -13 -8 -12 -9 -12 -9 -12 -9 -11 -9 -11 -8 -11 -9 -11 -9 -11 -9 -10 -9 -11 -8 -10 -8 -10 -8 -10 -8 -10 -8 -10 -7 0 0 -9 -7 -10 -7 -10 -7 -10 -6 -10 -6 -10 -6 -10 -6 -10 -5 -10 -5 -11 -5 -11 -4 -11 -5 -11 -5 -11 -4 -11 -4 -11 -3 -12 -4 -11 -4 -11 -3 -12 -3 -12 -3 -12 -3 -13 -2 -13 -3 -13 -2 -13 -2 0 0 0 0 0 0 0 0 0 0]"
"1768831270962889,CSI_DATA,STATION,00:00:00:00:00:00,0,0,0,0,0,0,0,0,0,0,0,0,0,0,0,0,0,0,0,0,0,128,[84 -64 4 0 0 0 0 0 0 0 0 0 -16 -1 -16 -2 -16 -2 -16 -3 -16 -3 -15 -4 -15 -4 -15 -4 -14 -5 -15 -6 -14 -5 -14 -5 -14 -6 -13 -6 -13 -6 -13 -6 -12 -6 -13 -6 -13 -7 -12 -6 -12 -6 -12 -6 -12 -5 -12 -6 -12 -5 -11 -5 0 0 -11 -4 -11 -4 -11 -4 -11 -3 -12 -4 -11 -4 -11 -3 -12 -3 -11 -3 -11 -2 -11 -2 -11 -2 -12 -2 -12 -2 -11 -1 -11 -1 -12 -1 -12 -1 -12 0 -12 0 -12 0 -13 0 -13 0 -13 0 -12 1 -13 1 0 0 0 0 0 0 0 0 0 0]"
"1768831270967215,CSI_DATA,STATION,00:00:00:00:00:00,0,0,0,0,0,0,0,0,0,0,0,0,0,0,0,0,0,0,0,0,0,128,[84 -64 4 0 0 0 0 0 0 0 0 0 7 -13 7 -13 8 -13 8 -12 9 -12 9 -12 9 -11 10 -11 9 -10 10 -10 10 -10 10 -9 10 -9 10 -8 10 -8 10 -9 10 -8 10 -8 9 -8 10 -8 9 -7 9 -8 9 -7 9 -8 8 -7 8 -8 0 0 8 -7 8 -7 7 -8 7 -8 7 -8 7 -8 7 -8 7 -8 7 -8 6 -9 6 -9 6 -9 6 -9 6 -9 6 -9 5 -10 5 -10 5 -10 5 -10 5 -11 5 -11 5 -11 4 -11 4 -11 5 -11 4 -11 0 0 0 0 0 0 0 0 0 0]"
"1768831270973835,CSI_DATA,STATION,00:00:00:00:00:00,0,0,0,0,0,0,0,0,0,0,0,0,0,0,0,0,0,0,0,0,0,128,[84 -64 4 0 0 0 0 0 0 0 0 0 -13 7 -14 7 -14 6 -15 6 -15 5 -15 5 -15 5 -15 4 -15 4 -15 3 -15 3 -14 3 -14 3 -14 2 -14 2 -14 2 -14 2 -13 2 -13 2 -13 2 -13 2 -12 2 -12 2 -12 2 -12 2 -12 2 0 0 -12 3 -11 3 -11 3 -11 3 -11 4 -11 4 -10 4 -11 4 -10 5 -10 5 -10 6 -10 5 -9 5 -10 6 -10 6 -10 6 -9 7 -9 7 -10 7 -9 8 -9 8 -9 8 -9 8 -9 8 -9 9 -9 9 0 0 0 0 0 0 0 0 0 0]"
"1768831270978158,CSI_DATA,STATION,00:00:00:00:00:00,0,0,0,0,0,0,0,0,0,0,0,0,0,0,0,0,0,0,0,0,0,128,[84 -64 4 0 0 0 0 0 0 0 0 0 8 -15 8 -14 9 -14 9 -14 10 -13 10 -13 10 -12 11 -12 11 -12 12 -11 11 -11 11 -11 11 -10 12 -10 12 -10 11 -9 10 -9 11 -9 10 -8 11 -8 10 -8 10 -9 10 -8 9 -9 9 -8 9 -8 0 0 9 -9 9 -8 8 -9 8 -9 8 -9 8 -9 7 -9 7 -9 7 -10 6 -10 6 -10 6 -10 6 -10 6 -10 6 -11 5 -11 5 -12 5 -11 5 -12 5 -12 5 -12 4 -12 4 -13 4 -13 4 -13 4 -13 0 0 0 0 0 0 0 0 0 0]"
"1768831270988949,CSI_DATA,STATION,00:00:00:00:00:00,0,0,0,0,0,0,0,0,0,0,0,0,0,0,0,0,0,0,0,0,0,128,[84 -64 4 0 0 0 0 0 0 0 0 0 15 -2 15 -1 15 0 15 0 15 1 14 2 14 2 14 2 14 3 14 3 14 3 13 3 14 4 13 4 13 4 12 4 11 4 12 4 12 4 12 4 12 4 11 4 11 3 11 4 11 3 10 3 0 0 10 2 10 3 11 2 10 2 10 2 10 2 10 2 10 1 10 0 10 0 10 0 11 0 11 0 11 0 11 -1 11 -1 11 -1 11 -2 11 -1 11 -2 11 -2 11 -2 12 -2 11 -3 12 -3 11 -3 0 0 0 0 0 0 0 0 0 0]"
"1768831270995473,CSI_DATA,STATION,00:00:00:00:00:00,0,0,0,0,0,0,0,0,0,0,0,0,0,0,0,0,0,0,0,0,0,128,[84 -64 4 0 0 0 0 0 0 0 0 0 1 -16 2 -16 3 -15 3 -16 4 -15 4 -16 5 -15 5 -15 5 -14 5 -14 5 -14 6 -13 6 -13 6 -13 6 -13 6 -12 6 -12 6 -12 6 -12 6 -12 5 -12 5 -11 5 -11 5 -11 5 -11 5 -11 0 0 4 -11 4 -11 4 -11 3 -10 3 -11 3 -11 2 -11 2 -11 2 -11 2 -11 2 -11 1 -11 1 -11 1 -11 1 -12 1 -12 0 -12 0 -12 0 -12 -1 -12 -1 -12 -1 -12 -2 -12 -1 -13 -1 -13 -2 -13 0 0 0 0 0 0 0 0 0 0]"
"1768831271001993,CSI_DATA,STATION,00:00:00:00:00:00,0,0,0,0,0,0,0,0,0,0,0,0,0,0,0,0,0,0,0,0,0,128,[84 -64 4 0 0 0 0 0 0 0 0 0 9 -13 9 -13 9 -12 10 -12 10 -12 11 -11 11 -10 11 -10 11 -10 11 -10 11 -9 11 -9 11 -9 11 -9 12 -8 11 -8 11 -8 10 -8 11 -7 10 -7 10 -7 10 -7 10 -8 9 -8 9 -7 9 -7 0 0 8 -8 8 -7 8 -8 8 -8 7 -8 8 -8 7 -8 7 -8 7 -9 7 -9 6 -9 6 -9 6 -9 6 -9 6 -10 6 -10 5 -10 5 -10 5 -10 5 -11 5 -11 5 -11 5 -11 4 -12 4 -12 4 -12 0 0 0 0 0 0 0 0 0 0]"
"1768831271006360,CSI_DATA,STATION,00:00:00:00:00:00,0,0,0,0,0,0,0,0,0,0,0,0,0,0,0,0,0,0,0,0,0,128,[84 -64 4 0 0 0 0 0 0 0 0 0 -9 14 -10 13 -10 13 -10 12 -11 12 -11 11 -11 11 -12 11 -12 10 -12 11 -12 10 -12 10 -12 10 -12 9 -12 9 -12 9 -12 9 -12 9 -11 8 -11 8 -11 8 -11 8 -11 8 -10 8 -10 8 -10 8 0 0 -9 8 -9 8 -9 8 -9 8 -8 8 -8 9 -7 9 -8 9 -8 10 -7 9 -7 10 -6 10 -6 10 -6 10 -6 10 -6 11 -5 11 -5 11 -5 11 -5 11 -4 12 -4 12 -4 12 -4 12 -4 12 -3 12 0 0 0 0 0 0 0 0 0 0]"
"1768831271012946,CSI_DATA,STATION,00:00:00:00:00:00,0,0,0,0,0,0,0,0,0,0,0,0,0,0,0,0,0,0,0,0,0,128,[84 -64 4 0 0 0 0 0 0 0 0 0 -6 15 -7 15 -7 14 -8 14 -9 14 -9 13 -9 13 -10 13 -10 12 -10 12 -10 12 -10 11 -10 12 -10 11 -11 10 -10 11 -10 10 -10 10 -10 10 -10 9 -10 9 -10 9 -9 9 -9 10 -9 9 -9 9 0 0 -8 9 -8 9 -7 9 -8 9 -7 10 -7 9 -6 10 -7 10 -6 10 -6 10 -6 10 -5 10 -5 10 -5 11 -5 11 -5 11 -4 11 -5 11 -4 12 -4 12 -4 12 -3 12 -3 12 -3 12 -3 13 -3 13 0 0 0 0 0 0 0 0 0 0]"
"1768831271017304,CSI_DATA,STATION,00:00:00:00:00:00,0,0,0,0,0,0,0,0,0,0,0,0,0,0,0,0,0,0,0,0,0,128,[84 -64 4 0 0 0 0 0 0 0 0 0 -2 -16 -1 -16 -1 -16 0 -16 0 -16 1 -16 2 -15 2 -15 3 -15 2 -15 3 -15 3 -15 3 -15 3 -14 3 -14 3 -13 4 -13 4 -13 4 -13 3 -13 3 -12 3 -13 3 -12 3 -12 2 -12 2 -12 0 0 2 -11 1 -12 1 -11 2 -12 1 -11 1 -12 1 -12 0 -12 0 -11 0 -11 0 -11 -1 -11 -2 -12 -1 -12 -1 -12 -2 -11 -2 -12 -2 -12 -2 -12 -3 -12 -3 -12 -3 -12 -4 -13 -4 -12 -4 -12 -4 -12 0 0 0 0 0 0 0 0 0 0]"
"1768831271023776,CSI_DATA,STATION,00:00:00:00:00:00,0,0,0,0,0,0,0,0,0,0,0,0,0,0,0,0,0,0,0,0,0,128,[84 -64 4 0 0 0 0 0 0 0 0 0 -8 12 -9 12 -9 12 -10 12 -10 11 -11 11 -11 11 -11 10 -11 10 -12 9 -12 9 -11 9 -12 8 -12 8 -11 8 -12 8 -11 8 -11 8 -11 7 -11 7 -10 7 -11 7 -10 7 -11 7 -10 6 -10 7 0 0 -9 7 -9 7 -8 7 -9 7 -9 7 -8 7 -8 7 -8 8 -7 8 -7 8 -7 9 -7 8 -7 9 -6 9 -7 9 -6 10 -6 9 -6 10 -6 10 -6 10 -6 10 -5 10 -5 10 -5 11 -5 11 -5 11 0 0 0 0 0 0 0 0 0 0]"
"1768831271028102,CSI_DATA,STATION,00:00:00:00:00:00,0,0,0,0,0,0,0,0,0,0,0,0,0,0,0,0,0,0,0,0,0,128,[84 -64 4 0 0 0 0 0 0 0 0 0 -15 3 -16 3 -16 2 -16 1 -16 1 -16 0 -15 0 -16 -1 -15 -2 -16 -2 -15 -2 -15 -1 -14 -2 -15 -2 -15 -3 -14 -2 -14 -3 -13 -3 -14 -3 -13 -3 -13 -3 -13 -3 -13 -2 -13 -2 -12 -2 -12 -1 0 0 -11 -2 -12 -2 -12 -1 -12 -1 -11 -1 -12 -1 -12 -1 -12 0 -11 0 -11 1 -11 1 -12 1 -12 1 -12 2 -11 2 -12 2 -12 2 -12 3 -12 3 -12 3 -12 3 -12 3 -12 3 -12 4 -12 4 -12 4 0 0 0 0 0 0 0 0 0 0]"
"1768831271032415,CSI_DATA,STATION,00:00:00:00:00:00,0,0,0,0,0,0,0,0,0,0,0,0,0,0,0,0,0,0,0,0,0,128,[84 -64 4 0 0 0 0 0 0 0 0 0 13 -5 13 -5 14 -4 14 -3 14 -3 14 -3 14 -2 14 -2 14 -2 14 -1 13 -1 13 -1 13 0 13 0 13 0 12 0 12 0 12 0 12 1 12 1 12 1 11 0 11 0 11 0 11 0 11 -1 0 0 10 -1 10 -1 10 -1 10 -2 10 -1 10 -2 10 -2 10 -2 10 -2 10 -2 10 -3 10 -3 10 -3 10 -3 10 -4 10 -4 10 -4 10 -5 10 -5 9 -5 10 -5 10 -6 10 -6 10 -6 10 -6 10 -6 0 0 0 0 0 0 0 0 0 0]"
"1768831271038929,CSI_DATA,STATION,00:00:00:00:00:00,0,0,0,0,0,0,0,0,0,0,0,0,0,0,0,0,0,0,0,0,0,128,[84 -64 4 0 0 0 0 0 0 0 0 0 -10 -12 -10 -13 -10 -13 -9 -13 -9 -14 -8 -14 -8 -14 -7 -14 -7 -14 -7 -14 -6 -14 -6 -14 -5 -14 -5 -14 -5 -14 -5 -13 -5 -13 -4 -12 -5 -13 -4 -13 -4 -12 -4 -13 -4 -12 -5 -12 -5 -12 -4 -11 0 0 -5 -11 -5 -11 -6 -11 -5 -11 -5 -10 -6 -11 -6 -10 -7 -10 -6 -10 -6 -9 -7 -9 -7 -10 -8 -9 -7 -9 -7 -9 -8 -9 -8 -9 -8 -9 -9 -9 -9 -9 -9 -8 -10 -9 -10 -9 -10 -8 -10 -8 -10 -8 0 0 0 0 0 0 0 0 0 0]"
"1768831271043244,CSI_DATA,STATION,00:00:00:00:00:00,0,0,0,0,0,0,0,0,0,0,0,0,0,0,0,0,0,0,0,0,0,128,[84 -64 4 0 0 0 0 0 0 0 0 0 -7 13 -8 13 -8 13 -9 13 -9 12 -10 12 -9 11 -10 11 -10 10 -10 11 -10 11 -10 10 -10 10 -10 9 -11 10 -10 9 -10 9 -10 9 -10 9 -10 8 -9 8 -9 8 -9 8 -8 9 -8 9 -8 9 0 0 -8 8 -7 8 -7 9 -7 8 -7 9 -6 8 -6 9 -6 9 -6 9 -6 9 -5 10 -5 10 -5 10 -4 10 -5 9 -4 10 -4 10 -4 11 -3 11 -3 10 -3 11 -3 11 -2 11 -2 11 -2 12 -2 12 0 0 0 0 0 0 0 0 0 0]"
"1768831271049715,CSI_DATA,STATION,00:00:00:00:00:00,0,0,0,0,0,0,0,0,0,0,0,0,0,0,0,0,0,0,0,0,0,128,[84 -64 4 0 0 0 0 0 0 0 0 0 14 -5 14 -5 15 -4 15 -3 15 -4 14 -3 15 -2 14 -2 15 -1 15 -1 14 -1 14 -1 14 0 14 0 14 1 13 0 12 1 12 1 12 1 12 1 12 1 12 1 12 0 11 1 12 0 11 -1 0 0 11 -1 11 -1 11 -1 11 -2 11 -1 11 -1 11 -1 10 -2 10 -3 10 -3 10 -3 10 -3 11 -3 10 -3 10 -4 10 -4 11 -4 10 -5 10 -5 10 -5 10 -6 10 -5 11 -6 10 -6 11 -6 11 -7 0 0 0 0 0 0 0 0 0 0]"
"1768831271054076,CSI_DATA,STATION,00:00:00:00:00:00,0,0,0,0,0,0,0,0,0,0,0,0,0,0,0,0,0,0,0,0,0,128,[84 -64 4 0 0 0 0 0 0 0 0 0 3 -15 4 -15 4 -15 4 -15 5 -15 6 -15 6 -15 6 -14 6 -14 7 -13 7 -13 7 -13 7 -12 7 -12 7 -12 7 -12 8 -11 8 -11 7 -11 7 -11 7 -11 6 -11 7 -11 7 -10 6 -10 6 -10 0 0 6 -10 5 -10 4 -10 5 -10 4 -10 4 -11 3 -11 4 -11 3 -11 3 -11 3 -11 3 -11 3 -11 2 -11 2 -12 2 -11 2 -12 2 -12 1 -12 1 -12 1 -12 0 -12 0 -13 0 -13 0 -12 0 -13 0 0 0 0 0 0 0 0 0 0]"
"1768831271058387,CSI_DATA,STATION,00:00:00:00:00:00,0,0,0,0,0,0,0,0,0,0,0,0,0,0,0,0,0,0,0,0,0,128,[84 -64 4 0 0 0 0 0 0 0 0 0 1 15 0 15 0 15 -1 15 -1 15 -2 15 -3 15 -3 15 -3 14 -3 15 -3 14 -3 13 -4 13 -4 13 -4 13 -4 13 -5 12 -5 12 -4 12 -4 12 -4 11 -4 11 -4 11 -4 11 -3 11 -3 11 0 0 -3 11 -2 10 -2 11 -2 11 -2 10 -1 11 -1 11 -1 10 -1 10 -1 10 -1 10 0 10 1 11 1 11 0 11 1 11 2 11 1 10 1 11 2 11 2 11 2 11 3 11 3 11 3 11 3 11 0 0 0 0 0 0 0 0 0 0]"
"1768831271064835,CSI_DATA,STATION,00:00:00:00:00:00,0,0,0,0,0,0,0,0,0,0,0,0,0,0,0,0,0,0,0,0,0,128,[84 -64 4 0 0 0 0 0 0 0 0 0 14 5 13 6 14 7 13 7 13 7 12 7 12 8 12 8 11 8 11 9 11 8 10 8 11 9 10 9 10 9 9 8 9 8 10 8 9 8 9 9 9 8 9 8 9 7 9 8 9 7 8 6 0 0 9 6 9 6 9 6 9 5 9 5 9 5 9 4 9 4 10 4 9 3 9 3 10 3 10 3 11 3 10 2 10 2 11 2 11 1 11 1 11 1 11 1 11 1 12 1 12 0 12 0 12 0 0 0 0 0 0 0 0 0 0 0]"
"1768831271069324,CSI_DATA,STATION,00:00:00:00:00:00,0,0,0,0,0,0,0,0,0,0,0,0,0,0,0,0,0,0,0,0,0,128,[84 -64 4 0 0 0 0 0 0 0 0 0 -1 -16 -1 -16 -1 -16 0 -16 0 -16 1 -16 2 -15 2 -16 3 -15 2 -15 3 -15 3 -15 3 -15 3 -14 3 -14 3 -13 4 -13 4 -13 3 -13 4 -13 3 -12 3 -12 4 -12 3 -12 2 -12 2 -12 0 0 2 -12 2 -11 2 -11 1 -11 1 -12 1 -12 1 -11 0 -12 1 -11 0 -11 0 -11 -1 -12 -1 -12 -1 -12 -1 -12 -1 -12 -2 -12 -2 -12 -2 -12 -2 -12 -2 -12 -3 -12 -3 -13 -4 -12 -3 -13 -3 -12 0 0 0 0 0 0 0 0 0 0]"
"1768831271075965,CSI_DATA,STATION,00:00:00:00:00:00,0,0,0,0,0,0,0,0,0,0,0,0,0,0,0,0,0,0,0,0,0,128,[84 -64 4 0 0 0 0 0 0 0 0 0 -14 4 -15 3 -15 2 -16 2 -15 1 -15 1 -15 0 -15 0 -15 0 -15 -1 -14 -1 -14 -1 -14 -2 -14 -2 -14 -2 -13 -1 -13 -2 -13 -2 -13 -2 -13 -2 -13 -2 -13 -2 -12 -2 -12 -2 -12 -1 -12 -1 0 0 -11 -1 -12 -1 -12 -1 -11 0 -11 0 -11 0 -11 0 -11 1 -11 1 -11 1 -11 2 -11 1 -11 2 -11 2 -11 3 -11 3 -11 3 -11 3 -11 4 -11 4 -11 4 -11 4 -11 4 -11 5 -11 5 -12 5 0 0 0 0 0 0 0 0 0 0]"
"1768831271080321,CSI_DATA,STATION,00:00:00:00:00:00,0,0,0,0,0,0,0,0,0,0,0,0,0,0,0,0,0,0,0,0,0,128,[84 -64 4 0 0 0 0 0 0 0 0 0 14 -4 15 -4 15 -3 15 -3 15 -2 15 -2 15 -1 15 -1 14 -1 15 0 14 0 14 0 14 2 14 1 14 1 13 1 13 2 12 1 13 2 13 2 12 1 12 1 11 1 12 2 12 1 11 0 0 0 11 0 11 0 11 0 11 -1 11 0 11 -1 11 -1 11 -2 10 -2 10 -2 10 -2 11 -2 11 -3 11 -3 11 -4 11 -4 11 -3 11 -5 11 -4 11 -5 11 -5 11 -5 11 -5 11 -5 11 -6 11 -6 0 0 0 0 0 0 0 0 0 0]"
"1768831271084726,CSI_DATA,STATION,00:00:00:00:00:00,0,0,0,0,0,0,0,0,0,0,0,0,0,0,0,0,0,0,0,0,0,128,[84 -64 4 0 0 0 0 0 0 0 0 0 -1 14 -2 14 -2 14 -3 14 -3 14 -4 14 -4 13 -5 13 -5 13 -5 13 -5 13 -5 12 -6 12 -5 12 -5 12 -6 11 -6 11 -5 11 -6 11 -5 10 -5 10 -5 10 -5 10 -5 10 -4 10 -4 10 0 0 -4 10 -3 10 -3 10 -3 9 -3 10 -2 9 -2 10 -2 10 -2 10 -2 10 -1 10 -1 10 -1 10 0 10 -1 10 0 11 1 10 0 10 1 11 1 10 1 11 2 11 2 11 2 11 2 11 2 11 0 0 0 0 0 0 0 0 0 0]"
"1768831271091269,CSI_DATA,STATION,00:00:00:00:00:00,0,0,0,0,0,0,0,0,0,0,0,0,0,0,0,0,0,0,0,0,0,128,[84 -64 4 0 0 0 0 0 0 0 0 0 -13 -8 -13 -8 -12 -9 -12 -10 -12 -10 -11 -10 -11 -10 -10 -10 -10 -11 -10 -11 -10 -10 -10 -10 -10 -11 -9 -11 -9 -11 -8 -10 -8 -10 -8 -10 -8 -11 -8 -11 -8 -10 -8 -10 -8 -9 -8 -10 -8 -9 -8 -9 0 0 -8 -9 -8 -8 -8 -8 -7 -8 -9 -8 -8 -8 -8 -8 -9 -7 -9 -7 -9 -6 -9 -6 -10 -6 -10 -6 -10 -6 -10 -6 -10 -6 -10 -5 -10 -5 -11 -5 -11 -5 -11 -5 -11 -5 -11 -4 -12 -4 -12 -4 -12 -4 0 0 0 0 0 0 0 0 0 0]"
"1768831271095622,CSI_DATA,STATION,00:00:00:00:00:00,0,0,0,0,0,0,0,0,0,0,0,0,0,0,0,0,0,0,0,0,0,128,[84 -64 4 0 0 0 0 0 0 0 0 0 8 -14 8 -14 9 -14 9 -13 10 -13 10 -12 10 -12 11 -12 11 -11 12 -11 11 -11 12 -10 11 -10 12 -9 11 -9 11 -9 11 -9 11 -9 10 -8 11 -9 10 -8 11 -8 10 -8 10 -8 10 -8 9 -8 0 0 9 -8 9 -8 8 -8 9 -8 8 -9 8 -9 7 -8 7 -9 7 -9 7 -10 7 -10 7 -10 7 -10 6 -10 7 -11 6 -11 6 -11 6 -11 6 -11 5 -11 5 -12 5 -12 5 -12 5 -12 5 -13 5 -13 0 0 0 0 0 0 0 0 0 0]"
"1768831271099981,CSI_DATA,STATION,00:00:00:00:00:00,0,0,0,0,0,0,0,0,0,0,0,0,0,0,0,0,0,0,0,0,0,128,[84 -64 4 0 0 0 0 0 0 0 0 0 -16 -1 -15 -2 -16 -3 -16 -3 -16 -4 -15 -4 -14 -5 -14 -5 -14 -5 -15 -6 -14 -5 -13 -5 -14 -6 -13 -6 -13 -6 -12 -6 -12 -6 -13 -6 -12 -7 -12 -7 -12 -6 -12 -6 -11 -6 -12 -6 -12 -5 -11 -5 0 0 -11 -5 -11 -4 -11 -4 -10 -4 -11 -4 -11 -4 -11 -4 -11 -3 -11 -3 -11 -2 -11 -2 -12 -2 -12 -1 -12 -2 -11 -1 -12 -1 -12 -1 -12 0 -12 0 -12 0 -12 0 -13 0 -12 0 -13 1 -12 1 -13 2 0 0 0 0 0 0 0 0 0 0]"
"1768831271106521,CSI_DATA,STATION,00:00:00:00:00:00,0,0,0,0,0,0,0,0,0,0,0,0,0,0,0,0,0,0,0,0,0,128,[84 -64 4 0 0 0 0 0 0 0 0 0 -13 -8 -13 -9 -13 -10 -12 -10 -12 -11 -11 -11 -11 -11 -10 -11 -10 -11 -10 -12 -10 -11 -9 -11 -9 -12 -9 -12 -9 -12 -8 -11 -8 -11 -8 -11 -8 -11 -7 -11 -8 -11 -8 -11 -8 -10 -8 -11 -8 -10 -8 -9 0 0 -7 -9 -8 -9 -8 -9 -7 -8 -9 -9 -8 -8 -8 -8 -9 -8 -8 -8 -9 -7 -9 -7 -9 -7 -9 -7 -10 -7 -10 -7 -10 -6 -11 -6 -10 -6 -10 -6 -11 -6 -11 -6 -12 -6 -11 -6 -12 -6 -12 -5 -12 -5 0 0 0 0 0 0 0 0 0 0]"
"1768831271110925,CSI_DATA,STATION,00:00:00:00:00:00,0,0,0,0,0,0,0,0,0,0,0,0,0,0,0,0,0,0,0,0,0,128,[84 -64 4 0 0 0 0 0 0 0 0 0 14 -6 14 -6 14 -5 14 -4 14 -3 15 -3 14 -3 14 -3 14 -2 14 -1 14 -1 14 -1 13 -1 13 0 14 0 13 -1 13 0 12 0 13 0 12 0 12 0 12 0 11 0 11 0 11 0 11 -1 0 0 11 -1 10 -1 11 -1 10 -1 10 -2 11 -2 10 -2 10 -3 10 -3 10 -3 10 -4 10 -3 10 -4 10 -4 10 -4 10 -5 10 -5 10 -5 10 -5 10 -6 10 -6 10 -6 10 -6 10 -7 10 -7 10 -7 0 0 0 0 0 0 0 0 0 0]"
"1768831271117478,CSI_DATA,STATION,00:00:00:00:00:00,0,0,0,0,0,0,0,0,0,0,0,0,0,0,0,0,0,0,0,0,0,128,[84 -64 4 0 0 0 0 0 0 0 0 0 -12 -10 -12 -10 -12 -11 -11 -12 -11 -12 -10 -12 -9 -12 -9 -13 -9 -13 -9 -13 -8 -12 -8 -12 -9 -12 -8 -12 -8 -13 -7 -12 -7 -12 -7 -11 -7 -12 -7 -12 -7 -11 -7 -12 -6 -10 -8 -11 -7 -10 -7 -10 0 0 -7 -10 -7 -9 -8 -9 -7 -9 -8 -9 -8 -9 -8 -9 -8 -9 -8 -8 -8 -7 -9 -7 -9 -7 -9 -7 -10 -7 -9 -7 -10 -7 -11 -7 -10 -6 -10 -6 -10 -6 -11 -6 -11 -6 -11 -6 -12 -5 -12 -5 -12 -5 0 0 0 0 0 0 0 0 0 0]"
"1768831271121786,CSI_DATA,STATION,00:00:00:00:00:00,0,0,0,0,0,0,0,0,0,0,0,0,0,0,0,0,0,0,0,0,0,128,[84 -64 4 0 0 0 0 0 0 0 0 0 6 -13 6 -13 6 -13 7 -13 7 -12 8 -13 8 -12 9 -11 9 -11 9 -11 9 -11 9 -10 8 -10 8 -10 9 -10 8 -9 9 -9 8 -9 8 -9 8 -9 9 -8 8 -9 8 -9 7 -9 7 -9 7 -8 0 0 7 -9 6 -8 6 -9 6 -9 6 -9 6 -9 5 -9 5 -9 5 -9 5 -9 4 -10 4 -10 4 -9 4 -10 4 -10 4 -11 3 -11 3 -11 3 -11 3 -11 3 -12 2 -11 2 -11 2 -12 2 -12 2 -12 0 0 0 0 0 0 0 0 0 0]"
"1768831271126139,CSI_DATA,STATION,00:00:00:00:00:00,0,0,0,0,0,0,0,0,0,0,0,0,0,0,0,0,0,0,0,0,0,128,[84 -64 4 0 0 0 0 0 0 0 0 0 -11 11 -11 10 -12 10 -12 10 -12 8 -13 9 -13 8 -13 8 -13 7 -13 7 -13 6 -13 6 -13 6 -13 6 -14 5 -12 6 -12 5 -12 5 -12 5 -12 5 -12 4 -12 5 -12 5 -11 5 -11 5 -11 5 0 0 -10 5 -10 5 -10 5 -10 5 -10 5 -10 5 -9 6 -9 6 -9 7 -9 7 -9 7 -9 7 -8 7 -8 8 -8 8 -8 8 -8 8 -8 8 -7 9 -8 9 -7 9 -7 9 -7 9 -7 9 -7 10 -7 10 0 0 0 0 0 0 0 0 0 0]"
"1768831271132628,CSI_DATA,STATION,00:00:00:00:00:00,0,0,0,0,0,0,0,0,0,0,0,0,0,0,0,0,0,0,0,0,0,128,[84 -64 4 0 0 0 0 0 0 0 0 0 -5 -14 -4 -14 -4 -15 -3 -15 -3 -15 -2 -15 -2 -15 -1 -15 -1 -15 -1 -15 0 -15 0 -14 0 -14 0 -14 0 -14 0 -13 1 -13 1 -13 0 -13 1 -13 0 -13 0 -12 0 -12 0 -12 0 -12 0 -12 0 0 0 -11 -1 -12 -1 -11 -1 -11 -1 -11 -2 -11 -2 -11 -3 -11 -2 -11 -3 -11 -3 -11 -3 -11 -4 -11 -4 -11 -3 -11 -4 -11 -4 -11 -5 -11 -5 -11 -5 -11 -5 -11 -6 -11 -6 -11 -6 -11 -6 -11 -6 -11 0 0 0 0 0 0 0 0 0 0]"
"1768831271136990,CSI_DATA,STATION,00:00:00:00:00:00,0,0,0,0,0,0,0,0,0,0,0,0,0,0,0,0,0,0,0,0,0,128,[84 -64 4 0 0 0 0 0 0 0 0 0 -11 -10 -10 -11 -10 -11 -10 -11 -10 -12 -9 -12 -9 -12 -8 -12 -8 -12 -8 -13 -7 -12 -7 -12 -7 -13 -7 -12 -6 -12 -6 -12 -6 -11 -6 -11 -6 -11 -6 -11 -6 -11 -6 -11 -6 -10 -6 -11 -6 -10 -6 -10 0 0 -6 -10 -7 -10 -7 -9 -6 -9 -7 -9 -7 -9 -7 -9 -8 -9 -8 -8 -8 -8 -8 -8 -8 -8 -8 -7 -8 -7 -9 -7 -9 -7 -10 -7 -9 -7 -10 -6 -10 -6 -10 -6 -11 -6 -11 -6 -11 -6 -11 -6 -11 -6 0 0 0 0 0 0 0 0 0 0]"
"1768831271143503,CSI_DATA,STATION,00:00:00:00:00:00,0,0,0,0,0,0,0,0,0,0,0,0,0,0,0,0,0,0,0,0,0,128,[84 -64 4 0 0 0 0 0 0 0 0 0 -16 -4 -16 -5 -17 -6 -16 -7 -16 -7 -15 -7 -14 -7 -14 -8 -14 -8 -14 -9 -13 -9 -13 -9 -13 -9 -13 -9 -12 -10 -12 -9 -12 -8 -12 -9 -12 -9 -11 -9 -11 -9 -11 -9 -10 -8 -11 -8 -10 -8 -11 -7 0 0 -10 -7 -11 -7 -11 -7 -10 -6 -11 -7 -11 -6 -11 -6 -11 -6 -11 -5 -11 -5 -12 -5 -11 -4 -12 -4 -12 -4 -12 -4 -12 -3 -13 -4 -13 -3 -12 -3 -13 -3 -13 -3 -14 -3 -13 -3 -14 -2 -13 -2 -14 -2 0 0 0 0 0 0 0 0 0 0]"
"1768831271147827,CSI_DATA,STATION,00:00:00:00:00:00,0,0,0,0,0,0,0,0,0,0,0,0,0,0,0,0,0,0,0,0,0,128,[84 -64 4 0 0 0 0 0 0 0 0 0 -3 13 -3 14 -4 13 -4 13 -5 13 -6 13 -6 13 -7 13 -6 12 -6 12 -7 12 -7 11 -7 11 -7 11 -8 10 -7 10 -7 11 -7 10 -7 10 -7 9 -7 9 -7 9 -7 9 -6 10 -6 9 -6 9 0 0 -6 9 -5 8 -5 9 -5 9 -5 9 -5 9 -4 9 -4 9 -4 9 -4 9 -3 9 -3 9 -3 9 -3 10 -3 10 -3 10 -2 10 -3 11 -2 11 -2 10 -2 11 -2 11 -1 11 -1 11 -1 11 -1 12 0 0 0 0 0 0 0 0 0 0]"
"1768831271154335,CSI_DATA,STATION,00:00:00:00:00:00,0,0,0,0,0,0,0,0,0,0,0,0,0,0,0,0,0,0,0,0,0,128,[84 -64 4 0 0 0 0 0 0 0 0 0 -9 -13 -8 -13 -8 -14 -8 -14 -7 -14 -6 -14 -6 -14 -5 -14 -5 -14 -5 -15 -4 -14 -4 -14 -4 -14 -4 -14 -3 -14 -3 -14 -3 -13 -3 -12 -3 -13 -3 -13 -3 -13 -3 -13 -2 -12 -3 -12 -3 -12 -3 -11 0 0 -3 -11 -4 -11 -4 -11 -4 -11 -5 -11 -4 -11 -5 -11 -5 -11 -5 -10 -5 -10 -6 -10 -6 -10 -6 -10 -6 -10 -6 -10 -7 -9 -7 -10 -7 -10 -7 -9 -8 -10 -8 -10 -9 -9 -8 -10 -9 -9 -9 -9 -9 -9 0 0 0 0 0 0 0 0 0 0]"
"1768831271160835,CSI_DATA,STATION,00:00:00:00:00:00,0,0,0,0,0,0,0,0,0,0,0,0,0,0,0,0,0,0,0,0,0,128,[84 -64 4 0 0 0 0 0 0 0 0 0 -9 13 -9 13 -10 13 -10 13 -10 12 -11 12 -11 11 -12 11 -11 11 -12 10 -12 10 -12 10 -12 10 -12 9 -12 9 -12 9 -12 9 -11 9 -11 8 -11 7 -11 8 -11 7 -11 7 -11 8 -10 7 -10 8 0 0 -10 8 -9 8 -9 8 -8 8 -9 8 -8 8 -8 8 -8 9 -8 9 -7 9 -7 10 -7 9 -7 10 -6 10 -7 10 -7 10 -6 10 -6 10 -6 11 -6 11 -6 12 -5 11 -5 11 -5 12 -5 12 -5 13 0 0 0 0 0 0 0 0 0 0]"
"1768831271169505,CSI_DATA,STATION,00:00:00:00:00:00,0,0,0,0,0,0,0,0,0,0,0,0,0,0,0,0,0,0,0,0,0,128,[84 -64 4 0 0 0 0 0 0 0 0 0 9 -12 10 -12 10 -11 11 -11 11 -10 11 -10 12 -9 12 -9 12 -9 12 -8 12 -8 12 -8 11 -8 12 -7 12 -7 11 -7 11 -7 10 -6 11 -6 11 -6 11 -6 10 -6 10 -6 10 -6 10 -6 10 -6 0 0 9 -6 9 -6 9 -7 9 -7 9 -7 8 -7 8 -7 8 -7 8 -8 7 -8 7 -8 7 -8 7 -8 7 -8 7 -9 7 -9 6 -9 6 -10 6 -10 6 -10 6 -10 6 -10 6 -11 6 -11 6 -11 5 -11 0 0 0 0 0 0 0 0 0 0]"
"1768831271174007,CSI_DATA,STATION,00:00:00:00:00:00,0,0,0,0,0,0,0,0,0,0,0,0,0,0,0,0,0,0,0,0,0,128,[84 -64 4 0 0 0 0 0 0 0 0 0 -8 14 -9 14 -9 13 -9 13 -10 12 -10 12 -11 12 -11 11 -11 11 -12 11 -11 10 -12 10 -12 10 -12 9 -12 9 -11 9 -11 9 -10 9 -11 8 -11 8 -10 8 -10 8 -10 8 -10 9 -9 8 -9 8 0 0 -9 8 -9 8 -8 9 -9 8 -8 9 -8 9 -7 8 -8 9 -7 9 -7 9 -6 10 -6 10 -6 10 -6 10 -5 10 -5 11 -5 11 -5 11 -5 12 -5 11 -5 12 -4 12 -4 12 -4 12 -4 12 -3 13 0 0 0 0 0 0 0 0 0 0]"
"1768831271178380,CSI_DATA,STATION,00:00:00:00:00:00,0,0,0,0,0,0,0,0,0,0,0,0,0,0,0,0,0,0,0,0,0,128,[84 -64 4 0 0 0 0 0 0 0 0 0 -13 -7 -14 -8 -14 -8 -14 -9 -13 -9 -13 -10 -12 -9 -12 -10 -11 -10 -11 -11 -11 -10 -10 -10 -10 -11 -10 -11 -10 -11 -9 -10 -9 -10 -9 -10 -9 -10 -9 -10 -9 -10 -9 -9 -8 -9 -9 -10 -8 -9 -8 -9 0 0 -9 -8 -9 -8 -9 -8 -8 -7 -9 -8 -9 -8 -9 -7 -10 -7 -10 -6 -10 -6 -10 -6 -10 -6 -10 -6 -10 -6 -10 -5 -11 -5 -11 -5 -11 -5 -11 -4 -11 -4 -11 -4 -12 -4 -12 -4 -12 -4 -12 -4 -12 -3 0 0 0 0 0 0 0 0 0 0]"
"1768831271184950,CSI_DATA,STATION,00:00:00:00:00:00,0,0,0,0,0,0,0,0,0,0,0,0,0,0,0,0,0,0,0,0,0,128,[84 -64 4 0 0 0 0 0 0 0 0 0 11 -7 11 -7 12 -6 12 -6 12 -5 12 -5 13 -4 13 -4 13 -4 13 -3 12 -4 12 -3 12 -3 12 -3 12 -2 11 -2 11 -2 11 -2 11 -1 11 -2 11 -1 10 -2 10 -2 10 -2 10 -2 10 -3 0 0 9 -3 10 -2 10 -2 9 -3 9 -3 9 -3 9 -3 9 -4 9 -4 8 -4 8 -5 9 -5 8 -5 9 -5 9 -5 9 -6 8 -6 9 -7 8 -6 8 -6 9 -6 8 -6 8 -7 8 -8 8 -8 8 -8 0 0 0 0 0 0 0 0 0 0]"
"1768831271189295,CSI_DATA,STATION,00:00:00:00:00:00,0,0,0,0,0,0,0,0,0,0,0,0,0,0,0,0,0,0,0,0,0,128,[84 -64 4 0 0 0 0 0 0 0 0 0 -2 14 -3 14 -3 14 -4 15 -4 14 -5 14 -5 14 -6 14 -6 13 -6 13 -6 13 -6 12 -6 12 -6 12 -6 12 -6 11 -7 11 -6 10 -6 11 -6 11 -6 10 -6 10 -6 10 -5 10 -4 10 -5 10 0 0 -4 10 -3 10 -3 10 -3 9 -3 10 -3 10 -3 10 -2 10 -2 10 -2 10 -2 10 -1 11 -1 11 0 11 -1 11 -1 11 1 10 0 11 1 11 1 11 1 11 2 11 2 11 2 11 2 11 2 11 0 0 0 0 0 0 0 0 0 0]"
"1768831271193635,CSI_DATA,STATION,00:00:00:00:00:00,0,0,0,0,0,0,0,0,0,0,0,0,0,0,0,0,0,0,0,0,0,128,[84 -64 4 0 0 0 0 0 0 0 0 0 7 12 6 13 6 13 6 14 5 14 4 14 4 14 3 14 2 14 3 14 2 14 2 13 2 13 2 13 1 13 1 12 1 13 0 12 1 13 1 12 1 12 1 12 1 11 1 12 2 11 1 11 0 0 2 10 2 10 2 11 2 10 3 10 3 10 3 10 3 10 3 9 3 9 4 9 4 10 5 10 5 9 4 9 5 9 6 9 6 9 6 9 6 9 6 9 7 9 7 9 8 9 7 9 7 9 0 0 0 0 0 0 0 0 0 0]"
"1768831271200143,CSI_DATA,STATION,00:00:00:00:00:00,0,0,0,0,0,0,0,0,0,0,0,0,0,0,0,0,0,0,0,0,0,128,[84 -64 4 0 0 0 0 0 0 0 0 0 2 -15 2 -15 3 -16 3 -15 4 -15 4 -15 5 -15 5 -14 5 -14 5 -14 5 -14 6 -13 6 -13 6 -13 6 -13 6 -12 6 -12 6 -12 5 -12 6 -11 5 -11 5 -12 5 -11 5 -11 4 -11 4 -11 0 0 4 -11 3 -11 3 -11 3 -11 3 -11 2 -11 2 -11 2 -11 2 -11 1 -11 1 -12 1 -11 0 -11 0 -12 0 -12 0 -12 -1 -12 -1 -12 -1 -12 -1 -12 -1 -12 -2 -12 -3 -13 -2 -12 -2 -13 -2 -13 0 0 0 0 0 0 0 0 0 0]"
"1768831271204496,CSI_DATA,STATION,00:00:00:00:00:00,0,0,0,0,0,0,0,0,0,0,0,0,0,0,0,0,0,0,0,0,0,128,[84 -64 4 0 0 0 0 0 0 0 0 0 7 -14 7 -14 8 -14 8 -13 8 -13 9 -12 9 -12 9 -12 10 -11 10 -11 10 -11 10 -10 10 -10 10 -10 10 -9 10 -9 10 -9 10 -9 9 -8 10 -8 10 -8 9 -8 9 -8 9 -9 9 -8 8 -8 0 0 8 -8 7 -8 7 -8 7 -8 7 -9 7 -8 6 -9 6 -9 6 -9 6 -9 6 -9 5 -9 5 -10 5 -10 5 -10 5 -10 5 -11 5 -11 4 -11 4 -11 4 -11 4 -11 4 -12 4 -12 4 -13 3 -12 0 0 0 0 0 0 0 0 0 0]"
"1768831271211007,CSI_DATA,STATION,00:00:00:00:00:00,0,0,0,0,0,0,0,0,0,0,0,0,0,0,0,0,0,0,0,0,0,128,[84 -64 4 0 0 0 0 0 0 0 0 0 -1 -17 -1 -17 0 -17 0 -17 1 -17 2 -16 2 -16 3 -17 3 -16 3 -16 4 -15 3 -15 4 -15 4 -14 4 -15 4 -14 5 -14 5 -13 4 -13 4 -13 4 -13 4 -13 4 -12 4 -13 3 -13 3 -12 0 0 3 -12 3 -12 2 -12 2 -12 2 -12 1 -12 1 -12 1 -12 1 -12 0 -12 0 -12 0 -12 -1 -13 -1 -13 -1 -12 -1 -13 -1 -13 -2 -13 -2 -13 -2 -13 -2 -13 -3 -13 -3 -14 -3 -14 -3 -13 -3 -13 0 0 0 0 0 0 0 0 0 0]"
"1768831271215354,CSI_DATA,STATION,00:00:00:00:00:00,0,0,0,0,0,0,0,0,0,0,0,0,0,0,0,0,0,0,0,0,0,128,[84 -64 4 0 0 0 0 0 0 0 0 0 -7 -13 -7 -13 -7 -13 -7 -14 -6 -14 -5 -14 -5 -14 -4 -14 -4 -14 -4 -14 -3 -14 -3 -14 -3 -13 -4 -13 -3 -14 -3 -13 -2 -13 -2 -12 -3 -13 -3 -12 -2 -12 -2 -12 -2 -11 -3 -12 -3 -11 -3 -11 0 0 -3 -11 -4 -11 -4 -11 -3 -10 -4 -11 -4 -11 -5 -11 -5 -10 -5 -9 -5 -9 -5 -10 -6 -9 -6 -9 -6 -10 -6 -9 -7 -10 -7 -10 -7 -9 -7 -9 -7 -9 -8 -9 -8 -9 -8 -9 -9 -9 -9 -9 -9 -9 0 0 0 0 0 0 0 0 0 0]"
"1768831271221884,CSI_DATA,STATION,00:00:00:00:00:00,0,0,0,0,0,0,0,0,0,0,0,0,0,0,0,0,0,0,0,0,0,128,[84 -64 4 0 0 0 0 0 0 0 0 0 -15 -6 -15 -7 -15 -8 -15 -8 -15 -9 -14 -8 -14 -9 -13 -9 -13 -9 -13 -10 -12 -10 -12 -10 -12 -11 -12 -11 -11 -11 -11 -9 -11 -10 -11 -10 -11 -10 -10 -10 -10 -10 -10 -10 -9 -9 -10 -9 -10 -9 -9 -8 0 0 -10 -8 -10 -8 -10 -8 -10 -7 -11 -7 -10 -7 -10 -7 -11 -7 -10 -6 -11 -6 -11 -5 -11 -6 -11 -5 -12 -5 -11 -4 -12 -4 -13 -5 -12 -4 -12 -4 -13 -4 -13 -4 -13 -4 -13 -4 -14 -3 -13 -3 -13 -2 0 0 0 0 0 0 0 0 0 0]"
"1768831271226213,CSI_DATA,STATION,00:00:00:00:00:00,0,0,0,0,0,0,0,0,0,0,0,0,0,0,0,0,0,0,0,0,0,128,[84 -64 4 0 0 0 0 0 0 0 0 0 7 -14 8 -13 8 -13 8 -12 9 -13 9 -12 10 -12 10 -11 10 -11 10 -11 10 -10 10 -10 10 -10 10 -10 10 -9 10 -9 10 -9 9 -9 9 -9 9 -8 9 -8 8 -9 9 -9 8 -9 8 -8 8 -9 0 0 7 -9 7 -8 6 -9 6 -9 6 -9 6 -9 6 -9 5 -10 6 -10 5 -10 5 -10 5 -10 4 -10 4 -10 4 -11 4 -11 4 -11 3 -11 3 -12 3 -12 3 -12 3 -12 2 -12 2 -12 2 -12 2 -13 0 0 0 0 0 0 0 0 0 0]"
"1768831271230537,CSI_DATA,STATION,00:00:00:00:00:00,0,0,0,0,0,0,0,0,0,0,0,0,0,0,0,0,0,0,0,0,0,128,[84 -64 4 0 0 0 0 0 0 0 0 0 2 14 1 14 1 15 0 15 0 15 -1 15 -2 14 -2 15 -2 14 -2 14 -2 13 -3 14 -3 13 -3 13 -3 13 -3 12 -3 13 -3 12 -3 12 -3 12 -3 12 -3 12 -3 11 -2 11 -2 11 -2 11 0 0 -2 11 -1 10 -1 11 -1 11 0 11 0 10 0 11 0 10 0 10 0 10 1 10 2 10 2 11 2 10 2 10 3 11 3 10 3 10 3 11 3 10 4 10 4 10 4 11 5 10 5 11 5 11 0 0 0 0 0 0 0 0 0 0]"
"1768831271237056,CSI_DATA,STATION,00:00:00:00:00:00,0,0,0,0,0,0,0,0,0,0,0,0,0,0,0,0,0,0,0,0,0,128,[84 -64 4 0 0 0 0 0 0 0 0 0 12 -7 13 -7 14 -6 14 -6 14 -6 14 -6 14 -5 14 -4 14 -4 14 -3 14 -3 13 -3 14 -2 13 -2 13 -2 12 -2 12 -2 12 -2 13 -2 12 -2 12 -1 12 -2 11 -2 11 -2 11 -2 11 -3 0 0 10 -3 10 -2 10 -3 10 -3 11 -3 10 -4 10 -4 10 -4 9 -4 9 -4 9 -5 9 -4 10 -5 10 -5 9 -6 9 -6 10 -6 9 -7 9 -7 9 -7 10 -7 9 -7 10 -7 9 -8 9 -8 9 -8 0 0 0 0 0 0 0 0 0 0]"
"1768831271241390,CSI_DATA,STATION,00:00:00:00:00:00,0,0,0,0,0,0,0,0,0,0,0,0,0,0,0,0,0,0,0,0,0,128,[84 -64 4 0 0 0 0 0 0 0 0 0 -9 -13 -8 -13 -8 -13 -8 -14 -7 -14 -7 -14 -6 -14 -6 -14 -5 -15 -5 -15 -5 -14 -4 -14 -4 -14 -4 -14 -4 -14 -3 -13 -3 -13 -3 -13 -3 -13 -3 -13 -3 -13 -3 -13 -3 -12 -3 -12 -3 -12 -3 -12 0 0 -4 -11 -4 -11 -4 -11 -4 -11 -5 -11 -5 -11 -5 -11 -6 -11 -5 -10 -6 -10 -6 -10 -6 -10 -6 -10 -7 -10 -6 -10 -7 -10 -8 -10 -7 -10 -8 -9 -8 -9 -8 -9 -9 -9 -9 -10 -9 -9 -9 -9 -9 -9 0 0 0 0 0 0 0 0 0 0]"
"1768831271245719,CSI_DATA,STATION,00:00:00:00:00:00,0,0,0,0,0,0,0,0,0,0,0,0,0,0,0,0,0,0,0,0,0,128,[84 -64 4 0 0 0 0 0 0 0 0 0 13 -7 13 -6 14 -5 14 -5 14 -5 14 -4 14 -3 14 -3 14 -2 14 -2 14 -2 14 -2 14 -1 14 -1 14 -1 12 -1 12 -1 12 -1 12 0 13 0 12 0 12 0 11 -1 11 -1 11 -1 11 -2 0 0 11 -2 11 -1 10 -2 10 -3 10 -2 10 -2 10 -3 10 -3 10 -3 10 -3 9 -4 10 -4 10 -4 10 -4 10 -5 10 -5 10 -5 10 -6 10 -6 9 -6 10 -7 10 -6 10 -7 10 -7 10 -7 10 -8 0 0 0 0 0 0 0 0 0 0]"
"1768831271252226,CSI_DATA,STATION,00:00:00:00:00:00,0,0,0,0,0,0,0,0,0,0,0,0,0,0,0,0,0,0,0,0,0,128,[84 -64 4 0 0 0 0 0 0 0 0 0 7 -13 8 -13 9 -13 9 -12 9 -12 10 -11 10 -12 10 -11 11 -10 11 -10 10 -10 11 -10 11 -10 10 -9 11 -9 10 -8 10 -8 10 -8 10 -8 10 -8 10 -8 10 -8 10 -8 9 -8 9 -8 9 -8 0 0 8 -8 8 -8 8 -8 7 -8 7 -8 7 -8 7 -8 7 -9 7 -9 6 -9 6 -9 6 -9 6 -9 6 -10 6 -10 5 -10 5 -11 5 -10 5 -11 5 -11 4 -11 5 -11 4 -12 4 -12 4 -12 4 -12 0 0 0 0 0 0 0 0 0 0]"
"1768831271256559,CSI_DATA,STATION,00:00:00:00:00:00,0,0,0,0,0,0,0,0,0,0,0,0,0,0,0,0,0,0,0,0,0,128,[84 -64 4 0 0 0 0 0 0 0 0 0 -10 -12 -9 -13 -10 -13 -9 -14 -8 -14 -8 -14 -7 -14 -6 -14 -6 -14 -6 -14 -5 -14 -6 -14 -5 -14 -5 -13 -5 -14 -5 -13 -4 -13 -4 -13 -4 -13 -4 -13 -4 -13 -4 -12 -4 -12 -4 -12 -4 -12 -4 -11 0 0 -4 -11 -5 -11 -5 -11 -5 -11 -6 -10 -6 -11 -6 -10 -6 -10 -6 -10 -6 -10 -7 -10 -7 -9 -7 -9 -7 -9 -7 -9 -7 -9 -8 -9 -8 -9 -8 -9 -9 -9 -8 -9 -9 -9 -10 -9 -10 -9 -9 -9 -10 -8 0 0 0 0 0 0 0 0 0 0]"
"1768831271263064,CSI_DATA,STATION,00:00:00:00:00:00,0,0,0,0,0,0,0,0,0,0,0,0,0,0,0,0,0,0,0,0,0,128,[84 -64 4 0 0 0 0 0 0 0 0 0 14 0 15 1 15 2 15 2 14 3 14 3 14 4 13 4 13 4 14 5 13 4 12 4 13 5 12 5 12 6 11 5 11 5 11 5 11 6 11 6 11 5 11 5 10 4 11 5 10 4 10 4 0 0 10 4 10 3 10 3 10 3 10 3 10 3 10 2 10 2 10 2 10 1 10 1 11 2 11 1 11 1 11 0 11 0 11 0 11 -1 11 0 11 -1 11 -1 11 -1 12 -1 12 -1 12 -2 12 -2 0 0 0 0 0 0 0 0 0 0]"
"1768831271267399,CSI_DATA,STATION,00:00:00:00:00:00,0,0,0,0,0,0,0,0,0,0,0,0,0,0,0,0,0,0,0,0,0,128,[84 -64 4 0 0 0 0 0 0 0 0 0 2 15 1 15 1 16 1 16 0 15 0 15 -2 15 -2 15 -3 15 -2 15 -2 15 -2 14 -2 15 -2 14 -3 14 -3 13 -4 13 -4 12 -3 14 -3 13 -4 12 -3 12 -3 11 -2 12 -2 12 -2 12 0 0 -2 12 -1 11 -1 11 -1 11 -1 11 -1 11 -1 12 0 11 0 11 0 11 1 10 2 11 2 12 2 12 1 11 2 12 3 11 3 11 3 11 3 11 4 12 4 12 4 11 5 11 5 12 5 12 0 0 0 0 0 0 0 0 0 0]"
"1768831271271786,CSI_DATA,STATION,00:00:00:00:00:00,0,0,0,0,0,0,0,0,0,0,0,0,0,0,0,0,0,0,0,0,0,128,[84 -64 4 0 0 0 0 0 0 0 0 0 13 -4 14 -4 14 -3 14 -3 14 -2 14 -2 14 -1 14 -1 13 -1 14 0 13 0 13 0 13 1 13 1 13 1 12 1 12 1 12 2 12 2 12 2 11 2 11 1 11 1 11 1 11 1 11 0 0 0 10 0 10 0 10 0 10 0 10 0 10 -1 10 -1 10 -1 10 -1 9 -2 10 -2 10 -2 10 -2 10 -2 10 -3 10 -3 10 -3 10 -4 10 -4 10 -4 10 -4 11 -4 11 -4 11 -4 11 -5 11 -5 0 0 0 0 0 0 0 0 0 0]"
"1768831271278408,CSI_DATA,STATION,00:00:00:00:00:00,0,0,0,0,0,0,0,0,0,0,0,0,0,0,0,0,0,0,0,0,0,128,[84 -64 4 0 0 0 0 0 0 0 0 0 -2 -16 -1 -16 0 -16 0 -17 1 -17 2 -17 2 -16 3 -16 3 -16 3 -15 3 -15 4 -15 3 -15 4 -15 4 -14 4 -14 4 -13 4 -13 4 -14 5 -13 4 -13 4 -13 4 -13 3 -12 3 -13 3 -12 0 0 3 -12 2 -12 2 -12 2 -12 2 -12 1 -12 1 -12 1 -12 1 -12 1 -12 0 -12 0 -12 -1 -12 -1 -13 -1 -12 -1 -13 -2 -13 -2 -13 -2 -13 -2 -13 -2 -13 -3 -13 -3 -13 -4 -13 -3 -14 -3 -14 0 0 0 0 0 0 0 0 0 0]"
"1768831271282791,CSI_DATA,STATION,00:00:00:00:00:00,0,0,0,0,0,0,0,0,0,0,0,0,0,0,0,0,0,0,0,0,0,128,[84 -64 4 0 0 0 0 0 0 0 0 0 10 10 10 10 10 10 9 11 9 12 8 12 8 12 7 12 7 12 7 12 6 12 6 12 6 12 6 12 5 13 5 11 5 11 4 11 5 11 5 11 5 11 5 11 4 10 5 10 5 10 5 10 0 0 5 9 5 9 5 9 5 9 6 9 6 9 6 9 7 8 6 8 6 8 7 7 7 8 7 8 8 7 7 7 8 7 8 7 8 7 8 7 8 6 9 6 9 6 10 6 10 6 10 6 10 6 0 0 0 0 0 0 0 0 0 0]"
"1768831271287180,CSI_DATA,STATION,00:00:00:00:00:00,0,0,0,0,0,0,0,0,0,0,0,0,0,0,0,0,0,0,0,0,0,128,[84 -64 4 0 0 0 0 0 0 0 0 0 12 -7 13 -7 13 -6 13 -6 13 -5 13 -5 13 -4 13 -4 13 -4 13 -3 13 -3 13 -3 12 -3 12 -2 13 -2 12 -3 12 -2 11 -2 12 -1 12 -2 11 -2 11 -1 11 -2 11 -2 10 -2 10 -3 0 0 10 -3 10 -3 10 -3 9 -4 10 -4 10 -4 9 -4 9 -4 9 -4 9 -5 9 -5 9 -5 9 -5 9 -5 8 -6 9 -7 8 -6 9 -7 9 -7 8 -7 8 -7 8 -7 8 -8 8 -8 8 -8 8 -9 0 0 0 0 0 0 0 0 0 0]"
"1768831271293692,CSI_DATA,STATION,00:00:00:00:00:00,0,0,0,0,0,0,0,0,0,0,0,0,0,0,0,0,0,0,0,0,0,128,[84 -64 4 0 0 0 0 0 0 0 0 0 -13 6 -13 5 -14 5 -15 4 -14 3 -14 3 -14 3 -14 2 -14 2 -15 2 -14 1 -13 1 -14 0 -14 1 -14 0 -13 0 -13 0 -13 0 -13 -1 -13 0 -13 -1 -12 -1 -12 0 -12 0 -12 0 -12 1 0 0 -11 1 -11 1 -11 1 -11 2 -11 1 -11 2 -11 2 -11 2 -10 3 -11 3 -10 3 -10 3 -11 4 -10 3 -10 4 -10 5 -10 4 -10 4 -10 5 -10 5 -10 6 -10 5 -11 6 -10 6 -10 6 -10 7 0 0 0 0 0 0 0 0 0 0]"
"1768831271298080,CSI_DATA,STATION,00:00:00:00:00:00,0,0,0,0,0,0,0,0,0,0,0,0,0,0,0,0,0,0,0,0,0,128,[84 -64 4 0 0 0 0 0 0 0 0 0 0 15 -1 15 -1 15 -2 15 -2 14 -3 14 -4 14 -4 14 -4 14 -5 14 -5 13 -5 13 -5 13 -5 12 -5 12 -5 12 -6 12 -6 12 -6 11 -5 11 -5 11 -5 11 -5 11 -5 10 -4 11 -4 10 0 0 -4 10 -3 10 -3 10 -3 10 -3 10 -3 10 -2 10 -2 10 -2 10 -2 10 -1 10 -1 11 -1 11 0 11 -1 11 0 11 0 11 0 11 0 11 0 11 1 11 1 11 1 12 2 11 2 12 2 12 0 0 0 0 0 0 0 0 0 0]"
"1768831271304565,CSI_DATA,STATION,00:00:00:00:00:00,0,0,0,0,0,0,0,0,0,0,0,0,0,0,0,0,0,0,0,0,0,128,[84 -64 4 0 0 0 0 0 0 0 0 0 14 1 14 1 15 2 15 3 14 3 14 3 14 4 14 4 13 4 13 5 13 4 13 4 13 5 12 5 12 6 11 5 11 6 11 5 11 6 11 6 11 5 10 5 10 5 11 5 11 4 10 4 0 0 10 4 10 4 10 4 10 3 10 4 10 3 10 3 10 3 10 2 10 2 10 1 11 1 11 1 11 1 10 1 11 0 11 0 11 0 11 0 11 0 11 -1 11 0 12 -1 12 -1 12 -2 12 -2 0 0 0 0 0 0 0 0 0 0]"
"1768831271315335,CSI_DATA,STATION,00:00:00:00:00:00,0,0,0,0,0,0,0,0,0,0,0,0,0,0,0,0,0,0,0,0,0,128,[84 -64 4 0 0 0 0 0 0 0 0 0 12 -8 13 -7 13 -6 13 -6 14 -6 14 -6 14 -5 14 -4 14 -4 14 -4 14 -3 13 -3 13 -3 13 -3 13 -3 12 -3 12 -2 12 -2 12 -2 12 -2 12 -2 11 -2 11 -3 11 -2 11 -2 11 -3 0 0 10 -3 11 -3 10 -3 10 -4 10 -4 10 -4 9 -4 9 -5 9 -5 9 -6 9 -6 9 -5 9 -6 9 -6 9 -7 9 -7 9 -7 9 -8 9 -8 9 -8 8 -8 8 -8 9 -8 8 -9 9 -9 8 -9 0 0 0 0 0 0 0 0 0 0]"
"1768831271319682,CSI_DATA,STATION,00:00:00:00:00:00,0,0,0,0,0,0,0,0,0,0,0,0,0,0,0,0,0,0,0,0,0,128,[84 -64 4 0 0 0 0 0 0 0 0 0 13 -4 13 -3 14 -2 14 -2 14 -1 14 -1 14 0 13 0 13 0 14 1 13 0 13 0 13 1 12 1 13 2 12 1 12 2 11 2 11 2 11 2 11 2 11 2 11 1 11 2 11 1 10 0 0 0 10 0 11 0 10 0 10 -1 10 0 10 -1 10 -1 10 -1 10 -1 10 -2 9 -2 10 -2 10 -3 10 -2 10 -3 10 -3 10 -3 10 -4 10 -4 10 -4 10 -4 10 -4 11 -5 10 -5 10 -5 10 -5 0 0 0 0 0 0 0 0 0 0]"
"1768831271326241,CSI_DATA,STATION,00:00:00:00:00:00,0,0,0,0,0,0,0,0,0,0,0,0,0,0,0,0,0,0,0,0,0,128,[84 -64 4 0 0 0 0 0 0 0 0 0 -12 -9 -11 -10 -12 -10 -11 -11 -10 -11 -10 -11 -10 -11 -9 -11 -9 -12 -9 -12 -8 -12 -8 -12 -8 -12 -8 -12 -7 -12 -7 -11 -7 -11 -7 -11 -7 -11 -7 -11 -7 -11 -7 -11 -6 -10 -7 -11 -7 -10 -6 -9 0 0 -7 -9 -7 -9 -7 -9 -7 -8 -8 -9 -8 -9 -8 -8 -8 -8 -8 -7 -9 -7 -8 -7 -9 -7 -9 -7 -9 -7 -9 -6 -10 -6 -10 -7 -10 -6 -10 -6 -10 -6 -11 -5 -11 -6 -11 -5 -12 -6 -11 -5 -11 -5 0 0 0 0 0 0 0 0 0 0]"
"1768831271332764,CSI_DATA,STATION,00:00:00:00:00:00,0,0,0,0,0,0,0,0,0,0,0,0,0,0,0,0,0,0,0,0,0,128,[84 -64 4 0 0 0 0 0 0 0 0 0 -10 11 -11 11 -11 10 -12 9 -12 9 -13 9 -12 8 -13 8 -13 7 -13 7 -13 7 -13 7 -13 6 -13 6 -13 6 -13 6 -12 5 -12 5 -12 5 -12 5 -12 4 -12 5 -12 5 -11 5 -11 5 -11 5 0 0 -11 5 -10 5 -10 5 -10 5 -9 6 -10 5 -9 6 -9 6 -9 7 -9 6 -9 7 -9 7 -9 7 -8 7 -9 7 -8 8 -8 8 -8 8 -8 9 -8 9 -8 9 -7 9 -8 9 -8 9 -8 10 -8 10 0 0 0 0 0 0 0 0 0 0]"
"1768831271337141,CSI_DATA,STATION,00:00:00:00:00:00,0,0,0,0,0,0,0,0,0,0,0,0,0,0,0,0,0,0,0,0,0,128,[84 -64 4 0 0 0 0 0 0 0 0 0 13 -8 13 -7 14 -6 14 -6 14 -6 13 -5 14 -5 14 -4 14 -4 14 -4 14 -4 13 -3 13 -2 13 -2 14 -2 12 -2 12 -2 12 -2 12 -1 12 -1 12 -2 12 -2 11 -2 12 -2 12 -2 11 -3 0 0 10 -3 11 -3 11 -3 11 -4 11 -3 10 -4 10 -3 10 -4 10 -5 9 -5 9 -5 10 -5 10 -5 10 -5 10 -6 9 -6 9 -6 9 -7 9 -7 9 -7 9 -8 9 -7 9 -8 9 -8 9 -8 9 -9 0 0 0 0 0 0 0 0 0 0]"
"1768831271341484,CSI_DATA,STATION,00:00:00:00:00:00,0,0,0,0,0,0,0,0,0,0,0,0,0,0,0,0,0,0,0,0,0,128,[84 -64 4 0 0 0 0 0 0 0 0 0 -15 0 -16 -1 -16 -2 -16 -2 -16 -2 -15 -2 -15 -3 -15 -3 -14 -3 -15 -4 -15 -4 -14 -4 -14 -5 -14 -5 -14 -5 -13 -4 -13 -5 -13 -5 -13 -6 -12 -6 -12 -4 -12 -5 -11 -5 -12 -5 -12 -4 -12 -3 0 0 -11 -3 -11 -3 -11 -3 -11 -2 -11 -3 -11 -2 -11 -2 -11 -2 -11 -1 -11 -1 -12 -1 -12 -1 -12 0 -12 0 -12 0 -12 1 -12 0 -12 1 -12 1 -12 2 -12 2 -12 2 -13 2 -13 2 -12 2 -13 3 0 0 0 0 0 0 0 0 0 0]"
"1768831271347989,CSI_DATA,STATION,00:00:00:00:00:00,0,0,0,0,0,0,0,0,0,0,0,0,0,0,0,0,0,0,0,0,0,128,[84 -64 4 0 0 0 0 0 0 0 0 0 -14 -7 -14 -8 -14 -8 -14 -8 -13 -9 -14 -9 -12 -9 -12 -10 -11 -10 -12 -10 -11 -10 -10 -10 -11 -10 -11 -10 -10 -11 -9 -10 -9 -10 -9 -9 -9 -10 -9 -10 -10 -10 -9 -9 -9 -8 -9 -9 -9 -9 -9 -8 0 0 -9 -8 -9 -8 -10 -8 -8 -7 -9 -7 -9 -7 -9 -7 -10 -7 -10 -6 -10 -6 -10 -6 -10 -6 -10 -6 -11 -6 -10 -5 -11 -5 -11 -5 -11 -5 -11 -4 -12 -4 -12 -4 -12 -4 -12 -4 -13 -4 -12 -3 -12 -3 0 0 0 0 0 0 0 0 0 0]"
"1768831271352333,CSI_DATA,STATION,00:00:00:00:00:00,0,0,0,0,0,0,0,0,0,0,0,0,0,0,0,0,0,0,0,0,0,128,[84 -64 4 0 0 0 0 0 0 0 0 0 14 -3 13 -2 14 -1 14 -1 14 0 14 0 13 1 13 1 13 1 14 2 13 2 13 1 13 2 12 2 13 3 11 2 12 2 11 2 12 3 11 2 11 3 11 2 11 2 11 2 11 2 10 1 0 0 10 1 10 1 10 1 10 0 10 0 10 0 10 0 10 0 10 -1 9 -1 10 -1 10 -1 10 -2 10 -2 10 -3 10 -3 10 -3 10 -4 10 -4 10 -4 10 -5 10 -4 10 -4 10 -5 11 -5 11 -5 0 0 0 0 0 0 0 0 0 0]"
"1768831271358847,CSI_DATA,STATION,00:00:00:00:00:00,0,0,0,0,0,0,0,0,0,0,0,0,0,0,0,0,0,0,0,0,0,128,[84 -64 4 0 0 0 0 0 0 0 0 0 -16 0 -16 0 -16 -2 -16 -2 -16 -2 -15 -3 -15 -2 -15 -3 -14 -3 -15 -4 -14 -4 -14 -4 -14 -5 -14 -5 -14 -5 -13 -5 -13 -5 -12 -5 -13 -5 -12 -5 -12 -5 -12 -5 -12 -4 -12 -5 -12 -4 -12 -3 0 0 -11 -3 -11 -3 -11 -3 -11 -3 -11 -3 -11 -2 -12 -2 -11 -2 -11 -1 -11 -1 -12 -1 -12 -1 -12 -1 -12 0 -12 0 -12 0 -12 0 -12 1 -12 1 -12 2 -12 2 -12 2 -12 2 -13 2 -13 2 -13 2 0 0 0 0 0 0 0 0 0 0]"
"1768831271363184,CSI_DATA,STATION,00:00:00:00:00:00,0,0,0,0,0,0,0,0,0,0,0,0,0,0,0,0,0,0,0,0,0,128,[84 -64 4 0 0 0 0 0 0 0 0 0 -14 3 -15 3 -15 2 -15 1 -15 1 -15 1 -15 0 -15 0 -15 0 -15 -1 -14 -1 -14 -1 -14 -2 -13 -2 -14 -2 -13 -2 -13 -2 -13 -2 -13 -2 -12 -2 -12 -2 -12 -2 -12 -2 -12 -2 -12 -2 -12 -1 0 0 -11 -1 -11 -1 -11 -1 -11 0 -11 -1 -11 0 -11 0 -11 1 -11 1 -11 1 -11 2 -11 1 -11 2 -11 2 -11 2 -11 3 -11 3 -11 3 -11 4 -11 4 -11 4 -11 4 -12 4 -12 4 -12 5 -11 5 0 0 0 0 0 0 0 0 0 0]"
"1768831271369720,CSI_DATA,STATION,00:00:00:00:00:00,0,0,0,0,0,0,0,0,0,0,0,0,0,0,0,0,0,0,0,0,0,128,[84 -64 4 0 0 0 0 0 0 0 0 0 -13 -5 -14 -6 -14 -7 -14 -7 -13 -8 -13 -8 -12 -8 -12 -9 -11 -9 -12 -10 -11 -9 -11 -9 -11 -9 -11 -9 -11 -10 -10 -9 -10 -9 -10 -8 -10 -10 -9 -9 -9 -9 -9 -9 -9 -8 -10 -8 -9 -8 -9 -8 0 0 -9 -7 -9 -7 -9 -7 -9 -7 -10 -6 -9 -6 -10 -6 -10 -6 -10 -6 -10 -5 -10 -5 -10 -5 -10 -5 -11 -4 -10 -4 -11 -4 -11 -4 -11 -4 -11 -4 -12 -4 -11 -4 -12 -3 -12 -3 -13 -3 -13 -3 -12 -3 0 0 0 0 0 0 0 0 0 0]"
"1768831271374227,CSI_DATA,STATION,00:00:00:00:00:00,0,0,0,0,0,0,0,0,0,0,0,0,0,0,0,0,0,0,0,0,0,128,[84 -64 4 0 0 0 0 0 0 0 0 0 5 13 4 13 4 13 4 14 3 14 2 14 2 14 1 13 1 13 1 13 1 13 1 13 0 13 1 13 1 13 0 12 0 12 -1 11 0 12 0 12 0 11 0 11 -1 11 0 11 1 11 0 10 0 0 0 10 1 10 2 10 1 10 2 10 2 10 2 10 2 10 2 9 3 9 3 9 3 9 4 9 4 9 4 9 4 9 5 9 5 9 5 9 5 9 5 9 6 9 6 9 7 9 6 9 6 9 0 0 0 0 0 0 0 0 0 0]"
"1768831271378620,CSI_DATA,STATION,00:00:00:00:00:00,0,0,0,0,0,0,0,0,0,0,0,0,0,0,0,0,0,0,0,0,0,128,[84 -64 4 0 0 0 0 0 0 0 0 0 1 -17 3 -16 3 -16 4 -16 4 -16 5 -16 5 -16 6 -15 6 -15 6 -15 6 -14 6 -14 7 -14 7 -13 7 -13 7 -13 7 -13 6 -13 7 -12 7 -12 6 -12 6 -12 6 -12 6 -12 6 -11 5 -12 0 0 5 -11 4 -11 4 -11 4 -11 4 -12 3 -11 3 -11 3 -12 3 -12 3 -12 2 -12 2 -12 2 -12 2 -12 1 -12 1 -13 1 -13 1 -13 1 -13 0 -13 0 -13 0 -13 -1 -14 -1 -14 -1 -14 -1 -14 0 0 0 0 0 0 0 0 0 0]"
"1768831271383063,CSI_DATA,STATION,00:00:00:00:00:00,0,0,0,0,0,0,0,0,0,0,0,0,0,0,0,0,0,0,0,0,0,128,[84 -64 4 0 0 0 0 0 0 0 0 0 8 -13 9 -13 9 -12 10 -11 10 -11 10 -11 11 -10 11 -10 11 -9 12 -9 11 -9 11 -9 11 -8 11 -8 11 -8 11 -8 10 -7 10 -7 11 -6 10 -7 10 -7 10 -6 9 -7 9 -7 9 -7 9 -7 0 0 9 -7 9 -7 8 -7 8 -8 8 -8 8 -8 8 -8 7 -8 7 -8 6 -9 6 -9 7 -9 6 -9 6 -9 6 -9 6 -10 6 -10 5 -11 6 -10 5 -10 5 -11 5 -11 5 -11 4 -12 4 -12 4 -12 0 0 0 0 0 0 0 0 0 0]"
"1768831271389608,CSI_DATA,STATION,00:00:00:00:00:00,0,0,0,0,0,0,0,0,0,0,0,0,0,0,0,0,0,0,0,0,0,128,[84 -64 4 0 0 0 0 0 0 0 0 0 3 14 2 14 2 15 2 14 1 15 0 14 0 15 -1 15 -1 14 -1 14 -2 14 -2 13 -2 14 -2 13 -2 13 -2 13 -3 12 -3 13 -2 12 -2 12 -2 12 -2 12 -2 12 -2 11 -1 11 -1 11 0 0 -2 10 0 11 0 10 -1 11 0 10 0 11 0 10 0 10 0 10 1 10 1 10 1 10 2 11 2 10 2 11 2 10 3 11 2 10 3 11 3 11 3 10 4 10 4 11 5 11 4 11 5 11 0 0 0 0 0 0 0 0 0 0]"
"1768831271393970,CSI_DATA,STATION,00:00:00:00:00:00,0,0,0,0,0,0,0,0,0,0,0,0,0,0,0,0,0,0,0,0,0,128,[84 -64 4 0 0 0 0 0 0 0 0 0 9 10 9 10 9 11 8 12 7 12 7 12 6 12 6 12 5 12 6 13 5 12 5 12 5 12 5 12 4 12 4 11 3 11 3 10 4 11 3 11 3 11 4 11 3 10 4 10 3 10 3 10 0 0 3 10 4 10 4 9 3 9 5 9 4 9 4 9 5 9 5 8 5 8 5 8 5 8 6 8 6 8 6 8 6 8 7 8 7 8 7 8 7 7 7 8 8 8 8 8 9 7 8 7 8 8 0 0 0 0 0 0 0 0 0 0]"
"1768831271400474,CSI_DATA,STATION,00:00:00:00:00:00,0,0,0,0,0,0,0,0,0,0,0,0,0,0,0,0,0,0,0,0,0,128,[84 -64 4 0 0 0 0 0 0 0 0 0 -16 4 -16 3 -17 2 -17 2 -17 1 -17 1 -17 1 -16 0 -16 0 -17 -1 -16 -1 -16 -1 -16 -2 -15 -2 -15 -2 -15 -2 -14 -2 -14 -2 -15 -2 -14 -2 -14 -2 -14 -2 -14 -2 -14 -2 -13 -2 -13 -1 0 0 -13 0 -13 -1 -12 -1 -13 0 -12 0 -12 0 -12 1 -12 1 -12 2 -12 2 -12 2 -12 2 -12 2 -13 3 -12 3 -12 4 -13 3 -12 4 -12 5 -12 5 -12 5 -13 5 -13 5 -12 5 -13 6 -13 6 0 0 0 0 0 0 0 0 0 0]"
"1768831271404820,CSI_DATA,STATION,00:00:00:00:00:00,0,0,0,0,0,0,0,0,0,0,0,0,0,0,0,0,0,0,0,0,0,128,[84 -64 4 0 0 0 0 0 0 0 0 0 -5 -14 -4 -14 -4 -15 -3 -14 -3 -15 -2 -15 -2 -15 -1 -15 -1 -14 -1 -15 0 -14 0 -14 0 -14 0 -14 0 -14 0 -14 1 -13 1 -13 0 -13 1 -13 1 -12 0 -12 1 -12 0 -12 0 -11 0 -12 0 0 0 -11 -1 -11 -1 -11 -1 -11 -1 -11 -2 -11 -2 -11 -2 -11 -2 -11 -2 -11 -2 -11 -3 -11 -4 -11 -4 -11 -4 -11 -4 -11 -4 -11 -4 -11 -4 -11 -4 -11 -5 -11 -6 -11 -6 -12 -6 -11 -6 -11 -6 -11 0 0 0 0 0 0 0 0 0 0]"
"1768831271409158,CSI_DATA,STATION,00:00:00:00:00:00,0,0,0,0,0,0,0,0,0,0,0,0,0,0,0,0,0,0,0,0,0,128,[84 -64 4 0 0 0 0 0 0 0 0 0 -12 -10 -12 -10 -12 -11 -13 -11 -11 -12 -11 -12 -10 -12 -10 -12 -9 -13 -9 -12 -9 -12 -9 -12 -9 -12 -9 -12 -8 -13 -7 -12 -7 -12 -7 -11 -7 -12 -7 -12 -7 -12 -7 -11 -6 -11 -7 -11 -7 -11 -7 -11 0 0 -7 -10 -7 -10 -8 -10 -7 -9 -8 -10 -7 -10 -8 -9 -8 -9 -8 -9 -8 -8 -8 -8 -9 -8 -9 -8 -9 -8 -9 -8 -10 -8 -10 -8 -10 -7 -10 -7 -10 -8 -11 -7 -11 -7 -11 -7 -12 -7 -11 -7 -12 -7 0 0 0 0 0 0 0 0 0 0]"
"1768831271415662,CSI_DATA,STATION,00:00:00:00:00:00,0,0,0,0,0,0,0,0,0,0,0,0,0,0,0,0,0,0,0,0,0,128,[84 -64 4 0 0 0 0 0 0 0 0 0 3 15 2 16 1 15 1 16 1 16 0 16 -1 16 -2 16 -2 15 -2 15 -2 15 -3 14 -2 14 -2 14 -3 15 -3 13 -3 13 -3 13 -3 13 -3 13 -3 13 -3 12 -3 12 -2 12 -2 12 -2 12 0 0 -2 11 -1 12 -1 12 -1 11 -1 12 0 12 0 11 1 11 0 11 0 11 1 11 1 11 2 12 2 11 2 11 3 12 3 11 3 11 3 12 3 11 4 12 4 12 5 11 5 11 4 12 5 12 0 0 0 0 0 0 0 0 0 0]"
"1768831271419978,CSI_DATA,STATION,00:00:00:00:00:00,0,0,0,0,0,0,0,0,0,0,0,0,0,0,0,0,0,0,0,0,0,128,[84 -64 4 0 0 0 0 0 0 0 0 0 -14 -9 -14 -9 -14 -10 -14 -11 -13 -11 -12 -11 -11 -11 -12 -12 -11 -12 -12 -13 -10 -12 -10 -12 -10 -13 -10 -12 -10 -13 -9 -12 -9 -11 -8 -12 -9 -12 -9 -12 -8 -12 -9 -11 -8 -11 -9 -11 -8 -11 -8 -10 0 0 -8 -10 -9 -10 -9 -10 -8 -9 -9 -9 -9 -9 -10 -9 -10 -8 -10 -8 -10 -7 -10 -8 -10 -8 -10 -7 -11 -7 -11 -7 -11 -7 -12 -7 -11 -6 -11 -6 -12 -6 -12 -5 -12 -6 -13 -6 -13 -6 -12 -6 -13 -5 0 0 0 0 0 0 0 0 0 0]"
"1768831271424289,CSI_DATA,STATION,00:00:00:00:00:00,0,0,0,0,0,0,0,0,0,0,0,0,0,0,0,0,0,0,0,0,0,128,[84 -64 4 0 0 0 0 0 0 0 0 0 1 14 1 14 0 14 0 14 -1 14 -2 14 -2 14 -3 13 -3 14 -3 13 -3 13 -3 13 -3 13 -3 13 -3 12 -4 12 -4 11 -4 11 -4 11 -4 11 -3 11 -4 11 -4 10 -4 11 -3 11 -3 10 0 0 -3 10 -2 10 -2 10 -1 10 -2 10 -1 10 -1 10 -1 10 -1 10 -1 10 0 10 0 10 1 11 1 10 0 10 1 10 2 11 1 10 2 11 1 10 2 11 3 11 3 11 3 11 3 11 3 11 0 0 0 0 0 0 0 0 0 0]"
"1768831271430784,CSI_DATA,STATION,00:00:00:00:00:00,0,0,0,0,0,0,0,0,0,0,0,0,0,0,0,0,0,0,0,0,0,128,[84 -64 4 0 0 0 0 0 0 0 0 0 -9 11 -10 11 -10 10 -10 11 -10 9 -11 10 -11 9 -12 8 -12 8 -12 8 -11 8 -11 7 -12 7 -11 7 -12 6 -11 7 -11 7 -11 6 -11 6 -11 5 -11 5 -11 5 -10 6 -10 6 -10 6 -10 6 0 0 -9 6 -9 6 -9 6 -9 6 -8 6 -8 6 -9 6 -8 6 -8 7 -8 7 -8 8 -7 7 -7 8 -7 8 -7 8 -7 9 -7 8 -7 9 -7 9 -6 9 -7 10 -6 10 -6 10 -6 10 -6 10 -6 11 0 0 0 0 0 0 0 0 0 0]"
"1768831271435135,CSI_DATA,STATION,00:00:00:00:00:00,0,0,0,0,0,0,0,0,0,0,0,0,0,0,0,0,0,0,0,0,0,128,[84 -64 4 0 0 0 0 0 0 0 0 0 -17 -2 -17 -3 -17 -4 -17 -4 -16 -4 -16 -5 -15 -5 -15 -6 -15 -6 -15 -7 -15 -6 -14 -6 -15 -8 -14 -8 -14 -7 -13 -7 -13 -7 -13 -7 -13 -8 -12 -7 -12 -7 -12 -7 -12 -6 -12 -7 -12 -6 -11 -5 0 0 -11 -5 -12 -5 -12 -5 -11 -4 -12 -5 -12 -4 -12 -4 -12 -4 -12 -3 -12 -3 -12 -3 -12 -2 -12 -2 -13 -2 -12 -2 -13 -1 -13 -1 -13 -1 -13 -1 -13 -1 -13 0 -14 0 -14 -1 -14 0 -14 0 -14 1 0 0 0 0 0 0 0 0 0 0]"
"1768831271441652,CSI_DATA,STATION,00:00:00:00:00:00,0,0,0,0,0,0,0,0,0,0,0,0,0,0,0,0,0,0,0,0,0,128,[84 -64 4 0 0 0 0 0 0 0 0 0 -2 -15 -2 -15 -1 -15 -1 -15 -1 -16 0 -15 0 -14 1 -15 1 -14 1 -15 2 -14 2 -14 2 -14 2 -14 2 -13 2 -13 3 -13 3 -12 2 -13 2 -12 2 -12 2 -12 3 -12 2 -12 1 -12 2 -12 0 0 1 -11 1 -11 0 -11 1 -11 0 -11 0 -11 -1 -11 -1 -11 -1 -11 -1 -11 -1 -11 -1 -11 -2 -11 -2 -11 -2 -11 -2 -11 -3 -12 -3 -11 -3 -11 -3 -11 -4 -12 -4 -12 -4 -12 -4 -12 -4 -12 -4 -12 0 0 0 0 0 0 0 0 0 0]"
"1768831271446001,CSI_DATA,STATION,00:00:00:00:00:00,0,0,0,0,0,0,0,0,0,0,0,0,0,0,0,0,0,0,0,0,0,128,[84 -64 4 0 0 0 0 0 0 0 0 0 -5 -16 -4 -16 -4 -16 -4 -17 -3 -17 -2 -17 -1 -16 -1 -17 -1 -17 -1 -16 0 -16 0 -16 0 -16 0 -15 1 -16 1 -14 1 -14 1 -14 1 -15 1 -14 1 -14 1 -14 1 -13 0 -13 0 -13 0 -13 0 0 0 -13 -1 -12 -1 -13 -1 -12 -2 -13 -2 -13 -2 -13 -2 -12 -2 -12 -3 -12 -3 -12 -4 -12 -4 -12 -4 -12 -4 -12 -4 -12 -5 -12 -5 -12 -5 -12 -5 -12 -6 -12 -7 -13 -6 -13 -7 -13 -7 -13 -7 -13 0 0 0 0 0 0 0 0 0 0]"
"1768831271450342,CSI_DATA,STATION,00:00:00:00:00:00,0,0,0,0,0,0,0,0,0,0,0,0,0,0,0,0,0,0,0,0,0,128,[84 -64 4 0 0 0 0 0 0 0 0 0 13 5 12 5 13 6 13 6 12 7 11 7 11 7 11 7 10 8 11 8 10 8 10 8 10 8 10 8 9 9 9 8 9 8 9 8 9 8 8 8 8 8 8 8 7 7 9 7 8 7 8 7 0 0 8 6 8 6 9 6 7 6 8 5 8 5 9 5 9 5 9 4 9 4 9 4 9 4 10 4 10 4 9 3 9 3 10 3 10 2 10 3 10 2 10 2 11 3 11 2 11 2 11 2 11 1 0 0 0 0 0 0 0 0 0 0]"
"1768831271456843,CSI_DATA,STATION,00:00:00:00:00:00,0,0,0,0,0,0,0,0,0,0,0,0,0,0,0,0,0,0,0,0,0,128,[84 -64 4 0 0 0 0 0 0 0 0 0 -5 -16 -4 -16 -4 -17 -4 -17 -3 -17 -3 -16 -2 -17 -1 -16 -1 -17 -1 -17 0 -16 0 -16 0 -16 0 -15 0 -15 0 -15 1 -14 1 -14 0 -14 1 -14 1 -14 1 -14 1 -13 0 -13 0 -14 0 -13 0 0 0 -12 -1 -13 -1 -13 -1 -13 -1 -13 -2 -13 -2 -13 -2 -12 -2 -12 -2 -12 -3 -12 -3 -12 -4 -12 -4 -12 -4 -12 -5 -12 -5 -12 -5 -12 -5 -12 -5 -12 -5 -12 -6 -12 -6 -13 -7 -12 -7 -13 -7 -12 0 0 0 0 0 0 0 0 0 0]"
"1768831271461191,CSI_DATA,STATION,00:00:00:00:00:00,0,0,0,0,0,0,0,0,0,0,0,0,0,0,0,0,0,0,0,0,0,128,[84 -64 4 0 0 0 0 0 0 0 0 0 -12 11 -12 10 -13 10 -14 9 -14 9 -14 9 -14 9 -14 8 -14 8 -15 7 -14 7 -14 6 -14 6 -14 5 -14 5 -14 6 -13 5 -14 5 -13 4 -13 5 -13 4 -13 5 -13 5 -12 5 -12 4 -12 5 0 0 -12 5 -11 5 -11 5 -11 6 -11 6 -10 5 -10 6 -10 6 -10 7 -10 7 -10 7 -10 7 -9 7 -9 8 -9 8 -9 8 -9 9 -9 9 -9 9 -9 9 -9 10 -9 10 -9 10 -8 10 -8 10 -8 10 0 0 0 0 0 0 0 0 0 0]"
"1768831271467719,CSI_DATA,STATION,00:00:00:00:00:00,0,0,0,0,0,0,0,0,0,0,0,0,0,0,0,0,0,0,0,0,0,128,[84 -64 4 0 0 0 0 0 0 0 0 0 -15 2 -15 2 -15 1 -15 0 -15 0 -14 0 -14 -1 -15 -1 -14 -2 -15 -2 -14 -1 -14 -2 -14 -3 -14 -3 -14 -3 -13 -2 -13 -3 -13 -3 -13 -3 -12 -3 -12 -3 -12 -3 -12 -2 -12 -3 -12 -2 -11 -2 0 0 -11 -1 -12 -1 -11 -1 -11 -1 -11 -1 -11 -1 -11 0 -11 0 -11 0 -11 1 -11 1 -11 1 -11 1 -11 1 -11 2 -11 2 -11 2 -11 2 -11 3 -11 3 -12 3 -12 3 -12 4 -11 4 -11 4 -12 4 0 0 0 0 0 0 0 0 0 0]"
"1768831271472233,CSI_DATA,STATION,00:00:00:00:00:00,0,0,0,0,0,0,0,0,0,0,0,0,0,0,0,0,0,0,0,0,0,128,[84 -64 4 0 0 0 0 0 0 0 0 0 -6 15 -7 15 -7 15 -7 15 -7 14 -8 14 -8 14 -9 13 -9 13 -10 12 -9 12 -10 12 -10 12 -10 11 -10 11 -10 11 -10 10 -10 11 -10 10 -9 10 -9 10 -9 10 -9 10 -9 10 -8 9 -8 9 0 0 -8 9 -7 10 -7 10 -7 9 -7 9 -6 10 -6 10 -6 10 -6 10 -6 10 -5 11 -5 10 -5 11 -4 11 -5 11 -4 11 -4 12 -4 11 -4 12 -3 12 -3 13 -3 12 -3 13 -3 13 -3 13 -2 13 0 0 0 0 0 0 0 0 0 0]"
"1768831271476651,CSI_DATA,STATION,00:00:00:00:00:00,0,0,0,0,0,0,0,0,0,0,0,0,0,0,0,0,0,0,0,0,0,128,[84 -64 4 0 0 0 0 0 0 0 0 0 -11 12 -12 12 -12 11 -13 10 -13 10 -13 10 -13 10 -14 9 -14 8 -14 8 -14 8 -14 8 -14 8 -13 7 -14 7 -13 7 -14 6 -13 6 -13 6 -12 6 -12 6 -12 6 -12 6 -12 6 -11 6 -11 6 0 0 -11 6 -11 6 -10 6 -11 6 -10 7 -10 7 -9 7 -9 7 -9 8 -9 8 -9 8 -9 8 -9 8 -8 9 -9 9 -9 9 -7 9 -8 10 -8 10 -8 10 -8 11 -8 10 -7 11 -7 11 -7 11 -7 12 0 0 0 0 0 0 0 0 0 0]"
"1768831271483176,CSI_DATA,STATION,00:00:00:00:00:00,0,0,0,0,0,0,0,0,0,0,0,0,0,0,0,0,0,0,0,0,0,128,[84 -64 4 0 0 0 0 0 0 0 0 0 -3 16 -4 16 -4 15 -5 15 -6 15 -6 15 -7 14 -7 15 -7 13 -8 14 -7 13 -8 13 -8 13 -8 12 -8 12 -8 12 -8 12 -8 12 -8 11 -8 11 -8 10 -8 10 -8 11 -8 11 -7 10 -7 10 0 0 -7 10 -6 10 -6 10 -6 10 -6 10 -6 10 -5 10 -5 10 -5 11 -5 11 -5 11 -4 11 -4 11 -4 11 -4 11 -4 12 -3 12 -3 12 -3 12 -3 12 -3 13 -2 13 -2 13 -2 13 -2 13 -2 13 0 0 0 0 0 0 0 0 0 0]"
"1768831271487551,CSI_DATA,STATION,00:00:00:00:00:00,0,0,0,0,0,0,0,0,0,0,0,0,0,0,0,0,0,0,0,0,0,128,[84 -64 4 0 0 0 0 0 0 0 0 0 -15 1 -15 1 -15 0 -15 -1 -15 -1 -15 -1 -15 -2 -15 -2 -14 -2 -15 -3 -14 -3 -13 -3 -14 -4 -13 -4 -13 -4 -13 -4 -13 -4 -12 -4 -13 -4 -12 -4 -12 -4 -12 -4 -11 -3 -12 -4 -11 -3 -11 -3 0 0 -11 -2 -11 -2 -11 -2 -11 -1 -11 -2 -11 -1 -11 -1 -11 -1 -11 0 -11 -1 -11 0 -11 0 -11 0 -11 0 -11 1 -11 1 -12 1 -11 1 -12 2 -12 2 -12 3 -12 2 -12 2 -12 3 -12 3 -12 3 0 0 0 0 0 0 0 0 0 0]"
"1768831271498300,CSI_DATA,STATION,00:00:00:00:00:00,0,0,0,0,0,0,0,0,0,0,0,0,0,0,0,0,0,0,0,0,0,128,[84 -64 4 0 0 0 0 0 0 0 0 0 6 14 5 15 5 15 4 16 4 15 2 15 2 16 1 15 2 15 2 15 1 15 1 15 1 15 1 14 0 15 0 14 0 14 0 13 0 14 0 14 0 13 0 13 0 12 0 12 0 13 0 12 0 0 1 12 1 12 1 12 1 11 2 12 2 12 2 11 3 11 2 10 3 10 3 11 4 11 4 11 5 11 3 11 4 11 5 11 5 10 5 11 5 11 6 10 6 11 6 11 7 11 7 10 7 11 0 0 0 0 0 0 0 0 0 0]"
"1768831271502630,CSI_DATA,STATION,00:00:00:00:00:00,0,0,0,0,0,0,0,0,0,0,0,0,0,0,0,0,0,0,0,0,0,128,[84 -64 4 0 0 0 0 0 0 0 0 0 -7 14 -8 14 -8 14 -8 14 -9 13 -10 13 -9 12 -10 12 -11 12 -10 12 -10 11 -10 11 -11 11 -10 11 -11 10 -10 10 -11 10 -11 10 -10 9 -10 9 -10 9 -10 9 -10 9 -9 9 -9 9 -9 9 0 0 -9 9 -8 9 -8 9 -8 9 -7 9 -7 9 -7 9 -7 9 -7 10 -6 10 -6 10 -6 10 -5 11 -5 11 -6 11 -5 11 -5 11 -5 11 -4 12 -5 11 -4 12 -4 12 -3 12 -3 12 -3 13 -3 13 0 0 0 0 0 0 0 0 0 0]"
"1768831271509178,CSI_DATA,STATION,00:00:00:00:00:00,0,0,0,0,0,0,0,0,0,0,0,0,0,0,0,0,0,0,0,0,0,128,[84 -64 4 0 0 0 0 0 0 0 0 0 -7 -15 -7 -16 -7 -16 -7 -16 -6 -16 -5 -16 -4 -16 -4 -16 -3 -16 -3 -16 -2 -16 -2 -15 -1 -15 -2 -16 -2 -15 -1 -14 -1 -14 -1 -14 -1 -15 -1 -14 -1 -14 -1 -14 -1 -13 -1 -13 -1 -13 -1 -13 0 0 -2 -13 -2 -13 -3 -12 -2 -12 -3 -12 -3 -12 -4 -12 -4 -12 -3 -12 -4 -11 -4 -12 -4 -12 -5 -12 -5 -12 -5 -12 -5 -12 -6 -12 -6 -12 -6 -11 -6 -12 -6 -12 -7 -12 -7 -12 -8 -12 -7 -12 -8 -12 0 0 0 0 0 0 0 0 0 0]"
"1768831271515733,CSI_DATA,STATION,00:00:00:00:00:00,0,0,0,0,0,0,0,0,0,0,0,0,0,0,0,0,0,0,0,0,0,128,[84 -64 4 0 0 0 0 0 0 0 0 0 -10 -10 -10 -10 -10 -11 -10 -11 -9 -12 -9 -12 -8 -11 -8 -12 -7 -12 -8 -12 -7 -12 -7 -12 -7 -12 -7 -12 -6 -12 -6 -11 -6 -11 -6 -11 -6 -11 -5 -11 -5 -11 -6 -11 -5 -10 -6 -10 -6 -10 -6 -10 0 0 -6 -9 -6 -9 -7 -9 -6 -8 -7 -9 -6 -9 -7 -9 -7 -8 -7 -8 -7 -7 -8 -7 -8 -7 -8 -7 -9 -7 -8 -7 -9 -7 -10 -7 -9 -6 -9 -6 -9 -7 -9 -6 -10 -7 -10 -6 -11 -6 -11 -5 -11 -5 0 0 0 0 0 0 0 0 0 0]"
"1768831271522250,CSI_DATA,STATION,00:00:00:00:00:00,0,0,0,0,0,0,0,0,0,0,0,0,0,0,0,0,0,0,0,0,0,128,[84 -64 4 0 0 0 0 0 0 0 0 0 -14 2 -15 2 -15 1 -15 1 -15 0 -15 0 -15 0 -15 -1 -14 -1 -15 -2 -14 -2 -14 -2 -14 -3 -13 -3 -13 -3 -13 -2 -13 -2 -12 -3 -13 -3 -13 -3 -12 -3 -12 -3 -12 -2 -12 -3 -12 -2 -12 -2 0 0 -11 -1 -11 -1 -11 -1 -11 -1 -11 -1 -11 0 -11 0 -11 0 -11 1 -11 1 -11 1 -11 1 -11 1 -11 2 -11 2 -11 2 -11 3 -11 3 -11 3 -11 3 -11 4 -11 4 -11 3 -11 4 -12 5 -11 5 0 0 0 0 0 0 0 0 0 0]"
"1768831271526574,CSI_DATA,STATION,00:00:00:00:00:00,0,0,0,0,0,0,0,0,0,0,0,0,0,0,0,0,0,0,0,0,0,128,[84 -64 4 0 0 0 0 0 0 0 0 0 -1 16 -2 16 -3 16 -3 16 -4 16 -4 16 -5 15 -5 15 -6 14 -6 15 -6 14 -6 14 -6 14 -6 13 -7 13 -6 13 -7 12 -7 12 -7 12 -6 12 -6 11 -6 12 -6 11 -6 12 -5 11 -5 11 0 0 -5 11 -4 11 -4 11 -4 11 -4 11 -3 11 -3 11 -3 11 -3 11 -3 11 -2 11 -2 11 -1 11 -1 12 -1 12 -1 12 0 12 0 12 0 12 0 12 1 12 1 12 1 13 2 13 1 13 1 13 0 0 0 0 0 0 0 0 0 0]"
"1768831271530948,CSI_DATA,STATION,00:00:00:00:00:00,0,0,0,0,0,0,0,0,0,0,0,0,0,0,0,0,0,0,0,0,0,128,[84 -64 4 0 0 0 0 0 0 0 0 0 -16 3 -17 3 -17 2 -17 2 -16 1 -17 0 -16 0 -17 0 -16 -1 -16 -1 -16 -1 -15 -1 -16 -2 -15 -2 -16 -3 -14 -2 -15 -2 -14 -2 -15 -3 -14 -3 -14 -3 -14 -3 -13 -2 -13 -2 -13 -2 -13 -1 0 0 -13 -1 -12 -1 -13 -1 -12 0 -13 -1 -13 0 -13 0 -12 0 -12 1 -12 1 -12 2 -12 2 -12 2 -13 2 -12 2 -13 3 -12 2 -12 3 -13 4 -12 3 -13 4 -13 4 -13 4 -13 5 -13 5 -13 5 0 0 0 0 0 0 0 0 0 0]"
"1768831271537444,CSI_DATA,STATION,00:00:00:00:00:00,0,0,0,0,0,0,0,0,0,0,0,0,0,0,0,0,0,0,0,0,0,128,[84 -64 4 0 0 0 0 0 0 0 0 0 -13 -10 -13 -10 -13 -12 -12 -12 -12 -13 -11 -13 -10 -12 -11 -13 -10 -13 -10 -14 -9 -13 -9 -13 -9 -14 -9 -13 -8 -13 -8 -13 -8 -12 -8 -12 -8 -12 -8 -13 -8 -12 -8 -12 -7 -11 -8 -12 -8 -11 -8 -10 0 0 -8 -10 -8 -10 -9 -10 -8 -9 -9 -9 -9 -9 -9 -9 -10 -9 -9 -8 -9 -8 -10 -8 -10 -8 -10 -8 -11 -7 -11 -7 -11 -6 -12 -7 -12 -6 -12 -6 -12 -6 -12 -6 -13 -5 -13 -6 -13 -6 -13 -5 -13 -5 0 0 0 0 0 0 0 0 0 0]"
"1768831271541773,CSI_DATA,STATION,00:00:00:00:00:00,0,0,0,0,0,0,0,0,0,0,0,0,0,0,0,0,0,0,0,0,0,128,[84 -64 4 0 0 0 0 0 0 0 0 0 1 -17 2 -17 2 -17 3 -17 3 -17 4 -16 5 -15 5 -15 5 -15 5 -15 5 -15 6 -15 6 -14 5 -14 6 -14 6 -14 6 -13 6 -13 6 -13 7 -13 6 -12 5 -12 6 -12 5 -12 5 -12 5 -12 0 0 4 -12 3 -12 3 -12 3 -11 3 -12 3 -12 3 -12 3 -12 3 -12 2 -12 1 -12 1 -12 1 -12 1 -13 0 -13 0 -13 0 -13 0 -13 0 -13 0 -13 -1 -14 -1 -14 -1 -14 -2 -14 -2 -14 -2 -14 0 0 0 0 0 0 0 0 0 0]"
"1768831271546125,CSI_DATA,STATION,00:00:00:00:00:00,0,0,0,0,0,0,0,0,0,0,0,0,0,0,0,0,0,0,0,0,0,128,[84 -64 4 0 0 0 0 0 0 0 0 0 -10 13 -10 13 -11 12 -11 12 -11 12 -12 11 -12 11 -12 10 -12 10 -13 9 -13 9 -13 9 -13 9 -13 8 -13 7 -12 8 -12 8 -13 8 -12 7 -12 7 -12 7 -11 7 -11 7 -11 7 -11 7 -11 7 0 0 -10 7 -10 7 -10 8 -10 7 -9 7 -9 8 -9 8 -9 8 -9 8 -8 8 -8 9 -8 9 -8 9 -7 10 -7 10 -7 10 -7 10 -7 10 -7 11 -7 11 -7 11 -6 11 -6 11 -6 11 -6 12 -6 12 0 0 0 0 0 0 0 0 0 0]"
"1768831271552674,CSI_DATA,STATION,00:00:00:00:00:00,0,0,0,0,0,0,0,0,0,0,0,0,0,0,0,0,0,0,0,0,0,128,[84 -64 4 0 0 0 0 0 0 0 0 0 -7 -13 -6 -13 -6 -14 -6 -14 -5 -14 -4 -14 -3 -14 -3 -14 -3 -14 -3 -14 -2 -14 -2 -14 -2 -14 -2 -14 -2 -14 -2 -13 -1 -13 -1 -12 -1 -13 -1 -13 -1 -13 -1 -13 -1 -12 -2 -12 -2 -12 -2 -11 0 0 -2 -11 -3 -11 -3 -11 -3 -11 -3 -11 -3 -11 -4 -11 -4 -11 -3 -10 -4 -10 -5 -10 -5 -10 -5 -10 -5 -10 -5 -10 -6 -10 -6 -10 -6 -10 -6 -10 -6 -10 -7 -10 -7 -10 -8 -10 -8 -10 -8 -10 -8 -10 0 0 0 0 0 0 0 0 0 0]"
"1768831271556975,CSI_DATA,STATION,00:00:00:00:00:00,0,0,0,0,0,0,0,0,0,0,0,0,0,0,0,0,0,0,0,0,0,128,[84 -64 4 0 0 0 0 0 0 0 0 0 -5 -16 -4 -16 -4 -17 -4 -17 -3 -17 -2 -17 -1 -16 -1 -17 -1 -16 -1 -17 0 -16 0 -16 0 -16 0 -16 0 -15 1 -14 1 -14 1 -14 1 -15 1 -14 0 -14 1 -14 1 -13 0 -13 0 -13 0 -13 0 0 0 -13 -1 -13 -1 -13 -1 -13 -1 -13 -2 -13 -2 -13 -2 -12 -2 -11 -3 -12 -3 -12 -4 -12 -4 -12 -4 -12 -4 -12 -4 -12 -5 -13 -5 -12 -5 -12 -5 -12 -6 -13 -6 -12 -7 -13 -7 -12 -7 -13 -7 -12 0 0 0 0 0 0 0 0 0 0]"
"1768831271563458,CSI_DATA,STATION,00:00:00:00:00:00,0,0,0,0,0,0,0,0,0,0,0,0,0,0,0,0,0,0,0,0,0,128,[84 -64 4 0 0 0 0 0 0 0 0 0 13 -2 14 -1 14 0 15 0 14 0 14 1 14 1 14 2 13 2 13 2 13 2 13 2 13 3 13 3 12 3 11 3 12 3 11 3 12 3 11 3 11 3 11 3 10 2 11 3 10 2 10 2 0 0 10 2 10 1 10 2 10 1 10 1 10 1 10 1 10 1 10 0 10 0 10 -1 10 -1 10 -1 11 -1 10 -2 10 -2 10 -2 11 -3 11 -2 10 -3 11 -3 11 -2 11 -3 11 -4 11 -4 11 -4 0 0 0 0 0 0 0 0 0 0]"
"1768831271567809,CSI_DATA,STATION,00:00:00:00:00:00,0,0,0,0,0,0,0,0,0,0,0,0,0,0,0,0,0,0,0,0,0,128,[84 -64 4 0 0 0 0 0 0 0 0 0 -6 14 -7 14 -7 14 -8 14 -8 13 -9 13 -8 12 -9 12 -9 12 -9 12 -9 12 -9 11 -9 11 -10 11 -10 10 -9 10 -9 10 -9 10 -9 9 -9 9 -9 9 -8 9 -9 9 -8 9 -8 9 -8 9 0 0 -7 9 -7 9 -7 9 -6 9 -6 9 -6 9 -5 10 -6 9 -6 10 -5 10 -5 10 -4 10 -4 10 -4 11 -4 10 -4 11 -3 11 -3 11 -3 12 -3 11 -2 12 -2 12 -2 12 -2 12 -2 12 -2 13 0 0 0 0 0 0 0 0 0 0]"
"1768831271574422,CSI_DATA,STATION,00:00:00:00:00:00,0,0,0,0,0,0,0,0,0,0,0,0,0,0,0,0,0,0,0,0,0,128,[84 -64 4 0 0 0 0 0 0 0 0 0 14 6 14 7 14 7 14 9 13 8 13 9 12 9 12 9 11 9 12 10 11 10 10 10 11 10 10 10 10 10 9 10 10 10 9 9 9 10 9 10 9 10 9 9 8 8 9 8 9 9 9 8 0 0 9 8 8 7 9 8 8 6 10 7 9 6 10 6 9 6 10 5 9 5 10 5 10 5 11 5 11 5 10 4 11 4 11 4 12 3 12 3 11 3 12 2 12 3 12 3 13 2 13 2 13 2 0 0 0 0 0 0 0 0 0 0]"
"1768831271578810,CSI_DATA,STATION,00:00:00:00:00:00,0,0,0,0,0,0,0,0,0,0,0,0,0,0,0,0,0,0,0,0,0,128,[84 -64 4 0 0 0 0 0 0 0 0 0 -15 -6 -15 -7 -16 -8 -15 -8 -15 -9 -14 -9 -13 -9 -13 -9 -13 -10 -13 -10 -13 -10 -12 -10 -13 -10 -12 -10 -12 -11 -11 -10 -11 -10 -11 -10 -11 -10 -11 -10 -11 -10 -11 -10 -10 -9 -11 -9 -10 -9 -9 -8 0 0 -10 -8 -10 -8 -11 -8 -10 -7 -11 -7 -11 -7 -11 -6 -11 -6 -11 -6 -11 -5 -12 -5 -12 -5 -12 -5 -12 -5 -12 -4 -12 -4 -13 -4 -13 -3 -12 -3 -13 -3 -13 -3 -14 -3 -14 -3 -14 -3 -14 -2 -14 -2 0 0 0 0 0 0 0 0 0 0]"
"1768831271583191,CSI_DATA,STATION,00:00:00:00:00:00,0,0,0,0,0,0,0,0,0,0,0,0,0,0,0,0,0,0,0,0,0,128,[84 -64 4 0 0 0 0 0 0 0 0 0 16 -1 15 0 16 1 16 2 16 2 15 2 15 3 15 3 14 4 15 5 15 4 14 4 14 5 13 5 13 6 13 4 12 5 12 5 12 5 12 6 12 6 12 5 11 4 12 4 12 4 11 4 0 0 11 3 11 4 11 3 11 2 11 3 11 2 11 2 11 2 11 1 11 1 11 0 11 1 12 0 12 0 12 0 12 -1 12 -1 12 -1 12 -2 12 -2 13 -2 12 -2 13 -2 13 -3 13 -3 12 -3 0 0 0 0 0 0 0 0 0 0]"
"1768831271589757,CSI_DATA,STATION,00:00:00:00:00:00,0,0,0,0,0,0,0,0,0,0,0,0,0,0,0,0,0,0,0,0,0,128,[84 -64 4 0 0 0 0 0 0 0 0 0 14 -7 14 -6 15 -5 14 -5 15 -4 14 -4 15 -3 15 -3 15 -2 15 -2 14 -2 14 -2 14 -1 14 -1 14 -1 14 -1 13 -1 12 -1 12 0 13 0 12 0 12 -1 12 -1 12 -1 12 -1 11 -2 0 0 11 -2 11 -2 11 -2 11 -3 10 -3 11 -3 10 -3 10 -4 10 -4 10 -4 10 -5 10 -5 10 -5 10 -5 10 -6 10 -6 10 -7 10 -7 10 -6 10 -7 10 -7 10 -7 10 -7 10 -8 10 -9 10 -9 0 0 0 0 0 0 0 0 0 0]"
"1768831271594135,CSI_DATA,STATION,00:00:00:00:00:00,0,0,0,0,0,0,0,0,0,0,0,0,0,0,0,0,0,0,0,0,0,128,[84 -64 4 0 0 0 0 0 0 0 0 0 2 15 2 15 1 15 1 15 1 15 0 15 -1 15 -2 15 -2 14 -1 15 -2 14 -2 13 -2 14 -3 13 -3 13 -3 13 -4 13 -4 12 -4 13 -4 12 -3 12 -3 12 -3 11 -3 12 -2 11 -2 11 0 0 -2 11 -2 11 -1 11 -2 11 -1 11 -1 11 -1 11 -1 11 -1 10 0 10 0 11 1 11 1 11 1 11 1 11 1 11 2 11 1 11 2 11 2 11 2 12 3 12 3 12 4 11 3 12 3 12 0 0 0 0 0 0 0 0 0 0]"
"1768831271600623,CSI_DATA,STATION,00:00:00:00:00:00,0,0,0,0,0,0,0,0,0,0,0,0,0,0,0,0,0,0,0,0,0,128,[84 -64 4 0 0 0 0 0 0 0 0 0 13 8 13 9 13 9 13 10 12 10 12 10 11 11 10 11 10 11 10 11 10 10 9 11 10 11 9 11 9 12 8 11 8 11 8 10 8 11 7 11 8 10 7 11 7 10 8 10 8 9 7 9 0 0 7 9 8 8 8 8 7 8 8 8 8 8 8 7 9 7 9 7 9 6 9 6 10 6 10 6 10 6 10 6 10 5 10 5 10 5 11 5 11 4 11 4 11 5 12 4 12 4 12 4 12 3 0 0 0 0 0 0 0 0 0 0]"
"1768831271604948,CSI_DATA,STATION,00:00:00:00:00:00,0,0,0,0,0,0,0,0,0,0,0,0,0,0,0,0,0,0,0,0,0,128,[84 -64 4 0 0 0 0 0 0 0 0 0 2 14 1 14 0 14 0 15 -1 14 -1 14 -2 14 -2 14 -3 14 -2 14 -3 13 -3 13 -3 13 -3 13 -4 13 -4 12 -4 12 -4 12 -4 13 -3 12 -4 11 -3 11 -4 11 -3 11 -3 11 -3 11 0 0 -3 11 -2 11 -1 10 -2 10 -1 11 -1 10 -1 11 0 11 -1 10 -1 10 0 10 1 10 1 11 1 11 1 10 2 11 2 10 2 11 2 11 2 10 3 11 3 11 3 11 4 11 4 11 4 11 0 0 0 0 0 0 0 0 0 0]"
"1768831271609299,CSI_DATA,STATION,00:00:00:00:00:00,0,0,0,0,0,0,0,0,0,0,0,0,0,0,0,0,0,0,0,0,0,128,[84 -64 4 0 0 0 0 0 0 0 0 0 -13 6 -14 6 -14 5 -15 5 -14 4 -14 4 -14 4 -14 3 -14 3 -14 2 -14 2 -14 2 -14 1 -14 1 -14 1 -13 2 -13 1 -12 1 -14 1 -13 1 -12 1 -12 0 -12 1 -12 1 -12 1 -12 2 0 0 -11 2 -11 2 -11 2 -10 2 -11 2 -11 3 -11 3 -11 3 -10 4 -10 3 -10 4 -10 4 -10 4 -10 5 -10 5 -10 6 -10 5 -10 6 -9 6 -10 6 -10 7 -10 7 -10 7 -10 7 -10 7 -10 8 0 0 0 0 0 0 0 0 0 0]"
"1768831271615806,CSI_DATA,STATION,00:00:00:00:00:00,0,0,0,0,0,0,0,0,0,0,0,0,0,0,0,0,0,0,0,0,0,128,[84 -64 4 0 0 0 0 0 0 0 0 0 -11 -11 -10 -12 -10 -12 -10 -13 -10 -13 -9 -13 -8 -13 -8 -13 -7 -14 -7 -14 -6 -13 -6 -13 -6 -13 -6 -13 -6 -14 -5 -13 -5 -13 -5 -12 -6 -13 -5 -12 -5 -12 -5 -12 -4 -11 -5 -11 -5 -12 -5 -11 0 0 -5 -11 -6 -11 -6 -10 -5 -10 -6 -10 -6 -10 -7 -10 -7 -10 -7 -9 -7 -9 -7 -9 -8 -9 -8 -9 -8 -9 -8 -9 -8 -9 -9 -8 -9 -8 -9 -8 -9 -8 -9 -8 -10 -8 -10 -8 -11 -8 -10 -8 -10 -8 0 0 0 0 0 0 0 0 0 0]"
"1768831271620240,CSI_DATA,STATION,00:00:00:00:00:00,0,0,0,0,0,0,0,0,0,0,0,0,0,0,0,0,0,0,0,0,0,128,[84 -64 4 0 0 0 0 0 0 0 0 0 1 -15 2 -15 2 -15 2 -15 3 -15 4 -14 4 -14 4 -14 5 -14 5 -14 5 -13 5 -13 5 -13 5 -13 5 -12 5 -12 5 -11 6 -12 5 -11 6 -11 5 -11 5 -11 5 -11 4 -11 4 -11 4 -11 0 0 4 -10 3 -11 3 -10 3 -11 3 -10 2 -11 2 -11 2 -11 2 -11 2 -11 2 -11 1 -11 1 -11 1 -11 1 -12 1 -11 0 -12 0 -12 0 -12 -1 -12 0 -12 -1 -12 -1 -13 -2 -12 -1 -13 -2 -12 0 0 0 0 0 0 0 0 0 0]"
"1768831271624594,CSI_DATA,STATION,00:00:00:00:00:00,0,0,0,0,0,0,0,0,0,0,0,0,0,0,0,0,0,0,0,0,0,128,[84 -64 4 0 0 0 0 0 0 0 0 0 14 3 14 3 14 4 14 5 14 5 13 6 13 6 13 6 12 7 13 7 12 7 11 7 12 7 11 7 11 7 10 7 10 7 10 7 10 7 10 7 10 7 10 7 9 6 10 7 10 6 9 5 0 0 9 5 9 5 10 5 9 4 10 5 10 4 10 4 10 4 10 3 9 3 10 3 10 3 11 3 11 2 10 2 11 2 11 2 11 1 11 1 11 0 11 0 11 1 12 0 12 1 12 0 12 0 0 0 0 0 0 0 0 0 0 0]"
"1768831271631120,CSI_DATA,STATION,00:00:00:00:00:00,0,0,0,0,0,0,0,0,0,0,0,0,0,0,0,0,0,0,0,0,0,128,[84 -64 4 0 0 0 0 0 0 0 0 0 -1 -15 0 -16 0 -15 0 -16 1 -16 2 -15 2 -15 2 -15 3 -15 3 -15 3 -15 4 -14 4 -14 4 -14 4 -14 4 -13 5 -13 4 -13 4 -13 4 -12 4 -12 3 -12 4 -12 3 -12 3 -12 3 -12 0 0 3 -11 2 -11 2 -12 2 -11 2 -11 1 -11 1 -11 1 -11 1 -11 1 -11 1 -11 0 -11 0 -12 -1 -12 0 -12 -1 -12 -2 -12 -1 -12 -2 -12 -2 -12 -2 -12 -2 -12 -3 -12 -3 -13 -3 -12 -3 -13 0 0 0 0 0 0 0 0 0 0]"
"1768831271635469,CSI_DATA,STATION,00:00:00:00:00:00,0,0,0,0,0,0,0,0,0,0,0,0,0,0,0,0,0,0,0,0,0,128,[84 -64 4 0 0 0 0 0 0 0 0 0 -12 9 -13 9 -13 8 -13 8 -13 7 -13 7 -13 7 -14 6 -14 6 -14 6 -14 6 -13 6 -14 5 -13 5 -14 4 -13 5 -13 4 -12 4 -13 4 -12 4 -12 4 -12 4 -12 5 -11 4 -11 4 -11 4 0 0 -11 5 -10 5 -10 5 -10 5 -10 5 -10 5 -9 6 -9 6 -9 6 -9 7 -9 7 -9 7 -8 7 -8 8 -8 8 -8 8 -8 8 -8 9 -8 9 -8 9 -7 10 -7 9 -7 9 -7 10 -7 10 -7 10 0 0 0 0 0 0 0 0 0 0]"
"1768831271639803,CSI_DATA,STATION,00:00:00:00:00:00,0,0,0,0,0,0,0,0,0,0,0,0,0,0,0,0,0,0,0,0,0,128,[84 -64 4 0 0 0 0 0 0 0 0 0 -4 14 -5 14 -6 14 -6 14 -6 14 -7 13 -7 13 -8 13 -8 12 -8 12 -8 12 -8 11 -9 11 -8 11 -9 11 -9 10 -8 10 -8 10 -8 10 -8 9 -8 9 -7 9 -8 9 -8 9 -7 9 -7 9 0 0 -7 9 -6 9 -6 9 -6 9 -6 9 -5 9 -5 9 -5 9 -5 10 -4 9 -4 10 -4 10 -4 10 -3 11 -4 10 -3 10 -3 11 -3 11 -3 11 -3 11 -2 11 -2 11 -2 12 -1 12 -2 12 -2 12 0 0 0 0 0 0 0 0 0 0]"
"1768831271646311,CSI_DATA,STATION,00:00:00:00:00:00,0,0,0,0,0,0,0,0,0,0,0,0,0,0,0,0,0,0,0,0,0,128,[84 -64 4 0 0 0 0 0 0 0 0 0 -13 -8 -14 -9 -13 -9 -13 -9 -12 -10 -12 -10 -11 -10 -11 -11 -11 -11 -11 -11 -10 -11 -10 -11 -10 -11 -10 -11 -10 -12 -9 -11 -9 -11 -8 -10 -9 -11 -8 -11 -8 -10 -8 -11 -7 -10 -8 -10 -8 -10 -8 -9 0 0 -8 -9 -8 -8 -9 -9 -8 -8 -9 -8 -8 -8 -9 -8 -9 -8 -9 -7 -9 -7 -10 -7 -10 -7 -10 -6 -10 -7 -9 -6 -10 -6 -11 -6 -11 -6 -10 -6 -11 -6 -11 -5 -12 -5 -11 -5 -12 -5 -12 -4 -12 -5 0 0 0 0 0 0 0 0 0 0]"
"1768831271650668,CSI_DATA,STATION,00:00:00:00:00:00,0,0,0,0,0,0,0,0,0,0,0,0,0,0,0,0,0,0,0,0,0,128,[84 -64 4 0 0 0 0 0 0 0 0 0 -16 -3 -15 -4 -16 -4 -16 -5 -15 -5 -15 -6 -14 -6 -14 -6 -14 -6 -14 -7 -14 -7 -13 -7 -14 -8 -13 -8 -13 -7 -12 -7 -12 -8 -12 -7 -12 -8 -12 -7 -12 -7 -11 -7 -11 -7 -11 -7 -11 -6 -11 -6 0 0 -11 -5 -11 -5 -11 -5 -11 -4 -11 -5 -11 -4 -11 -4 -11 -4 -11 -4 -11 -3 -12 -3 -12 -3 -12 -2 -12 -2 -12 -2 -12 -1 -12 -2 -12 -1 -12 -1 -12 0 -13 0 -13 0 -13 0 -13 0 -13 1 -13 1 0 0 0 0 0 0 0 0 0 0]"
"1768831271655041,CSI_DATA,STATION,00:00:00:00:00:00,0,0,0,0,0,0,0,0,0,0,0,0,0,0,0,0,0,0,0,0,0,128,[84 -64 4 0 0 0 0 0 0 0 0 0 6 13 5 13 5 14 4 14 4 14 4 14 2 14 2 14 2 14 2 14 1 13 1 13 1 13 1 14 1 14 1 12 0 12 0 12 0 12 0 12 0 12 0 12 0 11 1 12 1 11 1 11 0 0 1 11 1 11 2 10 2 10 2 10 2 10 2 10 3 10 2 9 3 10 3 9 4 10 4 10 4 10 4 10 4 9 5 9 5 9 5 9 5 9 5 9 6 10 7 10 7 9 7 9 7 9 0 0 0 0 0 0 0 0 0 0]"
"1768831271661525,CSI_DATA,STATION,00:00:00:00:00:00,0,0,0,0,0,0,0,0,0,0,0,0,0,0,0,0,0,0,0,0,0,128,[84 -64 4 0 0 0 0 0 0 0 0 0 5 13 5 13 5 14 5 14 4 14 3 14 3 14 2 14 2 14 2 15 1 14 1 13 1 13 1 13 0 14 0 13 0 13 0 12 0 13 0 12 0 12 0 12 0 11 1 11 1 11 1 11 0 0 1 11 1 11 2 11 1 10 2 10 2 11 2 11 2 10 2 10 2 10 3 9 3 10 4 10 4 10 4 10 4 10 5 9 5 10 5 10 4 9 5 10 6 10 6 10 7 9 6 10 7 10 0 0 0 0 0 0 0 0 0 0]"
"1768831271665913,CSI_DATA,STATION,00:00:00:00:00:00,0,0,0,0,0,0,0,0,0,0,0,0,0,0,0,0,0,0,0,0,0,128,[84 -64 4 0 0 0 0 0 0 0 0 0 -9 -13 -9 -13 -8 -13 -8 -14 -8 -14 -7 -14 -6 -15 -5 -14 -5 -14 -5 -15 -5 -14 -4 -14 -4 -14 -4 -14 -4 -14 -4 -13 -3 -13 -3 -13 -3 -13 -3 -13 -3 -13 -3 -13 -3 -12 -4 -12 -4 -12 -4 -12 0 0 -3 -11 -4 -12 -4 -11 -4 -11 -5 -11 -5 -11 -5 -11 -5 -10 -5 -10 -5 -10 -6 -10 -6 -10 -7 -10 -7 -10 -7 -10 -7 -9 -8 -10 -8 -10 -7 -10 -8 -10 -8 -9 -9 -9 -9 -9 -10 -9 -9 -9 -9 -9 0 0 0 0 0 0 0 0 0 0]"
"1768831271672443,CSI_DATA,STATION,00:00:00:00:00:00,0,0,0,0,0,0,0,0,0,0,0,0,0,0,0,0,0,0,0,0,0,128,[84 -64 4 0 0 0 0 0 0 0 0 0 12 -10 13 -10 14 -9 14 -8 14 -8 14 -8 14 -7 15 -6 14 -7 15 -6 14 -6 14 -5 14 -5 14 -4 14 -4 14 -5 13 -4 12 -4 13 -4 13 -3 12 -3 12 -4 12 -4 12 -4 12 -4 11 -4 0 0 11 -4 11 -5 11 -5 11 -5 10 -5 11 -5 10 -5 10 -6 9 -6 9 -6 10 -7 9 -7 9 -7 10 -7 9 -8 9 -8 10 -8 9 -9 9 -9 9 -9 9 -9 9 -9 9 -9 9 -10 8 -10 9 -10 0 0 0 0 0 0 0 0 0 0]"
"1768831271683348,CSI_DATA,STATION,00:00:00:00:00:00,0,0,0,0,0,0,0,0,0,0,0,0,0,0,0,0,0,0,0,0,0,128,[84 -64 4 0 0 0 0 0 0 0 0 0 -10 10 -11 10 -11 9 -11 9 -11 9 -12 8 -12 8 -12 7 -12 7 -13 7 -12 7 -12 6 -12 6 -12 6 -12 5 -12 6 -12 6 -11 5 -11 5 -11 5 -11 4 -11 5 -11 4 -10 5 -10 5 -10 5 0 0 -10 5 -9 5 -9 6 -9 5 -9 6 -9 5 -9 6 -9 6 -8 6 -8 7 -8 7 -8 7 -8 7 -8 7 -8 7 -8 8 -7 8 -8 8 -7 8 -7 9 -7 9 -7 9 -7 9 -6 10 -7 10 -7 10 0 0 0 0 0 0 0 0 0 0]"
"1768831271689920,CSI_DATA,STATION,00:00:00:00:00:00,0,0,0,0,0,0,0,0,0,0,0,0,0,0,0,0,0,0,0,0,0,128,[84 -64 4 0 0 0 0 0 0 0 0 0 10 -11 10 -11 10 -10 11 -10 11 -9 12 -9 12 -9 12 -9 12 -8 12 -7 12 -8 12 -7 12 -7 12 -6 12 -6 12 -6 12 -6 11 -6 11 -5 11 -5 10 -5 11 -5 10 -6 10 -6 10 -6 10 -6 0 0 9 -6 9 -5 9 -6 9 -6 9 -7 8 -7 8 -7 8 -7 8 -7 8 -8 8 -8 7 -8 7 -8 7 -8 7 -8 7 -9 7 -9 7 -9 7 -10 7 -10 7 -10 6 -10 6 -10 6 -11 6 -11 6 -11 0 0 0 0 0 0 0 0 0 0]"
"1768831271696390,CSI_DATA,STATION,00:00:00:00:00:00,0,0,0,0,0,0,0,0,0,0,0,0,0,0,0,0,0,0,0,0,0,128,[84 -64 4 0 0 0 0 0 0 0 0 0 -12 8 -12 7 -13 7 -14 6 -13 6 -13 6 -14 5 -14 4 -14 4 -14 4 -13 4 -13 4 -13 3 -13 3 -14 2 -13 3 -13 2 -12 2 -13 2 -12 2 -12 2 -12 2 -11 2 -11 2 -11 2 -11 3 0 0 -11 3 -11 2 -11 3 -11 3 -10 3 -10 3 -10 3 -10 4 -10 4 -10 4 -10 5 -10 4 -10 5 -10 5 -10 5 -10 6 -9 6 -9 6 -9 6 -9 6 -9 7 -9 7 -10 7 -9 8 -9 8 -9 8 0 0 0 0 0 0 0 0 0 0]"
"1768831271700766,CSI_DATA,STATION,00:00:00:00:00:00,0,0,0,0,0,0,0,0,0,0,0,0,0,0,0,0,0,0,0,0,0,128,[84 -64 4 0 0 0 0 0 0 0 0 0 13 -3 14 -2 14 -1 14 -1 14 0 14 0 14 1 14 1 13 1 14 2 13 1 12 2 13 3 12 2 12 3 12 2 12 2 12 3 12 3 11 3 11 3 11 2 10 2 11 2 11 2 10 1 0 0 10 1 10 1 10 1 10 0 10 0 10 0 10 0 10 0 10 -1 9 -1 10 -2 10 -2 10 -2 10 -2 10 -3 10 -3 10 -3 11 -3 10 -3 10 -4 10 -4 10 -4 11 -4 10 -5 10 -5 11 -5 0 0 0 0 0 0 0 0 0 0]"
"1768831271707349,CSI_DATA,STATION,00:00:00:00:00:00,0,0,0,0,0,0,0,0,0,0,0,0,0,0,0,0,0,0,0,0,0,128,[84 -64 4 0 0 0 0 0 0 0 0 0 -3 14 -3 13 -4 14 -5 14 -4 13 -5 13 -6 13 -6 13 -6 12 -6 12 -6 12 -6 12 -7 12 -7 11 -6 11 -7 10 -7 11 -7 10 -7 10 -6 10 -6 10 -6 10 -6 10 -6 10 -5 9 -5 9 0 0 -5 9 -4 9 -4 10 -5 9 -4 9 -4 9 -4 9 -3 10 -4 10 -3 9 -3 10 -2 10 -2 10 -2 10 -2 10 -2 10 -1 10 -1 11 -1 11 -1 11 -1 11 0 11 1 11 1 11 1 12 1 12 0 0 0 0 0 0 0 0 0 0]"
"1768831271711748,CSI_DATA,STATION,00:00:00:00:00:00,0,0,0,0,0,0,0,0,0,0,0,0,0,0,0,0,0,0,0,0,0,128,[84 -64 4 0 0 0 0 0 0 0 0 0 6 14 5 14 5 15 5 16 4 15 3 15 3 15 2 15 2 15 2 15 2 15 1 14 1 14 2 14 1 15 0 14 0 13 0 13 0 14 1 13 0 13 0 13 0 12 1 12 1 12 1 12 0 0 1 12 2 11 2 11 2 11 3 11 3 11 3 11 3 11 3 10 4 10 4 10 4 10 5 10 5 10 5 10 5 10 6 10 6 10 6 10 6 9 7 10 7 10 8 10 8 9 8 9 8 9 0 0 0 0 0 0 0 0 0 0]"
"1768831271716180,CSI_DATA,STATION,00:00:00:00:00:00,0,0,0,0,0,0,0,0,0,0,0,0,0,0,0,0,0,0,0,0,0,128,[84 -64 4 0 0 0 0 0 0 0 0 0 15 -3 16 -2 15 -1 16 -1 16 0 16 0 15 1 15 1 15 1 15 2 15 2 14 2 14 3 14 2 14 3 13 2 13 3 13 3 13 3 13 3 12 3 12 3 12 3 12 3 12 2 11 2 0 0 11 2 11 1 11 2 11 0 11 1 11 1 11 1 11 0 11 0 10 -1 11 -1 11 -1 11 -1 11 -1 11 -2 12 -2 11 -2 12 -3 12 -3 11 -3 12 -3 12 -3 12 -4 12 -4 12 -4 12 -5 0 0 0 0 0 0 0 0 0 0]"
"1768831271722709,CSI_DATA,STATION,00:00:00:00:00:00,0,0,0,0,0,0,0,0,0,0,0,0,0,0,0,0,0,0,0,0,0,128,[84 -64 4 0 0 0 0 0 0 0 0 0 13 1 14 1 14 2 14 2 14 3 13 3 13 3 13 4 12 4 13 5 12 4 12 5 12 6 12 5 11 5 11 5 11 5 11 5 11 6 10 5 10 5 10 5 10 4 10 5 10 4 9 4 0 0 9 3 9 3 10 3 9 2 10 3 10 2 10 2 10 2 10 2 10 1 10 1 10 1 10 1 10 1 10 0 10 0 11 0 10 -1 11 -1 10 -1 10 -1 11 -1 12 -1 11 -1 11 -2 11 -2 0 0 0 0 0 0 0 0 0 0]"
"1768831271727086,CSI_DATA,STATION,00:00:00:00:00:00,0,0,0,0,0,0,0,0,0,0,0,0,0,0,0,0,0,0,0,0,0,128,[84 -64 4 0 0 0 0 0 0 0 0 0 7 -14 8 -14 8 -14 9 -14 9 -13 10 -13 10 -12 10 -12 10 -12 10 -11 11 -11 11 -11 11 -11 11 -10 11 -10 10 -10 10 -10 10 -9 10 -9 10 -9 10 -8 10 -9 10 -9 9 -9 9 -9 9 -9 0 0 8 -9 8 -9 8 -9 7 -9 7 -9 7 -9 7 -9 6 -10 7 -10 6 -10 6 -10 6 -10 6 -10 5 -11 5 -11 5 -12 5 -12 5 -12 5 -12 4 -12 4 -12 4 -12 4 -13 4 -13 4 -13 4 -13 0 0 0 0 0 0 0 0 0 0]"
"1768831271731407,CSI_DATA,STATION,00:00:00:00:00:00,0,0,0,0,0,0,0,0,0,0,0,0,0,0,0,0,0,0,0,0,0,128,[84 -64 4 0 0 0 0 0 0 0 0 0 -3 14 -3 14 -4 13 -5 13 -5 13 -6 13 -6 13 -6 13 -7 12 -7 12 -7 12 -7 11 -7 11 -7 11 -7 11 -7 10 -8 10 -7 10 -7 10 -7 10 -7 9 -7 10 -7 9 -6 10 -6 9 -6 9 0 0 -6 9 -5 9 -5 10 -5 10 -4 9 -4 10 -4 10 -4 9 -4 10 -4 9 -3 10 -3 10 -3 10 -2 10 -2 10 -2 11 -2 10 -2 11 -1 11 -1 11 -1 11 -1 11 0 11 0 11 0 12 0 12 0 0 0 0 0 0 0 0 0 0]"
"1768831271737951,CSI_DATA,STATION,00:00:00:00:00:00,0,0,0,0,0,0,0,0,0,0,0,0,0,0,0,0,0,0,0,0,0,128,[84 -64 4 0 0 0 0 0 0 0 0 0 -15 -3 -15 -4 -15 -5 -15 -5 -15 -6 -15 -6 -14 -6 -14 -6 -14 -7 -14 -8 -13 -8 -12 -7 -13 -8 -12 -8 -12 -8 -11 -7 -11 -7 -11 -8 -11 -8 -11 -8 -11 -8 -11 -7 -11 -7 -11 -7 -10 -7 -10 -6 0 0 -10 -6 -10 -6 -10 -6 -10 -5 -11 -5 -10 -5 -10 -5 -11 -4 -11 -4 -10 -4 -11 -4 -11 -4 -11 -4 -11 -3 -11 -3 -11 -2 -12 -3 -12 -2 -12 -2 -12 -1 -12 -1 -13 -2 -12 -1 -13 -2 -12 -1 -13 -1 0 0 0 0 0 0 0 0 0 0]"
"1768831271742280,CSI_DATA,STATION,00:00:00:00:00:00,0,0,0,0,0,0,0,0,0,0,0,0,0,0,0,0,0,0,0,0,0,128,[84 -64 4 0 0 0 0 0 0 0 0 0 -12 -12 -11 -13 -11 -13 -11 -13 -10 -14 -9 -14 -8 -13 -8 -14 -7 -14 -8 -15 -8 -14 -7 -14 -7 -14 -7 -14 -6 -14 -6 -13 -6 -13 -6 -13 -6 -13 -6 -13 -6 -13 -6 -13 -6 -12 -6 -12 -6 -12 -6 -11 0 0 -6 -11 -7 -11 -7 -11 -6 -10 -8 -10 -7 -10 -7 -10 -8 -10 -8 -9 -8 -9 -9 -9 -9 -9 -9 -9 -9 -8 -9 -8 -9 -8 -11 -8 -10 -8 -10 -8 -10 -8 -11 -7 -11 -7 -12 -8 -12 -7 -12 -7 -12 -7 0 0 0 0 0 0 0 0 0 0]"
"1768831271748745,CSI_DATA,STATION,00:00:00:00:00:00,0,0,0,0,0,0,0,0,0,0,0,0,0,0,0,0,0,0,0,0,0,128,[84 -64 4 0 0 0 0 0 0 0 0 0 -11 -11 -10 -11 -10 -12 -10 -13 -10 -13 -9 -13 -8 -13 -7 -13 -7 -13 -7 -14 -7 -13 -7 -13 -6 -13 -7 -13 -6 -14 -5 -13 -5 -12 -5 -12 -5 -12 -5 -12 -5 -12 -5 -12 -5 -12 -5 -11 -5 -11 -5 -11 0 0 -5 -10 -6 -11 -6 -10 -5 -10 -6 -10 -6 -10 -6 -10 -7 -10 -7 -9 -7 -9 -7 -9 -8 -9 -8 -9 -8 -8 -8 -8 -8 -8 -9 -9 -9 -8 -9 -8 -9 -8 -9 -8 -10 -8 -10 -8 -11 -8 -10 -7 -10 -7 0 0 0 0 0 0 0 0 0 0]"
"1768831271753094,CSI_DATA,STATION,00:00:00:00:00:00,0,0,0,0,0,0,0,0,0,0,0,0,0,0,0,0,0,0,0,0,0,128,[84 -64 4 0 0 0 0 0 0 0 0 0 -10 10 -11 10 -11 9 -11 9 -12 9 -12 8 -12 8 -12 7 -12 7 -13 7 -12 7 -12 6 -12 6 -12 6 -12 5 -12 6 -12 5 -11 5 -12 5 -12 5 -11 5 -11 5 -11 5 -11 4 -10 4 -10 5 0 0 -10 5 -9 5 -9 5 -10 5 -9 6 -9 6 -8 6 -9 6 -8 7 -8 7 -9 7 -8 7 -8 7 -8 7 -8 8 -7 8 -7 8 -8 8 -7 9 -7 9 -7 9 -6 10 -7 9 -7 10 -7 10 -7 10 0 0 0 0 0 0 0 0 0 0]"
"1768831271757412,CSI_DATA,STATION,00:00:00:00:00:00,0,0,0,0,0,0,0,0,0,0,0,0,0,0,0,0,0,0,0,0,0,128,[84 -64 4 0 0 0 0 0 0 0 0 0 3 14 2 14 2 15 2 15 1 15 0 14 0 14 -1 14 -1 14 -1 15 -1 14 -1 13 -1 13 -1 13 -2 13 -2 13 -2 12 -2 12 -2 12 -2 12 -2 12 -2 12 -2 12 -2 11 -1 11 -1 11 0 0 -1 10 0 11 0 10 0 11 1 10 1 11 1 11 1 10 1 10 2 10 2 10 2 10 3 10 3 10 3 10 3 10 4 10 4 10 4 10 4 10 5 10 5 10 6 10 6 10 6 10 6 10 0 0 0 0 0 0 0 0 0 0]"
"1768831271763914,CSI_DATA,STATION,00:00:00:00:00:00,0,0,0,0,0,0,0,0,0,0,0,0,0,0,0,0,0,0,0,0,0,128,[84 -64 4 0 0 0 0 0 0 0 0 0 -6 15 -7 14 -7 14 -8 14 -8 14 -9 13 -9 12 -10 12 -9 12 -10 12 -10 12 -10 11 -10 11 -10 11 -10 10 -10 10 -10 11 -10 10 -9 9 -10 9 -10 9 -9 9 -9 9 -8 10 -8 9 -8 9 0 0 -8 9 -7 9 -7 10 -7 10 -6 9 -7 9 -6 10 -6 10 -6 10 -5 10 -5 11 -5 10 -5 10 -4 11 -4 11 -4 11 -4 12 -3 11 -3 12 -3 12 -3 12 -3 12 -2 12 -2 12 -2 13 -2 13 0 0 0 0 0 0 0 0 0 0]"
"1768831271768244,CSI_DATA,STATION,00:00:00:00:00:00,0,0,0,0,0,0,0,0,0,0,0,0,0,0,0,0,0,0,0,0,0,128,[84 -64 4 0 0 0 0 0 0 0 0 0 13 -6 13 -6 13 -5 13 -5 14 -4 13 -4 14 -3 13 -3 13 -2 14 -2 13 -2 13 -2 13 -1 13 -1 13 -1 13 -1 12 -1 12 -1 12 -1 12 0 11 0 11 -1 11 -1 11 -1 11 -1 10 -2 0 0 10 -2 10 -2 10 -2 10 -2 10 -3 10 -3 10 -3 9 -3 9 -4 10 -4 9 -4 10 -4 9 -4 9 -4 10 -5 9 -5 10 -5 9 -6 9 -6 9 -6 9 -6 9 -6 10 -7 9 -7 9 -8 9 -8 0 0 0 0 0 0 0 0 0 0]"
"1768831271774820,CSI_DATA,STATION,00:00:00:00:00:00,0,0,0,0,0,0,0,0,0,0,0,0,0,0,0,0,0,0,0,0,0,128,[84 -64 4 0 0 0 0 0 0 0 0 0 2 14 1 14 1 15 1 15 0 15 0 15 -1 15 -1 14 -2 14 -1 15 -3 14 -3 13 -3 13 -3 13 -3 13 -3 13 -3 12 -4 12 -3 12 -3 12 -3 12 -3 12 -3 11 -3 11 -2 11 -2 11 0 0 -2 11 -1 11 -1 11 -1 11 -1 11 0 11 0 10 0 11 0 10 0 10 0 10 1 11 1 10 2 11 2 11 2 11 2 11 2 10 2 11 3 10 3 11 4 11 4 11 4 11 4 11 4 11 0 0 0 0 0 0 0 0 0 0]"
"1768831271779213,CSI_DATA,STATION,00:00:00:00:00:00,0,0,0,0,0,0,0,0,0,0,0,0,0,0,0,0,0,0,0,0,0,128,[84 -64 4 0 0 0 0 0 0 0 0 0 -11 -11 -11 -11 -11 -12 -11 -12 -10 -13 -9 -13 -9 -12 -9 -13 -8 -13 -8 -14 -7 -13 -6 -13 -7 -13 -7 -13 -7 -13 -6 -12 -6 -12 -6 -12 -6 -12 -6 -12 -6 -11 -6 -12 -5 -11 -6 -12 -5 -11 -5 -11 0 0 -6 -10 -6 -10 -6 -10 -6 -10 -7 -10 -7 -10 -7 -9 -7 -9 -7 -9 -7 -9 -7 -9 -8 -9 -8 -9 -8 -8 -8 -8 -9 -8 -9 -8 -9 -8 -9 -7 -9 -8 -10 -8 -10 -7 -10 -8 -11 -8 -10 -7 -10 -7 0 0 0 0 0 0 0 0 0 0]"
"1768831271783585,CSI_DATA,STATION,00:00:00:00:00:00,0,0,0,0,0,0,0,0,0,0,0,0,0,0,0,0,0,0,0,0,0,128,[84 -64 4 0 0 0 0 0 0 0 0 0 -15 2 -15 2 -16 1 -16 0 -16 0 -15 0 -15 -1 -15 -1 -15 -2 -15 -2 -15 -3 -14 -2 -14 -3 -14 -3 -14 -3 -13 -2 -13 -3 -13 -4 -13 -3 -13 -4 -13 -4 -13 -3 -12 -3 -12 -3 -12 -3 -12 -2 0 0 -11 -2 -12 -2 -11 -1 -12 -1 -12 -1 -11 -1 -11 -1 -12 0 -11 0 -12 0 -11 1 -11 1 -11 1 -11 1 -11 2 -11 2 -12 2 -11 2 -11 3 -12 3 -12 3 -12 3 -12 4 -12 4 -12 4 -12 4 0 0 0 0 0 0 0 0 0 0]"
"1768831271790198,CSI_DATA,STATION,00:00:00:00:00:00,0,0,0,0,0,0,0,0,0,0,0,0,0,0,0,0,0,0,0,0,0,128,[84 -64 4 0 0 0 0 0 0 0 0 0 7 13 6 14 6 15 5 15 5 15 4 15 4 15 3 15 3 14 3 15 2 15 2 14 1 14 1 14 1 14 1 14 0 13 0 13 0 13 1 13 1 13 0 12 0 12 1 13 1 12 1 12 0 0 1 11 2 11 2 11 2 11 2 11 3 11 3 11 3 10 3 10 3 10 4 10 4 10 4 11 5 10 4 11 5 10 6 10 6 10 6 10 6 10 6 10 7 10 7 11 7 10 7 10 7 10 0 0 0 0 0 0 0 0 0 0]"
"1768831271794559,CSI_DATA,STATION,00:00:00:00:00:00,0,0,0,0,0,0,0,0,0,0,0,0,0,0,0,0,0,0,0,0,0,128,[84 -64 4 0 0 0 0 0 0 0 0 0 -12 8 -12 7 -13 7 -13 6 -14 6 -14 6 -14 5 -14 4 -14 4 -14 4 -14 3 -14 3 -13 3 -13 3 -14 2 -13 3 -12 2 -12 2 -12 2 -12 2 -12 2 -12 2 -12 2 -12 2 -11 2 -11 3 0 0 -11 3 -11 3 -10 3 -10 3 -10 3 -10 4 -10 4 -10 4 -10 5 -10 5 -10 5 -10 5 -9 5 -9 6 -9 6 -9 6 -9 6 -9 7 -9 7 -9 7 -9 7 -9 8 -9 8 -9 8 -9 8 -9 8 0 0 0 0 0 0 0 0 0 0]"
"1768831271798921,CSI_DATA,STATION,00:00:00:00:00:00,0,0,0,0,0,0,0,0,0,0,0,0,0,0,0,0,0,0,0,0,0,128,[84 -64 4 0 0 0 0 0 0 0 0 0 11 10 12 11 11 11 11 12 10 12 9 12 9 12 8 13 8 12 8 13 8 12 7 12 7 12 7 12 6 13 6 12 6 12 5 11 6 12 6 12 5 12 6 11 5 11 6 11 6 11 5 10 0 0 6 10 6 10 6 10 6 9 7 9 6 9 7 9 7 9 7 8 7 8 8 7 8 8 8 8 8 8 8 7 9 7 9 7 9 7 9 7 9 7 10 7 10 7 11 7 11 7 10 6 11 6 0 0 0 0 0 0 0 0 0 0]"
"1768831271805446,CSI_DATA,STATION,00:00:00:00:00:00,0,0,0,0,0,0,0,0,0,0,0,0,0,0,0,0,0,0,0,0,0,128,[84 -64 4 0 0 0 0 0 0 0 0 0 -4 -16 -3 -17 -3 -16 -2 -17 -2 -17 -1 -16 0 -17 0 -16 1 -16 0 -16 1 -16 1 -16 1 -15 2 -15 2 -15 2 -15 2 -14 2 -14 2 -14 2 -14 2 -13 2 -14 2 -13 1 -13 1 -13 1 -12 0 0 1 -12 0 -12 0 -12 0 -12 0 -12 -1 -12 -1 -12 -1 -12 -1 -12 -1 -12 -2 -12 -2 -12 -2 -12 -3 -12 -3 -12 -3 -13 -4 -12 -4 -12 -4 -12 -4 -12 -5 -13 -5 -13 -5 -13 -6 -13 -5 -13 -6 -13 0 0 0 0 0 0 0 0 0 0]"
"1768831271809809,CSI_DATA,STATION,00:00:00:00:00:00,0,0,0,0,0,0,0,0,0,0,0,0,0,0,0,0,0,0,0,0,0,128,[84 -64 4 0 0 0 0 0 0 0 0 0 -15 1 -15 1 -15 0 -15 -1 -15 -1 -15 -2 -14 -2 -14 -2 -14 -3 -14 -4 -14 -3 -13 -3 -13 -4 -13 -4 -13 -4 -13 -4 -12 -4 -12 -4 -12 -4 -12 -4 -12 -4 -12 -4 -11 -4 -12 -4 -11 -3 -11 -3 0 0 -11 -3 -11 -3 -11 -2 -11 -2 -11 -2 -10 -2 -11 -2 -11 -1 -11 -1 -11 -1 -11 0 -11 -1 -11 0 -11 0 -11 1 -11 1 -11 1 -11 1 -11 2 -12 2 -11 2 -12 2 -12 2 -12 3 -11 3 -12 3 0 0 0 0 0 0 0 0 0 0]"
"1768831271816381,CSI_DATA,STATION,00:00:00:00:00:00,0,0,0,0,0,0,0,0,0,0,0,0,0,0,0,0,0,0,0,0,0,128,[84 -64 4 0 0 0 0 0 0 0 0 0 5 13 4 12 4 12 4 13 3 13 2 13 2 14 2 13 1 13 1 13 1 13 1 12 1 13 0 13 0 12 0 12 -1 12 -1 12 0 11 0 12 0 11 0 11 -1 11 0 11 0 11 1 10 0 0 0 10 1 10 1 10 1 10 2 10 2 10 2 10 2 9 2 9 2 9 3 9 3 9 4 10 3 10 3 9 4 9 4 9 4 9 4 10 5 9 5 9 6 9 6 9 6 9 6 9 6 9 0 0 0 0 0 0 0 0 0 0]"
"1768831271827136,CSI_DATA,STATION,00:00:00:00:00:00,0,0,0,0,0,0,0,0,0,0,0,0,0,0,0,0,0,0,0,0,0,128,[84 -64 4 0 0 0 0 0 0 0 0 0 -3 -15 -2 -16 -2 -16 -2 -16 -1 -16 -1 -15 0 -15 1 -15 1 -15 1 -15 1 -14 1 -15 1 -14 1 -14 2 -14 2 -13 2 -13 2 -13 2 -13 2 -13 2 -13 2 -13 2 -12 1 -12 1 -12 1 -12 0 0 1 -11 0 -12 0 -11 0 -12 0 -11 -1 -12 -1 -11 -1 -12 -1 -11 -2 -11 -2 -11 -3 -11 -3 -11 -3 -11 -3 -11 -3 -11 -4 -11 -4 -12 -4 -12 -4 -12 -4 -11 -5 -12 -5 -12 -6 -11 -6 -12 -6 -11 0 0 0 0 0 0 0 0 0 0]"
"1768831271831472,CSI_DATA,STATION,00:00:00:00:00:00,0,0,0,0,0,0,0,0,0,0,0,0,0,0,0,0,0,0,0,0,0,128,[84 -64 4 0 0 0 0 0 0 0 0 0 12 5 12 5 13 6 12 6 12 7 12 7 11 7 11 8 10 8 11 9 10 8 9 8 9 9 9 8 9 9 9 8 8 8 8 8 8 8 8 8 8 8 8 8 8 8 8 8 8 7 7 7 0 0 7 7 8 7 8 6 7 6 8 6 8 6 8 5 9 5 8 5 8 5 9 4 9 4 9 4 9 4 9 4 9 4 10 3 9 3 10 3 10 3 10 3 10 3 11 3 11 2 11 2 11 2 0 0 0 0 0 0 0 0 0 0]"
"1768831271838003,CSI_DATA,STATION,00:00:00:00:00:00,0,0,0,0,0,0,0,0,0,0,0,0,0,0,0,0,0,0,0,0,0,128,[84 -64 4 0 0 0 0 0 0 0 0 0 6 -14 6 -14 7 -14 7 -13 8 -13 8 -13 8 -12 8 -12 9 -12 9 -12 9 -11 9 -10 9 -10 9 -10 9 -10 9 -10 9 -9 9 -10 8 -9 9 -9 8 -9 8 -9 9 -9 8 -9 8 -8 7 -9 0 0 7 -9 7 -9 6 -8 7 -9 6 -9 6 -9 6 -9 5 -10 6 -10 5 -10 5 -10 5 -10 5 -10 4 -10 4 -11 4 -11 4 -11 4 -11 3 -11 3 -11 3 -11 3 -11 3 -12 3 -12 2 -12 2 -12 0 0 0 0 0 0 0 0 0 0]"
"1768831271844515,CSI_DATA,STATION,00:00:00:00:00:00,0,0,0,0,0,0,0,0,0,0,0,0,0,0,0,0,0,0,0,0,0,128,[84 -64 4 0 0 0 0 0 0 0 0 0 -12 9 -13 8 -13 8 -14 8 -14 7 -14 7 -14 6 -15 5 -14 5 -14 4 -14 4 -14 4 -14 3 -13 3 -14 3 -13 3 -13 3 -12 2 -14 2 -13 2 -13 2 -12 2 -12 3 -12 2 -12 3 -12 3 0 0 -11 3 -11 3 -11 3 -10 4 -11 3 -10 4 -11 4 -10 4 -10 4 -10 5 -10 5 -10 5 -10 5 -10 6 -9 6 -10 7 -9 6 -10 7 -9 7 -9 7 -9 7 -9 8 -9 7 -9 8 -9 9 -9 9 0 0 0 0 0 0 0 0 0 0]"
"1768831271848905,CSI_DATA,STATION,00:00:00:00:00:00,0,0,0,0,0,0,0,0,0,0,0,0,0,0,0,0,0,0,0,0,0,128,[84 -64 4 0 0 0 0 0 0 0 0 0 -15 -3 -15 -4 -16 -4 -15 -5 -15 -5 -15 -5 -14 -5 -14 -6 -14 -6 -14 -7 -14 -7 -13 -6 -13 -8 -13 -7 -12 -7 -12 -7 -12 -7 -12 -7 -12 -8 -11 -7 -12 -7 -11 -7 -11 -6 -11 -7 -11 -6 -10 -5 0 0 -10 -5 -11 -5 -11 -5 -10 -4 -11 -5 -11 -4 -11 -4 -11 -4 -11 -3 -11 -3 -11 -3 -11 -3 -11 -2 -11 -2 -11 -2 -11 -1 -12 -2 -12 -1 -12 -1 -12 0 -12 0 -13 0 -13 0 -13 0 -13 0 -12 1 0 0 0 0 0 0 0 0 0 0]"
"1768831271853250,CSI_DATA,STATION,00:00:00:00:00:00,0,0,0,0,0,0,0,0,0,0,0,0,0,0,0,0,0,0,0,0,0,128,[84 -64 4 0 0 0 0 0 0 0 0 0 10 11 9 11 9 11 9 13 8 12 7 13 7 13 6 13 6 13 6 13 5 13 5 13 5 13 5 12 4 13 4 12 3 12 3 12 4 12 4 12 3 12 3 11 3 11 3 11 4 11 3 11 0 0 3 10 4 10 4 10 4 10 4 10 5 10 5 10 5 9 5 9 5 9 5 8 6 9 6 9 6 9 6 9 7 9 7 8 7 8 7 8 7 8 8 8 8 8 9 8 9 8 9 8 9 8 0 0 0 0 0 0 0 0 0 0]"
"1768831271859742,CSI_DATA,STATION,00:00:00:00:00:00,0,0,0,0,0,0,0,0,0,0,0,0,0,0,0,0,0,0,0,0,0,128,[84 -64 4 0 0 0 0 0 0 0 0 0 -11 11 -12 10 -12 9 -12 9 -12 8 -12 8 -13 8 -13 7 -13 7 -14 7 -13 7 -13 6 -13 6 -13 6 -13 5 -13 5 -12 5 -12 5 -12 5 -12 4 -11 4 -12 5 -11 5 -11 5 -10 5 -11 5 0 0 -10 5 -10 5 -9 5 -10 5 -9 6 -9 6 -9 6 -9 6 -9 6 -9 7 -8 7 -8 7 -8 7 -8 8 -8 8 -8 8 -7 8 -7 8 -7 9 -7 9 -7 9 -7 9 -7 9 -6 10 -7 10 -6 10 0 0 0 0 0 0 0 0 0 0]"
"1768831271864106,CSI_DATA,STATION,00:00:00:00:00:00,0,0,0,0,0,0,0,0,0,0,0,0,0,0,0,0,0,0,0,0,0,128,[84 -64 4 0 0 0 0 0 0 0 0 0 -5 -15 -4 -15 -4 -16 -4 -15 -3 -16 -3 -15 -2 -15 -2 -15 -1 -15 -1 -16 0 -15 0 -15 -1 -14 0 -14 0 -14 0 -14 0 -13 1 -13 0 -13 0 -13 0 -13 0 -13 0 -12 0 -12 0 -12 0 -12 0 0 -1 -12 -1 -12 -1 -11 -1 -12 -2 -11 -2 -12 -2 -11 -3 -11 -3 -11 -3 -11 -3 -11 -3 -11 -4 -11 -4 -11 -4 -11 -4 -10 -5 -12 -5 -11 -5 -10 -6 -11 -6 -11 -7 -11 -7 -12 -7 -11 -6 -11 -7 -11 0 0 0 0 0 0 0 0 0 0]"
"1768831271870600,CSI_DATA,STATION,00:00:00:00:00:00,0,0,0,0,0,0,0,0,0,0,0,0,0,0,0,0,0,0,0,0,0,128,[84 -64 4 0 0 0 0 0 0 0 0 0 -14 5 -14 5 -15 4 -16 4 -15 3 -15 3 -15 3 -15 2 -15 1 -16 1 -15 1 -15 1 -14 0 -14 0 -15 0 -14 0 -13 0 -13 0 -13 -1 -13 -1 -13 0 -13 -1 -12 0 -12 0 -12 0 -12 1 0 0 -12 1 -12 1 -11 1 -11 2 -11 1 -11 2 -11 2 -11 2 -11 2 -11 3 -11 3 -11 3 -11 4 -10 4 -11 4 -11 5 -11 4 -10 5 -11 5 -10 5 -11 6 -11 6 -11 6 -11 7 -11 7 -11 7 0 0 0 0 0 0 0 0 0 0]"
"1768831271875046,CSI_DATA,STATION,00:00:00:00:00:00,0,0,0,0,0,0,0,0,0,0,0,0,0,0,0,0,0,0,0,0,0,128,[84 -64 4 0 0 0 0 0 0 0 0 0 12 7 12 7 13 8 12 8 12 9 11 9 11 9 10 9 9 9 10 10 9 10 9 10 9 10 9 10 9 10 8 10 8 9 8 9 8 9 8 10 8 9 8 9 7 8 8 9 7 9 7 8 0 0 7 7 8 7 8 7 8 7 8 7 8 7 8 6 9 6 8 5 8 5 8 5 9 5 9 5 10 5 9 4 9 4 10 4 10 4 10 3 10 3 10 3 11 3 11 3 11 3 11 3 11 2 0 0 0 0 0 0 0 0 0 0]"
"1768831271879392,CSI_DATA,STATION,00:00:00:00:00:00,0,0,0,0,0,0,0,0,0,0,0,0,0,0,0,0,0,0,0,0,0,128,[84 -64 4 0 0 0 0 0 0 0 0 0 -16 -7 -15 -7 -15 -8 -15 -8 -14 -9 -14 -9 -13 -9 -13 -10 -13 -10 -13 -11 -12 -10 -12 -10 -12 -11 -11 -11 -11 -11 -11 -10 -10 -10 -11 -10 -10 -11 -10 -10 -10 -10 -10 -10 -9 -9 -10 -10 -10 -9 -10 -9 0 0 -9 -8 -10 -8 -10 -8 -9 -7 -10 -8 -10 -7 -10 -7 -11 -7 -10 -7 -10 -6 -11 -6 -11 -6 -11 -6 -12 -5 -11 -5 -12 -5 -12 -5 -12 -5 -12 -4 -12 -4 -13 -4 -13 -4 -13 -4 -14 -4 -13 -3 -13 -3 0 0 0 0 0 0 0 0 0 0]"
"1768831271885757,CSI_DATA,STATION,00:00:00:00:00:00,0,0,0,0,0,0,0,0,0,0,0,0,0,0,0,0,0,0,0,0,0,128,[84 -64 4 0 0 0 0 0 0 0 0 0 14 -5 14 -5 14 -3 15 -3 15 -3 15 -3 15 -2 15 -1 15 -1 14 -1 14 0 14 0 14 0 14 0 14 1 13 0 13 0 12 0 13 0 12 1 12 1 12 1 11 0 12 0 12 0 12 -1 0 0 11 -1 11 -1 11 -1 10 -2 11 -2 11 -2 11 -2 10 -2 10 -3 10 -3 10 -4 10 -4 10 -4 11 -4 10 -5 10 -5 10 -5 10 -6 10 -6 10 -6 10 -7 10 -6 10 -7 10 -7 10 -7 10 -8 0 0 0 0 0 0 0 0 0 0]"
"1768831271890020,CSI_DATA,STATION,00:00:00:00:00:00,0,0,0,0,0,0,0,0,0,0,0,0,0,0,0,0,0,0,0,0,0,128,[84 -64 4 0 0 0 0 0 0 0 0 0 7 14 6 14 6 15 5 15 4 15 4 15 3 15 3 15 3 14 3 15 2 15 2 14 2 15 2 14 1 14 1 13 0 13 0 13 1 13 1 13 1 13 1 13 0 12 1 13 1 12 1 12 0 0 1 11 2 11 2 11 2 11 3 11 3 11 3 11 3 10 3 10 3 10 4 10 5 10 4 10 5 10 5 10 5 10 6 10 6 9 6 10 6 9 7 10 7 10 8 10 8 9 8 10 8 10 0 0 0 0 0 0 0 0 0 0]"
"1768831271896551,CSI_DATA,STATION,00:00:00:00:00:00,0,0,0,0,0,0,0,0,0,0,0,0,0,0,0,0,0,0,0,0,0,128,[84 -64 4 0 0 0 0 0 0 0 0 0 2 15 1 16 1 16 0 16 0 15 -1 16 -2 15 -2 15 -2 15 -2 15 -3 14 -4 14 -4 14 -3 14 -4 14 -4 13 -4 13 -4 12 -4 13 -4 12 -4 12 -3 12 -4 12 -3 12 -3 12 -3 11 0 0 -3 11 -2 11 -1 11 -2 11 -2 12 -1 11 -1 11 -1 11 -1 11 -1 11 0 11 0 11 1 11 1 12 1 11 2 12 2 11 2 12 2 11 2 11 3 12 3 12 3 12 4 12 3 12 3 12 0 0 0 0 0 0 0 0 0 0]"
"1768831271901005,CSI_DATA,STATION,00:00:00:00:00:00,0,0,0,0,0,0,0,0,0,0,0,0,0,0,0,0,0,0,0,0,0,128,[84 -64 4 0 0 0 0 0 0 0 0 0 3 14 2 14 1 15 1 15 1 15 0 15 -1 15 -1 15 -2 14 -1 14 -2 14 -2 13 -2 13 -2 13 -2 13 -2 12 -3 13 -3 12 -3 12 -3 12 -3 11 -3 11 -3 12 -2 12 -1 11 -2 11 0 0 -1 11 0 10 0 11 -1 11 0 11 0 10 0 11 0 10 0 10 0 10 1 10 2 10 2 10 2 10 2 10 2 10 3 10 3 10 3 10 3 10 4 11 4 10 4 10 5 10 5 10 5 11 0 0 0 0 0 0 0 0 0 0]"
"1768831271905399,CSI_DATA,STATION,00:00:00:00:00:00,0,0,0,0,0,0,0,0,0,0,0,0,0,0,0,0,0,0,0,0,0,128,[84 -64 4 0 0 0 0 0 0 0 0 0 15 -4 15 -4 16 -2 16 -2 16 -2 15 -1 15 0 15 0 15 0 15 1 15 1 14 1 15 2 14 2 14 2 13 2 13 2 13 2 13 2 13 3 13 3 12 2 12 2 12 2 12 2 11 1 0 0 11 1 11 1 12 0 11 0 11 0 12 -1 11 0 11 -1 11 -1 11 -1 11 -2 11 -2 11 -2 11 -2 11 -3 11 -3 12 -4 11 -4 11 -4 11 -4 12 -5 12 -4 12 -5 12 -5 12 -5 12 -6 0 0 0 0 0 0 0 0 0 0]"
"1768831271912014,CSI_DATA,STATION,00:00:00:00:00:00,0,0,0,0,0,0,0,0,0,0,0,0,0,0,0,0,0,0,0,0,0,128,[84 -64 4 0 0 0 0 0 0 0 0 0 -5 13 -6 13 -6 13 -6 12 -7 13 -8 12 -7 12 -8 12 -8 11 -9 11 -9 11 -9 10 -9 10 -9 9 -8 9 -9 10 -9 9 -9 9 -8 9 -8 9 -8 8 -8 9 -8 8 -8 9 -8 8 -7 8 0 0 -7 8 -6 9 -6 9 -6 9 -6 9 -5 9 -5 9 -5 9 -5 9 -5 9 -5 9 -4 9 -4 10 -3 9 -4 10 -4 10 -3 11 -3 10 -2 11 -2 11 -3 11 -2 11 -2 11 -2 11 -2 11 -2 11 0 0 0 0 0 0 0 0 0 0]"
"1768831271916388,CSI_DATA,STATION,00:00:00:00:00:00,0,0,0,0,0,0,0,0,0,0,0,0,0,0,0,0,0,0,0,0,0,128,[84 -64 4 0 0 0 0 0 0 0 0 0 13 -3 14 -3 14 -2 14 -2 14 -1 13 -1 14 -1 13 0 13 0 14 1 13 1 13 1 13 2 12 2 13 2 12 1 11 1 11 2 11 2 11 2 11 2 11 2 11 1 10 2 11 1 10 0 0 0 10 0 11 0 10 0 10 0 10 0 10 -1 10 -1 10 -1 10 -2 10 -2 10 -2 10 -2 10 -2 10 -2 10 -3 10 -3 10 -4 10 -4 10 -4 10 -4 10 -5 10 -4 11 -5 10 -5 10 -5 11 -5 0 0 0 0 0 0 0 0 0 0]"
"1768831271920768,CSI_DATA,STATION,00:00:00:00:00:00,0,0,0,0,0,0,0,0,0,0,0,0,0,0,0,0,0,0,0,0,0,128,[84 -64 4 0 0 0 0 0 0 0 0 0 -14 8 -14 8 -15 7 -15 7 -15 6 -16 6 -15 5 -16 5 -15 4 -16 4 -15 3 -15 3 -15 2 -14 2 -15 2 -14 2 -14 2 -13 2 -14 1 -14 2 -14 2 -13 2 -13 2 -13 2 -13 2 -12 2 0 0 -12 3 -12 3 -12 3 -12 3 -12 3 -11 3 -11 4 -11 4 -11 5 -11 5 -11 5 -11 5 -10 5 -11 6 -11 6 -11 6 -10 6 -11 7 -10 7 -10 8 -10 8 -10 8 -10 8 -10 8 -10 8 -10 8 0 0 0 0 0 0 0 0 0 0]"
"1768831271927379,CSI_DATA,STATION,00:00:00:00:00:00,0,0,0,0,0,0,0,0,0,0,0,0,0,0,0,0,0,0,0,0,0,128,[84 -64 4 0 0 0 0 0 0 0 0 0 14 -3 15 -3 15 -2 15 -2 15 -1 14 -1 14 0 14 1 14 1 14 2 14 1 13 1 13 2 13 2 13 2 12 2 12 2 12 2 12 2 12 2 12 2 12 2 11 2 11 2 11 1 11 1 0 0 10 0 11 0 11 0 10 0 10 0 11 -1 10 -1 10 -1 10 -2 10 -2 10 -2 11 -2 11 -2 11 -3 10 -3 10 -4 10 -4 11 -4 10 -4 10 -5 10 -5 11 -4 11 -5 11 -5 11 -5 10 -6 0 0 0 0 0 0 0 0 0 0]"
"1768831271931757,CSI_DATA,STATION,00:00:00:00:00:00,0,0,0,0,0,0,0,0,0,0,0,0,0,0,0,0,0,0,0,0,0,128,[84 -64 4 0 0 0 0 0 0 0 0 0 -15 2 -15 2 -15 1 -16 1 -15 0 -15 0 -15 0 -15 -1 -14 -1 -15 -2 -14 -3 -14 -2 -14 -3 -13 -3 -14 -3 -13 -2 -12 -3 -13 -3 -13 -4 -12 -3 -12 -3 -12 -3 -12 -3 -12 -3 -12 -3 -11 -2 0 0 -11 -2 -11 -1 -11 -2 -11 -1 -11 -2 -11 -1 -11 -1 -11 -1 -11 0 -11 0 -11 0 -11 0 -11 0 -11 1 -11 1 -11 2 -11 1 -11 1 -11 2 -11 2 -11 2 -12 2 -12 2 -12 2 -12 3 -12 3 0 0 0 0 0 0 0 0 0 0]"
"1768831271938287,CSI_DATA,STATION,00:00:00:00:00:00,0,0,0,0,0,0,0,0,0,0,0,0,0,0,0,0,0,0,0,0,0,128,[84 -64 4 0 0 0 0 0 0 0 0 0 -14 -1 -15 -1 -15 -2 -15 -3 -15 -3 -14 -3 -14 -4 -14 -4 -14 -4 -14 -5 -13 -5 -13 -5 -14 -6 -13 -6 -12 -6 -12 -5 -12 -5 -12 -5 -12 -5 -12 -6 -11 -6 -11 -5 -11 -5 -12 -5 -11 -5 -10 -4 0 0 -10 -4 -10 -4 -11 -3 -10 -3 -11 -3 -11 -3 -11 -2 -11 -2 -10 -2 -10 -2 -11 -1 -11 -1 -11 -1 -11 -1 -11 0 -11 0 -12 0 -11 0 -11 0 -11 1 -12 1 -12 1 -12 1 -12 1 -12 2 -12 2 0 0 0 0 0 0 0 0 0 0]"
"1768831271942754,CSI_DATA,STATION,00:00:00:00:00:00,0,0,0,0,0,0,0,0,0,0,0,0,0,0,0,0,0,0,0,0,0,128,[84 -64 4 0 0 0 0 0 0 0 0 0 1 -15 2 -16 2 -15 2 -15 3 -15 4 -15 4 -15 4 -15 5 -14 5 -14 5 -14 6 -13 6 -13 5 -13 6 -13 6 -12 6 -12 6 -12 5 -12 6 -11 5 -11 5 -11 5 -11 5 -11 5 -11 5 -11 0 0 4 -11 4 -10 4 -10 4 -10 3 -11 3 -10 2 -11 3 -11 3 -11 2 -11 2 -11 2 -11 1 -11 1 -11 1 -12 1 -12 1 -12 1 -12 0 -12 0 -12 0 -12 0 -12 -1 -12 -1 -13 0 -13 -1 -13 0 0 0 0 0 0 0 0 0 0]"
"1768831271947184,CSI_DATA,STATION,00:00:00:00:00:00,0,0,0,0,0,0,0,0,0,0,0,0,0,0,0,0,0,0,0,0,0,128,[84 -64 4 0 0 0 0 0 0 0 0 0 12 7 12 8 12 8 11 9 11 9 10 9 10 10 10 10 9 10 10 11 9 10 8 10 9 11 8 11 8 11 7 10 7 10 8 9 8 10 7 10 7 10 7 10 7 9 8 9 7 9 7 8 0 0 7 8 7 8 7 7 7 7 8 7 8 7 8 6 8 6 8 6 8 6 8 6 9 6 9 6 9 5 9 5 9 5 10 5 10 4 10 4 10 4 10 4 10 4 11 4 11 4 11 3 11 3 0 0 0 0 0 0 0 0 0 0]"
"1768831271953839,CSI_DATA,STATION,00:00:00:00:00:00,0,0,0,0,0,0,0,0,0,0,0,0,0,0,0,0,0,0,0,0,0,128,[84 -64 4 0 0 0 0 0 0 0 0 0 -14 6 -14 5 -15 5 -15 4 -15 3 -15 3 -15 3 -15 2 -15 2 -16 1 -14 1 -14 1 -14 1 -14 1 -14 0 -14 1 -13 0 -13 0 -13 0 -13 0 -13 0 -13 0 -13 0 -13 1 -12 0 -12 1 0 0 -12 1 -12 1 -11 1 -11 2 -11 1 -11 2 -11 2 -11 2 -11 3 -11 3 -11 4 -11 3 -11 4 -10 4 -11 5 -10 5 -11 5 -10 5 -10 6 -11 6 -10 6 -10 6 -10 6 -10 7 -10 7 -10 7 0 0 0 0 0 0 0 0 0 0]"
"1768831271958275,CSI_DATA,STATION,00:00:00:00:00:00,0,0,0,0,0,0,0,0,0,0,0,0,0,0,0,0,0,0,0,0,0,128,[84 -64 4 0 0 0 0 0 0 0 0 0 3 16 3 16 2 17 2 17 1 17 0 17 -1 17 -1 17 -1 16 -1 17 -2 16 -2 15 -2 16 -2 15 -2 15 -3 15 -3 14 -3 14 -2 15 -2 14 -2 13 -2 13 -2 13 -2 13 -1 13 -1 13 0 0 -1 12 0 13 0 12 0 12 1 12 1 12 1 12 1 12 1 11 1 11 2 12 3 12 3 12 3 12 4 12 4 12 5 12 5 11 5 12 5 12 5 12 6 12 6 12 7 12 6 12 7 12 0 0 0 0 0 0 0 0 0 0]"
"1768831271971417,CSI_DATA,STATION,00:00:00:00:00:00,0,0,0,0,0,0,0,0,0,0,0,0,0,0,0,0,0,0,0,0,0,128,[84 -64 4 0 0 0 0 0 0 0 0 0 -14 7 -14 6 -15 6 -15 5 -15 4 -15 4 -15 3 -15 3 -15 3 -15 2 -15 1 -15 1 -14 1 -14 1 -14 1 -14 2 -13 1 -13 1 -13 1 -13 0 -13 0 -13 0 -13 1 -12 1 -12 1 -12 1 0 0 -12 1 -12 1 -11 2 -11 2 -11 2 -11 2 -11 3 -11 3 -10 3 -11 4 -10 4 -11 4 -10 4 -10 5 -11 5 -10 5 -10 5 -10 6 -10 6 -10 6 -10 7 -10 7 -10 7 -10 7 -10 8 -10 8 0 0 0 0 0 0 0 0 0 0]"
"1768831271975796,CSI_DATA,STATION,00:00:00:00:00:00,0,0,0,0,0,0,0,0,0,0,0,0,0,0,0,0,0,0,0,0,0,128,[84 -64 4 0 0 0 0 0 0 0 0 0 5 13 5 14 4 13 4 14 4 14 3 14 2 14 2 14 1 14 2 14 1 14 1 13 1 13 1 13 0 13 0 12 -1 13 -1 12 0 13 0 12 0 12 0 12 0 11 0 11 1 11 0 11 0 0 1 10 1 10 1 11 1 10 2 10 2 11 2 10 2 10 2 9 2 9 3 9 3 10 4 10 4 10 3 10 4 10 5 9 5 10 5 10 5 9 5 9 6 10 6 10 7 9 6 10 6 10 0 0 0 0 0 0 0 0 0 0]"
"1768831271982257,CSI_DATA,STATION,00:00:00:00:00:00,0,0,0,0,0,0,0,0,0,0,0,0,0,0,0,0,0,0,0,0,0,128,[84 -64 4 0 0 0 0 0 0 0 0 0 -9 12 -9 12 -10 12 -10 11 -10 11 -10 10 -11 11 -11 10 -11 9 -12 9 -11 9 -12 9 -12 9 -11 8 -11 8 -12 8 -11 8 -11 8 -11 7 -11 7 -10 7 -10 7 -10 7 -10 7 -10 7 -10 7 0 0 -9 7 -8 7 -8 7 -8 7 -8 7 -8 8 -8 7 -8 8 -8 8 -7 9 -7 8 -7 8 -6 9 -6 9 -6 9 -6 9 -5 10 -6 9 -5 10 -5 10 -5 11 -5 10 -5 11 -5 11 -5 11 -4 11 0 0 0 0 0 0 0 0 0 0]"
"1768831271986549,CSI_DATA,STATION,00:00:00:00:00:00,0,0,0,0,0,0,0,0,0,0,0,0,0,0,0,0,0,0,0,0,0,128,[84 -64 4 0 0 0 0 0 0 0 0 0 -12 11 -12 11 -13 10 -13 9 -13 9 -14 9 -13 8 -14 8 -14 7 -14 7 -14 7 -14 6 -15 6 -14 6 -14 5 -14 6 -13 6 -13 5 -13 5 -13 5 -13 5 -12 5 -12 4 -12 5 -12 5 -12 5 0 0 -11 5 -11 5 -10 6 -11 6 -10 6 -10 6 -10 7 -10 6 -10 7 -10 7 -9 7 -9 7 -9 8 -9 9 -9 8 -8 9 -8 9 -8 9 -8 10 -8 9 -8 10 -8 10 -7 10 -7 10 -8 11 -7 11 0 0 0 0 0 0 0 0 0 0]"
"1768831271993244,CSI_DATA,STATION,00:00:00:00:00:00,0,0,0,0,0,0,0,0,0,0,0,0,0,0,0,0,0,0,0,0,0,128,[84 -64 4 0 0 0 0 0 0 0 0 0 -15 -5 -16 -6 -15 -7 -15 -8 -15 -8 -14 -9 -13 -9 -13 -9 -13 -9 -13 -10 -13 -10 -12 -9 -13 -10 -12 -10 -12 -10 -11 -9 -11 -9 -11 -9 -11 -10 -10 -10 -11 -9 -11 -9 -10 -9 -11 -9 -10 -8 -10 -8 0 0 -10 -8 -10 -7 -11 -7 -10 -6 -11 -7 -10 -7 -11 -6 -11 -6 -11 -6 -11 -5 -11 -5 -12 -4 -12 -4 -12 -4 -12 -4 -12 -4 -12 -4 -12 -3 -12 -3 -12 -3 -13 -3 -14 -3 -13 -2 -14 -2 -14 -1 -14 -1 0 0 0 0 0 0 0 0 0 0]"
"1768831271999978,CSI_DATA,STATION,00:00:00:00:00:00,0,0,0,0,0,0,0,0,0,0,0,0,0,0,0,0,0,0,0,0,0,128,[84 -64 4 0 0 0 0 0 0 0 0 0 14 6 13 7 14 8 14 8 13 9 12 9 11 9 11 10 11 10 11 11 11 10 10 10 10 10 10 10 10 11 9 10 8 10 8 10 9 10 9 10 8 10 8 10 7 9 9 9 8 9 8 8 0 0 8 8 8 8 8 8 8 7 9 8 8 7 9 7 9 6 9 6 9 6 9 6 9 6 10 6 10 6 9 5 10 5 11 5 10 4 10 4 11 4 11 4 12 5 12 4 12 4 12 4 12 3 0 0 0 0 0 0 0 0 0 0]"
"1768831272004452,CSI_DATA,STATION,00:00:00:00:00:00,0,0,0,0,0,0,0,0,0,0,0,0,0,0,0,0,0,0,0,0,0,128,[84 -64 4 0 0 0 0 0 0 0 0 0 -4 15 -5 15 -6 14 -6 15 -7 14 -7 14 -8 13 -9 13 -9 12 -9 13 -8 13 -9 12 -9 12 -9 12 -9 11 -9 11 -9 11 -9 11 -9 10 -9 10 -8 10 -9 10 -8 10 -8 10 -8 9 -8 10 0 0 -8 10 -7 9 -7 10 -7 9 -6 10 -6 9 -6 9 -6 9 -6 10 -5 10 -5 11 -4 10 -5 11 -4 11 -5 11 -4 12 -3 11 -4 11 -4 12 -3 11 -3 12 -3 12 -3 12 -2 12 -2 13 -2 13 0 0 0 0 0 0 0 0 0 0]"
"1768831272008957,CSI_DATA,STATION,00:00:00:00:00:00,0,0,0,0,0,0,0,0,0,0,0,0,0,0,0,0,0,0,0,0,0,128,[84 -64 4 0 0 0 0 0 0 0 0 0 -14 4 -14 3 -15 2 -15 2 -15 1 -14 1 -14 1 -15 1 -14 0 -15 0 -14 0 -14 0 -14 -1 -14 -1 -13 -1 -13 -1 -12 -1 -12 -2 -13 -2 -12 -1 -13 -1 -12 -1 -11 -1 -12 -1 -11 -1 -11 0 0 0 -11 0 -11 0 -11 0 -11 1 -11 0 -11 1 -11 1 -11 1 -10 2 -11 2 -11 2 -10 2 -11 2 -10 3 -11 3 -11 4 -11 3 -10 4 -10 5 -10 5 -10 5 -11 5 -11 5 -10 5 -10 6 -11 6 0 0 0 0 0 0 0 0 0 0]"
"1768831272013429,CSI_DATA,STATION,00:00:00:00:00:00,0,0,0,0,0,0,0,0,0,0,0,0,0,0,0,0,0,0,0,0,0,128,[84 -64 4 0 0 0 0 0 0 0 0 0 1 -16 2 -17 2 -16 3 -16 3 -16 4 -16 5 -16 5 -15 5 -15 6 -15 6 -15 6 -14 6 -14 6 -14 6 -14 6 -13 7 -13 6 -13 6 -12 6 -13 6 -12 5 -12 6 -12 5 -12 5 -12 5 -12 0 0 5 -11 4 -11 4 -11 4 -11 4 -12 3 -12 3 -12 2 -12 2 -12 2 -12 2 -12 2 -12 1 -12 1 -12 1 -12 1 -13 0 -12 1 -13 0 -13 0 -13 0 -13 0 -13 -1 -13 -1 -14 -1 -14 -1 -14 0 0 0 0 0 0 0 0 0 0]"
"1768831272020060,CSI_DATA,STATION,00:00:00:00:00:00,0,0,0,0,0,0,0,0,0,0,0,0,0,0,0,0,0,0,0,0,0,128,[84 -64 4 0 0 0 0 0 0 0 0 0 -12 -13 -12 -13 -12 -14 -11 -14 -11 -15 -10 -15 -9 -15 -9 -15 -8 -15 -9 -15 -7 -16 -7 -15 -7 -15 -7 -15 -6 -15 -6 -15 -6 -15 -5 -14 -6 -14 -5 -14 -5 -14 -5 -14 -5 -13 -5 -14 -5 -13 -5 -13 0 0 -5 -12 -6 -12 -6 -12 -6 -12 -7 -12 -7 -12 -7 -11 -7 -12 -7 -11 -7 -10 -8 -10 -8 -10 -9 -10 -8 -10 -9 -10 -9 -10 -10 -11 -9 -10 -9 -10 -10 -10 -10 -10 -11 -10 -11 -10 -12 -10 -11 -10 -11 -10 0 0 0 0 0 0 0 0 0 0]"
"1768831272024533,CSI_DATA,STATION,00:00:00:00:00:00,0,0,0,0,0,0,0,0,0,0,0,0,0,0,0,0,0,0,0,0,0,128,[84 -64 4 0 0 0 0 0 0 0 0 0 -15 0 -15 0 -15 -1 -15 -1 -15 -2 -14 -2 -14 -3 -15 -3 -14 -3 -15 -4 -14 -4 -13 -4 -14 -5 -13 -4 -13 -5 -13 -4 -12 -4 -12 -4 -13 -5 -12 -5 -12 -5 -12 -4 -12 -4 -12 -4 -11 -4 -11 -3 0 0 -11 -3 -11 -2 -11 -2 -11 -2 -11 -2 -11 -2 -11 -1 -11 -1 -11 -1 -11 0 -11 0 -11 0 -11 0 -11 0 -11 1 -11 1 -12 1 -11 1 -11 2 -12 2 -11 3 -12 3 -12 3 -12 3 -12 3 -12 3 0 0 0 0 0 0 0 0 0 0]"
"1768831272031239,CSI_DATA,STATION,00:00:00:00:00:00,0,0,0,0,0,0,0,0,0,0,0,0,0,0,0,0,0,0,0,0,0,128,[84 -64 4 0 0 0 0 0 0 0 0 0 13 9 12 9 13 10 12 10 11 11 11 11 11 11 10 12 9 11 10 12 9 11 8 12 9 12 8 12 8 12 8 11 7 11 7 11 7 11 7 11 6 11 7 10 6 10 7 10 7 10 6 10 0 0 6 9 7 9 7 9 7 9 8 9 8 9 7 8 8 8 8 7 8 8 8 7 9 7 9 7 9 7 9 7 9 6 10 6 10 6 10 6 10 6 10 6 11 6 11 6 11 5 11 5 11 5 0 0 0 0 0 0 0 0 0 0]"
"1768831272035710,CSI_DATA,STATION,00:00:00:00:00:00,0,0,0,0,0,0,0,0,0,0,0,0,0,0,0,0,0,0,0,0,0,128,[84 -64 4 0 0 0 0 0 0 0 0 0 14 -5 14 -4 14 -3 15 -3 15 -2 15 -2 15 -2 14 -1 14 -1 14 -1 15 -1 14 0 14 0 14 0 14 1 13 0 13 1 12 1 13 1 13 1 12 1 12 1 12 0 12 1 12 0 11 -1 0 0 11 -1 11 -1 11 -1 11 -2 11 -1 11 -2 11 -2 10 -2 10 -3 10 -3 10 -3 10 -3 11 -3 10 -3 10 -4 11 -5 10 -5 11 -6 10 -5 10 -5 10 -6 10 -6 11 -6 11 -6 11 -7 11 -7 0 0 0 0 0 0 0 0 0 0]"
"1768831272040204,CSI_DATA,STATION,00:00:00:00:00:00,0,0,0,0,0,0,0,0,0,0,0,0,0,0,0,0,0,0,0,0,0,128,[84 -64 4 0 0 0 0 0 0 0 0 0 -12 -11 -12 -11 -12 -12 -12 -12 -11 -13 -10 -13 -10 -13 -9 -14 -8 -14 -9 -14 -8 -14 -8 -14 -8 -13 -8 -13 -7 -14 -7 -13 -6 -13 -6 -12 -7 -13 -6 -13 -6 -13 -6 -13 -6 -12 -7 -12 -7 -12 -6 -11 0 0 -6 -11 -7 -11 -7 -11 -7 -10 -8 -11 -8 -10 -8 -10 -8 -10 -7 -10 -8 -9 -9 -9 -9 -9 -9 -9 -9 -9 -9 -9 -9 -9 -10 -9 -10 -8 -10 -9 -10 -8 -11 -8 -11 -8 -11 -8 -12 -7 -12 -8 -12 -8 0 0 0 0 0 0 0 0 0 0]"
"1768831272046931,CSI_DATA,STATION,00:00:00:00:00:00,0,0,0,0,0,0,0,0,0,0,0,0,0,0,0,0,0,0,0,0,0,128,[84 -64 4 0 0 0 0 0 0 0 0 0 -9 -14 -9 -14 -8 -15 -8 -16 -8 -15 -7 -15 -6 -15 -6 -16 -5 -15 -6 -16 -5 -15 -4 -15 -4 -15 -4 -15 -4 -15 -3 -14 -3 -14 -2 -14 -3 -14 -3 -14 -3 -14 -3 -14 -3 -13 -4 -13 -3 -13 -3 -13 0 0 -4 -12 -3 -12 -4 -12 -4 -12 -4 -12 -5 -12 -5 -12 -5 -12 -5 -11 -5 -11 -6 -11 -6 -11 -7 -11 -7 -11 -6 -11 -7 -11 -8 -11 -8 -11 -8 -11 -8 -11 -8 -11 -9 -11 -9 -11 -10 -10 -9 -10 -10 -10 0 0 0 0 0 0 0 0 0 0]"
"1768831272051397,CSI_DATA,STATION,00:00:00:00:00:00,0,0,0,0,0,0,0,0,0,0,0,0,0,0,0,0,0,0,0,0,0,128,[84 -64 4 0 0 0 0 0 0 0 0 0 -15 0 -15 -1 -15 -2 -15 -2 -15 -3 -15 -3 -14 -3 -14 -3 -14 -4 -14 -5 -14 -4 -13 -5 -13 -5 -13 -5 -13 -5 -12 -4 -12 -5 -12 -5 -12 -5 -12 -5 -12 -5 -12 -5 -11 -4 -11 -5 -11 -4 -11 -4 0 0 -11 -3 -11 -3 -11 -3 -10 -2 -11 -3 -11 -2 -11 -2 -11 -2 -11 -1 -11 -1 -11 -1 -11 -1 -11 -1 -12 0 -11 0 -12 0 -11 0 -12 1 -11 1 -12 2 -12 2 -12 2 -12 2 -12 2 -12 2 -12 3 0 0 0 0 0 0 0 0 0 0]"
"1768831272055893,CSI_DATA,STATION,00:00:00:00:00:00,0,0,0,0,0,0,0,0,0,0,0,0,0,0,0,0,0,0,0,0,0,128,[84 -64 4 0 0 0 0 0 0 0 0 0 -14 -11 -14 -12 -14 -13 -13 -13 -13 -14 -11 -13 -11 -14 -11 -14 -10 -14 -11 -15 -10 -14 -10 -14 -10 -15 -10 -14 -9 -14 -8 -14 -7 -13 -8 -13 -8 -13 -7 -13 -7 -13 -8 -13 -7 -12 -8 -13 -8 -12 -7 -12 0 0 -7 -11 -8 -11 -8 -11 -8 -11 -9 -10 -9 -11 -9 -10 -9 -10 -9 -9 -9 -9 -10 -9 -10 -9 -10 -8 -10 -9 -10 -9 -10 -8 -12 -8 -11 -8 -11 -8 -11 -8 -12 -8 -13 -8 -13 -8 -14 -7 -13 -7 -13 -7 0 0 0 0 0 0 0 0 0 0]"
"1768831272060325,CSI_DATA,STATION,00:00:00:00:00:00,0,0,0,0,0,0,0,0,0,0,0,0,0,0,0,0,0,0,0,0,0,128,[84 -64 4 0 0 0 0 0 0 0 0 0 4 -16 5 -16 5 -15 6 -16 6 -15 7 -16 7 -14 7 -14 7 -14 8 -13 8 -13 9 -13 9 -13 8 -12 8 -12 8 -12 8 -12 8 -12 8 -12 8 -11 7 -11 7 -11 7 -11 7 -11 6 -11 7 -11 0 0 6 -11 5 -10 5 -11 5 -10 5 -11 4 -11 4 -11 4 -12 4 -11 3 -11 3 -12 3 -12 2 -12 3 -12 2 -12 2 -13 1 -12 1 -13 1 -13 1 -13 1 -13 0 -13 0 -13 0 -14 0 -14 0 -14 0 0 0 0 0 0 0 0 0 0]"
"1768831272067027,CSI_DATA,STATION,00:00:00:00:00:00,0,0,0,0,0,0,0,0,0,0,0,0,0,0,0,0,0,0,0,0,0,128,[84 -64 4 0 0 0 0 0 0 0 0 0 2 16 1 16 0 16 -1 17 0 16 -1 16 -2 16 -2 16 -3 15 -2 15 -2 15 -3 14 -3 15 -3 14 -4 14 -4 14 -4 13 -4 13 -4 13 -4 12 -4 13 -4 12 -4 12 -3 12 -2 12 -2 12 0 0 -2 11 -2 11 -1 12 -1 11 -1 12 -1 11 -1 11 0 11 -1 11 0 11 1 11 1 11 1 12 2 12 1 11 2 11 3 11 2 12 3 12 3 11 3 12 3 12 4 12 5 11 4 12 5 12 0 0 0 0 0 0 0 0 0 0]"
"1768831272071460,CSI_DATA,STATION,00:00:00:00:00:00,0,0,0,0,0,0,0,0,0,0,0,0,0,0,0,0,0,0,0,0,0,128,[84 -64 4 0 0 0 0 0 0 0 0 0 -2 -17 -1 -17 -1 -17 -1 -17 -1 -17 1 -17 1 -16 2 -17 2 -16 2 -16 3 -16 3 -15 3 -15 3 -15 3 -15 3 -14 3 -14 3 -14 3 -15 3 -13 3 -13 3 -13 3 -13 2 -13 2 -13 2 -12 0 0 2 -12 0 -12 0 -12 0 -12 0 -13 0 -12 -1 -12 0 -12 -1 -12 -1 -12 -2 -12 -2 -12 -2 -12 -3 -12 -3 -12 -3 -13 -3 -13 -4 -13 -4 -12 -4 -13 -4 -13 -5 -13 -5 -13 -6 -13 -5 -13 -5 -13 0 0 0 0 0 0 0 0 0 0]"
"1768831272078139,CSI_DATA,STATION,00:00:00:00:00:00,0,0,0,0,0,0,0,0,0,0,0,0,0,0,0,0,0,0,0,0,0,128,[84 -64 4 0 0 0 0 0 0 0 0 0 6 -15 7 -16 7 -15 8 -14 8 -15 9 -14 9 -13 10 -13 9 -13 10 -12 10 -12 10 -12 11 -12 10 -11 10 -11 10 -11 10 -11 10 -10 9 -10 9 -10 9 -9 9 -10 9 -9 8 -10 8 -9 8 -10 0 0 8 -10 7 -9 7 -10 7 -10 6 -10 6 -10 6 -10 6 -11 6 -10 5 -11 5 -11 4 -11 4 -11 4 -11 4 -12 4 -12 3 -12 4 -13 3 -13 3 -13 3 -13 2 -13 2 -13 2 -14 2 -14 2 -14 0 0 0 0 0 0 0 0 0 0]"
"1768831272082393,CSI_DATA,STATION,00:00:00:00:00:00,0,0,0,0,0,0,0,0,0,0,0,0,0,0,0,0,0,0,0,0,0,128,[84 -64 4 0 0 0 0 0 0 0 0 0 13 -6 13 -6 13 -5 13 -5 13 -4 14 -4 14 -4 13 -3 13 -3 14 -2 13 -2 13 -2 13 -1 13 -1 13 -1 12 -2 12 -1 11 -1 12 -1 12 -1 11 -1 11 -1 11 -1 11 -1 11 -1 11 -2 0 0 10 -2 10 -2 10 -2 10 -3 10 -3 10 -3 10 -3 9 -4 9 -4 9 -4 9 -4 9 -5 9 -5 10 -5 9 -6 9 -6 9 -6 9 -7 9 -7 9 -7 9 -7 9 -7 9 -7 9 -8 9 -8 9 -8 0 0 0 0 0 0 0 0 0 0]"
"1768831272086654,CSI_DATA,STATION,00:00:00:00:00:00,0,0,0,0,0,0,0,0,0,0,0,0,0,0,0,0,0,0,0,0,0,128,[84 -64 4 0 0 0 0 0 0 0 0 0 15 5 15 5 15 6 15 7 15 7 14 7 14 7 13 7 12 8 13 8 13 8 12 8 12 9 11 9 11 9 11 8 10 8 10 8 10 8 10 8 10 9 10 8 9 7 10 7 10 7 9 6 0 0 10 6 10 6 10 6 10 5 10 5 10 5 10 5 10 5 10 4 10 4 11 3 11 3 11 3 11 3 11 2 11 2 12 2 12 1 12 1 12 1 12 1 12 1 13 1 13 0 13 0 12 0 0 0 0 0 0 0 0 0 0 0]"
"1768831272093379,CSI_DATA,STATION,00:00:00:00:00:00,0,0,0,0,0,0,0,0,0,0,0,0,0,0,0,0,0,0,0,0,0,128,[84 -64 4 0 0 0 0 0 0 0 0 0 -8 14 -8 14 -9 13 -10 13 -10 13 -10 13 -11 12 -11 11 -11 11 -11 10 -11 11 -11 10 -12 10 -11 9 -12 9 -11 9 -11 9 -11 8 -11 8 -11 8 -11 8 -11 8 -11 8 -10 8 -10 8 -10 8 0 0 -9 8 -9 8 -9 8 -9 8 -8 8 -8 8 -8 8 -8 9 -8 9 -8 9 -7 10 -7 9 -7 9 -7 10 -7 10 -6 11 -6 10 -6 11 -5 11 -6 11 -5 11 -5 12 -5 12 -5 12 -5 12 -5 12 0 0 0 0 0 0 0 0 0 0]"
"1768831272097846,CSI_DATA,STATION,00:00:00:00:00:00,0,0,0,0,0,0,0,0,0,0,0,0,0,0,0,0,0,0,0,0,0,128,[84 -64 4 0 0 0 0 0 0 0 0 0 -10 11 -10 10 -11 9 -11 10 -11 9 -12 9 -12 8 -13 7 -12 7 -12 7 -12 7 -12 6 -12 6 -12 6 -12 5 -12 6 -12 6 -11 6 -11 5 -11 5 -11 5 -11 5 -11 5 -10 5 -10 5 -10 5 0 0 -10 5 -9 5 -9 6 -9 6 -9 6 -8 6 -8 6 -8 6 -8 7 -8 7 -8 8 -8 7 -7 7 -7 8 -7 8 -7 8 -7 9 -7 9 -6 9 -6 9 -6 10 -6 10 -6 10 -6 10 -6 10 -6 11 0 0 0 0 0 0 0 0 0 0]"
"1768831272102314,CSI_DATA,STATION,00:00:00:00:00:00,0,0,0,0,0,0,0,0,0,0,0,0,0,0,0,0,0,0,0,0,0,128,[84 -64 4 0 0 0 0 0 0 0 0 0 1 -16 2 -16 2 -16 3 -16 4 -15 4 -16 5 -15 5 -15 6 -14 5 -15 5 -14 6 -13 6 -14 6 -13 6 -13 6 -12 6 -12 6 -12 6 -12 6 -11 6 -11 6 -11 5 -11 5 -12 5 -11 5 -12 0 0 5 -11 4 -10 4 -11 4 -11 4 -11 3 -11 3 -11 3 -11 3 -11 2 -11 2 -12 1 -11 1 -11 1 -12 1 -12 1 -12 0 -12 1 -13 0 -13 0 -12 0 -13 0 -13 -1 -13 -1 -13 -1 -13 -1 -13 0 0 0 0 0 0 0 0 0 0]"
"1768831272106783,CSI_DATA,STATION,00:00:00:00:00:00,0,0,0,0,0,0,0,0,0,0,0,0,0,0,0,0,0,0,0,0,0,128,[84 -64 4 0 0 0 0 0 0 0 0 0 11 10 11 11 11 11 11 12 10 12 9 12 9 12 8 13 8 12 8 13 8 12 7 12 7 13 7 12 7 13 6 12 6 12 6 11 6 12 6 12 6 11 6 11 5 11 6 11 6 11 6 10 0 0 6 10 6 9 7 9 6 9 7 9 7 9 7 8 7 8 8 8 8 8 8 7 8 8 9 7 9 7 9 7 9 7 10 6 9 6 10 6 10 6 10 6 11 6 11 6 12 5 12 5 12 5 0 0 0 0 0 0 0 0 0 0]"
"1768831272113466,CSI_DATA,STATION,00:00:00:00:00:00,0,0,0,0,0,0,0,0,0,0,0,0,0,0,0,0,0,0,0,0,0,128,[84 -64 4 0 0 0 0 0 0 0 0 0 13 -4 13 -4 14 -3 13 -2 14 -2 14 -2 14 -1 14 -1 14 -1 14 0 13 0 13 0 13 1 13 1 12 1 12 0 12 0 12 1 12 1 12 1 11 1 11 0 11 0 11 0 11 0 10 0 0 0 10 -1 10 -1 10 -1 10 -1 10 -1 10 -2 10 -2 10 -2 9 -3 9 -3 9 -3 9 -3 10 -3 10 -3 10 -4 10 -5 10 -5 10 -5 10 -5 9 -6 10 -6 10 -6 10 -6 9 -6 10 -7 10 -7 0 0 0 0 0 0 0 0 0 0]"
"1768831272117883,CSI_DATA,STATION,00:00:00:00:00:00,0,0,0,0,0,0,0,0,0,0,0,0,0,0,0,0,0,0,0,0,0,128,[84 -64 4 0 0 0 0 0 0 0 0 0 11 11 11 11 10 12 10 12 9 13 9 13 8 13 8 13 7 13 8 14 7 13 7 13 7 13 6 13 6 13 5 13 5 12 4 12 5 12 5 13 5 12 5 12 4 11 5 11 5 11 5 11 0 0 5 10 5 10 5 10 5 10 6 10 6 10 6 10 7 9 6 9 6 9 7 8 7 9 8 9 8 8 7 8 8 8 9 8 9 7 9 8 8 8 9 8 9 8 10 8 10 7 10 7 10 7 0 0 0 0 0 0 0 0 0 0]"
"1768831272122351,CSI_DATA,STATION,00:00:00:00:00:00,0,0,0,0,0,0,0,0,0,0,0,0,0,0,0,0,0,0,0,0,0,128,[84 -64 4 0 0 0 0 0 0 0 0 0 -10 13 -11 13 -11 12 -12 12 -11 11 -12 11 -12 10 -13 10 -13 9 -13 9 -13 9 -13 9 -13 8 -13 8 -13 8 -12 8 -12 8 -12 8 -12 7 -12 7 -12 6 -12 7 -11 7 -11 7 -11 6 -11 7 0 0 -10 7 -10 7 -9 8 -10 7 -9 8 -9 7 -9 8 -8 8 -8 8 -8 9 -8 9 -7 9 -7 9 -7 10 -7 10 -7 10 -6 10 -6 11 -6 11 -6 11 -6 12 -6 11 -5 11 -5 12 -5 12 -5 13 0 0 0 0 0 0 0 0 0 0]"
"1768831272129040,CSI_DATA,STATION,00:00:00:00:00:00,0,0,0,0,0,0,0,0,0,0,0,0,0,0,0,0,0,0,0,0,0,128,[84 -64 4 0 0 0 0 0 0 0 0 0 -15 3 -15 2 -15 1 -15 0 -15 0 -15 0 -15 0 -15 -1 -14 -2 -15 -1 -14 -2 -14 -1 -14 -2 -14 -3 -14 -3 -13 -2 -13 -3 -12 -3 -13 -3 -12 -3 -12 -3 -12 -4 -12 -2 -12 -3 -12 -2 -12 -2 0 0 -11 -2 -11 -2 -11 -2 -11 -1 -11 -2 -11 -1 -11 -1 -11 -1 -10 0 -11 0 -11 1 -11 1 -11 1 -11 1 -11 1 -12 2 -11 1 -11 2 -11 2 -12 2 -12 2 -12 2 -12 3 -12 3 -12 3 -12 4 0 0 0 0 0 0 0 0 0 0]"
"1768831272133516,CSI_DATA,STATION,00:00:00:00:00:00,0,0,0,0,0,0,0,0,0,0,0,0,0,0,0,0,0,0,0,0,0,128,[84 -64 4 0 0 0 0 0 0 0 0 0 -17 -2 -17 -2 -17 -3 -17 -4 -17 -4 -16 -4 -16 -5 -15 -5 -15 -5 -15 -6 -15 -6 -14 -6 -15 -7 -14 -7 -14 -7 -13 -6 -13 -6 -13 -6 -13 -7 -13 -7 -13 -7 -13 -6 -12 -6 -13 -6 -12 -6 -12 -5 0 0 -11 -5 -12 -4 -12 -4 -11 -3 -12 -4 -12 -4 -12 -3 -12 -3 -12 -2 -12 -2 -12 -2 -12 -2 -12 -2 -13 -1 -12 0 -13 0 -13 0 -13 0 -13 1 -13 1 -13 1 -14 1 -14 1 -14 1 -14 2 -13 2 0 0 0 0 0 0 0 0 0 0]"
"1768831272137991,CSI_DATA,STATION,00:00:00:00:00:00,0,0,0,0,0,0,0,0,0,0,0,0,0,0,0,0,0,0,0,0,0,128,[84 -64 4 0 0 0 0 0 0 0 0 0 14 -1 13 -1 14 0 14 1 14 1 13 1 13 2 13 2 13 2 13 3 13 3 12 3 12 4 12 4 12 4 11 3 11 3 11 3 11 4 11 4 11 3 11 3 10 3 11 3 11 3 11 2 0 0 10 1 10 2 10 1 10 1 10 1 10 1 10 1 10 0 10 0 10 0 10 -1 10 0 11 -1 10 -1 10 -2 10 -2 10 -3 10 -3 11 -3 10 -3 10 -4 11 -3 11 -3 11 -4 11 -4 11 -4 0 0 0 0 0 0 0 0 0 0]"
"1768831272144689,CSI_DATA,STATION,00:00:00:00:00:00,0,0,0,0,0,0,0,0,0,0,0,0,0,0,0,0,0,0,0,0,0,128,[84 -64 4 0 0 0 0 0 0 0 0 0 -15 -2 -15 -2 -15 -3 -15 -3 -15 -4 -14 -4 -14 -4 -14 -5 -13 -5 -14 -6 -14 -5 -13 -5 -13 -6 -12 -6 -13 -6 -12 -5 -11 -6 -11 -6 -12 -6 -11 -6 -11 -6 -11 -6 -11 -5 -11 -6 -11 -5 -11 -4 0 0 -10 -4 -11 -4 -11 -4 -10 -3 -11 -4 -11 -3 -11 -3 -11 -3 -10 -2 -11 -2 -11 -1 -11 -2 -11 -1 -11 -1 -11 -1 -11 0 -11 -1 -12 0 -12 0 -12 0 -12 1 -12 0 -12 1 -12 1 -12 1 -12 2 0 0 0 0 0 0 0 0 0 0]"
"1768831272149190,CSI_DATA,STATION,00:00:00:00:00:00,0,0,0,0,0,0,0,0,0,0,0,0,0,0,0,0,0,0,0,0,0,128,[84 -64 4 0 0 0 0 0 0 0 0 0 14 0 14 1 14 2 14 2 14 2 14 2 13 3 13 4 13 4 13 5 12 4 12 4 12 5 12 5 12 5 11 5 11 5 10 5 11 6 10 5 10 5 10 5 10 4 10 4 10 4 10 3 0 0 9 3 10 3 10 3 10 3 9 3 10 3 10 3 10 2 9 2 9 1 10 1 10 1 10 1 10 1 10 1 11 0 10 0 11 -1 11 0 11 0 11 -1 11 0 11 -1 11 -2 11 -2 12 -2 0 0 0 0 0 0 0 0 0 0]"
"1768831272158042,CSI_DATA,STATION,00:00:00:00:00:00,0,0,0,0,0,0,0,0,0,0,0,0,0,0,0,0,0,0,0,0,0,128,[84 -64 4 0 0 0 0 0 0 0 0 0 -2 16 -3 16 -4 16 -4 16 -4 15 -5 15 -6 14 -7 15 -7 14 -6 14 -7 14 -6 13 -7 14 -7 13 -7 13 -7 12 -7 12 -7 11 -7 12 -7 11 -7 11 -7 11 -7 11 -6 12 -5 11 -5 11 0 0 -5 11 -4 10 -4 11 -4 11 -4 11 -3 11 -4 11 -3 11 -4 11 -3 11 -2 11 -1 11 -1 12 -1 12 -1 11 -1 12 0 12 0 12 0 12 0 12 0 12 1 13 1 12 2 12 2 13 1 12 0 0 0 0 0 0 0 0 0 0]"
"1768831272164747,CSI_DATA,STATION,00:00:00:00:00:00,0,0,0,0,0,0,0,0,0,0,0,0,0,0,0,0,0,0,0,0,0,128,[84 -64 4 0 0 0 0 0 0 0 0 0 8 12 8 13 7 13 7 13 6 14 6 13 5 13 5 13 5 14 5 14 4 13 4 13 4 14 3 13 3 14 3 13 3 12 2 12 2 12 3 13 3 12 3 12 2 11 3 11 3 12 3 11 0 0 3 10 3 11 4 10 3 10 4 10 4 10 5 10 5 10 5 9 5 9 5 9 6 9 6 9 7 9 6 8 7 8 7 8 7 8 7 8 8 7 8 8 9 8 9 8 9 8 9 8 9 7 0 0 0 0 0 0 0 0 0 0]"
"1768831272171450,CSI_DATA,STATION,00:00:00:00:00:00,0,0,0,0,0,0,0,0,0,0,0,0,0,0,0,0,0,0,0,0,0,128,[84 -64 4 0 0 0 0 0 0 0 0 0 11 11 10 11 10 12 10 13 9 12 9 13 8 12 8 13 7 13 8 13 7 13 6 13 7 13 6 12 6 14 5 12 5 13 4 12 5 12 5 12 5 12 5 12 5 11 5 11 5 11 5 11 0 0 5 10 5 10 6 10 5 9 6 10 6 10 6 9 7 9 6 8 7 8 7 8 7 8 8 8 8 8 7 8 8 8 9 8 9 7 9 7 9 7 10 7 10 7 10 7 11 7 10 6 11 7 0 0 0 0 0 0 0 0 0 0]"
"1768831272175915,CSI_DATA,STATION,00:00:00:00:00:00,0,0,0,0,0,0,0,0,0,0,0,0,0,0,0,0,0,0,0,0,0,128,[84 -64 4 0 0 0 0 0 0 0 0 0 14 -1 14 0 14 1 14 1 14 2 14 2 13 3 13 3 13 3 13 4 13 4 12 4 12 4 12 4 12 4 11 4 11 4 11 4 11 5 11 5 11 5 10 4 10 4 10 4 10 4 10 3 0 0 10 3 10 3 10 2 10 2 10 3 10 2 10 2 10 2 10 1 9 1 10 0 10 1 11 0 10 0 10 -1 10 -1 11 -1 11 -2 11 -1 11 -2 11 -2 11 -2 11 -2 11 -2 11 -2 11 -3 0 0 0 0 0 0 0 0 0 0]"
"1768831272180393,CSI_DATA,STATION,00:00:00:00:00:00,0,0,0,0,0,0,0,0,0,0,0,0,0,0,0,0,0,0,0,0,0,128,[84 -64 4 0 0 0 0 0 0 0 0 0 -9 -12 -8 -12 -8 -13 -8 -13 -8 -13 -7 -13 -6 -13 -5 -14 -5 -14 -5 -14 -5 -13 -4 -13 -5 -13 -4 -13 -4 -14 -4 -13 -3 -12 -3 -12 -3 -13 -3 -13 -3 -12 -3 -12 -3 -11 -4 -12 -4 -12 -3 -11 0 0 -3 -11 -4 -11 -4 -11 -4 -10 -4 -10 -5 -10 -5 -10 -5 -10 -5 -10 -6 -9 -6 -9 -6 -10 -6 -9 -6 -9 -6 -10 -6 -9 -7 -10 -7 -9 -7 -9 -7 -9 -8 -9 -8 -9 -8 -9 -9 -9 -9 -9 -9 -8 0 0 0 0 0 0 0 0 0 0]"
"1768831272186956,CSI_DATA,STATION,00:00:00:00:00:00,0,0,0,0,0,0,0,0,0,0,0,0,0,0,0,0,0,0,0,0,0,128,[84 -64 4 0 0 0 0 0 0 0 0 0 -11 9 -11 9 -12 8 -13 8 -12 7 -13 7 -13 7 -13 6 -13 6 -13 5 -13 5 -13 5 -13 4 -13 4 -13 4 -12 4 -12 4 -11 3 -12 3 -12 3 -12 4 -11 3 -11 4 -11 3 -11 3 -11 4 0 0 -10 4 -10 4 -10 4 -10 4 -10 4 -10 5 -10 5 -9 5 -9 5 -9 6 -9 6 -9 6 -9 6 -9 6 -9 6 -9 7 -8 7 -8 8 -8 8 -8 8 -8 8 -8 8 -8 8 -8 9 -8 9 -8 9 0 0 0 0 0 0 0 0 0 0]"
"1768831272191281,CSI_DATA,STATION,00:00:00:00:00:00,0,0,0,0,0,0,0,0,0,0,0,0,0,0,0,0,0,0,0,0,0,128,[84 -64 4 0 0 0 0 0 0 0 0 0 -3 -17 -2 -17 -1 -17 -1 -17 0 -17 0 -17 2 -16 2 -16 2 -16 1 -16 2 -16 2 -15 2 -15 2 -15 3 -16 3 -14 3 -14 3 -14 3 -14 3 -14 3 -13 3 -13 3 -13 2 -13 1 -13 2 -13 0 0 2 -12 1 -13 1 -13 1 -12 1 -13 0 -13 0 -13 0 -12 0 -12 -1 -12 -2 -12 -2 -12 -3 -12 -2 -13 -2 -12 -3 -13 -3 -12 -3 -13 -4 -13 -3 -13 -4 -13 -4 -13 -5 -13 -6 -13 -5 -13 -5 -13 0 0 0 0 0 0 0 0 0 0]"
"1768831272197753,CSI_DATA,STATION,00:00:00:00:00:00,0,0,0,0,0,0,0,0,0,0,0,0,0,0,0,0,0,0,0,0,0,128,[84 -64 4 0 0 0 0 0 0 0 0 0 12 -11 13 -11 13 -10 13 -10 13 -9 14 -9 14 -8 14 -8 14 -7 14 -7 14 -7 14 -7 14 -6 13 -6 14 -5 13 -5 13 -5 12 -5 13 -4 13 -4 12 -4 12 -4 12 -5 11 -4 11 -5 11 -5 0 0 11 -5 11 -5 11 -5 10 -5 10 -6 10 -6 10 -6 9 -6 9 -7 9 -7 9 -8 9 -8 9 -7 9 -8 9 -8 9 -8 9 -9 9 -9 9 -9 9 -10 8 -10 8 -10 8 -10 8 -10 8 -11 8 -11 0 0 0 0 0 0 0 0 0 0]"
"1768831272202066,CSI_DATA,STATION,00:00:00:00:00:00,0,0,0,0,0,0,0,0,0,0,0,0,0,0,0,0,0,0,0,0,0,128,[84 -64 4 0 0 0 0 0 0 0 0 0 13 -5 13 -5 13 -4 14 -3 14 -3 14 -3 14 -2 14 -1 13 -2 14 -1 13 -1 13 -1 13 0 13 0 13 0 12 0 12 1 11 0 12 1 12 1 11 1 11 1 11 0 11 1 11 0 10 -1 0 0 10 -1 10 -1 10 -1 10 -2 10 -1 10 -2 10 -2 10 -2 10 -3 9 -2 9 -3 10 -3 10 -3 10 -3 10 -4 10 -4 10 -4 10 -6 10 -5 10 -5 10 -5 10 -5 10 -5 10 -6 10 -6 10 -6 0 0 0 0 0 0 0 0 0 0]"
"1768831272206314,CSI_DATA,STATION,00:00:00:00:00:00,0,0,0,0,0,0,0,0,0,0,0,0,0,0,0,0,0,0,0,0,0,128,[84 -64 4 0 0 0 0 0 0 0 0 0 -13 -10 -13 -11 -13 -12 -12 -12 -12 -13 -11 -13 -10 -13 -10 -13 -9 -13 -10 -14 -9 -13 -8 -13 -9 -14 -8 -13 -8 -14 -7 -13 -7 -13 -7 -12 -7 -13 -7 -13 -7 -12 -7 -12 -6 -11 -8 -12 -7 -11 -7 -11 0 0 -7 -11 -7 -10 -8 -11 -7 -10 -8 -10 -8 -10 -8 -10 -9 -10 -8 -9 -8 -9 -9 -9 -9 -8 -10 -8 -10 -9 -9 -8 -10 -8 -11 -8 -11 -8 -11 -7 -11 -8 -11 -7 -12 -7 -12 -8 -13 -7 -12 -7 -12 -7 0 0 0 0 0 0 0 0 0 0]"
"1768831272212836,CSI_DATA,STATION,00:00:00:00:00:00,0,0,0,0,0,0,0,0,0,0,0,0,0,0,0,0,0,0,0,0,0,128,[84 -64 4 0 0 0 0 0 0 0 0 0 -10 -11 -10 -11 -10 -12 -9 -12 -9 -13 -8 -13 -7 -12 -7 -13 -7 -13 -7 -13 -6 -13 -6 -13 -6 -13 -6 -13 -6 -13 -6 -13 -5 -12 -4 -12 -5 -12 -5 -12 -5 -12 -5 -12 -4 -11 -5 -11 -5 -11 -5 -11 0 0 -5 -10 -5 -10 -6 -10 -5 -10 -6 -10 -6 -10 -6 -10 -6 -9 -6 -9 -6 -9 -7 -9 -7 -9 -8 -9 -8 -8 -8 -9 -8 -8 -9 -8 -8 -8 -8 -8 -8 -8 -9 -8 -10 -8 -10 -8 -10 -7 -10 -7 -10 -7 0 0 0 0 0 0 0 0 0 0]"
"1768831272217154,CSI_DATA,STATION,00:00:00:00:00:00,0,0,0,0,0,0,0,0,0,0,0,0,0,0,0,0,0,0,0,0,0,128,[84 -64 4 0 0 0 0 0 0 0 0 0 -1 15 -2 16 -2 16 -3 16 -3 15 -4 16 -5 15 -5 15 -5 14 -4 14 -5 15 -5 14 -5 14 -5 13 -6 14 -6 13 -6 13 -6 12 -5 13 -5 12 -5 12 -5 12 -5 11 -4 12 -4 12 -4 12 0 0 -4 11 -3 11 -3 12 -3 11 -3 12 -2 11 -2 11 -1 11 -1 11 -1 11 -1 11 0 11 0 12 1 12 0 11 1 12 2 11 2 12 2 12 2 11 3 12 3 12 3 12 4 12 3 12 4 12 0 0 0 0 0 0 0 0 0 0]"
"1768831272223616,CSI_DATA,STATION,00:00:00:00:00:00,0,0,0,0,0,0,0,0,0,0,0,0,0,0,0,0,0,0,0,0,0,128,[84 -64 4 0 0 0 0 0 0 0 0 0 14 -5 14 -5 14 -4 15 -4 14 -3 15 -3 14 -2 14 -2 14 -2 14 -1 14 -1 14 -1 14 0 13 -1 14 0 12 -1 12 0 12 0 13 0 12 0 12 0 12 0 12 -1 11 0 11 -1 11 -1 0 0 11 -2 11 -1 11 -2 10 -2 10 -2 10 -3 10 -3 10 -3 10 -3 10 -4 9 -4 10 -4 10 -4 10 -4 10 -5 10 -6 9 -5 10 -6 10 -6 9 -6 9 -7 10 -7 9 -7 9 -8 9 -8 10 -8 0 0 0 0 0 0 0 0 0 0]"
"1768831272227955,CSI_DATA,STATION,00:00:00:00:00:00,0,0,0,0,0,0,0,0,0,0,0,0,0,0,0,0,0,0,0,0,0,128,[84 -64 4 0 0 0 0 0 0 0 0 0 6 13 6 13 6 14 5 14 5 14 4 14 3 14 2 14 2 14 2 14 2 14 1 13 1 13 1 13 1 13 1 13 0 12 0 13 1 12 0 12 0 12 0 11 0 12 1 11 1 11 1 11 0 0 1 10 2 11 2 10 2 11 2 10 3 10 3 10 3 10 2 10 3 10 3 10 4 10 4 10 4 9 4 10 5 9 5 9 5 9 5 9 5 9 6 9 6 9 7 10 7 9 7 9 7 9 0 0 0 0 0 0 0 0 0 0]"
"1768831272232267,CSI_DATA,STATION,00:00:00:00:00:00,0,0,0,0,0,0,0,0,0,0,0,0,0,0,0,0,0,0,0,0,0,128,[84 -64 4 0 0 0 0 0 0 0 0 0 12 -11 12 -11 13 -10 13 -9 13 -9 13 -9 14 -8 14 -7 14 -7 14 -7 14 -7 13 -6 14 -6 13 -5 13 -5 13 -6 13 -6 13 -5 12 -5 13 -5 12 -5 12 -5 11 -5 12 -5 11 -5 11 -6 0 0 10 -6 10 -6 10 -6 10 -6 9 -6 9 -6 9 -7 9 -7 9 -7 9 -8 8 -8 8 -8 8 -8 8 -8 8 -9 8 -9 8 -10 8 -10 7 -10 7 -10 7 -11 7 -10 7 -11 7 -11 7 -12 7 -12 0 0 0 0 0 0 0 0 0 0]"
"1768831272238748,CSI_DATA,STATION,00:00:00:00:00:00,0,0,0,0,0,0,0,0,0,0,0,0,0,0,0,0,0,0,0,0,0,128,[84 -64 4 0 0 0 0 0 0 0 0 0 -8 13 -9 12 -9 12 -9 12 -9 12 -10 12 -10 11 -11 10 -11 10 -11 9 -11 9 -11 9 -11 9 -11 8 -11 8 -11 8 -11 8 -11 8 -11 8 -10 7 -10 7 -10 7 -10 7 -10 7 -9 7 -9 7 0 0 -9 7 -8 7 -8 8 -8 7 -8 8 -7 8 -7 8 -7 8 -7 8 -7 8 -7 9 -6 9 -6 9 -6 9 -6 9 -6 10 -5 10 -5 10 -5 11 -5 10 -5 11 -4 11 -4 11 -4 11 -4 11 -4 11 0 0 0 0 0 0 0 0 0 0]"
"1768831272243081,CSI_DATA,STATION,00:00:00:00:00:00,0,0,0,0,0,0,0,0,0,0,0,0,0,0,0,0,0,0,0,0,0,128,[84 -64 4 0 0 0 0 0 0 0 0 0 2 -15 3 -15 4 -16 4 -15 4 -15 5 -15 6 -15 6 -14 6 -14 7 -14 7 -13 7 -12 7 -12 6 -12 7 -12 7 -12 7 -11 7 -12 7 -11 6 -11 6 -11 6 -11 6 -10 6 -11 5 -10 5 -10 0 0 5 -10 4 -10 4 -10 4 -10 4 -10 4 -11 3 -11 3 -11 3 -11 3 -11 3 -11 2 -11 2 -11 2 -11 2 -12 2 -11 1 -12 1 -12 1 -12 1 -12 1 -12 0 -12 0 -13 0 -13 0 -13 0 -13 0 0 0 0 0 0 0 0 0 0]"
"1768831272249538,CSI_DATA,STATION,00:00:00:00:00:00,0,0,0,0,0,0,0,0,0,0,0,0,0,0,0,0,0,0,0,0,0,128,[84 -64 4 0 0 0 0 0 0 0 0 0 -12 -8 -12 -9 -12 -9 -12 -10 -11 -10 -11 -11 -10 -10 -10 -10 -9 -11 -9 -11 -9 -11 -9 -11 -9 -11 -8 -11 -8 -11 -8 -11 -8 -11 -7 -10 -8 -11 -7 -11 -7 -11 -7 -10 -7 -10 -7 -10 -7 -10 -7 -9 0 0 -7 -9 -7 -8 -8 -9 -7 -8 -8 -8 -7 -8 -8 -8 -8 -8 -8 -7 -8 -7 -9 -7 -9 -7 -9 -6 -9 -7 -9 -6 -10 -6 -10 -6 -10 -6 -10 -6 -10 -6 -10 -6 -11 -6 -11 -6 -11 -5 -11 -5 -11 -5 0 0 0 0 0 0 0 0 0 0]"
"1768831272253846,CSI_DATA,STATION,00:00:00:00:00:00,0,0,0,0,0,0,0,0,0,0,0,0,0,0,0,0,0,0,0,0,0,128,[84 -64 4 0 0 0 0 0 0 0 0 0 14 -1 15 -1 14 1 15 1 15 1 15 1 14 2 14 3 13 3 14 3 13 3 13 3 13 4 13 4 13 4 12 4 12 4 11 4 12 5 11 4 11 5 11 4 10 3 11 4 10 3 11 2 0 0 10 2 10 2 10 2 10 2 11 2 11 2 10 1 10 1 10 1 10 0 10 0 10 0 11 0 11 0 10 -1 11 -1 11 -1 11 -2 11 -2 11 -2 11 -3 11 -2 12 -3 11 -3 12 -3 11 -3 0 0 0 0 0 0 0 0 0 0]"
"1768831272258144,CSI_DATA,STATION,00:00:00:00:00:00,0,0,0,0,0,0,0,0,0,0,0,0,0,0,0,0,0,0,0,0,0,128,[84 -64 4 0 0 0 0 0 0 0 0 0 6 -14 6 -14 6 -14 7 -14 7 -13 8 -13 8 -13 9 -12 9 -12 9 -11 9 -11 9 -11 9 -11 9 -10 9 -10 9 -10 9 -10 9 -10 9 -9 9 -9 9 -9 8 -9 8 -9 8 -9 8 -9 7 -9 0 0 7 -9 7 -8 6 -9 6 -9 6 -9 6 -9 6 -9 6 -10 5 -10 5 -10 5 -10 4 -10 4 -10 4 -10 4 -11 4 -11 3 -11 4 -11 4 -12 3 -12 3 -12 3 -12 3 -12 2 -12 2 -13 2 -12 0 0 0 0 0 0 0 0 0 0]"
"1768831272264621,CSI_DATA,STATION,00:00:00:00:00:00,0,0,0,0,0,0,0,0,0,0,0,0,0,0,0,0,0,0,0,0,0,128,[84 -64 4 0 0 0 0 0 0 0 0 0 14 -3 14 -2 14 -1 15 -1 14 0 14 0 14 1 13 1 13 2 14 2 14 2 13 2 13 2 13 2 13 3 12 2 12 3 11 3 12 3 11 4 11 3 11 3 10 2 11 2 11 2 11 1 0 0 10 2 10 1 10 1 10 0 10 1 10 1 10 1 10 0 10 0 10 -1 10 -1 10 -1 11 -1 11 -1 10 -2 10 -2 11 -2 10 -3 11 -3 10 -3 11 -3 11 -3 11 -3 11 -4 11 -4 11 -4 0 0 0 0 0 0 0 0 0 0]"
"1768831272268943,CSI_DATA,STATION,00:00:00:00:00:00,0,0,0,0,0,0,0,0,0,0,0,0,0,0,0,0,0,0,0,0,0,128,[84 -64 4 0 0 0 0 0 0 0 0 0 10 -13 11 -12 11 -12 11 -11 11 -11 12 -11 12 -10 13 -9 13 -9 13 -9 12 -9 13 -8 13 -9 12 -8 12 -7 12 -7 12 -7 12 -7 11 -7 11 -7 11 -7 11 -7 10 -7 11 -7 10 -7 10 -7 0 0 10 -7 9 -7 9 -7 8 -8 8 -8 8 -8 7 -8 8 -9 8 -9 7 -9 7 -9 7 -9 6 -10 7 -10 6 -10 6 -10 6 -10 6 -11 6 -11 6 -11 5 -12 5 -12 5 -12 5 -13 5 -12 5 -13 0 0 0 0 0 0 0 0 0 0]"
"1768831272275414,CSI_DATA,STATION,00:00:00:00:00:00,0,0,0,0,0,0,0,0,0,0,0,0,0,0,0,0,0,0,0,0,0,128,[84 -64 4 0 0 0 0 0 0 0 0 0 5 13 5 13 4 14 4 14 4 14 3 14 3 14 2 14 2 14 1 14 1 14 0 14 0 13 1 13 1 13 0 13 -1 13 -1 12 0 12 0 12 0 12 0 12 -1 11 0 11 0 11 0 11 0 0 0 10 1 11 1 10 1 11 2 10 2 11 2 10 3 10 2 10 3 10 3 9 3 10 4 10 4 10 4 10 4 10 5 10 4 9 5 9 5 9 5 9 6 9 6 10 6 9 6 10 6 10 0 0 0 0 0 0 0 0 0 0]"
"1768831272279922,CSI_DATA,STATION,00:00:00:00:00:00,0,0,0,0,0,0,0,0,0,0,0,0,0,0,0,0,0,0,0,0,0,128,[84 -64 4 0 0 0 0 0 0 0 0 0 -13 7 -13 7 -13 6 -13 6 -14 6 -13 6 -14 5 -14 5 -14 4 -14 4 -14 4 -13 4 -13 3 -13 3 -13 2 -13 3 -12 3 -12 2 -13 2 -12 2 -12 1 -12 1 -11 2 -12 2 -11 2 -11 3 0 0 -10 3 -10 3 -10 3 -10 3 -10 4 -10 4 -10 4 -10 4 -9 5 -9 5 -9 5 -9 5 -9 5 -9 6 -9 6 -9 6 -9 6 -9 7 -9 7 -9 7 -8 8 -9 8 -9 8 -8 8 -8 8 -8 8 0 0 0 0 0 0 0 0 0 0]"
"1768831272284318,CSI_DATA,STATION,00:00:00:00:00:00,0,0,0,0,0,0,0,0,0,0,0,0,0,0,0,0,0,0,0,0,0,128,[84 -64 4 0 0 0 0 0 0 0 0 0 15 0 15 1 15 1 15 2 15 2 15 2 14 2 14 3 14 3 14 4 14 4 13 4 13 4 13 4 13 5 11 4 12 4 12 4 12 5 12 5 11 4 11 4 11 4 11 4 11 4 10 3 0 0 10 3 10 3 11 3 10 2 11 2 11 2 11 1 11 1 10 1 10 1 10 0 11 0 11 0 11 0 11 -1 11 -1 11 -1 11 -2 11 -2 10 -2 12 -2 12 -2 12 -3 12 -3 12 -3 12 -4 0 0 0 0 0 0 0 0 0 0]"
"1768831272290850,CSI_DATA,STATION,00:00:00:00:00:00,0,0,0,0,0,0,0,0,0,0,0,0,0,0,0,0,0,0,0,0,0,128,[84 -64 4 0 0 0 0 0 0 0 0 0 6 -14 6 -14 6 -14 7 -14 7 -13 8 -13 9 -13 9 -13 9 -12 9 -12 9 -11 9 -11 9 -11 9 -11 9 -10 9 -9 9 -10 9 -10 9 -10 9 -9 8 -9 8 -9 8 -9 8 -9 7 -9 7 -9 0 0 7 -9 6 -8 6 -9 6 -9 6 -9 5 -9 5 -9 5 -10 5 -10 5 -10 5 -10 4 -10 4 -10 4 -10 4 -10 4 -11 3 -11 4 -11 3 -11 3 -12 3 -12 3 -12 2 -12 2 -12 2 -12 2 -12 0 0 0 0 0 0 0 0 0 0]"
"1768831272295130,CSI_DATA,STATION,00:00:00:00:00:00,0,0,0,0,0,0,0,0,0,0,0,0,0,0,0,0,0,0,0,0,0,128,[84 -64 4 0 0 0 0 0 0 0 0 0 -15 3 -15 2 -16 2 -16 1 -16 1 -15 0 -16 0 -15 -1 -15 -1 -16 -1 -15 -2 -14 -2 -14 -2 -14 -3 -14 -3 -14 -2 -13 -2 -13 -3 -13 -3 -13 -3 -13 -3 -13 -3 -12 -2 -12 -2 -12 -2 -11 -1 0 0 -11 -1 -12 -1 -11 -1 -11 0 -12 0 -11 0 -12 0 -11 0 -11 1 -11 1 -11 1 -11 1 -11 1 -11 2 -11 2 -11 3 -12 2 -11 3 -11 4 -11 4 -11 4 -12 4 -12 4 -12 4 -11 5 -11 5 0 0 0 0 0 0 0 0 0 0]"
"1768831272299486,CSI_DATA,STATION,00:00:00:00:00:00,0,0,0,0,0,0,0,0,0,0,0,0,0,0,0,0,0,0,0,0,0,128,[84 -64 4 0 0 0 0 0 0 0 0 0 -14 -5 -15 -5 -15 -6 -15 -7 -14 -7 -14 -8 -13 -8 -13 -8 -12 -8 -13 -9 -12 -8 -12 -9 -12 -9 -12 -9 -12 -9 -11 -8 -11 -8 -11 -8 -11 -9 -10 -9 -10 -9 -10 -8 -9 -8 -11 -8 -10 -8 -10 -7 0 0 -10 -6 -10 -6 -11 -6 -10 -5 -10 -6 -10 -6 -11 -5 -10 -5 -10 -4 -11 -4 -11 -4 -11 -4 -11 -4 -11 -3 -11 -3 -11 -2 -12 -3 -12 -2 -12 -2 -12 -2 -12 -2 -12 -1 -13 -1 -13 -1 -13 0 -12 0 0 0 0 0 0 0 0 0 0 0]"
"1768831272305965,CSI_DATA,STATION,00:00:00:00:00:00,0,0,0,0,0,0,0,0,0,0,0,0,0,0,0,0,0,0,0,0,0,128,[84 -64 4 0 0 0 0 0 0 0 0 0 -14 -5 -15 -5 -14 -6 -15 -7 -14 -7 -14 -8 -13 -8 -13 -8 -12 -8 -13 -9 -13 -8 -12 -8 -12 -9 -12 -8 -11 -9 -10 -8 -11 -9 -10 -8 -11 -9 -10 -9 -10 -9 -10 -9 -9 -8 -11 -8 -10 -8 -10 -7 0 0 -9 -7 -10 -7 -11 -7 -9 -6 -11 -7 -10 -6 -10 -6 -10 -6 -10 -5 -10 -5 -11 -5 -11 -4 -11 -4 -11 -4 -10 -4 -12 -4 -11 -4 -12 -3 -11 -3 -12 -3 -12 -3 -12 -3 -12 -2 -13 -2 -13 -2 -13 -2 0 0 0 0 0 0 0 0 0 0]"
"1768831272316652,CSI_DATA,STATION,00:00:00:00:00:00,0,0,0,0,0,0,0,0,0,0,0,0,0,0,0,0,0,0,0,0,0,128,[84 -64 4 0 0 0 0 0 0 0 0 0 -10 -12 -10 -12 -10 -13 -9 -13 -9 -14 -8 -13 -7 -14 -7 -14 -6 -14 -7 -14 -6 -14 -5 -14 -6 -14 -5 -14 -5 -14 -5 -13 -4 -12 -4 -12 -4 -13 -4 -13 -4 -12 -5 -12 -4 -12 -5 -12 -4 -12 -4 -11 0 0 -4 -11 -5 -11 -5 -11 -5 -10 -5 -10 -5 -11 -5 -10 -6 -11 -6 -10 -6 -10 -7 -9 -7 -10 -7 -9 -7 -9 -7 -9 -7 -9 -8 -9 -8 -9 -8 -9 -8 -9 -8 -9 -9 -9 -9 -9 -10 -9 -9 -9 -10 -8 0 0 0 0 0 0 0 0 0 0]"
"1768831272323129,CSI_DATA,STATION,00:00:00:00:00:00,0,0,0,0,0,0,0,0,0,0,0,0,0,0,0,0,0,0,0,0,0,128,[84 -64 4 0 0 0 0 0 0 0 0 0 11 8 10 9 11 9 10 10 9 11 9 10 8 10 7 11 7 11 8 12 7 11 7 11 7 11 7 11 6 11 6 11 5 10 6 10 5 10 5 11 5 10 5 10 5 9 6 10 6 9 5 9 0 0 5 9 6 9 6 8 5 8 6 8 6 8 6 8 7 8 6 7 7 7 7 6 8 7 8 7 8 7 8 6 8 6 9 6 8 6 9 6 9 6 9 6 9 6 10 6 10 5 10 5 10 5 0 0 0 0 0 0 0 0 0 0]"
"1768831272329576,CSI_DATA,STATION,00:00:00:00:00:00,0,0,0,0,0,0,0,0,0,0,0,0,0,0,0,0,0,0,0,0,0,128,[84 -64 4 0 0 0 0 0 0 0 0 0 -15 2 -16 1 -17 0 -16 -1 -16 -1 -15 -1 -15 -1 -15 -2 -15 -2 -16 -3 -15 -4 -14 -3 -14 -4 -14 -4 -14 -4 -13 -3 -13 -4 -13 -4 -13 -4 -13 -5 -13 -4 -12 -4 -12 -3 -12 -4 -12 -3 -12 -3 0 0 -11 -2 -11 -2 -11 -2 -11 -1 -11 -2 -12 -1 -12 -1 -11 -1 -11 0 -12 0 -11 0 -11 0 -11 0 -12 0 -11 1 -12 1 -12 1 -12 2 -12 2 -12 2 -12 3 -12 3 -12 3 -12 3 -12 3 -12 3 0 0 0 0 0 0 0 0 0 0]"
"1768831272333916,CSI_DATA,STATION,00:00:00:00:00:00,0,0,0,0,0,0,0,0,0,0,0,0,0,0,0,0,0,0,0,0,0,128,[84 -64 4 0 0 0 0 0 0 0 0 0 8 13 7 13 7 14 7 15 6 14 6 14 5 14 4 15 4 15 4 15 3 14 3 14 3 14 3 14 2 15 2 13 2 13 2 13 2 13 2 13 2 13 2 13 2 12 2 12 2 12 2 11 0 0 2 11 3 11 3 11 3 11 4 11 4 11 4 11 4 10 4 10 5 10 5 9 5 10 5 10 6 10 6 10 6 9 7 9 7 9 7 9 7 9 7 9 8 9 8 9 9 9 9 9 9 9 0 0 0 0 0 0 0 0 0 0]"
"1768831272340385,CSI_DATA,STATION,00:00:00:00:00:00,0,0,0,0,0,0,0,0,0,0,0,0,0,0,0,0,0,0,0,0,0,128,[84 -64 4 0 0 0 0 0 0 0 0 0 -16 3 -15 2 -16 1 -15 1 -16 0 -15 0 -16 0 -15 0 -15 -1 -16 -2 -15 -2 -14 -2 -14 -3 -14 -3 -14 -3 -14 -2 -13 -3 -13 -3 -13 -3 -13 -3 -13 -3 -12 -3 -13 -2 -12 -3 -12 -2 -12 -1 0 0 -11 -1 -12 -1 -11 -1 -12 -1 -11 -1 -12 0 -11 0 -11 0 -11 1 -12 1 -11 1 -11 1 -11 2 -11 2 -12 2 -11 3 -12 2 -11 3 -12 4 -11 4 -11 4 -12 4 -12 4 -12 4 -11 5 -11 5 0 0 0 0 0 0 0 0 0 0]"
"1768831272344701,CSI_DATA,STATION,00:00:00:00:00:00,0,0,0,0,0,0,0,0,0,0,0,0,0,0,0,0,0,0,0,0,0,128,[84 -64 4 0 0 0 0 0 0 0 0 0 -15 -1 -15 -2 -16 -3 -16 -3 -15 -4 -15 -4 -15 -5 -15 -5 -14 -5 -15 -6 -14 -6 -13 -5 -14 -6 -13 -6 -13 -6 -12 -6 -12 -6 -12 -6 -12 -7 -11 -7 -12 -6 -12 -6 -11 -5 -12 -6 -11 -5 -11 -5 0 0 -11 -4 -11 -4 -11 -4 -11 -3 -11 -4 -11 -3 -11 -4 -11 -3 -11 -3 -11 -2 -11 -2 -11 -2 -11 -1 -11 -1 -11 -1 -12 -1 -12 -1 -11 0 -12 0 -12 0 -12 0 -13 0 -13 1 -13 1 -12 1 -13 2 0 0 0 0 0 0 0 0 0 0]"
"1768831272351156,CSI_DATA,STATION,00:00:00:00:00:00,0,0,0,0,0,0,0,0,0,0,0,0,0,0,0,0,0,0,0,0,0,128,[84 -64 4 0 0 0 0 0 0 0 0 0 -3 16 -4 16 -4 15 -5 15 -5 15 -6 15 -7 14 -7 14 -7 13 -8 13 -7 13 -8 13 -8 12 -8 12 -8 12 -8 12 -8 11 -8 11 -8 11 -8 11 -7 11 -7 11 -7 10 -7 10 -6 10 -7 11 0 0 -6 10 -5 10 -5 10 -5 10 -5 11 -4 11 -4 10 -4 10 -4 10 -4 10 -3 11 -3 11 -2 11 -2 11 -3 11 -2 12 -1 12 -2 12 -1 12 -1 12 -1 12 -1 12 0 12 0 12 0 13 0 12 0 0 0 0 0 0 0 0 0 0]"
"1768831272355457,CSI_DATA,STATION,00:00:00:00:00:00,0,0,0,0,0,0,0,0,0,0,0,0,0,0,0,0,0,0,0,0,0,128,[84 -64 4 0 0 0 0 0 0 0 0 0 10 -10 10 -10 11 -9 11 -9 11 -8 11 -8 12 -8 12 -7 12 -7 13 -7 12 -6 12 -6 12 -6 11 -6 12 -5 11 -6 11 -5 11 -5 11 -5 11 -5 11 -5 10 -5 10 -5 10 -5 10 -5 10 -5 0 0 9 -5 9 -5 9 -5 9 -6 8 -6 8 -6 8 -6 8 -7 8 -7 8 -7 7 -7 8 -7 7 -7 7 -8 7 -8 7 -8 7 -9 7 -9 6 -9 6 -10 6 -9 6 -10 7 -10 6 -10 6 -11 6 -10 0 0 0 0 0 0 0 0 0 0]"
"1768831272361943,CSI_DATA,STATION,00:00:00:00:00:00,0,0,0,0,0,0,0,0,0,0,0,0,0,0,0,0,0,0,0,0,0,128,[84 -64 4 0 0 0 0 0 0 0 0 0 12 5 12 6 13 6 12 7 12 7 11 7 11 8 11 8 11 8 11 9 10 8 9 8 10 9 9 9 9 8 8 8 8 8 9 8 9 8 8 8 8 8 9 7 8 7 8 7 8 7 8 6 0 0 8 6 8 6 8 6 8 5 9 5 9 5 9 4 9 4 8 4 8 4 9 4 9 4 9 4 9 3 9 3 9 2 10 2 10 2 10 2 10 1 11 1 11 1 11 1 11 1 11 1 11 1 0 0 0 0 0 0 0 0 0 0]"
"1768831272366239,CSI_DATA,STATION,00:00:00:00:00:00,0,0,0,0,0,0,0,0,0,0,0,0,0,0,0,0,0,0,0,0,0,128,[84 -64 4 0 0 0 0 0 0 0 0 0 -9 12 -10 11 -10 11 -11 11 -11 10 -11 10 -11 10 -12 9 -12 9 -12 8 -12 9 -12 8 -12 8 -11 7 -12 7 -12 7 -11 7 -11 7 -11 7 -11 6 -10 6 -10 6 -10 6 -10 6 -10 6 -10 6 0 0 -10 7 -9 6 -9 7 -8 7 -8 7 -9 7 -8 7 -8 7 -8 8 -8 8 -7 8 -7 8 -7 8 -7 9 -7 9 -7 9 -6 9 -6 9 -6 10 -6 10 -6 10 -5 10 -5 10 -5 11 -5 11 -5 11 0 0 0 0 0 0 0 0 0 0]"
"1768831272370554,CSI_DATA,STATION,00:00:00:00:00:00,0,0,0,0,0,0,0,0,0,0,0,0,0,0,0,0,0,0,0,0,0,128,[84 -64 4 0 0 0 0 0 0 0 0 0 3 14 2 14 2 15 1 15 1 15 0 14 0 15 -1 15 -1 14 -1 15 -2 14 -2 14 -2 13 -2 13 -2 13 -3 13 -3 12 -3 12 -2 12 -3 12 -2 11 -2 12 -3 11 -2 12 -1 11 -1 11 0 0 -1 11 -1 11 -1 11 0 10 0 10 0 10 0 11 1 10 0 10 1 10 1 10 2 11 2 10 2 10 2 10 2 10 3 10 3 10 3 10 3 10 4 10 4 10 4 11 5 10 5 11 5 11 0 0 0 0 0 0 0 0 0 0]"
"1768831272377258,CSI_DATA,STATION,00:00:00:00:00:00,0,0,0,0,0,0,0,0,0,0,0,0,0,0,0,0,0,0,0,0,0,128,[84 -64 4 0 0 0 0 0 0 0 0 0 -11 11 -12 10 -12 9 -12 9 -13 9 -13 8 -13 8 -13 7 -13 7 -14 7 -13 6 -13 6 -13 5 -13 6 -13 5 -13 6 -13 5 -12 5 -12 4 -12 4 -12 4 -12 4 -11 4 -11 4 -11 4 -11 5 0 0 -10 5 -10 5 -10 5 -10 5 -10 5 -10 5 -9 5 -10 6 -9 6 -9 7 -9 7 -9 6 -9 7 -8 7 -8 8 -8 8 -8 8 -8 8 -8 9 -8 9 -7 9 -7 9 -8 9 -7 9 -7 10 -7 10 0 0 0 0 0 0 0 0 0 0]"
"1768831272381633,CSI_DATA,STATION,00:00:00:00:00:00,0,0,0,0,0,0,0,0,0,0,0,0,0,0,0,0,0,0,0,0,0,128,[84 -64 4 0 0 0 0 0 0 0 0 0 -9 11 -10 11 -10 10 -11 10 -10 10 -11 10 -11 9 -12 8 -11 8 -12 8 -12 8 -12 8 -11 7 -11 7 -12 6 -11 6 -11 6 -11 6 -11 6 -11 5 -11 5 -11 5 -10 6 -10 5 -10 5 -10 6 0 0 -9 6 -10 5 -9 6 -9 6 -9 6 -9 6 -9 6 -8 6 -8 6 -8 7 -8 7 -8 7 -7 7 -7 8 -7 7 -7 8 -7 8 -7 9 -7 9 -7 9 -7 9 -7 9 -7 9 -6 10 -6 10 -6 10 0 0 0 0 0 0 0 0 0 0]"
"1768831272385944,CSI_DATA,STATION,00:00:00:00:00:00,0,0,0,0,0,0,0,0,0,0,0,0,0,0,0,0,0,0,0,0,0,128,[84 -64 4 0 0 0 0 0 0 0 0 0 14 -5 14 -4 15 -4 15 -3 15 -3 15 -3 15 -2 15 -1 14 -1 15 0 14 -1 14 0 14 1 13 0 14 1 13 0 13 1 12 1 13 1 13 1 12 1 12 1 12 0 12 1 11 0 11 0 0 0 11 0 11 -1 11 -1 11 -1 11 -1 11 -1 11 -2 10 -2 10 -2 10 -3 10 -3 10 -3 10 -3 10 -3 11 -4 10 -5 11 -5 10 -6 10 -5 10 -6 11 -6 10 -6 11 -6 10 -7 10 -7 10 -7 0 0 0 0 0 0 0 0 0 0]"
"1768831272392409,CSI_DATA,STATION,00:00:00:00:00:00,0,0,0,0,0,0,0,0,0,0,0,0,0,0,0,0,0,0,0,0,0,128,[84 -64 4 0 0 0 0 0 0 0 0 0 12 6 12 7 12 7 12 8 11 8 11 8 10 8 10 9 9 9 10 10 9 9 8 9 9 9 8 9 8 9 8 9 8 9 7 8 8 9 7 9 7 8 7 8 7 8 7 8 7 8 7 7 0 0 7 7 7 7 7 7 7 6 8 6 8 6 8 6 8 6 8 4 8 5 8 5 8 5 8 5 9 4 8 4 9 4 10 4 10 3 10 3 9 3 10 3 10 3 11 3 11 3 11 3 10 3 0 0 0 0 0 0 0 0 0 0]"
"1768831272396732,CSI_DATA,STATION,00:00:00:00:00:00,0,0,0,0,0,0,0,0,0,0,0,0,0,0,0,0,0,0,0,0,0,128,[84 -64 4 0 0 0 0 0 0 0 0 0 -15 -1 -15 -2 -15 -3 -15 -3 -15 -3 -14 -4 -14 -4 -14 -4 -13 -5 -14 -6 -13 -5 -12 -6 -13 -6 -12 -6 -12 -6 -12 -5 -12 -6 -12 -6 -12 -6 -11 -6 -11 -6 -11 -6 -11 -5 -11 -5 -11 -5 -10 -4 0 0 -10 -4 -10 -4 -10 -3 -10 -3 -11 -3 -10 -3 -11 -3 -11 -2 -10 -2 -11 -2 -11 -1 -11 -1 -11 -1 -11 -1 -11 -1 -11 0 -11 -1 -11 0 -11 0 -12 0 -12 1 -12 1 -12 1 -12 1 -12 2 -12 2 0 0 0 0 0 0 0 0 0 0]"
"1768831272403223,CSI_DATA,STATION,00:00:00:00:00:00,0,0,0,0,0,0,0,0,0,0,0,0,0,0,0,0,0,0,0,0,0,128,[84 -64 4 0 0 0 0 0 0 0 0 0 -15 3 -15 3 -16 2 -16 1 -15 1 -15 1 -15 0 -15 -1 -15 -1 -15 -2 -15 -1 -14 -1 -14 -2 -14 -2 -14 -2 -13 -2 -13 -2 -13 -2 -14 -3 -13 -3 -13 -3 -12 -2 -12 -2 -12 -3 -12 -2 -12 -1 0 0 -11 -1 -12 -1 -12 -1 -11 0 -11 0 -12 0 -11 0 -11 0 -11 1 -11 1 -11 1 -11 1 -11 2 -11 2 -11 2 -11 3 -11 3 -12 3 -12 4 -11 4 -11 4 -11 4 -11 4 -11 4 -11 5 -11 5 0 0 0 0 0 0 0 0 0 0]"
"1768831272407563,CSI_DATA,STATION,00:00:00:00:00:00,0,0,0,0,0,0,0,0,0,0,0,0,0,0,0,0,0,0,0,0,0,128,[84 -64 4 0 0 0 0 0 0 0 0 0 3 -15 4 -15 4 -15 5 -15 5 -15 6 -14 7 -14 7 -13 7 -13 8 -13 7 -13 7 -12 8 -12 8 -12 8 -11 8 -11 8 -11 7 -11 7 -11 8 -10 7 -10 7 -10 7 -10 7 -10 6 -10 6 -10 0 0 6 -10 5 -10 5 -10 5 -10 5 -10 4 -10 4 -10 4 -10 4 -11 3 -11 3 -11 2 -11 2 -11 2 -11 2 -11 2 -11 2 -12 2 -12 1 -12 1 -12 1 -12 1 -12 1 -12 0 -13 0 -13 0 -13 0 0 0 0 0 0 0 0 0 0]"
"1768831272411917,CSI_DATA,STATION,00:00:00:00:00:00,0,0,0,0,0,0,0,0,0,0,0,0,0,0,0,0,0,0,0,0,0,128,[84 -64 4 0 0 0 0 0 0 0 0 0 14 1 13 2 14 3 14 3 14 4 13 4 13 5 13 5 12 5 13 5 12 5 11 5 12 6 11 5 11 6 11 5 10 5 10 5 10 5 10 6 10 6 10 5 10 4 10 5 9 4 9 4 0 0 9 3 10 3 10 3 9 3 9 3 10 2 10 2 10 2 9 1 9 1 10 1 10 1 10 1 10 1 10 -1 10 -1 11 -1 10 -1 11 -1 10 -1 11 -2 11 -1 11 -2 11 -2 11 -3 11 -3 0 0 0 0 0 0 0 0 0 0]"
"1768831272418409,CSI_DATA,STATION,00:00:00:00:00:00,0,0,0,0,0,0,0,0,0,0,0,0,0,0,0,0,0,0,0,0,0,128,[84 -64 4 0 0 0 0 0 0 0 0 0 -16 0 -16 -1 -16 -2 -16 -2 -16 -3 -15 -3 -15 -3 -15 -4 -15 -4 -15 -5 -15 -4 -14 -5 -14 -6 -14 -6 -13 -5 -13 -5 -13 -5 -13 -5 -13 -5 -12 -5 -12 -5 -12 -5 -12 -5 -12 -5 -12 -4 -12 -4 0 0 -11 -3 -12 -3 -11 -3 -11 -2 -12 -3 -12 -2 -11 -2 -12 -2 -11 -1 -12 -1 -11 -1 -12 -1 -12 0 -12 0 -12 0 -11 1 -12 1 -12 1 -12 2 -12 2 -12 2 -13 2 -13 2 -13 2 -12 3 -13 3 0 0 0 0 0 0 0 0 0 0]"
"1768831272422716,CSI_DATA,STATION,00:00:00:00:00:00,0,0,0,0,0,0,0,0,0,0,0,0,0,0,0,0,0,0,0,0,0,128,[84 -64 4 0 0 0 0 0 0 0 0 0 10 9 10 9 10 10 10 10 9 10 8 10 8 11 7 11 7 11 7 12 7 11 7 11 7 11 6 11 6 11 6 11 5 10 5 10 5 11 5 11 5 10 5 10 5 9 6 10 5 9 5 8 0 0 5 8 5 9 6 8 6 8 6 8 6 8 6 7 6 8 6 7 7 7 7 6 7 7 8 7 8 6 7 6 8 6 9 6 8 5 9 5 8 5 9 5 9 6 10 5 10 5 10 5 10 5 0 0 0 0 0 0 0 0 0 0]"
"1768831272427071,CSI_DATA,STATION,00:00:00:00:00:00,0,0,0,0,0,0,0,0,0,0,0,0,0,0,0,0,0,0,0,0,0,128,[84 -64 4 0 0 0 0 0 0 0 0 0 -13 8 -14 7 -14 7 -14 7 -15 6 -15 6 -15 6 -15 5 -14 4 -15 4 -15 4 -14 3 -15 3 -14 2 -14 2 -14 3 -13 2 -13 2 -14 2 -13 2 -13 2 -12 2 -12 2 -13 2 -12 2 -12 2 0 0 -11 3 -11 3 -11 3 -11 3 -11 3 -11 3 -11 4 -11 4 -10 4 -10 4 -10 5 -10 5 -10 5 -10 6 -10 6 -10 6 -10 6 -10 7 -10 7 -10 7 -10 7 -10 8 -10 8 -10 8 -10 8 -10 8 0 0 0 0 0 0 0 0 0 0]"
"1768831272433523,CSI_DATA,STATION,00:00:00:00:00:00,0,0,0,0,0,0,0,0,0,0,0,0,0,0,0,0,0,0,0,0,0,128,[84 -64 4 0 0 0 0 0 0 0 0 0 13 0 14 1 14 2 14 2 14 3 14 3 13 3 13 4 13 4 13 4 12 4 12 4 12 5 12 5 12 5 11 5 11 5 11 5 11 5 11 5 10 5 10 4 10 4 10 4 10 4 10 3 0 0 10 3 10 3 10 3 10 2 10 2 10 2 10 2 10 1 10 1 10 1 10 0 10 1 10 0 10 0 10 -1 10 -1 10 -1 11 -1 10 -2 10 -2 11 -2 11 -2 11 -2 11 -2 11 -3 11 -3 0 0 0 0 0 0 0 0 0 0]"
"1768831272437853,CSI_DATA,STATION,00:00:00:00:00:00,0,0,0,0,0,0,0,0,0,0,0,0,0,0,0,0,0,0,0,0,0,128,[84 -64 4 0 0 0 0 0 0 0 0 0 4 14 4 15 3 14 3 15 2 14 2 15 1 15 1 15 0 14 1 14 0 14 0 14 0 14 0 14 -1 14 -1 13 -1 13 -2 12 -1 13 -1 13 -1 12 -1 12 -1 11 0 12 0 12 0 12 0 0 0 11 0 11 1 11 1 10 1 11 1 11 1 11 2 10 2 10 2 9 3 10 3 10 3 10 4 11 3 10 4 11 4 10 5 10 5 10 5 10 5 10 6 10 6 10 7 10 6 10 7 10 0 0 0 0 0 0 0 0 0 0]"
"1768831272444342,CSI_DATA,STATION,00:00:00:00:00:00,0,0,0,0,0,0,0,0,0,0,0,0,0,0,0,0,0,0,0,0,0,128,[84 -64 4 0 0 0 0 0 0 0 0 0 -6 13 -6 13 -7 13 -7 13 -8 13 -8 12 -8 12 -9 11 -9 11 -10 11 -9 11 -9 10 -10 10 -9 10 -9 10 -9 9 -9 9 -9 9 -9 9 -9 9 -9 9 -8 9 -9 8 -8 9 -8 8 -8 8 0 0 -8 8 -6 8 -6 9 -6 8 -6 9 -6 8 -5 9 -6 9 -5 9 -5 9 -5 10 -5 9 -4 10 -4 10 -4 10 -4 10 -3 10 -4 10 -3 11 -3 11 -3 11 -2 11 -2 11 -2 11 -2 11 -2 11 0 0 0 0 0 0 0 0 0 0]"
"1768831272461371,CSI_DATA,STATION,00:00:00:00:00:00,0,0,0,0,0,0,0,0,0,0,0,0,0,0,0,0,0,0,0,0,0,128,[84 -64 4 0 0 0 0 0 0 0 0 0 14 2 14 4 14 5 14 5 14 5 14 5 13 6 13 6 12 6 13 7 12 6 12 6 12 7 11 7 11 7 10 7 10 7 10 7 10 8 10 7 10 7 9 7 10 6 10 6 10 6 10 5 0 0 9 5 9 5 10 5 9 4 10 5 10 4 9 4 10 4 10 3 10 3 10 2 10 3 11 2 11 2 10 2 11 1 11 1 11 1 11 1 11 0 12 1 11 1 12 0 12 0 12 -1 12 -1 0 0 0 0 0 0 0 0 0 0]"
"1768831272465686,CSI_DATA,STATION,00:00:00:00:00:00,0,0,0,0,0,0,0,0,0,0,0,0,0,0,0,0,0,0,0,0,0,128,[84 -64 4 0 0 0 0 0 0 0 0 0 13 -10 13 -9 14 -8 14 -8 14 -7 14 -7 15 -7 15 -6 14 -6 15 -5 14 -5 14 -4 14 -4 14 -4 14 -4 13 -4 13 -3 12 -3 13 -3 13 -3 12 -3 12 -3 11 -3 12 -3 12 -3 11 -4 0 0 11 -4 11 -4 11 -4 11 -5 11 -4 11 -5 11 -4 10 -5 10 -6 9 -5 10 -6 10 -6 10 -6 10 -6 9 -7 10 -7 9 -8 9 -8 9 -8 9 -8 9 -9 9 -8 9 -9 9 -9 9 -9 9 -10 0 0 0 0 0 0 0 0 0 0]"
"1768831272472139,CSI_DATA,STATION,00:00:00:00:00:00,0,0,0,0,0,0,0,0,0,0,0,0,0,0,0,0,0,0,0,0,0,128,[84 -64 4 0 0 0 0 0 0 0 0 0 6 12 6 12 5 12 5 13 4 13 4 13 4 13 3 13 3 13 3 13 2 12 2 12 2 12 2 12 2 13 1 12 1 12 1 11 1 12 1 12 1 11 1 11 1 10 1 11 2 11 2 10 0 0 2 10 2 10 2 10 2 9 3 10 3 9 3 9 4 9 3 8 4 9 4 9 4 9 5 9 5 9 4 8 5 8 6 8 6 8 6 8 6 8 6 8 7 8 7 8 7 8 7 8 7 8 0 0 0 0 0 0 0 0 0 0]"
"1768831272478749,CSI_DATA,STATION,00:00:00:00:00:00,0,0,0,0,0,0,0,0,0,0,0,0,0,0,0,0,0,0,0,0,0,128,[84 -64 4 0 0 0 0 0 0 0 0 0 -3 -16 -3 -16 -3 -17 -3 -16 -2 -17 -1 -16 0 -16 0 -17 1 -16 1 -17 1 -16 2 -15 1 -16 1 -15 2 -15 2 -15 2 -14 2 -14 1 -14 2 -14 2 -13 2 -14 2 -13 1 -13 1 -13 1 -12 0 0 0 -12 0 -13 0 -12 0 -12 -1 -12 -1 -12 -1 -12 -2 -12 -1 -12 -2 -12 -2 -12 -2 -12 -3 -12 -3 -12 -3 -12 -4 -12 -5 -12 -4 -12 -4 -12 -5 -12 -5 -12 -6 -12 -6 -13 -6 -12 -6 -13 -6 -12 0 0 0 0 0 0 0 0 0 0]"
"1768831272483204,CSI_DATA,STATION,00:00:00:00:00:00,0,0,0,0,0,0,0,0,0,0,0,0,0,0,0,0,0,0,0,0,0,128,[84 -64 4 0 0 0 0 0 0 0 0 0 -1 15 -2 16 -2 15 -2 15 -3 15 -4 15 -4 15 -5 15 -5 14 -5 15 -5 14 -6 13 -6 13 -6 13 -6 12 -6 12 -6 12 -6 12 -6 12 -6 12 -6 11 -5 11 -6 11 -5 12 -5 11 -5 11 0 0 -5 11 -4 10 -3 11 -4 11 -3 11 -3 11 -3 11 -3 10 -3 11 -3 11 -2 11 -2 11 -1 11 -1 11 -1 12 -1 12 0 11 0 11 0 11 0 12 0 12 1 12 1 12 2 12 1 12 1 12 0 0 0 0 0 0 0 0 0 0]"
"1768831272489724,CSI_DATA,STATION,00:00:00:00:00:00,0,0,0,0,0,0,0,0,0,0,0,0,0,0,0,0,0,0,0,0,0,128,[84 -64 4 0 0 0 0 0 0 0 0 0 13 -2 14 -1 14 0 14 0 14 1 14 1 14 2 14 2 13 2 14 3 13 3 13 3 13 3 12 3 12 3 12 3 12 3 11 4 12 3 11 3 11 3 11 3 10 3 11 3 10 2 10 2 0 0 10 2 10 2 10 2 10 1 10 1 10 1 10 0 10 0 10 0 10 0 9 -1 10 -1 10 -1 10 -1 10 -2 10 -2 10 -2 10 -3 10 -3 10 -3 10 -3 11 -3 11 -4 11 -4 11 -4 11 -4 0 0 0 0 0 0 0 0 0 0]"
"1768831272494091,CSI_DATA,STATION,00:00:00:00:00:00,0,0,0,0,0,0,0,0,0,0,0,0,0,0,0,0,0,0,0,0,0,128,[84 -64 4 0 0 0 0 0 0 0 0 0 10 -11 11 -10 11 -10 12 -9 12 -9 13 -9 12 -8 13 -8 13 -7 12 -6 12 -7 12 -7 12 -6 12 -6 13 -6 12 -6 12 -6 11 -6 12 -5 12 -5 11 -4 11 -5 11 -5 10 -5 10 -5 10 -6 0 0 10 -6 9 -5 9 -6 9 -6 9 -6 9 -6 8 -6 8 -7 8 -7 8 -7 7 -8 8 -8 7 -8 7 -8 7 -8 7 -9 7 -9 7 -9 7 -10 7 -9 7 -10 6 -9 6 -10 6 -11 6 -11 6 -11 0 0 0 0 0 0 0 0 0 0]"
"1768831272500579,CSI_DATA,STATION,00:00:00:00:00:00,0,0,0,0,0,0,0,0,0,0,0,0,0,0,0,0,0,0,0,0,0,128,[84 -64 4 0 0 0 0 0 0 0 0 0 12 -10 13 -10 13 -8 14 -9 14 -8 14 -8 14 -7 14 -7 14 -6 14 -6 14 -6 14 -5 14 -4 13 -5 14 -4 13 -5 13 -4 12 -4 13 -4 13 -4 12 -4 12 -4 12 -4 11 -4 12 -4 11 -4 0 0 11 -5 11 -5 11 -5 10 -5 10 -6 10 -6 10 -6 10 -6 9 -7 9 -7 9 -7 9 -7 9 -7 9 -7 9 -8 9 -8 9 -9 8 -9 8 -9 8 -9 8 -9 8 -10 8 -10 8 -10 8 -11 8 -11 0 0 0 0 0 0 0 0 0 0]"
"1768831272504930,CSI_DATA,STATION,00:00:00:00:00:00,0,0,0,0,0,0,0,0,0,0,0,0,0,0,0,0,0,0,0,0,0,128,[84 -64 4 0 0 0 0 0 0 0 0 0 14 1 13 2 14 2 14 3 14 3 13 4 13 4 13 4 12 5 13 5 12 5 11 5 12 6 11 6 11 6 11 5 10 6 10 6 10 6 10 6 10 6 10 6 9 5 10 5 10 5 9 4 0 0 9 4 9 4 9 4 9 4 9 4 9 3 9 3 10 3 9 3 9 3 9 2 10 2 10 3 10 2 10 1 10 1 11 1 10 1 11 0 10 0 11 0 11 0 11 0 11 0 12 0 11 0 0 0 0 0 0 0 0 0 0 0]"
"1768831272511486,CSI_DATA,STATION,00:00:00:00:00:00,0,0,0,0,0,0,0,0,0,0,0,0,0,0,0,0,0,0,0,0,0,128,[84 -64 4 0 0 0 0 0 0 0 0 0 -7 14 -7 14 -8 13 -8 13 -9 13 -8 13 -9 12 -9 12 -9 11 -10 11 -10 11 -10 10 -10 10 -10 10 -10 9 -10 10 -10 9 -9 9 -10 9 -10 8 -9 8 -9 8 -9 8 -9 8 -9 8 -8 9 0 0 -8 9 -8 9 -7 8 -7 9 -7 8 -7 9 -7 9 -6 9 -5 9 -6 9 -5 10 -6 9 -5 9 -5 10 -5 10 -4 10 -4 10 -4 10 -4 11 -4 11 -4 11 -3 11 -4 12 -3 12 -3 12 -3 12 0 0 0 0 0 0 0 0 0 0]"
"1768831272515801,CSI_DATA,STATION,00:00:00:00:00:00,0,0,0,0,0,0,0,0,0,0,0,0,0,0,0,0,0,0,0,0,0,128,[84 -64 4 0 0 0 0 0 0 0 0 0 -4 15 -5 15 -5 15 -5 15 -6 15 -7 14 -7 14 -8 14 -7 13 -8 14 -8 13 -8 12 -8 13 -8 12 -8 11 -8 11 -8 11 -8 11 -8 11 -8 10 -8 10 -8 10 -8 10 -7 11 -6 10 -7 10 0 0 -6 10 -5 10 -5 10 -5 10 -5 11 -5 10 -5 10 -4 10 -4 10 -4 10 -4 11 -3 11 -3 11 -3 11 -3 11 -2 11 -2 12 -2 12 -2 12 -2 12 -2 12 -1 12 -1 12 0 13 0 13 0 13 0 0 0 0 0 0 0 0 0 0]"
"1768831272520142,CSI_DATA,STATION,00:00:00:00:00:00,0,0,0,0,0,0,0,0,0,0,0,0,0,0,0,0,0,0,0,0,0,128,[84 -64 4 0 0 0 0 0 0 0 0 0 -15 -1 -15 -1 -16 -2 -16 -3 -15 -3 -15 -3 -14 -4 -15 -4 -14 -5 -15 -5 -14 -5 -14 -5 -14 -6 -14 -6 -14 -6 -12 -5 -12 -6 -12 -6 -13 -6 -12 -6 -12 -5 -12 -5 -11 -5 -11 -5 -12 -5 -11 -4 0 0 -11 -4 -11 -3 -11 -3 -11 -3 -11 -3 -11 -3 -11 -3 -11 -2 -11 -2 -11 -1 -11 -1 -12 -1 -12 -1 -12 -1 -11 0 -12 0 -12 0 -12 0 -12 1 -12 1 -12 1 -12 1 -12 1 -12 2 -12 2 -13 2 0 0 0 0 0 0 0 0 0 0]"
"1768831272526623,CSI_DATA,STATION,00:00:00:00:00:00,0,0,0,0,0,0,0,0,0,0,0,0,0,0,0,0,0,0,0,0,0,128,[84 -64 4 0 0 0 0 0 0 0 0 0 -4 15 -4 15 -5 15 -5 15 -6 15 -6 14 -7 14 -7 14 -7 13 -8 13 -8 13 -8 12 -8 12 -8 12 -8 11 -8 12 -8 12 -8 11 -8 11 -8 11 -8 10 -7 10 -7 10 -7 10 -7 10 -7 10 0 0 -7 10 -6 9 -6 10 -6 10 -5 10 -5 10 -5 10 -5 10 -5 10 -4 10 -4 11 -4 10 -4 11 -3 11 -4 11 -3 11 -3 11 -3 12 -2 12 -2 12 -2 12 -2 12 -1 12 -1 12 -2 13 -1 13 0 0 0 0 0 0 0 0 0 0]"
"1768831272530990,CSI_DATA,STATION,00:00:00:00:00:00,0,0,0,0,0,0,0,0,0,0,0,0,0,0,0,0,0,0,0,0,0,128,[84 -64 4 0 0 0 0 0 0 0 0 0 -15 2 -15 1 -15 0 -15 0 -15 0 -15 -1 -15 -2 -15 -2 -15 -2 -15 -2 -14 -2 -14 -2 -14 -3 -14 -3 -13 -3 -13 -3 -13 -3 -12 -3 -13 -3 -12 -4 -12 -3 -12 -3 -12 -2 -12 -3 -11 -2 -11 -2 0 0 -11 -2 -11 -1 -11 -1 -11 -1 -11 -1 -11 -1 -11 0 -11 0 -10 0 -11 1 -11 1 -10 1 -11 2 -11 2 -11 2 -11 2 -11 2 -11 3 -11 3 -11 3 -11 4 -11 3 -11 4 -12 4 -11 4 -11 4 0 0 0 0 0 0 0 0 0 0]"
"1768831272537488,CSI_DATA,STATION,00:00:00:00:00:00,0,0,0,0,0,0,0,0,0,0,0,0,0,0,0,0,0,0,0,0,0,128,[84 -64 4 0 0 0 0 0 0 0 0 0 14 -3 14 -2 15 -2 15 -1 15 -1 14 -1 14 0 14 0 14 0 15 1 13 1 13 1 14 2 13 2 13 2 12 2 12 2 12 2 12 2 12 2 11 2 11 2 11 2 11 2 11 2 11 1 0 0 11 1 10 0 11 1 10 0 10 0 11 0 11 -1 10 -1 10 -1 10 -1 10 -1 10 -1 11 -2 11 -2 10 -3 10 -3 11 -3 11 -4 10 -4 10 -4 11 -5 11 -4 11 -4 11 -5 11 -5 11 -5 0 0 0 0 0 0 0 0 0 0]"
"1768831272541811,CSI_DATA,STATION,00:00:00:00:00:00,0,0,0,0,0,0,0,0,0,0,0,0,0,0,0,0,0,0,0,0,0,128,[84 -64 4 0 0 0 0 0 0 0 0 0 9 12 8 13 8 13 8 14 7 14 6 13 6 14 5 14 5 14 5 14 4 14 4 14 4 14 4 14 3 14 3 13 3 12 3 13 3 12 3 13 3 13 3 12 2 12 3 11 3 12 3 11 0 0 3 11 4 11 4 10 4 11 4 10 5 10 5 10 5 10 5 9 5 9 5 9 6 9 6 10 6 9 6 9 7 9 8 9 7 8 7 8 7 9 8 9 8 8 9 9 9 8 9 8 9 9 0 0 0 0 0 0 0 0 0 0]"
"1768831272546145,CSI_DATA,STATION,00:00:00:00:00:00,0,0,0,0,0,0,0,0,0,0,0,0,0,0,0,0,0,0,0,0,0,128,[84 -64 4 0 0 0 0 0 0 0 0 0 13 -10 13 -9 13 -8 14 -8 14 -8 14 -8 14 -6 14 -6 14 -6 14 -5 14 -6 14 -6 13 -5 14 -5 14 -4 14 -4 13 -4 13 -4 13 -3 12 -3 12 -3 12 -3 12 -4 12 -4 11 -4 12 -4 0 0 11 -4 11 -4 11 -4 11 -5 10 -5 11 -5 10 -5 10 -5 10 -5 9 -6 10 -7 9 -7 9 -7 9 -7 9 -7 9 -8 9 -8 9 -8 9 -8 9 -9 9 -9 9 -9 9 -9 8 -10 8 -10 9 -10 0 0 0 0 0 0 0 0 0 0]"
"1768831272552640,CSI_DATA,STATION,00:00:00:00:00:00,0,0,0,0,0,0,0,0,0,0,0,0,0,0,0,0,0,0,0,0,0,128,[84 -64 4 0 0 0 0 0 0 0 0 0 5 -16 6 -16 6 -15 7 -15 7 -15 8 -15 8 -14 8 -14 9 -13 9 -13 9 -13 9 -12 9 -13 9 -12 9 -12 9 -11 9 -11 9 -11 9 -11 9 -10 8 -10 8 -10 8 -10 8 -10 7 -10 7 -10 0 0 7 -10 6 -10 6 -10 6 -10 6 -10 5 -10 5 -10 5 -11 5 -10 5 -10 4 -11 3 -11 3 -11 4 -12 4 -11 3 -12 3 -12 3 -12 3 -13 3 -13 3 -13 2 -13 2 -13 1 -13 1 -13 1 -14 0 0 0 0 0 0 0 0 0 0]"
"1768831272556969,CSI_DATA,STATION,00:00:00:00:00:00,0,0,0,0,0,0,0,0,0,0,0,0,0,0,0,0,0,0,0,0,0,128,[84 -64 4 0 0 0 0 0 0 0 0 0 8 -11 9 -12 9 -10 10 -11 10 -10 10 -10 11 -10 11 -9 11 -9 11 -8 10 -9 10 -8 11 -7 10 -7 11 -7 10 -7 10 -7 9 -7 10 -7 10 -6 9 -6 9 -6 9 -6 9 -6 9 -6 9 -7 0 0 8 -7 8 -7 8 -7 8 -7 7 -7 7 -7 7 -7 7 -8 7 -8 6 -8 6 -8 6 -8 6 -8 6 -9 6 -9 6 -9 5 -9 5 -10 5 -10 5 -10 6 -10 5 -10 5 -10 4 -11 5 -11 4 -11 0 0 0 0 0 0 0 0 0 0]"
"1768831272561302,CSI_DATA,STATION,00:00:00:00:00:00,0,0,0,0,0,0,0,0,0,0,0,0,0,0,0,0,0,0,0,0,0,128,[84 -64 4 0 0 0 0 0 0 0 0 0 -14 5 -14 5 -16 4 -15 4 -15 3 -15 3 -15 3 -15 2 -15 2 -15 1 -15 1 -15 1 -14 0 -14 0 -14 0 -14 0 -13 0 -13 0 -13 -1 -13 0 -13 0 -12 0 -12 0 -12 0 -12 0 -12 1 0 0 -11 1 -12 1 -11 1 -11 2 -11 1 -11 2 -11 2 -11 2 -10 3 -11 4 -11 4 -11 3 -11 4 -11 4 -11 4 -10 5 -11 5 -10 5 -10 5 -11 6 -10 6 -10 6 -10 6 -10 6 -10 7 -10 7 0 0 0 0 0 0 0 0 0 0]"
"1768831272567773,CSI_DATA,STATION,00:00:00:00:00:00,0,0,0,0,0,0,0,0,0,0,0,0,0,0,0,0,0,0,0,0,0,128,[84 -64 4 0 0 0 0 0 0 0 0 0 8 13 7 13 7 14 6 14 6 15 5 14 5 14 5 15 3 14 4 15 3 14 3 14 3 14 3 14 2 14 2 13 2 13 1 12 2 13 2 13 2 13 2 12 1 12 3 12 2 12 2 12 0 0 2 11 3 11 3 11 3 11 3 11 4 11 4 11 4 10 4 10 4 10 5 10 5 10 6 10 6 10 5 10 6 10 7 9 7 9 7 9 7 9 8 9 8 9 8 9 8 9 8 9 8 9 0 0 0 0 0 0 0 0 0 0]"
"1768831272572100,CSI_DATA,STATION,00:00:00:00:00:00,0,0,0,0,0,0,0,0,0,0,0,0,0,0,0,0,0,0,0,0,0,128,[84 -64 4 0 0 0 0 0 0 0 0 0 -5 -15 -4 -15 -5 -16 -3 -15 -3 -16 -3 -15 -2 -15 -2 -16 -1 -15 -1 -16 0 -15 0 -15 0 -14 0 -14 0 -14 0 -14 1 -13 1 -13 0 -13 0 -13 0 -12 0 -13 0 -12 0 -13 0 -12 0 -12 0 0 -1 -11 -1 -12 -2 -11 -2 -12 -2 -11 -2 -12 -3 -11 -3 -11 -3 -11 -3 -11 -3 -11 -4 -11 -4 -11 -4 -10 -5 -11 -4 -11 -5 -12 -5 -11 -5 -11 -6 -11 -6 -11 -6 -10 -7 -12 -7 -11 -7 -11 -7 -10 0 0 0 0 0 0 0 0 0 0]"
