"1769236305226604,CSI_DATA,STATION,00:00:00:00:00:00,0,0,0,0,0,0,0,0,0,0,0,0,0,0,0,0,0,0,0,0,0,128,[84 -64 4 0 0 0 0 0 0 0 0 0 -13 -5 -13 -6 -12 -7 -12 -7 -12 -7 -11 -7 -11 -8 -11 -8 -10 -8 -10 -9 -11 -8 -10 -8 -10 -8 -10 -9 -9 -9 -10 -9 -10 -9 -9 -9 -9 -9 -9 -9 -8 -9 -8 -8 -9 -8 -9 -8 -8 -7 -9 -7 0 0 -9 -7 -9 -7 -9 -6 -9 -6 -9 -7 -9 -7 -9 -6 -10 -6 -9 -6 -10 -6 -10 -6 -10 -6 -10 -5 -10 -5 -10 -5 -11 -5 -11 -5 -11 -5 -11 -5 -11 -5 -11 -5 -11 -5 -11 -5 -12 -5 -12 -4 -12 -4 0 0 0 0 0 0 0 02 14 -2 14 -2 14 -3 14 -3 14 -4 14 -4 13 -4 13 -4 13 -5 13 -5 13 -4 12 -5 12 -4 12 -5 12 -5 12 -4 12 -4 12 -4 12 -4 11 -4 11 -4 12 -4 11 -3 11 0 0 -3 11 -3 11 -2 11 -2 11 -2 11 -2 11 -1 11 -1 11 -1 11 -1 11 -1 11 0 11 -1 11 0 11 0 11 0 11 0 12 1 12 1 12 1 12 1 12 2 12 2 12 2 12 1 12 2 12 0 0 0 0 0 0 0 0 0 0]"
"1769236305231029,CSI_DATA,STATION,00:00:00:00:00:00,0,0,0,0,0,0,0,0,0,0,0,0,0,0,0,0,0,0,0,0,0,128,[84 -64 4 0 0 0 0 0 0 0 0 0 -9 -12 -9 -12 -8 -12 -8 -13 -8 -13 -7 -13 -6 -13 -6 -14 -6 -13 -6 -14 -6 -13 -6 -13 -5 -13 -5 -13 -5 -13 -5 -13 -5 -13 -5 -12 -4 -13 -4 -12 -4 -12 -5 -12 -4 -11 -5 -12 -5 -12 -5 -12 0 0 -5 -11 -5 -11 -5 -11 -5 -11 -6 -10 -5 -11 -6 -11 -6 -11 -6 -10 -7 -10 -7 -10 -8 -10 -8 -10 -8 -10 -7 -10 -8 -10 -8 -10 -9 -9 -9 -10 -9 -10 -9 -10 -9 -9 -9 -10 -10 -9 -10 -9 -10 -9 0 0 0 0 0 0 0 0 0 0]"
"1769236305237390,CSI_DATA,STATION,00:00:00:00:00:00,0,0,0,0,0,0,0,0,0,0,0,0,0,0,0,0,0,0,0,0,0,128,[84 -64 4 0 0 0 0 0 0 0 0 0 13 3 14 3 13 4 13 4 13 5 13 5 13 5 13 6 12 6 12 6 12 6 11 6 12 7 11 6 11 7 11 6 10 7 10 6 10 7 10 7 10 7 10 6 9 6 10 6 10 5 10 5 0 0 10 5 9 5 10 5 10 4 11 5 10 4 10 4 10 4 10 4 10 3 10 3 11 3 11 3 11 3 11 2 11 2 12 2 12 2 12 2 12 2 12 1 12 2 12 1 12 2 12 1 13 1 0 0 0 0 0 0 0 0 0 0]"
"1769236305241619,CSI_DATA,STATION,00:00:00:00:00:00,0,0,0,0,0,0,0,0,0,0,0,0,0,0,0,0,0,0,0,0,0,128,[84 -64 4 0 0 0 0 0 0 0 0 0 11 -6 12 -5 12 -5 11 -4 12 -4 12 -4 12 -3 12 -3 12 -2 12 -2 12 -2 12 -2 11 -1 12 -1 12 -1 11 -2 11 -1 11 -1 11 -1 11 -1 11 -1 10 -1 10 -1 10 -1 10 -2 10 -2 0 0 10 -2 10 -2 10 -2 10 -3 9 -2 10 -3 10 -3 10 -3 10 -3 9 -4 9 -4 9 -4 10 -4 9 -4 10 -5 9 -5 9 -5 9 -6 10 -5 10 -6 10 -6 9 -5 10 -6 9 -6 9 -7 10 -7 0 0 0 0 0 0 0 0 0 0]"
"1769236305245954,CSI_DATA,STATION,00:00:00:00:00:00,0,0,0,0,0,0,0,0,0,0,0,0,0,0,0,0,0,0,0,0,0,128,[84 -64 4 0 0 0 0 0 0 0 0 0 -11 -10 -11 -10 -11 -11 -10 -11 -10 -12 -9 -12 -9 -12 -9 -12 -8 -12 -8 -13 -7 -13 -7 -13 -6 -13 -7 -12 -7 -13 -7 -12 -7 -12 -7 -12 -6 -12 -6 -12 -6 -12 -6 -11 -6 -11 -6 -11 -6 -11 -6 -11 0 0 -7 -10 -7 -10 -7 -10 -7 -10 -7 -10 -7 -10 -7 -9 -8 -10 -8 -9 -8 -9 -8 -9 -8 -9 -8 -9 -9 -9 -9 -9 -9 -9 -9 -9 -10 -9 -10 -9 -10 -9 -10 -9 -10 -9 -10 -9 -11 -9 -10 -8 -10 -8 0 0 0 0 0 0 0 0 0 0]"
"1769236305252421,CSI_DATA,STATION,00:00:00:00:00:00,0,0,0,0,0,0,0,0,0,0,0,0,0,0,0,0,0,0,0,0,0,128,[84 -64 4 0 0 0 0 0 0 0 0 0 8 9 8 9 7 11 6 10 6 10 6 10 6 11 5 11 5 11 5 11 4 11 4 11 4 10 4 11 4 11 4 11 3 10 3 10 3 10 3 10 3 10 3 10 3 10 3 10 3 10 4 9 0 0 4 9 4 10 4 9 4 9 4 9 5 9 4 9 5 9 4 8 5 9 5 8 5 9 5 9 6 8 6 9 6 8 6 9 6 8 6 8 6 8 7 8 7 9 7 9 7 8 7 9 7 8 0 0 0 0 0 0 0 0 0 0]"
"1769236305256880,CSI_DATA,STATION,00:00:00:00:00:00,0,0,0,0,0,0,0,0,0,0,0,0,0,0,0,0,0,0,0,0,0,128,[84 -64 4 0 0 0 0 0 0 0 0 0 7 -12 8 -12 8 -11 9 -11 9 -11 10 -11 10 -11 10 -10 10 -10 10 -9 10 -9 10 -9 10 -9 10 -9 11 -8 10 -8 10 -8 10 -8 10 -8 10 -7 10 -7 10 -7 10 -8 9 -8 9 -8 9 -8 0 0 9 -8 8 -8 8 -8 8 -8 8 -8 8 -8 8 -8 8 -9 7 -9 8 -9 7 -10 7 -9 7 -10 7 -9 7 -10 7 -11 6 -11 7 -11 7 -11 7 -11 7 -11 6 -10 6 -11 6 -11 6 -12 6 -12 0 0 0 0 0 0 0 0 0 0]"
"1769236305261201,CSI_DATA,STATION,00:00:00:00:00:00,0,0,0,0,0,0,0,0,0,0,0,0,0,0,0,0,0,0,0,0,0,128,[84 -64 4 0 0 0 0 0 0 0 0 0 10 -7 11 -7 11 -6 11 -5 12 -5 12 -5 11 -4 12 -4 11 -3 12 -3 12 -3 11 -3 11 -3 11 -2 11 -2 11 -3 11 -2 11 -2 11 -2 11 -2 11 -2 10 -2 10 -2 10 -2 10 -2 10 -2 0 0 9 -3 10 -3 9 -2 10 -3 10 -3 10 -3 10 -3 10 -4 9 -4 9 -4 9 -5 9 -4 9 -4 9 -4 9 -5 9 -5 9 -5 10 -6 10 -6 9 -6 9 -6 9 -5 10 -6 9 -6 10 -6 10 -6 0 0 0 0 0 0 0 0 0 0]"
"1769236305267854,CSI_DATA,STATION,00:00:00:00:00:00,0,0,0,0,0,0,0,0,0,0,0,0,0,0,0,0,0,0,0,0,0,128,[84 -64 4 0 0 0 0 0 0 0 0 0 -15 2 -15 1 -15 1 -15 0 -15 0 -14 0 -15 -1 -15 -1 -15 -1 -15 -2 -14 -2 -14 -2 -14 -3 -14 -3 -14 -3 -13 -2 -13 -3 -14 -3 -13 -3 -13 -3 -13 -3 -13 -3 -12 -3 -13 -3 -12 -3 -12 -2 0 0 -12 -2 -12 -1 -12 -1 -12 -1 -12 -1 -12 -1 -12 -1 -12 -1 -12 0 -12 0 -12 1 -12 0 -12 0 -12 0 -12 1 -12 1 -13 1 -13 1 -13 2 -13 2 -13 2 -13 2 -13 2 -13 2 -13 2 -13 2 0 0 0 0 0 0 0 0 0 0]"
"1769236305272316,CSI_DATA,STATION,00:00:00:00:00:00,0,0,0,0,0,0,0,0,0,0,0,0,0,0,0,0,0,0,0,0,0,128,[84 -64 4 0 0 0 0 0 0 0 0 0 2 -15 2 -15 3 -15 3 -14 4 -15 4 -14 5 -14 5 -14 6 -13 6 -13 5 -14 6 -12 5 -13 6 -13 5 -12 6 -12 6 -12 6 -13 5 -11 6 -11 6 -11 6 -11 6 -12 5 -11 5 -11 4 -11 0 0 4 -11 4 -11 4 -11 3 -12 3 -11 3 -11 3 -12 3 -12 2 -12 3 -12 2 -12 2 -12 2 -12 2 -12 2 -13 1 -12 1 -13 1 -13 1 -13 1 -13 0 -13 1 -13 0 -13 0 -13 0 -14 0 -14 0 0 0 0 0 0 0 0 0 0]"
"1769236305276773,CSI_DATA,STATION,00:00:00:00:00:00,0,0,0,0,0,0,0,0,0,0,0,0,0,0,0,0,0,0,0,0,0,128,[84 -64 4 0 0 0 0 0 0 0 0 0 -15 -3 -14 -4 -15 -4 -14 -5 -14 -5 -14 -6 -14 -6 -13 -7 -13 -7 -13 -8 -13 -7 -12 -7 -12 -7 -12 -7 -12 -8 -12 -7 -11 -7 -12 -8 -11 -7 -11 -7 -11 -7 -11 -7 -11 -7 -11 -7 -10 -6 -11 -6 0 0 -10 -6 -11 -5 -11 -5 -11 -5 -11 -5 -11 -5 -11 -5 -12 -5 -11 -5 -12 -4 -12 -4 -12 -4 -12 -3 -12 -4 -12 -3 -13 -3 -12 -4 -13 -3 -13 -3 -13 -3 -13 -3 -13 -3 -13 -3 -13 -2 -13 -2 -13 -2 0 0 0 0 0 0 0 0 0 0]"
"1769236305283460,CSI_DATA,STATION,00:00:00:00:00:00,0,0,0,0,0,0,0,0,0,0,0,0,0,0,0,0,0,0,0,0,0,128,[84 -64 4 0 0 0 0 0 0 0 0 0 -10 -11 -10 -11 -10 -12 -10 -12 -9 -12 -9 -13 -8 -12 -8 -13 -7 -13 -7 -13 -7 -13 -7 -12 -7 -13 -7 -13 -6 -13 -6 -12 -6 -12 -6 -12 -6 -12 -5 -12 -6 -12 -6 -12 -6 -11 -6 -11 -6 -11 -6 -11 0 0 -6 -10 -6 -10 -7 -10 -6 -10 -7 -11 -7 -10 -7 -10 -8 -10 -7 -10 -8 -9 -8 -9 -9 -9 -8 -9 -9 -10 -8 -9 -9 -9 -9 -9 -9 -9 -10 -9 -10 -9 -10 -8 -10 -9 -10 -9 -11 -9 -11 -8 -11 -8 0 0 0 0 0 0 0 0 0 0]"
"1769236305287931,CSI_DATA,STATION,00:00:00:00:00:00,0,0,0,0,0,0,0,0,0,0,0,0,0,0,0,0,0,0,0,0,0,128,[84 -64 4 0 0 0 0 0 0 0 0 0 -5 11 -6 11 -6 11 -7 11 -7 10 -7 10 -8 10 -8 10 -8 10 -9 9 -8 9 -9 9 -9 9 -9 8 -8 8 -9 8 -8 8 -9 8 -8 8 -8 7 -8 7 -8 8 -8 8 -8 8 -7 7 -7 8 0 0 -7 8 -6 7 -6 8 -6 8 -6 8 -6 7 -6 8 -6 8 -5 9 -5 9 -5 9 -5 9 -5 9 -4 9 -5 9 -4 9 -4 10 -4 10 -4 10 -4 10 -4 10 -4 10 -4 10 -4 10 -4 11 -4 11 0 0 0 0 0 0 0 0 0 0]"
"1769236305294643,CSI_DATA,STATION,00:00:00:00:00:00,0,0,0,0,0,0,0,0,0,0,0,0,0,0,0,0,0,0,0,0,0,128,[84 -64 4 0 0 0 0 0 0 0 0 0 -8 -13 -8 -13 -8 -13 -7 -13 -6 -14 -6 -14 -5 -14 -5 -14 -5 -14 -4 -14 -4 -13 -4 -13 -4 -14 -4 -13 -3 -14 -3 -13 -2 -13 -3 -12 -3 -13 -3 -13 -2 -12 -3 -13 -2 -12 -3 -12 -3 -12 -3 -12 0 0 -3 -12 -3 -11 -4 -12 -3 -11 -4 -12 -4 -11 -4 -12 -4 -11 -4 -11 -5 -11 -5 -11 -5 -11 -5 -11 -5 -11 -6 -11 -6 -11 -6 -11 -6 -12 -6 -12 -6 -11 -6 -11 -6 -12 -7 -11 -7 -11 -7 -12 -7 -11 0 0 0 0 0 0 0 0 0 0]"
"1769236305299133,CSI_DATA,STATION,00:00:00:00:00:00,0,0,0,0,0,0,0,0,0,0,0,0,0,0,0,0,0,0,0,0,0,128,[84 -64 4 0 0 0 0 0 0 0 0 0 9 8 9 8 9 8 9 9 8 9 8 9 7 9 7 9 7 10 7 10 7 9 6 10 6 9 6 10 5 10 6 10 5 9 5 9 5 9 5 9 5 9 5 9 5 9 5 8 5 9 5 8 0 0 5 8 6 8 5 7 5 7 6 7 6 7 6 7 6 8 6 7 6 7 7 6 7 7 7 7 7 7 7 7 7 7 8 6 8 6 8 7 8 7 8 6 9 7 8 7 9 6 9 6 9 6 0 0 0 0 0 0 0 0 0 0]"
"1769236305303593,CSI_DATA,STATION,00:00:00:00:00:00,0,0,0,0,0,0,0,0,0,0,0,0,0,0,0,0,0,0,0,0,0,128,[84 -64 4 0 0 0 0 0 0 0 0 0 6 12 5 13 5 13 5 13 5 13 4 13 4 13 3 13 3 13 2 13 2 13 2 13 2 13 2 12 2 13 1 13 2 12 1 12 1 12 2 12 2 12 1 12 2 12 1 12 2 11 1 11 0 0 2 11 2 11 2 10 3 10 3 11 3 11 3 10 4 10 3 10 4 10 4 10 4 11 5 11 5 11 5 10 5 11 6 9 6 10 6 10 6 10 7 10 7 10 6 10 7 10 7 10 7 10 0 0 0 0 0 0 0 0 0 0]"
"1769236305308052,CSI_DATA,STATION,00:00:00:00:00:00,0,0,0,0,0,0,0,0,0,0,0,0,0,0,0,0,0,0,0,0,0,128,[84 -64 4 0 0 0 0 0 0 0 0 0 11 7 11 8 11 9 11 9 10 9 10 10 9 10 9 10 9 10 9 10 9 10 8 10 8 10 8 10 8 10 7 10 7 10 7 9 7 10 7 10 7 10 7 9 7 9 7 9 7 9 7 8 0 0 7 8 7 8 8 8 7 7 8 8 8 8 8 7 8 7 8 7 9 6 9 6 9 7 9 7 10 6 9 6 10 6 10 5 10 6 10 5 10 5 10 6 10 6 11 5 11 5 11 5 11 5 0 0 0 0 0 0 0 0 0 0]"
"1769236305314730,CSI_DATA,STATION,00:00:00:00:00:00,0,0,0,0,0,0,0,0,0,0,0,0,0,0,0,0,0,0,0,0,0,128,[84 -64 4 0 0 0 0 0 0 0 0 0 2 21 2 21 1 22 0 22 0 22 -1 22 -2 21 -3 21 -2 21 -4 21 -3 20 -4 19 -4 20 -4 20 -5 19 -4 19 -5 19 -5 18 -5 18 -5 18 -4 17 -4 17 -4 16 -4 17 -4 17 -3 17 0 0 -3 17 -2 16 -2 17 -2 17 -1 16 -2 17 -2 17 -1 16 -1 16 0 17 1 17 1 17 1 17 1 16 2 17 3 17 3 17 3 17 3 17 3 17 3 18 3 17 4 18 5 18 4 17 5 18 0 0 0 0 0 0 0 0 0 0]"
"1769236305319215,CSI_DATA,STATION,00:00:00:00:00:00,0,0,0,0,0,0,0,0,0,0,0,0,0,0,0,0,0,0,0,0,0,128,[84 -64 4 0 0 0 0 0 0 0 0 0 6 12 6 12 5 12 5 12 5 13 4 13 3 13 2 13 3 13 3 13 2 13 2 13 2 12 2 13 1 13 2 12 1 12 1 11 1 12 1 12 1 12 1 12 1 11 1 11 2 11 1 11 0 0 2 10 3 11 3 10 2 10 3 10 3 10 3 10 3 10 3 10 4 10 4 10 4 10 4 11 5 10 5 10 5 10 5 10 6 10 5 10 5 10 6 10 6 10 6 10 7 10 6 10 7 10 0 0 0 0 0 0 0 0 0 0]"
"1769236305323671,CSI_DATA,STATION,00:00:00:00:00:00,0,0,0,0,0,0,0,0,0,0,0,0,0,0,0,0,0,0,0,0,0,128,[84 -64 4 0 0 0 0 0 0 0 0 0 -12 8 -13 7 -13 7 -13 6 -13 6 -14 6 -13 5 -14 5 -14 4 -14 4 -14 3 -13 3 -13 3 -13 3 -13 2 -13 3 -13 3 -13 2 -13 2 -13 2 -12 2 -13 2 -12 3 -12 2 -12 2 -12 3 0 0 -12 3 -11 3 -11 3 -12 3 -11 3 -11 3 -11 3 -11 3 -11 4 -11 4 -11 5 -11 4 -11 5 -11 5 -11 5 -11 5 -11 5 -11 6 -11 6 -12 6 -11 6 -11 6 -11 7 -11 7 -11 6 -11 7 0 0 0 0 0 0 0 0 0 0]"
"1769236305330262,CSI_DATA,STATION,00:00:00:00:00:00,0,0,0,0,0,0,0,0,0,0,0,0,0,0,0,0,0,0,0,0,0,128,[84 -64 4 0 0 0 0 0 0 0 0 0 -10 -10 -11 -11 -10 -11 -10 -12 -9 -12 -9 -13 -9 -12 -8 -13 -8 -12 -7 -13 -7 -12 -7 -13 -7 -13 -6 -13 -6 -13 -6 -12 -6 -12 -6 -12 -6 -13 -6 -12 -6 -12 -6 -11 -6 -11 -6 -11 -6 -11 -6 -11 0 0 -6 -10 -6 -11 -7 -10 -6 -10 -7 -10 -7 -10 -7 -10 -7 -10 -7 -10 -8 -9 -8 -9 -8 -9 -8 -10 -8 -10 -8 -9 -9 -9 -9 -9 -9 -9 -9 -9 -9 -10 -10 -9 -10 -9 -10 -9 -10 -9 -10 -9 -10 -9 0 0 0 0 0 0 0 0 0 0]"
"1769236305334498,CSI_DATA,STATION,00:00:00:00:00:00,0,0,0,0,0,0,0,0,0,0,0,0,0,0,0,0,0,0,0,0,0,128,[84 -64 4 0 0 0 0 0 0 0 0 0 13 -7 13 -6 13 -5 13 -5 13 -5 13 -4 13 -4 13 -3 14 -3 14 -3 13 -3 13 -3 13 -2 13 -2 12 -2 13 -2 12 -2 13 -2 12 -1 12 -1 12 -1 12 -2 12 -2 11 -2 11 -2 11 -2 0 0 11 -3 11 -3 10 -3 11 -3 11 -3 11 -3 11 -3 11 -4 10 -4 10 -5 10 -5 10 -5 11 -5 10 -5 11 -6 10 -6 10 -6 11 -6 11 -6 11 -6 11 -7 10 -6 11 -7 10 -7 11 -7 10 -7 0 0 0 0 0 0 0 0 0 0]"
"1769236305349350,CSI_DATA,STATION,00:00:00:00:00:00,0,0,0,0,0,0,0,0,0,0,0,0,0,0,0,0,0,0,0,0,0,128,[84 -64 4 0 0 0 0 0 0 0 0 0 -9 -12 -9 -12 -8 -12 -8 -13 -7 -13 -7 -13 -6 -13 -6 -13 -6 -13 -6 -13 -5 -13 -5 -13 -5 -13 -5 -13 -5 -13 -5 -13 -4 -12 -4 -12 -4 -13 -4 -12 -4 -12 -4 -12 -4 -11 -4 -12 -4 -11 -5 -11 0 0 -5 -10 -6 -11 -5 -11 -5 -10 -6 -10 -6 -11 -6 -10 -6 -10 -6 -10 -7 -10 -7 -10 -7 -10 -8 -10 -7 -10 -8 -9 -8 -9 -9 -9 -9 -10 -8 -10 -9 -10 -9 -10 -9 -9 -9 -10 -10 -9 -10 -9 -9 -9 0 0 0 0 0 0 0 0 0 0]"
"1769236305353661,CSI_DATA,STATION,00:00:00:00:00:00,0,0,0,0,0,0,0,0,0,0,0,0,0,0,0,0,0,0,0,0,0,128,[84 -64 4 0 0 0 0 0 0 0 0 0 12 6 12 7 11 8 11 8 11 9 10 9 10 9 9 9 9 9 9 9 9 9 9 9 9 9 8 9 8 10 8 10 8 9 8 9 7 9 7 9 7 9 7 9 7 9 8 8 8 8 7 8 0 0 7 7 7 8 8 7 7 7 8 7 8 7 8 7 8 7 9 7 9 6 9 5 9 6 9 6 10 6 9 6 10 5 10 5 10 5 10 5 10 5 11 5 10 5 11 5 11 5 11 4 11 4 0 0 0 0 0 0 0 0 0 0]"
"1769236305360130,CSI_DATA,STATION,00:00:00:00:00:00,0,0,0,0,0,0,0,0,0,0,0,0,0,0,0,0,0,0,0,0,0,128,[84 -64 4 0 0 0 0 0 0 0 0 0 8 9 7 10 7 10 6 10 6 10 6 11 5 10 5 11 5 11 4 11 4 10 3 11 4 10 3 11 4 11 3 10 3 10 3 10 3 10 3 10 3 10 3 9 3 9 3 9 3 9 4 9 0 0 4 8 4 9 4 8 4 8 5 9 5 8 5 8 5 8 5 7 5 8 5 7 6 8 6 8 6 8 6 7 7 7 7 7 7 7 7 7 7 7 8 7 8 7 7 7 8 7 8 7 8 7 0 0 0 0 0 0 0 0 0 0]"
"1769236305364442,CSI_DATA,STATION,00:00:00:00:00:00,0,0,0,0,0,0,0,0,0,0,0,0,0,0,0,0,0,0,0,0,0,128,[84 -64 4 0 0 0 0 0 0 0 0 0 -15 0 -15 0 -15 -1 -15 -2 -15 -2 -14 -2 -14 -2 -14 -2 -14 -3 -14 -3 -14 -4 -13 -4 -13 -4 -13 -4 -13 -4 -13 -4 -13 -4 -13 -4 -12 -4 -12 -5 -12 -4 -12 -4 -12 -4 -12 -4 -11 -3 -12 -3 0 0 -11 -3 -11 -3 -11 -3 -11 -2 -12 -3 -11 -2 -11 -2 -12 -2 -11 -1 -12 -1 -12 -1 -12 -1 -12 -1 -12 -1 -12 -1 -12 0 -13 -1 -12 0 -13 0 -12 0 -13 0 -13 0 -13 0 -13 1 -13 1 -13 1 0 0 0 0 0 0 0 0 0 0]"
"1769236305371174,CSI_DATA,STATION,00:00:00:00:00:00,0,0,0,0,0,0,0,0,0,0,0,0,0,0,0,0,0,0,0,0,0,128,[84 -64 4 0 0 0 0 0 0 0 0 0 15 1 15 2 15 2 15 3 14 3 15 3 14 4 14 4 14 4 14 5 13 5 13 5 13 6 13 6 12 6 12 5 12 6 12 6 12 6 12 6 11 6 11 5 11 5 12 5 11 5 11 4 0 0 11 4 11 4 11 4 11 3 12 4 12 3 12 3 12 2 12 2 11 2 12 2 12 2 12 2 12 2 12 1 13 0 12 1 13 0 13 0 13 0 13 0 13 0 13 0 13 0 14 -1 13 -1 0 0 0 0 0 0 0 0 0 0]"
"1769236305375566,CSI_DATA,STATION,00:00:00:00:00:00,0,0,0,0,0,0,0,0,0,0,0,0,0,0,0,0,0,0,0,0,0,128,[84 -64 4 0 0 0 0 0 0 0 0 0 -3 -13 -2 -13 -2 -13 -1 -13 -1 -13 -1 -13 0 -13 0 -13 0 -12 1 -13 1 -12 1 -12 2 -12 1 -12 1 -12 1 -12 2 -11 2 -11 1 -12 1 -11 1 -11 1 -11 2 -11 1 -11 1 -10 1 -11 0 0 1 -10 0 -10 0 -10 0 -10 0 -11 0 -11 -1 -10 -1 -11 -1 -10 -1 -10 -1 -11 -1 -10 -1 -11 -2 -11 -2 -11 -2 -11 -2 -11 -3 -11 -3 -11 -2 -11 -3 -11 -3 -11 -3 -11 -3 -11 -3 -11 -3 -11 0 0 0 0 0 0 0 0 0 0]"
"1769236305379986,CSI_DATA,STATION,00:00:00:00:00:00,0,0,0,0,0,0,0,0,0,0,0,0,0,0,0,0,0,0,0,0,0,128,[84 -64 4 0 0 0 0 0 0 0 0 0 -8 23 -9 23 -10 23 -11 23 -11 22 -11 22 -12 21 -12 21 -13 20 -13 20 -13 20 -14 19 -14 18 -14 18 -14 17 -15 18 -13 16 -13 16 -13 16 -14 16 -13 16 -13 16 -13 16 -12 15 -12 16 -12 16 0 0 -11 16 -11 16 -10 16 -10 16 -10 16 -10 17 -10 17 -8 16 -9 17 -8 17 -8 18 -7 18 -7 18 -7 18 -7 18 -6 18 -5 19 -6 19 -5 20 -5 19 -5 20 -5 20 -4 20 -4 20 -4 20 -4 20 0 0 0 0 0 0 0 0 0 0]"
"1769236305386672,CSI_DATA,STATION,00:00:00:00:00:00,0,0,0,0,0,0,0,0,0,0,0,0,0,0,0,0,0,0,0,0,0,128,[84 -64 4 0 0 0 0 0 0 0 0 0 9 10 9 10 8 11 8 11 7 11 7 11 6 12 6 12 6 12 5 12 5 12 5 12 4 11 5 11 4 12 4 11 4 11 3 11 4 11 4 11 4 11 4 11 4 11 3 10 4 10 4 10 0 0 4 10 4 10 5 9 4 10 5 10 5 9 5 9 6 9 5 9 6 9 5 8 6 9 6 9 6 9 7 9 7 9 7 8 8 9 7 8 7 8 8 9 8 9 8 8 8 8 8 9 9 8 0 0 0 0 0 0 0 0 0 0]"
"1769236305391158,CSI_DATA,STATION,00:00:00:00:00:00,0,0,0,0,0,0,0,0,0,0,0,0,0,0,0,0,0,0,0,0,0,128,[84 -64 4 0 0 0 0 0 0 0 0 0 8 10 7 11 7 11 7 11 7 12 6 11 6 12 5 12 5 12 5 13 5 12 4 12 4 12 4 12 4 12 4 12 3 11 3 11 3 11 4 12 3 11 3 11 3 11 3 11 4 10 4 10 0 0 4 10 4 10 4 10 4 10 5 10 5 10 5 9 5 9 5 8 6 9 6 9 6 9 6 9 6 9 6 9 7 9 7 9 7 8 7 8 7 9 8 8 8 9 8 9 8 8 8 8 8 9 0 0 0 0 0 0 0 0 0 0]"
"1769236305395622,CSI_DATA,STATION,00:00:00:00:00:00,0,0,0,0,0,0,0,0,0,0,0,0,0,0,0,0,0,0,0,0,0,128,[84 -64 4 0 0 0 0 0 0 0 0 0 -16 1 -16 0 -16 -1 -16 -2 -15 -2 -16 -2 -16 -3 -15 -3 -15 -4 -15 -4 -15 -4 -14 -4 -15 -5 -14 -4 -14 -5 -14 -5 -13 -5 -14 -5 -13 -5 -13 -5 -13 -5 -13 -5 -13 -5 -13 -5 -12 -4 -13 -3 0 0 -12 -4 -12 -4 -12 -3 -12 -3 -13 -3 -12 -3 -12 -3 -13 -3 -13 -3 -13 -2 -13 -2 -13 -2 -13 -2 -13 -2 -13 -1 -13 -1 -14 -1 -13 -1 -14 0 -14 -1 -14 0 -14 -1 -14 0 -14 0 -15 0 -14 0 0 0 0 0 0 0 0 0 0 0]"
"1769236305402303,CSI_DATA,STATION,00:00:00:00:00:00,0,0,0,0,0,0,0,0,0,0,0,0,0,0,0,0,0,0,0,0,0,128,[84 -64 4 0 0 0 0 0 0 0 0 0 4 14 3 14 3 14 2 15 2 14 1 15 1 15 0 14 0 14 0 14 0 15 0 14 -1 14 -1 13 -2 14 -2 14 -2 13 -2 12 -2 13 -2 13 -2 12 -1 12 -2 12 -1 12 -1 12 -1 13 0 0 -1 11 0 11 0 12 0 12 0 12 1 12 0 12 1 12 1 11 1 11 1 12 2 12 1 12 2 12 2 12 2 12 3 12 3 12 3 12 3 12 3 13 3 12 3 12 4 12 4 12 4 13 0 0 0 0 0 0 0 0 0 0]"
"1769236305406762,CSI_DATA,STATION,00:00:00:00:00:00,0,0,0,0,0,0,0,0,0,0,0,0,0,0,0,0,0,0,0,0,0,128,[84 -64 4 0 0 0 0 0 0 0 0 0 14 -1 15 -1 15 0 15 0 14 1 14 2 15 1 14 2 14 3 14 3 14 3 13 3 14 3 13 4 13 4 13 3 13 4 12 4 12 4 12 4 12 4 11 4 11 3 12 3 12 3 11 3 0 0 11 2 11 3 12 3 11 2 11 2 11 1 11 2 11 1 11 1 11 1 11 0 12 1 12 0 12 1 12 0 12 0 12 -1 12 -1 13 -1 12 -1 13 -1 13 -1 13 -1 13 -1 13 -1 14 -2 0 0 0 0 0 0 0 0 0 0]"
"1769236305411216,CSI_DATA,STATION,00:00:00:00:00:00,0,0,0,0,0,0,0,0,0,0,0,0,0,0,0,0,0,0,0,0,0,128,[84 -64 4 0 0 0 0 0 0 0 0 0 7 -12 7 -11 8 -11 8 -11 9 -11 9 -10 9 -10 10 -9 9 -9 9 -9 9 -9 10 -8 9 -9 9 -8 9 -7 9 -8 9 -8 10 -9 9 -8 9 -7 9 -7 9 -7 9 -8 9 -8 8 -7 8 -7 0 0 8 -8 7 -7 7 -8 7 -8 7 -9 7 -8 6 -8 7 -9 7 -9 6 -10 6 -9 6 -9 6 -9 6 -9 5 -10 6 -11 6 -11 5 -11 5 -11 6 -11 5 -11 5 -11 5 -11 5 -12 5 -12 5 -12 0 0 0 0 0 0 0 0 0 0]"
"1769236305415644,CSI_DATA,STATION,00:00:00:00:00:00,0,0,0,0,0,0,0,0,0,0,0,0,0,0,0,0,0,0,0,0,0,128,[84 -64 4 0 0 0 0 0 0 0 0 0 -3 -13 -3 -14 -3 -14 -2 -15 -2 -13 -1 -14 -1 -13 0 -14 1 -14 0 -14 0 -13 1 -13 1 -13 1 -13 1 -13 1 -13 2 -13 1 -12 1 -13 1 -12 1 -12 1 -12 1 -12 1 -12 0 -12 1 -12 0 0 0 -11 0 -11 0 -11 0 -11 0 -12 0 -11 -1 -11 -1 -11 -1 -11 -1 -11 -1 -12 -1 -11 -2 -11 -2 -12 -2 -11 -3 -12 -2 -12 -3 -12 -3 -12 -2 -12 -3 -12 -3 -12 -3 -12 -4 -13 -4 -13 -4 -13 0 0 0 0 0 0 0 0 0 0]"
"1769236305422418,CSI_DATA,STATION,00:00:00:00:00:00,0,0,0,0,0,0,0,0,0,0,0,0,0,0,0,0,0,0,0,0,0,128,[84 -64 4 0 0 0 0 0 0 0 0 0 10 -8 11 -7 11 -7 11 -6 12 -6 11 -6 12 -6 12 -5 12 -5 12 -4 12 -4 12 -4 11 -3 11 -4 11 -3 11 -4 11 -3 10 -3 11 -3 11 -3 10 -3 11 -3 10 -4 10 -3 10 -3 10 -4 0 0 9 -4 10 -4 10 -4 10 -4 9 -4 10 -5 9 -5 9 -5 9 -5 9 -5 9 -5 9 -5 9 -6 9 -5 9 -6 9 -7 9 -7 9 -7 9 -7 9 -7 9 -7 9 -7 9 -7 9 -7 9 -8 9 -8 0 0 0 0 0 0 0 0 0 0]"
"1769236305426885,CSI_DATA,STATION,00:00:00:00:00:00,0,0,0,0,0,0,0,0,0,0,0,0,0,0,0,0,0,0,0,0,0,128,[84 -64 4 0 0 0 0 0 0 0 0 0 -13 5 -13 4 -13 4 -13 4 -13 3 -13 3 -13 3 -14 2 -13 2 -14 1 -13 1 -13 2 -13 1 -13 1 -12 0 -13 1 -12 0 -12 0 -12 0 -12 0 -12 0 -12 1 -12 1 -11 0 -11 1 -11 1 0 0 -11 1 -11 2 -10 2 -11 2 -11 2 -11 2 -11 2 -11 2 -10 3 -11 3 -11 3 -11 3 -10 3 -10 4 -11 4 -10 4 -11 4 -11 5 -11 5 -11 5 -11 5 -11 5 -11 5 -11 6 -11 6 -11 5 0 0 0 0 0 0 0 0 0 0]"
"1769236305431213,CSI_DATA,STATION,00:00:00:00:00:00,0,0,0,0,0,0,0,0,0,0,0,0,0,0,0,0,0,0,0,0,0,128,[84 -64 4 0 0 0 0 0 0 0 0 0 12 -5 12 -5 12 -4 13 -4 12 -4 13 -4 12 -2 13 -3 12 -2 12 -1 12 -2 12 -2 12 -1 12 -1 12 -1 11 -1 11 -1 11 -1 11 0 12 0 11 0 11 0 10 -1 10 -1 10 -1 10 -1 0 0 10 -1 10 -1 10 -1 10 -2 10 -2 11 -2 10 -2 10 -2 10 -2 10 -3 10 -3 10 -3 10 -3 10 -3 10 -3 10 -4 10 -4 11 -4 10 -4 11 -4 11 -4 11 -4 10 -4 10 -5 11 -5 11 -5 0 0 0 0 0 0 0 0 0 0]"
"1769236305437734,CSI_DATA,STATION,00:00:00:00:00:00,0,0,0,0,0,0,0,0,0,0,0,0,0,0,0,0,0,0,0,0,0,128,[84 -64 4 0 0 0 0 0 0 0 0 0 16 1 15 2 15 2 15 3 16 3 15 4 15 4 15 5 15 4 14 5 14 5 14 5 14 5 13 6 13 5 14 5 13 5 12 5 13 5 13 5 12 6 12 5 12 5 12 4 11 5 12 4 0 0 12 3 12 3 12 3 12 3 12 3 12 2 12 2 12 2 12 1 12 1 12 1 13 1 13 1 13 1 13 0 13 -1 13 0 13 -1 13 -1 13 -2 14 -2 13 -1 14 -1 14 -2 14 -2 14 -2 0 0 0 0 0 0 0 0 0 0]"
"1769236305442118,CSI_DATA,STATION,00:00:00:00:00:00,0,0,0,0,0,0,0,0,0,0,0,0,0,0,0,0,0,0,0,0,0,128,[84 -64 4 0 0 0 0 0 0 0 0 0 -9 -11 -9 -10 -8 -11 -8 -11 -7 -12 -7 -12 -7 -12 -6 -12 -6 -12 -6 -13 -5 -12 -5 -12 -5 -12 -5 -12 -4 -12 -5 -12 -4 -11 -4 -12 -4 -11 -5 -11 -4 -11 -4 -11 -4 -11 -4 -11 -4 -10 -4 -11 0 0 -4 -10 -5 -11 -5 -10 -5 -10 -5 -10 -5 -10 -5 -10 -6 -10 -6 -10 -6 -10 -6 -10 -6 -10 -6 -9 -6 -10 -7 -10 -7 -9 -7 -10 -7 -10 -7 -10 -7 -10 -7 -10 -8 -10 -8 -10 -8 -10 -8 -10 -8 -9 0 0 0 0 0 0 0 0 0 0]"
"1769236305448635,CSI_DATA,STATION,00:00:00:00:00:00,0,0,0,0,0,0,0,0,0,0,0,0,0,0,0,0,0,0,0,0,0,128,[84 -64 4 0 0 0 0 0 0 0 0 0 8 10 7 10 6 10 7 11 6 11 6 11 6 11 5 11 4 11 4 12 5 11 4 11 4 11 4 11 4 11 3 11 3 11 3 10 3 11 3 11 3 10 3 10 3 10 3 10 3 10 3 9 0 0 4 9 3 9 4 9 3 9 4 9 4 9 4 9 5 9 5 8 5 9 5 8 5 9 5 9 6 9 5 9 6 9 6 8 6 9 7 8 6 8 7 9 6 9 7 8 7 8 8 9 8 9 0 0 0 0 0 0 0 0 0 0]"
"1769236305452989,CSI_DATA,STATION,00:00:00:00:00:00,0,0,0,0,0,0,0,0,0,0,0,0,0,0,0,0,0,0,0,0,0,128,[84 -64 4 0 0 0 0 0 0 0 0 0 14 -19 14 -18 16 -19 15 -17 17 -17 16 -16 16 -16 17 -16 17 -15 18 -14 18 -13 18 -13 18 -13 18 -12 17 -12 18 -13 16 -12 17 -12 16 -11 16 -11 17 -11 16 -12 16 -11 15 -11 16 -11 15 -11 0 0 14 -11 14 -12 14 -12 14 -13 13 -12 13 -12 13 -13 13 -13 13 -13 12 -14 12 -14 12 -14 12 -14 11 -14 11 -15 10 -16 11 -16 10 -16 10 -16 10 -16 10 -17 10 -17 10 -17 10 -17 10 -18 9 -17 0 0 0 0 0 0 0 0 0 0]"
"1769236305457358,CSI_DATA,STATION,00:00:00:00:00:00,0,0,0,0,0,0,0,0,0,0,0,0,0,0,0,0,0,0,0,0,0,128,[84 -64 4 0 0 0 0 0 0 0 0 0 8 -14 9 -14 9 -13 9 -13 10 -13 11 -13 11 -12 11 -12 11 -12 11 -11 11 -11 10 -10 11 -11 11 -10 11 -10 11 -10 11 -10 11 -10 11 -9 11 -10 11 -9 10 -9 10 -9 9 -9 9 -9 9 -9 0 0 8 -9 8 -9 8 -10 7 -10 8 -10 7 -10 7 -11 7 -10 7 -11 7 -11 6 -11 6 -11 6 -11 6 -12 5 -12 5 -12 5 -12 6 -13 5 -13 5 -13 5 -13 5 -13 4 -13 4 -13 4 -14 4 -14 0 0 0 0 0 0 0 0 0 0]"
"1769236305463851,CSI_DATA,STATION,00:00:00:00:00:00,0,0,0,0,0,0,0,0,0,0,0,0,0,0,0,0,0,0,0,0,0,128,[84 -64 4 0 0 0 0 0 0 0 0 0 -14 -9 -13 -10 -14 -10 -13 -11 -13 -11 -12 -11 -12 -11 -11 -12 -11 -12 -11 -12 -10 -12 -10 -12 -10 -12 -10 -12 -9 -12 -9 -12 -9 -12 -9 -12 -9 -12 -9 -11 -9 -12 -9 -11 -9 -11 -9 -11 -9 -11 -9 -10 0 0 -9 -10 -9 -10 -9 -10 -9 -9 -10 -9 -9 -9 -10 -9 -10 -9 -10 -9 -11 -8 -11 -8 -11 -8 -11 -8 -11 -8 -11 -8 -12 -8 -12 -8 -12 -7 -12 -7 -12 -7 -13 -7 -13 -7 -13 -7 -13 -7 -13 -7 -13 -6 0 0 0 0 0 0 0 0 0 0]"
"1769236305468213,CSI_DATA,STATION,00:00:00:00:00:00,0,0,0,0,0,0,0,0,0,0,0,0,0,0,0,0,0,0,0,0,0,128,[84 -64 4 0 0 0 0 0 0 0 0 0 -2 23 -3 23 -4 22 -4 23 -5 22 -5 22 -7 22 -7 21 -7 20 -8 20 -7 21 -8 20 -8 19 -8 19 -8 19 -9 19 -8 18 -8 18 -8 18 -9 18 -8 17 -8 17 -7 17 -7 17 -7 17 -6 17 0 0 -6 17 -6 17 -5 17 -5 17 -5 17 -5 17 -5 17 -3 17 -4 16 -3 17 -2 17 -2 17 -2 17 -1 17 -1 18 0 18 0 18 0 18 0 19 0 18 0 19 1 19 1 19 2 19 2 19 2 19 0 0 0 0 0 0 0 0 0 0]"
"1769236305474713,CSI_DATA,STATION,00:00:00:00:00:00,0,0,0,0,0,0,0,0,0,0,0,0,0,0,0,0,0,0,0,0,0,128,[84 -64 4 0 0 0 0 0 0 0 0 0 -26 -2 -26 -3 -26 -5 -26 -6 -25 -7 -25 -6 -25 -7 -25 -8 -24 -8 -23 -9 -24 -9 -23 -10 -22 -10 -22 -10 -22 -10 -22 -11 -21 -9 -20 -9 -20 -10 -20 -11 -20 -10 -20 -10 -19 -9 -19 -9 -19 -9 -19 -8 0 0 -20 -7 -19 -8 -19 -7 -19 -6 -20 -6 -19 -7 -20 -7 -20 -5 -19 -5 -20 -4 -20 -3 -20 -4 -20 -4 -20 -3 -21 -2 -21 -2 -21 -2 -21 -1 -22 -1 -22 -1 -22 -1 -21 -1 -22 -1 -22 0 -22 1 -23 1 0 0 0 0 0 0 0 0 0 0]"
"1769236305479049,CSI_DATA,STATION,00:00:00:00:00:00,0,0,0,0,0,0,0,0,0,0,0,0,0,0,0,0,0,0,0,0,0,128,[84 -64 4 0 0 0 0 0 0 0 0 0 15 1 16 2 15 3 15 3 15 3 15 4 14 4 14 5 14 5 14 6 13 5 13 5 13 6 13 6 13 6 12 6 12 6 12 6 12 6 12 6 11 5 11 5 12 5 11 6 11 5 11 4 0 0 11 4 11 4 11 4 11 3 11 4 11 3 11 3 11 3 12 3 11 2 11 2 12 2 12 2 12 2 12 1 12 1 12 1 13 0 13 0 12 1 13 0 12 1 12 0 13 0 13 0 13 0 0 0 0 0 0 0 0 0 0 0]"
"1769236305483367,CSI_DATA,STATION,00:00:00:00:00:00,0,0,0,0,0,0,0,0,0,0,0,0,0,0,0,0,0,0,0,0,0,128,[84 -64 4 0 0 0 0 0 0 0 0 0 -2 -16 -1 -16 -1 -17 0 -16 0 -16 1 -16 1 -16 2 -16 2 -16 3 -16 3 -15 3 -15 3 -15 3 -14 3 -14 3 -15 3 -13 4 -13 3 -14 3 -14 3 -13 3 -13 3 -13 3 -13 3 -13 2 -13 0 0 2 -12 1 -13 1 -12 1 -13 1 -12 1 -13 0 -13 1 -13 0 -12 0 -13 -1 -12 0 -12 -1 -13 -1 -13 -2 -13 -2 -13 -2 -14 -2 -13 -2 -13 -2 -14 -2 -14 -2 -14 -2 -14 -3 -14 -3 -14 -3 -14 0 0 0 0 0 0 0 0 0 0]"
"1769236305489836,CSI_DATA,STATION,00:00:00:00:00:00,0,0,0,0,0,0,0,0,0,0,0,0,0,0,0,0,0,0,0,0,0,128,[84 -64 4 0 0 0 0 0 0 0 0 0 -2 13 -2 12 -3 12 -3 12 -3 12 -4 12 -4 11 -4 11 -4 11 -5 11 -5 11 -5 11 -5 11 -5 11 -5 10 -5 10 -5 10 -5 10 -5 10 -5 9 -5 10 -4 10 -5 10 -4 9 -4 9 -4 9 0 0 -4 10 -3 9 -3 9 -3 9 -3 10 -3 9 -3 9 -2 9 -3 10 -2 10 -2 10 -2 9 -2 10 -1 10 -1 10 -1 10 -1 10 -1 10 -1 11 0 10 0 11 0 10 0 11 0 10 0 11 0 11 0 0 0 0 0 0 0 0 0 0]"
"1769236305504684,CSI_DATA,STATION,00:00:00:00:00:00,0,0,0,0,0,0,0,0,0,0,0,0,0,0,0,0,0,0,0,0,0,128,[84 -64 4 0 0 0 0 0 0 0 0 0 -16 -8 -17 -8 -16 -9 -16 -10 -16 -10 -15 -11 -14 -11 -14 -11 -14 -11 -13 -12 -14 -12 -13 -12 -13 -12 -12 -12 -12 -12 -12 -11 -11 -11 -12 -11 -11 -11 -11 -12 -11 -12 -11 -11 -11 -10 -11 -11 -11 -10 -11 -9 0 0 -11 -9 -11 -9 -11 -9 -11 -8 -11 -9 -11 -9 -11 -8 -12 -8 -11 -7 -12 -7 -13 -7 -12 -7 -12 -7 -13 -7 -13 -7 -13 -6 -13 -6 -13 -5 -14 -6 -14 -6 -13 -6 -14 -6 -14 -5 -14 -5 -14 -5 -14 -4 0 0 0 0 0 0 0 0 0 0]"
"1769236305508999,CSI_DATA,STATION,00:00:00:00:00:00,0,0,0,0,0,0,0,0,0,0,0,0,0,0,0,0,0,0,0,0,0,128,[84 -64 4 0 0 0 0 0 0 0 0 0 -1 15 -2 16 -2 15 -3 15 -3 15 -3 15 -4 15 -4 15 -4 15 -5 14 -4 14 -5 13 -5 13 -5 13 -6 13 -5 13 -6 13 -6 12 -6 12 -5 12 -5 12 -5 12 -5 11 -5 12 -4 11 -4 12 0 0 -4 12 -3 11 -3 12 -3 11 -3 12 -3 11 -2 11 -2 11 -2 11 -2 11 -2 12 -1 12 -1 12 -1 12 -1 12 -1 12 0 11 0 12 0 12 0 12 1 12 1 12 1 12 1 12 1 12 1 13 0 0 0 0 0 0 0 0 0 0]"
"1769236305515527,CSI_DATA,STATION,00:00:00:00:00:00,0,0,0,0,0,0,0,0,0,0,0,0,0,0,0,0,0,0,0,0,0,128,[84 -64 4 0 0 0 0 0 0 0 0 0 5 -18 5 -18 6 -17 6 -17 6 -17 7 -17 8 -16 8 -16 9 -16 9 -15 8 -16 8 -15 8 -14 8 -14 8 -14 9 -14 9 -13 9 -13 9 -13 9 -13 8 -13 8 -13 8 -12 7 -13 7 -13 7 -12 0 0 7 -13 6 -13 6 -12 5 -12 6 -12 5 -13 5 -13 5 -13 5 -13 4 -13 3 -14 3 -13 3 -14 3 -13 3 -14 2 -14 2 -14 2 -14 2 -14 2 -15 2 -14 2 -14 2 -15 1 -15 0 -15 1 -15 0 0 0 0 0 0 0 0 0 0]"
"1769236305519859,CSI_DATA,STATION,00:00:00:00:00:00,0,0,0,0,0,0,0,0,0,0,0,0,0,0,0,0,0,0,0,0,0,128,[84 -64 4 0 0 0 0 0 0 0 0 0 -2 18 -2 18 -3 18 -3 18 -4 18 -5 18 -5 17 -5 17 -5 16 -6 16 -6 16 -6 16 -6 15 -6 15 -7 15 -7 15 -6 15 -7 14 -6 15 -6 14 -6 14 -6 14 -6 13 -5 13 -5 13 -5 13 0 0 -4 13 -4 14 -3 13 -4 14 -3 14 -3 13 -3 13 -2 13 -2 13 -2 13 -1 13 -1 13 -1 14 0 13 -1 13 0 14 1 13 0 14 1 14 0 14 1 14 1 14 1 14 2 13 1 14 2 14 0 0 0 0 0 0 0 0 0 0]"
"1769236305524283,CSI_DATA,STATION,00:00:00:00:00:00,0,0,0,0,0,0,0,0,0,0,0,0,0,0,0,0,0,0,0,0,0,128,[84 -64 4 0 0 0 0 0 0 0 0 0 11 -12 12 -12 12 -11 12 -11 13 -11 12 -10 13 -9 13 -9 13 -9 13 -9 13 -9 13 -8 13 -8 13 -8 13 -7 13 -7 12 -7 13 -8 12 -7 12 -7 11 -7 11 -7 11 -7 11 -7 11 -7 10 -7 0 0 10 -7 10 -7 9 -8 9 -8 9 -8 9 -8 9 -8 9 -9 8 -8 9 -9 8 -10 8 -9 7 -9 8 -10 7 -10 7 -10 7 -11 8 -11 7 -11 7 -11 7 -11 7 -11 7 -11 6 -12 6 -12 6 -12 0 0 0 0 0 0 0 0 0 0]"
"1769236305530814,CSI_DATA,STATION,00:00:00:00:00:00,0,0,0,0,0,0,0,0,0,0,0,0,0,0,0,0,0,0,0,0,0,128,[84 -64 4 0 0 0 0 0 0 0 0 0 -4 -15 -3 -15 -3 -15 -3 -15 -2 -16 -2 -15 -1 -15 -1 -16 -1 -15 0 -15 0 -14 0 -15 0 -14 0 -14 0 -15 0 -14 1 -13 1 -13 0 -13 0 -13 0 -13 0 -13 0 -13 0 -13 0 -12 -1 -13 0 0 -1 -12 -1 -12 -2 -12 -2 -12 -2 -12 -2 -12 -3 -12 -3 -12 -3 -12 -3 -12 -4 -12 -3 -12 -4 -11 -4 -11 -4 -12 -4 -11 -5 -12 -5 -11 -6 -12 -5 -12 -6 -12 -6 -11 -6 -12 -6 -11 -6 -11 -6 -11 0 0 0 0 0 0 0 0 0 0]"
"1769236305535070,CSI_DATA,STATION,00:00:00:00:00:00,0,0,0,0,0,0,0,0,0,0,0,0,0,0,0,0,0,0,0,0,0,128,[84 -64 4 0 0 0 0 0 0 0 0 0 16 2 16 3 16 4 16 5 15 5 15 5 15 6 15 6 15 6 14 6 14 6 14 7 14 7 13 7 13 7 12 7 12 7 12 7 12 7 12 6 12 7 11 6 12 5 11 6 11 5 12 5 0 0 12 5 11 4 12 4 12 4 12 4 12 3 12 3 12 3 11 2 12 2 12 2 12 2 12 2 12 2 12 1 13 0 12 0 12 0 12 -1 12 -1 13 -1 12 -1 13 -1 12 -1 13 -2 13 -2 0 0 0 0 0 0 0 0 0 0]"
"1769236305541534,CSI_DATA,STATION,00:00:00:00:00:00,0,0,0,0,0,0,0,0,0,0,0,0,0,0,0,0,0,0,0,0,0,128,[84 -64 4 0 0 0 0 0 0 0 0 0 -13 11 -14 11 -14 10 -15 10 -14 9 -15 9 -15 8 -15 9 -15 7 -15 7 -15 7 -15 6 -15 6 -15 6 -15 6 -14 6 -15 6 -14 6 -14 5 -14 5 -14 5 -13 5 -13 5 -13 5 -13 5 -13 6 0 0 -12 6 -11 5 -12 6 -11 6 -12 6 -11 7 -11 7 -11 7 -11 7 -10 7 -10 8 -10 8 -10 8 -10 8 -10 8 -10 9 -9 9 -10 9 -9 10 -9 10 -9 10 -9 10 -9 10 -8 10 -9 10 -9 10 0 0 0 0 0 0 0 0 0 0]"
"1769236305545907,CSI_DATA,STATION,00:00:00:00:00:00,0,0,0,0,0,0,0,0,0,0,0,0,0,0,0,0,0,0,0,0,0,128,[84 -64 4 0 0 0 0 0 0 0 0 0 -8 14 -9 12 -10 13 -9 12 -10 12 -10 11 -10 11 -11 11 -11 11 -12 10 -11 10 -11 10 -12 9 -11 9 -11 8 -11 9 -11 9 -12 9 -11 9 -11 8 -10 8 -10 9 -10 8 -10 8 -9 8 -9 8 0 0 -9 8 -8 9 -8 9 -8 9 -8 9 -8 9 -7 9 -7 9 -7 9 -7 10 -7 10 -7 10 -7 10 -6 10 -6 11 -6 10 -6 11 -6 11 -5 11 -5 11 -5 11 -5 11 -5 12 -5 12 -5 12 -4 12 0 0 0 0 0 0 0 0 0 0]"
"1769236305550353,CSI_DATA,STATION,00:00:00:00:00:00,0,0,0,0,0,0,0,0,0,0,0,0,0,0,0,0,0,0,0,0,0,128,[84 -64 4 0 0 0 0 0 0 0 0 0 0 -18 0 -18 1 -18 1 -18 2 -18 2 -18 3 -18 4 -18 4 -17 4 -17 4 -16 4 -17 4 -16 5 -16 5 -16 4 -15 5 -14 5 -15 5 -15 5 -15 5 -14 4 -14 4 -14 4 -14 3 -14 3 -14 0 0 3 -13 3 -13 2 -13 2 -14 3 -13 2 -13 1 -13 2 -13 1 -13 1 -14 0 -14 0 -13 0 -14 0 -14 0 -13 -1 -14 -1 -13 -1 -14 -1 -14 -1 -14 -2 -14 -2 -14 -2 -14 -2 -14 -3 -14 -3 -14 0 0 0 0 0 0 0 0 0 0]"
"1769236305557044,CSI_DATA,STATION,00:00:00:00:00:00,0,0,0,0,0,0,0,0,0,0,0,0,0,0,0,0,0,0,0,0,0,128,[84 -64 4 0 0 0 0 0 0 0 0 0 1 -18 2 -18 2 -19 3 -18 4 -18 5 -18 5 -17 5 -17 6 -17 7 -16 5 -16 6 -16 7 -15 6 -15 7 -15 6 -15 6 -15 7 -15 7 -15 6 -14 6 -14 6 -14 6 -13 5 -13 5 -13 5 -14 0 0 5 -13 4 -13 3 -13 3 -14 3 -14 3 -13 3 -13 3 -13 2 -14 2 -14 1 -14 1 -14 1 -14 1 -13 0 -14 0 -14 0 -14 0 -15 -1 -14 -1 -14 0 -15 -1 -14 -1 -15 -1 -14 -2 -14 -2 -14 0 0 0 0 0 0 0 0 0 0]"
"1769236305561449,CSI_DATA,STATION,00:00:00:00:00:00,0,0,0,0,0,0,0,0,0,0,0,0,0,0,0,0,0,0,0,0,0,128,[84 -64 4 0 0 0 0 0 0 0 0 0 -14 -6 -14 -6 -14 -7 -13 -7 -13 -8 -13 -8 -13 -8 -12 -8 -12 -8 -11 -9 -12 -9 -11 -9 -11 -9 -11 -9 -10 -9 -10 -9 -11 -9 -11 -9 -10 -9 -10 -9 -10 -9 -10 -8 -10 -8 -10 -8 -9 -8 -10 -7 0 0 -10 -7 -10 -7 -10 -7 -10 -6 -11 -6 -10 -6 -10 -6 -10 -6 -10 -5 -11 -5 -11 -5 -11 -5 -11 -4 -11 -5 -11 -4 -11 -4 -12 -5 -11 -4 -12 -4 -12 -4 -12 -3 -12 -3 -12 -3 -12 -3 -12 -3 -12 -3 0 0 0 0 0 0 0 0 0 0]"
"1769236305565794,CSI_DATA,STATION,00:00:00:00:00:00,0,0,0,0,0,0,0,0,0,0,0,0,0,0,0,0,0,0,0,0,0,128,[84 -64 4 0 0 0 0 0 0 0 0 0 -16 10 -17 9 -17 9 -16 8 -17 8 -18 7 -17 6 -17 6 -17 5 -18 5 -17 5 -17 4 -17 4 -17 4 -16 4 -17 4 -16 4 -17 4 -16 3 -15 3 -15 3 -15 3 -16 4 -15 4 -14 3 -14 4 0 0 -14 4 -14 4 -13 5 -14 5 -13 5 -13 5 -13 5 -13 5 -13 6 -13 7 -12 7 -12 6 -12 7 -12 7 -12 8 -12 8 -11 8 -11 8 -12 8 -11 8 -12 9 -11 9 -11 9 -11 9 -11 9 -11 10 0 0 0 0 0 0 0 0 0 0]"
"1769236305572483,CSI_DATA,STATION,00:00:00:00:00:00,0,0,0,0,0,0,0,0,0,0,0,0,0,0,0,0,0,0,0,0,0,128,[84 -64 4 0 0 0 0 0 0 0 0 0 16 9 15 10 14 10 15 10 14 11 14 11 13 11 13 12 13 12 12 13 12 12 11 12 11 13 11 13 11 13 10 12 10 12 10 12 10 12 9 12 9 12 10 11 9 11 9 11 9 10 10 10 0 0 10 10 9 9 10 9 10 9 10 9 10 9 10 8 11 8 10 8 11 8 11 7 11 8 11 8 12 7 11 7 12 7 12 6 12 6 12 6 12 6 12 6 12 6 12 6 12 6 13 6 13 5 0 0 0 0 0 0 0 0 0 0]"
"1769236305576956,CSI_DATA,STATION,00:00:00:00:00:00,0,0,0,0,0,0,0,0,0,0,0,0,0,0,0,0,0,0,0,0,0,128,[84 -64 4 0 0 0 0 0 0 0 0 0 4 13 4 14 3 13 3 14 3 14 2 14 2 15 1 14 1 14 0 14 0 14 0 14 -1 14 -1 13 -1 14 -1 13 -1 13 -1 13 -1 13 -1 13 -2 13 -1 12 -1 12 -1 12 -1 12 -1 12 0 0 -1 11 0 11 0 12 0 11 0 11 0 11 0 11 1 11 0 11 1 11 1 11 1 11 1 11 1 11 2 11 2 11 2 11 2 11 2 11 2 11 2 12 3 11 3 11 3 11 3 12 3 11 0 0 0 0 0 0 0 0 0 0]"
"1769236305581459,CSI_DATA,STATION,00:00:00:00:00:00,0,0,0,0,0,0,0,0,0,0,0,0,0,0,0,0,0,0,0,0,0,128,[84 -64 4 0 0 0 0 0 0 0 0 0 14 -5 14 -5 14 -5 14 -4 14 -3 14 -3 14 -3 14 -2 15 -2 14 -1 14 -2 14 -1 14 -1 13 -1 14 -1 13 -1 13 -1 13 -1 13 -1 13 -1 12 -1 12 -1 12 -1 12 -1 11 -1 12 -2 0 0 12 -2 11 -2 11 -2 11 -2 11 -3 11 -3 10 -3 11 -4 11 -4 11 -4 10 -5 10 -4 10 -4 11 -4 11 -5 10 -6 10 -6 10 -6 10 -6 10 -6 10 -6 10 -6 10 -6 10 -7 10 -7 10 -7 0 0 0 0 0 0 0 0 0 0]"
"1769236305588173,CSI_DATA,STATION,00:00:00:00:00:00,0,0,0,0,0,0,0,0,0,0,0,0,0,0,0,0,0,0,0,0,0,128,[84 -64 4 0 0 0 0 0 0 0 0 0 11 -12 12 -12 12 -11 13 -11 13 -11 13 -11 13 -10 13 -10 14 -9 14 -9 13 -9 13 -8 13 -8 13 -8 14 -8 13 -8 13 -8 12 -8 13 -7 13 -7 12 -7 12 -7 12 -7 12 -8 11 -7 12 -8 0 0 11 -8 11 -7 11 -8 10 -8 10 -9 10 -8 10 -9 9 -9 9 -9 9 -10 9 -10 9 -10 9 -10 9 -10 8 -11 8 -11 8 -11 8 -12 8 -11 8 -11 8 -12 8 -12 7 -12 7 -12 7 -13 7 -13 0 0 0 0 0 0 0 0 0 0]"
"1769236305592591,CSI_DATA,STATION,00:00:00:00:00:00,0,0,0,0,0,0,0,0,0,0,0,0,0,0,0,0,0,0,0,0,0,128,[84 -64 4 0 0 0 0 0 0 0 0 0 -15 2 -15 2 -16 1 -16 1 -16 0 -16 0 -15 -1 -16 -1 -15 -1 -15 -2 -15 -2 -15 -2 -15 -2 -15 -2 -14 -3 -14 -2 -14 -2 -13 -3 -14 -3 -13 -3 -13 -3 -13 -2 -13 -2 -13 -2 -13 -3 -13 -2 0 0 -13 -1 -12 -1 -13 -1 -13 -1 -13 -1 -13 -1 -13 0 -12 0 -12 0 -13 0 -13 1 -13 0 -12 1 -13 1 -12 1 -13 2 -13 2 -13 2 -13 2 -13 2 -13 2 -13 3 -13 2 -13 3 -13 3 -13 3 0 0 0 0 0 0 0 0 0 0]"
"1769236305597044,CSI_DATA,STATION,00:00:00:00:00:00,0,0,0,0,0,0,0,0,0,0,0,0,0,0,0,0,0,0,0,0,0,128,[84 -64 4 0 0 0 0 0 0 0 0 0 10 10 9 10 10 11 9 11 8 12 9 12 8 12 7 12 8 12 7 13 6 12 6 13 6 12 6 12 6 12 6 12 5 12 6 11 5 11 5 12 5 11 5 11 5 11 5 11 5 11 5 10 0 0 5 10 6 10 6 9 6 10 6 9 7 10 7 9 7 9 7 8 7 9 7 8 7 9 8 9 8 9 8 8 8 8 9 8 9 8 9 8 9 8 9 8 9 8 9 8 10 8 9 8 10 7 0 0 0 0 0 0 0 0 0 0]"
"1769236305601472,CSI_DATA,STATION,00:00:00:00:00:00,0,0,0,0,0,0,0,0,0,0,0,0,0,0,0,0,0,0,0,0,0,128,[84 -64 4 0 0 0 0 0 0 0 0 0 1 -15 2 -15 2 -15 3 -15 3 -15 4 -15 4 -14 4 -14 5 -14 5 -14 5 -14 6 -14 6 -14 6 -13 5 -13 5 -13 5 -13 6 -13 5 -13 5 -12 5 -12 5 -13 5 -12 5 -12 4 -12 4 -12 0 0 4 -12 3 -12 3 -12 3 -12 3 -12 2 -12 2 -12 2 -12 2 -12 2 -13 1 -13 1 -12 1 -12 1 -13 0 -13 0 -13 0 -13 0 -13 -1 -13 -1 -14 -1 -14 -1 -13 -1 -13 -1 -14 -1 -14 -1 -14 0 0 0 0 0 0 0 0 0 0]"
"1769236305608185,CSI_DATA,STATION,00:00:00:00:00:00,0,0,0,0,0,0,0,0,0,0,0,0,0,0,0,0,0,0,0,0,0,128,[84 -64 4 0 0 0 0 0 0 0 0 0 -4 14 -5 14 -6 14 -6 14 -6 13 -7 14 -7 13 -7 13 -8 12 -8 12 -7 13 -8 12 -8 12 -8 12 -9 12 -8 11 -8 12 -8 11 -8 11 -7 10 -8 10 -7 10 -8 10 -7 11 -7 10 -7 11 0 0 -6 11 -6 10 -6 10 -5 11 -6 11 -5 11 -5 11 -5 11 -5 11 -5 11 -4 11 -4 12 -4 11 -3 12 -3 11 -3 12 -3 11 -3 12 -3 12 -3 12 -3 12 -2 12 -2 12 -2 12 -2 12 -2 13 0 0 0 0 0 0 0 0 0 0]"
"1769236305612628,CSI_DATA,STATION,00:00:00:00:00:00,0,0,0,0,0,0,0,0,0,0,0,0,0,0,0,0,0,0,0,0,0,128,[84 -64 4 0 0 0 0 0 0 0 0 0 -13 -9 -12 -10 -12 -10 -11 -11 -11 -11 -11 -11 -10 -11 -10 -12 -10 -12 -9 -13 -9 -12 -9 -12 -9 -12 -9 -13 -8 -13 -9 -12 -9 -12 -8 -12 -8 -12 -7 -12 -7 -12 -8 -12 -7 -11 -8 -11 -8 -11 -8 -11 0 0 -8 -10 -8 -10 -8 -10 -8 -10 -8 -10 -8 -10 -8 -10 -9 -10 -9 -10 -9 -9 -9 -9 -9 -9 -10 -9 -10 -9 -10 -9 -10 -8 -11 -8 -11 -8 -11 -9 -10 -9 -11 -8 -11 -8 -11 -8 -12 -8 -12 -8 -12 -8 0 0 0 0 0 0 0 0 0 0]"
"1769236305619228,CSI_DATA,STATION,00:00:00:00:00:00,0,0,0,0,0,0,0,0,0,0,0,0,0,0,0,0,0,0,0,0,0,128,[84 -64 4 0 0 0 0 0 0 0 0 0 14 -5 14 -4 14 -3 14 -3 14 -3 15 -3 14 -2 14 -1 14 -1 15 -1 14 -1 14 0 13 0 14 0 14 0 14 0 13 0 13 0 13 0 13 0 13 0 12 0 13 0 12 0 12 0 12 -1 0 0 12 -1 12 -1 12 -1 12 -1 12 -2 11 -2 11 -2 12 -2 12 -3 12 -3 12 -3 11 -3 12 -3 12 -3 12 -4 11 -5 12 -5 12 -5 12 -5 12 -5 12 -5 11 -5 12 -6 12 -5 12 -6 12 -6 0 0 0 0 0 0 0 0 0 0]"
"1769236305623756,CSI_DATA,STATION,00:00:00:00:00:00,0,0,0,0,0,0,0,0,0,0,0,0,0,0,0,0,0,0,0,0,0,128,[84 -64 4 0 0 0 0 0 0 0 0 0 -14 -6 -14 -7 -13 -7 -13 -8 -13 -9 -13 -9 -12 -8 -12 -9 -12 -10 -12 -10 -12 -10 -11 -9 -11 -10 -11 -10 -10 -10 -10 -10 -10 -10 -10 -10 -10 -10 -10 -10 -10 -10 -9 -10 -9 -9 -10 -9 -9 -9 -10 -9 0 0 -10 -9 -9 -8 -10 -8 -9 -8 -10 -8 -10 -8 -10 -8 -10 -8 -10 -7 -11 -7 -11 -7 -11 -7 -11 -7 -11 -7 -11 -7 -11 -7 -12 -7 -11 -7 -12 -7 -12 -6 -12 -6 -12 -6 -12 -6 -13 -6 -12 -6 -13 -6 0 0 0 0 0 0 0 0 0 0]"
"1769236305628208,CSI_DATA,STATION,00:00:00:00:00:00,0,0,0,0,0,0,0,0,0,0,0,0,0,0,0,0,0,0,0,0,0,128,[84 -64 4 0 0 0 0 0 0 0 0 0 0 -15 2 -15 2 -15 2 -15 2 -15 3 -15 4 -15 3 -14 4 -14 4 -15 4 -15 4 -14 5 -14 5 -13 4 -13 5 -13 5 -13 5 -13 4 -13 5 -13 5 -13 4 -12 4 -13 4 -12 4 -12 4 -12 0 0 3 -12 3 -12 3 -12 2 -12 2 -12 2 -13 2 -12 2 -13 1 -12 2 -13 1 -13 1 -12 1 -13 0 -13 0 -14 0 -13 0 -14 0 -13 0 -13 -1 -14 -1 -13 -1 -14 -1 -14 -1 -14 -1 -14 -1 -14 0 0 0 0 0 0 0 0 0 0]"
"1769236305634572,CSI_DATA,STATION,00:00:00:00:00:00,0,0,0,0,0,0,0,0,0,0,0,0,0,0,0,0,0,0,0,0,0,128,[84 -64 4 0 0 0 0 0 0 0 0 0 3 -14 4 -14 5 -15 5 -14 5 -14 5 -14 6 -14 6 -14 6 -14 7 -13 6 -13 7 -13 7 -12 7 -12 7 -12 7 -12 7 -11 7 -12 7 -11 7 -11 7 -11 6 -11 7 -11 6 -11 6 -11 6 -11 0 0 5 -11 5 -11 5 -11 5 -11 5 -11 5 -11 4 -11 4 -12 4 -11 4 -12 4 -12 4 -12 4 -12 3 -12 3 -13 3 -12 3 -13 3 -13 3 -13 2 -13 2 -14 2 -13 2 -14 2 -13 2 -14 2 -14 0 0 0 0 0 0 0 0 0 0]"
"1769236305638860,CSI_DATA,STATION,00:00:00:00:00:00,0,0,0,0,0,0,0,0,0,0,0,0,0,0,0,0,0,0,0,0,0,128,[84 -64 4 0 0 0 0 0 0 0 0 0 -12 6 -12 5 -13 4 -13 4 -13 4 -13 3 -13 3 -13 3 -13 2 -13 2 -13 2 -13 2 -13 1 -13 2 -12 1 -12 2 -13 1 -12 1 -13 1 -12 1 -12 1 -12 1 -12 1 -11 1 -12 1 -12 2 0 0 -11 2 -11 2 -11 2 -11 2 -11 2 -11 2 -11 2 -11 2 -11 3 -11 3 -11 4 -11 4 -11 4 -11 4 -11 4 -11 4 -11 4 -11 5 -11 5 -11 5 -11 5 -11 5 -11 5 -11 5 -11 6 -11 6 0 0 0 0 0 0 0 0 0 0]"
"1769236305645277,CSI_DATA,STATION,00:00:00:00:00:00,0,0,0,0,0,0,0,0,0,0,0,0,0,0,0,0,0,0,0,0,0,128,[84 -64 4 0 0 0 0 0 0 0 0 0 -15 -3 -15 -4 -15 -4 -15 -5 -15 -6 -14 -6 -14 -6 -14 -6 -13 -7 -14 -7 -13 -6 -13 -6 -13 -8 -13 -7 -13 -8 -12 -7 -12 -7 -13 -7 -12 -7 -11 -7 -12 -7 -11 -7 -12 -7 -12 -7 -11 -6 -12 -6 0 0 -11 -6 -12 -6 -12 -5 -11 -5 -12 -5 -12 -5 -11 -5 -12 -5 -12 -5 -13 -4 -13 -3 -13 -4 -13 -3 -13 -3 -13 -4 -13 -3 -13 -3 -13 -3 -13 -3 -13 -3 -14 -2 -14 -3 -14 -3 -14 -2 -14 -2 -14 -1 0 0 0 0 0 0 0 0 0 0]"
"1769236305656246,CSI_DATA,STATION,00:00:00:00:00:00,0,0,0,0,0,0,0,0,0,0,0,0,0,0,0,0,0,0,0,0,0,128,[84 -64 4 0 0 0 0 0 0 0 0 0 -12 -9 -11 -9 -12 -10 -11 -10 -11 -11 -11 -10 -10 -11 -10 -11 -9 -11 -9 -12 -9 -11 -8 -12 -9 -12 -8 -12 -8 -12 -8 -11 -8 -11 -8 -11 -7 -11 -7 -12 -7 -11 -7 -11 -7 -11 -7 -11 -7 -11 -7 -10 0 0 -7 -11 -8 -10 -8 -10 -7 -10 -8 -10 -8 -10 -8 -10 -9 -10 -9 -9 -9 -9 -9 -9 -9 -9 -9 -9 -10 -10 -9 -9 -10 -9 -10 -9 -11 -9 -10 -9 -10 -9 -10 -9 -11 -9 -11 -9 -11 -9 -11 -9 -11 -9 0 0 0 0 0 0 0 0 0 0]"
"1769236305660705,CSI_DATA,STATION,00:00:00:00:00:00,0,0,0,0,0,0,0,0,0,0,0,0,0,0,0,0,0,0,0,0,0,128,[84 -64 4 0 0 0 0 0 0 0 0 0 -14 8 -15 7 -15 7 -15 6 -15 6 -16 5 -15 6 -16 5 -15 4 -15 4 -16 4 -16 3 -15 3 -15 3 -15 3 -15 3 -15 3 -14 3 -14 3 -14 3 -14 2 -14 3 -14 3 -14 3 -13 3 -14 4 0 0 -13 4 -13 4 -13 4 -13 4 -13 4 -13 4 -13 5 -13 5 -12 5 -13 6 -13 6 -12 6 -12 6 -12 7 -12 7 -12 7 -12 8 -12 8 -12 8 -12 8 -13 8 -12 8 -12 9 -12 9 -12 9 -12 9 0 0 0 0 0 0 0 0 0 0]"
"1769236305667410,CSI_DATA,STATION,00:00:00:00:00:00,0,0,0,0,0,0,0,0,0,0,0,0,0,0,0,0,0,0,0,0,0,128,[84 -64 4 0 0 0 0 0 0 0 0 0 12 -3 12 -3 12 -2 12 -2 12 -2 12 -1 12 -1 12 0 12 0 12 0 12 0 11 0 11 1 11 1 11 1 11 1 11 1 11 1 11 1 11 1 11 1 11 1 10 1 10 1 10 1 10 0 0 0 10 0 9 0 10 -1 10 -1 10 0 10 -1 10 -1 10 -1 10 -1 10 -1 10 -2 10 -2 10 -2 10 -2 10 -2 10 -3 10 -3 11 -3 11 -3 10 -3 10 -3 10 -3 11 -3 11 -3 11 -4 11 -4 0 0 0 0 0 0 0 0 0 0]"
"1769236305674121,CSI_DATA,STATION,00:00:00:00:00:00,0,0,0,0,0,0,0,0,0,0,0,0,0,0,0,0,0,0,0,0,0,128,[84 -64 4 0 0 0 0 0 0 0 0 0 -14 -4 -14 -5 -14 -5 -14 -5 -13 -6 -14 -6 -13 -6 -13 -6 -12 -7 -13 -7 -13 -7 -12 -7 -12 -7 -12 -7 -11 -8 -12 -7 -12 -7 -12 -7 -11 -8 -11 -7 -11 -7 -10 -7 -11 -7 -11 -7 -11 -7 -11 -6 0 0 -10 -6 -11 -6 -11 -5 -11 -5 -11 -6 -11 -5 -11 -5 -11 -5 -11 -5 -12 -4 -12 -4 -12 -4 -12 -4 -12 -4 -12 -4 -12 -4 -12 -4 -12 -4 -13 -3 -13 -3 -13 -3 -13 -3 -13 -3 -13 -3 -13 -3 -13 -3 0 0 0 0 0 0 0 0 0 0]"
"1769236305680773,CSI_DATA,STATION,00:00:00:00:00:00,0,0,0,0,0,0,0,0,0,0,0,0,0,0,0,0,0,0,0,0,0,128,[84 -64 4 0 0 0 0 0 0 0 0 0 12 7 11 7 11 8 11 8 11 9 10 9 10 8 9 9 9 9 9 10 9 10 8 9 8 10 8 10 8 10 8 10 8 9 8 9 7 9 7 9 7 9 7 9 7 9 7 9 7 8 7 8 0 0 7 8 7 8 7 7 8 8 8 7 8 7 8 7 8 7 8 6 9 7 8 6 9 7 9 7 9 6 9 7 9 6 10 6 10 6 10 6 10 6 10 6 10 6 11 6 11 6 11 6 11 6 0 0 0 0 0 0 0 0 0 0]"
"1769236305685238,CSI_DATA,STATION,00:00:00:00:00:00,0,0,0,0,0,0,0,0,0,0,0,0,0,0,0,0,0,0,0,0,0,128,[84 -64 4 0 0 0 0 0 0 0 0 0 -2 14 -2 14 -3 13 -4 13 -3 13 -4 13 -4 13 -4 13 -5 13 -5 12 -5 12 -6 12 -6 12 -6 12 -6 12 -6 11 -6 11 -6 11 -6 11 -6 11 -5 11 -5 11 -6 11 -5 11 -5 10 -5 11 0 0 -5 11 -4 10 -4 10 -4 10 -4 11 -3 11 -3 10 -3 11 -3 11 -3 11 -3 11 -2 11 -2 11 -2 12 -2 11 -2 12 -1 11 -1 12 -1 12 -1 12 -1 13 -1 12 -1 12 -1 12 -1 13 -1 13 0 0 0 0 0 0 0 0 0 0]"
"1769236305689691,CSI_DATA,STATION,00:00:00:00:00:00,0,0,0,0,0,0,0,0,0,0,0,0,0,0,0,0,0,0,0,0,0,128,[84 -64 4 0 0 0 0 0 0 0 0 0 11 3 11 3 11 5 11 5 11 5 11 5 11 6 10 6 10 6 10 6 10 6 9 6 10 6 9 6 9 6 9 6 8 6 9 6 9 6 8 7 8 6 8 6 8 6 8 5 8 5 8 5 0 0 8 4 8 4 9 5 8 4 9 4 8 4 9 4 9 4 9 3 9 3 9 3 9 3 9 3 10 3 10 3 10 3 10 2 10 2 10 2 10 2 10 2 10 3 10 2 10 2 11 1 11 1 0 0 0 0 0 0 0 0 0 0]"
"1769236305696392,CSI_DATA,STATION,00:00:00:00:00:00,0,0,0,0,0,0,0,0,0,0,0,0,0,0,0,0,0,0,0,0,0,128,[84 -64 4 0 0 0 0 0 0 0 0 0 11 8 11 9 10 9 10 9 9 10 9 10 9 10 8 10 8 10 8 11 8 10 7 10 7 11 7 10 7 11 6 10 6 10 6 10 6 10 6 10 6 10 6 9 6 10 6 9 6 9 6 9 0 0 6 9 6 8 7 9 6 8 7 8 7 8 7 8 7 8 8 7 7 8 8 7 8 8 8 8 8 7 8 7 8 8 9 7 9 7 9 7 9 6 9 7 9 7 10 7 10 7 10 6 10 7 0 0 0 0 0 0 0 0 0 0]"
"1769236305700847,CSI_DATA,STATION,00:00:00:00:00:00,0,0,0,0,0,0,0,0,0,0,0,0,0,0,0,0,0,0,0,0,0,128,[84 -64 4 0 0 0 0 0 0 0 0 0 4 -18 5 -18 5 -18 6 -17 7 -17 7 -17 7 -16 8 -16 8 -16 8 -15 8 -15 9 -15 9 -15 8 -14 9 -14 9 -14 8 -14 9 -14 8 -13 8 -13 9 -13 8 -13 8 -12 7 -13 7 -12 7 -13 0 0 7 -13 6 -12 6 -12 5 -13 6 -13 6 -12 5 -13 6 -13 5 -13 5 -13 4 -13 4 -13 4 -13 4 -13 4 -14 3 -14 3 -14 3 -14 3 -15 3 -15 3 -15 3 -15 2 -15 2 -15 2 -16 2 -15 0 0 0 0 0 0 0 0 0 0]"
"1769236305705304,CSI_DATA,STATION,00:00:00:00:00:00,0,0,0,0,0,0,0,0,0,0,0,0,0,0,0,0,0,0,0,0,0,128,[84 -64 4 0 0 0 0 0 0 0 0 0 12 7 12 7 11 7 11 8 10 8 11 9 11 9 11 9 10 9 9 9 9 10 9 9 9 9 8 9 8 10 8 9 8 10 8 9 8 9 8 9 7 9 8 9 7 8 8 9 7 8 7 8 0 0 8 8 7 7 8 8 8 7 9 7 8 7 8 6 9 7 9 6 9 6 9 6 9 6 9 6 10 6 9 5 11 6 10 5 10 5 10 5 10 5 11 5 11 5 11 5 11 5 11 5 11 4 0 0 0 0 0 0 0 0 0 0]"
"1769236305711988,CSI_DATA,STATION,00:00:00:00:00:00,0,0,0,0,0,0,0,0,0,0,0,0,0,0,0,0,0,0,0,0,0,128,[84 -64 4 0 0 0 0 0 0 0 0 0 1 13 0 13 0 13 0 13 -1 13 -1 13 -1 13 -2 13 -3 12 -2 12 -2 12 -3 12 -3 12 -2 11 -3 12 -3 11 -3 11 -3 10 -3 11 -3 11 -3 10 -2 10 -3 10 -2 10 -2 10 -2 10 0 0 -2 10 -1 10 -1 10 -1 10 -1 10 -1 10 0 10 0 10 0 9 0 10 1 10 1 10 1 10 2 10 1 10 2 10 2 10 2 10 2 10 2 10 2 10 3 10 3 10 4 10 4 10 3 10 0 0 0 0 0 0 0 0 0 0]"
"1769236305716447,CSI_DATA,STATION,00:00:00:00:00:00,0,0,0,0,0,0,0,0,0,0,0,0,0,0,0,0,0,0,0,0,0,128,[84 -64 4 0 0 0 0 0 0 0 0 0 -14 1 -14 1 -14 0 -14 -1 -13 -1 -14 -1 -14 -2 -14 -2 -13 -3 -13 -3 -13 -3 -13 -3 -13 -3 -13 -3 -13 -4 -12 -3 -12 -4 -12 -3 -12 -4 -11 -4 -11 -3 -11 -3 -11 -3 -11 -3 -11 -3 -11 -2 0 0 -11 -2 -11 -2 -11 -2 -11 -1 -11 -2 -11 -1 -11 -1 -11 -1 -11 -1 -11 0 -11 0 -11 0 -11 0 -11 0 -11 0 -11 1 -11 1 -12 1 -12 1 -11 1 -12 2 -12 2 -11 2 -11 2 -12 2 -12 2 0 0 0 0 0 0 0 0 0 0]"
"1769236305720907,CSI_DATA,STATION,00:00:00:00:00:00,0,0,0,0,0,0,0,0,0,0,0,0,0,0,0,0,0,0,0,0,0,128,[84 -64 4 0 0 0 0 0 0 0 0 0 14 -7 13 -6 14 -5 14 -5 14 -5 14 -4 14 -4 14 -3 14 -3 14 -2 14 -3 14 -2 13 -2 14 -1 13 -1 13 -2 13 -2 12 -2 12 -2 12 -2 12 -1 12 -2 12 -2 12 -2 11 -2 11 -2 0 0 11 -2 11 -3 11 -3 11 -3 11 -3 11 -4 11 -3 11 -4 11 -5 10 -5 10 -5 10 -5 10 -5 10 -5 10 -6 10 -6 10 -6 10 -6 10 -7 10 -6 11 -7 10 -6 10 -7 10 -7 11 -7 11 -8 0 0 0 0 0 0 0 0 0 0]"
"1769236305727589,CSI_DATA,STATION,00:00:00:00:00:00,0,0,0,0,0,0,0,0,0,0,0,0,0,0,0,0,0,0,0,0,0,128,[84 -64 4 0 0 0 0 0 0 0 0 0 9 12 8 12 8 12 7 13 7 13 7 13 6 13 6 13 5 13 5 13 5 13 4 13 4 12 4 13 4 13 4 13 3 12 3 12 4 12 3 12 3 12 3 12 3 12 3 11 3 12 4 11 0 0 4 11 4 11 4 10 4 11 5 10 5 10 5 10 5 10 5 10 5 10 5 10 5 10 6 10 6 10 6 10 7 9 7 9 7 9 7 9 7 9 7 10 8 10 8 10 8 9 8 9 8 9 0 0 0 0 0 0 0 0 0 0]"
"1769236305731971,CSI_DATA,STATION,00:00:00:00:00:00,0,0,0,0,0,0,0,0,0,0,0,0,0,0,0,0,0,0,0,0,0,128,[84 -64 4 0 0 0 0 0 0 0 0 0 14 3 14 4 14 5 14 5 13 6 14 6 13 6 13 7 12 7 12 7 12 7 12 7 12 8 11 7 11 8 11 7 11 8 11 8 11 8 10 8 10 8 10 7 10 7 11 7 10 6 10 6 0 0 10 6 10 5 10 5 10 5 10 5 11 5 10 5 11 5 11 4 10 4 11 4 11 4 11 4 11 4 11 3 12 3 12 2 12 2 12 2 12 2 12 2 12 2 12 2 12 2 13 2 13 1 0 0 0 0 0 0 0 0 0 0]"
"1769236305736358,CSI_DATA,STATION,00:00:00:00:00:00,0,0,0,0,0,0,0,0,0,0,0,0,0,0,0,0,0,0,0,0,0,128,[84 -64 4 0 0 0 0 0 0 0 0 0 11 -8 12 -7 12 -7 11 -6 12 -6 12 -6 12 -5 12 -5 12 -5 13 -4 12 -4 12 -4 12 -3 12 -4 12 -3 11 -4 11 -3 11 -3 11 -3 11 -3 11 -3 11 -3 10 -3 11 -3 10 -3 10 -4 0 0 10 -4 10 -4 10 -4 10 -4 9 -4 9 -5 9 -5 9 -5 9 -6 9 -6 9 -6 9 -6 9 -6 9 -6 9 -7 9 -7 8 -7 9 -8 9 -7 9 -7 9 -7 8 -7 9 -8 8 -8 8 -8 8 -9 0 0 0 0 0 0 0 0 0 0]"
"1769236305742874,CSI_DATA,STATION,00:00:00:00:00:00,0,0,0,0,0,0,0,0,0,0,0,0,0,0,0,0,0,0,0,0,0,128,[84 -64 4 0 0 0 0 0 0 0 0 0 4 -15 4 -15 4 -16 5 -15 6 -15 6 -15 7 -14 7 -14 6 -14 8 -14 7 -14 7 -13 7 -13 8 -13 8 -12 8 -12 8 -12 7 -13 7 -11 8 -12 7 -11 7 -11 7 -12 7 -11 6 -11 6 -11 0 0 6 -11 5 -11 5 -11 5 -12 5 -11 5 -11 5 -11 5 -12 4 -12 4 -12 4 -12 4 -12 3 -12 4 -12 3 -13 3 -13 2 -13 3 -13 2 -13 3 -14 2 -13 2 -13 2 -14 2 -14 2 -14 1 -14 0 0 0 0 0 0 0 0 0 0]"
"1769236305747224,CSI_DATA,STATION,00:00:00:00:00:00,0,0,0,0,0,0,0,0,0,0,0,0,0,0,0,0,0,0,0,0,0,128,[84 -64 4 0 0 0 0 0 0 0 0 0 6 12 5 12 5 13 5 13 5 13 4 13 3 13 2 13 2 13 2 14 2 13 2 13 2 13 2 13 1 13 2 12 1 12 1 12 1 12 1 12 1 12 1 11 1 12 1 11 2 11 1 11 0 0 2 11 2 11 2 10 2 11 3 10 3 10 3 10 3 10 3 10 3 10 4 10 4 10 4 10 4 10 4 10 5 10 5 10 5 9 5 10 5 10 5 10 6 10 6 10 6 9 6 10 7 10 0 0 0 0 0 0 0 0 0 0]"
"1769236305751587,CSI_DATA,STATION,00:00:00:00:00:00,0,0,0,0,0,0,0,0,0,0,0,0,0,0,0,0,0,0,0,0,0,128,[84 -64 4 0 0 0 0 0 0 0 0 0 13 -5 13 -5 13 -4 13 -3 13 -3 13 -2 14 -2 13 -2 13 -2 13 -1 13 -1 13 0 13 0 12 0 13 0 13 0 12 0 11 0 12 0 12 0 12 0 11 0 11 0 12 0 11 0 11 -1 0 0 11 -1 11 -1 10 -1 11 -1 10 -1 11 -2 10 -2 11 -2 10 -2 10 -3 11 -3 10 -3 10 -3 11 -3 10 -4 10 -4 10 -4 11 -5 11 -5 11 -5 11 -5 10 -4 11 -5 11 -5 11 -5 11 -5 0 0 0 0 0 0 0 0 0 0]"
"1769236305758130,CSI_DATA,STATION,00:00:00:00:00:00,0,0,0,0,0,0,0,0,0,0,0,0,0,0,0,0,0,0,0,0,0,128,[84 -64 4 0 0 0 0 0 0 0 0 0 13 2 13 2 13 3 13 3 13 3 13 4 12 4 12 5 12 5 12 6 12 5 11 6 11 6 11 6 11 6 10 6 11 6 11 6 11 6 10 6 10 6 10 6 10 6 10 6 10 5 9 5 0 0 10 4 9 5 10 4 10 4 10 4 10 4 10 4 10 4 10 3 10 3 10 3 10 3 10 3 11 2 11 2 11 2 11 2 11 1 11 1 11 1 11 1 11 1 12 1 12 1 12 1 12 1 0 0 0 0 0 0 0 0 0 0]"
"1769236305762458,CSI_DATA,STATION,00:00:00:00:00:00,0,0,0,0,0,0,0,0,0,0,0,0,0,0,0,0,0,0,0,0,0,128,[84 -64 4 0 0 0 0 0 0 0 0 0 -13 -7 -13 -8 -12 -8 -12 -8 -12 -9 -11 -9 -11 -9 -11 -10 -10 -10 -10 -11 -11 -10 -10 -10 -10 -11 -9 -10 -9 -10 -9 -10 -9 -10 -9 -10 -9 -10 -8 -10 -8 -10 -8 -10 -9 -10 -9 -10 -8 -9 -8 -9 0 0 -8 -9 -9 -8 -9 -8 -8 -8 -9 -8 -8 -8 -9 -8 -9 -8 -9 -8 -10 -7 -10 -7 -10 -7 -10 -7 -10 -7 -10 -6 -10 -6 -11 -7 -10 -6 -11 -6 -11 -6 -11 -6 -12 -6 -11 -6 -12 -6 -12 -5 -12 -5 0 0 0 0 0 0 0 0 0 0]"
"1769236305768951,CSI_DATA,STATION,00:00:00:00:00:00,0,0,0,0,0,0,0,0,0,0,0,0,0,0,0,0,0,0,0,0,0,128,[84 -64 4 0 0 0 0 0 0 0 0 0 7 -14 7 -15 7 -14 8 -13 8 -13 9 -13 9 -12 9 -12 10 -12 10 -12 10 -11 10 -11 10 -11 10 -10 11 -10 10 -10 10 -10 10 -10 10 -10 10 -9 10 -10 9 -10 9 -9 9 -10 9 -9 9 -9 0 0 9 -10 8 -9 8 -9 8 -9 8 -10 8 -10 7 -10 7 -10 7 -10 7 -11 6 -11 7 -11 7 -10 7 -11 7 -11 6 -12 6 -12 6 -12 6 -12 6 -12 6 -12 5 -12 6 -12 5 -13 5 -13 5 -13 0 0 0 0 0 0 0 0 0 0]"
"1769236305773323,CSI_DATA,STATION,00:00:00:00:00:00,0,0,0,0,0,0,0,0,0,0,0,0,0,0,0,0,0,0,0,0,0,128,[84 -64 4 0 0 0 0 0 0 0 0 0 6 11 5 12 5 12 5 12 4 12 4 13 3 12 2 13 2 12 2 13 2 12 2 12 1 12 2 12 1 12 1 12 1 11 1 11 1 12 1 12 1 11 1 11 1 11 2 11 2 11 1 11 0 0 2 10 2 11 2 10 2 10 3 10 2 11 3 10 2 10 3 9 3 10 4 9 4 10 4 10 4 10 4 10 5 10 5 10 5 9 5 10 5 9 6 10 6 10 6 10 7 9 6 10 6 9 0 0 0 0 0 0 0 0 0 0]"
"1769236305777668,CSI_DATA,STATION,00:00:00:00:00:00,0,0,0,0,0,0,0,0,0,0,0,0,0,0,0,0,0,0,0,0,0,128,[84 -64 4 0 0 0 0 0 0 0 0 0 3 16 2 16 1 17 1 16 0 16 0 16 -1 17 -1 16 -2 16 -2 16 -2 16 -2 15 -2 16 -2 16 -3 15 -3 15 -3 15 -4 14 -3 15 -3 14 -3 14 -3 14 -3 14 -3 14 -3 14 -2 13 0 0 -2 13 -2 13 -1 13 -1 14 -1 13 -1 14 0 13 0 13 0 13 0 13 0 13 0 13 1 14 1 14 1 14 1 13 2 14 2 13 2 14 2 14 2 14 2 14 3 14 3 14 3 14 3 14 0 0 0 0 0 0 0 0 0 0]"
"1769236305784174,CSI_DATA,STATION,00:00:00:00:00:00,0,0,0,0,0,0,0,0,0,0,0,0,0,0,0,0,0,0,0,0,0,128,[84 -64 4 0 0 0 0 0 0 0 0 0 -12 9 -13 8 -13 7 -14 7 -14 6 -14 6 -14 6 -14 5 -14 5 -15 4 -14 5 -14 4 -14 4 -13 4 -14 3 -14 4 -14 3 -13 3 -13 3 -13 3 -13 3 -13 3 -13 3 -13 3 -12 3 -12 3 0 0 -12 4 -12 4 -12 4 -12 4 -11 4 -12 4 -12 4 -11 5 -11 5 -11 5 -11 6 -11 5 -11 6 -11 6 -11 6 -11 7 -11 7 -11 7 -10 8 -11 7 -11 8 -11 8 -11 8 -10 8 -11 8 -11 8 0 0 0 0 0 0 0 0 0 0]"
"1769236305788492,CSI_DATA,STATION,00:00:00:00:00:00,0,0,0,0,0,0,0,0,0,0,0,0,0,0,0,0,0,0,0,0,0,128,[84 -64 4 0 0 0 0 0 0 0 0 0 13 3 14 3 13 4 13 5 13 5 13 6 13 6 12 6 12 7 12 7 12 7 12 7 12 7 11 7 11 7 11 7 11 7 10 7 10 7 10 7 10 7 10 6 10 7 10 6 10 6 10 6 0 0 10 6 9 6 10 5 10 5 10 5 10 6 10 5 10 5 10 4 10 5 10 4 11 4 11 4 11 4 11 4 11 3 12 3 12 3 12 3 11 3 12 3 12 3 12 3 12 2 12 3 12 2 0 0 0 0 0 0 0 0 0 0]"
"1769236305799215,CSI_DATA,STATION,00:00:00:00:00:00,0,0,0,0,0,0,0,0,0,0,0,0,0,0,0,0,0,0,0,0,0,128,[84 -64 4 0 0 0 0 0 0 0 0 0 -7 -11 -7 -11 -6 -11 -6 -11 -6 -11 -6 -12 -4 -12 -4 -12 -4 -12 -4 -12 -4 -12 -4 -11 -4 -11 -4 -12 -3 -12 -3 -11 -3 -11 -3 -11 -3 -11 -3 -11 -3 -11 -3 -11 -3 -10 -3 -10 -4 -11 -3 -10 0 0 -3 -10 -4 -10 -4 -10 -4 -9 -4 -10 -5 -10 -5 -9 -5 -9 -5 -9 -5 -9 -6 -9 -5 -9 -6 -9 -6 -9 -6 -9 -6 -9 -6 -9 -7 -9 -6 -9 -7 -9 -7 -9 -7 -9 -7 -9 -7 -8 -8 -9 -8 -9 0 0 0 0 0 0 0 0 0 0]"
"1769236305805689,CSI_DATA,STATION,00:00:00:00:00:00,0,0,0,0,0,0,0,0,0,0,0,0,0,0,0,0,0,0,0,0,0,128,[84 -64 4 0 0 0 0 0 0 0 0 0 12 18 11 19 10 19 10 20 10 20 9 20 9 21 7 21 8 20 7 20 7 21 6 19 5 21 5 20 5 20 5 19 4 19 5 19 4 19 4 18 4 19 5 18 4 18 4 18 5 17 5 17 0 0 5 17 6 16 7 16 6 16 7 16 7 17 7 16 7 16 8 15 8 15 9 15 9 15 9 15 9 15 10 14 10 14 11 15 11 14 11 14 11 14 12 14 12 14 12 14 13 14 14 14 13 14 0 0 0 0 0 0 0 0 0 0]"
"1769236305810042,CSI_DATA,STATION,00:00:00:00:00:00,0,0,0,0,0,0,0,0,0,0,0,0,0,0,0,0,0,0,0,0,0,128,[84 -64 4 0 0 0 0 0 0 0 0 0 -11 7 -11 6 -11 6 -11 6 -12 5 -12 5 -12 4 -12 4 -12 3 -13 3 -12 4 -12 4 -12 3 -11 3 -12 2 -12 3 -11 2 -11 2 -11 2 -12 2 -11 2 -11 2 -11 3 -11 2 -11 2 -11 3 0 0 -10 3 -10 3 -10 3 -10 3 -10 3 -10 3 -10 3 -10 3 -10 4 -10 5 -10 5 -9 5 -9 5 -9 5 -10 5 -10 6 -10 5 -10 6 -10 6 -10 6 -10 6 -10 6 -9 6 -9 7 -9 7 -9 7 0 0 0 0 0 0 0 0 0 0]"
"1769236305816516,CSI_DATA,STATION,00:00:00:00:00:00,0,0,0,0,0,0,0,0,0,0,0,0,0,0,0,0,0,0,0,0,0,128,[84 -64 4 0 0 0 0 0 0 0 0 0 13 -3 14 -3 13 -2 14 -2 13 -1 14 -1 14 -1 14 0 13 0 13 1 13 0 13 1 13 1 13 1 13 1 12 1 12 1 11 1 12 1 12 1 12 1 12 1 12 0 11 1 12 0 12 0 0 0 11 0 11 0 11 -1 11 -1 11 -1 11 -1 11 -1 11 -1 11 -1 10 -2 11 -3 11 -2 12 -3 11 -2 11 -3 11 -4 11 -4 12 -4 11 -4 11 -4 12 -4 11 -4 12 -4 11 -5 11 -5 12 -5 0 0 0 0 0 0 0 0 0 0]"
"1769236305820826,CSI_DATA,STATION,00:00:00:00:00:00,0,0,0,0,0,0,0,0,0,0,0,0,0,0,0,0,0,0,0,0,0,128,[84 -64 4 0 0 0 0 0 0 0 0 0 7 -13 7 -12 7 -12 8 -12 8 -11 9 -11 9 -11 9 -11 9 -11 10 -10 9 -10 9 -9 9 -10 8 -9 9 -9 9 -9 9 -9 9 -10 9 -9 9 -8 8 -8 8 -9 9 -9 8 -9 7 -9 8 -9 0 0 7 -9 7 -9 7 -9 7 -9 7 -9 6 -9 6 -9 6 -10 6 -9 6 -10 6 -11 6 -10 5 -11 5 -10 5 -11 5 -11 5 -11 5 -12 5 -11 4 -12 5 -12 4 -11 4 -12 4 -12 4 -12 4 -13 0 0 0 0 0 0 0 0 0 0]"
"1769236305827383,CSI_DATA,STATION,00:00:00:00:00:00,0,0,0,0,0,0,0,0,0,0,0,0,0,0,0,0,0,0,0,0,0,128,[84 -64 4 0 0 0 0 0 0 0 0 0 -3 13 -4 13 -4 13 -5 13 -5 13 -5 13 -6 12 -6 12 -6 11 -7 12 -7 12 -6 11 -7 11 -7 11 -6 11 -7 11 -7 10 -7 11 -7 10 -7 10 -7 10 -7 10 -7 10 -6 10 -6 10 -6 10 0 0 -6 9 -5 10 -4 10 -5 10 -5 10 -4 10 -5 10 -4 10 -4 10 -4 10 -4 10 -4 11 -3 11 -3 11 -3 11 -3 11 -3 11 -3 11 -2 12 -3 11 -2 12 -3 12 -3 12 -2 12 -2 12 -2 12 0 0 0 0 0 0 0 0 0 0]"
"1769236305831842,CSI_DATA,STATION,00:00:00:00:00:00,0,0,0,0,0,0,0,0,0,0,0,0,0,0,0,0,0,0,0,0,0,128,[84 -64 4 0 0 0 0 0 0 0 0 0 -7 12 -7 12 -7 11 -8 12 -8 11 -9 11 -9 10 -9 10 -9 10 -10 9 -9 10 -10 9 -10 9 -10 9 -10 8 -10 8 -10 8 -9 8 -9 8 -10 7 -9 7 -9 7 -9 7 -9 8 -8 7 -9 8 0 0 -9 7 -8 7 -8 8 -8 8 -8 8 -8 8 -8 8 -8 8 -7 9 -7 9 -7 9 -7 9 -7 9 -7 10 -7 9 -7 10 -6 10 -7 10 -7 10 -7 10 -7 10 -6 10 -6 10 -6 11 -6 10 -6 11 0 0 0 0 0 0 0 0 0 0]"
"1769236305836198,CSI_DATA,STATION,00:00:00:00:00:00,0,0,0,0,0,0,0,0,0,0,0,0,0,0,0,0,0,0,0,0,0,128,[84 -64 4 0 0 0 0 0 0 0 0 0 13 -5 13 -4 13 -3 13 -3 13 -2 13 -2 13 -3 14 -2 13 -2 13 -1 13 -1 13 0 12 0 12 0 13 -1 12 0 12 0 12 0 12 0 12 0 11 0 11 0 11 0 11 0 11 -1 11 -1 0 0 11 -1 11 -1 11 -1 11 -2 11 -2 11 -2 11 -2 10 -3 10 -2 10 -3 10 -3 11 -3 11 -3 11 -3 11 -4 11 -4 11 -4 11 -5 11 -4 11 -5 11 -5 10 -5 11 -5 11 -5 11 -5 11 -5 0 0 0 0 0 0 0 0 0 0]"
"1769236305842732,CSI_DATA,STATION,00:00:00:00:00:00,0,0,0,0,0,0,0,0,0,0,0,0,0,0,0,0,0,0,0,0,0,128,[84 -64 4 0 0 0 0 0 0 0 0 0 4 12 4 13 3 13 3 13 2 13 2 14 3 13 1 13 1 13 1 13 1 13 0 13 0 12 0 12 0 12 1 12 0 12 0 12 0 12 0 12 0 11 0 11 0 11 0 11 0 11 1 11 0 0 1 11 2 10 2 10 2 11 1 11 2 10 2 11 3 11 2 10 2 10 3 11 3 10 3 10 4 11 4 10 4 10 4 10 4 11 5 11 5 10 5 10 5 10 5 11 5 10 5 11 5 11 0 0 0 0 0 0 0 0 0 0]"
"1769236305847072,CSI_DATA,STATION,00:00:00:00:00:00,0,0,0,0,0,0,0,0,0,0,0,0,0,0,0,0,0,0,0,0,0,128,[84 -64 4 0 0 0 0 0 0 0 0 0 14 0 14 0 14 1 14 1 14 2 13 3 13 3 13 3 12 3 13 4 12 4 12 4 12 4 12 4 12 4 11 4 12 4 11 4 11 4 11 4 11 4 11 4 11 3 11 4 11 3 10 3 0 0 10 3 10 2 10 2 10 2 10 2 10 2 10 1 11 2 11 1 10 1 11 1 11 1 11 1 11 0 11 0 11 0 12 0 11 -1 12 0 11 0 12 -1 12 0 12 -1 12 -1 12 -1 12 -2 0 0 0 0 0 0 0 0 0 0]"
"1769236305853568,CSI_DATA,STATION,00:00:00:00:00:00,0,0,0,0,0,0,0,0,0,0,0,0,0,0,0,0,0,0,0,0,0,128,[84 -64 4 0 0 0 0 0 0 0 0 0 -6 -14 -6 -14 -6 -14 -5 -14 -4 -14 -4 -14 -4 -15 -4 -14 -3 -14 -3 -15 -3 -14 -2 -14 -2 -14 -2 -14 -2 -14 -2 -14 -2 -13 -2 -12 -2 -13 -1 -13 -2 -13 -2 -13 -2 -12 -2 -12 -2 -12 -2 -12 0 0 -3 -12 -3 -12 -3 -12 -3 -11 -4 -12 -3 -12 -4 -12 -4 -11 -4 -11 -5 -11 -5 -11 -5 -11 -5 -11 -5 -11 -5 -11 -6 -11 -6 -11 -6 -11 -6 -11 -6 -11 -6 -12 -7 -11 -7 -12 -7 -11 -7 -11 -7 -11 0 0 0 0 0 0 0 0 0 0]"
"1769236305857874,CSI_DATA,STATION,00:00:00:00:00:00,0,0,0,0,0,0,0,0,0,0,0,0,0,0,0,0,0,0,0,0,0,128,[84 -64 4 0 0 0 0 0 0 0 0 0 10 10 10 10 9 10 9 11 9 11 8 12 7 12 7 12 7 12 7 12 7 12 6 11 6 11 6 11 5 12 5 11 5 11 5 10 5 11 5 11 5 11 5 11 5 10 5 10 5 10 5 10 0 0 5 9 5 9 6 9 6 9 6 9 6 9 6 9 7 9 7 8 7 8 7 8 7 8 8 8 8 8 8 8 8 8 9 7 9 8 9 7 9 7 9 8 9 8 9 7 10 7 10 7 10 7 0 0 0 0 0 0 0 0 0 0]"
"1769236305862195,CSI_DATA,STATION,00:00:00:00:00:00,0,0,0,0,0,0,0,0,0,0,0,0,0,0,0,0,0,0,0,0,0,128,[84 -64 4 0 0 0 0 0 0 0 0 0 8 12 7 13 7 12 6 13 6 13 5 14 5 13 4 13 4 13 3 14 3 13 3 13 3 13 3 13 2 13 3 13 2 12 2 12 2 12 2 13 2 12 2 12 2 12 2 11 3 12 2 11 0 0 3 11 3 11 3 11 3 10 4 11 3 11 4 10 4 11 4 10 4 10 5 10 5 10 5 10 6 10 6 10 5 10 6 10 6 9 7 10 6 9 7 10 7 10 7 10 7 9 8 10 7 10 0 0 0 0 0 0 0 0 0 0]"
"1769236305868624,CSI_DATA,STATION,00:00:00:00:00:00,0,0,0,0,0,0,0,0,0,0,0,0,0,0,0,0,0,0,0,0,0,128,[84 -64 4 0 0 0 0 0 0 0 0 0 6 -14 7 -14 7 -13 8 -13 8 -13 9 -13 9 -13 9 -12 10 -12 9 -12 10 -12 9 -11 9 -11 10 -11 10 -10 9 -10 9 -10 9 -10 9 -10 10 -9 9 -9 9 -9 9 -9 8 -10 8 -9 8 -9 0 0 8 -10 8 -9 7 -9 7 -9 7 -10 7 -9 7 -10 6 -10 6 -10 6 -11 6 -11 6 -11 6 -11 5 -11 5 -11 5 -12 5 -12 4 -12 5 -12 5 -12 5 -12 4 -12 4 -12 4 -13 4 -13 4 -13 0 0 0 0 0 0 0 0 0 0]"
"1769236305872931,CSI_DATA,STATION,00:00:00:00:00:00,0,0,0,0,0,0,0,0,0,0,0,0,0,0,0,0,0,0,0,0,0,128,[84 -64 4 0 0 0 0 0 0 0 0 0 8 -13 9 -14 8 -13 9 -13 10 -12 10 -13 10 -12 11 -11 11 -11 11 -10 11 -10 11 -10 11 -10 11 -9 12 -9 11 -9 11 -9 11 -9 11 -8 11 -8 10 -8 10 -8 10 -8 10 -8 10 -8 10 -8 0 0 9 -8 9 -8 9 -9 8 -8 9 -9 9 -9 8 -9 8 -9 8 -9 7 -10 8 -10 7 -10 8 -10 7 -10 7 -10 7 -11 7 -11 7 -11 7 -11 7 -11 7 -12 7 -11 7 -12 6 -12 6 -12 6 -12 0 0 0 0 0 0 0 0 0 0]"
"1769236305879366,CSI_DATA,STATION,00:00:00:00:00:00,0,0,0,0,0,0,0,0,0,0,0,0,0,0,0,0,0,0,0,0,0,128,[84 -64 4 0 0 0 0 0 0 0 0 0 -7 14 -8 14 -8 13 -9 13 -9 13 -10 13 -9 12 -10 12 -10 12 -11 11 -11 11 -11 10 -11 11 -11 11 -11 10 -11 10 -11 10 -10 10 -10 10 -10 10 -10 9 -10 9 -10 9 -10 9 -9 9 -9 9 0 0 -8 9 -8 9 -8 9 -8 9 -8 10 -7 10 -7 10 -7 10 -7 10 -7 10 -7 11 -7 11 -7 11 -6 11 -6 11 -6 12 -5 11 -6 12 -5 12 -5 12 -5 12 -5 12 -5 12 -5 12 -5 12 -4 13 0 0 0 0 0 0 0 0 0 0]"
"1769236305883660,CSI_DATA,STATION,00:00:00:00:00:00,0,0,0,0,0,0,0,0,0,0,0,0,0,0,0,0,0,0,0,0,0,128,[84 -64 4 0 0 0 0 0 0 0 0 0 14 -3 14 -2 14 -1 14 -1 14 0 14 0 14 1 13 1 14 1 14 2 13 2 13 2 13 3 13 2 13 3 12 3 12 3 12 3 12 3 12 3 12 3 11 2 11 2 11 3 11 3 11 2 0 0 11 2 11 2 11 2 11 1 11 1 11 1 11 1 11 1 11 0 11 0 11 0 11 0 11 0 11 0 11 -1 11 -1 11 -1 12 -2 12 -2 11 -2 12 -2 11 -2 12 -2 12 -2 12 -2 12 -2 0 0 0 0 0 0 0 0 0 0]"
"1769236305887946,CSI_DATA,STATION,00:00:00:00:00:00,0,0,0,0,0,0,0,0,0,0,0,0,0,0,0,0,0,0,0,0,0,128,[84 -64 4 0 0 0 0 0 0 0 0 0 -14 -8 -13 -8 -13 -9 -12 -9 -13 -10 -12 -10 -12 -9 -12 -10 -11 -10 -11 -11 -11 -10 -10 -10 -11 -11 -10 -11 -10 -11 -10 -10 -10 -10 -10 -10 -9 -10 -9 -10 -9 -10 -9 -10 -10 -10 -10 -9 -9 -9 -9 -9 0 0 -10 -8 -9 -8 -10 -8 -10 -7 -10 -8 -10 -8 -10 -7 -11 -7 -11 -7 -11 -6 -11 -6 -11 -7 -11 -6 -11 -6 -12 -6 -12 -6 -12 -5 -12 -5 -13 -5 -12 -5 -13 -5 -13 -5 -13 -5 -13 -4 -13 -4 -13 -4 0 0 0 0 0 0 0 0 0 0]"
"1769236305894407,CSI_DATA,STATION,00:00:00:00:00:00,0,0,0,0,0,0,0,0,0,0,0,0,0,0,0,0,0,0,0,0,0,128,[84 -64 4 0 0 0 0 0 0 0 0 0 -15 -4 -16 -5 -15 -5 -15 -6 -14 -6 -15 -7 -14 -7 -14 -8 -13 -8 -13 -8 -14 -8 -13 -9 -13 -9 -13 -9 -12 -9 -12 -8 -12 -9 -12 -8 -12 -9 -11 -9 -11 -8 -11 -8 -11 -8 -11 -8 -11 -8 -11 -7 0 0 -11 -7 -11 -6 -11 -6 -11 -6 -11 -7 -11 -6 -11 -6 -12 -6 -12 -6 -12 -5 -12 -5 -12 -5 -12 -5 -12 -5 -12 -5 -13 -4 -13 -5 -13 -4 -13 -4 -13 -4 -13 -4 -13 -4 -13 -4 -14 -4 -13 -3 -14 -3 0 0 0 0 0 0 0 0 0 0]"
"1769236305898716,CSI_DATA,STATION,00:00:00:00:00:00,0,0,0,0,0,0,0,0,0,0,0,0,0,0,0,0,0,0,0,0,0,128,[84 -64 4 0 0 0 0 0 0 0 0 0 12 -10 13 -9 12 -8 13 -9 13 -7 14 -8 13 -7 13 -7 14 -6 14 -6 13 -6 14 -5 13 -5 13 -5 14 -5 13 -5 13 -5 12 -4 13 -4 12 -4 12 -4 12 -4 12 -5 12 -5 12 -5 12 -5 0 0 11 -5 11 -5 11 -5 11 -5 11 -6 11 -6 10 -6 11 -6 11 -7 10 -7 10 -7 10 -7 10 -7 10 -7 10 -7 10 -9 10 -8 10 -9 10 -9 9 -9 10 -9 10 -9 10 -9 9 -10 9 -10 9 -10 0 0 0 0 0 0 0 0 0 0]"
"1769236305905202,CSI_DATA,STATION,00:00:00:00:00:00,0,0,0,0,0,0,0,0,0,0,0,0,0,0,0,0,0,0,0,0,0,128,[84 -64 4 0 0 0 0 0 0 0 0 0 -4 13 -4 13 -5 13 -5 12 -6 12 -6 12 -7 12 -7 12 -7 11 -7 11 -8 11 -8 11 -8 11 -8 10 -8 10 -8 10 -8 10 -8 10 -8 10 -8 9 -8 9 -7 9 -8 9 -8 9 -7 9 -7 10 0 0 -7 9 -6 9 -6 9 -6 9 -6 9 -6 9 -6 9 -6 9 -5 10 -6 10 -6 10 -6 10 -5 10 -5 10 -5 10 -5 11 -4 11 -4 11 -4 11 -4 11 -4 11 -4 11 -4 11 -4 11 -4 12 -4 12 0 0 0 0 0 0 0 0 0 0]"
"1769236305909495,CSI_DATA,STATION,00:00:00:00:00:00,0,0,0,0,0,0,0,0,0,0,0,0,0,0,0,0,0,0,0,0,0,128,[84 -64 4 0 0 0 0 0 0 0 0 0 4 12 4 12 3 13 3 13 2 13 2 14 1 13 1 13 1 13 0 13 0 13 0 13 0 12 0 13 -1 13 0 13 -1 12 -1 12 0 12 0 12 0 12 0 11 0 12 0 11 0 11 0 11 0 0 0 11 1 11 1 11 1 11 1 11 2 11 2 11 2 11 2 10 2 10 3 11 3 11 3 11 3 11 4 11 4 11 4 10 5 11 5 11 5 10 5 11 5 10 5 11 6 10 6 11 6 11 0 0 0 0 0 0 0 0 0 0]"
"1769236305913809,CSI_DATA,STATION,00:00:00:00:00:00,0,0,0,0,0,0,0,0,0,0,0,0,0,0,0,0,0,0,0,0,0,128,[84 -64 4 0 0 0 0 0 0 0 0 0 12 -8 12 -7 12 -6 12 -6 13 -6 13 -5 12 -5 13 -4 13 -4 13 -4 13 -3 13 -3 13 -3 13 -3 13 -3 12 -3 12 -3 12 -3 12 -3 12 -3 12 -2 11 -3 12 -3 11 -2 11 -3 11 -3 0 0 11 -3 11 -4 11 -3 11 -4 11 -4 11 -4 10 -4 10 -4 10 -5 10 -5 10 -6 10 -5 10 -5 10 -5 10 -6 10 -6 10 -6 10 -7 10 -7 10 -7 10 -7 10 -7 10 -7 10 -8 10 -8 10 -8 0 0 0 0 0 0 0 0 0 0]"
"1769236305920301,CSI_DATA,STATION,00:00:00:00:00:00,0,0,0,0,0,0,0,0,0,0,0,0,0,0,0,0,0,0,0,0,0,128,[84 -64 4 0 0 0 0 0 0 0 0 0 10 -10 10 -9 11 -9 10 -9 12 -9 11 -8 12 -7 12 -7 12 -7 12 -7 12 -7 12 -6 12 -6 11 -6 12 -6 12 -5 11 -5 11 -5 11 -4 11 -5 11 -5 11 -4 11 -5 10 -5 11 -5 11 -6 0 0 10 -5 10 -5 10 -6 10 -5 10 -6 10 -6 10 -6 10 -6 9 -6 9 -7 9 -7 9 -7 9 -7 9 -7 9 -8 9 -8 9 -8 9 -9 9 -9 9 -8 9 -9 9 -8 9 -9 8 -10 8 -10 9 -10 0 0 0 0 0 0 0 0 0 0]"
"1769236305924613,CSI_DATA,STATION,00:00:00:00:00:00,0,0,0,0,0,0,0,0,0,0,0,0,0,0,0,0,0,0,0,0,0,128,[84 -64 4 0 0 0 0 0 0 0 0 0 -18 -1 -18 -1 -18 -2 -18 -2 -18 -2 -18 -3 -18 -3 -17 -4 -17 -4 -17 -5 -17 -5 -16 -5 -16 -6 -16 -6 -15 -5 -16 -5 -15 -6 -15 -6 -16 -6 -15 -6 -15 -6 -15 -6 -15 -6 -15 -6 -14 -5 -15 -4 0 0 -14 -4 -14 -4 -14 -4 -14 -4 -15 -4 -14 -3 -15 -3 -15 -3 -14 -2 -15 -3 -16 -2 -15 -2 -15 -2 -16 -2 -16 -1 -16 -1 -16 -1 -16 -1 -16 -1 -16 0 -16 0 -16 0 -16 0 -16 0 -17 0 -17 0 0 0 0 0 0 0 0 0 0 0]"
"1769236305931232,CSI_DATA,STATION,00:00:00:00:00:00,0,0,0,0,0,0,0,0,0,0,0,0,0,0,0,0,0,0,0,0,0,128,[84 -64 4 0 0 0 0 0 0 0 0 0 6 10 5 11 5 11 5 11 4 11 4 11 3 11 3 11 3 11 3 12 2 11 2 11 2 11 2 11 1 11 2 11 1 11 1 10 1 11 1 11 1 10 1 10 1 10 1 10 2 10 1 10 0 0 2 10 2 10 2 9 2 9 3 9 3 9 3 10 3 10 3 9 3 9 4 9 3 10 4 10 4 9 4 9 4 9 4 9 5 9 5 9 5 9 5 9 5 9 5 9 6 9 6 9 5 9 0 0 0 0 0 0 0 0 0 0]"
"1769236305935578,CSI_DATA,STATION,00:00:00:00:00:00,0,0,0,0,0,0,0,0,0,0,0,0,0,0,0,0,0,0,0,0,0,128,[84 -64 4 0 0 0 0 0 0 0 0 0 14 -6 14 -5 14 -4 14 -4 14 -3 14 -3 15 -3 15 -2 15 -2 15 -1 14 -1 14 -2 14 0 14 -1 14 -1 14 -1 13 0 13 0 13 0 13 0 13 0 13 0 12 -1 13 0 13 -1 12 -1 0 0 12 -2 12 -2 12 -2 12 -2 12 -2 12 -2 12 -2 12 -3 12 -3 12 -4 12 -4 12 -4 12 -4 12 -4 12 -5 12 -5 12 -5 12 -6 12 -5 12 -6 13 -6 12 -5 12 -6 12 -6 13 -7 12 -7 0 0 0 0 0 0 0 0 0 0]"
"1769236305939921,CSI_DATA,STATION,00:00:00:00:00:00,0,0,0,0,0,0,0,0,0,0,0,0,0,0,0,0,0,0,0,0,0,128,[84 -64 4 0 0 0 0 0 0 0 0 0 -7 11 -8 12 -7 11 -8 11 -8 10 -9 10 -9 10 -9 10 -9 9 -10 9 -10 9 -10 9 -10 8 -10 8 -10 8 -10 8 -10 8 -9 8 -10 8 -10 7 -9 7 -9 7 -9 8 -9 8 -9 7 -9 8 0 0 -9 8 -8 7 -8 8 -8 7 -8 8 -8 8 -8 8 -8 9 -7 9 -7 9 -7 9 -7 9 -7 9 -7 9 -7 10 -7 10 -6 10 -6 10 -6 11 -6 10 -6 11 -6 11 -6 10 -6 11 -6 11 -6 11 0 0 0 0 0 0 0 0 0 0]"
"1769236305946466,CSI_DATA,STATION,00:00:00:00:00:00,0,0,0,0,0,0,0,0,0,0,0,0,0,0,0,0,0,0,0,0,0,128,[84 -64 4 0 0 0 0 0 0 0 0 0 -14 -1 -14 -2 -14 -2 -14 -3 -14 -3 -14 -4 -13 -4 -13 -5 -13 -5 -13 -5 -13 -5 -13 -5 -13 -5 -12 -6 -12 -6 -12 -6 -12 -6 -11 -5 -11 -6 -11 -6 -11 -6 -11 -6 -11 -5 -11 -5 -11 -5 -11 -5 0 0 -11 -5 -11 -5 -11 -4 -10 -4 -11 -4 -11 -4 -11 -4 -11 -4 -11 -4 -11 -3 -12 -3 -12 -3 -12 -3 -12 -3 -11 -3 -12 -2 -12 -2 -12 -2 -12 -2 -12 -2 -13 -2 -13 -2 -13 -2 -13 -1 -13 -1 -13 -1 0 0 0 0 0 0 0 0 0 0]"
"1769236305955169,CSI_DATA,STATION,00:00:00:00:00:00,0,0,0,0,0,0,0,0,0,0,0,0,0,0,0,0,0,0,0,0,0,128,[84 -64 4 0 0 0 0 0 0 0 0 0 -14 -2 -13 -3 -14 -4 -13 -4 -13 -5 -13 -5 -13 -5 -13 -6 -12 -6 -12 -6 -12 -6 -12 -6 -12 -7 -11 -7 -11 -6 -11 -6 -11 -7 -11 -7 -11 -7 -10 -7 -10 -6 -10 -6 -10 -6 -11 -6 -10 -6 -10 -5 0 0 -10 -5 -10 -5 -10 -5 -10 -4 -10 -5 -10 -5 -10 -4 -10 -4 -10 -4 -11 -4 -11 -3 -11 -4 -11 -4 -11 -3 -11 -3 -11 -3 -12 -3 -12 -3 -12 -2 -12 -2 -12 -2 -12 -3 -12 -2 -12 -2 -12 -2 -12 -1 0 0 0 0 0 0 0 0 0 0]"
"1769236305961672,CSI_DATA,STATION,00:00:00:00:00:00,0,0,0,0,0,0,0,0,0,0,0,0,0,0,0,0,0,0,0,0,0,128,[84 -64 4 0 0 0 0 0 0 0 0 0 0 14 0 14 -2 14 -1 14 -2 14 -3 14 -3 14 -4 14 -4 13 -4 14 -4 14 -4 13 -5 13 -5 12 -5 12 -5 12 -5 12 -5 12 -5 12 -5 11 -5 11 -4 11 -4 11 -4 11 -4 11 -4 11 0 0 -3 10 -3 11 -2 11 -2 11 -2 11 -2 10 -2 11 -2 11 -2 11 -2 11 -1 11 -1 11 -1 11 0 11 0 11 0 11 0 11 0 11 1 12 0 12 1 12 1 12 1 12 1 12 1 12 1 12 0 0 0 0 0 0 0 0 0 0]"
"1769236305965993,CSI_DATA,STATION,00:00:00:00:00:00,0,0,0,0,0,0,0,0,0,0,0,0,0,0,0,0,0,0,0,0,0,128,[84 -64 4 0 0 0 0 0 0 0 0 0 9 10 9 11 9 11 8 11 8 12 7 12 7 12 6 12 6 12 5 13 5 13 5 12 5 12 5 12 4 13 4 12 4 12 4 11 4 11 4 12 3 11 4 11 4 11 4 11 4 10 4 10 0 0 4 10 4 10 4 10 4 9 5 9 5 10 5 10 5 9 5 9 6 9 6 9 6 9 6 9 6 9 7 9 7 9 8 8 7 8 7 8 7 8 8 8 8 9 8 9 8 8 9 8 9 8 0 0 0 0 0 0 0 0 0 0]"
"1769236305972563,CSI_DATA,STATION,00:00:00:00:00:00,0,0,0,0,0,0,0,0,0,0,0,0,0,0,0,0,0,0,0,0,0,128,[84 -64 4 0 0 0 0 0 0 0 0 0 13 -5 13 -4 14 -3 14 -3 14 -3 14 -3 14 -2 14 -1 14 -1 13 -1 14 -1 13 0 13 0 13 0 13 0 12 0 12 1 13 1 12 0 12 0 11 1 12 0 12 0 12 0 12 0 11 -1 0 0 11 -1 11 -1 11 -1 11 -2 11 -1 11 -2 11 -2 11 -2 11 -2 11 -2 11 -3 11 -3 11 -3 11 -3 10 -4 10 -4 11 -4 11 -5 11 -5 11 -5 11 -5 10 -5 11 -5 11 -5 11 -6 11 -6 0 0 0 0 0 0 0 0 0 0]"
"1769236305976918,CSI_DATA,STATION,00:00:00:00:00:00,0,0,0,0,0,0,0,0,0,0,0,0,0,0,0,0,0,0,0,0,0,128,[84 -64 4 0 0 0 0 0 0 0 0 0 -15 0 -15 -1 -15 -2 -15 -3 -15 -3 -15 -3 -14 -4 -14 -4 -14 -4 -14 -5 -14 -5 -13 -4 -13 -5 -13 -5 -13 -5 -13 -5 -12 -5 -12 -6 -12 -5 -11 -6 -12 -5 -12 -6 -12 -5 -12 -5 -11 -5 -11 -4 0 0 -11 -4 -11 -4 -11 -4 -11 -3 -11 -4 -11 -3 -11 -3 -12 -3 -11 -3 -12 -2 -12 -1 -12 -2 -12 -1 -12 -2 -12 -1 -12 -1 -12 -1 -12 -1 -12 -1 -12 -1 -12 0 -12 -1 -12 0 -13 0 -12 1 -12 1 0 0 0 0 0 0 0 0 0 0]"
"1769236305983454,CSI_DATA,STATION,00:00:00:00:00:00,0,0,0,0,0,0,0,0,0,0,0,0,0,0,0,0,0,0,0,0,0,128,[84 -64 4 0 0 0 0 0 0 0 0 0 13 4 13 5 13 6 12 6 12 7 12 7 12 7 12 7 11 7 11 8 11 8 10 8 11 9 10 8 10 8 10 8 10 8 9 8 9 8 9 8 9 8 9 8 9 8 9 7 9 7 9 6 0 0 9 6 9 6 9 6 9 5 9 5 9 6 9 5 9 5 9 5 10 5 10 4 10 5 10 5 10 4 10 3 10 4 11 3 10 3 10 3 11 3 11 2 11 3 11 2 11 2 11 2 11 2 0 0 0 0 0 0 0 0 0 0]"
"1769236305987794,CSI_DATA,STATION,00:00:00:00:00:00,0,0,0,0,0,0,0,0,0,0,0,0,0,0,0,0,0,0,0,0,0,128,[84 -64 4 0 0 0 0 0 0 0 0 0 -14 3 -15 2 -15 1 -15 1 -15 0 -15 0 -15 0 -15 -1 -15 -1 -15 -2 -15 -1 -14 -2 -14 -2 -14 -3 -14 -2 -14 -3 -14 -3 -14 -2 -14 -3 -13 -3 -13 -3 -12 -3 -12 -2 -12 -3 -12 -2 -12 -2 0 0 -12 -2 -12 -1 -12 -1 -11 -1 -12 -1 -12 -1 -12 -1 -12 -1 -11 -1 -12 0 -12 1 -12 0 -12 0 -12 1 -12 1 -12 1 -12 1 -12 1 -12 2 -12 2 -13 2 -13 2 -12 2 -13 2 -12 3 -13 2 0 0 0 0 0 0 0 0 0 0]"
"1769236305992160,CSI_DATA,STATION,00:00:00:00:00:00,0,0,0,0,0,0,0,0,0,0,0,0,0,0,0,0,0,0,0,0,0,128,[84 -64 4 0 0 0 0 0 0 0 0 0 -8 12 -8 12 -8 12 -9 11 -10 11 -10 11 -10 12 -10 11 -10 10 -11 9 -11 9 -11 8 -11 9 -11 9 -11 8 -11 9 -11 8 -11 8 -10 8 -11 8 -11 7 -10 8 -10 7 -10 8 -10 7 -10 7 0 0 -9 7 -9 8 -9 8 -9 8 -8 8 -8 8 -8 8 -8 8 -8 9 -8 9 -8 9 -8 9 -8 8 -7 9 -7 9 -7 9 -7 10 -7 10 -7 11 -7 10 -6 11 -6 10 -6 10 -6 11 -7 11 -6 11 0 0 0 0 0 0 0 0 0 0]"
"1769236305998644,CSI_DATA,STATION,00:00:00:00:00:00,0,0,0,0,0,0,0,0,0,0,0,0,0,0,0,0,0,0,0,0,0,128,[84 -64 4 0 0 0 0 0 0 0 0 0 -5 -14 -4 -14 -5 -15 -4 -15 -3 -15 -3 -15 -2 -15 -2 -15 -2 -15 -2 -15 -1 -15 -1 -15 -1 -14 -1 -14 -1 -14 -1 -14 0 -13 0 -13 0 -14 -1 -14 -1 -13 -1 -13 -1 -13 -1 -13 -1 -13 -1 -13 0 0 -2 -12 -2 -12 -2 -12 -2 -12 -2 -12 -3 -12 -3 -12 -3 -12 -3 -12 -4 -11 -4 -12 -4 -12 -4 -12 -4 -12 -4 -12 -5 -11 -5 -12 -6 -12 -6 -12 -6 -12 -6 -12 -6 -12 -6 -12 -7 -11 -7 -12 -7 -11 0 0 0 0 0 0 0 0 0 0]"
"1769236306002975,CSI_DATA,STATION,00:00:00:00:00:00,0,0,0,0,0,0,0,0,0,0,0,0,0,0,0,0,0,0,0,0,0,128,[84 -64 4 0 0 0 0 0 0 0 0 0 11 -8 11 -7 11 -6 11 -6 12 -6 12 -6 12 -5 12 -4 12 -4 12 -4 12 -4 12 -3 12 -3 12 -3 12 -2 12 -3 11 -2 11 -2 12 -2 12 -2 11 -2 11 -2 11 -2 11 -2 10 -3 10 -3 0 0 10 -3 10 -3 10 -3 10 -3 10 -3 10 -3 10 -4 10 -4 9 -4 10 -4 9 -5 10 -5 10 -5 9 -5 10 -6 10 -5 9 -6 10 -6 10 -6 10 -6 10 -6 9 -6 10 -6 9 -7 10 -7 9 -7 0 0 0 0 0 0 0 0 0 0]"
"1769236306009478,CSI_DATA,STATION,00:00:00:00:00:00,0,0,0,0,0,0,0,0,0,0,0,0,0,0,0,0,0,0,0,0,0,128,[84 -64 4 0 0 0 0 0 0 0 0 0 -14 6 -15 6 -15 4 -15 4 -15 3 -15 4 -15 3 -16 3 -15 2 -16 2 -15 2 -15 2 -15 1 -15 1 -14 0 -15 1 -14 1 -14 0 -14 0 -14 0 -14 0 -13 0 -14 1 -13 0 -13 0 -13 1 0 0 -13 1 -13 1 -13 1 -13 2 -12 1 -12 2 -13 2 -12 2 -12 2 -12 3 -12 4 -12 3 -12 4 -12 4 -12 4 -12 4 -12 4 -12 4 -13 5 -13 4 -13 5 -13 5 -13 5 -12 6 -13 6 -13 6 0 0 0 0 0 0 0 0 0 0]"
"1769236306013800,CSI_DATA,STATION,00:00:00:00:00:00,0,0,0,0,0,0,0,0,0,0,0,0,0,0,0,0,0,0,0,0,0,128,[84 -64 4 0 0 0 0 0 0 0 0 0 12 3 12 4 12 4 12 4 12 5 12 5 12 6 12 6 11 6 12 7 11 6 11 6 11 6 11 6 10 7 10 6 10 6 10 6 10 6 10 7 9 7 10 6 10 6 10 5 9 6 9 5 0 0 9 5 9 5 9 4 9 4 10 4 10 4 9 4 10 4 10 3 10 3 10 2 11 3 10 2 10 3 11 2 11 2 11 2 11 1 11 2 11 2 11 2 11 2 12 1 12 1 12 0 12 0 0 0 0 0 0 0 0 0 0 0]"
"1769236306018159,CSI_DATA,STATION,00:00:00:00:00:00,0,0,0,0,0,0,0,0,0,0,0,0,0,0,0,0,0,0,0,0,0,128,[84 -64 4 0 0 0 0 0 0 0 0 0 5 14 4 14 3 14 3 15 3 15 2 15 2 15 1 15 1 15 1 15 1 15 0 14 0 14 0 14 -1 14 -1 14 -1 14 -1 13 -1 14 -1 13 -1 13 -1 13 -1 13 -1 13 0 13 0 13 0 0 0 12 1 12 1 12 0 12 1 12 1 12 1 12 1 12 1 12 2 12 2 11 2 12 3 12 3 12 3 12 3 13 4 12 4 13 4 12 3 13 4 13 4 13 4 13 4 13 5 13 5 13 0 0 0 0 0 0 0 0 0 0]"
"1769236306024647,CSI_DATA,STATION,00:00:00:00:00:00,0,0,0,0,0,0,0,0,0,0,0,0,0,0,0,0,0,0,0,0,0,128,[84 -64 4 0 0 0 0 0 0 0 0 0 -16 2 -16 1 -17 0 -16 0 -17 0 -16 0 -16 -1 -16 -1 -16 -2 -16 -2 -16 -2 -15 -3 -15 -3 -15 -3 -15 -4 -15 -3 -15 -3 -15 -3 -15 -3 -14 -4 -14 -4 -14 -4 -14 -3 -14 -3 -13 -3 -13 -2 0 0 -13 -2 -13 -1 -13 -1 -13 -1 -13 -1 -13 -1 -13 -1 -13 -1 -13 0 -13 0 -14 1 -13 1 -14 1 -13 1 -14 2 -14 2 -14 1 -14 2 -14 2 -14 2 -15 2 -14 2 -15 2 -15 3 -15 3 -14 3 0 0 0 0 0 0 0 0 0 0]"
"1769236306029082,CSI_DATA,STATION,00:00:00:00:00:00,0,0,0,0,0,0,0,0,0,0,0,0,0,0,0,0,0,0,0,0,0,128,[84 -64 4 0 0 0 0 0 0 0 0 0 9 10 9 10 8 11 8 11 7 11 7 12 7 12 6 12 6 12 6 12 6 12 5 12 5 12 4 12 4 13 4 12 4 12 4 11 4 12 4 12 3 11 4 11 4 11 4 11 4 11 4 11 0 0 4 10 5 10 5 10 5 10 5 10 5 10 5 10 5 10 5 9 6 9 6 9 6 10 7 9 7 9 6 10 7 9 7 9 7 9 7 9 7 10 8 9 8 9 8 9 8 9 8 9 8 9 0 0 0 0 0 0 0 0 0 0]"
"1769236306035564,CSI_DATA,STATION,00:00:00:00:00:00,0,0,0,0,0,0,0,0,0,0,0,0,0,0,0,0,0,0,0,0,0,128,[84 -64 4 0 0 0 0 0 0 0 0 0 -6 -14 -5 -14 -5 -14 -4 -14 -4 -14 -4 -15 -3 -14 -2 -15 -2 -15 -2 -15 -2 -15 -2 -14 -2 -14 -1 -14 -1 -15 -2 -13 -1 -13 -1 -13 -1 -13 -1 -13 -1 -13 -1 -13 -1 -13 -2 -13 -2 -13 -2 -12 0 0 -2 -12 -2 -12 -3 -12 -3 -12 -3 -12 -3 -12 -3 -12 -3 -12 -4 -12 -3 -12 -4 -12 -4 -12 -5 -12 -5 -12 -5 -12 -5 -12 -5 -12 -6 -12 -5 -12 -6 -12 -6 -12 -6 -12 -6 -12 -7 -12 -7 -12 -7 -12 0 0 0 0 0 0 0 0 0 0]"
"1769236306039907,CSI_DATA,STATION,00:00:00:00:00:00,0,0,0,0,0,0,0,0,0,0,0,0,0,0,0,0,0,0,0,0,0,128,[84 -64 4 0 0 0 0 0 0 0 0 0 -13 6 -14 6 -14 5 -14 5 -14 4 -14 4 -14 3 -14 3 -14 2 -15 2 -14 2 -14 3 -13 1 -14 2 -14 1 -13 2 -13 1 -13 1 -13 1 -13 1 -13 0 -13 1 -12 1 -12 1 -12 1 -12 2 0 0 -12 1 -12 2 -11 2 -12 2 -12 2 -12 2 -12 2 -12 3 -12 3 -12 3 -11 4 -12 4 -11 4 -12 4 -12 4 -12 5 -12 4 -12 5 -12 5 -12 5 -12 5 -12 5 -12 5 -12 6 -12 6 -12 6 0 0 0 0 0 0 0 0 0 0]"
"1769236306044303,CSI_DATA,STATION,00:00:00:00:00:00,0,0,0,0,0,0,0,0,0,0,0,0,0,0,0,0,0,0,0,0,0,128,[84 -64 4 0 0 0 0 0 0 0 0 0 -3 -15 -3 -15 -2 -15 -2 -15 -1 -15 -1 -16 -1 -15 0 -15 0 -15 0 -15 0 -14 1 -15 1 -14 1 -14 1 -14 1 -14 1 -14 2 -13 1 -14 1 -13 2 -13 1 -13 2 -13 1 -12 1 -13 1 -13 0 0 0 -12 0 -12 0 -12 0 -12 -1 -12 -1 -12 -1 -12 -1 -12 -1 -12 -2 -12 -2 -12 -2 -12 -2 -12 -3 -13 -3 -13 -3 -12 -3 -13 -3 -13 -4 -13 -4 -13 -4 -13 -4 -13 -4 -13 -5 -13 -5 -13 -5 -13 0 0 0 0 0 0 0 0 0 0]"
"1769236306050835,CSI_DATA,STATION,00:00:00:00:00:00,0,0,0,0,0,0,0,0,0,0,0,0,0,0,0,0,0,0,0,0,0,128,[84 -64 4 0 0 0 0 0 0 0 0 0 2 13 1 14 1 14 0 14 0 14 0 14 -1 14 -1 14 -1 14 -2 14 -2 13 -2 13 -2 13 -2 13 -3 13 -2 13 -3 13 -3 12 -2 12 -2 12 -2 12 -3 12 -2 12 -2 12 -2 12 -2 12 0 0 -2 12 -1 11 -1 11 -1 11 -1 12 0 11 0 11 0 11 0 11 0 11 1 11 1 11 1 11 1 12 1 11 2 12 2 11 2 11 2 12 3 11 3 12 3 12 3 11 4 12 3 12 3 12 0 0 0 0 0 0 0 0 0 0]"
"1769236306055172,CSI_DATA,STATION,00:00:00:00:00:00,0,0,0,0,0,0,0,0,0,0,0,0,0,0,0,0,0,0,0,0,0,128,[84 -64 4 0 0 0 0 0 0 0 0 0 -10 -11 -10 -11 -10 -12 -10 -12 -9 -12 -9 -13 -8 -13 -7 -13 -7 -13 -7 -13 -7 -12 -7 -12 -7 -13 -6 -13 -6 -13 -6 -13 -6 -12 -6 -12 -5 -12 -6 -12 -5 -12 -5 -12 -5 -12 -6 -11 -6 -11 -6 -11 0 0 -6 -11 -6 -11 -6 -11 -6 -10 -7 -10 -7 -11 -7 -10 -7 -10 -7 -10 -8 -10 -8 -9 -8 -9 -8 -9 -9 -9 -8 -9 -9 -9 -9 -9 -9 -9 -9 -9 -9 -9 -9 -9 -10 -9 -10 -9 -10 -8 -10 -8 -11 -8 0 0 0 0 0 0 0 0 0 0]"
"1769236306061642,CSI_DATA,STATION,00:00:00:00:00:00,0,0,0,0,0,0,0,0,0,0,0,0,0,0,0,0,0,0,0,0,0,128,[84 -64 4 0 0 0 0 0 0 0 0 0 7 -14 8 -14 8 -14 8 -14 9 -13 10 -13 9 -13 10 -12 10 -12 10 -12 10 -12 10 -11 10 -11 10 -11 11 -11 10 -10 10 -10 10 -11 10 -10 10 -10 9 -10 9 -10 10 -10 10 -10 9 -10 9 -10 0 0 8 -10 8 -10 8 -10 8 -10 8 -10 7 -10 7 -11 7 -11 7 -11 7 -11 7 -11 6 -11 6 -11 6 -11 6 -12 6 -12 5 -12 6 -13 5 -13 5 -13 5 -13 5 -12 5 -13 5 -13 4 -13 4 -14 0 0 0 0 0 0 0 0 0 0]"
"1769236306065962,CSI_DATA,STATION,00:00:00:00:00:00,0,0,0,0,0,0,0,0,0,0,0,0,0,0,0,0,0,0,0,0,0,128,[84 -64 4 0 0 0 0 0 0 0 0 0 11 7 11 8 10 9 10 9 10 10 10 10 9 10 9 10 9 10 8 11 8 10 7 10 8 10 8 10 7 11 7 11 7 10 7 10 7 10 7 11 7 10 6 10 6 10 7 9 6 9 6 9 0 0 7 8 6 9 7 8 7 8 7 8 7 9 8 8 8 8 8 7 8 8 8 7 8 8 8 7 8 7 8 7 9 7 9 6 9 7 9 6 9 7 10 6 9 7 9 7 10 6 10 6 11 6 0 0 0 0 0 0 0 0 0 0]"
"1769236306070290,CSI_DATA,STATION,00:00:00:00:00:00,0,0,0,0,0,0,0,0,0,0,0,0,0,0,0,0,0,0,0,0,0,128,[84 -64 4 0 0 0 0 0 0 0 0 0 11 -12 11 -12 11 -11 12 -11 12 -10 13 -10 13 -9 13 -9 13 -9 13 -8 13 -8 13 -8 13 -8 13 -8 13 -8 13 -7 13 -7 12 -7 12 -7 13 -7 12 -7 12 -7 12 -7 11 -7 11 -7 11 -7 0 0 11 -7 10 -7 10 -7 10 -7 10 -8 10 -8 10 -8 10 -8 10 -8 9 -9 9 -9 9 -9 9 -9 9 -9 9 -10 9 -10 9 -11 9 -11 9 -11 9 -11 8 -11 8 -11 8 -11 8 -11 8 -12 8 -12 0 0 0 0 0 0 0 0 0 0]"
"1769236306076744,CSI_DATA,STATION,00:00:00:00:00:00,0,0,0,0,0,0,0,0,0,0,0,0,0,0,0,0,0,0,0,0,0,128,[84 -64 4 0 0 0 0 0 0 0 0 0 1 15 1 15 0 15 0 15 -1 15 -2 15 -2 15 -2 15 -2 14 -3 15 -3 14 -3 14 -4 14 -4 14 -4 14 -4 14 -4 13 -4 12 -4 13 -4 13 -4 13 -4 12 -4 12 -4 13 -3 13 -3 12 0 0 -3 12 -2 12 -2 12 -2 12 -2 12 -1 12 -1 12 -1 12 -1 12 -1 12 0 13 0 12 0 13 1 12 1 12 1 12 1 12 1 12 1 13 1 13 2 13 2 12 2 13 2 13 2 13 2 13 0 0 0 0 0 0 0 0 0 0]"
"1769236306081046,CSI_DATA,STATION,00:00:00:00:00:00,0,0,0,0,0,0,0,0,0,0,0,0,0,0,0,0,0,0,0,0,0,128,[84 -64 4 0 0 0 0 0 0 0 0 0 -11 -9 -11 -9 -10 -9 -10 -10 -11 -10 -10 -11 -10 -10 -9 -11 -9 -11 -9 -12 -8 -11 -7 -12 -8 -12 -8 -12 -7 -12 -7 -11 -8 -11 -8 -11 -7 -11 -8 -11 -7 -11 -7 -10 -7 -11 -7 -10 -7 -10 -7 -10 0 0 -7 -9 -7 -9 -8 -9 -7 -9 -8 -9 -8 -9 -8 -9 -9 -9 -8 -8 -9 -8 -9 -8 -9 -8 -9 -8 -9 -8 -9 -8 -10 -7 -10 -8 -10 -8 -10 -7 -10 -7 -11 -7 -11 -7 -11 -7 -11 -7 -11 -7 -11 -7 0 0 0 0 0 0 0 0 0 0]"
"1769236306097974,CSI_DATA,STATION,00:00:00:00:00:00,0,0,0,0,0,0,0,0,0,0,0,0,0,0,0,0,0,0,0,0,0,128,[84 -64 4 0 0 0 0 0 0 0 0 0 4 16 3 16 2 16 2 16 1 16 1 16 0 16 0 16 0 16 -1 17 -1 16 -2 15 -2 15 -2 15 -2 14 -2 15 -2 14 -2 14 -2 15 -1 14 -1 13 -1 13 -2 14 -1 13 -1 13 -1 13 0 0 0 12 0 12 0 12 0 13 1 13 1 12 1 13 2 13 1 12 2 13 2 12 2 12 3 12 3 12 3 13 4 12 4 12 4 12 4 12 4 12 5 12 5 12 5 13 5 12 5 13 5 12 0 0 0 0 0 0 0 0 0 0]"
"1769236306104462,CSI_DATA,STATION,00:00:00:00:00:00,0,0,0,0,0,0,0,0,0,0,0,0,0,0,0,0,0,0,0,0,0,128,[84 -64 4 0 0 0 0 0 0 0 0 0 -16 1 -16 0 -15 0 -16 -1 -15 -1 -15 -2 -15 -2 -16 -3 -15 -3 -15 -4 -15 -3 -14 -3 -14 -4 -14 -4 -14 -4 -14 -3 -13 -4 -13 -4 -13 -4 -13 -4 -12 -4 -12 -4 -12 -3 -12 -4 -12 -3 -12 -3 0 0 -12 -2 -12 -3 -12 -2 -13 -2 -12 -2 -12 -2 -12 -2 -12 -2 -12 -1 -12 -1 -12 0 -12 -1 -12 0 -12 0 -12 0 -12 1 -13 0 -13 1 -13 1 -13 2 -13 1 -13 2 -13 2 -13 1 -13 2 -13 2 0 0 0 0 0 0 0 0 0 0]"
"1769236306108769,CSI_DATA,STATION,00:00:00:00:00:00,0,0,0,0,0,0,0,0,0,0,0,0,0,0,0,0,0,0,0,0,0,128,[84 -64 4 0 0 0 0 0 0 0 0 0 -15 3 -16 2 -16 1 -16 1 -15 0 -15 0 -15 0 -16 0 -15 -1 -15 -1 -15 -1 -15 -1 -15 -2 -14 -2 -14 -3 -14 -2 -14 -3 -13 -3 -14 -3 -13 -2 -13 -2 -13 -2 -13 -2 -13 -2 -13 -2 -12 -1 0 0 -12 -1 -12 -1 -12 -1 -12 0 -12 -1 -12 0 -12 0 -12 0 -12 1 -12 1 -12 1 -12 1 -12 1 -12 1 -12 2 -12 2 -12 2 -12 2 -12 3 -12 3 -12 3 -12 3 -12 3 -12 3 -12 3 -12 3 0 0 0 0 0 0 0 0 0 0]"
"1769236306115220,CSI_DATA,STATION,00:00:00:00:00:00,0,0,0,0,0,0,0,0,0,0,0,0,0,0,0,0,0,0,0,0,0,128,[84 -64 4 0 0 0 0 0 0 0 0 0 2 -15 3 -16 3 -15 3 -15 3 -15 4 -16 5 -15 5 -15 5 -14 5 -14 5 -14 5 -14 5 -13 5 -13 6 -13 5 -12 6 -13 5 -12 6 -13 5 -12 5 -12 5 -12 5 -12 5 -12 4 -11 4 -12 0 0 4 -12 3 -11 3 -12 3 -11 4 -12 2 -12 2 -12 2 -12 2 -12 2 -11 2 -12 1 -12 1 -12 1 -13 1 -12 0 -13 0 -13 0 -13 0 -13 0 -13 0 -13 -1 -13 -1 -13 -1 -13 -1 -13 -1 -13 0 0 0 0 0 0 0 0 0 0]"
"1769236306119542,CSI_DATA,STATION,00:00:00:00:00:00,0,0,0,0,0,0,0,0,0,0,0,0,0,0,0,0,0,0,0,0,0,128,[84 -64 4 0 0 0 0 0 0 0 0 0 15 -1 15 0 14 0 15 1 14 1 15 1 14 2 14 2 14 3 14 3 14 3 13 3 13 3 13 3 13 3 13 3 13 4 12 4 13 4 12 3 12 4 12 3 11 3 11 3 12 2 12 2 0 0 11 2 11 1 11 2 11 1 11 1 11 1 11 1 11 0 11 0 11 0 11 0 11 -1 12 -1 12 -1 11 -1 12 -2 12 -2 12 -2 12 -2 12 -2 12 -3 12 -2 12 -2 12 -3 12 -3 12 -4 0 0 0 0 0 0 0 0 0 0]"
"1769236306126060,CSI_DATA,STATION,00:00:00:00:00:00,0,0,0,0,0,0,0,0,0,0,0,0,0,0,0,0,0,0,0,0,0,128,[84 -64 4 0 0 0 0 0 0 0 0 0 -11 -10 -10 -10 -10 -11 -10 -11 -9 -12 -9 -11 -8 -11 -8 -12 -8 -12 -8 -12 -8 -11 -7 -12 -7 -12 -7 -12 -6 -12 -7 -12 -7 -11 -7 -11 -6 -11 -6 -11 -6 -11 -6 -11 -6 -10 -7 -11 -6 -10 -6 -10 0 0 -7 -10 -7 -10 -6 -9 -7 -9 -7 -9 -7 -9 -7 -9 -8 -9 -7 -8 -9 -8 -9 -8 -8 -8 -8 -8 -8 -8 -9 -8 -9 -7 -9 -8 -9 -7 -10 -7 -10 -7 -10 -8 -10 -7 -10 -7 -11 -7 -10 -7 -10 -6 0 0 0 0 0 0 0 0 0 0]"
"1769236306130474,CSI_DATA,STATION,00:00:00:00:00:00,0,0,0,0,0,0,0,0,0,0,0,0,0,0,0,0,0,0,0,0,0,128,[84 -64 4 0 0 0 0 0 0 0 0 0 -2 -17 -1 -16 -1 -17 0 -16 0 -16 0 -16 1 -16 1 -16 2 -16 2 -16 2 -15 2 -15 2 -15 3 -15 3 -14 3 -15 3 -14 3 -14 2 -14 2 -14 3 -13 3 -13 3 -14 3 -13 2 -13 2 -13 0 0 1 -13 1 -13 1 -13 1 -13 1 -13 0 -13 0 -13 0 -13 0 -13 0 -13 -1 -13 -1 -13 -1 -12 -1 -13 -1 -13 -2 -13 -2 -14 -2 -14 -2 -14 -2 -14 -3 -14 -3 -13 -3 -13 -3 -14 -3 -14 -3 -13 0 0 0 0 0 0 0 0 0 0]"
"1769236306136987,CSI_DATA,STATION,00:00:00:00:00:00,0,0,0,0,0,0,0,0,0,0,0,0,0,0,0,0,0,0,0,0,0,128,[84 -64 4 0 0 0 0 0 0 0 0 0 -3 -14 -4 -14 -3 -15 -3 -14 -2 -15 -2 -15 -1 -14 -1 -14 -1 -15 0 -15 0 -14 0 -14 1 -13 1 -14 0 -14 0 -13 1 -13 1 -13 1 -13 0 -13 0 -12 0 -13 1 -12 0 -12 0 -12 0 -12 0 0 0 -11 -1 -11 -1 -11 -1 -12 -1 -12 -1 -12 -2 -11 -2 -12 -2 -11 -2 -11 -3 -12 -2 -11 -3 -11 -3 -12 -4 -11 -4 -11 -4 -12 -4 -12 -4 -12 -4 -12 -4 -12 -5 -11 -4 -12 -5 -12 -5 -12 -5 -12 0 0 0 0 0 0 0 0 0 0]"
"1769236306141389,CSI_DATA,STATION,00:00:00:00:00:00,0,0,0,0,0,0,0,0,0,0,0,0,0,0,0,0,0,0,0,0,0,128,[84 -64 4 0 0 0 0 0 0 0 0 0 -9 -14 -8 -15 -8 -15 -8 -15 -7 -16 -7 -16 -6 -15 -6 -15 -6 -15 -5 -15 -4 -15 -4 -15 -4 -15 -4 -14 -4 -15 -3 -14 -3 -14 -3 -14 -3 -15 -3 -14 -4 -14 -4 -14 -3 -13 -3 -14 -4 -13 -4 -13 0 0 -4 -13 -4 -12 -4 -12 -4 -12 -5 -12 -5 -12 -5 -12 -6 -12 -6 -11 -6 -11 -6 -12 -6 -12 -6 -11 -7 -12 -7 -11 -7 -11 -7 -11 -8 -11 -8 -11 -8 -11 -8 -11 -8 -11 -8 -12 -9 -12 -9 -11 -9 -11 0 0 0 0 0 0 0 0 0 0]"
"1769236306147895,CSI_DATA,STATION,00:00:00:00:00:00,0,0,0,0,0,0,0,0,0,0,0,0,0,0,0,0,0,0,0,0,0,128,[84 -64 4 0 0 0 0 0 0 0 0 0 -14 -4 -14 -4 -14 -5 -14 -5 -14 -6 -14 -6 -13 -6 -13 -7 -12 -7 -12 -8 -12 -7 -12 -7 -12 -8 -12 -8 -11 -8 -11 -7 -11 -7 -11 -8 -10 -7 -11 -8 -11 -7 -10 -7 -10 -7 -11 -7 -10 -6 -10 -6 0 0 -10 -6 -10 -6 -10 -5 -10 -5 -11 -5 -10 -5 -10 -5 -11 -5 -11 -4 -11 -4 -11 -4 -11 -4 -11 -4 -11 -4 -11 -3 -12 -2 -12 -3 -12 -3 -12 -3 -12 -2 -12 -2 -12 -2 -12 -2 -12 -2 -12 -2 -12 -1 0 0 0 0 0 0 0 0 0 0]"
"1769236306152237,CSI_DATA,STATION,00:00:00:00:00:00,0,0,0,0,0,0,0,0,0,0,0,0,0,0,0,0,0,0,0,0,0,128,[84 -64 4 0 0 0 0 0 0 0 0 0 -3 14 -3 13 -3 14 -4 13 -4 13 -4 13 -5 13 -5 13 -5 12 -6 12 -6 12 -6 11 -6 11 -6 11 -6 11 -6 11 -6 11 -6 11 -6 10 -6 11 -6 10 -5 10 -6 10 -5 10 -5 10 -4 10 0 0 -4 10 -4 9 -3 10 -3 10 -3 10 -3 10 -3 10 -3 10 -2 10 -2 10 -2 10 -2 10 -1 10 -1 10 -1 11 -1 10 0 11 0 11 0 11 0 11 0 11 0 11 0 11 1 11 0 11 1 11 0 0 0 0 0 0 0 0 0 0]"
"1769236306158700,CSI_DATA,STATION,00:00:00:00:00:00,0,0,0,0,0,0,0,0,0,0,0,0,0,0,0,0,0,0,0,0,0,128,[84 -64 4 0 0 0 0 0 0 0 0 0 14 1 14 2 13 2 13 3 12 3 13 4 12 4 12 5 12 4 12 5 12 5 11 5 11 5 11 5 11 5 10 5 11 5 11 5 10 5 10 5 10 5 10 5 10 4 9 5 10 4 10 3 0 0 10 3 9 3 10 3 10 2 10 3 10 2 10 2 10 2 10 1 10 1 10 1 10 1 10 1 10 1 10 0 11 0 11 0 11 0 11 0 10 -1 11 -1 10 -1 11 -1 11 -1 11 -1 11 -2 0 0 0 0 0 0 0 0 0 0]"
"1769236306163018,CSI_DATA,STATION,00:00:00:00:00:00,0,0,0,0,0,0,0,0,0,0,0,0,0,0,0,0,0,0,0,0,0,128,[84 -64 4 0 0 0 0 0 0 0 0 0 -10 13 -10 12 -10 12 -11 12 -11 11 -12 11 -12 11 -12 10 -12 10 -12 9 -12 9 -12 8 -12 8 -12 8 -12 8 -12 8 -11 8 -12 8 -11 7 -11 7 -11 7 -11 7 -11 7 -11 7 -10 7 -10 8 0 0 -10 7 -9 8 -9 8 -9 7 -9 8 -9 8 -9 8 -8 8 -8 9 -8 9 -8 9 -8 9 -8 9 -7 9 -8 9 -7 10 -7 10 -7 10 -7 10 -7 10 -7 11 -7 11 -7 10 -6 11 -7 11 -6 11 0 0 0 0 0 0 0 0 0 0]"
"1769236306167341,CSI_DATA,STATION,00:00:00:00:00:00,0,0,0,0,0,0,0,0,0,0,0,0,0,0,0,0,0,0,0,0,0,128,[84 -64 4 0 0 0 0 0 0 0 0 0 -5 15 -6 15 -6 14 -6 14 -7 14 -7 14 -7 13 -8 13 -8 13 -8 13 -8 13 -8 12 -8 12 -8 12 -8 11 -8 11 -9 11 -8 11 -8 10 -8 10 -8 11 -8 10 -8 10 -7 10 -7 10 -7 10 0 0 -6 10 -6 10 -6 10 -5 10 -6 10 -5 10 -5 10 -5 10 -5 11 -4 11 -4 11 -4 11 -4 11 -4 11 -4 11 -3 12 -3 11 -3 11 -2 12 -3 12 -2 12 -2 12 -2 12 -2 12 -2 12 -2 12 0 0 0 0 0 0 0 0 0 0]"
"1769236306173785,CSI_DATA,STATION,00:00:00:00:00:00,0,0,0,0,0,0,0,0,0,0,0,0,0,0,0,0,0,0,0,0,0,128,[84 -64 4 0 0 0 0 0 0 0 0 0 14 -6 14 -5 14 -4 14 -4 15 -3 15 -3 15 -3 15 -2 14 -2 15 -1 14 -2 14 -1 14 0 14 -1 14 -1 13 -1 13 0 12 0 13 0 13 -1 12 0 12 0 12 -1 12 0 12 -1 12 -2 0 0 11 -1 11 -1 11 -2 11 -2 11 -2 11 -2 11 -2 11 -3 11 -3 10 -4 11 -4 11 -3 11 -3 11 -4 11 -4 11 -5 11 -5 11 -5 11 -6 10 -5 11 -5 10 -5 10 -6 10 -6 11 -6 11 -6 0 0 0 0 0 0 0 0 0 0]"
"1769236306178125,CSI_DATA,STATION,00:00:00:00:00:00,0,0,0,0,0,0,0,0,0,0,0,0,0,0,0,0,0,0,0,0,0,128,[84 -64 4 0 0 0 0 0 0 0 0 0 -16 3 -15 2 -17 1 -16 1 -16 0 -16 0 -16 0 -16 0 -16 -1 -16 -2 -15 -2 -15 -2 -15 -2 -14 -2 -14 -2 -15 -2 -13 -3 -14 -3 -14 -3 -13 -2 -13 -2 -13 -3 -13 -2 -13 -2 -13 -2 -13 -1 0 0 -13 -1 -13 -1 -12 -1 -12 0 -12 0 -12 0 -12 0 -12 1 -12 1 -13 1 -12 2 -12 1 -12 2 -12 2 -13 2 -12 3 -12 3 -12 3 -12 3 -12 3 -12 4 -12 3 -12 4 -12 4 -12 4 -12 4 0 0 0 0 0 0 0 0 0 0]"
"1769236306184559,CSI_DATA,STATION,00:00:00:00:00:00,0,0,0,0,0,0,0,0,0,0,0,0,0,0,0,0,0,0,0,0,0,128,[84 -64 4 0 0 0 0 0 0 0 0 0 11 -15 13 -16 12 -14 13 -14 13 -13 14 -14 14 -12 14 -12 14 -12 14 -11 15 -11 14 -11 14 -10 14 -10 14 -10 14 -9 14 -9 14 -10 14 -9 13 -9 13 -9 12 -9 13 -9 12 -9 12 -9 12 -10 0 0 11 -10 10 -9 10 -10 10 -10 11 -10 10 -10 9 -10 9 -11 9 -10 9 -11 9 -11 9 -11 8 -11 9 -12 7 -12 8 -12 7 -12 8 -13 7 -13 7 -13 7 -13 7 -13 6 -13 7 -13 6 -13 6 -14 0 0 0 0 0 0 0 0 0 0]"
"1769236306188853,CSI_DATA,STATION,00:00:00:00:00:00,0,0,0,0,0,0,0,0,0,0,0,0,0,0,0,0,0,0,0,0,0,128,[84 -64 4 0 0 0 0 0 0 0 0 0 19 -3 18 -2 18 -2 18 -1 18 0 18 0 18 1 18 1 17 1 17 2 16 1 17 3 16 3 16 3 16 3 16 3 15 3 15 3 15 4 15 3 14 3 14 3 14 3 14 3 14 3 14 2 0 0 13 2 14 1 13 2 13 0 13 1 14 1 13 0 14 0 13 0 13 -1 13 -2 13 -1 13 -1 13 -1 14 -3 13 -3 13 -2 14 -3 13 -3 14 -4 14 -3 13 -4 15 -4 14 -4 14 -4 13 -5 0 0 0 0 0 0 0 0 0 0]"
"1769236306193163,CSI_DATA,STATION,00:00:00:00:00:00,0,0,0,0,0,0,0,0,0,0,0,0,0,0,0,0,0,0,0,0,0,128,[84 -64 4 0 0 0 0 0 0 0 0 0 8 16 7 16 6 17 6 17 5 17 6 17 5 17 4 18 3 18 3 17 3 17 3 16 3 16 2 16 2 16 2 16 2 16 1 15 2 15 2 15 2 15 2 14 2 14 2 14 2 14 3 13 0 0 3 14 3 12 4 13 3 13 4 13 4 13 4 12 5 13 5 11 6 12 6 12 6 12 6 12 7 12 6 11 7 12 7 11 8 11 7 10 7 11 8 11 8 11 8 11 9 10 9 11 8 11 0 0 0 0 0 0 0 0 0 0]"
"1769236306199616,CSI_DATA,STATION,00:00:00:00:00:00,0,0,0,0,0,0,0,0,0,0,0,0,0,0,0,0,0,0,0,0,0,128,[84 -64 4 0 0 0 0 0 0 0 0 0 -6 -14 -6 -15 -5 -15 -5 -14 -4 -15 -4 -15 -4 -15 -3 -15 -3 -15 -3 -15 -2 -14 -2 -14 -2 -14 -2 -14 -2 -14 -2 -14 -1 -14 -2 -13 -1 -14 -2 -13 -1 -13 -2 -13 -1 -12 -2 -12 -2 -12 -2 -12 0 0 -2 -12 -3 -12 -3 -12 -3 -12 -3 -12 -3 -12 -4 -11 -4 -12 -4 -12 -4 -12 -4 -11 -5 -11 -5 -11 -5 -12 -5 -11 -6 -11 -6 -11 -6 -11 -6 -11 -6 -12 -6 -11 -7 -11 -6 -11 -7 -11 -7 -11 -7 -11 0 0 0 0 0 0 0 0 0 0]"
"1769236306203911,CSI_DATA,STATION,00:00:00:00:00:00,0,0,0,0,0,0,0,0,0,0,0,0,0,0,0,0,0,0,0,0,0,128,[84 -64 4 0 0 0 0 0 0 0 0 0 10 10 10 11 10 12 9 11 9 12 8 12 8 12 7 12 7 12 7 13 7 12 6 12 7 12 6 12 5 12 6 12 6 11 6 11 5 11 5 11 5 11 5 11 5 10 5 10 5 10 5 10 0 0 6 9 6 9 6 9 6 9 6 9 7 9 7 8 7 9 7 8 7 9 7 8 8 8 8 8 8 7 8 8 9 7 9 7 9 7 9 7 9 8 9 7 9 7 10 7 10 6 10 6 10 6 0 0 0 0 0 0 0 0 0 0]"
"1769236306208206,CSI_DATA,STATION,00:00:00:00:00:00,0,0,0,0,0,0,0,0,0,0,0,0,0,0,0,0,0,0,0,0,0,128,[84 -64 4 0 0 0 0 0 0 0 0 0 11 -11 12 -10 12 -10 11 -9 13 -9 13 -8 12 -8 13 -8 13 -7 13 -6 13 -6 13 -6 13 -6 13 -5 13 -5 13 -5 12 -6 12 -5 12 -5 12 -6 12 -5 11 -5 11 -5 11 -5 11 -5 10 -5 0 0 11 -6 10 -5 10 -6 10 -6 10 -6 10 -6 10 -6 9 -7 9 -7 9 -7 9 -8 9 -7 9 -8 9 -8 9 -9 9 -8 9 -9 9 -10 9 -9 8 -9 8 -9 8 -10 8 -9 8 -10 8 -10 8 -10 0 0 0 0 0 0 0 0 0 0]"
"1769236306214641,CSI_DATA,STATION,00:00:00:00:00:00,0,0,0,0,0,0,0,0,0,0,0,0,0,0,0,0,0,0,0,0,0,128,[84 -64 4 0 0 0 0 0 0 0 0 0 8 -12 8 -11 8 -11 9 -11 10 -10 10 -10 10 -9 10 -9 11 -9 11 -9 10 -9 10 -8 10 -8 10 -8 10 -7 10 -8 10 -7 10 -7 9 -7 10 -6 10 -6 10 -6 9 -7 9 -7 9 -7 9 -7 0 0 8 -7 8 -7 7 -7 8 -7 8 -8 7 -7 8 -7 7 -8 7 -8 7 -9 7 -9 7 -9 6 -9 7 -8 7 -10 6 -9 6 -10 6 -10 7 -10 7 -10 7 -10 6 -9 6 -10 6 -11 6 -11 5 -11 0 0 0 0 0 0 0 0 0 0]"
"1769236306218966,CSI_DATA,STATION,00:00:00:00:00:00,0,0,0,0,0,0,0,0,0,0,0,0,0,0,0,0,0,0,0,0,0,128,[84 -64 4 0 0 0 0 0 0 0 0 0 -13 -6 -13 -7 -13 -7 -13 -8 -12 -8 -12 -8 -12 -8 -12 -8 -11 -9 -11 -10 -11 -9 -10 -9 -11 -9 -11 -9 -10 -9 -10 -9 -10 -9 -10 -9 -10 -9 -9 -9 -10 -9 -9 -9 -9 -8 -9 -8 -9 -8 -9 -7 0 0 -9 -7 -9 -7 -10 -7 -9 -6 -10 -7 -10 -6 -10 -6 -10 -6 -10 -5 -11 -5 -11 -5 -11 -5 -10 -5 -11 -5 -11 -4 -11 -4 -12 -4 -11 -4 -12 -4 -12 -4 -12 -3 -12 -4 -12 -3 -12 -3 -12 -3 -13 -3 0 0 0 0 0 0 0 0 0 0]"
"1769236306225439,CSI_DATA,STATION,00:00:00:00:00:00,0,0,0,0,0,0,0,0,0,0,0,0,0,0,0,0,0,0,0,0,0,128,[84 -64 4 0 0 0 0 0 0 0 0 0 14 -3 14 -2 13 -2 14 -1 14 -1 14 0 14 1 14 1 13 1 13 2 13 2 13 2 13 2 13 2 12 2 12 2 12 2 12 2 12 3 12 2 11 3 11 2 11 2 11 2 11 2 11 1 0 0 11 1 10 1 11 1 11 0 11 1 11 1 11 0 11 0 10 0 10 0 10 -1 11 -1 11 -1 11 -1 11 -2 11 -2 11 -2 12 -2 11 -2 11 -3 12 -2 11 -2 12 -3 11 -3 12 -3 12 -3 0 0 0 0 0 0 0 0 0 0]"
"1769236306229872,CSI_DATA,STATION,00:00:00:00:00:00,0,0,0,0,0,0,0,0,0,0,0,0,0,0,0,0,0,0,0,0,0,128,[84 -64 4 0 0 0 0 0 0 0 0 0 -14 -6 -13 -7 -14 -7 -13 -7 -13 -8 -13 -8 -12 -9 -12 -9 -11 -8 -12 -10 -12 -9 -11 -9 -11 -10 -11 -9 -10 -10 -10 -10 -11 -9 -10 -9 -10 -9 -9 -10 -9 -9 -9 -9 -9 -8 -10 -9 -9 -9 -9 -8 0 0 -10 -7 -10 -8 -10 -7 -9 -7 -10 -7 -10 -7 -10 -7 -10 -7 -10 -6 -11 -6 -11 -6 -11 -6 -11 -6 -11 -6 -11 -5 -11 -5 -12 -5 -12 -5 -12 -5 -12 -5 -12 -5 -13 -5 -12 -5 -13 -4 -13 -4 -13 -4 0 0 0 0 0 0 0 0 0 0]"
"1769236306236398,CSI_DATA,STATION,00:00:00:00:00:00,0,0,0,0,0,0,0,0,0,0,0,0,0,0,0,0,0,0,0,0,0,128,[84 -64 4 0 0 0 0 0 0 0 0 0 -11 10 -12 9 -12 8 -12 8 -13 8 -13 8 -13 7 -13 7 -13 7 -14 6 -14 6 -13 6 -13 5 -13 5 -13 4 -13 5 -13 5 -12 4 -12 4 -12 4 -12 4 -12 4 -12 4 -12 5 -11 4 -11 5 0 0 -11 5 -11 4 -11 4 -11 5 -11 5 -11 5 -11 5 -10 6 -10 6 -10 6 -10 7 -10 6 -10 6 -10 7 -10 7 -10 7 -10 7 -10 8 -10 8 -10 8 -10 8 -10 8 -9 8 -10 9 -10 9 -10 9 0 0 0 0 0 0 0 0 0 0]"
"1769236306240729,CSI_DATA,STATION,00:00:00:00:00:00,0,0,0,0,0,0,0,0,0,0,0,0,0,0,0,0,0,0,0,0,0,128,[84 -64 4 0 0 0 0 0 0 0 0 0 -14 -3 -15 -4 -15 -4 -14 -5 -14 -5 -14 -6 -14 -6 -14 -6 -13 -6 -13 -7 -13 -7 -12 -7 -12 -8 -12 -7 -12 -7 -12 -7 -12 -7 -12 -7 -12 -7 -12 -7 -11 -7 -11 -7 -11 -7 -11 -7 -11 -6 -11 -6 0 0 -11 -5 -11 -5 -11 -5 -11 -5 -11 -5 -11 -4 -11 -4 -12 -4 -11 -4 -12 -4 -12 -3 -12 -3 -12 -3 -12 -3 -12 -3 -12 -2 -12 -3 -13 -2 -13 -2 -13 -2 -13 -2 -13 -2 -13 -2 -13 -2 -13 -1 -14 -1 0 0 0 0 0 0 0 0 0 0]"
"1769236306245078,CSI_DATA,STATION,00:00:00:00:00:00,0,0,0,0,0,0,0,0,0,0,0,0,0,0,0,0,0,0,0,0,0,128,[84 -64 4 0 0 0 0 0 0 0 0 0 -7 13 -8 14 -8 13 -10 14 -10 12 -11 13 -11 12 -11 12 -11 11 -11 11 -11 11 -11 10 -12 10 -11 10 -11 10 -11 10 -11 10 -11 10 -11 9 -11 9 -10 9 -10 9 -10 9 -10 9 -10 9 -9 9 0 0 -9 9 -8 9 -8 10 -8 9 -9 10 -8 10 -7 10 -8 10 -7 10 -7 10 -7 11 -7 10 -7 11 -7 11 -6 11 -6 12 -6 11 -6 12 -5 13 -5 12 -6 12 -5 12 -5 12 -5 13 -5 13 -5 13 0 0 0 0 0 0 0 0 0 0]"
"1769236306251575,CSI_DATA,STATION,00:00:00:00:00:00,0,0,0,0,0,0,0,0,0,0,0,0,0,0,0,0,0,0,0,0,0,128,[84 -64 4 0 0 0 0 0 0 0 0 0 16 -16 17 -15 16 -15 17 -14 17 -13 19 -13 18 -12 18 -13 19 -11 18 -11 19 -11 18 -11 18 -10 18 -10 18 -10 18 -9 18 -9 17 -9 17 -8 16 -8 17 -8 16 -9 16 -8 16 -8 15 -9 16 -9 0 0 15 -10 14 -9 15 -9 14 -10 14 -10 13 -10 13 -10 13 -10 13 -11 12 -11 12 -12 12 -12 12 -12 12 -13 12 -13 12 -14 11 -13 11 -14 11 -14 11 -14 11 -15 11 -14 10 -15 10 -15 10 -16 10 -16 0 0 0 0 0 0 0 0 0 0]"
"1769236306255900,CSI_DATA,STATION,00:00:00:00:00:00,0,0,0,0,0,0,0,0,0,0,0,0,0,0,0,0,0,0,0,0,0,128,[84 -64 4 0 0 0 0 0 0 0 0 0 -16 2 -16 2 -16 0 -16 0 -16 0 -16 0 -16 -1 -16 -1 -15 -2 -16 -2 -16 -2 -15 -2 -15 -2 -15 -3 -15 -3 -14 -3 -14 -3 -14 -3 -15 -3 -14 -3 -14 -3 -13 -3 -13 -2 -14 -3 -13 -2 -13 -1 0 0 -12 -2 -13 -1 -13 -1 -13 0 -13 -1 -12 -1 -13 0 -13 0 -12 0 -13 0 -13 1 -13 1 -13 1 -13 1 -13 2 -13 2 -13 2 -13 2 -13 2 -13 3 -13 3 -13 3 -13 3 -13 3 -13 4 -13 4 0 0 0 0 0 0 0 0 0 0]"
"1769236306262392,CSI_DATA,STATION,00:00:00:00:00:00,0,0,0,0,0,0,0,0,0,0,0,0,0,0,0,0,0,0,0,0,0,128,[84 -64 4 0 0 0 0 0 0 0 0 0 13 0 14 1 13 2 13 2 13 2 13 3 13 3 13 4 13 3 12 5 12 4 12 4 11 4 11 5 11 5 11 5 10 5 10 5 10 5 10 5 10 5 10 5 10 4 10 5 10 4 10 3 0 0 9 4 10 3 10 3 10 3 10 3 10 3 10 3 10 3 10 3 10 2 10 2 10 2 11 2 10 2 10 1 11 1 10 1 11 1 11 1 11 1 11 1 11 1 11 1 11 0 11 0 11 0 0 0 0 0 0 0 0 0 0 0]"
"1769236306266705,CSI_DATA,STATION,00:00:00:00:00:00,0,0,0,0,0,0,0,0,0,0,0,0,0,0,0,0,0,0,0,0,0,128,[84 -64 4 0 0 0 0 0 0 0 0 0 -9 -14 -9 -15 -8 -15 -8 -15 -8 -15 -7 -16 -6 -15 -6 -16 -6 -16 -5 -16 -5 -16 -4 -16 -4 -15 -4 -15 -4 -15 -4 -15 -3 -15 -3 -14 -4 -15 -3 -15 -3 -14 -3 -14 -3 -14 -3 -14 -4 -14 -4 -14 0 0 -4 -13 -4 -13 -4 -13 -4 -13 -5 -13 -5 -13 -5 -13 -6 -13 -5 -12 -6 -12 -6 -12 -6 -12 -6 -12 -6 -12 -6 -13 -6 -12 -7 -12 -7 -12 -8 -12 -7 -12 -8 -12 -8 -12 -8 -12 -8 -12 -8 -12 -8 -12 0 0 0 0 0 0 0 0 0 0]"
"1769236306273192,CSI_DATA,STATION,00:00:00:00:00:00,0,0,0,0,0,0,0,0,0,0,0,0,0,0,0,0,0,0,0,0,0,128,[84 -64 4 0 0 0 0 0 0 0 0 0 -3 15 -3 15 -3 15 -4 15 -5 14 -5 15 -5 14 -6 14 -6 14 -7 13 -7 13 -7 12 -7 12 -7 12 -7 12 -7 12 -8 12 -7 11 -7 11 -7 11 -7 11 -6 10 -7 11 -7 11 -7 11 -6 10 0 0 -6 10 -5 11 -5 11 -5 11 -5 11 -5 12 -5 11 -5 11 -5 11 -4 11 -5 11 -4 11 -4 12 -4 11 -4 11 -3 12 -3 12 -3 12 -3 12 -3 12 -3 12 -2 12 -3 12 -2 12 -3 12 -2 12 0 0 0 0 0 0 0 0 0 0]"
"1769236306283910,CSI_DATA,STATION,00:00:00:00:00:00,0,0,0,0,0,0,0,0,0,0,0,0,0,0,0,0,0,0,0,0,0,128,[84 -64 4 0 0 0 0 0 0 0 0 0 15 -10 16 -9 15 -8 16 -8 17 -7 16 -7 16 -7 16 -6 17 -6 16 -5 16 -5 16 -5 15 -5 15 -5 16 -4 15 -5 15 -4 14 -5 14 -4 14 -4 13 -4 13 -4 13 -4 13 -5 13 -4 12 -5 0 0 12 -6 12 -6 11 -5 11 -6 11 -6 12 -6 11 -6 11 -7 11 -7 10 -8 10 -8 10 -7 10 -8 10 -8 10 -9 10 -10 10 -9 9 -10 9 -10 9 -10 9 -10 9 -10 9 -10 8 -11 9 -11 9 -11 0 0 0 0 0 0 0 0 0 0]"
"1769236306290368,CSI_DATA,STATION,00:00:00:00:00:00,0,0,0,0,0,0,0,0,0,0,0,0,0,0,0,0,0,0,0,0,0,128,[84 -64 4 0 0 0 0 0 0 0 0 0 -3 16 -3 16 -5 16 -5 16 -5 16 -6 15 -6 15 -7 15 -7 14 -7 14 -7 14 -8 13 -8 13 -7 13 -7 13 -7 12 -7 12 -8 12 -7 12 -7 11 -8 11 -7 11 -7 11 -6 11 -6 11 -6 11 0 0 -6 11 -5 11 -5 11 -5 11 -5 11 -4 11 -4 11 -4 11 -4 11 -4 11 -3 12 -3 11 -3 12 -3 12 -3 12 -3 11 -3 12 -2 12 -2 12 -2 12 -2 12 -1 12 -2 12 -1 12 -1 12 -1 12 0 0 0 0 0 0 0 0 0 0]"
"1769236306296855,CSI_DATA,STATION,00:00:00:00:00:00,0,0,0,0,0,0,0,0,0,0,0,0,0,0,0,0,0,0,0,0,0,128,[84 -64 4 0 0 0 0 0 0 0 0 0 -18 0 -18 0 -18 -1 -18 -1 -18 -2 -17 -2 -16 -2 -17 -3 -16 -4 -17 -4 -16 -4 -16 -5 -15 -5 -15 -5 -15 -5 -15 -4 -15 -5 -14 -5 -14 -5 -14 -5 -14 -5 -13 -5 -14 -4 -13 -4 -13 -4 -14 -3 0 0 -13 -3 -13 -3 -13 -2 -12 -2 -13 -3 -12 -2 -13 -2 -13 -2 -13 -1 -13 -1 -13 -1 -13 -1 -13 -1 -13 0 -13 0 -13 1 -14 1 -13 1 -13 1 -14 1 -14 1 -14 1 -14 1 -14 2 -13 2 -13 2 0 0 0 0 0 0 0 0 0 0]"
"1769236306301213,CSI_DATA,STATION,00:00:00:00:00:00,0,0,0,0,0,0,0,0,0,0,0,0,0,0,0,0,0,0,0,0,0,128,[84 -64 4 0 0 0 0 0 0 0 0 0 -4 -14 -4 -14 -3 -14 -3 -14 -3 -15 -2 -15 -1 -14 -1 -14 -1 -14 -1 -14 0 -14 0 -14 0 -13 0 -13 0 -14 0 -13 1 -13 1 -12 0 -13 0 -13 0 -12 0 -12 0 -12 0 -12 -1 -12 -1 -12 0 0 -1 -12 -1 -11 -2 -11 -2 -11 -2 -11 -2 -11 -3 -11 -3 -11 -3 -11 -3 -11 -3 -11 -3 -11 -4 -11 -4 -11 -4 -11 -4 -11 -4 -11 -5 -12 -5 -11 -5 -11 -5 -11 -6 -11 -5 -11 -6 -11 -6 -11 -6 -11 0 0 0 0 0 0 0 0 0 0]"
"1769236306305563,CSI_DATA,STATION,00:00:00:00:00:00,0,0,0,0,0,0,0,0,0,0,0,0,0,0,0,0,0,0,0,0,0,128,[84 -64 4 0 0 0 0 0 0 0 0 0 1 15 0 15 -1 16 -2 15 -1 15 -2 15 -2 15 -3 15 -3 15 -4 14 -4 15 -4 14 -4 13 -4 14 -5 13 -5 13 -5 13 -5 13 -4 13 -4 12 -5 12 -4 12 -4 12 -4 12 -4 12 -3 12 0 0 -3 11 -3 11 -2 12 -2 12 -2 11 -2 12 -2 11 -2 12 -2 12 -1 12 -1 12 0 12 -1 12 0 12 0 12 0 12 1 12 1 12 1 12 0 12 1 13 1 12 1 13 2 12 1 13 1 13 0 0 0 0 0 0 0 0 0 0]"
"1769236306312042,CSI_DATA,STATION,00:00:00:00:00:00,0,0,0,0,0,0,0,0,0,0,0,0,0,0,0,0,0,0,0,0,0,128,[84 -64 4 0 0 0 0 0 0 0 0 0 -14 -4 -14 -4 -15 -5 -14 -5 -14 -6 -14 -6 -13 -6 -13 -6 -13 -7 -13 -8 -12 -7 -12 -7 -12 -8 -12 -7 -11 -8 -11 -7 -11 -7 -11 -7 -11 -7 -10 -8 -10 -7 -10 -7 -10 -6 -11 -7 -10 -6 -11 -6 0 0 -11 -6 -10 -6 -11 -6 -10 -5 -11 -5 -10 -5 -11 -5 -11 -4 -11 -4 -11 -4 -11 -4 -12 -3 -11 -4 -11 -3 -11 -4 -12 -3 -12 -3 -12 -3 -12 -3 -12 -3 -13 -3 -13 -3 -13 -2 -13 -2 -13 -2 -13 -2 0 0 0 0 0 0 0 0 0 0]"
"1769236306316368,CSI_DATA,STATION,00:00:00:00:00:00,0,0,0,0,0,0,0,0,0,0,0,0,0,0,0,0,0,0,0,0,0,128,[84 -64 4 0 0 0 0 0 0 0 0 0 13 6 12 7 12 7 12 7 12 8 11 8 11 8 10 9 10 9 10 9 10 9 9 9 9 9 9 9 8 9 8 9 8 9 8 8 8 9 8 9 8 8 8 8 8 8 8 8 8 8 8 7 0 0 8 7 8 7 8 7 8 6 8 6 8 6 8 6 9 6 9 5 9 6 9 5 9 6 9 5 10 5 10 5 10 4 10 4 10 4 10 4 10 4 11 4 11 4 11 4 11 4 11 4 11 3 0 0 0 0 0 0 0 0 0 0]"
"1769236306322863,CSI_DATA,STATION,00:00:00:00:00:00,0,0,0,0,0,0,0,0,0,0,0,0,0,0,0,0,0,0,0,0,0,128,[84 -64 4 0 0 0 0 0 0 0 0 0 3 -14 3 -15 4 -14 4 -15 4 -14 5 -14 6 -13 6 -13 6 -13 5 -13 6 -13 6 -12 6 -13 6 -12 6 -12 6 -11 6 -12 6 -12 6 -11 6 -11 6 -11 6 -11 6 -11 6 -11 5 -10 5 -11 0 0 4 -11 4 -10 4 -11 4 -10 3 -11 3 -11 3 -11 3 -11 3 -11 3 -11 3 -11 2 -11 2 -11 2 -11 2 -12 1 -12 1 -12 1 -12 1 -13 1 -13 1 -13 1 -13 1 -12 0 -13 0 -13 0 -13 0 0 0 0 0 0 0 0 0 0]"
"1769236306327290,CSI_DATA,STATION,00:00:00:00:00:00,0,0,0,0,0,0,0,0,0,0,0,0,0,0,0,0,0,0,0,0,0,128,[84 -64 4 0 0 0 0 0 0 0 0 0 13 6 13 6 12 7 12 7 12 8 11 8 11 8 11 8 10 9 10 9 10 9 10 9 10 9 9 9 9 9 9 9 9 9 9 8 9 8 8 9 8 9 8 9 8 8 8 7 8 8 8 7 0 0 8 7 8 7 8 7 8 7 9 7 8 7 9 6 9 6 9 6 9 6 9 5 9 6 10 6 10 5 9 5 10 5 10 4 10 4 11 4 11 4 11 4 11 4 11 4 11 4 11 4 11 4 0 0 0 0 0 0 0 0 0 0]"
"1769236306331748,CSI_DATA,STATION,00:00:00:00:00:00,0,0,0,0,0,0,0,0,0,0,0,0,0,0,0,0,0,0,0,0,0,128,[84 -64 4 0 0 0 0 0 0 0 0 0 7 10 6 11 6 11 6 11 6 12 5 12 5 11 4 12 3 11 3 12 4 12 3 11 3 11 4 11 3 11 3 11 2 10 2 10 2 10 2 10 2 10 2 10 2 10 3 9 3 9 3 9 0 0 3 9 4 9 4 9 4 9 3 9 4 9 4 9 4 9 4 8 5 8 5 8 5 8 5 8 5 8 5 8 6 8 6 8 6 8 6 7 6 8 6 8 6 8 7 8 7 8 7 7 7 7 0 0 0 0 0 0 0 0 0 0]"
"1769236306338309,CSI_DATA,STATION,00:00:00:00:00:00,0,0,0,0,0,0,0,0,0,0,0,0,0,0,0,0,0,0,0,0,0,128,[84 -64 4 0 0 0 0 0 0 0 0 0 -6 13 -7 13 -7 13 -8 12 -8 12 -8 11 -8 11 -9 11 -9 11 -10 10 -9 11 -10 10 -9 10 -9 10 -9 9 -9 9 -9 9 -10 9 -9 9 -9 8 -9 8 -8 8 -9 8 -8 8 -8 8 -8 8 0 0 -8 8 -7 8 -7 9 -7 9 -7 9 -6 9 -6 9 -6 9 -6 9 -6 10 -6 10 -5 10 -5 10 -5 10 -5 10 -5 10 -4 11 -4 10 -4 11 -4 11 -4 11 -4 11 -3 11 -3 11 -4 12 -3 12 0 0 0 0 0 0 0 0 0 0]"
"1769236306342671,CSI_DATA,STATION,00:00:00:00:00:00,0,0,0,0,0,0,0,0,0,0,0,0,0,0,0,0,0,0,0,0,0,128,[84 -64 4 0 0 0 0 0 0 0 0 0 -12 4 -12 3 -12 3 -12 3 -12 2 -12 2 -12 2 -12 2 -12 1 -12 1 -12 1 -12 1 -12 0 -11 0 -11 0 -11 0 -11 0 -10 0 -11 0 -11 0 -10 0 -10 0 -10 0 -10 0 -10 1 -10 1 0 0 -10 1 -9 1 -9 1 -9 2 -10 1 -9 2 -9 2 -9 2 -9 3 -9 3 -9 3 -9 3 -9 3 -9 3 -9 4 -9 4 -9 3 -9 4 -9 5 -9 4 -9 5 -9 5 -9 5 -9 5 -9 5 -9 6 0 0 0 0 0 0 0 0 0 0]"
"1769236306347005,CSI_DATA,STATION,00:00:00:00:00:00,0,0,0,0,0,0,0,0,0,0,0,0,0,0,0,0,0,0,0,0,0,128,[84 -64 4 0 0 0 0 0 0 0 0 0 -11 -8 -11 -8 -11 -10 -11 -9 -10 -10 -10 -10 -9 -10 -9 -10 -9 -10 -9 -11 -8 -11 -8 -10 -8 -11 -8 -10 -7 -11 -7 -10 -7 -10 -7 -10 -7 -10 -7 -10 -7 -10 -7 -10 -7 -9 -7 -9 -7 -9 -7 -9 0 0 -7 -8 -8 -8 -8 -8 -7 -8 -8 -8 -7 -8 -8 -7 -8 -8 -8 -7 -9 -7 -9 -7 -9 -7 -9 -7 -9 -7 -9 -6 -9 -6 -10 -6 -10 -6 -10 -6 -10 -6 -10 -6 -11 -5 -10 -6 -11 -5 -11 -5 -11 -5 0 0 0 0 0 0 0 0 0 0]"
"1769236306353505,CSI_DATA,STATION,00:00:00:00:00:00,0,0,0,0,0,0,0,0,0,0,0,0,0,0,0,0,0,0,0,0,0,128,[84 -64 4 0 0 0 0 0 0 0 0 0 -16 -38 -18 -38 -10 -38 -7 -40 -10 -36 -11 -34 -9 -39 -8 -35 -10 -36 -1 -37 -6 -36 -2 -36 1 -38 -2 -35 -1 -31 3 -35 -1 -36 0 -32 1 -33 -1 -31 1 -31 -3 -33 0 -30 -1 -34 2 -30 -3 -32 0 0 -3 -31 -4 -29 -3 -30 -5 -28 -3 -32 -4 -26 -4 -29 -6 -30 -9 -29 -8 -25 -9 -32 -7 -28 -5 -30 -8 -28 -11 -25 -12 -29 -11 -34 -12 -26 -13 -26 -13 -24 -16 -26 -14 -25 -15 -28 -15 -31 -15 -26 -17 -28 0 0 0 0 0 0 0 0 0 0]"
"1769236306357795,CSI_DATA,STATION,00:00:00:00:00:00,0,0,0,0,0,0,0,0,0,0,0,0,0,0,0,0,0,0,0,0,0,128,[84 -64 4 0 0 0 0 0 0 0 0 0 4 14 3 15 3 15 2 15 1 14 1 15 0 15 0 15 0 15 0 15 -1 15 -1 14 -2 13 -1 13 -1 13 -1 13 -1 13 -2 12 -2 13 -1 13 -1 12 -1 12 -1 12 -2 12 -1 12 -1 12 0 0 0 11 0 11 1 11 0 11 1 11 1 11 1 11 2 11 2 10 1 11 1 11 2 11 2 11 3 11 3 11 3 11 4 11 4 11 4 11 4 11 4 11 5 11 4 11 5 11 5 11 5 12 0 0 0 0 0 0 0 0 0 0]"
"1769236306364314,CSI_DATA,STATION,00:00:00:00:00:00,0,0,0,0,0,0,0,0,0,0,0,0,0,0,0,0,0,0,0,0,0,128,[84 -64 4 0 0 0 0 0 0 0 0 0 8 10 8 10 7 11 7 11 7 12 6 11 6 12 5 12 5 12 5 12 4 11 4 12 4 11 4 12 3 12 4 11 3 11 4 11 3 10 4 11 4 10 4 10 4 10 4 10 4 10 4 9 0 0 4 9 4 9 4 9 4 9 5 9 5 9 5 9 5 9 5 8 6 8 6 7 6 8 6 8 6 8 6 8 7 8 7 7 7 7 7 7 7 7 8 7 8 7 8 7 8 7 8 7 8 7 0 0 0 0 0 0 0 0 0 0]"
"1769236306368624,CSI_DATA,STATION,00:00:00:00:00:00,0,0,0,0,0,0,0,0,0,0,0,0,0,0,0,0,0,0,0,0,0,128,[84 -64 4 0 0 0 0 0 0 0 0 0 6 11 5 11 5 12 5 12 5 13 4 12 4 12 3 13 3 13 3 13 3 12 2 12 2 12 2 12 2 12 2 12 2 12 2 11 2 11 2 11 2 11 2 11 2 11 2 11 2 10 2 10 0 0 3 10 3 10 3 10 3 10 3 10 4 10 4 9 4 9 4 9 4 10 4 9 4 9 5 9 5 8 5 9 5 9 6 9 6 8 6 8 6 8 6 8 6 8 7 8 7 8 7 8 7 8 0 0 0 0 0 0 0 0 0 0]"
"1769236306372936,CSI_DATA,STATION,00:00:00:00:00:00,0,0,0,0,0,0,0,0,0,0,0,0,0,0,0,0,0,0,0,0,0,128,[84 -64 4 0 0 0 0 0 0 0 0 0 3 -14 4 -14 4 -13 5 -13 4 -13 5 -13 6 -13 6 -12 6 -13 6 -12 6 -12 6 -11 7 -12 6 -11 7 -11 7 -11 7 -11 7 -11 7 -10 6 -10 6 -10 6 -10 7 -10 6 -10 5 -10 5 -10 0 0 5 -10 5 -10 5 -10 4 -10 5 -10 4 -10 4 -10 3 -10 4 -10 4 -11 3 -11 3 -10 3 -11 3 -11 2 -11 2 -11 2 -11 2 -11 2 -11 2 -11 2 -11 1 -11 1 -12 1 -11 1 -12 1 -12 0 0 0 0 0 0 0 0 0 0]"
"1769236306379458,CSI_DATA,STATION,00:00:00:00:00:00,0,0,0,0,0,0,0,0,0,0,0,0,0,0,0,0,0,0,0,0,0,128,[84 -64 4 0 0 0 0 0 0 0 0 0 18 0 18 2 18 2 18 2 18 3 18 4 18 4 18 4 18 5 17 5 17 5 17 5 16 6 16 6 16 6 16 6 15 6 15 6 15 6 15 6 14 6 15 5 14 5 15 6 13 5 14 5 0 0 14 4 13 4 13 4 14 3 14 3 14 3 14 3 13 2 13 2 13 1 14 1 14 1 14 1 14 1 14 0 14 0 14 0 14 -1 15 -1 14 -2 14 -2 14 -2 14 -1 14 -2 14 -2 14 -3 0 0 0 0 0 0 0 0 0 0]"
"1769236306383767,CSI_DATA,STATION,00:00:00:00:00:00,0,0,0,0,0,0,0,0,0,0,0,0,0,0,0,0,0,0,0,0,0,128,[84 -64 4 0 0 0 0 0 0 0 0 0 10 -11 10 -11 10 -11 11 -10 11 -10 12 -10 11 -9 11 -9 12 -8 12 -8 12 -8 12 -8 12 -7 12 -7 12 -7 11 -7 11 -7 11 -7 11 -6 11 -6 11 -7 11 -7 11 -7 10 -7 10 -6 10 -7 0 0 10 -7 10 -7 9 -7 9 -7 9 -8 9 -7 9 -7 9 -8 9 -8 8 -9 8 -9 8 -9 8 -9 8 -9 8 -9 8 -10 7 -10 7 -10 7 -10 7 -10 7 -11 7 -10 6 -10 6 -11 7 -11 6 -11 0 0 0 0 0 0 0 0 0 0]"
"1769236306390287,CSI_DATA,STATION,00:00:00:00:00:00,0,0,0,0,0,0,0,0,0,0,0,0,0,0,0,0,0,0,0,0,0,128,[84 -64 4 0 0 0 0 0 0 0 0 0 -16 -14 -16 -15 -15 -16 -15 -16 -13 -16 -14 -17 -13 -16 -13 -17 -12 -17 -12 -18 -11 -17 -11 -17 -10 -18 -10 -18 -10 -18 -10 -17 -10 -17 -10 -16 -9 -16 -9 -17 -9 -16 -9 -16 -8 -15 -10 -16 -8 -15 -8 -14 0 0 -10 -14 -10 -14 -11 -14 -10 -13 -11 -14 -10 -13 -11 -13 -10 -13 -11 -12 -11 -12 -12 -12 -12 -12 -11 -12 -12 -12 -13 -11 -13 -10 -13 -11 -13 -10 -14 -9 -13 -10 -14 -10 -14 -10 -14 -10 -15 -10 -15 -9 -15 -9 0 0 0 0 0 0 0 0 0 0]"
"1769236306394598,CSI_DATA,STATION,00:00:00:00:00:00,0,0,0,0,0,0,0,0,0,0,0,0,0,0,0,0,0,0,0,0,0,128,[84 -64 4 0 0 0 0 0 0 0 0 0 -7 -13 -6 -14 -6 -14 -6 -14 -5 -15 -5 -14 -4 -14 -4 -15 -4 -15 -3 -15 -3 -14 -3 -14 -2 -14 -2 -14 -2 -15 -2 -14 -2 -14 -2 -13 -2 -14 -2 -14 -2 -13 -2 -13 -2 -13 -2 -13 -2 -13 -2 -12 0 0 -3 -12 -3 -12 -3 -12 -3 -13 -4 -12 -3 -12 -4 -12 -4 -12 -4 -12 -5 -12 -5 -12 -5 -12 -5 -11 -5 -11 -6 -12 -6 -12 -6 -12 -6 -12 -6 -12 -6 -12 -7 -11 -6 -11 -7 -12 -7 -11 -7 -11 -7 -11 0 0 0 0 0 0 0 0 0 0]"
"1769236306398902,CSI_DATA,STATION,00:00:00:00:00:00,0,0,0,0,0,0,0,0,0,0,0,0,0,0,0,0,0,0,0,0,0,128,[84 -64 4 0 0 0 0 0 0 0 0 0 10 9 10 10 9 10 9 10 9 11 8 11 8 11 8 11 8 11 7 12 7 11 7 12 6 12 6 11 6 11 6 12 6 11 6 11 6 11 6 12 6 11 6 11 6 11 6 11 6 11 5 10 0 0 5 10 6 10 6 10 7 10 6 9 7 10 7 9 7 10 7 9 7 9 7 8 8 9 8 9 8 9 8 8 9 8 9 8 9 8 9 8 9 8 9 8 9 8 9 8 10 7 10 8 10 7 0 0 0 0 0 0 0 0 0 0]"
"1769236306405360,CSI_DATA,STATION,00:00:00:00:00:00,0,0,0,0,0,0,0,0,0,0,0,0,0,0,0,0,0,0,0,0,0,128,[84 -64 4 0 0 0 0 0 0 0 0 0 13 -7 13 -6 14 -6 14 -5 14 -5 14 -5 14 -4 14 -4 15 -3 14 -2 14 -2 14 -2 13 -2 14 -2 14 -1 13 -2 13 -1 12 -1 13 -1 13 -2 13 -1 12 -1 12 -2 12 -1 12 -1 12 -2 0 0 12 -2 12 -2 12 -2 12 -3 12 -3 12 -3 12 -3 11 -3 11 -4 11 -4 11 -4 11 -4 11 -5 11 -4 11 -5 11 -5 11 -5 11 -6 11 -6 11 -6 11 -6 11 -6 11 -6 11 -6 11 -7 12 -7 0 0 0 0 0 0 0 0 0 0]"
"1769236306409650,CSI_DATA,STATION,00:00:00:00:00:00,0,0,0,0,0,0,0,0,0,0,0,0,0,0,0,0,0,0,0,0,0,128,[84 -64 4 0 0 0 0 0 0 0 0 0 -4 -14 -3 -14 -3 -14 -3 -14 -3 -14 -2 -15 -1 -14 -1 -14 -1 -15 -1 -14 0 -14 0 -14 0 -14 0 -14 0 -14 0 -13 1 -13 0 -13 0 -13 0 -13 0 -13 0 -13 0 -12 0 -12 0 -13 0 -12 0 0 -1 -12 -1 -12 -2 -12 -2 -12 -2 -12 -2 -12 -3 -12 -3 -12 -3 -12 -3 -11 -3 -12 -3 -12 -3 -12 -4 -12 -4 -12 -4 -12 -4 -12 -5 -12 -5 -12 -5 -12 -5 -12 -6 -11 -5 -12 -6 -12 -6 -12 -6 -12 0 0 0 0 0 0 0 0 0 0]"
"1769236306416089,CSI_DATA,STATION,00:00:00:00:00:00,0,0,0,0,0,0,0,0,0,0,0,0,0,0,0,0,0,0,0,0,0,128,[84 -64 4 0 0 0 0 0 0 0 0 0 13 1 14 1 13 2 14 2 14 3 13 3 13 4 13 4 13 4 13 4 13 4 12 4 12 5 12 5 12 5 11 5 11 5 12 5 12 5 11 5 11 6 11 5 11 5 11 5 10 4 10 4 0 0 10 4 10 4 10 4 10 3 11 3 11 3 10 3 11 3 11 2 11 2 11 2 11 2 11 2 12 2 11 1 11 1 12 1 12 1 12 1 11 0 12 0 11 1 12 0 12 0 12 0 12 0 0 0 0 0 0 0 0 0 0 0]"
"1769236306420421,CSI_DATA,STATION,00:00:00:00:00:00,0,0,0,0,0,0,0,0,0,0,0,0,0,0,0,0,0,0,0,0,0,128,[84 -64 4 0 0 0 0 0 0 0 0 0 0 15 0 15 -1 14 -1 15 -2 14 -3 15 -3 14 -3 14 -4 14 -4 14 -4 14 -4 14 -4 14 -5 13 -5 13 -5 13 -5 13 -5 12 -5 13 -5 12 -5 12 -5 12 -5 12 -5 12 -4 12 -4 12 0 0 -4 11 -3 11 -3 12 -3 11 -3 12 -3 11 -3 11 -2 11 -3 11 -2 12 -1 12 -2 12 -1 12 -1 12 -1 12 -1 13 0 12 -1 12 0 13 -1 12 0 13 0 13 0 13 1 13 0 13 0 13 0 0 0 0 0 0 0 0 0 0]"
"1769236306431242,CSI_DATA,STATION,00:00:00:00:00:00,0,0,0,0,0,0,0,0,0,0,0,0,0,0,0,0,0,0,0,0,0,128,[84 -64 4 0 0 0 0 0 0 0 0 0 13 -2 13 -1 13 0 13 0 13 0 13 1 13 1 13 2 14 2 13 3 13 2 13 2 12 3 12 3 12 3 12 3 11 3 12 3 11 3 12 3 11 3 11 3 11 3 11 3 11 2 11 2 0 0 11 2 11 2 11 2 11 1 10 1 11 1 11 0 11 1 11 0 11 0 11 0 11 0 11 -1 11 0 11 -1 11 -1 11 -1 11 -2 11 -2 11 -2 12 -2 11 -2 11 -2 11 -3 12 -3 12 -3 0 0 0 0 0 0 0 0 0 0]"
"1769236306437777,CSI_DATA,STATION,00:00:00:00:00:00,0,0,0,0,0,0,0,0,0,0,0,0,0,0,0,0,0,0,0,0,0,128,[84 -64 4 0 0 0 0 0 0 0 0 0 3 -16 4 -16 4 -15 4 -16 5 -16 5 -15 6 -15 6 -15 6 -14 7 -14 7 -14 7 -14 7 -14 7 -13 7 -13 7 -13 7 -12 7 -13 7 -12 7 -12 7 -12 7 -12 7 -12 6 -12 6 -12 6 -12 0 0 6 -12 5 -12 5 -12 5 -12 5 -12 4 -12 4 -12 4 -12 4 -13 4 -13 4 -13 3 -13 3 -13 3 -13 3 -13 3 -14 2 -13 2 -14 1 -14 1 -14 2 -14 2 -14 1 -14 1 -14 1 -14 1 -14 0 0 0 0 0 0 0 0 0 0]"
"1769236306442137,CSI_DATA,STATION,00:00:00:00:00:00,0,0,0,0,0,0,0,0,0,0,0,0,0,0,0,0,0,0,0,0,0,128,[84 -64 4 0 0 0 0 0 0 0 0 0 15 -10 15 -8 15 -8 15 -7 17 -7 16 -7 16 -6 17 -5 16 -5 17 -4 16 -5 16 -4 16 -3 16 -4 16 -2 16 -4 15 -3 15 -3 15 -3 15 -2 15 -2 15 -2 15 -3 15 -3 14 -2 14 -3 0 0 14 -3 14 -3 13 -3 14 -4 14 -4 14 -4 13 -4 13 -5 13 -5 13 -5 13 -6 13 -6 13 -6 13 -5 14 -7 13 -7 14 -7 13 -8 13 -7 13 -8 14 -8 13 -7 14 -8 13 -9 13 -9 13 -9 0 0 0 0 0 0 0 0 0 0]"
"1769236306448617,CSI_DATA,STATION,00:00:00:00:00:00,0,0,0,0,0,0,0,0,0,0,0,0,0,0,0,0,0,0,0,0,0,128,[84 -64 4 0 0 0 0 0 0 0 0 0 13 3 13 4 12 4 13 4 13 5 13 6 12 6 12 6 12 6 12 7 12 7 11 6 11 7 11 7 11 7 10 7 10 7 11 7 10 7 10 7 10 7 10 7 10 6 10 6 10 6 10 6 0 0 10 5 9 5 10 5 10 5 10 5 10 5 10 5 10 5 10 4 10 4 11 3 10 4 11 3 11 3 11 3 11 3 11 2 11 2 12 2 12 2 11 2 12 2 12 2 12 2 12 1 12 1 0 0 0 0 0 0 0 0 0 0]"
"1769236306455135,CSI_DATA,STATION,00:00:00:00:00:00,0,0,0,0,0,0,0,0,0,0,0,0,0,0,0,0,0,0,0,0,0,128,[84 -64 4 0 0 0 0 0 0 0 0 0 -15 0 -15 -1 -15 -1 -15 -1 -15 -2 -15 -3 -14 -3 -15 -3 -14 -4 -14 -4 -14 -3 -14 -4 -14 -4 -14 -5 -14 -5 -13 -5 -13 -5 -13 -5 -13 -5 -13 -5 -13 -5 -12 -5 -12 -5 -13 -5 -12 -5 -12 -4 0 0 -12 -4 -12 -4 -12 -3 -12 -3 -12 -4 -12 -3 -12 -3 -12 -3 -12 -3 -13 -2 -12 -2 -13 -2 -12 -3 -13 -2 -12 -2 -13 -1 -13 -2 -13 -1 -13 -1 -13 -1 -13 -1 -14 -1 -14 -1 -14 0 -13 -1 -13 0 0 0 0 0 0 0 0 0 0 0]"
"1769236306461601,CSI_DATA,STATION,00:00:00:00:00:00,0,0,0,0,0,0,0,0,0,0,0,0,0,0,0,0,0,0,0,0,0,128,[84 -64 4 0 0 0 0 0 0 0 0 0 3 -14 4 -15 4 -14 5 -13 5 -13 6 -14 6 -13 6 -13 7 -13 7 -12 7 -12 7 -12 7 -12 7 -11 7 -11 7 -11 8 -11 8 -11 8 -11 8 -10 7 -10 7 -10 7 -11 7 -11 7 -10 7 -10 0 0 6 -10 6 -10 6 -10 6 -10 6 -11 5 -10 5 -11 5 -11 5 -11 5 -11 5 -11 4 -11 4 -11 4 -11 4 -12 4 -12 4 -12 4 -12 4 -13 4 -13 4 -12 3 -12 3 -13 3 -13 3 -13 3 -13 0 0 0 0 0 0 0 0 0 0]"
"1769236306465926,CSI_DATA,STATION,00:00:00:00:00:00,0,0,0,0,0,0,0,0,0,0,0,0,0,0,0,0,0,0,0,0,0,128,[84 -64 4 0 0 0 0 0 0 0 0 0 7 10 6 10 6 10 6 10 6 10 5 11 5 11 4 11 4 11 4 11 4 11 4 11 3 11 3 11 3 11 3 11 3 11 2 10 3 10 3 11 3 11 3 10 3 10 3 10 3 10 3 10 0 0 3 10 3 9 4 9 4 9 4 9 4 9 4 9 4 9 4 9 4 9 5 8 5 9 5 9 6 9 5 9 6 9 6 8 6 8 6 8 6 8 7 8 7 8 7 8 7 8 7 8 7 8 0 0 0 0 0 0 0 0 0 0]"
"1769236306470241,CSI_DATA,STATION,00:00:00:00:00:00,0,0,0,0,0,0,0,0,0,0,0,0,0,0,0,0,0,0,0,0,0,128,[84 -64 4 0 0 0 0 0 0 0 0 0 7 -11 8 -11 9 -11 8 -10 9 -11 9 -10 10 -10 10 -9 10 -9 10 -9 10 -9 11 -9 10 -8 10 -8 11 -8 10 -8 10 -8 10 -8 10 -7 10 -7 10 -7 10 -7 10 -8 9 -7 9 -7 9 -7 0 0 9 -8 9 -7 9 -7 9 -7 8 -8 8 -8 8 -8 8 -9 8 -9 8 -9 8 -9 8 -9 7 -9 7 -9 7 -9 7 -10 7 -10 7 -10 7 -10 7 -10 7 -10 7 -10 7 -11 7 -11 7 -11 6 -11 0 0 0 0 0 0 0 0 0 0]"
"1769236306476707,CSI_DATA,STATION,00:00:00:00:00:00,0,0,0,0,0,0,0,0,0,0,0,0,0,0,0,0,0,0,0,0,0,128,[84 -64 4 0 0 0 0 0 0 0 0 0 -4 12 -5 12 -5 12 -5 12 -6 12 -7 12 -7 11 -7 11 -7 11 -7 10 -7 11 -7 10 -8 10 -7 10 -8 10 -8 10 -8 10 -8 10 -8 9 -8 9 -7 9 -8 9 -7 10 -7 9 -6 9 -7 9 0 0 -6 9 -6 9 -6 9 -6 9 -6 10 -5 9 -5 9 -5 10 -5 10 -5 10 -4 10 -5 10 -4 10 -4 11 -4 10 -4 11 -3 11 -4 11 -3 11 -3 11 -3 12 -3 11 -3 11 -2 11 -3 12 -3 12 0 0 0 0 0 0 0 0 0 0]"
"1769236306481022,CSI_DATA,STATION,00:00:00:00:00:00,0,0,0,0,0,0,0,0,0,0,0,0,0,0,0,0,0,0,0,0,0,128,[84 -64 4 0 0 0 0 0 0 0 0 0 -14 -1 -15 -1 -15 -2 -14 -2 -14 -3 -14 -3 -14 -3 -14 -4 -14 -4 -14 -5 -14 -4 -14 -4 -14 -5 -13 -5 -13 -5 -13 -5 -13 -5 -13 -5 -13 -5 -12 -5 -12 -5 -12 -5 -12 -5 -12 -5 -12 -4 -12 -4 0 0 -12 -4 -12 -3 -11 -3 -12 -3 -12 -3 -11 -3 -12 -3 -12 -3 -12 -2 -12 -2 -13 -2 -12 -2 -12 -2 -13 -2 -13 -1 -13 -1 -13 -1 -13 -1 -13 0 -13 0 -13 0 -13 0 -13 0 -14 0 -14 0 -14 1 0 0 0 0 0 0 0 0 0 0]"
"1769236306487532,CSI_DATA,STATION,00:00:00:00:00:00,0,0,0,0,0,0,0,0,0,0,0,0,0,0,0,0,0,0,0,0,0,128,[84 -64 4 0 0 0 0 0 0 0 0 0 -10 -10 -9 -10 -9 -11 -9 -11 -8 -12 -8 -12 -8 -12 -7 -12 -7 -12 -7 -13 -6 -12 -6 -12 -6 -12 -6 -12 -6 -12 -5 -12 -5 -12 -5 -11 -5 -12 -5 -12 -5 -12 -5 -12 -5 -11 -6 -11 -5 -11 -6 -11 0 0 -6 -10 -6 -10 -6 -10 -6 -10 -6 -10 -6 -10 -6 -10 -7 -10 -7 -10 -7 -10 -8 -10 -7 -10 -8 -9 -7 -10 -8 -10 -8 -9 -8 -10 -8 -9 -8 -9 -9 -9 -9 -9 -9 -9 -9 -10 -10 -9 -10 -9 -10 -9 0 0 0 0 0 0 0 0 0 0]"
"1769236306491866,CSI_DATA,STATION,00:00:00:00:00:00,0,0,0,0,0,0,0,0,0,0,0,0,0,0,0,0,0,0,0,0,0,128,[84 -64 4 0 0 0 0 0 0 0 0 0 -12 -7 -11 -8 -11 -8 -11 -8 -11 -8 -11 -8 -10 -9 -10 -9 -10 -9 -10 -9 -9 -9 -9 -9 -9 -9 -9 -10 -8 -10 -9 -9 -9 -9 -8 -9 -8 -9 -8 -9 -8 -9 -8 -9 -8 -8 -8 -9 -8 -8 -8 -8 0 0 -9 -8 -8 -8 -8 -8 -8 -7 -9 -7 -8 -7 -9 -7 -9 -7 -9 -7 -9 -7 -10 -6 -10 -6 -10 -6 -10 -6 -10 -6 -10 -6 -11 -6 -11 -6 -11 -6 -11 -6 -11 -5 -11 -5 -11 -5 -12 -5 -12 -5 -12 -5 0 0 0 0 0 0 0 0 0 0]"
"1769236306496206,CSI_DATA,STATION,00:00:00:00:00:00,0,0,0,0,0,0,0,0,0,0,0,0,0,0,0,0,0,0,0,0,0,128,[84 -64 4 0 0 0 0 0 0 0 0 0 -12 -7 -12 -8 -12 -9 -12 -9 -11 -9 -12 -9 -10 -10 -10 -10 -10 -10 -9 -10 -9 -10 -9 -10 -9 -11 -9 -10 -9 -11 -9 -10 -9 -10 -9 -10 -8 -10 -8 -10 -8 -10 -8 -10 -8 -9 -8 -10 -8 -9 -8 -9 0 0 -8 -9 -8 -8 -9 -8 -8 -8 -9 -8 -9 -8 -9 -8 -9 -8 -9 -8 -9 -7 -10 -7 -9 -8 -10 -7 -10 -7 -10 -7 -11 -7 -11 -7 -11 -7 -10 -7 -11 -7 -11 -7 -12 -6 -12 -7 -12 -6 -12 -7 -12 -6 0 0 0 0 0 0 0 0 0 0]"
"1769236306502672,CSI_DATA,STATION,00:00:00:00:00:00,0,0,0,0,0,0,0,0,0,0,0,0,0,0,0,0,0,0,0,0,0,128,[84 -64 4 0 0 0 0 0 0 0 0 0 -10 -8 -10 -9 -10 -9 -9 -9 -9 -10 -9 -10 -8 -10 -8 -10 -7 -10 -7 -11 -7 -10 -7 -10 -7 -10 -7 -11 -6 -11 -6 -10 -6 -10 -6 -10 -6 -10 -6 -10 -6 -10 -6 -10 -6 -9 -6 -9 -6 -9 -6 -9 0 0 -6 -9 -6 -9 -6 -8 -6 -9 -7 -8 -7 -8 -7 -8 -7 -8 -7 -8 -7 -8 -8 -7 -8 -7 -8 -7 -8 -8 -8 -7 -8 -7 -9 -7 -9 -7 -9 -7 -9 -7 -9 -7 -9 -7 -9 -7 -10 -7 -10 -6 -10 -6 0 0 0 0 0 0 0 0 0 0]"
"1769236306506990,CSI_DATA,STATION,00:00:00:00:00:00,0,0,0,0,0,0,0,0,0,0,0,0,0,0,0,0,0,0,0,0,0,128,[84 -64 4 0 0 0 0 0 0 0 0 0 -5 12 -6 12 -6 12 -6 12 -7 11 -7 12 -7 11 -8 11 -8 10 -8 10 -8 10 -8 10 -8 10 -8 9 -9 9 -8 9 -8 9 -8 9 -8 9 -8 9 -8 9 -8 9 -8 8 -7 9 -7 8 -7 9 0 0 -7 9 -6 8 -6 9 -6 8 -6 9 -6 9 -5 9 -5 9 -5 9 -5 9 -5 10 -5 9 -5 10 -4 10 -4 10 -4 10 -3 10 -4 10 -4 11 -3 10 -4 11 -3 11 -3 11 -3 11 -3 11 -3 11 0 0 0 0 0 0 0 0 0 0]"
"1769236306511341,CSI_DATA,STATION,00:00:00:00:00:00,0,0,0,0,0,0,0,0,0,0,0,0,0,0,0,0,0,0,0,0,0,128,[84 -64 4 0 0 0 0 0 0 0 0 0 -1 -16 0 -15 0 -15 0 -16 1 -15 1 -16 2 -15 2 -15 3 -15 3 -15 3 -15 3 -14 3 -14 3 -14 3 -14 3 -14 4 -13 4 -13 3 -13 3 -13 3 -13 3 -12 3 -13 3 -12 2 -12 2 -13 0 0 2 -12 2 -12 2 -12 1 -13 1 -12 1 -12 1 -12 1 -12 0 -12 0 -13 0 -12 0 -13 -1 -12 -1 -13 -1 -13 -1 -13 -2 -13 -2 -13 -2 -13 -2 -13 -2 -13 -3 -13 -3 -13 -3 -13 -3 -13 -3 -13 0 0 0 0 0 0 0 0 0 0]"
"1769236306517833,CSI_DATA,STATION,00:00:00:00:00:00,0,0,0,0,0,0,0,0,0,0,0,0,0,0,0,0,0,0,0,0,0,128,[84 -64 4 0 0 0 0 0 0 0 0 0 13 -7 14 -7 13 -6 13 -6 14 -5 15 -5 14 -4 14 -4 14 -4 14 -3 14 -3 14 -3 13 -2 14 -2 14 -2 13 -3 13 -2 12 -2 13 -2 13 -2 12 -2 12 -2 12 -2 12 -2 12 -2 12 -2 0 0 11 -3 11 -3 11 -2 11 -3 11 -3 12 -3 11 -4 11 -4 11 -4 10 -4 11 -4 11 -4 11 -4 11 -5 11 -6 10 -6 10 -6 11 -7 11 -6 11 -6 11 -6 10 -6 11 -6 11 -7 11 -7 11 -7 0 0 0 0 0 0 0 0 0 0]"
"1769236306522189,CSI_DATA,STATION,00:00:00:00:00:00,0,0,0,0,0,0,0,0,0,0,0,0,0,0,0,0,0,0,0,0,0,128,[84 -64 4 0 0 0 0 0 0 0 0 0 -15 9 -14 9 -14 7 -15 8 -16 7 -16 7 -15 6 -16 6 -16 5 -16 5 -16 5 -16 4 -16 4 -16 4 -16 3 -15 4 -16 3 -15 3 -15 3 -15 3 -14 3 -15 3 -14 3 -14 3 -14 3 -14 4 0 0 -14 4 -13 4 -13 4 -13 4 -13 4 -14 5 -13 5 -13 5 -13 6 -12 6 -13 6 -13 6 -12 6 -12 7 -12 7 -13 7 -12 7 -13 8 -12 8 -12 8 -12 8 -12 8 -12 8 -12 8 -12 9 -12 9 0 0 0 0 0 0 0 0 0 0]"
"1769236306528686,CSI_DATA,STATION,00:00:00:00:00:00,0,0,0,0,0,0,0,0,0,0,0,0,0,0,0,0,0,0,0,0,0,128,[84 -64 4 0 0 0 0 0 0 0 0 0 10 10 9 11 9 11 9 13 8 13 8 13 7 13 7 13 6 13 6 14 6 13 6 13 5 13 5 13 5 14 5 13 5 13 5 12 4 13 4 13 4 13 4 13 4 12 4 12 4 12 5 12 0 0 5 12 5 11 5 12 5 11 5 11 6 11 5 12 6 11 6 10 6 10 7 10 7 11 7 11 8 11 7 10 8 10 8 10 8 10 8 10 8 10 9 10 8 10 8 10 9 9 9 10 9 10 0 0 0 0 0 0 0 0 0 0]"
"1769236306533133,CSI_DATA,STATION,00:00:00:00:00:00,0,0,0,0,0,0,0,0,0,0,0,0,0,0,0,0,0,0,0,0,0,128,[84 -64 4 0 0 0 0 0 0 0 0 0 13 -5 13 -5 13 -4 13 -4 13 -4 14 -3 14 -3 14 -3 13 -2 14 -1 13 -2 13 -1 13 -1 13 -1 14 0 13 -1 13 -1 13 -1 13 0 13 0 12 -1 12 0 12 0 12 0 12 -1 12 -1 0 0 11 -1 12 -1 11 -2 12 -2 11 -2 12 -2 12 -2 12 -3 12 -3 11 -3 11 -4 11 -3 11 -3 11 -3 12 -4 12 -5 11 -5 12 -5 12 -5 12 -5 12 -5 11 -5 12 -5 12 -6 12 -6 12 -6 0 0 0 0 0 0 0 0 0 0]"
"1769236306537485,CSI_DATA,STATION,00:00:00:00:00:00,0,0,0,0,0,0,0,0,0,0,0,0,0,0,0,0,0,0,0,0,0,128,[84 -64 4 0 0 0 0 0 0 0 0 0 -11 -8 -11 -9 -11 -9 -11 -10 -10 -10 -11 -11 -10 -11 -10 -11 -9 -11 -9 -11 -9 -11 -8 -11 -8 -12 -8 -11 -8 -12 -8 -11 -8 -12 -8 -11 -8 -12 -7 -12 -7 -11 -7 -11 -7 -11 -8 -11 -7 -11 -8 -11 0 0 -8 -10 -7 -10 -8 -10 -8 -10 -8 -10 -8 -10 -8 -10 -9 -10 -9 -9 -9 -10 -9 -10 -9 -10 -9 -9 -10 -9 -10 -9 -10 -9 -10 -9 -11 -9 -11 -9 -11 -9 -11 -9 -11 -9 -11 -9 -11 -9 -11 -9 -11 -9 0 0 0 0 0 0 0 0 0 0]"
"1769236306544028,CSI_DATA,STATION,00:00:00:00:00:00,0,0,0,0,0,0,0,0,0,0,0,0,0,0,0,0,0,0,0,0,0,128,[84 -64 4 0 0 0 0 0 0 0 0 0 -13 0 -13 0 -13 -1 -13 -1 -13 -2 -13 -2 -12 -3 -13 -3 -12 -3 -12 -4 -13 -3 -12 -4 -12 -4 -12 -4 -11 -4 -12 -4 -12 -4 -12 -4 -12 -5 -11 -5 -11 -5 -11 -5 -11 -5 -12 -5 -11 -4 -11 -4 0 0 -11 -4 -11 -4 -11 -3 -10 -3 -11 -4 -11 -3 -11 -3 -12 -3 -11 -3 -12 -3 -12 -2 -12 -2 -12 -2 -12 -3 -12 -2 -12 -2 -12 -2 -12 -2 -12 -2 -13 -2 -13 -2 -13 -2 -13 -1 -13 -1 -13 -1 -13 -1 0 0 0 0 0 0 0 0 0 0]"
"1769236306548391,CSI_DATA,STATION,00:00:00:00:00:00,0,0,0,0,0,0,0,0,0,0,0,0,0,0,0,0,0,0,0,0,0,128,[84 -64 4 0 0 0 0 0 0 0 0 0 -9 -9 -8 -9 -8 -9 -8 -10 -8 -10 -8 -10 -7 -10 -7 -11 -7 -11 -6 -11 -6 -11 -7 -11 -6 -11 -6 -11 -6 -11 -6 -11 -5 -11 -5 -10 -5 -11 -5 -11 -5 -11 -5 -10 -5 -10 -5 -10 -6 -10 -6 -10 0 0 -6 -10 -6 -10 -6 -10 -6 -10 -6 -10 -7 -10 -7 -10 -7 -9 -7 -9 -7 -9 -8 -9 -7 -9 -8 -9 -8 -9 -8 -9 -9 -9 -8 -9 -9 -9 -9 -9 -9 -10 -9 -9 -9 -9 -9 -9 -10 -9 -10 -9 -10 -9 0 0 0 0 0 0 0 0 0 0]"
"1769236306554862,CSI_DATA,STATION,00:00:00:00:00:00,0,0,0,0,0,0,0,0,0,0,0,0,0,0,0,0,0,0,0,0,0,128,[84 -64 4 0 0 0 0 0 0 0 0 0 11 3 10 4 10 5 10 5 11 5 10 6 10 6 9 6 9 6 10 7 9 6 9 6 9 7 9 7 9 7 8 7 8 6 9 7 9 6 8 7 8 6 8 6 8 7 8 6 8 6 8 6 0 0 8 6 8 6 8 5 8 5 9 5 9 5 9 5 9 5 9 4 10 5 9 4 10 5 10 5 10 4 10 4 10 4 11 4 11 4 11 4 11 4 11 4 11 4 11 4 12 3 11 3 12 3 0 0 0 0 0 0 0 0 0 0]"
"1769236306559194,CSI_DATA,STATION,00:00:00:00:00:00,0,0,0,0,0,0,0,0,0,0,0,0,0,0,0,0,0,0,0,0,0,128,[84 -64 4 0 0 0 0 0 0 0 0 0 -10 -9 -10 -9 -9 -9 -9 -10 -9 -10 -9 -10 -8 -10 -7 -11 -7 -11 -7 -11 -7 -11 -7 -11 -7 -11 -6 -11 -6 -11 -6 -11 -6 -11 -6 -10 -6 -11 -6 -10 -6 -10 -6 -11 -6 -10 -6 -10 -6 -10 -6 -10 0 0 -6 -9 -7 -9 -7 -10 -6 -10 -7 -9 -7 -10 -7 -9 -7 -10 -7 -9 -8 -9 -8 -9 -8 -9 -8 -9 -8 -9 -8 -9 -8 -9 -9 -9 -9 -9 -9 -9 -9 -9 -9 -9 -10 -9 -9 -9 -10 -9 -10 -9 -10 -9 0 0 0 0 0 0 0 0 0 0]"
"1769236306565649,CSI_DATA,STATION,00:00:00:00:00:00,0,0,0,0,0,0,0,0,0,0,0,0,0,0,0,0,0,0,0,0,0,128,[84 -64 4 0 0 0 0 0 0 0 0 0 -14 -2 -14 -3 -14 -3 -13 -3 -13 -4 -14 -4 -13 -4 -13 -5 -13 -5 -13 -5 -12 -5 -12 -6 -12 -6 -12 -6 -11 -6 -11 -5 -11 -6 -12 -6 -11 -6 -11 -6 -11 -5 -11 -6 -11 -6 -11 -6 -10 -5 -11 -5 0 0 -11 -5 -11 -4 -11 -4 -11 -4 -11 -4 -11 -4 -11 -3 -12 -3 -11 -3 -12 -3 -12 -3 -12 -3 -12 -3 -12 -3 -12 -2 -12 -2 -13 -2 -12 -2 -13 -1 -13 -1 -13 -1 -13 -1 -13 -1 -13 -2 -13 -1 -13 -1 0 0 0 0 0 0 0 0 0 0]"
"1769236306569979,CSI_DATA,STATION,00:00:00:00:00:00,0,0,0,0,0,0,0,0,0,0,0,0,0,0,0,0,0,0,0,0,0,128,[84 -64 4 0 0 0 0 0 0 0 0 0 -13 -8 -12 -8 -12 -9 -12 -10 -11 -10 -11 -10 -11 -10 -11 -10 -10 -11 -10 -11 -10 -11 -10 -10 -9 -11 -9 -11 -9 -11 -9 -11 -8 -11 -8 -10 -8 -10 -8 -11 -8 -10 -8 -10 -8 -9 -8 -10 -8 -9 -8 -9 0 0 -8 -9 -8 -9 -9 -9 -8 -9 -9 -9 -9 -9 -9 -9 -9 -8 -9 -8 -10 -8 -10 -7 -10 -7 -10 -7 -11 -7 -10 -8 -11 -7 -11 -7 -11 -7 -11 -7 -11 -7 -12 -7 -11 -7 -12 -7 -12 -7 -12 -6 -12 -7 0 0 0 0 0 0 0 0 0 0]"
"1769236306574371,CSI_DATA,STATION,00:00:00:00:00:00,0,0,0,0,0,0,0,0,0,0,0,0,0,0,0,0,0,0,0,0,0,128,[84 -64 4 0 0 0 0 0 0 0 0 0 7 -14 8 -14 8 -13 9 -13 9 -12 10 -12 10 -12 11 -11 10 -11 10 -11 10 -10 11 -10 10 -10 10 -9 11 -10 10 -9 10 -10 10 -10 10 -9 10 -8 10 -8 10 -9 10 -9 10 -9 9 -9 9 -9 0 0 9 -9 8 -8 8 -9 8 -9 8 -9 8 -9 8 -9 8 -10 8 -10 7 -10 7 -11 6 -10 7 -10 7 -10 7 -11 7 -11 6 -12 6 -12 6 -12 6 -12 6 -12 6 -12 6 -12 5 -12 6 -13 6 -13 0 0 0 0 0 0 0 0 0 0]"
"1769236306580886,CSI_DATA,STATION,00:00:00:00:00:00,0,0,0,0,0,0,0,0,0,0,0,0,0,0,0,0,0,0,0,0,0,128,[84 -64 4 0 0 0 0 0 0 0 0 0 -8 13 -8 12 -8 12 -9 12 -9 11 -9 11 -10 12 -10 11 -10 10 -11 10 -10 10 -11 10 -11 9 -10 9 -10 8 -11 9 -10 9 -10 9 -10 8 -10 8 -10 8 -9 8 -10 8 -10 8 -9 8 -9 8 0 0 -9 8 -8 8 -8 8 -8 8 -8 9 -8 8 -7 9 -7 9 -7 9 -7 10 -7 10 -7 10 -6 10 -6 10 -6 10 -6 11 -6 11 -6 11 -5 11 -6 11 -5 11 -5 11 -5 12 -5 12 -5 12 -5 12 0 0 0 0 0 0 0 0 0 0]"
"1769236306585214,CSI_DATA,STATION,00:00:00:00:00:00,0,0,0,0,0,0,0,0,0,0,0,0,0,0,0,0,0,0,0,0,0,128,[84 -64 4 0 0 0 0 0 0 0 0 0 -14 1 -14 1 -14 0 -15 0 -14 -1 -15 -1 -14 -2 -14 -2 -14 -2 -14 -3 -14 -3 -14 -3 -13 -3 -13 -3 -13 -3 -13 -2 -13 -3 -12 -3 -13 -3 -12 -3 -12 -3 -12 -3 -12 -3 -12 -3 -12 -3 -12 -2 0 0 -12 -2 -12 -2 -12 -1 -12 -1 -12 -2 -11 -1 -12 -1 -12 -1 -12 0 -12 0 -12 0 -12 0 -12 0 -12 1 -12 1 -12 2 -12 1 -12 2 -12 2 -12 2 -12 2 -13 2 -12 2 -12 3 -12 3 -12 3 0 0 0 0 0 0 0 0 0 0]"
"1769236306589523,CSI_DATA,STATION,00:00:00:00:00:00,0,0,0,0,0,0,0,0,0,0,0,0,0,0,0,0,0,0,0,0,0,128,[84 -64 4 0 0 0 0 0 0 0 0 0 -3 -15 -2 -15 -1 -15 -1 -15 0 -15 0 -15 1 -15 1 -15 1 -15 1 -15 2 -15 2 -14 2 -14 2 -14 2 -14 2 -14 3 -14 3 -13 3 -14 3 -12 3 -12 2 -13 3 -12 2 -13 2 -12 2 -13 0 0 2 -12 1 -12 1 -12 1 -12 1 -12 1 -12 0 -12 1 -12 1 -12 0 -12 0 -12 0 -12 -1 -13 -1 -13 -1 -13 -1 -13 -1 -13 -2 -13 -2 -13 -2 -13 -2 -14 -2 -13 -2 -13 -3 -13 -3 -13 -3 -13 0 0 0 0 0 0 0 0 0 0]"
"1769236306596005,CSI_DATA,STATION,00:00:00:00:00:00,0,0,0,0,0,0,0,0,0,0,0,0,0,0,0,0,0,0,0,0,0,128,[84 -64 4 0 0 0 0 0 0 0 0 0 -12 8 -13 8 -13 6 -14 7 -14 6 -14 6 -14 6 -14 5 -14 5 -15 4 -14 5 -14 5 -14 4 -14 4 -14 3 -14 4 -13 3 -13 3 -13 3 -13 3 -13 3 -13 3 -13 3 -12 3 -13 3 -12 3 0 0 -12 4 -12 4 -12 4 -12 4 -12 4 -12 4 -12 5 -12 4 -11 5 -11 5 -11 6 -11 5 -11 6 -11 6 -11 7 -11 7 -11 7 -11 7 -11 7 -11 7 -11 8 -11 8 -11 8 -10 8 -10 9 -11 8 0 0 0 0 0 0 0 0 0 0]"
"1769236306600347,CSI_DATA,STATION,00:00:00:00:00:00,0,0,0,0,0,0,0,0,0,0,0,0,0,0,0,0,0,0,0,0,0,128,[84 -64 4 0 0 0 0 0 0 0 0 0 14 -1 14 0 14 0 15 1 14 1 14 2 14 2 14 2 14 2 14 3 14 3 13 3 13 4 13 3 13 4 13 3 12 4 12 4 13 4 12 3 12 4 12 3 12 3 12 3 12 3 12 2 0 0 12 2 12 2 12 2 12 2 12 2 12 1 12 1 11 1 12 0 12 0 12 0 12 0 12 0 12 -1 12 -1 12 -2 12 -2 13 -2 12 -2 12 -2 13 -2 12 -2 13 -2 13 -3 13 -3 13 -4 0 0 0 0 0 0 0 0 0 0]"
"1769236306606810,CSI_DATA,STATION,00:00:00:00:00:00,0,0,0,0,0,0,0,0,0,0,0,0,0,0,0,0,0,0,0,0,0,128,[84 -64 4 0 0 0 0 0 0 0 0 0 14 2 14 2 14 3 14 4 13 4 14 4 13 5 13 5 13 6 12 6 13 6 12 6 12 7 12 7 12 7 11 6 11 7 11 7 11 7 11 7 11 7 10 6 10 6 11 6 10 6 10 6 0 0 10 6 10 6 11 5 10 5 10 5 11 5 11 5 11 5 11 4 11 4 11 4 11 4 12 4 12 4 12 3 12 3 12 3 12 3 12 3 12 3 12 3 12 3 12 3 12 3 13 3 13 2 0 0 0 0 0 0 0 0 0 0]"
"1769236306611152,CSI_DATA,STATION,00:00:00:00:00:00,0,0,0,0,0,0,0,0,0,0,0,0,0,0,0,0,0,0,0,0,0,128,[84 -64 4 0 0 0 0 0 0 0 0 0 12 6 12 6 11 7 11 7 11 8 11 8 11 8 10 9 10 8 10 9 9 9 9 9 9 9 9 9 9 9 9 9 8 9 8 9 8 9 8 9 8 9 8 8 8 9 8 8 8 8 8 9 0 0 8 8 8 8 8 7 8 7 8 7 9 7 8 7 9 6 9 6 9 7 9 6 9 7 9 6 10 6 10 6 10 5 11 5 10 5 11 5 10 5 11 5 11 5 11 5 11 5 11 5 11 5 0 0 0 0 0 0 0 0 0 0]"
"1769236306615474,CSI_DATA,STATION,00:00:00:00:00:00,0,0,0,0,0,0,0,0,0,0,0,0,0,0,0,0,0,0,0,0,0,128,[84 -64 4 0 0 0 0 0 0 0 0 0 -2 -14 -1 -15 -1 -14 0 -14 1 -15 1 -15 1 -15 2 -14 2 -14 2 -14 3 -14 3 -14 3 -13 3 -13 3 -13 3 -13 3 -13 3 -13 3 -13 3 -13 3 -12 3 -12 3 -12 3 -12 2 -12 2 -12 0 0 2 -12 1 -12 1 -12 1 -12 1 -12 1 -12 0 -12 1 -12 0 -12 0 -12 0 -12 0 -12 -1 -12 -1 -12 -1 -13 -2 -13 -2 -13 -2 -13 -2 -13 -2 -13 -2 -13 -2 -13 -2 -13 -3 -13 -3 -13 -3 -13 0 0 0 0 0 0 0 0 0 0]"
"1769236306619791,CSI_DATA,STATION,00:00:00:00:00:00,0,0,0,0,0,0,0,0,0,0,0,0,0,0,0,0,0,0,0,0,0,128,[84 -64 4 0 0 0 0 0 0 0 0 0 8 -13 8 -13 9 -12 9 -12 9 -12 10 -12 10 -12 10 -11 11 -11 11 -11 11 -11 11 -10 11 -10 11 -10 11 -9 11 -9 10 -9 11 -9 10 -9 10 -8 10 -9 10 -8 10 -9 10 -9 9 -9 10 -9 0 0 9 -9 9 -8 9 -9 9 -9 9 -9 9 -9 8 -9 8 -10 8 -10 8 -10 7 -10 8 -10 7 -10 7 -10 7 -11 7 -11 7 -11 7 -12 7 -12 6 -12 6 -12 7 -12 6 -12 6 -13 6 -13 6 -13 0 0 0 0 0 0 0 0 0 0]"
"1769236306630570,CSI_DATA,STATION,00:00:00:00:00:00,0,0,0,0,0,0,0,0,0,0,0,0,0,0,0,0,0,0,0,0,0,128,[84 -64 4 0 0 0 0 0 0 0 0 0 5 10 5 11 4 11 4 11 3 11 3 11 3 11 2 11 2 11 2 11 1 11 1 11 1 11 1 11 1 11 1 10 1 10 1 10 1 10 1 10 1 10 1 9 0 10 1 9 1 9 1 9 0 0 1 9 2 9 2 9 2 9 2 9 2 9 2 8 2 8 2 8 3 8 3 8 3 8 3 8 3 8 4 8 4 8 4 8 4 8 4 8 4 8 5 8 5 8 5 8 5 8 5 8 5 8 0 0 0 0 0 0 0 0 0 0]"
"1769236306637061,CSI_DATA,STATION,00:00:00:00:00:00,0,0,0,0,0,0,0,0,0,0,0,0,0,0,0,0,0,0,0,0,0,128,[84 -64 4 0 0 0 0 0 0 0 0 0 12 -10 12 -10 12 -9 13 -9 13 -8 13 -8 13 -8 14 -7 14 -7 14 -6 13 -6 13 -6 13 -5 13 -5 13 -5 13 -5 13 -4 12 -4 12 -4 12 -4 12 -4 12 -4 11 -4 12 -4 11 -4 11 -5 0 0 11 -5 10 -5 10 -5 11 -5 10 -5 10 -5 10 -5 10 -6 10 -6 10 -7 9 -7 10 -6 10 -7 9 -7 9 -8 9 -8 9 -8 9 -9 9 -8 9 -8 9 -8 9 -8 9 -8 9 -9 9 -9 9 -9 0 0 0 0 0 0 0 0 0 0]"
"1769236306643415,CSI_DATA,STATION,00:00:00:00:00:00,0,0,0,0,0,0,0,0,0,0,0,0,0,0,0,0,0,0,0,0,0,128,[84 -64 4 0 0 0 0 0 0 0 0 0 -15 6 -15 6 -16 5 -16 5 -16 4 -16 4 -16 3 -16 3 -16 2 -16 2 -16 1 -15 1 -15 1 -15 1 -15 0 -15 1 -15 1 -14 0 -15 1 -14 1 -14 1 -14 1 -14 1 -13 1 -13 1 -13 1 0 0 -13 2 -13 2 -12 2 -13 2 -12 2 -12 3 -12 3 -12 3 -12 4 -12 3 -12 4 -12 3 -12 4 -12 4 -12 5 -12 5 -11 5 -11 6 -12 6 -11 6 -12 6 -11 6 -11 6 -11 6 -11 7 -11 7 0 0 0 0 0 0 0 0 0 0]"
"1769236306649867,CSI_DATA,STATION,00:00:00:00:00:00,0,0,0,0,0,0,0,0,0,0,0,0,0,0,0,0,0,0,0,0,0,128,[84 -64 4 0 0 0 0 0 0 0 0 0 6 15 5 15 5 15 4 16 4 16 3 15 3 15 3 15 2 15 2 15 2 15 1 15 1 15 1 15 1 15 1 14 1 14 1 13 1 14 1 14 1 14 1 13 0 13 1 13 1 13 1 12 0 0 2 12 2 12 2 12 2 12 3 12 3 12 3 12 4 11 4 11 4 11 4 11 4 11 5 11 5 11 5 11 5 11 6 10 6 11 6 11 6 10 7 10 7 11 7 11 7 10 7 10 8 10 0 0 0 0 0 0 0 0 0 0]"
"1769236306654267,CSI_DATA,STATION,00:00:00:00:00:00,0,0,0,0,0,0,0,0,0,0,0,0,0,0,0,0,0,0,0,0,0,128,[84 -64 4 0 0 0 0 0 0 0 0 0 2 -15 3 -15 3 -15 3 -15 4 -15 5 -15 5 -14 6 -14 6 -14 6 -14 6 -14 6 -13 6 -13 6 -13 7 -12 7 -12 7 -12 7 -13 6 -12 7 -11 7 -11 6 -11 6 -12 6 -12 5 -11 5 -11 0 0 5 -11 5 -11 5 -11 5 -11 5 -11 4 -11 4 -11 4 -11 4 -11 4 -12 3 -12 3 -12 3 -11 3 -11 3 -12 2 -12 2 -12 2 -12 2 -13 2 -12 2 -13 2 -12 1 -13 1 -13 1 -13 1 -13 0 0 0 0 0 0 0 0 0 0]"
"1769236306660952,CSI_DATA,STATION,00:00:00:00:00:00,0,0,0,0,0,0,0,0,0,0,0,0,0,0,0,0,0,0,0,0,0,128,[84 -64 4 0 0 0 0 0 0 0 0 0 13 -11 13 -10 13 -10 14 -9 15 -9 14 -8 14 -8 15 -7 15 -7 15 -7 15 -7 15 -6 14 -5 14 -6 15 -5 14 -6 14 -6 14 -5 13 -5 14 -5 13 -4 14 -5 13 -5 13 -5 13 -5 13 -5 0 0 12 -5 12 -5 12 -6 12 -6 12 -6 12 -6 11 -6 11 -7 11 -7 11 -7 11 -8 11 -7 11 -8 11 -8 11 -8 10 -9 10 -9 10 -9 10 -9 10 -9 10 -10 10 -10 10 -10 10 -10 10 -10 10 -11 0 0 0 0 0 0 0 0 0 0]"
"1769236306665443,CSI_DATA,STATION,00:00:00:00:00:00,0,0,0,0,0,0,0,0,0,0,0,0,0,0,0,0,0,0,0,0,0,128,[84 -64 4 0 0 0 0 0 0 0 0 0 -6 13 -7 13 -6 12 -7 13 -8 12 -8 12 -8 12 -9 12 -9 11 -9 11 -9 11 -9 11 -9 10 -9 11 -10 10 -9 9 -10 11 -9 9 -9 10 -9 9 -9 9 -9 9 -9 9 -8 9 -8 9 -8 10 0 0 -8 9 -7 9 -7 10 -7 9 -7 10 -6 9 -7 10 -6 10 -6 10 -6 10 -6 11 -6 10 -5 11 -5 11 -5 10 -5 11 -5 11 -5 11 -5 11 -5 11 -5 12 -4 12 -4 12 -4 12 -4 12 -4 12 0 0 0 0 0 0 0 0 0 0]"
"1769236306669889,CSI_DATA,STATION,00:00:00:00:00:00,0,0,0,0,0,0,0,0,0,0,0,0,0,0,0,0,0,0,0,0,0,128,[84 -64 4 0 0 0 0 0 0 0 0 0 1 15 0 15 0 15 -1 15 -1 15 -2 15 -2 14 -3 15 -3 14 -3 14 -4 14 -3 14 -3 14 -3 13 -4 13 -4 13 -4 13 -5 13 -4 13 -4 12 -4 13 -4 12 -4 12 -4 12 -4 12 -3 12 0 0 -3 12 -2 12 -2 12 -2 12 -2 12 -2 12 -2 12 -1 12 -1 12 -1 12 0 12 0 12 0 13 0 12 0 12 0 12 1 12 1 12 1 13 1 13 2 13 2 13 2 13 2 13 2 13 2 13 0 0 0 0 0 0 0 0 0 0]"
"1769236306676595,CSI_DATA,STATION,00:00:00:00:00:00,0,0,0,0,0,0,0,0,0,0,0,0,0,0,0,0,0,0,0,0,0,128,[84 -64 4 0 0 0 0 0 0 0 0 0 -13 5 -13 5 -13 4 -14 4 -14 4 -14 4 -14 3 -14 2 -13 2 -14 1 -14 2 -13 1 -13 1 -13 1 -13 1 -13 1 -13 0 -13 0 -13 0 -13 0 -13 0 -12 0 -12 0 -12 0 -12 1 -12 1 0 0 -11 1 -11 1 -11 1 -11 2 -11 2 -11 2 -11 2 -12 2 -11 2 -11 3 -11 3 -11 2 -11 3 -11 3 -11 3 -11 4 -11 4 -12 4 -12 4 -12 4 -11 4 -12 5 -12 4 -12 4 -11 5 -11 5 0 0 0 0 0 0 0 0 0 0]"
"1769236306681056,CSI_DATA,STATION,00:00:00:00:00:00,0,0,0,0,0,0,0,0,0,0,0,0,0,0,0,0,0,0,0,0,0,128,[84 -64 4 0 0 0 0 0 0 0 0 0 -4 -14 -3 -15 -3 -15 -3 -15 -2 -15 -2 -15 -1 -15 0 -16 0 -15 0 -15 0 -15 0 -14 0 -14 0 -14 1 -14 1 -14 1 -13 2 -13 1 -14 2 -14 1 -13 1 -13 1 -12 1 -13 0 -13 0 -13 0 0 0 -12 0 -13 0 -13 0 -13 0 -13 -1 -13 -1 -13 -1 -13 -1 -12 -1 -12 -2 -13 -2 -12 -2 -13 -2 -13 -2 -13 -3 -13 -3 -13 -3 -13 -3 -13 -3 -13 -3 -13 -3 -13 -3 -14 -4 -13 -4 -14 -4 -14 0 0 0 0 0 0 0 0 0 0]"
"1769236306685514,CSI_DATA,STATION,00:00:00:00:00:00,0,0,0,0,0,0,0,0,0,0,0,0,0,0,0,0,0,0,0,0,0,128,[84 -64 4 0 0 0 0 0 0 0 0 0 9 11 8 11 8 12 7 12 7 12 6 12 6 12 5 12 5 12 5 13 5 12 5 12 4 12 5 12 4 12 4 12 4 11 4 11 4 11 4 12 3 11 4 11 4 11 4 10 4 11 4 10 0 0 4 10 4 11 5 10 4 10 5 10 5 10 5 10 5 10 6 10 6 10 6 9 6 10 6 10 7 10 6 9 7 10 8 9 7 9 8 9 7 9 8 9 8 9 8 9 9 9 9 9 9 9 0 0 0 0 0 0 0 0 0 0]"
"1769236306692223,CSI_DATA,STATION,00:00:00:00:00:00,0,0,0,0,0,0,0,0,0,0,0,0,0,0,0,0,0,0,0,0,0,128,[84 -64 4 0 0 0 0 0 0 0 0 0 9 -10 10 -11 9 -9 10 -10 10 -9 11 -9 11 -8 11 -7 11 -8 11 -7 11 -7 11 -7 11 -6 11 -7 11 -6 11 -6 11 -6 10 -6 10 -5 11 -5 10 -5 10 -5 10 -6 10 -6 10 -6 10 -6 0 0 9 -6 9 -6 9 -6 9 -6 9 -7 9 -7 9 -6 9 -7 9 -7 8 -8 8 -8 9 -8 9 -8 9 -8 8 -8 8 -8 8 -9 8 -9 8 -9 8 -9 9 -9 8 -9 8 -9 8 -10 8 -10 8 -10 0 0 0 0 0 0 0 0 0 0]"
"1769236306696678,CSI_DATA,STATION,00:00:00:00:00:00,0,0,0,0,0,0,0,0,0,0,0,0,0,0,0,0,0,0,0,0,0,128,[84 -64 4 0 0 0 0 0 0 0 0 0 6 13 6 13 5 13 4 13 4 14 4 13 3 13 3 14 2 13 2 14 2 13 2 13 1 13 1 13 1 13 1 13 0 12 0 12 1 12 1 12 1 12 0 12 1 12 1 12 1 11 2 11 0 0 1 11 2 11 2 11 2 11 2 11 2 11 2 11 3 11 2 11 3 11 3 11 3 11 4 11 4 11 4 11 4 11 5 11 4 11 4 11 5 11 5 12 5 11 5 12 5 11 5 12 5 12 0 0 0 0 0 0 0 0 0 0]"
"1769236306701173,CSI_DATA,STATION,00:00:00:00:00:00,0,0,0,0,0,0,0,0,0,0,0,0,0,0,0,0,0,0,0,0,0,128,[84 -64 4 0 0 0 0 0 0 0 0 0 6 -11 7 -11 7 -11 7 -10 8 -10 8 -10 8 -10 9 -9 9 -9 9 -9 9 -8 9 -8 9 -8 8 -8 9 -8 8 -8 8 -8 8 -7 8 -7 8 -7 8 -7 8 -7 8 -7 8 -7 7 -7 7 -7 0 0 7 -7 7 -7 7 -7 7 -7 6 -8 6 -7 6 -7 6 -8 6 -8 6 -8 5 -9 6 -9 6 -9 6 -9 5 -9 5 -9 5 -10 5 -10 5 -10 5 -10 5 -10 5 -10 5 -10 5 -11 5 -11 5 -11 0 0 0 0 0 0 0 0 0 0]"
"1769236306707855,CSI_DATA,STATION,00:00:00:00:00:00,0,0,0,0,0,0,0,0,0,0,0,0,0,0,0,0,0,0,0,0,0,128,[84 -64 4 0 0 0 0 0 0 0 0 0 -13 -7 -13 -7 -13 -8 -13 -8 -12 -9 -12 -9 -11 -9 -11 -9 -11 -10 -11 -10 -10 -9 -10 -10 -10 -9 -10 -10 -9 -10 -9 -10 -9 -9 -9 -9 -8 -9 -8 -9 -8 -9 -9 -9 -8 -9 -8 -8 -8 -8 -8 -8 0 0 -9 -8 -9 -8 -8 -7 -8 -7 -9 -7 -9 -7 -9 -7 -10 -6 -10 -6 -10 -6 -10 -6 -10 -6 -10 -6 -10 -6 -11 -6 -10 -5 -11 -5 -11 -5 -11 -5 -11 -5 -11 -5 -12 -5 -12 -6 -12 -5 -12 -5 -12 -5 0 0 0 0 0 0 0 0 0 0]"
"1769236306712310,CSI_DATA,STATION,00:00:00:00:00:00,0,0,0,0,0,0,0,0,0,0,0,0,0,0,0,0,0,0,0,0,0,128,[84 -64 4 0 0 0 0 0 0 0 0 0 13 -4 13 -4 13 -3 13 -3 14 -2 13 -2 13 -1 13 -1 13 -1 14 0 13 0 12 0 12 0 12 1 12 1 12 1 11 1 12 1 11 1 11 1 11 1 11 0 11 1 11 1 10 0 10 0 0 0 10 0 10 -1 10 -1 11 -1 10 -1 10 -1 10 -1 10 -1 10 -2 10 -2 10 -2 10 -2 10 -3 10 -2 11 -4 10 -3 10 -3 10 -4 11 -4 10 -4 11 -4 10 -3 11 -4 11 -4 11 -5 11 -5 0 0 0 0 0 0 0 0 0 0]"
"1769236306716769,CSI_DATA,STATION,00:00:00:00:00:00,0,0,0,0,0,0,0,0,0,0,0,0,0,0,0,0,0,0,0,0,0,128,[84 -64 4 0 0 0 0 0 0 0 0 0 13 -4 13 -3 14 -2 13 -2 13 -1 13 -1 14 0 13 0 13 0 13 1 13 1 12 0 12 1 12 1 12 2 12 1 11 1 11 1 11 2 12 1 11 1 11 1 10 1 10 1 10 1 10 0 0 0 10 0 10 0 10 0 10 -1 10 0 10 -1 10 -1 10 -1 10 -2 10 -2 10 -2 10 -2 10 -2 10 -2 10 -3 10 -3 10 -3 11 -4 10 -3 10 -4 10 -4 10 -4 10 -3 10 -4 10 -4 10 -4 0 0 0 0 0 0 0 0 0 0]"
"1769236306721221,CSI_DATA,STATION,00:00:00:00:00:00,0,0,0,0,0,0,0,0,0,0,0,0,0,0,0,0,0,0,0,0,0,128,[84 -64 4 0 0 0 0 0 0 0 0 0 12 6 12 6 12 7 12 7 11 8 11 8 10 8 10 8 10 8 10 9 10 8 9 9 9 9 9 9 9 9 8 9 8 8 8 8 8 8 8 9 7 8 7 8 7 7 8 7 7 7 7 7 0 0 8 7 7 6 8 7 8 6 8 6 8 6 8 6 8 5 8 5 8 5 9 4 9 5 9 5 9 4 9 4 9 4 9 4 10 3 10 3 10 3 10 3 10 3 10 3 11 3 11 3 11 2 0 0 0 0 0 0 0 0 0 0]"
"1769236306727902,CSI_DATA,STATION,00:00:00:00:00:00,0,0,0,0,0,0,0,0,0,0,0,0,0,0,0,0,0,0,0,0,0,128,[84 -64 4 0 0 0 0 0 0 0 0 0 -15 -2 -15 -3 -15 -3 -15 -4 -14 -4 -15 -4 -14 -5 -14 -5 -14 -5 -13 -6 -13 -6 -13 -6 -13 -6 -13 -6 -13 -7 -12 -5 -12 -6 -11 -6 -12 -6 -11 -6 -11 -6 -11 -6 -11 -5 -11 -5 -11 -5 -11 -5 0 0 -11 -4 -11 -4 -10 -4 -11 -3 -11 -4 -11 -3 -11 -3 -11 -3 -11 -2 -11 -2 -11 -2 -11 -2 -11 -2 -11 -1 -11 -1 -11 -1 -12 -1 -12 0 -12 0 -12 0 -12 0 -12 0 -12 0 -12 1 -12 1 -12 1 0 0 0 0 0 0 0 0 0 0]"
"1769236306732363,CSI_DATA,STATION,00:00:00:00:00:00,0,0,0,0,0,0,0,0,0,0,0,0,0,0,0,0,0,0,0,0,0,128,[84 -64 4 0 0 0 0 0 0 0 0 0 15 -8 15 -7 15 -7 15 -6 16 -6 15 -5 15 -5 16 -4 15 -4 16 -4 15 -4 15 -3 15 -3 15 -3 15 -3 15 -2 14 -2 14 -2 13 -2 13 -2 13 -2 13 -2 13 -2 12 -3 13 -3 13 -3 0 0 12 -3 12 -3 12 -4 11 -4 11 -4 12 -4 11 -4 11 -5 11 -5 11 -5 11 -6 10 -6 10 -6 10 -6 10 -7 10 -7 10 -7 10 -7 10 -7 10 -7 10 -7 10 -7 10 -8 10 -8 10 -8 10 -9 0 0 0 0 0 0 0 0 0 0]"
"1769236306736691,CSI_DATA,STATION,00:00:00:00:00:00,0,0,0,0,0,0,0,0,0,0,0,0,0,0,0,0,0,0,0,0,0,128,[84 -64 4 0 0 0 0 0 0 0 0 0 -2 13 -2 13 -3 13 -3 13 -3 13 -4 13 -5 12 -5 13 -5 12 -5 12 -5 12 -5 12 -5 11 -5 11 -6 11 -6 10 -6 11 -6 11 -5 10 -6 10 -6 10 -6 10 -5 10 -5 10 -5 9 -4 10 0 0 -5 9 -4 9 -4 9 -3 9 -3 9 -3 9 -3 9 -3 9 -3 9 -3 9 -2 10 -2 10 -2 10 -2 10 -1 10 -1 10 -1 9 -1 10 -1 10 -1 10 0 10 0 10 0 10 1 10 0 10 0 10 0 0 0 0 0 0 0 0 0 0]"
"1769236306743044,CSI_DATA,STATION,00:00:00:00:00:00,0,0,0,0,0,0,0,0,0,0,0,0,0,0,0,0,0,0,0,0,0,128,[84 -64 4 0 0 0 0 0 0 0 0 0 15 -2 15 -1 15 0 15 0 15 1 15 1 15 1 15 2 15 2 14 3 14 3 14 3 14 4 14 3 13 4 13 3 12 3 13 4 13 4 12 4 12 4 12 4 12 3 11 3 12 3 12 2 0 0 11 2 11 2 11 2 11 1 11 2 11 1 11 1 11 1 11 0 11 0 11 0 11 0 11 0 11 0 12 -1 11 -2 12 -1 12 -2 11 -2 11 -2 12 -2 11 -2 12 -2 11 -2 12 -2 11 -3 0 0 0 0 0 0 0 0 0 0]"
"1769236306747291,CSI_DATA,STATION,00:00:00:00:00:00,0,0,0,0,0,0,0,0,0,0,0,0,0,0,0,0,0,0,0,0,0,128,[84 -64 4 0 0 0 0 0 0 0 0 0 4 13 3 13 3 13 2 14 2 14 1 14 1 14 0 14 0 13 0 13 0 13 -1 13 -1 13 0 13 -1 13 -1 13 -2 12 -2 12 -1 12 -1 12 -1 11 -1 11 -1 11 -1 11 -1 11 0 11 0 0 0 10 1 10 1 11 1 10 1 11 1 10 1 10 1 10 1 10 2 10 2 10 2 10 3 10 3 10 3 10 3 10 3 9 4 10 4 10 4 10 4 10 4 9 5 9 5 9 5 9 5 10 0 0 0 0 0 0 0 0 0 0]"
"1769236306753893,CSI_DATA,STATION,00:00:00:00:00:00,0,0,0,0,0,0,0,0,0,0,0,0,0,0,0,0,0,0,0,0,0,128,[84 -64 4 0 0 0 0 0 0 0 0 0 -15 -3 -15 -4 -15 -4 -15 -5 -14 -5 -14 -6 -14 -6 -14 -6 -13 -6 -13 -7 -13 -7 -12 -7 -12 -7 -12 -7 -12 -7 -12 -7 -12 -7 -12 -7 -11 -7 -11 -7 -11 -7 -10 -7 -11 -7 -11 -7 -10 -6 -10 -6 0 0 -11 -6 -10 -5 -10 -5 -10 -5 -11 -5 -10 -5 -11 -5 -11 -4 -10 -4 -11 -4 -11 -3 -11 -4 -11 -4 -11 -3 -11 -3 -12 -2 -12 -3 -12 -3 -12 -2 -12 -2 -12 -2 -12 -2 -12 -2 -12 -1 -12 -2 -12 -2 0 0 0 0 0 0 0 0 0 0]"
"1769236306758352,CSI_DATA,STATION,00:00:00:00:00:00,0,0,0,0,0,0,0,0,0,0,0,0,0,0,0,0,0,0,0,0,0,128,[84 -64 4 0 0 0 0 0 0 0 0 0 -5 -14 -5 -15 -4 -14 -4 -15 -3 -15 -3 -15 -2 -15 -1 -15 -1 -15 -2 -15 -2 -14 -1 -14 -1 -14 -1 -14 0 -14 -1 -14 0 -14 0 -13 0 -14 0 -13 0 -13 0 -13 0 -13 -1 -13 -1 -12 -1 -12 0 0 -1 -12 -1 -11 -2 -12 -2 -12 -2 -12 -2 -12 -2 -12 -2 -11 -2 -11 -3 -11 -3 -11 -4 -12 -4 -11 -4 -12 -4 -12 -4 -12 -5 -12 -5 -12 -5 -12 -5 -12 -5 -12 -5 -12 -6 -12 -6 -12 -6 -11 -6 -11 0 0 0 0 0 0 0 0 0 0]"
"1769236306762823,CSI_DATA,STATION,00:00:00:00:00:00,0,0,0,0,0,0,0,0,0,0,0,0,0,0,0,0,0,0,0,0,0,128,[84 -64 4 0 0 0 0 0 0 0 0 0 -1 16 -2 16 -2 16 -3 16 -3 15 -4 15 -4 15 -4 15 -5 15 -5 15 -5 15 -5 14 -6 14 -6 14 -6 13 -6 13 -6 13 -6 13 -6 13 -6 12 -6 12 -5 12 -5 13 -6 12 -4 12 -4 12 0 0 -5 12 -4 12 -4 12 -4 12 -4 12 -3 12 -3 12 -2 12 -3 12 -2 12 -2 13 -2 12 -2 13 -2 13 -2 13 -1 13 -1 13 -1 12 0 13 0 13 0 13 0 13 0 13 0 14 0 14 0 14 0 0 0 0 0 0 0 0 0 0]"
"1769236306769504,CSI_DATA,STATION,00:00:00:00:00:00,0,0,0,0,0,0,0,0,0,0,0,0,0,0,0,0,0,0,0,0,0,128,[84 -64 4 0 0 0 0 0 0 0 0 0 8 10 7 10 7 11 7 11 6 11 6 11 5 11 5 12 5 11 4 12 4 11 4 11 4 11 4 11 3 12 3 11 3 11 2 10 3 11 3 11 3 11 3 10 3 10 3 10 3 10 3 10 0 0 3 9 4 9 4 9 4 9 4 9 4 9 4 9 4 9 4 8 5 9 5 9 5 9 5 9 6 9 5 9 6 9 6 8 6 9 6 8 6 8 7 8 7 8 7 8 7 8 7 8 7 9 0 0 0 0 0 0 0 0 0 0]"
"1769236306773973,CSI_DATA,STATION,00:00:00:00:00:00,0,0,0,0,0,0,0,0,0,0,0,0,0,0,0,0,0,0,0,0,0,128,[84 -64 4 0 0 0 0 0 0 0 0 0 10 10 10 11 9 11 9 12 8 12 8 12 8 12 7 13 7 12 6 13 6 12 6 12 6 12 6 12 5 12 6 12 5 12 5 11 5 12 5 12 5 12 5 11 5 11 5 11 5 11 5 11 0 0 5 10 6 10 6 10 6 10 6 9 6 10 6 9 7 10 7 9 7 9 7 8 7 9 8 9 8 9 8 8 9 8 9 8 9 8 9 8 9 8 9 8 9 8 10 8 10 8 10 8 10 8 0 0 0 0 0 0 0 0 0 0]"
"1769236306778469,CSI_DATA,STATION,00:00:00:00:00:00,0,0,0,0,0,0,0,0,0,0,0,0,0,0,0,0,0,0,0,0,0,128,[84 -64 4 0 0 0 0 0 0 0 0 0 -15 3 -15 3 -15 2 -15 2 -15 1 -15 1 -15 0 -15 0 -15 0 -14 -1 -15 -1 -14 -1 -14 -2 -14 -1 -14 -2 -14 -2 -14 -2 -13 -2 -14 -2 -13 -2 -13 -2 -13 -2 -13 -2 -13 -2 -13 -1 -13 -1 0 0 -12 -1 -12 -1 -12 0 -12 0 -13 0 -12 0 -12 0 -13 0 -12 1 -12 1 -13 2 -13 1 -12 2 -13 2 -13 2 -13 3 -12 2 -13 3 -13 3 -13 3 -13 3 -13 3 -13 3 -13 4 -14 4 -13 4 0 0 0 0 0 0 0 0 0 0]"
"1769236306785215,CSI_DATA,STATION,00:00:00:00:00:00,0,0,0,0,0,0,0,0,0,0,0,0,0,0,0,0,0,0,0,0,0,128,[84 -64 4 0 0 0 0 0 0 0 0 0 12 -3 12 -3 13 -2 12 -1 13 -1 12 -1 13 0 13 0 12 0 13 1 12 1 12 1 12 2 11 2 12 2 11 1 11 1 11 1 11 1 11 1 11 2 10 1 11 1 11 1 10 1 10 0 0 0 10 0 10 0 10 0 10 -1 10 0 10 0 10 -1 10 -1 10 -1 10 -1 10 -1 10 -1 10 -2 10 -2 11 -3 10 -2 11 -3 11 -3 11 -3 11 -3 11 -3 11 -3 11 -3 11 -4 11 -4 11 -4 0 0 0 0 0 0 0 0 0 0]"
"1769236306794175,CSI_DATA,STATION,00:00:00:00:00:00,0,0,0,0,0,0,0,0,0,0,0,0,0,0,0,0,0,0,0,0,0,128,[84 -64 4 0 0 0 0 0 0 0 0 0 -11 7 -12 7 -11 7 -12 6 -12 6 -13 6 -12 5 -13 5 -13 5 -13 4 -13 4 -12 4 -12 4 -12 4 -12 3 -12 4 -12 3 -11 3 -12 3 -11 3 -11 3 -11 3 -11 3 -11 3 -11 3 -11 4 0 0 -10 4 -10 4 -10 4 -10 4 -10 4 -10 4 -10 4 -10 5 -9 5 -10 5 -9 6 -10 5 -9 6 -9 6 -9 6 -9 7 -9 7 -9 7 -9 8 -10 7 -9 8 -9 7 -9 8 -8 8 -9 8 -9 8 0 0 0 0 0 0 0 0 0 0]"
"1769236306800884,CSI_DATA,STATION,00:00:00:00:00:00,0,0,0,0,0,0,0,0,0,0,0,0,0,0,0,0,0,0,0,0,0,128,[84 -64 4 0 0 0 0 0 0 0 0 0 15 -6 15 -5 15 -4 15 -4 16 -4 15 -3 15 -3 15 -2 15 -2 15 -1 15 -1 15 -1 14 0 14 0 14 0 14 -1 13 -1 13 0 13 0 13 -1 13 0 13 -1 13 0 12 0 13 -1 13 -2 0 0 12 -2 12 -2 11 -2 12 -2 12 -2 12 -3 12 -3 11 -3 11 -4 12 -4 11 -4 12 -3 12 -4 11 -4 12 -5 12 -5 12 -6 12 -6 12 -6 11 -6 12 -6 11 -6 12 -6 12 -7 12 -7 12 -7 0 0 0 0 0 0 0 0 0 0]"
"1769236306805381,CSI_DATA,STATION,00:00:00:00:00:00,0,0,0,0,0,0,0,0,0,0,0,0,0,0,0,0,0,0,0,0,0,128,[84 -64 4 0 0 0 0 0 0 0 0 0 -12 8 -12 7 -12 7 -12 6 -13 6 -13 6 -13 6 -13 5 -12 5 -14 5 -13 5 -13 4 -13 4 -12 4 -12 3 -13 4 -12 4 -12 4 -12 3 -12 3 -12 3 -12 3 -12 4 -11 4 -11 3 -11 4 0 0 -11 4 -11 4 -10 4 -11 4 -10 5 -10 4 -10 5 -10 5 -10 5 -10 6 -10 6 -10 6 -9 6 -9 6 -10 7 -9 7 -10 7 -9 7 -10 7 -10 7 -9 8 -9 8 -9 8 -9 8 -9 8 -9 8 0 0 0 0 0 0 0 0 0 0]"
"1769236306809856,CSI_DATA,STATION,00:00:00:00:00:00,0,0,0,0,0,0,0,0,0,0,0,0,0,0,0,0,0,0,0,0,0,128,[84 -64 4 0 0 0 0 0 0 0 0 0 10 -11 11 -10 11 -9 12 -9 12 -9 12 -9 12 -8 12 -7 13 -7 13 -7 12 -7 12 -7 12 -6 12 -6 13 -6 12 -6 12 -6 11 -5 12 -5 12 -5 11 -5 11 -5 11 -5 11 -5 10 -5 11 -6 0 0 11 -6 10 -6 10 -6 10 -6 10 -6 10 -6 10 -6 10 -7 9 -7 9 -7 9 -8 9 -8 9 -8 9 -8 9 -8 9 -8 9 -8 9 -9 9 -9 9 -9 9 -9 9 -9 9 -9 8 -10 8 -10 8 -10 0 0 0 0 0 0 0 0 0 0]"
"1769236306816567,CSI_DATA,STATION,00:00:00:00:00:00,0,0,0,0,0,0,0,0,0,0,0,0,0,0,0,0,0,0,0,0,0,128,[84 -64 4 0 0 0 0 0 0 0 0 0 -2 15 -2 15 -3 15 -3 15 -4 15 -4 14 -5 14 -5 14 -5 14 -6 14 -6 14 -6 13 -6 13 -6 13 -6 12 -6 13 -6 13 -6 13 -6 12 -6 12 -6 11 -5 12 -6 12 -6 12 -5 11 -5 11 0 0 -4 11 -4 11 -4 11 -4 12 -4 11 -3 11 -3 12 -3 11 -3 11 -3 12 -2 12 -2 12 -2 12 -1 12 -1 13 -1 12 -1 12 -1 12 0 12 0 12 0 13 1 12 0 12 1 12 1 13 1 13 0 0 0 0 0 0 0 0 0 0]"
"1769236306821023,CSI_DATA,STATION,00:00:00:00:00:00,0,0,0,0,0,0,0,0,0,0,0,0,0,0,0,0,0,0,0,0,0,128,[84 -64 4 0 0 0 0 0 0 0 0 0 -4 -16 -3 -16 -3 -17 -3 -17 -2 -17 -1 -17 -1 -16 -1 -16 0 -16 0 -16 1 -16 1 -16 1 -16 1 -15 1 -15 1 -15 2 -15 2 -15 1 -15 2 -15 2 -14 1 -14 1 -14 1 -14 1 -14 1 -14 0 0 0 -14 0 -13 0 -13 0 -13 0 -13 -1 -13 -1 -13 -1 -13 -1 -13 -1 -13 -2 -13 -2 -13 -2 -13 -2 -13 -3 -13 -3 -13 -3 -14 -3 -14 -4 -13 -3 -13 -4 -14 -4 -13 -4 -14 -4 -13 -5 -13 -5 -13 0 0 0 0 0 0 0 0 0 0]"
"1769236306825483,CSI_DATA,STATION,00:00:00:00:00:00,0,0,0,0,0,0,0,0,0,0,0,0,0,0,0,0,0,0,0,0,0,128,[84 -64 4 0 0 0 0 0 0 0 0 0 9 -12 10 -11 10 -11 10 -10 11 -10 11 -10 11 -10 11 -10 11 -9 11 -9 11 -8 12 -8 12 -8 11 -8 11 -7 11 -7 11 -8 11 -8 11 -7 12 -7 11 -7 11 -7 11 -7 10 -7 10 -7 10 -7 0 0 9 -7 9 -7 9 -7 9 -7 9 -7 9 -7 8 -8 9 -8 8 -8 8 -9 8 -9 8 -9 8 -9 8 -9 8 -9 8 -9 7 -10 7 -10 7 -10 7 -10 7 -10 7 -10 7 -10 6 -11 6 -11 6 -11 0 0 0 0 0 0 0 0 0 0]"
"1769236306830077,CSI_DATA,STATION,00:00:00:00:00:00,0,0,0,0,0,0,0,0,0,0,0,0,0,0,0,0,0,0,0,0,0,128,[84 -64 4 0 0 0 0 0 0 0 0 0 12 7 12 8 11 8 11 9 11 9 11 9 10 9 10 10 10 9 9 10 10 10 9 10 9 10 8 10 8 10 8 10 8 10 8 10 8 10 7 10 8 10 8 9 8 9 7 10 7 9 8 8 0 0 7 8 8 8 8 8 8 8 8 8 8 8 8 7 8 7 8 7 8 7 9 6 9 7 9 7 9 6 9 6 9 5 10 6 10 5 10 5 10 5 10 5 10 5 10 5 10 5 10 4 11 4 0 0 0 0 0 0 0 0 0 0]"
"1769236306836625,CSI_DATA,STATION,00:00:00:00:00:00,0,0,0,0,0,0,0,0,0,0,0,0,0,0,0,0,0,0,0,0,0,128,[84 -64 4 0 0 0 0 0 0 0 0 0 15 8 15 9 14 9 13 9 14 10 13 10 13 11 13 11 12 10 12 12 12 12 11 11 12 12 11 12 10 12 11 12 11 11 11 12 10 12 9 12 10 11 9 11 10 11 10 11 9 11 9 10 0 0 10 10 9 10 9 9 10 9 10 9 10 9 10 8 10 9 10 8 10 8 10 7 11 8 11 8 11 7 11 7 11 7 12 7 11 6 12 6 12 6 12 6 12 6 13 6 12 6 13 6 13 5 0 0 0 0 0 0 0 0 0 0]"
"1769236306840970,CSI_DATA,STATION,00:00:00:00:00:00,0,0,0,0,0,0,0,0,0,0,0,0,0,0,0,0,0,0,0,0,0,128,[84 -64 4 0 0 0 0 0 0 0 0 0 -8 15 -9 14 -9 13 -9 14 -10 13 -11 13 -11 12 -11 12 -11 12 -12 11 -12 12 -12 12 -12 11 -12 10 -12 11 -12 10 -12 10 -12 10 -12 10 -12 9 -11 9 -11 9 -11 9 -11 9 -11 9 -11 9 0 0 -10 9 -10 9 -10 10 -10 9 -10 10 -10 10 -9 10 -9 10 -9 10 -8 10 -8 11 -8 10 -8 10 -8 11 -8 11 -7 11 -7 11 -7 11 -7 12 -7 12 -7 12 -7 12 -7 12 -6 12 -6 12 -6 12 0 0 0 0 0 0 0 0 0 0]"
"1769236306847495,CSI_DATA,STATION,00:00:00:00:00:00,0,0,0,0,0,0,0,0,0,0,0,0,0,0,0,0,0,0,0,0,0,128,[84 -64 4 0 0 0 0 0 0 0 0 0 14 5 13 6 14 7 13 7 13 8 12 8 13 8 12 8 12 9 12 9 12 9 11 9 11 9 11 9 10 10 10 10 10 9 11 10 9 9 10 10 10 9 10 9 10 9 10 9 9 8 9 8 0 0 9 8 9 8 9 7 9 8 10 7 10 7 10 7 10 7 10 6 11 7 10 6 11 6 11 6 10 6 11 5 11 5 12 5 11 5 11 5 11 4 11 5 11 5 12 4 12 4 12 4 12 4 0 0 0 0 0 0 0 0 0 0]"
"1769236306851823,CSI_DATA,STATION,00:00:00:00:00:00,0,0,0,0,0,0,0,0,0,0,0,0,0,0,0,0,0,0,0,0,0,128,[84 -64 4 0 0 0 0 0 0 0 0 0 1 16 0 16 0 17 -1 16 -1 17 -2 16 -3 16 -3 17 -3 16 -3 16 -3 16 -4 15 -4 15 -4 15 -4 15 -4 15 -5 14 -5 15 -5 14 -5 14 -4 14 -4 14 -4 14 -4 14 -4 14 -4 14 0 0 -3 13 -3 14 -2 13 -2 14 -3 13 -2 13 -2 13 -2 13 -2 13 -1 13 -1 13 -1 13 0 13 0 13 0 14 0 13 1 13 1 13 1 14 1 14 2 14 2 13 2 14 2 13 2 14 2 14 0 0 0 0 0 0 0 0 0 0]"
"1769236306856171,CSI_DATA,STATION,00:00:00:00:00:00,0,0,0,0,0,0,0,0,0,0,0,0,0,0,0,0,0,0,0,0,0,128,[84 -64 4 0 0 0 0 0 0 0 0 0 -4 16 -5 15 -6 15 -6 15 -7 15 -7 15 -8 15 -8 15 -8 14 -9 14 -9 14 -9 13 -9 13 -9 13 -10 13 -9 13 -10 12 -9 13 -9 12 -9 12 -9 12 -9 12 -9 12 -9 12 -9 11 -8 12 0 0 -8 12 -7 12 -7 11 -7 11 -7 12 -7 11 -7 12 -7 12 -7 12 -6 12 -6 12 -5 12 -6 12 -5 13 -5 13 -5 13 -5 13 -5 13 -4 13 -4 13 -4 13 -4 13 -4 13 -4 13 -4 14 -4 14 0 0 0 0 0 0 0 0 0 0]"
"1769236306862685,CSI_DATA,STATION,00:00:00:00:00:00,0,0,0,0,0,0,0,0,0,0,0,0,0,0,0,0,0,0,0,0,0,128,[84 -64 4 0 0 0 0 0 0 0 0 0 -1 -16 0 -16 1 -16 1 -16 1 -17 1 -17 2 -16 3 -16 3 -17 3 -16 3 -16 4 -15 4 -16 4 -15 4 -15 4 -15 4 -14 4 -14 4 -15 4 -15 4 -14 4 -14 4 -14 4 -14 3 -14 3 -14 0 0 3 -13 3 -14 3 -13 2 -14 2 -14 2 -14 2 -14 1 -14 1 -14 1 -14 1 -14 1 -14 0 -14 0 -14 0 -14 0 -14 -1 -15 -1 -15 -1 -14 -1 -15 -1 -15 -2 -14 -1 -15 -2 -14 -2 -15 -2 -15 0 0 0 0 0 0 0 0 0 0]"
"1769236306867023,CSI_DATA,STATION,00:00:00:00:00:00,0,0,0,0,0,0,0,0,0,0,0,0,0,0,0,0,0,0,0,0,0,128,[84 -64 4 0 0 0 0 0 0 0 0 0 -12 -12 -12 -13 -11 -13 -11 -14 -10 -14 -10 -14 -10 -14 -10 -14 -8 -14 -8 -14 -9 -14 -8 -14 -9 -15 -8 -15 -7 -15 -7 -14 -7 -14 -7 -14 -7 -15 -6 -15 -7 -14 -7 -14 -7 -13 -7 -14 -7 -13 -7 -13 0 0 -7 -13 -7 -13 -8 -13 -7 -12 -8 -13 -8 -12 -8 -12 -9 -12 -8 -12 -9 -11 -10 -11 -9 -11 -9 -11 -10 -11 -10 -11 -10 -11 -10 -11 -11 -11 -11 -11 -11 -10 -12 -11 -11 -11 -11 -10 -12 -10 -12 -10 -12 -10 0 0 0 0 0 0 0 0 0 0]"
"1769236306873530,CSI_DATA,STATION,00:00:00:00:00:00,0,0,0,0,0,0,0,0,0,0,0,0,0,0,0,0,0,0,0,0,0,128,[84 -64 4 0 0 0 0 0 0 0 0 0 -4 -14 -4 -14 -3 -14 -3 -15 -3 -14 -3 -15 -2 -15 -2 -15 -1 -15 -1 -15 -1 -15 -1 -15 -1 -14 -1 -15 0 -15 0 -14 0 -14 0 -14 0 -14 0 -14 0 -14 0 -13 0 -13 0 -13 -1 -13 -1 -13 0 0 -1 -13 -1 -13 -1 -13 -2 -13 -2 -12 -2 -12 -2 -12 -3 -12 -2 -12 -3 -12 -3 -12 -3 -12 -4 -12 -4 -13 -3 -13 -4 -13 -4 -12 -5 -12 -5 -13 -5 -13 -5 -13 -5 -12 -5 -13 -6 -12 -6 -12 -6 -12 0 0 0 0 0 0 0 0 0 0]"
"1769236306877849,CSI_DATA,STATION,00:00:00:00:00:00,0,0,0,0,0,0,0,0,0,0,0,0,0,0,0,0,0,0,0,0,0,128,[84 -64 4 0 0 0 0 0 0 0 0 0 14 1 15 2 14 2 14 3 14 4 14 4 14 4 14 4 13 5 13 5 13 5 13 5 13 6 13 6 12 6 12 6 12 6 12 6 12 6 11 6 12 6 11 6 11 5 12 6 11 5 11 5 0 0 11 5 11 5 11 5 11 4 11 5 11 4 11 4 11 4 11 3 11 3 12 3 11 3 12 3 12 2 12 2 12 2 12 2 12 2 12 1 12 1 12 1 12 2 12 1 12 1 13 1 13 1 0 0 0 0 0 0 0 0 0 0]"
"1769236306882199,CSI_DATA,STATION,00:00:00:00:00:00,0,0,0,0,0,0,0,0,0,0,0,0,0,0,0,0,0,0,0,0,0,128,[84 -64 4 0 0 0 0 0 0 0 0 0 6 -15 7 -15 7 -15 8 -15 8 -14 9 -15 9 -14 9 -14 9 -13 9 -13 9 -13 9 -13 10 -12 10 -12 10 -11 10 -11 10 -11 10 -12 10 -11 10 -11 10 -10 9 -11 9 -10 9 -11 9 -11 9 -11 0 0 9 -11 8 -10 8 -11 8 -10 8 -11 8 -11 8 -11 7 -11 7 -11 7 -11 7 -12 6 -12 6 -12 6 -12 6 -12 6 -13 5 -12 6 -13 6 -13 6 -13 6 -13 6 -12 5 -13 5 -13 5 -14 4 -14 0 0 0 0 0 0 0 0 0 0]"
"1769236306888671,CSI_DATA,STATION,00:00:00:00:00:00,0,0,0,0,0,0,0,0,0,0,0,0,0,0,0,0,0,0,0,0,0,128,[84 -64 4 0 0 0 0 0 0 0 0 0 6 -15 7 -14 7 -14 7 -14 8 -13 8 -14 8 -13 9 -13 9 -13 9 -12 9 -13 9 -12 9 -12 9 -11 9 -11 9 -11 10 -11 9 -11 9 -11 9 -11 9 -11 9 -11 9 -11 9 -11 8 -10 8 -11 0 0 8 -11 7 -10 7 -10 7 -11 7 -11 6 -11 7 -11 7 -11 6 -11 6 -12 6 -12 5 -12 5 -11 5 -12 5 -12 5 -12 4 -13 5 -13 4 -13 4 -13 4 -13 4 -13 4 -13 3 -13 3 -13 4 -13 0 0 0 0 0 0 0 0 0 0]"
"1769236306892993,CSI_DATA,STATION,00:00:00:00:00:00,0,0,0,0,0,0,0,0,0,0,0,0,0,0,0,0,0,0,0,0,0,128,[84 -64 4 0 0 0 0 0 0 0 0 0 7 -13 8 -13 8 -13 9 -12 9 -13 10 -12 9 -12 10 -11 10 -11 10 -11 10 -10 10 -11 10 -11 10 -10 10 -9 10 -10 10 -10 10 -10 10 -10 10 -9 9 -9 9 -10 9 -10 9 -10 9 -9 8 -9 0 0 8 -10 8 -10 7 -9 8 -10 7 -10 7 -10 7 -10 7 -10 6 -10 7 -11 6 -11 6 -10 6 -10 6 -11 5 -11 5 -11 5 -12 5 -12 5 -12 5 -12 4 -12 4 -12 4 -12 4 -13 4 -12 3 -12 0 0 0 0 0 0 0 0 0 0]"
"1769236306899517,CSI_DATA,STATION,00:00:00:00:00:00,0,0,0,0,0,0,0,0,0,0,0,0,0,0,0,0,0,0,0,0,0,128,[84 -64 4 0 0 0 0 0 0 0 0 0 -16 -6 -16 -6 -15 -8 -15 -7 -15 -8 -14 -9 -14 -9 -14 -9 -13 -10 -14 -10 -13 -10 -13 -10 -13 -10 -12 -10 -12 -11 -12 -10 -12 -10 -12 -10 -11 -11 -11 -11 -11 -10 -11 -10 -11 -10 -12 -10 -10 -9 -11 -9 0 0 -11 -9 -10 -8 -11 -8 -11 -8 -12 -8 -11 -8 -11 -8 -11 -8 -11 -7 -12 -7 -12 -7 -12 -7 -11 -7 -11 -7 -12 -6 -12 -6 -12 -6 -13 -6 -13 -6 -13 -6 -13 -6 -13 -6 -13 -6 -13 -5 -13 -5 -14 -5 0 0 0 0 0 0 0 0 0 0]"
"1769236306903838,CSI_DATA,STATION,00:00:00:00:00:00,0,0,0,0,0,0,0,0,0,0,0,0,0,0,0,0,0,0,0,0,0,128,[84 -64 4 0 0 0 0 0 0 0 0 0 -2 16 -3 16 -3 16 -4 16 -4 16 -4 16 -5 16 -6 16 -6 16 -6 15 -7 15 -6 14 -7 14 -7 14 -7 14 -7 13 -7 13 -8 13 -7 13 -7 13 -7 13 -7 13 -6 12 -7 12 -6 12 -6 12 0 0 -6 12 -6 13 -5 12 -5 12 -5 12 -5 12 -5 12 -4 12 -4 12 -4 12 -3 12 -4 12 -4 13 -3 13 -3 13 -3 13 -2 13 -3 13 -2 13 -2 13 -2 13 -1 13 -2 13 -1 14 -2 13 -1 13 0 0 0 0 0 0 0 0 0 0]"
"1769236306910349,CSI_DATA,STATION,00:00:00:00:00:00,0,0,0,0,0,0,0,0,0,0,0,0,0,0,0,0,0,0,0,0,0,128,[84 -64 4 0 0 0 0 0 0 0 0 0 5 13 4 14 4 13 4 14 3 13 3 14 2 14 1 14 1 14 1 14 2 13 1 13 1 13 1 13 1 13 0 12 0 13 0 12 0 12 0 12 0 12 0 12 0 11 1 11 1 12 1 11 0 0 1 11 2 11 2 11 1 10 2 11 2 11 2 11 2 11 2 10 3 10 3 10 3 10 3 10 3 10 4 10 4 10 4 9 4 10 4 10 4 9 4 10 5 9 5 9 6 9 5 10 5 10 0 0 0 0 0 0 0 0 0 0]"
"1769236306914667,CSI_DATA,STATION,00:00:00:00:00:00,0,0,0,0,0,0,0,0,0,0,0,0,0,0,0,0,0,0,0,0,0,128,[84 -64 4 0 0 0 0 0 0 0 0 0 -17 7 -18 6 -17 6 -18 5 -18 4 -18 4 -18 4 -17 3 -18 3 -18 2 -17 2 -17 2 -17 2 -17 1 -17 0 -17 1 -16 1 -15 1 -16 1 -16 0 -15 1 -15 1 -15 1 -15 1 -14 1 -15 2 0 0 -14 2 -14 2 -14 2 -13 2 -14 2 -13 3 -13 3 -13 3 -13 4 -13 4 -13 4 -13 4 -12 4 -13 4 -13 5 -12 5 -13 5 -13 6 -12 6 -12 6 -12 6 -12 6 -12 6 -11 6 -12 7 -12 7 0 0 0 0 0 0 0 0 0 0]"
"1769236306929565,CSI_DATA,STATION,00:00:00:00:00:00,0,0,0,0,0,0,0,0,0,0,0,0,0,0,0,0,0,0,0,0,0,128,[84 -64 4 0 0 0 0 0 0 0 0 0 2 -18 3 -18 3 -18 4 -18 3 -18 5 -18 5 -18 6 -18 6 -17 7 -17 6 -17 6 -17 6 -16 7 -16 7 -16 6 -16 7 -15 7 -14 6 -15 6 -15 6 -14 5 -14 6 -14 6 -14 5 -14 5 -14 0 0 4 -13 4 -13 4 -13 4 -14 4 -13 3 -14 3 -13 2 -13 2 -13 2 -14 2 -14 1 -13 1 -13 1 -14 0 -14 0 -13 -1 -14 0 -14 -1 -14 -1 -14 -1 -13 -2 -13 -1 -14 -1 -14 -1 -13 -2 -13 0 0 0 0 0 0 0 0 0 0]"
"1769236306936208,CSI_DATA,STATION,00:00:00:00:00:00,0,0,0,0,0,0,0,0,0,0,0,0,0,0,0,0,0,0,0,0,0,128,[84 -64 4 0 0 0 0 0 0 0 0 0 25 1 25 3 25 4 25 4 25 5 25 5 25 6 24 7 24 7 23 8 23 8 23 9 22 9 22 9 22 10 21 9 21 9 20 9 20 9 20 10 20 9 19 9 19 8 19 9 19 8 19 8 0 0 19 7 18 7 19 7 19 6 19 6 18 6 18 6 18 5 18 4 18 4 19 3 18 3 18 3 19 3 19 2 18 1 19 1 19 0 19 0 19 0 18 0 18 0 18 0 18 -1 19 -1 18 -2 0 0 0 0 0 0 0 0 0 0]"
"1769236306940576,CSI_DATA,STATION,00:00:00:00:00:00,0,0,0,0,0,0,0,0,0,0,0,0,0,0,0,0,0,0,0,0,0,128,[84 -64 4 0 0 0 0 0 0 0 0 0 -8 15 -9 14 -10 14 -9 14 -11 14 -11 13 -11 13 -12 13 -11 12 -12 12 -12 12 -12 11 -12 11 -12 11 -12 11 -12 11 -12 11 -13 11 -12 11 -12 10 -12 10 -11 10 -11 10 -11 10 -10 10 -10 11 0 0 -10 9 -9 10 -9 10 -9 10 -9 10 -8 10 -8 10 -8 11 -8 11 -8 11 -8 11 -8 11 -8 11 -7 10 -7 12 -6 11 -6 12 -6 12 -6 12 -6 12 -5 12 -5 12 -6 12 -6 12 -5 12 -5 12 0 0 0 0 0 0 0 0 0 0]"
"1769236306946944,CSI_DATA,STATION,00:00:00:00:00:00,0,0,0,0,0,0,0,0,0,0,0,0,0,0,0,0,0,0,0,0,0,128,[84 -64 4 0 0 0 0 0 0 0 0 0 -8 -27 -7 -27 -6 -28 -5 -28 -4 -28 -4 -28 -3 -28 -1 -28 -1 -28 0 -28 0 -28 1 -27 1 -27 1 -27 2 -26 2 -26 2 -26 2 -25 2 -26 2 -25 2 -24 3 -24 2 -24 2 -24 2 -24 2 -24 0 0 1 -23 1 -23 0 -23 0 -23 0 -23 0 -23 0 -23 -1 -22 -1 -22 -2 -22 -3 -22 -2 -22 -2 -22 -3 -22 -4 -22 -4 -22 -5 -22 -5 -22 -5 -22 -5 -22 -5 -21 -5 -21 -5 -21 -7 -22 -6 -21 -7 -21 0 0 0 0 0 0 0 0 0 0]"
"1769236306953519,CSI_DATA,STATION,00:00:00:00:00:00,0,0,0,0,0,0,0,0,0,0,0,0,0,0,0,0,0,0,0,0,0,128,[84 -64 4 0 0 0 0 0 0 0 0 0 4 15 3 16 3 16 3 16 2 16 1 16 1 16 1 16 0 16 0 16 0 16 0 15 -1 15 0 16 -1 15 -1 15 -1 15 -1 14 -1 14 -1 15 -1 14 -1 14 -1 13 -1 14 -1 14 -1 13 0 0 0 13 0 13 0 13 0 13 1 14 1 13 1 13 1 13 1 12 2 12 2 12 2 13 3 12 3 12 3 12 3 12 3 11 4 12 4 12 3 12 5 12 4 12 4 12 4 12 5 12 5 12 0 0 0 0 0 0 0 0 0 0]"
"1769236306957974,CSI_DATA,STATION,00:00:00:00:00:00,0,0,0,0,0,0,0,0,0,0,0,0,0,0,0,0,0,0,0,0,0,128,[84 -64 4 0 0 0 0 0 0 0 0 0 10 -15 11 -15 11 -15 11 -14 12 -14 12 -13 12 -13 12 -14 12 -13 13 -12 12 -12 13 -11 13 -11 13 -10 13 -11 13 -11 13 -10 13 -10 12 -10 12 -10 12 -11 12 -10 12 -10 12 -10 11 -9 11 -10 0 0 11 -10 11 -10 10 -10 9 -11 10 -11 9 -11 9 -11 9 -11 8 -11 9 -12 8 -12 8 -11 8 -11 7 -11 8 -12 8 -12 7 -13 7 -13 6 -13 7 -13 7 -13 6 -13 6 -13 6 -13 6 -14 6 -14 0 0 0 0 0 0 0 0 0 0]"
"1769236306964679,CSI_DATA,STATION,00:00:00:00:00:00,0,0,0,0,0,0,0,0,0,0,0,0,0,0,0,0,0,0,0,0,0,128,[84 -64 4 0 0 0 0 0 0 0 0 0 25 -6 25 -4 24 -3 25 -4 25 -2 25 -2 25 0 25 0 25 0 24 1 25 1 24 2 24 2 23 2 23 3 23 3 23 3 21 2 23 2 22 3 21 3 21 2 20 2 21 3 20 2 21 1 0 0 20 1 19 0 20 0 20 0 20 0 19 0 19 0 19 -1 19 -2 19 -2 19 -3 19 -2 19 -2 19 -3 18 -4 19 -4 19 -4 19 -6 19 -5 19 -6 19 -6 18 -6 18 -6 19 -7 19 -7 19 -7 0 0 0 0 0 0 0 0 0 0]"
"1769236306969182,CSI_DATA,STATION,00:00:00:00:00:00,0,0,0,0,0,0,0,0,0,0,0,0,0,0,0,0,0,0,0,0,0,128,[84 -64 4 0 0 0 0 0 0 0 0 0 11 -25 12 -25 13 -25 14 -25 14 -24 15 -24 16 -23 16 -22 16 -22 16 -21 16 -21 17 -20 17 -20 16 -19 16 -19 17 -19 16 -18 16 -18 16 -18 16 -18 15 -18 15 -18 15 -17 14 -17 15 -17 14 -17 0 0 13 -18 13 -18 12 -18 12 -18 11 -18 11 -18 11 -18 10 -18 10 -18 9 -19 9 -19 8 -19 8 -19 8 -19 7 -20 7 -20 6 -20 7 -21 6 -21 5 -21 6 -21 5 -20 5 -21 4 -21 5 -22 4 -21 0 0 0 0 0 0 0 0 0 0]"
"1769236306973635,CSI_DATA,STATION,00:00:00:00:00:00,0,0,0,0,0,0,0,0,0,0,0,0,0,0,0,0,0,0,0,0,0,128,[84 -64 4 0 0 0 0 0 0 0 0 0 15 7 14 8 14 9 13 8 14 10 12 9 13 10 12 10 11 10 12 11 11 10 11 11 11 10 11 11 9 11 10 10 9 10 10 11 10 10 9 10 9 10 9 10 9 9 9 9 9 8 9 9 0 0 9 9 9 8 9 8 9 8 9 8 10 8 9 7 10 7 10 6 10 7 10 6 10 7 10 6 10 6 10 5 11 4 12 5 11 4 11 4 11 4 11 4 11 4 12 4 12 4 12 3 11 3 0 0 0 0 0 0 0 0 0 0]"
"1769236306980351,CSI_DATA,STATION,00:00:00:00:00:00,0,0,0,0,0,0,0,0,0,0,0,0,0,0,0,0,0,0,0,0,0,128,[84 -64 4 0 0 0 0 0 0 0 0 0 15 -16 15 -15 15 -15 16 -13 17 -13 17 -13 17 -12 18 -12 17 -11 17 -11 17 -11 17 -10 17 -10 17 -10 17 -9 17 -9 16 -9 17 -9 16 -8 16 -8 16 -8 15 -8 15 -8 15 -8 14 -8 14 -8 0 0 14 -9 13 -9 13 -9 13 -9 12 -9 13 -9 12 -9 12 -9 12 -10 11 -10 11 -11 11 -11 11 -11 11 -11 10 -11 10 -12 10 -12 10 -12 10 -12 10 -12 10 -12 9 -12 9 -13 9 -13 9 -14 8 -14 0 0 0 0 0 0 0 0 0 0]"
"1769236306984819,CSI_DATA,STATION,00:00:00:00:00:00,0,0,0,0,0,0,0,0,0,0,0,0,0,0,0,0,0,0,0,0,0,128,[84 -64 4 0 0 0 0 0 0 0 0 0 -23 12 -24 11 -24 9 -25 9 -24 8 -25 8 -25 7 -25 6 -24 6 -24 5 -25 5 -24 4 -24 4 -24 3 -24 3 -23 3 -23 3 -22 2 -23 3 -21 2 -22 2 -21 2 -21 2 -21 2 -20 3 -21 3 0 0 -20 3 -19 4 -20 4 -19 4 -19 4 -18 5 -18 5 -18 5 -18 6 -17 6 -18 7 -17 7 -17 7 -17 8 -17 7 -17 8 -16 7 -17 9 -16 9 -16 9 -16 10 -16 10 -16 10 -15 10 -15 11 -16 11 0 0 0 0 0 0 0 0 0 0]"
"1769236306991506,CSI_DATA,STATION,00:00:00:00:00:00,0,0,0,0,0,0,0,0,0,0,0,0,0,0,0,0,0,0,0,0,0,128,[84 -64 4 0 0 0 0 0 0 0 0 0 -18 -5 -17 -6 -18 -6 -17 -7 -16 -7 -16 -7 -16 -8 -15 -8 -15 -8 -15 -9 -15 -9 -15 -9 -15 -9 -14 -9 -14 -9 -14 -9 -13 -9 -14 -9 -13 -9 -13 -9 -13 -9 -12 -9 -12 -9 -13 -8 -12 -8 -12 -7 0 0 -12 -7 -12 -6 -12 -6 -13 -6 -13 -6 -13 -6 -12 -6 -13 -5 -12 -5 -13 -4 -13 -4 -13 -4 -13 -3 -13 -4 -13 -3 -13 -3 -14 -3 -13 -3 -14 -2 -13 -2 -13 -2 -14 -2 -14 -2 -14 -1 -13 -1 -13 -1 0 0 0 0 0 0 0 0 0 0]"
"1769236306995956,CSI_DATA,STATION,00:00:00:00:00:00,0,0,0,0,0,0,0,0,0,0,0,0,0,0,0,0,0,0,0,0,0,128,[84 -64 4 0 0 0 0 0 0 0 0 0 -9 -22 -9 -23 -7 -23 -7 -24 -6 -24 -6 -23 -5 -23 -5 -24 -4 -23 -4 -23 -3 -22 -3 -23 -3 -23 -2 -22 -1 -22 -2 -21 -2 -22 -1 -21 -1 -21 -1 -21 -1 -21 -1 -20 -1 -19 -2 -20 -2 -20 -2 -19 0 0 -3 -19 -3 -18 -3 -18 -3 -18 -4 -18 -4 -18 -4 -18 -5 -18 -5 -17 -5 -17 -6 -17 -6 -17 -6 -16 -7 -17 -7 -16 -7 -16 -8 -17 -8 -16 -8 -16 -8 -16 -9 -16 -9 -16 -9 -16 -10 -16 -10 -15 -10 -16 0 0 0 0 0 0 0 0 0 0]"
"1769236307000413,CSI_DATA,STATION,00:00:00:00:00:00,0,0,0,0,0,0,0,0,0,0,0,0,0,0,0,0,0,0,0,0,0,128,[84 -64 4 0 0 0 0 0 0 0 0 0 -22 -9 -22 -10 -22 -11 -22 -11 -21 -11 -21 -12 -20 -13 -20 -13 -19 -13 -19 -14 -19 -13 -18 -14 -18 -14 -17 -14 -17 -14 -17 -14 -16 -13 -16 -13 -16 -13 -16 -14 -15 -14 -15 -13 -15 -12 -16 -12 -15 -12 -15 -11 0 0 -15 -10 -15 -11 -15 -10 -16 -9 -16 -10 -16 -10 -15 -9 -15 -9 -16 -8 -16 -7 -17 -7 -16 -7 -16 -7 -16 -7 -17 -6 -17 -5 -17 -6 -17 -5 -17 -5 -17 -5 -18 -5 -18 -5 -17 -4 -18 -3 -18 -4 -18 -3 0 0 0 0 0 0 0 0 0 0]"
"1769236307007124,CSI_DATA,STATION,00:00:00:00:00:00,0,0,0,0,0,0,0,0,0,0,0,0,0,0,0,0,0,0,0,0,0,128,[84 -64 4 0 0 0 0 0 0 0 0 0 -10 -17 -9 -17 -9 -18 -8 -18 -7 -18 -8 -18 -7 -17 -6 -18 -6 -18 -5 -18 -5 -18 -5 -17 -5 -17 -4 -17 -4 -18 -4 -17 -4 -17 -4 -16 -4 -16 -4 -16 -4 -16 -4 -15 -4 -15 -4 -15 -4 -15 -4 -14 0 0 -5 -14 -5 -14 -5 -14 -5 -14 -6 -14 -6 -13 -6 -13 -6 -13 -6 -13 -7 -12 -7 -12 -7 -12 -7 -12 -8 -12 -8 -12 -8 -12 -9 -12 -9 -12 -9 -11 -9 -12 -9 -11 -10 -11 -9 -11 -10 -11 -10 -11 -10 -11 0 0 0 0 0 0 0 0 0 0]"
"1769236307011586,CSI_DATA,STATION,00:00:00:00:00:00,0,0,0,0,0,0,0,0,0,0,0,0,0,0,0,0,0,0,0,0,0,128,[84 -64 4 0 0 0 0 0 0 0 0 0 -24 -3 -24 -4 -24 -5 -24 -5 -23 -6 -23 -6 -22 -7 -22 -8 -21 -8 -21 -8 -21 -8 -21 -8 -20 -8 -20 -8 -20 -9 -19 -9 -19 -9 -18 -9 -19 -9 -18 -9 -18 -9 -17 -9 -17 -7 -17 -7 -17 -7 -17 -6 0 0 -17 -6 -16 -6 -16 -6 -17 -5 -17 -6 -17 -5 -17 -5 -17 -4 -17 -4 -17 -3 -17 -2 -17 -3 -17 -2 -17 -2 -17 -2 -17 -1 -17 -1 -17 -1 -17 0 -17 0 -17 0 -17 0 -17 0 -17 1 -17 1 -17 2 0 0 0 0 0 0 0 0 0 0]"
"1769236307016039,CSI_DATA,STATION,00:00:00:00:00:00,0,0,0,0,0,0,0,0,0,0,0,0,0,0,0,0,0,0,0,0,0,128,[84 -64 4 0 0 0 0 0 0 0 0 0 8 24 7 25 6 24 6 25 4 25 4 25 3 24 2 25 2 24 1 24 1 24 0 23 0 23 0 23 0 23 -1 22 -1 22 -1 20 0 21 -1 21 -1 20 -1 20 0 19 0 20 0 19 1 19 0 0 0 18 1 18 2 18 2 17 3 18 2 18 2 17 3 17 3 17 4 16 5 17 5 17 5 17 5 17 5 16 6 16 6 16 7 16 7 16 7 16 8 15 8 16 8 15 9 16 8 15 9 16 0 0 0 0 0 0 0 0 0 0]"
"1769236307022703,CSI_DATA,STATION,00:00:00:00:00:00,0,0,0,0,0,0,0,0,0,0,0,0,0,0,0,0,0,0,0,0,0,128,[84 -64 4 0 0 0 0 0 0 0 0 0 -9 16 -10 16 -11 15 -11 15 -11 14 -12 14 -12 13 -12 13 -12 13 -13 12 -12 13 -13 12 -13 11 -13 11 -13 11 -12 11 -13 11 -12 10 -12 10 -12 10 -11 10 -11 9 -11 10 -11 10 -10 9 -10 10 0 0 -9 10 -9 10 -9 10 -9 10 -9 10 -8 10 -8 10 -8 10 -8 10 -7 10 -7 11 -7 11 -6 11 -6 11 -6 11 -6 11 -5 11 -5 11 -5 12 -5 12 -5 12 -5 12 -4 12 -4 12 -4 12 -4 12 0 0 0 0 0 0 0 0 0 0]"
"1769236307027155,CSI_DATA,STATION,00:00:00:00:00:00,0,0,0,0,0,0,0,0,0,0,0,0,0,0,0,0,0,0,0,0,0,128,[84 -64 4 0 0 0 0 0 0 0 0 0 -27 1 -26 -1 -26 -2 -27 -3 -26 -3 -26 -4 -25 -5 -25 -6 -25 -6 -24 -6 -25 -6 -24 -6 -23 -6 -23 -6 -23 -8 -22 -7 -22 -7 -21 -7 -21 -7 -21 -7 -20 -7 -20 -7 -20 -6 -20 -6 -19 -6 -20 -5 0 0 -19 -5 -18 -5 -19 -4 -19 -3 -19 -3 -18 -3 -18 -3 -18 -2 -19 -2 -18 -1 -19 0 -18 0 -18 0 -18 0 -18 1 -18 1 -18 1 -19 2 -19 2 -18 3 -18 3 -18 3 -18 3 -18 4 -18 4 -18 5 0 0 0 0 0 0 0 0 0 0]"
"1769236307031519,CSI_DATA,STATION,00:00:00:00:00:00,0,0,0,0,0,0,0,0,0,0,0,0,0,0,0,0,0,0,0,0,0,128,[84 -64 4 0 0 0 0 0 0 0 0 0 20 -14 22 -13 21 -12 22 -11 21 -10 23 -10 22 -9 23 -8 22 -8 21 -8 22 -7 21 -6 22 -6 21 -6 22 -5 21 -5 21 -5 20 -5 20 -5 19 -5 19 -5 19 -5 18 -5 18 -5 18 -5 18 -6 0 0 17 -6 16 -6 17 -6 16 -6 16 -7 16 -7 15 -7 15 -8 16 -8 15 -9 15 -9 14 -9 14 -9 14 -10 14 -10 14 -10 13 -10 13 -11 13 -12 13 -12 13 -12 13 -12 12 -12 12 -12 12 -13 12 -13 0 0 0 0 0 0 0 0 0 0]"
"1769236307038159,CSI_DATA,STATION,00:00:00:00:00:00,0,0,0,0,0,0,0,0,0,0,0,0,0,0,0,0,0,0,0,0,0,128,[84 -64 4 0 0 0 0 0 0 0 0 0 20 -13 21 -12 21 -12 21 -11 22 -11 21 -10 21 -9 22 -8 22 -8 22 -7 22 -7 21 -6 21 -6 21 -6 21 -6 21 -6 20 -5 20 -6 19 -4 19 -4 19 -5 19 -5 19 -5 18 -5 18 -5 17 -5 0 0 17 -6 16 -6 16 -6 16 -7 16 -6 16 -7 15 -7 15 -7 15 -8 15 -9 14 -9 14 -9 14 -9 14 -9 14 -10 13 -10 14 -10 13 -11 13 -11 13 -12 13 -12 13 -12 13 -12 12 -13 13 -14 12 -13 0 0 0 0 0 0 0 0 0 0]"
"1769236307042406,CSI_DATA,STATION,00:00:00:00:00:00,0,0,0,0,0,0,0,0,0,0,0,0,0,0,0,0,0,0,0,0,0,128,[84 -64 4 0 0 0 0 0 0 0 0 0 -14 11 -15 11 -15 10 -15 9 -16 9 -16 8 -16 8 -16 8 -16 7 -16 7 -16 6 -16 6 -16 6 -16 6 -16 5 -15 6 -15 5 -15 5 -15 5 -15 4 -14 4 -14 4 -14 4 -14 5 -14 4 -14 5 0 0 -14 5 -13 5 -12 5 -13 6 -12 6 -12 6 -12 6 -12 6 -12 7 -12 7 -11 7 -12 7 -11 7 -11 7 -11 8 -11 8 -11 8 -11 9 -11 9 -11 9 -11 9 -10 9 -10 9 -10 10 -10 10 -10 10 0 0 0 0 0 0 0 0 0 0]"
"1769236307048814,CSI_DATA,STATION,00:00:00:00:00:00,0,0,0,0,0,0,0,0,0,0,0,0,0,0,0,0,0,0,0,0,0,128,[84 -64 4 0 0 0 0 0 0 0 0 0 -6 19 -7 19 -7 19 -8 20 -8 19 -9 19 -10 18 -10 17 -11 17 -11 17 -11 17 -11 16 -11 16 -11 15 -12 15 -12 15 -11 15 -11 14 -12 15 -12 14 -12 14 -11 13 -11 13 -10 14 -10 13 -10 14 0 0 -10 13 -9 13 -8 14 -8 14 -9 14 -8 14 -8 14 -8 14 -8 13 -7 14 -7 15 -7 14 -7 15 -6 15 -6 15 -6 15 -5 15 -5 15 -5 16 -5 15 -5 16 -5 16 -5 16 -4 16 -4 17 -4 16 0 0 0 0 0 0 0 0 0 0]"
"1769236307053274,CSI_DATA,STATION,00:00:00:00:00:00,0,0,0,0,0,0,0,0,0,0,0,0,0,0,0,0,0,0,0,0,0,128,[84 -64 4 0 0 0 0 0 0 0 0 0 -4 -21 -3 -21 -2 -21 -2 -21 -1 -21 -1 -20 0 -20 1 -21 0 -20 1 -20 2 -20 2 -20 2 -19 2 -19 3 -19 2 -19 3 -18 2 -18 2 -18 2 -18 2 -18 2 -18 2 -17 2 -17 2 -17 2 -17 0 0 1 -16 1 -17 1 -17 0 -17 0 -16 0 -17 -1 -16 -1 -17 -2 -16 -1 -17 -2 -16 -2 -16 -2 -16 -3 -16 -3 -16 -3 -16 -4 -17 -4 -16 -5 -16 -5 -17 -5 -17 -6 -16 -5 -17 -5 -17 -6 -17 -6 -17 0 0 0 0 0 0 0 0 0 0]"
"1769236307057732,CSI_DATA,STATION,00:00:00:00:00:00,0,0,0,0,0,0,0,0,0,0,0,0,0,0,0,0,0,0,0,0,0,128,[84 -64 4 0 0 0 0 0 0 0 0 0 17 9 17 10 17 11 16 11 16 12 15 11 15 12 14 13 14 12 13 13 13 13 12 13 13 14 12 13 12 13 12 13 11 12 12 13 11 13 11 13 11 12 11 12 10 12 10 12 10 12 11 11 0 0 11 10 11 10 11 10 11 10 11 10 12 10 11 9 12 9 12 9 12 9 12 9 13 9 13 9 13 8 13 8 13 7 14 7 14 7 14 7 14 7 15 7 15 7 15 7 15 7 15 6 15 6 0 0 0 0 0 0 0 0 0 0]"
"1769236307064436,CSI_DATA,STATION,00:00:00:00:00:00,0,0,0,0,0,0,0,0,0,0,0,0,0,0,0,0,0,0,0,0,0,128,[84 -64 4 0 0 0 0 0 0 0 0 0 15 -14 16 -13 15 -12 16 -12 16 -11 16 -11 16 -10 17 -10 17 -9 17 -9 16 -9 16 -8 17 -8 17 -8 17 -8 16 -8 16 -8 16 -8 15 -7 15 -7 15 -7 15 -7 15 -7 15 -7 14 -7 14 -7 0 0 14 -8 13 -8 13 -8 13 -9 12 -8 12 -9 12 -9 12 -9 12 -10 12 -10 11 -11 11 -11 11 -10 11 -11 11 -12 11 -12 11 -12 11 -12 10 -12 11 -13 10 -13 10 -13 10 -13 10 -14 10 -14 9 -15 0 0 0 0 0 0 0 0 0 0]"
"1769236307068897,CSI_DATA,STATION,00:00:00:00:00:00,0,0,0,0,0,0,0,0,0,0,0,0,0,0,0,0,0,0,0,0,0,128,[84 -64 4 0 0 0 0 0 0 0 0 0 -19 -2 -19 -3 -19 -3 -19 -4 -18 -4 -18 -4 -18 -5 -18 -5 -17 -5 -17 -6 -17 -6 -16 -6 -16 -7 -16 -7 -16 -7 -16 -6 -15 -7 -15 -7 -15 -7 -15 -6 -14 -6 -14 -6 -14 -6 -14 -6 -14 -6 -14 -5 0 0 -14 -4 -14 -4 -14 -4 -14 -3 -14 -4 -14 -3 -14 -3 -14 -3 -14 -2 -14 -2 -14 -2 -14 -2 -14 -2 -14 -1 -15 0 -15 0 -14 0 -15 0 -15 1 -15 1 -15 2 -15 1 -15 1 -15 2 -15 2 -15 2 0 0 0 0 0 0 0 0 0 0]"
"1769236307079957,CSI_DATA,STATION,00:00:00:00:00:00,0,0,0,0,0,0,0,0,0,0,0,0,0,0,0,0,0,0,0,0,0,128,[84 -64 4 0 0 0 0 0 0 0 0 0 13 14 13 14 12 15 12 16 11 16 10 16 10 16 10 16 9 16 8 17 7 17 7 16 7 16 7 16 6 16 6 16 7 15 6 15 6 15 6 15 6 15 6 14 5 14 6 14 5 14 6 13 0 0 6 12 6 12 7 12 6 11 7 12 7 11 7 11 7 11 8 11 8 10 8 10 8 11 8 10 9 10 9 10 9 9 10 9 10 9 10 9 10 8 11 8 11 9 11 8 11 8 11 8 11 8 0 0 0 0 0 0 0 0 0 0]"
"1769236307084414,CSI_DATA,STATION,00:00:00:00:00:00,0,0,0,0,0,0,0,0,0,0,0,0,0,0,0,0,0,0,0,0,0,128,[84 -64 4 0 0 0 0 0 0 0 0 0 20 3 19 4 19 5 19 5 19 6 18 6 18 7 17 7 18 8 17 8 17 8 16 8 16 9 15 8 15 9 15 8 14 8 14 8 14 8 14 8 13 8 13 7 14 7 13 7 13 7 13 6 0 0 13 5 13 6 12 5 13 4 13 5 13 4 13 4 13 3 13 3 13 3 13 2 13 2 13 2 13 2 13 1 14 0 13 0 14 0 14 0 14 -1 14 -1 13 -1 14 -1 14 -2 14 -2 14 -2 0 0 0 0 0 0 0 0 0 0]"
"1769236307091124,CSI_DATA,STATION,00:00:00:00:00:00,0,0,0,0,0,0,0,0,0,0,0,0,0,0,0,0,0,0,0,0,0,128,[84 -64 4 0 0 0 0 0 0 0 0 0 -8 22 -9 22 -10 21 -10 21 -11 20 -12 20 -12 20 -12 19 -12 19 -13 18 -13 18 -13 17 -13 16 -13 16 -13 16 -13 16 -13 15 -13 15 -13 14 -12 15 -12 14 -12 14 -12 13 -11 13 -12 13 -11 13 0 0 -10 14 -10 13 -9 14 -8 13 -9 14 -8 14 -8 14 -7 14 -7 14 -7 14 -6 14 -6 14 -6 14 -5 15 -5 15 -4 15 -4 15 -4 15 -3 16 -3 15 -3 16 -2 15 -3 16 -2 15 -2 16 -1 16 0 0 0 0 0 0 0 0 0 0]"
"1769236307095586,CSI_DATA,STATION,00:00:00:00:00:00,0,0,0,0,0,0,0,0,0,0,0,0,0,0,0,0,0,0,0,0,0,128,[84 -64 4 0 0 0 0 0 0 0 0 0 13 20 12 22 10 21 10 22 9 22 8 22 7 22 6 22 6 22 6 22 6 21 5 21 5 22 4 21 4 21 3 20 3 20 3 19 3 20 3 19 3 19 3 18 3 18 3 18 4 18 4 17 0 0 4 16 4 16 5 16 5 15 5 15 5 15 5 15 6 15 6 15 7 14 7 14 8 14 8 14 8 14 8 13 9 13 9 13 9 12 10 12 10 12 11 12 10 12 11 12 11 11 12 11 12 11 0 0 0 0 0 0 0 0 0 0]"
"1769236307102267,CSI_DATA,STATION,00:00:00:00:00:00,0,0,0,0,0,0,0,0,0,0,0,0,0,0,0,0,0,0,0,0,0,128,[84 -64 4 0 0 0 0 0 0 0 0 0 -14 -9 -14 -10 -13 -10 -14 -11 -13 -11 -13 -11 -12 -11 -11 -12 -11 -12 -11 -12 -11 -12 -10 -12 -10 -11 -10 -12 -10 -12 -10 -11 -9 -11 -9 -11 -9 -11 -9 -11 -9 -11 -9 -11 -8 -10 -9 -10 -9 -10 -9 -9 0 0 -9 -9 -9 -9 -9 -8 -9 -8 -9 -8 -9 -8 -9 -7 -10 -7 -9 -7 -10 -6 -10 -6 -10 -6 -10 -6 -10 -6 -10 -5 -11 -5 -11 -5 -11 -5 -11 -5 -11 -5 -11 -4 -11 -4 -11 -4 -12 -3 -12 -3 -12 -3 0 0 0 0 0 0 0 0 0 0]"
"1769236307108941,CSI_DATA,STATION,00:00:00:00:00:00,0,0,0,0,0,0,0,0,0,0,0,0,0,0,0,0,0,0,0,0,0,128,[84 -64 4 0 0 0 0 0 0 0 0 0 -1 21 -3 21 -3 21 -4 21 -5 20 -5 20 -6 20 -7 20 -6 19 -7 19 -6 19 -7 18 -7 18 -7 17 -8 18 -8 17 -8 16 -8 16 -8 16 -8 16 -7 15 -7 15 -7 15 -7 15 -6 15 -6 15 0 0 -6 14 -5 15 -5 14 -4 14 -4 15 -4 15 -4 15 -3 14 -3 14 -2 14 -1 15 -1 15 -1 15 -1 15 -1 14 0 15 1 15 1 14 1 15 1 15 1 15 2 15 2 15 3 15 3 15 3 15 0 0 0 0 0 0 0 0 0 0]"
"1769236307113394,CSI_DATA,STATION,00:00:00:00:00:00,0,0,0,0,0,0,0,0,0,0,0,0,0,0,0,0,0,0,0,0,0,128,[84 -64 4 0 0 0 0 0 0 0 0 0 -3 16 -4 16 -4 16 -5 16 -5 15 -6 15 -6 15 -7 14 -7 14 -8 14 -8 14 -7 13 -8 13 -7 13 -8 13 -8 13 -7 12 -8 13 -8 12 -7 12 -7 12 -7 11 -7 11 -7 12 -6 12 -6 12 0 0 -5 11 -5 12 -4 11 -5 12 -4 11 -4 11 -4 12 -3 11 -3 11 -3 12 -2 12 -2 11 -2 12 -1 12 -1 12 -1 11 -1 12 0 12 0 12 0 12 1 12 1 12 1 12 2 12 1 12 2 12 0 0 0 0 0 0 0 0 0 0]"
"1769236307117848,CSI_DATA,STATION,00:00:00:00:00:00,0,0,0,0,0,0,0,0,0,0,0,0,0,0,0,0,0,0,0,0,0,128,[84 -64 4 0 0 0 0 0 0 0 0 0 -26 -2 -25 -3 -26 -4 -26 -5 -25 -6 -24 -6 -25 -6 -25 -7 -24 -8 -24 -9 -24 -9 -23 -10 -22 -9 -22 -10 -21 -10 -21 -10 -21 -9 -20 -9 -20 -9 -20 -9 -20 -9 -19 -9 -19 -8 -19 -9 -18 -9 -19 -8 0 0 -18 -7 -18 -7 -18 -6 -19 -6 -19 -6 -19 -6 -19 -5 -18 -4 -18 -4 -19 -3 -19 -3 -18 -3 -19 -3 -18 -2 -19 -2 -19 -1 -19 -1 -19 0 -19 0 -19 1 -19 1 -19 1 -20 1 -19 2 -20 2 -20 3 0 0 0 0 0 0 0 0 0 0]"
"1769236307124527,CSI_DATA,STATION,00:00:00:00:00:00,0,0,0,0,0,0,0,0,0,0,0,0,0,0,0,0,0,0,0,0,0,128,[84 -64 4 0 0 0 0 0 0 0 0 0 -17 0 -17 -1 -17 -2 -17 -3 -16 -3 -17 -3 -16 -4 -17 -4 -16 -5 -15 -5 -15 -4 -15 -5 -15 -6 -15 -5 -14 -6 -14 -6 -14 -6 -14 -6 -14 -6 -13 -6 -13 -6 -13 -5 -13 -5 -13 -5 -13 -5 -13 -4 0 0 -12 -4 -12 -4 -12 -4 -12 -3 -12 -4 -12 -3 -12 -3 -13 -3 -12 -2 -13 -2 -12 -2 -12 -2 -13 -2 -13 -1 -12 -1 -13 0 -13 -1 -13 0 -13 0 -13 0 -13 1 -13 0 -13 1 -13 1 -13 1 -14 2 0 0 0 0 0 0 0 0 0 0]"
"1769236307128939,CSI_DATA,STATION,00:00:00:00:00:00,0,0,0,0,0,0,0,0,0,0,0,0,0,0,0,0,0,0,0,0,0,128,[84 -64 4 0 0 0 0 0 0 0 0 0 -13 10 -14 9 -14 9 -15 9 -15 8 -15 8 -15 7 -16 7 -15 6 -16 5 -16 7 -15 5 -15 5 -15 5 -16 4 -15 4 -15 4 -14 4 -14 4 -14 4 -14 4 -13 4 -14 4 -13 4 -13 4 -13 4 0 0 -13 5 -12 5 -12 5 -12 5 -12 6 -11 5 -11 6 -11 6 -11 6 -10 7 -11 7 -10 7 -10 6 -10 8 -10 8 -10 9 -9 9 -10 9 -9 9 -9 9 -9 9 -9 10 -9 9 -9 10 -9 10 -9 10 0 0 0 0 0 0 0 0 0 0]"
"1769236307133395,CSI_DATA,STATION,00:00:00:00:00:00,0,0,0,0,0,0,0,0,0,0,0,0,0,0,0,0,0,0,0,0,0,128,[84 -64 4 0 0 0 0 0 0 0 0 0 9 -15 9 -14 9 -14 10 -14 11 -13 11 -13 10 -12 11 -12 12 -11 12 -12 12 -11 12 -11 11 -10 11 -10 12 -10 11 -10 12 -10 11 -10 11 -9 11 -8 11 -9 11 -9 11 -9 10 -9 10 -9 10 -9 0 0 10 -9 9 -9 9 -9 9 -9 8 -10 8 -10 8 -10 8 -10 8 -11 8 -11 7 -10 7 -11 7 -11 7 -11 6 -12 6 -12 6 -12 6 -12 6 -12 5 -12 6 -13 5 -12 6 -12 5 -13 5 -13 5 -13 0 0 0 0 0 0 0 0 0 0]"
"1769236307140140,CSI_DATA,STATION,00:00:00:00:00:00,0,0,0,0,0,0,0,0,0,0,0,0,0,0,0,0,0,0,0,0,0,128,[84 -64 4 0 0 0 0 0 0 0 0 0 12 11 11 12 11 12 11 12 10 13 10 13 8 13 7 14 8 14 7 14 8 13 7 14 7 13 7 13 6 14 6 13 6 12 6 12 5 13 5 13 5 12 5 13 5 12 6 12 6 11 6 11 0 0 6 11 6 11 6 11 6 11 7 10 7 10 7 10 7 10 7 10 7 9 8 9 8 10 8 9 9 9 8 9 9 8 9 8 9 8 9 8 9 8 9 8 10 9 10 8 11 8 11 7 11 8 0 0 0 0 0 0 0 0 0 0]"
"1769236307144435,CSI_DATA,STATION,00:00:00:00:00:00,0,0,0,0,0,0,0,0,0,0,0,0,0,0,0,0,0,0,0,0,0,128,[84 -64 4 0 0 0 0 0 0 0 0 0 -3 -15 -2 -15 -2 -15 -1 -14 -1 -15 -1 -15 1 -15 1 -15 1 -15 1 -14 1 -14 1 -14 2 -13 2 -14 2 -13 1 -13 2 -13 2 -13 2 -13 2 -13 2 -13 2 -12 1 -12 1 -12 1 -12 1 -12 0 0 0 -11 0 -12 0 -12 -1 -12 0 -12 -1 -12 -1 -12 -1 -12 -1 -12 -1 -12 -2 -12 -2 -11 -3 -12 -3 -12 -2 -12 -3 -11 -4 -12 -4 -12 -4 -12 -4 -12 -4 -12 -5 -12 -5 -12 -5 -12 -5 -12 -5 -12 0 0 0 0 0 0 0 0 0 0]"
"1769236307150807,CSI_DATA,STATION,00:00:00:00:00:00,0,0,0,0,0,0,0,0,0,0,0,0,0,0,0,0,0,0,0,0,0,128,[84 -64 4 0 0 0 0 0 0 0 0 0 -23 3 -23 2 -24 1 -24 0 -23 -1 -24 -1 -23 -1 -23 -2 -22 -2 -22 -4 -23 -3 -22 -4 -21 -5 -20 -4 -20 -5 -21 -5 -20 -4 -19 -4 -20 -4 -20 -5 -18 -4 -19 -5 -18 -4 -18 -4 -18 -4 -18 -3 0 0 -17 -2 -18 -2 -18 -2 -18 -1 -18 -1 -18 -2 -18 -1 -18 0 -17 1 -18 1 -18 2 -17 1 -18 1 -18 2 -18 3 -19 3 -19 3 -18 5 -18 5 -18 5 -19 5 -18 5 -19 5 -19 6 -19 6 -19 7 0 0 0 0 0 0 0 0 0 0]"
"1769236307155198,CSI_DATA,STATION,00:00:00:00:00:00,0,0,0,0,0,0,0,0,0,0,0,0,0,0,0,0,0,0,0,0,0,128,[84 -64 4 0 0 0 0 0 0 0 0 0 1 -13 2 -13 2 -13 3 -12 4 -13 4 -12 4 -12 4 -12 5 -12 5 -11 5 -11 5 -10 5 -10 5 -10 5 -10 5 -10 5 -10 5 -10 5 -9 6 -9 5 -9 5 -9 5 -9 4 -10 5 -9 4 -9 0 0 4 -9 4 -9 3 -9 4 -9 3 -9 3 -9 4 -9 3 -10 3 -10 3 -10 2 -10 3 -10 3 -10 3 -9 2 -11 2 -11 2 -11 2 -11 2 -11 2 -11 2 -11 2 -11 2 -11 2 -12 2 -12 1 -12 0 0 0 0 0 0 0 0 0 0]"
"1769236307159579,CSI_DATA,STATION,00:00:00:00:00:00,0,0,0,0,0,0,0,0,0,0,0,0,0,0,0,0,0,0,0,0,0,128,[84 -64 4 0 0 0 0 0 0 0 0 0 6 12 5 11 4 12 4 12 3 12 3 12 2 12 2 13 2 12 1 13 1 12 1 12 1 12 1 11 0 12 1 11 0 11 0 11 0 11 0 11 0 10 0 10 0 10 1 10 1 10 1 10 0 0 1 10 2 10 2 9 2 9 2 10 2 9 2 10 2 9 2 9 3 9 3 9 3 9 3 10 4 10 4 10 4 9 4 9 4 9 5 9 5 9 5 10 5 9 6 9 6 10 5 10 6 9 0 0 0 0 0 0 0 0 0 0]"
"1769236307166039,CSI_DATA,STATION,00:00:00:00:00:00,0,0,0,0,0,0,0,0,0,0,0,0,0,0,0,0,0,0,0,0,0,128,[84 -64 4 0 0 0 0 0 0 0 0 0 4 12 3 12 3 12 3 13 2 12 2 13 1 13 1 13 0 13 0 12 0 12 0 12 0 12 0 12 0 12 0 11 -1 11 -1 11 -1 11 -1 11 -1 10 0 10 0 10 0 11 0 10 0 10 0 0 0 10 1 9 1 10 0 10 1 10 2 10 1 10 2 10 1 9 2 9 2 10 2 10 3 10 3 10 3 10 3 10 4 10 4 10 4 10 4 10 4 10 5 10 4 10 5 10 5 10 5 10 0 0 0 0 0 0 0 0 0 0]"
"1769236307170358,CSI_DATA,STATION,00:00:00:00:00:00,0,0,0,0,0,0,0,0,0,0,0,0,0,0,0,0,0,0,0,0,0,128,[84 -64 4 0 0 0 0 0 0 0 0 0 10 -8 10 -8 10 -7 11 -7 11 -6 12 -7 11 -6 11 -5 12 -5 12 -4 11 -5 12 -5 11 -4 11 -4 11 -4 11 -4 11 -4 10 -3 11 -4 11 -4 10 -3 10 -4 10 -4 10 -4 10 -4 10 -4 0 0 9 -4 9 -4 9 -5 9 -5 9 -5 9 -5 9 -5 8 -5 9 -6 8 -6 8 -6 8 -6 8 -7 8 -6 8 -7 8 -8 8 -7 8 -8 8 -8 8 -8 8 -8 8 -8 8 -8 8 -9 8 -9 8 -9 0 0 0 0 0 0 0 0 0 0]"
"1769236307174677,CSI_DATA,STATION,00:00:00:00:00:00,0,0,0,0,0,0,0,0,0,0,0,0,0,0,0,0,0,0,0,0,0,128,[84 -64 4 0 0 0 0 0 0 0 0 0 14 -5 14 -4 14 -4 14 -3 14 -2 14 -3 15 -2 15 -1 14 -2 14 -1 14 -1 14 -1 14 0 13 0 13 0 13 0 13 0 13 0 13 1 13 1 12 1 12 1 12 0 12 0 12 0 12 -1 0 0 11 -1 11 -1 12 -1 11 -1 11 -1 11 -2 10 -2 11 -2 11 -2 11 -2 11 -3 11 -3 11 -3 11 -3 11 -3 11 -4 11 -4 12 -4 12 -4 11 -4 12 -4 12 -4 12 -5 11 -4 12 -5 12 -5 0 0 0 0 0 0 0 0 0 0]"
"1769236307181177,CSI_DATA,STATION,00:00:00:00:00:00,0,0,0,0,0,0,0,0,0,0,0,0,0,0,0,0,0,0,0,0,0,128,[84 -64 4 0 0 0 0 0 0 0 0 0 -7 12 -8 12 -8 11 -9 11 -9 10 -9 11 -9 11 -9 10 -9 9 -10 9 -10 9 -10 9 -10 9 -10 8 -10 8 -10 9 -10 9 -10 8 -10 8 -9 7 -9 7 -9 8 -9 7 -9 8 -8 7 -8 8 0 0 -8 7 -7 8 -8 8 -8 8 -8 8 -7 8 -7 8 -7 9 -7 9 -7 9 -7 9 -6 9 -6 9 -6 10 -6 10 -6 10 -5 10 -6 10 -6 11 -5 10 -6 11 -5 11 -5 11 -4 11 -5 11 -5 11 0 0 0 0 0 0 0 0 0 0]"
"1769236307185488,CSI_DATA,STATION,00:00:00:00:00:00,0,0,0,0,0,0,0,0,0,0,0,0,0,0,0,0,0,0,0,0,0,128,[84 -64 4 0 0 0 0 0 0 0 0 0 -18 8 -18 8 -18 7 -19 6 -19 6 -19 5 -19 5 -19 4 -19 3 -19 3 -19 3 -18 3 -18 2 -17 2 -18 1 -18 2 -17 2 -17 1 -17 1 -17 1 -16 1 -16 1 -16 1 -16 2 -15 1 -16 2 0 0 -15 2 -14 2 -15 3 -15 3 -15 3 -15 3 -15 3 -15 4 -14 4 -14 5 -14 5 -14 5 -14 5 -14 5 -14 6 -14 6 -14 6 -14 7 -14 7 -14 7 -14 7 -14 7 -15 7 -14 8 -14 8 -14 8 0 0 0 0 0 0 0 0 0 0]"
"1769236307191971,CSI_DATA,STATION,00:00:00:00:00:00,0,0,0,0,0,0,0,0,0,0,0,0,0,0,0,0,0,0,0,0,0,128,[84 -64 4 0 0 0 0 0 0 0 0 0 -17 -5 -16 -5 -16 -6 -16 -7 -15 -8 -15 -7 -15 -8 -15 -8 -15 -9 -14 -9 -15 -9 -14 -9 -13 -9 -13 -9 -12 -10 -13 -9 -12 -9 -12 -9 -12 -9 -12 -10 -12 -9 -11 -9 -12 -8 -11 -8 -11 -8 -11 -7 0 0 -11 -7 -11 -7 -11 -7 -11 -6 -12 -6 -12 -6 -11 -6 -12 -6 -12 -6 -13 -5 -13 -5 -13 -5 -12 -5 -12 -5 -13 -4 -13 -4 -13 -4 -13 -3 -13 -3 -14 -3 -14 -3 -14 -3 -14 -3 -15 -3 -14 -3 -15 -3 0 0 0 0 0 0 0 0 0 0]"
"1769236307196313,CSI_DATA,STATION,00:00:00:00:00:00,0,0,0,0,0,0,0,0,0,0,0,0,0,0,0,0,0,0,0,0,0,128,[84 -64 4 0 0 0 0 0 0 0 0 0 -16 8 -16 7 -16 6 -16 6 -16 5 -16 5 -17 4 -16 4 -16 3 -16 3 -16 2 -16 2 -15 2 -15 2 -16 1 -15 2 -14 1 -14 0 -14 1 -14 1 -14 1 -14 1 -14 1 -14 1 -14 2 -14 2 0 0 -13 2 -13 2 -13 3 -13 3 -13 3 -13 3 -12 3 -12 3 -12 3 -13 4 -13 4 -12 4 -12 5 -12 5 -12 5 -12 5 -12 6 -12 6 -13 7 -12 6 -12 7 -12 6 -12 7 -13 7 -12 7 -12 7 0 0 0 0 0 0 0 0 0 0]"
"1769236307200635,CSI_DATA,STATION,00:00:00:00:00:00,0,0,0,0,0,0,0,0,0,0,0,0,0,0,0,0,0,0,0,0,0,128,[84 -64 4 0 0 0 0 0 0 0 0 0 3 16 3 17 2 17 1 17 1 16 0 16 -1 16 -1 16 -2 16 -3 16 -2 15 -2 15 -2 14 -3 15 -3 15 -3 14 -3 15 -3 14 -3 14 -2 13 -2 13 -2 13 -3 13 -2 13 -2 13 -1 12 0 0 -2 12 -1 12 -1 12 -1 12 -1 12 -1 13 0 13 0 12 0 12 0 12 1 13 0 12 1 12 2 13 1 12 1 13 2 12 2 13 2 13 2 13 3 13 2 13 2 13 3 13 3 13 3 14 0 0 0 0 0 0 0 0 0 0]"
"1769236307207153,CSI_DATA,STATION,00:00:00:00:00:00,0,0,0,0,0,0,0,0,0,0,0,0,0,0,0,0,0,0,0,0,0,128,[84 -64 4 0 0 0 0 0 0 0 0 0 9 -21 11 -21 11 -20 12 -20 12 -19 13 -19 13 -17 13 -17 14 -16 13 -16 14 -16 14 -16 14 -15 13 -15 14 -15 13 -14 14 -14 13 -13 13 -13 13 -13 13 -13 12 -13 12 -12 12 -13 12 -13 11 -13 0 0 11 -13 10 -13 10 -14 9 -13 10 -14 9 -14 9 -14 9 -14 9 -14 8 -14 8 -15 8 -15 7 -15 8 -16 7 -16 7 -17 6 -16 6 -17 6 -17 6 -17 6 -18 6 -17 5 -18 5 -18 5 -18 5 -18 0 0 0 0 0 0 0 0 0 0]"
"1769236307211474,CSI_DATA,STATION,00:00:00:00:00:00,0,0,0,0,0,0,0,0,0,0,0,0,0,0,0,0,0,0,0,0,0,128,[84 -64 4 0 0 0 0 0 0 0 0 0 -22 0 -21 -2 -21 -2 -21 -3 -21 -3 -20 -4 -20 -5 -20 -6 -19 -6 -19 -6 -19 -5 -18 -6 -18 -6 -18 -6 -17 -6 -17 -6 -16 -6 -17 -6 -16 -6 -16 -7 -16 -6 -16 -6 -16 -5 -16 -5 -16 -5 -16 -4 0 0 -15 -4 -16 -4 -15 -3 -16 -2 -16 -3 -16 -3 -16 -3 -15 -2 -15 -2 -16 -1 -16 0 -16 -1 -16 0 -16 0 -16 1 -16 1 -16 1 -16 2 -17 2 -17 2 -17 2 -17 1 -17 2 -17 3 -17 3 -17 4 0 0 0 0 0 0 0 0 0 0]"
"1769236307217943,CSI_DATA,STATION,00:00:00:00:00:00,0,0,0,0,0,0,0,0,0,0,0,0,0,0,0,0,0,0,0,0,0,128,[84 -64 4 0 0 0 0 0 0 0 0 0 15 -6 15 -5 16 -4 15 -3 15 -3 15 -3 16 -2 15 -1 14 -1 14 -1 15 -1 14 -1 13 0 14 -1 14 0 14 -1 13 0 13 1 13 0 13 0 13 0 13 0 12 0 12 0 12 -1 12 -1 0 0 11 -1 11 -2 11 -1 11 -2 11 -1 11 -2 12 -2 11 -3 11 -3 11 -4 10 -4 11 -3 11 -4 11 -4 11 -4 11 -5 11 -5 11 -5 11 -5 12 -5 11 -6 11 -5 12 -6 11 -6 11 -6 11 -7 0 0 0 0 0 0 0 0 0 0]"
"1769236307222308,CSI_DATA,STATION,00:00:00:00:00:00,0,0,0,0,0,0,0,0,0,0,0,0,0,0,0,0,0,0,0,0,0,128,[84 -64 4 0 0 0 0 0 0 0 0 0 -11 9 -12 8 -12 8 -12 7 -13 6 -13 6 -12 6 -13 5 -12 5 -13 4 -13 5 -13 4 -12 4 -12 4 -12 4 -12 4 -12 4 -11 4 -11 4 -11 3 -11 3 -11 4 -11 4 -11 3 -10 4 -10 4 0 0 -10 4 -10 4 -9 5 -10 5 -9 5 -9 5 -9 5 -9 6 -9 6 -9 7 -9 7 -9 7 -9 6 -9 7 -9 7 -8 7 -8 8 -8 8 -8 8 -9 8 -8 9 -8 8 -9 9 -8 9 -8 9 -8 9 0 0 0 0 0 0 0 0 0 0]"
"1769236307226636,CSI_DATA,STATION,00:00:00:00:00:00,0,0,0,0,0,0,0,0,0,0,0,0,0,0,0,0,0,0,0,0,0,128,[84 -64 4 0 0 0 0 0 0 0 0 0 9 -13 10 -13 10 -13 10 -12 10 -11 11 -11 11 -11 12 -10 11 -10 11 -9 11 -10 11 -9 11 -9 11 -9 11 -8 11 -8 11 -8 10 -8 10 -8 11 -8 10 -7 10 -8 10 -8 9 -8 9 -8 9 -9 0 0 9 -8 8 -8 8 -8 8 -8 8 -9 8 -9 7 -9 7 -9 8 -9 7 -11 7 -10 7 -10 6 -11 7 -10 6 -11 6 -11 6 -11 6 -12 6 -12 6 -12 6 -11 6 -12 5 -12 5 -13 5 -12 5 -13 0 0 0 0 0 0 0 0 0 0]"
"1769236307233154,CSI_DATA,STATION,00:00:00:00:00:00,0,0,0,0,0,0,0,0,0,0,0,0,0,0,0,0,0,0,0,0,0,128,[84 -64 4 0 0 0 0 0 0 0 0 0 -15 7 -15 6 -14 5 -15 5 -15 5 -15 4 -15 4 -15 3 -15 2 -14 2 -15 3 -15 2 -14 2 -14 2 -14 2 -14 3 -13 1 -13 1 -14 2 -13 2 -13 2 -13 2 -12 2 -12 2 -12 2 -12 3 0 0 -11 3 -12 3 -11 3 -11 3 -11 3 -11 4 -11 4 -11 4 -11 5 -11 5 -11 6 -11 5 -11 6 -11 6 -11 6 -10 7 -10 6 -11 7 -11 7 -11 7 -10 7 -11 8 -11 8 -11 8 -11 9 -11 8 0 0 0 0 0 0 0 0 0 0]"
"1769236307237502,CSI_DATA,STATION,00:00:00:00:00:00,0,0,0,0,0,0,0,0,0,0,0,0,0,0,0,0,0,0,0,0,0,128,[84 -64 4 0 0 0 0 0 0 0 0 0 13 -8 13 -8 14 -7 13 -6 13 -6 13 -5 14 -5 14 -5 13 -5 14 -4 13 -4 13 -4 13 -3 13 -3 12 -3 12 -3 12 -3 12 -3 12 -3 12 -3 12 -3 11 -3 11 -3 11 -3 11 -4 11 -4 0 0 10 -5 10 -4 10 -5 10 -5 10 -5 10 -5 10 -6 10 -6 9 -6 10 -6 10 -6 9 -6 10 -7 10 -6 10 -8 9 -8 10 -8 10 -8 9 -8 9 -9 9 -9 9 -9 10 -9 9 -9 10 -9 9 -9 0 0 0 0 0 0 0 0 0 0]"
"1769236307243856,CSI_DATA,STATION,00:00:00:00:00:00,0,0,0,0,0,0,0,0,0,0,0,0,0,0,0,0,0,0,0,0,0,128,[84 -64 4 0 0 0 0 0 0 0 0 0 -10 17 -11 17 -11 16 -12 15 -12 15 -12 15 -12 14 -13 14 -12 13 -13 13 -13 13 -13 12 -13 12 -13 11 -13 11 -13 11 -13 11 -12 11 -13 10 -12 10 -12 10 -12 10 -12 10 -12 10 -11 10 -11 10 0 0 -11 10 -10 10 -10 11 -10 11 -10 11 -9 11 -9 11 -9 11 -9 12 -8 12 -8 12 -8 12 -8 12 -8 13 -8 13 -8 14 -7 13 -7 14 -7 15 -7 14 -7 15 -7 14 -7 15 -7 15 -7 15 -7 16 0 0 0 0 0 0 0 0 0 0]"
"1769236307248118,CSI_DATA,STATION,00:00:00:00:00:00,0,0,0,0,0,0,0,0,0,0,0,0,0,0,0,0,0,0,0,0,0,128,[84 -64 4 0 0 0 0 0 0 0 0 0 -18 -13 -18 -14 -17 -15 -16 -15 -16 -16 -15 -16 -15 -16 -14 -17 -13 -16 -13 -17 -13 -16 -12 -16 -12 -17 -12 -16 -11 -16 -11 -16 -11 -16 -11 -15 -11 -16 -10 -15 -10 -15 -10 -15 -10 -14 -11 -15 -10 -14 -10 -14 0 0 -11 -14 -11 -13 -11 -13 -11 -13 -12 -13 -12 -13 -12 -13 -12 -13 -12 -12 -13 -12 -13 -11 -13 -12 -14 -11 -14 -11 -14 -11 -15 -11 -15 -11 -15 -11 -15 -11 -15 -11 -16 -11 -16 -11 -16 -11 -17 -11 -17 -11 -17 -11 0 0 0 0 0 0 0 0 0 0]"
"1769236307254575,CSI_DATA,STATION,00:00:00:00:00:00,0,0,0,0,0,0,0,0,0,0,0,0,0,0,0,0,0,0,0,0,0,128,[84 -64 4 0 0 0 0 0 0 0 0 0 -3 -23 -2 -23 -1 -23 -1 -23 0 -23 1 -22 1 -22 2 -21 3 -21 2 -21 3 -21 4 -21 4 -20 4 -19 4 -19 4 -19 4 -18 4 -18 4 -18 5 -18 5 -17 4 -18 4 -17 3 -17 4 -17 3 -17 0 0 3 -17 2 -17 2 -17 1 -17 2 -17 1 -17 1 -17 0 -17 1 -17 0 -17 0 -18 -1 -17 -1 -18 -1 -18 -1 -18 -2 -18 -2 -19 -2 -18 -3 -19 -2 -19 -2 -19 -2 -19 -3 -20 -4 -20 -3 -20 -4 -20 0 0 0 0 0 0 0 0 0 0]"
"1769236307258913,CSI_DATA,STATION,00:00:00:00:00:00,0,0,0,0,0,0,0,0,0,0,0,0,0,0,0,0,0,0,0,0,0,128,[84 -64 4 0 0 0 0 0 0 0 0 0 22 0 23 1 21 1 22 2 21 3 22 3 21 4 21 4 20 4 20 5 20 5 19 6 19 6 18 5 18 6 18 6 18 5 17 5 18 5 17 6 16 5 16 5 16 4 17 4 16 4 16 3 0 0 16 2 16 3 16 2 16 1 17 2 17 1 17 2 16 0 16 0 16 0 17 -1 17 -1 16 -1 17 -1 17 -2 18 -3 17 -3 18 -4 18 -4 18 -4 19 -4 18 -4 18 -4 19 -5 19 -5 19 -5 0 0 0 0 0 0 0 0 0 0]"
"1769236307263217,CSI_DATA,STATION,00:00:00:00:00:00,0,0,0,0,0,0,0,0,0,0,0,0,0,0,0,0,0,0,0,0,0,128,[84 -64 4 0 0 0 0 0 0 0 0 0 15 -5 16 -4 15 -3 15 -3 15 -2 16 -3 15 -2 15 -2 15 -1 14 0 14 -1 15 -1 14 0 14 -1 13 0 13 0 13 0 12 0 13 0 12 -1 12 0 12 0 12 -1 11 -1 11 -2 12 -2 0 0 12 -2 11 -2 12 -3 11 -3 11 -3 11 -3 11 -4 10 -4 11 -4 10 -4 10 -5 11 -4 11 -5 11 -5 10 -6 11 -6 11 -6 11 -7 11 -7 11 -7 11 -7 11 -7 11 -8 11 -8 11 -8 12 -8 0 0 0 0 0 0 0 0 0 0]"
"1769236307275977,CSI_DATA,STATION,00:00:00:00:00:00,0,0,0,0,0,0,0,0,0,0,0,0,0,0,0,0,0,0,0,0,0,128,[84 -64 4 0 0 0 0 0 0 0 0 0 -3 16 -4 16 -5 16 -5 16 -5 15 -6 15 -6 15 -6 14 -7 14 -7 14 -7 14 -6 13 -7 13 -7 13 -7 13 -7 12 -7 12 -7 12 -7 12 -7 11 -7 12 -6 12 -6 11 -6 12 -5 12 -4 11 0 0 -5 11 -4 11 -4 11 -4 11 -4 12 -4 12 -3 11 -3 11 -3 11 -3 12 -2 12 -2 12 -2 12 -2 12 -2 12 -2 13 -1 12 -1 13 -1 13 -1 13 -1 14 -1 14 0 14 0 14 -1 14 -1 14 0 0 0 0 0 0 0 0 0 0]"
"1769236307282476,CSI_DATA,STATION,00:00:00:00:00:00,0,0,0,0,0,0,0,0,0,0,0,0,0,0,0,0,0,0,0,0,0,128,[84 -64 4 0 0 0 0 0 0 0 0 0 11 10 11 10 10 11 9 11 9 11 8 11 9 12 8 12 7 11 7 12 7 11 7 11 7 11 7 11 6 11 6 11 6 10 6 10 6 10 5 10 5 10 6 10 6 10 5 9 6 9 6 9 0 0 6 8 6 9 6 8 6 8 6 8 7 8 7 8 8 8 7 7 8 8 7 7 8 8 8 7 8 7 8 7 9 7 10 7 9 6 9 7 9 7 9 7 9 7 10 7 10 7 10 7 10 7 0 0 0 0 0 0 0 0 0 0]"
"1769236307288949,CSI_DATA,STATION,00:00:00:00:00:00,0,0,0,0,0,0,0,0,0,0,0,0,0,0,0,0,0,0,0,0,0,128,[84 -64 4 0 0 0 0 0 0 0 0 0 5 -29 5 -28 7 -29 8 -27 8 -27 9 -26 10 -25 11 -25 11 -25 11 -24 11 -24 11 -23 12 -22 11 -22 11 -21 12 -22 11 -20 11 -21 11 -20 11 -20 10 -20 10 -20 10 -19 9 -19 10 -19 9 -20 0 0 8 -19 8 -20 7 -19 7 -20 6 -19 6 -20 6 -20 5 -19 6 -20 5 -20 4 -20 4 -21 3 -21 3 -21 3 -22 2 -22 2 -22 2 -22 1 -23 2 -22 2 -24 2 -23 1 -24 1 -23 1 -24 1 -24 0 0 0 0 0 0 0 0 0 0]"
"1769236307293278,CSI_DATA,STATION,00:00:00:00:00:00,0,0,0,0,0,0,0,0,0,0,0,0,0,0,0,0,0,0,0,0,0,128,[84 -64 4 0 0 0 0 0 0 0 0 0 2 16 1 16 0 16 0 16 0 16 0 16 -1 16 -1 15 -1 15 -2 15 -2 14 -2 14 -3 14 -3 14 -3 14 -2 14 -2 13 -3 13 -2 13 -2 12 -2 12 -2 12 -2 12 -2 12 -2 12 -1 11 0 0 -1 11 0 12 0 11 0 12 0 12 1 11 1 11 1 11 1 11 2 11 2 11 2 11 3 11 2 11 3 11 3 11 3 11 3 11 4 11 4 11 4 11 5 11 4 12 5 12 5 12 4 12 0 0 0 0 0 0 0 0 0 0]"
"1769236307299742,CSI_DATA,STATION,00:00:00:00:00:00,0,0,0,0,0,0,0,0,0,0,0,0,0,0,0,0,0,0,0,0,0,128,[84 -64 4 0 0 0 0 0 0 0 0 0 4 -22 5 -22 5 -21 6 -21 6 -20 7 -20 7 -20 7 -20 8 -19 8 -19 8 -18 9 -18 9 -17 8 -16 8 -17 9 -17 9 -16 9 -16 8 -16 8 -15 8 -15 8 -15 7 -14 7 -15 7 -14 6 -15 0 0 6 -15 6 -14 6 -15 5 -15 6 -15 5 -15 4 -15 4 -14 4 -15 3 -15 3 -15 3 -15 3 -15 3 -16 2 -16 2 -16 2 -16 2 -16 1 -17 2 -17 2 -17 1 -17 1 -17 0 -17 1 -17 0 -17 0 0 0 0 0 0 0 0 0 0]"
"1769236307304064,CSI_DATA,STATION,00:00:00:00:00:00,0,0,0,0,0,0,0,0,0,0,0,0,0,0,0,0,0,0,0,0,0,128,[84 -64 4 0 0 0 0 0 0 0 0 0 -6 -22 -4 -22 -4 -22 -3 -22 -3 -23 -2 -22 0 -22 0 -22 0 -21 0 -21 1 -21 1 -20 1 -20 1 -19 1 -19 1 -19 2 -18 2 -17 1 -17 1 -18 1 -17 1 -16 1 -17 0 -17 0 -16 -1 -16 0 0 0 -16 -1 -16 -1 -16 -1 -16 -2 -15 -2 -16 -3 -15 -3 -16 -4 -15 -4 -15 -5 -15 -4 -15 -5 -15 -5 -15 -6 -15 -6 -15 -7 -16 -7 -15 -7 -15 -7 -15 -7 -15 -8 -15 -8 -16 -9 -15 -9 -15 -9 -15 0 0 0 0 0 0 0 0 0 0]"
"1769236307308377,CSI_DATA,STATION,00:00:00:00:00:00,0,0,0,0,0,0,0,0,0,0,0,0,0,0,0,0,0,0,0,0,0,128,[84 -64 4 0 0 0 0 0 0 0 0 0 12 -14 13 -13 12 -12 13 -12 14 -11 14 -11 14 -10 14 -10 14 -9 14 -9 13 -9 13 -8 14 -8 13 -8 14 -8 13 -8 13 -8 12 -7 12 -7 12 -7 11 -7 12 -7 11 -7 11 -7 11 -7 10 -7 0 0 10 -7 9 -7 10 -8 9 -8 9 -8 9 -8 9 -8 9 -9 9 -8 8 -9 8 -9 8 -9 7 -9 7 -10 7 -10 8 -11 7 -11 7 -11 7 -11 7 -11 7 -11 7 -11 7 -11 6 -11 7 -12 7 -13 0 0 0 0 0 0 0 0 0 0]"
"1769236307314841,CSI_DATA,STATION,00:00:00:00:00:00,0,0,0,0,0,0,0,0,0,0,0,0,0,0,0,0,0,0,0,0,0,128,[84 -64 4 0 0 0 0 0 0 0 0 0 10 -11 10 -10 11 -10 11 -10 11 -9 11 -9 11 -8 12 -8 12 -7 11 -7 11 -7 11 -7 11 -7 11 -6 11 -6 10 -6 10 -6 10 -6 10 -6 10 -5 9 -5 10 -6 9 -6 9 -6 9 -6 9 -6 0 0 8 -6 8 -6 7 -6 7 -7 7 -7 8 -7 7 -7 7 -8 7 -8 7 -8 6 -8 6 -8 6 -8 7 -8 6 -9 6 -9 5 -10 5 -10 6 -10 6 -10 6 -10 5 -9 5 -10 5 -11 5 -11 5 -11 0 0 0 0 0 0 0 0 0 0]"
"1769236307319171,CSI_DATA,STATION,00:00:00:00:00:00,0,0,0,0,0,0,0,0,0,0,0,0,0,0,0,0,0,0,0,0,0,128,[84 -64 4 0 0 0 0 0 0 0 0 0 16 -7 16 -5 16 -4 16 -4 15 -4 15 -4 15 -2 15 -2 15 -2 15 -2 15 -1 14 -1 14 -1 14 -1 14 0 14 0 14 0 13 0 13 0 13 1 12 0 12 0 12 1 12 0 12 -1 11 -1 0 0 12 0 11 -1 11 -1 11 -1 11 -1 11 -2 11 -2 11 -2 11 -2 10 -3 10 -3 11 -3 11 -4 11 -3 11 -4 11 -4 11 -4 11 -5 11 -4 11 -5 11 -5 11 -5 11 -5 11 -5 11 -6 11 -6 0 0 0 0 0 0 0 0 0 0]"
"1769236307323477,CSI_DATA,STATION,00:00:00:00:00:00,0,0,0,0,0,0,0,0,0,0,0,0,0,0,0,0,0,0,0,0,0,128,[84 -64 4 0 0 0 0 0 0 0 0 0 16 -3 17 -3 16 -2 17 -2 16 -1 16 0 16 0 15 0 15 1 15 1 15 1 15 2 15 2 15 2 14 2 13 2 13 2 13 2 13 2 13 2 12 2 13 1 12 1 12 2 11 1 12 1 0 0 11 1 11 0 11 0 12 0 11 0 11 0 11 -1 11 -1 11 -1 11 -1 11 -2 11 -2 12 -2 12 -2 12 -3 12 -3 12 -3 12 -3 12 -3 12 -3 12 -4 12 -3 12 -4 12 -3 13 -4 12 -5 0 0 0 0 0 0 0 0 0 0]"
"1769236307329949,CSI_DATA,STATION,00:00:00:00:00:00,0,0,0,0,0,0,0,0,0,0,0,0,0,0,0,0,0,0,0,0,0,128,[84 -64 4 0 0 0 0 0 0 0 0 0 7 -16 8 -16 8 -15 9 -15 9 -14 9 -14 9 -14 10 -13 10 -13 11 -12 10 -12 10 -12 10 -12 10 -11 11 -11 10 -11 10 -11 10 -11 9 -10 10 -10 9 -10 9 -10 9 -10 8 -10 8 -10 8 -10 0 0 8 -10 7 -10 6 -10 7 -10 7 -10 7 -11 6 -11 6 -11 6 -11 6 -12 5 -12 5 -12 5 -11 5 -12 5 -12 5 -13 4 -13 4 -13 4 -13 4 -14 5 -14 4 -13 4 -13 3 -13 4 -15 3 -14 0 0 0 0 0 0 0 0 0 0]"
"1769236307334335,CSI_DATA,STATION,00:00:00:00:00:00,0,0,0,0,0,0,0,0,0,0,0,0,0,0,0,0,0,0,0,0,0,128,[84 -64 4 0 0 0 0 0 0 0 0 0 8 -12 9 -11 9 -11 9 -11 9 -10 10 -10 10 -9 10 -9 10 -10 10 -8 10 -8 10 -8 10 -8 10 -8 11 -8 9 -8 10 -7 9 -7 9 -7 9 -7 9 -7 9 -8 9 -7 8 -7 9 -7 8 -7 0 0 8 -8 7 -7 7 -8 7 -8 7 -8 7 -8 7 -8 6 -9 7 -9 7 -9 6 -9 6 -9 6 -9 6 -9 5 -10 6 -10 5 -10 5 -11 5 -11 5 -11 5 -11 5 -11 5 -11 5 -11 5 -12 5 -12 0 0 0 0 0 0 0 0 0 0]"
"1769236307340807,CSI_DATA,STATION,00:00:00:00:00:00,0,0,0,0,0,0,0,0,0,0,0,0,0,0,0,0,0,0,0,0,0,128,[84 -64 4 0 0 0 0 0 0 0 0 0 0 -15 0 -15 0 -15 0 -15 1 -15 2 -15 2 -14 2 -14 2 -14 3 -14 4 -13 3 -13 3 -13 3 -13 4 -12 4 -12 4 -13 3 -13 4 -13 4 -11 4 -11 3 -12 3 -12 3 -12 3 -11 2 -11 0 0 3 -11 2 -11 2 -11 2 -11 2 -11 2 -11 1 -11 2 -12 1 -12 1 -11 1 -11 1 -12 0 -11 1 -12 0 -12 0 -12 0 -13 0 -13 0 -13 0 -13 0 -13 0 -13 0 -13 -1 -13 -1 -13 -1 -13 0 0 0 0 0 0 0 0 0 0]"
"1769236307345056,CSI_DATA,STATION,00:00:00:00:00:00,0,0,0,0,0,0,0,0,0,0,0,0,0,0,0,0,0,0,0,0,0,128,[84 -64 4 0 0 0 0 0 0 0 0 0 -13 -8 -13 -9 -13 -9 -12 -10 -13 -10 -12 -10 -11 -9 -11 -10 -11 -10 -11 -11 -10 -11 -10 -11 -10 -11 -10 -11 -9 -11 -9 -10 -9 -10 -10 -10 -8 -10 -8 -10 -9 -10 -9 -10 -9 -9 -9 -10 -8 -9 -9 -9 0 0 -9 -8 -9 -8 -9 -8 -9 -8 -10 -8 -10 -8 -10 -7 -10 -7 -10 -7 -11 -7 -11 -6 -11 -7 -11 -6 -11 -6 -11 -6 -11 -6 -12 -6 -12 -6 -12 -5 -12 -6 -13 -5 -12 -5 -13 -5 -13 -5 -13 -5 -13 -5 0 0 0 0 0 0 0 0 0 0]"
"1769236307351402,CSI_DATA,STATION,00:00:00:00:00:00,0,0,0,0,0,0,0,0,0,0,0,0,0,0,0,0,0,0,0,0,0,128,[84 -64 4 0 0 0 0 0 0 0 0 0 -12 -7 -12 -7 -12 -8 -12 -8 -11 -9 -11 -9 -10 -9 -11 -9 -10 -10 -10 -10 -10 -9 -9 -9 -9 -10 -9 -10 -9 -10 -8 -10 -8 -9 -9 -9 -8 -9 -8 -9 -7 -9 -8 -9 -8 -9 -9 -9 -8 -8 -8 -8 0 0 -8 -8 -8 -8 -8 -7 -8 -7 -9 -7 -8 -7 -8 -7 -9 -7 -9 -7 -10 -6 -10 -6 -10 -6 -10 -6 -10 -6 -10 -6 -11 -5 -11 -6 -11 -6 -11 -6 -11 -5 -11 -6 -11 -6 -12 -6 -12 -5 -12 -5 -12 -5 0 0 0 0 0 0 0 0 0 0]"
"1769236307355633,CSI_DATA,STATION,00:00:00:00:00:00,0,0,0,0,0,0,0,0,0,0,0,0,0,0,0,0,0,0,0,0,0,128,[84 -64 4 0 0 0 0 0 0 0 0 0 10 -12 11 -12 11 -11 11 -11 12 -11 12 -10 12 -10 12 -9 12 -9 12 -9 12 -8 12 -8 11 -8 12 -8 12 -7 11 -7 12 -7 11 -7 11 -7 11 -7 10 -7 10 -7 10 -7 10 -7 10 -7 10 -7 0 0 10 -8 9 -7 9 -8 9 -7 9 -8 9 -8 8 -8 8 -9 8 -9 8 -9 8 -9 8 -10 8 -9 8 -10 7 -10 8 -11 7 -11 8 -11 7 -11 7 -11 7 -12 6 -11 7 -12 7 -12 7 -12 7 -13 0 0 0 0 0 0 0 0 0 0]"
"1769236307359866,CSI_DATA,STATION,00:00:00:00:00:00,0,0,0,0,0,0,0,0,0,0,0,0,0,0,0,0,0,0,0,0,0,128,[84 -64 4 0 0 0 0 0 0 0 0 0 -15 -2 -14 -2 -15 -3 -15 -2 -14 -4 -14 -3 -14 -5 -14 -4 -14 -5 -13 -5 -13 -5 -13 -5 -13 -5 -13 -5 -13 -6 -12 -5 -12 -5 -12 -5 -12 -5 -11 -5 -12 -5 -12 -5 -11 -5 -11 -5 -11 -4 -12 -4 0 0 -11 -4 -11 -4 -11 -3 -11 -2 -11 -3 -11 -3 -11 -3 -12 -3 -12 -2 -12 -2 -12 -1 -12 -2 -12 -1 -12 -1 -12 -1 -12 0 -12 -1 -12 -1 -13 0 -13 0 -13 0 -13 0 -13 0 -13 1 -13 1 -13 1 0 0 0 0 0 0 0 0 0 0]"
"1769236307366231,CSI_DATA,STATION,00:00:00:00:00:00,0,0,0,0,0,0,0,0,0,0,0,0,0,0,0,0,0,0,0,0,0,128,[84 -64 4 0 0 0 0 0 0 0 0 0 -8 -13 -8 -13 -7 -14 -7 -13 -7 -14 -6 -14 -6 -13 -5 -14 -5 -14 -4 -14 -4 -14 -4 -14 -3 -14 -4 -13 -4 -14 -3 -13 -3 -12 -3 -13 -3 -13 -3 -13 -3 -13 -3 -12 -3 -12 -3 -12 -4 -11 -4 -12 0 0 -3 -11 -4 -11 -4 -11 -4 -11 -4 -11 -5 -11 -5 -11 -5 -11 -5 -11 -5 -11 -6 -11 -6 -11 -6 -11 -6 -11 -6 -11 -7 -11 -7 -11 -7 -11 -7 -11 -7 -11 -7 -11 -8 -11 -8 -11 -8 -11 -8 -11 -8 -12 0 0 0 0 0 0 0 0 0 0]"
"1769236307372567,CSI_DATA,STATION,00:00:00:00:00:00,0,0,0,0,0,0,0,0,0,0,0,0,0,0,0,0,0,0,0,0,0,128,[84 -64 4 0 0 0 0 0 0 0 0 0 -14 -2 -14 -3 -14 -4 -14 -4 -14 -4 -14 -5 -13 -5 -13 -5 -13 -6 -13 -6 -12 -5 -12 -6 -12 -6 -12 -6 -12 -7 -11 -6 -11 -6 -11 -6 -11 -6 -11 -6 -11 -6 -10 -6 -11 -6 -11 -6 -10 -5 -11 -5 0 0 -11 -5 -10 -4 -11 -4 -10 -4 -11 -4 -10 -4 -11 -4 -11 -4 -11 -3 -12 -3 -11 -3 -12 -3 -11 -3 -12 -3 -12 -2 -12 -2 -12 -3 -12 -2 -13 -1 -12 -1 -13 -1 -13 -2 -13 -1 -13 -1 -13 -1 -13 0 0 0 0 0 0 0 0 0 0 0]"
"1769236307376793,CSI_DATA,STATION,00:00:00:00:00:00,0,0,0,0,0,0,0,0,0,0,0,0,0,0,0,0,0,0,0,0,0,128,[84 -64 4 0 0 0 0 0 0 0 0 0 9 -12 9 -11 9 -10 9 -11 10 -10 10 -10 10 -9 11 -9 11 -9 11 -8 11 -8 10 -8 10 -8 11 -8 11 -7 10 -7 10 -7 10 -7 10 -7 10 -7 10 -7 9 -7 10 -7 9 -7 9 -7 9 -7 0 0 8 -8 8 -7 8 -7 8 -7 8 -8 8 -8 8 -8 7 -9 8 -9 7 -9 7 -9 7 -9 7 -9 7 -9 7 -10 7 -10 7 -10 7 -11 7 -10 6 -11 6 -11 7 -11 6 -11 6 -12 6 -12 6 -12 0 0 0 0 0 0 0 0 0 0]"
"1769236307381065,CSI_DATA,STATION,00:00:00:00:00:00,0,0,0,0,0,0,0,0,0,0,0,0,0,0,0,0,0,0,0,0,0,128,[84 -64 4 0 0 0 0 0 0 0 0 0 -14 0 -14 -1 -14 -2 -13 -2 -14 -3 -14 -3 -13 -3 -13 -3 -12 -4 -13 -4 -12 -4 -12 -4 -12 -4 -12 -4 -12 -5 -12 -4 -11 -5 -11 -5 -12 -4 -11 -4 -11 -4 -11 -4 -11 -4 -11 -4 -10 -4 -11 -3 0 0 -10 -3 -11 -3 -10 -2 -11 -2 -11 -3 -10 -2 -11 -2 -11 -2 -10 -2 -11 -2 -11 -1 -11 -1 -11 -1 -11 -1 -11 0 -11 0 -12 -1 -12 0 -12 0 -12 0 -12 0 -12 1 -12 1 -12 1 -12 1 -12 1 0 0 0 0 0 0 0 0 0 0]"
"1769236307387490,CSI_DATA,STATION,00:00:00:00:00:00,0,0,0,0,0,0,0,0,0,0,0,0,0,0,0,0,0,0,0,0,0,128,[84 -64 4 0 0 0 0 0 0 0 0 0 -6 14 -6 13 -7 13 -7 12 -7 13 -8 13 -8 12 -9 12 -9 11 -10 11 -9 11 -9 10 -9 10 -9 10 -9 10 -10 10 -9 10 -9 10 -9 9 -9 9 -9 9 -9 8 -9 9 -9 9 -8 9 -8 9 0 0 -8 9 -7 9 -7 9 -7 9 -7 10 -7 9 -7 9 -7 10 -7 10 -7 10 -6 11 -6 10 -6 10 -6 10 -6 11 -6 11 -5 11 -6 11 -5 11 -6 12 -5 12 -5 12 -5 12 -5 12 -5 13 -5 13 0 0 0 0 0 0 0 0 0 0]"
"1769236307391797,CSI_DATA,STATION,00:00:00:00:00:00,0,0,0,0,0,0,0,0,0,0,0,0,0,0,0,0,0,0,0,0,0,128,[84 -64 4 0 0 0 0 0 0 0 0 0 9 9 9 10 8 10 9 11 7 11 7 11 7 11 6 11 6 11 6 12 6 11 5 11 5 11 5 11 5 11 5 11 5 11 5 10 5 11 5 11 4 10 5 10 4 10 5 10 4 10 5 10 0 0 5 10 5 9 6 9 5 8 6 9 6 8 6 8 6 8 6 8 7 8 7 7 7 8 7 8 8 8 7 7 8 8 8 7 8 7 9 7 9 7 9 7 9 7 9 7 9 7 10 7 10 7 0 0 0 0 0 0 0 0 0 0]"
"1769236307398214,CSI_DATA,STATION,00:00:00:00:00:00,0,0,0,0,0,0,0,0,0,0,0,0,0,0,0,0,0,0,0,0,0,128,[84 -64 4 0 0 0 0 0 0 0 0 0 3 17 2 17 1 17 0 17 0 17 -1 17 -2 17 -2 17 -2 17 -2 17 -2 16 -3 16 -3 16 -3 15 -3 15 -3 15 -4 15 -4 15 -3 15 -4 14 -3 14 -3 14 -4 14 -3 14 -2 13 -2 14 0 0 -2 13 -1 13 -2 13 -1 14 -1 13 -1 13 -1 13 0 13 0 13 0 13 0 14 1 13 1 13 2 13 1 14 2 14 2 13 2 14 2 14 2 14 3 14 3 14 3 14 4 14 4 14 4 15 0 0 0 0 0 0 0 0 0 0]"
"1769236307402604,CSI_DATA,STATION,00:00:00:00:00:00,0,0,0,0,0,0,0,0,0,0,0,0,0,0,0,0,0,0,0,0,0,128,[84 -64 4 0 0 0 0 0 0 0 0 0 0 -15 0 -15 1 -15 1 -15 1 -15 2 -15 3 -15 3 -15 3 -14 3 -14 3 -14 3 -14 4 -14 3 -13 4 -13 4 -13 4 -13 4 -13 4 -13 4 -12 4 -12 4 -12 4 -12 3 -12 2 -12 3 -12 0 0 2 -12 2 -11 2 -12 1 -11 2 -12 1 -12 1 -12 1 -12 1 -12 0 -12 0 -12 -1 -12 -1 -12 0 -12 -1 -12 -1 -12 -1 -12 -2 -13 -2 -13 -2 -13 -2 -13 -2 -12 -3 -13 -3 -13 -3 -13 -3 -13 0 0 0 0 0 0 0 0 0 0]"
"1769236307407077,CSI_DATA,STATION,00:00:00:00:00:00,0,0,0,0,0,0,0,0,0,0,0,0,0,0,0,0,0,0,0,0,0,128,[84 -64 4 0 0 0 0 0 0 0 0 0 13 -7 13 -6 13 -5 14 -5 14 -5 14 -4 14 -3 14 -3 14 -3 14 -2 14 -3 13 -3 13 -2 13 -2 13 -2 13 -1 13 -1 13 -1 13 -1 12 -1 13 -1 12 -1 12 -2 12 -1 12 -2 11 -2 0 0 11 -2 11 -2 11 -2 11 -3 11 -2 11 -3 11 -3 11 -3 11 -3 10 -4 10 -4 11 -4 11 -5 11 -4 10 -5 10 -5 10 -5 11 -6 11 -5 10 -5 11 -6 11 -5 11 -6 10 -7 10 -7 10 -7 0 0 0 0 0 0 0 0 0 0]"
"1769236307413750,CSI_DATA,STATION,00:00:00:00:00:00,0,0,0,0,0,0,0,0,0,0,0,0,0,0,0,0,0,0,0,0,0,128,[84 -64 4 0 0 0 0 0 0 0 0 0 -11 12 -11 12 -11 11 -12 12 -12 11 -12 11 -13 10 -13 9 -13 9 -13 9 -13 9 -13 8 -14 8 -13 8 -13 7 -13 7 -13 7 -13 7 -13 7 -12 7 -12 6 -12 6 -12 6 -12 7 -12 6 -12 7 0 0 -11 7 -11 7 -11 7 -11 7 -11 7 -11 7 -10 7 -10 7 -10 8 -10 9 -10 9 -10 8 -9 9 -9 9 -10 9 -9 10 -9 9 -9 10 -9 10 -9 10 -9 10 -9 10 -9 10 -8 11 -8 11 -9 11 0 0 0 0 0 0 0 0 0 0]"
"1769236307418186,CSI_DATA,STATION,00:00:00:00:00:00,0,0,0,0,0,0,0,0,0,0,0,0,0,0,0,0,0,0,0,0,0,128,[84 -64 4 0 0 0 0 0 0 0 0 0 -5 -15 -5 -15 -4 -15 -4 -15 -3 -15 -3 -15 -3 -15 -2 -15 -1 -15 -2 -15 -1 -15 -1 -15 -1 -15 -1 -14 0 -15 0 -14 0 -14 0 -13 0 -14 0 -13 0 -13 0 -13 0 -13 0 -13 -1 -13 -1 -13 0 0 -1 -12 -1 -12 -1 -12 -2 -12 -2 -12 -2 -12 -2 -12 -3 -12 -3 -12 -3 -12 -3 -12 -3 -12 -4 -12 -4 -12 -4 -12 -4 -12 -4 -12 -5 -12 -5 -12 -5 -12 -5 -12 -5 -12 -5 -12 -6 -12 -6 -12 -6 -12 0 0 0 0 0 0 0 0 0 0]"
"1769236307422664,CSI_DATA,STATION,00:00:00:00:00:00,0,0,0,0,0,0,0,0,0,0,0,0,0,0,0,0,0,0,0,0,0,128,[84 -64 4 0 0 0 0 0 0 0 0 0 -10 11 -10 10 -10 10 -11 9 -11 9 -12 8 -12 8 -12 8 -12 7 -12 7 -12 7 -12 7 -12 6 -12 7 -12 6 -12 6 -11 6 -12 6 -11 5 -12 5 -11 5 -11 5 -11 5 -11 5 -10 5 -10 5 0 0 -10 5 -10 6 -10 6 -10 6 -9 6 -10 6 -9 6 -9 6 -9 7 -9 7 -9 7 -9 7 -9 7 -8 7 -9 8 -8 8 -9 8 -8 9 -8 8 -9 8 -8 9 -8 9 -8 9 -8 9 -8 10 -8 10 0 0 0 0 0 0 0 0 0 0]"
"1769236307429393,CSI_DATA,STATION,00:00:00:00:00:00,0,0,0,0,0,0,0,0,0,0,0,0,0,0,0,0,0,0,0,0,0,128,[84 -64 4 0 0 0 0 0 0 0 0 0 10 -10 11 -11 11 -10 12 -9 12 -9 12 -9 12 -9 12 -8 12 -8 12 -7 12 -7 12 -7 12 -6 12 -6 13 -6 12 -6 12 -6 11 -6 12 -5 12 -5 11 -5 11 -5 11 -5 11 -5 10 -5 10 -6 0 0 10 -6 10 -5 10 -6 10 -6 9 -6 10 -6 9 -7 9 -7 9 -7 9 -7 8 -8 9 -7 9 -7 9 -7 9 -8 9 -9 8 -9 8 -9 8 -9 8 -9 9 -9 8 -9 8 -9 8 -10 8 -10 8 -10 0 0 0 0 0 0 0 0 0 0]"
"1769236307433813,CSI_DATA,STATION,00:00:00:00:00:00,0,0,0,0,0,0,0,0,0,0,0,0,0,0,0,0,0,0,0,0,0,128,[84 -64 4 0 0 0 0 0 0 0 0 0 14 2 14 3 14 3 13 3 13 4 13 4 13 5 13 5 13 5 12 6 12 6 11 6 11 6 11 6 11 6 11 6 10 6 11 6 10 6 10 6 10 6 10 6 10 6 10 6 10 5 10 5 0 0 10 4 10 4 10 4 10 4 10 4 10 4 10 3 10 3 10 3 10 2 10 2 10 2 11 2 10 2 11 1 11 1 11 1 11 1 11 1 11 0 12 0 11 1 12 1 12 0 12 0 12 -1 0 0 0 0 0 0 0 0 0 0]"
"1769236307450674,CSI_DATA,STATION,00:00:00:00:00:00,0,0,0,0,0,0,0,0,0,0,0,0,0,0,0,0,0,0,0,0,0,128,[84 -64 4 0 0 0 0 0 0 0 0 0 -13 6 -13 5 -13 5 -13 4 -13 4 -14 4 -14 3 -14 2 -14 2 -14 2 -14 2 -13 2 -13 1 -13 2 -13 1 -13 1 -13 1 -12 1 -13 0 -12 0 -12 0 -12 0 -12 1 -12 1 -12 1 -12 1 0 0 -11 1 -11 2 -11 2 -12 2 -12 2 -11 2 -11 2 -11 3 -11 3 -11 3 -11 4 -11 3 -11 4 -11 4 -11 4 -11 4 -11 4 -11 5 -11 5 -11 5 -11 5 -11 5 -11 5 -11 5 -11 6 -11 6 0 0 0 0 0 0 0 0 0 0]"
"1769236307457039,CSI_DATA,STATION,00:00:00:00:00:00,0,0,0,0,0,0,0,0,0,0,0,0,0,0,0,0,0,0,0,0,0,128,[84 -64 4 0 0 0 0 0 0 0 0 0 13 -9 13 -8 13 -7 13 -7 14 -7 13 -6 14 -5 14 -6 13 -5 14 -4 13 -4 13 -4 13 -3 13 -3 13 -3 13 -3 12 -3 12 -2 13 -3 13 -3 12 -3 12 -3 12 -3 12 -3 12 -3 12 -4 0 0 11 -3 11 -4 11 -4 11 -4 11 -4 11 -5 11 -4 10 -5 11 -5 10 -5 10 -6 11 -6 10 -6 10 -6 11 -7 10 -7 10 -7 10 -8 10 -7 10 -7 10 -8 10 -7 10 -8 10 -8 10 -8 10 -8 0 0 0 0 0 0 0 0 0 0]"
"1769236307463518,CSI_DATA,STATION,00:00:00:00:00:00,0,0,0,0,0,0,0,0,0,0,0,0,0,0,0,0,0,0,0,0,0,128,[84 -64 4 0 0 0 0 0 0 0 0 0 12 4 12 5 12 6 12 6 12 7 11 7 11 7 11 7 10 7 10 8 10 7 10 8 9 8 9 8 9 8 9 8 9 8 9 8 8 7 9 8 8 7 8 7 8 7 8 7 8 7 8 6 0 0 8 6 9 6 8 5 8 6 9 6 8 5 8 5 9 5 9 4 9 4 9 4 10 4 9 4 10 4 10 3 10 3 10 3 10 3 10 3 10 3 11 2 10 3 11 3 11 3 11 2 11 2 0 0 0 0 0 0 0 0 0 0]"
"1769236307467817,CSI_DATA,STATION,00:00:00:00:00:00,0,0,0,0,0,0,0,0,0,0,0,0,0,0,0,0,0,0,0,0,0,128,[84 -64 4 0 0 0 0 0 0 0 0 0 12 6 12 6 12 7 12 7 11 8 11 8 11 8 10 9 10 8 10 9 10 9 9 9 9 9 9 9 9 10 8 9 9 9 8 8 8 9 8 9 8 9 8 8 8 8 8 8 8 8 8 7 0 0 8 7 8 7 8 7 8 7 8 7 8 6 8 6 9 6 9 6 9 5 9 5 9 5 9 5 10 5 9 4 10 5 10 4 10 4 10 4 10 4 10 4 11 4 11 4 11 4 11 3 11 3 0 0 0 0 0 0 0 0 0 0]"
"1769236307472153,CSI_DATA,STATION,00:00:00:00:00:00,0,0,0,0,0,0,0,0,0,0,0,0,0,0,0,0,0,0,0,0,0,128,[84 -64 4 0 0 0 0 0 0 0 0 0 -4 14 -5 13 -5 14 -6 13 -6 13 -7 13 -7 12 -7 13 -7 12 -8 12 -8 11 -8 11 -8 11 -8 10 -8 10 -8 10 -8 10 -8 11 -8 10 -8 10 -7 10 -7 10 -7 10 -7 9 -7 9 -6 10 0 0 -7 9 -6 9 -5 9 -6 10 -6 10 -5 9 -5 10 -5 10 -5 10 -5 10 -4 10 -4 10 -4 10 -4 10 -4 10 -3 11 -3 11 -3 11 -3 11 -3 11 -3 11 -3 11 -2 11 -2 11 -2 11 -2 12 0 0 0 0 0 0 0 0 0 0]"
"1769236307478782,CSI_DATA,STATION,00:00:00:00:00:00,0,0,0,0,0,0,0,0,0,0,0,0,0,0,0,0,0,0,0,0,0,128,[84 -64 4 0 0 0 0 0 0 0 0 0 -13 5 -14 4 -13 3 -14 3 -14 3 -14 3 -14 2 -14 1 -14 1 -14 1 -14 1 -13 1 -13 0 -13 0 -13 0 -12 0 -13 -1 -12 -1 -13 -1 -12 0 -12 -1 -12 -1 -12 0 -12 0 -11 0 -12 1 0 0 -11 0 -11 0 -11 1 -11 1 -11 1 -11 1 -11 1 -10 1 -11 2 -10 2 -11 2 -11 2 -10 3 -11 3 -10 3 -11 3 -10 3 -11 4 -11 4 -11 4 -11 4 -11 4 -10 4 -10 5 -10 5 -11 5 0 0 0 0 0 0 0 0 0 0]"
"1769236307483241,CSI_DATA,STATION,00:00:00:00:00:00,0,0,0,0,0,0,0,0,0,0,0,0,0,0,0,0,0,0,0,0,0,128,[84 -64 4 0 0 0 0 0 0 0 0 0 14 3 14 3 14 4 14 4 14 5 14 5 14 5 13 6 13 6 12 7 13 7 12 7 12 7 11 7 11 7 11 7 11 6 11 7 11 7 11 7 10 7 10 6 10 6 11 6 10 6 10 6 0 0 10 5 9 5 10 5 10 5 10 5 10 4 10 4 11 4 10 3 11 3 10 3 11 3 11 3 11 3 11 2 11 2 11 2 12 2 12 1 11 1 12 1 12 2 12 1 12 1 12 1 12 1 0 0 0 0 0 0 0 0 0 0]"
"1769236307489843,CSI_DATA,STATION,00:00:00:00:00:00,0,0,0,0,0,0,0,0,0,0,0,0,0,0,0,0,0,0,0,0,0,128,[84 -64 4 0 0 0 0 0 0 0 0 0 5 -15 5 -15 5 -14 6 -15 6 -14 7 -14 7 -14 7 -14 8 -13 8 -12 8 -13 8 -12 8 -12 8 -12 8 -12 8 -11 8 -11 8 -11 8 -11 8 -11 8 -11 7 -10 8 -10 7 -11 6 -10 7 -11 0 0 6 -10 6 -10 5 -10 6 -10 6 -11 5 -11 5 -11 5 -11 5 -11 5 -11 4 -12 4 -11 4 -12 4 -12 4 -12 3 -13 3 -12 3 -13 3 -13 3 -13 3 -13 3 -13 3 -13 2 -13 2 -13 2 -14 0 0 0 0 0 0 0 0 0 0]"
"1769236307494299,CSI_DATA,STATION,00:00:00:00:00:00,0,0,0,0,0,0,0,0,0,0,0,0,0,0,0,0,0,0,0,0,0,128,[84 -64 4 0 0 0 0 0 0 0 0 0 -12 8 -12 8 -13 7 -13 7 -14 6 -14 6 -14 6 -14 5 -14 5 -14 4 -14 5 -13 4 -13 3 -13 3 -13 3 -13 3 -13 3 -13 2 -13 3 -13 2 -13 2 -12 2 -13 3 -12 3 -12 3 -12 3 0 0 -11 3 -11 3 -11 3 -11 4 -11 4 -11 4 -11 4 -11 4 -11 4 -11 5 -11 5 -11 5 -11 5 -11 6 -11 5 -11 6 -11 6 -11 6 -11 6 -11 6 -11 7 -11 6 -11 7 -11 7 -11 7 -11 7 0 0 0 0 0 0 0 0 0 0]"
"1769236307498724,CSI_DATA,STATION,00:00:00:00:00:00,0,0,0,0,0,0,0,0,0,0,0,0,0,0,0,0,0,0,0,0,0,128,[84 -64 4 0 0 0 0 0 0 0 0 0 -9 -11 -8 -11 -8 -11 -7 -11 -7 -12 -7 -12 -6 -12 -6 -12 -6 -12 -5 -13 -5 -12 -5 -12 -4 -12 -4 -12 -4 -12 -5 -12 -4 -11 -4 -11 -4 -11 -4 -12 -4 -11 -4 -11 -4 -11 -4 -11 -4 -11 -4 -10 0 0 -4 -10 -5 -11 -5 -10 -4 -10 -5 -10 -5 -10 -5 -10 -5 -10 -5 -10 -6 -9 -6 -9 -6 -10 -6 -10 -6 -10 -7 -10 -7 -9 -7 -10 -7 -9 -7 -10 -7 -10 -7 -10 -7 -9 -8 -10 -8 -9 -8 -10 -8 -10 0 0 0 0 0 0 0 0 0 0]"
"1769236307503198,CSI_DATA,STATION,00:00:00:00:00:00,0,0,0,0,0,0,0,0,0,0,0,0,0,0,0,0,0,0,0,0,0,128,[84 -64 4 0 0 0 0 0 0 0 0 0 8 -10 9 -10 8 -9 9 -9 9 -8 10 -8 10 -7 10 -8 10 -7 10 -7 10 -7 10 -7 10 -7 10 -6 10 -6 10 -6 9 -6 10 -6 9 -5 10 -5 9 -5 9 -5 9 -6 9 -6 9 -6 9 -6 0 0 9 -6 8 -5 8 -5 8 -6 8 -6 8 -6 8 -6 8 -7 8 -7 8 -7 7 -8 7 -7 7 -7 7 -7 8 -8 8 -8 7 -8 8 -9 8 -9 7 -9 8 -9 7 -9 7 -9 7 -9 7 -10 7 -10 0 0 0 0 0 0 0 0 0 0]"
"1769236307509795,CSI_DATA,STATION,00:00:00:00:00:00,0,0,0,0,0,0,0,0,0,0,0,0,0,0,0,0,0,0,0,0,0,128,[84 -64 4 0 0 0 0 0 0 0 0 0 -12 8 -12 7 -12 7 -12 6 -13 6 -13 6 -13 6 -13 5 -13 5 -14 4 -13 4 -13 4 -13 4 -13 4 -13 3 -13 4 -12 4 -13 3 -12 3 -13 3 -12 3 -12 3 -12 3 -12 3 -12 3 -12 4 0 0 -11 4 -11 4 -11 4 -11 4 -11 4 -11 4 -11 5 -11 5 -11 5 -11 5 -11 6 -11 6 -11 6 -10 6 -11 6 -10 7 -11 7 -11 7 -11 7 -11 7 -11 8 -10 8 -11 7 -11 8 -11 8 -11 8 0 0 0 0 0 0 0 0 0 0]"
"1769236307514255,CSI_DATA,STATION,00:00:00:00:00:00,0,0,0,0,0,0,0,0,0,0,0,0,0,0,0,0,0,0,0,0,0,128,[84 -64 4 0 0 0 0 0 0 0 0 0 14 5 14 6 14 6 14 6 14 7 13 8 13 7 13 8 12 8 12 9 12 9 11 9 11 9 11 9 11 9 11 9 10 9 11 9 10 9 10 9 10 8 10 8 10 8 10 8 10 8 9 7 0 0 10 7 10 7 10 7 10 7 10 7 10 7 10 6 11 6 11 6 11 6 11 6 11 6 11 6 11 5 12 5 12 5 13 5 12 4 13 4 13 4 13 4 13 4 14 4 13 5 13 4 13 4 0 0 0 0 0 0 0 0 0 0]"
"1769236307518719,CSI_DATA,STATION,00:00:00:00:00:00,0,0,0,0,0,0,0,0,0,0,0,0,0,0,0,0,0,0,0,0,0,128,[84 -64 4 0 0 0 0 0 0 0 0 0 8 -12 9 -12 8 -12 9 -11 10 -11 10 -11 10 -10 10 -10 10 -10 11 -9 10 -9 10 -9 10 -9 11 -9 11 -8 10 -8 10 -8 10 -8 10 -7 10 -8 10 -7 9 -8 10 -8 9 -8 9 -8 9 -8 0 0 9 -8 8 -8 8 -8 8 -8 8 -9 8 -8 8 -8 8 -9 8 -9 8 -10 7 -10 7 -10 7 -9 7 -9 7 -10 7 -11 6 -11 7 -11 7 -11 6 -11 7 -11 6 -11 6 -11 6 -11 6 -12 6 -12 0 0 0 0 0 0 0 0 0 0]"
"1769236307525428,CSI_DATA,STATION,00:00:00:00:00:00,0,0,0,0,0,0,0,0,0,0,0,0,0,0,0,0,0,0,0,0,0,128,[84 -64 4 0 0 0 0 0 0 0 0 0 9 -12 9 -11 10 -11 9 -11 10 -10 11 -11 11 -10 11 -10 11 -9 12 -9 11 -9 11 -8 11 -8 11 -8 11 -8 11 -8 11 -8 11 -9 10 -8 11 -8 10 -7 10 -7 10 -8 10 -7 9 -7 10 -8 0 0 9 -8 9 -8 9 -8 8 -8 8 -8 8 -8 8 -8 8 -9 8 -9 8 -9 8 -10 8 -10 7 -9 7 -9 7 -10 7 -11 6 -11 7 -11 6 -11 7 -11 6 -11 6 -11 6 -11 6 -12 6 -12 6 -12 0 0 0 0 0 0 0 0 0 0]"
"1769236307529886,CSI_DATA,STATION,00:00:00:00:00:00,0,0,0,0,0,0,0,0,0,0,0,0,0,0,0,0,0,0,0,0,0,128,[84 -64 4 0 0 0 0 0 0 0 0 0 -9 12 -10 11 -10 11 -10 11 -11 10 -11 10 -11 10 -12 9 -11 9 -12 8 -12 9 -12 8 -12 8 -11 7 -11 7 -12 8 -11 8 -11 7 -11 7 -11 7 -11 7 -11 7 -11 7 -11 7 -10 7 -10 7 0 0 -10 7 -9 7 -9 8 -10 7 -9 8 -9 8 -9 8 -9 8 -8 8 -8 9 -8 9 -8 9 -8 9 -7 9 -8 9 -7 10 -7 10 -7 10 -7 11 -7 10 -7 11 -7 10 -7 11 -7 11 -7 11 -7 11 0 0 0 0 0 0 0 0 0 0]"
"1769236307534368,CSI_DATA,STATION,00:00:00:00:00:00,0,0,0,0,0,0,0,0,0,0,0,0,0,0,0,0,0,0,0,0,0,128,[84 -64 4 0 0 0 0 0 0 0 0 0 14 4 13 4 14 5 13 5 13 5 13 6 12 6 12 7 12 7 12 8 12 7 11 7 12 8 11 8 11 8 10 7 10 7 11 8 10 7 10 7 10 7 10 7 10 7 10 7 10 6 10 6 0 0 10 5 10 6 10 5 10 5 10 5 10 5 10 5 10 5 11 4 11 4 11 3 11 3 12 4 11 3 12 3 12 2 12 2 12 2 12 2 12 2 12 2 12 3 13 2 12 1 13 1 12 1 0 0 0 0 0 0 0 0 0 0]"
"1769236307540894,CSI_DATA,STATION,00:00:00:00:00:00,0,0,0,0,0,0,0,0,0,0,0,0,0,0,0,0,0,0,0,0,0,128,[84 -64 4 0 0 0 0 0 0 0 0 0 3 -13 4 -14 4 -13 5 -13 5 -13 6 -12 5 -12 6 -12 6 -12 7 -11 7 -12 7 -11 7 -11 7 -10 7 -10 7 -10 7 -11 6 -10 7 -10 7 -10 6 -10 7 -10 6 -10 7 -10 6 -10 6 -10 0 0 6 -10 5 -9 5 -10 5 -10 5 -10 5 -10 5 -10 5 -11 4 -11 4 -11 4 -11 4 -11 4 -11 4 -11 3 -11 3 -12 3 -12 3 -12 3 -12 3 -12 3 -12 3 -12 2 -12 2 -13 2 -13 2 -12 0 0 0 0 0 0 0 0 0 0]"
"1769236307545143,CSI_DATA,STATION,00:00:00:00:00:00,0,0,0,0,0,0,0,0,0,0,0,0,0,0,0,0,0,0,0,0,0,128,[84 -64 4 0 0 0 0 0 0 0 0 0 -12 6 -13 6 -13 5 -13 5 -13 5 -13 4 -13 4 -14 4 -13 3 -13 3 -13 2 -13 2 -13 2 -13 2 -13 1 -13 2 -12 2 -12 1 -13 1 -13 2 -12 1 -12 1 -12 2 -12 1 -12 1 -12 2 0 0 -11 2 -11 2 -11 2 -11 3 -11 3 -11 3 -11 3 -11 3 -11 3 -11 4 -12 4 -11 4 -11 4 -11 4 -11 5 -11 5 -10 5 -11 5 -11 5 -11 5 -11 6 -11 6 -11 6 -11 6 -11 6 -11 6 0 0 0 0 0 0 0 0 0 0]"
"1769236307551496,CSI_DATA,STATION,00:00:00:00:00:00,0,0,0,0,0,0,0,0,0,0,0,0,0,0,0,0,0,0,0,0,0,128,[84 -64 4 0 0 0 0 0 0 0 0 0 11 7 11 7 11 7 11 8 10 8 10 8 10 8 9 9 9 8 9 9 9 9 8 9 8 9 8 9 8 9 8 8 8 9 8 9 8 9 7 9 7 8 7 9 7 8 7 8 7 8 7 8 0 0 8 7 8 7 8 7 8 7 8 7 8 7 8 6 8 7 8 6 9 6 9 6 9 6 9 6 10 6 9 6 10 6 10 5 10 5 10 5 10 5 10 5 11 5 11 5 11 5 11 5 11 5 0 0 0 0 0 0 0 0 0 0]"
"1769236307555728,CSI_DATA,STATION,00:00:00:00:00:00,0,0,0,0,0,0,0,0,0,0,0,0,0,0,0,0,0,0,0,0,0,128,[84 -64 4 0 0 0 0 0 0 0 0 0 -5 13 -5 12 -6 12 -6 12 -6 12 -7 12 -7 12 -7 12 -7 11 -8 11 -8 11 -8 11 -8 11 -8 10 -8 10 -8 10 -7 10 -8 10 -8 10 -8 9 -7 9 -7 9 -7 10 -7 10 -7 9 -7 9 0 0 -6 10 -6 9 -6 10 -6 10 -6 10 -5 10 -5 10 -5 10 -5 10 -5 10 -5 11 -5 11 -4 11 -4 11 -4 11 -3 11 -3 12 -4 11 -3 12 -3 12 -3 12 -3 12 -3 12 -3 12 -3 12 -3 12 0 0 0 0 0 0 0 0 0 0]"
"1769236307559973,CSI_DATA,STATION,00:00:00:00:00:00,0,0,0,0,0,0,0,0,0,0,0,0,0,0,0,0,0,0,0,0,0,128,[84 -64 4 0 0 0 0 0 0 0 0 0 14 -5 14 -4 15 -3 15 -3 14 -2 15 -2 15 -2 15 -2 15 -2 15 -1 14 -1 14 -1 14 0 14 0 14 0 14 -1 13 0 13 0 14 0 14 0 13 0 13 0 13 0 13 0 13 0 13 -1 0 0 13 -1 12 -2 12 -1 13 -2 12 -2 12 -3 12 -2 12 -3 12 -3 12 -3 12 -3 12 -3 13 -3 12 -4 13 -5 13 -5 13 -5 13 -6 12 -6 13 -6 13 -6 13 -6 13 -6 13 -6 13 -6 13 -6 0 0 0 0 0 0 0 0 0 0]"
"1769236307566351,CSI_DATA,STATION,00:00:00:00:00:00,0,0,0,0,0,0,0,0,0,0,0,0,0,0,0,0,0,0,0,0,0,128,[84 -64 4 0 0 0 0 0 0 0 0 0 -1 15 -2 15 -3 14 -3 15 -3 15 -4 14 -4 15 -4 15 -5 14 -5 14 -6 14 -6 13 -6 14 -6 13 -5 13 -6 13 -6 13 -6 13 -6 12 -6 12 -6 12 -5 12 -6 12 -6 12 -5 11 -5 12 0 0 -5 12 -4 12 -4 12 -4 12 -4 12 -4 12 -4 12 -3 12 -3 12 -3 12 -3 13 -3 13 -3 13 -2 13 -2 13 -2 13 -2 14 -1 13 -1 14 -1 14 -1 14 -1 14 -1 14 0 14 -1 14 0 14 0 0 0 0 0 0 0 0 0 0]"
"1769236307570637,CSI_DATA,STATION,00:00:00:00:00:00,0,0,0,0,0,0,0,0,0,0,0,0,0,0,0,0,0,0,0,0,0,128,[84 -64 4 0 0 0 0 0 0 0 0 0 -9 -12 -9 -12 -8 -12 -8 -13 -8 -13 -7 -13 -6 -13 -7 -13 -6 -13 -6 -13 -5 -13 -5 -13 -5 -13 -5 -13 -5 -13 -4 -13 -4 -13 -4 -12 -4 -13 -4 -12 -4 -12 -4 -13 -4 -12 -4 -12 -4 -12 -5 -12 0 0 -4 -11 -5 -11 -5 -11 -5 -11 -5 -11 -5 -11 -6 -11 -6 -11 -5 -11 -6 -11 -6 -11 -6 -11 -7 -11 -7 -12 -7 -12 -7 -11 -7 -11 -7 -11 -7 -11 -8 -11 -8 -11 -8 -11 -8 -12 -8 -11 -9 -12 -8 -12 0 0 0 0 0 0 0 0 0 0]"
"1769236307577124,CSI_DATA,STATION,00:00:00:00:00:00,0,0,0,0,0,0,0,0,0,0,0,0,0,0,0,0,0,0,0,0,0,128,[84 -64 4 0 0 0 0 0 0 0 0 0 13 1 13 2 13 3 13 3 13 3 13 4 13 4 12 5 12 5 12 5 12 5 12 5 12 5 11 5 11 6 11 5 11 5 11 5 10 5 10 6 10 6 10 5 10 5 10 5 10 5 10 5 0 0 10 4 10 4 10 4 10 4 10 4 10 4 10 3 11 3 11 3 11 3 11 3 11 3 11 3 11 3 11 2 11 2 12 2 12 1 12 1 12 1 12 1 12 2 13 1 12 1 13 1 12 1 0 0 0 0 0 0 0 0 0 0]"
"1769236307581465,CSI_DATA,STATION,00:00:00:00:00:00,0,0,0,0,0,0,0,0,0,0,0,0,0,0,0,0,0,0,0,0,0,128,[84 -64 4 0 0 0 0 0 0 0 0 0 13 -2 14 -1 13 0 13 0 13 1 14 1 14 1 13 2 12 2 13 2 13 3 12 3 13 3 12 3 12 3 11 3 12 3 12 3 12 3 11 3 12 3 11 3 11 3 11 3 10 3 11 2 0 0 11 2 10 2 11 2 10 1 11 2 11 1 11 1 11 1 11 0 10 1 11 0 11 0 11 1 12 0 11 -1 12 0 12 -1 12 -1 12 -1 12 -1 12 -2 12 -1 12 -1 13 -1 13 -1 13 -2 0 0 0 0 0 0 0 0 0 0]"
"1769236307589948,CSI_DATA,STATION,00:00:00:00:00:00,0,0,0,0,0,0,0,0,0,0,0,0,0,0,0,0,0,0,0,0,0,128,[84 -64 4 0 0 0 0 0 0 0 0 0 -10 -8 -10 -8 -9 -8 -9 -9 -9 -9 -9 -10 -8 -10 -8 -10 -7 -10 -7 -10 -8 -9 -7 -9 -7 -10 -7 -10 -6 -10 -6 -10 -6 -10 -6 -9 -6 -10 -6 -10 -6 -9 -6 -9 -6 -9 -6 -9 -6 -9 -6 -9 0 0 -6 -8 -6 -8 -7 -8 -6 -8 -7 -8 -7 -8 -7 -8 -7 -8 -7 -7 -7 -7 -8 -7 -8 -7 -8 -7 -8 -7 -8 -7 -8 -7 -8 -7 -9 -7 -9 -7 -9 -7 -9 -7 -9 -7 -9 -7 -10 -7 -9 -6 -10 -7 0 0 0 0 0 0 0 0 0 0]"
"1769236307598416,CSI_DATA,STATION,00:00:00:00:00:00,0,0,0,0,0,0,0,0,0,0,0,0,0,0,0,0,0,0,0,0,0,128,[84 -64 4 0 0 0 0 0 0 0 0 0 -6 -13 -6 -13 -6 -13 -6 -13 -5 -13 -5 -13 -4 -13 -3 -14 -3 -14 -3 -13 -3 -13 -2 -13 -2 -13 -2 -13 -2 -13 -2 -12 -1 -12 -1 -12 -2 -12 -1 -12 -2 -12 -2 -12 -1 -12 -1 -11 -2 -12 -2 -11 0 0 -2 -11 -3 -11 -2 -11 -3 -11 -3 -11 -3 -11 -4 -11 -3 -11 -4 -11 -4 -11 -4 -11 -4 -11 -4 -11 -5 -11 -5 -11 -5 -11 -5 -11 -5 -11 -5 -11 -6 -11 -6 -11 -6 -11 -6 -11 -6 -11 -6 -11 -6 -11 0 0 0 0 0 0 0 0 0 0]"
"1769236307602656,CSI_DATA,STATION,00:00:00:00:00:00,0,0,0,0,0,0,0,0,0,0,0,0,0,0,0,0,0,0,0,0,0,128,[84 -64 4 0 0 0 0 0 0 0 0 0 14 -3 15 -3 14 -3 15 -2 14 -1 15 -2 15 -1 15 0 14 0 14 1 14 0 14 0 13 1 13 1 13 2 13 0 13 1 12 1 12 1 12 1 12 1 12 1 11 1 11 1 11 1 12 0 0 0 12 0 11 0 11 -1 11 -1 11 -1 12 -1 11 -1 11 -1 11 -2 11 -2 11 -3 11 -2 11 -2 11 -2 11 -3 12 -3 11 -4 12 -4 11 -4 12 -4 12 -4 11 -4 12 -4 12 -5 12 -5 12 -5 0 0 0 0 0 0 0 0 0 0]"
"1769236307609164,CSI_DATA,STATION,00:00:00:00:00:00,0,0,0,0,0,0,0,0,0,0,0,0,0,0,0,0,0,0,0,0,0,128,[84 -64 4 0 0 0 0 0 0 0 0 0 10 9 10 9 9 10 9 10 9 10 9 11 8 11 7 11 7 11 7 11 7 11 6 11 6 11 6 10 5 11 6 10 5 10 5 10 5 10 5 10 5 10 5 10 5 10 5 9 5 9 5 9 0 0 5 9 6 9 6 9 6 9 6 8 6 8 6 9 6 8 6 8 7 8 7 8 7 8 7 8 7 8 7 7 8 8 8 7 8 7 8 8 8 8 9 8 9 7 9 7 9 7 9 7 9 7 0 0 0 0 0 0 0 0 0 0]"
"1769236307616057,CSI_DATA,STATION,00:00:00:00:00:00,0,0,0,0,0,0,0,0,0,0,0,0,0,0,0,0,0,0,0,0,0,128,[84 -64 4 0 0 0 0 0 0 0 0 0 -16 -1 -16 -1 -16 -2 -16 -2 -15 -3 -16 -4 -15 -4 -15 -4 -14 -4 -15 -6 -15 -5 -14 -5 -14 -6 -13 -6 -13 -6 -13 -5 -13 -5 -13 -6 -13 -6 -12 -6 -13 -6 -12 -6 -12 -6 -12 -5 -12 -5 -12 -5 0 0 -11 -4 -12 -4 -12 -4 -11 -3 -12 -4 -12 -4 -12 -3 -12 -3 -12 -3 -13 -3 -13 -2 -13 -3 -13 -2 -13 -2 -13 -2 -13 -1 -13 -1 -13 -1 -13 -1 -13 -1 -13 -1 -14 -1 -14 -1 -14 -1 -14 -1 -14 0 0 0 0 0 0 0 0 0 0 0]"
"1769236307620529,CSI_DATA,STATION,00:00:00:00:00:00,0,0,0,0,0,0,0,0,0,0,0,0,0,0,0,0,0,0,0,0,0,128,[84 -64 4 0 0 0 0 0 0 0 0 0 10 8 10 8 10 9 9 9 9 9 9 9 8 10 8 10 8 10 7 10 7 10 6 10 6 10 6 10 6 10 6 9 6 9 6 9 5 9 6 10 5 9 6 9 5 9 5 9 6 9 5 8 0 0 6 8 6 9 6 8 6 8 6 7 7 8 7 7 7 8 6 7 7 7 7 7 7 7 7 7 8 7 8 7 8 7 8 6 8 6 8 6 9 6 9 7 9 7 9 7 9 7 9 6 9 7 0 0 0 0 0 0 0 0 0 0]"
"1769236307625187,CSI_DATA,STATION,00:00:00:00:00:00,0,0,0,0,0,0,0,0,0,0,0,0,0,0,0,0,0,0,0,0,0,128,[84 -64 4 0 0 0 0 0 0 0 0 0 -5 11 -5 11 -6 10 -6 10 -6 10 -7 10 -7 10 -8 9 -7 9 -7 9 -7 9 -7 8 -7 8 -8 8 -7 7 -7 8 -7 8 -7 8 -7 7 -7 7 -7 7 -7 7 -7 8 -6 8 -6 7 -6 8 0 0 -6 7 -6 7 -5 7 -5 8 -5 7 -5 7 -5 7 -5 8 -5 8 -5 8 -4 9 -5 8 -4 8 -4 9 -4 9 -3 9 -3 9 -3 9 -3 10 -3 9 -3 10 -3 10 -3 10 -3 10 -3 10 -3 10 0 0 0 0 0 0 0 0 0 0]"
"1769236307629552,CSI_DATA,STATION,00:00:00:00:00:00,0,0,0,0,0,0,0,0,0,0,0,0,0,0,0,0,0,0,0,0,0,128,[84 -64 4 0 0 0 0 0 0 0 0 0 -14 2 -14 2 -14 2 -14 1 -13 0 -13 1 -13 0 -14 -1 -13 0 -13 -1 -13 -1 -13 -1 -12 -2 -13 -1 -13 -2 -12 -2 -12 -2 -12 -2 -12 -2 -12 -2 -12 -2 -12 -2 -11 -2 -11 -2 -11 -1 -11 -1 0 0 -11 -1 -11 0 -11 -1 -11 0 -11 -1 -11 0 -11 0 -11 0 -11 0 -11 1 -11 1 -11 1 -11 1 -11 1 -11 2 -11 2 -11 1 -11 2 -12 3 -12 3 -12 3 -12 3 -12 3 -12 3 -12 3 -12 3 0 0 0 0 0 0 0 0 0 0]"
"1769236307636155,CSI_DATA,STATION,00:00:00:00:00:00,0,0,0,0,0,0,0,0,0,0,0,0,0,0,0,0,0,0,0,0,0,128,[84 -64 4 0 0 0 0 0 0 0 0 0 9 -8 9 -7 10 -7 10 -7 10 -6 11 -6 10 -6 11 -6 11 -5 11 -5 10 -5 10 -5 10 -4 10 -4 10 -4 10 -4 10 -4 10 -4 9 -4 10 -4 9 -3 9 -3 9 -4 9 -4 9 -3 9 -4 0 0 8 -4 8 -4 8 -4 8 -4 8 -5 8 -4 8 -4 8 -5 8 -5 8 -6 7 -6 8 -6 7 -6 8 -6 8 -6 8 -7 7 -7 8 -7 8 -7 7 -7 8 -7 8 -7 7 -7 7 -8 7 -8 7 -8 0 0 0 0 0 0 0 0 0 0]"
"1769236307640511,CSI_DATA,STATION,00:00:00:00:00:00,0,0,0,0,0,0,0,0,0,0,0,0,0,0,0,0,0,0,0,0,0,128,[84 -64 4 0 0 0 0 0 0 0 0 0 10 6 10 6 9 7 10 7 9 7 9 7 9 7 8 8 8 8 8 8 8 8 7 8 7 8 7 8 7 8 7 8 7 7 7 7 7 8 7 8 7 7 6 7 6 7 7 7 6 7 7 6 0 0 7 6 7 6 7 6 6 6 7 6 7 5 8 5 8 5 8 4 8 4 8 4 8 5 8 4 8 4 8 4 9 4 9 3 9 3 9 3 9 3 9 3 10 3 10 3 10 3 10 3 10 3 0 0 0 0 0 0 0 0 0 0]"
"1769236307644760,CSI_DATA,STATION,00:00:00:00:00:00,0,0,0,0,0,0,0,0,0,0,0,0,0,0,0,0,0,0,0,0,0,128,[84 -64 4 0 0 0 0 0 0 0 0 0 13 -4 13 -3 13 -3 13 -3 13 -2 13 -2 13 -2 13 -1 13 -1 13 0 12 0 13 0 12 0 12 0 12 1 12 0 12 1 12 1 12 1 11 1 11 1 11 1 11 1 11 1 11 0 11 0 0 0 10 0 11 -1 10 -1 10 -1 10 -1 11 -1 11 -1 10 -1 10 -2 10 -2 10 -2 10 -2 11 -2 10 -3 11 -3 10 -3 10 -3 11 -4 10 -4 10 -4 11 -5 10 -4 11 -5 10 -5 11 -5 11 -5 0 0 0 0 0 0 0 0 0 0]"
"1769236307651134,CSI_DATA,STATION,00:00:00:00:00:00,0,0,0,0,0,0,0,0,0,0,0,0,0,0,0,0,0,0,0,0,0,128,[84 -64 4 0 0 0 0 0 0 0 0 0 13 3 13 4 13 4 13 4 13 4 13 5 12 5 12 6 12 6 11 6 11 5 11 5 11 6 11 6 10 6 10 6 10 6 10 6 10 6 9 6 9 6 9 6 10 5 9 6 9 5 9 5 0 0 9 5 9 5 10 4 9 4 9 4 9 4 9 4 10 3 10 3 9 3 10 3 10 3 11 3 11 3 10 2 11 2 11 2 11 1 11 1 11 1 11 1 11 2 11 1 11 0 11 1 11 0 0 0 0 0 0 0 0 0 0 0]"
"1769236307655452,CSI_DATA,STATION,00:00:00:00:00:00,0,0,0,0,0,0,0,0,0,0,0,0,0,0,0,0,0,0,0,0,0,128,[84 -64 4 0 0 0 0 0 0 0 0 0 13 2 14 2 13 3 13 3 13 4 13 4 13 4 12 5 12 5 12 6 12 5 11 5 11 5 11 6 11 6 10 5 11 6 11 6 10 6 10 6 10 5 10 5 10 5 10 5 9 4 10 4 0 0 9 4 9 4 9 4 10 3 10 4 10 3 10 3 10 3 10 2 10 2 10 2 10 2 10 2 11 2 11 1 10 1 11 1 11 0 11 0 11 0 11 0 11 0 12 0 11 0 12 0 11 -1 0 0 0 0 0 0 0 0 0 0]"
"1769236307661893,CSI_DATA,STATION,00:00:00:00:00:00,0,0,0,0,0,0,0,0,0,0,0,0,0,0,0,0,0,0,0,0,0,128,[84 -64 4 0 0 0 0 0 0 0 0 0 14 -6 14 -6 14 -5 14 -4 15 -4 15 -4 15 -2 15 -2 15 -2 14 -2 14 -2 14 -2 14 -1 14 -1 14 0 14 -1 13 -1 13 0 13 0 13 0 12 0 12 0 12 -1 12 -1 12 -1 12 -2 0 0 12 -1 12 -2 11 -2 11 -3 11 -2 11 -2 11 -2 11 -3 11 -3 11 -3 11 -4 11 -4 11 -4 11 -4 11 -5 11 -5 11 -5 11 -6 11 -6 11 -5 11 -6 11 -6 12 -6 11 -7 11 -7 11 -7 0 0 0 0 0 0 0 0 0 0]"
"1769236307666194,CSI_DATA,STATION,00:00:00:00:00:00,0,0,0,0,0,0,0,0,0,0,0,0,0,0,0,0,0,0,0,0,0,128,[84 -64 4 0 0 0 0 0 0 0 0 0 -11 12 -11 11 -12 10 -12 10 -12 9 -13 10 -13 9 -13 8 -13 8 -13 8 -13 8 -13 7 -13 6 -13 6 -13 6 -13 6 -12 6 -12 5 -12 6 -13 5 -12 5 -12 5 -12 6 -11 6 -11 5 -11 6 0 0 -11 6 -11 6 -10 6 -10 7 -10 6 -10 7 -10 6 -10 6 -9 7 -10 8 -9 8 -10 8 -9 8 -9 8 -9 9 -9 9 -9 9 -8 9 -8 10 -9 10 -8 10 -8 10 -8 10 -8 11 -8 11 -8 11 0 0 0 0 0 0 0 0 0 0]"
"1769236307670486,CSI_DATA,STATION,00:00:00:00:00:00,0,0,0,0,0,0,0,0,0,0,0,0,0,0,0,0,0,0,0,0,0,128,[84 -64 4 0 0 0 0 0 0 0 0 0 7 12 6 12 5 12 5 12 5 12 5 13 4 13 3 13 3 12 3 12 3 12 2 12 2 12 2 12 2 12 2 12 2 11 1 11 2 11 2 11 2 11 2 11 2 10 2 11 2 11 2 10 0 0 3 10 3 10 3 10 3 10 4 10 4 10 4 9 4 9 4 9 4 9 5 9 5 9 5 9 5 9 6 9 6 9 6 8 7 9 6 9 7 9 7 9 7 9 7 9 7 8 7 9 8 9 0 0 0 0 0 0 0 0 0 0]"
"1769236307676924,CSI_DATA,STATION,00:00:00:00:00:00,0,0,0,0,0,0,0,0,0,0,0,0,0,0,0,0,0,0,0,0,0,128,[84 -64 4 0 0 0 0 0 0 0 0 0 8 -12 8 -12 9 -11 9 -10 10 -11 10 -10 10 -10 10 -10 11 -9 11 -9 10 -9 11 -9 10 -8 10 -8 10 -7 10 -8 10 -8 9 -8 9 -7 10 -7 10 -6 9 -7 9 -7 9 -7 9 -7 9 -7 0 0 8 -8 8 -7 8 -7 8 -8 7 -8 7 -8 7 -7 7 -8 7 -8 7 -9 6 -9 7 -9 6 -9 6 -9 7 -10 6 -10 6 -10 6 -10 6 -10 6 -10 7 -11 6 -10 6 -11 6 -11 6 -12 6 -11 0 0 0 0 0 0 0 0 0 0]"
"1769236307681384,CSI_DATA,STATION,00:00:00:00:00:00,0,0,0,0,0,0,0,0,0,0,0,0,0,0,0,0,0,0,0,0,0,128,[84 -64 4 0 0 0 0 0 0 0 0 0 -8 12 -9 12 -8 11 -9 11 -9 10 -10 11 -10 10 -10 10 -11 9 -10 9 -10 9 -11 9 -11 9 -10 8 -11 8 -11 8 -10 8 -10 8 -10 7 -10 7 -10 7 -10 7 -9 7 -9 8 -9 7 -9 8 0 0 -9 8 -8 7 -8 8 -8 7 -8 8 -7 8 -7 8 -7 9 -7 9 -7 9 -6 9 -7 9 -6 9 -6 10 -6 9 -6 10 -6 10 -6 10 -5 11 -6 10 -5 11 -5 11 -5 11 -4 11 -5 12 -5 12 0 0 0 0 0 0 0 0 0 0]"
"1769236307685834,CSI_DATA,STATION,00:00:00:00:00:00,0,0,0,0,0,0,0,0,0,0,0,0,0,0,0,0,0,0,0,0,0,128,[84 -64 4 0 0 0 0 0 0 0 0 0 -3 16 -4 16 -4 15 -5 16 -5 15 -6 16 -6 15 -6 15 -7 14 -7 14 -7 14 -7 14 -8 13 -8 13 -8 13 -8 13 -7 13 -7 12 -7 12 -7 12 -8 12 -7 11 -7 11 -6 12 -6 11 -6 11 0 0 -6 12 -5 11 -5 12 -5 11 -5 12 -5 12 -4 11 -4 11 -5 12 -4 11 -3 12 -3 12 -3 12 -3 13 -3 12 -2 13 -2 13 -2 13 -2 14 -2 13 -2 14 -1 14 -2 14 -1 14 -1 15 -1 14 0 0 0 0 0 0 0 0 0 0]"
"1769236307692513,CSI_DATA,STATION,00:00:00:00:00:00,0,0,0,0,0,0,0,0,0,0,0,0,0,0,0,0,0,0,0,0,0,128,[84 -64 4 0 0 0 0 0 0 0 0 0 -8 -12 -7 -13 -6 -13 -6 -13 -6 -13 -6 -13 -4 -14 -4 -13 -4 -13 -4 -14 -3 -13 -3 -13 -3 -13 -3 -13 -3 -13 -3 -13 -2 -12 -2 -12 -2 -12 -2 -12 -2 -12 -2 -12 -2 -11 -2 -11 -3 -11 -3 -11 0 0 -3 -11 -3 -11 -3 -11 -3 -11 -4 -11 -4 -10 -4 -11 -4 -11 -4 -10 -4 -10 -5 -10 -5 -10 -5 -10 -5 -10 -5 -10 -6 -10 -6 -10 -6 -11 -6 -10 -6 -10 -6 -11 -6 -10 -7 -10 -7 -10 -7 -10 -7 -10 0 0 0 0 0 0 0 0 0 0]"
"1769236307696973,CSI_DATA,STATION,00:00:00:00:00:00,0,0,0,0,0,0,0,0,0,0,0,0,0,0,0,0,0,0,0,0,0,128,[84 -64 4 0 0 0 0 0 0 0 0 0 0 -15 1 -14 1 -15 1 -14 2 -14 3 -14 3 -14 3 -14 3 -14 4 -13 4 -13 4 -13 4 -12 4 -12 4 -12 4 -12 4 -12 4 -12 4 -11 4 -11 4 -11 3 -11 4 -11 4 -11 3 -11 3 -11 0 0 3 -11 2 -11 2 -10 2 -10 2 -11 2 -11 1 -10 1 -11 1 -11 1 -11 1 -11 1 -11 1 -11 0 -11 0 -11 0 -11 0 -12 -1 -12 -1 -12 -1 -12 -1 -12 -1 -12 -1 -12 -1 -13 -1 -12 -2 -13 0 0 0 0 0 0 0 0 0 0]"
"1769236307703632,CSI_DATA,STATION,00:00:00:00:00:00,0,0,0,0,0,0,0,0,0,0,0,0,0,0,0,0,0,0,0,0,0,128,[84 -64 4 0 0 0 0 0 0 0 0 0 -14 7 -15 6 -15 5 -15 5 -15 5 -15 4 -15 4 -16 3 -15 3 -15 2 -15 2 -15 2 -14 1 -14 1 -14 1 -14 1 -14 1 -13 1 -14 1 -14 1 -13 1 -13 1 -13 1 -13 1 -13 1 -13 2 0 0 -12 2 -12 2 -12 2 -12 3 -12 2 -12 3 -12 3 -11 3 -11 4 -11 4 -12 4 -12 4 -12 4 -12 5 -11 5 -12 6 -11 5 -12 5 -12 6 -11 6 -11 7 -11 6 -12 6 -11 7 -11 7 -12 7 0 0 0 0 0 0 0 0 0 0]"
"1769236307708089,CSI_DATA,STATION,00:00:00:00:00:00,0,0,0,0,0,0,0,0,0,0,0,0,0,0,0,0,0,0,0,0,0,128,[84 -64 4 0 0 0 0 0 0 0 0 0 -6 14 -6 14 -7 14 -7 14 -8 13 -8 13 -9 13 -9 12 -9 12 -9 12 -9 12 -9 11 -9 11 -9 11 -9 10 -10 10 -10 10 -9 10 -9 10 -10 9 -10 9 -9 9 -9 9 -8 10 -8 9 -8 9 0 0 -8 9 -7 9 -7 10 -7 10 -7 10 -7 10 -6 10 -6 10 -6 10 -6 10 -5 11 -5 11 -5 11 -5 11 -5 11 -5 11 -4 12 -5 12 -4 12 -5 12 -4 12 -4 12 -4 12 -4 13 -3 13 -3 13 0 0 0 0 0 0 0 0 0 0]"
"1769236307712586,CSI_DATA,STATION,00:00:00:00:00:00,0,0,0,0,0,0,0,0,0,0,0,0,0,0,0,0,0,0,0,0,0,128,[84 -64 4 0 0 0 0 0 0 0 0 0 1 12 1 12 1 12 0 12 0 12 -1 12 -1 12 -1 12 -1 11 -2 11 -2 12 -2 11 -2 11 -2 11 -3 11 -2 10 -3 11 -3 10 -3 10 -3 10 -3 10 -3 9 -3 10 -2 10 -2 9 -2 10 0 0 -2 9 -1 9 -1 9 -1 9 -1 10 -1 9 -1 9 0 9 -1 9 0 9 0 9 0 9 0 9 0 10 0 9 0 10 0 9 1 10 1 10 1 10 1 10 2 10 1 10 2 10 1 10 2 11 0 0 0 0 0 0 0 0 0 0]"
"1769236307719260,CSI_DATA,STATION,00:00:00:00:00:00,0,0,0,0,0,0,0,0,0,0,0,0,0,0,0,0,0,0,0,0,0,128,[84 -64 4 0 0 0 0 0 0 0 0 0 13 -4 13 -4 14 -3 14 -3 13 -2 13 -2 13 -1 13 -1 13 -1 13 0 13 0 12 0 13 0 13 1 12 1 12 1 12 1 12 1 12 1 12 1 12 1 11 1 11 1 11 1 11 0 11 0 0 0 10 0 10 0 10 0 10 -1 10 0 11 -1 10 -1 10 -2 10 -2 10 -2 10 -2 10 -2 11 -2 11 -2 11 -3 11 -3 11 -3 11 -4 11 -3 11 -4 11 -4 11 -3 11 -4 11 -4 12 -4 11 -4 0 0 0 0 0 0 0 0 0 0]"
"1769236307723715,CSI_DATA,STATION,00:00:00:00:00:00,0,0,0,0,0,0,0,0,0,0,0,0,0,0,0,0,0,0,0,0,0,128,[84 -64 4 0 0 0 0 0 0 0 0 0 14 -6 14 -6 14 -4 14 -5 14 -4 15 -4 14 -3 15 -3 14 -3 14 -2 14 -2 14 -2 14 -1 14 -1 14 -1 13 -1 13 -1 13 0 13 0 13 -1 13 0 12 -1 12 -1 12 -1 12 -1 12 -2 0 0 12 -2 12 -2 11 -2 12 -2 12 -3 12 -3 12 -3 11 -3 11 -4 11 -4 11 -4 11 -4 11 -5 12 -4 11 -5 11 -5 11 -5 11 -6 11 -6 12 -6 11 -6 11 -6 12 -6 11 -7 12 -7 12 -7 0 0 0 0 0 0 0 0 0 0]"
"1769236307728230,CSI_DATA,STATION,00:00:00:00:00:00,0,0,0,0,0,0,0,0,0,0,0,0,0,0,0,0,0,0,0,0,0,128,[84 -64 4 0 0 0 0 0 0 0 0 0 0 -16 2 -16 2 -16 2 -16 3 -16 3 -16 4 -15 5 -15 5 -15 5 -15 4 -15 4 -14 5 -14 4 -14 5 -13 5 -13 5 -13 6 -13 5 -13 5 -12 4 -13 5 -12 5 -12 5 -12 3 -12 4 -13 0 0 3 -12 3 -12 3 -12 2 -12 3 -12 2 -12 2 -12 2 -12 2 -12 1 -12 1 -12 1 -12 0 -13 0 -13 0 -13 0 -13 0 -13 -1 -13 -1 -13 -1 -13 -1 -13 -1 -13 -2 -14 -2 -13 -2 -14 -3 -14 0 0 0 0 0 0 0 0 0 0]"
"1769236307734968,CSI_DATA,STATION,00:00:00:00:00:00,0,0,0,0,0,0,0,0,0,0,0,0,0,0,0,0,0,0,0,0,0,128,[84 -64 4 0 0 0 0 0 0 0 0 0 -9 12 -10 12 -10 11 -10 11 -11 10 -12 10 -11 10 -12 9 -12 9 -12 8 -12 9 -12 8 -12 8 -12 8 -12 7 -11 7 -12 7 -11 7 -11 7 -11 6 -11 7 -11 6 -11 7 -10 6 -10 6 -10 7 0 0 -10 6 -9 7 -9 7 -9 7 -9 7 -9 7 -8 7 -9 7 -8 8 -8 8 -8 9 -8 9 -7 8 -7 9 -8 9 -7 10 -7 9 -7 10 -7 10 -7 10 -7 11 -7 10 -6 10 -6 11 -6 11 -6 11 0 0 0 0 0 0 0 0 0 0]"
"1769236307743659,CSI_DATA,STATION,00:00:00:00:00:00,0,0,0,0,0,0,0,0,0,0,0,0,0,0,0,0,0,0,0,0,0,128,[84 -64 4 0 0 0 0 0 0 0 0 0 -6 -13 -6 -13 -5 -14 -5 -13 -4 -14 -4 -14 -3 -14 -3 -14 -2 -14 -2 -14 -2 -13 -2 -13 -1 -13 -1 -13 -1 -12 -2 -12 -1 -11 -1 -12 -2 -12 -1 -12 -1 -11 -1 -12 -1 -11 -1 -11 -2 -11 -2 -11 0 0 -2 -10 -3 -10 -3 -10 -3 -11 -3 -10 -4 -10 -4 -10 -4 -10 -4 -10 -4 -10 -5 -10 -5 -10 -5 -10 -5 -10 -6 -10 -5 -10 -6 -10 -6 -10 -6 -10 -6 -10 -6 -10 -7 -10 -7 -10 -7 -10 -7 -10 -7 -10 0 0 0 0 0 0 0 0 0 0]"
"1769236307750017,CSI_DATA,STATION,00:00:00:00:00:00,0,0,0,0,0,0,0,0,0,0,0,0,0,0,0,0,0,0,0,0,0,128,[84 -64 4 0 0 0 0 0 0 0 0 0 -10 -11 -9 -11 -8 -11 -8 -12 -7 -12 -7 -12 -7 -12 -6 -13 -5 -12 -6 -13 -6 -12 -5 -12 -5 -12 -5 -12 -4 -12 -4 -12 -4 -11 -4 -11 -4 -11 -4 -11 -4 -11 -4 -11 -4 -10 -4 -10 -5 -10 -4 -10 0 0 -5 -10 -5 -10 -5 -9 -5 -9 -5 -9 -5 -10 -5 -9 -6 -9 -5 -9 -6 -9 -7 -9 -7 -9 -7 -9 -7 -9 -6 -9 -7 -8 -8 -9 -8 -9 -7 -9 -8 -9 -8 -9 -8 -9 -9 -9 -9 -9 -9 -8 -9 -8 0 0 0 0 0 0 0 0 0 0]"
"1769236307756402,CSI_DATA,STATION,00:00:00:00:00:00,0,0,0,0,0,0,0,0,0,0,0,0,0,0,0,0,0,0,0,0,0,128,[84 -64 4 0 0 0 0 0 0 0 0 0 14 -3 15 -2 14 -1 14 -1 14 0 14 0 14 1 14 1 13 1 13 1 13 2 13 2 13 2 13 2 12 2 12 2 12 3 12 3 12 3 12 3 11 3 11 2 11 2 11 2 11 2 11 1 0 0 11 1 10 1 11 1 11 1 11 1 11 1 11 1 11 0 11 0 11 0 11 -1 11 0 11 -1 12 0 11 -1 11 -1 11 -1 12 -2 12 -1 12 -2 12 -2 12 -1 12 -2 12 -2 12 -3 12 -3 0 0 0 0 0 0 0 0 0 0]"
"1769236307760639,CSI_DATA,STATION,00:00:00:00:00:00,0,0,0,0,0,0,0,0,0,0,0,0,0,0,0,0,0,0,0,0,0,128,[84 -64 4 0 0 0 0 0 0 0 0 0 -11 -10 -11 -11 -11 -11 -10 -11 -10 -12 -9 -11 -9 -12 -9 -12 -8 -12 -9 -12 -8 -12 -8 -12 -7 -12 -7 -12 -7 -12 -7 -12 -7 -11 -6 -11 -6 -11 -7 -11 -6 -11 -7 -11 -7 -11 -7 -11 -6 -11 -6 -10 0 0 -7 -10 -7 -10 -7 -9 -7 -10 -8 -9 -8 -9 -8 -9 -8 -9 -8 -9 -8 -8 -9 -8 -9 -9 -9 -8 -9 -8 -10 -8 -9 -8 -10 -8 -10 -8 -10 -8 -11 -8 -11 -8 -10 -8 -11 -8 -11 -8 -11 -8 -11 -8 0 0 0 0 0 0 0 0 0 0]"
"1769236307764893,CSI_DATA,STATION,00:00:00:00:00:00,0,0,0,0,0,0,0,0,0,0,0,0,0,0,0,0,0,0,0,0,0,128,[84 -64 4 0 0 0 0 0 0 0 0 0 -12 -6 -12 -7 -12 -7 -12 -8 -11 -8 -11 -8 -11 -8 -10 -9 -10 -9 -10 -9 -10 -9 -9 -9 -10 -9 -9 -9 -9 -9 -9 -8 -9 -9 -9 -8 -9 -9 -8 -9 -8 -8 -8 -8 -8 -8 -8 -8 -8 -8 -8 -7 0 0 -8 -7 -8 -7 -9 -7 -8 -6 -9 -7 -9 -6 -9 -6 -9 -6 -9 -6 -10 -6 -10 -6 -10 -5 -10 -5 -10 -5 -10 -5 -11 -5 -11 -5 -11 -4 -11 -4 -11 -4 -11 -4 -11 -4 -11 -4 -12 -4 -11 -4 -11 -4 0 0 0 0 0 0 0 0 0 0]"
"1769236307771519,CSI_DATA,STATION,00:00:00:00:00:00,0,0,0,0,0,0,0,0,0,0,0,0,0,0,0,0,0,0,0,0,0,128,[84 -64 4 0 0 0 0 0 0 0 0 0 12 8 11 8 11 9 11 10 10 9 10 10 10 10 9 10 9 10 9 11 9 10 8 10 8 10 8 10 8 10 7 10 8 10 7 10 7 10 7 10 7 9 7 9 7 9 8 9 7 9 7 8 0 0 7 8 7 8 7 8 7 7 8 8 8 7 8 7 8 7 8 7 8 7 9 6 9 7 9 6 9 6 9 6 10 6 10 6 10 5 10 6 10 5 10 5 10 6 10 5 10 5 11 5 11 5 0 0 0 0 0 0 0 0 0 0]"
"1769236307778134,CSI_DATA,STATION,00:00:00:00:00:00,0,0,0,0,0,0,0,0,0,0,0,0,0,0,0,0,0,0,0,0,0,128,[84 -64 4 0 0 0 0 0 0 0 0 0 0 15 -1 15 -2 14 -2 15 -2 14 -3 15 -4 14 -4 14 -4 13 -5 13 -5 13 -5 13 -5 13 -5 12 -5 12 -6 12 -5 12 -6 12 -5 11 -5 11 -5 11 -5 11 -6 11 -5 11 -4 11 -4 11 0 0 -4 11 -4 10 -3 11 -3 11 -4 11 -3 11 -3 11 -3 11 -2 11 -2 11 -2 11 -2 11 -2 11 -1 12 -2 11 -1 12 -1 11 -1 11 -1 12 -1 12 0 12 0 12 -1 13 0 12 0 13 0 13 0 0 0 0 0 0 0 0 0 0]"
"1769236307782466,CSI_DATA,STATION,00:00:00:00:00:00,0,0,0,0,0,0,0,0,0,0,0,0,0,0,0,0,0,0,0,0,0,128,[84 -64 4 0 0 0 0 0 0 0 0 0 -1 -15 0 -15 0 -14 1 -14 2 -15 2 -14 2 -14 3 -14 3 -14 3 -13 3 -13 3 -13 3 -13 3 -13 3 -12 4 -12 3 -12 4 -12 3 -12 4 -11 3 -11 3 -11 3 -12 2 -11 2 -11 2 -11 0 0 2 -11 2 -11 2 -11 1 -11 1 -11 1 -11 1 -11 1 -11 1 -11 0 -12 0 -11 0 -11 -1 -11 -1 -11 -1 -12 -1 -12 -1 -12 -2 -12 -2 -12 -2 -12 -2 -12 -2 -12 -2 -12 -3 -12 -3 -12 -3 -12 0 0 0 0 0 0 0 0 0 0]"
"1769236307788924,CSI_DATA,STATION,00:00:00:00:00:00,0,0,0,0,0,0,0,0,0,0,0,0,0,0,0,0,0,0,0,0,0,128,[84 -64 4 0 0 0 0 0 0 0 0 0 -14 -6 -14 -7 -13 -7 -13 -8 -13 -8 -12 -9 -12 -8 -12 -9 -11 -9 -12 -10 -11 -9 -11 -9 -11 -9 -10 -9 -10 -10 -10 -9 -10 -9 -10 -9 -9 -9 -9 -9 -9 -9 -9 -9 -9 -9 -10 -8 -10 -8 -9 -8 0 0 -10 -8 -9 -8 -10 -7 -10 -7 -10 -7 -10 -7 -10 -7 -11 -7 -10 -6 -11 -6 -11 -6 -11 -6 -11 -5 -11 -6 -11 -6 -11 -5 -12 -5 -12 -5 -12 -5 -12 -5 -12 -5 -13 -5 -13 -5 -13 -5 -13 -4 -13 -4 0 0 0 0 0 0 0 0 0 0]"
"1769236307793279,CSI_DATA,STATION,00:00:00:00:00:00,0,0,0,0,0,0,0,0,0,0,0,0,0,0,0,0,0,0,0,0,0,128,[84 -64 4 0 0 0 0 0 0 0 0 0 -5 -14 -4 -13 -4 -14 -3 -14 -3 -15 -3 -14 -2 -14 -2 -14 -2 -14 -1 -14 -1 -14 -1 -13 -1 -13 -1 -13 0 -13 0 -13 0 -12 0 -13 0 -12 0 -13 0 -12 0 -12 0 -13 -1 -12 -1 -12 -1 -12 0 0 -1 -12 -1 -12 -1 -11 -2 -12 -1 -11 -2 -12 -2 -12 -2 -11 -2 -12 -2 -12 -3 -12 -3 -12 -3 -12 -3 -12 -3 -12 -4 -12 -4 -12 -4 -12 -4 -12 -4 -12 -4 -13 -5 -12 -5 -13 -5 -13 -5 -13 -5 -13 0 0 0 0 0 0 0 0 0 0]"
"1769236307799738,CSI_DATA,STATION,00:00:00:00:00:00,0,0,0,0,0,0,0,0,0,0,0,0,0,0,0,0,0,0,0,0,0,128,[84 -64 4 0 0 0 0 0 0 0 0 0 -15 0 -14 0 -15 -1 -15 -1 -15 -2 -15 -2 -15 -3 -15 -3 -14 -3 -14 -4 -14 -3 -14 -3 -14 -4 -13 -5 -13 -5 -13 -4 -13 -4 -13 -5 -13 -5 -12 -5 -12 -4 -12 -5 -12 -4 -12 -5 -12 -3 -12 -3 0 0 -12 -3 -12 -3 -12 -3 -12 -2 -12 -3 -12 -2 -12 -2 -12 -3 -12 -2 -13 -2 -13 -1 -13 -1 -13 -1 -12 -1 -13 -1 -13 0 -13 -1 -14 0 -14 0 -14 0 -14 0 -14 0 -14 0 -14 1 -14 1 -14 1 0 0 0 0 0 0 0 0 0 0]"
"1769236307804058,CSI_DATA,STATION,00:00:00:00:00:00,0,0,0,0,0,0,0,0,0,0,0,0,0,0,0,0,0,0,0,0,0,128,[84 -64 4 0 0 0 0 0 0 0 0 0 7 -12 7 -12 7 -12 8 -11 8 -11 9 -11 9 -11 9 -10 9 -10 10 -9 9 -10 9 -9 9 -9 9 -9 10 -9 9 -9 9 -9 9 -9 9 -8 9 -8 9 -8 8 -8 9 -8 8 -8 8 -8 8 -8 0 0 8 -8 7 -8 7 -8 7 -9 7 -9 7 -9 7 -9 7 -9 7 -9 6 -10 6 -10 6 -10 6 -10 6 -10 6 -10 5 -11 5 -11 5 -11 6 -12 5 -12 5 -12 5 -11 5 -12 5 -12 5 -12 5 -12 0 0 0 0 0 0 0 0 0 0]"
"1769236307808369,CSI_DATA,STATION,00:00:00:00:00:00,0,0,0,0,0,0,0,0,0,0,0,0,0,0,0,0,0,0,0,0,0,128,[84 -64 4 0 0 0 0 0 0 0 0 0 -15 2 -15 1 -15 0 -15 0 -15 -1 -15 -1 -15 -1 -15 -2 -14 -2 -14 -3 -15 -2 -14 -2 -14 -3 -14 -3 -13 -3 -13 -2 -13 -3 -14 -3 -13 -3 -13 -3 -13 -3 -12 -3 -13 -3 -12 -3 -12 -2 -12 -2 0 0 -12 -2 -12 -1 -12 -1 -12 -1 -12 -2 -12 -1 -12 -1 -12 -1 -12 0 -12 0 -13 1 -12 0 -12 1 -12 1 -13 1 -13 2 -13 1 -13 2 -13 2 -13 2 -13 2 -13 2 -13 2 -13 3 -13 3 -13 3 0 0 0 0 0 0 0 0 0 0]"
"1769236307814837,CSI_DATA,STATION,00:00:00:00:00:00,0,0,0,0,0,0,0,0,0,0,0,0,0,0,0,0,0,0,0,0,0,128,[84 -64 4 0 0 0 0 0 0 0 0 0 -6 -14 -6 -14 -5 -14 -5 -15 -4 -15 -4 -15 -4 -15 -3 -15 -3 -15 -2 -15 -2 -15 -2 -14 -1 -14 -1 -14 -2 -14 -1 -14 -1 -14 -1 -14 -1 -14 -1 -13 -1 -13 -1 -13 -1 -13 -1 -13 -2 -13 -2 -13 0 0 -2 -12 -2 -12 -2 -12 -2 -12 -2 -12 -3 -12 -3 -12 -3 -12 -3 -12 -3 -12 -4 -12 -4 -12 -5 -12 -4 -12 -5 -12 -5 -12 -5 -12 -5 -13 -5 -12 -5 -13 -5 -12 -6 -12 -6 -12 -6 -12 -6 -13 -7 -13 0 0 0 0 0 0 0 0 0 0]"
"1769236307819171,CSI_DATA,STATION,00:00:00:00:00:00,0,0,0,0,0,0,0,0,0,0,0,0,0,0,0,0,0,0,0,0,0,128,[84 -64 4 0 0 0 0 0 0 0 0 0 2 -15 4 -15 4 -14 4 -15 4 -14 5 -15 5 -14 6 -14 6 -13 6 -13 6 -13 6 -13 7 -13 6 -12 7 -12 6 -12 7 -12 6 -12 7 -12 6 -12 6 -12 6 -11 6 -11 6 -11 5 -11 5 -11 0 0 5 -11 4 -10 4 -11 4 -11 4 -11 4 -11 3 -11 3 -12 4 -12 3 -12 3 -12 3 -12 2 -12 2 -12 2 -12 2 -13 1 -12 2 -13 1 -13 1 -13 1 -13 1 -13 0 -13 1 -13 1 -14 0 -14 0 0 0 0 0 0 0 0 0 0]"
"1769236307825677,CSI_DATA,STATION,00:00:00:00:00:00,0,0,0,0,0,0,0,0,0,0,0,0,0,0,0,0,0,0,0,0,0,128,[84 -64 4 0 0 0 0 0 0 0 0 0 -3 -16 -2 -17 -1 -16 -2 -17 -1 -16 0 -17 0 -16 0 -17 1 -16 1 -16 1 -16 2 -16 2 -15 2 -15 2 -15 2 -15 3 -15 3 -14 2 -15 2 -14 2 -14 2 -14 2 -13 2 -14 1 -14 1 -14 0 0 1 -13 0 -13 0 -13 0 -13 0 -13 -1 -13 0 -13 -1 -13 -1 -13 -1 -13 -2 -13 -2 -13 -2 -13 -2 -14 -2 -13 -3 -14 -3 -13 -3 -14 -4 -14 -4 -13 -4 -14 -4 -13 -4 -14 -4 -14 -4 -14 -4 -14 0 0 0 0 0 0 0 0 0 0]"
"1769236307829988,CSI_DATA,STATION,00:00:00:00:00:00,0,0,0,0,0,0,0,0,0,0,0,0,0,0,0,0,0,0,0,0,0,128,[84 -64 4 0 0 0 0 0 0 0 0 0 14 -6 15 -6 14 -5 14 -4 15 -4 14 -4 15 -4 15 -3 15 -3 15 -1 14 -2 14 -2 14 0 14 -1 14 -1 13 -1 13 -1 13 0 13 -1 13 -1 12 -1 12 -1 12 -1 12 -1 12 -1 12 -2 0 0 11 -2 12 -2 11 -2 11 -3 11 -2 11 -3 11 -3 11 -4 11 -3 11 -4 11 -4 11 -4 11 -4 11 -5 11 -5 11 -5 11 -5 11 -6 11 -6 11 -6 11 -6 10 -6 11 -6 11 -7 11 -7 11 -7 0 0 0 0 0 0 0 0 0 0]"
"1769236307834351,CSI_DATA,STATION,00:00:00:00:00:00,0,0,0,0,0,0,0,0,0,0,0,0,0,0,0,0,0,0,0,0,0,128,[84 -64 4 0 0 0 0 0 0 0 0 0 -4 14 -5 13 -6 13 -6 13 -6 13 -7 12 -8 12 -8 12 -8 11 -8 12 -8 12 -8 11 -8 11 -8 11 -8 10 -8 10 -8 10 -8 10 -8 10 -8 9 -7 9 -7 9 -7 10 -7 10 -6 9 -6 10 0 0 -5 9 -5 9 -5 9 -5 10 -5 10 -5 10 -4 10 -4 10 -4 10 -4 10 -3 10 -3 11 -3 11 -3 10 -3 11 -2 11 -2 11 -2 11 -2 11 -2 11 -2 11 -1 12 -1 12 0 12 -1 12 -1 12 0 0 0 0 0 0 0 0 0 0]"
"1769236307840957,CSI_DATA,STATION,00:00:00:00:00:00,0,0,0,0,0,0,0,0,0,0,0,0,0,0,0,0,0,0,0,0,0,128,[84 -64 4 0 0 0 0 0 0 0 0 0 4 14 4 14 3 14 2 14 2 14 2 14 1 14 1 14 0 14 0 14 -1 13 0 13 -1 13 0 13 -1 13 0 13 -1 13 -1 12 0 12 0 12 0 11 -1 12 0 11 -1 11 0 11 0 11 0 0 0 11 1 11 1 10 1 10 2 10 2 10 2 10 2 10 2 10 2 10 3 10 3 10 3 11 3 10 4 10 4 10 4 10 5 10 5 10 5 10 5 10 6 10 5 11 6 10 6 10 6 10 0 0 0 0 0 0 0 0 0 0]"
"1769236307845191,CSI_DATA,STATION,00:00:00:00:00:00,0,0,0,0,0,0,0,0,0,0,0,0,0,0,0,0,0,0,0,0,0,128,[84 -64 4 0 0 0 0 0 0 0 0 0 -1 14 -2 14 -2 14 -3 15 -2 14 -4 14 -4 14 -4 14 -5 13 -5 13 -5 13 -5 13 -5 12 -5 12 -5 12 -5 11 -5 12 -5 11 -5 11 -5 11 -5 11 -5 10 -5 10 -5 11 -5 10 -4 11 0 0 -4 10 -3 10 -3 11 -3 10 -3 11 -3 10 -2 10 -2 10 -3 10 -2 10 -2 11 -1 10 -2 11 -1 11 -1 11 -1 11 -1 11 -1 11 0 11 0 11 0 12 0 11 0 12 0 12 0 12 0 12 0 0 0 0 0 0 0 0 0 0]"
"1769236307849511,CSI_DATA,STATION,00:00:00:00:00:00,0,0,0,0,0,0,0,0,0,0,0,0,0,0,0,0,0,0,0,0,0,128,[84 -64 4 0 0 0 0 0 0 0 0 0 -3 15 -5 14 -5 14 -5 14 -6 14 -6 13 -6 13 -7 13 -6 13 -7 12 -7 12 -7 11 -8 11 -7 11 -7 11 -8 11 -7 10 -8 11 -7 10 -7 10 -7 10 -7 10 -7 10 -7 10 -6 10 -6 10 0 0 -6 9 -5 10 -4 10 -5 10 -5 10 -4 10 -4 10 -4 11 -4 10 -4 11 -4 11 -3 11 -3 11 -3 11 -3 11 -2 11 -2 11 -2 12 -2 12 -2 12 -2 12 -2 12 -2 12 -1 12 -2 13 -1 12 0 0 0 0 0 0 0 0 0 0]"
"1769236307856042,CSI_DATA,STATION,00:00:00:00:00:00,0,0,0,0,0,0,0,0,0,0,0,0,0,0,0,0,0,0,0,0,0,128,[84 -64 4 0 0 0 0 0 0 0 0 0 -5 -15 -4 -15 -3 -15 -3 -15 -3 -15 -2 -15 -1 -15 -1 -15 0 -15 -1 -15 -1 -15 0 -14 0 -14 -1 -14 0 -13 0 -14 0 -13 1 -13 0 -13 0 -13 1 -13 1 -12 0 -13 -1 -12 -1 -12 -1 -12 0 0 -1 -11 -1 -12 -2 -11 -2 -12 -2 -12 -2 -12 -2 -12 -2 -12 -2 -11 -3 -12 -4 -12 -4 -11 -5 -12 -4 -12 -5 -12 -5 -12 -5 -12 -5 -12 -5 -12 -5 -12 -5 -12 -6 -12 -6 -12 -6 -12 -7 -12 -7 -12 0 0 0 0 0 0 0 0 0 0]"
"1769236307860293,CSI_DATA,STATION,00:00:00:00:00:00,0,0,0,0,0,0,0,0,0,0,0,0,0,0,0,0,0,0,0,0,0,128,[84 -64 4 0 0 0 0 0 0 0 0 0 15 3 14 3 14 4 14 4 14 5 13 5 13 5 13 6 13 5 13 6 13 6 12 6 12 6 11 6 11 6 11 6 11 6 11 6 11 6 11 6 10 6 10 5 10 5 11 5 10 5 10 4 0 0 10 4 10 4 10 4 10 3 11 3 10 3 10 3 11 3 11 2 11 2 11 2 11 2 11 2 11 1 11 0 12 0 12 0 12 0 12 0 12 0 12 -1 12 0 12 -1 13 0 13 -1 13 -1 0 0 0 0 0 0 0 0 0 0]"
"1769236307866742,CSI_DATA,STATION,00:00:00:00:00:00,0,0,0,0,0,0,0,0,0,0,0,0,0,0,0,0,0,0,0,0,0,128,[84 -64 4 0 0 0 0 0 0 0 0 0 9 -11 9 -10 9 -10 10 -9 10 -9 10 -9 10 -9 10 -9 11 -8 11 -7 10 -8 11 -7 10 -7 10 -7 10 -7 10 -7 10 -7 10 -7 9 -6 10 -6 9 -6 9 -6 10 -6 9 -6 9 -6 9 -6 0 0 8 -7 8 -6 8 -7 8 -7 7 -7 8 -7 7 -7 7 -8 7 -8 7 -8 7 -8 7 -8 7 -8 6 -8 7 -9 6 -9 6 -10 6 -10 6 -10 6 -10 6 -10 6 -10 6 -10 6 -11 6 -11 6 -11 0 0 0 0 0 0 0 0 0 0]"
"1769236307871079,CSI_DATA,STATION,00:00:00:00:00:00,0,0,0,0,0,0,0,0,0,0,0,0,0,0,0,0,0,0,0,0,0,128,[84 -64 4 0 0 0 0 0 0 0 0 0 12 -9 12 -8 12 -7 12 -7 12 -6 13 -6 12 -6 13 -6 13 -5 12 -4 12 -5 12 -4 12 -4 12 -3 12 -3 12 -4 11 -4 11 -3 11 -3 11 -3 11 -3 11 -3 11 -3 10 -3 10 -4 10 -4 0 0 10 -4 10 -4 10 -4 10 -5 9 -5 10 -5 10 -5 9 -5 9 -5 9 -6 9 -6 9 -6 9 -6 9 -6 10 -7 9 -7 9 -7 9 -7 9 -8 9 -7 9 -8 9 -8 10 -8 9 -8 9 -9 9 -9 0 0 0 0 0 0 0 0 0 0]"
"1769236307875382,CSI_DATA,STATION,00:00:00:00:00:00,0,0,0,0,0,0,0,0,0,0,0,0,0,0,0,0,0,0,0,0,0,128,[84 -64 4 0 0 0 0 0 0 0 0 0 -2 -13 -2 -13 -1 -12 -1 -13 0 -12 0 -13 0 -12 1 -12 1 -12 1 -12 1 -12 1 -12 1 -12 2 -11 2 -11 2 -11 2 -11 2 -11 2 -11 2 -10 2 -10 2 -10 2 -10 2 -10 1 -10 1 -10 0 0 1 -10 1 -9 1 -9 0 -10 1 -10 1 -10 0 -10 0 -10 0 -10 0 -10 0 -10 -1 -10 -1 -10 -1 -10 -1 -10 -1 -11 -1 -11 -1 -11 -1 -11 -1 -11 -2 -11 -2 -11 -2 -11 -2 -11 -3 -11 -2 -11 0 0 0 0 0 0 0 0 0 0]"
"1769236307881838,CSI_DATA,STATION,00:00:00:00:00:00,0,0,0,0,0,0,0,0,0,0,0,0,0,0,0,0,0,0,0,0,0,128,[84 -64 4 0 0 0 0 0 0 0 0 0 -3 -15 -3 -14 -2 -14 -2 -15 -2 -15 -1 -15 0 -14 0 -14 0 -14 0 -14 0 -14 1 -14 1 -13 1 -13 1 -13 1 -12 2 -13 2 -12 2 -13 1 -12 1 -12 1 -12 1 -12 1 -12 1 -12 1 -12 0 0 1 -12 0 -12 0 -11 -1 -12 0 -12 -1 -11 -1 -11 -1 -11 -1 -12 -1 -12 -2 -12 -2 -12 -2 -12 -2 -12 -2 -12 -2 -12 -3 -12 -3 -13 -3 -12 -3 -12 -3 -13 -4 -12 -4 -13 -4 -13 -4 -13 -4 -13 0 0 0 0 0 0 0 0 0 0]"
"1769236307886173,CSI_DATA,STATION,00:00:00:00:00:00,0,0,0,0,0,0,0,0,0,0,0,0,0,0,0,0,0,0,0,0,0,128,[84 -64 4 0 0 0 0 0 0 0 0 0 8 11 8 12 8 13 7 13 7 13 6 13 6 13 5 14 5 13 4 14 4 13 4 13 4 13 4 13 3 13 4 13 3 12 3 12 3 12 3 12 2 12 3 12 3 11 3 12 3 12 3 11 0 0 3 11 4 11 4 11 4 11 5 11 4 11 4 11 5 11 5 10 5 10 6 10 6 10 6 10 6 10 6 10 7 10 7 10 7 10 7 10 7 10 8 10 8 11 8 11 8 10 9 10 8 11 0 0 0 0 0 0 0 0 0 0]"
"1769236307892637,CSI_DATA,STATION,00:00:00:00:00:00,0,0,0,0,0,0,0,0,0,0,0,0,0,0,0,0,0,0,0,0,0,128,[84 -64 4 0 0 0 0 0 0 0 0 0 -11 -9 -11 -9 -11 -10 -10 -10 -10 -10 -10 -11 -9 -11 -9 -11 -8 -11 -8 -11 -8 -11 -8 -11 -7 -11 -7 -11 -7 -12 -7 -11 -7 -11 -7 -10 -7 -11 -6 -11 -6 -11 -6 -11 -6 -11 -7 -10 -7 -10 -6 -10 0 0 -7 -10 -7 -10 -7 -9 -7 -9 -8 -9 -7 -9 -7 -9 -8 -9 -8 -9 -8 -9 -9 -8 -8 -9 -9 -8 -9 -9 -9 -9 -10 -8 -10 -9 -10 -9 -10 -9 -10 -8 -10 -9 -10 -8 -11 -9 -11 -9 -11 -9 -11 -8 0 0 0 0 0 0 0 0 0 0]"
"1769236307896947,CSI_DATA,STATION,00:00:00:00:00:00,0,0,0,0,0,0,0,0,0,0,0,0,0,0,0,0,0,0,0,0,0,128,[84 -64 4 0 0 0 0 0 0 0 0 0 14 -5 14 -4 14 -4 15 -3 14 -3 14 -3 15 -2 15 -2 14 -1 14 -1 14 -1 14 -1 14 0 14 0 14 0 13 0 13 0 13 0 13 0 13 0 13 0 12 0 12 0 12 0 12 0 12 -1 0 0 12 -1 12 -1 12 -1 12 -2 12 -1 12 -2 12 -2 12 -3 12 -3 12 -3 12 -3 12 -3 12 -4 12 -3 12 -4 12 -5 12 -5 12 -6 13 -5 12 -5 13 -5 12 -5 13 -6 13 -6 13 -6 13 -6 0 0 0 0 0 0 0 0 0 0]"
"1769236307901271,CSI_DATA,STATION,00:00:00:00:00:00,0,0,0,0,0,0,0,0,0,0,0,0,0,0,0,0,0,0,0,0,0,128,[84 -64 4 0 0 0 0 0 0 0 0 0 -4 13 -4 13 -5 13 -5 13 -5 13 -6 12 -6 12 -7 11 -7 11 -8 11 -7 11 -7 11 -8 11 -7 10 -7 10 -8 10 -7 10 -7 10 -7 9 -7 9 -7 9 -7 9 -8 10 -7 9 -6 9 -7 9 0 0 -7 9 -6 9 -6 9 -6 9 -6 9 -6 9 -5 9 -5 10 -5 10 -5 11 -5 11 -5 10 -4 10 -4 11 -4 11 -4 11 -4 11 -4 11 -4 12 -4 12 -4 12 -3 12 -4 12 -4 12 -4 12 -4 13 0 0 0 0 0 0 0 0 0 0]"
"1769236307907720,CSI_DATA,STATION,00:00:00:00:00:00,0,0,0,0,0,0,0,0,0,0,0,0,0,0,0,0,0,0,0,0,0,128,[84 -64 4 0 0 0 0 0 0 0 0 0 -9 10 -10 10 -10 9 -10 9 -10 9 -11 9 -11 8 -11 7 -12 7 -12 7 -11 7 -11 7 -11 6 -11 6 -12 6 -11 6 -11 6 -11 6 -11 6 -11 5 -11 5 -11 6 -11 5 -10 6 -10 5 -10 6 0 0 -10 6 -9 6 -9 6 -9 6 -9 7 -9 6 -9 6 -9 7 -9 7 -9 7 -9 8 -9 8 -9 8 -9 8 -8 8 -9 9 -8 9 -9 9 -9 9 -8 9 -8 10 -8 9 -8 9 -8 10 -8 10 -8 11 0 0 0 0 0 0 0 0 0 0]"
"1769236307912031,CSI_DATA,STATION,00:00:00:00:00:00,0,0,0,0,0,0,0,0,0,0,0,0,0,0,0,0,0,0,0,0,0,128,[84 -64 4 0 0 0 0 0 0 0 0 0 -5 13 -6 14 -6 13 -6 14 -7 13 -7 13 -8 12 -8 12 -8 12 -8 11 -8 12 -8 11 -9 11 -8 11 -9 11 -8 11 -9 11 -8 11 -8 10 -8 9 -8 10 -8 10 -8 10 -8 10 -7 10 -7 10 0 0 -7 10 -6 10 -6 10 -6 10 -6 10 -6 10 -6 10 -6 11 -6 11 -5 11 -5 11 -5 11 -4 12 -5 12 -4 11 -4 12 -3 12 -4 12 -4 13 -4 12 -4 13 -4 13 -3 13 -3 13 -3 13 -3 14 0 0 0 0 0 0 0 0 0 0]"
"1769236307918476,CSI_DATA,STATION,00:00:00:00:00:00,0,0,0,0,0,0,0,0,0,0,0,0,0,0,0,0,0,0,0,0,0,128,[84 -64 4 0 0 0 0 0 0 0 0 0 -13 6 -13 6 -14 5 -14 5 -14 5 -14 4 -14 4 -15 3 -14 3 -14 2 -14 3 -14 3 -14 2 -14 2 -14 2 -14 2 -14 2 -12 1 -13 2 -13 1 -13 1 -12 1 -12 2 -12 1 -12 2 -12 2 0 0 -12 2 -11 2 -12 3 -12 2 -12 3 -11 3 -12 3 -11 3 -11 4 -12 4 -12 4 -11 4 -11 4 -12 5 -11 4 -12 5 -11 5 -12 6 -12 6 -12 6 -11 6 -12 6 -11 6 -11 6 -12 7 -12 7 0 0 0 0 0 0 0 0 0 0]"
"1769236307922764,CSI_DATA,STATION,00:00:00:00:00:00,0,0,0,0,0,0,0,0,0,0,0,0,0,0,0,0,0,0,0,0,0,128,[84 -64 4 0 0 0 0 0 0 0 0 0 11 -6 11 -5 11 -4 12 -4 11 -4 12 -4 12 -3 12 -3 12 -3 12 -2 11 -2 12 -2 11 -2 11 -1 11 -1 11 -2 11 -1 10 -1 10 -1 10 -1 10 -1 10 -1 10 -1 10 -1 10 -2 9 -2 0 0 9 -2 9 -2 9 -3 10 -3 9 -3 9 -3 9 -3 9 -4 9 -4 9 -4 9 -4 9 -4 9 -4 9 -4 9 -6 9 -5 9 -5 9 -6 9 -6 9 -6 9 -6 9 -6 9 -6 9 -6 9 -6 9 -7 0 0 0 0 0 0 0 0 0 0]"
"1769236307929205,CSI_DATA,STATION,00:00:00:00:00:00,0,0,0,0,0,0,0,0,0,0,0,0,0,0,0,0,0,0,0,0,0,128,[84 -64 4 0 0 0 0 0 0 0 0 0 12 4 12 5 11 6 12 6 11 6 11 7 10 7 10 7 10 7 10 8 10 7 10 7 10 8 9 7 9 8 8 7 9 8 8 7 8 7 8 7 8 7 8 7 8 6 8 7 8 7 8 6 0 0 8 6 8 6 8 6 8 5 9 6 8 5 8 5 9 5 9 5 9 5 9 4 9 4 9 4 10 5 9 4 10 4 10 3 10 3 11 3 10 3 11 3 11 4 11 3 11 3 11 3 11 3 0 0 0 0 0 0 0 0 0 0]"
"1769236307937797,CSI_DATA,STATION,00:00:00:00:00:00,0,0,0,0,0,0,0,0,0,0,0,0,0,0,0,0,0,0,0,0,0,128,[84 -64 4 0 0 0 0 0 0 0 0 0 -12 7 -12 7 -12 6 -12 6 -13 5 -13 5 -13 5 -13 4 -13 4 -13 4 -13 3 -13 3 -13 3 -12 2 -13 2 -12 3 -12 3 -12 2 -12 2 -13 2 -12 2 -12 2 -12 2 -11 2 -11 2 -11 3 0 0 -11 3 -11 3 -11 3 -11 3 -11 3 -11 4 -11 4 -11 5 -10 5 -11 4 -11 5 -11 4 -11 5 -11 5 -11 6 -11 6 -10 6 -11 6 -10 7 -11 7 -11 7 -10 7 -11 7 -11 7 -11 7 -11 8 0 0 0 0 0 0 0 0 0 0]"
"1769236307944490,CSI_DATA,STATION,00:00:00:00:00:00,0,0,0,0,0,0,0,0,0,0,0,0,0,0,0,0,0,0,0,0,0,128,[84 -64 4 0 0 0 0 0 0 0 0 0 11 1 12 2 12 2 11 2 12 3 11 3 11 3 11 4 11 4 11 4 10 4 10 4 10 5 10 5 10 5 9 5 10 4 10 4 9 5 9 4 9 5 9 4 9 4 9 4 9 4 9 3 0 0 9 3 8 3 9 3 9 2 9 3 9 2 9 2 9 2 9 2 9 2 9 2 10 2 10 2 10 2 10 1 10 1 11 1 10 1 10 0 11 1 11 0 11 0 12 1 11 0 12 0 12 0 0 0 0 0 0 0 0 0 0 0]"
"1769236307951007,CSI_DATA,STATION,00:00:00:00:00:00,0,0,0,0,0,0,0,0,0,0,0,0,0,0,0,0,0,0,0,0,0,128,[84 -64 4 0 0 0 0 0 0 0 0 0 6 10 6 10 6 11 5 11 5 11 4 11 4 11 3 11 3 11 3 12 3 11 2 11 3 11 3 11 2 10 2 11 2 10 2 10 2 10 2 10 2 10 2 10 2 10 2 9 2 9 2 9 0 0 3 9 3 9 3 8 3 9 4 9 4 9 4 9 4 9 4 8 4 8 5 8 5 9 5 9 5 8 5 9 6 8 6 8 6 8 6 8 6 8 7 8 7 9 7 9 8 8 7 9 7 9 0 0 0 0 0 0 0 0 0 0]"
"1769236307955268,CSI_DATA,STATION,00:00:00:00:00:00,0,0,0,0,0,0,0,0,0,0,0,0,0,0,0,0,0,0,0,0,0,128,[84 -64 4 0 0 0 0 0 0 0 0 0 2 -14 2 -14 3 -14 3 -14 3 -14 4 -13 5 -13 5 -13 5 -12 5 -12 5 -12 6 -12 5 -11 5 -11 6 -11 5 -11 6 -11 5 -11 5 -11 6 -11 5 -10 5 -11 5 -10 5 -11 5 -10 5 -10 0 0 4 -10 4 -10 4 -10 4 -10 4 -11 4 -10 4 -10 3 -11 3 -11 3 -11 3 -11 3 -11 3 -11 2 -11 3 -12 2 -12 2 -12 2 -12 2 -12 2 -12 2 -13 2 -12 2 -13 2 -13 1 -13 1 -13 0 0 0 0 0 0 0 0 0 0]"
"1769236307961721,CSI_DATA,STATION,00:00:00:00:00:00,0,0,0,0,0,0,0,0,0,0,0,0,0,0,0,0,0,0,0,0,0,128,[84 -64 4 0 0 0 0 0 0 0 0 0 11 5 10 5 10 5 10 6 10 6 10 6 9 6 9 7 9 7 9 7 8 7 8 7 8 7 8 7 8 7 8 7 8 6 7 6 7 7 7 7 7 6 7 7 7 6 7 6 7 6 7 5 0 0 7 5 7 5 8 5 7 5 8 5 8 5 8 5 8 4 8 4 8 4 8 4 9 4 9 4 9 4 9 3 9 3 9 3 10 3 10 3 9 2 10 3 10 3 10 3 11 2 10 3 11 2 0 0 0 0 0 0 0 0 0 0]"
"1769236307966015,CSI_DATA,STATION,00:00:00:00:00:00,0,0,0,0,0,0,0,0,0,0,0,0,0,0,0,0,0,0,0,0,0,128,[84 -64 4 0 0 0 0 0 0 0 0 0 -6 -13 -5 -13 -5 -13 -4 -13 -4 -14 -3 -13 -3 -13 -2 -14 -2 -13 -2 -13 -2 -13 -2 -13 -2 -13 -1 -13 -1 -12 -1 -12 -1 -12 0 -13 -1 -12 0 -12 -1 -12 -1 -12 -1 -12 -1 -11 -1 -11 -1 -11 0 0 -2 -11 -2 -11 -2 -11 -2 -11 -2 -11 -3 -11 -3 -11 -3 -11 -3 -11 -3 -11 -3 -11 -4 -11 -4 -11 -4 -11 -4 -12 -4 -11 -4 -12 -5 -12 -5 -12 -5 -12 -5 -12 -5 -12 -6 -12 -5 -12 -6 -12 -6 -12 0 0 0 0 0 0 0 0 0 0]"
"1769236307972462,CSI_DATA,STATION,00:00:00:00:00:00,0,0,0,0,0,0,0,0,0,0,0,0,0,0,0,0,0,0,0,0,0,128,[84 -64 4 0 0 0 0 0 0 0 0 0 -11 -7 -10 -7 -10 -8 -10 -8 -10 -8 -9 -9 -8 -9 -8 -9 -8 -10 -8 -10 -8 -9 -8 -9 -8 -9 -8 -9 -7 -10 -7 -9 -6 -9 -7 -9 -6 -9 -6 -9 -6 -9 -7 -9 -6 -9 -6 -9 -7 -9 -7 -8 0 0 -7 -8 -6 -8 -7 -8 -7 -8 -7 -7 -7 -8 -7 -8 -8 -7 -8 -7 -8 -7 -8 -7 -9 -7 -8 -7 -9 -7 -9 -7 -9 -7 -9 -7 -9 -7 -9 -7 -9 -7 -10 -7 -10 -7 -10 -7 -11 -7 -11 -6 -10 -7 0 0 0 0 0 0 0 0 0 0]"
"1769236307976757,CSI_DATA,STATION,00:00:00:00:00:00,0,0,0,0,0,0,0,0,0,0,0,0,0,0,0,0,0,0,0,0,0,128,[84 -64 4 0 0 0 0 0 0 0 0 0 -14 2 -14 1 -14 0 -14 0 -14 0 -14 0 -14 -1 -14 -1 -13 -1 -13 -2 -14 -2 -13 -2 -13 -3 -13 -2 -13 -3 -12 -2 -13 -3 -12 -3 -13 -3 -12 -3 -12 -2 -12 -3 -12 -2 -12 -3 -11 -2 -12 -2 0 0 -11 -1 -11 -1 -12 -1 -11 -1 -12 -1 -12 -1 -11 0 -12 0 -11 0 -12 0 -12 1 -12 0 -12 1 -12 1 -11 1 -12 1 -12 1 -12 2 -13 2 -13 2 -13 2 -13 2 -13 2 -13 3 -13 3 -13 3 0 0 0 0 0 0 0 0 0 0]"
"1769236307983196,CSI_DATA,STATION,00:00:00:00:00:00,0,0,0,0,0,0,0,0,0,0,0,0,0,0,0,0,0,0,0,0,0,128,[84 -64 4 0 0 0 0 0 0 0 0 0 11 5 10 5 10 6 10 6 10 6 10 6 10 7 9 7 8 7 9 7 9 7 8 8 8 7 8 7 8 8 7 8 7 7 7 7 7 7 7 7 7 7 7 7 7 7 7 7 7 7 7 6 0 0 7 6 7 6 7 6 7 6 7 6 8 6 7 5 8 6 8 5 8 5 8 5 8 5 9 5 9 5 9 5 9 4 9 4 9 4 10 4 9 4 10 4 9 5 10 4 10 4 10 4 10 4 0 0 0 0 0 0 0 0 0 0]"
"1769236307987486,CSI_DATA,STATION,00:00:00:00:00:00,0,0,0,0,0,0,0,0,0,0,0,0,0,0,0,0,0,0,0,0,0,128,[84 -64 4 0 0 0 0 0 0 0 0 0 1 -14 1 -14 1 -14 2 -14 3 -14 3 -14 4 -14 3 -13 4 -13 4 -12 4 -13 4 -12 4 -13 4 -12 5 -12 5 -12 5 -12 5 -12 5 -12 5 -11 5 -12 4 -11 5 -11 4 -11 4 -11 4 -11 0 0 4 -11 3 -10 3 -11 3 -11 3 -11 3 -11 2 -11 3 -11 3 -12 2 -11 2 -12 2 -12 2 -12 2 -12 2 -12 1 -12 1 -12 2 -13 1 -13 1 -13 1 -13 1 -13 0 -13 0 -13 0 -13 0 -13 0 0 0 0 0 0 0 0 0 0]"
"1769236307991783,CSI_DATA,STATION,00:00:00:00:00:00,0,0,0,0,0,0,0,0,0,0,0,0,0,0,0,0,0,0,0,0,0,128,[84 -64 4 0 0 0 0 0 0 0 0 0 12 -1 12 0 12 0 13 0 12 1 12 1 12 1 12 1 12 2 12 2 12 2 11 2 11 2 11 3 11 3 10 3 11 3 10 3 11 3 10 3 10 3 10 3 10 3 10 2 10 2 9 2 0 0 9 2 9 2 10 1 9 1 9 2 9 1 10 1 10 1 9 0 10 0 9 0 10 1 10 0 10 0 10 -1 10 -1 10 -1 11 -1 10 -1 10 -1 11 -2 11 -1 11 -2 11 -2 11 -2 11 -2 0 0 0 0 0 0 0 0 0 0]"
"1769236307998206,CSI_DATA,STATION,00:00:00:00:00:00,0,0,0,0,0,0,0,0,0,0,0,0,0,0,0,0,0,0,0,0,0,128,[84 -64 4 0 0 0 0 0 0 0 0 0 -13 6 -14 5 -14 4 -14 4 -14 4 -14 4 -14 3 -15 2 -14 2 -14 2 -14 2 -14 2 -14 1 -14 1 -14 1 -13 1 -13 1 -13 1 -13 1 -13 1 -13 0 -13 0 -12 1 -12 1 -12 1 -12 2 0 0 -12 2 -11 2 -12 2 -11 2 -12 2 -11 2 -11 3 -11 3 -11 4 -12 3 -11 4 -11 3 -11 4 -11 4 -11 5 -11 5 -11 5 -12 6 -12 6 -12 6 -11 6 -11 6 -11 6 -11 7 -11 7 -11 7 0 0 0 0 0 0 0 0 0 0]"
"1769236308002494,CSI_DATA,STATION,00:00:00:00:00:00,0,0,0,0,0,0,0,0,0,0,0,0,0,0,0,0,0,0,0,0,0,128,[84 -64 4 0 0 0 0 0 0 0 0 0 -15 3 -14 2 -15 1 -15 1 -15 1 -15 0 -14 0 -15 -1 -15 -1 -15 -2 -14 -2 -14 -2 -14 -2 -14 -2 -14 -2 -13 -1 -13 -3 -13 -3 -13 -3 -13 -2 -13 -2 -12 -2 -13 -2 -12 -3 -12 -2 -12 -1 0 0 -12 -1 -12 -1 -11 -1 -12 0 -12 -1 -12 0 -12 0 -12 0 -12 1 -12 1 -12 1 -12 0 -12 1 -12 1 -12 2 -12 2 -12 1 -12 2 -12 3 -12 3 -12 3 -12 3 -12 3 -12 3 -12 3 -13 3 0 0 0 0 0 0 0 0 0 0]"
"1769236308006876,CSI_DATA,STATION,00:00:00:00:00:00,0,0,0,0,0,0,0,0,0,0,0,0,0,0,0,0,0,0,0,0,0,128,[84 -64 4 0 0 0 0 0 0 0 0 0 13 4 13 4 13 5 13 5 13 6 12 6 12 6 12 7 11 7 11 8 11 7 11 7 11 8 11 7 10 7 10 7 10 7 10 7 9 7 9 7 9 7 9 7 9 7 9 6 9 6 9 6 0 0 9 6 9 5 9 5 9 5 9 5 10 5 9 4 10 4 10 4 10 3 10 3 10 4 10 3 10 3 11 3 10 2 11 2 11 2 11 1 11 2 11 2 11 2 12 2 11 1 12 1 12 1 0 0 0 0 0 0 0 0 0 0]"
"1769236308013583,CSI_DATA,STATION,00:00:00:00:00:00,0,0,0,0,0,0,0,0,0,0,0,0,0,0,0,0,0,0,0,0,0,128,[84 -64 4 0 0 0 0 0 0 0 0 0 10 -11 10 -11 10 -10 10 -10 11 -9 11 -9 11 -9 12 -8 12 -8 11 -7 11 -8 11 -7 11 -7 11 -6 11 -6 11 -6 11 -6 10 -6 11 -6 11 -6 10 -6 10 -6 10 -6 10 -6 9 -6 10 -7 0 0 9 -7 8 -6 9 -7 8 -6 8 -7 8 -7 7 -7 8 -8 8 -8 7 -8 7 -8 7 -8 7 -8 7 -9 7 -9 7 -9 7 -9 7 -10 7 -10 7 -10 7 -10 6 -10 6 -10 6 -11 6 -11 6 -11 0 0 0 0 0 0 0 0 0 0]"
"1769236308018038,CSI_DATA,STATION,00:00:00:00:00:00,0,0,0,0,0,0,0,0,0,0,0,0,0,0,0,0,0,0,0,0,0,128,[84 -64 4 0 0 0 0 0 0 0 0 0 12 -3 12 -2 12 -1 12 -2 12 -1 12 0 12 0 12 0 12 0 12 1 12 1 11 1 11 1 11 2 11 1 11 1 11 2 10 2 11 2 10 2 10 2 10 1 10 1 10 2 9 1 9 1 0 0 9 1 9 0 9 1 9 0 9 0 9 0 9 -1 9 -1 9 -1 9 -1 9 -1 9 -1 9 -2 10 -1 9 -2 9 -2 9 -2 10 -3 10 -3 9 -3 10 -3 9 -3 9 -3 10 -3 10 -4 10 -4 0 0 0 0 0 0 0 0 0 0]"
"1769236308022489,CSI_DATA,STATION,00:00:00:00:00:00,0,0,0,0,0,0,0,0,0,0,0,0,0,0,0,0,0,0,0,0,0,128,[84 -64 4 0 0 0 0 0 0 0 0 0 13 -5 12 -5 13 -4 13 -3 14 -3 13 -3 13 -2 14 -1 13 -2 13 -1 13 -1 13 0 13 0 12 0 12 0 12 -1 11 0 12 0 12 0 11 0 11 1 11 0 11 0 11 0 11 0 10 -1 0 0 10 -1 10 -1 10 -1 10 -2 10 -1 10 -2 10 -2 10 -2 10 -2 10 -2 9 -3 10 -3 10 -3 10 -3 10 -4 10 -4 10 -4 10 -4 10 -5 10 -4 10 -5 10 -4 10 -5 10 -5 10 -5 10 -5 0 0 0 0 0 0 0 0 0 0]"
"1769236308029227,CSI_DATA,STATION,00:00:00:00:00:00,0,0,0,0,0,0,0,0,0,0,0,0,0,0,0,0,0,0,0,0,0,128,[84 -64 4 0 0 0 0 0 0 0 0 0 7 -14 8 -14 8 -13 8 -13 9 -12 10 -12 9 -12 10 -11 10 -11 10 -10 10 -11 10 -10 10 -10 10 -10 10 -9 10 -9 10 -9 10 -10 10 -9 10 -9 9 -9 9 -9 9 -9 9 -9 8 -8 8 -9 0 0 8 -9 7 -8 7 -9 7 -9 7 -9 7 -10 6 -9 6 -10 6 -10 6 -10 6 -10 6 -11 6 -10 5 -10 5 -11 5 -12 5 -11 5 -12 5 -12 4 -12 4 -12 4 -12 4 -12 4 -13 4 -13 4 -13 0 0 0 0 0 0 0 0 0 0]"
"1769236308033670,CSI_DATA,STATION,00:00:00:00:00:00,0,0,0,0,0,0,0,0,0,0,0,0,0,0,0,0,0,0,0,0,0,128,[84 -64 4 0 0 0 0 0 0 0 0 0 -13 -4 -14 -4 -13 -5 -13 -6 -13 -5 -13 -6 -13 -6 -12 -6 -12 -7 -12 -7 -11 -6 -11 -7 -11 -7 -10 -7 -10 -7 -10 -7 -11 -7 -10 -7 -10 -7 -10 -7 -10 -7 -9 -7 -9 -6 -9 -7 -9 -6 -10 -5 0 0 -10 -5 -9 -5 -10 -5 -9 -5 -10 -5 -9 -4 -10 -4 -10 -5 -10 -4 -10 -4 -10 -3 -11 -3 -10 -3 -11 -3 -11 -3 -11 -3 -11 -3 -11 -2 -12 -2 -11 -2 -11 -2 -12 -2 -12 -2 -12 -2 -12 -1 -12 -1 0 0 0 0 0 0 0 0 0 0]"
"1769236308038140,CSI_DATA,STATION,00:00:00:00:00:00,0,0,0,0,0,0,0,0,0,0,0,0,0,0,0,0,0,0,0,0,0,128,[84 -64 4 0 0 0 0 0 0 0 0 0 13 1 13 1 13 2 13 2 12 3 12 3 12 4 12 4 12 4 11 4 11 4 11 4 11 5 11 5 10 5 10 4 10 5 10 5 10 5 9 5 9 5 9 4 9 4 10 4 9 4 9 3 0 0 9 3 9 3 9 3 9 3 10 3 9 3 9 2 9 3 9 2 10 2 9 1 10 1 10 1 11 1 10 1 10 1 10 1 10 0 11 0 10 0 11 0 11 1 11 0 11 0 11 0 12 -1 0 0 0 0 0 0 0 0 0 0]"
"1769236308044783,CSI_DATA,STATION,00:00:00:00:00:00,0,0,0,0,0,0,0,0,0,0,0,0,0,0,0,0,0,0,0,0,0,128,[84 -64 4 0 0 0 0 0 0 0 0 0 10 8 10 8 9 8 9 8 9 9 9 9 8 9 7 9 7 9 7 10 8 9 7 10 7 9 7 10 6 10 6 9 6 9 6 9 6 9 6 9 5 9 6 9 6 9 5 8 6 8 6 8 0 0 6 8 6 8 6 8 6 7 6 7 6 7 7 7 7 7 7 7 8 6 7 6 8 7 8 7 8 7 8 6 8 6 9 6 8 6 8 6 9 6 9 6 9 6 9 6 9 6 10 6 9 6 0 0 0 0 0 0 0 0 0 0]"
"1769236308049181,CSI_DATA,STATION,00:00:00:00:00:00,0,0,0,0,0,0,0,0,0,0,0,0,0,0,0,0,0,0,0,0,0,128,[84 -64 4 0 0 0 0 0 0 0 0 0 5 11 4 12 4 12 4 12 3 12 3 13 3 12 2 12 2 12 1 12 2 12 1 12 1 11 1 11 1 12 1 11 0 11 0 10 0 11 1 11 0 11 1 11 1 11 0 10 1 11 1 10 0 0 2 10 2 10 2 10 2 9 2 10 3 10 3 10 3 10 3 9 3 9 3 9 4 10 4 10 4 9 4 9 5 9 5 9 5 9 5 10 5 9 6 10 6 9 6 9 6 9 6 9 6 10 0 0 0 0 0 0 0 0 0 0]"
"1769236308053588,CSI_DATA,STATION,00:00:00:00:00:00,0,0,0,0,0,0,0,0,0,0,0,0,0,0,0,0,0,0,0,0,0,128,[84 -64 4 0 0 0 0 0 0 0 0 0 4 12 4 12 3 12 3 12 2 12 2 12 1 13 1 12 1 12 1 12 0 13 0 12 0 12 0 12 0 12 0 11 -1 11 -1 11 0 11 0 11 0 11 0 10 0 11 0 10 0 10 0 10 0 0 1 10 1 10 1 10 1 10 2 10 2 10 2 10 2 10 2 10 2 10 2 10 3 10 3 10 3 10 3 10 3 10 4 10 4 10 4 10 5 10 5 10 5 10 5 10 5 10 5 10 6 10 0 0 0 0 0 0 0 0 0 0]"
"1769236308060132,CSI_DATA,STATION,00:00:00:00:00:00,0,0,0,0,0,0,0,0,0,0,0,0,0,0,0,0,0,0,0,0,0,128,[84 -64 4 0 0 0 0 0 0 0 0 0 1 13 0 12 0 13 0 13 -1 13 -1 13 -2 13 -2 13 -2 13 -2 13 -3 13 -3 12 -3 12 -3 12 -3 11 -3 12 -4 11 -4 11 -3 11 -3 11 -3 11 -3 10 -3 11 -3 10 -3 11 -2 10 0 0 -2 10 -1 10 -2 10 -1 11 -1 10 -1 11 -1 11 0 10 -1 10 0 11 0 10 0 11 0 11 1 11 0 11 1 10 1 11 1 11 2 11 2 11 2 11 2 11 2 12 2 11 2 12 2 12 0 0 0 0 0 0 0 0 0 0]"
"1769236308064480,CSI_DATA,STATION,00:00:00:00:00:00,0,0,0,0,0,0,0,0,0,0,0,0,0,0,0,0,0,0,0,0,0,128,[84 -64 4 0 0 0 0 0 0 0 0 0 6 10 6 10 5 11 5 11 5 11 4 11 4 11 3 11 3 11 3 11 3 11 3 11 3 10 3 10 2 11 2 10 2 10 2 10 2 10 2 10 2 10 2 10 2 10 2 9 2 9 2 10 0 0 2 9 3 9 3 9 3 9 3 9 4 9 3 9 4 9 4 8 4 9 4 8 4 8 5 9 5 8 5 9 5 8 5 8 6 8 6 8 6 8 6 8 6 8 7 8 7 8 6 8 7 8 0 0 0 0 0 0 0 0 0 0]"
"1769236308070970,CSI_DATA,STATION,00:00:00:00:00:00,0,0,0,0,0,0,0,0,0,0,0,0,0,0,0,0,0,0,0,0,0,128,[84 -64 4 0 0 0 0 0 0 0 0 0 -11 -8 -11 -8 -11 -8 -10 -9 -10 -9 -10 -9 -10 -9 -9 -9 -9 -9 -9 -10 -9 -10 -8 -10 -8 -10 -8 -10 -8 -10 -7 -10 -7 -9 -8 -9 -7 -10 -7 -10 -7 -9 -7 -9 -7 -9 -7 -9 -7 -9 -7 -8 0 0 -7 -8 -7 -8 -8 -7 -7 -7 -8 -8 -8 -7 -8 -7 -9 -7 -8 -7 -9 -7 -9 -7 -9 -7 -9 -6 -9 -6 -9 -6 -9 -6 -10 -6 -10 -6 -10 -6 -10 -6 -11 -5 -11 -5 -11 -6 -11 -6 -11 -5 -11 -5 0 0 0 0 0 0 0 0 0 0]"
"1769236308075333,CSI_DATA,STATION,00:00:00:00:00:00,0,0,0,0,0,0,0,0,0,0,0,0,0,0,0,0,0,0,0,0,0,128,[84 -64 4 0 0 0 0 0 0 0 0 0 11 8 11 9 10 9 10 9 10 10 9 10 9 11 8 10 8 11 7 11 7 11 7 11 7 11 6 11 6 11 6 11 6 11 6 10 6 10 6 10 6 10 6 10 5 10 6 10 6 10 6 10 0 0 6 10 6 9 6 9 6 9 6 9 7 9 7 9 7 8 7 8 7 8 7 8 7 8 7 8 8 8 8 8 8 7 9 8 9 7 9 7 9 7 9 7 9 7 9 8 9 8 10 8 10 7 0 0 0 0 0 0 0 0 0 0]"
"1769236308079667,CSI_DATA,STATION,00:00:00:00:00:00,0,0,0,0,0,0,0,0,0,0,0,0,0,0,0,0,0,0,0,0,0,128,[84 -64 4 0 0 0 0 0 0 0 0 0 5 11 5 12 4 12 4 12 3 12 3 12 2 12 2 12 2 12 1 12 1 12 1 12 1 12 1 11 0 12 1 11 0 11 0 11 0 11 0 11 0 11 0 11 0 11 0 10 0 10 1 10 0 0 1 10 2 10 1 10 1 10 2 10 2 10 2 10 2 9 2 9 3 9 3 9 3 10 3 9 3 10 3 10 4 9 4 9 4 10 4 9 4 10 4 10 4 9 4 10 5 9 4 10 5 10 0 0 0 0 0 0 0 0 0 0]"
"1769236308083984,CSI_DATA,STATION,00:00:00:00:00:00,0,0,0,0,0,0,0,0,0,0,0,0,0,0,0,0,0,0,0,0,0,128,[84 -64 4 0 0 0 0 0 0 0 0 0 12 -8 13 -7 12 -6 13 -6 13 -5 14 -5 14 -5 14 -4 14 -4 14 -4 13 -4 13 -4 12 -3 13 -3 13 -3 13 -3 12 -2 12 -3 12 -2 12 -2 12 -2 12 -2 11 -3 11 -2 11 -2 11 -3 0 0 11 -3 11 -3 10 -3 11 -3 11 -4 11 -4 10 -3 10 -5 10 -4 10 -5 10 -5 10 -5 10 -5 10 -5 10 -6 10 -6 10 -6 11 -7 10 -7 10 -7 10 -7 10 -7 10 -7 10 -8 10 -8 10 -8 0 0 0 0 0 0 0 0 0 0]"
"1769236308090505,CSI_DATA,STATION,00:00:00:00:00:00,0,0,0,0,0,0,0,0,0,0,0,0,0,0,0,0,0,0,0,0,0,128,[84 -64 4 0 0 0 0 0 0 0 0 0 9 -8 10 -8 9 -7 10 -7 10 -6 10 -7 10 -6 10 -6 10 -5 10 -5 10 -5 10 -5 10 -4 10 -4 10 -4 10 -4 10 -4 9 -4 10 -3 10 -4 9 -3 9 -3 9 -4 9 -3 9 -4 9 -4 0 0 9 -4 8 -4 8 -4 8 -4 8 -5 8 -5 8 -5 7 -5 7 -5 7 -6 7 -6 7 -5 7 -6 7 -6 7 -7 7 -7 7 -7 7 -7 7 -7 7 -7 7 -7 6 -7 6 -7 6 -8 7 -8 7 -8 0 0 0 0 0 0 0 0 0 0]"
"1769236308097001,CSI_DATA,STATION,00:00:00:00:00:00,0,0,0,0,0,0,0,0,0,0,0,0,0,0,0,0,0,0,0,0,0,128,[84 -64 4 0 0 0 0 0 0 0 0 0 -7 -14 -7 -14 -6 -14 -6 -15 -6 -15 -5 -15 -5 -15 -5 -15 -4 -15 -3 -15 -3 -15 -3 -15 -2 -14 -3 -14 -2 -14 -2 -14 -2 -13 -2 -14 -2 -14 -2 -14 -2 -13 -2 -13 -2 -13 -2 -12 -2 -13 -2 -12 0 0 -3 -12 -3 -12 -3 -12 -3 -12 -3 -12 -4 -12 -4 -12 -4 -11 -4 -11 -5 -11 -5 -11 -4 -11 -5 -11 -5 -11 -6 -11 -6 -11 -6 -12 -6 -11 -6 -11 -7 -11 -7 -11 -7 -11 -7 -11 -7 -11 -7 -11 -7 -11 0 0 0 0 0 0 0 0 0 0]"
"1769236308105670,CSI_DATA,STATION,00:00:00:00:00:00,0,0,0,0,0,0,0,0,0,0,0,0,0,0,0,0,0,0,0,0,0,128,[84 -64 4 0 0 0 0 0 0 0 0 0 -3 15 -5 14 -5 15 -5 14 -6 14 -6 13 -7 13 -7 13 -7 13 -8 13 -7 13 -8 12 -8 12 -7 11 -7 11 -8 11 -8 11 -8 11 -8 10 -7 10 -7 10 -7 10 -7 10 -7 10 -6 10 -6 10 0 0 -6 9 -5 10 -5 10 -5 10 -5 10 -5 10 -4 10 -4 10 -4 10 -4 10 -3 10 -4 11 -3 10 -3 10 -3 11 -2 11 -2 11 -2 11 -2 11 -2 11 -2 11 -1 11 -1 12 -1 11 -1 11 -1 11 0 0 0 0 0 0 0 0 0 0]"
"1769236308112216,CSI_DATA,STATION,00:00:00:00:00:00,0,0,0,0,0,0,0,0,0,0,0,0,0,0,0,0,0,0,0,0,0,128,[84 -64 4 0 0 0 0 0 0 0 0 0 -13 8 -13 8 -13 7 -14 7 -14 6 -14 7 -14 6 -14 5 -14 5 -15 4 -14 4 -14 4 -13 4 -13 3 -14 3 -13 4 -13 3 -13 2 -13 3 -13 3 -12 3 -12 3 -12 3 -12 3 -12 3 -12 3 0 0 -11 3 -11 3 -11 4 -11 4 -11 4 -11 4 -10 4 -10 4 -10 5 -11 5 -10 5 -10 5 -10 5 -10 6 -10 6 -10 6 -9 6 -9 7 -9 7 -9 7 -9 7 -9 7 -9 7 -9 8 -9 8 -9 8 0 0 0 0 0 0 0 0 0 0]"
"1769236308116539,CSI_DATA,STATION,00:00:00:00:00:00,0,0,0,0,0,0,0,0,0,0,0,0,0,0,0,0,0,0,0,0,0,128,[84 -64 4 0 0 0 0 0 0 0 0 0 -1 -15 0 -16 0 -16 0 -16 1 -16 1 -16 2 -15 2 -15 3 -15 2 -15 3 -15 3 -14 4 -14 4 -13 4 -13 4 -13 4 -13 4 -13 4 -13 4 -12 3 -12 3 -12 3 -12 3 -12 3 -11 2 -12 0 0 2 -11 2 -11 2 -11 1 -12 1 -11 1 -11 1 -11 1 -12 0 -11 0 -11 0 -12 -1 -11 -1 -11 -1 -11 -2 -12 -2 -12 -1 -12 -2 -12 -2 -12 -2 -12 -2 -12 -2 -12 -3 -12 -3 -12 -3 -12 -3 -12 0 0 0 0 0 0 0 0 0 0]"
"1769236308120866,CSI_DATA,STATION,00:00:00:00:00:00,0,0,0,0,0,0,0,0,0,0,0,0,0,0,0,0,0,0,0,0,0,128,[84 -64 4 0 0 0 0 0 0 0 0 0 -11 -11 -11 -11 -10 -12 -10 -12 -9 -13 -9 -13 -9 -13 -8 -13 -8 -13 -7 -13 -7 -13 -7 -13 -7 -13 -7 -13 -6 -13 -6 -12 -6 -12 -6 -12 -6 -12 -6 -13 -6 -11 -6 -11 -6 -11 -6 -11 -6 -11 -6 -10 0 0 -6 -10 -6 -10 -7 -10 -7 -9 -7 -9 -7 -9 -7 -9 -8 -9 -7 -9 -8 -9 -8 -8 -8 -8 -8 -8 -8 -8 -9 -8 -9 -7 -9 -8 -9 -7 -10 -7 -10 -7 -10 -7 -10 -7 -10 -7 -10 -7 -11 -7 -11 -6 0 0 0 0 0 0 0 0 0 0]"
"1769236308127357,CSI_DATA,STATION,00:00:00:00:00:00,0,0,0,0,0,0,0,0,0,0,0,0,0,0,0,0,0,0,0,0,0,128,[84 -64 4 0 0 0 0 0 0 0 0 0 -14 -6 -14 -6 -14 -7 -14 -7 -13 -8 -13 -9 -12 -8 -13 -8 -12 -9 -12 -9 -12 -9 -11 -9 -11 -9 -11 -9 -10 -9 -10 -9 -10 -9 -10 -8 -10 -9 -10 -9 -10 -9 -9 -8 -9 -8 -9 -8 -9 -8 -9 -7 0 0 -9 -7 -10 -7 -10 -7 -9 -6 -10 -6 -9 -6 -10 -6 -10 -6 -10 -5 -10 -6 -11 -5 -11 -5 -10 -5 -11 -5 -11 -4 -11 -4 -11 -4 -11 -4 -12 -4 -12 -4 -12 -3 -12 -3 -12 -3 -12 -3 -12 -3 -12 -3 0 0 0 0 0 0 0 0 0 0]"
"1769236308131681,CSI_DATA,STATION,00:00:00:00:00:00,0,0,0,0,0,0,0,0,0,0,0,0,0,0,0,0,0,0,0,0,0,128,[84 -64 4 0 0 0 0 0 0 0 0 0 3 -14 4 -14 4 -13 4 -14 5 -14 6 -14 6 -13 6 -13 6 -13 7 -12 6 -12 6 -12 6 -12 6 -11 6 -12 7 -11 7 -11 7 -10 6 -11 6 -11 6 -11 6 -11 6 -10 6 -10 5 -10 5 -11 0 0 5 -10 4 -10 4 -10 4 -10 4 -11 3 -10 3 -10 3 -11 3 -10 3 -11 3 -11 2 -11 2 -11 2 -11 1 -11 2 -12 1 -12 1 -12 1 -12 1 -12 0 -12 0 -12 0 -12 0 -12 0 -13 0 -13 0 0 0 0 0 0 0 0 0 0]"
"1769236308138246,CSI_DATA,STATION,00:00:00:00:00:00,0,0,0,0,0,0,0,0,0,0,0,0,0,0,0,0,0,0,0,0,0,128,[84 -64 4 0 0 0 0 0 0 0 0 0 12 6 12 6 12 7 11 7 11 8 11 8 10 8 10 9 9 9 9 9 9 9 9 8 9 9 9 9 8 9 8 9 7 8 7 8 7 9 8 9 7 9 8 9 7 9 8 8 7 8 7 8 0 0 7 8 7 7 7 7 7 7 8 7 8 7 8 7 8 6 8 6 8 6 8 6 8 6 9 6 9 6 9 6 9 5 10 5 10 5 10 5 10 5 10 5 10 5 10 5 10 5 10 5 10 5 0 0 0 0 0 0 0 0 0 0]"
"1769236308142678,CSI_DATA,STATION,00:00:00:00:00:00,0,0,0,0,0,0,0,0,0,0,0,0,0,0,0,0,0,0,0,0,0,128,[84 -64 4 0 0 0 0 0 0 0 0 0 11 -6 12 -5 11 -5 12 -4 12 -4 12 -4 12 -3 12 -3 12 -3 12 -2 12 -3 12 -2 11 -2 11 -2 11 -2 11 -2 11 -2 10 -2 11 -1 11 -2 10 -1 10 -2 10 -2 10 -1 10 -2 10 -2 0 0 9 -2 9 -2 9 -3 9 -3 9 -3 9 -3 9 -3 9 -4 9 -4 8 -4 9 -4 9 -4 9 -4 9 -5 9 -5 9 -5 8 -5 9 -6 9 -6 9 -6 9 -6 8 -6 8 -6 9 -7 8 -7 9 -7 0 0 0 0 0 0 0 0 0 0]"
"1769236308147035,CSI_DATA,STATION,00:00:00:00:00:00,0,0,0,0,0,0,0,0,0,0,0,0,0,0,0,0,0,0,0,0,0,128,[84 -64 4 0 0 0 0 0 0 0 0 0 -3 -15 -3 -14 -2 -15 -2 -15 -2 -15 -1 -14 0 -14 0 -15 0 -15 1 -15 1 -14 1 -14 1 -14 1 -13 1 -14 1 -13 2 -12 2 -13 1 -13 1 -13 1 -12 1 -13 1 -13 1 -12 1 -12 1 -12 0 0 0 -12 0 -12 0 -12 -1 -12 0 -12 -1 -12 -1 -12 -1 -12 -1 -12 -1 -12 -2 -12 -2 -12 -2 -12 -2 -12 -2 -12 -3 -12 -3 -12 -3 -12 -3 -12 -3 -12 -4 -12 -4 -12 -4 -12 -4 -12 -4 -12 -5 -12 0 0 0 0 0 0 0 0 0 0]"
"1769236308153566,CSI_DATA,STATION,00:00:00:00:00:00,0,0,0,0,0,0,0,0,0,0,0,0,0,0,0,0,0,0,0,0,0,128,[84 -64 4 0 0 0 0 0 0 0 0 0 11 9 11 10 10 10 10 10 10 11 9 11 9 10 8 11 8 11 8 11 8 10 7 11 7 11 7 11 7 12 6 11 7 11 7 11 6 11 6 11 6 11 6 10 6 10 6 10 6 10 6 9 0 0 6 9 6 9 7 9 7 8 7 8 7 9 7 8 7 8 8 7 8 7 8 7 8 7 8 7 9 7 8 7 9 7 9 6 9 6 9 6 10 6 10 6 10 6 10 6 10 5 10 6 10 6 0 0 0 0 0 0 0 0 0 0]"
"1769236308157920,CSI_DATA,STATION,00:00:00:00:00:00,0,0,0,0,0,0,0,0,0,0,0,0,0,0,0,0,0,0,0,0,0,128,[84 -64 4 0 0 0 0 0 0 0 0 0 6 13 5 13 4 14 5 14 4 14 4 14 3 14 3 14 3 14 2 14 1 13 1 14 1 13 1 13 1 14 1 13 1 13 0 12 1 13 1 13 1 12 1 12 0 12 1 12 1 12 1 12 0 0 2 11 2 11 2 11 2 11 2 11 3 11 3 11 3 11 3 10 3 10 4 10 4 10 4 10 5 11 4 10 5 10 5 9 5 10 6 10 5 10 6 10 6 10 6 10 6 10 6 10 7 10 0 0 0 0 0 0 0 0 0 0]"
"1769236308162300,CSI_DATA,STATION,00:00:00:00:00:00,0,0,0,0,0,0,0,0,0,0,0,0,0,0,0,0,0,0,0,0,0,128,[84 -64 4 0 0 0 0 0 0 0 0 0 4 -15 5 -15 5 -15 5 -14 6 -15 6 -14 6 -14 7 -14 7 -14 8 -13 8 -13 8 -12 8 -13 8 -12 8 -11 8 -12 8 -11 8 -12 8 -11 7 -11 7 -11 7 -11 7 -11 7 -11 6 -10 6 -10 0 0 6 -10 5 -11 5 -10 5 -10 5 -11 4 -11 4 -11 4 -11 4 -11 4 -11 4 -11 3 -11 3 -11 3 -11 2 -12 2 -12 2 -12 2 -13 2 -13 2 -13 1 -12 1 -12 1 -13 1 -13 1 -13 1 -13 0 0 0 0 0 0 0 0 0 0]"
"1769236308168800,CSI_DATA,STATION,00:00:00:00:00:00,0,0,0,0,0,0,0,0,0,0,0,0,0,0,0,0,0,0,0,0,0,128,[84 -64 4 0 0 0 0 0 0 0 0 0 12 8 12 8 12 9 12 9 11 9 10 10 10 10 10 10 9 11 10 11 10 10 8 10 9 11 8 10 8 11 8 11 7 10 8 10 7 10 7 10 7 10 7 10 7 10 7 10 7 9 7 9 0 0 7 9 7 9 7 8 7 8 7 8 7 8 7 7 8 8 8 7 8 7 9 6 9 7 9 6 9 7 9 6 9 6 10 6 10 5 10 6 10 6 10 5 10 6 10 6 10 5 11 5 10 5 0 0 0 0 0 0 0 0 0 0]"
"1769236308173171,CSI_DATA,STATION,00:00:00:00:00:00,0,0,0,0,0,0,0,0,0,0,0,0,0,0,0,0,0,0,0,0,0,128,[84 -64 4 0 0 0 0 0 0 0 0 0 -5 12 -6 13 -6 13 -6 12 -7 12 -7 12 -7 11 -8 11 -8 10 -8 10 -8 10 -8 10 -8 10 -8 10 -8 9 -8 9 -8 9 -8 9 -8 8 -8 8 -8 8 -8 8 -7 8 -7 9 -7 8 -7 8 0 0 -7 8 -6 8 -6 8 -6 8 -6 9 -6 8 -5 8 -5 8 -5 9 -5 9 -4 9 -4 9 -4 10 -4 9 -4 9 -4 10 -3 10 -3 10 -3 10 -3 10 -3 11 -3 10 -2 10 -2 11 -2 11 -2 11 0 0 0 0 0 0 0 0 0 0]"
"1769236308177487,CSI_DATA,STATION,00:00:00:00:00:00,0,0,0,0,0,0,0,0,0,0,0,0,0,0,0,0,0,0,0,0,0,128,[84 -64 4 0 0 0 0 0 0 0 0 0 0 -15 0 -16 1 -15 1 -15 2 -15 2 -15 3 -15 3 -15 3 -14 3 -14 4 -14 4 -14 4 -13 4 -13 4 -13 4 -13 5 -13 4 -12 4 -13 4 -12 4 -12 3 -12 4 -12 3 -12 3 -12 3 -12 0 0 2 -11 2 -12 2 -12 2 -11 2 -12 1 -12 1 -12 1 -12 1 -12 1 -11 0 -12 0 -12 0 -12 0 -12 -1 -12 -1 -12 -1 -12 -2 -13 -2 -12 -2 -12 -2 -12 -2 -12 -2 -12 -3 -12 -3 -12 -3 -13 0 0 0 0 0 0 0 0 0 0]"
"1769236308183952,CSI_DATA,STATION,00:00:00:00:00:00,0,0,0,0,0,0,0,0,0,0,0,0,0,0,0,0,0,0,0,0,0,128,[84 -64 4 0 0 0 0 0 0 0 0 0 -7 12 -8 12 -8 12 -8 11 -9 11 -10 11 -9 11 -10 11 -10 9 -10 10 -10 10 -10 9 -10 9 -10 9 -10 8 -10 9 -10 8 -10 9 -10 8 -10 8 -10 8 -9 8 -9 7 -9 8 -9 7 -9 8 0 0 -8 8 -8 8 -8 8 -8 8 -7 8 -7 8 -7 9 -7 9 -6 9 -7 9 -6 9 -6 9 -6 9 -6 10 -6 10 -5 10 -5 10 -5 10 -5 11 -5 10 -5 11 -4 10 -5 11 -4 11 -4 11 -4 11 0 0 0 0 0 0 0 0 0 0]"
"1769236308188325,CSI_DATA,STATION,00:00:00:00:00:00,0,0,0,0,0,0,0,0,0,0,0,0,0,0,0,0,0,0,0,0,0,128,[84 -64 4 0 0 0 0 0 0 0 0 0 5 -14 6 -14 6 -13 7 -12 7 -13 8 -12 8 -12 8 -12 8 -12 8 -11 8 -11 8 -10 8 -11 8 -10 9 -10 8 -10 9 -10 8 -10 8 -10 8 -9 8 -9 8 -9 8 -9 7 -9 7 -9 7 -9 0 0 7 -9 6 -9 6 -9 6 -9 6 -10 5 -9 5 -9 5 -10 5 -10 5 -10 5 -10 4 -10 4 -10 4 -10 4 -11 4 -11 3 -11 3 -11 3 -12 3 -11 3 -12 3 -11 2 -12 3 -12 3 -12 2 -12 0 0 0 0 0 0 0 0 0 0]"
"1769236308194811,CSI_DATA,STATION,00:00:00:00:00:00,0,0,0,0,0,0,0,0,0,0,0,0,0,0,0,0,0,0,0,0,0,128,[84 -64 4 0 0 0 0 0 0 0 0 0 13 -5 14 -5 13 -4 14 -4 13 -3 13 -3 13 -2 14 -2 14 -2 14 -1 13 -1 13 -1 13 0 13 -1 12 0 12 -1 12 0 12 0 12 0 12 0 12 0 12 0 11 -1 11 0 11 0 11 -1 0 0 11 -1 11 -1 10 -1 11 -2 10 -2 10 -3 10 -3 10 -3 10 -3 10 -3 10 -4 10 -4 10 -4 10 -4 10 -5 9 -5 10 -5 10 -5 10 -6 10 -6 10 -6 10 -5 11 -6 10 -6 10 -7 10 -7 0 0 0 0 0 0 0 0 0 0]"
"1769236308199173,CSI_DATA,STATION,00:00:00:00:00:00,0,0,0,0,0,0,0,0,0,0,0,0,0,0,0,0,0,0,0,0,0,128,[84 -64 4 0 0 0 0 0 0 0 0 0 -13 10 -13 9 -13 8 -14 8 -14 7 -15 8 -14 7 -14 6 -15 6 -15 5 -14 6 -14 6 -14 6 -14 5 -15 5 -14 5 -14 5 -13 4 -13 4 -13 4 -13 4 -13 4 -13 4 -12 4 -12 4 -12 5 0 0 -12 5 -11 5 -11 5 -11 5 -11 6 -11 5 -11 6 -11 6 -11 7 -11 7 -10 7 -10 7 -10 7 -10 8 -10 8 -10 9 -9 8 -9 9 -9 9 -10 9 -9 9 -9 9 -9 9 -9 9 -8 10 -9 10 0 0 0 0 0 0 0 0 0 0]"
"1769236308205658,CSI_DATA,STATION,00:00:00:00:00:00,0,0,0,0,0,0,0,0,0,0,0,0,0,0,0,0,0,0,0,0,0,128,[84 -64 4 0 0 0 0 0 0 0 0 0 -15 3 -14 3 -15 2 -15 2 -15 1 -15 1 -15 0 -15 -1 -14 -1 -15 -1 -14 -1 -14 -1 -14 -2 -13 -1 -13 -2 -14 -1 -13 -2 -13 -2 -13 -3 -13 -2 -12 -3 -12 -2 -13 -2 -12 -2 -12 -2 -12 -1 0 0 -11 -1 -12 -1 -11 -1 -12 0 -11 -1 -11 0 -12 0 -11 0 -11 0 -12 1 -11 1 -12 1 -12 2 -11 1 -12 2 -11 2 -12 2 -12 2 -12 2 -12 2 -12 2 -12 3 -12 3 -12 3 -11 3 -12 3 0 0 0 0 0 0 0 0 0 0]"
"1769236308209983,CSI_DATA,STATION,00:00:00:00:00:00,0,0,0,0,0,0,0,0,0,0,0,0,0,0,0,0,0,0,0,0,0,128,[84 -64 4 0 0 0 0 0 0 0 0 0 -17 -20 -15 -20 -14 -21 -14 -22 -13 -22 -13 -22 -12 -22 -11 -23 -10 -22 -10 -23 -10 -23 -9 -23 -8 -23 -9 -22 -8 -22 -8 -22 -7 -22 -7 -21 -6 -21 -6 -20 -7 -21 -7 -20 -6 -19 -6 -20 -7 -19 -7 -19 0 0 -7 -18 -7 -18 -8 -18 -8 -18 -8 -18 -8 -17 -8 -17 -9 -17 -9 -16 -9 -16 -10 -16 -10 -16 -10 -16 -11 -16 -11 -15 -12 -15 -12 -16 -12 -15 -13 -15 -13 -15 -13 -15 -13 -14 -13 -15 -14 -15 -14 -14 -15 -14 0 0 0 0 0 0 0 0 0 0]"
"1769236308214330,CSI_DATA,STATION,00:00:00:00:00:00,0,0,0,0,0,0,0,0,0,0,0,0,0,0,0,0,0,0,0,0,0,128,[84 -64 4 0 0 0 0 0 0 0 0 0 -14 -4 -14 -5 -14 -5 -14 -6 -14 -6 -13 -7 -13 -6 -13 -7 -13 -7 -12 -8 -12 -8 -12 -8 -12 -8 -12 -8 -12 -8 -11 -8 -11 -8 -11 -7 -11 -8 -11 -8 -10 -8 -10 -8 -10 -7 -11 -7 -10 -7 -10 -7 0 0 -10 -6 -10 -6 -10 -6 -10 -5 -11 -6 -10 -5 -10 -5 -11 -5 -10 -4 -11 -4 -11 -4 -11 -4 -11 -4 -11 -4 -11 -3 -11 -3 -11 -3 -11 -3 -12 -3 -12 -3 -12 -3 -12 -2 -12 -3 -12 -2 -13 -2 -12 -1 0 0 0 0 0 0 0 0 0 0]"
"1769236308220833,CSI_DATA,STATION,00:00:00:00:00:00,0,0,0,0,0,0,0,0,0,0,0,0,0,0,0,0,0,0,0,0,0,128,[84 -64 4 0 0 0 0 0 0 0 0 0 1 15 0 16 0 16 -1 16 -1 16 -1 15 -2 16 -3 15 -3 15 -3 15 -3 15 -3 15 -3 14 -3 14 -4 14 -4 14 -4 14 -5 13 -4 13 -4 13 -4 13 -4 12 -4 13 -4 12 -3 12 -3 12 0 0 -3 12 -2 12 -2 12 -2 12 -2 12 -2 12 -2 12 -1 11 -1 11 -1 12 0 12 0 12 0 12 1 12 0 12 1 12 1 12 1 12 1 12 1 12 2 13 2 12 2 12 3 12 3 13 2 12 0 0 0 0 0 0 0 0 0 0]"
"1769236308225167,CSI_DATA,STATION,00:00:00:00:00:00,0,0,0,0,0,0,0,0,0,0,0,0,0,0,0,0,0,0,0,0,0,128,[84 -64 4 0 0 0 0 0 0 0 0 0 -6 -16 -5 -16 -4 -16 -4 -16 -3 -16 -3 -16 -2 -16 -2 -17 -1 -16 -1 -16 -1 -16 -1 -15 -1 -15 -1 -15 0 -15 0 -15 0 -14 1 -14 0 -15 0 -14 0 -14 0 -13 0 -13 0 -13 -1 -13 -1 -13 0 0 -1 -12 -1 -13 -2 -12 -2 -13 -2 -12 -2 -13 -2 -13 -3 -12 -3 -12 -3 -12 -4 -12 -4 -12 -4 -12 -5 -12 -5 -12 -5 -12 -5 -12 -6 -12 -6 -12 -6 -12 -6 -12 -6 -12 -6 -12 -7 -11 -7 -11 -7 -11 0 0 0 0 0 0 0 0 0 0]"
"1769236308231671,CSI_DATA,STATION,00:00:00:00:00:00,0,0,0,0,0,0,0,0,0,0,0,0,0,0,0,0,0,0,0,0,0,128,[84 -64 4 0 0 0 0 0 0 0 0 0 15 1 16 1 15 2 15 3 15 3 15 3 15 3 15 4 14 4 14 5 14 4 13 5 13 5 13 5 13 5 12 5 12 5 12 5 12 5 12 5 12 4 12 5 11 4 11 5 11 4 11 4 0 0 11 3 11 3 11 3 11 2 11 3 11 2 11 2 11 2 11 1 11 1 11 0 11 1 12 1 12 0 12 -1 11 -1 12 -1 12 -1 12 -1 12 -2 12 -2 12 -2 12 -1 12 -2 12 -3 12 -3 0 0 0 0 0 0 0 0 0 0]"
"1769236308236001,CSI_DATA,STATION,00:00:00:00:00:00,0,0,0,0,0,0,0,0,0,0,0,0,0,0,0,0,0,0,0,0,0,128,[84 -64 4 0 0 0 0 0 0 0 0 0 14 7 13 8 13 8 13 8 12 9 12 10 12 9 11 10 11 10 10 10 11 10 10 10 10 10 10 10 9 11 9 10 9 10 9 10 8 10 9 10 8 10 8 9 8 9 8 9 9 9 8 9 0 0 9 8 8 8 8 7 8 7 9 7 9 7 9 7 9 7 9 6 10 6 9 6 10 6 10 6 10 5 10 5 10 5 11 5 11 5 11 4 11 4 11 4 11 4 11 4 12 4 12 3 12 3 0 0 0 0 0 0 0 0 0 0]"
"1769236308240448,CSI_DATA,STATION,00:00:00:00:00:00,0,0,0,0,0,0,0,0,0,0,0,0,0,0,0,0,0,0,0,0,0,128,[84 -64 4 0 0 0 0 0 0 0 0 0 11 6 12 8 11 8 12 8 10 8 10 9 10 9 9 9 9 9 9 10 9 10 8 10 8 10 8 9 8 10 7 10 8 9 7 9 7 9 7 9 7 9 7 9 6 9 7 8 7 8 7 8 0 0 7 8 6 8 7 7 7 7 7 7 7 7 8 7 8 7 7 6 8 6 8 6 8 6 8 6 9 5 8 5 9 5 9 5 9 5 9 5 9 4 9 5 10 5 9 4 10 4 10 4 10 4 0 0 0 0 0 0 0 0 0 0]"
"1769236308251000,CSI_DATA,STATION,00:00:00:00:00:00,0,0,0,0,0,0,0,0,0,0,0,0,0,0,0,0,0,0,0,0,0,128,[84 -64 4 0 0 0 0 0 0 0 0 0 -8 13 -8 13 -9 13 -9 12 -9 13 -10 12 -10 12 -10 12 -10 11 -11 10 -11 11 -11 10 -11 10 -11 10 -10 9 -11 10 -11 9 -11 9 -11 9 -10 8 -10 9 -10 8 -10 9 -9 9 -9 8 -9 9 0 0 -8 8 -8 9 -8 8 -8 9 -8 9 -7 9 -7 9 -7 9 -7 9 -6 10 -6 9 -6 9 -6 10 -6 10 -6 10 -6 11 -5 10 -5 10 -5 11 -5 11 -4 11 -4 11 -4 11 -4 11 -4 12 -4 11 0 0 0 0 0 0 0 0 0 0]"
"1769236308257373,CSI_DATA,STATION,00:00:00:00:00:00,0,0,0,0,0,0,0,0,0,0,0,0,0,0,0,0,0,0,0,0,0,128,[84 -64 4 0 0 0 0 0 0 0 0 0 -14 7 -15 6 -15 5 -15 5 -15 5 -15 4 -15 4 -16 3 -15 2 -16 2 -15 3 -15 3 -14 2 -14 2 -14 1 -15 1 -14 1 -13 1 -14 1 -14 1 -13 0 -13 0 -13 2 -13 1 -12 2 -13 2 0 0 -12 2 -12 1 -12 2 -12 2 -12 2 -12 1 -12 2 -11 3 -11 3 -11 4 -11 5 -11 4 -11 4 -11 4 -11 4 -11 5 -10 4 -11 5 -11 5 -11 5 -11 6 -11 6 -11 6 -10 6 -11 7 -11 6 0 0 0 0 0 0 0 0 0 0]"
"1769236308263955,CSI_DATA,STATION,00:00:00:00:00:00,0,0,0,0,0,0,0,0,0,0,0,0,0,0,0,0,0,0,0,0,0,128,[84 -64 4 0 0 0 0 0 0 0 0 0 11 10 11 10 10 10 10 11 9 11 9 11 8 11 8 12 8 12 7 12 8 12 7 12 7 11 7 12 6 11 6 11 6 11 6 11 6 11 5 11 5 11 5 11 5 10 6 10 5 10 6 9 0 0 6 9 6 9 6 9 6 8 6 8 6 8 6 8 7 8 7 8 7 8 7 7 7 8 7 8 8 7 8 7 8 7 8 7 9 6 9 6 8 6 9 6 9 6 9 6 9 6 9 6 10 6 0 0 0 0 0 0 0 0 0 0]"
"1769236308270595,CSI_DATA,STATION,00:00:00:00:00:00,0,0,0,0,0,0,0,0,0,0,0,0,0,0,0,0,0,0,0,0,0,128,[84 -64 4 0 0 0 0 0 0 0 0 0 -13 -9 -13 -10 -12 -9 -12 -10 -11 -11 -11 -11 -10 -11 -10 -11 -10 -11 -10 -12 -10 -11 -9 -11 -9 -12 -9 -11 -8 -12 -8 -11 -8 -11 -8 -11 -8 -11 -7 -11 -7 -10 -7 -10 -8 -10 -8 -10 -7 -9 -8 -9 0 0 -8 -9 -8 -9 -8 -8 -8 -8 -9 -8 -8 -8 -8 -8 -9 -8 -9 -7 -10 -7 -9 -7 -10 -7 -9 -6 -9 -7 -10 -6 -10 -6 -10 -6 -10 -6 -10 -6 -10 -6 -11 -6 -11 -6 -11 -6 -11 -5 -11 -5 -11 -5 0 0 0 0 0 0 0 0 0 0]"
"1769236308274970,CSI_DATA,STATION,00:00:00:00:00:00,0,0,0,0,0,0,0,0,0,0,0,0,0,0,0,0,0,0,0,0,0,128,[84 -64 4 0 0 0 0 0 0 0 0 0 14 15 13 15 12 15 12 17 11 16 11 17 11 16 10 16 9 17 9 17 9 17 8 16 7 16 7 16 7 17 6 15 7 16 6 15 6 15 6 15 6 15 7 15 5 14 7 14 6 15 6 13 0 0 7 13 6 12 7 13 7 11 8 12 8 11 8 11 8 11 8 11 8 10 9 10 9 10 9 10 10 10 9 9 10 9 11 9 11 9 11 9 11 8 12 8 11 9 12 8 12 9 12 8 12 7 0 0 0 0 0 0 0 0 0 0]"
"1769236308279400,CSI_DATA,STATION,00:00:00:00:00:00,0,0,0,0,0,0,0,0,0,0,0,0,0,0,0,0,0,0,0,0,0,128,[84 -64 4 0 0 0 0 0 0 0 0 0 13 -7 13 -6 13 -5 14 -5 14 -5 14 -4 14 -4 14 -3 14 -3 14 -3 13 -3 13 -2 13 -2 13 -2 13 -2 12 -2 12 -2 12 -2 12 -2 12 -2 11 -1 11 -2 11 -2 11 -2 11 -2 11 -3 0 0 10 -3 10 -3 10 -3 10 -4 10 -3 10 -4 10 -4 9 -4 10 -5 9 -5 9 -5 9 -5 9 -6 9 -5 9 -6 9 -6 8 -7 9 -7 9 -7 9 -7 9 -7 9 -7 9 -8 8 -8 9 -8 8 -9 0 0 0 0 0 0 0 0 0 0]"
"1769236308285941,CSI_DATA,STATION,00:00:00:00:00:00,0,0,0,0,0,0,0,0,0,0,0,0,0,0,0,0,0,0,0,0,0,128,[84 -64 4 0 0 0 0 0 0 0 0 0 5 -14 5 -15 5 -14 5 -14 7 -14 6 -14 7 -13 7 -13 7 -12 8 -12 8 -12 8 -12 8 -12 8 -11 8 -11 8 -11 7 -11 7 -11 7 -10 7 -10 7 -10 7 -10 7 -10 7 -10 6 -9 6 -10 0 0 6 -10 5 -9 5 -9 5 -10 5 -10 5 -10 4 -10 4 -11 4 -10 4 -11 4 -11 3 -11 3 -11 3 -10 2 -11 3 -12 2 -12 2 -11 2 -12 2 -12 2 -12 2 -12 2 -12 2 -12 1 -13 1 -12 0 0 0 0 0 0 0 0 0 0]"
"1769236308290379,CSI_DATA,STATION,00:00:00:00:00:00,0,0,0,0,0,0,0,0,0,0,0,0,0,0,0,0,0,0,0,0,0,128,[84 -64 4 0 0 0 0 0 0 0 0 0 11 4 12 5 12 5 12 6 11 6 11 6 10 6 10 7 10 7 10 7 10 7 9 7 9 7 9 7 9 7 8 7 9 7 8 6 9 7 8 6 8 6 8 6 7 6 8 6 8 6 8 5 0 0 8 5 7 5 8 5 8 4 8 5 8 4 8 4 8 4 8 3 8 3 9 3 8 3 9 3 9 3 9 2 9 2 9 2 10 2 10 2 9 2 10 2 10 2 10 1 10 1 10 1 10 1 0 0 0 0 0 0 0 0 0 0]"
"1769236308294817,CSI_DATA,STATION,00:00:00:00:00:00,0,0,0,0,0,0,0,0,0,0,0,0,0,0,0,0,0,0,0,0,0,128,[84 -64 4 0 0 0 0 0 0 0 0 0 4 -15 5 -15 5 -15 5 -14 6 -14 6 -14 7 -13 7 -13 7 -13 7 -12 8 -12 7 -11 8 -12 8 -11 8 -11 7 -11 8 -11 8 -11 7 -10 7 -10 7 -10 7 -10 7 -10 7 -10 6 -10 6 -10 0 0 6 -10 5 -10 5 -10 5 -9 5 -11 5 -10 4 -11 4 -11 4 -11 4 -11 4 -11 3 -11 3 -11 4 -11 3 -12 3 -12 3 -12 3 -12 2 -12 3 -12 2 -12 2 -12 2 -12 2 -12 2 -13 2 -13 0 0 0 0 0 0 0 0 0 0]"
"1769236308301397,CSI_DATA,STATION,00:00:00:00:00:00,0,0,0,0,0,0,0,0,0,0,0,0,0,0,0,0,0,0,0,0,0,128,[84 -64 4 0 0 0 0 0 0 0 0 0 -1 -14 0 -14 0 -14 0 -13 1 -13 1 -13 2 -13 2 -13 2 -13 2 -13 3 -13 3 -12 3 -12 3 -12 3 -12 3 -12 3 -11 3 -12 3 -11 3 -11 3 -11 2 -11 3 -11 3 -11 2 -11 2 -11 0 0 1 -11 1 -10 1 -10 1 -10 1 -10 0 -10 0 -10 0 -11 0 -10 0 -10 0 -10 0 -11 -1 -11 -1 -11 -1 -11 -1 -11 -2 -11 -2 -11 -2 -11 -2 -11 -2 -11 -2 -11 -2 -11 -2 -11 -3 -12 -3 -12 0 0 0 0 0 0 0 0 0 0]"
"1769236308305772,CSI_DATA,STATION,00:00:00:00:00:00,0,0,0,0,0,0,0,0,0,0,0,0,0,0,0,0,0,0,0,0,0,128,[84 -64 4 0 0 0 0 0 0 0 0 0 9 -12 10 -11 10 -11 10 -10 11 -11 11 -10 11 -10 11 -9 11 -9 12 -8 11 -8 11 -8 11 -7 11 -7 11 -7 11 -7 11 -7 11 -7 11 -6 11 -7 10 -6 10 -6 10 -7 10 -7 10 -6 10 -7 0 0 9 -6 9 -6 9 -6 9 -7 8 -7 9 -7 8 -7 8 -8 8 -8 8 -9 8 -8 8 -8 8 -8 8 -8 8 -9 7 -9 7 -10 7 -10 7 -10 7 -10 8 -10 7 -10 7 -10 7 -11 7 -11 7 -11 0 0 0 0 0 0 0 0 0 0]"
"1769236308310210,CSI_DATA,STATION,00:00:00:00:00:00,0,0,0,0,0,0,0,0,0,0,0,0,0,0,0,0,0,0,0,0,0,128,[84 -64 4 0 0 0 0 0 0 0 0 0 7 -13 8 -13 8 -12 8 -13 8 -13 9 -12 9 -12 10 -11 10 -11 10 -11 9 -11 10 -10 10 -10 9 -10 10 -9 10 -9 10 -9 10 -10 10 -8 10 -9 9 -9 9 -8 9 -8 9 -9 8 -9 8 -9 0 0 8 -9 7 -8 7 -8 7 -8 8 -9 7 -9 7 -9 7 -10 7 -9 6 -10 6 -10 6 -10 6 -10 6 -10 6 -11 6 -11 6 -11 5 -11 6 -11 5 -11 5 -11 6 -11 5 -11 5 -12 5 -12 4 -12 0 0 0 0 0 0 0 0 0 0]"
"1769236308316786,CSI_DATA,STATION,00:00:00:00:00:00,0,0,0,0,0,0,0,0,0,0,0,0,0,0,0,0,0,0,0,0,0,128,[84 -64 4 0 0 0 0 0 0 0 0 0 9 -13 9 -13 9 -11 11 -12 10 -11 11 -12 11 -10 11 -11 11 -10 11 -9 11 -10 11 -9 11 -8 11 -8 12 -8 11 -8 11 -8 11 -8 11 -8 11 -8 10 -7 10 -7 10 -8 10 -7 10 -7 10 -8 0 0 10 -8 9 -7 9 -8 9 -8 9 -9 9 -8 8 -8 8 -8 8 -9 7 -9 7 -9 8 -9 8 -9 7 -9 8 -10 7 -10 7 -10 7 -11 7 -11 7 -11 7 -11 7 -11 7 -11 7 -11 7 -12 7 -12 0 0 0 0 0 0 0 0 0 0]"
"1769236308321211,CSI_DATA,STATION,00:00:00:00:00:00,0,0,0,0,0,0,0,0,0,0,0,0,0,0,0,0,0,0,0,0,0,128,[84 -64 4 0 0 0 0 0 0 0 0 0 7 13 6 14 6 14 5 14 5 15 4 14 4 14 3 15 3 14 3 15 3 14 3 14 3 13 2 14 2 14 2 13 1 13 1 13 1 13 1 13 2 12 2 13 2 12 2 12 2 12 2 12 0 0 2 11 2 12 2 11 2 11 3 11 3 11 3 11 4 11 4 10 4 10 5 10 5 11 5 10 5 10 5 10 5 10 6 10 6 9 6 10 6 10 7 10 7 10 7 10 7 9 7 10 7 9 0 0 0 0 0 0 0 0 0 0]"
"1769236308325639,CSI_DATA,STATION,00:00:00:00:00:00,0,0,0,0,0,0,0,0,0,0,0,0,0,0,0,0,0,0,0,0,0,128,[84 -64 4 0 0 0 0 0 0 0 0 0 -7 -15 -6 -15 -6 -15 -6 -15 -5 -16 -5 -16 -5 -16 -4 -16 -4 -16 -3 -16 -2 -15 -3 -15 -2 -15 -2 -15 -2 -15 -2 -15 -1 -14 -1 -14 -2 -15 -2 -14 -1 -14 -2 -14 -1 -13 -2 -14 -2 -13 -2 -13 0 0 -3 -13 -3 -13 -3 -12 -3 -12 -3 -12 -4 -13 -4 -12 -4 -12 -4 -12 -4 -11 -5 -12 -5 -12 -5 -12 -6 -11 -6 -11 -6 -11 -6 -11 -6 -11 -6 -11 -7 -11 -7 -11 -7 -11 -7 -11 -7 -11 -8 -12 -8 -11 0 0 0 0 0 0 0 0 0 0]"
"1769236308332144,CSI_DATA,STATION,00:00:00:00:00:00,0,0,0,0,0,0,0,0,0,0,0,0,0,0,0,0,0,0,0,0,0,128,[84 -64 4 0 0 0 0 0 0 0 0 0 -5 -14 -4 -14 -4 -15 -4 -14 -3 -15 -2 -14 -2 -14 -2 -15 -1 -14 -1 -15 -1 -14 -1 -14 -1 -14 -1 -14 0 -14 -1 -13 0 -13 0 -12 0 -12 0 -13 -1 -12 0 -12 -1 -12 -1 -12 -1 -12 -1 -12 0 0 -1 -11 -2 -12 -2 -11 -2 -11 -2 -11 -2 -11 -2 -11 -3 -11 -3 -11 -3 -11 -4 -11 -3 -11 -4 -11 -4 -10 -4 -10 -5 -10 -5 -11 -5 -10 -5 -11 -5 -10 -5 -10 -5 -10 -6 -11 -6 -10 -6 -10 -6 -10 0 0 0 0 0 0 0 0 0 0]"
"1769236308336539,CSI_DATA,STATION,00:00:00:00:00:00,0,0,0,0,0,0,0,0,0,0,0,0,0,0,0,0,0,0,0,0,0,128,[84 -64 4 0 0 0 0 0 0 0 0 0 -6 -14 -6 -13 -5 -14 -5 -14 -4 -14 -4 -14 -3 -14 -3 -14 -3 -14 -2 -14 -2 -14 -2 -14 -2 -13 -2 -13 -2 -13 -2 -13 -1 -13 -1 -12 -1 -13 -1 -13 -1 -12 -1 -12 -1 -12 -1 -12 -2 -11 -2 -11 0 0 -2 -11 -2 -11 -2 -11 -2 -11 -2 -11 -3 -11 -3 -11 -3 -11 -3 -10 -4 -10 -4 -11 -4 -10 -4 -10 -4 -10 -4 -10 -5 -10 -5 -10 -5 -11 -5 -10 -5 -10 -6 -10 -5 -10 -6 -10 -6 -10 -6 -10 -6 -10 0 0 0 0 0 0 0 0 0 0]"
"1769236308343088,CSI_DATA,STATION,00:00:00:00:00:00,0,0,0,0,0,0,0,0,0,0,0,0,0,0,0,0,0,0,0,0,0,128,[84 -64 4 0 0 0 0 0 0 0 0 0 -14 -19 -13 -19 -13 -19 -12 -19 -11 -21 -11 -20 -10 -20 -9 -20 -9 -20 -9 -20 -8 -20 -7 -19 -7 -20 -7 -20 -6 -20 -7 -19 -6 -19 -7 -18 -6 -18 -6 -18 -6 -18 -6 -18 -6 -16 -6 -17 -6 -17 -7 -16 0 0 -6 -15 -7 -15 -7 -16 -7 -15 -7 -15 -8 -15 -8 -14 -8 -14 -9 -14 -9 -14 -9 -14 -9 -13 -9 -13 -10 -13 -10 -13 -10 -13 -11 -13 -11 -12 -11 -12 -11 -12 -12 -12 -12 -12 -12 -12 -13 -11 -13 -11 -13 -11 0 0 0 0 0 0 0 0 0 0]"
"1769236308347353,CSI_DATA,STATION,00:00:00:00:00:00,0,0,0,0,0,0,0,0,0,0,0,0,0,0,0,0,0,0,0,0,0,128,[84 -64 4 0 0 0 0 0 0 0 0 0 -9 -23 -7 -24 -6 -24 -6 -24 -4 -24 -5 -24 -4 -24 -3 -24 -2 -23 -2 -24 -2 -23 -2 -23 -2 -24 -2 -23 0 -22 -1 -22 -1 -22 -2 -20 -1 -21 -1 -20 -2 -20 -1 -20 -2 -18 -2 -19 -2 -19 -2 -19 0 0 -3 -18 -3 -18 -4 -18 -4 -17 -5 -17 -5 -18 -5 -17 -6 -17 -6 -16 -6 -16 -7 -16 -7 -16 -7 -16 -8 -16 -9 -15 -9 -15 -9 -16 -10 -16 -10 -15 -10 -15 -11 -15 -11 -14 -10 -15 -12 -15 -12 -14 -12 -14 0 0 0 0 0 0 0 0 0 0]"
"1769236308351657,CSI_DATA,STATION,00:00:00:00:00:00,0,0,0,0,0,0,0,0,0,0,0,0,0,0,0,0,0,0,0,0,0,128,[84 -64 4 0 0 0 0 0 0 0 0 0 8 10 8 11 7 12 7 11 6 12 6 12 6 12 5 12 5 11 5 12 4 12 4 11 4 12 4 11 3 11 3 11 3 11 4 10 3 10 3 11 4 10 3 10 4 9 3 10 4 9 4 9 0 0 4 9 4 9 4 9 4 8 5 8 5 8 5 8 5 8 6 7 6 7 6 7 6 7 6 7 6 7 6 7 7 7 7 6 7 6 8 6 7 6 7 6 7 6 8 6 8 6 9 6 8 6 0 0 0 0 0 0 0 0 0 0]"
"1769236308358200,CSI_DATA,STATION,00:00:00:00:00:00,0,0,0,0,0,0,0,0,0,0,0,0,0,0,0,0,0,0,0,0,0,128,[84 -64 4 0 0 0 0 0 0 0 0 0 8 10 7 11 6 11 7 12 6 12 6 12 5 11 4 12 5 12 4 12 4 12 3 12 3 11 3 11 3 12 3 11 3 11 3 10 3 11 3 11 3 10 3 10 2 10 3 10 3 10 3 10 0 0 3 9 3 9 4 9 3 8 4 9 4 9 4 8 5 9 4 8 4 8 5 7 5 8 5 8 5 8 5 8 6 7 6 7 7 7 7 7 6 7 6 7 7 7 7 7 7 7 7 7 7 7 0 0 0 0 0 0 0 0 0 0]"
"1769236308362586,CSI_DATA,STATION,00:00:00:00:00:00,0,0,0,0,0,0,0,0,0,0,0,0,0,0,0,0,0,0,0,0,0,128,[84 -64 4 0 0 0 0 0 0 0 0 0 1 15 1 15 0 15 -1 14 -1 15 -1 15 -2 15 -3 15 -3 14 -3 14 -3 14 -3 13 -3 13 -4 13 -4 13 -4 13 -4 12 -4 12 -4 12 -4 12 -4 12 -3 12 -4 12 -3 11 -2 11 -3 11 0 0 -2 11 -2 11 -2 11 -2 11 -2 11 -2 11 -1 11 -1 11 -1 11 -1 11 0 11 0 11 0 11 1 11 1 11 1 11 1 11 1 11 2 11 2 11 2 12 3 11 2 11 3 11 3 11 3 12 0 0 0 0 0 0 0 0 0 0]"
"1769236308369188,CSI_DATA,STATION,00:00:00:00:00:00,0,0,0,0,0,0,0,0,0,0,0,0,0,0,0,0,0,0,0,0,0,128,[84 -64 4 0 0 0 0 0 0 0 0 0 4 13 3 13 3 13 3 13 2 13 1 13 1 13 0 13 0 13 0 13 0 13 0 12 0 12 -1 12 -1 12 -1 12 -1 11 -1 11 -1 12 -1 11 0 11 -1 10 -1 11 -1 11 0 10 0 10 0 0 0 10 1 10 1 10 1 10 1 10 1 10 2 10 2 9 2 9 2 9 2 9 3 10 3 10 3 10 3 10 4 10 4 9 4 9 4 10 4 9 4 9 5 9 5 9 5 9 5 9 5 10 0 0 0 0 0 0 0 0 0 0]"
"1769236308373550,CSI_DATA,STATION,00:00:00:00:00:00,0,0,0,0,0,0,0,0,0,0,0,0,0,0,0,0,0,0,0,0,0,128,[84 -64 4 0 0 0 0 0 0 0 0 0 -13 9 -13 9 -14 9 -13 8 -14 8 -14 8 -14 7 -14 6 -14 6 -15 6 -14 6 -14 5 -14 5 -13 5 -14 4 -14 5 -13 5 -13 4 -13 4 -13 4 -12 4 -13 4 -12 4 -12 4 -12 4 -12 4 0 0 -11 5 -11 5 -11 5 -11 5 -11 5 -10 5 -10 6 -10 6 -10 6 -10 7 -10 7 -10 7 -9 7 -10 7 -10 8 -10 8 -9 8 -9 8 -9 8 -9 9 -9 9 -9 9 -9 9 -9 9 -9 9 -9 10 0 0 0 0 0 0 0 0 0 0]"
"1769236308377910,CSI_DATA,STATION,00:00:00:00:00:00,0,0,0,0,0,0,0,0,0,0,0,0,0,0,0,0,0,0,0,0,0,128,[84 -64 4 0 0 0 0 0 0 0 0 0 14 3 15 4 14 5 15 5 13 5 14 6 13 6 13 6 13 7 13 7 12 7 12 7 12 8 12 7 11 7 11 7 11 7 11 7 11 7 10 7 10 7 11 6 10 6 10 7 10 6 11 5 0 0 11 5 10 5 10 5 11 4 11 5 11 4 11 4 11 4 11 3 10 3 11 3 11 3 12 3 12 2 11 2 12 2 11 2 12 1 12 1 12 1 12 1 12 1 12 0 12 1 13 0 13 0 0 0 0 0 0 0 0 0 0 0]"
"1769236308384473,CSI_DATA,STATION,00:00:00:00:00:00,0,0,0,0,0,0,0,0,0,0,0,0,0,0,0,0,0,0,0,0,0,128,[84 -64 4 0 0 0 0 0 0 0 0 0 -13 -6 -13 -7 -12 -7 -12 -8 -12 -8 -12 -9 -11 -9 -11 -9 -11 -9 -11 -10 -11 -9 -10 -10 -10 -10 -10 -10 -10 -10 -9 -9 -10 -10 -9 -9 -9 -9 -9 -10 -9 -9 -9 -9 -8 -8 -9 -9 -8 -8 -9 -8 0 0 -9 -8 -8 -8 -9 -8 -8 -7 -9 -7 -9 -7 -9 -7 -10 -7 -10 -6 -10 -6 -10 -6 -10 -6 -10 -6 -10 -6 -10 -5 -11 -5 -11 -6 -11 -6 -11 -5 -11 -5 -11 -5 -11 -5 -11 -5 -12 -5 -12 -5 -12 -4 0 0 0 0 0 0 0 0 0 0]"
"1769236308388864,CSI_DATA,STATION,00:00:00:00:00:00,0,0,0,0,0,0,0,0,0,0,0,0,0,0,0,0,0,0,0,0,0,128,[84 -64 4 0 0 0 0 0 0 0 0 0 13 -5 13 -5 13 -3 13 -3 13 -3 13 -3 13 -2 13 -2 13 -2 13 -1 13 -1 12 -1 13 -1 12 -1 13 -1 12 -1 11 0 12 -1 12 0 12 0 11 0 11 0 11 -1 11 -1 11 -1 11 -2 0 0 10 -2 11 -1 10 -1 11 -2 10 -2 11 -2 10 -2 10 -3 10 -3 10 -3 10 -3 10 -3 10 -4 10 -4 11 -4 10 -5 10 -5 10 -5 10 -5 10 -5 10 -5 10 -5 10 -6 10 -6 10 -6 10 -6 0 0 0 0 0 0 0 0 0 0]"
"1769236308399722,CSI_DATA,STATION,00:00:00:00:00:00,0,0,0,0,0,0,0,0,0,0,0,0,0,0,0,0,0,0,0,0,0,128,[84 -64 4 0 0 0 0 0 0 0 0 0 13 -6 13 -6 13 -4 13 -4 13 -4 14 -4 13 -3 13 -2 13 -3 13 -2 13 -2 13 -2 13 -1 13 -1 13 -1 12 -1 12 -1 12 -1 12 0 12 -1 12 0 12 -1 11 -1 11 -1 11 -1 11 -1 0 0 11 -1 11 -1 11 -1 11 -2 11 -2 11 -2 11 -2 10 -3 10 -2 10 -3 10 -3 10 -3 11 -3 11 -3 11 -4 11 -4 10 -4 11 -5 10 -5 11 -4 11 -5 10 -4 11 -5 10 -5 11 -5 11 -6 0 0 0 0 0 0 0 0 0 0]"
"1769236308406257,CSI_DATA,STATION,00:00:00:00:00:00,0,0,0,0,0,0,0,0,0,0,0,0,0,0,0,0,0,0,0,0,0,128,[84 -64 4 0 0 0 0 0 0 0 0 0 -11 11 -12 10 -12 10 -13 10 -13 9 -13 9 -13 9 -14 8 -13 8 -14 7 -14 7 -14 7 -13 6 -13 6 -14 6 -13 7 -14 6 -13 6 -13 6 -13 6 -12 6 -12 6 -12 6 -12 6 -12 6 -12 6 0 0 -12 7 -11 6 -11 7 -11 7 -11 7 -11 7 -10 7 -10 7 -10 8 -10 8 -10 9 -10 8 -10 9 -9 9 -9 9 -9 10 -9 9 -9 10 -9 10 -9 10 -9 11 -8 10 -8 10 -8 11 -8 11 -8 11 0 0 0 0 0 0 0 0 0 0]"
"1769236308412781,CSI_DATA,STATION,00:00:00:00:00:00,0,0,0,0,0,0,0,0,0,0,0,0,0,0,0,0,0,0,0,0,0,128,[84 -64 4 0 0 0 0 0 0 0 0 0 -6 13 -7 13 -7 12 -8 12 -8 11 -9 12 -9 12 -9 11 -9 11 -9 10 -10 11 -9 10 -9 10 -9 10 -10 10 -9 9 -10 10 -9 9 -9 9 -10 9 -9 8 -9 9 -9 8 -9 9 -8 8 -8 9 0 0 -8 9 -7 8 -8 9 -7 9 -7 9 -7 9 -7 9 -7 9 -7 9 -7 9 -6 10 -6 10 -6 10 -6 10 -6 10 -6 11 -5 10 -5 11 -5 11 -6 11 -5 11 -5 11 -5 11 -5 11 -5 11 -5 12 0 0 0 0 0 0 0 0 0 0]"
"1769236308419378,CSI_DATA,STATION,00:00:00:00:00:00,0,0,0,0,0,0,0,0,0,0,0,0,0,0,0,0,0,0,0,0,0,128,[84 -64 4 0 0 0 0 0 0 0 0 0 13 9 13 10 13 10 12 11 11 12 11 12 11 11 10 12 10 12 10 13 10 12 9 12 9 12 8 12 8 13 9 12 8 12 8 12 8 12 8 12 8 12 8 11 7 11 8 11 8 11 8 10 0 0 8 10 8 10 8 10 8 9 8 10 9 9 9 9 9 9 9 8 9 9 9 8 9 9 9 8 10 8 10 8 10 8 10 7 11 7 11 7 11 6 11 7 11 7 11 7 11 7 12 6 12 6 0 0 0 0 0 0 0 0 0 0]"
"1769236308430159,CSI_DATA,STATION,00:00:00:00:00:00,0,0,0,0,0,0,0,0,0,0,0,0,0,0,0,0,0,0,0,0,0,128,[84 -64 4 0 0 0 0 0 0 0 0 0 2 18 2 18 1 18 0 19 0 19 0 19 -1 18 -2 18 -2 18 -2 18 -3 18 -3 17 -4 17 -4 17 -4 17 -4 16 -4 16 -4 15 -4 16 -4 16 -4 15 -4 15 -4 15 -4 15 -4 15 -3 15 0 0 -3 14 -3 15 -2 14 -2 15 -2 15 -1 15 -1 14 -1 14 -1 14 0 14 0 14 -1 14 0 14 0 14 0 14 1 14 1 14 2 14 2 14 2 14 2 14 3 14 2 15 3 14 3 15 3 15 0 0 0 0 0 0 0 0 0 0]"
"1769236308436688,CSI_DATA,STATION,00:00:00:00:00:00,0,0,0,0,0,0,0,0,0,0,0,0,0,0,0,0,0,0,0,0,0,128,[84 -64 4 0 0 0 0 0 0 0 0 0 -2 -18 -2 -18 -1 -18 0 -18 0 -18 1 -18 1 -17 2 -17 2 -17 2 -17 2 -17 3 -17 3 -16 3 -16 3 -17 3 -16 4 -15 3 -15 3 -16 3 -15 3 -15 3 -14 3 -14 2 -15 2 -14 2 -15 0 0 1 -14 2 -14 1 -14 1 -14 1 -14 0 -14 0 -14 0 -14 0 -13 -1 -13 -1 -14 -1 -13 -2 -14 -2 -14 -2 -13 -2 -14 -3 -13 -3 -14 -3 -14 -3 -14 -4 -14 -4 -13 -4 -14 -5 -14 -5 -14 -5 -14 0 0 0 0 0 0 0 0 0 0]"
"1769236308443266,CSI_DATA,STATION,00:00:00:00:00:00,0,0,0,0,0,0,0,0,0,0,0,0,0,0,0,0,0,0,0,0,0,128,[84 -64 4 0 0 0 0 0 0 0 0 0 -10 -13 -10 -13 -9 -14 -9 -14 -8 -15 -8 -14 -7 -14 -6 -15 -6 -15 -6 -15 -6 -14 -6 -15 -5 -14 -5 -15 -5 -15 -5 -14 -4 -14 -4 -14 -4 -14 -4 -14 -4 -13 -4 -13 -4 -13 -4 -13 -4 -12 -5 -12 0 0 -4 -12 -4 -12 -5 -12 -5 -12 -5 -11 -5 -12 -5 -11 -6 -11 -5 -11 -6 -11 -6 -11 -6 -11 -7 -11 -6 -10 -7 -11 -7 -11 -7 -11 -7 -10 -7 -11 -7 -11 -8 -11 -8 -10 -8 -11 -8 -11 -8 -10 -9 -10 0 0 0 0 0 0 0 0 0 0]"
"1769236308447520,CSI_DATA,STATION,00:00:00:00:00:00,0,0,0,0,0,0,0,0,0,0,0,0,0,0,0,0,0,0,0,0,0,128,[84 -64 4 0 0 0 0 0 0 0 0 0 -15 1 -14 1 -15 0 -14 0 -15 0 -14 -1 -14 -1 -15 -2 -14 -2 -14 -2 -14 -2 -14 -2 -13 -3 -13 -3 -13 -3 -13 -3 -12 -3 -12 -3 -12 -3 -12 -3 -12 -3 -12 -3 -12 -3 -12 -3 -12 -2 -11 -2 0 0 -11 -2 -12 -2 -11 -1 -12 -1 -11 -1 -11 -1 -11 -1 -11 -1 -11 0 -11 0 -11 1 -11 0 -11 0 -11 1 -11 1 -11 1 -11 1 -11 2 -11 2 -11 2 -11 2 -11 2 -11 2 -11 3 -11 3 -11 3 0 0 0 0 0 0 0 0 0 0]"
"1769236308453880,CSI_DATA,STATION,00:00:00:00:00:00,0,0,0,0,0,0,0,0,0,0,0,0,0,0,0,0,0,0,0,0,0,128,[84 -64 4 0 0 0 0 0 0 0 0 0 -8 -14 -8 -15 -7 -15 -7 -15 -6 -16 -6 -15 -4 -15 -5 -15 -4 -15 -4 -16 -4 -15 -3 -15 -3 -15 -3 -15 -3 -15 -3 -15 -2 -14 -2 -14 -2 -14 -2 -14 -2 -14 -2 -13 -2 -13 -2 -13 -3 -13 -3 -13 0 0 -3 -12 -3 -13 -3 -12 -3 -13 -3 -12 -4 -12 -4 -12 -4 -12 -4 -12 -5 -12 -5 -12 -5 -11 -5 -11 -5 -11 -5 -11 -5 -11 -6 -11 -6 -11 -6 -11 -6 -11 -7 -11 -7 -11 -7 -11 -7 -11 -7 -11 -7 -11 0 0 0 0 0 0 0 0 0 0]"
"1769236308460298,CSI_DATA,STATION,00:00:00:00:00:00,0,0,0,0,0,0,0,0,0,0,0,0,0,0,0,0,0,0,0,0,0,128,[84 -64 4 0 0 0 0 0 0 0 0 0 -1 -18 0 -18 1 -18 1 -18 1 -18 2 -17 2 -18 3 -18 3 -17 4 -17 4 -16 4 -16 4 -16 4 -16 4 -16 4 -15 5 -15 5 -15 5 -15 5 -15 4 -14 4 -14 4 -14 4 -14 4 -14 3 -14 0 0 3 -14 3 -13 2 -13 2 -14 3 -13 2 -13 1 -13 1 -14 1 -14 1 -13 1 -14 1 -13 0 -14 0 -14 -1 -14 -1 -14 -1 -14 -1 -14 -1 -14 -2 -14 -1 -14 -2 -14 -2 -14 -2 -14 -2 -15 -2 -14 0 0 0 0 0 0 0 0 0 0]"
"1769236308464662,CSI_DATA,STATION,00:00:00:00:00:00,0,0,0,0,0,0,0,0,0,0,0,0,0,0,0,0,0,0,0,0,0,128,[84 -64 4 0 0 0 0 0 0 0 0 0 16 4 16 5 15 6 15 7 15 7 15 7 14 8 14 8 13 8 14 9 13 9 13 8 13 9 12 9 12 9 11 9 12 9 11 9 12 9 11 9 11 9 11 8 10 8 11 9 10 8 10 7 0 0 10 8 10 7 11 6 10 6 11 7 11 6 11 6 11 6 11 5 11 5 11 5 11 5 12 5 12 4 11 4 12 4 12 4 12 4 12 4 12 3 12 3 12 4 12 3 12 3 13 3 13 2 0 0 0 0 0 0 0 0 0 0]"
"1769236308471282,CSI_DATA,STATION,00:00:00:00:00:00,0,0,0,0,0,0,0,0,0,0,0,0,0,0,0,0,0,0,0,0,0,128,[84 -64 4 0 0 0 0 0 0 0 0 0 4 -17 5 -16 5 -16 6 -16 6 -16 7 -15 7 -15 7 -15 8 -15 8 -14 8 -14 8 -14 8 -13 8 -13 8 -13 8 -13 8 -13 8 -13 8 -12 8 -12 8 -12 7 -12 8 -12 7 -12 6 -12 7 -12 0 0 6 -12 6 -12 5 -11 5 -11 5 -12 5 -12 5 -12 5 -12 4 -12 4 -12 4 -13 4 -12 4 -12 3 -12 3 -13 2 -13 2 -13 2 -13 2 -13 2 -13 2 -13 2 -13 1 -14 1 -13 1 -14 1 -14 0 0 0 0 0 0 0 0 0 0]"
"1769236308475719,CSI_DATA,STATION,00:00:00:00:00:00,0,0,0,0,0,0,0,0,0,0,0,0,0,0,0,0,0,0,0,0,0,128,[84 -64 4 0 0 0 0 0 0 0 0 0 8 -15 9 -14 9 -15 9 -14 10 -14 11 -13 10 -12 11 -12 11 -12 12 -12 11 -11 11 -11 11 -11 11 -10 11 -10 11 -10 11 -10 11 -10 10 -9 11 -9 10 -9 10 -9 10 -9 10 -9 9 -9 9 -9 0 0 9 -9 9 -9 8 -9 8 -9 8 -9 8 -9 8 -9 8 -10 7 -10 7 -10 7 -11 7 -10 7 -10 7 -11 7 -11 6 -11 6 -12 6 -12 6 -12 6 -12 6 -12 6 -12 6 -12 5 -12 5 -12 5 -13 0 0 0 0 0 0 0 0 0 0]"
"1769236308480164,CSI_DATA,STATION,00:00:00:00:00:00,0,0,0,0,0,0,0,0,0,0,0,0,0,0,0,0,0,0,0,0,0,128,[84 -64 4 0 0 0 0 0 0 0 0 0 -17 -1 -17 -2 -17 -3 -17 -3 -17 -3 -16 -4 -16 -5 -16 -5 -16 -5 -16 -6 -15 -5 -15 -6 -14 -6 -15 -6 -14 -6 -14 -5 -14 -6 -14 -6 -14 -6 -13 -6 -13 -6 -13 -6 -13 -6 -13 -5 -13 -5 -13 -5 0 0 -12 -4 -12 -4 -12 -3 -13 -3 -13 -4 -12 -3 -12 -3 -13 -3 -13 -2 -13 -2 -13 -2 -13 -2 -13 -1 -13 -1 -13 -1 -13 0 -14 -1 -13 0 -13 0 -13 0 -13 0 -14 0 -14 0 -14 1 -13 1 -13 2 0 0 0 0 0 0 0 0 0 0]"
"1769236308486794,CSI_DATA,STATION,00:00:00:00:00:00,0,0,0,0,0,0,0,0,0,0,0,0,0,0,0,0,0,0,0,0,0,128,[84 -64 4 0 0 0 0 0 0 0 0 0 14 -7 15 -6 15 -5 15 -5 15 -4 15 -5 15 -4 15 -3 15 -3 15 -2 15 -2 14 -2 14 -1 14 -1 14 -1 14 -1 13 -1 13 -1 14 -1 14 -1 13 0 13 -1 12 -1 13 -1 12 -1 12 -2 0 0 12 -1 12 -2 12 -2 12 -2 12 -2 12 -2 12 -3 11 -3 11 -3 11 -3 11 -4 11 -3 11 -4 11 -4 11 -5 11 -5 11 -5 11 -5 11 -5 11 -5 12 -5 11 -5 11 -5 11 -6 11 -6 11 -6 0 0 0 0 0 0 0 0 0 0]"
"1769236308491234,CSI_DATA,STATION,00:00:00:00:00:00,0,0,0,0,0,0,0,0,0,0,0,0,0,0,0,0,0,0,0,0,0,128,[84 -64 4 0 0 0 0 0 0 0 0 0 15 3 15 3 15 4 15 5 15 5 14 5 14 6 13 6 13 6 13 7 12 7 12 7 12 7 12 7 12 7 12 7 11 7 11 7 11 7 11 7 11 7 11 6 10 6 11 7 10 6 10 5 0 0 10 5 10 5 10 5 10 5 11 5 11 4 11 4 11 4 11 3 11 3 11 3 11 3 11 3 11 3 12 2 11 1 12 2 12 1 12 1 12 1 12 1 12 1 12 1 12 1 13 0 12 0 0 0 0 0 0 0 0 0 0 0]"
"1769236308495600,CSI_DATA,STATION,00:00:00:00:00:00,0,0,0,0,0,0,0,0,0,0,0,0,0,0,0,0,0,0,0,0,0,128,[84 -64 4 0 0 0 0 0 0 0 0 0 -16 1 -16 0 -17 0 -16 -1 -16 -1 -16 -2 -16 -3 -16 -3 -15 -3 -16 -3 -16 -3 -15 -3 -14 -3 -14 -4 -14 -4 -14 -3 -14 -4 -14 -4 -14 -4 -13 -4 -13 -4 -13 -4 -13 -3 -13 -4 -13 -3 -13 -2 0 0 -12 -3 -12 -2 -12 -2 -12 -2 -12 -2 -12 -2 -12 -1 -12 -1 -12 -1 -12 0 -13 0 -12 0 -12 0 -12 1 -13 1 -12 1 -13 1 -12 1 -12 2 -13 2 -13 2 -13 2 -13 2 -13 3 -13 3 -13 3 0 0 0 0 0 0 0 0 0 0]"
"1769236308502072,CSI_DATA,STATION,00:00:00:00:00:00,0,0,0,0,0,0,0,0,0,0,0,0,0,0,0,0,0,0,0,0,0,128,[84 -64 4 0 0 0 0 0 0 0 0 0 -15 3 -15 3 -14 2 -14 1 -14 1 -14 1 -14 1 -14 0 -14 0 -14 -1 -14 0 -13 -1 -13 -2 -13 -1 -13 -1 -13 -1 -13 -1 -12 -1 -13 -2 -13 -1 -12 -1 -12 -1 -12 -1 -12 -2 -11 -1 -12 0 0 0 -11 0 -11 0 -11 0 -11 0 -11 0 -11 1 -11 1 -11 1 -11 2 -11 2 -11 2 -11 2 -11 2 -11 3 -11 3 -11 3 -11 3 -11 3 -11 4 -11 4 -11 4 -11 4 -11 4 -11 4 -11 5 -11 5 0 0 0 0 0 0 0 0 0 0]"
"1769236308506386,CSI_DATA,STATION,00:00:00:00:00:00,0,0,0,0,0,0,0,0,0,0,0,0,0,0,0,0,0,0,0,0,0,128,[84 -64 4 0 0 0 0 0 0 0 0 0 15 3 14 4 15 5 14 5 14 6 14 6 14 6 13 7 13 7 13 7 13 7 12 7 12 7 12 8 11 7 11 7 11 7 12 8 11 7 10 7 10 7 10 6 10 6 11 7 10 6 10 6 0 0 10 5 11 5 10 4 11 5 10 5 10 4 10 4 11 4 11 3 11 4 11 3 11 3 11 3 11 2 12 2 11 2 12 2 12 1 12 1 12 1 12 1 12 1 13 1 12 0 13 0 12 0 0 0 0 0 0 0 0 0 0 0]"
"1769236308512849,CSI_DATA,STATION,00:00:00:00:00:00,0,0,0,0,0,0,0,0,0,0,0,0,0,0,0,0,0,0,0,0,0,128,[84 -64 4 0 0 0 0 0 0 0 0 0 -16 2 -16 1 -16 0 -16 -1 -16 -1 -16 -2 -16 -2 -15 -2 -15 -3 -15 -3 -15 -3 -15 -3 -15 -4 -15 -4 -14 -4 -14 -4 -14 -4 -13 -4 -14 -4 -13 -4 -13 -4 -13 -4 -13 -3 -13 -4 -13 -3 -13 -3 0 0 -12 -3 -12 -2 -12 -2 -12 -2 -13 -2 -12 -2 -12 -2 -12 -1 -12 -1 -12 -1 -13 0 -13 0 -12 0 -13 0 -13 0 -13 1 -13 1 -13 1 -13 1 -13 1 -13 1 -13 1 -13 2 -13 2 -13 2 -13 2 0 0 0 0 0 0 0 0 0 0]"
"1769236308517194,CSI_DATA,STATION,00:00:00:00:00:00,0,0,0,0,0,0,0,0,0,0,0,0,0,0,0,0,0,0,0,0,0,128,[84 -64 4 0 0 0 0 0 0 0 0 0 13 -8 13 -8 13 -7 13 -7 14 -6 14 -6 14 -6 15 -6 14 -5 15 -4 14 -4 14 -4 13 -4 14 -4 13 -3 14 -3 13 -3 13 -4 12 -3 13 -3 12 -3 12 -3 12 -3 12 -3 11 -3 11 -3 0 0 11 -4 11 -4 11 -4 11 -5 10 -5 11 -4 10 -5 10 -5 10 -6 10 -6 10 -6 10 -6 10 -6 10 -6 10 -7 10 -7 10 -8 10 -8 10 -8 10 -8 10 -8 9 -8 10 -8 10 -9 10 -9 10 -9 0 0 0 0 0 0 0 0 0 0]"
"1769236308521534,CSI_DATA,STATION,00:00:00:00:00:00,0,0,0,0,0,0,0,0,0,0,0,0,0,0,0,0,0,0,0,0,0,128,[84 -64 4 0 0 0 0 0 0 0 0 0 -12 11 -12 10 -12 9 -13 9 -13 8 -14 9 -13 8 -14 7 -14 7 -14 6 -14 7 -14 6 -13 6 -14 6 -14 5 -13 5 -13 5 -12 4 -13 5 -13 5 -13 4 -13 4 -12 5 -12 5 -12 5 -12 5 0 0 -12 5 -11 5 -11 6 -11 5 -11 5 -11 6 -11 6 -11 6 -10 7 -10 7 -10 7 -10 7 -10 7 -10 8 -10 8 -10 8 -10 8 -10 9 -10 9 -10 9 -9 9 -10 9 -10 9 -9 9 -9 10 -10 10 0 0 0 0 0 0 0 0 0 0]"
"1769236308528016,CSI_DATA,STATION,00:00:00:00:00:00,0,0,0,0,0,0,0,0,0,0,0,0,0,0,0,0,0,0,0,0,0,128,[84 -64 4 0 0 0 0 0 0 0 0 0 -16 -6 -15 -7 -15 -7 -15 -8 -14 -9 -14 -9 -13 -9 -13 -10 -12 -10 -13 -10 -13 -9 -12 -10 -12 -10 -12 -10 -11 -10 -11 -10 -11 -9 -11 -10 -11 -10 -10 -10 -10 -10 -10 -10 -11 -9 -10 -9 -10 -8 -10 -8 0 0 -10 -8 -10 -8 -11 -7 -11 -7 -11 -8 -11 -7 -10 -7 -11 -7 -11 -6 -12 -6 -12 -6 -12 -6 -12 -6 -12 -6 -12 -5 -13 -5 -12 -5 -12 -5 -13 -5 -13 -5 -13 -4 -13 -4 -13 -4 -14 -4 -13 -4 -14 -4 0 0 0 0 0 0 0 0 0 0]"
"1769236308532319,CSI_DATA,STATION,00:00:00:00:00:00,0,0,0,0,0,0,0,0,0,0,0,0,0,0,0,0,0,0,0,0,0,128,[84 -64 4 0 0 0 0 0 0 0 0 0 14 -4 14 -2 14 -2 14 -2 14 -1 14 -1 14 0 14 1 14 1 13 1 14 1 13 1 13 2 13 2 13 2 12 1 12 2 12 2 12 2 12 2 11 2 11 2 11 2 11 2 11 1 11 1 0 0 10 1 11 1 11 0 11 0 11 1 11 0 11 0 11 0 10 0 11 -1 11 -2 11 -1 11 -1 11 -1 11 -2 11 -2 11 -3 11 -3 11 -3 11 -3 11 -3 11 -3 12 -3 12 -3 12 -3 12 -4 0 0 0 0 0 0 0 0 0 0]"
"1769236308538841,CSI_DATA,STATION,00:00:00:00:00:00,0,0,0,0,0,0,0,0,0,0,0,0,0,0,0,0,0,0,0,0,0,128,[84 -64 4 0 0 0 0 0 0 0 0 0 3 15 2 15 2 16 2 16 1 16 1 16 0 16 0 16 -1 15 -1 16 -1 15 -1 15 -2 15 -2 14 -2 14 -2 15 -2 14 -3 14 -2 14 -2 14 -2 13 -2 13 -1 13 -1 13 -1 13 -1 12 0 0 -1 12 0 13 0 12 0 13 0 12 1 12 1 12 1 12 1 12 2 12 2 12 2 12 2 12 3 12 3 12 3 12 4 12 4 12 4 12 4 12 4 13 5 12 4 13 5 12 5 12 5 12 0 0 0 0 0 0 0 0 0 0]"
"1769236308543301,CSI_DATA,STATION,00:00:00:00:00:00,0,0,0,0,0,0,0,0,0,0,0,0,0,0,0,0,0,0,0,0,0,128,[84 -64 4 0 0 0 0 0 0 0 0 0 -6 -14 -6 -14 -5 -14 -5 -15 -5 -15 -4 -15 -3 -15 -3 -15 -2 -15 -2 -15 -2 -15 -2 -15 -2 -14 -2 -14 -2 -14 -2 -14 -1 -13 -1 -13 -2 -13 -1 -13 -1 -13 -1 -12 -1 -13 -1 -12 -2 -13 -2 -12 0 0 -2 -12 -3 -12 -3 -12 -3 -12 -3 -12 -3 -12 -4 -12 -3 -12 -4 -11 -4 -12 -5 -12 -4 -12 -5 -11 -5 -11 -5 -11 -6 -11 -6 -11 -6 -12 -6 -11 -6 -11 -6 -11 -6 -11 -7 -12 -7 -11 -7 -11 -8 -11 0 0 0 0 0 0 0 0 0 0]"
"1769236308547546,CSI_DATA,STATION,00:00:00:00:00:00,0,0,0,0,0,0,0,0,0,0,0,0,0,0,0,0,0,0,0,0,0,128,[84 -64 4 0 0 0 0 0 0 0 0 0 14 0 14 1 14 2 14 2 14 3 14 3 14 3 13 4 13 4 13 5 13 4 13 4 12 5 12 5 12 5 12 5 11 5 12 5 11 5 12 5 11 5 11 4 11 4 11 4 11 4 11 4 0 0 10 3 11 3 10 3 11 3 11 3 11 3 11 2 11 2 11 2 11 1 11 1 11 1 11 2 11 1 12 1 11 0 12 0 11 0 12 0 12 0 12 -1 12 0 12 -1 12 -1 12 -1 12 -1 0 0 0 0 0 0 0 0 0 0]"
"1769236308553896,CSI_DATA,STATION,00:00:00:00:00:00,0,0,0,0,0,0,0,0,0,0,0,0,0,0,0,0,0,0,0,0,0,128,[84 -64 4 0 0 0 0 0 0 0 0 0 10 7 10 8 9 8 9 9 9 9 9 10 8 9 8 9 7 9 7 10 8 9 7 9 7 10 7 10 6 10 6 9 6 9 6 9 6 9 5 9 6 9 5 9 6 9 6 9 6 8 6 8 0 0 6 8 6 7 7 7 6 7 7 7 7 7 6 7 7 7 7 7 7 6 7 6 8 7 8 6 8 6 8 6 8 6 8 5 9 5 9 5 9 6 9 5 9 6 9 5 10 5 10 5 10 5 0 0 0 0 0 0 0 0 0 0]"
"1769236308558155,CSI_DATA,STATION,00:00:00:00:00:00,0,0,0,0,0,0,0,0,0,0,0,0,0,0,0,0,0,0,0,0,0,128,[84 -64 4 0 0 0 0 0 0 0 0 0 -13 4 -13 3 -13 2 -13 2 -13 2 -14 2 -14 1 -14 1 -14 0 -14 0 -13 0 -13 0 -13 -1 -13 0 -13 -1 -12 0 -12 -1 -12 -1 -12 -1 -12 -1 -12 -1 -11 -1 -11 0 -11 -1 -11 0 -11 0 0 0 -11 1 -11 0 -11 1 -11 1 -11 1 -11 1 -11 1 -11 2 -11 2 -11 2 -11 3 -11 3 -10 3 -11 3 -11 4 -11 3 -10 3 -11 4 -11 4 -11 4 -11 5 -11 5 -11 4 -10 5 -11 5 -11 5 0 0 0 0 0 0 0 0 0 0]"
"1769236308564518,CSI_DATA,STATION,00:00:00:00:00:00,0,0,0,0,0,0,0,0,0,0,0,0,0,0,0,0,0,0,0,0,0,128,[84 -64 4 0 0 0 0 0 0 0 0 0 1 14 0 15 -1 14 -1 14 -1 14 -2 14 -2 14 -3 14 -3 14 -4 14 -3 13 -4 13 -4 13 -4 13 -4 13 -4 12 -4 12 -5 12 -4 12 -4 11 -4 12 -4 11 -4 11 -4 11 -4 11 -3 11 0 0 -3 11 -2 11 -3 11 -2 11 -3 11 -2 11 -2 11 -2 11 -2 11 -2 11 -1 11 -1 11 -1 12 0 12 -1 12 0 12 0 12 0 12 0 12 0 12 0 12 0 12 1 12 0 12 1 12 1 13 0 0 0 0 0 0 0 0 0 0]"
"1769236308568754,CSI_DATA,STATION,00:00:00:00:00:00,0,0,0,0,0,0,0,0,0,0,0,0,0,0,0,0,0,0,0,0,0,128,[84 -64 4 0 0 0 0 0 0 0 0 0 -6 13 -7 13 -7 12 -8 13 -8 12 -8 12 -9 11 -10 11 -9 11 -10 10 -9 10 -10 10 -10 10 -10 9 -10 9 -10 9 -10 9 -10 9 -10 9 -9 8 -9 8 -9 8 -9 8 -9 9 -9 8 -9 9 0 0 -8 8 -7 8 -8 9 -7 9 -8 9 -7 8 -7 8 -7 9 -7 9 -7 10 -6 10 -6 10 -6 10 -6 11 -6 10 -6 11 -6 11 -6 11 -6 11 -6 11 -6 12 -5 12 -5 12 -5 11 -5 12 -5 12 0 0 0 0 0 0 0 0 0 0]"
"1769236308575116,CSI_DATA,STATION,00:00:00:00:00:00,0,0,0,0,0,0,0,0,0,0,0,0,0,0,0,0,0,0,0,0,0,128,[84 -64 4 0 0 0 0 0 0 0 0 0 -15 3 -15 1 -15 1 -15 1 -15 0 -15 0 -15 -1 -15 -1 -15 -2 -15 -2 -15 -2 -14 -2 -14 -3 -14 -2 -14 -3 -14 -3 -14 -3 -14 -3 -14 -3 -13 -3 -13 -3 -13 -3 -13 -3 -13 -3 -12 -2 -13 -2 0 0 -12 -2 -12 -2 -12 -2 -12 -1 -13 -2 -12 -1 -12 -2 -13 -1 -13 -1 -12 -1 -13 0 -13 0 -13 1 -13 1 -13 0 -13 1 -13 1 -13 1 -13 1 -13 1 -13 2 -14 1 -13 1 -14 2 -13 2 -13 2 0 0 0 0 0 0 0 0 0 0]"
"1769236308579350,CSI_DATA,STATION,00:00:00:00:00:00,0,0,0,0,0,0,0,0,0,0,0,0,0,0,0,0,0,0,0,0,0,128,[84 -64 4 0 0 0 0 0 0 0 0 0 -14 1 -14 0 -14 0 -14 -1 -14 -1 -14 -2 -14 -3 -14 -2 -14 -3 -14 -4 -13 -3 -13 -3 -13 -3 -13 -3 -13 -4 -12 -3 -13 -4 -12 -4 -13 -4 -12 -4 -12 -4 -12 -4 -12 -4 -12 -4 -11 -3 -12 -2 0 0 -11 -3 -11 -3 -11 -2 -11 -2 -12 -3 -11 -2 -12 -2 -11 -2 -11 -1 -12 -1 -12 0 -12 -1 -12 0 -12 0 -12 0 -12 0 -12 0 -12 0 -12 0 -12 0 -12 1 -12 1 -13 1 -13 1 -13 2 -13 1 0 0 0 0 0 0 0 0 0 0]"
"1769236308583626,CSI_DATA,STATION,00:00:00:00:00:00,0,0,0,0,0,0,0,0,0,0,0,0,0,0,0,0,0,0,0,0,0,128,[84 -64 4 0 0 0 0 0 0 0 0 0 7 -14 8 -15 8 -13 9 -13 9 -13 10 -13 10 -12 10 -12 10 -12 10 -11 11 -11 10 -11 10 -11 11 -11 11 -10 10 -10 11 -10 10 -10 10 -10 11 -9 10 -9 10 -9 10 -9 10 -10 9 -9 9 -10 0 0 9 -9 8 -9 8 -10 8 -9 9 -10 8 -9 8 -10 8 -10 8 -10 7 -10 7 -11 7 -11 7 -11 7 -11 7 -11 7 -12 6 -11 7 -13 7 -12 6 -12 7 -12 6 -12 6 -12 6 -13 6 -13 6 -13 0 0 0 0 0 0 0 0 0 0]"
"1769236308590112,CSI_DATA,STATION,00:00:00:00:00:00,0,0,0,0,0,0,0,0,0,0,0,0,0,0,0,0,0,0,0,0,0,128,[84 -64 4 0 0 0 0 0 0 0 0 0 -15 0 -15 0 -15 -1 -15 -1 -15 -1 -15 -2 -15 -2 -15 -3 -14 -3 -14 -3 -14 -3 -14 -3 -13 -4 -14 -4 -13 -4 -13 -4 -13 -4 -13 -4 -13 -5 -12 -4 -12 -4 -12 -4 -12 -4 -13 -4 -12 -3 -12 -3 0 0 -12 -3 -12 -3 -12 -2 -12 -2 -12 -3 -12 -2 -12 -2 -12 -2 -12 -1 -12 -1 -12 -1 -12 -1 -12 -1 -12 0 -12 0 -12 0 -12 0 -13 0 -13 1 -13 0 -13 1 -13 1 -13 1 -13 1 -13 1 -13 1 0 0 0 0 0 0 0 0 0 0]"
"1769236308594427,CSI_DATA,STATION,00:00:00:00:00:00,0,0,0,0,0,0,0,0,0,0,0,0,0,0,0,0,0,0,0,0,0,128,[84 -64 4 0 0 0 0 0 0 0 0 0 15 -2 15 -2 15 0 15 0 15 0 15 1 15 1 15 2 15 2 15 2 14 2 14 3 14 3 14 3 14 3 13 3 13 3 14 3 14 3 13 4 12 3 12 3 13 3 13 3 12 2 12 2 0 0 12 2 12 2 12 1 12 1 13 1 12 1 12 0 12 0 12 0 12 0 12 -1 12 -1 12 -1 12 -1 12 -2 13 -2 13 -2 13 -3 13 -2 12 -2 13 -3 13 -2 13 -3 13 -3 13 -4 13 -4 0 0 0 0 0 0 0 0 0 0]"
"1769236308600907,CSI_DATA,STATION,00:00:00:00:00:00,0,0,0,0,0,0,0,0,0,0,0,0,0,0,0,0,0,0,0,0,0,128,[84 -64 4 0 0 0 0 0 0 0 0 0 -13 6 -13 5 -13 5 -14 4 -13 4 -14 3 -14 3 -14 3 -14 2 -14 2 -14 2 -14 2 -13 1 -13 1 -13 1 -13 1 -13 1 -12 0 -13 1 -13 0 -12 0 -12 0 -12 1 -12 1 -12 1 -12 1 0 0 -12 1 -12 1 -12 2 -11 2 -11 2 -11 2 -11 2 -11 2 -11 3 -11 3 -11 3 -11 3 -11 3 -11 4 -11 4 -11 4 -11 4 -12 4 -11 5 -12 4 -12 5 -11 5 -12 5 -11 5 -11 5 -11 5 0 0 0 0 0 0 0 0 0 0]"
"1769236308605387,CSI_DATA,STATION,00:00:00:00:00:00,0,0,0,0,0,0,0,0,0,0,0,0,0,0,0,0,0,0,0,0,0,128,[84 -64 4 0 0 0 0 0 0 0 0 0 12 8 11 9 11 9 11 10 10 11 10 11 10 11 9 11 9 11 9 11 8 11 8 11 8 11 8 11 7 12 7 11 8 11 7 10 8 11 7 11 7 10 7 10 7 10 7 10 7 10 7 10 0 0 7 9 7 9 8 9 7 9 8 8 8 9 8 8 8 8 9 8 9 8 9 7 9 8 9 8 9 7 9 7 10 7 10 7 10 7 11 6 10 6 11 6 11 7 11 6 11 7 11 6 11 6 0 0 0 0 0 0 0 0 0 0]"
"1769236308609849,CSI_DATA,STATION,00:00:00:00:00:00,0,0,0,0,0,0,0,0,0,0,0,0,0,0,0,0,0,0,0,0,0,128,[84 -64 4 0 0 0 0 0 0 0 0 0 -8 -12 -7 -13 -7 -12 -7 -13 -6 -13 -6 -13 -5 -13 -5 -13 -4 -13 -4 -14 -4 -13 -4 -13 -4 -13 -4 -13 -3 -14 -3 -13 -3 -13 -3 -12 -3 -13 -3 -12 -3 -12 -3 -12 -3 -12 -3 -12 -3 -12 -3 -12 0 0 -3 -11 -3 -12 -4 -12 -4 -11 -5 -11 -4 -11 -4 -11 -5 -11 -5 -11 -5 -11 -6 -11 -6 -11 -6 -11 -6 -11 -6 -11 -6 -11 -6 -11 -7 -11 -7 -11 -6 -11 -7 -11 -7 -11 -7 -11 -8 -11 -8 -11 -8 -10 0 0 0 0 0 0 0 0 0 0]"
"1769236308616500,CSI_DATA,STATION,00:00:00:00:00:00,0,0,0,0,0,0,0,0,0,0,0,0,0,0,0,0,0,0,0,0,0,128,[84 -64 4 0 0 0 0 0 0 0 0 0 -14 7 -14 6 -15 6 -15 6 -15 5 -15 5 -16 4 -16 4 -15 3 -16 3 -15 3 -15 3 -15 2 -15 2 -15 2 -15 2 -15 2 -14 1 -15 1 -14 1 -14 1 -14 1 -14 2 -14 1 -13 2 -14 2 0 0 -13 2 -13 2 -13 3 -13 3 -13 3 -13 3 -13 3 -13 3 -12 4 -12 5 -13 5 -12 4 -12 5 -13 5 -12 5 -12 6 -13 5 -13 6 -13 6 -13 6 -13 7 -13 6 -12 6 -12 7 -12 8 -12 7 0 0 0 0 0 0 0 0 0 0]"
"1769236308625359,CSI_DATA,STATION,00:00:00:00:00:00,0,0,0,0,0,0,0,0,0,0,0,0,0,0,0,0,0,0,0,0,0,128,[84 -64 4 0 0 0 0 0 0 0 0 0 2 -15 3 -15 4 -15 4 -15 5 -15 5 -14 5 -14 6 -14 6 -14 7 -14 6 -14 7 -13 7 -13 7 -12 7 -12 7 -12 7 -12 7 -12 7 -12 7 -12 7 -11 6 -11 7 -12 6 -11 6 -11 6 -11 0 0 5 -11 5 -11 5 -11 5 -11 5 -11 4 -11 4 -11 4 -12 4 -11 4 -12 4 -12 3 -12 3 -12 3 -12 3 -12 3 -12 3 -13 2 -13 2 -13 2 -13 2 -13 2 -13 2 -13 2 -13 2 -13 1 -13 0 0 0 0 0 0 0 0 0 0]"
"1769236308632039,CSI_DATA,STATION,00:00:00:00:00:00,0,0,0,0,0,0,0,0,0,0,0,0,0,0,0,0,0,0,0,0,0,128,[84 -64 4 0 0 0 0 0 0 0 0 0 -2 15 -2 14 -3 15 -3 14 -4 14 -5 14 -4 14 -5 14 -5 13 -5 14 -5 13 -6 13 -6 13 -6 13 -6 12 -6 12 -7 12 -6 12 -7 11 -6 11 -6 11 -6 11 -6 11 -6 11 -6 11 -5 11 0 0 -5 11 -5 11 -4 11 -5 11 -5 11 -4 11 -4 11 -3 11 -4 11 -3 11 -3 11 -3 11 -3 11 -2 11 -3 11 -3 12 -2 12 -2 11 -2 12 -2 12 -2 12 -1 12 -1 12 -1 12 -2 12 -1 12 0 0 0 0 0 0 0 0 0 0]"
"1769236308638710,CSI_DATA,STATION,00:00:00:00:00:00,0,0,0,0,0,0,0,0,0,0,0,0,0,0,0,0,0,0,0,0,0,128,[84 -64 4 0 0 0 0 0 0 0 0 0 -12 -10 -11 -11 -11 -11 -11 -11 -10 -12 -10 -12 -9 -12 -9 -12 -8 -12 -8 -13 -9 -12 -8 -13 -8 -13 -8 -13 -7 -13 -7 -12 -7 -12 -7 -12 -7 -12 -7 -12 -7 -12 -6 -12 -7 -12 -7 -12 -6 -11 -7 -11 0 0 -7 -11 -7 -10 -7 -10 -7 -10 -7 -10 -7 -10 -7 -10 -8 -10 -7 -10 -8 -9 -9 -9 -8 -9 -9 -9 -9 -9 -9 -9 -9 -8 -9 -9 -9 -9 -10 -9 -10 -9 -10 -9 -10 -9 -10 -8 -11 -8 -10 -8 -11 -8 0 0 0 0 0 0 0 0 0 0]"
"1769236308643258,CSI_DATA,STATION,00:00:00:00:00:00,0,0,0,0,0,0,0,0,0,0,0,0,0,0,0,0,0,0,0,0,0,128,[84 -64 4 0 0 0 0 0 0 0 0 0 -17 0 -16 0 -17 -1 -16 -2 -16 -2 -16 -2 -16 -3 -16 -3 -16 -3 -16 -4 -15 -3 -15 -4 -15 -5 -15 -4 -14 -5 -14 -4 -14 -4 -14 -5 -14 -5 -13 -5 -13 -5 -13 -5 -13 -4 -13 -4 -12 -4 -13 -3 0 0 -13 -3 -12 -3 -12 -3 -13 -2 -13 -3 -12 -2 -13 -2 -13 -2 -12 -1 -12 -1 -13 -1 -13 -1 -12 -1 -13 0 -13 0 -13 0 -13 0 -14 1 -14 1 -13 1 -13 1 -14 1 -13 1 -13 2 -13 2 -13 3 0 0 0 0 0 0 0 0 0 0]"
"1769236308649621,CSI_DATA,STATION,00:00:00:00:00:00,0,0,0,0,0,0,0,0,0,0,0,0,0,0,0,0,0,0,0,0,0,128,[84 -64 4 0 0 0 0 0 0 0 0 0 -7 18 -8 17 -8 17 -8 17 -9 17 -10 17 -11 16 -11 16 -11 15 -12 15 -11 15 -11 14 -12 14 -11 14 -12 13 -11 14 -11 13 -12 13 -11 13 -11 12 -11 12 -11 12 -11 12 -10 12 -10 12 -9 12 0 0 -9 12 -9 12 -8 12 -8 13 -8 13 -8 12 -8 13 -7 12 -7 13 -7 13 -6 13 -6 13 -6 13 -6 14 -5 14 -5 14 -5 14 -4 14 -4 14 -4 14 -4 15 -4 14 -4 14 -3 15 -4 15 -3 15 0 0 0 0 0 0 0 0 0 0]"
"1769236308653959,CSI_DATA,STATION,00:00:00:00:00:00,0,0,0,0,0,0,0,0,0,0,0,0,0,0,0,0,0,0,0,0,0,128,[84 -64 4 0 0 0 0 0 0 0 0 0 1 13 0 13 -1 13 -1 13 -1 14 -2 13 -3 13 -3 13 -3 13 -4 13 -3 12 -4 12 -4 12 -4 12 -4 11 -4 12 -4 11 -5 11 -4 11 -4 11 -5 10 -4 10 -4 10 -4 11 -4 10 -3 10 0 0 -4 10 -3 10 -2 10 -3 10 -3 10 -2 10 -2 10 -2 10 -2 10 -2 10 -1 10 -2 10 -1 10 -1 10 -1 10 -1 10 0 10 0 10 -1 10 -1 10 0 11 0 10 0 11 0 11 0 10 0 11 0 0 0 0 0 0 0 0 0 0]"
"1769236308660468,CSI_DATA,STATION,00:00:00:00:00:00,0,0,0,0,0,0,0,0,0,0,0,0,0,0,0,0,0,0,0,0,0,128,[84 -64 4 0 0 0 0 0 0 0 0 0 3 -15 4 -15 4 -15 4 -14 5 -15 5 -15 6 -14 6 -14 7 -14 7 -13 6 -13 6 -12 7 -13 6 -12 7 -12 7 -12 7 -12 7 -12 7 -12 6 -11 6 -11 6 -11 6 -11 6 -11 5 -11 5 -11 0 0 5 -11 5 -10 4 -10 4 -11 4 -11 4 -11 3 -11 3 -11 3 -11 3 -11 2 -12 2 -11 2 -12 2 -12 2 -12 2 -12 1 -12 1 -12 1 -13 1 -13 1 -12 1 -12 0 -12 0 -13 0 -12 0 -13 0 0 0 0 0 0 0 0 0 0]"
"1769236308664878,CSI_DATA,STATION,00:00:00:00:00:00,0,0,0,0,0,0,0,0,0,0,0,0,0,0,0,0,0,0,0,0,0,128,[84 -64 4 0 0 0 0 0 0 0 0 0 -5 -17 -4 -17 -3 -17 -3 -17 -3 -17 -2 -17 -1 -17 0 -17 0 -16 0 -16 0 -16 1 -16 1 -16 1 -16 1 -15 0 -15 1 -14 1 -14 1 -15 1 -14 2 -13 1 -14 2 -14 1 -14 0 -13 1 -13 0 0 1 -13 0 -13 0 -13 -1 -13 0 -13 -1 -13 -1 -13 0 -13 -1 -12 -1 -12 -2 -13 -2 -13 -3 -12 -2 -13 -3 -13 -4 -13 -4 -13 -4 -13 -3 -13 -3 -13 -4 -13 -4 -13 -4 -13 -5 -13 -5 -13 -5 -13 0 0 0 0 0 0 0 0 0 0]"
"1769236308669345,CSI_DATA,STATION,00:00:00:00:00:00,0,0,0,0,0,0,0,0,0,0,0,0,0,0,0,0,0,0,0,0,0,128,[84 -64 4 0 0 0 0 0 0 0 0 0 12 -7 13 -6 12 -5 13 -5 13 -5 14 -5 13 -4 13 -4 13 -3 13 -2 13 -3 13 -3 13 -2 12 -2 13 -2 12 -2 12 -2 11 -2 12 -2 12 -2 11 -2 11 -2 11 -2 11 -2 11 -2 11 -3 0 0 10 -3 10 -3 10 -3 10 -3 10 -3 10 -4 10 -4 10 -4 9 -4 9 -4 9 -5 9 -5 9 -5 9 -5 9 -6 10 -6 9 -6 9 -7 9 -7 9 -7 9 -7 9 -7 9 -7 9 -7 9 -8 9 -8 0 0 0 0 0 0 0 0 0 0]"
"1769236308676042,CSI_DATA,STATION,00:00:00:00:00:00,0,0,0,0,0,0,0,0,0,0,0,0,0,0,0,0,0,0,0,0,0,128,[84 -64 4 0 0 0 0 0 0 0 0 0 13 -15 14 -15 14 -14 14 -14 15 -12 15 -12 15 -12 16 -11 16 -11 15 -10 15 -10 15 -10 15 -9 15 -9 16 -9 15 -9 15 -8 14 -8 15 -8 14 -8 14 -7 14 -7 13 -7 14 -7 13 -7 13 -8 0 0 12 -8 12 -8 12 -8 12 -8 12 -9 12 -9 11 -9 11 -9 11 -10 10 -9 10 -10 10 -9 11 -10 11 -10 10 -11 10 -11 10 -11 9 -12 10 -12 9 -12 9 -12 9 -12 9 -12 9 -13 9 -13 9 -13 0 0 0 0 0 0 0 0 0 0]"
"1769236308680514,CSI_DATA,STATION,00:00:00:00:00:00,0,0,0,0,0,0,0,0,0,0,0,0,0,0,0,0,0,0,0,0,0,128,[84 -64 4 0 0 0 0 0 0 0 0 0 -9 -13 -8 -13 -8 -14 -7 -14 -7 -15 -7 -14 -5 -15 -5 -15 -5 -15 -4 -15 -5 -14 -4 -14 -4 -14 -4 -14 -4 -14 -4 -14 -3 -13 -2 -13 -3 -13 -3 -13 -3 -13 -3 -13 -3 -12 -3 -12 -4 -12 -4 -12 0 0 -4 -12 -4 -12 -4 -11 -4 -12 -4 -12 -5 -12 -5 -11 -5 -11 -5 -11 -6 -11 -6 -11 -6 -11 -6 -11 -6 -11 -6 -11 -7 -11 -7 -11 -7 -11 -7 -11 -7 -11 -8 -11 -8 -11 -8 -11 -9 -11 -9 -11 -9 -11 0 0 0 0 0 0 0 0 0 0]"
"1769236308684981,CSI_DATA,STATION,00:00:00:00:00:00,0,0,0,0,0,0,0,0,0,0,0,0,0,0,0,0,0,0,0,0,0,128,[84 -64 4 0 0 0 0 0 0 0 0 0 3 14 2 14 2 15 1 15 1 14 0 15 0 15 -1 15 -1 14 -1 14 -2 14 -2 13 -2 13 -2 14 -3 13 -2 13 -3 13 -3 12 -2 13 -3 12 -2 12 -2 11 -2 12 -2 12 -2 12 -1 12 0 0 -1 11 -1 11 -1 11 -1 12 -1 11 -1 11 0 11 0 11 0 11 0 11 0 11 1 11 1 11 1 12 2 12 2 12 2 11 2 12 2 12 2 11 3 12 3 12 3 12 3 12 3 12 3 12 0 0 0 0 0 0 0 0 0 0]"
"1769236308691692,CSI_DATA,STATION,00:00:00:00:00:00,0,0,0,0,0,0,0,0,0,0,0,0,0,0,0,0,0,0,0,0,0,128,[84 -64 4 0 0 0 0 0 0 0 0 0 -12 6 -12 6 -13 5 -12 5 -12 5 -13 4 -12 4 -13 4 -13 3 -13 3 -13 3 -13 3 -13 2 -12 2 -13 2 -12 2 -12 2 -12 2 -12 2 -12 2 -12 1 -11 2 -11 2 -11 2 -11 2 -11 2 0 0 -10 2 -11 2 -10 3 -11 3 -10 3 -10 3 -10 3 -10 3 -10 4 -10 4 -10 4 -10 4 -10 5 -10 5 -10 5 -10 6 -10 5 -10 6 -10 6 -10 6 -10 6 -10 6 -10 6 -9 7 -10 7 -9 7 0 0 0 0 0 0 0 0 0 0]"
"1769236308696194,CSI_DATA,STATION,00:00:00:00:00:00,0,0,0,0,0,0,0,0,0,0,0,0,0,0,0,0,0,0,0,0,0,128,[84 -64 4 0 0 0 0 0 0 0 0 0 14 -4 14 -3 14 -2 14 -2 14 -1 14 -2 14 -1 14 -1 14 0 14 0 14 0 13 1 13 1 13 1 13 1 12 1 13 1 13 2 12 2 12 2 12 1 12 1 12 1 12 1 11 1 12 0 0 0 11 0 12 0 11 0 11 -1 11 0 11 -1 11 -1 11 -1 12 -2 11 -1 11 -2 11 -2 12 -2 12 -2 12 -3 12 -3 12 -3 12 -3 12 -4 12 -4 12 -4 12 -3 12 -4 12 -4 12 -4 12 -4 0 0 0 0 0 0 0 0 0 0]"
"1769236308700676,CSI_DATA,STATION,00:00:00:00:00:00,0,0,0,0,0,0,0,0,0,0,0,0,0,0,0,0,0,0,0,0,0,128,[84 -64 4 0 0 0 0 0 0 0 0 0 8 -11 8 -10 8 -10 9 -10 9 -10 10 -9 9 -9 10 -9 10 -8 10 -8 10 -8 10 -8 10 -7 10 -7 10 -6 10 -7 9 -7 9 -7 9 -6 10 -6 9 -6 9 -6 9 -7 9 -7 8 -6 8 -7 0 0 8 -7 8 -7 7 -6 8 -7 7 -8 8 -7 7 -7 7 -8 7 -8 7 -9 6 -9 7 -8 6 -8 6 -8 6 -9 6 -9 6 -10 6 -10 6 -10 7 -10 6 -10 6 -10 6 -10 6 -11 6 -11 6 -11 0 0 0 0 0 0 0 0 0 0]"
"1769236308705173,CSI_DATA,STATION,00:00:00:00:00:00,0,0,0,0,0,0,0,0,0,0,0,0,0,0,0,0,0,0,0,0,0,128,[84 -64 4 0 0 0 0 0 0 0 0 0 11 6 11 6 10 7 10 7 10 8 10 8 9 8 9 9 9 8 9 9 8 9 8 8 8 9 8 9 7 9 8 9 8 8 7 8 7 8 7 8 7 8 7 8 7 8 7 7 7 8 7 7 0 0 7 7 7 7 7 6 7 7 8 6 8 6 8 6 8 6 8 5 9 5 8 5 9 5 9 6 9 5 9 5 9 5 10 4 9 4 10 4 10 4 10 4 10 4 10 4 11 4 11 4 11 4 0 0 0 0 0 0 0 0 0 0]"
"1769236308711877,CSI_DATA,STATION,00:00:00:00:00:00,0,0,0,0,0,0,0,0,0,0,0,0,0,0,0,0,0,0,0,0,0,128,[84 -64 4 0 0 0 0 0 0 0 0 0 -12 -7 -11 -8 -11 -8 -11 -9 -11 -9 -10 -9 -10 -9 -10 -9 -9 -10 -9 -10 -8 -10 -8 -10 -9 -10 -8 -10 -8 -10 -8 -10 -8 -10 -8 -10 -8 -10 -8 -10 -7 -10 -8 -10 -7 -10 -8 -9 -7 -9 -7 -9 0 0 -8 -8 -8 -8 -8 -8 -8 -8 -9 -8 -8 -8 -9 -8 -9 -7 -9 -7 -9 -7 -10 -7 -10 -7 -9 -7 -10 -7 -10 -6 -10 -6 -10 -7 -10 -7 -11 -6 -10 -6 -11 -6 -11 -6 -11 -6 -11 -6 -11 -6 -11 -6 0 0 0 0 0 0 0 0 0 0]"
"1769236308716377,CSI_DATA,STATION,00:00:00:00:00:00,0,0,0,0,0,0,0,0,0,0,0,0,0,0,0,0,0,0,0,0,0,128,[84 -64 4 0 0 0 0 0 0 0 0 0 -6 12 -6 12 -7 11 -8 11 -8 11 -9 11 -9 10 -9 10 -9 10 -10 10 -9 9 -9 9 -10 9 -9 8 -10 8 -10 8 -9 8 -9 8 -9 8 -9 7 -9 7 -9 8 -9 7 -9 7 -8 7 -8 8 0 0 -9 8 -8 7 -7 8 -8 8 -7 8 -7 8 -7 8 -7 8 -7 8 -7 8 -7 9 -7 9 -6 9 -6 9 -6 9 -6 10 -5 10 -6 10 -6 10 -6 10 -6 10 -6 10 -5 10 -5 11 -5 11 -5 11 0 0 0 0 0 0 0 0 0 0]"
"1769236308720849,CSI_DATA,STATION,00:00:00:00:00:00,0,0,0,0,0,0,0,0,0,0,0,0,0,0,0,0,0,0,0,0,0,128,[84 -64 4 0 0 0 0 0 0 0 0 0 -2 -15 -2 -16 -1 -16 -1 -16 0 -15 0 -16 1 -15 1 -15 1 -15 2 -15 2 -15 2 -14 3 -15 2 -14 3 -15 2 -14 3 -13 3 -13 3 -14 3 -13 2 -13 2 -13 3 -12 2 -13 2 -12 1 -13 0 0 1 -12 1 -12 1 -12 0 -12 0 -12 0 -13 0 -13 0 -13 0 -13 0 -13 -1 -13 -1 -13 -1 -13 -2 -13 -2 -13 -2 -13 -2 -13 -3 -14 -3 -14 -3 -13 -3 -14 -3 -14 -3 -13 -4 -14 -4 -14 -4 -14 0 0 0 0 0 0 0 0 0 0]"
"1769236308727505,CSI_DATA,STATION,00:00:00:00:00:00,0,0,0,0,0,0,0,0,0,0,0,0,0,0,0,0,0,0,0,0,0,128,[84 -64 4 0 0 0 0 0 0 0 0 0 -11 -9 -11 -9 -11 -10 -11 -10 -10 -10 -10 -11 -9 -11 -9 -11 -9 -11 -8 -12 -8 -11 -8 -11 -8 -11 -8 -11 -7 -11 -8 -11 -7 -11 -6 -11 -7 -11 -7 -11 -7 -10 -7 -10 -6 -10 -7 -10 -7 -10 -7 -10 0 0 -7 -10 -7 -10 -7 -9 -7 -9 -7 -9 -7 -9 -8 -9 -8 -9 -8 -9 -8 -8 -8 -8 -9 -8 -8 -8 -9 -8 -9 -8 -9 -8 -10 -8 -10 -8 -10 -8 -10 -8 -10 -8 -10 -8 -10 -8 -10 -7 -10 -8 -11 -8 0 0 0 0 0 0 0 0 0 0]"
"1769236308731929,CSI_DATA,STATION,00:00:00:00:00:00,0,0,0,0,0,0,0,0,0,0,0,0,0,0,0,0,0,0,0,0,0,128,[84 -64 4 0 0 0 0 0 0 0 0 0 11 9 10 10 10 10 10 10 9 11 9 11 9 11 8 12 7 11 7 12 7 12 6 12 7 12 7 12 6 12 6 12 6 11 6 11 6 11 6 12 5 11 5 11 5 11 5 11 5 11 6 10 0 0 6 10 6 10 6 10 6 9 7 10 6 10 6 9 7 9 7 8 7 9 7 9 8 9 8 9 8 9 8 9 8 8 9 8 9 8 9 8 9 8 10 8 10 8 10 8 10 8 10 8 10 8 0 0 0 0 0 0 0 0 0 0]"
"1769236308736396,CSI_DATA,STATION,00:00:00:00:00:00,0,0,0,0,0,0,0,0,0,0,0,0,0,0,0,0,0,0,0,0,0,128,[84 -64 4 0 0 0 0 0 0 0 0 0 10 8 10 9 9 9 9 10 8 10 8 10 8 10 7 11 7 11 7 10 7 10 6 11 6 10 6 11 6 11 6 11 6 10 5 10 5 10 5 10 5 10 5 10 5 10 5 9 6 10 5 9 0 0 5 9 5 9 6 9 5 8 6 8 6 8 6 8 6 8 6 8 7 8 7 7 7 8 7 8 8 8 7 8 8 8 8 7 8 7 9 7 8 7 9 7 9 7 9 7 10 7 9 7 9 7 0 0 0 0 0 0 0 0 0 0]"
"1769236308743076,CSI_DATA,STATION,00:00:00:00:00:00,0,0,0,0,0,0,0,0,0,0,0,0,0,0,0,0,0,0,0,0,0,128,[84 -64 4 0 0 0 0 0 0 0 0 0 0 15 -1 15 -1 15 -2 15 -2 15 -2 15 -3 15 -3 15 -3 14 -4 14 -4 15 -4 14 -4 14 -4 13 -5 13 -4 13 -5 13 -5 14 -5 13 -4 12 -4 12 -5 12 -4 12 -4 12 -4 11 -4 12 0 0 -4 11 -2 11 -3 12 -2 12 -2 12 -2 12 -2 12 -2 12 -1 12 -1 12 -1 12 -1 12 -1 12 0 12 -1 13 0 13 0 13 0 13 1 13 1 13 1 14 1 13 1 13 1 13 2 14 2 13 0 0 0 0 0 0 0 0 0 0]"
"1769236308747306,CSI_DATA,STATION,00:00:00:00:00:00,0,0,0,0,0,0,0,0,0,0,0,0,0,0,0,0,0,0,0,0,0,128,[84 -64 4 0 0 0 0 0 0 0 0 0 3 12 3 11 2 12 2 12 2 12 1 12 1 12 1 12 0 12 0 12 0 12 0 11 -1 11 -1 11 -1 11 -1 11 -1 11 -1 11 -1 10 -1 10 -1 10 -1 10 0 11 -1 10 0 10 0 10 0 0 0 10 1 10 1 9 1 10 1 9 1 10 1 10 2 10 2 9 2 9 2 9 3 10 2 9 3 9 3 10 3 9 3 10 3 9 4 9 4 10 4 10 4 10 5 10 5 9 5 10 4 9 0 0 0 0 0 0 0 0 0 0]"
"1769236308751544,CSI_DATA,STATION,00:00:00:00:00:00,0,0,0,0,0,0,0,0,0,0,0,0,0,0,0,0,0,0,0,0,0,128,[84 -64 4 0 0 0 0 0 0 0 0 0 1 14 0 14 -1 13 -1 14 -1 13 -2 13 -3 13 -3 13 -3 13 -3 13 -3 13 -4 13 -4 12 -3 12 -4 12 -4 12 -4 12 -4 12 -4 12 -4 11 -4 11 -4 11 -4 11 -4 11 -3 11 -3 11 0 0 -3 11 -2 10 -2 11 -2 11 -2 11 -1 11 -2 10 -1 11 -1 11 -1 11 -1 11 -1 11 -1 11 0 11 -1 11 0 12 0 11 0 11 1 12 1 12 1 12 1 12 1 12 2 12 1 12 2 12 0 0 0 0 0 0 0 0 0 0]"
"1769236308757902,CSI_DATA,STATION,00:00:00:00:00:00,0,0,0,0,0,0,0,0,0,0,0,0,0,0,0,0,0,0,0,0,0,128,[84 -64 4 0 0 0 0 0 0 0 0 0 -14 3 -15 3 -15 3 -14 2 -14 2 -15 1 -14 1 -14 1 -14 0 -14 0 -14 0 -14 -1 -14 -1 -14 -1 -14 -1 -13 0 -13 -1 -13 -1 -14 -1 -13 -1 -13 -1 -12 -1 -12 -1 -13 -1 -12 -1 -12 0 0 0 -12 0 -11 0 -12 1 -11 1 -12 1 -11 1 -11 1 -12 2 -11 2 -12 2 -11 2 -12 2 -11 2 -12 3 -12 3 -12 4 -12 3 -12 4 -12 4 -12 4 -12 5 -12 5 -12 5 -12 4 -12 5 -12 5 0 0 0 0 0 0 0 0 0 0]"
"1769236308762232,CSI_DATA,STATION,00:00:00:00:00:00,0,0,0,0,0,0,0,0,0,0,0,0,0,0,0,0,0,0,0,0,0,128,[84 -64 4 0 0 0 0 0 0 0 0 0 1 14 0 14 -1 14 -1 14 -1 13 -2 14 -3 14 -3 13 -3 13 -3 13 -3 13 -4 13 -4 13 -4 13 -4 12 -4 12 -4 12 -4 12 -4 12 -4 11 -4 11 -4 11 -4 11 -4 12 -3 11 -3 11 0 0 -3 11 -2 10 -2 11 -2 11 -2 11 -2 11 -2 11 -2 11 -2 11 -1 11 -1 11 -1 11 0 11 0 11 0 12 0 12 0 11 0 12 1 11 1 12 1 12 1 12 1 12 2 12 1 12 1 13 0 0 0 0 0 0 0 0 0 0]"
"1769236308768664,CSI_DATA,STATION,00:00:00:00:00:00,0,0,0,0,0,0,0,0,0,0,0,0,0,0,0,0,0,0,0,0,0,128,[84 -64 4 0 0 0 0 0 0 0 0 0 -7 -14 -6 -14 -6 -14 -6 -14 -5 -14 -4 -14 -4 -14 -4 -14 -4 -14 -3 -15 -3 -14 -2 -14 -2 -14 -2 -14 -2 -14 -2 -13 -2 -13 -2 -13 -2 -13 -2 -13 -1 -13 -2 -13 -1 -13 -1 -13 -2 -12 -2 -12 0 0 -2 -12 -2 -11 -3 -11 -3 -12 -3 -12 -3 -12 -4 -12 -4 -12 -4 -12 -4 -11 -4 -11 -4 -12 -5 -12 -4 -11 -5 -12 -6 -12 -5 -12 -6 -12 -6 -12 -6 -12 -6 -12 -6 -12 -6 -12 -7 -12 -7 -12 -6 -12 0 0 0 0 0 0 0 0 0 0]"
"1769236308779600,CSI_DATA,STATION,00:00:00:00:00:00,0,0,0,0,0,0,0,0,0,0,0,0,0,0,0,0,0,0,0,0,0,128,[84 -64 4 0 0 0 0 0 0 0 0 0 -9 -13 -8 -13 -7 -14 -7 -14 -7 -14 -6 -14 -5 -14 -5 -14 -5 -14 -5 -15 -5 -14 -5 -14 -4 -14 -4 -14 -4 -14 -4 -14 -4 -13 -3 -13 -3 -13 -3 -13 -3 -13 -3 -13 -4 -12 -4 -12 -4 -13 -4 -12 0 0 -5 -12 -5 -12 -5 -12 -5 -12 -5 -11 -5 -12 -6 -11 -6 -11 -6 -11 -6 -11 -7 -11 -7 -11 -7 -11 -7 -11 -7 -11 -8 -11 -8 -11 -8 -11 -8 -11 -8 -11 -9 -11 -8 -11 -9 -11 -9 -11 -9 -10 -10 -10 0 0 0 0 0 0 0 0 0 0]"
"1769236308786246,CSI_DATA,STATION,00:00:00:00:00:00,0,0,0,0,0,0,0,0,0,0,0,0,0,0,0,0,0,0,0,0,0,128,[84 -64 4 0 0 0 0 0 0 0 0 0 -3 14 -4 14 -4 14 -5 14 -5 13 -6 14 -6 14 -6 13 -6 13 -7 12 -7 12 -7 12 -8 12 -7 11 -8 11 -7 11 -7 11 -8 11 -7 11 -7 11 -7 11 -6 11 -7 10 -6 10 -6 10 -6 11 0 0 -6 11 -5 10 -5 11 -5 10 -5 11 -4 10 -4 11 -4 11 -4 11 -4 11 -4 11 -3 11 -3 11 -3 12 -3 11 -2 12 -3 12 -2 12 -1 12 -2 12 -1 13 -1 13 -1 12 -1 13 -2 13 -1 13 0 0 0 0 0 0 0 0 0 0]"
"1769236308790702,CSI_DATA,STATION,00:00:00:00:00:00,0,0,0,0,0,0,0,0,0,0,0,0,0,0,0,0,0,0,0,0,0,128,[84 -64 4 0 0 0 0 0 0 0 0 0 -13 4 -13 4 -14 3 -14 3 -14 2 -14 2 -14 1 -14 1 -14 0 -14 0 -14 1 -13 0 -13 0 -13 0 -13 -1 -13 -1 -13 -1 -13 -1 -12 -1 -12 -1 -12 -1 -12 -1 -12 -1 -12 -1 -11 -1 -12 0 0 0 -11 0 -12 0 -11 0 -11 1 -11 0 -11 0 -11 0 -11 1 -11 1 -11 2 -12 2 -11 2 -12 2 -11 2 -12 2 -12 3 -12 2 -11 3 -11 3 -12 3 -12 3 -12 3 -12 3 -12 3 -12 4 -12 4 0 0 0 0 0 0 0 0 0 0]"
"1769236308797410,CSI_DATA,STATION,00:00:00:00:00:00,0,0,0,0,0,0,0,0,0,0,0,0,0,0,0,0,0,0,0,0,0,128,[84 -64 4 0 0 0 0 0 0 0 0 0 -14 1 -14 0 -15 0 -14 -1 -14 -1 -14 -1 -14 -2 -14 -2 -14 -2 -14 -2 -14 -2 -13 -3 -13 -3 -13 -3 -12 -3 -13 -2 -12 -3 -13 -3 -12 -3 -12 -3 -12 -3 -12 -3 -12 -2 -12 -3 -11 -2 -12 -2 0 0 -11 -1 -12 -1 -11 -1 -11 -1 -11 -1 -11 -1 -11 0 -11 0 -11 1 -12 1 -12 1 -12 1 -11 1 -11 1 -12 2 -12 2 -12 1 -12 2 -12 3 -12 3 -12 3 -12 3 -12 3 -12 3 -12 4 -12 3 0 0 0 0 0 0 0 0 0 0]"
"1769236308801860,CSI_DATA,STATION,00:00:00:00:00:00,0,0,0,0,0,0,0,0,0,0,0,0,0,0,0,0,0,0,0,0,0,128,[84 -64 4 0 0 0 0 0 0 0 0 0 5 -13 5 -13 6 -13 6 -12 7 -12 7 -12 7 -11 8 -11 8 -11 8 -11 7 -11 8 -11 8 -10 8 -10 8 -10 8 -9 8 -9 8 -10 8 -9 8 -9 8 -9 7 -9 7 -9 7 -9 7 -9 6 -9 0 0 6 -9 6 -9 6 -9 6 -9 6 -9 6 -9 5 -9 5 -10 5 -10 5 -10 4 -10 4 -10 4 -10 4 -10 4 -11 4 -11 3 -11 4 -11 4 -11 4 -11 4 -12 3 -12 3 -12 3 -12 3 -12 3 -12 0 0 0 0 0 0 0 0 0 0]"
"1769236308808567,CSI_DATA,STATION,00:00:00:00:00:00,0,0,0,0,0,0,0,0,0,0,0,0,0,0,0,0,0,0,0,0,0,128,[84 -64 4 0 0 0 0 0 0 0 0 0 1 12 0 12 0 12 0 12 -1 12 -1 12 -2 11 -2 12 -2 11 -2 11 -2 11 -2 11 -3 11 -3 11 -3 11 -3 10 -3 11 -3 10 -3 10 -3 10 -3 10 -3 10 -3 10 -3 9 -2 10 -2 10 0 0 -2 9 -1 9 -1 9 -1 9 -1 9 -1 9 -1 9 -1 9 0 9 -1 9 0 9 0 9 0 10 1 10 0 10 1 10 1 10 1 10 1 10 2 10 2 10 2 10 2 10 3 10 2 10 2 10 0 0 0 0 0 0 0 0 0 0]"
"1769236308815237,CSI_DATA,STATION,00:00:00:00:00:00,0,0,0,0,0,0,0,0,0,0,0,0,0,0,0,0,0,0,0,0,0,128,[84 -64 4 0 0 0 0 0 0 0 0 0 5 12 5 12 4 12 4 13 3 13 3 13 2 13 2 13 1 13 1 13 1 13 1 12 1 12 1 12 0 13 1 12 0 12 0 11 0 12 0 11 0 11 0 11 0 11 0 11 1 11 1 11 0 0 1 10 2 11 2 10 1 10 2 10 2 10 2 10 2 10 2 9 2 10 3 10 3 10 3 10 4 10 4 10 4 10 5 9 5 10 5 10 4 10 5 10 5 10 5 10 6 10 6 10 6 10 0 0 0 0 0 0 0 0 0 0]"
"1769236308819696,CSI_DATA,STATION,00:00:00:00:00:00,0,0,0,0,0,0,0,0,0,0,0,0,0,0,0,0,0,0,0,0,0,128,[84 -64 4 0 0 0 0 0 0 0 0 0 5 -14 7 -14 7 -14 7 -14 7 -13 8 -13 9 -13 9 -12 9 -12 9 -11 9 -12 9 -12 9 -11 9 -11 9 -10 9 -10 10 -11 9 -11 9 -10 9 -10 8 -9 8 -10 8 -10 8 -10 8 -9 8 -10 0 0 7 -10 7 -9 7 -10 7 -10 7 -10 6 -10 6 -10 6 -11 6 -11 6 -11 6 -11 5 -11 5 -11 6 -12 5 -12 5 -12 4 -12 5 -13 5 -12 4 -12 4 -12 5 -12 4 -13 4 -13 4 -13 4 -14 0 0 0 0 0 0 0 0 0 0]"
"1769236308824171,CSI_DATA,STATION,00:00:00:00:00:00,0,0,0,0,0,0,0,0,0,0,0,0,0,0,0,0,0,0,0,0,0,128,[84 -64 4 0 0 0 0 0 0 0 0 0 14 -6 13 -6 14 -5 13 -5 15 -5 14 -4 14 -4 15 -3 15 -3 15 -2 14 -2 13 -2 14 -2 13 -2 13 -1 14 -2 13 -1 13 -2 12 -2 13 -2 12 -1 12 -1 13 -2 12 -1 12 -2 12 -2 0 0 12 -2 12 -2 11 -3 12 -3 11 -3 11 -3 11 -3 11 -4 11 -4 11 -5 11 -4 11 -4 11 -4 11 -4 12 -5 11 -6 11 -6 11 -6 11 -6 11 -6 11 -7 11 -7 12 -7 11 -7 12 -7 11 -7 0 0 0 0 0 0 0 0 0 0]"
"1769236308830841,CSI_DATA,STATION,00:00:00:00:00:00,0,0,0,0,0,0,0,0,0,0,0,0,0,0,0,0,0,0,0,0,0,128,[84 -64 4 0 0 0 0 0 0 0 0 0 10 10 10 11 10 11 9 11 9 11 9 12 8 12 8 12 7 12 7 13 7 11 7 11 7 12 6 12 6 12 6 12 6 12 6 11 6 11 6 11 5 11 6 11 6 10 6 11 6 11 6 11 0 0 6 10 6 10 7 9 6 9 6 9 7 9 7 9 7 9 7 8 8 9 8 8 8 8 8 8 9 8 9 8 9 8 9 7 9 7 10 7 10 7 10 7 10 8 10 7 10 7 11 7 11 7 0 0 0 0 0 0 0 0 0 0]"
"1769236308835293,CSI_DATA,STATION,00:00:00:00:00:00,0,0,0,0,0,0,0,0,0,0,0,0,0,0,0,0,0,0,0,0,0,128,[84 -64 4 0 0 0 0 0 0 0 0 0 12 -5 12 -4 13 -4 13 -3 13 -2 13 -2 13 -2 13 -2 13 -2 13 -1 12 -1 12 -1 13 0 13 0 12 0 12 0 11 0 12 0 12 0 12 0 11 0 11 0 11 0 11 0 11 -1 11 -1 0 0 11 -1 11 -1 10 -1 10 -2 10 -2 10 -2 10 -2 10 -2 10 -2 10 -3 10 -3 10 -3 10 -3 10 -3 11 -4 10 -4 10 -4 10 -4 10 -5 10 -5 11 -5 11 -5 11 -5 11 -5 11 -6 11 -5 0 0 0 0 0 0 0 0 0 0]"
"1769236308839752,CSI_DATA,STATION,00:00:00:00:00:00,0,0,0,0,0,0,0,0,0,0,0,0,0,0,0,0,0,0,0,0,0,128,[84 -64 4 0 0 0 0 0 0 0 0 0 7 12 7 13 6 13 6 13 6 13 5 14 4 13 4 14 4 13 4 14 3 13 4 13 3 13 4 13 3 14 3 13 3 13 2 12 3 12 2 13 3 13 3 12 2 11 3 12 3 12 4 11 0 0 4 11 3 11 4 11 4 11 4 10 4 11 5 11 5 10 5 10 5 10 6 9 6 10 6 10 7 10 6 10 7 10 7 9 7 9 7 10 7 10 8 9 8 10 8 9 9 9 9 9 9 10 0 0 0 0 0 0 0 0 0 0]"
"1769236308844207,CSI_DATA,STATION,00:00:00:00:00:00,0,0,0,0,0,0,0,0,0,0,0,0,0,0,0,0,0,0,0,0,0,128,[84 -64 4 0 0 0 0 0 0 0 0 0 11 -7 11 -7 11 -6 12 -6 12 -6 12 -5 12 -4 12 -4 12 -4 13 -3 12 -4 12 -4 12 -3 12 -3 12 -3 12 -3 11 -3 11 -2 11 -2 11 -3 11 -2 11 -2 11 -2 11 -2 11 -3 10 -3 0 0 10 -3 10 -3 10 -3 10 -4 10 -3 10 -4 10 -3 10 -4 10 -4 9 -5 9 -5 9 -5 10 -5 10 -5 10 -6 9 -6 9 -6 10 -7 10 -6 9 -6 10 -6 9 -6 10 -7 10 -7 10 -7 9 -7 0 0 0 0 0 0 0 0 0 0]"
"1769236308850782,CSI_DATA,STATION,00:00:00:00:00:00,0,0,0,0,0,0,0,0,0,0,0,0,0,0,0,0,0,0,0,0,0,128,[84 -64 4 0 0 0 0 0 0 0 0 0 -13 3 -13 3 -14 2 -13 2 -14 1 -14 2 -14 1 -14 1 -13 1 -14 0 -14 -1 -13 0 -13 -1 -13 -1 -13 -1 -13 -1 -12 -1 -13 -2 -12 -1 -12 -1 -12 -1 -12 -1 -12 -1 -12 -2 -12 -1 -11 -1 0 0 -11 0 -12 0 -11 0 -11 0 -11 0 -11 0 -11 1 -11 1 -11 1 -12 1 -12 2 -11 1 -11 1 -11 2 -11 2 -11 2 -12 2 -12 3 -12 3 -12 3 -12 3 -12 3 -12 3 -12 3 -12 4 -12 4 0 0 0 0 0 0 0 0 0 0]"
"1769236308855188,CSI_DATA,STATION,00:00:00:00:00:00,0,0,0,0,0,0,0,0,0,0,0,0,0,0,0,0,0,0,0,0,0,128,[84 -64 4 0 0 0 0 0 0 0 0 0 9 -11 10 -11 9 -10 10 -10 11 -10 11 -10 11 -9 12 -9 11 -9 12 -8 12 -8 11 -8 11 -7 11 -8 12 -7 11 -7 11 -7 11 -7 11 -6 11 -7 11 -6 10 -7 11 -7 10 -7 10 -7 10 -7 0 0 10 -7 10 -7 9 -7 9 -7 9 -8 9 -8 9 -8 9 -8 8 -8 8 -9 8 -9 8 -9 8 -9 8 -9 8 -9 8 -10 7 -10 8 -11 8 -11 8 -11 8 -11 7 -11 8 -11 7 -11 7 -11 7 -12 0 0 0 0 0 0 0 0 0 0]"
"1769236308861725,CSI_DATA,STATION,00:00:00:00:00:00,0,0,0,0,0,0,0,0,0,0,0,0,0,0,0,0,0,0,0,0,0,128,[84 -64 4 0 0 0 0 0 0 0 0 0 -15 2 -15 1 -15 1 -15 0 -15 0 -15 0 -15 -1 -15 -2 -15 -2 -15 -2 -15 -2 -14 -2 -14 -3 -14 -3 -14 -3 -13 -3 -13 -3 -14 -3 -13 -4 -13 -3 -13 -3 -13 -3 -12 -3 -13 -3 -12 -2 -13 -2 0 0 -12 -2 -12 -2 -12 -1 -12 -1 -13 -2 -12 -1 -12 -1 -13 0 -12 0 -12 0 -13 0 -12 0 -13 0 -13 1 -12 1 -13 1 -13 1 -13 2 -13 2 -13 2 -13 2 -13 2 -13 2 -13 2 -13 3 -14 3 0 0 0 0 0 0 0 0 0 0]"
"1769236308866091,CSI_DATA,STATION,00:00:00:00:00:00,0,0,0,0,0,0,0,0,0,0,0,0,0,0,0,0,0,0,0,0,0,128,[84 -64 4 0 0 0 0 0 0 0 0 0 14 -2 14 -1 14 0 14 0 14 1 14 1 14 2 14 2 13 2 13 3 13 2 13 3 13 3 13 3 12 3 12 3 12 3 12 3 12 3 11 3 12 3 11 3 12 2 12 2 11 2 11 2 0 0 11 1 11 2 11 1 11 1 11 1 11 1 11 1 11 1 11 0 11 0 11 0 11 -1 12 -1 11 0 12 -2 11 -1 12 -2 12 -2 12 -2 12 -2 12 -3 12 -2 13 -3 12 -3 13 -3 12 -3 0 0 0 0 0 0 0 0 0 0]"
"1769236308870493,CSI_DATA,STATION,00:00:00:00:00:00,0,0,0,0,0,0,0,0,0,0,0,0,0,0,0,0,0,0,0,0,0,128,[84 -64 4 0 0 0 0 0 0 0 0 0 12 -11 12 -11 12 -10 12 -10 13 -9 13 -9 13 -8 13 -8 13 -8 14 -7 13 -7 13 -7 13 -7 13 -6 13 -6 13 -6 13 -6 13 -6 12 -6 13 -6 13 -5 12 -6 12 -6 12 -6 11 -6 12 -6 0 0 11 -6 11 -6 11 -7 11 -7 10 -7 11 -7 10 -7 10 -7 10 -8 10 -8 10 -8 10 -9 10 -8 10 -8 10 -9 10 -10 10 -10 9 -10 10 -10 9 -10 9 -11 9 -10 9 -10 9 -11 9 -12 9 -11 0 0 0 0 0 0 0 0 0 0]"
"1769236308877069,CSI_DATA,STATION,00:00:00:00:00:00,0,0,0,0,0,0,0,0,0,0,0,0,0,0,0,0,0,0,0,0,0,128,[84 -64 4 0 0 0 0 0 0 0 0 0 0 14 -1 14 -1 14 -1 14 -1 14 -1 14 -3 14 -3 14 -3 13 -3 14 -3 13 -3 13 -4 12 -4 12 -4 12 -4 12 -4 13 -4 12 -4 12 -4 12 -4 12 -4 11 -4 11 -3 12 -3 11 -3 12 0 0 -3 11 -2 11 -2 11 -2 11 -2 11 -1 11 -1 11 -1 11 -1 11 -1 11 0 11 0 11 0 11 0 11 0 12 1 12 1 12 1 12 1 12 1 12 1 12 2 12 1 12 2 12 2 12 2 13 0 0 0 0 0 0 0 0 0 0]"
"1769236308881429,CSI_DATA,STATION,00:00:00:00:00:00,0,0,0,0,0,0,0,0,0,0,0,0,0,0,0,0,0,0,0,0,0,128,[84 -64 4 0 0 0 0 0 0 0 0 0 -9 -12 -9 -12 -8 -12 -8 -13 -8 -13 -8 -13 -7 -13 -6 -14 -6 -13 -6 -14 -5 -13 -5 -13 -5 -13 -5 -13 -5 -14 -5 -13 -4 -12 -4 -13 -4 -13 -4 -13 -4 -12 -4 -13 -4 -12 -4 -12 -4 -12 -4 -11 0 0 -5 -12 -5 -12 -5 -11 -5 -11 -5 -11 -6 -11 -6 -11 -6 -11 -6 -11 -6 -11 -6 -11 -6 -11 -7 -11 -7 -11 -7 -11 -7 -11 -8 -11 -8 -11 -8 -11 -8 -11 -8 -11 -8 -10 -9 -11 -8 -11 -9 -11 -9 -11 0 0 0 0 0 0 0 0 0 0]"
"1769236308888035,CSI_DATA,STATION,00:00:00:00:00:00,0,0,0,0,0,0,0,0,0,0,0,0,0,0,0,0,0,0,0,0,0,128,[84 -64 4 0 0 0 0 0 0 0 0 0 -6 -11 -7 -12 -6 -12 -6 -13 -5 -12 -5 -13 -5 -12 -4 -13 -4 -13 -4 -13 -4 -12 -4 -13 -3 -12 -3 -12 -3 -13 -3 -12 -3 -12 -2 -11 -3 -12 -2 -12 -2 -12 -2 -12 -3 -11 -3 -11 -3 -11 -3 -11 0 0 -3 -11 -3 -11 -3 -11 -3 -10 -4 -11 -4 -11 -4 -11 -4 -10 -4 -10 -5 -10 -5 -10 -5 -10 -5 -10 -6 -11 -5 -10 -6 -10 -6 -10 -6 -10 -6 -10 -6 -10 -6 -10 -6 -10 -7 -10 -7 -10 -7 -10 -7 -10 0 0 0 0 0 0 0 0 0 0]"
"1769236308892390,CSI_DATA,STATION,00:00:00:00:00:00,0,0,0,0,0,0,0,0,0,0,0,0,0,0,0,0,0,0,0,0,0,128,[84 -64 4 0 0 0 0 0 0 0 0 0 -6 13 -6 13 -7 12 -7 12 -8 12 -8 12 -8 11 -9 11 -9 11 -9 10 -9 11 -9 10 -9 10 -9 10 -10 9 -9 9 -9 10 -9 9 -9 9 -9 9 -9 9 -8 9 -9 9 -8 9 -8 8 -8 9 0 0 -8 9 -8 8 -7 9 -7 8 -7 9 -7 9 -7 9 -7 9 -6 10 -7 10 -6 10 -6 10 -6 10 -6 10 -6 10 -5 11 -6 11 -6 11 -5 11 -5 11 -5 11 -5 11 -5 11 -5 12 -5 12 -5 12 0 0 0 0 0 0 0 0 0 0]"
"1769236308896734,CSI_DATA,STATION,00:00:00:00:00:00,0,0,0,0,0,0,0,0,0,0,0,0,0,0,0,0,0,0,0,0,0,128,[84 -64 4 0 0 0 0 0 0 0 0 0 12 4 13 5 12 6 12 6 12 7 12 7 11 7 11 8 11 7 10 8 11 7 10 7 10 8 10 8 10 8 9 8 10 8 9 8 10 8 9 8 9 8 9 7 9 7 9 7 9 7 9 7 0 0 9 7 9 6 9 6 9 6 9 6 9 6 9 6 10 6 10 5 10 5 10 5 10 5 11 5 11 4 10 4 11 4 11 3 12 4 11 4 11 3 11 3 11 4 11 3 12 3 12 3 12 3 0 0 0 0 0 0 0 0 0 0]"
"1769236308903237,CSI_DATA,STATION,00:00:00:00:00:00,0,0,0,0,0,0,0,0,0,0,0,0,0,0,0,0,0,0,0,0,0,128,[84 -64 4 0 0 0 0 0 0 0 0 0 -10 -11 -9 -11 -9 -12 -9 -12 -9 -12 -8 -13 -8 -13 -7 -13 -7 -13 -7 -13 -6 -13 -7 -13 -6 -12 -6 -13 -6 -13 -6 -12 -6 -12 -5 -12 -6 -12 -6 -12 -6 -12 -5 -12 -5 -12 -5 -11 -6 -11 -6 -12 0 0 -6 -11 -7 -11 -6 -11 -6 -11 -7 -11 -7 -10 -7 -10 -7 -10 -7 -10 -7 -10 -8 -9 -8 -9 -8 -9 -8 -10 -9 -10 -9 -9 -9 -10 -9 -9 -9 -10 -9 -9 -9 -10 -10 -9 -10 -9 -10 -9 -10 -9 -10 -9 0 0 0 0 0 0 0 0 0 0]"
"1769236308907577,CSI_DATA,STATION,00:00:00:00:00:00,0,0,0,0,0,0,0,0,0,0,0,0,0,0,0,0,0,0,0,0,0,128,[84 -64 4 0 0 0 0 0 0 0 0 0 7 -13 8 -12 8 -12 8 -11 9 -11 9 -12 9 -11 10 -11 9 -10 10 -11 9 -10 10 -10 9 -9 10 -9 10 -9 10 -9 10 -9 10 -9 9 -9 9 -9 9 -8 9 -8 9 -9 9 -9 9 -8 8 -9 0 0 8 -9 8 -9 8 -8 8 -9 7 -9 8 -9 7 -9 7 -10 7 -10 7 -11 6 -10 6 -10 6 -10 6 -10 6 -11 6 -11 5 -11 5 -11 5 -11 6 -12 5 -12 5 -12 5 -12 5 -12 5 -12 5 -13 0 0 0 0 0 0 0 0 0 0]"
"1769236308911897,CSI_DATA,STATION,00:00:00:00:00:00,0,0,0,0,0,0,0,0,0,0,0,0,0,0,0,0,0,0,0,0,0,128,[84 -64 4 0 0 0 0 0 0 0 0 0 12 -8 12 -7 12 -7 12 -6 12 -6 13 -6 13 -6 13 -5 13 -5 13 -4 13 -4 13 -4 13 -3 13 -4 13 -3 13 -3 12 -3 12 -3 12 -3 12 -3 12 -2 12 -3 11 -3 12 -3 11 -3 11 -4 0 0 11 -3 11 -3 11 -3 11 -4 10 -4 11 -4 10 -4 10 -5 10 -5 10 -5 10 -5 10 -5 10 -5 10 -6 10 -6 10 -6 10 -6 10 -7 10 -7 11 -7 11 -7 10 -7 11 -7 10 -7 10 -8 10 -8 0 0 0 0 0 0 0 0 0 0]"
"1769236308918411,CSI_DATA,STATION,00:00:00:00:00:00,0,0,0,0,0,0,0,0,0,0,0,0,0,0,0,0,0,0,0,0,0,128,[84 -64 4 0 0 0 0 0 0 0 0 0 -10 9 -10 8 -11 7 -11 7 -11 7 -12 7 -11 6 -12 6 -12 6 -12 5 -12 6 -12 5 -11 5 -11 5 -12 4 -12 5 -11 4 -11 4 -11 4 -11 4 -11 4 -11 3 -11 4 -11 4 -11 4 -11 4 0 0 -11 4 -11 4 -10 5 -10 4 -10 4 -10 5 -10 5 -9 5 -9 5 -10 6 -10 6 -9 5 -9 6 -9 6 -9 6 -9 7 -9 6 -9 7 -9 7 -9 7 -9 8 -9 7 -9 7 -9 8 -9 8 -9 8 0 0 0 0 0 0 0 0 0 0]"
"1769236308922764,CSI_DATA,STATION,00:00:00:00:00:00,0,0,0,0,0,0,0,0,0,0,0,0,0,0,0,0,0,0,0,0,0,128,[84 -64 4 0 0 0 0 0 0 0 0 0 7 12 6 12 5 13 5 13 5 13 5 13 4 13 3 14 3 13 3 13 2 13 3 13 2 13 2 13 1 13 2 13 1 13 1 12 2 13 1 12 2 12 2 12 1 12 1 12 1 11 2 11 0 0 2 11 2 11 2 11 2 11 3 11 3 11 3 11 4 11 3 10 3 11 4 10 4 11 4 11 4 11 4 11 5 11 5 10 5 11 5 10 5 11 6 11 6 11 6 11 6 11 6 11 6 11 0 0 0 0 0 0 0 0 0 0]"
"1769236308929312,CSI_DATA,STATION,00:00:00:00:00:00,0,0,0,0,0,0,0,0,0,0,0,0,0,0,0,0,0,0,0,0,0,128,[84 -64 4 0 0 0 0 0 0 0 0 0 -11 -10 -11 -11 -10 -11 -10 -12 -9 -12 -9 -12 -9 -12 -8 -13 -8 -12 -8 -13 -7 -13 -7 -13 -7 -13 -7 -13 -7 -13 -7 -13 -7 -12 -6 -12 -6 -12 -7 -12 -6 -12 -6 -12 -6 -11 -7 -12 -6 -11 -7 -11 0 0 -7 -11 -7 -11 -7 -11 -7 -10 -7 -10 -7 -10 -8 -10 -8 -10 -8 -10 -9 -10 -9 -10 -9 -10 -9 -9 -9 -9 -9 -9 -9 -9 -10 -9 -10 -9 -10 -9 -10 -9 -10 -9 -10 -9 -11 -9 -11 -9 -11 -8 -11 -8 0 0 0 0 0 0 0 0 0 0]"
"1769236308933667,CSI_DATA,STATION,00:00:00:00:00:00,0,0,0,0,0,0,0,0,0,0,0,0,0,0,0,0,0,0,0,0,0,128,[84 -64 4 0 0 0 0 0 0 0 0 0 14 1 14 1 14 3 14 3 14 3 13 3 13 4 13 5 13 4 13 5 13 5 12 5 12 5 12 6 12 6 12 5 12 5 12 6 12 6 11 5 11 6 11 5 11 5 11 5 11 5 11 4 0 0 11 4 11 4 11 3 11 3 11 4 11 3 11 3 11 3 11 2 11 2 11 2 11 2 12 2 12 2 12 1 12 1 12 1 12 0 12 0 12 0 12 0 12 0 13 0 13 0 13 -1 13 -1 0 0 0 0 0 0 0 0 0 0]"
"1769236308940164,CSI_DATA,STATION,00:00:00:00:00:00,0,0,0,0,0,0,0,0,0,0,0,0,0,0,0,0,0,0,0,0,0,128,[84 -64 4 0 0 0 0 0 0 0 0 0 9 11 8 11 8 12 8 12 8 13 8 12 7 12 6 13 6 13 6 13 6 13 5 13 5 13 5 13 5 13 4 13 4 12 4 12 4 12 4 12 4 12 4 12 4 12 4 11 4 12 4 11 0 0 4 11 4 12 4 11 4 11 5 10 5 11 5 10 5 10 6 10 6 10 6 9 6 10 6 10 7 10 7 10 7 10 8 10 7 9 8 9 7 9 8 9 8 10 8 9 9 9 9 9 9 9 0 0 0 0 0 0 0 0 0 0]"
"1769236308944594,CSI_DATA,STATION,00:00:00:00:00:00,0,0,0,0,0,0,0,0,0,0,0,0,0,0,0,0,0,0,0,0,0,128,[84 -64 4 0 0 0 0 0 0 0 0 0 8 -13 8 -13 8 -12 9 -12 9 -12 10 -12 9 -11 10 -10 11 -10 11 -10 10 -10 10 -10 10 -10 10 -9 11 -9 10 -9 11 -9 10 -9 10 -8 10 -8 10 -8 10 -8 10 -8 9 -8 9 -8 9 -9 0 0 9 -8 9 -8 8 -8 8 -8 8 -9 8 -9 8 -9 8 -9 8 -9 7 -10 7 -10 7 -10 7 -10 7 -10 7 -10 7 -11 6 -11 7 -11 6 -11 7 -11 7 -11 6 -11 6 -11 6 -12 6 -12 6 -12 0 0 0 0 0 0 0 0 0 0]"
"1769236308955304,CSI_DATA,STATION,00:00:00:00:00:00,0,0,0,0,0,0,0,0,0,0,0,0,0,0,0,0,0,0,0,0,0,128,[84 -64 4 0 0 0 0 0 0 0 0 0 11 6 11 6 11 7 11 7 11 8 10 8 10 8 9 9 9 9 9 9 9 8 9 9 8 9 8 9 8 10 8 9 8 9 7 9 7 9 7 9 7 9 7 9 7 9 7 8 7 8 7 8 0 0 7 8 7 8 7 7 7 7 7 7 7 7 8 7 8 7 8 6 8 7 8 6 8 7 8 6 9 6 9 6 9 6 9 6 9 5 9 5 9 5 10 5 10 5 10 5 10 5 10 5 10 5 0 0 0 0 0 0 0 0 0 0]"
"1769236308961803,CSI_DATA,STATION,00:00:00:00:00:00,0,0,0,0,0,0,0,0,0,0,0,0,0,0,0,0,0,0,0,0,0,128,[84 -64 4 0 0 0 0 0 0 0 0 0 3 -15 4 -15 4 -15 4 -15 5 -15 6 -15 6 -14 6 -14 6 -14 7 -13 7 -14 7 -13 7 -13 7 -12 7 -13 7 -12 7 -12 7 -12 7 -12 7 -12 7 -12 7 -12 7 -11 6 -12 6 -11 6 -11 0 0 5 -11 5 -11 5 -11 5 -11 5 -12 4 -11 4 -11 4 -12 4 -12 4 -12 3 -12 3 -12 3 -12 3 -12 2 -12 2 -12 2 -13 2 -13 2 -13 2 -13 2 -14 1 -13 1 -13 1 -13 1 -14 0 -14 0 0 0 0 0 0 0 0 0 0]"
"1769236308966169,CSI_DATA,STATION,00:00:00:00:00:00,0,0,0,0,0,0,0,0,0,0,0,0,0,0,0,0,0,0,0,0,0,128,[84 -64 4 0 0 0 0 0 0 0 0 0 -10 12 -11 12 -10 11 -11 11 -11 10 -12 10 -12 10 -12 9 -12 9 -13 8 -12 9 -13 8 -12 8 -12 8 -13 7 -13 7 -12 7 -12 7 -12 7 -12 6 -12 6 -12 6 -12 7 -11 7 -11 7 -11 7 0 0 -11 7 -10 6 -10 7 -10 7 -10 7 -10 7 -10 7 -10 8 -9 8 -9 8 -9 8 -9 8 -9 8 -9 9 -9 9 -9 10 -8 9 -8 9 -8 10 -8 9 -8 10 -8 10 -8 10 -8 10 -8 10 -8 11 0 0 0 0 0 0 0 0 0 0]"
"1769236308972681,CSI_DATA,STATION,00:00:00:00:00:00,0,0,0,0,0,0,0,0,0,0,0,0,0,0,0,0,0,0,0,0,0,128,[84 -64 4 0 0 0 0 0 0 0 0 0 -12 -10 -12 -10 -12 -11 -12 -11 -11 -12 -11 -11 -10 -11 -10 -12 -10 -12 -9 -13 -9 -12 -9 -13 -8 -13 -8 -13 -8 -13 -8 -12 -8 -12 -8 -12 -7 -12 -8 -12 -7 -12 -8 -12 -7 -12 -7 -11 -7 -11 -7 -11 0 0 -7 -11 -8 -11 -8 -10 -8 -10 -8 -10 -8 -10 -8 -10 -9 -10 -9 -9 -9 -9 -9 -9 -9 -9 -9 -9 -10 -9 -10 -8 -10 -8 -11 -9 -11 -8 -10 -8 -11 -8 -11 -8 -11 -8 -11 -8 -12 -8 -12 -8 -12 -8 0 0 0 0 0 0 0 0 0 0]"
"1769236308979184,CSI_DATA,STATION,00:00:00:00:00:00,0,0,0,0,0,0,0,0,0,0,0,0,0,0,0,0,0,0,0,0,0,128,[84 -64 4 0 0 0 0 0 0 0 0 0 8 11 7 11 7 11 6 12 6 12 6 12 5 12 5 12 5 12 4 13 4 12 4 12 4 12 3 12 3 12 3 12 3 11 3 11 3 11 3 12 3 11 3 11 3 11 3 11 3 11 4 10 0 0 4 10 4 10 4 10 4 9 4 9 4 10 5 9 5 9 5 8 5 9 6 8 6 9 6 9 6 8 6 8 7 8 7 8 7 8 7 8 7 7 7 8 8 8 8 8 8 8 8 7 8 7 0 0 0 0 0 0 0 0 0 0]"
"1769236308983504,CSI_DATA,STATION,00:00:00:00:00:00,0,0,0,0,0,0,0,0,0,0,0,0,0,0,0,0,0,0,0,0,0,128,[84 -64 4 0 0 0 0 0 0 0 0 0 -16 1 -15 0 -16 -1 -16 -1 -16 -1 -16 -2 -16 -2 -16 -2 -15 -3 -16 -4 -15 -3 -15 -3 -14 -4 -14 -4 -14 -4 -14 -4 -13 -4 -14 -4 -14 -4 -13 -5 -13 -4 -13 -4 -13 -4 -13 -4 -13 -3 -13 -3 0 0 -12 -3 -13 -3 -12 -2 -13 -2 -13 -3 -12 -2 -12 -2 -12 -2 -12 -1 -13 -1 -13 0 -13 -1 -12 0 -13 0 -13 0 -12 1 -13 0 -13 1 -13 1 -13 1 -13 1 -13 1 -14 1 -14 2 -14 2 -13 2 0 0 0 0 0 0 0 0 0 0]"
"1769236308989979,CSI_DATA,STATION,00:00:00:00:00:00,0,0,0,0,0,0,0,0,0,0,0,0,0,0,0,0,0,0,0,0,0,128,[84 -64 4 0 0 0 0 0 0 0 0 0 15 0 15 1 15 2 15 2 15 3 15 3 15 4 14 4 14 4 14 5 14 5 13 5 13 6 13 6 13 6 12 5 12 5 12 6 12 6 12 6 12 6 12 5 11 5 12 5 11 5 11 4 0 0 11 4 11 4 11 3 12 3 11 3 11 3 11 3 11 3 12 2 11 2 12 2 11 2 12 2 12 1 12 0 12 0 12 0 13 0 12 0 12 -1 13 -1 12 0 13 -1 13 -1 13 -1 13 -1 0 0 0 0 0 0 0 0 0 0]"
"1769236308994355,CSI_DATA,STATION,00:00:00:00:00:00,0,0,0,0,0,0,0,0,0,0,0,0,0,0,0,0,0,0,0,0,0,128,[84 -64 4 0 0 0 0 0 0 0 0 0 -7 14 -8 13 -8 13 -8 12 -9 12 -10 12 -9 12 -10 11 -10 11 -11 10 -10 11 -10 10 -10 10 -11 10 -10 9 -10 10 -10 9 -11 10 -10 9 -10 9 -10 9 -9 9 -10 9 -9 8 -9 8 -9 9 0 0 -8 9 -8 9 -8 9 -7 9 -8 9 -7 9 -7 9 -7 9 -7 10 -7 10 -6 10 -6 10 -6 10 -5 10 -5 11 -5 11 -5 11 -5 11 -5 12 -5 12 -5 11 -4 12 -4 12 -4 12 -4 12 -4 12 0 0 0 0 0 0 0 0 0 0]"
"1769236308998677,CSI_DATA,STATION,00:00:00:00:00:00,0,0,0,0,0,0,0,0,0,0,0,0,0,0,0,0,0,0,0,0,0,128,[84 -64 4 0 0 0 0 0 0 0 0 0 -2 -16 -2 -16 -1 -16 -1 -16 -1 -16 0 -16 0 -16 1 -16 1 -15 2 -16 2 -15 2 -15 3 -15 3 -15 3 -14 3 -14 3 -14 3 -14 3 -14 2 -14 2 -13 2 -13 3 -13 3 -13 2 -13 2 -13 0 0 2 -13 1 -12 1 -13 1 -12 1 -12 1 -13 0 -12 0 -12 0 -12 0 -12 0 -13 -1 -12 -1 -12 -1 -13 -1 -13 -1 -13 -2 -13 -2 -13 -2 -13 -3 -13 -3 -13 -3 -13 -3 -13 -2 -13 -3 -13 -3 -13 0 0 0 0 0 0 0 0 0 0]"
"1769236309005185,CSI_DATA,STATION,00:00:00:00:00:00,0,0,0,0,0,0,0,0,0,0,0,0,0,0,0,0,0,0,0,0,0,128,[84 -64 4 0 0 0 0 0 0 0 0 0 15 3 15 3 14 4 14 4 14 5 14 5 14 6 13 6 13 6 13 7 13 7 12 7 12 7 12 7 12 7 11 7 11 7 11 7 11 7 10 7 10 7 10 7 10 7 11 7 10 7 10 6 0 0 10 6 10 5 10 5 10 5 10 5 10 5 10 5 10 5 10 4 10 4 11 4 11 4 11 4 11 4 11 3 11 3 12 3 12 3 12 2 11 2 12 2 12 3 12 2 12 2 13 2 12 2 0 0 0 0 0 0 0 0 0 0]"
"1769236309009546,CSI_DATA,STATION,00:00:00:00:00:00,0,0,0,0,0,0,0,0,0,0,0,0,0,0,0,0,0,0,0,0,0,128,[84 -64 4 0 0 0 0 0 0 0 0 0 0 15 -1 15 -2 14 -2 15 -2 15 -4 15 -4 15 -4 15 -4 14 -5 14 -4 14 -5 14 -5 13 -5 13 -6 13 -5 13 -5 13 -5 13 -5 12 -5 12 -5 12 -5 11 -5 12 -5 12 -5 11 -4 12 0 0 -4 11 -4 11 -3 11 -3 11 -3 11 -3 11 -2 11 -2 11 -2 11 -2 11 -1 11 -1 11 -1 12 0 12 -1 12 0 12 0 11 0 12 0 12 0 12 1 13 1 12 1 12 1 12 1 12 2 13 0 0 0 0 0 0 0 0 0 0]"
"1769236309013879,CSI_DATA,STATION,00:00:00:00:00:00,0,0,0,0,0,0,0,0,0,0,0,0,0,0,0,0,0,0,0,0,0,128,[84 -64 4 0 0 0 0 0 0 0 0 0 13 7 12 8 12 9 12 9 11 10 11 10 11 10 10 11 10 11 10 11 9 10 9 11 9 10 9 11 8 11 8 11 8 11 8 10 8 10 8 10 8 10 7 10 7 10 8 9 8 9 8 9 0 0 8 9 7 9 8 8 7 8 8 8 8 8 8 7 9 7 8 7 9 7 9 6 9 7 9 6 10 6 9 6 10 6 10 6 10 5 11 5 10 5 11 5 11 6 11 5 12 5 12 5 12 4 0 0 0 0 0 0 0 0 0 0]"
"1769236309020393,CSI_DATA,STATION,00:00:00:00:00:00,0,0,0,0,0,0,0,0,0,0,0,0,0,0,0,0,0,0,0,0,0,128,[84 -64 4 0 0 0 0 0 0 0 0 0 -12 -11 -12 -11 -11 -12 -11 -12 -10 -13 -10 -13 -9 -13 -9 -13 -8 -14 -8 -14 -8 -14 -8 -13 -8 -13 -8 -13 -7 -13 -7 -13 -7 -13 -7 -13 -6 -13 -6 -13 -6 -13 -6 -12 -6 -12 -7 -12 -6 -12 -6 -11 0 0 -6 -11 -7 -11 -7 -11 -7 -10 -7 -10 -7 -10 -7 -10 -7 -10 -7 -10 -8 -10 -9 -9 -8 -9 -9 -9 -9 -9 -9 -9 -9 -9 -10 -9 -10 -9 -10 -9 -10 -9 -10 -9 -10 -9 -11 -9 -11 -9 -11 -8 -11 -8 0 0 0 0 0 0 0 0 0 0]"
"1769236309024721,CSI_DATA,STATION,00:00:00:00:00:00,0,0,0,0,0,0,0,0,0,0,0,0,0,0,0,0,0,0,0,0,0,128,[84 -64 4 0 0 0 0 0 0 0 0 0 -16 4 -16 3 -16 2 -16 2 -16 2 -16 1 -16 0 -16 0 -15 -1 -16 -1 -15 -1 -15 -1 -15 -2 -15 -1 -15 -2 -15 -1 -14 -2 -14 -3 -14 -2 -14 -2 -14 -3 -13 -2 -13 -2 -13 -2 -13 -1 -13 -1 0 0 -12 -1 -12 -1 -12 -1 -12 0 -13 -1 -12 -1 -12 0 -12 0 -12 0 -13 1 -12 1 -12 1 -12 1 -12 1 -12 2 -12 2 -12 2 -13 2 -13 3 -13 3 -13 3 -13 3 -13 3 -13 3 -13 3 -13 4 0 0 0 0 0 0 0 0 0 0]"
"1769236309031211,CSI_DATA,STATION,00:00:00:00:00:00,0,0,0,0,0,0,0,0,0,0,0,0,0,0,0,0,0,0,0,0,0,128,[84 -64 4 0 0 0 0 0 0 0 0 0 -9 -11 -9 -11 -8 -12 -8 -12 -7 -13 -7 -13 -7 -12 -6 -13 -6 -13 -6 -13 -6 -13 -5 -13 -5 -13 -5 -13 -4 -13 -5 -13 -4 -12 -4 -12 -5 -12 -4 -12 -4 -12 -4 -12 -4 -11 -4 -11 -4 -11 -4 -11 0 0 -5 -10 -5 -11 -5 -10 -5 -10 -5 -10 -5 -10 -6 -10 -6 -10 -6 -9 -6 -9 -7 -10 -6 -9 -7 -9 -7 -9 -7 -9 -7 -9 -8 -9 -8 -9 -8 -9 -8 -9 -8 -9 -8 -9 -9 -9 -9 -9 -9 -8 -9 -8 0 0 0 0 0 0 0 0 0 0]"
"1769236309035546,CSI_DATA,STATION,00:00:00:00:00:00,0,0,0,0,0,0,0,0,0,0,0,0,0,0,0,0,0,0,0,0,0,128,[84 -64 4 0 0 0 0 0 0 0 0 0 -12 15 -12 15 -13 14 -13 14 -13 14 -14 13 -14 12 -14 12 -15 11 -15 10 -16 11 -15 10 -15 10 -15 10 -16 10 -15 9 -15 9 -15 9 -14 9 -14 8 -14 9 -14 9 -14 8 -14 8 -13 8 -13 9 0 0 -13 9 -12 8 -12 9 -12 9 -12 9 -12 9 -11 10 -11 10 -10 10 -10 10 -10 11 -11 10 -10 10 -10 11 -10 11 -9 12 -9 12 -9 12 -8 13 -8 13 -8 13 -8 13 -9 13 -8 13 -8 14 -8 14 0 0 0 0 0 0 0 0 0 0]"
"1769236309042088,CSI_DATA,STATION,00:00:00:00:00:00,0,0,0,0,0,0,0,0,0,0,0,0,0,0,0,0,0,0,0,0,0,128,[84 -64 4 0 0 0 0 0 0 0 0 0 -13 -9 -13 -10 -12 -10 -12 -11 -12 -11 -11 -12 -11 -11 -10 -12 -10 -12 -9 -12 -10 -12 -9 -12 -9 -12 -9 -12 -9 -13 -8 -12 -8 -12 -8 -12 -8 -12 -7 -12 -8 -11 -7 -11 -7 -11 -8 -11 -7 -10 -8 -10 0 0 -8 -10 -8 -10 -8 -10 -8 -9 -9 -9 -8 -9 -9 -9 -9 -9 -9 -9 -10 -8 -9 -8 -10 -8 -10 -8 -10 -8 -10 -7 -10 -7 -10 -7 -10 -7 -11 -7 -11 -7 -11 -7 -11 -7 -11 -7 -12 -6 -12 -6 -12 -6 0 0 0 0 0 0 0 0 0 0]"
"1769236309046564,CSI_DATA,STATION,00:00:00:00:00:00,0,0,0,0,0,0,0,0,0,0,0,0,0,0,0,0,0,0,0,0,0,128,[84 -64 4 0 0 0 0 0 0 0 0 0 3 -16 4 -16 4 -15 5 -15 5 -14 5 -15 6 -14 6 -14 6 -14 7 -13 6 -13 7 -13 7 -13 7 -12 7 -13 7 -12 7 -12 7 -12 7 -11 7 -12 7 -12 6 -11 6 -11 6 -12 6 -11 5 -11 0 0 5 -11 4 -11 4 -11 4 -11 4 -12 4 -11 3 -11 3 -12 3 -12 3 -12 3 -12 2 -12 2 -12 2 -12 2 -12 1 -13 1 -12 1 -13 1 -13 1 -13 1 -13 1 -12 0 -13 0 -13 0 -13 0 -13 0 0 0 0 0 0 0 0 0 0]"
"1769236309050918,CSI_DATA,STATION,00:00:00:00:00:00,0,0,0,0,0,0,0,0,0,0,0,0,0,0,0,0,0,0,0,0,0,128,[84 -64 4 0 0 0 0 0 0 0 0 0 -18 2 -18 2 -18 1 -18 1 -18 0 -18 0 -17 -1 -18 -1 -17 -2 -18 -2 -17 -2 -16 -3 -16 -3 -16 -3 -16 -3 -16 -3 -15 -3 -15 -4 -16 -4 -15 -3 -15 -3 -14 -3 -14 -3 -15 -3 -14 -3 -14 -2 0 0 -14 -2 -14 -1 -13 -1 -14 -1 -14 -1 -14 -1 -14 -1 -13 0 -13 0 -13 1 -14 1 -14 1 -13 1 -13 2 -13 2 -14 3 -13 2 -13 3 -14 3 -14 3 -14 4 -14 4 -14 4 -14 4 -14 4 -14 4 0 0 0 0 0 0 0 0 0 0]"
"1769236309057495,CSI_DATA,STATION,00:00:00:00:00:00,0,0,0,0,0,0,0,0,0,0,0,0,0,0,0,0,0,0,0,0,0,128,[84 -64 4 0 0 0 0 0 0 0 0 0 -9 17 -10 16 -10 16 -11 16 -11 15 -11 15 -12 14 -13 14 -13 13 -13 13 -13 13 -12 12 -13 12 -13 12 -13 11 -13 11 -13 11 -13 11 -13 11 -13 10 -12 10 -12 9 -12 11 -12 10 -11 10 -11 11 0 0 -11 11 -10 10 -10 10 -10 10 -10 11 -10 11 -9 10 -9 11 -9 11 -9 12 -8 12 -8 12 -8 12 -7 12 -8 13 -7 13 -7 13 -7 13 -7 13 -7 13 -6 14 -6 14 -6 13 -6 14 -6 14 -5 14 0 0 0 0 0 0 0 0 0 0]"
"1769236309061855,CSI_DATA,STATION,00:00:00:00:00:00,0,0,0,0,0,0,0,0,0,0,0,0,0,0,0,0,0,0,0,0,0,128,[84 -64 4 0 0 0 0 0 0 0 0 0 4 14 3 15 2 15 2 15 1 15 1 15 0 15 -1 15 -1 15 -1 15 -1 14 -1 14 -1 14 -1 14 -2 14 -2 14 -2 13 -2 13 -2 13 -2 13 -2 12 -2 12 -2 12 -2 12 -1 12 -1 12 0 0 -1 11 0 11 0 11 0 11 0 11 1 11 0 11 1 11 1 11 1 11 2 11 2 11 2 11 2 11 2 11 3 11 3 11 4 10 3 11 3 11 4 11 4 11 4 11 5 11 5 11 5 11 0 0 0 0 0 0 0 0 0 0]"
"1769236309066248,CSI_DATA,STATION,00:00:00:00:00:00,0,0,0,0,0,0,0,0,0,0,0,0,0,0,0,0,0,0,0,0,0,128,[84 -64 4 0 0 0 0 0 0 0 0 0 8 -11 9 -11 9 -11 9 -10 10 -10 10 -9 10 -9 10 -8 10 -8 10 -8 10 -8 10 -7 10 -7 10 -7 10 -7 10 -7 10 -7 10 -7 10 -6 10 -6 10 -6 9 -6 10 -6 9 -7 9 -6 8 -6 0 0 8 -6 8 -6 8 -6 7 -7 7 -7 8 -7 7 -7 7 -7 7 -8 7 -8 7 -8 7 -8 6 -8 6 -8 6 -9 6 -9 6 -9 6 -9 6 -9 6 -9 6 -9 6 -9 6 -9 5 -10 5 -10 5 -10 0 0 0 0 0 0 0 0 0 0]"
"1769236309072761,CSI_DATA,STATION,00:00:00:00:00:00,0,0,0,0,0,0,0,0,0,0,0,0,0,0,0,0,0,0,0,0,0,128,[84 -64 4 0 0 0 0 0 0 0 0 0 -2 15 -2 14 -3 15 -4 14 -4 15 -4 14 -5 14 -6 14 -5 13 -6 13 -6 13 -6 13 -6 13 -6 13 -6 12 -6 12 -6 12 -6 12 -6 12 -6 11 -6 11 -6 11 -6 11 -6 11 -5 10 -5 11 0 0 -5 10 -4 10 -4 10 -4 11 -4 11 -3 11 -3 11 -3 10 -3 10 -3 11 -2 11 -2 11 -2 11 -2 11 -1 11 -1 11 -1 12 -1 11 -1 11 -1 12 0 12 0 11 0 12 0 12 0 12 0 12 0 0 0 0 0 0 0 0 0 0]"
"1769236309077156,CSI_DATA,STATION,00:00:00:00:00:00,0,0,0,0,0,0,0,0,0,0,0,0,0,0,0,0,0,0,0,0,0,128,[84 -64 4 0 0 0 0 0 0 0 0 0 -14 2 -14 1 -14 1 -14 1 -14 1 -14 0 -14 -1 -14 -1 -14 -1 -13 -2 -14 -1 -13 -2 -13 -2 -13 -2 -13 -3 -13 -2 -12 -3 -12 -3 -12 -3 -12 -3 -12 -3 -11 -2 -11 -2 -11 -2 -11 -2 -12 -1 0 0 -11 -1 -11 -1 -11 -1 -11 -1 -11 -1 -11 -1 -11 -1 -11 0 -11 0 -11 1 -11 1 -11 1 -11 1 -11 1 -11 2 -11 2 -11 2 -11 2 -11 2 -11 2 -11 3 -11 3 -11 3 -11 3 -11 4 -11 4 0 0 0 0 0 0 0 0 0 0]"
"1769236309083664,CSI_DATA,STATION,00:00:00:00:00:00,0,0,0,0,0,0,0,0,0,0,0,0,0,0,0,0,0,0,0,0,0,128,[84 -64 4 0 0 0 0 0 0 0 0 0 2 -16 3 -15 3 -16 3 -15 4 -15 4 -15 5 -14 5 -14 5 -14 6 -14 5 -14 6 -13 6 -13 6 -13 6 -12 6 -13 7 -12 7 -12 6 -12 6 -12 6 -12 6 -11 6 -12 6 -11 5 -11 5 -11 0 0 5 -11 5 -11 4 -11 4 -12 4 -11 4 -11 3 -11 3 -11 3 -11 3 -12 3 -12 2 -11 2 -12 2 -11 2 -12 2 -12 2 -13 1 -13 2 -13 1 -13 1 -13 1 -12 0 -13 1 -13 1 -13 0 -13 0 0 0 0 0 0 0 0 0 0]"
"1769236309092375,CSI_DATA,STATION,00:00:00:00:00:00,0,0,0,0,0,0,0,0,0,0,0,0,0,0,0,0,0,0,0,0,0,128,[84 -64 4 0 0 0 0 0 0 0 0 0 4 14 4 14 3 14 3 14 2 14 2 14 2 14 1 14 1 14 0 14 0 14 0 13 -1 14 -1 13 -1 13 -1 13 -1 13 -1 12 -1 13 -1 12 -1 12 -1 12 -1 12 -1 12 -1 11 0 12 0 0 0 11 0 11 0 11 1 11 0 11 1 11 1 11 1 11 1 11 2 10 2 10 2 11 3 11 3 11 3 11 3 11 3 10 3 11 4 11 3 11 4 11 4 11 4 11 5 11 4 11 5 11 0 0 0 0 0 0 0 0 0 0]"
"1769236309096723,CSI_DATA,STATION,00:00:00:00:00:00,0,0,0,0,0,0,0,0,0,0,0,0,0,0,0,0,0,0,0,0,0,128,[84 -64 4 0 0 0 0 0 0 0 0 0 -8 13 -8 13 -8 12 -9 12 -9 11 -10 12 -10 11 -10 11 -11 10 -11 9 -11 10 -11 9 -11 9 -11 9 -11 8 -10 9 -11 9 -10 8 -11 8 -10 8 -10 8 -10 7 -9 8 -10 7 -9 7 -9 8 0 0 -9 8 -8 7 -8 8 -8 7 -8 8 -8 8 -8 8 -8 8 -7 9 -7 9 -7 9 -7 9 -7 9 -7 10 -7 9 -6 10 -6 9 -6 11 -6 11 -6 11 -6 11 -6 10 -5 10 -5 11 -5 11 -5 11 0 0 0 0 0 0 0 0 0 0]"
"1769236309103238,CSI_DATA,STATION,00:00:00:00:00:00,0,0,0,0,0,0,0,0,0,0,0,0,0,0,0,0,0,0,0,0,0,128,[84 -64 4 0 0 0 0 0 0 0 0 0 12 -7 13 -7 13 -7 13 -6 14 -6 14 -6 14 -5 13 -4 14 -4 14 -4 14 -3 13 -3 14 -2 13 -3 13 -2 12 -3 12 -2 13 -2 13 -1 13 -1 12 -2 12 -2 12 -2 12 -2 11 -2 11 -3 0 0 11 -2 11 -2 11 -3 11 -3 11 -3 11 -3 10 -3 10 -4 10 -4 10 -4 10 -5 10 -4 10 -5 10 -5 10 -6 10 -6 10 -6 11 -6 10 -6 10 -6 10 -7 10 -6 11 -6 10 -7 10 -8 10 -7 0 0 0 0 0 0 0 0 0 0]"
"1769236309107622,CSI_DATA,STATION,00:00:00:00:00:00,0,0,0,0,0,0,0,0,0,0,0,0,0,0,0,0,0,0,0,0,0,128,[84 -64 4 0 0 0 0 0 0 0 0 0 -5 14 -6 14 -6 14 -6 13 -7 13 -7 12 -8 12 -8 12 -8 12 -8 12 -9 11 -9 11 -9 11 -9 11 -9 10 -9 10 -9 11 -9 10 -9 9 -8 9 -8 10 -8 9 -8 9 -8 9 -7 9 -7 9 0 0 -7 9 -6 9 -6 9 -6 9 -6 10 -6 10 -6 9 -5 10 -6 10 -5 10 -5 10 -5 10 -5 10 -4 10 -5 11 -4 11 -4 11 -4 11 -4 12 -4 11 -4 12 -3 12 -3 12 -3 12 -3 12 -3 12 0 0 0 0 0 0 0 0 0 0]"
"1769236309114265,CSI_DATA,STATION,00:00:00:00:00:00,0,0,0,0,0,0,0,0,0,0,0,0,0,0,0,0,0,0,0,0,0,128,[84 -64 4 0 0 0 0 0 0 0 0 0 -15 -2 -15 -2 -15 -3 -15 -4 -15 -4 -15 -4 -14 -5 -14 -5 -14 -5 -14 -5 -14 -5 -13 -5 -13 -6 -13 -6 -13 -6 -12 -6 -13 -6 -12 -6 -12 -6 -12 -6 -12 -6 -12 -5 -12 -5 -12 -5 -11 -5 -12 -4 0 0 -11 -4 -11 -4 -11 -4 -11 -3 -12 -4 -11 -3 -12 -3 -12 -2 -11 -2 -12 -2 -12 -2 -12 -2 -12 -2 -12 -1 -12 -1 -13 -1 -12 -1 -13 0 -13 0 -13 0 -13 0 -13 1 -13 0 -13 1 -13 1 -13 1 0 0 0 0 0 0 0 0 0 0]"
"1769236309118604,CSI_DATA,STATION,00:00:00:00:00:00,0,0,0,0,0,0,0,0,0,0,0,0,0,0,0,0,0,0,0,0,0,128,[84 -64 4 0 0 0 0 0 0 0 0 0 -6 13 -7 12 -7 13 -8 12 -9 12 -9 12 -9 11 -9 11 -9 11 -10 10 -10 11 -10 10 -10 10 -9 10 -10 9 -10 9 -10 9 -10 9 -9 8 -9 8 -9 8 -9 8 -9 8 -9 9 -8 8 -8 8 0 0 -8 9 -7 8 -7 8 -7 9 -7 9 -7 9 -7 9 -6 9 -6 9 -6 10 -6 10 -5 9 -5 10 -5 10 -5 10 -4 10 -5 11 -5 11 -4 11 -5 11 -4 11 -4 11 -4 11 -4 12 -4 12 -4 12 0 0 0 0 0 0 0 0 0 0]"
"1769236309122939,CSI_DATA,STATION,00:00:00:00:00:00,0,0,0,0,0,0,0,0,0,0,0,0,0,0,0,0,0,0,0,0,0,128,[84 -64 4 0 0 0 0 0 0 0 0 0 -6 15 -7 15 -7 15 -7 15 -8 14 -8 14 -9 14 -9 13 -9 13 -10 12 -10 12 -10 12 -10 12 -10 11 -10 11 -10 11 -10 11 -10 11 -10 11 -9 10 -9 10 -9 10 -9 10 -9 10 -8 10 -8 10 0 0 -8 10 -7 10 -7 10 -7 11 -6 11 -6 10 -6 10 -6 11 -6 11 -6 11 -5 12 -6 11 -5 11 -5 11 -5 12 -4 12 -4 12 -4 12 -4 13 -4 12 -4 13 -3 13 -4 13 -3 14 -4 14 -3 14 0 0 0 0 0 0 0 0 0 0]"
"1769236309129479,CSI_DATA,STATION,00:00:00:00:00:00,0,0,0,0,0,0,0,0,0,0,0,0,0,0,0,0,0,0,0,0,0,128,[84 -64 4 0 0 0 0 0 0 0 0 0 -14 -13 -13 -12 -13 -14 -12 -14 -13 -15 -12 -15 -12 -14 -11 -14 -11 -14 -10 -16 -10 -16 -9 -15 -8 -16 -8 -15 -8 -14 -9 -14 -8 -14 -9 -15 -7 -14 -8 -14 -8 -13 -8 -13 -8 -13 -7 -14 -8 -13 -8 -13 0 0 -8 -12 -9 -12 -9 -11 -9 -12 -9 -12 -9 -11 -9 -11 -10 -11 -10 -10 -11 -11 -11 -11 -10 -11 -10 -10 -11 -10 -12 -10 -12 -9 -12 -10 -12 -9 -13 -8 -13 -9 -14 -9 -13 -9 -14 -9 -13 -9 -13 -9 -14 -9 0 0 0 0 0 0 0 0 0 0]"
"1769236309133786,CSI_DATA,STATION,00:00:00:00:00:00,0,0,0,0,0,0,0,0,0,0,0,0,0,0,0,0,0,0,0,0,0,128,[84 -64 4 0 0 0 0 0 0 0 0 0 10 11 11 12 9 12 9 12 9 13 8 13 8 13 7 13 7 13 7 14 7 13 6 13 6 13 6 13 6 13 5 13 5 13 5 12 5 12 5 12 5 12 5 12 5 12 5 12 5 12 5 11 0 0 5 11 5 11 6 10 5 10 6 10 6 10 6 10 6 10 7 9 7 9 7 9 7 10 7 10 8 9 8 9 8 9 9 9 9 8 9 9 9 8 9 9 10 8 9 9 10 9 10 9 10 9 0 0 0 0 0 0 0 0 0 0]"
"1769236309140328,CSI_DATA,STATION,00:00:00:00:00:00,0,0,0,0,0,0,0,0,0,0,0,0,0,0,0,0,0,0,0,0,0,128,[84 -64 4 0 0 0 0 0 0 0 0 0 3 15 3 15 2 15 2 15 1 15 1 15 0 15 0 16 -1 15 -1 15 0 14 -1 14 -1 14 -1 14 -2 15 -1 14 -2 13 -2 13 -2 13 -2 13 -2 13 -2 13 -1 13 -1 13 0 12 -1 12 0 0 0 12 1 12 0 12 0 12 1 12 1 12 1 12 2 12 2 11 2 11 3 11 3 12 3 12 3 12 3 11 4 12 4 11 4 11 4 12 4 12 5 12 5 12 5 12 6 12 6 12 6 12 0 0 0 0 0 0 0 0 0 0]"
"1769236309144745,CSI_DATA,STATION,00:00:00:00:00:00,0,0,0,0,0,0,0,0,0,0,0,0,0,0,0,0,0,0,0,0,0,128,[84 -64 4 0 0 0 0 0 0 0 0 0 1 -15 2 -15 3 -14 2 -15 3 -15 4 -14 4 -14 4 -14 5 -13 5 -13 5 -13 5 -13 5 -13 5 -12 6 -12 6 -12 6 -12 6 -11 6 -12 6 -11 5 -11 5 -11 6 -11 5 -11 4 -10 4 -11 0 0 5 -10 4 -10 4 -10 4 -10 4 -11 4 -11 3 -11 3 -11 3 -11 3 -11 3 -11 2 -11 2 -12 2 -12 2 -12 2 -12 2 -12 2 -12 2 -12 2 -12 2 -13 1 -12 1 -13 1 -13 1 -13 1 -13 0 0 0 0 0 0 0 0 0 0]"
"1769236309149196,CSI_DATA,STATION,00:00:00:00:00:00,0,0,0,0,0,0,0,0,0,0,0,0,0,0,0,0,0,0,0,0,0,128,[84 -64 4 0 0 0 0 0 0 0 0 0 14 5 14 6 14 6 14 7 13 8 13 8 13 8 12 8 12 8 12 9 12 8 11 9 12 9 11 9 11 9 10 9 10 9 10 9 10 9 10 9 10 9 10 8 10 8 10 8 9 8 10 7 0 0 10 6 10 6 10 7 10 6 10 6 10 6 10 5 10 6 11 5 11 5 11 5 11 5 12 5 12 4 11 4 12 4 12 3 12 4 12 3 12 3 13 3 13 4 13 3 13 3 13 2 13 2 0 0 0 0 0 0 0 0 0 0]"
"1769236309155764,CSI_DATA,STATION,00:00:00:00:00:00,0,0,0,0,0,0,0,0,0,0,0,0,0,0,0,0,0,0,0,0,0,128,[84 -64 4 0 0 0 0 0 0 0 0 0 11 8 10 9 10 9 10 9 9 9 9 10 9 10 9 10 8 10 8 11 8 10 7 10 7 11 7 11 7 11 7 10 7 10 7 10 7 10 7 10 6 10 6 9 6 9 7 9 7 9 7 8 0 0 7 8 7 8 7 8 7 7 8 8 7 8 8 7 8 7 8 6 8 6 9 6 9 7 9 6 9 6 9 6 10 6 10 5 10 5 10 5 10 5 10 5 10 5 10 5 11 5 11 5 11 5 0 0 0 0 0 0 0 0 0 0]"
"1769236309160138,CSI_DATA,STATION,00:00:00:00:00:00,0,0,0,0,0,0,0,0,0,0,0,0,0,0,0,0,0,0,0,0,0,128,[84 -64 4 0 0 0 0 0 0 0 0 0 -6 -14 -5 -14 -5 -14 -4 -14 -4 -15 -3 -14 -3 -14 -2 -15 -2 -14 -3 -14 -2 -14 -2 -14 -1 -14 -1 -14 -1 -14 -1 -13 -1 -13 0 -13 -1 -13 0 -13 0 -12 -1 -13 0 -12 -1 -12 -1 -12 -1 -12 0 0 -1 -12 -2 -12 -2 -12 -2 -12 -2 -12 -2 -12 -2 -12 -3 -12 -3 -11 -3 -11 -4 -11 -4 -12 -4 -12 -4 -11 -4 -12 -5 -12 -5 -12 -5 -12 -5 -12 -5 -12 -5 -12 -5 -12 -6 -12 -6 -12 -6 -12 -6 -12 0 0 0 0 0 0 0 0 0 0]"
"1769236309166694,CSI_DATA,STATION,00:00:00:00:00:00,0,0,0,0,0,0,0,0,0,0,0,0,0,0,0,0,0,0,0,0,0,128,[84 -64 4 0 0 0 0 0 0 0 0 0 -10 -11 -9 -12 -9 -12 -9 -13 -8 -12 -8 -12 -7 -12 -7 -13 -7 -13 -6 -13 -7 -12 -6 -13 -6 -13 -6 -12 -6 -13 -6 -12 -5 -12 -5 -12 -5 -11 -5 -12 -5 -11 -5 -11 -5 -11 -6 -11 -5 -11 -5 -11 0 0 -6 -10 -6 -10 -6 -10 -6 -10 -7 -10 -7 -10 -7 -9 -7 -9 -7 -9 -8 -9 -8 -9 -8 -9 -8 -9 -8 -9 -8 -9 -9 -8 -9 -9 -9 -9 -9 -9 -10 -9 -10 -9 -10 -8 -10 -9 -10 -8 -10 -8 -11 -8 0 0 0 0 0 0 0 0 0 0]"
"1769236309171047,CSI_DATA,STATION,00:00:00:00:00:00,0,0,0,0,0,0,0,0,0,0,0,0,0,0,0,0,0,0,0,0,0,128,[84 -64 4 0 0 0 0 0 0 0 0 0 11 -7 11 -7 11 -6 11 -6 11 -5 11 -5 11 -4 11 -4 11 -4 11 -3 11 -4 11 -4 11 -3 11 -3 11 -3 11 -3 10 -3 10 -2 10 -2 10 -3 10 -2 10 -3 10 -3 10 -3 10 -3 10 -3 0 0 9 -3 9 -3 9 -3 9 -4 9 -4 9 -4 9 -4 9 -4 9 -4 8 -5 8 -5 8 -5 9 -5 9 -5 9 -6 8 -6 8 -6 9 -7 9 -6 9 -7 9 -7 8 -6 8 -7 8 -7 9 -8 9 -8 0 0 0 0 0 0 0 0 0 0]"
"1769236309175409,CSI_DATA,STATION,00:00:00:00:00:00,0,0,0,0,0,0,0,0,0,0,0,0,0,0,0,0,0,0,0,0,0,128,[84 -64 4 0 0 0 0 0 0 0 0 0 11 8 10 9 10 9 10 9 10 10 8 10 9 10 8 11 8 10 8 11 7 10 7 10 7 11 7 10 6 11 6 11 6 10 6 10 6 10 6 10 5 10 5 10 6 9 6 10 6 9 6 9 0 0 6 9 6 9 6 8 6 8 7 8 6 8 7 8 7 8 7 7 7 8 8 7 8 8 8 7 8 7 8 7 8 7 9 7 9 6 9 7 9 7 9 7 9 7 10 7 10 6 10 7 10 7 0 0 0 0 0 0 0 0 0 0]"
"1769236309179754,CSI_DATA,STATION,00:00:00:00:00:00,0,0,0,0,0,0,0,0,0,0,0,0,0,0,0,0,0,0,0,0,0,128,[84 -64 4 0 0 0 0 0 0 0 0 0 -9 10 -10 10 -10 9 -10 9 -11 9 -11 9 -11 8 -12 8 -12 7 -12 7 -11 8 -11 7 -11 6 -11 7 -12 6 -11 6 -12 7 -11 6 -11 6 -11 6 -10 6 -10 5 -10 6 -10 6 -10 6 -10 6 0 0 -10 6 -9 6 -9 7 -9 6 -9 7 -9 7 -9 6 -9 7 -9 7 -8 8 -8 8 -8 8 -8 8 -8 8 -8 8 -8 9 -7 9 -8 9 -8 10 -8 9 -8 10 -7 10 -7 10 -7 10 -7 11 -7 10 0 0 0 0 0 0 0 0 0 0]"
"1769236309186309,CSI_DATA,STATION,00:00:00:00:00:00,0,0,0,0,0,0,0,0,0,0,0,0,0,0,0,0,0,0,0,0,0,128,[84 -64 4 0 0 0 0 0 0 0 0 0 -6 14 -7 14 -7 14 -8 13 -8 13 -8 12 -9 13 -9 12 -9 12 -10 12 -10 11 -10 11 -10 11 -10 10 -10 9 -10 10 -10 10 -10 10 -10 9 -9 9 -10 9 -9 9 -9 9 -9 9 -9 8 -9 9 0 0 -9 9 -8 9 -7 9 -8 10 -7 10 -7 9 -7 9 -7 10 -7 10 -7 10 -7 11 -7 11 -6 11 -6 11 -6 11 -6 12 -6 12 -6 11 -5 12 -5 12 -5 12 -5 12 -5 12 -5 13 -5 13 -5 13 0 0 0 0 0 0 0 0 0 0]"
"1769236309190667,CSI_DATA,STATION,00:00:00:00:00:00,0,0,0,0,0,0,0,0,0,0,0,0,0,0,0,0,0,0,0,0,0,128,[84 -64 4 0 0 0 0 0 0 0 0 0 -6 -15 -5 -15 -5 -15 -5 -15 -4 -16 -4 -16 -3 -15 -3 -15 -2 -15 -2 -16 -1 -15 -2 -15 -1 -15 -1 -15 -1 -15 -1 -15 0 -14 0 -14 -1 -14 0 -14 0 -13 -1 -13 0 -13 0 -13 -1 -13 -1 -13 0 0 -1 -13 -2 -12 -2 -12 -2 -13 -2 -13 -2 -13 -3 -13 -3 -12 -3 -12 -3 -12 -3 -13 -3 -12 -4 -12 -4 -13 -4 -13 -4 -13 -5 -13 -5 -13 -5 -13 -5 -14 -5 -13 -5 -13 -6 -14 -6 -13 -6 -14 -6 -13 0 0 0 0 0 0 0 0 0 0]"
"1769236309197209,CSI_DATA,STATION,00:00:00:00:00:00,0,0,0,0,0,0,0,0,0,0,0,0,0,0,0,0,0,0,0,0,0,128,[84 -64 4 0 0 0 0 0 0 0 0 0 -2 -16 -1 -15 -1 -16 0 -16 0 -16 1 -16 2 -15 2 -16 2 -15 3 -15 3 -15 2 -15 3 -14 3 -14 3 -14 3 -14 3 -14 3 -13 2 -14 3 -14 3 -13 2 -13 3 -13 2 -13 2 -13 2 -12 0 0 1 -12 1 -13 1 -12 0 -13 0 -12 0 -13 0 -13 0 -13 -1 -12 -1 -13 -2 -13 -2 -13 -2 -13 -2 -13 -2 -13 -3 -13 -3 -14 -3 -14 -3 -14 -3 -14 -4 -14 -4 -14 -4 -15 -4 -14 -5 -14 -4 -14 0 0 0 0 0 0 0 0 0 0]"
"1769236309201550,CSI_DATA,STATION,00:00:00:00:00:00,0,0,0,0,0,0,0,0,0,0,0,0,0,0,0,0,0,0,0,0,0,128,[84 -64 4 0 0 0 0 0 0 0 0 0 -2 13 -3 13 -3 13 -3 13 -4 13 -5 13 -5 13 -5 12 -5 12 -6 12 -5 12 -6 12 -6 11 -6 12 -6 11 -6 11 -6 11 -6 11 -6 10 -6 10 -5 10 -5 10 -6 10 -5 10 -5 9 -5 10 0 0 -5 10 -4 9 -4 10 -4 10 -4 10 -3 10 -3 10 -3 10 -3 10 -2 11 -2 11 -2 10 -2 11 -2 11 -2 11 -1 11 -1 11 -1 11 -1 12 -1 11 -1 12 -1 12 -1 12 0 12 0 12 0 12 0 0 0 0 0 0 0 0 0 0]"
"1769236309208119,CSI_DATA,STATION,00:00:00:00:00:00,0,0,0,0,0,0,0,0,0,0,0,0,0,0,0,0,0,0,0,0,0,128,[84 -64 4 0 0 0 0 0 0 0 0 0 -13 -7 -13 -7 -13 -7 -13 -8 -12 -8 -12 -9 -12 -9 -11 -9 -11 -9 -11 -10 -10 -9 -10 -9 -10 -10 -10 -10 -9 -10 -9 -9 -9 -9 -9 -9 -9 -9 -9 -10 -9 -9 -9 -9 -9 -9 -9 -9 -8 -8 -9 -8 0 0 -9 -8 -9 -8 -9 -8 -9 -8 -9 -7 -9 -8 -9 -7 -10 -7 -10 -7 -10 -6 -10 -6 -10 -6 -10 -6 -11 -6 -11 -6 -11 -5 -11 -6 -11 -6 -11 -6 -12 -6 -11 -6 -12 -5 -12 -6 -12 -5 -12 -5 -12 -5 0 0 0 0 0 0 0 0 0 0]"
"1769236309212470,CSI_DATA,STATION,00:00:00:00:00:00,0,0,0,0,0,0,0,0,0,0,0,0,0,0,0,0,0,0,0,0,0,128,[84 -64 4 0 0 0 0 0 0 0 0 0 14 -3 13 -2 13 -1 14 -1 13 -1 13 0 13 0 13 0 13 0 13 1 13 1 13 1 12 2 12 2 12 2 11 1 11 2 12 2 12 2 11 2 11 2 11 2 11 2 11 2 11 1 11 1 0 0 11 0 11 0 11 0 11 0 11 0 11 0 10 0 10 -1 10 -1 10 -1 10 -2 10 -2 11 -2 11 -2 11 -3 11 -3 11 -3 11 -3 11 -3 10 -3 11 -3 11 -4 11 -4 11 -4 12 -4 12 -5 0 0 0 0 0 0 0 0 0 0]"
"1769236309216811,CSI_DATA,STATION,00:00:00:00:00:00,0,0,0,0,0,0,0,0,0,0,0,0,0,0,0,0,0,0,0,0,0,128,[84 -64 4 0 0 0 0 0 0 0 0 0 13 -4 13 -4 13 -3 13 -3 13 -2 14 -2 14 -2 13 -1 13 -1 13 0 13 0 13 0 12 1 13 0 12 0 12 0 12 0 11 1 12 0 12 0 11 1 11 1 11 0 11 0 11 0 11 -1 0 0 10 -1 10 -1 10 -1 11 -2 10 -1 11 -2 10 -2 10 -2 10 -3 10 -3 10 -3 10 -3 11 -3 10 -3 11 -4 11 -4 10 -4 11 -5 11 -5 11 -5 11 -5 11 -5 11 -5 10 -6 11 -6 11 -6 0 0 0 0 0 0 0 0 0 0]"
"1769236309227541,CSI_DATA,STATION,00:00:00:00:00:00,0,0,0,0,0,0,0,0,0,0,0,0,0,0,0,0,0,0,0,0,0,128,[84 -64 4 0 0 0 0 0 0 0 0 0 -11 -8 -11 -9 -11 -9 -11 -10 -10 -10 -10 -11 -9 -10 -9 -11 -9 -11 -9 -11 -9 -11 -8 -10 -8 -11 -8 -11 -8 -11 -8 -11 -7 -11 -7 -10 -7 -10 -7 -11 -7 -10 -7 -10 -7 -10 -8 -10 -7 -9 -7 -9 0 0 -7 -9 -8 -9 -8 -8 -8 -8 -8 -8 -8 -9 -8 -8 -9 -8 -9 -7 -9 -7 -9 -7 -9 -7 -9 -7 -9 -7 -10 -7 -10 -7 -10 -7 -10 -7 -10 -7 -10 -7 -11 -7 -11 -6 -11 -7 -12 -6 -11 -6 -11 -6 0 0 0 0 0 0 0 0 0 0]"
"1769236309234080,CSI_DATA,STATION,00:00:00:00:00:00,0,0,0,0,0,0,0,0,0,0,0,0,0,0,0,0,0,0,0,0,0,128,[84 -64 4 0 0 0 0 0 0 0 0 0 10 -12 10 -11 11 -11 10 -10 12 -10 12 -9 12 -9 13 -8 12 -8 12 -8 12 -8 12 -8 12 -8 12 -7 12 -6 12 -7 12 -7 12 -7 11 -6 11 -6 11 -6 11 -6 11 -7 10 -7 10 -7 10 -7 0 0 10 -6 10 -6 10 -7 10 -7 9 -7 10 -7 9 -7 9 -8 9 -8 9 -8 8 -8 9 -8 9 -8 9 -8 9 -9 8 -10 9 -10 8 -10 9 -10 9 -10 9 -10 9 -10 9 -11 8 -11 8 -12 8 -12 0 0 0 0 0 0 0 0 0 0]"
"1769236309238393,CSI_DATA,STATION,00:00:00:00:00:00,0,0,0,0,0,0,0,0,0,0,0,0,0,0,0,0,0,0,0,0,0,128,[84 -64 4 0 0 0 0 0 0 0 0 0 -15 5 -15 5 -15 4 -15 3 -15 3 -15 3 -16 2 -15 1 -15 1 -15 1 -15 1 -15 1 -14 0 -15 0 -15 0 -14 1 -14 0 -13 0 -14 0 -13 0 -13 0 -13 -1 -13 0 -13 0 -13 1 -13 1 0 0 -12 1 -12 1 -12 1 -12 1 -12 1 -12 1 -12 1 -12 2 -12 3 -13 3 -12 3 -12 3 -12 3 -12 4 -12 4 -13 4 -12 4 -12 5 -13 5 -13 5 -13 5 -13 5 -13 5 -12 6 -13 6 -13 6 0 0 0 0 0 0 0 0 0 0]"
"1769236309244893,CSI_DATA,STATION,00:00:00:00:00:00,0,0,0,0,0,0,0,0,0,0,0,0,0,0,0,0,0,0,0,0,0,128,[84 -64 4 0 0 0 0 0 0 0 0 0 13 -8 13 -7 13 -6 13 -7 13 -6 14 -6 14 -5 14 -5 14 -4 14 -4 14 -4 14 -4 13 -3 13 -3 14 -3 13 -3 13 -3 12 -3 13 -3 13 -3 12 -3 12 -3 12 -3 12 -3 12 -3 12 -4 0 0 11 -4 11 -4 11 -4 11 -5 11 -4 11 -5 11 -5 10 -5 10 -5 11 -6 10 -6 10 -6 11 -6 11 -6 10 -7 10 -7 10 -7 10 -8 10 -8 10 -8 10 -8 10 -8 10 -8 10 -8 10 -9 10 -9 0 0 0 0 0 0 0 0 0 0]"
"1769236309251517,CSI_DATA,STATION,00:00:00:00:00:00,0,0,0,0,0,0,0,0,0,0,0,0,0,0,0,0,0,0,0,0,0,128,[84 -64 4 0 0 0 0 0 0 0 0 0 12 4 12 5 12 5 12 6 11 6 11 7 11 6 11 7 10 7 10 8 10 7 10 8 9 8 9 7 9 8 9 7 9 7 9 7 9 7 8 7 8 7 8 7 8 7 9 7 8 7 8 6 0 0 8 6 8 6 9 5 8 5 9 5 9 5 9 5 9 5 9 4 9 5 9 4 9 5 10 4 10 4 10 4 10 3 11 3 10 3 11 3 10 3 11 3 11 3 11 3 11 3 11 3 11 3 0 0 0 0 0 0 0 0 0 0]"
"1769236309255857,CSI_DATA,STATION,00:00:00:00:00:00,0,0,0,0,0,0,0,0,0,0,0,0,0,0,0,0,0,0,0,0,0,128,[84 -64 4 0 0 0 0 0 0 0 0 0 15 -1 15 0 14 1 15 1 15 1 14 1 14 2 14 3 14 2 13 3 13 3 13 3 13 4 13 4 13 4 13 3 12 4 12 4 12 4 12 4 12 4 12 3 11 3 11 4 12 3 11 2 0 0 11 2 11 2 11 2 11 1 11 2 11 1 11 1 11 1 11 1 11 1 11 0 11 1 12 0 12 0 12 -1 12 -1 12 -1 12 -2 12 -1 12 -2 13 -2 13 -2 13 -2 13 -2 13 -2 13 -3 0 0 0 0 0 0 0 0 0 0]"
"1769236309262401,CSI_DATA,STATION,00:00:00:00:00:00,0,0,0,0,0,0,0,0,0,0,0,0,0,0,0,0,0,0,0,0,0,128,[84 -64 4 0 0 0 0 0 0 0 0 0 2 -15 3 -15 3 -15 4 -15 4 -15 5 -15 5 -14 6 -14 6 -14 6 -14 5 -14 5 -13 6 -13 6 -13 6 -13 6 -12 7 -12 6 -12 6 -12 6 -12 6 -12 6 -11 6 -12 5 -12 4 -12 4 -12 0 0 5 -11 4 -11 4 -12 3 -11 4 -12 4 -11 3 -12 3 -12 3 -12 3 -12 2 -12 2 -12 2 -13 2 -13 2 -13 1 -13 1 -13 1 -14 1 -14 1 -13 1 -14 1 -13 0 -14 0 -14 0 -14 0 -14 0 0 0 0 0 0 0 0 0 0]"
"1769236309266728,CSI_DATA,STATION,00:00:00:00:00:00,0,0,0,0,0,0,0,0,0,0,0,0,0,0,0,0,0,0,0,0,0,128,[84 -64 4 0 0 0 0 0 0 0 0 0 -2 -17 -2 -18 -1 -17 -1 -18 0 -17 0 -18 1 -17 2 -17 2 -17 2 -16 3 -16 3 -17 2 -16 2 -16 3 -16 3 -15 3 -15 3 -14 3 -15 3 -15 2 -14 3 -14 3 -14 3 -14 2 -14 2 -14 0 0 2 -14 1 -13 1 -14 1 -14 1 -14 1 -14 0 -14 0 -14 0 -14 0 -14 -1 -14 -1 -14 -1 -14 -1 -15 -2 -15 -2 -15 -3 -15 -2 -15 -3 -15 -3 -15 -3 -15 -3 -15 -3 -16 -4 -15 -4 -15 -3 -15 0 0 0 0 0 0 0 0 0 0]"
"1769236309271083,CSI_DATA,STATION,00:00:00:00:00:00,0,0,0,0,0,0,0,0,0,0,0,0,0,0,0,0,0,0,0,0,0,128,[84 -64 4 0 0 0 0 0 0 0 0 0 0 15 -1 15 -1 14 -2 15 -2 15 -3 15 -3 14 -3 14 -4 14 -4 14 -4 14 -4 13 -4 13 -4 13 -4 13 -4 12 -5 13 -5 12 -5 12 -4 12 -4 12 -4 12 -4 12 -4 12 -3 11 -4 11 0 0 -3 11 -2 11 -2 12 -2 11 -2 11 -2 11 -1 11 -1 11 -1 11 -1 11 -1 12 -1 12 0 12 0 12 0 12 0 12 1 12 1 12 1 13 1 12 2 13 1 13 1 13 2 13 2 13 2 13 0 0 0 0 0 0 0 0 0 0]"
"1769236309277580,CSI_DATA,STATION,00:00:00:00:00:00,0,0,0,0,0,0,0,0,0,0,0,0,0,0,0,0,0,0,0,0,0,128,[84 -64 4 0 0 0 0 0 0 0 0 0 -16 -5 -15 -5 -15 -6 -14 -7 -14 -7 -14 -7 -14 -8 -14 -8 -13 -7 -13 -9 -13 -8 -13 -8 -13 -8 -12 -8 -12 -8 -12 -8 -11 -8 -12 -9 -12 -8 -11 -8 -11 -8 -11 -8 -11 -7 -11 -7 -11 -7 -12 -6 0 0 -11 -6 -11 -6 -11 -6 -12 -5 -11 -6 -11 -5 -12 -5 -12 -5 -11 -4 -12 -4 -13 -4 -13 -4 -13 -4 -12 -4 -13 -3 -13 -3 -14 -3 -13 -3 -14 -2 -14 -2 -14 -2 -14 -3 -14 -2 -14 -2 -14 -2 -14 -2 0 0 0 0 0 0 0 0 0 0]"
"1769236309281875,CSI_DATA,STATION,00:00:00:00:00:00,0,0,0,0,0,0,0,0,0,0,0,0,0,0,0,0,0,0,0,0,0,128,[84 -64 4 0 0 0 0 0 0 0 0 0 0 -14 0 -14 1 -14 1 -14 2 -14 2 -14 3 -14 3 -13 4 -13 4 -13 3 -13 3 -13 4 -13 3 -13 4 -12 4 -12 4 -12 4 -12 4 -12 4 -11 4 -11 4 -11 4 -11 3 -12 3 -11 3 -11 0 0 3 -11 2 -11 2 -11 2 -11 2 -11 2 -11 2 -11 2 -11 2 -11 2 -11 1 -12 1 -11 0 -11 1 -12 0 -12 0 -12 0 -12 0 -13 1 -12 0 -12 0 -13 0 -12 0 -13 -1 -13 -1 -13 -1 -13 0 0 0 0 0 0 0 0 0 0]"
"1769236309286203,CSI_DATA,STATION,00:00:00:00:00:00,0,0,0,0,0,0,0,0,0,0,0,0,0,0,0,0,0,0,0,0,0,128,[84 -64 4 0 0 0 0 0 0 0 0 0 10 -12 10 -11 10 -11 11 -10 11 -10 11 -10 11 -10 12 -9 12 -9 12 -8 12 -9 12 -8 12 -8 12 -8 12 -7 11 -7 11 -7 11 -7 11 -6 11 -7 11 -6 11 -6 11 -7 10 -7 11 -7 10 -7 0 0 10 -7 10 -7 10 -7 9 -7 9 -8 9 -8 9 -7 9 -8 9 -9 9 -9 8 -9 8 -9 8 -9 8 -9 8 -10 8 -10 8 -10 8 -10 8 -10 8 -10 9 -10 8 -10 8 -10 8 -11 8 -12 8 -11 0 0 0 0 0 0 0 0 0 0]"
"1769236309292657,CSI_DATA,STATION,00:00:00:00:00:00,0,0,0,0,0,0,0,0,0,0,0,0,0,0,0,0,0,0,0,0,0,128,[84 -64 4 0 0 0 0 0 0 0 0 0 5 12 4 12 3 12 3 12 3 12 2 13 2 13 2 13 2 12 1 13 1 12 1 12 1 12 1 12 0 12 1 12 0 12 0 11 1 12 1 11 1 11 1 11 0 11 0 11 1 11 1 10 0 0 1 10 2 10 2 10 1 10 2 10 2 10 2 10 3 10 3 9 3 10 3 10 3 10 4 10 4 10 4 10 4 10 5 10 5 10 5 10 5 9 5 10 5 10 5 10 6 10 6 10 5 10 0 0 0 0 0 0 0 0 0 0]"
"1769236309296969,CSI_DATA,STATION,00:00:00:00:00:00,0,0,0,0,0,0,0,0,0,0,0,0,0,0,0,0,0,0,0,0,0,128,[84 -64 4 0 0 0 0 0 0 0 0 0 10 -8 11 -8 11 -7 11 -7 11 -6 12 -6 11 -5 12 -5 12 -5 12 -5 12 -5 12 -4 11 -4 11 -4 12 -4 11 -4 11 -4 11 -3 11 -3 11 -3 11 -3 11 -3 10 -3 10 -3 10 -3 10 -4 0 0 10 -4 9 -4 10 -4 10 -5 9 -5 9 -4 10 -4 9 -5 9 -5 9 -5 9 -6 9 -6 9 -6 9 -6 9 -6 9 -7 9 -7 9 -7 9 -7 9 -7 10 -7 9 -7 9 -7 9 -7 9 -8 10 -8 0 0 0 0 0 0 0 0 0 0]"
"1769236309303456,CSI_DATA,STATION,00:00:00:00:00:00,0,0,0,0,0,0,0,0,0,0,0,0,0,0,0,0,0,0,0,0,0,128,[84 -64 4 0 0 0 0 0 0 0 0 0 -14 2 -14 1 -14 0 -14 0 -14 -1 -14 -1 -14 -1 -14 -1 -13 -1 -13 -2 -13 -2 -13 -2 -13 -2 -13 -2 -12 -2 -12 -2 -12 -2 -12 -3 -12 -3 -12 -3 -12 -3 -12 -3 -12 -2 -12 -2 -11 -2 -11 -2 0 0 -11 -1 -11 -1 -11 -1 -11 0 -12 0 -11 0 -11 -1 -11 0 -11 0 -11 0 -11 1 -11 1 -11 1 -12 1 -12 1 -11 2 -12 1 -12 2 -12 2 -12 2 -12 2 -12 2 -12 2 -12 3 -12 3 -12 3 0 0 0 0 0 0 0 0 0 0]"
"1769236309307770,CSI_DATA,STATION,00:00:00:00:00:00,0,0,0,0,0,0,0,0,0,0,0,0,0,0,0,0,0,0,0,0,0,128,[84 -64 4 0 0 0 0 0 0 0 0 0 -12 -7 -12 -8 -11 -8 -11 -9 -11 -9 -10 -10 -10 -9 -10 -10 -9 -10 -9 -10 -9 -10 -9 -10 -8 -10 -8 -10 -8 -11 -8 -10 -8 -10 -8 -10 -7 -10 -7 -10 -7 -10 -7 -10 -7 -9 -7 -9 -8 -9 -8 -9 0 0 -7 -9 -7 -9 -8 -8 -7 -8 -8 -8 -8 -8 -8 -8 -8 -8 -8 -8 -9 -7 -9 -7 -9 -8 -9 -7 -10 -7 -9 -7 -10 -7 -10 -7 -10 -7 -10 -7 -10 -7 -10 -7 -11 -7 -10 -7 -11 -7 -11 -7 -11 -6 0 0 0 0 0 0 0 0 0 0]"
"1769236309312086,CSI_DATA,STATION,00:00:00:00:00:00,0,0,0,0,0,0,0,0,0,0,0,0,0,0,0,0,0,0,0,0,0,128,[84 -64 4 0 0 0 0 0 0 0 0 0 -13 7 -14 7 -14 6 -14 6 -14 5 -14 5 -14 4 -14 4 -14 3 -15 3 -14 4 -14 3 -14 3 -14 3 -14 2 -14 3 -13 2 -13 2 -13 2 -13 2 -13 1 -13 2 -13 2 -12 2 -12 3 -12 3 0 0 -12 3 -12 3 -12 3 -12 3 -11 3 -12 3 -12 4 -12 4 -11 4 -12 5 -11 5 -11 5 -11 5 -11 6 -11 6 -12 6 -11 6 -11 7 -11 7 -11 7 -11 7 -11 7 -11 7 -11 7 -11 8 -11 8 0 0 0 0 0 0 0 0 0 0]"
"1769236309318483,CSI_DATA,STATION,00:00:00:00:00:00,0,0,0,0,0,0,0,0,0,0,0,0,0,0,0,0,0,0,0,0,0,128,[84 -64 4 0 0 0 0 0 0 0 0 0 -12 7 -13 7 -13 6 -14 6 -14 6 -14 5 -14 5 -14 5 -14 4 -14 4 -14 4 -14 4 -13 3 -13 3 -14 3 -13 4 -13 3 -13 3 -13 2 -13 3 -12 2 -12 3 -12 3 -12 3 -12 3 -12 3 0 0 -11 3 -11 4 -11 4 -11 4 -11 4 -11 4 -11 5 -11 5 -11 6 -10 6 -10 6 -11 6 -11 6 -11 7 -10 7 -10 8 -10 7 -10 8 -10 8 -10 8 -10 9 -10 8 -10 8 -10 9 -10 9 -10 9 0 0 0 0 0 0 0 0 0 0]"
"1769236309322803,CSI_DATA,STATION,00:00:00:00:00:00,0,0,0,0,0,0,0,0,0,0,0,0,0,0,0,0,0,0,0,0,0,128,[84 -64 4 0 0 0 0 0 0 0 0 0 6 -12 7 -12 7 -11 7 -11 8 -11 8 -11 8 -10 8 -10 9 -9 9 -9 9 -9 9 -9 9 -9 9 -9 9 -8 9 -8 9 -8 8 -8 8 -8 9 -7 8 -8 8 -7 8 -8 7 -8 8 -8 7 -8 0 0 7 -8 7 -7 7 -8 6 -8 6 -9 6 -8 6 -8 6 -9 6 -9 6 -10 6 -9 5 -9 5 -9 6 -9 5 -10 5 -11 5 -10 5 -11 5 -11 5 -11 5 -10 5 -10 5 -11 4 -11 4 -12 4 -11 0 0 0 0 0 0 0 0 0 0]"
"1769236309329297,CSI_DATA,STATION,00:00:00:00:00:00,0,0,0,0,0,0,0,0,0,0,0,0,0,0,0,0,0,0,0,0,0,128,[84 -64 4 0 0 0 0 0 0 0 0 0 -14 -2 -14 -3 -13 -3 -13 -3 -13 -4 -14 -4 -13 -5 -13 -5 -13 -5 -12 -6 -12 -5 -12 -5 -12 -6 -12 -6 -12 -6 -11 -5 -11 -6 -11 -6 -11 -6 -11 -6 -10 -6 -10 -6 -10 -5 -10 -5 -10 -5 -11 -4 0 0 -10 -4 -10 -4 -10 -4 -10 -3 -11 -4 -11 -3 -10 -3 -11 -3 -11 -3 -11 -2 -11 -2 -11 -2 -11 -2 -11 -2 -11 -2 -12 -1 -11 -1 -12 -1 -12 -1 -12 -1 -12 0 -12 -1 -12 -1 -12 0 -12 0 -12 0 0 0 0 0 0 0 0 0 0 0]"
"1769236309333604,CSI_DATA,STATION,00:00:00:00:00:00,0,0,0,0,0,0,0,0,0,0,0,0,0,0,0,0,0,0,0,0,0,128,[84 -64 4 0 0 0 0 0 0 0 0 0 11 -9 12 -9 11 -8 11 -8 12 -8 13 -7 12 -6 12 -6 13 -6 13 -5 13 -6 13 -5 12 -5 12 -4 13 -5 12 -4 12 -4 11 -4 12 -4 12 -4 12 -4 11 -3 11 -4 11 -4 11 -4 11 -5 0 0 11 -4 10 -4 11 -5 10 -5 10 -5 11 -5 10 -5 10 -6 10 -6 10 -6 10 -6 10 -6 10 -6 10 -6 10 -7 10 -7 9 -7 10 -8 10 -8 10 -8 9 -8 9 -8 10 -8 10 -9 10 -9 10 -9 0 0 0 0 0 0 0 0 0 0]"
"1769236309337896,CSI_DATA,STATION,00:00:00:00:00:00,0,0,0,0,0,0,0,0,0,0,0,0,0,0,0,0,0,0,0,0,0,128,[84 -64 4 0 0 0 0 0 0 0 0 0 10 9 10 10 9 11 10 11 10 11 9 11 8 11 8 12 7 11 7 12 7 11 7 11 6 11 6 11 6 11 6 11 6 10 6 11 6 11 6 11 6 10 6 10 5 10 6 10 6 10 6 10 0 0 6 9 6 9 7 9 7 9 7 9 7 9 7 8 7 9 7 7 8 8 8 8 8 8 8 8 8 8 9 8 9 7 10 7 9 7 9 7 10 6 10 7 10 6 10 7 11 6 10 6 11 6 0 0 0 0 0 0 0 0 0 0]"
"1769236309344404,CSI_DATA,STATION,00:00:00:00:00:00,0,0,0,0,0,0,0,0,0,0,0,0,0,0,0,0,0,0,0,0,0,128,[84 -64 4 0 0 0 0 0 0 0 0 0 -14 -8 -13 -8 -12 -9 -13 -9 -12 -10 -12 -10 -12 -10 -11 -10 -11 -10 -10 -11 -11 -11 -10 -11 -10 -11 -10 -11 -10 -11 -9 -11 -9 -10 -10 -11 -9 -11 -8 -10 -9 -10 -8 -10 -9 -10 -9 -10 -9 -9 -9 -9 0 0 -9 -9 -9 -9 -9 -9 -9 -8 -9 -8 -9 -8 -10 -8 -10 -8 -10 -7 -11 -7 -11 -7 -10 -7 -10 -7 -10 -7 -11 -7 -11 -6 -11 -7 -11 -6 -12 -6 -12 -6 -12 -6 -12 -6 -12 -6 -12 -6 -12 -6 -13 -5 0 0 0 0 0 0 0 0 0 0]"
"1769236309348820,CSI_DATA,STATION,00:00:00:00:00:00,0,0,0,0,0,0,0,0,0,0,0,0,0,0,0,0,0,0,0,0,0,128,[84 -64 4 0 0 0 0 0 0 0 0 0 -13 3 -13 2 -14 1 -14 1 -14 1 -14 0 -13 0 -14 0 -14 -1 -14 -1 -13 -1 -13 -1 -13 -2 -13 -2 -13 -2 -13 -2 -12 -2 -12 -3 -12 -3 -12 -2 -12 -2 -12 -3 -12 -2 -11 -2 -11 -2 -11 -2 0 0 -11 -1 -11 -1 -11 -1 -11 -1 -11 -1 -11 -1 -11 0 -11 0 -11 0 -12 1 -11 1 -11 1 -11 1 -11 1 -12 1 -11 2 -12 1 -11 2 -12 2 -12 2 -12 2 -12 2 -12 2 -12 3 -12 3 -12 3 0 0 0 0 0 0 0 0 0 0]"
"1769236309355255,CSI_DATA,STATION,00:00:00:00:00:00,0,0,0,0,0,0,0,0,0,0,0,0,0,0,0,0,0,0,0,0,0,128,[84 -64 4 0 0 0 0 0 0 0 0 0 -8 -13 -8 -13 -7 -14 -7 -14 -6 -14 -6 -14 -5 -15 -5 -15 -5 -14 -4 -15 -4 -14 -4 -15 -3 -14 -3 -14 -3 -14 -4 -14 -3 -13 -2 -13 -3 -14 -3 -14 -3 -13 -3 -13 -3 -13 -2 -13 -3 -12 -3 -12 0 0 -3 -12 -4 -12 -4 -12 -4 -12 -4 -12 -4 -12 -5 -12 -5 -11 -5 -11 -5 -11 -6 -11 -5 -11 -6 -11 -6 -11 -6 -11 -7 -11 -7 -11 -7 -11 -7 -11 -7 -12 -7 -11 -8 -11 -8 -11 -8 -11 -8 -11 -8 -11 0 0 0 0 0 0 0 0 0 0]"
"1769236309359601,CSI_DATA,STATION,00:00:00:00:00:00,0,0,0,0,0,0,0,0,0,0,0,0,0,0,0,0,0,0,0,0,0,128,[84 -64 4 0 0 0 0 0 0 0 0 0 -13 -5 -14 -5 -13 -6 -13 -6 -13 -6 -13 -7 -12 -7 -12 -7 -12 -7 -12 -8 -11 -7 -11 -7 -11 -8 -11 -8 -10 -8 -10 -7 -11 -8 -10 -8 -10 -8 -10 -8 -10 -7 -9 -7 -10 -7 -10 -7 -9 -6 -10 -6 0 0 -9 -6 -10 -6 -10 -6 -10 -5 -10 -6 -10 -5 -10 -5 -10 -5 -10 -5 -10 -4 -11 -4 -11 -4 -11 -4 -11 -4 -11 -3 -11 -3 -11 -3 -12 -3 -11 -3 -12 -3 -12 -3 -12 -3 -12 -3 -12 -2 -12 -2 -12 -2 0 0 0 0 0 0 0 0 0 0]"
"1769236309366156,CSI_DATA,STATION,00:00:00:00:00:00,0,0,0,0,0,0,0,0,0,0,0,0,0,0,0,0,0,0,0,0,0,128,[84 -64 4 0 0 0 0 0 0 0 0 0 -14 3 -13 2 -14 1 -14 1 -14 0 -14 0 -14 0 -14 -1 -14 -1 -13 -1 -13 -1 -13 -1 -13 -2 -13 -2 -12 -2 -13 -1 -12 -2 -12 -2 -12 -2 -12 -2 -12 -2 -11 -2 -12 -2 -12 -2 -11 -1 -12 -1 0 0 -11 -1 -11 -1 -11 0 -11 0 -11 0 -11 0 -11 1 -11 0 -11 1 -11 2 -11 2 -11 2 -11 2 -11 2 -11 2 -11 3 -11 2 -11 3 -11 3 -11 3 -11 3 -11 4 -11 4 -11 4 -11 4 -11 4 0 0 0 0 0 0 0 0 0 0]"
"1769236309370633,CSI_DATA,STATION,00:00:00:00:00:00,0,0,0,0,0,0,0,0,0,0,0,0,0,0,0,0,0,0,0,0,0,128,[84 -64 4 0 0 0 0 0 0 0 0 0 0 -14 0 -14 1 -14 1 -14 1 -14 2 -14 2 -14 2 -14 2 -13 2 -13 3 -13 3 -12 3 -13 3 -12 3 -12 3 -12 4 -12 3 -12 4 -12 3 -11 3 -12 3 -11 3 -11 3 -11 2 -11 2 -11 0 0 2 -11 2 -10 1 -10 1 -11 1 -11 1 -11 0 -11 0 -11 0 -11 0 -11 0 -11 -1 -11 -1 -11 -1 -12 -1 -12 -1 -11 -2 -12 -2 -12 -2 -12 -1 -12 -2 -12 -2 -12 -2 -12 -2 -12 -3 -12 -3 -12 0 0 0 0 0 0 0 0 0 0]"
"1769236309375135,CSI_DATA,STATION,00:00:00:00:00:00,0,0,0,0,0,0,0,0,0,0,0,0,0,0,0,0,0,0,0,0,0,128,[84 -64 4 0 0 0 0 0 0 0 0 0 -14 -6 -14 -6 -14 -7 -14 -7 -14 -8 -13 -8 -13 -8 -12 -9 -12 -9 -12 -10 -12 -9 -11 -9 -12 -10 -11 -9 -11 -10 -10 -9 -11 -9 -11 -9 -10 -9 -10 -10 -10 -10 -10 -9 -10 -9 -10 -9 -10 -9 -10 -8 0 0 -10 -8 -10 -8 -10 -8 -10 -7 -10 -7 -10 -7 -10 -7 -11 -7 -10 -6 -11 -6 -11 -6 -11 -6 -11 -6 -11 -6 -11 -5 -12 -5 -12 -6 -12 -5 -12 -5 -12 -5 -12 -5 -12 -5 -13 -5 -13 -4 -13 -4 -13 -4 0 0 0 0 0 0 0 0 0 0]"
"1769236309381786,CSI_DATA,STATION,00:00:00:00:00:00,0,0,0,0,0,0,0,0,0,0,0,0,0,0,0,0,0,0,0,0,0,128,[84 -64 4 0 0 0 0 0 0 0 0 0 9 9 9 10 8 9 9 10 7 10 7 11 7 11 6 11 6 11 6 11 6 11 6 11 5 11 5 11 5 11 5 10 4 11 4 9 5 11 5 10 4 10 4 10 4 10 5 10 4 10 5 10 0 0 5 9 4 9 5 9 4 8 5 9 6 9 5 9 5 8 6 8 6 8 6 8 6 8 6 8 7 8 6 8 7 8 7 7 8 8 7 8 7 7 8 8 8 8 7 7 8 7 8 7 8 8 0 0 0 0 0 0 0 0 0 0]"
"1769236309392798,CSI_DATA,STATION,00:00:00:00:00:00,0,0,0,0,0,0,0,0,0,0,0,0,0,0,0,0,0,0,0,0,0,128,[84 -64 4 0 0 0 0 0 0 0 0 0 -7 -14 -6 -14 -6 -15 -5 -15 -4 -15 -5 -15 -4 -15 -3 -16 -3 -16 -2 -16 -2 -15 -2 -15 -2 -15 -2 -14 -1 -14 -2 -15 -1 -14 -1 -14 -1 -14 -1 -14 -1 -13 -2 -14 -1 -13 -2 -13 -2 -13 -2 -13 0 0 -2 -12 -3 -12 -3 -12 -3 -12 -3 -12 -3 -13 -3 -12 -3 -12 -4 -12 -5 -12 -5 -12 -5 -12 -5 -11 -5 -12 -5 -12 -6 -11 -6 -12 -6 -11 -6 -12 -6 -12 -6 -12 -7 -12 -7 -12 -8 -12 -8 -12 -7 -11 0 0 0 0 0 0 0 0 0 0]"
"1769236309399481,CSI_DATA,STATION,00:00:00:00:00:00,0,0,0,0,0,0,0,0,0,0,0,0,0,0,0,0,0,0,0,0,0,128,[84 -64 4 0 0 0 0 0 0 0 0 0 10 8 9 9 9 9 9 10 8 10 8 10 8 10 7 11 7 10 7 11 6 11 6 10 6 10 6 10 5 10 6 10 6 10 5 10 5 10 5 10 5 10 5 10 5 10 5 10 5 9 5 9 0 0 5 8 6 8 6 8 6 8 6 8 6 8 6 8 6 8 6 7 7 7 7 7 7 7 7 7 8 7 7 7 8 7 8 7 8 6 8 6 8 6 9 6 8 7 9 6 9 6 9 6 9 6 0 0 0 0 0 0 0 0 0 0]"
"1769236309403963,CSI_DATA,STATION,00:00:00:00:00:00,0,0,0,0,0,0,0,0,0,0,0,0,0,0,0,0,0,0,0,0,0,128,[84 -64 4 0 0 0 0 0 0 0 0 0 14 6 13 7 13 8 13 8 12 8 12 9 12 9 12 9 11 9 11 10 11 10 10 9 10 10 10 10 9 10 9 10 10 10 9 10 9 10 8 10 8 10 8 9 9 9 9 9 8 9 8 9 0 0 8 8 8 8 8 8 8 7 8 8 9 7 9 7 9 7 9 7 9 7 9 6 10 7 10 6 10 6 10 6 10 6 11 5 10 5 11 5 11 5 11 5 11 6 11 5 11 5 11 5 12 5 0 0 0 0 0 0 0 0 0 0]"
"1769236309410665,CSI_DATA,STATION,00:00:00:00:00:00,0,0,0,0,0,0,0,0,0,0,0,0,0,0,0,0,0,0,0,0,0,128,[84 -64 4 0 0 0 0 0 0 0 0 0 -16 -3 -16 -3 -15 -4 -16 -5 -15 -5 -16 -6 -15 -6 -15 -6 -14 -6 -14 -7 -14 -6 -13 -7 -14 -7 -13 -7 -13 -7 -12 -7 -13 -7 -13 -7 -12 -7 -12 -7 -12 -7 -11 -7 -12 -6 -12 -7 -12 -6 -12 -6 0 0 -11 -6 -12 -5 -12 -5 -11 -4 -12 -5 -12 -4 -11 -4 -12 -4 -12 -4 -12 -3 -12 -3 -12 -3 -12 -3 -13 -3 -12 -2 -13 -2 -13 -2 -13 -2 -13 -1 -13 -1 -13 -1 -14 -1 -13 -1 -14 -1 -13 -1 -14 0 0 0 0 0 0 0 0 0 0 0]"
"1769236309415165,CSI_DATA,STATION,00:00:00:00:00:00,0,0,0,0,0,0,0,0,0,0,0,0,0,0,0,0,0,0,0,0,0,128,[84 -64 4 0 0 0 0 0 0 0 0 0 8 12 9 13 8 13 8 13 7 13 7 14 7 14 6 13 6 13 5 14 5 14 4 13 4 13 4 13 3 14 4 13 4 13 3 12 3 13 4 13 3 12 4 12 3 12 3 12 3 12 3 12 0 0 3 11 4 11 4 11 4 11 5 11 5 11 5 10 5 10 5 10 5 10 6 10 6 10 6 10 6 10 6 9 7 10 7 9 8 10 7 9 8 9 8 9 8 9 8 9 8 9 8 9 8 9 0 0 0 0 0 0 0 0 0 0]"
"1769236309419610,CSI_DATA,STATION,00:00:00:00:00:00,0,0,0,0,0,0,0,0,0,0,0,0,0,0,0,0,0,0,0,0,0,128,[84 -64 4 0 0 0 0 0 0 0 0 0 7 -15 7 -14 7 -14 8 -14 8 -14 9 -13 9 -13 9 -12 9 -13 10 -12 10 -12 10 -11 10 -11 10 -11 10 -10 10 -10 10 -10 10 -11 9 -10 9 -10 9 -10 9 -10 9 -10 9 -10 8 -9 8 -10 0 0 7 -10 7 -10 7 -10 7 -10 7 -10 6 -10 6 -10 6 -11 6 -11 6 -11 6 -11 6 -11 6 -11 6 -11 5 -12 5 -12 5 -12 5 -12 4 -12 4 -13 4 -13 4 -13 4 -13 4 -13 4 -13 4 -13 0 0 0 0 0 0 0 0 0 0]"
"1769236309426132,CSI_DATA,STATION,00:00:00:00:00:00,0,0,0,0,0,0,0,0,0,0,0,0,0,0,0,0,0,0,0,0,0,128,[84 -64 4 0 0 0 0 0 0 0 0 0 15 3 15 4 14 5 14 5 14 5 14 6 13 6 13 7 13 6 13 7 13 7 12 7 12 7 11 7 11 7 11 7 11 7 11 7 11 8 11 8 10 7 10 7 10 7 10 7 10 6 10 6 0 0 10 5 10 5 10 5 10 5 11 5 11 5 11 4 10 4 10 4 10 4 11 3 11 4 11 3 11 3 12 2 11 2 12 2 12 2 12 2 12 2 12 2 12 2 12 2 13 1 12 1 12 1 0 0 0 0 0 0 0 0 0 0]"
"1769236309430461,CSI_DATA,STATION,00:00:00:00:00:00,0,0,0,0,0,0,0,0,0,0,0,0,0,0,0,0,0,0,0,0,0,128,[84 -64 4 0 0 0 0 0 0 0 0 0 -14 5 -14 4 -14 4 -14 3 -15 3 -14 2 -14 2 -14 1 -14 2 -15 1 -14 1 -14 1 -14 0 -13 0 -14 0 -14 1 -13 0 -13 0 -13 0 -13 0 -13 0 -12 0 -12 0 -12 0 -12 1 -12 1 0 0 -11 1 -12 1 -11 1 -11 1 -11 1 -11 1 -11 2 -11 2 -11 3 -11 3 -11 3 -11 3 -11 3 -10 3 -11 4 -11 4 -11 4 -11 4 -11 5 -11 5 -11 5 -11 5 -11 5 -11 5 -11 6 -11 6 0 0 0 0 0 0 0 0 0 0]"
"1769236309436902,CSI_DATA,STATION,00:00:00:00:00:00,0,0,0,0,0,0,0,0,0,0,0,0,0,0,0,0,0,0,0,0,0,128,[84 -64 4 0 0 0 0 0 0 0 0 0 5 -15 6 -15 6 -14 7 -15 7 -14 8 -14 8 -14 8 -14 8 -14 9 -12 8 -13 9 -13 8 -13 9 -12 8 -12 8 -11 9 -12 8 -12 9 -11 8 -11 8 -11 8 -11 8 -11 7 -10 7 -11 7 -11 0 0 7 -11 6 -11 6 -11 6 -11 5 -11 5 -11 5 -11 5 -11 5 -12 4 -12 4 -12 4 -12 4 -12 4 -12 3 -13 3 -13 2 -13 2 -13 3 -13 2 -13 2 -13 2 -13 2 -13 1 -13 1 -14 1 -14 0 0 0 0 0 0 0 0 0 0]"
"1769236309443566,CSI_DATA,STATION,00:00:00:00:00:00,0,0,0,0,0,0,0,0,0,0,0,0,0,0,0,0,0,0,0,0,0,128,[84 -64 4 0 0 0 0 0 0 0 0 0 -11 13 -11 13 -12 12 -12 12 -13 11 -13 11 -13 11 -13 10 -14 9 -14 9 -14 10 -13 9 -14 9 -13 8 -14 7 -13 7 -13 8 -13 8 -13 7 -13 7 -13 7 -13 7 -13 7 -12 7 -12 7 -12 7 0 0 -12 7 -11 7 -11 7 -11 7 -11 8 -10 7 -10 8 -10 8 -10 8 -10 9 -10 9 -10 9 -9 9 -9 9 -10 9 -9 10 -9 10 -9 10 -9 11 -9 10 -9 11 -9 11 -9 11 -8 11 -8 11 -8 12 0 0 0 0 0 0 0 0 0 0]"
"1769236309450198,CSI_DATA,STATION,00:00:00:00:00:00,0,0,0,0,0,0,0,0,0,0,0,0,0,0,0,0,0,0,0,0,0,128,[84 -64 4 0 0 0 0 0 0 0 0 0 11 4 11 5 11 5 11 6 11 6 10 6 10 7 10 7 10 7 9 7 9 6 9 7 9 7 9 7 8 8 8 7 8 7 8 7 8 7 7 7 7 7 7 7 7 6 8 6 7 6 7 6 0 0 7 6 7 6 7 6 7 5 8 5 8 5 7 5 8 5 8 4 8 4 8 4 8 4 9 4 9 4 9 4 8 3 9 3 9 3 9 3 9 3 9 3 9 3 9 3 10 2 10 2 10 2 0 0 0 0 0 0 0 0 0 0]"
"1769236309454622,CSI_DATA,STATION,00:00:00:00:00:00,0,0,0,0,0,0,0,0,0,0,0,0,0,0,0,0,0,0,0,0,0,128,[84 -64 4 0 0 0 0 0 0 0 0 0 -14 3 -14 3 -14 2 -15 1 -14 1 -15 1 -15 0 -14 -1 -14 -1 -14 -1 -15 -1 -14 -1 -14 -2 -13 -1 -13 -2 -13 -1 -13 -2 -13 -2 -13 -2 -13 -2 -12 -2 -12 -2 -12 -1 -12 -1 -12 -1 -12 -1 0 0 -12 -1 -12 0 -11 0 -12 0 -12 0 -12 0 -11 0 -11 1 -11 1 -12 1 -12 2 -11 2 -11 2 -11 2 -11 3 -11 3 -11 3 -11 3 -12 3 -12 4 -11 4 -11 4 -11 4 -11 4 -11 5 -11 5 0 0 0 0 0 0 0 0 0 0]"
"1769236309461214,CSI_DATA,STATION,00:00:00:00:00:00,0,0,0,0,0,0,0,0,0,0,0,0,0,0,0,0,0,0,0,0,0,128,[84 -64 4 0 0 0 0 0 0 0 0 0 -5 -14 -4 -14 -4 -14 -3 -15 -2 -15 -2 -15 -2 -15 -1 -14 -1 -15 -1 -14 -1 -14 -1 -14 0 -14 0 -14 0 -14 0 -14 1 -13 1 -13 0 -13 1 -13 0 -12 1 -12 1 -12 0 -12 0 -12 0 -12 0 0 0 -12 -1 -11 -1 -12 -1 -11 -1 -11 -1 -11 -2 -11 -1 -12 -2 -11 -2 -11 -2 -11 -3 -11 -3 -11 -3 -11 -3 -12 -4 -12 -4 -11 -4 -12 -4 -12 -4 -12 -4 -11 -4 -12 -4 -11 -5 -12 -5 -12 -5 -12 0 0 0 0 0 0 0 0 0 0]"
"1769236309465548,CSI_DATA,STATION,00:00:00:00:00:00,0,0,0,0,0,0,0,0,0,0,0,0,0,0,0,0,0,0,0,0,0,128,[84 -64 4 0 0 0 0 0 0 0 0 0 -15 5 -16 5 -16 4 -16 4 -16 3 -16 3 -16 2 -16 2 -16 2 -16 1 -16 1 -16 1 -15 0 -15 1 -16 0 -16 1 -15 0 -14 0 -14 0 -14 0 -14 0 -14 0 -14 0 -14 0 -13 0 -14 0 0 0 -14 1 -13 1 -12 2 -13 2 -12 2 -13 2 -13 3 -13 3 -12 3 -13 3 -12 4 -12 3 -12 4 -12 4 -12 5 -12 5 -12 5 -12 6 -12 6 -12 6 -12 7 -12 6 -12 6 -12 6 -12 7 -12 7 0 0 0 0 0 0 0 0 0 0]"
"1769236309472024,CSI_DATA,STATION,00:00:00:00:00:00,0,0,0,0,0,0,0,0,0,0,0,0,0,0,0,0,0,0,0,0,0,128,[84 -64 4 0 0 0 0 0 0 0 0 0 6 13 4 12 4 13 4 12 4 14 3 13 3 13 2 13 2 13 2 14 2 13 1 13 1 13 1 13 1 13 1 13 0 12 1 12 1 12 1 13 1 12 1 12 1 12 1 11 1 11 1 11 0 0 1 10 2 11 2 10 2 11 2 10 3 10 3 10 3 10 3 9 4 10 4 10 4 10 4 10 4 9 4 10 5 9 5 10 5 9 5 9 6 9 6 10 6 9 6 10 7 9 6 9 6 9 0 0 0 0 0 0 0 0 0 0]"
"1769236309476354,CSI_DATA,STATION,00:00:00:00:00:00,0,0,0,0,0,0,0,0,0,0,0,0,0,0,0,0,0,0,0,0,0,128,[84 -64 4 0 0 0 0 0 0 0 0 0 -11 -11 -10 -11 -10 -12 -10 -12 -9 -12 -9 -13 -8 -12 -8 -13 -7 -13 -7 -13 -7 -13 -7 -13 -7 -13 -7 -13 -6 -13 -6 -12 -6 -12 -6 -12 -6 -12 -5 -12 -5 -12 -6 -12 -5 -11 -6 -11 -6 -11 -6 -10 0 0 -6 -10 -6 -10 -6 -10 -6 -10 -7 -10 -7 -10 -7 -10 -7 -9 -7 -9 -8 -9 -8 -9 -8 -9 -8 -8 -8 -9 -8 -8 -9 -8 -9 -8 -9 -8 -9 -8 -9 -8 -9 -8 -10 -8 -10 -8 -10 -8 -10 -7 -10 -7 0 0 0 0 0 0 0 0 0 0]"
"1769236309480679,CSI_DATA,STATION,00:00:00:00:00:00,0,0,0,0,0,0,0,0,0,0,0,0,0,0,0,0,0,0,0,0,0,128,[84 -64 4 0 0 0 0 0 0 0 0 0 -6 12 -7 12 -7 12 -8 12 -8 11 -9 12 -8 11 -9 11 -9 11 -10 10 -10 10 -9 9 -9 9 -9 9 -10 9 -9 9 -10 9 -9 9 -10 9 -9 8 -9 8 -9 8 -9 8 -9 8 -8 7 -8 8 0 0 -8 8 -8 8 -7 8 -7 8 -7 9 -7 8 -7 8 -6 9 -6 9 -6 9 -6 9 -6 9 -6 10 -5 10 -6 9 -5 10 -5 10 -5 10 -4 10 -5 10 -4 10 -5 11 -4 11 -4 11 -5 11 -4 12 0 0 0 0 0 0 0 0 0 0]"
"1769236309487211,CSI_DATA,STATION,00:00:00:00:00:00,0,0,0,0,0,0,0,0,0,0,0,0,0,0,0,0,0,0,0,0,0,128,[84 -64 4 0 0 0 0 0 0 0 0 0 14 -4 14 -3 14 -2 14 -2 14 -2 14 -2 14 0 14 0 14 0 13 1 13 0 13 0 13 1 13 1 13 1 12 1 12 2 12 2 12 2 12 2 12 2 12 1 11 1 11 1 11 1 12 0 0 0 11 0 11 0 11 0 11 -1 10 0 11 -1 11 -1 10 -1 11 -2 10 -2 10 -2 10 -2 11 -2 11 -2 11 -3 10 -3 11 -3 11 -4 11 -4 11 -4 11 -4 11 -4 11 -4 11 -5 11 -5 11 -5 0 0 0 0 0 0 0 0 0 0]"
"1769236309491524,CSI_DATA,STATION,00:00:00:00:00:00,0,0,0,0,0,0,0,0,0,0,0,0,0,0,0,0,0,0,0,0,0,128,[84 -64 4 0 0 0 0 0 0 0 0 0 -14 2 -15 2 -15 1 -16 1 -15 1 -15 0 -15 0 -15 -1 -14 -1 -14 -1 -14 -2 -14 -1 -14 -2 -14 -2 -14 -2 -13 -2 -13 -2 -13 -2 -13 -2 -13 -2 -13 -2 -12 -2 -12 -2 -12 -2 -12 -2 -12 -1 0 0 -12 -1 -12 -1 -12 -1 -12 0 -12 -1 -11 0 -11 0 -12 0 -11 1 -11 1 -12 1 -12 1 -12 1 -12 1 -12 2 -12 2 -12 1 -12 2 -12 3 -12 3 -12 3 -12 3 -12 3 -12 4 -12 4 -12 3 0 0 0 0 0 0 0 0 0 0]"
"1769236309495866,CSI_DATA,STATION,00:00:00:00:00:00,0,0,0,0,0,0,0,0,0,0,0,0,0,0,0,0,0,0,0,0,0,128,[84 -64 4 0 0 0 0 0 0 0 0 0 -12 -9 -12 -10 -11 -10 -12 -11 -10 -11 -11 -11 -10 -11 -10 -11 -9 -12 -9 -12 -9 -12 -8 -11 -9 -12 -8 -12 -8 -12 -8 -11 -8 -11 -8 -11 -7 -11 -7 -11 -7 -11 -8 -11 -7 -10 -8 -10 -7 -10 -7 -10 0 0 -8 -9 -8 -9 -8 -9 -8 -9 -8 -9 -8 -9 -8 -8 -9 -8 -9 -8 -9 -8 -9 -7 -9 -7 -9 -7 -10 -7 -9 -7 -10 -7 -10 -7 -11 -7 -10 -7 -11 -6 -11 -7 -11 -7 -11 -7 -11 -6 -11 -6 -12 -6 0 0 0 0 0 0 0 0 0 0]"
"1769236309502369,CSI_DATA,STATION,00:00:00:00:00:00,0,0,0,0,0,0,0,0,0,0,0,0,0,0,0,0,0,0,0,0,0,128,[84 -64 4 0 0 0 0 0 0 0 0 0 13 5 12 6 12 6 12 6 12 7 12 7 11 7 11 8 11 8 10 9 11 8 10 9 10 9 9 9 9 9 9 8 9 8 9 8 9 8 9 9 8 8 8 7 9 8 9 8 8 8 8 7 0 0 8 7 8 6 9 6 8 6 9 6 9 6 9 5 9 5 9 5 9 5 10 4 10 5 10 5 10 4 10 4 10 3 11 3 11 3 11 3 11 3 11 3 11 3 11 3 11 2 11 3 11 2 0 0 0 0 0 0 0 0 0 0]"
"1769236309506675,CSI_DATA,STATION,00:00:00:00:00:00,0,0,0,0,0,0,0,0,0,0,0,0,0,0,0,0,0,0,0,0,0,128,[84 -64 4 0 0 0 0 0 0 0 0 0 -7 -12 -7 -12 -6 -12 -6 -13 -5 -13 -5 -13 -4 -13 -4 -13 -4 -13 -3 -13 -4 -13 -3 -12 -3 -12 -3 -12 -3 -13 -3 -12 -2 -12 -2 -11 -2 -12 -2 -12 -2 -12 -3 -11 -3 -11 -3 -11 -3 -11 -3 -11 0 0 -3 -10 -3 -10 -3 -10 -3 -10 -4 -10 -4 -10 -4 -10 -4 -10 -4 -10 -5 -10 -5 -10 -5 -9 -5 -9 -6 -10 -6 -10 -6 -10 -6 -9 -7 -9 -6 -10 -7 -10 -7 -10 -7 -9 -7 -9 -8 -9 -8 -9 -8 -9 0 0 0 0 0 0 0 0 0 0]"
"1769236309513178,CSI_DATA,STATION,00:00:00:00:00:00,0,0,0,0,0,0,0,0,0,0,0,0,0,0,0,0,0,0,0,0,0,128,[84 -64 4 0 0 0 0 0 0 0 0 0 7 -14 9 -15 9 -14 9 -13 10 -13 10 -13 10 -12 11 -12 11 -12 11 -12 11 -11 11 -11 11 -11 11 -10 11 -10 11 -10 11 -10 11 -10 10 -10 10 -9 10 -9 10 -9 10 -9 10 -10 8 -9 9 -10 0 0 8 -10 8 -9 8 -10 8 -10 8 -10 7 -10 7 -11 7 -11 7 -10 7 -11 6 -11 6 -11 6 -11 6 -11 5 -12 5 -12 5 -12 5 -13 5 -13 5 -13 5 -13 4 -13 4 -13 4 -13 4 -13 4 -14 0 0 0 0 0 0 0 0 0 0]"
"1769236309517491,CSI_DATA,STATION,00:00:00:00:00:00,0,0,0,0,0,0,0,0,0,0,0,0,0,0,0,0,0,0,0,0,0,128,[84 -64 4 0 0 0 0 0 0 0 0 0 11 -6 11 -6 12 -5 11 -5 12 -5 12 -5 12 -4 12 -3 12 -3 12 -2 12 -3 12 -2 12 -2 11 -2 12 -2 11 -2 11 -1 11 -1 11 -1 11 -2 11 -1 10 -1 11 -1 10 -2 10 -2 10 -2 0 0 10 -2 10 -2 9 -2 10 -3 9 -3 9 -3 9 -3 9 -3 9 -3 9 -4 9 -4 9 -4 9 -4 9 -4 9 -5 10 -5 9 -5 9 -5 9 -5 9 -6 9 -5 9 -5 9 -6 9 -6 9 -6 9 -6 0 0 0 0 0 0 0 0 0 0]"
"1769236309524015,CSI_DATA,STATION,00:00:00:00:00:00,0,0,0,0,0,0,0,0,0,0,0,0,0,0,0,0,0,0,0,0,0,128,[84 -64 4 0 0 0 0 0 0 0 0 0 7 12 6 13 5 13 6 13 5 13 5 13 4 13 3 13 3 14 3 13 3 13 2 13 2 13 2 12 2 13 2 12 1 12 1 11 1 12 2 12 2 12 1 12 2 12 2 11 2 11 2 11 0 0 2 11 2 11 3 10 2 11 3 11 3 10 3 10 4 10 3 9 4 10 4 10 4 10 4 10 5 10 5 10 5 10 5 9 5 10 5 10 6 10 6 10 6 10 6 10 7 9 6 10 7 10 0 0 0 0 0 0 0 0 0 0]"
"1769236309528368,CSI_DATA,STATION,00:00:00:00:00:00,0,0,0,0,0,0,0,0,0,0,0,0,0,0,0,0,0,0,0,0,0,128,[84 -64 4 0 0 0 0 0 0 0 0 0 11 6 11 7 10 7 10 7 10 8 9 8 9 8 9 8 9 8 8 9 8 8 8 8 8 9 8 9 8 9 7 8 7 9 7 8 7 8 7 9 7 8 7 8 6 8 7 8 7 7 7 7 0 0 7 7 6 7 7 7 7 6 7 7 7 6 7 6 8 6 8 5 7 6 8 5 8 5 8 5 9 5 8 4 9 5 9 4 9 4 9 4 9 4 9 4 9 5 9 4 10 4 10 4 10 4 0 0 0 0 0 0 0 0 0 0]"
"1769236309532702,CSI_DATA,STATION,00:00:00:00:00:00,0,0,0,0,0,0,0,0,0,0,0,0,0,0,0,0,0,0,0,0,0,128,[84 -64 4 0 0 0 0 0 0 0 0 0 8 11 8 11 7 12 8 12 7 12 7 12 6 12 5 12 5 12 5 13 5 12 5 12 4 12 4 12 4 12 4 12 4 11 3 11 3 11 3 12 4 11 4 11 3 11 4 11 4 11 4 11 0 0 4 10 4 10 4 10 4 10 5 10 5 10 5 9 6 10 5 9 6 9 6 9 6 9 6 9 6 9 7 9 7 9 7 8 8 9 7 8 7 8 8 8 8 9 8 9 8 8 8 8 8 8 0 0 0 0 0 0 0 0 0 0]"
"1769236309537013,CSI_DATA,STATION,00:00:00:00:00:00,0,0,0,0,0,0,0,0,0,0,0,0,0,0,0,0,0,0,0,0,0,128,[84 -64 4 0 0 0 0 0 0 0 0 0 3 12 2 13 2 12 1 12 1 12 0 12 0 12 -1 12 -1 13 -1 12 -1 12 -1 12 -2 12 -2 12 -2 12 -1 11 -2 11 -3 11 -2 11 -2 11 -2 10 -2 11 -2 11 -2 10 -1 10 -1 10 0 0 -1 10 0 10 0 10 -1 10 0 10 0 10 0 10 1 10 0 9 1 9 1 9 1 10 1 10 1 10 2 10 2 10 2 10 2 10 2 10 3 10 3 10 3 10 3 10 3 10 3 10 3 10 0 0 0 0 0 0 0 0 0 0]"
"1769236309543502,CSI_DATA,STATION,00:00:00:00:00:00,0,0,0,0,0,0,0,0,0,0,0,0,0,0,0,0,0,0,0,0,0,128,[84 -64 4 0 0 0 0 0 0 0 0 0 0 -15 1 -15 1 -15 2 -15 2 -15 2 -15 3 -14 3 -14 4 -14 4 -14 4 -14 4 -13 4 -13 4 -13 4 -12 4 -12 5 -13 5 -12 5 -12 5 -12 4 -12 4 -12 4 -12 4 -11 3 -11 3 -11 0 0 3 -12 3 -11 3 -11 2 -11 3 -12 2 -11 2 -11 2 -11 1 -12 2 -11 1 -12 1 -12 1 -12 1 -12 0 -12 0 -12 0 -13 0 -12 0 -13 0 -13 0 -13 -1 -12 -1 -13 -1 -13 -2 -13 -1 -13 0 0 0 0 0 0 0 0 0 0]"
"1769236309547960,CSI_DATA,STATION,00:00:00:00:00:00,0,0,0,0,0,0,0,0,0,0,0,0,0,0,0,0,0,0,0,0,0,128,[84 -64 4 0 0 0 0 0 0 0 0 0 13 -5 14 -4 14 -4 13 -3 13 -2 14 -2 14 -1 14 -2 13 -1 14 -1 13 -1 13 0 13 0 13 0 13 1 13 0 12 1 12 0 13 0 12 0 11 0 11 1 11 0 11 0 11 0 11 -1 0 0 11 -1 11 -1 11 -1 11 -2 11 -1 11 -2 11 -2 10 -3 10 -2 10 -3 11 -3 11 -3 11 -3 11 -3 11 -4 11 -4 11 -4 11 -5 11 -5 11 -5 11 -6 11 -5 11 -5 11 -6 11 -6 11 -6 0 0 0 0 0 0 0 0 0 0]"
"1769236309554360,CSI_DATA,STATION,00:00:00:00:00:00,0,0,0,0,0,0,0,0,0,0,0,0,0,0,0,0,0,0,0,0,0,128,[84 -64 4 0 0 0 0 0 0 0 0 0 -14 -5 -14 -6 -14 -6 -13 -6 -13 -7 -13 -7 -13 -7 -12 -8 -12 -8 -12 -9 -12 -8 -11 -8 -12 -9 -11 -9 -11 -9 -10 -9 -11 -9 -11 -8 -10 -9 -10 -9 -10 -8 -10 -8 -10 -8 -9 -8 -10 -8 -10 -7 0 0 -10 -7 -10 -7 -10 -7 -10 -6 -10 -7 -10 -7 -10 -6 -10 -6 -10 -6 -11 -6 -11 -5 -11 -5 -11 -5 -11 -5 -11 -5 -12 -4 -12 -5 -12 -4 -12 -4 -12 -4 -12 -4 -12 -4 -12 -4 -13 -4 -12 -4 -13 -3 0 0 0 0 0 0 0 0 0 0]"
"1769236309558594,CSI_DATA,STATION,00:00:00:00:00:00,0,0,0,0,0,0,0,0,0,0,0,0,0,0,0,0,0,0,0,0,0,128,[84 -64 4 0 0 0 0 0 0 0 0 0 -7 -13 -6 -13 -5 -14 -5 -14 -5 -14 -4 -14 -4 -14 -3 -14 -3 -14 -3 -14 -3 -14 -2 -14 -2 -13 -2 -14 -2 -14 -2 -13 -1 -13 -1 -13 -1 -13 -1 -13 -1 -13 -1 -12 -1 -12 -1 -12 -2 -12 -2 -12 0 0 -2 -12 -2 -12 -2 -11 -2 -12 -2 -11 -3 -12 -3 -11 -3 -12 -3 -11 -4 -12 -4 -11 -4 -11 -4 -11 -4 -11 -4 -12 -5 -11 -5 -11 -5 -11 -5 -11 -5 -11 -6 -12 -6 -11 -5 -12 -6 -12 -6 -12 -6 -12 0 0 0 0 0 0 0 0 0 0]"
"1769236309565036,CSI_DATA,STATION,00:00:00:00:00:00,0,0,0,0,0,0,0,0,0,0,0,0,0,0,0,0,0,0,0,0,0,128,[84 -64 4 0 0 0 0 0 0 0 0 0 12 9 11 10 11 10 10 11 10 11 9 11 9 11 9 12 8 12 8 12 8 11 7 12 7 12 7 12 7 12 7 11 7 11 7 11 7 11 6 12 6 11 7 11 6 11 7 11 7 11 7 10 0 0 7 9 7 9 7 9 7 8 8 9 7 9 8 9 8 9 8 8 8 8 9 8 9 8 9 8 10 7 10 7 10 7 10 7 10 7 10 7 11 7 10 7 11 7 11 6 11 6 11 6 11 6 0 0 0 0 0 0 0 0 0 0]"
"1769236309569436,CSI_DATA,STATION,00:00:00:00:00:00,0,0,0,0,0,0,0,0,0,0,0,0,0,0,0,0,0,0,0,0,0,128,[84 -64 4 0 0 0 0 0 0 0 0 0 -13 2 -13 1 -13 0 -13 0 -13 -1 -14 -1 -13 -1 -13 -2 -13 -1 -13 -2 -12 -2 -12 -2 -12 -3 -12 -3 -12 -3 -12 -3 -12 -3 -11 -3 -12 -3 -11 -3 -11 -3 -11 -3 -11 -3 -11 -3 -11 -2 -10 -2 0 0 -10 -2 -10 -2 -11 -1 -10 -1 -11 -2 -10 -1 -10 -1 -11 -1 -10 -1 -11 0 -11 0 -11 0 -10 0 -11 0 -11 1 -11 1 -11 0 -11 1 -11 1 -12 1 -11 1 -11 1 -12 1 -11 2 -11 2 -11 2 0 0 0 0 0 0 0 0 0 0]"
"1769236309573913,CSI_DATA,STATION,00:00:00:00:00:00,0,0,0,0,0,0,0,0,0,0,0,0,0,0,0,0,0,0,0,0,0,128,[84 -64 4 0 0 0 0 0 0 0 0 0 10 15 10 15 9 16 10 17 8 16 9 17 8 17 7 17 6 17 6 17 6 17 6 16 6 16 5 16 5 17 4 16 5 16 4 16 5 16 4 16 4 16 4 16 5 14 5 15 5 14 5 14 0 0 6 14 5 13 5 14 5 13 6 13 6 13 6 13 7 13 7 12 7 12 8 12 8 12 8 12 8 12 8 12 8 12 9 12 10 12 10 11 9 11 10 11 10 11 11 12 11 11 11 11 11 11 0 0 0 0 0 0 0 0 0 0]"
"1769236309584863,CSI_DATA,STATION,00:00:00:00:00:00,0,0,0,0,0,0,0,0,0,0,0,0,0,0,0,0,0,0,0,0,0,128,[84 -64 4 0 0 0 0 0 0 0 0 0 5 12 4 12 4 13 4 12 3 12 2 13 3 12 2 12 2 13 1 13 0 12 1 12 0 12 1 12 0 12 0 12 1 12 0 11 0 11 0 12 0 12 0 11 0 11 0 11 1 11 1 10 0 0 1 10 1 11 1 10 1 10 2 10 2 10 2 10 2 10 3 10 3 10 3 10 3 10 3 10 4 10 4 10 4 10 4 10 5 10 5 10 5 10 5 10 5 10 5 10 6 9 6 10 6 10 0 0 0 0 0 0 0 0 0 0]"
"1769236309591593,CSI_DATA,STATION,00:00:00:00:00:00,0,0,0,0,0,0,0,0,0,0,0,0,0,0,0,0,0,0,0,0,0,128,[84 -64 4 0 0 0 0 0 0 0 0 0 -7 10 -7 10 -8 9 -8 9 -8 9 -8 9 -8 9 -9 8 -9 8 -9 7 -9 8 -9 7 -9 7 -9 7 -9 7 -9 6 -9 7 -9 6 -9 6 -9 6 -8 6 -9 6 -8 6 -8 6 -8 6 -8 6 0 0 -8 6 -7 6 -7 7 -7 6 -7 7 -7 6 -7 7 -6 7 -6 7 -6 7 -6 8 -6 7 -6 8 -6 8 -6 7 -6 8 -5 8 -5 8 -5 9 -5 9 -5 9 -5 9 -5 9 -5 9 -5 9 -5 9 0 0 0 0 0 0 0 0 0 0]"
"1769236309598286,CSI_DATA,STATION,00:00:00:00:00:00,0,0,0,0,0,0,0,0,0,0,0,0,0,0,0,0,0,0,0,0,0,128,[84 -64 4 0 0 0 0 0 0 0 0 0 -19 -6 -18 -7 -19 -8 -18 -8 -19 -9 -17 -8 -17 -9 -16 -10 -16 -10 -16 -10 -15 -11 -15 -11 -15 -11 -14 -11 -14 -11 -15 -10 -14 -10 -13 -10 -13 -10 -13 -10 -14 -10 -13 -10 -13 -10 -13 -10 -13 -10 -12 -9 0 0 -13 -8 -13 -9 -13 -8 -13 -8 -13 -7 -13 -7 -13 -7 -14 -6 -13 -6 -14 -6 -14 -6 -14 -6 -14 -6 -14 -5 -15 -5 -14 -4 -15 -5 -15 -4 -15 -4 -15 -4 -15 -3 -16 -3 -16 -3 -16 -3 -16 -3 -16 -2 0 0 0 0 0 0 0 0 0 0]"
"1769236309604990,CSI_DATA,STATION,00:00:00:00:00:00,0,0,0,0,0,0,0,0,0,0,0,0,0,0,0,0,0,0,0,0,0,128,[84 -64 4 0 0 0 0 0 0 0 0 0 -6 -12 -6 -13 -5 -13 -5 -14 -4 -13 -4 -14 -3 -13 -3 -13 -3 -14 -2 -13 -3 -13 -2 -13 -3 -13 -2 -13 -2 -14 -2 -13 -2 -12 -2 -12 -2 -12 -2 -13 -2 -12 -2 -12 -2 -11 -2 -11 -2 -11 -2 -11 0 0 -3 -11 -3 -11 -3 -11 -3 -10 -3 -11 -3 -11 -4 -10 -4 -11 -4 -10 -4 -10 -5 -10 -5 -10 -5 -10 -5 -10 -5 -10 -6 -10 -6 -10 -6 -10 -7 -10 -6 -10 -6 -10 -7 -10 -7 -10 -7 -10 -8 -10 -8 -10 0 0 0 0 0 0 0 0 0 0]"
"1769236309609440,CSI_DATA,STATION,00:00:00:00:00:00,0,0,0,0,0,0,0,0,0,0,0,0,0,0,0,0,0,0,0,0,0,128,[84 -64 4 0 0 0 0 0 0 0 0 0 1 14 1 15 0 14 0 14 -1 14 -1 15 -2 14 -2 14 -2 14 -3 14 -3 14 -2 13 -3 13 -3 13 -4 13 -3 13 -4 13 -4 12 -3 13 -3 12 -3 12 -3 12 -3 12 -3 12 -2 12 -3 12 0 0 -2 11 -2 12 -2 11 -2 11 -1 11 -1 11 -1 11 -1 11 -1 11 0 11 0 11 0 11 0 12 1 12 1 11 1 12 1 11 1 12 1 12 2 12 2 12 2 12 2 12 3 12 2 12 2 12 0 0 0 0 0 0 0 0 0 0]"
"1769236309616169,CSI_DATA,STATION,00:00:00:00:00:00,0,0,0,0,0,0,0,0,0,0,0,0,0,0,0,0,0,0,0,0,0,128,[84 -64 4 0 0 0 0 0 0 0 0 0 22 -4 22 -3 22 -3 22 -1 23 0 22 -1 22 -1 23 0 23 1 21 2 22 2 21 3 21 3 20 3 20 3 20 3 19 3 19 3 19 3 19 3 18 3 18 3 18 2 17 3 17 3 18 1 0 0 18 1 17 2 17 1 17 0 17 0 18 -1 17 -1 17 -2 17 -2 17 -2 17 -3 17 -2 17 -2 17 -3 18 -4 17 -4 18 -5 17 -5 17 -6 17 -6 17 -6 16 -6 17 -5 17 -7 17 -7 17 -7 0 0 0 0 0 0 0 0 0 0]"
"1769236309620639,CSI_DATA,STATION,00:00:00:00:00:00,0,0,0,0,0,0,0,0,0,0,0,0,0,0,0,0,0,0,0,0,0,128,[84 -64 4 0 0 0 0 0 0 0 0 0 -15 -2 -15 -2 -15 -2 -16 -3 -15 -3 -15 -4 -14 -4 -14 -5 -14 -5 -14 -6 -14 -6 -14 -5 -14 -6 -13 -6 -13 -6 -13 -6 -13 -6 -13 -6 -12 -6 -12 -6 -12 -6 -12 -6 -12 -5 -12 -6 -11 -5 -11 -5 0 0 -11 -5 -11 -4 -11 -4 -11 -4 -12 -4 -11 -4 -12 -4 -12 -4 -12 -3 -12 -3 -12 -3 -12 -3 -12 -3 -12 -3 -13 -2 -12 -2 -13 -2 -13 -2 -13 -1 -13 -1 -13 -1 -13 -1 -13 -2 -13 -1 -13 -1 -14 0 0 0 0 0 0 0 0 0 0 0]"
"1769236309625063,CSI_DATA,STATION,00:00:00:00:00:00,0,0,0,0,0,0,0,0,0,0,0,0,0,0,0,0,0,0,0,0,0,128,[84 -64 4 0 0 0 0 0 0 0 0 0 14 2 14 2 14 3 14 4 13 3 13 5 13 5 13 5 12 5 12 6 13 6 12 5 12 6 11 6 11 6 11 5 11 6 11 6 11 6 10 6 10 6 10 6 10 5 11 6 10 5 10 4 0 0 10 4 10 4 10 4 10 3 10 4 11 3 10 3 10 3 10 3 11 2 10 2 11 2 11 2 11 2 11 1 11 1 11 1 12 0 12 1 11 1 12 1 12 0 12 0 12 0 12 0 12 -1 0 0 0 0 0 0 0 0 0 0]"
"1769236309629537,CSI_DATA,STATION,00:00:00:00:00:00,0,0,0,0,0,0,0,0,0,0,0,0,0,0,0,0,0,0,0,0,0,128,[84 -64 4 0 0 0 0 0 0 0 0 0 12 -5 12 -5 12 -4 12 -4 12 -3 13 -4 12 -3 13 -2 12 -3 12 -2 12 -3 12 -2 12 -1 12 -1 12 -1 12 -1 11 -1 11 -1 11 -1 11 -1 11 -1 10 -1 11 -1 10 -1 10 -2 10 -2 0 0 10 -2 10 -2 9 -2 10 -3 10 -3 10 -3 9 -3 9 -3 9 -4 9 -4 9 -4 9 -4 9 -5 9 -4 9 -5 9 -5 9 -5 9 -6 9 -5 9 -6 9 -6 9 -6 9 -6 9 -7 8 -7 9 -7 0 0 0 0 0 0 0 0 0 0]"
"1769236309636236,CSI_DATA,STATION,00:00:00:00:00:00,0,0,0,0,0,0,0,0,0,0,0,0,0,0,0,0,0,0,0,0,0,128,[84 -64 4 0 0 0 0 0 0 0 0 0 -9 12 -9 12 -9 11 -10 12 -10 11 -10 11 -11 10 -11 10 -11 10 -12 9 -11 9 -11 8 -11 9 -11 8 -11 8 -11 8 -11 8 -10 8 -11 7 -11 7 -11 7 -10 7 -10 8 -10 7 -10 7 -9 7 0 0 -9 8 -9 7 -8 8 -9 7 -8 8 -8 8 -8 8 -8 8 -8 8 -8 9 -7 9 -7 9 -7 9 -7 9 -7 9 -7 10 -6 10 -7 10 -7 10 -7 10 -6 11 -6 11 -6 11 -6 11 -6 11 -6 11 0 0 0 0 0 0 0 0 0 0]"
"1769236309640704,CSI_DATA,STATION,00:00:00:00:00:00,0,0,0,0,0,0,0,0,0,0,0,0,0,0,0,0,0,0,0,0,0,128,[84 -64 4 0 0 0 0 0 0 0 0 0 -6 13 -8 13 -7 12 -8 12 -8 11 -9 12 -9 11 -9 11 -10 11 -10 10 -10 10 -10 10 -10 9 -10 9 -10 9 -10 9 -9 9 -10 9 -9 8 -9 8 -10 8 -9 8 -9 8 -9 8 -9 8 -8 8 0 0 -8 8 -8 8 -7 9 -7 8 -7 9 -7 9 -7 8 -7 9 -7 9 -7 9 -6 9 -6 9 -6 10 -6 10 -6 10 -5 10 -5 10 -6 10 -5 11 -5 11 -5 11 -5 10 -5 11 -4 11 -4 11 -4 11 0 0 0 0 0 0 0 0 0 0]"
"1769236309645155,CSI_DATA,STATION,00:00:00:00:00:00,0,0,0,0,0,0,0,0,0,0,0,0,0,0,0,0,0,0,0,0,0,128,[84 -64 4 0 0 0 0 0 0 0 0 0 1 15 1 15 0 14 -1 14 0 14 -1 15 -2 14 -3 14 -3 14 -3 14 -2 13 -3 13 -3 13 -3 13 -3 12 -3 13 -3 12 -3 12 -3 12 -4 12 -3 11 -4 12 -3 12 -3 11 -2 11 -3 11 0 0 -2 11 -1 11 -1 11 -1 11 -1 11 -1 11 -1 11 -1 11 -1 11 0 11 0 11 0 11 0 11 1 11 1 11 1 11 1 11 1 11 2 11 2 11 2 12 2 11 2 11 3 11 2 11 3 11 0 0 0 0 0 0 0 0 0 0]"
"1769236309651649,CSI_DATA,STATION,00:00:00:00:00:00,0,0,0,0,0,0,0,0,0,0,0,0,0,0,0,0,0,0,0,0,0,128,[84 -64 4 0 0 0 0 0 0 0 0 0 11 8 11 9 10 9 10 9 10 10 9 10 9 10 9 11 8 10 8 11 8 11 7 11 7 11 7 11 7 11 7 10 7 11 7 11 7 10 6 10 6 10 6 9 6 10 6 10 6 9 6 9 0 0 6 8 6 8 7 8 7 7 7 8 7 8 7 7 8 7 7 7 8 7 8 6 8 7 8 7 9 6 8 6 9 6 9 6 10 5 9 5 9 5 10 5 10 6 10 5 10 5 10 5 10 4 0 0 0 0 0 0 0 0 0 0]"
"1769236309655897,CSI_DATA,STATION,00:00:00:00:00:00,0,0,0,0,0,0,0,0,0,0,0,0,0,0,0,0,0,0,0,0,0,128,[84 -64 4 0 0 0 0 0 0 0 0 0 -15 1 -15 1 -15 0 -15 -1 -15 -1 -15 -1 -15 -2 -15 -2 -14 -2 -15 -3 -15 -3 -14 -3 -14 -4 -14 -4 -13 -4 -13 -4 -13 -4 -13 -4 -13 -4 -13 -4 -13 -4 -13 -4 -12 -3 -12 -4 -12 -3 -13 -3 0 0 -12 -3 -11 -2 -11 -2 -12 -2 -12 -2 -12 -2 -11 -1 -12 -1 -11 -1 -12 -1 -12 0 -12 0 -12 0 -12 0 -12 1 -12 1 -12 1 -12 1 -12 1 -12 1 -12 2 -12 1 -12 2 -12 2 -12 2 -12 2 0 0 0 0 0 0 0 0 0 0]"
"1769236309662352,CSI_DATA,STATION,00:00:00:00:00:00,0,0,0,0,0,0,0,0,0,0,0,0,0,0,0,0,0,0,0,0,0,128,[84 -64 4 0 0 0 0 0 0 0 0 0 0 -17 1 -17 1 -17 1 -17 2 -17 3 -17 3 -16 4 -16 4 -16 5 -15 4 -15 4 -15 5 -15 5 -15 5 -14 5 -14 5 -13 5 -14 5 -14 5 -13 5 -13 5 -13 5 -13 5 -13 4 -13 4 -13 0 0 4 -12 3 -12 3 -12 3 -13 3 -13 2 -12 2 -12 2 -13 2 -12 2 -13 1 -13 1 -13 1 -13 1 -13 0 -14 0 -13 0 -13 0 -14 0 -14 0 -14 0 -14 -1 -14 -1 -14 -1 -14 -1 -14 -2 -14 0 0 0 0 0 0 0 0 0 0]"
"1769236309666667,CSI_DATA,STATION,00:00:00:00:00:00,0,0,0,0,0,0,0,0,0,0,0,0,0,0,0,0,0,0,0,0,0,128,[84 -64 4 0 0 0 0 0 0 0 0 0 8 10 7 11 6 11 6 11 6 11 6 11 5 11 4 12 4 11 4 11 4 11 4 11 4 11 4 11 3 11 3 11 3 11 3 10 3 10 3 10 3 10 3 10 3 10 3 9 3 9 3 9 0 0 3 9 3 9 4 8 4 8 4 8 4 8 4 8 5 8 5 7 5 8 5 7 5 8 6 7 6 7 6 7 6 7 7 6 7 7 7 7 7 7 7 7 7 7 7 7 8 6 8 6 8 6 0 0 0 0 0 0 0 0 0 0]"
"1769236309670985,CSI_DATA,STATION,00:00:00:00:00:00,0,0,0,0,0,0,0,0,0,0,0,0,0,0,0,0,0,0,0,0,0,128,[84 -64 4 0 0 0 0 0 0 0 0 0 5 -14 6 -14 6 -14 6 -13 8 -14 8 -13 7 -13 8 -13 8 -12 9 -12 9 -12 8 -11 9 -11 9 -10 9 -10 9 -11 8 -11 8 -11 8 -10 8 -9 8 -10 8 -9 8 -10 8 -10 8 -9 7 -9 0 0 7 -9 7 -9 6 -9 6 -9 6 -9 6 -9 6 -9 6 -10 6 -10 5 -10 5 -10 5 -10 5 -10 4 -10 5 -11 4 -11 4 -11 4 -11 4 -11 4 -11 4 -12 4 -12 3 -12 3 -12 3 -12 3 -12 0 0 0 0 0 0 0 0 0 0]"
"1769236309677470,CSI_DATA,STATION,00:00:00:00:00:00,0,0,0,0,0,0,0,0,0,0,0,0,0,0,0,0,0,0,0,0,0,128,[84 -64 4 0 0 0 0 0 0 0 0 0 -7 -12 -7 -13 -6 -12 -6 -13 -5 -13 -5 -13 -4 -13 -4 -14 -4 -13 -3 -13 -4 -13 -4 -13 -3 -12 -3 -12 -3 -13 -3 -12 -2 -12 -2 -12 -3 -12 -2 -12 -2 -11 -3 -12 -3 -11 -3 -11 -3 -11 -3 -11 0 0 -3 -10 -3 -10 -4 -11 -3 -10 -4 -10 -3 -10 -4 -10 -5 -10 -5 -10 -5 -9 -5 -9 -5 -9 -5 -9 -5 -9 -6 -9 -6 -9 -6 -9 -6 -9 -7 -9 -7 -9 -7 -9 -7 -8 -7 -9 -8 -8 -8 -8 -8 -8 0 0 0 0 0 0 0 0 0 0]"
"1769236309681807,CSI_DATA,STATION,00:00:00:00:00:00,0,0,0,0,0,0,0,0,0,0,0,0,0,0,0,0,0,0,0,0,0,128,[84 -64 4 0 0 0 0 0 0 0 0 0 -17 3 -17 3 -17 2 -18 2 -17 1 -17 1 -17 1 -18 0 -17 0 -17 -1 -17 -1 -17 -1 -16 -2 -16 -2 -16 -2 -15 -1 -15 -2 -15 -3 -15 -2 -15 -2 -15 -2 -14 -2 -14 -2 -14 -2 -14 -2 -14 -1 0 0 -13 -1 -13 -1 -13 0 -13 0 -14 0 -13 0 -13 1 -13 1 -13 1 -13 2 -13 2 -13 1 -13 2 -13 3 -13 3 -13 3 -13 3 -13 4 -13 4 -13 4 -13 4 -13 4 -13 4 -13 5 -13 5 -13 5 0 0 0 0 0 0 0 0 0 0]"
"1769236309688296,CSI_DATA,STATION,00:00:00:00:00:00,0,0,0,0,0,0,0,0,0,0,0,0,0,0,0,0,0,0,0,0,0,128,[84 -64 4 0 0 0 0 0 0 0 0 0 0 -16 1 -16 1 -16 1 -16 2 -16 2 -15 3 -15 3 -15 3 -15 3 -14 4 -15 4 -14 4 -14 4 -14 4 -13 4 -13 5 -13 4 -13 4 -13 4 -13 4 -13 4 -12 4 -12 4 -12 3 -12 3 -12 0 0 3 -11 2 -12 2 -12 2 -12 2 -12 2 -12 1 -12 2 -11 1 -12 1 -12 0 -12 0 -11 0 -12 1 -12 0 -12 0 -12 -1 -12 -1 -13 -1 -12 -1 -13 -1 -13 -1 -12 -2 -12 -2 -13 -3 -13 -3 -12 0 0 0 0 0 0 0 0 0 0]"
"1769236309692629,CSI_DATA,STATION,00:00:00:00:00:00,0,0,0,0,0,0,0,0,0,0,0,0,0,0,0,0,0,0,0,0,0,128,[84 -64 4 0 0 0 0 0 0 0 0 0 7 -14 8 -14 8 -14 8 -13 9 -13 9 -13 9 -12 10 -12 10 -11 10 -11 10 -11 10 -10 10 -10 10 -10 10 -9 10 -10 10 -9 10 -10 9 -10 10 -9 9 -9 9 -9 9 -9 9 -9 8 -8 8 -9 0 0 8 -9 8 -8 7 -9 7 -9 8 -9 7 -9 7 -9 7 -9 7 -10 7 -10 6 -10 6 -10 6 -10 6 -10 5 -11 5 -11 5 -11 5 -11 5 -11 5 -11 5 -11 5 -11 4 -12 4 -12 4 -11 4 -12 0 0 0 0 0 0 0 0 0 0]"
"1769236309696970,CSI_DATA,STATION,00:00:00:00:00:00,0,0,0,0,0,0,0,0,0,0,0,0,0,0,0,0,0,0,0,0,0,128,[84 -64 4 0 0 0 0 0 0 0 0 0 -4 -14 -3 -14 -3 -14 -2 -14 -2 -14 -2 -15 -1 -14 0 -15 0 -14 0 -14 0 -14 0 -14 0 -13 0 -13 1 -13 1 -13 1 -13 1 -12 1 -13 1 -13 1 -12 0 -12 0 -12 0 -12 -1 -12 0 -12 0 0 -1 -11 -1 -11 -1 -11 -1 -11 -1 -11 -1 -11 -2 -11 -2 -11 -2 -11 -3 -11 -3 -11 -3 -11 -4 -11 -3 -11 -4 -11 -4 -10 -4 -10 -5 -11 -5 -11 -5 -11 -5 -10 -5 -10 -5 -10 -6 -10 -6 -10 -6 -10 0 0 0 0 0 0 0 0 0 0]"
"1769236309703502,CSI_DATA,STATION,00:00:00:00:00:00,0,0,0,0,0,0,0,0,0,0,0,0,0,0,0,0,0,0,0,0,0,128,[84 -64 4 0 0 0 0 0 0 0 0 0 -3 15 -3 16 -4 15 -5 16 -5 15 -6 15 -6 14 -7 14 -7 14 -7 14 -7 14 -7 13 -7 13 -7 13 -8 13 -8 12 -8 12 -8 12 -8 12 -7 11 -7 11 -7 11 -7 11 -6 11 -6 11 -6 11 0 0 -6 11 -6 11 -5 11 -5 11 -5 11 -4 10 -5 11 -4 11 -4 11 -3 11 -3 11 -3 11 -3 12 -2 12 -3 12 -3 12 -2 11 -2 12 -2 12 -2 12 -1 13 -1 12 0 12 0 12 -1 13 0 12 0 0 0 0 0 0 0 0 0 0]"
"1769236309707842,CSI_DATA,STATION,00:00:00:00:00:00,0,0,0,0,0,0,0,0,0,0,0,0,0,0,0,0,0,0,0,0,0,128,[84 -64 4 0 0 0 0 0 0 0 0 0 -14 -6 -14 -6 -14 -7 -14 -7 -13 -7 -13 -8 -13 -8 -12 -8 -12 -9 -12 -9 -12 -9 -11 -9 -11 -9 -11 -9 -11 -9 -11 -8 -10 -9 -11 -9 -10 -9 -10 -9 -10 -8 -10 -9 -10 -8 -10 -8 -9 -8 -10 -7 0 0 -10 -7 -9 -7 -9 -6 -10 -6 -10 -6 -10 -6 -10 -6 -10 -6 -10 -5 -11 -5 -11 -5 -10 -5 -11 -4 -11 -4 -11 -4 -11 -4 -11 -4 -11 -4 -11 -3 -12 -3 -12 -3 -12 -3 -12 -3 -12 -3 -12 -2 -12 -2 0 0 0 0 0 0 0 0 0 0]"
"1769236309712218,CSI_DATA,STATION,00:00:00:00:00:00,0,0,0,0,0,0,0,0,0,0,0,0,0,0,0,0,0,0,0,0,0,128,[84 -64 4 0 0 0 0 0 0 0 0 0 1 16 0 16 0 16 -1 16 -1 16 -2 16 -3 16 -3 16 -3 16 -4 16 -3 15 -4 15 -4 14 -4 14 -4 14 -4 14 -5 14 -5 13 -4 14 -5 13 -4 13 -4 12 -4 13 -4 13 -3 12 -3 13 0 0 -3 12 -3 12 -2 12 -3 12 -2 13 -2 12 -2 12 -1 12 -2 11 -1 12 0 12 0 12 0 12 0 12 0 12 1 12 0 12 1 13 1 13 1 12 1 12 2 12 1 12 3 13 2 13 2 13 0 0 0 0 0 0 0 0 0 0]"
"1769236309718690,CSI_DATA,STATION,00:00:00:00:00:00,0,0,0,0,0,0,0,0,0,0,0,0,0,0,0,0,0,0,0,0,0,128,[84 -64 4 0 0 0 0 0 0 0 0 0 -14 -8 -13 -9 -13 -9 -12 -9 -12 -10 -12 -10 -11 -10 -11 -11 -11 -11 -11 -11 -11 -11 -10 -11 -10 -11 -10 -11 -9 -11 -9 -10 -9 -10 -10 -10 -9 -10 -9 -11 -9 -10 -9 -10 -9 -10 -9 -10 -8 -9 -9 -9 0 0 -9 -8 -9 -9 -9 -8 -9 -7 -10 -8 -9 -8 -9 -8 -10 -7 -9 -7 -10 -7 -10 -6 -10 -6 -10 -6 -10 -6 -11 -6 -10 -5 -11 -6 -11 -5 -11 -5 -11 -6 -11 -5 -12 -5 -12 -5 -12 -5 -12 -4 -12 -4 0 0 0 0 0 0 0 0 0 0]"
"1769236309723010,CSI_DATA,STATION,00:00:00:00:00:00,0,0,0,0,0,0,0,0,0,0,0,0,0,0,0,0,0,0,0,0,0,128,[84 -64 4 0 0 0 0 0 0 0 0 0 8 12 7 12 6 13 7 14 6 13 5 14 5 14 4 14 4 14 4 14 3 14 3 13 3 13 3 13 3 13 3 13 2 13 2 12 2 13 3 13 2 12 2 12 2 12 2 12 3 11 3 11 0 0 3 10 3 11 4 10 3 11 4 11 4 11 4 10 4 10 4 10 5 10 5 10 5 10 6 9 6 9 5 9 6 9 6 9 7 9 7 9 7 9 7 9 7 9 7 9 8 9 8 9 8 9 0 0 0 0 0 0 0 0 0 0]"
"1769236309729477,CSI_DATA,STATION,00:00:00:00:00:00,0,0,0,0,0,0,0,0,0,0,0,0,0,0,0,0,0,0,0,0,0,128,[84 -64 4 0 0 0 0 0 0 0 0 0 -9 13 -9 12 -9 12 -10 11 -10 11 -11 11 -11 11 -11 11 -11 10 -12 10 -11 10 -11 9 -12 9 -11 9 -11 8 -12 8 -11 8 -11 8 -11 8 -11 7 -10 7 -10 7 -10 8 -10 8 -10 7 -10 8 0 0 -9 8 -9 8 -8 8 -9 8 -8 8 -8 8 -8 8 -8 8 -8 9 -8 9 -7 9 -7 9 -7 9 -7 9 -7 10 -7 10 -6 10 -6 10 -7 11 -6 10 -6 11 -6 10 -6 11 -6 11 -5 11 -5 11 0 0 0 0 0 0 0 0 0 0]"
"1769236309738119,CSI_DATA,STATION,00:00:00:00:00:00,0,0,0,0,0,0,0,0,0,0,0,0,0,0,0,0,0,0,0,0,0,128,[84 -64 4 0 0 0 0 0 0 0 0 0 4 14 4 15 3 15 3 15 2 15 2 15 1 15 0 15 0 15 0 15 1 14 0 14 0 14 0 14 -1 14 -1 13 -1 13 -1 12 -1 13 -1 13 -1 13 -1 13 -1 12 0 12 0 12 0 12 0 0 0 11 1 11 1 11 1 11 1 11 1 11 1 11 2 11 2 11 2 11 3 10 3 11 3 11 3 11 3 11 4 11 4 10 4 10 4 11 4 11 4 11 5 11 5 10 6 10 6 11 6 11 0 0 0 0 0 0 0 0 0 0]"
"1769236309744621,CSI_DATA,STATION,00:00:00:00:00:00,0,0,0,0,0,0,0,0,0,0,0,0,0,0,0,0,0,0,0,0,0,128,[84 -64 4 0 0 0 0 0 0 0 0 0 -7 14 -7 14 -8 13 -8 13 -8 13 -9 12 -9 12 -10 12 -9 11 -10 11 -10 11 -10 10 -10 10 -10 10 -10 9 -10 10 -10 10 -10 10 -10 9 -10 9 -9 9 -9 9 -9 9 -8 9 -8 8 -8 9 0 0 -8 9 -8 9 -7 9 -7 9 -7 9 -7 9 -7 9 -6 9 -6 10 -6 10 -5 10 -6 10 -5 10 -5 11 -5 11 -5 11 -4 11 -4 11 -4 11 -4 11 -4 12 -4 11 -3 11 -3 12 -3 12 -3 12 0 0 0 0 0 0 0 0 0 0]"
"1769236309749148,CSI_DATA,STATION,00:00:00:00:00:00,0,0,0,0,0,0,0,0,0,0,0,0,0,0,0,0,0,0,0,0,0,128,[84 -64 4 0 0 0 0 0 0 0 0 0 -12 -9 -12 -9 -11 -10 -11 -9 -11 -10 -10 -10 -10 -10 -10 -10 -10 -10 -9 -11 -9 -11 -9 -11 -9 -11 -8 -11 -8 -11 -8 -10 -8 -10 -8 -10 -8 -10 -8 -10 -8 -10 -8 -10 -7 -9 -8 -9 -7 -9 -7 -9 0 0 -8 -8 -8 -8 -8 -8 -8 -8 -8 -7 -8 -8 -8 -7 -9 -7 -9 -7 -9 -7 -9 -7 -9 -7 -9 -6 -9 -6 -10 -6 -10 -6 -11 -6 -10 -5 -10 -5 -11 -5 -10 -5 -11 -5 -11 -6 -11 -5 -11 -5 -11 -4 0 0 0 0 0 0 0 0 0 0]"
"1769236309753521,CSI_DATA,STATION,00:00:00:00:00:00,0,0,0,0,0,0,0,0,0,0,0,0,0,0,0,0,0,0,0,0,0,128,[84 -64 4 0 0 0 0 0 0 0 0 0 8 12 8 13 8 13 7 13 6 13 6 14 5 13 6 14 5 14 5 14 5 13 4 13 4 13 4 13 3 14 4 13 4 13 3 12 3 12 3 12 3 12 3 12 3 12 4 11 4 12 3 11 0 0 4 11 4 11 4 10 4 10 4 10 4 10 5 10 5 10 5 10 5 9 6 9 6 10 6 9 7 9 6 9 7 9 7 9 7 9 8 8 7 9 8 9 8 9 8 8 9 8 8 8 9 8 0 0 0 0 0 0 0 0 0 0]"
"1769236309760059,CSI_DATA,STATION,00:00:00:00:00:00,0,0,0,0,0,0,0,0,0,0,0,0,0,0,0,0,0,0,0,0,0,128,[84 -64 4 0 0 0 0 0 0 0 0 0 -11 9 -11 9 -12 8 -11 7 -12 7 -13 7 -12 6 -12 6 -13 6 -13 5 -13 5 -12 6 -12 5 -12 5 -12 4 -12 5 -12 4 -12 4 -11 4 -12 4 -12 4 -11 3 -12 4 -11 4 -11 4 -11 4 0 0 -10 4 -11 4 -10 4 -10 5 -10 4 -10 5 -10 5 -9 5 -9 5 -9 6 -9 6 -9 6 -9 6 -9 7 -9 6 -9 7 -8 7 -9 7 -9 7 -9 7 -8 8 -8 8 -8 8 -8 8 -8 8 -8 8 0 0 0 0 0 0 0 0 0 0]"
"1769236309764381,CSI_DATA,STATION,00:00:00:00:00:00,0,0,0,0,0,0,0,0,0,0,0,0,0,0,0,0,0,0,0,0,0,128,[84 -64 4 0 0 0 0 0 0 0 0 0 -14 6 -15 6 -15 5 -16 5 -15 4 -16 4 -15 3 -15 3 -15 2 -15 2 -15 2 -15 1 -15 1 -15 1 -15 1 -14 2 -14 1 -13 1 -14 1 -14 1 -14 0 -13 1 -13 1 -13 1 -13 1 -13 2 0 0 -12 2 -12 2 -12 2 -12 3 -12 3 -12 3 -12 3 -12 3 -11 3 -12 4 -11 4 -11 4 -11 4 -12 5 -11 4 -11 5 -11 5 -11 6 -11 6 -11 6 -11 7 -11 6 -11 6 -11 6 -11 7 -11 7 0 0 0 0 0 0 0 0 0 0]"
"1769236309770886,CSI_DATA,STATION,00:00:00:00:00:00,0,0,0,0,0,0,0,0,0,0,0,0,0,0,0,0,0,0,0,0,0,128,[84 -64 4 0 0 0 0 0 0 0 0 0 10 9 10 9 9 10 9 10 9 10 8 11 8 10 7 11 7 11 7 11 7 10 6 10 6 11 7 10 6 11 6 10 6 10 6 10 6 10 5 10 5 10 5 10 5 9 6 9 5 9 6 9 0 0 5 9 6 8 6 8 5 8 6 8 6 8 6 8 7 7 7 7 7 7 7 6 7 7 8 7 8 6 8 6 8 6 8 5 8 6 9 5 9 5 9 5 9 6 9 5 9 5 9 4 9 5 0 0 0 0 0 0 0 0 0 0]"
"1769236309775220,CSI_DATA,STATION,00:00:00:00:00:00,0,0,0,0,0,0,0,0,0,0,0,0,0,0,0,0,0,0,0,0,0,128,[84 -64 4 0 0 0 0 0 0 0 0 0 -16 -2 -15 -3 -16 -4 -16 -4 -15 -4 -15 -5 -15 -5 -15 -5 -14 -6 -14 -6 -14 -6 -13 -6 -13 -7 -13 -7 -13 -7 -13 -6 -13 -7 -13 -7 -12 -7 -12 -7 -12 -6 -12 -6 -12 -6 -12 -6 -11 -6 -11 -5 0 0 -11 -5 -11 -4 -11 -4 -11 -4 -12 -5 -11 -4 -11 -4 -12 -3 -11 -3 -12 -3 -12 -2 -12 -2 -12 -2 -12 -2 -12 -2 -12 -1 -13 -2 -12 -1 -13 -1 -13 0 -13 0 -13 0 -13 0 -13 0 -13 0 -13 0 0 0 0 0 0 0 0 0 0 0]"
"1769236309779559,CSI_DATA,STATION,00:00:00:00:00:00,0,0,0,0,0,0,0,0,0,0,0,0,0,0,0,0,0,0,0,0,0,128,[84 -64 4 0 0 0 0 0 0 0 0 0 -15 1 -15 0 -14 0 -15 -1 -14 -1 -15 -1 -14 -2 -14 -2 -14 -3 -14 -3 -14 -3 -13 -3 -13 -3 -13 -3 -13 -4 -12 -4 -12 -4 -13 -4 -12 -4 -12 -4 -12 -4 -12 -4 -12 -3 -12 -3 -11 -3 -11 -2 0 0 -11 -2 -11 -2 -11 -2 -11 -2 -11 -2 -10 -2 -11 -1 -11 -1 -11 -1 -11 0 -11 0 -11 0 -11 0 -11 0 -11 0 -11 1 -12 1 -11 1 -12 1 -11 1 -12 1 -12 1 -12 2 -12 2 -11 2 -11 2 0 0 0 0 0 0 0 0 0 0]"
"1769236309786037,CSI_DATA,STATION,00:00:00:00:00:00,0,0,0,0,0,0,0,0,0,0,0,0,0,0,0,0,0,0,0,0,0,128,[84 -64 4 0 0 0 0 0 0 0 0 0 -20 -14 -20 -15 -18 -15 -19 -16 -17 -17 -18 -17 -16 -17 -16 -18 -15 -18 -15 -19 -14 -18 -14 -18 -14 -19 -13 -18 -13 -18 -12 -18 -12 -18 -12 -17 -12 -18 -11 -17 -11 -17 -11 -17 -10 -16 -10 -17 -11 -16 -11 -16 0 0 -11 -16 -11 -14 -12 -15 -11 -14 -12 -15 -12 -13 -12 -14 -12 -13 -12 -13 -13 -12 -13 -12 -13 -12 -13 -12 -14 -12 -14 -12 -15 -11 -14 -12 -15 -11 -15 -10 -15 -11 -16 -10 -16 -11 -16 -11 -16 -10 -17 -10 -17 -9 0 0 0 0 0 0 0 0 0 0]"
"1769236309790369,CSI_DATA,STATION,00:00:00:00:00:00,0,0,0,0,0,0,0,0,0,0,0,0,0,0,0,0,0,0,0,0,0,128,[84 -64 4 0 0 0 0 0 0 0 0 0 -5 -14 -4 -14 -4 -14 -4 -14 -3 -14 -3 -14 -2 -14 -2 -14 -2 -14 -1 -14 0 -14 -1 -14 0 -14 0 -13 -1 -13 0 -13 0 -12 0 -13 0 -13 0 -13 0 -12 0 -12 0 -12 0 -12 0 -12 -1 -11 0 0 -1 -11 -1 -11 -1 -11 -1 -11 -2 -11 -2 -11 -2 -11 -2 -11 -2 -11 -3 -11 -3 -11 -3 -11 -3 -11 -3 -11 -4 -11 -4 -11 -4 -11 -4 -11 -5 -11 -4 -11 -5 -11 -5 -10 -5 -11 -5 -11 -6 -11 -5 -11 0 0 0 0 0 0 0 0 0 0]"
"1769236309796856,CSI_DATA,STATION,00:00:00:00:00:00,0,0,0,0,0,0,0,0,0,0,0,0,0,0,0,0,0,0,0,0,0,128,[84 -64 4 0 0 0 0 0 0 0 0 0 -6 14 -6 15 -7 13 -7 14 -8 13 -9 13 -9 12 -9 12 -9 12 -10 12 -9 12 -9 11 -9 12 -9 11 -10 10 -10 10 -10 11 -9 10 -10 10 -9 9 -9 9 -9 9 -9 9 -9 10 -8 9 -8 10 0 0 -8 10 -7 9 -7 10 -7 9 -7 9 -7 9 -7 9 -6 9 -6 10 -6 10 -5 11 -5 10 -5 11 -5 11 -5 10 -5 11 -4 11 -5 11 -4 12 -5 11 -3 12 -4 12 -4 11 -3 12 -3 12 -3 12 0 0 0 0 0 0 0 0 0 0]"
"1769236309801176,CSI_DATA,STATION,00:00:00:00:00:00,0,0,0,0,0,0,0,0,0,0,0,0,0,0,0,0,0,0,0,0,0,128,[84 -64 4 0 0 0 0 0 0 0 0 0 -14 4 -14 3 -14 2 -14 2 -14 1 -15 2 -15 1 -15 0 -14 0 -15 0 -14 0 -14 0 -13 -1 -13 0 -14 -1 -13 0 -13 -1 -13 -1 -13 -1 -12 -1 -12 -1 -12 -1 -12 0 -12 0 -12 0 -12 0 0 0 -11 1 -12 1 -11 1 -11 1 -11 1 -11 1 -11 1 -11 2 -11 2 -11 2 -11 3 -11 3 -10 3 -11 4 -11 4 -11 4 -10 4 -11 4 -11 5 -11 4 -11 5 -11 5 -11 5 -10 6 -10 6 -10 6 0 0 0 0 0 0 0 0 0 0]"
"1769236309807674,CSI_DATA,STATION,00:00:00:00:00:00,0,0,0,0,0,0,0,0,0,0,0,0,0,0,0,0,0,0,0,0,0,128,[84 -64 4 0 0 0 0 0 0 0 0 0 5 14 4 15 4 15 4 15 3 14 3 15 3 15 2 15 1 14 1 15 1 14 0 14 0 14 0 14 0 14 0 13 0 14 0 12 0 13 0 13 0 12 0 12 0 12 0 12 0 12 1 12 0 0 1 12 1 11 2 11 1 11 2 12 2 12 2 11 3 11 3 10 3 11 3 10 3 11 4 11 4 11 4 11 5 11 5 10 5 11 6 10 5 10 6 11 6 11 6 11 6 10 6 10 7 10 0 0 0 0 0 0 0 0 0 0]"
"1769236309811997,CSI_DATA,STATION,00:00:00:00:00:00,0,0,0,0,0,0,0,0,0,0,0,0,0,0,0,0,0,0,0,0,0,128,[84 -64 4 0 0 0 0 0 0 0 0 0 11 10 10 11 10 11 10 12 9 12 9 12 9 12 8 12 8 13 7 13 7 13 7 12 7 12 7 12 6 13 6 12 6 11 6 12 6 11 5 12 5 11 5 11 5 11 6 11 6 11 6 10 0 0 6 10 6 10 6 9 6 9 6 9 7 9 7 9 7 9 7 9 8 8 8 8 8 8 8 9 8 8 8 8 9 8 9 7 9 7 9 7 9 7 10 7 10 7 10 7 10 7 10 7 10 6 0 0 0 0 0 0 0 0 0 0]"
"1769236309816342,CSI_DATA,STATION,00:00:00:00:00:00,0,0,0,0,0,0,0,0,0,0,0,0,0,0,0,0,0,0,0,0,0,128,[84 -64 4 0 0 0 0 0 0 0 0 0 -2 15 -3 15 -4 15 -4 14 -4 14 -5 14 -6 14 -6 14 -6 13 -6 13 -6 13 -6 13 -7 13 -6 13 -7 12 -6 12 -7 12 -7 12 -7 12 -6 11 -6 11 -6 11 -6 11 -6 11 -5 11 -5 11 0 0 -5 11 -4 11 -4 11 -4 11 -4 11 -3 11 -3 11 -3 11 -3 11 -3 11 -3 11 -2 11 -2 12 -1 12 -1 12 -1 12 -1 11 0 12 -1 12 -1 12 0 13 0 12 0 12 1 12 1 12 1 12 0 0 0 0 0 0 0 0 0 0]"
"1769236309822812,CSI_DATA,STATION,00:00:00:00:00:00,0,0,0,0,0,0,0,0,0,0,0,0,0,0,0,0,0,0,0,0,0,128,[84 -64 4 0 0 0 0 0 0 0 0 0 -15 5 -15 5 -15 4 -16 3 -16 3 -16 3 -15 2 -16 1 -16 1 -16 1 -16 1 -15 1 -15 0 -15 0 -15 -1 -15 0 -14 0 -13 -1 -14 0 -14 -1 -13 -1 -13 0 -13 0 -13 0 -13 0 -13 0 0 0 -13 1 -13 1 -12 1 -12 1 -12 1 -12 1 -12 2 -12 2 -12 2 -12 3 -12 3 -12 3 -12 3 -12 3 -12 4 -12 4 -12 4 -12 5 -12 5 -12 5 -12 5 -12 5 -12 5 -11 6 -12 6 -12 6 0 0 0 0 0 0 0 0 0 0]"
"1769236309827169,CSI_DATA,STATION,00:00:00:00:00:00,0,0,0,0,0,0,0,0,0,0,0,0,0,0,0,0,0,0,0,0,0,128,[84 -64 4 0 0 0 0 0 0 0 0 0 14 5 14 6 13 6 13 7 13 7 13 8 13 8 12 8 11 8 11 9 12 8 11 8 11 9 11 9 10 9 10 8 10 8 10 8 10 8 9 8 9 8 9 8 9 8 10 7 9 7 9 7 0 0 9 6 9 6 10 6 9 5 10 6 10 6 10 5 10 5 10 4 10 4 10 4 10 4 11 4 11 4 11 3 11 3 11 3 11 3 11 2 11 2 12 2 11 2 12 2 12 2 12 1 12 1 0 0 0 0 0 0 0 0 0 0]"
"1769236309831484,CSI_DATA,STATION,00:00:00:00:00:00,0,0,0,0,0,0,0,0,0,0,0,0,0,0,0,0,0,0,0,0,0,128,[84 -64 4 0 0 0 0 0 0 0 0 0 -15 4 -16 3 -15 2 -16 2 -15 2 -16 1 -16 1 -16 0 -15 0 -15 -1 -15 0 -15 -1 -15 -1 -14 -1 -15 -2 -14 -1 -14 -2 -13 -2 -14 -2 -13 -2 -13 -2 -13 -1 -13 -1 -13 -1 -13 -1 -13 -1 0 0 -13 0 -12 0 -12 0 -12 0 -12 0 -13 0 -12 0 -12 0 -12 1 -12 1 -12 2 -12 2 -12 2 -12 2 -12 3 -12 3 -12 3 -12 4 -13 4 -12 4 -12 4 -12 4 -12 4 -12 5 -12 5 -12 5 0 0 0 0 0 0 0 0 0 0]"
"1769236309837938,CSI_DATA,STATION,00:00:00:00:00:00,0,0,0,0,0,0,0,0,0,0,0,0,0,0,0,0,0,0,0,0,0,128,[84 -64 4 0 0 0 0 0 0 0 0 0 -16 0 -16 -1 -16 -1 -16 -2 -16 -3 -15 -3 -15 -3 -16 -4 -15 -3 -15 -5 -14 -5 -14 -5 -14 -6 -14 -5 -13 -5 -13 -5 -13 -5 -14 -5 -13 -5 -13 -5 -13 -5 -13 -4 -12 -4 -12 -5 -12 -4 -12 -4 0 0 -12 -3 -12 -3 -12 -2 -12 -2 -12 -3 -12 -2 -12 -2 -12 -2 -12 -1 -13 -1 -12 -1 -12 -1 -12 -1 -12 0 -13 0 -12 1 -13 0 -12 1 -13 1 -13 1 -13 2 -13 2 -13 1 -13 1 -13 2 -13 2 0 0 0 0 0 0 0 0 0 0]"
"1769236309842314,CSI_DATA,STATION,00:00:00:00:00:00,0,0,0,0,0,0,0,0,0,0,0,0,0,0,0,0,0,0,0,0,0,128,[84 -64 4 0 0 0 0 0 0 0 0 0 6 -14 7 -14 8 -13 8 -13 9 -13 9 -13 9 -12 10 -11 10 -11 10 -11 10 -11 10 -11 10 -10 10 -10 10 -9 10 -9 10 -10 10 -10 10 -9 10 -9 9 -9 9 -9 9 -9 9 -9 8 -9 9 -9 0 0 8 -9 8 -9 7 -9 7 -9 8 -9 7 -9 7 -9 7 -10 7 -9 6 -10 6 -10 6 -10 6 -10 6 -10 6 -11 6 -11 5 -11 6 -11 6 -11 5 -11 6 -11 5 -11 5 -12 5 -12 4 -12 4 -12 0 0 0 0 0 0 0 0 0 0]"
"1769236309849004,CSI_DATA,STATION,00:00:00:00:00:00,0,0,0,0,0,0,0,0,0,0,0,0,0,0,0,0,0,0,0,0,0,128,[84 -64 4 0 0 0 0 0 0 0 0 0 6 -15 7 -14 7 -14 7 -13 8 -14 9 -13 9 -12 9 -12 9 -12 9 -11 9 -12 9 -11 9 -11 9 -11 9 -10 9 -10 10 -10 9 -10 9 -10 9 -10 9 -9 8 -9 9 -10 8 -9 8 -9 8 -9 0 0 7 -9 7 -9 7 -9 7 -9 7 -10 6 -10 6 -10 6 -10 6 -10 6 -11 6 -11 5 -11 5 -11 5 -11 5 -11 4 -11 4 -11 4 -12 5 -12 4 -12 4 -12 4 -12 3 -12 4 -12 3 -12 3 -13 0 0 0 0 0 0 0 0 0 0]"
"1769236309853424,CSI_DATA,STATION,00:00:00:00:00:00,0,0,0,0,0,0,0,0,0,0,0,0,0,0,0,0,0,0,0,0,0,128,[84 -64 4 0 0 0 0 0 0 0 0 0 -2 -16 -1 -15 -1 -16 0 -16 0 -16 0 -15 1 -16 1 -15 2 -15 2 -16 2 -15 2 -14 2 -14 3 -14 2 -14 3 -14 3 -13 3 -13 3 -13 3 -13 2 -13 2 -12 2 -13 2 -13 2 -13 2 -12 0 0 1 -12 1 -12 1 -12 1 -12 1 -12 0 -12 0 -12 0 -12 0 -11 -1 -12 -1 -12 -1 -12 -1 -12 -1 -12 -2 -12 -2 -12 -2 -13 -2 -12 -3 -12 -3 -12 -3 -13 -3 -12 -3 -13 -4 -13 -4 -12 -4 -13 0 0 0 0 0 0 0 0 0 0]"
"1769236309857782,CSI_DATA,STATION,00:00:00:00:00:00,0,0,0,0,0,0,0,0,0,0,0,0,0,0,0,0,0,0,0,0,0,128,[84 -64 4 0 0 0 0 0 0 0 0 0 12 -6 13 -6 12 -5 12 -5 13 -4 13 -4 13 -3 13 -3 13 -3 13 -2 12 -2 12 -2 12 -1 12 -1 12 -1 12 -1 12 -1 11 -1 11 -1 11 -1 11 -1 11 -1 10 -1 10 -1 11 -1 10 -2 0 0 10 -2 10 -2 10 -2 10 -2 9 -2 10 -3 9 -3 9 -3 9 -3 9 -4 9 -4 9 -4 9 -4 9 -4 9 -4 9 -5 9 -5 9 -5 9 -5 9 -5 9 -5 9 -6 9 -5 9 -6 9 -6 9 -6 0 0 0 0 0 0 0 0 0 0]"
"1769236309864301,CSI_DATA,STATION,00:00:00:00:00:00,0,0,0,0,0,0,0,0,0,0,0,0,0,0,0,0,0,0,0,0,0,128,[84 -64 4 0 0 0 0 0 0 0 0 0 -7 -12 -6 -13 -6 -13 -6 -13 -6 -13 -5 -13 -4 -13 -4 -13 -4 -13 -3 -13 -3 -13 -3 -13 -2 -13 -2 -13 -2 -13 -2 -12 -2 -12 -1 -12 -2 -12 -2 -12 -2 -11 -2 -12 -2 -11 -2 -11 -2 -11 -2 -11 0 0 -2 -11 -3 -10 -3 -10 -3 -10 -3 -11 -3 -11 -3 -10 -3 -10 -3 -10 -4 -10 -4 -10 -4 -10 -5 -10 -4 -10 -5 -10 -5 -10 -5 -10 -6 -10 -5 -10 -5 -10 -6 -10 -6 -10 -6 -10 -7 -10 -7 -10 -6 -10 0 0 0 0 0 0 0 0 0 0]"
"1769236309868617,CSI_DATA,STATION,00:00:00:00:00:00,0,0,0,0,0,0,0,0,0,0,0,0,0,0,0,0,0,0,0,0,0,128,[84 -64 4 0 0 0 0 0 0 0 0 0 9 11 9 11 9 12 8 12 8 13 8 13 7 13 7 13 6 13 6 13 5 13 5 13 5 12 5 12 4 13 4 12 4 12 4 11 4 12 4 12 4 12 4 11 4 11 4 12 4 11 4 11 0 0 4 10 4 10 5 10 4 10 5 9 5 10 5 9 6 9 6 9 6 9 6 8 6 9 6 9 7 9 7 8 7 8 8 8 8 8 8 8 8 7 8 8 8 8 8 8 9 8 9 8 9 7 0 0 0 0 0 0 0 0 0 0]"
"1769236309872942,CSI_DATA,STATION,00:00:00:00:00:00,0,0,0,0,0,0,0,0,0,0,0,0,0,0,0,0,0,0,0,0,0,128,[84 -64 4 0 0 0 0 0 0 0 0 0 8 11 7 11 7 12 6 12 5 12 6 12 5 12 4 12 4 12 4 12 4 12 4 12 3 12 3 12 3 12 2 11 2 11 3 11 2 11 3 11 2 10 3 11 2 10 3 10 2 10 3 10 0 0 3 9 3 9 3 9 3 9 3 9 4 9 4 9 4 9 4 8 5 9 5 8 5 8 5 8 6 8 5 8 5 8 6 8 6 8 6 8 6 8 7 8 7 8 7 8 7 7 7 7 7 7 0 0 0 0 0 0 0 0 0 0]"
"1769236309879467,CSI_DATA,STATION,00:00:00:00:00:00,0,0,0,0,0,0,0,0,0,0,0,0,0,0,0,0,0,0,0,0,0,128,[84 -64 4 0 0 0 0 0 0 0 0 0 14 -5 15 -5 14 -4 15 -3 15 -2 15 -3 15 -2 15 -2 14 -2 14 -1 14 0 14 -1 14 0 13 0 13 0 13 0 13 0 13 1 13 0 13 0 12 0 12 0 12 0 12 0 12 0 11 -1 0 0 11 -1 11 -1 11 -1 12 -2 11 -2 11 -2 11 -2 11 -3 10 -3 10 -3 10 -3 11 -3 10 -4 11 -4 10 -5 11 -5 10 -5 11 -6 10 -5 10 -6 10 -6 10 -6 10 -6 10 -6 10 -6 10 -7 0 0 0 0 0 0 0 0 0 0]"
"1769236309890187,CSI_DATA,STATION,00:00:00:00:00:00,0,0,0,0,0,0,0,0,0,0,0,0,0,0,0,0,0,0,0,0,0,128,[84 -64 4 0 0 0 0 0 0 0 0 0 11 -11 12 -11 12 -10 13 -9 13 -9 14 -9 13 -8 13 -8 13 -7 13 -6 13 -6 13 -6 13 -6 13 -5 13 -5 13 -6 13 -5 12 -5 12 -5 12 -5 12 -5 12 -5 12 -5 11 -5 11 -5 11 -5 0 0 10 -5 11 -5 10 -5 10 -5 10 -6 10 -6 10 -6 10 -7 9 -6 9 -7 9 -7 9 -7 9 -7 9 -7 9 -7 9 -8 8 -8 9 -9 9 -9 8 -9 8 -9 8 -9 8 -9 8 -9 8 -9 8 -10 0 0 0 0 0 0 0 0 0 0]"
"1769236309894510,CSI_DATA,STATION,00:00:00:00:00:00,0,0,0,0,0,0,0,0,0,0,0,0,0,0,0,0,0,0,0,0,0,128,[84 -64 4 0 0 0 0 0 0 0 0 0 -4 15 -5 15 -5 15 -6 15 -6 14 -7 14 -7 14 -8 14 -8 13 -9 12 -8 13 -8 12 -8 12 -8 12 -9 12 -8 11 -8 12 -8 11 -8 11 -8 10 -8 11 -8 10 -8 10 -7 11 -7 10 -7 10 0 0 -7 10 -6 10 -6 10 -6 10 -6 10 -5 10 -5 10 -5 10 -5 10 -4 11 -4 11 -4 11 -4 11 -4 11 -3 11 -3 11 -3 11 -3 11 -2 12 -3 11 -2 12 -2 12 -2 12 -2 12 -2 12 -2 12 0 0 0 0 0 0 0 0 0 0]"
"1769236309900981,CSI_DATA,STATION,00:00:00:00:00:00,0,0,0,0,0,0,0,0,0,0,0,0,0,0,0,0,0,0,0,0,0,128,[84 -64 4 0 0 0 0 0 0 0 0 0 12 -7 13 -6 12 -5 13 -5 13 -5 13 -5 13 -3 13 -3 13 -3 13 -3 13 -3 13 -3 12 -2 12 -2 12 -2 12 -2 12 -2 11 -1 12 -1 12 -1 11 -1 11 -1 11 -1 11 -2 11 -2 11 -2 0 0 10 -2 10 -2 10 -3 10 -3 10 -3 10 -3 10 -3 10 -3 10 -3 9 -4 9 -5 9 -5 9 -5 9 -5 9 -5 9 -5 9 -6 9 -6 9 -6 9 -6 9 -6 9 -6 9 -6 9 -7 9 -7 9 -7 0 0 0 0 0 0 0 0 0 0]"
"1769236309907497,CSI_DATA,STATION,00:00:00:00:00:00,0,0,0,0,0,0,0,0,0,0,0,0,0,0,0,0,0,0,0,0,0,128,[84 -64 4 0 0 0 0 0 0 0 0 0 5 -15 6 -15 6 -15 6 -15 7 -15 8 -14 8 -14 8 -14 8 -13 9 -13 8 -13 8 -13 8 -12 8 -12 9 -11 8 -11 8 -12 8 -12 8 -11 9 -10 8 -11 8 -11 8 -11 7 -11 7 -11 7 -11 0 0 6 -11 6 -10 6 -11 5 -10 6 -11 5 -11 5 -11 5 -11 4 -11 4 -12 4 -12 3 -12 3 -11 3 -12 3 -12 3 -13 2 -13 2 -13 3 -13 2 -13 2 -13 2 -12 2 -13 1 -13 1 -13 1 -13 0 0 0 0 0 0 0 0 0 0]"
"1769236309911830,CSI_DATA,STATION,00:00:00:00:00:00,0,0,0,0,0,0,0,0,0,0,0,0,0,0,0,0,0,0,0,0,0,128,[84 -64 4 0 0 0 0 0 0 0 0 0 15 -3 16 -2 15 -1 15 -1 15 -1 16 0 15 0 15 0 15 1 15 1 15 2 14 3 14 3 14 3 14 3 13 2 13 3 13 3 13 3 13 3 13 3 13 3 12 2 12 3 12 2 12 1 0 0 12 1 12 1 11 1 12 1 12 1 11 0 12 0 11 0 11 -1 11 -1 11 -1 12 -1 12 -1 12 -1 12 -2 11 -2 12 -2 12 -3 12 -3 12 -3 12 -4 12 -3 12 -4 12 -3 12 -4 11 -4 0 0 0 0 0 0 0 0 0 0]"
"1769236309918327,CSI_DATA,STATION,00:00:00:00:00:00,0,0,0,0,0,0,0,0,0,0,0,0,0,0,0,0,0,0,0,0,0,128,[84 -64 4 0 0 0 0 0 0 0 0 0 -1 16 -1 15 -2 16 -2 15 -3 15 -4 15 -4 15 -5 15 -5 14 -5 14 -5 14 -5 14 -5 13 -6 13 -6 13 -6 13 -5 13 -6 13 -5 13 -6 12 -6 12 -5 12 -6 12 -5 12 -5 11 -4 11 0 0 -4 11 -4 11 -3 11 -3 11 -3 12 -3 11 -3 11 -3 11 -3 11 -3 12 -2 12 -2 11 -2 12 -1 12 -1 12 -1 12 0 12 0 12 0 12 0 13 0 12 1 12 1 12 1 12 1 12 1 12 0 0 0 0 0 0 0 0 0 0]"
"1769236309924813,CSI_DATA,STATION,00:00:00:00:00:00,0,0,0,0,0,0,0,0,0,0,0,0,0,0,0,0,0,0,0,0,0,128,[84 -64 4 0 0 0 0 0 0 0 0 0 -8 -14 -7 -15 -7 -15 -7 -15 -6 -16 -6 -16 -5 -15 -4 -16 -4 -16 -4 -16 -4 -15 -3 -15 -3 -15 -3 -16 -3 -15 -3 -15 -3 -14 -3 -14 -3 -14 -2 -15 -2 -14 -3 -14 -3 -14 -3 -14 -3 -14 -3 -13 0 0 -3 -13 -4 -13 -4 -13 -4 -13 -4 -12 -4 -12 -5 -12 -5 -12 -5 -12 -6 -12 -6 -12 -6 -12 -6 -12 -7 -11 -7 -11 -7 -11 -8 -11 -8 -11 -8 -11 -8 -11 -8 -11 -9 -11 -9 -11 -9 -11 -9 -11 -9 -10 0 0 0 0 0 0 0 0 0 0]"
"1769236309929176,CSI_DATA,STATION,00:00:00:00:00:00,0,0,0,0,0,0,0,0,0,0,0,0,0,0,0,0,0,0,0,0,0,128,[84 -64 4 0 0 0 0 0 0 0 0 0 13 -10 13 -9 13 -9 13 -7 14 -7 14 -7 14 -7 14 -6 14 -6 14 -5 15 -5 14 -5 14 -4 14 -4 14 -4 14 -4 13 -4 13 -4 13 -3 13 -4 13 -3 12 -4 13 -4 12 -4 12 -4 12 -4 0 0 11 -4 11 -5 11 -4 11 -5 11 -5 11 -5 11 -5 11 -6 10 -6 11 -6 10 -7 10 -6 10 -6 10 -6 10 -7 10 -8 10 -8 10 -9 10 -8 10 -8 10 -9 9 -8 10 -9 10 -9 9 -9 9 -9 0 0 0 0 0 0 0 0 0 0]"
"1769236309933485,CSI_DATA,STATION,00:00:00:00:00:00,0,0,0,0,0,0,0,0,0,0,0,0,0,0,0,0,0,0,0,0,0,128,[84 -64 4 0 0 0 0 0 0 0 0 0 4 -16 4 -16 4 -16 5 -16 6 -16 6 -15 6 -15 6 -15 7 -15 7 -14 7 -14 7 -14 8 -13 8 -13 8 -13 7 -13 8 -12 8 -13 7 -12 7 -12 7 -12 7 -12 7 -12 7 -12 6 -11 6 -12 0 0 6 -12 5 -11 5 -11 5 -12 5 -12 5 -12 4 -12 4 -12 4 -12 4 -13 3 -13 3 -12 3 -13 3 -12 2 -13 2 -13 2 -14 2 -13 2 -13 1 -13 1 -14 1 -13 1 -14 1 -13 1 -14 1 -14 0 0 0 0 0 0 0 0 0 0]"
"1769236309939954,CSI_DATA,STATION,00:00:00:00:00:00,0,0,0,0,0,0,0,0,0,0,0,0,0,0,0,0,0,0,0,0,0,128,[84 -64 4 0 0 0 0 0 0 0 0 0 -7 -13 -6 -14 -5 -14 -6 -14 -5 -14 -5 -15 -3 -14 -3 -15 -3 -14 -3 -14 -3 -14 -3 -14 -3 -14 -3 -14 -2 -14 -2 -13 -2 -13 -2 -13 -2 -13 -2 -13 -2 -13 -2 -13 -2 -12 -2 -12 -3 -12 -3 -12 0 0 -3 -12 -3 -12 -3 -12 -3 -11 -4 -12 -4 -12 -4 -12 -4 -11 -4 -11 -5 -11 -5 -11 -5 -11 -6 -11 -6 -11 -6 -11 -6 -11 -6 -11 -7 -10 -7 -11 -7 -11 -7 -11 -7 -11 -7 -10 -8 -10 -8 -10 -8 -10 0 0 0 0 0 0 0 0 0 0]"
"1769236309944301,CSI_DATA,STATION,00:00:00:00:00:00,0,0,0,0,0,0,0,0,0,0,0,0,0,0,0,0,0,0,0,0,0,128,[84 -64 4 0 0 0 0 0 0 0 0 0 -15 -2 -15 -3 -14 -3 -15 -3 -15 -4 -15 -5 -14 -5 -14 -5 -13 -5 -13 -6 -14 -5 -13 -6 -13 -6 -13 -6 -13 -7 -12 -6 -13 -7 -12 -6 -12 -6 -12 -6 -12 -7 -12 -6 -11 -6 -12 -6 -11 -6 -11 -6 0 0 -11 -5 -11 -5 -11 -5 -11 -4 -12 -5 -11 -5 -11 -4 -12 -4 -11 -4 -11 -3 -12 -3 -12 -3 -12 -3 -12 -3 -11 -2 -12 -2 -12 -2 -12 -2 -12 -2 -12 -2 -13 -2 -12 -2 -12 -2 -13 -2 -13 -1 -13 -1 0 0 0 0 0 0 0 0 0 0]"
"1769236309950885,CSI_DATA,STATION,00:00:00:00:00:00,0,0,0,0,0,0,0,0,0,0,0,0,0,0,0,0,0,0,0,0,0,128,[84 -64 4 0 0 0 0 0 0 0 0 0 -16 2 -17 1 -17 0 -17 0 -17 -1 -17 0 -17 -1 -16 -2 -16 -2 -16 -2 -16 -2 -16 -3 -15 -3 -15 -3 -16 -3 -15 -3 -15 -3 -15 -3 -15 -4 -14 -3 -14 -3 -14 -3 -14 -3 -14 -3 -14 -2 -14 -2 0 0 -13 -2 -13 -1 -13 -1 -13 -1 -13 -1 -13 0 -13 0 -13 0 -13 1 -13 1 -13 1 -13 1 -13 1 -13 1 -13 2 -13 2 -13 2 -13 3 -13 4 -13 4 -13 4 -13 4 -13 4 -13 4 -13 5 -13 4 0 0 0 0 0 0 0 0 0 0]"
"1769236309955154,CSI_DATA,STATION,00:00:00:00:00:00,0,0,0,0,0,0,0,0,0,0,0,0,0,0,0,0,0,0,0,0,0,128,[84 -64 4 0 0 0 0 0 0 0 0 0 3 -18 4 -19 4 -18 5 -18 5 -17 6 -18 6 -17 7 -17 7 -17 8 -16 8 -16 8 -15 8 -16 8 -14 8 -15 8 -14 8 -15 8 -15 8 -14 8 -14 8 -13 8 -13 7 -13 8 -14 7 -13 7 -14 0 0 7 -13 6 -13 6 -13 5 -13 6 -13 6 -13 5 -13 5 -14 5 -14 4 -14 4 -14 4 -14 4 -13 4 -14 3 -14 3 -15 2 -14 2 -15 2 -15 2 -15 2 -15 2 -15 2 -15 2 -15 1 -16 1 -16 0 0 0 0 0 0 0 0 0 0]"
"1769236309959401,CSI_DATA,STATION,00:00:00:00:00:00,0,0,0,0,0,0,0,0,0,0,0,0,0,0,0,0,0,0,0,0,0,128,[84 -64 4 0 0 0 0 0 0 0 0 0 -16 4 -17 3 -16 2 -17 2 -16 1 -17 1 -17 1 -16 0 -16 0 -16 -1 -16 -1 -16 -1 -15 -2 -15 -1 -15 -2 -15 -1 -16 -2 -14 -2 -15 -2 -15 -2 -14 -2 -14 -1 -14 -1 -14 -2 -14 -1 -14 -1 0 0 -13 0 -13 0 -13 0 -13 0 -13 0 -13 0 -13 1 -13 1 -13 1 -13 2 -13 2 -13 2 -13 2 -13 3 -13 3 -13 3 -12 3 -13 4 -13 4 -13 4 -13 5 -13 5 -13 4 -13 5 -13 5 -13 5 0 0 0 0 0 0 0 0 0 0]"
"1769236309965789,CSI_DATA,STATION,00:00:00:00:00:00,0,0,0,0,0,0,0,0,0,0,0,0,0,0,0,0,0,0,0,0,0,128,[84 -64 4 0 0 0 0 0 0 0 0 0 14 -7 15 -6 14 -6 14 -6 15 -5 15 -5 15 -4 15 -4 15 -4 15 -3 15 -3 15 -2 14 -2 14 -2 15 -1 14 -2 14 -2 14 -2 13 -2 13 -2 13 -2 13 -2 13 -2 13 -2 13 -1 13 -2 0 0 12 -2 12 -3 12 -3 12 -3 12 -4 12 -4 11 -4 11 -5 11 -4 11 -5 11 -5 11 -5 11 -5 11 -5 11 -6 11 -6 11 -6 11 -7 11 -7 11 -7 11 -7 10 -8 11 -7 11 -8 11 -8 11 -8 0 0 0 0 0 0 0 0 0 0]"
"1769236309970086,CSI_DATA,STATION,00:00:00:00:00:00,0,0,0,0,0,0,0,0,0,0,0,0,0,0,0,0,0,0,0,0,0,128,[84 -64 4 0 0 0 0 0 0 0 0 0 13 -6 13 -5 13 -4 13 -4 14 -4 14 -3 13 -3 14 -3 14 -2 14 -1 13 -1 13 -1 13 -1 13 -1 13 0 12 -1 12 -1 12 0 12 0 12 -1 12 -1 12 -1 12 -1 11 -1 11 -1 11 -2 0 0 11 -2 11 -2 11 -2 11 -2 11 -2 11 -2 10 -3 10 -3 10 -3 10 -3 10 -4 10 -3 10 -4 10 -4 10 -4 10 -5 10 -5 10 -6 10 -6 10 -6 10 -6 10 -6 10 -6 10 -6 10 -7 10 -6 0 0 0 0 0 0 0 0 0 0]"
"1769236309976506,CSI_DATA,STATION,00:00:00:00:00:00,0,0,0,0,0,0,0,0,0,0,0,0,0,0,0,0,0,0,0,0,0,128,[84 -64 4 0 0 0 0 0 0 0 0 0 -2 -16 -1 -17 0 -17 0 -17 0 -17 1 -17 2 -16 2 -16 2 -16 2 -16 2 -16 2 -16 3 -15 2 -15 3 -15 3 -15 3 -14 3 -14 3 -15 3 -14 3 -14 3 -13 3 -13 2 -14 2 -14 2 -14 0 0 2 -13 1 -13 1 -13 0 -13 1 -13 0 -13 0 -13 0 -13 0 -13 -1 -13 -1 -13 -1 -13 -2 -13 -2 -13 -2 -13 -2 -13 -3 -13 -3 -14 -3 -14 -3 -14 -3 -13 -3 -13 -4 -13 -4 -13 -5 -13 -4 -13 0 0 0 0 0 0 0 0 0 0]"
"1769236309980807,CSI_DATA,STATION,00:00:00:00:00:00,0,0,0,0,0,0,0,0,0,0,0,0,0,0,0,0,0,0,0,0,0,128,[84 -64 4 0 0 0 0 0 0 0 0 0 9 -13 10 -13 11 -12 11 -12 11 -11 12 -11 12 -10 12 -10 12 -10 13 -9 12 -9 12 -9 12 -8 12 -8 12 -8 12 -9 12 -8 11 -8 12 -8 12 -7 11 -7 11 -8 11 -7 11 -7 11 -7 11 -8 0 0 10 -8 10 -8 9 -8 10 -8 10 -8 9 -8 9 -8 9 -9 9 -9 8 -10 8 -10 8 -9 8 -9 8 -9 8 -10 7 -10 7 -11 7 -11 7 -11 7 -11 7 -11 7 -11 7 -11 7 -12 7 -12 6 -12 0 0 0 0 0 0 0 0 0 0]"
"1769236309987358,CSI_DATA,STATION,00:00:00:00:00:00,0,0,0,0,0,0,0,0,0,0,0,0,0,0,0,0,0,0,0,0,0,128,[84 -64 4 0 0 0 0 0 0 0 0 0 -4 15 -5 15 -5 15 -5 15 -6 15 -7 14 -6 15 -7 14 -7 14 -8 14 -7 13 -8 13 -8 13 -8 13 -8 12 -8 12 -8 12 -8 12 -8 12 -8 11 -7 11 -7 11 -8 11 -7 11 -7 10 -7 11 0 0 -6 11 -5 11 -5 11 -5 11 -5 11 -5 11 -5 11 -4 11 -4 11 -4 12 -4 11 -4 11 -3 12 -3 12 -3 12 -3 12 -2 12 -3 12 -2 12 -2 12 -1 13 -1 12 -2 13 -1 13 -2 13 -1 13 0 0 0 0 0 0 0 0 0 0]"
"1769236309991813,CSI_DATA,STATION,00:00:00:00:00:00,0,0,0,0,0,0,0,0,0,0,0,0,0,0,0,0,0,0,0,0,0,128,[84 -64 4 0 0 0 0 0 0 0 0 0 -5 15 -5 14 -6 14 -6 14 -6 14 -8 14 -8 14 -8 13 -8 13 -8 12 -9 13 -9 12 -9 12 -9 12 -9 11 -9 11 -9 11 -9 11 -9 11 -8 10 -9 10 -8 10 -8 10 -8 10 -8 10 -7 10 0 0 -7 10 -6 10 -6 10 -6 10 -6 10 -6 10 -6 10 -5 11 -5 10 -5 11 -5 11 -4 11 -4 11 -4 11 -4 11 -4 11 -4 11 -3 12 -3 12 -3 12 -3 12 -2 12 -2 12 -2 12 -3 12 -2 13 0 0 0 0 0 0 0 0 0 0]"
"1769236309996221,CSI_DATA,STATION,00:00:00:00:00:00,0,0,0,0,0,0,0,0,0,0,0,0,0,0,0,0,0,0,0,0,0,128,[84 -64 4 0 0 0 0 0 0 0 0 0 10 19 9 19 7 19 6 21 6 20 6 20 6 20 5 21 5 20 4 20 3 20 4 20 4 19 3 19 2 20 3 19 3 19 2 17 2 18 2 18 2 18 2 17 2 16 3 17 3 17 3 16 0 0 3 16 3 15 4 16 4 15 5 16 4 15 5 15 5 15 5 14 6 14 6 13 6 14 6 14 8 14 7 13 8 14 8 14 8 13 9 13 8 13 10 13 10 13 10 13 10 12 10 12 11 13 0 0 0 0 0 0 0 0 0 0]"
"1769236310002903,CSI_DATA,STATION,00:00:00:00:00:00,0,0,0,0,0,0,0,0,0,0,0,0,0,0,0,0,0,0,0,0,0,128,[84 -64 4 0 0 0 0 0 0 0 0 0 1 -16 1 -16 2 -16 2 -16 2 -16 3 -16 4 -15 4 -15 4 -15 5 -14 5 -14 5 -14 6 -14 5 -14 5 -13 5 -13 5 -13 5 -13 5 -13 5 -12 6 -12 5 -12 5 -12 4 -12 4 -12 4 -12 0 0 4 -12 3 -12 3 -12 3 -12 3 -12 3 -11 3 -12 3 -12 2 -12 2 -12 2 -12 1 -12 1 -12 1 -12 1 -13 1 -13 0 -13 0 -13 0 -13 0 -13 0 -13 0 -13 0 -13 -1 -13 -1 -14 -1 -13 0 0 0 0 0 0 0 0 0 0]"
"1769236310007289,CSI_DATA,STATION,00:00:00:00:00:00,0,0,0,0,0,0,0,0,0,0,0,0,0,0,0,0,0,0,0,0,0,128,[84 -64 4 0 0 0 0 0 0 0 0 0 -14 6 -14 6 -15 5 -15 5 -15 4 -15 4 -15 4 -15 3 -15 2 -16 2 -15 2 -15 3 -15 1 -15 2 -14 1 -15 2 -14 1 -14 1 -14 1 -14 1 -14 0 -13 1 -13 1 -13 1 -13 1 -13 2 0 0 -13 2 -12 2 -12 2 -12 2 -12 2 -12 2 -12 3 -12 3 -12 4 -12 4 -11 5 -11 4 -11 5 -11 5 -11 5 -11 6 -11 5 -11 6 -11 6 -11 6 -11 6 -11 7 -11 7 -11 7 -11 8 -11 7 0 0 0 0 0 0 0 0 0 0]"
"1769236310011746,CSI_DATA,STATION,00:00:00:00:00:00,0,0,0,0,0,0,0,0,0,0,0,0,0,0,0,0,0,0,0,0,0,128,[84 -64 4 0 0 0 0 0 0 0 0 0 -16 -1 -16 -2 -16 -2 -16 -3 -15 -3 -16 -4 -15 -5 -15 -5 -15 -5 -14 -6 -14 -6 -14 -6 -14 -6 -14 -6 -13 -6 -13 -6 -13 -6 -13 -6 -13 -6 -12 -6 -12 -6 -12 -5 -12 -6 -12 -6 -12 -6 -12 -5 0 0 -12 -5 -12 -4 -12 -4 -12 -4 -12 -4 -12 -4 -12 -3 -12 -3 -12 -3 -12 -3 -12 -2 -12 -3 -12 -2 -12 -2 -12 -1 -12 -1 -13 -2 -13 -1 -13 -1 -13 -1 -13 -1 -13 0 -13 0 -13 0 -13 0 -13 0 0 0 0 0 0 0 0 0 0 0]"
"1769236310018405,CSI_DATA,STATION,00:00:00:00:00:00,0,0,0,0,0,0,0,0,0,0,0,0,0,0,0,0,0,0,0,0,0,128,[84 -64 4 0 0 0 0 0 0 0 0 0 2 13 1 13 1 13 0 13 0 13 -1 13 -1 13 -1 13 -2 13 -2 13 -2 13 -2 12 -3 12 -3 12 -3 12 -3 12 -3 12 -3 11 -3 11 -3 11 -3 11 -3 10 -3 11 -3 11 -2 10 -2 10 0 0 -2 10 -1 10 -1 10 -1 10 -1 10 -1 10 -1 10 -1 10 -1 9 0 10 0 10 0 10 1 10 1 10 1 10 1 10 1 10 1 10 1 10 1 10 2 10 2 10 2 10 3 10 2 10 2 10 0 0 0 0 0 0 0 0 0 0]"
"1769236310022864,CSI_DATA,STATION,00:00:00:00:00:00,0,0,0,0,0,0,0,0,0,0,0,0,0,0,0,0,0,0,0,0,0,128,[84 -64 4 0 0 0 0 0 0 0 0 0 -12 12 -12 12 -12 11 -13 10 -14 10 -14 10 -14 10 -14 9 -14 8 -15 8 -14 8 -14 8 -14 7 -14 7 -15 6 -14 7 -14 7 -13 6 -14 6 -13 6 -13 6 -13 6 -13 6 -13 6 -13 6 -12 6 0 0 -12 6 -11 6 -11 7 -11 7 -11 7 -11 7 -11 7 -11 7 -10 8 -10 8 -10 8 -10 8 -10 8 -10 9 -10 9 -10 9 -9 9 -9 10 -9 10 -9 10 -9 10 -9 10 -9 10 -8 11 -9 11 -8 11 0 0 0 0 0 0 0 0 0 0]"
"1769236310027255,CSI_DATA,STATION,00:00:00:00:00:00,0,0,0,0,0,0,0,0,0,0,0,0,0,0,0,0,0,0,0,0,0,128,[84 -64 4 0 0 0 0 0 0 0 0 0 -14 -6 -14 -7 -14 -8 -13 -8 -13 -9 -13 -9 -12 -9 -12 -9 -12 -9 -12 -10 -12 -9 -11 -9 -11 -10 -11 -10 -10 -10 -10 -10 -10 -10 -11 -10 -10 -9 -10 -10 -10 -9 -10 -9 -10 -9 -10 -9 -9 -8 -10 -8 0 0 -9 -7 -9 -7 -10 -7 -10 -7 -10 -7 -10 -7 -10 -7 -10 -6 -10 -6 -11 -6 -11 -5 -11 -5 -11 -5 -11 -5 -11 -5 -12 -5 -12 -5 -12 -4 -12 -4 -12 -4 -12 -4 -12 -4 -12 -4 -12 -4 -13 -3 -12 -3 0 0 0 0 0 0 0 0 0 0]"
"1769236310033901,CSI_DATA,STATION,00:00:00:00:00:00,0,0,0,0,0,0,0,0,0,0,0,0,0,0,0,0,0,0,0,0,0,128,[84 -64 4 0 0 0 0 0 0 0 0 0 14 1 14 2 14 3 14 3 14 4 13 4 13 4 13 5 13 5 13 5 13 5 13 5 12 6 12 6 12 6 12 6 11 6 12 6 11 6 11 6 11 6 11 5 11 5 11 5 11 4 11 4 0 0 11 4 10 4 11 4 10 3 11 4 11 3 11 3 11 3 11 2 11 2 11 1 11 2 11 1 11 1 12 1 11 1 12 0 12 0 12 0 11 0 12 0 12 0 12 0 12 -1 12 -1 12 -1 0 0 0 0 0 0 0 0 0 0]"
"1769236310038356,CSI_DATA,STATION,00:00:00:00:00:00,0,0,0,0,0,0,0,0,0,0,0,0,0,0,0,0,0,0,0,0,0,128,[84 -64 4 0 0 0 0 0 0 0 0 0 10 7 10 8 10 8 9 8 9 9 9 9 9 9 8 9 8 9 7 10 7 10 6 10 6 10 6 10 6 10 6 9 6 9 6 9 6 9 6 9 6 9 6 9 6 9 5 9 6 9 6 8 0 0 6 8 6 8 6 7 6 7 6 7 6 7 7 7 7 7 7 6 7 7 7 6 7 6 7 7 7 6 8 6 8 6 8 6 8 5 9 5 8 5 9 5 9 5 9 5 9 5 9 5 9 5 0 0 0 0 0 0 0 0 0 0]"
"1769236310042803,CSI_DATA,STATION,00:00:00:00:00:00,0,0,0,0,0,0,0,0,0,0,0,0,0,0,0,0,0,0,0,0,0,128,[84 -64 4 0 0 0 0 0 0 0 0 0 8 12 7 12 7 13 6 13 6 13 6 13 5 13 5 13 5 13 4 14 4 13 4 13 3 13 4 13 3 13 3 13 3 12 3 12 3 12 3 12 3 12 3 12 3 12 3 12 3 12 3 11 0 0 3 11 4 11 4 10 4 10 4 10 4 10 5 10 5 10 5 9 5 10 6 9 6 9 6 9 6 9 7 9 7 8 8 9 7 9 7 8 8 8 8 9 8 8 8 9 9 8 8 8 9 8 0 0 0 0 0 0 0 0 0 0]"
"1769236310049370,CSI_DATA,STATION,00:00:00:00:00:00,0,0,0,0,0,0,0,0,0,0,0,0,0,0,0,0,0,0,0,0,0,128,[84 -64 4 0 0 0 0 0 0 0 0 0 14 0 14 0 14 1 14 1 14 2 14 2 14 2 14 3 13 3 13 4 13 4 13 4 13 4 13 4 12 4 12 4 12 5 11 4 12 4 11 4 12 4 11 3 11 4 11 4 11 3 11 3 0 0 11 3 11 2 11 2 11 1 11 2 11 1 11 1 11 1 11 1 10 1 11 0 11 0 11 0 11 0 11 -1 11 -1 11 -1 12 -2 12 -2 11 -2 11 -2 11 -2 12 -2 11 -2 12 -3 12 -3 0 0 0 0 0 0 0 0 0 0]"
"1769236310059993,CSI_DATA,STATION,00:00:00:00:00:00,0,0,0,0,0,0,0,0,0,0,0,0,0,0,0,0,0,0,0,0,0,128,[84 -64 4 0 0 0 0 0 0 0 0 0 -14 -7 -14 -7 -13 -8 -13 -8 -13 -9 -13 -9 -12 -9 -12 -10 -11 -10 -11 -11 -11 -10 -11 -10 -11 -11 -10 -10 -10 -11 -10 -10 -10 -10 -11 -10 -10 -11 -10 -10 -9 -10 -10 -10 -9 -9 -10 -10 -9 -9 -9 -9 0 0 -10 -8 -10 -8 -10 -8 -10 -8 -10 -8 -10 -8 -10 -7 -11 -8 -11 -7 -11 -7 -11 -6 -11 -7 -11 -6 -11 -7 -11 -6 -11 -5 -12 -6 -12 -6 -12 -5 -12 -5 -12 -5 -13 -5 -12 -5 -13 -5 -13 -5 -13 -5 0 0 0 0 0 0 0 0 0 0]"
"1769236310066481,CSI_DATA,STATION,00:00:00:00:00:00,0,0,0,0,0,0,0,0,0,0,0,0,0,0,0,0,0,0,0,0,0,128,[84 -64 4 0 0 0 0 0 0 0 0 0 -5 14 -6 14 -6 14 -6 13 -7 13 -7 13 -8 13 -8 12 -8 12 -9 12 -9 12 -8 12 -9 12 -9 11 -9 11 -9 11 -9 11 -9 11 -9 10 -9 10 -8 10 -8 10 -8 10 -8 10 -7 10 -7 10 0 0 -7 10 -7 10 -6 10 -6 10 -6 10 -6 10 -6 10 -6 11 -6 11 -5 11 -5 11 -5 11 -5 12 -4 12 -4 11 -4 12 -4 12 -4 12 -4 12 -3 12 -3 12 -3 12 -3 12 -3 12 -3 13 -3 13 0 0 0 0 0 0 0 0 0 0]"
"1769236310070778,CSI_DATA,STATION,00:00:00:00:00:00,0,0,0,0,0,0,0,0,0,0,0,0,0,0,0,0,0,0,0,0,0,128,[84 -64 4 0 0 0 0 0 0 0 0 0 -19 4 -19 3 -18 2 -19 2 -19 1 -20 1 -19 1 -19 0 -19 -1 -19 -1 -19 -1 -19 -1 -18 -2 -18 -2 -18 -2 -17 -1 -18 -2 -16 -2 -18 -2 -17 -3 -17 -3 -16 -2 -16 -2 -17 -2 -16 -2 -16 -1 0 0 -16 -1 -15 -1 -16 0 -16 0 -16 0 -16 0 -16 0 -15 0 -16 1 -15 2 -16 3 -15 2 -15 2 -15 3 -16 3 -15 4 -16 3 -16 4 -16 4 -16 4 -16 4 -16 4 -16 4 -16 6 -16 5 -16 6 0 0 0 0 0 0 0 0 0 0]"
"1769236310077201,CSI_DATA,STATION,00:00:00:00:00:00,0,0,0,0,0,0,0,0,0,0,0,0,0,0,0,0,0,0,0,0,0,128,[84 -64 4 0 0 0 0 0 0 0 0 0 10 -9 11 -9 10 -8 11 -8 11 -7 11 -8 11 -7 12 -7 12 -7 12 -6 12 -5 12 -5 12 -5 11 -5 12 -5 11 -5 11 -5 11 -4 11 -4 11 -5 11 -4 11 -5 11 -4 11 -4 10 -4 10 -5 0 0 10 -5 9 -4 10 -5 10 -5 10 -5 10 -5 9 -5 9 -5 9 -6 9 -6 9 -6 9 -6 9 -6 10 -6 9 -7 9 -7 9 -7 9 -8 9 -8 9 -8 9 -8 9 -8 9 -7 9 -8 9 -8 9 -8 0 0 0 0 0 0 0 0 0 0]"
"1769236310083730,CSI_DATA,STATION,00:00:00:00:00:00,0,0,0,0,0,0,0,0,0,0,0,0,0,0,0,0,0,0,0,0,0,128,[84 -64 4 0 0 0 0 0 0 0 0 0 2 15 1 14 0 15 0 15 -1 15 -1 15 -1 15 -2 14 -2 14 -3 14 -3 15 -3 14 -3 14 -3 14 -4 14 -4 13 -4 13 -4 13 -4 13 -4 13 -4 12 -4 12 -4 12 -4 12 -4 12 -3 12 0 0 -4 12 -3 12 -3 12 -3 12 -3 12 -2 12 -2 12 -2 12 -2 12 -2 12 -2 12 -2 12 -2 12 -1 12 -1 12 -1 12 0 12 0 13 0 13 0 13 0 13 0 13 0 13 1 13 0 13 1 13 0 0 0 0 0 0 0 0 0 0]"
"1769236310088212,CSI_DATA,STATION,00:00:00:00:00:00,0,0,0,0,0,0,0,0,0,0,0,0,0,0,0,0,0,0,0,0,0,128,[84 -64 4 0 0 0 0 0 0 0 0 0 -14 0 -14 -1 -14 -1 -14 -2 -14 -3 -14 -2 -14 -3 -14 -3 -13 -4 -14 -4 -14 -4 -13 -4 -13 -4 -13 -4 -13 -5 -13 -4 -12 -4 -12 -4 -13 -4 -12 -4 -12 -5 -12 -4 -12 -4 -12 -4 -12 -3 -12 -3 0 0 -12 -3 -12 -3 -12 -3 -12 -2 -12 -3 -12 -2 -12 -2 -12 -2 -12 -1 -12 -1 -12 -1 -12 -1 -12 -1 -12 -1 -12 0 -12 1 -12 0 -12 1 -12 1 -13 1 -12 2 -13 1 -13 1 -12 1 -13 2 -12 2 0 0 0 0 0 0 0 0 0 0]"
"1769236310092671,CSI_DATA,STATION,00:00:00:00:00:00,0,0,0,0,0,0,0,0,0,0,0,0,0,0,0,0,0,0,0,0,0,128,[84 -64 4 0 0 0 0 0 0 0 0 0 1 15 0 15 -1 14 -1 15 -1 14 -2 15 -2 15 -3 15 -3 14 -3 14 -4 14 -4 13 -4 14 -4 14 -5 13 -4 13 -5 13 -5 13 -4 13 -5 13 -5 12 -4 12 -4 12 -4 12 -3 12 -3 12 0 0 -4 12 -3 11 -3 12 -3 12 -3 12 -2 12 -2 12 -2 12 -2 12 -2 12 -1 12 -1 12 -1 12 -1 12 -1 13 0 12 0 12 0 13 0 13 0 13 0 13 1 13 1 13 1 13 1 13 1 13 0 0 0 0 0 0 0 0 0 0]"
"1769236310099300,CSI_DATA,STATION,00:00:00:00:00:00,0,0,0,0,0,0,0,0,0,0,0,0,0,0,0,0,0,0,0,0,0,128,[84 -64 4 0 0 0 0 0 0 0 0 0 10 8 10 9 10 9 10 9 9 10 8 10 9 10 8 10 8 10 8 11 7 11 7 11 6 11 7 11 6 11 6 11 6 10 6 10 6 10 6 10 6 10 6 10 6 10 6 10 6 9 6 9 0 0 7 9 6 9 7 8 7 8 7 8 7 8 7 8 7 8 8 7 8 8 8 7 8 7 8 7 8 7 9 7 9 7 10 6 9 6 10 6 9 6 10 6 10 6 10 6 10 6 10 6 10 6 0 0 0 0 0 0 0 0 0 0]"
"1769236310103763,CSI_DATA,STATION,00:00:00:00:00:00,0,0,0,0,0,0,0,0,0,0,0,0,0,0,0,0,0,0,0,0,0,128,[84 -64 4 0 0 0 0 0 0 0 0 0 -6 -13 -6 -13 -6 -13 -6 -14 -5 -14 -4 -14 -4 -14 -4 -14 -3 -14 -3 -14 -3 -14 -2 -14 -2 -13 -2 -13 -2 -13 -2 -13 -2 -13 -1 -13 -2 -13 -2 -13 -2 -13 -2 -13 -2 -13 -2 -12 -2 -12 -2 -12 0 0 -2 -12 -3 -12 -3 -12 -3 -12 -3 -12 -3 -12 -3 -12 -4 -12 -3 -11 -4 -11 -4 -12 -4 -12 -5 -11 -5 -11 -5 -11 -5 -11 -5 -11 -5 -12 -5 -12 -5 -12 -6 -11 -6 -11 -6 -12 -6 -11 -6 -11 -6 -11 0 0 0 0 0 0 0 0 0 0]"
"1769236310110444,CSI_DATA,STATION,00:00:00:00:00:00,0,0,0,0,0,0,0,0,0,0,0,0,0,0,0,0,0,0,0,0,0,128,[84 -64 4 0 0 0 0 0 0 0 0 0 12 0 12 1 12 1 12 2 12 2 11 2 12 3 11 3 11 3 11 4 11 3 10 3 11 4 11 4 10 4 10 4 10 4 10 4 10 4 10 4 10 4 9 4 10 4 10 4 9 4 9 3 0 0 9 3 9 3 9 3 9 2 9 3 9 2 9 2 10 2 9 1 10 2 9 1 10 1 10 1 10 1 10 0 10 0 10 0 10 0 10 0 10 0 10 0 10 0 10 0 11 0 11 -1 11 -1 0 0 0 0 0 0 0 0 0 0]"
"1769236310114851,CSI_DATA,STATION,00:00:00:00:00:00,0,0,0,0,0,0,0,0,0,0,0,0,0,0,0,0,0,0,0,0,0,128,[84 -64 4 0 0 0 0 0 0 0 0 0 -15 -4 -15 -5 -15 -5 -15 -6 -15 -6 -15 -7 -14 -7 -14 -8 -13 -8 -14 -8 -14 -7 -13 -8 -13 -8 -13 -8 -12 -9 -12 -8 -12 -9 -13 -8 -12 -9 -11 -9 -11 -9 -11 -8 -11 -8 -12 -8 -11 -7 -11 -7 0 0 -11 -8 -11 -7 -12 -6 -11 -6 -12 -7 -11 -7 -11 -7 -12 -6 -11 -6 -12 -5 -12 -5 -12 -5 -12 -5 -12 -5 -12 -5 -13 -5 -13 -5 -13 -5 -13 -4 -13 -5 -13 -4 -13 -4 -13 -4 -14 -4 -14 -4 -14 -3 0 0 0 0 0 0 0 0 0 0]"
"1769236310119271,CSI_DATA,STATION,00:00:00:00:00:00,0,0,0,0,0,0,0,0,0,0,0,0,0,0,0,0,0,0,0,0,0,128,[84 -64 4 0 0 0 0 0 0 0 0 0 11 7 10 7 10 8 10 8 10 9 10 9 9 9 9 9 8 9 8 10 9 9 8 9 8 10 8 10 7 10 7 10 7 9 7 9 7 10 6 10 7 9 6 9 7 9 7 9 7 9 7 8 0 0 6 8 6 8 7 8 7 8 7 8 7 8 7 7 7 8 8 7 8 7 8 6 8 7 9 7 8 7 8 6 9 6 9 6 10 6 9 6 9 6 9 6 9 6 10 6 10 6 10 5 10 5 0 0 0 0 0 0 0 0 0 0]"
"1769236310123733,CSI_DATA,STATION,00:00:00:00:00:00,0,0,0,0,0,0,0,0,0,0,0,0,0,0,0,0,0,0,0,0,0,128,[84 -64 4 0 0 0 0 0 0 0 0 0 5 -14 5 -14 6 -14 6 -14 7 -14 8 -14 7 -13 8 -13 8 -12 8 -12 8 -12 8 -12 9 -12 9 -11 9 -11 8 -11 8 -11 8 -11 9 -11 9 -11 8 -10 8 -10 8 -11 8 -11 7 -10 8 -11 0 0 7 -10 6 -10 6 -10 6 -10 6 -11 6 -11 6 -11 6 -11 6 -11 6 -12 5 -11 5 -11 5 -11 5 -11 4 -12 4 -12 4 -12 4 -13 4 -13 4 -13 4 -13 4 -13 4 -13 3 -13 3 -14 3 -14 0 0 0 0 0 0 0 0 0 0]"
"1769236310130369,CSI_DATA,STATION,00:00:00:00:00:00,0,0,0,0,0,0,0,0,0,0,0,0,0,0,0,0,0,0,0,0,0,128,[84 -64 4 0 0 0 0 0 0 0 0 0 -2 -15 -1 -16 0 -16 0 -15 0 -16 1 -15 1 -15 1 -15 2 -15 2 -15 2 -14 2 -14 3 -14 2 -14 3 -14 3 -14 3 -14 3 -13 3 -14 3 -13 2 -13 3 -13 2 -13 2 -13 1 -13 2 -13 0 0 1 -13 1 -13 1 -13 1 -13 0 -12 0 -13 0 -13 0 -13 0 -13 -1 -12 -1 -13 -1 -13 -2 -13 -2 -13 -2 -13 -2 -13 -2 -13 -3 -13 -3 -14 -3 -13 -3 -13 -3 -13 -4 -14 -4 -13 -4 -13 -4 -13 0 0 0 0 0 0 0 0 0 0]"
"1769236310134842,CSI_DATA,STATION,00:00:00:00:00:00,0,0,0,0,0,0,0,0,0,0,0,0,0,0,0,0,0,0,0,0,0,128,[84 -64 4 0 0 0 0 0 0 0 0 0 -1 14 -2 14 -2 14 -3 14 -4 14 -4 14 -5 14 -5 14 -5 13 -5 14 -5 14 -5 13 -5 13 -5 13 -6 12 -5 12 -6 12 -6 12 -6 12 -6 12 -5 11 -5 11 -5 12 -5 12 -5 11 -4 11 0 0 -4 11 -4 11 -3 11 -3 11 -3 11 -3 11 -3 11 -3 12 -3 11 -2 11 -2 12 -2 12 -2 12 -1 12 -2 12 -1 12 -1 12 -1 12 -1 13 -1 12 0 13 0 12 0 13 0 13 0 13 1 13 0 0 0 0 0 0 0 0 0 0]"
"1769236310139302,CSI_DATA,STATION,00:00:00:00:00:00,0,0,0,0,0,0,0,0,0,0,0,0,0,0,0,0,0,0,0,0,0,128,[84 -64 4 0 0 0 0 0 0 0 0 0 -14 -1 -14 -1 -14 -2 -13 -2 -14 -2 -14 -3 -13 -3 -13 -4 -13 -4 -13 -5 -13 -4 -13 -4 -12 -5 -12 -5 -12 -5 -12 -5 -12 -5 -12 -5 -12 -5 -11 -6 -12 -5 -11 -5 -12 -5 -11 -5 -11 -4 -11 -4 0 0 -10 -4 -11 -4 -10 -4 -11 -3 -11 -4 -11 -3 -11 -3 -11 -3 -11 -3 -12 -2 -11 -2 -11 -2 -11 -2 -11 -2 -12 -2 -12 -1 -12 -2 -12 -1 -12 -1 -12 -1 -13 -1 -12 -1 -12 -1 -12 -1 -12 -1 -12 0 0 0 0 0 0 0 0 0 0 0]"
"1769236310145950,CSI_DATA,STATION,00:00:00:00:00:00,0,0,0,0,0,0,0,0,0,0,0,0,0,0,0,0,0,0,0,0,0,128,[84 -64 4 0 0 0 0 0 0 0 0 0 13 -6 13 -6 14 -5 14 -4 14 -4 14 -4 14 -3 14 -3 14 -3 14 -2 14 -2 14 -1 14 -1 14 -1 13 -1 13 -1 12 -1 13 -1 13 -1 13 -1 12 0 12 -1 13 -1 12 0 12 -1 12 -2 0 0 11 -2 12 -2 11 -2 12 -2 11 -2 12 -3 11 -3 11 -3 11 -3 11 -4 11 -4 11 -3 11 -3 11 -3 11 -5 11 -5 11 -5 11 -5 11 -5 11 -5 12 -5 11 -5 12 -5 11 -6 12 -6 11 -6 0 0 0 0 0 0 0 0 0 0]"
"1769236310150425,CSI_DATA,STATION,00:00:00:00:00:00,0,0,0,0,0,0,0,0,0,0,0,0,0,0,0,0,0,0,0,0,0,128,[84 -64 4 0 0 0 0 0 0 0 0 0 13 -2 13 -1 13 0 13 0 13 0 13 0 13 1 13 1 13 1 13 2 12 2 12 2 12 2 12 2 12 2 11 2 11 2 11 3 11 2 11 2 11 2 11 2 11 2 11 3 10 2 11 1 0 0 10 1 10 1 10 1 10 0 10 1 10 0 10 0 10 0 10 -1 10 -1 10 -1 10 -1 10 -1 11 -1 11 -2 10 -2 11 -2 11 -3 11 -3 11 -3 11 -3 11 -3 11 -3 11 -3 11 -4 11 -4 0 0 0 0 0 0 0 0 0 0]"
"1769236310154818,CSI_DATA,STATION,00:00:00:00:00:00,0,0,0,0,0,0,0,0,0,0,0,0,0,0,0,0,0,0,0,0,0,128,[84 -64 4 0 0 0 0 0 0 0 0 0 4 -14 5 -14 5 -14 6 -14 6 -14 7 -14 8 -13 8 -13 8 -13 8 -13 8 -13 8 -12 8 -12 8 -11 9 -11 8 -11 8 -11 8 -11 8 -11 8 -10 7 -10 8 -10 7 -10 7 -10 7 -10 7 -10 0 0 7 -10 6 -10 6 -10 6 -10 6 -11 6 -10 6 -10 5 -11 6 -11 5 -11 5 -11 4 -11 4 -11 5 -11 5 -12 4 -12 4 -12 4 -13 4 -12 4 -12 4 -12 4 -12 3 -13 3 -13 3 -13 3 -13 0 0 0 0 0 0 0 0 0 0]"
"1769236310161416,CSI_DATA,STATION,00:00:00:00:00:00,0,0,0,0,0,0,0,0,0,0,0,0,0,0,0,0,0,0,0,0,0,128,[84 -64 4 0 0 0 0 0 0 0 0 0 7 12 7 13 6 13 6 13 6 13 5 13 4 13 4 14 4 14 4 14 4 13 3 13 4 13 3 13 3 13 3 13 2 13 2 12 3 12 2 13 2 12 2 12 2 12 3 12 3 12 3 11 0 0 3 11 4 11 3 11 4 11 4 10 4 10 4 11 4 10 4 10 5 10 5 9 6 10 5 10 6 10 6 10 6 10 7 10 6 10 7 10 7 10 7 10 7 10 8 10 8 9 8 9 8 10 0 0 0 0 0 0 0 0 0 0]"
"1769236310165765,CSI_DATA,STATION,00:00:00:00:00:00,0,0,0,0,0,0,0,0,0,0,0,0,0,0,0,0,0,0,0,0,0,128,[84 -64 4 0 0 0 0 0 0 0 0 0 6 13 5 13 5 14 5 14 4 14 4 14 4 14 3 14 3 14 2 14 2 14 1 14 1 13 1 14 1 14 1 13 1 13 0 13 1 13 1 13 1 12 1 12 1 12 1 12 1 12 1 12 0 0 2 11 2 12 2 11 2 11 2 11 3 12 3 11 3 11 3 10 3 11 4 11 3 11 4 11 4 11 4 11 5 11 5 10 5 11 6 11 6 11 6 11 6 11 6 11 6 10 6 11 7 11 0 0 0 0 0 0 0 0 0 0]"
"1769236310172334,CSI_DATA,STATION,00:00:00:00:00:00,0,0,0,0,0,0,0,0,0,0,0,0,0,0,0,0,0,0,0,0,0,128,[84 -64 4 0 0 0 0 0 0 0 0 0 -15 -3 -15 -4 -15 -5 -15 -5 -15 -6 -15 -6 -14 -6 -14 -7 -13 -7 -14 -8 -14 -7 -13 -7 -13 -7 -13 -8 -13 -9 -12 -8 -12 -8 -12 -8 -12 -8 -11 -8 -11 -8 -11 -8 -11 -8 -11 -7 -11 -7 -11 -7 0 0 -11 -7 -11 -7 -11 -6 -11 -6 -11 -6 -11 -6 -11 -6 -11 -6 -11 -6 -11 -5 -12 -5 -12 -5 -11 -5 -12 -5 -12 -5 -12 -4 -12 -4 -12 -4 -12 -4 -13 -4 -13 -4 -13 -4 -13 -4 -14 -4 -13 -3 -13 -3 0 0 0 0 0 0 0 0 0 0]"
"1769236310176714,CSI_DATA,STATION,00:00:00:00:00:00,0,0,0,0,0,0,0,0,0,0,0,0,0,0,0,0,0,0,0,0,0,128,[84 -64 4 0 0 0 0 0 0 0 0 0 -13 9 -13 9 -13 8 -13 8 -13 7 -14 7 -13 7 -14 6 -14 6 -14 5 -14 5 -14 5 -14 4 -14 4 -14 4 -14 5 -13 4 -13 4 -13 4 -13 3 -12 3 -13 3 -13 4 -12 4 -12 3 -12 4 0 0 -12 4 -12 4 -11 4 -12 4 -11 5 -11 5 -11 5 -11 5 -11 6 -11 6 -11 6 -11 6 -11 6 -10 7 -10 7 -10 7 -10 7 -11 7 -10 8 -11 8 -10 9 -10 8 -10 8 -10 8 -10 8 -10 9 0 0 0 0 0 0 0 0 0 0]"
"1769236310181083,CSI_DATA,STATION,00:00:00:00:00:00,0,0,0,0,0,0,0,0,0,0,0,0,0,0,0,0,0,0,0,0,0,128,[84 -64 4 0 0 0 0 0 0 0 0 0 -14 0 -13 -1 -15 -1 -14 -2 -14 -3 -14 -3 -14 -3 -14 -3 -13 -3 -14 -4 -13 -4 -13 -4 -13 -5 -13 -5 -12 -5 -13 -4 -12 -5 -12 -4 -12 -5 -12 -5 -12 -5 -11 -5 -12 -4 -12 -5 -11 -4 -11 -3 0 0 -11 -3 -11 -3 -11 -3 -11 -2 -11 -3 -11 -3 -11 -2 -11 -2 -11 -2 -12 -2 -12 -1 -11 -1 -11 -1 -12 -1 -12 -1 -12 0 -12 0 -12 0 -12 0 -12 0 -12 1 -12 0 -13 1 -12 1 -12 1 -12 1 0 0 0 0 0 0 0 0 0 0]"
"1769236310187550,CSI_DATA,STATION,00:00:00:00:00:00,0,0,0,0,0,0,0,0,0,0,0,0,0,0,0,0,0,0,0,0,0,128,[84 -64 4 0 0 0 0 0 0 0 0 0 -8 -16 -7 -16 -6 -16 -7 -17 -5 -16 -6 -17 -5 -17 -4 -17 -4 -17 -4 -17 -4 -16 -3 -16 -3 -16 -3 -16 -3 -17 -3 -16 -2 -16 -2 -15 -3 -15 -2 -15 -2 -15 -2 -15 -3 -14 -2 -15 -3 -15 -3 -14 0 0 -3 -14 -4 -14 -4 -14 -3 -14 -4 -14 -4 -14 -4 -14 -5 -13 -5 -13 -6 -13 -6 -13 -6 -13 -6 -13 -7 -13 -7 -13 -7 -13 -7 -13 -7 -13 -7 -13 -7 -13 -8 -13 -8 -13 -9 -13 -9 -13 -9 -13 -9 -12 0 0 0 0 0 0 0 0 0 0]"
"1769236310191913,CSI_DATA,STATION,00:00:00:00:00:00,0,0,0,0,0,0,0,0,0,0,0,0,0,0,0,0,0,0,0,0,0,128,[84 -64 4 0 0 0 0 0 0 0 0 0 0 21 0 20 -1 21 -1 21 -2 21 -2 20 -3 20 -3 21 -4 20 -4 21 -5 20 -5 19 -5 19 -5 18 -6 18 -6 19 -6 17 -6 17 -6 17 -6 18 -5 17 -5 16 -5 17 -5 16 -5 16 -4 16 0 0 -4 16 -4 16 -3 15 -3 17 -3 16 -3 16 -2 16 -1 16 -2 16 -1 16 -1 16 0 16 0 16 0 16 0 16 1 16 1 16 2 16 2 16 2 16 2 17 2 17 3 17 3 17 3 17 3 17 0 0 0 0 0 0 0 0 0 0]"
"1769236310196276,CSI_DATA,STATION,00:00:00:00:00:00,0,0,0,0,0,0,0,0,0,0,0,0,0,0,0,0,0,0,0,0,0,128,[84 -64 4 0 0 0 0 0 0 0 0 0 -7 16 -7 16 -8 16 -8 15 -8 15 -9 14 -9 14 -10 14 -10 14 -11 13 -11 13 -11 12 -10 12 -11 12 -11 12 -11 12 -10 12 -11 12 -10 11 -10 11 -11 11 -10 11 -11 11 -10 11 -10 10 -9 11 0 0 -9 10 -8 10 -8 11 -9 11 -8 11 -8 11 -8 11 -8 11 -7 11 -7 12 -7 12 -7 12 -7 12 -6 12 -6 13 -6 13 -6 13 -6 13 -6 13 -6 13 -6 13 -6 13 -6 14 -5 14 -5 14 -5 14 0 0 0 0 0 0 0 0 0 0]"
"1769236310202794,CSI_DATA,STATION,00:00:00:00:00:00,0,0,0,0,0,0,0,0,0,0,0,0,0,0,0,0,0,0,0,0,0,128,[84 -64 4 0 0 0 0 0 0 0 0 0 6 17 6 18 5 18 5 18 4 18 4 18 4 19 3 18 3 18 1 18 1 18 1 18 1 17 0 17 1 17 1 17 1 16 0 17 0 17 1 16 0 16 1 16 0 16 0 16 0 15 1 15 0 0 1 15 2 15 2 15 2 15 3 15 3 15 3 14 4 15 4 14 4 14 4 14 4 15 4 15 5 14 5 14 6 14 7 15 7 14 7 14 7 14 7 14 8 14 7 14 7 14 7 15 8 14 0 0 0 0 0 0 0 0 0 0]"
"1769236310207172,CSI_DATA,STATION,00:00:00:00:00:00,0,0,0,0,0,0,0,0,0,0,0,0,0,0,0,0,0,0,0,0,0,128,[84 -64 4 0 0 0 0 0 0 0 0 0 11 -13 11 -13 11 -13 12 -12 12 -12 13 -11 13 -12 13 -11 13 -11 14 -10 13 -10 13 -9 13 -9 13 -9 13 -9 13 -8 13 -9 13 -9 13 -8 12 -8 12 -8 12 -8 12 -9 12 -8 11 -8 11 -8 0 0 11 -8 10 -9 10 -9 10 -9 10 -9 10 -9 9 -9 9 -10 9 -10 10 -11 9 -11 9 -11 9 -10 8 -11 8 -12 8 -12 8 -12 8 -12 8 -13 8 -12 8 -13 7 -13 8 -13 7 -13 8 -13 7 -13 0 0 0 0 0 0 0 0 0 0]"
"1769236310217924,CSI_DATA,STATION,00:00:00:00:00:00,0,0,0,0,0,0,0,0,0,0,0,0,0,0,0,0,0,0,0,0,0,128,[84 -64 4 0 0 0 0 0 0 0 0 0 13 0 13 0 14 2 13 1 13 2 13 2 13 3 13 3 13 3 13 4 13 3 12 4 12 4 12 4 12 4 12 4 11 4 11 4 11 5 11 4 11 4 11 4 11 4 11 4 11 3 10 3 0 0 11 3 10 3 10 2 11 2 10 3 10 2 11 2 11 2 10 2 11 1 11 1 11 1 11 1 11 1 11 0 11 0 11 0 11 0 11 0 11 0 11 0 11 0 12 -1 12 -1 12 -1 12 -1 0 0 0 0 0 0 0 0 0 0]"
"1769236310224454,CSI_DATA,STATION,00:00:00:00:00:00,0,0,0,0,0,0,0,0,0,0,0,0,0,0,0,0,0,0,0,0,0,128,[84 -64 4 0 0 0 0 0 0 0 0 0 7 -16 8 -16 8 -16 9 -15 9 -15 10 -14 10 -14 11 -14 11 -13 11 -13 10 -13 11 -12 11 -12 11 -12 11 -11 11 -11 11 -11 11 -11 11 -11 11 -10 11 -10 10 -10 10 -10 10 -11 10 -10 9 -11 0 0 9 -10 9 -10 8 -10 8 -11 8 -11 8 -11 8 -11 8 -11 8 -12 8 -12 8 -12 7 -12 7 -12 7 -12 7 -13 6 -13 6 -13 7 -13 6 -13 7 -13 7 -14 6 -13 6 -14 5 -14 6 -14 5 -15 0 0 0 0 0 0 0 0 0 0]"
"1769236310230994,CSI_DATA,STATION,00:00:00:00:00:00,0,0,0,0,0,0,0,0,0,0,0,0,0,0,0,0,0,0,0,0,0,128,[84 -64 4 0 0 0 0 0 0 0 0 0 -13 4 -14 3 -14 3 -14 3 -14 2 -14 2 -14 1 -14 1 -14 1 -14 0 -14 0 -14 0 -13 0 -14 0 -14 0 -13 0 -13 -1 -13 -1 -13 -1 -13 -1 -13 -1 -12 -1 -13 0 -12 0 -12 0 -12 0 0 0 -12 0 -12 0 -11 1 -12 1 -12 1 -11 1 -11 1 -12 2 -11 2 -12 2 -12 3 -11 2 -11 3 -11 3 -11 3 -12 4 -11 4 -11 4 -11 4 -11 4 -11 5 -11 5 -11 5 -11 5 -11 5 -11 6 0 0 0 0 0 0 0 0 0 0]"
"1769236310235354,CSI_DATA,STATION,00:00:00:00:00:00,0,0,0,0,0,0,0,0,0,0,0,0,0,0,0,0,0,0,0,0,0,128,[84 -64 4 0 0 0 0 0 0 0 0 0 -1 -16 0 -16 0 -16 0 -16 1 -16 1 -16 2 -16 3 -16 3 -15 3 -15 3 -15 3 -16 3 -15 3 -15 4 -14 3 -14 4 -14 4 -14 4 -14 3 -14 3 -14 4 -13 3 -13 3 -13 2 -13 3 -13 0 0 2 -13 2 -13 2 -13 2 -13 1 -13 1 -13 1 -13 1 -13 0 -13 0 -13 -1 -13 -1 -13 -1 -13 -1 -13 -1 -13 -2 -14 -2 -13 -2 -14 -2 -14 -2 -14 -3 -14 -2 -13 -3 -13 -4 -14 -4 -14 -3 -14 0 0 0 0 0 0 0 0 0 0]"
"1769236310241874,CSI_DATA,STATION,00:00:00:00:00:00,0,0,0,0,0,0,0,0,0,0,0,0,0,0,0,0,0,0,0,0,0,128,[84 -64 4 0 0 0 0 0 0 0 0 0 8 -14 9 -14 9 -13 9 -13 10 -13 10 -12 10 -12 11 -11 11 -11 11 -10 11 -11 11 -10 11 -10 11 -10 11 -9 11 -9 11 -9 11 -9 11 -9 11 -8 10 -8 10 -8 10 -8 10 -8 10 -8 10 -9 0 0 9 -9 9 -9 9 -9 9 -9 9 -9 8 -9 8 -9 8 -10 8 -9 8 -10 8 -10 8 -10 7 -10 7 -10 7 -11 7 -11 6 -12 7 -12 7 -12 7 -11 7 -12 6 -11 6 -12 6 -12 6 -12 6 -13 0 0 0 0 0 0 0 0 0 0]"
