"1769237486632936,CSI_DATA,STATION,00:00:00:00:00:00,0,0,0,0,0,0,0,0,0,0,0,0,0,0,0,0,0,0,0,0,0,128,[84 -64 4 0 0 0 0 0 0 0 0 0 -3 -18 -2 -19 -2 -19 -1 -19 0 -18 0 -19 1 -18 1 -18 2 -18 2 -18 2 -18 2 -18 2 -17 3 -17 3 -17 3 -17 3 -16 3 -16 3 -1 -3 -15 -4 -15 -4 -15 -4 -15 0 0 0 0 0 0 0 0 0 0]"
"1769237486639659,CSI_DATA,STATION,00:00:00:00:00:00,0,0,0,0,0,0,0,0,0,0,0,0,0,0,0,0,0,0,0,0,0,128,[84 -64 4 0 0 0 0 0 0 0 0 0 11 -11 11 -11 11 -10 11 -10 11 -9 12 -9 12 -8 12 -8 13 -8 13 -8 12 -7 13 -7 12 -7 12 -7 13 -6 12 -6 12 -6 12 -6 12 -6 12 -5 11 -6 12 -6 11 -6 11 -6 11 -6 11 -6 0 0 10 -6 10 -6 10 -6 10 -6 10 -7 10 -7 9 -6 9 -7 9 -8 9 -8 9 -8 9 -8 9 -8 9 -8 9 -8 9 -9 8 -9 8 -9 9 -9 8 -9 8 -10 8 -9 8 -10 7 -10 8 -10 8 -11 0 0 0 0 0 0 0 0 0 0]"
"1769237486643967,CSI_DATA,STATION,00:00:00:00:00:00,0,0,0,0,0,0,0,0,0,0,0,0,0,0,0,0,0,0,0,0,0,128,[84 -64 4 0 0 0 0 0 0 0 0 0 12 -10 12 -10 12 -9 13 -9 13 -8 13 -8 13 -7 14 -7 13 -7 13 -6 13 -6 13 -6 13 -5 13 -6 13 -6 13 -6 13 -6 12 -5 12 -5 13 -5 12 -5 12 -5 12 -5 12 -5 11 -5 11 -5 0 0 11 -6 11 -6 11 -6 11 -6 10 -6 10 -6 10 -6 10 -7 10 -7 10 -7 10 -7 10 -7 10 -7 10 -8 9 -9 9 -9 9 -8 9 -9 9 -9 9 -9 9 -9 9 -9 9 -9 8 -10 9 -10 9 -10 0 0 0 0 0 0 0 0 0 0]"
"1769237486650291,CSI_DATA,STATION,00:00:00:00:00:00,0,0,0,0,0,0,0,0,0,0,0,0,0,0,0,0,0,0,0,0,0,128,[84 -64 4 0 0 0 0 0 0 0 0 0 -14 -8 -14 -9 -14 -9 -13 -9 -13 -10 -13 -10 -12 -10 -12 -11 -12 -11 -12 -12 -11 -11 -11 -11 -11 -12 -11 -12 -10 -12 -10 -11 -10 -11 -10 -11 -9 -11 -10 -12 -10 -11 -10 -11 -9 -10 -10 -10 -9 -10 -10 -10 0 0 -9 -9 -10 -9 -10 -9 -9 -9 -10 -8 -10 -9 -10 -8 -11 -8 -10 -8 -11 -8 -11 -7 -11 -8 -11 -7 -11 -7 -12 -7 -12 -6 -12 -7 -12 -7 -12 -6 -12 -7 -12 -7 -12 -6 -13 -7 -13 -6 -13 -6 -13 -6 0 0 0 0 0 0 0 0 0 0]"
"1769237486654527,CSI_DATA,STATION,00:00:00:00:00:00,0,0,0,0,0,0,0,0,0,0,0,0,0,0,0,0,0,0,0,0,0,128,[84 -64 4 0 0 0 0 0 0 0 0 0 -10 11 -11 11 -12 10 -12 10 -12 10 -13 10 -12 9 -13 9 -13 8 -14 8 -13 8 -13 7 -14 7 -13 7 -13 7 -13 7 -13 7 -13 7 -13 6 -13 6 -12 6 -12 6 -12 6 -12 6 -11 6 -12 7 0 0 -11 7 -10 7 -10 7 -11 7 -10 7 -10 8 -10 8 -9 8 -9 8 -9 8 -10 9 -9 8 -9 8 -9 9 -9 9 -9 9 -8 10 -8 10 -8 10 -8 10 -8 10 -8 10 -8 11 -8 11 -8 11 -7 11 0 0 0 0 0 0 0 0 0 0]"
"1769237486660915,CSI_DATA,STATION,00:00:00:00:00:00,0,0,0,0,0,0,0,0,0,0,0,0,0,0,0,0,0,0,0,0,0,128,[84 -64 4 0 0 0 0 0 0 0 0 0 13 5 12 6 12 6 13 7 12 7 11 8 11 7 11 8 11 8 10 9 11 8 10 8 10 9 10 8 9 9 9 8 9 9 9 8 9 8 9 9 9 8 8 8 9 8 9 8 8 8 8 7 0 0 9 7 8 7 9 7 8 6 9 7 9 6 9 6 9 6 9 5 10 5 9 5 10 6 9 5 10 5 10 5 10 5 10 4 10 4 11 4 10 4 11 4 11 4 11 4 11 4 11 4 11 3 0 0 0 0 0 0 0 0 0 0]"
"1769237486665292,CSI_DATA,STATION,00:00:00:00:00:00,0,0,0,0,0,0,0,0,0,0,0,0,0,0,0,0,0,0,0,0,0,128,[84 -64 4 0 0 0 0 0 0 0 0 0 -8 -13 -8 -14 -7 -13 -7 -14 -6 -14 -6 -14 -6 -14 -5 -15 -4 -15 -4 -14 -4 -14 -4 -14 -4 -14 -4 -14 -4 -14 -3 -14 -3 -14 -3 -13 -3 -14 -3 -14 -3 -13 -3 -13 -3 -13 -3 -13 -3 -13 -3 -12 0 0 -4 -12 -4 -12 -4 -12 -4 -12 -4 -12 -4 -12 -5 -11 -5 -11 -5 -11 -5 -11 -6 -11 -6 -11 -6 -11 -6 -11 -6 -11 -6 -11 -7 -11 -7 -11 -7 -11 -7 -11 -7 -11 -7 -11 -7 -11 -8 -11 -8 -11 -8 -11 0 0 0 0 0 0 0 0 0 0]"
"1769237486669711,CSI_DATA,STATION,00:00:00:00:00:00,0,0,0,0,0,0,0,0,0,0,0,0,0,0,0,0,0,0,0,0,0,128,[84 -64 4 0 0 0 0 0 0 0 0 0 -6 -13 -5 -13 -5 -13 -4 -13 -4 -14 -4 -13 -3 -13 -3 -14 -2 -14 -3 -14 -2 -13 -2 -13 -2 -13 -2 -13 -1 -13 -1 -13 -1 -12 -1 -12 -1 -12 -1 -13 -1 -12 -1 -12 -1 -12 -2 -12 -2 -12 -2 -11 0 0 -2 -11 -2 -12 -2 -11 -2 -12 -3 -11 -3 -11 -3 -11 -4 -11 -4 -11 -4 -11 -4 -11 -4 -11 -5 -10 -5 -10 -5 -11 -5 -10 -5 -11 -5 -11 -6 -11 -5 -11 -6 -10 -6 -10 -6 -11 -6 -10 -6 -10 -6 -10 0 0 0 0 0 0 0 0 0 0]"
"1769237486676280,CSI_DATA,STATION,00:00:00:00:00:00,0,0,0,0,0,0,0,0,0,0,0,0,0,0,0,0,0,0,0,0,0,128,[84 -64 4 0 0 0 0 0 0 0 0 0 0 16 -1 16 -1 16 -2 16 -2 16 -3 15 -4 16 -4 16 -4 15 -5 15 -4 16 -5 15 -5 14 -5 15 -6 14 -5 14 -5 13 -6 14 -5 14 -5 13 -5 13 -5 13 -5 13 -5 13 -4 13 -4 13 0 0 -4 12 -3 13 -3 13 -3 13 -3 13 -3 13 -3 13 -2 13 -2 12 -2 13 -1 13 -1 13 -1 13 -1 13 0 13 0 13 0 13 0 13 0 13 1 14 1 14 1 13 1 13 2 13 2 14 2 14 0 0 0 0 0 0 0 0 0 0]"
"1769237486685077,CSI_DATA,STATION,00:00:00:00:00:00,0,0,0,0,0,0,0,0,0,0,0,0,0,0,0,0,0,0,0,0,0,128,[84 -64 4 0 0 0 0 0 0 0 0 0 -15 6 -15 6 -15 5 -16 5 -15 4 -16 4 -15 3 -16 3 -15 2 -16 2 -15 2 -15 2 -15 1 -15 2 -15 1 -15 1 -15 0 -14 0 -15 0 -14 0 -14 1 -14 0 -13 0 -14 0 -14 1 -14 1 0 0 -13 1 -13 1 -13 1 -13 2 -13 2 -13 2 -13 2 -13 2 -13 2 -13 3 -13 3 -13 3 -13 3 -13 4 -13 3 -13 4 -12 4 -13 5 -13 4 -13 5 -13 5 -13 4 -13 5 -13 5 -13 5 -13 6 0 0 0 0 0 0 0 0 0 0]"
"1769237486691538,CSI_DATA,STATION,00:00:00:00:00:00,0,0,0,0,0,0,0,0,0,0,0,0,0,0,0,0,0,0,0,0,0,128,[84 -64 4 0 0 0 0 0 0 0 0 0 -11 -10 -11 -10 -11 -10 -11 -11 -10 -11 -10 -11 -9 -11 -9 -12 -9 -12 -8 -13 -9 -12 -8 -12 -8 -12 -8 -12 -7 -12 -7 -11 -7 -12 -7 -12 -7 -12 -7 -12 -7 -11 -7 -11 -7 -11 -7 -11 -7 -11 -7 -10 0 0 -7 -10 -7 -10 -8 -10 -7 -10 -8 -10 -8 -10 -8 -9 -9 -10 -9 -9 -9 -9 -9 -9 -9 -9 -9 -8 -9 -9 -9 -8 -10 -8 -10 -8 -10 -8 -10 -8 -10 -8 -10 -8 -11 -7 -11 -8 -11 -8 -11 -7 -11 -7 0 0 0 0 0 0 0 0 0 0]"
"1769237486695860,CSI_DATA,STATION,00:00:00:00:00:00,0,0,0,0,0,0,0,0,0,0,0,0,0,0,0,0,0,0,0,0,0,128,[84 -64 4 0 0 0 0 0 0 0 0 0 8 -14 9 -13 9 -12 10 -12 10 -12 11 -12 11 -11 11 -11 11 -11 12 -10 12 -10 12 -10 12 -10 12 -9 12 -9 12 -9 12 -9 11 -9 12 -9 11 -8 11 -9 11 -8 11 -8 11 -8 11 -8 11 -9 0 0 10 -9 10 -8 10 -9 10 -9 9 -9 9 -9 9 -9 9 -10 9 -10 8 -10 8 -10 8 -10 8 -10 8 -10 8 -11 8 -11 8 -11 7 -12 7 -12 8 -12 7 -12 7 -11 7 -12 7 -12 7 -12 7 -13 0 0 0 0 0 0 0 0 0 0]"
"1769237486702407,CSI_DATA,STATION,00:00:00:00:00:00,0,0,0,0,0,0,0,0,0,0,0,0,0,0,0,0,0,0,0,0,0,128,[84 -64 4 0 0 0 0 0 0 0 0 0 -16 -3 -16 -4 -15 -4 -16 -5 -15 -5 -16 -6 -15 -6 -15 -6 -15 -6 -15 -7 -15 -7 -14 -7 -14 -8 -13 -8 -14 -8 -13 -7 -13 -8 -13 -8 -14 -8 -13 -7 -13 -7 -13 -7 -13 -7 -13 -7 -12 -7 -13 -6 0 0 -13 -6 -12 -5 -13 -5 -12 -5 -14 -6 -13 -5 -13 -4 -13 -4 -13 -4 -13 -4 -14 -4 -13 -4 -13 -4 -14 -3 -13 -2 -14 -2 -14 -3 -15 -2 -15 -2 -14 -2 -14 -1 -14 -1 -14 -2 -15 -2 -14 -1 -15 -1 0 0 0 0 0 0 0 0 0 0]"
"1769237486708894,CSI_DATA,STATION,00:00:00:00:00:00,0,0,0,0,0,0,0,0,0,0,0,0,0,0,0,0,0,0,0,0,0,128,[84 -64 4 0 0 0 0 0 0 0 0 0 -15 3 -15 2 -15 2 -15 1 -15 1 -15 1 -15 0 -15 0 -15 0 -15 -1 -15 0 -14 -1 -14 -1 -15 -2 -14 -1 -14 -1 -13 -2 -14 -2 -13 -2 -13 -2 -13 -2 -13 -2 -13 -2 -13 -2 -13 -1 -13 -1 0 0 -12 -1 -13 -1 -12 0 -13 0 -13 0 -12 0 -12 0 -12 0 -12 1 -12 1 -13 2 -13 1 -13 2 -12 1 -13 2 -13 2 -13 2 -13 2 -13 3 -13 3 -13 3 -13 3 -13 3 -13 3 -13 4 -13 4 0 0 0 0 0 0 0 0 0 0]"
"1769237486713212,CSI_DATA,STATION,00:00:00:00:00:00,0,0,0,0,0,0,0,0,0,0,0,0,0,0,0,0,0,0,0,0,0,128,[84 -64 4 0 0 0 0 0 0 0 0 0 5 -13 6 -14 6 -13 7 -13 7 -13 8 -13 8 -12 9 -12 9 -12 9 -11 8 -11 9 -11 9 -11 9 -11 9 -11 9 -10 9 -10 9 -11 9 -10 9 -10 8 -10 8 -10 8 -10 8 -10 7 -10 7 -10 0 0 7 -10 7 -10 6 -10 6 -10 7 -10 6 -10 6 -10 6 -11 6 -11 6 -11 5 -11 5 -11 4 -12 5 -12 4 -12 4 -12 4 -12 4 -12 4 -12 4 -12 4 -12 3 -13 4 -13 3 -13 3 -13 3 -13 0 0 0 0 0 0 0 0 0 0]"
"1769237486719651,CSI_DATA,STATION,00:00:00:00:00:00,0,0,0,0,0,0,0,0,0,0,0,0,0,0,0,0,0,0,0,0,0,128,[84 -64 4 0 0 0 0 0 0 0 0 0 5 -16 6 -15 6 -15 7 -15 7 -15 7 -15 8 -14 9 -14 8 -14 9 -13 10 -13 10 -13 9 -13 9 -12 9 -12 9 -12 9 -12 9 -12 9 -12 9 -11 9 -11 9 -12 9 -11 9 -11 8 -11 8 -11 0 0 8 -11 7 -11 7 -11 7 -11 7 -12 7 -12 6 -12 7 -12 6 -12 6 -13 6 -13 6 -12 6 -12 6 -13 5 -13 5 -13 5 -14 5 -14 4 -14 4 -14 4 -14 4 -14 4 -14 4 -14 4 -15 4 -15 0 0 0 0 0 0 0 0 0 0]"
"1769237486723962,CSI_DATA,STATION,00:00:00:00:00:00,0,0,0,0,0,0,0,0,0,0,0,0,0,0,0,0,0,0,0,0,0,128,[84 -64 4 0 0 0 0 0 0 0 0 0 -7 -14 -6 -13 -6 -14 -5 -14 -5 -14 -4 -15 -4 -14 -4 -15 -3 -15 -3 -15 -3 -15 -3 -14 -3 -14 -3 -14 -2 -14 -2 -14 -2 -14 -1 -14 -2 -14 -1 -14 -2 -13 -2 -13 -2 -13 -2 -13 -3 -13 -2 -13 0 0 -2 -13 -3 -12 -3 -12 -3 -13 -3 -12 -3 -13 -4 -12 -4 -12 -4 -12 -4 -12 -5 -12 -5 -12 -5 -12 -5 -12 -5 -12 -5 -12 -6 -12 -6 -12 -6 -13 -6 -12 -6 -12 -6 -12 -7 -12 -7 -12 -7 -12 -7 -12 0 0 0 0 0 0 0 0 0 0]"
"1769237486730437,CSI_DATA,STATION,00:00:00:00:00:00,0,0,0,0,0,0,0,0,0,0,0,0,0,0,0,0,0,0,0,0,0,128,[84 -64 4 0 0 0 0 0 0 0 0 0 -7 12 -8 12 -8 12 -9 12 -9 11 -10 10 -10 11 -11 10 -10 9 -11 10 -10 10 -10 9 -11 9 -11 9 -11 8 -11 9 -11 9 -11 8 -11 7 -11 7 -11 7 -10 7 -10 8 -10 8 -10 8 -10 8 0 0 -10 8 -10 7 -9 8 -10 8 -9 8 -9 8 -9 8 -9 8 -9 8 -9 9 -8 9 -9 9 -8 9 -8 10 -9 9 -8 10 -7 10 -7 10 -8 10 -8 10 -8 10 -8 10 -8 11 -7 11 -8 11 -7 11 0 0 0 0 0 0 0 0 0 0]"
"1769237486734821,CSI_DATA,STATION,00:00:00:00:00:00,0,0,0,0,0,0,0,0,0,0,0,0,0,0,0,0,0,0,0,0,0,128,[84 -64 4 0 0 0 0 0 0 0 0 0 9 12 9 13 8 13 8 14 7 13 7 14 6 14 5 15 5 15 5 14 6 14 5 14 5 14 4 14 4 15 4 14 3 14 3 13 4 14 3 14 3 14 3 14 3 13 4 13 4 13 4 13 0 0 3 13 4 13 4 13 4 12 4 12 4 12 5 12 5 12 5 12 5 12 6 12 6 12 6 12 7 12 6 12 7 12 7 11 7 11 7 12 7 11 8 12 8 12 8 12 8 12 8 12 8 12 0 0 0 0 0 0 0 0 0 0]"
"1769237486739284,CSI_DATA,STATION,00:00:00:00:00:00,0,0,0,0,0,0,0,0,0,0,0,0,0,0,0,0,0,0,0,0,0,128,[84 -64 4 0 0 0 0 0 0 0 0 0 2 -14 3 -14 3 -15 4 -14 4 -14 5 -14 5 -14 5 -14 6 -13 6 -14 6 -13 6 -13 6 -13 6 -12 6 -12 7 -12 7 -12 7 -12 7 -12 6 -11 6 -11 6 -11 6 -11 6 -12 5 -11 5 -11 0 0 5 -11 5 -11 5 -11 4 -11 5 -11 4 -12 4 -11 4 -12 4 -12 4 -12 4 -12 3 -12 3 -12 3 -12 3 -13 3 -13 3 -13 2 -13 2 -13 2 -13 2 -13 2 -13 1 -13 2 -13 2 -13 1 -13 0 0 0 0 0 0 0 0 0 0]"
"1769237486745668,CSI_DATA,STATION,00:00:00:00:00:00,0,0,0,0,0,0,0,0,0,0,0,0,0,0,0,0,0,0,0,0,0,128,[84 -64 4 0 0 0 0 0 0 0 0 0 -11 -7 -11 -8 -10 -8 -10 -9 -9 -9 -10 -10 -9 -9 -9 -10 -8 -10 -8 -10 -9 -10 -8 -10 -8 -10 -8 -10 -8 -10 -7 -10 -8 -10 -7 -10 -7 -10 -7 -10 -7 -10 -7 -10 -7 -9 -8 -9 -7 -9 -7 -9 0 0 -7 -9 -7 -9 -8 -9 -7 -8 -8 -8 -7 -8 -8 -8 -8 -8 -8 -8 -8 -8 -9 -7 -9 -7 -9 -7 -9 -8 -9 -7 -10 -7 -9 -7 -10 -7 -10 -7 -10 -7 -10 -7 -10 -7 -10 -6 -11 -7 -11 -7 -11 -6 0 0 0 0 0 0 0 0 0 0]"
"1769237486749909,CSI_DATA,STATION,00:00:00:00:00:00,0,0,0,0,0,0,0,0,0,0,0,0,0,0,0,0,0,0,0,0,0,128,[84 -64 4 0 0 0 0 0 0 0 0 0 5 -13 5 -13 5 -13 6 -13 7 -13 7 -13 7 -12 8 -12 8 -12 8 -12 8 -12 9 -11 9 -11 9 -10 8 -10 8 -10 9 -10 9 -11 8 -10 9 -9 8 -9 8 -9 8 -10 8 -10 8 -9 8 -10 0 0 7 -10 7 -9 7 -9 7 -10 7 -10 7 -10 6 -10 7 -10 6 -10 7 -11 6 -11 6 -11 6 -11 6 -11 6 -11 6 -11 6 -12 5 -12 5 -12 5 -12 6 -12 5 -12 5 -12 5 -12 5 -13 5 -12 0 0 0 0 0 0 0 0 0 0]"
"1769237486756325,CSI_DATA,STATION,00:00:00:00:00:00,0,0,0,0,0,0,0,0,0,0,0,0,0,0,0,0,0,0,0,0,0,128,[84 -64 4 0 0 0 0 0 0 0 0 0 11 -3 12 -3 11 -2 12 -2 12 -2 12 -1 12 0 12 -1 12 0 11 0 12 0 12 0 11 0 12 1 12 1 11 1 11 1 10 1 11 1 11 1 11 1 10 1 10 1 11 1 10 0 10 0 0 0 10 0 10 0 10 1 10 0 10 0 10 0 10 -1 10 -1 10 -1 10 -1 10 -2 10 -1 11 -2 11 -1 10 -2 11 -2 10 -2 11 -3 11 -2 10 -3 11 -3 10 -2 10 -3 11 -3 11 -4 11 -4 0 0 0 0 0 0 0 0 0 0]"
"1769237486760620,CSI_DATA,STATION,00:00:00:00:00:00,0,0,0,0,0,0,0,0,0,0,0,0,0,0,0,0,0,0,0,0,0,128,[84 -64 4 0 0 0 0 0 0 0 0 0 6 -14 8 -13 8 -13 8 -13 8 -13 9 -13 10 -12 10 -12 10 -11 10 -11 10 -12 10 -11 10 -11 10 -11 10 -11 10 -10 10 -10 10 -10 10 -10 10 -9 10 -10 10 -9 10 -10 10 -10 9 -10 9 -10 0 0 9 -10 8 -10 8 -10 8 -10 9 -10 8 -10 8 -10 8 -11 8 -11 7 -11 7 -12 7 -11 7 -11 7 -12 7 -12 7 -13 6 -12 6 -12 6 -13 6 -13 6 -13 7 -12 6 -13 5 -13 5 -14 5 -14 0 0 0 0 0 0 0 0 0 0]"
"1769237486764899,CSI_DATA,STATION,00:00:00:00:00:00,0,0,0,0,0,0,0,0,0,0,0,0,0,0,0,0,0,0,0,0,0,128,[84 -64 4 0 0 0 0 0 0 0 0 0 -14 -2 -14 -3 -14 -3 -14 -4 -13 -4 -14 -4 -13 -4 -13 -4 -13 -4 -13 -6 -13 -6 -12 -5 -12 -6 -12 -6 -12 -6 -12 -6 -12 -6 -12 -6 -12 -6 -11 -6 -12 -6 -11 -5 -12 -5 -11 -6 -11 -5 -11 -5 0 0 -12 -5 -11 -4 -11 -4 -11 -4 -12 -4 -11 -4 -12 -4 -12 -3 -12 -3 -12 -3 -12 -3 -12 -3 -12 -3 -12 -2 -12 -2 -12 -2 -13 -2 -13 -2 -13 -1 -13 -1 -13 -1 -13 -1 -13 -1 -13 -1 -13 -1 -13 0 0 0 0 0 0 0 0 0 0 0]"
"1769237486771340,CSI_DATA,STATION,00:00:00:00:00:00,0,0,0,0,0,0,0,0,0,0,0,0,0,0,0,0,0,0,0,0,0,128,[84 -64 4 0 0 0 0 0 0 0 0 0 1 -14 2 -14 2 -13 2 -13 3 -14 4 -13 4 -13 4 -13 4 -13 5 -13 5 -12 5 -12 5 -12 5 -12 5 -12 5 -12 6 -12 6 -12 5 -12 5 -11 5 -11 5 -11 6 -11 5 -11 5 -11 5 -11 0 0 5 -11 4 -11 4 -11 4 -11 4 -11 4 -11 3 -11 3 -11 4 -11 3 -11 3 -12 3 -11 3 -12 3 -12 2 -12 2 -12 2 -12 2 -13 2 -13 2 -12 2 -13 2 -13 2 -13 1 -13 2 -13 1 -13 0 0 0 0 0 0 0 0 0 0]"
"1769237486775656,CSI_DATA,STATION,00:00:00:00:00:00,0,0,0,0,0,0,0,0,0,0,0,0,0,0,0,0,0,0,0,0,0,128,[84 -64 4 0 0 0 0 0 0 0 0 0 -3 13 -4 12 -4 12 -4 12 -5 12 -5 12 -6 12 -6 11 -6 11 -7 11 -6 12 -7 11 -7 11 -7 10 -7 10 -7 10 -7 10 -7 10 -7 10 -7 9 -7 9 -7 9 -7 10 -6 10 -6 9 -6 10 0 0 -6 10 -6 9 -6 10 -5 9 -5 10 -5 9 -5 9 -5 10 -5 10 -5 10 -4 10 -5 11 -4 11 -4 11 -4 11 -4 11 -3 11 -4 11 -3 11 -3 11 -3 12 -3 11 -3 12 -3 12 -3 12 -3 12 0 0 0 0 0 0 0 0 0 0]"
"1769237486782155,CSI_DATA,STATION,00:00:00:00:00:00,0,0,0,0,0,0,0,0,0,0,0,0,0,0,0,0,0,0,0,0,0,128,[84 -64 4 0 0 0 0 0 0 0 0 0 13 3 13 3 13 3 13 4 13 5 13 5 13 5 13 6 12 6 12 6 12 6 11 6 12 7 11 7 11 7 11 7 11 7 11 6 11 7 10 7 11 7 11 7 10 6 11 7 10 7 11 6 0 0 10 6 10 5 11 6 10 5 11 6 11 5 11 5 11 5 11 4 11 4 11 4 11 4 12 4 12 4 12 3 12 3 12 3 13 3 13 3 12 3 12 3 12 3 13 3 13 2 13 2 13 2 0 0 0 0 0 0 0 0 0 0]"
"1769237486786474,CSI_DATA,STATION,00:00:00:00:00:00,0,0,0,0,0,0,0,0,0,0,0,0,0,0,0,0,0,0,0,0,0,128,[84 -64 4 0 0 0 0 0 0 0 0 0 -11 9 -10 9 -11 8 -12 8 -12 8 -12 7 -12 7 -12 6 -13 7 -13 6 -13 6 -13 5 -13 5 -13 5 -13 5 -13 5 -12 5 -12 5 -12 4 -13 4 -12 4 -12 5 -13 4 -12 5 -12 5 -12 5 0 0 -11 5 -11 5 -11 5 -11 5 -11 6 -11 5 -11 6 -11 6 -11 6 -11 7 -11 7 -11 7 -10 7 -10 8 -11 7 -10 8 -10 8 -10 8 -10 9 -10 8 -10 8 -10 9 -10 9 -10 9 -10 9 -10 9 0 0 0 0 0 0 0 0 0 0]"
"1769237486790805,CSI_DATA,STATION,00:00:00:00:00:00,0,0,0,0,0,0,0,0,0,0,0,0,0,0,0,0,0,0,0,0,0,128,[84 -64 4 0 0 0 0 0 0 0 0 0 -14 2 -14 2 -15 2 -15 1 -14 1 -14 1 -14 0 -15 -1 -14 -1 -14 -1 -15 -1 -14 -2 -14 -2 -14 -2 -14 -2 -14 -2 -13 -2 -13 -2 -13 -3 -13 -3 -13 -3 -13 -3 -13 -2 -13 -2 -13 -2 -13 -2 0 0 -12 -1 -12 -1 -12 -1 -13 -1 -13 -1 -13 -1 -12 -1 -13 -1 -12 0 -13 0 -13 0 -13 0 -12 1 -13 0 -13 1 -13 1 -13 1 -13 1 -13 2 -13 2 -13 2 -13 2 -13 2 -14 2 -13 2 -13 2 0 0 0 0 0 0 0 0 0 0]"
"1769237486797338,CSI_DATA,STATION,00:00:00:00:00:00,0,0,0,0,0,0,0,0,0,0,0,0,0,0,0,0,0,0,0,0,0,128,[84 -64 4 0 0 0 0 0 0 0 0 0 -4 -14 -3 -14 -2 -14 -2 -14 -2 -14 -2 -14 -1 -14 -1 -14 0 -14 0 -15 0 -14 0 -14 1 -14 1 -13 0 -13 1 -13 1 -13 1 -13 1 -13 1 -13 1 -13 1 -13 1 -13 1 -12 0 -13 0 -13 0 0 0 -12 0 -12 0 -12 -1 -12 0 -12 -1 -12 -1 -12 -1 -12 -1 -12 -1 -13 -2 -12 -2 -12 -3 -12 -3 -13 -3 -13 -2 -13 -3 -13 -3 -13 -3 -13 -3 -13 -4 -13 -4 -13 -4 -13 -4 -13 -4 -13 -4 -13 0 0 0 0 0 0 0 0 0 0]"
"1769237486801657,CSI_DATA,STATION,00:00:00:00:00:00,0,0,0,0,0,0,0,0,0,0,0,0,0,0,0,0,0,0,0,0,0,128,[84 -64 4 0 0 0 0 0 0 0 0 0 8 -11 8 -11 8 -10 9 -10 10 -10 10 -10 10 -9 10 -9 10 -9 11 -8 10 -9 10 -8 10 -8 10 -7 11 -7 11 -7 10 -7 11 -7 10 -6 11 -6 10 -6 10 -7 10 -7 10 -7 10 -7 9 -7 0 0 9 -7 10 -6 9 -7 9 -7 9 -7 9 -7 9 -7 9 -8 9 -8 9 -8 8 -8 8 -8 8 -8 9 -8 9 -9 8 -9 9 -9 8 -9 8 -9 8 -10 8 -9 8 -9 8 -10 8 -10 8 -10 8 -11 0 0 0 0 0 0 0 0 0 0]"
"1769237486808128,CSI_DATA,STATION,00:00:00:00:00:00,0,0,0,0,0,0,0,0,0,0,0,0,0,0,0,0,0,0,0,0,0,128,[84 -64 4 0 0 0 0 0 0 0 0 0 -5 13 -6 14 -6 13 -7 13 -7 13 -8 13 -8 13 -8 12 -8 12 -9 12 -9 12 -9 11 -10 11 -9 11 -9 11 -9 11 -10 11 -9 11 -9 11 -9 10 -9 10 -9 10 -9 10 -9 10 -8 10 -8 10 0 0 -8 10 -7 10 -7 10 -7 10 -7 11 -7 11 -6 11 -7 11 -6 11 -6 11 -6 12 -6 11 -6 12 -6 12 -6 12 -5 12 -5 12 -5 12 -5 13 -5 12 -5 13 -4 13 -4 13 -4 13 -4 13 -4 13 0 0 0 0 0 0 0 0 0 0]"
"1769237486812441,CSI_DATA,STATION,00:00:00:00:00:00,0,0,0,0,0,0,0,0,0,0,0,0,0,0,0,0,0,0,0,0,0,128,[84 -64 4 0 0 0 0 0 0 0 0 0 13 1 13 2 12 3 12 3 12 3 12 4 12 4 12 5 11 5 11 5 12 4 12 5 11 5 11 5 11 6 10 5 10 6 11 5 11 6 10 6 10 6 10 6 10 5 11 5 10 5 10 4 0 0 10 4 9 4 10 4 10 4 10 4 10 4 10 4 10 4 10 3 10 3 10 3 11 3 11 3 11 2 11 2 11 2 11 2 11 2 12 2 11 2 11 2 11 2 11 1 12 1 12 1 12 0 0 0 0 0 0 0 0 0 0 0]"
"1769237486816736,CSI_DATA,STATION,00:00:00:00:00:00,0,0,0,0,0,0,0,0,0,0,0,0,0,0,0,0,0,0,0,0,0,128,[84 -64 4 0 0 0 0 0 0 0 0 0 12 1 12 2 12 2 12 3 12 3 12 4 12 4 12 5 12 4 11 5 12 5 11 5 11 5 11 5 11 5 11 5 10 5 10 6 10 5 10 5 10 5 10 5 10 5 10 5 10 5 10 4 0 0 10 4 9 4 10 4 10 4 10 4 10 4 10 3 10 3 10 3 10 3 10 3 10 3 11 3 11 2 11 2 11 2 11 2 11 1 11 1 11 1 11 1 11 1 12 1 12 1 12 0 12 0 0 0 0 0 0 0 0 0 0 0]"
"1769237486823185,CSI_DATA,STATION,00:00:00:00:00:00,0,0,0,0,0,0,0,0,0,0,0,0,0,0,0,0,0,0,0,0,0,128,[84 -64 4 0 0 0 0 0 0 0 0 0 10 4 10 4 10 5 11 5 10 5 10 5 10 6 9 6 9 6 9 7 9 6 8 6 8 7 8 7 8 7 8 7 8 6 8 7 8 6 8 7 8 6 8 6 8 6 8 6 7 6 8 6 0 0 8 6 8 5 8 5 8 5 8 5 8 5 8 5 8 5 8 4 9 5 8 4 9 5 9 4 9 4 9 4 9 3 10 3 10 3 10 3 9 3 10 3 10 3 10 3 10 3 10 2 10 2 0 0 0 0 0 0 0 0 0 0]"
"1769237486827478,CSI_DATA,STATION,00:00:00:00:00:00,0,0,0,0,0,0,0,0,0,0,0,0,0,0,0,0,0,0,0,0,0,128,[84 -64 4 0 0 0 0 0 0 0 0 0 -1 -13 0 -14 0 -13 0 -13 1 -13 2 -14 2 -13 3 -13 3 -13 3 -13 2 -13 2 -13 3 -13 3 -12 3 -12 3 -12 4 -12 4 -12 4 -12 4 -12 4 -12 3 -12 4 -11 3 -11 3 -11 3 -11 0 0 3 -11 2 -11 2 -11 2 -11 2 -11 2 -11 2 -11 2 -12 2 -11 1 -11 1 -12 1 -12 0 -12 1 -12 1 -12 0 -12 0 -12 0 -12 0 -12 0 -13 0 -12 0 -12 -1 -12 -1 -12 -1 -13 -1 -13 0 0 0 0 0 0 0 0 0 0]"
"1769237486831770,CSI_DATA,STATION,00:00:00:00:00:00,0,0,0,0,0,0,0,0,0,0,0,0,0,0,0,0,0,0,0,0,0,128,[84 -64 4 0 0 0 0 0 0 0 0 0 12 2 12 3 12 4 12 4 12 4 12 5 11 5 11 6 11 5 11 6 11 6 10 5 10 6 10 6 10 6 10 6 10 6 10 6 10 6 10 6 9 6 9 6 10 6 9 6 9 5 9 5 0 0 9 5 9 5 9 5 9 4 9 5 9 5 9 4 10 4 9 4 10 4 10 3 10 4 10 4 10 4 10 3 10 3 11 3 11 2 11 2 10 2 11 2 11 3 11 2 11 2 11 2 11 2 0 0 0 0 0 0 0 0 0 0]"
"1769237486838460,CSI_DATA,STATION,00:00:00:00:00:00,0,0,0,0,0,0,0,0,0,0,0,0,0,0,0,0,0,0,0,0,0,128,[84 -64 4 0 0 0 0 0 0 0 0 0 -12 9 -12 9 -12 8 -12 8 -13 7 -13 7 -13 7 -13 7 -13 6 -14 6 -14 6 -13 6 -14 5 -13 5 -14 4 -13 5 -13 4 -13 4 -13 4 -13 4 -13 4 -13 4 -13 4 -13 4 -12 4 -12 5 0 0 -12 4 -12 5 -11 4 -12 5 -12 5 -12 5 -12 5 -11 5 -11 6 -11 6 -12 6 -11 6 -11 6 -11 6 -11 6 -11 7 -11 7 -11 7 -11 7 -11 7 -11 8 -11 8 -11 7 -11 8 -11 8 -11 8 0 0 0 0 0 0 0 0 0 0]"
"1769237486842706,CSI_DATA,STATION,00:00:00:00:00:00,0,0,0,0,0,0,0,0,0,0,0,0,0,0,0,0,0,0,0,0,0,128,[84 -64 4 0 0 0 0 0 0 0 0 0 3 -15 5 -14 5 -14 5 -14 6 -14 6 -14 7 -13 7 -13 7 -13 8 -13 7 -13 8 -13 8 -12 8 -11 8 -12 8 -11 9 -11 8 -12 8 -11 8 -11 8 -11 8 -10 8 -11 7 -11 7 -11 7 -10 0 0 7 -10 6 -10 7 -11 6 -10 7 -11 6 -10 6 -10 6 -11 6 -10 5 -12 5 -11 5 -12 5 -12 5 -11 5 -12 5 -12 5 -13 5 -13 5 -12 5 -12 5 -12 5 -12 4 -13 3 -13 4 -13 4 -13 0 0 0 0 0 0 0 0 0 0]"
"1769237486849065,CSI_DATA,STATION,00:00:00:00:00:00,0,0,0,0,0,0,0,0,0,0,0,0,0,0,0,0,0,0,0,0,0,128,[84 -64 4 0 0 0 0 0 0 0 0 0 14 -5 14 -4 14 -3 14 -4 14 -2 14 -2 14 -2 14 -2 14 -2 14 -1 14 -1 14 0 14 0 14 0 13 0 13 0 13 1 13 1 13 1 13 1 12 0 12 0 13 0 12 1 12 0 12 0 0 0 12 0 12 -1 12 0 12 -1 12 -1 12 -1 12 -1 12 -1 11 -2 12 -2 12 -2 12 -2 12 -2 12 -2 12 -3 12 -3 12 -3 12 -4 12 -3 12 -4 12 -4 12 -3 12 -4 12 -4 12 -4 12 -4 0 0 0 0 0 0 0 0 0 0]"
"1769237486853271,CSI_DATA,STATION,00:00:00:00:00:00,0,0,0,0,0,0,0,0,0,0,0,0,0,0,0,0,0,0,0,0,0,128,[84 -64 4 0 0 0 0 0 0 0 0 0 -9 -14 -9 -14 -8 -14 -8 -15 -7 -15 -7 -15 -6 -14 -6 -15 -5 -15 -6 -15 -5 -15 -5 -15 -5 -15 -5 -15 -4 -16 -4 -15 -4 -15 -4 -14 -4 -15 -3 -14 -3 -14 -4 -14 -3 -13 -4 -14 -4 -14 -4 -14 0 0 -4 -13 -4 -13 -5 -13 -4 -12 -5 -13 -5 -13 -5 -13 -5 -12 -6 -13 -6 -12 -7 -12 -7 -12 -7 -12 -7 -12 -7 -12 -7 -12 -7 -12 -8 -11 -8 -12 -8 -12 -8 -12 -8 -12 -9 -11 -9 -11 -9 -11 -9 -11 0 0 0 0 0 0 0 0 0 0]"
"1769237486866045,CSI_DATA,STATION,00:00:00:00:00:00,0,0,0,0,0,0,0,0,0,0,0,0,0,0,0,0,0,0,0,0,0,128,[84 -64 4 0 0 0 0 0 0 0 0 0 4 12 4 12 3 12 3 12 2 13 2 13 2 13 1 13 1 13 1 13 1 12 1 13 0 12 0 12 0 12 0 12 0 12 0 11 0 12 0 12 0 11 0 12 0 11 0 11 0 11 1 11 0 0 1 11 1 11 2 11 1 10 1 10 2 11 2 10 2 10 2 10 3 10 3 10 3 10 3 10 4 10 3 10 4 10 4 10 4 10 4 10 4 10 5 10 5 10 5 10 5 10 5 10 6 10 0 0 0 0 0 0 0 0 0 0]"
"1769237486870347,CSI_DATA,STATION,00:00:00:00:00:00,0,0,0,0,0,0,0,0,0,0,0,0,0,0,0,0,0,0,0,0,0,128,[84 -64 4 0 0 0 0 0 0 0 0 0 -5 14 -6 13 -7 13 -7 13 -7 13 -8 12 -8 12 -9 12 -9 12 -9 11 -9 12 -8 11 -9 11 -9 11 -9 11 -9 10 -9 11 -9 10 -9 10 -9 9 -9 9 -9 10 -9 10 -8 10 -7 10 -8 10 0 0 -7 9 -7 10 -7 10 -7 10 -7 10 -7 10 -6 10 -7 10 -7 10 -6 10 -5 11 -6 11 -5 11 -5 11 -5 11 -5 11 -4 11 -5 11 -4 12 -5 11 -5 12 -4 12 -4 12 -3 12 -3 12 -4 12 0 0 0 0 0 0 0 0 0 0]"
"1769237486876797,CSI_DATA,STATION,00:00:00:00:00:00,0,0,0,0,0,0,0,0,0,0,0,0,0,0,0,0,0,0,0,0,0,128,[84 -64 4 0 0 0 0 0 0 0 0 0 14 -2 14 -1 14 -1 14 0 14 0 14 0 14 1 15 1 15 1 14 2 14 2 14 2 13 3 13 3 13 3 13 2 13 3 12 3 13 3 13 3 12 2 12 2 12 2 12 2 12 2 12 2 0 0 12 1 11 1 11 1 12 0 12 0 12 0 12 0 12 0 11 -1 11 -1 12 -1 12 -1 12 -1 12 -1 12 -2 12 -2 11 -2 12 -3 12 -3 12 -3 12 -3 12 -3 12 -3 12 -4 12 -4 12 -4 0 0 0 0 0 0 0 0 0 0]"
"1769237486883267,CSI_DATA,STATION,00:00:00:00:00:00,0,0,0,0,0,0,0,0,0,0,0,0,0,0,0,0,0,0,0,0,0,128,[84 -64 4 0 0 0 0 0 0 0 0 0 11 5 11 6 11 7 11 7 10 7 10 8 10 8 10 8 9 8 9 9 9 8 8 8 8 9 8 9 8 9 8 9 8 9 8 9 8 8 7 9 7 8 7 8 7 8 7 8 7 8 7 7 0 0 7 7 7 7 8 7 7 7 8 7 8 7 8 6 8 7 8 6 8 6 8 6 8 6 9 6 9 6 9 5 9 5 9 5 9 5 9 5 9 5 10 5 9 5 10 5 10 4 10 4 10 4 0 0 0 0 0 0 0 0 0 0]"
"1769237486887569,CSI_DATA,STATION,00:00:00:00:00:00,0,0,0,0,0,0,0,0,0,0,0,0,0,0,0,0,0,0,0,0,0,128,[84 -64 4 0 0 0 0 0 0 0 0 0 -14 5 -14 5 -14 4 -14 4 -14 4 -15 3 -15 3 -15 2 -15 2 -14 1 -15 1 -14 1 -15 0 -14 1 -14 0 -14 1 -14 0 -13 0 -14 0 -14 0 -13 0 -13 0 -13 1 -13 0 -13 0 -13 1 0 0 -13 1 -12 1 -12 1 -12 1 -13 1 -12 1 -12 1 -13 2 -12 3 -12 2 -13 3 -13 2 -12 3 -12 3 -12 3 -12 4 -12 3 -12 4 -13 4 -12 4 -12 5 -12 5 -12 4 -12 5 -12 5 -12 5 0 0 0 0 0 0 0 0 0 0]"
"1769237486894007,CSI_DATA,STATION,00:00:00:00:00:00,0,0,0,0,0,0,0,0,0,0,0,0,0,0,0,0,0,0,0,0,0,128,[84 -64 4 0 0 0 0 0 0 0 0 0 -12 12 -12 11 -13 10 -13 11 -13 10 -14 10 -13 10 -15 9 -14 9 -14 8 -14 8 -14 8 -14 7 -14 7 -14 7 -14 7 -14 7 -13 7 -14 6 -13 6 -13 6 -13 6 -13 7 -13 7 -13 6 -13 6 0 0 -13 7 -12 7 -12 7 -12 7 -12 7 -11 7 -12 7 -11 8 -11 8 -11 8 -11 9 -11 8 -10 8 -10 9 -10 9 -10 10 -10 9 -10 10 -10 10 -10 10 -10 11 -10 10 -10 10 -9 11 -10 11 -9 11 0 0 0 0 0 0 0 0 0 0]"
"1769237486898331,CSI_DATA,STATION,00:00:00:00:00:00,0,0,0,0,0,0,0,0,0,0,0,0,0,0,0,0,0,0,0,0,0,128,[84 -64 4 0 0 0 0 0 0 0 0 0 12 -8 13 -7 12 -7 12 -5 13 -6 13 -6 14 -5 14 -5 13 -5 14 -4 14 -4 13 -4 13 -3 13 -3 13 -2 13 -3 13 -2 12 -3 13 -2 13 -3 12 -3 12 -3 12 -3 12 -3 12 -2 12 -3 0 0 11 -4 11 -3 11 -4 11 -4 11 -4 11 -4 11 -4 11 -5 10 -5 10 -5 10 -6 11 -5 11 -6 11 -5 11 -6 10 -6 10 -6 10 -7 11 -7 11 -7 10 -7 10 -7 11 -7 10 -8 10 -8 10 -8 0 0 0 0 0 0 0 0 0 0]"
"1769237486902629,CSI_DATA,STATION,00:00:00:00:00:00,0,0,0,0,0,0,0,0,0,0,0,0,0,0,0,0,0,0,0,0,0,128,[84 -64 4 0 0 0 0 0 0 0 0 0 -9 13 -10 13 -10 12 -10 13 -10 12 -11 12 -11 12 -12 11 -11 11 -13 10 -12 11 -12 10 -12 10 -12 10 -12 9 -12 9 -12 9 -12 10 -12 9 -12 9 -11 8 -11 9 -11 9 -12 9 -11 8 -10 9 0 0 -10 9 -9 9 -9 9 -10 9 -9 10 -9 10 -9 9 -9 10 -9 10 -9 10 -9 10 -8 10 -9 11 -8 11 -8 11 -8 11 -7 12 -7 12 -7 12 -7 12 -7 12 -6 12 -7 12 -7 12 -7 13 -7 13 0 0 0 0 0 0 0 0 0 0]"
"1769237486909235,CSI_DATA,STATION,00:00:00:00:00:00,0,0,0,0,0,0,0,0,0,0,0,0,0,0,0,0,0,0,0,0,0,128,[84 -64 4 0 0 0 0 0 0 0 0 0 7 12 7 13 6 13 6 13 5 13 5 14 5 13 4 14 4 14 4 13 3 14 3 13 3 13 3 14 3 14 3 13 2 13 2 12 2 13 3 13 2 13 2 12 2 12 2 12 2 12 3 12 0 0 3 12 3 12 3 11 3 11 4 12 4 11 4 12 4 11 4 11 5 11 5 11 5 11 5 11 5 11 5 11 6 11 6 10 7 10 7 10 6 10 7 10 7 10 7 10 7 10 7 10 8 10 0 0 0 0 0 0 0 0 0 0]"
"1769237486913696,CSI_DATA,STATION,00:00:00:00:00:00,0,0,0,0,0,0,0,0,0,0,0,0,0,0,0,0,0,0,0,0,0,128,[84 -64 4 0 0 0 0 0 0 0 0 0 -13 -7 -13 -6 -13 -7 -13 -8 -12 -8 -12 -9 -12 -9 -11 -9 -11 -9 -11 -10 -11 -10 -10 -9 -10 -10 -10 -10 -10 -10 -9 -9 -10 -10 -10 -10 -10 -10 -9 -10 -9 -10 -9 -9 -9 -9 -9 -9 -9 -9 -9 -9 0 0 -9 -8 -9 -8 -9 -8 -9 -8 -10 -8 -9 -8 -9 -8 -10 -8 -10 -7 -10 -7 -11 -7 -11 -7 -11 -7 -11 -7 -11 -6 -11 -6 -11 -6 -11 -6 -11 -6 -11 -6 -12 -6 -12 -6 -11 -6 -12 -5 -12 -5 -12 -5 0 0 0 0 0 0 0 0 0 0]"
"1769237486920332,CSI_DATA,STATION,00:00:00:00:00:00,0,0,0,0,0,0,0,0,0,0,0,0,0,0,0,0,0,0,0,0,0,128,[84 -64 4 0 0 0 0 0 0 0 0 0 7 13 6 14 6 14 6 14 5 14 5 14 5 14 4 15 4 14 3 15 3 15 3 14 3 14 3 14 2 14 2 14 2 14 2 13 2 14 2 14 2 14 2 13 2 13 2 13 2 12 2 13 0 0 2 12 3 12 3 12 3 12 4 12 4 12 4 12 4 12 4 11 4 12 5 11 4 12 5 12 5 12 5 12 6 11 6 11 6 11 6 11 6 11 7 11 6 11 7 11 7 11 7 11 7 11 0 0 0 0 0 0 0 0 0 0]"
"1769237486924734,CSI_DATA,STATION,00:00:00:00:00:00,0,0,0,0,0,0,0,0,0,0,0,0,0,0,0,0,0,0,0,0,0,128,[84 -64 4 0 0 0 0 0 0 0 0 0 -16 -4 -16 -4 -15 -5 -16 -6 -15 -6 -15 -6 -15 -7 -14 -7 -14 -7 -14 -8 -14 -8 -13 -8 -13 -9 -13 -8 -13 -8 -13 -8 -13 -8 -13 -9 -13 -8 -12 -8 -12 -8 -12 -8 -12 -8 -13 -8 -12 -7 -12 -7 0 0 -12 -7 -12 -6 -12 -6 -12 -6 -13 -6 -12 -6 -12 -5 -13 -6 -12 -5 -13 -5 -13 -5 -13 -5 -13 -5 -13 -5 -13 -4 -13 -3 -13 -4 -14 -3 -14 -3 -14 -3 -14 -3 -14 -3 -14 -3 -14 -3 -15 -3 -14 -2 0 0 0 0 0 0 0 0 0 0]"
"1769237486929165,CSI_DATA,STATION,00:00:00:00:00:00,0,0,0,0,0,0,0,0,0,0,0,0,0,0,0,0,0,0,0,0,0,128,[84 -64 4 0 0 0 0 0 0 0 0 0 3 13 2 13 1 12 1 13 1 13 0 14 0 13 -1 13 0 13 -1 13 -1 13 -1 13 -1 13 -1 13 -2 13 -2 12 -2 12 -2 12 -2 12 -2 12 -2 12 -2 12 -2 12 -1 11 -1 11 -1 12 0 0 -1 11 0 11 0 12 0 11 0 11 0 11 0 11 0 11 1 11 1 11 2 11 1 11 2 11 2 11 2 11 3 11 3 11 3 11 3 11 3 11 3 11 3 11 3 11 4 11 4 11 4 11 0 0 0 0 0 0 0 0 0 0]"
"1769237486935868,CSI_DATA,STATION,00:00:00:00:00:00,0,0,0,0,0,0,0,0,0,0,0,0,0,0,0,0,0,0,0,0,0,128,[84 -64 4 0 0 0 0 0 0 0 0 0 3 15 2 14 2 15 2 14 1 15 1 15 0 15 0 15 0 15 -1 15 -2 15 -2 14 -1 14 -2 14 -2 13 -2 14 -2 14 -3 14 -2 14 -2 13 -3 13 -2 13 -2 13 -2 13 -2 12 -2 13 0 0 -1 12 -1 13 0 12 -1 13 0 13 0 12 0 12 0 12 0 12 1 13 1 12 1 13 1 12 1 12 2 13 2 12 2 13 2 13 2 13 2 13 3 13 3 13 2 13 3 13 3 13 3 13 0 0 0 0 0 0 0 0 0 0]"
"1769237486940241,CSI_DATA,STATION,00:00:00:00:00:00,0,0,0,0,0,0,0,0,0,0,0,0,0,0,0,0,0,0,0,0,0,128,[84 -64 4 0 0 0 0 0 0 0 0 0 2 -13 3 -14 3 -14 4 -14 4 -13 5 -13 5 -13 5 -13 6 -12 6 -12 6 -12 6 -12 6 -12 6 -12 7 -11 6 -11 6 -11 6 -11 6 -11 7 -10 7 -11 6 -11 7 -10 6 -11 5 -10 6 -10 0 0 5 -11 5 -10 5 -10 5 -10 5 -11 5 -11 4 -11 4 -11 4 -11 4 -11 3 -12 4 -12 3 -11 4 -12 3 -12 3 -12 3 -12 3 -12 3 -12 3 -12 3 -12 3 -12 2 -13 2 -13 2 -13 2 -13 0 0 0 0 0 0 0 0 0 0]"
"1769237486944479,CSI_DATA,STATION,00:00:00:00:00:00,0,0,0,0,0,0,0,0,0,0,0,0,0,0,0,0,0,0,0,0,0,128,[84 -64 4 0 0 0 0 0 0 0 0 0 -10 12 -10 11 -10 10 -11 11 -11 10 -11 10 -11 10 -12 10 -12 8 -13 9 -12 8 -12 8 -12 8 -12 8 -13 7 -13 8 -13 8 -12 7 -12 7 -13 6 -12 7 -12 6 -12 6 -12 7 -12 6 -11 7 0 0 -11 7 -11 7 -11 7 -11 7 -11 7 -10 7 -11 8 -11 8 -10 8 -11 8 -10 9 -10 8 -10 9 -10 9 -10 9 -10 9 -9 9 -10 10 -10 10 -10 9 -10 10 -10 10 -9 10 -9 11 -9 10 -9 11 0 0 0 0 0 0 0 0 0 0]"
"1769237486950829,CSI_DATA,STATION,00:00:00:00:00:00,0,0,0,0,0,0,0,0,0,0,0,0,0,0,0,0,0,0,0,0,0,128,[84 -64 4 0 0 0 0 0 0 0 0 0 7 -12 8 -11 7 -12 8 -11 8 -11 9 -11 9 -11 9 -10 10 -10 9 -10 9 -10 10 -9 10 -9 10 -9 10 -8 10 -9 9 -8 9 -9 9 -8 10 -8 10 -8 9 -8 9 -8 9 -8 9 -8 9 -8 0 0 9 -8 8 -8 8 -8 8 -8 8 -9 8 -9 8 -9 7 -9 8 -9 7 -10 7 -10 7 -9 7 -9 7 -9 7 -10 6 -10 7 -11 7 -11 7 -11 6 -11 6 -11 6 -10 6 -11 6 -11 6 -11 6 -12 0 0 0 0 0 0 0 0 0 0]"
"1769237486955068,CSI_DATA,STATION,00:00:00:00:00:00,0,0,0,0,0,0,0,0,0,0,0,0,0,0,0,0,0,0,0,0,0,128,[84 -64 4 0 0 0 0 0 0 0 0 0 13 4 14 6 14 6 13 6 13 7 13 7 13 8 13 8 11 8 12 9 12 8 11 8 11 9 11 9 11 9 10 9 11 9 10 9 11 8 10 9 10 9 10 9 10 8 10 9 10 8 10 8 0 0 10 8 9 7 10 7 10 6 11 7 10 7 10 7 11 7 11 6 11 6 11 5 11 6 12 6 12 5 12 5 12 5 12 5 12 5 12 5 12 5 13 4 12 5 13 4 13 4 13 4 13 4 0 0 0 0 0 0 0 0 0 0]"
"1769237486959354,CSI_DATA,STATION,00:00:00:00:00:00,0,0,0,0,0,0,0,0,0,0,0,0,0,0,0,0,0,0,0,0,0,128,[84 -64 4 0 0 0 0 0 0 0 0 0 8 -12 8 -12 8 -11 8 -11 9 -10 9 -10 9 -10 10 -10 10 -10 10 -9 10 -9 10 -9 10 -9 10 -8 11 -8 10 -8 10 -8 9 -8 10 -8 10 -8 9 -8 10 -8 9 -8 9 -7 9 -8 9 -8 0 0 9 -8 9 -8 8 -8 8 -8 8 -9 8 -8 8 -9 8 -9 7 -9 7 -9 7 -10 7 -10 7 -10 7 -9 7 -10 7 -11 6 -11 6 -11 7 -11 6 -11 6 -11 6 -11 7 -11 6 -11 6 -12 6 -12 0 0 0 0 0 0 0 0 0 0]"
"1769237486965802,CSI_DATA,STATION,00:00:00:00:00:00,0,0,0,0,0,0,0,0,0,0,0,0,0,0,0,0,0,0,0,0,0,128,[84 -64 4 0 0 0 0 0 0 0 0 0 -15 -4 -16 -4 -15 -5 -16 -5 -15 -6 -16 -6 -14 -7 -15 -7 -14 -7 -14 -8 -14 -7 -14 -7 -14 -8 -14 -8 -14 -8 -13 -8 -14 -8 -13 -8 -13 -8 -12 -8 -13 -8 -12 -8 -12 -7 -13 -8 -13 -7 -13 -7 0 0 -13 -7 -12 -6 -13 -6 -12 -6 -13 -6 -12 -6 -13 -6 -13 -6 -13 -5 -13 -5 -13 -4 -14 -4 -14 -4 -14 -4 -13 -4 -14 -3 -14 -4 -14 -4 -14 -3 -14 -4 -15 -3 -15 -3 -14 -3 -15 -2 -15 -2 -15 -2 0 0 0 0 0 0 0 0 0 0]"
"1769237486970195,CSI_DATA,STATION,00:00:00:00:00:00,0,0,0,0,0,0,0,0,0,0,0,0,0,0,0,0,0,0,0,0,0,128,[84 -64 4 0 0 0 0 0 0 0 0 0 3 15 2 15 2 15 1 16 1 15 0 16 -1 15 -1 15 -1 15 -1 15 -1 16 -1 15 -2 15 -2 15 -2 15 -2 14 -3 14 -3 13 -2 14 -2 14 -3 14 -2 13 -2 13 -2 14 -2 13 -1 13 0 0 -2 13 -1 13 0 13 -1 13 0 13 0 13 -1 13 0 13 0 12 1 13 1 13 1 13 2 13 2 13 1 13 2 13 2 13 2 13 2 13 2 13 3 14 3 14 3 13 4 13 4 13 4 14 0 0 0 0 0 0 0 0 0 0]"
"1769237486976877,CSI_DATA,STATION,00:00:00:00:00:00,0,0,0,0,0,0,0,0,0,0,0,0,0,0,0,0,0,0,0,0,0,128,[84 -64 4 0 0 0 0 0 0 0 0 0 -8 14 -9 14 -9 13 -10 13 -9 12 -10 12 -10 13 -10 12 -11 11 -11 11 -12 12 -11 11 -11 10 -11 11 -11 10 -12 10 -11 11 -12 10 -12 10 -11 9 -11 9 -11 9 -11 9 -11 9 -11 9 -10 10 0 0 -10 10 -9 9 -9 10 -9 10 -9 10 -9 10 -9 10 -9 10 -9 10 -8 11 -8 11 -8 11 -8 11 -8 12 -8 12 -8 12 -7 12 -7 12 -7 12 -7 12 -7 12 -7 12 -7 12 -7 13 -7 13 -7 13 0 0 0 0 0 0 0 0 0 0]"
"1769237486981363,CSI_DATA,STATION,00:00:00:00:00:00,0,0,0,0,0,0,0,0,0,0,0,0,0,0,0,0,0,0,0,0,0,128,[84 -64 4 0 0 0 0 0 0 0 0 0 -15 -1 -15 -1 -15 -2 -15 -2 -15 -2 -15 -3 -15 -3 -15 -4 -14 -4 -14 -5 -15 -5 -14 -5 -14 -5 -14 -5 -14 -5 -13 -5 -13 -5 -13 -5 -13 -5 -13 -5 -12 -5 -13 -5 -13 -5 -12 -5 -12 -5 -12 -4 0 0 -12 -4 -12 -3 -12 -4 -12 -3 -13 -4 -12 -3 -13 -3 -12 -3 -13 -2 -13 -2 -13 -2 -13 -2 -13 -2 -13 -2 -13 -1 -14 -1 -13 -2 -14 -1 -13 -1 -13 -1 -14 -1 -14 0 -14 -1 -14 0 -14 0 -14 0 0 0 0 0 0 0 0 0 0 0]"
"1769237486985814,CSI_DATA,STATION,00:00:00:00:00:00,0,0,0,0,0,0,0,0,0,0,0,0,0,0,0,0,0,0,0,0,0,128,[84 -64 4 0 0 0 0 0 0 0 0 0 -9 -12 -9 -13 -9 -13 -8 -13 -8 -14 -7 -14 -7 -14 -6 -14 -6 -14 -6 -14 -6 -14 -5 -14 -5 -14 -5 -14 -5 -14 -5 -14 -5 -13 -4 -13 -5 -14 -4 -14 -4 -13 -5 -13 -5 -13 -5 -13 -5 -13 -5 -12 0 0 -5 -12 -5 -12 -6 -12 -5 -12 -6 -12 -6 -12 -7 -11 -6 -11 -6 -11 -7 -11 -7 -11 -7 -11 -7 -11 -7 -11 -8 -11 -8 -11 -8 -11 -8 -11 -8 -11 -8 -11 -9 -11 -9 -11 -9 -11 -9 -11 -9 -10 -9 -10 0 0 0 0 0 0 0 0 0 0]"
"1769237486992486,CSI_DATA,STATION,00:00:00:00:00:00,0,0,0,0,0,0,0,0,0,0,0,0,0,0,0,0,0,0,0,0,0,128,[84 -64 4 0 0 0 0 0 0 0 0 0 14 5 14 6 13 6 14 7 13 7 13 8 12 8 12 8 12 8 12 9 12 8 11 8 12 8 11 8 11 9 10 9 10 9 10 8 10 9 10 9 10 9 10 9 10 8 11 8 10 7 10 7 0 0 10 7 9 7 10 7 9 6 10 7 11 7 10 6 11 6 10 6 11 5 11 5 11 5 12 5 11 5 11 5 12 5 12 4 12 4 12 4 11 4 12 4 12 4 12 3 13 3 13 3 13 3 0 0 0 0 0 0 0 0 0 0]"
"1769237486996908,CSI_DATA,STATION,00:00:00:00:00:00,0,0,0,0,0,0,0,0,0,0,0,0,0,0,0,0,0,0,0,0,0,128,[84 -64 4 0 0 0 0 0 0 0 0 0 9 -13 9 -13 10 -12 10 -12 10 -11 11 -11 10 -11 11 -11 11 -10 11 -9 11 -10 11 -9 11 -9 11 -9 12 -9 11 -9 12 -9 11 -9 11 -8 11 -8 11 -8 11 -8 10 -8 11 -8 10 -8 10 -9 0 0 9 -8 9 -8 9 -8 9 -8 9 -9 9 -9 9 -8 9 -10 8 -9 8 -10 8 -10 8 -9 8 -10 8 -10 8 -10 8 -11 7 -11 7 -11 7 -11 7 -11 7 -12 7 -11 7 -11 7 -12 7 -12 7 -12 0 0 0 0 0 0 0 0 0 0]"
"1769237487001413,CSI_DATA,STATION,00:00:00:00:00:00,0,0,0,0,0,0,0,0,0,0,0,0,0,0,0,0,0,0,0,0,0,128,[84 -64 4 0 0 0 0 0 0 0 0 0 15 -6 15 -5 14 -5 15 -4 15 -4 15 -4 15 -3 15 -2 15 -2 15 -2 15 -2 15 -2 14 -1 14 -1 15 -1 14 -1 14 0 13 0 14 0 14 0 13 0 13 0 13 0 13 0 13 -1 13 -1 0 0 12 -1 12 -1 13 -1 12 -2 12 -1 12 -2 12 -2 12 -2 12 -2 11 -3 12 -4 12 -3 12 -3 13 -3 12 -4 12 -4 12 -4 13 -5 12 -5 12 -4 12 -4 12 -4 12 -5 12 -5 12 -6 12 -6 0 0 0 0 0 0 0 0 0 0]"
"1769237487008139,CSI_DATA,STATION,00:00:00:00:00:00,0,0,0,0,0,0,0,0,0,0,0,0,0,0,0,0,0,0,0,0,0,128,[84 -64 4 0 0 0 0 0 0 0 0 0 13 -9 13 -9 14 -8 13 -8 14 -7 14 -7 14 -7 14 -6 15 -6 14 -5 14 -6 14 -5 14 -5 14 -5 14 -4 13 -5 13 -5 13 -4 13 -4 13 -5 13 -4 12 -5 13 -5 12 -4 12 -5 12 -5 0 0 12 -5 12 -5 11 -5 12 -6 11 -6 11 -6 11 -6 11 -6 11 -7 10 -7 11 -7 11 -7 11 -7 10 -7 10 -8 10 -8 10 -8 10 -9 10 -9 10 -9 10 -9 10 -9 10 -9 10 -10 10 -10 10 -10 0 0 0 0 0 0 0 0 0 0]"
"1769237487012605,CSI_DATA,STATION,00:00:00:00:00:00,0,0,0,0,0,0,0,0,0,0,0,0,0,0,0,0,0,0,0,0,0,128,[84 -64 4 0 0 0 0 0 0 0 0 0 -15 4 -15 3 -15 2 -15 2 -15 1 -15 1 -15 0 -15 0 -14 0 -15 0 -15 0 -14 -1 -14 -1 -14 -1 -14 -2 -14 -1 -14 -2 -14 -2 -13 -2 -13 -2 -13 -2 -13 -2 -13 -1 -13 -2 -12 -1 -12 -1 0 0 -12 -1 -13 -1 -12 0 -12 0 -12 0 -12 0 -12 0 -12 0 -12 0 -13 1 -12 1 -12 1 -12 1 -12 2 -12 2 -12 2 -12 2 -12 2 -12 2 -13 2 -12 2 -13 2 -13 3 -13 3 -12 3 -12 3 0 0 0 0 0 0 0 0 0 0]"
"1769237487017073,CSI_DATA,STATION,00:00:00:00:00:00,0,0,0,0,0,0,0,0,0,0,0,0,0,0,0,0,0,0,0,0,0,128,[84 -64 4 0 0 0 0 0 0 0 0 0 -2 17 -3 16 -4 16 -3 16 -4 16 -5 15 -5 15 -6 15 -5 14 -6 15 -6 15 -7 14 -6 14 -7 13 -7 13 -7 13 -7 13 -7 13 -7 13 -7 13 -6 13 -6 12 -6 13 -7 12 -5 12 -5 12 0 0 -5 12 -5 12 -4 12 -5 12 -4 12 -4 12 -3 12 -4 12 -3 12 -3 13 -3 13 -3 13 -3 13 -2 12 -3 13 -2 13 -2 13 -2 13 -1 13 -1 13 -1 14 -1 13 -1 14 -1 13 -1 14 -1 14 0 0 0 0 0 0 0 0 0 0]"
"1769237487030265,CSI_DATA,STATION,00:00:00:00:00:00,0,0,0,0,0,0,0,0,0,0,0,0,0,0,0,0,0,0,0,0,0,128,[84 -64 4 0 0 0 0 0 0 0 0 0 -1 -14 0 -14 0 -14 1 -14 1 -15 1 -14 2 -14 3 -14 2 -13 3 -13 3 -13 3 -13 3 -13 3 -13 3 -13 3 -13 3 -12 4 -12 3 -13 3 -12 3 -12 3 -12 3 -12 3 -12 3 -11 3 -11 0 0 2 -11 2 -11 1 -11 1 -11 1 -11 1 -11 0 -11 1 -12 0 -11 0 -11 0 -12 0 -11 -1 -11 0 -12 -1 -12 -1 -12 -1 -12 -1 -12 -1 -12 -1 -12 -2 -12 -2 -12 -2 -12 -2 -12 -2 -12 -3 -12 0 0 0 0 0 0 0 0 0 0]"
"1769237487036925,CSI_DATA,STATION,00:00:00:00:00:00,0,0,0,0,0,0,0,0,0,0,0,0,0,0,0,0,0,0,0,0,0,128,[84 -64 4 0 0 0 0 0 0 0 0 0 15 -3 14 -2 15 -1 14 -1 15 -1 14 -1 15 0 15 1 15 1 15 2 14 1 14 2 13 2 14 2 13 2 13 2 12 2 13 2 13 2 13 2 12 2 13 2 13 2 12 2 12 2 12 1 0 0 12 1 12 1 11 1 12 0 12 1 12 1 11 0 12 -1 12 0 12 -1 12 -1 12 -1 12 -1 12 -1 12 -2 12 -2 12 -2 12 -3 12 -3 12 -3 12 -3 12 -3 13 -3 12 -3 12 -3 12 -4 0 0 0 0 0 0 0 0 0 0]"
"1769237487041228,CSI_DATA,STATION,00:00:00:00:00:00,0,0,0,0,0,0,0,0,0,0,0,0,0,0,0,0,0,0,0,0,0,128,[84 -64 4 0 0 0 0 0 0 0 0 0 12 -9 13 -8 12 -7 13 -7 13 -7 13 -7 13 -7 13 -6 13 -6 13 -5 13 -5 13 -5 13 -4 13 -4 13 -4 13 -4 13 -4 13 -4 12 -3 12 -4 12 -4 12 -3 12 -4 12 -4 12 -4 11 -4 0 0 11 -4 11 -4 11 -4 11 -4 11 -5 11 -5 10 -5 10 -6 10 -6 10 -6 10 -6 10 -6 10 -6 10 -7 10 -7 10 -7 9 -8 10 -8 10 -8 10 -8 10 -8 10 -8 10 -8 10 -9 9 -9 9 -9 0 0 0 0 0 0 0 0 0 0]"
"1769237487047588,CSI_DATA,STATION,00:00:00:00:00:00,0,0,0,0,0,0,0,0,0,0,0,0,0,0,0,0,0,0,0,0,0,128,[84 -64 4 0 0 0 0 0 0 0 0 0 -15 4 -15 3 -15 3 -15 3 -15 2 -15 2 -15 1 -15 0 -15 0 -15 -1 -15 0 -15 0 -14 -1 -14 -1 -14 -1 -14 -1 -13 -1 -13 -1 -14 -1 -14 -2 -13 -1 -13 -2 -13 -1 -13 -1 -13 -1 -13 -1 0 0 -12 -1 -13 0 -13 0 -12 0 -13 0 -13 0 -12 1 -12 1 -12 1 -13 1 -12 2 -13 2 -12 2 -12 2 -13 2 -13 3 -12 2 -13 3 -13 3 -13 3 -13 3 -13 3 -13 3 -12 4 -12 4 -13 4 0 0 0 0 0 0 0 0 0 0]"
"1769237487051828,CSI_DATA,STATION,00:00:00:00:00:00,0,0,0,0,0,0,0,0,0,0,0,0,0,0,0,0,0,0,0,0,0,128,[84 -64 4 0 0 0 0 0 0 0 0 0 11 9 11 9 10 9 10 11 10 10 9 10 9 10 9 11 8 11 8 11 9 11 8 11 7 11 7 11 7 12 7 11 7 11 6 10 6 11 6 11 6 11 6 10 6 10 6 10 6 10 7 10 0 0 6 10 6 10 7 9 6 9 7 9 7 9 7 9 7 9 7 9 7 8 8 8 8 8 8 9 9 9 8 8 9 8 9 7 9 8 9 8 9 7 9 7 10 8 9 7 10 7 10 7 10 7 0 0 0 0 0 0 0 0 0 0]"
"1769237487058297,CSI_DATA,STATION,00:00:00:00:00:00,0,0,0,0,0,0,0,0,0,0,0,0,0,0,0,0,0,0,0,0,0,128,[84 -64 4 0 0 0 0 0 0 0 0 0 1 -16 2 -16 2 -16 2 -16 3 -16 3 -16 4 -16 4 -16 5 -15 5 -15 5 -15 5 -15 5 -15 6 -14 5 -14 6 -14 6 -13 6 -14 6 -13 6 -13 5 -14 5 -13 6 -14 5 -13 5 -13 4 -13 0 0 4 -13 4 -13 4 -12 4 -13 4 -13 3 -13 3 -13 3 -14 3 -13 3 -14 2 -14 2 -13 2 -13 2 -14 2 -14 2 -14 1 -15 1 -14 1 -15 1 -14 1 -14 1 -14 0 -15 0 -14 0 -15 0 -15 0 0 0 0 0 0 0 0 0 0]"
"1769237487062593,CSI_DATA,STATION,00:00:00:00:00:00,0,0,0,0,0,0,0,0,0,0,0,0,0,0,0,0,0,0,0,0,0,128,[84 -64 4 0 0 0 0 0 0 0 0 0 -6 -13 -6 -14 -5 -13 -5 -14 -4 -14 -4 -14 -3 -14 -3 -14 -2 -15 -2 -14 -3 -14 -2 -14 -2 -14 -2 -14 -1 -14 -2 -14 -1 -13 -1 -13 -1 -13 -1 -13 -1 -13 -1 -13 -1 -12 -1 -12 -2 -13 -2 -13 0 0 -2 -12 -2 -12 -2 -12 -2 -12 -3 -12 -2 -12 -3 -12 -3 -12 -3 -12 -4 -11 -4 -12 -4 -12 -5 -12 -5 -12 -5 -12 -5 -12 -5 -12 -6 -12 -5 -12 -5 -12 -6 -12 -6 -12 -6 -12 -6 -11 -7 -12 -7 -12 0 0 0 0 0 0 0 0 0 0]"
"1769237487066890,CSI_DATA,STATION,00:00:00:00:00:00,0,0,0,0,0,0,0,0,0,0,0,0,0,0,0,0,0,0,0,0,0,128,[84 -64 4 0 0 0 0 0 0 0 0 0 2 15 1 15 1 15 1 15 0 14 0 15 0 15 -1 14 -1 14 -2 15 -1 15 -2 14 -3 14 -2 14 -3 14 -3 13 -3 13 -3 13 -3 13 -3 13 -2 13 -2 13 -3 13 -3 12 -2 12 -2 13 0 0 -2 12 -1 12 -2 12 -1 12 -2 13 -1 12 -1 13 -1 12 -1 12 0 12 0 12 0 13 0 13 0 13 0 13 1 13 1 12 1 13 1 13 1 13 1 13 2 13 2 13 2 13 2 13 2 13 0 0 0 0 0 0 0 0 0 0]"
"1769237487073586,CSI_DATA,STATION,00:00:00:00:00:00,0,0,0,0,0,0,0,0,0,0,0,0,0,0,0,0,0,0,0,0,0,128,[84 -64 4 0 0 0 0 0 0 0 0 0 1 -15 1 -15 2 -14 3 -15 2 -15 3 -16 3 -15 4 -15 4 -14 5 -14 4 -14 5 -14 5 -13 5 -13 5 -14 5 -12 6 -13 5 -13 5 -13 5 -13 5 -12 5 -12 5 -12 5 -12 4 -12 5 -12 0 0 4 -12 4 -11 4 -12 4 -12 4 -13 4 -12 3 -12 3 -13 3 -13 3 -13 3 -13 2 -13 2 -13 2 -13 2 -13 2 -14 1 -13 1 -14 1 -14 1 -13 1 -14 1 -14 1 -13 1 -14 1 -14 0 -14 0 0 0 0 0 0 0 0 0 0]"
"1769237487078038,CSI_DATA,STATION,00:00:00:00:00:00,0,0,0,0,0,0,0,0,0,0,0,0,0,0,0,0,0,0,0,0,0,128,[84 -64 4 0 0 0 0 0 0 0 0 0 -7 12 -8 12 -7 11 -8 12 -9 11 -9 11 -9 11 -9 10 -10 10 -10 10 -10 10 -10 9 -11 9 -10 9 -10 9 -10 9 -11 9 -10 9 -10 8 -10 8 -9 8 -10 8 -10 8 -9 8 -9 8 -9 8 0 0 -9 8 -8 8 -8 9 -9 9 -8 9 -8 9 -8 9 -8 9 -8 9 -7 10 -7 10 -7 10 -7 10 -7 10 -7 10 -7 11 -6 10 -7 11 -7 11 -6 11 -7 11 -6 11 -6 11 -6 12 -6 11 -6 12 0 0 0 0 0 0 0 0 0 0]"
"1769237487084719,CSI_DATA,STATION,00:00:00:00:00:00,0,0,0,0,0,0,0,0,0,0,0,0,0,0,0,0,0,0,0,0,0,128,[84 -64 4 0 0 0 0 0 0 0 0 0 9 11 8 11 8 12 8 12 7 12 7 12 6 13 6 13 6 13 5 14 6 14 5 13 5 13 5 13 4 13 4 13 4 13 4 12 4 13 4 13 4 12 4 12 4 12 4 12 4 12 4 12 0 0 4 11 4 11 5 11 5 11 5 11 5 11 5 12 6 11 6 11 6 11 6 10 6 11 6 11 7 11 7 11 7 11 8 10 8 10 7 11 7 10 8 11 7 10 8 10 8 10 9 10 8 10 0 0 0 0 0 0 0 0 0 0]"
"1769237487089196,CSI_DATA,STATION,00:00:00:00:00:00,0,0,0,0,0,0,0,0,0,0,0,0,0,0,0,0,0,0,0,0,0,128,[84 -64 4 0 0 0 0 0 0 0 0 0 13 12 12 12 12 13 12 13 12 14 11 14 10 14 10 14 9 14 9 16 9 15 9 14 8 15 8 15 8 14 8 15 7 14 8 15 7 14 7 15 7 14 7 14 7 14 7 14 7 13 7 13 0 0 7 13 8 13 8 12 8 13 8 12 8 13 8 12 9 12 9 11 9 12 10 11 9 12 10 11 10 11 10 11 10 11 11 11 11 10 11 11 11 11 11 10 11 11 12 11 12 10 12 10 13 10 0 0 0 0 0 0 0 0 0 0]"
"1769237487095874,CSI_DATA,STATION,00:00:00:00:00:00,0,0,0,0,0,0,0,0,0,0,0,0,0,0,0,0,0,0,0,0,0,128,[84 -64 4 0 0 0 0 0 0 0 0 0 7 -12 8 -12 8 -11 8 -11 8 -11 10 -11 9 -10 10 -10 10 -10 10 -9 10 -9 10 -9 10 -9 10 -9 11 -9 10 -8 10 -9 10 -9 10 -8 10 -8 10 -7 10 -8 9 -8 10 -8 9 -8 9 -8 0 0 9 -8 8 -8 9 -9 8 -8 9 -9 8 -9 8 -9 8 -9 8 -9 8 -10 8 -10 8 -10 8 -10 8 -10 7 -10 8 -11 7 -11 8 -12 7 -11 7 -11 7 -11 7 -11 6 -11 7 -11 7 -12 7 -12 0 0 0 0 0 0 0 0 0 0]"
"1769237487100325,CSI_DATA,STATION,00:00:00:00:00:00,0,0,0,0,0,0,0,0,0,0,0,0,0,0,0,0,0,0,0,0,0,128,[84 -64 4 0 0 0 0 0 0 0 0 0 -11 -9 -11 -10 -10 -10 -10 -11 -10 -11 -10 -11 -9 -11 -9 -12 -9 -12 -8 -12 -8 -12 -8 -12 -8 -12 -8 -12 -7 -12 -7 -12 -7 -12 -7 -11 -7 -12 -6 -12 -7 -11 -7 -12 -6 -11 -7 -11 -7 -11 -7 -11 0 0 -7 -11 -7 -10 -7 -11 -7 -10 -8 -10 -7 -11 -8 -10 -8 -10 -8 -10 -8 -10 -9 -10 -9 -10 -9 -10 -9 -10 -9 -10 -9 -10 -10 -9 -10 -10 -10 -10 -10 -10 -10 -10 -10 -10 -10 -10 -11 -10 -10 -9 -10 -9 0 0 0 0 0 0 0 0 0 0]"
"1769237487104774,CSI_DATA,STATION,00:00:00:00:00:00,0,0,0,0,0,0,0,0,0,0,0,0,0,0,0,0,0,0,0,0,0,128,[84 -64 4 0 0 0 0 0 0 0 0 0 15 -1 15 -1 15 0 14 0 15 1 15 1 15 1 15 2 14 2 15 3 14 3 14 3 13 4 13 4 13 4 13 3 13 4 13 3 13 4 13 4 13 4 13 3 12 4 12 4 12 3 12 3 0 0 12 3 13 2 12 2 13 2 12 2 12 2 13 2 12 2 13 1 13 1 13 1 13 1 13 1 13 1 13 0 13 0 14 -1 14 0 13 -1 13 -1 14 -1 13 -1 14 -1 14 -1 14 -1 14 -1 0 0 0 0 0 0 0 0 0 0]"
"1769237487111450,CSI_DATA,STATION,00:00:00:00:00:00,0,0,0,0,0,0,0,0,0,0,0,0,0,0,0,0,0,0,0,0,0,128,[84 -64 4 0 0 0 0 0 0 0 0 0 15 -9 15 -8 15 -7 15 -6 16 -6 16 -6 16 -5 16 -5 16 -5 16 -3 16 -4 15 -4 16 -3 16 -3 16 -3 15 -3 15 -3 14 -3 15 -3 15 -3 14 -2 14 -3 14 -3 14 -3 14 -3 14 -4 0 0 14 -4 13 -4 13 -4 13 -4 13 -4 13 -4 13 -5 13 -5 13 -6 13 -6 12 -6 13 -6 12 -6 13 -6 12 -7 13 -7 13 -7 12 -8 13 -8 12 -8 12 -8 12 -8 12 -8 12 -9 12 -9 12 -9 0 0 0 0 0 0 0 0 0 0]"
"1769237487115905,CSI_DATA,STATION,00:00:00:00:00:00,0,0,0,0,0,0,0,0,0,0,0,0,0,0,0,0,0,0,0,0,0,128,[84 -64 4 0 0 0 0 0 0 0 0 0 7 -12 8 -12 8 -11 9 -11 9 -10 10 -11 9 -10 9 -10 10 -9 9 -9 10 -10 10 -10 10 -9 10 -9 10 -8 9 -8 10 -9 10 -9 10 -8 9 -8 9 -8 9 -8 9 -8 9 -8 8 -8 8 -9 0 0 8 -9 7 -8 8 -9 7 -9 7 -9 7 -9 7 -9 7 -10 6 -10 6 -10 6 -10 6 -10 6 -10 6 -10 6 -11 6 -11 5 -11 6 -12 5 -12 5 -12 5 -12 5 -11 5 -12 4 -12 5 -12 5 -12 0 0 0 0 0 0 0 0 0 0]"
"1769237487120397,CSI_DATA,STATION,00:00:00:00:00:00,0,0,0,0,0,0,0,0,0,0,0,0,0,0,0,0,0,0,0,0,0,128,[84 -64 4 0 0 0 0 0 0 0 0 0 -18 2 -19 1 -18 0 -19 0 -18 0 -18 -1 -18 -2 -18 -2 -18 -3 -18 -3 -18 -2 -17 -3 -17 -4 -17 -4 -16 -4 -16 -4 -16 -5 -17 -5 -16 -4 -15 -4 -15 -4 -15 -4 -15 -4 -15 -4 -15 -4 -15 -3 0 0 -14 -3 -14 -3 -14 -2 -14 -2 -15 -2 -14 -2 -14 -2 -15 -2 -14 -1 -15 -1 -15 -1 -15 -1 -15 0 -15 -1 -15 0 -15 0 -15 0 -15 0 -15 1 -15 0 -15 1 -16 0 -15 1 -16 1 -15 1 -16 1 0 0 0 0 0 0 0 0 0 0]"
"1769237487127068,CSI_DATA,STATION,00:00:00:00:00:00,0,0,0,0,0,0,0,0,0,0,0,0,0,0,0,0,0,0,0,0,0,128,[84 -64 4 0 0 0 0 0 0 0 0 0 0 18 0 18 -1 18 -2 19 -2 17 -3 18 -3 18 -3 18 -4 17 -5 17 -4 17 -4 16 -5 17 -5 16 -5 16 -5 16 -5 16 -6 15 -5 16 -5 15 -5 14 -5 14 -5 14 -4 14 -4 14 -4 15 0 0 -3 14 -3 14 -2 14 -2 14 -2 14 -2 14 -1 14 -1 13 -1 14 -1 13 0 14 -1 14 0 14 0 14 0 14 1 15 1 14 2 14 2 14 2 14 2 15 2 14 2 14 3 14 2 15 2 15 0 0 0 0 0 0 0 0 0 0]"
"1769237487131520,CSI_DATA,STATION,00:00:00:00:00:00,0,0,0,0,0,0,0,0,0,0,0,0,0,0,0,0,0,0,0,0,0,128,[84 -64 4 0 0 0 0 0 0 0 0 0 6 27 5 28 4 28 3 28 2 28 1 27 1 28 0 28 0 27 -1 27 -1 27 -2 26 -2 26 -2 26 -3 25 -3 25 -3 24 -3 24 -3 24 -2 24 -2 23 -2 23 -2 22 -1 23 -1 22 -1 22 0 0 0 21 0 21 0 21 1 21 2 21 2 21 2 21 2 21 3 20 3 20 4 20 4 20 5 20 5 20 5 20 6 20 6 21 7 19 7 20 7 19 8 19 8 19 9 19 9 20 9 19 10 19 0 0 0 0 0 0 0 0 0 0]"
"1769237487135946,CSI_DATA,STATION,00:00:00:00:00:00,0,0,0,0,0,0,0,0,0,0,0,0,0,0,0,0,0,0,0,0,0,128,[84 -64 4 0 0 0 0 0 0 0 0 0 4 16 3 17 2 16 2 16 2 16 1 17 0 16 0 16 0 16 -1 16 -1 16 -1 16 -1 15 -1 15 -1 16 -1 15 -1 14 -2 13 -2 15 -2 14 -1 14 -1 14 -1 13 -1 14 -1 13 0 13 0 0 0 13 0 12 1 13 1 12 1 13 1 12 1 13 2 12 2 12 2 11 2 12 3 13 3 12 4 13 4 12 4 12 4 11 5 12 5 11 5 11 5 12 5 12 6 11 6 11 6 12 6 12 0 0 0 0 0 0 0 0 0 0]"
"1769237487142467,CSI_DATA,STATION,00:00:00:00:00:00,0,0,0,0,0,0,0,0,0,0,0,0,0,0,0,0,0,0,0,0,0,128,[84 -64 4 0 0 0 0 0 0 0 0 0 -6 -18 -6 -18 -5 -18 -4 -18 -4 -18 -3 -18 -3 -18 -2 -18 -2 -18 -2 -18 -1 -18 -2 -17 -1 -17 -1 -18 0 -17 -1 -17 0 -16 0 -16 0 -16 0 -16 -1 -15 0 -16 0 -15 -1 -15 -2 -15 -2 -14 0 0 -2 -15 -2 -14 -2 -14 -2 -14 -3 -14 -3 -14 -3 -14 -4 -14 -4 -14 -4 -13 -5 -13 -5 -13 -5 -13 -5 -13 -6 -13 -6 -13 -6 -13 -6 -13 -6 -13 -6 -13 -7 -13 -7 -13 -7 -13 -8 -13 -8 -13 -8 -13 0 0 0 0 0 0 0 0 0 0]"
"1769237487146710,CSI_DATA,STATION,00:00:00:00:00:00,0,0,0,0,0,0,0,0,0,0,0,0,0,0,0,0,0,0,0,0,0,128,[84 -64 4 0 0 0 0 0 0 0 0 0 3 -17 4 -17 5 -17 5 -17 5 -16 6 -16 6 -15 7 -15 7 -15 7 -15 7 -15 8 -14 8 -14 8 -14 8 -14 7 -13 8 -13 8 -13 8 -14 7 -13 7 -13 7 -13 7 -12 7 -12 6 -12 6 -12 0 0 5 -12 5 -12 5 -12 4 -12 4 -12 4 -12 4 -12 4 -13 4 -12 3 -12 3 -13 3 -13 2 -13 2 -13 2 -13 2 -13 1 -14 1 -13 1 -13 1 -14 1 -14 1 -14 1 -13 0 -14 0 -13 0 -13 0 0 0 0 0 0 0 0 0 0]"
"1769237487153133,CSI_DATA,STATION,00:00:00:00:00:00,0,0,0,0,0,0,0,0,0,0,0,0,0,0,0,0,0,0,0,0,0,128,[84 -64 4 0 0 0 0 0 0 0 0 0 -9 -14 -9 -15 -8 -14 -8 -15 -7 -15 -7 -16 -6 -15 -6 -15 -5 -16 -5 -15 -5 -15 -5 -15 -5 -16 -4 -15 -4 -16 -4 -15 -4 -15 -4 -14 -3 -15 -3 -14 -3 -14 -3 -14 -3 -13 -4 -14 -4 -13 -4 -13 0 0 -4 -13 -4 -12 -5 -12 -4 -12 -5 -13 -4 -12 -5 -12 -6 -12 -6 -11 -6 -11 -7 -11 -6 -11 -6 -11 -7 -11 -7 -11 -7 -11 -8 -11 -8 -11 -8 -11 -8 -10 -8 -10 -8 -10 -8 -10 -9 -10 -9 -10 -9 -10 0 0 0 0 0 0 0 0 0 0]"
"1769237487157430,CSI_DATA,STATION,00:00:00:00:00:00,0,0,0,0,0,0,0,0,0,0,0,0,0,0,0,0,0,0,0,0,0,128,[84 -64 4 0 0 0 0 0 0 0 0 0 -10 -14 -9 -14 -9 -15 -9 -15 -8 -16 -8 -15 -7 -15 -7 -16 -6 -16 -6 -16 -6 -15 -6 -15 -6 -16 -5 -16 -4 -16 -5 -15 -5 -14 -5 -15 -4 -15 -4 -15 -4 -14 -4 -14 -4 -14 -5 -14 -5 -13 -5 -13 0 0 -5 -12 -5 -13 -5 -12 -5 -12 -6 -12 -6 -12 -6 -12 -7 -12 -6 -11 -7 -11 -8 -11 -8 -11 -7 -11 -8 -11 -8 -10 -8 -10 -9 -11 -9 -10 -9 -11 -9 -10 -9 -10 -9 -10 -10 -10 -10 -10 -10 -9 -10 -9 0 0 0 0 0 0 0 0 0 0]"
"1769237487163873,CSI_DATA,STATION,00:00:00:00:00:00,0,0,0,0,0,0,0,0,0,0,0,0,0,0,0,0,0,0,0,0,0,128,[84 -64 4 0 0 0 0 0 0 0 0 0 10 13 9 13 9 14 9 14 8 14 8 14 7 15 6 15 6 14 6 15 6 15 5 15 6 15 5 15 5 15 4 14 4 14 4 14 4 14 3 14 4 14 4 13 4 13 4 13 4 13 4 13 0 0 4 12 4 12 5 12 5 12 5 12 5 12 5 11 6 11 6 11 6 11 7 11 7 11 7 11 7 11 7 10 8 11 8 10 8 10 8 10 8 9 8 10 8 10 8 10 9 9 9 9 9 9 0 0 0 0 0 0 0 0 0 0]"
"1769237487168196,CSI_DATA,STATION,00:00:00:00:00:00,0,0,0,0,0,0,0,0,0,0,0,0,0,0,0,0,0,0,0,0,0,128,[84 -64 4 0 0 0 0 0 0 0 0 0 -9 -13 -9 -13 -8 -13 -8 -14 -7 -14 -7 -15 -6 -13 -6 -14 -6 -14 -5 -14 -5 -14 -5 -14 -5 -14 -5 -14 -4 -15 -4 -14 -4 -14 -4 -13 -4 -14 -4 -13 -4 -13 -4 -13 -4 -13 -4 -13 -4 -12 -4 -12 0 0 -4 -12 -5 -12 -5 -12 -5 -11 -5 -11 -5 -11 -6 -11 -6 -11 -6 -11 -6 -10 -7 -10 -7 -11 -7 -10 -7 -11 -7 -10 -8 -10 -8 -10 -8 -10 -8 -10 -8 -10 -9 -9 -8 -9 -9 -9 -9 -9 -9 -9 -9 -9 0 0 0 0 0 0 0 0 0 0]"
"1769237487172489,CSI_DATA,STATION,00:00:00:00:00:00,0,0,0,0,0,0,0,0,0,0,0,0,0,0,0,0,0,0,0,0,0,128,[84 -64 4 0 0 0 0 0 0 0 0 0 9 11 9 11 8 12 8 12 8 13 7 13 6 12 6 13 5 13 6 14 6 13 5 13 5 13 5 13 4 13 4 13 4 13 4 13 3 12 3 13 3 12 3 12 4 12 4 12 4 12 4 11 0 0 4 11 4 11 4 11 4 10 5 10 5 11 4 10 5 10 5 10 5 10 6 9 6 10 6 10 6 10 6 10 6 10 7 9 7 9 7 9 7 9 7 9 7 9 8 9 8 9 8 9 8 9 0 0 0 0 0 0 0 0 0 0]"
"1769237487178955,CSI_DATA,STATION,00:00:00:00:00:00,0,0,0,0,0,0,0,0,0,0,0,0,0,0,0,0,0,0,0,0,0,128,[84 -64 4 0 0 0 0 0 0 0 0 0 -8 -14 -7 -14 -7 -14 -7 -14 -6 -15 -6 -15 -5 -15 -5 -15 -4 -15 -4 -15 -4 -15 -3 -15 -3 -15 -3 -15 -3 -15 -3 -15 -3 -14 -2 -14 -2 -14 -3 -14 -3 -13 -3 -13 -2 -13 -2 -13 -2 -13 -3 -13 0 0 -3 -13 -3 -12 -4 -12 -4 -12 -4 -12 -4 -12 -4 -12 -5 -12 -5 -12 -5 -12 -5 -12 -5 -12 -5 -11 -5 -11 -6 -11 -6 -11 -6 -11 -7 -11 -7 -11 -7 -12 -7 -11 -7 -11 -7 -12 -7 -11 -7 -11 -8 -11 0 0 0 0 0 0 0 0 0 0]"
"1769237487183282,CSI_DATA,STATION,00:00:00:00:00:00,0,0,0,0,0,0,0,0,0,0,0,0,0,0,0,0,0,0,0,0,0,128,[84 -64 4 0 0 0 0 0 0 0 0 0 6 15 6 15 5 15 5 16 4 16 4 16 4 15 3 16 3 15 2 16 2 15 2 15 1 15 1 15 1 16 1 14 1 15 0 14 1 15 1 14 1 14 1 14 1 14 1 14 1 14 1 13 0 0 2 13 2 13 2 13 2 12 3 13 3 12 3 13 4 13 4 12 4 12 4 12 4 12 4 12 5 12 5 12 5 12 5 11 6 11 6 11 6 11 6 11 7 11 7 12 7 12 7 11 7 12 0 0 0 0 0 0 0 0 0 0]"
"1769237487189756,CSI_DATA,STATION,00:00:00:00:00:00,0,0,0,0,0,0,0,0,0,0,0,0,0,0,0,0,0,0,0,0,0,128,[84 -64 4 0 0 0 0 0 0 0 0 0 -12 -11 -12 -12 -12 -13 -11 -13 -11 -13 -10 -13 -10 -13 -10 -14 -9 -13 -9 -14 -9 -14 -9 -14 -9 -14 -8 -14 -8 -15 -8 -14 -7 -14 -7 -14 -7 -14 -7 -14 -7 -13 -7 -14 -7 -13 -7 -13 -7 -13 -7 -12 0 0 -7 -12 -7 -12 -7 -12 -8 -12 -8 -11 -8 -12 -8 -11 -8 -11 -9 -11 -9 -11 -9 -10 -9 -11 -9 -10 -10 -10 -10 -10 -10 -10 -10 -10 -10 -10 -11 -10 -10 -10 -11 -10 -11 -10 -11 -10 -12 -10 -12 -9 -11 -9 0 0 0 0 0 0 0 0 0 0]"
"1769237487194068,CSI_DATA,STATION,00:00:00:00:00:00,0,0,0,0,0,0,0,0,0,0,0,0,0,0,0,0,0,0,0,0,0,128,[84 -64 4 0 0 0 0 0 0 0 0 0 9 12 9 12 8 12 8 13 8 13 7 14 7 13 7 13 6 13 6 14 6 13 6 13 5 14 5 13 5 14 5 13 5 13 5 13 4 13 4 13 4 13 4 13 4 13 4 13 4 12 5 12 0 0 4 12 5 11 5 11 5 11 5 11 5 11 5 11 6 11 6 10 7 11 6 10 7 11 7 11 7 10 7 10 8 10 8 10 8 9 8 10 8 10 9 10 8 10 9 10 9 10 9 10 9 9 0 0 0 0 0 0 0 0 0 0]"
"1769237487198365,CSI_DATA,STATION,00:00:00:00:00:00,0,0,0,0,0,0,0,0,0,0,0,0,0,0,0,0,0,0,0,0,0,128,[84 -64 4 0 0 0 0 0 0 0 0 0 11 -8 12 -7 11 -7 12 -6 12 -6 13 -6 12 -5 13 -5 13 -4 12 -4 13 -4 12 -4 12 -3 12 -3 13 -3 12 -3 12 -3 12 -3 12 -3 12 -2 11 -2 12 -2 11 -3 11 -3 11 -2 11 -3 0 0 11 -3 10 -3 11 -3 10 -3 11 -4 11 -4 11 -4 10 -4 11 -4 10 -4 10 -5 10 -5 10 -5 10 -5 10 -5 10 -6 10 -6 10 -6 10 -6 10 -6 10 -6 10 -6 10 -6 10 -7 10 -7 10 -7 0 0 0 0 0 0 0 0 0 0]"
"1769237487204854,CSI_DATA,STATION,00:00:00:00:00:00,0,0,0,0,0,0,0,0,0,0,0,0,0,0,0,0,0,0,0,0,0,128,[84 -64 4 0 0 0 0 0 0 0 0 0 5 -14 7 -13 6 -13 7 -13 8 -13 8 -12 8 -12 9 -12 8 -12 9 -11 9 -11 9 -12 9 -11 9 -11 9 -11 9 -10 9 -10 9 -11 9 -10 9 -10 8 -10 8 -10 9 -10 8 -10 8 -10 8 -10 0 0 7 -10 7 -10 7 -10 7 -10 7 -10 6 -10 6 -11 6 -11 6 -11 6 -11 6 -11 5 -11 5 -11 5 -11 5 -12 4 -12 4 -13 4 -13 4 -13 4 -13 4 -13 4 -13 4 -13 4 -13 4 -13 3 -13 0 0 0 0 0 0 0 0 0 0]"
"1769237487209196,CSI_DATA,STATION,00:00:00:00:00:00,0,0,0,0,0,0,0,0,0,0,0,0,0,0,0,0,0,0,0,0,0,128,[84 -64 4 0 0 0 0 0 0 0 0 0 12 7 11 7 11 8 11 8 11 9 10 9 10 9 9 10 9 9 9 10 9 9 9 9 9 10 8 9 8 10 8 10 8 10 8 10 8 10 8 10 7 10 8 9 8 9 8 9 8 9 7 9 0 0 8 8 8 8 8 8 7 8 8 8 8 8 8 8 9 7 9 7 9 7 9 6 9 7 9 7 9 6 9 7 10 6 10 6 10 6 10 6 10 5 11 6 11 6 11 6 11 5 11 5 11 5 0 0 0 0 0 0 0 0 0 0]"
"1769237487215659,CSI_DATA,STATION,00:00:00:00:00:00,0,0,0,0,0,0,0,0,0,0,0,0,0,0,0,0,0,0,0,0,0,128,[84 -64 4 0 0 0 0 0 0 0 0 0 -5 -14 -5 -15 -4 -15 -4 -15 -3 -16 -3 -16 -2 -16 -2 -15 -2 -15 -1 -15 -1 -15 -1 -15 0 -15 -1 -15 0 -15 0 -14 0 -14 0 -14 0 -15 0 -15 0 -14 0 -13 0 -14 0 -13 -1 -13 0 -14 0 0 -1 -13 -1 -13 -1 -13 -1 -13 -1 -13 -2 -13 -2 -13 -2 -13 -2 -13 -3 -13 -3 -13 -3 -13 -3 -13 -3 -13 -3 -13 -3 -14 -4 -13 -4 -14 -4 -14 -4 -14 -4 -13 -5 -13 -4 -14 -5 -14 -5 -14 -5 -14 0 0 0 0 0 0 0 0 0 0]"
"1769237487219974,CSI_DATA,STATION,00:00:00:00:00:00,0,0,0,0,0,0,0,0,0,0,0,0,0,0,0,0,0,0,0,0,0,128,[84 -64 4 0 0 0 0 0 0 0 0 0 14 2 14 2 14 3 14 3 13 4 14 4 13 5 13 5 12 5 12 6 12 5 12 6 12 6 11 6 11 6 11 6 11 7 11 7 11 7 11 7 10 6 11 6 10 6 10 6 10 5 10 5 0 0 10 6 10 5 11 5 10 5 11 5 10 4 10 4 10 4 11 4 10 4 11 3 11 4 11 4 11 4 11 3 11 3 12 3 12 3 12 3 11 2 12 3 12 3 12 3 12 2 12 2 13 2 0 0 0 0 0 0 0 0 0 0]"
"1769237487224306,CSI_DATA,STATION,00:00:00:00:00:00,0,0,0,0,0,0,0,0,0,0,0,0,0,0,0,0,0,0,0,0,0,128,[84 -64 4 0 0 0 0 0 0 0 0 0 -4 -13 -3 -13 -3 -12 -3 -13 -2 -13 -2 -13 -1 -13 -1 -13 -1 -13 -1 -12 -1 -13 0 -13 0 -12 0 -12 0 -12 0 -12 1 -12 1 -12 0 -12 1 -12 1 -12 1 -11 1 -11 0 -11 0 -11 0 -11 0 0 0 -11 0 -11 0 -11 -1 -11 -1 -11 -1 -10 -1 -11 -1 -11 -1 -11 -2 -11 -1 -11 -2 -11 -2 -11 -2 -11 -2 -11 -2 -11 -2 -11 -3 -11 -3 -11 -3 -12 -3 -11 -3 -11 -3 -11 -4 -11 -4 -12 -4 -11 0 0 0 0 0 0 0 0 0 0]"
"1769237487230770,CSI_DATA,STATION,00:00:00:00:00:00,0,0,0,0,0,0,0,0,0,0,0,0,0,0,0,0,0,0,0,0,0,128,[84 -64 4 0 0 0 0 0 0 0 0 0 -3 15 -3 14 -4 15 -4 14 -4 14 -5 14 -5 14 -6 14 -5 13 -6 13 -6 13 -6 13 -7 12 -6 12 -7 12 -7 12 -7 12 -7 12 -7 12 -6 11 -6 11 -6 11 -6 11 -6 11 -6 11 -6 12 0 0 -5 11 -4 11 -4 11 -4 11 -4 11 -4 11 -4 11 -3 11 -3 11 -4 12 -3 12 -3 12 -2 12 -2 12 -2 12 -2 12 -2 13 -1 12 -1 12 -1 12 -1 13 -1 12 -1 12 -1 13 -1 13 0 13 0 0 0 0 0 0 0 0 0 0]"
"1769237487239476,CSI_DATA,STATION,00:00:00:00:00:00,0,0,0,0,0,0,0,0,0,0,0,0,0,0,0,0,0,0,0,0,0,128,[84 -64 4 0 0 0 0 0 0 0 0 0 -2 -15 -1 -16 0 -16 -1 -15 0 -16 1 -16 1 -15 2 -16 2 -15 2 -15 2 -15 3 -15 3 -15 3 -14 3 -14 3 -14 3 -13 3 -13 3 -14 3 -13 3 -13 3 -13 3 -12 3 -13 2 -13 2 -12 0 0 3 -12 2 -12 2 -12 1 -12 1 -12 1 -12 1 -12 0 -12 0 -12 0 -12 0 -13 0 -12 0 -12 -1 -13 -1 -12 -1 -12 -1 -12 -2 -12 -2 -13 -2 -13 -2 -12 -2 -12 -2 -13 -3 -12 -3 -12 -3 -12 0 0 0 0 0 0 0 0 0 0]"
"1769237487245897,CSI_DATA,STATION,00:00:00:00:00:00,0,0,0,0,0,0,0,0,0,0,0,0,0,0,0,0,0,0,0,0,0,128,[84 -64 4 0 0 0 0 0 0 0 0 0 5 -15 6 -14 6 -14 6 -14 7 -14 7 -13 8 -13 8 -13 8 -12 8 -12 8 -13 8 -12 8 -12 9 -12 9 -11 9 -11 9 -11 9 -11 9 -11 9 -10 9 -10 8 -10 8 -11 8 -10 7 -10 7 -11 0 0 7 -10 7 -10 6 -10 6 -10 6 -10 6 -11 6 -10 6 -11 5 -11 5 -11 5 -11 5 -11 4 -11 5 -11 4 -11 4 -12 4 -12 4 -12 4 -12 4 -12 3 -12 3 -12 3 -12 2 -13 2 -12 2 -13 0 0 0 0 0 0 0 0 0 0]"
"1769237487252278,CSI_DATA,STATION,00:00:00:00:00:00,0,0,0,0,0,0,0,0,0,0,0,0,0,0,0,0,0,0,0,0,0,128,[84 -64 4 0 0 0 0 0 0 0 0 0 -19 -12 -19 -13 -18 -13 -17 -14 -17 -14 -17 -15 -16 -15 -16 -15 -15 -15 -14 -16 -14 -16 -14 -16 -14 -17 -13 -16 -13 -16 -12 -16 -13 -16 -13 -16 -12 -16 -12 -15 -12 -15 -12 -15 -12 -14 -11 -15 -11 -14 -12 -14 0 0 -11 -13 -12 -13 -12 -13 -12 -12 -12 -13 -12 -12 -12 -12 -13 -12 -13 -11 -13 -10 -13 -11 -13 -10 -14 -10 -14 -10 -14 -10 -14 -9 -14 -10 -15 -9 -15 -9 -15 -9 -15 -9 -15 -9 -15 -9 -15 -9 -15 -8 -16 -8 0 0 0 0 0 0 0 0 0 0]"
"1769237487258622,CSI_DATA,STATION,00:00:00:00:00:00,0,0,0,0,0,0,0,0,0,0,0,0,0,0,0,0,0,0,0,0,0,128,[84 -64 4 0 0 0 0 0 0 0 0 0 15 -1 16 -1 15 0 15 0 15 1 15 1 15 2 15 2 14 3 15 2 14 3 14 3 14 3 14 3 14 4 13 3 13 4 13 4 13 4 13 4 13 4 12 4 12 4 12 4 12 3 12 2 0 0 12 3 11 3 11 2 12 2 12 2 12 2 12 2 12 1 12 1 11 1 12 0 12 0 12 0 12 0 12 0 12 0 12 0 13 -1 12 -1 12 -1 12 -1 12 -1 12 -1 13 -2 12 -2 12 -2 0 0 0 0 0 0 0 0 0 0]"
"1769237487262858,CSI_DATA,STATION,00:00:00:00:00:00,0,0,0,0,0,0,0,0,0,0,0,0,0,0,0,0,0,0,0,0,0,128,[84 -64 4 0 0 0 0 0 0 0 0 0 -8 -15 -8 -15 -7 -15 -7 -15 -7 -15 -7 -15 -6 -15 -6 -16 -5 -15 -5 -16 -4 -15 -4 -16 -4 -15 -3 -15 -3 -15 -3 -15 -3 -15 -3 -14 -3 -15 -4 -15 -3 -14 -4 -14 -3 -14 -3 -14 -3 -13 -4 -13 0 0 -4 -13 -4 -13 -4 -13 -3 -13 -5 -13 -5 -13 -5 -12 -6 -12 -5 -12 -6 -12 -6 -12 -5 -12 -6 -12 -6 -12 -6 -12 -6 -12 -7 -12 -7 -12 -7 -12 -7 -12 -8 -11 -8 -11 -8 -12 -8 -12 -8 -12 -8 -12 0 0 0 0 0 0 0 0 0 0]"
"1769237487267110,CSI_DATA,STATION,00:00:00:00:00:00,0,0,0,0,0,0,0,0,0,0,0,0,0,0,0,0,0,0,0,0,0,128,[84 -64 4 0 0 0 0 0 0 0 0 0 11 -9 12 -9 12 -8 12 -8 13 -8 13 -7 13 -7 13 -7 13 -6 13 -6 13 -6 13 -6 13 -5 13 -5 13 -5 12 -5 13 -4 12 -4 12 -4 12 -4 11 -4 12 -4 11 -5 12 -4 11 -5 11 -5 0 0 11 -4 11 -5 10 -5 10 -6 10 -5 10 -5 10 -5 9 -6 10 -6 9 -6 9 -7 9 -7 10 -7 10 -7 10 -7 9 -7 9 -7 9 -8 9 -8 9 -8 9 -8 9 -8 9 -8 8 -9 9 -9 9 -9 0 0 0 0 0 0 0 0 0 0]"
"1769237487273573,CSI_DATA,STATION,00:00:00:00:00:00,0,0,0,0,0,0,0,0,0,0,0,0,0,0,0,0,0,0,0,0,0,128,[84 -64 4 0 0 0 0 0 0 0 0 0 -12 11 -12 10 -12 10 -13 9 -13 9 -14 9 -13 8 -14 8 -14 7 -14 7 -13 7 -13 7 -13 6 -14 6 -14 5 -13 6 -13 6 -13 6 -13 5 -13 5 -13 5 -13 5 -13 6 -12 6 -12 5 -12 6 0 0 -12 6 -11 6 -11 6 -11 6 -11 6 -11 6 -11 6 -11 7 -10 7 -10 7 -10 8 -10 8 -10 7 -10 8 -10 8 -10 9 -10 8 -10 9 -9 9 -9 9 -9 9 -9 9 -9 9 -9 10 -9 10 -9 10 0 0 0 0 0 0 0 0 0 0]"
"1769237487277866,CSI_DATA,STATION,00:00:00:00:00:00,0,0,0,0,0,0,0,0,0,0,0,0,0,0,0,0,0,0,0,0,0,128,[84 -64 4 0 0 0 0 0 0 0 0 0 6 13 5 13 5 13 5 13 4 14 4 13 3 13 3 14 2 13 2 13 2 13 2 13 2 13 2 13 1 13 2 12 1 12 1 12 1 12 1 12 1 12 2 11 1 12 1 11 2 11 2 11 0 0 2 11 3 11 3 10 3 11 3 11 3 10 3 10 4 10 4 10 4 10 4 10 5 10 5 10 5 10 5 10 6 10 6 9 6 9 6 9 6 9 6 9 6 9 7 10 7 9 7 9 7 9 0 0 0 0 0 0 0 0 0 0]"
"1769237487284330,CSI_DATA,STATION,00:00:00:00:00:00,0,0,0,0,0,0,0,0,0,0,0,0,0,0,0,0,0,0,0,0,0,128,[84 -64 4 0 0 0 0 0 0 0 0 0 -12 12 -12 12 -12 11 -12 11 -13 10 -13 10 -14 10 -14 9 -14 8 -14 8 -14 9 -14 8 -14 8 -14 7 -13 7 -14 7 -13 7 -13 7 -13 7 -13 6 -13 6 -13 6 -13 7 -12 7 -12 6 -12 7 0 0 -12 7 -11 7 -11 7 -11 7 -11 7 -11 7 -11 8 -11 8 -10 8 -10 9 -10 9 -10 9 -10 9 -10 9 -10 9 -9 10 -9 10 -10 10 -9 10 -9 10 -9 10 -9 10 -9 11 -9 11 -9 11 -9 11 0 0 0 0 0 0 0 0 0 0]"
"1769237487288623,CSI_DATA,STATION,00:00:00:00:00:00,0,0,0,0,0,0,0,0,0,0,0,0,0,0,0,0,0,0,0,0,0,128,[84 -64 4 0 0 0 0 0 0 0 0 0 -13 8 -14 8 -14 7 -14 6 -14 6 -14 6 -14 5 -14 5 -14 4 -15 4 -14 5 -15 4 -14 4 -14 4 -14 3 -14 4 -14 4 -14 3 -13 3 -13 2 -13 3 -13 3 -13 3 -13 3 -12 3 -12 4 0 0 -12 4 -12 3 -12 4 -12 4 -11 4 -11 4 -11 4 -11 5 -11 5 -11 6 -11 6 -11 6 -11 6 -11 6 -11 6 -11 7 -10 7 -10 7 -11 7 -10 7 -11 8 -11 7 -10 8 -10 8 -10 9 -10 9 0 0 0 0 0 0 0 0 0 0]"
"1769237487292921,CSI_DATA,STATION,00:00:00:00:00:00,0,0,0,0,0,0,0,0,0,0,0,0,0,0,0,0,0,0,0,0,0,128,[84 -64 4 0 0 0 0 0 0 0 0 0 -3 -16 -2 -17 -2 -16 -2 -16 -1 -16 0 -16 1 -16 1 -16 1 -15 1 -15 1 -15 1 -15 2 -15 1 -15 2 -15 2 -14 2 -14 2 -14 2 -14 2 -14 2 -13 2 -13 2 -13 2 -13 1 -13 1 -13 0 0 1 -13 0 -12 0 -13 0 -12 0 -13 0 -13 0 -13 0 -13 0 -13 -1 -13 -1 -13 -2 -12 -2 -13 -2 -13 -2 -13 -3 -13 -3 -13 -3 -13 -3 -13 -3 -13 -3 -13 -3 -13 -4 -13 -4 -13 -4 -13 -4 -13 0 0 0 0 0 0 0 0 0 0]"
"1769237487299350,CSI_DATA,STATION,00:00:00:00:00:00,0,0,0,0,0,0,0,0,0,0,0,0,0,0,0,0,0,0,0,0,0,128,[84 -64 4 0 0 0 0 0 0 0 0 0 15 3 15 3 15 4 15 5 14 5 14 6 13 6 14 6 13 7 13 7 14 6 13 6 13 7 13 6 12 7 11 7 12 7 11 7 11 7 11 7 11 7 10 6 10 6 11 6 11 5 11 5 0 0 11 5 10 5 11 5 10 4 11 5 11 4 11 4 11 4 11 4 11 3 11 2 11 3 12 2 12 2 11 2 12 2 12 1 12 1 12 1 12 1 12 1 12 1 12 0 12 0 12 0 12 0 0 0 0 0 0 0 0 0 0 0]"
"1769237487303675,CSI_DATA,STATION,00:00:00:00:00:00,0,0,0,0,0,0,0,0,0,0,0,0,0,0,0,0,0,0,0,0,0,128,[84 -64 4 0 0 0 0 0 0 0 0 0 -3 -16 -2 -16 -2 -16 -2 -16 -1 -17 0 -16 0 -16 1 -16 1 -16 1 -16 1 -15 1 -15 2 -15 1 -15 2 -15 2 -14 2 -14 2 -14 2 -14 2 -14 2 -13 2 -13 2 -13 1 -13 1 -13 1 -13 0 0 1 -13 0 -12 0 -12 0 -13 0 -12 0 -12 -1 -12 -1 -12 -1 -13 -1 -12 -2 -12 -2 -12 -2 -12 -2 -13 -3 -13 -2 -12 -3 -13 -3 -13 -3 -13 -3 -13 -4 -13 -4 -13 -4 -13 -4 -13 -5 -13 -4 -12 0 0 0 0 0 0 0 0 0 0]"
"1769237487310160,CSI_DATA,STATION,00:00:00:00:00:00,0,0,0,0,0,0,0,0,0,0,0,0,0,0,0,0,0,0,0,0,0,128,[84 -64 4 0 0 0 0 0 0 0 0 0 12 -10 13 -10 12 -9 13 -9 13 -8 14 -8 13 -8 13 -7 13 -7 13 -6 13 -6 13 -6 13 -6 13 -5 13 -5 13 -5 13 -5 12 -5 12 -5 12 -4 12 -5 11 -5 11 -5 12 -6 11 -5 11 -5 0 0 11 -6 10 -5 10 -5 10 -6 10 -6 10 -6 10 -6 10 -7 9 -7 9 -8 9 -8 9 -7 9 -8 9 -8 9 -8 9 -9 8 -9 8 -9 9 -9 8 -9 9 -10 8 -9 8 -9 8 -10 8 -10 8 -10 0 0 0 0 0 0 0 0 0 0]"
"1769237487314464,CSI_DATA,STATION,00:00:00:00:00:00,0,0,0,0,0,0,0,0,0,0,0,0,0,0,0,0,0,0,0,0,0,128,[84 -64 4 0 0 0 0 0 0 0 0 0 8 -16 9 -16 9 -16 9 -15 10 -15 10 -14 10 -14 11 -13 11 -13 12 -13 11 -12 11 -12 11 -12 11 -11 11 -11 11 -11 11 -10 11 -10 11 -10 11 -10 11 -10 10 -10 11 -10 10 -10 9 -10 9 -10 0 0 9 -10 8 -10 8 -10 8 -10 8 -11 8 -11 7 -11 8 -11 7 -11 7 -11 7 -12 7 -11 6 -11 6 -12 6 -12 6 -12 6 -12 6 -13 5 -13 5 -12 5 -13 5 -13 5 -13 5 -13 5 -14 4 -14 0 0 0 0 0 0 0 0 0 0]"
"1769237487318772,CSI_DATA,STATION,00:00:00:00:00:00,0,0,0,0,0,0,0,0,0,0,0,0,0,0,0,0,0,0,0,0,0,128,[84 -64 4 0 0 0 0 0 0 0 0 0 15 -1 15 0 15 0 15 1 14 1 15 2 14 3 14 3 14 3 14 3 13 3 13 3 13 4 13 4 13 4 12 3 12 4 12 4 12 4 12 4 11 4 11 3 11 4 11 3 11 3 11 2 0 0 11 2 11 2 11 2 11 2 11 2 11 1 11 1 11 1 11 1 11 1 11 0 11 0 11 0 11 0 11 -1 11 -1 11 -1 12 -2 11 -1 11 -2 12 -2 11 -2 11 -2 11 -2 12 -3 12 -3 0 0 0 0 0 0 0 0 0 0]"
"1769237487325214,CSI_DATA,STATION,00:00:00:00:00:00,0,0,0,0,0,0,0,0,0,0,0,0,0,0,0,0,0,0,0,0,0,128,[84 -64 4 0 0 0 0 0 0 0 0 0 -14 2 -14 1 -14 1 -14 0 -14 0 -14 -1 -14 -1 -14 -1 -13 -2 -13 -2 -13 -2 -13 -2 -13 -2 -13 -3 -13 -3 -12 -3 -12 -3 -12 -3 -12 -3 -11 -3 -11 -3 -11 -3 -12 -3 -11 -3 -11 -2 -11 -2 0 0 -11 -2 -11 -2 -10 -2 -11 -1 -10 -2 -10 -2 -11 -1 -11 -1 -11 -1 -11 -1 -11 0 -11 0 -11 0 -11 0 -11 0 -11 1 -11 0 -11 1 -11 1 -11 1 -11 1 -11 1 -11 1 -11 2 -11 2 -11 2 0 0 0 0 0 0 0 0 0 0]"
"1769237487329507,CSI_DATA,STATION,00:00:00:00:00:00,0,0,0,0,0,0,0,0,0,0,0,0,0,0,0,0,0,0,0,0,0,128,[84 -64 4 0 0 0 0 0 0 0 0 0 -5 -15 -4 -15 -4 -15 -3 -15 -3 -16 -2 -15 -2 -15 -2 -15 -1 -15 -1 -15 -1 -15 -1 -14 0 -14 0 -14 0 -14 0 -14 0 -13 0 -13 0 -14 0 -13 0 -13 0 -13 0 -12 0 -12 -1 -12 -1 -13 0 0 -1 -12 -1 -12 -1 -12 -1 -12 -1 -12 -2 -12 -2 -12 -2 -11 -2 -11 -3 -12 -3 -12 -3 -11 -4 -11 -4 -11 -4 -12 -4 -11 -4 -12 -5 -12 -5 -12 -5 -12 -5 -11 -5 -11 -5 -12 -6 -11 -6 -11 -6 -11 0 0 0 0 0 0 0 0 0 0]"
"1769237487335988,CSI_DATA,STATION,00:00:00:00:00:00,0,0,0,0,0,0,0,0,0,0,0,0,0,0,0,0,0,0,0,0,0,128,[84 -64 4 0 0 0 0 0 0 0 0 0 -12 11 -13 11 -13 10 -13 10 -13 10 -13 9 -14 9 -14 8 -14 8 -14 8 -14 8 -14 7 -14 7 -14 7 -14 6 -13 6 -13 6 -13 6 -13 6 -13 5 -13 6 -13 6 -13 5 -13 6 -12 5 -12 6 0 0 -12 6 -12 6 -11 6 -11 6 -11 7 -11 7 -10 7 -10 7 -10 8 -10 8 -10 8 -10 8 -10 8 -9 8 -10 8 -9 9 -9 9 -9 9 -9 9 -9 10 -9 10 -9 10 -9 10 -9 10 -9 10 -8 11 0 0 0 0 0 0 0 0 0 0]"
"1769237487340434,CSI_DATA,STATION,00:00:00:00:00:00,0,0,0,0,0,0,0,0,0,0,0,0,0,0,0,0,0,0,0,0,0,128,[84 -64 4 0 0 0 0 0 0 0 0 0 4 13 4 13 3 14 3 13 3 13 3 13 2 14 1 13 1 13 1 13 0 13 0 13 0 13 0 13 0 13 0 12 -1 12 -1 12 -1 12 -1 12 -1 12 0 11 -1 11 0 11 0 11 0 11 0 0 1 11 1 11 1 11 1 10 1 10 1 10 1 10 2 10 1 10 2 11 2 10 3 10 3 10 3 10 3 10 3 10 3 10 4 10 4 10 4 10 4 10 4 10 4 10 5 9 4 10 5 10 0 0 0 0 0 0 0 0 0 0]"
"1769237487346794,CSI_DATA,STATION,00:00:00:00:00:00,0,0,0,0,0,0,0,0,0,0,0,0,0,0,0,0,0,0,0,0,0,128,[84 -64 4 0 0 0 0 0 0 0 0 0 6 14 6 14 5 14 5 15 4 14 4 15 3 15 3 16 2 15 2 15 2 15 2 15 2 15 2 14 1 15 1 14 1 14 0 13 1 14 0 14 0 13 0 13 1 13 1 13 1 13 1 13 0 0 1 12 1 12 2 12 1 12 2 12 2 12 2 12 3 12 3 11 3 11 4 11 4 11 4 12 4 11 4 11 4 12 5 11 5 11 5 11 5 11 5 11 5 11 6 11 7 11 6 11 6 11 0 0 0 0 0 0 0 0 0 0]"
"1769237487351065,CSI_DATA,STATION,00:00:00:00:00:00,0,0,0,0,0,0,0,0,0,0,0,0,0,0,0,0,0,0,0,0,0,128,[84 -64 4 0 0 0 0 0 0 0 0 0 13 -8 13 -7 13 -6 13 -6 14 -5 14 -5 13 -4 14 -5 14 -4 14 -3 14 -4 13 -3 13 -3 13 -3 13 -2 13 -3 12 -2 12 -2 12 -2 12 -2 12 -2 12 -2 12 -3 12 -2 12 -3 11 -3 0 0 11 -3 11 -3 11 -3 11 -4 11 -4 11 -4 11 -4 10 -4 10 -5 10 -5 10 -5 10 -5 10 -5 10 -5 10 -6 10 -6 10 -6 10 -7 10 -7 10 -7 10 -8 9 -7 10 -7 10 -7 10 -8 9 -8 0 0 0 0 0 0 0 0 0 0]"
"1769237487355419,CSI_DATA,STATION,00:00:00:00:00:00,0,0,0,0,0,0,0,0,0,0,0,0,0,0,0,0,0,0,0,0,0,128,[84 -64 4 0 0 0 0 0 0 0 0 0 -12 -6 -12 -7 -12 -7 -12 -8 -11 -8 -11 -9 -11 -8 -10 -9 -10 -9 -9 -10 -10 -9 -9 -9 -9 -9 -9 -9 -9 -9 -8 -9 -9 -9 -9 -9 -8 -9 -8 -9 -8 -9 -8 -8 -8 -9 -9 -9 -8 -8 -8 -8 0 0 -8 -8 -8 -7 -8 -8 -8 -7 -9 -8 -8 -7 -9 -7 -9 -7 -9 -6 -9 -6 -9 -6 -9 -6 -9 -6 -9 -6 -10 -5 -10 -5 -10 -6 -10 -6 -10 -5 -10 -5 -10 -5 -10 -5 -10 -5 -11 -5 -11 -4 -11 -4 0 0 0 0 0 0 0 0 0 0]"
"1769237487361940,CSI_DATA,STATION,00:00:00:00:00:00,0,0,0,0,0,0,0,0,0,0,0,0,0,0,0,0,0,0,0,0,0,128,[84 -64 4 0 0 0 0 0 0 0 0 0 13 5 12 5 12 5 12 6 12 7 11 7 11 7 11 8 11 7 10 8 11 8 10 8 10 8 10 8 9 8 9 8 9 8 9 8 9 7 9 8 9 8 8 7 8 7 9 7 9 7 9 6 0 0 9 6 8 6 9 6 8 6 9 6 9 6 8 6 9 5 9 5 9 5 9 5 9 5 10 5 10 4 10 4 10 4 10 4 11 4 10 3 10 3 11 3 10 3 11 3 11 3 11 3 11 3 0 0 0 0 0 0 0 0 0 0]"
"1769237487366325,CSI_DATA,STATION,00:00:00:00:00:00,0,0,0,0,0,0,0,0,0,0,0,0,0,0,0,0,0,0,0,0,0,128,[84 -64 4 0 0 0 0 0 0 0 0 0 -8 13 -9 12 -9 12 -10 12 -11 12 -11 11 -10 11 -11 11 -11 10 -12 10 -11 11 -11 10 -11 9 -11 9 -12 9 -11 9 -11 9 -11 8 -11 8 -11 8 -11 8 -11 8 -10 8 -10 8 -10 8 -10 8 0 0 -10 8 -9 8 -9 9 -9 8 -9 9 -9 9 -8 8 -9 9 -8 9 -8 10 -8 10 -8 10 -7 10 -7 10 -7 10 -7 11 -7 11 -7 11 -7 11 -7 11 -7 11 -6 11 -7 11 -6 11 -6 12 -6 12 0 0 0 0 0 0 0 0 0 0]"
"1769237487370658,CSI_DATA,STATION,00:00:00:00:00:00,0,0,0,0,0,0,0,0,0,0,0,0,0,0,0,0,0,0,0,0,0,128,[84 -64 4 0 0 0 0 0 0 0 0 0 -17 -2 -17 -3 -17 -4 -17 -5 -17 -5 -17 -5 -17 -5 -16 -6 -15 -7 -16 -7 -16 -6 -16 -7 -16 -7 -15 -7 -14 -8 -14 -7 -14 -7 -14 -7 -14 -8 -14 -7 -13 -7 -14 -7 -14 -7 -13 -7 -13 -6 -13 -6 0 0 -12 -6 -13 -6 -13 -5 -13 -5 -13 -5 -13 -5 -13 -5 -14 -5 -14 -4 -14 -4 -14 -3 -14 -3 -13 -3 -14 -3 -14 -3 -14 -2 -14 -3 -14 -3 -14 -2 -14 -2 -15 -2 -14 -3 -14 -2 -15 -2 -15 -1 -15 -1 0 0 0 0 0 0 0 0 0 0]"
"1769237487377163,CSI_DATA,STATION,00:00:00:00:00:00,0,0,0,0,0,0,0,0,0,0,0,0,0,0,0,0,0,0,0,0,0,128,[84 -64 4 0 0 0 0 0 0 0 0 0 -10 9 -10 10 -10 9 -11 8 -11 8 -11 8 -11 7 -12 7 -12 7 -11 7 -11 7 -11 6 -11 6 -11 6 -12 5 -11 5 -11 5 -11 5 -11 5 -11 5 -10 4 -11 5 -11 5 -10 5 -10 5 -10 5 0 0 -10 5 -10 5 -9 6 -9 5 -9 5 -9 5 -9 6 -9 6 -9 6 -9 7 -8 7 -8 7 -8 7 -9 7 -8 7 -8 7 -8 7 -8 7 -8 8 -8 7 -8 8 -8 8 -8 8 -7 9 -7 9 -8 8 0 0 0 0 0 0 0 0 0 0]"
"1769237487394154,CSI_DATA,STATION,00:00:00:00:00:00,0,0,0,0,0,0,0,0,0,0,0,0,0,0,0,0,0,0,0,0,0,128,[84 -64 4 0 0 0 0 0 0 0 0 0 -14 5 -14 4 -15 4 -15 3 -15 3 -15 3 -15 2 -15 1 -15 1 -15 1 -15 1 -15 1 -14 0 -14 0 -14 -1 -14 0 -14 0 -13 -1 -14 -1 -14 -1 -13 -1 -13 -1 -13 0 -13 0 -13 0 -13 0 0 0 -12 0 -12 0 -12 1 -12 1 -12 1 -12 1 -12 1 -12 1 -12 2 -12 2 -12 3 -12 2 -12 2 -12 3 -12 3 -12 3 -12 3 -12 4 -12 4 -12 4 -12 4 -12 4 -12 4 -12 4 -12 5 -12 5 0 0 0 0 0 0 0 0 0 0]"
"1769237487400637,CSI_DATA,STATION,00:00:00:00:00:00,0,0,0,0,0,0,0,0,0,0,0,0,0,0,0,0,0,0,0,0,0,128,[84 -64 4 0 0 0 0 0 0 0 0 0 -8 -11 -8 -11 -8 -11 -8 -12 -7 -11 -7 -12 -7 -12 -6 -12 -5 -12 -5 -12 -5 -12 -5 -12 -5 -13 -5 -12 -4 -12 -4 -12 -5 -12 -4 -12 -4 -12 -4 -12 -4 -11 -4 -11 -4 -11 -5 -11 -4 -11 -4 -10 0 0 -5 -10 -5 -10 -5 -10 -5 -9 -5 -10 -5 -10 -5 -10 -6 -10 -6 -10 -6 -9 -7 -9 -7 -9 -6 -9 -7 -10 -7 -9 -7 -9 -7 -9 -8 -9 -8 -9 -8 -9 -8 -9 -8 -9 -8 -9 -9 -9 -9 -8 -9 -8 0 0 0 0 0 0 0 0 0 0]"
"1769237487404967,CSI_DATA,STATION,00:00:00:00:00:00,0,0,0,0,0,0,0,0,0,0,0,0,0,0,0,0,0,0,0,0,0,128,[84 -64 4 0 0 0 0 0 0 0 0 0 -14 -8 -13 -8 -13 -9 -13 -9 -13 -9 -12 -10 -12 -9 -12 -10 -11 -10 -11 -11 -11 -10 -10 -11 -10 -11 -10 -11 -9 -11 -10 -11 -10 -10 -10 -10 -10 -10 -10 -10 -9 -10 -10 -10 -9 -10 -9 -10 -8 -10 -9 -9 0 0 -9 -9 -10 -9 -9 -8 -9 -9 -10 -9 -10 -8 -10 -8 -10 -8 -10 -8 -11 -8 -11 -8 -11 -8 -10 -7 -10 -7 -11 -7 -11 -6 -12 -7 -11 -7 -12 -6 -12 -6 -12 -6 -12 -6 -12 -7 -12 -6 -12 -6 -12 -6 0 0 0 0 0 0 0 0 0 0]"
"1769237487411474,CSI_DATA,STATION,00:00:00:00:00:00,0,0,0,0,0,0,0,0,0,0,0,0,0,0,0,0,0,0,0,0,0,128,[84 -64 4 0 0 0 0 0 0 0 0 0 13 -4 13 -3 12 -3 13 -2 13 -2 13 -1 13 -1 13 -1 12 -1 13 0 12 0 12 0 12 0 12 0 13 1 12 0 12 1 11 1 12 1 12 1 11 1 11 1 11 1 11 0 11 1 11 0 0 0 11 0 11 0 11 -1 11 -1 11 -1 11 -1 11 -1 11 -1 11 -2 10 -2 10 -2 11 -2 11 -2 11 -2 11 -3 11 -3 11 -3 12 -4 11 -3 11 -3 11 -3 11 -3 11 -3 11 -4 11 -4 12 -4 0 0 0 0 0 0 0 0 0 0]"
"1769237487415803,CSI_DATA,STATION,00:00:00:00:00:00,0,0,0,0,0,0,0,0,0,0,0,0,0,0,0,0,0,0,0,0,0,128,[84 -64 4 0 0 0 0 0 0 0 0 0 -6 13 -6 13 -7 12 -7 13 -8 12 -8 13 -9 12 -9 12 -9 11 -9 11 -9 11 -9 11 -9 11 -9 10 -9 10 -9 10 -10 10 -10 10 -9 10 -10 9 -9 9 -10 9 -9 9 -9 10 -9 9 -9 10 0 0 -9 9 -7 9 -8 10 -8 9 -8 10 -7 9 -7 9 -7 10 -7 10 -7 10 -7 11 -7 11 -7 11 -6 11 -6 11 -6 11 -6 11 -6 11 -6 12 -6 11 -6 12 -6 12 -6 11 -5 12 -6 12 -5 13 0 0 0 0 0 0 0 0 0 0]"
"1769237487422349,CSI_DATA,STATION,00:00:00:00:00:00,0,0,0,0,0,0,0,0,0,0,0,0,0,0,0,0,0,0,0,0,0,128,[84 -64 4 0 0 0 0 0 0 0 0 0 -1 14 -2 14 -3 14 -3 14 -4 14 -4 14 -5 13 -5 13 -5 13 -6 13 -5 14 -5 13 -6 13 -6 13 -6 13 -6 12 -6 12 -6 12 -6 12 -6 12 -6 12 -6 11 -5 12 -5 12 -5 11 -5 12 0 0 -5 11 -4 11 -4 12 -4 12 -4 12 -4 12 -4 12 -4 11 -4 11 -3 12 -3 12 -3 12 -3 12 -2 13 -3 12 -2 13 -2 12 -2 13 -2 13 -2 13 -2 13 -2 13 -1 13 0 13 -1 13 0 14 0 0 0 0 0 0 0 0 0 0]"
"1769237487428858,CSI_DATA,STATION,00:00:00:00:00:00,0,0,0,0,0,0,0,0,0,0,0,0,0,0,0,0,0,0,0,0,0,128,[84 -64 4 0 0 0 0 0 0 0 0 0 5 13 5 14 4 14 4 14 3 14 3 14 3 15 2 14 2 15 1 15 1 14 1 14 1 14 1 14 0 14 1 13 0 14 0 13 0 14 0 13 0 13 0 13 0 12 0 13 0 13 1 13 0 0 1 12 1 12 1 12 1 12 1 13 2 12 2 12 2 12 2 12 2 12 3 12 2 12 3 12 3 12 3 12 4 12 4 12 4 12 4 12 4 12 4 12 5 12 4 12 5 12 5 12 5 13 0 0 0 0 0 0 0 0 0 0]"
"1769237487433195,CSI_DATA,STATION,00:00:00:00:00:00,0,0,0,0,0,0,0,0,0,0,0,0,0,0,0,0,0,0,0,0,0,128,[84 -64 4 0 0 0 0 0 0 0 0 0 2 14 1 15 0 14 1 15 0 15 -1 15 -1 14 -1 15 -2 14 -2 14 -2 14 -3 14 -2 14 -2 14 -3 13 -3 13 -3 13 -3 12 -2 14 -3 13 -3 12 -2 13 -3 13 -3 13 -2 13 -1 13 0 0 -2 12 -1 12 -1 12 -1 12 -1 12 0 13 0 12 0 12 0 12 0 12 1 13 1 13 1 12 1 12 2 13 2 13 2 12 2 13 3 13 2 12 3 13 3 13 3 12 4 13 4 13 4 13 0 0 0 0 0 0 0 0 0 0]"
"1769237487439794,CSI_DATA,STATION,00:00:00:00:00:00,0,0,0,0,0,0,0,0,0,0,0,0,0,0,0,0,0,0,0,0,0,128,[84 -64 4 0 0 0 0 0 0 0 0 0 -11 8 -12 8 -12 7 -12 7 -13 6 -13 6 -12 6 -13 6 -13 5 -13 5 -13 4 -13 5 -13 4 -13 4 -13 4 -13 4 -13 4 -12 3 -12 3 -13 3 -12 3 -12 3 -12 3 -12 3 -12 3 -12 4 0 0 -11 4 -11 4 -11 4 -11 4 -11 4 -11 4 -11 5 -11 5 -10 5 -11 5 -11 6 -11 5 -11 6 -11 6 -11 6 -11 6 -10 6 -11 7 -11 7 -11 7 -11 8 -11 7 -10 7 -11 7 -11 7 -10 8 0 0 0 0 0 0 0 0 0 0]"
"1769237487444121,CSI_DATA,STATION,00:00:00:00:00:00,0,0,0,0,0,0,0,0,0,0,0,0,0,0,0,0,0,0,0,0,0,128,[84 -64 4 0 0 0 0 0 0 0 0 0 13 -3 14 -3 13 -3 13 -2 14 -2 14 -1 14 -1 14 0 13 -1 14 0 13 1 13 1 13 1 13 1 13 1 12 1 12 1 12 2 12 1 12 1 12 2 11 1 11 1 11 2 12 1 11 0 0 0 11 1 11 0 11 0 12 0 11 0 11 0 11 0 11 -1 11 -1 11 -1 11 -1 11 -1 11 -1 11 -1 12 -3 12 -2 12 -2 12 -3 12 -3 12 -3 12 -3 12 -3 12 -3 12 -3 12 -3 12 -4 0 0 0 0 0 0 0 0 0 0]"
"1769237487448409,CSI_DATA,STATION,00:00:00:00:00:00,0,0,0,0,0,0,0,0,0,0,0,0,0,0,0,0,0,0,0,0,0,128,[84 -64 4 0 0 0 0 0 0 0 0 0 11 8 11 8 11 9 10 9 11 9 10 10 10 9 9 10 9 10 9 11 9 10 8 10 8 11 8 10 8 10 8 10 8 10 8 10 8 10 8 9 7 9 8 9 7 9 8 9 7 8 8 8 0 0 8 8 8 8 8 7 8 7 9 8 8 7 9 7 9 7 9 6 9 6 9 6 9 6 10 6 10 6 10 6 10 5 11 5 11 5 11 5 11 5 11 4 11 5 11 5 11 5 12 4 12 4 0 0 0 0 0 0 0 0 0 0]"
"1769237487454759,CSI_DATA,STATION,00:00:00:00:00:00,0,0,0,0,0,0,0,0,0,0,0,0,0,0,0,0,0,0,0,0,0,128,[84 -64 4 0 0 0 0 0 0 0 0 0 1 -15 2 -15 2 -15 2 -15 3 -15 3 -15 4 -14 4 -14 4 -14 5 -14 5 -13 5 -13 5 -13 5 -13 5 -12 5 -13 6 -12 6 -12 5 -13 5 -12 5 -12 4 -12 5 -12 5 -12 4 -12 4 -12 0 0 4 -12 3 -11 3 -12 3 -12 3 -12 3 -12 3 -12 2 -12 2 -12 2 -12 2 -12 2 -12 1 -12 1 -12 1 -13 1 -13 1 -13 1 -13 1 -13 0 -13 0 -13 0 -13 0 -14 0 -13 0 -13 0 -13 0 0 0 0 0 0 0 0 0 0]"
"1769237487459050,CSI_DATA,STATION,00:00:00:00:00:00,0,0,0,0,0,0,0,0,0,0,0,0,0,0,0,0,0,0,0,0,0,128,[84 -64 4 0 0 0 0 0 0 0 0 0 -15 7 -16 7 -16 5 -17 5 -16 5 -16 4 -16 4 -17 4 -16 3 -16 2 -16 3 -16 3 -16 2 -16 2 -16 2 -15 2 -16 1 -15 0 -16 1 -15 1 -14 1 -15 0 -14 1 -15 1 -14 1 -14 2 0 0 -14 2 -13 2 -14 2 -13 2 -13 2 -13 2 -14 2 -13 3 -13 3 -13 4 -13 4 -13 4 -13 4 -13 4 -13 5 -13 5 -13 5 -13 5 -13 5 -13 5 -13 6 -14 5 -13 6 -13 6 -13 6 -13 7 0 0 0 0 0 0 0 0 0 0]"
"1769237487463472,CSI_DATA,STATION,00:00:00:00:00:00,0,0,0,0,0,0,0,0,0,0,0,0,0,0,0,0,0,0,0,0,0,128,[84 -64 4 0 0 0 0 0 0 0 0 0 11 9 11 10 10 10 10 11 9 11 9 11 9 11 9 11 8 12 7 12 8 12 7 12 7 11 7 12 7 12 6 11 6 11 6 11 6 11 6 12 6 11 6 11 6 10 6 11 6 11 6 10 0 0 6 10 6 10 6 9 6 9 7 9 7 9 7 9 7 9 7 9 7 8 7 8 7 9 8 9 8 9 8 8 8 8 9 8 9 8 9 8 9 8 9 8 9 8 9 7 10 7 10 8 10 8 0 0 0 0 0 0 0 0 0 0]"
"1769237487470157,CSI_DATA,STATION,00:00:00:00:00:00,0,0,0,0,0,0,0,0,0,0,0,0,0,0,0,0,0,0,0,0,0,128,[84 -64 4 0 0 0 0 0 0 0 0 0 -13 -10 -13 -10 -12 -11 -12 -10 -12 -11 -11 -11 -11 -11 -11 -12 -10 -12 -10 -13 -10 -12 -10 -12 -9 -13 -9 -12 -8 -12 -9 -12 -9 -12 -9 -12 -8 -12 -8 -12 -8 -12 -8 -11 -8 -11 -8 -11 -8 -11 -8 -10 0 0 -8 -10 -8 -10 -8 -10 -9 -10 -9 -10 -9 -9 -9 -9 -9 -9 -9 -9 -10 -9 -10 -8 -10 -9 -10 -8 -10 -8 -10 -8 -10 -8 -11 -8 -11 -8 -11 -8 -11 -8 -11 -8 -11 -7 -12 -8 -12 -8 -12 -7 -12 -7 0 0 0 0 0 0 0 0 0 0]"
"1769237487474634,CSI_DATA,STATION,00:00:00:00:00:00,0,0,0,0,0,0,0,0,0,0,0,0,0,0,0,0,0,0,0,0,0,128,[84 -64 4 0 0 0 0 0 0 0 0 0 -14 5 -14 4 -14 4 -14 3 -14 3 -14 3 -14 2 -14 2 -14 1 -14 1 -14 1 -14 1 -13 1 -13 1 -13 0 -14 1 -13 0 -13 0 -13 0 -13 0 -12 0 -12 0 -12 1 -12 0 -12 0 -12 1 0 0 -12 1 -12 1 -11 1 -11 2 -11 1 -11 2 -12 2 -11 2 -11 2 -11 3 -11 3 -11 2 -11 3 -11 4 -11 4 -11 4 -11 4 -11 4 -11 5 -11 4 -11 5 -11 5 -11 5 -11 5 -11 6 -11 6 0 0 0 0 0 0 0 0 0 0]"
"1769237487479026,CSI_DATA,STATION,00:00:00:00:00:00,0,0,0,0,0,0,0,0,0,0,0,0,0,0,0,0,0,0,0,0,0,128,[84 -64 4 0 0 0 0 0 0 0 0 0 -6 14 -6 14 -7 14 -7 13 -8 13 -8 13 -8 13 -9 13 -8 12 -9 12 -9 12 -9 11 -9 12 -9 10 -9 10 -9 11 -9 11 -9 11 -9 10 -9 10 -9 10 -8 10 -9 10 -8 10 -8 10 -8 10 0 0 -7 10 -7 10 -7 10 -7 11 -6 10 -6 10 -6 10 -6 10 -6 11 -6 11 -5 11 -5 11 -5 11 -4 11 -5 12 -4 12 -4 12 -4 11 -4 12 -4 12 -3 12 -3 12 -3 12 -3 12 -3 12 -3 13 0 0 0 0 0 0 0 0 0 0]"
"1769237487485681,CSI_DATA,STATION,00:00:00:00:00:00,0,0,0,0,0,0,0,0,0,0,0,0,0,0,0,0,0,0,0,0,0,128,[84 -64 4 0 0 0 0 0 0 0 0 0 8 -11 8 -11 9 -11 9 -10 10 -10 10 -10 10 -10 10 -9 10 -9 11 -8 10 -9 10 -8 10 -8 10 -8 11 -7 10 -7 10 -7 10 -8 10 -7 10 -7 9 -7 9 -7 9 -7 9 -7 9 -7 8 -7 0 0 8 -7 8 -7 8 -7 8 -7 8 -8 8 -8 8 -8 7 -8 7 -8 7 -8 7 -9 7 -9 7 -9 7 -9 7 -10 6 -10 6 -10 6 -10 6 -10 6 -10 6 -10 6 -10 6 -10 6 -11 6 -11 6 -11 0 0 0 0 0 0 0 0 0 0]"
"1769237487490121,CSI_DATA,STATION,00:00:00:00:00:00,0,0,0,0,0,0,0,0,0,0,0,0,0,0,0,0,0,0,0,0,0,128,[84 -64 4 0 0 0 0 0 0 0 0 0 -8 13 -8 12 -9 13 -9 12 -9 12 -10 12 -10 11 -10 11 -10 11 -11 10 -11 11 -10 9 -11 9 -11 9 -11 9 -10 9 -10 9 -11 9 -10 9 -10 9 -10 8 -10 8 -10 8 -10 9 -9 8 -9 8 0 0 -9 8 -8 9 -8 9 -8 9 -8 9 -8 9 -8 9 -8 9 -7 9 -7 10 -7 10 -7 10 -7 10 -7 10 -7 11 -6 11 -6 11 -6 11 -6 11 -6 11 -6 11 -5 11 -6 12 -5 12 -6 12 -5 12 0 0 0 0 0 0 0 0 0 0]"
"1769237487494593,CSI_DATA,STATION,00:00:00:00:00:00,0,0,0,0,0,0,0,0,0,0,0,0,0,0,0,0,0,0,0,0,0,128,[84 -64 4 0 0 0 0 0 0 0 0 0 14 1 15 2 14 2 14 2 14 3 14 4 14 4 14 4 13 5 13 5 13 5 12 5 12 5 12 5 12 5 11 5 12 5 12 5 12 5 11 5 11 5 11 4 11 4 11 5 11 4 11 3 0 0 11 3 11 3 11 3 11 3 11 3 11 3 11 2 11 2 11 2 11 1 11 1 11 1 12 1 12 1 12 0 12 0 12 0 12 0 12 0 12 0 12 -1 12 0 12 -1 12 -1 13 -1 13 -2 0 0 0 0 0 0 0 0 0 0]"
"1769237487501269,CSI_DATA,STATION,00:00:00:00:00:00,0,0,0,0,0,0,0,0,0,0,0,0,0,0,0,0,0,0,0,0,0,128,[84 -64 4 0 0 0 0 0 0 0 0 0 -15 -2 -15 -3 -15 -4 -15 -5 -14 -4 -14 -5 -14 -5 -14 -6 -13 -6 -14 -6 -14 -6 -13 -6 -13 -6 -13 -6 -13 -7 -12 -6 -13 -7 -12 -6 -12 -6 -12 -7 -11 -6 -12 -6 -11 -6 -12 -6 -12 -5 -12 -5 0 0 -11 -5 -11 -4 -12 -4 -11 -4 -12 -4 -12 -4 -12 -4 -12 -3 -12 -3 -12 -3 -13 -2 -13 -2 -13 -2 -13 -2 -12 -2 -13 -1 -12 -1 -13 -1 -13 -1 -13 -1 -13 0 -14 -1 -13 0 -13 0 -13 1 -13 0 0 0 0 0 0 0 0 0 0 0]"
"1769237487505688,CSI_DATA,STATION,00:00:00:00:00:00,0,0,0,0,0,0,0,0,0,0,0,0,0,0,0,0,0,0,0,0,0,128,[84 -64 4 0 0 0 0 0 0 0 0 0 4 13 4 13 3 13 3 14 2 13 2 14 1 14 1 14 0 13 0 13 0 14 0 13 0 13 0 13 -1 13 0 12 -1 13 -1 12 0 13 0 12 -1 12 -1 12 -1 11 0 12 0 11 0 12 0 0 0 11 1 11 1 11 1 11 1 11 1 11 2 11 2 11 2 11 2 11 2 11 2 11 3 11 3 11 3 11 4 11 4 11 4 11 4 11 4 11 4 11 4 11 4 11 5 11 5 11 5 12 0 0 0 0 0 0 0 0 0 0]"
"1769237487510162,CSI_DATA,STATION,00:00:00:00:00:00,0,0,0,0,0,0,0,0,0,0,0,0,0,0,0,0,0,0,0,0,0,128,[84 -64 4 0 0 0 0 0 0 0 0 0 -4 13 -4 13 -5 13 -5 13 -6 13 -6 12 -6 12 -7 12 -7 11 -7 11 -7 12 -7 11 -8 11 -7 11 -8 10 -8 10 -8 10 -8 11 -8 10 -7 9 -7 10 -8 9 -7 10 -7 10 -7 10 -7 10 0 0 -6 9 -6 10 -5 10 -6 10 -6 10 -6 10 -5 10 -5 10 -5 10 -5 10 -4 11 -4 11 -4 11 -4 11 -4 11 -4 11 -4 11 -4 11 -4 12 -4 11 -3 12 -4 12 -3 11 -3 12 -3 12 -3 12 0 0 0 0 0 0 0 0 0 0]"
"1769237487516847,CSI_DATA,STATION,00:00:00:00:00:00,0,0,0,0,0,0,0,0,0,0,0,0,0,0,0,0,0,0,0,0,0,128,[84 -64 4 0 0 0 0 0 0 0 0 0 -10 18 -11 19 -11 17 -12 18 -12 17 -13 17 -13 16 -13 16 -14 15 -13 15 -13 15 -14 15 -14 14 -14 13 -15 14 -14 13 -13 13 -13 12 -13 13 -14 12 -13 12 -13 11 -13 12 -12 12 -13 12 -12 13 0 0 -11 12 -11 12 -11 13 -11 13 -12 13 -10 13 -10 13 -9 13 -10 13 -9 13 -9 14 -9 14 -9 14 -9 15 -8 14 -8 16 -7 14 -8 15 -7 16 -7 15 -8 16 -7 16 -6 16 -6 16 -7 16 -6 17 0 0 0 0 0 0 0 0 0 0]"
"1769237487521296,CSI_DATA,STATION,00:00:00:00:00:00,0,0,0,0,0,0,0,0,0,0,0,0,0,0,0,0,0,0,0,0,0,128,[84 -64 4 0 0 0 0 0 0 0 0 0 13 -4 13 -3 12 -3 13 -2 12 -2 13 -2 13 -1 12 -1 13 -1 12 0 13 0 12 0 12 0 12 0 12 0 11 0 12 1 11 1 11 0 11 0 11 1 11 0 11 0 11 1 10 0 11 0 0 0 10 0 10 -1 11 -1 11 -1 10 -1 11 -1 11 -2 11 -2 10 -2 10 -2 10 -2 10 -2 11 -2 11 -3 11 -3 11 -3 10 -3 11 -4 11 -4 10 -4 11 -4 10 -4 11 -4 11 -4 11 -5 11 -5 0 0 0 0 0 0 0 0 0 0]"
"1769237487525750,CSI_DATA,STATION,00:00:00:00:00:00,0,0,0,0,0,0,0,0,0,0,0,0,0,0,0,0,0,0,0,0,0,128,[84 -64 4 0 0 0 0 0 0 0 0 0 4 -13 4 -13 4 -12 5 -12 5 -12 6 -12 6 -12 6 -11 6 -11 7 -11 7 -11 7 -10 7 -11 7 -10 7 -10 7 -10 7 -10 7 -10 7 -9 7 -9 7 -9 6 -9 7 -9 7 -9 6 -9 6 -9 0 0 6 -9 6 -9 5 -9 5 -9 5 -9 5 -9 5 -9 5 -10 5 -10 5 -10 4 -10 4 -10 4 -11 4 -10 4 -11 4 -11 4 -11 4 -11 4 -11 4 -11 4 -11 4 -11 3 -11 3 -12 4 -12 3 -12 0 0 0 0 0 0 0 0 0 0]"
"1769237487532386,CSI_DATA,STATION,00:00:00:00:00:00,0,0,0,0,0,0,0,0,0,0,0,0,0,0,0,0,0,0,0,0,0,128,[84 -64 4 0 0 0 0 0 0 0 0 0 2 -14 3 -14 3 -14 3 -14 4 -14 4 -14 4 -13 5 -13 5 -13 5 -13 5 -13 5 -12 6 -12 6 -12 6 -12 6 -12 6 -12 6 -12 6 -11 6 -11 6 -11 5 -11 6 -11 6 -11 5 -11 5 -11 0 0 5 -11 4 -11 4 -11 4 -11 4 -11 4 -11 4 -11 4 -12 3 -11 3 -12 3 -12 3 -12 2 -12 2 -12 3 -13 2 -12 2 -13 2 -13 2 -13 2 -13 2 -13 2 -13 1 -13 1 -13 1 -14 1 -14 0 0 0 0 0 0 0 0 0 0]"
"1769237487536915,CSI_DATA,STATION,00:00:00:00:00:00,0,0,0,0,0,0,0,0,0,0,0,0,0,0,0,0,0,0,0,0,0,128,[84 -64 4 0 0 0 0 0 0 0 0 0 -14 -2 -14 -3 -14 -4 -14 -4 -14 -4 -13 -5 -14 -4 -13 -5 -13 -5 -13 -6 -13 -6 -12 -6 -12 -6 -12 -6 -12 -6 -12 -6 -11 -6 -12 -6 -12 -6 -11 -6 -11 -6 -11 -6 -11 -6 -11 -6 -11 -6 -11 -5 0 0 -10 -5 -11 -4 -11 -4 -11 -4 -12 -5 -11 -4 -11 -4 -12 -4 -11 -3 -12 -3 -12 -3 -12 -3 -12 -3 -12 -3 -12 -3 -12 -2 -13 -3 -13 -2 -13 -2 -13 -2 -13 -2 -13 -2 -13 -2 -13 -2 -13 -2 -13 -1 0 0 0 0 0 0 0 0 0 0]"
"1769237487541375,CSI_DATA,STATION,00:00:00:00:00:00,0,0,0,0,0,0,0,0,0,0,0,0,0,0,0,0,0,0,0,0,0,128,[84 -64 4 0 0 0 0 0 0 0 0 0 0 -14 0 -14 1 -14 1 -14 1 -14 1 -14 2 -14 2 -14 2 -13 3 -14 3 -14 3 -13 3 -13 3 -13 3 -13 3 -12 3 -12 4 -12 3 -13 3 -12 3 -11 3 -11 3 -12 3 -12 2 -12 2 -12 0 0 2 -12 1 -11 1 -12 1 -12 1 -12 1 -12 0 -12 1 -12 1 -12 0 -12 0 -13 0 -12 -1 -12 -1 -12 -1 -12 -1 -13 -1 -13 -2 -13 -1 -13 -1 -13 -2 -13 -2 -13 -2 -13 -3 -13 -2 -13 -2 -13 0 0 0 0 0 0 0 0 0 0]"
"1769237487547732,CSI_DATA,STATION,00:00:00:00:00:00,0,0,0,0,0,0,0,0,0,0,0,0,0,0,0,0,0,0,0,0,0,128,[84 -64 4 0 0 0 0 0 0 0 0 0 -12 5 -13 5 -13 4 -13 4 -13 4 -13 3 -14 3 -13 3 -13 3 -13 2 -14 2 -13 2 -13 1 -13 1 -13 1 -12 1 -12 1 -12 1 -12 1 -13 1 -12 1 -12 1 -12 1 -12 0 -12 1 -11 1 0 0 -11 2 -11 2 -11 2 -11 2 -11 2 -11 2 -11 2 -11 3 -11 3 -11 3 -11 4 -11 3 -11 3 -11 4 -11 4 -11 4 -11 4 -11 4 -11 5 -11 5 -11 5 -12 5 -12 5 -11 5 -11 5 -11 5 0 0 0 0 0 0 0 0 0 0]"
"1769237487551974,CSI_DATA,STATION,00:00:00:00:00:00,0,0,0,0,0,0,0,0,0,0,0,0,0,0,0,0,0,0,0,0,0,128,[84 -64 4 0 0 0 0 0 0 0 0 0 -9 -9 -9 -9 -8 -9 -8 -9 -8 -10 -8 -10 -8 -10 -7 -10 -6 -10 -7 -11 -6 -11 -6 -11 -6 -11 -6 -11 -5 -11 -5 -10 -5 -10 -6 -10 -5 -10 -5 -10 -5 -10 -5 -10 -5 -10 -5 -10 -5 -10 -5 -9 0 0 -5 -9 -5 -9 -6 -9 -5 -9 -6 -9 -6 -9 -6 -8 -6 -8 -6 -8 -7 -8 -7 -8 -7 -8 -7 -8 -7 -8 -7 -8 -8 -8 -8 -8 -8 -8 -8 -8 -8 -8 -8 -8 -8 -8 -8 -8 -9 -8 -8 -8 -9 -8 0 0 0 0 0 0 0 0 0 0]"
"1769237487558697,CSI_DATA,STATION,00:00:00:00:00:00,0,0,0,0,0,0,0,0,0,0,0,0,0,0,0,0,0,0,0,0,0,128,[84 -64 4 0 0 0 0 0 0 0 0 0 -15 0 -14 -1 -14 -1 -15 -1 -14 -2 -14 -2 -14 -3 -14 -3 -14 -3 -13 -4 -14 -4 -13 -4 -13 -4 -13 -4 -12 -4 -12 -4 -12 -4 -12 -5 -12 -4 -12 -5 -12 -4 -11 -4 -11 -4 -12 -4 -11 -4 -12 -3 0 0 -11 -3 -11 -2 -11 -2 -11 -2 -12 -2 -11 -2 -11 -2 -12 -2 -11 -1 -11 -2 -12 -1 -12 -1 -12 -1 -12 -1 -12 0 -12 0 -12 0 -12 0 -12 0 -12 0 -13 0 -12 0 -12 0 -13 1 -12 1 -13 1 0 0 0 0 0 0 0 0 0 0]"
"1769237487563176,CSI_DATA,STATION,00:00:00:00:00:00,0,0,0,0,0,0,0,0,0,0,0,0,0,0,0,0,0,0,0,0,0,128,[84 -64 4 0 0 0 0 0 0 0 0 0 -5 -13 -5 -14 -4 -13 -4 -13 -3 -13 -3 -15 -2 -14 -2 -14 -1 -14 -2 -13 -2 -14 -1 -13 -1 -13 -1 -13 -1 -13 0 -13 0 -13 0 -12 0 -13 -1 -13 -1 -12 -1 -12 -1 -11 -1 -12 -1 -12 -1 -12 0 0 -1 -11 -2 -11 -2 -12 -2 -11 -2 -12 -2 -11 -3 -11 -3 -11 -3 -11 -3 -11 -4 -11 -3 -11 -4 -11 -4 -11 -4 -11 -4 -11 -4 -11 -5 -11 -5 -12 -5 -11 -5 -11 -5 -11 -5 -11 -6 -11 -6 -11 -6 -11 0 0 0 0 0 0 0 0 0 0]"
"1769237487567624,CSI_DATA,STATION,00:00:00:00:00:00,0,0,0,0,0,0,0,0,0,0,0,0,0,0,0,0,0,0,0,0,0,128,[84 -64 4 0 0 0 0 0 0 0 0 0 15 -1 15 0 15 1 15 1 15 2 15 2 14 3 15 3 14 3 14 4 14 4 14 4 14 4 13 4 13 5 13 4 13 5 13 5 12 4 12 4 12 4 12 4 12 4 12 4 12 4 12 3 0 0 12 3 11 3 12 2 12 2 12 3 12 2 11 1 12 1 11 1 11 1 12 1 12 1 12 0 12 0 12 0 12 -1 12 0 12 -1 12 -1 12 -1 13 -2 12 -1 13 -2 12 -2 12 -2 13 -2 0 0 0 0 0 0 0 0 0 0]"
"1769237487572074,CSI_DATA,STATION,00:00:00:00:00:00,0,0,0,0,0,0,0,0,0,0,0,0,0,0,0,0,0,0,0,0,0,128,[84 -64 4 0 0 0 0 0 0 0 0 0 10 10 9 10 8 10 9 10 8 10 8 11 7 11 7 11 6 12 6 11 6 11 6 11 6 11 6 11 5 12 5 11 5 11 5 10 4 11 5 10 4 10 5 11 4 10 5 10 4 10 4 10 0 0 5 9 5 9 5 9 5 9 5 9 5 9 5 9 6 9 6 8 6 8 6 8 7 8 7 8 7 8 7 8 7 8 7 7 7 7 8 7 7 7 8 7 8 7 8 7 8 7 8 7 9 7 0 0 0 0 0 0 0 0 0 0]"
"1769237487578678,CSI_DATA,STATION,00:00:00:00:00:00,0,0,0,0,0,0,0,0,0,0,0,0,0,0,0,0,0,0,0,0,0,128,[84 -64 4 0 0 0 0 0 0 0 0 0 3 -16 4 -16 5 -16 5 -15 6 -15 6 -15 7 -15 7 -14 7 -14 7 -14 7 -14 8 -13 8 -13 8 -13 8 -12 8 -13 8 -12 8 -12 8 -12 8 -12 7 -11 7 -11 7 -11 7 -11 6 -11 6 -12 0 0 6 -11 5 -11 5 -11 5 -11 5 -12 5 -11 5 -11 5 -12 4 -12 4 -12 4 -12 4 -12 3 -12 3 -12 3 -13 3 -13 3 -13 3 -13 3 -13 2 -13 2 -13 2 -13 2 -13 2 -14 1 -13 1 -14 0 0 0 0 0 0 0 0 0 0]"
"1769237487583166,CSI_DATA,STATION,00:00:00:00:00:00,0,0,0,0,0,0,0,0,0,0,0,0,0,0,0,0,0,0,0,0,0,128,[84 -64 4 0 0 0 0 0 0 0 0 0 -12 -9 -12 -9 -11 -10 -11 -10 -11 -11 -10 -10 -10 -11 -10 -11 -10 -11 -9 -12 -9 -11 -8 -11 -9 -12 -8 -12 -8 -12 -8 -11 -8 -11 -8 -11 -7 -11 -8 -11 -8 -11 -8 -10 -7 -11 -7 -11 -7 -10 -7 -10 0 0 -8 -9 -7 -9 -7 -9 -7 -9 -8 -9 -8 -9 -8 -9 -8 -9 -8 -8 -9 -8 -9 -8 -9 -8 -9 -8 -9 -8 -9 -8 -10 -7 -10 -7 -10 -7 -10 -7 -10 -7 -10 -7 -11 -7 -10 -7 -11 -7 -11 -7 -11 -6 0 0 0 0 0 0 0 0 0 0]"
"1769237487589848,CSI_DATA,STATION,00:00:00:00:00:00,0,0,0,0,0,0,0,0,0,0,0,0,0,0,0,0,0,0,0,0,0,128,[84 -64 4 0 0 0 0 0 0 0 0 0 -11 -11 -12 -12 -11 -12 -11 -13 -11 -13 -10 -13 -10 -14 -9 -14 -9 -14 -9 -15 -8 -14 -8 -14 -8 -14 -7 -14 -7 -14 -8 -14 -7 -14 -7 -13 -7 -13 -7 -14 -7 -13 -7 -13 -6 -13 -7 -13 -7 -13 -7 -12 0 0 -6 -12 -7 -12 -7 -12 -7 -12 -8 -11 -8 -11 -8 -11 -8 -11 -8 -11 -9 -11 -9 -10 -9 -11 -9 -10 -9 -10 -9 -10 -9 -10 -10 -10 -9 -10 -10 -10 -10 -10 -11 -10 -10 -10 -10 -10 -11 -10 -11 -10 -11 -9 0 0 0 0 0 0 0 0 0 0]"
"1769237487598749,CSI_DATA,STATION,00:00:00:00:00:00,0,0,0,0,0,0,0,0,0,0,0,0,0,0,0,0,0,0,0,0,0,128,[84 -64 4 0 0 0 0 0 0 0 0 0 -10 12 -11 12 -11 11 -11 11 -11 10 -12 10 -12 10 -13 9 -12 9 -12 9 -12 9 -13 9 -12 8 -12 8 -13 7 -12 8 -13 8 -12 8 -12 7 -12 7 -12 7 -12 7 -11 7 -11 7 -11 7 -11 8 0 0 -11 8 -10 8 -10 8 -10 8 -10 8 -10 8 -10 9 -9 9 -9 9 -9 9 -9 10 -9 10 -9 10 -8 10 -8 10 -8 11 -7 10 -8 11 -8 11 -8 11 -7 12 -8 11 -7 11 -7 12 -7 12 -7 12 0 0 0 0 0 0 0 0 0 0]"
"1769237487605421,CSI_DATA,STATION,00:00:00:00:00:00,0,0,0,0,0,0,0,0,0,0,0,0,0,0,0,0,0,0,0,0,0,128,[84 -64 4 0 0 0 0 0 0 0 0 0 -8 -11 -8 -11 -8 -11 -8 -11 -7 -12 -7 -12 -7 -12 -6 -12 -6 -12 -6 -13 -5 -12 -5 -12 -5 -12 -5 -12 -4 -12 -5 -12 -4 -11 -4 -11 -4 -11 -4 -12 -4 -11 -4 -11 -4 -11 -4 -11 -4 -11 -4 -10 0 0 -4 -10 -5 -10 -5 -10 -5 -11 -5 -10 -5 -10 -6 -10 -6 -10 -6 -9 -6 -10 -6 -10 -6 -9 -6 -9 -7 -9 -7 -10 -7 -9 -7 -9 -7 -9 -8 -10 -8 -9 -8 -9 -8 -9 -8 -10 -8 -9 -8 -9 -8 -9 0 0 0 0 0 0 0 0 0 0]"
"1769237487609878,CSI_DATA,STATION,00:00:00:00:00:00,0,0,0,0,0,0,0,0,0,0,0,0,0,0,0,0,0,0,0,0,0,128,[84 -64 4 0 0 0 0 0 0 0 0 0 1 14 0 15 -1 14 -1 15 -1 14 -2 14 -3 14 -3 14 -3 14 -3 13 -3 14 -4 13 -4 13 -4 13 -4 13 -4 13 -5 13 -5 12 -4 13 -4 12 -4 12 -4 12 -4 12 -4 12 -3 11 -3 12 0 0 -3 11 -2 11 -2 11 -3 11 -3 12 -2 11 -2 11 -2 11 -1 11 -1 12 -1 12 -1 12 0 12 0 12 -1 11 0 12 0 12 0 12 1 12 0 12 1 12 1 12 1 12 1 13 1 12 1 13 0 0 0 0 0 0 0 0 0 0]"
"1769237487616587,CSI_DATA,STATION,00:00:00:00:00:00,0,0,0,0,0,0,0,0,0,0,0,0,0,0,0,0,0,0,0,0,0,128,[84 -64 4 0 0 0 0 0 0 0 0 0 8 10 7 11 7 11 7 11 6 11 6 11 6 11 5 12 5 12 4 12 5 12 4 12 4 12 4 11 4 12 4 11 3 11 3 11 3 11 3 11 3 11 3 10 3 10 3 10 3 10 3 10 0 0 4 10 4 10 4 9 4 9 4 10 5 10 4 9 5 9 5 9 5 9 5 9 5 9 6 9 6 9 6 9 6 9 6 8 7 8 7 9 6 8 7 9 7 8 7 9 7 8 7 9 7 8 0 0 0 0 0 0 0 0 0 0]"
"1769237487621060,CSI_DATA,STATION,00:00:00:00:00:00,0,0,0,0,0,0,0,0,0,0,0,0,0,0,0,0,0,0,0,0,0,128,[84 -64 4 0 0 0 0 0 0 0 0 0 -4 -15 -2 -16 -2 -16 -2 -16 -1 -16 -1 -16 0 -16 0 -16 0 -15 0 -15 0 -15 0 -15 1 -15 0 -15 1 -15 1 -14 2 -14 2 -14 1 -14 2 -14 1 -13 1 -13 1 -13 1 -13 1 -13 0 -13 0 0 0 -13 0 -12 0 -13 -1 -12 0 -13 -1 -13 -1 -13 -2 -13 -1 -13 -2 -12 -2 -13 -2 -13 -3 -12 -3 -13 -3 -13 -3 -13 -3 -13 -3 -13 -4 -13 -3 -13 -4 -13 -4 -13 -4 -13 -5 -13 -5 -13 -5 -13 0 0 0 0 0 0 0 0 0 0]"
"1769237487625535,CSI_DATA,STATION,00:00:00:00:00:00,0,0,0,0,0,0,0,0,0,0,0,0,0,0,0,0,0,0,0,0,0,128,[84 -64 4 0 0 0 0 0 0 0 0 0 -14 7 -15 6 -14 5 -15 5 -15 5 -15 4 -15 4 -15 4 -15 3 -15 3 -15 3 -14 3 -14 2 -15 2 -15 2 -15 2 -15 1 -13 1 -14 1 -14 1 -13 1 -13 1 -13 2 -13 2 -13 2 -13 3 0 0 -13 3 -12 3 -13 3 -12 3 -12 3 -12 3 -12 3 -12 4 -12 4 -12 5 -12 5 -12 5 -12 5 -12 6 -12 5 -12 6 -11 6 -11 6 -12 7 -11 7 -12 7 -11 7 -11 7 -11 8 -11 7 -11 8 0 0 0 0 0 0 0 0 0 0]"
"1769237487632198,CSI_DATA,STATION,00:00:00:00:00:00,0,0,0,0,0,0,0,0,0,0,0,0,0,0,0,0,0,0,0,0,0,128,[84 -64 4 0 0 0 0 0 0 0 0 0 11 10 10 11 10 11 10 11 9 12 9 12 9 11 8 12 8 12 7 13 7 12 7 12 7 13 6 12 6 13 6 12 6 12 6 11 6 12 5 11 6 11 6 11 5 11 5 12 5 11 6 10 0 0 6 10 6 10 6 10 6 10 6 10 7 9 7 9 7 9 7 9 7 9 7 9 7 9 8 9 8 9 8 9 8 9 9 8 9 8 9 8 9 8 9 8 9 8 10 8 10 8 10 8 10 8 0 0 0 0 0 0 0 0 0 0]"
"1769237487636642,CSI_DATA,STATION,00:00:00:00:00:00,0,0,0,0,0,0,0,0,0,0,0,0,0,0,0,0,0,0,0,0,0,128,[84 -64 4 0 0 0 0 0 0 0 0 0 9 -10 9 -9 9 -9 10 -9 10 -8 11 -8 10 -8 11 -8 11 -7 11 -7 11 -7 11 -7 11 -6 10 -6 11 -6 10 -6 10 -6 10 -6 10 -5 10 -5 10 -5 10 -6 10 -6 10 -6 9 -6 10 -6 0 0 9 -6 9 -6 9 -6 8 -6 8 -7 9 -7 8 -7 8 -7 8 -7 8 -8 8 -8 8 -8 8 -8 8 -8 8 -8 8 -9 7 -9 8 -9 8 -9 7 -9 8 -9 7 -9 7 -9 7 -9 7 -10 7 -10 0 0 0 0 0 0 0 0 0 0]"
"1769237487641216,CSI_DATA,STATION,00:00:00:00:00:00,0,0,0,0,0,0,0,0,0,0,0,0,0,0,0,0,0,0,0,0,0,128,[84 -64 4 0 0 0 0 0 0 0 0 0 9 8 9 9 8 9 8 9 8 10 8 10 7 10 7 10 6 10 6 11 6 10 6 10 5 10 5 10 5 11 5 10 5 10 5 9 5 10 5 10 5 10 5 9 4 10 4 10 5 10 5 9 0 0 5 9 5 9 5 9 5 9 5 9 5 9 6 8 6 8 6 8 6 8 6 8 6 8 6 8 7 8 7 8 7 8 7 8 7 8 8 7 8 8 8 8 8 8 8 8 8 7 8 8 8 8 0 0 0 0 0 0 0 0 0 0]"
"1769237487647669,CSI_DATA,STATION,00:00:00:00:00:00,0,0,0,0,0,0,0,0,0,0,0,0,0,0,0,0,0,0,0,0,0,128,[84 -64 4 0 0 0 0 0 0 0 0 0 5 10 5 11 5 11 5 11 4 11 4 12 3 11 3 12 3 11 2 12 2 11 2 11 2 11 2 11 2 12 2 11 2 11 1 10 1 11 2 10 1 11 2 10 1 10 2 10 2 10 2 10 0 0 2 10 3 10 3 10 3 10 3 10 3 10 3 10 4 9 3 9 4 9 4 9 4 10 4 9 5 9 5 9 5 9 5 9 6 9 5 9 6 9 6 9 6 9 6 9 6 9 7 9 6 9 0 0 0 0 0 0 0 0 0 0]"
"1769237487651979,CSI_DATA,STATION,00:00:00:00:00:00,0,0,0,0,0,0,0,0,0,0,0,0,0,0,0,0,0,0,0,0,0,128,[84 -64 4 0 0 0 0 0 0 0 0 0 -6 12 -6 12 -6 11 -7 11 -7 11 -8 11 -8 11 -9 10 -9 10 -9 10 -8 10 -9 9 -9 9 -9 9 -10 8 -9 9 -9 9 -9 9 -9 8 -9 8 -9 8 -9 8 -9 8 -9 8 -8 8 -8 9 0 0 -9 8 -8 8 -8 8 -8 8 -8 9 -8 8 -8 8 -8 8 -8 9 -8 9 -7 9 -8 9 -7 10 -7 10 -7 10 -7 10 -7 10 -7 10 -7 11 -7 11 -7 11 -7 11 -7 11 -7 11 -7 11 -7 11 0 0 0 0 0 0 0 0 0 0]"
"1769237487656319,CSI_DATA,STATION,00:00:00:00:00:00,0,0,0,0,0,0,0,0,0,0,0,0,0,0,0,0,0,0,0,0,0,128,[84 -64 4 0 0 0 0 0 0 0 0 0 -13 -1 -14 -2 -13 -2 -14 -3 -13 -3 -13 -4 -13 -4 -13 -4 -13 -5 -13 -5 -13 -4 -13 -5 -13 -5 -12 -5 -12 -6 -12 -5 -12 -5 -12 -5 -12 -6 -11 -6 -11 -6 -11 -6 -11 -5 -12 -5 -11 -5 -11 -4 0 0 -11 -4 -11 -4 -12 -4 -11 -4 -12 -4 -11 -4 -12 -4 -12 -4 -12 -3 -12 -3 -13 -3 -12 -3 -12 -2 -13 -3 -12 -2 -13 -2 -13 -2 -13 -2 -13 -2 -13 -2 -13 -2 -13 -2 -13 -2 -14 -1 -13 -1 -14 -1 0 0 0 0 0 0 0 0 0 0]"
"1769237487662759,CSI_DATA,STATION,00:00:00:00:00:00,0,0,0,0,0,0,0,0,0,0,0,0,0,0,0,0,0,0,0,0,0,128,[84 -64 4 0 0 0 0 0 0 0 0 0 5 -13 6 -13 6 -13 6 -13 7 -12 7 -13 7 -12 8 -12 8 -12 8 -11 8 -12 9 -11 8 -11 8 -11 9 -10 8 -11 8 -10 8 -10 9 -10 9 -10 8 -9 8 -10 8 -10 8 -10 8 -9 8 -10 0 0 8 -10 7 -9 7 -10 7 -10 7 -10 7 -10 7 -10 7 -11 6 -11 7 -11 6 -11 7 -11 6 -11 6 -11 6 -11 6 -12 6 -12 6 -13 6 -13 6 -12 6 -13 6 -12 6 -12 6 -13 6 -13 5 -13 0 0 0 0 0 0 0 0 0 0]"
"1769237487667046,CSI_DATA,STATION,00:00:00:00:00:00,0,0,0,0,0,0,0,0,0,0,0,0,0,0,0,0,0,0,0,0,0,128,[84 -64 4 0 0 0 0 0 0 0 0 0 3 -12 4 -12 4 -11 5 -11 5 -11 5 -12 5 -11 6 -11 6 -11 6 -11 6 -11 6 -10 6 -10 6 -10 7 -10 6 -10 7 -10 6 -10 7 -10 7 -9 6 -9 6 -9 6 -9 6 -9 6 -9 6 -9 0 0 6 -9 5 -9 5 -9 5 -9 5 -10 5 -10 5 -9 5 -10 5 -10 5 -10 4 -10 5 -10 4 -10 5 -10 4 -11 4 -11 4 -11 4 -12 4 -11 4 -11 4 -11 4 -11 3 -11 4 -11 4 -12 3 -12 0 0 0 0 0 0 0 0 0 0]"
"1769237487673647,CSI_DATA,STATION,00:00:00:00:00:00,0,0,0,0,0,0,0,0,0,0,0,0,0,0,0,0,0,0,0,0,0,128,[84 -64 4 0 0 0 0 0 0 0 0 0 1 13 0 13 -1 13 -1 13 -1 13 -1 13 -2 13 -3 13 -2 12 -3 13 -3 12 -3 12 -4 12 -3 12 -3 12 -3 11 -4 11 -4 11 -4 11 -3 11 -3 11 -3 11 -4 11 -3 11 -3 11 -3 11 0 0 -3 11 -2 11 -2 11 -3 11 -2 11 -1 11 -2 11 -2 11 -1 10 -2 11 -1 11 -1 11 -1 11 -1 11 -1 12 0 12 0 12 0 11 0 12 0 12 0 12 1 12 1 12 1 12 1 12 1 12 0 0 0 0 0 0 0 0 0 0]"
"1769237487678066,CSI_DATA,STATION,00:00:00:00:00:00,0,0,0,0,0,0,0,0,0,0,0,0,0,0,0,0,0,0,0,0,0,128,[84 -64 4 0 0 0 0 0 0 0 0 0 -7 -12 -7 -12 -6 -13 -6 -13 -5 -13 -5 -13 -4 -13 -4 -13 -4 -14 -4 -13 -4 -13 -4 -13 -3 -13 -3 -13 -3 -13 -3 -12 -3 -12 -2 -12 -3 -12 -3 -13 -3 -12 -3 -12 -3 -12 -3 -11 -3 -12 -3 -12 0 0 -4 -11 -4 -11 -4 -11 -4 -11 -4 -11 -4 -11 -4 -11 -5 -11 -4 -11 -5 -11 -6 -11 -5 -11 -6 -11 -6 -11 -6 -11 -6 -11 -6 -11 -7 -11 -7 -11 -7 -11 -7 -11 -7 -11 -7 -11 -7 -11 -8 -11 -8 -11 0 0 0 0 0 0 0 0 0 0]"
"1769237487682518,CSI_DATA,STATION,00:00:00:00:00:00,0,0,0,0,0,0,0,0,0,0,0,0,0,0,0,0,0,0,0,0,0,128,[84 -64 4 0 0 0 0 0 0 0 0 0 -16 -18 -16 -19 -15 -20 -14 -20 -13 -21 -13 -20 -13 -20 -12 -21 -11 -21 -11 -21 -11 -21 -11 -20 -10 -21 -9 -21 -9 -20 -9 -20 -8 -20 -9 -19 -8 -19 -8 -19 -8 -19 -9 -19 -8 -18 -9 -19 -9 -18 -9 -17 0 0 -9 -17 -9 -17 -10 -17 -10 -16 -9 -16 -10 -17 -11 -16 -11 -15 -11 -16 -12 -15 -12 -15 -12 -15 -12 -15 -14 -14 -13 -14 -13 -14 -14 -15 -14 -14 -14 -14 -14 -13 -15 -14 -16 -13 -16 -14 -15 -14 -16 -13 -16 -12 0 0 0 0 0 0 0 0 0 0]"
"1769237487689219,CSI_DATA,STATION,00:00:00:00:00:00,0,0,0,0,0,0,0,0,0,0,0,0,0,0,0,0,0,0,0,0,0,128,[84 -64 4 0 0 0 0 0 0 0 0 0 -14 -4 -14 -5 -14 -6 -14 -6 -13 -7 -14 -7 -13 -7 -13 -7 -12 -7 -13 -8 -13 -7 -12 -8 -12 -8 -12 -8 -11 -8 -11 -8 -11 -8 -11 -8 -11 -8 -11 -8 -10 -8 -10 -8 -10 -8 -11 -8 -10 -7 -11 -7 0 0 -10 -7 -11 -6 -10 -6 -10 -6 -11 -6 -10 -6 -10 -5 -11 -6 -11 -5 -11 -5 -12 -5 -11 -5 -11 -5 -11 -5 -12 -4 -12 -4 -12 -4 -12 -4 -12 -4 -12 -3 -13 -4 -12 -3 -13 -4 -13 -3 -13 -3 -13 -3 0 0 0 0 0 0 0 0 0 0]"
"1769237487693678,CSI_DATA,STATION,00:00:00:00:00:00,0,0,0,0,0,0,0,0,0,0,0,0,0,0,0,0,0,0,0,0,0,128,[84 -64 4 0 0 0 0 0 0 0 0 0 1 14 1 14 0 14 0 15 0 14 -1 15 -2 14 -2 14 -2 13 -2 13 -2 13 -2 13 -2 13 -2 13 -3 13 -3 12 -3 12 -3 12 -3 12 -2 12 -3 12 -2 12 -2 12 -2 11 -2 11 -2 12 0 0 -1 11 -1 11 -1 12 -1 11 0 12 0 11 0 11 0 11 0 11 0 11 1 11 1 11 1 12 1 11 1 11 2 12 2 11 2 12 2 12 3 11 3 12 3 12 3 11 4 11 4 12 4 12 0 0 0 0 0 0 0 0 0 0]"
"1769237487698059,CSI_DATA,STATION,00:00:00:00:00:00,0,0,0,0,0,0,0,0,0,0,0,0,0,0,0,0,0,0,0,0,0,128,[84 -64 4 0 0 0 0 0 0 0 0 0 7 -12 8 -11 8 -11 8 -10 9 -10 9 -10 9 -9 10 -9 10 -9 10 -8 9 -9 10 -8 10 -8 10 -8 10 -7 10 -8 10 -8 10 -8 9 -7 10 -7 9 -7 9 -7 9 -7 9 -7 9 -7 9 -7 0 0 8 -7 8 -7 8 -7 8 -8 8 -7 8 -8 8 -8 8 -8 7 -8 7 -9 7 -8 7 -8 7 -8 7 -8 7 -9 7 -10 7 -10 7 -10 7 -10 7 -10 7 -10 7 -9 7 -10 7 -10 6 -10 7 -10 0 0 0 0 0 0 0 0 0 0]"
"1769237487704672,CSI_DATA,STATION,00:00:00:00:00:00,0,0,0,0,0,0,0,0,0,0,0,0,0,0,0,0,0,0,0,0,0,128,[84 -64 4 0 0 0 0 0 0 0 0 0 6 14 5 13 5 14 4 14 4 14 4 14 3 14 2 14 3 14 2 15 2 14 1 14 1 14 1 14 1 14 2 14 1 13 1 13 1 13 2 13 1 13 2 12 1 13 1 13 1 13 2 13 0 0 2 12 3 12 3 11 3 12 3 12 4 12 3 12 4 11 4 11 4 12 4 11 4 11 5 12 5 11 5 12 6 11 6 11 7 11 6 11 6 11 6 11 7 11 7 12 7 11 7 11 7 11 0 0 0 0 0 0 0 0 0 0]"
"1769237487709155,CSI_DATA,STATION,00:00:00:00:00:00,0,0,0,0,0,0,0,0,0,0,0,0,0,0,0,0,0,0,0,0,0,128,[84 -64 4 0 0 0 0 0 0 0 0 0 11 -10 12 -10 12 -9 12 -9 13 -9 14 -9 13 -7 14 -7 13 -7 14 -6 13 -7 13 -6 14 -6 13 -6 14 -6 13 -6 13 -6 13 -5 13 -5 13 -5 12 -5 12 -5 12 -5 12 -6 12 -5 12 -6 0 0 12 -6 11 -6 11 -6 11 -6 11 -6 12 -7 11 -7 11 -7 11 -7 10 -7 10 -8 11 -8 11 -8 10 -8 11 -9 10 -9 10 -9 11 -9 11 -10 10 -9 11 -10 10 -9 10 -9 10 -10 11 -10 10 -10 0 0 0 0 0 0 0 0 0 0]"
"1769237487713518,CSI_DATA,STATION,00:00:00:00:00:00,0,0,0,0,0,0,0,0,0,0,0,0,0,0,0,0,0,0,0,0,0,128,[84 -64 4 0 0 0 0 0 0 0 0 0 -8 12 -9 11 -9 11 -9 11 -9 10 -10 10 -10 10 -11 10 -10 9 -11 9 -10 9 -11 9 -11 9 -11 8 -11 8 -10 8 -10 9 -10 8 -11 8 -10 7 -10 8 -10 8 -10 8 -10 8 -9 8 -9 8 0 0 -9 8 -9 8 -8 8 -8 8 -9 8 -8 8 -8 8 -8 9 -8 9 -8 9 -7 10 -8 10 -7 10 -7 10 -7 10 -7 11 -7 11 -7 11 -7 11 -7 11 -7 11 -7 11 -7 11 -6 11 -7 12 -7 12 0 0 0 0 0 0 0 0 0 0]"
"1769237487720211,CSI_DATA,STATION,00:00:00:00:00:00,0,0,0,0,0,0,0,0,0,0,0,0,0,0,0,0,0,0,0,0,0,128,[84 -64 4 0 0 0 0 0 0 0 0 0 8 11 7 11 7 12 7 12 6 12 6 12 5 12 5 12 4 13 5 13 4 13 4 12 4 12 3 12 3 12 3 12 3 12 3 12 3 12 3 12 2 12 2 12 2 12 3 11 3 11 3 11 0 0 3 11 3 11 4 10 4 11 4 11 4 11 4 11 4 11 5 10 5 11 5 10 5 11 5 11 5 10 6 11 6 11 6 10 7 10 7 11 6 10 7 11 7 11 7 11 7 11 7 11 7 11 0 0 0 0 0 0 0 0 0 0]"
"1769237487724670,CSI_DATA,STATION,00:00:00:00:00:00,0,0,0,0,0,0,0,0,0,0,0,0,0,0,0,0,0,0,0,0,0,128,[84 -64 4 0 0 0 0 0 0 0 0 0 -3 13 -4 13 -4 13 -4 13 -5 13 -5 12 -6 12 -7 12 -6 12 -6 11 -7 12 -7 11 -7 11 -7 11 -7 10 -7 11 -7 11 -7 10 -6 10 -7 10 -7 10 -7 10 -7 10 -6 10 -6 10 -5 10 0 0 -6 9 -5 10 -4 10 -5 11 -5 10 -5 10 -5 10 -4 10 -4 11 -4 11 -4 11 -4 11 -4 11 -3 11 -3 12 -3 12 -3 12 -3 12 -3 12 -3 12 -3 12 -3 12 -2 12 -2 12 -2 13 -2 13 0 0 0 0 0 0 0 0 0 0]"
"1769237487729149,CSI_DATA,STATION,00:00:00:00:00:00,0,0,0,0,0,0,0,0,0,0,0,0,0,0,0,0,0,0,0,0,0,128,[84 -64 4 0 0 0 0 0 0 0 0 0 -14 -2 -14 -3 -14 -3 -14 -4 -13 -4 -14 -5 -13 -5 -13 -5 -12 -5 -12 -6 -13 -5 -12 -5 -12 -6 -12 -6 -12 -6 -11 -6 -12 -6 -11 -6 -11 -7 -11 -7 -11 -6 -11 -6 -11 -6 -11 -6 -11 -6 -11 -5 0 0 -11 -5 -11 -5 -11 -5 -11 -4 -11 -5 -11 -4 -11 -4 -12 -5 -11 -4 -12 -4 -12 -3 -12 -3 -12 -3 -12 -3 -12 -3 -13 -3 -13 -3 -13 -3 -13 -3 -13 -3 -13 -2 -13 -3 -13 -3 -14 -2 -14 -2 -13 -2 0 0 0 0 0 0 0 0 0 0]"
"1769237487735834,CSI_DATA,STATION,00:00:00:00:00:00,0,0,0,0,0,0,0,0,0,0,0,0,0,0,0,0,0,0,0,0,0,128,[84 -64 4 0 0 0 0 0 0 0 0 0 -10 11 -10 10 -11 9 -11 9 -11 9 -12 9 -11 9 -12 7 -12 7 -12 7 -12 7 -13 7 -13 7 -12 7 -13 6 -12 6 -12 7 -12 7 -12 6 -12 5 -11 6 -12 6 -11 6 -11 6 -11 6 -11 6 0 0 -11 6 -10 6 -10 6 -10 7 -10 7 -10 7 -10 7 -10 7 -10 7 -10 8 -10 9 -9 8 -10 8 -9 9 -9 9 -9 9 -9 9 -9 10 -9 10 -9 10 -9 10 -9 10 -9 10 -9 10 -9 11 -9 11 0 0 0 0 0 0 0 0 0 0]"
"1769237487740425,CSI_DATA,STATION,00:00:00:00:00:00,0,0,0,0,0,0,0,0,0,0,0,0,0,0,0,0,0,0,0,0,0,128,[84 -64 4 0 0 0 0 0 0 0 0 0 2 -15 3 -15 3 -15 4 -15 4 -14 4 -14 5 -14 5 -13 6 -13 6 -13 6 -13 6 -12 6 -13 6 -12 6 -12 6 -12 6 -12 6 -12 6 -12 7 -11 6 -11 6 -11 6 -11 5 -11 5 -11 5 -11 0 0 5 -11 4 -11 4 -11 4 -11 4 -11 4 -11 4 -11 4 -12 4 -11 3 -12 3 -12 3 -12 2 -12 3 -12 2 -12 3 -13 2 -13 2 -13 2 -13 2 -13 2 -13 2 -13 2 -14 1 -14 1 -14 1 -14 0 0 0 0 0 0 0 0 0 0]"
"1769237487744777,CSI_DATA,STATION,00:00:00:00:00:00,0,0,0,0,0,0,0,0,0,0,0,0,0,0,0,0,0,0,0,0,0,128,[84 -64 4 0 0 0 0 0 0 0 0 0 0 -15 0 -15 1 -15 1 -15 1 -15 2 -15 2 -14 3 -14 3 -14 3 -14 3 -14 4 -13 4 -13 4 -13 4 -13 4 -12 4 -12 5 -12 4 -12 4 -12 4 -12 4 -11 4 -12 4 -11 3 -11 3 -12 0 0 3 -11 2 -11 3 -11 2 -12 3 -11 1 -12 1 -12 1 -12 1 -12 1 -12 1 -12 1 -12 0 -12 0 -12 0 -13 0 -13 0 -13 0 -13 0 -13 -1 -13 -1 -13 -1 -13 -1 -13 -1 -14 -1 -13 -1 -13 0 0 0 0 0 0 0 0 0 0]"
"1769237487751156,CSI_DATA,STATION,00:00:00:00:00:00,0,0,0,0,0,0,0,0,0,0,0,0,0,0,0,0,0,0,0,0,0,128,[84 -64 4 0 0 0 0 0 0 0 0 0 5 13 4 13 3 13 3 14 3 13 2 14 1 14 1 14 1 13 1 13 1 13 0 13 0 12 0 13 0 13 0 12 -1 12 -1 11 0 12 0 12 0 12 0 11 0 11 0 11 0 11 0 11 0 0 0 11 1 11 1 11 1 10 2 11 2 11 1 11 2 10 2 10 2 10 2 10 3 11 3 11 3 11 3 10 4 11 4 10 4 11 4 11 4 10 5 11 5 11 4 10 5 10 5 11 5 11 0 0 0 0 0 0 0 0 0 0]"
"1769237487755479,CSI_DATA,STATION,00:00:00:00:00:00,0,0,0,0,0,0,0,0,0,0,0,0,0,0,0,0,0,0,0,0,0,128,[84 -64 4 0 0 0 0 0 0 0 0 0 14 1 14 2 14 3 14 3 14 4 13 4 14 4 13 5 13 5 13 5 13 5 12 5 12 6 12 6 11 6 11 5 11 6 11 6 11 6 11 6 10 6 10 6 10 5 10 6 10 5 10 4 0 0 10 5 10 4 10 4 10 4 11 5 10 4 10 3 10 4 11 3 10 3 11 3 11 3 11 3 11 3 11 2 11 2 11 2 12 1 12 1 12 1 12 1 12 2 12 1 12 1 12 1 12 1 0 0 0 0 0 0 0 0 0 0]"
"1769237487761921,CSI_DATA,STATION,00:00:00:00:00:00,0,0,0,0,0,0,0,0,0,0,0,0,0,0,0,0,0,0,0,0,0,128,[84 -64 4 0 0 0 0 0 0 0 0 0 9 -12 10 -11 10 -11 10 -11 11 -10 11 -10 11 -9 12 -9 12 -9 12 -8 12 -9 11 -8 11 -7 11 -8 12 -7 11 -7 11 -7 11 -7 11 -7 11 -7 10 -6 10 -7 11 -7 10 -7 10 -7 9 -7 0 0 9 -7 9 -7 9 -7 9 -8 8 -8 9 -7 9 -7 8 -8 8 -9 8 -9 7 -9 8 -9 7 -9 7 -9 7 -9 7 -10 7 -10 7 -11 7 -10 7 -10 7 -10 7 -10 7 -11 6 -11 7 -11 6 -11 0 0 0 0 0 0 0 0 0 0]"
"1769237487772615,CSI_DATA,STATION,00:00:00:00:00:00,0,0,0,0,0,0,0,0,0,0,0,0,0,0,0,0,0,0,0,0,0,128,[84 -64 4 0 0 0 0 0 0 0 0 0 12 -7 11 -7 12 -6 12 -5 12 -5 12 -5 12 -5 13 -5 12 -4 13 -3 12 -3 13 -3 12 -3 12 -2 12 -3 12 -2 12 -2 11 -2 11 -2 12 -2 11 -2 11 -2 11 -3 11 -2 11 -2 11 -3 0 0 10 -2 10 -3 10 -3 10 -3 10 -3 10 -4 10 -4 10 -4 9 -4 10 -5 10 -5 10 -4 10 -5 10 -5 10 -5 10 -6 9 -5 10 -6 10 -6 9 -6 9 -6 9 -6 10 -6 9 -7 9 -7 9 -7 0 0 0 0 0 0 0 0 0 0]"
"1769237487779065,CSI_DATA,STATION,00:00:00:00:00:00,0,0,0,0,0,0,0,0,0,0,0,0,0,0,0,0,0,0,0,0,0,128,[84 -64 4 0 0 0 0 0 0 0 0 0 9 11 9 12 8 12 8 13 7 13 7 12 6 13 6 14 5 13 5 14 6 13 5 13 5 13 4 13 4 13 4 13 3 13 4 12 3 13 4 13 4 12 3 12 3 12 4 12 4 12 4 11 0 0 4 11 5 11 4 11 4 11 5 11 5 11 5 11 5 10 5 10 6 10 6 10 6 10 6 10 7 10 6 10 7 10 7 9 7 9 7 10 7 10 8 9 8 10 8 10 9 9 9 9 9 9 0 0 0 0 0 0 0 0 0 0]"
"1769237487783439,CSI_DATA,STATION,00:00:00:00:00:00,0,0,0,0,0,0,0,0,0,0,0,0,0,0,0,0,0,0,0,0,0,128,[84 -64 4 0 0 0 0 0 0 0 0 0 -10 10 -10 9 -11 8 -11 8 -12 8 -12 7 -12 7 -12 7 -12 6 -13 6 -12 6 -13 6 -12 5 -12 6 -12 4 -12 5 -12 5 -12 5 -12 4 -12 4 -12 4 -11 4 -12 5 -11 5 -11 4 -11 5 0 0 -11 5 -11 4 -10 4 -10 5 -10 5 -10 5 -10 5 -10 5 -10 6 -10 6 -10 6 -10 6 -10 6 -9 7 -10 7 -10 7 -9 7 -9 7 -9 8 -9 7 -9 8 -9 8 -9 7 -9 8 -9 9 -9 8 0 0 0 0 0 0 0 0 0 0]"
"1769237487790150,CSI_DATA,STATION,00:00:00:00:00:00,0,0,0,0,0,0,0,0,0,0,0,0,0,0,0,0,0,0,0,0,0,128,[84 -64 4 0 0 0 0 0 0 0 0 0 -9 10 -10 10 -10 10 -10 10 -10 9 -11 9 -11 9 -12 8 -11 8 -12 7 -12 7 -11 7 -12 7 -12 7 -12 6 -11 7 -11 6 -11 6 -11 6 -11 6 -11 6 -11 6 -10 6 -10 6 -10 5 -10 6 0 0 -10 6 -10 6 -9 6 -10 6 -9 6 -9 6 -10 6 -9 7 -8 7 -9 8 -9 8 -9 7 -8 7 -8 8 -8 8 -8 8 -8 8 -8 9 -8 9 -8 9 -8 9 -8 9 -8 9 -7 9 -7 10 -7 10 0 0 0 0 0 0 0 0 0 0]"
"1769237487796833,CSI_DATA,STATION,00:00:00:00:00:00,0,0,0,0,0,0,0,0,0,0,0,0,0,0,0,0,0,0,0,0,0,128,[84 -64 4 0 0 0 0 0 0 0 0 0 -16 0 -16 0 -16 -1 -16 -1 -16 -2 -16 -2 -16 -2 -16 -3 -16 -3 -15 -4 -15 -4 -15 -4 -15 -5 -14 -4 -14 -5 -14 -4 -14 -5 -14 -5 -14 -5 -14 -5 -13 -4 -13 -4 -13 -4 -13 -5 -13 -4 -13 -4 0 0 -12 -3 -13 -3 -13 -3 -13 -2 -13 -3 -13 -3 -13 -2 -13 -2 -13 -1 -13 -1 -13 -1 -13 -1 -13 -1 -13 -1 -13 0 -13 0 -13 0 -13 0 -13 1 -14 1 -13 1 -13 1 -13 1 -14 1 -14 2 -14 2 0 0 0 0 0 0 0 0 0 0]"
"1769237487801294,CSI_DATA,STATION,00:00:00:00:00:00,0,0,0,0,0,0,0,0,0,0,0,0,0,0,0,0,0,0,0,0,0,128,[84 -64 4 0 0 0 0 0 0 0 0 0 7 11 7 12 6 12 6 12 5 12 5 12 5 12 4 12 4 13 3 13 3 12 3 12 3 12 3 12 3 13 3 12 2 12 2 11 2 12 2 12 2 12 2 11 2 11 2 11 3 11 3 11 0 0 3 10 3 10 3 10 3 10 4 10 4 10 4 10 4 9 4 9 5 9 5 9 5 9 5 9 6 9 5 9 6 9 6 8 6 9 6 8 6 9 7 9 7 9 7 9 7 8 7 8 7 8 0 0 0 0 0 0 0 0 0 0]"
"1769237487807976,CSI_DATA,STATION,00:00:00:00:00:00,0,0,0,0,0,0,0,0,0,0,0,0,0,0,0,0,0,0,0,0,0,128,[84 -64 4 0 0 0 0 0 0 0 0 0 -6 -15 -6 -15 -5 -15 -5 -15 -4 -15 -4 -15 -4 -15 -3 -16 -3 -16 -3 -16 -2 -15 -2 -15 -2 -15 -1 -14 -2 -15 -1 -15 0 -14 -1 -14 -1 -14 -1 -14 -1 -14 -1 -14 -1 -13 -1 -14 -1 -13 -2 -13 0 0 -2 -13 -2 -13 -2 -13 -2 -13 -2 -12 -3 -13 -3 -13 -3 -12 -3 -12 -4 -12 -4 -12 -4 -12 -4 -12 -4 -12 -4 -12 -5 -12 -5 -13 -5 -12 -5 -12 -5 -13 -6 -12 -6 -12 -6 -13 -6 -13 -6 -13 -6 -12 0 0 0 0 0 0 0 0 0 0]"
"1769237487814692,CSI_DATA,STATION,00:00:00:00:00:00,0,0,0,0,0,0,0,0,0,0,0,0,0,0,0,0,0,0,0,0,0,128,[84 -64 4 0 0 0 0 0 0 0 0 0 7 -13 8 -13 7 -13 8 -13 9 -13 9 -12 9 -12 10 -12 10 -11 10 -11 10 -11 10 -10 11 -11 10 -10 10 -10 10 -9 10 -9 10 -10 10 -9 10 -9 9 -9 9 -9 9 -9 10 -9 9 -8 9 -9 0 0 8 -9 8 -9 8 -9 8 -9 8 -10 7 -9 7 -10 7 -10 7 -10 7 -10 7 -10 7 -10 6 -10 6 -10 6 -11 6 -11 6 -11 6 -12 6 -12 6 -12 5 -12 5 -12 5 -12 5 -12 5 -12 5 -12 0 0 0 0 0 0 0 0 0 0]"
"1769237487819212,CSI_DATA,STATION,00:00:00:00:00:00,0,0,0,0,0,0,0,0,0,0,0,0,0,0,0,0,0,0,0,0,0,128,[84 -64 4 0 0 0 0 0 0 0 0 0 13 3 14 4 13 5 13 5 13 5 13 6 13 5 13 6 12 6 12 7 12 7 11 7 11 8 11 7 11 7 11 7 11 7 11 7 10 8 10 7 10 7 10 7 10 7 10 7 10 6 10 6 0 0 10 6 10 5 10 5 10 5 10 6 10 5 10 4 10 5 11 4 10 4 11 4 11 5 11 4 12 4 11 3 12 3 11 3 12 3 12 2 12 2 12 2 12 2 12 2 12 2 12 2 12 2 0 0 0 0 0 0 0 0 0 0]"
"1769237487825887,CSI_DATA,STATION,00:00:00:00:00:00,0,0,0,0,0,0,0,0,0,0,0,0,0,0,0,0,0,0,0,0,0,128,[84 -64 4 0 0 0 0 0 0 0 0 0 8 -12 9 -12 9 -11 9 -10 10 -10 10 -10 10 -10 11 -10 11 -10 11 -9 11 -9 11 -8 11 -8 11 -8 11 -7 11 -7 11 -8 11 -8 11 -7 11 -7 11 -7 10 -7 10 -7 10 -7 10 -7 10 -7 0 0 10 -7 9 -7 9 -7 9 -7 9 -8 9 -7 9 -8 9 -8 8 -8 8 -8 8 -9 8 -9 8 -8 8 -9 8 -9 8 -10 8 -10 8 -10 8 -10 8 -10 8 -10 8 -10 8 -10 7 -10 8 -10 7 -11 0 0 0 0 0 0 0 0 0 0]"
"1769237487830394,CSI_DATA,STATION,00:00:00:00:00:00,0,0,0,0,0,0,0,0,0,0,0,0,0,0,0,0,0,0,0,0,0,128,[84 -64 4 0 0 0 0 0 0 0 0 0 -8 11 -8 11 -9 11 -9 10 -9 10 -9 10 -10 10 -10 10 -10 10 -10 9 -10 9 -10 9 -11 9 -10 9 -10 8 -10 8 -11 8 -10 9 -11 8 -10 8 -10 8 -10 8 -10 8 -10 8 -9 8 -9 8 0 0 -9 8 -8 8 -8 8 -8 8 -8 9 -8 8 -8 9 -7 9 -8 9 -7 9 -7 9 -7 9 -7 10 -7 10 -7 10 -7 10 -6 10 -6 10 -6 11 -6 10 -5 11 -6 11 -5 11 -5 11 -5 11 -5 12 0 0 0 0 0 0 0 0 0 0]"
"1769237487834820,CSI_DATA,STATION,00:00:00:00:00:00,0,0,0,0,0,0,0,0,0,0,0,0,0,0,0,0,0,0,0,0,0,128,[84 -64 4 0 0 0 0 0 0 0 0 0 2 14 1 14 1 14 0 14 0 14 0 14 -1 14 -1 15 -1 14 -2 14 -2 14 -2 14 -3 14 -2 13 -3 13 -3 13 -3 13 -3 13 -3 13 -3 13 -3 13 -3 12 -3 12 -2 12 -2 12 -2 13 0 0 -2 12 -2 12 -1 12 -1 12 -1 13 -1 12 -1 12 0 12 -1 12 0 12 0 12 1 12 1 12 1 12 1 13 1 12 2 12 2 12 2 13 2 12 2 13 2 12 3 12 3 12 3 13 3 13 0 0 0 0 0 0 0 0 0 0]"
"1769237487841515,CSI_DATA,STATION,00:00:00:00:00:00,0,0,0,0,0,0,0,0,0,0,0,0,0,0,0,0,0,0,0,0,0,128,[84 -64 4 0 0 0 0 0 0 0 0 0 0 13 0 13 -1 13 -1 14 -2 13 -2 13 -3 14 -3 14 -3 13 -3 13 -3 14 -4 13 -4 13 -4 13 -4 13 -5 12 -5 13 -5 12 -5 12 -5 11 -5 12 -5 12 -4 12 -4 12 -4 11 -4 11 0 0 -4 12 -3 11 -3 11 -2 11 -3 12 -3 11 -3 11 -3 11 -3 12 -2 11 -2 12 -2 12 -1 12 -1 12 -1 12 -1 12 -1 12 -1 12 -1 12 -1 12 0 13 -1 12 0 12 0 12 0 13 0 13 0 0 0 0 0 0 0 0 0 0]"
"1769237487845908,CSI_DATA,STATION,00:00:00:00:00:00,0,0,0,0,0,0,0,0,0,0,0,0,0,0,0,0,0,0,0,0,0,128,[84 -64 4 0 0 0 0 0 0 0 0 0 -11 8 -11 8 -12 6 -12 6 -12 6 -13 6 -12 5 -13 5 -13 4 -13 4 -13 4 -13 4 -13 4 -13 4 -13 3 -13 4 -12 4 -12 3 -13 3 -12 2 -12 3 -12 3 -12 3 -12 4 -12 3 -12 3 0 0 -12 3 -12 3 -11 3 -11 4 -11 4 -12 3 -11 4 -11 4 -11 4 -11 5 -11 5 -11 5 -11 5 -11 5 -11 5 -11 5 -11 5 -11 6 -11 6 -11 6 -11 6 -11 6 -11 6 -11 7 -10 7 -11 7 0 0 0 0 0 0 0 0 0 0]"
"1769237487850290,CSI_DATA,STATION,00:00:00:00:00:00,0,0,0,0,0,0,0,0,0,0,0,0,0,0,0,0,0,0,0,0,0,128,[84 -64 4 0 0 0 0 0 0 0 0 0 3 12 2 13 2 13 1 12 1 13 1 13 0 13 0 13 0 13 -1 14 -1 13 -1 12 -1 12 -1 12 -1 13 -1 12 -1 12 -1 11 -1 12 -1 12 -1 12 -1 12 -1 11 -1 11 -1 11 -1 11 0 0 0 11 0 11 0 11 0 11 1 11 1 11 1 11 1 11 1 11 1 11 2 11 2 12 2 11 2 11 2 11 3 11 3 11 3 11 4 11 3 11 4 11 4 11 4 11 4 11 4 11 4 11 0 0 0 0 0 0 0 0 0 0]"
"1769237487856766,CSI_DATA,STATION,00:00:00:00:00:00,0,0,0,0,0,0,0,0,0,0,0,0,0,0,0,0,0,0,0,0,0,128,[84 -64 4 0 0 0 0 0 0 0 0 0 11 5 10 5 10 6 10 6 10 7 9 7 9 7 9 7 9 7 9 8 9 8 8 8 8 8 8 8 8 8 8 8 8 8 8 8 7 8 7 8 8 8 8 7 8 7 8 7 8 7 8 7 0 0 8 6 7 7 8 6 8 6 8 7 8 6 8 6 9 6 9 5 9 6 9 5 9 6 9 5 9 5 10 5 10 5 10 4 10 4 10 4 10 4 10 4 10 4 10 4 10 4 11 4 11 4 0 0 0 0 0 0 0 0 0 0]"
"1769237487861072,CSI_DATA,STATION,00:00:00:00:00:00,0,0,0,0,0,0,0,0,0,0,0,0,0,0,0,0,0,0,0,0,0,128,[84 -64 4 0 0 0 0 0 0 0 0 0 4 11 4 11 3 11 3 11 3 11 2 11 2 12 2 12 1 12 1 12 1 12 1 11 0 12 1 11 0 11 0 11 0 11 -1 11 0 11 0 11 0 11 0 10 0 11 0 10 1 10 1 10 0 0 0 10 1 10 1 10 1 10 1 10 1 10 1 10 1 10 1 10 1 10 2 10 2 10 2 10 2 10 2 10 2 10 3 10 3 11 3 11 3 10 3 11 3 10 4 10 4 10 4 10 3 10 0 0 0 0 0 0 0 0 0 0]"
"1769237487867502,CSI_DATA,STATION,00:00:00:00:00:00,0,0,0,0,0,0,0,0,0,0,0,0,0,0,0,0,0,0,0,0,0,128,[84 -64 4 0 0 0 0 0 0 0 0 0 14 2 14 2 14 2 14 3 13 3 13 4 14 4 13 4 13 5 13 6 13 5 12 5 12 6 12 6 11 6 12 5 12 6 12 6 11 6 11 6 11 6 11 6 11 6 11 6 10 5 11 5 0 0 11 4 11 4 11 4 11 4 11 4 11 4 11 4 11 4 11 3 11 3 11 3 12 3 12 3 12 3 12 2 13 3 12 3 13 2 13 2 12 2 13 2 12 2 13 2 13 1 13 1 13 1 0 0 0 0 0 0 0 0 0 0]"
"1769237487871811,CSI_DATA,STATION,00:00:00:00:00:00,0,0,0,0,0,0,0,0,0,0,0,0,0,0,0,0,0,0,0,0,0,128,[84 -64 4 0 0 0 0 0 0 0 0 0 -12 -8 -12 -8 -12 -8 -12 -9 -12 -8 -11 -9 -11 -9 -11 -9 -11 -9 -11 -10 -10 -10 -10 -10 -10 -11 -10 -10 -9 -11 -9 -10 -10 -10 -10 -10 -9 -10 -9 -10 -9 -10 -9 -10 -8 -9 -9 -10 -8 -9 -8 -9 0 0 -9 -9 -8 -9 -9 -9 -9 -8 -10 -9 -9 -8 -9 -8 -10 -8 -10 -8 -10 -8 -10 -8 -11 -8 -10 -7 -11 -7 -11 -7 -11 -7 -11 -7 -12 -7 -12 -7 -12 -7 -12 -7 -12 -7 -12 -7 -13 -7 -12 -7 -12 -6 0 0 0 0 0 0 0 0 0 0]"
"1769237487876144,CSI_DATA,STATION,00:00:00:00:00:00,0,0,0,0,0,0,0,0,0,0,0,0,0,0,0,0,0,0,0,0,0,128,[84 -64 4 0 0 0 0 0 0 0 0 0 -14 -1 -14 -2 -14 -3 -14 -3 -14 -3 -14 -3 -14 -4 -13 -4 -13 -4 -14 -4 -13 -5 -13 -4 -12 -5 -12 -5 -12 -5 -12 -4 -12 -4 -12 -5 -12 -5 -12 -4 -11 -5 -11 -4 -12 -4 -12 -4 -11 -4 -11 -4 0 0 -11 -4 -12 -3 -11 -3 -12 -2 -12 -3 -12 -2 -12 -2 -12 -2 -12 -2 -12 -2 -13 -1 -12 -2 -12 -1 -12 -1 -13 -1 -13 -1 -13 -1 -13 -1 -13 0 -13 0 -13 0 -13 0 -13 0 -13 0 -13 1 -13 0 0 0 0 0 0 0 0 0 0 0]"
"1769237487882627,CSI_DATA,STATION,00:00:00:00:00:00,0,0,0,0,0,0,0,0,0,0,0,0,0,0,0,0,0,0,0,0,0,128,[84 -64 4 0 0 0 0 0 0 0 0 0 9 -7 8 -6 9 -6 9 -6 9 -6 9 -5 9 -5 10 -5 10 -4 10 -4 10 -4 10 -4 10 -3 9 -3 10 -3 9 -3 9 -3 9 -3 9 -3 9 -3 9 -3 9 -3 9 -3 9 -3 9 -3 9 -3 0 0 9 -4 8 -3 8 -4 8 -4 8 -4 9 -4 8 -4 8 -4 8 -5 8 -5 8 -5 8 -5 8 -5 8 -5 8 -6 8 -6 8 -6 9 -6 8 -6 8 -7 9 -6 8 -6 8 -6 8 -7 9 -7 9 -7 0 0 0 0 0 0 0 0 0 0]"
"1769237487886943,CSI_DATA,STATION,00:00:00:00:00:00,0,0,0,0,0,0,0,0,0,0,0,0,0,0,0,0,0,0,0,0,0,128,[84 -64 4 0 0 0 0 0 0 0 0 0 -18 8 -18 7 -18 6 -19 6 -18 5 -19 5 -19 4 -19 4 -19 3 -18 3 -19 3 -18 2 -18 2 -18 2 -18 1 -17 1 -17 1 -16 1 -17 1 -17 0 -16 0 -16 0 -16 1 -16 1 -16 1 -16 2 0 0 -16 2 -15 2 -15 2 -15 3 -16 2 -16 2 -16 2 -15 3 -15 4 -15 4 -15 5 -15 4 -15 5 -16 5 -16 5 -16 6 -16 6 -16 6 -16 6 -16 6 -16 7 -16 6 -16 6 -16 8 -16 7 -17 8 0 0 0 0 0 0 0 0 0 0]"
"1769237487893361,CSI_DATA,STATION,00:00:00:00:00:00,0,0,0,0,0,0,0,0,0,0,0,0,0,0,0,0,0,0,0,0,0,128,[84 -64 4 0 0 0 0 0 0 0 0 0 -10 9 -10 9 -11 8 -11 8 -11 8 -12 8 -11 7 -11 7 -11 7 -11 6 -11 7 -11 6 -11 6 -11 6 -11 5 -11 6 -11 6 -11 6 -11 5 -11 5 -11 5 -10 5 -10 6 -10 5 -10 5 -10 5 0 0 -9 6 -9 6 -9 6 -9 6 -9 7 -9 6 -9 6 -9 7 -8 7 -9 7 -8 8 -8 8 -8 8 -8 8 -8 8 -8 9 -7 8 -8 9 -8 9 -8 9 -8 9 -8 9 -8 9 -7 10 -8 10 -7 10 0 0 0 0 0 0 0 0 0 0]"
"1769237487897671,CSI_DATA,STATION,00:00:00:00:00:00,0,0,0,0,0,0,0,0,0,0,0,0,0,0,0,0,0,0,0,0,0,128,[84 -64 4 0 0 0 0 0 0 0 0 0 -1 -15 0 -15 0 -14 1 -15 2 -14 2 -15 2 -14 3 -14 3 -14 3 -14 3 -13 3 -14 4 -13 4 -13 4 -13 4 -12 4 -12 3 -12 4 -12 4 -12 4 -11 3 -11 4 -12 3 -12 3 -11 3 -11 0 0 3 -12 3 -11 2 -11 2 -11 2 -11 2 -11 1 -11 2 -12 2 -11 1 -12 1 -12 0 -11 1 -12 1 -12 0 -12 0 -13 0 -13 0 -13 0 -12 0 -12 -1 -13 -1 -13 -1 -13 -1 -13 -1 -14 -1 -13 0 0 0 0 0 0 0 0 0 0]"
"1769237487901957,CSI_DATA,STATION,00:00:00:00:00:00,0,0,0,0,0,0,0,0,0,0,0,0,0,0,0,0,0,0,0,0,0,128,[84 -64 4 0 0 0 0 0 0 0 0 0 10 -6 11 -5 11 -5 11 -4 11 -4 11 -4 11 -3 11 -3 11 -3 12 -3 11 -2 11 -2 11 -2 11 -1 11 -1 10 -1 10 -1 10 -1 10 -1 10 -1 10 -1 10 -1 10 -2 9 -1 10 -1 9 -2 0 0 9 -2 9 -2 9 -2 9 -2 9 -2 9 -3 9 -3 9 -3 9 -3 9 -3 9 -4 9 -4 9 -4 9 -4 9 -4 9 -4 9 -4 9 -5 10 -5 9 -5 9 -5 9 -5 9 -5 9 -5 9 -6 9 -6 0 0 0 0 0 0 0 0 0 0]"
"1769237487908440,CSI_DATA,STATION,00:00:00:00:00:00,0,0,0,0,0,0,0,0,0,0,0,0,0,0,0,0,0,0,0,0,0,128,[84 -64 4 0 0 0 0 0 0 0 0 0 -12 5 -13 4 -13 4 -13 3 -13 3 -13 3 -13 2 -13 2 -13 2 -13 1 -13 1 -13 1 -13 1 -13 0 -13 0 -12 1 -12 0 -12 0 -12 0 -12 0 -11 0 -11 0 -11 0 -11 0 -11 0 -11 1 0 0 -11 1 -11 1 -10 1 -11 1 -10 1 -11 1 -10 2 -10 2 -10 3 -11 2 -10 3 -10 2 -10 3 -10 3 -11 3 -10 4 -10 3 -10 4 -11 4 -11 4 -10 5 -10 5 -11 4 -10 5 -10 6 -11 5 0 0 0 0 0 0 0 0 0 0]"
"1769237487912733,CSI_DATA,STATION,00:00:00:00:00:00,0,0,0,0,0,0,0,0,0,0,0,0,0,0,0,0,0,0,0,0,0,128,[84 -64 4 0 0 0 0 0 0 0 0 0 -9 -11 -9 -12 -9 -12 -8 -12 -8 -13 -7 -13 -7 -12 -7 -12 -6 -13 -6 -13 -6 -13 -5 -13 -5 -13 -5 -13 -5 -12 -5 -12 -5 -12 -5 -12 -5 -12 -5 -12 -5 -12 -5 -11 -5 -11 -5 -11 -4 -11 -5 -10 0 0 -5 -10 -5 -10 -6 -10 -5 -10 -6 -10 -6 -10 -6 -9 -7 -9 -7 -9 -7 -9 -7 -9 -7 -9 -7 -9 -8 -9 -8 -8 -9 -8 -9 -9 -9 -9 -9 -8 -9 -8 -9 -8 -10 -8 -10 -8 -10 -8 -10 -8 -10 -8 0 0 0 0 0 0 0 0 0 0]"
"1769237487919191,CSI_DATA,STATION,00:00:00:00:00:00,0,0,0,0,0,0,0,0,0,0,0,0,0,0,0,0,0,0,0,0,0,128,[84 -64 4 0 0 0 0 0 0 0 0 0 -18 2 -18 1 -17 0 -18 0 -17 -1 -18 -1 -18 -2 -17 -2 -17 -3 -16 -3 -17 -4 -16 -4 -16 -4 -16 -4 -16 -5 -15 -4 -15 -5 -14 -5 -15 -4 -14 -5 -14 -5 -14 -5 -14 -4 -14 -4 -14 -4 -14 -3 0 0 -13 -4 -13 -3 -14 -3 -13 -2 -14 -3 -13 -2 -13 -2 -13 -2 -13 -1 -13 -1 -13 -1 -13 -1 -13 0 -14 0 -13 0 -14 1 -13 1 -14 1 -14 1 -14 1 -13 1 -14 1 -13 1 -14 2 -14 2 -14 2 0 0 0 0 0 0 0 0 0 0]"
"1769237487923497,CSI_DATA,STATION,00:00:00:00:00:00,0,0,0,0,0,0,0,0,0,0,0,0,0,0,0,0,0,0,0,0,0,128,[84 -64 4 0 0 0 0 0 0 0 0 0 -16 3 -16 3 -17 2 -17 2 -16 1 -16 1 -17 1 -16 0 -16 0 -17 -1 -16 -1 -16 -1 -15 -1 -15 -2 -15 -2 -15 -1 -14 -2 -14 -1 -14 -2 -14 -1 -14 -2 -14 -1 -14 -1 -13 -1 -13 -1 -13 -1 0 0 -13 0 -13 0 -12 0 -13 0 -12 1 -13 1 -13 1 -13 1 -12 2 -13 2 -12 2 -12 2 -12 2 -12 3 -12 3 -12 3 -12 4 -12 4 -12 4 -12 5 -12 5 -12 5 -12 5 -12 5 -12 5 -12 6 0 0 0 0 0 0 0 0 0 0]"
"1769237487927797,CSI_DATA,STATION,00:00:00:00:00:00,0,0,0,0,0,0,0,0,0,0,0,0,0,0,0,0,0,0,0,0,0,128,[84 -64 4 0 0 0 0 0 0 0 0 0 12 6 12 6 11 7 11 7 10 8 10 8 10 8 10 8 10 8 9 9 9 9 9 8 9 9 9 9 9 9 8 8 8 9 8 8 8 8 8 8 8 8 7 7 8 7 8 8 7 7 8 7 0 0 8 6 8 6 8 6 8 6 8 6 8 6 8 5 8 5 8 5 8 5 8 4 9 4 9 4 9 4 9 4 9 4 9 3 10 3 10 3 10 3 10 2 10 2 10 2 10 2 10 1 10 2 0 0 0 0 0 0 0 0 0 0]"
"1769237487934195,CSI_DATA,STATION,00:00:00:00:00:00,0,0,0,0,0,0,0,0,0,0,0,0,0,0,0,0,0,0,0,0,0,128,[84 -64 4 0 0 0 0 0 0 0 0 0 14 7 14 7 14 8 13 8 13 9 13 9 13 9 12 10 11 10 12 11 11 10 11 10 11 10 10 10 10 10 10 10 10 10 10 10 10 10 9 10 9 10 9 9 9 9 9 9 9 9 9 9 0 0 9 8 9 8 9 8 9 7 9 8 9 8 9 7 10 7 10 6 10 6 10 6 10 6 10 6 10 5 10 5 11 5 11 5 11 5 11 4 11 4 11 4 11 5 12 4 11 4 12 3 12 3 0 0 0 0 0 0 0 0 0 0]"
"1769237487938490,CSI_DATA,STATION,00:00:00:00:00:00,0,0,0,0,0,0,0,0,0,0,0,0,0,0,0,0,0,0,0,0,0,128,[84 -64 4 0 0 0 0 0 0 0 0 0 -10 12 -10 11 -10 11 -10 10 -11 10 -12 10 -12 10 -12 9 -12 9 -12 8 -13 9 -12 8 -13 8 -12 8 -12 7 -12 8 -12 8 -11 8 -12 7 -12 7 -11 6 -11 7 -11 7 -11 7 -10 7 -11 7 0 0 -10 7 -9 7 -9 8 -9 8 -9 8 -9 8 -9 8 -9 8 -8 9 -8 8 -8 9 -8 8 -8 9 -7 9 -7 9 -7 10 -7 10 -7 10 -7 11 -7 10 -7 10 -6 10 -6 10 -6 11 -6 11 -6 11 0 0 0 0 0 0 0 0 0 0]"
"1769237487947226,CSI_DATA,STATION,00:00:00:00:00:00,0,0,0,0,0,0,0,0,0,0,0,0,0,0,0,0,0,0,0,0,0,128,[84 -64 4 0 0 0 0 0 0 0 0 0 14 4 15 5 14 6 14 6 14 7 13 7 13 7 13 8 13 8 13 9 13 8 12 8 12 9 12 8 11 9 11 9 11 9 11 8 11 9 11 9 10 8 10 8 10 8 11 8 10 7 10 7 0 0 10 7 10 7 10 6 10 6 11 7 11 6 11 6 11 6 11 6 11 5 12 5 12 5 11 5 12 5 12 4 12 4 12 4 12 4 13 4 12 4 13 3 13 4 13 3 13 3 13 3 13 2 0 0 0 0 0 0 0 0 0 0]"
"1769237487955840,CSI_DATA,STATION,00:00:00:00:00:00,0,0,0,0,0,0,0,0,0,0,0,0,0,0,0,0,0,0,0,0,0,128,[84 -64 4 0 0 0 0 0 0 0 0 0 -3 13 -4 13 -5 13 -4 13 -5 13 -5 13 -6 12 -6 13 -6 12 -7 12 -7 12 -7 12 -7 11 -7 11 -7 11 -7 11 -7 10 -8 11 -7 10 -7 10 -8 10 -7 10 -7 10 -7 10 -6 10 -6 10 0 0 -6 10 -5 10 -5 10 -5 10 -6 10 -5 10 -5 10 -5 10 -5 10 -5 11 -4 11 -4 11 -4 11 -4 11 -4 11 -4 11 -3 11 -3 11 -3 12 -3 12 -3 12 -3 12 -3 12 -2 12 -2 12 -2 12 0 0 0 0 0 0 0 0 0 0]"
"1769237487960172,CSI_DATA,STATION,00:00:00:00:00:00,0,0,0,0,0,0,0,0,0,0,0,0,0,0,0,0,0,0,0,0,0,128,[84 -64 4 0 0 0 0 0 0 0 0 0 12 5 11 5 12 5 11 6 11 7 11 7 11 7 10 8 10 8 10 8 10 8 9 8 9 9 9 8 9 9 9 8 9 8 9 8 8 8 8 9 8 8 8 8 8 8 9 8 8 8 8 7 0 0 8 7 8 7 9 7 9 6 9 7 9 7 9 6 9 6 9 6 9 6 9 6 9 6 9 6 10 5 10 5 10 5 11 5 11 5 11 5 11 5 11 5 11 5 11 5 11 4 12 5 11 4 0 0 0 0 0 0 0 0 0 0]"
"1769237487966612,CSI_DATA,STATION,00:00:00:00:00:00,0,0,0,0,0,0,0,0,0,0,0,0,0,0,0,0,0,0,0,0,0,128,[84 -64 4 0 0 0 0 0 0 0 0 0 -14 3 -14 2 -15 2 -15 1 -15 1 -15 1 -15 0 -15 0 -15 -1 -15 -1 -15 -1 -14 -1 -14 -2 -14 -2 -14 -2 -14 -2 -14 -3 -14 -3 -14 -3 -13 -3 -13 -2 -13 -2 -13 -2 -13 -2 -13 -2 -13 -2 0 0 -13 -2 -13 -1 -13 -1 -13 -1 -13 -1 -12 -1 -13 -1 -13 -1 -13 0 -13 0 -13 0 -13 0 -13 0 -13 0 -13 1 -13 1 -13 1 -13 1 -13 2 -13 1 -14 2 -14 2 -13 2 -13 2 -14 2 -14 2 0 0 0 0 0 0 0 0 0 0]"
"1769237487970910,CSI_DATA,STATION,00:00:00:00:00:00,0,0,0,0,0,0,0,0,0,0,0,0,0,0,0,0,0,0,0,0,0,128,[84 -64 4 0 0 0 0 0 0 0 0 0 14 0 14 0 14 1 14 1 14 2 14 2 14 2 14 3 14 3 13 4 13 4 13 4 13 4 13 4 13 5 12 4 12 5 12 4 12 5 12 5 11 4 12 4 12 4 12 5 11 4 11 3 0 0 11 3 11 3 11 4 11 3 12 3 11 3 12 3 11 2 12 2 12 2 11 2 12 2 12 2 12 2 12 1 12 1 12 1 13 1 13 1 12 0 13 0 13 0 13 0 13 1 13 0 13 0 0 0 0 0 0 0 0 0 0 0]"
"1769237487977335,CSI_DATA,STATION,00:00:00:00:00:00,0,0,0,0,0,0,0,0,0,0,0,0,0,0,0,0,0,0,0,0,0,128,[84 -64 4 0 0 0 0 0 0 0 0 0 -11 8 -12 8 -12 7 -13 7 -13 6 -13 6 -13 6 -13 5 -14 5 -13 5 -13 5 -13 4 -13 4 -13 4 -14 4 -13 4 -13 3 -13 3 -13 3 -13 3 -13 3 -12 3 -13 3 -12 3 -13 3 -12 4 0 0 -12 4 -12 4 -11 4 -12 4 -11 4 -12 4 -12 4 -11 4 -11 5 -11 5 -11 6 -11 5 -11 6 -11 6 -11 6 -11 7 -11 6 -11 7 -11 7 -11 7 -11 7 -11 7 -11 7 -11 8 -11 8 -11 8 0 0 0 0 0 0 0 0 0 0]"
"1769237487981636,CSI_DATA,STATION,00:00:00:00:00:00,0,0,0,0,0,0,0,0,0,0,0,0,0,0,0,0,0,0,0,0,0,128,[84 -64 4 0 0 0 0 0 0 0 0 0 9 -11 10 -11 10 -10 10 -10 11 -10 11 -10 11 -10 12 -9 12 -9 12 -8 12 -8 12 -8 12 -8 12 -7 12 -7 12 -7 12 -7 12 -7 12 -7 11 -6 11 -6 11 -7 11 -6 11 -7 11 -6 11 -7 0 0 11 -7 10 -6 10 -7 10 -7 10 -8 10 -7 10 -7 9 -8 9 -8 10 -8 9 -8 9 -8 9 -8 9 -9 9 -9 9 -9 9 -10 9 -10 9 -10 9 -10 9 -10 8 -10 8 -10 9 -10 9 -11 9 -11 0 0 0 0 0 0 0 0 0 0]"
"1769237487985943,CSI_DATA,STATION,00:00:00:00:00:00,0,0,0,0,0,0,0,0,0,0,0,0,0,0,0,0,0,0,0,0,0,128,[84 -64 4 0 0 0 0 0 0 0 0 0 14 -2 14 -2 14 -1 15 -1 14 0 15 0 15 0 15 0 14 0 14 1 14 2 14 2 14 2 14 2 14 2 13 2 13 2 13 2 13 2 13 1 13 2 12 2 12 2 12 2 12 2 12 1 0 0 13 1 12 1 12 1 12 0 12 0 12 0 12 -1 12 -1 12 -1 12 -1 12 -1 12 -1 12 -1 13 -2 12 -2 13 -3 12 -2 13 -4 13 -3 13 -3 13 -4 12 -4 12 -3 13 -4 13 -4 13 -4 0 0 0 0 0 0 0 0 0 0]"
"1769237487992411,CSI_DATA,STATION,00:00:00:00:00:00,0,0,0,0,0,0,0,0,0,0,0,0,0,0,0,0,0,0,0,0,0,128,[84 -64 4 0 0 0 0 0 0 0 0 0 -6 14 -7 13 -8 13 -8 13 -8 13 -9 12 -9 12 -10 12 -10 11 -10 11 -10 11 -10 11 -11 11 -10 10 -10 10 -10 10 -10 10 -10 10 -10 9 -10 9 -10 9 -10 9 -10 9 -10 9 -9 9 -9 10 0 0 -9 9 -8 9 -8 9 -8 9 -8 10 -8 9 -8 9 -8 9 -8 10 -8 10 -7 11 -7 10 -7 11 -7 10 -7 11 -7 11 -6 11 -7 11 -6 12 -6 11 -6 12 -6 11 -6 12 -6 12 -6 12 -6 12 0 0 0 0 0 0 0 0 0 0]"
"1769237487996707,CSI_DATA,STATION,00:00:00:00:00:00,0,0,0,0,0,0,0,0,0,0,0,0,0,0,0,0,0,0,0,0,0,128,[84 -64 4 0 0 0 0 0 0 0 0 0 -15 7 -15 7 -15 6 -16 6 -15 5 -16 5 -16 4 -16 4 -16 3 -16 3 -16 3 -16 3 -15 2 -15 2 -16 1 -15 2 -15 2 -14 1 -15 1 -15 1 -14 1 -14 1 -14 2 -14 2 -14 2 -14 2 0 0 -14 2 -14 2 -14 2 -13 3 -14 3 -13 3 -13 3 -13 3 -13 4 -13 4 -13 5 -13 4 -13 4 -13 5 -13 5 -13 5 -13 5 -13 6 -13 6 -13 6 -13 7 -13 6 -13 6 -13 7 -13 7 -13 7 0 0 0 0 0 0 0 0 0 0]"
"1769237488003188,CSI_DATA,STATION,00:00:00:00:00:00,0,0,0,0,0,0,0,0,0,0,0,0,0,0,0,0,0,0,0,0,0,128,[84 -64 4 0 0 0 0 0 0 0 0 0 -15 -3 -15 -4 -14 -5 -15 -5 -14 -6 -14 -6 -14 -6 -14 -7 -13 -7 -14 -8 -13 -7 -13 -8 -13 -8 -13 -8 -12 -8 -12 -8 -12 -7 -12 -7 -12 -8 -12 -8 -11 -7 -11 -7 -11 -7 -12 -7 -11 -7 -11 -6 0 0 -11 -6 -11 -6 -12 -6 -11 -6 -12 -5 -11 -6 -12 -5 -12 -5 -12 -5 -12 -4 -13 -4 -12 -4 -12 -4 -12 -4 -13 -3 -13 -3 -13 -3 -13 -3 -13 -3 -13 -3 -13 -3 -14 -3 -13 -3 -14 -2 -14 -2 -14 -2 0 0 0 0 0 0 0 0 0 0]"
"1769237488007492,CSI_DATA,STATION,00:00:00:00:00:00,0,0,0,0,0,0,0,0,0,0,0,0,0,0,0,0,0,0,0,0,0,128,[84 -64 4 0 0 0 0 0 0 0 0 0 -5 -13 -4 -14 -4 -13 -4 -14 -3 -14 -3 -14 -2 -14 -2 -14 -2 -14 -2 -14 -1 -13 -1 -13 -1 -13 -1 -13 -1 -13 -1 -13 0 -13 0 -13 -1 -13 -1 -13 -1 -12 -1 -12 -1 -12 -1 -12 -1 -12 -1 -11 0 0 -2 -11 -2 -11 -2 -11 -2 -11 -2 -11 -3 -11 -3 -11 -3 -11 -3 -11 -3 -11 -4 -11 -3 -11 -4 -11 -4 -11 -5 -11 -5 -11 -5 -11 -5 -11 -5 -11 -5 -11 -5 -11 -5 -11 -5 -11 -6 -11 -6 -11 -6 -11 0 0 0 0 0 0 0 0 0 0]"
"1769237488011783,CSI_DATA,STATION,00:00:00:00:00:00,0,0,0,0,0,0,0,0,0,0,0,0,0,0,0,0,0,0,0,0,0,128,[84 -64 4 0 0 0 0 0 0 0 0 0 1 17 1 17 0 17 0 17 -1 17 -1 17 -2 16 -2 16 -3 16 -3 16 -3 16 -3 15 -3 16 -3 15 -4 15 -4 15 -4 15 -4 14 -4 15 -4 14 -4 14 -4 14 -4 14 -4 14 -3 14 -2 14 0 0 -3 13 -2 13 -2 13 -2 13 -2 13 -1 13 -1 13 -1 13 -1 13 0 13 0 13 0 13 0 13 1 13 1 13 1 13 2 13 2 13 2 13 2 13 2 14 2 13 3 14 3 13 3 13 3 13 0 0 0 0 0 0 0 0 0 0]"
"1769237488018225,CSI_DATA,STATION,00:00:00:00:00:00,0,0,0,0,0,0,0,0,0,0,0,0,0,0,0,0,0,0,0,0,0,128,[84 -64 4 0 0 0 0 0 0 0 0 0 -10 -12 -10 -13 -9 -13 -9 -13 -8 -14 -8 -14 -8 -13 -7 -14 -7 -14 -7 -14 -6 -14 -6 -14 -6 -14 -5 -14 -5 -14 -5 -13 -5 -13 -5 -13 -5 -13 -5 -13 -5 -13 -5 -13 -5 -12 -5 -13 -5 -12 -5 -12 0 0 -6 -12 -5 -11 -6 -11 -5 -11 -6 -11 -6 -11 -6 -11 -7 -10 -7 -10 -7 -10 -8 -10 -7 -10 -8 -10 -8 -10 -8 -10 -8 -10 -9 -10 -9 -9 -9 -9 -9 -9 -9 -9 -9 -9 -9 -9 -10 -9 -10 -9 -10 -9 0 0 0 0 0 0 0 0 0 0]"
"1769237488022627,CSI_DATA,STATION,00:00:00:00:00:00,0,0,0,0,0,0,0,0,0,0,0,0,0,0,0,0,0,0,0,0,0,128,[84 -64 4 0 0 0 0 0 0 0 0 0 15 -3 15 -3 16 -2 15 -1 15 -1 15 0 15 0 15 0 15 0 15 1 14 2 14 2 14 2 14 2 14 2 13 2 13 2 13 2 13 2 13 2 13 2 13 2 13 2 12 2 12 2 12 1 0 0 12 1 12 1 12 1 12 0 12 0 12 0 12 0 11 0 12 -1 12 -1 11 -1 12 -1 12 -1 12 -1 12 -2 12 -2 12 -2 12 -3 12 -3 12 -3 12 -3 12 -3 12 -3 12 -3 12 -3 12 -4 0 0 0 0 0 0 0 0 0 0]"
"1769237488029359,CSI_DATA,STATION,00:00:00:00:00:00,0,0,0,0,0,0,0,0,0,0,0,0,0,0,0,0,0,0,0,0,0,128,[84 -64 4 0 0 0 0 0 0 0 0 0 15 -4 15 -3 15 -2 15 -2 15 -2 16 -1 16 0 15 0 15 0 15 1 14 1 14 1 14 1 14 1 14 2 14 1 14 2 13 2 14 2 13 2 13 2 13 2 12 1 12 2 12 1 12 0 0 0 12 0 12 0 12 0 12 0 12 0 12 0 12 0 11 -1 12 -1 11 -1 11 -2 12 -1 12 -2 12 -2 12 -2 12 -3 11 -2 12 -3 12 -3 11 -3 12 -3 11 -3 11 -3 11 -4 12 -4 12 -4 0 0 0 0 0 0 0 0 0 0]"
"1769237488033788,CSI_DATA,STATION,00:00:00:00:00:00,0,0,0,0,0,0,0,0,0,0,0,0,0,0,0,0,0,0,0,0,0,128,[84 -64 4 0 0 0 0 0 0 0 0 0 -12 -12 -11 -12 -12 -12 -11 -12 -10 -13 -10 -13 -10 -13 -9 -14 -9 -14 -9 -14 -9 -13 -8 -13 -8 -14 -7 -14 -7 -14 -7 -13 -7 -13 -7 -13 -6 -13 -6 -13 -7 -13 -6 -13 -6 -12 -7 -12 -7 -12 -7 -12 0 0 -7 -11 -7 -11 -7 -11 -7 -11 -7 -10 -7 -10 -7 -11 -8 -10 -8 -10 -9 -10 -9 -9 -8 -9 -9 -9 -9 -9 -9 -9 -9 -9 -9 -9 -10 -9 -10 -9 -10 -9 -10 -8 -10 -9 -10 -9 -11 -8 -10 -8 -11 -8 0 0 0 0 0 0 0 0 0 0]"
"1769237488038272,CSI_DATA,STATION,00:00:00:00:00:00,0,0,0,0,0,0,0,0,0,0,0,0,0,0,0,0,0,0,0,0,0,128,[84 -64 4 0 0 0 0 0 0 0 0 0 -9 15 -10 14 -10 14 -11 14 -11 13 -12 13 -11 13 -12 12 -11 12 -12 11 -12 12 -12 11 -12 11 -12 11 -13 10 -12 10 -12 10 -12 10 -12 10 -12 9 -12 10 -11 9 -11 9 -11 9 -10 9 -10 9 0 0 -10 9 -9 9 -9 10 -9 9 -9 10 -9 9 -8 10 -8 10 -8 10 -8 10 -7 11 -8 10 -7 11 -7 11 -7 10 -7 11 -6 11 -7 12 -6 12 -6 12 -6 12 -5 12 -5 12 -5 12 -5 12 -5 12 0 0 0 0 0 0 0 0 0 0]"
"1769237488044818,CSI_DATA,STATION,00:00:00:00:00:00,0,0,0,0,0,0,0,0,0,0,0,0,0,0,0,0,0,0,0,0,0,128,[84 -64 4 0 0 0 0 0 0 0 0 0 2 17 2 18 1 18 1 18 1 17 0 18 -1 18 -1 18 -2 17 -2 17 -2 17 -3 17 -3 16 -3 16 -3 17 -3 16 -3 16 -3 15 -3 16 -3 15 -3 15 -2 15 -2 14 -2 14 -2 14 -1 15 0 0 -1 14 0 14 0 14 0 13 0 14 0 14 0 13 1 13 1 13 1 13 2 13 2 13 2 13 3 14 3 13 4 13 3 12 4 13 4 13 4 13 4 13 4 13 4 13 5 12 5 13 5 13 0 0 0 0 0 0 0 0 0 0]"
"1769237488049069,CSI_DATA,STATION,00:00:00:00:00:00,0,0,0,0,0,0,0,0,0,0,0,0,0,0,0,0,0,0,0,0,0,128,[84 -64 4 0 0 0 0 0 0 0 0 0 -19 -3 -18 -4 -18 -4 -18 -5 -18 -6 -17 -6 -17 -6 -17 -7 -16 -7 -16 -8 -16 -7 -16 -7 -16 -8 -16 -8 -15 -8 -15 -8 -15 -8 -14 -8 -14 -8 -14 -9 -14 -8 -13 -8 -13 -7 -13 -8 -14 -7 -13 -6 0 0 -13 -7 -13 -6 -13 -6 -13 -6 -13 -6 -13 -6 -13 -5 -13 -5 -13 -5 -14 -4 -13 -4 -14 -4 -14 -3 -14 -4 -14 -3 -14 -3 -14 -3 -14 -3 -14 -3 -14 -3 -14 -3 -14 -3 -14 -2 -15 -2 -14 -2 -15 -1 0 0 0 0 0 0 0 0 0 0]"
"1769237488055404,CSI_DATA,STATION,00:00:00:00:00:00,0,0,0,0,0,0,0,0,0,0,0,0,0,0,0,0,0,0,0,0,0,128,[84 -64 4 0 0 0 0 0 0 0 0 0 5 14 4 14 4 14 4 15 3 14 2 15 1 14 2 14 1 14 1 14 1 14 1 14 0 13 1 14 0 14 0 13 0 13 -1 13 -1 13 -1 13 0 13 -1 12 0 12 0 12 0 12 1 12 0 0 0 11 1 11 1 11 1 11 1 11 1 11 1 11 2 11 2 11 2 10 3 10 3 11 3 11 3 11 3 11 3 11 4 10 4 10 4 10 4 11 4 10 4 10 5 10 5 10 5 10 5 10 0 0 0 0 0 0 0 0 0 0]"
"1769237488059643,CSI_DATA,STATION,00:00:00:00:00:00,0,0,0,0,0,0,0,0,0,0,0,0,0,0,0,0,0,0,0,0,0,128,[84 -64 4 0 0 0 0 0 0 0 0 0 -8 -16 -8 -15 -7 -16 -7 -16 -6 -17 -5 -17 -5 -16 -4 -17 -4 -16 -3 -17 -4 -16 -3 -16 -3 -16 -2 -16 -2 -16 -3 -16 -2 -15 -3 -15 -2 -15 -2 -15 -2 -14 -2 -15 -2 -14 -3 -14 -2 -14 -3 -13 0 0 -3 -13 -3 -13 -4 -13 -3 -13 -4 -12 -4 -13 -4 -13 -4 -13 -4 -13 -5 -12 -6 -12 -5 -12 -6 -12 -5 -12 -6 -12 -6 -11 -6 -12 -7 -11 -7 -12 -6 -12 -7 -12 -7 -11 -7 -12 -8 -11 -8 -11 -8 -11 0 0 0 0 0 0 0 0 0 0]"
"1769237488066091,CSI_DATA,STATION,00:00:00:00:00:00,0,0,0,0,0,0,0,0,0,0,0,0,0,0,0,0,0,0,0,0,0,128,[84 -64 4 0 0 0 0 0 0 0 0 0 -17 -1 -18 -2 -18 -2 -18 -3 -17 -4 -17 -4 -17 -4 -17 -5 -16 -5 -16 -5 -16 -5 -16 -5 -16 -6 -15 -6 -15 -6 -14 -5 -15 -6 -14 -6 -14 -6 -14 -6 -13 -6 -14 -5 -13 -5 -13 -5 -13 -5 -14 -4 0 0 -13 -4 -13 -4 -13 -4 -13 -3 -13 -3 -13 -3 -13 -3 -13 -2 -13 -2 -13 -2 -13 -1 -13 -1 -13 -1 -13 -1 -13 -1 -13 0 -13 0 -13 0 -14 1 -14 1 -14 1 -13 1 -13 1 -13 2 -13 2 -14 2 0 0 0 0 0 0 0 0 0 0]"
"1769237488078857,CSI_DATA,STATION,00:00:00:00:00:00,0,0,0,0,0,0,0,0,0,0,0,0,0,0,0,0,0,0,0,0,0,128,[84 -64 4 0 0 0 0 0 0 0 0 0 -11 15 -12 15 -12 14 -13 14 -13 13 -14 13 -13 13 -13 12 -14 12 -15 11 -14 11 -15 10 -15 10 -15 10 -14 10 -14 10 -15 10 -14 9 -14 9 -13 9 -13 9 -13 9 -13 8 -13 9 -13 9 -12 9 0 0 -12 9 -11 9 -11 10 -11 9 -11 10 -10 10 -10 10 -10 10 -10 11 -10 11 -10 11 -10 11 -9 11 -9 12 -9 11 -9 12 -8 11 -8 12 -8 12 -8 12 -8 13 -8 12 -7 12 -7 12 -7 13 -7 13 0 0 0 0 0 0 0 0 0 0]"
"1769237488085462,CSI_DATA,STATION,00:00:00:00:00:00,0,0,0,0,0,0,0,0,0,0,0,0,0,0,0,0,0,0,0,0,0,128,[84 -64 4 0 0 0 0 0 0 0 0 0 6 -21 7 -20 8 -20 7 -20 9 -19 9 -19 9 -19 10 -18 10 -18 10 -18 10 -18 11 -17 11 -17 11 -16 10 -16 11 -16 10 -15 11 -15 10 -15 10 -15 10 -15 9 -15 8 -14 10 -14 9 -14 8 -14 0 0 8 -14 7 -15 7 -14 7 -14 7 -14 6 -14 6 -15 6 -14 5 -15 5 -15 5 -15 4 -15 5 -15 4 -15 4 -16 4 -16 3 -16 3 -16 3 -16 2 -16 2 -16 2 -15 2 -16 2 -16 1 -16 1 -16 0 0 0 0 0 0 0 0 0 0]"
"1769237488089921,CSI_DATA,STATION,00:00:00:00:00:00,0,0,0,0,0,0,0,0,0,0,0,0,0,0,0,0,0,0,0,0,0,128,[84 -64 4 0 0 0 0 0 0 0 0 0 -3 -19 -1 -18 -2 -19 -1 -19 0 -19 0 -19 0 -19 1 -18 1 -19 1 -18 1 -18 2 -17 2 -17 2 -17 3 -17 2 -17 2 -16 2 -16 2 -16 2 -16 2 -16 1 -16 1 -16 1 -15 1 -14 2 -15 0 0 0 -14 0 -14 0 -14 0 -15 -1 -14 -1 -14 -1 -14 -1 -14 -2 -14 -2 -14 -2 -14 -2 -14 -3 -14 -3 -14 -4 -14 -4 -13 -4 -14 -4 -14 -5 -14 -5 -14 -5 -13 -5 -13 -5 -13 -6 -13 -6 -13 -6 -13 0 0 0 0 0 0 0 0 0 0]"
"1769237488096598,CSI_DATA,STATION,00:00:00:00:00:00,0,0,0,0,0,0,0,0,0,0,0,0,0,0,0,0,0,0,0,0,0,128,[84 -64 4 0 0 0 0 0 0 0 0 0 4 15 3 15 3 15 2 15 2 15 1 15 1 15 1 15 1 15 0 15 0 15 0 14 -1 14 -1 14 -1 14 0 14 -1 13 -1 13 0 14 -1 13 -1 13 0 13 0 13 -1 13 0 13 0 12 0 0 0 12 1 12 1 12 1 12 1 12 1 12 2 12 2 11 2 11 3 11 3 11 3 12 3 11 4 11 4 11 3 11 4 10 4 11 4 11 5 11 5 11 5 10 5 11 5 10 5 10 5 10 0 0 0 0 0 0 0 0 0 0]"
"1769237488101059,CSI_DATA,STATION,00:00:00:00:00:00,0,0,0,0,0,0,0,0,0,0,0,0,0,0,0,0,0,0,0,0,0,128,[84 -64 4 0 0 0 0 0 0 0 0 0 -16 -4 -15 -5 -15 -5 -15 -6 -15 -7 -15 -6 -14 -7 -14 -7 -14 -7 -14 -8 -13 -7 -13 -7 -13 -8 -13 -8 -12 -8 -12 -8 -12 -8 -12 -8 -12 -8 -11 -8 -11 -8 -11 -8 -11 -7 -12 -8 -11 -7 -11 -7 0 0 -11 -7 -11 -7 -11 -6 -11 -6 -12 -6 -11 -6 -11 -5 -11 -5 -11 -5 -12 -5 -12 -4 -12 -4 -11 -4 -12 -4 -12 -4 -12 -3 -12 -3 -12 -3 -12 -3 -12 -3 -12 -3 -12 -3 -12 -3 -12 -3 -12 -3 -12 -2 0 0 0 0 0 0 0 0 0 0]"
"1769237488105439,CSI_DATA,STATION,00:00:00:00:00:00,0,0,0,0,0,0,0,0,0,0,0,0,0,0,0,0,0,0,0,0,0,128,[84 -64 4 0 0 0 0 0 0 0 0 0 -12 -15 -12 -15 -11 -17 -10 -16 -10 -17 -10 -17 -9 -16 -8 -17 -8 -16 -8 -18 -8 -17 -7 -16 -6 -17 -7 -17 -6 -16 -6 -17 -6 -16 -6 -16 -6 -16 -5 -16 -5 -16 -6 -16 -6 -15 -6 -15 -6 -15 -6 -15 0 0 -6 -14 -6 -14 -6 -14 -6 -13 -6 -13 -7 -13 -6 -13 -7 -14 -7 -13 -8 -12 -8 -12 -8 -12 -8 -12 -8 -12 -8 -12 -9 -11 -9 -12 -9 -11 -9 -11 -9 -12 -9 -11 -10 -11 -10 -11 -10 -11 -10 -10 -10 -10 0 0 0 0 0 0 0 0 0 0]"
"1769237488112150,CSI_DATA,STATION,00:00:00:00:00:00,0,0,0,0,0,0,0,0,0,0,0,0,0,0,0,0,0,0,0,0,0,128,[84 -64 4 0 0 0 0 0 0 0 0 0 0 19 -2 19 -2 19 -2 19 -3 19 -4 19 -5 18 -5 18 -5 18 -5 18 -5 18 -5 17 -6 16 -5 17 -6 17 -6 16 -7 16 -6 16 -5 15 -6 16 -6 15 -6 14 -6 15 -5 15 -4 14 -4 15 0 0 -4 14 -4 14 -4 14 -3 14 -3 14 -3 15 -3 14 -2 14 -2 14 -2 14 -1 14 -1 14 -1 14 -1 14 0 14 0 14 1 14 1 14 1 14 1 14 1 14 2 14 1 15 2 14 2 14 2 14 0 0 0 0 0 0 0 0 0 0]"
"1769237488116578,CSI_DATA,STATION,00:00:00:00:00:00,0,0,0,0,0,0,0,0,0,0,0,0,0,0,0,0,0,0,0,0,0,128,[84 -64 4 0 0 0 0 0 0 0 0 0 -20 -1 -19 -2 -20 -3 -19 -3 -19 -3 -19 -3 -18 -4 -18 -5 -18 -5 -18 -5 -17 -4 -17 -6 -17 -6 -17 -6 -16 -6 -16 -6 -15 -6 -15 -6 -16 -7 -15 -7 -15 -6 -15 -6 -15 -5 -14 -6 -15 -5 -15 -5 0 0 -14 -5 -14 -4 -14 -4 -15 -4 -14 -4 -14 -4 -14 -4 -14 -3 -14 -2 -15 -2 -15 -2 -15 -2 -15 -2 -15 -2 -14 -2 -15 -1 -14 -1 -14 -1 -15 -1 -15 0 -15 0 -15 0 -15 0 -15 0 -15 1 -15 0 0 0 0 0 0 0 0 0 0 0]"
"1769237488121029,CSI_DATA,STATION,00:00:00:00:00:00,0,0,0,0,0,0,0,0,0,0,0,0,0,0,0,0,0,0,0,0,0,128,[84 -64 4 0 0 0 0 0 0 0 0 0 -13 13 -14 13 -13 12 -14 11 -15 12 -15 10 -15 11 -15 9 -15 9 -16 9 -16 9 -16 8 -15 8 -15 8 -15 7 -15 8 -14 7 -14 7 -14 6 -14 7 -14 6 -14 6 -14 7 -13 7 -13 7 -13 7 0 0 -13 7 -13 7 -12 7 -12 7 -12 7 -12 7 -12 8 -12 8 -12 9 -11 9 -11 9 -11 8 -11 9 -11 9 -11 9 -10 9 -10 10 -10 10 -10 10 -10 10 -10 10 -10 10 -10 10 -9 10 -9 11 -9 11 0 0 0 0 0 0 0 0 0 0]"
"1769237488127705,CSI_DATA,STATION,00:00:00:00:00:00,0,0,0,0,0,0,0,0,0,0,0,0,0,0,0,0,0,0,0,0,0,128,[84 -64 4 0 0 0 0 0 0 0 0 0 19 -15 20 -15 20 -13 20 -13 20 -13 21 -13 21 -11 21 -10 21 -10 20 -10 21 -10 21 -9 21 -9 20 -9 21 -8 20 -8 20 -8 19 -8 20 -7 19 -7 19 -8 19 -8 18 -8 18 -8 18 -8 18 -9 0 0 18 -9 16 -9 17 -9 17 -9 16 -9 16 -9 16 -9 16 -10 16 -10 15 -11 15 -11 15 -11 15 -11 15 -12 14 -12 14 -13 14 -12 14 -13 13 -13 14 -13 13 -14 13 -14 13 -13 12 -14 13 -15 12 -15 0 0 0 0 0 0 0 0 0 0]"
"1769237488132204,CSI_DATA,STATION,00:00:00:00:00:00,0,0,0,0,0,0,0,0,0,0,0,0,0,0,0,0,0,0,0,0,0,128,[84 -64 4 0 0 0 0 0 0 0 0 0 15 0 16 1 15 2 16 2 14 2 15 3 15 3 15 3 14 3 14 4 14 4 13 4 13 5 14 5 13 5 13 5 13 5 12 5 13 5 12 5 12 5 12 4 12 4 12 5 12 4 12 4 0 0 12 3 11 3 12 3 11 3 12 3 12 3 12 3 12 2 12 2 11 2 12 2 12 2 12 2 13 2 12 1 12 1 12 1 13 0 12 0 12 0 12 0 12 0 12 0 12 0 12 0 12 -1 0 0 0 0 0 0 0 0 0 0]"
"1769237488136663,CSI_DATA,STATION,00:00:00:00:00:00,0,0,0,0,0,0,0,0,0,0,0,0,0,0,0,0,0,0,0,0,0,128,[84 -64 4 0 0 0 0 0 0 0 0 0 -19 10 -20 9 -19 8 -20 8 -19 7 -20 7 -21 6 -21 6 -20 5 -20 5 -20 5 -20 4 -20 4 -20 4 -20 4 -20 4 -20 4 -19 4 -19 4 -19 3 -19 3 -18 3 -18 4 -19 4 -17 3 -18 4 0 0 -18 5 -17 5 -17 5 -17 5 -17 5 -17 5 -17 5 -17 5 -16 6 -16 7 -16 7 -16 7 -16 7 -16 8 -16 7 -16 8 -16 8 -16 8 -16 9 -16 9 -15 9 -15 9 -15 9 -15 10 -15 10 -15 10 0 0 0 0 0 0 0 0 0 0]"
"1769237488143314,CSI_DATA,STATION,00:00:00:00:00:00,0,0,0,0,0,0,0,0,0,0,0,0,0,0,0,0,0,0,0,0,0,128,[84 -64 4 0 0 0 0 0 0 0 0 0 18 1 19 1 18 2 18 3 17 3 18 3 18 3 18 3 17 4 17 4 17 4 17 4 16 5 16 5 17 5 16 5 16 5 15 5 16 5 16 5 15 4 15 4 15 4 15 5 14 5 15 3 0 0 15 3 15 3 15 4 15 3 15 3 15 3 15 2 15 1 15 1 14 1 15 1 15 1 15 1 15 1 15 0 16 0 15 0 16 -1 15 -1 15 -1 15 -1 15 -1 15 -1 15 -1 15 -2 15 -2 0 0 0 0 0 0 0 0 0 0]"
"1769237488147590,CSI_DATA,STATION,00:00:00:00:00:00,0,0,0,0,0,0,0,0,0,0,0,0,0,0,0,0,0,0,0,0,0,128,[84 -64 4 0 0 0 0 0 0 0 0 0 -8 15 -9 15 -10 15 -10 15 -10 14 -11 14 -11 14 -11 14 -11 13 -12 13 -12 13 -12 12 -12 13 -12 12 -12 12 -12 12 -12 12 -12 12 -12 12 -12 11 -12 11 -12 11 -11 11 -12 12 -11 11 -11 12 0 0 -11 12 -10 12 -11 12 -11 12 -11 12 -10 12 -10 12 -10 12 -10 13 -10 12 -10 13 -9 12 -9 13 -9 13 -9 13 -9 14 -9 13 -9 13 -8 14 -8 13 -8 14 -8 14 -8 13 -8 14 -8 14 -7 14 0 0 0 0 0 0 0 0 0 0]"
"1769237488153946,CSI_DATA,STATION,00:00:00:00:00:00,0,0,0,0,0,0,0,0,0,0,0,0,0,0,0,0,0,0,0,0,0,128,[84 -64 4 0 0 0 0 0 0 0 0 0 -17 0 -17 0 -17 -1 -18 -1 -17 -1 -18 -2 -18 -2 -18 -3 -17 -3 -18 -3 -18 -4 -17 -4 -17 -4 -17 -4 -17 -5 -17 -4 -17 -4 -16 -4 -17 -4 -17 -5 -16 -4 -16 -4 -16 -4 -16 -5 -16 -4 -16 -4 0 0 -16 -3 -16 -4 -16 -3 -17 -3 -17 -4 -17 -3 -16 -3 -17 -3 -16 -2 -17 -2 -17 -2 -17 -3 -17 -2 -17 -2 -17 -2 -18 -1 -17 -2 -17 -1 -17 -1 -17 -1 -17 -1 -16 -1 -17 -1 -17 0 -17 0 -17 0 0 0 0 0 0 0 0 0 0 0]"
"1769237488158177,CSI_DATA,STATION,00:00:00:00:00:00,0,0,0,0,0,0,0,0,0,0,0,0,0,0,0,0,0,0,0,0,0,128,[84 -64 4 0 0 0 0 0 0 0 0 0 -13 6 -13 6 -13 5 -14 6 -14 5 -14 5 -14 5 -15 4 -15 4 -15 4 -15 4 -15 4 -15 3 -15 3 -16 3 -15 3 -15 3 -15 3 -15 3 -16 3 -16 2 -15 2 -15 3 -16 3 -16 3 -16 3 0 0 -16 3 -15 3 -15 3 -16 3 -16 3 -16 3 -15 3 -16 3 -16 4 -16 4 -16 4 -16 4 -16 3 -16 4 -16 4 -16 5 -16 4 -16 5 -16 5 -16 5 -16 5 -16 5 -16 5 -16 5 -16 5 -16 5 0 0 0 0 0 0 0 0 0 0]"
"1769237488162445,CSI_DATA,STATION,00:00:00:00:00:00,0,0,0,0,0,0,0,0,0,0,0,0,0,0,0,0,0,0,0,0,0,128,[84 -64 4 0 0 0 0 0 0 0 0 0 -11 5 -12 6 -12 6 -12 6 -12 5 -13 6 -13 5 -13 5 -14 5 -14 4 -14 4 -14 5 -14 4 -14 4 -14 3 -14 4 -14 4 -14 4 -14 4 -15 4 -14 3 -14 3 -14 3 -15 3 -14 3 -15 4 0 0 -14 4 -14 4 -14 4 -15 4 -14 4 -15 4 -15 4 -15 4 -15 5 -15 5 -15 5 -15 4 -15 4 -15 5 -15 5 -15 5 -15 5 -15 6 -15 6 -15 5 -15 6 -15 6 -15 5 -15 6 -15 6 -15 6 0 0 0 0 0 0 0 0 0 0]"
"1769237488168879,CSI_DATA,STATION,00:00:00:00:00:00,0,0,0,0,0,0,0,0,0,0,0,0,0,0,0,0,0,0,0,0,0,128,[84 -64 4 0 0 0 0 0 0 0 0 0 -10 8 -10 8 -10 8 -10 8 -10 8 -10 9 -11 9 -12 8 -11 8 -12 8 -12 8 -12 8 -13 8 -12 8 -13 8 -13 8 -13 8 -13 8 -13 8 -13 7 -13 7 -13 8 -13 8 -14 8 -13 7 -14 7 0 0 -14 8 -13 8 -14 8 -15 8 -14 8 -14 8 -14 8 -14 8 -14 9 -15 9 -15 9 -15 9 -15 9 -15 9 -15 9 -16 9 -15 9 -15 9 -15 9 -15 9 -15 9 -15 9 -15 9 -15 9 -15 9 -15 9 0 0 0 0 0 0 0 0 0 0]"
"1769237488173252,CSI_DATA,STATION,00:00:00:00:00:00,0,0,0,0,0,0,0,0,0,0,0,0,0,0,0,0,0,0,0,0,0,128,[84 -64 4 0 0 0 0 0 0 0 0 0 9 2 9 3 9 3 9 2 9 2 10 2 10 3 10 3 10 3 10 3 11 3 10 3 10 4 10 3 11 4 11 3 11 3 11 3 11 4 11 4 12 4 12 4 11 4 12 4 12 4 12 4 0 0 12 4 12 4 13 5 13 4 13 5 13 5 13 5 13 5 14 5 13 5 14 5 14 5 14 6 15 5 14 5 15 5 14 5 15 5 15 6 14 6 15 6 14 6 14 6 15 6 15 6 15 6 0 0 0 0 0 0 0 0 0 0]"
"1769237488177712,CSI_DATA,STATION,00:00:00:00:00:00,0,0,0,0,0,0,0,0,0,0,0,0,0,0,0,0,0,0,0,0,0,128,[84 -64 4 0 0 0 0 0 0 0 0 0 -8 8 -7 8 -7 8 -8 8 -7 8 -7 9 -7 9 -7 8 -7 9 -7 9 -7 9 -7 8 -8 9 -8 9 -8 9 -7 9 -7 9 -7 9 -8 10 -7 10 -7 10 -8 10 -8 10 -8 11 -8 10 -8 11 0 0 -8 11 -7 11 -8 11 -8 12 -8 12 -8 11 -8 12 -8 12 -9 12 -9 12 -9 13 -9 13 -9 12 -9 13 -9 13 -9 13 -9 13 -10 13 -10 13 -10 13 -10 13 -9 13 -10 13 -10 13 -10 13 -10 13 0 0 0 0 0 0 0 0 0 0]"
"1769237488184413,CSI_DATA,STATION,00:00:00:00:00:00,0,0,0,0,0,0,0,0,0,0,0,0,0,0,0,0,0,0,0,0,0,128,[84 -64 4 0 0 0 0 0 0 0 0 0 3 -15 3 -14 3 -13 3 -13 3 -13 3 -13 3 -12 3 -12 3 -12 3 -12 3 -12 3 -12 3 -12 3 -12 3 -12 3 -12 3 -12 2 -12 2 -12 3 -12 3 -12 3 -12 2 -13 2 -13 2 -13 2 -13 0 0 2 -13 2 -13 2 -14 2 -14 2 -14 2 -14 2 -14 2 -15 3 -15 3 -15 3 -16 2 -15 3 -16 3 -16 3 -16 4 -16 3 -17 4 -16 5 -16 5 -16 5 -17 4 -16 5 -16 4 -16 4 -17 4 -16 0 0 0 0 0 0 0 0 0 0]"
"1769237488188872,CSI_DATA,STATION,00:00:00:00:00:00,0,0,0,0,0,0,0,0,0,0,0,0,0,0,0,0,0,0,0,0,0,128,[84 -64 4 0 0 0 0 0 0 0 0 0 8 -15 9 -15 9 -14 10 -13 9 -12 9 -12 9 -11 9 -11 9 -11 9 -11 9 -11 8 -10 8 -10 8 -10 8 -10 8 -10 8 -9 8 -9 8 -10 7 -9 7 -9 7 -10 6 -9 7 -10 6 -10 6 -10 0 0 6 -10 5 -10 5 -11 5 -11 5 -11 5 -11 5 -12 5 -12 5 -12 5 -12 5 -13 4 -13 4 -13 5 -13 5 -13 5 -14 5 -13 5 -14 5 -14 5 -13 5 -14 5 -13 5 -14 5 -14 5 -14 5 -14 0 0 0 0 0 0 0 0 0 0]"
"1769237488193324,CSI_DATA,STATION,00:00:00:00:00:00,0,0,0,0,0,0,0,0,0,0,0,0,0,0,0,0,0,0,0,0,0,128,[84 -64 4 0 0 0 0 0 0 0 0 0 12 -11 12 -10 13 -9 13 -8 13 -8 12 -8 12 -8 12 -7 12 -7 13 -6 12 -6 12 -6 11 -6 11 -6 12 -5 11 -6 10 -5 10 -5 10 -5 10 -6 9 -5 10 -5 10 -6 9 -6 10 -6 9 -6 0 0 9 -7 9 -6 9 -7 9 -7 9 -7 10 -7 9 -7 9 -8 9 -8 9 -8 9 -9 9 -9 10 -9 9 -8 10 -9 10 -9 10 -9 10 -10 10 -9 10 -9 11 -9 10 -9 11 -9 10 -9 11 -10 10 -10 0 0 0 0 0 0 0 0 0 0]"
"1769237488200003,CSI_DATA,STATION,00:00:00:00:00:00,0,0,0,0,0,0,0,0,0,0,0,0,0,0,0,0,0,0,0,0,0,128,[84 -64 4 0 0 0 0 0 0 0 0 0 8 15 7 15 6 15 6 15 5 15 5 14 5 14 4 14 3 14 3 14 3 14 3 13 3 14 3 13 2 13 2 13 2 12 2 12 2 12 2 12 2 12 3 11 2 11 3 12 3 11 3 11 0 0 3 11 3 11 4 11 4 11 4 11 4 11 5 11 5 11 5 10 5 11 6 11 6 11 6 11 6 11 6 11 6 11 6 11 7 11 7 12 7 12 7 11 7 12 7 12 7 11 7 12 7 12 0 0 0 0 0 0 0 0 0 0]"
"1769237488204449,CSI_DATA,STATION,00:00:00:00:00:00,0,0,0,0,0,0,0,0,0,0,0,0,0,0,0,0,0,0,0,0,0,128,[84 -64 4 0 0 0 0 0 0 0 0 0 17 2 16 3 16 4 15 4 16 5 15 5 15 5 14 5 14 5 14 6 14 6 13 6 13 6 13 6 12 6 12 6 11 6 12 6 11 5 11 6 11 5 11 5 12 5 12 5 11 4 11 4 0 0 11 3 12 3 11 3 12 2 11 3 12 2 12 2 12 2 12 2 13 2 12 1 13 1 13 1 13 1 14 1 13 0 14 0 13 0 14 0 14 0 14 0 14 0 15 0 14 0 15 0 14 -1 0 0 0 0 0 0 0 0 0 0]"
"1769237488211090,CSI_DATA,STATION,00:00:00:00:00:00,0,0,0,0,0,0,0,0,0,0,0,0,0,0,0,0,0,0,0,0,0,128,[84 -64 4 0 0 0 0 0 0 0 0 0 14 -10 14 -9 14 -9 14 -8 14 -8 14 -7 14 -7 15 -6 14 -6 14 -5 14 -5 14 -5 14 -5 14 -4 14 -4 13 -5 13 -5 13 -4 12 -4 13 -4 12 -4 12 -5 12 -4 12 -5 11 -5 11 -5 0 0 11 -5 11 -5 11 -6 11 -6 11 -6 11 -6 11 -7 11 -7 11 -7 11 -8 11 -8 10 -8 10 -8 11 -8 11 -9 11 -9 11 -9 11 -10 11 -10 11 -10 11 -10 11 -10 11 -10 11 -10 11 -11 11 -11 0 0 0 0 0 0 0 0 0 0]"
"1769237488215532,CSI_DATA,STATION,00:00:00:00:00:00,0,0,0,0,0,0,0,0,0,0,0,0,0,0,0,0,0,0,0,0,0,128,[84 -64 4 0 0 0 0 0 0 0 0 0 -3 15 -4 15 -5 15 -5 15 -5 14 -6 14 -6 14 -6 14 -7 13 -6 13 -7 13 -7 12 -7 12 -7 12 -7 12 -7 11 -7 12 -7 11 -7 12 -7 11 -7 10 -6 11 -6 11 -6 11 -6 11 -6 11 0 0 -5 11 -4 11 -5 11 -4 11 -5 11 -4 11 -4 12 -4 11 -4 12 -4 11 -3 12 -3 12 -3 12 -3 13 -3 12 -3 13 -2 13 -2 13 -2 14 -2 13 -2 14 -2 14 -2 14 -1 14 -2 14 -2 14 0 0 0 0 0 0 0 0 0 0]"
"1769237488228716,CSI_DATA,STATION,00:00:00:00:00:00,0,0,0,0,0,0,0,0,0,0,0,0,0,0,0,0,0,0,0,0,0,128,[84 -64 4 0 0 0 0 0 0 0 0 0 -15 -7 -15 -7 -14 -8 -14 -8 -14 -8 -14 -9 -13 -9 -13 -9 -13 -10 -13 -10 -12 -10 -12 -10 -12 -11 -12 -11 -11 -11 -11 -10 -11 -10 -11 -10 -11 -11 -10 -10 -10 -10 -11 -10 -10 -9 -11 -10 -10 -9 -11 -9 0 0 -11 -9 -11 -8 -11 -9 -11 -8 -12 -8 -11 -8 -12 -8 -12 -8 -12 -8 -12 -7 -13 -7 -13 -7 -13 -7 -14 -7 -13 -7 -14 -7 -14 -7 -14 -7 -15 -6 -14 -6 -15 -6 -15 -7 -15 -7 -15 -7 -15 -6 -16 -6 0 0 0 0 0 0 0 0 0 0]"
"1769237488235412,CSI_DATA,STATION,00:00:00:00:00:00,0,0,0,0,0,0,0,0,0,0,0,0,0,0,0,0,0,0,0,0,0,128,[84 -64 4 0 0 0 0 0 0 0 0 0 -17 0 -16 0 -17 -1 -16 -2 -17 -2 -16 -3 -16 -3 -16 -4 -16 -4 -16 -5 -16 -5 -15 -5 -15 -5 -15 -5 -14 -5 -14 -5 -14 -5 -14 -5 -14 -5 -14 -6 -14 -6 -14 -6 -14 -5 -13 -5 -14 -5 -13 -5 0 0 -13 -4 -14 -4 -14 -4 -14 -3 -14 -4 -14 -4 -14 -4 -15 -3 -14 -3 -15 -2 -15 -2 -15 -2 -15 -2 -15 -2 -16 -1 -16 -1 -16 -1 -16 -1 -16 -1 -16 -1 -17 -1 -17 -1 -17 -1 -17 0 -17 -1 -17 0 0 0 0 0 0 0 0 0 0 0]"
"1769237488242122,CSI_DATA,STATION,00:00:00:00:00:00,0,0,0,0,0,0,0,0,0,0,0,0,0,0,0,0,0,0,0,0,0,128,[84 -64 4 0 0 0 0 0 0 0 0 0 5 -17 7 -17 7 -16 8 -16 8 -15 8 -16 9 -15 9 -14 9 -14 9 -14 10 -14 10 -13 10 -14 10 -13 10 -13 10 -12 10 -12 10 -12 10 -12 10 -12 9 -12 10 -12 9 -12 10 -11 9 -12 9 -12 0 0 9 -12 8 -12 8 -12 8 -12 8 -13 8 -13 8 -13 7 -13 8 -13 7 -13 7 -14 7 -14 7 -14 7 -15 7 -14 7 -16 6 -15 7 -16 6 -16 6 -16 7 -17 7 -16 6 -16 6 -17 6 -17 6 -17 0 0 0 0 0 0 0 0 0 0]"
"1769237488246521,CSI_DATA,STATION,00:00:00:00:00:00,0,0,0,0,0,0,0,0,0,0,0,0,0,0,0,0,0,0,0,0,0,128,[84 -64 4 0 0 0 0 0 0 0 0 0 7 13 7 13 7 14 6 14 5 14 5 14 5 14 4 14 4 14 3 15 3 15 3 14 2 14 3 14 2 14 2 14 2 13 2 13 2 13 2 13 2 13 2 13 2 13 2 13 2 13 3 13 0 0 3 13 4 12 4 12 3 12 4 12 4 13 4 13 5 13 5 12 5 12 5 12 5 12 6 13 6 12 6 12 7 12 7 13 8 12 7 13 7 12 8 13 8 13 8 13 9 13 8 13 9 13 0 0 0 0 0 0 0 0 0 0]"
"1769237488250771,CSI_DATA,STATION,00:00:00:00:00:00,0,0,0,0,0,0,0,0,0,0,0,0,0,0,0,0,0,0,0,0,0,128,[84 -64 4 0 0 0 0 0 0 0 0 0 13 9 13 10 12 10 12 11 12 11 11 11 10 11 11 11 10 12 9 12 10 12 9 12 9 12 8 12 9 13 8 12 8 12 7 11 7 12 8 12 7 11 8 11 7 11 8 11 8 11 8 11 0 0 8 10 8 10 8 10 8 10 9 10 9 10 9 10 9 10 10 9 10 9 10 9 10 9 10 10 11 9 11 9 12 9 12 9 12 9 12 9 12 9 13 9 13 9 13 9 13 9 14 9 14 9 0 0 0 0 0 0 0 0 0 0]"
"1769237488257362,CSI_DATA,STATION,00:00:00:00:00:00,0,0,0,0,0,0,0,0,0,0,0,0,0,0,0,0,0,0,0,0,0,128,[84 -64 4 0 0 0 0 0 0 0 0 0 -15 7 -15 7 -15 6 -16 6 -15 5 -15 5 -15 5 -15 4 -15 4 -15 3 -15 3 -15 3 -14 2 -15 2 -15 2 -14 2 -14 2 -13 2 -14 2 -14 2 -13 2 -13 2 -13 2 -13 2 -13 2 -13 3 0 0 -13 3 -12 3 -12 4 -13 4 -13 4 -13 4 -12 4 -13 5 -12 5 -12 6 -13 6 -12 5 -13 6 -12 6 -13 6 -13 7 -13 7 -13 8 -13 8 -13 8 -13 8 -13 8 -13 8 -13 9 -13 9 -14 9 0 0 0 0 0 0 0 0 0 0]"
"1769237488261709,CSI_DATA,STATION,00:00:00:00:00:00,0,0,0,0,0,0,0,0,0,0,0,0,0,0,0,0,0,0,0,0,0,128,[84 -64 4 0 0 0 0 0 0 0 0 0 15 5 15 6 14 7 14 7 14 7 14 7 13 8 12 8 12 8 12 8 12 8 12 8 12 9 11 8 11 9 10 8 10 8 10 8 10 8 10 8 10 8 10 8 10 8 10 8 10 8 10 7 0 0 10 7 10 6 11 7 10 6 11 6 11 7 11 6 11 6 11 5 11 5 12 5 12 5 12 6 13 5 13 5 13 5 13 5 14 4 14 4 14 4 14 4 14 5 15 4 15 5 15 4 15 4 0 0 0 0 0 0 0 0 0 0]"
"1769237488266036,CSI_DATA,STATION,00:00:00:00:00:00,0,0,0,0,0,0,0,0,0,0,0,0,0,0,0,0,0,0,0,0,0,128,[84 -64 4 0 0 0 0 0 0 0 0 0 -14 -4 -14 -4 -13 -4 -13 -5 -13 -6 -13 -6 -12 -6 -12 -6 -12 -7 -11 -7 -12 -6 -11 -7 -11 -7 -11 -7 -11 -7 -10 -6 -10 -7 -10 -7 -10 -7 -10 -7 -10 -6 -10 -6 -10 -6 -10 -6 -10 -6 -10 -5 0 0 -10 -5 -10 -5 -10 -4 -10 -4 -11 -5 -10 -4 -10 -4 -11 -4 -11 -4 -11 -4 -12 -3 -12 -3 -12 -3 -12 -3 -12 -3 -13 -3 -12 -3 -13 -3 -13 -2 -13 -3 -13 -2 -13 -3 -13 -3 -14 -3 -14 -2 -14 -2 0 0 0 0 0 0 0 0 0 0]"
"1769237488272501,CSI_DATA,STATION,00:00:00:00:00:00,0,0,0,0,0,0,0,0,0,0,0,0,0,0,0,0,0,0,0,0,0,128,[84 -64 4 0 0 0 0 0 0 0 0 0 -3 13 -4 13 -4 13 -4 13 -6 13 -5 11 -6 12 -6 11 -7 11 -7 11 -6 11 -7 10 -7 10 -7 10 -7 9 -7 10 -7 10 -7 9 -7 9 -7 8 -7 9 -6 9 -6 9 -6 9 -6 9 -5 9 0 0 -6 9 -5 9 -5 10 -5 9 -5 10 -5 9 -4 10 -4 10 -5 9 -4 10 -4 10 -4 10 -4 11 -4 11 -4 11 -4 11 -3 11 -4 11 -4 12 -4 12 -4 12 -4 12 -3 12 -3 13 -4 12 -3 13 0 0 0 0 0 0 0 0 0 0]"
"1769237488276812,CSI_DATA,STATION,00:00:00:00:00:00,0,0,0,0,0,0,0,0,0,0,0,0,0,0,0,0,0,0,0,0,0,128,[84 -64 4 0 0 0 0 0 0 0 0 0 1 -14 2 -13 2 -14 2 -13 3 -13 3 -12 4 -12 4 -12 4 -12 4 -12 4 -11 4 -11 4 -11 4 -11 4 -11 4 -10 5 -11 4 -10 4 -10 4 -9 4 -10 4 -9 3 -9 3 -10 3 -9 3 -10 0 0 3 -10 2 -9 3 -10 2 -10 2 -11 2 -10 1 -10 2 -10 2 -11 2 -10 1 -11 1 -10 1 -12 1 -11 1 -11 1 -12 1 -12 1 -12 1 -12 1 -12 0 -12 1 -12 0 -12 0 -12 0 -13 0 -13 0 0 0 0 0 0 0 0 0 0]"
"1769237488281182,CSI_DATA,STATION,00:00:00:00:00:00,0,0,0,0,0,0,0,0,0,0,0,0,0,0,0,0,0,0,0,0,0,128,[84 -64 4 0 0 0 0 0 0 0 0 0 -18 10 -19 9 -19 8 -20 8 -19 6 -20 7 -19 6 -20 5 -19 5 -19 4 -19 4 -18 4 -18 3 -18 3 -18 2 -18 3 -17 3 -17 2 -17 2 -17 2 -16 2 -16 2 -16 3 -16 3 -15 3 -15 4 0 0 -15 3 -15 4 -15 4 -15 4 -15 5 -15 4 -15 5 -15 5 -15 6 -15 6 -15 7 -15 7 -15 7 -15 8 -15 8 -15 8 -16 8 -15 9 -16 9 -16 9 -16 9 -15 9 -16 10 -16 10 -16 11 -16 11 0 0 0 0 0 0 0 0 0 0]"
"1769237488287630,CSI_DATA,STATION,00:00:00:00:00:00,0,0,0,0,0,0,0,0,0,0,0,0,0,0,0,0,0,0,0,0,0,128,[84 -64 4 0 0 0 0 0 0 0 0 0 -10 -16 -9 -17 -8 -17 -8 -17 -7 -17 -7 -17 -6 -17 -5 -17 -5 -17 -5 -17 -5 -17 -4 -16 -4 -16 -4 -16 -4 -16 -3 -16 -3 -15 -3 -15 -3 -15 -3 -15 -3 -15 -3 -14 -3 -14 -3 -14 -4 -14 -4 -14 0 0 -4 -14 -4 -14 -5 -14 -5 -13 -5 -14 -5 -14 -5 -14 -6 -13 -6 -13 -6 -13 -7 -13 -7 -13 -7 -13 -7 -13 -7 -13 -8 -14 -8 -14 -9 -14 -8 -14 -8 -14 -9 -14 -9 -14 -9 -14 -10 -14 -10 -14 -10 -14 0 0 0 0 0 0 0 0 0 0]"
"1769237488291953,CSI_DATA,STATION,00:00:00:00:00:00,0,0,0,0,0,0,0,0,0,0,0,0,0,0,0,0,0,0,0,0,0,128,[84 -64 4 0 0 0 0 0 0 0 0 0 -17 2 -17 1 -17 0 -17 0 -17 -1 -17 -1 -17 -1 -16 -2 -16 -2 -16 -3 -16 -2 -15 -3 -15 -4 -15 -3 -15 -4 -15 -3 -14 -3 -14 -4 -14 -4 -14 -4 -14 -3 -13 -3 -14 -3 -14 -3 -13 -3 -13 -2 0 0 -13 -2 -13 -2 -13 -1 -13 -1 -14 -2 -13 -1 -13 -1 -14 -1 -13 0 -14 0 -14 0 -14 0 -14 0 -14 0 -14 1 -14 2 -14 1 -15 2 -15 2 -15 2 -15 2 -15 2 -15 2 -15 2 -15 2 -15 2 0 0 0 0 0 0 0 0 0 0]"
"1769237488298411,CSI_DATA,STATION,00:00:00:00:00:00,0,0,0,0,0,0,0,0,0,0,0,0,0,0,0,0,0,0,0,0,0,128,[84 -64 4 0 0 0 0 0 0 0 0 0 10 -19 11 -19 12 -18 13 -18 13 -17 14 -17 13 -16 13 -16 14 -15 14 -15 14 -15 14 -14 15 -13 14 -13 14 -13 14 -12 14 -12 14 -12 14 -12 13 -12 13 -12 13 -12 13 -12 13 -11 13 -12 12 -12 0 0 12 -12 11 -12 12 -12 11 -12 11 -12 11 -13 10 -13 10 -14 11 -13 10 -14 10 -14 10 -14 10 -14 10 -15 10 -15 10 -16 9 -15 9 -16 9 -17 9 -16 9 -17 9 -17 8 -17 9 -17 9 -18 8 -17 0 0 0 0 0 0 0 0 0 0]"
"1769237488302738,CSI_DATA,STATION,00:00:00:00:00:00,0,0,0,0,0,0,0,0,0,0,0,0,0,0,0,0,0,0,0,0,0,128,[84 -64 4 0 0 0 0 0 0 0 0 0 0 -22 1 -22 2 -23 2 -22 3 -22 3 -22 4 -21 4 -21 5 -21 5 -21 5 -21 6 -20 6 -20 5 -19 6 -19 7 -19 6 -18 6 -18 6 -18 6 -18 6 -17 6 -18 5 -17 5 -18 5 -17 4 -17 0 0 4 -17 4 -17 3 -17 3 -17 3 -17 3 -18 3 -18 2 -18 2 -17 1 -18 1 -18 0 -18 0 -18 0 -19 0 -19 0 -19 -1 -19 -1 -19 -1 -19 -1 -19 -2 -20 -1 -19 -2 -20 -3 -20 -2 -20 -3 -20 0 0 0 0 0 0 0 0 0 0]"
"1769237488309224,CSI_DATA,STATION,00:00:00:00:00:00,0,0,0,0,0,0,0,0,0,0,0,0,0,0,0,0,0,0,0,0,0,128,[84 -64 4 0 0 0 0 0 0 0 0 0 -20 2 -19 1 -20 0 -19 -1 -20 -1 -19 -2 -20 -2 -19 -3 -19 -3 -19 -4 -19 -3 -18 -4 -18 -4 -17 -4 -17 -4 -18 -4 -17 -5 -17 -5 -17 -5 -17 -5 -16 -4 -16 -4 -16 -4 -16 -4 -16 -4 -16 -3 0 0 -15 -3 -16 -3 -15 -2 -16 -2 -16 -2 -16 -2 -16 -2 -16 -1 -16 -1 -16 0 -17 0 -16 0 -16 0 -16 0 -17 1 -17 2 -17 1 -17 2 -17 2 -17 2 -17 2 -17 2 -18 2 -18 3 -18 3 -18 3 0 0 0 0 0 0 0 0 0 0]"
"1769237488313527,CSI_DATA,STATION,00:00:00:00:00:00,0,0,0,0,0,0,0,0,0,0,0,0,0,0,0,0,0,0,0,0,0,128,[84 -64 4 0 0 0 0 0 0 0 0 0 -14 -6 -14 -7 -13 -7 -13 -8 -13 -9 -12 -9 -12 -9 -12 -9 -11 -9 -11 -10 -11 -10 -11 -9 -11 -10 -10 -10 -10 -10 -10 -9 -10 -10 -10 -9 -10 -10 -10 -9 -9 -9 -10 -9 -9 -9 -9 -9 -9 -9 -9 -8 0 0 -10 -8 -10 -8 -10 -7 -9 -7 -11 -8 -10 -7 -10 -7 -10 -7 -10 -7 -11 -6 -11 -6 -11 -6 -11 -6 -12 -6 -12 -5 -12 -5 -12 -6 -12 -6 -12 -5 -13 -5 -13 -6 -13 -5 -13 -6 -14 -5 -13 -5 -13 -5 0 0 0 0 0 0 0 0 0 0]"
"1769237488317839,CSI_DATA,STATION,00:00:00:00:00:00,0,0,0,0,0,0,0,0,0,0,0,0,0,0,0,0,0,0,0,0,0,128,[84 -64 4 0 0 0 0 0 0 0 0 0 -21 2 -21 1 -21 1 -21 0 -20 -1 -21 -1 -20 -2 -20 -2 -20 -3 -20 -3 -20 -3 -20 -3 -19 -4 -19 -4 -19 -5 -18 -4 -19 -4 -17 -4 -18 -4 -17 -4 -17 -4 -17 -4 -17 -4 -17 -3 -17 -3 -17 -3 0 0 -17 -3 -16 -2 -17 -2 -16 -2 -17 -2 -17 -2 -17 -2 -17 -1 -17 0 -16 0 -17 1 -17 1 -17 1 -18 1 -17 1 -18 2 -17 2 -18 3 -18 3 -18 2 -18 3 -18 3 -18 3 -18 4 -19 4 -19 4 0 0 0 0 0 0 0 0 0 0]"
"1769237488324328,CSI_DATA,STATION,00:00:00:00:00:00,0,0,0,0,0,0,0,0,0,0,0,0,0,0,0,0,0,0,0,0,0,128,[84 -64 4 0 0 0 0 0 0 0 0 0 2 -20 2 -20 3 -20 4 -20 4 -19 5 -20 5 -18 6 -19 6 -18 6 -18 6 -18 7 -17 7 -17 7 -17 7 -16 7 -16 8 -16 7 -15 7 -16 7 -15 7 -14 7 -15 7 -14 7 -15 6 -14 6 -15 0 0 6 -14 5 -14 5 -15 5 -14 5 -15 5 -15 5 -15 4 -15 4 -15 4 -15 3 -16 3 -16 3 -16 3 -17 3 -16 3 -17 2 -16 2 -17 2 -17 2 -17 2 -17 2 -17 2 -18 1 -18 2 -18 1 -18 0 0 0 0 0 0 0 0 0 0]"
"1769237488328653,CSI_DATA,STATION,00:00:00:00:00:00,0,0,0,0,0,0,0,0,0,0,0,0,0,0,0,0,0,0,0,0,0,128,[84 -64 4 0 0 0 0 0 0 0 0 0 18 -6 18 -5 18 -4 18 -4 18 -3 18 -3 18 -2 18 -2 17 -2 17 -1 17 -1 17 -1 16 0 16 0 16 0 16 0 16 0 15 0 16 1 15 0 14 0 15 0 15 0 15 0 14 0 14 -1 0 0 14 -1 14 -1 14 -1 14 -2 14 -2 14 -2 14 -2 14 -3 14 -3 14 -3 14 -4 14 -4 14 -3 14 -4 15 -5 15 -5 15 -5 15 -6 15 -6 15 -6 15 -6 15 -6 15 -6 15 -6 15 -7 16 -7 0 0 0 0 0 0 0 0 0 0]"
"1769237488335091,CSI_DATA,STATION,00:00:00:00:00:00,0,0,0,0,0,0,0,0,0,0,0,0,0,0,0,0,0,0,0,0,0,128,[84 -64 4 0 0 0 0 0 0 0 0 0 19 -3 20 -2 19 -1 19 -1 19 0 19 0 19 0 19 1 19 1 18 2 18 2 18 2 18 3 17 2 17 3 17 3 17 3 16 3 17 3 16 3 15 3 16 2 15 2 15 3 15 2 15 1 0 0 15 1 15 1 15 1 15 0 15 0 15 0 15 0 15 -1 15 -1 15 -2 15 -2 15 -2 15 -2 16 -3 16 -3 17 -4 16 -3 16 -5 16 -4 16 -4 17 -5 17 -4 17 -5 17 -5 17 -6 18 -5 0 0 0 0 0 0 0 0 0 0]"
"1769237488339417,CSI_DATA,STATION,00:00:00:00:00:00,0,0,0,0,0,0,0,0,0,0,0,0,0,0,0,0,0,0,0,0,0,128,[84 -64 4 0 0 0 0 0 0 0 0 0 7 -12 8 -12 8 -11 8 -11 9 -10 9 -10 9 -10 10 -10 9 -9 10 -9 9 -9 10 -9 10 -8 10 -8 10 -8 9 -8 9 -8 9 -7 9 -7 9 -7 9 -7 9 -7 9 -7 9 -7 9 -7 9 -8 0 0 8 -8 8 -7 8 -8 8 -8 8 -8 8 -8 7 -8 7 -9 7 -9 7 -9 7 -9 7 -9 7 -9 7 -9 7 -10 7 -10 7 -10 7 -11 7 -11 7 -11 7 -11 7 -10 7 -11 7 -11 7 -11 7 -12 0 0 0 0 0 0 0 0 0 0]"
"1769237488343820,CSI_DATA,STATION,00:00:00:00:00:00,0,0,0,0,0,0,0,0,0,0,0,0,0,0,0,0,0,0,0,0,0,128,[84 -64 4 0 0 0 0 0 0 0 0 0 -20 0 -20 -2 -20 -2 -20 -3 -19 -3 -19 -4 -19 -4 -19 -5 -18 -5 -18 -6 -18 -6 -17 -6 -17 -6 -17 -6 -17 -7 -17 -6 -16 -6 -16 -6 -16 -7 -16 -7 -15 -7 -15 -7 -15 -6 -15 -6 -15 -6 -15 -5 0 0 -15 -5 -15 -5 -15 -5 -16 -4 -16 -5 -16 -5 -16 -5 -15 -4 -16 -4 -16 -3 -17 -3 -16 -3 -16 -3 -17 -3 -17 -2 -17 -2 -17 -2 -18 -2 -18 -1 -18 -2 -18 -2 -18 -2 -18 -2 -19 -1 -19 -1 -19 0 0 0 0 0 0 0 0 0 0 0]"
"1769237488350395,CSI_DATA,STATION,00:00:00:00:00:00,0,0,0,0,0,0,0,0,0,0,0,0,0,0,0,0,0,0,0,0,0,128,[84 -64 4 0 0 0 0 0 0 0 0 0 17 -2 17 -1 16 0 16 0 16 1 17 1 16 1 16 2 16 2 16 2 16 2 15 3 15 3 15 3 14 3 14 3 14 3 14 3 14 3 14 3 13 3 14 3 14 3 14 3 13 3 13 2 0 0 13 2 13 2 13 2 14 1 14 1 14 1 13 1 14 0 13 0 13 0 14 -1 14 0 14 -1 14 -1 15 -1 15 -2 15 -2 15 -3 15 -2 15 -3 15 -3 15 -2 16 -2 16 -3 16 -3 16 -3 0 0 0 0 0 0 0 0 0 0]"
"1769237488354752,CSI_DATA,STATION,00:00:00:00:00:00,0,0,0,0,0,0,0,0,0,0,0,0,0,0,0,0,0,0,0,0,0,128,[84 -64 4 0 0 0 0 0 0 0 0 0 12 7 13 8 11 9 12 9 11 9 11 10 11 10 10 10 10 10 10 10 10 10 9 10 10 10 9 10 9 11 8 10 9 10 8 10 8 10 8 10 8 10 8 9 8 9 9 10 8 9 9 9 0 0 8 9 8 8 9 9 8 8 9 9 9 8 9 8 9 8 10 7 10 7 10 7 10 7 11 7 11 7 11 7 11 7 11 6 12 6 12 6 12 7 12 6 12 7 12 6 13 6 13 6 13 6 0 0 0 0 0 0 0 0 0 0]"
"1769237488361308,CSI_DATA,STATION,00:00:00:00:00:00,0,0,0,0,0,0,0,0,0,0,0,0,0,0,0,0,0,0,0,0,0,128,[84 -64 4 0 0 0 0 0 0 0 0 0 10 13 9 13 9 13 8 14 7 14 7 14 7 14 6 15 6 14 5 15 6 14 5 14 5 14 5 14 4 15 4 14 4 14 4 13 4 14 4 14 4 13 4 14 4 13 4 13 4 13 4 13 0 0 4 13 4 12 5 13 5 13 5 12 5 13 5 13 6 13 6 12 6 12 7 12 7 12 7 13 7 12 7 12 8 13 8 13 8 13 8 12 8 12 9 13 8 13 9 13 9 13 9 13 9 13 0 0 0 0 0 0 0 0 0 0]"
"1769237488365666,CSI_DATA,STATION,00:00:00:00:00:00,0,0,0,0,0,0,0,0,0,0,0,0,0,0,0,0,0,0,0,0,0,128,[84 -64 4 0 0 0 0 0 0 0 0 0 -11 6 -11 5 -11 5 -11 4 -11 4 -11 4 -11 4 -12 3 -12 3 -12 2 -12 2 -11 2 -11 2 -11 2 -11 1 -11 2 -10 1 -10 1 -11 1 -11 2 -11 1 -11 2 -11 2 -11 1 -11 2 -11 2 0 0 -11 2 -11 3 -10 2 -11 3 -10 3 -11 3 -10 3 -10 3 -10 4 -11 4 -11 5 -10 3 -11 4 -11 5 -11 5 -11 5 -11 5 -11 5 -11 5 -11 6 -11 5 -11 5 -12 6 -11 6 -12 6 -11 6 0 0 0 0 0 0 0 0 0 0]"
"1769237488370015,CSI_DATA,STATION,00:00:00:00:00:00,0,0,0,0,0,0,0,0,0,0,0,0,0,0,0,0,0,0,0,0,0,128,[84 -64 4 0 0 0 0 0 0 0 0 0 11 11 10 11 10 12 9 12 9 12 8 12 8 13 7 13 8 13 7 14 7 13 6 13 6 13 6 13 6 13 6 13 6 13 5 13 6 13 6 13 5 13 6 13 5 12 6 13 5 12 5 12 0 0 6 12 6 12 6 12 6 12 7 12 7 12 7 12 7 12 7 11 8 12 8 12 8 12 8 12 8 12 9 12 9 12 10 13 10 12 10 13 10 12 10 13 10 12 10 13 10 13 10 13 10 13 0 0 0 0 0 0 0 0 0 0]"
"1769237488376528,CSI_DATA,STATION,00:00:00:00:00:00,0,0,0,0,0,0,0,0,0,0,0,0,0,0,0,0,0,0,0,0,0,128,[84 -64 4 0 0 0 0 0 0 0 0 0 -17 7 -17 7 -17 6 -18 5 -17 5 -18 5 -18 4 -18 4 -18 3 -18 3 -18 3 -17 2 -17 2 -17 2 -17 1 -17 1 -17 1 -16 2 -18 2 -17 1 -17 1 -17 1 -16 2 -17 1 -17 1 -16 2 0 0 -17 2 -16 2 -17 2 -16 3 -17 2 -17 2 -17 2 -16 4 -17 4 -16 4 -17 5 -17 4 -17 4 -17 5 -17 5 -18 6 -18 6 -18 6 -18 6 -18 6 -19 6 -18 6 -19 6 -19 7 -19 7 -20 7 0 0 0 0 0 0 0 0 0 0]"
"1769237488380828,CSI_DATA,STATION,00:00:00:00:00:00,0,0,0,0,0,0,0,0,0,0,0,0,0,0,0,0,0,0,0,0,0,128,[84 -64 4 0 0 0 0 0 0 0 0 0 -11 5 -11 5 -11 5 -11 4 -11 4 -11 4 -12 3 -12 4 -11 3 -11 2 -12 3 -12 2 -11 2 -11 2 -11 2 -11 2 -11 2 -11 2 -11 2 -11 2 -11 2 -11 1 -11 1 -11 2 -11 1 -11 2 0 0 -11 2 -11 2 -11 3 -10 3 -11 3 -11 3 -11 3 -11 3 -10 3 -12 4 -11 4 -11 4 -11 4 -11 4 -12 5 -12 4 -11 4 -12 5 -12 5 -12 5 -12 5 -12 5 -13 5 -13 5 -13 6 -13 5 0 0 0 0 0 0 0 0 0 0]"
"1769237488391511,CSI_DATA,STATION,00:00:00:00:00:00,0,0,0,0,0,0,0,0,0,0,0,0,0,0,0,0,0,0,0,0,0,128,[84 -64 4 0 0 0 0 0 0 0 0 0 -7 15 -7 15 -8 15 -8 15 -9 15 -9 14 -9 14 -10 14 -10 13 -11 13 -11 13 -11 13 -11 13 -11 12 -12 12 -12 12 -11 11 -11 12 -11 11 -11 11 -11 11 -11 11 -11 11 -11 11 -11 11 -11 11 0 0 -11 11 -10 11 -11 11 -11 11 -10 12 -10 12 -10 12 -10 12 -10 12 -10 13 -10 13 -10 13 -10 13 -10 13 -10 14 -10 14 -10 14 -10 14 -10 15 -10 14 -10 15 -10 15 -10 15 -10 15 -10 16 -10 16 0 0 0 0 0 0 0 0 0 0]"
"1769237488397959,CSI_DATA,STATION,00:00:00:00:00:00,0,0,0,0,0,0,0,0,0,0,0,0,0,0,0,0,0,0,0,0,0,128,[84 -64 4 0 0 0 0 0 0 0 0 0 -5 -11 -5 -11 -4 -12 -4 -11 -4 -12 -3 -12 -3 -12 -3 -12 -3 -12 -3 -13 -2 -13 -2 -13 -2 -12 -2 -12 -2 -12 -2 -12 -1 -12 -1 -11 -2 -12 -2 -12 -2 -12 -1 -11 -1 -12 -1 -11 -2 -11 -2 -11 0 0 -2 -11 -2 -11 -3 -11 -3 -11 -2 -11 -3 -11 -3 -11 -3 -11 -3 -11 -4 -11 -4 -12 -4 -11 -4 -11 -4 -12 -5 -12 -4 -11 -5 -12 -5 -12 -5 -12 -5 -12 -6 -12 -6 -12 -5 -12 -6 -12 -6 -12 -6 -12 0 0 0 0 0 0 0 0 0 0]"
"1769237488402312,CSI_DATA,STATION,00:00:00:00:00:00,0,0,0,0,0,0,0,0,0,0,0,0,0,0,0,0,0,0,0,0,0,128,[84 -64 4 0 0 0 0 0 0 0 0 0 -10 7 -10 7 -11 6 -11 6 -11 6 -11 5 -11 5 -12 5 -12 5 -12 4 -11 4 -11 4 -11 3 -11 3 -12 3 -12 3 -11 3 -11 3 -11 3 -12 2 -11 3 -12 3 -11 3 -11 3 -11 3 -11 4 0 0 -11 3 -11 3 -10 3 -11 4 -11 3 -11 3 -10 3 -10 4 -10 4 -11 4 -10 5 -11 4 -11 5 -11 5 -11 5 -11 5 -10 5 -11 5 -11 5 -12 6 -11 6 -11 6 -11 6 -11 6 -11 6 -11 6 0 0 0 0 0 0 0 0 0 0]"
"1769237488408757,CSI_DATA,STATION,00:00:00:00:00:00,0,0,0,0,0,0,0,0,0,0,0,0,0,0,0,0,0,0,0,0,0,128,[84 -64 4 0 0 0 0 0 0 0 0 0 -14 -4 -13 -5 -13 -6 -13 -6 -13 -6 -13 -6 -13 -6 -13 -7 -12 -7 -12 -8 -12 -7 -11 -7 -11 -8 -11 -8 -11 -9 -10 -8 -11 -8 -11 -8 -10 -8 -10 -8 -10 -8 -10 -8 -10 -8 -10 -7 -10 -7 -10 -7 0 0 -10 -7 -10 -7 -10 -6 -10 -7 -10 -7 -11 -6 -10 -6 -11 -6 -11 -6 -12 -5 -11 -5 -12 -5 -11 -5 -12 -5 -12 -5 -12 -5 -13 -5 -13 -4 -13 -5 -13 -5 -12 -4 -13 -5 -13 -5 -13 -5 -13 -5 -14 -4 0 0 0 0 0 0 0 0 0 0]"
"1769237488415215,CSI_DATA,STATION,00:00:00:00:00:00,0,0,0,0,0,0,0,0,0,0,0,0,0,0,0,0,0,0,0,0,0,128,[84 -64 4 0 0 0 0 0 0 0 0 0 -11 11 -11 11 -11 10 -11 10 -12 10 -12 10 -11 9 -12 8 -13 8 -13 8 -13 8 -13 7 -12 7 -12 6 -13 6 -12 6 -11 7 -11 6 -12 5 -12 6 -11 6 -11 6 -11 6 -11 6 -10 6 -11 7 0 0 -10 7 -10 6 -9 6 -10 6 -10 7 -10 7 -10 7 -10 8 -9 8 -9 8 -9 8 -9 8 -9 8 -8 9 -9 9 -9 9 -9 9 -9 10 -9 10 -9 10 -9 10 -9 10 -9 10 -8 10 -9 11 -8 11 0 0 0 0 0 0 0 0 0 0]"
"1769237488421643,CSI_DATA,STATION,00:00:00:00:00:00,0,0,0,0,0,0,0,0,0,0,0,0,0,0,0,0,0,0,0,0,0,128,[84 -64 4 0 0 0 0 0 0 0 0 0 17 -11 16 -10 17 -9 18 -8 18 -8 17 -7 18 -7 18 -6 17 -6 18 -5 18 -6 17 -5 17 -4 17 -5 17 -3 16 -4 16 -3 16 -3 15 -3 16 -3 15 -3 15 -3 15 -4 15 -3 15 -4 14 -4 0 0 14 -4 14 -4 14 -4 14 -5 13 -5 14 -5 14 -5 13 -6 13 -6 13 -7 13 -7 13 -7 13 -7 13 -7 14 -8 13 -8 14 -8 13 -9 14 -9 14 -9 14 -9 13 -9 14 -9 13 -10 13 -10 14 -10 0 0 0 0 0 0 0 0 0 0]"
"1769237488425958,CSI_DATA,STATION,00:00:00:00:00:00,0,0,0,0,0,0,0,0,0,0,0,0,0,0,0,0,0,0,0,0,0,128,[84 -64 4 0 0 0 0 0 0 0 0 0 4 24 3 25 3 24 2 25 1 24 0 24 -1 24 -1 24 -2 23 -2 22 -2 23 -3 22 -3 22 -3 21 -4 21 -4 20 -4 20 -4 18 -3 20 -4 19 -4 18 -4 18 -3 18 -2 19 -2 18 -2 18 0 0 -1 18 -1 17 0 18 0 17 0 18 0 17 0 18 1 17 1 17 2 17 3 17 3 17 3 17 4 18 3 17 4 18 5 18 5 18 5 18 5 18 5 18 5 19 6 18 7 18 7 18 7 19 0 0 0 0 0 0 0 0 0 0]"
"1769237488430291,CSI_DATA,STATION,00:00:00:00:00:00,0,0,0,0,0,0,0,0,0,0,0,0,0,0,0,0,0,0,0,0,0,128,[84 -64 4 0 0 0 0 0 0 0 0 0 -3 17 -4 16 -5 16 -5 16 -6 16 -6 15 -6 15 -7 14 -7 14 -7 14 -7 14 -7 13 -7 13 -7 13 -7 12 -7 12 -7 12 -7 12 -7 11 -7 11 -6 11 -6 11 -6 11 -6 11 -5 11 -5 11 0 0 -5 11 -4 11 -4 11 -4 11 -4 11 -3 11 -3 11 -3 11 -3 11 -2 12 -2 12 -2 12 -2 12 -1 12 -1 12 -1 12 -1 12 -1 12 0 13 0 13 0 13 0 13 0 13 0 13 0 13 0 13 0 0 0 0 0 0 0 0 0 0]"
"1769237488436769,CSI_DATA,STATION,00:00:00:00:00:00,0,0,0,0,0,0,0,0,0,0,0,0,0,0,0,0,0,0,0,0,0,128,[84 -64 4 0 0 0 0 0 0 0 0 0 -23 -5 -23 -6 -23 -7 -23 -7 -22 -8 -22 -8 -21 -9 -20 -9 -19 -10 -19 -10 -20 -9 -19 -10 -18 -11 -18 -10 -17 -11 -17 -10 -17 -10 -16 -10 -16 -10 -16 -10 -16 -10 -16 -9 -15 -9 -15 -9 -15 -9 -16 -7 0 0 -15 -7 -15 -7 -15 -6 -16 -5 -16 -7 -15 -6 -16 -6 -16 -5 -16 -5 -16 -4 -17 -4 -17 -4 -17 -4 -17 -4 -17 -3 -17 -2 -17 -3 -18 -2 -18 -2 -18 -2 -19 -2 -18 -2 -19 -2 -19 -1 -19 -1 -19 -1 0 0 0 0 0 0 0 0 0 0]"
"1769237488441135,CSI_DATA,STATION,00:00:00:00:00:00,0,0,0,0,0,0,0,0,0,0,0,0,0,0,0,0,0,0,0,0,0,128,[84 -64 4 0 0 0 0 0 0 0 0 0 -12 19 -13 18 -13 18 -14 17 -14 17 -15 17 -14 16 -15 15 -15 14 -15 13 -15 14 -15 13 -16 12 -15 12 -14 13 -14 12 -14 12 -14 12 -13 12 -13 11 -13 12 -12 12 -13 11 -13 11 -12 11 -12 11 0 0 -11 12 -10 12 -10 12 -10 12 -10 12 -9 12 -9 13 -9 13 -9 13 -8 14 -9 14 -8 14 -8 14 -8 15 -8 15 -7 15 -7 15 -7 16 -7 16 -7 16 -7 16 -6 16 -7 17 -6 17 -7 17 -6 17 0 0 0 0 0 0 0 0 0 0]"
"1769237488447739,CSI_DATA,STATION,00:00:00:00:00:00,0,0,0,0,0,0,0,0,0,0,0,0,0,0,0,0,0,0,0,0,0,128,[84 -64 4 0 0 0 0 0 0 0 0 0 20 7 20 8 20 9 19 9 19 10 18 10 17 10 17 11 17 11 16 12 16 11 15 11 15 12 15 11 14 11 14 11 13 10 14 11 14 10 14 10 13 10 13 9 13 9 13 10 13 9 13 8 0 0 13 8 14 8 14 7 14 7 14 7 14 7 14 7 15 6 15 6 15 5 15 5 15 6 16 5 16 5 16 4 16 4 17 4 17 4 17 4 17 4 18 4 17 4 18 4 18 4 18 3 18 3 0 0 0 0 0 0 0 0 0 0]"
"1769237488451988,CSI_DATA,STATION,00:00:00:00:00:00,0,0,0,0,0,0,0,0,0,0,0,0,0,0,0,0,0,0,0,0,0,128,[84 -64 4 0 0 0 0 0 0 0 0 0 -20 -7 -19 -8 -19 -9 -18 -10 -18 -10 -18 -10 -17 -10 -16 -11 -16 -11 -16 -11 -16 -10 -15 -11 -15 -12 -15 -11 -14 -11 -14 -11 -13 -11 -14 -11 -14 -11 -13 -11 -13 -10 -13 -10 -13 -10 -13 -10 -13 -10 -14 -9 0 0 -13 -9 -14 -9 -14 -8 -14 -8 -14 -9 -14 -8 -14 -8 -14 -8 -14 -8 -15 -7 -16 -7 -16 -7 -16 -7 -16 -7 -16 -7 -16 -6 -16 -7 -17 -6 -17 -6 -17 -6 -17 -7 -17 -7 -18 -7 -18 -6 -18 -6 -18 -6 0 0 0 0 0 0 0 0 0 0]"
"1769237488458555,CSI_DATA,STATION,00:00:00:00:00:00,0,0,0,0,0,0,0,0,0,0,0,0,0,0,0,0,0,0,0,0,0,128,[84 -64 4 0 0 0 0 0 0 0 0 0 12 16 11 17 10 17 11 18 9 17 10 17 9 18 8 18 8 17 7 18 7 18 6 17 6 18 6 17 6 17 6 17 6 17 5 16 6 17 6 16 6 16 6 16 6 15 6 16 6 16 6 15 0 0 7 15 7 15 7 15 7 15 8 15 8 15 8 15 8 15 8 14 9 14 9 15 9 15 9 15 10 15 10 14 10 15 11 15 11 14 11 15 11 14 12 15 12 15 12 15 12 15 12 15 12 15 0 0 0 0 0 0 0 0 0 0]"
"1769237488463037,CSI_DATA,STATION,00:00:00:00:00:00,0,0,0,0,0,0,0,0,0,0,0,0,0,0,0,0,0,0,0,0,0,128,[84 -64 4 0 0 0 0 0 0 0 0 0 6 17 5 17 4 18 4 18 3 18 3 18 3 18 2 18 2 18 1 18 2 17 1 17 0 17 1 16 0 17 0 16 0 16 0 16 0 16 0 16 1 16 1 16 1 16 0 16 1 15 1 15 0 0 1 15 2 15 2 15 2 15 2 15 2 15 3 15 3 15 3 15 3 15 4 15 4 15 4 16 4 16 5 16 5 16 5 16 5 15 5 16 6 16 6 16 6 16 6 16 7 16 6 16 6 17 0 0 0 0 0 0 0 0 0 0]"
"1769237488467505,CSI_DATA,STATION,00:00:00:00:00:00,0,0,0,0,0,0,0,0,0,0,0,0,0,0,0,0,0,0,0,0,0,128,[84 -64 4 0 0 0 0 0 0 0 0 0 13 -9 13 -8 13 -7 14 -7 13 -7 14 -7 14 -6 14 -6 14 -6 14 -5 14 -6 14 -5 14 -4 14 -4 14 -5 13 -4 14 -4 13 -4 14 -4 14 -4 13 -4 13 -4 12 -4 13 -4 13 -4 13 -5 0 0 12 -5 12 -5 13 -5 12 -6 13 -5 12 -5 12 -6 12 -6 12 -6 12 -7 12 -7 12 -6 13 -7 13 -7 12 -7 12 -8 12 -7 13 -9 13 -8 12 -8 13 -8 12 -8 12 -8 13 -9 13 -9 13 -9 0 0 0 0 0 0 0 0 0 0]"
"1769237488471975,CSI_DATA,STATION,00:00:00:00:00:00,0,0,0,0,0,0,0,0,0,0,0,0,0,0,0,0,0,0,0,0,0,128,[84 -64 4 0 0 0 0 0 0 0 0 0 4 -16 5 -17 5 -15 5 -15 5 -16 6 -16 6 -15 7 -15 7 -15 8 -14 6 -15 7 -14 7 -14 7 -14 8 -13 7 -13 8 -13 7 -13 7 -13 8 -12 7 -12 7 -12 7 -13 7 -12 6 -12 6 -13 0 0 6 -13 5 -12 6 -12 6 -12 6 -13 6 -13 5 -13 5 -13 6 -13 4 -14 5 -14 4 -14 4 -14 4 -14 4 -14 4 -15 4 -14 4 -14 4 -15 4 -15 5 -15 4 -15 3 -15 3 -15 3 -15 3 -16 0 0 0 0 0 0 0 0 0 0]"
"1769237488478640,CSI_DATA,STATION,00:00:00:00:00:00,0,0,0,0,0,0,0,0,0,0,0,0,0,0,0,0,0,0,0,0,0,128,[84 -64 4 0 0 0 0 0 0 0 0 0 7 13 7 14 5 14 6 14 5 14 5 15 4 15 4 15 3 15 3 15 3 15 2 14 2 14 2 14 2 14 2 14 1 14 1 13 2 13 2 14 2 13 2 13 1 13 2 13 2 13 2 13 0 0 2 12 3 13 3 12 3 13 3 12 3 12 4 13 4 12 4 12 4 12 4 12 5 12 4 12 5 12 5 13 5 12 6 12 5 12 6 12 6 12 6 12 6 12 6 13 6 12 6 12 6 13 0 0 0 0 0 0 0 0 0 0]"
"1769237488483002,CSI_DATA,STATION,00:00:00:00:00:00,0,0,0,0,0,0,0,0,0,0,0,0,0,0,0,0,0,0,0,0,0,128,[84 -64 4 0 0 0 0 0 0 0 0 0 -13 6 -14 5 -14 5 -14 5 -13 3 -14 3 -14 3 -14 3 -14 2 -14 2 -13 2 -14 2 -14 2 -14 2 -14 2 -13 2 -13 1 -13 1 -13 1 -13 1 -13 1 -12 1 -13 1 -13 2 -12 2 -13 2 0 0 -12 2 -12 2 -11 3 -12 3 -12 3 -12 3 -12 3 -12 3 -11 4 -12 4 -12 5 -11 5 -11 5 -11 5 -12 5 -12 6 -11 5 -12 6 -12 6 -12 6 -12 6 -12 6 -11 6 -12 6 -11 7 -12 7 0 0 0 0 0 0 0 0 0 0]"
"1769237488487452,CSI_DATA,STATION,00:00:00:00:00:00,0,0,0,0,0,0,0,0,0,0,0,0,0,0,0,0,0,0,0,0,0,128,[84 -64 4 0 0 0 0 0 0 0 0 0 -13 9 -13 8 -14 8 -13 8 -13 7 -13 6 -14 6 -14 6 -14 5 -14 5 -14 5 -14 5 -13 4 -14 4 -14 4 -14 4 -13 4 -13 3 -14 4 -14 4 -13 4 -13 3 -13 4 -13 3 -13 3 -13 4 0 0 -12 4 -12 4 -12 4 -12 5 -12 5 -12 5 -12 5 -12 5 -11 6 -12 6 -12 6 -12 6 -12 6 -12 6 -12 7 -11 7 -12 7 -12 7 -12 7 -12 7 -12 8 -11 8 -12 8 -12 8 -12 9 -12 8 0 0 0 0 0 0 0 0 0 0]"
"1769237488493986,CSI_DATA,STATION,00:00:00:00:00:00,0,0,0,0,0,0,0,0,0,0,0,0,0,0,0,0,0,0,0,0,0,128,[84 -64 4 0 0 0 0 0 0 0 0 0 -4 -14 -3 -14 -3 -14 -3 -15 -2 -14 -2 -15 -1 -14 -1 -15 0 -15 0 -15 -1 -14 0 -14 0 -14 0 -14 0 -14 0 -14 0 -14 1 -13 0 -14 0 -13 0 -13 0 -13 0 -12 -1 -13 -1 -13 -1 -12 0 0 -1 -12 -1 -12 -2 -13 -1 -12 -2 -12 -2 -12 -2 -12 -2 -12 -2 -12 -3 -12 -4 -12 -4 -12 -4 -12 -4 -13 -4 -12 -4 -13 -5 -12 -5 -13 -4 -13 -5 -13 -5 -13 -5 -12 -6 -12 -6 -12 -6 -12 -6 -12 0 0 0 0 0 0 0 0 0 0]"
"1769237488498447,CSI_DATA,STATION,00:00:00:00:00:00,0,0,0,0,0,0,0,0,0,0,0,0,0,0,0,0,0,0,0,0,0,128,[84 -64 4 0 0 0 0 0 0 0 0 0 -18 -18 -18 -19 -17 -20 -15 -20 -16 -21 -15 -21 -14 -22 -14 -22 -13 -21 -13 -22 -13 -22 -12 -22 -11 -22 -11 -22 -11 -22 -12 -21 -11 -22 -11 -21 -11 -21 -10 -20 -11 -20 -11 -20 -10 -20 -10 -20 -10 -20 -11 -20 0 0 -11 -19 -11 -18 -12 -19 -12 -17 -12 -18 -12 -18 -12 -17 -13 -17 -13 -17 -14 -17 -15 -17 -15 -17 -14 -16 -15 -17 -15 -15 -16 -15 -15 -16 -16 -16 -16 -15 -16 -15 -17 -15 -17 -15 -17 -15 -18 -15 -18 -14 -18 -15 0 0 0 0 0 0 0 0 0 0]"
"1769237488505044,CSI_DATA,STATION,00:00:00:00:00:00,0,0,0,0,0,0,0,0,0,0,0,0,0,0,0,0,0,0,0,0,0,128,[84 -64 4 0 0 0 0 0 0 0 0 0 -11 -10 -11 -11 -10 -12 -11 -12 -10 -12 -10 -13 -9 -12 -9 -13 -9 -12 -8 -13 -8 -13 -8 -13 -8 -13 -8 -13 -7 -13 -8 -13 -7 -13 -8 -12 -7 -12 -7 -12 -7 -12 -7 -12 -7 -11 -7 -12 -7 -12 -7 -11 0 0 -7 -11 -8 -11 -8 -11 -8 -11 -8 -10 -8 -10 -8 -10 -9 -10 -9 -10 -9 -9 -10 -10 -10 -10 -9 -10 -10 -10 -10 -9 -10 -9 -11 -9 -11 -9 -11 -9 -11 -9 -11 -9 -11 -9 -12 -9 -12 -9 -12 -9 -12 -9 0 0 0 0 0 0 0 0 0 0]"
"1769237488509349,CSI_DATA,STATION,00:00:00:00:00:00,0,0,0,0,0,0,0,0,0,0,0,0,0,0,0,0,0,0,0,0,0,128,[84 -64 4 0 0 0 0 0 0 0 0 0 6 13 5 13 5 14 4 14 4 14 4 14 3 14 2 14 2 14 2 14 2 14 2 14 1 14 1 14 1 14 1 14 1 13 0 13 1 13 1 13 1 13 1 13 1 12 1 13 1 12 2 13 0 0 1 12 2 12 2 12 2 12 2 12 2 12 3 12 3 12 3 11 4 12 3 11 3 12 4 12 4 12 4 12 4 12 5 11 5 12 5 12 5 12 6 12 6 12 5 12 6 12 6 12 6 12 0 0 0 0 0 0 0 0 0 0]"
"1769237488513665,CSI_DATA,STATION,00:00:00:00:00:00,0,0,0,0,0,0,0,0,0,0,0,0,0,0,0,0,0,0,0,0,0,128,[84 -64 4 0 0 0 0 0 0 0 0 0 12 4 12 4 12 5 11 5 11 5 11 6 11 6 11 6 10 7 10 7 10 7 10 7 10 7 10 7 10 7 9 7 9 7 10 7 10 7 9 7 9 7 9 7 9 6 9 6 9 6 9 6 0 0 9 6 9 5 9 5 9 5 9 5 9 5 9 5 10 5 10 5 10 4 10 4 10 4 11 4 11 4 10 3 11 4 11 3 11 3 11 3 11 3 11 3 11 3 11 3 12 3 12 3 12 2 0 0 0 0 0 0 0 0 0 0]"
"1769237488520133,CSI_DATA,STATION,00:00:00:00:00:00,0,0,0,0,0,0,0,0,0,0,0,0,0,0,0,0,0,0,0,0,0,128,[84 -64 4 0 0 0 0 0 0 0 0 0 5 13 5 13 4 13 4 13 3 13 3 14 3 14 3 14 2 14 2 13 2 13 1 14 1 13 1 13 1 13 1 13 1 13 0 12 0 13 1 13 1 12 1 12 1 12 1 12 1 12 2 12 0 0 2 12 1 12 2 12 2 11 2 12 2 12 2 12 3 12 2 12 3 11 3 11 3 12 4 12 4 12 4 12 4 12 4 11 4 12 5 12 4 12 5 12 5 12 5 12 6 12 5 12 5 12 0 0 0 0 0 0 0 0 0 0]"
"1769237488524423,CSI_DATA,STATION,00:00:00:00:00:00,0,0,0,0,0,0,0,0,0,0,0,0,0,0,0,0,0,0,0,0,0,128,[84 -64 4 0 0 0 0 0 0 0 0 0 -9 11 -10 10 -10 9 -10 9 -11 9 -12 9 -11 8 -12 8 -11 8 -12 8 -12 7 -12 7 -11 7 -12 7 -12 7 -11 7 -12 6 -11 5 -12 6 -12 6 -11 6 -11 5 -11 6 -11 6 -11 6 -11 6 0 0 -10 6 -10 6 -10 7 -10 6 -10 7 -10 7 -10 7 -10 7 -10 7 -10 8 -9 8 -9 8 -9 8 -10 9 -10 8 -10 9 -9 8 -10 9 -9 9 -10 9 -10 9 -10 10 -10 9 -9 10 -9 10 -9 10 0 0 0 0 0 0 0 0 0 0]"
"1769237488528734,CSI_DATA,STATION,00:00:00:00:00:00,0,0,0,0,0,0,0,0,0,0,0,0,0,0,0,0,0,0,0,0,0,128,[84 -64 4 0 0 0 0 0 0 0 0 0 8 10 8 10 8 10 7 11 7 11 7 11 7 11 6 11 6 11 5 12 6 11 5 12 5 11 5 12 4 12 4 11 5 11 4 11 4 11 5 11 4 11 5 11 4 11 5 10 4 10 4 10 0 0 5 10 5 10 5 10 5 10 5 10 6 10 6 10 6 9 6 9 7 9 7 9 7 10 7 10 7 9 7 10 8 9 8 9 8 9 8 9 8 9 8 9 8 10 9 9 9 9 9 10 9 9 0 0 0 0 0 0 0 0 0 0]"
"1769237488535193,CSI_DATA,STATION,00:00:00:00:00:00,0,0,0,0,0,0,0,0,0,0,0,0,0,0,0,0,0,0,0,0,0,128,[84 -64 4 0 0 0 0 0 0 0 0 0 -14 -3 -14 -4 -14 -5 -14 -6 -14 -6 -13 -6 -13 -6 -13 -7 -12 -6 -12 -7 -12 -7 -11 -7 -12 -8 -11 -8 -11 -8 -11 -7 -12 -7 -12 -7 -11 -7 -11 -8 -11 -7 -11 -7 -11 -7 -11 -7 -10 -7 -10 -6 0 0 -10 -6 -10 -6 -10 -6 -11 -6 -11 -6 -10 -6 -11 -6 -12 -6 -11 -5 -12 -5 -12 -4 -12 -5 -12 -5 -12 -5 -12 -5 -12 -4 -13 -5 -13 -5 -13 -4 -13 -5 -13 -5 -13 -4 -13 -5 -14 -5 -14 -5 -14 -4 0 0 0 0 0 0 0 0 0 0]"
"1769237488539491,CSI_DATA,STATION,00:00:00:00:00:00,0,0,0,0,0,0,0,0,0,0,0,0,0,0,0,0,0,0,0,0,0,128,[84 -64 4 0 0 0 0 0 0 0 0 0 0 14 0 14 -1 13 -2 14 -2 13 -2 14 -2 13 -3 13 -3 12 -3 12 -3 13 -4 12 -4 13 -4 12 -4 12 -4 12 -4 12 -4 12 -4 12 -4 11 -4 11 -4 11 -4 11 -4 11 -4 11 -3 11 0 0 -3 11 -3 11 -3 11 -3 11 -3 12 -2 11 -2 11 -2 11 -2 12 -2 12 -2 12 -2 12 -2 12 -1 13 -1 12 -1 13 -1 12 -1 13 -1 13 0 13 0 13 0 13 0 13 0 13 -1 13 0 14 0 0 0 0 0 0 0 0 0 0]"
"1769237488546058,CSI_DATA,STATION,00:00:00:00:00:00,0,0,0,0,0,0,0,0,0,0,0,0,0,0,0,0,0,0,0,0,0,128,[84 -64 4 0 0 0 0 0 0 0 0 0 6 10 6 11 6 11 5 11 5 11 5 12 4 11 4 11 4 12 3 12 3 12 3 12 3 11 2 11 2 12 2 11 2 11 2 11 2 11 2 11 2 11 2 11 2 11 2 10 2 11 2 10 0 0 3 10 3 10 3 10 3 10 3 10 4 10 3 10 4 10 4 10 4 10 4 10 4 10 4 11 5 10 5 10 5 10 6 10 5 10 5 10 5 10 6 10 6 10 6 11 6 10 6 11 6 11 0 0 0 0 0 0 0 0 0 0]"
"1769237488550291,CSI_DATA,STATION,00:00:00:00:00:00,0,0,0,0,0,0,0,0,0,0,0,0,0,0,0,0,0,0,0,0,0,128,[84 -64 4 0 0 0 0 0 0 0 0 0 7 -12 7 -12 7 -11 7 -11 8 -11 9 -11 9 -11 9 -10 9 -10 9 -9 10 -10 9 -9 9 -9 9 -9 10 -8 9 -8 9 -8 9 -9 9 -8 9 -8 9 -8 9 -8 9 -8 9 -8 8 -8 9 -8 0 0 8 -9 8 -8 8 -8 8 -8 7 -9 8 -9 7 -9 7 -9 7 -10 7 -10 7 -10 7 -10 7 -10 7 -10 7 -11 7 -11 6 -11 7 -11 7 -11 7 -11 7 -11 7 -11 7 -12 6 -12 7 -12 7 -12 0 0 0 0 0 0 0 0 0 0]"
"1769237488554533,CSI_DATA,STATION,00:00:00:00:00:00,0,0,0,0,0,0,0,0,0,0,0,0,0,0,0,0,0,0,0,0,0,128,[84 -64 4 0 0 0 0 0 0 0 0 0 -5 12 -5 11 -6 11 -6 11 -6 11 -7 10 -7 11 -7 10 -8 10 -8 9 -8 10 -8 9 -8 10 -8 9 -8 9 -8 9 -8 9 -8 9 -8 8 -8 8 -8 8 -8 8 -8 8 -7 9 -7 8 -7 9 0 0 -7 9 -6 8 -6 9 -6 9 -7 9 -6 8 -6 8 -6 9 -6 9 -6 10 -6 10 -5 10 -6 10 -5 11 -5 10 -5 11 -5 11 -5 11 -5 11 -5 11 -5 11 -5 11 -5 11 -4 11 -4 12 -4 12 0 0 0 0 0 0 0 0 0 0]"
"1769237488560878,CSI_DATA,STATION,00:00:00:00:00:00,0,0,0,0,0,0,0,0,0,0,0,0,0,0,0,0,0,0,0,0,0,128,[84 -64 4 0 0 0 0 0 0 0 0 0 -11 4 -11 3 -12 3 -12 3 -11 2 -12 2 -12 2 -12 1 -12 1 -12 1 -12 1 -11 1 -12 1 -12 1 -12 0 -11 1 -11 0 -11 0 -11 0 -11 0 -11 0 -11 0 -11 0 -11 0 -11 0 -11 1 0 0 -10 1 -11 1 -11 1 -10 1 -11 1 -11 1 -11 1 -11 2 -10 2 -10 2 -11 3 -11 3 -11 3 -11 3 -11 3 -11 3 -10 3 -11 3 -11 4 -11 4 -11 4 -11 4 -11 4 -11 4 -11 5 -11 4 0 0 0 0 0 0 0 0 0 0]"
"1769237488565160,CSI_DATA,STATION,00:00:00:00:00:00,0,0,0,0,0,0,0,0,0,0,0,0,0,0,0,0,0,0,0,0,0,128,[84 -64 4 0 0 0 0 0 0 0 0 0 -2 13 -3 13 -3 13 -4 13 -4 13 -5 13 -5 13 -5 12 -5 12 -6 12 -6 12 -6 12 -6 12 -6 11 -6 11 -6 11 -6 11 -6 11 -6 11 -6 11 -6 11 -6 10 -6 11 -6 11 -5 11 -5 10 0 0 -5 11 -4 11 -4 11 -4 11 -4 11 -4 11 -4 11 -4 11 -3 11 -4 11 -4 12 -3 12 -3 12 -3 12 -3 12 -3 12 -2 12 -2 13 -2 13 -2 13 -2 13 -2 12 -2 13 -1 13 -2 13 -1 13 0 0 0 0 0 0 0 0 0 0]"
"1769237488571593,CSI_DATA,STATION,00:00:00:00:00:00,0,0,0,0,0,0,0,0,0,0,0,0,0,0,0,0,0,0,0,0,0,128,[84 -64 4 0 0 0 0 0 0 0 0 0 6 -13 7 -13 7 -13 7 -12 8 -13 8 -12 8 -12 9 -11 9 -11 9 -11 9 -11 9 -10 9 -10 10 -10 10 -10 10 -10 9 -10 9 -10 9 -10 9 -10 8 -10 8 -10 8 -10 9 -9 8 -9 8 -10 0 0 8 -10 8 -9 7 -10 8 -10 7 -10 7 -10 7 -10 7 -11 7 -11 7 -11 6 -11 7 -11 6 -11 6 -11 6 -12 6 -12 6 -12 5 -12 6 -13 5 -13 5 -13 5 -13 5 -13 5 -13 5 -13 5 -13 0 0 0 0 0 0 0 0 0 0]"
"1769237488575893,CSI_DATA,STATION,00:00:00:00:00:00,0,0,0,0,0,0,0,0,0,0,0,0,0,0,0,0,0,0,0,0,0,128,[84 -64 4 0 0 0 0 0 0 0 0 0 15 -7 15 -6 16 -6 15 -5 16 -5 16 -4 16 -4 16 -4 16 -3 16 -3 16 -2 16 -2 16 -2 15 -1 15 -1 16 -1 14 -1 15 -1 15 0 15 0 14 -1 14 0 15 -1 15 0 14 -1 14 -2 0 0 14 -1 14 -1 14 -2 15 -2 14 -2 14 -2 14 -2 14 -3 14 -3 14 -3 14 -4 14 -3 14 -3 14 -3 15 -4 14 -4 15 -5 14 -5 15 -5 14 -5 15 -5 15 -5 15 -5 15 -6 15 -6 15 -6 0 0 0 0 0 0 0 0 0 0]"
"1769237488582320,CSI_DATA,STATION,00:00:00:00:00:00,0,0,0,0,0,0,0,0,0,0,0,0,0,0,0,0,0,0,0,0,0,128,[84 -64 4 0 0 0 0 0 0 0 0 0 -9 -10 -9 -10 -8 -11 -8 -11 -8 -11 -8 -11 -7 -11 -6 -12 -6 -12 -6 -12 -6 -11 -6 -12 -5 -12 -6 -12 -5 -12 -5 -11 -5 -11 -5 -11 -5 -11 -5 -12 -5 -11 -5 -11 -5 -11 -5 -11 -5 -11 -5 -11 0 0 -5 -10 -5 -10 -6 -10 -6 -10 -6 -10 -6 -10 -6 -10 -6 -10 -6 -10 -7 -10 -7 -10 -7 -9 -7 -10 -7 -10 -8 -10 -8 -10 -8 -10 -8 -10 -8 -10 -8 -10 -9 -10 -9 -10 -9 -10 -9 -10 -9 -10 -9 -10 0 0 0 0 0 0 0 0 0 0]"
"1769237488593351,CSI_DATA,STATION,00:00:00:00:00:00,0,0,0,0,0,0,0,0,0,0,0,0,0,0,0,0,0,0,0,0,0,128,[84 -64 4 0 0 0 0 0 0 0 0 0 -15 -3 -15 -4 -15 -4 -15 -5 -15 -5 -15 -6 -14 -6 -14 -6 -14 -7 -14 -7 -14 -7 -13 -7 -13 -7 -13 -7 -13 -7 -12 -7 -13 -7 -12 -7 -12 -7 -12 -7 -12 -7 -12 -7 -12 -7 -12 -7 -12 -6 -12 -6 0 0 -11 -6 -11 -6 -12 -5 -11 -5 -12 -6 -12 -5 -12 -5 -12 -5 -12 -5 -12 -4 -13 -4 -13 -4 -12 -4 -13 -4 -13 -3 -13 -3 -13 -3 -13 -3 -14 -3 -14 -3 -14 -3 -14 -3 -14 -3 -14 -3 -14 -2 -14 -2 0 0 0 0 0 0 0 0 0 0]"
"1769237488597815,CSI_DATA,STATION,00:00:00:00:00:00,0,0,0,0,0,0,0,0,0,0,0,0,0,0,0,0,0,0,0,0,0,128,[84 -64 4 0 0 0 0 0 0 0 0 0 12 -3 12 -3 12 -2 13 -2 12 -1 12 -1 12 0 12 0 12 0 12 0 12 0 11 0 12 0 12 1 11 1 11 1 11 1 11 1 11 1 11 1 10 1 10 1 10 1 11 1 10 0 10 0 0 0 10 0 10 0 10 0 10 -1 10 0 10 -1 10 -1 10 -1 10 -1 10 -2 10 -2 10 -2 10 -2 11 -2 10 -3 11 -3 10 -3 11 -3 11 -3 10 -3 11 -3 11 -3 11 -3 11 -4 11 -4 11 -4 0 0 0 0 0 0 0 0 0 0]"
"1769237488604489,CSI_DATA,STATION,00:00:00:00:00:00,0,0,0,0,0,0,0,0,0,0,0,0,0,0,0,0,0,0,0,0,0,128,[84 -64 4 0 0 0 0 0 0 0 0 0 13 -2 13 -2 14 -1 13 -1 14 0 13 0 13 0 13 1 13 0 13 2 13 2 13 2 12 2 12 2 12 2 12 1 12 2 12 2 12 2 11 2 11 2 11 2 11 1 11 2 11 1 11 1 0 0 11 1 11 1 11 0 11 0 11 0 11 0 11 -1 11 -1 11 -1 11 -1 11 -1 11 -1 12 -1 11 -1 12 -2 11 -2 12 -2 12 -3 12 -3 11 -3 12 -3 12 -3 13 -3 12 -3 13 -3 12 -4 0 0 0 0 0 0 0 0 0 0]"
"1769237488611191,CSI_DATA,STATION,00:00:00:00:00:00,0,0,0,0,0,0,0,0,0,0,0,0,0,0,0,0,0,0,0,0,0,128,[84 -64 4 0 0 0 0 0 0 0 0 0 -17 -5 -16 -6 -16 -7 -16 -7 -15 -8 -15 -8 -15 -8 -15 -9 -15 -9 -15 -9 -14 -8 -14 -9 -14 -9 -13 -9 -13 -9 -13 -9 -13 -9 -13 -9 -13 -9 -12 -9 -12 -9 -12 -9 -12 -8 -12 -8 -12 -8 -12 -7 0 0 -12 -7 -12 -7 -12 -7 -12 -6 -13 -7 -12 -7 -13 -7 -13 -6 -13 -6 -13 -6 -14 -5 -13 -5 -13 -5 -14 -5 -14 -5 -14 -4 -15 -5 -14 -4 -15 -4 -15 -4 -15 -4 -15 -4 -16 -4 -16 -4 -16 -3 -16 -3 0 0 0 0 0 0 0 0 0 0]"
"1769237488615580,CSI_DATA,STATION,00:00:00:00:00:00,0,0,0,0,0,0,0,0,0,0,0,0,0,0,0,0,0,0,0,0,0,128,[84 -64 4 0 0 0 0 0 0 0 0 0 11 -4 12 -3 11 -3 11 -3 11 -2 12 -2 11 -1 11 -1 11 -1 11 0 11 -1 11 -1 10 0 11 0 11 0 10 0 10 0 10 0 10 0 10 0 10 0 10 0 10 -1 9 0 9 0 9 -1 0 0 9 -1 9 -1 9 -1 9 -2 9 -1 10 -2 9 -2 9 -2 9 -2 9 -3 9 -3 9 -3 9 -3 9 -3 9 -4 10 -4 9 -4 10 -4 10 -4 10 -4 10 -4 9 -4 10 -4 9 -5 10 -5 10 -5 0 0 0 0 0 0 0 0 0 0]"
"1769237488620032,CSI_DATA,STATION,00:00:00:00:00:00,0,0,0,0,0,0,0,0,0,0,0,0,0,0,0,0,0,0,0,0,0,128,[84 -64 4 0 0 0 0 0 0 0 0 0 3 -14 3 -13 3 -13 4 -13 4 -13 4 -13 5 -12 5 -12 6 -12 6 -11 6 -11 5 -11 6 -11 6 -11 6 -11 6 -11 6 -10 6 -11 5 -10 6 -9 6 -10 6 -10 6 -10 5 -10 5 -10 5 -10 0 0 5 -10 5 -9 5 -10 4 -10 4 -10 5 -9 4 -10 4 -10 4 -10 4 -11 3 -11 3 -11 3 -11 3 -11 3 -11 3 -11 3 -12 3 -11 3 -12 3 -12 3 -12 3 -12 2 -12 2 -13 2 -13 2 -13 0 0 0 0 0 0 0 0 0 0]"
"1769237488624442,CSI_DATA,STATION,00:00:00:00:00:00,0,0,0,0,0,0,0,0,0,0,0,0,0,0,0,0,0,0,0,0,0,128,[84 -64 4 0 0 0 0 0 0 0 0 0 -9 10 -10 9 -10 9 -10 9 -10 8 -11 8 -11 8 -11 7 -11 7 -11 6 -11 7 -11 6 -11 6 -11 6 -11 5 -11 6 -11 6 -10 6 -11 5 -11 5 -10 5 -10 5 -10 5 -10 5 -10 5 -10 5 0 0 -10 5 -9 6 -9 6 -9 6 -9 6 -9 6 -9 6 -9 6 -8 7 -9 7 -8 7 -8 7 -8 7 -8 7 -8 7 -8 8 -8 8 -8 8 -8 8 -8 8 -8 9 -8 9 -8 9 -8 9 -8 9 -8 9 0 0 0 0 0 0 0 0 0 0]"
"1769237488631151,CSI_DATA,STATION,00:00:00:00:00:00,0,0,0,0,0,0,0,0,0,0,0,0,0,0,0,0,0,0,0,0,0,128,[84 -64 4 0 0 0 0 0 0 0 0 0 -9 12 -9 12 -10 11 -10 11 -10 10 -11 10 -11 10 -11 9 -11 9 -11 9 -11 9 -11 9 -11 8 -11 8 -11 7 -11 8 -10 7 -10 7 -10 7 -11 7 -10 7 -11 6 -10 7 -10 7 -10 7 -10 7 0 0 -9 7 -9 7 -9 7 -9 8 -9 8 -9 7 -8 8 -8 8 -8 9 -8 9 -8 9 -7 9 -8 9 -8 9 -7 9 -7 10 -7 10 -7 10 -7 11 -7 10 -7 11 -7 11 -7 10 -6 11 -6 11 -7 11 0 0 0 0 0 0 0 0 0 0]"
"1769237488635618,CSI_DATA,STATION,00:00:00:00:00:00,0,0,0,0,0,0,0,0,0,0,0,0,0,0,0,0,0,0,0,0,0,128,[84 -64 4 0 0 0 0 0 0 0 0 0 -3 -14 -3 -14 -2 -14 -2 -14 -1 -14 -1 -14 -1 -14 0 -14 0 -14 0 -14 1 -14 1 -13 1 -13 1 -13 1 -13 1 -13 2 -12 2 -12 2 -12 1 -13 1 -12 1 -12 1 -12 1 -12 1 -11 1 -12 0 0 0 -11 0 -11 0 -11 0 -11 0 -11 0 -11 -1 -11 -1 -11 -1 -11 -1 -11 -1 -11 -1 -11 -1 -11 -2 -12 -1 -12 -2 -11 -2 -12 -2 -12 -2 -12 -3 -12 -3 -12 -3 -12 -3 -12 -3 -12 -3 -12 -3 -12 0 0 0 0 0 0 0 0 0 0]"
"1769237488640084,CSI_DATA,STATION,00:00:00:00:00:00,0,0,0,0,0,0,0,0,0,0,0,0,0,0,0,0,0,0,0,0,0,128,[84 -64 4 0 0 0 0 0 0 0 0 0 10 9 9 10 9 11 9 10 9 11 8 11 8 11 7 11 7 11 6 12 7 11 6 11 6 11 6 11 6 11 6 11 5 11 6 11 5 10 5 10 5 10 6 10 5 10 5 10 5 10 5 9 0 0 6 9 6 9 6 8 6 8 6 8 6 9 6 8 7 8 7 8 7 8 7 7 8 8 8 8 8 7 8 7 8 7 9 7 8 7 9 7 9 7 9 6 9 7 9 7 9 6 10 7 10 6 0 0 0 0 0 0 0 0 0 0]"
"1769237488646884,CSI_DATA,STATION,00:00:00:00:00:00,0,0,0,0,0,0,0,0,0,0,0,0,0,0,0,0,0,0,0,0,0,128,[84 -64 4 0 0 0 0 0 0 0 0 0 -1 -15 0 -15 0 -15 1 -15 1 -15 2 -15 2 -15 3 -15 3 -15 3 -15 3 -14 3 -13 4 -14 4 -13 4 -13 4 -13 4 -13 4 -13 4 -12 4 -12 4 -12 4 -12 4 -12 4 -12 3 -11 3 -12 0 0 3 -12 3 -11 3 -11 2 -11 2 -12 2 -11 2 -11 1 -12 2 -12 1 -12 1 -12 1 -12 1 -12 1 -12 0 -12 0 -12 0 -12 0 -13 0 -13 0 -12 0 -13 -1 -13 -1 -13 -1 -13 -1 -13 -1 -13 0 0 0 0 0 0 0 0 0 0]"
"1769237488651243,CSI_DATA,STATION,00:00:00:00:00:00,0,0,0,0,0,0,0,0,0,0,0,0,0,0,0,0,0,0,0,0,0,128,[84 -64 4 0 0 0 0 0 0 0 0 0 8 -13 9 -12 9 -12 9 -12 10 -12 10 -12 10 -11 10 -11 10 -11 11 -10 11 -10 11 -9 11 -9 10 -9 11 -9 10 -9 10 -9 10 -9 10 -8 10 -8 9 -8 10 -8 10 -9 9 -8 9 -8 9 -8 0 0 9 -9 8 -8 8 -9 8 -9 8 -9 7 -9 7 -9 7 -9 7 -10 7 -10 6 -10 7 -10 6 -10 6 -10 6 -11 6 -11 6 -11 6 -12 6 -11 5 -12 5 -12 5 -11 5 -11 5 -12 5 -12 4 -12 0 0 0 0 0 0 0 0 0 0]"
"1769237488655640,CSI_DATA,STATION,00:00:00:00:00:00,0,0,0,0,0,0,0,0,0,0,0,0,0,0,0,0,0,0,0,0,0,128,[84 -64 4 0 0 0 0 0 0 0 0 0 -7 -14 -6 -14 -6 -15 -6 -15 -5 -15 -5 -15 -4 -15 -4 -15 -3 -15 -3 -16 -2 -15 -3 -15 -2 -15 -2 -14 -2 -15 -2 -14 -1 -14 -1 -14 -2 -14 -1 -14 -1 -13 -1 -13 -1 -13 -1 -13 -2 -13 -2 -13 0 0 -2 -12 -2 -13 -2 -12 -2 -12 -3 -12 -3 -12 -3 -12 -3 -12 -3 -12 -4 -12 -4 -12 -4 -12 -4 -12 -4 -12 -5 -12 -5 -11 -5 -12 -5 -12 -5 -12 -5 -12 -6 -12 -6 -12 -6 -12 -6 -12 -6 -12 -6 -11 0 0 0 0 0 0 0 0 0 0]"
"1769237488662198,CSI_DATA,STATION,00:00:00:00:00:00,0,0,0,0,0,0,0,0,0,0,0,0,0,0,0,0,0,0,0,0,0,128,[84 -64 4 0 0 0 0 0 0 0 0 0 -16 -3 -15 -4 -16 -4 -15 -4 -15 -5 -15 -5 -15 -6 -15 -6 -14 -6 -14 -7 -14 -6 -14 -6 -13 -7 -13 -7 -13 -7 -13 -6 -13 -7 -13 -8 -12 -7 -12 -7 -12 -7 -12 -7 -12 -7 -12 -7 -11 -6 -12 -5 0 0 -11 -5 -12 -5 -11 -5 -12 -5 -12 -5 -11 -5 -12 -5 -12 -4 -12 -4 -12 -4 -12 -3 -12 -3 -12 -3 -12 -3 -12 -2 -13 -2 -13 -2 -13 -2 -13 -2 -13 -2 -13 -2 -13 -2 -13 -1 -13 -1 -13 -1 -13 -1 0 0 0 0 0 0 0 0 0 0]"
"1769237488666566,CSI_DATA,STATION,00:00:00:00:00:00,0,0,0,0,0,0,0,0,0,0,0,0,0,0,0,0,0,0,0,0,0,128,[84 -64 4 0 0 0 0 0 0 0 0 0 -9 10 -9 10 -10 10 -10 10 -10 9 -11 9 -10 8 -11 8 -11 8 -11 7 -11 7 -11 7 -11 7 -11 7 -11 6 -11 6 -11 7 -11 7 -10 6 -10 6 -10 6 -10 6 -10 7 -10 6 -10 5 -9 7 0 0 -10 6 -9 6 -9 6 -8 6 -9 7 -8 6 -8 7 -8 7 -8 7 -8 8 -8 8 -8 8 -8 8 -7 8 -7 8 -7 9 -7 8 -7 9 -7 9 -7 9 -7 9 -7 9 -6 9 -6 9 -6 10 -6 10 0 0 0 0 0 0 0 0 0 0]"
"1769237488670882,CSI_DATA,STATION,00:00:00:00:00:00,0,0,0,0,0,0,0,0,0,0,0,0,0,0,0,0,0,0,0,0,0,128,[84 -64 4 0 0 0 0 0 0 0 0 0 11 9 10 10 10 11 10 11 10 11 9 11 9 12 8 12 8 11 8 12 7 12 7 12 7 12 7 12 7 12 7 12 6 11 6 11 6 11 6 12 6 11 6 11 6 11 6 11 6 10 6 10 0 0 6 9 6 10 6 10 7 9 7 9 7 9 7 9 7 9 7 8 8 8 8 8 8 8 8 8 8 8 8 8 9 8 10 7 10 7 10 7 9 7 10 7 10 7 10 8 10 6 10 7 10 6 0 0 0 0 0 0 0 0 0 0]"
"1769237488677341,CSI_DATA,STATION,00:00:00:00:00:00,0,0,0,0,0,0,0,0,0,0,0,0,0,0,0,0,0,0,0,0,0,128,[84 -64 4 0 0 0 0 0 0 0 0 0 -14 -2 -14 -2 -14 -2 -14 -3 -14 -3 -14 -3 -13 -3 -13 -4 -13 -4 -13 -5 -13 -5 -13 -5 -12 -5 -12 -5 -13 -6 -12 -5 -12 -6 -12 -5 -12 -5 -11 -5 -12 -5 -11 -5 -11 -5 -11 -5 -11 -4 -11 -4 0 0 -11 -3 -11 -3 -11 -3 -11 -3 -11 -3 -11 -3 -11 -2 -11 -3 -11 -2 -12 -2 -11 -2 -12 -2 -12 -1 -12 -1 -12 -1 -12 0 -11 -1 -12 0 -12 0 -12 0 -12 1 -12 1 -12 0 -12 0 -12 1 -12 1 0 0 0 0 0 0 0 0 0 0]"
"1769237488681650,CSI_DATA,STATION,00:00:00:00:00:00,0,0,0,0,0,0,0,0,0,0,0,0,0,0,0,0,0,0,0,0,0,128,[84 -64 4 0 0 0 0 0 0 0 0 0 9 -12 10 -12 10 -11 10 -10 11 -10 11 -10 11 -10 11 -10 11 -9 12 -9 12 -9 12 -8 12 -8 12 -7 12 -8 11 -8 11 -8 11 -8 11 -8 11 -8 10 -7 10 -7 11 -7 11 -7 10 -7 10 -7 0 0 9 -8 9 -8 9 -7 9 -8 9 -8 8 -8 8 -8 8 -9 8 -9 8 -9 8 -9 8 -9 8 -9 7 -9 7 -10 7 -11 7 -11 7 -11 7 -11 7 -11 6 -11 6 -11 6 -11 6 -12 6 -12 6 -12 0 0 0 0 0 0 0 0 0 0]"
"1769237488688079,CSI_DATA,STATION,00:00:00:00:00:00,0,0,0,0,0,0,0,0,0,0,0,0,0,0,0,0,0,0,0,0,0,128,[84 -64 4 0 0 0 0 0 0 0 0 0 1 14 0 14 0 14 0 14 -1 15 -1 14 -2 14 -2 14 -2 14 -3 14 -3 14 -3 13 -4 13 -3 13 -4 13 -3 13 -4 13 -4 13 -3 12 -3 12 -3 12 -3 12 -4 12 -4 12 -3 11 -3 11 0 0 -2 11 -2 11 -2 11 -2 12 -2 11 -1 11 -1 11 -1 12 -1 11 0 12 0 12 0 12 0 12 0 11 1 12 1 12 1 12 1 12 2 12 2 12 2 12 2 12 2 12 2 12 2 12 2 12 0 0 0 0 0 0 0 0 0 0]"
"1769237488692350,CSI_DATA,STATION,00:00:00:00:00:00,0,0,0,0,0,0,0,0,0,0,0,0,0,0,0,0,0,0,0,0,0,128,[84 -64 4 0 0 0 0 0 0 0 0 0 -8 14 -9 13 -9 13 -10 13 -10 13 -10 12 -10 12 -11 12 -10 11 -11 11 -11 12 -11 11 -12 10 -11 10 -12 9 -11 10 -11 10 -11 10 -11 9 -11 9 -11 9 -11 9 -10 9 -10 9 -10 9 -10 9 0 0 -9 9 -9 9 -9 10 -9 10 -8 10 -8 10 -8 10 -8 10 -8 10 -8 10 -7 11 -7 11 -7 11 -7 11 -7 11 -6 11 -6 12 -6 11 -7 12 -6 12 -6 12 -6 12 -6 13 -5 13 -6 13 -5 13 0 0 0 0 0 0 0 0 0 0]"
"1769237488696698,CSI_DATA,STATION,00:00:00:00:00:00,0,0,0,0,0,0,0,0,0,0,0,0,0,0,0,0,0,0,0,0,0,128,[84 -64 4 0 0 0 0 0 0 0 0 0 13 4 13 5 12 6 12 6 12 6 12 7 12 7 11 7 11 7 11 8 10 8 10 7 10 8 10 8 10 9 9 8 9 8 10 8 9 8 9 8 9 8 9 8 9 7 9 7 9 7 9 7 0 0 9 7 9 7 8 6 9 6 9 6 9 6 9 6 9 6 10 5 10 5 9 5 10 5 10 5 10 5 10 4 11 4 11 4 11 4 11 3 11 4 11 4 11 4 11 3 11 4 12 3 11 3 0 0 0 0 0 0 0 0 0 0]"
"1769237488703233,CSI_DATA,STATION,00:00:00:00:00:00,0,0,0,0,0,0,0,0,0,0,0,0,0,0,0,0,0,0,0,0,0,128,[84 -64 4 0 0 0 0 0 0 0 0 0 12 -10 12 -9 12 -10 13 -9 14 -9 13 -8 13 -8 14 -7 14 -7 14 -6 14 -6 14 -6 14 -5 14 -5 13 -5 14 -5 13 -5 13 -5 13 -4 13 -5 12 -4 13 -4 12 -5 12 -5 12 -5 12 -5 0 0 11 -5 11 -5 11 -5 11 -6 10 -6 11 -6 11 -6 11 -7 11 -7 11 -7 10 -7 10 -7 10 -7 10 -7 11 -8 10 -8 10 -9 10 -9 10 -9 10 -9 10 -9 10 -9 10 -9 10 -9 10 -10 10 -10 0 0 0 0 0 0 0 0 0 0]"
"1769237488707586,CSI_DATA,STATION,00:00:00:00:00:00,0,0,0,0,0,0,0,0,0,0,0,0,0,0,0,0,0,0,0,0,0,128,[84 -64 4 0 0 0 0 0 0 0 0 0 -14 -1 -15 -2 -14 -2 -15 -3 -14 -3 -15 -3 -14 -3 -14 -4 -14 -4 -14 -4 -13 -4 -13 -4 -13 -5 -13 -5 -13 -5 -12 -4 -13 -5 -12 -5 -13 -5 -12 -5 -12 -5 -12 -4 -12 -4 -12 -4 -12 -3 -12 -3 0 0 -12 -3 -11 -3 -12 -3 -11 -2 -12 -3 -11 -2 -12 -2 -12 -2 -12 -1 -12 -1 -12 -1 -12 -1 -12 -1 -12 0 -12 0 -13 0 -12 0 -12 1 -13 1 -12 1 -12 1 -13 1 -12 1 -12 2 -12 2 -12 2 0 0 0 0 0 0 0 0 0 0]"
"1769237488714080,CSI_DATA,STATION,00:00:00:00:00:00,0,0,0,0,0,0,0,0,0,0,0,0,0,0,0,0,0,0,0,0,0,128,[84 -64 4 0 0 0 0 0 0 0 0 0 -3 14 -4 14 -4 14 -4 14 -5 14 -5 14 -6 14 -6 14 -6 13 -7 13 -7 13 -7 13 -7 12 -7 12 -7 12 -7 12 -7 12 -7 12 -7 11 -7 11 -7 11 -6 11 -7 11 -7 11 -6 11 -6 11 0 0 -6 11 -5 11 -5 11 -5 11 -5 11 -5 11 -4 11 -4 11 -4 11 -4 12 -4 11 -4 12 -3 12 -3 12 -3 12 -2 12 -2 12 -2 12 -2 12 -2 13 -2 13 -2 13 -2 12 -1 13 -2 13 -1 13 0 0 0 0 0 0 0 0 0 0]"
"1769237488718395,CSI_DATA,STATION,00:00:00:00:00:00,0,0,0,0,0,0,0,0,0,0,0,0,0,0,0,0,0,0,0,0,0,128,[84 -64 4 0 0 0 0 0 0 0 0 0 -1 -15 0 -16 1 -15 1 -15 2 -15 2 -15 3 -15 3 -15 4 -15 4 -15 3 -15 4 -14 4 -14 4 -14 4 -14 4 -13 5 -13 5 -13 4 -13 5 -12 5 -13 4 -13 4 -13 4 -12 4 -12 4 -12 0 0 3 -12 3 -12 3 -12 3 -12 3 -12 3 -12 2 -12 2 -12 2 -12 2 -13 2 -13 1 -13 1 -13 1 -13 1 -13 1 -13 1 -13 1 -14 1 -14 0 -14 0 -13 0 -13 0 -13 0 -14 0 -14 0 -14 0 0 0 0 0 0 0 0 0 0]"
"1769237488724860,CSI_DATA,STATION,00:00:00:00:00:00,0,0,0,0,0,0,0,0,0,0,0,0,0,0,0,0,0,0,0,0,0,128,[84 -64 4 0 0 0 0 0 0 0 0 0 4 12 4 12 3 12 3 12 2 12 2 12 2 12 1 12 1 12 1 12 0 12 0 12 0 12 0 12 0 12 0 12 0 12 -1 11 0 12 0 11 -1 11 0 11 -1 11 0 11 0 11 0 11 0 0 0 10 1 10 1 11 1 11 1 10 1 10 1 10 2 10 1 10 1 10 1 10 2 11 2 10 3 10 3 10 3 10 3 10 3 11 3 10 3 11 4 11 4 10 3 10 4 10 4 11 4 11 0 0 0 0 0 0 0 0 0 0]"
"1769237488729212,CSI_DATA,STATION,00:00:00:00:00:00,0,0,0,0,0,0,0,0,0,0,0,0,0,0,0,0,0,0,0,0,0,128,[84 -64 4 0 0 0 0 0 0 0 0 0 -15 -3 -14 -3 -14 -4 -14 -5 -14 -5 -14 -5 -14 -5 -14 -6 -13 -6 -13 -6 -13 -6 -13 -6 -13 -7 -13 -7 -12 -7 -12 -7 -12 -7 -12 -7 -12 -7 -12 -7 -12 -7 -11 -6 -11 -7 -12 -7 -11 -6 -12 -6 0 0 -12 -6 -11 -5 -11 -5 -11 -5 -12 -5 -11 -5 -12 -5 -12 -5 -12 -4 -12 -4 -12 -4 -12 -4 -12 -4 -13 -4 -12 -3 -13 -3 -13 -3 -13 -3 -13 -3 -13 -3 -13 -3 -13 -3 -13 -3 -13 -2 -13 -2 -13 -2 0 0 0 0 0 0 0 0 0 0]"
"1769237488733523,CSI_DATA,STATION,00:00:00:00:00:00,0,0,0,0,0,0,0,0,0,0,0,0,0,0,0,0,0,0,0,0,0,128,[84 -64 4 0 0 0 0 0 0 0 0 0 -12 7 -13 7 -13 6 -13 6 -13 6 -13 6 -13 5 -14 5 -14 4 -14 4 -13 4 -13 4 -13 3 -13 3 -14 3 -14 3 -13 3 -13 2 -13 2 -13 2 -13 2 -13 2 -13 2 -12 2 -12 3 -12 3 0 0 -12 3 -12 3 -11 3 -12 3 -11 3 -11 3 -12 4 -12 4 -11 4 -12 5 -11 5 -11 5 -11 5 -11 5 -12 5 -12 6 -11 5 -11 6 -11 6 -12 6 -11 7 -12 6 -11 7 -11 7 -11 7 -11 7 0 0 0 0 0 0 0 0 0 0]"
"1769237488746365,CSI_DATA,STATION,00:00:00:00:00:00,0,0,0,0,0,0,0,0,0,0,0,0,0,0,0,0,0,0,0,0,0,128,[84 -64 4 0 0 0 0 0 0 0 0 0 0 -15 1 -15 1 -14 1 -15 2 -15 3 -15 3 -14 3 -14 4 -14 4 -14 4 -14 4 -14 4 -14 4 -13 5 -13 5 -12 5 -13 4 -13 5 -13 5 -12 4 -12 4 -12 4 -12 4 -12 3 -11 3 -12 0 0 3 -12 3 -11 3 -12 2 -11 3 -12 2 -12 2 -11 2 -12 2 -12 1 -12 1 -13 1 -12 1 -12 1 -12 1 -12 0 -13 0 -12 0 -13 0 -13 0 -13 0 -13 0 -12 -1 -13 -1 -13 -1 -13 -1 -13 0 0 0 0 0 0 0 0 0 0]"
"1769237488750746,CSI_DATA,STATION,00:00:00:00:00:00,0,0,0,0,0,0,0,0,0,0,0,0,0,0,0,0,0,0,0,0,0,128,[84 -64 4 0 0 0 0 0 0 0 0 0 -4 14 -4 13 -5 14 -5 13 -6 13 -6 13 -6 13 -7 12 -7 12 -7 12 -7 12 -7 11 -7 11 -7 11 -7 11 -8 11 -7 11 -8 11 -8 10 -8 10 -8 10 -7 10 -7 10 -7 10 -6 10 -6 10 0 0 -6 10 -5 10 -5 10 -5 10 -5 10 -5 10 -5 10 -5 10 -4 10 -5 11 -4 11 -4 11 -4 11 -3 11 -4 11 -3 11 -3 11 -3 12 -2 12 -2 11 -3 12 -2 12 -2 12 -1 12 -2 12 -2 12 0 0 0 0 0 0 0 0 0 0]"
"1769237488757224,CSI_DATA,STATION,00:00:00:00:00:00,0,0,0,0,0,0,0,0,0,0,0,0,0,0,0,0,0,0,0,0,0,128,[84 -64 4 0 0 0 0 0 0 0 0 0 8 -11 9 -10 9 -10 9 -9 10 -10 10 -9 10 -9 10 -8 10 -8 11 -8 10 -8 11 -7 10 -7 10 -7 10 -6 10 -6 10 -7 10 -7 10 -6 10 -6 10 -6 9 -6 10 -7 9 -6 9 -6 9 -6 0 0 9 -7 8 -6 8 -6 8 -6 8 -7 8 -7 8 -7 8 -7 7 -8 8 -8 7 -8 7 -8 7 -8 7 -8 7 -9 7 -9 7 -9 7 -9 6 -9 6 -9 7 -9 6 -9 6 -10 6 -10 6 -10 6 -10 0 0 0 0 0 0 0 0 0 0]"
"1769237488763734,CSI_DATA,STATION,00:00:00:00:00:00,0,0,0,0,0,0,0,0,0,0,0,0,0,0,0,0,0,0,0,0,0,128,[84 -64 4 0 0 0 0 0 0 0 0 0 -13 7 -14 7 -14 6 -14 6 -14 6 -15 5 -15 5 -15 4 -15 4 -15 3 -15 3 -14 3 -14 2 -14 2 -14 2 -14 3 -14 2 -14 2 -14 2 -14 2 -14 2 -13 2 -13 2 -13 2 -13 1 -13 2 0 0 -12 3 -12 3 -12 3 -12 3 -12 3 -12 3 -12 4 -12 4 -12 4 -12 4 -11 5 -11 4 -11 4 -11 5 -11 5 -11 6 -11 6 -11 6 -11 6 -11 6 -11 7 -11 6 -11 6 -11 7 -11 7 -11 7 0 0 0 0 0 0 0 0 0 0]"
"1769237488770212,CSI_DATA,STATION,00:00:00:00:00:00,0,0,0,0,0,0,0,0,0,0,0,0,0,0,0,0,0,0,0,0,0,128,[84 -64 4 0 0 0 0 0 0 0 0 0 6 12 5 12 4 12 4 12 4 13 3 13 3 12 2 12 3 12 2 13 2 12 1 12 1 12 1 12 1 12 1 12 1 11 1 11 1 11 1 11 1 11 1 11 1 11 1 10 1 11 2 11 0 0 2 10 2 10 3 9 2 10 3 10 3 10 3 10 4 10 4 9 4 9 4 9 4 10 4 9 5 9 5 9 5 9 5 8 6 8 6 8 6 8 6 8 6 8 6 9 6 8 6 8 7 8 0 0 0 0 0 0 0 0 0 0]"
"1769237488774520,CSI_DATA,STATION,00:00:00:00:00:00,0,0,0,0,0,0,0,0,0,0,0,0,0,0,0,0,0,0,0,0,0,128,[84 -64 4 0 0 0 0 0 0 0 0 0 2 -17 4 -17 4 -17 4 -17 5 -17 6 -16 6 -16 7 -16 7 -15 7 -15 7 -15 7 -15 7 -15 7 -14 7 -14 7 -14 8 -14 8 -13 7 -14 7 -13 8 -12 7 -13 7 -13 6 -13 6 -13 6 -13 0 0 6 -12 5 -12 5 -12 4 -13 5 -13 5 -13 4 -13 4 -13 4 -13 4 -13 3 -13 3 -13 2 -13 3 -13 2 -14 2 -14 2 -14 2 -14 2 -14 2 -14 2 -14 1 -14 1 -14 0 -15 0 -14 1 -14 0 0 0 0 0 0 0 0 0 0]"
"1769237488780958,CSI_DATA,STATION,00:00:00:00:00:00,0,0,0,0,0,0,0,0,0,0,0,0,0,0,0,0,0,0,0,0,0,128,[84 -64 4 0 0 0 0 0 0 0 0 0 -8 -13 -7 -13 -7 -14 -7 -14 -6 -15 -6 -14 -5 -15 -4 -15 -4 -15 -4 -15 -4 -14 -4 -14 -3 -14 -3 -14 -3 -14 -3 -14 -3 -14 -2 -14 -3 -13 -2 -14 -2 -13 -2 -13 -2 -13 -3 -13 -3 -12 -2 -12 0 0 -3 -12 -3 -12 -3 -12 -3 -12 -4 -12 -4 -12 -4 -12 -4 -11 -4 -12 -5 -11 -5 -11 -5 -11 -5 -11 -5 -11 -6 -11 -6 -11 -6 -11 -6 -11 -6 -11 -6 -12 -7 -11 -6 -11 -6 -11 -7 -11 -7 -11 -8 -11 0 0 0 0 0 0 0 0 0 0]"
"1769237488785296,CSI_DATA,STATION,00:00:00:00:00:00,0,0,0,0,0,0,0,0,0,0,0,0,0,0,0,0,0,0,0,0,0,128,[84 -64 4 0 0 0 0 0 0 0 0 0 -14 9 -15 9 -15 7 -15 7 -15 7 -17 7 -16 6 -16 5 -16 5 -16 5 -15 5 -15 4 -16 5 -15 4 -16 3 -15 3 -15 4 -15 3 -15 3 -15 3 -14 3 -15 3 -14 3 -14 3 -14 3 -14 4 0 0 -13 4 -13 3 -13 4 -13 4 -13 4 -12 4 -12 5 -12 5 -12 5 -12 6 -12 6 -12 6 -12 6 -12 6 -12 6 -12 7 -12 7 -11 8 -12 8 -12 8 -12 8 -11 8 -11 8 -11 8 -11 9 -11 9 0 0 0 0 0 0 0 0 0 0]"
"1769237488789650,CSI_DATA,STATION,00:00:00:00:00:00,0,0,0,0,0,0,0,0,0,0,0,0,0,0,0,0,0,0,0,0,0,128,[84 -64 4 0 0 0 0 0 0 0 0 0 -12 -13 -11 -12 -11 -13 -11 -13 -11 -14 -10 -14 -9 -14 -9 -14 -9 -15 -9 -16 -8 -14 -8 -15 -8 -15 -7 -15 -7 -14 -7 -14 -7 -14 -8 -14 -6 -13 -7 -14 -7 -13 -7 -13 -7 -13 -6 -13 -6 -13 -6 -12 0 0 -7 -12 -8 -12 -7 -12 -7 -12 -8 -11 -8 -12 -8 -11 -9 -11 -9 -11 -9 -10 -9 -11 -9 -10 -9 -10 -10 -10 -10 -10 -10 -9 -10 -10 -11 -10 -11 -9 -11 -9 -11 -9 -12 -9 -12 -10 -12 -9 -12 -9 -12 -9 0 0 0 0 0 0 0 0 0 0]"
"1769237488796166,CSI_DATA,STATION,00:00:00:00:00:00,0,0,0,0,0,0,0,0,0,0,0,0,0,0,0,0,0,0,0,0,0,128,[84 -64 4 0 0 0 0 0 0 0 0 0 -9 12 -10 12 -10 11 -10 11 -11 11 -11 10 -11 10 -12 9 -12 9 -12 9 -11 9 -11 9 -11 9 -11 8 -12 7 -12 8 -12 8 -11 8 -11 7 -11 7 -11 7 -11 7 -11 7 -10 8 -10 7 -10 7 0 0 -10 7 -9 8 -9 8 -9 8 -9 8 -9 8 -9 8 -9 8 -9 9 -8 9 -8 10 -8 9 -8 9 -8 9 -8 9 -7 10 -7 10 -7 10 -7 10 -8 10 -7 11 -7 11 -7 11 -6 11 -7 11 -7 12 0 0 0 0 0 0 0 0 0 0]"
"1769237488800480,CSI_DATA,STATION,00:00:00:00:00:00,0,0,0,0,0,0,0,0,0,0,0,0,0,0,0,0,0,0,0,0,0,128,[84 -64 4 0 0 0 0 0 0 0 0 0 -13 5 -14 5 -14 4 -14 4 -14 4 -14 3 -14 3 -14 2 -14 2 -14 2 -14 2 -14 2 -13 1 -13 1 -14 1 -13 1 -13 0 -13 0 -13 0 -13 0 -12 0 -13 0 -12 1 -12 0 -12 1 -12 1 0 0 -12 1 -12 1 -12 2 -11 2 -11 1 -12 2 -12 2 -11 2 -11 2 -12 3 -12 3 -12 3 -11 3 -12 3 -11 3 -12 4 -11 4 -12 4 -12 5 -12 4 -12 5 -12 4 -11 5 -12 5 -12 5 -12 5 0 0 0 0 0 0 0 0 0 0]"
"1769237488806968,CSI_DATA,STATION,00:00:00:00:00:00,0,0,0,0,0,0,0,0,0,0,0,0,0,0,0,0,0,0,0,0,0,128,[84 -64 4 0 0 0 0 0 0 0 0 0 1 14 0 14 -1 14 -1 14 -1 14 -2 14 -2 14 -3 14 -3 13 -3 14 -3 14 -3 13 -4 13 -3 13 -4 13 -4 13 -4 13 -4 12 -4 12 -4 11 -4 12 -4 11 -4 12 -4 12 -3 11 -3 11 0 0 -3 11 -2 11 -2 11 -2 11 -2 11 -2 11 -2 11 -2 11 -2 11 -1 11 -1 12 -1 12 -1 12 0 12 0 12 0 12 0 12 0 12 0 12 0 12 1 12 1 12 1 12 2 12 1 12 2 13 0 0 0 0 0 0 0 0 0 0]"
"1769237488811322,CSI_DATA,STATION,00:00:00:00:00:00,0,0,0,0,0,0,0,0,0,0,0,0,0,0,0,0,0,0,0,0,0,128,[84 -64 4 0 0 0 0 0 0 0 0 0 -8 -11 -8 -12 -7 -12 -7 -13 -7 -12 -6 -13 -5 -13 -5 -13 -5 -13 -5 -13 -4 -13 -4 -13 -4 -13 -4 -12 -4 -13 -3 -12 -3 -12 -3 -12 -3 -12 -3 -13 -3 -12 -3 -12 -3 -11 -3 -11 -3 -11 -3 -11 0 0 -3 -11 -4 -11 -4 -11 -4 -10 -4 -11 -4 -11 -4 -11 -5 -11 -5 -10 -5 -10 -6 -10 -5 -10 -5 -10 -6 -11 -6 -10 -6 -10 -6 -10 -7 -11 -6 -10 -6 -11 -6 -10 -7 -10 -7 -10 -8 -10 -7 -10 -8 -10 0 0 0 0 0 0 0 0 0 0]"
"1769237488817808,CSI_DATA,STATION,00:00:00:00:00:00,0,0,0,0,0,0,0,0,0,0,0,0,0,0,0,0,0,0,0,0,0,128,[84 -64 4 0 0 0 0 0 0 0 0 0 14 -7 15 -6 15 -5 15 -5 14 -4 15 -4 15 -4 15 -3 15 -3 15 -2 15 -2 15 -2 14 -2 14 -1 14 -1 14 -2 14 -1 13 -1 14 -1 14 -1 13 -1 13 -1 13 -1 13 -1 12 -1 12 -2 0 0 12 -2 12 -2 12 -2 12 -3 12 -3 12 -3 12 -3 12 -4 11 -4 11 -4 11 -4 11 -4 11 -5 11 -5 12 -5 11 -6 11 -6 11 -6 11 -6 11 -6 11 -7 11 -6 11 -7 11 -7 11 -7 11 -7 0 0 0 0 0 0 0 0 0 0]"
"1769237488822145,CSI_DATA,STATION,00:00:00:00:00:00,0,0,0,0,0,0,0,0,0,0,0,0,0,0,0,0,0,0,0,0,0,128,[84 -64 4 0 0 0 0 0 0 0 0 0 14 -1 14 0 14 1 14 1 14 1 14 2 14 2 14 3 13 2 13 3 13 3 12 3 13 4 12 4 12 4 12 4 12 4 12 4 12 4 12 4 11 4 11 3 11 3 11 3 11 3 11 3 0 0 11 3 10 2 10 2 11 2 11 2 10 2 10 2 10 1 10 1 11 1 10 1 11 1 11 0 11 0 11 0 11 -1 11 -1 11 -1 11 -1 11 -1 11 -2 11 -1 12 -2 11 -2 12 -2 12 -2 0 0 0 0 0 0 0 0 0 0]"
"1769237488826457,CSI_DATA,STATION,00:00:00:00:00:00,0,0,0,0,0,0,0,0,0,0,0,0,0,0,0,0,0,0,0,0,0,128,[84 -64 4 0 0 0 0 0 0 0 0 0 2 16 2 15 1 16 1 16 0 16 0 16 -1 16 -1 16 -2 15 -2 15 -2 15 -3 14 -3 15 -3 15 -3 14 -3 14 -3 14 -4 13 -3 14 -3 14 -3 13 -3 13 -3 13 -3 13 -2 12 -3 12 0 0 -3 12 -2 12 -2 12 -2 12 -2 12 -1 12 -1 12 -1 12 -1 11 -1 12 0 12 0 12 0 12 0 12 0 12 1 12 1 12 1 12 1 13 1 12 2 12 2 12 2 12 2 12 2 13 2 13 0 0 0 0 0 0 0 0 0 0]"
"1769237488832924,CSI_DATA,STATION,00:00:00:00:00:00,0,0,0,0,0,0,0,0,0,0,0,0,0,0,0,0,0,0,0,0,0,128,[84 -64 4 0 0 0 0 0 0 0 0 0 -3 -15 -2 -15 -2 -15 -2 -15 -1 -15 -1 -15 0 -15 1 -15 1 -15 1 -15 1 -15 1 -14 1 -14 1 -14 1 -14 2 -14 2 -13 2 -13 2 -13 2 -13 2 -13 2 -13 1 -13 1 -12 1 -12 1 -12 0 0 0 -12 0 -12 0 -12 0 -12 0 -12 -1 -12 -1 -12 -1 -12 -1 -12 -2 -12 -2 -11 -2 -11 -2 -11 -2 -12 -2 -12 -3 -12 -3 -12 -3 -12 -4 -12 -3 -12 -4 -12 -4 -12 -4 -12 -5 -12 -5 -12 -5 -12 0 0 0 0 0 0 0 0 0 0]"
"1769237488837219,CSI_DATA,STATION,00:00:00:00:00:00,0,0,0,0,0,0,0,0,0,0,0,0,0,0,0,0,0,0,0,0,0,128,[84 -64 4 0 0 0 0 0 0 0 0 0 15 -6 15 -5 16 -5 15 -4 16 -4 15 -4 15 -3 15 -2 15 -2 16 -1 15 -2 15 -1 14 -1 14 -1 14 0 14 0 14 0 14 0 14 0 14 1 13 0 13 0 13 0 13 0 12 -1 12 -1 0 0 12 -1 12 -1 12 -1 12 -2 12 -1 12 -1 12 -2 12 -2 12 -2 11 -3 11 -3 12 -3 12 -3 12 -3 12 -4 12 -4 12 -4 12 -5 12 -4 12 -5 12 -5 12 -5 12 -5 12 -6 12 -6 12 -6 0 0 0 0 0 0 0 0 0 0]"
"1769237488843789,CSI_DATA,STATION,00:00:00:00:00:00,0,0,0,0,0,0,0,0,0,0,0,0,0,0,0,0,0,0,0,0,0,128,[84 -64 4 0 0 0 0 0 0 0 0 0 -14 -2 -14 -3 -14 -4 -13 -4 -14 -4 -13 -4 -13 -5 -13 -6 -13 -5 -13 -6 -13 -6 -12 -6 -12 -7 -12 -7 -11 -6 -12 -6 -11 -6 -12 -7 -11 -6 -11 -7 -11 -6 -10 -6 -11 -6 -10 -6 -10 -6 -10 -5 0 0 -10 -5 -11 -5 -10 -4 -10 -4 -10 -4 -10 -4 -11 -4 -11 -4 -10 -3 -11 -3 -11 -3 -11 -3 -11 -3 -11 -2 -12 -2 -11 -2 -12 -2 -11 -1 -12 -1 -12 -1 -12 -1 -12 -1 -12 -1 -12 -1 -12 0 -12 0 0 0 0 0 0 0 0 0 0 0]"
"1769237488848308,CSI_DATA,STATION,00:00:00:00:00:00,0,0,0,0,0,0,0,0,0,0,0,0,0,0,0,0,0,0,0,0,0,128,[84 -64 4 0 0 0 0 0 0 0 0 0 9 11 8 12 8 12 8 12 7 12 7 13 7 12 6 13 5 13 5 13 5 13 5 13 4 12 4 13 4 13 4 12 4 12 3 11 4 12 4 12 4 12 4 12 3 11 3 12 4 11 4 11 0 0 4 10 4 10 5 10 4 10 5 10 5 10 5 10 6 9 5 9 6 9 6 9 6 9 6 9 7 9 7 9 7 9 7 8 8 9 8 8 8 8 8 8 8 8 8 8 8 8 9 8 9 8 0 0 0 0 0 0 0 0 0 0]"
"1769237488852679,CSI_DATA,STATION,00:00:00:00:00:00,0,0,0,0,0,0,0,0,0,0,0,0,0,0,0,0,0,0,0,0,0,128,[84 -64 4 0 0 0 0 0 0 0 0 0 -14 3 -14 3 -14 2 -15 2 -14 1 -14 1 -14 0 -14 0 -14 -1 -14 0 -14 0 -14 0 -13 -1 -13 -1 -14 -1 -13 -1 -13 -2 -12 -2 -13 -1 -12 -2 -12 -2 -12 -2 -12 -1 -12 -1 -12 -1 -12 0 0 0 -11 0 -11 0 -11 0 -11 0 -11 0 -11 0 -11 0 -11 1 -11 1 -11 1 -12 2 -11 2 -11 2 -11 2 -11 3 -11 3 -11 3 -11 3 -11 3 -11 3 -11 4 -11 4 -11 4 -11 5 -11 5 -11 5 0 0 0 0 0 0 0 0 0 0]"
"1769237488857042,CSI_DATA,STATION,00:00:00:00:00:00,0,0,0,0,0,0,0,0,0,0,0,0,0,0,0,0,0,0,0,0,0,128,[84 -64 4 0 0 0 0 0 0 0 0 0 3 14 2 14 1 14 1 14 1 14 0 14 -1 14 -1 14 -1 14 -2 14 -2 14 -2 14 -2 13 -3 13 -3 13 -2 13 -3 12 -3 12 -3 12 -3 12 -3 12 -2 11 -3 12 -2 12 -2 11 -2 11 0 0 -2 11 -1 11 -1 11 -1 11 -1 11 0 11 0 11 0 11 0 11 0 11 1 11 1 11 1 11 2 11 2 11 2 11 2 11 2 11 2 11 3 11 3 11 4 11 3 12 4 11 3 12 3 11 0 0 0 0 0 0 0 0 0 0]"
"1769237488863627,CSI_DATA,STATION,00:00:00:00:00:00,0,0,0,0,0,0,0,0,0,0,0,0,0,0,0,0,0,0,0,0,0,128,[84 -64 4 0 0 0 0 0 0 0 0 0 13 -2 14 -2 13 -1 14 -1 14 0 14 0 13 1 13 1 13 1 13 2 13 1 12 2 13 2 12 2 12 2 11 2 12 2 12 2 12 2 11 2 11 2 11 2 11 2 11 2 10 2 10 1 0 0 10 1 10 1 11 1 10 0 10 0 10 0 10 0 10 0 10 -1 10 -1 10 -1 10 -1 11 -1 11 -2 10 -2 11 -2 11 -2 11 -3 11 -3 11 -3 11 -3 11 -3 11 -3 11 -3 11 -4 11 -4 0 0 0 0 0 0 0 0 0 0]"
"1769237488867995,CSI_DATA,STATION,00:00:00:00:00:00,0,0,0,0,0,0,0,0,0,0,0,0,0,0,0,0,0,0,0,0,0,128,[84 -64 4 0 0 0 0 0 0 0 0 0 -14 0 -14 -1 -14 -2 -14 -2 -14 -2 -14 -2 -13 -3 -14 -3 -13 -4 -13 -4 -13 -4 -13 -4 -13 -4 -13 -5 -12 -4 -12 -4 -12 -5 -12 -5 -11 -5 -11 -5 -11 -5 -11 -5 -11 -4 -11 -4 -11 -4 -11 -3 0 0 -10 -3 -11 -3 -10 -3 -10 -2 -11 -3 -11 -2 -11 -2 -11 -2 -11 -1 -11 -1 -11 -1 -11 -1 -11 0 -11 0 -11 0 -11 0 -11 0 -11 0 -11 1 -12 0 -11 1 -12 1 -12 1 -12 1 -12 2 -12 2 0 0 0 0 0 0 0 0 0 0]"
"1769237488874529,CSI_DATA,STATION,00:00:00:00:00:00,0,0,0,0,0,0,0,0,0,0,0,0,0,0,0,0,0,0,0,0,0,128,[84 -64 4 0 0 0 0 0 0 0 0 0 12 5 13 6 12 7 12 7 11 8 12 8 11 8 11 9 10 8 9 9 10 9 10 9 9 9 9 9 8 9 8 9 9 9 9 8 8 9 8 9 7 9 8 9 7 8 8 8 7 8 8 7 0 0 8 7 7 7 8 7 8 7 8 7 8 7 8 6 9 7 9 6 9 6 9 5 9 5 9 6 9 6 9 5 10 5 10 5 10 4 10 5 10 4 11 4 10 5 11 4 11 5 11 4 11 4 0 0 0 0 0 0 0 0 0 0]"
"1769237488878881,CSI_DATA,STATION,00:00:00:00:00:00,0,0,0,0,0,0,0,0,0,0,0,0,0,0,0,0,0,0,0,0,0,128,[84 -64 4 0 0 0 0 0 0 0 0 0 9 10 9 10 8 10 8 11 7 11 7 11 7 11 6 11 6 11 5 12 6 12 5 11 5 11 5 11 4 11 4 11 4 11 4 10 4 10 4 11 4 10 4 10 4 10 5 10 4 9 5 10 0 0 5 8 5 9 5 8 5 8 6 8 5 8 6 8 6 8 6 7 7 7 7 7 6 7 7 7 7 7 7 7 7 7 8 6 8 6 8 6 8 6 8 6 9 6 9 5 9 6 9 6 9 6 0 0 0 0 0 0 0 0 0 0]"
"1769237488883200,CSI_DATA,STATION,00:00:00:00:00:00,0,0,0,0,0,0,0,0,0,0,0,0,0,0,0,0,0,0,0,0,0,128,[84 -64 4 0 0 0 0 0 0 0 0 0 -15 6 -14 5 -15 4 -15 4 -15 3 -16 3 -15 2 -15 2 -15 2 -15 1 -15 1 -15 1 -14 1 -14 0 -14 0 -14 1 -14 0 -13 0 -13 0 -13 0 -12 0 -13 0 -13 0 -12 0 -12 0 -12 1 0 0 -12 1 -11 1 -11 1 -12 1 -11 2 -11 2 -11 2 -11 2 -11 3 -11 4 -12 3 -11 4 -11 4 -11 4 -11 4 -11 5 -10 5 -11 5 -11 5 -11 5 -11 6 -11 6 -10 6 -11 6 -10 6 -10 6 0 0 0 0 0 0 0 0 0 0]"
"1769237488893921,CSI_DATA,STATION,00:00:00:00:00:00,0,0,0,0,0,0,0,0,0,0,0,0,0,0,0,0,0,0,0,0,0,128,[84 -64 4 0 0 0 0 0 0 0 0 0 -8 16 -9 15 -9 15 -10 15 -10 15 -11 14 -12 13 -12 13 -12 12 -12 13 -11 13 -12 12 -12 12 -11 11 -12 10 -12 11 -11 11 -11 11 -11 10 -11 9 -11 10 -10 9 -10 10 -9 10 -9 10 -9 10 0 0 -9 10 -8 10 -7 10 -8 10 -8 10 -7 10 -7 10 -8 11 -7 10 -6 11 -5 11 -5 11 -5 11 -5 11 -5 11 -5 12 -4 12 -4 12 -4 12 -4 12 -4 12 -4 12 -3 12 -3 13 -3 13 -2 13 0 0 0 0 0 0 0 0 0 0]"
"1769237488900361,CSI_DATA,STATION,00:00:00:00:00:00,0,0,0,0,0,0,0,0,0,0,0,0,0,0,0,0,0,0,0,0,0,128,[84 -64 4 0 0 0 0 0 0 0 0 0 -17 -1 -17 -2 -17 -3 -17 -3 -16 -3 -17 -4 -16 -5 -16 -5 -16 -5 -16 -6 -15 -5 -15 -5 -15 -6 -15 -6 -14 -6 -14 -6 -14 -6 -14 -6 -14 -7 -13 -7 -13 -6 -13 -6 -13 -5 -13 -5 -13 -4 -13 -4 0 0 -12 -4 -12 -4 -12 -3 -12 -3 -13 -4 -12 -3 -12 -3 -12 -3 -13 -3 -12 -2 -13 -1 -13 -2 -13 -1 -13 -1 -13 -1 -13 -1 -13 -1 -13 -1 -13 0 -13 0 -13 0 -14 0 -13 0 -13 1 -13 1 -13 2 0 0 0 0 0 0 0 0 0 0]"
"1769237488904681,CSI_DATA,STATION,00:00:00:00:00:00,0,0,0,0,0,0,0,0,0,0,0,0,0,0,0,0,0,0,0,0,0,128,[84 -64 4 0 0 0 0 0 0 0 0 0 15 -16 16 -14 16 -14 16 -13 17 -13 17 -12 17 -12 18 -10 17 -10 18 -9 17 -10 17 -9 18 -9 17 -9 16 -8 17 -8 17 -8 17 -8 15 -7 16 -7 15 -7 14 -7 15 -7 14 -7 14 -8 14 -8 0 0 13 -7 13 -8 12 -8 13 -9 13 -9 12 -9 12 -9 12 -9 12 -9 12 -10 11 -10 11 -10 10 -10 10 -11 10 -11 10 -11 10 -12 10 -12 10 -12 9 -12 10 -13 9 -12 9 -13 9 -13 9 -13 9 -13 0 0 0 0 0 0 0 0 0 0]"
"1769237488911322,CSI_DATA,STATION,00:00:00:00:00:00,0,0,0,0,0,0,0,0,0,0,0,0,0,0,0,0,0,0,0,0,0,128,[84 -64 4 0 0 0 0 0 0 0 0 0 -5 -16 -4 -16 -3 -16 -3 -16 -2 -16 -2 -16 -1 -16 0 -16 0 -16 0 -16 0 -16 0 -15 0 -15 1 -15 1 -15 1 -15 1 -14 1 -14 1 -14 1 -14 1 -14 1 -13 1 -13 0 -13 0 -13 0 -13 0 0 0 -12 -1 -13 -1 -12 -1 -12 -1 -12 -1 -12 -1 -12 -2 -12 -2 -12 -3 -12 -3 -12 -3 -12 -4 -12 -3 -12 -4 -12 -4 -12 -4 -12 -4 -12 -5 -12 -4 -12 -5 -12 -5 -12 -5 -12 -5 -12 -6 -12 -6 -12 0 0 0 0 0 0 0 0 0 0]"
"1769237488915710,CSI_DATA,STATION,00:00:00:00:00:00,0,0,0,0,0,0,0,0,0,0,0,0,0,0,0,0,0,0,0,0,0,128,[84 -64 4 0 0 0 0 0 0 0 0 0 -7 12 -8 12 -9 12 -8 11 -9 11 -10 11 -9 11 -10 10 -9 10 -10 10 -10 10 -10 9 -10 9 -10 9 -10 9 -10 9 -10 8 -10 8 -9 8 -9 8 -9 8 -9 8 -9 8 -9 8 -8 7 -8 8 0 0 -8 8 -7 8 -7 8 -7 8 -7 9 -6 8 -6 9 -6 9 -6 9 -6 9 -6 9 -5 9 -5 9 -5 9 -5 10 -5 10 -4 10 -4 10 -4 10 -4 10 -4 11 -3 11 -3 11 -3 11 -3 11 -3 11 0 0 0 0 0 0 0 0 0 0]"
"1769237488920163,CSI_DATA,STATION,00:00:00:00:00:00,0,0,0,0,0,0,0,0,0,0,0,0,0,0,0,0,0,0,0,0,0,128,[84 -64 4 0 0 0 0 0 0 0 0 0 -3 -16 -3 -16 -2 -15 -2 -17 -1 -15 -1 -16 -1 -16 0 -16 0 -16 0 -15 1 -15 2 -15 1 -14 1 -15 2 -15 1 -14 2 -14 2 -14 2 -14 1 -13 2 -13 2 -13 1 -13 1 -12 1 -13 1 -13 0 0 0 -12 0 -12 0 -12 0 -12 0 -12 -1 -12 -1 -12 -2 -12 -2 -12 -2 -12 -2 -12 -2 -12 -3 -12 -3 -12 -3 -12 -3 -12 -3 -12 -4 -13 -4 -12 -4 -13 -4 -12 -5 -12 -5 -12 -5 -12 -5 -12 -5 -13 0 0 0 0 0 0 0 0 0 0]"
"1769237488926846,CSI_DATA,STATION,00:00:00:00:00:00,0,0,0,0,0,0,0,0,0,0,0,0,0,0,0,0,0,0,0,0,0,128,[84 -64 4 0 0 0 0 0 0 0 0 0 -4 -15 -3 -15 -2 -15 -3 -15 -2 -15 -2 -15 -1 -15 0 -15 0 -15 0 -14 1 -14 1 -14 1 -14 1 -14 1 -14 1 -14 2 -13 2 -13 2 -13 2 -13 2 -13 2 -12 1 -12 1 -12 1 -12 1 -12 0 0 1 -12 0 -12 0 -11 0 -12 0 -12 -1 -12 -1 -12 -1 -11 -1 -11 -1 -11 -1 -12 -1 -12 -2 -11 -2 -11 -2 -12 -2 -12 -2 -11 -3 -12 -3 -12 -3 -12 -3 -12 -3 -12 -4 -12 -4 -12 -4 -12 -4 -12 0 0 0 0 0 0 0 0 0 0]"
"1769237488931298,CSI_DATA,STATION,00:00:00:00:00:00,0,0,0,0,0,0,0,0,0,0,0,0,0,0,0,0,0,0,0,0,0,128,[84 -64 4 0 0 0 0 0 0 0 0 0 3 14 3 14 2 14 1 15 1 14 1 15 0 15 -1 15 0 15 -1 14 -1 14 -2 14 -2 13 -2 14 -2 14 -2 13 -2 13 -2 12 -2 13 -2 13 -2 12 -2 12 -2 12 -2 12 -2 12 -2 12 0 0 -1 11 -1 12 -1 11 -1 11 0 11 0 12 0 12 0 11 0 11 0 11 1 11 1 12 1 11 1 12 1 11 2 12 2 11 3 12 2 11 3 11 3 12 3 12 3 12 3 12 3 12 4 12 0 0 0 0 0 0 0 0 0 0]"
"1769237488935752,CSI_DATA,STATION,00:00:00:00:00:00,0,0,0,0,0,0,0,0,0,0,0,0,0,0,0,0,0,0,0,0,0,128,[84 -64 4 0 0 0 0 0 0 0 0 0 -9 11 -9 11 -10 11 -10 11 -10 10 -11 9 -11 10 -11 10 -11 9 -12 9 -11 9 -11 8 -12 8 -12 8 -12 7 -12 7 -11 7 -12 8 -11 6 -11 6 -11 7 -11 6 -11 7 -10 7 -10 6 -10 7 0 0 -10 7 -9 7 -9 7 -9 7 -9 7 -8 7 -8 8 -8 8 -8 8 -8 8 -8 9 -8 9 -8 9 -7 9 -8 9 -7 9 -7 9 -7 9 -7 10 -7 10 -7 10 -7 11 -7 10 -6 11 -6 11 -6 11 0 0 0 0 0 0 0 0 0 0]"
"1769237488942413,CSI_DATA,STATION,00:00:00:00:00:00,0,0,0,0,0,0,0,0,0,0,0,0,0,0,0,0,0,0,0,0,0,128,[84 -64 4 0 0 0 0 0 0 0 0 0 -11 9 -11 8 -12 8 -12 8 -12 7 -12 7 -12 6 -13 6 -12 6 -13 5 -13 5 -12 5 -12 4 -12 4 -13 4 -12 5 -12 4 -11 4 -12 3 -12 4 -11 4 -11 4 -11 4 -11 4 -11 4 -11 4 0 0 -11 5 -10 5 -10 5 -10 5 -9 5 -10 5 -10 5 -9 6 -9 6 -9 6 -9 7 -9 6 -9 7 -9 7 -9 7 -9 7 -8 8 -8 8 -9 8 -8 8 -8 9 -8 9 -8 9 -8 9 -8 10 -8 10 0 0 0 0 0 0 0 0 0 0]"
"1769237488946830,CSI_DATA,STATION,00:00:00:00:00:00,0,0,0,0,0,0,0,0,0,0,0,0,0,0,0,0,0,0,0,0,0,128,[84 -64 4 0 0 0 0 0 0 0 0 0 0 14 0 14 -1 14 -2 14 -2 14 -3 14 -3 14 -3 13 -3 13 -4 13 -4 13 -4 13 -5 12 -4 12 -5 12 -5 12 -5 12 -5 12 -5 11 -5 11 -4 11 -4 11 -5 11 -4 11 -4 11 -4 11 0 0 -3 10 -3 11 -3 10 -3 11 -3 11 -2 11 -2 11 -2 11 -2 10 -2 11 -1 11 -2 11 -1 12 -1 11 -1 12 -1 11 -1 11 0 12 0 12 0 12 0 12 1 12 1 12 1 12 1 13 1 13 0 0 0 0 0 0 0 0 0 0]"
"1769237488951123,CSI_DATA,STATION,00:00:00:00:00:00,0,0,0,0,0,0,0,0,0,0,0,0,0,0,0,0,0,0,0,0,0,128,[84 -64 4 0 0 0 0 0 0 0 0 0 0 -13 1 -13 1 -13 1 -13 2 -13 3 -14 3 -13 3 -13 3 -13 4 -12 4 -13 4 -12 4 -12 4 -12 4 -12 4 -11 5 -12 4 -11 4 -11 4 -11 4 -11 4 -11 4 -11 4 -11 4 -10 3 -10 0 0 3 -11 3 -10 3 -10 2 -10 3 -11 2 -10 2 -10 2 -11 2 -11 1 -11 1 -11 1 -11 1 -11 1 -11 1 -11 1 -12 0 -12 1 -12 0 -12 0 -12 0 -12 0 -12 0 -12 -1 -12 -1 -12 -1 -13 0 0 0 0 0 0 0 0 0 0]"
"1769237488957533,CSI_DATA,STATION,00:00:00:00:00:00,0,0,0,0,0,0,0,0,0,0,0,0,0,0,0,0,0,0,0,0,0,128,[84 -64 4 0 0 0 0 0 0 0 0 0 11 6 11 7 11 7 11 7 10 8 10 8 10 8 9 8 9 8 9 9 9 8 8 9 8 9 8 9 8 9 8 9 7 9 7 8 7 8 7 9 7 8 7 8 7 8 7 8 7 8 7 8 0 0 7 7 7 7 7 7 7 7 8 7 8 7 8 6 8 6 8 6 9 6 8 6 8 6 9 6 9 5 9 5 9 5 10 5 9 5 10 5 9 4 10 5 10 5 10 5 11 5 11 5 11 4 0 0 0 0 0 0 0 0 0 0]"
"1769237488961841,CSI_DATA,STATION,00:00:00:00:00:00,0,0,0,0,0,0,0,0,0,0,0,0,0,0,0,0,0,0,0,0,0,128,[84 -64 4 0 0 0 0 0 0 0 0 0 -6 12 -7 11 -7 11 -7 11 -8 11 -8 10 -9 10 -9 10 -9 10 -10 9 -9 9 -9 9 -9 9 -9 8 -9 8 -9 8 -9 8 -9 8 -9 8 -9 7 -9 7 -8 7 -9 8 -8 7 -8 7 -8 8 0 0 -8 8 -7 7 -7 8 -7 8 -7 8 -7 8 -6 8 -7 8 -6 9 -6 9 -6 9 -6 9 -5 9 -5 9 -6 9 -5 10 -5 10 -5 10 -5 10 -5 10 -5 11 -5 10 -5 11 -4 11 -5 11 -4 11 0 0 0 0 0 0 0 0 0 0]"
"1769237488966085,CSI_DATA,STATION,00:00:00:00:00:00,0,0,0,0,0,0,0,0,0,0,0,0,0,0,0,0,0,0,0,0,0,128,[84 -64 4 0 0 0 0 0 0 0 0 0 -9 11 -10 10 -10 9 -10 10 -11 9 -11 9 -11 9 -12 8 -11 8 -12 8 -11 7 -11 8 -11 7 -11 7 -12 6 -12 7 -11 6 -11 6 -11 6 -11 6 -11 6 -10 6 -11 6 -11 6 -10 6 -10 6 0 0 -10 6 -10 6 -9 6 -9 7 -9 7 -9 7 -9 7 -9 7 -8 8 -9 8 -8 8 -9 8 -8 8 -8 9 -8 9 -8 9 -8 9 -7 9 -8 10 -7 10 -8 10 -7 10 -7 10 -7 10 -7 10 -7 11 0 0 0 0 0 0 0 0 0 0]"
"1769237488972565,CSI_DATA,STATION,00:00:00:00:00:00,0,0,0,0,0,0,0,0,0,0,0,0,0,0,0,0,0,0,0,0,0,128,[84 -64 4 0 0 0 0 0 0 0 0 0 12 -9 12 -8 12 -8 12 -7 12 -7 13 -7 13 -6 13 -5 13 -6 13 -5 13 -5 13 -5 12 -4 12 -4 13 -4 12 -4 12 -3 12 -3 12 -3 12 -3 12 -3 12 -3 11 -4 11 -3 11 -4 11 -4 0 0 11 -4 11 -4 10 -4 11 -5 10 -5 11 -5 10 -5 10 -5 10 -6 10 -6 9 -6 10 -6 10 -6 10 -6 10 -7 10 -7 10 -7 10 -8 10 -7 10 -8 10 -8 9 -8 10 -8 9 -8 10 -9 10 -9 0 0 0 0 0 0 0 0 0 0]"
"1769237488976911,CSI_DATA,STATION,00:00:00:00:00:00,0,0,0,0,0,0,0,0,0,0,0,0,0,0,0,0,0,0,0,0,0,128,[84 -64 4 0 0 0 0 0 0 0 0 0 8 -12 8 -11 8 -11 8 -10 9 -10 10 -10 9 -10 10 -10 10 -9 10 -8 10 -9 10 -8 10 -8 10 -8 10 -8 10 -8 10 -8 9 -7 9 -7 10 -7 9 -7 9 -7 9 -7 9 -7 8 -7 8 -7 0 0 8 -7 7 -7 8 -7 7 -7 7 -8 7 -8 7 -8 7 -8 7 -8 6 -9 6 -9 6 -9 6 -9 6 -9 6 -9 6 -10 6 -10 6 -10 6 -11 5 -11 5 -11 5 -10 5 -11 5 -11 5 -11 5 -11 0 0 0 0 0 0 0 0 0 0]"
"1769237488983350,CSI_DATA,STATION,00:00:00:00:00:00,0,0,0,0,0,0,0,0,0,0,0,0,0,0,0,0,0,0,0,0,0,128,[84 -64 4 0 0 0 0 0 0 0 0 0 -1 15 -2 14 -3 14 -3 14 -3 14 -4 14 -4 14 -5 14 -4 14 -5 13 -5 13 -6 13 -6 13 -6 12 -6 12 -6 12 -6 12 -6 12 -6 12 -5 11 -5 11 -5 11 -5 11 -5 11 -5 11 -5 11 0 0 -4 11 -4 11 -3 11 -3 11 -4 11 -3 11 -3 11 -3 11 -3 10 -2 11 -2 11 -2 11 -2 11 -1 12 -2 11 -1 12 0 11 -1 12 -1 12 -1 12 0 12 0 12 0 12 0 12 0 12 1 13 0 0 0 0 0 0 0 0 0 0]"
"1769237488987643,CSI_DATA,STATION,00:00:00:00:00:00,0,0,0,0,0,0,0,0,0,0,0,0,0,0,0,0,0,0,0,0,0,128,[84 -64 4 0 0 0 0 0 0 0 0 0 -9 7 -9 7 -9 7 -9 7 -10 6 -10 6 -10 6 -10 5 -10 5 -11 4 -10 5 -10 4 -10 4 -10 4 -10 4 -10 4 -10 4 -9 4 -9 3 -9 3 -9 3 -9 3 -9 3 -9 4 -9 3 -9 4 0 0 -8 4 -8 4 -8 4 -8 4 -8 4 -8 4 -8 4 -8 5 -7 5 -8 5 -7 6 -7 5 -7 5 -7 6 -7 6 -7 6 -7 6 -7 6 -7 6 -7 7 -7 7 -7 7 -7 7 -6 7 -7 7 -7 7 0 0 0 0 0 0 0 0 0 0]"
"1769237488994089,CSI_DATA,STATION,00:00:00:00:00:00,0,0,0,0,0,0,0,0,0,0,0,0,0,0,0,0,0,0,0,0,0,128,[84 -64 4 0 0 0 0 0 0 0 0 0 -9 -12 -9 -13 -9 -13 -8 -14 -8 -14 -8 -14 -7 -14 -7 -14 -6 -14 -6 -15 -6 -14 -5 -14 -5 -14 -5 -14 -5 -14 -5 -14 -4 -13 -5 -13 -5 -13 -5 -13 -5 -12 -5 -12 -4 -12 -4 -12 -5 -12 -5 -12 0 0 -5 -11 -5 -11 -5 -11 -5 -11 -6 -11 -6 -11 -6 -11 -7 -11 -7 -10 -7 -10 -7 -10 -7 -10 -7 -10 -7 -10 -8 -10 -8 -9 -8 -10 -9 -10 -8 -10 -10 -10 -9 -10 -10 -9 -10 -10 -10 -9 -10 -9 -10 -9 0 0 0 0 0 0 0 0 0 0]"
"1769237488998432,CSI_DATA,STATION,00:00:00:00:00:00,0,0,0,0,0,0,0,0,0,0,0,0,0,0,0,0,0,0,0,0,0,128,[84 -64 4 0 0 0 0 0 0 0 0 0 0 14 -1 14 -1 13 -1 13 -2 13 -3 13 -3 13 -4 13 -4 13 -4 13 -3 13 -4 12 -4 12 -4 12 -4 12 -4 12 -4 12 -5 12 -5 12 -4 11 -4 11 -4 11 -4 11 -4 11 -3 11 -3 11 0 0 -3 11 -2 10 -2 11 -2 11 -2 11 -2 11 -1 10 -1 10 -1 11 -1 11 0 11 0 11 0 11 0 11 0 11 0 11 1 11 1 11 1 12 1 12 2 11 2 11 2 11 2 11 2 12 3 12 0 0 0 0 0 0 0 0 0 0]"
"1769237489002734,CSI_DATA,STATION,00:00:00:00:00:00,0,0,0,0,0,0,0,0,0,0,0,0,0,0,0,0,0,0,0,0,0,128,[84 -64 4 0 0 0 0 0 0 0 0 0 9 8 9 9 9 9 9 10 8 10 7 10 7 10 7 10 6 10 6 11 6 10 6 10 6 10 6 10 5 11 5 10 5 10 5 10 5 10 5 10 5 10 4 10 5 9 5 9 5 9 5 9 0 0 5 9 5 9 5 8 5 8 6 8 6 8 6 8 6 8 6 7 7 8 6 7 7 8 7 8 7 7 7 8 7 7 8 7 8 7 8 7 8 7 8 7 8 7 8 7 9 6 9 7 9 7 0 0 0 0 0 0 0 0 0 0]"
"1769237489009196,CSI_DATA,STATION,00:00:00:00:00:00,0,0,0,0,0,0,0,0,0,0,0,0,0,0,0,0,0,0,0,0,0,128,[84 -64 4 0 0 0 0 0 0 0 0 0 8 9 8 9 8 10 7 10 7 10 7 10 7 10 6 10 6 11 6 11 6 10 5 10 5 10 5 10 4 10 5 10 5 10 5 10 4 10 4 10 4 10 4 9 4 9 5 9 4 9 5 9 0 0 5 8 5 8 5 8 5 8 5 8 6 8 5 8 6 8 6 7 6 7 6 7 7 8 7 8 7 7 7 7 7 7 8 6 8 7 8 7 8 7 8 6 8 7 8 6 9 6 9 6 9 6 0 0 0 0 0 0 0 0 0 0]"
"1769237489013487,CSI_DATA,STATION,00:00:00:00:00:00,0,0,0,0,0,0,0,0,0,0,0,0,0,0,0,0,0,0,0,0,0,128,[84 -64 4 0 0 0 0 0 0 0 0 0 -15 2 -15 2 -15 1 -15 1 -15 0 -15 0 -15 -1 -15 -1 -14 -1 -15 -2 -14 -2 -14 -2 -14 -3 -13 -2 -14 -3 -13 -2 -14 -3 -13 -3 -13 -3 -12 -3 -12 -3 -12 -3 -12 -2 -12 -2 -12 -2 -12 -1 0 0 -12 -2 -11 -1 -12 -1 -12 -1 -12 -1 -12 -1 -12 -1 -12 0 -12 0 -12 0 -13 0 -12 1 -12 0 -12 1 -12 1 -12 1 -12 1 -13 2 -13 1 -13 2 -13 2 -13 2 -13 2 -13 2 -13 2 -13 3 0 0 0 0 0 0 0 0 0 0]"
"1769237489017792,CSI_DATA,STATION,00:00:00:00:00:00,0,0,0,0,0,0,0,0,0,0,0,0,0,0,0,0,0,0,0,0,0,128,[84 -64 4 0 0 0 0 0 0 0 0 0 11 -6 11 -5 11 -5 12 -5 11 -4 12 -4 12 -3 12 -3 12 -3 12 -2 12 -2 11 -2 11 -1 11 -2 11 -1 11 -2 11 -1 10 -1 11 -1 11 -1 10 -1 10 -2 10 -1 10 -1 10 -2 10 -2 0 0 9 -2 9 -3 9 -2 10 -3 9 -3 10 -3 9 -3 9 -3 9 -4 9 -4 9 -4 9 -4 9 -4 9 -4 9 -5 9 -5 9 -5 9 -6 9 -6 9 -6 9 -6 9 -6 9 -6 9 -6 9 -7 9 -7 0 0 0 0 0 0 0 0 0 0]"
"1769237489024214,CSI_DATA,STATION,00:00:00:00:00:00,0,0,0,0,0,0,0,0,0,0,0,0,0,0,0,0,0,0,0,0,0,128,[84 -64 4 0 0 0 0 0 0 0 0 0 13 -3 13 -2 13 -1 13 -1 13 0 13 0 13 1 13 1 13 1 13 2 13 2 12 1 13 2 12 2 12 2 12 2 12 2 12 3 11 3 11 3 11 3 10 3 11 2 11 2 11 2 10 1 0 0 10 1 10 1 10 1 11 1 11 1 10 1 10 0 10 0 11 0 11 0 10 -1 11 0 11 -1 11 -1 11 -1 11 -1 11 -2 11 -2 11 -1 11 -2 11 -2 11 -2 12 -2 11 -3 12 -3 12 -3 0 0 0 0 0 0 0 0 0 0]"
"1769237489028548,CSI_DATA,STATION,00:00:00:00:00:00,0,0,0,0,0,0,0,0,0,0,0,0,0,0,0,0,0,0,0,0,0,128,[84 -64 4 0 0 0 0 0 0 0 0 0 -14 0 -15 0 -14 -1 -14 -1 -14 -1 -14 -2 -14 -2 -14 -3 -14 -3 -14 -4 -13 -3 -13 -4 -13 -5 -13 -4 -13 -4 -13 -4 -12 -4 -12 -4 -12 -4 -12 -4 -12 -4 -11 -4 -11 -4 -11 -4 -11 -4 -11 -3 0 0 -11 -3 -11 -3 -11 -3 -11 -2 -12 -3 -11 -2 -11 -2 -11 -2 -11 -2 -12 -2 -12 -1 -12 -2 -12 -1 -12 -1 -12 0 -12 0 -12 -1 -12 0 -12 0 -12 0 -13 0 -12 0 -13 0 -13 0 -13 0 -13 0 0 0 0 0 0 0 0 0 0 0]"
"1769237489034998,CSI_DATA,STATION,00:00:00:00:00:00,0,0,0,0,0,0,0,0,0,0,0,0,0,0,0,0,0,0,0,0,0,128,[84 -64 4 0 0 0 0 0 0 0 0 0 -15 1 -14 1 -15 0 -14 0 -15 -1 -14 -1 -14 -2 -14 -2 -13 -2 -14 -3 -14 -2 -13 -3 -13 -3 -13 -3 -13 -3 -13 -3 -12 -3 -13 -3 -12 -4 -12 -4 -12 -4 -12 -4 -12 -4 -12 -3 -12 -3 -12 -2 0 0 -11 -3 -11 -2 -11 -2 -12 -2 -12 -2 -11 -2 -11 -2 -12 -2 -11 -1 -12 -1 -12 0 -12 0 -12 -1 -12 -1 -12 0 -12 1 -12 0 -12 0 -12 1 -13 1 -12 1 -12 1 -13 1 -13 2 -13 2 -13 2 0 0 0 0 0 0 0 0 0 0]"
"1769237489039334,CSI_DATA,STATION,00:00:00:00:00:00,0,0,0,0,0,0,0,0,0,0,0,0,0,0,0,0,0,0,0,0,0,128,[84 -64 4 0 0 0 0 0 0 0 0 0 -6 11 -7 10 -7 10 -7 10 -8 10 -8 9 -8 9 -8 9 -8 9 -9 8 -9 8 -9 8 -9 7 -9 7 -9 7 -9 8 -9 7 -8 7 -9 7 -9 7 -8 6 -8 7 -8 7 -8 7 -8 6 -8 7 0 0 -7 7 -8 7 -7 7 -7 6 -7 7 -7 7 -7 7 -7 8 -6 8 -7 8 -7 8 -6 7 -6 8 -6 8 -6 8 -6 9 -6 8 -6 8 -5 9 -6 9 -5 10 -5 9 -5 9 -5 10 -6 10 -5 10 0 0 0 0 0 0 0 0 0 0]"
"1769237489045828,CSI_DATA,STATION,00:00:00:00:00:00,0,0,0,0,0,0,0,0,0,0,0,0,0,0,0,0,0,0,0,0,0,128,[84 -64 4 0 0 0 0 0 0 0 0 0 -1 -15 -1 -15 0 -14 0 -14 1 -14 2 -14 2 -14 2 -14 3 -14 2 -14 3 -13 3 -13 3 -13 3 -13 3 -12 3 -13 3 -12 4 -13 3 -12 4 -12 3 -12 3 -12 3 -12 3 -12 2 -12 2 -12 0 0 3 -12 2 -12 2 -11 2 -11 1 -12 1 -12 1 -12 1 -12 1 -12 1 -12 1 -12 0 -12 0 -12 0 -12 0 -13 0 -12 -1 -13 -1 -13 -1 -13 -1 -13 -1 -13 -1 -13 -1 -13 -2 -13 -2 -13 -2 -13 0 0 0 0 0 0 0 0 0 0]"
"1769237489050187,CSI_DATA,STATION,00:00:00:00:00:00,0,0,0,0,0,0,0,0,0,0,0,0,0,0,0,0,0,0,0,0,0,128,[84 -64 4 0 0 0 0 0 0 0 0 0 8 9 7 9 7 9 7 10 6 10 6 10 6 10 5 11 5 10 5 11 5 11 4 10 4 10 4 10 4 11 4 10 4 10 4 10 3 10 4 10 3 10 4 10 3 10 4 10 4 10 3 10 0 0 4 9 4 9 4 9 4 9 4 9 5 9 5 9 5 9 5 8 5 8 5 8 5 9 6 9 6 8 6 9 6 8 7 8 7 8 7 8 7 8 7 8 7 8 7 8 8 8 8 8 8 8 0 0 0 0 0 0 0 0 0 0]"
"1769237489060812,CSI_DATA,STATION,00:00:00:00:00:00,0,0,0,0,0,0,0,0,0,0,0,0,0,0,0,0,0,0,0,0,0,128,[84 -64 4 0 0 0 0 0 0 0 0 0 -4 -14 -3 -14 -3 -14 -2 -14 -2 -14 -2 -14 -1 -14 -1 -14 0 -14 0 -13 0 -14 0 -13 0 -13 1 -13 1 -14 0 -13 1 -12 1 -12 1 -13 1 -12 1 -12 1 -12 1 -12 0 -12 0 -12 0 -12 0 0 0 -12 0 -12 -1 -12 -1 -12 -1 -12 -1 -12 -1 -12 -1 -12 -1 -12 -1 -12 -2 -12 -2 -12 -3 -12 -3 -12 -3 -12 -3 -12 -3 -12 -3 -13 -3 -12 -3 -12 -3 -13 -4 -13 -4 -13 -5 -13 -5 -13 -5 -13 0 0 0 0 0 0 0 0 0 0]"
"1769237489065114,CSI_DATA,STATION,00:00:00:00:00:00,0,0,0,0,0,0,0,0,0,0,0,0,0,0,0,0,0,0,0,0,0,128,[84 -64 4 0 0 0 0 0 0 0 0 0 -14 2 -14 2 -14 1 -14 1 -15 0 -14 0 -14 -1 -14 -1 -14 -2 -14 -2 -14 -2 -13 -2 -13 -2 -13 -2 -13 -2 -13 -2 -12 -3 -13 -3 -13 -3 -12 -3 -12 -3 -12 -3 -12 -3 -12 -3 -12 -2 -12 -2 0 0 -12 -2 -12 -1 -11 -1 -12 0 -12 -1 -12 -1 -12 -1 -12 -1 -12 -1 -12 0 -12 1 -12 0 -12 0 -12 0 -12 1 -12 1 -13 1 -13 2 -13 2 -13 2 -13 2 -13 2 -13 2 -13 2 -13 3 -13 3 0 0 0 0 0 0 0 0 0 0]"
"1769237489071603,CSI_DATA,STATION,00:00:00:00:00:00,0,0,0,0,0,0,0,0,0,0,0,0,0,0,0,0,0,0,0,0,0,128,[84 -64 4 0 0 0 0 0 0 0 0 0 11 -8 11 -8 11 -7 11 -7 11 -7 12 -6 12 -6 12 -6 12 -5 12 -5 12 -5 12 -5 12 -4 11 -4 12 -4 11 -4 11 -3 11 -4 11 -3 12 -3 11 -3 11 -3 11 -4 11 -3 11 -3 10 -4 0 0 10 -4 10 -4 10 -4 10 -5 10 -4 10 -5 10 -5 9 -5 10 -5 10 -6 9 -6 10 -6 10 -6 10 -6 10 -7 10 -7 9 -7 10 -8 10 -7 10 -8 10 -8 9 -7 10 -8 10 -8 10 -9 10 -9 0 0 0 0 0 0 0 0 0 0]"
"1769237489078050,CSI_DATA,STATION,00:00:00:00:00:00,0,0,0,0,0,0,0,0,0,0,0,0,0,0,0,0,0,0,0,0,0,128,[84 -64 4 0 0 0 0 0 0 0 0 0 -2 13 -3 13 -3 13 -4 13 -4 12 -4 13 -4 12 -5 12 -6 12 -5 12 -6 12 -6 11 -6 11 -6 11 -7 11 -6 10 -6 11 -6 10 -6 10 -6 10 -6 10 -6 10 -6 10 -6 10 -5 10 -5 10 0 0 -5 10 -5 10 -5 10 -4 10 -4 10 -4 10 -4 10 -4 10 -4 10 -4 10 -3 11 -3 10 -3 11 -3 11 -3 11 -2 11 -2 11 -2 11 -2 12 -2 11 -2 12 -2 12 -2 12 -1 12 -2 12 -1 12 0 0 0 0 0 0 0 0 0 0]"
"1769237489084428,CSI_DATA,STATION,00:00:00:00:00:00,0,0,0,0,0,0,0,0,0,0,0,0,0,0,0,0,0,0,0,0,0,128,[84 -64 4 0 0 0 0 0 0 0 0 0 -14 -5 -13 -6 -13 -6 -13 -7 -12 -6 -13 -7 -13 -7 -12 -7 -11 -8 -11 -8 -11 -8 -11 -8 -11 -8 -11 -8 -11 -8 -10 -8 -10 -8 -10 -8 -10 -8 -10 -8 -10 -8 -10 -8 -9 -7 -10 -8 -10 -7 -10 -7 0 0 -10 -6 -10 -6 -10 -6 -10 -6 -10 -6 -10 -6 -10 -5 -10 -5 -11 -5 -11 -5 -11 -4 -12 -5 -11 -5 -12 -5 -12 -4 -12 -4 -12 -4 -12 -4 -12 -4 -13 -3 -12 -3 -13 -3 -13 -3 -13 -3 -13 -3 -14 -3 0 0 0 0 0 0 0 0 0 0]"
"1769237489088657,CSI_DATA,STATION,00:00:00:00:00:00,0,0,0,0,0,0,0,0,0,0,0,0,0,0,0,0,0,0,0,0,0,128,[84 -64 4 0 0 0 0 0 0 0 0 0 12 -6 12 -6 12 -5 13 -5 12 -4 13 -4 13 -3 13 -3 13 -3 13 -2 13 -2 13 -2 12 -2 12 -2 13 -2 12 -2 12 -1 12 -1 12 -1 12 -1 11 -1 11 -1 11 -2 11 -1 11 -2 11 -2 0 0 10 -2 11 -2 11 -2 10 -3 11 -3 11 -3 10 -3 10 -3 10 -4 10 -4 10 -4 10 -4 10 -4 10 -4 10 -5 10 -6 10 -5 11 -6 11 -6 10 -6 10 -6 10 -6 10 -6 10 -7 10 -7 11 -7 0 0 0 0 0 0 0 0 0 0]"
"1769237489095001,CSI_DATA,STATION,00:00:00:00:00:00,0,0,0,0,0,0,0,0,0,0,0,0,0,0,0,0,0,0,0,0,0,128,[84 -64 4 0 0 0 0 0 0 0 0 0 9 -11 9 -11 9 -10 9 -10 10 -10 10 -9 10 -9 11 -8 11 -9 11 -8 11 -8 11 -8 11 -7 10 -7 11 -7 10 -7 10 -7 10 -7 10 -7 10 -6 10 -6 10 -7 10 -6 10 -6 9 -6 9 -7 0 0 9 -7 9 -7 8 -7 8 -7 8 -7 8 -8 8 -7 8 -8 8 -8 8 -9 8 -9 8 -8 7 -8 7 -9 7 -9 7 -9 7 -10 7 -10 7 -10 7 -10 7 -10 7 -10 7 -11 6 -11 7 -11 7 -11 0 0 0 0 0 0 0 0 0 0]"
"1769237489099292,CSI_DATA,STATION,00:00:00:00:00:00,0,0,0,0,0,0,0,0,0,0,0,0,0,0,0,0,0,0,0,0,0,128,[84 -64 4 0 0 0 0 0 0 0 0 0 -8 12 -8 11 -8 10 -9 11 -9 10 -10 10 -9 10 -10 9 -10 9 -11 8 -10 9 -10 8 -10 8 -10 8 -11 7 -10 8 -10 7 -10 7 -10 7 -10 7 -10 7 -10 7 -10 7 -9 7 -9 7 -9 7 0 0 -9 7 -8 7 -8 7 -8 7 -8 7 -8 7 -8 7 -8 8 -7 8 -8 9 -7 9 -7 8 -7 9 -7 9 -7 9 -6 10 -6 9 -7 10 -6 10 -6 10 -6 10 -6 10 -6 10 -6 11 -6 11 -6 11 0 0 0 0 0 0 0 0 0 0]"
"1769237489105763,CSI_DATA,STATION,00:00:00:00:00:00,0,0,0,0,0,0,0,0,0,0,0,0,0,0,0,0,0,0,0,0,0,128,[84 -64 4 0 0 0 0 0 0 0 0 0 -11 5 -12 5 -12 5 -12 4 -12 4 -12 3 -13 3 -12 2 -12 2 -12 2 -12 2 -12 2 -12 1 -12 1 -12 1 -11 2 -12 1 -11 1 -12 0 -11 1 -11 0 -11 1 -11 0 -11 1 -11 1 -11 1 0 0 -10 1 -10 2 -10 2 -10 2 -10 2 -10 2 -10 2 -10 2 -10 3 -10 3 -10 4 -10 3 -10 3 -10 4 -10 4 -10 4 -10 4 -10 4 -10 4 -10 4 -10 5 -10 5 -10 5 -10 5 -10 6 -10 5 0 0 0 0 0 0 0 0 0 0]"
"1769237489110220,CSI_DATA,STATION,00:00:00:00:00:00,0,0,0,0,0,0,0,0,0,0,0,0,0,0,0,0,0,0,0,0,0,128,[84 -64 4 0 0 0 0 0 0 0 0 0 -12 -10 -12 -11 -11 -11 -12 -11 -11 -12 -11 -12 -10 -12 -10 -12 -9 -13 -9 -13 -9 -12 -9 -13 -9 -13 -9 -12 -8 -13 -7 -12 -8 -12 -8 -12 -8 -12 -7 -12 -7 -12 -7 -12 -7 -11 -8 -11 -7 -11 -8 -11 0 0 -7 -11 -7 -10 -8 -11 -7 -10 -9 -10 -8 -10 -8 -10 -9 -10 -9 -9 -9 -9 -10 -9 -10 -9 -10 -9 -10 -9 -10 -8 -11 -8 -11 -9 -11 -9 -11 -8 -11 -9 -11 -8 -11 -8 -12 -8 -12 -8 -12 -7 -12 -8 0 0 0 0 0 0 0 0 0 0]"
"1769237489116908,CSI_DATA,STATION,00:00:00:00:00:00,0,0,0,0,0,0,0,0,0,0,0,0,0,0,0,0,0,0,0,0,0,128,[84 -64 4 0 0 0 0 0 0 0 0 0 13 -7 14 -7 13 -6 14 -5 14 -5 14 -5 14 -4 15 -4 15 -4 14 -3 14 -4 14 -3 14 -2 14 -3 14 -2 13 -2 13 -2 13 -2 13 -2 13 -2 12 -1 12 -2 12 -2 12 -1 12 -3 12 -3 0 0 11 -3 12 -3 11 -3 11 -3 11 -4 12 -4 11 -4 11 -4 11 -4 11 -5 11 -5 11 -5 11 -5 11 -5 11 -6 11 -6 11 -6 11 -7 11 -7 11 -7 11 -7 11 -7 11 -7 11 -8 11 -8 11 -8 0 0 0 0 0 0 0 0 0 0]"
"1769237489121357,CSI_DATA,STATION,00:00:00:00:00:00,0,0,0,0,0,0,0,0,0,0,0,0,0,0,0,0,0,0,0,0,0,128,[84 -64 4 0 0 0 0 0 0 0 0 0 -10 -7 -10 -8 -10 -9 -10 -9 -9 -9 -9 -9 -8 -9 -8 -10 -8 -10 -8 -10 -7 -10 -7 -10 -7 -10 -7 -10 -7 -10 -7 -10 -6 -10 -6 -9 -6 -10 -6 -10 -6 -9 -6 -9 -6 -9 -6 -9 -6 -9 -6 -9 0 0 -6 -9 -7 -8 -6 -8 -6 -8 -7 -8 -7 -8 -7 -8 -7 -8 -7 -7 -7 -7 -8 -7 -7 -7 -7 -7 -8 -7 -8 -7 -8 -7 -8 -7 -9 -7 -9 -7 -9 -7 -9 -7 -9 -7 -9 -7 -10 -7 -9 -7 -10 -7 0 0 0 0 0 0 0 0 0 0]"
"1769237489125815,CSI_DATA,STATION,00:00:00:00:00:00,0,0,0,0,0,0,0,0,0,0,0,0,0,0,0,0,0,0,0,0,0,128,[84 -64 4 0 0 0 0 0 0 0 0 0 -3 -15 -3 -15 -2 -15 -2 -15 -2 -15 -1 -16 0 -15 0 -15 0 -15 0 -15 1 -15 1 -15 1 -14 2 -14 2 -14 2 -13 2 -13 2 -13 2 -14 2 -13 2 -13 2 -13 2 -12 2 -13 1 -12 1 -12 0 0 1 -12 1 -12 1 -12 0 -12 0 -13 0 -12 0 -12 -1 -12 0 -12 0 -12 -1 -12 -1 -12 -1 -12 -1 -13 -1 -13 -1 -13 -2 -13 -2 -13 -2 -13 -2 -13 -2 -13 -2 -13 -3 -13 -2 -13 -2 -13 -3 -13 0 0 0 0 0 0 0 0 0 0]"
"1769237489132483,CSI_DATA,STATION,00:00:00:00:00:00,0,0,0,0,0,0,0,0,0,0,0,0,0,0,0,0,0,0,0,0,0,128,[84 -64 4 0 0 0 0 0 0 0 0 0 -3 11 -4 10 -4 11 -5 10 -5 10 -5 10 -6 10 -6 10 -6 9 -6 9 -6 9 -6 8 -6 9 -6 9 -6 8 -6 8 -6 8 -6 9 -6 8 -6 8 -6 8 -6 8 -6 8 -5 8 -5 7 -5 8 0 0 -5 7 -4 7 -4 8 -4 8 -4 8 -4 8 -4 8 -4 8 -4 8 -4 8 -3 9 -3 9 -3 9 -3 9 -3 9 -3 9 -3 9 -3 9 -2 9 -2 9 -2 9 -2 9 -2 10 -2 10 -2 10 -1 10 0 0 0 0 0 0 0 0 0 0]"
"1769237489136950,CSI_DATA,STATION,00:00:00:00:00:00,0,0,0,0,0,0,0,0,0,0,0,0,0,0,0,0,0,0,0,0,0,128,[84 -64 4 0 0 0 0 0 0 0 0 0 -13 -7 -12 -8 -13 -8 -12 -8 -12 -9 -12 -9 -11 -10 -11 -10 -10 -10 -11 -10 -11 -9 -10 -10 -10 -10 -10 -10 -9 -10 -9 -10 -9 -10 -9 -10 -9 -10 -8 -10 -8 -10 -8 -9 -8 -9 -9 -10 -9 -9 -8 -9 0 0 -8 -9 -8 -8 -9 -8 -8 -8 -9 -8 -9 -8 -9 -8 -9 -8 -9 -8 -10 -7 -10 -7 -10 -7 -10 -7 -10 -7 -10 -7 -11 -6 -11 -7 -11 -7 -11 -6 -11 -7 -11 -7 -12 -7 -11 -6 -12 -6 -12 -6 -12 -6 0 0 0 0 0 0 0 0 0 0]"
"1769237489141422,CSI_DATA,STATION,00:00:00:00:00:00,0,0,0,0,0,0,0,0,0,0,0,0,0,0,0,0,0,0,0,0,0,128,[84 -64 4 0 0 0 0 0 0 0 0 0 -14 -4 -14 -4 -13 -5 -14 -5 -13 -5 -14 -6 -13 -6 -12 -6 -12 -7 -12 -7 -12 -7 -12 -7 -12 -7 -11 -7 -11 -7 -10 -7 -11 -7 -11 -7 -11 -7 -10 -8 -10 -7 -10 -7 -10 -7 -10 -7 -10 -6 -10 -6 0 0 -10 -6 -10 -6 -11 -5 -10 -5 -11 -5 -10 -5 -10 -5 -11 -5 -11 -5 -11 -4 -11 -4 -11 -4 -11 -4 -11 -4 -11 -3 -12 -3 -11 -4 -12 -4 -12 -3 -12 -3 -12 -3 -12 -3 -12 -3 -13 -3 -13 -3 -13 -3 0 0 0 0 0 0 0 0 0 0]"
"1769237489148128,CSI_DATA,STATION,00:00:00:00:00:00,0,0,0,0,0,0,0,0,0,0,0,0,0,0,0,0,0,0,0,0,0,128,[84 -64 4 0 0 0 0 0 0 0 0 0 12 6 11 7 11 7 11 8 11 8 10 8 10 8 10 9 9 9 9 9 9 9 8 9 9 9 8 9 8 10 8 9 8 9 8 8 7 8 7 9 7 9 7 8 7 8 7 8 7 8 7 7 0 0 7 8 7 7 8 7 7 7 8 7 8 7 8 7 8 7 8 6 8 6 8 6 8 6 9 6 9 6 9 6 9 5 10 5 9 5 10 5 10 5 10 5 10 5 10 5 10 5 11 5 11 5 0 0 0 0 0 0 0 0 0 0]"
"1769237489152516,CSI_DATA,STATION,00:00:00:00:00:00,0,0,0,0,0,0,0,0,0,0,0,0,0,0,0,0,0,0,0,0,0,128,[84 -64 4 0 0 0 0 0 0 0 0 0 12 -6 13 -5 12 -4 12 -4 13 -4 13 -4 13 -3 13 -2 13 -2 13 -2 13 -2 13 -2 12 -1 12 -1 12 -1 12 -1 12 -1 11 -1 12 -1 11 -1 11 -1 11 -1 11 -1 11 -1 11 -2 11 -2 0 0 10 -2 10 -2 10 -2 10 -3 10 -2 10 -3 10 -3 10 -3 10 -3 10 -3 10 -4 10 -4 10 -4 10 -4 10 -5 10 -5 9 -5 10 -6 10 -5 10 -5 10 -6 10 -5 10 -5 10 -6 10 -6 10 -6 0 0 0 0 0 0 0 0 0 0]"
"1769237489156867,CSI_DATA,STATION,00:00:00:00:00:00,0,0,0,0,0,0,0,0,0,0,0,0,0,0,0,0,0,0,0,0,0,128,[84 -64 4 0 0 0 0 0 0 0 0 0 2 -14 3 -14 3 -14 4 -14 4 -14 5 -13 5 -13 5 -13 6 -13 5 -13 5 -13 6 -12 6 -12 6 -12 6 -12 6 -11 6 -11 6 -11 6 -11 6 -11 6 -10 6 -10 6 -10 5 -11 5 -10 5 -10 0 0 5 -10 4 -10 4 -10 4 -10 4 -11 4 -11 4 -10 3 -10 3 -10 3 -11 3 -11 2 -11 2 -11 2 -11 2 -11 2 -12 1 -12 2 -12 2 -12 1 -12 1 -12 1 -12 1 -12 1 -12 0 -12 0 -12 0 0 0 0 0 0 0 0 0 0]"
"1769237489163395,CSI_DATA,STATION,00:00:00:00:00:00,0,0,0,0,0,0,0,0,0,0,0,0,0,0,0,0,0,0,0,0,0,128,[84 -64 4 0 0 0 0 0 0 0 0 0 -12 -9 -12 -9 -11 -9 -11 -10 -10 -10 -10 -10 -10 -10 -9 -11 -9 -11 -9 -11 -9 -11 -9 -11 -8 -11 -8 -11 -8 -11 -8 -11 -8 -10 -8 -10 -8 -10 -7 -11 -7 -10 -7 -10 -7 -9 -8 -9 -7 -9 -8 -9 0 0 -8 -9 -7 -9 -8 -8 -8 -8 -8 -8 -8 -8 -8 -8 -9 -8 -8 -8 -9 -7 -9 -7 -10 -7 -9 -7 -9 -7 -9 -7 -10 -7 -10 -6 -10 -6 -10 -6 -11 -6 -10 -6 -11 -6 -11 -6 -11 -5 -11 -5 -11 -5 0 0 0 0 0 0 0 0 0 0]"
"1769237489167746,CSI_DATA,STATION,00:00:00:00:00:00,0,0,0,0,0,0,0,0,0,0,0,0,0,0,0,0,0,0,0,0,0,128,[84 -64 4 0 0 0 0 0 0 0 0 0 -9 11 -10 11 -10 10 -10 10 -10 9 -11 9 -11 9 -12 8 -11 7 -12 8 -11 8 -11 7 -11 7 -12 7 -11 6 -11 7 -11 6 -11 6 -11 6 -11 5 -11 6 -10 5 -10 6 -10 6 -9 5 -10 6 0 0 -9 6 -9 5 -8 6 -9 6 -9 6 -9 6 -8 6 -8 6 -8 7 -8 7 -8 8 -8 7 -8 8 -7 7 -8 7 -8 8 -7 8 -8 8 -7 9 -7 8 -7 9 -7 9 -7 9 -7 9 -7 10 -7 10 0 0 0 0 0 0 0 0 0 0]"
"1769237489174219,CSI_DATA,STATION,00:00:00:00:00:00,0,0,0,0,0,0,0,0,0,0,0,0,0,0,0,0,0,0,0,0,0,128,[84 -64 4 0 0 0 0 0 0 0 0 0 -7 -14 -6 -14 -5 -14 -5 -14 -5 -14 -5 -14 -4 -14 -4 -14 -3 -14 -3 -14 -3 -14 -2 -14 -2 -14 -2 -13 -2 -14 -2 -13 -1 -12 -1 -13 -2 -13 -2 -13 -2 -12 -2 -12 -2 -12 -2 -12 -2 -12 -2 -11 0 0 -2 -11 -3 -11 -3 -11 -3 -11 -3 -11 -3 -11 -4 -11 -4 -11 -4 -10 -4 -11 -4 -11 -4 -10 -5 -10 -5 -11 -5 -11 -6 -10 -6 -10 -6 -10 -6 -10 -6 -10 -7 -10 -7 -10 -7 -10 -7 -10 -7 -10 -7 -10 0 0 0 0 0 0 0 0 0 0]"
"1769237489178524,CSI_DATA,STATION,00:00:00:00:00:00,0,0,0,0,0,0,0,0,0,0,0,0,0,0,0,0,0,0,0,0,0,128,[84 -64 4 0 0 0 0 0 0 0 0 0 13 -10 13 -9 13 -9 14 -8 14 -8 14 -7 14 -7 15 -7 14 -6 14 -6 14 -6 14 -5 14 -5 14 -5 14 -4 13 -4 14 -4 13 -4 13 -4 13 -4 12 -3 12 -4 12 -4 12 -5 12 -4 12 -5 0 0 11 -5 11 -4 11 -5 10 -5 10 -6 10 -5 10 -6 10 -6 10 -6 10 -7 10 -7 9 -7 10 -7 9 -8 10 -8 10 -8 9 -9 9 -9 9 -9 9 -8 9 -9 9 -9 9 -9 9 -10 9 -11 9 -11 0 0 0 0 0 0 0 0 0 0]"
"1769237489182833,CSI_DATA,STATION,00:00:00:00:00:00,0,0,0,0,0,0,0,0,0,0,0,0,0,0,0,0,0,0,0,0,0,128,[84 -64 4 0 0 0 0 0 0 0 0 0 6 12 6 13 5 13 5 13 5 13 4 13 4 13 3 13 3 13 3 14 3 13 2 13 2 12 2 12 2 13 2 12 2 12 2 11 1 12 2 12 2 11 2 11 1 11 2 11 2 11 2 10 0 0 3 10 2 10 3 10 3 10 3 9 4 10 4 9 4 9 4 9 4 9 5 8 5 9 5 9 5 9 5 9 6 9 6 9 6 8 7 8 6 8 6 8 7 8 7 9 7 8 8 8 8 8 0 0 0 0 0 0 0 0 0 0]"
"1769237489189321,CSI_DATA,STATION,00:00:00:00:00:00,0,0,0,0,0,0,0,0,0,0,0,0,0,0,0,0,0,0,0,0,0,128,[84 -64 4 0 0 0 0 0 0 0 0 0 -4 -15 -4 -15 -3 -15 -3 -15 -2 -15 -2 -15 -1 -15 -1 -15 0 -15 0 -14 0 -14 0 -14 0 -14 1 -14 1 -13 1 -13 1 -13 1 -13 1 -13 1 -13 1 -12 1 -12 1 -12 1 -12 0 -11 0 -12 0 0 0 -11 0 -11 -1 -11 -1 -11 -1 -11 -1 -12 -2 -11 -1 -11 -2 -11 -2 -11 -2 -11 -3 -11 -3 -11 -2 -11 -3 -11 -3 -12 -3 -12 -4 -12 -4 -12 -4 -12 -4 -12 -4 -12 -5 -12 -5 -12 -5 -12 -5 -12 0 0 0 0 0 0 0 0 0 0]"
"1769237489193629,CSI_DATA,STATION,00:00:00:00:00:00,0,0,0,0,0,0,0,0,0,0,0,0,0,0,0,0,0,0,0,0,0,128,[84 -64 4 0 0 0 0 0 0 0 0 0 -15 2 -15 2 -15 1 -15 0 -15 0 -15 0 -15 -1 -15 -1 -14 -2 -14 -2 -14 -2 -13 -2 -14 -3 -14 -2 -14 -3 -13 -2 -13 -3 -13 -3 -13 -3 -12 -3 -12 -3 -12 -3 -12 -2 -12 -3 -12 -2 -12 -1 0 0 -11 -2 -11 -1 -11 -1 -12 -1 -12 -1 -11 0 -11 -1 -12 0 -11 0 -12 0 -12 1 -12 1 -11 1 -12 1 -12 1 -12 2 -12 1 -12 2 -12 2 -12 2 -12 3 -12 2 -12 3 -12 3 -12 3 -13 4 0 0 0 0 0 0 0 0 0 0]"
"1769237489197948,CSI_DATA,STATION,00:00:00:00:00:00,0,0,0,0,0,0,0,0,0,0,0,0,0,0,0,0,0,0,0,0,0,128,[84 -64 4 0 0 0 0 0 0 0 0 0 -3 14 -4 14 -5 14 -5 14 -5 13 -6 13 -7 13 -7 12 -7 12 -7 12 -7 12 -7 11 -7 11 -7 11 -8 11 -7 11 -7 11 -8 10 -8 10 -7 9 -7 10 -7 9 -7 10 -6 10 -6 10 -6 10 0 0 -6 9 -5 10 -5 10 -5 10 -5 10 -4 10 -4 10 -4 10 -4 10 -4 10 -3 10 -3 11 -3 11 -3 11 -3 11 -3 11 -2 11 -2 11 -2 11 -2 11 -2 12 -2 12 -1 12 -1 12 -1 12 -1 12 0 0 0 0 0 0 0 0 0 0]"
"1769237489204435,CSI_DATA,STATION,00:00:00:00:00:00,0,0,0,0,0,0,0,0,0,0,0,0,0,0,0,0,0,0,0,0,0,128,[84 -64 4 0 0 0 0 0 0 0 0 0 -12 9 -12 8 -13 7 -13 7 -13 7 -14 6 -13 6 -13 6 -14 5 -14 5 -14 5 -13 4 -13 4 -13 4 -13 4 -13 4 -13 4 -12 3 -12 4 -12 3 -12 3 -12 3 -12 3 -12 3 -12 3 -11 4 0 0 -11 4 -11 4 -11 4 -11 4 -11 5 -10 4 -10 5 -10 5 -10 5 -10 6 -10 6 -10 6 -10 6 -10 6 -10 7 -10 7 -10 7 -10 7 -10 8 -10 8 -10 8 -10 8 -10 7 -10 8 -10 8 -10 9 0 0 0 0 0 0 0 0 0 0]"
"1769237489208759,CSI_DATA,STATION,00:00:00:00:00:00,0,0,0,0,0,0,0,0,0,0,0,0,0,0,0,0,0,0,0,0,0,128,[84 -64 4 0 0 0 0 0 0 0 0 0 -13 -5 -13 -6 -12 -6 -12 -7 -12 -7 -12 -7 -12 -7 -11 -7 -11 -8 -11 -8 -10 -8 -10 -8 -10 -8 -10 -9 -10 -8 -10 -8 -10 -8 -10 -8 -9 -8 -9 -8 -9 -8 -9 -8 -9 -7 -9 -8 -9 -8 -9 -7 0 0 -9 -7 -9 -7 -9 -7 -9 -6 -10 -6 -9 -6 -10 -6 -10 -6 -10 -6 -10 -5 -10 -5 -10 -5 -11 -5 -11 -5 -10 -5 -11 -5 -11 -5 -11 -5 -11 -4 -12 -5 -12 -4 -12 -4 -12 -4 -12 -4 -12 -4 -12 -4 0 0 0 0 0 0 0 0 0 0]"
"1769237489215232,CSI_DATA,STATION,00:00:00:00:00:00,0,0,0,0,0,0,0,0,0,0,0,0,0,0,0,0,0,0,0,0,0,128,[84 -64 4 0 0 0 0 0 0 0 0 0 12 -1 13 0 13 0 13 1 13 1 13 1 12 1 12 2 12 2 12 3 12 3 11 3 12 3 11 3 11 4 11 3 11 3 11 3 11 3 11 4 11 3 11 3 10 3 11 3 10 3 10 3 0 0 10 2 10 2 10 2 10 2 10 2 10 2 10 1 11 1 10 0 11 1 10 0 11 1 11 1 11 1 11 0 11 0 11 0 11 -1 11 0 11 -1 11 -1 12 -1 12 -1 12 -1 12 -1 12 -1 0 0 0 0 0 0 0 0 0 0]"
"1769237489225935,CSI_DATA,STATION,00:00:00:00:00:00,0,0,0,0,0,0,0,0,0,0,0,0,0,0,0,0,0,0,0,0,0,128,[84 -64 4 0 0 0 0 0 0 0 0 0 1 -14 1 -14 2 -15 2 -14 3 -15 3 -14 3 -13 4 -14 4 -13 5 -13 5 -13 5 -13 5 -13 5 -12 5 -12 5 -12 5 -12 5 -12 4 -11 5 -12 5 -11 4 -12 5 -11 4 -11 4 -10 4 -11 0 0 3 -11 3 -11 3 -10 3 -11 3 -11 2 -11 2 -11 2 -12 2 -11 2 -12 2 -12 1 -11 1 -11 1 -11 1 -12 0 -12 0 -13 1 -13 0 -13 0 -13 0 -13 0 -13 0 -13 0 -13 0 -13 0 -13 0 0 0 0 0 0 0 0 0 0]"
"1769237489232409,CSI_DATA,STATION,00:00:00:00:00:00,0,0,0,0,0,0,0,0,0,0,0,0,0,0,0,0,0,0,0,0,0,128,[84 -64 4 0 0 0 0 0 0 0 0 0 6 -13 7 -12 7 -12 7 -12 8 -11 8 -12 8 -11 8 -11 9 -10 9 -10 9 -10 9 -9 9 -9 9 -9 10 -9 9 -9 9 -9 9 -9 9 -8 9 -8 8 -8 9 -8 9 -8 8 -8 8 -8 8 -8 0 0 7 -8 7 -8 7 -8 7 -8 7 -9 7 -8 6 -9 6 -9 6 -9 6 -9 6 -9 6 -9 5 -9 6 -10 5 -10 5 -10 5 -11 5 -11 5 -11 5 -11 5 -11 5 -11 5 -11 5 -11 5 -11 5 -12 0 0 0 0 0 0 0 0 0 0]"
"1769237489238889,CSI_DATA,STATION,00:00:00:00:00:00,0,0,0,0,0,0,0,0,0,0,0,0,0,0,0,0,0,0,0,0,0,128,[84 -64 4 0 0 0 0 0 0 0 0 0 16 -16 16 -14 16 -14 16 -14 16 -13 16 -13 17 -11 17 -11 17 -11 18 -10 17 -10 18 -10 18 -9 17 -9 17 -8 17 -8 16 -8 16 -8 16 -7 15 -8 16 -8 16 -8 15 -7 15 -8 15 -8 14 -8 0 0 14 -8 13 -9 14 -9 13 -9 13 -9 12 -9 12 -9 12 -10 12 -10 12 -10 12 -11 11 -11 12 -11 11 -11 11 -12 11 -12 10 -13 11 -13 11 -13 11 -13 11 -14 10 -14 10 -14 10 -14 10 -15 10 -15 0 0 0 0 0 0 0 0 0 0]"
"1769237489243210,CSI_DATA,STATION,00:00:00:00:00:00,0,0,0,0,0,0,0,0,0,0,0,0,0,0,0,0,0,0,0,0,0,128,[84 -64 4 0 0 0 0 0 0 0 0 0 4 -15 4 -15 5 -15 5 -15 5 -14 6 -14 6 -14 7 -14 7 -13 7 -13 7 -13 7 -13 7 -13 7 -12 8 -12 7 -12 7 -12 7 -12 7 -11 8 -11 7 -10 7 -11 7 -11 6 -11 6 -11 6 -11 0 0 6 -11 5 -10 5 -10 5 -11 5 -11 5 -11 4 -11 4 -11 4 -11 4 -11 4 -12 3 -11 3 -12 3 -12 3 -12 3 -12 3 -13 3 -13 3 -13 2 -13 2 -13 2 -13 2 -13 2 -13 1 -13 1 -13 0 0 0 0 0 0 0 0 0 0]"
"1769237489249882,CSI_DATA,STATION,00:00:00:00:00:00,0,0,0,0,0,0,0,0,0,0,0,0,0,0,0,0,0,0,0,0,0,128,[84 -64 4 0 0 0 0 0 0 0 0 0 -13 2 -14 2 -14 1 -14 1 -13 0 -14 1 -14 0 -14 -1 -14 -1 -13 -1 -13 -1 -13 -1 -12 -2 -13 -2 -13 -2 -12 -1 -13 -2 -11 -2 -12 -2 -12 -2 -12 -2 -11 -2 -11 -2 -11 -2 -11 -1 -11 -1 0 0 -11 -1 -10 -1 -11 0 -10 0 -11 -1 -11 0 -10 0 -11 0 -11 1 -11 1 -11 2 -11 1 -11 1 -11 2 -11 1 -11 2 -10 2 -11 3 -11 2 -11 3 -11 3 -11 3 -11 3 -11 3 -11 3 -11 4 0 0 0 0 0 0 0 0 0 0]"
"1769237489254319,CSI_DATA,STATION,00:00:00:00:00:00,0,0,0,0,0,0,0,0,0,0,0,0,0,0,0,0,0,0,0,0,0,128,[84 -64 4 0 0 0 0 0 0 0 0 0 10 -11 12 -11 11 -9 12 -10 12 -9 12 -10 12 -8 12 -8 12 -9 12 -7 13 -7 12 -7 12 -7 12 -7 13 -6 12 -6 12 -6 11 -6 12 -6 11 -6 11 -6 11 -6 10 -6 10 -6 11 -6 10 -6 0 0 10 -6 9 -6 10 -6 10 -6 9 -7 9 -7 9 -7 9 -7 9 -8 8 -8 8 -8 8 -8 8 -8 9 -8 8 -8 8 -9 7 -9 8 -10 8 -10 8 -10 8 -10 8 -10 8 -10 7 -10 7 -11 7 -11 0 0 0 0 0 0 0 0 0 0]"
"1769237489258689,CSI_DATA,STATION,00:00:00:00:00:00,0,0,0,0,0,0,0,0,0,0,0,0,0,0,0,0,0,0,0,0,0,128,[84 -64 4 0 0 0 0 0 0 0 0 0 9 11 9 11 9 11 8 12 7 12 7 12 8 12 6 13 6 12 6 13 6 12 5 12 5 12 5 12 4 12 4 12 4 11 4 11 4 11 5 11 4 11 5 10 4 10 4 11 4 10 5 10 0 0 5 9 5 10 5 9 5 9 6 9 5 9 6 9 6 9 6 8 6 8 6 8 7 8 7 9 7 8 7 8 7 8 8 8 8 8 8 8 8 8 8 8 8 7 8 8 9 7 9 8 9 8 0 0 0 0 0 0 0 0 0 0]"
"1769237489265323,CSI_DATA,STATION,00:00:00:00:00:00,0,0,0,0,0,0,0,0,0,0,0,0,0,0,0,0,0,0,0,0,0,128,[84 -64 4 0 0 0 0 0 0 0 0 0 12 0 13 1 12 1 12 2 12 2 12 2 12 3 12 3 12 3 11 4 11 4 11 4 11 4 11 4 11 5 10 4 10 4 10 4 10 4 10 4 10 4 10 4 9 4 10 4 9 3 10 3 0 0 9 3 9 2 9 2 9 2 9 2 9 2 9 1 10 1 9 1 9 1 9 1 10 1 10 1 10 0 10 0 10 0 10 0 11 -1 10 -1 10 -1 10 -1 10 -1 10 -1 11 -1 11 -2 11 -1 0 0 0 0 0 0 0 0 0 0]"
"1769237489269657,CSI_DATA,STATION,00:00:00:00:00:00,0,0,0,0,0,0,0,0,0,0,0,0,0,0,0,0,0,0,0,0,0,128,[84 -64 4 0 0 0 0 0 0 0 0 0 11 -9 11 -9 11 -8 12 -7 12 -7 12 -7 13 -6 13 -6 12 -6 13 -6 12 -5 12 -5 12 -4 11 -4 12 -4 12 -4 12 -4 11 -4 11 -4 11 -3 11 -4 11 -3 11 -4 10 -4 10 -4 10 -5 0 0 10 -4 10 -4 9 -5 10 -5 9 -5 10 -5 10 -5 9 -5 9 -6 9 -6 9 -6 9 -6 9 -7 9 -6 9 -7 9 -7 9 -8 9 -8 9 -7 9 -8 9 -8 9 -8 9 -8 8 -9 9 -9 9 -9 0 0 0 0 0 0 0 0 0 0]"
"1769237489276174,CSI_DATA,STATION,00:00:00:00:00:00,0,0,0,0,0,0,0,0,0,0,0,0,0,0,0,0,0,0,0,0,0,128,[84 -64 4 0 0 0 0 0 0 0 0 0 0 12 -2 12 -2 12 -2 12 -2 12 -3 12 -4 12 -4 12 -4 11 -4 11 -4 11 -4 11 -5 11 -5 11 -4 11 -4 10 -5 10 -5 10 -5 10 -4 9 -4 10 -4 9 -4 9 -4 9 -4 9 -4 9 0 0 -4 9 -3 9 -3 9 -3 9 -3 9 -2 9 -2 9 -2 9 -2 9 -2 10 -2 10 -1 10 -2 10 -1 10 -2 10 -1 10 -1 10 -1 10 0 11 -1 10 0 11 0 10 0 11 0 11 0 11 0 11 0 0 0 0 0 0 0 0 0 0]"
"1769237489280529,CSI_DATA,STATION,00:00:00:00:00:00,0,0,0,0,0,0,0,0,0,0,0,0,0,0,0,0,0,0,0,0,0,128,[84 -64 4 0 0 0 0 0 0 0 0 0 -13 -6 -13 -6 -13 -7 -13 -8 -12 -8 -12 -8 -12 -8 -12 -9 -11 -9 -11 -9 -11 -9 -10 -9 -10 -9 -10 -9 -10 -10 -10 -8 -10 -9 -9 -8 -9 -9 -9 -9 -9 -8 -9 -9 -9 -8 -9 -9 -9 -8 -9 -8 0 0 -9 -7 -9 -7 -10 -7 -9 -7 -10 -7 -9 -7 -9 -7 -10 -7 -10 -6 -10 -6 -10 -6 -11 -6 -10 -6 -11 -6 -11 -6 -11 -6 -12 -6 -12 -6 -11 -6 -12 -6 -12 -6 -12 -5 -12 -6 -13 -5 -12 -6 -12 -5 0 0 0 0 0 0 0 0 0 0]"
"1769237489284864,CSI_DATA,STATION,00:00:00:00:00:00,0,0,0,0,0,0,0,0,0,0,0,0,0,0,0,0,0,0,0,0,0,128,[84 -64 4 0 0 0 0 0 0 0 0 0 11 -6 11 -6 11 -5 11 -4 12 -4 12 -4 11 -4 12 -3 11 -3 11 -3 12 -3 11 -3 11 -2 11 -2 11 -2 11 -2 11 -2 10 -2 10 -2 11 -2 10 -2 10 -2 9 -2 10 -2 10 -2 10 -2 0 0 10 -3 9 -3 9 -3 9 -3 9 -3 9 -3 9 -4 9 -4 9 -4 9 -5 9 -5 9 -5 10 -4 9 -5 9 -5 9 -5 9 -6 9 -6 9 -6 9 -6 10 -6 9 -6 9 -6 9 -6 9 -7 9 -7 0 0 0 0 0 0 0 0 0 0]"
"1769237489291360,CSI_DATA,STATION,00:00:00:00:00:00,0,0,0,0,0,0,0,0,0,0,0,0,0,0,0,0,0,0,0,0,0,128,[84 -64 4 0 0 0 0 0 0 0 0 0 9 9 9 10 8 10 8 10 8 11 8 11 8 11 7 11 7 11 7 11 7 11 6 11 6 11 6 11 5 11 5 11 5 10 5 10 5 10 5 11 5 10 5 10 5 10 5 10 5 9 6 9 0 0 6 9 6 9 5 9 5 9 6 8 6 9 6 8 7 8 7 8 7 8 8 8 8 8 8 8 8 8 8 8 8 7 9 8 9 7 9 8 9 7 10 7 10 7 10 8 10 7 10 7 11 7 0 0 0 0 0 0 0 0 0 0]"
"1769237489295675,CSI_DATA,STATION,00:00:00:00:00:00,0,0,0,0,0,0,0,0,0,0,0,0,0,0,0,0,0,0,0,0,0,128,[84 -64 4 0 0 0 0 0 0 0 0 0 11 -3 10 -3 10 -2 10 -2 10 -2 10 -2 11 -2 11 -1 11 -1 10 0 10 -1 10 0 10 0 10 0 10 0 10 -1 9 0 9 0 9 0 9 0 9 0 9 0 9 0 9 0 9 -1 9 -1 0 0 9 -1 9 -1 9 -1 8 -2 8 -1 9 -2 9 -2 8 -2 8 -3 8 -3 8 -3 9 -2 9 -3 9 -3 9 -4 9 -4 9 -4 9 -5 9 -4 9 -5 9 -5 9 -5 9 -4 9 -5 9 -5 9 -5 0 0 0 0 0 0 0 0 0 0]"
"1769237489299998,CSI_DATA,STATION,00:00:00:00:00:00,0,0,0,0,0,0,0,0,0,0,0,0,0,0,0,0,0,0,0,0,0,128,[84 -64 4 0 0 0 0 0 0 0 0 0 -18 -8 -18 -9 -18 -9 -17 -10 -17 -10 -17 -10 -16 -12 -15 -11 -15 -12 -15 -13 -14 -12 -14 -12 -14 -13 -13 -12 -13 -13 -13 -12 -13 -12 -13 -12 -12 -12 -12 -12 -12 -11 -13 -12 -12 -11 -12 -12 -12 -11 -12 -10 0 0 -12 -10 -12 -9 -13 -10 -13 -10 -13 -9 -13 -9 -13 -9 -14 -9 -14 -8 -14 -8 -14 -8 -14 -8 -14 -8 -14 -7 -15 -7 -15 -7 -16 -7 -15 -7 -15 -6 -16 -6 -16 -7 -17 -6 -17 -7 -17 -6 -17 -5 -17 -5 0 0 0 0 0 0 0 0 0 0]"
"1769237489306508,CSI_DATA,STATION,00:00:00:00:00:00,0,0,0,0,0,0,0,0,0,0,0,0,0,0,0,0,0,0,0,0,0,128,[84 -64 4 0 0 0 0 0 0 0 0 0 -10 8 -10 7 -10 7 -11 6 -10 6 -11 6 -11 6 -11 5 -11 5 -11 4 -11 4 -11 5 -11 4 -10 3 -11 4 -11 4 -11 4 -10 3 -10 3 -10 3 -10 3 -10 3 -10 3 -10 3 -10 3 -10 4 0 0 -10 4 -9 4 -9 4 -9 4 -9 4 -9 4 -9 4 -9 4 -9 5 -9 5 -9 5 -9 5 -9 5 -9 6 -9 6 -9 6 -9 6 -9 6 -9 7 -9 7 -9 7 -9 7 -9 7 -9 8 -9 8 -9 8 0 0 0 0 0 0 0 0 0 0]"
"1769237489310825,CSI_DATA,STATION,00:00:00:00:00:00,0,0,0,0,0,0,0,0,0,0,0,0,0,0,0,0,0,0,0,0,0,128,[84 -64 4 0 0 0 0 0 0 0 0 0 -5 12 -7 12 -7 11 -7 12 -7 11 -8 11 -8 11 -8 11 -8 10 -9 10 -8 10 -9 9 -9 9 -8 9 -9 8 -9 9 -8 9 -9 9 -9 8 -9 8 -8 8 -8 8 -8 8 -8 8 -7 8 -8 8 0 0 -7 8 -7 8 -7 8 -7 8 -6 9 -7 8 -6 8 -6 9 -6 9 -6 10 -6 10 -6 9 -6 10 -5 9 -6 10 -5 10 -5 11 -5 10 -5 11 -5 11 -5 11 -5 11 -5 11 -5 12 -5 12 -4 12 0 0 0 0 0 0 0 0 0 0]"
"1769237489317313,CSI_DATA,STATION,00:00:00:00:00:00,0,0,0,0,0,0,0,0,0,0,0,0,0,0,0,0,0,0,0,0,0,128,[84 -64 4 0 0 0 0 0 0 0 0 0 -13 -5 -13 -6 -13 -6 -13 -6 -12 -7 -12 -7 -11 -7 -11 -8 -11 -8 -11 -8 -11 -8 -11 -8 -10 -8 -10 -9 -10 -9 -10 -8 -10 -8 -9 -8 -9 -8 -9 -9 -9 -8 -9 -8 -9 -8 -9 -7 -9 -8 -9 -7 0 0 -9 -7 -9 -7 -10 -7 -9 -6 -10 -6 -9 -7 -9 -6 -10 -6 -10 -6 -10 -6 -11 -6 -11 -6 -11 -5 -10 -5 -11 -5 -11 -5 -11 -5 -12 -5 -11 -5 -12 -5 -12 -5 -12 -5 -12 -5 -13 -4 -13 -4 -13 -4 0 0 0 0 0 0 0 0 0 0]"
"1769237489321622,CSI_DATA,STATION,00:00:00:00:00:00,0,0,0,0,0,0,0,0,0,0,0,0,0,0,0,0,0,0,0,0,0,128,[84 -64 4 0 0 0 0 0 0 0 0 0 -14 -6 -13 -6 -12 -7 -12 -7 -12 -7 -12 -8 -12 -8 -11 -8 -11 -8 -11 -9 -11 -8 -10 -9 -11 -9 -10 -9 -9 -9 -10 -8 -10 -8 -10 -8 -9 -8 -9 -8 -9 -8 -9 -8 -9 -8 -10 -7 -9 -7 -9 -7 0 0 -10 -7 -9 -6 -9 -6 -9 -5 -10 -6 -9 -6 -10 -6 -10 -6 -10 -5 -10 -5 -10 -5 -10 -5 -10 -5 -11 -5 -11 -4 -11 -4 -11 -5 -12 -4 -12 -4 -12 -4 -12 -4 -12 -4 -12 -4 -13 -4 -13 -3 -13 -3 0 0 0 0 0 0 0 0 0 0]"
"1769237489328089,CSI_DATA,STATION,00:00:00:00:00:00,0,0,0,0,0,0,0,0,0,0,0,0,0,0,0,0,0,0,0,0,0,128,[84 -64 4 0 0 0 0 0 0 0 0 0 -9 -11 -8 -11 -8 -11 -8 -12 -8 -12 -8 -12 -7 -12 -6 -12 -7 -12 -6 -12 -6 -12 -6 -12 -5 -12 -5 -12 -5 -12 -5 -12 -4 -11 -4 -11 -5 -11 -5 -11 -5 -11 -5 -11 -5 -11 -5 -11 -5 -11 -5 -10 0 0 -5 -10 -5 -10 -5 -10 -5 -10 -6 -10 -6 -10 -6 -9 -6 -9 -7 -9 -7 -9 -7 -9 -7 -9 -7 -9 -8 -9 -8 -10 -8 -9 -8 -9 -9 -9 -9 -9 -9 -9 -9 -9 -9 -9 -9 -9 -10 -9 -10 -9 -10 -9 0 0 0 0 0 0 0 0 0 0]"
"1769237489332448,CSI_DATA,STATION,00:00:00:00:00:00,0,0,0,0,0,0,0,0,0,0,0,0,0,0,0,0,0,0,0,0,0,128,[84 -64 4 0 0 0 0 0 0 0 0 0 10 -9 10 -9 11 -8 10 -8 11 -8 11 -8 11 -7 11 -7 11 -7 11 -6 11 -6 11 -5 11 -5 11 -5 11 -5 11 -5 10 -4 10 -4 11 -5 10 -4 10 -5 9 -5 10 -5 10 -4 9 -5 9 -5 0 0 9 -5 9 -5 9 -5 9 -6 9 -5 8 -6 9 -6 8 -7 8 -7 8 -7 8 -7 8 -6 8 -7 9 -7 9 -8 8 -8 9 -8 8 -9 8 -8 8 -9 8 -9 8 -9 9 -9 8 -9 8 -9 9 -9 0 0 0 0 0 0 0 0 0 0]"
"1769237489336752,CSI_DATA,STATION,00:00:00:00:00:00,0,0,0,0,0,0,0,0,0,0,0,0,0,0,0,0,0,0,0,0,0,128,[84 -64 4 0 0 0 0 0 0 0 0 0 11 7 11 7 10 8 10 8 10 8 9 9 9 9 9 9 9 9 8 10 8 9 8 9 8 9 7 9 7 10 7 9 7 9 7 8 6 9 7 9 6 9 7 8 7 8 7 8 7 8 7 8 0 0 7 7 7 7 7 7 7 7 7 7 7 7 8 7 8 6 8 6 8 6 9 6 9 6 9 6 9 6 9 6 10 5 10 5 10 5 10 5 10 5 10 5 10 5 10 5 11 5 11 5 11 4 0 0 0 0 0 0 0 0 0 0]"
"1769237489343209,CSI_DATA,STATION,00:00:00:00:00:00,0,0,0,0,0,0,0,0,0,0,0,0,0,0,0,0,0,0,0,0,0,128,[84 -64 4 0 0 0 0 0 0 0 0 0 2 13 1 13 0 13 0 13 0 13 0 12 -1 13 -2 13 -2 12 -2 12 -3 13 -3 11 -3 12 -3 12 -3 11 -3 11 -3 11 -3 12 -3 11 -4 10 -3 11 -3 10 -3 11 -3 10 -3 10 -2 10 0 0 -3 10 -2 10 -1 10 -2 10 -1 10 -1 10 -1 10 -1 10 -1 11 -1 11 0 11 0 11 0 11 0 11 0 11 0 11 0 11 0 11 0 12 1 11 1 12 1 12 1 12 1 12 1 12 1 12 0 0 0 0 0 0 0 0 0 0]"
"1769237489347561,CSI_DATA,STATION,00:00:00:00:00:00,0,0,0,0,0,0,0,0,0,0,0,0,0,0,0,0,0,0,0,0,0,128,[84 -64 4 0 0 0 0 0 0 0 0 0 11 4 11 5 10 5 11 6 10 5 10 6 9 6 9 7 9 7 9 7 9 7 8 7 8 7 8 7 8 7 7 7 8 7 7 6 7 7 8 7 7 7 7 7 7 6 7 6 7 6 7 6 0 0 7 6 7 5 8 6 7 5 8 5 8 5 7 5 8 5 8 5 8 5 8 4 8 5 9 4 9 5 9 4 9 5 9 4 10 4 10 4 9 4 9 4 9 4 10 4 10 4 10 3 10 4 0 0 0 0 0 0 0 0 0 0]"
"1769237489351996,CSI_DATA,STATION,00:00:00:00:00:00,0,0,0,0,0,0,0,0,0,0,0,0,0,0,0,0,0,0,0,0,0,128,[84 -64 4 0 0 0 0 0 0 0 0 0 9 -10 10 -11 10 -10 10 -10 10 -9 11 -9 11 -9 11 -9 11 -8 11 -8 11 -8 11 -7 11 -7 10 -6 11 -6 11 -6 11 -7 10 -7 10 -6 10 -6 10 -6 10 -6 10 -6 10 -6 9 -6 9 -7 0 0 9 -6 9 -6 9 -7 9 -7 9 -7 9 -7 8 -7 8 -7 8 -8 9 -8 8 -8 8 -8 8 -8 8 -8 8 -9 8 -9 8 -9 9 -10 8 -9 8 -10 8 -10 8 -10 7 -10 8 -10 9 -10 8 -11 0 0 0 0 0 0 0 0 0 0]"
"1769237489358541,CSI_DATA,STATION,00:00:00:00:00:00,0,0,0,0,0,0,0,0,0,0,0,0,0,0,0,0,0,0,0,0,0,128,[84 -64 4 0 0 0 0 0 0 0 0 0 -13 -3 -13 -4 -12 -4 -13 -5 -12 -5 -12 -5 -11 -5 -12 -6 -11 -6 -12 -6 -11 -6 -11 -7 -11 -6 -11 -7 -11 -7 -10 -6 -10 -6 -10 -6 -10 -7 -10 -7 -9 -6 -10 -7 -10 -6 -10 -6 -10 -6 -10 -6 0 0 -9 -5 -10 -5 -10 -5 -9 -5 -10 -5 -10 -5 -10 -5 -10 -4 -10 -4 -11 -3 -11 -4 -11 -4 -10 -3 -11 -4 -11 -4 -11 -3 -12 -3 -11 -3 -11 -3 -12 -3 -12 -2 -12 -3 -12 -3 -13 -3 -12 -2 -12 -2 0 0 0 0 0 0 0 0 0 0]"
"1769237489362888,CSI_DATA,STATION,00:00:00:00:00:00,0,0,0,0,0,0,0,0,0,0,0,0,0,0,0,0,0,0,0,0,0,128,[84 -64 4 0 0 0 0 0 0 0 0 0 11 5 11 6 11 6 10 7 10 7 10 7 9 8 9 8 9 8 9 8 8 8 8 8 8 9 8 8 8 8 8 8 8 8 7 8 7 7 7 8 7 8 7 8 6 7 7 7 7 7 7 7 0 0 7 7 7 6 8 6 7 6 8 6 8 6 8 6 8 6 8 5 8 5 9 5 9 5 9 5 10 5 9 5 10 5 10 4 10 4 10 4 10 4 10 4 10 5 10 4 11 4 11 4 11 4 0 0 0 0 0 0 0 0 0 0]"
"1769237489373574,CSI_DATA,STATION,00:00:00:00:00:00,0,0,0,0,0,0,0,0,0,0,0,0,0,0,0,0,0,0,0,0,0,128,[84 -64 4 0 0 0 0 0 0 0 0 0 -6 12 -6 12 -7 12 -7 11 -7 11 -8 11 -8 11 -8 11 -8 10 -8 10 -9 10 -9 9 -8 9 -8 9 -9 9 -9 9 -8 9 -8 9 -8 8 -8 8 -8 8 -8 8 -8 8 -8 8 -7 8 -7 8 0 0 -7 8 -6 8 -6 8 -6 8 -6 9 -6 8 -6 8 -6 9 -5 9 -6 9 -6 10 -5 9 -5 9 -5 9 -4 10 -5 10 -4 10 -4 10 -4 11 -4 10 -4 11 -4 11 -4 11 -3 11 -4 11 -4 11 0 0 0 0 0 0 0 0 0 0]"
"1769237489382130,CSI_DATA,STATION,00:00:00:00:00:00,0,0,0,0,0,0,0,0,0,0,0,0,0,0,0,0,0,0,0,0,0,128,[84 -64 4 0 0 0 0 0 0 0 0 0 14 -3 14 -3 14 -2 15 -2 14 -1 15 -1 15 0 14 0 14 0 14 1 14 1 14 1 14 2 14 2 13 2 13 1 13 2 12 2 13 2 12 2 12 2 12 1 12 1 12 2 11 2 12 1 0 0 11 0 11 0 11 0 11 0 12 0 12 0 11 -1 11 -1 11 -1 11 -1 11 -2 11 -1 12 -2 12 -2 11 -2 12 -3 12 -3 12 -3 12 -3 12 -3 12 -4 12 -3 12 -4 12 -4 12 -4 12 -4 0 0 0 0 0 0 0 0 0 0]"
"1769237489388812,CSI_DATA,STATION,00:00:00:00:00:00,0,0,0,0,0,0,0,0,0,0,0,0,0,0,0,0,0,0,0,0,0,128,[84 -64 4 0 0 0 0 0 0 0 0 0 1 -16 1 -16 2 -15 2 -16 2 -15 3 -15 3 -15 3 -15 4 -15 4 -13 4 -15 5 -14 5 -14 4 -13 5 -13 5 -13 5 -13 4 -13 5 -13 5 -12 5 -12 4 -12 4 -12 5 -12 4 -12 4 -12 0 0 4 -12 3 -11 3 -11 3 -12 3 -12 3 -11 2 -12 2 -12 2 -12 1 -12 1 -12 1 -12 1 -12 1 -12 1 -13 0 -13 0 -13 0 -14 0 -13 -1 -13 0 -13 0 -13 -1 -14 -1 -14 -1 -14 -1 -14 0 0 0 0 0 0 0 0 0 0]"
"1769237489393261,CSI_DATA,STATION,00:00:00:00:00:00,0,0,0,0,0,0,0,0,0,0,0,0,0,0,0,0,0,0,0,0,0,128,[84 -64 4 0 0 0 0 0 0 0 0 0 10 -9 10 -9 11 -8 11 -7 11 -7 12 -7 11 -6 11 -6 12 -5 12 -5 12 -5 12 -5 12 -4 11 -5 12 -4 11 -4 11 -4 11 -4 11 -4 11 -4 11 -4 10 -4 11 -4 10 -4 10 -3 10 -4 0 0 10 -4 10 -4 9 -4 9 -5 9 -5 10 -5 9 -5 9 -5 9 -6 9 -6 9 -6 9 -6 9 -6 9 -6 9 -7 9 -7 9 -7 9 -8 9 -7 9 -7 9 -8 9 -8 9 -8 9 -8 9 -8 9 -8 0 0 0 0 0 0 0 0 0 0]"
"1769237489397719,CSI_DATA,STATION,00:00:00:00:00:00,0,0,0,0,0,0,0,0,0,0,0,0,0,0,0,0,0,0,0,0,0,128,[84 -64 4 0 0 0 0 0 0 0 0 0 -16 -4 -15 -4 -15 -5 -15 -6 -15 -6 -15 -6 -14 -7 -14 -7 -14 -7 -14 -8 -13 -8 -13 -8 -13 -9 -12 -9 -12 -9 -12 -8 -12 -8 -12 -8 -12 -9 -11 -9 -11 -8 -11 -8 -11 -8 -11 -8 -11 -8 -11 -7 0 0 -11 -7 -11 -7 -11 -7 -11 -6 -12 -6 -11 -6 -12 -5 -12 -6 -12 -5 -12 -6 -12 -5 -13 -5 -12 -5 -12 -5 -13 -4 -13 -4 -13 -4 -13 -4 -13 -4 -14 -4 -14 -3 -13 -4 -14 -4 -14 -4 -14 -3 -14 -3 0 0 0 0 0 0 0 0 0 0]"
"1769237489404429,CSI_DATA,STATION,00:00:00:00:00:00,0,0,0,0,0,0,0,0,0,0,0,0,0,0,0,0,0,0,0,0,0,128,[84 -64 4 0 0 0 0 0 0 0 0 0 -11 -9 -11 -10 -10 -10 -11 -11 -10 -11 -10 -11 -9 -11 -9 -11 -9 -12 -8 -12 -8 -11 -8 -11 -8 -12 -8 -12 -7 -12 -7 -12 -7 -11 -7 -11 -7 -11 -6 -11 -7 -11 -7 -11 -7 -10 -7 -10 -7 -11 -7 -10 0 0 -7 -10 -7 -10 -7 -10 -7 -9 -7 -10 -7 -10 -7 -9 -8 -9 -8 -9 -8 -9 -8 -9 -9 -9 -9 -9 -9 -9 -9 -9 -9 -9 -10 -8 -9 -8 -10 -8 -10 -8 -10 -8 -10 -8 -11 -9 -11 -8 -11 -8 -11 -8 0 0 0 0 0 0 0 0 0 0]"
"1769237489408822,CSI_DATA,STATION,00:00:00:00:00:00,0,0,0,0,0,0,0,0,0,0,0,0,0,0,0,0,0,0,0,0,0,128,[84 -64 4 0 0 0 0 0 0 0 0 0 9 9 8 10 8 11 8 11 7 11 7 11 7 11 7 12 6 12 6 12 5 12 5 11 5 11 5 11 5 12 5 11 5 11 5 11 4 11 5 11 4 11 4 10 4 11 5 10 4 10 5 10 0 0 5 10 5 9 5 9 5 9 5 9 5 9 6 9 6 9 7 8 7 9 7 8 7 9 7 8 7 8 7 8 8 8 8 8 8 8 8 8 8 7 9 8 9 8 9 8 10 8 9 8 10 7 0 0 0 0 0 0 0 0 0 0]"
"1769237489413277,CSI_DATA,STATION,00:00:00:00:00:00,0,0,0,0,0,0,0,0,0,0,0,0,0,0,0,0,0,0,0,0,0,128,[84 -64 4 0 0 0 0 0 0 0 0 0 10 9 10 10 9 10 9 10 9 10 9 10 8 11 7 11 7 11 7 12 7 11 7 11 7 11 6 11 6 11 6 11 6 11 6 11 6 11 6 11 5 10 6 10 5 10 5 10 6 10 6 10 0 0 6 9 6 10 6 9 6 9 7 9 7 9 7 9 7 9 7 8 7 8 7 8 8 9 8 9 8 8 8 8 8 8 9 8 9 7 9 8 9 8 9 7 9 8 10 8 10 7 10 7 10 7 0 0 0 0 0 0 0 0 0 0]"
"1769237489417726,CSI_DATA,STATION,00:00:00:00:00:00,0,0,0,0,0,0,0,0,0,0,0,0,0,0,0,0,0,0,0,0,0,128,[84 -64 4 0 0 0 0 0 0 0 0 0 3 13 2 13 2 14 1 14 1 14 1 14 0 14 0 14 -1 14 -1 14 -1 14 -1 13 -1 13 -1 13 -1 13 -1 13 -2 12 -2 12 -2 12 -1 12 -2 12 -2 12 -2 12 -1 12 -1 12 -1 11 0 0 -1 11 0 12 0 11 0 11 0 11 0 11 0 11 1 11 1 11 2 11 2 11 2 11 2 11 2 11 2 12 2 11 3 11 3 11 3 12 3 11 3 12 4 12 4 12 5 11 4 12 4 12 0 0 0 0 0 0 0 0 0 0]"
"1769237489424431,CSI_DATA,STATION,00:00:00:00:00:00,0,0,0,0,0,0,0,0,0,0,0,0,0,0,0,0,0,0,0,0,0,128,[84 -64 4 0 0 0 0 0 0 0 0 0 -9 12 -10 11 -9 11 -10 11 -10 10 -11 11 -11 10 -11 9 -11 9 -11 9 -11 9 -11 8 -12 9 -11 8 -12 7 -11 8 -12 8 -11 7 -11 7 -11 7 -11 7 -11 7 -10 7 -11 7 -10 7 -10 7 0 0 -10 7 -9 7 -9 8 -9 7 -9 8 -9 7 -9 7 -9 8 -9 8 -9 8 -9 9 -8 9 -8 9 -8 9 -8 9 -8 10 -7 9 -8 10 -8 10 -8 10 -8 10 -8 10 -8 10 -8 10 -8 11 -7 11 0 0 0 0 0 0 0 0 0 0]"
"1769237489428894,CSI_DATA,STATION,00:00:00:00:00:00,0,0,0,0,0,0,0,0,0,0,0,0,0,0,0,0,0,0,0,0,0,128,[84 -64 4 0 0 0 0 0 0 0 0 0 -8 -13 -8 -13 -7 -13 -7 -13 -7 -14 -6 -14 -6 -14 -6 -14 -5 -14 -5 -15 -5 -14 -4 -13 -4 -13 -4 -14 -3 -14 -4 -13 -4 -13 -4 -13 -4 -13 -4 -13 -3 -13 -4 -12 -4 -13 -4 -12 -4 -12 -4 -12 0 0 -5 -11 -5 -12 -5 -11 -5 -11 -6 -11 -5 -11 -6 -11 -6 -11 -6 -10 -7 -11 -7 -10 -7 -10 -7 -10 -7 -10 -8 -10 -8 -10 -8 -11 -9 -10 -9 -10 -9 -10 -9 -10 -9 -9 -10 -10 -10 -10 -10 -9 -10 -10 0 0 0 0 0 0 0 0 0 0]"
"1769237489435611,CSI_DATA,STATION,00:00:00:00:00:00,0,0,0,0,0,0,0,0,0,0,0,0,0,0,0,0,0,0,0,0,0,128,[84 -64 4 0 0 0 0 0 0 0 0 0 -5 -14 -5 -14 -5 -15 -4 -15 -4 -15 -3 -15 -3 -15 -2 -15 -2 -15 -1 -15 -1 -14 -1 -14 -1 -14 -1 -14 -1 -14 -1 -14 0 -13 0 -14 -1 -13 -1 -13 0 -13 0 -13 0 -13 -1 -13 -1 -13 -1 -13 0 0 -1 -12 -2 -12 -2 -12 -2 -12 -2 -12 -2 -12 -3 -12 -3 -12 -3 -12 -3 -12 -4 -12 -4 -12 -4 -12 -4 -12 -4 -12 -5 -12 -5 -12 -5 -12 -5 -12 -5 -12 -5 -12 -6 -12 -6 -13 -6 -12 -6 -12 -6 -12 0 0 0 0 0 0 0 0 0 0]"
"1769237489440068,CSI_DATA,STATION,00:00:00:00:00:00,0,0,0,0,0,0,0,0,0,0,0,0,0,0,0,0,0,0,0,0,0,128,[84 -64 4 0 0 0 0 0 0 0 0 0 14 0 14 0 14 1 14 1 14 2 14 2 14 3 13 3 14 3 13 4 13 3 12 3 13 4 12 4 12 4 12 4 12 4 11 5 11 4 12 5 11 4 11 4 12 4 11 4 11 3 11 3 0 0 11 3 11 3 11 3 11 2 11 2 11 2 11 2 11 2 11 1 11 1 11 0 12 0 12 0 11 0 12 0 12 0 12 0 12 -1 12 -1 12 -1 12 -1 12 -1 12 -1 12 -2 12 -2 12 -2 0 0 0 0 0 0 0 0 0 0]"
"1769237489444493,CSI_DATA,STATION,00:00:00:00:00:00,0,0,0,0,0,0,0,0,0,0,0,0,0,0,0,0,0,0,0,0,0,128,[84 -64 4 0 0 0 0 0 0 0 0 0 -9 11 -9 11 -9 10 -10 10 -11 10 -11 10 -11 9 -11 9 -11 8 -12 8 -11 8 -11 8 -11 8 -11 8 -12 7 -11 7 -11 7 -11 7 -11 6 -11 6 -10 7 -11 6 -11 7 -10 6 -10 6 -10 6 0 0 -10 7 -9 6 -9 7 -9 6 -9 7 -9 7 -9 7 -9 7 -9 8 -8 8 -8 8 -8 8 -8 8 -8 8 -8 8 -8 9 -7 9 -8 9 -7 9 -8 10 -8 10 -7 10 -7 9 -7 10 -7 10 -7 11 0 0 0 0 0 0 0 0 0 0]"
"1769237489449076,CSI_DATA,STATION,00:00:00:00:00:00,0,0,0,0,0,0,0,0,0,0,0,0,0,0,0,0,0,0,0,0,0,128,[84 -64 4 0 0 0 0 0 0 0 0 0 -14 3 -14 3 -14 2 -14 2 -14 1 -14 1 -14 1 -14 0 -15 0 -14 -1 -14 -1 -14 -1 -13 -1 -14 -1 -13 -1 -13 -1 -13 -1 -13 -2 -13 -1 -13 -1 -13 -2 -13 -1 -12 -1 -12 -1 -12 -1 -12 0 0 0 -12 0 -12 0 -11 0 -12 0 -12 0 -12 1 -11 1 -11 1 -12 1 -12 2 -12 2 -12 2 -12 2 -12 2 -12 2 -12 3 -12 3 -12 3 -12 3 -12 3 -12 4 -12 4 -12 4 -12 4 -12 5 -12 5 0 0 0 0 0 0 0 0 0 0]"
"1769237489455515,CSI_DATA,STATION,00:00:00:00:00:00,0,0,0,0,0,0,0,0,0,0,0,0,0,0,0,0,0,0,0,0,0,128,[84 -64 4 0 0 0 0 0 0 0 0 0 -13 4 -13 4 -14 3 -14 3 -14 2 -14 2 -14 1 -14 1 -14 1 -14 0 -14 1 -13 0 -13 0 -13 0 -13 -1 -13 0 -13 0 -12 -1 -12 -1 -12 -1 -13 -1 -12 -1 -12 0 -12 -1 -12 0 -12 0 0 0 -11 1 -12 1 -11 1 -12 1 -11 1 -11 1 -11 1 -11 2 -11 2 -12 3 -11 3 -11 2 -11 3 -11 3 -11 3 -11 4 -11 4 -11 4 -11 4 -11 4 -11 5 -11 4 -11 4 -11 5 -11 5 -11 5 0 0 0 0 0 0 0 0 0 0]"
"1769237489459756,CSI_DATA,STATION,00:00:00:00:00:00,0,0,0,0,0,0,0,0,0,0,0,0,0,0,0,0,0,0,0,0,0,128,[84 -64 4 0 0 0 0 0 0 0 0 0 11 -7 11 -7 11 -6 12 -5 11 -5 12 -5 12 -4 12 -4 12 -4 12 -3 12 -3 12 -3 11 -2 11 -3 12 -3 11 -3 11 -2 11 -2 11 -2 11 -2 11 -2 11 -2 11 -2 10 -3 10 -2 10 -3 0 0 10 -3 10 -3 10 -3 10 -4 9 -3 10 -4 10 -4 9 -4 9 -4 9 -5 9 -5 9 -5 10 -5 10 -5 10 -5 9 -6 9 -6 9 -6 9 -6 9 -6 10 -6 10 -6 10 -6 9 -7 9 -7 10 -7 0 0 0 0 0 0 0 0 0 0]"
"1769237489466151,CSI_DATA,STATION,00:00:00:00:00:00,0,0,0,0,0,0,0,0,0,0,0,0,0,0,0,0,0,0,0,0,0,128,[84 -64 4 0 0 0 0 0 0 0 0 0 7 -10 8 -10 7 -9 8 -10 9 -9 9 -9 9 -9 9 -8 9 -8 9 -7 9 -7 9 -7 9 -7 9 -7 10 -7 9 -7 9 -7 9 -7 9 -6 9 -6 9 -6 9 -6 9 -6 8 -6 8 -6 8 -7 0 0 8 -7 8 -6 7 -7 7 -7 7 -8 7 -7 7 -7 7 -8 7 -8 7 -9 6 -8 7 -8 6 -9 7 -8 6 -9 6 -9 6 -9 6 -10 6 -9 6 -10 6 -10 6 -10 6 -10 6 -10 6 -11 6 -11 0 0 0 0 0 0 0 0 0 0]"
"1769237489470466,CSI_DATA,STATION,00:00:00:00:00:00,0,0,0,0,0,0,0,0,0,0,0,0,0,0,0,0,0,0,0,0,0,128,[84 -64 4 0 0 0 0 0 0 0 0 0 10 -3 10 -3 10 -2 10 -2 10 -2 10 -2 10 -1 10 -1 10 -1 11 0 10 -1 10 -1 10 0 10 0 10 0 9 0 10 0 10 0 10 0 9 1 10 0 9 0 9 0 9 0 9 0 9 -1 0 0 9 0 8 -1 9 -1 8 -1 9 -1 8 -1 9 -1 9 -1 9 -2 9 -2 9 -2 9 -2 9 -2 9 -2 9 -3 9 -3 9 -3 10 -3 9 -3 9 -3 10 -3 9 -3 10 -3 9 -4 10 -4 10 -4 0 0 0 0 0 0 0 0 0 0]"
"1769237489474854,CSI_DATA,STATION,00:00:00:00:00:00,0,0,0,0,0,0,0,0,0,0,0,0,0,0,0,0,0,0,0,0,0,128,[84 -64 4 0 0 0 0 0 0 0 0 0 -6 10 -7 10 -7 9 -8 9 -8 9 -8 9 -8 8 -9 8 -9 8 -9 7 -9 8 -9 7 -9 7 -9 7 -9 7 -9 7 -9 7 -9 6 -9 6 -9 6 -9 6 -9 6 -8 7 -8 6 -8 6 -8 7 0 0 -8 7 -8 7 -7 7 -8 7 -7 7 -7 7 -7 7 -7 7 -7 8 -7 8 -6 8 -7 8 -7 8 -7 9 -7 9 -7 9 -6 9 -6 9 -6 9 -6 10 -6 10 -6 10 -6 9 -6 10 -6 10 -6 10 0 0 0 0 0 0 0 0 0 0]"
"1769237489481551,CSI_DATA,STATION,00:00:00:00:00:00,0,0,0,0,0,0,0,0,0,0,0,0,0,0,0,0,0,0,0,0,0,128,[84 -64 4 0 0 0 0 0 0 0 0 0 -13 1 -13 0 -13 -1 -13 -1 -13 -2 -13 -1 -13 -2 -13 -2 -12 -3 -13 -3 -13 -3 -12 -3 -12 -3 -12 -4 -12 -3 -12 -3 -11 -3 -12 -4 -11 -4 -11 -4 -11 -4 -11 -4 -11 -4 -11 -3 -11 -3 -11 -3 0 0 -11 -3 -11 -2 -11 -2 -11 -2 -11 -2 -11 -2 -11 -2 -11 -2 -11 -1 -11 -1 -12 -1 -12 -1 -11 -1 -12 -1 -12 0 -12 0 -12 -1 -12 0 -13 0 -13 0 -13 0 -13 0 -13 0 -13 1 -13 1 -13 1 0 0 0 0 0 0 0 0 0 0]"
"1769237489486025,CSI_DATA,STATION,00:00:00:00:00:00,0,0,0,0,0,0,0,0,0,0,0,0,0,0,0,0,0,0,0,0,0,128,[84 -64 4 0 0 0 0 0 0 0 0 0 9 6 9 7 9 7 9 7 9 8 8 8 8 8 8 9 8 8 7 9 7 9 7 9 7 9 6 9 6 9 6 9 6 9 6 8 6 9 6 9 6 9 6 8 6 8 6 8 6 8 6 8 0 0 6 8 6 8 6 7 6 7 7 7 7 8 7 7 7 8 7 7 8 7 8 7 8 7 8 7 8 7 8 7 8 7 9 6 9 6 9 7 9 6 9 7 9 7 10 7 10 7 10 7 10 6 0 0 0 0 0 0 0 0 0 0]"
"1769237489490494,CSI_DATA,STATION,00:00:00:00:00:00,0,0,0,0,0,0,0,0,0,0,0,0,0,0,0,0,0,0,0,0,0,128,[84 -64 4 0 0 0 0 0 0 0 0 0 -12 3 -13 3 -13 2 -13 1 -13 1 -13 1 -13 0 -13 0 -13 0 -13 -1 -13 0 -13 0 -13 -1 -12 -1 -12 -1 -12 -1 -12 -2 -12 -1 -12 -1 -12 -2 -12 -1 -11 -1 -11 -1 -11 -1 -11 -1 -12 0 0 0 -11 0 -11 0 -11 0 -11 1 -12 0 -11 0 -11 0 -12 0 -11 1 -11 1 -11 2 -12 1 -12 2 -12 2 -12 2 -12 2 -12 2 -12 2 -13 3 -12 2 -13 3 -13 2 -12 3 -12 3 -12 3 -13 4 0 0 0 0 0 0 0 0 0 0]"
"1769237489497209,CSI_DATA,STATION,00:00:00:00:00:00,0,0,0,0,0,0,0,0,0,0,0,0,0,0,0,0,0,0,0,0,0,128,[84 -64 4 0 0 0 0 0 0 0 0 0 8 -10 9 -10 9 -9 9 -9 10 -9 10 -9 10 -8 10 -8 10 -8 10 -7 10 -7 10 -7 10 -7 10 -6 11 -6 10 -7 10 -6 10 -6 10 -6 10 -6 10 -6 9 -6 10 -6 9 -6 9 -6 9 -6 0 0 9 -7 9 -6 9 -6 9 -7 8 -6 9 -7 8 -7 8 -8 8 -8 8 -8 8 -8 8 -8 8 -8 8 -8 8 -9 8 -9 8 -9 8 -10 8 -9 8 -10 8 -10 7 -10 8 -10 8 -11 8 -11 7 -11 0 0 0 0 0 0 0 0 0 0]"
"1769237489501668,CSI_DATA,STATION,00:00:00:00:00:00,0,0,0,0,0,0,0,0,0,0,0,0,0,0,0,0,0,0,0,0,0,128,[84 -64 4 0 0 0 0 0 0 0 0 0 -12 5 -12 5 -13 4 -13 4 -13 4 -13 4 -13 4 -13 3 -13 3 -13 2 -13 2 -13 2 -13 2 -12 2 -13 1 -13 2 -13 1 -12 1 -12 1 -12 1 -12 1 -12 1 -12 2 -12 1 -12 1 -12 2 0 0 -11 2 -11 2 -11 2 -12 2 -11 2 -11 3 -11 3 -11 3 -11 4 -12 4 -11 4 -11 4 -11 4 -11 4 -11 4 -11 5 -11 5 -11 5 -11 5 -12 6 -12 6 -11 6 -12 6 -11 6 -11 6 -11 7 0 0 0 0 0 0 0 0 0 0]"
"1769237489506083,CSI_DATA,STATION,00:00:00:00:00:00,0,0,0,0,0,0,0,0,0,0,0,0,0,0,0,0,0,0,0,0,0,128,[84 -64 4 0 0 0 0 0 0 0 0 0 -9 11 -9 10 -9 10 -10 9 -10 9 -10 9 -11 9 -11 8 -11 8 -11 8 -11 8 -11 7 -11 7 -11 7 -11 6 -11 7 -11 6 -10 6 -11 6 -11 6 -10 6 -11 5 -10 6 -10 6 -10 6 -10 6 0 0 -10 6 -9 6 -9 6 -9 7 -9 7 -9 7 -9 7 -9 7 -9 7 -9 8 -8 8 -8 8 -8 8 -8 8 -8 8 -8 9 -8 9 -8 9 -8 9 -8 9 -8 9 -8 9 -8 10 -8 10 -7 10 -8 10 0 0 0 0 0 0 0 0 0 0]"
"1769237489517142,CSI_DATA,STATION,00:00:00:00:00:00,0,0,0,0,0,0,0,0,0,0,0,0,0,0,0,0,0,0,0,0,0,128,[84 -64 4 0 0 0 0 0 0 0 0 0 -14 -5 -14 -5 -13 -5 -13 -6 -13 -6 -13 -6 -12 -6 -12 -7 -12 -7 -12 -7 -11 -7 -11 -7 -12 -8 -11 -8 -11 -8 -11 -7 -11 -7 -11 -7 -11 -7 -10 -8 -10 -7 -10 -7 -10 -7 -11 -7 -10 -7 -10 -6 0 0 -10 -6 -10 -6 -10 -5 -10 -5 -10 -5 -10 -5 -10 -5 -11 -4 -11 -4 -11 -4 -11 -4 -11 -4 -11 -4 -11 -4 -11 -3 -11 -3 -12 -3 -12 -3 -12 -2 -12 -3 -12 -3 -13 -2 -13 -2 -13 -2 -13 -2 -13 -2 0 0 0 0 0 0 0 0 0 0]"
"1769237489521568,CSI_DATA,STATION,00:00:00:00:00:00,0,0,0,0,0,0,0,0,0,0,0,0,0,0,0,0,0,0,0,0,0,128,[84 -64 4 0 0 0 0 0 0 0 0 0 -1 13 -2 13 -3 13 -3 13 -3 13 -4 13 -4 12 -4 13 -4 12 -5 12 -5 12 -5 12 -5 12 -5 11 -5 11 -5 11 -6 11 -6 11 -5 11 -5 10 -5 10 -5 10 -5 10 -5 10 -4 10 -4 10 0 0 -4 10 -3 10 -3 10 -3 10 -3 10 -3 10 -3 10 -3 10 -3 10 -3 10 -2 10 -2 11 -2 11 -1 11 -2 10 -2 11 -1 11 -1 11 -1 11 -1 11 -1 11 0 11 0 11 0 11 0 12 0 12 0 0 0 0 0 0 0 0 0 0]"
"1769237489528241,CSI_DATA,STATION,00:00:00:00:00:00,0,0,0,0,0,0,0,0,0,0,0,0,0,0,0,0,0,0,0,0,0,128,[84 -64 4 0 0 0 0 0 0 0 0 0 10 5 10 6 10 7 10 7 9 7 9 7 9 7 9 8 8 7 8 8 8 7 7 8 8 8 7 8 7 8 7 8 7 7 7 7 7 7 7 7 7 7 7 7 7 7 7 7 7 7 7 6 0 0 7 6 7 6 7 5 7 5 7 6 7 5 7 5 8 5 8 4 8 5 8 4 8 4 8 5 9 4 8 4 8 4 9 3 9 3 9 3 9 3 9 3 10 3 10 3 9 3 10 3 10 3 0 0 0 0 0 0 0 0 0 0]"
"1769237489532697,CSI_DATA,STATION,00:00:00:00:00:00,0,0,0,0,0,0,0,0,0,0,0,0,0,0,0,0,0,0,0,0,0,128,[84 -64 4 0 0 0 0 0 0 0 0 0 -4 12 -5 12 -5 12 -6 12 -6 12 -6 11 -6 12 -7 11 -7 11 -7 11 -7 11 -7 11 -7 10 -8 10 -7 9 -7 10 -7 10 -8 10 -7 9 -7 9 -7 9 -7 9 -7 9 -7 9 -7 9 -6 9 0 0 -6 9 -5 9 -5 9 -6 9 -5 9 -5 9 -5 9 -5 9 -5 10 -5 10 -4 10 -4 10 -4 10 -3 10 -4 10 -3 10 -3 11 -3 10 -3 11 -3 10 -3 11 -2 11 -3 11 -2 11 -3 12 -2 12 0 0 0 0 0 0 0 0 0 0]"
"1769237489537185,CSI_DATA,STATION,00:00:00:00:00:00,0,0,0,0,0,0,0,0,0,0,0,0,0,0,0,0,0,0,0,0,0,128,[84 -64 4 0 0 0 0 0 0 0 0 0 2 -13 3 -14 3 -13 3 -13 4 -13 5 -13 5 -13 5 -13 5 -12 5 -12 5 -12 5 -12 6 -12 5 -11 5 -11 5 -11 6 -11 5 -11 5 -11 6 -10 5 -10 5 -10 5 -10 5 -10 4 -10 4 -11 0 0 4 -10 4 -10 4 -10 3 -10 3 -10 3 -10 3 -10 2 -11 2 -11 2 -11 2 -11 2 -11 2 -11 2 -11 2 -12 1 -12 1 -12 1 -12 1 -12 1 -12 1 -12 0 -12 0 -12 0 -12 0 -13 0 -13 0 0 0 0 0 0 0 0 0 0]"
"1769237489541639,CSI_DATA,STATION,00:00:00:00:00:00,0,0,0,0,0,0,0,0,0,0,0,0,0,0,0,0,0,0,0,0,0,128,[84 -64 4 0 0 0 0 0 0 0 0 0 8 9 9 9 8 9 8 10 7 10 7 11 7 10 7 11 6 11 6 11 6 11 5 11 5 11 5 11 5 11 4 10 5 10 4 9 4 11 4 10 4 10 4 10 4 10 4 10 4 10 5 9 0 0 5 9 5 9 5 9 4 8 5 9 5 9 5 9 5 8 6 8 5 8 6 8 6 9 6 8 7 8 6 8 7 8 7 8 7 8 8 7 7 8 8 8 8 8 8 8 8 8 8 8 9 8 0 0 0 0 0 0 0 0 0 0]"
"1769237489548249,CSI_DATA,STATION,00:00:00:00:00:00,0,0,0,0,0,0,0,0,0,0,0,0,0,0,0,0,0,0,0,0,0,128,[84 -64 4 0 0 0 0 0 0 0 0 0 -5 12 -6 12 -7 11 -7 11 -7 11 -8 11 -8 11 -8 10 -9 10 -9 9 -8 10 -9 9 -9 9 -8 9 -9 9 -9 8 -9 9 -8 8 -9 8 -9 8 -8 7 -8 8 -8 8 -8 8 -7 8 -7 8 0 0 -8 8 -7 7 -7 8 -7 8 -7 9 -6 8 -7 8 -6 9 -6 9 -6 9 -5 9 -5 9 -5 9 -5 10 -5 10 -5 10 -5 10 -5 10 -5 11 -5 10 -5 11 -4 11 -4 11 -4 11 -4 11 -4 12 0 0 0 0 0 0 0 0 0 0]"
"1769237489552682,CSI_DATA,STATION,00:00:00:00:00:00,0,0,0,0,0,0,0,0,0,0,0,0,0,0,0,0,0,0,0,0,0,128,[84 -64 4 0 0 0 0 0 0 0 0 0 -6 -13 -5 -14 -4 -13 -4 -13 -3 -14 -4 -14 -3 -13 -2 -14 -2 -14 -2 -13 -2 -13 -2 -13 -2 -13 -1 -13 -1 -13 -1 -13 -1 -13 -1 -12 -1 -13 -1 -12 -1 -12 -1 -12 -1 -12 -1 -12 -2 -12 -2 -12 0 0 -2 -11 -2 -11 -2 -11 -3 -11 -2 -11 -3 -11 -3 -11 -3 -11 -3 -11 -3 -11 -4 -11 -4 -11 -4 -11 -4 -11 -5 -11 -5 -11 -5 -11 -5 -11 -5 -11 -6 -11 -6 -11 -6 -11 -6 -11 -7 -11 -6 -11 -7 -11 0 0 0 0 0 0 0 0 0 0]"
"1769237489559210,CSI_DATA,STATION,00:00:00:00:00:00,0,0,0,0,0,0,0,0,0,0,0,0,0,0,0,0,0,0,0,0,0,128,[84 -64 4 0 0 0 0 0 0 0 0 0 -10 8 -10 7 -10 7 -10 6 -10 6 -10 6 -10 6 -11 6 -11 6 -11 5 -11 5 -11 5 -11 4 -11 4 -11 4 -10 4 -10 4 -10 4 -10 4 -10 4 -10 4 -10 4 -10 4 -9 4 -9 4 -9 4 0 0 -9 4 -9 4 -9 4 -9 5 -9 4 -9 5 -9 5 -8 5 -8 5 -8 6 -8 6 -8 6 -8 6 -8 6 -8 6 -8 6 -8 6 -8 7 -8 7 -8 7 -8 8 -8 8 -8 8 -8 8 -8 8 -8 8 0 0 0 0 0 0 0 0 0 0]"
"1769237489565677,CSI_DATA,STATION,00:00:00:00:00:00,0,0,0,0,0,0,0,0,0,0,0,0,0,0,0,0,0,0,0,0,0,128,[84 -64 4 0 0 0 0 0 0 0 0 0 11 5 11 6 11 7 11 7 10 7 10 8 10 7 10 8 9 8 9 9 9 8 8 9 9 9 9 9 8 9 8 9 8 8 8 8 8 8 7 8 8 8 8 8 8 8 8 8 8 8 7 7 0 0 8 7 8 7 8 7 7 6 8 7 8 6 8 6 8 6 9 6 9 6 9 5 9 6 9 6 10 5 9 5 10 5 10 5 9 4 10 4 10 4 10 4 11 5 11 5 11 4 11 4 11 4 0 0 0 0 0 0 0 0 0 0]"
"1769237489570062,CSI_DATA,STATION,00:00:00:00:00:00,0,0,0,0,0,0,0,0,0,0,0,0,0,0,0,0,0,0,0,0,0,128,[84 -64 4 0 0 0 0 0 0 0 0 0 10 -9 11 -9 11 -8 11 -8 11 -7 12 -8 12 -7 12 -7 12 -6 12 -6 11 -5 12 -5 11 -4 12 -4 12 -5 11 -5 11 -4 11 -4 11 -4 11 -4 10 -4 11 -4 10 -4 10 -4 10 -4 10 -5 0 0 10 -4 9 -4 10 -5 10 -5 10 -5 10 -5 9 -5 9 -5 9 -6 9 -6 9 -6 9 -6 9 -6 9 -6 9 -7 9 -7 9 -7 10 -8 9 -7 9 -8 9 -8 9 -7 9 -8 9 -8 9 -9 9 -9 0 0 0 0 0 0 0 0 0 0]"
"1769237489574525,CSI_DATA,STATION,00:00:00:00:00:00,0,0,0,0,0,0,0,0,0,0,0,0,0,0,0,0,0,0,0,0,0,128,[84 -64 4 0 0 0 0 0 0 0 0 0 -9 11 -9 11 -10 11 -10 10 -10 10 -11 10 -10 10 -11 9 -11 9 -12 9 -11 8 -11 8 -11 7 -11 7 -11 7 -11 8 -11 7 -11 7 -11 7 -11 7 -10 7 -10 7 -11 7 -10 7 -10 6 -10 7 0 0 -9 7 -9 7 -9 7 -9 7 -9 8 -9 8 -8 8 -9 8 -8 8 -8 9 -8 9 -8 9 -8 9 -8 9 -8 9 -7 10 -7 10 -7 10 -7 11 -7 10 -7 11 -7 10 -7 11 -7 11 -7 11 -7 11 0 0 0 0 0 0 0 0 0 0]"
"1769237489581238,CSI_DATA,STATION,00:00:00:00:00:00,0,0,0,0,0,0,0,0,0,0,0,0,0,0,0,0,0,0,0,0,0,128,[84 -64 4 0 0 0 0 0 0 0 0 0 4 11 3 12 3 12 3 12 2 12 2 12 1 13 1 13 1 12 0 12 0 13 0 11 0 12 -1 12 -1 12 -1 11 -1 12 -1 12 -1 11 -1 11 -1 11 -1 10 -1 11 -1 11 -1 10 0 11 0 0 -1 10 0 10 0 10 0 10 0 10 0 10 1 10 1 10 0 10 1 10 1 10 1 10 1 10 1 10 2 10 2 10 2 10 2 11 2 11 2 10 3 11 3 11 3 11 3 11 3 11 3 11 0 0 0 0 0 0 0 0 0 0]"
"1769237489585694,CSI_DATA,STATION,00:00:00:00:00:00,0,0,0,0,0,0,0,0,0,0,0,0,0,0,0,0,0,0,0,0,0,128,[84 -64 4 0 0 0 0 0 0 0 0 0 5 13 4 13 3 14 3 14 2 13 3 14 2 14 2 14 1 13 1 14 1 14 0 13 0 14 0 13 0 13 0 13 0 13 -1 13 0 13 -1 12 -1 12 0 12 0 12 0 12 0 12 0 12 0 0 0 11 1 11 1 11 1 11 1 12 2 11 2 11 2 11 1 11 2 11 2 11 3 11 3 11 3 11 4 11 4 11 4 11 4 11 4 12 4 11 4 11 5 11 5 12 5 12 5 12 5 12 0 0 0 0 0 0 0 0 0 0]"
"1769237489590174,CSI_DATA,STATION,00:00:00:00:00:00,0,0,0,0,0,0,0,0,0,0,0,0,0,0,0,0,0,0,0,0,0,128,[84 -64 4 0 0 0 0 0 0 0 0 0 11 5 11 6 11 6 11 7 10 7 10 7 10 8 10 8 10 8 9 9 9 8 9 8 9 8 8 8 8 9 8 8 8 8 8 7 8 8 8 9 7 8 8 8 7 8 8 7 8 7 8 7 0 0 8 7 7 7 8 6 8 6 9 7 8 6 8 6 9 6 8 5 8 6 9 5 9 5 9 5 10 5 9 5 10 5 10 4 10 4 10 4 10 4 10 4 11 4 11 4 11 4 11 4 11 4 0 0 0 0 0 0 0 0 0 0]"
"1769237489596853,CSI_DATA,STATION,00:00:00:00:00:00,0,0,0,0,0,0,0,0,0,0,0,0,0,0,0,0,0,0,0,0,0,128,[84 -64 4 0 0 0 0 0 0 0 0 0 -13 4 -13 3 -14 3 -14 2 -14 2 -14 2 -14 1 -14 1 -14 1 -14 0 -14 0 -14 0 -13 -1 -13 0 -13 -1 -13 0 -12 -1 -12 -1 -13 -1 -13 -1 -12 -1 -12 -1 -12 -1 -12 0 -12 0 -12 0 0 0 -11 0 -11 1 -11 1 -11 1 -12 1 -11 1 -11 1 -11 2 -11 2 -11 2 -11 2 -11 2 -11 3 -11 3 -11 3 -11 3 -12 3 -12 4 -12 4 -12 4 -12 4 -12 5 -12 5 -12 5 -11 5 -12 5 0 0 0 0 0 0 0 0 0 0]"
"1769237489601313,CSI_DATA,STATION,00:00:00:00:00:00,0,0,0,0,0,0,0,0,0,0,0,0,0,0,0,0,0,0,0,0,0,128,[84 -64 4 0 0 0 0 0 0 0 0 0 10 -9 10 -9 10 -8 10 -8 11 -8 11 -8 11 -8 11 -7 12 -7 12 -6 11 -6 11 -6 11 -6 11 -5 11 -5 11 -6 11 -5 11 -6 10 -5 11 -5 11 -5 10 -5 10 -5 10 -5 10 -4 10 -5 0 0 10 -5 9 -5 9 -5 9 -6 9 -6 9 -6 9 -6 9 -6 9 -6 9 -7 9 -7 8 -7 8 -7 9 -7 9 -7 8 -8 9 -8 9 -8 9 -8 9 -9 9 -8 8 -8 8 -9 8 -9 8 -9 8 -9 0 0 0 0 0 0 0 0 0 0]"
"1769237489605766,CSI_DATA,STATION,00:00:00:00:00:00,0,0,0,0,0,0,0,0,0,0,0,0,0,0,0,0,0,0,0,0,0,128,[84 -64 4 0 0 0 0 0 0 0 0 0 10 -7 10 -6 10 -6 11 -5 11 -5 11 -5 11 -4 11 -4 11 -4 11 -4 11 -4 11 -4 10 -3 11 -3 11 -3 10 -3 10 -2 10 -3 10 -2 10 -3 10 -2 10 -2 10 -3 10 -3 9 -3 10 -3 0 0 9 -3 9 -3 9 -3 9 -4 9 -3 9 -4 9 -4 9 -4 9 -4 8 -5 8 -5 9 -5 9 -5 9 -5 9 -5 9 -6 8 -6 9 -6 9 -6 8 -6 9 -6 9 -6 9 -6 8 -7 8 -7 9 -7 0 0 0 0 0 0 0 0 0 0]"
"1769237489612450,CSI_DATA,STATION,00:00:00:00:00:00,0,0,0,0,0,0,0,0,0,0,0,0,0,0,0,0,0,0,0,0,0,128,[84 -64 4 0 0 0 0 0 0 0 0 0 -14 -2 -14 -2 -14 -3 -14 -3 -13 -4 -14 -4 -13 -4 -13 -5 -13 -5 -13 -6 -13 -5 -12 -5 -13 -6 -12 -6 -12 -6 -12 -5 -12 -6 -12 -6 -12 -6 -11 -6 -11 -6 -11 -6 -11 -5 -11 -5 -11 -5 -11 -5 0 0 -10 -5 -11 -4 -11 -4 -11 -4 -11 -4 -11 -4 -11 -4 -12 -3 -11 -3 -11 -3 -12 -3 -12 -3 -11 -2 -12 -2 -12 -2 -12 -2 -12 -2 -12 -2 -12 -1 -12 -1 -12 -1 -13 -1 -13 -1 -13 -1 -13 -1 -13 0 0 0 0 0 0 0 0 0 0 0]"
"1769237489616908,CSI_DATA,STATION,00:00:00:00:00:00,0,0,0,0,0,0,0,0,0,0,0,0,0,0,0,0,0,0,0,0,0,128,[84 -64 4 0 0 0 0 0 0 0 0 0 -7 -13 -7 -12 -6 -13 -6 -13 -6 -13 -5 -13 -4 -14 -4 -13 -3 -13 -3 -13 -3 -13 -3 -13 -3 -13 -3 -13 -2 -13 -3 -13 -2 -12 -2 -13 -2 -12 -2 -12 -2 -12 -2 -12 -2 -13 -2 -12 -3 -12 -3 -12 0 0 -2 -11 -3 -11 -3 -11 -3 -11 -3 -11 -3 -11 -4 -11 -4 -11 -4 -11 -4 -11 -5 -11 -5 -11 -5 -11 -5 -11 -5 -11 -5 -11 -5 -11 -6 -11 -6 -11 -6 -12 -6 -12 -6 -11 -7 -11 -7 -11 -7 -12 -7 -11 0 0 0 0 0 0 0 0 0 0]"
"1769237489621351,CSI_DATA,STATION,00:00:00:00:00:00,0,0,0,0,0,0,0,0,0,0,0,0,0,0,0,0,0,0,0,0,0,128,[84 -64 4 0 0 0 0 0 0 0 0 0 -6 -14 -6 -15 -6 -15 -5 -15 -5 -15 -4 -15 -4 -15 -3 -15 -3 -15 -3 -15 -2 -15 -2 -15 -2 -15 -2 -14 -1 -15 -2 -14 -1 -14 -1 -14 -1 -14 -1 -14 -1 -14 -1 -13 -1 -14 -1 -14 -2 -13 -2 -13 0 0 -2 -13 -2 -13 -2 -12 -3 -13 -3 -13 -3 -13 -3 -12 -4 -13 -3 -13 -3 -12 -4 -13 -4 -13 -4 -13 -5 -13 -4 -13 -4 -13 -5 -13 -5 -13 -5 -13 -5 -13 -6 -13 -6 -13 -6 -13 -6 -13 -6 -13 -6 -13 0 0 0 0 0 0 0 0 0 0]"
"1769237489628033,CSI_DATA,STATION,00:00:00:00:00:00,0,0,0,0,0,0,0,0,0,0,0,0,0,0,0,0,0,0,0,0,0,128,[84 -64 4 0 0 0 0 0 0 0 0 0 -12 9 -12 9 -12 9 -13 8 -13 7 -13 7 -13 7 -14 7 -14 6 -14 6 -14 6 -14 6 -14 5 -13 5 -14 4 -13 5 -13 5 -12 4 -13 4 -13 4 -13 4 -13 4 -12 4 -12 5 -12 4 -12 5 0 0 -12 5 -12 5 -11 5 -12 5 -11 5 -11 5 -11 5 -11 6 -11 6 -11 7 -10 7 -11 7 -11 7 -11 7 -11 8 -11 8 -11 8 -10 8 -11 8 -11 8 -11 9 -11 9 -11 9 -10 9 -11 10 -11 9 0 0 0 0 0 0 0 0 0 0]"
"1769237489632497,CSI_DATA,STATION,00:00:00:00:00:00,0,0,0,0,0,0,0,0,0,0,0,0,0,0,0,0,0,0,0,0,0,128,[84 -64 4 0 0 0 0 0 0 0 0 0 12 -6 12 -5 12 -4 12 -4 13 -4 13 -4 12 -3 13 -3 13 -3 13 -2 12 -3 12 -2 12 -2 12 -2 12 -1 12 -1 11 -1 12 -1 11 -1 12 -1 11 -1 11 -1 11 -1 11 -1 11 -2 11 -2 0 0 10 -2 10 -2 10 -2 11 -3 10 -2 11 -2 10 -2 10 -3 10 -3 10 -3 10 -4 10 -3 11 -4 10 -4 11 -4 11 -4 11 -4 10 -5 11 -5 11 -5 11 -5 11 -5 11 -6 11 -5 11 -6 11 -6 0 0 0 0 0 0 0 0 0 0]"
"1769237489636873,CSI_DATA,STATION,00:00:00:00:00:00,0,0,0,0,0,0,0,0,0,0,0,0,0,0,0,0,0,0,0,0,0,128,[84 -64 4 0 0 0 0 0 0 0 0 0 -9 12 -9 12 -9 11 -10 11 -10 11 -11 11 -10 11 -11 10 -11 10 -11 9 -11 10 -11 9 -11 8 -11 9 -12 8 -11 9 -11 9 -11 8 -11 8 -11 8 -11 8 -10 8 -11 8 -10 8 -10 7 -10 8 0 0 -10 8 -9 8 -9 8 -9 9 -9 9 -9 9 -9 9 -8 9 -8 10 -8 10 -8 10 -8 9 -8 9 -7 11 -8 10 -7 11 -7 11 -7 11 -7 11 -7 12 -7 12 -6 12 -7 12 -7 12 -7 12 -7 12 0 0 0 0 0 0 0 0 0 0]"
"1769237489643578,CSI_DATA,STATION,00:00:00:00:00:00,0,0,0,0,0,0,0,0,0,0,0,0,0,0,0,0,0,0,0,0,0,128,[84 -64 4 0 0 0 0 0 0 0 0 0 -14 7 -14 6 -14 5 -15 5 -14 5 -15 5 -14 4 -15 4 -14 3 -15 3 -15 3 -15 3 -14 2 -14 2 -15 2 -14 2 -14 1 -13 1 -14 1 -14 1 -13 1 -14 1 -13 2 -13 1 -13 1 -13 2 0 0 -12 2 -13 2 -13 2 -12 2 -13 2 -12 3 -12 3 -12 3 -12 3 -12 4 -12 4 -13 4 -13 4 -13 5 -13 4 -13 5 -12 5 -12 6 -13 6 -13 5 -13 6 -13 6 -13 6 -12 6 -13 6 -13 6 0 0 0 0 0 0 0 0 0 0]"
"1769237489648059,CSI_DATA,STATION,00:00:00:00:00:00,0,0,0,0,0,0,0,0,0,0,0,0,0,0,0,0,0,0,0,0,0,128,[84 -64 4 0 0 0 0 0 0 0 0 0 -8 12 -9 12 -9 11 -10 11 -10 11 -10 11 -10 10 -11 10 -11 10 -11 10 -11 10 -11 9 -11 9 -11 9 -11 8 -11 9 -11 8 -11 8 -11 8 -11 7 -11 8 -11 7 -11 8 -10 8 -10 8 -10 8 0 0 -10 8 -9 8 -9 8 -9 8 -9 8 -9 8 -9 8 -9 9 -9 9 -8 9 -8 10 -8 10 -8 9 -8 10 -8 10 -8 10 -7 10 -7 10 -7 11 -8 10 -8 11 -8 11 -7 11 -7 12 -7 12 -7 12 0 0 0 0 0 0 0 0 0 0]"
"1769237489652500,CSI_DATA,STATION,00:00:00:00:00:00,0,0,0,0,0,0,0,0,0,0,0,0,0,0,0,0,0,0,0,0,0,128,[84 -64 4 0 0 0 0 0 0 0 0 0 -15 -1 -15 -2 -15 -3 -15 -3 -15 -3 -15 -3 -15 -5 -14 -5 -14 -5 -14 -5 -14 -5 -14 -5 -13 -5 -13 -6 -14 -6 -13 -5 -12 -6 -12 -6 -13 -6 -12 -6 -13 -6 -12 -6 -12 -6 -12 -5 -12 -5 -12 -5 0 0 -12 -5 -12 -4 -12 -4 -12 -4 -13 -4 -12 -4 -12 -4 -12 -4 -12 -3 -13 -3 -13 -2 -13 -3 -13 -2 -13 -2 -13 -2 -13 -2 -13 -2 -13 -2 -14 -1 -14 -2 -14 -1 -14 -1 -14 -1 -14 0 -14 0 -14 0 0 0 0 0 0 0 0 0 0 0]"
"1769237489659021,CSI_DATA,STATION,00:00:00:00:00:00,0,0,0,0,0,0,0,0,0,0,0,0,0,0,0,0,0,0,0,0,0,128,[84 -64 4 0 0 0 0 0 0 0 0 0 7 -13 7 -13 7 -13 8 -13 8 -12 9 -12 9 -12 9 -11 10 -11 10 -11 10 -11 10 -10 10 -10 10 -10 10 -9 10 -10 10 -9 10 -9 9 -9 10 -9 10 -8 9 -9 9 -9 9 -9 9 -9 9 -9 0 0 9 -9 9 -8 9 -9 8 -9 8 -9 8 -9 8 -9 8 -10 8 -9 7 -10 7 -10 7 -10 7 -10 7 -10 7 -11 7 -11 7 -11 7 -11 7 -11 7 -11 7 -11 7 -11 7 -11 6 -12 7 -13 6 -12 0 0 0 0 0 0 0 0 0 0]"
"1769237489663384,CSI_DATA,STATION,00:00:00:00:00:00,0,0,0,0,0,0,0,0,0,0,0,0,0,0,0,0,0,0,0,0,0,128,[84 -64 4 0 0 0 0 0 0 0 0 0 -2 12 -3 12 -3 12 -4 12 -4 12 -4 12 -5 12 -5 11 -5 11 -5 11 -5 12 -5 11 -6 11 -6 11 -6 10 -7 11 -6 11 -7 11 -6 10 -6 9 -6 10 -6 9 -6 10 -6 10 -5 10 -5 10 0 0 -5 9 -5 9 -5 10 -5 10 -5 10 -4 10 -4 9 -4 10 -4 10 -4 10 -3 10 -3 10 -3 11 -3 10 -3 10 -3 11 -3 11 -3 11 -3 11 -2 11 -2 11 -2 11 -2 12 -2 11 -2 12 -2 12 0 0 0 0 0 0 0 0 0 0]"
"1769237489669907,CSI_DATA,STATION,00:00:00:00:00:00,0,0,0,0,0,0,0,0,0,0,0,0,0,0,0,0,0,0,0,0,0,128,[84 -64 4 0 0 0 0 0 0 0 0 0 -15 2 -15 1 -15 0 -15 0 -15 0 -15 -1 -15 -1 -15 -2 -15 -2 -15 -3 -15 -2 -14 -3 -15 -3 -14 -3 -14 -3 -14 -3 -14 -3 -14 -3 -13 -3 -13 -4 -13 -3 -13 -3 -13 -3 -13 -3 -13 -3 -13 -2 0 0 -13 -2 -13 -2 -12 -2 -12 -1 -13 -2 -13 -2 -13 -2 -13 -1 -13 -1 -13 -1 -13 0 -13 0 -13 0 -13 0 -13 1 -13 1 -13 0 -14 1 -13 1 -13 1 -14 1 -14 1 -14 2 -14 2 -14 2 -14 3 0 0 0 0 0 0 0 0 0 0]"
"1769237489674237,CSI_DATA,STATION,00:00:00:00:00:00,0,0,0,0,0,0,0,0,0,0,0,0,0,0,0,0,0,0,0,0,0,128,[84 -64 4 0 0 0 0 0 0 0 0 0 14 -1 15 0 14 0 15 1 14 1 14 2 14 2 14 2 13 3 13 3 13 2 13 3 13 3 13 3 13 3 12 4 12 4 12 3 12 4 12 4 12 4 12 4 12 3 12 3 12 3 12 2 0 0 11 2 11 2 12 2 11 2 12 2 12 2 11 2 11 1 11 1 11 1 12 0 12 1 12 0 13 0 12 0 12 -1 12 -1 12 -1 13 -1 12 -2 13 -2 13 -1 13 -2 13 -2 13 -3 13 -3 0 0 0 0 0 0 0 0 0 0]"
"1769237489678554,CSI_DATA,STATION,00:00:00:00:00:00,0,0,0,0,0,0,0,0,0,0,0,0,0,0,0,0,0,0,0,0,0,128,[84 -64 4 0 0 0 0 0 0 0 0 0 -11 10 -11 9 -12 9 -12 8 -12 8 -13 8 -13 8 -13 6 -13 7 -14 7 -13 7 -13 6 -13 6 -13 5 -13 5 -13 6 -12 5 -13 5 -12 5 -13 5 -12 5 -12 5 -12 5 -12 5 -11 5 -11 5 0 0 -11 5 -11 6 -10 6 -11 6 -10 6 -11 6 -10 6 -11 6 -10 7 -10 8 -10 8 -10 7 -10 7 -9 7 -10 8 -9 8 -10 9 -10 9 -9 9 -10 9 -9 10 -9 10 -10 10 -9 10 -9 10 -9 10 0 0 0 0 0 0 0 0 0 0]"
"1769237489685019,CSI_DATA,STATION,00:00:00:00:00:00,0,0,0,0,0,0,0,0,0,0,0,0,0,0,0,0,0,0,0,0,0,128,[84 -64 4 0 0 0 0 0 0 0 0 0 -13 7 -14 7 -14 6 -14 6 -14 5 -14 5 -14 5 -15 4 -14 4 -15 4 -14 3 -14 3 -14 2 -14 2 -14 2 -14 3 -14 2 -13 1 -14 2 -14 2 -13 1 -13 2 -12 2 -13 2 -13 2 -13 2 0 0 -12 3 -12 3 -12 3 -12 3 -12 3 -12 3 -12 4 -11 3 -11 4 -12 5 -12 5 -12 4 -11 5 -12 5 -11 6 -12 6 -11 5 -12 6 -12 7 -12 6 -11 7 -12 7 -12 7 -12 7 -12 7 -12 7 0 0 0 0 0 0 0 0 0 0]"
"1769237489689450,CSI_DATA,STATION,00:00:00:00:00:00,0,0,0,0,0,0,0,0,0,0,0,0,0,0,0,0,0,0,0,0,0,128,[84 -64 4 0 0 0 0 0 0 0 0 0 -2 13 -3 13 -3 12 -4 13 -4 12 -5 12 -5 12 -6 12 -5 11 -6 11 -5 12 -6 11 -6 11 -6 11 -6 11 -6 10 -6 11 -6 10 -6 10 -6 10 -6 10 -6 10 -5 10 -6 10 -5 10 -5 10 0 0 -5 10 -4 9 -4 10 -4 9 -4 10 -4 10 -3 10 -4 10 -4 10 -3 10 -3 10 -3 11 -2 11 -2 11 -3 10 -2 11 -2 11 -2 11 -2 12 -2 12 -2 12 -2 12 -1 11 -1 12 -1 12 -1 12 0 0 0 0 0 0 0 0 0 0]"
"1769237489693920,CSI_DATA,STATION,00:00:00:00:00:00,0,0,0,0,0,0,0,0,0,0,0,0,0,0,0,0,0,0,0,0,0,128,[84 -64 4 0 0 0 0 0 0 0 0 0 11 -10 11 -10 11 -9 11 -9 12 -8 12 -8 12 -7 13 -7 13 -7 12 -7 12 -7 12 -6 12 -6 12 -6 13 -5 12 -6 13 -5 11 -5 12 -5 12 -5 11 -5 12 -5 11 -5 11 -5 11 -6 11 -6 0 0 11 -5 10 -5 10 -6 10 -6 10 -6 10 -6 10 -6 10 -6 10 -7 10 -7 9 -8 10 -7 10 -8 10 -8 10 -7 10 -8 9 -8 10 -9 10 -8 10 -9 10 -9 10 -9 9 -9 9 -10 10 -10 10 -10 0 0 0 0 0 0 0 0 0 0]"
"1769237489700484,CSI_DATA,STATION,00:00:00:00:00:00,0,0,0,0,0,0,0,0,0,0,0,0,0,0,0,0,0,0,0,0,0,128,[84 -64 4 0 0 0 0 0 0 0 0 0 6 11 5 11 5 11 5 12 4 12 4 12 4 12 3 12 3 12 3 12 2 12 2 12 1 11 2 11 2 12 2 11 1 11 1 12 1 11 2 11 1 11 1 11 1 11 1 11 2 10 2 10 0 0 2 10 3 10 3 10 3 10 3 10 3 10 3 10 3 10 3 9 3 10 4 10 4 10 4 10 4 10 5 10 5 10 5 10 5 10 5 10 5 10 6 10 6 10 6 11 6 10 6 10 6 10 0 0 0 0 0 0 0 0 0 0]"
"1769237489704937,CSI_DATA,STATION,00:00:00:00:00:00,0,0,0,0,0,0,0,0,0,0,0,0,0,0,0,0,0,0,0,0,0,128,[84 -64 4 0 0 0 0 0 0 0 0 0 -15 -3 -15 -3 -15 -4 -15 -4 -15 -5 -15 -5 -13 -5 -14 -6 -14 -6 -14 -7 -14 -6 -13 -7 -13 -7 -13 -7 -13 -8 -12 -7 -12 -7 -12 -7 -12 -7 -12 -7 -12 -7 -12 -7 -12 -7 -12 -7 -11 -7 -12 -6 0 0 -12 -6 -11 -5 -12 -5 -11 -5 -12 -5 -12 -5 -12 -5 -13 -5 -12 -5 -12 -4 -13 -4 -13 -4 -13 -4 -13 -4 -13 -4 -13 -3 -14 -3 -14 -3 -14 -3 -14 -3 -14 -3 -14 -3 -14 -3 -15 -2 -15 -2 -15 -2 0 0 0 0 0 0 0 0 0 0]"
"1769237489709310,CSI_DATA,STATION,00:00:00:00:00:00,0,0,0,0,0,0,0,0,0,0,0,0,0,0,0,0,0,0,0,0,0,128,[84 -64 4 0 0 0 0 0 0 0 0 0 -12 5 -12 5 -12 4 -12 4 -12 3 -13 4 -13 4 -13 3 -13 3 -13 2 -13 2 -13 2 -12 1 -12 1 -13 1 -12 2 -12 1 -12 0 -12 1 -12 1 -12 1 -12 1 -12 1 -12 1 -11 1 -12 1 0 0 -11 2 -11 2 -11 2 -11 2 -11 2 -11 2 -11 3 -11 3 -11 3 -11 3 -11 4 -11 3 -11 4 -11 4 -11 4 -11 4 -11 4 -11 4 -11 5 -11 5 -11 5 -11 5 -11 5 -11 5 -12 5 -11 5 0 0 0 0 0 0 0 0 0 0]"
"1769237489715940,CSI_DATA,STATION,00:00:00:00:00:00,0,0,0,0,0,0,0,0,0,0,0,0,0,0,0,0,0,0,0,0,0,128,[84 -64 4 0 0 0 0 0 0 0 0 0 5 17 4 17 3 18 3 18 2 18 2 18 2 18 1 18 1 18 0 18 0 18 -1 17 -1 17 -1 17 -1 17 -1 17 -2 17 -1 16 -1 16 -1 16 0 15 0 16 -1 16 -1 15 -1 16 0 16 0 0 0 15 1 15 1 15 1 15 1 15 2 15 2 15 2 15 2 14 2 15 2 15 3 15 3 15 4 15 4 15 4 15 5 16 5 14 5 15 6 15 6 16 6 15 6 16 6 16 5 16 6 16 0 0 0 0 0 0 0 0 0 0]"
"1769237489724778,CSI_DATA,STATION,00:00:00:00:00:00,0,0,0,0,0,0,0,0,0,0,0,0,0,0,0,0,0,0,0,0,0,128,[84 -64 4 0 0 0 0 0 0 0 0 0 9 -12 10 -11 10 -11 10 -10 11 -10 11 -10 11 -10 12 -10 12 -9 12 -9 12 -8 12 -8 12 -8 12 -7 12 -7 12 -8 11 -7 11 -7 11 -7 11 -7 11 -7 11 -7 11 -7 11 -7 10 -7 10 -8 0 0 10 -7 10 -7 10 -7 10 -7 9 -8 9 -8 9 -8 9 -9 9 -9 9 -9 9 -9 9 -9 9 -9 9 -9 9 -10 8 -10 8 -10 8 -11 8 -11 8 -10 9 -11 8 -11 8 -11 8 -11 8 -11 8 -12 0 0 0 0 0 0 0 0 0 0]"
"1769237489731396,CSI_DATA,STATION,00:00:00:00:00:00,0,0,0,0,0,0,0,0,0,0,0,0,0,0,0,0,0,0,0,0,0,128,[84 -64 4 0 0 0 0 0 0 0 0 0 -14 -3 -14 -4 -14 -4 -13 -5 -13 -5 -13 -6 -13 -6 -12 -7 -12 -7 -12 -7 -13 -6 -12 -6 -12 -7 -12 -7 -11 -7 -11 -7 -11 -7 -11 -7 -11 -7 -10 -7 -10 -7 -10 -7 -11 -7 -11 -7 -10 -6 -11 -6 0 0 -10 -6 -10 -6 -10 -5 -11 -5 -11 -5 -10 -5 -11 -5 -11 -5 -11 -5 -11 -4 -11 -4 -12 -4 -12 -3 -11 -4 -12 -3 -12 -3 -12 -3 -12 -3 -12 -3 -12 -3 -13 -3 -13 -3 -12 -3 -13 -2 -13 -2 -13 -2 0 0 0 0 0 0 0 0 0 0]"
"1769237489735798,CSI_DATA,STATION,00:00:00:00:00:00,0,0,0,0,0,0,0,0,0,0,0,0,0,0,0,0,0,0,0,0,0,128,[84 -64 4 0 0 0 0 0 0 0 0 0 -14 -2 -14 -3 -14 -3 -14 -4 -14 -4 -14 -5 -13 -5 -13 -6 -13 -6 -13 -6 -13 -6 -12 -6 -12 -7 -12 -6 -12 -7 -11 -6 -12 -7 -12 -7 -12 -7 -11 -7 -11 -7 -11 -6 -11 -6 -11 -6 -10 -6 -11 -6 0 0 -10 -6 -11 -5 -11 -5 -11 -5 -11 -5 -11 -5 -11 -5 -11 -5 -11 -4 -11 -4 -12 -4 -12 -3 -12 -3 -12 -3 -12 -3 -12 -3 -12 -3 -12 -3 -12 -3 -13 -3 -13 -3 -13 -2 -13 -3 -13 -2 -13 -2 -13 -2 0 0 0 0 0 0 0 0 0 0]"
"1769237489742477,CSI_DATA,STATION,00:00:00:00:00:00,0,0,0,0,0,0,0,0,0,0,0,0,0,0,0,0,0,0,0,0,0,128,[84 -64 4 0 0 0 0 0 0 0 0 0 15 -4 15 -3 15 -2 15 -2 15 -2 15 -1 15 -1 14 0 14 0 14 0 14 0 14 0 14 1 14 0 14 1 13 1 14 1 13 2 14 1 13 1 13 1 12 1 13 1 13 1 12 1 12 0 0 0 12 0 12 0 12 0 12 -1 12 0 12 -1 12 -1 12 -1 12 -1 12 -2 12 -2 12 -2 12 -3 12 -2 12 -3 12 -3 12 -3 12 -4 13 -3 12 -4 13 -4 12 -4 13 -4 13 -4 13 -5 13 -5 0 0 0 0 0 0 0 0 0 0]"
"1769237489746862,CSI_DATA,STATION,00:00:00:00:00:00,0,0,0,0,0,0,0,0,0,0,0,0,0,0,0,0,0,0,0,0,0,128,[84 -64 4 0 0 0 0 0 0 0 0 0 12 5 12 6 11 6 11 7 11 7 11 8 10 7 10 8 9 8 10 9 9 8 9 8 9 8 9 8 9 9 9 8 8 8 8 7 8 8 8 8 8 8 8 8 8 8 8 7 8 8 8 7 0 0 8 7 8 7 8 6 8 6 9 6 9 6 9 6 9 5 9 5 9 5 9 5 9 5 9 5 10 5 10 5 10 4 10 4 11 4 10 3 10 3 11 4 11 4 10 3 11 3 11 3 11 3 0 0 0 0 0 0 0 0 0 0]"
"1769237489751275,CSI_DATA,STATION,00:00:00:00:00:00,0,0,0,0,0,0,0,0,0,0,0,0,0,0,0,0,0,0,0,0,0,128,[84 -64 4 0 0 0 0 0 0 0 0 0 3 13 2 13 1 13 1 13 0 13 0 13 -1 13 -1 13 -1 13 -2 13 -1 13 -2 13 -2 13 -2 12 -3 12 -2 12 -3 12 -3 12 -3 12 -3 12 -3 11 -3 11 -3 11 -2 11 -2 11 -2 11 0 0 -2 10 -1 10 -1 11 -1 11 -1 11 -1 11 -1 11 -1 11 0 10 0 11 0 11 0 11 1 11 1 11 1 11 1 11 1 11 1 11 1 11 1 11 1 11 2 11 2 11 2 11 2 11 2 12 0 0 0 0 0 0 0 0 0 0]"
"1769237489757821,CSI_DATA,STATION,00:00:00:00:00:00,0,0,0,0,0,0,0,0,0,0,0,0,0,0,0,0,0,0,0,0,0,128,[84 -64 4 0 0 0 0 0 0 0 0 0 -10 11 -11 11 -11 11 -11 10 -12 10 -12 9 -13 9 -12 9 -12 8 -13 8 -13 8 -13 8 -13 8 -12 7 -12 7 -12 7 -12 7 -12 7 -12 7 -12 6 -12 6 -12 6 -12 7 -12 7 -11 6 -11 7 0 0 -11 6 -11 6 -10 7 -11 7 -10 7 -10 7 -10 7 -10 7 -10 8 -10 8 -9 8 -9 8 -9 9 -9 9 -9 9 -9 9 -9 9 -9 9 -9 10 -9 10 -9 10 -9 10 -8 10 -8 11 -8 11 -8 11 0 0 0 0 0 0 0 0 0 0]"
"1769237489762188,CSI_DATA,STATION,00:00:00:00:00:00,0,0,0,0,0,0,0,0,0,0,0,0,0,0,0,0,0,0,0,0,0,128,[84 -64 4 0 0 0 0 0 0 0 0 0 8 10 8 10 7 10 7 11 7 11 7 11 6 11 6 11 6 11 5 12 5 11 5 11 5 11 5 11 4 11 4 11 4 11 4 10 4 11 4 11 4 10 4 11 4 10 4 10 4 10 4 10 0 0 4 10 5 10 5 9 5 9 5 9 5 9 5 9 6 9 5 8 6 8 6 8 6 9 7 9 6 8 7 8 7 8 7 8 7 8 8 8 7 8 8 8 8 8 8 8 8 7 8 7 8 8 0 0 0 0 0 0 0 0 0 0]"
"1769237489766544,CSI_DATA,STATION,00:00:00:00:00:00,0,0,0,0,0,0,0,0,0,0,0,0,0,0,0,0,0,0,0,0,0,128,[84 -64 4 0 0 0 0 0 0 0 0 0 -3 -15 -2 -16 -2 -15 -1 -16 -1 -16 -1 -16 0 -15 1 -15 1 -15 1 -15 1 -15 1 -15 2 -15 2 -14 2 -15 2 -14 2 -14 2 -13 2 -14 2 -13 2 -13 2 -13 2 -13 2 -13 1 -13 1 -13 0 0 1 -13 1 -13 1 -13 0 -12 1 -12 0 -13 0 -13 0 -13 0 -12 -1 -12 -1 -13 -2 -13 -2 -13 -2 -13 -2 -13 -2 -13 -2 -13 -2 -13 -2 -13 -2 -13 -3 -13 -3 -13 -3 -13 -4 -13 -4 -14 -4 -13 0 0 0 0 0 0 0 0 0 0]"
"1769237489773014,CSI_DATA,STATION,00:00:00:00:00:00,0,0,0,0,0,0,0,0,0,0,0,0,0,0,0,0,0,0,0,0,0,128,[84 -64 4 0 0 0 0 0 0 0 0 0 13 5 14 6 12 6 13 7 12 7 12 8 12 7 12 8 11 8 10 9 11 8 10 8 10 9 10 9 10 9 9 8 10 8 9 8 9 9 9 9 9 8 9 8 8 8 9 8 9 8 9 7 0 0 9 7 8 7 9 7 9 6 10 7 10 6 9 6 10 6 10 5 10 5 10 5 10 5 11 5 11 5 10 4 11 5 11 4 12 4 11 3 12 4 12 4 12 4 12 4 12 4 12 3 13 3 0 0 0 0 0 0 0 0 0 0]"
"1769237489777343,CSI_DATA,STATION,00:00:00:00:00:00,0,0,0,0,0,0,0,0,0,0,0,0,0,0,0,0,0,0,0,0,0,128,[84 -64 4 0 0 0 0 0 0 0 0 0 2 14 1 14 0 14 0 14 0 14 -1 14 -1 14 -2 14 -2 14 -2 14 -2 13 -2 13 -3 13 -3 13 -3 12 -3 12 -3 13 -4 12 -3 13 -3 12 -3 12 -3 12 -3 12 -3 12 -2 11 -2 11 0 0 -2 11 -2 11 -1 11 -2 11 -1 11 -1 11 -1 11 -1 11 -1 11 0 11 0 11 0 11 0 12 1 11 1 12 1 12 1 12 1 12 1 12 1 12 2 12 2 12 2 12 3 12 2 12 2 13 0 0 0 0 0 0 0 0 0 0]"
"1769237489783819,CSI_DATA,STATION,00:00:00:00:00:00,0,0,0,0,0,0,0,0,0,0,0,0,0,0,0,0,0,0,0,0,0,128,[84 -64 4 0 0 0 0 0 0 0 0 0 -7 -13 -6 -13 -6 -14 -5 -14 -5 -15 -5 -14 -4 -14 -4 -14 -4 -14 -3 -15 -3 -14 -3 -14 -2 -14 -2 -13 -2 -14 -3 -14 -2 -13 -2 -13 -2 -13 -2 -13 -2 -13 -2 -13 -2 -13 -2 -12 -2 -12 -2 -12 0 0 -3 -12 -4 -12 -3 -12 -3 -12 -4 -12 -4 -12 -4 -12 -5 -12 -4 -11 -5 -11 -5 -12 -5 -12 -6 -11 -5 -11 -6 -12 -6 -11 -7 -12 -7 -12 -7 -12 -7 -11 -7 -12 -7 -12 -8 -13 -8 -12 -8 -12 -7 -12 0 0 0 0 0 0 0 0 0 0]"
"1769237489788165,CSI_DATA,STATION,00:00:00:00:00:00,0,0,0,0,0,0,0,0,0,0,0,0,0,0,0,0,0,0,0,0,0,128,[84 -64 4 0 0 0 0 0 0 0 0 0 8 11 8 12 7 11 7 12 6 12 6 12 6 12 5 13 5 12 5 13 4 12 4 12 4 12 4 12 4 13 3 12 3 11 4 11 3 12 3 12 4 11 4 11 3 11 4 11 4 11 4 11 0 0 4 10 4 10 5 10 4 10 5 10 5 10 5 10 6 10 5 9 6 9 6 9 6 10 7 10 7 9 7 9 7 9 8 9 8 9 8 9 8 9 8 8 8 9 9 9 9 9 9 9 9 9 0 0 0 0 0 0 0 0 0 0]"
"1769237489792491,CSI_DATA,STATION,00:00:00:00:00:00,0,0,0,0,0,0,0,0,0,0,0,0,0,0,0,0,0,0,0,0,0,128,[84 -64 4 0 0 0 0 0 0 0 0 0 -11 7 -11 6 -12 6 -12 5 -12 5 -12 5 -12 5 -12 4 -12 4 -13 3 -12 4 -12 3 -12 3 -12 3 -12 2 -12 3 -12 2 -11 2 -12 2 -12 2 -11 2 -11 2 -11 2 -11 2 -11 3 -11 3 0 0 -10 3 -11 3 -10 3 -11 3 -10 3 -10 3 -10 3 -10 4 -10 4 -10 4 -10 5 -10 4 -10 5 -10 5 -10 5 -10 6 -10 5 -10 6 -10 6 -10 6 -10 6 -10 7 -10 7 -10 7 -11 7 -10 7 0 0 0 0 0 0 0 0 0 0]"
"1769237489798971,CSI_DATA,STATION,00:00:00:00:00:00,0,0,0,0,0,0,0,0,0,0,0,0,0,0,0,0,0,0,0,0,0,128,[84 -64 4 0 0 0 0 0 0 0 0 0 -6 12 -7 13 -7 12 -8 12 -8 12 -8 11 -8 11 -9 11 -9 10 -10 10 -9 10 -10 10 -9 10 -9 10 -10 9 -10 9 -9 9 -9 9 -9 9 -10 8 -10 8 -9 8 -9 9 -9 8 -9 8 -8 8 0 0 -8 9 -8 9 -8 9 -8 9 -8 9 -8 9 -7 9 -7 9 -7 10 -7 10 -7 10 -7 10 -7 10 -6 11 -7 10 -6 11 -6 11 -6 11 -6 11 -6 11 -6 12 -6 12 -6 12 -5 12 -6 12 -6 12 0 0 0 0 0 0 0 0 0 0]"
"1769237489803319,CSI_DATA,STATION,00:00:00:00:00:00,0,0,0,0,0,0,0,0,0,0,0,0,0,0,0,0,0,0,0,0,0,128,[84 -64 4 0 0 0 0 0 0 0 0 0 2 13 1 13 0 13 0 14 0 13 -1 14 -1 14 -2 13 -2 13 -2 13 -2 13 -3 13 -3 13 -3 13 -3 12 -4 12 -3 12 -4 12 -3 12 -4 12 -4 12 -3 11 -3 11 -3 11 -3 11 -3 11 0 0 -3 11 -2 11 -2 11 -2 11 -2 12 -2 11 -1 11 -1 11 -1 11 -1 11 -1 12 -1 12 -1 12 -1 12 0 12 0 12 0 12 0 12 0 13 0 13 0 13 0 13 1 13 1 13 1 13 1 13 0 0 0 0 0 0 0 0 0 0]"
"1769237489807643,CSI_DATA,STATION,00:00:00:00:00:00,0,0,0,0,0,0,0,0,0,0,0,0,0,0,0,0,0,0,0,0,0,128,[84 -64 4 0 0 0 0 0 0 0 0 0 -13 5 -14 4 -14 4 -15 3 -14 3 -15 3 -14 3 -14 2 -14 1 -15 1 -14 1 -14 2 -14 1 -14 1 -14 0 -14 1 -13 0 -12 0 -13 0 -13 0 -13 0 -13 0 -13 1 -13 1 -12 1 -13 1 0 0 -12 2 -12 2 -12 1 -12 2 -12 2 -12 2 -12 3 -12 3 -12 3 -12 3 -12 4 -12 4 -12 4 -12 4 -12 4 -13 5 -12 4 -12 5 -12 5 -12 5 -12 6 -12 5 -12 6 -12 6 -12 6 -12 7 0 0 0 0 0 0 0 0 0 0]"
"1769237489814181,CSI_DATA,STATION,00:00:00:00:00:00,0,0,0,0,0,0,0,0,0,0,0,0,0,0,0,0,0,0,0,0,0,128,[84 -64 4 0 0 0 0 0 0 0 0 0 3 11 3 12 2 11 2 12 2 12 1 12 1 12 0 12 0 12 0 12 0 12 0 12 0 11 0 11 -1 11 0 11 -1 11 -1 11 -1 11 -1 11 -1 11 -1 10 -1 11 -1 11 -1 10 0 11 0 0 0 10 0 10 0 10 0 10 1 10 1 10 1 10 1 10 1 10 1 10 1 10 2 10 2 10 2 10 2 10 2 10 2 10 3 11 3 11 3 10 3 11 3 11 3 11 4 11 3 11 3 11 0 0 0 0 0 0 0 0 0 0]"
"1769237489818512,CSI_DATA,STATION,00:00:00:00:00:00,0,0,0,0,0,0,0,0,0,0,0,0,0,0,0,0,0,0,0,0,0,128,[84 -64 4 0 0 0 0 0 0 0 0 0 -5 -12 -4 -12 -4 -12 -4 -13 -4 -13 -3 -13 -2 -13 -2 -13 -2 -13 -2 -13 -2 -13 -1 -13 -1 -12 -1 -13 -1 -13 -1 -12 -1 -12 -1 -12 -1 -12 -1 -12 -1 -11 -1 -12 -1 -12 -1 -11 -2 -11 -2 -11 0 0 -2 -11 -2 -11 -2 -11 -2 -11 -2 -11 -3 -11 -3 -11 -3 -11 -3 -11 -3 -11 -4 -11 -4 -11 -4 -11 -4 -11 -4 -11 -4 -11 -5 -11 -5 -11 -5 -11 -5 -12 -5 -12 -5 -11 -5 -12 -6 -12 -6 -11 -6 -11 0 0 0 0 0 0 0 0 0 0]"
"1769237489825007,CSI_DATA,STATION,00:00:00:00:00:00,0,0,0,0,0,0,0,0,0,0,0,0,0,0,0,0,0,0,0,0,0,128,[84 -64 4 0 0 0 0 0 0 0 0 0 0 -14 0 -15 1 -15 1 -14 2 -14 2 -15 2 -14 3 -14 3 -14 4 -13 3 -14 4 -13 4 -13 4 -13 4 -13 4 -13 4 -13 4 -13 4 -12 5 -12 5 -12 4 -12 4 -12 3 -12 3 -12 4 -12 0 0 3 -12 3 -11 3 -11 3 -12 3 -12 2 -12 2 -12 2 -12 2 -12 2 -13 2 -12 1 -12 1 -13 1 -13 1 -13 1 -13 1 -13 1 -13 1 -14 1 -14 1 -14 1 -13 0 -13 0 -14 0 -14 0 -14 0 0 0 0 0 0 0 0 0 0]"
"1769237489829322,CSI_DATA,STATION,00:00:00:00:00:00,0,0,0,0,0,0,0,0,0,0,0,0,0,0,0,0,0,0,0,0,0,128,[84 -64 4 0 0 0 0 0 0 0 0 0 -15 7 -15 7 -14 6 -15 5 -15 5 -15 5 -15 4 -16 3 -15 3 -16 3 -15 3 -15 3 -15 2 -15 2 -15 1 -15 2 -14 2 -14 1 -15 1 -15 1 -14 1 -14 1 -14 1 -14 1 -14 2 -14 2 0 0 -13 2 -13 2 -13 3 -13 2 -13 3 -13 2 -13 3 -14 3 -13 3 -13 4 -13 4 -13 4 -13 5 -13 5 -14 5 -14 6 -13 5 -14 6 -14 5 -14 5 -14 5 -14 6 -14 6 -14 7 -14 7 -14 7 0 0 0 0 0 0 0 0 0 0]"
"1769237489833651,CSI_DATA,STATION,00:00:00:00:00:00,0,0,0,0,0,0,0,0,0,0,0,0,0,0,0,0,0,0,0,0,0,128,[84 -64 4 0 0 0 0 0 0 0 0 0 8 9 8 9 7 9 7 10 7 10 6 10 6 10 6 10 5 11 5 11 5 10 5 10 5 10 5 10 4 11 4 10 4 10 4 10 4 10 4 11 4 10 4 10 4 10 4 10 4 10 4 10 0 0 4 9 4 9 5 9 4 9 5 9 5 9 5 9 5 9 5 8 6 9 6 8 6 9 6 8 7 8 6 9 7 8 7 8 7 8 7 8 7 8 8 8 8 8 8 8 8 8 8 8 8 8 0 0 0 0 0 0 0 0 0 0]"
"1769237489840141,CSI_DATA,STATION,00:00:00:00:00:00,0,0,0,0,0,0,0,0,0,0,0,0,0,0,0,0,0,0,0,0,0,128,[84 -64 4 0 0 0 0 0 0 0 0 0 5 -11 5 -12 5 -11 5 -11 6 -11 6 -11 6 -11 7 -11 7 -10 8 -10 7 -10 7 -10 7 -9 7 -9 8 -9 8 -9 7 -9 7 -9 8 -9 8 -9 7 -9 7 -9 7 -9 7 -9 7 -8 7 -9 0 0 6 -9 6 -9 6 -9 6 -9 6 -9 6 -9 6 -9 5 -9 5 -9 5 -10 5 -10 5 -10 5 -10 5 -10 4 -11 4 -11 4 -11 4 -11 4 -11 4 -11 4 -11 4 -11 4 -11 3 -11 4 -12 3 -12 0 0 0 0 0 0 0 0 0 0]"
"1769237489844482,CSI_DATA,STATION,00:00:00:00:00:00,0,0,0,0,0,0,0,0,0,0,0,0,0,0,0,0,0,0,0,0,0,128,[84 -64 4 0 0 0 0 0 0 0 0 0 -5 -14 -4 -14 -4 -14 -4 -14 -3 -14 -3 -14 -2 -14 -2 -15 -2 -15 -2 -14 -1 -15 -1 -15 -1 -14 -1 -14 0 -14 -1 -14 0 -14 0 -13 0 -14 0 -13 0 -13 0 -13 0 -13 0 -13 0 -13 -1 -13 0 0 -1 -13 -1 -12 -2 -12 -2 -13 -1 -12 -2 -12 -2 -13 -2 -12 -2 -13 -2 -12 -3 -12 -3 -13 -3 -12 -3 -13 -4 -13 -4 -13 -4 -13 -4 -13 -4 -13 -4 -13 -5 -13 -5 -13 -5 -13 -5 -13 -5 -13 -5 -13 0 0 0 0 0 0 0 0 0 0]"
"1769237489848806,CSI_DATA,STATION,00:00:00:00:00:00,0,0,0,0,0,0,0,0,0,0,0,0,0,0,0,0,0,0,0,0,0,128,[84 -64 4 0 0 0 0 0 0 0 0 0 -9 11 -10 10 -10 10 -10 9 -10 9 -11 9 -10 8 -11 8 -12 8 -12 7 -12 7 -11 7 -12 7 -12 6 -12 6 -12 7 -11 6 -11 6 -11 6 -12 6 -11 6 -11 6 -11 6 -11 6 -11 5 -11 6 0 0 -11 6 -11 6 -10 6 -10 6 -10 6 -10 6 -10 7 -10 7 -9 7 -10 8 -10 8 -10 7 -9 8 -9 8 -9 8 -9 9 -9 8 -9 9 -9 9 -10 9 -9 10 -9 10 -9 9 -9 10 -9 10 -9 10 0 0 0 0 0 0 0 0 0 0]"
"1769237489855433,CSI_DATA,STATION,00:00:00:00:00:00,0,0,0,0,0,0,0,0,0,0,0,0,0,0,0,0,0,0,0,0,0,128,[84 -64 4 0 0 0 0 0 0 0 0 0 -1 -14 0 -15 0 -15 1 -15 1 -14 2 -15 2 -14 3 -15 3 -14 3 -14 3 -14 4 -13 4 -13 3 -13 4 -13 3 -13 4 -13 4 -13 4 -13 4 -12 4 -12 3 -13 4 -12 4 -12 3 -12 3 -13 0 0 3 -12 2 -12 2 -12 1 -12 2 -13 1 -12 2 -12 2 -13 1 -12 1 -13 1 -13 1 -13 0 -13 0 -13 0 -13 0 -13 -1 -13 -1 -14 -1 -14 0 -14 -1 -14 -1 -14 -1 -14 -1 -14 -2 -14 -1 -14 0 0 0 0 0 0 0 0 0 0]"
"1769237489859789,CSI_DATA,STATION,00:00:00:00:00:00,0,0,0,0,0,0,0,0,0,0,0,0,0,0,0,0,0,0,0,0,0,128,[84 -64 4 0 0 0 0 0 0 0 0 0 6 12 6 12 5 13 5 12 4 13 4 12 4 13 3 13 3 13 3 13 3 13 3 13 2 13 2 12 1 13 1 13 1 12 1 13 1 12 1 13 1 12 1 12 1 12 1 12 2 12 2 12 0 0 2 11 2 12 2 11 2 11 2 11 3 11 2 11 3 11 3 11 3 11 4 11 4 11 4 11 4 11 4 11 4 11 5 11 5 11 5 11 5 11 5 12 5 11 5 11 6 11 6 12 6 11 0 0 0 0 0 0 0 0 0 0]"
"1769237489866360,CSI_DATA,STATION,00:00:00:00:00:00,0,0,0,0,0,0,0,0,0,0,0,0,0,0,0,0,0,0,0,0,0,128,[84 -64 4 0 0 0 0 0 0 0 0 0 13 -3 13 -2 13 -1 13 -1 14 -1 13 0 14 0 14 0 14 1 14 1 13 0 13 1 13 2 13 1 13 2 13 1 12 2 12 2 13 2 12 2 12 2 12 2 12 2 12 2 12 1 12 1 0 0 12 1 12 0 11 0 12 0 11 0 12 0 12 0 11 0 12 0 12 -1 12 -2 12 -1 12 -2 12 -1 12 -2 12 -2 12 -3 13 -3 12 -2 12 -3 13 -3 13 -2 13 -3 13 -3 13 -4 13 -4 0 0 0 0 0 0 0 0 0 0]"
"1769237489870715,CSI_DATA,STATION,00:00:00:00:00:00,0,0,0,0,0,0,0,0,0,0,0,0,0,0,0,0,0,0,0,0,0,128,[84 -64 4 0 0 0 0 0 0 0 0 0 6 10 6 10 5 11 5 11 5 11 5 11 4 11 4 12 4 12 3 11 3 11 2 12 2 11 2 11 2 12 2 11 2 11 2 11 2 11 2 11 2 11 2 10 2 11 2 10 2 10 2 11 0 0 2 10 3 10 3 10 3 10 3 10 3 10 3 10 4 10 3 9 4 10 4 10 4 10 4 10 5 10 4 10 5 10 5 9 5 10 6 10 6 10 6 10 6 10 6 10 6 10 6 10 6 10 0 0 0 0 0 0 0 0 0 0]"
"1769237489879411,CSI_DATA,STATION,00:00:00:00:00:00,0,0,0,0,0,0,0,0,0,0,0,0,0,0,0,0,0,0,0,0,0,128,[84 -64 4 0 0 0 0 0 0 0 0 0 -14 4 -14 4 -14 3 -15 2 -14 2 -15 2 -14 2 -15 1 -14 1 -14 1 -15 1 -14 0 -14 0 -14 0 -14 -1 -13 -1 -14 0 -14 -1 -14 -1 -13 -1 -13 -1 -13 -1 -13 -1 -13 -1 -13 -1 -13 0 0 0 -13 0 -12 0 -13 0 -13 1 -13 1 -12 1 -13 1 -13 1 -13 1 -13 2 -13 2 -13 2 -13 2 -13 2 -13 2 -13 3 -13 2 -14 3 -14 3 -13 3 -14 3 -14 3 -14 3 -14 4 -14 4 -14 4 0 0 0 0 0 0 0 0 0 0]"
"1769237489885977,CSI_DATA,STATION,00:00:00:00:00:00,0,0,0,0,0,0,0,0,0,0,0,0,0,0,0,0,0,0,0,0,0,128,[84 -64 4 0 0 0 0 0 0 0 0 0 11 -3 11 -2 11 -1 11 -2 11 -1 10 -1 11 -1 11 0 11 0 11 1 11 0 11 1 10 1 10 1 10 1 11 1 10 1 10 1 10 1 11 1 10 1 9 1 10 1 10 1 10 0 10 0 0 0 9 0 10 0 9 -1 10 -1 10 0 10 -1 10 -1 9 -1 10 -2 9 -1 9 -2 10 -2 10 -2 10 -2 10 -3 10 -3 10 -3 10 -4 10 -3 10 -4 10 -4 10 -4 11 -4 10 -4 11 -4 11 -4 0 0 0 0 0 0 0 0 0 0]"
"1769237489892520,CSI_DATA,STATION,00:00:00:00:00:00,0,0,0,0,0,0,0,0,0,0,0,0,0,0,0,0,0,0,0,0,0,128,[84 -64 4 0 0 0 0 0 0 0 0 0 10 -10 10 -10 10 -10 11 -9 11 -9 11 -9 11 -8 12 -8 12 -8 12 -7 12 -8 12 -7 12 -7 12 -7 12 -7 12 -7 12 -7 11 -7 11 -6 12 -6 11 -6 11 -6 11 -6 11 -7 11 -6 11 -7 0 0 10 -7 10 -7 10 -7 10 -7 10 -8 10 -8 10 -7 10 -8 10 -9 9 -9 9 -9 9 -9 9 -9 9 -9 9 -10 9 -10 9 -11 9 -11 9 -11 9 -11 9 -11 9 -11 9 -11 9 -12 9 -12 9 -12 0 0 0 0 0 0 0 0 0 0]"
"1769237489896878,CSI_DATA,STATION,00:00:00:00:00:00,0,0,0,0,0,0,0,0,0,0,0,0,0,0,0,0,0,0,0,0,0,128,[84 -64 4 0 0 0 0 0 0 0 0 0 8 8 8 8 8 8 7 8 7 9 7 9 7 9 7 9 6 9 6 9 6 9 5 9 5 10 5 9 5 10 5 9 5 9 5 9 5 9 5 9 5 9 5 9 5 9 5 9 5 9 5 8 0 0 5 8 5 8 5 8 5 8 6 8 6 8 6 7 6 8 6 7 7 7 6 7 7 7 7 7 7 7 7 7 7 7 8 7 8 7 8 7 8 7 8 7 8 7 8 7 8 7 9 7 9 7 0 0 0 0 0 0 0 0 0 0]"
"1769237489901207,CSI_DATA,STATION,00:00:00:00:00:00,0,0,0,0,0,0,0,0,0,0,0,0,0,0,0,0,0,0,0,0,0,128,[84 -64 4 0 0 0 0 0 0 0 0 0 -14 -3 -14 -4 -13 -4 -13 -4 -13 -5 -13 -5 -13 -5 -13 -6 -12 -6 -12 -7 -12 -6 -12 -6 -12 -7 -12 -6 -12 -7 -12 -7 -12 -7 -12 -6 -11 -7 -11 -7 -11 -7 -11 -7 -11 -7 -11 -6 -11 -6 -11 -5 0 0 -11 -5 -11 -5 -11 -5 -11 -5 -12 -5 -11 -5 -11 -5 -12 -4 -11 -4 -12 -4 -12 -3 -12 -4 -12 -3 -13 -3 -12 -3 -13 -3 -13 -3 -13 -3 -13 -2 -13 -3 -13 -3 -13 -2 -13 -2 -14 -2 -14 -2 -14 -1 0 0 0 0 0 0 0 0 0 0]"
"1769237489907701,CSI_DATA,STATION,00:00:00:00:00:00,0,0,0,0,0,0,0,0,0,0,0,0,0,0,0,0,0,0,0,0,0,128,[84 -64 4 0 0 0 0 0 0 0 0 0 9 7 9 7 8 7 8 8 8 8 8 8 7 8 7 9 7 9 7 9 7 9 6 9 6 9 6 9 6 10 6 9 6 9 6 8 6 9 6 9 5 9 6 9 5 8 6 9 5 8 5 8 0 0 6 8 5 8 6 8 6 7 6 7 6 8 6 7 7 7 7 7 7 7 7 7 7 7 7 7 8 7 8 7 8 7 8 6 9 6 9 6 8 6 9 6 8 7 9 7 9 6 9 6 9 6 0 0 0 0 0 0 0 0 0 0]"
"1769237489912005,CSI_DATA,STATION,00:00:00:00:00:00,0,0,0,0,0,0,0,0,0,0,0,0,0,0,0,0,0,0,0,0,0,128,[84 -64 4 0 0 0 0 0 0 0 0 0 -7 13 -7 13 -8 13 -8 13 -8 12 -9 13 -9 12 -10 12 -10 11 -10 11 -10 11 -10 11 -11 10 -11 10 -11 10 -10 10 -11 10 -10 10 -11 10 -11 9 -10 9 -10 9 -10 9 -10 9 -9 9 -10 9 0 0 -10 9 -9 9 -9 10 -9 9 -9 10 -9 9 -9 10 -9 10 -8 10 -8 10 -8 11 -8 11 -8 11 -7 11 -8 11 -8 12 -7 12 -8 12 -7 12 -7 12 -8 12 -7 12 -7 12 -8 13 -8 13 -7 13 0 0 0 0 0 0 0 0 0 0]"
"1769237489916336,CSI_DATA,STATION,00:00:00:00:00:00,0,0,0,0,0,0,0,0,0,0,0,0,0,0,0,0,0,0,0,0,0,128,[84 -64 4 0 0 0 0 0 0 0 0 0 12 -4 12 -3 12 -3 12 -2 12 -2 13 -2 12 -1 12 -1 12 -1 12 0 12 -1 11 0 12 0 12 0 12 1 11 0 11 1 11 1 11 1 11 1 11 1 11 1 11 0 11 1 10 0 11 0 0 0 11 0 10 -1 10 0 10 -1 11 -1 11 -1 10 -1 10 -1 10 -1 10 -2 10 -2 10 -2 10 -2 11 -2 11 -3 11 -3 11 -3 11 -3 11 -3 10 -3 11 -3 11 -3 11 -3 11 -3 11 -4 11 -4 0 0 0 0 0 0 0 0 0 0]"
"1769237489922835,CSI_DATA,STATION,00:00:00:00:00:00,0,0,0,0,0,0,0,0,0,0,0,0,0,0,0,0,0,0,0,0,0,128,[84 -64 4 0 0 0 0 0 0 0 0 0 4 13 3 13 3 14 3 14 2 13 2 14 1 14 1 13 1 14 0 14 0 13 0 13 -1 13 0 13 -1 13 0 13 -1 13 -1 12 -1 13 -1 12 -1 12 0 12 -1 12 -1 12 -1 12 -1 12 0 0 0 12 1 11 1 11 0 12 1 12 1 11 1 12 1 11 1 11 1 11 2 11 2 12 2 12 2 12 3 12 3 12 3 12 3 12 3 12 3 12 3 12 4 12 4 12 4 12 4 13 4 13 0 0 0 0 0 0 0 0 0 0]"
"1769237489927207,CSI_DATA,STATION,00:00:00:00:00:00,0,0,0,0,0,0,0,0,0,0,0,0,0,0,0,0,0,0,0,0,0,128,[84 -64 4 0 0 0 0 0 0 0 0 0 -3 -15 -3 -15 -2 -15 -2 -15 -1 -15 -1 -15 0 -15 0 -15 1 -15 1 -15 1 -15 2 -15 2 -14 2 -14 2 -14 2 -14 2 -14 2 -13 2 -14 2 -13 2 -13 2 -13 2 -13 2 -13 1 -13 1 -13 0 0 2 -12 1 -12 1 -12 0 -12 1 -13 1 -12 0 -12 0 -13 0 -12 0 -13 0 -13 -1 -13 -1 -13 -1 -13 -1 -13 -1 -13 -2 -13 -2 -14 -1 -14 -2 -14 -2 -14 -2 -13 -2 -13 -2 -14 -3 -14 -2 -14 0 0 0 0 0 0 0 0 0 0]"
"1769237489933671,CSI_DATA,STATION,00:00:00:00:00:00,0,0,0,0,0,0,0,0,0,0,0,0,0,0,0,0,0,0,0,0,0,128,[84 -64 4 0 0 0 0 0 0 0 0 0 9 -11 10 -11 10 -10 11 -10 11 -10 11 -9 11 -9 12 -8 12 -8 12 -8 12 -8 12 -7 12 -7 12 -7 12 -6 12 -7 11 -7 12 -7 11 -6 11 -6 11 -6 11 -6 11 -6 11 -6 11 -6 10 -6 0 0 10 -7 10 -6 10 -6 10 -6 9 -7 10 -7 9 -7 9 -8 9 -8 9 -8 9 -8 9 -8 9 -8 9 -8 9 -9 9 -9 9 -10 9 -9 9 -10 9 -9 9 -10 9 -10 9 -10 9 -10 9 -10 9 -10 0 0 0 0 0 0 0 0 0 0]"
"1769237489938006,CSI_DATA,STATION,00:00:00:00:00:00,0,0,0,0,0,0,0,0,0,0,0,0,0,0,0,0,0,0,0,0,0,128,[84 -64 4 0 0 0 0 0 0 0 0 0 4 -12 5 -13 5 -12 5 -12 6 -12 6 -12 6 -11 7 -12 7 -11 7 -11 7 -11 7 -10 7 -11 7 -10 8 -9 7 -9 7 -10 7 -10 7 -9 8 -9 7 -9 7 -9 7 -9 7 -9 7 -9 7 -9 0 0 6 -9 6 -9 6 -9 6 -9 5 -10 5 -9 5 -9 5 -10 5 -10 5 -10 5 -10 5 -10 4 -10 5 -10 4 -11 4 -11 4 -11 4 -11 4 -11 4 -11 4 -11 4 -11 4 -11 4 -12 4 -12 4 -12 0 0 0 0 0 0 0 0 0 0]"
"1769237489942338,CSI_DATA,STATION,00:00:00:00:00:00,0,0,0,0,0,0,0,0,0,0,0,0,0,0,0,0,0,0,0,0,0,128,[84 -64 4 0 0 0 0 0 0 0 0 0 -6 -14 -6 -14 -5 -14 -5 -14 -5 -15 -4 -15 -4 -14 -3 -15 -3 -14 -3 -15 -2 -15 -2 -15 -2 -14 -1 -14 -2 -14 -2 -14 -1 -13 -1 -14 -1 -14 -1 -14 -1 -13 -2 -13 -1 -13 -1 -13 -2 -12 -2 -12 0 0 -2 -12 -2 -12 -2 -12 -3 -12 -3 -12 -3 -12 -3 -12 -4 -12 -4 -12 -3 -12 -4 -12 -4 -12 -4 -11 -4 -12 -5 -12 -5 -12 -5 -12 -6 -12 -6 -12 -6 -12 -6 -12 -6 -12 -6 -13 -6 -12 -7 -12 -6 -12 0 0 0 0 0 0 0 0 0 0]"
"1769237489948781,CSI_DATA,STATION,00:00:00:00:00:00,0,0,0,0,0,0,0,0,0,0,0,0,0,0,0,0,0,0,0,0,0,128,[84 -64 4 0 0 0 0 0 0 0 0 0 11 -9 11 -9 11 -9 12 -8 12 -8 12 -8 12 -7 12 -7 13 -7 13 -6 12 -6 12 -6 12 -5 12 -5 12 -5 12 -6 11 -5 11 -5 12 -5 12 -5 11 -4 11 -4 11 -5 11 -5 11 -5 10 -5 0 0 10 -5 10 -5 10 -5 10 -6 10 -5 10 -6 10 -6 9 -6 9 -7 9 -7 9 -7 9 -7 9 -8 9 -7 9 -8 9 -9 9 -8 9 -9 9 -9 9 -9 9 -9 9 -9 9 -9 8 -10 8 -10 9 -10 0 0 0 0 0 0 0 0 0 0]"
"1769237489953608,CSI_DATA,STATION,00:00:00:00:00:00,0,0,0,0,0,0,0,0,0,0,0,0,0,0,0,0,0,0,0,0,0,128,[84 -64 4 0 0 0 0 0 0 0 0 0 7 -13 7 -13 7 -13 8 -12 8 -12 8 -11 9 -11 9 -11 9 -11 9 -10 9 -10 9 -10 9 -10 9 -10 9 -9 9 -9 9 -9 9 -10 9 -9 9 -9 8 -9 8 -9 8 -9 8 -9 8 -8 7 -9 0 0 7 -9 7 -9 7 -9 6 -9 6 -9 6 -9 6 -10 6 -10 6 -10 6 -10 6 -10 5 -10 5 -10 5 -11 5 -11 5 -11 4 -12 5 -12 5 -12 4 -12 4 -12 4 -12 4 -12 4 -12 4 -13 4 -13 0 0 0 0 0 0 0 0 0 0]"
"1769237489957952,CSI_DATA,STATION,00:00:00:00:00:00,0,0,0,0,0,0,0,0,0,0,0,0,0,0,0,0,0,0,0,0,0,128,[84 -64 4 0 0 0 0 0 0 0 0 0 -13 6 -13 6 -13 5 -14 5 -13 4 -14 4 -14 4 -14 3 -14 3 -14 3 -14 3 -14 3 -13 2 -14 2 -14 2 -13 2 -13 1 -13 1 -13 1 -13 1 -12 1 -12 1 -12 1 -12 1 -12 2 -12 2 0 0 -11 2 -11 2 -11 2 -11 3 -11 2 -11 3 -11 3 -11 3 -11 3 -11 4 -11 4 -11 4 -11 4 -11 4 -10 5 -11 5 -11 5 -11 5 -11 5 -11 5 -11 6 -11 6 -11 6 -10 7 -11 6 -11 6 0 0 0 0 0 0 0 0 0 0]"
"1769237489964409,CSI_DATA,STATION,00:00:00:00:00:00,0,0,0,0,0,0,0,0,0,0,0,0,0,0,0,0,0,0,0,0,0,128,[84 -64 4 0 0 0 0 0 0 0 0 0 -6 -15 -6 -15 -5 -15 -5 -15 -4 -16 -4 -16 -3 -15 -3 -15 -3 -15 -2 -16 -2 -16 -1 -15 -1 -15 -1 -15 -1 -15 -2 -15 -1 -14 -1 -14 -1 -14 -1 -14 -1 -14 -1 -13 -1 -14 -1 -13 -1 -13 -2 -13 0 0 -2 -13 -2 -13 -2 -12 -2 -13 -3 -13 -3 -12 -3 -12 -4 -12 -4 -12 -4 -12 -4 -12 -4 -12 -5 -12 -5 -12 -5 -12 -5 -12 -5 -12 -6 -12 -6 -12 -6 -12 -7 -12 -6 -12 -6 -13 -7 -12 -7 -12 -7 -12 0 0 0 0 0 0 0 0 0 0]"
"1769237489968644,CSI_DATA,STATION,00:00:00:00:00:00,0,0,0,0,0,0,0,0,0,0,0,0,0,0,0,0,0,0,0,0,0,128,[84 -64 4 0 0 0 0 0 0 0 0 0 13 3 12 4 12 5 12 5 12 6 12 6 11 6 11 7 11 6 10 7 11 7 10 7 10 7 10 7 10 7 9 7 9 7 9 7 9 7 9 7 9 6 9 6 9 6 9 6 9 6 9 5 0 0 9 5 8 5 9 5 9 4 9 4 9 4 9 3 9 3 9 3 9 3 10 3 10 3 10 3 10 2 10 2 10 2 10 2 11 1 10 1 10 1 11 1 10 1 11 0 11 1 11 1 11 0 0 0 0 0 0 0 0 0 0 0]"
"1769237489975252,CSI_DATA,STATION,00:00:00:00:00:00,0,0,0,0,0,0,0,0,0,0,0,0,0,0,0,0,0,0,0,0,0,128,[84 -64 4 0 0 0 0 0 0 0 0 0 -11 -9 -11 -9 -11 -9 -10 -10 -10 -10 -10 -10 -9 -10 -8 -10 -8 -11 -8 -11 -8 -11 -8 -11 -8 -11 -8 -11 -7 -11 -7 -10 -7 -10 -7 -10 -7 -10 -7 -10 -7 -10 -7 -10 -7 -10 -7 -10 -7 -9 -7 -9 0 0 -7 -9 -7 -9 -7 -8 -7 -8 -7 -8 -7 -8 -7 -8 -8 -8 -8 -7 -8 -7 -8 -7 -8 -7 -8 -7 -8 -7 -9 -7 -9 -6 -9 -7 -9 -6 -9 -7 -9 -7 -10 -6 -10 -6 -10 -6 -10 -6 -10 -6 -10 -5 0 0 0 0 0 0 0 0 0 0]"
"1769237489979708,CSI_DATA,STATION,00:00:00:00:00:00,0,0,0,0,0,0,0,0,0,0,0,0,0,0,0,0,0,0,0,0,0,128,[84 -64 4 0 0 0 0 0 0 0 0 0 -8 12 -9 12 -9 11 -10 11 -9 11 -11 10 -10 10 -10 10 -11 9 -11 9 -11 10 -11 9 -11 9 -11 8 -11 8 -11 7 -11 8 -10 8 -11 7 -10 7 -10 7 -10 7 -10 7 -10 7 -9 7 -9 7 0 0 -9 8 -9 7 -9 8 -8 7 -8 7 -8 7 -7 8 -8 8 -7 8 -8 9 -7 9 -7 8 -7 9 -7 9 -7 9 -7 10 -6 10 -6 10 -6 10 -6 10 -6 11 -6 10 -6 10 -5 10 -5 11 -5 11 0 0 0 0 0 0 0 0 0 0]"
"1769237489984193,CSI_DATA,STATION,00:00:00:00:00:00,0,0,0,0,0,0,0,0,0,0,0,0,0,0,0,0,0,0,0,0,0,128,[84 -64 4 0 0 0 0 0 0 0 0 0 2 -15 3 -15 4 -14 4 -15 5 -14 5 -14 5 -14 5 -14 6 -14 6 -13 6 -13 6 -12 6 -13 6 -12 6 -12 6 -12 6 -12 6 -11 5 -11 6 -11 6 -11 5 -11 6 -11 6 -11 5 -10 5 -11 0 0 5 -11 4 -10 4 -10 4 -10 4 -11 3 -10 3 -11 3 -11 2 -11 3 -11 2 -11 2 -11 2 -11 2 -11 1 -12 1 -12 1 -12 1 -12 1 -12 0 -12 0 -13 1 -12 0 -12 0 -13 0 -13 0 -13 0 0 0 0 0 0 0 0 0 0]"
"1769237489988598,CSI_DATA,STATION,00:00:00:00:00:00,0,0,0,0,0,0,0,0,0,0,0,0,0,0,0,0,0,0,0,0,0,128,[84 -64 4 0 0 0 0 0 0 0 0 0 8 11 8 11 8 11 8 12 7 11 7 12 6 12 6 12 6 13 5 12 4 12 4 12 4 12 4 12 4 12 4 12 3 11 3 11 3 11 3 12 4 11 3 11 3 11 3 10 3 10 3 10 0 0 4 10 4 10 4 9 4 10 4 9 5 9 5 9 5 9 5 9 5 9 5 8 5 9 6 9 6 9 6 8 7 9 7 8 7 8 7 8 7 8 8 8 8 8 7 8 8 8 8 8 8 8 0 0 0 0 0 0 0 0 0 0]"
"1769237489995273,CSI_DATA,STATION,00:00:00:00:00:00,0,0,0,0,0,0,0,0,0,0,0,0,0,0,0,0,0,0,0,0,0,128,[84 -64 4 0 0 0 0 0 0 0 0 0 7 -13 7 -13 7 -13 8 -12 8 -12 9 -12 9 -11 9 -11 9 -11 10 -10 9 -10 9 -10 9 -10 10 -9 10 -9 9 -9 9 -8 9 -9 9 -8 9 -8 8 -8 9 -8 9 -8 8 -8 8 -8 8 -8 0 0 8 -8 7 -8 7 -8 7 -8 7 -9 7 -8 6 -9 6 -9 6 -9 6 -10 6 -9 6 -10 5 -10 5 -10 5 -10 5 -10 5 -10 5 -11 5 -11 4 -11 4 -11 4 -11 4 -11 4 -11 4 -12 4 -12 0 0 0 0 0 0 0 0 0 0]"
"1769237489999724,CSI_DATA,STATION,00:00:00:00:00:00,0,0,0,0,0,0,0,0,0,0,0,0,0,0,0,0,0,0,0,0,0,128,[84 -64 4 0 0 0 0 0 0 0 0 0 12 -8 12 -8 12 -6 13 -6 13 -5 13 -6 13 -5 13 -4 13 -4 13 -3 13 -4 13 -3 13 -3 12 -3 13 -3 12 -3 12 -3 12 -3 12 -2 12 -2 11 -3 11 -2 11 -3 11 -3 11 -3 11 -3 0 0 10 -3 10 -3 10 -4 10 -4 10 -4 10 -4 10 -4 9 -5 9 -5 9 -6 9 -5 9 -5 9 -6 9 -6 9 -6 9 -7 9 -7 9 -8 9 -8 9 -7 9 -8 9 -7 9 -7 9 -8 9 -9 9 -9 0 0 0 0 0 0 0 0 0 0]"
"1769237490006349,CSI_DATA,STATION,00:00:00:00:00:00,0,0,0,0,0,0,0,0,0,0,0,0,0,0,0,0,0,0,0,0,0,128,[84 -64 4 0 0 0 0 0 0 0 0 0 -9 -10 -9 -10 -9 -11 -9 -10 -8 -12 -8 -11 -7 -11 -7 -12 -6 -12 -7 -12 -6 -11 -6 -12 -6 -11 -5 -11 -5 -12 -5 -11 -5 -11 -5 -11 -5 -11 -5 -11 -5 -11 -5 -10 -5 -10 -5 -10 -5 -10 -5 -10 0 0 -5 -9 -5 -9 -6 -9 -6 -10 -6 -9 -6 -10 -6 -9 -6 -9 -7 -9 -7 -9 -7 -9 -7 -8 -7 -8 -7 -8 -8 -9 -8 -8 -8 -8 -8 -8 -8 -8 -8 -8 -9 -8 -9 -8 -9 -8 -9 -8 -9 -8 -9 -8 0 0 0 0 0 0 0 0 0 0]"
"1769237490010683,CSI_DATA,STATION,00:00:00:00:00:00,0,0,0,0,0,0,0,0,0,0,0,0,0,0,0,0,0,0,0,0,0,128,[84 -64 4 0 0 0 0 0 0 0 0 0 2 -15 3 -15 3 -15 4 -15 5 -14 5 -14 5 -13 6 -13 6 -13 6 -13 6 -13 6 -13 6 -12 6 -12 6 -12 6 -12 7 -11 6 -12 6 -11 6 -11 6 -11 6 -11 6 -11 6 -11 5 -10 5 -11 0 0 5 -10 5 -10 4 -11 4 -10 4 -11 4 -11 4 -11 3 -11 4 -11 3 -12 3 -12 3 -12 2 -12 3 -12 2 -12 2 -12 2 -12 2 -13 2 -13 2 -13 2 -13 2 -13 1 -13 1 -13 1 -13 1 -13 0 0 0 0 0 0 0 0 0 0]"
"1769237490015016,CSI_DATA,STATION,00:00:00:00:00:00,0,0,0,0,0,0,0,0,0,0,0,0,0,0,0,0,0,0,0,0,0,128,[84 -64 4 0 0 0 0 0 0 0 0 0 11 -6 12 -6 12 -4 12 -5 12 -4 12 -4 13 -4 12 -3 12 -3 12 -2 12 -2 12 -2 12 -2 11 -2 12 -2 11 -2 11 -1 11 -1 12 -1 11 -1 11 -2 10 -2 11 -2 10 -1 10 -1 10 -2 0 0 10 -2 10 -3 10 -3 10 -3 10 -3 10 -3 10 -3 10 -4 10 -4 9 -4 9 -4 10 -4 10 -4 10 -4 9 -5 10 -5 9 -5 10 -6 10 -5 10 -5 10 -6 9 -6 10 -6 10 -6 10 -6 10 -7 0 0 0 0 0 0 0 0 0 0]"
"1769237490019335,CSI_DATA,STATION,00:00:00:00:00:00,0,0,0,0,0,0,0,0,0,0,0,0,0,0,0,0,0,0,0,0,0,128,[84 -64 4 0 0 0 0 0 0 0 0 0 -10 11 -11 10 -12 10 -11 10 -12 9 -12 9 -12 8 -13 8 -12 8 -13 8 -13 7 -13 7 -13 6 -12 6 -13 5 -13 6 -12 6 -12 6 -12 5 -12 6 -12 5 -12 6 -12 6 -11 5 -12 5 -11 6 0 0 -11 6 -11 6 -10 6 -10 7 -10 6 -10 6 -10 7 -10 7 -10 8 -10 8 -9 8 -10 7 -10 8 -10 8 -10 9 -9 9 -9 9 -9 9 -9 10 -9 10 -9 10 -9 10 -10 10 -9 10 -9 10 -9 11 0 0 0 0 0 0 0 0 0 0]"
"1769237490025824,CSI_DATA,STATION,00:00:00:00:00:00,0,0,0,0,0,0,0,0,0,0,0,0,0,0,0,0,0,0,0,0,0,128,[84 -64 4 0 0 0 0 0 0 0 0 0 7 -11 8 -11 8 -10 8 -11 9 -10 9 -10 9 -9 10 -9 10 -9 10 -9 9 -9 10 -8 9 -8 10 -8 10 -7 10 -7 10 -8 10 -8 9 -7 10 -7 9 -7 9 -7 9 -7 9 -7 9 -7 9 -7 0 0 9 -7 8 -7 8 -7 8 -7 8 -8 8 -7 8 -8 8 -8 8 -8 7 -9 7 -9 7 -9 7 -9 7 -8 7 -9 7 -9 7 -10 7 -10 7 -10 7 -10 7 -10 7 -10 7 -10 7 -11 7 -11 7 -11 0 0 0 0 0 0 0 0 0 0]"
"1769237490040722,CSI_DATA,STATION,00:00:00:00:00:00,0,0,0,0,0,0,0,0,0,0,0,0,0,0,0,0,0,0,0,0,0,128,[84 -64 4 0 0 0 0 0 0 0 0 0 -8 -13 -8 -13 -7 -13 -7 -14 -6 -13 -6 -14 -6 -14 -5 -15 -5 -15 -4 -14 -5 -15 -5 -14 -4 -14 -4 -14 -4 -15 -3 -14 -3 -14 -3 -13 -3 -14 -3 -14 -3 -14 -3 -14 -3 -13 -3 -13 -3 -13 -3 -13 0 0 -3 -13 -4 -13 -4 -13 -4 -13 -4 -13 -4 -13 -5 -13 -5 -13 -5 -12 -5 -12 -6 -12 -6 -12 -6 -13 -6 -13 -6 -13 -6 -13 -6 -13 -7 -13 -7 -13 -7 -13 -7 -13 -7 -13 -7 -13 -8 -13 -8 -13 -8 -13 0 0 0 0 0 0 0 0 0 0]"
"1769237490045041,CSI_DATA,STATION,00:00:00:00:00:00,0,0,0,0,0,0,0,0,0,0,0,0,0,0,0,0,0,0,0,0,0,128,[84 -64 4 0 0 0 0 0 0 0 0 0 -15 4 -15 3 -15 3 -15 2 -15 2 -15 2 -15 1 -15 1 -15 1 -14 0 -15 0 -14 0 -14 -1 -14 -1 -15 -1 -14 -1 -14 -1 -13 -1 -14 -1 -14 -1 -14 -1 -13 -1 -13 -1 -13 -1 -13 -1 -13 -1 0 0 -13 0 -13 0 -13 0 -13 0 -13 0 -13 0 -13 0 -13 1 -13 1 -13 1 -13 2 -13 1 -13 1 -13 2 -13 2 -14 3 -14 2 -14 3 -14 3 -14 3 -14 3 -14 3 -14 3 -14 3 -14 4 -14 4 0 0 0 0 0 0 0 0 0 0]"
"1769237490051654,CSI_DATA,STATION,00:00:00:00:00:00,0,0,0,0,0,0,0,0,0,0,0,0,0,0,0,0,0,0,0,0,0,128,[84 -64 4 0 0 0 0 0 0 0 0 0 -13 -4 -13 -5 -13 -5 -13 -5 -12 -6 -12 -6 -12 -7 -12 -7 -12 -7 -12 -8 -11 -7 -11 -7 -11 -7 -11 -7 -11 -8 -10 -8 -11 -7 -11 -7 -11 -7 -10 -7 -10 -7 -10 -8 -10 -7 -11 -7 -10 -7 -10 -6 0 0 -10 -6 -10 -6 -10 -6 -10 -5 -11 -6 -10 -6 -10 -5 -11 -6 -11 -5 -11 -5 -11 -5 -12 -5 -11 -5 -12 -5 -11 -5 -12 -4 -12 -4 -12 -4 -12 -4 -12 -4 -13 -4 -13 -4 -13 -4 -13 -3 -13 -4 -13 -3 0 0 0 0 0 0 0 0 0 0]"
"1769237490056028,CSI_DATA,STATION,00:00:00:00:00:00,0,0,0,0,0,0,0,0,0,0,0,0,0,0,0,0,0,0,0,0,0,128,[84 -64 4 0 0 0 0 0 0 0 0 0 9 -11 10 -12 10 -10 10 -10 10 -10 11 -10 11 -9 11 -9 11 -9 12 -9 11 -9 11 -8 11 -8 11 -7 12 -8 11 -8 11 -7 10 -7 11 -7 11 -7 11 -7 11 -7 10 -7 10 -7 11 -7 10 -7 0 0 10 -8 10 -7 10 -8 10 -8 9 -8 10 -8 9 -8 9 -8 9 -9 9 -9 9 -9 9 -9 9 -9 9 -9 9 -10 8 -11 8 -10 9 -11 8 -11 8 -11 9 -11 8 -11 8 -11 8 -12 9 -12 9 -12 0 0 0 0 0 0 0 0 0 0]"
"1769237490060337,CSI_DATA,STATION,00:00:00:00:00:00,0,0,0,0,0,0,0,0,0,0,0,0,0,0,0,0,0,0,0,0,0,128,[84 -64 4 0 0 0 0 0 0 0 0 0 4 -14 5 -14 5 -14 5 -14 6 -14 6 -14 7 -13 7 -13 7 -13 8 -13 7 -13 7 -12 7 -12 7 -11 7 -11 8 -12 8 -12 8 -12 8 -11 8 -11 7 -11 8 -11 7 -12 7 -11 6 -11 7 -11 0 0 7 -11 6 -11 6 -11 5 -11 6 -12 6 -11 5 -11 5 -12 5 -12 5 -12 4 -12 4 -12 4 -12 4 -13 4 -13 4 -13 3 -13 4 -13 4 -13 3 -13 3 -14 4 -14 3 -14 3 -14 3 -15 3 -14 0 0 0 0 0 0 0 0 0 0]"
"1769237490066775,CSI_DATA,STATION,00:00:00:00:00:00,0,0,0,0,0,0,0,0,0,0,0,0,0,0,0,0,0,0,0,0,0,128,[84 -64 4 0 0 0 0 0 0 0 0 0 -8 -13 -8 -13 -7 -14 -7 -14 -7 -14 -6 -14 -5 -14 -5 -14 -4 -14 -5 -14 -4 -15 -4 -14 -3 -14 -4 -14 -4 -14 -3 -14 -3 -14 -2 -14 -3 -14 -2 -14 -3 -13 -3 -13 -3 -13 -3 -13 -3 -13 -3 -13 0 0 -3 -13 -3 -13 -4 -13 -4 -12 -4 -12 -4 -13 -4 -13 -5 -12 -5 -12 -4 -12 -5 -13 -5 -12 -5 -12 -5 -12 -5 -12 -6 -12 -6 -13 -6 -13 -6 -13 -6 -13 -7 -12 -7 -13 -7 -13 -7 -13 -7 -13 -7 -13 0 0 0 0 0 0 0 0 0 0]"
"1769237490071251,CSI_DATA,STATION,00:00:00:00:00:00,0,0,0,0,0,0,0,0,0,0,0,0,0,0,0,0,0,0,0,0,0,128,[84 -64 4 0 0 0 0 0 0 0 0 0 -9 12 -9 11 -9 10 -10 10 -10 10 -11 10 -11 10 -11 9 -11 9 -11 9 -11 9 -11 8 -12 8 -11 8 -12 7 -12 8 -11 7 -11 7 -11 7 -12 6 -11 6 -11 6 -11 7 -10 7 -10 7 -10 7 0 0 -10 7 -10 7 -10 7 -10 7 -10 7 -10 7 -10 7 -10 8 -9 8 -9 8 -9 9 -9 8 -9 9 -9 9 -9 9 -9 10 -9 10 -9 10 -9 10 -9 10 -9 10 -9 10 -9 10 -8 10 -9 11 -8 11 0 0 0 0 0 0 0 0 0 0]"
"1769237490077952,CSI_DATA,STATION,00:00:00:00:00:00,0,0,0,0,0,0,0,0,0,0,0,0,0,0,0,0,0,0,0,0,0,128,[84 -64 4 0 0 0 0 0 0 0 0 0 -6 -12 -5 -12 -5 -12 -5 -13 -5 -13 -4 -13 -4 -13 -3 -13 -3 -13 -3 -13 -3 -13 -2 -13 -2 -13 -2 -13 -2 -13 -2 -12 -2 -12 -2 -12 -2 -13 -2 -13 -1 -12 -2 -12 -1 -12 -2 -12 -2 -12 -2 -12 0 0 -2 -11 -2 -11 -3 -11 -3 -11 -3 -11 -3 -11 -3 -11 -3 -11 -4 -11 -4 -11 -4 -11 -4 -11 -5 -11 -5 -11 -5 -11 -5 -11 -5 -11 -6 -11 -5 -11 -5 -11 -6 -11 -6 -11 -6 -11 -6 -11 -7 -11 -6 -11 0 0 0 0 0 0 0 0 0 0]"
"1769237490082455,CSI_DATA,STATION,00:00:00:00:00:00,0,0,0,0,0,0,0,0,0,0,0,0,0,0,0,0,0,0,0,0,0,128,[84 -64 4 0 0 0 0 0 0 0 0 0 12 5 13 6 12 7 12 7 11 7 11 7 10 7 11 8 11 9 10 9 10 9 10 8 10 9 10 9 9 10 9 9 9 9 8 9 9 9 9 9 8 9 9 9 8 8 9 9 8 8 8 8 0 0 8 8 8 8 9 8 8 7 9 7 9 7 9 7 9 7 9 7 9 6 10 6 9 6 10 6 10 6 10 7 10 6 10 6 11 6 11 6 10 6 11 6 11 6 11 5 12 5 11 5 12 5 0 0 0 0 0 0 0 0 0 0]"
"1769237490086933,CSI_DATA,STATION,00:00:00:00:00:00,0,0,0,0,0,0,0,0,0,0,0,0,0,0,0,0,0,0,0,0,0,128,[84 -64 4 0 0 0 0 0 0 0 0 0 11 -10 11 -9 11 -9 11 -8 12 -8 12 -8 12 -7 12 -7 12 -7 13 -6 12 -6 12 -6 12 -6 12 -6 12 -5 12 -5 12 -5 12 -5 12 -5 12 -5 11 -5 12 -5 12 -5 11 -5 11 -5 11 -5 0 0 10 -5 11 -5 10 -5 11 -6 10 -5 10 -6 10 -6 10 -6 10 -6 10 -7 10 -7 10 -7 10 -7 10 -7 10 -7 10 -8 10 -8 9 -9 10 -8 10 -8 10 -8 9 -8 10 -9 10 -9 9 -9 9 -9 0 0 0 0 0 0 0 0 0 0]"
"1769237490093688,CSI_DATA,STATION,00:00:00:00:00:00,0,0,0,0,0,0,0,0,0,0,0,0,0,0,0,0,0,0,0,0,0,128,[84 -64 4 0 0 0 0 0 0 0 0 0 -7 -12 -6 -12 -6 -12 -6 -12 -5 -12 -5 -13 -4 -12 -4 -13 -4 -13 -4 -13 -3 -13 -3 -13 -3 -13 -3 -13 -2 -13 -3 -13 -2 -12 -2 -12 -2 -12 -3 -12 -3 -12 -2 -11 -2 -12 -2 -12 -2 -11 -3 -11 0 0 -3 -10 -3 -11 -3 -10 -3 -11 -4 -11 -4 -11 -4 -10 -4 -10 -4 -10 -5 -11 -5 -10 -5 -10 -5 -10 -5 -10 -6 -10 -6 -10 -6 -11 -6 -10 -6 -11 -6 -10 -6 -11 -7 -10 -7 -10 -7 -10 -7 -10 -7 -10 0 0 0 0 0 0 0 0 0 0]"
"1769237490098197,CSI_DATA,STATION,00:00:00:00:00:00,0,0,0,0,0,0,0,0,0,0,0,0,0,0,0,0,0,0,0,0,0,128,[84 -64 4 0 0 0 0 0 0 0 0 0 -14 4 -14 3 -14 2 -15 2 -14 2 -15 1 -14 0 -15 0 -15 0 -15 -1 -15 -1 -14 -1 -14 -1 -14 -2 -14 -2 -13 -2 -13 -1 -13 -2 -13 -2 -13 -2 -13 -2 -13 -2 -13 -1 -13 -1 -12 -1 -12 -1 0 0 -12 0 -12 0 -12 0 -12 0 -12 0 -12 0 -12 0 -12 0 -12 1 -12 1 -12 2 -12 1 -12 2 -12 2 -12 2 -12 2 -12 2 -12 2 -12 3 -12 3 -13 3 -13 3 -13 4 -13 4 -13 4 -13 4 0 0 0 0 0 0 0 0 0 0]"
"1769237490102652,CSI_DATA,STATION,00:00:00:00:00:00,0,0,0,0,0,0,0,0,0,0,0,0,0,0,0,0,0,0,0,0,0,128,[84 -64 4 0 0 0 0 0 0 0 0 0 -13 10 -13 9 -13 9 -13 9 -14 8 -14 8 -13 7 -14 6 -14 6 -14 6 -14 6 -14 6 -14 5 -14 5 -14 5 -14 5 -14 4 -13 4 -13 4 -13 4 -13 4 -13 4 -13 4 -12 4 -13 4 -13 5 0 0 -12 4 -12 5 -12 5 -12 5 -12 5 -12 5 -12 5 -11 6 -12 6 -12 6 -11 7 -11 6 -11 7 -11 8 -11 7 -11 8 -11 7 -11 8 -11 8 -11 8 -11 9 -11 8 -11 9 -11 9 -11 9 -11 9 0 0 0 0 0 0 0 0 0 0]"
"1769237490109237,CSI_DATA,STATION,00:00:00:00:00:00,0,0,0,0,0,0,0,0,0,0,0,0,0,0,0,0,0,0,0,0,0,128,[84 -64 4 0 0 0 0 0 0 0 0 0 8 13 8 14 7 14 7 14 6 14 6 14 5 14 5 15 4 14 4 15 4 14 4 14 4 14 4 14 3 15 3 13 3 13 3 13 3 13 3 13 3 13 3 13 3 13 3 12 3 12 3 12 0 0 4 12 3 12 3 11 4 11 4 11 4 11 5 11 5 11 5 10 5 11 6 10 6 11 6 11 7 11 7 11 7 11 8 10 7 10 8 11 7 10 8 10 8 10 8 10 8 10 9 10 9 10 0 0 0 0 0 0 0 0 0 0]"
"1769237490113641,CSI_DATA,STATION,00:00:00:00:00:00,0,0,0,0,0,0,0,0,0,0,0,0,0,0,0,0,0,0,0,0,0,128,[84 -64 4 0 0 0 0 0 0 0 0 0 -15 -3 -14 -4 -14 -5 -14 -5 -14 -5 -14 -6 -13 -6 -13 -7 -13 -7 -13 -8 -13 -7 -12 -7 -12 -8 -12 -8 -12 -8 -12 -8 -12 -7 -12 -8 -11 -8 -11 -8 -11 -8 -11 -8 -11 -7 -11 -7 -10 -7 -11 -6 0 0 -11 -6 -11 -7 -11 -6 -11 -6 -11 -6 -10 -6 -10 -5 -11 -5 -11 -5 -11 -5 -12 -4 -12 -5 -12 -4 -11 -5 -12 -4 -12 -4 -13 -4 -12 -4 -12 -4 -12 -3 -13 -3 -12 -3 -12 -3 -13 -3 -13 -3 -13 -3 0 0 0 0 0 0 0 0 0 0]"
"1769237490118073,CSI_DATA,STATION,00:00:00:00:00:00,0,0,0,0,0,0,0,0,0,0,0,0,0,0,0,0,0,0,0,0,0,128,[84 -64 4 0 0 0 0 0 0 0 0 0 -10 17 -10 17 -11 17 -11 17 -12 16 -12 16 -12 15 -12 15 -12 15 -14 14 -14 13 -13 14 -14 13 -14 13 -13 12 -13 13 -13 12 -13 13 -13 12 -13 12 -13 12 -12 12 -12 12 -12 12 -12 11 -11 11 0 0 -10 11 -10 12 -10 12 -10 12 -10 12 -9 12 -9 13 -8 12 -8 12 -8 13 -8 13 -7 13 -8 13 -7 13 -6 14 -6 14 -6 15 -6 14 -5 15 -5 14 -5 16 -5 15 -5 16 -5 15 -5 16 -4 16 0 0 0 0 0 0 0 0 0 0]"
"1769237490124597,CSI_DATA,STATION,00:00:00:00:00:00,0,0,0,0,0,0,0,0,0,0,0,0,0,0,0,0,0,0,0,0,0,128,[84 -64 4 0 0 0 0 0 0 0 0 0 16 -3 15 -2 16 -1 15 -1 16 0 15 1 16 1 16 1 16 1 16 2 15 2 15 2 15 3 15 3 14 3 14 3 14 3 13 3 13 4 13 3 13 3 13 3 13 3 13 4 12 3 12 2 0 0 12 2 12 2 12 2 12 1 12 2 12 1 12 1 12 1 12 0 12 0 12 0 12 0 13 0 13 0 13 -1 13 -2 13 -1 13 -2 13 -2 13 -2 13 -2 13 -2 14 -2 13 -2 13 -3 13 -2 0 0 0 0 0 0 0 0 0 0]"
"1769237490128963,CSI_DATA,STATION,00:00:00:00:00:00,0,0,0,0,0,0,0,0,0,0,0,0,0,0,0,0,0,0,0,0,0,128,[84 -64 4 0 0 0 0 0 0 0 0 0 -9 14 -9 14 -9 13 -10 13 -10 12 -11 12 -10 12 -11 11 -11 11 -11 11 -12 11 -12 10 -12 10 -12 10 -12 9 -12 9 -12 9 -11 10 -11 9 -11 8 -11 9 -11 9 -10 9 -10 9 -10 8 -10 9 0 0 -10 9 -9 9 -9 10 -9 9 -9 9 -8 9 -8 9 -8 10 -8 10 -8 10 -7 11 -7 11 -7 11 -7 11 -7 11 -7 12 -6 11 -7 12 -6 12 -6 12 -6 13 -6 12 -6 12 -5 12 -6 13 -5 13 0 0 0 0 0 0 0 0 0 0]"
"1769237490133330,CSI_DATA,STATION,00:00:00:00:00:00,0,0,0,0,0,0,0,0,0,0,0,0,0,0,0,0,0,0,0,0,0,128,[84 -64 4 0 0 0 0 0 0 0 0 0 2 16 0 16 -1 16 -1 16 -1 16 -2 15 -2 16 -3 16 -3 15 -4 15 -3 15 -3 14 -4 14 -4 14 -4 14 -4 14 -4 13 -5 13 -4 13 -4 13 -4 13 -4 13 -4 13 -4 12 -4 13 -3 13 0 0 -3 12 -3 13 -2 12 -2 12 -2 12 -2 12 -2 12 -1 12 -1 12 -1 12 -1 12 0 13 0 12 0 13 0 13 0 13 1 12 1 13 1 13 1 13 1 13 2 13 2 13 2 13 2 13 2 13 0 0 0 0 0 0 0 0 0 0]"
"1769237490139935,CSI_DATA,STATION,00:00:00:00:00:00,0,0,0,0,0,0,0,0,0,0,0,0,0,0,0,0,0,0,0,0,0,128,[84 -64 4 0 0 0 0 0 0 0 0 0 -15 -3 -15 -3 -15 -4 -15 -4 -14 -5 -14 -5 -14 -6 -14 -6 -13 -6 -13 -7 -13 -7 -13 -7 -13 -7 -13 -7 -13 -7 -12 -7 -12 -7 -12 -7 -12 -7 -11 -7 -12 -7 -11 -7 -11 -6 -11 -7 -11 -6 -11 -6 0 0 -11 -6 -11 -5 -11 -5 -11 -5 -11 -5 -11 -5 -11 -4 -11 -4 -11 -4 -12 -4 -12 -3 -12 -4 -11 -4 -12 -3 -12 -3 -12 -3 -13 -3 -12 -2 -13 -2 -12 -2 -13 -2 -13 -2 -13 -2 -13 -2 -13 -1 -13 -1 0 0 0 0 0 0 0 0 0 0]"
"1769237490144309,CSI_DATA,STATION,00:00:00:00:00:00,0,0,0,0,0,0,0,0,0,0,0,0,0,0,0,0,0,0,0,0,0,128,[84 -64 4 0 0 0 0 0 0 0 0 0 4 -15 5 -14 5 -15 5 -14 6 -14 6 -14 6 -13 7 -13 7 -13 7 -12 7 -12 8 -12 7 -12 8 -12 8 -11 7 -11 7 -11 7 -11 7 -11 8 -11 7 -11 7 -11 7 -11 7 -10 6 -10 6 -11 0 0 6 -10 5 -10 5 -10 5 -10 5 -11 5 -10 4 -10 4 -11 4 -11 4 -12 4 -11 3 -11 4 -11 3 -11 3 -12 3 -12 3 -12 2 -13 2 -12 2 -13 2 -13 2 -12 2 -13 2 -13 2 -13 1 -13 0 0 0 0 0 0 0 0 0 0]"
"1769237490150985,CSI_DATA,STATION,00:00:00:00:00:00,0,0,0,0,0,0,0,0,0,0,0,0,0,0,0,0,0,0,0,0,0,128,[84 -64 4 0 0 0 0 0 0 0 0 0 12 2 13 3 12 3 12 4 12 4 12 5 11 4 11 5 11 5 11 6 11 5 10 5 10 6 10 6 10 6 10 6 10 6 10 6 9 6 9 6 9 5 9 6 9 5 9 5 9 5 9 5 0 0 9 5 9 4 9 4 9 4 9 4 9 4 9 3 9 4 9 3 9 3 9 2 9 3 10 2 10 2 10 2 10 2 10 2 10 1 10 1 10 1 10 1 10 2 10 1 11 1 11 1 11 1 0 0 0 0 0 0 0 0 0 0]"
"1769237490155452,CSI_DATA,STATION,00:00:00:00:00:00,0,0,0,0,0,0,0,0,0,0,0,0,0,0,0,0,0,0,0,0,0,128,[84 -64 4 0 0 0 0 0 0 0 0 0 2 -15 3 -15 3 -14 3 -15 4 -14 5 -15 5 -14 5 -14 6 -13 6 -13 6 -13 6 -13 6 -13 6 -12 6 -12 6 -12 6 -12 6 -12 6 -12 6 -11 6 -11 6 -11 6 -11 5 -11 5 -11 5 -11 0 0 5 -11 4 -10 4 -11 4 -10 4 -11 4 -11 3 -11 3 -12 3 -11 3 -11 2 -12 2 -12 2 -11 2 -12 2 -12 2 -12 2 -12 2 -13 1 -12 1 -13 1 -13 1 -12 1 -13 0 -13 1 -13 0 -13 0 0 0 0 0 0 0 0 0 0]"
"1769237490159795,CSI_DATA,STATION,00:00:00:00:00:00,0,0,0,0,0,0,0,0,0,0,0,0,0,0,0,0,0,0,0,0,0,128,[84 -64 4 0 0 0 0 0 0 0 0 0 12 -7 13 -7 13 -6 13 -6 13 -5 14 -5 14 -5 13 -5 14 -4 13 -3 13 -4 14 -3 13 -3 13 -3 13 -2 13 -3 12 -2 12 -2 12 -2 12 -2 12 -2 12 -2 12 -2 11 -3 11 -2 11 -3 0 0 11 -3 11 -3 10 -4 10 -4 10 -4 11 -4 10 -4 11 -4 10 -5 10 -5 10 -6 10 -5 10 -6 10 -6 10 -6 10 -7 9 -7 10 -7 10 -7 10 -7 10 -7 9 -7 10 -7 10 -8 10 -8 10 -8 0 0 0 0 0 0 0 0 0 0]"
"1769237490166328,CSI_DATA,STATION,00:00:00:00:00:00,0,0,0,0,0,0,0,0,0,0,0,0,0,0,0,0,0,0,0,0,0,128,[84 -64 4 0 0 0 0 0 0 0 0 0 12 -8 12 -7 13 -6 12 -6 13 -5 13 -5 13 -4 14 -4 13 -3 14 -3 13 -4 13 -4 13 -2 13 -3 13 -3 12 -3 12 -2 12 -2 12 -2 12 -2 11 -2 11 -2 11 -2 11 -2 11 -3 11 -3 0 0 11 -3 11 -3 10 -3 10 -4 10 -3 11 -4 10 -4 10 -4 10 -4 9 -5 10 -5 10 -5 10 -6 10 -5 10 -6 10 -6 10 -6 10 -7 10 -7 10 -6 10 -7 10 -6 10 -7 9 -7 10 -8 10 -8 0 0 0 0 0 0 0 0 0 0]"
"1769237490179082,CSI_DATA,STATION,00:00:00:00:00:00,0,0,0,0,0,0,0,0,0,0,0,0,0,0,0,0,0,0,0,0,0,128,[84 -64 4 0 0 0 0 0 0 0 0 0 14 0 14 1 13 1 13 2 13 2 13 3 13 3 13 3 13 3 13 4 12 4 12 4 12 5 12 5 12 5 11 4 11 4 11 4 11 4 11 4 11 5 11 4 11 4 11 4 10 4 11 3 0 0 10 3 10 3 11 3 11 2 10 2 10 2 10 2 11 2 10 1 11 1 11 1 11 1 12 1 11 1 11 0 12 0 12 0 12 0 12 0 12 0 12 -1 12 0 12 -1 12 0 13 -1 13 -1 0 0 0 0 0 0 0 0 0 0]"
"1769237490185525,CSI_DATA,STATION,00:00:00:00:00:00,0,0,0,0,0,0,0,0,0,0,0,0,0,0,0,0,0,0,0,0,0,128,[84 -64 4 0 0 0 0 0 0 0 0 0 -12 -8 -12 -8 -12 -9 -12 -9 -12 -9 -11 -10 -11 -9 -11 -10 -10 -10 -10 -11 -10 -10 -9 -10 -10 -11 -9 -11 -9 -11 -9 -11 -8 -10 -8 -10 -8 -10 -8 -10 -8 -10 -8 -10 -8 -9 -8 -10 -8 -9 -8 -9 0 0 -8 -9 -8 -9 -8 -9 -8 -9 -9 -9 -8 -8 -9 -8 -9 -8 -9 -8 -9 -8 -10 -8 -10 -8 -10 -8 -10 -8 -10 -8 -11 -7 -11 -7 -11 -7 -11 -7 -11 -7 -11 -7 -11 -7 -11 -7 -12 -7 -12 -7 -12 -7 0 0 0 0 0 0 0 0 0 0]"
"1769237490189825,CSI_DATA,STATION,00:00:00:00:00:00,0,0,0,0,0,0,0,0,0,0,0,0,0,0,0,0,0,0,0,0,0,128,[84 -64 4 0 0 0 0 0 0 0 0 0 9 9 9 10 8 10 9 10 8 11 7 11 7 11 7 11 7 11 6 12 6 11 5 11 5 11 5 11 5 12 5 11 5 11 5 11 5 11 5 11 5 11 5 10 5 10 4 10 5 10 5 10 0 0 5 10 5 9 6 9 5 9 6 9 6 9 6 9 6 9 6 9 6 9 7 8 7 9 7 9 7 9 7 8 8 9 8 8 8 8 8 8 8 8 9 8 9 8 8 9 9 8 9 8 9 8 0 0 0 0 0 0 0 0 0 0]"
"1769237490196326,CSI_DATA,STATION,00:00:00:00:00:00,0,0,0,0,0,0,0,0,0,0,0,0,0,0,0,0,0,0,0,0,0,128,[84 -64 4 0 0 0 0 0 0 0 0 0 -11 -8 -11 -8 -10 -8 -10 -9 -10 -9 -10 -9 -9 -9 -9 -9 -9 -9 -9 -10 -8 -10 -8 -9 -8 -10 -8 -9 -7 -10 -8 -9 -8 -9 -8 -9 -8 -9 -7 -9 -7 -9 -7 -9 -7 -9 -7 -9 -7 -8 -7 -8 0 0 -7 -8 -8 -7 -8 -7 -7 -7 -8 -8 -8 -7 -8 -7 -9 -7 -9 -7 -9 -7 -9 -7 -9 -7 -9 -7 -10 -7 -9 -6 -10 -6 -10 -6 -10 -6 -10 -6 -11 -6 -11 -6 -11 -6 -11 -6 -11 -6 -11 -5 -11 -5 0 0 0 0 0 0 0 0 0 0]"
"1769237490200665,CSI_DATA,STATION,00:00:00:00:00:00,0,0,0,0,0,0,0,0,0,0,0,0,0,0,0,0,0,0,0,0,0,128,[84 -64 4 0 0 0 0 0 0 0 0 0 4 12 4 12 4 13 3 12 3 13 2 13 2 13 2 13 2 13 2 13 0 13 0 12 0 12 0 12 0 12 0 12 0 12 0 11 0 12 0 12 0 11 0 11 0 12 0 11 0 11 1 11 0 0 1 11 1 11 1 10 1 11 1 10 2 11 2 11 2 11 2 11 2 11 2 11 3 11 3 11 3 11 3 11 3 11 4 11 3 11 4 11 4 11 4 11 4 11 4 11 4 11 5 11 5 12 0 0 0 0 0 0 0 0 0 0]"
"1769237490207157,CSI_DATA,STATION,00:00:00:00:00:00,0,0,0,0,0,0,0,0,0,0,0,0,0,0,0,0,0,0,0,0,0,128,[84 -64 4 0 0 0 0 0 0 0 0 0 -1 12 -2 12 -2 12 -2 11 -3 12 -3 11 -3 12 -4 11 -4 11 -5 11 -4 11 -5 11 -5 10 -5 10 -5 10 -5 10 -5 10 -5 10 -5 10 -5 10 -5 9 -5 9 -5 9 -4 9 -4 9 -4 9 0 0 -4 9 -4 9 -3 9 -4 9 -3 9 -3 9 -3 9 -3 9 -3 10 -3 10 -3 10 -3 10 -2 10 -2 10 -2 10 -2 10 -2 11 -2 10 -2 11 -2 11 -1 11 -1 11 -1 11 -1 11 -1 11 -1 11 0 0 0 0 0 0 0 0 0 0]"
"1769237490211508,CSI_DATA,STATION,00:00:00:00:00:00,0,0,0,0,0,0,0,0,0,0,0,0,0,0,0,0,0,0,0,0,0,128,[84 -64 4 0 0 0 0 0 0 0 0 0 3 11 3 11 2 12 2 12 2 12 2 12 1 12 0 12 0 11 0 12 0 12 0 11 -1 11 -1 11 -1 11 -1 11 -1 11 -2 10 -1 11 -1 11 -1 10 -1 10 -1 10 -1 10 0 10 0 10 0 0 0 10 0 10 0 10 0 10 0 10 1 10 1 10 1 10 1 9 1 10 1 10 2 10 2 10 2 10 2 10 2 10 3 10 3 10 3 10 3 10 3 10 4 10 3 10 4 10 4 11 4 11 0 0 0 0 0 0 0 0 0 0]"
"1769237490215819,CSI_DATA,STATION,00:00:00:00:00:00,0,0,0,0,0,0,0,0,0,0,0,0,0,0,0,0,0,0,0,0,0,128,[84 -64 4 0 0 0 0 0 0 0 0 0 3 14 3 14 2 15 2 14 1 15 1 15 1 15 0 15 0 15 -1 15 -1 15 -1 14 -2 14 -1 14 -2 14 -1 13 -1 13 -2 13 -2 13 -1 13 -2 13 -2 13 -2 13 -1 13 -2 12 -1 12 0 0 -1 12 0 12 0 12 0 12 0 12 0 12 0 12 1 12 1 12 1 12 2 12 1 12 2 13 2 12 2 12 3 13 3 13 3 13 3 12 3 13 4 13 4 13 3 14 4 13 4 13 4 13 0 0 0 0 0 0 0 0 0 0]"
"1769237490222271,CSI_DATA,STATION,00:00:00:00:00:00,0,0,0,0,0,0,0,0,0,0,0,0,0,0,0,0,0,0,0,0,0,128,[84 -64 4 0 0 0 0 0 0 0 0 0 -14 -5 -13 -5 -13 -6 -13 -6 -13 -7 -12 -7 -12 -7 -12 -7 -12 -8 -12 -9 -11 -8 -11 -8 -11 -9 -11 -9 -10 -8 -11 -8 -11 -8 -11 -8 -10 -8 -10 -8 -10 -8 -10 -8 -10 -8 -10 -7 -10 -7 -10 -7 0 0 -10 -7 -10 -7 -10 -6 -10 -6 -10 -6 -10 -6 -10 -6 -11 -6 -11 -5 -11 -5 -11 -5 -11 -5 -11 -5 -11 -5 -12 -4 -12 -4 -12 -5 -12 -4 -12 -4 -13 -4 -13 -4 -13 -4 -13 -4 -13 -4 -13 -4 -13 -3 0 0 0 0 0 0 0 0 0 0]"
"1769237490226558,CSI_DATA,STATION,00:00:00:00:00:00,0,0,0,0,0,0,0,0,0,0,0,0,0,0,0,0,0,0,0,0,0,128,[84 -64 4 0 0 0 0 0 0 0 0 0 0 -13 0 -13 1 -12 1 -13 1 -12 2 -13 2 -12 2 -13 2 -12 3 -12 3 -12 3 -12 3 -12 3 -11 3 -12 3 -11 3 -11 3 -11 3 -11 3 -10 3 -10 2 -11 3 -11 3 -11 2 -11 2 -11 0 0 2 -10 1 -10 1 -10 1 -11 1 -11 1 -10 1 -11 0 -11 0 -11 0 -11 0 -11 0 -11 -1 -11 -1 -11 -1 -11 -1 -11 -1 -11 -1 -12 -2 -12 -2 -12 -2 -11 -2 -12 -2 -12 -2 -12 -2 -12 -2 -12 0 0 0 0 0 0 0 0 0 0]"
"1769237490233015,CSI_DATA,STATION,00:00:00:00:00:00,0,0,0,0,0,0,0,0,0,0,0,0,0,0,0,0,0,0,0,0,0,128,[84 -64 4 0 0 0 0 0 0 0 0 0 13 0 13 1 14 1 14 1 13 2 13 2 13 2 13 3 13 3 13 4 13 4 12 4 12 4 12 4 12 4 11 4 11 4 11 5 11 4 11 5 11 4 11 4 10 4 11 4 10 4 10 3 0 0 10 3 10 3 10 3 10 3 10 3 10 3 10 2 11 2 10 2 10 2 11 1 11 2 11 1 11 1 11 1 11 1 11 0 11 0 11 0 12 0 12 0 12 1 12 0 12 0 12 -1 12 0 0 0 0 0 0 0 0 0 0 0]"
"1769237490237322,CSI_DATA,STATION,00:00:00:00:00:00,0,0,0,0,0,0,0,0,0,0,0,0,0,0,0,0,0,0,0,0,0,128,[84 -64 4 0 0 0 0 0 0 0 0 0 6 11 5 12 5 12 5 12 4 12 4 12 3 13 2 13 3 13 2 12 2 12 2 12 2 12 2 12 1 12 2 12 1 12 1 11 1 11 1 12 1 11 1 11 1 11 2 11 2 11 2 11 0 0 2 11 3 10 3 10 3 10 3 10 3 10 3 10 4 10 3 9 3 10 4 10 4 10 5 10 5 10 5 10 5 10 6 9 6 10 5 10 6 10 6 10 6 10 6 10 7 9 6 10 7 10 0 0 0 0 0 0 0 0 0 0]"
"1769237490241632,CSI_DATA,STATION,00:00:00:00:00:00,0,0,0,0,0,0,0,0,0,0,0,0,0,0,0,0,0,0,0,0,0,128,[84 -64 4 0 0 0 0 0 0 0 0 0 -7 -10 -7 -11 -7 -11 -6 -12 -6 -12 -6 -12 -5 -11 -4 -12 -5 -12 -4 -12 -5 -12 -4 -11 -4 -11 -4 -12 -3 -12 -3 -12 -3 -11 -3 -11 -3 -11 -3 -11 -3 -11 -3 -11 -3 -11 -3 -11 -3 -10 -4 -11 0 0 -3 -10 -4 -10 -4 -10 -4 -10 -4 -10 -4 -10 -4 -10 -5 -9 -5 -10 -5 -9 -5 -9 -5 -9 -6 -9 -6 -9 -6 -9 -6 -9 -6 -9 -6 -9 -6 -9 -6 -10 -7 -9 -7 -9 -7 -10 -8 -9 -7 -9 -7 -9 0 0 0 0 0 0 0 0 0 0]"
"1769237490248065,CSI_DATA,STATION,00:00:00:00:00:00,0,0,0,0,0,0,0,0,0,0,0,0,0,0,0,0,0,0,0,0,0,128,[84 -64 4 0 0 0 0 0 0 0 0 0 -13 -7 -13 -7 -12 -8 -12 -8 -12 -8 -12 -8 -11 -9 -11 -9 -11 -9 -11 -10 -11 -9 -10 -9 -10 -9 -10 -9 -9 -10 -9 -10 -9 -9 -9 -10 -9 -9 -8 -10 -8 -9 -9 -9 -9 -9 -9 -9 -9 -9 -9 -8 0 0 -8 -8 -9 -8 -9 -8 -9 -8 -9 -8 -9 -8 -9 -7 -10 -7 -9 -7 -10 -7 -10 -7 -10 -7 -10 -6 -10 -6 -10 -6 -10 -6 -11 -7 -10 -6 -11 -6 -11 -6 -11 -6 -11 -6 -11 -6 -12 -5 -12 -5 -12 -5 0 0 0 0 0 0 0 0 0 0]"
"1769237490252445,CSI_DATA,STATION,00:00:00:00:00:00,0,0,0,0,0,0,0,0,0,0,0,0,0,0,0,0,0,0,0,0,0,128,[84 -64 4 0 0 0 0 0 0 0 0 0 -14 3 -14 3 -14 2 -14 2 -14 2 -14 2 -14 1 -14 1 -13 0 -14 0 -14 0 -13 0 -13 -1 -13 -1 -13 -1 -13 0 -13 -1 -12 -1 -12 -1 -12 -1 -12 -1 -12 -1 -12 0 -12 0 -12 -1 -12 0 0 0 -12 0 -11 0 -11 0 -12 0 -11 0 -11 0 -12 1 -12 1 -11 2 -11 2 -11 2 -11 2 -11 2 -11 2 -12 2 -12 3 -11 2 -12 3 -12 3 -12 3 -12 4 -12 4 -11 4 -11 4 -12 4 -12 4 0 0 0 0 0 0 0 0 0 0]"
"1769237490259059,CSI_DATA,STATION,00:00:00:00:00:00,0,0,0,0,0,0,0,0,0,0,0,0,0,0,0,0,0,0,0,0,0,128,[84 -64 4 0 0 0 0 0 0 0 0 0 -1 -14 -1 -14 -1 -14 -1 -15 0 -14 1 -15 1 -13 1 -14 2 -14 2 -14 2 -13 2 -13 3 -13 3 -13 3 -13 3 -12 3 -13 3 -12 3 -12 3 -12 3 -12 3 -12 3 -12 3 -12 2 -11 2 -12 0 0 3 -11 2 -11 2 -11 2 -11 2 -11 2 -11 1 -11 1 -12 1 -11 1 -12 1 -11 0 -12 0 -11 0 -12 0 -12 0 -13 0 -12 0 -12 0 -12 -1 -13 -1 -13 0 -13 -1 -12 -1 -13 -1 -13 -1 -13 0 0 0 0 0 0 0 0 0 0]"
"1769237490263421,CSI_DATA,STATION,00:00:00:00:00:00,0,0,0,0,0,0,0,0,0,0,0,0,0,0,0,0,0,0,0,0,0,128,[84 -64 4 0 0 0 0 0 0 0 0 0 -8 -12 -7 -12 -7 -12 -7 -12 -6 -13 -6 -13 -6 -13 -5 -13 -5 -13 -5 -13 -5 -13 -4 -13 -4 -13 -4 -13 -4 -13 -4 -13 -4 -12 -3 -12 -3 -13 -4 -13 -3 -12 -3 -12 -3 -12 -4 -12 -4 -11 -4 -12 0 0 -4 -11 -4 -11 -4 -11 -5 -11 -5 -11 -5 -11 -6 -11 -6 -10 -6 -10 -6 -10 -6 -10 -6 -10 -6 -10 -7 -10 -6 -10 -7 -10 -7 -10 -7 -10 -8 -10 -8 -10 -8 -10 -8 -10 -8 -10 -9 -10 -9 -10 -8 -10 0 0 0 0 0 0 0 0 0 0]"
"1769237490267757,CSI_DATA,STATION,00:00:00:00:00:00,0,0,0,0,0,0,0,0,0,0,0,0,0,0,0,0,0,0,0,0,0,128,[84 -64 4 0 0 0 0 0 0 0 0 0 -10 -11 -9 -11 -9 -11 -9 -12 -8 -12 -8 -12 -7 -12 -7 -12 -7 -13 -6 -13 -6 -12 -7 -12 -6 -12 -6 -12 -6 -13 -6 -12 -5 -12 -6 -11 -5 -12 -5 -12 -5 -12 -5 -12 -5 -11 -5 -11 -5 -11 -6 -11 0 0 -6 -10 -6 -11 -6 -11 -6 -10 -7 -10 -6 -10 -7 -10 -7 -10 -7 -10 -7 -9 -8 -9 -8 -9 -8 -9 -8 -9 -8 -9 -8 -9 -9 -9 -9 -9 -9 -9 -9 -9 -9 -9 -9 -9 -9 -8 -10 -8 -10 -8 -10 -9 0 0 0 0 0 0 0 0 0 0]"
"1769237490274222,CSI_DATA,STATION,00:00:00:00:00:00,0,0,0,0,0,0,0,0,0,0,0,0,0,0,0,0,0,0,0,0,0,128,[84 -64 4 0 0 0 0 0 0 0 0 0 4 13 4 12 4 13 3 13 3 14 3 14 2 13 2 13 1 13 1 13 1 13 1 13 0 13 0 13 0 13 0 12 0 12 -1 12 0 12 0 12 -1 12 0 11 0 12 0 11 0 11 0 11 0 0 0 11 1 11 1 10 1 11 1 11 1 11 1 11 2 11 2 10 2 10 2 10 3 10 2 11 3 11 3 11 3 10 3 11 4 10 4 10 4 10 4 11 4 11 4 11 5 10 5 10 5 11 0 0 0 0 0 0 0 0 0 0]"
"1769237490278534,CSI_DATA,STATION,00:00:00:00:00:00,0,0,0,0,0,0,0,0,0,0,0,0,0,0,0,0,0,0,0,0,0,128,[84 -64 4 0 0 0 0 0 0 0 0 0 -3 -14 -2 -14 -1 -15 -2 -15 -1 -14 0 -15 0 -14 1 -14 1 -14 1 -14 1 -14 1 -13 2 -14 2 -13 2 -14 2 -13 2 -13 2 -13 2 -13 3 -13 2 -12 2 -12 2 -13 2 -12 1 -12 1 -12 0 0 1 -12 1 -11 0 -12 0 -12 0 -12 0 -12 0 -12 0 -12 0 -12 -1 -12 -1 -12 -1 -12 -2 -12 -1 -12 -2 -12 -2 -12 -2 -12 -2 -12 -2 -12 -2 -13 -3 -12 -3 -12 -3 -12 -3 -12 -4 -13 -4 -13 0 0 0 0 0 0 0 0 0 0]"
"1769237490285004,CSI_DATA,STATION,00:00:00:00:00:00,0,0,0,0,0,0,0,0,0,0,0,0,0,0,0,0,0,0,0,0,0,128,[84 -64 4 0 0 0 0 0 0 0 0 0 11 -6 12 -5 11 -5 12 -4 12 -4 12 -4 12 -3 12 -3 12 -3 12 -2 12 -2 12 -2 12 -2 12 -2 12 -1 12 -2 11 -1 11 -2 11 -1 11 -2 11 -1 10 -1 11 -1 10 -1 11 -1 10 -2 0 0 10 -2 10 -2 10 -2 10 -2 9 -2 10 -3 9 -3 9 -3 9 -4 9 -4 9 -4 9 -4 9 -4 9 -4 10 -5 9 -5 9 -5 9 -5 10 -5 9 -5 9 -5 9 -5 10 -5 9 -6 9 -6 9 -6 0 0 0 0 0 0 0 0 0 0]"
"1769237490289344,CSI_DATA,STATION,00:00:00:00:00:00,0,0,0,0,0,0,0,0,0,0,0,0,0,0,0,0,0,0,0,0,0,128,[84 -64 4 0 0 0 0 0 0 0 0 0 2 14 1 13 1 14 0 14 -1 14 -1 14 -1 14 -2 14 -2 14 -3 14 -2 14 -3 13 -3 13 -3 13 -3 13 -3 12 -3 12 -3 12 -3 12 -3 12 -3 12 -3 11 -3 12 -3 11 -3 11 -2 11 0 0 -2 11 -1 11 -1 11 -1 11 -1 11 -1 11 -1 11 -1 11 0 11 0 11 1 11 0 11 0 11 0 11 1 11 2 11 2 11 2 11 2 11 2 11 2 11 3 11 3 12 3 11 3 11 3 11 0 0 0 0 0 0 0 0 0 0]"
"1769237490293672,CSI_DATA,STATION,00:00:00:00:00:00,0,0,0,0,0,0,0,0,0,0,0,0,0,0,0,0,0,0,0,0,0,128,[84 -64 4 0 0 0 0 0 0 0 0 0 14 3 13 3 13 3 13 4 13 4 13 5 13 5 13 5 12 5 12 6 12 6 12 6 12 7 11 7 11 7 11 6 11 6 11 6 10 7 10 7 10 7 10 6 10 6 10 6 10 6 10 5 0 0 10 5 10 5 10 5 10 4 10 5 10 4 10 4 10 4 10 3 10 4 10 3 11 3 11 4 11 3 11 3 11 2 11 2 11 2 11 2 11 2 12 2 11 2 12 2 12 2 12 1 12 1 0 0 0 0 0 0 0 0 0 0]"
"1769237490300180,CSI_DATA,STATION,00:00:00:00:00:00,0,0,0,0,0,0,0,0,0,0,0,0,0,0,0,0,0,0,0,0,0,128,[84 -64 4 0 0 0 0 0 0 0 0 0 2 14 2 14 1 14 1 14 0 13 0 14 -1 14 -1 14 -1 14 -2 14 -2 14 -3 13 -3 13 -3 13 -3 13 -3 13 -3 12 -3 12 -3 12 -3 12 -3 12 -3 12 -3 12 -3 11 -2 11 -2 12 0 0 -2 11 -1 11 -1 11 -1 11 -1 11 -1 11 -1 11 0 11 -1 11 -1 11 0 11 0 11 0 11 0 11 0 12 1 11 1 11 1 11 2 11 2 11 2 12 2 11 2 11 3 11 2 11 2 12 0 0 0 0 0 0 0 0 0 0]"
"1769237490304492,CSI_DATA,STATION,00:00:00:00:00:00,0,0,0,0,0,0,0,0,0,0,0,0,0,0,0,0,0,0,0,0,0,128,[84 -64 4 0 0 0 0 0 0 0 0 0 14 -3 14 -3 13 -2 14 -2 14 -2 14 -1 14 -1 14 0 14 -1 14 1 14 1 13 0 13 1 13 1 13 1 13 1 13 2 12 2 12 1 12 2 12 2 12 1 12 1 11 1 12 1 12 0 0 0 11 1 11 0 11 1 11 0 11 0 11 0 11 -1 11 -1 11 -1 11 -2 11 -2 11 -2 11 -2 11 -2 11 -3 11 -3 11 -3 11 -3 11 -3 11 -3 11 -4 11 -4 12 -4 11 -4 11 -4 11 -5 0 0 0 0 0 0 0 0 0 0]"
"1769237490310981,CSI_DATA,STATION,00:00:00:00:00:00,0,0,0,0,0,0,0,0,0,0,0,0,0,0,0,0,0,0,0,0,0,128,[84 -64 4 0 0 0 0 0 0 0 0 0 -14 5 -14 5 -15 4 -14 3 -15 3 -15 2 -15 2 -15 2 -14 2 -15 1 -15 1 -14 0 -14 0 -14 0 -14 0 -14 0 -13 0 -13 0 -13 -1 -14 -1 -13 -1 -13 -1 -13 0 -12 -1 -13 -1 -12 0 0 0 -12 0 -12 0 -12 0 -12 1 -12 1 -11 1 -12 1 -12 1 -12 2 -12 2 -12 2 -12 2 -11 2 -12 3 -12 3 -12 3 -12 3 -12 3 -12 3 -12 4 -12 4 -12 4 -12 4 -11 4 -12 5 -12 5 0 0 0 0 0 0 0 0 0 0]"
"1769237490315351,CSI_DATA,STATION,00:00:00:00:00:00,0,0,0,0,0,0,0,0,0,0,0,0,0,0,0,0,0,0,0,0,0,128,[84 -64 4 0 0 0 0 0 0 0 0 0 -11 -9 -10 -9 -10 -9 -10 -10 -10 -10 -9 -10 -9 -10 -8 -11 -8 -11 -8 -11 -8 -11 -7 -11 -8 -11 -7 -11 -6 -11 -7 -11 -7 -11 -7 -10 -6 -11 -6 -11 -6 -11 -6 -10 -6 -10 -7 -10 -6 -10 -6 -9 0 0 -6 -9 -6 -9 -7 -9 -7 -8 -7 -9 -6 -9 -7 -9 -7 -9 -7 -8 -7 -8 -8 -8 -8 -8 -8 -8 -8 -8 -8 -7 -8 -7 -9 -7 -9 -7 -9 -7 -9 -7 -9 -7 -9 -7 -9 -7 -10 -7 -10 -7 -10 -7 0 0 0 0 0 0 0 0 0 0]"
"1769237490334436,CSI_DATA,STATION,00:00:00:00:00:00,0,0,0,0,0,0,0,0,0,0,0,0,0,0,0,0,0,0,0,0,0,128,[84 -64 4 0 0 0 0 0 0 0 0 0 -8 13 -8 12 -8 13 -9 12 -9 12 -10 11 -10 12 -10 11 -11 11 -11 10 -11 10 -11 9 -11 9 -11 9 -11 9 -11 9 -11 9 -11 9 -10 8 -10 8 -10 8 -10 8 -10 8 -10 8 -9 8 -9 8 0 0 -9 8 -9 8 -8 8 -8 8 -8 8 -8 8 -7 9 -8 9 -7 9 -7 9 -7 10 -7 9 -7 10 -6 10 -6 10 -6 10 -6 10 -6 10 -6 10 -6 10 -5 11 -5 11 -5 10 -5 11 -5 11 -5 11 0 0 0 0 0 0 0 0 0 0]"
"1769237490340880,CSI_DATA,STATION,00:00:00:00:00:00,0,0,0,0,0,0,0,0,0,0,0,0,0,0,0,0,0,0,0,0,0,128,[84 -64 4 0 0 0 0 0 0 0 0 0 -13 -6 -12 -7 -12 -7 -12 -7 -11 -8 -12 -8 -11 -8 -11 -8 -10 -9 -11 -9 -10 -9 -10 -8 -10 -9 -10 -9 -9 -9 -9 -8 -9 -9 -9 -9 -9 -9 -9 -9 -9 -9 -9 -8 -9 -8 -9 -8 -9 -8 -9 -7 0 0 -9 -7 -9 -7 -9 -6 -9 -6 -9 -6 -8 -6 -9 -6 -10 -6 -9 -6 -10 -5 -10 -5 -10 -5 -10 -5 -10 -5 -10 -4 -10 -4 -11 -4 -10 -4 -11 -4 -10 -3 -11 -4 -11 -3 -11 -3 -11 -3 -11 -2 -11 -2 0 0 0 0 0 0 0 0 0 0]"
"1769237490345194,CSI_DATA,STATION,00:00:00:00:00:00,0,0,0,0,0,0,0,0,0,0,0,0,0,0,0,0,0,0,0,0,0,128,[84 -64 4 0 0 0 0 0 0 0 0 0 15 -5 16 -4 16 -3 16 -4 16 -3 16 -2 16 -2 16 -1 16 -1 16 -1 15 -1 15 -1 14 0 14 0 15 0 14 0 15 1 14 1 14 1 14 1 13 1 13 0 14 0 13 0 13 0 13 -1 0 0 12 -1 12 0 12 -1 12 -1 12 -1 12 -2 12 -2 12 -2 12 -2 12 -3 12 -3 12 -3 12 -3 12 -3 12 -4 12 -4 12 -4 12 -5 12 -5 12 -5 12 -5 12 -5 12 -5 12 -6 12 -6 12 -6 0 0 0 0 0 0 0 0 0 0]"
"1769237490349496,CSI_DATA,STATION,00:00:00:00:00:00,0,0,0,0,0,0,0,0,0,0,0,0,0,0,0,0,0,0,0,0,0,128,[84 -64 4 0 0 0 0 0 0 0 0 0 13 7 12 7 13 7 12 7 12 8 11 8 11 8 11 9 11 9 10 9 10 9 9 9 10 9 9 9 9 10 9 10 9 9 9 9 8 9 8 9 8 9 8 8 8 9 8 9 8 8 8 8 0 0 8 7 8 7 8 7 8 7 8 7 9 7 9 6 9 7 9 6 9 6 9 6 9 6 9 5 10 5 10 5 10 5 10 4 10 5 10 4 10 4 11 4 11 4 10 4 11 4 11 4 11 3 0 0 0 0 0 0 0 0 0 0]"
"1769237490356161,CSI_DATA,STATION,00:00:00:00:00:00,0,0,0,0,0,0,0,0,0,0,0,0,0,0,0,0,0,0,0,0,0,128,[84 -64 4 0 0 0 0 0 0 0 0 0 -6 -14 -6 -14 -5 -15 -5 -15 -4 -15 -4 -15 -3 -15 -3 -15 -3 -15 -3 -15 -2 -14 -2 -15 -2 -14 -2 -14 -1 -15 -2 -14 -1 -14 -1 -13 -1 -14 -1 -13 -1 -13 -1 -13 -1 -13 -1 -13 -2 -13 -2 -13 0 0 -2 -12 -2 -12 -2 -12 -2 -12 -2 -12 -3 -12 -3 -12 -3 -12 -3 -11 -4 -11 -5 -12 -4 -11 -4 -11 -5 -12 -5 -11 -5 -11 -5 -11 -6 -11 -6 -12 -6 -11 -6 -11 -6 -11 -6 -11 -7 -11 -7 -11 -7 -11 0 0 0 0 0 0 0 0 0 0]"
"1769237490360404,CSI_DATA,STATION,00:00:00:00:00:00,0,0,0,0,0,0,0,0,0,0,0,0,0,0,0,0,0,0,0,0,0,128,[84 -64 4 0 0 0 0 0 0 0 0 0 11 -11 11 -10 11 -9 11 -9 12 -9 12 -9 12 -8 12 -8 12 -7 13 -7 12 -7 12 -7 12 -6 12 -6 12 -6 12 -6 12 -6 12 -6 11 -6 12 -5 11 -6 11 -6 11 -6 11 -6 10 -6 10 -6 0 0 10 -6 10 -6 9 -6 9 -6 9 -6 9 -6 9 -7 9 -7 8 -8 8 -8 8 -8 9 -8 8 -8 8 -8 8 -9 8 -9 8 -9 7 -9 7 -9 7 -10 7 -9 7 -10 7 -10 7 -10 7 -11 7 -11 0 0 0 0 0 0 0 0 0 0]"
"1769237490366869,CSI_DATA,STATION,00:00:00:00:00:00,0,0,0,0,0,0,0,0,0,0,0,0,0,0,0,0,0,0,0,0,0,128,[84 -64 4 0 0 0 0 0 0 0 0 0 8 14 7 14 6 15 6 14 6 15 5 15 5 15 4 15 4 15 4 16 4 15 3 15 3 14 3 14 3 15 3 15 2 14 3 14 3 13 3 13 2 13 3 13 2 13 2 13 2 12 3 12 0 0 3 12 3 12 4 11 4 12 4 11 4 11 5 11 5 11 5 10 6 11 6 10 6 11 6 11 6 10 7 10 7 10 8 10 7 9 7 10 8 10 8 9 9 10 8 10 8 10 9 10 9 10 0 0 0 0 0 0 0 0 0 0]"
"1769237490371324,CSI_DATA,STATION,00:00:00:00:00:00,0,0,0,0,0,0,0,0,0,0,0,0,0,0,0,0,0,0,0,0,0,128,[84 -64 4 0 0 0 0 0 0 0 0 0 13 3 14 4 13 4 13 5 13 5 13 5 13 6 13 7 12 7 12 6 12 7 11 7 11 7 11 7 11 7 10 7 11 7 11 7 10 7 10 7 10 7 10 7 9 6 10 7 10 6 10 6 0 0 9 6 9 6 10 5 9 5 10 5 10 5 10 5 10 5 10 4 10 4 10 3 10 4 11 3 11 4 10 3 11 3 11 3 11 2 11 2 11 2 11 2 11 2 11 2 12 2 12 1 12 1 0 0 0 0 0 0 0 0 0 0]"
"1769237490375665,CSI_DATA,STATION,00:00:00:00:00:00,0,0,0,0,0,0,0,0,0,0,0,0,0,0,0,0,0,0,0,0,0,128,[84 -64 4 0 0 0 0 0 0 0 0 0 -13 7 -13 7 -13 6 -13 6 -14 6 -14 5 -14 5 -14 4 -14 4 -14 3 -14 3 -14 3 -13 2 -14 2 -14 2 -13 3 -13 2 -13 2 -13 2 -13 2 -13 2 -12 1 -12 2 -12 1 -12 2 -12 2 0 0 -11 2 -11 2 -11 3 -11 3 -11 3 -11 3 -11 3 -11 4 -10 4 -11 4 -11 5 -11 4 -11 4 -11 5 -11 5 -10 5 -11 5 -11 6 -11 6 -10 6 -11 6 -11 6 -11 6 -10 6 -11 7 -11 7 0 0 0 0 0 0 0 0 0 0]"
"1769237490382152,CSI_DATA,STATION,00:00:00:00:00:00,0,0,0,0,0,0,0,0,0,0,0,0,0,0,0,0,0,0,0,0,0,128,[84 -64 4 0 0 0 0 0 0 0 0 0 11 8 11 8 11 8 10 9 10 9 10 9 10 9 9 10 9 10 8 11 8 10 8 10 8 10 8 10 7 11 7 10 7 10 7 10 7 10 7 10 6 9 7 10 6 9 6 9 6 10 7 9 0 0 6 9 7 8 7 8 7 8 7 8 7 8 7 7 8 7 8 7 8 7 8 7 8 7 8 7 8 7 9 7 9 6 9 6 9 6 10 6 9 6 9 6 10 6 10 6 10 6 10 6 10 6 0 0 0 0 0 0 0 0 0 0]"
"1769237490386442,CSI_DATA,STATION,00:00:00:00:00:00,0,0,0,0,0,0,0,0,0,0,0,0,0,0,0,0,0,0,0,0,0,128,[84 -64 4 0 0 0 0 0 0 0 0 0 2 -16 3 -16 4 -16 4 -15 4 -16 5 -15 6 -15 6 -15 6 -14 7 -14 6 -14 6 -14 7 -14 7 -13 7 -13 6 -13 7 -13 7 -13 7 -12 7 -12 6 -12 6 -12 7 -12 6 -12 6 -12 6 -12 0 0 6 -12 5 -12 4 -12 4 -12 4 -12 4 -12 3 -12 4 -13 4 -12 3 -13 3 -13 3 -13 2 -13 2 -13 2 -13 2 -13 2 -14 2 -14 1 -14 1 -14 1 -14 1 -14 1 -14 1 -14 0 -14 0 -14 0 0 0 0 0 0 0 0 0 0]"
"1769237490390749,CSI_DATA,STATION,00:00:00:00:00:00,0,0,0,0,0,0,0,0,0,0,0,0,0,0,0,0,0,0,0,0,0,128,[84 -64 4 0 0 0 0 0 0 0 0 0 8 -12 9 -12 9 -11 9 -11 10 -10 10 -10 10 -10 10 -10 11 -9 11 -9 11 -9 11 -8 11 -8 11 -8 11 -7 10 -7 10 -8 10 -7 10 -7 10 -7 10 -7 10 -7 9 -7 9 -8 9 -7 9 -7 0 0 9 -7 8 -7 8 -7 8 -7 8 -8 8 -8 8 -8 7 -9 8 -8 7 -9 7 -9 7 -9 7 -9 7 -9 7 -10 7 -10 6 -10 7 -10 7 -11 7 -10 7 -11 6 -10 6 -10 6 -11 6 -11 6 -11 0 0 0 0 0 0 0 0 0 0]"
"1769237490397233,CSI_DATA,STATION,00:00:00:00:00:00,0,0,0,0,0,0,0,0,0,0,0,0,0,0,0,0,0,0,0,0,0,128,[84 -64 4 0 0 0 0 0 0 0 0 0 12 6 11 7 11 7 11 7 11 8 11 8 10 8 10 9 10 8 9 9 9 9 9 9 8 9 8 9 8 9 8 9 8 9 7 9 8 9 8 9 8 9 8 8 7 8 7 8 7 8 8 8 0 0 7 8 8 8 8 7 7 7 8 7 8 7 8 7 8 7 8 6 9 6 9 6 9 7 9 6 9 6 9 6 9 6 9 5 10 5 10 5 10 5 10 5 10 5 10 5 10 5 11 5 11 5 0 0 0 0 0 0 0 0 0 0]"
"1769237490401541,CSI_DATA,STATION,00:00:00:00:00:00,0,0,0,0,0,0,0,0,0,0,0,0,0,0,0,0,0,0,0,0,0,128,[84 -64 4 0 0 0 0 0 0 0 0 0 -14 -1 -15 -2 -14 -2 -15 -3 -14 -3 -15 -4 -14 -4 -14 -4 -14 -4 -13 -5 -13 -4 -13 -5 -13 -5 -13 -5 -13 -5 -12 -5 -13 -5 -12 -6 -12 -5 -11 -5 -12 -5 -11 -5 -11 -5 -12 -5 -11 -5 -12 -4 0 0 -11 -4 -11 -4 -12 -4 -11 -3 -12 -4 -11 -3 -12 -3 -12 -3 -11 -3 -12 -3 -12 -2 -12 -2 -12 -2 -12 -2 -12 -2 -13 -1 -12 -2 -13 -1 -13 -1 -13 -1 -13 -1 -13 -1 -13 -1 -14 0 -13 0 -13 0 0 0 0 0 0 0 0 0 0 0]"
"1769237490408022,CSI_DATA,STATION,00:00:00:00:00:00,0,0,0,0,0,0,0,0,0,0,0,0,0,0,0,0,0,0,0,0,0,128,[84 -64 4 0 0 0 0 0 0 0 0 0 0 14 0 13 -1 14 -2 14 -1 14 -2 14 -3 13 -3 13 -3 13 -3 13 -3 13 -3 12 -4 12 -4 12 -4 12 -4 12 -4 12 -5 12 -4 12 -4 11 -4 11 -4 11 -4 11 -4 11 -3 11 -3 11 0 0 -3 10 -3 10 -3 11 -3 11 -3 11 -2 11 -2 11 -2 11 -2 11 -2 11 -1 11 -1 12 -1 12 -1 11 -1 12 -1 12 -1 12 0 12 0 12 -1 12 0 12 0 12 0 12 0 12 0 13 0 12 0 0 0 0 0 0 0 0 0 0]"
"1769237490412346,CSI_DATA,STATION,00:00:00:00:00:00,0,0,0,0,0,0,0,0,0,0,0,0,0,0,0,0,0,0,0,0,0,128,[84 -64 4 0 0 0 0 0 0 0 0 0 12 -5 12 -4 11 -4 12 -4 12 -3 12 -3 12 -2 12 -2 12 -2 12 -1 12 -2 12 -2 12 -1 11 -2 11 -1 11 -1 11 -1 11 -1 11 -1 11 -1 10 -1 10 -1 10 -1 10 -1 10 -1 10 -2 0 0 10 -2 10 -2 10 -2 10 -3 10 -2 10 -3 10 -3 10 -3 10 -3 9 -3 9 -4 10 -4 10 -4 10 -4 10 -4 10 -5 10 -4 10 -5 10 -5 10 -5 10 -5 10 -5 10 -5 10 -6 10 -6 10 -6 0 0 0 0 0 0 0 0 0 0]"
"1769237490416663,CSI_DATA,STATION,00:00:00:00:00:00,0,0,0,0,0,0,0,0,0,0,0,0,0,0,0,0,0,0,0,0,0,128,[84 -64 4 0 0 0 0 0 0 0 0 0 -10 10 -11 9 -11 9 -11 8 -12 8 -12 8 -12 7 -13 7 -12 7 -13 6 -12 7 -13 6 -12 6 -12 5 -12 5 -12 5 -12 5 -12 5 -12 5 -12 4 -12 4 -11 5 -11 5 -11 5 -11 5 -11 5 0 0 -11 5 -10 5 -10 5 -10 6 -10 6 -10 5 -10 6 -10 6 -10 7 -10 7 -10 7 -10 7 -9 7 -10 7 -10 8 -10 8 -9 8 -9 8 -10 9 -10 8 -10 9 -9 9 -10 9 -9 9 -10 10 -10 9 0 0 0 0 0 0 0 0 0 0]"
"1769237490423157,CSI_DATA,STATION,00:00:00:00:00:00,0,0,0,0,0,0,0,0,0,0,0,0,0,0,0,0,0,0,0,0,0,128,[84 -64 4 0 0 0 0 0 0 0 0 0 -6 12 -7 12 -7 11 -8 11 -8 11 -9 11 -9 11 -9 11 -9 10 -10 10 -9 10 -9 10 -9 10 -9 9 -10 9 -9 9 -9 9 -9 9 -9 9 -9 8 -9 8 -9 8 -9 8 -8 9 -8 8 -8 9 0 0 -8 9 -8 8 -8 9 -7 9 -7 9 -7 9 -7 9 -7 10 -7 10 -7 10 -6 10 -7 10 -7 10 -6 10 -6 11 -6 11 -5 11 -6 11 -6 11 -6 11 -6 12 -5 11 -5 12 -5 12 -5 12 -5 12 0 0 0 0 0 0 0 0 0 0]"
"1769237490427453,CSI_DATA,STATION,00:00:00:00:00:00,0,0,0,0,0,0,0,0,0,0,0,0,0,0,0,0,0,0,0,0,0,128,[84 -64 4 0 0 0 0 0 0 0 0 0 3 13 3 13 2 14 2 14 2 13 1 14 1 14 0 13 0 13 0 13 0 13 -1 13 -1 13 -1 13 -1 13 -1 12 -1 12 -2 12 -1 12 -2 12 -2 12 -2 11 -2 12 -1 12 -1 11 0 12 0 0 -1 11 0 11 0 11 -1 12 0 11 0 11 0 11 0 11 0 11 1 11 1 12 1 12 2 12 2 12 1 12 2 12 2 12 2 12 2 12 2 12 2 12 3 13 2 12 3 13 3 12 3 13 0 0 0 0 0 0 0 0 0 0]"
"1769237490431766,CSI_DATA,STATION,00:00:00:00:00:00,0,0,0,0,0,0,0,0,0,0,0,0,0,0,0,0,0,0,0,0,0,128,[84 -64 4 0 0 0 0 0 0 0 0 0 -2 -14 -1 -15 0 -15 0 -15 1 -14 1 -15 2 -14 2 -14 2 -14 2 -14 2 -14 3 -14 3 -14 3 -13 3 -13 3 -13 3 -13 3 -13 3 -13 3 -12 3 -12 3 -12 3 -12 3 -12 2 -12 2 -12 0 0 2 -12 2 -12 1 -12 1 -12 2 -13 1 -12 1 -12 1 -12 1 -12 1 -13 0 -13 0 -13 0 -13 0 -13 0 -13 0 -14 0 -13 -1 -14 -1 -14 -1 -14 -1 -14 -1 -14 -1 -14 -1 -14 -1 -14 -1 -14 0 0 0 0 0 0 0 0 0 0]"
"1769237490438229,CSI_DATA,STATION,00:00:00:00:00:00,0,0,0,0,0,0,0,0,0,0,0,0,0,0,0,0,0,0,0,0,0,128,[84 -64 4 0 0 0 0 0 0 0 0 0 0 -14 0 -14 0 -14 1 -14 1 -14 2 -14 2 -14 2 -14 3 -14 3 -14 3 -13 3 -13 4 -13 4 -13 3 -13 4 -12 4 -13 4 -13 4 -13 3 -12 4 -12 3 -12 4 -12 3 -12 3 -12 3 -12 0 0 3 -12 2 -12 2 -12 2 -12 2 -12 2 -12 1 -12 1 -12 1 -12 1 -13 1 -13 1 -13 0 -13 0 -13 0 -13 0 -13 0 -13 0 -14 0 -14 0 -14 0 -14 0 -14 -1 -14 -1 -14 -1 -14 -1 -14 0 0 0 0 0 0 0 0 0 0]"
"1769237490442538,CSI_DATA,STATION,00:00:00:00:00:00,0,0,0,0,0,0,0,0,0,0,0,0,0,0,0,0,0,0,0,0,0,128,[84 -64 4 0 0 0 0 0 0 0 0 0 -2 14 -3 13 -3 13 -3 13 -4 13 -4 13 -5 13 -6 13 -5 12 -6 12 -6 12 -6 12 -6 12 -6 11 -7 11 -6 11 -6 12 -6 11 -6 10 -6 10 -6 10 -6 10 -6 11 -6 11 -6 10 -6 11 0 0 -6 10 -5 10 -5 10 -5 10 -5 11 -5 10 -5 11 -4 10 -4 11 -4 11 -4 12 -4 11 -4 12 -4 12 -4 12 -4 12 -3 12 -3 12 -3 12 -4 13 -3 13 -3 13 -3 13 -3 13 -3 13 -3 13 0 0 0 0 0 0 0 0 0 0]"
"1769237490448975,CSI_DATA,STATION,00:00:00:00:00:00,0,0,0,0,0,0,0,0,0,0,0,0,0,0,0,0,0,0,0,0,0,128,[84 -64 4 0 0 0 0 0 0 0 0 0 11 -8 12 -7 11 -7 12 -6 12 -6 12 -6 12 -6 13 -5 13 -5 13 -4 12 -4 12 -4 12 -3 12 -4 12 -3 12 -4 12 -4 12 -3 12 -3 12 -3 12 -3 11 -3 11 -3 11 -3 11 -3 11 -4 0 0 11 -3 11 -4 11 -4 11 -4 11 -4 11 -5 11 -4 10 -5 11 -5 10 -5 10 -5 11 -5 11 -5 11 -5 11 -6 11 -7 11 -7 11 -7 11 -7 11 -7 11 -7 10 -7 12 -7 11 -7 12 -7 12 -8 0 0 0 0 0 0 0 0 0 0]"
"1769237490453338,CSI_DATA,STATION,00:00:00:00:00:00,0,0,0,0,0,0,0,0,0,0,0,0,0,0,0,0,0,0,0,0,0,128,[84 -64 4 0 0 0 0 0 0 0 0 0 -12 8 -12 7 -12 6 -13 7 -13 6 -13 6 -13 6 -13 5 -13 5 -13 4 -13 4 -13 4 -13 4 -13 4 -14 3 -13 4 -13 4 -12 4 -13 3 -13 3 -12 3 -12 4 -12 4 -12 4 -12 3 -12 4 0 0 -12 4 -11 4 -11 5 -11 4 -11 4 -11 5 -11 5 -11 6 -11 6 -11 6 -11 6 -11 6 -11 7 -11 7 -11 7 -11 7 -10 7 -11 7 -11 8 -11 8 -11 8 -11 8 -11 8 -10 8 -11 9 -11 9 0 0 0 0 0 0 0 0 0 0]"
"1769237490457689,CSI_DATA,STATION,00:00:00:00:00:00,0,0,0,0,0,0,0,0,0,0,0,0,0,0,0,0,0,0,0,0,0,128,[84 -64 4 0 0 0 0 0 0 0 0 0 6 -12 7 -12 7 -12 8 -11 8 -11 9 -11 9 -10 9 -11 9 -10 9 -10 9 -10 9 -9 9 -9 9 -9 10 -9 9 -9 9 -9 9 -9 9 -9 9 -8 9 -8 9 -8 9 -8 9 -9 8 -8 9 -9 0 0 8 -9 8 -8 8 -9 7 -9 7 -9 7 -9 7 -9 7 -10 7 -10 7 -10 7 -10 7 -10 6 -10 7 -10 7 -11 7 -11 6 -11 6 -12 6 -12 6 -12 6 -12 6 -12 6 -12 6 -13 6 -13 6 -13 0 0 0 0 0 0 0 0 0 0]"
"1769237490464048,CSI_DATA,STATION,00:00:00:00:00:00,0,0,0,0,0,0,0,0,0,0,0,0,0,0,0,0,0,0,0,0,0,128,[84 -64 4 0 0 0 0 0 0 0 0 0 -14 -3 -14 -4 -14 -4 -14 -5 -14 -6 -13 -6 -13 -6 -13 -7 -12 -6 -13 -7 -13 -7 -12 -7 -12 -7 -12 -8 -11 -7 -12 -7 -12 -7 -12 -7 -12 -7 -11 -8 -11 -7 -11 -7 -11 -7 -11 -7 -10 -7 -11 -6 0 0 -11 -6 -11 -6 -11 -5 -11 -5 -12 -5 -11 -5 -11 -5 -12 -5 -11 -5 -12 -5 -12 -4 -12 -5 -12 -4 -12 -4 -13 -3 -13 -3 -13 -4 -13 -4 -13 -4 -13 -4 -13 -4 -14 -3 -14 -3 -14 -3 -14 -3 -14 -3 0 0 0 0 0 0 0 0 0 0]"
"1769237490468263,CSI_DATA,STATION,00:00:00:00:00:00,0,0,0,0,0,0,0,0,0,0,0,0,0,0,0,0,0,0,0,0,0,128,[84 -64 4 0 0 0 0 0 0 0 0 0 5 -13 5 -14 5 -12 6 -12 6 -12 7 -12 7 -12 7 -12 8 -11 7 -11 8 -11 8 -11 8 -11 8 -10 8 -11 8 -10 8 -10 8 -11 8 -10 8 -10 8 -10 7 -10 8 -10 7 -10 7 -9 7 -10 0 0 6 -10 6 -9 6 -10 6 -10 6 -11 6 -10 6 -11 5 -11 5 -11 5 -11 5 -11 5 -11 5 -11 5 -12 4 -12 4 -12 4 -13 4 -13 4 -13 4 -13 4 -13 3 -13 3 -13 3 -13 4 -14 3 -14 0 0 0 0 0 0 0 0 0 0]"
"1769237490474668,CSI_DATA,STATION,00:00:00:00:00:00,0,0,0,0,0,0,0,0,0,0,0,0,0,0,0,0,0,0,0,0,0,128,[84 -64 4 0 0 0 0 0 0 0 0 0 11 -3 12 -3 12 -2 12 -2 12 -1 12 -1 12 -1 12 -1 12 0 12 0 12 0 12 0 12 1 11 1 11 1 11 1 11 1 11 1 11 1 11 1 11 1 11 1 10 1 11 1 10 1 10 0 0 0 10 0 10 0 10 0 10 -1 10 0 10 0 10 -1 10 0 10 -1 10 -1 10 -1 11 -1 11 -1 11 -1 10 -2 11 -2 11 -2 11 -2 11 -2 11 -2 11 -3 11 -2 11 -3 11 -3 12 -3 12 -3 0 0 0 0 0 0 0 0 0 0]"
"1769237490478963,CSI_DATA,STATION,00:00:00:00:00:00,0,0,0,0,0,0,0,0,0,0,0,0,0,0,0,0,0,0,0,0,0,128,[84 -64 4 0 0 0 0 0 0 0 0 0 -15 1 -14 0 -15 0 -14 -1 -15 -1 -14 -1 -15 -2 -14 -2 -14 -3 -14 -3 -14 -3 -13 -3 -14 -4 -13 -4 -13 -4 -13 -3 -12 -3 -13 -4 -13 -3 -13 -4 -13 -4 -12 -4 -13 -4 -12 -4 -12 -3 -12 -2 0 0 -12 -3 -13 -2 -12 -2 -12 -2 -12 -2 -12 -2 -12 -2 -12 -2 -12 -1 -13 -1 -13 -1 -13 -1 -13 -1 -12 -1 -14 0 -13 0 -14 0 -13 -1 -14 0 -13 0 -14 1 -14 0 -14 0 -14 1 -14 1 -14 1 0 0 0 0 0 0 0 0 0 0]"
"1769237490485424,CSI_DATA,STATION,00:00:00:00:00:00,0,0,0,0,0,0,0,0,0,0,0,0,0,0,0,0,0,0,0,0,0,128,[84 -64 4 0 0 0 0 0 0 0 0 0 -6 -12 -6 -12 -5 -12 -5 -12 -4 -13 -4 -12 -4 -12 -4 -13 -3 -13 -3 -12 -2 -13 -2 -13 -2 -13 -2 -12 -2 -12 -2 -12 -1 -12 -1 -12 -2 -12 -2 -12 -2 -12 -2 -11 -1 -12 -2 -11 -2 -11 -2 -11 0 0 -2 -11 -3 -11 -3 -11 -3 -11 -3 -11 -3 -11 -3 -11 -4 -11 -4 -11 -3 -11 -4 -11 -4 -11 -4 -11 -5 -11 -5 -11 -5 -11 -5 -11 -5 -11 -5 -11 -5 -11 -6 -11 -6 -11 -6 -11 -6 -11 -6 -11 -7 -11 0 0 0 0 0 0 0 0 0 0]"
"1769237490489729,CSI_DATA,STATION,00:00:00:00:00:00,0,0,0,0,0,0,0,0,0,0,0,0,0,0,0,0,0,0,0,0,0,128,[84 -64 4 0 0 0 0 0 0 0 0 0 12 -8 12 -7 11 -6 13 -6 12 -6 13 -6 13 -5 13 -5 13 -5 13 -4 13 -4 13 -4 12 -4 13 -4 13 -3 12 -3 12 -3 12 -3 12 -3 12 -3 12 -3 11 -3 12 -3 11 -4 12 -3 11 -4 0 0 11 -4 11 -4 11 -4 11 -4 11 -4 11 -5 11 -5 10 -5 11 -5 10 -6 10 -6 10 -6 10 -6 11 -6 10 -6 11 -7 10 -7 10 -8 10 -8 10 -8 10 -8 10 -8 10 -8 10 -8 10 -8 10 -9 0 0 0 0 0 0 0 0 0 0]"
"1769237490494040,CSI_DATA,STATION,00:00:00:00:00:00,0,0,0,0,0,0,0,0,0,0,0,0,0,0,0,0,0,0,0,0,0,128,[84 -64 4 0 0 0 0 0 0 0 0 0 8 9 8 9 7 9 7 10 7 10 7 10 6 10 6 10 6 11 6 11 5 11 5 10 5 10 5 10 4 11 4 10 4 10 4 10 4 10 4 10 4 10 4 10 4 10 4 9 4 10 4 9 0 0 4 9 5 9 5 9 5 9 5 8 6 9 6 8 6 8 6 8 6 8 6 8 6 9 7 8 7 8 7 8 7 7 8 8 8 7 8 8 8 7 8 8 8 7 8 7 9 7 8 7 9 7 0 0 0 0 0 0 0 0 0 0]"
"1769237490500501,CSI_DATA,STATION,00:00:00:00:00:00,0,0,0,0,0,0,0,0,0,0,0,0,0,0,0,0,0,0,0,0,0,128,[84 -64 4 0 0 0 0 0 0 0 0 0 -3 -13 -3 -14 -2 -13 -2 -14 -2 -13 -1 -14 0 -13 0 -13 0 -13 0 -13 0 -13 0 -13 1 -13 1 -13 1 -13 1 -12 2 -13 1 -12 1 -13 2 -12 1 -11 1 -12 1 -11 1 -11 0 -12 1 -12 0 0 1 -11 0 -10 0 -11 0 -11 0 -11 0 -11 0 -11 0 -11 -1 -11 -1 -11 -1 -11 -1 -11 -2 -11 -1 -12 -2 -11 -2 -12 -2 -11 -2 -12 -2 -12 -2 -12 -2 -12 -2 -12 -3 -12 -3 -12 -3 -12 -3 -12 0 0 0 0 0 0 0 0 0 0]"
"1769237490504799,CSI_DATA,STATION,00:00:00:00:00:00,0,0,0,0,0,0,0,0,0,0,0,0,0,0,0,0,0,0,0,0,0,128,[84 -64 4 0 0 0 0 0 0 0 0 0 -17 -2 -16 -2 -16 -4 -16 -3 -16 -4 -16 -4 -16 -5 -16 -5 -15 -6 -15 -6 -15 -6 -14 -6 -14 -6 -14 -7 -14 -6 -14 -7 -13 -6 -13 -7 -14 -7 -13 -7 -13 -7 -13 -6 -13 -6 -13 -6 -13 -6 -13 -6 0 0 -12 -5 -13 -5 -13 -4 -13 -4 -13 -5 -13 -4 -13 -4 -13 -4 -13 -3 -14 -3 -14 -3 -14 -3 -14 -3 -14 -2 -15 -3 -14 -2 -15 -2 -15 -1 -15 -1 -15 -1 -15 -1 -14 -1 -15 -1 -15 0 -15 0 -15 0 0 0 0 0 0 0 0 0 0 0]"
"1769237490515646,CSI_DATA,STATION,00:00:00:00:00:00,0,0,0,0,0,0,0,0,0,0,0,0,0,0,0,0,0,0,0,0,0,128,[84 -64 4 0 0 0 0 0 0 0 0 0 4 15 3 15 3 15 3 15 1 16 2 16 1 16 -1 16 0 15 -1 15 0 15 -1 15 -1 14 -1 15 -2 15 -1 14 -2 14 -2 13 -1 14 -1 14 -2 13 -2 13 -2 13 -2 13 -1 13 -1 13 0 0 -1 12 0 13 0 13 0 13 1 12 1 13 1 13 1 12 2 12 1 13 2 12 2 13 3 13 3 13 3 12 4 12 4 13 4 12 4 13 4 13 4 13 5 13 5 13 5 13 6 13 6 13 0 0 0 0 0 0 0 0 0 0]"
"1769237490522356,CSI_DATA,STATION,00:00:00:00:00:00,0,0,0,0,0,0,0,0,0,0,0,0,0,0,0,0,0,0,0,0,0,128,[84 -64 4 0 0 0 0 0 0 0 0 0 9 -11 10 -11 9 -10 10 -10 11 -10 11 -10 11 -9 11 -9 12 -9 11 -8 11 -8 11 -8 11 -8 11 -8 12 -8 11 -7 11 -7 11 -7 11 -7 11 -7 10 -7 10 -7 10 -7 10 -7 10 -7 10 -7 0 0 9 -7 9 -7 9 -7 9 -7 9 -8 9 -8 8 -8 8 -8 8 -8 8 -9 8 -9 8 -9 8 -9 8 -10 7 -10 8 -10 7 -10 7 -11 7 -11 7 -11 7 -11 7 -11 7 -11 7 -12 7 -12 7 -12 0 0 0 0 0 0 0 0 0 0]"
"1769237490529027,CSI_DATA,STATION,00:00:00:00:00:00,0,0,0,0,0,0,0,0,0,0,0,0,0,0,0,0,0,0,0,0,0,128,[84 -64 4 0 0 0 0 0 0 0 0 0 -14 -4 -15 -5 -14 -5 -15 -6 -14 -7 -13 -7 -13 -7 -13 -8 -12 -8 -13 -9 -13 -8 -12 -8 -12 -8 -12 -8 -11 -9 -11 -8 -11 -9 -11 -8 -11 -9 -10 -8 -10 -8 -10 -8 -10 -8 -11 -8 -10 -7 -10 -7 0 0 -10 -7 -10 -7 -11 -7 -10 -6 -11 -6 -10 -7 -11 -6 -11 -6 -11 -6 -11 -6 -12 -5 -12 -5 -12 -5 -12 -5 -12 -5 -12 -4 -12 -5 -12 -4 -12 -5 -12 -4 -13 -4 -13 -4 -13 -4 -14 -4 -13 -3 -14 -3 0 0 0 0 0 0 0 0 0 0]"
"1769237490533501,CSI_DATA,STATION,00:00:00:00:00:00,0,0,0,0,0,0,0,0,0,0,0,0,0,0,0,0,0,0,0,0,0,128,[84 -64 4 0 0 0 0 0 0 0 0 0 6 -14 7 -13 7 -13 8 -13 8 -13 9 -12 9 -11 9 -11 10 -11 10 -11 9 -11 10 -11 9 -11 9 -10 10 -10 10 -9 10 -9 9 -10 9 -9 10 -9 9 -9 9 -9 9 -9 9 -9 8 -9 8 -10 0 0 8 -9 8 -9 7 -9 7 -9 7 -9 7 -10 6 -9 7 -10 7 -10 6 -10 6 -11 6 -11 6 -11 6 -11 6 -11 6 -12 5 -11 5 -12 6 -12 5 -12 5 -12 5 -12 5 -12 4 -13 5 -13 4 -13 0 0 0 0 0 0 0 0 0 0]"
"1769237490540209,CSI_DATA,STATION,00:00:00:00:00:00,0,0,0,0,0,0,0,0,0,0,0,0,0,0,0,0,0,0,0,0,0,128,[84 -64 4 0 0 0 0 0 0 0 0 0 -12 9 -12 9 -12 9 -13 8 -13 7 -14 7 -13 7 -14 6 -14 5 -14 5 -13 5 -14 5 -13 5 -13 5 -14 4 -13 4 -13 4 -12 4 -13 4 -13 3 -13 3 -13 3 -12 4 -12 4 -12 4 -12 4 0 0 -12 4 -11 4 -11 4 -11 4 -11 4 -11 4 -11 4 -11 5 -11 6 -11 6 -11 6 -11 6 -11 6 -11 6 -11 6 -11 7 -10 7 -10 7 -11 7 -11 7 -11 8 -11 8 -11 8 -10 8 -11 9 -11 9 0 0 0 0 0 0 0 0 0 0]"
"1769237490544669,CSI_DATA,STATION,00:00:00:00:00:00,0,0,0,0,0,0,0,0,0,0,0,0,0,0,0,0,0,0,0,0,0,128,[84 -64 4 0 0 0 0 0 0 0 0 0 -10 -9 -10 -9 -10 -10 -10 -10 -9 -10 -9 -11 -9 -10 -8 -11 -8 -11 -8 -11 -7 -11 -7 -11 -7 -11 -7 -11 -6 -11 -7 -11 -7 -11 -6 -11 -6 -11 -6 -11 -6 -11 -6 -11 -6 -10 -7 -10 -6 -10 -6 -10 0 0 -6 -9 -6 -9 -7 -9 -7 -9 -7 -9 -7 -9 -7 -9 -7 -9 -7 -8 -8 -8 -8 -8 -8 -8 -8 -8 -8 -8 -8 -8 -9 -8 -9 -8 -9 -8 -9 -8 -9 -8 -10 -8 -9 -8 -10 -8 -10 -8 -10 -7 -10 -7 0 0 0 0 0 0 0 0 0 0]"
"1769237490551381,CSI_DATA,STATION,00:00:00:00:00:00,0,0,0,0,0,0,0,0,0,0,0,0,0,0,0,0,0,0,0,0,0,128,[84 -64 4 0 0 0 0 0 0 0 0 0 13 6 13 7 12 7 12 7 12 8 11 8 11 8 11 9 10 9 10 9 10 9 9 9 9 9 9 9 9 10 8 9 9 9 9 9 9 9 8 9 8 9 8 9 8 8 8 9 8 8 8 8 0 0 8 8 8 8 9 8 8 7 9 7 8 7 9 7 9 7 9 6 9 7 9 6 9 7 10 7 10 6 10 6 10 6 10 6 11 6 11 5 10 5 11 6 11 6 11 5 11 5 11 5 12 5 0 0 0 0 0 0 0 0 0 0]"
"1769237490555812,CSI_DATA,STATION,00:00:00:00:00:00,0,0,0,0,0,0,0,0,0,0,0,0,0,0,0,0,0,0,0,0,0,128,[84 -64 4 0 0 0 0 0 0 0 0 0 12 -4 13 -4 12 -3 13 -3 13 -2 13 -2 12 -2 13 -1 12 -1 13 0 13 0 12 0 12 0 12 0 12 0 11 0 12 0 11 0 12 0 11 0 11 1 11 0 11 0 11 0 11 0 11 -1 0 0 10 -1 10 -1 10 -1 10 -1 10 -1 10 -2 10 -2 10 -2 10 -2 10 -3 10 -3 10 -3 10 -3 10 -3 10 -4 11 -4 10 -4 11 -5 11 -4 10 -5 11 -5 10 -4 10 -5 10 -5 10 -5 11 -5 0 0 0 0 0 0 0 0 0 0]"
"1769237490562233,CSI_DATA,STATION,00:00:00:00:00:00,0,0,0,0,0,0,0,0,0,0,0,0,0,0,0,0,0,0,0,0,0,128,[84 -64 4 0 0 0 0 0 0 0 0 0 12 6 13 7 12 7 12 8 11 8 11 8 11 9 11 9 10 9 10 10 10 9 9 9 10 9 9 9 9 10 9 9 9 10 8 9 8 9 8 9 8 9 8 9 8 9 9 8 8 8 8 8 0 0 8 8 8 8 8 7 8 8 8 7 9 7 8 7 9 7 9 6 9 7 9 6 10 6 10 6 10 6 10 6 10 6 10 5 11 5 11 5 11 6 11 5 11 6 11 5 11 5 12 5 12 5 0 0 0 0 0 0 0 0 0 0]"
"1769237490566474,CSI_DATA,STATION,00:00:00:00:00:00,0,0,0,0,0,0,0,0,0,0,0,0,0,0,0,0,0,0,0,0,0,128,[84 -64 4 0 0 0 0 0 0 0 0 0 -9 12 -10 11 -10 11 -11 10 -11 11 -11 10 -11 9 -12 9 -12 9 -12 8 -12 9 -12 8 -12 8 -12 8 -12 7 -12 7 -11 7 -12 7 -11 6 -11 6 -11 7 -11 7 -11 7 -11 6 -11 6 -11 7 0 0 -10 7 -10 7 -10 7 -10 7 -9 7 -9 7 -9 7 -9 8 -9 8 -9 8 -9 8 -9 8 -9 8 -8 9 -9 9 -8 9 -8 10 -8 9 -8 10 -8 10 -8 10 -8 10 -8 10 -8 10 -8 11 -8 11 0 0 0 0 0 0 0 0 0 0]"
"1769237490570783,CSI_DATA,STATION,00:00:00:00:00:00,0,0,0,0,0,0,0,0,0,0,0,0,0,0,0,0,0,0,0,0,0,128,[84 -64 4 0 0 0 0 0 0 0 0 0 -15 1 -16 1 -16 0 -15 0 -15 -1 -15 -1 -15 -2 -15 -2 -15 -2 -15 -3 -15 -3 -14 -3 -14 -3 -14 -3 -14 -3 -14 -3 -14 -3 -14 -3 -14 -3 -13 -4 -13 -3 -13 -4 -13 -3 -13 -3 -12 -3 -13 -2 0 0 -12 -2 -12 -2 -12 -2 -12 -1 -12 -2 -12 -1 -12 -1 -12 -1 -12 -1 -12 0 -12 0 -13 0 -13 0 -12 1 -13 1 -13 1 -13 1 -13 1 -13 1 -13 1 -14 2 -13 2 -13 2 -14 2 -14 2 -13 2 0 0 0 0 0 0 0 0 0 0]"
"1769237490577218,CSI_DATA,STATION,00:00:00:00:00:00,0,0,0,0,0,0,0,0,0,0,0,0,0,0,0,0,0,0,0,0,0,128,[84 -64 4 0 0 0 0 0 0 0 0 0 11 8 10 8 10 8 9 8 9 9 9 9 9 9 8 9 8 9 8 10 7 10 7 9 7 10 7 10 7 10 7 10 6 9 6 9 7 9 7 9 6 9 7 9 6 9 6 9 7 9 6 8 0 0 7 8 6 8 7 7 6 7 7 7 7 7 7 7 8 7 7 6 8 6 8 6 8 7 8 6 8 6 8 6 9 6 9 5 9 5 9 5 9 5 9 5 10 5 10 5 10 5 10 5 10 5 0 0 0 0 0 0 0 0 0 0]"
"1769237490581519,CSI_DATA,STATION,00:00:00:00:00:00,0,0,0,0,0,0,0,0,0,0,0,0,0,0,0,0,0,0,0,0,0,128,[84 -64 4 0 0 0 0 0 0 0 0 0 -10 11 -11 10 -11 10 -11 10 -11 9 -12 9 -12 8 -13 8 -12 7 -13 7 -13 8 -13 7 -13 7 -12 7 -12 6 -12 7 -12 6 -12 7 -12 6 -12 5 -12 5 -11 5 -12 6 -11 6 -11 6 -11 6 0 0 -11 6 -10 6 -9 6 -10 6 -10 7 -10 6 -10 7 -10 7 -9 7 -10 8 -9 8 -9 8 -9 8 -9 8 -9 9 -8 9 -9 9 -9 9 -9 10 -8 9 -9 9 -8 10 -9 10 -8 10 -8 10 -8 11 0 0 0 0 0 0 0 0 0 0]"
"1769237490587959,CSI_DATA,STATION,00:00:00:00:00:00,0,0,0,0,0,0,0,0,0,0,0,0,0,0,0,0,0,0,0,0,0,128,[84 -64 4 0 0 0 0 0 0 0 0 0 4 14 3 14 2 14 2 14 2 14 1 14 1 14 1 14 1 14 0 14 -1 14 -1 13 -2 14 -1 13 -1 13 -1 13 -1 12 -2 13 -1 13 -1 13 -1 12 -1 12 -1 12 -1 12 -1 12 -1 12 0 0 -1 12 0 12 0 11 0 12 0 12 1 12 1 11 1 12 1 11 1 12 1 11 2 11 2 12 2 11 2 12 3 12 3 11 3 11 3 12 3 12 4 12 4 11 4 12 4 11 4 12 4 12 0 0 0 0 0 0 0 0 0 0]"
"1769237490592359,CSI_DATA,STATION,00:00:00:00:00:00,0,0,0,0,0,0,0,0,0,0,0,0,0,0,0,0,0,0,0,0,0,128,[84 -64 4 0 0 0 0 0 0 0 0 0 13 7 12 7 12 8 11 9 11 9 11 9 11 9 11 9 10 9 10 10 10 10 9 10 9 10 9 10 9 10 8 10 9 10 8 10 8 10 8 10 8 9 8 9 8 9 8 9 8 9 8 8 0 0 8 8 8 8 8 8 8 7 9 8 8 8 8 7 9 7 9 6 10 7 9 6 9 7 10 6 10 6 10 6 11 6 11 6 11 6 11 5 10 5 11 5 11 6 11 5 11 5 12 5 12 5 0 0 0 0 0 0 0 0 0 0]"
"1769237490596819,CSI_DATA,STATION,00:00:00:00:00:00,0,0,0,0,0,0,0,0,0,0,0,0,0,0,0,0,0,0,0,0,0,128,[84 -64 4 0 0 0 0 0 0 0 0 0 -13 8 -13 7 -13 6 -14 6 -14 6 -14 5 -14 5 -15 4 -15 3 -14 4 -14 4 -14 4 -14 3 -14 3 -15 3 -14 3 -14 2 -13 2 -13 2 -13 2 -13 2 -13 2 -13 2 -13 2 -13 2 -13 3 0 0 -12 3 -12 3 -12 3 -12 3 -12 3 -12 3 -12 3 -12 4 -11 4 -12 5 -11 5 -12 5 -12 5 -12 6 -12 5 -12 6 -11 6 -11 6 -12 6 -12 6 -12 7 -12 7 -11 7 -11 7 -12 7 -12 8 0 0 0 0 0 0 0 0 0 0]"
"1769237490603504,CSI_DATA,STATION,00:00:00:00:00:00,0,0,0,0,0,0,0,0,0,0,0,0,0,0,0,0,0,0,0,0,0,128,[84 -64 4 0 0 0 0 0 0 0 0 0 -8 -13 -8 -14 -8 -14 -7 -13 -6 -14 -6 -14 -5 -14 -5 -15 -5 -14 -5 -15 -4 -14 -4 -14 -4 -14 -4 -14 -4 -14 -4 -14 -3 -13 -4 -13 -3 -13 -3 -13 -3 -13 -4 -13 -3 -13 -3 -13 -4 -13 -4 -12 0 0 -4 -12 -4 -12 -4 -12 -4 -12 -5 -12 -5 -12 -5 -12 -5 -11 -6 -11 -6 -11 -6 -11 -6 -11 -6 -11 -7 -12 -7 -11 -7 -11 -7 -11 -8 -11 -8 -11 -8 -11 -8 -11 -8 -11 -8 -11 -9 -11 -9 -11 -9 -11 0 0 0 0 0 0 0 0 0 0]"
"1769237490607962,CSI_DATA,STATION,00:00:00:00:00:00,0,0,0,0,0,0,0,0,0,0,0,0,0,0,0,0,0,0,0,0,0,128,[84 -64 4 0 0 0 0 0 0 0 0 0 5 -14 6 -14 6 -14 6 -13 7 -13 7 -13 7 -13 8 -12 8 -12 8 -12 8 -12 8 -11 9 -12 8 -11 9 -10 8 -11 8 -11 8 -11 8 -10 8 -10 8 -10 8 -10 8 -11 8 -10 8 -9 7 -10 0 0 7 -10 7 -10 7 -10 6 -10 6 -10 6 -10 6 -10 6 -11 6 -11 6 -11 5 -11 5 -12 5 -11 5 -11 5 -12 5 -12 4 -12 4 -12 4 -12 4 -13 4 -12 4 -13 4 -13 4 -13 4 -13 3 -13 0 0 0 0 0 0 0 0 0 0]"
"1769237490612443,CSI_DATA,STATION,00:00:00:00:00:00,0,0,0,0,0,0,0,0,0,0,0,0,0,0,0,0,0,0,0,0,0,128,[84 -64 4 0 0 0 0 0 0 0 0 0 -15 1 -16 0 -15 -1 -15 -1 -15 -1 -15 -1 -15 -2 -15 -2 -15 -3 -15 -3 -15 -3 -14 -3 -14 -4 -14 -3 -14 -4 -13 -3 -14 -4 -14 -4 -14 -4 -13 -4 -13 -4 -13 -4 -13 -4 -13 -4 -12 -4 -13 -3 0 0 -12 -3 -12 -3 -13 -2 -12 -2 -13 -3 -12 -2 -12 -2 -13 -2 -12 -2 -12 -1 -13 -1 -13 -1 -13 -1 -13 -1 -12 0 -13 0 -13 0 -14 0 -14 1 -13 1 -14 1 -14 0 -14 0 -14 0 -14 1 -14 1 0 0 0 0 0 0 0 0 0 0]"
"1769237490619155,CSI_DATA,STATION,00:00:00:00:00:00,0,0,0,0,0,0,0,0,0,0,0,0,0,0,0,0,0,0,0,0,0,128,[84 -64 4 0 0 0 0 0 0 0 0 0 -6 -14 -6 -14 -5 -14 -5 -14 -5 -15 -4 -15 -4 -15 -3 -15 -3 -15 -3 -15 -2 -14 -2 -15 -1 -14 -2 -14 -1 -14 -2 -14 -1 -14 -1 -13 -1 -14 -1 -14 -1 -13 -1 -13 -1 -13 -1 -13 -1 -13 -2 -13 0 0 -2 -12 -2 -12 -2 -12 -2 -12 -2 -12 -3 -12 -3 -12 -3 -12 -3 -12 -3 -12 -4 -13 -4 -12 -4 -12 -4 -12 -5 -12 -5 -12 -5 -13 -5 -13 -5 -13 -5 -13 -5 -12 -6 -12 -6 -13 -6 -12 -6 -13 -6 -12 0 0 0 0 0 0 0 0 0 0]"
"1769237490623607,CSI_DATA,STATION,00:00:00:00:00:00,0,0,0,0,0,0,0,0,0,0,0,0,0,0,0,0,0,0,0,0,0,128,[84 -64 4 0 0 0 0 0 0 0 0 0 11 -7 11 -6 11 -6 11 -6 12 -5 12 -5 12 -4 12 -4 12 -4 12 -3 12 -3 12 -3 12 -2 12 -2 12 -2 11 -3 11 -2 11 -2 11 -2 11 -2 11 -2 11 -2 11 -2 11 -2 11 -2 10 -2 0 0 10 -2 10 -2 10 -2 10 -3 10 -3 10 -3 10 -3 10 -3 10 -3 10 -4 10 -4 10 -4 10 -4 10 -4 10 -5 10 -5 10 -5 10 -5 10 -5 10 -5 10 -5 10 -5 10 -5 10 -6 10 -6 10 -6 0 0 0 0 0 0 0 0 0 0]"
"1769237490628059,CSI_DATA,STATION,00:00:00:00:00:00,0,0,0,0,0,0,0,0,0,0,0,0,0,0,0,0,0,0,0,0,0,128,[84 -64 4 0 0 0 0 0 0 0 0 0 -15 1 -16 1 -15 0 -15 0 -15 -1 -15 -1 -15 -1 -15 -2 -15 -2 -15 -3 -15 -3 -14 -3 -14 -4 -14 -3 -14 -3 -14 -3 -13 -4 -13 -4 -13 -4 -13 -3 -13 -3 -12 -4 -13 -3 -13 -4 -13 -3 -13 -2 0 0 -12 -2 -13 -2 -12 -2 -13 -2 -12 -2 -12 -2 -12 -1 -12 -1 -12 -1 -13 -1 -13 0 -13 -1 -12 0 -13 0 -13 0 -13 0 -13 0 -13 1 -13 1 -13 1 -13 1 -13 1 -13 1 -13 1 -14 2 -14 2 0 0 0 0 0 0 0 0 0 0]"
"1769237490634734,CSI_DATA,STATION,00:00:00:00:00:00,0,0,0,0,0,0,0,0,0,0,0,0,0,0,0,0,0,0,0,0,0,128,[84 -64 4 0 0 0 0 0 0 0 0 0 12 -2 13 -1 13 0 12 0 13 0 13 1 13 1 13 1 12 1 12 2 12 2 12 2 12 2 12 2 12 2 11 2 12 2 11 3 11 2 11 2 11 2 10 2 11 2 11 2 10 1 10 1 0 0 10 1 10 1 10 1 10 0 10 0 10 0 10 0 10 0 10 -1 10 -1 10 -1 10 -1 11 -1 11 -1 11 -2 11 -2 11 -2 11 -3 11 -3 10 -3 11 -3 10 -3 11 -3 11 -3 11 -4 11 -4 0 0 0 0 0 0 0 0 0 0]"
"1769237490639214,CSI_DATA,STATION,00:00:00:00:00:00,0,0,0,0,0,0,0,0,0,0,0,0,0,0,0,0,0,0,0,0,0,128,[84 -64 4 0 0 0 0 0 0 0 0 0 8 12 7 11 7 12 6 12 7 13 6 12 5 13 5 13 5 13 4 14 4 13 4 13 4 13 4 13 3 13 3 13 3 12 3 12 3 12 3 13 3 12 3 12 3 12 3 12 3 12 3 11 0 0 3 11 4 11 4 10 4 11 4 11 4 11 4 11 4 10 5 10 5 10 5 10 5 10 5 10 6 10 6 10 6 10 7 10 7 10 6 10 7 10 7 10 7 10 8 10 8 10 8 10 8 10 0 0 0 0 0 0 0 0 0 0]"
"1769237490643632,CSI_DATA,STATION,00:00:00:00:00:00,0,0,0,0,0,0,0,0,0,0,0,0,0,0,0,0,0,0,0,0,0,128,[84 -64 4 0 0 0 0 0 0 0 0 0 -15 4 -15 3 -15 2 -14 2 -15 2 -15 1 -15 1 -15 1 -14 0 -15 0 -14 0 -14 -1 -14 -1 -14 -1 -14 -1 -14 -1 -14 -1 -14 -1 -14 -1 -13 -1 -13 -2 -13 -1 -13 -1 -13 -2 -13 -1 -13 0 0 0 -12 0 -13 0 -12 0 -12 0 -12 0 -12 0 -13 1 -12 1 -12 1 -13 2 -12 2 -12 2 -13 2 -13 2 -13 3 -12 3 -13 2 -12 3 -13 3 -13 3 -13 4 -13 4 -13 4 -13 4 -13 4 -13 4 0 0 0 0 0 0 0 0 0 0]"
"1769237490650313,CSI_DATA,STATION,00:00:00:00:00:00,0,0,0,0,0,0,0,0,0,0,0,0,0,0,0,0,0,0,0,0,0,128,[84 -64 4 0 0 0 0 0 0 0 0 0 -6 -12 -6 -13 -5 -13 -5 -13 -4 -13 -4 -13 -3 -13 -3 -13 -3 -13 -2 -13 -3 -13 -2 -13 -2 -13 -2 -13 -2 -13 -2 -13 -1 -13 -1 -12 -1 -13 -1 -12 -1 -12 -1 -12 -1 -12 -1 -12 -2 -11 -1 -12 0 0 -1 -11 -2 -11 -2 -11 -2 -11 -2 -11 -3 -11 -3 -11 -3 -11 -3 -11 -3 -11 -4 -11 -3 -11 -4 -11 -4 -11 -4 -11 -4 -11 -4 -11 -5 -11 -5 -12 -4 -12 -5 -11 -5 -11 -5 -11 -5 -11 -6 -11 -6 -11 0 0 0 0 0 0 0 0 0 0]"
"1769237490654742,CSI_DATA,STATION,00:00:00:00:00:00,0,0,0,0,0,0,0,0,0,0,0,0,0,0,0,0,0,0,0,0,0,128,[84 -64 4 0 0 0 0 0 0 0 0 0 -13 7 -14 6 -14 5 -14 5 -14 5 -14 5 -14 4 -15 4 -14 4 -14 3 -14 2 -14 3 -14 2 -14 2 -14 2 -14 2 -13 2 -13 1 -14 2 -14 2 -13 2 -13 2 -13 2 -13 1 -13 2 -13 2 0 0 -12 3 -12 3 -12 3 -12 3 -12 3 -12 4 -12 4 -12 4 -11 5 -12 5 -12 5 -12 5 -11 5 -12 6 -11 6 -11 6 -11 6 -11 7 -11 6 -11 7 -11 7 -11 8 -11 7 -11 7 -11 8 -11 8 0 0 0 0 0 0 0 0 0 0]"
"1769237490667479,CSI_DATA,STATION,00:00:00:00:00:00,0,0,0,0,0,0,0,0,0,0,0,0,0,0,0,0,0,0,0,0,0,128,[84 -64 4 0 0 0 0 0 0 0 0 0 -8 -11 -8 -11 -8 -11 -8 -11 -7 -12 -7 -12 -6 -12 -6 -12 -6 -12 -5 -13 -5 -12 -5 -12 -5 -12 -5 -12 -5 -12 -5 -12 -5 -12 -4 -11 -4 -12 -4 -12 -4 -12 -4 -11 -4 -12 -4 -11 -4 -11 -4 -11 0 0 -5 -11 -5 -10 -5 -11 -5 -10 -5 -10 -5 -11 -5 -10 -6 -10 -6 -10 -6 -10 -7 -10 -6 -10 -6 -10 -7 -10 -7 -10 -7 -10 -7 -10 -7 -10 -7 -10 -7 -10 -8 -10 -8 -10 -8 -10 -8 -10 -9 -10 -9 -10 0 0 0 0 0 0 0 0 0 0]"
"1769237490673928,CSI_DATA,STATION,00:00:00:00:00:00,0,0,0,0,0,0,0,0,0,0,0,0,0,0,0,0,0,0,0,0,0,128,[84 -64 4 0 0 0 0 0 0 0 0 0 -10 -10 -11 -11 -10 -11 -10 -12 -9 -12 -9 -13 -9 -12 -8 -13 -8 -13 -7 -13 -8 -13 -7 -13 -7 -13 -7 -13 -7 -13 -6 -12 -6 -13 -6 -12 -7 -13 -6 -13 -6 -12 -6 -12 -6 -12 -6 -12 -6 -12 -7 -12 0 0 -6 -12 -6 -11 -7 -11 -7 -10 -7 -11 -7 -11 -7 -11 -8 -10 -7 -10 -7 -10 -9 -10 -8 -10 -8 -10 -9 -10 -9 -10 -10 -10 -9 -10 -10 -10 -10 -10 -10 -10 -10 -10 -10 -10 -10 -10 -10 -10 -10 -10 -11 -10 0 0 0 0 0 0 0 0 0 0]"
"1769237490678238,CSI_DATA,STATION,00:00:00:00:00:00,0,0,0,0,0,0,0,0,0,0,0,0,0,0,0,0,0,0,0,0,0,128,[84 -64 4 0 0 0 0 0 0 0 0 0 -13 7 -13 7 -13 6 -14 6 -13 5 -14 6 -14 5 -14 5 -14 4 -14 4 -14 4 -14 4 -14 3 -13 3 -14 3 -14 3 -14 3 -13 2 -14 2 -14 3 -13 3 -13 3 -13 3 -13 3 -13 3 -13 3 0 0 -12 3 -12 3 -12 4 -12 4 -12 4 -12 4 -12 4 -11 5 -12 6 -11 5 -12 6 -12 5 -12 6 -11 6 -11 6 -11 6 -11 6 -11 7 -11 8 -11 7 -11 8 -11 8 -11 7 -11 8 -11 8 -11 8 0 0 0 0 0 0 0 0 0 0]"
"1769237490684682,CSI_DATA,STATION,00:00:00:00:00:00,0,0,0,0,0,0,0,0,0,0,0,0,0,0,0,0,0,0,0,0,0,128,[84 -64 4 0 0 0 0 0 0 0 0 0 -7 12 -8 12 -8 12 -8 12 -8 12 -9 12 -9 11 -10 11 -10 11 -10 10 -10 11 -10 10 -10 10 -10 10 -10 9 -10 9 -10 9 -10 9 -10 9 -10 8 -10 9 -10 8 -10 9 -9 9 -9 8 -9 9 0 0 -9 9 -8 9 -8 9 -8 9 -8 9 -8 9 -8 9 -8 10 -8 10 -7 10 -7 11 -7 10 -7 10 -7 11 -7 11 -7 11 -6 11 -6 11 -7 12 -7 11 -6 12 -7 12 -6 11 -6 12 -6 12 -6 12 0 0 0 0 0 0 0 0 0 0]"
"1769237490691313,CSI_DATA,STATION,00:00:00:00:00:00,0,0,0,0,0,0,0,0,0,0,0,0,0,0,0,0,0,0,0,0,0,128,[84 -64 4 0 0 0 0 0 0 0 0 0 -14 2 -14 1 -14 0 -13 0 -14 0 -13 -1 -14 -1 -14 -1 -14 -1 -14 -2 -14 -2 -13 -2 -13 -3 -13 -3 -13 -3 -13 -3 -12 -3 -13 -3 -12 -3 -12 -3 -12 -3 -12 -3 -12 -3 -12 -3 -11 -3 -12 -2 0 0 -12 -2 -12 -2 -11 -2 -12 -1 -12 -2 -11 -1 -11 -1 -12 -1 -12 -1 -13 0 -12 0 -12 -1 -12 0 -12 0 -13 0 -12 1 -13 0 -12 0 -13 1 -12 1 -12 1 -13 1 -13 1 -13 1 -13 1 -13 1 0 0 0 0 0 0 0 0 0 0]"
"1769237490695699,CSI_DATA,STATION,00:00:00:00:00:00,0,0,0,0,0,0,0,0,0,0,0,0,0,0,0,0,0,0,0,0,0,128,[84 -64 4 0 0 0 0 0 0 0 0 0 1 -15 2 -15 3 -15 3 -15 3 -15 3 -15 4 -15 4 -14 5 -15 5 -14 5 -14 5 -14 5 -14 5 -13 5 -13 6 -13 6 -13 6 -13 6 -12 5 -12 6 -12 6 -12 5 -13 5 -13 5 -12 5 -12 0 0 4 -12 4 -12 4 -12 4 -12 4 -12 4 -12 3 -12 3 -12 4 -12 3 -13 3 -13 3 -13 2 -13 3 -12 2 -13 2 -13 2 -14 2 -14 1 -14 2 -14 2 -13 1 -14 1 -14 1 -14 1 -14 0 -15 0 0 0 0 0 0 0 0 0 0]"
"1769237490700193,CSI_DATA,STATION,00:00:00:00:00:00,0,0,0,0,0,0,0,0,0,0,0,0,0,0,0,0,0,0,0,0,0,128,[84 -64 4 0 0 0 0 0 0 0 0 0 -14 6 -14 6 -15 5 -14 5 -14 4 -14 4 -15 4 -15 4 -15 3 -15 2 -15 2 -14 2 -14 2 -14 2 -14 2 -14 2 -14 1 -14 1 -14 1 -14 1 -13 1 -14 1 -14 1 -13 1 -13 1 -13 2 0 0 -13 2 -13 2 -13 2 -13 2 -12 3 -12 3 -13 3 -13 3 -12 3 -13 4 -12 4 -12 4 -12 4 -12 4 -13 4 -12 5 -12 5 -12 5 -13 6 -13 6 -13 6 -12 6 -13 6 -12 6 -13 6 -12 7 0 0 0 0 0 0 0 0 0 0]"
"1769237490706849,CSI_DATA,STATION,00:00:00:00:00:00,0,0,0,0,0,0,0,0,0,0,0,0,0,0,0,0,0,0,0,0,0,128,[84 -64 4 0 0 0 0 0 0 0 0 0 10 10 10 11 9 11 9 11 9 11 8 12 8 12 8 12 8 12 7 12 7 12 7 12 6 12 6 11 6 13 6 12 6 12 6 11 5 12 6 12 6 11 6 11 6 11 6 11 6 11 6 11 0 0 6 10 6 10 6 10 6 10 7 10 7 10 7 10 7 9 7 9 7 9 8 9 8 9 8 9 8 9 8 9 9 8 9 8 9 8 9 8 9 8 10 8 10 8 10 8 10 8 10 8 10 8 0 0 0 0 0 0 0 0 0 0]"
"1769237490711337,CSI_DATA,STATION,00:00:00:00:00:00,0,0,0,0,0,0,0,0,0,0,0,0,0,0,0,0,0,0,0,0,0,128,[84 -64 4 0 0 0 0 0 0 0 0 0 14 -3 14 -3 14 -2 14 -2 15 -1 15 -1 15 -1 15 0 15 0 15 1 14 0 14 1 14 1 14 1 13 2 14 1 13 2 13 1 13 1 13 1 13 1 12 1 13 1 13 1 12 1 12 0 0 0 12 0 12 0 12 0 12 -1 12 0 12 -1 12 -1 12 -1 12 -2 12 -2 12 -3 12 -2 12 -2 12 -3 12 -3 12 -3 12 -3 13 -4 12 -4 12 -4 12 -5 12 -4 12 -4 12 -4 12 -5 12 -5 0 0 0 0 0 0 0 0 0 0]"
"1769237490715762,CSI_DATA,STATION,00:00:00:00:00:00,0,0,0,0,0,0,0,0,0,0,0,0,0,0,0,0,0,0,0,0,0,128,[84 -64 4 0 0 0 0 0 0 0 0 0 0 15 -1 15 -2 15 -2 15 -2 15 -2 14 -3 15 -3 15 -4 14 -4 14 -5 14 -4 14 -5 13 -4 13 -5 13 -5 13 -5 13 -5 13 -4 13 -4 12 -5 12 -4 12 -5 12 -4 12 -4 12 -4 12 0 0 -4 12 -2 12 -3 12 -3 12 -3 12 -2 12 -2 12 -2 12 -2 12 -2 12 -1 12 -1 12 -1 12 -1 12 0 13 0 12 0 13 0 12 1 13 1 12 1 13 1 13 1 13 1 12 1 13 1 13 0 0 0 0 0 0 0 0 0 0]"
"1769237490722458,CSI_DATA,STATION,00:00:00:00:00:00,0,0,0,0,0,0,0,0,0,0,0,0,0,0,0,0,0,0,0,0,0,128,[84 -64 4 0 0 0 0 0 0 0 0 0 6 13 5 14 5 14 5 14 4 14 4 14 3 15 2 14 2 15 2 15 2 14 1 14 2 14 1 14 1 14 1 14 0 14 0 13 1 13 0 13 0 13 0 12 1 12 1 12 1 13 1 12 0 0 1 12 2 12 2 12 2 12 2 12 2 12 2 12 3 11 2 11 3 11 4 11 4 11 4 11 4 12 4 11 4 12 5 11 5 11 5 11 5 11 5 11 5 11 5 11 6 11 6 11 6 11 0 0 0 0 0 0 0 0 0 0]"
"1769237490726857,CSI_DATA,STATION,00:00:00:00:00:00,0,0,0,0,0,0,0,0,0,0,0,0,0,0,0,0,0,0,0,0,0,128,[84 -64 4 0 0 0 0 0 0 0 0 0 11 7 10 7 10 8 10 8 10 9 10 9 9 9 9 9 9 9 8 10 9 9 8 9 8 9 8 9 7 9 7 9 8 9 7 9 7 9 7 9 7 9 7 9 7 8 7 8 7 8 7 8 0 0 7 8 7 8 8 7 7 7 8 7 7 7 7 7 8 7 8 6 8 6 8 5 8 6 9 6 9 6 9 6 9 6 10 5 9 5 10 5 9 5 10 5 10 5 10 4 10 5 10 4 10 4 0 0 0 0 0 0 0 0 0 0]"
"1769237490731312,CSI_DATA,STATION,00:00:00:00:00:00,0,0,0,0,0,0,0,0,0,0,0,0,0,0,0,0,0,0,0,0,0,128,[84 -64 4 0 0 0 0 0 0 0 0 0 17 0 17 1 16 2 17 2 16 3 16 4 16 4 16 4 16 5 16 5 15 5 15 5 15 6 14 5 14 6 14 6 14 6 14 6 14 7 13 6 13 6 13 6 12 5 13 6 12 5 13 5 0 0 12 5 12 4 12 4 13 4 13 4 13 4 12 3 13 3 13 3 13 3 13 2 13 3 13 3 14 2 13 1 14 1 13 1 14 1 14 1 14 1 14 1 14 1 14 1 14 0 14 0 14 -1 0 0 0 0 0 0 0 0 0 0]"
"1769237490737964,CSI_DATA,STATION,00:00:00:00:00:00,0,0,0,0,0,0,0,0,0,0,0,0,0,0,0,0,0,0,0,0,0,128,[84 -64 4 0 0 0 0 0 0 0 0 0 -15 -4 -15 -5 -15 -5 -15 -6 -14 -6 -15 -6 -14 -7 -14 -7 -13 -8 -14 -8 -13 -8 -13 -8 -13 -9 -12 -8 -12 -8 -12 -8 -12 -8 -12 -8 -12 -8 -12 -8 -12 -7 -11 -7 -12 -7 -12 -7 -11 -7 -11 -6 0 0 -11 -6 -12 -5 -11 -5 -12 -5 -12 -6 -11 -5 -11 -5 -12 -5 -12 -4 -12 -4 -12 -4 -12 -4 -12 -4 -12 -3 -12 -3 -13 -2 -13 -3 -13 -2 -13 -2 -13 -2 -13 -2 -13 -2 -13 -2 -13 -2 -14 -2 -13 -1 0 0 0 0 0 0 0 0 0 0]"
"1769237490742442,CSI_DATA,STATION,00:00:00:00:00:00,0,0,0,0,0,0,0,0,0,0,0,0,0,0,0,0,0,0,0,0,0,128,[84 -64 4 0 0 0 0 0 0 0 0 0 11 7 11 7 11 8 11 8 10 9 9 9 9 9 9 9 9 9 8 9 8 9 8 9 8 9 8 9 7 10 7 9 8 9 7 9 7 9 7 9 7 9 7 9 7 8 7 8 7 8 7 8 0 0 7 8 7 8 7 8 7 7 7 7 7 7 8 7 8 7 8 6 8 6 8 6 8 6 8 6 8 6 9 6 9 6 9 5 9 5 9 5 9 5 10 5 9 5 10 5 10 5 10 5 10 5 0 0 0 0 0 0 0 0 0 0]"
"1769237490746829,CSI_DATA,STATION,00:00:00:00:00:00,0,0,0,0,0,0,0,0,0,0,0,0,0,0,0,0,0,0,0,0,0,128,[84 -64 4 0 0 0 0 0 0 0 0 0 2 -16 3 -16 3 -15 4 -15 4 -15 5 -15 5 -14 6 -14 6 -14 6 -14 6 -14 6 -13 6 -13 6 -13 6 -13 7 -12 7 -12 6 -13 7 -12 7 -12 6 -12 6 -11 6 -12 6 -12 5 -12 5 -12 0 0 5 -11 5 -11 5 -12 4 -11 5 -12 4 -11 4 -11 4 -12 4 -12 3 -12 3 -12 3 -12 3 -12 3 -13 3 -12 3 -13 1 -13 2 -13 2 -13 2 -13 2 -13 2 -13 1 -13 1 -13 1 -13 0 -14 0 0 0 0 0 0 0 0 0 0]"
"1769237490753505,CSI_DATA,STATION,00:00:00:00:00:00,0,0,0,0,0,0,0,0,0,0,0,0,0,0,0,0,0,0,0,0,0,128,[84 -64 4 0 0 0 0 0 0 0 0 0 5 13 5 14 3 14 4 14 3 14 3 14 2 14 2 14 1 14 1 14 1 14 1 14 1 14 0 14 0 14 0 13 0 13 -1 12 0 13 0 13 -1 13 0 13 0 12 0 12 0 12 1 12 0 0 0 12 0 11 1 11 1 11 1 12 2 12 1 11 2 11 2 11 2 11 2 11 2 11 3 11 3 11 3 11 3 12 4 11 4 11 4 11 4 11 4 11 5 11 4 11 5 11 5 12 4 11 0 0 0 0 0 0 0 0 0 0]"
"1769237490758238,CSI_DATA,STATION,00:00:00:00:00:00,0,0,0,0,0,0,0,0,0,0,0,0,0,0,0,0,0,0,0,0,0,128,[84 -64 4 0 0 0 0 0 0 0 0 0 -15 -5 -15 -5 -15 -6 -14 -6 -14 -6 -14 -7 -14 -8 -14 -8 -14 -8 -13 -9 -13 -8 -13 -8 -13 -9 -13 -9 -12 -9 -12 -9 -12 -8 -12 -9 -11 -9 -11 -9 -11 -9 -11 -9 -11 -8 -11 -8 -10 -8 -11 -7 0 0 -11 -7 -11 -7 -11 -7 -11 -6 -11 -7 -11 -6 -11 -6 -11 -6 -11 -6 -11 -6 -11 -5 -12 -5 -12 -5 -12 -5 -12 -5 -12 -4 -12 -5 -12 -4 -12 -4 -13 -4 -13 -4 -13 -4 -13 -4 -13 -4 -13 -3 -13 -3 0 0 0 0 0 0 0 0 0 0]"
"1769237490762561,CSI_DATA,STATION,00:00:00:00:00:00,0,0,0,0,0,0,0,0,0,0,0,0,0,0,0,0,0,0,0,0,0,128,[84 -64 4 0 0 0 0 0 0 0 0 0 14 -5 14 -4 14 -3 14 -3 15 -3 15 -3 15 -2 15 -2 15 -1 15 -1 14 0 14 0 13 0 13 1 14 0 14 0 13 0 13 1 13 1 13 0 13 0 13 1 13 0 12 0 12 0 12 0 0 0 12 -1 12 0 12 -1 12 -1 12 -1 12 -1 12 -2 12 -2 12 -2 11 -3 11 -3 11 -3 12 -3 12 -3 12 -4 12 -4 11 -4 12 -5 11 -4 11 -5 12 -5 11 -4 12 -5 11 -5 11 -5 12 -5 0 0 0 0 0 0 0 0 0 0]"
"1769237490768924,CSI_DATA,STATION,00:00:00:00:00:00,0,0,0,0,0,0,0,0,0,0,0,0,0,0,0,0,0,0,0,0,0,128,[84 -64 4 0 0 0 0 0 0 0 0 0 -4 -15 -3 -15 -3 -15 -3 -16 -2 -16 -2 -16 -1 -16 -1 -16 -1 -15 0 -15 0 -15 0 -15 1 -15 1 -14 1 -14 1 -14 1 -14 2 -14 1 -14 1 -14 1 -14 1 -14 1 -14 1 -13 0 -13 0 -13 0 0 0 -13 0 -13 -1 -13 0 -13 -1 -13 -1 -13 -1 -13 -2 -13 -2 -12 -2 -13 -2 -13 -2 -13 -3 -13 -2 -13 -3 -13 -3 -13 -4 -13 -4 -13 -4 -13 -4 -13 -4 -13 -4 -13 -5 -13 -4 -13 -5 -13 -5 -13 0 0 0 0 0 0 0 0 0 0]"
"1769237490773222,CSI_DATA,STATION,00:00:00:00:00:00,0,0,0,0,0,0,0,0,0,0,0,0,0,0,0,0,0,0,0,0,0,128,[84 -64 4 0 0 0 0 0 0 0 0 0 14 -4 14 -3 14 -2 14 -2 14 -2 15 -1 15 -1 15 -1 15 0 15 1 14 1 14 1 14 2 14 1 14 2 13 1 13 2 13 2 13 2 13 2 13 2 13 2 12 2 13 2 12 2 12 1 0 0 12 0 12 1 12 0 12 0 12 0 12 0 12 -1 12 -1 12 -1 11 -1 12 -1 12 -1 12 -1 12 -1 12 -2 12 -2 12 -3 12 -3 12 -3 12 -3 12 -4 12 -3 13 -3 13 -3 13 -4 12 -4 0 0 0 0 0 0 0 0 0 0]"
"1769237490777521,CSI_DATA,STATION,00:00:00:00:00:00,0,0,0,0,0,0,0,0,0,0,0,0,0,0,0,0,0,0,0,0,0,128,[84 -64 4 0 0 0 0 0 0 0 0 0 10 8 10 8 10 8 10 9 9 9 9 9 9 9 8 10 8 10 7 11 7 10 7 10 7 10 7 10 6 10 7 10 7 10 7 10 6 10 6 10 6 10 6 10 6 9 7 9 6 9 6 9 0 0 6 9 6 8 7 8 7 8 7 8 6 8 7 8 7 8 7 7 7 7 8 7 8 7 8 7 8 7 8 7 9 7 9 6 9 6 9 7 9 6 9 6 9 7 9 6 10 6 10 6 10 6 0 0 0 0 0 0 0 0 0 0]"
"1769237490783961,CSI_DATA,STATION,00:00:00:00:00:00,0,0,0,0,0,0,0,0,0,0,0,0,0,0,0,0,0,0,0,0,0,128,[84 -64 4 0 0 0 0 0 0 0 0 0 -16 0 -16 -1 -16 -2 -16 -3 -16 -2 -16 -3 -16 -4 -15 -4 -15 -4 -15 -5 -15 -4 -14 -5 -15 -5 -14 -6 -14 -6 -14 -5 -14 -5 -14 -5 -14 -5 -13 -6 -13 -6 -13 -5 -13 -5 -13 -5 -12 -5 -13 -4 0 0 -13 -4 -12 -4 -12 -4 -12 -3 -13 -4 -12 -4 -12 -3 -13 -4 -12 -2 -13 -3 -13 -2 -13 -2 -13 -2 -13 -2 -13 -1 -13 -1 -14 -1 -13 -1 -13 -1 -14 0 -14 -1 -14 0 -14 -1 -14 0 -14 0 -14 0 0 0 0 0 0 0 0 0 0 0]"
"1769237490788284,CSI_DATA,STATION,00:00:00:00:00:00,0,0,0,0,0,0,0,0,0,0,0,0,0,0,0,0,0,0,0,0,0,128,[84 -64 4 0 0 0 0 0 0 0 0 0 -8 13 -9 13 -9 12 -9 12 -10 12 -11 12 -10 11 -11 11 -11 11 -11 11 -11 10 -11 10 -11 10 -11 10 -11 9 -11 9 -11 10 -11 9 -11 9 -11 8 -10 9 -11 9 -11 9 -10 9 -10 9 -10 9 0 0 -10 9 -9 9 -9 9 -9 9 -9 9 -8 9 -8 9 -8 10 -7 10 -8 10 -7 10 -7 10 -7 11 -7 11 -7 11 -6 11 -6 11 -6 11 -6 12 -6 12 -6 12 -6 12 -6 12 -5 12 -6 12 -5 13 0 0 0 0 0 0 0 0 0 0]"
"1769237490792581,CSI_DATA,STATION,00:00:00:00:00:00,0,0,0,0,0,0,0,0,0,0,0,0,0,0,0,0,0,0,0,0,0,128,[84 -64 4 0 0 0 0 0 0 0 0 0 3 -12 4 -12 4 -12 4 -11 5 -12 5 -11 6 -11 6 -11 6 -11 6 -11 6 -10 6 -11 6 -10 6 -10 7 -10 6 -10 6 -10 7 -10 6 -9 6 -9 6 -9 6 -9 6 -9 6 -9 6 -9 5 -9 0 0 5 -9 5 -9 5 -9 4 -9 4 -9 4 -9 4 -9 4 -10 3 -10 4 -10 3 -10 3 -10 3 -10 3 -10 3 -11 2 -11 2 -11 2 -11 2 -11 2 -11 2 -11 1 -11 2 -11 1 -11 1 -12 1 -12 0 0 0 0 0 0 0 0 0 0]"
"1769237490799202,CSI_DATA,STATION,00:00:00:00:00:00,0,0,0,0,0,0,0,0,0,0,0,0,0,0,0,0,0,0,0,0,0,128,[84 -64 4 0 0 0 0 0 0 0 0 0 -4 -14 -3 -14 -2 -14 -2 -14 -2 -14 -2 -14 -1 -14 -1 -14 -1 -15 0 -14 0 -14 0 -14 1 -14 0 -14 0 -14 1 -13 1 -13 1 -13 1 -13 1 -13 1 -13 0 -12 0 -12 0 -12 0 -12 0 -12 0 0 -1 -12 0 -12 -1 -12 -1 -12 -1 -12 -2 -12 -2 -11 -2 -12 -2 -12 -3 -12 -3 -12 -3 -12 -3 -12 -3 -12 -3 -12 -4 -12 -4 -12 -4 -12 -4 -12 -4 -12 -5 -12 -5 -12 -5 -12 -5 -12 -6 -12 -5 -11 0 0 0 0 0 0 0 0 0 0]"
"1769237490803665,CSI_DATA,STATION,00:00:00:00:00:00,0,0,0,0,0,0,0,0,0,0,0,0,0,0,0,0,0,0,0,0,0,128,[84 -64 4 0 0 0 0 0 0 0 0 0 13 -3 13 -2 14 -2 13 -2 14 -1 13 -1 13 0 13 0 13 0 13 1 13 1 13 1 13 2 13 1 12 2 12 1 12 2 12 1 12 2 12 1 12 2 11 1 12 1 11 2 11 1 11 1 0 0 11 1 11 0 10 0 11 0 11 0 11 -1 11 -1 11 0 11 -1 11 -1 11 -1 11 -1 11 -1 11 -1 11 -3 11 -3 11 -2 11 -3 11 -3 11 -4 11 -4 11 -3 12 -3 11 -3 11 -4 11 -4 0 0 0 0 0 0 0 0 0 0]"
"1769237490810372,CSI_DATA,STATION,00:00:00:00:00:00,0,0,0,0,0,0,0,0,0,0,0,0,0,0,0,0,0,0,0,0,0,128,[84 -64 4 0 0 0 0 0 0 0 0 0 -11 -9 -11 -9 -11 -10 -10 -10 -11 -10 -10 -10 -10 -10 -9 -11 -9 -11 -9 -12 -8 -11 -8 -12 -8 -11 -8 -12 -7 -12 -8 -11 -7 -11 -7 -11 -7 -11 -7 -11 -7 -11 -7 -11 -7 -11 -7 -11 -7 -10 -7 -10 0 0 -7 -10 -7 -10 -8 -9 -8 -9 -8 -9 -8 -9 -8 -9 -9 -8 -8 -8 -9 -9 -9 -8 -9 -8 -9 -8 -9 -8 -9 -8 -9 -7 -10 -8 -10 -7 -10 -7 -10 -7 -10 -7 -11 -7 -11 -7 -11 -7 -11 -7 -11 -7 0 0 0 0 0 0 0 0 0 0]"
"1769237490814830,CSI_DATA,STATION,00:00:00:00:00:00,0,0,0,0,0,0,0,0,0,0,0,0,0,0,0,0,0,0,0,0,0,128,[84 -64 4 0 0 0 0 0 0 0 0 0 4 -15 6 -15 6 -14 6 -14 6 -15 7 -14 7 -14 8 -13 8 -13 8 -13 8 -13 8 -12 9 -13 8 -12 8 -11 8 -12 9 -11 9 -12 8 -11 9 -11 8 -11 8 -11 8 -11 8 -11 7 -10 7 -11 0 0 7 -11 6 -11 6 -10 6 -11 6 -11 6 -11 5 -11 5 -12 5 -11 5 -12 5 -12 4 -12 4 -12 4 -12 4 -12 4 -12 4 -13 4 -13 3 -13 3 -13 3 -13 3 -13 3 -13 3 -14 3 -13 2 -14 0 0 0 0 0 0 0 0 0 0]"
"1769237490819278,CSI_DATA,STATION,00:00:00:00:00:00,0,0,0,0,0,0,0,0,0,0,0,0,0,0,0,0,0,0,0,0,0,128,[84 -64 4 0 0 0 0 0 0 0 0 0 -12 7 -13 7 -13 6 -13 6 -13 6 -13 5 -13 5 -14 4 -14 4 -14 3 -13 4 -13 4 -13 3 -13 3 -13 3 -13 3 -12 3 -13 3 -13 2 -13 2 -12 2 -12 2 -12 2 -12 2 -12 2 -12 3 0 0 -12 3 -11 3 -11 3 -11 3 -11 3 -11 3 -11 4 -11 4 -11 4 -11 5 -11 5 -10 4 -10 5 -11 5 -10 5 -10 6 -10 6 -10 6 -10 6 -10 6 -10 7 -10 7 -10 7 -10 7 -10 7 -10 7 0 0 0 0 0 0 0 0 0 0]"
"1769237490825964,CSI_DATA,STATION,00:00:00:00:00:00,0,0,0,0,0,0,0,0,0,0,0,0,0,0,0,0,0,0,0,0,0,128,[84 -64 4 0 0 0 0 0 0 0 0 0 -16 0 -16 -1 -15 -1 -16 -2 -16 -2 -15 -3 -16 -3 -15 -4 -15 -4 -15 -5 -15 -4 -15 -4 -14 -5 -14 -5 -14 -5 -14 -5 -14 -5 -14 -6 -14 -5 -13 -5 -13 -5 -13 -5 -13 -5 -13 -5 -12 -5 -13 -4 0 0 -12 -4 -12 -4 -12 -3 -13 -3 -13 -4 -12 -3 -13 -3 -13 -2 -13 -2 -13 -2 -13 -2 -13 -2 -13 -1 -13 -1 -13 -1 -13 -1 -13 -1 -13 -1 -14 0 -13 0 -13 0 -14 0 -13 0 -14 1 -14 1 -14 1 0 0 0 0 0 0 0 0 0 0]"
"1769237490838937,CSI_DATA,STATION,00:00:00:00:00:00,0,0,0,0,0,0,0,0,0,0,0,0,0,0,0,0,0,0,0,0,0,128,[84 -64 4 0 0 0 0 0 0 0 0 0 10 -11 11 -11 11 -10 12 -9 11 -9 13 -9 12 -9 12 -8 13 -8 13 -7 12 -8 12 -7 12 -7 12 -6 13 -6 12 -6 12 -6 11 -6 12 -6 12 -6 11 -6 11 -6 11 -6 10 -6 11 -6 11 -6 0 0 10 -6 10 -6 10 -7 10 -6 10 -7 9 -7 9 -7 9 -7 9 -8 9 -8 8 -8 9 -8 9 -8 9 -8 8 -9 8 -9 8 -9 9 -10 8 -9 8 -9 8 -10 8 -9 8 -10 7 -10 8 -10 8 -11 0 0 0 0 0 0 0 0 0 0]"
"1769237490843296,CSI_DATA,STATION,00:00:00:00:00:00,0,0,0,0,0,0,0,0,0,0,0,0,0,0,0,0,0,0,0,0,0,128,[84 -64 4 0 0 0 0 0 0 0 0 0 12 -6 12 -6 12 -5 12 -4 12 -5 13 -4 12 -4 13 -3 13 -4 13 -2 12 -2 12 -2 12 -1 12 -2 12 -2 12 -2 11 -1 11 -1 11 -1 12 -2 11 -1 11 -1 11 -2 11 -1 11 -1 11 -2 0 0 11 -2 10 -2 10 -2 10 -3 10 -2 10 -3 10 -3 9 -3 9 -3 9 -4 9 -4 10 -4 10 -4 10 -4 10 -5 10 -5 9 -5 10 -5 9 -5 10 -5 10 -6 9 -6 10 -6 9 -6 10 -6 10 -6 0 0 0 0 0 0 0 0 0 0]"
"1769237490847628,CSI_DATA,STATION,00:00:00:00:00:00,0,0,0,0,0,0,0,0,0,0,0,0,0,0,0,0,0,0,0,0,0,128,[84 -64 4 0 0 0 0 0 0 0 0 0 8 -13 8 -12 9 -12 9 -12 10 -11 11 -11 10 -11 11 -10 11 -10 11 -9 11 -10 11 -9 11 -8 11 -8 12 -8 11 -8 11 -8 11 -8 10 -8 10 -8 10 -7 10 -8 10 -8 10 -7 10 -7 10 -8 0 0 9 -8 9 -8 9 -7 9 -8 9 -8 9 -8 8 -8 8 -9 8 -9 8 -9 7 -9 8 -9 8 -9 7 -9 7 -10 7 -10 7 -11 7 -10 7 -10 7 -11 7 -11 7 -10 7 -11 6 -11 7 -11 6 -12 0 0 0 0 0 0 0 0 0 0]"
"1769237490854307,CSI_DATA,STATION,00:00:00:00:00:00,0,0,0,0,0,0,0,0,0,0,0,0,0,0,0,0,0,0,0,0,0,128,[84 -64 4 0 0 0 0 0 0 0 0 0 12 5 12 6 11 6 12 7 11 6 11 7 11 7 11 8 10 7 10 8 10 8 9 8 10 8 9 8 9 8 8 7 9 8 9 7 8 8 8 8 8 8 8 7 8 7 8 7 8 7 8 7 0 0 8 6 8 6 8 6 8 5 9 6 8 5 9 5 9 5 9 5 9 5 9 4 9 5 9 5 10 4 9 3 10 4 10 3 10 3 10 3 10 3 10 2 10 3 10 3 11 3 11 2 11 2 0 0 0 0 0 0 0 0 0 0]"
"1769237490858757,CSI_DATA,STATION,00:00:00:00:00:00,0,0,0,0,0,0,0,0,0,0,0,0,0,0,0,0,0,0,0,0,0,128,[84 -64 4 0 0 0 0 0 0 0 0 0 9 -13 9 -13 9 -12 9 -12 10 -11 10 -11 11 -10 11 -10 11 -10 11 -9 11 -9 11 -9 11 -9 11 -9 11 -9 11 -8 11 -8 11 -8 10 -8 11 -7 10 -7 10 -8 10 -8 10 -7 10 -8 10 -8 0 0 9 -8 9 -7 9 -7 9 -8 9 -8 9 -8 8 -8 8 -9 8 -8 8 -9 8 -9 7 -10 8 -9 8 -9 7 -10 7 -10 7 -11 7 -11 7 -11 7 -10 7 -11 7 -10 7 -11 6 -11 6 -11 6 -12 0 0 0 0 0 0 0 0 0 0]"
"1769237490863023,CSI_DATA,STATION,00:00:00:00:00:00,0,0,0,0,0,0,0,0,0,0,0,0,0,0,0,0,0,0,0,0,0,128,[84 -64 4 0 0 0 0 0 0 0 0 0 10 -11 11 -11 11 -10 11 -10 12 -9 12 -9 12 -9 12 -9 13 -8 13 -8 13 -7 12 -7 12 -7 12 -7 12 -6 12 -6 12 -6 12 -6 12 -6 12 -6 12 -6 11 -6 11 -6 11 -6 11 -6 11 -6 0 0 11 -6 10 -6 10 -6 10 -6 9 -7 10 -7 10 -7 9 -8 9 -7 9 -8 9 -8 9 -8 9 -8 8 -8 9 -9 9 -9 8 -9 9 -9 8 -9 8 -10 8 -10 8 -9 8 -10 8 -10 8 -11 8 -11 0 0 0 0 0 0 0 0 0 0]"
"1769237490869452,CSI_DATA,STATION,00:00:00:00:00:00,0,0,0,0,0,0,0,0,0,0,0,0,0,0,0,0,0,0,0,0,0,128,[84 -64 4 0 0 0 0 0 0 0 0 0 1 -16 1 -15 2 -15 2 -15 2 -15 3 -15 4 -15 4 -15 4 -15 4 -14 4 -14 5 -14 5 -13 4 -14 4 -13 4 -13 5 -13 5 -13 5 -13 5 -12 4 -13 4 -12 4 -12 4 -12 4 -12 4 -12 0 0 4 -12 3 -12 3 -12 2 -12 3 -12 2 -12 2 -12 2 -12 2 -12 1 -12 1 -12 1 -12 1 -12 1 -13 0 -13 0 -13 0 -13 0 -13 -1 -13 -1 -13 -1 -13 -1 -13 -1 -13 -1 -13 -1 -13 -2 -13 0 0 0 0 0 0 0 0 0 0]"
"1769237490873758,CSI_DATA,STATION,00:00:00:00:00:00,0,0,0,0,0,0,0,0,0,0,0,0,0,0,0,0,0,0,0,0,0,128,[84 -64 4 0 0 0 0 0 0 0 0 0 -10 9 -10 9 -10 9 -11 8 -11 8 -11 8 -11 8 -11 7 -11 7 -12 6 -12 7 -12 6 -12 5 -12 5 -12 5 -12 6 -11 6 -11 5 -11 5 -11 5 -11 5 -11 5 -11 5 -11 5 -10 5 -10 5 0 0 -10 5 -9 5 -9 5 -9 6 -9 6 -9 6 -9 6 -9 6 -8 7 -8 7 -8 7 -8 7 -8 7 -8 7 -8 8 -8 8 -8 8 -8 8 -8 9 -7 9 -7 9 -7 9 -7 9 -7 9 -7 9 -7 9 0 0 0 0 0 0 0 0 0 0]"
"1769237490880244,CSI_DATA,STATION,00:00:00:00:00:00,0,0,0,0,0,0,0,0,0,0,0,0,0,0,0,0,0,0,0,0,0,128,[84 -64 4 0 0 0 0 0 0 0 0 0 -10 -13 -9 -13 -9 -13 -9 -14 -8 -13 -8 -14 -7 -14 -6 -13 -6 -14 -6 -14 -6 -14 -5 -14 -5 -14 -5 -14 -4 -15 -5 -13 -5 -14 -5 -13 -4 -14 -4 -14 -4 -13 -4 -13 -4 -12 -4 -13 -4 -12 -4 -13 0 0 -4 -12 -4 -11 -5 -12 -4 -11 -5 -12 -5 -12 -5 -11 -6 -11 -6 -11 -6 -10 -6 -11 -7 -11 -7 -11 -7 -11 -7 -11 -7 -10 -7 -11 -8 -11 -8 -10 -8 -11 -8 -11 -8 -11 -8 -10 -9 -11 -9 -10 -9 -10 0 0 0 0 0 0 0 0 0 0]"
"1769237490884571,CSI_DATA,STATION,00:00:00:00:00:00,0,0,0,0,0,0,0,0,0,0,0,0,0,0,0,0,0,0,0,0,0,128,[84 -64 4 0 0 0 0 0 0 0 0 0 11 9 11 10 10 10 10 10 10 11 9 11 9 11 9 12 8 11 7 12 8 11 7 11 7 11 7 11 6 12 6 11 6 11 6 11 6 11 6 11 6 11 5 11 6 11 6 10 6 10 6 10 0 0 6 10 6 10 6 9 6 9 6 9 6 9 6 9 7 9 7 8 7 8 7 8 7 9 8 9 8 8 8 8 8 8 9 8 9 7 9 7 9 7 9 7 9 8 10 7 9 7 10 7 10 7 0 0 0 0 0 0 0 0 0 0]"
"1769237490888871,CSI_DATA,STATION,00:00:00:00:00:00,0,0,0,0,0,0,0,0,0,0,0,0,0,0,0,0,0,0,0,0,0,128,[84 -64 4 0 0 0 0 0 0 0 0 0 2 16 1 16 1 16 0 16 0 16 -1 16 -1 16 -2 16 -2 15 -2 16 -3 16 -3 15 -3 15 -3 15 -4 15 -3 15 -3 14 -4 14 -4 15 -3 14 -3 14 -3 13 -3 14 -3 13 -3 13 -3 13 0 0 -2 13 -2 12 -2 13 -2 13 -2 13 -1 13 -1 13 -1 12 -1 12 0 13 0 13 0 13 0 13 1 13 0 13 1 13 1 13 2 13 2 13 1 13 2 13 2 14 2 13 3 13 2 13 3 13 0 0 0 0 0 0 0 0 0 0]"
"1769237490895342,CSI_DATA,STATION,00:00:00:00:00:00,0,0,0,0,0,0,0,0,0,0,0,0,0,0,0,0,0,0,0,0,0,128,[84 -64 4 0 0 0 0 0 0 0 0 0 -5 14 -5 14 -6 14 -6 13 -7 13 -7 13 -7 13 -7 13 -7 12 -9 12 -8 12 -9 11 -9 11 -9 11 -9 10 -9 11 -9 11 -8 11 -8 10 -8 10 -8 10 -8 10 -8 10 -8 10 -8 9 -8 10 0 0 -7 10 -7 10 -6 10 -7 10 -6 10 -6 10 -6 10 -6 10 -5 10 -6 11 -5 11 -5 10 -5 10 -5 11 -4 11 -4 11 -4 11 -4 12 -3 12 -4 12 -3 12 -3 11 -3 12 -3 12 -4 12 -3 12 0 0 0 0 0 0 0 0 0 0]"
"1769237490899673,CSI_DATA,STATION,00:00:00:00:00:00,0,0,0,0,0,0,0,0,0,0,0,0,0,0,0,0,0,0,0,0,0,128,[84 -64 4 0 0 0 0 0 0 0 0 0 -16 -10 -16 -11 -16 -11 -15 -12 -15 -13 -15 -12 -14 -13 -14 -13 -13 -13 -13 -14 -13 -13 -13 -13 -12 -14 -12 -14 -12 -14 -12 -14 -11 -13 -12 -14 -12 -13 -11 -14 -11 -13 -11 -13 -10 -13 -11 -13 -10 -13 -11 -11 0 0 -10 -11 -11 -11 -11 -11 -11 -11 -12 -10 -11 -11 -11 -11 -12 -10 -12 -10 -13 -10 -13 -9 -13 -9 -13 -9 -13 -9 -13 -9 -13 -8 -14 -9 -14 -8 -14 -8 -14 -8 -14 -8 -15 -8 -15 -8 -15 -8 -15 -7 -15 -7 0 0 0 0 0 0 0 0 0 0]"
"1769237490906171,CSI_DATA,STATION,00:00:00:00:00:00,0,0,0,0,0,0,0,0,0,0,0,0,0,0,0,0,0,0,0,0,0,128,[84 -64 4 0 0 0 0 0 0 0 0 0 7 11 6 11 6 11 6 11 5 12 5 12 4 12 3 13 4 12 4 12 3 12 3 12 3 12 3 12 2 12 2 12 2 12 2 11 2 11 2 11 2 11 2 11 2 11 2 11 2 11 3 10 0 0 3 10 3 10 3 10 3 10 3 10 3 10 3 10 4 10 4 9 4 9 5 9 5 9 5 9 5 9 5 10 5 9 5 9 6 9 6 9 6 9 6 9 6 9 6 9 7 8 7 9 7 9 0 0 0 0 0 0 0 0 0 0]"
"1769237490910498,CSI_DATA,STATION,00:00:00:00:00:00,0,0,0,0,0,0,0,0,0,0,0,0,0,0,0,0,0,0,0,0,0,128,[84 -64 4 0 0 0 0 0 0 0 0 0 10 -12 10 -11 11 -11 10 -10 11 -10 11 -10 11 -10 12 -9 12 -9 12 -8 12 -8 12 -8 12 -8 12 -8 12 -7 12 -7 12 -7 11 -8 11 -6 12 -7 12 -6 11 -7 11 -6 11 -7 11 -7 10 -7 0 0 10 -7 10 -7 10 -7 9 -7 9 -8 9 -7 9 -8 9 -8 9 -8 9 -9 8 -8 8 -8 9 -8 8 -9 8 -10 8 -9 8 -10 8 -10 8 -10 8 -10 8 -10 7 -10 8 -10 7 -11 8 -11 7 -11 0 0 0 0 0 0 0 0 0 0]"
"1769237490916989,CSI_DATA,STATION,00:00:00:00:00:00,0,0,0,0,0,0,0,0,0,0,0,0,0,0,0,0,0,0,0,0,0,128,[84 -64 4 0 0 0 0 0 0 0 0 0 8 12 8 12 7 12 7 13 6 13 6 13 6 14 5 13 4 13 5 14 5 13 4 13 4 13 4 13 4 13 3 13 3 13 3 12 3 12 3 13 3 12 3 12 3 12 3 12 3 12 4 12 0 0 4 11 4 11 4 11 4 11 5 11 5 11 5 11 5 10 5 10 6 10 6 9 5 10 6 10 6 10 6 10 7 10 7 9 8 10 7 10 7 9 8 10 8 9 8 9 9 8 8 9 9 9 0 0 0 0 0 0 0 0 0 0]"
"1769237490921364,CSI_DATA,STATION,00:00:00:00:00:00,0,0,0,0,0,0,0,0,0,0,0,0,0,0,0,0,0,0,0,0,0,128,[84 -64 4 0 0 0 0 0 0 0 0 0 -2 14 -3 14 -3 15 -3 14 -3 14 -4 14 -5 14 -5 14 -5 13 -5 13 -6 14 -6 13 -6 13 -6 13 -6 12 -6 12 -6 12 -6 12 -6 12 -6 12 -5 12 -5 11 -6 11 -6 11 -5 11 -5 11 0 0 -5 11 -4 11 -4 11 -4 11 -4 12 -3 12 -3 11 -3 11 -3 11 -3 11 -3 12 -2 12 -2 12 -2 12 -2 12 -1 12 -1 12 -1 12 0 12 0 12 0 12 0 12 0 12 0 12 0 13 0 12 0 0 0 0 0 0 0 0 0 0]"
"1769237490925701,CSI_DATA,STATION,00:00:00:00:00:00,0,0,0,0,0,0,0,0,0,0,0,0,0,0,0,0,0,0,0,0,0,128,[84 -64 4 0 0 0 0 0 0 0 0 0 -10 -11 -9 -11 -9 -11 -9 -11 -8 -12 -8 -12 -8 -11 -7 -13 -7 -12 -7 -13 -6 -12 -6 -12 -5 -12 -6 -12 -6 -13 -6 -12 -6 -12 -6 -11 -5 -12 -5 -12 -5 -12 -5 -11 -5 -11 -5 -11 -5 -11 -5 -11 0 0 -6 -11 -6 -10 -6 -10 -6 -10 -7 -9 -6 -10 -6 -10 -7 -10 -7 -9 -7 -9 -7 -9 -7 -9 -7 -9 -8 -9 -8 -9 -8 -9 -8 -9 -8 -9 -9 -9 -9 -9 -9 -9 -9 -8 -9 -9 -9 -8 -9 -9 -9 -8 0 0 0 0 0 0 0 0 0 0]"
"1769237490932218,CSI_DATA,STATION,00:00:00:00:00:00,0,0,0,0,0,0,0,0,0,0,0,0,0,0,0,0,0,0,0,0,0,128,[84 -64 4 0 0 0 0 0 0 0 0 0 3 -15 4 -15 5 -15 5 -15 6 -14 6 -14 7 -14 7 -14 7 -14 7 -13 7 -13 7 -12 8 -12 8 -12 8 -12 8 -12 8 -12 8 -12 8 -11 8 -11 8 -11 8 -11 8 -11 8 -11 7 -11 7 -11 0 0 7 -10 6 -11 6 -11 6 -11 5 -11 5 -11 5 -11 5 -11 5 -11 5 -12 5 -12 5 -12 4 -12 4 -12 4 -12 4 -12 4 -13 4 -13 4 -13 4 -13 4 -13 3 -12 3 -13 3 -13 3 -13 3 -13 0 0 0 0 0 0 0 0 0 0]"
"1769237490936529,CSI_DATA,STATION,00:00:00:00:00:00,0,0,0,0,0,0,0,0,0,0,0,0,0,0,0,0,0,0,0,0,0,128,[84 -64 4 0 0 0 0 0 0 0 0 0 15 4 14 4 14 4 14 5 14 5 14 6 13 6 13 6 13 7 13 7 12 7 12 7 12 7 12 8 11 8 11 7 11 7 11 7 10 8 10 8 10 8 10 7 10 7 11 7 10 7 11 6 0 0 10 6 10 6 10 6 10 6 10 6 11 6 10 5 11 5 10 5 10 5 10 4 11 5 11 5 11 4 11 4 12 4 12 4 12 3 12 3 12 3 12 3 12 4 12 3 12 3 13 3 12 2 0 0 0 0 0 0 0 0 0 0]"
"1769237490943008,CSI_DATA,STATION,00:00:00:00:00:00,0,0,0,0,0,0,0,0,0,0,0,0,0,0,0,0,0,0,0,0,0,128,[84 -64 4 0 0 0 0 0 0 0 0 0 14 -3 15 -2 15 -1 15 -1 15 -1 14 0 15 0 15 0 14 1 15 1 14 1 14 2 14 2 14 2 14 3 13 2 13 2 13 2 13 3 13 2 12 3 12 2 12 2 12 2 12 2 12 1 0 0 12 1 11 1 12 1 12 0 12 1 12 0 12 0 11 0 12 -1 12 0 12 -1 12 -1 12 -1 12 -1 12 -2 12 -2 12 -2 12 -3 12 -3 12 -3 12 -3 12 -3 12 -3 13 -3 12 -3 12 -4 0 0 0 0 0 0 0 0 0 0]"
"1769237490947347,CSI_DATA,STATION,00:00:00:00:00:00,0,0,0,0,0,0,0,0,0,0,0,0,0,0,0,0,0,0,0,0,0,128,[84 -64 4 0 0 0 0 0 0 0 0 0 3 13 2 13 1 13 1 13 1 13 1 13 0 13 -1 13 0 13 -1 13 -1 13 -1 13 -2 12 -2 12 -2 12 -2 12 -2 12 -2 12 -2 12 -2 12 -2 12 -1 11 -1 11 -2 11 -1 11 -1 11 0 0 -1 11 0 11 -1 11 0 11 0 11 0 10 0 10 0 11 0 10 1 11 1 10 2 10 1 11 2 11 1 11 2 11 2 11 2 11 3 11 3 11 3 11 3 11 3 10 3 10 3 11 3 11 0 0 0 0 0 0 0 0 0 0]"
"1769237490951648,CSI_DATA,STATION,00:00:00:00:00:00,0,0,0,0,0,0,0,0,0,0,0,0,0,0,0,0,0,0,0,0,0,128,[84 -64 4 0 0 0 0 0 0 0 0 0 11 7 11 6 11 7 11 8 10 8 10 8 10 9 10 9 9 9 9 10 9 9 8 9 8 9 8 9 8 10 7 9 8 9 7 9 7 9 7 9 7 9 7 9 7 9 7 9 7 8 7 8 0 0 7 8 7 8 7 8 7 7 7 8 7 7 7 8 8 7 7 7 8 7 8 6 8 7 8 7 9 7 8 6 9 6 9 6 9 6 9 6 9 6 9 6 9 6 9 6 10 5 10 6 10 5 0 0 0 0 0 0 0 0 0 0]"
"1769237490962449,CSI_DATA,STATION,00:00:00:00:00:00,0,0,0,0,0,0,0,0,0,0,0,0,0,0,0,0,0,0,0,0,0,128,[84 -64 4 0 0 0 0 0 0 0 0 0 13 -3 13 -2 13 -1 14 -2 13 -1 14 -1 13 0 13 1 13 1 13 1 13 1 12 1 12 2 12 1 13 2 12 1 11 2 11 2 12 2 12 2 11 2 11 2 11 1 11 2 11 1 11 1 0 0 11 1 10 1 11 0 10 0 11 0 10 0 11 0 11 0 11 0 10 -1 11 -1 10 -1 11 -1 11 -1 11 -2 11 -2 10 -2 11 -2 11 -2 11 -3 11 -3 11 -3 11 -3 11 -3 11 -3 11 -3 0 0 0 0 0 0 0 0 0 0]"
"1769237490968818,CSI_DATA,STATION,00:00:00:00:00:00,0,0,0,0,0,0,0,0,0,0,0,0,0,0,0,0,0,0,0,0,0,128,[84 -64 4 0 0 0 0 0 0 0 0 0 -16 -2 -16 -3 -16 -4 -15 -4 -16 -4 -15 -4 -15 -5 -15 -5 -14 -5 -15 -6 -15 -5 -14 -6 -14 -6 -13 -6 -14 -6 -13 -6 -13 -6 -13 -6 -13 -6 -13 -6 -13 -6 -12 -6 -13 -6 -12 -6 -12 -5 -13 -5 0 0 -12 -4 -12 -5 -12 -4 -12 -3 -12 -4 -12 -4 -12 -4 -12 -3 -12 -2 -13 -2 -13 -2 -13 -2 -13 -1 -12 -2 -13 -1 -13 -1 -13 -1 -13 -1 -13 0 -14 0 -13 0 -13 0 -14 0 -13 1 -14 1 -13 1 0 0 0 0 0 0 0 0 0 0]"
"1769237490973124,CSI_DATA,STATION,00:00:00:00:00:00,0,0,0,0,0,0,0,0,0,0,0,0,0,0,0,0,0,0,0,0,0,128,[84 -64 4 0 0 0 0 0 0 0 0 0 12 9 11 9 11 10 11 10 11 11 10 10 10 11 9 11 9 11 9 12 8 11 8 12 7 12 8 11 7 12 7 11 7 11 7 11 7 11 7 11 7 11 7 10 6 11 7 10 6 10 6 10 0 0 7 10 7 10 7 9 7 9 7 9 7 9 7 9 8 9 8 8 8 8 8 8 8 8 8 8 9 8 9 8 9 7 10 8 10 7 9 7 10 7 9 7 10 7 10 8 10 7 10 7 11 7 0 0 0 0 0 0 0 0 0 0]"
"1769237490979576,CSI_DATA,STATION,00:00:00:00:00:00,0,0,0,0,0,0,0,0,0,0,0,0,0,0,0,0,0,0,0,0,0,128,[84 -64 4 0 0 0 0 0 0 0 0 0 -4 -15 -3 -16 -2 -16 -2 -16 -2 -16 -1 -16 0 -15 0 -16 0 -16 0 -15 0 -15 1 -15 1 -15 1 -15 1 -15 1 -14 2 -14 2 -14 1 -14 2 -13 1 -13 1 -14 1 -14 1 -13 1 -13 0 -13 0 0 0 -13 0 -13 0 -13 -1 -12 0 -12 -1 -12 -1 -12 -1 -12 -1 -12 -2 -13 -2 -12 -2 -12 -3 -12 -2 -13 -3 -13 -3 -13 -3 -13 -3 -13 -3 -13 -3 -13 -4 -13 -4 -13 -4 -12 -4 -13 -5 -13 -5 -13 0 0 0 0 0 0 0 0 0 0]"
"1769237490983875,CSI_DATA,STATION,00:00:00:00:00:00,0,0,0,0,0,0,0,0,0,0,0,0,0,0,0,0,0,0,0,0,0,128,[84 -64 4 0 0 0 0 0 0 0 0 0 -6 14 -6 14 -7 14 -7 13 -8 13 -8 13 -8 13 -9 12 -9 12 -10 11 -9 11 -10 11 -9 11 -9 11 -10 10 -9 11 -9 10 -10 11 -9 10 -9 9 -9 9 -9 9 -9 9 -9 9 -8 9 -8 9 0 0 -8 9 -8 9 -7 9 -7 9 -7 9 -7 9 -7 9 -7 10 -6 10 -7 10 -6 10 -6 10 -6 10 -6 10 -6 11 -5 11 -5 11 -5 11 -5 11 -5 11 -5 12 -5 12 -5 11 -5 11 -4 12 -4 12 0 0 0 0 0 0 0 0 0 0]"
"1769237490988195,CSI_DATA,STATION,00:00:00:00:00:00,0,0,0,0,0,0,0,0,0,0,0,0,0,0,0,0,0,0,0,0,0,128,[84 -64 4 0 0 0 0 0 0 0 0 0 -10 12 -11 12 -10 12 -11 11 -11 10 -11 10 -11 10 -12 10 -11 9 -12 9 -12 9 -12 8 -12 8 -12 8 -12 8 -12 8 -12 8 -11 8 -11 7 -11 7 -11 8 -11 7 -11 7 -10 7 -10 7 -10 7 0 0 -10 7 -9 7 -9 8 -9 8 -9 8 -9 8 -8 8 -8 9 -8 9 -8 9 -8 9 -7 9 -8 9 -7 10 -7 10 -7 10 -7 10 -7 10 -6 10 -6 11 -6 11 -6 11 -6 10 -6 11 -6 12 -6 11 0 0 0 0 0 0 0 0 0 0]"
"1769237490994642,CSI_DATA,STATION,00:00:00:00:00:00,0,0,0,0,0,0,0,0,0,0,0,0,0,0,0,0,0,0,0,0,0,128,[84 -64 4 0 0 0 0 0 0 0 0 0 14 5 14 6 14 7 13 7 13 7 13 8 12 8 12 8 12 7 12 9 11 8 11 9 11 9 11 9 10 9 10 9 10 8 10 9 10 9 10 8 9 8 9 8 9 8 10 9 9 8 9 7 0 0 9 7 9 7 9 6 10 6 10 6 10 6 10 5 10 6 10 5 10 5 10 5 10 5 11 5 11 4 11 4 11 4 12 4 11 3 11 3 11 3 11 3 11 3 12 3 12 3 12 2 12 2 0 0 0 0 0 0 0 0 0 0]"
"1769237490998946,CSI_DATA,STATION,00:00:00:00:00:00,0,0,0,0,0,0,0,0,0,0,0,0,0,0,0,0,0,0,0,0,0,128,[84 -64 4 0 0 0 0 0 0 0 0 0 -1 13 -2 13 -2 13 -2 13 -3 13 -3 13 -4 13 -5 12 -4 12 -5 12 -4 13 -5 11 -5 11 -5 11 -5 11 -5 12 -5 11 -5 11 -5 11 -5 10 -5 11 -5 10 -4 10 -4 11 -4 10 -4 10 0 0 -4 10 -3 10 -3 10 -3 10 -3 10 -2 10 -2 10 -2 10 -2 10 -2 10 -1 10 -1 10 -1 10 -1 10 -1 11 -1 11 -1 10 0 10 0 11 0 10 0 11 0 11 1 11 1 11 1 11 1 11 0 0 0 0 0 0 0 0 0 0]"
"1769237491005409,CSI_DATA,STATION,00:00:00:00:00:00,0,0,0,0,0,0,0,0,0,0,0,0,0,0,0,0,0,0,0,0,0,128,[84 -64 4 0 0 0 0 0 0 0 0 0 -14 -8 -14 -9 -13 -9 -13 -9 -12 -9 -13 -10 -11 -10 -12 -11 -11 -11 -11 -11 -11 -11 -10 -11 -10 -11 -10 -11 -10 -12 -10 -11 -10 -11 -10 -10 -9 -11 -9 -11 -9 -11 -9 -10 -9 -10 -9 -10 -9 -9 -9 -9 0 0 -9 -9 -9 -8 -10 -9 -9 -8 -9 -8 -9 -8 -9 -8 -10 -8 -10 -8 -10 -7 -11 -7 -11 -7 -11 -7 -11 -7 -11 -7 -11 -6 -11 -6 -11 -6 -11 -6 -11 -6 -12 -6 -12 -6 -12 -6 -12 -5 -12 -5 -12 -5 0 0 0 0 0 0 0 0 0 0]"
"1769237491009714,CSI_DATA,STATION,00:00:00:00:00:00,0,0,0,0,0,0,0,0,0,0,0,0,0,0,0,0,0,0,0,0,0,128,[84 -64 4 0 0 0 0 0 0 0 0 0 15 2 15 2 15 3 14 3 14 4 14 4 14 4 14 5 14 5 13 6 13 5 13 5 12 6 12 6 12 6 12 6 11 6 12 6 11 6 11 6 11 6 11 5 11 5 11 5 10 5 11 4 0 0 11 4 10 4 10 4 11 3 10 4 10 3 11 3 10 3 11 3 11 2 11 2 11 2 12 2 12 2 11 1 11 1 12 1 12 1 12 1 12 0 12 0 11 0 12 0 12 0 12 0 12 0 0 0 0 0 0 0 0 0 0 0]"
"1769237491014003,CSI_DATA,STATION,00:00:00:00:00:00,0,0,0,0,0,0,0,0,0,0,0,0,0,0,0,0,0,0,0,0,0,128,[84 -64 4 0 0 0 0 0 0 0 0 0 15 0 15 1 15 1 15 2 15 2 14 3 14 3 14 4 14 3 14 5 14 4 13 4 13 5 13 5 13 5 12 4 12 5 12 5 12 5 12 4 12 4 12 4 11 4 11 4 11 4 11 3 0 0 11 3 11 3 11 2 11 2 11 3 11 2 11 2 11 1 11 1 11 1 11 0 11 1 12 0 12 0 11 0 12 -1 11 -1 12 -1 12 -1 11 -1 12 -2 12 -1 12 -2 12 -2 12 -2 12 -2 0 0 0 0 0 0 0 0 0 0]"
"1769237491020487,CSI_DATA,STATION,00:00:00:00:00:00,0,0,0,0,0,0,0,0,0,0,0,0,0,0,0,0,0,0,0,0,0,128,[84 -64 4 0 0 0 0 0 0 0 0 0 -9 -13 -9 -13 -8 -13 -8 -14 -7 -14 -7 -14 -6 -14 -6 -14 -6 -14 -6 -15 -5 -14 -5 -14 -5 -14 -5 -14 -5 -14 -4 -14 -5 -13 -5 -13 -4 -13 -4 -13 -4 -13 -4 -13 -4 -13 -4 -12 -4 -12 -5 -12 0 0 -5 -12 -5 -12 -5 -12 -5 -11 -6 -11 -5 -11 -6 -11 -6 -11 -6 -10 -7 -10 -7 -10 -7 -11 -7 -10 -8 -10 -7 -10 -8 -10 -8 -10 -8 -10 -8 -10 -8 -10 -9 -10 -9 -10 -9 -10 -10 -10 -9 -9 -10 -9 0 0 0 0 0 0 0 0 0 0]"
"1769237491024781,CSI_DATA,STATION,00:00:00:00:00:00,0,0,0,0,0,0,0,0,0,0,0,0,0,0,0,0,0,0,0,0,0,128,[84 -64 4 0 0 0 0 0 0 0 0 0 5 -17 6 -16 6 -16 6 -16 7 -16 8 -15 8 -15 8 -15 8 -15 9 -14 9 -14 9 -14 9 -13 9 -13 9 -12 9 -12 9 -12 9 -13 9 -12 9 -12 9 -12 9 -12 9 -11 8 -11 8 -11 8 -12 0 0 8 -11 7 -12 6 -11 6 -11 7 -12 6 -12 6 -12 6 -13 6 -12 6 -12 5 -12 5 -12 5 -12 4 -13 4 -13 4 -13 4 -14 4 -14 4 -14 3 -14 4 -14 3 -13 3 -14 3 -14 3 -14 3 -14 0 0 0 0 0 0 0 0 0 0]"
"1769237491031209,CSI_DATA,STATION,00:00:00:00:00:00,0,0,0,0,0,0,0,0,0,0,0,0,0,0,0,0,0,0,0,0,0,128,[84 -64 4 0 0 0 0 0 0 0 0 0 15 -8 15 -8 15 -6 16 -6 15 -5 16 -5 16 -5 16 -4 16 -4 15 -3 16 -3 15 -3 14 -3 14 -3 15 -2 14 -3 15 -2 14 -2 15 -2 14 -2 14 -2 13 -2 13 -2 13 -2 13 -3 13 -3 0 0 12 -3 12 -3 12 -3 12 -4 12 -4 12 -4 12 -4 12 -4 11 -5 11 -5 11 -6 12 -5 12 -6 12 -6 11 -6 11 -7 11 -7 11 -8 11 -8 11 -7 11 -8 11 -8 11 -8 10 -8 11 -9 11 -9 0 0 0 0 0 0 0 0 0 0]"
"1769237491035504,CSI_DATA,STATION,00:00:00:00:00:00,0,0,0,0,0,0,0,0,0,0,0,0,0,0,0,0,0,0,0,0,0,128,[84 -64 4 0 0 0 0 0 0 0 0 0 -4 15 -4 14 -5 14 -6 14 -5 14 -6 14 -7 13 -7 13 -7 12 -8 12 -7 13 -8 12 -8 12 -8 11 -8 11 -8 11 -8 11 -8 11 -8 11 -7 10 -7 11 -7 10 -7 10 -7 10 -6 10 -6 10 0 0 -6 10 -6 10 -5 10 -5 10 -5 10 -5 10 -4 11 -4 10 -4 11 -4 11 -4 11 -3 11 -3 11 -3 11 -3 11 -3 11 -3 12 -3 11 -2 12 -2 12 -2 12 -2 12 -2 12 -1 12 -1 12 -1 12 0 0 0 0 0 0 0 0 0 0]"
"1769237491042021,CSI_DATA,STATION,00:00:00:00:00:00,0,0,0,0,0,0,0,0,0,0,0,0,0,0,0,0,0,0,0,0,0,128,[84 -64 4 0 0 0 0 0 0 0 0 0 -14 10 -14 10 -14 9 -15 9 -15 8 -15 8 -15 7 -16 6 -16 6 -16 6 -15 6 -15 5 -15 5 -15 5 -15 4 -15 5 -15 4 -15 4 -14 4 -15 4 -14 4 -14 4 -14 4 -13 4 -13 4 -13 4 0 0 -13 5 -13 4 -12 5 -13 5 -13 5 -12 5 -12 5 -12 6 -12 6 -12 7 -12 7 -12 6 -12 6 -12 7 -12 6 -12 8 -11 7 -12 8 -11 8 -12 8 -12 9 -11 8 -11 8 -11 9 -11 9 -11 10 0 0 0 0 0 0 0 0 0 0]"
"1769237491046484,CSI_DATA,STATION,00:00:00:00:00:00,0,0,0,0,0,0,0,0,0,0,0,0,0,0,0,0,0,0,0,0,0,128,[84 -64 4 0 0 0 0 0 0 0 0 0 2 -15 2 -15 3 -15 3 -15 4 -15 5 -15 5 -14 5 -15 5 -14 6 -13 5 -13 6 -13 6 -13 6 -13 6 -13 6 -12 6 -12 6 -13 6 -12 6 -12 6 -12 5 -11 6 -12 5 -11 5 -11 5 -11 0 0 5 -11 4 -11 4 -11 4 -11 4 -11 3 -11 3 -11 4 -12 3 -11 3 -12 3 -12 3 -12 2 -12 2 -12 2 -13 2 -12 2 -12 2 -13 2 -13 1 -13 2 -14 1 -13 1 -13 1 -13 1 -13 1 -14 0 0 0 0 0 0 0 0 0 0]"
"1769237491050914,CSI_DATA,STATION,00:00:00:00:00:00,0,0,0,0,0,0,0,0,0,0,0,0,0,0,0,0,0,0,0,0,0,128,[84 -64 4 0 0 0 0 0 0 0 0 0 7 15 7 14 7 15 6 15 5 15 5 15 5 15 4 15 4 15 3 16 3 16 2 15 2 15 2 15 2 15 2 15 2 14 2 14 2 14 2 14 2 13 2 14 2 14 2 13 2 13 2 13 0 0 3 12 3 12 3 12 3 12 4 13 4 12 4 12 4 12 4 11 5 12 5 12 5 12 4 12 6 12 5 11 6 12 6 11 7 12 7 11 7 12 7 12 7 11 7 12 7 11 8 12 8 11 0 0 0 0 0 0 0 0 0 0]"
"1769237491055400,CSI_DATA,STATION,00:00:00:00:00:00,0,0,0,0,0,0,0,0,0,0,0,0,0,0,0,0,0,0,0,0,0,128,[84 -64 4 0 0 0 0 0 0 0 0 0 6 -14 6 -14 6 -14 7 -13 8 -13 8 -13 8 -12 9 -12 9 -11 9 -11 9 -11 9 -11 9 -11 9 -10 9 -10 9 -10 9 -10 9 -10 9 -9 9 -9 9 -9 8 -9 9 -9 8 -9 8 -9 8 -9 0 0 8 -9 8 -9 7 -9 7 -9 7 -9 7 -9 7 -9 7 -10 7 -10 6 -11 6 -10 6 -10 6 -10 6 -11 6 -11 6 -11 6 -12 6 -11 6 -11 6 -12 6 -11 5 -11 5 -12 5 -12 5 -12 5 -12 0 0 0 0 0 0 0 0 0 0]"
"1769237491062001,CSI_DATA,STATION,00:00:00:00:00:00,0,0,0,0,0,0,0,0,0,0,0,0,0,0,0,0,0,0,0,0,0,128,[84 -64 4 0 0 0 0 0 0 0 0 0 -5 -13 -5 -13 -5 -13 -4 -13 -4 -13 -3 -14 -2 -13 -2 -14 -2 -14 -2 -13 -2 -13 -2 -13 -1 -13 -1 -13 -1 -13 -1 -13 0 -13 0 -12 -1 -13 -1 -12 0 -12 -1 -12 -1 -11 -1 -12 -1 -12 -1 -12 0 0 -1 -11 -1 -12 -2 -11 -2 -11 -1 -11 -2 -11 -2 -11 -2 -11 -2 -11 -3 -11 -3 -11 -3 -11 -3 -11 -3 -12 -3 -11 -4 -11 -4 -11 -4 -12 -4 -11 -4 -12 -4 -12 -4 -11 -5 -11 -5 -11 -5 -11 -5 -12 0 0 0 0 0 0 0 0 0 0]"
"1769237491066268,CSI_DATA,STATION,00:00:00:00:00:00,0,0,0,0,0,0,0,0,0,0,0,0,0,0,0,0,0,0,0,0,0,128,[84 -64 4 0 0 0 0 0 0 0 0 0 -6 -14 -5 -14 -4 -14 -5 -14 -4 -15 -4 -14 -2 -15 -2 -15 -2 -15 -2 -15 -2 -14 -2 -14 -2 -14 -1 -14 -1 -14 0 -14 0 -14 0 -14 0 -13 0 -13 0 -13 0 -13 0 -13 -1 -13 -1 -12 -1 -13 0 0 -1 -12 -1 -12 -1 -12 -1 -12 -1 -12 -1 -12 -1 -12 -2 -12 -2 -12 -2 -13 -3 -12 -3 -12 -3 -12 -3 -13 -3 -13 -3 -13 -3 -13 -4 -13 -3 -13 -3 -13 -3 -13 -4 -13 -4 -13 -5 -12 -5 -13 -5 -13 0 0 0 0 0 0 0 0 0 0]"
"1769237491072708,CSI_DATA,STATION,00:00:00:00:00:00,0,0,0,0,0,0,0,0,0,0,0,0,0,0,0,0,0,0,0,0,0,128,[84 -64 4 0 0 0 0 0 0 0 0 0 0 -15 1 -15 2 -15 1 -15 2 -15 2 -15 3 -15 3 -15 3 -14 3 -14 4 -14 4 -14 4 -13 4 -13 4 -13 4 -13 4 -13 4 -13 4 -13 4 -13 4 -13 4 -12 3 -13 3 -12 2 -12 3 -12 0 0 2 -12 2 -12 2 -12 2 -12 2 -12 1 -12 1 -12 1 -12 1 -12 1 -13 0 -12 0 -12 0 -13 0 -12 0 -13 -1 -13 0 -13 -1 -13 -1 -13 -1 -14 -1 -13 -1 -13 -2 -14 -2 -13 -2 -14 -2 -14 0 0 0 0 0 0 0 0 0 0]"
"1769237491077007,CSI_DATA,STATION,00:00:00:00:00:00,0,0,0,0,0,0,0,0,0,0,0,0,0,0,0,0,0,0,0,0,0,128,[84 -64 4 0 0 0 0 0 0 0 0 0 6 -13 7 -13 7 -12 7 -12 8 -12 8 -11 9 -11 9 -11 9 -11 10 -10 9 -10 10 -10 9 -10 9 -10 9 -9 10 -9 9 -9 10 -9 9 -9 9 -9 9 -8 8 -9 9 -9 9 -9 8 -8 8 -9 0 0 8 -9 8 -8 8 -9 7 -9 7 -9 7 -9 7 -9 7 -10 7 -10 7 -11 7 -10 7 -10 6 -10 6 -10 6 -11 6 -11 6 -12 6 -12 6 -12 6 -12 6 -12 6 -11 5 -12 6 -13 6 -13 5 -13 0 0 0 0 0 0 0 0 0 0]"
"1769237491083472,CSI_DATA,STATION,00:00:00:00:00:00,0,0,0,0,0,0,0,0,0,0,0,0,0,0,0,0,0,0,0,0,0,128,[84 -64 4 0 0 0 0 0 0 0 0 0 -7 -12 -6 -11 -6 -12 -6 -12 -6 -12 -5 -12 -5 -12 -4 -13 -4 -12 -4 -13 -4 -12 -3 -13 -3 -12 -3 -12 -3 -12 -3 -12 -3 -11 -3 -12 -3 -12 -3 -12 -3 -12 -3 -12 -2 -12 -3 -11 -3 -11 -4 -11 0 0 -3 -10 -4 -11 -4 -10 -4 -11 -4 -10 -4 -11 -5 -11 -5 -11 -5 -10 -5 -10 -5 -11 -5 -10 -6 -10 -5 -10 -6 -11 -6 -10 -6 -11 -6 -10 -6 -10 -7 -11 -7 -10 -7 -10 -7 -11 -8 -11 -7 -10 -7 -11 0 0 0 0 0 0 0 0 0 0]"
"1769237491087768,CSI_DATA,STATION,00:00:00:00:00:00,0,0,0,0,0,0,0,0,0,0,0,0,0,0,0,0,0,0,0,0,0,128,[84 -64 4 0 0 0 0 0 0 0 0 0 -14 -2 -15 -2 -14 -3 -15 -4 -14 -4 -14 -5 -14 -5 -14 -5 -13 -6 -13 -6 -13 -5 -13 -6 -13 -6 -13 -7 -12 -7 -12 -6 -13 -7 -12 -7 -12 -7 -11 -7 -11 -7 -11 -7 -11 -6 -12 -7 -11 -6 -12 -6 0 0 -11 -6 -11 -5 -11 -6 -11 -5 -12 -6 -11 -5 -11 -5 -12 -5 -11 -5 -12 -4 -12 -4 -12 -4 -12 -4 -13 -4 -12 -4 -13 -3 -13 -4 -13 -4 -14 -3 -13 -3 -13 -3 -13 -4 -13 -3 -14 -3 -14 -3 -14 -3 0 0 0 0 0 0 0 0 0 0]"
"1769237491092084,CSI_DATA,STATION,00:00:00:00:00:00,0,0,0,0,0,0,0,0,0,0,0,0,0,0,0,0,0,0,0,0,0,128,[84 -64 4 0 0 0 0 0 0 0 0 0 4 -14 4 -14 5 -14 5 -13 6 -14 6 -13 6 -13 7 -13 7 -12 7 -12 8 -12 8 -12 8 -12 8 -11 8 -11 8 -11 8 -10 8 -11 8 -10 8 -10 8 -10 8 -10 8 -10 8 -10 7 -10 7 -10 0 0 7 -10 7 -10 7 -10 6 -10 6 -10 6 -10 6 -10 6 -11 6 -11 6 -11 6 -11 6 -11 6 -11 5 -11 6 -12 5 -12 5 -12 5 -12 5 -12 5 -13 5 -13 5 -12 5 -13 5 -13 5 -13 5 -13 0 0 0 0 0 0 0 0 0 0]"
"1769237491098511,CSI_DATA,STATION,00:00:00:00:00:00,0,0,0,0,0,0,0,0,0,0,0,0,0,0,0,0,0,0,0,0,0,128,[84 -64 4 0 0 0 0 0 0 0 0 0 -2 -14 -1 -15 0 -15 0 -14 0 -15 1 -14 1 -14 2 -15 2 -14 2 -14 2 -14 3 -14 3 -13 3 -13 3 -13 3 -13 3 -13 3 -13 3 -13 3 -12 3 -12 3 -12 3 -13 3 -13 2 -12 2 -12 0 0 2 -12 2 -12 1 -12 1 -12 2 -13 1 -12 1 -12 1 -13 0 -12 1 -13 0 -13 0 -13 -1 -13 0 -13 -1 -13 -1 -14 -1 -13 -1 -14 -1 -14 -1 -14 -1 -14 -1 -14 -2 -14 -2 -14 -2 -14 -2 -14 0 0 0 0 0 0 0 0 0 0]"
"1769237491102821,CSI_DATA,STATION,00:00:00:00:00:00,0,0,0,0,0,0,0,0,0,0,0,0,0,0,0,0,0,0,0,0,0,128,[84 -64 4 0 0 0 0 0 0 0 0 0 -12 7 -13 6 -13 6 -13 5 -13 5 -13 5 -14 5 -14 4 -13 4 -14 3 -13 4 -13 3 -13 3 -13 3 -13 2 -13 3 -13 3 -12 2 -13 2 -13 2 -13 2 -12 2 -12 3 -12 2 -12 3 -12 3 0 0 -12 3 -12 3 -11 3 -12 3 -12 4 -12 4 -12 3 -12 4 -11 4 -12 5 -12 5 -12 5 -11 5 -11 5 -12 6 -11 6 -11 6 -12 6 -12 7 -12 6 -12 7 -11 7 -12 7 -11 7 -12 7 -12 7 0 0 0 0 0 0 0 0 0 0]"
"1769237491109304,CSI_DATA,STATION,00:00:00:00:00:00,0,0,0,0,0,0,0,0,0,0,0,0,0,0,0,0,0,0,0,0,0,128,[84 -64 4 0 0 0 0 0 0 0 0 0 -14 -2 -14 -3 -14 -3 -14 -4 -14 -4 -14 -5 -13 -5 -13 -5 -13 -5 -14 -6 -13 -6 -13 -6 -13 -7 -12 -6 -12 -6 -12 -6 -12 -6 -12 -6 -12 -6 -12 -6 -11 -6 -12 -6 -12 -6 -12 -6 -11 -5 -12 -5 0 0 -12 -5 -11 -5 -12 -4 -12 -4 -12 -5 -12 -4 -12 -4 -12 -4 -12 -4 -13 -4 -13 -3 -13 -3 -12 -3 -13 -3 -13 -3 -13 -2 -13 -3 -13 -2 -14 -2 -13 -2 -14 -2 -14 -2 -14 -2 -14 -1 -14 -2 -14 -1 0 0 0 0 0 0 0 0 0 0]"
"1769237491128952,CSI_DATA,STATION,00:00:00:00:00:00,0,0,0,0,0,0,0,0,0,0,0,0,0,0,0,0,0,0,0,0,0,128,[84 -64 4 0 0 0 0 0 0 0 0 0 5 12 5 13 4 12 4 13 4 12 3 13 3 13 3 13 2 13 2 13 2 13 2 12 2 13 2 13 1 13 1 12 1 12 0 12 1 12 1 12 1 12 0 12 1 11 1 11 1 12 2 11 0 0 1 11 2 11 2 11 2 11 2 11 3 11 2 11 3 11 2 11 3 10 4 11 4 11 4 11 4 11 4 11 4 11 4 10 5 11 5 11 5 11 5 11 5 11 5 11 6 11 6 11 6 11 0 0 0 0 0 0 0 0 0 0]"
"1769237491135687,CSI_DATA,STATION,00:00:00:00:00:00,0,0,0,0,0,0,0,0,0,0,0,0,0,0,0,0,0,0,0,0,0,128,[84 -64 4 0 0 0 0 0 0 0 0 0 -15 -4 -15 -5 -15 -5 -15 -6 -15 -6 -15 -7 -14 -7 -15 -7 -14 -8 -14 -8 -14 -8 -13 -8 -13 -8 -13 -8 -13 -8 -13 -8 -13 -8 -12 -8 -13 -9 -12 -8 -12 -8 -12 -8 -12 -8 -12 -8 -12 -8 -12 -7 0 0 -12 -7 -12 -7 -12 -6 -12 -6 -12 -7 -12 -6 -12 -6 -12 -6 -12 -5 -13 -5 -13 -5 -13 -5 -13 -5 -14 -5 -13 -5 -14 -5 -14 -4 -14 -4 -14 -4 -14 -4 -14 -4 -15 -4 -15 -4 -15 -3 -15 -3 -15 -3 0 0 0 0 0 0 0 0 0 0]"
"1769237491142411,CSI_DATA,STATION,00:00:00:00:00:00,0,0,0,0,0,0,0,0,0,0,0,0,0,0,0,0,0,0,0,0,0,128,[84 -64 4 0 0 0 0 0 0 0 0 0 -11 8 -12 8 -12 7 -12 7 -12 7 -13 6 -13 6 -13 6 -13 6 -13 5 -13 5 -13 4 -13 4 -13 4 -13 4 -13 4 -13 4 -12 4 -12 4 -12 4 -12 4 -12 4 -12 4 -12 4 -12 4 -12 4 0 0 -12 5 -11 4 -11 5 -11 4 -11 5 -11 5 -11 5 -11 5 -10 6 -11 6 -11 7 -11 6 -10 6 -10 7 -10 7 -10 7 -10 7 -10 8 -10 8 -10 8 -10 8 -10 8 -10 8 -10 8 -10 9 -10 9 0 0 0 0 0 0 0 0 0 0]"
"1769237491146870,CSI_DATA,STATION,00:00:00:00:00:00,0,0,0,0,0,0,0,0,0,0,0,0,0,0,0,0,0,0,0,0,0,128,[84 -64 4 0 0 0 0 0 0 0 0 0 2 -14 3 -14 3 -14 3 -14 4 -14 4 -14 5 -13 5 -13 6 -13 6 -13 6 -13 6 -13 6 -13 6 -12 6 -12 6 -12 6 -12 6 -12 6 -12 6 -11 6 -11 6 -11 6 -11 6 -11 5 -11 5 -12 0 0 5 -11 4 -11 4 -11 4 -11 4 -11 4 -12 4 -11 4 -12 4 -12 4 -12 3 -12 3 -12 3 -12 3 -12 2 -13 2 -13 2 -13 2 -13 2 -13 2 -13 2 -13 2 -13 2 -14 1 -14 1 -14 1 -14 0 0 0 0 0 0 0 0 0 0]"
"1769237491153663,CSI_DATA,STATION,00:00:00:00:00:00,0,0,0,0,0,0,0,0,0,0,0,0,0,0,0,0,0,0,0,0,0,128,[84 -64 4 0 0 0 0 0 0 0 0 0 7 -12 8 -12 8 -11 8 -11 9 -10 10 -11 9 -10 10 -10 10 -10 10 -9 10 -9 10 -9 10 -8 10 -8 11 -9 10 -8 10 -8 10 -8 10 -8 10 -8 10 -8 9 -8 9 -8 9 -8 9 -8 9 -8 0 0 9 -8 9 -8 8 -8 8 -8 8 -9 8 -8 8 -9 8 -10 8 -9 8 -10 7 -10 8 -10 7 -9 7 -10 7 -10 7 -11 6 -11 7 -12 7 -11 7 -11 7 -12 6 -11 6 -11 6 -12 6 -12 6 -12 0 0 0 0 0 0 0 0 0 0]"
"1769237491158119,CSI_DATA,STATION,00:00:00:00:00:00,0,0,0,0,0,0,0,0,0,0,0,0,0,0,0,0,0,0,0,0,0,128,[84 -64 4 0 0 0 0 0 0 0 0 0 7 -12 8 -11 8 -11 9 -11 9 -10 10 -10 10 -10 10 -9 11 -9 10 -9 10 -9 10 -9 10 -9 10 -9 11 -8 10 -8 10 -8 10 -8 10 -7 10 -7 10 -7 10 -7 10 -7 10 -8 9 -8 10 -8 0 0 9 -8 9 -7 9 -8 9 -8 9 -8 9 -8 9 -8 8 -8 9 -8 8 -9 8 -9 8 -9 8 -9 8 -9 8 -9 8 -10 8 -10 8 -10 8 -10 8 -10 8 -10 8 -10 8 -10 7 -11 8 -11 8 -12 0 0 0 0 0 0 0 0 0 0]"
"1769237491162543,CSI_DATA,STATION,00:00:00:00:00:00,0,0,0,0,0,0,0,0,0,0,0,0,0,0,0,0,0,0,0,0,0,128,[84 -64 4 0 0 0 0 0 0 0 0 0 -10 -11 -9 -11 -9 -11 -9 -12 -8 -12 -8 -13 -7 -12 -7 -13 -7 -13 -6 -13 -6 -13 -6 -13 -6 -13 -6 -13 -6 -13 -5 -13 -5 -13 -5 -12 -5 -13 -5 -13 -5 -12 -5 -12 -5 -12 -6 -12 -5 -12 -5 -12 0 0 -5 -11 -6 -11 -6 -11 -5 -11 -7 -11 -6 -11 -6 -11 -7 -11 -7 -11 -7 -11 -8 -10 -8 -11 -8 -10 -8 -11 -8 -10 -8 -11 -9 -10 -9 -11 -8 -11 -8 -11 -9 -11 -9 -10 -9 -11 -10 -10 -9 -11 -10 -10 0 0 0 0 0 0 0 0 0 0]"
"1769237491169051,CSI_DATA,STATION,00:00:00:00:00:00,0,0,0,0,0,0,0,0,0,0,0,0,0,0,0,0,0,0,0,0,0,128,[84 -64 4 0 0 0 0 0 0 0 0 0 8 10 8 10 7 10 7 11 7 11 7 12 6 12 6 12 5 12 5 12 5 12 5 12 5 12 5 12 4 12 4 12 4 11 3 11 4 12 4 12 4 11 4 11 4 11 4 11 4 11 4 11 0 0 4 10 5 11 4 10 4 10 5 10 5 11 5 10 6 10 5 10 6 10 6 9 6 10 7 10 7 10 7 10 7 10 7 9 8 10 7 9 7 10 7 10 8 10 8 10 9 9 8 10 8 9 0 0 0 0 0 0 0 0 0 0]"
"1769237491173369,CSI_DATA,STATION,00:00:00:00:00:00,0,0,0,0,0,0,0,0,0,0,0,0,0,0,0,0,0,0,0,0,0,128,[84 -64 4 0 0 0 0 0 0 0 0 0 2 13 2 13 1 14 1 13 0 14 0 13 0 14 0 14 -1 13 -1 13 -1 14 -2 13 -2 13 -2 13 -2 13 -2 12 -2 12 -3 12 -2 12 -2 12 -2 12 -2 12 -2 12 -2 12 -1 11 -1 12 0 0 -1 11 -1 12 0 11 -1 12 0 11 0 11 0 11 0 12 0 11 0 12 1 12 1 12 1 12 2 12 1 12 2 12 2 12 2 12 2 12 2 12 3 12 3 12 3 13 3 12 3 12 3 13 0 0 0 0 0 0 0 0 0 0]"
"1769237491177660,CSI_DATA,STATION,00:00:00:00:00:00,0,0,0,0,0,0,0,0,0,0,0,0,0,0,0,0,0,0,0,0,0,128,[84 -64 4 0 0 0 0 0 0 0 0 0 2 12 1 12 1 12 0 12 0 12 0 12 -1 12 -2 12 -1 12 -2 12 -2 12 -2 11 -2 12 -3 12 -3 11 -3 11 -3 11 -3 11 -3 11 -3 11 -3 11 -3 10 -3 11 -3 11 -2 10 -2 11 0 0 -3 10 -2 10 -2 10 -2 10 -2 11 -1 10 -1 10 -1 11 -1 10 -1 11 -1 11 -1 11 0 11 0 11 0 11 0 11 0 11 0 11 0 12 0 11 1 11 1 11 1 11 1 12 1 12 1 12 0 0 0 0 0 0 0 0 0 0]"
"1769237491184139,CSI_DATA,STATION,00:00:00:00:00:00,0,0,0,0,0,0,0,0,0,0,0,0,0,0,0,0,0,0,0,0,0,128,[84 -64 4 0 0 0 0 0 0 0 0 0 -4 -14 -4 -14 -3 -14 -3 -14 -2 -14 -2 -15 -1 -14 -1 -14 0 -14 -1 -14 0 -14 0 -14 0 -14 0 -14 0 -14 0 -13 1 -14 1 -13 0 -14 1 -14 1 -13 1 -13 1 -13 1 -13 0 -13 0 -13 0 0 0 -12 0 -12 0 -12 0 -12 -1 -13 -1 -13 -1 -13 -1 -12 -1 -12 -2 -13 -2 -13 -2 -13 -3 -13 -3 -13 -3 -13 -3 -13 -3 -13 -3 -13 -3 -14 -3 -13 -3 -14 -3 -13 -4 -14 -4 -14 -4 -14 -4 -14 0 0 0 0 0 0 0 0 0 0]"
"1769237491188438,CSI_DATA,STATION,00:00:00:00:00:00,0,0,0,0,0,0,0,0,0,0,0,0,0,0,0,0,0,0,0,0,0,128,[84 -64 4 0 0 0 0 0 0 0 0 0 8 -10 8 -10 8 -9 9 -9 9 -9 9 -8 9 -8 9 -8 10 -8 10 -7 10 -7 10 -7 10 -7 10 -7 10 -6 10 -7 10 -7 9 -7 9 -6 10 -6 9 -6 9 -6 9 -6 9 -6 9 -6 9 -7 0 0 9 -6 8 -6 8 -6 8 -7 8 -7 8 -7 8 -7 8 -7 8 -8 8 -8 7 -8 8 -8 8 -8 8 -8 8 -9 8 -9 7 -9 7 -9 7 -9 7 -10 7 -10 7 -9 7 -9 7 -10 7 -10 7 -10 0 0 0 0 0 0 0 0 0 0]"
"1769237491194866,CSI_DATA,STATION,00:00:00:00:00:00,0,0,0,0,0,0,0,0,0,0,0,0,0,0,0,0,0,0,0,0,0,128,[84 -64 4 0 0 0 0 0 0 0 0 0 -11 -9 -11 -9 -11 -9 -11 -9 -10 -10 -10 -10 -10 -10 -9 -11 -9 -11 -9 -12 -9 -11 -8 -11 -8 -12 -8 -12 -8 -12 -8 -12 -8 -11 -8 -11 -8 -11 -7 -11 -7 -11 -8 -11 -7 -11 -8 -11 -7 -11 -7 -10 0 0 -7 -10 -8 -10 -8 -10 -8 -10 -8 -10 -8 -10 -8 -10 -9 -10 -9 -9 -9 -9 -10 -9 -9 -9 -9 -9 -9 -9 -10 -9 -10 -9 -10 -9 -10 -9 -10 -9 -10 -9 -11 -9 -11 -9 -11 -9 -12 -9 -11 -8 -11 -9 0 0 0 0 0 0 0 0 0 0]"
"1769237491199191,CSI_DATA,STATION,00:00:00:00:00:00,0,0,0,0,0,0,0,0,0,0,0,0,0,0,0,0,0,0,0,0,0,128,[84 -64 4 0 0 0 0 0 0 0 0 0 -13 -6 -13 -7 -13 -7 -13 -7 -12 -8 -12 -8 -11 -9 -11 -9 -11 -9 -11 -9 -11 -8 -11 -9 -11 -9 -10 -9 -10 -10 -10 -10 -10 -10 -10 -9 -9 -10 -9 -10 -9 -9 -9 -10 -9 -9 -10 -9 -9 -9 -9 -9 0 0 -9 -9 -9 -9 -10 -8 -9 -8 -10 -8 -9 -8 -9 -8 -10 -8 -10 -8 -10 -7 -11 -7 -11 -7 -11 -7 -11 -7 -11 -7 -11 -7 -11 -7 -11 -7 -11 -7 -11 -7 -12 -7 -12 -7 -12 -7 -13 -7 -13 -6 -13 -6 0 0 0 0 0 0 0 0 0 0]"
"1769237491203483,CSI_DATA,STATION,00:00:00:00:00:00,0,0,0,0,0,0,0,0,0,0,0,0,0,0,0,0,0,0,0,0,0,128,[84 -64 4 0 0 0 0 0 0 0 0 0 7 -10 8 -10 7 -9 8 -9 8 -9 9 -9 9 -8 9 -8 9 -8 10 -7 9 -7 9 -7 9 -7 9 -7 10 -7 9 -6 9 -6 9 -6 9 -6 9 -6 9 -6 9 -6 9 -6 9 -6 9 -6 9 -6 0 0 8 -6 8 -6 9 -6 8 -6 8 -6 8 -7 8 -6 8 -7 8 -7 8 -7 7 -7 8 -8 8 -8 8 -8 8 -8 8 -9 7 -8 8 -9 8 -9 7 -9 8 -9 8 -9 8 -9 8 -9 8 -10 8 -10 0 0 0 0 0 0 0 0 0 0]"
"1769237491209961,CSI_DATA,STATION,00:00:00:00:00:00,0,0,0,0,0,0,0,0,0,0,0,0,0,0,0,0,0,0,0,0,0,128,[84 -64 4 0 0 0 0 0 0 0 0 0 2 13 1 12 1 13 0 13 0 13 -1 13 -1 13 -1 13 -1 13 -2 13 -2 13 -2 12 -2 12 -2 12 -3 12 -3 12 -3 12 -3 12 -3 12 -3 11 -3 11 -2 11 -3 11 -3 11 -3 11 -2 11 0 0 -2 11 -1 11 -1 11 -1 11 -1 11 -1 11 -1 11 0 11 -1 11 -1 11 0 12 0 12 0 12 0 12 0 12 0 12 0 12 1 12 1 12 1 12 1 12 1 12 1 13 1 12 1 13 2 13 0 0 0 0 0 0 0 0 0 0]"
"1769237491214297,CSI_DATA,STATION,00:00:00:00:00:00,0,0,0,0,0,0,0,0,0,0,0,0,0,0,0,0,0,0,0,0,0,128,[84 -64 4 0 0 0 0 0 0 0 0 0 11 -8 12 -7 11 -6 12 -6 12 -6 12 -6 12 -5 12 -5 13 -5 13 -4 12 -4 12 -4 12 -3 12 -3 12 -3 11 -3 11 -3 12 -3 12 -3 12 -3 11 -2 11 -3 11 -3 11 -3 11 -3 11 -4 0 0 11 -3 11 -4 11 -4 11 -4 10 -4 10 -4 10 -4 10 -4 10 -5 10 -5 10 -5 10 -5 10 -5 10 -5 11 -6 10 -6 10 -6 11 -7 11 -7 10 -7 11 -7 11 -7 11 -7 11 -8 11 -8 11 -8 0 0 0 0 0 0 0 0 0 0]"
"1769237491220757,CSI_DATA,STATION,00:00:00:00:00:00,0,0,0,0,0,0,0,0,0,0,0,0,0,0,0,0,0,0,0,0,0,128,[84 -64 4 0 0 0 0 0 0 0 0 0 10 5 10 6 10 6 9 6 9 7 9 7 9 7 8 7 8 7 8 8 8 8 7 8 8 8 7 8 7 8 7 8 7 8 7 8 7 8 6 8 6 8 6 7 6 7 7 8 6 7 7 7 0 0 6 7 6 7 7 7 6 7 7 6 7 6 7 6 7 6 7 6 7 6 8 5 8 6 8 6 8 6 8 6 8 6 9 5 9 5 9 5 9 5 9 5 9 6 9 5 10 5 10 5 10 5 0 0 0 0 0 0 0 0 0 0]"
"1769237491225066,CSI_DATA,STATION,00:00:00:00:00:00,0,0,0,0,0,0,0,0,0,0,0,0,0,0,0,0,0,0,0,0,0,128,[84 -64 4 0 0 0 0 0 0 0 0 0 9 7 8 7 8 7 8 8 7 8 8 8 8 8 7 9 7 9 7 9 6 9 6 9 6 9 6 9 5 10 5 9 5 9 5 8 5 9 5 9 5 9 5 8 5 8 5 8 5 8 5 8 0 0 5 8 5 8 6 8 5 7 6 8 6 8 6 7 6 7 6 7 6 7 7 7 7 7 7 7 7 7 6 7 7 7 7 6 8 7 8 7 8 6 8 7 8 7 8 7 9 7 8 7 8 7 0 0 0 0 0 0 0 0 0 0]"
"1769237491229384,CSI_DATA,STATION,00:00:00:00:00:00,0,0,0,0,0,0,0,0,0,0,0,0,0,0,0,0,0,0,0,0,0,128,[84 -64 4 0 0 0 0 0 0 0 0 0 -14 -4 -13 -4 -13 -5 -13 -5 -12 -6 -13 -6 -12 -6 -12 -6 -12 -6 -12 -8 -12 -7 -11 -7 -11 -8 -11 -7 -11 -7 -11 -7 -11 -7 -11 -7 -11 -7 -10 -7 -10 -7 -10 -7 -10 -7 -11 -7 -10 -7 -10 -6 0 0 -10 -6 -10 -5 -10 -5 -10 -5 -10 -6 -10 -5 -10 -5 -11 -5 -11 -5 -11 -5 -11 -4 -11 -5 -11 -5 -11 -4 -12 -4 -12 -3 -12 -4 -12 -4 -13 -3 -12 -3 -12 -3 -13 -3 -13 -4 -13 -4 -13 -3 -13 -3 0 0 0 0 0 0 0 0 0 0]"
"1769237491235829,CSI_DATA,STATION,00:00:00:00:00:00,0,0,0,0,0,0,0,0,0,0,0,0,0,0,0,0,0,0,0,0,0,128,[84 -64 4 0 0 0 0 0 0 0 0 0 -13 1 -12 1 -13 0 -12 0 -12 0 -12 -1 -12 -1 -12 -2 -12 -2 -12 -3 -12 -2 -12 -2 -11 -3 -11 -3 -11 -3 -11 -2 -11 -3 -11 -3 -11 -3 -11 -3 -11 -3 -11 -2 -11 -3 -11 -3 -10 -2 -10 -2 0 0 -10 -2 -10 -1 -10 -1 -10 -1 -11 -2 -10 -1 -10 -1 -11 -1 -10 -1 -11 0 -11 0 -11 0 -11 0 -11 0 -11 1 -11 1 -11 1 -11 1 -11 1 -12 1 -12 1 -12 1 -12 1 -12 2 -12 2 -12 2 0 0 0 0 0 0 0 0 0 0]"
"1769237491240169,CSI_DATA,STATION,00:00:00:00:00:00,0,0,0,0,0,0,0,0,0,0,0,0,0,0,0,0,0,0,0,0,0,128,[84 -64 4 0 0 0 0 0 0 0 0 0 -12 7 -12 7 -13 6 -12 5 -13 5 -13 5 -13 5 -13 4 -13 4 -14 3 -13 4 -13 3 -13 2 -13 2 -13 2 -12 3 -12 2 -12 1 -12 1 -12 2 -12 1 -12 1 -11 2 -12 2 -11 2 -11 2 0 0 -11 2 -11 3 -11 3 -11 3 -11 3 -11 3 -11 3 -11 3 -11 4 -11 4 -11 4 -11 4 -11 4 -11 4 -11 5 -11 5 -11 5 -11 5 -11 5 -11 5 -11 6 -11 5 -11 6 -11 6 -11 6 -11 6 0 0 0 0 0 0 0 0 0 0]"
"1769237491244472,CSI_DATA,STATION,00:00:00:00:00:00,0,0,0,0,0,0,0,0,0,0,0,0,0,0,0,0,0,0,0,0,0,128,[84 -64 4 0 0 0 0 0 0 0 0 0 0 -15 0 -15 1 -16 2 -15 2 -15 3 -15 3 -15 4 -15 3 -14 4 -14 4 -14 4 -14 4 -14 4 -13 4 -14 4 -13 4 -13 4 -13 4 -13 4 -13 4 -13 4 -12 4 -12 4 -12 3 -13 3 -12 0 0 3 -12 2 -12 2 -12 2 -12 2 -13 2 -13 1 -12 2 -13 1 -12 1 -12 0 -13 1 -13 0 -13 0 -13 0 -13 0 -14 -1 -14 -1 -14 -1 -14 -1 -14 -1 -14 -1 -14 -1 -14 -2 -14 -2 -15 -2 -14 0 0 0 0 0 0 0 0 0 0]"
"1769237491250928,CSI_DATA,STATION,00:00:00:00:00:00,0,0,0,0,0,0,0,0,0,0,0,0,0,0,0,0,0,0,0,0,0,128,[84 -64 4 0 0 0 0 0 0 0 0 0 -7 -14 -7 -14 -6 -15 -6 -14 -5 -15 -5 -14 -5 -15 -4 -15 -4 -15 -4 -15 -3 -15 -3 -15 -3 -15 -2 -14 -2 -14 -3 -14 -2 -14 -2 -13 -2 -13 -2 -14 -2 -13 -3 -13 -2 -13 -2 -13 -2 -13 -3 -13 0 0 -3 -13 -3 -12 -3 -12 -3 -13 -4 -12 -4 -12 -4 -12 -4 -12 -4 -12 -5 -12 -5 -12 -5 -12 -5 -12 -5 -12 -6 -12 -6 -12 -6 -13 -7 -12 -6 -12 -7 -12 -7 -12 -7 -12 -7 -13 -8 -12 -7 -13 -8 -13 0 0 0 0 0 0 0 0 0 0]"
"1769237491255203,CSI_DATA,STATION,00:00:00:00:00:00,0,0,0,0,0,0,0,0,0,0,0,0,0,0,0,0,0,0,0,0,0,128,[84 -64 4 0 0 0 0 0 0 0 0 0 11 7 11 8 10 8 10 8 9 9 9 9 9 9 9 10 8 10 8 10 8 10 8 9 8 10 8 10 7 10 7 9 7 10 7 9 7 9 6 10 6 9 7 9 7 9 7 9 7 8 6 8 0 0 7 8 6 8 7 8 7 7 7 8 7 8 7 7 8 7 8 7 8 6 9 6 8 6 9 7 9 7 9 6 9 6 9 5 9 6 9 6 9 6 10 6 10 6 10 6 10 5 10 5 11 5 0 0 0 0 0 0 0 0 0 0]"
"1769237491261809,CSI_DATA,STATION,00:00:00:00:00:00,0,0,0,0,0,0,0,0,0,0,0,0,0,0,0,0,0,0,0,0,0,128,[84 -64 4 0 0 0 0 0 0 0 0 0 -10 -12 -10 -12 -9 -13 -9 -13 -9 -14 -8 -14 -8 -13 -8 -13 -6 -14 -7 -14 -7 -14 -6 -14 -6 -14 -6 -14 -5 -13 -6 -14 -5 -13 -6 -13 -6 -13 -6 -13 -5 -13 -5 -12 -6 -12 -6 -13 -5 -12 -6 -12 0 0 -6 -11 -6 -11 -6 -11 -6 -11 -7 -11 -7 -11 -7 -11 -8 -11 -8 -11 -8 -11 -8 -10 -8 -10 -8 -10 -8 -10 -9 -10 -9 -10 -10 -10 -9 -10 -10 -10 -10 -10 -10 -10 -10 -10 -10 -10 -11 -10 -11 -9 -11 -10 0 0 0 0 0 0 0 0 0 0]"
"1769237491266198,CSI_DATA,STATION,00:00:00:00:00:00,0,0,0,0,0,0,0,0,0,0,0,0,0,0,0,0,0,0,0,0,0,128,[84 -64 4 0 0 0 0 0 0 0 0 0 11 -6 11 -6 11 -5 11 -5 11 -5 12 -4 11 -4 11 -3 11 -4 11 -3 11 -3 11 -3 11 -3 11 -2 11 -2 11 -2 11 -2 10 -2 11 -2 10 -2 10 -2 10 -2 10 -2 10 -2 9 -3 9 -3 0 0 9 -3 9 -3 9 -3 9 -4 9 -3 9 -4 9 -4 9 -4 9 -4 8 -4 9 -5 9 -5 9 -5 9 -5 9 -5 9 -6 9 -6 9 -6 8 -6 8 -6 9 -6 9 -6 9 -6 8 -7 8 -7 8 -7 0 0 0 0 0 0 0 0 0 0]"
"1769237491270556,CSI_DATA,STATION,00:00:00:00:00:00,0,0,0,0,0,0,0,0,0,0,0,0,0,0,0,0,0,0,0,0,0,128,[84 -64 4 0 0 0 0 0 0 0 0 0 -13 6 -13 6 -13 5 -14 5 -13 4 -14 4 -14 3 -14 3 -14 3 -14 2 -14 2 -14 2 -13 1 -13 1 -13 1 -13 2 -13 1 -13 1 -13 1 -13 1 -12 1 -12 1 -12 1 -12 1 -12 1 -12 2 0 0 -11 2 -11 2 -11 2 -11 2 -11 2 -11 3 -11 3 -11 3 -11 3 -11 3 -11 4 -11 3 -11 4 -11 4 -11 4 -11 5 -11 4 -11 5 -11 5 -11 5 -11 5 -11 6 -11 5 -11 5 -11 6 -11 6 0 0 0 0 0 0 0 0 0 0]"
"1769237491277035,CSI_DATA,STATION,00:00:00:00:00:00,0,0,0,0,0,0,0,0,0,0,0,0,0,0,0,0,0,0,0,0,0,128,[84 -64 4 0 0 0 0 0 0 0 0 0 -9 13 -9 13 -9 12 -10 12 -11 11 -11 11 -11 11 -11 11 -12 10 -12 10 -12 10 -12 10 -12 9 -12 9 -12 8 -12 9 -11 9 -11 9 -11 8 -11 8 -11 8 -11 8 -11 8 -10 8 -10 8 -10 8 0 0 -10 8 -9 8 -9 9 -9 9 -9 9 -9 9 -8 9 -9 9 -8 9 -8 10 -8 10 -8 10 -8 10 -7 10 -8 10 -7 11 -7 11 -7 11 -7 11 -7 11 -7 12 -7 11 -7 12 -6 12 -6 12 -6 12 0 0 0 0 0 0 0 0 0 0]"
"1769237491281383,CSI_DATA,STATION,00:00:00:00:00:00,0,0,0,0,0,0,0,0,0,0,0,0,0,0,0,0,0,0,0,0,0,128,[84 -64 4 0 0 0 0 0 0 0 0 0 1 -16 2 -16 3 -16 3 -16 3 -16 4 -15 5 -16 5 -15 5 -15 5 -15 5 -15 6 -14 6 -14 6 -14 5 -13 6 -13 6 -13 6 -13 6 -13 6 -13 6 -12 5 -12 6 -12 5 -13 4 -12 4 -12 0 0 4 -12 4 -12 4 -12 4 -12 4 -12 4 -12 3 -12 3 -12 3 -13 3 -13 2 -13 2 -13 2 -13 2 -13 2 -14 1 -13 1 -14 1 -14 1 -14 1 -13 1 -14 1 -14 0 -14 -1 -14 0 -14 -1 -14 0 0 0 0 0 0 0 0 0 0]"
"1769237491285699,CSI_DATA,STATION,00:00:00:00:00:00,0,0,0,0,0,0,0,0,0,0,0,0,0,0,0,0,0,0,0,0,0,128,[84 -64 4 0 0 0 0 0 0 0 0 0 9 -12 9 -11 10 -11 9 -11 10 -10 10 -10 10 -9 11 -10 11 -9 11 -9 11 -9 11 -8 11 -8 11 -8 10 -8 10 -8 10 -8 10 -8 10 -7 10 -7 9 -7 9 -7 10 -7 9 -8 9 -8 9 -8 0 0 8 -8 8 -8 8 -8 8 -8 8 -8 7 -8 7 -8 7 -9 7 -9 7 -10 7 -10 6 -10 6 -9 6 -10 6 -10 6 -10 5 -11 5 -11 5 -11 5 -11 5 -11 5 -11 5 -12 5 -12 5 -12 5 -12 0 0 0 0 0 0 0 0 0 0]"
"1769237491292213,CSI_DATA,STATION,00:00:00:00:00:00,0,0,0,0,0,0,0,0,0,0,0,0,0,0,0,0,0,0,0,0,0,128,[84 -64 4 0 0 0 0 0 0 0 0 0 5 -16 5 -16 6 -15 6 -15 7 -15 7 -15 7 -14 8 -14 8 -14 8 -13 8 -13 8 -13 8 -13 8 -12 9 -12 8 -12 9 -12 8 -12 8 -12 8 -11 8 -11 8 -11 8 -11 7 -11 7 -11 7 -12 0 0 6 -11 6 -11 6 -11 6 -11 6 -12 5 -11 5 -12 5 -12 5 -12 5 -12 5 -12 4 -12 4 -12 4 -13 3 -13 4 -13 3 -13 3 -14 3 -14 3 -14 3 -14 3 -14 2 -14 2 -14 2 -15 2 -15 0 0 0 0 0 0 0 0 0 0]"
"1769237491302947,CSI_DATA,STATION,00:00:00:00:00:00,0,0,0,0,0,0,0,0,0,0,0,0,0,0,0,0,0,0,0,0,0,128,[84 -64 4 0 0 0 0 0 0 0 0 0 -13 7 -13 6 -14 6 -14 5 -14 5 -14 5 -14 5 -14 4 -14 4 -15 3 -15 3 -14 3 -14 2 -14 2 -14 1 -14 3 -13 2 -13 2 -14 2 -13 2 -13 2 -13 2 -13 2 -13 2 -12 2 -13 2 0 0 -12 3 -12 3 -12 3 -12 3 -12 3 -12 3 -12 4 -12 4 -11 4 -12 5 -11 5 -12 5 -11 5 -11 5 -11 6 -11 6 -11 5 -11 6 -11 7 -12 6 -11 7 -11 7 -12 7 -11 7 -11 7 -11 7 0 0 0 0 0 0 0 0 0 0]"
"1769237491309498,CSI_DATA,STATION,00:00:00:00:00:00,0,0,0,0,0,0,0,0,0,0,0,0,0,0,0,0,0,0,0,0,0,128,[84 -64 4 0 0 0 0 0 0 0 0 0 -14 -7 -13 -7 -13 -8 -13 -9 -13 -9 -12 -9 -12 -9 -12 -9 -11 -9 -11 -11 -11 -10 -10 -11 -10 -11 -10 -11 -10 -10 -10 -10 -10 -10 -10 -10 -9 -10 -9 -10 -9 -10 -9 -10 -9 -10 -9 -10 -9 -10 -9 -9 0 0 -9 -9 -9 -9 -10 -8 -10 -8 -10 -8 -10 -9 -10 -8 -10 -8 -10 -7 -10 -8 -11 -7 -10 -8 -10 -7 -10 -7 -11 -7 -11 -6 -12 -7 -12 -7 -12 -6 -12 -7 -12 -6 -12 -6 -13 -7 -13 -7 -12 -7 -12 -6 0 0 0 0 0 0 0 0 0 0]"
"1769237491316035,CSI_DATA,STATION,00:00:00:00:00:00,0,0,0,0,0,0,0,0,0,0,0,0,0,0,0,0,0,0,0,0,0,128,[84 -64 4 0 0 0 0 0 0 0 0 0 9 -9 10 -9 10 -8 10 -8 11 -8 11 -7 11 -7 11 -6 11 -6 11 -6 11 -6 11 -6 11 -5 11 -5 11 -5 11 -5 11 -5 11 -5 11 -4 11 -4 10 -5 10 -4 10 -5 10 -5 10 -5 10 -5 0 0 9 -5 10 -5 9 -5 9 -5 9 -6 9 -6 9 -5 9 -6 9 -6 9 -7 8 -7 9 -6 9 -7 9 -7 9 -7 9 -8 8 -8 8 -8 9 -8 8 -8 8 -8 8 -8 8 -8 8 -9 8 -9 8 -9 0 0 0 0 0 0 0 0 0 0]"
"1769237491320402,CSI_DATA,STATION,00:00:00:00:00:00,0,0,0,0,0,0,0,0,0,0,0,0,0,0,0,0,0,0,0,0,0,128,[84 -64 4 0 0 0 0 0 0 0 0 0 -12 -9 -12 -10 -12 -10 -12 -11 -11 -11 -11 -11 -10 -11 -9 -12 -9 -12 -10 -12 -9 -12 -9 -12 -9 -12 -9 -12 -8 -12 -8 -12 -8 -12 -8 -12 -8 -12 -7 -12 -7 -12 -7 -12 -7 -11 -8 -11 -8 -11 -8 -11 0 0 -7 -11 -8 -11 -8 -10 -8 -10 -8 -10 -8 -11 -8 -10 -9 -10 -8 -10 -9 -9 -10 -9 -10 -9 -9 -9 -10 -9 -9 -9 -10 -9 -10 -9 -10 -9 -10 -9 -10 -9 -11 -9 -11 -9 -11 -9 -12 -8 -12 -8 -12 -8 0 0 0 0 0 0 0 0 0 0]"
"1769237491326915,CSI_DATA,STATION,00:00:00:00:00:00,0,0,0,0,0,0,0,0,0,0,0,0,0,0,0,0,0,0,0,0,0,128,[84 -64 4 0 0 0 0 0 0 0 0 0 14 -1 14 1 14 1 14 1 14 2 14 2 14 2 13 3 14 3 14 3 13 3 13 4 13 4 13 4 12 4 12 4 12 4 12 4 12 4 12 4 12 4 11 4 12 4 12 4 12 3 12 3 0 0 11 3 11 3 11 2 12 2 11 2 12 2 11 2 12 1 12 1 12 1 12 0 12 1 12 0 12 0 13 0 12 -1 12 -1 13 -1 13 -1 13 -1 13 -2 12 -1 13 -2 13 -2 13 -2 13 -2 0 0 0 0 0 0 0 0 0 0]"
"1769237491333483,CSI_DATA,STATION,00:00:00:00:00:00,0,0,0,0,0,0,0,0,0,0,0,0,0,0,0,0,0,0,0,0,0,128,[84 -64 4 0 0 0 0 0 0 0 0 0 11 -7 11 -7 11 -6 11 -6 11 -5 12 -5 12 -5 12 -5 12 -4 12 -4 12 -3 12 -3 12 -3 12 -3 12 -3 12 -3 11 -2 11 -2 11 -2 12 -2 11 -2 11 -3 11 -2 11 -2 11 -2 11 -3 0 0 10 -3 10 -3 10 -3 10 -3 10 -3 10 -3 10 -3 10 -4 10 -4 9 -4 10 -4 10 -4 10 -4 10 -4 10 -5 10 -5 10 -5 11 -6 10 -6 10 -6 10 -6 10 -6 10 -6 10 -6 10 -6 10 -6 0 0 0 0 0 0 0 0 0 0]"
"1769237491337859,CSI_DATA,STATION,00:00:00:00:00:00,0,0,0,0,0,0,0,0,0,0,0,0,0,0,0,0,0,0,0,0,0,128,[84 -64 4 0 0 0 0 0 0 0 0 0 1 -15 2 -15 2 -14 2 -15 2 -15 4 -15 4 -14 4 -14 4 -14 4 -14 4 -14 4 -14 5 -13 5 -13 5 -13 5 -13 5 -13 5 -13 5 -13 5 -12 5 -12 5 -13 5 -12 4 -12 4 -12 4 -12 0 0 3 -12 3 -12 3 -12 2 -12 3 -13 2 -12 2 -13 2 -13 2 -13 1 -13 1 -13 1 -13 0 -13 1 -13 0 -13 0 -14 -1 -14 0 -14 0 -14 0 -14 0 -14 -1 -13 -1 -14 -1 -14 -2 -14 -2 -14 0 0 0 0 0 0 0 0 0 0]"
"1769237491342220,CSI_DATA,STATION,00:00:00:00:00:00,0,0,0,0,0,0,0,0,0,0,0,0,0,0,0,0,0,0,0,0,0,128,[84 -64 4 0 0 0 0 0 0 0 0 0 -9 -15 -10 -16 -9 -15 -8 -16 -7 -16 -8 -16 -7 -16 -6 -16 -6 -16 -6 -16 -6 -16 -5 -16 -6 -17 -4 -16 -4 -17 -4 -16 -4 -16 -4 -15 -4 -16 -4 -16 -4 -16 -4 -16 -4 -15 -4 -16 -4 -15 -5 -15 0 0 -4 -15 -5 -14 -5 -15 -5 -14 -6 -14 -6 -15 -6 -14 -6 -14 -6 -14 -7 -13 -7 -13 -7 -14 -7 -14 -8 -14 -7 -14 -8 -14 -9 -14 -8 -14 -8 -14 -8 -13 -9 -14 -9 -14 -9 -13 -10 -13 -10 -13 -10 -13 0 0 0 0 0 0 0 0 0 0]"
"1769237491348718,CSI_DATA,STATION,00:00:00:00:00:00,0,0,0,0,0,0,0,0,0,0,0,0,0,0,0,0,0,0,0,0,0,128,[84 -64 4 0 0 0 0 0 0 0 0 0 13 -6 14 -6 14 -5 14 -5 14 -4 14 -4 15 -4 15 -3 15 -3 14 -2 14 -2 14 -2 14 -1 14 -1 14 -1 14 -1 14 -1 13 -1 14 -1 13 -1 13 -1 13 -1 13 -1 13 -1 13 -1 13 -2 0 0 13 -1 12 -2 12 -2 12 -2 13 -2 13 -3 12 -3 12 -3 12 -4 11 -4 12 -4 12 -4 12 -4 13 -4 12 -5 12 -5 12 -5 12 -6 12 -5 12 -6 12 -6 12 -6 12 -6 12 -6 12 -6 12 -7 0 0 0 0 0 0 0 0 0 0]"
"1769237491353046,CSI_DATA,STATION,00:00:00:00:00:00,0,0,0,0,0,0,0,0,0,0,0,0,0,0,0,0,0,0,0,0,0,128,[84 -64 4 0 0 0 0 0 0 0 0 0 -13 0 -14 0 -13 -1 -14 -1 -13 -1 -14 -2 -13 -2 -13 -2 -13 -3 -13 -3 -13 -3 -12 -3 -13 -4 -13 -4 -13 -4 -12 -3 -13 -4 -12 -4 -12 -4 -12 -4 -12 -4 -11 -4 -12 -4 -11 -4 -12 -3 -11 -3 0 0 -11 -3 -11 -2 -11 -2 -11 -2 -12 -2 -11 -2 -11 -2 -12 -2 -11 -1 -11 -1 -12 -1 -12 -1 -12 -1 -12 -1 -12 0 -12 0 -12 0 -12 0 -13 0 -12 0 -13 1 -12 1 -12 0 -13 1 -13 1 -12 1 0 0 0 0 0 0 0 0 0 0]"
"1769237491357414,CSI_DATA,STATION,00:00:00:00:00:00,0,0,0,0,0,0,0,0,0,0,0,0,0,0,0,0,0,0,0,0,0,128,[84 -64 4 0 0 0 0 0 0 0 0 0 8 -12 8 -12 8 -11 9 -11 9 -11 10 -11 10 -11 10 -10 11 -10 10 -10 10 -10 11 -9 10 -9 10 -9 11 -8 10 -9 11 -9 10 -9 10 -8 10 -8 10 -8 10 -8 10 -8 9 -8 10 -8 9 -9 0 0 9 -8 9 -9 9 -8 8 -8 8 -9 8 -9 8 -9 8 -10 8 -10 8 -10 7 -10 8 -10 7 -10 8 -11 7 -11 7 -11 7 -11 7 -12 7 -12 7 -12 7 -12 7 -12 6 -12 6 -12 6 -12 6 -13 0 0 0 0 0 0 0 0 0 0]"
"1769237491363918,CSI_DATA,STATION,00:00:00:00:00:00,0,0,0,0,0,0,0,0,0,0,0,0,0,0,0,0,0,0,0,0,0,128,[84 -64 4 0 0 0 0 0 0 0 0 0 -14 -5 -14 -5 -14 -6 -14 -7 -13 -7 -13 -7 -13 -8 -13 -8 -12 -8 -12 -9 -12 -9 -12 -9 -12 -9 -12 -9 -11 -9 -11 -9 -11 -9 -11 -9 -11 -9 -11 -10 -11 -9 -10 -9 -10 -9 -11 -9 -10 -8 -10 -8 0 0 -11 -8 -10 -8 -11 -7 -10 -7 -11 -8 -11 -7 -11 -7 -11 -7 -11 -7 -11 -7 -12 -6 -12 -6 -11 -6 -12 -6 -12 -6 -13 -6 -12 -6 -12 -6 -13 -5 -13 -5 -13 -5 -13 -6 -13 -5 -13 -5 -13 -5 -13 -5 0 0 0 0 0 0 0 0 0 0]"
"1769237491368171,CSI_DATA,STATION,00:00:00:00:00:00,0,0,0,0,0,0,0,0,0,0,0,0,0,0,0,0,0,0,0,0,0,128,[84 -64 4 0 0 0 0 0 0 0 0 0 -13 -3 -13 -3 -13 -4 -13 -4 -13 -5 -13 -5 -12 -5 -13 -6 -12 -6 -12 -6 -12 -6 -12 -6 -12 -6 -11 -7 -12 -7 -11 -6 -11 -7 -11 -7 -11 -7 -11 -7 -10 -7 -11 -7 -10 -6 -11 -6 -10 -6 -11 -6 0 0 -10 -6 -10 -5 -10 -5 -10 -5 -11 -5 -10 -5 -10 -5 -11 -5 -11 -5 -11 -4 -11 -4 -11 -4 -11 -4 -11 -4 -11 -4 -12 -3 -12 -4 -12 -3 -12 -3 -12 -3 -12 -3 -12 -3 -12 -3 -13 -3 -13 -3 -13 -3 0 0 0 0 0 0 0 0 0 0]"
"1769237491374548,CSI_DATA,STATION,00:00:00:00:00:00,0,0,0,0,0,0,0,0,0,0,0,0,0,0,0,0,0,0,0,0,0,128,[84 -64 4 0 0 0 0 0 0 0 0 0 12 -4 12 -4 12 -3 12 -3 12 -3 12 -2 12 -2 13 -1 13 -1 13 0 12 0 12 0 12 0 12 1 12 1 12 1 11 1 11 1 11 1 11 1 11 1 11 1 11 1 11 1 11 0 11 0 0 0 10 1 10 0 10 0 11 0 11 0 11 -1 11 0 11 -1 10 -1 10 -1 10 -2 11 -1 11 -1 11 -1 11 -2 11 -2 11 -2 11 -2 11 -2 11 -3 11 -3 11 -2 11 -2 11 -3 12 -3 11 -3 0 0 0 0 0 0 0 0 0 0]"
"1769237491378937,CSI_DATA,STATION,00:00:00:00:00:00,0,0,0,0,0,0,0,0,0,0,0,0,0,0,0,0,0,0,0,0,0,128,[84 -64 4 0 0 0 0 0 0 0 0 0 4 12 3 12 3 12 3 12 2 12 2 12 2 12 1 13 1 12 1 12 0 12 0 12 0 12 0 12 0 12 0 12 -1 11 -1 11 -1 11 -1 11 0 11 0 11 -1 11 -1 11 0 11 0 11 0 0 0 11 1 10 1 10 1 11 1 11 1 11 1 10 1 10 1 10 2 10 2 10 2 11 2 11 3 10 3 10 3 10 3 10 3 11 4 11 4 11 4 10 4 10 4 10 4 10 4 11 4 11 0 0 0 0 0 0 0 0 0 0]"
"1769237491385631,CSI_DATA,STATION,00:00:00:00:00:00,0,0,0,0,0,0,0,0,0,0,0,0,0,0,0,0,0,0,0,0,0,128,[84 -64 4 0 0 0 0 0 0 0 0 0 -6 -14 -6 -14 -5 -14 -5 -14 -4 -14 -5 -14 -4 -14 -3 -15 -3 -15 -3 -15 -3 -14 -2 -14 -1 -14 -2 -14 -2 -14 -1 -14 -1 -14 -1 -14 -1 -13 -1 -14 -1 -13 -1 -13 -1 -13 -1 -13 -1 -13 -2 -13 0 0 -2 -12 -2 -13 -2 -12 -2 -13 -2 -12 -2 -12 -3 -12 -3 -12 -3 -12 -3 -12 -4 -13 -4 -12 -4 -12 -4 -12 -5 -13 -5 -12 -5 -13 -5 -13 -5 -12 -6 -13 -5 -13 -6 -13 -6 -13 -6 -13 -6 -13 -6 -13 0 0 0 0 0 0 0 0 0 0]"
"1769237491390119,CSI_DATA,STATION,00:00:00:00:00:00,0,0,0,0,0,0,0,0,0,0,0,0,0,0,0,0,0,0,0,0,0,128,[84 -64 4 0 0 0 0 0 0 0 0 0 14 1 14 2 14 3 14 3 13 4 13 3 14 4 13 4 13 4 13 5 13 5 12 5 12 6 12 5 12 6 12 5 11 6 11 6 12 6 11 6 11 6 11 5 11 5 11 5 11 5 11 4 0 0 11 5 11 4 11 4 11 4 11 4 11 4 11 3 11 3 11 3 11 2 11 2 12 3 12 2 12 2 12 1 12 1 12 1 13 1 13 1 12 1 13 1 12 1 13 1 13 1 13 0 13 0 0 0 0 0 0 0 0 0 0 0]"
"1769237491394565,CSI_DATA,STATION,00:00:00:00:00:00,0,0,0,0,0,0,0,0,0,0,0,0,0,0,0,0,0,0,0,0,0,128,[84 -64 4 0 0 0 0 0 0 0 0 0 -3 13 -4 13 -4 13 -5 13 -5 13 -6 13 -6 13 -6 13 -6 12 -7 12 -7 12 -7 12 -8 12 -7 11 -7 12 -7 11 -7 11 -7 11 -7 11 -7 10 -7 11 -7 10 -7 11 -7 11 -6 10 -7 11 0 0 -6 10 -5 10 -5 11 -5 11 -5 11 -5 11 -5 11 -4 11 -4 11 -4 11 -4 11 -4 11 -4 12 -3 12 -4 12 -3 12 -3 12 -3 12 -3 12 -3 12 -2 12 -2 12 -2 12 -2 13 -2 13 -2 13 0 0 0 0 0 0 0 0 0 0]"
"1769237491399033,CSI_DATA,STATION,00:00:00:00:00:00,0,0,0,0,0,0,0,0,0,0,0,0,0,0,0,0,0,0,0,0,0,128,[84 -64 4 0 0 0 0 0 0 0 0 0 10 6 10 6 10 7 10 7 10 8 10 8 9 8 9 8 8 9 8 9 8 9 8 9 8 9 8 9 7 9 7 9 7 8 7 9 7 9 7 9 7 9 6 9 7 8 7 8 6 8 7 8 0 0 6 8 7 8 7 7 6 8 7 7 7 7 7 7 8 7 7 7 8 7 8 6 8 7 8 7 8 7 8 6 8 6 9 6 9 6 9 6 9 6 9 6 9 6 9 6 10 6 10 6 10 6 0 0 0 0 0 0 0 0 0 0]"
"1769237491405613,CSI_DATA,STATION,00:00:00:00:00:00,0,0,0,0,0,0,0,0,0,0,0,0,0,0,0,0,0,0,0,0,0,128,[84 -64 4 0 0 0 0 0 0 0 0 0 -13 -7 -13 -7 -13 -8 -13 -9 -12 -9 -12 -9 -12 -9 -12 -10 -11 -10 -11 -10 -11 -10 -10 -10 -10 -10 -10 -10 -10 -11 -10 -10 -10 -10 -9 -10 -10 -10 -10 -10 -9 -10 -10 -10 -9 -9 -10 -10 -9 -9 -10 -9 0 0 -9 -9 -9 -8 -9 -8 -9 -8 -10 -8 -10 -8 -10 -8 -10 -7 -11 -7 -11 -7 -11 -7 -11 -7 -11 -7 -11 -7 -11 -7 -12 -6 -12 -6 -12 -6 -12 -6 -12 -6 -12 -6 -12 -6 -12 -6 -13 -6 -13 -6 -13 -6 0 0 0 0 0 0 0 0 0 0]"
"1769237491409945,CSI_DATA,STATION,00:00:00:00:00:00,0,0,0,0,0,0,0,0,0,0,0,0,0,0,0,0,0,0,0,0,0,128,[84 -64 4 0 0 0 0 0 0 0 0 0 -10 8 -11 7 -11 7 -11 7 -12 7 -12 7 -12 6 -12 6 -12 5 -12 5 -12 5 -12 5 -12 5 -12 5 -12 4 -12 4 -12 4 -11 4 -11 3 -12 3 -11 4 -11 3 -11 4 -11 4 -11 4 -11 4 0 0 -10 4 -10 4 -10 4 -10 4 -10 5 -10 4 -10 5 -10 5 -9 6 -10 6 -10 6 -9 5 -9 6 -9 6 -10 6 -9 7 -9 7 -9 7 -9 7 -9 8 -9 8 -9 8 -9 8 -9 8 -9 8 -9 8 0 0 0 0 0 0 0 0 0 0]"
"1769237491416649,CSI_DATA,STATION,00:00:00:00:00:00,0,0,0,0,0,0,0,0,0,0,0,0,0,0,0,0,0,0,0,0,0,128,[84 -64 4 0 0 0 0 0 0 0 0 0 13 3 13 4 13 4 13 5 13 5 12 5 13 5 12 6 12 6 12 7 12 6 11 6 11 7 11 7 11 7 11 7 10 7 11 7 10 7 10 7 10 7 10 7 10 7 10 7 9 6 10 6 0 0 10 6 9 6 10 5 10 5 10 6 10 5 10 5 10 5 10 4 10 4 11 4 11 5 11 4 11 4 11 4 11 4 12 4 11 3 12 3 11 3 12 3 12 3 12 3 12 3 12 3 12 3 0 0 0 0 0 0 0 0 0 0]"
"1769237491421138,CSI_DATA,STATION,00:00:00:00:00:00,0,0,0,0,0,0,0,0,0,0,0,0,0,0,0,0,0,0,0,0,0,128,[84 -64 4 0 0 0 0 0 0 0 0 0 12 -2 12 -1 12 0 13 0 12 0 13 1 12 1 12 2 12 2 12 2 12 1 11 2 11 2 11 2 12 3 11 2 11 3 11 3 11 4 11 3 11 3 10 3 10 2 10 3 10 2 10 2 0 0 10 2 10 2 10 2 10 1 10 2 10 1 10 1 10 1 10 1 10 0 10 0 10 0 10 0 11 0 10 0 11 -1 10 -1 11 -1 11 -1 10 -1 11 -1 11 -1 11 -1 11 -2 11 -2 11 -2 0 0 0 0 0 0 0 0 0 0]"
"1769237491425487,CSI_DATA,STATION,00:00:00:00:00:00,0,0,0,0,0,0,0,0,0,0,0,0,0,0,0,0,0,0,0,0,0,128,[84 -64 4 0 0 0 0 0 0 0 0 0 13 8 13 8 13 9 12 9 12 10 12 10 11 10 11 11 10 11 10 11 10 11 10 11 10 11 9 11 9 11 9 11 9 11 9 11 9 10 8 11 8 11 8 10 8 10 9 10 8 10 8 9 0 0 9 9 9 8 9 9 9 8 9 9 9 9 9 8 9 8 10 8 9 7 10 7 10 7 11 7 11 7 11 6 11 7 11 6 11 6 12 6 11 6 12 6 12 6 12 6 12 5 12 5 13 5 0 0 0 0 0 0 0 0 0 0]"
"1769237491432084,CSI_DATA,STATION,00:00:00:00:00:00,0,0,0,0,0,0,0,0,0,0,0,0,0,0,0,0,0,0,0,0,0,128,[84 -64 4 0 0 0 0 0 0 0 0 0 -2 15 -3 15 -3 15 -3 15 -4 15 -5 15 -5 15 -6 14 -6 14 -7 14 -6 14 -7 13 -7 13 -7 13 -6 13 -6 13 -7 13 -7 13 -7 13 -6 12 -6 12 -6 12 -6 12 -6 12 -5 11 -6 12 0 0 -5 11 -4 11 -4 12 -4 12 -4 12 -4 11 -4 11 -4 11 -3 12 -3 12 -3 12 -3 12 -2 13 -2 12 -2 12 -1 13 -1 13 -1 13 -1 13 -2 13 -1 13 -1 13 -1 13 0 13 -1 13 0 14 0 0 0 0 0 0 0 0 0 0]"
"1769237491436542,CSI_DATA,STATION,00:00:00:00:00:00,0,0,0,0,0,0,0,0,0,0,0,0,0,0,0,0,0,0,0,0,0,128,[84 -64 4 0 0 0 0 0 0 0 0 0 -16 -3 -17 -4 -16 -4 -16 -5 -16 -5 -16 -6 -15 -5 -15 -6 -15 -6 -15 -7 -15 -6 -14 -7 -14 -7 -14 -7 -13 -7 -13 -7 -14 -8 -13 -7 -13 -8 -12 -8 -13 -7 -12 -7 -12 -7 -12 -7 -12 -7 -12 -6 0 0 -12 -6 -12 -6 -12 -5 -12 -5 -13 -6 -12 -5 -12 -5 -13 -5 -13 -4 -13 -4 -13 -4 -13 -4 -13 -4 -13 -4 -13 -3 -14 -3 -13 -4 -13 -3 -14 -2 -14 -3 -14 -3 -14 -2 -14 -2 -14 -3 -14 -2 -14 -2 0 0 0 0 0 0 0 0 0 0]"
"1769237491440999,CSI_DATA,STATION,00:00:00:00:00:00,0,0,0,0,0,0,0,0,0,0,0,0,0,0,0,0,0,0,0,0,0,128,[84 -64 4 0 0 0 0 0 0 0 0 0 11 6 10 6 10 7 10 7 10 7 9 8 9 8 9 9 8 8 8 9 8 8 8 8 7 8 8 9 7 9 7 9 7 9 7 8 7 8 6 8 6 8 6 8 6 8 7 8 6 8 7 7 0 0 6 7 6 7 7 7 7 7 7 7 7 7 7 7 7 7 7 6 8 6 8 6 8 6 8 6 8 6 8 5 8 6 9 5 9 5 9 5 9 5 9 5 9 5 9 5 9 5 9 5 10 5 0 0 0 0 0 0 0 0 0 0]"
"1769237491447672,CSI_DATA,STATION,00:00:00:00:00:00,0,0,0,0,0,0,0,0,0,0,0,0,0,0,0,0,0,0,0,0,0,128,[84 -64 4 0 0 0 0 0 0 0 0 0 13 -6 15 -6 14 -4 14 -5 14 -4 15 -4 15 -3 16 -3 15 -2 14 -2 15 -3 15 -2 14 -2 14 -1 15 -1 14 -1 14 -1 13 -2 13 -1 14 -1 13 -1 13 -1 12 -1 13 -1 12 -2 13 -2 0 0 12 -2 12 -2 12 -2 12 -2 12 -3 12 -3 12 -2 12 -3 12 -3 11 -4 11 -5 11 -4 12 -4 12 -4 12 -5 12 -5 11 -5 12 -6 12 -6 12 -5 12 -6 11 -6 12 -6 11 -7 11 -7 12 -7 0 0 0 0 0 0 0 0 0 0]"
"1769237491452164,CSI_DATA,STATION,00:00:00:00:00:00,0,0,0,0,0,0,0,0,0,0,0,0,0,0,0,0,0,0,0,0,0,128,[84 -64 4 0 0 0 0 0 0 0 0 0 -15 -8 -14 -8 -14 -9 -14 -9 -14 -10 -13 -10 -12 -10 -12 -11 -12 -11 -12 -11 -12 -10 -11 -11 -11 -11 -11 -11 -10 -10 -11 -11 -10 -11 -11 -11 -10 -11 -9 -11 -10 -11 -9 -10 -9 -11 -10 -10 -10 -10 -10 -9 0 0 -10 -9 -10 -8 -10 -8 -10 -8 -10 -9 -10 -8 -10 -8 -11 -8 -11 -8 -11 -7 -12 -7 -12 -7 -11 -7 -11 -7 -12 -6 -12 -6 -12 -6 -12 -6 -12 -6 -12 -6 -13 -6 -13 -6 -13 -6 -13 -5 -13 -5 -13 -5 0 0 0 0 0 0 0 0 0 0]"
"1769237491456621,CSI_DATA,STATION,00:00:00:00:00:00,0,0,0,0,0,0,0,0,0,0,0,0,0,0,0,0,0,0,0,0,0,128,[84 -64 4 0 0 0 0 0 0 0 0 0 -2 15 -3 16 -4 15 -3 15 -4 15 -5 15 -5 15 -6 14 -6 14 -6 14 -6 14 -6 13 -6 13 -7 13 -7 13 -6 12 -7 13 -7 13 -7 12 -7 12 -6 12 -6 12 -6 11 -6 12 -5 11 -5 12 0 0 -5 11 -4 11 -4 12 -4 12 -4 12 -4 11 -4 12 -3 11 -3 11 -3 12 -2 12 -2 12 -2 12 -2 12 -2 12 -1 12 -1 12 -1 13 -1 13 -1 13 -1 13 0 12 0 13 0 13 0 13 0 13 0 0 0 0 0 0 0 0 0 0]"
"1769237491463270,CSI_DATA,STATION,00:00:00:00:00:00,0,0,0,0,0,0,0,0,0,0,0,0,0,0,0,0,0,0,0,0,0,128,[84 -64 4 0 0 0 0 0 0 0 0 0 1 -14 2 -15 3 -15 3 -15 3 -14 4 -14 4 -14 5 -14 5 -14 4 -14 5 -13 5 -13 5 -12 5 -13 5 -13 5 -12 5 -12 6 -11 5 -12 5 -12 5 -11 4 -11 5 -11 4 -11 4 -11 4 -11 0 0 3 -11 3 -11 3 -11 2 -11 3 -11 2 -11 2 -11 2 -12 2 -12 1 -11 1 -12 1 -12 1 -12 1 -12 0 -12 0 -12 0 -12 0 -13 0 -12 -1 -12 -1 -12 -1 -12 -1 -12 -1 -12 -1 -12 -2 -12 0 0 0 0 0 0 0 0 0 0]"
"1769237491471741,CSI_DATA,STATION,00:00:00:00:00:00,0,0,0,0,0,0,0,0,0,0,0,0,0,0,0,0,0,0,0,0,0,128,[84 -64 4 0 0 0 0 0 0 0 0 0 9 -11 10 -11 10 -11 10 -10 11 -10 11 -10 11 -9 11 -9 11 -8 12 -8 11 -8 11 -7 11 -8 11 -7 11 -7 11 -7 11 -7 11 -8 10 -7 11 -6 10 -6 10 -6 10 -7 10 -7 9 -6 9 -7 0 0 9 -7 9 -7 8 -7 8 -7 8 -8 8 -7 8 -8 8 -8 7 -8 8 -9 7 -9 7 -9 7 -9 7 -9 7 -9 6 -9 6 -10 6 -10 6 -10 6 -10 6 -10 6 -10 5 -11 5 -11 5 -11 5 -11 0 0 0 0 0 0 0 0 0 0]"
"1769237491478146,CSI_DATA,STATION,00:00:00:00:00:00,0,0,0,0,0,0,0,0,0,0,0,0,0,0,0,0,0,0,0,0,0,128,[84 -64 4 0 0 0 0 0 0 0 0 0 -12 11 -13 11 -12 10 -13 11 -13 9 -14 10 -14 9 -14 8 -14 8 -14 7 -14 8 -14 7 -14 7 -14 7 -14 6 -14 6 -15 7 -13 6 -13 6 -13 6 -13 6 -12 6 -12 6 -12 6 -12 6 -12 6 0 0 -12 6 -11 6 -11 7 -11 6 -11 7 -10 7 -10 7 -10 7 -10 8 -10 8 -10 8 -10 8 -9 8 -9 9 -9 8 -9 9 -9 9 -9 9 -9 10 -9 9 -8 10 -8 10 -8 10 -8 11 -8 11 -8 11 0 0 0 0 0 0 0 0 0 0]"
"1769237491484599,CSI_DATA,STATION,00:00:00:00:00:00,0,0,0,0,0,0,0,0,0,0,0,0,0,0,0,0,0,0,0,0,0,128,[84 -64 4 0 0 0 0 0 0 0 0 0 -11 -14 -10 -14 -10 -14 -9 -14 -9 -16 -8 -15 -8 -15 -7 -15 -7 -15 -7 -16 -7 -15 -6 -15 -6 -15 -6 -15 -5 -15 -6 -15 -5 -14 -5 -14 -5 -14 -5 -14 -5 -14 -5 -14 -5 -13 -5 -13 -5 -13 -6 -13 0 0 -5 -13 -6 -12 -6 -12 -6 -12 -6 -12 -6 -12 -6 -11 -7 -11 -7 -11 -8 -11 -8 -11 -8 -11 -8 -11 -8 -11 -8 -11 -9 -10 -9 -11 -9 -10 -10 -11 -9 -10 -10 -10 -10 -10 -10 -10 -11 -9 -11 -10 -11 -10 0 0 0 0 0 0 0 0 0 0]"
"1769237491488919,CSI_DATA,STATION,00:00:00:00:00:00,0,0,0,0,0,0,0,0,0,0,0,0,0,0,0,0,0,0,0,0,0,128,[84 -64 4 0 0 0 0 0 0 0 0 0 -17 3 -17 2 -18 2 -17 1 -18 0 -17 0 -17 -1 -17 -1 -17 -2 -17 -2 -17 -2 -16 -2 -16 -3 -16 -2 -16 -3 -15 -3 -15 -3 -15 -3 -15 -3 -15 -3 -14 -4 -14 -3 -14 -3 -14 -3 -14 -2 -14 -2 0 0 -13 -2 -14 -2 -14 -2 -14 -1 -14 -2 -14 -1 -14 -1 -13 -1 -13 0 -13 0 -14 1 -13 0 -13 1 -14 1 -13 1 -14 2 -13 1 -14 2 -14 2 -14 2 -14 3 -14 2 -14 2 -13 3 -14 3 -14 4 0 0 0 0 0 0 0 0 0 0]"
"1769237491495332,CSI_DATA,STATION,00:00:00:00:00:00,0,0,0,0,0,0,0,0,0,0,0,0,0,0,0,0,0,0,0,0,0,128,[84 -64 4 0 0 0 0 0 0 0 0 0 -12 9 -12 9 -13 9 -13 8 -13 8 -13 8 -14 8 -13 7 -13 7 -14 6 -14 6 -14 5 -13 5 -13 5 -13 5 -14 5 -13 5 -13 5 -13 4 -13 4 -13 4 -12 4 -12 4 -12 4 -12 4 -12 5 0 0 -11 5 -11 5 -11 5 -11 5 -11 5 -11 5 -11 6 -10 6 -10 6 -11 6 -10 7 -10 6 -10 6 -9 7 -10 7 -10 8 -9 8 -10 8 -9 9 -9 8 -9 9 -9 8 -9 8 -9 9 -9 9 -9 9 0 0 0 0 0 0 0 0 0 0]"
"1769237491499654,CSI_DATA,STATION,00:00:00:00:00:00,0,0,0,0,0,0,0,0,0,0,0,0,0,0,0,0,0,0,0,0,0,128,[84 -64 4 0 0 0 0 0 0 0 0 0 -15 4 -16 3 -16 3 -16 2 -16 2 -16 2 -16 1 -15 1 -15 0 -16 0 -15 0 -15 0 -15 -1 -15 -1 -15 -2 -14 -1 -14 -1 -14 -2 -14 -2 -14 -2 -13 -2 -13 -2 -13 -1 -13 -1 -13 -1 -14 0 0 0 -13 0 -13 0 -12 0 -13 0 -13 0 -12 0 -12 1 -12 1 -12 1 -12 1 -12 2 -12 2 -12 2 -12 2 -12 3 -12 3 -12 3 -13 4 -12 3 -13 4 -12 4 -12 3 -13 4 -12 4 -12 5 -12 4 0 0 0 0 0 0 0 0 0 0]"
"1769237491503947,CSI_DATA,STATION,00:00:00:00:00:00,0,0,0,0,0,0,0,0,0,0,0,0,0,0,0,0,0,0,0,0,0,128,[84 -64 4 0 0 0 0 0 0 0 0 0 13 6 13 7 12 7 13 7 12 8 12 8 12 8 11 9 11 9 11 10 11 9 10 9 10 10 10 10 10 10 10 9 10 9 10 9 9 9 9 9 9 9 9 9 9 8 9 8 9 8 9 8 0 0 9 7 9 7 9 7 9 7 10 7 10 6 9 6 10 6 10 6 10 6 10 5 10 6 10 6 11 5 10 4 11 5 11 5 12 4 11 4 11 4 12 4 11 4 12 4 12 4 12 4 12 3 0 0 0 0 0 0 0 0 0 0]"
"1769237491510407,CSI_DATA,STATION,00:00:00:00:00:00,0,0,0,0,0,0,0,0,0,0,0,0,0,0,0,0,0,0,0,0,0,128,[84 -64 4 0 0 0 0 0 0 0 0 0 12 8 12 9 11 9 11 10 11 10 11 11 11 10 10 11 9 11 9 11 9 11 9 11 9 11 8 11 8 12 8 11 9 11 8 11 8 11 7 11 7 11 7 10 7 10 8 10 7 10 8 9 0 0 8 9 7 9 8 9 8 8 8 9 8 8 8 8 9 8 9 7 9 8 9 7 9 7 10 7 10 7 10 6 11 7 10 6 11 6 11 6 10 6 11 6 11 6 11 5 11 6 11 5 11 5 0 0 0 0 0 0 0 0 0 0]"
"1769237491514722,CSI_DATA,STATION,00:00:00:00:00:00,0,0,0,0,0,0,0,0,0,0,0,0,0,0,0,0,0,0,0,0,0,128,[84 -64 4 0 0 0 0 0 0 0 0 0 -11 -9 -11 -9 -11 -10 -11 -10 -10 -10 -10 -11 -10 -10 -10 -11 -9 -11 -9 -12 -9 -11 -8 -11 -8 -11 -8 -11 -8 -12 -7 -11 -7 -11 -8 -11 -7 -11 -7 -11 -7 -11 -7 -11 -7 -11 -7 -10 -7 -11 -7 -10 0 0 -7 -10 -7 -10 -7 -9 -7 -9 -8 -9 -7 -9 -8 -9 -8 -9 -8 -9 -9 -9 -9 -8 -9 -8 -9 -8 -9 -8 -9 -8 -9 -8 -10 -8 -10 -8 -10 -8 -10 -8 -10 -8 -10 -8 -10 -8 -11 -8 -11 -8 -10 -7 0 0 0 0 0 0 0 0 0 0]"
"1769237491521195,CSI_DATA,STATION,00:00:00:00:00:00,0,0,0,0,0,0,0,0,0,0,0,0,0,0,0,0,0,0,0,0,0,128,[84 -64 4 0 0 0 0 0 0 0 0 0 -2 -15 -1 -15 -1 -16 0 -16 0 -16 0 -16 1 -15 2 -15 2 -15 2 -15 3 -15 3 -15 3 -14 3 -14 3 -15 3 -14 4 -14 4 -14 3 -14 3 -14 3 -14 3 -13 3 -14 3 -13 3 -13 3 -13 0 0 2 -13 2 -13 2 -13 2 -13 2 -13 1 -13 1 -13 1 -13 1 -13 1 -13 0 -13 0 -13 0 -13 0 -13 -1 -14 -1 -14 -1 -14 -1 -14 -1 -14 -1 -14 -2 -14 -2 -14 -2 -14 -2 -14 -2 -14 -2 -14 0 0 0 0 0 0 0 0 0 0]"
"1769237491527688,CSI_DATA,STATION,00:00:00:00:00:00,0,0,0,0,0,0,0,0,0,0,0,0,0,0,0,0,0,0,0,0,0,128,[84 -64 4 0 0 0 0 0 0 0 0 0 4 13 3 12 2 13 2 13 2 13 2 13 1 13 0 13 0 13 0 13 0 13 -1 12 -1 13 -1 13 -1 12 -1 13 -2 12 -2 12 -1 12 -1 12 -1 12 -1 12 -1 12 -2 11 -1 11 -1 11 0 0 -1 11 0 11 0 11 -1 11 0 11 0 11 0 11 0 11 0 11 0 11 1 11 1 12 1 11 1 11 2 12 2 11 2 11 2 11 2 12 2 11 3 11 3 11 3 12 3 12 3 12 3 12 0 0 0 0 0 0 0 0 0 0]"
"1769237491532010,CSI_DATA,STATION,00:00:00:00:00:00,0,0,0,0,0,0,0,0,0,0,0,0,0,0,0,0,0,0,0,0,0,128,[84 -64 4 0 0 0 0 0 0 0 0 0 7 13 6 13 6 14 5 14 5 13 5 14 5 14 4 14 4 13 3 14 3 14 3 14 2 13 2 14 2 14 2 14 2 13 1 13 2 13 2 14 1 13 1 13 1 13 1 13 2 12 2 12 0 0 2 12 3 12 3 12 2 12 3 12 3 12 3 12 3 12 3 12 4 12 4 12 4 12 4 12 4 12 4 12 5 12 5 12 5 12 5 12 5 12 6 12 6 12 6 12 7 12 6 12 6 12 0 0 0 0 0 0 0 0 0 0]"
"1769237491536325,CSI_DATA,STATION,00:00:00:00:00:00,0,0,0,0,0,0,0,0,0,0,0,0,0,0,0,0,0,0,0,0,0,128,[84 -64 4 0 0 0 0 0 0 0 0 0 1 -16 2 -15 3 -15 2 -15 3 -15 4 -15 4 -15 4 -15 4 -14 5 -14 5 -14 5 -14 5 -14 5 -13 6 -13 6 -13 6 -13 6 -13 6 -13 6 -13 6 -12 5 -13 6 -12 6 -13 5 -12 5 -12 0 0 5 -12 4 -12 4 -12 4 -12 4 -13 4 -12 4 -12 4 -13 3 -13 4 -13 3 -14 3 -13 3 -13 3 -13 2 -14 2 -14 2 -14 2 -14 2 -14 2 -14 2 -14 1 -14 1 -14 1 -15 1 -15 1 -15 0 0 0 0 0 0 0 0 0 0]"
"1769237491542809,CSI_DATA,STATION,00:00:00:00:00:00,0,0,0,0,0,0,0,0,0,0,0,0,0,0,0,0,0,0,0,0,0,128,[84 -64 4 0 0 0 0 0 0 0 0 0 10 -10 11 -10 11 -9 12 -9 12 -8 12 -8 12 -8 13 -8 13 -8 13 -7 13 -7 13 -6 12 -6 13 -6 13 -5 13 -6 12 -6 12 -5 13 -5 13 -5 12 -5 12 -5 12 -5 12 -5 12 -5 11 -6 0 0 11 -6 11 -5 11 -6 11 -6 11 -6 11 -6 11 -6 11 -7 10 -7 10 -7 11 -8 11 -7 10 -7 10 -8 11 -8 10 -9 10 -9 11 -9 10 -9 10 -9 10 -9 10 -9 10 -9 10 -10 10 -10 10 -10 0 0 0 0 0 0 0 0 0 0]"
"1769237491547139,CSI_DATA,STATION,00:00:00:00:00:00,0,0,0,0,0,0,0,0,0,0,0,0,0,0,0,0,0,0,0,0,0,128,[84 -64 4 0 0 0 0 0 0 0 0 0 0 -13 0 -13 1 -14 1 -14 1 -13 2 -14 3 -13 3 -13 3 -13 3 -13 3 -13 3 -13 4 -12 4 -12 4 -12 4 -12 4 -12 5 -12 4 -12 4 -12 4 -12 4 -12 4 -12 4 -12 3 -11 4 -12 0 0 3 -11 3 -11 3 -12 2 -11 3 -12 2 -12 2 -12 2 -12 2 -12 2 -12 2 -12 1 -12 1 -12 1 -13 1 -13 0 -13 1 -13 0 -13 0 -13 1 -13 0 -13 0 -13 0 -13 -1 -14 -1 -14 0 -13 0 0 0 0 0 0 0 0 0 0]"
"1769237491553661,CSI_DATA,STATION,00:00:00:00:00:00,0,0,0,0,0,0,0,0,0,0,0,0,0,0,0,0,0,0,0,0,0,128,[84 -64 4 0 0 0 0 0 0 0 0 0 10 9 10 10 9 10 9 10 9 10 8 11 8 11 8 11 7 11 7 12 8 12 7 11 7 11 7 11 6 13 6 11 6 12 6 11 6 11 6 11 5 11 6 11 6 10 7 11 6 11 6 10 0 0 7 10 6 10 7 10 6 9 7 10 7 10 7 10 7 10 8 9 8 9 8 8 8 9 9 9 9 9 9 8 9 9 10 8 10 8 10 8 9 8 10 8 10 9 10 9 11 8 11 8 11 8 0 0 0 0 0 0 0 0 0 0]"
"1769237491558117,CSI_DATA,STATION,00:00:00:00:00:00,0,0,0,0,0,0,0,0,0,0,0,0,0,0,0,0,0,0,0,0,0,128,[84 -64 4 0 0 0 0 0 0 0 0 0 6 -11 7 -11 7 -11 7 -11 8 -10 8 -10 8 -10 8 -10 8 -10 9 -9 9 -9 9 -9 9 -9 9 -8 9 -8 9 -8 9 -8 9 -8 9 -8 9 -8 9 -8 9 -7 9 -7 9 -8 8 -7 8 -8 0 0 8 -8 8 -7 8 -8 8 -8 8 -9 7 -8 7 -8 7 -9 7 -9 7 -9 7 -9 7 -9 7 -9 7 -10 7 -10 7 -10 6 -11 7 -11 7 -11 6 -11 7 -11 6 -10 6 -10 6 -11 7 -11 7 -12 0 0 0 0 0 0 0 0 0 0]"
"1769237491562589,CSI_DATA,STATION,00:00:00:00:00:00,0,0,0,0,0,0,0,0,0,0,0,0,0,0,0,0,0,0,0,0,0,128,[84 -64 4 0 0 0 0 0 0 0 0 0 9 7 9 8 9 8 9 8 9 9 8 9 8 9 8 9 7 9 7 10 7 9 7 9 7 9 7 9 6 10 6 10 6 9 6 9 6 9 6 10 6 9 6 9 6 9 6 9 6 9 6 8 0 0 6 8 6 8 6 8 6 8 7 8 7 8 7 8 8 8 7 7 8 7 8 7 8 7 8 7 8 7 8 7 8 7 9 7 9 7 9 7 9 7 9 7 9 7 10 7 10 6 10 6 10 7 0 0 0 0 0 0 0 0 0 0]"
"1769237491569154,CSI_DATA,STATION,00:00:00:00:00:00,0,0,0,0,0,0,0,0,0,0,0,0,0,0,0,0,0,0,0,0,0,128,[84 -64 4 0 0 0 0 0 0 0 0 0 -7 10 -8 10 -8 9 -9 10 -9 9 -9 9 -9 9 -9 8 -9 8 -10 8 -10 8 -10 7 -10 7 -10 7 -10 7 -10 7 -10 7 -10 6 -10 6 -10 6 -10 6 -9 6 -9 7 -9 6 -10 6 -9 7 0 0 -9 7 -9 6 -9 7 -9 7 -9 7 -8 7 -8 7 -9 7 -8 7 -8 8 -8 8 -8 8 -8 8 -8 8 -8 8 -8 9 -7 9 -8 9 -8 9 -8 9 -8 9 -8 9 -8 9 -8 10 -8 10 -8 10 0 0 0 0 0 0 0 0 0 0]"
"1769237491573489,CSI_DATA,STATION,00:00:00:00:00:00,0,0,0,0,0,0,0,0,0,0,0,0,0,0,0,0,0,0,0,0,0,128,[84 -64 4 0 0 0 0 0 0 0 0 0 2 -14 2 -14 3 -14 3 -14 3 -14 5 -14 4 -14 4 -13 5 -13 6 -13 5 -13 5 -13 6 -13 5 -12 6 -12 5 -12 6 -12 6 -12 6 -12 6 -11 6 -11 5 -11 6 -11 5 -12 5 -11 5 -11 0 0 5 -11 4 -11 4 -11 4 -11 4 -12 4 -11 3 -12 3 -12 3 -12 3 -12 3 -12 3 -12 3 -12 3 -12 2 -13 2 -13 2 -13 2 -14 2 -14 2 -14 2 -14 2 -13 2 -14 1 -14 1 -14 1 -14 0 0 0 0 0 0 0 0 0 0]"
"1769237491577877,CSI_DATA,STATION,00:00:00:00:00:00,0,0,0,0,0,0,0,0,0,0,0,0,0,0,0,0,0,0,0,0,0,128,[84 -64 4 0 0 0 0 0 0 0 0 0 -7 -12 -6 -13 -6 -13 -6 -13 -5 -14 -5 -13 -4 -13 -4 -14 -3 -14 -4 -14 -3 -14 -3 -14 -2 -13 -2 -14 -2 -14 -2 -14 -2 -13 -2 -13 -2 -13 -2 -13 -2 -13 -2 -13 -2 -13 -2 -12 -2 -12 -2 -12 0 0 -2 -12 -3 -12 -3 -12 -3 -12 -2 -12 -3 -12 -3 -12 -3 -12 -3 -12 -4 -12 -4 -12 -4 -12 -5 -12 -4 -12 -5 -12 -4 -12 -5 -12 -5 -12 -5 -12 -5 -12 -5 -13 -6 -13 -6 -13 -6 -13 -6 -13 -6 -13 0 0 0 0 0 0 0 0 0 0]"
"1769237491584380,CSI_DATA,STATION,00:00:00:00:00:00,0,0,0,0,0,0,0,0,0,0,0,0,0,0,0,0,0,0,0,0,0,128,[84 -64 4 0 0 0 0 0 0 0 0 0 3 13 2 13 2 13 1 13 1 13 1 13 1 13 0 13 0 13 0 14 -1 13 -1 13 -1 12 -1 12 -1 13 -1 12 -1 12 -2 12 -1 12 -1 12 -1 12 -1 12 -1 12 -1 11 -1 12 -1 11 0 0 0 11 0 12 0 11 0 11 0 11 1 11 1 11 1 11 1 11 1 11 2 11 2 11 2 11 2 11 2 12 3 11 3 11 4 11 4 12 4 11 4 12 4 11 4 12 5 11 4 12 5 12 0 0 0 0 0 0 0 0 0 0]"
"1769237491588706,CSI_DATA,STATION,00:00:00:00:00:00,0,0,0,0,0,0,0,0,0,0,0,0,0,0,0,0,0,0,0,0,0,128,[84 -64 4 0 0 0 0 0 0 0 0 0 11 6 11 7 11 7 10 8 10 8 10 9 10 9 9 8 9 9 9 10 9 9 8 9 8 10 8 9 8 10 8 9 7 9 7 9 7 9 8 9 7 9 8 9 7 9 7 9 7 9 7 8 0 0 7 8 7 8 8 7 7 8 8 8 8 7 8 7 8 7 8 7 9 7 8 7 8 7 9 7 9 7 9 7 9 6 10 6 10 6 10 6 10 5 10 6 11 6 11 6 10 6 11 6 11 6 0 0 0 0 0 0 0 0 0 0]"
"1769237491593010,CSI_DATA,STATION,00:00:00:00:00:00,0,0,0,0,0,0,0,0,0,0,0,0,0,0,0,0,0,0,0,0,0,128,[84 -64 4 0 0 0 0 0 0 0 0 0 -12 -4 -12 -4 -12 -5 -12 -5 -12 -5 -11 -6 -11 -6 -11 -6 -11 -7 -11 -7 -11 -7 -11 -7 -11 -7 -10 -7 -10 -8 -9 -7 -10 -7 -10 -7 -9 -7 -9 -7 -9 -7 -10 -7 -10 -7 -9 -7 -9 -6 -9 -6 0 0 -9 -6 -9 -6 -9 -6 -9 -5 -10 -6 -9 -5 -10 -6 -10 -5 -10 -5 -10 -4 -10 -4 -10 -5 -10 -4 -11 -4 -10 -4 -11 -4 -11 -4 -11 -4 -11 -4 -11 -4 -11 -4 -11 -3 -11 -3 -12 -3 -12 -3 -12 -3 0 0 0 0 0 0 0 0 0 0]"
"1769237491599495,CSI_DATA,STATION,00:00:00:00:00:00,0,0,0,0,0,0,0,0,0,0,0,0,0,0,0,0,0,0,0,0,0,128,[84 -64 4 0 0 0 0 0 0 0 0 0 -9 -11 -9 -11 -8 -11 -9 -12 -8 -12 -7 -12 -7 -12 -7 -13 -6 -13 -6 -13 -6 -12 -6 -13 -5 -13 -5 -13 -5 -13 -4 -12 -5 -13 -5 -12 -5 -12 -4 -13 -4 -12 -4 -12 -4 -12 -5 -12 -4 -12 -5 -12 0 0 -4 -11 -4 -11 -5 -11 -4 -11 -5 -11 -5 -11 -5 -11 -5 -11 -5 -11 -6 -11 -6 -10 -6 -10 -6 -10 -6 -11 -6 -10 -7 -11 -7 -11 -7 -11 -7 -11 -7 -11 -7 -11 -8 -10 -8 -11 -8 -11 -8 -10 -8 -10 0 0 0 0 0 0 0 0 0 0]"
"1769237491603809,CSI_DATA,STATION,00:00:00:00:00:00,0,0,0,0,0,0,0,0,0,0,0,0,0,0,0,0,0,0,0,0,0,128,[84 -64 4 0 0 0 0 0 0 0 0 0 -7 -14 -6 -15 -6 -15 -6 -15 -5 -15 -5 -15 -4 -15 -3 -16 -3 -15 -3 -15 -3 -15 -2 -15 -2 -15 -2 -15 -2 -15 -2 -15 -2 -15 -1 -14 -2 -14 -2 -14 -2 -14 -2 -14 -2 -13 -2 -14 -2 -13 -2 -13 0 0 -2 -13 -3 -13 -3 -13 -3 -13 -3 -13 -4 -13 -4 -13 -4 -13 -5 -12 -5 -13 -5 -13 -5 -12 -5 -13 -6 -13 -6 -13 -6 -13 -6 -13 -7 -13 -6 -13 -6 -13 -7 -13 -7 -13 -7 -13 -8 -12 -8 -12 -8 -12 0 0 0 0 0 0 0 0 0 0]"
"1769237491610321,CSI_DATA,STATION,00:00:00:00:00:00,0,0,0,0,0,0,0,0,0,0,0,0,0,0,0,0,0,0,0,0,0,128,[84 -64 4 0 0 0 0 0 0 0 0 0 -11 -10 -10 -10 -10 -11 -10 -11 -9 -11 -9 -12 -8 -11 -8 -12 -7 -12 -7 -12 -8 -12 -7 -12 -7 -12 -7 -12 -6 -12 -7 -12 -6 -12 -7 -11 -6 -12 -6 -12 -6 -12 -6 -12 -6 -11 -6 -11 -6 -11 -6 -11 0 0 -6 -11 -6 -10 -7 -10 -6 -10 -7 -10 -7 -10 -7 -10 -7 -10 -8 -9 -8 -9 -8 -9 -8 -9 -8 -9 -9 -9 -9 -9 -9 -8 -9 -9 -9 -9 -9 -8 -9 -9 -10 -9 -10 -8 -10 -9 -11 -8 -11 -8 -10 -8 0 0 0 0 0 0 0 0 0 0]"
"1769237491614633,CSI_DATA,STATION,00:00:00:00:00:00,0,0,0,0,0,0,0,0,0,0,0,0,0,0,0,0,0,0,0,0,0,128,[84 -64 4 0 0 0 0 0 0 0 0 0 -16 0 -16 -2 -16 -2 -15 -3 -15 -3 -15 -3 -16 -4 -15 -5 -15 -4 -15 -5 -15 -5 -14 -5 -14 -6 -14 -6 -14 -5 -14 -5 -13 -6 -14 -6 -13 -6 -13 -6 -13 -6 -13 -6 -13 -6 -13 -5 -12 -5 -13 -5 0 0 -12 -4 -13 -4 -12 -4 -13 -3 -13 -4 -13 -4 -13 -4 -13 -3 -13 -3 -13 -3 -13 -2 -13 -2 -13 -2 -13 -2 -13 -2 -14 -1 -14 -2 -14 -1 -14 -1 -14 -1 -14 -1 -14 -1 -14 -1 -14 0 -14 0 -14 0 0 0 0 0 0 0 0 0 0 0]"
"1769237491621127,CSI_DATA,STATION,00:00:00:00:00:00,0,0,0,0,0,0,0,0,0,0,0,0,0,0,0,0,0,0,0,0,0,128,[84 -64 4 0 0 0 0 0 0 0 0 0 13 -1 13 0 13 0 13 1 13 1 14 2 13 2 13 2 13 2 13 3 13 2 12 3 12 3 12 3 12 3 11 3 12 4 11 3 12 4 11 4 11 4 11 3 11 3 11 4 11 2 11 2 0 0 11 2 10 2 11 2 10 1 11 2 11 1 11 1 11 1 11 1 10 0 11 0 11 0 12 0 12 0 11 0 11 -1 11 -1 12 -1 12 -1 11 -1 12 -2 11 -1 12 -2 12 -2 12 -2 12 -2 0 0 0 0 0 0 0 0 0 0]"
"1769237491625449,CSI_DATA,STATION,00:00:00:00:00:00,0,0,0,0,0,0,0,0,0,0,0,0,0,0,0,0,0,0,0,0,0,128,[84 -64 4 0 0 0 0 0 0 0 0 0 11 -10 12 -10 11 -10 12 -9 12 -9 13 -9 13 -8 13 -8 13 -7 14 -7 13 -7 13 -7 13 -7 13 -6 13 -6 13 -6 13 -6 12 -6 13 -5 13 -5 12 -5 12 -6 12 -5 12 -6 12 -5 12 -6 0 0 11 -6 11 -6 11 -6 11 -6 10 -7 10 -7 10 -7 10 -7 10 -8 10 -8 10 -8 10 -8 10 -8 10 -8 10 -9 9 -10 9 -9 9 -10 9 -10 9 -10 9 -10 9 -10 10 -10 9 -10 9 -11 8 -11 0 0 0 0 0 0 0 0 0 0]"
"1769237491629762,CSI_DATA,STATION,00:00:00:00:00:00,0,0,0,0,0,0,0,0,0,0,0,0,0,0,0,0,0,0,0,0,0,128,[84 -64 4 0 0 0 0 0 0 0 0 0 -3 -15 -3 -16 -2 -15 -2 -16 -1 -16 -1 -17 0 -16 0 -16 0 -16 1 -16 0 -16 1 -15 1 -15 1 -15 1 -15 2 -15 2 -15 3 -14 2 -15 2 -14 2 -14 2 -14 2 -13 2 -14 1 -13 1 -14 0 0 1 -14 1 -13 1 -13 1 -13 1 -13 0 -14 0 -13 -1 -13 0 -13 -1 -13 -1 -14 -1 -14 -2 -13 -2 -14 -2 -14 -2 -14 -2 -14 -3 -14 -2 -14 -3 -14 -3 -14 -2 -14 -3 -14 -3 -14 -3 -14 -3 -14 0 0 0 0 0 0 0 0 0 0]"
"1769237491636239,CSI_DATA,STATION,00:00:00:00:00:00,0,0,0,0,0,0,0,0,0,0,0,0,0,0,0,0,0,0,0,0,0,128,[84 -64 4 0 0 0 0 0 0 0 0 0 -14 -2 -14 -3 -14 -3 -14 -4 -14 -4 -14 -4 -13 -5 -14 -5 -13 -6 -13 -6 -13 -5 -13 -5 -13 -6 -13 -6 -12 -6 -12 -6 -12 -6 -12 -6 -12 -7 -11 -7 -11 -7 -11 -7 -12 -6 -11 -6 -11 -5 -11 -5 0 0 -11 -5 -11 -5 -11 -5 -11 -4 -11 -5 -11 -5 -11 -5 -12 -5 -11 -4 -12 -4 -12 -3 -12 -4 -12 -3 -12 -3 -12 -3 -12 -2 -12 -3 -12 -3 -13 -2 -13 -3 -13 -2 -13 -3 -13 -2 -13 -2 -13 -2 -13 -2 0 0 0 0 0 0 0 0 0 0]"
"1769237491640547,CSI_DATA,STATION,00:00:00:00:00:00,0,0,0,0,0,0,0,0,0,0,0,0,0,0,0,0,0,0,0,0,0,128,[84 -64 4 0 0 0 0 0 0 0 0 0 13 -9 13 -8 13 -7 13 -8 13 -7 14 -7 14 -6 14 -6 14 -5 14 -5 14 -5 14 -5 14 -4 14 -4 14 -4 14 -4 14 -4 13 -4 13 -3 13 -4 13 -3 13 -4 12 -3 12 -4 12 -4 13 -4 0 0 12 -4 12 -4 12 -4 12 -4 12 -5 12 -5 11 -5 11 -6 11 -6 11 -6 11 -7 11 -6 11 -6 11 -6 11 -7 11 -7 11 -7 11 -8 11 -8 11 -8 11 -8 11 -8 11 -8 10 -9 10 -9 10 -9 0 0 0 0 0 0 0 0 0 0]"
"1769237491647023,CSI_DATA,STATION,00:00:00:00:00:00,0,0,0,0,0,0,0,0,0,0,0,0,0,0,0,0,0,0,0,0,0,128,[84 -64 4 0 0 0 0 0 0 0 0 0 -13 -4 -12 -4 -12 -5 -12 -5 -12 -5 -12 -6 -12 -6 -12 -6 -11 -6 -11 -7 -11 -7 -11 -7 -11 -7 -10 -7 -10 -7 -10 -6 -10 -7 -10 -7 -10 -7 -10 -7 -10 -7 -9 -7 -10 -7 -10 -7 -9 -6 -10 -6 0 0 -9 -6 -10 -6 -10 -5 -10 -5 -10 -5 -10 -5 -10 -5 -10 -5 -10 -4 -11 -4 -11 -4 -11 -4 -10 -4 -11 -4 -11 -4 -11 -3 -11 -4 -11 -3 -11 -3 -11 -3 -12 -3 -11 -3 -11 -3 -12 -2 -11 -2 -12 -2 0 0 0 0 0 0 0 0 0 0]"
"1769237491651333,CSI_DATA,STATION,00:00:00:00:00:00,0,0,0,0,0,0,0,0,0,0,0,0,0,0,0,0,0,0,0,0,0,128,[84 -64 4 0 0 0 0 0 0 0 0 0 -12 -10 -12 -11 -11 -11 -11 -12 -11 -12 -11 -12 -10 -12 -9 -13 -9 -13 -9 -13 -9 -13 -8 -13 -8 -13 -8 -13 -7 -13 -8 -13 -8 -13 -8 -13 -7 -13 -7 -13 -7 -13 -7 -13 -7 -12 -7 -12 -7 -12 -7 -12 0 0 -7 -12 -7 -11 -8 -11 -8 -11 -8 -11 -8 -11 -8 -11 -9 -11 -8 -11 -9 -10 -9 -11 -9 -11 -9 -10 -9 -11 -9 -10 -10 -10 -10 -10 -10 -10 -10 -10 -10 -10 -10 -10 -10 -10 -11 -10 -11 -10 -11 -9 -12 -10 0 0 0 0 0 0 0 0 0 0]"
"1769237491657808,CSI_DATA,STATION,00:00:00:00:00:00,0,0,0,0,0,0,0,0,0,0,0,0,0,0,0,0,0,0,0,0,0,128,[84 -64 4 0 0 0 0 0 0 0 0 0 -5 -13 -5 -14 -4 -14 -4 -14 -4 -14 -3 -14 -3 -14 -2 -14 -2 -14 -2 -14 -2 -14 -1 -14 -1 -14 -1 -14 -1 -14 -1 -13 0 -13 0 -13 0 -13 0 -13 -1 -13 0 -13 0 -13 -1 -13 -1 -12 -1 -12 0 0 -1 -12 -1 -12 -2 -12 -2 -12 -2 -12 -2 -12 -2 -12 -2 -12 -2 -12 -3 -12 -3 -12 -3 -12 -3 -12 -4 -12 -4 -12 -4 -12 -4 -12 -4 -13 -4 -13 -4 -12 -4 -12 -4 -12 -5 -12 -5 -12 -5 -12 -5 -12 0 0 0 0 0 0 0 0 0 0]"
