"1769235370812986,CSI_DATA,STATION,00:00:00:00:00:00,0,0,0,0,0,0,0,0,0,0,0,0,0,0,0,0,0,0,0,0,0,128,[84 -64 4 0 0 0 0 0 0 0 0 0 10 6 10 6 10 7 10 7 7 8 7 8 6 8 7 9 7 9 7 9 7 9 7 9 6 10 6 10 7 10 6 10 6 9 7 10 6 10 6 10 6 11 6 0 0 0 0 0 0 0 0 0 0]"
"1769235370817459,CSI_DATA,STATION,00:00:00:00:00:00,0,0,0,0,0,0,0,0,0,0,0,0,0,0,0,0,0,0,0,0,0,128,[84 -64 4 0 0 0 0 0 0 0 0 0 8 -7 9 -7 8 -7 8 -6 10 -6 9 -6 9 -6 10 -6 10 -5 10 -5 10 -5 10 -5 10 -5 10 -4 10 -4 10 -4 10 -5 10 -5 9 -4 10 -4 9 -4 9 -4 9 -4 9 -4 9 -4 9 -4 0 0 8 -5 8 -4 8 -5 8 -5 8 -5 8 -5 8 -5 8 -6 8 -6 8 -6 8 -6 8 -6 7 -6 8 -7 8 -8 8 -7 8 -8 8 -8 8 -8 8 -8 8 -8 7 -8 7 -8 7 -9 8 -9 7 -9 0 0 0 0 0 0 0 0 0 0]"
"1769235370821738,CSI_DATA,STATION,00:00:00:00:00:00,0,0,0,0,0,0,0,0,0,0,0,0,0,0,0,0,0,0,0,0,0,128,[84 -64 4 0 0 0 0 0 0 0 0 0 4 11 4 11 3 12 3 12 3 12 3 12 2 12 2 12 2 12 2 12 2 12 1 12 1 11 1 12 1 12 1 11 1 11 0 11 0 11 1 11 1 11 1 11 1 11 1 11 1 11 1 11 0 0 1 11 1 10 2 10 2 10 2 11 2 11 3 10 2 11 3 10 3 10 3 10 4 10 4 10 4 11 4 10 4 10 5 10 5 10 5 11 5 10 5 10 5 11 5 11 6 10 6 11 6 11 0 0 0 0 0 0 0 0 0 0]"
"1769235370828124,CSI_DATA,STATION,00:00:00:00:00:00,0,0,0,0,0,0,0,0,0,0,0,0,0,0,0,0,0,0,0,0,0,128,[84 -64 4 0 0 0 0 0 0 0 0 0 11 -4 12 -4 12 -3 12 -3 12 -3 12 -3 12 -2 12 -1 13 -2 12 -1 12 -1 12 -1 12 0 12 0 12 0 12 0 11 0 11 0 12 0 11 1 11 0 11 0 11 0 11 0 11 0 11 -1 0 0 11 -1 10 -1 10 -1 11 0 11 -1 11 -1 11 -1 11 -2 11 -2 11 -2 11 -3 11 -2 11 -3 11 -2 11 -3 11 -3 11 -3 12 -3 11 -3 12 -4 12 -3 12 -3 12 -4 12 -4 12 -5 12 -4 0 0 0 0 0 0 0 0 0 0]"
"1769235370832368,CSI_DATA,STATION,00:00:00:00:00:00,0,0,0,0,0,0,0,0,0,0,0,0,0,0,0,0,0,0,0,0,0,128,[84 -64 4 0 0 0 0 0 0 0 0 0 -5 -14 -5 -14 -4 -14 -4 -14 -3 -14 -3 -15 -2 -15 -2 -15 -1 -15 -2 -15 -1 -15 -1 -14 -1 -14 -1 -14 0 -14 0 -14 0 -14 0 -13 0 -14 1 -14 0 -14 0 -13 0 -13 0 -13 0 -13 0 -13 0 0 0 -13 -1 -13 -1 -13 -1 -13 -1 -13 -1 -13 -1 -13 -1 -13 -2 -13 -2 -13 -3 -13 -3 -13 -2 -13 -3 -14 -3 -13 -3 -14 -3 -13 -3 -14 -3 -14 -3 -14 -4 -14 -4 -14 -4 -14 -4 -14 -4 -14 -4 -14 0 0 0 0 0 0 0 0 0 0]"
"1769235370838718,CSI_DATA,STATION,00:00:00:00:00:00,0,0,0,0,0,0,0,0,0,0,0,0,0,0,0,0,0,0,0,0,0,128,[84 -64 4 0 0 0 0 0 0 0 0 0 -2 -14 -1 -15 -1 -15 0 -15 1 -15 1 -15 2 -14 2 -15 3 -15 2 -15 2 -14 2 -14 2 -14 2 -14 3 -14 3 -13 4 -13 3 -13 3 -14 4 -13 3 -13 3 -13 3 -13 3 -13 2 -13 2 -13 0 0 3 -13 2 -12 2 -13 2 -13 2 -13 2 -12 2 -13 1 -13 1 -13 1 -13 0 -13 0 -13 0 -13 0 -14 0 -14 0 -14 0 -14 0 -14 0 -14 0 -14 -1 -14 -1 -14 -1 -14 -1 -14 -2 -15 -1 -15 0 0 0 0 0 0 0 0 0 0]"
"1769235370842957,CSI_DATA,STATION,00:00:00:00:00:00,0,0,0,0,0,0,0,0,0,0,0,0,0,0,0,0,0,0,0,0,0,128,[84 -64 4 0 0 0 0 0 0 0 0 0 8 -10 8 -10 8 -10 8 -9 9 -9 10 -9 9 -8 10 -8 10 -8 10 -7 10 -7 10 -7 10 -7 10 -7 10 -7 10 -6 10 -7 9 -7 10 -6 10 -6 9 -6 10 -6 10 -6 9 -6 9 -6 9 -7 0 0 9 -7 9 -6 9 -6 8 -6 8 -7 9 -7 8 -7 8 -8 8 -7 8 -8 8 -8 8 -8 8 -8 8 -8 8 -9 8 -9 8 -9 8 -9 8 -9 8 -10 8 -9 8 -9 8 -10 8 -10 8 -11 8 -11 0 0 0 0 0 0 0 0 0 0]"
"1769235370847167,CSI_DATA,STATION,00:00:00:00:00:00,0,0,0,0,0,0,0,0,0,0,0,0,0,0,0,0,0,0,0,0,0,128,[84 -64 4 0 0 0 0 0 0 0 0 0 11 -6 11 -5 11 -5 11 -5 11 -4 12 -4 12 -3 12 -3 12 -3 12 -2 12 -2 12 -2 12 -2 12 -2 12 -2 11 -2 12 -2 11 -1 11 -1 12 -1 11 -1 11 -2 11 -2 11 -2 11 -2 11 -2 0 0 11 -3 10 -3 10 -3 11 -3 10 -3 11 -3 10 -3 10 -4 10 -4 10 -4 10 -4 10 -4 10 -4 11 -4 11 -5 10 -6 10 -6 11 -6 10 -6 10 -6 11 -6 10 -6 11 -6 10 -7 11 -7 11 -7 0 0 0 0 0 0 0 0 0 0]"
"1769235370853624,CSI_DATA,STATION,00:00:00:00:00:00,0,0,0,0,0,0,0,0,0,0,0,0,0,0,0,0,0,0,0,0,0,128,[84 -64 4 0 0 0 0 0 0 0 0 0 -1 12 -2 12 -3 12 -3 12 -3 12 -4 12 -4 12 -4 12 -5 12 -5 12 -5 12 -5 11 -5 11 -5 11 -5 11 -5 11 -6 11 -5 11 -6 10 -5 10 -5 10 -5 10 -5 10 -5 10 -5 10 -5 10 0 0 -5 10 -4 10 -4 10 -4 10 -4 10 -4 10 -4 10 -4 10 -4 10 -3 10 -3 11 -3 11 -3 11 -3 11 -3 11 -3 11 -2 11 -3 11 -3 12 -3 11 -3 12 -2 12 -2 12 -1 12 -2 12 -1 12 0 0 0 0 0 0 0 0 0 0]"
"1769235370857942,CSI_DATA,STATION,00:00:00:00:00:00,0,0,0,0,0,0,0,0,0,0,0,0,0,0,0,0,0,0,0,0,0,128,[84 -64 4 0 0 0 0 0 0 0 0 0 5 11 4 11 4 12 4 11 3 12 3 12 2 12 2 12 2 12 2 13 1 12 1 12 1 12 1 12 1 12 0 12 0 11 0 11 0 11 1 11 0 11 1 11 0 11 0 11 0 11 1 11 0 0 1 11 1 11 1 11 1 11 2 11 2 11 2 10 2 11 2 10 3 10 3 10 3 11 3 11 3 11 3 11 3 11 3 10 4 11 4 11 4 11 4 11 4 11 5 11 5 11 5 11 5 11 0 0 0 0 0 0 0 0 0 0]"
"1769235370864463,CSI_DATA,STATION,00:00:00:00:00:00,0,0,0,0,0,0,0,0,0,0,0,0,0,0,0,0,0,0,0,0,0,128,[84 -64 4 0 0 0 0 0 0 0 0 0 0 -11 0 -12 0 -12 0 -12 1 -12 1 -12 2 -12 2 -12 2 -12 2 -12 2 -11 2 -11 3 -11 3 -11 2 -11 2 -11 3 -11 3 -10 3 -11 3 -11 2 -10 2 -10 2 -10 3 -10 2 -10 2 -10 0 0 2 -11 2 -10 1 -10 1 -10 1 -10 1 -10 1 -10 1 -10 0 -10 0 -10 0 -11 0 -11 0 -11 0 -11 0 -11 -1 -11 -1 -11 -1 -12 -1 -11 -1 -11 -1 -11 -2 -12 -2 -11 -2 -11 -2 -12 -2 -12 0 0 0 0 0 0 0 0 0 0]"
"1769235370868763,CSI_DATA,STATION,00:00:00:00:00:00,0,0,0,0,0,0,0,0,0,0,0,0,0,0,0,0,0,0,0,0,0,128,[84 -64 4 0 0 0 0 0 0 0 0 0 -11 6 -12 6 -11 5 -12 5 -12 4 -13 5 -13 4 -13 4 -13 3 -13 3 -13 3 -12 3 -12 2 -12 2 -13 2 -13 2 -13 2 -12 2 -12 2 -12 2 -12 2 -12 2 -12 2 -12 2 -11 2 -12 3 0 0 -11 3 -11 3 -11 4 -11 3 -11 3 -11 3 -11 3 -11 4 -11 5 -11 4 -11 5 -11 5 -11 5 -11 5 -11 5 -11 6 -10 6 -11 6 -11 7 -11 6 -11 7 -11 7 -11 7 -11 7 -11 7 -11 7 0 0 0 0 0 0 0 0 0 0]"
"1769235370877312,CSI_DATA,STATION,00:00:00:00:00:00,0,0,0,0,0,0,0,0,0,0,0,0,0,0,0,0,0,0,0,0,0,128,[84 -64 4 0 0 0 0 0 0 0 0 0 11 -9 11 -9 11 -8 11 -7 12 -7 12 -7 12 -7 13 -6 12 -6 13 -6 13 -6 13 -5 12 -5 12 -5 13 -4 12 -5 12 -5 12 -5 12 -4 12 -4 12 -4 12 -4 12 -4 11 -5 11 -4 11 -5 0 0 11 -5 11 -5 10 -5 11 -5 10 -6 11 -5 11 -6 10 -6 10 -6 11 -7 10 -7 10 -7 10 -7 10 -7 11 -7 10 -8 10 -9 10 -8 11 -8 10 -9 11 -8 10 -8 11 -9 10 -10 11 -9 11 -10 0 0 0 0 0 0 0 0 0 0]"
"1769235370883768,CSI_DATA,STATION,00:00:00:00:00:00,0,0,0,0,0,0,0,0,0,0,0,0,0,0,0,0,0,0,0,0,0,128,[84 -64 4 0 0 0 0 0 0 0 0 0 12 -7 12 -7 13 -6 12 -6 13 -6 13 -5 13 -5 13 -4 13 -4 14 -4 13 -4 13 -4 13 -3 12 -3 13 -3 13 -2 13 -2 12 -2 12 -2 12 -2 12 -2 12 -2 12 -2 12 -2 12 -2 12 -3 0 0 12 -3 12 -3 12 -3 11 -3 12 -3 12 -3 11 -3 11 -4 11 -4 12 -5 11 -5 11 -5 12 -4 12 -5 12 -5 12 -6 11 -6 12 -6 12 -6 12 -6 12 -6 11 -6 12 -6 12 -7 12 -7 12 -7 0 0 0 0 0 0 0 0 0 0]"
"1769235370890201,CSI_DATA,STATION,00:00:00:00:00:00,0,0,0,0,0,0,0,0,0,0,0,0,0,0,0,0,0,0,0,0,0,128,[84 -64 4 0 0 0 0 0 0 0 0 0 -10 5 -11 4 -11 4 -11 3 -11 3 -11 3 -11 3 -11 2 -11 2 -12 2 -11 1 -12 2 -11 1 -11 1 -12 1 -11 1 -11 1 -11 0 -11 1 -11 1 -11 0 -11 0 -11 0 -10 1 -10 1 -10 1 0 0 -10 1 -10 1 -10 1 -10 2 -10 1 -10 1 -10 2 -10 1 -10 2 -10 2 -10 3 -10 2 -10 3 -10 3 -10 3 -10 3 -10 3 -10 3 -11 4 -11 4 -10 4 -11 4 -10 4 -11 4 -10 5 -11 4 0 0 0 0 0 0 0 0 0 0]"
"1769235370894526,CSI_DATA,STATION,00:00:00:00:00:00,0,0,0,0,0,0,0,0,0,0,0,0,0,0,0,0,0,0,0,0,0,128,[84 -64 4 0 0 0 0 0 0 0 0 0 1 12 1 12 1 12 0 12 0 12 -1 12 -1 12 -1 12 -1 12 -2 13 -2 12 -2 12 -2 11 -2 11 -2 12 -2 11 -3 11 -3 11 -3 11 -2 11 -3 11 -3 11 -3 11 -3 10 -2 11 -2 10 0 0 -2 10 -2 11 -1 10 -2 11 -1 10 -1 10 -1 11 -1 11 -1 10 -1 11 0 10 0 11 0 11 0 11 0 11 1 11 1 11 1 11 1 12 1 12 1 12 1 12 1 12 2 12 1 12 1 12 0 0 0 0 0 0 0 0 0 0]"
"1769235370900966,CSI_DATA,STATION,00:00:00:00:00:00,0,0,0,0,0,0,0,0,0,0,0,0,0,0,0,0,0,0,0,0,0,128,[84 -64 4 0 0 0 0 0 0 0 0 0 -6 -10 -6 -10 -5 -10 -5 -11 -5 -11 -4 -11 -4 -11 -4 -11 -3 -12 -3 -11 -3 -11 -3 -11 -3 -11 -3 -11 -3 -11 -2 -11 -2 -11 -2 -10 -2 -11 -2 -11 -2 -11 -2 -11 -2 -10 -3 -11 -3 -10 -3 -10 0 0 -3 -10 -3 -10 -3 -10 -3 -10 -3 -10 -4 -10 -4 -10 -4 -10 -4 -10 -4 -10 -5 -10 -5 -9 -5 -10 -5 -10 -5 -10 -5 -10 -6 -10 -6 -10 -5 -10 -5 -10 -6 -10 -6 -10 -6 -10 -7 -10 -7 -10 -6 -10 0 0 0 0 0 0 0 0 0 0]"
"1769235370905450,CSI_DATA,STATION,00:00:00:00:00:00,0,0,0,0,0,0,0,0,0,0,0,0,0,0,0,0,0,0,0,0,0,128,[84 -64 4 0 0 0 0 0 0 0 0 0 6 8 6 9 5 9 5 9 5 9 4 9 4 9 4 10 4 10 4 10 3 9 3 10 3 9 3 10 3 10 3 10 2 9 3 9 2 9 2 10 3 9 3 9 3 9 3 9 3 9 3 9 0 0 3 8 3 9 3 9 3 8 4 8 4 8 4 8 4 8 5 8 5 8 5 8 5 8 5 8 5 8 5 8 5 8 6 8 6 7 6 8 6 8 7 8 6 8 7 8 7 8 7 8 7 8 0 0 0 0 0 0 0 0 0 0]"
"1769235370912133,CSI_DATA,STATION,00:00:00:00:00:00,0,0,0,0,0,0,0,0,0,0,0,0,0,0,0,0,0,0,0,0,0,128,[84 -64 4 0 0 0 0 0 0 0 0 0 -5 -12 -5 -12 -5 -13 -5 -12 -4 -12 -4 -13 -3 -13 -3 -13 -2 -13 -2 -13 -3 -13 -2 -13 -2 -13 -2 -13 -2 -13 -2 -12 -1 -12 -1 -12 -1 -12 -1 -12 -1 -12 -1 -12 -1 -12 -1 -12 -2 -11 -1 -12 0 0 -2 -11 -2 -11 -2 -11 -2 -12 -2 -11 -2 -12 -3 -11 -3 -12 -3 -11 -3 -11 -3 -11 -3 -11 -4 -12 -4 -12 -4 -12 -5 -12 -5 -12 -5 -12 -5 -12 -5 -12 -5 -12 -5 -12 -5 -12 -6 -12 -6 -12 -6 -12 0 0 0 0 0 0 0 0 0 0]"
"1769235370916639,CSI_DATA,STATION,00:00:00:00:00:00,0,0,0,0,0,0,0,0,0,0,0,0,0,0,0,0,0,0,0,0,0,128,[84 -64 4 0 0 0 0 0 0 0 0 0 -11 -7 -11 -7 -11 -7 -11 -8 -11 -8 -10 -9 -10 -8 -10 -9 -9 -9 -10 -10 -9 -9 -9 -9 -9 -10 -8 -10 -8 -10 -8 -10 -8 -10 -8 -9 -8 -9 -8 -10 -8 -10 -8 -9 -8 -9 -8 -9 -8 -9 -8 -9 0 0 -8 -9 -8 -8 -8 -8 -8 -8 -8 -9 -8 -8 -8 -8 -9 -8 -9 -8 -9 -8 -9 -8 -9 -8 -9 -8 -9 -8 -9 -8 -10 -7 -10 -8 -10 -8 -10 -7 -11 -7 -11 -7 -11 -8 -11 -8 -11 -8 -11 -7 -11 -7 0 0 0 0 0 0 0 0 0 0]"
"1769235370920923,CSI_DATA,STATION,00:00:00:00:00:00,0,0,0,0,0,0,0,0,0,0,0,0,0,0,0,0,0,0,0,0,0,128,[84 -64 4 0 0 0 0 0 0 0 0 0 9 -11 9 -10 10 -10 10 -10 10 -9 11 -9 11 -8 11 -8 11 -8 11 -8 11 -8 11 -7 11 -7 11 -7 12 -7 11 -7 12 -7 11 -7 11 -6 11 -6 11 -6 11 -6 11 -6 11 -7 10 -7 10 -7 0 0 10 -7 10 -7 10 -7 9 -7 10 -8 9 -7 9 -8 9 -8 9 -8 9 -8 9 -9 9 -8 9 -8 9 -9 9 -9 9 -10 9 -10 9 -10 9 -10 9 -10 9 -10 9 -10 9 -10 9 -11 9 -11 9 -11 0 0 0 0 0 0 0 0 0 0]"
"1769235370927382,CSI_DATA,STATION,00:00:00:00:00:00,0,0,0,0,0,0,0,0,0,0,0,0,0,0,0,0,0,0,0,0,0,128,[84 -64 4 0 0 0 0 0 0 0 0 0 13 -3 14 -3 13 -2 14 -1 14 -1 14 -1 14 0 14 1 13 0 13 1 13 1 13 0 13 1 13 2 13 2 13 2 13 2 12 2 12 2 12 2 12 2 12 2 12 1 12 1 12 1 12 1 0 0 12 1 12 1 12 1 12 1 12 1 12 0 12 0 12 0 12 -1 12 -1 12 -1 12 -1 13 -1 13 -1 12 -1 13 -2 12 -2 13 -3 13 -2 13 -2 13 -2 13 -2 13 -2 13 -3 14 -4 14 -3 0 0 0 0 0 0 0 0 0 0]"
"1769235370931728,CSI_DATA,STATION,00:00:00:00:00:00,0,0,0,0,0,0,0,0,0,0,0,0,0,0,0,0,0,0,0,0,0,128,[84 -64 4 0 0 0 0 0 0 0 0 0 -3 13 -3 13 -3 14 -4 14 -4 13 -4 13 -5 13 -5 12 -6 12 -6 12 -6 13 -6 12 -6 12 -6 12 -6 12 -6 11 -6 11 -7 12 -6 11 -6 11 -6 11 -6 11 -6 11 -6 11 -6 11 -6 10 0 0 -6 11 -5 11 -5 11 -5 11 -5 11 -5 11 -5 11 -4 11 -4 11 -4 11 -4 12 -4 12 -3 12 -3 12 -4 12 -3 13 -3 12 -3 12 -3 13 -3 12 -3 13 -2 13 -2 13 -2 13 -2 13 -2 13 0 0 0 0 0 0 0 0 0 0]"
"1769235370936049,CSI_DATA,STATION,00:00:00:00:00:00,0,0,0,0,0,0,0,0,0,0,0,0,0,0,0,0,0,0,0,0,0,128,[84 -64 4 0 0 0 0 0 0 0 0 0 12 1 12 2 12 3 11 3 12 3 12 3 12 4 11 4 11 4 11 5 11 5 11 5 10 5 10 5 10 5 10 5 10 5 10 6 10 5 10 5 10 6 9 5 10 5 9 6 10 5 10 4 0 0 9 4 9 4 9 4 10 4 10 4 10 4 10 3 10 4 10 3 10 3 10 3 10 3 11 3 11 3 11 3 11 2 11 2 12 2 11 2 11 2 11 2 11 2 12 2 12 2 12 2 12 1 0 0 0 0 0 0 0 0 0 0]"
"1769235370942535,CSI_DATA,STATION,00:00:00:00:00:00,0,0,0,0,0,0,0,0,0,0,0,0,0,0,0,0,0,0,0,0,0,128,[84 -64 4 0 0 0 0 0 0 0 0 0 -10 -10 -10 -11 -10 -11 -10 -11 -9 -11 -9 -12 -9 -12 -8 -12 -8 -12 -7 -13 -8 -12 -7 -12 -7 -13 -6 -13 -7 -13 -6 -12 -6 -12 -6 -12 -6 -13 -6 -12 -6 -12 -6 -12 -6 -12 -6 -12 -5 -12 -6 -12 0 0 -6 -12 -6 -11 -7 -11 -7 -11 -7 -11 -6 -11 -7 -11 -7 -11 -7 -11 -7 -10 -8 -11 -8 -11 -8 -11 -8 -11 -8 -11 -9 -10 -9 -11 -9 -11 -9 -10 -10 -11 -10 -10 -10 -10 -9 -11 -10 -11 -10 -11 -10 -11 0 0 0 0 0 0 0 0 0 0]"
"1769235370946883,CSI_DATA,STATION,00:00:00:00:00:00,0,0,0,0,0,0,0,0,0,0,0,0,0,0,0,0,0,0,0,0,0,128,[84 -64 4 0 0 0 0 0 0 0 0 0 -13 -2 -13 -3 -13 -3 -12 -3 -13 -4 -13 -4 -12 -5 -12 -5 -12 -5 -12 -6 -12 -5 -12 -5 -12 -6 -12 -6 -11 -6 -11 -5 -11 -6 -11 -6 -11 -6 -11 -7 -11 -6 -10 -6 -11 -6 -10 -6 -10 -5 -10 -5 0 0 -10 -5 -11 -5 -11 -4 -10 -4 -11 -5 -11 -4 -11 -4 -11 -4 -11 -4 -12 -4 -11 -3 -12 -3 -11 -3 -12 -3 -12 -3 -12 -3 -12 -3 -12 -3 -12 -2 -13 -2 -13 -3 -13 -3 -13 -3 -13 -2 -13 -2 -13 -2 0 0 0 0 0 0 0 0 0 0]"
"1769235370953306,CSI_DATA,STATION,00:00:00:00:00:00,0,0,0,0,0,0,0,0,0,0,0,0,0,0,0,0,0,0,0,0,0,128,[84 -64 4 0 0 0 0 0 0 0 0 0 3 13 2 13 2 13 1 14 1 13 1 14 0 14 0 14 0 14 -1 14 -1 13 0 13 -1 12 -1 13 -2 14 -1 13 -2 12 -2 12 -2 13 -2 13 -2 12 -2 12 -2 12 -2 12 -1 12 -1 12 0 0 -1 12 0 12 -1 12 -1 11 0 12 0 12 0 12 0 12 0 12 1 12 1 12 1 12 1 12 1 12 1 12 2 13 2 12 2 13 2 12 2 12 3 13 3 13 3 13 4 13 3 13 4 13 0 0 0 0 0 0 0 0 0 0]"
"1769235370957652,CSI_DATA,STATION,00:00:00:00:00:00,0,0,0,0,0,0,0,0,0,0,0,0,0,0,0,0,0,0,0,0,0,128,[84 -64 4 0 0 0 0 0 0 0 0 0 2 12 1 12 1 12 1 12 0 12 0 12 -1 12 -1 12 -1 12 -1 12 -2 12 -2 12 -2 11 -2 11 -2 12 -3 11 -3 11 -3 11 -3 11 -3 11 -3 11 -2 10 -3 10 -3 11 -2 11 -2 11 0 0 -2 10 -1 11 -2 11 -2 10 -1 11 -1 10 -1 10 -1 11 -1 10 -1 11 -1 11 -1 11 0 11 0 11 0 11 0 11 0 11 1 11 0 12 1 11 1 12 1 12 1 12 2 12 1 12 1 12 0 0 0 0 0 0 0 0 0 0]"
"1769235370961968,CSI_DATA,STATION,00:00:00:00:00:00,0,0,0,0,0,0,0,0,0,0,0,0,0,0,0,0,0,0,0,0,0,128,[84 -64 4 0 0 0 0 0 0 0 0 0 12 -6 13 -5 12 -4 13 -4 13 -4 13 -4 14 -3 13 -3 13 -2 13 -2 13 -2 13 -2 13 -2 13 -1 13 -1 13 -1 12 0 12 -1 12 -1 13 -1 12 -1 12 -1 12 -1 12 0 12 -1 12 -2 0 0 11 -2 12 -2 12 -2 12 -2 12 -2 12 -3 11 -2 11 -2 12 -3 11 -3 11 -4 12 -3 12 -4 12 -4 12 -4 12 -4 12 -5 12 -5 12 -5 12 -5 13 -6 12 -5 12 -5 12 -6 12 -6 12 -6 0 0 0 0 0 0 0 0 0 0]"
"1769235370968479,CSI_DATA,STATION,00:00:00:00:00:00,0,0,0,0,0,0,0,0,0,0,0,0,0,0,0,0,0,0,0,0,0,128,[84 -64 4 0 0 0 0 0 0 0 0 0 -13 -3 -13 -3 -13 -4 -13 -4 -12 -4 -13 -5 -12 -5 -12 -5 -12 -6 -12 -6 -12 -6 -11 -6 -11 -7 -11 -6 -11 -7 -10 -6 -10 -7 -10 -7 -10 -7 -10 -7 -10 -6 -10 -7 -10 -6 -10 -6 -10 -6 -10 -6 0 0 -10 -5 -10 -5 -10 -6 -10 -5 -11 -5 -10 -5 -11 -5 -11 -5 -11 -5 -11 -4 -12 -4 -11 -4 -11 -4 -12 -4 -11 -4 -12 -3 -12 -4 -12 -4 -12 -3 -12 -3 -13 -3 -13 -3 -12 -3 -13 -3 -13 -2 -13 -2 0 0 0 0 0 0 0 0 0 0]"
"1769235370972797,CSI_DATA,STATION,00:00:00:00:00:00,0,0,0,0,0,0,0,0,0,0,0,0,0,0,0,0,0,0,0,0,0,128,[84 -64 4 0 0 0 0 0 0 0 0 0 0 -14 0 -14 1 -14 1 -14 2 -14 2 -14 3 -14 3 -14 3 -14 3 -14 4 -13 4 -13 4 -13 4 -13 4 -13 5 -13 5 -12 5 -13 4 -12 5 -13 4 -12 4 -12 4 -12 4 -11 4 -12 4 -12 0 0 4 -12 4 -12 3 -12 3 -12 3 -12 3 -12 3 -12 3 -12 3 -12 2 -13 1 -13 2 -13 1 -13 2 -13 1 -13 1 -13 1 -13 1 -14 1 -14 1 -14 1 -14 1 -14 1 -15 0 -14 0 -14 0 -14 0 0 0 0 0 0 0 0 0 0]"
"1769235370977087,CSI_DATA,STATION,00:00:00:00:00:00,0,0,0,0,0,0,0,0,0,0,0,0,0,0,0,0,0,0,0,0,0,128,[84 -64 4 0 0 0 0 0 0 0 0 0 -7 10 -8 10 -9 9 -9 9 -9 9 -10 8 -9 8 -10 8 -10 7 -10 7 -10 8 -10 7 -10 7 -10 7 -11 7 -11 6 -11 7 -10 6 -10 6 -10 6 -10 6 -10 6 -10 6 -10 6 -9 6 -10 6 0 0 -9 6 -9 6 -9 6 -9 6 -9 6 -8 6 -8 7 -9 7 -9 7 -9 7 -8 8 -8 8 -8 8 -8 8 -8 8 -8 8 -8 9 -8 9 -8 9 -8 9 -8 9 -8 9 -8 9 -8 10 -8 10 -8 10 0 0 0 0 0 0 0 0 0 0]"
"1769235370983572,CSI_DATA,STATION,00:00:00:00:00:00,0,0,0,0,0,0,0,0,0,0,0,0,0,0,0,0,0,0,0,0,0,128,[84 -64 4 0 0 0 0 0 0 0 0 0 1 -14 2 -14 2 -14 3 -14 3 -14 4 -14 4 -14 4 -14 5 -13 5 -13 5 -14 5 -13 5 -12 6 -13 6 -12 6 -12 5 -11 6 -12 5 -12 6 -12 6 -12 6 -12 6 -12 5 -12 5 -12 5 -12 0 0 5 -11 4 -12 4 -11 4 -12 4 -12 4 -12 3 -12 4 -12 3 -12 4 -12 3 -13 3 -12 3 -13 3 -13 3 -13 2 -13 2 -13 3 -13 2 -13 2 -14 2 -14 2 -14 2 -15 1 -14 2 -14 1 -14 0 0 0 0 0 0 0 0 0 0]"
"1769235370987876,CSI_DATA,STATION,00:00:00:00:00:00,0,0,0,0,0,0,0,0,0,0,0,0,0,0,0,0,0,0,0,0,0,128,[84 -64 4 0 0 0 0 0 0 0 0 0 -11 -6 -11 -7 -11 -7 -11 -8 -10 -8 -10 -8 -10 -9 -10 -9 -9 -9 -9 -10 -10 -9 -9 -9 -9 -9 -9 -10 -9 -10 -8 -9 -8 -9 -8 -9 -8 -10 -8 -10 -8 -9 -8 -9 -8 -9 -8 -9 -8 -9 -8 -9 0 0 -8 -8 -8 -8 -8 -8 -8 -8 -8 -8 -8 -8 -8 -8 -9 -8 -9 -8 -9 -7 -10 -7 -10 -7 -10 -7 -10 -7 -10 -7 -10 -7 -10 -7 -10 -7 -11 -7 -11 -7 -11 -7 -11 -7 -11 -7 -12 -7 -11 -7 -12 -6 0 0 0 0 0 0 0 0 0 0]"
"1769235370994343,CSI_DATA,STATION,00:00:00:00:00:00,0,0,0,0,0,0,0,0,0,0,0,0,0,0,0,0,0,0,0,0,0,128,[84 -64 4 0 0 0 0 0 0 0 0 0 4 12 4 13 3 12 3 13 3 13 2 13 2 13 1 14 1 13 1 13 1 13 1 13 0 13 1 13 0 13 0 12 0 12 -1 12 -1 12 0 13 0 12 0 12 0 12 0 12 0 12 1 12 0 0 0 11 1 11 1 12 1 11 1 12 1 12 2 11 2 11 1 11 3 11 3 11 3 12 3 12 3 12 3 12 3 12 4 11 4 12 4 12 4 12 4 12 4 12 5 12 5 12 5 12 5 12 0 0 0 0 0 0 0 0 0 0]"
"1769235370998644,CSI_DATA,STATION,00:00:00:00:00:00,0,0,0,0,0,0,0,0,0,0,0,0,0,0,0,0,0,0,0,0,0,128,[84 -64 4 0 0 0 0 0 0 0 0 0 -14 4 -13 4 -14 3 -14 3 -14 2 -14 2 -14 1 -14 1 -14 1 -14 0 -14 0 -14 0 -13 0 -14 0 -14 -1 -14 0 -13 -1 -13 -1 -13 -1 -14 -1 -13 -1 -13 -1 -13 -1 -13 -1 -13 -1 -13 0 0 0 -13 0 -13 0 -12 0 -13 1 -13 0 -13 1 -13 1 -13 1 -12 1 -13 2 -13 2 -13 2 -13 2 -13 2 -13 2 -13 3 -13 3 -13 3 -13 3 -13 4 -13 3 -13 4 -13 3 -13 4 -13 4 -14 4 0 0 0 0 0 0 0 0 0 0]"
"1769235371005130,CSI_DATA,STATION,00:00:00:00:00:00,0,0,0,0,0,0,0,0,0,0,0,0,0,0,0,0,0,0,0,0,0,128,[84 -64 4 0 0 0 0 0 0 0 0 0 5 -13 6 -13 6 -12 6 -12 6 -12 8 -12 7 -12 8 -12 8 -11 8 -11 8 -11 8 -11 8 -11 8 -10 9 -10 8 -10 9 -10 8 -10 8 -10 9 -9 8 -9 8 -9 8 -10 8 -10 7 -10 8 -10 0 0 7 -10 7 -10 7 -10 7 -10 7 -10 7 -10 6 -10 7 -10 6 -11 6 -11 6 -11 6 -11 5 -11 6 -11 6 -12 6 -12 5 -12 6 -13 5 -13 5 -12 5 -12 5 -13 5 -13 5 -13 5 -13 5 -14 0 0 0 0 0 0 0 0 0 0]"
"1769235371009462,CSI_DATA,STATION,00:00:00:00:00:00,0,0,0,0,0,0,0,0,0,0,0,0,0,0,0,0,0,0,0,0,0,128,[84 -64 4 0 0 0 0 0 0 0 0 0 -8 -10 -8 -10 -8 -10 -7 -11 -7 -11 -7 -11 -6 -11 -6 -11 -6 -12 -6 -12 -6 -12 -5 -12 -5 -12 -5 -12 -5 -12 -5 -11 -5 -11 -5 -11 -5 -11 -4 -12 -5 -11 -4 -11 -5 -11 -4 -11 -4 -11 -5 -11 0 0 -5 -11 -5 -10 -5 -11 -5 -10 -5 -11 -5 -10 -6 -10 -6 -10 -6 -10 -6 -10 -6 -10 -6 -10 -6 -10 -7 -10 -6 -10 -7 -10 -8 -10 -7 -10 -7 -10 -8 -10 -9 -10 -8 -10 -8 -10 -8 -10 -9 -10 -9 -10 0 0 0 0 0 0 0 0 0 0]"
"1769235371013823,CSI_DATA,STATION,00:00:00:00:00:00,0,0,0,0,0,0,0,0,0,0,0,0,0,0,0,0,0,0,0,0,0,128,[84 -64 4 0 0 0 0 0 0 0 0 0 -11 1 -11 1 -11 1 -12 0 -11 0 -12 0 -11 -1 -11 -1 -11 -1 -11 -2 -11 -2 -11 -2 -11 -2 -11 -2 -11 -2 -11 -2 -11 -3 -10 -3 -11 -3 -11 -2 -10 -3 -10 -2 -10 -2 -10 -2 -10 -2 -10 -2 0 0 -10 -1 -10 -1 -10 -1 -10 -1 -10 -1 -10 -1 -10 -1 -10 -1 -10 0 -11 0 -10 0 -11 0 -10 0 -11 0 -10 0 -11 1 -10 1 -11 1 -11 1 -11 1 -11 1 -11 1 -11 1 -11 1 -11 2 -12 2 0 0 0 0 0 0 0 0 0 0]"
"1769235371020425,CSI_DATA,STATION,00:00:00:00:00:00,0,0,0,0,0,0,0,0,0,0,0,0,0,0,0,0,0,0,0,0,0,128,[84 -64 4 0 0 0 0 0 0 0 0 0 -9 10 -10 9 -10 9 -11 9 -11 8 -11 8 -11 8 -11 8 -12 7 -12 7 -12 7 -12 7 -12 6 -12 6 -12 6 -12 6 -12 6 -12 6 -12 5 -12 5 -11 6 -11 5 -12 6 -11 5 -11 5 -11 6 0 0 -11 6 -10 6 -10 7 -10 6 -11 7 -10 6 -10 7 -10 7 -10 7 -10 7 -10 8 -10 7 -10 7 -10 8 -10 8 -10 9 -9 8 -10 9 -9 10 -9 9 -10 9 -9 10 -10 9 -10 10 -10 10 -10 10 0 0 0 0 0 0 0 0 0 0]"
"1769235371024795,CSI_DATA,STATION,00:00:00:00:00:00,0,0,0,0,0,0,0,0,0,0,0,0,0,0,0,0,0,0,0,0,0,128,[84 -64 4 0 0 0 0 0 0 0 0 0 -11 6 -11 6 -11 5 -11 5 -12 5 -12 5 -12 4 -12 4 -12 3 -13 3 -12 4 -12 3 -11 3 -12 3 -12 2 -12 3 -11 2 -11 2 -12 2 -12 2 -11 2 -11 2 -12 2 -11 2 -11 2 -11 3 0 0 -10 3 -11 3 -10 3 -11 3 -11 3 -11 3 -10 4 -11 4 -10 4 -10 5 -10 5 -11 5 -11 5 -11 5 -11 5 -11 5 -11 5 -11 6 -11 6 -11 6 -10 6 -11 6 -11 6 -11 7 -10 7 -10 7 0 0 0 0 0 0 0 0 0 0]"
"1769235371029214,CSI_DATA,STATION,00:00:00:00:00:00,0,0,0,0,0,0,0,0,0,0,0,0,0,0,0,0,0,0,0,0,0,128,[84 -64 4 0 0 0 0 0 0 0 0 0 12 1 11 2 12 2 12 2 11 3 11 3 11 3 11 4 11 4 11 4 11 4 11 4 10 4 10 5 10 5 10 5 10 5 10 5 9 5 9 5 10 5 9 4 10 4 9 4 9 4 10 4 0 0 10 4 9 4 10 4 10 3 9 4 9 3 10 3 10 3 10 2 10 3 10 2 10 2 11 3 11 2 11 2 11 2 11 1 11 1 11 1 11 1 11 1 11 1 12 1 12 1 12 1 12 1 0 0 0 0 0 0 0 0 0 0]"
"1769235371035785,CSI_DATA,STATION,00:00:00:00:00:00,0,0,0,0,0,0,0,0,0,0,0,0,0,0,0,0,0,0,0,0,0,128,[84 -64 4 0 0 0 0 0 0 0 0 0 13 -1 13 0 13 1 13 1 13 1 13 2 13 2 13 2 13 2 13 4 13 3 13 3 12 3 12 3 12 4 12 3 11 3 12 3 12 3 12 3 11 3 11 3 12 3 11 3 11 3 11 2 0 0 11 2 12 2 11 1 12 1 11 1 11 1 11 1 11 1 12 0 12 0 12 0 12 0 12 0 12 0 12 -1 12 -1 13 -1 13 -2 12 -2 13 -2 13 -2 13 -2 13 -2 13 -3 13 -3 13 -3 0 0 0 0 0 0 0 0 0 0]"
"1769235371040190,CSI_DATA,STATION,00:00:00:00:00:00,0,0,0,0,0,0,0,0,0,0,0,0,0,0,0,0,0,0,0,0,0,128,[84 -64 4 0 0 0 0 0 0 0 0 0 -8 11 -8 10 -9 10 -9 10 -9 9 -10 10 -10 9 -10 9 -11 9 -11 8 -11 8 -11 8 -11 8 -11 7 -11 7 -11 7 -11 7 -11 7 -11 7 -11 7 -11 7 -10 7 -11 7 -10 7 -10 6 -10 7 0 0 -10 7 -9 7 -9 7 -10 7 -9 7 -9 7 -9 8 -9 8 -9 8 -9 9 -9 9 -9 8 -9 9 -8 9 -9 9 -8 10 -8 10 -9 10 -8 10 -8 10 -8 11 -8 10 -8 10 -8 11 -8 11 -8 11 0 0 0 0 0 0 0 0 0 0]"
"1769235371051002,CSI_DATA,STATION,00:00:00:00:00:00,0,0,0,0,0,0,0,0,0,0,0,0,0,0,0,0,0,0,0,0,0,128,[84 -64 4 0 0 0 0 0 0 0 0 0 -12 -3 -12 -3 -12 -4 -12 -4 -12 -4 -12 -5 -12 -5 -12 -5 -11 -6 -11 -6 -11 -6 -11 -6 -11 -7 -11 -7 -11 -7 -11 -5 -10 -6 -10 -6 -10 -6 -10 -6 -10 -6 -10 -6 -10 -6 -10 -6 -10 -6 -10 -6 0 0 -10 -5 -10 -5 -10 -5 -10 -4 -11 -5 -10 -5 -10 -4 -11 -4 -11 -4 -11 -4 -11 -3 -11 -4 -11 -4 -11 -4 -11 -3 -12 -3 -12 -3 -12 -3 -12 -3 -12 -2 -12 -3 -12 -3 -12 -3 -13 -3 -13 -2 -13 -2 0 0 0 0 0 0 0 0 0 0]"
"1769235371055345,CSI_DATA,STATION,00:00:00:00:00:00,0,0,0,0,0,0,0,0,0,0,0,0,0,0,0,0,0,0,0,0,0,128,[84 -64 4 0 0 0 0 0 0 0 0 0 -7 11 -7 11 -8 11 -8 11 -9 11 -9 10 -9 10 -9 9 -9 9 -10 9 -10 9 -10 8 -10 8 -10 8 -10 8 -10 8 -10 8 -10 8 -10 8 -10 8 -10 8 -10 7 -10 8 -10 8 -9 7 -9 8 0 0 -9 8 -8 8 -8 8 -9 8 -8 8 -8 8 -8 8 -8 9 -8 9 -8 9 -8 9 -7 9 -8 9 -7 9 -8 10 -7 10 -7 10 -7 10 -7 11 -7 11 -7 11 -7 11 -7 11 -7 11 -7 11 -7 12 0 0 0 0 0 0 0 0 0 0]"
"1769235371061936,CSI_DATA,STATION,00:00:00:00:00:00,0,0,0,0,0,0,0,0,0,0,0,0,0,0,0,0,0,0,0,0,0,128,[84 -64 4 0 0 0 0 0 0 0 0 0 5 10 5 10 4 10 4 11 4 11 3 11 4 11 3 11 2 11 3 12 2 11 2 11 2 11 2 11 1 11 2 11 1 11 1 10 1 11 1 11 1 10 1 10 1 11 1 10 1 10 1 10 0 0 1 10 2 10 2 10 2 10 2 10 2 10 2 9 3 10 3 9 3 10 3 9 3 10 3 10 4 10 3 10 4 10 4 10 4 10 5 10 4 10 5 10 5 10 5 10 6 10 5 10 5 11 0 0 0 0 0 0 0 0 0 0]"
"1769235371068480,CSI_DATA,STATION,00:00:00:00:00:00,0,0,0,0,0,0,0,0,0,0,0,0,0,0,0,0,0,0,0,0,0,128,[84 -64 4 0 0 0 0 0 0 0 0 0 11 6 10 6 11 7 10 7 10 7 10 8 10 8 10 8 9 8 9 9 9 9 9 9 9 9 8 9 8 9 8 9 8 9 8 9 8 9 8 9 8 9 7 8 8 9 8 9 8 8 8 8 0 0 8 7 8 7 9 7 9 7 9 7 8 7 9 6 9 7 9 6 9 6 9 6 10 6 10 6 10 6 11 5 11 5 11 6 11 5 11 5 11 5 11 5 11 5 11 5 12 5 12 5 12 5 0 0 0 0 0 0 0 0 0 0]"
"1769235371072808,CSI_DATA,STATION,00:00:00:00:00:00,0,0,0,0,0,0,0,0,0,0,0,0,0,0,0,0,0,0,0,0,0,128,[84 -64 4 0 0 0 0 0 0 0 0 0 -11 5 -11 4 -11 4 -12 4 -12 3 -12 3 -12 3 -12 3 -12 2 -12 2 -12 2 -12 2 -12 1 -12 2 -12 1 -12 1 -12 1 -11 1 -11 0 -11 0 -11 1 -11 0 -12 1 -11 1 -11 1 -11 1 0 0 -11 2 -11 1 -11 2 -11 1 -11 2 -11 2 -11 2 -11 3 -11 3 -11 3 -11 3 -11 3 -11 3 -11 4 -11 3 -11 4 -10 4 -11 4 -11 5 -11 4 -11 5 -11 5 -11 5 -11 5 -11 5 -11 5 0 0 0 0 0 0 0 0 0 0]"
"1769235371077195,CSI_DATA,STATION,00:00:00:00:00:00,0,0,0,0,0,0,0,0,0,0,0,0,0,0,0,0,0,0,0,0,0,128,[84 -64 4 0 0 0 0 0 0 0 0 0 -3 12 -4 12 -4 12 -4 12 -4 12 -5 12 -5 12 -6 12 -6 11 -6 12 -6 11 -6 11 -7 11 -6 11 -7 11 -7 10 -7 10 -7 10 -7 10 -7 10 -7 10 -7 10 -7 10 -6 10 -6 10 -6 10 0 0 -6 10 -5 10 -5 10 -5 11 -5 10 -5 10 -5 10 -5 10 -5 11 -5 11 -4 11 -4 11 -4 11 -4 11 -4 12 -3 12 -3 12 -3 12 -3 12 -3 12 -3 13 -3 12 -3 13 -2 12 -3 13 -3 13 0 0 0 0 0 0 0 0 0 0]"
"1769235371083712,CSI_DATA,STATION,00:00:00:00:00:00,0,0,0,0,0,0,0,0,0,0,0,0,0,0,0,0,0,0,0,0,0,128,[84 -64 4 0 0 0 0 0 0 0 0 0 -2 -13 -2 -13 -1 -13 -1 -13 -1 -14 -1 -14 0 -13 0 -14 0 -14 1 -14 1 -13 1 -13 1 -13 1 -13 1 -13 1 -13 2 -12 3 -12 2 -13 2 -13 2 -12 2 -12 2 -12 1 -12 1 -12 1 -12 0 0 1 -12 1 -12 1 -12 1 -12 0 -12 0 -12 0 -12 -1 -12 -1 -12 -1 -12 -1 -12 -1 -12 -2 -13 -2 -12 -1 -13 -2 -13 -2 -13 -2 -13 -2 -13 -2 -13 -2 -13 -2 -13 -3 -14 -3 -14 -3 -14 -3 -13 0 0 0 0 0 0 0 0 0 0]"
"1769235371088028,CSI_DATA,STATION,00:00:00:00:00:00,0,0,0,0,0,0,0,0,0,0,0,0,0,0,0,0,0,0,0,0,0,128,[84 -64 4 0 0 0 0 0 0 0 0 0 -1 -13 -1 -13 0 -13 0 -13 1 -14 1 -14 1 -14 2 -13 2 -13 2 -14 2 -13 2 -13 3 -13 2 -13 3 -13 3 -13 3 -12 3 -12 3 -12 2 -12 3 -12 3 -12 3 -12 3 -12 2 -12 2 -12 0 0 2 -12 2 -12 1 -12 1 -12 1 -12 1 -12 1 -12 0 -12 0 -12 0 -12 0 -12 0 -12 -1 -12 -1 -13 -1 -13 -1 -13 -1 -13 -2 -13 -2 -13 -2 -13 -2 -13 -2 -13 -2 -13 -3 -13 -3 -13 -3 -14 0 0 0 0 0 0 0 0 0 0]"
"1769235371094502,CSI_DATA,STATION,00:00:00:00:00:00,0,0,0,0,0,0,0,0,0,0,0,0,0,0,0,0,0,0,0,0,0,128,[84 -64 4 0 0 0 0 0 0 0 0 0 -13 -4 -13 -4 -13 -5 -13 -5 -13 -6 -13 -6 -12 -6 -13 -6 -12 -7 -12 -7 -12 -7 -11 -7 -11 -8 -11 -8 -11 -8 -11 -8 -10 -8 -11 -7 -10 -8 -10 -8 -10 -8 -10 -8 -10 -7 -11 -7 -10 -7 -10 -7 0 0 -10 -7 -10 -7 -10 -7 -10 -6 -10 -6 -10 -6 -10 -6 -11 -6 -11 -6 -11 -5 -12 -5 -11 -5 -11 -5 -11 -5 -12 -5 -12 -4 -13 -5 -12 -5 -12 -4 -13 -4 -13 -4 -13 -4 -13 -4 -13 -4 -13 -4 -14 -4 0 0 0 0 0 0 0 0 0 0]"
"1769235371098812,CSI_DATA,STATION,00:00:00:00:00:00,0,0,0,0,0,0,0,0,0,0,0,0,0,0,0,0,0,0,0,0,0,128,[84 -64 4 0 0 0 0 0 0 0 0 0 -8 -9 -8 -9 -7 -10 -7 -10 -7 -10 -7 -11 -6 -10 -6 -11 -6 -11 -5 -11 -5 -11 -5 -11 -5 -11 -5 -11 -5 -11 -5 -10 -5 -11 -4 -10 -4 -11 -4 -11 -4 -11 -4 -11 -4 -10 -4 -10 -4 -11 -4 -10 0 0 -4 -10 -5 -10 -5 -10 -5 -9 -5 -10 -5 -10 -5 -10 -6 -10 -6 -9 -6 -9 -6 -9 -6 -10 -7 -9 -6 -10 -6 -9 -7 -10 -7 -9 -8 -10 -8 -9 -8 -10 -7 -10 -8 -9 -8 -10 -8 -10 -8 -10 -8 -10 0 0 0 0 0 0 0 0 0 0]"
"1769235371103194,CSI_DATA,STATION,00:00:00:00:00:00,0,0,0,0,0,0,0,0,0,0,0,0,0,0,0,0,0,0,0,0,0,128,[84 -64 4 0 0 0 0 0 0 0 0 0 -1 12 -1 12 -1 13 -2 13 -2 12 -2 12 -3 12 -3 12 -3 12 -4 12 -4 12 -4 12 -4 11 -4 12 -4 11 -4 11 -4 11 -5 11 -4 11 -4 11 -4 11 -4 11 -4 11 -4 11 -4 11 -4 11 0 0 -4 10 -3 10 -3 10 -3 11 -3 11 -3 11 -2 11 -2 11 -2 11 -2 11 -2 11 -2 11 -1 11 -1 12 -1 11 -1 12 -1 11 -1 12 0 12 -1 12 0 12 0 12 0 12 0 13 0 12 0 13 0 0 0 0 0 0 0 0 0 0]"
"1769235371109671,CSI_DATA,STATION,00:00:00:00:00:00,0,0,0,0,0,0,0,0,0,0,0,0,0,0,0,0,0,0,0,0,0,128,[84 -64 4 0 0 0 0 0 0 0 0 0 -3 -13 -3 -13 -2 -13 -2 -14 -1 -13 -1 -14 -1 -13 0 -14 0 -14 0 -13 0 -13 0 -13 1 -13 1 -13 1 -13 1 -12 1 -12 1 -12 1 -13 1 -13 1 -12 1 -12 1 -12 1 -12 1 -12 0 -12 0 0 0 -12 0 -12 0 -12 0 -12 0 -12 0 -12 -1 -12 -1 -12 -1 -12 -1 -11 -2 -12 -1 -12 -2 -12 -1 -13 -2 -12 -3 -13 -2 -13 -3 -13 -3 -13 -3 -13 -3 -13 -3 -13 -3 -13 -4 -13 -3 -14 -4 -13 0 0 0 0 0 0 0 0 0 0]"
"1769235371114016,CSI_DATA,STATION,00:00:00:00:00:00,0,0,0,0,0,0,0,0,0,0,0,0,0,0,0,0,0,0,0,0,0,128,[84 -64 4 0 0 0 0 0 0 0 0 0 -13 3 -13 2 -13 2 -13 2 -13 1 -14 1 -13 1 -14 0 -13 0 -13 0 -13 -1 -13 0 -13 -1 -12 -1 -13 -1 -13 -1 -12 -1 -12 -2 -13 -2 -13 -1 -12 -1 -12 -1 -13 -1 -12 -1 -12 -1 -13 0 0 0 -12 -1 -12 0 -11 0 -12 0 -12 0 -12 0 -12 0 -12 1 -12 1 -12 1 -12 2 -12 1 -12 1 -12 2 -12 2 -12 2 -12 2 -13 3 -12 3 -13 3 -13 3 -13 3 -13 3 -13 4 -13 4 -13 4 0 0 0 0 0 0 0 0 0 0]"
"1769235371118483,CSI_DATA,STATION,00:00:00:00:00:00,0,0,0,0,0,0,0,0,0,0,0,0,0,0,0,0,0,0,0,0,0,128,[84 -64 4 0 0 0 0 0 0 0 0 0 -3 -13 -2 -13 -2 -13 -2 -13 -1 -14 0 -14 0 -14 0 -13 0 -13 0 -13 1 -13 1 -13 1 -13 1 -13 1 -13 2 -13 2 -12 1 -12 2 -13 1 -12 1 -12 1 -12 2 -12 1 -12 1 -11 1 -12 0 0 1 -11 1 -11 0 -12 0 -12 0 -12 0 -12 0 -12 0 -12 -1 -12 -1 -12 -2 -12 -1 -12 -1 -12 -1 -13 -1 -12 -2 -13 -2 -12 -2 -13 -2 -13 -2 -13 -3 -13 -3 -13 -3 -13 -3 -14 -3 -13 -3 -13 0 0 0 0 0 0 0 0 0 0]"
"1769235371125000,CSI_DATA,STATION,00:00:00:00:00:00,0,0,0,0,0,0,0,0,0,0,0,0,0,0,0,0,0,0,0,0,0,128,[84 -64 4 0 0 0 0 0 0 0 0 0 -14 -15 -14 -15 -14 -15 -13 -16 -13 -16 -12 -16 -12 -16 -12 -17 -11 -16 -11 -18 -10 -18 -10 -17 -10 -18 -9 -18 -9 -18 -9 -17 -8 -17 -9 -17 -8 -17 -8 -17 -8 -17 -9 -16 -8 -16 -8 -16 -8 -16 -8 -15 0 0 -9 -15 -9 -15 -9 -15 -9 -15 -9 -15 -10 -14 -10 -14 -10 -14 -11 -14 -11 -13 -11 -14 -11 -14 -12 -14 -12 -14 -12 -13 -13 -13 -13 -14 -13 -13 -13 -12 -14 -13 -14 -13 -14 -13 -15 -14 -14 -13 -15 -13 -15 -12 0 0 0 0 0 0 0 0 0 0]"
"1769235371129392,CSI_DATA,STATION,00:00:00:00:00:00,0,0,0,0,0,0,0,0,0,0,0,0,0,0,0,0,0,0,0,0,0,128,[84 -64 4 0 0 0 0 0 0 0 0 0 -11 -7 -11 -7 -11 -7 -11 -9 -10 -8 -11 -9 -10 -9 -10 -9 -9 -10 -9 -10 -9 -9 -9 -9 -9 -10 -9 -10 -9 -10 -8 -9 -8 -10 -8 -9 -8 -10 -8 -10 -8 -10 -8 -10 -8 -9 -8 -9 -8 -9 -8 -9 0 0 -8 -9 -8 -9 -8 -9 -8 -8 -9 -9 -8 -8 -9 -8 -9 -8 -9 -8 -9 -8 -10 -7 -10 -7 -10 -7 -10 -8 -10 -7 -10 -8 -10 -7 -11 -7 -11 -7 -11 -7 -11 -7 -11 -7 -11 -7 -12 -7 -12 -7 -12 -7 0 0 0 0 0 0 0 0 0 0]"
"1769235371135883,CSI_DATA,STATION,00:00:00:00:00:00,0,0,0,0,0,0,0,0,0,0,0,0,0,0,0,0,0,0,0,0,0,128,[84 -64 4 0 0 0 0 0 0 0 0 0 -9 9 -10 9 -10 8 -10 8 -10 8 -11 7 -10 7 -11 7 -11 7 -11 6 -11 7 -11 6 -11 6 -11 6 -11 5 -11 6 -11 6 -11 5 -11 5 -11 5 -11 5 -11 5 -11 5 -10 5 -10 5 -10 6 0 0 -10 5 -9 5 -10 6 -10 6 -9 6 -9 6 -9 6 -10 6 -9 7 -9 7 -9 7 -9 7 -9 7 -9 8 -9 8 -9 8 -8 8 -9 8 -9 9 -9 8 -9 9 -9 9 -9 9 -8 9 -9 9 -9 10 0 0 0 0 0 0 0 0 0 0]"
"1769235371140217,CSI_DATA,STATION,00:00:00:00:00:00,0,0,0,0,0,0,0,0,0,0,0,0,0,0,0,0,0,0,0,0,0,128,[84 -64 4 0 0 0 0 0 0 0 0 0 7 8 7 8 7 8 6 9 6 9 6 9 6 9 5 9 5 9 5 10 5 9 4 10 4 9 4 9 4 10 4 10 4 9 4 9 4 9 4 10 4 9 4 9 4 9 4 9 4 9 4 9 0 0 4 8 4 8 4 8 4 8 4 8 5 8 5 8 5 8 5 8 5 8 5 7 6 8 6 8 6 8 6 8 6 8 7 8 7 8 7 8 7 8 7 8 7 8 7 8 7 8 8 8 7 8 0 0 0 0 0 0 0 0 0 0]"
"1769235371144577,CSI_DATA,STATION,00:00:00:00:00:00,0,0,0,0,0,0,0,0,0,0,0,0,0,0,0,0,0,0,0,0,0,128,[84 -64 4 0 0 0 0 0 0 0 0 0 -7 10 -8 10 -8 9 -9 9 -9 9 -9 9 -9 9 -10 9 -10 8 -10 7 -10 8 -10 7 -10 7 -10 7 -10 7 -10 7 -10 7 -10 7 -10 7 -10 6 -10 6 -10 6 -10 6 -10 7 -9 6 -9 7 0 0 -9 6 -8 7 -9 7 -9 7 -9 7 -8 7 -8 7 -8 7 -8 8 -8 7 -8 8 -8 8 -8 8 -8 9 -8 8 -8 9 -7 9 -8 9 -8 10 -7 10 -7 10 -7 10 -7 10 -7 10 -7 10 -8 10 0 0 0 0 0 0 0 0 0 0]"
"1769235371151075,CSI_DATA,STATION,00:00:00:00:00:00,0,0,0,0,0,0,0,0,0,0,0,0,0,0,0,0,0,0,0,0,0,128,[84 -64 4 0 0 0 0 0 0 0 0 0 6 -11 7 -11 7 -10 7 -10 7 -10 7 -10 8 -10 8 -10 8 -9 9 -9 9 -9 8 -9 9 -8 8 -8 9 -8 9 -8 9 -8 9 -8 8 -8 9 -8 8 -8 8 -8 9 -8 8 -8 8 -8 8 -8 0 0 7 -8 7 -8 7 -8 7 -8 7 -8 7 -9 7 -9 6 -9 7 -9 7 -9 7 -9 7 -9 7 -9 6 -10 7 -10 6 -10 6 -10 6 -11 6 -11 6 -11 6 -11 6 -11 6 -12 6 -11 6 -11 5 -12 0 0 0 0 0 0 0 0 0 0]"
"1769235371155402,CSI_DATA,STATION,00:00:00:00:00:00,0,0,0,0,0,0,0,0,0,0,0,0,0,0,0,0,0,0,0,0,0,128,[84 -64 4 0 0 0 0 0 0 0 0 0 1 12 1 12 0 12 0 12 0 12 -1 12 -1 12 -1 12 -2 12 -1 12 -2 12 -2 12 -2 11 -2 11 -3 11 -2 11 -3 11 -3 11 -3 11 -2 11 -3 11 -2 11 -3 10 -2 10 -2 10 -2 11 0 0 -2 11 -2 11 -1 10 -1 10 -1 11 -1 11 -1 10 0 10 0 10 -1 11 0 11 0 11 1 11 0 11 0 11 0 11 1 11 1 11 1 11 1 12 2 12 2 12 2 12 2 12 2 12 2 12 0 0 0 0 0 0 0 0 0 0]"
"1769235371159716,CSI_DATA,STATION,00:00:00:00:00:00,0,0,0,0,0,0,0,0,0,0,0,0,0,0,0,0,0,0,0,0,0,128,[84 -64 4 0 0 0 0 0 0 0 0 0 6 10 7 10 6 10 6 10 6 10 5 11 5 11 5 11 4 11 4 12 4 11 3 11 3 11 3 11 3 11 3 11 3 10 2 10 3 10 3 11 3 10 3 10 3 10 3 10 3 10 3 10 0 0 3 10 3 10 4 9 3 10 4 10 4 10 4 10 4 9 4 9 5 9 5 9 5 10 5 10 6 9 5 10 6 10 6 9 6 9 6 9 6 9 7 9 7 9 7 9 7 9 7 10 7 10 0 0 0 0 0 0 0 0 0 0]"
"1769235371166217,CSI_DATA,STATION,00:00:00:00:00:00,0,0,0,0,0,0,0,0,0,0,0,0,0,0,0,0,0,0,0,0,0,128,[84 -64 4 0 0 0 0 0 0 0 0 0 -8 9 -8 9 -8 9 -9 9 -9 8 -9 8 -10 8 -10 7 -10 7 -10 7 -10 8 -10 7 -10 7 -10 7 -10 6 -10 6 -10 7 -10 6 -10 6 -10 5 -10 5 -9 6 -10 6 -10 6 -9 6 -9 7 0 0 -9 6 -9 6 -9 6 -9 6 -9 7 -9 6 -9 7 -9 7 -8 7 -8 7 -8 8 -8 8 -8 8 -8 8 -8 8 -8 9 -8 8 -8 9 -8 9 -8 9 -8 9 -8 9 -8 9 -7 10 -8 10 -8 10 0 0 0 0 0 0 0 0 0 0]"
"1769235371170543,CSI_DATA,STATION,00:00:00:00:00:00,0,0,0,0,0,0,0,0,0,0,0,0,0,0,0,0,0,0,0,0,0,128,[84 -64 4 0 0 0 0 0 0 0 0 0 10 5 10 5 10 6 10 6 10 7 10 7 9 7 9 7 9 7 9 8 9 8 8 7 8 8 8 8 8 8 8 8 8 8 7 7 8 8 7 8 7 8 7 8 7 7 8 8 7 8 7 7 0 0 7 7 7 7 8 7 7 7 8 7 8 6 8 6 8 6 8 6 8 6 8 6 9 6 9 6 9 6 9 5 10 5 10 5 10 5 10 5 10 5 10 5 10 6 10 5 11 5 10 5 11 5 0 0 0 0 0 0 0 0 0 0]"
"1769235371174859,CSI_DATA,STATION,00:00:00:00:00:00,0,0,0,0,0,0,0,0,0,0,0,0,0,0,0,0,0,0,0,0,0,128,[84 -64 4 0 0 0 0 0 0 0 0 0 -13 3 -14 2 -14 2 -14 1 -15 1 -14 1 -14 0 -14 -1 -14 -1 -14 -1 -14 -1 -14 -1 -14 -2 -14 -2 -14 -2 -14 -2 -13 -2 -13 -2 -13 -2 -13 -2 -13 -3 -13 -2 -13 -2 -13 -2 -12 -2 -13 -1 0 0 -12 -1 -13 -1 -12 0 -13 0 -13 -1 -12 -1 -12 0 -12 0 -12 1 -13 0 -12 1 -13 1 -13 1 -13 1 -13 1 -13 2 -13 1 -13 2 -13 3 -14 2 -13 3 -13 2 -14 3 -14 3 -14 3 -14 3 0 0 0 0 0 0 0 0 0 0]"
"1769235371181339,CSI_DATA,STATION,00:00:00:00:00:00,0,0,0,0,0,0,0,0,0,0,0,0,0,0,0,0,0,0,0,0,0,128,[84 -64 4 0 0 0 0 0 0 0 0 0 10 -7 9 -7 10 -7 10 -7 10 -6 11 -6 10 -6 11 -6 11 -5 11 -5 11 -5 11 -5 10 -4 10 -4 11 -4 11 -4 10 -4 10 -4 10 -4 11 -4 10 -3 10 -4 10 -4 10 -4 10 -4 10 -4 0 0 9 -4 9 -4 9 -4 9 -4 9 -5 9 -5 9 -5 9 -5 9 -6 9 -6 9 -6 9 -6 9 -6 9 -6 9 -6 9 -6 9 -7 9 -8 9 -7 9 -7 9 -7 9 -7 9 -7 9 -8 9 -8 9 -8 0 0 0 0 0 0 0 0 0 0]"
"1769235371185695,CSI_DATA,STATION,00:00:00:00:00:00,0,0,0,0,0,0,0,0,0,0,0,0,0,0,0,0,0,0,0,0,0,128,[84 -64 4 0 0 0 0 0 0 0 0 0 3 -13 4 -14 5 -13 5 -13 5 -13 6 -13 6 -13 6 -12 6 -12 6 -12 7 -12 7 -12 7 -11 7 -11 7 -11 7 -11 7 -11 7 -10 7 -11 7 -11 7 -10 7 -10 7 -10 7 -10 6 -10 6 -11 0 0 6 -11 5 -10 5 -10 5 -10 5 -11 5 -11 5 -11 5 -11 5 -11 4 -11 4 -12 4 -12 4 -12 4 -13 4 -12 3 -13 3 -12 4 -13 4 -13 3 -13 3 -13 3 -13 3 -13 2 -14 3 -14 3 -14 0 0 0 0 0 0 0 0 0 0]"
"1769235371192184,CSI_DATA,STATION,00:00:00:00:00:00,0,0,0,0,0,0,0,0,0,0,0,0,0,0,0,0,0,0,0,0,0,128,[84 -64 4 0 0 0 0 0 0 0 0 0 11 4 11 5 10 5 10 6 10 5 10 6 10 6 10 6 9 6 9 7 9 7 9 7 9 7 8 7 8 7 8 7 8 7 8 7 8 7 8 7 8 7 8 7 8 7 8 7 8 7 8 6 0 0 8 6 8 5 8 6 8 5 8 5 8 5 9 5 9 5 9 5 9 5 9 4 9 5 10 4 10 4 10 4 10 4 10 4 11 3 10 4 10 3 11 3 10 3 11 3 11 3 11 3 11 3 0 0 0 0 0 0 0 0 0 0]"
"1769235371196498,CSI_DATA,STATION,00:00:00:00:00:00,0,0,0,0,0,0,0,0,0,0,0,0,0,0,0,0,0,0,0,0,0,128,[84 -64 4 0 0 0 0 0 0 0 0 0 1 -14 1 -14 1 -14 2 -13 2 -14 2 -13 3 -13 3 -13 3 -13 4 -13 4 -13 4 -13 4 -12 4 -12 4 -12 5 -12 5 -11 5 -12 4 -12 4 -12 4 -11 4 -12 4 -12 4 -11 4 -12 4 -11 0 0 3 -12 4 -11 3 -11 3 -12 3 -11 2 -12 2 -12 2 -12 2 -12 2 -12 2 -12 2 -12 1 -12 2 -13 1 -13 1 -13 1 -13 1 -13 1 -13 0 -13 1 -14 0 -13 0 -14 0 -14 0 -14 0 -14 0 0 0 0 0 0 0 0 0 0]"
"1769235371202988,CSI_DATA,STATION,00:00:00:00:00:00,0,0,0,0,0,0,0,0,0,0,0,0,0,0,0,0,0,0,0,0,0,128,[84 -64 4 0 0 0 0 0 0 0 0 0 3 11 3 10 3 11 3 11 2 12 2 11 2 11 1 11 1 11 1 12 0 11 0 11 0 11 0 11 0 12 0 11 0 10 0 10 0 10 0 11 0 11 0 10 0 11 0 10 0 10 0 10 0 0 0 10 1 10 1 10 1 10 1 10 2 10 2 10 2 10 2 10 2 10 2 9 3 10 2 10 3 10 3 10 3 10 4 10 4 10 4 10 4 10 4 10 4 10 4 10 5 10 5 11 4 10 0 0 0 0 0 0 0 0 0 0]"
"1769235371207382,CSI_DATA,STATION,00:00:00:00:00:00,0,0,0,0,0,0,0,0,0,0,0,0,0,0,0,0,0,0,0,0,0,128,[84 -64 4 0 0 0 0 0 0 0 0 0 -11 -6 -11 -6 -11 -7 -11 -7 -10 -8 -10 -8 -9 -8 -10 -9 -9 -9 -9 -9 -9 -9 -8 -9 -9 -9 -9 -9 -8 -9 -8 -9 -8 -9 -8 -9 -8 -9 -7 -9 -7 -9 -8 -9 -8 -8 -8 -8 -8 -8 -8 -8 0 0 -8 -8 -8 -8 -8 -8 -8 -7 -8 -7 -8 -7 -8 -7 -9 -7 -9 -7 -9 -7 -9 -6 -9 -7 -9 -6 -10 -7 -9 -6 -10 -6 -10 -7 -10 -6 -10 -6 -11 -7 -10 -6 -11 -6 -11 -6 -11 -6 -11 -6 -11 -6 0 0 0 0 0 0 0 0 0 0]"
"1769235371211728,CSI_DATA,STATION,00:00:00:00:00:00,0,0,0,0,0,0,0,0,0,0,0,0,0,0,0,0,0,0,0,0,0,128,[84 -64 4 0 0 0 0 0 0 0 0 0 -8 10 -9 10 -8 10 -9 10 -10 9 -10 9 -10 9 -10 8 -10 8 -11 8 -11 8 -11 8 -11 7 -11 7 -11 7 -11 7 -11 7 -11 7 -10 6 -11 6 -10 6 -10 6 -10 6 -10 7 -10 6 -10 6 0 0 -10 6 -9 6 -9 7 -9 7 -9 7 -9 7 -9 7 -9 7 -9 8 -9 8 -8 8 -8 8 -8 8 -8 9 -8 9 -8 9 -8 9 -8 9 -8 10 -8 10 -8 10 -8 10 -8 10 -8 10 -8 11 -8 10 0 0 0 0 0 0 0 0 0 0]"
"1769235371224676,CSI_DATA,STATION,00:00:00:00:00:00,0,0,0,0,0,0,0,0,0,0,0,0,0,0,0,0,0,0,0,0,0,128,[84 -64 4 0 0 0 0 0 0 0 0 0 -12 2 -12 1 -13 1 -12 1 -12 0 -13 0 -12 0 -12 -1 -12 -1 -12 -1 -12 -2 -12 -1 -12 -2 -12 -2 -12 -2 -12 -2 -11 -2 -11 -2 -11 -3 -11 -2 -11 -2 -11 -2 -11 -2 -11 -2 -10 -2 -11 -1 0 0 -11 -1 -11 -1 -11 -1 -10 -1 -11 -1 -11 0 -11 -1 -11 0 -11 0 -11 0 -11 0 -11 0 -11 0 -11 1 -11 1 -11 1 -11 1 -11 1 -11 2 -12 2 -12 2 -12 2 -12 2 -12 2 -12 3 -11 2 0 0 0 0 0 0 0 0 0 0]"
"1769235371231228,CSI_DATA,STATION,00:00:00:00:00:00,0,0,0,0,0,0,0,0,0,0,0,0,0,0,0,0,0,0,0,0,0,128,[84 -64 4 0 0 0 0 0 0 0 0 0 -13 3 -13 3 -13 2 -13 2 -13 2 -14 1 -14 1 -13 1 -14 0 -14 -1 -13 -1 -13 -1 -13 -1 -13 -1 -13 -1 -13 -1 -12 -1 -12 -2 -13 -2 -13 -2 -12 -2 -12 -1 -12 -2 -12 -2 -12 -1 -12 -1 0 0 -12 -1 -12 0 -11 0 -12 0 -12 0 -12 0 -12 0 -12 0 -11 1 -12 1 -12 1 -12 1 -12 1 -12 1 -12 2 -12 2 -12 2 -13 2 -13 2 -13 2 -13 3 -13 3 -13 2 -13 3 -13 3 -13 3 0 0 0 0 0 0 0 0 0 0]"
"1769235371235577,CSI_DATA,STATION,00:00:00:00:00:00,0,0,0,0,0,0,0,0,0,0,0,0,0,0,0,0,0,0,0,0,0,128,[84 -64 4 0 0 0 0 0 0 0 0 0 -10 -9 -10 -9 -10 -10 -9 -10 -9 -10 -8 -11 -9 -11 -8 -11 -8 -11 -8 -12 -7 -11 -7 -11 -7 -11 -7 -11 -6 -11 -7 -11 -6 -11 -7 -11 -6 -11 -6 -11 -6 -11 -6 -11 -6 -10 -6 -11 -6 -10 -6 -10 0 0 -6 -10 -7 -10 -7 -10 -6 -9 -7 -9 -7 -9 -7 -9 -7 -10 -8 -9 -8 -9 -8 -9 -8 -9 -8 -9 -8 -9 -9 -9 -9 -8 -9 -9 -9 -9 -10 -9 -10 -9 -10 -9 -10 -9 -10 -9 -10 -9 -10 -8 -10 -8 0 0 0 0 0 0 0 0 0 0]"
"1769235371242073,CSI_DATA,STATION,00:00:00:00:00:00,0,0,0,0,0,0,0,0,0,0,0,0,0,0,0,0,0,0,0,0,0,128,[84 -64 4 0 0 0 0 0 0 0 0 0 12 -5 12 -4 12 -4 12 -3 12 -3 12 -3 12 -3 13 -2 13 -2 13 -1 12 -1 12 -1 12 0 12 -1 12 0 12 -1 11 0 11 0 12 0 11 0 11 0 11 0 11 0 11 0 11 -1 11 -1 0 0 11 -1 10 -1 10 -1 11 -2 10 -2 11 -2 11 -2 10 -2 11 -3 10 -3 10 -3 11 -3 11 -3 11 -3 11 -4 11 -4 11 -4 11 -5 11 -4 11 -5 11 -4 11 -4 11 -5 11 -5 11 -5 11 -6 0 0 0 0 0 0 0 0 0 0]"
"1769235371246399,CSI_DATA,STATION,00:00:00:00:00:00,0,0,0,0,0,0,0,0,0,0,0,0,0,0,0,0,0,0,0,0,0,128,[84 -64 4 0 0 0 0 0 0 0 0 0 -8 -9 -8 -9 -8 -10 -7 -10 -7 -10 -7 -11 -6 -10 -7 -11 -6 -11 -6 -11 -5 -11 -5 -11 -5 -11 -5 -11 -5 -11 -5 -10 -5 -11 -5 -10 -5 -10 -4 -11 -5 -10 -5 -10 -4 -10 -5 -10 -4 -10 -5 -10 0 0 -5 -9 -5 -9 -5 -9 -5 -9 -6 -9 -6 -9 -6 -9 -7 -9 -6 -8 -7 -9 -7 -8 -7 -8 -7 -9 -7 -9 -7 -8 -7 -8 -8 -9 -8 -9 -8 -8 -9 -8 -9 -8 -9 -8 -8 -8 -9 -8 -9 -8 -9 -8 0 0 0 0 0 0 0 0 0 0]"
"1769235371252904,CSI_DATA,STATION,00:00:00:00:00:00,0,0,0,0,0,0,0,0,0,0,0,0,0,0,0,0,0,0,0,0,0,128,[84 -64 4 0 0 0 0 0 0 0 0 0 -9 -12 -9 -13 -8 -13 -8 -13 -7 -13 -7 -14 -7 -14 -6 -14 -6 -14 -6 -14 -6 -14 -5 -14 -5 -14 -5 -14 -4 -14 -4 -14 -4 -14 -4 -13 -4 -14 -4 -13 -4 -13 -4 -13 -4 -12 -4 -13 -4 -13 -4 -13 0 0 -4 -12 -4 -12 -4 -12 -4 -12 -5 -12 -5 -12 -5 -12 -6 -12 -6 -12 -6 -12 -6 -12 -7 -12 -6 -12 -7 -12 -7 -11 -7 -12 -8 -12 -8 -12 -8 -12 -8 -12 -8 -12 -8 -12 -8 -12 -9 -12 -8 -12 -9 -12 0 0 0 0 0 0 0 0 0 0]"
"1769235371257226,CSI_DATA,STATION,00:00:00:00:00:00,0,0,0,0,0,0,0,0,0,0,0,0,0,0,0,0,0,0,0,0,0,128,[84 -64 4 0 0 0 0 0 0 0 0 0 3 12 2 12 1 13 2 12 1 12 0 12 0 13 0 13 0 12 -1 12 -1 12 -2 12 -1 12 -1 12 -2 12 -1 12 -1 11 -2 11 -2 11 -1 11 -1 11 -1 11 -1 11 -2 11 -1 11 -1 11 0 0 -1 11 0 10 0 10 0 10 1 11 1 10 1 11 1 10 1 10 1 10 2 10 2 11 1 11 2 11 2 11 3 11 3 10 3 11 3 11 3 11 4 11 4 11 4 11 4 11 4 11 4 11 0 0 0 0 0 0 0 0 0 0]"
"1769235371261562,CSI_DATA,STATION,00:00:00:00:00:00,0,0,0,0,0,0,0,0,0,0,0,0,0,0,0,0,0,0,0,0,0,128,[84 -64 4 0 0 0 0 0 0 0 0 0 -13 0 -13 -1 -14 -1 -14 -1 -13 -2 -13 -2 -13 -3 -13 -3 -13 -3 -13 -4 -13 -4 -12 -4 -12 -4 -12 -4 -12 -5 -12 -4 -12 -5 -11 -4 -12 -5 -11 -5 -11 -5 -11 -4 -11 -4 -11 -5 -11 -4 -11 -3 0 0 -11 -3 -11 -3 -11 -3 -11 -3 -11 -3 -11 -3 -11 -3 -11 -3 -11 -2 -12 -2 -12 -2 -11 -2 -11 -2 -12 -2 -12 -1 -12 -1 -12 -2 -12 -1 -12 -1 -13 -1 -12 -1 -12 -1 -12 -1 -13 -1 -13 0 -13 0 0 0 0 0 0 0 0 0 0 0]"
"1769235371268088,CSI_DATA,STATION,00:00:00:00:00:00,0,0,0,0,0,0,0,0,0,0,0,0,0,0,0,0,0,0,0,0,0,128,[84 -64 4 0 0 0 0 0 0 0 0 0 -13 1 -14 0 -13 0 -14 0 -13 0 -14 -1 -13 -2 -13 -2 -13 -2 -13 -2 -13 -2 -13 -2 -13 -3 -12 -3 -13 -3 -12 -2 -12 -3 -11 -3 -12 -4 -12 -4 -12 -3 -11 -3 -12 -3 -11 -3 -11 -3 -12 -2 0 0 -11 -2 -11 -2 -12 -2 -11 -2 -11 -2 -11 -2 -11 -2 -11 -2 -11 -1 -11 -1 -12 0 -12 -1 -12 0 -12 0 -11 0 -12 0 -11 0 -12 0 -13 1 -12 1 -12 1 -12 1 -12 1 -13 1 -12 1 -13 1 0 0 0 0 0 0 0 0 0 0]"
"1769235371272452,CSI_DATA,STATION,00:00:00:00:00:00,0,0,0,0,0,0,0,0,0,0,0,0,0,0,0,0,0,0,0,0,0,128,[84 -64 4 0 0 0 0 0 0 0 0 0 -12 -6 -12 -6 -12 -7 -12 -7 -11 -8 -11 -8 -10 -9 -10 -9 -10 -9 -10 -10 -10 -9 -10 -9 -10 -9 -9 -9 -9 -9 -9 -9 -9 -9 -9 -10 -8 -9 -8 -9 -8 -9 -8 -9 -8 -9 -8 -9 -8 -8 -8 -8 0 0 -8 -8 -8 -8 -8 -8 -8 -7 -8 -8 -8 -7 -9 -7 -9 -7 -9 -7 -9 -7 -10 -7 -10 -7 -10 -7 -9 -7 -10 -7 -10 -6 -11 -7 -10 -6 -11 -6 -11 -6 -11 -7 -11 -6 -11 -6 -12 -6 -12 -6 -12 -6 0 0 0 0 0 0 0 0 0 0]"
"1769235371276818,CSI_DATA,STATION,00:00:00:00:00:00,0,0,0,0,0,0,0,0,0,0,0,0,0,0,0,0,0,0,0,0,0,128,[84 -64 4 0 0 0 0 0 0 0 0 0 -9 11 -9 11 -10 11 -10 11 -10 10 -11 10 -11 9 -11 9 -11 8 -12 9 -12 8 -11 8 -12 8 -11 8 -12 8 -12 7 -12 8 -12 8 -12 7 -12 7 -11 7 -11 6 -11 7 -11 7 -10 7 -10 7 0 0 -10 7 -9 7 -9 7 -10 7 -10 8 -9 8 -9 8 -9 8 -9 8 -9 8 -9 9 -9 9 -9 9 -8 9 -9 9 -8 10 -8 10 -8 10 -8 11 -8 11 -8 10 -8 11 -8 10 -8 11 -8 11 -8 11 0 0 0 0 0 0 0 0 0 0]"
"1769235371283352,CSI_DATA,STATION,00:00:00:00:00:00,0,0,0,0,0,0,0,0,0,0,0,0,0,0,0,0,0,0,0,0,0,128,[84 -64 4 0 0 0 0 0 0 0 0 0 5 -13 6 -13 6 -13 7 -13 7 -13 8 -13 8 -12 8 -12 9 -12 9 -12 8 -11 8 -11 9 -11 9 -11 9 -11 9 -10 9 -9 9 -9 9 -10 9 -10 8 -10 8 -10 8 -10 9 -9 8 -10 8 -10 0 0 7 -10 7 -10 7 -10 7 -10 8 -10 7 -10 6 -10 6 -10 6 -11 6 -10 6 -11 6 -11 5 -11 6 -12 6 -11 6 -12 6 -11 5 -13 6 -12 6 -12 6 -12 5 -12 5 -13 5 -13 4 -13 5 -13 0 0 0 0 0 0 0 0 0 0]"
"1769235371287692,CSI_DATA,STATION,00:00:00:00:00:00,0,0,0,0,0,0,0,0,0,0,0,0,0,0,0,0,0,0,0,0,0,128,[84 -64 4 0 0 0 0 0 0 0 0 0 -20 2 -21 1 -21 1 -21 0 -20 0 -21 -1 -21 -1 -22 -2 -20 -1 -21 -3 -20 -3 -20 -3 -19 -4 -19 -4 -19 -4 -19 -4 -19 -5 -18 -3 -18 -4 -18 -4 -17 -3 -17 -4 -18 -3 -17 -3 -17 -4 -17 -3 0 0 -18 -2 -17 -2 -17 -2 -17 -1 -17 -2 -16 -2 -16 -1 -17 0 -17 1 -17 1 -17 1 -17 0 -16 1 -17 1 -17 2 -17 2 -17 2 -17 3 -17 3 -18 4 -17 4 -17 4 -17 4 -18 4 -18 5 -18 5 0 0 0 0 0 0 0 0 0 0]"
"1769235371294216,CSI_DATA,STATION,00:00:00:00:00:00,0,0,0,0,0,0,0,0,0,0,0,0,0,0,0,0,0,0,0,0,0,128,[84 -64 4 0 0 0 0 0 0 0 0 0 -2 -15 -2 -15 -1 -15 -1 -15 -1 -15 0 -15 1 -15 2 -15 1 -15 1 -15 2 -14 2 -14 2 -14 2 -14 3 -14 2 -13 3 -13 3 -12 3 -13 3 -13 3 -13 3 -13 3 -12 3 -13 2 -12 2 -13 0 0 2 -12 1 -12 1 -12 1 -13 1 -13 1 -13 1 -12 1 -13 0 -13 0 -12 0 -12 0 -13 -1 -12 0 -13 0 -13 -1 -13 -1 -13 -1 -13 -1 -14 -1 -13 -1 -14 -2 -13 -1 -14 -2 -14 -2 -14 -2 -14 0 0 0 0 0 0 0 0 0 0]"
"1769235371298545,CSI_DATA,STATION,00:00:00:00:00:00,0,0,0,0,0,0,0,0,0,0,0,0,0,0,0,0,0,0,0,0,0,128,[84 -64 4 0 0 0 0 0 0 0 0 0 -5 -14 -5 -14 -5 -14 -5 -14 -4 -15 -3 -14 -3 -15 -2 -15 -2 -15 -2 -15 -1 -15 -1 -15 -1 -14 -1 -14 -1 -14 -1 -14 0 -13 0 -13 0 -13 0 -14 0 -13 0 -13 0 -13 0 -13 0 -13 -1 -12 0 0 -1 -12 -1 -13 -1 -12 -1 -13 -2 -13 -2 -13 -2 -12 -2 -13 -2 -12 -3 -13 -3 -13 -3 -13 -3 -12 -3 -13 -3 -12 -4 -13 -4 -13 -4 -13 -4 -13 -4 -13 -4 -13 -4 -13 -4 -13 -5 -13 -5 -13 -5 -13 0 0 0 0 0 0 0 0 0 0]"
"1769235371302888,CSI_DATA,STATION,00:00:00:00:00:00,0,0,0,0,0,0,0,0,0,0,0,0,0,0,0,0,0,0,0,0,0,128,[84 -64 4 0 0 0 0 0 0 0 0 0 2 17 1 17 1 18 0 18 -1 18 -1 17 -1 17 -2 17 -2 17 -2 17 -2 17 -2 16 -3 16 -3 15 -4 16 -3 16 -4 15 -3 15 -3 15 -4 15 -4 15 -4 15 -4 14 -3 15 -3 15 -2 14 0 0 -3 14 -2 14 -2 14 -2 14 -1 14 -1 14 -2 14 -1 14 0 14 0 13 0 14 1 14 1 15 1 14 1 14 1 15 2 14 2 14 2 15 2 14 3 15 2 15 3 15 4 15 4 15 4 15 0 0 0 0 0 0 0 0 0 0]"
"1769235371309410,CSI_DATA,STATION,00:00:00:00:00:00,0,0,0,0,0,0,0,0,0,0,0,0,0,0,0,0,0,0,0,0,0,128,[84 -64 4 0 0 0 0 0 0 0 0 0 2 13 2 13 2 14 2 14 2 14 1 14 0 14 0 14 0 14 -1 14 -1 13 -1 13 -1 13 -2 13 -2 13 -2 13 -2 13 -2 12 -2 12 -2 13 -2 12 -2 12 -2 12 -2 12 -1 12 -1 12 0 0 -1 12 0 12 -1 11 -1 12 -1 11 0 11 0 11 0 11 0 11 0 11 1 12 0 12 1 12 1 12 1 12 2 12 2 12 2 12 2 12 2 12 2 12 3 12 2 12 3 12 3 12 3 13 0 0 0 0 0 0 0 0 0 0]"
"1769235371313748,CSI_DATA,STATION,00:00:00:00:00:00,0,0,0,0,0,0,0,0,0,0,0,0,0,0,0,0,0,0,0,0,0,128,[84 -64 4 0 0 0 0 0 0 0 0 0 20 -8 22 -7 21 -6 21 -6 21 -5 21 -5 21 -3 21 -3 21 -3 22 -2 21 -2 21 -2 20 -1 20 -1 21 0 20 0 20 0 18 0 19 1 19 0 19 0 18 0 18 0 19 0 17 0 18 -1 0 0 17 -1 17 -1 17 -1 17 -1 17 -2 17 -2 17 -2 17 -2 17 -4 17 -4 17 -4 17 -4 17 -4 18 -4 17 -5 18 -6 17 -5 17 -6 17 -6 18 -7 17 -7 17 -7 18 -6 18 -7 18 -7 18 -8 0 0 0 0 0 0 0 0 0 0]"
"1769235371320480,CSI_DATA,STATION,00:00:00:00:00:00,0,0,0,0,0,0,0,0,0,0,0,0,0,0,0,0,0,0,0,0,0,128,[84 -64 4 0 0 0 0 0 0 0 0 0 -19 -11 -19 -13 -18 -13 -19 -15 -17 -14 -18 -15 -17 -14 -17 -15 -16 -16 -15 -16 -15 -16 -15 -16 -15 -17 -14 -16 -15 -17 -14 -16 -13 -16 -13 -15 -13 -17 -13 -16 -13 -15 -13 -15 -12 -14 -13 -15 -12 -14 -13 -14 0 0 -13 -14 -13 -13 -14 -13 -14 -12 -14 -13 -14 -12 -15 -12 -14 -12 -15 -11 -15 -10 -16 -10 -16 -10 -15 -10 -16 -11 -16 -10 -17 -9 -16 -9 -17 -9 -17 -8 -18 -8 -18 -8 -18 -9 -18 -8 -18 -8 -18 -8 -19 -7 0 0 0 0 0 0 0 0 0 0]"
"1769235371324884,CSI_DATA,STATION,00:00:00:00:00:00,0,0,0,0,0,0,0,0,0,0,0,0,0,0,0,0,0,0,0,0,0,128,[84 -64 4 0 0 0 0 0 0 0 0 0 -3 -14 -2 -14 -2 -15 -2 -15 -1 -15 -1 -14 0 -15 0 -15 1 -14 1 -15 1 -14 1 -14 2 -14 1 -14 2 -13 2 -14 3 -13 2 -13 2 -13 2 -13 2 -13 2 -13 2 -12 2 -12 1 -12 1 -12 0 0 1 -12 1 -12 1 -12 1 -12 0 -12 1 -12 0 -13 0 -12 0 -12 -1 -12 -1 -12 -1 -13 -1 -12 -1 -12 -1 -13 -1 -12 -1 -13 -2 -13 -1 -13 -1 -13 -2 -13 -2 -13 -2 -14 -3 -14 -2 -14 -2 -14 0 0 0 0 0 0 0 0 0 0]"
"1769235371329230,CSI_DATA,STATION,00:00:00:00:00:00,0,0,0,0,0,0,0,0,0,0,0,0,0,0,0,0,0,0,0,0,0,128,[84 -64 4 0 0 0 0 0 0 0 0 0 11 -8 12 -8 12 -7 12 -7 12 -7 13 -6 13 -6 13 -5 13 -5 13 -5 13 -5 13 -5 12 -4 12 -4 12 -4 13 -4 12 -4 12 -3 12 -3 12 -3 11 -3 11 -3 12 -4 12 -4 11 -3 11 -4 0 0 11 -4 11 -4 10 -4 11 -4 11 -5 10 -5 10 -5 10 -5 10 -6 10 -6 10 -7 10 -6 10 -6 10 -6 10 -7 10 -7 10 -8 10 -8 10 -8 10 -7 10 -8 10 -8 10 -8 9 -8 10 -9 10 -9 0 0 0 0 0 0 0 0 0 0]"
"1769235371335721,CSI_DATA,STATION,00:00:00:00:00:00,0,0,0,0,0,0,0,0,0,0,0,0,0,0,0,0,0,0,0,0,0,128,[84 -64 4 0 0 0 0 0 0 0 0 0 -21 -8 -21 -9 -21 -9 -20 -10 -20 -11 -20 -11 -20 -12 -20 -12 -19 -12 -19 -12 -19 -12 -18 -13 -17 -13 -16 -13 -16 -13 -17 -14 -16 -13 -16 -13 -15 -13 -16 -13 -15 -12 -15 -12 -15 -11 -15 -12 -15 -11 -16 -11 0 0 -15 -10 -16 -10 -16 -9 -16 -10 -16 -9 -16 -9 -16 -9 -15 -9 -16 -8 -16 -8 -17 -7 -17 -7 -17 -8 -17 -7 -18 -7 -18 -6 -18 -6 -18 -5 -18 -6 -19 -5 -18 -5 -18 -6 -18 -6 -19 -4 -19 -4 -19 -4 0 0 0 0 0 0 0 0 0 0]"
"1769235371340066,CSI_DATA,STATION,00:00:00:00:00:00,0,0,0,0,0,0,0,0,0,0,0,0,0,0,0,0,0,0,0,0,0,128,[84 -64 4 0 0 0 0 0 0 0 0 0 8 11 8 11 7 11 7 12 6 12 6 13 5 12 5 13 5 12 5 13 5 12 4 12 4 12 4 12 3 12 3 12 3 12 3 11 3 12 3 12 3 12 3 11 4 11 4 11 4 11 4 11 0 0 4 10 4 10 4 11 4 10 4 10 4 10 5 10 5 10 5 10 5 9 6 9 6 10 6 10 7 10 6 9 7 10 7 9 7 9 7 9 7 9 8 9 7 9 8 9 8 9 8 9 8 9 0 0 0 0 0 0 0 0 0 0]"
"1769235371344387,CSI_DATA,STATION,00:00:00:00:00:00,0,0,0,0,0,0,0,0,0,0,0,0,0,0,0,0,0,0,0,0,0,128,[84 -64 4 0 0 0 0 0 0 0 0 0 2 13 1 13 1 14 0 13 0 14 0 14 -1 13 -1 14 -2 13 -2 14 -2 14 -2 13 -2 13 -2 13 -2 13 -3 12 -4 12 -3 12 -3 12 -3 12 -3 12 -3 11 -3 12 -3 11 -3 11 -2 12 0 0 -3 10 -1 11 -2 11 -2 11 -1 11 -1 11 -1 11 -1 11 -1 11 -1 11 -1 11 0 12 0 12 0 11 0 11 0 11 1 11 1 12 0 12 1 12 1 12 1 12 1 12 1 12 1 12 1 12 0 0 0 0 0 0 0 0 0 0]"
"1769235371350922,CSI_DATA,STATION,00:00:00:00:00:00,0,0,0,0,0,0,0,0,0,0,0,0,0,0,0,0,0,0,0,0,0,128,[84 -64 4 0 0 0 0 0 0 0 0 0 11 -9 11 -8 12 -8 11 -8 12 -8 12 -7 12 -7 12 -6 13 -6 13 -6 12 -6 12 -5 12 -5 12 -5 12 -4 12 -4 12 -4 11 -5 11 -4 12 -4 12 -4 11 -4 11 -4 11 -5 11 -4 11 -5 0 0 10 -5 10 -4 10 -5 10 -4 10 -5 10 -5 10 -5 10 -6 10 -6 10 -6 9 -7 9 -7 10 -7 9 -7 10 -7 10 -7 9 -8 10 -8 9 -8 9 -9 9 -8 9 -8 9 -8 9 -9 9 -9 9 -9 0 0 0 0 0 0 0 0 0 0]"
"1769235371355344,CSI_DATA,STATION,00:00:00:00:00:00,0,0,0,0,0,0,0,0,0,0,0,0,0,0,0,0,0,0,0,0,0,128,[84 -64 4 0 0 0 0 0 0 0 0 0 -7 16 -7 16 -8 15 -8 15 -9 15 -10 15 -10 15 -10 14 -10 13 -11 13 -11 13 -11 13 -11 12 -11 13 -11 12 -11 12 -11 12 -11 12 -11 12 -10 11 -10 11 -10 11 -10 11 -10 11 -10 11 -9 11 0 0 -9 11 -8 11 -8 11 -8 11 -8 12 -8 12 -7 12 -7 11 -7 12 -7 12 -6 13 -7 12 -6 13 -6 12 -6 13 -5 13 -5 13 -6 14 -5 14 -5 14 -5 14 -4 14 -4 14 -4 14 -4 14 -4 14 0 0 0 0 0 0 0 0 0 0]"
"1769235371359651,CSI_DATA,STATION,00:00:00:00:00:00,0,0,0,0,0,0,0,0,0,0,0,0,0,0,0,0,0,0,0,0,0,128,[84 -64 4 0 0 0 0 0 0 0 0 0 4 -14 5 -14 5 -14 5 -13 6 -13 6 -13 7 -12 7 -13 7 -12 8 -12 7 -12 7 -12 8 -11 7 -11 7 -11 8 -10 8 -10 8 -10 8 -11 7 -10 7 -10 7 -10 7 -10 8 -10 6 -10 7 -10 0 0 7 -10 6 -10 6 -10 6 -10 6 -10 5 -11 5 -10 5 -11 5 -11 5 -11 5 -11 4 -11 4 -11 4 -12 4 -12 4 -12 4 -12 3 -12 4 -12 3 -12 3 -12 3 -12 3 -12 3 -13 3 -13 3 -13 0 0 0 0 0 0 0 0 0 0]"
"1769235371366161,CSI_DATA,STATION,00:00:00:00:00:00,0,0,0,0,0,0,0,0,0,0,0,0,0,0,0,0,0,0,0,0,0,128,[84 -64 4 0 0 0 0 0 0 0 0 0 -12 -8 -13 -8 -12 -8 -12 -9 -11 -9 -11 -10 -11 -10 -10 -11 -10 -10 -10 -11 -10 -10 -9 -11 -9 -11 -9 -11 -9 -11 -8 -11 -9 -11 -8 -11 -8 -11 -8 -10 -8 -10 -8 -10 -8 -10 -8 -10 -8 -10 -8 -10 0 0 -8 -9 -8 -9 -8 -9 -8 -8 -9 -9 -8 -9 -8 -9 -9 -9 -9 -8 -9 -8 -10 -8 -9 -8 -9 -8 -10 -8 -10 -8 -10 -8 -10 -8 -10 -8 -10 -8 -11 -7 -11 -8 -11 -8 -10 -8 -11 -7 -11 -7 -12 -7 0 0 0 0 0 0 0 0 0 0]"
"1769235371370510,CSI_DATA,STATION,00:00:00:00:00:00,0,0,0,0,0,0,0,0,0,0,0,0,0,0,0,0,0,0,0,0,0,128,[84 -64 4 0 0 0 0 0 0 0 0 0 11 -8 11 -8 11 -7 12 -7 12 -7 12 -7 12 -6 12 -6 13 -5 13 -5 12 -5 13 -5 12 -4 12 -4 13 -4 12 -4 12 -4 12 -4 12 -4 12 -4 12 -3 11 -4 11 -4 11 -4 11 -3 11 -4 0 0 11 -4 10 -4 10 -4 10 -4 10 -5 10 -5 9 -5 10 -6 10 -6 10 -6 10 -6 9 -6 10 -6 10 -6 10 -7 9 -7 9 -7 10 -8 9 -8 9 -8 10 -8 9 -7 9 -8 10 -8 9 -8 9 -9 0 0 0 0 0 0 0 0 0 0]"
"1769235371376966,CSI_DATA,STATION,00:00:00:00:00:00,0,0,0,0,0,0,0,0,0,0,0,0,0,0,0,0,0,0,0,0,0,128,[84 -64 4 0 0 0 0 0 0 0 0 0 10 -11 10 -10 11 -10 10 -9 11 -9 11 -8 11 -8 12 -7 11 -7 12 -7 11 -7 11 -7 11 -7 12 -7 11 -6 12 -6 11 -6 11 -6 11 -6 11 -5 11 -6 11 -6 11 -6 10 -6 10 -6 10 -6 0 0 10 -6 10 -6 9 -6 10 -6 9 -6 10 -6 9 -6 9 -7 9 -7 9 -8 9 -8 9 -8 9 -8 9 -7 9 -8 8 -9 8 -9 8 -9 8 -9 8 -9 8 -9 8 -9 8 -9 7 -10 8 -10 8 -10 0 0 0 0 0 0 0 0 0 0]"
"1769235371381301,CSI_DATA,STATION,00:00:00:00:00:00,0,0,0,0,0,0,0,0,0,0,0,0,0,0,0,0,0,0,0,0,0,128,[84 -64 4 0 0 0 0 0 0 0 0 0 6 27 5 27 4 28 3 28 2 28 1 27 1 27 0 27 0 27 -1 27 -2 27 -2 27 -3 27 -3 26 -3 26 -3 25 -4 25 -3 24 -3 25 -3 24 -3 24 -3 24 -3 23 -3 23 -2 23 -2 22 0 0 -1 22 0 22 0 22 0 22 1 22 1 21 1 22 1 21 3 21 3 21 4 21 3 22 4 21 5 21 5 21 5 22 6 22 7 21 7 21 7 21 8 21 8 21 8 21 9 21 9 21 9 21 0 0 0 0 0 0 0 0 0 0]"
"1769235371387760,CSI_DATA,STATION,00:00:00:00:00:00,0,0,0,0,0,0,0,0,0,0,0,0,0,0,0,0,0,0,0,0,0,128,[84 -64 4 0 0 0 0 0 0 0 0 0 6 -13 7 -13 7 -12 7 -13 7 -12 9 -12 8 -12 9 -11 9 -11 9 -11 9 -11 9 -10 10 -10 9 -10 9 -10 9 -9 10 -9 9 -9 10 -9 9 -8 9 -9 9 -8 9 -9 9 -9 8 -9 8 -9 0 0 8 -9 7 -8 7 -9 7 -9 8 -9 7 -9 6 -9 7 -10 7 -10 7 -9 6 -10 6 -10 6 -10 6 -10 6 -10 6 -11 5 -11 6 -11 6 -11 6 -11 6 -11 6 -11 5 -11 5 -12 5 -12 5 -12 0 0 0 0 0 0 0 0 0 0]"
"1769235371398503,CSI_DATA,STATION,00:00:00:00:00:00,0,0,0,0,0,0,0,0,0,0,0,0,0,0,0,0,0,0,0,0,0,128,[84 -64 4 0 0 0 0 0 0 0 0 0 -3 25 -4 25 -5 25 -6 26 -7 25 -7 25 -8 25 -8 25 -8 24 -9 24 -9 24 -10 23 -10 22 -10 22 -10 22 -11 21 -11 21 -10 20 -10 20 -10 20 -9 20 -10 20 -9 19 -9 20 -9 19 -8 19 0 0 -8 19 -7 19 -7 20 -6 19 -6 19 -6 19 -6 19 -5 19 -4 19 -4 19 -3 20 -3 20 -3 20 -3 20 -2 20 -2 21 -2 21 -1 21 0 20 0 20 0 20 1 21 0 21 1 21 1 21 1 22 0 0 0 0 0 0 0 0 0 0]"
"1769235371404937,CSI_DATA,STATION,00:00:00:00:00:00,0,0,0,0,0,0,0,0,0,0,0,0,0,0,0,0,0,0,0,0,0,128,[84 -64 4 0 0 0 0 0 0 0 0 0 -13 -20 -12 -21 -12 -21 -11 -21 -10 -21 -10 -21 -9 -21 -8 -21 -8 -21 -7 -22 -8 -21 -6 -22 -7 -22 -6 -22 -6 -21 -6 -21 -6 -21 -6 -20 -6 -21 -6 -20 -6 -19 -6 -19 -5 -19 -6 -20 -5 -19 -6 -19 0 0 -6 -18 -7 -18 -7 -18 -8 -17 -7 -17 -7 -17 -8 -17 -8 -17 -9 -16 -9 -16 -10 -16 -10 -16 -10 -16 -10 -16 -11 -16 -11 -16 -11 -16 -12 -16 -11 -15 -13 -15 -12 -16 -13 -14 -13 -15 -14 -15 -14 -14 -14 -15 0 0 0 0 0 0 0 0 0 0]"
"1769235371409196,CSI_DATA,STATION,00:00:00:00:00:00,0,0,0,0,0,0,0,0,0,0,0,0,0,0,0,0,0,0,0,0,0,128,[84 -64 4 0 0 0 0 0 0 0 0 0 7 11 6 11 6 11 5 11 5 12 5 12 5 12 4 12 4 12 4 12 4 12 3 12 3 12 3 12 3 12 3 12 2 11 2 11 2 11 2 11 2 11 2 11 2 11 2 11 2 10 3 10 0 0 3 10 2 10 3 9 3 10 3 9 3 10 4 10 4 10 4 9 4 9 5 9 4 9 5 9 5 10 4 9 5 9 5 9 5 9 6 9 5 9 6 9 6 9 6 9 6 9 7 9 6 9 0 0 0 0 0 0 0 0 0 0]"
"1769235371415694,CSI_DATA,STATION,00:00:00:00:00:00,0,0,0,0,0,0,0,0,0,0,0,0,0,0,0,0,0,0,0,0,0,128,[84 -64 4 0 0 0 0 0 0 0 0 0 -9 21 -10 21 -10 21 -11 20 -12 20 -12 20 -13 18 -14 18 -14 18 -14 18 -14 18 -14 17 -14 16 -14 17 -15 16 -15 16 -14 14 -14 14 -15 15 -15 15 -15 15 -14 13 -14 14 -13 14 -13 15 -13 14 0 0 -12 13 -12 14 -11 15 -10 14 -11 15 -11 14 -11 15 -10 15 -11 15 -9 15 -9 16 -9 16 -9 16 -9 17 -9 16 -8 17 -7 16 -8 17 -8 18 -7 17 -8 17 -7 18 -7 18 -6 18 -6 18 -6 18 0 0 0 0 0 0 0 0 0 0]"
"1769235371420196,CSI_DATA,STATION,00:00:00:00:00:00,0,0,0,0,0,0,0,0,0,0,0,0,0,0,0,0,0,0,0,0,0,128,[84 -64 4 0 0 0 0 0 0 0 0 0 -15 5 -15 4 -15 3 -16 3 -16 2 -16 2 -16 2 -16 1 -16 1 -16 1 -15 1 -15 1 -15 0 -15 0 -15 -1 -15 0 -14 0 -14 -1 -14 -1 -14 -1 -14 -1 -14 -1 -14 -1 -13 -1 -13 0 -14 0 0 0 -13 0 -13 0 -13 1 -13 1 -13 1 -12 1 -13 1 -13 1 -13 2 -13 2 -13 3 -13 3 -13 3 -13 3 -13 3 -13 3 -13 3 -13 4 -13 4 -13 4 -13 4 -13 5 -13 4 -12 5 -13 5 -13 5 0 0 0 0 0 0 0 0 0 0]"
"1769235371426762,CSI_DATA,STATION,00:00:00:00:00:00,0,0,0,0,0,0,0,0,0,0,0,0,0,0,0,0,0,0,0,0,0,128,[84 -64 4 0 0 0 0 0 0 0 0 0 -15 -5 -15 -6 -15 -7 -15 -7 -15 -8 -14 -8 -14 -8 -14 -8 -13 -9 -13 -9 -13 -9 -13 -9 -12 -10 -12 -10 -12 -10 -12 -10 -12 -10 -12 -9 -11 -9 -11 -10 -11 -10 -11 -9 -11 -9 -11 -9 -11 -9 -11 -8 0 0 -11 -8 -11 -8 -11 -8 -11 -7 -11 -8 -11 -7 -11 -7 -11 -7 -11 -7 -11 -7 -12 -6 -12 -6 -12 -6 -12 -7 -12 -6 -12 -6 -12 -6 -13 -6 -13 -5 -13 -6 -13 -6 -13 -6 -13 -5 -14 -5 -13 -5 -13 -5 0 0 0 0 0 0 0 0 0 0]"
"1769235371431134,CSI_DATA,STATION,00:00:00:00:00:00,0,0,0,0,0,0,0,0,0,0,0,0,0,0,0,0,0,0,0,0,0,128,[84 -64 4 0 0 0 0 0 0 0 0 0 -14 4 -13 4 -15 3 -14 3 -15 2 -14 2 -14 2 -14 1 -14 2 -15 1 -14 1 -14 1 -13 0 -13 0 -14 -1 -14 0 -13 0 -13 0 -13 0 -13 -1 -13 0 -13 0 -13 0 -12 0 -12 0 -12 0 0 0 -12 1 -12 1 -12 1 -12 1 -11 1 -11 1 -11 1 -12 2 -12 2 -12 3 -11 3 -11 2 -11 3 -11 3 -12 4 -11 4 -11 4 -11 4 -12 4 -12 4 -12 4 -12 5 -12 5 -11 5 -11 5 -11 5 0 0 0 0 0 0 0 0 0 0]"
"1769235371437604,CSI_DATA,STATION,00:00:00:00:00:00,0,0,0,0,0,0,0,0,0,0,0,0,0,0,0,0,0,0,0,0,0,128,[84 -64 4 0 0 0 0 0 0 0 0 0 6 12 6 13 5 12 5 14 4 13 4 14 3 13 3 14 2 13 2 14 3 13 2 13 2 13 2 13 1 13 1 12 2 13 2 12 1 12 1 12 1 12 1 12 1 12 2 12 2 11 2 11 0 0 2 11 2 11 3 11 2 10 3 11 3 11 3 11 3 10 4 10 4 10 4 10 4 10 4 10 5 10 4 10 5 10 5 10 6 10 6 10 6 10 6 10 6 10 6 9 6 10 6 10 7 10 0 0 0 0 0 0 0 0 0 0]"
"1769235371441923,CSI_DATA,STATION,00:00:00:00:00:00,0,0,0,0,0,0,0,0,0,0,0,0,0,0,0,0,0,0,0,0,0,128,[84 -64 4 0 0 0 0 0 0 0 0 0 10 -8 10 -8 11 -7 11 -7 11 -6 12 -6 11 -6 11 -5 12 -5 12 -5 11 -5 12 -5 11 -5 11 -4 12 -3 12 -4 11 -3 11 -3 11 -3 11 -3 11 -3 10 -3 10 -3 11 -3 10 -3 10 -4 0 0 10 -4 10 -3 10 -4 9 -4 9 -4 9 -4 9 -4 9 -4 9 -5 9 -5 9 -5 9 -5 9 -5 9 -5 9 -5 9 -6 9 -6 9 -6 9 -6 9 -6 9 -6 9 -6 9 -6 9 -7 9 -7 9 -7 0 0 0 0 0 0 0 0 0 0]"
"1769235371446230,CSI_DATA,STATION,00:00:00:00:00:00,0,0,0,0,0,0,0,0,0,0,0,0,0,0,0,0,0,0,0,0,0,128,[84 -64 4 0 0 0 0 0 0 0 0 0 -2 -15 -2 -15 -1 -15 -1 -15 0 -16 1 -15 1 -15 2 -15 1 -15 2 -15 2 -15 3 -14 3 -14 3 -14 3 -14 3 -14 3 -13 3 -13 3 -14 3 -13 3 -13 2 -12 3 -13 2 -12 2 -12 2 -12 0 0 1 -12 2 -12 1 -12 1 -12 1 -13 1 -12 1 -12 0 -12 0 -12 0 -12 0 -13 0 -12 -1 -13 -1 -13 -1 -13 -2 -13 -2 -13 -2 -13 -2 -13 -2 -13 -2 -13 -3 -13 -2 -13 -3 -13 -3 -13 -3 -13 0 0 0 0 0 0 0 0 0 0]"
"1769235371452686,CSI_DATA,STATION,00:00:00:00:00:00,0,0,0,0,0,0,0,0,0,0,0,0,0,0,0,0,0,0,0,0,0,128,[84 -64 4 0 0 0 0 0 0 0 0 0 -14 7 -14 6 -14 5 -15 5 -14 4 -15 4 -15 3 -15 3 -15 2 -15 2 -15 2 -15 3 -14 2 -14 2 -15 2 -14 2 -14 2 -13 1 -14 1 -13 1 -13 1 -14 0 -13 1 -13 2 -13 1 -13 2 0 0 -13 2 -13 2 -12 2 -12 2 -13 2 -12 2 -12 3 -12 3 -12 3 -12 3 -12 4 -12 4 -12 4 -12 4 -11 4 -12 5 -11 5 -12 6 -12 5 -12 5 -12 6 -12 6 -12 5 -11 7 -12 7 -12 7 0 0 0 0 0 0 0 0 0 0]"
"1769235371456998,CSI_DATA,STATION,00:00:00:00:00:00,0,0,0,0,0,0,0,0,0,0,0,0,0,0,0,0,0,0,0,0,0,128,[84 -64 4 0 0 0 0 0 0 0 0 0 10 11 9 11 9 11 8 12 8 12 8 12 8 12 7 12 7 13 6 13 6 13 6 13 6 13 5 12 5 13 5 12 5 12 5 12 5 12 4 12 4 12 5 12 4 12 5 12 4 11 5 11 0 0 5 10 5 10 5 10 5 10 5 10 6 10 6 10 6 10 6 9 7 9 7 9 6 10 6 9 7 10 7 9 8 9 8 9 8 9 8 8 8 8 9 9 9 9 9 8 9 9 9 9 9 9 0 0 0 0 0 0 0 0 0 0]"
"1769235371461334,CSI_DATA,STATION,00:00:00:00:00:00,0,0,0,0,0,0,0,0,0,0,0,0,0,0,0,0,0,0,0,0,0,128,[84 -64 4 0 0 0 0 0 0 0 0 0 -13 4 -13 4 -14 3 -14 3 -14 2 -14 2 -14 2 -14 1 -14 1 -14 0 -14 0 -13 0 -13 0 -13 0 -13 -1 -13 -1 -13 -1 -13 -1 -13 -1 -13 -1 -12 -1 -12 -1 -12 -1 -12 -1 -12 -1 -12 0 0 0 -11 0 -12 0 -11 0 -12 0 -12 0 -11 0 -11 0 -12 0 -11 1 -12 1 -12 2 -12 1 -12 2 -12 2 -12 2 -12 2 -12 2 -12 2 -12 3 -12 3 -12 3 -12 3 -12 3 -12 3 -12 3 -12 4 0 0 0 0 0 0 0 0 0 0]"
"1769235371467816,CSI_DATA,STATION,00:00:00:00:00:00,0,0,0,0,0,0,0,0,0,0,0,0,0,0,0,0,0,0,0,0,0,128,[84 -64 4 0 0 0 0 0 0 0 0 0 -10 -10 -10 -10 -10 -10 -9 -11 -9 -11 -9 -12 -9 -11 -8 -12 -8 -12 -7 -12 -8 -12 -7 -12 -7 -12 -7 -12 -6 -12 -6 -12 -6 -12 -6 -11 -6 -12 -5 -12 -6 -12 -5 -11 -6 -11 -6 -11 -6 -11 -6 -11 0 0 -6 -10 -6 -10 -6 -10 -6 -10 -7 -10 -6 -10 -7 -10 -7 -9 -7 -9 -8 -9 -8 -9 -8 -9 -8 -9 -8 -9 -8 -9 -9 -9 -9 -8 -9 -9 -9 -9 -9 -9 -9 -8 -9 -9 -10 -8 -10 -8 -10 -8 -10 -8 0 0 0 0 0 0 0 0 0 0]"
"1769235371472147,CSI_DATA,STATION,00:00:00:00:00:00,0,0,0,0,0,0,0,0,0,0,0,0,0,0,0,0,0,0,0,0,0,128,[84 -64 4 0 0 0 0 0 0 0 0 0 -13 5 -13 4 -14 3 -14 3 -14 2 -14 2 -14 2 -14 1 -14 1 -14 0 -14 0 -14 0 -13 0 -14 0 -14 -1 -13 0 -13 0 -13 0 -13 -1 -13 -1 -13 -1 -12 0 -13 0 -12 0 -12 -1 -12 0 0 0 -12 0 -12 0 -12 0 -12 0 -12 1 -12 1 -12 1 -12 1 -11 2 -12 2 -12 3 -12 2 -12 2 -12 2 -12 3 -12 3 -11 3 -12 3 -12 4 -12 4 -12 4 -12 4 -12 4 -11 4 -12 4 -12 4 0 0 0 0 0 0 0 0 0 0]"
"1769235371478605,CSI_DATA,STATION,00:00:00:00:00:00,0,0,0,0,0,0,0,0,0,0,0,0,0,0,0,0,0,0,0,0,0,128,[84 -64 4 0 0 0 0 0 0 0 0 0 -9 10 -9 10 -10 10 -10 9 -10 10 -11 9 -10 9 -11 9 -11 8 -12 8 -11 7 -11 7 -11 7 -11 7 -11 6 -11 7 -11 7 -11 7 -11 6 -11 6 -11 6 -11 6 -11 6 -10 6 -10 6 -10 6 0 0 -10 6 -10 6 -9 7 -9 7 -9 7 -9 7 -9 7 -9 7 -8 8 -9 8 -8 8 -8 8 -8 8 -8 8 -8 8 -8 9 -7 9 -8 9 -8 9 -8 9 -8 10 -7 9 -7 10 -7 10 -7 10 -7 10 0 0 0 0 0 0 0 0 0 0]"
"1769235371482905,CSI_DATA,STATION,00:00:00:00:00:00,0,0,0,0,0,0,0,0,0,0,0,0,0,0,0,0,0,0,0,0,0,128,[84 -64 4 0 0 0 0 0 0 0 0 0 12 6 12 6 11 7 11 7 11 7 11 8 11 7 10 8 10 8 9 8 10 8 9 9 9 9 9 9 9 9 8 9 9 9 8 8 8 9 8 9 8 9 8 9 8 8 8 8 8 8 8 8 0 0 8 7 8 7 8 7 8 7 8 7 8 7 8 6 9 6 9 6 9 6 9 6 9 6 10 6 10 6 10 5 10 5 10 5 10 5 10 5 10 5 10 5 10 5 10 5 11 5 11 4 11 4 0 0 0 0 0 0 0 0 0 0]"
"1769235371487214,CSI_DATA,STATION,00:00:00:00:00:00,0,0,0,0,0,0,0,0,0,0,0,0,0,0,0,0,0,0,0,0,0,128,[84 -64 4 0 0 0 0 0 0 0 0 0 -13 -6 -13 -6 -13 -7 -12 -8 -12 -8 -12 -8 -12 -9 -11 -9 -11 -9 -11 -10 -11 -9 -10 -9 -10 -10 -10 -10 -10 -10 -10 -9 -9 -10 -10 -9 -9 -9 -9 -10 -9 -10 -9 -9 -9 -9 -9 -9 -9 -9 -9 -8 0 0 -9 -8 -9 -8 -9 -8 -9 -7 -10 -8 -9 -8 -10 -7 -10 -7 -10 -7 -10 -7 -10 -6 -10 -6 -10 -6 -11 -7 -11 -6 -11 -6 -11 -6 -11 -6 -12 -6 -12 -6 -11 -6 -12 -5 -12 -6 -12 -5 -12 -5 -12 -5 0 0 0 0 0 0 0 0 0 0]"
"1769235371493669,CSI_DATA,STATION,00:00:00:00:00:00,0,0,0,0,0,0,0,0,0,0,0,0,0,0,0,0,0,0,0,0,0,128,[84 -64 4 0 0 0 0 0 0 0 0 0 1 -14 2 -14 2 -14 2 -14 3 -14 3 -14 4 -13 4 -14 5 -13 4 -13 5 -13 5 -13 5 -12 5 -12 5 -13 5 -12 5 -11 5 -11 5 -12 5 -12 6 -11 5 -11 5 -12 5 -11 4 -11 4 -12 0 0 4 -11 4 -11 4 -11 4 -11 3 -11 3 -11 3 -11 3 -11 3 -12 3 -11 2 -12 2 -12 2 -12 2 -12 1 -12 2 -12 1 -12 1 -13 1 -12 1 -13 1 -13 1 -13 1 -13 0 -13 0 -13 0 -13 0 0 0 0 0 0 0 0 0 0]"
"1769235371497970,CSI_DATA,STATION,00:00:00:00:00:00,0,0,0,0,0,0,0,0,0,0,0,0,0,0,0,0,0,0,0,0,0,128,[84 -64 4 0 0 0 0 0 0 0 0 0 -13 -5 -13 -6 -13 -6 -13 -7 -12 -7 -12 -8 -12 -8 -12 -8 -11 -9 -11 -9 -12 -8 -11 -8 -11 -9 -11 -9 -11 -9 -10 -8 -10 -9 -10 -9 -10 -9 -9 -9 -9 -9 -9 -9 -10 -8 -10 -9 -10 -8 -10 -8 0 0 -9 -8 -10 -7 -10 -7 -9 -7 -10 -7 -10 -7 -10 -7 -10 -7 -10 -7 -10 -6 -11 -5 -11 -6 -11 -6 -11 -6 -11 -6 -12 -6 -11 -5 -12 -5 -12 -5 -12 -6 -12 -5 -12 -5 -12 -5 -12 -4 -12 -4 -13 -4 0 0 0 0 0 0 0 0 0 0]"
"1769235371504464,CSI_DATA,STATION,00:00:00:00:00:00,0,0,0,0,0,0,0,0,0,0,0,0,0,0,0,0,0,0,0,0,0,128,[84 -64 4 0 0 0 0 0 0 0 0 0 4 -13 4 -13 5 -13 5 -13 5 -13 6 -13 7 -12 6 -12 7 -11 7 -12 7 -12 7 -12 7 -11 7 -11 8 -11 7 -10 8 -10 8 -10 7 -10 8 -10 8 -10 7 -10 8 -10 7 -10 7 -10 7 -10 0 0 6 -10 6 -10 6 -10 5 -10 6 -10 6 -10 5 -11 5 -11 5 -10 5 -11 5 -11 5 -11 4 -11 5 -11 4 -11 4 -12 4 -12 4 -12 4 -12 4 -12 4 -12 4 -12 3 -12 3 -12 3 -12 3 -12 0 0 0 0 0 0 0 0 0 0]"
"1769235371508761,CSI_DATA,STATION,00:00:00:00:00:00,0,0,0,0,0,0,0,0,0,0,0,0,0,0,0,0,0,0,0,0,0,128,[84 -64 4 0 0 0 0 0 0 0 0 0 -16 6 -16 5 -17 5 -17 4 -17 4 -17 3 -17 3 -17 2 -17 2 -17 2 -17 1 -17 1 -17 1 -16 1 -17 0 -17 0 -16 0 -16 0 -16 0 -16 0 -16 0 -15 0 -16 0 -15 1 -15 0 -15 1 0 0 -15 1 -15 1 -15 1 -15 1 -14 1 -15 1 -15 2 -15 2 -14 2 -15 3 -15 3 -14 3 -14 3 -14 4 -15 3 -15 4 -15 4 -15 5 -15 5 -15 5 -15 5 -14 5 -15 5 -15 6 -15 6 -15 6 0 0 0 0 0 0 0 0 0 0]"
"1769235371513067,CSI_DATA,STATION,00:00:00:00:00:00,0,0,0,0,0,0,0,0,0,0,0,0,0,0,0,0,0,0,0,0,0,128,[84 -64 4 0 0 0 0 0 0 0 0 0 -6 13 -7 13 -8 13 -8 13 -8 12 -9 12 -9 12 -10 12 -10 11 -10 10 -10 11 -10 11 -11 10 -10 10 -11 10 -10 10 -11 10 -10 10 -10 9 -10 9 -10 9 -10 9 -10 9 -10 9 -10 9 -9 9 0 0 -9 9 -9 9 -9 10 -8 9 -9 9 -9 9 -8 10 -8 10 -8 10 -8 10 -7 11 -7 10 -7 11 -7 11 -7 11 -8 11 -7 11 -7 12 -7 12 -7 12 -7 12 -7 12 -6 12 -6 12 -6 12 -6 13 0 0 0 0 0 0 0 0 0 0]"
"1769235371519745,CSI_DATA,STATION,00:00:00:00:00:00,0,0,0,0,0,0,0,0,0,0,0,0,0,0,0,0,0,0,0,0,0,128,[84 -64 4 0 0 0 0 0 0 0 0 0 -14 -3 -13 -3 -13 -4 -13 -4 -13 -5 -13 -5 -13 -5 -13 -6 -13 -6 -12 -6 -13 -6 -12 -6 -12 -7 -12 -7 -12 -7 -12 -6 -11 -7 -11 -7 -11 -6 -11 -7 -11 -7 -11 -6 -11 -6 -11 -6 -11 -6 -11 -6 0 0 -11 -5 -11 -5 -11 -5 -11 -4 -11 -6 -11 -5 -11 -5 -11 -5 -11 -4 -12 -4 -12 -4 -12 -4 -12 -3 -12 -4 -12 -3 -12 -3 -12 -3 -12 -3 -13 -3 -13 -3 -12 -2 -13 -2 -13 -3 -13 -2 -13 -2 -13 -2 0 0 0 0 0 0 0 0 0 0]"
"1769235371523996,CSI_DATA,STATION,00:00:00:00:00:00,0,0,0,0,0,0,0,0,0,0,0,0,0,0,0,0,0,0,0,0,0,128,[84 -64 4 0 0 0 0 0 0 0 0 0 -3 -12 -3 -12 -3 -12 -3 -12 -2 -12 -2 -13 -1 -12 -1 -13 -1 -12 -1 -13 0 -12 0 -12 1 -12 0 -12 0 -12 0 -12 1 -11 1 -12 1 -12 1 -12 0 -11 0 -11 1 -11 1 -11 0 -11 0 -11 0 0 0 -11 0 -11 0 -11 0 -11 0 -11 -1 -11 -1 -11 -1 -11 -1 -11 -1 -11 -1 -11 -2 -11 -2 -11 -2 -11 -2 -11 -3 -11 -2 -11 -2 -11 -3 -11 -3 -11 -3 -11 -3 -11 -3 -12 -3 -11 -3 -12 -3 -11 0 0 0 0 0 0 0 0 0 0]"
"1769235371530386,CSI_DATA,STATION,00:00:00:00:00:00,0,0,0,0,0,0,0,0,0,0,0,0,0,0,0,0,0,0,0,0,0,128,[84 -64 4 0 0 0 0 0 0 0 0 0 9 -10 9 -9 9 -9 10 -9 10 -8 11 -8 10 -8 11 -8 11 -7 11 -7 11 -7 11 -7 10 -7 11 -7 11 -6 11 -6 11 -6 10 -6 10 -5 11 -5 11 -5 10 -5 10 -6 10 -6 10 -6 10 -6 0 0 10 -6 9 -6 10 -6 9 -6 9 -6 9 -6 9 -6 9 -7 9 -7 9 -7 8 -8 8 -7 8 -8 9 -7 9 -8 9 -8 8 -8 9 -9 9 -9 9 -9 9 -8 9 -8 8 -9 8 -9 9 -10 8 -10 0 0 0 0 0 0 0 0 0 0]"
"1769235371534676,CSI_DATA,STATION,00:00:00:00:00:00,0,0,0,0,0,0,0,0,0,0,0,0,0,0,0,0,0,0,0,0,0,128,[84 -64 4 0 0 0 0 0 0 0 0 0 -3 12 -4 12 -5 12 -5 12 -5 12 -6 12 -6 11 -6 11 -6 11 -7 11 -7 11 -6 11 -7 10 -7 10 -7 10 -7 10 -8 10 -7 10 -7 10 -7 9 -7 9 -7 9 -7 9 -7 9 -6 9 -6 10 0 0 -6 9 -6 9 -5 9 -6 9 -6 10 -6 9 -5 10 -5 10 -5 10 -5 10 -5 10 -5 10 -5 10 -4 11 -5 10 -4 11 -4 11 -4 11 -4 11 -4 11 -4 12 -4 11 -3 12 -3 12 -3 12 -3 12 0 0 0 0 0 0 0 0 0 0]"
"1769235371539174,CSI_DATA,STATION,00:00:00:00:00:00,0,0,0,0,0,0,0,0,0,0,0,0,0,0,0,0,0,0,0,0,0,128,[84 -64 4 0 0 0 0 0 0 0 0 0 -8 -11 -8 -11 -8 -11 -7 -11 -7 -12 -7 -12 -6 -12 -6 -12 -5 -12 -5 -13 -5 -12 -5 -12 -4 -12 -5 -13 -4 -13 -5 -12 -4 -12 -4 -12 -4 -12 -4 -12 -4 -12 -4 -12 -4 -12 -4 -11 -4 -12 -5 -11 0 0 -4 -11 -4 -11 -5 -11 -5 -11 -5 -11 -5 -11 -5 -11 -5 -11 -6 -11 -6 -10 -6 -10 -6 -10 -6 -10 -6 -11 -7 -10 -7 -10 -7 -10 -7 -11 -7 -10 -7 -11 -7 -11 -8 -11 -8 -10 -8 -11 -8 -11 -8 -10 0 0 0 0 0 0 0 0 0 0]"
"1769235371545874,CSI_DATA,STATION,00:00:00:00:00:00,0,0,0,0,0,0,0,0,0,0,0,0,0,0,0,0,0,0,0,0,0,128,[84 -64 4 0 0 0 0 0 0 0 0 0 -9 9 -9 9 -9 9 -9 9 -10 8 -10 8 -11 8 -11 7 -10 7 -11 7 -11 7 -11 6 -11 6 -11 6 -11 6 -11 6 -11 6 -11 6 -11 5 -11 5 -11 5 -10 5 -11 6 -10 6 -10 5 -10 6 0 0 -10 6 -9 5 -9 6 -9 6 -9 6 -9 6 -9 6 -9 7 -9 7 -9 7 -9 7 -9 7 -9 7 -9 8 -9 8 -9 8 -8 8 -8 8 -8 9 -8 9 -8 9 -8 9 -8 9 -8 9 -8 9 -8 9 0 0 0 0 0 0 0 0 0 0]"
"1769235371550317,CSI_DATA,STATION,00:00:00:00:00:00,0,0,0,0,0,0,0,0,0,0,0,0,0,0,0,0,0,0,0,0,0,128,[84 -64 4 0 0 0 0 0 0 0 0 0 -12 6 -12 6 -12 5 -12 5 -12 4 -13 4 -13 4 -13 3 -12 3 -13 3 -13 3 -13 2 -12 2 -13 2 -13 1 -13 2 -13 2 -12 2 -12 1 -12 1 -12 1 -11 1 -12 2 -12 1 -11 1 -12 2 0 0 -11 2 -11 2 -11 3 -11 2 -11 3 -11 2 -11 2 -11 3 -11 3 -11 3 -11 4 -11 3 -11 4 -11 4 -11 4 -11 5 -10 5 -11 5 -11 6 -11 5 -11 5 -11 5 -11 5 -11 6 -11 6 -11 6 0 0 0 0 0 0 0 0 0 0]"
"1769235371554682,CSI_DATA,STATION,00:00:00:00:00:00,0,0,0,0,0,0,0,0,0,0,0,0,0,0,0,0,0,0,0,0,0,128,[84 -64 4 0 0 0 0 0 0 0 0 0 8 -9 8 -9 9 -10 9 -9 9 -8 10 -8 10 -8 10 -8 10 -7 10 -7 10 -7 10 -7 10 -7 10 -6 10 -6 10 -6 10 -6 10 -6 10 -6 10 -6 10 -6 9 -6 10 -6 9 -6 9 -6 9 -6 0 0 9 -6 9 -6 9 -6 9 -6 8 -7 9 -6 8 -6 9 -7 8 -7 8 -8 8 -8 8 -8 8 -8 8 -8 8 -8 8 -9 8 -9 8 -9 8 -9 8 -9 8 -9 8 -9 8 -9 8 -9 8 -10 8 -10 0 0 0 0 0 0 0 0 0 0]"
"1769235371561301,CSI_DATA,STATION,00:00:00:00:00:00,0,0,0,0,0,0,0,0,0,0,0,0,0,0,0,0,0,0,0,0,0,128,[84 -64 4 0 0 0 0 0 0 0 0 0 -9 9 -10 9 -10 8 -10 8 -10 7 -11 8 -11 7 -11 7 -11 6 -11 6 -11 6 -11 6 -11 6 -11 6 -11 5 -11 5 -11 5 -11 5 -11 5 -11 5 -11 5 -11 5 -10 5 -10 5 -10 5 -10 5 0 0 -10 5 -10 5 -10 5 -9 5 -10 6 -10 5 -10 5 -10 6 -9 6 -9 6 -9 7 -9 7 -9 7 -9 7 -9 7 -9 7 -8 7 -9 8 -9 8 -9 8 -9 8 -9 8 -8 8 -8 9 -9 9 -9 9 0 0 0 0 0 0 0 0 0 0]"
"1769235371572417,CSI_DATA,STATION,00:00:00:00:00:00,0,0,0,0,0,0,0,0,0,0,0,0,0,0,0,0,0,0,0,0,0,128,[84 -64 4 0 0 0 0 0 0 0 0 0 -9 -12 -9 -12 -8 -12 -8 -12 -8 -13 -7 -13 -7 -12 -7 -13 -6 -13 -6 -13 -6 -13 -6 -12 -6 -13 -5 -13 -5 -13 -5 -13 -5 -13 -5 -12 -5 -12 -4 -12 -4 -12 -4 -12 -4 -12 -5 -12 -5 -12 -5 -12 0 0 -5 -12 -5 -11 -5 -11 -5 -11 -6 -11 -5 -11 -6 -11 -6 -11 -6 -11 -6 -11 -7 -11 -7 -11 -7 -10 -7 -11 -7 -10 -8 -11 -8 -11 -8 -10 -8 -11 -8 -11 -8 -10 -8 -10 -8 -11 -9 -10 -9 -10 -9 -10 0 0 0 0 0 0 0 0 0 0]"
"1769235371576884,CSI_DATA,STATION,00:00:00:00:00:00,0,0,0,0,0,0,0,0,0,0,0,0,0,0,0,0,0,0,0,0,0,128,[84 -64 4 0 0 0 0 0 0 0 0 0 -10 -10 -10 -10 -9 -10 -9 -11 -9 -11 -9 -12 -8 -12 -8 -12 -8 -12 -7 -12 -7 -12 -7 -12 -7 -12 -7 -12 -6 -12 -6 -12 -6 -12 -6 -12 -6 -12 -6 -12 -6 -12 -6 -11 -6 -11 -6 -12 -6 -11 -6 -11 0 0 -7 -10 -6 -10 -7 -11 -6 -10 -7 -10 -7 -10 -7 -10 -8 -10 -8 -9 -8 -9 -8 -10 -8 -9 -8 -9 -9 -10 -8 -9 -9 -9 -9 -9 -9 -9 -9 -9 -10 -9 -10 -9 -10 -9 -10 -9 -10 -9 -10 -9 -10 -9 0 0 0 0 0 0 0 0 0 0]"
"1769235371583526,CSI_DATA,STATION,00:00:00:00:00:00,0,0,0,0,0,0,0,0,0,0,0,0,0,0,0,0,0,0,0,0,0,128,[84 -64 4 0 0 0 0 0 0 0 0 0 10 -9 11 -9 11 -8 11 -8 11 -7 12 -7 11 -7 12 -7 12 -6 12 -6 12 -6 12 -5 12 -5 12 -5 12 -5 11 -4 12 -5 12 -5 11 -5 11 -4 11 -4 11 -5 11 -4 11 -5 10 -4 11 -5 0 0 10 -5 9 -5 10 -5 9 -5 10 -6 10 -5 9 -6 9 -6 10 -7 9 -6 9 -7 9 -7 9 -7 9 -7 9 -8 9 -8 9 -8 9 -8 9 -8 9 -8 9 -8 8 -8 9 -8 8 -9 9 -9 9 -9 0 0 0 0 0 0 0 0 0 0]"
"1769235371590227,CSI_DATA,STATION,00:00:00:00:00:00,0,0,0,0,0,0,0,0,0,0,0,0,0,0,0,0,0,0,0,0,0,128,[84 -64 4 0 0 0 0 0 0 0 0 0 10 -6 10 -7 10 -6 10 -6 11 -5 11 -5 11 -5 11 -4 11 -4 11 -4 11 -3 11 -3 11 -3 11 -3 11 -3 11 -3 11 -2 10 -2 11 -2 10 -2 11 -2 10 -2 10 -3 10 -2 10 -3 10 -3 0 0 10 -3 9 -2 9 -3 9 -3 9 -3 9 -4 9 -4 9 -4 9 -4 9 -4 9 -4 9 -4 9 -4 9 -4 9 -5 9 -5 9 -5 9 -6 9 -6 9 -6 9 -6 9 -6 9 -6 9 -6 9 -7 9 -7 0 0 0 0 0 0 0 0 0 0]"
"1769235371594665,CSI_DATA,STATION,00:00:00:00:00:00,0,0,0,0,0,0,0,0,0,0,0,0,0,0,0,0,0,0,0,0,0,128,[84 -64 4 0 0 0 0 0 0 0 0 0 -1 -13 0 -13 0 -13 0 -13 0 -13 1 -13 1 -12 2 -13 2 -12 2 -13 2 -12 2 -12 2 -12 3 -12 3 -12 3 -12 3 -11 3 -11 3 -11 3 -11 3 -11 2 -11 2 -11 2 -11 2 -11 2 -10 0 0 2 -10 1 -10 1 -10 1 -10 1 -11 1 -10 1 -11 0 -11 0 -11 0 -10 0 -11 0 -11 -1 -11 0 -11 -1 -11 -1 -11 -1 -11 -1 -11 -1 -11 -1 -11 -2 -11 -2 -11 -2 -11 -2 -11 -3 -11 -2 -11 0 0 0 0 0 0 0 0 0 0]"
"1769235371599157,CSI_DATA,STATION,00:00:00:00:00:00,0,0,0,0,0,0,0,0,0,0,0,0,0,0,0,0,0,0,0,0,0,128,[84 -64 4 0 0 0 0 0 0 0 0 0 8 -11 9 -11 9 -11 9 -10 9 -9 11 -10 10 -9 10 -9 10 -9 10 -8 10 -8 10 -8 10 -8 11 -7 10 -8 10 -7 11 -7 11 -7 10 -7 10 -6 10 -6 10 -6 10 -7 10 -7 9 -6 9 -7 0 0 9 -7 8 -6 9 -7 8 -6 8 -7 9 -7 8 -7 8 -7 8 -8 8 -8 7 -8 7 -8 7 -8 8 -9 8 -9 8 -9 7 -9 8 -9 8 -9 7 -9 7 -9 7 -9 7 -9 7 -10 7 -10 7 -10 0 0 0 0 0 0 0 0 0 0]"
"1769235371605850,CSI_DATA,STATION,00:00:00:00:00:00,0,0,0,0,0,0,0,0,0,0,0,0,0,0,0,0,0,0,0,0,0,128,[84 -64 4 0 0 0 0 0 0 0 0 0 -10 -12 -9 -13 -9 -13 -9 -13 -9 -13 -8 -14 -7 -14 -7 -14 -6 -15 -7 -15 -6 -14 -6 -14 -6 -14 -6 -14 -5 -14 -5 -14 -5 -14 -5 -13 -5 -13 -5 -14 -4 -13 -5 -13 -5 -12 -5 -13 -5 -12 -5 -12 0 0 -5 -12 -5 -12 -6 -12 -6 -11 -6 -12 -6 -11 -6 -11 -7 -11 -7 -11 -7 -11 -8 -11 -8 -11 -8 -10 -8 -11 -8 -11 -9 -10 -9 -10 -9 -10 -9 -11 -9 -11 -10 -10 -9 -10 -10 -10 -11 -10 -10 -10 -10 -10 0 0 0 0 0 0 0 0 0 0]"
"1769235371610327,CSI_DATA,STATION,00:00:00:00:00:00,0,0,0,0,0,0,0,0,0,0,0,0,0,0,0,0,0,0,0,0,0,128,[84 -64 4 0 0 0 0 0 0 0 0 0 -7 -18 -6 -19 -5 -19 -5 -19 -4 -19 -4 -19 -3 -19 -2 -19 -3 -19 -2 -20 -2 -19 -2 -18 -1 -18 -1 -18 -1 -18 -1 -17 -1 -18 -1 -17 -1 -18 -1 -17 -1 -16 -1 -17 -1 -16 -1 -17 -1 -16 -1 -16 0 0 -2 -16 -2 -15 -2 -15 -2 -15 -3 -15 -3 -15 -3 -15 -3 -16 -4 -15 -5 -15 -5 -14 -5 -15 -5 -14 -5 -15 -6 -14 -6 -14 -6 -15 -6 -15 -6 -15 -7 -14 -7 -15 -7 -15 -7 -14 -8 -14 -8 -14 -8 -14 0 0 0 0 0 0 0 0 0 0]"
"1769235371614819,CSI_DATA,STATION,00:00:00:00:00:00,0,0,0,0,0,0,0,0,0,0,0,0,0,0,0,0,0,0,0,0,0,128,[84 -64 4 0 0 0 0 0 0 0 0 0 -2 13 -2 12 -3 12 -3 13 -4 12 -4 12 -5 12 -5 12 -5 12 -5 12 -5 11 -5 11 -5 11 -5 11 -6 11 -6 10 -6 10 -6 10 -6 10 -6 10 -5 10 -5 10 -5 10 -5 10 -5 10 -4 10 0 0 -5 9 -4 10 -4 10 -4 10 -3 10 -3 10 -3 10 -3 10 -3 10 -3 10 -2 10 -2 10 -2 10 -1 11 -2 11 -2 11 -1 10 -1 11 -1 10 -1 11 0 11 0 11 -1 11 0 11 0 11 0 11 0 0 0 0 0 0 0 0 0 0]"
"1769235371621416,CSI_DATA,STATION,00:00:00:00:00:00,0,0,0,0,0,0,0,0,0,0,0,0,0,0,0,0,0,0,0,0,0,128,[84 -64 4 0 0 0 0 0 0 0 0 0 -8 -11 -8 -12 -8 -12 -8 -12 -7 -12 -6 -13 -6 -12 -6 -12 -6 -13 -5 -13 -5 -12 -5 -12 -5 -12 -5 -12 -4 -13 -4 -12 -4 -12 -4 -11 -4 -12 -4 -12 -4 -11 -4 -12 -4 -11 -4 -11 -4 -11 -5 -11 0 0 -5 -11 -5 -11 -5 -10 -5 -10 -5 -11 -5 -10 -5 -9 -6 -10 -6 -10 -6 -9 -7 -10 -7 -9 -6 -9 -7 -9 -6 -9 -7 -9 -8 -10 -8 -9 -8 -9 -7 -9 -8 -9 -8 -9 -9 -9 -9 -9 -9 -8 -9 -9 0 0 0 0 0 0 0 0 0 0]"
"1769235371625671,CSI_DATA,STATION,00:00:00:00:00:00,0,0,0,0,0,0,0,0,0,0,0,0,0,0,0,0,0,0,0,0,0,128,[84 -64 4 0 0 0 0 0 0 0 0 0 2 14 1 14 1 14 1 14 0 14 0 14 -1 14 -2 14 -1 14 -2 14 -2 14 -2 14 -2 13 -3 13 -3 13 -2 13 -3 12 -3 12 -3 13 -3 12 -3 12 -3 12 -3 12 -3 12 -2 12 -2 12 0 0 -2 11 -1 12 -1 11 -1 12 -1 12 -1 12 0 11 0 11 0 11 0 11 1 11 0 12 1 11 1 11 1 12 1 11 2 11 2 11 2 12 2 12 2 11 2 12 2 12 3 12 3 12 3 11 0 0 0 0 0 0 0 0 0 0]"
"1769235371629917,CSI_DATA,STATION,00:00:00:00:00:00,0,0,0,0,0,0,0,0,0,0,0,0,0,0,0,0,0,0,0,0,0,128,[84 -64 4 0 0 0 0 0 0 0 0 0 14 -1 14 0 14 0 14 0 14 1 15 1 14 1 14 2 14 2 14 3 14 2 14 2 13 3 13 3 13 4 13 3 12 3 11 3 12 3 12 3 12 3 11 3 12 2 12 3 11 2 11 2 0 0 11 2 11 1 11 2 11 1 11 1 11 1 11 1 11 1 11 0 11 0 11 0 11 0 11 0 12 0 12 -1 12 -1 12 -1 12 -2 12 -1 12 -2 12 -2 11 -2 12 -2 11 -2 12 -3 12 -3 0 0 0 0 0 0 0 0 0 0]"
"1769235371636286,CSI_DATA,STATION,00:00:00:00:00:00,0,0,0,0,0,0,0,0,0,0,0,0,0,0,0,0,0,0,0,0,0,128,[84 -64 4 0 0 0 0 0 0 0 0 0 13 -6 13 -6 13 -6 13 -5 14 -5 14 -5 14 -4 14 -4 14 -4 14 -3 13 -3 14 -3 13 -2 13 -2 13 -2 13 -2 13 -2 12 -1 12 -2 12 -2 12 -2 12 -2 12 -2 12 -1 11 -2 12 -3 0 0 11 -3 11 -2 11 -3 11 -3 10 -3 11 -4 10 -4 10 -4 11 -5 10 -5 10 -4 11 -4 11 -4 11 -5 10 -5 11 -6 10 -6 10 -6 10 -7 10 -7 10 -7 10 -6 10 -6 10 -7 10 -7 10 -7 0 0 0 0 0 0 0 0 0 0]"
"1769235371640620,CSI_DATA,STATION,00:00:00:00:00:00,0,0,0,0,0,0,0,0,0,0,0,0,0,0,0,0,0,0,0,0,0,128,[84 -64 4 0 0 0 0 0 0 0 0 0 -7 -14 -6 -14 -6 -14 -5 -15 -4 -15 -4 -15 -3 -14 -3 -15 -3 -15 -3 -15 -3 -14 -3 -14 -2 -14 -2 -14 -2 -14 -2 -14 -1 -14 -2 -13 -2 -14 -1 -13 -2 -13 -2 -13 -2 -12 -2 -13 -2 -12 -2 -12 0 0 -3 -13 -2 -12 -3 -12 -3 -12 -3 -12 -3 -12 -3 -12 -4 -11 -4 -12 -4 -11 -5 -11 -4 -11 -4 -11 -5 -11 -5 -11 -6 -11 -6 -11 -6 -11 -6 -11 -6 -11 -7 -11 -7 -11 -7 -11 -7 -11 -7 -11 -8 -11 0 0 0 0 0 0 0 0 0 0]"
"1769235371647131,CSI_DATA,STATION,00:00:00:00:00:00,0,0,0,0,0,0,0,0,0,0,0,0,0,0,0,0,0,0,0,0,0,128,[84 -64 4 0 0 0 0 0 0 0 0 0 8 -12 9 -12 9 -11 10 -11 10 -11 10 -11 11 -10 11 -10 11 -9 11 -9 10 -9 10 -9 11 -9 10 -8 11 -8 11 -8 11 -8 11 -8 11 -8 10 -7 10 -7 10 -7 10 -7 10 -8 9 -8 9 -8 0 0 9 -8 8 -7 8 -8 8 -8 8 -8 8 -8 7 -8 7 -9 8 -9 7 -9 7 -9 7 -9 7 -9 7 -9 7 -10 6 -10 6 -10 6 -10 6 -10 6 -11 6 -10 6 -10 5 -11 5 -11 5 -11 6 -11 0 0 0 0 0 0 0 0 0 0]"
"1769235371651458,CSI_DATA,STATION,00:00:00:00:00:00,0,0,0,0,0,0,0,0,0,0,0,0,0,0,0,0,0,0,0,0,0,128,[84 -64 4 0 0 0 0 0 0 0 0 0 -5 -14 -3 -14 -3 -15 -3 -15 -2 -15 -2 -15 -1 -15 -1 -15 -1 -15 0 -15 0 -14 0 -14 0 -14 0 -14 1 -14 1 -14 1 -13 0 -13 1 -13 1 -13 1 -13 1 -13 0 -13 0 -12 0 -12 0 -12 0 0 0 -12 0 -12 -1 -12 -1 -12 -1 -12 -1 -12 -1 -12 -2 -12 -2 -12 -2 -11 -3 -12 -3 -12 -3 -11 -3 -12 -4 -12 -4 -12 -4 -12 -4 -12 -4 -12 -4 -12 -5 -12 -5 -12 -5 -12 -5 -11 -5 -12 -5 -11 0 0 0 0 0 0 0 0 0 0]"
"1769235371657957,CSI_DATA,STATION,00:00:00:00:00:00,0,0,0,0,0,0,0,0,0,0,0,0,0,0,0,0,0,0,0,0,0,128,[84 -64 4 0 0 0 0 0 0 0 0 0 -15 -2 -15 -2 -15 -3 -15 -3 -14 -4 -15 -4 -14 -4 -14 -5 -14 -5 -14 -6 -13 -5 -13 -5 -13 -6 -13 -6 -13 -6 -13 -5 -12 -6 -12 -6 -13 -6 -12 -6 -12 -6 -11 -6 -12 -5 -12 -6 -11 -5 -12 -4 0 0 -11 -5 -11 -4 -11 -4 -11 -4 -11 -4 -11 -4 -11 -4 -11 -3 -11 -3 -11 -3 -12 -2 -12 -2 -11 -2 -12 -2 -12 -2 -12 -2 -12 -2 -12 -2 -12 -1 -13 -1 -12 -1 -12 -1 -12 0 -13 0 -13 0 -13 0 0 0 0 0 0 0 0 0 0 0]"
"1769235371662299,CSI_DATA,STATION,00:00:00:00:00:00,0,0,0,0,0,0,0,0,0,0,0,0,0,0,0,0,0,0,0,0,0,128,[84 -64 4 0 0 0 0 0 0 0 0 0 7 -13 8 -13 8 -12 8 -12 8 -11 9 -12 9 -11 10 -11 10 -10 10 -10 10 -10 10 -10 10 -9 10 -9 10 -9 9 -9 11 -8 10 -9 10 -8 10 -8 10 -8 9 -8 9 -8 9 -9 8 -8 9 -8 0 0 8 -8 8 -8 8 -8 7 -8 8 -9 7 -9 6 -9 7 -9 7 -9 7 -9 6 -10 6 -9 6 -10 6 -10 6 -10 6 -10 5 -10 5 -11 6 -11 6 -11 5 -11 5 -10 5 -11 5 -11 4 -11 5 -12 0 0 0 0 0 0 0 0 0 0]"
"1769235371666649,CSI_DATA,STATION,00:00:00:00:00:00,0,0,0,0,0,0,0,0,0,0,0,0,0,0,0,0,0,0,0,0,0,128,[84 -64 4 0 0 0 0 0 0 0 0 0 -15 -11 -15 -11 -15 -12 -14 -12 -14 -13 -13 -13 -13 -13 -12 -14 -12 -14 -12 -15 -11 -14 -11 -14 -11 -14 -10 -15 -10 -14 -10 -14 -10 -14 -10 -14 -9 -13 -9 -14 -9 -13 -9 -13 -9 -13 -9 -13 -9 -12 -9 -12 0 0 -9 -12 -9 -11 -9 -11 -9 -11 -10 -11 -10 -10 -10 -11 -10 -11 -10 -10 -11 -10 -11 -9 -11 -10 -11 -9 -11 -10 -11 -9 -11 -8 -12 -9 -11 -9 -12 -8 -12 -8 -12 -8 -12 -8 -13 -8 -13 -8 -13 -8 -13 -7 0 0 0 0 0 0 0 0 0 0]"
"1769235371673138,CSI_DATA,STATION,00:00:00:00:00:00,0,0,0,0,0,0,0,0,0,0,0,0,0,0,0,0,0,0,0,0,0,128,[84 -64 4 0 0 0 0 0 0 0 0 0 -10 11 -11 10 -10 10 -11 10 -11 9 -12 9 -12 9 -12 8 -12 7 -13 7 -12 7 -12 7 -12 7 -12 7 -12 6 -12 6 -13 6 -12 6 -12 6 -11 5 -11 6 -11 5 -11 6 -11 6 -10 6 -10 6 0 0 -10 6 -9 6 -10 6 -9 6 -10 6 -9 6 -9 7 -10 7 -9 7 -9 7 -9 8 -9 8 -9 8 -8 8 -8 8 -8 9 -8 8 -8 9 -8 9 -8 9 -8 9 -8 9 -7 9 -7 9 -7 10 -7 10 0 0 0 0 0 0 0 0 0 0]"
"1769235371677511,CSI_DATA,STATION,00:00:00:00:00:00,0,0,0,0,0,0,0,0,0,0,0,0,0,0,0,0,0,0,0,0,0,128,[84 -64 4 0 0 0 0 0 0 0 0 0 0 -15 1 -15 2 -15 2 -15 2 -15 3 -15 3 -15 3 -15 3 -15 4 -15 4 -14 4 -14 5 -13 5 -13 5 -13 4 -13 5 -12 5 -12 5 -12 4 -12 4 -12 4 -12 5 -12 4 -12 4 -12 4 -12 0 0 3 -12 3 -12 3 -12 3 -12 3 -12 2 -12 2 -12 2 -12 1 -12 2 -12 1 -12 1 -12 1 -12 1 -12 1 -12 0 -12 0 -13 0 -12 0 -13 0 -13 -1 -12 -1 -12 -1 -13 -1 -12 -1 -13 -1 -13 0 0 0 0 0 0 0 0 0 0]"
"1769235371681822,CSI_DATA,STATION,00:00:00:00:00:00,0,0,0,0,0,0,0,0,0,0,0,0,0,0,0,0,0,0,0,0,0,128,[84 -64 4 0 0 0 0 0 0 0 0 0 6 -14 6 -13 6 -14 7 -13 7 -13 8 -13 8 -12 8 -12 9 -12 9 -12 8 -11 9 -11 9 -11 9 -11 8 -10 9 -10 9 -10 9 -10 8 -9 9 -9 9 -9 8 -9 8 -10 8 -9 7 -9 7 -9 0 0 7 -9 7 -9 7 -9 7 -10 7 -10 7 -10 6 -9 7 -10 6 -10 6 -10 5 -11 5 -10 5 -10 5 -11 5 -11 5 -11 4 -11 4 -12 4 -12 5 -12 5 -11 4 -12 4 -12 3 -12 3 -12 3 -12 0 0 0 0 0 0 0 0 0 0]"
"1769235371688301,CSI_DATA,STATION,00:00:00:00:00:00,0,0,0,0,0,0,0,0,0,0,0,0,0,0,0,0,0,0,0,0,0,128,[84 -64 4 0 0 0 0 0 0 0 0 0 0 14 0 14 -1 15 -1 14 -2 14 -2 14 -3 14 -3 14 -3 13 -4 14 -4 13 -4 13 -4 13 -4 13 -5 13 -4 13 -5 12 -5 11 -5 12 -5 12 -4 12 -4 12 -5 11 -5 11 -4 11 -3 11 0 0 -3 11 -3 11 -3 11 -3 11 -3 11 -3 11 -3 11 -2 11 -2 11 -2 11 -1 11 -2 11 -1 11 -1 12 -1 11 -1 11 -1 11 0 11 0 12 0 11 0 11 0 12 0 12 1 12 0 12 1 12 0 0 0 0 0 0 0 0 0 0]"
"1769235371692604,CSI_DATA,STATION,00:00:00:00:00:00,0,0,0,0,0,0,0,0,0,0,0,0,0,0,0,0,0,0,0,0,0,128,[84 -64 4 0 0 0 0 0 0 0 0 0 7 -13 8 -13 8 -12 9 -12 8 -12 9 -12 9 -11 10 -12 9 -11 10 -11 10 -10 10 -10 10 -10 10 -9 10 -10 10 -9 10 -9 10 -9 10 -9 9 -9 9 -9 9 -9 9 -9 9 -9 8 -9 8 -9 0 0 8 -9 7 -9 8 -9 7 -9 8 -9 7 -9 7 -9 7 -10 6 -10 7 -10 6 -10 6 -10 6 -10 6 -11 6 -11 6 -11 6 -11 5 -11 5 -11 5 -12 5 -12 5 -11 5 -12 5 -12 4 -12 5 -12 0 0 0 0 0 0 0 0 0 0]"
"1769235371699231,CSI_DATA,STATION,00:00:00:00:00:00,0,0,0,0,0,0,0,0,0,0,0,0,0,0,0,0,0,0,0,0,0,128,[84 -64 4 0 0 0 0 0 0 0 0 0 -3 14 -4 14 -4 14 -5 14 -5 14 -5 13 -6 13 -6 13 -6 13 -7 13 -7 13 -7 12 -7 12 -7 12 -7 12 -7 11 -8 11 -7 11 -7 11 -7 11 -7 11 -7 11 -7 11 -7 10 -7 10 -6 10 0 0 -6 10 -5 10 -5 10 -5 11 -5 10 -5 10 -4 10 -5 11 -5 11 -4 11 -4 11 -4 11 -4 11 -4 11 -4 11 -3 11 -3 11 -3 11 -3 12 -3 12 -3 12 -2 12 -3 12 -2 12 -3 12 -2 12 0 0 0 0 0 0 0 0 0 0]"
"1769235371703548,CSI_DATA,STATION,00:00:00:00:00:00,0,0,0,0,0,0,0,0,0,0,0,0,0,0,0,0,0,0,0,0,0,128,[84 -64 4 0 0 0 0 0 0 0 0 0 -12 9 -12 9 -13 8 -13 8 -13 8 -14 7 -14 7 -14 6 -13 6 -14 6 -14 6 -14 5 -14 5 -13 5 -14 4 -13 5 -14 4 -13 4 -13 4 -13 4 -13 4 -13 4 -13 4 -13 4 -12 4 -12 4 0 0 -12 4 -11 4 -11 5 -11 5 -12 5 -11 5 -11 5 -11 5 -10 6 -11 6 -11 6 -10 6 -10 6 -10 6 -10 6 -10 7 -10 7 -10 8 -11 8 -10 7 -10 8 -10 8 -10 7 -10 8 -10 8 -10 8 0 0 0 0 0 0 0 0 0 0]"
"1769235371707858,CSI_DATA,STATION,00:00:00:00:00:00,0,0,0,0,0,0,0,0,0,0,0,0,0,0,0,0,0,0,0,0,0,128,[84 -64 4 0 0 0 0 0 0 0 0 0 9 9 8 9 8 10 8 10 8 11 7 10 7 11 6 11 6 11 6 12 6 11 5 10 5 11 6 11 5 11 5 11 4 11 4 10 4 10 4 11 4 10 4 10 5 10 4 10 4 9 4 9 0 0 4 9 5 9 5 9 5 9 5 9 5 9 5 8 6 9 5 8 6 8 6 8 6 8 6 9 6 8 6 8 7 8 7 8 7 7 7 7 7 7 7 8 7 8 8 8 8 7 8 7 8 7 0 0 0 0 0 0 0 0 0 0]"
"1769235371714319,CSI_DATA,STATION,00:00:00:00:00:00,0,0,0,0,0,0,0,0,0,0,0,0,0,0,0,0,0,0,0,0,0,128,[84 -64 4 0 0 0 0 0 0 0 0 0 10 6 10 8 10 8 10 8 9 9 10 9 9 9 8 10 8 9 8 10 9 9 8 9 8 9 8 9 7 10 7 9 7 10 7 9 7 10 6 10 6 9 6 9 6 9 7 9 6 9 7 8 0 0 7 8 6 8 7 8 7 7 7 8 7 7 7 7 7 8 7 7 7 7 8 6 8 7 8 7 8 7 8 7 9 6 9 6 9 6 9 7 9 6 9 6 8 7 9 6 10 6 9 6 10 6 0 0 0 0 0 0 0 0 0 0]"
"1769235371718680,CSI_DATA,STATION,00:00:00:00:00:00,0,0,0,0,0,0,0,0,0,0,0,0,0,0,0,0,0,0,0,0,0,128,[84 -64 4 0 0 0 0 0 0 0 0 0 8 -12 8 -11 9 -11 8 -10 9 -11 9 -10 10 -10 10 -9 10 -9 10 -9 10 -9 10 -9 10 -8 10 -8 10 -8 10 -8 10 -7 10 -8 10 -7 9 -8 9 -7 9 -7 9 -7 9 -7 8 -8 8 -8 0 0 8 -8 8 -8 7 -8 7 -8 8 -8 7 -8 7 -8 7 -9 7 -9 7 -9 7 -9 6 -9 6 -9 7 -9 6 -10 6 -10 6 -10 6 -10 6 -10 6 -11 6 -10 5 -10 6 -11 5 -11 5 -11 5 -11 0 0 0 0 0 0 0 0 0 0]"
"1769235371723021,CSI_DATA,STATION,00:00:00:00:00:00,0,0,0,0,0,0,0,0,0,0,0,0,0,0,0,0,0,0,0,0,0,128,[84 -64 4 0 0 0 0 0 0 0 0 0 13 5 12 4 12 6 12 6 12 6 11 7 11 7 11 7 11 6 10 8 10 8 10 8 10 8 10 8 9 8 9 8 9 8 9 8 9 8 9 8 8 7 8 7 9 7 9 7 8 7 8 6 0 0 8 6 9 6 9 6 9 6 9 6 9 6 9 5 9 5 9 5 9 5 10 5 9 5 10 5 10 5 10 4 10 4 10 4 10 4 11 3 11 3 11 3 11 3 11 4 11 4 11 3 11 3 0 0 0 0 0 0 0 0 0 0]"
"1769235371729408,CSI_DATA,STATION,00:00:00:00:00:00,0,0,0,0,0,0,0,0,0,0,0,0,0,0,0,0,0,0,0,0,0,128,[84 -64 4 0 0 0 0 0 0 0 0 0 -5 13 -6 12 -6 12 -6 12 -7 12 -8 12 -7 12 -7 11 -8 11 -8 10 -8 11 -8 10 -8 10 -9 10 -8 9 -8 9 -9 9 -9 9 -9 9 -8 9 -8 9 -8 9 -8 9 -9 8 -7 8 -8 9 0 0 -7 9 -6 8 -7 9 -7 9 -7 9 -7 9 -6 9 -6 9 -6 9 -6 9 -6 10 -6 10 -6 10 -5 10 -5 10 -5 10 -5 10 -5 11 -5 11 -5 11 -5 11 -4 11 -4 10 -4 11 -4 11 -4 11 0 0 0 0 0 0 0 0 0 0]"
"1769235371733696,CSI_DATA,STATION,00:00:00:00:00:00,0,0,0,0,0,0,0,0,0,0,0,0,0,0,0,0,0,0,0,0,0,128,[84 -64 4 0 0 0 0 0 0 0 0 0 9 -13 10 -12 10 -12 10 -12 11 -11 11 -11 11 -10 12 -11 12 -11 12 -10 12 -10 11 -10 12 -9 12 -9 11 -9 12 -8 12 -8 11 -8 11 -8 11 -8 11 -8 11 -8 11 -8 10 -8 10 -9 10 -8 0 0 10 -9 9 -8 9 -8 9 -9 9 -9 9 -9 9 -9 9 -10 8 -9 8 -10 8 -10 8 -10 8 -10 8 -10 8 -11 7 -11 7 -11 7 -12 7 -12 7 -12 7 -12 7 -12 7 -12 6 -13 7 -13 6 -13 0 0 0 0 0 0 0 0 0 0]"
"1769235371744332,CSI_DATA,STATION,00:00:00:00:00:00,0,0,0,0,0,0,0,0,0,0,0,0,0,0,0,0,0,0,0,0,0,128,[84 -64 4 0 0 0 0 0 0 0 0 0 13 -3 14 -3 13 -2 14 -2 13 -1 14 -1 14 0 14 0 14 0 13 1 13 1 13 1 12 1 13 1 13 1 12 1 12 2 12 2 12 2 12 2 12 2 11 2 12 1 11 2 11 1 11 1 0 0 11 0 11 1 11 1 11 0 11 0 11 0 11 0 11 -1 11 -1 10 -1 11 -2 11 -1 11 -1 11 -1 11 -2 12 -2 11 -2 12 -2 12 -2 11 -2 12 -3 11 -2 12 -3 12 -3 12 -3 12 -3 0 0 0 0 0 0 0 0 0 0]"
"1769235371750690,CSI_DATA,STATION,00:00:00:00:00:00,0,0,0,0,0,0,0,0,0,0,0,0,0,0,0,0,0,0,0,0,0,128,[84 -64 4 0 0 0 0 0 0 0 0 0 -12 -8 -13 -8 -12 -9 -12 -9 -11 -10 -11 -10 -11 -10 -11 -10 -10 -11 -10 -11 -10 -11 -9 -11 -9 -11 -9 -11 -9 -11 -8 -11 -8 -11 -8 -10 -8 -10 -8 -10 -8 -10 -8 -10 -8 -10 -8 -10 -8 -10 -8 -9 0 0 -8 -9 -8 -9 -8 -9 -8 -9 -8 -9 -8 -9 -9 -8 -9 -8 -9 -8 -9 -8 -10 -8 -10 -8 -10 -8 -10 -8 -10 -8 -10 -8 -10 -8 -11 -7 -11 -7 -11 -7 -11 -7 -11 -7 -11 -7 -12 -7 -11 -7 -12 -7 0 0 0 0 0 0 0 0 0 0]"
"1769235371759270,CSI_DATA,STATION,00:00:00:00:00:00,0,0,0,0,0,0,0,0,0,0,0,0,0,0,0,0,0,0,0,0,0,128,[84 -64 4 0 0 0 0 0 0 0 0 0 11 -9 11 -9 11 -8 12 -8 12 -8 12 -8 12 -7 12 -7 12 -6 12 -6 12 -6 12 -5 12 -5 12 -5 12 -5 12 -5 12 -4 12 -4 11 -4 11 -5 11 -4 11 -4 11 -4 11 -4 11 -4 10 -5 0 0 11 -5 10 -4 10 -5 10 -5 10 -5 10 -5 10 -5 10 -6 10 -6 10 -6 10 -6 9 -6 9 -6 10 -6 9 -7 9 -7 9 -8 9 -8 9 -8 9 -8 9 -8 9 -8 9 -8 9 -8 9 -9 9 -9 0 0 0 0 0 0 0 0 0 0]"
"1769235371763569,CSI_DATA,STATION,00:00:00:00:00:00,0,0,0,0,0,0,0,0,0,0,0,0,0,0,0,0,0,0,0,0,0,128,[84 -64 4 0 0 0 0 0 0 0 0 0 -14 -6 -14 -7 -13 -7 -13 -7 -13 -8 -13 -8 -12 -9 -12 -9 -12 -9 -11 -10 -12 -9 -11 -8 -10 -10 -11 -9 -10 -10 -10 -9 -10 -10 -10 -9 -10 -10 -9 -10 -9 -8 -9 -9 -9 -9 -9 -9 -9 -9 -9 -8 0 0 -9 -8 -9 -8 -9 -7 -9 -7 -9 -8 -9 -7 -9 -7 -10 -7 -10 -7 -10 -7 -11 -6 -10 -7 -10 -7 -11 -7 -11 -6 -11 -6 -11 -7 -11 -6 -11 -6 -12 -6 -12 -6 -12 -6 -12 -6 -12 -6 -12 -5 -12 -6 0 0 0 0 0 0 0 0 0 0]"
"1769235371767872,CSI_DATA,STATION,00:00:00:00:00:00,0,0,0,0,0,0,0,0,0,0,0,0,0,0,0,0,0,0,0,0,0,128,[84 -64 4 0 0 0 0 0 0 0 0 0 13 -6 13 -6 13 -5 13 -5 14 -4 14 -4 14 -3 13 -3 14 -3 13 -2 13 -2 13 -2 13 -2 13 -2 13 -2 13 -2 12 -2 12 -2 12 -1 12 -1 12 -1 12 -1 12 -2 11 -2 11 -2 11 -2 0 0 11 -3 11 -2 11 -2 11 -3 11 -3 11 -3 10 -4 10 -3 10 -4 10 -4 10 -5 10 -4 10 -5 10 -5 10 -5 11 -6 10 -6 11 -6 10 -6 10 -7 10 -6 10 -6 11 -6 11 -7 11 -7 10 -7 0 0 0 0 0 0 0 0 0 0]"
"1769235371774340,CSI_DATA,STATION,00:00:00:00:00:00,0,0,0,0,0,0,0,0,0,0,0,0,0,0,0,0,0,0,0,0,0,128,[84 -64 4 0 0 0 0 0 0 0 0 0 7 -14 7 -13 7 -13 8 -12 8 -12 8 -12 9 -12 9 -11 9 -11 9 -11 9 -10 9 -10 9 -10 9 -10 9 -10 9 -9 9 -9 9 -10 9 -9 9 -9 9 -9 8 -9 8 -9 8 -9 8 -9 8 -9 0 0 7 -9 7 -9 6 -9 7 -9 7 -10 6 -10 6 -10 6 -10 6 -10 6 -10 5 -10 6 -11 6 -10 5 -11 5 -11 5 -11 5 -12 5 -12 4 -12 4 -12 5 -12 4 -12 4 -12 4 -12 4 -12 4 -13 0 0 0 0 0 0 0 0 0 0]"
"1769235371778640,CSI_DATA,STATION,00:00:00:00:00:00,0,0,0,0,0,0,0,0,0,0,0,0,0,0,0,0,0,0,0,0,0,128,[84 -64 4 0 0 0 0 0 0 0 0 0 9 9 8 9 8 10 8 10 8 10 7 11 7 10 7 10 6 10 6 11 6 11 6 10 6 10 6 10 5 10 5 10 5 10 5 10 5 10 5 10 5 9 5 9 5 9 5 9 5 9 5 8 0 0 5 8 5 8 6 8 5 8 6 8 6 8 6 8 6 8 6 7 7 7 7 7 7 7 7 7 7 7 7 7 7 7 8 6 8 6 8 6 8 6 8 6 8 7 8 6 9 6 9 6 9 6 0 0 0 0 0 0 0 0 0 0]"
"1769235371785083,CSI_DATA,STATION,00:00:00:00:00:00,0,0,0,0,0,0,0,0,0,0,0,0,0,0,0,0,0,0,0,0,0,128,[84 -64 4 0 0 0 0 0 0 0 0 0 6 -14 6 -14 7 -13 7 -13 7 -13 8 -13 8 -12 8 -12 8 -12 8 -11 9 -11 9 -11 9 -11 9 -11 9 -10 9 -9 9 -10 9 -10 8 -10 9 -9 9 -9 8 -9 8 -9 8 -10 8 -9 7 -9 0 0 7 -10 7 -9 7 -9 6 -9 7 -10 6 -10 6 -10 6 -10 6 -10 6 -10 5 -11 5 -11 5 -11 5 -11 5 -11 4 -12 4 -12 5 -12 4 -12 4 -12 4 -12 4 -12 4 -12 3 -12 4 -13 3 -13 0 0 0 0 0 0 0 0 0 0]"
"1769235371789379,CSI_DATA,STATION,00:00:00:00:00:00,0,0,0,0,0,0,0,0,0,0,0,0,0,0,0,0,0,0,0,0,0,128,[84 -64 4 0 0 0 0 0 0 0 0 0 15 1 14 2 14 3 14 3 14 3 13 4 14 4 13 5 13 5 13 5 13 5 12 5 12 5 12 6 12 6 11 5 11 6 11 6 11 5 11 6 11 6 10 5 11 5 11 5 10 5 11 4 0 0 11 4 11 4 10 3 11 3 10 3 10 3 10 3 11 3 10 2 11 2 11 2 11 1 12 2 11 2 12 0 11 1 12 1 12 0 11 0 12 0 12 0 11 0 12 -1 12 -1 12 -1 12 -1 0 0 0 0 0 0 0 0 0 0]"
"1769235371793666,CSI_DATA,STATION,00:00:00:00:00:00,0,0,0,0,0,0,0,0,0,0,0,0,0,0,0,0,0,0,0,0,0,128,[84 -64 4 0 0 0 0 0 0 0 0 0 14 -1 15 -1 14 0 15 0 15 0 15 0 14 1 14 1 14 2 14 2 13 2 13 3 13 3 13 3 13 3 13 3 12 3 12 3 13 3 12 3 12 3 11 3 12 2 11 3 11 3 12 2 0 0 11 2 11 2 11 1 11 1 11 1 11 1 11 0 11 0 11 0 11 0 11 -1 11 0 11 0 11 -1 12 -1 12 -2 11 -2 12 -2 12 -2 12 -3 11 -3 11 -2 12 -3 12 -3 12 -3 12 -3 0 0 0 0 0 0 0 0 0 0]"
"1769235371800287,CSI_DATA,STATION,00:00:00:00:00:00,0,0,0,0,0,0,0,0,0,0,0,0,0,0,0,0,0,0,0,0,0,128,[84 -64 4 0 0 0 0 0 0 0 0 0 8 -13 8 -13 9 -12 9 -12 9 -12 10 -11 11 -11 11 -11 11 -10 11 -11 11 -10 10 -10 11 -9 11 -9 11 -9 11 -8 11 -8 11 -9 10 -8 11 -8 10 -7 10 -8 10 -8 10 -8 9 -8 9 -8 0 0 9 -8 9 -8 8 -8 8 -8 9 -8 8 -8 7 -8 8 -8 8 -9 8 -9 7 -9 7 -10 7 -9 7 -10 7 -10 7 -10 7 -10 7 -11 6 -10 7 -11 7 -11 7 -11 6 -11 6 -11 6 -12 6 -12 0 0 0 0 0 0 0 0 0 0]"
"1769235371804714,CSI_DATA,STATION,00:00:00:00:00:00,0,0,0,0,0,0,0,0,0,0,0,0,0,0,0,0,0,0,0,0,0,128,[84 -64 4 0 0 0 0 0 0 0 0 0 -8 -14 -8 -14 -7 -14 -7 -14 -6 -15 -6 -15 -6 -15 -5 -15 -5 -15 -4 -15 -4 -15 -4 -14 -4 -15 -3 -15 -3 -15 -4 -14 -4 -14 -3 -13 -3 -14 -3 -13 -3 -13 -3 -13 -3 -13 -3 -13 -3 -12 -4 -12 0 0 -4 -12 -4 -12 -4 -11 -5 -11 -5 -11 -5 -11 -5 -11 -6 -11 -6 -11 -6 -11 -6 -11 -6 -11 -6 -10 -7 -11 -7 -10 -7 -10 -8 -10 -8 -10 -8 -10 -8 -10 -8 -10 -9 -10 -8 -10 -9 -10 -9 -10 -9 -10 0 0 0 0 0 0 0 0 0 0]"
"1769235371809195,CSI_DATA,STATION,00:00:00:00:00:00,0,0,0,0,0,0,0,0,0,0,0,0,0,0,0,0,0,0,0,0,0,128,[84 -64 4 0 0 0 0 0 0 0 0 0 -13 -8 -14 -9 -13 -9 -13 -10 -12 -10 -12 -10 -11 -11 -11 -11 -11 -12 -11 -12 -11 -11 -10 -11 -10 -12 -10 -12 -10 -12 -9 -11 -9 -11 -9 -11 -9 -11 -8 -11 -8 -11 -8 -11 -9 -10 -10 -10 -9 -10 -9 -9 0 0 -9 -9 -9 -9 -9 -9 -9 -8 -10 -9 -9 -8 -9 -8 -9 -8 -10 -8 -10 -7 -11 -7 -10 -7 -10 -7 -11 -6 -11 -6 -11 -6 -11 -6 -12 -6 -12 -6 -12 -6 -12 -6 -12 -6 -12 -6 -13 -5 -12 -5 -13 -5 0 0 0 0 0 0 0 0 0 0]"
"1769235371815879,CSI_DATA,STATION,00:00:00:00:00:00,0,0,0,0,0,0,0,0,0,0,0,0,0,0,0,0,0,0,0,0,0,128,[84 -64 4 0 0 0 0 0 0 0 0 0 15 0 15 1 14 2 15 2 15 3 15 3 14 3 14 4 14 4 14 4 13 4 13 4 13 5 13 5 13 5 12 4 12 5 12 5 12 5 12 5 11 5 11 4 12 4 11 4 11 4 11 3 0 0 11 3 11 3 11 3 11 3 11 3 11 3 11 2 11 2 11 2 11 1 11 1 11 1 12 1 12 1 11 0 12 0 11 0 12 0 11 -1 11 -1 12 -1 12 -1 12 -1 12 -2 12 -2 12 -2 0 0 0 0 0 0 0 0 0 0]"
"1769235371820297,CSI_DATA,STATION,00:00:00:00:00:00,0,0,0,0,0,0,0,0,0,0,0,0,0,0,0,0,0,0,0,0,0,128,[84 -64 4 0 0 0 0 0 0 0 0 0 -14 7 -14 7 -15 6 -14 6 -15 5 -15 4 -15 4 -15 4 -15 3 -16 3 -15 3 -15 3 -15 2 -14 2 -14 1 -15 2 -15 2 -14 2 -14 2 -14 2 -13 1 -13 2 -13 2 -13 2 -13 2 -13 2 0 0 -13 2 -12 2 -12 3 -12 3 -12 3 -12 3 -12 3 -12 4 -11 4 -12 4 -12 5 -11 5 -11 5 -11 5 -11 6 -11 6 -11 6 -11 6 -11 6 -11 6 -11 6 -10 7 -11 7 -10 7 -10 8 -10 7 0 0 0 0 0 0 0 0 0 0]"
"1769235371824566,CSI_DATA,STATION,00:00:00:00:00:00,0,0,0,0,0,0,0,0,0,0,0,0,0,0,0,0,0,0,0,0,0,128,[84 -64 4 0 0 0 0 0 0 0 0 0 15 -2 15 -2 15 -1 15 -1 15 0 15 0 15 1 15 1 14 2 15 2 14 2 14 2 14 3 14 3 14 3 13 3 13 3 12 3 13 3 13 3 13 3 12 3 12 2 12 3 12 2 12 2 0 0 12 2 11 2 12 1 12 1 12 1 12 1 11 1 11 0 11 0 11 0 11 -1 11 -1 12 -1 12 0 12 -1 12 -1 12 -1 12 -2 12 -2 12 -2 12 -3 12 -2 12 -2 12 -3 12 -3 12 -4 0 0 0 0 0 0 0 0 0 0]"
"1769235371831019,CSI_DATA,STATION,00:00:00:00:00:00,0,0,0,0,0,0,0,0,0,0,0,0,0,0,0,0,0,0,0,0,0,128,[84 -64 4 0 0 0 0 0 0 0 0 0 9 12 8 12 8 13 8 12 7 13 7 13 7 13 6 13 6 13 5 14 5 13 5 13 5 13 5 13 4 13 4 13 4 12 4 12 4 12 4 12 3 12 3 12 4 12 4 12 4 12 4 11 0 0 4 11 4 11 4 11 4 11 5 11 5 10 5 10 5 10 6 10 6 10 6 9 6 10 6 10 7 10 6 10 7 9 8 9 8 9 8 9 7 9 8 9 8 9 8 9 8 9 8 8 8 8 0 0 0 0 0 0 0 0 0 0]"
"1769235371835338,CSI_DATA,STATION,00:00:00:00:00:00,0,0,0,0,0,0,0,0,0,0,0,0,0,0,0,0,0,0,0,0,0,128,[84 -64 4 0 0 0 0 0 0 0 0 0 14 3 14 4 14 5 14 6 13 6 14 6 13 7 13 7 13 7 12 8 12 7 12 7 11 8 11 8 12 8 11 7 11 8 11 8 11 8 10 8 10 8 10 7 10 7 10 7 10 7 10 6 0 0 10 6 10 6 10 6 10 5 10 5 10 5 10 5 10 5 10 4 10 4 10 4 10 4 11 4 11 4 11 3 11 3 11 3 12 2 12 3 11 2 12 2 11 3 12 2 12 2 12 2 12 2 0 0 0 0 0 0 0 0 0 0]"
"1769235371841779,CSI_DATA,STATION,00:00:00:00:00:00,0,0,0,0,0,0,0,0,0,0,0,0,0,0,0,0,0,0,0,0,0,128,[84 -64 4 0 0 0 0 0 0 0 0 0 -6 12 -7 12 -7 11 -8 11 -8 11 -8 11 -9 10 -9 10 -9 10 -9 10 -9 10 -9 10 -10 9 -9 9 -10 9 -9 9 -9 9 -10 8 -9 8 -9 8 -9 8 -8 8 -9 8 -8 8 -8 8 -8 8 0 0 -8 8 -7 8 -7 8 -7 8 -7 8 -6 8 -6 8 -6 9 -6 9 -6 9 -6 9 -5 9 -5 9 -5 9 -5 9 -5 10 -5 10 -5 10 -5 10 -4 10 -4 10 -4 10 -4 10 -4 11 -4 10 -4 10 0 0 0 0 0 0 0 0 0 0]"
"1769235371846088,CSI_DATA,STATION,00:00:00:00:00:00,0,0,0,0,0,0,0,0,0,0,0,0,0,0,0,0,0,0,0,0,0,128,[84 -64 4 0 0 0 0 0 0 0 0 0 -14 6 -15 5 -14 4 -15 4 -15 4 -16 3 -15 3 -15 3 -15 2 -15 2 -15 2 -15 2 -14 1 -14 1 -15 0 -14 1 -14 0 -13 0 -14 0 -14 0 -14 0 -13 0 -14 1 -13 0 -13 0 -13 1 0 0 -13 1 -13 1 -12 1 -12 1 -12 1 -12 1 -12 2 -12 2 -12 3 -12 3 -12 4 -12 3 -12 3 -12 4 -12 3 -12 4 -12 4 -12 5 -12 4 -12 5 -12 5 -12 5 -11 5 -11 5 -12 6 -12 6 0 0 0 0 0 0 0 0 0 0]"
"1769235371850452,CSI_DATA,STATION,00:00:00:00:00:00,0,0,0,0,0,0,0,0,0,0,0,0,0,0,0,0,0,0,0,0,0,128,[84 -64 4 0 0 0 0 0 0 0 0 0 -11 8 -11 7 -12 8 -11 7 -12 7 -12 6 -12 6 -12 6 -13 5 -13 5 -13 4 -13 4 -12 4 -12 4 -13 3 -13 4 -12 3 -12 3 -11 3 -12 3 -12 3 -12 3 -12 3 -11 3 -11 3 -11 3 0 0 -11 3 -11 3 -10 3 -11 4 -10 3 -10 4 -10 4 -10 4 -10 5 -10 5 -10 5 -10 5 -10 5 -10 5 -10 6 -9 6 -10 6 -10 6 -9 6 -10 6 -10 7 -10 7 -10 6 -9 7 -9 7 -9 7 0 0 0 0 0 0 0 0 0 0]"
"1769235371857198,CSI_DATA,STATION,00:00:00:00:00:00,0,0,0,0,0,0,0,0,0,0,0,0,0,0,0,0,0,0,0,0,0,128,[84 -64 4 0 0 0 0 0 0 0 0 0 -6 -14 -6 -14 -5 -14 -5 -14 -4 -14 -4 -15 -3 -14 -3 -15 -3 -15 -3 -15 -3 -14 -3 -15 -2 -14 -2 -14 -1 -15 -1 -14 -1 -14 -1 -13 -1 -14 0 -13 -1 -14 -1 -14 -1 -13 -1 -13 -2 -13 -1 -13 0 0 -2 -13 -2 -12 -2 -13 -2 -12 -2 -12 -2 -12 -3 -12 -3 -12 -3 -12 -4 -11 -4 -11 -4 -12 -5 -12 -5 -12 -4 -12 -5 -12 -5 -11 -5 -12 -5 -12 -5 -12 -5 -12 -5 -12 -5 -12 -6 -12 -6 -12 -6 -12 0 0 0 0 0 0 0 0 0 0]"
"1769235371861672,CSI_DATA,STATION,00:00:00:00:00:00,0,0,0,0,0,0,0,0,0,0,0,0,0,0,0,0,0,0,0,0,0,128,[84 -64 4 0 0 0 0 0 0 0 0 0 -1 -14 -1 -15 0 -14 0 -15 0 -15 1 -15 1 -14 1 -15 2 -15 2 -14 3 -14 3 -14 3 -14 3 -14 3 -14 3 -13 4 -13 4 -13 3 -13 3 -13 3 -13 3 -12 3 -12 4 -13 3 -12 3 -12 0 0 2 -12 2 -12 2 -12 1 -12 2 -12 1 -12 1 -12 1 -12 1 -12 1 -12 0 -12 1 -12 0 -12 0 -13 0 -13 -1 -13 -1 -12 0 -13 -1 -13 -1 -13 -1 -13 -1 -13 -1 -13 -1 -13 -2 -13 -1 -13 0 0 0 0 0 0 0 0 0 0]"
"1769235371866149,CSI_DATA,STATION,00:00:00:00:00:00,0,0,0,0,0,0,0,0,0,0,0,0,0,0,0,0,0,0,0,0,0,128,[84 -64 4 0 0 0 0 0 0 0 0 0 7 -15 8 -14 8 -14 8 -14 9 -14 10 -14 10 -13 10 -13 10 -12 10 -12 10 -12 10 -12 10 -11 10 -11 10 -11 11 -11 11 -10 11 -10 10 -10 10 -10 10 -10 9 -10 10 -10 9 -10 9 -10 8 -10 0 0 9 -10 8 -10 8 -10 8 -11 8 -11 8 -11 7 -11 7 -11 7 -11 7 -11 7 -12 6 -12 6 -12 6 -12 6 -12 6 -12 6 -12 6 -13 6 -13 6 -13 6 -13 5 -13 5 -13 5 -14 4 -14 5 -14 0 0 0 0 0 0 0 0 0 0]"
"1769235371872851,CSI_DATA,STATION,00:00:00:00:00:00,0,0,0,0,0,0,0,0,0,0,0,0,0,0,0,0,0,0,0,0,0,128,[84 -64 4 0 0 0 0 0 0 0 0 0 9 -12 10 -13 10 -12 10 -12 11 -11 12 -11 12 -11 12 -10 12 -10 12 -10 12 -10 12 -9 12 -9 12 -9 12 -9 12 -8 12 -8 12 -8 12 -8 12 -7 12 -7 11 -8 11 -7 11 -8 11 -8 11 -8 0 0 10 -8 10 -8 10 -9 10 -8 10 -9 9 -8 9 -8 9 -9 9 -9 9 -9 9 -10 8 -10 9 -10 9 -10 8 -10 9 -11 8 -11 8 -11 8 -11 9 -11 8 -11 8 -11 8 -11 8 -12 8 -12 8 -12 0 0 0 0 0 0 0 0 0 0]"
"1769235371877338,CSI_DATA,STATION,00:00:00:00:00:00,0,0,0,0,0,0,0,0,0,0,0,0,0,0,0,0,0,0,0,0,0,128,[84 -64 4 0 0 0 0 0 0 0 0 0 -14 -7 -15 -8 -14 -8 -14 -9 -13 -9 -14 -10 -13 -10 -13 -10 -12 -11 -12 -11 -12 -11 -12 -11 -11 -11 -11 -11 -11 -11 -11 -10 -11 -11 -10 -11 -11 -11 -10 -11 -10 -11 -10 -11 -10 -10 -10 -10 -9 -10 -10 -10 0 0 -10 -9 -10 -9 -11 -9 -10 -8 -11 -9 -11 -9 -11 -8 -11 -8 -11 -7 -11 -8 -12 -7 -11 -7 -12 -7 -12 -8 -12 -7 -13 -7 -12 -6 -13 -7 -13 -6 -13 -6 -13 -6 -13 -6 -13 -6 -14 -6 -13 -6 -14 -6 0 0 0 0 0 0 0 0 0 0]"
"1769235371881816,CSI_DATA,STATION,00:00:00:00:00:00,0,0,0,0,0,0,0,0,0,0,0,0,0,0,0,0,0,0,0,0,0,128,[84 -64 4 0 0 0 0 0 0 0 0 0 9 -13 10 -13 10 -12 11 -11 12 -10 12 -11 12 -10 13 -10 13 -10 13 -9 12 -9 12 -9 12 -9 12 -8 12 -8 12 -8 12 -8 12 -8 12 -7 12 -7 12 -7 11 -7 11 -8 11 -8 11 -7 11 -8 0 0 10 -8 10 -7 10 -8 10 -8 10 -9 10 -8 9 -8 10 -9 9 -9 9 -9 8 -10 9 -10 9 -10 8 -10 8 -11 9 -11 8 -11 8 -11 8 -11 8 -11 8 -11 8 -11 8 -11 7 -12 8 -12 8 -12 0 0 0 0 0 0 0 0 0 0]"
"1769235371888518,CSI_DATA,STATION,00:00:00:00:00:00,0,0,0,0,0,0,0,0,0,0,0,0,0,0,0,0,0,0,0,0,0,128,[84 -64 4 0 0 0 0 0 0 0 0 0 -6 -15 -6 -15 -5 -16 -5 -16 -4 -17 -3 -17 -3 -16 -3 -17 -2 -17 -2 -17 -1 -16 -1 -16 -1 -15 -1 -15 -1 -16 -1 -15 -1 -15 0 -14 -1 -15 -1 -15 0 -14 -1 -14 -1 -14 -1 -14 -1 -14 -1 -14 0 0 -1 -14 -2 -14 -2 -13 -2 -14 -2 -13 -2 -14 -3 -13 -3 -13 -3 -13 -3 -13 -4 -13 -4 -13 -4 -13 -4 -13 -5 -13 -5 -13 -5 -13 -5 -13 -5 -13 -6 -13 -6 -13 -7 -13 -6 -14 -7 -13 -7 -13 -7 -13 0 0 0 0 0 0 0 0 0 0]"
"1769235371892935,CSI_DATA,STATION,00:00:00:00:00:00,0,0,0,0,0,0,0,0,0,0,0,0,0,0,0,0,0,0,0,0,0,128,[84 -64 4 0 0 0 0 0 0 0 0 0 14 1 14 2 14 3 14 3 14 4 13 3 13 4 14 4 13 5 13 5 13 5 13 5 12 6 12 5 12 6 11 5 11 6 11 6 11 6 11 6 10 6 10 5 11 5 10 5 11 5 10 4 0 0 10 4 10 4 10 4 11 3 10 4 10 3 10 3 10 3 10 2 10 2 10 2 11 2 11 2 11 2 11 1 11 1 11 1 11 1 12 1 11 0 12 0 12 1 12 0 12 0 12 0 12 -1 0 0 0 0 0 0 0 0 0 0]"
"1769235371897440,CSI_DATA,STATION,00:00:00:00:00:00,0,0,0,0,0,0,0,0,0,0,0,0,0,0,0,0,0,0,0,0,0,128,[84 -64 4 0 0 0 0 0 0 0 0 0 0 -15 0 -16 1 -15 1 -15 1 -16 2 -16 3 -15 3 -15 3 -15 3 -15 3 -14 3 -14 4 -13 3 -14 4 -14 4 -13 4 -13 4 -13 4 -13 4 -13 4 -13 4 -13 3 -12 3 -13 3 -12 2 -12 0 0 2 -12 2 -12 2 -12 2 -12 2 -12 2 -12 1 -12 1 -12 1 -11 0 -12 0 -12 0 -12 -1 -12 0 -12 -1 -12 -1 -12 -1 -13 -1 -13 -2 -13 -2 -13 -1 -13 -2 -13 -2 -13 -3 -13 -3 -13 -3 -13 0 0 0 0 0 0 0 0 0 0]"
"1769235371904186,CSI_DATA,STATION,00:00:00:00:00:00,0,0,0,0,0,0,0,0,0,0,0,0,0,0,0,0,0,0,0,0,0,128,[84 -64 4 0 0 0 0 0 0 0 0 0 20 -8 20 -7 20 -6 21 -5 21 -5 21 -5 20 -4 21 -4 20 -2 20 -2 20 -1 20 -2 19 -1 20 0 20 0 19 -1 19 0 17 0 18 1 17 0 17 0 17 0 16 -1 16 -1 16 0 16 -2 0 0 17 -2 15 -1 16 -1 15 -2 15 -2 16 -2 15 -3 14 -3 15 -3 15 -4 14 -4 14 -4 15 -4 15 -5 15 -5 15 -6 15 -6 15 -7 15 -7 15 -7 15 -7 15 -6 15 -7 14 -8 14 -8 15 -8 0 0 0 0 0 0 0 0 0 0]"
"1769235371908642,CSI_DATA,STATION,00:00:00:00:00:00,0,0,0,0,0,0,0,0,0,0,0,0,0,0,0,0,0,0,0,0,0,128,[84 -64 4 0 0 0 0 0 0 0 0 0 -6 -15 -6 -15 -5 -15 -5 -16 -4 -16 -3 -16 -3 -15 -3 -15 -2 -16 -2 -16 -2 -15 -2 -15 -1 -15 -1 -15 -1 -15 -1 -15 -1 -14 0 -14 0 -14 0 -14 0 -14 -1 -13 0 -13 -1 -13 -1 -13 -1 -12 0 0 -1 -12 -1 -12 -2 -12 -1 -12 -2 -12 -2 -12 -2 -12 -3 -12 -3 -12 -3 -12 -3 -12 -3 -12 -4 -12 -4 -12 -4 -12 -4 -12 -5 -12 -5 -12 -5 -12 -5 -12 -5 -12 -5 -12 -5 -12 -6 -12 -6 -11 -6 -11 0 0 0 0 0 0 0 0 0 0]"
"1769235371913129,CSI_DATA,STATION,00:00:00:00:00:00,0,0,0,0,0,0,0,0,0,0,0,0,0,0,0,0,0,0,0,0,0,128,[84 -64 4 0 0 0 0 0 0 0 0 0 4 13 4 13 3 13 3 13 3 14 2 13 2 13 2 13 2 13 1 14 1 13 0 13 0 13 0 13 0 12 0 12 0 12 0 12 0 11 0 12 0 11 0 11 0 11 0 11 0 10 0 11 0 0 1 10 1 10 1 10 1 10 2 10 2 10 2 10 2 10 3 9 3 10 3 9 3 10 3 9 3 9 4 10 4 9 5 9 5 9 5 9 5 9 5 9 5 9 6 9 6 9 5 9 6 9 0 0 0 0 0 0 0 0 0 0]"
"1769235371917494,CSI_DATA,STATION,00:00:00:00:00:00,0,0,0,0,0,0,0,0,0,0,0,0,0,0,0,0,0,0,0,0,0,128,[84 -64 4 0 0 0 0 0 0 0 0 0 14 6 14 7 13 7 13 8 12 8 12 9 12 8 12 9 12 9 11 9 11 9 11 9 11 10 10 9 10 10 10 9 10 10 10 9 10 9 9 9 9 9 9 8 9 8 9 9 9 8 9 7 0 0 9 7 9 7 9 7 9 6 10 6 9 6 9 5 10 6 10 5 9 5 10 5 10 5 10 5 10 5 10 4 11 4 11 3 11 4 11 3 11 3 11 3 11 3 12 3 12 3 12 3 12 2 0 0 0 0 0 0 0 0 0 0]"
"1769235371930296,CSI_DATA,STATION,00:00:00:00:00:00,0,0,0,0,0,0,0,0,0,0,0,0,0,0,0,0,0,0,0,0,0,128,[84 -64 4 0 0 0 0 0 0 0 0 0 -3 16 -3 15 -4 15 -5 15 -5 15 -6 15 -6 14 -6 14 -6 14 -7 14 -7 14 -7 13 -8 12 -7 12 -7 12 -7 12 -8 12 -8 12 -8 12 -7 11 -7 11 -7 12 -7 11 -7 11 -6 11 -6 11 0 0 -6 11 -5 11 -5 11 -5 11 -5 11 -4 11 -4 11 -4 11 -4 11 -4 11 -3 11 -3 11 -3 11 -3 11 -3 12 -2 12 -2 11 -2 12 -2 12 -1 11 -1 12 -1 12 -1 12 0 12 -1 12 -1 12 0 0 0 0 0 0 0 0 0 0]"
"1769235371936716,CSI_DATA,STATION,00:00:00:00:00:00,0,0,0,0,0,0,0,0,0,0,0,0,0,0,0,0,0,0,0,0,0,128,[84 -64 4 0 0 0 0 0 0 0 0 0 -3 -14 -3 -15 -2 -14 -2 -15 -1 -14 -1 -15 0 -14 0 -15 0 -14 1 -15 1 -14 1 -14 1 -14 1 -13 2 -14 2 -13 2 -13 2 -12 2 -13 2 -13 2 -12 2 -12 2 -12 1 -12 1 -12 1 -12 0 0 0 -12 1 -11 0 -11 0 -11 0 -11 0 -11 -1 -11 -1 -11 -1 -11 -1 -11 -2 -11 -1 -11 -2 -11 -2 -12 -2 -11 -2 -11 -3 -11 -3 -12 -3 -11 -3 -11 -3 -11 -4 -11 -4 -11 -4 -11 -4 -11 -4 -11 0 0 0 0 0 0 0 0 0 0]"
"1769235371941017,CSI_DATA,STATION,00:00:00:00:00:00,0,0,0,0,0,0,0,0,0,0,0,0,0,0,0,0,0,0,0,0,0,128,[84 -64 4 0 0 0 0 0 0 0 0 0 -11 11 -11 10 -11 10 -12 10 -12 9 -13 8 -12 9 -13 8 -13 8 -14 8 -13 8 -13 7 -13 7 -13 7 -13 6 -13 6 -13 6 -13 6 -12 6 -12 5 -12 5 -12 6 -12 6 -12 6 -11 6 -11 6 0 0 -11 6 -11 6 -10 6 -10 6 -10 6 -10 6 -9 6 -10 7 -9 7 -9 7 -9 8 -9 8 -9 8 -9 8 -9 8 -8 8 -8 8 -8 9 -8 9 -8 9 -8 9 -8 10 -8 10 -7 10 -8 10 -7 10 0 0 0 0 0 0 0 0 0 0]"
"1769235371947468,CSI_DATA,STATION,00:00:00:00:00:00,0,0,0,0,0,0,0,0,0,0,0,0,0,0,0,0,0,0,0,0,0,128,[84 -64 4 0 0 0 0 0 0 0 0 0 13 10 13 11 12 12 12 12 11 12 11 12 10 12 10 13 10 13 9 13 9 13 8 13 8 13 8 13 8 13 7 13 8 13 8 12 7 12 7 12 7 12 7 12 7 12 8 12 7 11 7 11 0 0 8 10 7 10 7 10 7 10 8 10 8 9 8 9 8 9 8 9 8 9 9 8 9 9 10 8 10 9 9 8 10 8 10 7 10 7 10 7 10 7 11 7 11 8 11 7 11 6 12 6 12 6 0 0 0 0 0 0 0 0 0 0]"
"1769235371953922,CSI_DATA,STATION,00:00:00:00:00:00,0,0,0,0,0,0,0,0,0,0,0,0,0,0,0,0,0,0,0,0,0,128,[84 -64 4 0 0 0 0 0 0 0 0 0 8 -15 8 -16 8 -14 9 -15 9 -14 11 -14 10 -13 11 -13 11 -12 11 -12 11 -12 11 -11 11 -11 11 -11 11 -11 11 -10 12 -10 11 -10 11 -10 10 -10 10 -10 10 -10 10 -10 10 -10 9 -10 10 -10 0 0 9 -10 8 -10 8 -10 8 -10 8 -10 8 -10 7 -10 8 -11 7 -10 7 -11 7 -11 7 -11 7 -11 7 -11 7 -11 6 -12 6 -11 6 -12 6 -12 6 -12 5 -13 5 -12 5 -12 5 -13 5 -13 5 -13 0 0 0 0 0 0 0 0 0 0]"
"1769235371958235,CSI_DATA,STATION,00:00:00:00:00:00,0,0,0,0,0,0,0,0,0,0,0,0,0,0,0,0,0,0,0,0,0,128,[84 -64 4 0 0 0 0 0 0 0 0 0 3 16 1 16 1 16 1 16 0 16 0 17 -1 16 -2 16 -2 16 -2 16 -2 15 -2 15 -2 14 -2 15 -2 15 -3 14 -3 14 -3 14 -3 14 -3 14 -3 13 -3 13 -3 13 -2 13 -2 13 -2 13 0 0 -2 13 -2 13 -1 12 -1 12 0 13 0 13 0 12 0 12 1 12 1 12 2 11 2 12 2 12 2 12 2 12 2 12 3 12 4 12 4 12 3 12 4 12 4 12 3 12 5 12 4 12 4 12 0 0 0 0 0 0 0 0 0 0]"
"1769235371962549,CSI_DATA,STATION,00:00:00:00:00:00,0,0,0,0,0,0,0,0,0,0,0,0,0,0,0,0,0,0,0,0,0,128,[84 -64 4 0 0 0 0 0 0 0 0 0 -14 -10 -14 -11 -14 -11 -13 -12 -12 -12 -13 -13 -12 -12 -12 -13 -11 -13 -10 -14 -11 -14 -10 -13 -10 -13 -10 -13 -9 -13 -9 -13 -9 -13 -9 -12 -9 -13 -9 -13 -8 -13 -8 -12 -8 -12 -8 -12 -8 -11 -9 -11 0 0 -8 -11 -8 -10 -9 -10 -8 -10 -9 -11 -9 -10 -9 -10 -9 -10 -9 -10 -9 -9 -10 -9 -10 -9 -10 -9 -11 -9 -10 -9 -11 -8 -11 -9 -11 -9 -11 -8 -12 -8 -11 -8 -12 -8 -11 -8 -12 -8 -11 -8 -12 -7 0 0 0 0 0 0 0 0 0 0]"
"1769235371969022,CSI_DATA,STATION,00:00:00:00:00:00,0,0,0,0,0,0,0,0,0,0,0,0,0,0,0,0,0,0,0,0,0,128,[84 -64 4 0 0 0 0 0 0 0 0 0 13 7 12 8 12 8 12 8 11 9 12 9 11 9 10 9 10 10 10 10 10 10 10 10 9 10 9 10 8 10 8 10 8 10 9 10 8 10 8 9 8 9 8 9 8 8 8 9 8 8 8 8 0 0 8 8 8 8 8 7 9 7 8 7 8 7 8 7 9 6 9 6 9 6 9 5 9 6 10 5 10 5 10 5 10 5 10 4 11 4 11 4 10 4 11 4 10 4 11 4 11 3 11 3 11 3 0 0 0 0 0 0 0 0 0 0]"
"1769235371973349,CSI_DATA,STATION,00:00:00:00:00:00,0,0,0,0,0,0,0,0,0,0,0,0,0,0,0,0,0,0,0,0,0,128,[84 -64 4 0 0 0 0 0 0 0 0 0 11 -10 12 -10 12 -9 12 -9 13 -9 13 -8 13 -8 13 -7 13 -7 13 -7 13 -7 13 -6 13 -6 13 -6 13 -5 13 -5 12 -6 12 -6 12 -5 12 -5 11 -5 12 -5 12 -5 11 -5 11 -5 11 -5 0 0 10 -6 10 -5 10 -6 10 -6 10 -6 10 -6 9 -6 9 -7 9 -7 9 -7 9 -8 9 -7 8 -7 9 -8 8 -8 8 -9 8 -9 9 -9 8 -9 8 -9 8 -9 8 -9 8 -9 7 -10 7 -10 7 -10 0 0 0 0 0 0 0 0 0 0]"
"1769235371979810,CSI_DATA,STATION,00:00:00:00:00:00,0,0,0,0,0,0,0,0,0,0,0,0,0,0,0,0,0,0,0,0,0,128,[84 -64 4 0 0 0 0 0 0 0 0 0 -11 -12 -11 -13 -10 -13 -10 -13 -9 -13 -9 -13 -8 -14 -8 -14 -8 -14 -7 -15 -7 -14 -7 -14 -7 -14 -6 -14 -6 -14 -6 -14 -6 -14 -6 -13 -6 -14 -5 -13 -5 -13 -5 -13 -5 -12 -5 -12 -5 -12 -6 -12 0 0 -6 -12 -6 -11 -6 -11 -6 -11 -6 -11 -6 -11 -7 -11 -7 -11 -7 -10 -7 -10 -8 -10 -8 -10 -8 -10 -9 -10 -8 -10 -8 -10 -9 -10 -9 -10 -9 -9 -10 -9 -9 -9 -10 -9 -10 -9 -10 -9 -10 -9 -10 -9 0 0 0 0 0 0 0 0 0 0]"
"1769235371984174,CSI_DATA,STATION,00:00:00:00:00:00,0,0,0,0,0,0,0,0,0,0,0,0,0,0,0,0,0,0,0,0,0,128,[84 -64 4 0 0 0 0 0 0 0 0 0 -6 -16 -5 -16 -5 -16 -5 -17 -4 -16 -3 -17 -3 -16 -2 -17 -2 -16 -2 -16 -2 -16 -1 -16 -1 -15 -1 -15 0 -16 0 -15 0 -15 0 -14 0 -15 0 -15 0 -14 0 -14 0 -14 -1 -14 -1 -13 -1 -13 0 0 -1 -13 -1 -13 -2 -13 -1 -13 -2 -13 -2 -13 -2 -13 -3 -13 -3 -13 -3 -12 -4 -12 -3 -12 -4 -12 -4 -13 -4 -12 -5 -13 -5 -12 -5 -13 -5 -13 -5 -12 -6 -12 -6 -13 -6 -13 -6 -12 -6 -12 -6 -12 0 0 0 0 0 0 0 0 0 0]"
"1769235371988475,CSI_DATA,STATION,00:00:00:00:00:00,0,0,0,0,0,0,0,0,0,0,0,0,0,0,0,0,0,0,0,0,0,128,[84 -64 4 0 0 0 0 0 0 0 0 0 13 5 13 5 13 6 12 6 12 7 12 8 12 8 12 8 11 8 11 9 11 8 10 8 10 9 10 8 10 9 9 8 9 9 9 9 9 9 9 9 9 8 9 8 9 8 9 8 9 7 9 7 0 0 9 7 9 7 9 6 9 6 9 6 9 6 9 5 9 5 9 5 10 5 10 5 10 5 10 5 10 4 10 4 11 4 11 4 11 3 11 3 11 3 11 3 11 3 11 3 11 3 11 2 12 2 0 0 0 0 0 0 0 0 0 0]"
"1769235371994935,CSI_DATA,STATION,00:00:00:00:00:00,0,0,0,0,0,0,0,0,0,0,0,0,0,0,0,0,0,0,0,0,0,128,[84 -64 4 0 0 0 0 0 0 0 0 0 -2 -17 -1 -17 0 -17 -1 -17 0 -17 1 -17 2 -17 2 -17 3 -16 3 -17 3 -16 3 -16 3 -15 3 -15 4 -16 4 -15 4 -14 4 -14 3 -15 3 -14 4 -14 4 -14 4 -14 3 -14 3 -14 3 -14 0 0 2 -13 2 -13 2 -13 2 -13 2 -13 1 -13 1 -13 1 -13 1 -13 0 -13 0 -14 0 -13 0 -14 -1 -14 -1 -14 -1 -13 -2 -14 -2 -14 -2 -14 -2 -14 -2 -14 -3 -14 -3 -14 -3 -14 -3 -14 -3 -14 0 0 0 0 0 0 0 0 0 0]"
"1769235371999276,CSI_DATA,STATION,00:00:00:00:00:00,0,0,0,0,0,0,0,0,0,0,0,0,0,0,0,0,0,0,0,0,0,128,[84 -64 4 0 0 0 0 0 0 0 0 0 -11 14 -11 13 -12 12 -12 13 -12 12 -13 11 -12 11 -13 11 -13 10 -14 10 -13 10 -13 9 -13 9 -14 9 -13 8 -14 8 -13 8 -13 8 -13 7 -13 7 -12 8 -12 7 -13 8 -12 7 -12 7 -11 8 0 0 -11 7 -11 7 -11 8 -11 8 -11 7 -10 7 -10 8 -10 8 -10 8 -10 9 -10 9 -10 9 -10 9 -9 10 -10 9 -9 10 -8 10 -9 10 -9 10 -8 10 -9 11 -8 10 -8 11 -8 11 -8 11 -8 12 0 0 0 0 0 0 0 0 0 0]"
"1769235372005730,CSI_DATA,STATION,00:00:00:00:00:00,0,0,0,0,0,0,0,0,0,0,0,0,0,0,0,0,0,0,0,0,0,128,[84 -64 4 0 0 0 0 0 0 0 0 0 14 -1 15 0 14 1 15 1 14 1 15 2 14 3 14 3 14 3 14 3 14 4 13 3 13 4 13 4 13 4 12 4 12 4 12 4 12 4 12 4 12 5 12 4 12 4 12 4 11 4 11 3 0 0 11 3 11 3 11 3 11 2 11 2 11 2 11 2 11 2 11 1 11 1 11 0 11 1 11 0 12 1 11 0 12 0 11 -1 12 -1 12 -1 12 -1 12 -1 12 -1 12 -1 12 -1 12 -2 12 -2 0 0 0 0 0 0 0 0 0 0]"
"1769235372010042,CSI_DATA,STATION,00:00:00:00:00:00,0,0,0,0,0,0,0,0,0,0,0,0,0,0,0,0,0,0,0,0,0,128,[84 -64 4 0 0 0 0 0 0 0 0 0 -15 4 -15 3 -15 2 -15 2 -16 1 -16 1 -15 0 -16 0 -16 0 -15 0 -15 0 -15 0 -15 -1 -14 -1 -15 -2 -15 -1 -14 -2 -13 -2 -13 -2 -14 -2 -14 -2 -13 -2 -13 -1 -13 -2 -13 -1 -13 -1 0 0 -13 -1 -13 -1 -13 0 -13 0 -12 0 -12 0 -12 0 -12 0 -12 1 -13 1 -12 2 -12 1 -12 2 -13 2 -12 2 -13 3 -12 2 -12 3 -12 3 -13 3 -13 3 -13 3 -13 3 -12 4 -13 4 -13 4 0 0 0 0 0 0 0 0 0 0]"
"1769235372014354,CSI_DATA,STATION,00:00:00:00:00:00,0,0,0,0,0,0,0,0,0,0,0,0,0,0,0,0,0,0,0,0,0,128,[84 -64 4 0 0 0 0 0 0 0 0 0 8 12 7 13 6 13 6 13 6 13 5 14 5 13 4 13 4 13 3 14 3 14 3 13 2 13 3 13 2 14 3 13 2 13 2 12 2 13 2 13 2 12 2 12 2 12 2 12 2 12 2 11 0 0 2 11 3 11 3 11 3 11 3 11 4 10 4 11 4 11 4 10 4 10 4 10 5 10 5 11 6 11 5 10 6 10 6 10 6 10 6 10 7 10 7 9 6 10 6 10 7 10 7 10 7 10 0 0 0 0 0 0 0 0 0 0]"
"1769235372020896,CSI_DATA,STATION,00:00:00:00:00:00,0,0,0,0,0,0,0,0,0,0,0,0,0,0,0,0,0,0,0,0,0,128,[84 -64 4 0 0 0 0 0 0 0 0 0 4 -16 5 -16 6 -15 5 -16 6 -16 7 -15 7 -15 7 -15 8 -14 8 -14 8 -14 8 -14 8 -13 9 -13 8 -13 8 -13 9 -12 9 -12 8 -11 9 -12 8 -12 8 -12 8 -11 7 -11 7 -12 7 -12 0 0 7 -11 7 -12 6 -11 6 -11 6 -11 6 -12 6 -12 5 -12 5 -12 5 -12 4 -13 4 -12 4 -13 4 -13 4 -13 4 -13 4 -13 3 -14 3 -14 3 -14 3 -14 3 -14 3 -14 2 -14 3 -14 2 -14 0 0 0 0 0 0 0 0 0 0]"
"1769235372025334,CSI_DATA,STATION,00:00:00:00:00:00,0,0,0,0,0,0,0,0,0,0,0,0,0,0,0,0,0,0,0,0,0,128,[84 -64 4 0 0 0 0 0 0 0 0 0 -14 -6 -13 -7 -13 -7 -13 -8 -13 -8 -13 -9 -13 -9 -12 -9 -12 -9 -11 -10 -11 -10 -11 -10 -10 -10 -10 -10 -10 -10 -10 -10 -10 -10 -10 -10 -10 -10 -9 -10 -9 -9 -10 -9 -9 -9 -9 -9 -9 -9 -9 -9 0 0 -9 -8 -9 -8 -9 -8 -9 -7 -10 -8 -10 -7 -10 -7 -10 -7 -10 -7 -10 -7 -10 -6 -11 -7 -11 -6 -11 -6 -11 -6 -11 -6 -12 -6 -11 -6 -12 -6 -12 -5 -12 -5 -12 -5 -12 -6 -12 -5 -12 -5 -12 -5 0 0 0 0 0 0 0 0 0 0]"
"1769235372031885,CSI_DATA,STATION,00:00:00:00:00:00,0,0,0,0,0,0,0,0,0,0,0,0,0,0,0,0,0,0,0,0,0,128,[84 -64 4 0 0 0 0 0 0 0 0 0 -14 2 -14 2 -15 1 -14 1 -15 1 -15 0 -14 -1 -15 -1 -14 -1 -15 -2 -14 -1 -14 -2 -13 -2 -14 -2 -14 -2 -13 -2 -13 -2 -13 -3 -13 -3 -13 -3 -13 -3 -12 -3 -13 -2 -12 -2 -12 -2 -12 -2 0 0 -12 -1 -12 -1 -12 -1 -12 -1 -12 -1 -12 -1 -12 -1 -12 -1 -12 0 -12 0 -12 1 -12 0 -12 1 -12 1 -12 1 -12 2 -12 1 -13 1 -13 2 -12 2 -12 2 -12 2 -13 2 -12 3 -12 3 -12 3 0 0 0 0 0 0 0 0 0 0]"
"1769235372036322,CSI_DATA,STATION,00:00:00:00:00:00,0,0,0,0,0,0,0,0,0,0,0,0,0,0,0,0,0,0,0,0,0,128,[84 -64 4 0 0 0 0 0 0 0 0 0 14 5 13 6 13 7 13 7 13 8 13 8 12 8 12 8 11 8 11 9 11 9 11 9 11 9 10 9 10 10 10 9 10 9 10 9 9 9 9 9 9 9 9 8 9 8 9 8 9 8 9 8 0 0 9 7 9 8 9 7 9 6 10 7 9 7 9 6 10 6 10 6 10 6 10 5 10 6 10 6 11 5 11 5 11 5 12 4 11 5 12 4 11 4 12 4 12 4 12 4 12 4 12 4 12 3 0 0 0 0 0 0 0 0 0 0]"
"1769235372040652,CSI_DATA,STATION,00:00:00:00:00:00,0,0,0,0,0,0,0,0,0,0,0,0,0,0,0,0,0,0,0,0,0,128,[84 -64 4 0 0 0 0 0 0 0 0 0 -14 1 -14 1 -14 0 -14 -1 -14 0 -14 -1 -15 -2 -14 -2 -14 -2 -14 -3 -14 -3 -13 -3 -13 -3 -13 -3 -13 -3 -13 -3 -12 -4 -12 -4 -12 -4 -12 -3 -12 -4 -12 -3 -12 -3 -12 -3 -11 -3 -12 -2 0 0 -11 -2 -12 -2 -11 -2 -11 -2 -11 -2 -11 -2 -12 -2 -11 -1 -11 -1 -11 0 -11 0 -12 0 -12 0 -12 0 -12 0 -12 1 -12 1 -12 1 -12 1 -12 1 -12 1 -12 2 -12 1 -12 2 -12 2 -12 2 0 0 0 0 0 0 0 0 0 0]"
"1769235372047157,CSI_DATA,STATION,00:00:00:00:00:00,0,0,0,0,0,0,0,0,0,0,0,0,0,0,0,0,0,0,0,0,0,128,[84 -64 4 0 0 0 0 0 0 0 0 0 3 14 2 14 2 14 2 15 1 14 1 14 0 14 -1 15 -1 14 -1 14 -1 14 -1 14 -1 13 -1 14 -2 14 -2 14 -2 12 -2 13 -2 13 -2 13 -2 13 -2 12 -2 12 -1 12 -1 12 -1 12 0 0 -1 12 -1 12 -1 12 0 12 0 12 0 11 0 11 0 11 0 11 1 11 1 11 1 12 1 12 2 12 1 11 2 12 2 11 2 11 3 11 3 11 3 12 3 12 3 12 4 12 3 12 3 12 0 0 0 0 0 0 0 0 0 0]"
"1769235372051497,CSI_DATA,STATION,00:00:00:00:00:00,0,0,0,0,0,0,0,0,0,0,0,0,0,0,0,0,0,0,0,0,0,128,[84 -64 4 0 0 0 0 0 0 0 0 0 12 -8 13 -8 13 -7 13 -7 14 -7 14 -6 13 -6 14 -5 14 -5 14 -4 14 -4 14 -4 13 -3 13 -3 13 -3 13 -3 13 -3 13 -3 12 -2 13 -2 12 -3 12 -3 12 -3 12 -3 11 -3 11 -3 0 0 11 -3 11 -3 11 -4 11 -4 11 -4 11 -4 10 -4 10 -5 10 -5 10 -5 10 -5 10 -5 10 -5 10 -5 10 -6 10 -6 10 -7 10 -7 10 -7 10 -7 10 -7 9 -7 10 -7 10 -7 10 -8 10 -8 0 0 0 0 0 0 0 0 0 0]"
"1769235372055833,CSI_DATA,STATION,00:00:00:00:00:00,0,0,0,0,0,0,0,0,0,0,0,0,0,0,0,0,0,0,0,0,0,128,[84 -64 4 0 0 0 0 0 0 0 0 0 -3 -15 -2 -16 -2 -15 -2 -15 -1 -16 0 -15 1 -15 1 -15 1 -15 1 -15 1 -15 1 -15 1 -14 2 -14 2 -14 2 -14 3 -14 3 -13 2 -13 2 -13 2 -13 2 -13 2 -13 2 -12 1 -12 1 -13 0 0 1 -12 1 -12 0 -12 0 -12 0 -12 0 -12 0 -12 0 -12 -1 -12 -1 -12 -2 -12 -1 -12 -2 -12 -1 -12 -1 -12 -3 -12 -2 -12 -3 -12 -3 -13 -2 -12 -3 -12 -3 -12 -3 -12 -4 -13 -4 -12 -4 -13 0 0 0 0 0 0 0 0 0 0]"
"1769235372062360,CSI_DATA,STATION,00:00:00:00:00:00,0,0,0,0,0,0,0,0,0,0,0,0,0,0,0,0,0,0,0,0,0,128,[84 -64 4 0 0 0 0 0 0 0 0 0 -15 4 -15 3 -15 3 -15 2 -15 2 -15 1 -15 1 -15 0 -15 0 -15 0 -15 0 -15 0 -14 -1 -15 -1 -14 -1 -14 -1 -14 -1 -13 -2 -13 -1 -14 -2 -13 -2 -13 -1 -13 -1 -13 -1 -13 -1 -12 0 0 0 -12 0 -12 0 -12 0 -12 0 -12 0 -12 0 -12 0 -12 0 -12 1 -12 1 -12 2 -12 2 -12 2 -12 2 -12 3 -12 3 -12 3 -12 3 -12 3 -12 3 -12 3 -12 4 -12 4 -12 4 -12 5 -12 5 0 0 0 0 0 0 0 0 0 0]"
"1769235372066680,CSI_DATA,STATION,00:00:00:00:00:00,0,0,0,0,0,0,0,0,0,0,0,0,0,0,0,0,0,0,0,0,0,128,[84 -64 4 0 0 0 0 0 0 0 0 0 6 14 5 13 4 14 4 14 4 14 3 14 3 14 3 13 2 14 2 14 2 13 1 13 1 13 2 13 1 13 1 13 1 13 1 12 1 12 1 12 1 12 1 12 1 12 1 12 1 12 2 11 0 0 2 11 2 11 2 10 2 11 3 11 3 11 3 10 3 11 4 10 4 10 4 10 4 10 4 10 4 10 5 10 5 10 5 10 6 10 6 10 6 9 6 9 6 10 6 10 6 9 7 9 7 9 0 0 0 0 0 0 0 0 0 0]"
"1769235372070986,CSI_DATA,STATION,00:00:00:00:00:00,0,0,0,0,0,0,0,0,0,0,0,0,0,0,0,0,0,0,0,0,0,128,[84 -64 4 0 0 0 0 0 0 0 0 0 8 12 7 13 6 13 6 13 5 14 5 14 4 13 4 14 4 13 4 14 4 13 3 13 3 13 3 13 3 13 3 12 3 13 2 12 2 13 2 12 2 12 3 12 3 12 3 12 3 12 3 11 0 0 4 11 3 11 4 11 4 10 4 11 4 10 4 10 4 10 5 10 5 10 5 9 6 10 5 10 6 9 6 9 6 9 7 9 7 9 7 9 7 9 7 9 7 9 8 9 8 9 8 9 8 8 0 0 0 0 0 0 0 0 0 0]"
"1769235372077473,CSI_DATA,STATION,00:00:00:00:00:00,0,0,0,0,0,0,0,0,0,0,0,0,0,0,0,0,0,0,0,0,0,128,[84 -64 4 0 0 0 0 0 0 0 0 0 -13 8 -14 7 -14 6 -14 6 -14 5 -15 6 -14 5 -14 4 -14 4 -14 4 -14 4 -14 4 -14 3 -14 4 -14 3 -14 3 -14 3 -13 3 -13 2 -13 2 -13 3 -13 2 -12 3 -12 3 -12 3 -12 3 0 0 -12 3 -11 3 -11 4 -11 4 -11 4 -11 4 -11 4 -11 5 -11 5 -11 5 -10 6 -10 5 -10 6 -10 6 -10 6 -10 7 -10 6 -10 7 -10 7 -10 7 -10 7 -10 7 -10 8 -9 8 -9 8 -9 8 0 0 0 0 0 0 0 0 0 0]"
"1769235372081781,CSI_DATA,STATION,00:00:00:00:00:00,0,0,0,0,0,0,0,0,0,0,0,0,0,0,0,0,0,0,0,0,0,128,[84 -64 4 0 0 0 0 0 0 0 0 0 0 -17 1 -18 1 -18 1 -17 2 -17 3 -17 4 -17 4 -16 4 -17 4 -17 5 -16 5 -16 5 -15 5 -15 5 -15 5 -15 5 -14 5 -14 5 -14 4 -14 4 -14 4 -14 4 -14 4 -14 4 -14 3 -14 0 0 3 -13 3 -14 2 -13 2 -13 2 -13 2 -13 2 -13 2 -13 1 -13 1 -14 0 -13 0 -14 0 -14 0 -14 0 -14 -1 -14 -1 -14 -1 -14 -1 -14 -2 -14 -2 -15 -2 -14 -2 -15 -3 -14 -3 -14 -2 -14 0 0 0 0 0 0 0 0 0 0]"
"1769235372088201,CSI_DATA,STATION,00:00:00:00:00:00,0,0,0,0,0,0,0,0,0,0,0,0,0,0,0,0,0,0,0,0,0,128,[84 -64 4 0 0 0 0 0 0 0 0 0 11 -8 11 -8 11 -7 11 -7 12 -7 13 -6 11 -6 12 -6 12 -5 12 -5 12 -5 12 -4 12 -4 11 -4 12 -4 11 -4 11 -4 11 -4 11 -4 11 -3 11 -3 10 -4 11 -4 10 -3 10 -4 10 -4 0 0 10 -4 10 -4 9 -4 9 -5 9 -4 9 -5 9 -5 9 -6 9 -6 9 -6 8 -6 8 -6 8 -6 8 -6 8 -6 9 -7 8 -7 8 -7 8 -8 8 -7 8 -8 8 -7 8 -7 8 -8 8 -8 8 -8 0 0 0 0 0 0 0 0 0 0]"
"1769235372092511,CSI_DATA,STATION,00:00:00:00:00:00,0,0,0,0,0,0,0,0,0,0,0,0,0,0,0,0,0,0,0,0,0,128,[84 -64 4 0 0 0 0 0 0 0 0 0 14 -3 15 -2 14 -2 15 -1 15 -1 15 0 14 1 14 1 15 2 14 1 14 1 14 2 13 2 13 2 13 3 13 2 12 3 12 2 13 3 13 3 12 3 12 3 12 2 11 2 11 2 12 1 0 0 11 1 11 1 11 1 11 1 11 1 11 1 11 1 11 0 11 0 11 0 11 -1 11 0 11 -1 12 0 11 -1 12 -2 11 -1 12 -2 12 -2 12 -2 12 -2 12 -2 11 -2 12 -2 12 -3 12 -3 0 0 0 0 0 0 0 0 0 0]"
"1769235372103183,CSI_DATA,STATION,00:00:00:00:00:00,0,0,0,0,0,0,0,0,0,0,0,0,0,0,0,0,0,0,0,0,0,128,[84 -64 4 0 0 0 0 0 0 0 0 0 14 -2 14 -1 14 0 14 0 14 1 14 1 14 1 14 2 13 2 14 3 13 3 13 2 13 3 13 3 13 3 12 3 12 3 12 3 12 4 12 4 12 4 11 3 11 3 11 3 11 3 11 2 0 0 11 2 11 3 11 2 11 2 11 2 11 2 11 2 11 2 11 1 11 1 11 0 11 0 11 0 11 0 11 0 11 -1 12 0 12 -1 12 0 12 -1 12 -1 11 -1 12 -1 12 -1 12 -2 12 -2 0 0 0 0 0 0 0 0 0 0]"
"1769235372109630,CSI_DATA,STATION,00:00:00:00:00:00,0,0,0,0,0,0,0,0,0,0,0,0,0,0,0,0,0,0,0,0,0,128,[84 -64 4 0 0 0 0 0 0 0 0 0 -11 10 -11 10 -11 9 -12 9 -12 9 -12 8 -12 8 -13 7 -13 7 -12 7 -13 7 -12 6 -13 6 -13 6 -13 6 -12 5 -12 6 -12 6 -11 5 -12 5 -11 5 -11 5 -11 5 -11 5 -11 6 -11 6 0 0 -11 6 -10 6 -10 6 -10 6 -10 6 -10 6 -9 6 -9 6 -9 7 -9 7 -9 7 -9 7 -9 8 -9 8 -9 8 -9 8 -8 8 -8 8 -8 9 -8 9 -8 9 -8 9 -8 9 -8 9 -8 10 -8 10 0 0 0 0 0 0 0 0 0 0]"
"1769235372116074,CSI_DATA,STATION,00:00:00:00:00:00,0,0,0,0,0,0,0,0,0,0,0,0,0,0,0,0,0,0,0,0,0,128,[84 -64 4 0 0 0 0 0 0 0 0 0 14 -3 14 -3 14 -2 14 -2 14 -1 14 0 14 0 14 0 14 0 14 1 13 1 14 1 13 1 13 1 13 1 12 1 12 2 12 2 12 2 12 2 12 2 11 2 12 1 11 2 12 1 12 1 0 0 11 1 11 1 11 0 11 0 11 0 11 0 11 0 11 -1 11 -1 11 -1 11 -2 11 -1 11 -1 11 -2 11 -2 11 -2 11 -2 11 -3 12 -3 12 -3 11 -3 11 -3 12 -3 11 -3 11 -4 12 -4 0 0 0 0 0 0 0 0 0 0]"
"1769235372120394,CSI_DATA,STATION,00:00:00:00:00:00,0,0,0,0,0,0,0,0,0,0,0,0,0,0,0,0,0,0,0,0,0,128,[84 -64 4 0 0 0 0 0 0 0 0 0 11 9 10 10 10 10 10 10 9 11 9 11 8 11 8 11 8 11 7 12 8 11 7 11 7 11 6 11 6 11 6 11 6 11 6 11 6 11 6 11 6 10 6 10 5 11 6 10 6 10 6 9 0 0 6 9 6 9 6 9 6 9 6 9 7 9 7 8 7 9 7 8 7 8 8 8 7 8 8 8 7 8 8 8 8 7 9 7 9 7 9 7 9 7 9 7 9 7 9 7 9 7 10 7 10 7 0 0 0 0 0 0 0 0 0 0]"
"1769235372126878,CSI_DATA,STATION,00:00:00:00:00:00,0,0,0,0,0,0,0,0,0,0,0,0,0,0,0,0,0,0,0,0,0,128,[84 -64 4 0 0 0 0 0 0 0 0 0 6 -14 7 -14 7 -13 7 -13 8 -13 9 -12 8 -12 8 -12 9 -12 9 -11 9 -11 9 -11 9 -11 10 -10 10 -10 10 -10 9 -10 9 -9 9 -9 9 -9 8 -9 8 -9 9 -9 9 -9 8 -9 8 -9 0 0 8 -9 7 -8 7 -9 7 -9 7 -9 7 -9 6 -9 6 -10 6 -10 6 -10 6 -10 6 -10 6 -10 6 -10 6 -10 6 -11 5 -11 6 -11 6 -11 5 -11 5 -12 5 -11 5 -11 5 -12 5 -12 5 -12 0 0 0 0 0 0 0 0 0 0]"
"1769235372133294,CSI_DATA,STATION,00:00:00:00:00:00,0,0,0,0,0,0,0,0,0,0,0,0,0,0,0,0,0,0,0,0,0,128,[84 -64 4 0 0 0 0 0 0 0 0 0 -14 7 -14 6 -14 6 -14 6 -15 5 -15 5 -15 4 -15 3 -15 3 -15 3 -14 3 -14 3 -13 2 -14 2 -14 2 -14 2 -13 2 -13 1 -13 1 -13 1 -13 1 -13 1 -13 2 -12 2 -12 2 -12 2 0 0 -12 2 -12 2 -12 2 -12 3 -11 2 -11 3 -11 3 -11 3 -11 4 -12 4 -11 5 -11 4 -11 4 -11 5 -11 5 -11 5 -11 5 -11 6 -11 6 -11 6 -11 6 -11 6 -11 6 -11 7 -11 6 -11 7 0 0 0 0 0 0 0 0 0 0]"
"1769235372137589,CSI_DATA,STATION,00:00:00:00:00:00,0,0,0,0,0,0,0,0,0,0,0,0,0,0,0,0,0,0,0,0,0,128,[84 -64 4 0 0 0 0 0 0 0 0 0 -15 -1 -16 -3 -15 -3 -16 -4 -15 -3 -16 -4 -15 -5 -15 -5 -14 -5 -14 -6 -14 -6 -14 -5 -14 -6 -13 -6 -14 -6 -12 -6 -13 -6 -12 -6 -13 -6 -12 -6 -12 -6 -11 -6 -12 -6 -12 -6 -12 -5 -12 -5 0 0 -11 -4 -11 -5 -12 -4 -11 -3 -12 -5 -11 -4 -11 -3 -12 -4 -12 -3 -11 -3 -12 -2 -12 -2 -12 -2 -13 -2 -12 -2 -13 -1 -12 -2 -13 -1 -13 -1 -13 -1 -13 -1 -13 -1 -13 -1 -13 0 -13 0 -13 0 0 0 0 0 0 0 0 0 0 0]"
"1769235372144212,CSI_DATA,STATION,00:00:00:00:00:00,0,0,0,0,0,0,0,0,0,0,0,0,0,0,0,0,0,0,0,0,0,128,[84 -64 4 0 0 0 0 0 0 0 0 0 -10 -13 -9 -13 -9 -14 -8 -14 -8 -14 -7 -14 -7 -14 -7 -14 -6 -14 -6 -15 -6 -14 -5 -14 -5 -14 -5 -14 -5 -14 -4 -14 -4 -13 -5 -13 -4 -13 -4 -13 -5 -13 -4 -12 -4 -12 -5 -12 -4 -12 -4 -12 0 0 -5 -11 -5 -11 -5 -11 -5 -11 -6 -11 -5 -11 -6 -11 -6 -11 -7 -10 -7 -10 -7 -10 -7 -10 -7 -10 -7 -10 -8 -10 -8 -10 -8 -10 -9 -10 -9 -10 -9 -10 -9 -10 -9 -9 -9 -10 -10 -10 -9 -9 -10 -9 0 0 0 0 0 0 0 0 0 0]"
"1769235372148662,CSI_DATA,STATION,00:00:00:00:00:00,0,0,0,0,0,0,0,0,0,0,0,0,0,0,0,0,0,0,0,0,0,128,[84 -64 4 0 0 0 0 0 0 0 0 0 -16 -4 -16 -5 -16 -5 -16 -6 -15 -6 -15 -7 -14 -7 -14 -7 -14 -8 -14 -8 -13 -8 -13 -8 -13 -8 -13 -8 -13 -9 -12 -8 -12 -8 -12 -8 -12 -8 -11 -8 -11 -8 -11 -8 -11 -7 -11 -8 -11 -7 -11 -7 0 0 -11 -6 -11 -6 -11 -6 -11 -6 -12 -6 -11 -6 -11 -6 -11 -6 -12 -5 -12 -5 -12 -4 -12 -4 -12 -4 -12 -4 -12 -4 -13 -4 -12 -4 -13 -3 -13 -3 -13 -3 -13 -3 -13 -3 -13 -3 -13 -2 -13 -2 -13 -2 0 0 0 0 0 0 0 0 0 0]"
"1769235372155297,CSI_DATA,STATION,00:00:00:00:00:00,0,0,0,0,0,0,0,0,0,0,0,0,0,0,0,0,0,0,0,0,0,128,[84 -64 4 0 0 0 0 0 0 0 0 0 7 12 6 12 6 12 5 13 5 13 4 14 4 13 4 13 3 13 3 13 3 13 3 12 2 13 2 12 2 13 1 12 2 12 2 11 2 11 2 12 2 11 2 11 2 11 2 10 2 11 3 11 0 0 3 10 2 10 3 10 3 10 3 10 4 10 4 9 4 10 4 9 4 9 5 9 5 9 5 9 6 9 5 9 6 9 6 8 6 9 6 8 6 8 6 8 7 9 7 8 7 8 7 8 8 8 0 0 0 0 0 0 0 0 0 0]"
"1769235372159753,CSI_DATA,STATION,00:00:00:00:00:00,0,0,0,0,0,0,0,0,0,0,0,0,0,0,0,0,0,0,0,0,0,128,[84 -64 4 0 0 0 0 0 0 0 0 0 5 14 4 15 4 15 3 15 2 15 2 15 1 15 2 15 1 15 1 16 0 15 0 14 0 14 0 14 0 14 -1 14 0 13 -1 13 0 13 0 13 -1 13 0 13 0 13 0 13 0 12 1 12 0 0 1 12 1 12 1 11 1 12 1 12 2 12 2 12 2 12 2 11 3 11 3 11 3 11 3 12 4 11 3 11 4 11 5 11 5 11 5 11 5 11 5 11 5 11 6 11 6 11 5 11 6 11 0 0 0 0 0 0 0 0 0 0]"
"1769235372164232,CSI_DATA,STATION,00:00:00:00:00:00,0,0,0,0,0,0,0,0,0,0,0,0,0,0,0,0,0,0,0,0,0,128,[84 -64 4 0 0 0 0 0 0 0 0 0 -11 11 -11 11 -12 10 -12 10 -13 9 -13 9 -13 8 -14 9 -13 8 -14 7 -13 7 -14 7 -13 6 -13 6 -14 6 -13 6 -13 6 -13 6 -13 5 -13 5 -13 5 -12 6 -12 5 -13 5 -12 5 -12 6 0 0 -11 6 -11 5 -11 6 -11 6 -10 6 -11 6 -10 6 -10 6 -10 7 -11 7 -10 8 -10 8 -10 7 -10 8 -10 8 -9 8 -10 8 -10 9 -9 9 -10 9 -9 9 -9 9 -9 10 -9 9 -9 10 -9 10 0 0 0 0 0 0 0 0 0 0]"
"1769235372170913,CSI_DATA,STATION,00:00:00:00:00:00,0,0,0,0,0,0,0,0,0,0,0,0,0,0,0,0,0,0,0,0,0,128,[84 -64 4 0 0 0 0 0 0 0 0 0 13 -6 13 -5 12 -5 13 -4 13 -4 14 -4 13 -3 13 -2 14 -2 13 -2 13 -2 13 -2 13 -1 13 -2 13 -1 12 -1 12 0 12 -1 12 0 12 0 12 -1 11 -1 12 -1 11 -1 11 -1 11 -2 0 0 11 -2 11 -1 11 -2 11 -2 11 -2 11 -2 10 -2 10 -3 10 -3 10 -3 10 -4 10 -3 11 -4 10 -3 11 -4 11 -5 10 -4 11 -5 10 -5 10 -5 11 -5 11 -5 11 -5 10 -6 10 -6 11 -6 0 0 0 0 0 0 0 0 0 0]"
"1769235372175399,CSI_DATA,STATION,00:00:00:00:00:00,0,0,0,0,0,0,0,0,0,0,0,0,0,0,0,0,0,0,0,0,0,128,[84 -64 4 0 0 0 0 0 0 0 0 0 -15 -1 -15 -1 -15 -2 -15 -3 -14 -3 -14 -3 -14 -4 -14 -4 -14 -5 -14 -5 -13 -5 -13 -5 -12 -6 -12 -6 -13 -6 -12 -5 -12 -6 -12 -6 -12 -6 -12 -6 -11 -6 -11 -6 -12 -5 -11 -5 -11 -5 -11 -5 0 0 -11 -5 -11 -5 -11 -4 -11 -4 -11 -4 -11 -4 -11 -4 -11 -4 -11 -3 -12 -3 -12 -3 -11 -3 -12 -3 -12 -3 -12 -2 -12 -2 -12 -2 -13 -2 -13 -2 -12 -2 -13 -2 -13 -2 -13 -2 -13 -1 -13 -1 -13 -1 0 0 0 0 0 0 0 0 0 0]"
"1769235372179886,CSI_DATA,STATION,00:00:00:00:00:00,0,0,0,0,0,0,0,0,0,0,0,0,0,0,0,0,0,0,0,0,0,128,[84 -64 4 0 0 0 0 0 0 0 0 0 -12 4 -12 4 -12 3 -12 3 -12 3 -13 2 -12 2 -13 2 -13 2 -12 1 -13 1 -13 1 -12 0 -12 0 -12 0 -12 0 -11 0 -11 0 -11 0 -12 0 -11 0 -11 0 -11 0 -11 0 -11 0 -11 1 0 0 -11 1 -11 1 -10 1 -10 1 -10 1 -10 1 -10 2 -10 2 -10 2 -10 2 -10 3 -10 2 -10 2 -10 3 -10 3 -10 3 -10 3 -11 4 -10 4 -10 4 -10 4 -10 5 -11 5 -10 5 -10 5 -10 4 0 0 0 0 0 0 0 0 0 0]"
"1769235372184372,CSI_DATA,STATION,00:00:00:00:00:00,0,0,0,0,0,0,0,0,0,0,0,0,0,0,0,0,0,0,0,0,0,128,[84 -64 4 0 0 0 0 0 0 0 0 0 -12 6 -12 6 -12 5 -12 5 -12 5 -13 5 -12 4 -13 3 -13 3 -13 3 -13 3 -13 3 -13 2 -13 3 -13 1 -13 2 -12 2 -12 2 -13 1 -12 1 -12 1 -12 1 -12 2 -11 2 -11 2 -12 2 0 0 -12 2 -11 2 -11 3 -11 2 -11 2 -11 3 -11 3 -11 3 -11 3 -11 3 -11 4 -11 4 -11 4 -11 4 -11 4 -11 5 -11 5 -11 5 -11 6 -12 5 -11 5 -11 5 -11 5 -11 6 -11 6 -11 6 0 0 0 0 0 0 0 0 0 0]"
"1769235372191045,CSI_DATA,STATION,00:00:00:00:00:00,0,0,0,0,0,0,0,0,0,0,0,0,0,0,0,0,0,0,0,0,0,128,[84 -64 4 0 0 0 0 0 0 0 0 0 -10 9 -10 8 -10 8 -10 7 -11 7 -11 7 -11 7 -11 6 -12 6 -12 6 -12 6 -12 6 -11 5 -11 5 -12 5 -12 5 -12 5 -11 5 -11 4 -11 4 -11 4 -11 4 -11 4 -11 5 -11 4 -11 5 0 0 -11 4 -10 4 -10 5 -10 5 -10 5 -10 5 -10 5 -10 5 -10 6 -10 6 -10 6 -10 6 -10 6 -10 7 -10 7 -10 7 -9 7 -10 7 -10 8 -10 7 -9 8 -10 7 -9 8 -9 8 -10 9 -10 8 0 0 0 0 0 0 0 0 0 0]"
"1769235372195521,CSI_DATA,STATION,00:00:00:00:00:00,0,0,0,0,0,0,0,0,0,0,0,0,0,0,0,0,0,0,0,0,0,128,[84 -64 4 0 0 0 0 0 0 0 0 0 -13 -3 -13 -3 -13 -4 -13 -4 -12 -5 -12 -5 -12 -5 -12 -6 -12 -6 -12 -7 -12 -6 -11 -6 -11 -7 -11 -7 -11 -7 -11 -6 -11 -7 -11 -6 -10 -7 -10 -7 -10 -7 -10 -6 -10 -7 -10 -7 -10 -6 -10 -6 0 0 -10 -6 -10 -5 -10 -5 -10 -5 -11 -5 -10 -5 -11 -5 -11 -5 -11 -5 -11 -5 -11 -4 -11 -5 -11 -5 -11 -4 -11 -4 -11 -4 -12 -4 -12 -4 -12 -4 -12 -4 -12 -4 -12 -4 -12 -4 -12 -4 -13 -4 -13 -3 0 0 0 0 0 0 0 0 0 0]"
"1769235372199980,CSI_DATA,STATION,00:00:00:00:00:00,0,0,0,0,0,0,0,0,0,0,0,0,0,0,0,0,0,0,0,0,0,128,[84 -64 4 0 0 0 0 0 0 0 0 0 -14 6 -14 6 -15 5 -16 4 -15 4 -16 4 -16 4 -16 3 -15 3 -16 2 -15 2 -15 2 -15 2 -15 2 -15 1 -15 2 -15 1 -14 1 -15 1 -15 1 -14 1 -14 0 -14 1 -14 2 -14 1 -14 2 0 0 -14 2 -13 2 -14 2 -14 2 -14 2 -14 2 -14 3 -14 3 -14 3 -14 4 -14 4 -14 4 -14 4 -14 4 -14 4 -14 5 -13 5 -14 6 -14 6 -14 6 -14 6 -14 6 -14 6 -14 6 -14 7 -15 6 0 0 0 0 0 0 0 0 0 0]"
"1769235372206509,CSI_DATA,STATION,00:00:00:00:00:00,0,0,0,0,0,0,0,0,0,0,0,0,0,0,0,0,0,0,0,0,0,128,[84 -64 4 0 0 0 0 0 0 0 0 0 -5 14 -5 14 -6 14 -6 14 -6 14 -7 14 -7 13 -7 13 -8 13 -8 12 -8 13 -9 12 -9 11 -9 11 -9 12 -9 11 -9 11 -9 11 -9 11 -9 11 -9 11 -8 10 -9 10 -8 11 -8 10 -8 11 0 0 -8 10 -7 10 -7 11 -8 11 -8 11 -7 11 -7 11 -7 11 -7 11 -7 12 -7 12 -6 12 -6 12 -7 12 -6 12 -6 13 -6 13 -6 13 -5 13 -6 13 -6 13 -6 14 -6 14 -5 14 -6 14 -5 14 0 0 0 0 0 0 0 0 0 0]"
"1769235372210820,CSI_DATA,STATION,00:00:00:00:00:00,0,0,0,0,0,0,0,0,0,0,0,0,0,0,0,0,0,0,0,0,0,128,[84 -64 4 0 0 0 0 0 0 0 0 0 2 13 1 13 1 13 0 13 0 13 0 13 -1 13 -1 13 -1 13 -1 13 -2 13 -2 13 -2 12 -3 12 -3 12 -2 12 -3 12 -3 11 -3 12 -3 12 -3 11 -2 11 -3 11 -3 11 -2 11 -2 11 0 0 -2 11 -2 11 -1 11 -1 11 -1 11 -1 11 -1 11 -1 11 -1 11 0 11 0 11 0 12 0 12 0 12 0 11 0 12 1 11 1 12 2 12 1 12 2 12 1 12 2 13 2 12 1 13 2 13 0 0 0 0 0 0 0 0 0 0]"
"1769235372217277,CSI_DATA,STATION,00:00:00:00:00:00,0,0,0,0,0,0,0,0,0,0,0,0,0,0,0,0,0,0,0,0,0,128,[84 -64 4 0 0 0 0 0 0 0 0 0 8 -14 8 -14 9 -14 9 -13 9 -12 11 -12 10 -12 11 -11 11 -11 11 -11 11 -11 11 -11 11 -10 11 -10 12 -10 11 -9 11 -10 10 -9 11 -9 11 -9 11 -8 10 -9 10 -9 10 -9 10 -9 10 -9 0 0 9 -9 9 -9 9 -9 9 -9 9 -9 9 -9 8 -9 9 -10 8 -10 8 -10 8 -10 8 -11 8 -11 8 -11 8 -11 8 -12 8 -12 8 -12 7 -13 7 -12 8 -12 7 -12 7 -12 7 -13 7 -13 7 -13 0 0 0 0 0 0 0 0 0 0]"
"1769235372221792,CSI_DATA,STATION,00:00:00:00:00:00,0,0,0,0,0,0,0,0,0,0,0,0,0,0,0,0,0,0,0,0,0,128,[84 -64 4 0 0 0 0 0 0 0 0 0 9 12 9 13 9 13 8 13 7 14 7 13 6 13 6 14 6 14 5 14 5 14 5 13 5 13 5 14 4 14 4 13 4 13 3 13 3 13 4 13 3 12 3 13 4 12 5 12 4 12 4 12 0 0 4 12 4 11 4 11 4 11 5 12 5 11 5 11 5 12 5 11 6 11 6 10 7 10 6 11 7 11 7 11 7 11 8 11 8 10 8 11 8 10 7 11 8 10 8 11 9 10 9 10 9 10 0 0 0 0 0 0 0 0 0 0]"
"1769235372226256,CSI_DATA,STATION,00:00:00:00:00:00,0,0,0,0,0,0,0,0,0,0,0,0,0,0,0,0,0,0,0,0,0,128,[84 -64 4 0 0 0 0 0 0 0 0 0 -17 3 -16 3 -17 2 -17 1 -17 1 -17 0 -17 0 -16 -1 -16 -1 -17 -1 -16 -2 -16 -2 -15 -2 -16 -2 -15 -3 -16 -2 -15 -2 -15 -2 -14 -2 -14 -3 -14 -2 -14 -3 -14 -2 -14 -1 -14 -2 -14 -1 0 0 -13 -1 -14 -1 -13 -1 -14 0 -13 0 -13 -1 -13 0 -14 0 -14 1 -13 1 -13 2 -13 1 -13 2 -14 2 -14 2 -13 3 -13 3 -13 3 -14 4 -14 3 -14 3 -14 4 -14 3 -14 4 -14 5 -14 4 0 0 0 0 0 0 0 0 0 0]"
"1769235372232841,CSI_DATA,STATION,00:00:00:00:00:00,0,0,0,0,0,0,0,0,0,0,0,0,0,0,0,0,0,0,0,0,0,128,[84 -64 4 0 0 0 0 0 0 0 0 0 8 -15 9 -15 9 -14 9 -14 10 -13 10 -13 10 -13 11 -13 11 -12 11 -11 11 -11 11 -11 11 -11 11 -10 11 -10 11 -10 11 -10 11 -10 11 -10 10 -10 10 -9 10 -10 10 -9 9 -9 10 -9 9 -9 0 0 9 -10 8 -9 8 -10 8 -10 8 -10 8 -10 7 -10 8 -10 7 -11 7 -11 7 -11 7 -11 6 -11 7 -12 6 -11 6 -12 6 -12 6 -12 6 -12 6 -13 6 -13 5 -13 6 -13 5 -13 5 -13 5 -14 0 0 0 0 0 0 0 0 0 0]"
"1769235372237197,CSI_DATA,STATION,00:00:00:00:00:00,0,0,0,0,0,0,0,0,0,0,0,0,0,0,0,0,0,0,0,0,0,128,[84 -64 4 0 0 0 0 0 0 0 0 0 -16 6 -16 6 -16 5 -16 4 -16 4 -16 4 -16 3 -17 3 -16 2 -17 2 -16 2 -16 2 -16 1 -16 1 -16 0 -16 1 -15 1 -15 1 -15 0 -15 1 -14 1 -14 1 -14 1 -14 1 -14 1 -13 2 0 0 -14 2 -13 2 -13 2 -13 2 -12 3 -13 3 -12 3 -13 3 -13 4 -12 4 -12 5 -13 4 -12 5 -12 5 -12 5 -12 6 -12 6 -12 6 -12 6 -12 6 -12 7 -12 7 -12 7 -12 7 -12 8 -12 8 0 0 0 0 0 0 0 0 0 0]"
"1769235372241525,CSI_DATA,STATION,00:00:00:00:00:00,0,0,0,0,0,0,0,0,0,0,0,0,0,0,0,0,0,0,0,0,0,128,[84 -64 4 0 0 0 0 0 0 0 0 0 -5 15 -6 15 -7 15 -8 14 -7 14 -8 14 -9 14 -9 13 -9 13 -9 13 -10 13 -10 12 -10 12 -9 12 -10 11 -10 11 -10 11 -10 11 -10 11 -9 10 -10 10 -9 10 -9 10 -9 10 -9 10 -8 10 0 0 -8 10 -8 10 -7 10 -7 10 -8 10 -7 10 -7 10 -7 10 -7 11 -6 11 -6 11 -5 11 -6 11 -5 12 -6 11 -5 12 -5 12 -5 12 -5 12 -5 12 -5 13 -4 12 -4 13 -4 13 -4 13 -4 13 0 0 0 0 0 0 0 0 0 0]"
"1769235372248033,CSI_DATA,STATION,00:00:00:00:00:00,0,0,0,0,0,0,0,0,0,0,0,0,0,0,0,0,0,0,0,0,0,128,[84 -64 4 0 0 0 0 0 0 0 0 0 -16 12 -17 12 -17 11 -18 10 -18 9 -18 9 -18 9 -18 9 -18 7 -19 7 -19 7 -18 7 -18 6 -17 5 -18 5 -18 5 -18 5 -17 5 -17 4 -17 4 -17 4 -16 4 -16 5 -16 5 -15 4 -16 5 0 0 -16 5 -15 5 -15 5 -14 5 -15 5 -14 6 -14 6 -14 6 -15 7 -14 7 -14 7 -14 7 -13 7 -13 8 -14 7 -13 9 -12 8 -13 9 -12 10 -12 9 -13 10 -13 10 -13 10 -13 10 -13 10 -12 11 0 0 0 0 0 0 0 0 0 0]"
"1769235372252414,CSI_DATA,STATION,00:00:00:00:00:00,0,0,0,0,0,0,0,0,0,0,0,0,0,0,0,0,0,0,0,0,0,128,[84 -64 4 0 0 0 0 0 0 0 0 0 9 -18 9 -18 9 -18 10 -17 11 -17 11 -16 12 -16 12 -16 12 -15 12 -15 12 -15 13 -14 12 -13 13 -13 13 -13 12 -13 12 -12 12 -12 12 -12 12 -12 12 -11 11 -12 11 -12 11 -12 11 -12 10 -12 0 0 9 -12 9 -12 9 -12 9 -13 9 -12 9 -12 8 -13 8 -13 8 -13 7 -13 7 -14 7 -13 7 -13 7 -13 6 -14 6 -14 6 -15 6 -15 6 -15 5 -15 6 -14 5 -15 5 -15 4 -16 4 -16 4 -16 0 0 0 0 0 0 0 0 0 0]"
"1769235372256768,CSI_DATA,STATION,00:00:00:00:00:00,0,0,0,0,0,0,0,0,0,0,0,0,0,0,0,0,0,0,0,0,0,128,[84 -64 4 0 0 0 0 0 0 0 0 0 -11 15 -12 15 -13 14 -13 14 -13 13 -14 13 -14 13 -14 13 -14 11 -15 12 -15 11 -15 11 -15 10 -15 9 -15 9 -15 10 -14 9 -14 9 -14 9 -14 9 -14 9 -14 9 -14 9 -13 9 -13 9 -13 9 0 0 -12 9 -12 10 -12 10 -11 10 -11 10 -11 11 -11 10 -10 10 -10 10 -10 11 -10 11 -10 11 -10 11 -9 12 -9 12 -9 12 -9 12 -9 12 -8 13 -8 12 -8 13 -8 13 -8 13 -8 14 -8 13 -7 14 0 0 0 0 0 0 0 0 0 0]"
"1769235372263316,CSI_DATA,STATION,00:00:00:00:00:00,0,0,0,0,0,0,0,0,0,0,0,0,0,0,0,0,0,0,0,0,0,128,[84 -64 4 0 0 0 0 0 0 0 0 0 -8 16 -9 16 -9 16 -10 15 -10 14 -10 15 -11 14 -11 14 -12 13 -12 13 -12 13 -12 13 -12 12 -12 12 -13 12 -13 12 -12 11 -12 11 -13 11 -12 11 -12 10 -12 10 -11 10 -11 11 -11 10 -11 11 0 0 -11 10 -10 10 -10 11 -10 11 -10 11 -9 11 -9 11 -9 11 -9 11 -9 11 -9 12 -8 12 -8 12 -8 13 -8 12 -8 13 -7 12 -8 13 -7 13 -7 13 -7 13 -7 13 -7 13 -6 14 -7 14 -6 14 0 0 0 0 0 0 0 0 0 0]"
"1769235372267689,CSI_DATA,STATION,00:00:00:00:00:00,0,0,0,0,0,0,0,0,0,0,0,0,0,0,0,0,0,0,0,0,0,128,[84 -64 4 0 0 0 0 0 0 0 0 0 -18 -3 -18 -5 -18 -5 -17 -5 -18 -6 -17 -6 -17 -7 -17 -6 -16 -7 -17 -8 -16 -8 -16 -8 -15 -8 -15 -8 -15 -8 -15 -8 -14 -8 -14 -8 -14 -8 -14 -8 -14 -8 -14 -8 -15 -7 -14 -7 -14 -7 -14 -6 0 0 -14 -6 -14 -6 -13 -6 -14 -5 -14 -6 -14 -5 -14 -5 -14 -4 -14 -4 -15 -4 -15 -3 -14 -4 -14 -4 -15 -3 -15 -2 -15 -2 -15 -3 -15 -3 -16 -2 -16 -2 -16 -1 -16 -1 -16 -2 -15 -1 -16 -1 -16 0 0 0 0 0 0 0 0 0 0 0]"
"1769235372274227,CSI_DATA,STATION,00:00:00:00:00:00,0,0,0,0,0,0,0,0,0,0,0,0,0,0,0,0,0,0,0,0,0,128,[84 -64 4 0 0 0 0 0 0 0 0 0 11 -9 10 -9 10 -9 11 -8 11 -7 12 -7 12 -7 12 -7 12 -6 12 -6 12 -6 11 -6 12 -6 12 -5 12 -5 11 -5 11 -5 11 -5 11 -5 11 -5 11 -5 10 -5 11 -5 11 -5 10 -5 10 -5 0 0 10 -5 10 -5 10 -5 10 -5 10 -6 10 -6 9 -6 10 -6 10 -6 9 -7 9 -7 9 -7 9 -7 9 -7 9 -8 10 -8 9 -8 9 -9 9 -9 9 -9 9 -8 9 -8 9 -8 9 -9 9 -9 9 -9 0 0 0 0 0 0 0 0 0 0]"
"1769235372278580,CSI_DATA,STATION,00:00:00:00:00:00,0,0,0,0,0,0,0,0,0,0,0,0,0,0,0,0,0,0,0,0,0,128,[84 -64 4 0 0 0 0 0 0 0 0 0 -2 13 -2 13 -3 13 -3 13 -3 12 -4 13 -4 13 -4 13 -4 12 -4 12 -5 12 -5 12 -5 11 -5 11 -5 11 -6 11 -6 11 -6 11 -5 11 -5 11 -5 10 -5 10 -5 11 -5 11 -5 10 -4 10 0 0 -4 11 -4 10 -4 10 -4 10 -4 11 -3 11 -3 10 -3 11 -3 11 -3 11 -3 11 -2 11 -3 11 -2 11 -2 11 -2 12 -2 11 -2 12 -2 12 -1 12 -1 12 -2 12 -1 12 -1 12 -2 12 -1 12 0 0 0 0 0 0 0 0 0 0]"
"1769235372282936,CSI_DATA,STATION,00:00:00:00:00:00,0,0,0,0,0,0,0,0,0,0,0,0,0,0,0,0,0,0,0,0,0,128,[84 -64 4 0 0 0 0 0 0 0 0 0 -4 -14 -3 -14 -3 -14 -3 -14 -2 -14 -2 -14 -1 -14 -1 -14 -1 -14 0 -14 0 -14 0 -14 0 -13 0 -13 0 -13 0 -13 1 -13 1 -13 1 -12 1 -12 1 -12 0 -12 1 -13 0 -12 0 -12 0 -12 0 0 0 -12 -1 -12 -1 -11 -1 -12 -1 -12 -1 -12 -2 -12 -1 -12 -2 -12 -2 -12 -2 -12 -2 -12 -3 -12 -2 -12 -3 -12 -3 -12 -3 -13 -3 -13 -3 -13 -3 -13 -3 -13 -4 -13 -4 -13 -4 -13 -4 -13 -4 -13 0 0 0 0 0 0 0 0 0 0]"
"1769235372289474,CSI_DATA,STATION,00:00:00:00:00:00,0,0,0,0,0,0,0,0,0,0,0,0,0,0,0,0,0,0,0,0,0,128,[84 -64 4 0 0 0 0 0 0 0 0 0 -4 -14 -4 -14 -3 -14 -3 -15 -3 -15 -2 -14 -1 -15 -1 -15 -1 -14 0 -15 0 -14 0 -14 0 -14 0 -13 0 -13 0 -13 1 -13 1 -13 0 -13 0 -13 0 -13 0 -13 1 -13 0 -12 0 -13 0 -12 0 0 0 -12 -1 -12 -1 -11 -1 -12 -1 -12 -1 -12 -2 -12 -2 -12 -2 -12 -2 -12 -3 -12 -2 -12 -2 -12 -3 -12 -3 -12 -3 -12 -4 -13 -4 -12 -4 -13 -4 -13 -4 -13 -5 -13 -4 -13 -5 -13 -4 -13 -4 -13 0 0 0 0 0 0 0 0 0 0]"
"1769235372293813,CSI_DATA,STATION,00:00:00:00:00:00,0,0,0,0,0,0,0,0,0,0,0,0,0,0,0,0,0,0,0,0,0,128,[84 -64 4 0 0 0 0 0 0 0 0 0 13 -1 13 -1 12 0 13 0 13 1 13 1 13 2 13 2 12 3 13 2 12 2 12 2 12 3 11 3 11 3 11 3 11 4 11 4 11 3 10 3 10 3 10 3 10 3 11 3 10 2 10 2 0 0 10 2 10 2 10 2 10 1 10 2 10 1 10 1 10 1 10 1 10 0 10 0 11 0 11 0 11 0 11 0 11 0 11 -1 11 -1 11 -1 11 -1 11 -1 11 0 11 -1 11 -2 12 -2 12 -2 0 0 0 0 0 0 0 0 0 0]"
"1769235372300336,CSI_DATA,STATION,00:00:00:00:00:00,0,0,0,0,0,0,0,0,0,0,0,0,0,0,0,0,0,0,0,0,0,128,[84 -64 4 0 0 0 0 0 0 0 0 0 -8 11 -9 11 -9 10 -10 10 -10 10 -11 9 -11 10 -11 9 -11 8 -11 8 -11 8 -11 8 -11 7 -11 7 -11 7 -11 7 -11 7 -11 7 -10 6 -10 6 -10 6 -10 6 -10 7 -10 7 -9 6 -9 7 0 0 -9 7 -9 7 -8 7 -9 7 -9 7 -8 7 -8 8 -8 8 -8 8 -8 8 -7 8 -7 9 -7 9 -7 9 -7 9 -7 9 -7 9 -7 9 -7 10 -7 10 -7 10 -6 10 -7 10 -6 10 -6 10 -6 11 0 0 0 0 0 0 0 0 0 0]"
"1769235372311081,CSI_DATA,STATION,00:00:00:00:00:00,0,0,0,0,0,0,0,0,0,0,0,0,0,0,0,0,0,0,0,0,0,128,[84 -64 4 0 0 0 0 0 0 0 0 0 -7 -14 -6 -14 -6 -15 -6 -15 -5 -15 -5 -15 -4 -15 -4 -15 -4 -15 -4 -15 -3 -14 -3 -15 -2 -14 -3 -14 -2 -15 -2 -14 -2 -14 -2 -13 -2 -14 -2 -14 -2 -13 -2 -13 -2 -13 -3 -13 -2 -13 -3 -12 0 0 -3 -12 -3 -12 -3 -12 -3 -12 -4 -12 -4 -12 -4 -12 -4 -12 -4 -12 -5 -11 -5 -11 -5 -11 -5 -11 -5 -12 -6 -11 -6 -12 -6 -12 -7 -12 -7 -12 -7 -11 -7 -11 -7 -11 -7 -12 -8 -11 -8 -11 -8 -11 0 0 0 0 0 0 0 0 0 0]"
"1769235372315390,CSI_DATA,STATION,00:00:00:00:00:00,0,0,0,0,0,0,0,0,0,0,0,0,0,0,0,0,0,0,0,0,0,128,[84 -64 4 0 0 0 0 0 0 0 0 0 12 -5 13 -5 12 -4 12 -4 12 -4 13 -3 13 -3 13 -3 13 -2 13 -1 13 -1 13 -1 12 0 12 0 12 0 12 -1 12 -1 12 -1 12 0 12 -1 11 0 11 0 11 0 11 -1 11 -1 11 -1 0 0 11 -1 10 -1 10 -1 11 -2 10 -2 10 -2 10 -2 10 -2 10 -3 10 -3 10 -3 11 -2 10 -3 10 -3 11 -4 10 -4 10 -4 11 -5 10 -4 10 -5 11 -4 10 -4 11 -4 11 -5 11 -5 11 -5 0 0 0 0 0 0 0 0 0 0]"
"1769235372322000,CSI_DATA,STATION,00:00:00:00:00:00,0,0,0,0,0,0,0,0,0,0,0,0,0,0,0,0,0,0,0,0,0,128,[84 -64 4 0 0 0 0 0 0 0 0 0 11 9 11 10 11 10 10 11 9 11 9 11 9 11 9 12 8 12 8 12 8 12 8 12 7 12 7 12 7 12 6 11 7 11 6 11 7 11 6 12 6 11 6 11 6 10 6 11 6 10 7 10 0 0 6 10 7 9 7 9 6 9 7 9 7 9 7 9 8 9 8 8 8 8 8 8 8 8 8 8 9 8 8 7 9 8 10 7 10 7 10 7 10 7 10 7 10 7 10 7 10 7 10 7 11 6 0 0 0 0 0 0 0 0 0 0]"
"1769235372326437,CSI_DATA,STATION,00:00:00:00:00:00,0,0,0,0,0,0,0,0,0,0,0,0,0,0,0,0,0,0,0,0,0,128,[84 -64 4 0 0 0 0 0 0 0 0 0 4 -15 5 -14 6 -14 6 -14 6 -14 6 -14 7 -13 7 -13 7 -13 8 -13 8 -12 8 -12 8 -11 8 -12 8 -11 8 -11 8 -10 8 -11 8 -11 8 -11 7 -11 7 -11 8 -11 8 -10 7 -11 7 -10 0 0 6 -10 6 -11 6 -10 6 -11 6 -11 5 -11 4 -11 5 -11 5 -11 5 -12 4 -11 5 -11 4 -11 4 -12 4 -12 4 -12 3 -12 4 -13 3 -12 3 -13 3 -12 3 -13 3 -13 3 -13 2 -13 2 -13 0 0 0 0 0 0 0 0 0 0]"
"1769235372330852,CSI_DATA,STATION,00:00:00:00:00:00,0,0,0,0,0,0,0,0,0,0,0,0,0,0,0,0,0,0,0,0,0,128,[84 -64 4 0 0 0 0 0 0 0 0 0 16 -8 17 -7 16 -7 16 -6 17 -6 18 -5 17 -5 17 -4 17 -4 17 -4 17 -4 16 -3 16 -3 16 -3 17 -2 16 -2 16 -2 16 -2 15 -2 15 -2 15 -2 15 -2 15 -2 15 -2 14 -3 14 -3 0 0 14 -4 14 -3 14 -4 14 -4 13 -4 13 -4 13 -5 13 -5 13 -5 13 -6 13 -6 13 -6 13 -6 13 -7 13 -7 13 -8 13 -8 13 -8 13 -8 12 -8 13 -8 12 -8 13 -9 12 -9 13 -10 13 -10 0 0 0 0 0 0 0 0 0 0]"
"1769235372337349,CSI_DATA,STATION,00:00:00:00:00:00,0,0,0,0,0,0,0,0,0,0,0,0,0,0,0,0,0,0,0,0,0,128,[84 -64 4 0 0 0 0 0 0 0 0 0 7 11 7 12 6 12 6 13 5 13 5 13 5 12 5 12 3 12 3 13 4 12 4 13 3 12 3 12 3 13 2 12 3 12 2 12 3 12 2 12 2 11 2 11 3 11 3 11 3 11 3 10 0 0 3 11 3 10 3 10 3 10 3 10 3 10 3 10 4 10 4 10 4 10 4 9 5 10 5 10 5 10 5 9 6 10 6 9 6 9 6 9 6 9 7 9 6 10 6 9 7 9 7 9 7 9 0 0 0 0 0 0 0 0 0 0]"
"1769235372341651,CSI_DATA,STATION,00:00:00:00:00:00,0,0,0,0,0,0,0,0,0,0,0,0,0,0,0,0,0,0,0,0,0,128,[84 -64 4 0 0 0 0 0 0 0 0 0 -6 -13 -5 -14 -5 -13 -4 -14 -3 -14 -3 -14 -3 -13 -3 -14 -2 -14 -2 -14 -2 -14 -2 -13 -1 -13 -2 -14 -1 -13 -1 -13 -1 -12 -1 -12 -1 -12 -1 -13 0 -12 -1 -12 -1 -12 -1 -12 -1 -12 -2 -11 0 0 -2 -11 -1 -12 -2 -11 -1 -11 -2 -11 -2 -11 -3 -11 -3 -11 -3 -11 -3 -10 -4 -11 -4 -11 -4 -11 -4 -11 -4 -11 -4 -11 -5 -11 -5 -11 -5 -11 -5 -11 -5 -11 -5 -11 -6 -11 -6 -11 -6 -11 -6 -11 0 0 0 0 0 0 0 0 0 0]"
"1769235372348142,CSI_DATA,STATION,00:00:00:00:00:00,0,0,0,0,0,0,0,0,0,0,0,0,0,0,0,0,0,0,0,0,0,128,[84 -64 4 0 0 0 0 0 0 0 0 0 13 -7 13 -6 13 -6 13 -6 14 -5 14 -4 14 -4 14 -4 14 -4 14 -3 14 -3 14 -3 13 -2 13 -2 13 -2 13 -2 12 -2 12 -2 12 -2 12 -2 12 -2 11 -3 12 -2 11 -3 11 -3 11 -3 0 0 11 -3 11 -3 10 -3 10 -3 11 -3 10 -3 10 -4 10 -5 10 -5 10 -5 10 -5 10 -5 10 -5 10 -5 10 -6 10 -6 10 -7 10 -7 10 -7 10 -7 10 -7 9 -7 10 -7 10 -7 10 -8 10 -8 0 0 0 0 0 0 0 0 0 0]"
"1769235372352482,CSI_DATA,STATION,00:00:00:00:00:00,0,0,0,0,0,0,0,0,0,0,0,0,0,0,0,0,0,0,0,0,0,128,[84 -64 4 0 0 0 0 0 0 0 0 0 -8 12 -9 11 -9 11 -9 11 -10 10 -10 10 -10 10 -10 10 -11 9 -11 9 -10 9 -11 9 -10 9 -10 8 -11 8 -10 8 -11 8 -10 8 -10 7 -10 7 -10 7 -10 7 -9 8 -9 8 -9 7 -8 8 0 0 -9 7 -8 8 -8 8 -8 8 -8 8 -7 8 -7 8 -8 8 -7 8 -7 8 -7 9 -6 9 -6 9 -6 10 -7 9 -6 10 -6 9 -6 10 -6 10 -6 10 -5 10 -5 10 -5 10 -4 11 -5 11 -5 11 0 0 0 0 0 0 0 0 0 0]"
"1769235372356796,CSI_DATA,STATION,00:00:00:00:00:00,0,0,0,0,0,0,0,0,0,0,0,0,0,0,0,0,0,0,0,0,0,128,[84 -64 4 0 0 0 0 0 0 0 0 0 11 8 11 8 10 10 10 9 10 10 9 10 9 10 9 10 8 10 8 11 8 11 7 10 7 11 7 10 7 10 6 11 6 10 7 10 6 10 6 10 6 10 6 10 6 9 6 9 6 9 6 8 0 0 6 8 6 9 6 8 6 8 7 7 7 7 7 7 7 8 7 7 8 7 8 6 8 7 8 7 8 6 8 6 8 6 9 6 9 6 9 6 9 5 9 5 9 6 10 6 9 5 10 5 10 5 0 0 0 0 0 0 0 0 0 0]"
"1769235372363302,CSI_DATA,STATION,00:00:00:00:00:00,0,0,0,0,0,0,0,0,0,0,0,0,0,0,0,0,0,0,0,0,0,128,[84 -64 4 0 0 0 0 0 0 0 0 0 -14 -10 -14 -10 -13 -11 -12 -11 -12 -12 -12 -12 -11 -12 -11 -12 -11 -12 -10 -13 -10 -13 -10 -12 -10 -13 -9 -13 -9 -13 -9 -12 -9 -12 -9 -12 -8 -12 -8 -12 -8 -12 -9 -11 -8 -11 -9 -11 -8 -11 -9 -10 0 0 -9 -10 -8 -10 -9 -9 -9 -9 -9 -9 -9 -9 -9 -9 -10 -9 -10 -8 -10 -8 -11 -7 -11 -8 -10 -7 -11 -7 -11 -7 -11 -7 -11 -7 -11 -7 -12 -6 -12 -6 -12 -6 -12 -6 -12 -6 -13 -6 -12 -6 -13 -5 0 0 0 0 0 0 0 0 0 0]"
"1769235372367641,CSI_DATA,STATION,00:00:00:00:00:00,0,0,0,0,0,0,0,0,0,0,0,0,0,0,0,0,0,0,0,0,0,128,[84 -64 4 0 0 0 0 0 0 0 0 0 -14 -3 -15 -3 -15 -4 -15 -4 -14 -5 -15 -5 -14 -6 -14 -6 -14 -6 -13 -6 -13 -6 -13 -6 -12 -6 -13 -6 -12 -7 -12 -6 -11 -7 -11 -6 -12 -7 -11 -7 -11 -6 -11 -6 -11 -6 -11 -6 -10 -6 -11 -5 0 0 -11 -5 -11 -4 -11 -4 -11 -4 -11 -4 -11 -4 -11 -3 -11 -3 -11 -3 -11 -3 -11 -2 -11 -2 -11 -2 -11 -2 -11 -2 -12 -1 -11 -2 -12 -1 -12 -1 -12 -1 -11 0 -12 0 -12 -1 -12 0 -12 0 -12 0 0 0 0 0 0 0 0 0 0 0]"
"1769235372374154,CSI_DATA,STATION,00:00:00:00:00:00,0,0,0,0,0,0,0,0,0,0,0,0,0,0,0,0,0,0,0,0,0,128,[84 -64 4 0 0 0 0 0 0 0 0 0 14 -8 15 -7 15 -6 15 -6 15 -6 15 -5 15 -5 15 -5 15 -4 15 -4 15 -3 15 -3 14 -3 14 -2 15 -2 14 -2 14 -2 13 -3 14 -2 13 -2 13 -2 13 -2 13 -2 12 -3 12 -3 12 -3 0 0 12 -3 12 -3 12 -3 11 -3 11 -3 11 -4 11 -4 11 -4 11 -5 11 -5 10 -5 10 -5 11 -6 10 -6 11 -6 10 -7 10 -7 10 -7 10 -7 10 -7 10 -7 10 -7 10 -8 9 -8 10 -9 10 -9 0 0 0 0 0 0 0 0 0 0]"
"1769235372378495,CSI_DATA,STATION,00:00:00:00:00:00,0,0,0,0,0,0,0,0,0,0,0,0,0,0,0,0,0,0,0,0,0,128,[84 -64 4 0 0 0 0 0 0 0 0 0 1 15 0 16 -1 16 -1 16 -2 16 -3 15 -3 16 -3 15 -4 15 -4 15 -4 15 -4 14 -4 14 -4 14 -5 14 -5 14 -5 13 -5 13 -5 13 -5 13 -5 12 -4 12 -5 12 -4 12 -4 12 -4 12 0 0 -4 12 -3 12 -3 12 -3 12 -2 12 -2 12 -2 12 -2 12 -2 11 -1 12 -1 11 -1 12 -1 12 0 12 -1 12 0 12 0 11 0 12 1 12 1 12 1 12 1 12 1 12 2 12 2 12 2 12 0 0 0 0 0 0 0 0 0 0]"
"1769235372382823,CSI_DATA,STATION,00:00:00:00:00:00,0,0,0,0,0,0,0,0,0,0,0,0,0,0,0,0,0,0,0,0,0,128,[84 -64 4 0 0 0 0 0 0 0 0 0 9 -13 10 -13 10 -12 10 -11 11 -12 12 -11 12 -11 12 -10 12 -10 13 -9 12 -9 12 -9 12 -8 12 -8 12 -8 12 -9 12 -8 12 -8 11 -7 12 -7 11 -7 11 -7 11 -7 11 -8 11 -7 10 -8 0 0 10 -8 10 -7 9 -8 9 -8 9 -8 9 -8 9 -8 9 -9 9 -9 9 -9 8 -9 9 -9 8 -9 8 -10 8 -10 8 -10 7 -10 7 -10 7 -11 7 -11 7 -10 7 -10 7 -11 7 -11 7 -11 7 -11 0 0 0 0 0 0 0 0 0 0]"
"1769235372389334,CSI_DATA,STATION,00:00:00:00:00:00,0,0,0,0,0,0,0,0,0,0,0,0,0,0,0,0,0,0,0,0,0,128,[84 -64 4 0 0 0 0 0 0 0 0 0 15 -3 15 -3 15 -2 16 -1 15 -1 16 -1 15 -1 15 0 15 0 15 1 15 1 15 1 14 2 14 1 14 1 14 1 14 1 14 2 13 2 13 2 13 2 13 2 13 1 12 1 13 1 13 1 0 0 12 0 12 0 12 0 12 0 12 0 12 -1 12 -1 12 -1 12 -2 12 -2 12 -2 12 -2 12 -2 12 -3 12 -3 12 -4 11 -4 12 -4 12 -4 12 -5 11 -5 11 -5 12 -5 12 -5 12 -6 11 -6 0 0 0 0 0 0 0 0 0 0]"
"1769235372393655,CSI_DATA,STATION,00:00:00:00:00:00,0,0,0,0,0,0,0,0,0,0,0,0,0,0,0,0,0,0,0,0,0,128,[84 -64 4 0 0 0 0 0 0 0 0 0 -3 14 -4 14 -5 14 -5 14 -5 14 -6 14 -6 14 -7 14 -7 13 -7 13 -8 13 -7 12 -7 13 -7 12 -7 13 -7 12 -8 12 -8 11 -7 12 -8 11 -7 11 -7 11 -7 11 -7 11 -6 11 -6 11 0 0 -6 11 -5 11 -5 11 -6 11 -5 11 -4 11 -4 11 -4 11 -4 11 -4 11 -3 11 -3 12 -3 12 -3 13 -3 12 -3 12 -2 12 -3 12 -2 12 -2 12 -2 13 -2 12 -1 12 -1 12 -2 13 -1 13 0 0 0 0 0 0 0 0 0 0]"
"1769235372400159,CSI_DATA,STATION,00:00:00:00:00:00,0,0,0,0,0,0,0,0,0,0,0,0,0,0,0,0,0,0,0,0,0,128,[84 -64 4 0 0 0 0 0 0 0 0 0 15 -2 15 -1 15 0 15 0 15 1 15 1 15 1 15 1 14 1 14 2 14 2 14 2 14 2 13 3 14 3 13 2 13 3 13 3 13 3 13 3 13 3 12 3 12 2 13 2 12 2 12 2 0 0 12 1 12 1 12 1 12 1 12 1 12 1 12 0 12 0 11 0 11 -1 11 -1 12 -1 12 -1 12 -1 12 -2 12 -2 11 -3 12 -3 12 -3 12 -3 12 -3 12 -3 12 -3 12 -4 12 -5 12 -4 0 0 0 0 0 0 0 0 0 0]"
"1769235372404479,CSI_DATA,STATION,00:00:00:00:00:00,0,0,0,0,0,0,0,0,0,0,0,0,0,0,0,0,0,0,0,0,0,128,[84 -64 4 0 0 0 0 0 0 0 0 0 -12 9 -12 9 -13 9 -13 8 -13 8 -14 8 -14 7 -14 6 -14 6 -14 5 -14 6 -14 5 -14 5 -14 5 -14 5 -14 5 -14 5 -13 5 -13 4 -13 4 -13 4 -13 4 -13 4 -12 5 -12 4 -13 5 0 0 -12 5 -12 5 -11 5 -11 5 -11 6 -11 5 -11 6 -11 6 -11 7 -11 7 -10 7 -11 7 -10 7 -10 8 -10 7 -10 8 -10 8 -10 9 -10 9 -10 9 -10 9 -10 9 -10 9 -9 9 -9 9 -9 9 0 0 0 0 0 0 0 0 0 0]"
"1769235372408807,CSI_DATA,STATION,00:00:00:00:00:00,0,0,0,0,0,0,0,0,0,0,0,0,0,0,0,0,0,0,0,0,0,128,[84 -64 4 0 0 0 0 0 0 0 0 0 -12 6 -12 5 -13 4 -13 4 -13 4 -14 3 -13 3 -13 3 -13 2 -14 1 -14 2 -14 2 -13 1 -13 1 -13 1 -13 1 -13 2 -12 2 -12 1 -12 1 -12 1 -12 1 -12 2 -12 1 -12 1 -12 2 0 0 -11 2 -11 2 -11 2 -11 2 -11 2 -11 2 -11 3 -11 3 -11 4 -11 4 -11 4 -11 4 -11 4 -11 4 -11 4 -11 5 -10 5 -11 5 -11 5 -11 5 -11 6 -11 6 -10 6 -10 6 -11 7 -10 6 0 0 0 0 0 0 0 0 0 0]"
"1769235372415318,CSI_DATA,STATION,00:00:00:00:00:00,0,0,0,0,0,0,0,0,0,0,0,0,0,0,0,0,0,0,0,0,0,128,[84 -64 4 0 0 0 0 0 0 0 0 0 -13 7 -14 7 -14 7 -15 6 -14 5 -15 5 -15 5 -15 4 -15 4 -15 3 -15 4 -15 4 -15 3 -15 3 -14 3 -14 3 -14 3 -14 3 -14 2 -14 2 -14 2 -14 2 -14 3 -14 3 -13 3 -13 3 0 0 -13 3 -12 4 -12 4 -13 3 -12 5 -12 4 -12 4 -12 5 -12 5 -12 5 -12 6 -12 5 -11 6 -11 6 -11 6 -12 7 -11 7 -11 7 -11 8 -12 7 -12 8 -11 8 -11 8 -11 8 -11 8 -11 8 0 0 0 0 0 0 0 0 0 0]"
"1769235372419632,CSI_DATA,STATION,00:00:00:00:00:00,0,0,0,0,0,0,0,0,0,0,0,0,0,0,0,0,0,0,0,0,0,128,[84 -64 4 0 0 0 0 0 0 0 0 0 5 -12 6 -13 6 -12 6 -12 7 -12 8 -12 8 -11 8 -11 9 -11 8 -11 8 -10 9 -11 9 -10 8 -10 9 -9 9 -9 9 -9 9 -9 9 -9 9 -9 8 -8 8 -8 8 -8 8 -9 8 -9 8 -9 0 0 8 -8 7 -8 7 -9 7 -9 7 -9 7 -9 6 -9 7 -10 7 -9 6 -10 6 -10 6 -10 6 -10 6 -10 6 -10 6 -10 5 -10 6 -11 6 -11 6 -11 5 -11 6 -11 5 -11 5 -11 5 -12 5 -12 0 0 0 0 0 0 0 0 0 0]"
"1769235372424137,CSI_DATA,STATION,00:00:00:00:00:00,0,0,0,0,0,0,0,0,0,0,0,0,0,0,0,0,0,0,0,0,0,128,[84 -64 4 0 0 0 0 0 0 0 0 0 -7 12 -7 12 -8 12 -8 11 -9 11 -9 10 -9 11 -10 10 -10 10 -11 10 -10 10 -10 9 -10 9 -10 9 -10 8 -10 8 -10 8 -10 8 -10 8 -10 7 -10 7 -10 8 -10 8 -9 8 -9 7 -9 8 0 0 -9 8 -9 8 -9 8 -8 8 -8 8 -8 8 -8 8 -8 8 -8 8 -8 9 -7 9 -7 9 -7 9 -7 10 -7 9 -7 10 -7 10 -7 10 -6 10 -7 10 -6 11 -6 10 -6 10 -6 11 -6 11 -6 11 0 0 0 0 0 0 0 0 0 0]"
"1769235372430514,CSI_DATA,STATION,00:00:00:00:00:00,0,0,0,0,0,0,0,0,0,0,0,0,0,0,0,0,0,0,0,0,0,128,[84 -64 4 0 0 0 0 0 0 0 0 0 11 8 11 9 11 9 10 10 9 10 9 10 9 11 9 11 8 10 8 11 8 11 8 11 8 11 7 11 7 11 7 11 7 11 6 10 6 11 6 11 6 10 5 11 6 10 6 10 6 10 6 10 0 0 6 10 6 9 6 9 6 9 7 9 6 9 7 9 7 9 7 8 7 8 8 8 8 8 8 8 8 8 8 8 8 8 9 8 9 8 9 8 9 7 9 8 9 8 9 7 10 7 10 7 10 7 0 0 0 0 0 0 0 0 0 0]"
"1769235372434749,CSI_DATA,STATION,00:00:00:00:00:00,0,0,0,0,0,0,0,0,0,0,0,0,0,0,0,0,0,0,0,0,0,128,[84 -64 4 0 0 0 0 0 0 0 0 0 10 -10 10 -10 10 -9 10 -9 11 -8 12 -8 11 -7 11 -7 12 -7 11 -7 11 -6 11 -6 11 -5 11 -5 12 -5 11 -5 11 -5 10 -5 11 -5 11 -5 11 -5 11 -5 10 -5 10 -5 10 -5 10 -5 0 0 10 -5 9 -5 10 -5 9 -5 9 -5 9 -5 9 -6 9 -6 9 -6 9 -6 9 -7 9 -6 9 -7 9 -7 9 -7 9 -8 8 -7 9 -8 9 -8 9 -8 8 -8 9 -8 9 -8 8 -8 8 -9 9 -9 0 0 0 0 0 0 0 0 0 0]"
"1769235372439210,CSI_DATA,STATION,00:00:00:00:00:00,0,0,0,0,0,0,0,0,0,0,0,0,0,0,0,0,0,0,0,0,0,128,[84 -64 4 0 0 0 0 0 0 0 0 0 -5 13 -6 13 -7 13 -7 12 -7 12 -7 12 -8 12 -8 12 -8 11 -9 11 -9 11 -9 10 -9 10 -9 10 -9 9 -9 10 -9 10 -9 10 -8 9 -9 9 -9 9 -8 9 -9 9 -8 9 -8 9 -7 9 0 0 -7 9 -7 9 -6 9 -7 9 -7 9 -6 9 -6 9 -6 9 -6 9 -6 10 -5 10 -5 10 -5 10 -5 10 -5 11 -5 10 -4 11 -4 10 -4 11 -4 11 -4 11 -4 11 -4 12 -3 12 -4 12 -3 12 0 0 0 0 0 0 0 0 0 0]"
"1769235372445818,CSI_DATA,STATION,00:00:00:00:00:00,0,0,0,0,0,0,0,0,0,0,0,0,0,0,0,0,0,0,0,0,0,128,[84 -64 4 0 0 0 0 0 0 0 0 0 -13 3 -14 3 -14 3 -14 2 -14 2 -14 1 -14 1 -14 1 -14 0 -14 0 -14 0 -13 0 -13 -1 -13 -1 -13 -2 -13 0 -13 -1 -12 -1 -13 -1 -12 -1 -12 -1 -12 -1 -12 -1 -12 -1 -12 -1 -12 0 0 0 -12 0 -11 0 -11 0 -11 0 -11 0 -11 0 -11 1 -11 1 -11 1 -11 2 -11 2 -11 2 -11 2 -11 2 -11 2 -11 3 -11 2 -11 3 -11 4 -11 3 -11 4 -11 4 -11 4 -11 4 -11 4 -11 4 0 0 0 0 0 0 0 0 0 0]"
"1769235372450289,CSI_DATA,STATION,00:00:00:00:00:00,0,0,0,0,0,0,0,0,0,0,0,0,0,0,0,0,0,0,0,0,0,128,[84 -64 4 0 0 0 0 0 0 0 0 0 7 11 7 12 6 12 6 13 5 12 5 13 5 13 5 13 4 13 4 13 3 13 3 12 3 13 3 12 2 12 2 12 2 12 2 12 2 12 2 12 2 12 2 11 2 11 2 11 2 11 2 11 0 0 3 10 2 10 3 10 3 10 3 10 3 10 4 10 4 10 4 9 4 10 4 9 4 9 5 10 5 9 5 9 6 9 6 9 6 9 6 9 6 9 6 9 6 9 7 9 7 9 7 9 7 9 0 0 0 0 0 0 0 0 0 0]"
"1769235372456951,CSI_DATA,STATION,00:00:00:00:00:00,0,0,0,0,0,0,0,0,0,0,0,0,0,0,0,0,0,0,0,0,0,128,[84 -64 4 0 0 0 0 0 0 0 0 0 -10 -12 -10 -12 -9 -13 -9 -13 -9 -13 -8 -13 -8 -13 -7 -14 -7 -14 -7 -14 -6 -13 -6 -13 -6 -14 -5 -14 -5 -14 -6 -13 -5 -13 -5 -13 -5 -13 -5 -13 -5 -13 -5 -13 -5 -12 -5 -12 -5 -12 -5 -11 0 0 -5 -11 -5 -11 -6 -11 -5 -11 -6 -10 -6 -11 -6 -11 -7 -10 -7 -10 -7 -10 -8 -10 -7 -10 -7 -10 -8 -10 -8 -9 -8 -9 -9 -10 -9 -9 -9 -9 -9 -9 -9 -9 -10 -9 -9 -9 -10 -9 -10 -9 -10 -9 0 0 0 0 0 0 0 0 0 0]"
"1769235372461438,CSI_DATA,STATION,00:00:00:00:00:00,0,0,0,0,0,0,0,0,0,0,0,0,0,0,0,0,0,0,0,0,0,128,[84 -64 4 0 0 0 0 0 0 0 0 0 -3 15 -4 15 -5 15 -5 15 -5 14 -6 14 -7 14 -7 14 -7 13 -7 13 -7 13 -8 12 -8 12 -8 12 -8 12 -8 12 -8 12 -8 11 -8 11 -7 11 -8 10 -7 11 -7 10 -7 11 -6 10 -6 10 0 0 -6 10 -5 10 -5 10 -5 11 -5 11 -5 10 -5 10 -5 10 -4 11 -4 11 -4 11 -4 11 -3 11 -3 11 -3 12 -3 12 -3 11 -3 12 -2 12 -2 12 -2 12 -2 12 -2 12 -2 12 -2 12 -1 12 0 0 0 0 0 0 0 0 0 0]"
"1769235372465899,CSI_DATA,STATION,00:00:00:00:00:00,0,0,0,0,0,0,0,0,0,0,0,0,0,0,0,0,0,0,0,0,0,128,[84 -64 4 0 0 0 0 0 0 0 0 0 11 8 11 8 11 8 10 9 10 9 9 9 9 10 9 10 9 10 8 11 8 10 8 10 7 10 7 10 7 10 7 10 6 10 7 10 6 10 6 10 6 10 6 9 6 9 6 10 6 9 6 8 0 0 6 8 6 8 6 8 7 8 7 8 6 8 7 7 7 8 7 7 7 7 8 7 8 7 8 7 8 7 8 6 8 6 9 6 9 6 9 6 9 6 9 6 9 6 9 6 10 5 10 6 10 5 0 0 0 0 0 0 0 0 0 0]"
"1769235372472622,CSI_DATA,STATION,00:00:00:00:00:00,0,0,0,0,0,0,0,0,0,0,0,0,0,0,0,0,0,0,0,0,0,128,[84 -64 4 0 0 0 0 0 0 0 0 0 -14 9 -14 8 -15 8 -14 7 -16 7 -15 6 -15 5 -16 6 -15 5 -16 4 -15 5 -15 4 -15 4 -15 4 -15 2 -15 4 -15 3 -15 3 -14 2 -14 2 -14 2 -14 2 -14 3 -14 3 -13 2 -13 3 0 0 -13 3 -13 3 -12 3 -13 3 -12 3 -13 3 -12 3 -13 4 -12 4 -12 5 -12 5 -12 5 -12 5 -11 5 -12 5 -11 6 -11 6 -11 6 -12 7 -12 7 -11 7 -11 7 -12 7 -11 8 -11 7 -11 8 0 0 0 0 0 0 0 0 0 0]"
"1769235372481405,CSI_DATA,STATION,00:00:00:00:00:00,0,0,0,0,0,0,0,0,0,0,0,0,0,0,0,0,0,0,0,0,0,128,[84 -64 4 0 0 0 0 0 0 0 0 0 6 -13 7 -13 7 -13 7 -12 9 -12 9 -12 9 -12 9 -11 9 -11 10 -11 10 -11 10 -10 10 -10 10 -10 10 -9 10 -10 10 -9 10 -10 9 -9 10 -8 9 -8 9 -9 10 -9 9 -9 9 -8 9 -9 0 0 8 -9 8 -9 8 -9 8 -9 8 -9 8 -9 7 -9 7 -9 7 -9 7 -10 6 -10 6 -10 6 -10 6 -10 6 -11 6 -11 6 -11 6 -11 6 -11 6 -11 6 -11 5 -11 5 -12 5 -12 5 -12 5 -12 0 0 0 0 0 0 0 0 0 0]"
"1769235372488159,CSI_DATA,STATION,00:00:00:00:00:00,0,0,0,0,0,0,0,0,0,0,0,0,0,0,0,0,0,0,0,0,0,128,[84 -64 4 0 0 0 0 0 0 0 0 0 -7 -13 -6 -14 -6 -14 -5 -14 -5 -14 -4 -14 -4 -14 -3 -15 -4 -15 -3 -15 -3 -14 -3 -14 -3 -14 -3 -14 -2 -14 -2 -14 -2 -14 -2 -13 -2 -14 -2 -13 -2 -13 -2 -13 -2 -13 -2 -13 -2 -13 -2 -13 0 0 -3 -12 -3 -12 -3 -12 -3 -12 -4 -12 -3 -12 -4 -12 -4 -12 -4 -11 -4 -11 -5 -11 -5 -11 -5 -12 -5 -11 -5 -11 -6 -11 -6 -11 -6 -11 -6 -11 -6 -11 -6 -11 -7 -11 -7 -11 -8 -11 -7 -11 -7 -11 0 0 0 0 0 0 0 0 0 0]"
"1769235372494828,CSI_DATA,STATION,00:00:00:00:00:00,0,0,0,0,0,0,0,0,0,0,0,0,0,0,0,0,0,0,0,0,0,128,[84 -64 4 0 0 0 0 0 0 0 0 0 -15 -7 -15 -8 -15 -8 -15 -9 -14 -9 -14 -10 -13 -9 -13 -10 -13 -10 -13 -11 -13 -11 -12 -11 -12 -11 -11 -11 -11 -11 -11 -11 -11 -11 -11 -11 -11 -11 -11 -11 -10 -11 -10 -11 -10 -10 -10 -11 -10 -10 -10 -10 0 0 -10 -10 -10 -9 -11 -9 -10 -9 -11 -9 -10 -8 -11 -8 -11 -9 -11 -8 -11 -8 -12 -7 -12 -8 -11 -8 -12 -8 -12 -7 -12 -7 -12 -7 -13 -7 -13 -6 -13 -6 -13 -6 -13 -6 -13 -7 -14 -6 -13 -6 -14 -6 0 0 0 0 0 0 0 0 0 0]"
"1769235372499295,CSI_DATA,STATION,00:00:00:00:00:00,0,0,0,0,0,0,0,0,0,0,0,0,0,0,0,0,0,0,0,0,0,128,[84 -64 4 0 0 0 0 0 0 0 0 0 -10 -13 -10 -13 -9 -13 -9 -14 -8 -14 -8 -14 -7 -14 -7 -15 -7 -15 -7 -15 -6 -14 -6 -14 -6 -15 -6 -15 -5 -15 -5 -14 -5 -14 -5 -14 -5 -14 -4 -14 -4 -14 -4 -14 -4 -13 -5 -14 -5 -14 -5 -13 0 0 -4 -13 -5 -13 -5 -13 -5 -12 -5 -13 -5 -13 -5 -12 -6 -13 -6 -12 -6 -12 -7 -12 -7 -12 -7 -12 -7 -12 -7 -12 -7 -12 -8 -12 -8 -12 -8 -12 -8 -12 -8 -12 -9 -12 -9 -12 -9 -11 -9 -11 -9 -12 0 0 0 0 0 0 0 0 0 0]"
"1769235372503763,CSI_DATA,STATION,00:00:00:00:00:00,0,0,0,0,0,0,0,0,0,0,0,0,0,0,0,0,0,0,0,0,0,128,[84 -64 4 0 0 0 0 0 0 0 0 0 2 12 2 12 1 12 1 13 1 13 1 13 0 13 0 13 -1 13 -1 13 -1 13 -1 12 -1 12 -2 12 -2 13 -2 12 -2 12 -2 11 -2 12 -2 12 -2 12 -2 11 -2 11 -2 11 -1 11 -1 11 0 0 -1 11 -1 11 0 11 -1 11 0 11 0 11 0 11 0 10 0 10 1 10 1 10 1 11 1 11 1 11 1 11 2 11 2 10 2 11 2 11 2 11 3 11 3 11 3 11 4 11 4 11 3 11 0 0 0 0 0 0 0 0 0 0]"
"1769235372510460,CSI_DATA,STATION,00:00:00:00:00:00,0,0,0,0,0,0,0,0,0,0,0,0,0,0,0,0,0,0,0,0,0,128,[84 -64 4 0 0 0 0 0 0 0 0 0 -10 -11 -10 -11 -9 -11 -10 -12 -9 -12 -9 -12 -9 -12 -8 -12 -8 -13 -8 -13 -7 -13 -7 -13 -7 -13 -6 -13 -6 -13 -6 -12 -6 -12 -6 -12 -6 -13 -6 -13 -6 -12 -6 -12 -6 -12 -6 -12 -6 -12 -6 -12 0 0 -6 -11 -7 -11 -7 -11 -7 -11 -7 -11 -7 -11 -7 -10 -8 -10 -8 -10 -8 -10 -8 -10 -8 -10 -8 -10 -9 -10 -9 -9 -9 -9 -9 -10 -10 -9 -10 -9 -10 -9 -10 -9 -11 -9 -10 -9 -11 -9 -11 -9 -11 -9 0 0 0 0 0 0 0 0 0 0]"
"1769235372514930,CSI_DATA,STATION,00:00:00:00:00:00,0,0,0,0,0,0,0,0,0,0,0,0,0,0,0,0,0,0,0,0,0,128,[84 -64 4 0 0 0 0 0 0 0 0 0 8 11 7 11 6 11 6 12 6 12 5 13 5 12 5 12 4 12 4 13 4 12 4 12 3 12 3 12 3 13 3 12 3 12 3 11 3 12 3 12 3 12 3 12 2 12 3 11 3 11 3 11 0 0 3 11 3 11 3 11 3 10 3 11 4 10 4 10 4 10 5 10 5 10 4 9 4 10 5 10 5 10 5 10 5 10 6 10 6 10 6 9 6 10 7 10 7 10 7 10 7 10 7 10 7 10 0 0 0 0 0 0 0 0 0 0]"
"1769235372519423,CSI_DATA,STATION,00:00:00:00:00:00,0,0,0,0,0,0,0,0,0,0,0,0,0,0,0,0,0,0,0,0,0,128,[84 -64 4 0 0 0 0 0 0 0 0 0 -2 -15 -2 -15 -2 -15 -1 -15 -1 -16 0 -16 1 -15 1 -15 1 -16 1 -15 2 -15 2 -14 2 -14 2 -15 3 -15 2 -14 3 -14 3 -13 3 -14 3 -13 3 -13 3 -13 3 -13 3 -13 2 -13 2 -13 0 0 2 -13 2 -13 2 -13 1 -13 1 -13 1 -13 1 -13 1 -13 1 -13 0 -13 0 -13 0 -13 0 -13 0 -13 0 -13 0 -14 -1 -14 -1 -14 -1 -14 -1 -14 -1 -14 -2 -14 -2 -14 -2 -14 -2 -14 -2 -14 0 0 0 0 0 0 0 0 0 0]"
"1769235372526087,CSI_DATA,STATION,00:00:00:00:00:00,0,0,0,0,0,0,0,0,0,0,0,0,0,0,0,0,0,0,0,0,0,128,[84 -64 4 0 0 0 0 0 0 0 0 0 -10 -11 -10 -11 -9 -12 -9 -12 -9 -13 -9 -13 -8 -12 -8 -13 -7 -13 -7 -13 -7 -13 -6 -12 -6 -13 -6 -13 -6 -13 -6 -13 -5 -12 -5 -12 -5 -13 -5 -13 -5 -12 -5 -12 -5 -12 -5 -12 -5 -12 -5 -11 0 0 -6 -11 -6 -11 -6 -11 -5 -11 -6 -11 -6 -11 -7 -11 -7 -11 -7 -10 -7 -10 -7 -11 -7 -10 -7 -10 -8 -11 -7 -10 -8 -10 -8 -11 -9 -10 -8 -10 -9 -10 -9 -10 -9 -10 -9 -10 -9 -10 -9 -10 -9 -10 0 0 0 0 0 0 0 0 0 0]"
"1769235372530489,CSI_DATA,STATION,00:00:00:00:00:00,0,0,0,0,0,0,0,0,0,0,0,0,0,0,0,0,0,0,0,0,0,128,[84 -64 4 0 0 0 0 0 0 0 0 0 13 -4 13 -4 13 -4 14 -3 13 -3 14 -2 13 -2 14 -1 13 -1 14 -1 13 -1 13 0 13 0 13 0 13 0 13 0 12 0 12 0 12 0 12 0 11 0 12 0 12 0 11 0 11 0 12 -1 0 0 11 -1 11 -1 11 -1 11 -1 11 -1 11 -1 10 -1 11 -2 11 -2 10 -2 11 -3 11 -2 11 -3 11 -3 10 -3 11 -4 10 -4 11 -5 11 -4 11 -4 11 -5 11 -4 11 -5 11 -5 11 -5 11 -5 0 0 0 0 0 0 0 0 0 0]"
"1769235372537023,CSI_DATA,STATION,00:00:00:00:00:00,0,0,0,0,0,0,0,0,0,0,0,0,0,0,0,0,0,0,0,0,0,128,[84 -64 4 0 0 0 0 0 0 0 0 0 -15 6 -15 5 -15 5 -15 4 -15 4 -15 3 -15 3 -15 3 -15 2 -16 2 -15 2 -15 2 -15 1 -14 1 -15 1 -15 1 -14 1 -14 1 -14 0 -14 0 -14 1 -13 0 -14 1 -13 1 -13 1 -13 1 0 0 -13 1 -13 2 -12 2 -13 2 -12 2 -12 2 -12 2 -12 3 -12 3 -12 3 -12 4 -12 4 -12 4 -12 4 -12 4 -12 5 -11 5 -12 5 -12 5 -12 5 -12 5 -12 5 -12 6 -12 6 -12 6 -12 6 0 0 0 0 0 0 0 0 0 0]"
"1769235372541347,CSI_DATA,STATION,00:00:00:00:00:00,0,0,0,0,0,0,0,0,0,0,0,0,0,0,0,0,0,0,0,0,0,128,[84 -64 4 0 0 0 0 0 0 0 0 0 10 10 10 10 9 11 10 11 9 11 9 12 8 11 8 12 7 12 7 12 7 12 7 11 7 12 7 12 6 12 6 11 6 12 5 11 6 12 6 11 5 12 5 11 5 11 6 11 6 10 6 10 0 0 6 10 5 10 6 9 5 9 6 9 6 10 6 9 7 9 6 8 7 8 7 8 8 8 8 8 8 8 8 8 8 8 8 7 9 7 8 8 9 7 9 7 8 7 9 7 9 7 10 7 10 7 0 0 0 0 0 0 0 0 0 0]"
"1769235372545668,CSI_DATA,STATION,00:00:00:00:00:00,0,0,0,0,0,0,0,0,0,0,0,0,0,0,0,0,0,0,0,0,0,128,[84 -64 4 0 0 0 0 0 0 0 0 0 -10 14 -10 13 -11 13 -11 12 -12 12 -12 11 -12 11 -13 11 -12 10 -13 10 -13 10 -13 10 -13 9 -12 9 -14 8 -13 9 -13 9 -13 8 -12 8 -12 7 -12 8 -12 8 -12 8 -12 7 -11 7 -11 8 0 0 -11 7 -10 8 -10 8 -10 8 -9 8 -10 8 -9 8 -10 8 -9 9 -9 9 -9 9 -9 9 -9 9 -8 10 -9 10 -8 10 -8 10 -8 11 -8 11 -8 11 -8 11 -7 10 -8 11 -7 11 -7 11 -8 11 0 0 0 0 0 0 0 0 0 0]"
"1769235372552186,CSI_DATA,STATION,00:00:00:00:00:00,0,0,0,0,0,0,0,0,0,0,0,0,0,0,0,0,0,0,0,0,0,128,[84 -64 4 0 0 0 0 0 0 0 0 0 5 13 5 13 4 14 3 14 3 14 3 14 3 14 2 14 2 14 1 14 1 13 1 14 1 13 1 13 0 14 0 13 0 13 1 12 0 13 0 12 0 12 1 12 0 12 1 12 1 11 1 11 0 0 1 11 1 11 2 10 1 10 2 10 2 11 2 10 3 10 3 10 3 10 4 9 4 10 4 10 4 10 4 10 4 10 5 9 5 10 5 9 5 9 5 9 6 10 6 10 6 9 6 9 7 9 0 0 0 0 0 0 0 0 0 0]"
"1769235372556497,CSI_DATA,STATION,00:00:00:00:00:00,0,0,0,0,0,0,0,0,0,0,0,0,0,0,0,0,0,0,0,0,0,128,[84 -64 4 0 0 0 0 0 0 0 0 0 13 9 13 10 12 10 12 11 12 11 11 12 11 12 11 12 10 12 9 13 10 12 9 12 9 12 8 12 8 12 8 12 8 12 9 12 8 12 8 11 7 11 8 11 8 11 8 11 8 11 8 9 0 0 8 9 7 9 8 9 8 8 8 9 8 9 8 8 9 8 9 7 9 7 9 7 10 7 10 7 10 7 10 6 10 6 11 6 11 6 11 6 11 5 11 6 11 5 11 5 11 5 12 5 12 5 0 0 0 0 0 0 0 0 0 0]"
"1769235372560823,CSI_DATA,STATION,00:00:00:00:00:00,0,0,0,0,0,0,0,0,0,0,0,0,0,0,0,0,0,0,0,0,0,128,[84 -64 4 0 0 0 0 0 0 0 0 0 7 -14 8 -14 8 -13 8 -13 8 -13 9 -12 9 -12 10 -12 10 -11 10 -11 10 -11 9 -11 10 -11 10 -10 10 -10 10 -9 10 -9 10 -9 9 -9 9 -8 9 -9 9 -9 9 -9 9 -9 8 -9 8 -9 0 0 8 -9 8 -8 7 -9 7 -9 7 -9 6 -9 6 -9 7 -10 6 -10 6 -10 5 -10 6 -10 5 -10 5 -11 5 -11 5 -11 4 -11 5 -12 4 -11 4 -11 4 -12 4 -12 4 -11 3 -12 4 -12 3 -12 0 0 0 0 0 0 0 0 0 0]"
"1769235372567337,CSI_DATA,STATION,00:00:00:00:00:00,0,0,0,0,0,0,0,0,0,0,0,0,0,0,0,0,0,0,0,0,0,128,[84 -64 4 0 0 0 0 0 0 0 0 0 2 15 1 15 1 15 0 15 -1 15 -1 15 -1 15 -2 15 -1 15 -3 15 -3 14 -3 14 -3 13 -3 13 -4 14 -3 13 -3 13 -3 12 -3 13 -3 13 -3 13 -2 12 -3 12 -3 12 -3 12 -2 12 0 0 -2 11 -1 12 -1 11 -1 11 -1 12 0 11 0 11 0 11 0 11 1 11 1 11 1 11 1 11 1 11 2 11 2 11 2 11 3 11 3 11 3 11 3 11 3 11 3 11 4 12 4 11 4 11 0 0 0 0 0 0 0 0 0 0]"
"1769235372571645,CSI_DATA,STATION,00:00:00:00:00:00,0,0,0,0,0,0,0,0,0,0,0,0,0,0,0,0,0,0,0,0,0,128,[84 -64 4 0 0 0 0 0 0 0 0 0 9 -14 9 -13 9 -13 10 -12 11 -12 11 -12 11 -12 12 -11 12 -11 12 -10 12 -10 12 -10 12 -9 12 -9 13 -9 12 -8 12 -9 11 -8 11 -7 11 -7 11 -7 11 -7 11 -8 10 -7 10 -8 10 -8 0 0 10 -8 9 -7 9 -7 9 -8 9 -8 9 -8 8 -8 8 -9 8 -9 8 -9 7 -9 8 -9 8 -9 8 -9 8 -10 7 -10 7 -10 7 -10 7 -10 7 -11 7 -11 7 -11 7 -11 6 -11 7 -12 6 -12 0 0 0 0 0 0 0 0 0 0]"
"1769235372578137,CSI_DATA,STATION,00:00:00:00:00:00,0,0,0,0,0,0,0,0,0,0,0,0,0,0,0,0,0,0,0,0,0,128,[84 -64 4 0 0 0 0 0 0 0 0 0 11 -9 12 -10 11 -9 12 -8 13 -8 13 -7 12 -7 13 -7 13 -6 13 -5 13 -5 13 -5 13 -5 13 -5 13 -4 12 -5 12 -5 12 -5 12 -4 12 -4 11 -4 11 -4 11 -4 11 -4 11 -4 11 -4 0 0 10 -5 10 -4 10 -5 10 -5 10 -5 10 -5 9 -5 9 -6 9 -6 9 -6 9 -6 9 -6 9 -6 9 -6 9 -7 9 -7 8 -8 9 -8 9 -8 8 -8 8 -8 8 -8 8 -8 8 -9 8 -9 8 -9 0 0 0 0 0 0 0 0 0 0]"
"1769235372582459,CSI_DATA,STATION,00:00:00:00:00:00,0,0,0,0,0,0,0,0,0,0,0,0,0,0,0,0,0,0,0,0,0,128,[84 -64 4 0 0 0 0 0 0 0 0 0 5 -15 6 -15 6 -14 6 -14 7 -14 8 -13 8 -13 8 -13 9 -12 9 -12 8 -12 9 -12 9 -12 9 -11 10 -11 9 -11 9 -11 9 -11 9 -10 9 -10 9 -10 8 -10 8 -10 8 -10 8 -10 7 -10 0 0 7 -10 7 -9 6 -9 6 -9 6 -10 6 -10 6 -10 6 -10 5 -11 5 -11 5 -10 5 -10 4 -10 5 -11 4 -11 4 -12 4 -12 4 -12 3 -12 4 -12 3 -12 3 -12 3 -12 2 -12 3 -12 2 -12 0 0 0 0 0 0 0 0 0 0]"
"1769235372586779,CSI_DATA,STATION,00:00:00:00:00:00,0,0,0,0,0,0,0,0,0,0,0,0,0,0,0,0,0,0,0,0,0,128,[84 -64 4 0 0 0 0 0 0 0 0 0 -14 -3 -14 -4 -14 -4 -14 -5 -14 -5 -13 -5 -13 -6 -13 -6 -13 -6 -13 -7 -12 -7 -12 -7 -12 -7 -11 -7 -11 -7 -11 -7 -11 -7 -11 -8 -11 -7 -10 -7 -10 -7 -10 -7 -11 -7 -10 -7 -10 -6 -10 -6 0 0 -10 -5 -10 -5 -10 -5 -10 -5 -10 -5 -10 -5 -10 -4 -10 -4 -10 -4 -11 -4 -11 -3 -11 -4 -11 -4 -11 -3 -11 -3 -11 -3 -11 -3 -11 -3 -11 -2 -12 -2 -11 -2 -12 -2 -12 -2 -12 -1 -12 -1 -11 -1 0 0 0 0 0 0 0 0 0 0]"
"1769235372593283,CSI_DATA,STATION,00:00:00:00:00:00,0,0,0,0,0,0,0,0,0,0,0,0,0,0,0,0,0,0,0,0,0,128,[84 -64 4 0 0 0 0 0 0 0 0 0 -11 11 -12 11 -12 10 -12 10 -12 9 -13 9 -13 8 -14 8 -13 8 -13 7 -13 7 -13 7 -13 7 -13 7 -13 6 -13 6 -14 6 -13 6 -13 5 -13 5 -12 5 -12 5 -13 5 -12 6 -12 5 -12 6 0 0 -11 6 -10 5 -11 6 -10 6 -10 6 -10 6 -10 6 -10 7 -9 7 -10 7 -9 8 -9 7 -9 8 -9 8 -9 8 -9 9 -8 8 -9 9 -9 9 -8 9 -8 9 -8 9 -8 9 -8 10 -8 10 -8 10 0 0 0 0 0 0 0 0 0 0]"
"1769235372597609,CSI_DATA,STATION,00:00:00:00:00:00,0,0,0,0,0,0,0,0,0,0,0,0,0,0,0,0,0,0,0,0,0,128,[84 -64 4 0 0 0 0 0 0 0 0 0 -13 -9 -13 -9 -12 -10 -13 -11 -12 -11 -12 -12 -11 -11 -11 -12 -10 -11 -10 -12 -10 -12 -10 -12 -10 -12 -9 -12 -9 -12 -9 -12 -9 -12 -9 -12 -8 -12 -8 -12 -8 -12 -8 -11 -8 -11 -9 -11 -8 -11 -8 -11 0 0 -8 -10 -8 -10 -9 -10 -8 -9 -9 -10 -8 -9 -8 -9 -9 -9 -9 -9 -9 -8 -10 -8 -10 -8 -10 -8 -10 -8 -10 -8 -11 -8 -10 -8 -11 -7 -11 -7 -11 -7 -11 -7 -11 -7 -11 -7 -12 -7 -12 -6 -12 -6 0 0 0 0 0 0 0 0 0 0]"
"1769235372604073,CSI_DATA,STATION,00:00:00:00:00:00,0,0,0,0,0,0,0,0,0,0,0,0,0,0,0,0,0,0,0,0,0,128,[84 -64 4 0 0 0 0 0 0 0 0 0 -7 14 -8 14 -9 13 -9 13 -9 12 -10 12 -10 12 -10 12 -10 11 -11 11 -11 11 -11 11 -11 10 -11 10 -11 10 -11 9 -11 10 -11 9 -11 9 -11 8 -11 9 -10 8 -10 8 -10 9 -9 9 -9 9 0 0 -9 8 -9 8 -8 9 -8 9 -8 9 -8 9 -8 9 -8 9 -7 9 -7 9 -7 10 -7 10 -7 10 -7 10 -6 10 -6 10 -6 11 -6 11 -6 11 -5 11 -5 11 -5 11 -5 11 -5 12 -5 12 -5 12 0 0 0 0 0 0 0 0 0 0]"
"1769235372608377,CSI_DATA,STATION,00:00:00:00:00:00,0,0,0,0,0,0,0,0,0,0,0,0,0,0,0,0,0,0,0,0,0,128,[84 -64 4 0 0 0 0 0 0 0 0 0 -8 12 -8 12 -9 12 -9 11 -9 11 -10 10 -10 10 -11 10 -11 9 -11 9 -10 10 -10 9 -11 9 -10 8 -11 8 -11 8 -11 8 -10 8 -11 7 -11 7 -10 7 -10 7 -10 7 -9 7 -9 7 -9 8 0 0 -9 7 -8 7 -8 7 -8 7 -8 8 -8 7 -8 8 -8 8 -8 8 -7 8 -7 9 -7 8 -7 9 -7 9 -7 9 -7 10 -6 9 -6 9 -6 10 -6 9 -6 10 -6 10 -6 10 -5 10 -5 11 -5 10 0 0 0 0 0 0 0 0 0 0]"
"1769235372612694,CSI_DATA,STATION,00:00:00:00:00:00,0,0,0,0,0,0,0,0,0,0,0,0,0,0,0,0,0,0,0,0,0,128,[84 -64 4 0 0 0 0 0 0 0 0 0 12 -1 13 -1 12 0 13 0 12 0 13 1 13 1 12 1 12 1 12 2 12 2 12 2 11 3 12 3 12 3 11 2 10 3 10 3 11 3 11 3 10 3 10 2 10 2 10 3 10 2 10 2 0 0 10 2 10 1 10 1 10 1 10 1 10 1 10 1 10 1 10 0 9 0 10 0 9 0 10 0 10 0 10 -1 10 -1 10 -1 10 -2 10 -2 10 -2 10 -2 10 -2 10 -2 10 -3 10 -3 10 -3 0 0 0 0 0 0 0 0 0 0]"
"1769235372619206,CSI_DATA,STATION,00:00:00:00:00:00,0,0,0,0,0,0,0,0,0,0,0,0,0,0,0,0,0,0,0,0,0,128,[84 -64 4 0 0 0 0 0 0 0 0 0 1 -14 2 -14 2 -14 2 -14 3 -14 4 -14 4 -13 4 -13 5 -13 5 -13 5 -13 5 -12 5 -12 5 -12 5 -12 5 -11 6 -12 6 -11 6 -11 6 -11 5 -11 5 -10 5 -11 5 -11 4 -10 4 -11 0 0 4 -10 4 -10 4 -10 4 -10 4 -10 3 -10 3 -10 3 -10 3 -11 3 -11 2 -11 2 -11 2 -11 2 -11 2 -11 2 -11 1 -11 1 -11 1 -11 1 -11 1 -11 1 -11 0 -11 0 -12 0 -12 0 -12 0 0 0 0 0 0 0 0 0 0]"
"1769235372623712,CSI_DATA,STATION,00:00:00:00:00:00,0,0,0,0,0,0,0,0,0,0,0,0,0,0,0,0,0,0,0,0,0,128,[84 -64 4 0 0 0 0 0 0 0 0 0 -16 -4 -16 -5 -16 -6 -16 -6 -16 -6 -15 -7 -15 -7 -15 -7 -14 -8 -14 -8 -14 -8 -13 -8 -13 -9 -13 -9 -13 -9 -13 -9 -12 -9 -12 -9 -12 -9 -12 -9 -11 -8 -11 -8 -11 -8 -11 -8 -11 -8 -12 -7 0 0 -11 -7 -11 -7 -11 -7 -11 -6 -11 -7 -11 -6 -11 -6 -12 -6 -12 -5 -12 -6 -12 -5 -12 -5 -12 -5 -12 -5 -12 -4 -12 -4 -13 -4 -12 -4 -13 -4 -13 -4 -13 -3 -13 -4 -13 -3 -13 -3 -13 -3 -13 -2 0 0 0 0 0 0 0 0 0 0]"
"1769235372630186,CSI_DATA,STATION,00:00:00:00:00:00,0,0,0,0,0,0,0,0,0,0,0,0,0,0,0,0,0,0,0,0,0,128,[84 -64 4 0 0 0 0 0 0 0 0 0 -4 -14 -4 -15 -4 -15 -3 -15 -3 -15 -2 -15 -1 -14 -1 -15 0 -15 0 -15 0 -14 0 -14 0 -14 0 -14 0 -14 0 -14 1 -13 1 -13 1 -13 1 -13 1 -13 1 -13 1 -13 0 -12 0 -12 0 -12 0 0 0 -12 -1 -12 -1 -12 -1 -12 -1 -11 -1 -12 -2 -12 -2 -11 -2 -11 -2 -11 -3 -11 -3 -11 -3 -11 -3 -11 -4 -11 -4 -11 -4 -12 -4 -11 -4 -11 -4 -12 -4 -11 -5 -11 -5 -12 -6 -11 -5 -11 -5 -11 0 0 0 0 0 0 0 0 0 0]"
"1769235372634431,CSI_DATA,STATION,00:00:00:00:00:00,0,0,0,0,0,0,0,0,0,0,0,0,0,0,0,0,0,0,0,0,0,128,[84 -64 4 0 0 0 0 0 0 0 0 0 14 2 14 2 14 3 14 3 13 4 13 4 13 5 13 5 12 5 12 6 12 5 12 5 12 6 11 6 11 6 11 5 11 6 11 6 11 6 11 6 10 6 10 5 10 5 10 5 10 5 10 4 0 0 10 4 10 4 10 4 10 3 10 3 10 3 10 3 10 3 10 2 10 2 10 2 10 2 10 2 11 2 11 1 11 1 11 1 11 1 11 0 11 0 11 0 11 0 11 0 11 0 11 -1 11 -1 0 0 0 0 0 0 0 0 0 0]"
"1769235372638740,CSI_DATA,STATION,00:00:00:00:00:00,0,0,0,0,0,0,0,0,0,0,0,0,0,0,0,0,0,0,0,0,0,128,[84 -64 4 0 0 0 0 0 0 0 0 0 -3 14 -4 14 -4 14 -5 14 -5 14 -5 13 -6 13 -6 13 -7 12 -7 13 -7 12 -6 12 -7 12 -7 12 -7 11 -7 11 -8 11 -8 11 -7 10 -7 11 -7 10 -7 10 -7 11 -6 10 -6 10 -6 10 0 0 -6 10 -5 10 -5 10 -5 10 -5 10 -4 10 -4 10 -4 10 -4 10 -4 10 -3 10 -3 11 -3 11 -3 11 -3 11 -3 11 -2 11 -2 11 -2 11 -2 11 -2 11 -2 11 -2 11 -1 11 -1 11 -1 11 0 0 0 0 0 0 0 0 0 0]"
"1769235372645257,CSI_DATA,STATION,00:00:00:00:00:00,0,0,0,0,0,0,0,0,0,0,0,0,0,0,0,0,0,0,0,0,0,128,[84 -64 4 0 0 0 0 0 0 0 0 0 -7 -14 -6 -14 -6 -14 -6 -15 -5 -15 -4 -15 -3 -14 -3 -14 -3 -15 -3 -15 -3 -14 -3 -14 -2 -14 -2 -14 -2 -14 -2 -14 -1 -13 -1 -13 -2 -13 -1 -13 -1 -13 -1 -13 -1 -13 -2 -12 -2 -12 -2 -12 0 0 -2 -12 -2 -12 -3 -12 -3 -12 -3 -12 -3 -11 -3 -11 -3 -11 -3 -11 -4 -11 -5 -11 -5 -11 -5 -11 -5 -11 -5 -11 -5 -11 -5 -11 -6 -11 -5 -11 -6 -11 -6 -11 -6 -11 -6 -11 -7 -11 -7 -11 -7 -11 0 0 0 0 0 0 0 0 0 0]"
"1769235372656241,CSI_DATA,STATION,00:00:00:00:00:00,0,0,0,0,0,0,0,0,0,0,0,0,0,0,0,0,0,0,0,0,0,128,[84 -64 4 0 0 0 0 0 0 0 0 0 -2 15 -3 16 -3 16 -4 16 -4 15 -5 15 -6 15 -6 15 -6 14 -7 15 -6 14 -6 14 -7 13 -7 13 -7 13 -7 13 -7 13 -7 12 -7 13 -7 12 -7 12 -7 12 -7 12 -6 12 -6 12 -6 12 0 0 -6 12 -5 12 -4 12 -5 12 -5 12 -4 12 -4 12 -4 12 -4 12 -4 12 -3 12 -3 13 -3 12 -3 13 -3 13 -2 13 -2 13 -2 13 -2 13 -2 13 -2 14 -1 13 -1 13 0 14 -1 14 0 14 0 0 0 0 0 0 0 0 0 0]"
"1769235372662914,CSI_DATA,STATION,00:00:00:00:00:00,0,0,0,0,0,0,0,0,0,0,0,0,0,0,0,0,0,0,0,0,0,128,[84 -64 4 0 0 0 0 0 0 0 0 0 15 -5 15 -5 14 -4 15 -4 15 -3 16 -3 15 -2 16 -2 16 -2 16 -1 15 -1 15 -1 15 0 15 0 15 0 15 0 14 0 14 0 14 0 14 0 14 1 13 0 14 0 13 0 13 0 13 -1 0 0 13 -1 13 -1 12 -1 13 -1 13 -1 12 -2 12 -2 13 -2 12 -2 12 -3 12 -3 13 -3 12 -3 12 -3 12 -4 13 -4 12 -4 13 -5 13 -5 13 -5 13 -5 12 -5 12 -5 12 -6 12 -6 13 -6 0 0 0 0 0 0 0 0 0 0]"
"1769235372667392,CSI_DATA,STATION,00:00:00:00:00:00,0,0,0,0,0,0,0,0,0,0,0,0,0,0,0,0,0,0,0,0,0,128,[84 -64 4 0 0 0 0 0 0 0 0 0 -4 14 -5 15 -6 14 -6 15 -6 14 -7 14 -7 13 -8 14 -8 13 -8 13 -8 13 -8 12 -8 12 -8 12 -8 12 -8 12 -9 12 -9 11 -9 11 -8 11 -8 11 -8 11 -8 11 -8 11 -7 11 -8 11 0 0 -7 11 -6 11 -6 11 -6 11 -6 11 -6 11 -6 11 -6 11 -6 11 -5 11 -5 12 -5 12 -4 12 -4 12 -4 12 -4 13 -3 12 -4 13 -3 13 -3 13 -3 13 -3 13 -3 13 -3 13 -3 13 -3 13 0 0 0 0 0 0 0 0 0 0]"
"1769235372674068,CSI_DATA,STATION,00:00:00:00:00:00,0,0,0,0,0,0,0,0,0,0,0,0,0,0,0,0,0,0,0,0,0,128,[84 -64 4 0 0 0 0 0 0 0 0 0 -12 7 -12 7 -12 7 -12 6 -13 6 -13 6 -13 5 -13 5 -13 4 -13 4 -13 4 -13 4 -13 4 -13 4 -13 3 -13 4 -12 3 -12 3 -12 3 -12 3 -12 3 -12 3 -12 3 -12 3 -12 3 -12 3 0 0 -11 4 -11 4 -11 4 -11 4 -11 4 -10 4 -10 4 -10 5 -10 5 -10 5 -10 6 -10 5 -10 6 -10 6 -10 6 -10 6 -10 6 -10 7 -9 7 -10 7 -10 7 -10 7 -9 7 -9 7 -9 8 -9 8 0 0 0 0 0 0 0 0 0 0]"
"1769235372678531,CSI_DATA,STATION,00:00:00:00:00:00,0,0,0,0,0,0,0,0,0,0,0,0,0,0,0,0,0,0,0,0,0,128,[84 -64 4 0 0 0 0 0 0 0 0 0 5 -12 6 -12 6 -12 6 -12 7 -11 8 -12 8 -11 8 -11 8 -11 8 -10 8 -10 8 -10 8 -10 8 -9 9 -9 8 -9 9 -9 8 -9 8 -9 8 -9 8 -9 7 -9 8 -9 8 -9 7 -8 7 -9 0 0 7 -9 6 -8 6 -9 6 -9 6 -9 6 -9 5 -9 5 -10 5 -9 5 -10 5 -10 5 -10 5 -10 5 -10 5 -10 4 -11 4 -11 4 -11 4 -11 4 -11 4 -11 3 -11 3 -11 3 -11 3 -11 3 -11 0 0 0 0 0 0 0 0 0 0]"
"1769235372682909,CSI_DATA,STATION,00:00:00:00:00:00,0,0,0,0,0,0,0,0,0,0,0,0,0,0,0,0,0,0,0,0,0,128,[84 -64 4 0 0 0 0 0 0 0 0 0 -8 12 -8 12 -9 12 -9 12 -9 11 -10 10 -9 10 -10 10 -11 10 -10 9 -10 10 -10 9 -10 9 -10 9 -11 9 -11 8 -11 8 -10 9 -10 8 -10 7 -10 8 -10 8 -10 8 -10 8 -9 8 -9 8 0 0 -9 8 -8 8 -8 8 -8 8 -8 8 -8 8 -8 8 -8 9 -8 9 -7 9 -7 10 -7 10 -7 10 -6 10 -7 10 -7 10 -6 10 -6 10 -6 11 -7 10 -6 11 -6 11 -6 11 -5 11 -5 11 -6 12 0 0 0 0 0 0 0 0 0 0]"
"1769235372689609,CSI_DATA,STATION,00:00:00:00:00:00,0,0,0,0,0,0,0,0,0,0,0,0,0,0,0,0,0,0,0,0,0,128,[84 -64 4 0 0 0 0 0 0 0 0 0 1 15 0 14 0 15 0 15 -1 15 -1 15 -2 14 -3 15 -3 15 -3 15 -3 14 -3 14 -3 13 -4 14 -4 14 -4 13 -4 13 -4 12 -4 13 -4 13 -3 13 -4 12 -3 12 -4 12 -3 12 -3 12 0 0 -3 12 -2 12 -2 12 -2 12 -2 12 -2 12 -1 12 -1 12 -1 12 -1 12 0 12 -1 13 0 12 0 13 0 12 0 12 1 12 1 12 1 12 1 13 1 13 2 13 2 13 2 13 2 13 2 14 0 0 0 0 0 0 0 0 0 0]"
"1769235372694062,CSI_DATA,STATION,00:00:00:00:00:00,0,0,0,0,0,0,0,0,0,0,0,0,0,0,0,0,0,0,0,0,0,128,[84 -64 4 0 0 0 0 0 0 0 0 0 -13 9 -13 8 -13 7 -13 7 -13 7 -14 6 -14 6 -14 5 -14 5 -15 4 -14 5 -14 5 -14 4 -13 4 -14 4 -14 4 -13 4 -13 4 -13 3 -13 3 -12 4 -13 3 -13 4 -13 4 -12 4 -12 4 0 0 -12 4 -12 4 -11 5 -12 4 -11 5 -11 5 -11 5 -11 5 -11 6 -11 6 -11 7 -11 6 -11 6 -10 7 -11 7 -10 7 -11 8 -10 7 -10 8 -10 8 -11 8 -10 8 -10 8 -10 9 -10 9 -10 9 0 0 0 0 0 0 0 0 0 0]"
"1769235372700729,CSI_DATA,STATION,00:00:00:00:00:00,0,0,0,0,0,0,0,0,0,0,0,0,0,0,0,0,0,0,0,0,0,128,[84 -64 4 0 0 0 0 0 0 0 0 0 -9 -10 -9 -11 -8 -10 -8 -11 -8 -11 -8 -12 -7 -12 -7 -12 -7 -12 -6 -12 -6 -12 -6 -12 -6 -12 -6 -12 -5 -12 -5 -11 -5 -12 -5 -11 -5 -11 -5 -11 -5 -11 -5 -11 -5 -11 -5 -11 -5 -11 -5 -11 0 0 -5 -10 -5 -10 -6 -10 -5 -10 -6 -10 -5 -10 -6 -10 -7 -10 -6 -10 -7 -9 -7 -9 -7 -9 -7 -9 -7 -9 -7 -9 -8 -9 -8 -9 -8 -9 -8 -9 -9 -9 -9 -9 -9 -9 -9 -9 -9 -9 -9 -9 -9 -9 0 0 0 0 0 0 0 0 0 0]"
"1769235372705198,CSI_DATA,STATION,00:00:00:00:00:00,0,0,0,0,0,0,0,0,0,0,0,0,0,0,0,0,0,0,0,0,0,128,[84 -64 4 0 0 0 0 0 0 0 0 0 14 -3 14 -2 14 -1 14 -1 14 0 14 0 14 0 14 0 14 0 14 1 13 1 14 1 13 1 13 2 13 2 13 2 12 2 12 2 12 2 12 1 12 2 12 1 12 2 12 2 12 1 12 1 0 0 12 1 12 1 12 0 11 0 11 0 11 0 11 0 12 0 11 -1 11 -1 11 -2 11 -1 12 -1 12 -1 12 -2 12 -3 12 -3 12 -3 12 -3 12 -3 12 -3 12 -3 12 -3 12 -4 12 -4 12 -4 0 0 0 0 0 0 0 0 0 0]"
"1769235372709650,CSI_DATA,STATION,00:00:00:00:00:00,0,0,0,0,0,0,0,0,0,0,0,0,0,0,0,0,0,0,0,0,0,128,[84 -64 4 0 0 0 0 0 0 0 0 0 11 -8 12 -8 12 -7 13 -7 13 -7 13 -7 13 -5 13 -5 13 -5 13 -4 13 -5 13 -4 13 -4 13 -4 13 -3 13 -4 13 -3 12 -3 12 -3 13 -3 12 -3 12 -3 12 -3 12 -3 11 -4 12 -4 0 0 11 -4 11 -4 11 -4 11 -4 11 -4 11 -4 10 -4 11 -5 10 -5 10 -6 10 -6 11 -6 10 -6 11 -5 10 -6 11 -7 10 -7 10 -7 10 -7 10 -7 11 -7 10 -7 10 -7 10 -8 10 -8 10 -8 0 0 0 0 0 0 0 0 0 0]"
"1769235372714134,CSI_DATA,STATION,00:00:00:00:00:00,0,0,0,0,0,0,0,0,0,0,0,0,0,0,0,0,0,0,0,0,0,128,[84 -64 4 0 0 0 0 0 0 0 0 0 -15 2 -15 2 -15 1 -15 1 -15 0 -16 0 -15 -1 -15 -1 -16 -1 -15 -2 -15 -2 -15 -2 -14 -2 -14 -2 -14 -3 -14 -2 -14 -2 -13 -3 -14 -3 -13 -3 -13 -3 -13 -3 -13 -2 -13 -3 -13 -2 -13 -2 0 0 -12 -2 -13 -1 -12 -1 -12 -1 -13 -1 -12 -1 -12 -1 -13 -1 -12 0 -13 0 -13 1 -12 0 -12 1 -13 1 -12 1 -13 2 -13 1 -13 2 -13 2 -13 2 -13 2 -13 2 -13 2 -13 3 -13 3 -13 3 0 0 0 0 0 0 0 0 0 0]"
"1769235372720814,CSI_DATA,STATION,00:00:00:00:00:00,0,0,0,0,0,0,0,0,0,0,0,0,0,0,0,0,0,0,0,0,0,128,[84 -64 4 0 0 0 0 0 0 0 0 0 -11 10 -12 10 -11 9 -12 9 -12 8 -13 9 -13 8 -13 7 -13 7 -13 7 -13 7 -13 7 -13 6 -13 6 -13 6 -13 6 -13 6 -12 5 -13 5 -12 5 -12 5 -12 5 -12 5 -12 5 -11 5 -12 5 0 0 -11 6 -10 5 -11 6 -10 5 -10 6 -10 6 -10 6 -10 6 -10 7 -9 7 -10 7 -10 7 -10 7 -10 8 -9 8 -10 8 -9 8 -10 9 -9 9 -9 9 -9 9 -9 9 -8 9 -8 9 -8 9 -9 10 0 0 0 0 0 0 0 0 0 0]"
"1769235372725271,CSI_DATA,STATION,00:00:00:00:00:00,0,0,0,0,0,0,0,0,0,0,0,0,0,0,0,0,0,0,0,0,0,128,[84 -64 4 0 0 0 0 0 0 0 0 0 -13 5 -13 4 -13 4 -13 4 -13 3 -14 2 -14 2 -14 1 -14 1 -14 1 -13 1 -14 1 -13 0 -13 0 -13 0 -13 0 -12 0 -12 -1 -12 -1 -12 -1 -12 -1 -12 -1 -12 0 -12 -1 -12 0 -12 0 0 0 -11 0 -11 0 -11 1 -11 0 -11 1 -11 0 -11 1 -11 1 -11 2 -11 2 -11 3 -11 2 -11 2 -11 3 -11 3 -11 3 -11 3 -11 3 -11 3 -11 4 -11 4 -11 4 -11 4 -10 4 -11 5 -11 5 0 0 0 0 0 0 0 0 0 0]"
"1769235372729688,CSI_DATA,STATION,00:00:00:00:00:00,0,0,0,0,0,0,0,0,0,0,0,0,0,0,0,0,0,0,0,0,0,128,[84 -64 4 0 0 0 0 0 0 0 0 0 12 -3 13 -2 12 -1 12 -1 12 -1 13 -1 13 0 13 0 13 0 13 1 12 1 12 1 12 1 12 1 12 2 11 1 11 2 11 2 11 2 11 1 11 2 11 1 11 2 10 2 11 2 11 1 0 0 10 1 10 1 10 1 10 0 10 1 10 0 10 0 10 0 10 -1 10 -1 10 -1 10 -1 10 -1 10 -1 10 -2 10 -2 10 -2 11 -3 10 -2 10 -3 10 -3 10 -2 10 -3 10 -3 10 -3 10 -3 0 0 0 0 0 0 0 0 0 0]"
"1769235372736203,CSI_DATA,STATION,00:00:00:00:00:00,0,0,0,0,0,0,0,0,0,0,0,0,0,0,0,0,0,0,0,0,0,128,[84 -64 4 0 0 0 0 0 0 0 0 0 13 -4 13 -3 14 -3 14 -2 14 -2 14 -2 14 -1 14 -1 14 0 14 0 13 0 14 0 13 0 13 1 13 1 14 1 13 1 12 1 12 2 12 1 12 1 12 1 12 1 12 1 12 0 12 0 0 0 11 0 12 1 11 0 12 0 11 0 11 -1 11 0 11 -1 11 -1 11 -2 11 -2 11 -1 11 -1 11 -2 11 -2 12 -3 11 -3 11 -3 11 -3 11 -3 11 -3 11 -3 11 -4 11 -4 12 -4 11 -4 0 0 0 0 0 0 0 0 0 0]"
"1769235372740555,CSI_DATA,STATION,00:00:00:00:00:00,0,0,0,0,0,0,0,0,0,0,0,0,0,0,0,0,0,0,0,0,0,128,[84 -64 4 0 0 0 0 0 0 0 0 0 -9 -12 -9 -11 -9 -12 -8 -12 -8 -13 -8 -13 -8 -13 -7 -13 -7 -13 -6 -13 -6 -13 -5 -13 -6 -13 -5 -13 -5 -13 -5 -13 -5 -12 -5 -12 -5 -13 -5 -12 -5 -12 -5 -12 -5 -12 -5 -12 -4 -12 -5 -11 0 0 -6 -11 -5 -11 -5 -11 -6 -11 -6 -11 -6 -11 -6 -10 -7 -10 -6 -10 -7 -10 -7 -9 -7 -10 -7 -10 -7 -9 -7 -9 -8 -9 -8 -10 -8 -9 -9 -9 -9 -9 -9 -9 -9 -9 -9 -9 -9 -9 -9 -9 -9 -9 0 0 0 0 0 0 0 0 0 0]"
"1769235372747178,CSI_DATA,STATION,00:00:00:00:00:00,0,0,0,0,0,0,0,0,0,0,0,0,0,0,0,0,0,0,0,0,0,128,[84 -64 4 0 0 0 0 0 0 0 0 0 13 -6 13 -6 13 -6 14 -5 14 -4 15 -5 14 -4 14 -3 14 -3 14 -3 15 -3 14 -3 14 -2 14 -2 15 -2 14 -2 13 -1 13 -2 13 -1 13 -1 13 -1 13 -1 13 -2 12 -2 12 -2 12 -2 0 0 12 -2 12 -2 12 -2 12 -3 11 -3 12 -3 11 -3 11 -3 11 -3 11 -4 11 -5 11 -4 11 -4 11 -4 11 -5 11 -5 11 -5 11 -6 11 -6 11 -6 11 -6 11 -6 11 -6 11 -7 11 -7 11 -7 0 0 0 0 0 0 0 0 0 0]"
"1769235372751543,CSI_DATA,STATION,00:00:00:00:00:00,0,0,0,0,0,0,0,0,0,0,0,0,0,0,0,0,0,0,0,0,0,128,[84 -64 4 0 0 0 0 0 0 0 0 0 13 4 13 5 13 6 12 6 12 6 12 6 12 7 12 7 12 7 12 8 12 8 11 8 11 8 11 8 10 9 10 8 10 8 10 8 10 8 10 8 9 8 9 8 9 8 10 8 9 7 9 7 0 0 10 7 9 6 10 6 10 6 9 7 10 6 10 6 10 6 10 5 10 5 10 5 10 5 10 5 10 5 11 4 11 4 11 4 11 4 11 4 11 3 12 4 11 4 11 3 11 3 12 2 12 2 0 0 0 0 0 0 0 0 0 0]"
"1769235372755911,CSI_DATA,STATION,00:00:00:00:00:00,0,0,0,0,0,0,0,0,0,0,0,0,0,0,0,0,0,0,0,0,0,128,[84 -64 4 0 0 0 0 0 0 0 0 0 9 -9 9 -9 9 -8 10 -8 10 -8 11 -8 10 -7 10 -7 10 -7 11 -6 11 -6 11 -6 11 -5 10 -5 11 -5 10 -5 11 -5 10 -5 10 -5 11 -5 10 -5 10 -5 10 -5 10 -5 9 -5 10 -5 0 0 9 -5 9 -5 9 -5 9 -5 9 -6 9 -6 8 -6 9 -6 8 -7 8 -6 8 -6 8 -6 9 -7 8 -6 8 -7 8 -8 7 -8 8 -8 8 -8 7 -8 7 -8 7 -7 7 -8 7 -8 8 -8 7 -8 0 0 0 0 0 0 0 0 0 0]"
"1769235372762447,CSI_DATA,STATION,00:00:00:00:00:00,0,0,0,0,0,0,0,0,0,0,0,0,0,0,0,0,0,0,0,0,0,128,[84 -64 4 0 0 0 0 0 0 0 0 0 -12 -7 -12 -8 -11 -8 -11 -9 -11 -9 -11 -10 -10 -10 -10 -10 -10 -10 -9 -11 -10 -10 -10 -10 -9 -11 -9 -11 -9 -11 -9 -10 -9 -11 -8 -10 -8 -11 -8 -11 -8 -10 -8 -10 -8 -10 -8 -10 -8 -9 -8 -10 0 0 -8 -9 -8 -9 -9 -9 -8 -8 -9 -9 -8 -9 -9 -8 -9 -9 -9 -8 -9 -8 -10 -8 -9 -8 -9 -7 -10 -8 -10 -7 -10 -7 -10 -7 -10 -7 -10 -7 -11 -7 -10 -7 -10 -7 -10 -6 -11 -6 -11 -6 -11 -6 0 0 0 0 0 0 0 0 0 0]"
"1769235372766775,CSI_DATA,STATION,00:00:00:00:00:00,0,0,0,0,0,0,0,0,0,0,0,0,0,0,0,0,0,0,0,0,0,128,[84 -64 4 0 0 0 0 0 0 0 0 0 -4 13 -5 13 -5 13 -6 13 -7 13 -8 12 -7 12 -8 12 -8 12 -8 12 -8 12 -8 12 -8 12 -8 11 -9 11 -8 11 -9 10 -9 10 -9 10 -8 10 -8 10 -9 10 -9 10 -8 10 -8 10 -8 11 0 0 -8 10 -7 10 -7 10 -7 10 -7 10 -7 10 -6 10 -6 11 -6 10 -6 11 -6 11 -6 11 -5 11 -6 11 -6 11 -5 11 -5 11 -5 12 -4 12 -4 12 -4 12 -5 12 -4 12 -4 12 -4 12 -4 13 0 0 0 0 0 0 0 0 0 0]"
"1769235372771146,CSI_DATA,STATION,00:00:00:00:00:00,0,0,0,0,0,0,0,0,0,0,0,0,0,0,0,0,0,0,0,0,0,128,[84 -64 4 0 0 0 0 0 0 0 0 0 -11 -9 -11 -9 -11 -10 -10 -10 -10 -11 -10 -11 -9 -11 -10 -11 -9 -11 -9 -12 -9 -12 -8 -11 -8 -12 -8 -12 -8 -12 -8 -11 -7 -12 -8 -11 -7 -12 -7 -12 -7 -12 -7 -12 -7 -11 -7 -11 -7 -11 -8 -11 0 0 -8 -11 -8 -10 -8 -10 -8 -9 -8 -10 -8 -10 -8 -9 -9 -10 -8 -9 -9 -9 -9 -9 -9 -9 -9 -9 -9 -9 -9 -9 -10 -9 -10 -9 -10 -9 -11 -9 -11 -8 -10 -8 -11 -9 -11 -8 -11 -8 -11 -8 -11 -8 0 0 0 0 0 0 0 0 0 0]"
"1769235372777676,CSI_DATA,STATION,00:00:00:00:00:00,0,0,0,0,0,0,0,0,0,0,0,0,0,0,0,0,0,0,0,0,0,128,[84 -64 4 0 0 0 0 0 0 0 0 0 4 13 3 12 3 12 3 13 2 12 1 13 1 13 0 13 1 13 0 13 0 13 -1 12 -1 13 -1 13 -1 13 0 12 -1 12 -1 12 -2 12 -1 12 -1 12 -1 12 -1 11 -1 11 -1 11 -1 11 0 0 -1 11 0 11 0 11 0 11 1 11 1 11 0 12 0 11 1 11 1 11 1 11 1 11 2 11 2 11 2 11 2 11 3 11 3 11 3 11 3 11 3 11 3 11 3 11 4 11 3 11 3 12 0 0 0 0 0 0 0 0 0 0]"
"1769235372782028,CSI_DATA,STATION,00:00:00:00:00:00,0,0,0,0,0,0,0,0,0,0,0,0,0,0,0,0,0,0,0,0,0,128,[84 -64 4 0 0 0 0 0 0 0 0 0 -7 14 -8 15 -8 14 -9 15 -9 14 -10 14 -9 14 -10 13 -10 12 -10 12 -10 12 -10 11 -11 11 -11 11 -11 11 -11 11 -11 11 -11 10 -11 10 -10 10 -10 11 -10 11 -10 10 -10 10 -10 10 -10 10 0 0 -10 10 -9 10 -9 11 -9 10 -9 11 -8 10 -9 11 -8 11 -8 11 -8 11 -8 11 -8 11 -7 11 -7 12 -7 11 -7 12 -7 12 -7 12 -6 13 -7 12 -6 13 -6 12 -6 12 -6 13 -6 13 -6 13 0 0 0 0 0 0 0 0 0 0]"
"1769235372788570,CSI_DATA,STATION,00:00:00:00:00:00,0,0,0,0,0,0,0,0,0,0,0,0,0,0,0,0,0,0,0,0,0,128,[84 -64 4 0 0 0 0 0 0 0 0 0 -17 0 -17 0 -17 -1 -17 -1 -17 -2 -17 -2 -17 -3 -17 -3 -17 -4 -16 -4 -17 -4 -16 -3 -15 -5 -15 -5 -16 -5 -15 -5 -15 -5 -15 -6 -15 -5 -14 -6 -14 -6 -14 -5 -14 -5 -14 -5 -14 -5 -14 -4 0 0 -13 -5 -13 -4 -14 -3 -14 -3 -13 -4 -14 -3 -13 -3 -13 -3 -14 -3 -14 -2 -14 -1 -14 -2 -14 -2 -15 -2 -14 -2 -15 -1 -14 -1 -14 -1 -15 -1 -15 -1 -14 -1 -15 -1 -14 -1 -15 0 -14 0 -15 1 0 0 0 0 0 0 0 0 0 0]"
"1769235372792911,CSI_DATA,STATION,00:00:00:00:00:00,0,0,0,0,0,0,0,0,0,0,0,0,0,0,0,0,0,0,0,0,0,128,[84 -64 4 0 0 0 0 0 0 0 0 0 -14 8 -15 8 -15 7 -16 7 -15 6 -16 6 -15 5 -16 6 -16 5 -16 4 -16 5 -16 5 -16 4 -15 4 -15 3 -15 3 -15 3 -14 3 -15 3 -15 3 -14 3 -14 3 -14 3 -14 3 -14 3 -14 3 0 0 -14 4 -13 4 -13 4 -13 4 -13 4 -12 5 -12 5 -13 5 -12 6 -12 6 -12 6 -12 6 -12 6 -12 6 -12 6 -12 7 -11 7 -12 7 -11 7 -11 8 -11 8 -12 8 -11 7 -10 8 -11 8 -11 9 0 0 0 0 0 0 0 0 0 0]"
"1769235372797266,CSI_DATA,STATION,00:00:00:00:00:00,0,0,0,0,0,0,0,0,0,0,0,0,0,0,0,0,0,0,0,0,0,128,[84 -64 4 0 0 0 0 0 0 0 0 0 9 13 9 13 8 13 8 13 7 14 7 14 6 13 6 14 6 14 5 14 5 14 5 14 5 14 4 14 4 14 4 14 4 14 4 13 4 13 4 13 4 13 4 13 4 13 4 13 4 12 4 12 0 0 4 12 5 12 5 11 5 11 5 11 5 11 5 11 5 11 6 10 6 11 6 10 6 10 7 10 7 10 7 10 7 10 7 9 8 10 8 10 8 9 8 9 8 10 8 9 9 9 9 9 9 9 0 0 0 0 0 0 0 0 0 0]"
"1769235372803793,CSI_DATA,STATION,00:00:00:00:00:00,0,0,0,0,0,0,0,0,0,0,0,0,0,0,0,0,0,0,0,0,0,128,[84 -64 4 0 0 0 0 0 0 0 0 0 0 25 -1 25 -2 25 -3 26 -4 25 -4 25 -5 25 -5 25 -6 24 -7 24 -7 24 -7 23 -7 23 -7 22 -8 22 -8 21 -8 21 -8 20 -7 21 -8 21 -8 20 -8 20 -7 20 -7 20 -7 19 -7 20 0 0 -6 19 -6 19 -6 20 -5 19 -5 20 -5 19 -5 19 -4 19 -4 19 -3 19 -2 19 -2 19 -2 19 -2 19 -2 19 -1 20 -1 20 0 20 0 20 0 20 0 20 0 20 0 20 2 20 1 20 1 21 0 0 0 0 0 0 0 0 0 0]"
"1769235372808178,CSI_DATA,STATION,00:00:00:00:00:00,0,0,0,0,0,0,0,0,0,0,0,0,0,0,0,0,0,0,0,0,0,128,[84 -64 4 0 0 0 0 0 0 0 0 0 17 3 16 4 16 5 16 6 15 6 15 5 15 6 15 7 15 7 14 7 15 7 14 7 13 7 14 8 14 8 13 7 13 8 12 8 13 8 12 7 12 8 11 7 12 7 12 7 12 7 12 6 0 0 12 6 12 6 12 6 12 5 12 6 12 5 12 5 12 4 12 5 11 4 12 3 13 3 13 3 13 3 13 3 13 3 13 2 13 2 13 2 13 2 13 1 13 2 13 1 14 1 14 1 14 0 0 0 0 0 0 0 0 0 0 0]"
"1769235372812519,CSI_DATA,STATION,00:00:00:00:00:00,0,0,0,0,0,0,0,0,0,0,0,0,0,0,0,0,0,0,0,0,0,128,[84 -64 4 0 0 0 0 0 0 0 0 0 10 -14 10 -13 11 -13 10 -12 11 -12 11 -12 11 -12 12 -11 12 -10 13 -11 12 -10 12 -10 12 -10 13 -10 12 -9 12 -9 12 -9 12 -9 11 -8 12 -8 11 -8 11 -8 11 -8 11 -9 10 -8 11 -8 0 0 10 -9 10 -8 9 -8 9 -9 9 -9 9 -8 8 -9 8 -9 9 -9 8 -10 8 -10 8 -10 8 -10 8 -10 8 -11 7 -11 7 -11 7 -11 7 -11 7 -12 7 -11 7 -11 7 -12 7 -12 7 -12 6 -13 0 0 0 0 0 0 0 0 0 0]"
"1769235372819020,CSI_DATA,STATION,00:00:00:00:00:00,0,0,0,0,0,0,0,0,0,0,0,0,0,0,0,0,0,0,0,0,0,128,[84 -64 4 0 0 0 0 0 0 0 0 0 -8 13 -8 13 -8 13 -9 13 -9 12 -10 12 -11 11 -11 11 -11 11 -11 11 -11 11 -10 10 -11 10 -11 10 -11 10 -10 9 -11 9 -11 9 -11 9 -10 8 -10 9 -10 8 -11 9 -9 8 -10 9 -9 9 0 0 -9 9 -8 9 -9 9 -9 9 -8 9 -8 9 -8 9 -8 9 -8 9 -7 9 -7 10 -7 10 -7 11 -7 11 -7 11 -6 11 -6 11 -6 11 -6 11 -6 11 -6 11 -6 12 -5 11 -5 11 -5 12 -5 12 0 0 0 0 0 0 0 0 0 0]"
"1769235372829901,CSI_DATA,STATION,00:00:00:00:00:00,0,0,0,0,0,0,0,0,0,0,0,0,0,0,0,0,0,0,0,0,0,128,[84 -64 4 0 0 0 0 0 0 0 0 0 3 -15 4 -15 4 -15 4 -14 4 -15 6 -14 5 -14 5 -14 6 -14 6 -14 7 -14 6 -13 6 -13 7 -13 7 -13 7 -12 7 -12 7 -13 6 -12 7 -12 7 -12 7 -12 7 -12 6 -12 6 -11 6 -12 0 0 5 -12 6 -11 5 -12 5 -11 5 -11 5 -11 4 -11 5 -12 4 -12 4 -12 4 -12 4 -12 4 -12 4 -12 3 -13 3 -13 3 -13 3 -13 3 -13 3 -14 3 -14 3 -13 3 -14 2 -14 2 -14 2 -14 0 0 0 0 0 0 0 0 0 0]"
"1769235372836384,CSI_DATA,STATION,00:00:00:00:00:00,0,0,0,0,0,0,0,0,0,0,0,0,0,0,0,0,0,0,0,0,0,128,[84 -64 4 0 0 0 0 0 0 0 0 0 18 0 18 1 18 2 18 2 18 3 18 3 18 4 18 4 18 5 18 5 17 5 17 5 16 6 17 5 16 6 16 6 16 6 15 6 15 6 15 6 15 7 15 6 15 6 15 6 15 6 15 5 0 0 15 5 15 5 15 4 15 4 14 4 15 4 15 4 14 3 15 3 15 2 15 2 15 2 15 2 15 2 16 1 16 1 16 1 16 0 16 0 16 0 16 0 16 0 17 0 17 -1 17 -1 17 -1 0 0 0 0 0 0 0 0 0 0]"
"1769235372840738,CSI_DATA,STATION,00:00:00:00:00:00,0,0,0,0,0,0,0,0,0,0,0,0,0,0,0,0,0,0,0,0,0,128,[84 -64 4 0 0 0 0 0 0 0 0 0 -3 18 -4 18 -5 18 -5 18 -6 18 -6 18 -7 17 -7 17 -7 17 -8 17 -8 17 -9 16 -8 16 -9 16 -9 16 -9 16 -9 15 -9 15 -9 15 -9 15 -9 15 -8 15 -9 14 -8 14 -9 14 -8 14 0 0 -8 14 -7 15 -7 14 -7 15 -7 14 -7 15 -7 15 -6 14 -6 15 -6 15 -5 15 -5 15 -5 15 -5 15 -5 16 -4 16 -4 16 -4 16 -4 16 -4 16 -4 17 -3 17 -4 18 -3 17 -4 17 -3 17 0 0 0 0 0 0 0 0 0 0]"
"1769235372845125,CSI_DATA,STATION,00:00:00:00:00:00,0,0,0,0,0,0,0,0,0,0,0,0,0,0,0,0,0,0,0,0,0,128,[84 -64 4 0 0 0 0 0 0 0 0 0 16 -5 16 -5 16 -4 16 -3 16 -3 17 -3 17 -3 17 -2 17 -2 17 -1 17 -1 17 -1 16 -1 16 0 16 0 16 -1 16 -1 15 0 16 0 16 0 15 0 15 0 15 0 15 -1 15 0 15 -1 0 0 15 -1 14 -1 14 -1 15 -2 14 -1 14 -1 14 -2 14 -3 14 -3 14 -3 14 -3 14 -3 14 -3 14 -4 14 -4 15 -5 15 -5 15 -5 15 -6 15 -6 15 -6 14 -6 15 -6 15 -6 15 -6 15 -7 0 0 0 0 0 0 0 0 0 0]"
"1769235372851628,CSI_DATA,STATION,00:00:00:00:00:00,0,0,0,0,0,0,0,0,0,0,0,0,0,0,0,0,0,0,0,0,0,128,[84 -64 4 0 0 0 0 0 0 0 0 0 -13 12 -13 12 -14 12 -14 11 -15 11 -15 11 -14 10 -15 10 -15 9 -16 9 -15 9 -16 9 -15 8 -15 8 -15 8 -15 8 -15 8 -15 8 -15 7 -15 7 -15 7 -14 7 -15 7 -14 7 -14 7 -14 7 0 0 -14 8 -13 8 -13 8 -13 8 -13 8 -13 8 -13 9 -13 8 -12 9 -12 9 -12 10 -12 10 -12 10 -11 10 -12 11 -12 11 -12 11 -12 11 -11 12 -11 12 -12 12 -11 12 -12 12 -11 12 -11 13 -11 13 0 0 0 0 0 0 0 0 0 0]"
"1769235372855945,CSI_DATA,STATION,00:00:00:00:00:00,0,0,0,0,0,0,0,0,0,0,0,0,0,0,0,0,0,0,0,0,0,128,[84 -64 4 0 0 0 0 0 0 0 0 0 11 13 11 13 10 14 10 15 9 14 8 14 8 14 8 14 7 14 7 15 7 14 7 14 6 15 6 14 6 15 6 14 6 14 6 14 5 14 5 14 5 14 5 13 5 13 6 13 5 13 6 13 0 0 6 13 6 12 6 12 6 12 6 12 6 12 6 12 6 12 7 11 7 11 8 11 8 11 8 11 9 11 8 11 8 11 9 11 9 11 9 11 9 11 10 11 9 11 10 11 10 11 10 11 10 11 0 0 0 0 0 0 0 0 0 0]"
"1769235372860302,CSI_DATA,STATION,00:00:00:00:00:00,0,0,0,0,0,0,0,0,0,0,0,0,0,0,0,0,0,0,0,0,0,128,[84 -64 4 0 0 0 0 0 0 0 0 0 19 -7 19 -7 19 -6 19 -5 19 -5 19 -4 19 -4 19 -4 19 -3 18 -3 18 -2 18 -2 17 -2 17 -2 18 -1 17 -1 17 -2 16 -1 17 -1 16 -1 16 -1 16 -1 16 -1 16 -1 15 -1 16 -2 0 0 15 -2 15 -2 15 -2 15 -2 15 -2 14 -3 14 -3 14 -3 15 -4 14 -4 14 -5 14 -4 14 -4 14 -4 14 -5 14 -5 14 -6 14 -6 15 -6 14 -7 14 -7 14 -6 14 -7 15 -7 14 -7 15 -8 0 0 0 0 0 0 0 0 0 0]"
"1769235372866755,CSI_DATA,STATION,00:00:00:00:00:00,0,0,0,0,0,0,0,0,0,0,0,0,0,0,0,0,0,0,0,0,0,128,[84 -64 4 0 0 0 0 0 0 0 0 0 17 -13 17 -13 17 -12 17 -11 18 -11 18 -10 17 -9 18 -9 18 -8 18 -8 18 -8 18 -8 17 -8 17 -7 17 -7 17 -6 16 -7 16 -7 15 -6 16 -6 16 -6 15 -6 15 -6 15 -7 15 -7 14 -7 0 0 14 -7 13 -7 14 -7 13 -8 13 -7 13 -7 13 -8 12 -8 13 -8 12 -9 12 -9 12 -10 11 -10 12 -10 11 -10 12 -11 11 -11 11 -11 11 -11 11 -11 11 -12 11 -12 10 -12 10 -13 10 -13 10 -13 0 0 0 0 0 0 0 0 0 0]"
"1769235372871065,CSI_DATA,STATION,00:00:00:00:00:00,0,0,0,0,0,0,0,0,0,0,0,0,0,0,0,0,0,0,0,0,0,128,[84 -64 4 0 0 0 0 0 0 0 0 0 16 -12 16 -11 16 -10 16 -10 17 -9 17 -8 17 -8 18 -7 17 -7 17 -6 17 -6 17 -6 16 -6 16 -5 16 -5 16 -5 15 -5 16 -5 15 -4 15 -4 15 -4 15 -5 14 -4 14 -5 14 -5 13 -5 0 0 13 -5 13 -5 13 -5 13 -6 12 -5 12 -5 12 -6 12 -6 12 -7 12 -7 11 -7 11 -7 11 -7 11 -8 12 -8 11 -9 11 -9 11 -9 11 -9 11 -9 11 -9 11 -9 11 -10 10 -10 11 -10 10 -11 0 0 0 0 0 0 0 0 0 0]"
"1769235372877509,CSI_DATA,STATION,00:00:00:00:00:00,0,0,0,0,0,0,0,0,0,0,0,0,0,0,0,0,0,0,0,0,0,128,[84 -64 4 0 0 0 0 0 0 0 0 0 13 15 12 16 12 17 11 17 10 17 9 17 9 17 8 18 8 17 8 18 8 17 7 17 7 17 6 17 6 17 6 17 6 16 6 15 5 15 5 16 5 15 5 15 5 14 6 15 6 14 6 13 0 0 6 13 6 13 7 13 6 12 6 13 6 13 7 12 6 12 7 11 8 11 9 11 8 11 8 11 9 11 9 10 10 10 10 10 10 10 10 10 10 10 10 10 10 10 11 10 11 9 12 9 12 9 0 0 0 0 0 0 0 0 0 0]"
"1769235372881831,CSI_DATA,STATION,00:00:00:00:00:00,0,0,0,0,0,0,0,0,0,0,0,0,0,0,0,0,0,0,0,0,0,128,[84 -64 4 0 0 0 0 0 0 0 0 0 -4 -22 -4 -22 -3 -22 -2 -22 -1 -22 -1 -21 -1 -21 0 -22 1 -22 1 -21 2 -20 2 -21 2 -20 2 -20 3 -20 2 -20 3 -19 3 -18 2 -18 3 -18 3 -18 2 -18 2 -18 2 -18 2 -18 2 -17 0 0 1 -17 1 -17 1 -16 1 -16 0 -16 0 -17 -1 -16 -1 -16 -1 -16 -2 -16 -2 -16 -2 -16 -3 -16 -3 -16 -3 -16 -4 -16 -4 -16 -4 -16 -4 -16 -5 -16 -5 -16 -5 -16 -5 -17 -6 -17 -6 -16 -6 -16 0 0 0 0 0 0 0 0 0 0]"
"1769235372886173,CSI_DATA,STATION,00:00:00:00:00:00,0,0,0,0,0,0,0,0,0,0,0,0,0,0,0,0,0,0,0,0,0,128,[84 -64 4 0 0 0 0 0 0 0 0 0 11 15 11 16 10 16 9 17 9 17 8 17 9 16 8 17 7 17 7 17 6 17 6 17 5 17 5 17 5 17 5 17 5 16 4 16 4 16 4 16 4 16 4 15 4 15 4 15 4 15 4 14 0 0 5 14 4 14 5 14 5 13 5 14 5 13 6 13 5 13 6 12 6 12 6 12 7 13 7 13 8 12 8 12 8 12 8 12 8 11 9 11 9 11 9 11 9 12 9 12 9 12 10 11 10 11 0 0 0 0 0 0 0 0 0 0]"
"1769235372892649,CSI_DATA,STATION,00:00:00:00:00:00,0,0,0,0,0,0,0,0,0,0,0,0,0,0,0,0,0,0,0,0,0,128,[84 -64 4 0 0 0 0 0 0 0 0 0 20 -4 20 -4 20 -3 20 -2 20 -2 20 -1 20 -1 20 0 20 0 19 1 19 1 19 2 19 2 18 2 18 3 18 2 18 2 17 3 17 3 17 3 16 3 16 2 17 2 16 2 16 3 16 2 0 0 16 2 15 2 15 1 16 1 15 0 15 1 15 0 15 -1 15 -1 15 -1 15 -2 15 -1 15 -2 15 -2 15 -3 15 -3 16 -3 15 -4 16 -4 15 -4 15 -4 15 -4 16 -4 16 -5 16 -5 16 -6 0 0 0 0 0 0 0 0 0 0]"
"1769235372896946,CSI_DATA,STATION,00:00:00:00:00:00,0,0,0,0,0,0,0,0,0,0,0,0,0,0,0,0,0,0,0,0,0,128,[84 -64 4 0 0 0 0 0 0 0 0 0 -5 14 -6 14 -6 14 -6 14 -7 13 -7 13 -8 13 -8 13 -8 12 -8 12 -9 12 -9 12 -9 12 -9 11 -9 11 -9 11 -9 11 -9 10 -9 11 -9 10 -8 10 -8 10 -8 10 -8 10 -8 10 -7 10 0 0 -7 10 -7 10 -7 10 -7 10 -6 10 -6 10 -6 10 -6 11 -6 10 -5 10 -5 11 -5 11 -5 11 -4 11 -4 11 -4 12 -3 11 -4 12 -3 12 -3 12 -3 12 -3 12 -3 12 -2 12 -3 12 -3 12 0 0 0 0 0 0 0 0 0 0]"
"1769235372901277,CSI_DATA,STATION,00:00:00:00:00:00,0,0,0,0,0,0,0,0,0,0,0,0,0,0,0,0,0,0,0,0,0,128,[84 -64 4 0 0 0 0 0 0 0 0 0 15 -11 17 -10 17 -10 17 -9 17 -8 17 -8 17 -7 18 -7 18 -7 18 -7 17 -6 18 -6 18 -6 17 -5 18 -5 17 -4 17 -5 17 -5 16 -4 16 -4 16 -4 16 -5 16 -4 16 -5 15 -5 16 -5 0 0 15 -5 15 -5 15 -5 14 -6 14 -6 14 -6 14 -6 14 -7 14 -7 13 -7 13 -8 13 -8 13 -8 13 -9 13 -9 13 -9 13 -10 13 -10 13 -10 13 -10 13 -11 13 -10 12 -11 12 -11 13 -12 12 -12 0 0 0 0 0 0 0 0 0 0]"
"1769235372907716,CSI_DATA,STATION,00:00:00:00:00:00,0,0,0,0,0,0,0,0,0,0,0,0,0,0,0,0,0,0,0,0,0,128,[84 -64 4 0 0 0 0 0 0 0 0 0 -14 -8 -14 -8 -14 -9 -13 -9 -13 -10 -13 -10 -13 -10 -13 -10 -12 -10 -12 -11 -12 -11 -11 -11 -11 -11 -11 -11 -11 -11 -10 -11 -10 -11 -10 -11 -11 -11 -10 -11 -10 -11 -10 -11 -10 -11 -10 -11 -10 -10 -10 -10 0 0 -10 -9 -10 -9 -10 -9 -10 -9 -11 -9 -10 -8 -11 -8 -11 -8 -11 -8 -11 -8 -12 -7 -12 -7 -11 -7 -12 -7 -12 -7 -12 -6 -12 -7 -13 -7 -13 -6 -13 -6 -13 -6 -13 -6 -13 -6 -14 -6 -14 -5 -14 -5 0 0 0 0 0 0 0 0 0 0]"
"1769235372912033,CSI_DATA,STATION,00:00:00:00:00:00,0,0,0,0,0,0,0,0,0,0,0,0,0,0,0,0,0,0,0,0,0,128,[84 -64 4 0 0 0 0 0 0 0 0 0 14 -4 15 -3 14 -2 15 -1 15 -1 15 -1 15 0 15 0 15 0 15 1 15 1 14 1 14 2 14 2 14 2 14 2 14 2 13 2 14 2 13 3 13 2 13 2 13 2 13 2 12 2 13 1 0 0 12 1 12 1 12 1 13 1 12 1 12 1 12 0 12 0 12 0 12 0 12 -1 13 -1 13 -1 13 -1 13 -1 13 -1 13 -2 13 -2 13 -2 13 -2 13 -2 13 -2 13 -2 13 -3 14 -3 14 -3 0 0 0 0 0 0 0 0 0 0]"
"1769235372918494,CSI_DATA,STATION,00:00:00:00:00:00,0,0,0,0,0,0,0,0,0,0,0,0,0,0,0,0,0,0,0,0,0,128,[84 -64 4 0 0 0 0 0 0 0 0 0 -12 -10 -12 -10 -11 -11 -11 -11 -11 -11 -10 -12 -10 -12 -10 -12 -9 -12 -9 -13 -9 -12 -9 -12 -9 -13 -8 -13 -8 -13 -8 -12 -8 -12 -8 -12 -7 -13 -7 -13 -7 -12 -7 -12 -8 -12 -7 -12 -7 -12 -8 -11 0 0 -8 -11 -7 -11 -8 -11 -8 -10 -8 -11 -8 -10 -8 -11 -8 -10 -8 -10 -9 -10 -9 -10 -9 -10 -9 -10 -10 -10 -10 -10 -10 -10 -10 -10 -10 -10 -11 -9 -11 -10 -11 -9 -11 -10 -11 -10 -12 -10 -12 -9 -12 -9 0 0 0 0 0 0 0 0 0 0]"
"1769235372922795,CSI_DATA,STATION,00:00:00:00:00:00,0,0,0,0,0,0,0,0,0,0,0,0,0,0,0,0,0,0,0,0,0,128,[84 -64 4 0 0 0 0 0 0 0 0 0 -15 10 -15 10 -16 9 -16 8 -16 7 -16 7 -16 7 -17 6 -17 6 -17 6 -17 5 -17 5 -17 5 -17 4 -17 4 -17 4 -17 4 -16 4 -16 3 -16 3 -16 3 -16 3 -16 3 -16 3 -15 4 -16 4 0 0 -16 4 -15 4 -15 4 -15 4 -15 4 -15 4 -15 5 -15 4 -15 5 -15 6 -15 6 -14 6 -14 6 -14 6 -15 7 -15 7 -15 7 -15 8 -15 8 -15 8 -15 8 -15 8 -15 8 -15 9 -15 9 -15 9 0 0 0 0 0 0 0 0 0 0]"
"1769235372929537,CSI_DATA,STATION,00:00:00:00:00:00,0,0,0,0,0,0,0,0,0,0,0,0,0,0,0,0,0,0,0,0,0,128,[84 -64 4 0 0 0 0 0 0 0 0 0 4 -14 5 -13 5 -14 5 -13 6 -13 6 -12 7 -12 6 -12 7 -12 7 -12 8 -12 7 -11 8 -11 8 -11 7 -11 8 -11 8 -10 8 -11 7 -11 7 -10 7 -10 7 -10 8 -10 7 -10 7 -10 7 -10 0 0 6 -10 6 -10 6 -10 6 -10 6 -10 6 -11 5 -11 5 -11 5 -11 5 -11 5 -11 5 -11 5 -11 5 -11 4 -13 4 -12 5 -13 4 -13 4 -13 4 -13 4 -13 4 -13 4 -14 3 -13 4 -14 3 -13 0 0 0 0 0 0 0 0 0 0]"
"1769235372933873,CSI_DATA,STATION,00:00:00:00:00:00,0,0,0,0,0,0,0,0,0,0,0,0,0,0,0,0,0,0,0,0,0,128,[84 -64 4 0 0 0 0 0 0 0 0 0 4 -11 5 -11 5 -11 6 -10 6 -10 6 -10 7 -10 6 -11 6 -10 7 -10 6 -9 7 -9 7 -9 7 -9 6 -8 7 -9 7 -9 7 -9 6 -8 6 -8 7 -9 6 -8 6 -9 6 -9 6 -8 6 -8 0 0 6 -9 6 -8 5 -8 5 -9 5 -9 5 -9 4 -9 5 -10 5 -10 5 -9 5 -9 4 -10 4 -9 4 -10 4 -11 4 -10 4 -11 3 -11 4 -11 4 -11 3 -11 4 -11 3 -12 3 -12 3 -11 3 -11 0 0 0 0 0 0 0 0 0 0]"
"1769235372938208,CSI_DATA,STATION,00:00:00:00:00:00,0,0,0,0,0,0,0,0,0,0,0,0,0,0,0,0,0,0,0,0,0,128,[84 -64 4 0 0 0 0 0 0 0 0 0 9 -9 10 -10 10 -9 11 -8 10 -8 11 -8 11 -8 11 -8 11 -7 11 -7 11 -7 11 -7 11 -6 11 -6 12 -6 11 -6 11 -6 10 -5 11 -5 11 -5 11 -5 11 -5 11 -6 11 -6 11 -5 11 -6 0 0 10 -6 10 -5 10 -6 10 -6 10 -6 10 -6 10 -6 9 -7 9 -7 9 -7 9 -8 9 -8 9 -8 9 -8 9 -8 9 -9 9 -9 9 -10 9 -9 9 -10 9 -10 9 -9 9 -10 9 -10 9 -10 9 -11 0 0 0 0 0 0 0 0 0 0]"
"1769235372944750,CSI_DATA,STATION,00:00:00:00:00:00,0,0,0,0,0,0,0,0,0,0,0,0,0,0,0,0,0,0,0,0,0,128,[84 -64 4 0 0 0 0 0 0 0 0 0 -7 14 -8 13 -8 13 -9 13 -9 13 -9 13 -10 12 -10 12 -10 11 -10 12 -10 11 -10 11 -10 11 -10 11 -11 10 -11 10 -10 10 -10 10 -11 10 -11 10 -11 9 -10 9 -10 10 -10 10 -10 10 -10 10 0 0 -9 10 -9 10 -9 10 -9 10 -9 10 -9 10 -8 10 -8 10 -8 10 -8 11 -7 11 -7 11 -7 12 -7 12 -7 12 -7 12 -7 12 -7 12 -7 13 -7 13 -7 13 -7 13 -6 14 -6 14 -6 14 -6 14 0 0 0 0 0 0 0 0 0 0]"
"1769235372949139,CSI_DATA,STATION,00:00:00:00:00:00,0,0,0,0,0,0,0,0,0,0,0,0,0,0,0,0,0,0,0,0,0,128,[84 -64 4 0 0 0 0 0 0 0 0 0 18 -2 18 -2 17 -1 17 -1 17 0 17 0 18 1 17 1 17 1 17 2 17 2 17 2 16 2 16 3 16 3 16 3 16 3 15 3 16 3 15 4 15 3 15 3 15 3 15 3 15 3 15 2 0 0 15 2 14 2 15 1 15 1 15 1 15 1 15 1 15 0 15 0 14 0 15 -1 15 -1 15 -1 15 -1 16 -1 16 -2 16 -2 16 -3 16 -3 16 -3 16 -3 16 -3 17 -3 16 -4 17 -4 17 -4 0 0 0 0 0 0 0 0 0 0]"
"1769235372953533,CSI_DATA,STATION,00:00:00:00:00:00,0,0,0,0,0,0,0,0,0,0,0,0,0,0,0,0,0,0,0,0,0,128,[84 -64 4 0 0 0 0 0 0 0 0 0 -11 -9 -10 -10 -10 -10 -10 -10 -9 -10 -9 -10 -9 -10 -9 -11 -8 -10 -8 -11 -8 -11 -7 -11 -7 -11 -7 -11 -7 -11 -7 -10 -7 -11 -7 -10 -6 -10 -6 -10 -7 -11 -6 -10 -6 -10 -7 -10 -6 -10 -6 -9 0 0 -7 -10 -6 -9 -7 -10 -7 -9 -7 -10 -7 -9 -7 -9 -8 -9 -8 -9 -8 -9 -8 -8 -8 -9 -8 -8 -9 -9 -9 -8 -9 -8 -9 -9 -10 -8 -10 -8 -10 -8 -10 -8 -10 -8 -10 -8 -10 -8 -10 -8 -11 -8 0 0 0 0 0 0 0 0 0 0]"
"1769235372960040,CSI_DATA,STATION,00:00:00:00:00:00,0,0,0,0,0,0,0,0,0,0,0,0,0,0,0,0,0,0,0,0,0,128,[84 -64 4 0 0 0 0 0 0 0 0 0 -7 18 -8 18 -9 18 -9 18 -10 18 -10 17 -10 16 -11 16 -11 16 -11 16 -11 15 -12 15 -12 15 -11 14 -12 14 -12 14 -12 13 -11 13 -12 13 -12 13 -12 13 -11 13 -11 13 -11 13 -11 13 -10 13 0 0 -10 13 -9 13 -9 13 -9 14 -9 14 -9 13 -9 14 -8 13 -8 14 -7 14 -7 14 -6 15 -7 15 -6 15 -6 15 -6 16 -5 16 -5 16 -5 16 -5 16 -5 16 -5 17 -5 17 -4 17 -4 17 -4 17 0 0 0 0 0 0 0 0 0 0]"
"1769235372964392,CSI_DATA,STATION,00:00:00:00:00:00,0,0,0,0,0,0,0,0,0,0,0,0,0,0,0,0,0,0,0,0,0,128,[84 -64 4 0 0 0 0 0 0 0 0 0 14 8 14 9 14 10 13 10 13 10 12 10 12 11 12 11 12 11 11 12 11 11 10 11 10 12 10 12 9 11 9 11 9 11 9 11 9 11 9 11 8 11 9 11 9 10 9 11 9 10 9 9 0 0 9 9 9 9 9 9 9 8 9 9 9 8 10 8 9 8 10 8 10 7 10 7 11 7 11 7 11 7 11 7 12 6 12 6 12 6 12 6 12 6 13 6 12 6 13 6 13 5 13 5 13 5 0 0 0 0 0 0 0 0 0 0]"
"1769235372968729,CSI_DATA,STATION,00:00:00:00:00:00,0,0,0,0,0,0,0,0,0,0,0,0,0,0,0,0,0,0,0,0,0,128,[84 -64 4 0 0 0 0 0 0 0 0 0 3 20 1 20 0 20 0 20 -1 20 -1 19 -2 19 -2 19 -3 19 -3 19 -3 19 -3 18 -3 18 -3 18 -4 17 -5 17 -5 17 -5 16 -4 17 -5 16 -4 16 -4 16 -4 15 -4 16 -3 15 -3 15 0 0 -3 15 -3 15 -3 15 -2 15 -2 15 -2 15 -2 15 -1 14 -1 14 0 14 0 14 1 15 1 15 1 15 1 15 1 16 2 15 3 15 2 16 2 15 3 15 3 16 4 16 5 16 4 16 4 16 0 0 0 0 0 0 0 0 0 0]"
"1769235372975227,CSI_DATA,STATION,00:00:00:00:00:00,0,0,0,0,0,0,0,0,0,0,0,0,0,0,0,0,0,0,0,0,0,128,[84 -64 4 0 0 0 0 0 0 0 0 0 -15 15 -15 14 -16 14 -16 14 -17 13 -17 13 -16 12 -17 12 -17 11 -18 10 -18 10 -18 9 -18 9 -17 8 -17 8 -17 9 -16 8 -17 8 -16 8 -16 7 -16 7 -16 8 -15 7 -16 7 -15 7 -15 7 0 0 -14 7 -14 8 -14 8 -14 8 -14 9 -13 9 -13 9 -13 9 -12 9 -12 9 -13 10 -12 10 -12 10 -11 10 -12 11 -11 11 -11 11 -11 11 -11 12 -11 12 -11 13 -10 13 -10 13 -11 13 -11 13 -10 13 0 0 0 0 0 0 0 0 0 0]"
"1769235372979580,CSI_DATA,STATION,00:00:00:00:00:00,0,0,0,0,0,0,0,0,0,0,0,0,0,0,0,0,0,0,0,0,0,128,[84 -64 4 0 0 0 0 0 0 0 0 0 -5 -16 -4 -17 -3 -17 -3 -16 -3 -17 -2 -17 -1 -17 -1 -17 -1 -16 0 -17 0 -16 0 -16 0 -16 0 -16 1 -16 0 -15 1 -15 1 -14 0 -14 0 -14 1 -14 0 -14 0 -14 1 -14 0 -13 -1 -13 0 0 -1 -13 -1 -13 -2 -13 -2 -13 -2 -13 -1 -13 -2 -12 -2 -13 -2 -12 -3 -13 -3 -12 -3 -13 -4 -12 -4 -12 -4 -13 -5 -12 -5 -13 -5 -12 -6 -13 -5 -12 -6 -12 -6 -12 -6 -13 -7 -12 -7 -13 -7 -12 0 0 0 0 0 0 0 0 0 0]"
"1769235372986051,CSI_DATA,STATION,00:00:00:00:00:00,0,0,0,0,0,0,0,0,0,0,0,0,0,0,0,0,0,0,0,0,0,128,[84 -64 4 0 0 0 0 0 0 0 0 0 -12 -19 -12 -20 -11 -20 -10 -20 -9 -20 -9 -21 -8 -20 -7 -21 -7 -20 -6 -21 -7 -20 -6 -20 -6 -20 -5 -20 -5 -20 -5 -19 -5 -19 -5 -18 -5 -19 -4 -18 -4 -18 -4 -18 -4 -17 -5 -18 -5 -17 -5 -17 0 0 -5 -16 -5 -16 -6 -16 -6 -15 -6 -16 -6 -16 -7 -15 -7 -15 -7 -15 -8 -14 -9 -14 -9 -14 -9 -14 -9 -14 -9 -14 -10 -13 -10 -14 -10 -14 -11 -13 -11 -13 -11 -13 -11 -13 -11 -13 -12 -13 -13 -12 -13 -12 0 0 0 0 0 0 0 0 0 0]"
"1769235372990368,CSI_DATA,STATION,00:00:00:00:00:00,0,0,0,0,0,0,0,0,0,0,0,0,0,0,0,0,0,0,0,0,0,128,[84 -64 4 0 0 0 0 0 0 0 0 0 -16 6 -16 6 -16 5 -17 5 -16 4 -17 3 -17 3 -17 3 -17 2 -17 1 -17 2 -16 2 -15 1 -16 1 -16 0 -16 1 -15 0 -15 1 -15 0 -15 0 -14 0 -14 0 -15 1 -14 1 -14 1 -14 1 0 0 -13 2 -13 2 -12 2 -13 2 -13 2 -12 2 -13 2 -12 3 -13 3 -12 4 -12 4 -12 4 -12 4 -12 4 -12 5 -12 5 -11 5 -12 6 -12 6 -12 6 -12 6 -12 6 -11 6 -11 7 -11 7 -11 7 0 0 0 0 0 0 0 0 0 0]"
"1769235372996822,CSI_DATA,STATION,00:00:00:00:00:00,0,0,0,0,0,0,0,0,0,0,0,0,0,0,0,0,0,0,0,0,0,128,[84 -64 4 0 0 0 0 0 0 0 0 0 19 -14 20 -13 20 -12 21 -12 21 -11 22 -10 22 -10 22 -9 21 -8 21 -8 22 -8 21 -7 21 -7 21 -6 20 -6 21 -6 20 -5 19 -5 20 -5 19 -5 19 -5 18 -5 18 -5 19 -5 18 -5 18 -6 0 0 17 -6 16 -6 17 -6 16 -6 16 -7 16 -7 16 -7 16 -7 16 -8 15 -8 15 -9 15 -9 15 -9 14 -9 14 -10 14 -10 14 -10 14 -11 14 -11 14 -12 14 -12 13 -12 13 -12 13 -13 13 -13 13 -13 0 0 0 0 0 0 0 0 0 0]"
"1769235373005485,CSI_DATA,STATION,00:00:00:00:00:00,0,0,0,0,0,0,0,0,0,0,0,0,0,0,0,0,0,0,0,0,0,128,[84 -64 4 0 0 0 0 0 0 0 0 0 16 -2 16 -1 16 0 16 0 16 0 16 1 15 1 16 1 15 2 15 3 15 3 15 3 14 3 14 3 14 4 14 3 13 3 13 4 13 4 13 3 12 4 12 3 12 3 12 3 12 3 12 2 0 0 12 2 11 2 11 2 12 1 11 2 11 1 11 1 11 0 11 0 11 0 11 0 11 0 12 0 11 0 12 -1 12 -2 12 -2 12 -2 12 -2 11 -2 12 -3 12 -2 12 -2 12 -3 12 -3 12 -4 0 0 0 0 0 0 0 0 0 0]"
"1769235373011978,CSI_DATA,STATION,00:00:00:00:00:00,0,0,0,0,0,0,0,0,0,0,0,0,0,0,0,0,0,0,0,0,0,128,[84 -64 4 0 0 0 0 0 0 0 0 0 -18 -13 -17 -13 -17 -14 -16 -15 -16 -15 -16 -15 -14 -15 -15 -15 -14 -15 -14 -16 -13 -15 -12 -16 -13 -16 -12 -16 -12 -16 -11 -16 -11 -15 -11 -15 -11 -15 -10 -15 -10 -15 -11 -15 -11 -14 -10 -14 -10 -14 -11 -13 0 0 -11 -12 -11 -12 -11 -12 -12 -12 -11 -11 -12 -11 -12 -11 -12 -11 -12 -10 -13 -10 -13 -10 -13 -10 -13 -10 -13 -10 -14 -9 -14 -9 -14 -9 -14 -8 -15 -8 -15 -8 -15 -8 -16 -8 -16 -8 -16 -7 -16 -7 -16 -7 0 0 0 0 0 0 0 0 0 0]"
"1769235373018478,CSI_DATA,STATION,00:00:00:00:00:00,0,0,0,0,0,0,0,0,0,0,0,0,0,0,0,0,0,0,0,0,0,128,[84 -64 4 0 0 0 0 0 0 0 0 0 11 -16 12 -16 12 -15 12 -15 13 -14 13 -14 14 -13 14 -13 14 -12 14 -12 14 -12 14 -11 14 -11 14 -11 14 -10 14 -10 13 -9 13 -10 13 -10 14 -9 13 -9 13 -9 13 -9 13 -9 12 -10 12 -10 0 0 11 -10 11 -10 10 -10 11 -10 10 -10 10 -10 10 -10 10 -11 10 -11 9 -11 9 -12 9 -12 8 -12 9 -12 9 -13 8 -13 8 -13 8 -13 8 -14 8 -14 8 -14 8 -14 8 -15 7 -15 7 -15 7 -15 0 0 0 0 0 0 0 0 0 0]"
"1769235373022812,CSI_DATA,STATION,00:00:00:00:00:00,0,0,0,0,0,0,0,0,0,0,0,0,0,0,0,0,0,0,0,0,0,128,[84 -64 4 0 0 0 0 0 0 0 0 0 -18 3 -18 2 -18 1 -18 1 -18 0 -18 0 -18 -1 -18 -2 -18 -2 -18 -2 -18 -2 -17 -2 -17 -3 -17 -3 -17 -4 -17 -3 -16 -3 -15 -3 -16 -3 -16 -4 -15 -4 -15 -4 -15 -3 -15 -3 -15 -3 -15 -2 0 0 -15 -2 -14 -2 -14 -2 -15 -1 -15 -2 -15 -2 -14 -1 -15 -1 -14 -1 -15 0 -15 1 -14 0 -14 1 -15 0 -15 1 -16 2 -15 1 -16 2 -16 2 -16 2 -16 2 -15 2 -16 3 -16 3 -16 3 -16 4 0 0 0 0 0 0 0 0 0 0]"
"1769235373027510,CSI_DATA,STATION,00:00:00:00:00:00,0,0,0,0,0,0,0,0,0,0,0,0,0,0,0,0,0,0,0,0,0,128,[84 -64 4 0 0 0 0 0 0 0 0 0 -16 7 -16 6 -17 5 -17 5 -17 4 -17 4 -17 4 -17 3 -17 3 -17 2 -17 2 -17 1 -16 1 -16 1 -16 0 -16 1 -16 1 -15 0 -15 0 -15 0 -15 0 -15 0 -15 0 -15 0 -15 0 -15 1 0 0 -14 1 -14 1 -14 1 -14 2 -14 2 -14 1 -14 2 -14 2 -14 3 -14 3 -14 4 -14 3 -14 3 -14 4 -14 4 -14 5 -14 5 -14 5 -14 5 -15 5 -15 5 -14 6 -15 5 -15 6 -14 7 -15 6 0 0 0 0 0 0 0 0 0 0]"
"1769235373031871,CSI_DATA,STATION,00:00:00:00:00:00,0,0,0,0,0,0,0,0,0,0,0,0,0,0,0,0,0,0,0,0,0,128,[84 -64 4 0 0 0 0 0 0 0 0 0 2 19 2 19 1 19 0 19 0 19 -1 19 -1 19 -2 18 -2 18 -2 18 -3 18 -3 18 -3 17 -4 17 -4 17 -5 16 -4 16 -4 15 -4 16 -4 15 -5 16 -4 15 -4 15 -4 15 -4 15 -4 14 0 0 -3 14 -3 15 -3 15 -3 15 -3 15 -2 15 -2 15 -2 15 -2 15 -1 15 -1 15 0 15 -1 15 0 16 0 15 0 16 1 16 1 16 1 16 1 16 1 17 1 17 2 17 3 17 2 17 2 17 0 0 0 0 0 0 0 0 0 0]"
"1769235373038389,CSI_DATA,STATION,00:00:00:00:00:00,0,0,0,0,0,0,0,0,0,0,0,0,0,0,0,0,0,0,0,0,0,128,[84 -64 4 0 0 0 0 0 0 0 0 0 -5 -18 -5 -17 -4 -18 -4 -18 -3 -18 -3 -18 -3 -18 -1 -18 -2 -18 -1 -18 -1 -17 -1 -17 0 -17 0 -17 1 -17 0 -16 0 -16 0 -15 0 -16 0 -16 0 -16 0 -16 0 -15 0 -15 0 -15 0 -15 0 0 -1 -15 -1 -15 -1 -15 -1 -14 -1 -14 -2 -15 -2 -14 -3 -14 -3 -14 -3 -14 -4 -14 -4 -14 -4 -14 -4 -15 -4 -15 -5 -14 -5 -15 -5 -14 -5 -15 -6 -15 -6 -15 -6 -15 -6 -15 -7 -15 -7 -15 -7 -15 0 0 0 0 0 0 0 0 0 0]"
"1769235373042756,CSI_DATA,STATION,00:00:00:00:00:00,0,0,0,0,0,0,0,0,0,0,0,0,0,0,0,0,0,0,0,0,0,128,[84 -64 4 0 0 0 0 0 0 0 0 0 -14 9 -15 9 -15 8 -15 8 -15 7 -15 7 -15 7 -15 6 -15 6 -16 6 -15 5 -15 5 -15 4 -15 4 -15 4 -15 4 -14 4 -14 4 -14 4 -14 4 -14 4 -14 4 -14 4 -13 4 -13 4 -13 4 0 0 -13 5 -12 4 -12 5 -12 5 -12 5 -12 5 -11 6 -11 6 -11 6 -11 7 -11 7 -11 7 -11 7 -11 8 -11 8 -11 8 -10 8 -11 9 -11 9 -11 9 -10 9 -10 10 -10 9 -11 10 -10 10 -11 10 0 0 0 0 0 0 0 0 0 0]"
"1769235373049334,CSI_DATA,STATION,00:00:00:00:00:00,0,0,0,0,0,0,0,0,0,0,0,0,0,0,0,0,0,0,0,0,0,128,[84 -64 4 0 0 0 0 0 0 0 0 0 14 -14 14 -14 14 -13 15 -13 15 -12 16 -12 15 -11 15 -11 16 -10 15 -10 16 -10 15 -9 16 -9 15 -8 16 -8 15 -8 15 -8 14 -8 14 -7 14 -7 14 -8 14 -8 13 -7 13 -8 13 -8 13 -8 0 0 12 -8 12 -8 12 -8 12 -8 12 -9 11 -9 11 -9 11 -9 11 -10 10 -10 10 -10 10 -11 10 -11 10 -11 10 -11 10 -12 9 -12 10 -12 9 -13 9 -13 9 -14 9 -13 9 -14 9 -14 9 -14 9 -15 0 0 0 0 0 0 0 0 0 0]"
"1769235373053705,CSI_DATA,STATION,00:00:00:00:00:00,0,0,0,0,0,0,0,0,0,0,0,0,0,0,0,0,0,0,0,0,0,128,[84 -64 4 0 0 0 0 0 0 0 0 0 2 15 1 14 0 15 0 15 -1 14 -1 14 -2 14 -2 14 -2 14 -2 14 -3 14 -3 13 -3 13 -3 13 -3 13 -3 12 -4 12 -4 12 -3 12 -3 12 -3 12 -3 11 -3 12 -3 11 -2 11 -2 11 0 0 -2 11 -2 11 -1 11 -1 11 -1 11 -1 11 -1 11 0 11 0 11 0 11 0 11 1 11 1 11 1 11 1 11 1 11 2 11 2 11 2 12 2 11 3 12 3 12 3 12 3 12 3 12 3 12 0 0 0 0 0 0 0 0 0 0]"
"1769235373058045,CSI_DATA,STATION,00:00:00:00:00:00,0,0,0,0,0,0,0,0,0,0,0,0,0,0,0,0,0,0,0,0,0,128,[84 -64 4 0 0 0 0 0 0 0 0 0 -14 7 -15 7 -15 6 -15 6 -15 5 -16 5 -15 4 -15 4 -15 4 -16 3 -15 3 -15 3 -15 2 -15 2 -15 2 -14 2 -14 2 -13 1 -14 1 -14 1 -13 1 -13 1 -13 2 -13 2 -13 2 -13 2 0 0 -12 3 -12 2 -12 3 -12 3 -12 3 -12 3 -12 3 -12 4 -12 4 -12 4 -12 5 -12 5 -11 5 -12 5 -12 5 -12 6 -11 6 -12 6 -12 6 -12 6 -12 7 -12 7 -12 7 -12 8 -12 7 -12 8 0 0 0 0 0 0 0 0 0 0]"
"1769235373064569,CSI_DATA,STATION,00:00:00:00:00:00,0,0,0,0,0,0,0,0,0,0,0,0,0,0,0,0,0,0,0,0,0,128,[84 -64 4 0 0 0 0 0 0 0 0 0 -6 20 -7 20 -8 19 -8 19 -8 19 -10 18 -10 17 -10 18 -10 17 -11 17 -11 16 -11 16 -11 15 -11 15 -11 15 -12 14 -11 14 -11 13 -11 13 -11 13 -11 13 -11 13 -10 13 -10 13 -10 13 -10 13 0 0 -10 13 -9 13 -9 14 -9 13 -9 13 -9 13 -8 13 -8 13 -8 13 -7 13 -7 14 -7 14 -7 14 -7 15 -7 15 -6 16 -6 15 -6 15 -6 16 -6 16 -6 16 -6 16 -6 16 -5 17 -6 17 -5 17 0 0 0 0 0 0 0 0 0 0]"
"1769235373068924,CSI_DATA,STATION,00:00:00:00:00:00,0,0,0,0,0,0,0,0,0,0,0,0,0,0,0,0,0,0,0,0,0,128,[84 -64 4 0 0 0 0 0 0 0 0 0 -20 10 -19 10 -20 9 -20 8 -20 7 -20 7 -20 6 -20 6 -20 5 -20 5 -20 4 -20 4 -20 4 -19 3 -19 3 -19 3 -19 3 -18 3 -19 3 -18 2 -18 2 -18 2 -18 3 -17 3 -17 3 -17 3 0 0 -17 4 -16 4 -16 4 -16 4 -16 4 -16 4 -16 5 -16 5 -16 6 -15 6 -15 7 -15 7 -15 7 -15 7 -16 8 -16 8 -16 8 -16 9 -16 9 -16 9 -16 10 -16 10 -16 10 -16 11 -16 11 -16 11 0 0 0 0 0 0 0 0 0 0]"
"1769235373075499,CSI_DATA,STATION,00:00:00:00:00:00,0,0,0,0,0,0,0,0,0,0,0,0,0,0,0,0,0,0,0,0,0,128,[84 -64 4 0 0 0 0 0 0 0 0 0 0 -15 1 -15 2 -14 2 -13 3 -14 3 -13 3 -13 4 -13 4 -13 4 -13 4 -12 4 -13 4 -13 4 -12 4 -12 5 -12 5 -11 4 -12 4 -11 5 -11 4 -11 4 -11 4 -11 4 -11 3 -11 3 -11 0 0 3 -11 3 -10 2 -10 2 -11 2 -11 2 -11 2 -11 2 -11 2 -11 1 -11 1 -11 1 -12 0 -11 0 -12 0 -12 0 -12 0 -13 0 -12 0 -13 0 -13 0 -13 0 -12 -1 -13 -1 -13 -2 -13 -1 -13 0 0 0 0 0 0 0 0 0 0]"
"1769235373079859,CSI_DATA,STATION,00:00:00:00:00:00,0,0,0,0,0,0,0,0,0,0,0,0,0,0,0,0,0,0,0,0,0,128,[84 -64 4 0 0 0 0 0 0 0 0 0 8 -12 9 -12 9 -12 8 -11 9 -11 10 -11 10 -10 10 -10 10 -10 11 -10 10 -8 10 -9 10 -9 10 -9 10 -8 10 -8 10 -8 10 -8 9 -8 9 -8 9 -7 9 -8 10 -8 9 -8 9 -8 8 -8 0 0 8 -9 8 -8 8 -8 8 -8 7 -9 7 -9 7 -8 7 -9 7 -9 7 -9 7 -9 7 -10 6 -9 7 -9 7 -10 6 -10 7 -11 6 -11 7 -11 6 -11 6 -11 6 -11 6 -12 6 -12 6 -12 6 -12 0 0 0 0 0 0 0 0 0 0]"
"1769235373084231,CSI_DATA,STATION,00:00:00:00:00:00,0,0,0,0,0,0,0,0,0,0,0,0,0,0,0,0,0,0,0,0,0,128,[84 -64 4 0 0 0 0 0 0 0 0 0 -12 -10 -11 -11 -11 -11 -11 -12 -10 -12 -10 -13 -9 -11 -10 -12 -8 -12 -8 -12 -8 -12 -8 -12 -7 -13 -8 -12 -7 -12 -7 -12 -7 -12 -7 -11 -7 -12 -7 -12 -7 -12 -7 -12 -6 -11 -7 -11 -7 -11 -8 -10 0 0 -7 -11 -7 -10 -7 -11 -7 -9 -8 -11 -8 -10 -8 -10 -8 -10 -8 -10 -9 -9 -9 -9 -10 -9 -9 -9 -9 -10 -9 -9 -10 -9 -9 -9 -10 -10 -10 -9 -10 -9 -10 -9 -11 -9 -10 -9 -11 -9 -11 -8 -12 -10 0 0 0 0 0 0 0 0 0 0]"
"1769235373090746,CSI_DATA,STATION,00:00:00:00:00:00,0,0,0,0,0,0,0,0,0,0,0,0,0,0,0,0,0,0,0,0,0,128,[84 -64 4 0 0 0 0 0 0 0 0 0 -4 15 -5 14 -5 14 -5 14 -6 14 -7 14 -7 13 -8 14 -7 12 -7 13 -7 13 -7 12 -8 12 -8 12 -8 11 -8 11 -8 11 -8 11 -8 11 -8 10 -8 11 -7 10 -7 11 -7 11 -7 10 -6 10 0 0 -6 10 -6 11 -5 11 -6 11 -6 11 -5 11 -5 11 -5 11 -5 11 -5 11 -5 12 -4 12 -4 12 -4 12 -4 12 -3 12 -3 12 -4 13 -4 13 -3 12 -4 13 -3 13 -3 13 -2 13 -3 13 -3 13 0 0 0 0 0 0 0 0 0 0]"
"1769235373095091,CSI_DATA,STATION,00:00:00:00:00:00,0,0,0,0,0,0,0,0,0,0,0,0,0,0,0,0,0,0,0,0,0,128,[84 -64 4 0 0 0 0 0 0 0 0 0 -3 -16 -3 -17 -2 -17 -2 -17 -1 -16 -1 -17 0 -16 1 -16 1 -16 1 -16 1 -15 0 -16 1 -15 1 -15 2 -15 2 -14 2 -15 2 -14 2 -14 2 -14 2 -14 2 -13 1 -14 2 -13 1 -14 1 -13 0 0 1 -13 1 -13 0 -13 0 -13 0 -14 0 -13 0 -13 -1 -13 -1 -13 0 -13 -2 -13 -2 -13 -2 -13 -2 -14 -2 -14 -2 -14 -3 -14 -2 -14 -3 -15 -3 -14 -3 -14 -3 -14 -3 -15 -3 -15 -4 -14 -3 -14 0 0 0 0 0 0 0 0 0 0]"
"1769235373099451,CSI_DATA,STATION,00:00:00:00:00:00,0,0,0,0,0,0,0,0,0,0,0,0,0,0,0,0,0,0,0,0,0,128,[84 -64 4 0 0 0 0 0 0 0 0 0 -7 -14 -6 -15 -5 -15 -5 -15 -4 -15 -4 -15 -3 -14 -3 -15 -3 -14 -3 -15 -3 -15 -3 -15 -2 -14 -2 -14 -1 -14 -2 -14 -2 -13 -1 -13 -1 -13 -1 -13 -1 -13 -2 -13 -1 -12 -2 -13 -3 -12 -3 -13 0 0 -3 -12 -3 -12 -3 -12 -3 -12 -4 -12 -3 -12 -3 -12 -4 -12 -4 -11 -5 -12 -5 -12 -6 -11 -6 -11 -6 -11 -6 -11 -6 -12 -6 -12 -6 -12 -6 -12 -6 -12 -7 -12 -7 -12 -7 -12 -8 -12 -7 -12 -8 -12 0 0 0 0 0 0 0 0 0 0]"
"1769235373105950,CSI_DATA,STATION,00:00:00:00:00:00,0,0,0,0,0,0,0,0,0,0,0,0,0,0,0,0,0,0,0,0,0,128,[84 -64 4 0 0 0 0 0 0 0 0 0 -14 10 -14 9 -14 9 -15 8 -14 8 -14 7 -15 6 -15 7 -15 6 -15 6 -14 5 -15 5 -14 5 -14 5 -14 4 -14 5 -14 4 -14 4 -13 3 -13 4 -13 4 -12 4 -13 4 -13 4 -12 4 -12 5 0 0 -12 5 -12 5 -11 5 -11 5 -11 5 -11 5 -11 5 -11 6 -11 6 -11 7 -10 7 -10 7 -11 7 -11 7 -10 7 -10 8 -10 8 -11 9 -11 9 -11 9 -10 9 -10 9 -11 9 -10 9 -10 10 -10 10 0 0 0 0 0 0 0 0 0 0]"
"1769235373110320,CSI_DATA,STATION,00:00:00:00:00:00,0,0,0,0,0,0,0,0,0,0,0,0,0,0,0,0,0,0,0,0,0,128,[84 -64 4 0 0 0 0 0 0 0 0 0 -1 -18 0 -18 0 -18 0 -17 1 -18 3 -18 3 -17 3 -17 3 -17 4 -17 4 -16 4 -16 4 -16 4 -15 4 -15 4 -15 5 -15 4 -15 5 -15 5 -14 4 -14 4 -14 4 -14 4 -14 4 -14 3 -14 0 0 3 -13 3 -13 2 -13 2 -14 2 -13 2 -14 2 -13 2 -14 1 -14 1 -14 1 -14 0 -14 0 -13 0 -14 -1 -14 -1 -14 0 -15 -1 -15 -1 -15 -1 -14 -1 -15 -1 -14 -1 -15 -1 -16 -2 -15 -2 -15 0 0 0 0 0 0 0 0 0 0]"
"1769235373116809,CSI_DATA,STATION,00:00:00:00:00:00,0,0,0,0,0,0,0,0,0,0,0,0,0,0,0,0,0,0,0,0,0,128,[84 -64 4 0 0 0 0 0 0 0 0 0 -7 -14 -6 -14 -6 -14 -5 -15 -5 -15 -4 -15 -4 -15 -4 -15 -3 -15 -3 -15 -3 -15 -3 -15 -2 -14 -2 -14 -2 -15 -2 -14 -1 -14 -1 -14 -1 -13 -1 -14 -1 -13 -2 -13 -2 -13 -2 -13 -2 -13 -2 -12 0 0 -2 -12 -2 -12 -3 -12 -3 -12 -3 -12 -3 -12 -4 -12 -4 -12 -3 -12 -4 -11 -5 -12 -4 -12 -5 -11 -5 -12 -5 -12 -5 -12 -5 -12 -6 -12 -6 -12 -6 -12 -6 -12 -6 -12 -6 -12 -7 -12 -7 -12 -7 -12 0 0 0 0 0 0 0 0 0 0]"
"1769235373121173,CSI_DATA,STATION,00:00:00:00:00:00,0,0,0,0,0,0,0,0,0,0,0,0,0,0,0,0,0,0,0,0,0,128,[84 -64 4 0 0 0 0 0 0 0 0 0 -14 -4 -14 -5 -14 -6 -14 -6 -13 -6 -14 -7 -13 -7 -13 -7 -13 -7 -12 -7 -13 -8 -12 -8 -11 -8 -11 -8 -11 -8 -11 -8 -11 -7 -11 -8 -11 -8 -10 -8 -11 -8 -10 -7 -10 -7 -10 -7 -10 -7 -10 -6 0 0 -10 -6 -10 -6 -10 -6 -10 -6 -10 -6 -10 -5 -10 -5 -11 -5 -10 -5 -11 -5 -11 -4 -11 -4 -11 -4 -11 -4 -11 -3 -11 -3 -12 -3 -12 -3 -12 -3 -12 -3 -12 -2 -12 -3 -12 -3 -12 -2 -12 -2 -13 -2 0 0 0 0 0 0 0 0 0 0]"
"1769235373127987,CSI_DATA,STATION,00:00:00:00:00:00,0,0,0,0,0,0,0,0,0,0,0,0,0,0,0,0,0,0,0,0,0,128,[84 -64 4 0 0 0 0 0 0 0 0 0 -15 -1 -16 -1 -16 -2 -16 -3 -15 -3 -15 -4 -15 -4 -15 -4 -14 -5 -15 -5 -15 -5 -14 -5 -14 -5 -14 -5 -14 -5 -13 -5 -13 -5 -12 -5 -13 -6 -12 -5 -12 -5 -12 -5 -12 -5 -12 -5 -12 -5 -12 -4 0 0 -12 -3 -12 -4 -12 -3 -12 -3 -12 -3 -12 -3 -12 -3 -12 -2 -12 -2 -12 -2 -13 -1 -12 -1 -12 -1 -13 -1 -12 -1 -13 0 -12 0 -13 0 -13 0 -13 0 -13 1 -13 1 -13 1 -13 1 -13 1 -13 1 0 0 0 0 0 0 0 0 0 0]"
"1769235373132279,CSI_DATA,STATION,00:00:00:00:00:00,0,0,0,0,0,0,0,0,0,0,0,0,0,0,0,0,0,0,0,0,0,128,[84 -64 4 0 0 0 0 0 0 0 0 0 -16 2 -17 2 -16 1 -17 0 -16 0 -17 0 -16 -1 -16 -1 -16 -2 -16 -2 -16 -2 -16 -2 -14 -2 -15 -2 -15 -4 -15 -2 -15 -3 -14 -3 -14 -3 -14 -3 -14 -3 -13 -3 -14 -3 -13 -3 -14 -2 -14 -2 0 0 -13 -2 -13 -2 -13 -2 -13 -1 -13 -1 -13 -1 -13 -1 -13 -1 -13 0 -13 0 -13 1 -13 0 -13 1 -13 1 -13 1 -13 1 -13 1 -13 2 -13 2 -14 2 -13 2 -14 3 -13 2 -13 3 -13 3 -14 3 0 0 0 0 0 0 0 0 0 0]"
"1769235373136517,CSI_DATA,STATION,00:00:00:00:00:00,0,0,0,0,0,0,0,0,0,0,0,0,0,0,0,0,0,0,0,0,0,128,[84 -64 4 0 0 0 0 0 0 0 0 0 -4 -16 -4 -17 -3 -16 -3 -17 -2 -17 -2 -17 -1 -16 -1 -17 0 -17 0 -17 1 -16 1 -16 1 -16 1 -15 1 -16 1 -15 2 -15 1 -14 1 -15 1 -15 1 -14 0 -14 1 -14 1 -14 1 -14 1 -14 0 0 0 -14 0 -13 0 -13 0 -13 -1 -13 -1 -13 -1 -13 -1 -13 -2 -13 -2 -13 -2 -13 -2 -13 -3 -13 -2 -14 -3 -13 -3 -14 -4 -13 -4 -14 -4 -14 -4 -14 -4 -14 -4 -13 -4 -14 -4 -14 -4 -14 -5 -14 0 0 0 0 0 0 0 0 0 0]"
"1769235373143039,CSI_DATA,STATION,00:00:00:00:00:00,0,0,0,0,0,0,0,0,0,0,0,0,0,0,0,0,0,0,0,0,0,128,[84 -64 4 0 0 0 0 0 0 0 0 0 -10 -11 -10 -11 -9 -11 -9 -11 -8 -11 -8 -13 -8 -12 -7 -12 -7 -12 -7 -12 -6 -12 -6 -12 -5 -12 -6 -12 -5 -12 -5 -12 -5 -12 -5 -11 -5 -12 -5 -12 -5 -11 -5 -11 -5 -10 -5 -11 -5 -11 -5 -10 0 0 -6 -10 -5 -9 -5 -10 -5 -10 -6 -10 -6 -10 -6 -9 -7 -10 -7 -9 -7 -9 -7 -9 -7 -9 -7 -9 -8 -9 -7 -9 -8 -9 -8 -9 -8 -9 -8 -9 -8 -9 -9 -9 -9 -9 -8 -9 -9 -9 -9 -9 -9 -9 0 0 0 0 0 0 0 0 0 0]"
"1769235373147516,CSI_DATA,STATION,00:00:00:00:00:00,0,0,0,0,0,0,0,0,0,0,0,0,0,0,0,0,0,0,0,0,0,128,[84 -64 4 0 0 0 0 0 0 0 0 0 -14 3 -15 2 -14 1 -14 1 -14 1 -14 0 -14 0 -14 0 -14 -1 -14 -1 -14 -1 -14 0 -13 -1 -13 -2 -13 -2 -13 -1 -13 -2 -12 -2 -13 -2 -12 -2 -12 -2 -12 -1 -12 -1 -12 -2 -11 -1 -12 0 0 0 -11 0 -12 0 -12 0 -12 0 -12 0 -11 0 -11 0 -11 0 -11 1 -11 1 -12 2 -12 1 -11 2 -11 2 -11 2 -12 2 -11 2 -12 3 -12 3 -12 3 -12 3 -12 3 -12 3 -12 4 -12 4 -12 4 0 0 0 0 0 0 0 0 0 0]"
"1769235373151896,CSI_DATA,STATION,00:00:00:00:00:00,0,0,0,0,0,0,0,0,0,0,0,0,0,0,0,0,0,0,0,0,0,128,[84 -64 4 0 0 0 0 0 0 0 0 0 -11 -10 -11 -10 -10 -11 -10 -11 -9 -12 -9 -12 -8 -11 -9 -12 -8 -12 -8 -12 -7 -12 -7 -12 -7 -12 -7 -12 -6 -12 -6 -12 -6 -12 -6 -11 -6 -12 -6 -12 -6 -11 -6 -11 -6 -11 -6 -11 -6 -11 -6 -11 0 0 -6 -11 -6 -10 -7 -10 -6 -10 -7 -10 -7 -10 -7 -10 -7 -9 -8 -9 -7 -9 -8 -9 -8 -9 -8 -9 -8 -9 -8 -9 -9 -9 -9 -9 -9 -9 -9 -9 -9 -9 -9 -9 -10 -9 -9 -9 -10 -9 -10 -9 -10 -9 0 0 0 0 0 0 0 0 0 0]"
"1769235373158603,CSI_DATA,STATION,00:00:00:00:00:00,0,0,0,0,0,0,0,0,0,0,0,0,0,0,0,0,0,0,0,0,0,128,[84 -64 4 0 0 0 0 0 0 0 0 0 -2 -15 -1 -15 -1 -15 0 -14 0 -14 1 -15 1 -14 2 -14 2 -14 2 -14 2 -14 2 -14 2 -13 2 -13 3 -13 3 -13 3 -13 3 -13 3 -13 3 -12 3 -12 3 -12 3 -12 3 -12 2 -12 2 -12 0 0 2 -12 1 -11 2 -11 1 -12 1 -12 1 -11 1 -12 1 -12 1 -12 1 -12 0 -12 0 -12 -1 -12 0 -12 0 -12 -1 -13 0 -13 -1 -13 0 -13 -1 -13 -1 -13 -1 -13 -1 -13 -2 -13 -2 -13 -2 -13 0 0 0 0 0 0 0 0 0 0]"
"1769235373163066,CSI_DATA,STATION,00:00:00:00:00:00,0,0,0,0,0,0,0,0,0,0,0,0,0,0,0,0,0,0,0,0,0,128,[84 -64 4 0 0 0 0 0 0 0 0 0 10 7 10 7 9 8 9 8 9 9 8 9 8 8 8 9 7 9 7 9 7 9 7 9 6 9 7 9 6 9 6 9 6 9 6 9 6 9 6 9 5 9 6 8 5 8 6 8 6 8 6 8 0 0 6 7 6 7 6 7 6 7 6 7 6 7 6 7 7 7 7 6 7 6 7 6 7 7 7 6 8 6 7 6 8 6 9 6 8 6 9 6 8 6 8 6 8 6 9 6 9 5 9 6 9 5 0 0 0 0 0 0 0 0 0 0]"
"1769235373167482,CSI_DATA,STATION,00:00:00:00:00:00,0,0,0,0,0,0,0,0,0,0,0,0,0,0,0,0,0,0,0,0,0,128,[84 -64 4 0 0 0 0 0 0 0 0 0 13 -5 13 -5 13 -4 13 -4 14 -3 14 -3 13 -3 14 -2 13 -2 14 -1 13 -1 13 -1 13 -1 13 -1 13 0 13 0 12 0 12 0 12 0 12 0 12 0 12 0 12 -1 11 0 11 -1 12 -1 0 0 11 -1 11 -1 11 -1 11 -2 11 -2 11 -2 11 -2 11 -3 11 -3 11 -3 11 -3 11 -3 11 -3 11 -3 11 -4 11 -4 11 -5 12 -5 11 -5 11 -5 11 -5 11 -5 11 -5 11 -6 12 -6 12 -6 0 0 0 0 0 0 0 0 0 0]"
"1769235373178420,CSI_DATA,STATION,00:00:00:00:00:00,0,0,0,0,0,0,0,0,0,0,0,0,0,0,0,0,0,0,0,0,0,128,[84 -64 4 0 0 0 0 0 0 0 0 0 5 11 5 11 5 11 5 11 4 11 4 12 3 12 3 12 3 12 3 12 2 12 2 12 2 11 2 11 1 12 1 11 1 11 1 11 2 11 2 12 2 11 1 11 1 11 2 11 2 11 2 10 0 0 2 10 2 10 2 10 2 10 3 10 3 10 3 10 3 10 3 9 3 10 4 9 4 10 4 10 4 10 4 10 4 10 5 10 5 10 5 10 5 10 5 10 6 10 5 10 6 10 6 10 6 10 0 0 0 0 0 0 0 0 0 0]"
"1769235373185092,CSI_DATA,STATION,00:00:00:00:00:00,0,0,0,0,0,0,0,0,0,0,0,0,0,0,0,0,0,0,0,0,0,128,[84 -64 4 0 0 0 0 0 0 0 0 0 6 -12 6 -12 6 -12 7 -11 7 -11 7 -11 8 -11 8 -11 7 -10 8 -10 8 -10 8 -10 9 -10 8 -9 8 -9 8 -9 8 -9 8 -9 8 -9 8 -8 8 -8 7 -8 8 -9 8 -9 7 -9 7 -9 0 0 7 -9 7 -9 7 -9 6 -9 7 -9 6 -9 6 -9 6 -9 6 -10 6 -10 6 -10 5 -10 5 -10 5 -10 5 -11 5 -11 5 -11 5 -11 5 -11 5 -11 5 -11 5 -12 5 -12 4 -12 5 -12 4 -12 0 0 0 0 0 0 0 0 0 0]"
"1769235373189575,CSI_DATA,STATION,00:00:00:00:00:00,0,0,0,0,0,0,0,0,0,0,0,0,0,0,0,0,0,0,0,0,0,128,[84 -64 4 0 0 0 0 0 0 0 0 0 6 -14 6 -14 6 -13 7 -14 7 -13 8 -13 8 -12 8 -12 9 -12 9 -11 9 -12 9 -12 9 -11 9 -11 10 -11 9 -10 10 -10 9 -10 9 -10 9 -10 9 -10 9 -10 9 -10 9 -10 8 -10 8 -10 0 0 8 -10 8 -9 8 -10 8 -10 7 -10 7 -10 7 -10 7 -11 7 -11 7 -11 6 -11 6 -11 6 -11 7 -11 6 -11 6 -12 6 -12 6 -12 6 -12 6 -13 6 -12 6 -12 6 -13 6 -13 6 -13 6 -13 0 0 0 0 0 0 0 0 0 0]"
"1769235373196192,CSI_DATA,STATION,00:00:00:00:00:00,0,0,0,0,0,0,0,0,0,0,0,0,0,0,0,0,0,0,0,0,0,128,[84 -64 4 0 0 0 0 0 0 0 0 0 -11 -8 -11 -9 -10 -9 -10 -10 -10 -10 -10 -10 -9 -10 -9 -11 -9 -11 -9 -11 -8 -11 -8 -11 -8 -11 -8 -11 -8 -11 -8 -10 -7 -10 -8 -10 -7 -11 -7 -11 -7 -10 -7 -10 -7 -10 -7 -10 -7 -10 -7 -9 0 0 -7 -9 -7 -9 -8 -9 -7 -8 -8 -9 -8 -8 -8 -8 -9 -9 -8 -8 -9 -8 -9 -8 -9 -8 -9 -8 -9 -8 -9 -8 -10 -7 -10 -7 -10 -7 -10 -7 -11 -7 -11 -7 -11 -7 -11 -7 -11 -7 -11 -7 -11 -6 0 0 0 0 0 0 0 0 0 0]"
"1769235373202798,CSI_DATA,STATION,00:00:00:00:00:00,0,0,0,0,0,0,0,0,0,0,0,0,0,0,0,0,0,0,0,0,0,128,[84 -64 4 0 0 0 0 0 0 0 0 0 8 10 8 10 7 10 7 11 7 11 6 11 6 11 6 11 6 11 5 11 5 11 5 11 4 11 4 11 4 12 4 11 4 11 4 10 4 11 3 11 4 11 4 10 4 10 4 10 4 10 4 10 0 0 4 10 4 10 5 9 4 9 5 10 5 9 5 9 5 9 6 9 5 9 6 8 6 9 6 9 6 9 6 9 6 9 7 8 7 8 7 8 7 8 7 8 7 8 7 8 8 8 8 8 8 8 0 0 0 0 0 0 0 0 0 0]"
"1769235373207222,CSI_DATA,STATION,00:00:00:00:00:00,0,0,0,0,0,0,0,0,0,0,0,0,0,0,0,0,0,0,0,0,0,128,[84 -64 4 0 0 0 0 0 0 0 0 0 -1 -15 0 -15 0 -16 0 -15 1 -16 2 -15 2 -15 2 -15 2 -15 3 -15 3 -15 4 -14 4 -14 4 -14 4 -14 3 -14 4 -13 4 -13 4 -13 4 -13 4 -13 3 -13 4 -13 4 -13 3 -13 3 -13 0 0 3 -13 2 -12 2 -12 2 -13 2 -12 2 -13 1 -12 2 -13 1 -12 1 -13 1 -13 1 -13 0 -13 0 -13 0 -14 -1 -13 0 -14 0 -14 -1 -14 0 -14 -1 -14 -1 -14 -1 -14 -1 -14 -1 -14 -1 -14 0 0 0 0 0 0 0 0 0 0]"
"1769235373211631,CSI_DATA,STATION,00:00:00:00:00:00,0,0,0,0,0,0,0,0,0,0,0,0,0,0,0,0,0,0,0,0,0,128,[84 -64 4 0 0 0 0 0 0 0 0 0 -16 -1 -15 -1 -16 -2 -15 -2 -15 -3 -15 -3 -15 -3 -15 -4 -15 -4 -15 -4 -14 -4 -14 -4 -14 -5 -14 -5 -13 -5 -14 -5 -13 -5 -13 -5 -13 -5 -13 -5 -13 -5 -12 -5 -13 -4 -13 -5 -13 -4 -13 -4 0 0 -12 -3 -13 -3 -12 -3 -13 -3 -12 -3 -12 -3 -12 -2 -12 -2 -12 -2 -13 -1 -13 -1 -13 -1 -13 -1 -13 -1 -13 -1 -13 0 -13 0 -14 0 -14 0 -14 0 -14 1 -14 1 -14 1 -14 1 -14 1 -14 1 0 0 0 0 0 0 0 0 0 0]"
"1769235373218310,CSI_DATA,STATION,00:00:00:00:00:00,0,0,0,0,0,0,0,0,0,0,0,0,0,0,0,0,0,0,0,0,0,128,[84 -64 4 0 0 0 0 0 0 0 0 0 12 -1 12 -1 12 0 12 0 12 0 12 1 12 1 12 2 12 2 12 2 12 2 12 2 11 2 11 2 11 3 11 3 10 3 10 3 11 3 11 3 10 3 10 3 11 2 10 2 10 2 10 1 0 0 10 2 10 2 10 2 10 1 10 1 10 1 10 1 10 1 10 0 10 0 10 0 10 0 10 0 11 0 11 -1 11 -1 11 -1 11 -2 11 -1 11 -2 11 -2 11 -1 11 -2 11 -2 11 -2 11 -2 0 0 0 0 0 0 0 0 0 0]"
"1769235373222699,CSI_DATA,STATION,00:00:00:00:00:00,0,0,0,0,0,0,0,0,0,0,0,0,0,0,0,0,0,0,0,0,0,128,[84 -64 4 0 0 0 0 0 0 0 0 0 8 -9 9 -9 9 -9 8 -9 9 -8 9 -8 9 -8 10 -8 10 -7 10 -7 10 -7 10 -7 10 -7 10 -7 10 -6 10 -6 10 -6 9 -7 9 -6 9 -6 9 -6 9 -6 9 -6 9 -6 9 -6 9 -6 0 0 8 -7 8 -6 8 -7 8 -6 8 -7 8 -7 7 -7 8 -7 8 -7 7 -8 7 -8 7 -8 7 -8 7 -8 7 -9 7 -9 7 -9 7 -9 7 -9 7 -10 7 -9 7 -9 7 -9 6 -10 7 -10 6 -10 0 0 0 0 0 0 0 0 0 0]"
"1769235373227170,CSI_DATA,STATION,00:00:00:00:00:00,0,0,0,0,0,0,0,0,0,0,0,0,0,0,0,0,0,0,0,0,0,128,[84 -64 4 0 0 0 0 0 0 0 0 0 -9 8 -10 8 -9 7 -10 7 -10 7 -11 6 -11 6 -11 6 -10 6 -11 5 -11 6 -11 5 -11 5 -11 5 -11 5 -11 5 -11 5 -11 5 -10 4 -10 4 -10 4 -10 4 -10 4 -10 5 -10 4 -10 5 0 0 -10 5 -9 5 -9 5 -9 5 -9 5 -9 5 -9 5 -9 5 -9 6 -9 6 -9 7 -9 6 -9 6 -9 7 -9 7 -9 7 -8 7 -9 7 -9 8 -9 8 -9 8 -9 8 -9 8 -8 9 -8 8 -8 9 0 0 0 0 0 0 0 0 0 0]"
"1769235373233775,CSI_DATA,STATION,00:00:00:00:00:00,0,0,0,0,0,0,0,0,0,0,0,0,0,0,0,0,0,0,0,0,0,128,[84 -64 4 0 0 0 0 0 0 0 0 0 -12 6 -12 6 -13 5 -12 6 -13 5 -13 5 -13 5 -13 4 -13 4 -14 3 -13 3 -13 3 -13 3 -13 3 -13 2 -13 2 -13 3 -12 2 -13 2 -13 3 -13 2 -12 2 -12 2 -13 2 -12 2 -12 3 0 0 -12 3 -11 3 -12 3 -12 3 -12 3 -11 4 -11 4 -12 4 -11 5 -12 5 -12 5 -11 5 -12 5 -12 5 -12 5 -12 6 -11 6 -12 6 -12 7 -12 7 -12 7 -11 7 -12 7 -12 7 -12 7 -12 7 0 0 0 0 0 0 0 0 0 0]"
"1769235373238182,CSI_DATA,STATION,00:00:00:00:00:00,0,0,0,0,0,0,0,0,0,0,0,0,0,0,0,0,0,0,0,0,0,128,[84 -64 4 0 0 0 0 0 0 0 0 0 -7 -12 -7 -12 -6 -12 -6 -13 -6 -13 -5 -13 -5 -13 -5 -13 -5 -13 -4 -14 -4 -13 -4 -13 -4 -13 -4 -13 -3 -14 -3 -13 -3 -13 -3 -12 -3 -13 -3 -13 -3 -13 -3 -13 -3 -12 -3 -12 -3 -12 -3 -12 0 0 -4 -12 -3 -12 -4 -12 -3 -12 -4 -12 -4 -12 -4 -12 -5 -12 -5 -12 -5 -11 -5 -11 -6 -12 -5 -12 -6 -12 -5 -12 -6 -12 -6 -12 -6 -12 -6 -12 -7 -12 -7 -12 -7 -12 -7 -12 -7 -12 -7 -12 -7 -12 0 0 0 0 0 0 0 0 0 0]"
"1769235373242577,CSI_DATA,STATION,00:00:00:00:00:00,0,0,0,0,0,0,0,0,0,0,0,0,0,0,0,0,0,0,0,0,0,128,[84 -64 4 0 0 0 0 0 0 0 0 0 -9 -8 -9 -9 -8 -9 -9 -9 -8 -9 -8 -10 -8 -9 -8 -10 -7 -10 -7 -10 -7 -10 -7 -10 -7 -10 -7 -10 -7 -10 -6 -10 -6 -10 -6 -10 -6 -10 -6 -10 -6 -10 -6 -10 -6 -9 -6 -10 -6 -9 -6 -9 0 0 -7 -9 -7 -9 -7 -9 -6 -8 -7 -9 -7 -8 -7 -8 -8 -8 -8 -8 -8 -8 -8 -8 -9 -8 -8 -8 -9 -8 -9 -8 -9 -8 -9 -7 -10 -8 -10 -8 -10 -7 -10 -7 -10 -8 -10 -7 -10 -7 -10 -7 -11 -7 0 0 0 0 0 0 0 0 0 0]"
"1769235373249139,CSI_DATA,STATION,00:00:00:00:00:00,0,0,0,0,0,0,0,0,0,0,0,0,0,0,0,0,0,0,0,0,0,128,[84 -64 4 0 0 0 0 0 0 0 0 0 -11 10 -11 10 -11 10 -11 9 -12 9 -13 8 -13 8 -13 8 -13 8 -13 7 -13 7 -13 7 -13 7 -13 6 -13 6 -13 6 -13 6 -13 6 -13 5 -13 5 -12 5 -12 5 -12 5 -13 5 -12 5 -12 6 0 0 -12 5 -11 6 -11 6 -11 6 -11 6 -11 6 -11 6 -11 6 -11 7 -11 7 -11 8 -11 7 -11 7 -10 8 -11 8 -10 9 -10 9 -10 9 -10 9 -11 9 -11 9 -10 9 -11 10 -10 10 -10 10 -10 10 0 0 0 0 0 0 0 0 0 0]"
"1769235373253507,CSI_DATA,STATION,00:00:00:00:00:00,0,0,0,0,0,0,0,0,0,0,0,0,0,0,0,0,0,0,0,0,0,128,[84 -64 4 0 0 0 0 0 0 0 0 0 -13 6 -13 5 -13 4 -13 5 -13 4 -13 4 -13 4 -14 4 -13 3 -13 2 -13 3 -13 2 -13 2 -13 2 -13 2 -13 1 -13 2 -13 1 -12 1 -12 1 -12 2 -12 1 -12 2 -12 2 -12 2 -12 2 0 0 -11 2 -11 2 -11 2 -11 2 -11 3 -11 3 -11 3 -11 3 -11 4 -11 4 -11 5 -11 4 -11 4 -11 5 -11 4 -11 5 -10 5 -11 6 -11 6 -11 6 -11 6 -11 6 -10 6 -10 7 -11 7 -11 7 0 0 0 0 0 0 0 0 0 0]"
"1769235373260009,CSI_DATA,STATION,00:00:00:00:00:00,0,0,0,0,0,0,0,0,0,0,0,0,0,0,0,0,0,0,0,0,0,128,[84 -64 4 0 0 0 0 0 0 0 0 0 -16 -1 -15 -1 -15 -2 -15 -2 -15 -3 -15 -3 -15 -4 -15 -4 -15 -4 -15 -5 -14 -5 -14 -5 -14 -5 -14 -5 -13 -5 -13 -5 -13 -6 -13 -5 -13 -5 -12 -6 -12 -5 -12 -5 -13 -5 -12 -5 -13 -4 -12 -4 0 0 -12 -4 -12 -4 -12 -3 -12 -3 -12 -3 -12 -3 -12 -3 -12 -3 -12 -2 -13 -2 -13 -1 -13 -1 -12 -1 -13 -1 -13 -1 -13 -1 -13 -1 -14 -1 -13 0 -14 0 -14 0 -14 0 -14 0 -13 1 -14 1 -14 1 0 0 0 0 0 0 0 0 0 0]"
"1769235373264418,CSI_DATA,STATION,00:00:00:00:00:00,0,0,0,0,0,0,0,0,0,0,0,0,0,0,0,0,0,0,0,0,0,128,[84 -64 4 0 0 0 0 0 0 0 0 0 12 -7 13 -7 13 -6 13 -6 13 -5 13 -5 13 -5 14 -4 14 -4 14 -4 13 -3 13 -3 13 -3 13 -3 13 -2 13 -2 13 -2 12 -2 12 -2 12 -2 12 -2 12 -2 12 -2 12 -2 11 -2 12 -3 0 0 11 -3 11 -3 11 -3 11 -3 11 -4 11 -4 11 -4 11 -4 11 -4 10 -5 11 -5 11 -5 11 -5 11 -5 11 -6 11 -6 11 -6 11 -7 10 -6 10 -7 10 -7 10 -7 10 -7 11 -7 11 -7 11 -8 0 0 0 0 0 0 0 0 0 0]"
"1769235373268751,CSI_DATA,STATION,00:00:00:00:00:00,0,0,0,0,0,0,0,0,0,0,0,0,0,0,0,0,0,0,0,0,0,128,[84 -64 4 0 0 0 0 0 0 0 0 0 11 -8 12 -7 12 -6 12 -6 12 -5 13 -5 12 -5 13 -5 13 -5 13 -4 13 -4 13 -4 12 -4 13 -3 13 -3 12 -3 13 -3 12 -3 12 -3 12 -3 11 -3 11 -3 11 -3 11 -3 11 -3 11 -4 0 0 11 -4 11 -3 10 -4 10 -4 10 -4 10 -4 10 -4 10 -5 10 -5 10 -6 10 -6 10 -6 10 -6 10 -6 10 -6 10 -7 9 -6 10 -7 10 -7 10 -7 9 -7 10 -7 9 -7 9 -8 9 -8 10 -9 0 0 0 0 0 0 0 0 0 0]"
"1769235373275216,CSI_DATA,STATION,00:00:00:00:00:00,0,0,0,0,0,0,0,0,0,0,0,0,0,0,0,0,0,0,0,0,0,128,[84 -64 4 0 0 0 0 0 0 0 0 0 13 -1 13 0 13 0 13 0 13 1 13 1 13 2 13 2 13 2 13 3 12 2 13 3 12 3 12 3 12 3 11 3 11 3 11 3 11 4 11 3 11 3 10 3 11 3 10 3 10 3 11 2 0 0 10 2 11 2 10 2 11 1 10 1 10 1 10 1 10 1 10 0 10 0 11 0 11 0 11 0 11 0 11 0 11 -1 11 -1 11 -2 11 -1 12 -2 11 -2 11 -2 12 -2 11 -2 12 -2 12 -2 0 0 0 0 0 0 0 0 0 0]"
"1769235373279541,CSI_DATA,STATION,00:00:00:00:00:00,0,0,0,0,0,0,0,0,0,0,0,0,0,0,0,0,0,0,0,0,0,128,[84 -64 4 0 0 0 0 0 0 0 0 0 12 -1 13 -2 12 0 13 0 12 1 13 1 13 1 12 1 12 1 12 2 12 2 12 2 12 2 12 2 12 2 11 3 11 3 11 2 11 3 11 3 11 3 10 2 11 2 10 3 10 2 10 2 0 0 10 1 10 1 10 1 10 0 10 1 10 0 10 0 10 0 10 0 10 0 10 0 10 0 11 -1 11 0 10 -1 11 -1 10 -2 11 -2 11 -2 11 -2 11 -2 11 -2 11 -2 11 -3 11 -3 12 -3 0 0 0 0 0 0 0 0 0 0]"
"1769235373283891,CSI_DATA,STATION,00:00:00:00:00:00,0,0,0,0,0,0,0,0,0,0,0,0,0,0,0,0,0,0,0,0,0,128,[84 -64 4 0 0 0 0 0 0 0 0 0 13 13 13 15 11 15 12 16 11 16 11 16 10 16 10 16 9 16 9 16 9 16 8 16 8 17 7 16 7 16 7 16 7 16 7 15 6 16 6 15 6 15 6 14 6 14 6 15 7 14 7 14 0 0 7 13 7 13 7 14 7 13 7 13 8 13 8 13 8 12 8 12 8 12 9 12 9 12 9 13 10 13 9 12 10 12 10 11 11 11 12 11 11 11 12 11 12 12 11 11 12 11 12 11 13 11 0 0 0 0 0 0 0 0 0 0]"
"1769235373290384,CSI_DATA,STATION,00:00:00:00:00:00,0,0,0,0,0,0,0,0,0,0,0,0,0,0,0,0,0,0,0,0,0,128,[84 -64 4 0 0 0 0 0 0 0 0 0 4 13 4 13 3 13 4 14 3 13 2 13 2 13 2 13 1 13 1 14 0 13 0 13 0 12 0 12 0 13 0 12 0 12 -1 11 -1 12 0 12 0 12 -1 12 0 11 -1 11 0 12 0 11 0 0 1 11 0 11 1 11 1 11 1 11 1 11 1 11 2 11 2 10 2 11 2 10 2 11 2 11 3 11 3 10 3 11 4 10 4 11 4 11 4 11 4 11 5 11 4 11 5 11 5 11 5 11 0 0 0 0 0 0 0 0 0 0]"
"1769235373294688,CSI_DATA,STATION,00:00:00:00:00:00,0,0,0,0,0,0,0,0,0,0,0,0,0,0,0,0,0,0,0,0,0,128,[84 -64 4 0 0 0 0 0 0 0 0 0 -12 -5 -12 -5 -12 -5 -12 -5 -11 -6 -12 -7 -11 -7 -11 -7 -11 -7 -11 -8 -11 -7 -10 -8 -10 -8 -10 -8 -10 -8 -9 -7 -9 -8 -9 -8 -9 -8 -9 -8 -9 -8 -8 -8 -9 -7 -9 -8 -8 -7 -9 -7 0 0 -9 -7 -9 -7 -9 -7 -9 -6 -9 -7 -9 -6 -9 -5 -10 -6 -9 -5 -10 -5 -10 -5 -10 -6 -10 -5 -10 -5 -10 -5 -10 -5 -11 -5 -11 -5 -11 -4 -11 -4 -11 -4 -11 -5 -11 -5 -12 -4 -11 -4 -12 -4 0 0 0 0 0 0 0 0 0 0]"
"1769235373301177,CSI_DATA,STATION,00:00:00:00:00:00,0,0,0,0,0,0,0,0,0,0,0,0,0,0,0,0,0,0,0,0,0,128,[84 -64 4 0 0 0 0 0 0 0 0 0 14 -1 14 0 13 1 14 1 13 1 14 2 13 2 13 3 13 3 13 3 13 3 12 3 12 4 12 3 12 4 11 4 12 4 11 4 11 5 11 4 11 4 11 4 10 3 11 4 11 3 11 3 0 0 11 3 10 3 11 3 11 2 11 3 11 3 11 2 11 2 11 2 10 1 11 1 11 1 12 1 12 1 11 0 12 1 11 0 12 0 12 0 12 0 12 0 12 0 12 0 12 -1 12 -1 13 -1 0 0 0 0 0 0 0 0 0 0]"
"1769235373305506,CSI_DATA,STATION,00:00:00:00:00:00,0,0,0,0,0,0,0,0,0,0,0,0,0,0,0,0,0,0,0,0,0,128,[84 -64 4 0 0 0 0 0 0 0 0 0 11 5 11 5 11 6 11 7 10 6 10 7 10 7 10 8 9 8 9 8 9 8 8 8 9 8 8 8 8 8 8 8 8 8 8 8 7 8 7 8 7 8 7 8 7 7 7 8 7 7 7 7 0 0 7 7 7 7 7 6 7 6 8 6 7 6 8 6 8 6 8 5 8 6 8 5 9 6 9 5 9 6 8 5 9 5 9 5 9 4 10 5 9 5 9 4 9 5 10 4 10 4 10 5 10 4 0 0 0 0 0 0 0 0 0 0]"
"1769235373309838,CSI_DATA,STATION,00:00:00:00:00:00,0,0,0,0,0,0,0,0,0,0,0,0,0,0,0,0,0,0,0,0,0,128,[84 -64 4 0 0 0 0 0 0 0 0 0 -12 8 -13 8 -13 7 -13 7 -13 6 -14 7 -14 6 -14 6 -14 5 -14 5 -14 5 -14 4 -13 4 -14 4 -14 3 -13 4 -13 4 -13 4 -13 3 -13 3 -13 3 -13 3 -13 3 -12 3 -12 4 -12 4 0 0 -12 4 -12 4 -11 4 -11 4 -11 4 -11 4 -11 5 -11 5 -11 5 -11 6 -11 6 -10 6 -11 6 -11 6 -11 6 -11 7 -10 7 -11 8 -10 8 -10 8 -10 8 -10 8 -10 8 -10 8 -10 9 -10 9 0 0 0 0 0 0 0 0 0 0]"
"1769235373316333,CSI_DATA,STATION,00:00:00:00:00:00,0,0,0,0,0,0,0,0,0,0,0,0,0,0,0,0,0,0,0,0,0,128,[84 -64 4 0 0 0 0 0 0 0 0 0 -14 -3 -14 -4 -14 -4 -14 -5 -13 -5 -13 -5 -13 -5 -13 -6 -12 -6 -12 -7 -12 -6 -12 -6 -12 -7 -12 -7 -12 -7 -11 -7 -11 -7 -11 -7 -10 -7 -10 -7 -10 -7 -10 -7 -10 -7 -10 -7 -10 -6 -10 -6 0 0 -10 -6 -10 -6 -10 -5 -10 -5 -10 -5 -9 -5 -10 -5 -10 -6 -11 -5 -11 -5 -11 -3 -11 -4 -11 -4 -11 -4 -11 -4 -11 -4 -12 -4 -11 -4 -12 -3 -12 -3 -12 -3 -12 -3 -12 -3 -12 -3 -12 -2 -12 -2 0 0 0 0 0 0 0 0 0 0]"
"1769235373320642,CSI_DATA,STATION,00:00:00:00:00:00,0,0,0,0,0,0,0,0,0,0,0,0,0,0,0,0,0,0,0,0,0,128,[84 -64 4 0 0 0 0 0 0 0 0 0 12 -9 13 -9 13 -8 13 -8 13 -7 14 -7 14 -6 14 -6 14 -6 14 -5 14 -5 14 -5 13 -5 13 -4 14 -4 13 -4 13 -4 12 -4 13 -4 13 -4 12 -4 12 -4 12 -4 12 -4 12 -4 11 -4 0 0 11 -5 11 -5 11 -5 11 -5 11 -5 10 -5 10 -6 10 -6 10 -6 10 -7 10 -7 10 -7 10 -7 10 -7 9 -8 10 -8 9 -8 9 -9 9 -9 9 -9 9 -9 9 -9 9 -9 9 -10 9 -10 9 -10 0 0 0 0 0 0 0 0 0 0]"
"1769235373324971,CSI_DATA,STATION,00:00:00:00:00:00,0,0,0,0,0,0,0,0,0,0,0,0,0,0,0,0,0,0,0,0,0,128,[84 -64 4 0 0 0 0 0 0 0 0 0 -15 0 -14 -1 -15 -1 -14 -1 -15 -2 -14 -3 -14 -3 -14 -3 -14 -3 -14 -4 -14 -4 -13 -4 -13 -5 -13 -5 -13 -5 -13 -4 -12 -4 -12 -5 -12 -5 -12 -5 -12 -5 -12 -4 -12 -5 -11 -4 -11 -4 -11 -4 0 0 -11 -4 -11 -3 -11 -3 -11 -3 -11 -3 -11 -3 -11 -3 -12 -3 -11 -2 -12 -2 -12 -2 -12 -2 -11 -1 -12 -1 -12 -1 -12 -1 -12 -1 -12 -1 -12 0 -13 0 -12 0 -12 0 -13 -1 -13 0 -12 0 -13 0 0 0 0 0 0 0 0 0 0 0]"
"1769235373331624,CSI_DATA,STATION,00:00:00:00:00:00,0,0,0,0,0,0,0,0,0,0,0,0,0,0,0,0,0,0,0,0,0,128,[84 -64 4 0 0 0 0 0 0 0 0 0 -15 -1 -14 -1 -15 -2 -15 -2 -15 -3 -14 -3 -15 -4 -14 -4 -14 -5 -14 -5 -13 -4 -13 -5 -13 -6 -13 -6 -13 -6 -13 -5 -12 -5 -12 -6 -12 -6 -12 -5 -12 -6 -11 -5 -12 -5 -11 -5 -11 -5 -11 -5 0 0 -11 -4 -12 -4 -11 -3 -12 -4 -11 -4 -11 -4 -11 -4 -11 -3 -11 -3 -12 -3 -11 -2 -12 -2 -11 -2 -12 -2 -12 -2 -11 -1 -12 -2 -12 -1 -12 -1 -12 -1 -13 -1 -13 -1 -13 -1 -12 -1 -13 0 -13 0 0 0 0 0 0 0 0 0 0 0]"
"1769235373335989,CSI_DATA,STATION,00:00:00:00:00:00,0,0,0,0,0,0,0,0,0,0,0,0,0,0,0,0,0,0,0,0,0,128,[84 -64 4 0 0 0 0 0 0 0 0 0 -5 15 -6 15 -6 14 -7 14 -8 14 -8 14 -8 13 -8 13 -9 13 -9 12 -9 13 -9 12 -9 12 -9 12 -9 12 -9 11 -10 11 -9 11 -9 11 -9 10 -9 11 -8 10 -9 10 -8 10 -8 10 -7 11 0 0 -7 10 -7 10 -7 10 -7 10 -7 10 -7 10 -6 10 -6 11 -6 11 -5 10 -5 11 -5 11 -5 11 -5 12 -5 11 -4 12 -4 11 -4 12 -4 12 -3 12 -4 12 -3 12 -3 12 -3 13 -3 13 -3 13 0 0 0 0 0 0 0 0 0 0]"
"1769235373342513,CSI_DATA,STATION,00:00:00:00:00:00,0,0,0,0,0,0,0,0,0,0,0,0,0,0,0,0,0,0,0,0,0,128,[84 -64 4 0 0 0 0 0 0 0 0 0 6 -16 7 -15 7 -15 7 -15 8 -15 9 -15 8 -14 9 -14 9 -13 9 -13 10 -13 9 -13 9 -12 9 -12 10 -12 9 -11 10 -11 9 -11 9 -11 9 -11 9 -11 8 -11 9 -11 9 -11 8 -10 8 -11 0 0 7 -10 7 -10 7 -10 7 -10 7 -11 6 -11 6 -11 6 -11 6 -11 6 -12 5 -11 5 -12 5 -12 5 -12 5 -12 4 -12 4 -13 4 -13 4 -13 4 -13 3 -13 4 -13 3 -13 3 -13 3 -14 3 -14 0 0 0 0 0 0 0 0 0 0]"
"1769235373351211,CSI_DATA,STATION,00:00:00:00:00:00,0,0,0,0,0,0,0,0,0,0,0,0,0,0,0,0,0,0,0,0,0,128,[84 -64 4 0 0 0 0 0 0 0 0 0 6 -14 7 -14 7 -14 7 -14 8 -13 9 -13 9 -12 9 -12 9 -12 10 -11 9 -12 10 -11 10 -11 10 -11 10 -10 9 -10 9 -10 9 -10 9 -9 10 -9 9 -9 9 -9 9 -10 8 -9 8 -9 8 -9 0 0 8 -9 8 -9 7 -9 7 -9 7 -10 7 -9 6 -9 6 -10 6 -10 6 -11 6 -11 6 -11 6 -10 5 -10 5 -11 5 -11 5 -11 5 -12 5 -12 5 -12 5 -12 4 -11 4 -12 4 -12 4 -12 4 -12 0 0 0 0 0 0 0 0 0 0]"
"1769235373357690,CSI_DATA,STATION,00:00:00:00:00:00,0,0,0,0,0,0,0,0,0,0,0,0,0,0,0,0,0,0,0,0,0,128,[84 -64 4 0 0 0 0 0 0 0 0 0 8 10 8 11 7 11 7 11 6 11 6 12 6 11 5 12 5 11 4 12 5 12 4 12 4 11 4 11 4 13 3 12 3 11 3 11 3 11 3 11 3 11 3 11 3 10 3 10 3 10 3 10 0 0 3 10 3 10 4 10 3 9 4 10 4 9 4 9 4 10 5 9 4 9 5 8 5 9 5 9 6 9 5 8 6 9 6 8 6 8 6 8 6 8 7 8 7 8 7 8 7 8 7 8 8 8 0 0 0 0 0 0 0 0 0 0]"
"1769235373362023,CSI_DATA,STATION,00:00:00:00:00:00,0,0,0,0,0,0,0,0,0,0,0,0,0,0,0,0,0,0,0,0,0,128,[84 -64 4 0 0 0 0 0 0 0 0 0 10 -13 10 -12 10 -12 10 -11 11 -12 12 -11 12 -10 12 -10 12 -10 13 -9 12 -9 12 -9 12 -9 12 -8 12 -8 12 -8 12 -8 12 -8 12 -7 12 -7 11 -7 11 -7 12 -7 11 -8 10 -8 10 -8 0 0 10 -7 10 -7 9 -8 10 -8 9 -7 9 -8 9 -8 9 -8 9 -8 9 -9 9 -9 8 -9 8 -9 8 -9 8 -10 8 -10 8 -11 8 -10 8 -11 8 -11 8 -10 8 -11 8 -11 7 -11 7 -12 7 -12 0 0 0 0 0 0 0 0 0 0]"
"1769235373366324,CSI_DATA,STATION,00:00:00:00:00:00,0,0,0,0,0,0,0,0,0,0,0,0,0,0,0,0,0,0,0,0,0,128,[84 -64 4 0 0 0 0 0 0 0 0 0 4 -16 5 -15 6 -15 6 -15 7 -15 7 -15 8 -14 8 -14 8 -14 8 -14 8 -14 8 -13 8 -13 8 -12 8 -12 8 -12 9 -12 9 -12 9 -12 9 -11 8 -12 8 -11 8 -11 7 -12 7 -11 7 -11 0 0 6 -11 6 -11 6 -12 6 -12 6 -11 6 -12 5 -12 5 -12 5 -12 5 -12 4 -12 4 -12 4 -12 4 -13 4 -13 3 -13 3 -13 3 -13 3 -13 3 -14 3 -14 3 -13 2 -14 2 -14 2 -14 1 -14 0 0 0 0 0 0 0 0 0 0]"
"1769235373372809,CSI_DATA,STATION,00:00:00:00:00:00,0,0,0,0,0,0,0,0,0,0,0,0,0,0,0,0,0,0,0,0,0,128,[84 -64 4 0 0 0 0 0 0 0 0 0 12 6 13 7 11 8 12 8 11 8 11 9 11 9 10 9 10 9 10 10 10 9 9 10 9 10 9 10 9 10 8 10 8 10 8 9 8 10 8 10 8 10 8 9 8 9 8 9 8 9 8 8 0 0 8 8 8 8 8 8 8 7 8 8 8 7 8 7 8 7 9 6 9 7 9 6 9 7 9 6 9 6 10 5 10 6 10 5 10 5 10 5 10 5 10 5 11 5 11 5 11 5 11 4 11 4 0 0 0 0 0 0 0 0 0 0]"
"1769235373377141,CSI_DATA,STATION,00:00:00:00:00:00,0,0,0,0,0,0,0,0,0,0,0,0,0,0,0,0,0,0,0,0,0,128,[84 -64 4 0 0 0 0 0 0 0 0 0 3 15 3 16 2 16 1 17 1 16 1 16 0 16 0 16 -1 16 -1 15 -1 15 -1 15 -2 15 -2 14 -2 16 -2 14 -3 14 -2 13 -3 14 -2 14 -2 14 -3 13 -2 13 -1 13 -2 13 -1 13 0 0 -1 13 -1 13 -1 13 -1 12 -1 13 0 13 -1 13 0 13 0 12 1 12 2 12 1 12 2 13 2 13 1 12 2 13 3 12 3 13 3 12 3 12 3 12 3 12 3 12 5 12 5 12 5 13 0 0 0 0 0 0 0 0 0 0]"
"1769235373383590,CSI_DATA,STATION,00:00:00:00:00:00,0,0,0,0,0,0,0,0,0,0,0,0,0,0,0,0,0,0,0,0,0,128,[84 -64 4 0 0 0 0 0 0 0 0 0 -15 -1 -15 -2 -16 -2 -16 -3 -15 -3 -15 -3 -15 -4 -15 -5 -14 -5 -14 -5 -14 -5 -14 -5 -13 -6 -13 -5 -13 -6 -13 -5 -13 -6 -12 -6 -13 -6 -12 -6 -12 -6 -12 -6 -12 -5 -12 -5 -12 -5 -12 -5 0 0 -11 -4 -11 -4 -12 -4 -11 -4 -12 -4 -12 -4 -11 -3 -12 -3 -12 -3 -12 -2 -12 -2 -12 -2 -12 -2 -12 -2 -12 -1 -13 -1 -12 -1 -13 -1 -13 -1 -13 -1 -13 0 -13 -1 -12 0 -13 0 -13 0 -13 1 0 0 0 0 0 0 0 0 0 0]"
"1769235373387890,CSI_DATA,STATION,00:00:00:00:00:00,0,0,0,0,0,0,0,0,0,0,0,0,0,0,0,0,0,0,0,0,0,128,[84 -64 4 0 0 0 0 0 0 0 0 0 -15 -1 -15 -2 -15 -2 -15 -3 -15 -4 -15 -4 -14 -5 -14 -5 -14 -5 -14 -5 -14 -6 -14 -6 -13 -6 -13 -6 -13 -6 -13 -6 -12 -6 -12 -6 -12 -6 -12 -6 -12 -6 -12 -6 -12 -5 -12 -6 -11 -5 -12 -5 0 0 -11 -4 -12 -5 -11 -4 -12 -4 -11 -4 -11 -4 -11 -4 -11 -3 -11 -3 -12 -3 -12 -2 -12 -3 -12 -2 -12 -2 -12 -2 -12 -1 -12 -2 -13 -1 -12 -1 -12 -1 -13 -1 -13 -1 -13 -1 -13 0 -13 0 -13 0 0 0 0 0 0 0 0 0 0 0]"
"1769235373394362,CSI_DATA,STATION,00:00:00:00:00:00,0,0,0,0,0,0,0,0,0,0,0,0,0,0,0,0,0,0,0,0,0,128,[84 -64 4 0 0 0 0 0 0 0 0 0 15 0 15 1 15 2 16 2 16 2 15 3 15 3 15 4 15 3 15 4 14 4 14 4 14 5 14 5 13 5 13 5 13 5 13 5 12 5 12 5 12 5 11 5 12 5 12 5 12 4 12 4 0 0 12 4 12 4 11 3 12 3 11 3 12 3 12 3 12 3 12 2 12 2 11 1 12 2 12 2 12 1 12 1 12 0 13 0 13 0 13 0 13 0 13 -1 12 0 13 -1 13 -1 13 -1 13 -1 0 0 0 0 0 0 0 0 0 0]"
"1769235373398659,CSI_DATA,STATION,00:00:00:00:00:00,0,0,0,0,0,0,0,0,0,0,0,0,0,0,0,0,0,0,0,0,0,128,[84 -64 4 0 0 0 0 0 0 0 0 0 11 -4 11 -4 12 -4 11 -3 12 -3 12 -3 12 -2 12 -2 12 -2 12 -1 11 -1 12 -1 11 -1 11 -1 11 0 11 -1 11 0 11 -1 10 0 11 0 10 0 10 0 10 -1 10 -1 10 -1 10 -1 0 0 10 -1 10 -1 9 -1 10 -2 9 -2 9 -2 9 -3 9 -3 9 -3 9 -3 9 -3 9 -3 9 -4 9 -3 10 -4 9 -4 9 -5 9 -5 9 -5 9 -5 9 -5 9 -5 9 -5 9 -6 9 -6 9 -6 0 0 0 0 0 0 0 0 0 0]"
"1769235373402965,CSI_DATA,STATION,00:00:00:00:00:00,0,0,0,0,0,0,0,0,0,0,0,0,0,0,0,0,0,0,0,0,0,128,[84 -64 4 0 0 0 0 0 0 0 0 0 -2 15 -2 15 -3 15 -3 15 -4 14 -4 15 -5 15 -5 14 -5 14 -5 14 -6 13 -6 14 -6 13 -6 13 -7 13 -6 13 -6 12 -7 12 -6 12 -6 12 -6 12 -6 11 -6 12 -6 11 -6 11 -5 12 0 0 -5 12 -4 11 -4 11 -4 11 -4 12 -4 12 -4 12 -3 11 -3 11 -3 12 -3 12 -3 12 -2 12 -2 12 -2 12 -1 13 -1 12 -1 13 -1 13 -1 12 -1 13 0 13 0 12 0 13 0 13 0 13 0 0 0 0 0 0 0 0 0 0]"
"1769235373407300,CSI_DATA,STATION,00:00:00:00:00:00,0,0,0,0,0,0,0,0,0,0,0,0,0,0,0,0,0,0,0,0,0,128,[84 -64 4 0 0 0 0 0 0 0 0 0 8 -13 9 -12 9 -12 9 -12 10 -12 11 -11 10 -11 11 -11 11 -10 11 -10 11 -10 11 -10 11 -10 11 -9 11 -9 11 -9 11 -9 11 -9 10 -8 11 -8 10 -8 10 -8 10 -9 10 -9 10 -8 9 -9 0 0 9 -9 9 -8 8 -8 9 -9 9 -9 8 -9 8 -9 7 -10 8 -10 7 -10 7 -10 7 -10 7 -10 7 -10 7 -11 7 -11 6 -11 6 -11 6 -11 6 -12 6 -12 6 -12 6 -12 5 -12 5 -13 5 -13 0 0 0 0 0 0 0 0 0 0]"
"1769235373413742,CSI_DATA,STATION,00:00:00:00:00:00,0,0,0,0,0,0,0,0,0,0,0,0,0,0,0,0,0,0,0,0,0,128,[84 -64 4 0 0 0 0 0 0 0 0 0 -10 -10 -9 -10 -10 -11 -9 -11 -9 -12 -8 -12 -8 -12 -7 -12 -7 -12 -7 -13 -7 -12 -6 -12 -7 -12 -6 -12 -5 -12 -6 -12 -6 -12 -6 -12 -5 -11 -5 -12 -5 -12 -5 -12 -5 -11 -6 -11 -5 -11 -6 -11 0 0 -5 -10 -5 -11 -6 -10 -6 -10 -6 -10 -6 -10 -6 -10 -7 -10 -7 -9 -7 -10 -8 -9 -7 -9 -7 -9 -7 -9 -8 -9 -8 -8 -9 -9 -8 -9 -8 -9 -9 -9 -9 -9 -9 -9 -9 -9 -10 -9 -9 -8 -10 -8 0 0 0 0 0 0 0 0 0 0]"
"1769235373418044,CSI_DATA,STATION,00:00:00:00:00:00,0,0,0,0,0,0,0,0,0,0,0,0,0,0,0,0,0,0,0,0,0,128,[84 -64 4 0 0 0 0 0 0 0 0 0 -4 -15 -3 -15 -2 -15 -2 -15 -1 -16 -1 -16 0 -15 0 -15 0 -15 0 -15 1 -15 1 -15 1 -15 1 -14 1 -14 2 -14 2 -14 2 -14 2 -14 2 -13 2 -13 1 -13 2 -13 1 -13 1 -13 1 -13 0 0 1 -13 1 -13 0 -12 0 -13 0 -12 0 -13 -1 -13 0 -13 -1 -12 -2 -13 -1 -12 -2 -12 -2 -12 -2 -13 -2 -13 -2 -13 -2 -13 -3 -13 -3 -13 -3 -13 -3 -13 -3 -13 -3 -13 -4 -13 -4 -13 -4 -13 0 0 0 0 0 0 0 0 0 0]"
"1769235373424491,CSI_DATA,STATION,00:00:00:00:00:00,0,0,0,0,0,0,0,0,0,0,0,0,0,0,0,0,0,0,0,0,0,128,[84 -64 4 0 0 0 0 0 0 0 0 0 -7 12 -8 12 -9 12 -9 12 -9 11 -10 11 -9 11 -10 11 -10 10 -10 10 -10 10 -10 10 -10 10 -10 9 -11 9 -11 9 -11 9 -10 8 -11 9 -10 8 -10 8 -10 8 -10 8 -9 8 -9 8 -9 9 0 0 -9 9 -8 8 -8 9 -8 9 -8 9 -7 9 -7 9 -7 9 -7 9 -7 9 -7 10 -6 10 -6 10 -6 11 -6 10 -6 11 -5 10 -6 11 -5 11 -5 11 -5 11 -5 11 -4 11 -4 11 -5 12 -4 12 0 0 0 0 0 0 0 0 0 0]"
"1769235373428883,CSI_DATA,STATION,00:00:00:00:00:00,0,0,0,0,0,0,0,0,0,0,0,0,0,0,0,0,0,0,0,0,0,128,[84 -64 4 0 0 0 0 0 0 0 0 0 3 -15 3 -14 3 -14 4 -14 4 -14 5 -14 6 -14 6 -14 6 -13 6 -13 6 -13 6 -13 6 -13 6 -12 7 -12 7 -12 7 -12 7 -12 7 -11 7 -11 6 -11 6 -11 7 -11 6 -11 5 -11 5 -11 0 0 5 -11 5 -11 5 -11 4 -11 4 -11 4 -11 4 -11 4 -11 4 -11 4 -11 3 -11 3 -11 3 -11 3 -12 3 -12 3 -12 2 -12 2 -13 2 -12 2 -12 2 -12 2 -12 2 -12 1 -13 1 -13 1 -13 0 0 0 0 0 0 0 0 0 0]"
"1769235373435285,CSI_DATA,STATION,00:00:00:00:00:00,0,0,0,0,0,0,0,0,0,0,0,0,0,0,0,0,0,0,0,0,0,128,[84 -64 4 0 0 0 0 0 0 0 0 0 -7 -13 -7 -13 -6 -13 -6 -14 -5 -14 -5 -14 -5 -13 -4 -14 -4 -14 -4 -14 -3 -13 -3 -13 -3 -14 -2 -13 -3 -14 -3 -13 -3 -13 -3 -13 -2 -13 -2 -13 -2 -12 -3 -13 -2 -12 -3 -12 -3 -12 -3 -11 0 0 -3 -12 -3 -11 -3 -11 -3 -11 -4 -11 -4 -11 -4 -11 -5 -11 -4 -11 -5 -11 -5 -10 -5 -10 -5 -10 -6 -11 -6 -10 -6 -10 -6 -10 -7 -11 -6 -10 -7 -10 -7 -10 -7 -10 -7 -10 -8 -11 -8 -10 -8 -10 0 0 0 0 0 0 0 0 0 0]"
"1769235373439512,CSI_DATA,STATION,00:00:00:00:00:00,0,0,0,0,0,0,0,0,0,0,0,0,0,0,0,0,0,0,0,0,0,128,[84 -64 4 0 0 0 0 0 0 0 0 0 -9 -13 -8 -13 -7 -13 -7 -14 -7 -14 -7 -14 -6 -14 -6 -14 -5 -14 -5 -15 -5 -14 -5 -14 -4 -14 -4 -14 -4 -14 -4 -14 -4 -14 -4 -13 -3 -13 -3 -13 -3 -13 -4 -13 -3 -12 -4 -13 -4 -12 -4 -12 0 0 -4 -12 -4 -12 -5 -12 -4 -12 -5 -12 -5 -12 -5 -11 -6 -11 -6 -11 -6 -11 -6 -10 -6 -11 -6 -10 -7 -11 -7 -11 -8 -11 -8 -11 -8 -11 -8 -11 -8 -11 -8 -11 -8 -10 -9 -10 -9 -10 -9 -10 -9 -10 0 0 0 0 0 0 0 0 0 0]"
"1769235373445950,CSI_DATA,STATION,00:00:00:00:00:00,0,0,0,0,0,0,0,0,0,0,0,0,0,0,0,0,0,0,0,0,0,128,[84 -64 4 0 0 0 0 0 0 0 0 0 -6 -14 -6 -14 -6 -14 -5 -14 -5 -15 -4 -14 -4 -14 -4 -14 -3 -14 -3 -15 -3 -14 -3 -14 -2 -14 -2 -14 -2 -14 -2 -14 -2 -13 -2 -13 -2 -13 -1 -13 -1 -13 -2 -13 -1 -12 -2 -13 -2 -13 -2 -12 0 0 -2 -12 -2 -12 -3 -12 -3 -12 -3 -12 -3 -12 -3 -11 -4 -12 -4 -12 -4 -11 -5 -11 -5 -11 -5 -11 -5 -11 -5 -11 -6 -11 -6 -12 -6 -12 -6 -11 -6 -11 -6 -11 -7 -11 -7 -12 -7 -11 -8 -11 -7 -11 0 0 0 0 0 0 0 0 0 0]"
"1769235373450254,CSI_DATA,STATION,00:00:00:00:00:00,0,0,0,0,0,0,0,0,0,0,0,0,0,0,0,0,0,0,0,0,0,128,[84 -64 4 0 0 0 0 0 0 0 0 0 -5 -14 -5 -14 -4 -14 -4 -14 -4 -14 -3 -14 -3 -14 -3 -14 -2 -14 -2 -15 -2 -14 -2 -14 -1 -14 -1 -14 -1 -14 -1 -13 -1 -13 -1 -13 -1 -13 -1 -14 -1 -13 -1 -13 -1 -13 -1 -12 -1 -12 -2 -12 0 0 -2 -12 -2 -12 -2 -12 -2 -12 -3 -12 -3 -12 -3 -12 -3 -12 -3 -11 -4 -12 -4 -11 -4 -11 -5 -11 -4 -12 -5 -12 -5 -11 -6 -12 -6 -12 -5 -12 -6 -11 -6 -12 -6 -11 -6 -12 -7 -11 -7 -11 -7 -11 0 0 0 0 0 0 0 0 0 0]"
"1769235373456730,CSI_DATA,STATION,00:00:00:00:00:00,0,0,0,0,0,0,0,0,0,0,0,0,0,0,0,0,0,0,0,0,0,128,[84 -64 4 0 0 0 0 0 0 0 0 0 -5 -16 -5 -15 -5 -16 -4 -16 -4 -16 -3 -16 -3 -16 -2 -16 -2 -16 -1 -16 -1 -16 -1 -15 0 -16 0 -16 0 -16 -1 -15 0 -15 0 -14 0 -15 0 -15 0 -14 -1 -14 0 -14 -1 -14 0 -14 -1 -14 0 0 -2 -14 -1 -13 -2 -14 -1 -13 -2 -13 -3 -14 -3 -13 -3 -13 -3 -13 -4 -13 -4 -13 -4 -13 -4 -13 -5 -13 -5 -13 -5 -13 -6 -13 -6 -13 -6 -13 -6 -13 -6 -13 -7 -13 -6 -14 -7 -13 -7 -13 -7 -13 0 0 0 0 0 0 0 0 0 0]"
"1769235373461061,CSI_DATA,STATION,00:00:00:00:00:00,0,0,0,0,0,0,0,0,0,0,0,0,0,0,0,0,0,0,0,0,0,128,[84 -64 4 0 0 0 0 0 0 0 0 0 9 -11 9 -11 10 -10 10 -10 10 -9 11 -10 11 -9 11 -9 11 -8 11 -8 11 -8 11 -8 11 -7 11 -8 11 -7 11 -7 11 -7 11 -7 11 -6 11 -6 11 -6 10 -6 10 -7 10 -7 9 -6 10 -7 0 0 9 -7 9 -7 9 -7 8 -7 9 -8 8 -8 9 -8 8 -8 8 -8 8 -9 8 -9 8 -9 7 -9 8 -9 8 -10 8 -10 7 -10 8 -11 7 -10 7 -11 7 -11 7 -11 6 -11 6 -11 7 -12 7 -12 0 0 0 0 0 0 0 0 0 0]"
"1769235373465388,CSI_DATA,STATION,00:00:00:00:00:00,0,0,0,0,0,0,0,0,0,0,0,0,0,0,0,0,0,0,0,0,0,128,[84 -64 4 0 0 0 0 0 0 0 0 0 -6 12 -6 11 -7 12 -8 11 -7 10 -8 11 -8 11 -9 10 -8 9 -9 10 -9 10 -9 9 -9 9 -9 9 -9 8 -9 9 -9 9 -9 8 -9 8 -9 7 -9 8 -8 7 -9 8 -8 8 -8 8 -8 8 0 0 -8 8 -7 8 -7 8 -7 8 -7 8 -7 8 -7 8 -7 8 -7 9 -7 8 -6 9 -6 9 -6 10 -6 10 -6 10 -6 10 -5 10 -6 10 -5 11 -6 10 -6 11 -5 11 -5 11 -5 11 -6 11 -5 11 0 0 0 0 0 0 0 0 0 0]"
"1769235373471864,CSI_DATA,STATION,00:00:00:00:00:00,0,0,0,0,0,0,0,0,0,0,0,0,0,0,0,0,0,0,0,0,0,128,[84 -64 4 0 0 0 0 0 0 0 0 0 -12 2 -12 2 -13 1 -13 1 -12 1 -13 1 -13 0 -13 0 -12 0 -13 -1 -12 -1 -12 0 -12 -1 -12 -1 -12 -1 -12 -1 -12 -2 -11 -1 -12 -2 -11 -2 -11 -1 -11 -2 -11 -1 -11 -2 -11 -1 -11 0 0 0 -11 0 -11 0 -10 0 -11 0 -11 0 -11 0 -11 0 -11 1 -11 1 -11 1 -11 2 -11 2 -11 2 -11 2 -11 2 -11 2 -11 2 -11 3 -11 3 -11 3 -11 4 -12 3 -12 3 -11 4 -12 4 -12 4 0 0 0 0 0 0 0 0 0 0]"
"1769235373476190,CSI_DATA,STATION,00:00:00:00:00:00,0,0,0,0,0,0,0,0,0,0,0,0,0,0,0,0,0,0,0,0,0,128,[84 -64 4 0 0 0 0 0 0 0 0 0 -10 -8 -10 -9 -9 -9 -9 -10 -9 -10 -9 -10 -8 -10 -8 -10 -8 -11 -8 -11 -7 -11 -7 -10 -7 -11 -7 -11 -6 -11 -6 -11 -7 -11 -6 -10 -6 -11 -6 -11 -6 -10 -6 -11 -6 -10 -6 -10 -6 -10 -6 -10 0 0 -6 -10 -6 -10 -7 -10 -6 -9 -7 -10 -6 -10 -7 -9 -7 -9 -7 -9 -8 -9 -8 -9 -8 -9 -8 -9 -8 -9 -8 -9 -9 -9 -9 -9 -9 -9 -9 -9 -9 -9 -10 -9 -10 -9 -10 -9 -10 -9 -10 -8 -10 -8 0 0 0 0 0 0 0 0 0 0]"
"1769235373480516,CSI_DATA,STATION,00:00:00:00:00:00,0,0,0,0,0,0,0,0,0,0,0,0,0,0,0,0,0,0,0,0,0,128,[84 -64 4 0 0 0 0 0 0 0 0 0 10 8 9 8 10 9 9 9 9 9 8 10 8 10 8 10 7 10 8 11 7 10 7 9 7 10 7 10 6 11 6 10 7 10 6 10 6 10 6 10 6 10 6 10 6 9 6 10 6 9 6 9 0 0 7 9 6 8 7 8 6 8 7 8 7 9 7 8 7 8 8 8 8 8 8 7 8 8 9 8 9 7 9 7 9 7 10 7 10 7 10 7 10 7 10 7 10 8 10 7 10 6 11 7 11 6 0 0 0 0 0 0 0 0 0 0]"
"1769235373486984,CSI_DATA,STATION,00:00:00:00:00:00,0,0,0,0,0,0,0,0,0,0,0,0,0,0,0,0,0,0,0,0,0,128,[84 -64 4 0 0 0 0 0 0 0 0 0 -8 -10 -8 -11 -7 -11 -7 -11 -7 -12 -6 -12 -6 -11 -6 -12 -5 -12 -5 -12 -5 -12 -5 -12 -5 -12 -4 -12 -4 -12 -4 -12 -4 -11 -4 -11 -4 -12 -4 -12 -4 -11 -4 -11 -4 -11 -4 -11 -4 -11 -4 -11 0 0 -4 -11 -4 -10 -5 -10 -4 -10 -5 -11 -5 -10 -5 -10 -6 -10 -6 -10 -6 -10 -6 -10 -6 -10 -6 -9 -6 -10 -7 -10 -7 -10 -7 -10 -7 -10 -7 -10 -8 -10 -8 -10 -8 -10 -8 -10 -9 -10 -8 -10 -8 -10 0 0 0 0 0 0 0 0 0 0]"
"1769235373491318,CSI_DATA,STATION,00:00:00:00:00:00,0,0,0,0,0,0,0,0,0,0,0,0,0,0,0,0,0,0,0,0,0,128,[84 -64 4 0 0 0 0 0 0 0 0 0 -12 6 -12 5 -13 5 -12 4 -13 4 -13 4 -13 4 -13 3 -13 3 -14 2 -13 2 -13 2 -13 1 -13 1 -13 1 -13 2 -12 2 -12 2 -12 1 -12 1 -12 1 -12 1 -12 1 -12 1 -11 1 -12 2 0 0 -12 2 -11 2 -11 2 -11 2 -11 3 -11 3 -11 3 -11 3 -11 4 -11 3 -11 4 -11 4 -11 4 -11 4 -11 5 -11 5 -11 5 -11 6 -11 6 -11 6 -11 6 -11 6 -11 6 -11 6 -11 7 -11 7 0 0 0 0 0 0 0 0 0 0]"
"1769235373497802,CSI_DATA,STATION,00:00:00:00:00:00,0,0,0,0,0,0,0,0,0,0,0,0,0,0,0,0,0,0,0,0,0,128,[84 -64 4 0 0 0 0 0 0 0 0 0 -13 4 -14 4 -13 3 -14 3 -14 2 -14 3 -14 2 -15 1 -14 1 -14 1 -14 0 -14 0 -13 0 -13 0 -14 -1 -13 0 -13 -1 -12 -1 -13 -1 -12 -1 -12 -1 -12 -1 -12 -1 -12 -1 -12 0 -13 0 0 0 -12 0 -11 0 -12 0 -12 0 -12 0 -11 0 -12 1 -12 1 -12 1 -12 2 -12 2 -12 2 -12 2 -12 2 -12 2 -12 3 -11 2 -12 3 -12 3 -12 3 -12 4 -12 3 -12 3 -12 4 -12 4 -12 4 0 0 0 0 0 0 0 0 0 0]"
"1769235373502160,CSI_DATA,STATION,00:00:00:00:00:00,0,0,0,0,0,0,0,0,0,0,0,0,0,0,0,0,0,0,0,0,0,128,[84 -64 4 0 0 0 0 0 0 0 0 0 -14 2 -15 2 -14 1 -15 1 -14 0 -15 0 -15 -1 -15 -1 -14 -1 -14 -2 -14 -1 -14 -1 -14 -2 -13 -2 -14 -3 -13 -2 -13 -3 -12 -3 -13 -3 -12 -3 -12 -3 -12 -3 -12 -2 -12 -2 -12 -2 -13 -2 0 0 -12 -2 -12 -1 -11 -1 -11 -1 -12 -1 -12 -1 -12 -1 -12 -1 -11 0 -12 0 -12 1 -12 1 -11 1 -12 1 -12 1 -12 2 -11 2 -12 2 -12 2 -13 2 -12 2 -12 3 -12 3 -12 4 -12 4 -12 4 0 0 0 0 0 0 0 0 0 0]"
"1769235373508643,CSI_DATA,STATION,00:00:00:00:00:00,0,0,0,0,0,0,0,0,0,0,0,0,0,0,0,0,0,0,0,0,0,128,[84 -64 4 0 0 0 0 0 0 0 0 0 14 -2 14 -2 14 -1 14 -1 14 0 13 0 14 1 13 1 13 1 13 2 13 2 12 1 13 3 12 2 12 2 12 2 12 3 12 3 12 3 11 3 11 2 11 2 11 2 11 3 11 2 11 1 0 0 10 1 10 1 10 1 10 1 10 1 10 1 10 0 10 0 10 0 10 0 10 -1 10 -1 11 -1 11 -1 11 -2 11 -2 11 -2 11 -2 11 -2 11 -2 11 -3 11 -2 11 -2 11 -3 11 -3 11 -3 0 0 0 0 0 0 0 0 0 0]"
"1769235373512947,CSI_DATA,STATION,00:00:00:00:00:00,0,0,0,0,0,0,0,0,0,0,0,0,0,0,0,0,0,0,0,0,0,128,[84 -64 4 0 0 0 0 0 0 0 0 0 15 -4 15 -3 15 -3 15 -2 15 -1 15 -1 15 0 15 0 15 0 15 1 14 1 14 1 14 2 14 2 13 2 13 1 13 2 12 2 13 2 13 2 12 2 12 2 12 2 12 2 12 1 12 1 0 0 12 0 11 0 11 0 12 0 11 0 12 0 11 0 11 -1 11 -1 11 -2 11 -2 11 -2 11 -2 11 -2 11 -3 11 -3 11 -3 11 -4 11 -3 11 -4 12 -4 11 -4 12 -4 11 -4 12 -5 12 -5 0 0 0 0 0 0 0 0 0 0]"
"1769235373523601,CSI_DATA,STATION,00:00:00:00:00:00,0,0,0,0,0,0,0,0,0,0,0,0,0,0,0,0,0,0,0,0,0,128,[84 -64 4 0 0 0 0 0 0 0 0 0 1 -15 2 -16 1 -15 2 -15 3 -15 3 -15 4 -15 4 -15 4 -14 4 -14 5 -14 5 -13 5 -13 5 -13 5 -13 5 -12 5 -12 5 -12 6 -12 5 -12 5 -11 4 -12 5 -11 4 -11 4 -11 4 -11 0 0 4 -11 3 -11 3 -11 3 -11 3 -11 2 -11 2 -11 2 -11 2 -11 2 -11 1 -11 1 -11 1 -11 1 -11 1 -11 0 -12 0 -12 0 -12 0 -12 0 -12 -1 -12 -1 -12 -1 -12 -1 -12 -1 -12 -1 -12 0 0 0 0 0 0 0 0 0 0]"
"1769235373530240,CSI_DATA,STATION,00:00:00:00:00:00,0,0,0,0,0,0,0,0,0,0,0,0,0,0,0,0,0,0,0,0,0,128,[84 -64 4 0 0 0 0 0 0 0 0 0 13 2 13 2 13 3 13 3 12 3 12 4 13 4 12 5 11 5 11 5 11 5 11 5 11 5 11 6 10 6 10 6 10 6 10 5 10 6 9 6 9 6 9 5 9 5 9 5 9 4 9 4 0 0 9 4 8 4 9 4 8 4 9 4 9 3 9 3 9 3 9 2 9 2 10 2 9 2 9 2 10 2 9 1 10 1 10 1 10 1 10 1 10 1 10 0 10 0 10 0 10 0 10 0 11 -1 0 0 0 0 0 0 0 0 0 0]"
"1769235373536803,CSI_DATA,STATION,00:00:00:00:00:00,0,0,0,0,0,0,0,0,0,0,0,0,0,0,0,0,0,0,0,0,0,128,[84 -64 4 0 0 0 0 0 0 0 0 0 6 -14 6 -14 7 -13 7 -13 7 -12 9 -12 9 -12 8 -11 9 -12 9 -11 9 -11 9 -10 9 -10 9 -9 9 -9 8 -9 9 -9 9 -9 9 -9 9 -9 8 -9 8 -9 9 -9 8 -9 7 -9 7 -9 0 0 7 -8 6 -9 6 -9 6 -9 6 -9 6 -9 6 -9 6 -10 6 -9 5 -10 5 -10 5 -10 5 -10 5 -10 5 -10 4 -11 4 -11 4 -12 4 -11 4 -11 4 -11 4 -11 4 -12 4 -12 4 -12 4 -12 0 0 0 0 0 0 0 0 0 0]"
"1769235373541196,CSI_DATA,STATION,00:00:00:00:00:00,0,0,0,0,0,0,0,0,0,0,0,0,0,0,0,0,0,0,0,0,0,128,[84 -64 4 0 0 0 0 0 0 0 0 0 -9 -27 -7 -27 -7 -28 -6 -27 -5 -28 -4 -27 -4 -27 -3 -27 -2 -27 -2 -27 -1 -27 -1 -26 0 -27 0 -26 0 -25 1 -25 1 -24 0 -24 1 -24 1 -23 0 -24 0 -23 0 -23 1 -23 0 -22 0 -22 0 0 -1 -22 -2 -21 -1 -22 -2 -21 -3 -21 -2 -21 -4 -21 -3 -21 -4 -21 -5 -20 -6 -20 -5 -20 -6 -21 -7 -21 -7 -20 -7 -20 -7 -22 -8 -20 -9 -20 -9 -20 -9 -20 -10 -20 -10 -21 -11 -21 -11 -20 -11 -20 0 0 0 0 0 0 0 0 0 0]"
"1769235373547716,CSI_DATA,STATION,00:00:00:00:00:00,0,0,0,0,0,0,0,0,0,0,0,0,0,0,0,0,0,0,0,0,0,128,[84 -64 4 0 0 0 0 0 0 0 0 0 -21 -4 -21 -4 -21 -6 -22 -6 -20 -6 -21 -7 -20 -8 -20 -8 -20 -8 -19 -9 -20 -9 -19 -9 -18 -9 -18 -10 -18 -10 -18 -10 -17 -9 -16 -9 -17 -10 -16 -10 -16 -10 -16 -9 -16 -8 -16 -8 -16 -9 -16 -8 0 0 -16 -8 -15 -8 -16 -7 -15 -6 -16 -7 -16 -7 -16 -6 -16 -6 -16 -6 -16 -5 -17 -4 -16 -5 -16 -5 -17 -4 -17 -4 -18 -3 -17 -3 -17 -2 -18 -2 -18 -3 -18 -2 -17 -3 -17 -2 -18 -1 -18 -1 -18 -1 0 0 0 0 0 0 0 0 0 0]"
"1769235373552076,CSI_DATA,STATION,00:00:00:00:00:00,0,0,0,0,0,0,0,0,0,0,0,0,0,0,0,0,0,0,0,0,0,128,[84 -64 4 0 0 0 0 0 0 0 0 0 -14 2 -15 2 -14 1 -15 1 -15 0 -15 0 -15 -1 -15 -1 -14 -1 -14 -1 -14 -1 -14 -1 -13 -2 -14 -2 -14 -2 -13 -3 -13 -3 -13 -3 -13 -3 -13 -3 -13 -3 -12 -3 -12 -2 -12 -3 -12 -2 -13 -2 0 0 -12 -2 -12 -2 -12 -1 -12 -1 -12 -2 -12 -1 -12 -1 -12 -1 -11 0 -12 0 -12 0 -12 0 -12 0 -12 0 -12 1 -12 1 -12 1 -13 1 -13 2 -12 1 -13 1 -13 2 -13 2 -13 2 -13 3 -13 2 0 0 0 0 0 0 0 0 0 0]"
"1769235373556391,CSI_DATA,STATION,00:00:00:00:00:00,0,0,0,0,0,0,0,0,0,0,0,0,0,0,0,0,0,0,0,0,0,128,[84 -64 4 0 0 0 0 0 0 0 0 0 -8 -11 -8 -12 -8 -12 -7 -12 -6 -13 -6 -13 -6 -12 -6 -13 -5 -13 -5 -13 -5 -13 -5 -13 -5 -13 -4 -12 -4 -13 -3 -13 -3 -13 -3 -13 -3 -12 -2 -13 -3 -12 -3 -12 -3 -12 -3 -12 -3 -11 -4 -11 0 0 -3 -11 -3 -11 -4 -11 -4 -10 -4 -11 -4 -11 -4 -10 -4 -11 -4 -11 -5 -11 -6 -10 -5 -10 -5 -10 -5 -10 -6 -10 -6 -10 -6 -11 -6 -10 -6 -10 -7 -11 -7 -10 -7 -10 -7 -10 -7 -10 -7 -10 -8 -10 0 0 0 0 0 0 0 0 0 0]"
"1769235373562841,CSI_DATA,STATION,00:00:00:00:00:00,0,0,0,0,0,0,0,0,0,0,0,0,0,0,0,0,0,0,0,0,0,128,[84 -64 4 0 0 0 0 0 0 0 0 0 18 14 16 14 16 15 15 15 16 16 14 17 14 16 14 17 13 18 13 18 13 17 12 18 12 18 11 18 10 18 10 18 9 16 10 17 9 17 9 17 9 18 9 16 9 16 9 16 9 17 9 15 0 0 9 14 11 15 10 15 10 14 10 14 10 14 11 13 10 13 11 13 11 12 12 12 12 13 12 13 12 12 13 11 13 11 13 12 13 11 14 10 14 10 14 10 14 11 15 11 15 10 16 10 16 9 0 0 0 0 0 0 0 0 0 0]"
"1769235373567175,CSI_DATA,STATION,00:00:00:00:00:00,0,0,0,0,0,0,0,0,0,0,0,0,0,0,0,0,0,0,0,0,0,128,[84 -64 4 0 0 0 0 0 0 0 0 0 10 -11 10 -10 10 -10 11 -9 11 -9 12 -9 12 -8 12 -8 12 -8 12 -7 11 -7 12 -7 11 -7 11 -6 12 -6 12 -6 12 -6 11 -6 11 -5 11 -5 11 -5 11 -6 11 -6 10 -6 10 -5 10 -6 0 0 10 -6 10 -6 9 -6 9 -6 9 -7 9 -6 9 -7 9 -7 9 -7 9 -7 9 -8 9 -8 8 -8 9 -8 8 -8 8 -9 8 -9 8 -9 8 -9 8 -9 8 -10 8 -9 8 -10 8 -10 7 -10 8 -10 0 0 0 0 0 0 0 0 0 0]"
"1769235373571474,CSI_DATA,STATION,00:00:00:00:00:00,0,0,0,0,0,0,0,0,0,0,0,0,0,0,0,0,0,0,0,0,0,128,[84 -64 4 0 0 0 0 0 0 0 0 0 11 9 11 10 10 10 10 11 9 10 9 11 9 11 8 11 8 11 7 12 7 12 7 11 7 11 7 11 7 12 6 11 7 12 6 11 6 11 6 12 6 11 6 11 6 11 6 11 6 10 6 10 0 0 6 10 6 10 6 9 7 9 7 9 7 9 7 9 7 9 7 8 8 8 8 8 8 8 8 8 9 8 8 8 9 8 9 7 9 7 9 7 10 7 10 7 10 7 10 7 10 7 10 7 11 7 0 0 0 0 0 0 0 0 0 0]"
"1769235373577919,CSI_DATA,STATION,00:00:00:00:00:00,0,0,0,0,0,0,0,0,0,0,0,0,0,0,0,0,0,0,0,0,0,128,[84 -64 4 0 0 0 0 0 0 0 0 0 1 13 0 13 -1 13 -1 14 -2 13 -2 14 -2 13 -3 13 -3 13 -3 13 -3 13 -3 13 -4 12 -3 12 -4 12 -4 12 -4 12 -4 11 -4 11 -4 11 -4 12 -4 11 -4 11 -3 11 -3 11 -3 11 0 0 -3 11 -3 11 -2 11 -2 11 -2 11 -2 11 -2 11 -2 11 -2 10 -1 11 -1 11 -1 11 0 11 0 12 -1 11 0 11 0 11 0 11 0 12 1 11 1 12 1 12 1 12 2 12 2 12 2 12 0 0 0 0 0 0 0 0 0 0]"
"1769235373582235,CSI_DATA,STATION,00:00:00:00:00:00,0,0,0,0,0,0,0,0,0,0,0,0,0,0,0,0,0,0,0,0,0,128,[84 -64 4 0 0 0 0 0 0 0 0 0 2 11 2 12 2 12 1 12 1 12 0 12 0 12 0 12 -1 12 -1 12 -1 11 -2 11 -2 11 -2 11 -2 11 -2 11 -2 11 -3 10 -2 11 -2 11 -2 10 -2 10 -2 10 -2 10 -2 10 -2 10 0 0 -1 10 -1 10 -1 10 -1 10 -1 10 0 10 0 10 0 10 0 10 0 10 0 10 0 10 1 10 1 10 1 10 1 10 1 9 2 10 2 10 2 10 2 10 2 10 2 10 2 10 2 11 2 11 0 0 0 0 0 0 0 0 0 0]"
"1769235373588736,CSI_DATA,STATION,00:00:00:00:00:00,0,0,0,0,0,0,0,0,0,0,0,0,0,0,0,0,0,0,0,0,0,128,[84 -64 4 0 0 0 0 0 0 0 0 0 10 -7 10 -7 10 -6 11 -6 11 -5 11 -5 11 -4 11 -4 12 -4 11 -4 11 -4 11 -4 11 -3 11 -3 11 -3 11 -3 10 -3 10 -3 10 -2 10 -2 10 -2 10 -3 10 -3 10 -3 9 -3 10 -3 0 0 9 -3 10 -3 9 -3 9 -4 9 -4 9 -3 9 -4 9 -4 9 -5 9 -5 8 -5 9 -5 9 -5 9 -5 9 -5 9 -6 9 -6 9 -6 9 -6 9 -6 9 -6 9 -6 9 -6 9 -7 9 -7 9 -7 0 0 0 0 0 0 0 0 0 0]"
"1769235373593056,CSI_DATA,STATION,00:00:00:00:00:00,0,0,0,0,0,0,0,0,0,0,0,0,0,0,0,0,0,0,0,0,0,128,[84 -64 4 0 0 0 0 0 0 0 0 0 -14 0 -14 0 -14 -1 -14 -1 -14 -1 -14 -2 -14 -3 -14 -3 -14 -3 -13 -3 -14 -3 -13 -3 -13 -4 -13 -4 -13 -4 -13 -4 -12 -4 -12 -4 -13 -4 -12 -4 -12 -4 -11 -4 -12 -4 -12 -4 -12 -4 -12 -3 0 0 -11 -3 -11 -3 -11 -2 -12 -2 -12 -3 -11 -2 -11 -2 -12 -2 -11 -1 -12 -1 -12 -1 -12 -1 -12 -1 -12 -1 -12 -1 -13 0 -12 -1 -13 0 -13 0 -13 0 -13 0 -13 0 -13 0 -13 1 -13 1 -13 1 0 0 0 0 0 0 0 0 0 0]"
"1769235373597385,CSI_DATA,STATION,00:00:00:00:00:00,0,0,0,0,0,0,0,0,0,0,0,0,0,0,0,0,0,0,0,0,0,128,[84 -64 4 0 0 0 0 0 0 0 0 0 8 10 7 10 7 10 6 11 6 11 6 12 5 11 5 12 4 12 4 12 4 12 4 11 3 11 3 11 3 12 3 11 3 11 3 10 3 11 2 11 2 11 2 10 2 10 3 10 3 10 3 10 0 0 3 10 3 10 3 9 3 9 4 10 4 10 4 10 4 9 4 9 4 9 5 9 5 9 5 9 5 9 5 9 6 9 6 9 7 9 6 9 6 9 6 9 6 9 7 9 8 9 7 9 8 9 0 0 0 0 0 0 0 0 0 0]"
"1769235373603830,CSI_DATA,STATION,00:00:00:00:00:00,0,0,0,0,0,0,0,0,0,0,0,0,0,0,0,0,0,0,0,0,0,128,[84 -64 4 0 0 0 0 0 0 0 0 0 12 4 11 5 11 5 11 6 10 6 10 6 10 7 10 7 9 7 10 7 9 7 9 7 9 7 9 7 8 8 8 7 8 7 8 7 8 7 7 7 7 7 7 7 7 7 8 7 8 7 8 6 0 0 8 6 7 6 8 6 8 5 8 6 8 5 8 5 8 5 8 5 8 5 8 4 9 5 9 5 9 5 9 4 9 4 10 4 10 4 10 4 10 4 10 4 10 4 10 4 10 3 11 3 11 3 0 0 0 0 0 0 0 0 0 0]"
"1769235373608169,CSI_DATA,STATION,00:00:00:00:00:00,0,0,0,0,0,0,0,0,0,0,0,0,0,0,0,0,0,0,0,0,0,128,[84 -64 4 0 0 0 0 0 0 0 0 0 6 11 6 12 5 12 5 13 4 12 4 13 3 13 3 13 3 13 2 12 2 12 2 12 2 12 2 12 1 12 1 11 1 11 1 11 1 11 1 11 1 11 1 11 1 11 1 11 1 10 2 11 0 0 2 10 2 10 2 10 2 10 2 10 3 10 3 10 3 10 3 9 3 10 3 9 4 10 4 10 4 10 4 10 4 10 5 9 5 10 5 10 5 10 5 10 5 10 5 10 6 10 6 10 6 11 0 0 0 0 0 0 0 0 0 0]"
"1769235373612486,CSI_DATA,STATION,00:00:00:00:00:00,0,0,0,0,0,0,0,0,0,0,0,0,0,0,0,0,0,0,0,0,0,128,[84 -64 4 0 0 0 0 0 0 0 0 0 11 -7 11 -6 11 -5 11 -5 12 -4 12 -4 12 -4 12 -3 12 -3 12 -3 12 -2 12 -3 11 -2 11 -2 12 -1 11 -2 11 -2 10 -1 11 -1 11 -1 10 -1 10 -1 11 -2 10 -2 10 -2 10 -2 0 0 10 -2 10 -2 10 -2 10 -3 9 -3 10 -3 9 -3 9 -3 10 -4 9 -4 9 -4 9 -4 9 -4 10 -4 10 -5 10 -5 9 -5 10 -5 10 -5 10 -6 10 -5 10 -5 10 -6 10 -6 10 -6 10 -6 0 0 0 0 0 0 0 0 0 0]"
"1769235373618939,CSI_DATA,STATION,00:00:00:00:00:00,0,0,0,0,0,0,0,0,0,0,0,0,0,0,0,0,0,0,0,0,0,128,[84 -64 4 0 0 0 0 0 0 0 0 0 -4 11 -4 11 -5 11 -5 11 -5 10 -6 11 -6 11 -7 10 -6 10 -7 10 -7 10 -7 9 -7 9 -7 8 -7 8 -7 9 -7 9 -7 9 -7 8 -7 8 -7 8 -6 8 -7 8 -6 8 -5 8 -6 8 0 0 -6 8 -5 8 -5 8 -5 8 -5 9 -5 8 -4 8 -4 9 -4 9 -4 9 -4 9 -4 9 -4 9 -4 9 -3 10 -3 10 -3 10 -3 10 -3 10 -3 10 -3 11 -2 11 -3 11 -2 11 -3 11 -2 11 0 0 0 0 0 0 0 0 0 0]"
"1769235373623246,CSI_DATA,STATION,00:00:00:00:00:00,0,0,0,0,0,0,0,0,0,0,0,0,0,0,0,0,0,0,0,0,0,128,[84 -64 4 0 0 0 0 0 0 0 0 0 -9 -11 -9 -11 -8 -11 -7 -12 -7 -12 -7 -12 -6 -12 -6 -12 -6 -12 -6 -12 -5 -12 -5 -12 -5 -12 -5 -12 -4 -12 -4 -12 -5 -12 -4 -11 -4 -12 -4 -12 -4 -12 -5 -11 -4 -11 -5 -11 -5 -10 -5 -11 0 0 -5 -10 -5 -10 -5 -10 -5 -10 -6 -10 -5 -10 -6 -10 -6 -10 -6 -10 -7 -9 -7 -9 -7 -9 -7 -9 -7 -10 -7 -9 -8 -10 -8 -9 -8 -10 -8 -9 -8 -9 -9 -10 -9 -10 -8 -9 -9 -9 -9 -10 -9 -9 0 0 0 0 0 0 0 0 0 0]"
"1769235373629859,CSI_DATA,STATION,00:00:00:00:00:00,0,0,0,0,0,0,0,0,0,0,0,0,0,0,0,0,0,0,0,0,0,128,[84 -64 4 0 0 0 0 0 0 0 0 0 -1 12 -1 12 -2 12 -2 12 -2 12 -3 12 -3 12 -3 12 -3 12 -4 12 -4 11 -4 11 -5 11 -4 11 -4 11 -4 11 -5 10 -5 10 -5 10 -4 10 -4 10 -4 10 -4 10 -4 10 -4 10 -4 10 0 0 -3 10 -3 10 -3 10 -3 10 -3 10 -2 10 -2 10 -2 10 -2 10 -2 10 -1 10 -1 10 -1 11 -1 11 -1 11 0 11 0 11 0 11 0 11 0 11 0 12 0 11 0 11 0 12 0 12 0 12 0 0 0 0 0 0 0 0 0 0]"
"1769235373634242,CSI_DATA,STATION,00:00:00:00:00:00,0,0,0,0,0,0,0,0,0,0,0,0,0,0,0,0,0,0,0,0,0,128,[84 -64 4 0 0 0 0 0 0 0 0 0 -13 3 -13 2 -13 2 -13 2 -13 1 -13 1 -13 1 -13 0 -13 0 -13 0 -13 0 -13 0 -12 -1 -12 -1 -12 -1 -13 -1 -12 -1 -12 -2 -12 -2 -12 -2 -12 -2 -11 -1 -12 -1 -12 -1 -11 -1 -11 0 0 0 -11 0 -12 0 -11 0 -11 0 -11 0 -11 0 -11 0 -11 0 -11 1 -11 1 -11 2 -12 1 -11 2 -11 2 -12 2 -12 2 -11 2 -12 3 -12 3 -12 3 -12 3 -12 3 -12 3 -12 4 -12 3 -12 3 0 0 0 0 0 0 0 0 0 0]"
"1769235373638594,CSI_DATA,STATION,00:00:00:00:00:00,0,0,0,0,0,0,0,0,0,0,0,0,0,0,0,0,0,0,0,0,0,128,[84 -64 4 0 0 0 0 0 0 0 0 0 -9 9 -9 8 -10 8 -10 8 -10 7 -11 7 -10 7 -11 7 -11 6 -11 6 -11 6 -11 6 -11 6 -11 6 -11 5 -11 6 -11 5 -11 5 -10 5 -11 5 -11 4 -10 5 -10 5 -10 5 -10 5 -10 5 0 0 -10 5 -9 5 -10 6 -9 5 -9 6 -9 5 -9 5 -9 6 -9 7 -9 7 -9 7 -9 7 -8 7 -9 7 -9 7 -9 8 -8 8 -9 8 -9 8 -9 8 -9 9 -9 9 -9 8 -8 9 -9 9 -9 9 0 0 0 0 0 0 0 0 0 0]"
"1769235373645146,CSI_DATA,STATION,00:00:00:00:00:00,0,0,0,0,0,0,0,0,0,0,0,0,0,0,0,0,0,0,0,0,0,128,[84 -64 4 0 0 0 0 0 0 0 0 0 -13 2 -13 2 -14 1 -13 1 -13 0 -14 1 -13 0 -13 0 -13 0 -14 0 -13 -1 -13 -1 -13 -2 -13 -2 -13 -2 -13 -1 -13 -2 -12 -2 -13 -2 -12 -2 -12 -2 -12 -2 -12 -1 -12 -2 -12 -1 -12 -1 0 0 -12 -1 -12 0 -11 0 -11 0 -12 0 -11 0 -12 0 -11 0 -11 1 -12 1 -12 1 -12 1 -12 1 -12 2 -12 2 -12 2 -12 2 -12 2 -12 3 -13 3 -12 3 -12 3 -13 3 -13 3 -13 3 -13 4 0 0 0 0 0 0 0 0 0 0]"
"1769235373649507,CSI_DATA,STATION,00:00:00:00:00:00,0,0,0,0,0,0,0,0,0,0,0,0,0,0,0,0,0,0,0,0,0,128,[84 -64 4 0 0 0 0 0 0 0 0 0 -14 0 -14 0 -14 -1 -14 -1 -14 -1 -14 -2 -13 -2 -14 -2 -13 -3 -14 -3 -13 -3 -13 -3 -13 -4 -13 -4 -12 -4 -13 -3 -12 -4 -12 -4 -13 -4 -12 -4 -12 -4 -12 -3 -12 -4 -12 -4 -12 -3 -12 -3 0 0 -12 -3 -11 -2 -11 -2 -11 -2 -12 -3 -11 -2 -12 -2 -12 -2 -12 -1 -12 -2 -12 -1 -12 -1 -12 -1 -12 -1 -12 0 -12 0 -13 0 -12 0 -13 1 -13 0 -13 1 -13 1 -13 0 -13 1 -13 1 -13 1 0 0 0 0 0 0 0 0 0 0]"
"1769235373653848,CSI_DATA,STATION,00:00:00:00:00:00,0,0,0,0,0,0,0,0,0,0,0,0,0,0,0,0,0,0,0,0,0,128,[84 -64 4 0 0 0 0 0 0 0 0 0 10 -7 10 -7 11 -6 11 -6 11 -5 11 -5 11 -5 11 -5 12 -4 12 -4 11 -4 11 -4 11 -3 11 -3 11 -2 11 -3 11 -3 11 -3 10 -3 11 -3 10 -3 10 -3 10 -3 10 -3 10 -3 10 -3 0 0 10 -3 10 -3 9 -3 10 -3 9 -4 9 -4 9 -4 9 -4 9 -5 9 -5 9 -5 9 -5 9 -5 9 -5 10 -5 9 -6 9 -6 9 -6 9 -6 9 -6 9 -6 9 -6 9 -6 9 -7 9 -7 9 -7 0 0 0 0 0 0 0 0 0 0]"
"1769235373660333,CSI_DATA,STATION,00:00:00:00:00:00,0,0,0,0,0,0,0,0,0,0,0,0,0,0,0,0,0,0,0,0,0,128,[84 -64 4 0 0 0 0 0 0 0 0 0 -15 -7 -15 -8 -15 -8 -15 -9 -15 -9 -14 -10 -14 -10 -13 -10 -13 -10 -13 -10 -12 -10 -12 -9 -12 -11 -12 -11 -11 -11 -11 -11 -11 -11 -11 -11 -11 -11 -10 -11 -10 -11 -10 -11 -11 -10 -11 -10 -11 -10 -10 -9 0 0 -11 -9 -10 -9 -11 -9 -11 -8 -11 -9 -11 -9 -11 -9 -11 -8 -11 -8 -12 -8 -12 -7 -12 -7 -12 -7 -12 -7 -12 -7 -12 -7 -12 -7 -13 -7 -13 -6 -13 -6 -14 -6 -14 -6 -13 -6 -14 -5 -14 -6 -14 -5 0 0 0 0 0 0 0 0 0 0]"
"1769235373664675,CSI_DATA,STATION,00:00:00:00:00:00,0,0,0,0,0,0,0,0,0,0,0,0,0,0,0,0,0,0,0,0,0,128,[84 -64 4 0 0 0 0 0 0 0 0 0 -16 0 -15 -1 -16 -2 -15 -2 -15 -2 -15 -3 -15 -3 -15 -3 -15 -4 -15 -4 -14 -4 -14 -4 -13 -5 -14 -5 -13 -5 -13 -4 -13 -5 -13 -5 -13 -5 -12 -5 -13 -5 -12 -5 -13 -4 -12 -5 -12 -4 -12 -3 0 0 -12 -3 -12 -3 -12 -3 -12 -2 -12 -3 -12 -2 -12 -2 -12 -2 -12 -2 -13 -2 -12 -1 -13 -1 -12 -1 -12 -1 -13 -1 -13 0 -13 0 -13 0 -13 0 -13 0 -13 0 -14 1 -13 1 -13 1 -13 1 -13 1 0 0 0 0 0 0 0 0 0 0]"
"1769235373671189,CSI_DATA,STATION,00:00:00:00:00:00,0,0,0,0,0,0,0,0,0,0,0,0,0,0,0,0,0,0,0,0,0,128,[84 -64 4 0 0 0 0 0 0 0 0 0 3 -14 4 -13 4 -13 4 -13 5 -13 5 -13 5 -12 6 -12 6 -12 6 -12 7 -12 6 -12 7 -11 6 -11 6 -11 7 -10 7 -11 7 -10 7 -11 7 -10 6 -10 6 -10 7 -10 6 -10 6 -10 5 -10 0 0 5 -10 5 -9 5 -10 4 -10 5 -10 4 -10 3 -11 4 -11 3 -11 4 -10 3 -11 3 -11 3 -11 3 -11 3 -12 3 -12 2 -12 2 -12 2 -12 2 -12 2 -12 2 -12 2 -12 2 -12 1 -13 2 -12 0 0 0 0 0 0 0 0 0 0]"
"1769235373675545,CSI_DATA,STATION,00:00:00:00:00:00,0,0,0,0,0,0,0,0,0,0,0,0,0,0,0,0,0,0,0,0,0,128,[84 -64 4 0 0 0 0 0 0 0 0 0 12 4 13 4 12 5 12 5 12 6 12 6 11 6 11 7 11 7 10 7 11 7 10 7 10 8 9 8 9 8 9 7 9 8 9 7 9 8 8 8 8 7 8 7 8 7 9 7 8 7 9 6 0 0 8 6 8 6 9 6 8 6 9 6 9 6 8 5 9 6 9 5 9 5 9 5 9 5 10 5 10 5 10 4 10 4 11 4 10 4 11 4 10 4 11 4 11 4 11 4 11 4 11 4 12 4 0 0 0 0 0 0 0 0 0 0]"
"1769235373679895,CSI_DATA,STATION,00:00:00:00:00:00,0,0,0,0,0,0,0,0,0,0,0,0,0,0,0,0,0,0,0,0,0,128,[84 -64 4 0 0 0 0 0 0 0 0 0 -14 -6 -13 -7 -13 -7 -13 -7 -12 -8 -12 -8 -12 -8 -12 -8 -11 -8 -12 -9 -11 -9 -10 -9 -11 -10 -10 -9 -10 -10 -10 -9 -10 -9 -10 -9 -10 -9 -10 -9 -9 -9 -9 -8 -9 -8 -9 -9 -9 -8 -9 -7 0 0 -9 -8 -9 -7 -10 -7 -9 -7 -10 -7 -10 -7 -10 -7 -10 -7 -10 -6 -10 -6 -11 -6 -11 -6 -10 -6 -11 -6 -11 -5 -11 -5 -11 -5 -11 -5 -12 -4 -12 -5 -12 -5 -12 -5 -12 -5 -12 -5 -12 -4 -13 -4 0 0 0 0 0 0 0 0 0 0]"
"1769235373686406,CSI_DATA,STATION,00:00:00:00:00:00,0,0,0,0,0,0,0,0,0,0,0,0,0,0,0,0,0,0,0,0,0,128,[84 -64 4 0 0 0 0 0 0 0 0 0 0 13 -1 14 -2 14 -2 14 -2 13 -3 13 -3 13 -4 13 -4 13 -4 13 -4 13 -4 12 -4 12 -5 12 -5 12 -4 11 -5 12 -5 11 -5 11 -5 11 -5 11 -5 11 -5 11 -4 11 -4 11 -4 11 0 0 -4 11 -3 10 -3 10 -3 10 -3 10 -2 10 -2 10 -2 11 -2 10 -2 11 -1 11 -1 11 -1 11 -1 11 -1 11 0 11 0 11 0 12 0 12 0 12 0 11 1 12 1 12 1 12 1 12 1 12 0 0 0 0 0 0 0 0 0 0]"
"1769235373697083,CSI_DATA,STATION,00:00:00:00:00:00,0,0,0,0,0,0,0,0,0,0,0,0,0,0,0,0,0,0,0,0,0,128,[84 -64 4 0 0 0 0 0 0 0 0 0 -1 -15 0 -14 1 -15 1 -14 1 -15 2 -14 3 -14 3 -14 3 -14 3 -15 3 -13 3 -14 4 -13 4 -13 3 -13 4 -13 4 -11 4 -12 4 -12 4 -12 3 -11 3 -12 3 -12 3 -12 3 -12 3 -11 0 0 2 -11 2 -12 2 -11 2 -12 1 -11 2 -11 1 -12 1 -12 1 -11 0 -12 0 -12 0 -12 0 -12 0 -12 0 -13 -1 -12 -1 -13 -1 -12 -1 -13 -1 -13 -1 -13 -2 -13 -2 -14 -2 -13 -2 -13 -2 -13 0 0 0 0 0 0 0 0 0 0]"
"1769235373703547,CSI_DATA,STATION,00:00:00:00:00:00,0,0,0,0,0,0,0,0,0,0,0,0,0,0,0,0,0,0,0,0,0,128,[84 -64 4 0 0 0 0 0 0 0 0 0 -13 -4 -13 -4 -12 -5 -12 -6 -12 -5 -12 -6 -11 -6 -11 -6 -11 -6 -11 -6 -11 -6 -11 -6 -10 -7 -10 -7 -10 -7 -10 -7 -10 -7 -10 -7 -10 -7 -9 -7 -9 -7 -9 -6 -9 -6 -9 -6 -9 -6 -9 -6 0 0 -9 -5 -9 -5 -10 -5 -9 -4 -10 -5 -9 -4 -9 -4 -10 -4 -10 -4 -10 -4 -10 -3 -10 -3 -10 -3 -11 -3 -11 -3 -11 -2 -11 -3 -11 -2 -11 -2 -12 -2 -11 -2 -12 -2 -12 -2 -12 -1 -12 -1 -12 -1 0 0 0 0 0 0 0 0 0 0]"
"1769235373707875,CSI_DATA,STATION,00:00:00:00:00:00,0,0,0,0,0,0,0,0,0,0,0,0,0,0,0,0,0,0,0,0,0,128,[84 -64 4 0 0 0 0 0 0 0 0 0 -3 -14 -3 -14 -2 -15 -2 -15 -1 -14 -1 -15 0 -14 0 -14 0 -14 1 -14 1 -14 1 -13 1 -13 1 -13 2 -13 1 -13 2 -13 2 -12 1 -13 2 -12 2 -12 1 -12 1 -12 1 -12 1 -12 1 -12 0 0 0 -11 0 -11 0 -11 0 -11 0 -11 0 -11 -1 -11 -1 -11 -1 -11 -1 -11 -2 -11 -2 -12 -2 -11 -2 -12 -2 -12 -3 -12 -3 -12 -3 -12 -3 -12 -3 -12 -3 -12 -4 -12 -4 -12 -4 -13 -4 -12 -4 -13 0 0 0 0 0 0 0 0 0 0]"
"1769235373714396,CSI_DATA,STATION,00:00:00:00:00:00,0,0,0,0,0,0,0,0,0,0,0,0,0,0,0,0,0,0,0,0,0,128,[84 -64 4 0 0 0 0 0 0 0 0 0 -4 -14 -3 -14 -3 -14 -3 -14 -2 -14 -2 -14 -1 -14 0 -14 0 -14 0 -14 0 -13 0 -13 0 -13 0 -13 0 -13 1 -13 1 -12 1 -12 1 -12 1 -12 1 -12 0 -12 0 -12 1 -12 0 -12 0 -12 0 0 0 -11 0 -11 0 -11 -1 -11 -1 -11 -1 -11 -1 -11 -2 -11 -2 -11 -2 -11 -2 -11 -2 -11 -3 -11 -2 -11 -2 -12 -3 -11 -3 -11 -4 -12 -3 -12 -4 -12 -4 -12 -4 -12 -4 -12 -5 -12 -5 -12 -4 -12 0 0 0 0 0 0 0 0 0 0]"
"1769235373720897,CSI_DATA,STATION,00:00:00:00:00:00,0,0,0,0,0,0,0,0,0,0,0,0,0,0,0,0,0,0,0,0,0,128,[84 -64 4 0 0 0 0 0 0 0 0 0 -3 13 -3 13 -4 12 -4 13 -5 12 -5 13 -5 12 -6 12 -6 12 -6 11 -6 11 -6 11 -7 10 -6 11 -6 11 -6 10 -7 10 -7 9 -6 10 -6 9 -6 10 -6 9 -6 9 -5 9 -5 10 -5 10 0 0 -5 9 -4 10 -4 10 -4 9 -4 9 -3 10 -4 10 -3 10 -3 10 -3 9 -3 10 -3 10 -2 10 -2 10 -2 10 -2 11 -1 10 -1 11 -1 11 -1 11 -1 11 -1 11 -1 11 0 11 0 12 0 12 0 0 0 0 0 0 0 0 0 0]"
"1769235373725262,CSI_DATA,STATION,00:00:00:00:00:00,0,0,0,0,0,0,0,0,0,0,0,0,0,0,0,0,0,0,0,0,0,128,[84 -64 4 0 0 0 0 0 0 0 0 0 -11 -7 -12 -8 -11 -8 -11 -9 -10 -9 -11 -9 -10 -9 -10 -9 -9 -10 -10 -10 -9 -10 -9 -9 -9 -10 -9 -10 -8 -10 -8 -9 -8 -10 -8 -10 -8 -10 -7 -10 -8 -9 -8 -9 -8 -9 -8 -9 -7 -8 -8 -8 0 0 -8 -8 -8 -8 -8 -8 -8 -7 -8 -8 -8 -7 -8 -7 -9 -7 -9 -7 -9 -6 -9 -7 -9 -6 -9 -6 -10 -6 -9 -6 -10 -6 -10 -6 -10 -6 -10 -5 -11 -6 -11 -5 -11 -6 -10 -6 -11 -5 -11 -5 -12 -5 0 0 0 0 0 0 0 0 0 0]"
"1769235373729773,CSI_DATA,STATION,00:00:00:00:00:00,0,0,0,0,0,0,0,0,0,0,0,0,0,0,0,0,0,0,0,0,0,128,[84 -64 4 0 0 0 0 0 0 0 0 0 5 11 5 12 4 12 4 12 4 11 3 12 3 12 2 12 2 12 2 12 1 12 2 12 1 11 1 11 1 11 1 11 0 11 0 10 1 10 1 11 1 11 0 10 1 11 1 9 1 10 1 10 0 0 1 10 2 10 2 10 2 9 2 9 2 9 2 9 3 9 3 9 3 9 3 9 3 9 3 9 4 9 4 9 4 9 4 9 4 9 5 9 5 9 5 9 5 9 5 9 6 9 6 9 6 9 0 0 0 0 0 0 0 0 0 0]"
"1769235373736246,CSI_DATA,STATION,00:00:00:00:00:00,0,0,0,0,0,0,0,0,0,0,0,0,0,0,0,0,0,0,0,0,0,128,[84 -64 4 0 0 0 0 0 0 0 0 0 9 -11 9 -11 10 -10 10 -9 10 -9 10 -9 10 -9 10 -9 11 -8 11 -8 11 -8 11 -8 11 -7 10 -7 11 -7 11 -7 10 -6 10 -7 10 -6 10 -6 10 -6 9 -6 10 -7 9 -7 9 -6 9 -7 0 0 9 -7 8 -7 8 -7 8 -7 8 -7 8 -7 7 -7 8 -8 8 -8 7 -8 7 -8 7 -8 7 -8 7 -9 7 -10 7 -10 7 -10 7 -10 7 -10 7 -11 7 -11 6 -10 6 -10 6 -11 6 -12 6 -12 0 0 0 0 0 0 0 0 0 0]"
"1769235373740492,CSI_DATA,STATION,00:00:00:00:00:00,0,0,0,0,0,0,0,0,0,0,0,0,0,0,0,0,0,0,0,0,0,128,[84 -64 4 0 0 0 0 0 0 0 0 0 9 9 9 10 8 10 8 10 8 10 7 11 7 11 7 11 6 11 6 11 6 11 5 11 6 11 5 11 5 11 5 10 5 10 5 10 4 10 5 11 4 10 5 10 5 10 5 10 5 9 5 9 0 0 5 9 5 9 6 9 5 8 6 9 6 9 6 9 6 8 7 8 7 8 7 7 7 8 7 8 8 8 7 8 8 7 9 7 9 7 9 7 9 7 9 7 9 7 9 7 9 7 10 7 9 7 0 0 0 0 0 0 0 0 0 0]"
"1769235373746853,CSI_DATA,STATION,00:00:00:00:00:00,0,0,0,0,0,0,0,0,0,0,0,0,0,0,0,0,0,0,0,0,0,128,[84 -64 4 0 0 0 0 0 0 0 0 0 6 -13 6 -13 6 -12 6 -12 7 -12 8 -12 8 -12 8 -11 8 -11 8 -10 8 -10 8 -10 8 -10 8 -10 9 -9 8 -9 8 -9 8 -9 8 -9 8 -9 8 -9 8 -9 8 -9 7 -9 7 -9 7 -9 0 0 7 -9 6 -9 6 -9 5 -9 6 -10 6 -9 5 -10 5 -10 5 -10 5 -10 5 -10 5 -10 5 -10 5 -10 5 -11 5 -11 4 -11 4 -12 4 -12 4 -12 4 -12 4 -12 3 -12 4 -12 4 -12 3 -13 0 0 0 0 0 0 0 0 0 0]"
"1769235373751163,CSI_DATA,STATION,00:00:00:00:00:00,0,0,0,0,0,0,0,0,0,0,0,0,0,0,0,0,0,0,0,0,0,128,[84 -64 4 0 0 0 0 0 0 0 0 0 -8 11 -9 11 -9 11 -9 11 -10 9 -10 10 -10 9 -10 9 -11 8 -10 9 -11 9 -10 8 -10 8 -11 8 -11 7 -10 7 -11 7 -11 7 -10 7 -10 6 -10 7 -10 6 -10 7 -10 7 -9 7 -9 7 0 0 -9 7 -8 7 -8 7 -8 7 -8 7 -8 7 -8 8 -8 8 -8 8 -8 8 -7 8 -7 9 -7 9 -7 9 -7 9 -7 9 -7 9 -7 10 -7 10 -7 10 -7 10 -7 10 -6 11 -6 10 -6 11 -6 11 0 0 0 0 0 0 0 0 0 0]"
"1769235373755562,CSI_DATA,STATION,00:00:00:00:00:00,0,0,0,0,0,0,0,0,0,0,0,0,0,0,0,0,0,0,0,0,0,128,[84 -64 4 0 0 0 0 0 0 0 0 0 10 8 10 9 10 9 9 9 9 10 8 10 8 10 8 10 7 10 7 11 7 11 7 11 7 11 6 10 6 11 6 10 6 10 5 10 6 10 6 10 5 10 5 9 5 9 6 10 5 9 6 9 0 0 6 8 6 8 6 8 6 8 6 8 6 8 7 8 7 8 7 8 7 8 7 7 8 7 8 7 8 8 8 7 8 7 9 6 9 7 9 7 9 7 9 7 9 7 9 6 10 7 10 7 10 6 0 0 0 0 0 0 0 0 0 0]"
"1769235373762156,CSI_DATA,STATION,00:00:00:00:00:00,0,0,0,0,0,0,0,0,0,0,0,0,0,0,0,0,0,0,0,0,0,128,[84 -64 4 0 0 0 0 0 0 0 0 0 -13 6 -13 5 -13 5 -13 4 -14 4 -14 3 -14 3 -14 2 -14 2 -15 1 -14 2 -14 1 -13 1 -13 1 -13 0 -14 1 -13 1 -13 1 -12 0 -13 0 -12 0 -12 0 -13 0 -12 1 -12 1 -12 1 0 0 -12 1 -12 1 -11 2 -12 1 -11 2 -11 1 -11 2 -11 2 -11 3 -12 3 -11 4 -11 3 -11 3 -11 3 -11 4 -11 4 -11 4 -11 4 -12 5 -11 5 -11 5 -11 5 -11 5 -12 5 -11 6 -12 5 0 0 0 0 0 0 0 0 0 0]"
"1769235373766562,CSI_DATA,STATION,00:00:00:00:00:00,0,0,0,0,0,0,0,0,0,0,0,0,0,0,0,0,0,0,0,0,0,128,[84 -64 4 0 0 0 0 0 0 0 0 0 0 13 -1 13 -1 14 -1 13 -2 13 -2 13 -3 13 -4 13 -3 13 -4 13 -4 12 -4 12 -5 12 -4 12 -5 12 -5 12 -4 11 -5 11 -4 11 -4 11 -4 11 -4 11 -4 11 -4 11 -3 11 -3 11 0 0 -3 10 -2 10 -2 10 -2 11 -2 10 -2 10 -1 10 -1 10 -1 11 -1 11 -1 11 0 11 0 11 0 11 0 11 1 11 1 11 1 11 1 11 1 11 1 11 2 11 2 12 2 11 2 12 2 12 0 0 0 0 0 0 0 0 0 0]"
"1769235373770950,CSI_DATA,STATION,00:00:00:00:00:00,0,0,0,0,0,0,0,0,0,0,0,0,0,0,0,0,0,0,0,0,0,128,[84 -64 4 0 0 0 0 0 0 0 0 0 -3 13 -3 13 -4 13 -4 13 -5 13 -5 12 -6 13 -6 12 -6 12 -6 12 -7 12 -6 11 -7 11 -7 11 -7 10 -7 10 -7 10 -7 10 -7 10 -7 9 -7 10 -6 9 -6 10 -6 10 -6 9 -5 10 0 0 -6 10 -5 9 -5 9 -5 10 -5 9 -4 9 -4 9 -4 10 -4 10 -4 10 -4 10 -3 10 -3 10 -3 11 -3 10 -3 10 -3 10 -3 11 -2 11 -3 11 -2 11 -2 11 -2 11 -2 11 -2 12 -1 12 0 0 0 0 0 0 0 0 0 0]"
"1769235373777608,CSI_DATA,STATION,00:00:00:00:00:00,0,0,0,0,0,0,0,0,0,0,0,0,0,0,0,0,0,0,0,0,0,128,[84 -64 4 0 0 0 0 0 0 0 0 0 13 -4 13 -3 13 -2 14 -2 14 -2 14 -1 14 -1 13 0 13 0 13 0 13 0 13 1 13 1 12 1 12 1 12 0 11 1 12 1 11 1 12 1 11 1 11 0 11 0 11 0 11 0 11 0 0 0 10 0 10 -1 10 -1 11 -2 11 -1 11 -1 10 -1 10 -2 10 -2 10 -2 10 -3 10 -3 10 -3 11 -3 10 -4 10 -4 10 -4 11 -5 11 -5 11 -5 11 -5 10 -5 11 -5 11 -5 11 -6 11 -5 0 0 0 0 0 0 0 0 0 0]"
"1769235373782067,CSI_DATA,STATION,00:00:00:00:00:00,0,0,0,0,0,0,0,0,0,0,0,0,0,0,0,0,0,0,0,0,0,128,[84 -64 4 0 0 0 0 0 0 0 0 0 -6 -12 -5 -12 -4 -12 -4 -12 -4 -12 -3 -13 -2 -13 -3 -12 -2 -13 -2 -13 -2 -12 -2 -12 -1 -12 -1 -12 -1 -12 -1 -12 -1 -11 -1 -11 -1 -11 -1 -11 -1 -11 -1 -11 -1 -11 -1 -11 -2 -10 -2 -10 0 0 -2 -10 -2 -11 -2 -10 -2 -10 -2 -10 -2 -10 -2 -10 -3 -10 -3 -10 -3 -10 -4 -9 -3 -10 -4 -10 -4 -10 -4 -10 -4 -10 -5 -10 -5 -10 -4 -11 -5 -10 -4 -11 -5 -11 -5 -10 -5 -10 -6 -10 -6 -10 0 0 0 0 0 0 0 0 0 0]"
"1769235373786519,CSI_DATA,STATION,00:00:00:00:00:00,0,0,0,0,0,0,0,0,0,0,0,0,0,0,0,0,0,0,0,0,0,128,[84 -64 4 0 0 0 0 0 0 0 0 0 -6 13 -6 12 -7 12 -7 12 -7 11 -8 11 -8 11 -8 11 -8 10 -9 10 -9 10 -8 10 -9 10 -9 9 -9 9 -9 9 -9 9 -9 9 -8 8 -9 8 -8 8 -8 8 -8 8 -8 8 -7 8 -7 9 0 0 -6 8 -6 8 -6 9 -6 9 -6 9 -6 9 -5 9 -5 9 -5 9 -5 9 -5 10 -5 10 -4 10 -4 10 -4 10 -4 10 -4 11 -4 11 -4 11 -3 11 -3 11 -3 11 -3 11 -2 12 -3 12 -3 12 0 0 0 0 0 0 0 0 0 0]"
"1769235373793159,CSI_DATA,STATION,00:00:00:00:00:00,0,0,0,0,0,0,0,0,0,0,0,0,0,0,0,0,0,0,0,0,0,128,[84 -64 4 0 0 0 0 0 0 0 0 0 8 9 8 9 8 9 8 10 7 9 6 10 6 10 6 10 5 10 5 10 5 10 5 10 5 10 5 10 4 10 4 9 4 9 4 9 4 9 4 9 4 9 4 9 4 9 5 9 4 9 4 8 0 0 4 8 4 8 5 8 4 7 5 8 5 8 5 8 5 8 5 7 5 7 6 7 6 7 6 7 6 8 6 7 7 7 7 7 7 7 7 7 7 7 8 7 7 7 8 7 8 7 8 7 9 7 0 0 0 0 0 0 0 0 0 0]"
"1769235373797615,CSI_DATA,STATION,00:00:00:00:00:00,0,0,0,0,0,0,0,0,0,0,0,0,0,0,0,0,0,0,0,0,0,128,[84 -64 4 0 0 0 0 0 0 0 0 0 5 -14 5 -14 5 -13 6 -13 6 -13 7 -12 7 -12 7 -12 7 -12 8 -11 8 -11 8 -11 8 -10 8 -10 8 -10 8 -10 8 -10 8 -10 7 -9 7 -9 7 -9 7 -9 7 -9 7 -9 7 -9 6 -9 0 0 6 -9 6 -9 6 -9 6 -9 5 -10 5 -9 5 -10 5 -10 5 -10 5 -10 5 -10 5 -11 5 -11 4 -11 5 -11 5 -11 4 -12 4 -12 5 -12 4 -12 5 -12 4 -12 4 -12 4 -12 4 -13 4 -13 0 0 0 0 0 0 0 0 0 0]"
"1769235373802017,CSI_DATA,STATION,00:00:00:00:00:00,0,0,0,0,0,0,0,0,0,0,0,0,0,0,0,0,0,0,0,0,0,128,[84 -64 4 0 0 0 0 0 0 0 0 0 1 12 1 12 -1 12 -1 12 0 12 -1 12 -2 12 -2 12 -2 12 -2 11 -3 11 -3 11 -3 11 -3 11 -3 10 -3 10 -3 11 -4 10 -3 10 -4 10 -3 10 -3 10 -3 10 -3 10 -3 9 -2 9 0 0 -2 9 -2 9 -2 9 -2 9 -2 9 -1 10 -1 9 -1 10 -1 10 -1 10 -1 10 -1 10 -1 10 0 10 -1 10 -1 10 0 10 0 10 0 11 0 11 0 11 0 11 0 11 1 11 0 11 0 12 0 0 0 0 0 0 0 0 0 0]"
"1769235373808610,CSI_DATA,STATION,00:00:00:00:00:00,0,0,0,0,0,0,0,0,0,0,0,0,0,0,0,0,0,0,0,0,0,128,[84 -64 4 0 0 0 0 0 0 0 0 0 11 4 11 4 12 5 11 5 11 5 10 6 10 6 10 6 10 5 10 7 9 7 9 7 9 7 9 7 8 6 9 6 9 6 9 6 8 6 8 6 8 6 8 6 8 6 8 6 7 6 8 5 0 0 8 5 8 5 9 5 9 5 9 5 9 4 9 4 9 4 9 3 9 4 9 3 9 4 9 3 10 4 10 3 10 3 10 3 10 2 11 2 11 2 11 2 11 2 11 2 11 3 12 3 11 2 0 0 0 0 0 0 0 0 0 0]"
"1769235373813042,CSI_DATA,STATION,00:00:00:00:00:00,0,0,0,0,0,0,0,0,0,0,0,0,0,0,0,0,0,0,0,0,0,128,[84 -64 4 0 0 0 0 0 0 0 0 0 12 -3 12 -2 12 -1 12 -1 12 -1 12 -1 12 0 12 0 12 0 12 1 12 1 11 0 11 1 11 1 11 1 11 1 11 2 10 1 11 1 10 1 10 2 10 1 10 1 10 1 10 1 10 0 0 0 10 1 9 0 10 0 10 0 10 0 10 0 10 -1 10 0 10 -1 10 -1 10 -1 10 -1 10 -2 10 -1 11 -2 11 -2 10 -2 11 -3 11 -3 11 -3 11 -3 11 -2 11 -3 11 -3 12 -4 12 -3 0 0 0 0 0 0 0 0 0 0]"
"1769235373817427,CSI_DATA,STATION,00:00:00:00:00:00,0,0,0,0,0,0,0,0,0,0,0,0,0,0,0,0,0,0,0,0,0,128,[84 -64 4 0 0 0 0 0 0 0 0 0 -13 -1 -13 -1 -14 -2 -14 -2 -13 -2 -13 -2 -13 -3 -13 -3 -13 -3 -13 -4 -12 -4 -12 -4 -12 -5 -12 -4 -12 -4 -12 -4 -11 -4 -11 -4 -11 -4 -11 -4 -11 -4 -11 -4 -11 -4 -11 -4 -10 -4 -11 -3 0 0 -11 -3 -11 -2 -11 -2 -11 -2 -11 -2 -11 -2 -11 -2 -11 -2 -11 -1 -11 -1 -11 -1 -11 -1 -11 0 -12 -1 -12 0 -12 0 -12 0 -12 0 -12 1 -12 1 -12 0 -12 1 -12 1 -12 1 -13 1 -13 1 0 0 0 0 0 0 0 0 0 0]"
"1769235373824082,CSI_DATA,STATION,00:00:00:00:00:00,0,0,0,0,0,0,0,0,0,0,0,0,0,0,0,0,0,0,0,0,0,128,[84 -64 4 0 0 0 0 0 0 0 0 0 11 -9 11 -8 12 -8 11 -7 12 -7 12 -7 12 -7 13 -6 13 -6 13 -6 12 -5 13 -5 12 -5 12 -4 12 -4 12 -5 11 -5 12 -5 11 -4 12 -4 11 -4 11 -5 11 -4 11 -5 11 -4 10 -5 0 0 10 -5 10 -5 10 -5 10 -5 9 -6 10 -6 10 -6 10 -6 10 -6 9 -7 9 -7 9 -7 9 -7 9 -7 10 -8 9 -8 9 -9 9 -8 9 -9 9 -9 10 -9 9 -9 10 -9 9 -10 9 -10 9 -10 0 0 0 0 0 0 0 0 0 0]"
"1769235373828463,CSI_DATA,STATION,00:00:00:00:00:00,0,0,0,0,0,0,0,0,0,0,0,0,0,0,0,0,0,0,0,0,0,128,[84 -64 4 0 0 0 0 0 0 0 0 0 -15 1 -15 0 -15 0 -15 -1 -15 -1 -15 -1 -15 -2 -15 -2 -14 -2 -14 -3 -14 -3 -13 -3 -14 -4 -13 -4 -13 -4 -13 -3 -13 -4 -13 -4 -13 -4 -13 -4 -12 -4 -12 -3 -12 -3 -13 -3 -11 -3 -11 -3 0 0 -11 -2 -12 -2 -12 -2 -12 -1 -12 -2 -12 -1 -12 -1 -12 -1 -12 -1 -12 -1 -12 -1 -12 0 -12 0 -12 0 -13 0 -12 1 -13 1 -13 1 -13 1 -13 1 -13 1 -13 1 -14 2 -14 2 -14 2 -13 2 0 0 0 0 0 0 0 0 0 0]"
"1769235373832811,CSI_DATA,STATION,00:00:00:00:00:00,0,0,0,0,0,0,0,0,0,0,0,0,0,0,0,0,0,0,0,0,0,128,[84 -64 4 0 0 0 0 0 0 0 0 0 0 13 -1 14 -2 14 -2 14 -2 13 -3 13 -4 13 -4 13 -4 13 -4 13 -4 12 -4 12 -5 12 -4 12 -5 12 -5 12 -5 12 -5 11 -5 12 -5 11 -5 11 -5 11 -4 11 -4 11 -4 11 -3 11 0 0 -4 11 -3 11 -3 10 -3 10 -3 11 -3 10 -2 11 -2 11 -2 10 -2 10 -1 11 -1 11 -1 11 -1 11 -1 11 -1 12 -1 11 -1 12 0 12 0 11 0 12 0 12 0 12 1 12 1 13 0 13 0 0 0 0 0 0 0 0 0 0]"
"1769235373839162,CSI_DATA,STATION,00:00:00:00:00:00,0,0,0,0,0,0,0,0,0,0,0,0,0,0,0,0,0,0,0,0,0,128,[84 -64 4 0 0 0 0 0 0 0 0 0 9 -10 10 -10 10 -9 11 -9 10 -9 11 -9 11 -8 11 -8 11 -8 11 -7 11 -7 12 -6 11 -6 11 -6 11 -6 11 -6 11 -6 10 -6 10 -5 10 -5 10 -5 10 -5 11 -5 10 -5 10 -6 10 -6 0 0 10 -6 9 -5 9 -6 9 -6 9 -6 9 -6 9 -6 8 -7 9 -7 8 -7 8 -7 8 -7 8 -7 8 -7 9 -8 8 -8 8 -9 8 -9 8 -9 8 -9 9 -9 8 -9 8 -9 8 -9 8 -10 8 -10 0 0 0 0 0 0 0 0 0 0]"
"1769235373843394,CSI_DATA,STATION,00:00:00:00:00:00,0,0,0,0,0,0,0,0,0,0,0,0,0,0,0,0,0,0,0,0,0,128,[84 -64 4 0 0 0 0 0 0 0 0 0 -13 5 -13 5 -13 4 -13 4 -13 4 -14 4 -13 3 -14 3 -13 2 -14 2 -13 1 -13 2 -13 1 -13 1 -13 1 -13 1 -13 1 -12 1 -12 0 -12 1 -12 1 -12 1 -11 1 -12 1 -11 1 -12 2 0 0 -11 2 -11 2 -11 2 -11 2 -11 2 -11 2 -11 3 -11 3 -11 3 -11 3 -10 4 -11 4 -11 4 -11 4 -11 4 -11 5 -10 5 -11 5 -11 5 -11 5 -11 5 -11 6 -11 5 -11 6 -11 6 -11 6 0 0 0 0 0 0 0 0 0 0]"
"1769235373849782,CSI_DATA,STATION,00:00:00:00:00:00,0,0,0,0,0,0,0,0,0,0,0,0,0,0,0,0,0,0,0,0,0,128,[84 -64 4 0 0 0 0 0 0 0 0 0 0 -14 0 -14 1 -14 1 -14 2 -14 2 -14 3 -13 2 -13 3 -13 3 -13 3 -13 3 -13 3 -12 3 -12 4 -12 4 -12 4 -11 4 -11 3 -12 4 -11 3 -11 3 -11 3 -11 3 -11 2 -11 2 -11 0 0 2 -11 2 -11 2 -11 2 -11 2 -11 1 -11 1 -11 1 -11 1 -11 1 -11 0 -12 0 -11 0 -12 0 -12 0 -12 0 -12 0 -12 -1 -12 0 -12 -1 -12 -1 -12 -1 -12 -1 -13 -2 -12 -2 -13 -1 -12 0 0 0 0 0 0 0 0 0 0]"
"1769235373854164,CSI_DATA,STATION,00:00:00:00:00:00,0,0,0,0,0,0,0,0,0,0,0,0,0,0,0,0,0,0,0,0,0,128,[84 -64 4 0 0 0 0 0 0 0 0 0 11 6 10 7 10 7 10 8 10 8 10 8 9 8 9 8 8 9 8 9 8 8 8 8 8 9 8 9 7 9 7 9 7 9 7 8 7 8 7 9 6 8 6 8 6 8 7 8 7 8 7 7 0 0 7 7 6 7 7 7 7 6 7 7 7 6 7 6 7 6 7 6 7 6 8 5 8 6 8 6 9 6 8 6 9 5 9 5 10 6 9 5 9 5 10 5 10 6 10 5 10 5 10 5 10 5 0 0 0 0 0 0 0 0 0 0]"
"1769235373858498,CSI_DATA,STATION,00:00:00:00:00:00,0,0,0,0,0,0,0,0,0,0,0,0,0,0,0,0,0,0,0,0,0,128,[84 -64 4 0 0 0 0 0 0 0 0 0 11 -7 10 -7 10 -6 11 -6 11 -6 11 -6 11 -5 11 -5 11 -5 12 -4 11 -4 11 -4 11 -3 11 -3 11 -3 11 -3 10 -3 10 -3 11 -3 11 -3 10 -3 10 -3 10 -3 10 -3 10 -3 10 -3 0 0 10 -4 10 -4 9 -4 10 -4 10 -4 9 -4 9 -4 9 -5 9 -5 9 -5 9 -5 10 -5 9 -5 9 -5 9 -6 10 -6 9 -6 9 -7 9 -6 9 -7 9 -6 9 -6 10 -7 9 -7 10 -7 9 -8 0 0 0 0 0 0 0 0 0 0]"
"1769235373869273,CSI_DATA,STATION,00:00:00:00:00:00,0,0,0,0,0,0,0,0,0,0,0,0,0,0,0,0,0,0,0,0,0,128,[84 -64 4 0 0 0 0 0 0 0 0 0 -12 7 -13 7 -13 6 -12 6 -13 5 -13 5 -13 5 -13 4 -13 4 -13 3 -13 3 -13 3 -13 3 -12 3 -13 2 -13 3 -12 3 -12 3 -12 2 -12 2 -12 2 -11 2 -11 2 -12 3 -11 3 -11 3 0 0 -11 3 -10 3 -10 3 -11 3 -10 4 -10 3 -10 3 -10 4 -10 4 -11 5 -10 5 -10 5 -10 5 -10 5 -10 5 -10 6 -10 6 -11 6 -10 7 -10 7 -10 7 -10 7 -10 7 -10 7 -10 7 -10 7 0 0 0 0 0 0 0 0 0 0]"
"1769235373875810,CSI_DATA,STATION,00:00:00:00:00:00,0,0,0,0,0,0,0,0,0,0,0,0,0,0,0,0,0,0,0,0,0,128,[84 -64 4 0 0 0 0 0 0 0 0 0 -12 5 -12 5 -12 4 -12 4 -12 3 -13 4 -13 3 -13 3 -12 2 -13 2 -12 2 -12 2 -12 1 -12 1 -12 1 -12 1 -11 1 -11 1 -12 1 -11 1 -11 1 -11 1 -11 1 -11 1 -11 1 -11 1 0 0 -10 2 -10 2 -10 2 -10 2 -10 2 -10 2 -10 2 -10 3 -9 3 -10 3 -10 4 -10 3 -10 4 -10 4 -10 4 -10 4 -10 4 -10 4 -10 5 -10 5 -10 5 -10 6 -10 5 -10 5 -10 6 -10 6 0 0 0 0 0 0 0 0 0 0]"
"1769235373880190,CSI_DATA,STATION,00:00:00:00:00:00,0,0,0,0,0,0,0,0,0,0,0,0,0,0,0,0,0,0,0,0,0,128,[84 -64 4 0 0 0 0 0 0 0 0 0 -15 -3 -15 -4 -14 -4 -14 -5 -14 -5 -14 -5 -13 -6 -14 -6 -13 -6 -13 -7 -13 -6 -13 -6 -13 -7 -12 -7 -12 -7 -11 -6 -11 -7 -12 -7 -12 -7 -11 -7 -11 -7 -11 -6 -11 -6 -11 -6 -10 -5 -11 -5 0 0 -11 -5 -10 -5 -11 -4 -11 -4 -11 -5 -11 -4 -11 -4 -11 -4 -11 -3 -11 -3 -12 -3 -12 -3 -12 -2 -12 -2 -12 -2 -13 -2 -12 -2 -13 -2 -13 -1 -13 -1 -13 -1 -13 -1 -13 -1 -13 0 -13 0 -14 0 0 0 0 0 0 0 0 0 0 0]"
"1769235373884522,CSI_DATA,STATION,00:00:00:00:00:00,0,0,0,0,0,0,0,0,0,0,0,0,0,0,0,0,0,0,0,0,0,128,[84 -64 4 0 0 0 0 0 0 0 0 0 10 -10 11 -9 11 -9 11 -8 11 -8 11 -8 12 -8 12 -7 12 -7 12 -7 13 -6 12 -6 12 -6 11 -5 12 -5 12 -6 12 -5 11 -5 11 -4 11 -5 11 -5 11 -5 11 -5 10 -5 10 -5 10 -6 0 0 10 -5 9 -5 9 -5 10 -6 9 -6 9 -6 8 -6 9 -7 9 -7 9 -7 8 -8 8 -7 8 -7 8 -7 9 -8 8 -9 8 -9 8 -9 8 -9 8 -9 8 -9 7 -9 8 -9 8 -10 8 -10 8 -11 0 0 0 0 0 0 0 0 0 0]"
"1769235373891013,CSI_DATA,STATION,00:00:00:00:00:00,0,0,0,0,0,0,0,0,0,0,0,0,0,0,0,0,0,0,0,0,0,128,[84 -64 4 0 0 0 0 0 0 0 0 0 14 -1 13 -1 14 0 13 1 14 1 14 1 14 2 14 2 13 2 13 3 13 3 13 3 12 3 12 3 12 3 12 3 12 4 12 4 11 4 11 3 11 3 11 3 11 3 11 3 11 3 11 2 0 0 11 2 11 2 10 2 11 1 11 2 11 1 11 1 11 1 11 0 11 0 11 0 11 0 11 0 11 0 12 -1 11 -1 12 -1 12 -2 12 -2 12 -2 12 -2 12 -2 12 -2 12 -2 12 -3 12 -3 0 0 0 0 0 0 0 0 0 0]"
"1769235373895365,CSI_DATA,STATION,00:00:00:00:00:00,0,0,0,0,0,0,0,0,0,0,0,0,0,0,0,0,0,0,0,0,0,128,[84 -64 4 0 0 0 0 0 0 0 0 0 11 -9 11 -9 12 -8 11 -8 12 -8 12 -7 13 -7 12 -7 13 -6 13 -5 12 -6 12 -5 12 -5 12 -5 12 -4 12 -4 12 -4 12 -4 11 -4 12 -4 11 -4 11 -4 11 -4 11 -4 11 -4 11 -4 0 0 10 -4 10 -5 9 -5 10 -5 10 -5 10 -5 9 -5 9 -6 9 -6 10 -6 9 -7 9 -7 9 -7 9 -7 10 -7 9 -7 9 -8 9 -8 9 -8 9 -9 9 -8 9 -9 9 -9 9 -9 9 -9 9 -9 0 0 0 0 0 0 0 0 0 0]"
"1769235373901874,CSI_DATA,STATION,00:00:00:00:00:00,0,0,0,0,0,0,0,0,0,0,0,0,0,0,0,0,0,0,0,0,0,128,[84 -64 4 0 0 0 0 0 0 0 0 0 -12 -7 -11 -7 -11 -7 -11 -8 -10 -8 -10 -9 -10 -8 -10 -9 -9 -9 -9 -10 -9 -9 -8 -9 -9 -9 -8 -9 -8 -9 -8 -9 -8 -9 -8 -9 -8 -9 -7 -10 -8 -9 -8 -9 -7 -8 -8 -8 -7 -8 -8 -8 0 0 -8 -8 -7 -8 -8 -8 -8 -7 -8 -7 -8 -7 -8 -7 -8 -7 -8 -7 -9 -7 -9 -6 -9 -7 -9 -6 -9 -7 -9 -6 -9 -6 -10 -6 -10 -6 -10 -6 -10 -6 -10 -6 -11 -6 -11 -6 -11 -6 -11 -5 -11 -5 0 0 0 0 0 0 0 0 0 0]"
"1769235373906235,CSI_DATA,STATION,00:00:00:00:00:00,0,0,0,0,0,0,0,0,0,0,0,0,0,0,0,0,0,0,0,0,0,128,[84 -64 4 0 0 0 0 0 0 0 0 0 7 11 7 11 7 12 6 12 6 12 5 12 5 12 5 13 4 12 4 12 4 12 4 12 3 12 4 12 3 12 3 12 3 12 2 11 3 11 3 11 3 11 3 11 2 11 3 11 3 11 3 10 0 0 3 10 3 10 4 10 3 10 4 10 4 10 4 10 4 10 5 9 5 10 5 9 5 10 6 10 6 10 5 9 6 9 7 9 7 9 7 9 7 9 7 9 7 10 7 9 8 9 8 9 8 9 0 0 0 0 0 0 0 0 0 0]"
"1769235373910571,CSI_DATA,STATION,00:00:00:00:00:00,0,0,0,0,0,0,0,0,0,0,0,0,0,0,0,0,0,0,0,0,0,128,[84 -64 4 0 0 0 0 0 0 0 0 0 -12 4 -12 3 -13 3 -13 3 -13 2 -13 2 -13 2 -13 1 -13 1 -13 0 -12 0 -13 1 -12 0 -12 0 -12 -1 -12 0 -12 0 -11 -1 -12 -1 -12 -1 -11 0 -11 -1 -11 0 -11 -1 -11 0 -11 0 0 0 -11 1 -11 1 -11 1 -11 1 -11 1 -11 1 -11 1 -11 1 -10 2 -11 2 -11 3 -11 2 -11 2 -11 2 -11 2 -11 3 -11 3 -11 3 -11 3 -11 3 -11 3 -11 4 -11 4 -11 4 -11 4 -11 4 0 0 0 0 0 0 0 0 0 0]"
"1769235373917091,CSI_DATA,STATION,00:00:00:00:00:00,0,0,0,0,0,0,0,0,0,0,0,0,0,0,0,0,0,0,0,0,0,128,[84 -64 4 0 0 0 0 0 0 0 0 0 -15 0 -14 -1 -14 -1 -15 -1 -15 -2 -15 -2 -14 -3 -14 -3 -14 -3 -14 -4 -14 -4 -13 -4 -14 -5 -13 -5 -13 -5 -13 -4 -13 -5 -13 -5 -13 -5 -12 -5 -12 -5 -12 -4 -12 -4 -12 -5 -11 -4 -12 -4 0 0 -11 -4 -11 -3 -12 -3 -12 -3 -12 -3 -11 -3 -12 -3 -12 -3 -12 -2 -12 -2 -12 -2 -12 -2 -12 -2 -13 -1 -13 -1 -13 -1 -13 -1 -13 -1 -13 0 -13 0 -14 -1 -13 0 -13 -1 -14 0 -14 0 -14 0 0 0 0 0 0 0 0 0 0 0]"
"1769235373921475,CSI_DATA,STATION,00:00:00:00:00:00,0,0,0,0,0,0,0,0,0,0,0,0,0,0,0,0,0,0,0,0,0,128,[84 -64 4 0 0 0 0 0 0 0 0 0 8 11 8 11 7 12 7 12 6 12 6 12 6 12 5 12 5 12 5 13 5 12 5 12 4 12 4 12 4 13 3 12 4 12 3 12 3 12 3 12 3 12 3 11 3 11 3 11 4 11 4 11 0 0 3 11 4 10 4 10 4 10 4 10 4 10 5 10 5 10 5 10 5 10 6 9 6 10 6 10 6 9 6 10 7 9 7 10 7 10 7 9 8 9 7 9 8 10 8 10 9 9 9 9 8 9 0 0 0 0 0 0 0 0 0 0]"
"1769235373925831,CSI_DATA,STATION,00:00:00:00:00:00,0,0,0,0,0,0,0,0,0,0,0,0,0,0,0,0,0,0,0,0,0,128,[84 -64 4 0 0 0 0 0 0 0 0 0 -7 12 -8 12 -8 11 -9 11 -9 11 -10 11 -10 10 -10 10 -10 10 -11 10 -11 10 -10 9 -11 9 -11 8 -11 8 -11 8 -11 9 -10 8 -11 8 -11 8 -10 8 -10 8 -10 8 -10 8 -10 7 -10 8 0 0 -10 8 -9 8 -9 8 -9 8 -9 8 -9 8 -8 8 -9 9 -8 9 -8 9 -8 9 -8 9 -8 9 -8 9 -8 10 -7 10 -7 10 -7 10 -7 11 -7 11 -7 11 -7 11 -7 10 -7 11 -7 11 -7 12 0 0 0 0 0 0 0 0 0 0]"
"1769235373932597,CSI_DATA,STATION,00:00:00:00:00:00,0,0,0,0,0,0,0,0,0,0,0,0,0,0,0,0,0,0,0,0,0,128,[84 -64 4 0 0 0 0 0 0 0 0 0 0 -14 0 -14 1 -14 1 -14 1 -13 2 -14 2 -14 2 -14 3 -13 3 -13 3 -13 3 -13 3 -13 3 -12 4 -13 3 -12 4 -12 4 -12 4 -12 4 -12 3 -12 3 -11 3 -11 3 -11 2 -11 3 -11 0 0 2 -11 2 -11 2 -11 1 -11 2 -11 1 -11 1 -11 1 -11 1 -11 1 -11 0 -11 0 -11 0 -11 0 -12 0 -12 -1 -12 -1 -12 -1 -12 -1 -12 -1 -12 -1 -12 -1 -12 -2 -12 -2 -12 -2 -13 -2 -13 0 0 0 0 0 0 0 0 0 0]"
"1769235373936852,CSI_DATA,STATION,00:00:00:00:00:00,0,0,0,0,0,0,0,0,0,0,0,0,0,0,0,0,0,0,0,0,0,128,[84 -64 4 0 0 0 0 0 0 0 0 0 -8 13 -8 13 -9 12 -9 12 -10 11 -10 11 -10 11 -10 10 -11 10 -11 10 -11 10 -11 9 -11 9 -11 9 -11 9 -11 8 -11 8 -11 8 -11 8 -11 8 -10 8 -10 8 -10 7 -10 7 -10 8 -10 8 0 0 -9 8 -9 8 -9 8 -9 8 -9 8 -8 8 -8 8 -8 8 -8 9 -8 9 -8 9 -8 9 -8 9 -7 10 -8 10 -7 10 -7 10 -7 10 -7 11 -7 10 -7 11 -7 11 -7 11 -7 11 -7 11 -6 11 0 0 0 0 0 0 0 0 0 0]"
"1769235373941090,CSI_DATA,STATION,00:00:00:00:00:00,0,0,0,0,0,0,0,0,0,0,0,0,0,0,0,0,0,0,0,0,0,128,[84 -64 4 0 0 0 0 0 0 0 0 0 10 -11 10 -11 11 -10 11 -10 12 -10 12 -9 12 -9 12 -8 12 -9 13 -8 12 -8 12 -8 12 -7 12 -7 12 -7 11 -7 12 -7 11 -7 11 -6 11 -7 11 -7 11 -6 11 -7 11 -6 10 -6 10 -6 0 0 10 -7 10 -7 9 -7 9 -7 9 -8 9 -7 8 -8 8 -8 9 -8 9 -9 8 -9 8 -8 8 -8 8 -9 8 -9 8 -10 7 -10 7 -10 7 -10 7 -11 7 -10 7 -11 7 -11 7 -11 7 -11 7 -11 0 0 0 0 0 0 0 0 0 0]"
"1769235373947561,CSI_DATA,STATION,00:00:00:00:00:00,0,0,0,0,0,0,0,0,0,0,0,0,0,0,0,0,0,0,0,0,0,128,[84 -64 4 0 0 0 0 0 0 0 0 0 -7 -14 -7 -14 -6 -14 -6 -14 -5 -14 -5 -15 -4 -14 -4 -14 -4 -14 -4 -15 -3 -15 -3 -15 -2 -14 -3 -14 -2 -14 -2 -14 -2 -14 -2 -13 -2 -13 -2 -13 -2 -13 -2 -13 -2 -13 -2 -13 -2 -13 -2 -12 0 0 -2 -12 -3 -12 -3 -12 -3 -12 -3 -12 -4 -12 -4 -12 -5 -12 -4 -12 -5 -11 -5 -11 -5 -12 -5 -11 -5 -11 -5 -11 -6 -11 -6 -12 -7 -11 -6 -11 -7 -12 -7 -11 -7 -11 -7 -12 -8 -12 -8 -11 -8 -12 0 0 0 0 0 0 0 0 0 0]"
"1769235373952073,CSI_DATA,STATION,00:00:00:00:00:00,0,0,0,0,0,0,0,0,0,0,0,0,0,0,0,0,0,0,0,0,0,128,[84 -64 4 0 0 0 0 0 0 0 0 0 13 4 13 5 13 5 13 5 13 6 13 6 12 6 12 7 12 7 11 7 12 7 11 7 11 8 11 8 11 8 10 8 10 8 10 7 10 8 9 8 10 8 9 7 9 6 10 7 9 7 9 6 0 0 9 6 9 6 10 6 9 5 10 5 10 5 10 5 10 5 10 4 10 4 10 4 10 4 11 4 11 4 10 4 11 3 11 3 11 3 12 3 11 2 12 2 11 3 12 3 12 3 12 2 12 2 0 0 0 0 0 0 0 0 0 0]"
"1769235373958748,CSI_DATA,STATION,00:00:00:00:00:00,0,0,0,0,0,0,0,0,0,0,0,0,0,0,0,0,0,0,0,0,0,128,[84 -64 4 0 0 0 0 0 0 0 0 0 -13 -7 -13 -8 -12 -9 -12 -9 -12 -9 -12 -9 -11 -10 -11 -10 -11 -10 -11 -11 -10 -10 -10 -10 -10 -10 -9 -10 -9 -11 -9 -10 -9 -11 -9 -10 -9 -11 -8 -11 -9 -10 -8 -10 -9 -10 -9 -10 -8 -10 -9 -9 0 0 -9 -9 -9 -9 -9 -9 -8 -8 -9 -8 -9 -8 -9 -8 -9 -8 -10 -8 -10 -7 -10 -7 -10 -8 -10 -7 -10 -7 -10 -7 -11 -7 -11 -7 -11 -7 -12 -7 -12 -7 -12 -6 -12 -7 -12 -7 -12 -6 -12 -6 -13 -6 0 0 0 0 0 0 0 0 0 0]"
"1769235373963224,CSI_DATA,STATION,00:00:00:00:00:00,0,0,0,0,0,0,0,0,0,0,0,0,0,0,0,0,0,0,0,0,0,128,[84 -64 4 0 0 0 0 0 0 0 0 0 8 -10 9 -9 9 -9 8 -9 10 -9 10 -8 10 -8 10 -8 10 -7 11 -7 10 -7 10 -7 10 -7 10 -6 10 -6 10 -6 10 -6 10 -7 10 -6 10 -6 9 -6 9 -6 10 -6 9 -6 9 -6 9 -6 0 0 9 -7 8 -6 8 -6 8 -7 8 -7 8 -7 7 -7 8 -8 7 -7 7 -8 7 -8 7 -8 7 -8 7 -8 7 -9 7 -9 7 -9 7 -10 6 -9 6 -10 6 -10 6 -10 6 -10 6 -10 6 -10 6 -10 0 0 0 0 0 0 0 0 0 0]"
"1769235373967678,CSI_DATA,STATION,00:00:00:00:00:00,0,0,0,0,0,0,0,0,0,0,0,0,0,0,0,0,0,0,0,0,0,128,[84 -64 4 0 0 0 0 0 0 0 0 0 12 4 11 5 11 5 11 6 11 6 11 7 10 7 10 7 10 7 10 8 10 7 9 7 9 8 9 7 9 7 8 7 8 8 8 8 8 8 8 7 8 7 8 7 8 7 8 7 8 6 8 6 0 0 8 6 8 6 8 5 8 5 8 5 8 5 8 5 9 5 9 5 9 4 9 4 9 4 10 5 10 4 9 4 10 4 10 4 11 3 10 3 11 3 11 3 10 3 11 3 11 3 11 3 11 2 0 0 0 0 0 0 0 0 0 0]"
"1769235373972154,CSI_DATA,STATION,00:00:00:00:00:00,0,0,0,0,0,0,0,0,0,0,0,0,0,0,0,0,0,0,0,0,0,128,[84 -64 4 0 0 0 0 0 0 0 0 0 3 -13 3 -13 3 -13 4 -13 5 -13 5 -13 5 -12 5 -12 6 -12 6 -12 6 -12 6 -11 6 -11 7 -11 7 -11 6 -11 6 -11 6 -10 6 -10 7 -10 6 -10 6 -10 7 -10 6 -10 6 -10 6 -10 0 0 6 -10 5 -10 5 -10 5 -10 5 -10 5 -10 5 -10 5 -10 5 -10 5 -10 4 -10 4 -10 4 -11 4 -10 4 -11 4 -11 3 -12 3 -11 4 -11 3 -12 4 -12 3 -11 3 -12 3 -12 3 -12 3 -13 0 0 0 0 0 0 0 0 0 0]"
"1769235373978801,CSI_DATA,STATION,00:00:00:00:00:00,0,0,0,0,0,0,0,0,0,0,0,0,0,0,0,0,0,0,0,0,0,128,[84 -64 4 0 0 0 0 0 0 0 0 0 -3 -14 -3 -13 -2 -14 -2 -14 -1 -14 -1 -14 0 -14 0 -14 1 -14 1 -14 1 -13 1 -13 1 -13 1 -14 2 -13 1 -13 2 -12 2 -12 2 -12 1 -13 2 -12 2 -12 2 -12 1 -12 1 -12 1 -12 0 0 1 -11 1 -12 0 -11 1 -12 0 -12 0 -12 0 -12 0 -12 0 -12 -1 -12 -1 -11 -1 -12 -2 -12 -2 -12 -1 -12 -2 -12 -2 -12 -3 -12 -2 -12 -2 -13 -3 -12 -3 -12 -3 -13 -4 -12 -4 -13 -4 -12 0 0 0 0 0 0 0 0 0 0]"
"1769235373983281,CSI_DATA,STATION,00:00:00:00:00:00,0,0,0,0,0,0,0,0,0,0,0,0,0,0,0,0,0,0,0,0,0,128,[84 -64 4 0 0 0 0 0 0 0 0 0 -8 11 -8 10 -9 10 -9 10 -9 10 -10 9 -10 9 -11 9 -11 8 -11 8 -11 8 -11 8 -11 7 -11 7 -11 7 -12 7 -11 7 -11 7 -10 6 -11 6 -10 6 -10 6 -11 7 -10 7 -10 6 -10 6 0 0 -10 6 -9 6 -9 7 -10 7 -9 7 -9 7 -9 7 -9 7 -8 8 -9 8 -8 8 -8 7 -8 8 -8 8 -8 8 -8 9 -8 9 -8 9 -8 9 -8 9 -8 10 -7 10 -7 10 -8 10 -7 10 -7 10 0 0 0 0 0 0 0 0 0 0]"
"1769235373987729,CSI_DATA,STATION,00:00:00:00:00:00,0,0,0,0,0,0,0,0,0,0,0,0,0,0,0,0,0,0,0,0,0,128,[84 -64 4 0 0 0 0 0 0 0 0 0 3 -14 3 -14 4 -14 4 -14 5 -14 5 -13 5 -13 6 -13 6 -13 6 -13 6 -12 6 -13 7 -12 7 -12 7 -12 6 -11 7 -11 7 -11 7 -11 7 -11 7 -11 7 -11 7 -11 6 -10 6 -11 6 -10 0 0 5 -11 5 -10 5 -10 5 -10 5 -11 4 -11 4 -11 4 -11 4 -11 4 -11 4 -11 4 -11 3 -11 3 -12 3 -12 3 -12 3 -12 3 -12 3 -12 2 -12 3 -12 2 -12 2 -12 2 -12 2 -13 2 -13 0 0 0 0 0 0 0 0 0 0]"
"1769235373994435,CSI_DATA,STATION,00:00:00:00:00:00,0,0,0,0,0,0,0,0,0,0,0,0,0,0,0,0,0,0,0,0,0,128,[84 -64 4 0 0 0 0 0 0 0 0 0 12 -7 12 -7 13 -6 13 -6 13 -5 13 -5 13 -4 13 -4 14 -4 13 -3 13 -3 13 -3 13 -2 13 -3 14 -2 12 -2 12 -2 12 -2 12 -1 12 -1 12 -1 12 -1 12 -2 11 -1 11 -2 11 -2 0 0 11 -2 11 -2 11 -2 11 -3 11 -2 11 -3 11 -3 10 -3 11 -4 10 -4 10 -4 10 -4 11 -4 11 -4 11 -5 11 -5 10 -5 11 -5 11 -5 10 -6 11 -6 10 -5 10 -6 10 -6 10 -6 11 -7 0 0 0 0 0 0 0 0 0 0]"
"1769235373998893,CSI_DATA,STATION,00:00:00:00:00:00,0,0,0,0,0,0,0,0,0,0,0,0,0,0,0,0,0,0,0,0,0,128,[84 -64 4 0 0 0 0 0 0 0 0 0 -15 -1 -15 -1 -15 -2 -15 -3 -15 -3 -15 -3 -14 -4 -15 -4 -14 -5 -14 -5 -14 -5 -14 -5 -13 -5 -13 -5 -13 -5 -13 -5 -12 -6 -13 -6 -12 -6 -12 -6 -12 -6 -12 -5 -12 -5 -12 -5 -12 -5 -12 -4 0 0 -11 -4 -12 -4 -11 -4 -12 -4 -11 -4 -11 -3 -11 -3 -12 -3 -11 -2 -12 -2 -12 -2 -12 -2 -12 -2 -12 -1 -12 -1 -12 -1 -12 -1 -12 -1 -13 0 -12 -1 -12 0 -13 0 -13 0 -13 0 -13 1 -13 1 0 0 0 0 0 0 0 0 0 0]"
"1769235374003414,CSI_DATA,STATION,00:00:00:00:00:00,0,0,0,0,0,0,0,0,0,0,0,0,0,0,0,0,0,0,0,0,0,128,[84 -64 4 0 0 0 0 0 0 0 0 0 -11 -10 -11 -11 -10 -11 -10 -12 -9 -12 -9 -12 -9 -12 -9 -12 -8 -12 -8 -12 -8 -12 -8 -12 -7 -12 -7 -12 -7 -12 -6 -11 -7 -12 -6 -12 -6 -12 -6 -12 -6 -12 -6 -11 -6 -11 -6 -11 -6 -11 -7 -10 0 0 -6 -10 -7 -10 -7 -10 -7 -9 -7 -10 -7 -9 -7 -9 -7 -9 -8 -9 -8 -8 -8 -9 -8 -8 -8 -8 -9 -8 -8 -8 -9 -8 -9 -8 -9 -8 -9 -8 -9 -8 -10 -7 -10 -8 -10 -7 -10 -7 -10 -7 -11 -7 0 0 0 0 0 0 0 0 0 0]"
"1769235374010086,CSI_DATA,STATION,00:00:00:00:00:00,0,0,0,0,0,0,0,0,0,0,0,0,0,0,0,0,0,0,0,0,0,128,[84 -64 4 0 0 0 0 0 0 0 0 0 7 11 6 12 6 12 6 12 5 12 5 13 4 12 4 13 3 13 3 13 4 12 3 12 3 12 3 12 2 12 2 12 2 11 2 11 2 11 2 11 2 11 2 11 2 11 2 10 2 11 3 10 0 0 3 10 2 10 3 10 2 10 3 10 4 10 4 9 4 9 4 9 4 9 5 9 5 9 5 9 5 9 5 9 5 9 6 8 6 9 6 8 6 8 6 9 7 8 7 8 7 8 7 8 7 8 0 0 0 0 0 0 0 0 0 0]"
"1769235374014589,CSI_DATA,STATION,00:00:00:00:00:00,0,0,0,0,0,0,0,0,0,0,0,0,0,0,0,0,0,0,0,0,0,128,[84 -64 4 0 0 0 0 0 0 0 0 0 -5 14 -6 13 -7 13 -7 13 -7 13 -8 13 -8 12 -9 12 -9 11 -9 11 -9 11 -9 11 -9 11 -9 11 -9 10 -8 10 -9 10 -9 9 -9 10 -8 9 -9 9 -8 9 -8 9 -8 9 -8 9 -8 9 0 0 -7 9 -6 9 -6 10 -6 10 -6 10 -6 9 -6 10 -6 9 -5 9 -5 10 -5 10 -4 10 -5 10 -5 10 -4 11 -4 11 -4 11 -3 11 -3 11 -4 11 -3 12 -3 12 -3 12 -2 12 -2 12 -3 12 0 0 0 0 0 0 0 0 0 0]"
"1769235374019036,CSI_DATA,STATION,00:00:00:00:00:00,0,0,0,0,0,0,0,0,0,0,0,0,0,0,0,0,0,0,0,0,0,128,[84 -64 4 0 0 0 0 0 0 0 0 0 -15 -3 -15 -3 -15 -3 -15 -4 -14 -4 -15 -4 -14 -5 -14 -5 -14 -5 -13 -6 -14 -6 -13 -5 -13 -6 -12 -6 -12 -6 -11 -6 -12 -7 -12 -6 -12 -6 -11 -7 -12 -6 -11 -6 -11 -5 -11 -6 -11 -5 -11 -5 0 0 -11 -4 -11 -5 -11 -4 -11 -4 -11 -4 -11 -4 -11 -4 -11 -3 -11 -3 -11 -3 -12 -3 -11 -3 -11 -2 -12 -2 -11 -2 -12 -2 -12 -2 -12 -2 -12 -1 -12 -1 -13 -1 -12 -1 -13 -1 -13 0 -13 0 -13 0 0 0 0 0 0 0 0 0 0 0]"
"1769235374025710,CSI_DATA,STATION,00:00:00:00:00:00,0,0,0,0,0,0,0,0,0,0,0,0,0,0,0,0,0,0,0,0,0,128,[84 -64 4 0 0 0 0 0 0 0 0 0 12 -4 12 -3 12 -2 12 -2 12 -1 12 -1 12 -1 12 -1 12 0 12 1 12 0 11 0 11 1 11 1 11 1 11 1 10 1 10 1 10 1 10 1 10 1 10 1 10 1 9 1 10 0 10 0 0 0 9 0 9 0 9 0 9 -1 9 -1 9 -1 9 -1 9 -1 9 -2 9 -2 9 -2 9 -2 9 -2 9 -2 9 -3 9 -3 9 -3 10 -4 9 -3 9 -4 10 -4 10 -4 9 -4 10 -4 10 -4 10 -5 0 0 0 0 0 0 0 0 0 0]"
"1769235374030194,CSI_DATA,STATION,00:00:00:00:00:00,0,0,0,0,0,0,0,0,0,0,0,0,0,0,0,0,0,0,0,0,0,128,[84 -64 4 0 0 0 0 0 0 0 0 0 -10 -10 -10 -11 -9 -11 -9 -11 -9 -11 -8 -12 -8 -11 -8 -12 -7 -12 -7 -12 -7 -12 -7 -12 -6 -12 -6 -12 -6 -12 -6 -11 -6 -11 -6 -11 -6 -11 -5 -12 -5 -11 -5 -11 -6 -11 -6 -10 -5 -10 -6 -10 0 0 -6 -10 -6 -10 -6 -10 -6 -9 -7 -9 -6 -10 -6 -9 -7 -9 -7 -9 -7 -9 -8 -9 -8 -8 -8 -8 -8 -9 -8 -8 -8 -8 -9 -9 -9 -8 -9 -8 -10 -8 -9 -8 -10 -8 -10 -8 -10 -8 -10 -8 -11 -8 0 0 0 0 0 0 0 0 0 0]"
"1769235374043172,CSI_DATA,STATION,00:00:00:00:00:00,0,0,0,0,0,0,0,0,0,0,0,0,0,0,0,0,0,0,0,0,0,128,[84 -64 4 0 0 0 0 0 0 0 0 0 -11 9 -11 8 -12 8 -12 7 -12 7 -13 6 -13 6 -13 6 -13 6 -13 5 -13 5 -13 5 -13 5 -13 5 -13 4 -13 5 -12 5 -12 4 -12 4 -12 3 -12 4 -12 4 -12 4 -11 4 -12 4 -12 4 0 0 -11 4 -11 4 -10 5 -11 5 -11 5 -10 5 -10 5 -10 5 -11 6 -10 6 -10 7 -10 6 -10 6 -9 7 -10 7 -10 7 -10 8 -10 8 -10 8 -10 8 -9 8 -10 9 -10 8 -9 9 -10 9 -9 9 0 0 0 0 0 0 0 0 0 0]"
"1769235374047553,CSI_DATA,STATION,00:00:00:00:00:00,0,0,0,0,0,0,0,0,0,0,0,0,0,0,0,0,0,0,0,0,0,128,[84 -64 4 0 0 0 0 0 0 0 0 0 -12 6 -12 6 -12 5 -12 5 -12 5 -12 4 -12 4 -12 4 -12 3 -13 3 -12 3 -13 3 -12 2 -12 3 -12 2 -12 3 -12 2 -11 2 -12 2 -11 2 -11 2 -11 2 -11 2 -11 2 -11 2 -11 2 0 0 -11 3 -10 3 -10 3 -10 3 -10 3 -10 3 -10 3 -10 3 -10 4 -10 4 -10 5 -10 4 -10 5 -10 5 -10 5 -10 5 -9 5 -9 6 -10 6 -10 6 -10 6 -10 6 -10 6 -9 7 -9 7 -10 7 0 0 0 0 0 0 0 0 0 0]"
"1769235374054298,CSI_DATA,STATION,00:00:00:00:00:00,0,0,0,0,0,0,0,0,0,0,0,0,0,0,0,0,0,0,0,0,0,128,[84 -64 4 0 0 0 0 0 0 0 0 0 11 -2 11 -2 11 -1 11 -1 11 0 11 0 11 1 11 1 11 0 11 2 11 1 11 1 11 2 10 2 10 2 10 1 10 1 10 2 10 2 10 1 9 2 9 1 9 2 9 2 9 1 9 1 0 0 9 1 9 0 9 0 10 0 9 0 9 0 9 0 9 0 9 -1 9 -1 9 -1 9 -1 9 -2 9 -1 10 -2 9 -2 10 -2 10 -3 9 -3 9 -3 10 -3 9 -3 10 -3 10 -4 10 -4 10 -4 0 0 0 0 0 0 0 0 0 0]"
"1769235374058749,CSI_DATA,STATION,00:00:00:00:00:00,0,0,0,0,0,0,0,0,0,0,0,0,0,0,0,0,0,0,0,0,0,128,[84 -64 4 0 0 0 0 0 0 0 0 0 -12 3 -12 2 -12 1 -12 1 -12 1 -12 1 -12 0 -12 0 -12 0 -12 0 -12 -1 -12 -1 -11 -1 -12 -1 -12 -1 -12 -1 -11 -1 -11 -1 -11 -1 -11 -1 -11 -2 -11 -1 -11 -1 -10 -1 -11 -1 -11 0 0 0 -10 -1 -10 0 -10 0 -10 0 -10 0 -10 0 -10 0 -10 1 -10 1 -10 1 -10 1 -10 2 -10 2 -10 2 -10 2 -10 2 -10 2 -11 3 -10 3 -11 3 -10 3 -11 3 -10 3 -10 4 -10 4 -11 4 0 0 0 0 0 0 0 0 0 0]"
"1769235374065427,CSI_DATA,STATION,00:00:00:00:00:00,0,0,0,0,0,0,0,0,0,0,0,0,0,0,0,0,0,0,0,0,0,128,[84 -64 4 0 0 0 0 0 0 0 0 0 13 0 12 0 13 1 13 1 13 1 12 2 12 3 13 3 12 2 13 3 12 3 12 3 11 4 12 4 11 4 11 3 10 4 11 4 10 4 10 4 10 4 10 4 10 3 10 4 10 3 10 3 0 0 9 3 10 2 10 2 10 2 10 2 10 2 10 1 10 2 10 1 10 1 10 0 10 1 11 0 10 1 11 0 11 0 11 0 11 -1 11 -1 11 -1 11 -1 11 -1 12 -1 11 -1 11 -2 12 -2 0 0 0 0 0 0 0 0 0 0]"
"1769235374069890,CSI_DATA,STATION,00:00:00:00:00:00,0,0,0,0,0,0,0,0,0,0,0,0,0,0,0,0,0,0,0,0,0,128,[84 -64 4 0 0 0 0 0 0 0 0 0 -12 -4 -12 -5 -11 -5 -12 -5 -11 -6 -11 -6 -11 -6 -11 -7 -10 -7 -11 -7 -11 -6 -10 -7 -10 -7 -10 -7 -10 -8 -9 -7 -9 -7 -9 -7 -9 -7 -8 -8 -9 -7 -8 -7 -9 -7 -9 -7 -9 -6 -9 -6 0 0 -8 -6 -9 -6 -9 -6 -8 -5 -9 -6 -9 -5 -9 -5 -9 -5 -9 -5 -9 -4 -10 -4 -10 -4 -9 -4 -10 -4 -10 -4 -10 -4 -10 -4 -10 -4 -10 -4 -11 -3 -11 -3 -11 -3 -11 -3 -11 -3 -11 -3 -11 -2 0 0 0 0 0 0 0 0 0 0]"
"1769235374074389,CSI_DATA,STATION,00:00:00:00:00:00,0,0,0,0,0,0,0,0,0,0,0,0,0,0,0,0,0,0,0,0,0,128,[84 -64 4 0 0 0 0 0 0 0 0 0 2 13 1 13 1 13 1 13 0 13 0 12 -1 13 -1 13 -2 13 -1 13 -2 12 -2 13 -2 12 -2 12 -2 12 -2 12 -3 11 -3 11 -2 11 -3 11 -2 11 -2 11 -3 11 -3 11 -2 11 -2 10 0 0 -2 10 -1 11 -1 10 -1 10 -1 10 -1 10 -1 10 0 10 0 10 0 10 0 10 0 10 1 10 0 10 1 10 1 10 1 10 1 10 2 11 2 11 2 11 2 11 2 11 3 11 3 11 3 11 0 0 0 0 0 0 0 0 0 0]"
"1769235374078879,CSI_DATA,STATION,00:00:00:00:00:00,0,0,0,0,0,0,0,0,0,0,0,0,0,0,0,0,0,0,0,0,0,128,[84 -64 4 0 0 0 0 0 0 0 0 0 11 -7 12 -7 11 -6 11 -6 11 -5 12 -5 12 -5 12 -5 13 -4 12 -4 12 -4 12 -4 11 -3 12 -3 12 -3 11 -3 12 -3 10 -3 11 -2 11 -2 11 -3 11 -3 10 -3 10 -3 10 -2 11 -3 0 0 10 -3 10 -3 10 -4 9 -3 10 -4 9 -4 10 -4 9 -4 9 -5 9 -5 9 -5 9 -5 9 -5 10 -5 9 -5 10 -6 9 -6 10 -7 10 -6 9 -7 9 -7 9 -6 9 -7 9 -7 10 -7 10 -7 0 0 0 0 0 0 0 0 0 0]"
"1769235374085567,CSI_DATA,STATION,00:00:00:00:00:00,0,0,0,0,0,0,0,0,0,0,0,0,0,0,0,0,0,0,0,0,0,128,[84 -64 4 0 0 0 0 0 0 0 0 0 -7 11 -7 11 -7 11 -8 10 -8 10 -9 10 -9 9 -9 10 -9 9 -9 9 -9 9 -9 9 -9 8 -9 8 -9 8 -10 8 -9 8 -10 8 -9 7 -9 6 -9 7 -9 7 -9 7 -9 7 -8 7 -8 7 0 0 -9 7 -8 7 -8 8 -8 7 -7 7 -8 7 -7 7 -7 8 -7 8 -7 8 -7 9 -7 8 -7 8 -6 8 -7 8 -7 8 -6 9 -6 9 -6 10 -6 9 -6 10 -6 10 -6 9 -5 10 -6 10 -5 10 0 0 0 0 0 0 0 0 0 0]"
"1769235374090043,CSI_DATA,STATION,00:00:00:00:00:00,0,0,0,0,0,0,0,0,0,0,0,0,0,0,0,0,0,0,0,0,0,128,[84 -64 4 0 0 0 0 0 0 0 0 0 -12 -2 -12 -3 -12 -3 -12 -4 -11 -4 -12 -4 -12 -4 -11 -5 -11 -5 -11 -6 -11 -5 -11 -5 -11 -6 -10 -5 -10 -6 -10 -5 -10 -6 -10 -6 -10 -6 -9 -6 -10 -5 -9 -5 -9 -5 -9 -6 -9 -5 -9 -5 0 0 -9 -4 -9 -4 -9 -4 -9 -4 -9 -4 -9 -4 -9 -4 -10 -4 -9 -3 -9 -3 -10 -3 -10 -3 -10 -3 -10 -3 -10 -3 -10 -2 -11 -2 -10 -2 -11 -2 -11 -2 -11 -1 -11 -1 -11 -1 -11 -1 -11 -1 -11 -1 0 0 0 0 0 0 0 0 0 0]"
"1769235374094509,CSI_DATA,STATION,00:00:00:00:00:00,0,0,0,0,0,0,0,0,0,0,0,0,0,0,0,0,0,0,0,0,0,128,[84 -64 4 0 0 0 0 0 0 0 0 0 -14 -2 -13 -2 -13 -3 -13 -3 -13 -3 -13 -3 -13 -4 -13 -4 -12 -4 -13 -5 -12 -4 -12 -5 -12 -5 -12 -5 -12 -5 -11 -5 -11 -5 -11 -5 -11 -5 -11 -5 -11 -5 -10 -5 -11 -5 -10 -5 -10 -4 -11 -4 0 0 -11 -4 -11 -4 -10 -3 -11 -3 -11 -4 -11 -3 -11 -3 -11 -3 -11 -2 -11 -2 -11 -2 -11 -2 -11 -2 -11 -2 -12 -2 -12 -1 -11 -1 -12 -1 -12 0 -12 -1 -12 0 -12 0 -12 0 -12 0 -12 0 -12 0 0 0 0 0 0 0 0 0 0 0]"
"1769235374101243,CSI_DATA,STATION,00:00:00:00:00:00,0,0,0,0,0,0,0,0,0,0,0,0,0,0,0,0,0,0,0,0,0,128,[84 -64 4 0 0 0 0 0 0 0 0 0 9 -6 10 -6 10 -5 10 -5 10 -5 10 -5 10 -4 11 -4 11 -4 11 -3 10 -4 10 -4 10 -3 10 -3 11 -3 10 -3 10 -3 9 -2 10 -2 10 -2 9 -2 9 -2 9 -3 9 -2 9 -2 9 -3 0 0 9 -3 9 -3 9 -3 9 -3 8 -4 8 -4 8 -4 8 -4 8 -4 8 -4 8 -4 8 -5 8 -4 8 -4 8 -5 8 -5 8 -6 8 -6 8 -6 8 -6 8 -6 8 -6 8 -6 8 -7 8 -7 8 -7 0 0 0 0 0 0 0 0 0 0]"
"1769235374105685,CSI_DATA,STATION,00:00:00:00:00:00,0,0,0,0,0,0,0,0,0,0,0,0,0,0,0,0,0,0,0,0,0,128,[84 -64 4 0 0 0 0 0 0 0 0 0 -13 -4 -12 -5 -12 -5 -12 -6 -12 -6 -12 -6 -11 -7 -11 -7 -11 -7 -11 -8 -11 -8 -11 -8 -10 -8 -10 -8 -10 -8 -9 -8 -9 -8 -10 -8 -9 -8 -9 -8 -9 -8 -9 -8 -9 -8 -9 -8 -9 -7 -9 -7 0 0 -9 -6 -9 -7 -9 -6 -9 -6 -9 -6 -9 -6 -9 -6 -10 -6 -10 -6 -10 -5 -10 -5 -10 -5 -10 -5 -10 -5 -10 -4 -10 -5 -11 -5 -11 -5 -11 -4 -11 -4 -11 -4 -12 -4 -11 -4 -12 -4 -11 -4 -12 -3 0 0 0 0 0 0 0 0 0 0]"
"1769235374110176,CSI_DATA,STATION,00:00:00:00:00:00,0,0,0,0,0,0,0,0,0,0,0,0,0,0,0,0,0,0,0,0,0,128,[84 -64 4 0 0 0 0 0 0 0 0 0 9 6 8 7 8 7 8 8 7 8 7 8 7 8 6 9 6 9 6 9 6 8 6 9 6 8 5 8 5 9 5 9 5 8 5 8 5 8 5 9 5 9 4 8 5 8 5 8 5 8 5 8 0 0 5 7 5 8 5 7 5 7 5 7 5 7 5 7 6 7 5 7 6 7 6 6 6 7 7 7 7 7 6 6 7 6 7 6 7 6 7 6 7 6 7 6 7 6 8 6 8 6 8 6 8 6 0 0 0 0 0 0 0 0 0 0]"
"1769235374116869,CSI_DATA,STATION,00:00:00:00:00:00,0,0,0,0,0,0,0,0,0,0,0,0,0,0,0,0,0,0,0,0,0,128,[84 -64 4 0 0 0 0 0 0 0 0 0 12 -1 13 0 12 0 12 1 13 1 13 1 12 2 12 2 12 2 12 3 12 2 12 3 11 3 11 3 12 3 11 3 10 3 11 3 11 3 11 3 10 3 10 3 10 3 10 3 10 3 10 2 0 0 10 2 10 2 10 2 10 1 10 2 10 1 10 1 10 1 10 1 10 0 10 0 10 0 10 0 11 0 10 -1 11 -1 10 -1 11 -2 11 -1 11 -2 11 -2 11 -1 11 -2 11 -3 11 -2 11 -3 0 0 0 0 0 0 0 0 0 0]"
"1769235374121377,CSI_DATA,STATION,00:00:00:00:00:00,0,0,0,0,0,0,0,0,0,0,0,0,0,0,0,0,0,0,0,0,0,128,[84 -64 4 0 0 0 0 0 0 0 0 0 -9 -9 -8 -9 -8 -10 -8 -9 -7 -10 -7 -10 -6 -10 -6 -10 -6 -11 -6 -11 -6 -10 -6 -10 -5 -10 -5 -11 -5 -11 -5 -11 -4 -10 -4 -10 -5 -10 -4 -11 -4 -10 -4 -10 -4 -10 -5 -10 -5 -10 -5 -10 0 0 -4 -9 -4 -9 -5 -9 -5 -9 -5 -9 -4 -9 -5 -9 -5 -9 -5 -9 -6 -9 -6 -8 -6 -8 -6 -8 -6 -9 -6 -9 -6 -8 -7 -9 -7 -9 -7 -8 -7 -9 -7 -9 -7 -8 -8 -9 -8 -8 -8 -8 -8 -8 0 0 0 0 0 0 0 0 0 0]"
"1769235374125849,CSI_DATA,STATION,00:00:00:00:00:00,0,0,0,0,0,0,0,0,0,0,0,0,0,0,0,0,0,0,0,0,0,128,[84 -64 4 0 0 0 0 0 0 0 0 0 8 -10 8 -10 9 -10 9 -9 9 -10 10 -9 10 -8 10 -8 10 -8 10 -8 10 -8 10 -7 9 -7 10 -7 10 -6 10 -7 10 -6 10 -7 10 -6 10 -6 10 -6 9 -6 10 -6 9 -6 9 -6 9 -6 0 0 9 -7 9 -6 8 -6 8 -7 8 -7 8 -7 8 -7 8 -8 8 -8 7 -8 7 -8 7 -8 7 -8 7 -8 7 -9 7 -9 7 -9 7 -10 7 -9 7 -10 7 -10 7 -9 7 -10 6 -11 6 -11 6 -10 0 0 0 0 0 0 0 0 0 0]"
"1769235374132451,CSI_DATA,STATION,00:00:00:00:00:00,0,0,0,0,0,0,0,0,0,0,0,0,0,0,0,0,0,0,0,0,0,128,[84 -64 4 0 0 0 0 0 0 0 0 0 -6 -12 -6 -12 -5 -13 -5 -13 -5 -13 -4 -13 -4 -13 -4 -13 -4 -13 -3 -13 -3 -13 -3 -13 -2 -13 -2 -13 -2 -13 -2 -12 -1 -12 -1 -12 -1 -12 -2 -12 -2 -12 -2 -12 -2 -12 -2 -12 -2 -12 -2 -11 0 0 -2 -11 -2 -11 -2 -11 -2 -11 -3 -11 -3 -11 -3 -11 -4 -11 -4 -11 -4 -11 -4 -11 -4 -11 -4 -11 -4 -11 -4 -11 -5 -11 -5 -11 -5 -11 -5 -11 -5 -11 -5 -11 -6 -11 -6 -11 -6 -12 -6 -11 -6 -11 0 0 0 0 0 0 0 0 0 0]"
"1769235374136751,CSI_DATA,STATION,00:00:00:00:00:00,0,0,0,0,0,0,0,0,0,0,0,0,0,0,0,0,0,0,0,0,0,128,[84 -64 4 0 0 0 0 0 0 0 0 0 8 -10 9 -10 8 -10 9 -9 10 -9 10 -9 10 -8 10 -8 11 -8 10 -7 10 -7 10 -7 10 -7 10 -7 10 -7 10 -6 10 -6 9 -6 9 -6 10 -6 9 -6 9 -6 10 -6 9 -6 9 -6 9 -6 0 0 9 -7 9 -6 8 -6 8 -7 8 -7 8 -7 8 -7 7 -7 7 -8 7 -8 7 -8 7 -8 7 -8 7 -8 7 -9 7 -9 6 -9 7 -10 7 -9 7 -10 7 -10 7 -10 6 -10 7 -10 7 -11 7 -11 0 0 0 0 0 0 0 0 0 0]"
"1769235374140996,CSI_DATA,STATION,00:00:00:00:00:00,0,0,0,0,0,0,0,0,0,0,0,0,0,0,0,0,0,0,0,0,0,128,[84 -64 4 0 0 0 0 0 0 0 0 0 10 3 10 4 10 4 10 5 9 5 9 5 9 6 9 7 8 6 8 7 8 6 8 6 8 7 8 6 7 7 7 6 7 7 7 6 7 7 7 7 7 7 7 6 7 6 7 6 7 6 7 5 0 0 7 5 7 5 7 5 7 5 7 5 7 5 7 5 7 5 8 4 8 4 8 4 8 4 8 4 8 4 8 4 9 4 9 3 9 3 9 4 9 3 9 3 9 4 10 3 10 4 10 3 10 3 0 0 0 0 0 0 0 0 0 0]"
"1769235374147411,CSI_DATA,STATION,00:00:00:00:00:00,0,0,0,0,0,0,0,0,0,0,0,0,0,0,0,0,0,0,0,0,0,128,[84 -64 4 0 0 0 0 0 0 0 0 0 0 13 0 12 -1 13 -1 12 -2 13 -2 12 -2 12 -3 12 -3 12 -3 12 -3 12 -3 11 -4 11 -4 11 -4 11 -4 11 -4 10 -4 10 -4 10 -4 10 -4 11 -4 10 -4 10 -4 10 -3 10 -3 10 0 0 -3 9 -3 10 -2 10 -3 10 -2 10 -2 10 -2 10 -2 10 -2 10 -2 10 -1 10 -1 11 -1 11 -1 11 -1 11 -1 11 -1 10 -1 11 0 11 0 11 0 11 0 11 0 11 1 12 0 12 0 12 0 0 0 0 0 0 0 0 0 0]"
"1769235374151813,CSI_DATA,STATION,00:00:00:00:00:00,0,0,0,0,0,0,0,0,0,0,0,0,0,0,0,0,0,0,0,0,0,128,[84 -64 4 0 0 0 0 0 0 0 0 0 13 4 13 5 13 5 13 6 12 6 12 7 12 6 11 7 11 7 11 7 11 7 11 7 10 7 10 7 10 8 10 7 10 8 9 7 9 8 9 8 9 8 9 7 9 7 9 7 10 7 9 6 0 0 9 6 9 6 10 6 9 5 9 6 9 6 10 5 10 5 10 5 10 4 10 4 10 4 11 4 11 4 10 4 12 4 11 3 12 3 12 3 12 3 12 3 12 4 12 3 13 3 13 3 13 2 0 0 0 0 0 0 0 0 0 0]"
"1769235374156261,CSI_DATA,STATION,00:00:00:00:00:00,0,0,0,0,0,0,0,0,0,0,0,0,0,0,0,0,0,0,0,0,0,128,[84 -64 4 0 0 0 0 0 0 0 0 0 8 -12 9 -11 9 -11 9 -10 10 -10 11 -10 10 -9 11 -10 11 -9 11 -9 11 -9 10 -9 10 -9 10 -8 11 -8 10 -8 10 -8 10 -8 10 -7 10 -7 10 -7 10 -7 10 -8 9 -8 9 -8 9 -8 0 0 9 -8 8 -7 8 -8 8 -8 8 -9 8 -8 8 -8 7 -9 7 -9 7 -9 7 -10 7 -10 6 -10 6 -10 7 -11 6 -11 6 -11 7 -11 6 -12 6 -12 7 -11 6 -11 6 -12 5 -12 6 -13 6 -13 0 0 0 0 0 0 0 0 0 0]"
"1769235374162964,CSI_DATA,STATION,00:00:00:00:00:00,0,0,0,0,0,0,0,0,0,0,0,0,0,0,0,0,0,0,0,0,0,128,[84 -64 4 0 0 0 0 0 0 0 0 0 12 -2 13 -2 12 -1 12 -1 12 0 13 0 12 1 12 1 12 1 12 2 12 1 12 1 11 2 11 2 11 2 11 2 11 3 10 2 11 2 10 2 10 3 10 2 10 2 10 2 10 2 10 1 0 0 10 1 10 1 10 1 10 1 10 1 10 1 10 1 10 0 10 0 10 0 10 -1 10 -1 11 0 11 0 10 -1 11 -2 10 -2 12 -2 11 -1 11 -1 12 -2 11 -1 11 -2 11 -3 12 -3 12 -2 0 0 0 0 0 0 0 0 0 0]"
"1769235374167470,CSI_DATA,STATION,00:00:00:00:00:00,0,0,0,0,0,0,0,0,0,0,0,0,0,0,0,0,0,0,0,0,0,128,[84 -64 4 0 0 0 0 0 0 0 0 0 12 -1 12 -1 12 0 13 1 12 1 12 1 12 2 12 2 12 2 12 3 12 2 12 2 11 3 11 3 11 3 11 3 11 3 10 3 10 4 10 3 10 4 10 3 10 3 10 3 10 3 10 2 0 0 10 2 9 2 10 2 10 1 10 2 10 2 10 2 10 2 10 1 10 1 10 1 11 1 10 1 11 1 11 0 11 0 11 0 11 -1 11 0 11 0 11 -1 12 0 11 -1 12 -1 12 -1 12 -1 0 0 0 0 0 0 0 0 0 0]"
"1769235374171928,CSI_DATA,STATION,00:00:00:00:00:00,0,0,0,0,0,0,0,0,0,0,0,0,0,0,0,0,0,0,0,0,0,128,[84 -64 4 0 0 0 0 0 0 0 0 0 -6 10 -7 11 -7 10 -8 10 -8 10 -9 9 -8 9 -9 9 -9 8 -9 8 -9 9 -9 8 -9 8 -9 8 -10 8 -9 7 -10 8 -9 7 -9 7 -9 7 -9 7 -9 7 -9 7 -8 7 -8 7 -8 7 0 0 -8 7 -8 7 -8 7 -8 7 -8 8 -7 7 -7 7 -7 8 -7 8 -7 8 -7 8 -7 8 -7 9 -7 9 -7 9 -7 9 -6 9 -6 9 -6 10 -6 10 -6 10 -6 10 -6 10 -6 10 -6 10 -6 11 0 0 0 0 0 0 0 0 0 0]"
"1769235374178644,CSI_DATA,STATION,00:00:00:00:00:00,0,0,0,0,0,0,0,0,0,0,0,0,0,0,0,0,0,0,0,0,0,128,[84 -64 4 0 0 0 0 0 0 0 0 0 -13 2 -13 2 -13 2 -13 1 -13 1 -13 0 -13 0 -13 -1 -13 -1 -13 -1 -13 -1 -13 -1 -12 -2 -13 -2 -12 -2 -13 -1 -11 -2 -12 -2 -12 -2 -12 -2 -12 -2 -12 -2 -12 -1 -11 -2 -11 -2 -12 -1 0 0 -11 -1 -12 0 -10 -1 -11 0 -11 0 -11 0 -11 0 -11 0 -11 1 -11 1 -11 1 -11 1 -11 1 -11 2 -12 2 -11 2 -11 2 -12 2 -12 3 -12 3 -12 3 -12 3 -12 3 -12 3 -12 3 -12 3 0 0 0 0 0 0 0 0 0 0]"
"1769235374183127,CSI_DATA,STATION,00:00:00:00:00:00,0,0,0,0,0,0,0,0,0,0,0,0,0,0,0,0,0,0,0,0,0,128,[84 -64 4 0 0 0 0 0 0 0 0 0 -7 12 -7 12 -8 13 -8 12 -8 12 -9 11 -9 11 -9 12 -9 11 -10 10 -10 10 -10 10 -10 9 -10 9 -9 9 -10 9 -10 9 -10 9 -10 8 -10 8 -9 8 -9 9 -10 8 -10 9 -9 8 -9 8 0 0 -8 8 -8 8 -8 9 -8 9 -8 9 -7 8 -7 9 -7 10 -7 9 -7 9 -7 10 -7 10 -7 9 -7 10 -7 10 -6 10 -7 11 -6 11 -6 11 -6 11 -6 11 -6 12 -6 12 -6 12 -6 12 -6 12 0 0 0 0 0 0 0 0 0 0]"
"1769235374187608,CSI_DATA,STATION,00:00:00:00:00:00,0,0,0,0,0,0,0,0,0,0,0,0,0,0,0,0,0,0,0,0,0,128,[84 -64 4 0 0 0 0 0 0 0 0 0 -10 -10 -10 -10 -9 -10 -9 -10 -8 -11 -8 -11 -8 -11 -8 -11 -8 -11 -7 -12 -7 -11 -6 -12 -6 -11 -6 -11 -6 -11 -6 -11 -6 -11 -6 -11 -6 -11 -6 -11 -6 -11 -6 -11 -6 -10 -6 -11 -6 -10 -6 -10 0 0 -6 -10 -6 -9 -7 -9 -6 -9 -7 -9 -7 -9 -7 -9 -7 -9 -7 -9 -8 -9 -8 -8 -8 -9 -8 -8 -8 -9 -8 -8 -9 -8 -9 -8 -9 -8 -9 -8 -10 -8 -9 -8 -10 -8 -10 -8 -11 -8 -10 -8 -10 -8 0 0 0 0 0 0 0 0 0 0]"
"1769235374192164,CSI_DATA,STATION,00:00:00:00:00:00,0,0,0,0,0,0,0,0,0,0,0,0,0,0,0,0,0,0,0,0,0,128,[84 -64 4 0 0 0 0 0 0 0 0 0 -9 -10 -9 -10 -8 -11 -8 -11 -8 -11 -7 -12 -7 -12 -7 -12 -6 -12 -6 -12 -6 -12 -6 -12 -5 -12 -5 -12 -5 -12 -5 -12 -5 -11 -6 -11 -5 -11 -4 -11 -4 -11 -5 -11 -4 -10 -5 -11 -4 -11 -5 -10 0 0 -5 -10 -5 -10 -5 -10 -5 -10 -6 -10 -5 -10 -6 -10 -6 -10 -6 -9 -6 -9 -7 -9 -7 -9 -7 -9 -7 -10 -7 -9 -8 -9 -8 -9 -8 -9 -8 -9 -8 -10 -8 -9 -9 -9 -8 -9 -9 -9 -9 -9 -9 -9 0 0 0 0 0 0 0 0 0 0]"
"1769235374198864,CSI_DATA,STATION,00:00:00:00:00:00,0,0,0,0,0,0,0,0,0,0,0,0,0,0,0,0,0,0,0,0,0,128,[84 -64 4 0 0 0 0 0 0 0 0 0 -7 12 -9 12 -9 11 -9 11 -9 11 -10 11 -10 10 -10 10 -10 9 -10 10 -10 10 -10 9 -10 9 -11 8 -11 8 -10 9 -10 8 -10 8 -11 8 -10 8 -10 7 -10 7 -10 7 -10 8 -9 7 -9 8 0 0 -9 8 -8 8 -8 8 -8 8 -8 9 -8 8 -8 8 -8 8 -8 9 -8 9 -7 10 -7 9 -7 10 -7 10 -7 10 -7 11 -6 10 -7 11 -7 11 -6 11 -6 11 -6 11 -6 11 -5 12 -6 11 -6 12 0 0 0 0 0 0 0 0 0 0]"
"1769235374203311,CSI_DATA,STATION,00:00:00:00:00:00,0,0,0,0,0,0,0,0,0,0,0,0,0,0,0,0,0,0,0,0,0,128,[84 -64 4 0 0 0 0 0 0 0 0 0 10 -7 11 -7 11 -6 11 -6 11 -5 12 -5 12 -5 12 -4 12 -4 12 -4 12 -4 12 -3 12 -3 11 -3 12 -3 11 -3 11 -3 10 -2 11 -2 11 -2 10 -2 10 -2 10 -2 10 -2 10 -2 11 -3 0 0 10 -3 10 -2 10 -3 10 -3 10 -3 10 -3 9 -3 10 -4 9 -4 9 -5 9 -4 9 -5 9 -4 10 -4 9 -5 10 -5 9 -6 10 -6 10 -6 9 -6 10 -6 9 -6 9 -6 9 -7 10 -7 10 -7 0 0 0 0 0 0 0 0 0 0]"
"1769235374214210,CSI_DATA,STATION,00:00:00:00:00:00,0,0,0,0,0,0,0,0,0,0,0,0,0,0,0,0,0,0,0,0,0,128,[84 -64 4 0 0 0 0 0 0 0 0 0 1 -15 2 -15 2 -14 3 -15 3 -14 4 -15 5 -14 5 -14 5 -14 5 -14 5 -13 5 -13 5 -13 5 -13 5 -13 5 -12 6 -12 6 -12 6 -13 6 -12 5 -11 5 -11 5 -12 5 -12 4 -11 5 -12 0 0 4 -12 4 -11 4 -12 3 -11 4 -12 3 -12 3 -12 2 -12 3 -11 2 -11 2 -12 2 -12 2 -12 2 -13 1 -12 1 -13 1 -12 1 -13 1 -13 1 -13 1 -13 0 -13 0 -14 0 -14 0 -14 0 -14 0 0 0 0 0 0 0 0 0 0]"
"1769235374218647,CSI_DATA,STATION,00:00:00:00:00:00,0,0,0,0,0,0,0,0,0,0,0,0,0,0,0,0,0,0,0,0,0,128,[84 -64 4 0 0 0 0 0 0 0 0 0 1 14 0 14 -1 14 -1 15 -1 14 -2 15 -3 14 -3 14 -4 14 -3 13 -4 14 -4 13 -4 13 -4 13 -4 13 -4 12 -5 12 -5 12 -4 12 -4 12 -4 12 -4 12 -4 11 -4 12 -3 11 -3 11 0 0 -3 11 -3 11 -2 11 -3 11 -2 11 -2 11 -2 11 -2 11 -2 11 -1 11 -1 11 -1 12 -1 12 -1 12 0 12 0 12 0 12 1 12 0 12 1 12 1 12 1 12 1 13 2 12 2 12 2 13 0 0 0 0 0 0 0 0 0 0]"
"1769235374225357,CSI_DATA,STATION,00:00:00:00:00:00,0,0,0,0,0,0,0,0,0,0,0,0,0,0,0,0,0,0,0,0,0,128,[84 -64 4 0 0 0 0 0 0 0 0 0 9 10 8 10 8 10 7 10 7 11 6 11 7 11 6 11 6 11 5 12 5 11 4 11 5 11 4 11 4 11 4 12 4 10 4 11 4 10 4 11 4 10 4 10 3 10 4 11 4 10 4 10 0 0 4 9 4 10 4 9 5 9 5 9 5 9 5 9 5 9 5 8 6 9 6 8 6 9 6 9 6 8 7 9 7 8 7 8 7 8 8 8 7 8 7 8 7 8 8 9 8 8 8 8 8 7 0 0 0 0 0 0 0 0 0 0]"
"1769235374229859,CSI_DATA,STATION,00:00:00:00:00:00,0,0,0,0,0,0,0,0,0,0,0,0,0,0,0,0,0,0,0,0,0,128,[84 -64 4 0 0 0 0 0 0 0 0 0 3 -13 4 -14 4 -13 4 -13 5 -13 5 -13 6 -12 6 -12 6 -12 6 -12 6 -12 6 -11 6 -11 6 -11 7 -11 7 -10 7 -10 7 -10 7 -10 7 -10 7 -10 6 -10 6 -10 6 -10 5 -10 5 -10 0 0 6 -10 5 -9 5 -10 5 -10 5 -10 5 -10 5 -10 5 -10 4 -10 4 -10 4 -11 4 -11 3 -11 4 -11 3 -11 4 -11 3 -11 3 -12 3 -12 3 -12 3 -12 3 -12 2 -12 2 -12 2 -13 2 -13 0 0 0 0 0 0 0 0 0 0]"
"1769235374234377,CSI_DATA,STATION,00:00:00:00:00:00,0,0,0,0,0,0,0,0,0,0,0,0,0,0,0,0,0,0,0,0,0,128,[84 -64 4 0 0 0 0 0 0 0 0 0 -9 11 -9 11 -9 10 -9 10 -9 9 -10 9 -10 9 -11 9 -11 8 -11 8 -11 8 -11 7 -10 7 -11 7 -11 6 -11 7 -11 7 -11 6 -10 6 -11 6 -10 6 -11 6 -10 6 -10 6 -10 6 -9 6 0 0 -10 6 -9 6 -9 6 -9 6 -9 6 -9 6 -9 6 -9 7 -9 7 -9 7 -8 8 -8 7 -8 8 -8 8 -8 8 -8 8 -8 8 -8 8 -8 9 -8 9 -8 9 -8 9 -8 9 -7 9 -8 10 -8 10 0 0 0 0 0 0 0 0 0 0]"
"1769235374240792,CSI_DATA,STATION,00:00:00:00:00:00,0,0,0,0,0,0,0,0,0,0,0,0,0,0,0,0,0,0,0,0,0,128,[84 -64 4 0 0 0 0 0 0 0 0 0 6 11 6 11 5 12 5 11 5 12 4 12 4 12 3 13 3 13 3 13 3 12 2 12 2 12 2 12 2 12 2 12 2 11 2 11 1 11 2 12 1 11 1 11 1 11 2 11 2 11 2 11 0 0 2 11 2 10 3 10 2 10 3 10 3 10 3 10 3 10 3 10 4 10 5 9 4 10 5 10 5 10 4 10 5 10 5 9 5 9 6 9 6 9 6 9 6 10 6 9 7 9 7 9 7 10 0 0 0 0 0 0 0 0 0 0]"
"1769235374245033,CSI_DATA,STATION,00:00:00:00:00:00,0,0,0,0,0,0,0,0,0,0,0,0,0,0,0,0,0,0,0,0,0,128,[84 -64 4 0 0 0 0 0 0 0 0 0 -10 9 -10 9 -11 9 -11 8 -11 8 -12 8 -12 8 -12 7 -12 7 -12 6 -12 6 -11 6 -11 5 -12 5 -12 5 -12 6 -11 5 -11 5 -11 5 -11 5 -11 5 -11 5 -11 5 -10 5 -11 5 -11 5 0 0 -10 5 -10 5 -10 5 -10 5 -10 6 -10 5 -10 6 -9 6 -9 6 -9 6 -9 7 -9 7 -9 7 -9 7 -9 8 -9 8 -8 8 -9 8 -8 8 -9 9 -9 9 -9 9 -8 9 -8 9 -8 9 -8 9 0 0 0 0 0 0 0 0 0 0]"
"1769235374249426,CSI_DATA,STATION,00:00:00:00:00:00,0,0,0,0,0,0,0,0,0,0,0,0,0,0,0,0,0,0,0,0,0,128,[84 -64 4 0 0 0 0 0 0 0 0 0 -13 -4 -13 -5 -13 -6 -13 -6 -12 -6 -12 -7 -12 -8 -12 -8 -11 -8 -11 -8 -11 -8 -11 -8 -11 -9 -11 -8 -10 -9 -10 -8 -11 -9 -10 -8 -10 -9 -9 -9 -9 -8 -9 -8 -10 -8 -10 -8 -9 -7 -10 -7 0 0 -10 -7 -9 -7 -10 -6 -9 -6 -10 -6 -9 -6 -10 -6 -10 -6 -10 -6 -11 -5 -11 -5 -11 -5 -11 -5 -11 -5 -11 -4 -11 -4 -11 -5 -12 -5 -12 -4 -12 -4 -12 -4 -12 -4 -12 -4 -13 -4 -12 -4 -13 -3 0 0 0 0 0 0 0 0 0 0]"
"1769235374255939,CSI_DATA,STATION,00:00:00:00:00:00,0,0,0,0,0,0,0,0,0,0,0,0,0,0,0,0,0,0,0,0,0,128,[84 -64 4 0 0 0 0 0 0 0 0 0 -14 2 -14 1 -14 0 -14 0 -14 -1 -14 -1 -14 -1 -14 -1 -14 -2 -14 -2 -14 -2 -13 -2 -13 -3 -13 -3 -13 -3 -13 -3 -13 -3 -12 -4 -13 -4 -12 -4 -12 -3 -12 -3 -12 -3 -12 -3 -12 -3 -12 -2 0 0 -11 -2 -12 -2 -12 -2 -11 -2 -12 -2 -11 -2 -11 -1 -12 -1 -11 -1 -12 0 -12 0 -12 0 -12 0 -12 0 -12 0 -12 1 -12 0 -13 1 -13 1 -12 1 -12 2 -12 2 -13 1 -13 1 -13 2 -13 2 0 0 0 0 0 0 0 0 0 0]"
"1769235374260302,CSI_DATA,STATION,00:00:00:00:00:00,0,0,0,0,0,0,0,0,0,0,0,0,0,0,0,0,0,0,0,0,0,128,[84 -64 4 0 0 0 0 0 0 0 0 0 -11 5 -12 5 -12 4 -12 4 -12 4 -12 3 -12 3 -12 2 -12 2 -13 2 -12 2 -12 2 -12 1 -11 2 -12 1 -12 1 -11 1 -11 1 -11 1 -11 1 -11 1 -11 1 -11 1 -11 1 -11 1 -11 2 0 0 -11 2 -10 2 -10 2 -10 2 -10 2 -10 2 -10 2 -10 3 -10 3 -10 3 -10 4 -10 4 -10 4 -10 4 -10 4 -10 5 -9 5 -10 5 -10 5 -10 5 -10 5 -10 6 -10 6 -9 6 -10 6 -10 6 0 0 0 0 0 0 0 0 0 0]"
"1769235374266833,CSI_DATA,STATION,00:00:00:00:00:00,0,0,0,0,0,0,0,0,0,0,0,0,0,0,0,0,0,0,0,0,0,128,[84 -64 4 0 0 0 0 0 0 0 0 0 15 -1 14 0 15 1 14 1 15 2 15 2 15 3 15 3 15 3 14 4 14 4 13 4 13 5 13 5 13 4 13 5 12 5 13 5 12 5 12 5 12 5 12 4 12 5 11 5 11 4 12 3 0 0 12 4 11 4 11 3 12 3 11 3 11 3 11 3 11 3 12 2 12 2 12 2 12 2 12 2 12 2 12 1 12 1 13 1 13 0 12 1 13 0 13 0 13 0 13 0 13 0 13 0 13 0 0 0 0 0 0 0 0 0 0 0]"
"1769235374271202,CSI_DATA,STATION,00:00:00:00:00:00,0,0,0,0,0,0,0,0,0,0,0,0,0,0,0,0,0,0,0,0,0,128,[84 -64 4 0 0 0 0 0 0 0 0 0 -2 -15 -2 -16 -1 -16 -1 -16 0 -16 0 -16 1 -16 0 -16 1 -16 2 -16 2 -15 2 -15 3 -15 2 -14 3 -15 2 -14 3 -14 3 -13 3 -14 2 -14 3 -13 2 -13 3 -13 3 -13 2 -13 1 -13 0 0 1 -13 1 -12 1 -13 1 -13 1 -13 0 -13 0 -13 -1 -13 0 -13 -1 -13 -1 -13 0 -13 -1 -13 -1 -13 -2 -13 -2 -13 -2 -13 -3 -14 -3 -14 -3 -14 -3 -13 -4 -13 -3 -14 -4 -14 -4 -14 -4 -13 0 0 0 0 0 0 0 0 0 0]"
"1769235374275556,CSI_DATA,STATION,00:00:00:00:00:00,0,0,0,0,0,0,0,0,0,0,0,0,0,0,0,0,0,0,0,0,0,128,[84 -64 4 0 0 0 0 0 0 0 0 0 -10 12 -10 12 -10 10 -11 11 -11 10 -12 10 -11 9 -12 9 -12 8 -12 9 -12 9 -12 9 -12 8 -12 8 -12 7 -12 8 -12 8 -11 7 -12 7 -12 7 -12 7 -12 6 -11 7 -11 7 -10 7 -11 7 0 0 -11 7 -10 7 -10 7 -10 7 -10 7 -10 7 -10 7 -9 7 -9 8 -9 8 -8 9 -9 9 -8 9 -9 9 -9 9 -9 9 -8 9 -8 9 -8 10 -8 10 -8 10 -8 10 -7 10 -7 11 -7 11 -7 11 0 0 0 0 0 0 0 0 0 0]"
"1769235374282036,CSI_DATA,STATION,00:00:00:00:00:00,0,0,0,0,0,0,0,0,0,0,0,0,0,0,0,0,0,0,0,0,0,128,[84 -64 4 0 0 0 0 0 0 0 0 0 -2 -15 -1 -16 -1 -16 0 -15 0 -15 1 -16 1 -15 2 -16 2 -15 2 -15 3 -14 3 -14 3 -14 3 -14 3 -14 3 -14 4 -13 3 -13 4 -14 3 -13 3 -13 3 -13 3 -12 3 -13 3 -12 2 -13 0 0 2 -13 2 -12 2 -12 1 -12 2 -12 1 -12 1 -12 1 -12 1 -12 0 -12 0 -12 0 -12 0 -12 -1 -13 -1 -13 -1 -13 -1 -13 -1 -13 -1 -13 -2 -13 -2 -13 -2 -13 -2 -14 -2 -13 -2 -13 -2 -13 0 0 0 0 0 0 0 0 0 0]"
"1769235374286364,CSI_DATA,STATION,00:00:00:00:00:00,0,0,0,0,0,0,0,0,0,0,0,0,0,0,0,0,0,0,0,0,0,128,[84 -64 4 0 0 0 0 0 0 0 0 0 15 1 14 2 14 3 13 3 14 3 14 4 14 4 13 5 13 4 13 5 13 5 13 5 12 5 12 6 12 5 12 5 12 5 11 5 11 6 11 6 11 5 11 5 11 5 11 5 11 5 11 4 0 0 11 4 10 4 11 4 11 3 11 3 11 3 11 3 11 3 11 2 10 2 11 2 11 2 11 2 11 2 12 0 12 1 11 0 12 0 12 0 12 0 12 0 12 -1 12 0 12 -1 12 -1 12 -1 0 0 0 0 0 0 0 0 0 0]"
"1769235374290671,CSI_DATA,STATION,00:00:00:00:00:00,0,0,0,0,0,0,0,0,0,0,0,0,0,0,0,0,0,0,0,0,0,128,[84 -64 4 0 0 0 0 0 0 0 0 0 -12 9 -12 7 -12 8 -13 8 -13 7 -14 6 -13 6 -14 6 -13 5 -14 5 -14 5 -13 5 -14 4 -14 4 -13 4 -13 4 -14 4 -13 4 -13 3 -13 4 -12 4 -12 3 -12 4 -12 4 -11 4 -12 4 0 0 -11 4 -11 4 -11 5 -11 5 -11 5 -10 4 -10 5 -10 5 -10 5 -10 6 -10 6 -10 6 -10 6 -10 7 -10 7 -10 7 -9 7 -10 7 -10 8 -9 8 -9 8 -9 8 -10 8 -9 9 -9 9 -9 9 0 0 0 0 0 0 0 0 0 0]"
"1769235374297224,CSI_DATA,STATION,00:00:00:00:00:00,0,0,0,0,0,0,0,0,0,0,0,0,0,0,0,0,0,0,0,0,0,128,[84 -64 4 0 0 0 0 0 0 0 0 0 14 2 14 3 13 3 14 4 13 4 13 5 13 5 13 5 13 5 12 6 13 6 12 6 12 6 11 6 11 6 11 6 11 7 11 6 11 7 11 6 10 6 10 6 10 5 10 6 10 5 10 5 0 0 10 4 10 4 10 4 10 4 11 4 10 4 10 3 11 3 11 3 10 2 11 2 11 3 11 2 11 2 11 2 11 1 11 1 12 1 12 1 11 1 12 0 12 0 12 0 12 0 12 0 13 -1 0 0 0 0 0 0 0 0 0 0]"
"1769235374301543,CSI_DATA,STATION,00:00:00:00:00:00,0,0,0,0,0,0,0,0,0,0,0,0,0,0,0,0,0,0,0,0,0,128,[84 -64 4 0 0 0 0 0 0 0 0 0 -7 12 -8 12 -8 11 -8 11 -9 11 -9 11 -10 10 -10 10 -10 10 -11 10 -11 10 -11 9 -11 9 -11 9 -10 8 -10 8 -10 8 -10 8 -10 8 -10 8 -9 8 -9 7 -10 8 -10 8 -9 7 -9 8 0 0 -9 8 -8 8 -8 8 -8 8 -8 8 -7 8 -7 9 -7 9 -7 9 -7 9 -7 9 -7 9 -7 10 -6 10 -6 9 -6 10 -5 11 -6 10 -6 11 -6 10 -5 11 -5 11 -5 11 -5 11 -5 11 -5 11 0 0 0 0 0 0 0 0 0 0]"
"1769235374305885,CSI_DATA,STATION,00:00:00:00:00:00,0,0,0,0,0,0,0,0,0,0,0,0,0,0,0,0,0,0,0,0,0,128,[84 -64 4 0 0 0 0 0 0 0 0 0 -10 10 -10 10 -11 10 -11 10 -11 9 -12 8 -12 8 -12 8 -12 7 -12 7 -12 7 -12 7 -12 6 -12 6 -12 6 -12 6 -12 6 -12 6 -12 5 -12 5 -11 5 -11 5 -11 5 -11 5 -11 5 -11 5 0 0 -11 5 -10 5 -10 6 -10 5 -10 6 -10 6 -10 6 -10 6 -9 7 -10 7 -9 7 -9 7 -9 7 -9 8 -9 7 -9 8 -9 8 -9 8 -9 9 -9 8 -9 9 -9 9 -9 8 -9 9 -9 9 -9 10 0 0 0 0 0 0 0 0 0 0]"
"1769235374312380,CSI_DATA,STATION,00:00:00:00:00:00,0,0,0,0,0,0,0,0,0,0,0,0,0,0,0,0,0,0,0,0,0,128,[84 -64 4 0 0 0 0 0 0 0 0 0 -13 7 -13 7 -13 6 -14 6 -13 5 -14 5 -14 5 -14 4 -14 4 -14 3 -14 3 -14 3 -13 2 -13 2 -14 2 -14 3 -13 2 -13 2 -13 2 -13 2 -13 2 -12 2 -12 2 -12 2 -12 2 -12 2 0 0 -12 3 -11 2 -11 3 -11 3 -11 3 -11 3 -11 4 -11 4 -11 5 -11 4 -11 5 -11 4 -11 5 -11 5 -11 5 -11 6 -10 6 -11 6 -11 7 -11 7 -11 7 -11 7 -11 7 -11 7 -11 8 -11 8 0 0 0 0 0 0 0 0 0 0]"
"1769235374316738,CSI_DATA,STATION,00:00:00:00:00:00,0,0,0,0,0,0,0,0,0,0,0,0,0,0,0,0,0,0,0,0,0,128,[84 -64 4 0 0 0 0 0 0 0 0 0 5 -14 5 -14 6 -14 6 -13 6 -13 7 -13 7 -13 7 -12 8 -12 8 -12 8 -12 8 -12 8 -11 8 -11 8 -11 8 -11 9 -10 8 -10 8 -10 8 -10 8 -10 8 -10 8 -10 7 -10 7 -10 7 -10 0 0 7 -10 6 -10 6 -10 6 -10 6 -10 6 -10 5 -10 5 -10 5 -11 5 -11 4 -11 5 -11 4 -11 5 -11 4 -12 4 -12 4 -12 4 -12 4 -12 3 -12 4 -12 3 -12 3 -13 3 -13 3 -13 3 -13 0 0 0 0 0 0 0 0 0 0]"
"1769235374323217,CSI_DATA,STATION,00:00:00:00:00:00,0,0,0,0,0,0,0,0,0,0,0,0,0,0,0,0,0,0,0,0,0,128,[84 -64 4 0 0 0 0 0 0 0 0 0 -8 -13 -8 -13 -7 -13 -7 -14 -6 -14 -6 -14 -6 -13 -5 -14 -5 -14 -5 -14 -4 -14 -4 -14 -4 -13 -4 -14 -4 -14 -3 -13 -3 -13 -2 -12 -3 -13 -3 -13 -3 -13 -3 -12 -3 -12 -3 -13 -3 -12 -3 -12 0 0 -4 -12 -3 -11 -3 -12 -4 -12 -4 -12 -4 -11 -4 -11 -5 -11 -5 -11 -5 -11 -6 -11 -6 -11 -6 -11 -6 -11 -6 -11 -6 -11 -6 -11 -7 -11 -7 -11 -7 -11 -7 -11 -7 -11 -7 -11 -8 -11 -8 -11 -8 -11 0 0 0 0 0 0 0 0 0 0]"
"1769235374327532,CSI_DATA,STATION,00:00:00:00:00:00,0,0,0,0,0,0,0,0,0,0,0,0,0,0,0,0,0,0,0,0,0,128,[84 -64 4 0 0 0 0 0 0 0 0 0 3 -14 4 -15 4 -14 5 -14 5 -15 5 -14 6 -13 6 -14 6 -13 7 -13 6 -13 7 -13 7 -12 7 -12 7 -12 7 -12 7 -11 7 -12 7 -11 6 -11 6 -12 6 -11 6 -11 6 -11 5 -11 5 -11 0 0 5 -11 4 -11 4 -11 4 -11 5 -11 4 -11 3 -11 3 -12 3 -11 3 -11 3 -12 3 -12 2 -12 2 -12 2 -12 2 -13 1 -12 1 -13 1 -13 1 -13 1 -13 1 -13 1 -13 0 -13 0 -14 0 -14 0 0 0 0 0 0 0 0 0 0]"
"1769235374331986,CSI_DATA,STATION,00:00:00:00:00:00,0,0,0,0,0,0,0,0,0,0,0,0,0,0,0,0,0,0,0,0,0,128,[84 -64 4 0 0 0 0 0 0 0 0 0 9 -12 9 -12 9 -12 10 -11 10 -11 11 -10 11 -10 11 -10 11 -9 11 -9 11 -9 11 -9 11 -8 11 -8 11 -8 11 -8 11 -8 11 -8 11 -7 11 -7 10 -7 10 -8 10 -7 10 -7 9 -7 10 -8 0 0 9 -8 9 -8 9 -8 8 -8 9 -8 8 -8 8 -8 8 -9 8 -9 8 -9 7 -9 8 -9 7 -10 7 -10 7 -10 7 -11 7 -11 7 -11 7 -11 7 -11 6 -11 6 -11 6 -11 6 -11 6 -12 6 -12 0 0 0 0 0 0 0 0 0 0]"
"1769235374338589,CSI_DATA,STATION,00:00:00:00:00:00,0,0,0,0,0,0,0,0,0,0,0,0,0,0,0,0,0,0,0,0,0,128,[84 -64 4 0 0 0 0 0 0 0 0 0 12 -6 12 -5 12 -4 12 -4 13 -4 13 -4 12 -3 12 -2 13 -3 13 -2 12 -2 12 -2 12 -1 12 -1 12 -1 12 -1 12 -1 11 -1 11 -1 12 -1 11 -1 11 -1 11 -1 11 -1 11 -1 10 -2 0 0 10 -1 10 -1 10 -2 11 -2 10 -2 10 -2 10 -2 9 -3 10 -3 10 -3 10 -4 10 -4 10 -4 10 -4 10 -4 10 -5 10 -5 10 -5 10 -5 10 -5 10 -5 10 -5 11 -5 10 -6 10 -6 10 -6 0 0 0 0 0 0 0 0 0 0]"
"1769235374342864,CSI_DATA,STATION,00:00:00:00:00:00,0,0,0,0,0,0,0,0,0,0,0,0,0,0,0,0,0,0,0,0,0,128,[84 -64 4 0 0 0 0 0 0 0 0 0 -4 12 -5 12 -5 12 -6 12 -6 12 -7 12 -7 12 -7 12 -7 11 -8 11 -8 11 -8 11 -8 10 -8 10 -8 10 -7 10 -8 10 -8 10 -7 10 -7 9 -7 9 -7 9 -7 9 -7 9 -6 9 -6 9 0 0 -6 9 -5 9 -5 9 -5 9 -5 10 -5 9 -4 9 -5 9 -5 10 -4 10 -4 10 -4 10 -4 10 -3 10 -4 10 -3 11 -3 10 -3 11 -2 11 -2 11 -2 11 -2 11 -2 11 -2 11 -2 11 -2 12 0 0 0 0 0 0 0 0 0 0]"
"1769235374349248,CSI_DATA,STATION,00:00:00:00:00:00,0,0,0,0,0,0,0,0,0,0,0,0,0,0,0,0,0,0,0,0,0,128,[84 -64 4 0 0 0 0 0 0 0 0 0 -12 -8 -12 -8 -12 -9 -12 -9 -11 -10 -11 -10 -11 -9 -10 -10 -10 -10 -10 -11 -10 -10 -9 -10 -9 -10 -9 -11 -8 -11 -8 -10 -8 -10 -8 -10 -8 -10 -7 -10 -8 -10 -7 -10 -8 -10 -8 -10 -8 -9 -8 -9 0 0 -8 -9 -8 -9 -8 -9 -8 -8 -8 -8 -8 -8 -8 -8 -9 -8 -9 -8 -9 -8 -9 -7 -10 -7 -9 -7 -9 -7 -9 -7 -9 -7 -10 -7 -10 -7 -10 -7 -11 -7 -11 -7 -11 -7 -11 -7 -11 -7 -11 -6 -11 -6 0 0 0 0 0 0 0 0 0 0]"
"1769235374353492,CSI_DATA,STATION,00:00:00:00:00:00,0,0,0,0,0,0,0,0,0,0,0,0,0,0,0,0,0,0,0,0,0,128,[84 -64 4 0 0 0 0 0 0 0 0 0 -13 6 -13 5 -13 4 -14 5 -13 4 -14 4 -14 3 -14 3 -14 3 -14 2 -14 2 -14 2 -13 2 -13 2 -14 1 -13 1 -13 1 -13 1 -13 1 -13 1 -12 1 -12 1 -12 1 -12 1 -12 1 -12 2 0 0 -11 2 -11 2 -11 2 -11 2 -11 3 -11 2 -11 3 -11 3 -11 4 -11 4 -11 4 -11 4 -11 4 -11 5 -11 4 -11 5 -10 5 -11 6 -11 6 -11 6 -11 6 -10 6 -10 6 -10 7 -10 7 -10 7 0 0 0 0 0 0 0 0 0 0]"
"1769235374357731,CSI_DATA,STATION,00:00:00:00:00:00,0,0,0,0,0,0,0,0,0,0,0,0,0,0,0,0,0,0,0,0,0,128,[84 -64 4 0 0 0 0 0 0 0 0 0 -1 14 -2 13 -2 14 -3 13 -3 14 -3 14 -4 13 -5 13 -4 13 -5 13 -5 13 -5 12 -5 12 -5 12 -5 12 -5 11 -6 11 -6 11 -5 11 -5 11 -5 11 -5 10 -5 11 -5 11 -4 11 -4 11 0 0 -4 10 -3 10 -3 11 -4 11 -3 10 -3 10 -3 11 -3 10 -2 10 -2 10 -1 10 -2 11 -1 11 -2 11 -1 11 -1 11 0 11 0 11 0 11 0 11 0 11 0 12 0 11 1 12 1 11 1 12 0 0 0 0 0 0 0 0 0 0]"
"1769235374364305,CSI_DATA,STATION,00:00:00:00:00:00,0,0,0,0,0,0,0,0,0,0,0,0,0,0,0,0,0,0,0,0,0,128,[84 -64 4 0 0 0 0 0 0 0 0 0 14 -2 13 -1 14 -1 14 0 14 1 14 1 13 1 14 2 13 2 14 2 13 3 13 2 13 3 13 3 13 3 12 3 12 3 12 3 12 3 12 3 11 3 11 3 11 3 11 3 11 3 11 2 0 0 11 2 11 2 11 2 11 1 11 2 11 1 11 1 11 0 11 0 11 0 10 0 11 0 11 0 11 0 11 -1 11 -1 11 -1 11 -2 11 -2 11 -2 11 -2 11 -2 11 -2 12 -2 12 -2 12 -3 0 0 0 0 0 0 0 0 0 0]"
"1769235374368764,CSI_DATA,STATION,00:00:00:00:00:00,0,0,0,0,0,0,0,0,0,0,0,0,0,0,0,0,0,0,0,0,0,128,[84 -64 4 0 0 0 0 0 0 0 0 0 14 0 14 0 14 1 14 1 13 2 14 3 14 3 13 3 13 3 13 4 13 4 12 4 12 4 12 4 12 4 12 4 11 5 11 4 11 5 11 5 11 4 11 5 11 4 11 4 11 4 11 3 0 0 10 3 10 3 10 3 11 3 10 3 10 2 10 2 10 2 11 1 10 1 10 1 10 1 11 1 11 1 11 1 11 0 11 0 11 -1 11 -1 11 -1 12 -1 12 0 11 -1 11 -1 12 -2 11 -2 0 0 0 0 0 0 0 0 0 0]"
"1769235374375340,CSI_DATA,STATION,00:00:00:00:00:00,0,0,0,0,0,0,0,0,0,0,0,0,0,0,0,0,0,0,0,0,0,128,[84 -64 4 0 0 0 0 0 0 0 0 0 -6 -14 -6 -14 -6 -14 -5 -14 -4 -14 -4 -14 -3 -14 -3 -15 -3 -15 -3 -15 -2 -14 -2 -14 -1 -14 -1 -14 -1 -14 -1 -14 -1 -13 -1 -13 -1 -13 -1 -13 -1 -13 -1 -13 -1 -13 -1 -13 -1 -12 -1 -12 0 0 -1 -12 -2 -12 -2 -12 -2 -12 -2 -12 -2 -12 -3 -11 -3 -12 -3 -11 -3 -11 -4 -11 -4 -12 -4 -11 -4 -11 -4 -11 -4 -11 -5 -12 -5 -12 -5 -11 -5 -12 -5 -11 -6 -11 -6 -12 -6 -11 -6 -12 -6 -11 0 0 0 0 0 0 0 0 0 0]"
"1769235374386387,CSI_DATA,STATION,00:00:00:00:00:00,0,0,0,0,0,0,0,0,0,0,0,0,0,0,0,0,0,0,0,0,0,128,[84 -64 4 0 0 0 0 0 0 0 0 0 11 11 10 12 9 12 9 12 9 12 8 13 8 13 8 13 8 13 7 14 7 13 6 13 6 13 6 13 5 13 6 13 5 12 5 12 5 12 5 12 5 12 5 12 5 12 5 12 5 11 5 11 0 0 5 10 5 11 5 10 5 10 6 10 6 10 6 10 7 10 7 9 7 9 7 9 7 9 7 9 7 9 7 9 8 9 9 8 9 8 9 8 9 8 9 8 9 8 9 8 10 7 10 8 10 8 0 0 0 0 0 0 0 0 0 0]"
"1769235374390837,CSI_DATA,STATION,00:00:00:00:00:00,0,0,0,0,0,0,0,0,0,0,0,0,0,0,0,0,0,0,0,0,0,128,[84 -64 4 0 0 0 0 0 0 0 0 0 11 8 11 8 10 9 10 9 9 9 10 10 9 9 9 10 9 10 8 11 8 10 8 10 8 10 7 10 7 11 7 10 7 10 7 10 7 10 6 10 6 10 6 10 6 9 7 10 6 9 7 9 0 0 7 8 6 8 7 8 6 8 7 8 7 7 7 7 8 7 7 7 8 7 8 6 8 7 9 7 9 6 8 6 9 6 9 6 9 6 9 5 9 5 9 5 9 5 10 5 10 5 10 5 10 5 0 0 0 0 0 0 0 0 0 0]"
"1769235374397505,CSI_DATA,STATION,00:00:00:00:00:00,0,0,0,0,0,0,0,0,0,0,0,0,0,0,0,0,0,0,0,0,0,128,[84 -64 4 0 0 0 0 0 0 0 0 0 -12 6 -12 5 -12 5 -12 5 -12 4 -13 4 -12 3 -13 3 -13 2 -13 2 -13 2 -12 2 -12 2 -12 2 -12 1 -12 2 -12 2 -11 1 -12 1 -11 1 -11 1 -11 1 -11 1 -11 1 -10 1 -11 2 0 0 -10 2 -10 2 -10 2 -10 2 -10 2 -10 2 -9 2 -10 2 -10 3 -10 3 -10 4 -9 3 -9 3 -9 4 -9 4 -10 4 -9 4 -10 5 -9 5 -9 5 -9 5 -9 5 -9 5 -9 6 -9 6 -9 6 0 0 0 0 0 0 0 0 0 0]"
"1769235374401940,CSI_DATA,STATION,00:00:00:00:00:00,0,0,0,0,0,0,0,0,0,0,0,0,0,0,0,0,0,0,0,0,0,128,[84 -64 4 0 0 0 0 0 0 0 0 0 -11 -9 -11 -10 -10 -10 -11 -10 -10 -11 -10 -11 -9 -11 -9 -11 -9 -11 -8 -12 -8 -11 -8 -11 -8 -11 -8 -11 -7 -12 -6 -11 -7 -12 -7 -11 -7 -11 -6 -11 -7 -11 -6 -11 -6 -10 -7 -10 -6 -10 -7 -10 0 0 -7 -10 -6 -9 -7 -10 -7 -9 -7 -9 -7 -9 -7 -9 -8 -9 -7 -8 -8 -8 -8 -8 -8 -8 -8 -8 -9 -8 -8 -7 -9 -8 -9 -8 -9 -8 -9 -7 -10 -7 -10 -7 -10 -7 -9 -7 -11 -7 -10 -7 -11 -7 0 0 0 0 0 0 0 0 0 0]"
"1769235374408640,CSI_DATA,STATION,00:00:00:00:00:00,0,0,0,0,0,0,0,0,0,0,0,0,0,0,0,0,0,0,0,0,0,128,[84 -64 4 0 0 0 0 0 0 0 0 0 -14 -4 -14 -6 -13 -6 -13 -6 -13 -6 -13 -7 -12 -7 -12 -8 -12 -7 -11 -8 -12 -8 -11 -8 -11 -9 -11 -8 -11 -8 -10 -8 -10 -9 -10 -8 -10 -8 -9 -9 -10 -8 -9 -8 -9 -8 -10 -8 -9 -7 -10 -7 0 0 -9 -7 -9 -6 -10 -6 -9 -6 -10 -6 -9 -6 -9 -6 -10 -6 -10 -5 -10 -5 -10 -5 -10 -5 -10 -4 -10 -5 -10 -4 -11 -4 -11 -4 -11 -4 -11 -4 -11 -4 -11 -4 -11 -4 -11 -4 -12 -3 -12 -3 -12 -3 0 0 0 0 0 0 0 0 0 0]"
"1769235374413012,CSI_DATA,STATION,00:00:00:00:00:00,0,0,0,0,0,0,0,0,0,0,0,0,0,0,0,0,0,0,0,0,0,128,[84 -64 4 0 0 0 0 0 0 0 0 0 -10 11 -10 11 -10 10 -11 11 -11 11 -12 10 -11 10 -12 9 -12 9 -13 9 -12 8 -12 7 -12 7 -12 7 -12 7 -12 7 -11 7 -12 7 -12 6 -11 6 -11 6 -11 6 -11 6 -11 6 -10 6 -10 7 0 0 -10 7 -10 7 -9 7 -10 7 -9 7 -9 7 -9 7 -9 7 -9 8 -9 8 -8 8 -8 8 -8 8 -8 8 -9 9 -8 9 -8 9 -8 9 -8 10 -7 10 -7 10 -7 10 -7 10 -7 10 -7 11 -7 11 0 0 0 0 0 0 0 0 0 0]"
"1769235374417383,CSI_DATA,STATION,00:00:00:00:00:00,0,0,0,0,0,0,0,0,0,0,0,0,0,0,0,0,0,0,0,0,0,128,[84 -64 4 0 0 0 0 0 0 0 0 0 11 -9 12 -9 12 -8 12 -8 13 -8 13 -7 13 -6 13 -6 13 -6 13 -5 12 -6 13 -5 12 -5 13 -5 13 -5 12 -5 12 -5 12 -5 11 -4 12 -4 11 -4 11 -5 12 -5 11 -5 11 -5 11 -5 0 0 10 -6 10 -5 10 -6 9 -5 10 -6 10 -6 9 -6 9 -6 9 -7 9 -7 9 -7 9 -7 8 -7 9 -8 8 -8 8 -9 8 -9 8 -9 8 -9 8 -9 8 -9 8 -9 8 -9 7 -10 8 -10 8 -11 0 0 0 0 0 0 0 0 0 0]"
"1769235374424062,CSI_DATA,STATION,00:00:00:00:00:00,0,0,0,0,0,0,0,0,0,0,0,0,0,0,0,0,0,0,0,0,0,128,[84 -64 4 0 0 0 0 0 0 0 0 0 -3 -14 -3 -13 -3 -14 -2 -13 -2 -14 -1 -14 -1 -13 -1 -14 0 -14 0 -14 0 -13 0 -13 1 -13 1 -13 1 -13 1 -13 1 -12 1 -12 1 -12 1 -12 1 -12 1 -12 1 -12 1 -11 0 -12 0 -11 0 0 0 -11 0 -11 0 -11 0 -11 -1 -11 -1 -11 -1 -11 -1 -11 -1 -11 -2 -11 -2 -10 -2 -10 -2 -10 -2 -11 -2 -11 -3 -11 -3 -11 -3 -11 -3 -11 -3 -11 -3 -11 -3 -11 -4 -12 -4 -12 -4 -11 -4 -11 0 0 0 0 0 0 0 0 0 0]"
"1769235374428493,CSI_DATA,STATION,00:00:00:00:00:00,0,0,0,0,0,0,0,0,0,0,0,0,0,0,0,0,0,0,0,0,0,128,[84 -64 4 0 0 0 0 0 0 0 0 0 0 14 0 13 -1 14 -1 14 -2 14 -2 14 -3 13 -3 13 -3 13 -4 14 -4 13 -4 13 -4 12 -4 12 -4 12 -5 12 -5 12 -5 11 -4 12 -5 11 -4 11 -4 11 -4 11 -4 11 -4 11 -4 11 0 0 -4 10 -3 10 -3 11 -3 11 -3 11 -3 11 -2 10 -2 11 -2 10 -2 11 -2 11 -1 11 -1 11 -1 11 -1 11 -1 11 -1 11 0 11 0 12 0 11 0 12 0 12 0 12 0 12 0 12 1 12 0 0 0 0 0 0 0 0 0 0]"
"1769235374433018,CSI_DATA,STATION,00:00:00:00:00:00,0,0,0,0,0,0,0,0,0,0,0,0,0,0,0,0,0,0,0,0,0,128,[84 -64 4 0 0 0 0 0 0 0 0 0 2 12 2 12 1 12 1 12 1 12 1 12 0 12 0 12 -1 12 -1 12 -1 12 -1 11 -1 11 -1 11 -2 11 -1 11 -2 11 -2 10 -2 11 -2 11 -2 11 -2 10 -2 10 -1 10 -1 10 -1 10 0 0 -1 9 -1 10 -1 10 -1 10 -1 10 0 10 0 10 0 9 0 9 0 9 1 9 1 10 1 10 1 10 1 10 1 10 2 10 1 10 2 10 2 10 3 10 2 11 3 10 3 10 3 10 3 10 0 0 0 0 0 0 0 0 0 0]"
"1769235374437387,CSI_DATA,STATION,00:00:00:00:00:00,0,0,0,0,0,0,0,0,0,0,0,0,0,0,0,0,0,0,0,0,0,128,[84 -64 4 0 0 0 0 0 0 0 0 0 2 13 2 14 1 14 0 14 0 13 0 14 -1 13 -1 13 -1 13 -1 13 -1 14 -1 13 -2 13 -2 13 -2 13 -2 12 -2 12 -3 11 -2 12 -3 12 -3 12 -2 11 -2 11 -2 11 -2 11 -1 11 0 0 -1 11 0 11 0 11 -1 11 -1 11 0 11 0 11 0 10 0 11 0 11 1 10 1 11 2 11 2 11 1 11 2 12 2 10 2 12 3 11 3 11 3 11 3 11 3 11 4 11 4 12 4 12 0 0 0 0 0 0 0 0 0 0]"
"1769235374443756,CSI_DATA,STATION,00:00:00:00:00:00,0,0,0,0,0,0,0,0,0,0,0,0,0,0,0,0,0,0,0,0,0,128,[84 -64 4 0 0 0 0 0 0 0 0 0 0 -14 0 -14 1 -14 1 -15 2 -15 2 -15 3 -14 2 -14 3 -14 3 -14 3 -14 3 -14 4 -13 3 -13 4 -13 4 -12 4 -12 4 -12 4 -12 4 -12 4 -12 4 -12 4 -12 4 -11 3 -12 3 -12 0 0 2 -11 3 -12 2 -11 2 -12 2 -11 1 -12 1 -11 1 -12 1 -12 1 -12 1 -12 0 -12 0 -12 0 -12 0 -13 0 -13 -1 -13 -1 -13 -1 -13 -1 -13 -1 -13 -2 -13 -2 -13 -2 -13 -2 -13 -2 -13 0 0 0 0 0 0 0 0 0 0]"
"1769235374448038,CSI_DATA,STATION,00:00:00:00:00:00,0,0,0,0,0,0,0,0,0,0,0,0,0,0,0,0,0,0,0,0,0,128,[84 -64 4 0 0 0 0 0 0 0 0 0 -14 -9 -14 -10 -13 -10 -13 -11 -13 -11 -13 -11 -12 -12 -12 -12 -11 -12 -11 -12 -11 -12 -11 -12 -10 -12 -10 -12 -10 -12 -9 -12 -10 -12 -9 -12 -9 -11 -9 -12 -9 -12 -9 -12 -9 -11 -9 -11 -9 -11 -9 -10 0 0 -9 -10 -9 -10 -9 -10 -9 -9 -10 -10 -9 -10 -9 -10 -10 -10 -10 -9 -10 -9 -11 -8 -11 -9 -11 -9 -11 -9 -11 -9 -12 -8 -12 -9 -12 -8 -12 -8 -13 -8 -13 -8 -13 -8 -13 -8 -14 -8 -14 -8 -14 -7 0 0 0 0 0 0 0 0 0 0]"
"1769235374454426,CSI_DATA,STATION,00:00:00:00:00:00,0,0,0,0,0,0,0,0,0,0,0,0,0,0,0,0,0,0,0,0,0,128,[84 -64 4 0 0 0 0 0 0 0 0 0 -11 8 -10 8 -10 7 -11 7 -11 7 -11 7 -11 7 -12 6 -12 5 -12 5 -12 6 -12 5 -12 5 -12 5 -12 4 -11 5 -11 5 -11 4 -11 4 -11 4 -11 3 -11 4 -11 4 -10 4 -10 4 -11 5 0 0 -10 5 -10 4 -10 5 -10 5 -9 5 -9 5 -9 5 -9 5 -9 7 -9 6 -9 7 -9 6 -9 7 -9 7 -9 7 -9 7 -8 8 -9 8 -9 8 -9 8 -9 8 -9 8 -9 9 -9 9 -9 9 -9 9 0 0 0 0 0 0 0 0 0 0]"
"1769235374458670,CSI_DATA,STATION,00:00:00:00:00:00,0,0,0,0,0,0,0,0,0,0,0,0,0,0,0,0,0,0,0,0,0,128,[84 -64 4 0 0 0 0 0 0 0 0 0 -9 -8 -9 -9 -9 -9 -8 -9 -8 -10 -8 -10 -8 -10 -7 -10 -7 -10 -7 -11 -7 -10 -6 -10 -6 -10 -6 -10 -5 -10 -6 -10 -5 -10 -6 -10 -5 -10 -5 -10 -5 -10 -5 -10 -5 -10 -5 -10 -5 -9 -5 -9 0 0 -5 -9 -5 -9 -6 -9 -6 -9 -6 -9 -6 -9 -6 -8 -6 -9 -7 -8 -7 -8 -7 -8 -7 -8 -7 -8 -7 -8 -7 -8 -8 -8 -8 -9 -8 -9 -8 -8 -8 -8 -8 -8 -9 -9 -9 -9 -9 -9 -9 -8 -9 -8 0 0 0 0 0 0 0 0 0 0]"
"1769235374465074,CSI_DATA,STATION,00:00:00:00:00:00,0,0,0,0,0,0,0,0,0,0,0,0,0,0,0,0,0,0,0,0,0,128,[84 -64 4 0 0 0 0 0 0 0 0 0 11 -8 11 -8 11 -7 11 -6 11 -6 13 -6 12 -6 12 -5 12 -5 12 -4 12 -4 12 -4 12 -4 12 -4 12 -3 11 -4 11 -4 11 -4 11 -4 12 -4 11 -3 11 -4 11 -3 11 -4 11 -4 11 -4 0 0 11 -5 10 -4 10 -5 10 -5 10 -5 10 -5 10 -5 10 -6 9 -6 9 -6 9 -6 10 -6 9 -6 10 -6 10 -7 10 -8 9 -8 10 -8 9 -8 10 -8 10 -8 9 -8 10 -9 9 -9 10 -9 10 -9 0 0 0 0 0 0 0 0 0 0]"
"1769235374469327,CSI_DATA,STATION,00:00:00:00:00:00,0,0,0,0,0,0,0,0,0,0,0,0,0,0,0,0,0,0,0,0,0,128,[84 -64 4 0 0 0 0 0 0 0 0 0 -12 7 -12 7 -12 7 -13 6 -13 5 -13 5 -13 5 -13 5 -13 4 -14 4 -13 4 -13 4 -13 4 -13 3 -13 3 -13 4 -13 3 -13 3 -12 3 -13 3 -12 3 -12 3 -12 3 -12 3 -11 3 -12 3 0 0 -12 3 -11 3 -11 4 -11 4 -11 4 -11 3 -11 4 -11 4 -11 5 -11 5 -11 5 -11 5 -11 5 -11 6 -11 6 -11 6 -11 6 -11 7 -11 7 -11 7 -11 7 -10 8 -11 7 -11 8 -11 8 -11 8 0 0 0 0 0 0 0 0 0 0]"
"1769235374475751,CSI_DATA,STATION,00:00:00:00:00:00,0,0,0,0,0,0,0,0,0,0,0,0,0,0,0,0,0,0,0,0,0,128,[84 -64 4 0 0 0 0 0 0 0 0 0 -6 -14 -6 -13 -5 -14 -5 -14 -4 -14 -4 -15 -4 -14 -3 -14 -3 -15 -3 -15 -2 -14 -2 -14 -1 -14 -1 -14 -1 -14 -2 -14 -1 -13 -1 -13 -1 -13 -1 -13 -1 -13 -1 -13 -1 -13 -1 -13 -1 -13 -2 -13 0 0 -2 -13 -2 -12 -2 -12 -2 -12 -2 -12 -2 -13 -3 -12 -3 -12 -3 -12 -4 -12 -4 -12 -4 -12 -4 -12 -4 -13 -4 -13 -5 -13 -5 -13 -5 -13 -5 -13 -6 -13 -5 -13 -5 -13 -5 -13 -6 -14 -6 -13 -6 -13 0 0 0 0 0 0 0 0 0 0]"
"1769235374480039,CSI_DATA,STATION,00:00:00:00:00:00,0,0,0,0,0,0,0,0,0,0,0,0,0,0,0,0,0,0,0,0,0,128,[84 -64 4 0 0 0 0 0 0 0 0 0 6 8 6 8 6 9 6 9 5 10 5 10 5 10 4 10 4 10 4 10 4 10 4 10 4 10 4 10 4 10 3 10 3 9 3 9 3 9 3 10 3 9 3 9 3 9 3 9 3 9 4 9 0 0 3 8 4 8 4 8 4 8 4 8 4 8 4 8 5 8 5 8 5 8 5 7 5 8 6 8 6 8 6 8 6 8 6 7 7 7 7 7 6 8 7 8 7 8 7 7 8 7 7 7 7 7 0 0 0 0 0 0 0 0 0 0]"
"1769235374484365,CSI_DATA,STATION,00:00:00:00:00:00,0,0,0,0,0,0,0,0,0,0,0,0,0,0,0,0,0,0,0,0,0,128,[84 -64 4 0 0 0 0 0 0 0 0 0 5 12 4 12 4 12 3 12 3 12 3 12 2 12 2 12 2 12 1 13 1 12 1 12 1 12 1 12 1 12 1 12 0 12 0 11 0 12 0 12 0 11 0 11 0 11 1 11 1 11 1 11 0 0 1 11 1 11 2 10 1 11 2 10 2 10 2 10 2 11 2 10 3 10 3 10 3 11 3 11 4 11 4 11 4 11 4 10 5 11 5 11 5 10 5 11 5 11 5 11 6 11 6 11 6 11 0 0 0 0 0 0 0 0 0 0]"
"1769235374490832,CSI_DATA,STATION,00:00:00:00:00:00,0,0,0,0,0,0,0,0,0,0,0,0,0,0,0,0,0,0,0,0,0,128,[84 -64 4 0 0 0 0 0 0 0 0 0 -4 14 -5 14 -5 14 -5 13 -6 13 -6 13 -6 13 -7 13 -7 13 -8 13 -8 12 -8 12 -8 12 -8 12 -8 11 -8 12 -8 12 -8 11 -8 10 -8 11 -8 10 -8 11 -8 11 -8 11 -7 10 -8 11 0 0 -7 11 -7 10 -6 11 -6 11 -6 11 -6 11 -6 11 -5 11 -5 11 -5 12 -5 12 -5 11 -5 12 -5 12 -5 13 -4 13 -4 13 -4 13 -3 13 -4 13 -3 13 -3 13 -4 13 -3 14 -3 14 -3 14 0 0 0 0 0 0 0 0 0 0]"
"1769235374495181,CSI_DATA,STATION,00:00:00:00:00:00,0,0,0,0,0,0,0,0,0,0,0,0,0,0,0,0,0,0,0,0,0,128,[84 -64 4 0 0 0 0 0 0 0 0 0 -13 3 -14 3 -14 3 -14 2 -13 2 -15 2 -14 1 -15 1 -15 1 -14 0 -14 0 -14 0 -13 -1 -14 -1 -14 -1 -13 -1 -13 -1 -12 -1 -13 -2 -13 -2 -13 -1 -13 -1 -12 -1 -13 -2 -12 -2 -13 0 0 0 -12 0 -12 -1 -12 0 -12 0 -12 0 -12 0 -12 0 -12 1 -12 1 -12 1 -13 2 -12 1 -12 1 -12 1 -12 2 -13 2 -12 2 -13 3 -13 3 -13 3 -13 3 -13 3 -13 3 -13 3 -13 3 -13 3 0 0 0 0 0 0 0 0 0 0]"
"1769235374499479,CSI_DATA,STATION,00:00:00:00:00:00,0,0,0,0,0,0,0,0,0,0,0,0,0,0,0,0,0,0,0,0,0,128,[84 -64 4 0 0 0 0 0 0 0 0 0 -1 -14 0 -15 0 -14 0 -14 1 -14 2 -15 2 -14 2 -14 3 -14 2 -14 3 -14 3 -13 3 -13 3 -13 3 -13 4 -13 4 -13 4 -12 4 -13 4 -13 4 -12 3 -12 4 -12 3 -12 3 -12 3 -12 0 0 3 -12 2 -12 2 -12 2 -12 2 -12 2 -12 1 -12 1 -12 1 -12 1 -12 0 -12 0 -12 0 -12 0 -13 0 -13 0 -13 -1 -13 -1 -14 -1 -13 -1 -13 -1 -14 -1 -13 -1 -13 -2 -14 -2 -14 -2 -14 0 0 0 0 0 0 0 0 0 0]"
"1769235374505909,CSI_DATA,STATION,00:00:00:00:00:00,0,0,0,0,0,0,0,0,0,0,0,0,0,0,0,0,0,0,0,0,0,128,[84 -64 4 0 0 0 0 0 0 0 0 0 -5 13 -6 12 -6 12 -7 12 -7 12 -7 12 -8 12 -8 12 -8 11 -8 11 -9 11 -8 11 -9 10 -9 10 -9 10 -9 10 -9 10 -9 10 -9 9 -9 9 -9 9 -8 9 -8 9 -8 9 -8 9 -8 9 0 0 -8 9 -7 9 -7 9 -7 10 -7 10 -7 9 -6 10 -6 10 -6 10 -6 10 -6 11 -6 11 -5 10 -5 11 -6 11 -5 11 -5 11 -5 11 -5 12 -4 11 -5 12 -4 12 -4 12 -4 12 -4 12 -4 12 0 0 0 0 0 0 0 0 0 0]"
"1769235374510190,CSI_DATA,STATION,00:00:00:00:00:00,0,0,0,0,0,0,0,0,0,0,0,0,0,0,0,0,0,0,0,0,0,128,[84 -64 4 0 0 0 0 0 0 0 0 0 -2 13 -3 13 -3 14 -3 13 -4 13 -4 13 -5 13 -5 13 -5 13 -6 13 -6 12 -6 12 -6 12 -6 11 -6 12 -6 12 -7 11 -7 11 -7 11 -6 11 -6 11 -6 11 -6 11 -6 11 -5 11 -5 11 0 0 -5 11 -5 11 -4 11 -5 11 -5 11 -4 11 -4 11 -4 11 -4 10 -4 11 -3 11 -4 11 -3 11 -3 11 -3 12 -3 12 -3 12 -2 12 -3 12 -2 12 -2 12 -2 13 -2 12 -1 12 -2 13 -2 12 0 0 0 0 0 0 0 0 0 0]"
"1769235374516638,CSI_DATA,STATION,00:00:00:00:00:00,0,0,0,0,0,0,0,0,0,0,0,0,0,0,0,0,0,0,0,0,0,128,[84 -64 4 0 0 0 0 0 0 0 0 0 -8 14 -8 13 -9 13 -9 13 -10 12 -10 12 -10 12 -11 11 -11 11 -11 11 -11 11 -11 11 -11 11 -11 10 -11 10 -11 9 -12 10 -11 9 -11 9 -11 8 -11 9 -11 8 -11 9 -11 9 -10 9 -10 9 0 0 -11 9 -9 8 -10 9 -10 8 -10 9 -9 9 -9 9 -9 9 -9 10 -8 10 -8 11 -9 10 -9 11 -8 11 -9 10 -8 11 -7 11 -8 11 -8 12 -8 11 -8 12 -8 11 -7 12 -7 12 -7 12 -7 13 0 0 0 0 0 0 0 0 0 0]"
"1769235374521014,CSI_DATA,STATION,00:00:00:00:00:00,0,0,0,0,0,0,0,0,0,0,0,0,0,0,0,0,0,0,0,0,0,128,[84 -64 4 0 0 0 0 0 0 0 0 0 13 -3 14 -2 13 -1 13 -1 13 0 13 0 14 0 14 0 13 0 13 1 13 1 13 1 13 2 13 2 12 2 12 2 12 2 12 2 12 3 12 2 12 2 12 2 12 2 12 3 11 2 11 1 0 0 11 1 11 1 11 1 12 1 11 1 11 1 11 1 11 0 11 0 11 0 11 0 11 0 12 0 11 0 12 -1 12 -1 12 -1 12 -2 12 -2 12 -2 12 -2 12 -1 12 -2 12 -2 12 -2 12 -2 0 0 0 0 0 0 0 0 0 0]"
"1769235374525471,CSI_DATA,STATION,00:00:00:00:00:00,0,0,0,0,0,0,0,0,0,0,0,0,0,0,0,0,0,0,0,0,0,128,[84 -64 4 0 0 0 0 0 0 0 0 0 12 5 12 5 12 6 12 6 12 7 12 6 11 7 11 7 11 8 11 8 11 7 10 8 10 8 10 8 10 8 9 8 10 9 10 8 9 8 9 8 9 8 9 8 9 8 9 8 9 7 9 7 0 0 9 7 9 7 9 7 9 6 9 7 9 6 9 6 9 6 10 5 10 5 10 5 10 5 10 5 11 5 10 4 11 4 11 4 11 4 11 4 10 4 11 3 11 4 11 3 11 3 11 3 12 3 0 0 0 0 0 0 0 0 0 0]"
"1769235374532178,CSI_DATA,STATION,00:00:00:00:00:00,0,0,0,0,0,0,0,0,0,0,0,0,0,0,0,0,0,0,0,0,0,128,[84 -64 4 0 0 0 0 0 0 0 0 0 -12 -11 -11 -11 -12 -12 -11 -12 -11 -13 -10 -13 -10 -13 -10 -13 -9 -13 -9 -14 -9 -13 -9 -13 -8 -14 -8 -13 -8 -13 -7 -13 -8 -13 -8 -13 -7 -13 -7 -13 -7 -13 -7 -13 -7 -13 -7 -13 -7 -12 -7 -12 0 0 -7 -12 -7 -11 -8 -11 -7 -11 -8 -11 -8 -11 -8 -11 -8 -11 -9 -10 -9 -10 -9 -10 -9 -10 -9 -10 -9 -10 -9 -10 -10 -9 -10 -10 -10 -9 -11 -9 -11 -9 -10 -9 -11 -10 -11 -9 -11 -9 -11 -9 -12 -9 0 0 0 0 0 0 0 0 0 0]"
"1769235374536515,CSI_DATA,STATION,00:00:00:00:00:00,0,0,0,0,0,0,0,0,0,0,0,0,0,0,0,0,0,0,0,0,0,128,[84 -64 4 0 0 0 0 0 0 0 0 0 -15 -7 -13 -8 -14 -9 -14 -9 -13 -10 -13 -10 -12 -10 -12 -11 -12 -11 -12 -11 -11 -11 -11 -11 -11 -11 -11 -11 -10 -12 -10 -11 -10 -11 -11 -11 -10 -11 -9 -12 -9 -11 -9 -11 -9 -11 -10 -11 -9 -10 -10 -10 0 0 -9 -10 -10 -10 -9 -9 -9 -9 -10 -9 -10 -9 -10 -9 -10 -9 -10 -8 -11 -8 -11 -8 -11 -8 -11 -8 -11 -8 -11 -8 -11 -7 -12 -8 -12 -7 -12 -7 -12 -7 -12 -7 -12 -7 -13 -7 -13 -7 -13 -6 -13 -6 0 0 0 0 0 0 0 0 0 0]"
"1769235374542875,CSI_DATA,STATION,00:00:00:00:00:00,0,0,0,0,0,0,0,0,0,0,0,0,0,0,0,0,0,0,0,0,0,128,[84 -64 4 0 0 0 0 0 0 0 0 0 3 14 2 15 2 15 2 15 0 15 0 15 0 15 0 15 0 15 -1 15 -1 14 -2 14 -2 14 -2 14 -2 14 -2 14 -2 14 -3 13 -3 13 -3 13 -3 13 -2 13 -2 13 -2 13 -2 13 -2 12 0 0 -2 12 -1 12 -1 12 -1 12 -1 12 0 12 -1 12 0 12 0 12 0 12 1 12 1 12 1 12 1 12 1 12 2 12 2 11 2 12 2 12 2 12 3 12 3 12 3 12 3 12 3 12 3 12 0 0 0 0 0 0 0 0 0 0]"
"1769235374547126,CSI_DATA,STATION,00:00:00:00:00:00,0,0,0,0,0,0,0,0,0,0,0,0,0,0,0,0,0,0,0,0,0,128,[84 -64 4 0 0 0 0 0 0 0 0 0 14 -4 15 -4 14 -3 14 -3 14 -2 15 -2 15 -1 15 -1 15 -1 14 0 14 0 14 0 14 1 14 1 14 1 13 1 13 1 13 1 13 1 13 1 13 1 12 1 12 1 12 1 12 1 12 0 0 0 12 0 12 0 12 0 12 0 12 0 12 0 11 -1 11 -1 11 -1 11 -1 11 -2 11 -2 12 -2 12 -2 11 -2 12 -2 12 -3 12 -3 12 -3 12 -3 12 -4 11 -3 12 -3 12 -4 12 -4 12 -4 0 0 0 0 0 0 0 0 0 0]"
"1769235374557683,CSI_DATA,STATION,00:00:00:00:00:00,0,0,0,0,0,0,0,0,0,0,0,0,0,0,0,0,0,0,0,0,0,128,[84 -64 4 0 0 0 0 0 0 0 0 0 -2 -15 -1 -14 -1 -16 -1 -15 0 -15 0 -15 1 -15 1 -14 1 -14 2 -15 2 -14 2 -14 2 -13 2 -14 2 -13 2 -14 3 -12 3 -13 2 -13 2 -13 2 -13 2 -13 3 -13 3 -12 2 -12 2 -12 0 0 2 -12 1 -12 1 -11 1 -12 0 -12 1 -12 0 -12 0 -12 0 -12 0 -12 -1 -12 -1 -12 -1 -12 -1 -11 -2 -12 -2 -11 -2 -13 -2 -12 -2 -12 -2 -13 -2 -13 -3 -12 -2 -13 -3 -13 -3 -12 -3 -12 0 0 0 0 0 0 0 0 0 0]"
"1769235374564192,CSI_DATA,STATION,00:00:00:00:00:00,0,0,0,0,0,0,0,0,0,0,0,0,0,0,0,0,0,0,0,0,0,128,[84 -64 4 0 0 0 0 0 0 0 0 0 5 12 4 13 4 13 3 14 3 13 3 14 2 13 1 14 1 13 1 13 1 13 1 13 1 13 1 13 0 13 0 12 0 13 -1 12 0 13 0 12 0 12 0 11 0 11 0 12 1 11 1 12 0 0 0 11 1 11 1 11 1 11 1 11 1 11 2 11 2 11 2 10 2 10 3 10 3 11 3 11 3 11 3 10 3 11 4 10 4 11 4 11 4 10 5 10 4 11 5 10 6 10 5 10 5 10 0 0 0 0 0 0 0 0 0 0]"
"1769235374570658,CSI_DATA,STATION,00:00:00:00:00:00,0,0,0,0,0,0,0,0,0,0,0,0,0,0,0,0,0,0,0,0,0,128,[84 -64 4 0 0 0 0 0 0 0 0 0 13 -5 13 -5 13 -4 12 -4 14 -4 13 -3 13 -3 14 -2 13 -2 14 -1 13 -2 13 -2 13 -1 13 -1 13 -1 13 -1 12 -1 12 -1 12 0 12 -1 11 0 12 -1 12 -1 11 0 11 -1 11 -2 0 0 11 -1 11 -1 10 -1 11 -2 10 -2 11 -2 11 -2 10 -3 11 -3 11 -3 10 -4 10 -3 11 -4 10 -4 11 -4 10 -4 11 -5 11 -5 11 -5 11 -5 11 -5 11 -5 11 -6 10 -6 10 -6 11 -6 0 0 0 0 0 0 0 0 0 0]"
"1769235374574949,CSI_DATA,STATION,00:00:00:00:00:00,0,0,0,0,0,0,0,0,0,0,0,0,0,0,0,0,0,0,0,0,0,128,[84 -64 4 0 0 0 0 0 0 0 0 0 -14 -3 -14 -4 -14 -4 -14 -5 -14 -5 -14 -6 -13 -6 -13 -6 -13 -7 -12 -7 -13 -7 -12 -7 -12 -7 -12 -7 -11 -7 -11 -7 -11 -8 -11 -8 -11 -8 -11 -8 -11 -7 -10 -7 -11 -7 -11 -8 -10 -7 -10 -7 0 0 -10 -6 -10 -6 -10 -6 -10 -6 -11 -6 -10 -6 -11 -6 -11 -5 -10 -5 -11 -5 -11 -4 -11 -4 -11 -4 -11 -4 -11 -4 -12 -4 -12 -4 -12 -4 -12 -3 -12 -3 -12 -4 -13 -4 -12 -3 -13 -3 -13 -3 -13 -3 0 0 0 0 0 0 0 0 0 0]"
"1769235374581428,CSI_DATA,STATION,00:00:00:00:00:00,0,0,0,0,0,0,0,0,0,0,0,0,0,0,0,0,0,0,0,0,0,128,[84 -64 4 0 0 0 0 0 0 0 0 0 -10 -8 -10 -9 -10 -9 -10 -10 -8 -10 -9 -10 -8 -9 -8 -10 -8 -10 -8 -11 -7 -10 -7 -10 -8 -10 -7 -11 -7 -11 -6 -10 -7 -10 -7 -10 -6 -10 -6 -10 -6 -10 -6 -10 -6 -9 -6 -10 -6 -10 -6 -9 0 0 -7 -9 -6 -9 -6 -9 -6 -8 -7 -9 -7 -8 -7 -8 -8 -8 -7 -8 -8 -8 -8 -8 -8 -8 -8 -8 -8 -8 -8 -8 -9 -7 -9 -7 -9 -8 -9 -7 -9 -7 -9 -7 -9 -7 -9 -7 -10 -7 -10 -7 -10 -7 0 0 0 0 0 0 0 0 0 0]"
"1769235374585727,CSI_DATA,STATION,00:00:00:00:00:00,0,0,0,0,0,0,0,0,0,0,0,0,0,0,0,0,0,0,0,0,0,128,[84 -64 4 0 0 0 0 0 0 0 0 0 12 6 11 6 11 7 11 7 11 7 11 8 10 8 10 8 10 8 9 9 10 9 9 8 9 9 9 9 9 9 8 8 8 8 9 8 8 8 8 9 8 8 8 8 7 8 8 8 8 8 8 7 0 0 8 7 8 7 8 7 8 6 8 7 9 6 8 6 9 6 9 5 9 5 9 5 9 5 9 6 10 5 10 5 10 5 10 5 11 4 11 4 11 4 11 4 11 4 11 4 11 4 12 4 11 4 0 0 0 0 0 0 0 0 0 0]"
"1769235374592220,CSI_DATA,STATION,00:00:00:00:00:00,0,0,0,0,0,0,0,0,0,0,0,0,0,0,0,0,0,0,0,0,0,128,[84 -64 4 0 0 0 0 0 0 0 0 0 -14 -4 -14 -4 -14 -5 -14 -6 -13 -6 -13 -6 -13 -7 -12 -7 -12 -7 -12 -8 -12 -7 -12 -7 -12 -8 -11 -7 -11 -7 -11 -7 -11 -8 -11 -8 -11 -8 -10 -8 -10 -8 -10 -7 -10 -7 -10 -7 -10 -7 -10 -6 0 0 -10 -6 -10 -6 -10 -6 -11 -5 -11 -6 -10 -6 -10 -5 -11 -5 -11 -5 -11 -5 -11 -4 -11 -4 -11 -4 -12 -4 -12 -4 -12 -3 -12 -4 -12 -3 -12 -3 -12 -3 -13 -3 -12 -3 -13 -3 -13 -2 -13 -2 -13 -2 0 0 0 0 0 0 0 0 0 0]"
"1769235374596562,CSI_DATA,STATION,00:00:00:00:00:00,0,0,0,0,0,0,0,0,0,0,0,0,0,0,0,0,0,0,0,0,0,128,[84 -64 4 0 0 0 0 0 0 0 0 0 -5 -13 -5 -13 -5 -14 -4 -14 -3 -14 -3 -14 -3 -14 -2 -14 -2 -14 -2 -14 -1 -14 -1 -14 -1 -14 -1 -13 -1 -14 -1 -13 0 -13 0 -13 0 -13 0 -13 0 -13 0 -12 0 -12 0 -12 -1 -12 -1 -12 0 0 -1 -12 -1 -12 -2 -12 -1 -12 -2 -12 -2 -12 -2 -12 -2 -12 -2 -11 -3 -12 -3 -11 -3 -11 -4 -11 -3 -12 -4 -11 -4 -11 -4 -12 -4 -12 -4 -12 -4 -12 -5 -12 -5 -12 -5 -12 -6 -12 -6 -12 -5 -12 0 0 0 0 0 0 0 0 0 0]"
"1769235374600875,CSI_DATA,STATION,00:00:00:00:00:00,0,0,0,0,0,0,0,0,0,0,0,0,0,0,0,0,0,0,0,0,0,128,[84 -64 4 0 0 0 0 0 0 0 0 0 -1 13 -1 13 -2 13 -2 13 -2 13 -3 13 -3 13 -4 13 -4 13 -4 13 -4 13 -4 12 -4 12 -4 12 -5 12 -4 11 -5 12 -5 11 -5 11 -5 11 -5 11 -4 10 -4 11 -4 10 -3 10 -3 10 0 0 -3 10 -3 11 -3 11 -3 11 -3 11 -2 10 -1 11 -2 10 -2 10 -2 11 -1 11 -1 11 -1 11 -1 11 -1 11 0 11 0 11 0 11 0 11 0 11 1 11 1 12 1 12 2 12 1 12 1 12 0 0 0 0 0 0 0 0 0 0]"
"1769235374607362,CSI_DATA,STATION,00:00:00:00:00:00,0,0,0,0,0,0,0,0,0,0,0,0,0,0,0,0,0,0,0,0,0,128,[84 -64 4 0 0 0 0 0 0 0 0 0 13 0 13 0 13 1 13 1 13 2 13 2 12 3 13 3 13 3 13 4 12 4 12 4 12 4 12 4 11 5 11 4 11 4 11 4 11 4 11 5 11 4 10 4 10 4 10 4 10 4 10 3 0 0 10 3 10 3 10 3 10 2 10 3 10 3 10 2 10 2 11 2 10 2 10 1 11 2 11 2 11 2 11 1 11 1 11 1 11 0 11 0 11 0 12 0 11 0 12 0 12 0 12 0 12 0 0 0 0 0 0 0 0 0 0 0]"
"1769235374611662,CSI_DATA,STATION,00:00:00:00:00:00,0,0,0,0,0,0,0,0,0,0,0,0,0,0,0,0,0,0,0,0,0,128,[84 -64 4 0 0 0 0 0 0 0 0 0 13 3 13 3 13 3 13 4 12 4 12 4 12 4 12 5 12 5 11 6 11 6 11 6 11 6 11 6 10 6 10 6 10 6 10 6 10 6 9 6 9 6 9 6 9 6 9 6 9 6 9 5 0 0 9 5 9 5 9 5 9 4 9 5 9 5 9 4 9 4 10 4 10 4 9 3 10 4 10 4 10 4 10 3 11 3 11 3 11 3 11 3 11 2 11 2 11 3 11 3 11 2 12 2 12 2 0 0 0 0 0 0 0 0 0 0]"
"1769235374618146,CSI_DATA,STATION,00:00:00:00:00:00,0,0,0,0,0,0,0,0,0,0,0,0,0,0,0,0,0,0,0,0,0,128,[84 -64 4 0 0 0 0 0 0 0 0 0 -11 -10 -10 -10 -10 -10 -9 -10 -9 -11 -9 -11 -9 -11 -8 -11 -8 -11 -7 -12 -7 -12 -7 -12 -7 -12 -6 -11 -6 -12 -6 -12 -6 -11 -6 -11 -6 -11 -6 -11 -6 -11 -6 -11 -6 -11 -6 -11 -6 -11 -6 -10 0 0 -6 -10 -7 -10 -7 -9 -7 -9 -7 -9 -7 -9 -7 -9 -8 -9 -8 -9 -8 -9 -8 -9 -8 -9 -8 -8 -8 -9 -9 -9 -9 -8 -9 -9 -9 -8 -9 -8 -9 -8 -10 -8 -10 -8 -10 -8 -11 -8 -10 -8 -10 -8 0 0 0 0 0 0 0 0 0 0]"
"1769235374622453,CSI_DATA,STATION,00:00:00:00:00:00,0,0,0,0,0,0,0,0,0,0,0,0,0,0,0,0,0,0,0,0,0,128,[84 -64 4 0 0 0 0 0 0 0 0 0 12 -5 12 -5 12 -4 12 -4 13 -3 13 -3 12 -2 13 -3 13 -2 13 -1 13 -1 13 -1 12 -1 12 0 12 0 12 -1 12 0 11 0 12 0 11 -1 11 0 11 -1 12 -1 11 -1 11 -1 11 -1 0 0 11 -2 10 -2 11 -1 11 -2 10 -2 10 -2 10 -2 10 -3 10 -3 10 -3 10 -4 10 -3 11 -3 10 -3 11 -4 10 -4 10 -5 11 -5 11 -5 11 -5 10 -5 10 -5 11 -6 11 -6 11 -6 11 -6 0 0 0 0 0 0 0 0 0 0]"
"1769235374626791,CSI_DATA,STATION,00:00:00:00:00:00,0,0,0,0,0,0,0,0,0,0,0,0,0,0,0,0,0,0,0,0,0,128,[84 -64 4 0 0 0 0 0 0 0 0 0 1 12 1 11 0 12 0 11 -1 11 -1 12 -2 12 -2 12 -2 11 -2 11 -3 11 -3 11 -3 11 -3 11 -3 10 -3 11 -3 10 -4 10 -3 10 -3 10 -3 10 -3 10 -3 10 -3 10 -2 9 -3 10 0 0 -3 9 -2 9 -2 9 -2 9 -2 9 -1 9 -1 9 -1 9 -1 9 -1 9 -1 10 -1 10 -1 10 0 10 0 10 0 10 0 10 0 10 0 10 0 10 1 10 1 10 1 10 1 11 1 10 1 11 0 0 0 0 0 0 0 0 0 0]"
"1769235374633316,CSI_DATA,STATION,00:00:00:00:00:00,0,0,0,0,0,0,0,0,0,0,0,0,0,0,0,0,0,0,0,0,0,128,[84 -64 4 0 0 0 0 0 0 0 0 0 -4 -15 -4 -16 -3 -15 -3 -15 -2 -15 -2 -16 -1 -15 -1 -16 -1 -15 0 -15 0 -15 0 -15 1 -15 1 -14 1 -15 1 -14 1 -14 2 -14 1 -14 2 -14 1 -13 1 -13 1 -13 1 -13 0 -13 0 -13 0 0 0 -13 0 -12 0 -12 0 -13 0 -13 -1 -12 -1 -13 -1 -13 -1 -12 -1 -12 -2 -12 -2 -13 -2 -12 -2 -13 -3 -13 -3 -13 -3 -13 -4 -14 -4 -13 -4 -13 -4 -14 -4 -13 -4 -14 -5 -13 -4 -13 -5 -14 0 0 0 0 0 0 0 0 0 0]"
"1769235374637699,CSI_DATA,STATION,00:00:00:00:00:00,0,0,0,0,0,0,0,0,0,0,0,0,0,0,0,0,0,0,0,0,0,128,[84 -64 4 0 0 0 0 0 0 0 0 0 6 -12 7 -12 7 -12 7 -12 7 -11 8 -11 8 -11 8 -11 8 -10 9 -10 9 -10 9 -10 9 -10 9 -9 9 -9 8 -9 9 -9 8 -9 8 -8 8 -8 8 -8 8 -8 8 -9 8 -9 7 -8 8 -9 0 0 7 -9 7 -8 7 -9 6 -9 6 -9 6 -9 6 -9 6 -10 6 -10 6 -10 5 -10 5 -10 5 -10 5 -10 4 -10 5 -11 4 -11 4 -12 4 -11 4 -11 4 -12 4 -12 4 -12 4 -12 4 -12 3 -12 0 0 0 0 0 0 0 0 0 0]"
"1769235374644062,CSI_DATA,STATION,00:00:00:00:00:00,0,0,0,0,0,0,0,0,0,0,0,0,0,0,0,0,0,0,0,0,0,128,[84 -64 4 0 0 0 0 0 0 0 0 0 4 -12 4 -12 5 -12 5 -11 5 -11 6 -11 6 -11 6 -11 6 -11 6 -10 6 -10 6 -10 6 -9 6 -9 6 -10 7 -9 7 -9 7 -9 7 -9 7 -8 6 -8 6 -8 6 -9 6 -9 6 -8 6 -9 0 0 5 -9 5 -8 5 -8 5 -9 5 -9 4 -9 4 -9 4 -9 4 -9 5 -9 4 -10 4 -9 3 -9 4 -10 3 -10 3 -10 3 -10 3 -11 3 -11 3 -11 3 -11 3 -10 3 -11 2 -11 3 -11 2 -11 0 0 0 0 0 0 0 0 0 0]"
"1769235374648295,CSI_DATA,STATION,00:00:00:00:00:00,0,0,0,0,0,0,0,0,0,0,0,0,0,0,0,0,0,0,0,0,0,128,[84 -64 4 0 0 0 0 0 0 0 0 0 11 6 11 7 11 7 11 7 10 8 10 9 10 8 10 9 9 9 9 9 9 9 8 9 8 9 8 9 8 9 7 9 8 9 8 9 7 9 7 9 7 9 7 9 7 8 8 8 7 8 7 8 0 0 7 8 7 7 7 7 7 7 8 7 8 7 8 7 8 6 8 6 8 6 9 5 8 6 9 6 9 6 9 5 10 5 10 5 10 5 10 5 10 5 10 5 10 5 11 5 10 5 11 5 11 4 0 0 0 0 0 0 0 0 0 0]"
"1769235374652526,CSI_DATA,STATION,00:00:00:00:00:00,0,0,0,0,0,0,0,0,0,0,0,0,0,0,0,0,0,0,0,0,0,128,[84 -64 4 0 0 0 0 0 0 0 0 0 -12 8 -12 8 -12 7 -12 7 -12 6 -13 6 -13 6 -13 6 -13 5 -13 4 -13 5 -13 4 -13 4 -12 4 -13 3 -13 3 -12 4 -12 3 -12 3 -12 3 -12 3 -12 3 -12 3 -11 3 -11 3 -11 4 0 0 -11 3 -11 3 -10 4 -11 4 -10 4 -11 4 -10 4 -10 5 -10 5 -10 5 -10 5 -10 5 -10 5 -10 6 -10 5 -10 6 -10 6 -10 6 -10 7 -10 7 -10 7 -10 7 -10 7 -10 8 -10 8 -10 8 0 0 0 0 0 0 0 0 0 0]"
"1769235374658983,CSI_DATA,STATION,00:00:00:00:00:00,0,0,0,0,0,0,0,0,0,0,0,0,0,0,0,0,0,0,0,0,0,128,[84 -64 4 0 0 0 0 0 0 0 0 0 0 12 0 12 0 12 -1 12 -1 12 -2 12 -3 12 -3 12 -2 12 -3 12 -3 11 -3 11 -3 11 -3 11 -3 10 -3 11 -4 10 -4 10 -4 10 -3 10 -4 10 -3 10 -4 10 -3 10 -3 10 -3 10 0 0 -3 9 -2 9 -2 9 -2 10 -2 9 -1 9 -1 9 -1 9 -1 9 -1 9 -1 10 -1 10 -1 10 0 10 0 10 0 10 0 10 0 10 1 10 1 10 1 10 1 10 1 10 2 10 1 10 1 11 0 0 0 0 0 0 0 0 0 0]"
"1769235374663306,CSI_DATA,STATION,00:00:00:00:00:00,0,0,0,0,0,0,0,0,0,0,0,0,0,0,0,0,0,0,0,0,0,128,[84 -64 4 0 0 0 0 0 0 0 0 0 4 11 4 11 3 11 3 11 3 11 2 12 2 11 1 12 1 12 1 11 1 11 1 11 0 11 0 11 0 11 0 11 0 10 0 10 0 11 0 10 0 10 0 10 0 10 0 10 0 10 1 10 0 0 1 10 1 9 1 9 1 10 1 9 1 9 2 9 2 9 2 9 2 9 3 9 3 9 3 9 4 9 3 9 4 9 4 9 4 9 4 9 4 9 5 9 5 9 5 9 5 9 5 9 5 9 0 0 0 0 0 0 0 0 0 0]"
"1769235374667607,CSI_DATA,STATION,00:00:00:00:00:00,0,0,0,0,0,0,0,0,0,0,0,0,0,0,0,0,0,0,0,0,0,128,[84 -64 4 0 0 0 0 0 0 0 0 0 9 8 9 8 9 8 8 9 8 9 8 9 7 9 7 9 7 9 6 10 6 9 6 10 6 9 5 9 5 10 6 9 5 9 5 9 5 9 5 9 5 9 5 9 5 9 5 8 5 8 5 8 0 0 5 8 5 8 5 7 5 7 6 7 6 7 6 7 6 7 6 6 6 7 7 6 7 7 7 6 7 6 7 6 8 6 8 6 8 6 9 6 8 6 8 6 9 6 9 6 9 6 9 6 9 6 0 0 0 0 0 0 0 0 0 0]"
"1769235374674219,CSI_DATA,STATION,00:00:00:00:00:00,0,0,0,0,0,0,0,0,0,0,0,0,0,0,0,0,0,0,0,0,0,128,[84 -64 4 0 0 0 0 0 0 0 0 0 -12 -8 -12 -8 -12 -9 -12 -9 -11 -10 -11 -10 -11 -10 -10 -10 -10 -10 -10 -11 -10 -10 -9 -10 -9 -10 -9 -10 -8 -10 -8 -10 -8 -10 -9 -10 -8 -10 -8 -10 -8 -10 -8 -10 -8 -9 -8 -10 -8 -9 -8 -9 0 0 -8 -9 -8 -9 -8 -8 -8 -8 -8 -9 -8 -8 -9 -8 -9 -8 -9 -8 -10 -7 -10 -7 -10 -8 -10 -7 -10 -7 -10 -7 -10 -7 -10 -7 -11 -7 -11 -7 -11 -6 -11 -6 -11 -7 -12 -7 -12 -6 -12 -6 -12 -6 0 0 0 0 0 0 0 0 0 0]"
"1769235374678650,CSI_DATA,STATION,00:00:00:00:00:00,0,0,0,0,0,0,0,0,0,0,0,0,0,0,0,0,0,0,0,0,0,128,[84 -64 4 0 0 0 0 0 0 0 0 0 14 -1 14 -1 13 0 14 0 13 0 13 1 13 1 13 1 13 1 13 3 13 3 12 2 12 3 12 3 12 3 12 3 12 3 11 3 12 3 11 3 11 3 11 3 11 3 11 3 10 3 10 2 0 0 10 2 10 1 10 2 10 1 10 2 10 1 10 0 11 1 11 0 10 0 11 0 11 0 11 0 11 0 11 -1 12 -1 11 -1 12 -1 12 -1 11 -2 12 -2 12 -2 12 -1 12 -2 12 -2 12 -2 0 0 0 0 0 0 0 0 0 0]"
"1769235374685368,CSI_DATA,STATION,00:00:00:00:00:00,0,0,0,0,0,0,0,0,0,0,0,0,0,0,0,0,0,0,0,0,0,128,[84 -64 4 0 0 0 0 0 0 0 0 0 -1 13 -2 13 -3 13 -3 13 -3 13 -3 13 -4 13 -4 13 -4 13 -5 13 -5 12 -5 12 -5 12 -5 12 -5 12 -5 11 -6 11 -5 11 -5 11 -5 11 -5 11 -5 11 -5 11 -5 11 -4 11 -4 11 0 0 -4 10 -3 10 -3 10 -3 11 -3 11 -2 10 -2 10 -2 10 -1 10 -2 11 -2 11 -1 11 -1 11 -1 11 -1 11 -1 11 0 11 0 12 0 12 0 12 1 12 1 12 1 12 1 12 1 12 1 12 0 0 0 0 0 0 0 0 0 0]"
"1769235374689796,CSI_DATA,STATION,00:00:00:00:00:00,0,0,0,0,0,0,0,0,0,0,0,0,0,0,0,0,0,0,0,0,0,128,[84 -64 4 0 0 0 0 0 0 0 0 0 11 -4 12 -4 12 -3 12 -3 11 -2 12 -2 12 -2 12 -2 12 -1 11 -1 11 -1 12 -1 11 -1 11 -1 12 0 11 -1 11 0 10 0 11 0 11 0 10 0 10 0 10 -1 10 0 10 -1 10 -2 0 0 10 -1 10 -1 10 -1 9 -2 9 -2 9 -2 9 -2 9 -2 9 -3 9 -3 9 -3 9 -4 9 -4 10 -3 9 -4 10 -4 9 -4 10 -5 10 -5 9 -5 10 -5 10 -5 9 -5 9 -6 10 -6 10 -6 0 0 0 0 0 0 0 0 0 0]"
"1769235374694274,CSI_DATA,STATION,00:00:00:00:00:00,0,0,0,0,0,0,0,0,0,0,0,0,0,0,0,0,0,0,0,0,0,128,[84 -64 4 0 0 0 0 0 0 0 0 0 14 1 13 2 14 2 13 2 13 3 13 3 13 4 13 4 12 4 13 5 12 5 12 5 11 5 11 5 11 5 11 5 11 5 11 5 10 5 11 5 10 5 10 5 11 4 10 5 10 4 10 4 0 0 10 3 10 3 10 3 11 3 10 3 10 3 11 2 10 2 10 2 11 2 11 1 11 2 11 1 11 1 12 1 11 0 11 0 11 0 11 0 12 0 12 -1 11 0 12 0 12 -1 12 -1 12 -1 0 0 0 0 0 0 0 0 0 0]"
"1769235374700778,CSI_DATA,STATION,00:00:00:00:00:00,0,0,0,0,0,0,0,0,0,0,0,0,0,0,0,0,0,0,0,0,0,128,[84 -64 4 0 0 0 0 0 0 0 0 0 -5 -13 -5 -14 -5 -14 -5 -13 -4 -14 -4 -14 -3 -14 -3 -14 -2 -14 -2 -14 -2 -13 -2 -14 -2 -13 -1 -13 -1 -14 -1 -13 -1 -13 -1 -12 -1 -13 -1 -13 -1 -12 -1 -13 -1 -12 -1 -12 -2 -12 -2 -12 0 0 -2 -12 -2 -11 -3 -12 -2 -11 -3 -12 -3 -12 -3 -11 -4 -11 -4 -11 -4 -11 -4 -11 -4 -11 -5 -11 -5 -12 -4 -11 -5 -11 -5 -11 -6 -11 -5 -11 -6 -12 -6 -11 -6 -12 -6 -12 -7 -12 -7 -12 -7 -12 0 0 0 0 0 0 0 0 0 0]"
"1769235374705184,CSI_DATA,STATION,00:00:00:00:00:00,0,0,0,0,0,0,0,0,0,0,0,0,0,0,0,0,0,0,0,0,0,128,[84 -64 4 0 0 0 0 0 0 0 0 0 -13 6 -13 5 -13 5 -14 4 -14 4 -14 4 -14 3 -14 3 -14 3 -14 2 -14 2 -13 2 -13 1 -13 1 -13 1 -13 1 -13 1 -12 0 -13 1 -13 1 -12 1 -12 1 -12 1 -12 0 -12 1 -12 1 0 0 -12 2 -11 2 -11 2 -11 2 -11 2 -11 2 -11 2 -11 3 -11 3 -11 4 -11 4 -11 3 -11 4 -11 4 -11 4 -11 5 -11 4 -11 5 -11 5 -11 6 -11 6 -12 6 -11 5 -11 6 -11 6 -12 6 0 0 0 0 0 0 0 0 0 0]"
"1769235374709564,CSI_DATA,STATION,00:00:00:00:00:00,0,0,0,0,0,0,0,0,0,0,0,0,0,0,0,0,0,0,0,0,0,128,[84 -64 4 0 0 0 0 0 0 0 0 0 5 -11 6 -11 6 -11 6 -11 6 -11 7 -11 7 -10 7 -10 7 -10 7 -10 7 -10 8 -9 8 -9 7 -9 8 -9 8 -8 8 -8 7 -8 7 -8 7 -8 7 -8 7 -8 7 -8 7 -8 6 -8 7 -8 0 0 6 -8 6 -8 6 -8 6 -8 6 -8 6 -8 5 -8 5 -9 5 -9 5 -9 5 -9 5 -9 5 -9 5 -9 5 -9 5 -10 4 -10 4 -10 4 -10 5 -10 4 -10 4 -10 4 -10 4 -11 4 -11 4 -11 0 0 0 0 0 0 0 0 0 0]"
"1769235374713902,CSI_DATA,STATION,00:00:00:00:00:00,0,0,0,0,0,0,0,0,0,0,0,0,0,0,0,0,0,0,0,0,0,128,[84 -64 4 0 0 0 0 0 0 0 0 0 -10 -9 -10 -9 -9 -9 -9 -10 -9 -10 -9 -10 -8 -10 -8 -10 -8 -10 -8 -10 -8 -10 -7 -10 -7 -11 -7 -11 -6 -11 -6 -10 -6 -10 -6 -10 -6 -10 -6 -10 -6 -10 -6 -9 -6 -10 -6 -9 -6 -9 -6 -9 0 0 -6 -8 -6 -9 -7 -8 -6 -8 -7 -9 -7 -8 -7 -8 -7 -8 -7 -7 -8 -7 -8 -7 -8 -7 -8 -7 -8 -7 -8 -7 -9 -7 -9 -7 -9 -7 -9 -7 -9 -7 -9 -7 -9 -7 -9 -7 -10 -7 -10 -6 -10 -6 0 0 0 0 0 0 0 0 0 0]"
"1769235374720419,CSI_DATA,STATION,00:00:00:00:00:00,0,0,0,0,0,0,0,0,0,0,0,0,0,0,0,0,0,0,0,0,0,128,[84 -64 4 0 0 0 0 0 0 0 0 0 -11 -9 -11 -10 -10 -10 -10 -11 -9 -11 -10 -11 -8 -11 -8 -11 -8 -12 -8 -12 -9 -11 -8 -11 -7 -11 -8 -11 -7 -12 -6 -11 -6 -11 -6 -11 -6 -11 -6 -12 -6 -11 -6 -11 -6 -11 -6 -11 -6 -11 -6 -10 0 0 -6 -10 -6 -10 -6 -10 -6 -9 -7 -10 -6 -10 -7 -9 -7 -9 -7 -9 -8 -9 -8 -9 -8 -9 -8 -9 -8 -9 -8 -9 -8 -9 -9 -9 -9 -9 -8 -9 -9 -9 -9 -9 -9 -9 -9 -9 -10 -9 -10 -9 -10 -8 0 0 0 0 0 0 0 0 0 0]"
"1769235374729020,CSI_DATA,STATION,00:00:00:00:00:00,0,0,0,0,0,0,0,0,0,0,0,0,0,0,0,0,0,0,0,0,0,128,[84 -64 4 0 0 0 0 0 0 0 0 0 -4 12 -5 12 -5 12 -5 12 -6 12 -6 11 -7 11 -7 11 -7 10 -8 11 -8 11 -8 10 -8 10 -8 10 -8 9 -8 10 -7 9 -8 10 -7 9 -8 9 -8 9 -7 8 -7 9 -7 9 -7 8 -6 9 0 0 -7 8 -6 9 -5 9 -6 9 -6 9 -6 9 -5 9 -5 9 -5 9 -5 9 -4 10 -4 10 -4 10 -4 10 -5 10 -4 10 -3 10 -4 10 -4 11 -4 11 -4 11 -3 11 -3 11 -3 11 -3 11 -3 11 0 0 0 0 0 0 0 0 0 0]"
"1769235374735623,CSI_DATA,STATION,00:00:00:00:00:00,0,0,0,0,0,0,0,0,0,0,0,0,0,0,0,0,0,0,0,0,0,128,[84 -64 4 0 0 0 0 0 0 0 0 0 7 11 7 11 6 11 6 11 6 12 5 12 5 11 5 12 4 12 4 12 4 12 3 12 3 11 3 12 3 12 3 11 3 11 3 11 3 11 2 11 2 11 3 11 3 10 3 10 2 10 3 10 0 0 3 10 3 10 3 9 3 9 4 9 3 10 4 9 4 9 4 9 4 9 5 9 5 9 4 9 5 9 5 9 6 9 6 9 6 9 6 8 6 9 7 9 6 9 7 9 7 9 7 9 7 8 0 0 0 0 0 0 0 0 0 0]"
"1769235374742053,CSI_DATA,STATION,00:00:00:00:00:00,0,0,0,0,0,0,0,0,0,0,0,0,0,0,0,0,0,0,0,0,0,128,[84 -64 4 0 0 0 0 0 0 0 0 0 -16 0 -15 0 -15 -1 -16 -1 -15 -2 -16 -2 -15 -3 -15 -3 -15 -3 -15 -4 -14 -3 -14 -3 -14 -4 -14 -4 -14 -4 -14 -4 -13 -4 -13 -4 -13 -4 -13 -4 -13 -4 -12 -4 -13 -4 -12 -4 -13 -3 -12 -3 0 0 -12 -3 -13 -3 -12 -2 -12 -2 -12 -2 -12 -2 -12 -1 -12 -1 -12 -1 -12 0 -12 0 -12 0 -12 0 -12 1 -12 1 -13 1 -13 1 -13 2 -13 2 -13 2 -13 2 -13 2 -13 3 -13 3 -14 3 -14 3 0 0 0 0 0 0 0 0 0 0]"
"1769235374746300,CSI_DATA,STATION,00:00:00:00:00:00,0,0,0,0,0,0,0,0,0,0,0,0,0,0,0,0,0,0,0,0,0,128,[84 -64 4 0 0 0 0 0 0 0 0 0 -12 9 -12 9 -13 8 -13 8 -13 7 -14 7 -13 6 -14 6 -14 5 -14 5 -14 6 -13 5 -14 5 -13 4 -14 4 -13 4 -13 4 -13 4 -13 4 -12 4 -13 4 -12 4 -12 4 -12 4 -11 4 -11 4 0 0 -11 4 -11 4 -11 5 -11 4 -11 5 -11 5 -11 5 -10 5 -10 6 -10 6 -10 7 -10 6 -10 6 -10 7 -10 6 -10 8 -10 8 -10 8 -10 8 -10 8 -10 8 -10 8 -10 8 -9 9 -9 9 -9 9 0 0 0 0 0 0 0 0 0 0]"
"1769235374750553,CSI_DATA,STATION,00:00:00:00:00:00,0,0,0,0,0,0,0,0,0,0,0,0,0,0,0,0,0,0,0,0,0,128,[84 -64 4 0 0 0 0 0 0 0 0 0 8 10 7 10 7 11 7 11 6 11 6 11 5 11 5 12 5 11 4 12 4 11 4 11 4 11 4 11 3 12 3 11 3 11 3 11 3 10 3 11 3 11 3 10 3 10 3 10 3 10 3 10 0 0 3 9 4 9 4 9 3 9 4 9 4 9 4 9 5 9 5 8 5 8 5 8 5 9 5 9 6 8 5 8 6 9 6 8 6 8 7 8 6 8 7 8 7 8 7 8 8 8 8 8 8 8 0 0 0 0 0 0 0 0 0 0]"
"1769235374757229,CSI_DATA,STATION,00:00:00:00:00:00,0,0,0,0,0,0,0,0,0,0,0,0,0,0,0,0,0,0,0,0,0,128,[84 -64 4 0 0 0 0 0 0 0 0 0 4 12 3 12 3 13 3 13 2 13 2 12 2 12 1 12 1 12 0 13 0 12 0 12 0 12 0 12 0 12 0 12 0 11 0 11 0 11 0 11 0 11 0 11 0 11 0 11 0 10 0 10 0 0 1 10 1 10 1 10 1 10 2 10 1 10 2 10 2 10 2 9 3 10 3 9 3 9 3 10 3 10 4 10 4 9 5 9 4 9 5 9 5 9 5 9 5 9 5 10 6 9 5 10 6 10 0 0 0 0 0 0 0 0 0 0]"
"1769235374761708,CSI_DATA,STATION,00:00:00:00:00:00,0,0,0,0,0,0,0,0,0,0,0,0,0,0,0,0,0,0,0,0,0,128,[84 -64 4 0 0 0 0 0 0 0 0 0 -7 13 -8 12 -7 13 -8 12 -8 12 -10 11 -9 11 -9 11 -10 10 -10 10 -10 11 -10 10 -10 10 -10 10 -10 9 -10 9 -10 9 -10 9 -10 8 -10 8 -10 8 -9 8 -9 9 -9 9 -9 8 -8 8 0 0 -8 8 -8 8 -8 8 -8 9 -7 9 -7 8 -7 9 -7 9 -7 9 -6 10 -6 10 -7 10 -6 10 -6 10 -6 10 -6 10 -5 10 -6 10 -5 11 -5 11 -5 11 -5 11 -5 12 -4 11 -5 12 -5 12 0 0 0 0 0 0 0 0 0 0]"
"1769235374765988,CSI_DATA,STATION,00:00:00:00:00:00,0,0,0,0,0,0,0,0,0,0,0,0,0,0,0,0,0,0,0,0,0,128,[84 -64 4 0 0 0 0 0 0 0 0 0 3 -15 4 -15 4 -14 4 -15 5 -14 5 -14 6 -14 6 -13 6 -13 6 -13 6 -13 6 -12 7 -12 7 -12 7 -12 7 -12 8 -11 7 -12 7 -11 7 -11 7 -11 7 -11 6 -11 6 -11 6 -11 6 -11 0 0 6 -11 5 -10 5 -11 4 -11 5 -10 5 -11 5 -11 4 -11 4 -11 4 -11 3 -11 3 -11 3 -12 3 -12 3 -12 3 -12 3 -12 3 -12 3 -12 2 -13 2 -13 3 -13 2 -13 2 -13 1 -13 2 -13 0 0 0 0 0 0 0 0 0 0]"
"1769235374772485,CSI_DATA,STATION,00:00:00:00:00:00,0,0,0,0,0,0,0,0,0,0,0,0,0,0,0,0,0,0,0,0,0,128,[84 -64 4 0 0 0 0 0 0 0 0 0 11 -10 11 -9 12 -9 12 -8 12 -8 12 -8 12 -8 12 -7 13 -7 13 -6 13 -6 12 -6 12 -6 12 -6 13 -5 13 -5 12 -5 12 -5 11 -5 12 -5 11 -5 11 -5 11 -5 11 -5 11 -5 10 -5 0 0 10 -6 10 -5 10 -5 10 -6 9 -6 10 -5 9 -6 10 -7 9 -7 9 -7 9 -7 9 -7 9 -7 9 -7 9 -8 9 -8 9 -9 8 -9 9 -9 8 -9 8 -9 8 -9 8 -10 8 -10 8 -10 8 -10 0 0 0 0 0 0 0 0 0 0]"
"1769235374776770,CSI_DATA,STATION,00:00:00:00:00:00,0,0,0,0,0,0,0,0,0,0,0,0,0,0,0,0,0,0,0,0,0,128,[84 -64 4 0 0 0 0 0 0 0 0 0 -16 2 -15 1 -15 0 -15 0 -15 0 -15 -1 -15 -2 -15 -2 -15 -2 -15 -3 -15 -2 -14 -2 -14 -3 -14 -3 -14 -4 -14 -3 -13 -4 -13 -4 -13 -4 -13 -4 -13 -4 -13 -4 -13 -4 -12 -4 -12 -3 -13 -2 0 0 -12 -3 -12 -3 -12 -2 -12 -2 -12 -3 -12 -3 -12 -2 -12 -2 -12 -2 -12 -1 -12 0 -12 -1 -12 0 -13 -1 -12 0 -12 0 -12 0 -12 0 -13 0 -13 0 -13 1 -13 1 -13 0 -13 1 -13 2 -14 2 0 0 0 0 0 0 0 0 0 0]"
"1769235374783244,CSI_DATA,STATION,00:00:00:00:00:00,0,0,0,0,0,0,0,0,0,0,0,0,0,0,0,0,0,0,0,0,0,128,[84 -64 4 0 0 0 0 0 0 0 0 0 -3 14 -4 14 -4 14 -5 14 -5 13 -6 13 -6 13 -6 13 -7 12 -7 13 -7 12 -7 12 -7 11 -8 11 -8 11 -7 11 -8 11 -7 11 -7 10 -7 10 -7 10 -7 10 -7 10 -7 10 -7 10 -6 10 0 0 -6 10 -6 10 -5 10 -5 10 -5 10 -5 10 -5 10 -5 11 -4 11 -4 11 -4 11 -4 11 -4 11 -3 11 -3 11 -3 12 -3 12 -3 11 -2 12 -2 12 -2 12 -2 12 -2 12 -2 12 -2 13 -2 13 0 0 0 0 0 0 0 0 0 0]"
"1769235374787585,CSI_DATA,STATION,00:00:00:00:00:00,0,0,0,0,0,0,0,0,0,0,0,0,0,0,0,0,0,0,0,0,0,128,[84 -64 4 0 0 0 0 0 0 0 0 0 -15 4 -15 3 -15 3 -15 2 -15 1 -16 1 -15 1 -15 0 -15 1 -15 0 -15 0 -15 0 -14 -1 -14 -1 -15 -1 -15 -1 -13 -1 -13 -1 -13 -1 -13 -1 -13 -1 -13 -1 -13 0 -13 -1 -12 -1 -13 0 0 0 -12 0 -12 0 -12 0 -12 1 -12 1 -12 1 -12 1 -12 2 -12 2 -12 2 -12 3 -12 3 -12 3 -12 3 -12 3 -12 4 -12 4 -12 4 -12 5 -12 5 -12 5 -12 5 -12 5 -12 6 -12 6 -12 6 0 0 0 0 0 0 0 0 0 0]"
"1769235374791977,CSI_DATA,STATION,00:00:00:00:00:00,0,0,0,0,0,0,0,0,0,0,0,0,0,0,0,0,0,0,0,0,0,128,[84 -64 4 0 0 0 0 0 0 0 0 0 -15 -4 -15 -4 -15 -5 -15 -6 -14 -7 -14 -6 -14 -7 -14 -7 -13 -7 -14 -8 -13 -8 -13 -8 -13 -8 -12 -8 -12 -8 -12 -7 -12 -8 -12 -8 -11 -8 -11 -8 -11 -8 -11 -8 -11 -7 -11 -8 -11 -7 -11 -6 0 0 -11 -6 -11 -6 -11 -6 -11 -5 -11 -5 -11 -6 -11 -5 -12 -5 -11 -4 -12 -4 -12 -4 -12 -4 -12 -4 -12 -4 -13 -3 -13 -3 -13 -3 -13 -3 -13 -2 -13 -2 -13 -3 -13 -2 -13 -2 -14 -2 -14 -2 -13 -1 0 0 0 0 0 0 0 0 0 0]"
"1769235374798549,CSI_DATA,STATION,00:00:00:00:00:00,0,0,0,0,0,0,0,0,0,0,0,0,0,0,0,0,0,0,0,0,0,128,[84 -64 4 0 0 0 0 0 0 0 0 0 9 8 8 8 8 8 8 9 7 9 7 10 7 9 6 9 6 9 6 10 6 10 5 9 5 9 6 9 5 10 5 9 5 9 5 9 5 9 4 9 4 9 4 9 4 9 5 8 5 8 5 8 0 0 4 8 5 8 5 7 5 7 5 7 5 7 6 7 6 7 6 7 6 6 6 6 6 6 7 7 7 7 7 7 7 6 7 6 8 6 8 6 7 6 8 5 8 6 8 6 9 5 8 5 8 6 0 0 0 0 0 0 0 0 0 0]"
"1769235374802896,CSI_DATA,STATION,00:00:00:00:00:00,0,0,0,0,0,0,0,0,0,0,0,0,0,0,0,0,0,0,0,0,0,128,[84 -64 4 0 0 0 0 0 0 0 0 0 13 -2 13 -2 13 -1 13 0 13 0 14 0 13 0 13 1 13 1 13 1 13 1 12 1 12 2 12 2 12 2 12 2 11 2 11 2 11 3 11 2 11 2 11 2 11 2 11 2 10 2 11 1 0 0 10 1 11 1 10 1 10 0 10 0 10 0 10 0 10 -1 10 -1 10 -1 10 -1 10 -1 11 -1 11 -1 11 -2 11 -2 10 -2 11 -3 11 -3 11 -3 11 -3 11 -3 11 -3 11 -4 11 -4 11 -4 0 0 0 0 0 0 0 0 0 0]"
"1769235374807240,CSI_DATA,STATION,00:00:00:00:00:00,0,0,0,0,0,0,0,0,0,0,0,0,0,0,0,0,0,0,0,0,0,128,[84 -64 4 0 0 0 0 0 0 0 0 0 11 -10 11 -10 12 -10 12 -9 13 -9 13 -9 13 -8 13 -8 13 -7 13 -6 14 -7 13 -7 13 -6 13 -6 13 -6 13 -6 12 -6 12 -6 12 -5 13 -5 12 -5 11 -5 12 -5 11 -5 11 -5 11 -6 0 0 11 -6 11 -5 10 -6 10 -6 10 -7 10 -6 9 -7 10 -7 9 -7 10 -8 9 -8 9 -8 9 -7 9 -7 9 -9 9 -9 9 -9 9 -10 9 -9 9 -10 9 -10 9 -10 9 -10 9 -11 9 -11 9 -11 0 0 0 0 0 0 0 0 0 0]"
"1769235374813797,CSI_DATA,STATION,00:00:00:00:00:00,0,0,0,0,0,0,0,0,0,0,0,0,0,0,0,0,0,0,0,0,0,128,[84 -64 4 0 0 0 0 0 0 0 0 0 -3 -13 -2 -13 -2 -13 -2 -13 -1 -13 -1 -13 0 -13 0 -13 1 -13 1 -13 1 -13 1 -13 1 -12 1 -12 1 -12 1 -12 2 -11 2 -11 2 -12 2 -11 2 -11 2 -11 2 -11 1 -11 1 -11 1 -10 0 0 1 -11 1 -10 0 -10 0 -10 0 -11 0 -10 0 -10 0 -11 0 -10 0 -10 -1 -10 -1 -11 -1 -11 -1 -11 -1 -11 -2 -11 -2 -11 -2 -11 -2 -12 -1 -11 -2 -11 -2 -11 -2 -11 -3 -11 -3 -12 -3 -11 0 0 0 0 0 0 0 0 0 0]"
"1769235374818176,CSI_DATA,STATION,00:00:00:00:00:00,0,0,0,0,0,0,0,0,0,0,0,0,0,0,0,0,0,0,0,0,0,128,[84 -64 4 0 0 0 0 0 0 0 0 0 -11 -10 -11 -11 -11 -11 -10 -11 -9 -11 -9 -12 -9 -12 -9 -12 -8 -12 -8 -13 -8 -12 -8 -12 -8 -12 -7 -12 -7 -12 -7 -12 -7 -11 -7 -11 -7 -12 -6 -11 -6 -11 -6 -11 -6 -10 -7 -11 -6 -11 -7 -10 0 0 -7 -10 -7 -10 -7 -10 -6 -9 -8 -10 -7 -10 -7 -9 -8 -9 -8 -9 -8 -8 -9 -8 -9 -8 -9 -8 -9 -8 -9 -8 -9 -8 -10 -8 -10 -8 -10 -8 -10 -8 -10 -7 -10 -8 -11 -7 -11 -7 -11 -7 -11 -7 0 0 0 0 0 0 0 0 0 0]"
"1769235374822466,CSI_DATA,STATION,00:00:00:00:00:00,0,0,0,0,0,0,0,0,0,0,0,0,0,0,0,0,0,0,0,0,0,128,[84 -64 4 0 0 0 0 0 0 0 0 0 12 -8 12 -8 13 -7 12 -7 13 -6 13 -5 13 -6 13 -5 13 -5 13 -4 13 -4 13 -4 13 -3 13 -3 13 -3 13 -3 12 -4 13 -3 11 -3 12 -2 12 -2 12 -3 11 -2 11 -3 11 -2 11 -3 0 0 11 -3 11 -3 10 -4 11 -4 10 -4 10 -4 10 -4 10 -5 10 -5 10 -5 10 -5 10 -5 10 -5 10 -5 10 -6 10 -6 10 -7 10 -7 10 -7 10 -7 10 -7 10 -7 10 -8 10 -8 10 -8 10 -8 0 0 0 0 0 0 0 0 0 0]"
"1769235374828932,CSI_DATA,STATION,00:00:00:00:00:00,0,0,0,0,0,0,0,0,0,0,0,0,0,0,0,0,0,0,0,0,0,128,[84 -64 4 0 0 0 0 0 0 0 0 0 -11 9 -12 9 -12 9 -12 8 -13 8 -13 7 -13 7 -13 7 -13 6 -14 6 -13 6 -13 6 -13 5 -13 5 -13 4 -13 5 -12 5 -12 5 -12 4 -12 4 -12 4 -12 4 -12 4 -12 4 -11 4 -11 5 0 0 -11 4 -11 5 -10 5 -11 5 -10 5 -11 5 -10 5 -11 6 -10 6 -11 6 -10 7 -10 7 -10 7 -10 7 -10 7 -10 7 -9 8 -10 8 -9 8 -10 8 -9 8 -9 8 -9 8 -9 9 -9 9 -9 9 0 0 0 0 0 0 0 0 0 0]"
"1769235374833331,CSI_DATA,STATION,00:00:00:00:00:00,0,0,0,0,0,0,0,0,0,0,0,0,0,0,0,0,0,0,0,0,0,128,[84 -64 4 0 0 0 0 0 0 0 0 0 8 -12 9 -12 9 -11 10 -11 10 -10 10 -11 11 -10 11 -10 11 -9 12 -9 11 -8 12 -8 11 -8 11 -8 11 -7 11 -8 11 -8 11 -8 10 -7 11 -7 10 -6 10 -7 11 -7 10 -7 10 -7 10 -8 0 0 10 -7 9 -7 9 -7 9 -7 9 -7 9 -7 8 -7 9 -8 9 -8 8 -8 8 -9 8 -8 8 -9 8 -9 8 -9 8 -10 8 -10 8 -10 8 -10 8 -10 8 -10 7 -10 7 -10 7 -11 7 -11 8 -11 0 0 0 0 0 0 0 0 0 0]"
"1769235374839828,CSI_DATA,STATION,00:00:00:00:00:00,0,0,0,0,0,0,0,0,0,0,0,0,0,0,0,0,0,0,0,0,0,128,[84 -64 4 0 0 0 0 0 0 0 0 0 1 14 0 14 0 14 -1 15 -1 14 -2 14 -2 15 -3 14 -3 14 -3 14 -4 14 -4 14 -4 13 -4 13 -4 13 -4 13 -4 12 -4 12 -4 12 -4 12 -4 12 -4 12 -4 12 -4 12 -3 11 -3 11 0 0 -3 11 -2 11 -2 11 -2 12 -2 12 -2 11 -1 11 -1 11 -1 11 -1 11 -1 11 0 12 0 11 0 12 0 12 0 12 1 11 1 12 1 12 1 12 1 12 2 12 2 13 2 13 2 12 2 12 0 0 0 0 0 0 0 0 0 0]"
"1769235374844069,CSI_DATA,STATION,00:00:00:00:00:00,0,0,0,0,0,0,0,0,0,0,0,0,0,0,0,0,0,0,0,0,0,128,[84 -64 4 0 0 0 0 0 0 0 0 0 7 12 7 13 6 13 6 14 5 13 5 14 4 14 3 14 3 13 3 14 3 13 3 14 3 13 3 13 2 14 2 13 2 13 2 12 1 13 1 13 1 12 1 12 2 12 2 12 2 12 3 12 0 0 2 12 3 11 3 11 2 11 3 11 3 11 3 11 3 11 4 10 4 11 5 10 5 11 5 10 5 11 5 11 5 10 6 10 6 10 6 10 6 11 6 11 6 11 7 10 7 10 7 10 7 10 0 0 0 0 0 0 0 0 0 0]"
"1769235374848320,CSI_DATA,STATION,00:00:00:00:00:00,0,0,0,0,0,0,0,0,0,0,0,0,0,0,0,0,0,0,0,0,0,128,[84 -64 4 0 0 0 0 0 0 0 0 0 -8 -13 -8 -14 -8 -14 -7 -14 -7 -14 -6 -15 -6 -15 -6 -15 -5 -15 -5 -15 -4 -14 -4 -15 -4 -14 -4 -14 -3 -15 -4 -14 -3 -14 -3 -13 -3 -14 -3 -14 -3 -13 -3 -13 -3 -13 -3 -13 -3 -13 -4 -13 0 0 -3 -12 -4 -12 -4 -12 -4 -12 -5 -12 -4 -12 -5 -12 -5 -12 -5 -12 -6 -12 -6 -11 -6 -12 -6 -11 -6 -11 -6 -11 -7 -11 -7 -12 -7 -11 -7 -12 -8 -12 -8 -11 -8 -11 -8 -12 -9 -12 -8 -12 -8 -11 0 0 0 0 0 0 0 0 0 0]"
"1769235374854828,CSI_DATA,STATION,00:00:00:00:00:00,0,0,0,0,0,0,0,0,0,0,0,0,0,0,0,0,0,0,0,0,0,128,[84 -64 4 0 0 0 0 0 0 0 0 0 -2 15 -3 15 -4 15 -4 15 -4 14 -5 15 -5 14 -5 14 -5 14 -6 13 -6 13 -6 13 -7 12 -7 12 -7 12 -7 12 -7 12 -7 11 -7 12 -7 11 -6 11 -6 11 -6 11 -7 11 -6 11 -6 11 0 0 -5 11 -4 11 -4 11 -5 11 -4 11 -4 11 -4 11 -4 11 -3 11 -3 11 -3 12 -3 12 -3 12 -2 12 -2 12 -2 12 -1 12 -1 12 -1 12 -1 12 -1 13 -1 13 -1 13 -1 13 -1 13 -1 14 0 0 0 0 0 0 0 0 0 0]"
"1769235374859181,CSI_DATA,STATION,00:00:00:00:00:00,0,0,0,0,0,0,0,0,0,0,0,0,0,0,0,0,0,0,0,0,0,128,[84 -64 4 0 0 0 0 0 0 0 0 0 -12 8 -11 7 -13 7 -12 6 -13 6 -13 6 -13 6 -13 5 -13 5 -14 4 -13 4 -13 4 -13 4 -12 3 -13 3 -13 4 -12 3 -12 3 -12 3 -13 3 -12 3 -12 3 -12 3 -12 3 -11 3 -12 4 0 0 -11 4 -11 4 -10 4 -11 4 -10 4 -11 4 -10 5 -10 4 -10 5 -10 5 -10 6 -10 5 -10 5 -10 6 -10 6 -9 6 -10 6 -10 7 -10 7 -10 7 -9 7 -9 8 -10 7 -9 8 -9 8 -10 8 0 0 0 0 0 0 0 0 0 0]"
"1769235374865658,CSI_DATA,STATION,00:00:00:00:00:00,0,0,0,0,0,0,0,0,0,0,0,0,0,0,0,0,0,0,0,0,0,128,[84 -64 4 0 0 0 0 0 0 0 0 0 12 7 13 8 12 9 12 9 12 10 11 10 11 10 10 11 10 10 10 11 10 11 9 11 10 11 9 11 9 11 9 11 9 11 8 10 8 10 8 10 8 10 8 10 8 9 8 10 8 9 8 9 0 0 8 9 8 9 8 8 8 8 9 8 9 8 8 8 9 8 9 7 9 7 10 7 10 7 10 7 10 7 10 6 11 6 11 6 11 6 11 6 11 6 11 6 11 6 11 6 12 5 12 5 12 5 0 0 0 0 0 0 0 0 0 0]"
"1769235374869981,CSI_DATA,STATION,00:00:00:00:00:00,0,0,0,0,0,0,0,0,0,0,0,0,0,0,0,0,0,0,0,0,0,128,[84 -64 4 0 0 0 0 0 0 0 0 0 5 -15 6 -15 6 -15 7 -15 7 -14 8 -15 8 -14 8 -14 8 -14 9 -13 9 -13 8 -12 9 -12 9 -12 9 -12 9 -11 9 -12 9 -11 9 -11 9 -11 8 -11 8 -11 8 -11 8 -11 7 -11 8 -11 0 0 7 -10 7 -10 7 -11 6 -10 7 -11 6 -11 5 -11 6 -11 6 -12 6 -11 5 -12 5 -11 5 -12 5 -12 5 -12 5 -13 4 -12 4 -13 4 -13 4 -13 4 -13 4 -13 3 -13 4 -13 3 -14 3 -14 0 0 0 0 0 0 0 0 0 0]"
"1769235374874363,CSI_DATA,STATION,00:00:00:00:00:00,0,0,0,0,0,0,0,0,0,0,0,0,0,0,0,0,0,0,0,0,0,128,[84 -64 4 0 0 0 0 0 0 0 0 0 -3 -16 -2 -16 -2 -17 -1 -16 -1 -16 0 -16 0 -16 1 -16 2 -16 1 -16 1 -15 1 -16 2 -15 1 -15 2 -15 2 -15 3 -14 2 -14 2 -14 2 -14 2 -14 2 -14 2 -14 2 -14 1 -14 1 -13 0 0 1 -13 1 -13 0 -13 0 -13 0 -13 0 -13 0 -13 -1 -13 -1 -13 -2 -13 -2 -13 -2 -13 -2 -13 -2 -13 -3 -13 -3 -13 -3 -14 -4 -13 -3 -13 -4 -13 -3 -13 -4 -13 -4 -14 -5 -13 -5 -14 -5 -14 0 0 0 0 0 0 0 0 0 0]"
"1769235374880837,CSI_DATA,STATION,00:00:00:00:00:00,0,0,0,0,0,0,0,0,0,0,0,0,0,0,0,0,0,0,0,0,0,128,[84 -64 4 0 0 0 0 0 0 0 0 0 -14 7 -15 7 -15 5 -15 5 -15 5 -16 4 -16 4 -16 3 -15 3 -15 3 -15 3 -15 3 -15 2 -15 2 -15 1 -15 2 -15 2 -14 1 -15 1 -14 1 -14 1 -14 1 -14 1 -14 1 -13 1 -13 2 0 0 -13 2 -13 2 -13 2 -13 2 -13 3 -13 3 -12 3 -12 3 -12 4 -12 4 -12 5 -12 4 -12 4 -12 5 -12 5 -12 5 -11 6 -12 6 -12 6 -12 6 -12 6 -12 7 -12 6 -11 7 -11 7 -12 7 0 0 0 0 0 0 0 0 0 0]"
"1769235374885169,CSI_DATA,STATION,00:00:00:00:00:00,0,0,0,0,0,0,0,0,0,0,0,0,0,0,0,0,0,0,0,0,0,128,[84 -64 4 0 0 0 0 0 0 0 0 0 -16 0 -17 -1 -16 -1 -17 -2 -15 -2 -16 -2 -16 -3 -16 -3 -15 -4 -16 -4 -15 -4 -15 -4 -14 -4 -15 -5 -15 -5 -14 -4 -14 -5 -13 -5 -14 -5 -14 -5 -13 -5 -13 -5 -13 -5 -13 -5 -13 -4 -13 -4 0 0 -13 -3 -13 -3 -13 -3 -13 -3 -13 -3 -13 -3 -13 -2 -13 -2 -13 -1 -13 -1 -13 -1 -13 -1 -13 -1 -14 -1 -13 -1 -14 0 -13 0 -14 0 -14 1 -14 1 -14 1 -14 1 -14 1 -14 1 -14 2 -14 2 0 0 0 0 0 0 0 0 0 0]"
"1769235374891628,CSI_DATA,STATION,00:00:00:00:00:00,0,0,0,0,0,0,0,0,0,0,0,0,0,0,0,0,0,0,0,0,0,128,[84 -64 4 0 0 0 0 0 0 0 0 0 13 -2 14 -2 13 -2 14 -1 14 -1 14 0 14 0 14 0 14 0 13 1 13 2 13 1 12 2 13 2 13 2 12 2 12 3 12 2 12 2 12 2 12 2 12 2 11 2 11 2 11 2 11 1 0 0 11 1 11 1 11 1 11 1 11 1 11 0 10 0 10 0 11 0 11 -1 11 -1 11 -1 11 -1 11 -1 11 -1 11 -2 11 -2 12 -2 11 -2 11 -3 11 -3 11 -2 11 -3 11 -3 12 -3 11 -3 0 0 0 0 0 0 0 0 0 0]"
"1769235374902357,CSI_DATA,STATION,00:00:00:00:00:00,0,0,0,0,0,0,0,0,0,0,0,0,0,0,0,0,0,0,0,0,0,128,[84 -64 4 0 0 0 0 0 0 0 0 0 4 -15 5 -16 5 -15 5 -15 6 -15 6 -15 7 -14 8 -14 7 -14 8 -13 8 -13 8 -13 8 -13 8 -13 8 -12 8 -12 8 -12 8 -11 8 -12 8 -11 7 -12 7 -11 7 -11 8 -11 7 -11 7 -11 0 0 6 -11 6 -11 6 -11 5 -11 6 -11 5 -11 5 -12 5 -12 5 -12 5 -12 4 -12 4 -12 3 -12 4 -12 3 -13 3 -13 3 -13 3 -13 3 -13 2 -13 3 -13 2 -13 2 -13 2 -14 2 -14 2 -14 0 0 0 0 0 0 0 0 0 0]"
"1769235374906687,CSI_DATA,STATION,00:00:00:00:00:00,0,0,0,0,0,0,0,0,0,0,0,0,0,0,0,0,0,0,0,0,0,128,[84 -64 4 0 0 0 0 0 0 0 0 0 7 -15 7 -14 8 -14 8 -13 9 -13 9 -12 10 -12 10 -12 10 -12 10 -12 10 -11 10 -11 10 -11 10 -11 10 -11 10 -10 10 -10 10 -10 10 -10 10 -9 10 -9 9 -9 10 -9 9 -9 8 -10 9 -10 0 0 8 -10 8 -9 7 -10 7 -10 7 -10 7 -10 7 -10 7 -10 7 -11 6 -11 6 -11 6 -11 6 -11 5 -12 5 -12 5 -12 5 -12 5 -12 5 -12 5 -12 5 -12 5 -12 4 -13 3 -13 4 -13 3 -13 0 0 0 0 0 0 0 0 0 0]"
"1769235374913170,CSI_DATA,STATION,00:00:00:00:00:00,0,0,0,0,0,0,0,0,0,0,0,0,0,0,0,0,0,0,0,0,0,128,[84 -64 4 0 0 0 0 0 0 0 0 0 -13 -5 -13 -6 -13 -7 -13 -7 -12 -8 -12 -8 -12 -8 -12 -9 -11 -9 -11 -9 -11 -9 -11 -8 -11 -9 -10 -9 -10 -9 -10 -9 -10 -9 -10 -9 -9 -9 -9 -9 -9 -9 -9 -9 -9 -9 -10 -9 -9 -8 -9 -8 0 0 -9 -8 -9 -8 -9 -7 -9 -7 -9 -7 -9 -7 -9 -7 -10 -7 -9 -7 -10 -6 -10 -6 -10 -6 -10 -6 -10 -6 -10 -6 -11 -5 -11 -6 -11 -5 -11 -6 -11 -6 -11 -5 -11 -5 -12 -5 -12 -5 -11 -4 -12 -5 0 0 0 0 0 0 0 0 0 0]"
"1769235374919663,CSI_DATA,STATION,00:00:00:00:00:00,0,0,0,0,0,0,0,0,0,0,0,0,0,0,0,0,0,0,0,0,0,128,[84 -64 4 0 0 0 0 0 0 0 0 0 -16 0 -16 0 -16 -1 -16 -2 -16 -2 -16 -2 -16 -3 -16 -3 -15 -3 -16 -4 -15 -4 -15 -4 -15 -4 -14 -4 -14 -5 -15 -5 -14 -5 -14 -5 -14 -5 -13 -5 -13 -5 -13 -5 -13 -5 -13 -4 -13 -4 -13 -3 0 0 -12 -3 -13 -3 -12 -3 -13 -3 -12 -3 -12 -2 -12 -2 -13 -2 -13 -1 -13 -1 -13 -1 -13 -1 -13 -1 -13 -1 -13 0 -13 0 -13 -1 -13 0 -14 0 -13 0 -13 1 -13 1 -14 1 -13 1 -14 1 -14 1 0 0 0 0 0 0 0 0 0 0]"
"1769235374924047,CSI_DATA,STATION,00:00:00:00:00:00,0,0,0,0,0,0,0,0,0,0,0,0,0,0,0,0,0,0,0,0,0,128,[84 -64 4 0 0 0 0 0 0 0 0 0 -6 -13 -5 -13 -5 -14 -4 -14 -4 -14 -3 -14 -3 -14 -2 -14 -2 -14 -2 -14 -2 -14 -1 -13 -1 -13 -1 -13 -1 -13 -1 -13 0 -13 -1 -13 -1 -13 -1 -13 0 -12 0 -12 -1 -12 -1 -12 -1 -12 -1 -12 0 0 -1 -11 -2 -11 -2 -11 -2 -11 -2 -11 -2 -11 -3 -11 -2 -11 -3 -11 -3 -11 -3 -11 -3 -11 -4 -11 -4 -11 -4 -11 -4 -11 -4 -11 -5 -11 -5 -11 -5 -11 -5 -11 -5 -11 -5 -11 -5 -11 -6 -11 -6 -11 0 0 0 0 0 0 0 0 0 0]"
"1769235374930543,CSI_DATA,STATION,00:00:00:00:00:00,0,0,0,0,0,0,0,0,0,0,0,0,0,0,0,0,0,0,0,0,0,128,[84 -64 4 0 0 0 0 0 0 0 0 0 -10 -10 -10 -10 -10 -11 -9 -11 -8 -11 -8 -12 -7 -12 -8 -12 -7 -12 -7 -12 -7 -12 -7 -12 -6 -12 -6 -12 -6 -12 -6 -12 -5 -12 -5 -11 -5 -12 -5 -12 -5 -11 -5 -12 -5 -11 -5 -11 -6 -11 -6 -10 0 0 -6 -10 -6 -10 -6 -10 -6 -10 -6 -10 -6 -10 -6 -10 -7 -10 -7 -9 -7 -9 -7 -9 -7 -9 -7 -9 -8 -9 -8 -9 -8 -8 -8 -9 -8 -9 -9 -9 -9 -9 -9 -8 -9 -9 -9 -9 -10 -8 -9 -8 -10 -8 0 0 0 0 0 0 0 0 0 0]"
"1769235374935008,CSI_DATA,STATION,00:00:00:00:00:00,0,0,0,0,0,0,0,0,0,0,0,0,0,0,0,0,0,0,0,0,0,128,[84 -64 4 0 0 0 0 0 0 0 0 0 10 8 10 8 10 9 10 9 9 9 8 9 8 9 8 10 8 10 8 11 7 11 7 10 7 10 6 10 6 10 6 10 6 10 6 10 6 10 5 10 6 9 6 10 6 9 5 9 5 9 6 9 0 0 6 8 6 9 6 8 6 8 6 8 6 8 7 8 7 7 7 7 7 7 7 7 7 7 7 7 7 7 7 7 8 7 9 6 8 6 8 6 9 6 9 6 9 6 9 7 9 6 9 6 9 6 0 0 0 0 0 0 0 0 0 0]"
"1769235374939488,CSI_DATA,STATION,00:00:00:00:00:00,0,0,0,0,0,0,0,0,0,0,0,0,0,0,0,0,0,0,0,0,0,128,[84 -64 4 0 0 0 0 0 0 0 0 0 12 5 12 5 12 6 11 6 11 7 11 7 10 7 10 8 10 8 10 8 10 8 9 8 9 8 9 8 9 9 8 8 8 9 8 8 8 8 7 9 8 8 8 8 8 7 7 8 8 7 8 7 0 0 7 7 8 6 8 6 8 6 8 6 8 6 8 6 8 6 8 6 8 6 8 5 9 5 9 5 9 6 9 5 9 5 9 5 10 5 10 5 9 4 10 5 9 5 10 4 10 4 11 4 11 4 0 0 0 0 0 0 0 0 0 0]"
"1769235374946056,CSI_DATA,STATION,00:00:00:00:00:00,0,0,0,0,0,0,0,0,0,0,0,0,0,0,0,0,0,0,0,0,0,128,[84 -64 4 0 0 0 0 0 0 0 0 0 -14 -6 -14 -7 -14 -7 -13 -8 -13 -8 -14 -9 -13 -9 -13 -9 -13 -9 -13 -10 -12 -9 -12 -9 -11 -10 -11 -9 -11 -9 -11 -9 -10 -9 -10 -10 -11 -10 -10 -10 -11 -9 -10 -9 -10 -9 -10 -9 -10 -9 -11 -8 0 0 -10 -8 -10 -8 -10 -7 -10 -7 -11 -7 -10 -7 -10 -6 -11 -7 -11 -6 -11 -6 -12 -6 -11 -6 -11 -6 -12 -6 -12 -5 -12 -5 -12 -5 -12 -5 -13 -4 -13 -4 -13 -4 -13 -4 -13 -4 -13 -4 -13 -4 -13 -4 0 0 0 0 0 0 0 0 0 0]"
"1769235374950410,CSI_DATA,STATION,00:00:00:00:00:00,0,0,0,0,0,0,0,0,0,0,0,0,0,0,0,0,0,0,0,0,0,128,[84 -64 4 0 0 0 0 0 0 0 0 0 0 -15 1 -16 1 -15 1 -15 2 -15 3 -15 3 -15 4 -15 3 -14 4 -14 3 -14 4 -14 4 -13 4 -14 4 -14 4 -13 5 -13 4 -13 5 -13 5 -13 4 -13 4 -13 4 -12 4 -12 3 -12 3 -12 0 0 3 -12 2 -12 2 -13 2 -12 2 -12 2 -12 2 -12 2 -12 1 -12 1 -12 0 -12 1 -12 0 -12 0 -13 0 -13 0 -13 -1 -13 -1 -14 -1 -13 -1 -13 -1 -13 -1 -13 -2 -13 -2 -13 -2 -13 -2 -14 0 0 0 0 0 0 0 0 0 0]"
"1769235374954767,CSI_DATA,STATION,00:00:00:00:00:00,0,0,0,0,0,0,0,0,0,0,0,0,0,0,0,0,0,0,0,0,0,128,[84 -64 4 0 0 0 0 0 0 0 0 0 13 -6 13 -5 14 -4 13 -4 14 -4 15 -4 14 -3 14 -3 14 -3 14 -2 14 -2 14 -2 13 -1 13 -1 14 -1 13 -1 13 -1 13 -1 12 -1 13 -1 12 -1 12 -1 12 -1 12 -1 12 -1 12 -2 0 0 11 -2 11 -2 11 -2 12 -2 11 -2 11 -3 11 -3 11 -3 11 -4 11 -4 11 -4 11 -4 11 -4 11 -4 11 -5 11 -5 11 -5 11 -6 11 -5 11 -6 11 -6 10 -6 11 -6 11 -6 11 -6 11 -7 0 0 0 0 0 0 0 0 0 0]"
"1769235374961213,CSI_DATA,STATION,00:00:00:00:00:00,0,0,0,0,0,0,0,0,0,0,0,0,0,0,0,0,0,0,0,0,0,128,[84 -64 4 0 0 0 0 0 0 0 0 0 -14 8 -13 7 -14 6 -14 6 -14 6 -14 5 -14 5 -15 5 -14 4 -15 3 -14 4 -14 3 -14 3 -14 3 -14 3 -14 2 -13 2 -14 2 -13 2 -13 2 -13 2 -13 2 -14 3 -13 2 -13 2 -12 3 0 0 -12 3 -12 3 -12 3 -12 3 -11 3 -12 3 -11 4 -12 4 -11 4 -12 5 -11 5 -12 5 -11 5 -11 5 -12 5 -11 6 -11 6 -11 6 -11 6 -11 7 -11 7 -11 7 -11 7 -11 7 -12 8 -11 8 0 0 0 0 0 0 0 0 0 0]"
"1769235374965541,CSI_DATA,STATION,00:00:00:00:00:00,0,0,0,0,0,0,0,0,0,0,0,0,0,0,0,0,0,0,0,0,0,128,[84 -64 4 0 0 0 0 0 0 0 0 0 0 14 0 14 0 15 -1 14 -2 14 -2 14 -3 14 -3 14 -3 14 -4 14 -4 13 -4 13 -4 13 -4 13 -4 13 -4 13 -4 12 -5 12 -5 12 -4 12 -5 12 -5 11 -4 12 -4 12 -4 12 -4 12 0 0 -4 11 -3 12 -3 11 -3 11 -3 12 -3 11 -2 11 -2 11 -2 11 -2 11 -1 11 -2 12 -1 12 -1 12 -1 12 0 12 0 12 0 12 0 12 0 12 0 12 1 12 1 12 1 13 1 13 1 13 0 0 0 0 0 0 0 0 0 0]"
"1769235374972010,CSI_DATA,STATION,00:00:00:00:00:00,0,0,0,0,0,0,0,0,0,0,0,0,0,0,0,0,0,0,0,0,0,128,[84 -64 4 0 0 0 0 0 0 0 0 0 12 -6 12 -6 12 -4 12 -4 12 -4 12 -4 12 -3 13 -3 13 -3 13 -2 12 -2 12 -2 12 -2 12 -2 12 -1 11 -1 11 -1 11 -1 11 -1 12 -1 11 -1 11 -1 11 -1 11 -1 11 -1 11 -1 0 0 10 -1 11 -1 10 -2 10 -2 10 -2 10 -2 10 -2 10 -3 10 -3 10 -3 10 -3 10 -3 10 -3 10 -3 10 -3 10 -4 10 -4 10 -5 10 -4 10 -5 10 -4 10 -5 10 -5 10 -5 10 -5 10 -6 0 0 0 0 0 0 0 0 0 0]"
"1769235374976332,CSI_DATA,STATION,00:00:00:00:00:00,0,0,0,0,0,0,0,0,0,0,0,0,0,0,0,0,0,0,0,0,0,128,[84 -64 4 0 0 0 0 0 0 0 0 0 -12 -6 -13 -6 -13 -7 -12 -7 -12 -7 -12 -8 -11 -8 -11 -8 -11 -8 -11 -9 -10 -9 -10 -9 -10 -9 -10 -9 -9 -9 -9 -9 -9 -9 -9 -9 -9 -9 -9 -9 -9 -9 -9 -9 -9 -8 -8 -9 -8 -9 -9 -8 0 0 -8 -8 -8 -8 -9 -8 -8 -7 -9 -7 -9 -7 -9 -7 -9 -7 -9 -7 -10 -7 -10 -6 -10 -6 -9 -6 -10 -6 -10 -6 -11 -6 -10 -6 -11 -6 -11 -6 -11 -5 -11 -6 -11 -6 -11 -6 -11 -6 -11 -5 -12 -5 0 0 0 0 0 0 0 0 0 0]"
"1769235374980651,CSI_DATA,STATION,00:00:00:00:00:00,0,0,0,0,0,0,0,0,0,0,0,0,0,0,0,0,0,0,0,0,0,128,[84 -64 4 0 0 0 0 0 0 0 0 0 -10 -12 -9 -13 -9 -12 -9 -13 -8 -13 -9 -14 -8 -14 -7 -14 -7 -14 -6 -14 -6 -14 -6 -14 -6 -14 -5 -14 -5 -14 -5 -14 -5 -13 -5 -13 -4 -14 -5 -13 -4 -13 -5 -13 -4 -12 -5 -13 -4 -12 -5 -12 0 0 -5 -12 -5 -11 -5 -12 -5 -11 -6 -12 -6 -11 -6 -11 -7 -11 -6 -11 -7 -11 -7 -11 -7 -11 -7 -10 -7 -11 -7 -11 -8 -11 -8 -11 -9 -11 -9 -10 -9 -10 -9 -10 -9 -10 -9 -11 -10 -11 -10 -10 -10 -11 0 0 0 0 0 0 0 0 0 0]"
"1769235374987080,CSI_DATA,STATION,00:00:00:00:00:00,0,0,0,0,0,0,0,0,0,0,0,0,0,0,0,0,0,0,0,0,0,128,[84 -64 4 0 0 0 0 0 0 0 0 0 14 -4 14 -4 14 -3 14 -3 14 -2 15 -2 14 -2 14 -2 14 -2 14 -1 14 -1 14 0 14 0 14 0 14 0 13 0 13 0 13 1 13 1 13 0 13 0 12 0 12 0 12 0 12 0 12 -1 0 0 12 -1 12 -1 12 -1 12 -2 12 -1 12 -2 11 -2 12 -2 11 -3 11 -2 11 -3 12 -2 12 -3 12 -3 12 -4 12 -4 11 -4 12 -5 12 -5 12 -5 12 -5 12 -5 12 -5 12 -5 12 -6 12 -6 0 0 0 0 0 0 0 0 0 0]"
"1769235374991355,CSI_DATA,STATION,00:00:00:00:00:00,0,0,0,0,0,0,0,0,0,0,0,0,0,0,0,0,0,0,0,0,0,128,[84 -64 4 0 0 0 0 0 0 0 0 0 1 11 1 12 0 11 0 12 0 11 -1 12 -2 11 -2 11 -2 11 -2 11 -2 11 -2 11 -2 11 -3 11 -3 11 -3 10 -3 10 -3 10 -3 10 -3 10 -3 10 -3 9 -3 9 -3 9 -2 10 -2 10 0 0 -2 9 -2 9 -1 10 -2 9 -1 9 -1 9 -1 9 -1 9 -1 9 -1 9 0 9 0 9 0 10 0 10 0 9 0 10 1 9 1 10 1 10 1 10 1 10 1 10 2 10 2 10 2 10 2 10 0 0 0 0 0 0 0 0 0 0]"
"1769235374997812,CSI_DATA,STATION,00:00:00:00:00:00,0,0,0,0,0,0,0,0,0,0,0,0,0,0,0,0,0,0,0,0,0,128,[84 -64 4 0 0 0 0 0 0 0 0 0 -14 -1 -14 -1 -14 -2 -14 -2 -14 -3 -14 -2 -14 -3 -14 -3 -14 -4 -13 -4 -13 -4 -13 -4 -13 -5 -13 -5 -13 -5 -12 -5 -12 -5 -12 -5 -12 -5 -12 -5 -12 -5 -11 -5 -12 -4 -11 -5 -11 -4 -12 -4 0 0 -11 -3 -11 -3 -11 -3 -11 -3 -11 -3 -11 -3 -11 -2 -11 -3 -11 -2 -12 -2 -12 -2 -12 -1 -12 -1 -12 -1 -12 -1 -12 -1 -12 -1 -12 -1 -13 0 -13 0 -12 0 -13 0 -12 0 -13 1 -13 0 -13 1 0 0 0 0 0 0 0 0 0 0]"
"1769235375002137,CSI_DATA,STATION,00:00:00:00:00:00,0,0,0,0,0,0,0,0,0,0,0,0,0,0,0,0,0,0,0,0,0,128,[84 -64 4 0 0 0 0 0 0 0 0 0 -13 -6 -12 -7 -13 -7 -12 -8 -12 -8 -11 -9 -11 -9 -11 -9 -10 -9 -11 -10 -11 -9 -11 -9 -10 -10 -10 -10 -10 -10 -9 -9 -9 -10 -9 -10 -9 -9 -8 -10 -8 -10 -8 -9 -9 -9 -9 -9 -9 -8 -9 -8 0 0 -9 -8 -9 -8 -9 -8 -9 -7 -9 -8 -9 -8 -9 -7 -9 -7 -9 -7 -10 -7 -11 -6 -11 -7 -10 -6 -11 -6 -10 -6 -11 -6 -11 -6 -11 -6 -11 -6 -11 -6 -11 -6 -11 -6 -12 -6 -12 -5 -12 -5 -12 -5 0 0 0 0 0 0 0 0 0 0]"
"1769235375008563,CSI_DATA,STATION,00:00:00:00:00:00,0,0,0,0,0,0,0,0,0,0,0,0,0,0,0,0,0,0,0,0,0,128,[84 -64 4 0 0 0 0 0 0 0 0 0 0 -16 0 -16 1 -16 1 -16 2 -16 2 -16 3 -15 3 -15 4 -15 3 -15 4 -15 4 -15 4 -14 4 -14 4 -15 5 -14 5 -13 5 -13 4 -14 5 -13 4 -13 5 -13 4 -13 5 -13 4 -13 4 -13 0 0 4 -13 3 -12 3 -13 3 -13 3 -13 2 -13 2 -13 2 -13 2 -13 2 -13 1 -13 1 -13 1 -13 1 -14 1 -13 0 -14 0 -14 0 -14 0 -14 0 -14 0 -14 0 -14 -1 -14 -1 -14 -1 -14 -1 -14 0 0 0 0 0 0 0 0 0 0]"
"1769235375012850,CSI_DATA,STATION,00:00:00:00:00:00,0,0,0,0,0,0,0,0,0,0,0,0,0,0,0,0,0,0,0,0,0,128,[84 -64 4 0 0 0 0 0 0 0 0 0 9 -12 10 -12 11 -12 10 -12 11 -11 12 -11 12 -11 11 -10 12 -10 12 -9 12 -9 12 -9 12 -9 12 -8 12 -8 12 -8 11 -8 12 -8 11 -8 12 -7 11 -8 11 -8 11 -8 11 -8 10 -8 10 -8 0 0 10 -8 9 -8 9 -8 9 -9 9 -9 9 -9 8 -9 8 -9 8 -9 8 -10 8 -10 8 -10 8 -10 8 -11 8 -11 8 -11 7 -11 8 -11 7 -12 7 -12 7 -12 7 -12 7 -12 6 -12 7 -13 6 -13 0 0 0 0 0 0 0 0 0 0]"
"1769235375017167,CSI_DATA,STATION,00:00:00:00:00:00,0,0,0,0,0,0,0,0,0,0,0,0,0,0,0,0,0,0,0,0,0,128,[84 -64 4 0 0 0 0 0 0 0 0 0 12 -10 12 -10 12 -9 13 -8 13 -8 14 -8 13 -7 14 -7 14 -7 14 -6 14 -6 14 -6 14 -5 13 -5 14 -5 13 -5 14 -5 13 -5 13 -4 13 -4 13 -4 12 -4 12 -4 12 -5 12 -4 12 -5 0 0 12 -5 11 -4 11 -5 11 -5 11 -6 11 -6 11 -6 11 -6 11 -7 10 -7 10 -7 10 -7 10 -7 11 -7 10 -8 10 -8 10 -8 10 -9 10 -9 10 -9 10 -9 10 -9 10 -9 9 -10 10 -10 10 -10 0 0 0 0 0 0 0 0 0 0]"
"1769235375023630,CSI_DATA,STATION,00:00:00:00:00:00,0,0,0,0,0,0,0,0,0,0,0,0,0,0,0,0,0,0,0,0,0,128,[84 -64 4 0 0 0 0 0 0 0 0 0 -13 10 -13 9 -13 8 -14 8 -14 7 -15 8 -14 7 -15 6 -15 6 -15 6 -15 5 -14 5 -14 5 -14 5 -15 4 -14 5 -14 4 -13 4 -14 4 -14 4 -13 4 -13 4 -13 4 -13 4 -13 4 -13 5 0 0 -12 5 -12 4 -12 5 -12 5 -12 5 -12 5 -12 5 -12 5 -11 6 -11 6 -11 7 -11 6 -11 7 -11 7 -11 7 -11 8 -10 7 -11 8 -11 8 -11 8 -11 9 -11 9 -11 8 -10 9 -10 9 -11 9 0 0 0 0 0 0 0 0 0 0]"
"1769235375027925,CSI_DATA,STATION,00:00:00:00:00:00,0,0,0,0,0,0,0,0,0,0,0,0,0,0,0,0,0,0,0,0,0,128,[84 -64 4 0 0 0 0 0 0 0 0 0 -15 0 -15 -1 -15 -2 -14 -2 -15 -2 -15 -3 -14 -3 -15 -3 -14 -4 -14 -5 -14 -5 -13 -4 -13 -5 -13 -5 -13 -5 -13 -4 -12 -5 -12 -5 -12 -5 -12 -5 -12 -5 -12 -5 -12 -5 -12 -4 -12 -5 -12 -4 0 0 -11 -4 -12 -4 -12 -3 -12 -3 -12 -3 -12 -3 -11 -3 -12 -3 -12 -2 -12 -2 -12 -2 -12 -2 -12 -2 -12 -2 -13 -1 -12 -1 -12 -1 -13 -1 -13 -1 -13 -1 -13 0 -13 0 -13 0 -13 0 -13 0 -13 0 0 0 0 0 0 0 0 0 0 0]"
"1769235375034406,CSI_DATA,STATION,00:00:00:00:00:00,0,0,0,0,0,0,0,0,0,0,0,0,0,0,0,0,0,0,0,0,0,128,[84 -64 4 0 0 0 0 0 0 0 0 0 -14 7 -15 7 -15 6 -15 6 -15 5 -16 5 -15 5 -15 4 -16 4 -16 3 -16 3 -16 3 -15 3 -15 3 -15 2 -15 2 -15 3 -14 2 -14 2 -14 2 -14 2 -14 2 -14 3 -14 2 -13 2 -13 3 0 0 -14 3 -12 3 -12 3 -13 3 -12 4 -13 4 -12 4 -12 4 -12 5 -12 5 -12 5 -12 5 -12 6 -12 6 -12 6 -12 7 -11 7 -12 7 -11 7 -12 8 -12 8 -11 8 -11 8 -11 8 -12 8 -11 8 0 0 0 0 0 0 0 0 0 0]"
"1769235375038861,CSI_DATA,STATION,00:00:00:00:00:00,0,0,0,0,0,0,0,0,0,0,0,0,0,0,0,0,0,0,0,0,0,128,[84 -64 4 0 0 0 0 0 0 0 0 0 9 -13 9 -13 10 -13 10 -13 10 -12 11 -12 11 -11 11 -11 11 -11 12 -11 11 -10 12 -10 12 -10 12 -9 12 -9 12 -9 12 -9 12 -9 11 -9 11 -8 11 -9 10 -9 10 -9 10 -9 10 -9 10 -9 0 0 9 -9 9 -9 9 -9 9 -9 9 -10 8 -10 8 -9 8 -10 8 -10 8 -10 8 -10 7 -11 8 -10 8 -11 7 -11 8 -12 7 -12 7 -12 7 -13 6 -12 6 -12 6 -12 6 -12 6 -13 6 -13 6 -13 0 0 0 0 0 0 0 0 0 0]"
"1769235375043215,CSI_DATA,STATION,00:00:00:00:00:00,0,0,0,0,0,0,0,0,0,0,0,0,0,0,0,0,0,0,0,0,0,128,[84 -64 4 0 0 0 0 0 0 0 0 0 -5 15 -5 15 -6 15 -7 15 -7 14 -8 14 -8 14 -8 13 -8 13 -9 13 -9 13 -9 12 -9 12 -9 12 -9 12 -9 12 -9 12 -9 11 -9 11 -9 11 -9 10 -9 10 -9 10 -8 11 -8 10 -8 11 0 0 -8 10 -7 10 -7 11 -7 11 -7 11 -7 11 -6 11 -6 11 -6 11 -6 11 -5 11 -5 12 -5 12 -5 12 -5 12 -5 12 -4 12 -5 13 -4 13 -4 12 -4 13 -4 12 -4 12 -3 13 -4 13 -3 13 0 0 0 0 0 0 0 0 0 0]"
"1769235375049710,CSI_DATA,STATION,00:00:00:00:00:00,0,0,0,0,0,0,0,0,0,0,0,0,0,0,0,0,0,0,0,0,0,128,[84 -64 4 0 0 0 0 0 0 0 0 0 1 -16 2 -16 2 -17 3 -16 3 -16 3 -16 4 -16 5 -16 5 -16 5 -15 5 -15 6 -15 6 -15 6 -14 6 -13 6 -14 6 -13 6 -14 6 -14 6 -13 6 -13 6 -13 6 -13 5 -13 5 -13 5 -12 0 0 5 -13 4 -12 4 -12 4 -13 4 -13 4 -13 3 -13 3 -13 3 -13 2 -13 2 -13 2 -13 2 -13 2 -13 2 -14 1 -13 1 -14 1 -14 1 -14 1 -14 1 -14 1 -14 0 -15 0 -15 0 -15 0 -14 0 0 0 0 0 0 0 0 0 0]"
"1769235375054041,CSI_DATA,STATION,00:00:00:00:00:00,0,0,0,0,0,0,0,0,0,0,0,0,0,0,0,0,0,0,0,0,0,128,[84 -64 4 0 0 0 0 0 0 0 0 0 -12 -11 -13 -11 -12 -11 -12 -12 -11 -13 -11 -13 -11 -12 -10 -13 -10 -13 -9 -14 -9 -13 -8 -13 -9 -13 -8 -14 -8 -14 -8 -13 -8 -13 -8 -13 -7 -13 -7 -13 -7 -13 -7 -13 -7 -12 -7 -12 -7 -12 -7 -12 0 0 -7 -12 -7 -11 -8 -12 -7 -11 -8 -11 -8 -11 -8 -11 -8 -11 -9 -10 -9 -10 -9 -10 -9 -10 -9 -10 -9 -10 -9 -10 -10 -10 -10 -10 -10 -10 -11 -10 -11 -10 -11 -10 -11 -10 -11 -10 -11 -10 -11 -10 -12 -9 0 0 0 0 0 0 0 0 0 0]"
"1769235375058391,CSI_DATA,STATION,00:00:00:00:00:00,0,0,0,0,0,0,0,0,0,0,0,0,0,0,0,0,0,0,0,0,0,128,[84 -64 4 0 0 0 0 0 0 0 0 0 -15 7 -15 7 -15 6 -15 6 -16 6 -16 5 -16 4 -16 4 -16 4 -17 3 -16 3 -16 2 -15 2 -16 2 -15 1 -15 2 -15 2 -15 2 -14 1 -14 1 -15 1 -14 1 -14 1 -14 1 -14 1 -14 2 0 0 -14 2 -13 2 -13 2 -14 2 -13 2 -13 2 -13 3 -13 3 -13 4 -13 4 -13 4 -13 4 -13 4 -12 4 -13 4 -13 5 -13 5 -13 5 -13 6 -13 6 -13 6 -13 6 -13 6 -13 6 -13 6 -13 7 0 0 0 0 0 0 0 0 0 0]"
"1769235375064869,CSI_DATA,STATION,00:00:00:00:00:00,0,0,0,0,0,0,0,0,0,0,0,0,0,0,0,0,0,0,0,0,0,128,[84 -64 4 0 0 0 0 0 0 0 0 0 -12 9 -12 9 -12 8 -13 7 -13 7 -13 7 -13 7 -13 6 -14 6 -14 5 -14 5 -13 5 -14 4 -13 5 -13 3 -13 4 -13 4 -13 4 -13 3 -12 3 -12 3 -12 3 -12 4 -12 3 -12 3 -12 4 0 0 -12 4 -12 3 -11 4 -11 4 -11 4 -11 4 -11 5 -11 5 -11 5 -11 5 -11 6 -11 5 -11 5 -11 6 -11 5 -11 6 -10 6 -10 6 -11 7 -10 7 -11 7 -11 7 -10 7 -10 7 -10 7 -10 7 0 0 0 0 0 0 0 0 0 0]"
"1769235375075491,CSI_DATA,STATION,00:00:00:00:00:00,0,0,0,0,0,0,0,0,0,0,0,0,0,0,0,0,0,0,0,0,0,128,[84 -64 4 0 0 0 0 0 0 0 0 0 9 8 9 8 9 9 8 9 8 10 7 10 7 10 7 10 7 10 6 11 6 10 6 10 5 10 6 10 5 10 5 10 5 10 5 10 5 10 5 10 4 9 5 9 5 9 5 9 5 9 5 9 0 0 5 9 5 9 5 8 5 8 5 8 5 8 5 8 5 8 6 8 6 8 6 8 6 8 6 8 7 7 7 7 7 7 7 7 8 7 8 7 7 7 8 7 7 7 8 7 8 7 8 7 8 7 0 0 0 0 0 0 0 0 0 0]"
"1769235375081938,CSI_DATA,STATION,00:00:00:00:00:00,0,0,0,0,0,0,0,0,0,0,0,0,0,0,0,0,0,0,0,0,0,128,[84 -64 4 0 0 0 0 0 0 0 0 0 -2 14 -3 14 -3 14 -4 14 -4 14 -5 13 -5 13 -6 13 -5 13 -6 13 -6 13 -6 12 -6 12 -6 12 -6 12 -6 12 -7 11 -7 11 -6 11 -6 11 -7 11 -6 11 -6 11 -6 10 -5 11 -5 11 0 0 -5 10 -4 11 -4 11 -4 11 -4 10 -4 10 -4 11 -4 11 -3 10 -3 11 -3 11 -3 11 -3 11 -2 11 -2 11 -2 12 -2 11 -2 12 -2 12 -2 12 -1 12 -1 12 -1 12 -1 12 -1 12 -1 13 0 0 0 0 0 0 0 0 0 0]"
"1769235375088333,CSI_DATA,STATION,00:00:00:00:00:00,0,0,0,0,0,0,0,0,0,0,0,0,0,0,0,0,0,0,0,0,0,128,[84 -64 4 0 0 0 0 0 0 0 0 0 11 -10 11 -9 12 -9 12 -8 12 -8 12 -8 12 -7 13 -7 13 -7 13 -6 13 -6 13 -6 12 -5 13 -5 13 -5 13 -5 13 -5 12 -5 12 -4 12 -4 12 -4 11 -4 12 -4 12 -5 11 -4 11 -5 0 0 11 -5 11 -4 10 -5 10 -5 10 -5 10 -5 10 -5 10 -6 10 -6 10 -6 10 -7 10 -6 10 -6 10 -6 10 -7 10 -8 10 -8 10 -8 10 -8 10 -8 10 -8 9 -8 10 -8 10 -9 10 -9 10 -9 0 0 0 0 0 0 0 0 0 0]"
"1769235375092627,CSI_DATA,STATION,00:00:00:00:00:00,0,0,0,0,0,0,0,0,0,0,0,0,0,0,0,0,0,0,0,0,0,128,[84 -64 4 0 0 0 0 0 0 0 0 0 15 -1 14 -1 14 0 14 0 14 0 14 1 14 2 14 2 14 2 14 3 14 3 13 2 13 3 13 3 13 3 13 3 12 3 12 3 12 3 12 3 12 3 12 3 12 3 12 3 11 2 12 2 0 0 11 2 11 2 11 2 11 1 11 2 11 1 11 1 11 1 11 0 11 0 11 0 11 0 12 0 11 0 11 -1 12 -1 12 -1 12 -2 12 -2 12 -2 12 -2 12 -2 12 -2 12 -3 12 -3 12 -3 0 0 0 0 0 0 0 0 0 0]"
"1769235375099089,CSI_DATA,STATION,00:00:00:00:00:00,0,0,0,0,0,0,0,0,0,0,0,0,0,0,0,0,0,0,0,0,0,128,[84 -64 4 0 0 0 0 0 0 0 0 0 8 10 7 10 7 10 7 11 6 11 6 11 5 11 6 11 5 11 5 12 4 11 4 11 4 11 4 11 4 11 3 11 4 11 3 10 3 11 3 11 4 10 4 10 3 10 4 10 3 10 4 9 0 0 4 9 4 9 4 9 4 9 4 9 5 9 5 9 5 9 5 8 5 8 6 8 6 9 5 9 6 8 6 8 6 8 7 8 7 8 7 8 7 7 7 8 7 8 7 8 8 8 8 8 8 8 0 0 0 0 0 0 0 0 0 0]"
"1769235375103420,CSI_DATA,STATION,00:00:00:00:00:00,0,0,0,0,0,0,0,0,0,0,0,0,0,0,0,0,0,0,0,0,0,128,[84 -64 4 0 0 0 0 0 0 0 0 0 8 -13 8 -12 8 -12 9 -12 9 -11 10 -11 10 -10 10 -11 11 -10 11 -10 10 -10 11 -10 11 -9 11 -9 10 -9 11 -8 11 -8 11 -9 10 -8 10 -8 10 -8 10 -8 10 -8 9 -8 9 -8 9 -8 0 0 9 -8 9 -8 8 -8 8 -8 8 -8 8 -8 8 -9 7 -9 8 -9 7 -9 7 -10 7 -10 7 -10 7 -10 7 -10 7 -11 6 -11 7 -11 7 -11 6 -11 6 -11 6 -11 6 -11 6 -12 6 -12 6 -12 0 0 0 0 0 0 0 0 0 0]"
"1769235375107750,CSI_DATA,STATION,00:00:00:00:00:00,0,0,0,0,0,0,0,0,0,0,0,0,0,0,0,0,0,0,0,0,0,128,[84 -64 4 0 0 0 0 0 0 0 0 0 13 -6 13 -5 13 -5 13 -5 14 -4 15 -4 14 -3 14 -3 14 -2 14 -2 14 -2 14 -2 13 -2 13 -1 14 -1 13 -1 13 -1 12 -2 13 -1 13 -1 12 -1 12 -1 12 -2 12 -2 12 -2 12 -2 0 0 12 -2 11 -2 12 -2 11 -3 11 -3 11 -3 11 -3 11 -4 11 -4 11 -4 11 -5 11 -4 11 -4 11 -5 11 -5 11 -6 10 -6 11 -7 11 -6 11 -7 11 -7 11 -6 11 -6 11 -7 11 -8 11 -8 0 0 0 0 0 0 0 0 0 0]"
"1769235375114219,CSI_DATA,STATION,00:00:00:00:00:00,0,0,0,0,0,0,0,0,0,0,0,0,0,0,0,0,0,0,0,0,0,128,[84 -64 4 0 0 0 0 0 0 0 0 0 2 12 2 12 1 12 1 13 1 12 0 13 0 13 0 12 0 12 -1 12 -1 12 -1 12 -2 11 -1 12 -2 12 -1 11 -2 11 -2 11 -2 11 -2 11 -2 11 -2 11 -2 11 -2 11 -2 11 -1 11 0 0 -1 10 -1 10 0 10 0 10 0 10 0 10 0 10 1 10 1 10 1 10 1 10 1 10 1 10 2 11 2 10 2 10 2 10 3 10 3 10 3 10 3 11 4 11 4 10 4 10 4 10 3 11 0 0 0 0 0 0 0 0 0 0]"
"1769235375118526,CSI_DATA,STATION,00:00:00:00:00:00,0,0,0,0,0,0,0,0,0,0,0,0,0,0,0,0,0,0,0,0,0,128,[84 -64 4 0 0 0 0 0 0 0 0 0 -9 12 -10 11 -10 11 -11 10 -10 10 -11 10 -11 10 -12 9 -12 9 -12 8 -12 8 -12 8 -12 8 -12 8 -12 7 -12 7 -12 7 -12 7 -12 7 -12 7 -12 6 -11 6 -11 7 -11 7 -11 6 -11 7 0 0 -10 6 -10 7 -10 7 -10 7 -10 7 -10 7 -9 7 -9 7 -9 8 -9 8 -9 8 -9 8 -9 8 -9 9 -9 8 -9 9 -8 9 -8 9 -9 10 -9 9 -8 10 -8 10 -8 10 -8 10 -8 10 -8 11 0 0 0 0 0 0 0 0 0 0]"
"1769235375124994,CSI_DATA,STATION,00:00:00:00:00:00,0,0,0,0,0,0,0,0,0,0,0,0,0,0,0,0,0,0,0,0,0,128,[84 -64 4 0 0 0 0 0 0 0 0 0 6 12 6 13 6 12 5 14 5 13 4 13 4 14 4 14 3 14 3 14 3 13 3 13 2 13 2 13 1 14 2 13 1 12 1 12 1 13 1 13 1 12 1 12 1 12 1 12 1 12 2 12 0 0 1 12 2 12 2 11 2 11 2 12 2 11 2 11 3 11 2 11 3 11 3 10 3 11 4 11 4 11 4 11 4 11 5 10 5 11 5 11 5 11 5 11 5 11 5 11 6 11 5 11 6 11 0 0 0 0 0 0 0 0 0 0]"
"1769235375129327,CSI_DATA,STATION,00:00:00:00:00:00,0,0,0,0,0,0,0,0,0,0,0,0,0,0,0,0,0,0,0,0,0,128,[84 -64 4 0 0 0 0 0 0 0 0 0 -12 5 -12 5 -13 4 -13 3 -13 3 -13 3 -13 3 -13 2 -13 2 -13 1 -13 1 -13 1 -13 1 -13 1 -13 0 -13 1 -13 0 -12 0 -12 0 -12 0 -12 0 -12 0 -12 0 -11 1 -11 0 -12 1 0 0 -11 1 -11 1 -11 1 -11 1 -11 1 -11 1 -11 2 -11 2 -11 3 -11 3 -10 3 -11 3 -11 3 -11 3 -11 3 -11 4 -10 4 -11 4 -11 5 -11 5 -11 5 -11 5 -11 5 -11 5 -11 5 -11 5 0 0 0 0 0 0 0 0 0 0]"
"1769235375133671,CSI_DATA,STATION,00:00:00:00:00:00,0,0,0,0,0,0,0,0,0,0,0,0,0,0,0,0,0,0,0,0,0,128,[84 -64 4 0 0 0 0 0 0 0 0 0 11 -6 12 -5 12 -4 12 -4 12 -4 12 -4 12 -3 12 -3 12 -2 12 -2 12 -2 12 -2 11 -1 12 -1 12 -1 11 -1 11 -1 11 -1 11 -1 11 0 11 0 11 -1 11 -1 10 -1 10 -1 11 -1 0 0 10 -1 10 -1 10 -1 10 -2 10 -2 10 -2 10 -2 10 -3 10 -3 9 -3 10 -3 10 -3 10 -3 10 -3 10 -4 10 -4 10 -4 10 -5 10 -4 10 -5 10 -5 10 -5 10 -5 10 -5 10 -5 10 -5 0 0 0 0 0 0 0 0 0 0]"
"1769235375138229,CSI_DATA,STATION,00:00:00:00:00:00,0,0,0,0,0,0,0,0,0,0,0,0,0,0,0,0,0,0,0,0,0,128,[84 -64 4 0 0 0 0 0 0 0 0 0 8 -12 9 -12 9 -11 10 -11 10 -11 10 -10 11 -10 11 -9 11 -9 11 -9 11 -9 11 -9 11 -9 11 -8 11 -8 10 -8 11 -8 11 -7 10 -8 11 -7 10 -7 10 -7 10 -8 10 -8 9 -8 9 -8 0 0 9 -8 9 -8 9 -8 8 -8 9 -8 8 -8 8 -8 8 -9 8 -9 8 -9 7 -10 7 -10 7 -10 7 -10 7 -10 7 -10 7 -11 7 -11 7 -11 7 -11 7 -11 7 -11 6 -11 6 -12 6 -12 6 -12 0 0 0 0 0 0 0 0 0 0]"
"1769235375144798,CSI_DATA,STATION,00:00:00:00:00:00,0,0,0,0,0,0,0,0,0,0,0,0,0,0,0,0,0,0,0,0,0,128,[84 -64 4 0 0 0 0 0 0 0 0 0 8 -10 8 -10 9 -10 9 -9 9 -9 10 -9 9 -8 10 -8 10 -8 10 -7 10 -7 10 -7 10 -7 10 -6 10 -6 10 -6 10 -6 10 -6 10 -6 10 -5 10 -6 10 -5 10 -6 9 -6 9 -5 9 -6 0 0 9 -6 8 -6 8 -6 8 -6 8 -6 8 -6 8 -6 8 -7 8 -7 8 -7 7 -7 8 -7 7 -7 8 -7 7 -8 8 -8 7 -9 8 -9 8 -9 7 -9 7 -9 7 -9 7 -9 7 -9 7 -9 7 -10 0 0 0 0 0 0 0 0 0 0]"
"1769235375149182,CSI_DATA,STATION,00:00:00:00:00:00,0,0,0,0,0,0,0,0,0,0,0,0,0,0,0,0,0,0,0,0,0,128,[84 -64 4 0 0 0 0 0 0 0 0 0 -2 14 -3 13 -3 14 -4 14 -4 14 -5 13 -5 13 -6 13 -6 13 -6 13 -6 13 -6 12 -6 12 -6 12 -7 12 -6 12 -6 11 -6 11 -7 11 -7 11 -6 11 -6 11 -6 11 -6 11 -5 10 -5 10 0 0 -5 10 -5 10 -4 10 -4 11 -4 11 -4 10 -4 11 -4 11 -3 11 -3 11 -3 11 -3 11 -3 11 -3 11 -2 12 -2 11 -2 12 -2 12 -2 12 -1 12 -1 12 -1 12 -1 13 0 13 -1 13 -1 12 0 0 0 0 0 0 0 0 0 0]"
"1769235375155681,CSI_DATA,STATION,00:00:00:00:00:00,0,0,0,0,0,0,0,0,0,0,0,0,0,0,0,0,0,0,0,0,0,128,[84 -64 4 0 0 0 0 0 0 0 0 0 -4 12 -4 12 -5 11 -5 11 -6 11 -6 11 -6 11 -7 11 -7 10 -7 10 -7 10 -7 10 -7 10 -7 10 -7 9 -7 9 -8 9 -8 9 -7 9 -7 8 -7 9 -7 8 -7 9 -7 8 -6 8 -6 9 0 0 -6 8 -5 8 -5 9 -5 8 -5 9 -5 9 -5 9 -4 9 -5 9 -4 9 -4 9 -4 10 -4 9 -4 10 -4 10 -4 10 -3 10 -3 10 -3 10 -3 10 -3 11 -3 11 -3 11 -2 11 -3 11 -2 11 0 0 0 0 0 0 0 0 0 0]"
"1769235375160010,CSI_DATA,STATION,00:00:00:00:00:00,0,0,0,0,0,0,0,0,0,0,0,0,0,0,0,0,0,0,0,0,0,128,[84 -64 4 0 0 0 0 0 0 0 0 0 -8 9 -8 9 -9 9 -9 9 -10 8 -10 8 -10 8 -11 7 -10 7 -11 7 -10 7 -11 6 -11 6 -10 6 -10 6 -11 6 -11 6 -10 6 -10 5 -10 5 -10 5 -10 5 -10 5 -10 5 -9 5 -9 5 0 0 -9 5 -9 5 -9 6 -9 5 -8 6 -8 6 -8 6 -9 6 -8 6 -8 6 -8 7 -8 7 -8 7 -8 7 -8 7 -8 7 -7 8 -8 8 -8 8 -8 8 -7 8 -7 8 -7 8 -7 9 -8 9 -7 9 0 0 0 0 0 0 0 0 0 0]"
"1769235375164391,CSI_DATA,STATION,00:00:00:00:00:00,0,0,0,0,0,0,0,0,0,0,0,0,0,0,0,0,0,0,0,0,0,128,[84 -64 4 0 0 0 0 0 0 0 0 0 -12 5 -12 4 -13 4 -12 4 -13 3 -13 3 -13 3 -13 2 -13 2 -13 1 -13 1 -13 1 -12 0 -12 1 -12 0 -12 1 -12 1 -12 0 -12 0 -12 0 -11 0 -11 0 -11 0 -11 0 -11 1 -11 1 0 0 -11 1 -11 1 -10 1 -11 1 -10 1 -10 1 -10 1 -11 2 -10 2 -11 2 -11 3 -11 2 -10 3 -10 3 -11 3 -10 3 -10 3 -11 4 -11 4 -11 4 -11 4 -11 4 -11 4 -11 4 -11 5 -11 4 0 0 0 0 0 0 0 0 0 0]"
"1769235375170858,CSI_DATA,STATION,00:00:00:00:00:00,0,0,0,0,0,0,0,0,0,0,0,0,0,0,0,0,0,0,0,0,0,128,[84 -64 4 0 0 0 0 0 0 0 0 0 2 11 2 12 1 12 1 12 0 12 0 12 -1 12 -1 12 -1 12 -1 12 -2 12 -2 11 -2 11 -2 11 -2 11 -2 11 -3 11 -3 10 -2 11 -2 11 -2 10 -2 10 -2 10 -2 10 -2 10 -2 10 0 0 -2 10 -1 10 -1 9 -1 9 -1 9 0 10 -1 10 0 9 -1 9 0 9 0 10 0 10 0 10 1 10 1 10 1 10 1 10 1 10 2 10 2 10 2 10 2 10 2 10 2 10 2 10 2 10 0 0 0 0 0 0 0 0 0 0]"
"1769235375175227,CSI_DATA,STATION,00:00:00:00:00:00,0,0,0,0,0,0,0,0,0,0,0,0,0,0,0,0,0,0,0,0,0,128,[84 -64 4 0 0 0 0 0 0 0 0 0 -9 -12 -9 -11 -9 -12 -8 -12 -8 -13 -7 -13 -7 -12 -7 -13 -6 -13 -6 -14 -5 -13 -5 -13 -5 -13 -5 -13 -5 -13 -5 -13 -5 -13 -5 -12 -4 -13 -4 -12 -4 -12 -4 -12 -5 -12 -5 -12 -4 -11 -5 -11 0 0 -5 -11 -5 -11 -5 -11 -5 -10 -5 -11 -5 -11 -6 -10 -6 -11 -6 -10 -7 -10 -7 -10 -7 -10 -7 -10 -7 -10 -7 -10 -8 -10 -8 -10 -8 -10 -8 -10 -8 -10 -9 -10 -9 -10 -9 -10 -9 -10 -9 -10 -9 -9 0 0 0 0 0 0 0 0 0 0]"
"1769235375181700,CSI_DATA,STATION,00:00:00:00:00:00,0,0,0,0,0,0,0,0,0,0,0,0,0,0,0,0,0,0,0,0,0,128,[84 -64 4 0 0 0 0 0 0 0 0 0 12 -6 13 -5 13 -5 13 -4 14 -4 13 -3 13 -4 13 -3 13 -3 14 -2 13 -2 13 -2 13 -1 13 -1 13 -1 13 -2 12 -1 12 0 12 -1 12 -1 12 0 11 -1 12 -1 11 -1 11 -1 11 -2 0 0 11 -2 11 -2 11 -2 11 -3 10 -2 11 -3 10 -3 10 -3 10 -4 10 -4 10 -4 10 -4 10 -4 10 -4 11 -5 10 -5 10 -5 11 -6 10 -5 10 -5 11 -6 11 -6 11 -6 10 -6 11 -6 11 -6 0 0 0 0 0 0 0 0 0 0]"
"1769235375185999,CSI_DATA,STATION,00:00:00:00:00:00,0,0,0,0,0,0,0,0,0,0,0,0,0,0,0,0,0,0,0,0,0,128,[84 -64 4 0 0 0 0 0 0 0 0 0 -13 7 -13 6 -13 5 -13 5 -14 4 -14 4 -14 4 -14 4 -13 3 -14 3 -14 2 -14 2 -13 1 -13 1 -13 1 -13 2 -13 2 -12 1 -13 1 -13 1 -13 1 -12 1 -12 1 -12 1 -12 1 -12 2 0 0 -12 2 -12 2 -11 2 -11 2 -11 2 -11 2 -11 3 -11 3 -11 3 -11 4 -11 4 -11 4 -11 4 -11 4 -11 4 -11 5 -10 5 -11 5 -11 6 -11 5 -11 6 -11 6 -11 6 -11 6 -11 6 -11 7 0 0 0 0 0 0 0 0 0 0]"
"1769235375190347,CSI_DATA,STATION,00:00:00:00:00:00,0,0,0,0,0,0,0,0,0,0,0,0,0,0,0,0,0,0,0,0,0,128,[84 -64 4 0 0 0 0 0 0 0 0 0 -11 5 -12 5 -12 4 -12 4 -12 4 -12 3 -12 3 -12 2 -12 2 -13 1 -12 2 -12 2 -12 1 -12 1 -12 1 -12 1 -12 1 -11 1 -11 1 -11 1 -11 1 -11 1 -11 1 -10 1 -10 1 -11 2 0 0 -10 2 -10 2 -10 2 -10 2 -10 2 -10 2 -9 3 -10 3 -10 3 -10 4 -10 4 -10 4 -10 4 -10 4 -10 4 -9 5 -9 4 -10 5 -9 5 -10 5 -10 5 -10 6 -10 5 -9 6 -9 6 -9 6 0 0 0 0 0 0 0 0 0 0]"
"1769235375196803,CSI_DATA,STATION,00:00:00:00:00:00,0,0,0,0,0,0,0,0,0,0,0,0,0,0,0,0,0,0,0,0,0,128,[84 -64 4 0 0 0 0 0 0 0 0 0 -14 2 -14 2 -14 1 -14 1 -14 1 -14 0 -14 -1 -15 -1 -14 -1 -15 -2 -14 -1 -14 -1 -13 -2 -13 -2 -13 -2 -13 -2 -13 -2 -13 -2 -13 -2 -12 -2 -12 -2 -12 -2 -12 -2 -12 -2 -12 -1 -12 -1 0 0 -12 -1 -12 -1 -11 -1 -12 0 -11 0 -11 0 -11 0 -12 0 -11 1 -12 1 -11 2 -11 1 -12 2 -11 2 -11 2 -12 2 -11 2 -12 3 -12 3 -12 3 -12 3 -12 3 -12 3 -11 4 -11 4 -12 4 0 0 0 0 0 0 0 0 0 0]"
"1769235375201131,CSI_DATA,STATION,00:00:00:00:00:00,0,0,0,0,0,0,0,0,0,0,0,0,0,0,0,0,0,0,0,0,0,128,[84 -64 4 0 0 0 0 0 0 0 0 0 -4 -14 -3 -14 -3 -14 -3 -14 -2 -14 -2 -14 -1 -14 -1 -14 -1 -14 0 -14 0 -13 0 -14 0 -13 0 -13 0 -14 0 -13 1 -13 1 -12 0 -13 0 -13 0 -12 0 -12 0 -12 0 -12 0 -12 0 -12 0 0 -1 -12 -1 -11 -1 -11 -2 -12 -2 -11 -2 -11 -2 -11 -3 -11 -3 -11 -3 -11 -3 -11 -3 -11 -3 -11 -4 -11 -4 -11 -4 -11 -5 -11 -5 -12 -5 -11 -5 -11 -5 -11 -6 -11 -6 -11 -6 -11 -6 -11 -6 -11 0 0 0 0 0 0 0 0 0 0]"
"1769235375207570,CSI_DATA,STATION,00:00:00:00:00:00,0,0,0,0,0,0,0,0,0,0,0,0,0,0,0,0,0,0,0,0,0,128,[84 -64 4 0 0 0 0 0 0 0 0 0 -16 -3 -15 -3 -16 -5 -15 -5 -16 -5 -15 -5 -15 -6 -15 -7 -14 -6 -14 -7 -14 -6 -14 -6 -13 -7 -13 -7 -13 -7 -13 -7 -12 -7 -12 -7 -12 -7 -13 -7 -12 -7 -12 -7 -12 -6 -12 -6 -12 -6 -12 -5 0 0 -11 -5 -12 -5 -12 -5 -12 -4 -12 -5 -12 -4 -12 -4 -12 -4 -12 -3 -13 -3 -12 -2 -13 -3 -13 -2 -13 -2 -13 -2 -13 -1 -13 -1 -13 -1 -13 -1 -13 -1 -13 -1 -14 -1 -14 -1 -13 0 -14 0 -14 0 0 0 0 0 0 0 0 0 0 0]"
"1769235375211895,CSI_DATA,STATION,00:00:00:00:00:00,0,0,0,0,0,0,0,0,0,0,0,0,0,0,0,0,0,0,0,0,0,128,[84 -64 4 0 0 0 0 0 0 0 0 0 -2 -16 -2 -16 -1 -17 -1 -16 0 -16 0 -16 0 -15 1 -16 1 -15 2 -16 2 -15 1 -14 2 -15 2 -14 2 -14 3 -14 3 -13 3 -13 3 -14 3 -14 2 -13 3 -13 3 -13 2 -13 1 -13 2 -13 0 0 2 -12 1 -12 1 -12 1 -13 1 -12 1 -12 0 -12 0 -12 0 -12 0 -13 -1 -12 -1 -12 -1 -12 -1 -13 -1 -13 -1 -13 -2 -13 -2 -13 -2 -13 -2 -13 -2 -13 -2 -13 -3 -13 -4 -13 -4 -13 -3 -13 0 0 0 0 0 0 0 0 0 0]"
"1769235375216231,CSI_DATA,STATION,00:00:00:00:00:00,0,0,0,0,0,0,0,0,0,0,0,0,0,0,0,0,0,0,0,0,0,128,[84 -64 4 0 0 0 0 0 0 0 0 0 14 -5 14 -5 14 -3 15 -4 14 -3 15 -3 14 -2 15 -2 14 -2 15 -1 14 -1 14 0 13 0 14 0 14 0 13 0 13 1 12 1 13 1 13 1 12 0 12 1 12 0 12 1 12 0 12 0 0 0 12 0 11 0 11 0 12 -1 11 -1 11 -1 11 -1 11 -2 11 -2 11 -2 11 -2 11 -2 11 -3 12 -2 11 -3 12 -4 11 -4 12 -4 12 -4 11 -4 12 -4 11 -4 12 -4 11 -5 12 -5 12 -5 0 0 0 0 0 0 0 0 0 0]"
"1769235375222657,CSI_DATA,STATION,00:00:00:00:00:00,0,0,0,0,0,0,0,0,0,0,0,0,0,0,0,0,0,0,0,0,0,128,[84 -64 4 0 0 0 0 0 0 0 0 0 11 7 11 7 11 8 11 8 10 8 10 8 9 8 9 9 9 8 9 9 8 9 8 9 8 9 8 9 8 9 7 9 7 9 7 9 7 9 7 9 7 8 7 8 7 8 7 8 7 8 7 7 0 0 7 7 7 7 8 7 7 7 7 7 8 6 8 6 8 6 8 6 8 6 8 5 8 6 8 5 9 5 9 5 9 5 9 4 10 4 10 4 9 4 10 4 10 4 10 4 10 4 10 4 11 4 0 0 0 0 0 0 0 0 0 0]"
"1769235375226990,CSI_DATA,STATION,00:00:00:00:00:00,0,0,0,0,0,0,0,0,0,0,0,0,0,0,0,0,0,0,0,0,0,128,[84 -64 4 0 0 0 0 0 0 0 0 0 -13 0 -12 -1 -13 -1 -12 -1 -12 -2 -12 -2 -13 -3 -12 -3 -12 -3 -12 -4 -11 -4 -11 -4 -11 -5 -11 -4 -11 -4 -11 -4 -10 -4 -11 -5 -11 -5 -10 -4 -10 -4 -10 -4 -10 -4 -10 -5 -10 -4 -10 -3 0 0 -9 -3 -10 -3 -9 -3 -10 -3 -10 -3 -10 -2 -9 -2 -10 -2 -10 -2 -10 -2 -10 -2 -10 -2 -10 -2 -10 -1 -10 -1 -10 -1 -10 -1 -10 -1 -11 0 -11 0 -11 0 -11 0 -11 0 -11 0 -10 0 -11 0 0 0 0 0 0 0 0 0 0 0]"
"1769235375231339,CSI_DATA,STATION,00:00:00:00:00:00,0,0,0,0,0,0,0,0,0,0,0,0,0,0,0,0,0,0,0,0,0,128,[84 -64 4 0 0 0 0 0 0 0 0 0 10 -12 10 -11 11 -11 11 -10 12 -10 12 -10 12 -9 12 -9 12 -8 13 -8 12 -8 12 -7 12 -7 11 -7 12 -6 12 -6 12 -7 12 -6 11 -6 12 -6 11 -6 11 -6 11 -6 11 -6 10 -6 10 -7 0 0 10 -6 10 -6 9 -6 10 -6 9 -7 9 -7 9 -7 9 -7 9 -7 9 -8 9 -8 8 -8 8 -8 8 -8 8 -9 8 -9 8 -9 8 -9 8 -9 8 -10 8 -10 8 -9 8 -10 7 -10 7 -11 7 -11 0 0 0 0 0 0 0 0 0 0]"
"1769235375237890,CSI_DATA,STATION,00:00:00:00:00:00,0,0,0,0,0,0,0,0,0,0,0,0,0,0,0,0,0,0,0,0,0,128,[84 -64 4 0 0 0 0 0 0 0 0 0 -4 -15 -3 -15 -2 -16 -2 -16 -2 -15 -1 -16 0 -15 0 -16 0 -15 0 -15 0 -15 1 -15 1 -14 1 -14 1 -15 2 -15 2 -14 2 -13 2 -14 2 -14 2 -13 1 -13 1 -13 1 -13 1 -13 1 -13 0 0 1 -12 1 -12 0 -13 0 -12 0 -12 0 -12 -1 -12 -1 -12 -1 -12 -2 -11 -2 -12 -2 -12 -2 -12 -2 -13 -2 -12 -2 -13 -3 -12 -3 -13 -3 -12 -3 -13 -3 -12 -3 -13 -4 -13 -4 -12 -4 -13 -4 -13 0 0 0 0 0 0 0 0 0 0]"
"1769235375250847,CSI_DATA,STATION,00:00:00:00:00:00,0,0,0,0,0,0,0,0,0,0,0,0,0,0,0,0,0,0,0,0,0,128,[84 -64 4 0 0 0 0 0 0 0 0 0 8 -13 9 -12 9 -12 9 -12 10 -12 11 -11 10 -11 11 -10 11 -10 11 -10 11 -9 11 -9 11 -9 11 -9 11 -8 11 -8 11 -8 11 -9 10 -8 10 -7 10 -8 10 -8 10 -8 10 -8 10 -8 9 -8 0 0 9 -8 8 -8 8 -8 8 -8 8 -8 8 -8 7 -8 7 -9 7 -9 7 -9 7 -9 7 -9 7 -9 7 -9 7 -10 6 -10 6 -11 6 -11 6 -11 5 -11 6 -11 5 -11 5 -11 5 -11 5 -12 5 -12 0 0 0 0 0 0 0 0 0 0]"
"1769235375255245,CSI_DATA,STATION,00:00:00:00:00:00,0,0,0,0,0,0,0,0,0,0,0,0,0,0,0,0,0,0,0,0,0,128,[84 -64 4 0 0 0 0 0 0 0 0 0 8 -13 9 -12 9 -12 9 -12 10 -12 10 -11 11 -10 11 -11 11 -10 11 -10 11 -9 11 -9 11 -9 10 -9 11 -9 11 -8 11 -8 11 -8 10 -8 10 -8 10 -8 10 -7 10 -8 10 -8 9 -8 9 -8 0 0 9 -8 8 -8 8 -8 8 -8 8 -8 8 -8 7 -9 8 -9 7 -9 7 -9 7 -10 7 -9 7 -10 7 -10 6 -10 6 -10 6 -11 6 -11 6 -11 6 -11 6 -11 6 -10 5 -11 5 -12 5 -12 5 -12 0 0 0 0 0 0 0 0 0 0]"
"1769235375261738,CSI_DATA,STATION,00:00:00:00:00:00,0,0,0,0,0,0,0,0,0,0,0,0,0,0,0,0,0,0,0,0,0,128,[84 -64 4 0 0 0 0 0 0 0 0 0 3 -15 4 -15 4 -15 5 -15 5 -15 6 -15 6 -14 6 -14 6 -14 7 -14 7 -13 7 -12 8 -13 7 -12 7 -12 7 -12 7 -11 7 -12 7 -12 7 -11 7 -11 6 -11 7 -11 7 -11 6 -11 6 -11 0 0 5 -11 5 -11 5 -11 5 -11 4 -11 4 -11 4 -11 4 -11 4 -11 4 -11 3 -11 3 -11 3 -11 3 -12 2 -12 2 -12 2 -13 2 -12 1 -13 1 -12 1 -12 1 -13 1 -13 1 -13 1 -13 1 -13 0 0 0 0 0 0 0 0 0 0]"
"1769235375266088,CSI_DATA,STATION,00:00:00:00:00:00,0,0,0,0,0,0,0,0,0,0,0,0,0,0,0,0,0,0,0,0,0,128,[84 -64 4 0 0 0 0 0 0 0 0 0 -12 10 -12 9 -13 9 -13 9 -13 8 -14 8 -13 7 -14 7 -14 6 -14 6 -14 6 -14 6 -13 5 -13 5 -14 4 -13 5 -13 5 -13 4 -13 4 -13 4 -13 4 -12 4 -12 4 -12 5 -12 4 -12 5 0 0 -12 5 -11 4 -10 5 -11 5 -11 5 -11 5 -10 6 -11 6 -10 6 -10 7 -10 7 -10 6 -10 7 -9 7 -10 7 -10 8 -9 8 -9 8 -9 8 -9 8 -9 8 -9 9 -9 8 -8 9 -9 9 -9 9 0 0 0 0 0 0 0 0 0 0]"
"1769235375272587,CSI_DATA,STATION,00:00:00:00:00:00,0,0,0,0,0,0,0,0,0,0,0,0,0,0,0,0,0,0,0,0,0,128,[84 -64 4 0 0 0 0 0 0 0 0 0 -11 11 -12 10 -12 10 -12 10 -13 9 -13 8 -13 8 -13 8 -13 8 -14 7 -14 7 -13 6 -13 6 -13 6 -13 5 -13 6 -13 6 -13 6 -12 5 -12 5 -12 5 -12 5 -12 5 -12 5 -11 5 -11 6 0 0 -11 5 -10 5 -10 6 -11 5 -10 5 -10 6 -10 6 -10 6 -10 7 -10 7 -9 7 -10 7 -9 7 -9 7 -9 7 -9 8 -8 8 -9 8 -9 9 -9 9 -9 9 -9 9 -8 9 -8 9 -9 9 -8 9 0 0 0 0 0 0 0 0 0 0]"
"1769235375276890,CSI_DATA,STATION,00:00:00:00:00:00,0,0,0,0,0,0,0,0,0,0,0,0,0,0,0,0,0,0,0,0,0,128,[84 -64 4 0 0 0 0 0 0 0 0 0 14 -6 14 -5 14 -4 15 -4 15 -3 15 -3 15 -2 15 -2 15 -2 15 -2 14 -1 14 -1 14 -1 14 -1 14 0 13 -1 13 0 13 0 13 0 13 -1 13 0 12 0 12 -1 12 -1 12 -1 12 -1 0 0 12 -2 11 -1 12 -2 11 -2 11 -2 11 -2 11 -2 11 -3 11 -3 10 -3 10 -4 11 -4 11 -4 11 -4 11 -5 11 -5 10 -5 11 -6 10 -6 11 -6 11 -6 11 -6 10 -6 10 -7 11 -7 11 -7 0 0 0 0 0 0 0 0 0 0]"
"1769235375283347,CSI_DATA,STATION,00:00:00:00:00:00,0,0,0,0,0,0,0,0,0,0,0,0,0,0,0,0,0,0,0,0,0,128,[84 -64 4 0 0 0 0 0 0 0 0 0 14 -6 15 -6 14 -5 14 -5 15 -4 15 -4 15 -3 15 -4 15 -2 14 -2 14 -2 14 -2 14 -2 14 -1 14 -1 13 -1 13 -1 12 -1 13 -1 13 -1 12 -1 12 -1 12 -1 12 -2 12 -2 12 -2 0 0 12 -2 11 -2 11 -2 11 -3 11 -3 11 -3 11 -3 11 -4 11 -4 10 -4 10 -5 10 -5 10 -5 11 -5 10 -5 11 -6 10 -6 11 -7 10 -7 10 -7 10 -7 10 -7 10 -7 10 -8 9 -8 10 -8 0 0 0 0 0 0 0 0 0 0]"
"1769235375287645,CSI_DATA,STATION,00:00:00:00:00:00,0,0,0,0,0,0,0,0,0,0,0,0,0,0,0,0,0,0,0,0,0,128,[84 -64 4 0 0 0 0 0 0 0 0 0 -12 11 -11 10 -12 10 -12 9 -13 9 -13 8 -13 9 -13 8 -13 7 -14 7 -13 7 -14 7 -13 6 -13 6 -13 5 -14 6 -13 6 -13 5 -12 5 -12 5 -12 5 -12 4 -12 5 -12 5 -12 5 -11 5 0 0 -11 5 -11 5 -10 5 -11 5 -11 6 -10 6 -10 6 -10 6 -10 6 -10 7 -10 7 -10 7 -10 7 -9 7 -10 7 -9 8 -9 8 -9 8 -9 8 -10 8 -9 8 -9 9 -9 9 -9 9 -9 9 -9 9 0 0 0 0 0 0 0 0 0 0]"
"1769235375291935,CSI_DATA,STATION,00:00:00:00:00:00,0,0,0,0,0,0,0,0,0,0,0,0,0,0,0,0,0,0,0,0,0,128,[84 -64 4 0 0 0 0 0 0 0 0 0 11 -11 11 -11 11 -11 11 -10 12 -10 12 -9 12 -9 13 -9 12 -9 13 -8 13 -7 13 -7 12 -7 12 -7 12 -6 13 -7 12 -7 12 -7 11 -6 12 -6 11 -6 11 -6 12 -6 11 -7 10 -6 11 -7 0 0 10 -7 10 -6 9 -6 9 -7 9 -7 9 -7 9 -8 9 -8 9 -8 9 -8 9 -8 8 -8 8 -8 8 -8 8 -9 7 -9 8 -10 8 -10 7 -10 7 -10 7 -10 7 -10 7 -11 7 -11 7 -11 7 -11 0 0 0 0 0 0 0 0 0 0]"
"1769235375298377,CSI_DATA,STATION,00:00:00:00:00:00,0,0,0,0,0,0,0,0,0,0,0,0,0,0,0,0,0,0,0,0,0,128,[84 -64 4 0 0 0 0 0 0 0 0 0 -11 11 -12 11 -12 10 -12 10 -13 9 -13 9 -13 9 -13 8 -13 8 -14 7 -13 7 -13 6 -13 7 -13 6 -14 6 -13 6 -13 6 -13 6 -12 6 -12 6 -12 6 -12 5 -12 5 -12 6 -11 5 -11 6 0 0 -11 6 -10 6 -10 6 -10 6 -10 7 -10 6 -9 7 -10 7 -9 7 -9 7 -9 8 -9 8 -9 8 -9 8 -9 8 -9 9 -8 9 -9 9 -8 9 -8 9 -8 9 -8 10 -8 10 -8 10 -8 10 -8 10 0 0 0 0 0 0 0 0 0 0]"
"1769235375302687,CSI_DATA,STATION,00:00:00:00:00:00,0,0,0,0,0,0,0,0,0,0,0,0,0,0,0,0,0,0,0,0,0,128,[84 -64 4 0 0 0 0 0 0 0 0 0 8 -13 9 -14 9 -13 10 -12 10 -13 10 -12 10 -11 11 -11 11 -11 11 -10 11 -10 11 -10 12 -9 11 -9 11 -9 11 -9 11 -9 11 -9 11 -9 11 -8 11 -8 10 -8 10 -8 10 -8 9 -8 10 -8 0 0 9 -8 8 -8 8 -8 8 -8 8 -9 8 -8 8 -9 8 -9 8 -9 8 -9 7 -10 7 -10 7 -10 7 -10 6 -10 6 -11 6 -11 6 -11 6 -11 6 -11 6 -11 6 -11 5 -11 5 -12 5 -12 5 -12 0 0 0 0 0 0 0 0 0 0]"
"1769235375309210,CSI_DATA,STATION,00:00:00:00:00:00,0,0,0,0,0,0,0,0,0,0,0,0,0,0,0,0,0,0,0,0,0,128,[84 -64 4 0 0 0 0 0 0 0 0 0 -15 -6 -15 -7 -14 -7 -15 -8 -14 -8 -14 -9 -13 -9 -13 -10 -13 -10 -12 -10 -13 -9 -12 -9 -12 -10 -12 -10 -12 -10 -11 -9 -11 -10 -11 -10 -11 -10 -10 -10 -10 -9 -10 -9 -10 -9 -11 -9 -10 -9 -11 -8 0 0 -11 -8 -10 -7 -10 -7 -10 -7 -11 -7 -11 -7 -11 -7 -11 -7 -11 -6 -11 -6 -12 -5 -11 -5 -11 -5 -12 -5 -11 -5 -12 -5 -12 -4 -13 -4 -12 -4 -13 -4 -13 -4 -13 -4 -12 -4 -13 -3 -13 -3 -13 -3 0 0 0 0 0 0 0 0 0 0]"
"1769235375313521,CSI_DATA,STATION,00:00:00:00:00:00,0,0,0,0,0,0,0,0,0,0,0,0,0,0,0,0,0,0,0,0,0,128,[84 -64 4 0 0 0 0 0 0 0 0 0 1 -16 1 -17 1 -16 2 -16 3 -16 4 -15 4 -15 4 -16 4 -15 5 -15 5 -14 5 -14 5 -14 5 -14 5 -14 5 -13 6 -13 6 -13 6 -13 5 -13 5 -13 5 -13 5 -12 5 -12 4 -12 4 -12 0 0 4 -12 4 -12 4 -12 3 -12 3 -12 3 -12 3 -12 2 -12 2 -12 2 -12 2 -12 2 -12 1 -12 2 -12 1 -13 1 -13 1 -13 1 -13 0 -13 1 -13 0 -13 0 -13 0 -13 0 -13 0 -13 0 -13 0 0 0 0 0 0 0 0 0 0]"
"1769235375317832,CSI_DATA,STATION,00:00:00:00:00:00,0,0,0,0,0,0,0,0,0,0,0,0,0,0,0,0,0,0,0,0,0,128,[84 -64 4 0 0 0 0 0 0 0 0 0 11 -12 11 -11 12 -11 11 -10 12 -10 13 -10 13 -9 13 -9 13 -8 13 -8 12 -8 13 -7 12 -7 13 -7 13 -6 13 -7 12 -7 12 -7 12 -6 12 -6 12 -6 11 -6 12 -6 11 -6 11 -6 11 -7 0 0 10 -7 11 -6 10 -7 10 -7 9 -7 9 -7 9 -7 9 -8 9 -8 9 -8 8 -8 9 -8 8 -9 8 -8 8 -9 8 -9 8 -10 8 -10 8 -10 8 -10 8 -10 7 -10 8 -10 7 -11 7 -11 7 -11 0 0 0 0 0 0 0 0 0 0]"
"1769235375324324,CSI_DATA,STATION,00:00:00:00:00:00,0,0,0,0,0,0,0,0,0,0,0,0,0,0,0,0,0,0,0,0,0,128,[84 -64 4 0 0 0 0 0 0 0 0 0 -4 15 -5 15 -6 15 -6 14 -6 14 -7 14 -8 14 -8 13 -8 13 -8 13 -8 13 -8 13 -8 12 -8 12 -9 12 -9 12 -9 11 -9 11 -9 11 -9 10 -8 11 -8 10 -8 10 -8 10 -7 10 -7 10 0 0 -7 10 -6 10 -6 10 -6 10 -6 10 -6 10 -5 11 -5 10 -5 10 -5 10 -4 11 -4 11 -4 11 -4 11 -4 11 -4 11 -3 11 -3 11 -3 12 -3 12 -3 12 -3 12 -2 12 -2 12 -2 12 -2 12 0 0 0 0 0 0 0 0 0 0]"
"1769235375328628,CSI_DATA,STATION,00:00:00:00:00:00,0,0,0,0,0,0,0,0,0,0,0,0,0,0,0,0,0,0,0,0,0,128,[84 -64 4 0 0 0 0 0 0 0 0 0 -4 15 -5 15 -6 14 -6 14 -6 14 -7 14 -8 13 -8 14 -8 13 -8 13 -8 13 -8 12 -9 12 -8 12 -9 12 -9 12 -9 11 -9 11 -9 11 -9 10 -8 10 -8 10 -8 10 -8 10 -7 10 -7 10 0 0 -7 10 -6 10 -6 10 -6 11 -6 10 -6 10 -6 10 -6 10 -6 11 -5 11 -5 11 -5 11 -4 11 -4 11 -4 11 -4 11 -3 11 -4 11 -4 12 -3 12 -3 12 -3 12 -3 12 -3 12 -3 12 -3 12 0 0 0 0 0 0 0 0 0 0]"
"1769235375335139,CSI_DATA,STATION,00:00:00:00:00:00,0,0,0,0,0,0,0,0,0,0,0,0,0,0,0,0,0,0,0,0,0,128,[84 -64 4 0 0 0 0 0 0 0 0 0 15 -1 15 -1 15 0 15 0 15 1 15 1 15 2 15 2 15 2 15 3 14 3 14 3 14 3 14 3 14 4 13 3 13 3 12 4 13 4 13 3 12 3 12 3 12 3 12 3 12 3 12 2 0 0 12 2 11 2 12 2 12 1 12 1 12 0 12 0 11 0 11 0 11 -1 11 -1 12 -1 12 -1 12 -1 12 -2 12 -2 12 -2 12 -3 12 -3 12 -3 12 -3 12 -3 12 -3 12 -3 12 -4 12 -4 0 0 0 0 0 0 0 0 0 0]"
"1769235375339674,CSI_DATA,STATION,00:00:00:00:00:00,0,0,0,0,0,0,0,0,0,0,0,0,0,0,0,0,0,0,0,0,0,128,[84 -64 4 0 0 0 0 0 0 0 0 0 13 -8 14 -8 14 -7 14 -7 14 -6 15 -6 14 -5 15 -5 15 -4 15 -4 14 -4 14 -4 14 -3 14 -3 14 -3 14 -3 14 -3 13 -3 13 -3 13 -2 13 -2 13 -2 13 -3 13 -3 12 -3 12 -3 0 0 12 -4 11 -3 11 -4 11 -4 11 -4 11 -4 11 -4 11 -5 11 -5 10 -5 11 -6 10 -6 10 -5 11 -6 10 -6 10 -7 10 -7 10 -7 10 -8 10 -8 10 -8 10 -8 10 -8 10 -8 10 -9 10 -9 0 0 0 0 0 0 0 0 0 0]"
"1769235375344081,CSI_DATA,STATION,00:00:00:00:00:00,0,0,0,0,0,0,0,0,0,0,0,0,0,0,0,0,0,0,0,0,0,128,[84 -64 4 0 0 0 0 0 0 0 0 0 -2 15 -3 15 -3 15 -4 15 -4 15 -5 14 -5 15 -5 15 -5 14 -6 15 -6 14 -6 14 -7 13 -6 13 -6 13 -6 13 -7 13 -6 12 -6 12 -6 12 -6 12 -6 12 -6 12 -6 11 -5 11 -5 11 0 0 -4 12 -4 11 -4 12 -4 11 -4 11 -3 11 -3 11 -2 11 -2 11 -2 11 -2 11 -2 12 -1 12 -1 12 -1 12 0 12 0 12 0 12 0 12 1 12 1 12 1 12 1 12 2 12 2 12 2 13 0 0 0 0 0 0 0 0 0 0]"
"1769235375350579,CSI_DATA,STATION,00:00:00:00:00:00,0,0,0,0,0,0,0,0,0,0,0,0,0,0,0,0,0,0,0,0,0,128,[84 -64 4 0 0 0 0 0 0 0 0 0 -8 14 -8 14 -9 13 -9 13 -9 13 -10 13 -10 12 -10 12 -10 11 -11 11 -11 11 -11 10 -11 10 -11 10 -11 10 -11 10 -11 9 -11 10 -11 9 -10 9 -10 9 -10 9 -10 9 -10 9 -10 9 -9 9 0 0 -9 9 -8 9 -8 9 -8 9 -9 9 -8 9 -8 9 -8 9 -7 10 -7 10 -7 10 -7 10 -7 10 -6 11 -6 10 -6 10 -6 11 -6 11 -6 11 -5 11 -6 11 -5 12 -5 11 -5 12 -5 12 -5 12 0 0 0 0 0 0 0 0 0 0]"
"1769235375354936,CSI_DATA,STATION,00:00:00:00:00:00,0,0,0,0,0,0,0,0,0,0,0,0,0,0,0,0,0,0,0,0,0,128,[84 -64 4 0 0 0 0 0 0 0 0 0 14 3 13 3 13 4 13 4 13 5 13 5 12 6 12 6 12 6 12 6 12 6 11 6 11 7 11 7 11 7 11 7 10 7 10 7 10 7 10 7 10 7 9 6 9 6 10 6 10 5 9 5 0 0 9 5 9 5 9 5 9 4 9 5 10 5 9 4 9 4 10 4 10 3 10 3 10 3 10 3 10 3 11 3 11 2 10 2 11 2 11 2 11 2 11 2 10 2 11 1 11 1 11 1 11 1 0 0 0 0 0 0 0 0 0 0]"
"1769235375359331,CSI_DATA,STATION,00:00:00:00:00:00,0,0,0,0,0,0,0,0,0,0,0,0,0,0,0,0,0,0,0,0,0,128,[84 -64 4 0 0 0 0 0 0 0 0 0 -2 15 -2 15 -3 16 -3 15 -3 15 -4 15 -5 15 -5 15 -5 15 -5 14 -6 14 -6 14 -6 13 -6 13 -6 13 -6 13 -6 12 -6 12 -6 12 -6 13 -6 12 -5 12 -5 12 -6 11 -5 12 -5 11 0 0 -5 11 -4 12 -4 11 -4 12 -4 12 -3 11 -3 12 -2 12 -2 11 -2 11 -2 12 -2 12 -2 12 -1 12 -2 12 -1 12 0 12 0 12 0 12 0 12 0 12 1 12 1 12 1 13 1 13 1 13 0 0 0 0 0 0 0 0 0 0]"
"1769235375365835,CSI_DATA,STATION,00:00:00:00:00:00,0,0,0,0,0,0,0,0,0,0,0,0,0,0,0,0,0,0,0,0,0,128,[84 -64 4 0 0 0 0 0 0 0 0 0 -15 6 -15 5 -16 5 -16 5 -16 4 -16 3 -15 3 -16 2 -16 3 -16 1 -16 1 -16 1 -15 0 -15 1 -16 0 -15 1 -15 1 -14 0 -14 0 -14 0 -14 0 -14 0 -14 1 -13 0 -13 1 -13 1 0 0 -13 1 -13 1 -13 2 -13 2 -13 2 -12 2 -12 3 -12 3 -12 4 -12 3 -12 4 -12 4 -12 4 -12 4 -12 4 -12 5 -11 5 -12 6 -12 6 -11 6 -11 6 -12 7 -11 6 -11 6 -12 7 -12 7 0 0 0 0 0 0 0 0 0 0]"
"1769235375370196,CSI_DATA,STATION,00:00:00:00:00:00,0,0,0,0,0,0,0,0,0,0,0,0,0,0,0,0,0,0,0,0,0,128,[84 -64 4 0 0 0 0 0 0 0 0 0 7 14 6 14 5 15 5 15 5 15 4 15 4 15 3 15 3 15 2 15 2 15 2 14 2 14 2 14 1 15 1 14 1 13 1 13 1 13 1 14 1 13 1 13 1 13 1 12 1 13 2 12 0 0 2 12 2 12 2 11 2 12 2 12 3 12 3 12 3 11 3 11 4 11 4 11 4 11 4 11 4 11 4 11 5 11 5 11 6 11 5 11 6 11 6 11 6 11 6 11 7 11 7 11 7 11 0 0 0 0 0 0 0 0 0 0]"
"1769235375376700,CSI_DATA,STATION,00:00:00:00:00:00,0,0,0,0,0,0,0,0,0,0,0,0,0,0,0,0,0,0,0,0,0,128,[84 -64 4 0 0 0 0 0 0 0 0 0 4 13 3 13 3 13 2 14 2 14 2 14 1 14 1 14 1 14 0 14 0 14 0 13 0 13 0 13 -1 13 -1 13 -1 12 -2 12 -1 12 -1 12 -1 12 -1 11 -1 12 -1 12 0 11 0 11 0 0 0 11 0 11 1 11 0 10 1 11 1 11 1 11 1 10 1 10 2 10 2 10 2 10 2 11 3 10 3 10 3 10 3 10 4 10 4 10 4 10 4 10 4 10 4 10 5 10 5 10 5 10 0 0 0 0 0 0 0 0 0 0]"
"1769235375381046,CSI_DATA,STATION,00:00:00:00:00:00,0,0,0,0,0,0,0,0,0,0,0,0,0,0,0,0,0,0,0,0,0,128,[84 -64 4 0 0 0 0 0 0 0 0 0 7 14 7 14 6 14 7 14 6 14 5 15 4 14 4 14 4 15 3 15 2 15 2 14 2 14 2 14 2 15 2 14 2 14 1 13 2 13 2 13 1 13 2 13 1 13 2 12 1 13 2 12 0 0 2 12 2 12 3 11 3 11 3 12 3 12 3 12 4 11 4 11 4 11 4 11 4 11 4 11 4 11 5 10 5 11 6 10 6 10 6 10 6 11 6 10 6 11 6 11 7 10 7 11 7 11 0 0 0 0 0 0 0 0 0 0]"
"1769235375385402,CSI_DATA,STATION,00:00:00:00:00:00,0,0,0,0,0,0,0,0,0,0,0,0,0,0,0,0,0,0,0,0,0,128,[84 -64 4 0 0 0 0 0 0 0 0 0 -12 9 -12 8 -12 8 -12 7 -12 7 -13 7 -13 7 -13 6 -13 6 -14 5 -13 6 -13 5 -13 5 -13 5 -13 4 -13 5 -13 4 -12 4 -12 3 -12 4 -12 4 -12 3 -12 4 -11 4 -11 4 -11 4 0 0 -11 4 -11 4 -10 4 -11 5 -10 4 -10 5 -10 5 -10 5 -10 6 -10 6 -9 6 -10 6 -9 6 -9 7 -9 7 -9 7 -9 7 -9 7 -9 8 -9 8 -9 8 -9 8 -9 8 -8 8 -8 9 -8 9 0 0 0 0 0 0 0 0 0 0]"
"1769235375391922,CSI_DATA,STATION,00:00:00:00:00:00,0,0,0,0,0,0,0,0,0,0,0,0,0,0,0,0,0,0,0,0,0,128,[84 -64 4 0 0 0 0 0 0 0 0 0 -15 0 -15 -1 -15 -2 -14 -2 -15 -3 -15 -3 -14 -4 -14 -4 -14 -4 -14 -5 -14 -4 -13 -4 -13 -5 -13 -5 -13 -5 -13 -5 -12 -5 -12 -5 -12 -5 -12 -6 -12 -6 -11 -5 -11 -5 -11 -5 -11 -5 -11 -4 0 0 -11 -5 -11 -4 -11 -4 -11 -3 -11 -4 -11 -4 -11 -3 -11 -3 -11 -3 -12 -3 -12 -2 -11 -2 -11 -2 -12 -2 -12 -2 -12 -1 -12 -2 -12 -1 -12 -1 -12 -1 -12 -1 -12 -1 -12 -1 -13 0 -13 0 -13 0 0 0 0 0 0 0 0 0 0 0]"
"1769235375396303,CSI_DATA,STATION,00:00:00:00:00:00,0,0,0,0,0,0,0,0,0,0,0,0,0,0,0,0,0,0,0,0,0,128,[84 -64 4 0 0 0 0 0 0 0 0 0 -9 -12 -9 -12 -9 -13 -8 -13 -7 -13 -7 -13 -6 -13 -6 -13 -6 -13 -5 -14 -6 -13 -5 -13 -5 -14 -5 -13 -4 -13 -4 -13 -4 -13 -4 -13 -4 -12 -4 -12 -4 -12 -4 -12 -4 -12 -4 -12 -4 -12 -4 -11 0 0 -4 -11 -4 -11 -5 -11 -5 -11 -5 -10 -5 -11 -5 -10 -5 -11 -5 -10 -6 -10 -6 -10 -6 -10 -6 -10 -6 -10 -7 -10 -7 -9 -7 -10 -7 -10 -8 -10 -8 -9 -8 -10 -8 -10 -8 -10 -9 -10 -9 -10 -8 -9 0 0 0 0 0 0 0 0 0 0]"
"1769235375402802,CSI_DATA,STATION,00:00:00:00:00:00,0,0,0,0,0,0,0,0,0,0,0,0,0,0,0,0,0,0,0,0,0,128,[84 -64 4 0 0 0 0 0 0 0 0 0 14 6 14 7 13 7 13 8 13 8 13 8 12 9 12 9 11 9 11 10 11 9 11 9 11 9 10 10 10 10 9 10 10 10 9 10 9 10 9 10 9 10 9 9 9 9 9 9 9 9 9 8 0 0 9 8 9 8 9 7 9 7 9 8 9 7 9 7 9 7 10 7 10 6 10 6 10 6 11 6 11 6 10 5 11 6 11 5 11 5 11 5 11 5 11 5 11 5 11 4 12 4 12 4 12 4 0 0 0 0 0 0 0 0 0 0]"
"1769235375407154,CSI_DATA,STATION,00:00:00:00:00:00,0,0,0,0,0,0,0,0,0,0,0,0,0,0,0,0,0,0,0,0,0,128,[84 -64 4 0 0 0 0 0 0 0 0 0 -15 0 -14 -1 -15 -2 -15 -2 -15 -2 -15 -3 -14 -3 -14 -4 -14 -4 -14 -4 -14 -4 -14 -4 -13 -5 -13 -5 -13 -5 -13 -5 -13 -5 -12 -5 -12 -5 -12 -5 -12 -6 -11 -5 -12 -5 -12 -5 -11 -5 -12 -4 0 0 -11 -4 -12 -4 -11 -3 -11 -4 -11 -4 -11 -3 -11 -3 -11 -4 -11 -3 -12 -2 -12 -2 -12 -2 -12 -2 -12 -2 -12 -1 -12 -1 -12 -1 -12 -1 -12 -1 -12 -1 -12 0 -13 0 -12 0 -13 0 -12 0 -13 1 0 0 0 0 0 0 0 0 0 0]"
"1769235375411487,CSI_DATA,STATION,00:00:00:00:00:00,0,0,0,0,0,0,0,0,0,0,0,0,0,0,0,0,0,0,0,0,0,128,[84 -64 4 0 0 0 0 0 0 0 0 0 6 -15 6 -15 7 -15 7 -14 8 -14 9 -14 8 -14 9 -13 9 -13 9 -12 9 -13 9 -13 9 -12 9 -11 10 -11 9 -11 9 -11 9 -11 9 -11 9 -10 9 -10 8 -10 8 -11 8 -11 8 -10 7 -10 0 0 7 -11 7 -10 7 -10 6 -10 6 -11 6 -10 6 -11 6 -11 6 -11 5 -11 5 -12 4 -12 5 -12 5 -12 4 -12 4 -12 4 -12 4 -13 4 -13 4 -13 3 -13 3 -13 3 -13 3 -13 2 -14 2 -14 0 0 0 0 0 0 0 0 0 0]"
"1769235375424326,CSI_DATA,STATION,00:00:00:00:00:00,0,0,0,0,0,0,0,0,0,0,0,0,0,0,0,0,0,0,0,0,0,128,[84 -64 4 0 0 0 0 0 0 0 0 0 -10 -8 -10 -9 -10 -9 -9 -10 -9 -10 -9 -10 -8 -10 -8 -10 -8 -11 -7 -11 -7 -10 -7 -10 -7 -11 -7 -11 -7 -11 -6 -10 -6 -11 -6 -10 -6 -10 -5 -10 -6 -10 -6 -10 -6 -9 -6 -9 -6 -9 -6 -9 0 0 -6 -9 -6 -8 -6 -8 -6 -8 -7 -8 -6 -8 -7 -8 -7 -8 -7 -8 -7 -7 -8 -7 -8 -7 -8 -7 -8 -7 -8 -7 -8 -7 -8 -7 -9 -7 -9 -7 -9 -7 -9 -6 -9 -6 -9 -6 -10 -6 -10 -6 -10 -6 0 0 0 0 0 0 0 0 0 0]"
"1769235375430802,CSI_DATA,STATION,00:00:00:00:00:00,0,0,0,0,0,0,0,0,0,0,0,0,0,0,0,0,0,0,0,0,0,128,[84 -64 4 0 0 0 0 0 0 0 0 0 6 12 5 12 5 13 5 13 4 13 4 13 3 13 2 13 2 13 2 13 2 13 2 13 2 12 2 13 1 13 2 13 1 12 1 12 1 12 1 12 1 12 1 11 1 12 1 11 1 11 2 11 0 0 2 10 2 11 2 10 2 10 2 10 3 10 3 10 3 10 3 10 4 10 4 9 4 10 4 10 4 10 5 10 5 9 5 9 5 9 5 10 5 9 6 9 6 9 6 10 7 9 7 9 6 9 0 0 0 0 0 0 0 0 0 0]"
"1769235375435210,CSI_DATA,STATION,00:00:00:00:00:00,0,0,0,0,0,0,0,0,0,0,0,0,0,0,0,0,0,0,0,0,0,128,[84 -64 4 0 0 0 0 0 0 0 0 0 -11 -12 -11 -13 -10 -13 -10 -13 -9 -14 -9 -14 -8 -14 -7 -14 -8 -14 -7 -15 -7 -14 -6 -14 -6 -14 -6 -14 -6 -15 -6 -14 -5 -13 -6 -13 -5 -14 -5 -14 -5 -13 -5 -13 -5 -13 -5 -13 -5 -13 -5 -12 0 0 -5 -12 -5 -12 -6 -12 -5 -11 -6 -12 -6 -12 -6 -11 -7 -11 -7 -11 -7 -11 -7 -11 -7 -11 -7 -10 -8 -11 -8 -10 -8 -10 -8 -11 -9 -11 -9 -10 -9 -10 -9 -10 -9 -10 -9 -10 -10 -10 -10 -10 -10 -10 0 0 0 0 0 0 0 0 0 0]"
"1769235375441894,CSI_DATA,STATION,00:00:00:00:00:00,0,0,0,0,0,0,0,0,0,0,0,0,0,0,0,0,0,0,0,0,0,128,[84 -64 4 0 0 0 0 0 0 0 0 0 14 1 14 1 13 2 13 3 13 3 13 3 13 4 13 4 12 4 12 5 12 4 12 5 12 5 12 5 11 5 11 5 11 5 11 5 11 6 11 5 10 5 10 5 10 5 10 5 10 4 10 4 0 0 10 4 10 3 10 3 10 3 10 4 10 3 10 3 10 3 10 2 10 2 10 2 11 2 11 2 11 1 11 1 11 1 11 1 11 0 11 1 11 0 11 0 11 0 11 0 11 0 11 -1 12 -1 0 0 0 0 0 0 0 0 0 0]"
"1769235375446232,CSI_DATA,STATION,00:00:00:00:00:00,0,0,0,0,0,0,0,0,0,0,0,0,0,0,0,0,0,0,0,0,0,128,[84 -64 4 0 0 0 0 0 0 0 0 0 3 15 2 15 1 15 1 15 0 15 -1 16 -1 15 -1 15 -2 15 -2 15 -2 15 -2 14 -2 14 -2 14 -3 14 -3 13 -4 14 -3 12 -3 13 -3 13 -3 13 -3 13 -3 12 -3 12 -2 12 -2 13 0 0 -2 12 -1 12 -1 12 -1 11 -1 12 -1 11 -1 12 -1 11 -1 12 0 11 0 12 1 12 1 12 1 12 1 12 1 12 2 11 1 12 2 12 2 12 2 12 2 12 2 12 3 12 3 12 3 13 0 0 0 0 0 0 0 0 0 0]"
"1769235375452805,CSI_DATA,STATION,00:00:00:00:00:00,0,0,0,0,0,0,0,0,0,0,0,0,0,0,0,0,0,0,0,0,0,128,[84 -64 4 0 0 0 0 0 0 0 0 0 -6 -12 -5 -12 -5 -12 -4 -12 -4 -13 -4 -13 -3 -12 -3 -13 -2 -13 -3 -13 -3 -12 -2 -12 -2 -12 -2 -12 -1 -12 -1 -12 -2 -12 -2 -11 -1 -12 -1 -12 -1 -11 -1 -11 -2 -11 -2 -11 -2 -10 -2 -11 0 0 -2 -10 -2 -10 -2 -10 -2 -10 -3 -10 -3 -10 -3 -10 -3 -10 -3 -10 -4 -10 -4 -9 -4 -10 -4 -10 -4 -10 -4 -10 -5 -9 -5 -10 -5 -10 -5 -10 -6 -10 -5 -9 -6 -10 -6 -9 -7 -9 -6 -9 -6 -10 0 0 0 0 0 0 0 0 0 0]"
"1769235375457200,CSI_DATA,STATION,00:00:00:00:00:00,0,0,0,0,0,0,0,0,0,0,0,0,0,0,0,0,0,0,0,0,0,128,[84 -64 4 0 0 0 0 0 0 0 0 0 3 15 2 15 2 15 1 15 1 15 0 15 -1 15 -1 15 -1 15 -2 15 -2 14 -2 14 -2 14 -2 14 -3 14 -2 14 -3 13 -3 13 -3 13 -3 13 -3 13 -3 12 -3 13 -2 12 -2 12 -2 12 0 0 -1 12 -1 12 -1 12 -1 12 -1 12 -1 12 0 12 0 12 0 11 0 11 1 12 1 12 1 12 1 12 1 11 2 12 2 12 2 12 2 12 2 12 3 12 3 12 3 12 4 12 4 12 4 12 0 0 0 0 0 0 0 0 0 0]"
"1769235375461550,CSI_DATA,STATION,00:00:00:00:00:00,0,0,0,0,0,0,0,0,0,0,0,0,0,0,0,0,0,0,0,0,0,128,[84 -64 4 0 0 0 0 0 0 0 0 0 -16 2 -16 2 -16 1 -16 1 -16 0 -16 0 -16 -1 -16 -2 -16 -2 -15 -2 -15 -2 -15 -2 -15 -3 -15 -3 -15 -3 -14 -3 -14 -3 -14 -4 -14 -4 -14 -4 -14 -4 -13 -4 -13 -3 -13 -3 -13 -3 -13 -2 0 0 -12 -2 -13 -2 -13 -1 -13 -1 -13 -2 -13 -1 -12 -1 -13 -1 -13 0 -13 0 -13 0 -13 0 -13 0 -13 0 -13 0 -13 1 -13 1 -13 1 -13 2 -13 2 -13 2 -13 2 -13 2 -13 3 -13 3 -14 3 0 0 0 0 0 0 0 0 0 0]"
"1769235375468161,CSI_DATA,STATION,00:00:00:00:00:00,0,0,0,0,0,0,0,0,0,0,0,0,0,0,0,0,0,0,0,0,0,128,[84 -64 4 0 0 0 0 0 0 0 0 0 -8 -14 -7 -14 -7 -14 -6 -15 -6 -15 -6 -16 -5 -15 -5 -15 -4 -15 -4 -16 -4 -15 -4 -15 -3 -15 -3 -15 -3 -15 -3 -14 -3 -14 -3 -14 -3 -14 -3 -14 -3 -13 -3 -14 -3 -13 -3 -13 -3 -13 -3 -12 0 0 -4 -13 -4 -12 -4 -12 -4 -12 -4 -12 -4 -12 -5 -12 -5 -12 -5 -12 -6 -11 -6 -11 -6 -11 -6 -11 -6 -11 -7 -11 -7 -11 -8 -11 -8 -11 -8 -11 -8 -11 -8 -11 -9 -11 -8 -11 -9 -11 -9 -11 -9 -11 0 0 0 0 0 0 0 0 0 0]"
"1769235375472498,CSI_DATA,STATION,00:00:00:00:00:00,0,0,0,0,0,0,0,0,0,0,0,0,0,0,0,0,0,0,0,0,0,128,[84 -64 4 0 0 0 0 0 0 0 0 0 -9 11 -10 10 -10 10 -10 10 -10 9 -11 9 -11 9 -12 8 -11 8 -11 7 -11 8 -11 7 -11 7 -11 7 -12 7 -11 6 -11 7 -11 7 -11 6 -11 5 -11 6 -10 6 -10 6 -10 6 -10 6 -10 6 0 0 -10 6 -9 6 -9 7 -9 6 -9 7 -9 6 -8 6 -8 7 -8 8 -8 7 -8 8 -8 8 -8 8 -8 8 -7 8 -7 9 -7 8 -7 9 -7 9 -7 9 -7 9 -7 9 -6 9 -6 10 -7 10 -6 10 0 0 0 0 0 0 0 0 0 0]"
"1769235375476837,CSI_DATA,STATION,00:00:00:00:00:00,0,0,0,0,0,0,0,0,0,0,0,0,0,0,0,0,0,0,0,0,0,128,[84 -64 4 0 0 0 0 0 0 0 0 0 6 12 6 12 5 12 5 13 5 13 4 13 4 13 3 12 3 13 3 13 2 13 2 12 2 12 2 12 1 13 2 12 1 12 1 12 1 12 1 12 2 11 1 11 1 11 1 11 1 11 2 11 0 0 2 10 2 11 2 10 2 10 3 10 3 10 3 10 3 10 3 9 4 10 4 9 4 10 4 10 4 9 4 10 5 9 5 9 5 9 5 9 6 9 6 9 6 9 6 10 7 9 7 9 7 9 0 0 0 0 0 0 0 0 0 0]"
"1769235375483376,CSI_DATA,STATION,00:00:00:00:00:00,0,0,0,0,0,0,0,0,0,0,0,0,0,0,0,0,0,0,0,0,0,128,[84 -64 4 0 0 0 0 0 0 0 0 0 -14 -4 -14 -5 -13 -5 -13 -6 -13 -6 -13 -7 -13 -6 -13 -6 -12 -7 -12 -8 -12 -7 -12 -7 -12 -8 -11 -8 -11 -8 -10 -8 -11 -8 -10 -7 -10 -8 -10 -8 -11 -8 -10 -8 -10 -7 -10 -7 -10 -7 -10 -7 0 0 -10 -6 -10 -6 -10 -6 -10 -5 -10 -6 -10 -6 -10 -5 -11 -5 -10 -5 -10 -4 -11 -4 -11 -5 -11 -4 -11 -4 -11 -4 -11 -4 -11 -4 -12 -4 -12 -3 -12 -3 -12 -3 -12 -3 -12 -3 -13 -3 -12 -3 -13 -3 0 0 0 0 0 0 0 0 0 0]"
"1769235375487713,CSI_DATA,STATION,00:00:00:00:00:00,0,0,0,0,0,0,0,0,0,0,0,0,0,0,0,0,0,0,0,0,0,128,[84 -64 4 0 0 0 0 0 0 0 0 0 -3 -15 -3 -16 -2 -15 -2 -16 -1 -15 -1 -16 0 -16 0 -15 1 -16 1 -15 1 -15 1 -15 1 -15 1 -15 2 -15 1 -14 2 -14 2 -13 1 -14 2 -14 2 -13 1 -13 1 -13 1 -13 1 -13 1 -14 0 0 0 -13 0 -12 0 -13 0 -12 -1 -13 0 -13 -1 -13 -1 -12 -1 -12 -2 -12 -2 -12 -2 -12 -2 -12 -2 -13 -3 -12 -3 -13 -3 -12 -4 -14 -3 -13 -4 -13 -4 -13 -4 -13 -5 -13 -6 -13 -5 -13 -5 -13 0 0 0 0 0 0 0 0 0 0]"
"1769235375494199,CSI_DATA,STATION,00:00:00:00:00:00,0,0,0,0,0,0,0,0,0,0,0,0,0,0,0,0,0,0,0,0,0,128,[84 -64 4 0 0 0 0 0 0 0 0 0 13 -8 13 -7 13 -7 13 -7 14 -6 14 -6 14 -6 14 -4 14 -5 14 -4 14 -4 14 -4 13 -3 14 -4 14 -3 13 -3 13 -3 13 -3 13 -3 13 -2 12 -2 12 -3 12 -3 12 -3 12 -3 12 -3 0 0 12 -3 11 -4 11 -4 11 -4 11 -4 11 -4 11 -4 11 -5 11 -5 11 -6 10 -6 10 -6 10 -6 10 -6 10 -7 10 -7 10 -7 10 -7 10 -8 10 -8 10 -8 10 -7 10 -8 10 -9 10 -9 10 -9 0 0 0 0 0 0 0 0 0 0]"
"1769235375498540,CSI_DATA,STATION,00:00:00:00:00:00,0,0,0,0,0,0,0,0,0,0,0,0,0,0,0,0,0,0,0,0,0,128,[84 -64 4 0 0 0 0 0 0 0 0 0 12 -6 12 -6 12 -5 13 -5 12 -4 13 -5 13 -4 13 -4 13 -4 13 -3 13 -3 13 -3 12 -2 12 -2 13 -2 12 -2 12 -2 11 -2 12 -1 12 -2 11 -2 11 -2 11 -2 11 -2 11 -2 11 -2 0 0 11 -2 10 -3 10 -3 10 -3 10 -3 10 -4 10 -3 10 -4 10 -4 10 -4 10 -4 10 -4 10 -4 10 -4 10 -5 10 -6 9 -5 10 -6 10 -6 10 -6 10 -7 9 -6 9 -6 9 -7 10 -7 10 -7 0 0 0 0 0 0 0 0 0 0]"
"1769235375502872,CSI_DATA,STATION,00:00:00:00:00:00,0,0,0,0,0,0,0,0,0,0,0,0,0,0,0,0,0,0,0,0,0,128,[84 -64 4 0 0 0 0 0 0 0 0 0 10 8 10 8 10 9 9 9 9 10 8 10 8 10 8 10 8 10 8 11 7 11 7 10 7 11 7 10 6 10 6 10 6 10 6 10 5 10 5 10 6 10 6 10 6 9 6 9 6 9 6 9 0 0 6 8 6 9 6 8 6 8 6 8 6 8 6 8 7 8 7 8 7 7 7 7 7 7 8 8 8 7 8 7 8 7 9 7 8 6 9 7 8 6 9 7 8 7 9 6 9 6 9 6 10 6 0 0 0 0 0 0 0 0 0 0]"
"1769235375509336,CSI_DATA,STATION,00:00:00:00:00:00,0,0,0,0,0,0,0,0,0,0,0,0,0,0,0,0,0,0,0,0,0,128,[84 -64 4 0 0 0 0 0 0 0 0 0 -14 1 -14 0 -14 0 -14 -1 -14 -1 -14 -2 -14 -2 -14 -2 -13 -3 -14 -3 -13 -3 -13 -3 -13 -4 -13 -4 -13 -4 -13 -4 -12 -4 -12 -4 -12 -4 -12 -4 -12 -4 -12 -4 -12 -4 -12 -4 -12 -4 -12 -3 0 0 -11 -3 -11 -3 -11 -3 -11 -3 -11 -3 -11 -3 -11 -2 -11 -2 -11 -2 -12 -2 -12 -1 -11 -1 -11 -1 -12 -1 -12 -1 -12 -1 -11 -1 -12 0 -12 0 -12 0 -13 0 -12 0 -12 0 -13 1 -13 1 -13 1 0 0 0 0 0 0 0 0 0 0]"
"1769235375513682,CSI_DATA,STATION,00:00:00:00:00:00,0,0,0,0,0,0,0,0,0,0,0,0,0,0,0,0,0,0,0,0,0,128,[84 -64 4 0 0 0 0 0 0 0 0 0 -14 -2 -14 -2 -14 -3 -14 -4 -14 -4 -14 -4 -13 -5 -13 -5 -13 -5 -13 -6 -13 -6 -13 -6 -12 -6 -12 -6 -12 -6 -12 -5 -11 -6 -11 -6 -11 -6 -11 -6 -11 -6 -11 -6 -11 -6 -11 -6 -10 -5 -11 -5 0 0 -11 -4 -11 -5 -11 -4 -11 -4 -11 -4 -11 -4 -11 -4 -11 -4 -11 -3 -11 -3 -12 -2 -11 -3 -12 -2 -12 -2 -11 -2 -12 -1 -11 -2 -12 -1 -12 -1 -13 -1 -12 -1 -12 -1 -12 -1 -13 0 -13 0 -13 0 0 0 0 0 0 0 0 0 0 0]"
"1769235375520179,CSI_DATA,STATION,00:00:00:00:00:00,0,0,0,0,0,0,0,0,0,0,0,0,0,0,0,0,0,0,0,0,0,128,[84 -64 4 0 0 0 0 0 0 0 0 0 14 -6 13 -6 14 -5 14 -4 14 -4 14 -4 14 -3 14 -3 14 -3 14 -2 14 -2 14 -2 14 -2 13 -1 14 -1 13 -1 13 -1 13 -1 13 -1 13 -1 12 -1 12 -1 13 -1 13 -2 12 -1 12 -2 0 0 11 -2 11 -1 11 -2 11 -2 12 -2 11 -2 11 -3 11 -3 11 -3 11 -4 11 -4 11 -4 11 -4 11 -4 11 -5 11 -5 11 -6 11 -6 11 -6 11 -6 11 -6 11 -5 12 -6 11 -7 11 -7 11 -7 0 0 0 0 0 0 0 0 0 0]"
"1769235375524519,CSI_DATA,STATION,00:00:00:00:00:00,0,0,0,0,0,0,0,0,0,0,0,0,0,0,0,0,0,0,0,0,0,128,[84 -64 4 0 0 0 0 0 0 0 0 0 9 -12 10 -12 10 -11 10 -11 10 -11 11 -10 11 -10 12 -10 12 -9 12 -9 12 -9 12 -9 11 -8 11 -8 11 -7 11 -7 11 -7 11 -7 11 -7 11 -7 11 -7 11 -7 11 -7 10 -7 10 -7 10 -7 0 0 10 -7 10 -7 9 -7 9 -8 9 -8 9 -8 8 -8 9 -8 8 -8 9 -9 8 -9 8 -9 8 -9 8 -9 8 -10 8 -10 7 -10 8 -10 8 -10 7 -10 8 -11 8 -10 7 -11 7 -11 7 -12 7 -12 0 0 0 0 0 0 0 0 0 0]"
"1769235375528856,CSI_DATA,STATION,00:00:00:00:00:00,0,0,0,0,0,0,0,0,0,0,0,0,0,0,0,0,0,0,0,0,0,128,[84 -64 4 0 0 0 0 0 0 0 0 0 10 10 10 10 10 11 9 11 9 12 8 11 8 11 8 12 7 12 7 13 7 12 7 12 7 12 6 12 6 12 6 12 5 12 5 12 5 11 5 12 5 11 5 11 5 11 6 11 5 11 5 10 0 0 6 10 5 10 6 10 5 10 6 10 6 10 6 10 6 9 7 9 7 9 7 9 7 9 7 9 8 9 8 9 8 9 8 9 8 8 9 8 8 8 9 8 9 9 9 8 9 8 10 8 10 8 0 0 0 0 0 0 0 0 0 0]"
"1769235375535365,CSI_DATA,STATION,00:00:00:00:00:00,0,0,0,0,0,0,0,0,0,0,0,0,0,0,0,0,0,0,0,0,0,128,[84 -64 4 0 0 0 0 0 0 0 0 0 14 -4 14 -3 14 -2 14 -3 15 -2 14 -2 15 -1 15 0 15 -1 15 0 14 0 14 0 14 1 14 1 14 2 13 1 13 1 13 1 13 1 13 1 13 1 12 1 13 1 12 0 12 0 12 0 0 0 12 0 12 0 11 0 12 -1 11 -1 12 -1 12 -1 11 -1 12 -2 11 -2 11 -2 12 -2 11 -2 11 -2 12 -3 12 -4 12 -4 12 -4 12 -5 12 -4 12 -5 12 -5 12 -5 12 -5 12 -5 12 -5 0 0 0 0 0 0 0 0 0 0]"
"1769235375539775,CSI_DATA,STATION,00:00:00:00:00:00,0,0,0,0,0,0,0,0,0,0,0,0,0,0,0,0,0,0,0,0,0,128,[84 -64 4 0 0 0 0 0 0 0 0 0 -15 -3 -16 -3 -16 -4 -15 -4 -15 -4 -15 -5 -15 -5 -15 -6 -14 -6 -14 -7 -14 -7 -13 -7 -13 -7 -13 -7 -12 -7 -13 -7 -12 -7 -12 -7 -12 -7 -12 -8 -12 -8 -12 -7 -12 -7 -12 -7 -11 -7 -11 -6 0 0 -11 -6 -11 -6 -11 -6 -11 -6 -12 -5 -11 -5 -12 -5 -12 -6 -12 -5 -12 -5 -12 -4 -12 -4 -12 -4 -12 -4 -12 -4 -13 -3 -13 -4 -13 -4 -13 -3 -13 -3 -13 -3 -13 -3 -13 -3 -14 -3 -14 -3 -13 -3 0 0 0 0 0 0 0 0 0 0]"
"1769235375544189,CSI_DATA,STATION,00:00:00:00:00:00,0,0,0,0,0,0,0,0,0,0,0,0,0,0,0,0,0,0,0,0,0,128,[84 -64 4 0 0 0 0 0 0 0 0 0 -4 -15 -4 -15 -3 -15 -2 -15 -2 -16 -2 -15 -1 -15 -1 -15 0 -15 0 -15 0 -16 0 -15 1 -14 0 -14 1 -15 1 -14 1 -13 1 -14 1 -14 1 -14 1 -13 1 -13 1 -14 1 -13 1 -13 0 -13 0 0 0 -12 0 -13 -1 -13 -1 -13 -1 -13 -1 -13 -1 -13 -1 -13 -1 -12 -1 -12 -2 -13 -2 -12 -2 -12 -2 -13 -3 -13 -3 -13 -4 -13 -3 -13 -3 -13 -4 -13 -4 -13 -4 -13 -4 -13 -5 -13 -5 -13 -5 -13 0 0 0 0 0 0 0 0 0 0]"
"1769235375550713,CSI_DATA,STATION,00:00:00:00:00:00,0,0,0,0,0,0,0,0,0,0,0,0,0,0,0,0,0,0,0,0,0,128,[84 -64 4 0 0 0 0 0 0 0 0 0 -8 13 -9 12 -9 12 -9 11 -10 11 -11 11 -11 10 -11 11 -11 10 -11 9 -11 9 -11 9 -11 9 -11 9 -11 8 -11 9 -12 8 -11 8 -11 7 -11 7 -11 7 -11 7 -11 7 -11 8 -10 7 -10 8 0 0 -10 8 -9 7 -9 8 -10 8 -9 8 -9 7 -9 8 -9 8 -9 8 -9 9 -8 9 -8 9 -8 9 -8 10 -8 10 -8 10 -8 10 -8 10 -8 10 -8 10 -8 10 -7 11 -7 11 -7 11 -7 11 -7 11 0 0 0 0 0 0 0 0 0 0]"
"1769235375555027,CSI_DATA,STATION,00:00:00:00:00:00,0,0,0,0,0,0,0,0,0,0,0,0,0,0,0,0,0,0,0,0,0,128,[84 -64 4 0 0 0 0 0 0 0 0 0 -10 -12 -10 -12 -9 -13 -8 -13 -8 -13 -8 -14 -8 -13 -7 -14 -7 -13 -6 -14 -6 -13 -6 -14 -6 -14 -6 -14 -5 -14 -5 -13 -6 -13 -5 -13 -5 -13 -5 -13 -5 -13 -5 -13 -5 -13 -5 -13 -5 -12 -5 -12 0 0 -5 -12 -6 -12 -6 -11 -6 -11 -6 -11 -6 -11 -6 -11 -7 -11 -7 -11 -7 -11 -8 -10 -8 -10 -8 -10 -8 -10 -8 -10 -9 -10 -9 -10 -9 -10 -9 -9 -10 -10 -9 -10 -10 -10 -9 -10 -10 -10 -10 -10 -10 -10 0 0 0 0 0 0 0 0 0 0]"
"1769235375561491,CSI_DATA,STATION,00:00:00:00:00:00,0,0,0,0,0,0,0,0,0,0,0,0,0,0,0,0,0,0,0,0,0,128,[84 -64 4 0 0 0 0 0 0 0 0 0 6 -14 7 -14 7 -14 7 -13 8 -13 8 -13 8 -12 9 -12 9 -12 9 -12 9 -11 9 -11 9 -10 9 -10 9 -10 9 -10 10 -11 9 -10 9 -10 9 -10 9 -9 9 -10 9 -10 9 -10 8 -9 8 -10 0 0 8 -10 7 -9 7 -10 7 -10 7 -10 7 -10 6 -10 7 -10 6 -10 6 -11 6 -11 6 -11 5 -11 5 -11 5 -12 5 -12 5 -12 5 -12 5 -12 5 -12 5 -12 5 -13 4 -13 4 -13 4 -13 4 -13 0 0 0 0 0 0 0 0 0 0]"
"1769235375565820,CSI_DATA,STATION,00:00:00:00:00:00,0,0,0,0,0,0,0,0,0,0,0,0,0,0,0,0,0,0,0,0,0,128,[84 -64 4 0 0 0 0 0 0 0 0 0 6 12 5 13 5 14 5 14 4 13 4 14 3 14 3 14 3 14 2 14 2 14 2 13 1 14 1 13 1 14 1 13 1 13 0 12 1 13 1 13 1 12 1 12 1 12 1 12 1 12 1 12 0 0 1 12 2 12 2 12 2 11 3 11 3 11 2 11 3 11 3 11 3 11 3 11 4 11 4 12 4 11 4 11 5 11 5 11 5 11 5 11 5 11 6 11 5 11 6 11 6 11 6 11 6 11 0 0 0 0 0 0 0 0 0 0]"
"1769235375572298,CSI_DATA,STATION,00:00:00:00:00:00,0,0,0,0,0,0,0,0,0,0,0,0,0,0,0,0,0,0,0,0,0,128,[84 -64 4 0 0 0 0 0 0 0 0 0 -12 -11 -11 -11 -11 -11 -10 -12 -10 -12 -10 -12 -9 -13 -8 -13 -8 -13 -8 -14 -8 -12 -8 -13 -8 -13 -8 -13 -7 -13 -7 -13 -7 -13 -7 -12 -7 -12 -6 -13 -6 -13 -6 -12 -6 -12 -7 -12 -6 -12 -6 -11 0 0 -6 -11 -7 -11 -6 -11 -7 -10 -7 -11 -7 -11 -7 -10 -7 -11 -8 -10 -8 -10 -9 -10 -8 -10 -9 -9 -8 -10 -9 -9 -9 -10 -9 -10 -9 -10 -9 -10 -10 -10 -10 -9 -10 -10 -10 -10 -11 -9 -11 -9 -11 -9 0 0 0 0 0 0 0 0 0 0]"
"1769235375576587,CSI_DATA,STATION,00:00:00:00:00:00,0,0,0,0,0,0,0,0,0,0,0,0,0,0,0,0,0,0,0,0,0,128,[84 -64 4 0 0 0 0 0 0 0 0 0 10 -11 10 -11 10 -10 11 -10 11 -10 12 -9 12 -9 12 -8 12 -8 13 -8 12 -7 12 -8 12 -7 12 -7 12 -6 12 -6 12 -7 11 -6 12 -6 12 -6 11 -5 11 -5 11 -6 11 -6 11 -5 11 -6 0 0 11 -6 10 -5 10 -6 10 -6 10 -6 10 -6 10 -7 10 -7 10 -7 10 -7 9 -7 9 -7 9 -8 9 -7 9 -8 9 -9 9 -9 9 -9 9 -9 9 -9 9 -9 9 -9 9 -9 9 -10 9 -10 9 -10 0 0 0 0 0 0 0 0 0 0]"
"1769235375580902,CSI_DATA,STATION,00:00:00:00:00:00,0,0,0,0,0,0,0,0,0,0,0,0,0,0,0,0,0,0,0,0,0,128,[84 -64 4 0 0 0 0 0 0 0 0 0 4 14 3 14 3 15 2 14 2 14 1 15 1 14 0 15 0 14 0 15 1 14 0 14 -1 13 -1 14 -1 13 -1 13 -1 13 -2 12 -2 13 -2 13 -2 13 -2 12 -1 12 -1 12 0 12 0 12 0 0 0 12 0 12 1 11 0 12 0 12 0 12 0 11 1 12 1 11 2 11 2 11 2 11 2 11 2 12 3 12 3 12 3 11 3 11 3 12 3 12 4 12 4 12 4 12 5 12 5 12 4 12 0 0 0 0 0 0 0 0 0 0]"
"1769235375587331,CSI_DATA,STATION,00:00:00:00:00:00,0,0,0,0,0,0,0,0,0,0,0,0,0,0,0,0,0,0,0,0,0,128,[84 -64 4 0 0 0 0 0 0 0 0 0 10 -10 11 -10 11 -9 12 -9 12 -9 13 -9 12 -8 12 -8 13 -7 12 -7 13 -7 12 -6 12 -7 12 -6 12 -6 12 -6 12 -6 12 -6 12 -6 12 -6 11 -6 11 -6 11 -6 11 -6 11 -5 11 -6 0 0 11 -6 10 -6 10 -7 10 -6 10 -7 10 -6 9 -7 9 -8 9 -8 9 -8 9 -8 9 -8 9 -8 9 -8 9 -9 9 -9 8 -9 9 -10 8 -10 8 -10 8 -10 8 -10 8 -10 8 -11 8 -11 8 -11 0 0 0 0 0 0 0 0 0 0]"
"1769235375598016,CSI_DATA,STATION,00:00:00:00:00:00,0,0,0,0,0,0,0,0,0,0,0,0,0,0,0,0,0,0,0,0,0,128,[84 -64 4 0 0 0 0 0 0 0 0 0 -15 8 -15 7 -15 7 -15 7 -16 6 -16 6 -16 5 -16 4 -16 4 -17 4 -16 4 -16 3 -16 3 -16 3 -16 3 -16 3 -16 3 -15 3 -15 2 -15 2 -15 2 -14 2 -14 3 -14 2 -13 2 -14 3 0 0 -14 3 -13 3 -13 4 -13 4 -13 4 -13 4 -13 4 -13 4 -13 5 -13 5 -12 6 -13 5 -12 6 -13 6 -12 6 -13 7 -12 7 -12 7 -12 8 -13 7 -13 8 -13 8 -12 8 -12 9 -12 9 -12 9 0 0 0 0 0 0 0 0 0 0]"
"1769235375604475,CSI_DATA,STATION,00:00:00:00:00:00,0,0,0,0,0,0,0,0,0,0,0,0,0,0,0,0,0,0,0,0,0,128,[84 -64 4 0 0 0 0 0 0 0 0 0 -7 -14 -6 -14 -6 -14 -6 -14 -5 -15 -4 -15 -4 -15 -3 -15 -3 -15 -3 -15 -2 -14 -3 -14 -2 -14 -2 -14 -2 -15 -1 -14 -2 -14 -2 -13 -2 -14 -1 -14 -1 -13 -1 -13 -2 -13 -2 -13 -2 -13 -2 -12 0 0 -2 -12 -2 -12 -2 -12 -2 -12 -3 -12 -3 -12 -3 -12 -4 -12 -4 -12 -4 -12 -4 -12 -5 -12 -4 -12 -5 -12 -4 -12 -5 -12 -5 -12 -6 -12 -6 -12 -6 -12 -6 -12 -6 -12 -6 -12 -7 -13 -7 -12 -7 -12 0 0 0 0 0 0 0 0 0 0]"
"1769235375608818,CSI_DATA,STATION,00:00:00:00:00:00,0,0,0,0,0,0,0,0,0,0,0,0,0,0,0,0,0,0,0,0,0,128,[84 -64 4 0 0 0 0 0 0 0 0 0 7 -12 8 -13 8 -13 8 -12 9 -12 10 -11 10 -11 10 -11 10 -11 11 -10 10 -10 10 -10 11 -9 11 -9 10 -9 11 -8 10 -9 10 -9 10 -8 10 -8 10 -8 10 -8 10 -8 10 -8 9 -8 9 -8 0 0 9 -8 9 -8 8 -8 8 -8 8 -9 8 -8 8 -9 8 -9 7 -9 8 -9 8 -9 7 -9 7 -10 7 -10 7 -10 7 -10 7 -11 7 -11 7 -11 7 -11 7 -11 7 -11 6 -12 6 -12 6 -12 7 -12 0 0 0 0 0 0 0 0 0 0]"
"1769235375615329,CSI_DATA,STATION,00:00:00:00:00:00,0,0,0,0,0,0,0,0,0,0,0,0,0,0,0,0,0,0,0,0,0,128,[84 -64 4 0 0 0 0 0 0 0 0 0 -9 -12 -9 -13 -8 -13 -8 -14 -8 -14 -7 -14 -7 -13 -6 -14 -6 -14 -5 -14 -5 -14 -5 -14 -5 -14 -4 -14 -4 -14 -5 -13 -4 -13 -5 -13 -4 -13 -4 -13 -4 -13 -4 -13 -4 -13 -4 -13 -4 -12 -4 -12 0 0 -5 -12 -5 -12 -5 -12 -5 -11 -5 -11 -5 -11 -6 -11 -6 -12 -6 -11 -6 -11 -6 -11 -6 -11 -6 -11 -7 -11 -7 -11 -7 -10 -8 -11 -8 -11 -8 -10 -9 -10 -9 -10 -9 -10 -9 -11 -9 -11 -9 -10 -9 -10 0 0 0 0 0 0 0 0 0 0]"
"1769235375621854,CSI_DATA,STATION,00:00:00:00:00:00,0,0,0,0,0,0,0,0,0,0,0,0,0,0,0,0,0,0,0,0,0,128,[84 -64 4 0 0 0 0 0 0 0 0 0 10 -8 11 -7 11 -7 11 -6 12 -6 12 -6 12 -5 12 -5 13 -4 12 -4 12 -4 12 -4 11 -3 12 -3 12 -3 11 -3 11 -3 11 -2 11 -2 12 -2 11 -2 11 -2 11 -2 11 -2 10 -3 10 -3 0 0 10 -3 10 -3 10 -3 10 -3 10 -3 10 -3 10 -3 10 -4 10 -4 9 -4 9 -5 10 -4 9 -5 9 -4 10 -5 9 -5 10 -5 10 -6 10 -5 10 -5 10 -6 10 -5 10 -6 9 -6 10 -6 10 -7 0 0 0 0 0 0 0 0 0 0]"
"1769235375626203,CSI_DATA,STATION,00:00:00:00:00:00,0,0,0,0,0,0,0,0,0,0,0,0,0,0,0,0,0,0,0,0,0,128,[84 -64 4 0 0 0 0 0 0 0 0 0 5 13 5 13 4 14 4 14 4 14 3 13 2 14 1 14 2 14 1 14 1 14 1 13 0 13 0 13 0 13 0 13 0 13 0 12 0 12 0 13 -1 13 0 12 0 12 0 12 0 12 1 12 0 0 0 11 1 12 1 11 1 12 1 11 2 11 2 11 2 11 2 11 2 11 3 11 3 11 3 11 3 11 3 11 4 11 4 11 4 11 4 11 5 11 5 12 5 11 5 12 6 11 5 11 6 11 0 0 0 0 0 0 0 0 0 0]"
"1769235375630529,CSI_DATA,STATION,00:00:00:00:00:00,0,0,0,0,0,0,0,0,0,0,0,0,0,0,0,0,0,0,0,0,0,128,[84 -64 4 0 0 0 0 0 0 0 0 0 -2 13 -3 13 -4 12 -4 12 -5 12 -5 12 -5 12 -6 12 -5 12 -6 11 -6 11 -6 11 -6 10 -6 11 -6 10 -6 10 -7 10 -7 10 -6 10 -6 10 -6 10 -6 10 -6 9 -6 9 -6 9 -5 10 0 0 -5 9 -5 10 -5 9 -5 9 -5 10 -4 9 -4 9 -4 10 -4 9 -4 10 -4 10 -3 10 -4 10 -3 10 -3 10 -3 10 -3 11 -3 10 -3 11 -3 11 -2 11 -2 11 -2 11 -2 11 -2 11 -2 11 0 0 0 0 0 0 0 0 0 0]"
"1769235375637028,CSI_DATA,STATION,00:00:00:00:00:00,0,0,0,0,0,0,0,0,0,0,0,0,0,0,0,0,0,0,0,0,0,128,[84 -64 4 0 0 0 0 0 0 0 0 0 14 -3 15 -3 14 -2 14 -2 14 -1 14 0 14 0 14 0 14 0 14 1 14 2 14 2 13 2 13 2 13 3 13 1 13 2 12 2 12 2 12 2 12 2 12 2 12 2 12 2 12 2 12 1 0 0 12 1 11 1 11 1 12 1 11 1 12 0 11 0 11 0 11 -1 11 0 11 -1 12 0 12 0 12 0 12 -1 12 -2 12 -1 12 -2 12 -2 12 -2 12 -2 12 -2 12 -2 12 -2 13 -3 13 -3 0 0 0 0 0 0 0 0 0 0]"
"1769235375641529,CSI_DATA,STATION,00:00:00:00:00:00,0,0,0,0,0,0,0,0,0,0,0,0,0,0,0,0,0,0,0,0,0,128,[84 -64 4 0 0 0 0 0 0 0 0 0 0 -15 1 -15 1 -15 1 -15 2 -15 3 -15 3 -14 4 -15 3 -14 4 -14 4 -14 4 -14 4 -13 4 -13 4 -13 4 -13 5 -13 5 -12 4 -13 4 -13 4 -12 4 -13 4 -12 4 -12 4 -12 4 -12 0 0 3 -12 3 -12 3 -12 3 -12 3 -12 2 -12 2 -12 2 -12 1 -12 2 -12 1 -12 1 -12 1 -13 1 -13 0 -13 0 -13 0 -13 0 -13 0 -13 0 -13 0 -14 -1 -13 -1 -14 -1 -14 -1 -14 -1 -13 0 0 0 0 0 0 0 0 0 0]"
"1769235375645911,CSI_DATA,STATION,00:00:00:00:00:00,0,0,0,0,0,0,0,0,0,0,0,0,0,0,0,0,0,0,0,0,0,128,[84 -64 4 0 0 0 0 0 0 0 0 0 2 13 1 14 0 14 0 14 -1 14 -1 15 -1 14 -1 14 -2 14 -2 14 -2 14 -2 13 -3 13 -3 13 -3 13 -3 13 -4 13 -4 12 -3 13 -3 12 -3 12 -3 12 -3 12 -3 12 -2 12 -2 12 0 0 -2 11 -2 11 -2 12 -2 11 -1 12 -1 11 -1 11 -1 11 -1 11 -1 11 0 11 0 12 0 12 0 12 0 12 1 12 1 11 1 12 1 12 1 11 2 12 2 13 2 12 2 12 2 12 2 13 0 0 0 0 0 0 0 0 0 0]"
"1769235375652502,CSI_DATA,STATION,00:00:00:00:00:00,0,0,0,0,0,0,0,0,0,0,0,0,0,0,0,0,0,0,0,0,0,128,[84 -64 4 0 0 0 0 0 0 0 0 0 4 -15 5 -15 5 -14 6 -14 6 -14 7 -14 7 -13 7 -13 7 -13 7 -13 8 -12 8 -12 8 -12 8 -12 8 -12 7 -11 8 -11 8 -11 8 -11 8 -11 8 -10 7 -11 7 -11 7 -10 7 -10 7 -10 0 0 7 -10 6 -10 6 -10 6 -11 6 -11 5 -10 5 -11 5 -11 5 -11 5 -11 5 -11 5 -12 4 -12 5 -12 4 -12 4 -12 4 -12 4 -13 3 -12 4 -13 3 -13 3 -13 3 -13 3 -13 3 -14 3 -13 0 0 0 0 0 0 0 0 0 0]"
"1769235375656860,CSI_DATA,STATION,00:00:00:00:00:00,0,0,0,0,0,0,0,0,0,0,0,0,0,0,0,0,0,0,0,0,0,128,[84 -64 4 0 0 0 0 0 0 0 0 0 -13 3 -14 2 -13 1 -14 1 -13 0 -14 0 -14 0 -14 0 -13 -1 -13 -1 -13 -1 -13 -1 -13 -2 -13 -2 -13 -2 -12 -1 -13 -2 -12 -2 -12 -2 -12 -2 -12 -2 -11 -2 -11 -2 -12 -2 -11 -1 -11 -1 0 0 -11 -1 -11 -1 -11 0 -11 0 -11 0 -11 0 -11 0 -11 0 -11 1 -11 0 -11 1 -11 1 -11 1 -11 1 -11 2 -12 2 -11 2 -12 2 -12 2 -12 3 -12 3 -12 3 -12 3 -12 3 -11 3 -12 3 0 0 0 0 0 0 0 0 0 0]"
"1769235375661221,CSI_DATA,STATION,00:00:00:00:00:00,0,0,0,0,0,0,0,0,0,0,0,0,0,0,0,0,0,0,0,0,0,128,[84 -64 4 0 0 0 0 0 0 0 0 0 7 10 7 11 7 11 6 11 6 11 6 11 5 11 5 11 5 11 4 12 4 12 4 11 3 11 3 11 3 11 3 11 3 11 3 11 3 11 3 11 3 11 3 10 3 10 3 11 3 10 3 10 0 0 3 10 3 10 4 9 3 9 4 9 4 9 4 9 4 9 5 8 5 9 5 8 5 9 5 9 6 9 5 8 6 9 6 8 6 8 7 8 7 8 7 8 7 8 7 8 7 8 7 8 7 8 0 0 0 0 0 0 0 0 0 0]"
"1769235375667762,CSI_DATA,STATION,00:00:00:00:00:00,0,0,0,0,0,0,0,0,0,0,0,0,0,0,0,0,0,0,0,0,0,128,[84 -64 4 0 0 0 0 0 0 0 0 0 5 11 5 11 4 12 4 12 3 12 3 12 2 12 2 12 2 12 2 13 1 12 1 12 1 12 1 12 1 12 1 11 0 11 0 11 0 11 1 12 0 11 1 11 0 11 0 11 1 11 1 10 0 0 1 10 1 10 2 10 1 10 1 10 2 10 2 10 2 10 2 9 2 10 3 10 3 10 3 10 3 10 3 10 3 10 4 9 4 10 4 9 4 10 4 10 5 10 4 10 5 10 5 10 5 10 0 0 0 0 0 0 0 0 0 0]"
"1769235375672142,CSI_DATA,STATION,00:00:00:00:00:00,0,0,0,0,0,0,0,0,0,0,0,0,0,0,0,0,0,0,0,0,0,128,[84 -64 4 0 0 0 0 0 0 0 0 0 -15 -2 -15 -3 -15 -3 -15 -4 -14 -4 -15 -4 -14 -5 -14 -5 -14 -6 -14 -6 -14 -5 -13 -5 -14 -6 -13 -6 -13 -7 -13 -6 -13 -7 -12 -6 -13 -7 -11 -7 -12 -7 -11 -7 -12 -6 -12 -6 -11 -5 -12 -5 0 0 -11 -5 -12 -5 -12 -5 -11 -4 -11 -5 -11 -4 -11 -5 -12 -4 -12 -4 -12 -3 -12 -3 -12 -3 -12 -3 -13 -3 -12 -3 -13 -2 -12 -3 -13 -2 -13 -2 -13 -2 -13 -2 -13 -2 -13 -2 -13 -1 -14 -1 -14 -1 0 0 0 0 0 0 0 0 0 0]"
"1769235375678689,CSI_DATA,STATION,00:00:00:00:00:00,0,0,0,0,0,0,0,0,0,0,0,0,0,0,0,0,0,0,0,0,0,128,[84 -64 4 0 0 0 0 0 0 0 0 0 -15 -4 -14 -4 -15 -5 -14 -5 -14 -5 -14 -6 -14 -7 -13 -7 -13 -7 -13 -8 -13 -7 -13 -7 -12 -8 -12 -8 -12 -8 -12 -8 -12 -8 -12 -8 -12 -8 -11 -8 -11 -8 -11 -8 -11 -8 -11 -8 -11 -7 -11 -7 0 0 -11 -6 -11 -6 -11 -6 -11 -6 -11 -6 -11 -6 -11 -6 -11 -6 -11 -5 -12 -5 -12 -4 -12 -4 -11 -4 -12 -5 -12 -4 -12 -4 -13 -4 -13 -4 -13 -4 -13 -4 -13 -4 -13 -4 -13 -4 -14 -3 -13 -3 -13 -3 0 0 0 0 0 0 0 0 0 0]"
"1769235375683045,CSI_DATA,STATION,00:00:00:00:00:00,0,0,0,0,0,0,0,0,0,0,0,0,0,0,0,0,0,0,0,0,0,128,[84 -64 4 0 0 0 0 0 0 0 0 0 14 -1 14 -1 14 0 14 1 14 1 14 1 14 2 14 2 13 2 13 3 13 3 13 3 13 4 13 3 12 3 12 3 12 4 12 4 12 4 12 4 12 4 11 4 11 3 11 3 11 3 11 3 0 0 11 2 10 2 11 2 11 1 11 2 11 1 11 2 11 1 11 1 11 1 11 0 11 1 12 1 12 0 12 -1 12 0 12 -1 12 -1 12 -1 12 -1 12 -2 12 -1 13 -1 12 -2 13 -2 13 -2 0 0 0 0 0 0 0 0 0 0]"
"1769235375687371,CSI_DATA,STATION,00:00:00:00:00:00,0,0,0,0,0,0,0,0,0,0,0,0,0,0,0,0,0,0,0,0,0,128,[84 -64 4 0 0 0 0 0 0 0 0 0 3 13 2 14 2 13 2 14 2 14 1 14 0 14 0 14 0 14 0 14 -1 13 -1 13 -1 13 -1 13 -1 13 -1 13 -2 13 -2 12 -2 13 -2 12 -2 12 -2 12 -1 12 -1 12 -1 12 0 12 0 0 -1 12 0 11 0 12 0 11 0 11 0 11 0 11 1 11 0 11 1 11 2 11 2 11 2 11 2 12 2 11 2 12 3 11 3 11 3 11 3 11 4 12 4 12 4 11 4 11 4 12 4 11 0 0 0 0 0 0 0 0 0 0]"
"1769235375693856,CSI_DATA,STATION,00:00:00:00:00:00,0,0,0,0,0,0,0,0,0,0,0,0,0,0,0,0,0,0,0,0,0,128,[84 -64 4 0 0 0 0 0 0 0 0 0 8 -10 9 -10 9 -9 9 -9 9 -8 10 -9 10 -8 10 -8 10 -7 10 -7 10 -7 10 -7 10 -7 10 -6 10 -6 9 -6 10 -6 10 -6 10 -6 10 -5 9 -6 9 -5 9 -6 9 -6 9 -6 9 -6 0 0 9 -6 8 -5 8 -6 8 -6 8 -7 8 -6 8 -6 8 -7 8 -7 8 -7 7 -8 7 -7 7 -7 8 -7 7 -8 8 -9 7 -8 8 -9 7 -9 7 -9 7 -9 7 -8 7 -9 7 -9 7 -10 7 -10 0 0 0 0 0 0 0 0 0 0]"
"1769235375698205,CSI_DATA,STATION,00:00:00:00:00:00,0,0,0,0,0,0,0,0,0,0,0,0,0,0,0,0,0,0,0,0,0,128,[84 -64 4 0 0 0 0 0 0 0 0 0 -1 -15 0 -15 1 -15 1 -15 1 -15 2 -15 2 -14 2 -15 2 -14 3 -15 3 -13 3 -14 3 -13 4 -13 3 -13 3 -13 4 -13 4 -13 3 -13 3 -12 3 -12 3 -12 3 -12 3 -12 2 -12 2 -12 0 0 2 -12 2 -12 1 -12 1 -12 1 -12 1 -12 0 -12 1 -12 0 -12 0 -12 0 -12 0 -12 -1 -12 -1 -12 -1 -13 -1 -13 -1 -13 -2 -13 -2 -13 -2 -13 -2 -13 -3 -13 -2 -13 -2 -13 -3 -13 -3 -13 0 0 0 0 0 0 0 0 0 0]"
"1769235375702544,CSI_DATA,STATION,00:00:00:00:00:00,0,0,0,0,0,0,0,0,0,0,0,0,0,0,0,0,0,0,0,0,0,128,[84 -64 4 0 0 0 0 0 0 0 0 0 -11 -11 -10 -11 -10 -12 -9 -12 -9 -12 -9 -12 -8 -12 -8 -13 -8 -12 -7 -13 -7 -12 -7 -12 -7 -13 -7 -13 -6 -12 -6 -12 -6 -12 -6 -12 -6 -12 -6 -12 -6 -12 -6 -12 -6 -11 -6 -12 -6 -11 -7 -11 0 0 -6 -10 -7 -10 -7 -10 -7 -10 -7 -10 -7 -10 -7 -9 -8 -10 -8 -9 -8 -10 -8 -9 -8 -9 -8 -9 -9 -9 -9 -9 -9 -9 -9 -9 -9 -8 -10 -8 -10 -9 -10 -8 -10 -9 -11 -8 -11 -8 -11 -8 -11 -8 0 0 0 0 0 0 0 0 0 0]"
"1769235375709076,CSI_DATA,STATION,00:00:00:00:00:00,0,0,0,0,0,0,0,0,0,0,0,0,0,0,0,0,0,0,0,0,0,128,[84 -64 4 0 0 0 0 0 0 0 0 0 -7 14 -7 14 -8 14 -9 14 -9 13 -9 13 -9 12 -9 12 -9 12 -10 12 -10 11 -10 11 -10 11 -10 11 -10 10 -10 10 -11 10 -10 10 -10 10 -10 9 -10 9 -9 9 -10 9 -9 9 -8 9 -9 9 0 0 -8 9 -8 10 -8 10 -8 10 -8 10 -7 10 -7 10 -7 10 -7 10 -7 10 -6 11 -6 11 -6 11 -6 11 -6 11 -6 11 -5 12 -5 12 -5 12 -6 12 -5 13 -5 12 -5 12 -5 13 -5 13 -5 13 0 0 0 0 0 0 0 0 0 0]"
"1769235375713410,CSI_DATA,STATION,00:00:00:00:00:00,0,0,0,0,0,0,0,0,0,0,0,0,0,0,0,0,0,0,0,0,0,128,[84 -64 4 0 0 0 0 0 0 0 0 0 9 -11 10 -10 10 -10 11 -10 10 -9 11 -9 11 -8 11 -8 12 -8 11 -8 11 -8 11 -7 11 -7 11 -7 11 -7 11 -6 11 -6 11 -6 11 -7 10 -6 10 -6 10 -6 10 -6 10 -6 9 -6 10 -7 0 0 9 -7 9 -6 9 -7 8 -7 9 -7 8 -7 8 -7 9 -8 8 -8 8 -8 8 -8 8 -8 8 -8 8 -9 8 -9 8 -10 7 -9 8 -10 7 -10 7 -10 7 -10 7 -10 7 -10 7 -11 7 -11 7 -11 0 0 0 0 0 0 0 0 0 0]"
"1769235375719895,CSI_DATA,STATION,00:00:00:00:00:00,0,0,0,0,0,0,0,0,0,0,0,0,0,0,0,0,0,0,0,0,0,128,[84 -64 4 0 0 0 0 0 0 0 0 0 -1 12 -2 12 -3 12 -3 12 -3 12 -4 12 -4 11 -5 12 -5 11 -4 11 -4 11 -4 11 -5 11 -4 11 -5 11 -4 10 -5 10 -5 9 -5 10 -5 9 -5 10 -5 9 -5 9 -4 9 -4 9 -4 10 0 0 -4 9 -3 9 -3 10 -3 9 -3 9 -3 9 -3 9 -3 10 -2 10 -1 9 -2 9 -1 10 -1 10 -1 10 -2 10 -1 10 -1 9 0 10 0 10 0 10 0 10 0 11 0 10 1 10 1 11 1 11 0 0 0 0 0 0 0 0 0 0]"
"1769235375724232,CSI_DATA,STATION,00:00:00:00:00:00,0,0,0,0,0,0,0,0,0,0,0,0,0,0,0,0,0,0,0,0,0,128,[84 -64 4 0 0 0 0 0 0 0 0 0 8 10 8 10 7 11 7 11 7 12 7 12 6 12 6 12 5 12 5 12 5 12 5 12 5 12 4 12 4 12 4 11 4 11 4 11 4 11 4 12 4 11 4 11 4 11 4 10 4 11 4 10 0 0 4 10 4 10 4 9 5 10 5 9 5 10 6 9 6 9 6 9 6 9 6 8 6 9 6 9 7 8 7 8 7 8 7 8 7 8 8 8 8 8 8 8 8 8 8 8 8 8 9 8 9 8 0 0 0 0 0 0 0 0 0 0]"
"1769235375728643,CSI_DATA,STATION,00:00:00:00:00:00,0,0,0,0,0,0,0,0,0,0,0,0,0,0,0,0,0,0,0,0,0,128,[84 -64 4 0 0 0 0 0 0 0 0 0 -8 -12 -7 -13 -7 -13 -6 -13 -6 -13 -6 -13 -5 -13 -5 -14 -4 -14 -4 -14 -4 -13 -4 -13 -3 -13 -3 -14 -3 -13 -3 -13 -2 -12 -2 -13 -2 -13 -2 -12 -3 -12 -3 -12 -2 -12 -2 -12 -3 -12 -3 -11 0 0 -3 -12 -3 -12 -3 -11 -3 -11 -3 -11 -3 -11 -4 -11 -4 -11 -4 -11 -5 -11 -5 -11 -5 -11 -5 -11 -5 -11 -5 -11 -5 -11 -5 -11 -6 -11 -6 -11 -6 -11 -6 -11 -6 -11 -7 -11 -7 -11 -7 -12 -7 -11 0 0 0 0 0 0 0 0 0 0]"
"1769235375735167,CSI_DATA,STATION,00:00:00:00:00:00,0,0,0,0,0,0,0,0,0,0,0,0,0,0,0,0,0,0,0,0,0,128,[84 -64 4 0 0 0 0 0 0 0 0 0 11 3 11 4 11 5 11 5 11 5 11 6 10 6 10 6 10 6 10 6 9 6 10 6 9 6 9 6 9 7 8 6 8 7 8 6 8 7 8 6 8 6 8 6 8 6 8 6 8 6 8 5 0 0 8 5 8 5 8 5 8 4 8 5 8 4 8 4 9 4 8 4 8 3 9 3 9 4 9 3 10 3 9 3 10 3 10 3 10 2 10 2 10 2 10 2 10 3 10 2 10 2 11 2 11 2 0 0 0 0 0 0 0 0 0 0]"
"1769235375739582,CSI_DATA,STATION,00:00:00:00:00:00,0,0,0,0,0,0,0,0,0,0,0,0,0,0,0,0,0,0,0,0,0,128,[84 -64 4 0 0 0 0 0 0 0 0 0 1 13 1 13 0 13 0 14 -1 14 -1 13 -1 13 -2 13 -2 13 -3 13 -3 13 -3 12 -3 12 -3 12 -3 12 -3 12 -3 12 -3 11 -3 11 -3 11 -3 11 -3 11 -3 11 -3 10 -3 11 -3 11 0 0 -2 11 -1 11 -1 10 -1 11 -1 11 -1 10 -1 11 -1 11 -1 11 -1 10 -1 11 0 11 0 11 1 11 0 11 1 11 1 11 1 11 1 11 1 11 2 12 1 12 2 12 2 11 2 11 2 12 0 0 0 0 0 0 0 0 0 0]"
"1769235375744001,CSI_DATA,STATION,00:00:00:00:00:00,0,0,0,0,0,0,0,0,0,0,0,0,0,0,0,0,0,0,0,0,0,128,[84 -64 4 0 0 0 0 0 0 0 0 0 11 10 10 11 9 11 10 12 9 12 8 13 8 12 7 13 6 12 7 13 7 12 6 12 7 12 6 12 6 13 5 12 5 12 5 11 5 12 5 12 5 12 5 12 5 11 5 11 5 11 6 10 0 0 5 10 5 10 6 10 5 9 6 10 6 10 6 9 7 10 7 9 7 9 7 9 8 9 8 9 8 9 8 9 8 9 8 8 9 8 9 9 9 8 9 9 9 9 9 8 11 8 10 8 10 8 0 0 0 0 0 0 0 0 0 0]"
"1769235375750416,CSI_DATA,STATION,00:00:00:00:00:00,0,0,0,0,0,0,0,0,0,0,0,0,0,0,0,0,0,0,0,0,0,128,[84 -64 4 0 0 0 0 0 0 0 0 0 -14 -3 -14 -3 -14 -4 -14 -4 -14 -4 -14 -5 -13 -5 -14 -5 -13 -5 -13 -6 -13 -6 -12 -6 -12 -6 -12 -6 -12 -6 -11 -6 -11 -6 -12 -6 -11 -6 -11 -6 -11 -6 -11 -6 -11 -6 -11 -6 -11 -5 -11 -5 0 0 -11 -4 -11 -4 -11 -4 -11 -4 -11 -4 -11 -4 -11 -3 -11 -3 -11 -3 -12 -3 -12 -2 -11 -3 -11 -2 -12 -2 -12 -2 -12 -2 -12 -2 -12 -2 -12 -1 -13 -1 -12 -1 -13 -1 -13 -1 -13 -1 -13 0 -13 0 0 0 0 0 0 0 0 0 0 0]"
"1769235375754733,CSI_DATA,STATION,00:00:00:00:00:00,0,0,0,0,0,0,0,0,0,0,0,0,0,0,0,0,0,0,0,0,0,128,[84 -64 4 0 0 0 0 0 0 0 0 0 -5 12 -5 12 -6 12 -7 12 -7 11 -8 12 -7 12 -8 11 -8 11 -8 10 -8 10 -8 10 -9 10 -8 10 -9 9 -8 9 -9 9 -8 9 -8 9 -8 8 -8 9 -8 8 -8 8 -8 9 -7 8 -7 9 0 0 -7 9 -6 8 -6 9 -6 9 -6 9 -6 9 -5 9 -6 9 -6 9 -6 9 -5 10 -5 10 -5 10 -5 10 -5 10 -4 10 -4 10 -4 11 -4 11 -4 11 -4 11 -4 11 -3 11 -3 11 -4 11 -4 12 0 0 0 0 0 0 0 0 0 0]"
"1769235375761226,CSI_DATA,STATION,00:00:00:00:00:00,0,0,0,0,0,0,0,0,0,0,0,0,0,0,0,0,0,0,0,0,0,128,[84 -64 4 0 0 0 0 0 0 0 0 0 -11 9 -11 9 -11 8 -12 8 -12 7 -12 7 -12 7 -12 6 -12 6 -13 6 -13 6 -12 5 -12 5 -12 5 -13 4 -12 5 -11 5 -11 4 -11 4 -12 4 -11 3 -11 4 -11 4 -11 4 -10 4 -11 4 0 0 -10 4 -10 4 -10 5 -10 5 -10 5 -10 5 -9 5 -10 5 -9 6 -9 6 -9 7 -9 6 -9 6 -9 7 -9 7 -9 7 -9 7 -9 8 -9 8 -9 8 -9 8 -9 8 -9 8 -9 8 -9 9 -9 9 0 0 0 0 0 0 0 0 0 0]"
"1769235375772229,CSI_DATA,STATION,00:00:00:00:00:00,0,0,0,0,0,0,0,0,0,0,0,0,0,0,0,0,0,0,0,0,0,128,[84 -64 4 0 0 0 0 0 0 0 0 0 12 -2 12 -2 12 -1 12 -1 12 -1 11 0 12 0 11 1 11 1 11 1 11 1 11 1 11 1 11 1 11 2 10 1 10 2 10 2 10 2 10 2 10 2 10 1 10 1 9 1 10 1 9 1 0 0 9 0 9 1 9 0 9 0 9 0 9 0 9 0 9 0 9 -1 9 -1 9 -1 9 -1 10 -2 10 -1 9 -2 9 -3 9 -2 10 -3 10 -3 10 -3 10 -3 10 -3 10 -3 10 -3 10 -4 10 -4 0 0 0 0 0 0 0 0 0 0]"
"1769235375776704,CSI_DATA,STATION,00:00:00:00:00:00,0,0,0,0,0,0,0,0,0,0,0,0,0,0,0,0,0,0,0,0,0,128,[84 -64 4 0 0 0 0 0 0 0 0 0 1 13 0 13 0 14 -1 13 -1 13 -1 13 -2 13 -3 13 -3 12 -3 13 -3 13 -3 12 -3 12 -3 12 -4 12 -4 12 -4 11 -4 11 -3 11 -4 11 -4 11 -3 11 -3 11 -3 10 -3 11 -2 10 0 0 -3 10 -2 10 -2 10 -2 11 -1 10 -2 10 -1 10 -1 11 -1 10 -1 10 0 10 0 11 0 11 0 10 0 10 1 11 1 11 1 11 1 11 1 11 1 12 2 11 1 12 2 11 2 12 2 12 0 0 0 0 0 0 0 0 0 0]"
"1769235375783289,CSI_DATA,STATION,00:00:00:00:00:00,0,0,0,0,0,0,0,0,0,0,0,0,0,0,0,0,0,0,0,0,0,128,[84 -64 4 0 0 0 0 0 0 0 0 0 9 9 9 10 8 10 9 10 7 10 7 11 7 11 7 11 6 11 6 11 6 11 6 11 5 11 5 11 5 11 5 11 5 11 5 10 5 11 5 10 4 10 5 10 4 10 5 9 4 10 5 9 0 0 5 9 5 9 5 9 5 8 6 8 6 8 6 8 6 8 6 8 7 8 6 7 7 8 7 8 7 8 7 7 8 7 8 6 8 7 9 7 8 7 9 7 9 7 9 7 9 6 9 6 10 6 0 0 0 0 0 0 0 0 0 0]"
"1769235375787762,CSI_DATA,STATION,00:00:00:00:00:00,0,0,0,0,0,0,0,0,0,0,0,0,0,0,0,0,0,0,0,0,0,128,[84 -64 4 0 0 0 0 0 0 0 0 0 7 -12 7 -12 8 -12 8 -11 8 -11 9 -11 9 -10 10 -10 9 -10 10 -10 9 -9 9 -9 10 -9 9 -8 9 -8 10 -8 10 -8 9 -8 9 -8 9 -8 9 -8 8 -7 9 -8 9 -8 7 -7 8 -8 0 0 8 -8 7 -8 7 -8 7 -8 7 -8 7 -8 6 -9 7 -9 6 -9 6 -9 6 -9 6 -9 6 -10 6 -9 6 -10 6 -10 5 -11 6 -10 5 -11 5 -10 5 -11 5 -11 5 -12 5 -11 5 -12 5 -11 0 0 0 0 0 0 0 0 0 0]"
"1769235375794458,CSI_DATA,STATION,00:00:00:00:00:00,0,0,0,0,0,0,0,0,0,0,0,0,0,0,0,0,0,0,0,0,0,128,[84 -64 4 0 0 0 0 0 0 0 0 0 -4 13 -4 13 -5 13 -5 13 -6 12 -6 12 -7 12 -7 12 -7 11 -7 11 -7 11 -8 10 -8 10 -8 10 -8 10 -7 10 -8 10 -8 10 -8 10 -8 9 -7 9 -7 9 -7 9 -7 9 -7 9 -7 9 0 0 -6 9 -6 8 -6 9 -6 9 -6 9 -5 9 -5 9 -5 9 -5 9 -5 9 -5 10 -5 10 -4 10 -4 10 -4 10 -4 10 -4 10 -4 11 -3 11 -4 11 -4 11 -3 11 -3 11 -3 12 -3 12 -3 11 0 0 0 0 0 0 0 0 0 0]"
"1769235375798835,CSI_DATA,STATION,00:00:00:00:00:00,0,0,0,0,0,0,0,0,0,0,0,0,0,0,0,0,0,0,0,0,0,128,[84 -64 4 0 0 0 0 0 0 0 0 0 -14 4 -14 3 -15 2 -15 2 -14 2 -14 1 -15 1 -15 1 -14 0 -15 0 -14 0 -14 0 -14 -1 -13 -1 -13 -1 -13 -1 -13 -2 -12 -2 -13 -2 -13 -1 -12 -2 -12 -1 -12 -1 -12 -1 -12 -1 -12 0 0 0 -12 0 -11 0 -12 0 -12 0 -11 0 -11 0 -11 1 -11 1 -11 1 -12 1 -12 2 -12 1 -11 2 -12 2 -11 2 -12 3 -11 3 -12 3 -12 3 -12 3 -12 4 -12 3 -12 3 -12 4 -12 4 -12 4 0 0 0 0 0 0 0 0 0 0]"
"1769235375805405,CSI_DATA,STATION,00:00:00:00:00:00,0,0,0,0,0,0,0,0,0,0,0,0,0,0,0,0,0,0,0,0,0,128,[84 -64 4 0 0 0 0 0 0 0 0 0 13 -5 13 -4 13 -4 13 -3 13 -3 13 -3 14 -2 14 -2 14 -2 14 -1 13 0 13 -1 13 0 12 0 13 0 12 -1 12 0 12 0 12 0 12 0 11 0 12 0 12 0 12 0 11 -1 11 -1 0 0 11 -1 11 -1 10 -1 11 -2 11 -2 11 -2 10 -2 10 -2 10 -3 10 -3 10 -3 10 -3 10 -3 11 -3 11 -4 10 -4 11 -5 11 -5 11 -5 10 -5 11 -5 11 -5 11 -6 10 -6 11 -6 11 -6 0 0 0 0 0 0 0 0 0 0]"
"1769235375809794,CSI_DATA,STATION,00:00:00:00:00:00,0,0,0,0,0,0,0,0,0,0,0,0,0,0,0,0,0,0,0,0,0,128,[84 -64 4 0 0 0 0 0 0 0 0 0 1 14 0 14 0 14 0 14 0 14 -1 14 -1 14 -2 14 -2 14 -3 14 -3 13 -3 13 -4 12 -4 12 -3 13 -3 12 -4 12 -4 12 -4 12 -3 12 -3 11 -3 11 -3 11 -4 11 -3 11 -2 11 0 0 -3 11 -2 11 -1 11 -2 11 -2 11 -1 11 -1 11 -1 11 -1 11 0 11 0 11 0 11 0 11 0 11 0 11 1 12 1 11 1 11 1 11 2 11 2 12 2 12 2 12 3 12 2 12 2 12 0 0 0 0 0 0 0 0 0 0]"
"1769235375814248,CSI_DATA,STATION,00:00:00:00:00:00,0,0,0,0,0,0,0,0,0,0,0,0,0,0,0,0,0,0,0,0,0,128,[84 -64 4 0 0 0 0 0 0 0 0 0 -2 14 -3 14 -3 14 -4 13 -4 13 -5 13 -5 13 -6 13 -5 12 -6 13 -6 12 -6 12 -7 12 -6 11 -6 11 -6 11 -7 11 -7 11 -7 11 -7 11 -6 10 -6 10 -6 10 -6 10 -6 10 -6 10 0 0 -6 10 -5 10 -5 10 -5 10 -4 10 -4 10 -5 10 -4 10 -4 10 -4 10 -4 11 -4 11 -3 11 -3 11 -3 11 -3 11 -2 11 -3 11 -2 12 -3 12 -2 12 -2 12 -2 12 -1 12 -1 12 -2 12 0 0 0 0 0 0 0 0 0 0]"
"1769235375820818,CSI_DATA,STATION,00:00:00:00:00:00,0,0,0,0,0,0,0,0,0,0,0,0,0,0,0,0,0,0,0,0,0,128,[84 -64 4 0 0 0 0 0 0 0 0 0 -8 12 -9 12 -9 11 -9 11 -10 10 -11 11 -10 10 -11 9 -11 9 -11 9 -11 9 -10 9 -11 9 -11 9 -11 8 -11 7 -11 8 -11 8 -11 7 -11 7 -11 7 -11 7 -10 7 -10 8 -9 7 -10 8 0 0 -10 8 -9 8 -9 8 -9 8 -9 8 -8 8 -8 8 -8 8 -8 9 -8 9 -7 9 -8 10 -7 9 -7 10 -7 9 -7 10 -7 10 -7 10 -7 11 -7 11 -7 11 -6 11 -6 11 -6 11 -6 11 -6 12 0 0 0 0 0 0 0 0 0 0]"
"1769235375825236,CSI_DATA,STATION,00:00:00:00:00:00,0,0,0,0,0,0,0,0,0,0,0,0,0,0,0,0,0,0,0,0,0,128,[84 -64 4 0 0 0 0 0 0 0 0 0 12 0 13 0 13 1 12 1 12 1 12 2 12 2 12 3 13 2 12 4 12 3 11 3 11 4 11 4 11 4 11 3 10 4 10 4 10 4 11 3 10 3 11 3 11 3 10 3 10 3 10 3 0 0 10 2 10 2 10 2 10 1 10 2 10 1 10 1 10 1 10 1 10 0 10 0 10 0 10 0 10 0 11 -1 11 -1 11 -1 11 -2 11 -2 11 -2 11 -2 11 -2 11 -2 11 -2 11 -3 11 -3 0 0 0 0 0 0 0 0 0 0]"
"1769235375829619,CSI_DATA,STATION,00:00:00:00:00:00,0,0,0,0,0,0,0,0,0,0,0,0,0,0,0,0,0,0,0,0,0,128,[84 -64 4 0 0 0 0 0 0 0 0 0 14 1 14 2 14 3 13 3 14 4 13 4 13 4 13 4 13 5 13 5 12 5 12 5 12 6 12 6 12 6 11 6 11 6 11 6 11 6 11 6 11 6 11 6 11 6 11 6 11 5 11 5 0 0 10 5 10 5 10 5 10 4 11 4 10 4 11 4 11 4 11 3 11 3 11 3 11 3 12 3 12 2 12 3 12 2 12 2 12 2 12 2 12 2 12 1 12 2 12 1 12 1 13 1 13 0 0 0 0 0 0 0 0 0 0 0]"
"1769235375836244,CSI_DATA,STATION,00:00:00:00:00:00,0,0,0,0,0,0,0,0,0,0,0,0,0,0,0,0,0,0,0,0,0,128,[84 -64 4 0 0 0 0 0 0 0 0 0 -14 -5 -14 -5 -14 -6 -14 -6 -14 -7 -14 -7 -13 -7 -13 -7 -12 -8 -13 -8 -12 -8 -12 -8 -12 -8 -12 -8 -11 -9 -11 -9 -11 -9 -11 -9 -11 -9 -11 -9 -11 -9 -11 -9 -11 -8 -11 -8 -10 -8 -10 -8 0 0 -10 -8 -10 -8 -10 -7 -10 -7 -10 -7 -10 -7 -10 -7 -11 -7 -11 -6 -12 -6 -11 -6 -11 -6 -11 -6 -12 -6 -11 -6 -12 -5 -12 -6 -12 -5 -12 -5 -13 -5 -12 -5 -13 -5 -13 -5 -13 -5 -13 -4 -13 -5 0 0 0 0 0 0 0 0 0 0]"
