"1769235455000164,CSI_DATA,STATION,00:00:00:00:00:00,0,0,0,0,0,0,0,0,0,0,0,0,0,0,0,0,0,0,0,0,0,128,[84 -64 4 0 0 0 0 0 0 0 0 0 -7 -13 -7 -13 -6 -13 -6 -13 -5 -14 -5 -14 -5 -13 -4 -14 -4 -14 -4 -14 -3 -13 -3 -13 -3 -13 -3 -13 -3 -14 -3 -13 -2 -13 -2 -12 -3 -13 -3 -13 -3 -12 -3 -12 -3 -12 -2 -12 -3 -12 -3 -12 0 0 -4 -11 -3 -11 -4 -11 -4 -11 -4 -11 -5 -11 -5 -11 -6 -11 -5 -11 -5 -10 -6 -1"
"1769235455004868,CSI_DATA,STATION,00:00:00:00:00:00,0,0,0,0,0,0,0,0,0,0,0,0,0,0,0,0,0,0,0,0,0,128,[84 -64 4 0 0 0 0 0 0 0 0 0 -4 -14 -4 -14 -4 -14 -3 -14 -2 -14 -2 -15 -1 -15 -1 -14 -1 -14 -1 -14 0 -14 0 -13 0 -14 0 -13 0 -14 0 -13 1 -12 1 -13 0 -12 1 -13 1 -13 0 -12 1 -12 0 -12 0 -12 0 -12 0 0 0 -12 0 -12 -1 -12 0 -12 -1 -11 -1 -12 -1 -12 -1 -11 -2 -12 -2 -12 -2 -12 -2 -12 -3 -12 -2 -12 -2 -12 -3 -12 -3 -12 -3 -12 -3 -12 -3 -12 -4 -13 -4 -12 -4 -13 -5 -12 -5 -13 -4 -13 0 0 0 0 0 0 0 0 0 0]"
"1769235455015743,CSI_DATA,STATION,00:00:00:00:00:00,0,0,0,0,0,0,0,0,0,0,0,0,0,0,0,0,0,0,0,0,0,128,[84 -64 4 0 0 0 0 0 0 0 0 0 6 11 6 12 5 12 5 12 5 12 5 13 4 13 3 13 3 12 3 13 3 12 3 12 3 12 2 12 2 13 2 12 2 12 1 11 2 11 1 12 1 11 1 11 1 11 2 11 2 11 2 11 0 0 2 10 2 10 3 10 2 10 3 10 3 10 3 10 3 10 3 9 4 10 4 9 4 10 4 10 5 10 4 10 4 10 5 9 5 10 5 10 5 10 5 10 6 10 6 10 6 10 6 10 6 10 0 0 0 0 0 0 0 0 0 0]"
"1769235455022248,CSI_DATA,STATION,00:00:00:00:00:00,0,0,0,0,0,0,0,0,0,0,0,0,0,0,0,0,0,0,0,0,0,128,[84 -64 4 0 0 0 0 0 0 0 0 0 11 2 11 3 11 3 11 4 11 4 11 5 11 4 11 5 10 5 10 6 10 5 10 5 10 6 9 6 9 6 9 6 9 5 9 6 8 6 8 6 8 6 9 5 9 5 9 5 8 5 8 4 0 0 8 4 8 4 8 4 8 3 8 4 8 4 9 3 9 3 9 3 9 2 9 3 9 3 9 3 10 2 9 2 9 2 10 2 10 1 10 1 10 1 10 1 10 1 10 1 10 1 10 1 11 1 0 0 0 0 0 0 0 0 0 0]"
"1769235455028774,CSI_DATA,STATION,00:00:00:00:00:00,0,0,0,0,0,0,0,0,0,0,0,0,0,0,0,0,0,0,0,0,0,128,[84 -64 4 0 0 0 0 0 0 0 0 0 -7 11 -8 11 -8 10 -8 11 -9 10 -9 10 -9 10 -10 9 -10 9 -10 9 -10 9 -10 8 -10 8 -10 8 -10 7 -10 7 -10 8 -10 7 -10 7 -10 7 -10 7 -10 7 -9 6 -9 7 -9 6 -9 7 0 0 -9 7 -8 7 -8 7 -8 7 -8 7 -8 7 -8 7 -8 7 -8 8 -8 8 -8 8 -8 8 -8 8 -7 9 -8 8 -8 9 -7 9 -8 9 -7 10 -7 9 -7 10 -7 10 -7 10 -7 10 -7 10 -7 10 0 0 0 0 0 0 0 0 0 0]"
"1769235455033186,CSI_DATA,STATION,00:00:00:00:00:00,0,0,0,0,0,0,0,0,0,0,0,0,0,0,0,0,0,0,0,0,0,128,[84 -64 4 0 0 0 0 0 0 0 0 0 3 12 2 12 2 13 1 13 1 13 1 13 0 13 0 13 -1 13 0 13 -1 13 -1 12 -1 12 -1 13 -2 12 -1 12 -2 11 -2 11 -2 11 -2 12 -1 11 -2 11 -1 11 -1 11 -1 11 -1 11 0 0 -1 10 -1 11 0 10 0 11 0 10 0 11 0 10 1 10 0 10 1 10 1 10 2 10 2 11 2 11 2 11 2 11 2 11 2 11 3 11 3 11 3 11 3 11 3 11 4 11 4 11 4 11 0 0 0 0 0 0 0 0 0 0]"
"1769235455037538,CSI_DATA,STATION,00:00:00:00:00:00,0,0,0,0,0,0,0,0,0,0,0,0,0,0,0,0,0,0,0,0,0,128,[84 -64 4 0 0 0 0 0 0 0 0 0 3 13 2 12 2 13 1 12 1 13 0 13 0 13 0 13 0 12 -1 13 -2 13 -1 12 -2 12 -2 12 -1 12 -1 12 -2 11 -2 12 -2 11 -2 11 -2 11 -2 11 -2 11 -2 11 -2 11 -2 11 0 0 -1 10 0 11 0 10 0 11 0 10 0 10 0 10 0 10 0 10 1 10 1 10 1 11 1 11 1 10 2 11 2 10 2 11 2 11 2 11 3 11 3 11 3 11 3 11 3 11 3 11 3 11 0 0 0 0 0 0 0 0 0 0]"
"1769235455044057,CSI_DATA,STATION,00:00:00:00:00:00,0,0,0,0,0,0,0,0,0,0,0,0,0,0,0,0,0,0,0,0,0,128,[84 -64 4 0 0 0 0 0 0 0 0 0 -12 -2 -12 -3 -12 -3 -12 -3 -12 -4 -12 -4 -12 -4 -12 -5 -11 -5 -11 -6 -11 -6 -11 -5 -11 -6 -10 -6 -10 -6 -10 -6 -10 -6 -10 -6 -10 -6 -10 -6 -9 -6 -9 -5 -9 -6 -9 -6 -9 -5 -9 -5 0 0 -9 -5 -9 -4 -9 -4 -9 -4 -9 -4 -10 -4 -10 -4 -10 -4 -10 -4 -10 -4 -10 -3 -10 -3 -10 -3 -10 -3 -10 -3 -10 -2 -11 -3 -11 -3 -11 -2 -11 -2 -11 -2 -11 -2 -11 -2 -12 -2 -11 -2 -12 -2 0 0 0 0 0 0 0 0 0 0]"
"1769235455048403,CSI_DATA,STATION,00:00:00:00:00:00,0,0,0,0,0,0,0,0,0,0,0,0,0,0,0,0,0,0,0,0,0,128,[84 -64 4 0 0 0 0 0 0 0 0 0 11 0 12 0 11 1 11 1 11 1 12 2 11 2 11 3 11 2 11 3 10 3 11 3 10 3 10 3 10 3 10 3 10 4 9 3 10 4 9 3 9 3 9 3 9 3 9 3 9 2 9 2 0 0 9 2 9 2 9 2 9 2 9 2 9 1 9 1 9 1 9 1 9 1 9 0 9 0 10 0 10 0 10 0 10 0 9 -1 10 -1 10 -1 10 -1 10 -1 10 -1 10 -1 10 -2 11 -2 11 -2 0 0 0 0 0 0 0 0 0 0]"
"1769235455054917,CSI_DATA,STATION,00:00:00:00:00:00,0,0,0,0,0,0,0,0,0,0,0,0,0,0,0,0,0,0,0,0,0,128,[84 -64 4 0 0 0 0 0 0 0 0 0 -13 -5 -13 -6 -12 -7 -12 -7 -12 -7 -12 -8 -11 -8 -11 -8 -11 -8 -11 -9 -11 -9 -10 -9 -10 -9 -10 -9 -10 -9 -10 -8 -9 -9 -10 -9 -9 -8 -9 -9 -9 -9 -9 -8 -9 -8 -9 -8 -9 -8 -9 -8 0 0 -9 -7 -9 -7 -9 -7 -9 -6 -10 -7 -9 -7 -10 -6 -10 -6 -10 -6 -10 -6 -10 -5 -10 -6 -10 -5 -10 -5 -11 -5 -11 -5 -11 -5 -11 -5 -12 -5 -12 -4 -12 -5 -12 -5 -12 -4 -12 -5 -12 -4 -12 -4 0 0 0 0 0 0 0 0 0 0]"
"1769235455059259,CSI_DATA,STATION,00:00:00:00:00:00,0,0,0,0,0,0,0,0,0,0,0,0,0,0,0,0,0,0,0,0,0,128,[84 -64 4 0 0 0 0 0 0 0 0 0 15 17 15 18 13 18 13 19 12 20 12 19 11 20 10 20 10 20 9 20 9 20 9 20 8 20 8 20 7 20 7 19 7 19 6 19 6 18 6 19 6 18 6 18 6 17 7 18 7 17 6 17 0 0 7 17 7 16 7 16 8 16 8 16 8 16 9 16 8 16 8 15 9 15 10 14 10 15 10 14 10 14 11 14 11 14 12 15 11 13 12 14 12 13 13 13 13 14 14 14 14 14 13 13 14 13 0 0 0 0 0 0 0 0 0 0]"
"1769235455063597,CSI_DATA,STATION,00:00:00:00:00:00,0,0,0,0,0,0,0,0,0,0,0,0,0,0,0,0,0,0,0,0,0,128,[84 -64 4 0 0 0 0 0 0 0 0 0 -14 -2 -14 -3 -14 -4 -14 -4 -13 -5 -13 -5 -13 -5 -13 -5 -13 -6 -13 -6 -13 -5 -12 -5 -12 -6 -12 -6 -12 -6 -11 -5 -11 -6 -11 -6 -11 -6 -11 -6 -11 -6 -10 -6 -11 -6 -11 -6 -11 -5 -11 -5 0 0 -10 -5 -10 -4 -11 -4 -10 -4 -11 -4 -11 -4 -11 -4 -11 -4 -11 -3 -11 -3 -11 -3 -11 -2 -11 -2 -12 -2 -11 -2 -12 -2 -12 -2 -12 -2 -12 -1 -12 -1 -12 -1 -13 -1 -13 -1 -12 0 -13 0 -13 0 0 0 0 0 0 0 0 0 0 0]"
"1769235455070118,CSI_DATA,STATION,00:00:00:00:00:00,0,0,0,0,0,0,0,0,0,0,0,0,0,0,0,0,0,0,0,0,0,128,[84 -64 4 0 0 0 0 0 0 0 0 0 -9 10 -10 9 -10 9 -11 9 -10 8 -11 8 -11 8 -11 8 -11 7 -11 7 -11 7 -11 6 -11 6 -11 6 -12 6 -11 6 -11 6 -10 5 -11 5 -11 5 -11 5 -10 5 -10 5 -10 5 -10 5 -11 6 0 0 -10 5 -10 5 -10 5 -9 5 -9 5 -9 6 -9 6 -9 6 -9 6 -9 6 -9 7 -9 7 -9 7 -9 7 -9 7 -9 8 -8 7 -8 8 -9 8 -8 8 -8 8 -9 9 -8 8 -8 9 -8 9 -9 9 0 0 0 0 0 0 0 0 0 0]"
"1769235455074450,CSI_DATA,STATION,00:00:00:00:00:00,0,0,0,0,0,0,0,0,0,0,0,0,0,0,0,0,0,0,0,0,0,128,[84 -64 4 0 0 0 0 0 0 0 0 0 13 0 13 1 13 2 13 2 13 2 13 3 12 3 12 3 12 3 12 4 12 4 12 4 11 5 11 4 11 5 11 4 11 5 10 5 11 4 10 4 10 4 10 4 10 4 10 4 10 4 10 3 0 0 10 3 9 3 10 3 10 2 10 3 10 2 10 2 10 2 10 1 10 1 10 1 10 1 11 1 11 1 11 0 11 0 11 0 11 0 11 -1 11 0 11 -1 11 0 11 -1 11 -1 12 -1 11 -1 0 0 0 0 0 0 0 0 0 0]"
"1769235455078784,CSI_DATA,STATION,00:00:00:00:00:00,0,0,0,0,0,0,0,0,0,0,0,0,0,0,0,0,0,0,0,0,0,128,[84 -64 4 0 0 0 0 0 0 0 0 0 6 10 5 10 5 11 5 11 4 11 3 11 3 11 3 11 3 11 2 11 2 11 2 10 1 11 2 11 1 11 1 11 1 10 1 10 1 10 2 10 1 10 1 10 1 10 1 9 1 9 1 10 0 0 2 9 2 9 2 9 2 9 2 9 2 9 3 9 3 9 3 8 3 9 3 8 3 9 4 9 4 9 4 9 4 9 4 8 4 9 4 9 5 9 5 9 5 9 5 9 5 8 5 9 6 9 0 0 0 0 0 0 0 0 0 0]"
"1769235455085334,CSI_DATA,STATION,00:00:00:00:00:00,0,0,0,0,0,0,0,0,0,0,0,0,0,0,0,0,0,0,0,0,0,128,[84 -64 4 0 0 0 0 0 0 0 0 0 -6 13 -7 14 -7 13 -8 13 -8 12 -9 13 -9 12 -9 12 -9 11 -9 11 -10 11 -10 10 -10 10 -10 10 -10 10 -10 9 -10 10 -10 9 -10 9 -9 8 -10 8 -9 9 -9 9 -9 9 -9 9 -8 9 0 0 -8 9 -8 9 -8 9 -8 9 -7 10 -7 9 -7 9 -7 9 -7 10 -6 9 -7 10 -7 11 -6 10 -6 11 -6 10 -6 11 -6 11 -6 11 -6 11 -6 11 -5 12 -5 12 -5 12 -5 12 -5 12 -5 13 0 0 0 0 0 0 0 0 0 0]"
"1769235455089668,CSI_DATA,STATION,00:00:00:00:00:00,0,0,0,0,0,0,0,0,0,0,0,0,0,0,0,0,0,0,0,0,0,128,[84 -64 4 0 0 0 0 0 0 0 0 0 13 -7 13 -7 13 -6 14 -6 14 -5 13 -5 14 -4 14 -4 15 -4 14 -3 14 -3 14 -3 13 -2 13 -2 13 -2 13 -3 13 -2 13 -2 12 -2 13 -2 12 -2 12 -2 12 -2 12 -2 12 -2 12 -2 0 0 11 -3 11 -3 11 -3 12 -4 11 -4 11 -4 11 -4 11 -5 11 -5 11 -5 10 -5 11 -5 11 -5 11 -5 11 -7 10 -6 11 -7 11 -7 10 -7 11 -7 11 -7 10 -7 11 -8 10 -8 10 -8 11 -8 0 0 0 0 0 0 0 0 0 0]"
"1769235455094011,CSI_DATA,STATION,00:00:00:00:00:00,0,0,0,0,0,0,0,0,0,0,0,0,0,0,0,0,0,0,0,0,0,128,[84 -64 4 0 0 0 0 0 0 0 0 0 -3 12 -4 13 -4 13 -4 13 -5 12 -6 13 -6 12 -6 12 -6 11 -7 11 -6 11 -7 11 -7 11 -7 11 -7 10 -7 10 -7 10 -7 10 -7 10 -7 9 -7 9 -7 9 -7 9 -6 9 -6 9 -6 9 0 0 -6 9 -5 9 -5 9 -6 9 -5 9 -5 9 -5 9 -4 9 -5 10 -5 10 -4 10 -4 10 -4 10 -4 11 -4 10 -4 10 -3 10 -4 11 -3 11 -4 11 -3 11 -3 11 -3 11 -3 11 -3 11 -3 12 0 0 0 0 0 0 0 0 0 0]"
"1769235455100524,CSI_DATA,STATION,00:00:00:00:00:00,0,0,0,0,0,0,0,0,0,0,0,0,0,0,0,0,0,0,0,0,0,128,[84 -64 4 0 0 0 0 0 0 0 0 0 13 -1 13 -1 13 0 13 0 13 1 13 1 13 2 13 2 13 2 13 3 12 2 12 3 12 3 12 3 12 3 11 3 11 4 11 4 11 4 11 3 10 4 10 3 11 3 11 3 10 3 10 3 0 0 10 2 10 2 10 2 10 1 10 2 10 1 10 1 10 1 10 1 10 1 10 0 11 1 11 0 11 0 11 0 11 -1 11 -1 12 -1 11 -1 11 -1 11 -1 11 -1 11 -1 11 -2 12 -2 11 -2 0 0 0 0 0 0 0 0 0 0]"
"1769235455105024,CSI_DATA,STATION,00:00:00:00:00:00,0,0,0,0,0,0,0,0,0,0,0,0,0,0,0,0,0,0,0,0,0,128,[84 -64 4 0 0 0 0 0 0 0 0 0 -13 8 -14 7 -14 7 -15 6 -14 5 -15 6 -14 5 -14 5 -14 4 -15 4 -15 4 -14 4 -14 3 -14 3 -14 3 -14 4 -14 3 -13 3 -13 3 -14 3 -13 3 -13 3 -13 3 -12 3 -12 3 -13 3 0 0 -12 4 -12 3 -12 4 -12 3 -11 5 -11 4 -11 5 -11 5 -11 5 -11 6 -11 6 -11 6 -11 6 -11 7 -11 6 -11 7 -11 7 -11 8 -11 8 -11 8 -11 8 -10 9 -10 8 -11 9 -11 9 -11 9 0 0 0 0 0 0 0 0 0 0]"
"1769235455111566,CSI_DATA,STATION,00:00:00:00:00:00,0,0,0,0,0,0,0,0,0,0,0,0,0,0,0,0,0,0,0,0,0,128,[84 -64 4 0 0 0 0 0 0 0 0 0 -2 -16 -1 -16 0 -16 0 -16 0 -16 1 -16 2 -16 1 -16 2 -15 2 -15 2 -15 2 -15 3 -15 3 -14 3 -14 3 -14 4 -14 3 -14 3 -14 4 -13 4 -13 4 -13 4 -13 3 -13 3 -12 3 -13 0 0 2 -13 2 -12 2 -12 2 -12 2 -12 2 -12 1 -12 1 -13 1 -12 1 -12 0 -13 0 -13 0 -13 0 -13 0 -13 0 -14 0 -13 -1 -14 0 -14 0 -14 -1 -14 -1 -13 -1 -14 -2 -14 -2 -15 -2 -14 0 0 0 0 0 0 0 0 0 0]"
"1769235455115929,CSI_DATA,STATION,00:00:00:00:00:00,0,0,0,0,0,0,0,0,0,0,0,0,0,0,0,0,0,0,0,0,0,128,[84 -64 4 0 0 0 0 0 0 0 0 0 -7 -14 -7 -14 -6 -14 -6 -15 -5 -15 -5 -15 -4 -15 -4 -15 -3 -15 -4 -16 -3 -15 -3 -15 -2 -15 -2 -15 -2 -15 -2 -14 -2 -14 -2 -14 -2 -14 -2 -14 -2 -13 -2 -14 -2 -13 -2 -13 -2 -13 -2 -13 0 0 -2 -12 -3 -13 -3 -12 -3 -13 -3 -12 -4 -13 -4 -12 -4 -12 -4 -12 -5 -12 -5 -12 -5 -12 -5 -12 -5 -12 -6 -12 -6 -12 -7 -12 -6 -12 -6 -12 -7 -12 -7 -12 -7 -12 -7 -12 -8 -12 -8 -12 -8 -12 0 0 0 0 0 0 0 0 0 0]"
"1769235455120304,CSI_DATA,STATION,00:00:00:00:00:00,0,0,0,0,0,0,0,0,0,0,0,0,0,0,0,0,0,0,0,0,0,128,[84 -64 4 0 0 0 0 0 0 0 0 0 -14 1 -14 0 -15 0 -14 -1 -14 -1 -15 -1 -14 -2 -14 -2 -14 -3 -13 -3 -14 -3 -13 -3 -13 -3 -13 -3 -13 -3 -13 -3 -13 -4 -12 -4 -13 -4 -12 -4 -12 -4 -12 -4 -12 -3 -12 -3 -12 -3 -12 -3 0 0 -12 -2 -11 -3 -11 -2 -11 -2 -12 -2 -11 -2 -11 -2 -12 -2 -11 -1 -12 -1 -12 0 -12 -1 -12 -1 -12 0 -12 0 -12 0 -12 0 -12 0 -12 1 -12 1 -13 1 -13 1 -13 1 -13 2 -13 2 -13 2 0 0 0 0 0 0 0 0 0 0]"
"1769235455126830,CSI_DATA,STATION,00:00:00:00:00:00,0,0,0,0,0,0,0,0,0,0,0,0,0,0,0,0,0,0,0,0,0,128,[84 -64 4 0 0 0 0 0 0 0 0 0 8 8 8 9 8 9 7 9 7 9 7 10 7 9 7 10 6 10 6 11 5 10 5 10 5 10 5 10 5 10 5 10 5 10 5 9 4 9 5 10 4 9 4 9 4 9 4 9 4 9 4 8 0 0 5 8 5 8 5 7 5 8 5 8 6 7 6 7 6 7 6 7 6 7 6 7 6 7 7 7 7 7 7 6 7 6 8 6 8 6 8 6 8 6 8 6 8 6 8 6 9 6 8 6 9 6 0 0 0 0 0 0 0 0 0 0]"
"1769235455131180,CSI_DATA,STATION,00:00:00:00:00:00,0,0,0,0,0,0,0,0,0,0,0,0,0,0,0,0,0,0,0,0,0,128,[84 -64 4 0 0 0 0 0 0 0 0 0 10 -6 11 -6 11 -6 11 -6 11 -5 12 -5 11 -4 12 -4 12 -3 12 -3 11 -2 11 -2 11 -2 11 -2 12 -2 11 -2 11 -2 11 -2 11 -2 11 -2 10 -2 10 -2 10 -2 10 -2 10 -2 10 -2 0 0 9 -2 9 -3 9 -3 9 -3 9 -3 10 -3 9 -3 9 -3 9 -3 9 -4 9 -4 9 -4 9 -4 9 -4 9 -5 9 -5 9 -5 9 -5 9 -5 9 -5 9 -5 9 -5 9 -5 9 -6 9 -6 9 -6 0 0 0 0 0 0 0 0 0 0]"
"1769235455135531,CSI_DATA,STATION,00:00:00:00:00:00,0,0,0,0,0,0,0,0,0,0,0,0,0,0,0,0,0,0,0,0,0,128,[84 -64 4 0 0 0 0 0 0 0 0 0 9 -12 10 -12 10 -12 10 -11 11 -11 11 -11 11 -11 12 -10 12 -10 12 -10 12 -9 12 -9 12 -9 12 -8 12 -8 12 -8 12 -8 12 -8 11 -8 12 -7 11 -7 11 -8 11 -8 11 -8 10 -7 10 -8 0 0 10 -8 10 -8 9 -8 9 -8 9 -9 9 -8 8 -9 8 -9 9 -9 9 -9 8 -10 8 -10 8 -10 8 -10 8 -11 8 -11 8 -11 7 -11 8 -12 7 -12 7 -12 7 -11 7 -12 7 -12 7 -13 7 -12 0 0 0 0 0 0 0 0 0 0]"
"1769235455142042,CSI_DATA,STATION,00:00:00:00:00:00,0,0,0,0,0,0,0,0,0,0,0,0,0,0,0,0,0,0,0,0,0,128,[84 -64 4 0 0 0 0 0 0 0 0 0 4 15 3 15 3 15 3 15 2 15 2 15 1 15 1 15 1 15 1 15 0 15 0 15 0 14 0 14 -1 15 -1 14 -1 14 -1 13 -1 13 -1 14 -1 14 -1 13 -1 13 -1 12 0 13 0 12 0 0 0 12 1 12 1 12 1 12 1 12 1 12 2 12 2 11 2 12 2 12 2 11 2 12 3 13 3 12 3 12 4 12 4 11 4 12 4 12 5 12 5 12 5 12 5 12 6 12 6 12 6 12 0 0 0 0 0 0 0 0 0 0]"
"1769235455146386,CSI_DATA,STATION,00:00:00:00:00:00,0,0,0,0,0,0,0,0,0,0,0,0,0,0,0,0,0,0,0,0,0,128,[84 -64 4 0 0 0 0 0 0 0 0 0 -6 -15 -6 -16 -6 -15 -5 -16 -4 -15 -4 -16 -3 -15 -4 -16 -3 -15 -2 -16 -2 -16 -2 -15 -1 -15 -2 -15 -1 -16 -1 -15 -1 -15 -1 -14 -1 -15 -1 -14 -1 -14 -1 -14 -1 -13 -1 -13 -1 -13 -2 -14 0 0 -2 -13 -2 -13 -2 -13 -2 -13 -2 -13 -3 -13 -3 -13 -3 -12 -3 -13 -3 -12 -4 -13 -4 -13 -4 -13 -5 -13 -4 -12 -5 -13 -5 -13 -5 -13 -6 -13 -6 -13 -6 -13 -6 -13 -6 -13 -7 -13 -7 -13 -7 -13 0 0 0 0 0 0 0 0 0 0]"
"1769235455150712,CSI_DATA,STATION,00:00:00:00:00:00,0,0,0,0,0,0,0,0,0,0,0,0,0,0,0,0,0,0,0,0,0,128,[84 -64 4 0 0 0 0 0 0 0 0 0 9 10 8 10 8 11 8 11 7 11 7 12 6 12 6 12 6 12 5 12 5 12 5 12 5 12 5 12 5 12 5 12 4 11 4 11 4 11 4 12 4 11 4 11 4 11 4 10 4 11 4 10 0 0 5 10 5 10 5 9 5 10 5 9 5 9 5 9 6 9 6 9 6 9 7 8 7 9 7 9 7 9 7 8 8 8 8 8 8 8 8 8 8 8 8 8 9 8 9 8 9 8 9 8 9 8 0 0 0 0 0 0 0 0 0 0]"
"1769235455157217,CSI_DATA,STATION,00:00:00:00:00:00,0,0,0,0,0,0,0,0,0,0,0,0,0,0,0,0,0,0,0,0,0,128,[84 -64 4 0 0 0 0 0 0 0 0 0 -7 -13 -6 -13 -6 -13 -6 -13 -5 -14 -5 -14 -4 -14 -4 -14 -4 -14 -3 -15 -3 -14 -3 -14 -3 -14 -2 -14 -2 -14 -2 -13 -2 -13 -2 -13 -2 -13 -2 -13 -1 -13 -2 -13 -2 -13 -2 -13 -2 -12 -2 -12 0 0 -2 -12 -2 -12 -3 -12 -3 -12 -3 -12 -3 -12 -3 -12 -4 -12 -4 -12 -4 -12 -4 -11 -5 -11 -4 -11 -4 -12 -5 -11 -5 -12 -5 -11 -6 -12 -5 -12 -5 -12 -6 -12 -6 -12 -6 -12 -7 -12 -7 -12 -7 -12 0 0 0 0 0 0 0 0 0 0]"
"1769235455161568,CSI_DATA,STATION,00:00:00:00:00:00,0,0,0,0,0,0,0,0,0,0,0,0,0,0,0,0,0,0,0,0,0,128,[84 -64 4 0 0 0 0 0 0 0 0 0 -9 9 -9 9 -9 8 -10 9 -10 7 -10 8 -10 7 -11 7 -11 6 -11 6 -11 6 -11 6 -11 6 -11 6 -12 5 -11 5 -11 5 -10 4 -11 5 -11 4 -11 4 -10 4 -10 5 -10 5 -10 4 -10 5 0 0 -10 5 -9 4 -10 5 -9 5 -9 5 -10 5 -9 5 -9 5 -9 6 -9 6 -9 7 -9 6 -9 6 -9 7 -8 6 -9 7 -8 6 -9 8 -9 8 -9 7 -9 8 -9 8 -8 7 -8 9 -8 8 -8 8 0 0 0 0 0 0 0 0 0 0]"
"1769235455168075,CSI_DATA,STATION,00:00:00:00:00:00,0,0,0,0,0,0,0,0,0,0,0,0,0,0,0,0,0,0,0,0,0,128,[84 -64 4 0 0 0 0 0 0 0 0 0 9 10 8 10 8 11 8 11 7 11 7 12 7 12 6 12 7 12 6 12 6 12 5 12 5 12 5 12 5 12 4 11 4 12 4 12 4 12 5 11 4 11 4 11 4 11 4 11 5 11 5 11 0 0 4 10 5 10 5 10 5 10 6 10 6 10 6 10 6 9 6 9 6 9 6 9 7 9 7 9 7 9 7 9 8 9 7 8 8 9 8 9 8 9 9 9 8 9 9 8 9 8 9 9 9 9 0 0 0 0 0 0 0 0 0 0]"
"1769235455172431,CSI_DATA,STATION,00:00:00:00:00:00,0,0,0,0,0,0,0,0,0,0,0,0,0,0,0,0,0,0,0,0,0,128,[84 -64 4 0 0 0 0 0 0 0 0 0 -15 2 -15 1 -15 1 -15 0 -15 0 -15 -1 -15 -1 -15 -1 -14 -2 -15 -3 -14 -2 -14 -2 -14 -3 -14 -3 -14 -3 -13 -3 -14 -3 -13 -4 -14 -3 -13 -4 -12 -4 -13 -4 -12 -3 -12 -3 -12 -3 -13 -2 0 0 -12 -2 -12 -2 -12 -2 -12 -2 -13 -2 -12 -1 -12 -2 -12 -1 -12 -1 -12 -1 -13 0 -13 0 -12 0 -13 0 -13 0 -13 1 -13 0 -13 0 -13 1 -13 1 -13 1 -13 1 -13 1 -13 2 -14 2 -14 2 0 0 0 0 0 0 0 0 0 0]"
"1769235455178901,CSI_DATA,STATION,00:00:00:00:00:00,0,0,0,0,0,0,0,0,0,0,0,0,0,0,0,0,0,0,0,0,0,128,[84 -64 4 0 0 0 0 0 0 0 0 0 -10 8 -10 8 -11 7 -11 7 -11 6 -12 7 -12 6 -12 6 -12 6 -12 5 -12 5 -11 5 -12 5 -12 5 -12 4 -11 5 -11 5 -11 4 -11 4 -11 4 -11 4 -11 4 -11 4 -11 4 -10 4 -11 4 0 0 -10 5 -10 5 -10 5 -10 5 -9 5 -10 5 -9 5 -9 6 -9 6 -9 6 -9 7 -9 6 -9 7 -9 7 -9 7 -9 8 -8 7 -9 7 -8 8 -9 8 -8 8 -8 8 -8 8 -8 9 -8 9 -8 9 0 0 0 0 0 0 0 0 0 0]"
"1769235455189642,CSI_DATA,STATION,00:00:00:00:00:00,0,0,0,0,0,0,0,0,0,0,0,0,0,0,0,0,0,0,0,0,0,128,[84 -64 4 0 0 0 0 0 0 0 0 0 0 13 -1 12 -1 13 -2 13 -2 13 -3 13 -3 13 -4 13 -4 12 -4 12 -4 12 -4 12 -5 12 -4 11 -4 11 -4 11 -5 11 -5 11 -5 11 -5 11 -5 10 -5 10 -4 10 -4 10 -4 10 -4 10 0 0 -4 10 -3 10 -3 10 -3 10 -3 11 -2 10 -3 10 -2 10 -2 10 -3 10 -2 11 -2 11 -2 11 -1 11 -1 11 -1 11 -1 11 -1 11 -1 12 -1 11 -1 12 0 11 -1 11 0 12 0 12 0 12 0 0 0 0 0 0 0 0 0 0]"
"1769235455196147,CSI_DATA,STATION,00:00:00:00:00:00,0,0,0,0,0,0,0,0,0,0,0,0,0,0,0,0,0,0,0,0,0,128,[84 -64 4 0 0 0 0 0 0 0 0 0 6 12 5 12 4 12 4 12 3 12 3 13 2 13 2 13 1 12 2 12 2 12 1 12 1 12 1 12 1 12 1 12 0 12 0 11 0 12 0 11 0 11 0 11 0 11 1 11 1 11 1 11 0 0 1 10 2 10 2 10 2 10 2 10 2 10 2 10 2 10 2 9 3 10 3 10 3 10 3 10 4 10 4 10 4 10 4 10 5 10 5 10 4 10 4 10 5 10 5 10 6 10 5 10 6 10 0 0 0 0 0 0 0 0 0 0]"
"1769235455200514,CSI_DATA,STATION,00:00:00:00:00:00,0,0,0,0,0,0,0,0,0,0,0,0,0,0,0,0,0,0,0,0,0,128,[84 -64 4 0 0 0 0 0 0 0 0 0 -4 -15 -3 -15 -3 -15 -3 -15 -2 -15 -2 -16 -1 -15 -1 -15 -1 -15 0 -15 0 -15 0 -14 1 -14 1 -14 1 -14 0 -13 1 -14 1 -14 1 -14 1 -14 1 -13 1 -13 1 -13 1 -13 0 -13 0 -13 0 0 0 -12 0 -12 0 -12 -1 -12 0 -13 -1 -13 -1 -12 -1 -12 -1 -12 -1 -13 -2 -13 -2 -13 -2 -13 -2 -13 -3 -13 -3 -13 -3 -13 -3 -13 -4 -13 -3 -13 -4 -14 -4 -13 -3 -13 -4 -13 -4 -14 -4 -14 0 0 0 0 0 0 0 0 0 0]"
"1769235455207135,CSI_DATA,STATION,00:00:00:00:00:00,0,0,0,0,0,0,0,0,0,0,0,0,0,0,0,0,0,0,0,0,0,128,[84 -64 4 0 0 0 0 0 0 0 0 0 13 2 13 3 12 3 12 3 12 4 12 4 12 5 11 5 11 5 11 6 11 5 11 6 11 6 11 6 10 6 10 6 10 6 10 6 10 6 10 6 9 6 10 6 10 6 9 5 9 5 9 5 0 0 9 4 9 4 9 4 9 4 9 4 10 4 9 3 10 3 10 3 10 3 10 2 10 3 11 3 11 2 11 2 11 2 11 2 11 2 11 1 11 1 11 1 11 1 12 1 12 1 12 1 12 1 0 0 0 0 0 0 0 0 0 0]"
"1769235455211492,CSI_DATA,STATION,00:00:00:00:00:00,0,0,0,0,0,0,0,0,0,0,0,0,0,0,0,0,0,0,0,0,0,128,[84 -64 4 0 0 0 0 0 0 0 0 0 -13 -5 -13 -5 -13 -6 -13 -6 -12 -7 -12 -7 -12 -7 -12 -8 -11 -8 -11 -8 -11 -8 -11 -8 -11 -9 -11 -9 -10 -9 -10 -8 -10 -8 -10 -8 -10 -9 -9 -9 -9 -9 -9 -8 -9 -8 -9 -8 -9 -8 -9 -8 0 0 -9 -7 -9 -7 -9 -7 -9 -7 -10 -7 -9 -7 -10 -7 -10 -6 -10 -6 -10 -6 -10 -6 -11 -6 -10 -6 -11 -6 -10 -5 -11 -6 -11 -5 -11 -6 -11 -5 -11 -5 -12 -5 -12 -5 -12 -5 -12 -5 -12 -5 -12 -5 0 0 0 0 0 0 0 0 0 0]"
"1769235455218021,CSI_DATA,STATION,00:00:00:00:00:00,0,0,0,0,0,0,0,0,0,0,0,0,0,0,0,0,0,0,0,0,0,128,[84 -64 4 0 0 0 0 0 0 0 0 0 3 11 2 11 2 11 1 11 1 12 1 11 0 11 0 12 0 12 0 11 -1 11 0 11 0 11 -1 11 -1 11 -1 11 -2 10 -2 10 -1 10 -1 10 -2 10 -1 10 -1 10 -1 9 -1 10 -1 10 0 0 -1 9 0 9 0 9 0 9 0 9 0 9 0 9 1 9 1 9 1 9 1 9 2 9 2 10 2 10 2 9 2 10 3 9 2 9 2 10 3 9 3 10 3 10 3 10 4 9 3 10 3 10 0 0 0 0 0 0 0 0 0 0]"
"1769235455222357,CSI_DATA,STATION,00:00:00:00:00:00,0,0,0,0,0,0,0,0,0,0,0,0,0,0,0,0,0,0,0,0,0,128,[84 -64 4 0 0 0 0 0 0 0 0 0 -2 -15 -2 -15 -1 -15 0 -16 0 -16 0 -16 1 -15 2 -15 2 -15 2 -15 2 -15 2 -14 2 -15 2 -14 3 -15 3 -13 3 -13 3 -13 3 -14 3 -13 3 -13 3 -13 3 -13 2 -13 2 -12 2 -13 0 0 2 -13 1 -12 1 -13 0 -12 1 -12 0 -13 0 -12 0 -13 0 -13 -1 -12 -1 -13 -1 -13 -1 -13 -1 -13 -2 -13 -2 -13 -2 -13 -2 -14 -2 -13 -2 -14 -2 -14 -3 -14 -3 -14 -4 -14 -4 -14 -4 -14 0 0 0 0 0 0 0 0 0 0]"
"1769235455228860,CSI_DATA,STATION,00:00:00:00:00:00,0,0,0,0,0,0,0,0,0,0,0,0,0,0,0,0,0,0,0,0,0,128,[84 -64 4 0 0 0 0 0 0 0 0 0 -12 7 -12 7 -12 6 -12 6 -13 5 -13 5 -13 5 -13 4 -13 4 -13 4 -13 4 -13 3 -12 3 -13 3 -13 2 -12 3 -13 2 -12 2 -12 2 -12 2 -12 2 -12 2 -12 2 -11 2 -11 2 -12 3 0 0 -11 3 -11 3 -11 3 -11 3 -11 4 -11 3 -11 3 -10 4 -10 4 -11 4 -10 5 -10 5 -10 5 -10 5 -10 5 -11 6 -10 5 -11 6 -10 7 -10 6 -10 7 -10 6 -10 7 -10 7 -10 7 -10 7 0 0 0 0 0 0 0 0 0 0]"
"1769235455233193,CSI_DATA,STATION,00:00:00:00:00:00,0,0,0,0,0,0,0,0,0,0,0,0,0,0,0,0,0,0,0,0,0,128,[84 -64 4 0 0 0 0 0 0 0 0 0 9 -11 9 -10 9 -10 9 -9 10 -10 10 -9 10 -9 11 -8 11 -8 12 -8 11 -8 11 -7 10 -7 11 -7 11 -7 11 -7 10 -6 10 -7 10 -6 11 -6 10 -6 10 -6 10 -7 9 -6 9 -6 9 -6 0 0 9 -6 9 -6 8 -6 9 -7 8 -7 8 -7 8 -7 8 -7 8 -7 8 -8 7 -8 8 -8 8 -8 7 -8 7 -9 7 -9 7 -10 7 -9 7 -9 7 -10 7 -10 7 -10 7 -10 7 -10 7 -11 7 -11 0 0 0 0 0 0 0 0 0 0]"
"1769235455237522,CSI_DATA,STATION,00:00:00:00:00:00,0,0,0,0,0,0,0,0,0,0,0,0,0,0,0,0,0,0,0,0,0,128,[84 -64 4 0 0 0 0 0 0 0 0 0 -12 8 -12 8 -12 7 -12 7 -12 6 -13 6 -12 6 -13 5 -13 5 -13 5 -13 4 -13 4 -13 3 -13 4 -13 3 -13 3 -12 3 -12 2 -12 3 -12 3 -12 3 -12 3 -12 3 -12 3 -11 3 -11 3 0 0 -11 3 -11 3 -11 3 -11 3 -10 4 -11 4 -10 4 -10 4 -10 5 -11 5 -10 5 -10 5 -10 5 -10 5 -11 5 -10 6 -10 6 -10 6 -10 7 -10 6 -10 7 -10 7 -10 7 -10 7 -10 7 -10 7 0 0 0 0 0 0 0 0 0 0]"
"1769235455243990,CSI_DATA,STATION,00:00:00:00:00:00,0,0,0,0,0,0,0,0,0,0,0,0,0,0,0,0,0,0,0,0,0,128,[84 -64 4 0 0 0 0 0 0 0 0 0 9 8 8 8 8 8 8 8 8 9 7 9 7 9 6 9 6 9 6 10 6 9 6 9 5 9 5 9 5 9 5 9 5 9 5 9 5 9 5 9 5 9 5 8 5 8 5 9 4 8 5 8 0 0 5 8 5 8 5 7 5 7 6 7 6 7 6 7 6 7 6 6 6 6 6 6 6 6 7 7 7 6 7 6 7 6 8 6 8 6 8 6 8 5 8 6 8 6 8 6 8 6 9 5 9 5 0 0 0 0 0 0 0 0 0 0]"
"1769235455248344,CSI_DATA,STATION,00:00:00:00:00:00,0,0,0,0,0,0,0,0,0,0,0,0,0,0,0,0,0,0,0,0,0,128,[84 -64 4 0 0 0 0 0 0 0 0 0 10 -9 10 -9 10 -8 12 -8 11 -7 12 -8 11 -7 12 -7 12 -6 12 -6 12 -6 12 -5 11 -5 12 -5 12 -5 11 -5 11 -5 10 -5 11 -4 11 -4 10 -4 10 -4 10 -4 10 -5 10 -4 10 -5 0 0 9 -5 10 -4 10 -5 9 -5 9 -5 9 -5 9 -6 9 -6 9 -6 8 -6 9 -6 9 -7 9 -6 9 -7 9 -7 9 -7 8 -8 9 -8 9 -8 8 -8 9 -9 9 -8 8 -8 8 -9 9 -9 8 -9 0 0 0 0 0 0 0 0 0 0]"
"1769235455252671,CSI_DATA,STATION,00:00:00:00:00:00,0,0,0,0,0,0,0,0,0,0,0,0,0,0,0,0,0,0,0,0,0,128,[84 -64 4 0 0 0 0 0 0 0 0 0 4 14 3 15 2 15 2 15 1 15 1 15 1 15 0 15 -1 14 0 15 -1 14 -1 14 -1 14 -1 14 -1 14 -1 13 -2 13 -2 12 -2 13 -1 13 -1 13 -1 12 -1 12 -1 12 -1 12 -1 12 0 0 0 12 0 11 0 12 0 12 1 12 1 11 1 11 2 11 2 11 2 11 2 11 3 11 3 12 3 12 3 11 3 12 4 11 4 11 4 12 4 11 4 12 5 12 5 12 6 11 6 12 6 12 0 0 0 0 0 0 0 0 0 0]"
"1769235455259168,CSI_DATA,STATION,00:00:00:00:00:00,0,0,0,0,0,0,0,0,0,0,0,0,0,0,0,0,0,0,0,0,0,128,[84 -64 4 0 0 0 0 0 0 0 0 0 0 13 -1 14 -1 13 -1 13 -2 13 -2 13 -3 13 -3 13 -3 13 -4 13 -4 12 -4 12 -4 12 -4 12 -4 12 -4 11 -5 11 -5 11 -4 11 -4 11 -4 11 -4 11 -4 11 -4 10 -3 11 -3 10 0 0 -3 10 -2 10 -2 10 -2 11 -2 10 -2 10 -2 10 -2 10 -2 10 -1 10 -1 10 -1 11 -1 11 0 11 0 11 0 11 1 11 0 11 1 11 1 11 1 11 1 11 1 11 2 11 2 11 2 12 0 0 0 0 0 0 0 0 0 0]"
"1769235455263483,CSI_DATA,STATION,00:00:00:00:00:00,0,0,0,0,0,0,0,0,0,0,0,0,0,0,0,0,0,0,0,0,0,128,[84 -64 4 0 0 0 0 0 0 0 0 0 9 9 8 10 8 10 7 11 8 11 7 11 6 11 6 11 6 11 6 12 5 11 5 11 5 12 5 11 4 11 5 11 5 11 4 11 4 11 4 11 4 11 4 10 4 10 4 10 4 10 4 10 0 0 5 9 4 9 5 9 5 9 5 9 5 9 5 9 6 8 6 8 6 8 6 8 6 8 7 8 7 8 7 8 7 8 8 8 8 8 8 8 8 7 8 8 8 8 8 7 9 7 9 8 9 7 0 0 0 0 0 0 0 0 0 0]"
"1769235455267812,CSI_DATA,STATION,00:00:00:00:00:00,0,0,0,0,0,0,0,0,0,0,0,0,0,0,0,0,0,0,0,0,0,128,[84 -64 4 0 0 0 0 0 0 0 0 0 8 -14 8 -13 8 -13 8 -12 9 -12 10 -12 10 -12 10 -12 10 -11 11 -11 11 -10 10 -10 11 -10 10 -9 10 -9 11 -9 11 -9 10 -9 10 -8 10 -9 9 -9 9 -9 10 -9 10 -8 9 -8 9 -8 0 0 9 -9 8 -8 8 -9 8 -9 8 -9 7 -9 7 -9 7 -10 7 -9 7 -10 7 -10 7 -10 7 -10 6 -10 7 -11 6 -11 6 -11 7 -11 6 -12 6 -12 6 -12 6 -12 6 -12 6 -12 6 -12 5 -13 0 0 0 0 0 0 0 0 0 0]"
"1769235455274326,CSI_DATA,STATION,00:00:00:00:00:00,0,0,0,0,0,0,0,0,0,0,0,0,0,0,0,0,0,0,0,0,0,128,[84 -64 4 0 0 0 0 0 0 0 0 0 -15 -3 -15 -4 -15 -4 -15 -5 -15 -6 -15 -6 -15 -6 -14 -6 -14 -7 -14 -7 -14 -7 -13 -7 -13 -8 -13 -8 -13 -7 -12 -7 -12 -8 -12 -8 -12 -7 -12 -8 -12 -8 -12 -7 -11 -7 -11 -7 -11 -7 -11 -6 0 0 -11 -6 -11 -6 -11 -5 -11 -5 -12 -6 -11 -5 -12 -5 -12 -4 -12 -4 -12 -4 -12 -4 -12 -4 -12 -4 -12 -3 -13 -3 -13 -3 -13 -3 -12 -3 -13 -2 -13 -2 -14 -2 -13 -2 -14 -2 -14 -2 -14 -2 -14 -1 0 0 0 0 0 0 0 0 0 0]"
"1769235455278647,CSI_DATA,STATION,00:00:00:00:00:00,0,0,0,0,0,0,0,0,0,0,0,0,0,0,0,0,0,0,0,0,0,128,[84 -64 4 0 0 0 0 0 0 0 0 0 -7 -14 -6 -15 -6 -15 -5 -15 -5 -15 -4 -15 -4 -15 -3 -15 -3 -15 -3 -16 -2 -15 -1 -15 -2 -15 -1 -14 -1 -15 -2 -14 -1 -14 -1 -14 -1 -14 -1 -14 -1 -13 -1 -14 -1 -13 -1 -13 -1 -13 -2 -13 0 0 -2 -13 -2 -12 -2 -12 -2 -13 -3 -12 -3 -13 -3 -12 -3 -12 -3 -12 -3 -12 -4 -12 -4 -12 -4 -12 -4 -12 -5 -12 -5 -12 -5 -13 -5 -12 -5 -12 -5 -12 -6 -12 -6 -12 -6 -13 -6 -12 -6 -13 -6 -12 0 0 0 0 0 0 0 0 0 0]"
"1769235455285156,CSI_DATA,STATION,00:00:00:00:00:00,0,0,0,0,0,0,0,0,0,0,0,0,0,0,0,0,0,0,0,0,0,128,[84 -64 4 0 0 0 0 0 0 0 0 0 9 -11 9 -10 9 -10 9 -10 10 -9 11 -10 10 -8 10 -8 11 -8 11 -8 10 -8 11 -8 10 -7 10 -7 11 -7 10 -6 11 -7 10 -7 10 -6 10 -6 10 -6 10 -6 10 -7 9 -6 9 -6 9 -7 0 0 8 -7 8 -6 8 -7 8 -6 8 -7 8 -7 7 -7 7 -8 8 -8 7 -8 7 -8 7 -9 7 -8 7 -9 7 -9 7 -9 6 -9 7 -9 7 -10 7 -10 6 -10 6 -10 6 -10 6 -11 6 -11 6 -11 0 0 0 0 0 0 0 0 0 0]"
"1769235455289459,CSI_DATA,STATION,00:00:00:00:00:00,0,0,0,0,0,0,0,0,0,0,0,0,0,0,0,0,0,0,0,0,0,128,[84 -64 4 0 0 0 0 0 0 0 0 0 9 -10 9 -10 9 -9 10 -9 10 -9 11 -9 10 -8 11 -8 11 -7 11 -7 11 -7 11 -7 11 -7 11 -6 11 -6 11 -6 10 -6 10 -6 10 -5 10 -5 10 -5 10 -5 10 -6 10 -6 9 -5 9 -6 0 0 9 -6 8 -6 8 -6 9 -6 8 -6 9 -6 8 -6 8 -7 8 -7 8 -7 7 -8 7 -7 8 -7 7 -7 8 -9 7 -9 7 -9 7 -9 7 -9 7 -9 8 -9 7 -9 7 -9 7 -10 7 -10 7 -10 0 0 0 0 0 0 0 0 0 0]"
"1769235455293780,CSI_DATA,STATION,00:00:00:00:00:00,0,0,0,0,0,0,0,0,0,0,0,0,0,0,0,0,0,0,0,0,0,128,[84 -64 4 0 0 0 0 0 0 0 0 0 7 -12 7 -12 8 -11 8 -11 8 -11 9 -11 9 -11 9 -10 9 -10 9 -9 9 -9 9 -9 9 -9 9 -9 9 -8 9 -8 9 -8 9 -8 9 -8 9 -7 9 -7 9 -7 9 -7 8 -8 8 -7 8 -8 0 0 8 -8 7 -8 7 -8 7 -8 7 -8 7 -8 6 -8 6 -9 6 -9 6 -9 6 -9 6 -9 6 -9 6 -9 6 -10 6 -10 6 -10 6 -10 5 -11 6 -11 5 -11 5 -10 5 -11 5 -11 5 -11 5 -11 0 0 0 0 0 0 0 0 0 0]"
"1769235455300283,CSI_DATA,STATION,00:00:00:00:00:00,0,0,0,0,0,0,0,0,0,0,0,0,0,0,0,0,0,0,0,0,0,128,[84 -64 4 0 0 0 0 0 0 0 0 0 12 -9 13 -9 12 -8 13 -8 13 -7 14 -7 13 -6 13 -6 13 -6 13 -5 14 -5 13 -5 13 -4 13 -4 14 -4 12 -4 13 -4 12 -3 12 -3 13 -4 12 -3 12 -3 12 -4 11 -3 11 -3 12 -4 0 0 11 -4 11 -4 11 -4 11 -4 11 -5 11 -5 10 -5 10 -5 10 -6 10 -5 10 -6 10 -6 10 -6 11 -6 10 -6 11 -7 10 -7 10 -7 10 -7 10 -7 10 -8 10 -8 10 -7 10 -8 10 -9 10 -9 0 0 0 0 0 0 0 0 0 0]"
"1769235455304731,CSI_DATA,STATION,00:00:00:00:00:00,0,0,0,0,0,0,0,0,0,0,0,0,0,0,0,0,0,0,0,0,0,128,[84 -64 4 0 0 0 0 0 0 0 0 0 13 -3 13 -3 13 -2 13 -1 13 -1 13 -1 13 0 13 0 13 0 13 1 12 1 13 1 12 2 12 1 12 1 12 1 12 2 11 2 11 2 11 1 11 1 11 1 11 1 10 2 10 1 10 0 0 0 10 0 10 0 10 0 10 0 10 0 10 -1 10 -1 10 -1 10 -2 10 -2 10 -2 10 -2 10 -2 10 -2 11 -3 10 -3 10 -3 11 -4 11 -3 10 -4 11 -4 10 -4 11 -4 10 -4 11 -5 11 -5 0 0 0 0 0 0 0 0 0 0]"
"1769235455311346,CSI_DATA,STATION,00:00:00:00:00:00,0,0,0,0,0,0,0,0,0,0,0,0,0,0,0,0,0,0,0,0,0,128,[84 -64 4 0 0 0 0 0 0 0 0 0 -14 -6 -14 -7 -14 -7 -14 -8 -13 -9 -13 -9 -13 -9 -12 -10 -11 -10 -12 -10 -11 -10 -11 -10 -11 -11 -11 -10 -10 -10 -10 -10 -10 -10 -11 -11 -9 -10 -10 -10 -10 -10 -10 -10 -10 -10 -9 -9 -9 -9 -9 -8 0 0 -9 -8 -10 -8 -10 -8 -10 -7 -10 -8 -10 -7 -10 -7 -10 -7 -10 -7 -11 -7 -11 -6 -11 -7 -11 -7 -11 -6 -12 -6 -12 -6 -12 -6 -11 -5 -12 -5 -12 -5 -13 -5 -13 -5 -12 -5 -13 -5 -13 -5 -13 -4 0 0 0 0 0 0 0 0 0 0]"
"1769235455315701,CSI_DATA,STATION,00:00:00:00:00:00,0,0,0,0,0,0,0,0,0,0,0,0,0,0,0,0,0,0,0,0,0,128,[84 -64 4 0 0 0 0 0 0 0 0 0 7 12 6 12 6 13 6 14 5 14 4 14 4 13 3 14 3 14 3 14 2 14 3 13 2 13 2 13 1 14 2 13 2 13 1 12 2 13 2 13 1 12 1 12 2 12 1 12 1 11 2 11 0 0 2 11 2 11 2 11 2 11 3 11 3 11 3 11 3 10 4 10 3 10 4 10 4 11 4 11 5 11 5 10 5 11 6 10 6 10 6 10 6 10 6 11 6 10 6 11 7 10 7 10 7 11 0 0 0 0 0 0 0 0 0 0]"
"1769235455320059,CSI_DATA,STATION,00:00:00:00:00:00,0,0,0,0,0,0,0,0,0,0,0,0,0,0,0,0,0,0,0,0,0,128,[84 -64 4 0 0 0 0 0 0 0 0 0 13 2 12 3 13 3 13 3 13 4 12 4 12 5 11 5 11 5 12 6 11 5 10 5 11 6 10 6 10 6 10 6 10 6 10 6 10 6 9 6 9 5 9 5 9 5 9 5 9 5 9 5 0 0 9 4 9 4 9 4 9 3 9 4 9 3 9 3 9 3 9 3 9 3 10 2 10 3 10 2 10 2 10 1 10 2 10 1 11 1 11 1 10 1 11 1 11 1 11 1 11 0 11 0 11 0 0 0 0 0 0 0 0 0 0 0]"
"1769235455326581,CSI_DATA,STATION,00:00:00:00:00:00,0,0,0,0,0,0,0,0,0,0,0,0,0,0,0,0,0,0,0,0,0,128,[84 -64 4 0 0 0 0 0 0 0 0 0 4 12 3 12 2 12 3 13 1 12 2 13 1 12 1 13 0 12 0 13 0 12 0 12 -1 12 0 12 -1 12 0 12 -1 12 -1 11 -1 11 -1 11 -1 11 -1 11 -1 11 -1 10 0 10 0 11 0 0 0 10 0 10 1 10 0 10 1 10 1 10 1 10 1 10 1 9 2 10 2 9 2 10 2 10 2 10 3 10 3 10 3 9 3 10 3 10 4 10 4 10 4 10 4 10 5 10 4 10 5 10 0 0 0 0 0 0 0 0 0 0]"
"1769235455330937,CSI_DATA,STATION,00:00:00:00:00:00,0,0,0,0,0,0,0,0,0,0,0,0,0,0,0,0,0,0,0,0,0,128,[84 -64 4 0 0 0 0 0 0 0 0 0 9 -11 10 -12 10 -11 10 -10 11 -10 11 -10 11 -10 11 -9 12 -9 12 -9 11 -8 12 -8 12 -8 12 -8 12 -7 11 -7 12 -7 11 -7 11 -7 11 -7 11 -7 11 -7 11 -7 11 -7 10 -7 10 -7 0 0 9 -7 9 -7 9 -7 9 -7 9 -7 9 -7 9 -8 8 -8 9 -8 8 -9 8 -9 8 -9 8 -9 8 -9 8 -9 8 -10 7 -10 8 -10 7 -10 7 -10 7 -10 7 -10 7 -11 7 -11 7 -11 7 -11 0 0 0 0 0 0 0 0 0 0]"
"1769235455335308,CSI_DATA,STATION,00:00:00:00:00:00,0,0,0,0,0,0,0,0,0,0,0,0,0,0,0,0,0,0,0,0,0,128,[84 -64 4 0 0 0 0 0 0 0 0 0 -14 -1 -14 -2 -14 -3 -14 -2 -13 -3 -13 -4 -13 -4 -13 -4 -13 -4 -13 -5 -13 -4 -12 -4 -12 -5 -12 -5 -12 -5 -12 -5 -12 -6 -11 -6 -11 -6 -11 -6 -11 -6 -11 -5 -11 -5 -11 -5 -10 -4 -11 -5 0 0 -11 -4 -11 -4 -11 -4 -10 -3 -11 -4 -10 -4 -11 -4 -11 -3 -11 -3 -11 -3 -11 -2 -11 -2 -11 -2 -12 -2 -11 -2 -12 -2 -11 -2 -12 -2 -12 -2 -12 -2 -12 -1 -12 -1 -12 -1 -12 0 -12 0 -13 0 0 0 0 0 0 0 0 0 0 0]"
"1769235455341835,CSI_DATA,STATION,00:00:00:00:00:00,0,0,0,0,0,0,0,0,0,0,0,0,0,0,0,0,0,0,0,0,0,128,[84 -64 4 0 0 0 0 0 0 0 0 0 -11 7 -11 7 -11 6 -12 6 -12 5 -13 5 -12 5 -12 5 -12 4 -13 4 -12 4 -12 4 -13 3 -13 3 -12 3 -12 3 -12 3 -12 3 -12 3 -12 3 -11 3 -11 3 -11 3 -11 3 -11 2 -11 3 0 0 -11 4 -10 3 -10 3 -10 4 -10 4 -10 4 -10 4 -10 4 -10 5 -10 5 -10 5 -10 5 -10 5 -9 6 -9 6 -9 6 -9 6 -9 6 -9 7 -9 7 -9 8 -9 7 -9 7 -9 8 -9 8 -9 8 0 0 0 0 0 0 0 0 0 0]"
"1769235455346199,CSI_DATA,STATION,00:00:00:00:00:00,0,0,0,0,0,0,0,0,0,0,0,0,0,0,0,0,0,0,0,0,0,128,[84 -64 4 0 0 0 0 0 0 0 0 0 9 7 9 8 9 8 9 9 8 9 8 9 8 9 7 10 7 9 7 10 7 10 7 9 6 9 6 10 6 10 6 10 6 10 6 10 6 10 6 10 5 9 5 9 6 9 6 9 5 8 6 8 0 0 6 8 6 8 6 8 6 7 6 8 6 7 6 7 7 7 7 7 7 7 7 7 7 7 7 7 8 7 8 6 8 6 8 6 9 6 9 6 8 6 9 6 9 6 9 6 9 5 10 6 10 5 0 0 0 0 0 0 0 0 0 0]"
"1769235455350542,CSI_DATA,STATION,00:00:00:00:00:00,0,0,0,0,0,0,0,0,0,0,0,0,0,0,0,0,0,0,0,0,0,128,[84 -64 4 0 0 0 0 0 0 0 0 0 10 -9 11 -8 11 -8 12 -8 12 -8 12 -7 12 -7 13 -7 12 -6 13 -6 13 -6 13 -6 12 -5 12 -5 13 -4 12 -5 12 -5 12 -4 11 -4 12 -4 11 -4 11 -4 11 -5 11 -4 11 -4 11 -5 0 0 11 -5 10 -5 10 -5 10 -5 10 -5 10 -6 10 -6 9 -7 10 -6 9 -7 9 -7 9 -7 9 -7 10 -7 9 -8 10 -8 9 -8 9 -9 9 -8 9 -9 9 -9 9 -9 9 -9 9 -10 9 -10 9 -10 0 0 0 0 0 0 0 0 0 0]"
"1769235455361345,CSI_DATA,STATION,00:00:00:00:00:00,0,0,0,0,0,0,0,0,0,0,0,0,0,0,0,0,0,0,0,0,0,128,[84 -64 4 0 0 0 0 0 0 0 0 0 -6 -13 -5 -13 -5 -13 -5 -14 -4 -14 -3 -14 -3 -14 -3 -14 -3 -14 -2 -14 -2 -14 -2 -14 -1 -14 -1 -14 -1 -14 -1 -13 -1 -14 -1 -13 -1 -13 -1 -13 -1 -13 -1 -13 -1 -13 -1 -13 -1 -13 -2 -12 0 0 -2 -13 -2 -12 -2 -12 -2 -12 -2 -12 -2 -12 -2 -12 -3 -12 -3 -12 -3 -12 -4 -12 -4 -12 -4 -12 -4 -12 -4 -12 -4 -12 -5 -12 -5 -12 -5 -12 -5 -12 -5 -12 -5 -12 -5 -12 -6 -12 -6 -13 -6 -12 0 0 0 0 0 0 0 0 0 0]"
"1769235455367860,CSI_DATA,STATION,00:00:00:00:00:00,0,0,0,0,0,0,0,0,0,0,0,0,0,0,0,0,0,0,0,0,0,128,[84 -64 4 0 0 0 0 0 0 0 0 0 -5 12 -6 12 -6 11 -7 12 -7 12 -8 11 -8 11 -8 11 -8 11 -9 10 -9 11 -9 10 -9 10 -9 10 -9 10 -9 9 -9 9 -9 10 -9 9 -8 9 -8 9 -8 9 -8 9 -8 9 -7 9 -8 9 0 0 -8 9 -7 9 -7 9 -6 9 -7 9 -6 9 -6 9 -6 10 -6 10 -6 10 -5 10 -5 10 -5 10 -5 11 -5 11 -5 11 -4 11 -5 11 -4 12 -4 11 -4 12 -4 12 -4 12 -3 12 -3 12 -3 12 0 0 0 0 0 0 0 0 0 0]"
"1769235455372206,CSI_DATA,STATION,00:00:00:00:00:00,0,0,0,0,0,0,0,0,0,0,0,0,0,0,0,0,0,0,0,0,0,128,[84 -64 4 0 0 0 0 0 0 0 0 0 11 -3 12 -2 11 -2 12 -1 12 -1 12 -1 12 0 12 0 12 0 11 1 12 1 12 1 11 1 11 1 11 2 11 1 11 2 11 2 10 2 11 1 10 2 10 1 10 1 10 1 10 1 10 1 0 0 10 1 10 0 10 0 10 0 10 0 10 0 10 0 10 0 10 -1 10 -1 10 -1 10 -1 10 -1 10 -1 10 -2 10 -2 10 -2 11 -3 10 -2 11 -3 11 -3 10 -3 11 -3 11 -4 11 -4 11 -4 0 0 0 0 0 0 0 0 0 0]"
"1769235455376547,CSI_DATA,STATION,00:00:00:00:00:00,0,0,0,0,0,0,0,0,0,0,0,0,0,0,0,0,0,0,0,0,0,128,[84 -64 4 0 0 0 0 0 0 0 0 0 -12 6 -13 6 -13 5 -13 5 -13 5 -13 5 -13 4 -14 4 -13 3 -14 3 -13 3 -13 3 -13 2 -13 2 -14 2 -13 2 -13 2 -12 1 -13 1 -13 1 -13 1 -12 1 -12 1 -12 1 -12 1 -12 2 0 0 -12 2 -12 2 -11 2 -12 2 -12 2 -12 2 -12 3 -12 3 -11 3 -12 3 -12 3 -12 3 -12 3 -12 4 -12 4 -12 4 -12 4 -12 4 -12 5 -12 5 -12 5 -12 5 -12 5 -12 5 -12 5 -12 5 0 0 0 0 0 0 0 0 0 0]"
"1769235455383073,CSI_DATA,STATION,00:00:00:00:00:00,0,0,0,0,0,0,0,0,0,0,0,0,0,0,0,0,0,0,0,0,0,128,[84 -64 4 0 0 0 0 0 0 0 0 0 -12 7 -12 6 -13 5 -13 5 -13 5 -13 5 -13 4 -13 4 -14 3 -13 3 -13 4 -14 3 -13 3 -13 2 -13 2 -13 2 -13 2 -12 2 -13 1 -13 2 -13 2 -13 2 -12 2 -12 2 -12 2 -12 2 0 0 -12 3 -12 2 -12 3 -12 3 -11 3 -11 3 -11 3 -11 4 -11 4 -11 4 -11 5 -11 4 -12 4 -11 5 -11 4 -11 5 -11 5 -12 5 -11 6 -12 6 -11 6 -11 6 -11 6 -11 7 -11 7 -11 7 0 0 0 0 0 0 0 0 0 0]"
"1769235455387420,CSI_DATA,STATION,00:00:00:00:00:00,0,0,0,0,0,0,0,0,0,0,0,0,0,0,0,0,0,0,0,0,0,128,[84 -64 4 0 0 0 0 0 0 0 0 0 13 2 13 3 12 3 12 3 13 4 12 5 12 5 12 5 11 5 12 6 11 5 11 5 11 6 11 6 10 6 10 6 10 6 10 6 10 6 10 6 10 6 10 6 10 6 10 6 9 5 10 5 0 0 10 5 10 4 10 4 10 4 10 4 10 4 10 3 10 4 10 3 10 3 11 3 10 3 11 3 11 3 11 2 11 2 12 2 12 2 12 2 12 2 12 2 12 2 12 2 12 1 13 1 13 1 0 0 0 0 0 0 0 0 0 0]"
"1769235455391753,CSI_DATA,STATION,00:00:00:00:00:00,0,0,0,0,0,0,0,0,0,0,0,0,0,0,0,0,0,0,0,0,0,128,[84 -64 4 0 0 0 0 0 0 0 0 0 4 -12 5 -12 5 -11 5 -12 6 -11 6 -11 6 -11 7 -10 7 -10 7 -10 7 -10 7 -10 7 -9 7 -9 7 -9 7 -9 8 -9 7 -9 7 -9 7 -9 7 -9 7 -8 7 -9 7 -8 6 -8 6 -9 0 0 6 -8 6 -8 5 -8 5 -8 6 -9 5 -9 5 -9 6 -9 5 -9 5 -9 5 -10 5 -9 4 -10 4 -10 5 -10 4 -11 4 -10 5 -11 4 -11 4 -11 4 -11 4 -11 4 -11 4 -11 4 -11 4 -11 0 0 0 0 0 0 0 0 0 0]"
"1769235455398227,CSI_DATA,STATION,00:00:00:00:00:00,0,0,0,0,0,0,0,0,0,0,0,0,0,0,0,0,0,0,0,0,0,128,[84 -64 4 0 0 0 0 0 0 0 0 0 6 9 6 10 6 10 6 10 5 10 5 11 5 11 4 11 4 11 4 11 4 11 4 11 3 11 4 10 3 11 3 10 3 10 2 10 3 11 3 10 3 10 3 10 3 9 3 9 3 10 3 10 0 0 3 9 3 9 4 9 3 9 4 9 4 9 4 9 4 9 4 8 5 8 5 8 5 9 5 9 6 8 5 8 6 9 6 8 7 8 6 8 6 8 7 8 7 8 7 8 7 8 7 8 8 8 0 0 0 0 0 0 0 0 0 0]"
"1769235455402598,CSI_DATA,STATION,00:00:00:00:00:00,0,0,0,0,0,0,0,0,0,0,0,0,0,0,0,0,0,0,0,0,0,128,[84 -64 4 0 0 0 0 0 0 0 0 0 -3 -14 -2 -14 -2 -14 -2 -15 -1 -14 -1 -14 0 -14 0 -15 0 -14 0 -15 0 -14 1 -14 1 -14 1 -13 1 -14 1 -13 2 -13 2 -13 2 -13 2 -13 2 -13 2 -13 2 -12 1 -12 1 -12 1 -12 0 0 1 -12 1 -12 0 -12 1 -12 0 -12 0 -12 0 -12 -1 -12 0 -12 0 -12 -1 -12 -1 -12 -2 -12 -2 -13 -2 -13 -2 -13 -2 -13 -2 -13 -2 -13 -2 -13 -2 -13 -2 -13 -2 -13 -3 -13 -3 -13 -3 -13 0 0 0 0 0 0 0 0 0 0]"
"1769235455409209,CSI_DATA,STATION,00:00:00:00:00:00,0,0,0,0,0,0,0,0,0,0,0,0,0,0,0,0,0,0,0,0,0,128,[84 -64 4 0 0 0 0 0 0 0 0 0 -3 13 -3 13 -4 13 -4 13 -4 13 -5 13 -6 13 -6 12 -6 12 -6 12 -6 13 -6 12 -6 11 -6 11 -7 11 -6 11 -7 11 -7 11 -7 10 -7 10 -6 10 -7 10 -7 10 -6 10 -5 10 -5 10 0 0 -5 10 -5 10 -5 10 -5 10 -5 10 -5 10 -4 10 -4 11 -4 11 -4 11 -4 11 -3 11 -3 11 -3 11 -3 11 -3 11 -2 11 -3 12 -3 12 -3 12 -2 12 -2 12 -2 12 -1 12 -2 12 -1 13 0 0 0 0 0 0 0 0 0 0]"
"1769235455413565,CSI_DATA,STATION,00:00:00:00:00:00,0,0,0,0,0,0,0,0,0,0,0,0,0,0,0,0,0,0,0,0,0,128,[84 -64 4 0 0 0 0 0 0 0 0 0 -10 -8 -11 -8 -10 -9 -10 -9 -10 -10 -10 -10 -9 -9 -9 -10 -8 -10 -8 -10 -8 -10 -8 -10 -8 -11 -8 -10 -7 -11 -7 -10 -8 -10 -7 -9 -7 -10 -7 -10 -7 -10 -7 -10 -7 -9 -7 -10 -6 -9 -7 -9 0 0 -7 -9 -7 -9 -7 -9 -7 -8 -8 -9 -7 -8 -7 -8 -8 -8 -8 -8 -8 -8 -9 -8 -9 -8 -8 -8 -9 -8 -9 -7 -9 -8 -9 -7 -10 -8 -10 -7 -10 -7 -10 -7 -10 -7 -10 -7 -11 -7 -10 -7 -11 -7 0 0 0 0 0 0 0 0 0 0]"
"1769235455417910,CSI_DATA,STATION,00:00:00:00:00:00,0,0,0,0,0,0,0,0,0,0,0,0,0,0,0,0,0,0,0,0,0,128,[84 -64 4 0 0 0 0 0 0 0 0 0 5 -14 6 -13 7 -13 6 -13 7 -12 8 -13 8 -12 8 -12 9 -11 9 -12 8 -11 8 -11 9 -11 8 -11 9 -10 9 -10 9 -10 8 -10 8 -10 9 -9 8 -9 8 -10 8 -10 8 -10 7 -10 7 -10 0 0 7 -9 7 -10 6 -10 6 -10 6 -10 6 -10 6 -10 6 -11 6 -11 5 -11 5 -11 5 -11 5 -11 5 -11 5 -12 4 -12 4 -12 4 -12 5 -13 4 -12 4 -13 4 -12 4 -13 3 -13 3 -13 3 -13 0 0 0 0 0 0 0 0 0 0]"
"1769235455424429,CSI_DATA,STATION,00:00:00:00:00:00,0,0,0,0,0,0,0,0,0,0,0,0,0,0,0,0,0,0,0,0,0,128,[84 -64 4 0 0 0 0 0 0 0 0 0 7 -13 7 -13 8 -13 8 -13 8 -12 9 -12 9 -11 9 -11 10 -11 10 -11 10 -11 9 -10 9 -10 10 -10 9 -9 10 -9 9 -9 10 -9 9 -9 10 -9 9 -9 9 -9 9 -9 9 -9 8 -9 8 -9 0 0 8 -9 8 -9 7 -9 7 -9 7 -9 7 -9 6 -9 7 -10 7 -10 7 -10 6 -10 6 -10 6 -10 6 -11 6 -11 6 -12 5 -12 5 -12 5 -12 6 -12 6 -12 5 -12 5 -12 5 -13 5 -13 5 -13 0 0 0 0 0 0 0 0 0 0]"
"1769235455428764,CSI_DATA,STATION,00:00:00:00:00:00,0,0,0,0,0,0,0,0,0,0,0,0,0,0,0,0,0,0,0,0,0,128,[84 -64 4 0 0 0 0 0 0 0 0 0 7 -13 8 -13 8 -12 8 -12 8 -12 10 -12 9 -11 10 -11 10 -11 10 -10 10 -10 10 -10 10 -10 10 -9 10 -9 10 -9 10 -9 9 -9 10 -9 10 -9 9 -8 9 -9 9 -8 9 -9 9 -8 9 -9 0 0 8 -9 8 -8 8 -9 8 -9 8 -9 7 -9 7 -9 7 -10 7 -10 7 -10 7 -10 7 -10 6 -10 7 -10 6 -11 6 -11 6 -12 7 -12 6 -12 6 -12 6 -12 5 -11 6 -12 6 -12 6 -12 6 -13 0 0 0 0 0 0 0 0 0 0]"
"1769235455433125,CSI_DATA,STATION,00:00:00:00:00:00,0,0,0,0,0,0,0,0,0,0,0,0,0,0,0,0,0,0,0,0,0,128,[84 -64 4 0 0 0 0 0 0 0 0 0 -14 0 -14 -1 -14 -1 -14 -1 -14 -2 -14 -2 -14 -2 -13 -3 -13 -3 -13 -4 -13 -4 -13 -4 -13 -4 -13 -4 -12 -4 -12 -4 -12 -5 -12 -5 -11 -4 -12 -4 -11 -5 -11 -4 -12 -4 -11 -4 -11 -4 -11 -4 0 0 -11 -3 -11 -3 -11 -3 -11 -2 -11 -3 -11 -2 -11 -3 -11 -2 -11 -2 -11 -2 -11 -1 -12 -2 -11 -2 -11 -1 -12 -1 -12 -1 -12 -1 -12 -1 -12 0 -12 0 -13 0 -13 0 -13 0 -12 0 -12 0 -13 0 0 0 0 0 0 0 0 0 0 0]"
"1769235455439588,CSI_DATA,STATION,00:00:00:00:00:00,0,0,0,0,0,0,0,0,0,0,0,0,0,0,0,0,0,0,0,0,0,128,[84 -64 4 0 0 0 0 0 0 0 0 0 -2 13 -2 13 -3 12 -3 13 -4 13 -5 12 -4 13 -5 12 -5 12 -6 11 -6 12 -6 11 -6 11 -6 11 -6 10 -6 11 -6 11 -6 11 -6 10 -6 10 -6 10 -6 10 -6 10 -6 10 -6 9 -5 10 0 0 -5 9 -5 9 -4 9 -5 9 -4 10 -4 9 -4 9 -4 10 -3 10 -4 10 -4 10 -4 10 -3 10 -3 10 -3 10 -3 11 -2 11 -3 11 -2 11 -2 11 -2 11 -2 11 -2 11 -2 11 -2 12 -2 12 0 0 0 0 0 0 0 0 0 0]"
"1769235455443923,CSI_DATA,STATION,00:00:00:00:00:00,0,0,0,0,0,0,0,0,0,0,0,0,0,0,0,0,0,0,0,0,0,128,[84 -64 4 0 0 0 0 0 0 0 0 0 14 -4 14 -3 14 -2 14 -2 14 -1 14 -1 14 0 15 0 15 0 14 1 14 1 14 0 14 2 14 1 14 1 13 1 13 2 12 2 12 2 13 2 12 2 12 2 12 1 12 2 12 1 11 1 0 0 12 1 11 0 12 0 12 0 12 0 11 0 11 -1 12 -1 11 -1 11 -1 11 -2 12 -1 12 -2 12 -2 12 -2 12 -3 12 -3 12 -3 12 -3 12 -3 12 -4 11 -3 12 -4 12 -4 12 -5 12 -4 0 0 0 0 0 0 0 0 0 0]"
"1769235455450378,CSI_DATA,STATION,00:00:00:00:00:00,0,0,0,0,0,0,0,0,0,0,0,0,0,0,0,0,0,0,0,0,0,128,[84 -64 4 0 0 0 0 0 0 0 0 0 -14 -2 -13 -2 -14 -3 -13 -3 -13 -4 -13 -4 -13 -4 -13 -5 -13 -5 -13 -5 -13 -5 -12 -5 -12 -6 -12 -6 -11 -6 -12 -5 -11 -6 -12 -6 -11 -6 -11 -6 -11 -6 -11 -5 -11 -5 -11 -5 -11 -5 -11 -4 0 0 -10 -4 -11 -4 -10 -4 -11 -3 -11 -4 -10 -4 -11 -3 -11 -3 -10 -3 -11 -3 -11 -2 -11 -2 -11 -2 -11 -2 -11 -2 -12 -1 -12 -2 -12 -1 -12 -1 -12 -1 -12 -1 -12 -1 -13 -1 -12 -1 -12 0 -13 0 0 0 0 0 0 0 0 0 0 0]"
"1769235455454715,CSI_DATA,STATION,00:00:00:00:00:00,0,0,0,0,0,0,0,0,0,0,0,0,0,0,0,0,0,0,0,0,0,128,[84 -64 4 0 0 0 0 0 0 0 0 0 13 -7 13 -6 13 -5 14 -5 13 -5 14 -5 14 -4 14 -4 14 -3 14 -3 13 -3 14 -2 13 -2 13 -2 14 -2 13 -2 13 -2 12 -1 13 -1 13 -1 12 -1 12 -1 12 -2 12 -1 11 -2 12 -2 0 0 11 -2 11 -2 11 -2 11 -3 11 -3 11 -3 11 -3 11 -4 11 -4 10 -4 11 -4 11 -4 11 -4 11 -4 11 -5 11 -5 10 -5 11 -6 11 -6 11 -6 11 -6 11 -6 11 -6 11 -7 11 -7 11 -7 0 0 0 0 0 0 0 0 0 0]"
"1769235455459040,CSI_DATA,STATION,00:00:00:00:00:00,0,0,0,0,0,0,0,0,0,0,0,0,0,0,0,0,0,0,0,0,0,128,[84 -64 4 0 0 0 0 0 0 0 0 0 -12 -6 -12 -7 -12 -7 -12 -7 -12 -8 -11 -8 -10 -9 -10 -9 -10 -9 -10 -10 -10 -9 -10 -9 -10 -9 -9 -9 -9 -10 -8 -9 -9 -9 -9 -9 -8 -9 -8 -10 -8 -9 -8 -9 -8 -9 -8 -9 -8 -8 -8 -8 0 0 -8 -8 -8 -8 -8 -8 -8 -7 -9 -7 -8 -8 -8 -7 -9 -7 -8 -7 -9 -7 -9 -6 -9 -6 -9 -6 -10 -6 -9 -6 -10 -6 -10 -6 -10 -6 -10 -6 -10 -6 -10 -6 -10 -6 -11 -6 -11 -6 -11 -5 -11 -5 0 0 0 0 0 0 0 0 0 0]"
"1769235455465541,CSI_DATA,STATION,00:00:00:00:00:00,0,0,0,0,0,0,0,0,0,0,0,0,0,0,0,0,0,0,0,0,0,128,[84 -64 4 0 0 0 0 0 0 0 0 0 -14 -6 -14 -7 -13 -7 -13 -8 -13 -8 -13 -9 -13 -8 -12 -8 -12 -9 -12 -9 -11 -9 -11 -9 -11 -9 -11 -10 -10 -10 -10 -9 -11 -10 -10 -9 -10 -10 -9 -10 -10 -9 -10 -9 -9 -9 -10 -9 -9 -9 -10 -8 0 0 -10 -8 -9 -8 -10 -8 -9 -7 -10 -8 -10 -7 -10 -7 -10 -7 -10 -7 -10 -7 -10 -6 -10 -6 -11 -6 -11 -7 -11 -6 -11 -6 -11 -6 -12 -6 -12 -6 -12 -6 -12 -6 -12 -5 -12 -5 -13 -5 -12 -5 -13 -5 0 0 0 0 0 0 0 0 0 0]"
"1769235455469843,CSI_DATA,STATION,00:00:00:00:00:00,0,0,0,0,0,0,0,0,0,0,0,0,0,0,0,0,0,0,0,0,0,128,[84 -64 4 0 0 0 0 0 0 0 0 0 -6 12 -6 13 -7 12 -7 13 -7 12 -8 12 -8 12 -8 11 -8 11 -9 11 -9 11 -9 10 -9 10 -9 10 -9 10 -9 9 -9 10 -9 9 -9 9 -9 9 -8 9 -8 9 -8 9 -8 9 -8 9 -7 9 0 0 -7 9 -6 9 -6 9 -6 9 -7 9 -6 9 -5 9 -6 9 -6 10 -6 9 -5 10 -6 10 -5 10 -5 10 -5 10 -5 11 -4 11 -5 11 -4 12 -4 11 -4 12 -4 11 -4 11 -4 12 -4 12 -3 12 0 0 0 0 0 0 0 0 0 0]"
"1769235455476345,CSI_DATA,STATION,00:00:00:00:00:00,0,0,0,0,0,0,0,0,0,0,0,0,0,0,0,0,0,0,0,0,0,128,[84 -64 4 0 0 0 0 0 0 0 0 0 -3 -14 -3 -14 -2 -14 -2 -15 -1 -15 -1 -15 0 -14 0 -14 1 -14 0 -14 1 -14 1 -14 1 -14 1 -13 2 -14 2 -13 2 -13 2 -13 2 -13 2 -13 2 -12 2 -12 2 -13 1 -12 1 -12 1 -12 0 0 1 -12 0 -12 1 -11 0 -12 0 -12 0 -11 0 -11 0 -12 0 -12 -1 -12 -1 -12 -1 -12 -2 -12 -1 -12 -2 -12 -2 -12 -2 -12 -2 -13 -2 -13 -2 -13 -2 -13 -3 -12 -3 -13 -3 -12 -4 -12 -3 -13 0 0 0 0 0 0 0 0 0 0]"
"1769235455480668,CSI_DATA,STATION,00:00:00:00:00:00,0,0,0,0,0,0,0,0,0,0,0,0,0,0,0,0,0,0,0,0,0,128,[84 -64 4 0 0 0 0 0 0 0 0 0 -14 4 -14 3 -15 3 -14 2 -14 2 -15 2 -14 2 -15 1 -14 0 -14 0 -14 1 -14 0 -14 0 -14 -1 -14 -1 -14 0 -14 0 -12 -1 -13 -1 -13 -1 -12 -1 -13 -1 -13 0 -12 0 -12 0 -12 1 0 0 -12 1 -12 0 -12 1 -12 1 -12 1 -12 1 -12 1 -12 2 -11 2 -12 2 -12 3 -12 3 -11 3 -12 4 -12 3 -12 4 -11 3 -11 4 -12 5 -12 4 -12 5 -11 5 -11 5 -11 5 -11 6 -12 5 0 0 0 0 0 0 0 0 0 0]"
"1769235455485011,CSI_DATA,STATION,00:00:00:00:00:00,0,0,0,0,0,0,0,0,0,0,0,0,0,0,0,0,0,0,0,0,0,128,[84 -64 4 0 0 0 0 0 0 0 0 0 8 11 8 11 7 11 7 11 6 11 6 12 5 12 5 12 5 12 4 13 4 12 4 12 4 12 4 12 3 12 4 12 3 11 2 11 3 11 3 12 3 11 3 11 3 11 3 10 3 11 3 10 0 0 3 10 3 10 4 10 3 10 4 10 4 10 4 10 5 10 5 9 5 9 5 9 5 10 5 9 6 9 5 9 6 9 6 9 7 9 6 9 7 9 7 9 7 9 7 9 7 9 7 10 7 9 0 0 0 0 0 0 0 0 0 0]"
"1769235455491519,CSI_DATA,STATION,00:00:00:00:00:00,0,0,0,0,0,0,0,0,0,0,0,0,0,0,0,0,0,0,0,0,0,128,[84 -64 4 0 0 0 0 0 0 0 0 0 11 6 11 7 11 7 10 8 10 8 10 8 9 8 9 9 9 9 9 10 8 9 8 10 8 10 7 9 7 10 8 9 7 9 7 9 6 9 7 9 6 9 7 9 6 9 7 9 6 9 7 8 0 0 7 8 7 8 7 8 7 8 7 8 7 8 7 7 8 7 8 7 8 7 8 6 8 7 8 7 8 7 9 7 9 6 9 6 9 6 9 6 9 6 10 6 10 6 10 6 10 6 10 6 10 6 0 0 0 0 0 0 0 0 0 0]"
"1769235455495851,CSI_DATA,STATION,00:00:00:00:00:00,0,0,0,0,0,0,0,0,0,0,0,0,0,0,0,0,0,0,0,0,0,128,[84 -64 4 0 0 0 0 0 0 0 0 0 -12 7 -12 7 -12 6 -12 6 -13 6 -13 5 -13 5 -13 5 -13 4 -13 4 -13 4 -13 4 -13 3 -13 3 -13 3 -13 3 -13 3 -12 2 -12 2 -13 2 -12 2 -12 3 -12 3 -11 2 -11 2 -11 3 0 0 -11 3 -11 3 -11 3 -11 3 -11 3 -11 3 -10 4 -10 4 -10 5 -11 5 -10 5 -11 5 -10 5 -10 5 -10 5 -10 6 -10 6 -10 6 -10 6 -11 7 -10 7 -10 7 -11 7 -10 7 -10 7 -10 7 0 0 0 0 0 0 0 0 0 0]"
"1769235455500185,CSI_DATA,STATION,00:00:00:00:00:00,0,0,0,0,0,0,0,0,0,0,0,0,0,0,0,0,0,0,0,0,0,128,[84 -64 4 0 0 0 0 0 0 0 0 0 7 10 7 11 6 10 6 12 5 11 6 12 5 12 4 12 4 12 4 12 4 12 4 12 4 12 4 12 3 13 3 11 3 12 2 11 3 12 2 11 3 11 2 11 2 10 3 11 3 11 3 11 0 0 3 10 3 10 4 10 3 9 4 10 4 10 4 10 4 10 4 9 5 9 5 9 5 9 5 10 6 10 5 9 6 10 6 9 7 9 7 9 6 9 7 9 7 9 7 9 8 9 8 9 8 10 0 0 0 0 0 0 0 0 0 0]"
"1769235455506866,CSI_DATA,STATION,00:00:00:00:00:00,0,0,0,0,0,0,0,0,0,0,0,0,0,0,0,0,0,0,0,0,0,128,[84 -64 4 0 0 0 0 0 0 0 0 0 -12 -8 -12 -8 -11 -9 -11 -9 -11 -10 -10 -10 -10 -10 -10 -10 -10 -10 -10 -11 -9 -10 -9 -10 -9 -11 -9 -11 -8 -11 -9 -11 -8 -11 -8 -10 -8 -11 -7 -11 -7 -10 -7 -10 -7 -10 -8 -10 -7 -10 -7 -9 0 0 -8 -9 -8 -9 -8 -9 -7 -9 -8 -9 -8 -9 -8 -9 -9 -9 -8 -8 -9 -8 -9 -8 -9 -8 -9 -8 -9 -8 -10 -8 -10 -7 -10 -8 -10 -8 -10 -7 -10 -7 -11 -8 -11 -8 -11 -8 -12 -7 -11 -7 -11 -7 0 0 0 0 0 0 0 0 0 0]"
"1769235455511256,CSI_DATA,STATION,00:00:00:00:00:00,0,0,0,0,0,0,0,0,0,0,0,0,0,0,0,0,0,0,0,0,0,128,[84 -64 4 0 0 0 0 0 0 0 0 0 -8 -12 -8 -12 -7 -13 -7 -13 -7 -13 -6 -13 -6 -13 -5 -13 -5 -14 -5 -13 -5 -13 -5 -13 -4 -13 -4 -13 -4 -14 -4 -13 -3 -13 -3 -13 -3 -12 -3 -13 -3 -13 -3 -12 -3 -12 -3 -12 -4 -11 -3 -12 0 0 -4 -11 -4 -12 -4 -12 -4 -11 -5 -11 -4 -11 -5 -11 -5 -11 -5 -11 -5 -11 -6 -11 -6 -11 -6 -11 -6 -11 -6 -11 -6 -11 -6 -11 -7 -11 -7 -11 -7 -11 -7 -11 -7 -11 -7 -11 -8 -11 -8 -11 -8 -11 0 0 0 0 0 0 0 0 0 0]"
"1769235455517753,CSI_DATA,STATION,00:00:00:00:00:00,0,0,0,0,0,0,0,0,0,0,0,0,0,0,0,0,0,0,0,0,0,128,[84 -64 4 0 0 0 0 0 0 0 0 0 9 -8 10 -8 10 -7 10 -7 10 -6 11 -6 11 -6 11 -5 11 -5 11 -5 11 -5 11 -5 11 -4 11 -4 11 -4 10 -4 11 -4 10 -4 10 -4 10 -4 10 -3 10 -3 10 -4 10 -4 9 -4 10 -4 0 0 10 -5 9 -4 9 -4 9 -4 9 -5 9 -5 9 -5 9 -5 9 -5 8 -6 8 -6 8 -6 8 -6 8 -6 9 -7 9 -7 8 -7 8 -7 8 -7 8 -8 8 -7 8 -7 8 -7 8 -8 8 -9 8 -8 0 0 0 0 0 0 0 0 0 0]"
"1769235455522057,CSI_DATA,STATION,00:00:00:00:00:00,0,0,0,0,0,0,0,0,0,0,0,0,0,0,0,0,0,0,0,0,0,128,[84 -64 4 0 0 0 0 0 0 0 0 0 -12 4 -13 4 -13 3 -13 3 -13 2 -13 3 -13 2 -13 1 -13 1 -13 1 -13 1 -13 1 -12 0 -12 0 -12 0 -12 1 -12 0 -12 0 -12 0 -12 0 -12 0 -12 0 -12 0 -12 0 -11 0 -11 0 0 0 -11 1 -11 1 -11 1 -11 1 -11 1 -11 1 -11 1 -11 2 -10 2 -11 2 -11 3 -11 2 -11 3 -11 3 -11 3 -11 3 -10 3 -11 4 -11 4 -11 4 -11 5 -11 5 -11 4 -11 5 -11 5 -11 5 0 0 0 0 0 0 0 0 0 0]"
"1769235455532719,CSI_DATA,STATION,00:00:00:00:00:00,0,0,0,0,0,0,0,0,0,0,0,0,0,0,0,0,0,0,0,0,0,128,[84 -64 4 0 0 0 0 0 0 0 0 0 -10 9 -11 8 -10 7 -11 8 -11 7 -11 7 -11 6 -12 6 -11 5 -12 5 -12 6 -12 5 -11 5 -11 5 -12 4 -11 5 -11 4 -11 4 -11 4 -11 4 -11 3 -11 4 -11 4 -10 4 -10 4 -10 5 0 0 -10 4 -9 5 -9 5 -9 4 -9 5 -10 5 -9 5 -9 5 -9 6 -9 6 -9 6 -9 6 -9 6 -9 7 -9 6 -8 7 -8 7 -9 8 -9 8 -9 7 -9 8 -9 8 -8 8 -8 8 -8 9 -8 9 0 0 0 0 0 0 0 0 0 0]"
"1769235455539182,CSI_DATA,STATION,00:00:00:00:00:00,0,0,0,0,0,0,0,0,0,0,0,0,0,0,0,0,0,0,0,0,0,128,[84 -64 4 0 0 0 0 0 0 0 0 0 12 -1 12 -1 13 1 13 1 12 1 13 1 12 2 12 2 12 2 12 3 12 2 11 2 12 3 11 3 11 3 11 3 11 4 11 3 11 3 10 3 10 3 10 3 10 3 10 3 10 2 10 2 0 0 10 2 10 2 10 2 10 1 10 2 10 2 10 1 10 1 10 1 10 1 10 0 10 1 10 0 11 0 11 0 11 0 10 -1 11 -1 11 -1 11 -1 11 -1 11 -1 11 -1 11 -2 11 -2 11 -2 0 0 0 0 0 0 0 0 0 0]"
"1769235455545655,CSI_DATA,STATION,00:00:00:00:00:00,0,0,0,0,0,0,0,0,0,0,0,0,0,0,0,0,0,0,0,0,0,128,[84 -64 4 0 0 0 0 0 0 0 0 0 13 -5 13 -5 13 -4 14 -4 14 -3 14 -4 14 -3 13 -3 14 -2 13 -2 13 -2 13 -1 13 -1 13 -1 13 0 12 -1 12 -1 12 0 12 0 12 -1 12 0 11 -1 12 -1 12 -1 11 -1 12 -1 0 0 11 -2 11 -1 11 -2 11 -2 11 -2 11 -2 11 -2 11 -3 11 -3 10 -3 10 -4 11 -3 11 -3 11 -4 11 -4 11 -4 11 -5 11 -5 12 -5 11 -5 11 -6 11 -5 11 -5 11 -6 11 -6 11 -6 0 0 0 0 0 0 0 0 0 0]"
"1769235455549993,CSI_DATA,STATION,00:00:00:00:00:00,0,0,0,0,0,0,0,0,0,0,0,0,0,0,0,0,0,0,0,0,0,128,[84 -64 4 0 0 0 0 0 0 0 0 0 -6 -13 -6 -14 -5 -14 -5 -14 -4 -14 -4 -14 -4 -14 -4 -14 -3 -15 -3 -15 -2 -14 -2 -14 -2 -14 -2 -13 -1 -14 -2 -14 -1 -13 -1 -13 -1 -13 -1 -13 -1 -13 -2 -13 -1 -12 -1 -13 -2 -12 -1 -12 0 0 -2 -12 -2 -12 -2 -12 -3 -12 -3 -11 -3 -12 -3 -12 -3 -11 -4 -11 -4 -11 -4 -11 -4 -12 -4 -11 -5 -12 -5 -12 -5 -11 -6 -12 -5 -12 -5 -12 -6 -12 -6 -12 -6 -12 -6 -12 -7 -12 -6 -12 -6 -12 0 0 0 0 0 0 0 0 0 0]"
"1769235455556507,CSI_DATA,STATION,00:00:00:00:00:00,0,0,0,0,0,0,0,0,0,0,0,0,0,0,0,0,0,0,0,0,0,128,[84 -64 4 0 0 0 0 0 0 0 0 0 11 7 11 8 10 9 10 9 10 9 9 9 9 10 9 10 8 10 8 11 8 10 7 10 8 10 7 10 7 11 7 10 6 10 6 10 6 10 6 10 5 10 6 10 6 9 6 9 6 9 6 9 0 0 6 9 6 9 6 8 6 9 7 8 7 8 7 8 7 8 7 7 7 8 7 7 7 8 8 8 8 7 8 7 8 7 9 7 9 7 9 7 9 7 9 7 9 7 10 7 10 7 10 7 10 6 0 0 0 0 0 0 0 0 0 0]"
"1769235455560832,CSI_DATA,STATION,00:00:00:00:00:00,0,0,0,0,0,0,0,0,0,0,0,0,0,0,0,0,0,0,0,0,0,128,[84 -64 4 0 0 0 0 0 0 0 0 0 -3 -14 -3 -15 -3 -14 -2 -15 -2 -14 -1 -15 0 -14 -1 -15 0 -14 0 -14 1 -14 1 -14 1 -14 1 -13 1 -14 2 -13 2 -13 2 -12 1 -13 2 -12 1 -12 2 -12 2 -12 2 -12 1 -12 1 -12 0 0 1 -11 1 -11 1 -12 0 -11 0 -12 0 -12 0 -12 -1 -11 0 -11 -1 -11 -1 -12 -1 -11 -1 -12 -1 -12 -1 -12 -2 -12 -2 -12 -2 -12 -2 -12 -2 -13 -2 -13 -3 -12 -2 -13 -3 -13 -3 -13 -3 -13 0 0 0 0 0 0 0 0 0 0]"
"1769235455567349,CSI_DATA,STATION,00:00:00:00:00:00,0,0,0,0,0,0,0,0,0,0,0,0,0,0,0,0,0,0,0,0,0,128,[84 -64 4 0 0 0 0 0 0 0 0 0 -9 -10 -9 -10 -8 -10 -8 -10 -8 -11 -7 -11 -7 -11 -6 -12 -6 -11 -6 -12 -5 -11 -5 -11 -5 -11 -5 -12 -5 -12 -5 -11 -4 -11 -4 -11 -4 -11 -4 -11 -4 -10 -5 -11 -4 -11 -4 -10 -4 -10 -5 -10 0 0 -5 -10 -4 -10 -5 -10 -5 -9 -5 -9 -5 -9 -6 -9 -6 -9 -6 -9 -6 -9 -6 -9 -6 -9 -7 -9 -7 -9 -7 -8 -7 -8 -7 -8 -8 -8 -7 -8 -8 -9 -8 -8 -8 -8 -8 -9 -9 -8 -8 -9 -8 -8 0 0 0 0 0 0 0 0 0 0]"
"1769235455573836,CSI_DATA,STATION,00:00:00:00:00:00,0,0,0,0,0,0,0,0,0,0,0,0,0,0,0,0,0,0,0,0,0,128,[84 -64 4 0 0 0 0 0 0 0 0 0 -4 -16 -3 -16 -2 -15 -3 -16 -1 -16 -2 -16 -1 -16 -1 -16 0 -16 0 -16 1 -16 0 -15 1 -15 1 -15 1 -15 1 -15 1 -14 1 -13 1 -15 1 -14 1 -14 1 -14 1 -13 1 -13 0 -13 0 -14 0 0 -1 -13 0 -13 -1 -13 -1 -12 -1 -13 -2 -13 -2 -13 -2 -13 -2 -12 -3 -12 -3 -13 -3 -12 -3 -13 -4 -13 -3 -13 -4 -13 -4 -12 -5 -13 -5 -13 -5 -13 -5 -13 -6 -13 -6 -13 -6 -13 -6 -13 -6 -13 0 0 0 0 0 0 0 0 0 0]"
"1769235455578166,CSI_DATA,STATION,00:00:00:00:00:00,0,0,0,0,0,0,0,0,0,0,0,0,0,0,0,0,0,0,0,0,0,128,[84 -64 4 0 0 0 0 0 0 0 0 0 7 -12 8 -11 9 -11 9 -11 9 -11 10 -10 10 -10 10 -9 10 -9 11 -9 10 -8 11 -8 10 -8 10 -8 10 -7 10 -8 10 -8 11 -8 10 -7 10 -7 10 -7 9 -7 10 -7 9 -7 9 -7 9 -7 0 0 9 -7 8 -7 7 -8 8 -8 8 -8 7 -8 7 -8 7 -9 7 -8 7 -9 7 -9 7 -9 7 -9 7 -9 7 -10 6 -10 6 -10 6 -10 6 -11 6 -10 6 -11 6 -10 6 -11 5 -11 6 -11 5 -11 0 0 0 0 0 0 0 0 0 0]"
"1769235455582477,CSI_DATA,STATION,00:00:00:00:00:00,0,0,0,0,0,0,0,0,0,0,0,0,0,0,0,0,0,0,0,0,0,128,[84 -64 4 0 0 0 0 0 0 0 0 0 -8 11 -9 11 -9 10 -10 10 -10 9 -11 9 -10 9 -11 9 -11 8 -11 8 -11 8 -11 7 -11 7 -11 7 -12 7 -11 7 -11 7 -11 7 -11 6 -11 6 -11 6 -10 6 -11 6 -10 6 -10 6 -10 6 0 0 -10 7 -9 6 -9 7 -9 6 -9 7 -9 6 -9 7 -9 7 -8 8 -8 7 -8 8 -8 8 -8 8 -8 9 -7 8 -8 9 -7 8 -8 9 -7 9 -7 9 -7 10 -7 10 -7 9 -6 10 -7 10 -7 10 0 0 0 0 0 0 0 0 0 0]"
"1769235455588923,CSI_DATA,STATION,00:00:00:00:00:00,0,0,0,0,0,0,0,0,0,0,0,0,0,0,0,0,0,0,0,0,0,128,[84 -64 4 0 0 0 0 0 0 0 0 0 7 -11 7 -10 7 -10 7 -10 8 -9 9 -9 8 -9 9 -9 9 -8 9 -8 9 -8 10 -7 9 -7 9 -7 9 -7 9 -7 9 -7 9 -7 9 -7 9 -6 9 -6 9 -6 9 -6 8 -7 8 -6 8 -6 0 0 8 -7 7 -6 8 -7 7 -7 7 -7 7 -7 7 -7 7 -8 7 -7 7 -8 7 -8 6 -8 6 -8 6 -8 6 -9 6 -9 6 -9 6 -9 6 -9 6 -9 6 -9 6 -9 5 -9 6 -10 6 -10 5 -10 0 0 0 0 0 0 0 0 0 0]"
"1769235455593216,CSI_DATA,STATION,00:00:00:00:00:00,0,0,0,0,0,0,0,0,0,0,0,0,0,0,0,0,0,0,0,0,0,128,[84 -64 4 0 0 0 0 0 0 0 0 0 -1 13 -1 13 -2 13 -2 13 -2 13 -3 13 -3 13 -3 13 -4 12 -5 12 -4 12 -4 12 -5 11 -5 12 -5 12 -5 11 -5 11 -5 11 -5 11 -5 11 -5 11 -5 10 -5 11 -5 10 -4 10 -4 11 0 0 -4 10 -3 10 -3 10 -3 10 -3 10 -3 10 -3 10 -3 10 -3 10 -2 10 -2 11 -2 11 -2 11 -2 11 -2 11 -1 11 -1 11 -1 11 -1 11 -1 11 -1 12 0 11 0 12 0 12 0 12 0 12 0 0 0 0 0 0 0 0 0 0]"
"1769235455599681,CSI_DATA,STATION,00:00:00:00:00:00,0,0,0,0,0,0,0,0,0,0,0,0,0,0,0,0,0,0,0,0,0,128,[84 -64 4 0 0 0 0 0 0 0 0 0 6 -13 6 -12 7 -11 7 -12 7 -11 8 -12 9 -11 8 -11 9 -10 8 -10 9 -10 9 -10 9 -10 9 -9 9 -10 8 -9 9 -9 9 -9 9 -9 9 -9 9 -8 8 -8 8 -8 8 -9 7 -8 7 -9 0 0 8 -9 7 -8 7 -9 6 -9 7 -9 6 -9 6 -9 6 -9 6 -10 6 -9 6 -10 5 -10 5 -10 5 -10 5 -11 5 -11 4 -11 5 -11 5 -11 5 -11 4 -11 4 -11 4 -11 4 -12 3 -12 3 -12 0 0 0 0 0 0 0 0 0 0]"
"1769235455604035,CSI_DATA,STATION,00:00:00:00:00:00,0,0,0,0,0,0,0,0,0,0,0,0,0,0,0,0,0,0,0,0,0,128,[84 -64 4 0 0 0 0 0 0 0 0 0 -14 2 -14 1 -14 1 -14 1 -14 0 -14 0 -14 -1 -14 -1 -14 -1 -14 -2 -13 -1 -13 -1 -13 -2 -13 -2 -13 -2 -13 -2 -13 -2 -13 -3 -13 -3 -12 -3 -12 -3 -12 -3 -12 -2 -12 -3 -12 -2 -12 -1 0 0 -12 -1 -11 -1 -11 -1 -12 -1 -12 -1 -11 -1 -11 -1 -12 0 -11 0 -12 0 -12 1 -12 0 -12 1 -12 1 -12 1 -12 2 -12 2 -12 2 -12 2 -12 2 -12 3 -12 3 -12 3 -12 3 -12 3 -12 3 0 0 0 0 0 0 0 0 0 0]"
"1769235455608486,CSI_DATA,STATION,00:00:00:00:00:00,0,0,0,0,0,0,0,0,0,0,0,0,0,0,0,0,0,0,0,0,0,128,[84 -64 4 0 0 0 0 0 0 0 0 0 2 -13 1 -14 3 -14 3 -14 3 -14 4 -14 4 -13 4 -13 4 -13 5 -12 5 -13 5 -12 5 -12 5 -12 5 -12 5 -11 5 -11 5 -11 5 -11 6 -11 5 -11 5 -11 5 -11 5 -11 4 -11 4 -11 0 0 4 -11 3 -10 3 -10 3 -11 3 -11 3 -11 3 -11 3 -11 3 -11 3 -11 2 -11 2 -11 2 -11 2 -11 2 -12 1 -12 1 -12 1 -12 1 -12 1 -12 0 -12 1 -12 1 -12 1 -12 0 -13 0 -13 0 0 0 0 0 0 0 0 0 0]"
"1769235455615005,CSI_DATA,STATION,00:00:00:00:00:00,0,0,0,0,0,0,0,0,0,0,0,0,0,0,0,0,0,0,0,0,0,128,[84 -64 4 0 0 0 0 0 0 0 0 0 -4 11 -5 11 -5 11 -6 11 -6 10 -6 11 -7 11 -7 10 -6 10 -7 10 -7 10 -7 9 -7 9 -7 9 -7 9 -7 8 -8 8 -7 8 -7 8 -7 8 -7 8 -7 8 -7 8 -7 8 -6 8 -6 8 0 0 -6 8 -5 8 -6 8 -6 8 -6 8 -5 8 -5 8 -5 8 -5 8 -5 8 -5 8 -5 9 -5 9 -4 9 -4 9 -4 9 -4 9 -4 9 -4 10 -4 10 -3 10 -3 10 -3 10 -3 10 -3 10 -3 10 0 0 0 0 0 0 0 0 0 0]"
"1769235455619349,CSI_DATA,STATION,00:00:00:00:00:00,0,0,0,0,0,0,0,0,0,0,0,0,0,0,0,0,0,0,0,0,0,128,[84 -64 4 0 0 0 0 0 0 0 0 0 -9 -9 -9 -9 -9 -9 -9 -10 -8 -10 -8 -10 -7 -11 -7 -11 -7 -11 -6 -11 -7 -10 -6 -11 -6 -10 -6 -10 -6 -11 -6 -11 -5 -10 -5 -10 -5 -10 -5 -11 -5 -10 -5 -10 -5 -10 -5 -10 -5 -10 -5 -9 0 0 -5 -9 -5 -9 -6 -9 -5 -9 -6 -9 -6 -9 -6 -9 -6 -8 -6 -8 -7 -8 -7 -8 -7 -8 -7 -8 -7 -8 -7 -8 -7 -8 -8 -8 -8 -8 -8 -8 -8 -8 -8 -8 -8 -8 -8 -8 -9 -7 -9 -7 -9 -8 0 0 0 0 0 0 0 0 0 0]"
"1769235455623672,CSI_DATA,STATION,00:00:00:00:00:00,0,0,0,0,0,0,0,0,0,0,0,0,0,0,0,0,0,0,0,0,0,128,[84 -64 4 0 0 0 0 0 0 0 0 0 2 13 1 13 1 13 1 13 0 13 0 13 -1 13 -1 13 -1 13 -2 13 -2 13 -2 12 -3 12 -3 12 -3 12 -3 12 -3 12 -4 11 -3 11 -3 11 -3 11 -3 11 -3 11 -3 11 -2 10 -2 11 0 0 -2 11 -2 10 -1 10 -2 11 -2 10 -1 10 -1 11 -1 11 -1 10 -1 10 0 10 0 11 0 11 0 11 0 11 1 11 1 10 1 11 1 11 1 11 1 11 2 11 2 11 2 11 2 12 2 11 0 0 0 0 0 0 0 0 0 0]"
"1769235455630205,CSI_DATA,STATION,00:00:00:00:00:00,0,0,0,0,0,0,0,0,0,0,0,0,0,0,0,0,0,0,0,0,0,128,[84 -64 4 0 0 0 0 0 0 0 0 0 -13 5 -13 5 -14 4 -14 4 -14 4 -14 3 -14 3 -14 2 -14 2 -14 2 -14 2 -14 2 -14 1 -13 1 -13 1 -13 1 -13 0 -13 0 -13 0 -13 0 -12 0 -12 0 -12 1 -12 1 -12 1 -12 2 0 0 -11 1 -12 2 -11 2 -11 2 -11 2 -11 2 -11 2 -11 2 -11 3 -11 3 -11 4 -11 3 -11 4 -11 4 -11 4 -11 4 -10 4 -11 4 -11 5 -11 5 -11 5 -11 5 -11 5 -10 6 -11 6 -11 6 0 0 0 0 0 0 0 0 0 0]"
"1769235455634552,CSI_DATA,STATION,00:00:00:00:00:00,0,0,0,0,0,0,0,0,0,0,0,0,0,0,0,0,0,0,0,0,0,128,[84 -64 4 0 0 0 0 0 0 0 0 0 -14 -4 -14 -4 -14 -5 -14 -5 -14 -6 -13 -7 -13 -7 -13 -6 -12 -7 -13 -7 -12 -7 -12 -8 -12 -8 -12 -8 -11 -8 -11 -7 -11 -8 -11 -8 -10 -8 -11 -8 -10 -8 -10 -7 -10 -7 -11 -7 -10 -7 -10 -7 0 0 -10 -6 -10 -6 -10 -6 -10 -6 -10 -6 -10 -6 -10 -5 -11 -5 -11 -5 -11 -5 -11 -4 -11 -5 -11 -5 -11 -4 -11 -4 -11 -4 -12 -4 -12 -4 -12 -3 -12 -3 -12 -3 -13 -3 -12 -3 -13 -3 -12 -2 -12 -2 0 0 0 0 0 0 0 0 0 0]"
"1769235455640997,CSI_DATA,STATION,00:00:00:00:00:00,0,0,0,0,0,0,0,0,0,0,0,0,0,0,0,0,0,0,0,0,0,128,[84 -64 4 0 0 0 0 0 0 0 0 0 -1 14 -2 14 -3 13 -3 14 -3 13 -4 14 -4 13 -5 13 -5 13 -5 13 -5 13 -5 12 -5 12 -5 12 -6 12 -6 11 -7 11 -6 11 -6 11 -6 11 -6 10 -6 10 -5 10 -5 10 -5 10 -5 11 0 0 -5 10 -4 10 -4 10 -4 10 -4 10 -4 10 -3 10 -3 10 -3 10 -3 10 -3 10 -2 10 -3 11 -2 11 -2 11 -2 11 -2 11 -2 11 -2 11 -2 11 -1 12 -1 11 -1 11 0 12 -1 12 -1 12 0 0 0 0 0 0 0 0 0 0]"
"1769235455645326,CSI_DATA,STATION,00:00:00:00:00:00,0,0,0,0,0,0,0,0,0,0,0,0,0,0,0,0,0,0,0,0,0,128,[84 -64 4 0 0 0 0 0 0 0 0 0 13 -4 14 -4 14 -2 14 -3 14 -2 14 -2 14 -1 14 -1 14 -1 13 0 13 0 13 0 13 1 13 1 13 1 12 0 12 1 12 1 12 1 12 1 12 2 11 2 12 1 11 1 11 1 11 0 0 0 11 0 11 0 11 0 11 -1 11 0 11 -1 11 -1 10 -1 11 -1 10 -2 10 -2 11 -2 11 -2 11 -2 11 -3 11 -3 11 -3 11 -3 11 -3 11 -4 12 -3 11 -3 11 -4 11 -4 11 -5 12 -4 0 0 0 0 0 0 0 0 0 0]"
"1769235455651790,CSI_DATA,STATION,00:00:00:00:00:00,0,0,0,0,0,0,0,0,0,0,0,0,0,0,0,0,0,0,0,0,0,128,[84 -64 4 0 0 0 0 0 0 0 0 0 -10 -8 -10 -9 -10 -9 -10 -9 -9 -10 -9 -11 -8 -10 -9 -10 -8 -11 -8 -11 -8 -11 -7 -11 -7 -11 -7 -11 -7 -11 -7 -11 -7 -11 -7 -10 -6 -10 -6 -11 -6 -10 -6 -10 -6 -10 -6 -9 -6 -9 -6 -9 0 0 -6 -9 -6 -9 -7 -9 -6 -8 -7 -9 -7 -8 -7 -8 -7 -8 -7 -8 -8 -8 -8 -7 -8 -7 -8 -7 -8 -8 -8 -7 -9 -7 -9 -7 -9 -7 -9 -7 -9 -7 -9 -7 -9 -7 -9 -7 -10 -7 -10 -6 -10 -6 0 0 0 0 0 0 0 0 0 0]"
"1769235455656132,CSI_DATA,STATION,00:00:00:00:00:00,0,0,0,0,0,0,0,0,0,0,0,0,0,0,0,0,0,0,0,0,0,128,[84 -64 4 0 0 0 0 0 0 0 0 0 -2 14 -3 14 -3 14 -3 14 -3 13 -4 14 -5 13 -5 13 -5 13 -6 13 -6 13 -6 12 -6 12 -6 12 -6 12 -6 11 -7 12 -6 11 -6 11 -6 11 -6 10 -6 11 -6 10 -6 11 -5 10 -5 10 0 0 -5 10 -4 10 -4 11 -4 10 -4 10 -3 10 -4 10 -3 10 -3 10 -3 10 -3 11 -2 11 -2 11 -2 11 -2 12 -2 11 -1 11 -2 11 -1 12 -1 11 -1 12 -1 12 0 12 0 12 -1 12 0 12 0 0 0 0 0 0 0 0 0 0]"
"1769235455660439,CSI_DATA,STATION,00:00:00:00:00:00,0,0,0,0,0,0,0,0,0,0,0,0,0,0,0,0,0,0,0,0,0,128,[84 -64 4 0 0 0 0 0 0 0 0 0 -12 -8 -12 -9 -12 -9 -12 -10 -12 -10 -11 -11 -10 -10 -10 -11 -10 -11 -10 -11 -10 -11 -9 -11 -9 -11 -9 -11 -9 -12 -8 -11 -8 -11 -8 -11 -8 -11 -8 -11 -7 -11 -8 -11 -7 -10 -8 -10 -7 -10 -8 -10 0 0 -8 -10 -8 -9 -8 -9 -8 -9 -8 -9 -8 -9 -8 -8 -9 -9 -9 -8 -9 -8 -9 -8 -9 -8 -9 -8 -10 -8 -10 -7 -10 -8 -10 -7 -10 -7 -11 -7 -11 -7 -11 -7 -11 -7 -11 -7 -12 -6 -12 -6 -12 -6 0 0 0 0 0 0 0 0 0 0]"
"1769235455666891,CSI_DATA,STATION,00:00:00:00:00:00,0,0,0,0,0,0,0,0,0,0,0,0,0,0,0,0,0,0,0,0,0,128,[84 -64 4 0 0 0 0 0 0 0 0 0 -11 -10 -11 -10 -10 -10 -10 -11 -10 -11 -10 -12 -9 -12 -9 -12 -8 -13 -8 -13 -8 -12 -8 -12 -8 -13 -7 -12 -7 -13 -6 -12 -7 -13 -6 -12 -6 -12 -6 -12 -6 -12 -5 -12 -6 -11 -6 -11 -6 -11 -6 -11 0 0 -6 -11 -6 -10 -7 -11 -6 -10 -7 -10 -6 -10 -7 -10 -7 -10 -7 -10 -8 -9 -8 -9 -8 -9 -8 -9 -8 -10 -8 -9 -9 -9 -8 -9 -9 -9 -9 -9 -9 -9 -9 -9 -9 -9 -9 -9 -10 -9 -10 -8 -10 -8 0 0 0 0 0 0 0 0 0 0]"
"1769235455671200,CSI_DATA,STATION,00:00:00:00:00:00,0,0,0,0,0,0,0,0,0,0,0,0,0,0,0,0,0,0,0,0,0,128,[84 -64 4 0 0 0 0 0 0 0 0 0 -11 9 -12 8 -12 8 -12 8 -13 8 -13 7 -12 6 -13 6 -13 6 -13 5 -13 6 -13 5 -13 5 -13 5 -13 4 -13 5 -12 5 -13 4 -12 4 -12 4 -12 4 -12 4 -12 4 -11 4 -11 4 -11 4 0 0 -11 4 -10 5 -10 4 -11 5 -10 5 -10 5 -10 5 -10 5 -10 6 -10 6 -9 7 -9 7 -9 7 -9 7 -9 7 -9 8 -9 7 -9 8 -9 8 -9 8 -9 9 -9 9 -9 9 -8 9 -8 9 -8 9 0 0 0 0 0 0 0 0 0 0]"
"1769235455675504,CSI_DATA,STATION,00:00:00:00:00:00,0,0,0,0,0,0,0,0,0,0,0,0,0,0,0,0,0,0,0,0,0,128,[84 -64 4 0 0 0 0 0 0 0 0 0 7 -13 7 -12 8 -12 8 -12 8 -12 9 -11 9 -11 9 -11 10 -10 10 -10 10 -10 10 -9 10 -10 10 -9 10 -8 10 -8 9 -8 10 -9 9 -7 10 -8 9 -7 9 -8 9 -8 9 -8 9 -7 8 -8 0 0 8 -8 8 -7 7 -7 8 -8 8 -8 7 -8 7 -8 7 -9 7 -9 7 -9 7 -9 6 -9 6 -9 7 -9 7 -10 6 -10 6 -10 6 -10 6 -10 7 -11 6 -10 6 -11 6 -11 6 -11 6 -11 5 -11 0 0 0 0 0 0 0 0 0 0]"
"1769235455681951,CSI_DATA,STATION,00:00:00:00:00:00,0,0,0,0,0,0,0,0,0,0,0,0,0,0,0,0,0,0,0,0,0,128,[84 -64 4 0 0 0 0 0 0 0 0 0 1 -14 2 -14 3 -14 3 -14 3 -14 4 -14 4 -14 4 -14 5 -13 5 -13 5 -13 5 -12 5 -13 5 -12 5 -12 5 -12 6 -12 5 -12 6 -11 6 -11 5 -11 5 -11 5 -11 5 -11 5 -10 4 -11 0 0 4 -11 4 -10 3 -11 3 -10 3 -11 3 -10 2 -11 3 -11 2 -11 2 -11 2 -11 2 -11 2 -11 2 -12 1 -12 1 -12 1 -12 1 -12 1 -12 1 -13 0 -12 0 -13 0 -12 0 -13 0 -13 -1 -13 0 0 0 0 0 0 0 0 0 0]"
"1769235455686276,CSI_DATA,STATION,00:00:00:00:00:00,0,0,0,0,0,0,0,0,0,0,0,0,0,0,0,0,0,0,0,0,0,128,[84 -64 4 0 0 0 0 0 0 0 0 0 -10 10 -10 9 -10 9 -11 9 -11 8 -11 8 -11 8 -12 8 -12 7 -12 7 -12 6 -12 6 -12 6 -12 6 -12 5 -12 6 -11 5 -11 5 -11 4 -11 5 -11 4 -11 5 -11 5 -10 5 -11 5 -10 5 0 0 -10 5 -10 5 -10 5 -10 5 -9 5 -9 6 -9 6 -9 6 -9 7 -9 7 -9 7 -9 7 -9 7 -8 8 -9 7 -8 8 -8 8 -8 8 -8 9 -8 9 -8 9 -8 9 -8 9 -8 9 -8 9 -8 10 0 0 0 0 0 0 0 0 0 0]"
"1769235455692706,CSI_DATA,STATION,00:00:00:00:00:00,0,0,0,0,0,0,0,0,0,0,0,0,0,0,0,0,0,0,0,0,0,128,[84 -64 4 0 0 0 0 0 0 0 0 0 -9 10 -9 10 -9 9 -10 9 -10 9 -11 8 -11 9 -11 8 -11 8 -12 7 -11 7 -11 7 -11 7 -11 6 -11 6 -11 6 -11 6 -11 6 -11 5 -11 5 -11 5 -10 5 -10 5 -10 6 -10 5 -10 6 0 0 -10 5 -9 5 -9 6 -9 6 -9 6 -9 6 -8 6 -9 6 -8 7 -8 6 -8 7 -8 7 -8 7 -8 7 -8 8 -8 8 -7 8 -8 8 -8 9 -8 8 -8 9 -8 9 -7 9 -7 9 -7 9 -7 9 0 0 0 0 0 0 0 0 0 0]"
"1769235455697019,CSI_DATA,STATION,00:00:00:00:00:00,0,0,0,0,0,0,0,0,0,0,0,0,0,0,0,0,0,0,0,0,0,128,[84 -64 4 0 0 0 0 0 0 0 0 0 11 1 11 2 11 2 11 3 11 2 11 3 11 3 10 3 10 3 10 4 10 4 10 4 10 4 9 4 9 4 9 4 9 4 9 4 9 4 9 4 9 4 8 4 9 4 9 4 9 3 8 3 0 0 8 3 8 3 9 3 9 2 8 3 9 2 8 2 8 2 8 1 9 1 9 1 9 1 9 1 9 0 9 0 9 0 9 0 9 -1 10 0 9 0 10 -1 9 -1 10 -1 10 -1 10 -1 10 -1 0 0 0 0 0 0 0 0 0 0]"
"1769235455701328,CSI_DATA,STATION,00:00:00:00:00:00,0,0,0,0,0,0,0,0,0,0,0,0,0,0,0,0,0,0,0,0,0,128,[84 -64 4 0 0 0 0 0 0 0 0 0 5 11 5 12 4 12 4 12 3 12 3 12 3 12 2 12 2 12 2 12 1 12 1 11 1 11 1 12 1 12 1 11 1 11 0 10 1 11 1 11 1 11 1 10 1 10 1 10 1 10 1 10 0 0 2 9 2 10 2 9 2 9 2 10 3 9 3 9 3 9 3 8 3 9 3 8 4 9 4 9 4 9 4 9 5 9 5 8 5 9 5 9 5 9 6 9 6 9 6 9 6 9 6 9 6 9 0 0 0 0 0 0 0 0 0 0]"
"1769235455707957,CSI_DATA,STATION,00:00:00:00:00:00,0,0,0,0,0,0,0,0,0,0,0,0,0,0,0,0,0,0,0,0,0,128,[84 -64 4 0 0 0 0 0 0 0 0 0 -13 -5 -12 -6 -12 -6 -11 -7 -12 -7 -11 -7 -11 -7 -11 -8 -10 -8 -11 -9 -10 -7 -10 -8 -10 -8 -10 -8 -9 -8 -9 -8 -9 -8 -9 -8 -9 -8 -8 -8 -8 -8 -8 -8 -9 -7 -9 -8 -8 -7 -9 -6 0 0 -8 -7 -8 -6 -9 -6 -9 -5 -9 -6 -9 -6 -9 -5 -9 -5 -9 -5 -9 -5 -10 -4 -10 -4 -10 -4 -10 -4 -10 -4 -10 -4 -10 -4 -11 -4 -11 -3 -11 -4 -11 -3 -11 -3 -11 -3 -11 -3 -11 -3 -11 -2 0 0 0 0 0 0 0 0 0 0]"
"1769235455712361,CSI_DATA,STATION,00:00:00:00:00:00,0,0,0,0,0,0,0,0,0,0,0,0,0,0,0,0,0,0,0,0,0,128,[84 -64 4 0 0 0 0 0 0 0 0 0 -6 13 -7 12 -7 12 -7 12 -8 12 -9 11 -8 11 -9 11 -9 10 -9 10 -9 10 -9 10 -10 10 -9 9 -10 9 -9 9 -9 9 -9 9 -9 8 -9 8 -9 8 -8 8 -9 8 -9 8 -8 8 -8 8 0 0 -8 8 -7 8 -7 8 -7 8 -7 8 -7 8 -6 9 -6 8 -6 9 -6 9 -6 9 -6 9 -6 9 -5 10 -5 9 -5 10 -5 10 -5 10 -5 11 -4 10 -4 11 -4 11 -4 11 -3 11 -4 11 -4 11 0 0 0 0 0 0 0 0 0 0]"
"1769235455716704,CSI_DATA,STATION,00:00:00:00:00:00,0,0,0,0,0,0,0,0,0,0,0,0,0,0,0,0,0,0,0,0,0,128,[84 -64 4 0 0 0 0 0 0 0 0 0 -3 14 -4 14 -4 13 -5 13 -5 13 -6 13 -6 13 -6 13 -6 12 -7 12 -7 12 -6 11 -7 11 -7 11 -7 10 -7 10 -7 11 -7 10 -7 10 -7 10 -7 10 -6 9 -7 9 -6 9 -6 9 -6 10 0 0 -6 9 -5 9 -5 9 -5 9 -5 9 -5 9 -5 9 -4 9 -4 9 -4 10 -4 10 -4 10 -3 10 -3 10 -3 10 -3 11 -2 10 -3 11 -2 11 -2 10 -2 11 -2 11 -2 11 -1 11 -2 11 -1 11 0 0 0 0 0 0 0 0 0 0]"
"1769235455723211,CSI_DATA,STATION,00:00:00:00:00:00,0,0,0,0,0,0,0,0,0,0,0,0,0,0,0,0,0,0,0,0,0,128,[84 -64 4 0 0 0 0 0 0 0 0 0 9 -12 9 -12 9 -11 10 -11 10 -10 11 -10 11 -9 11 -9 11 -9 11 -8 11 -9 11 -8 11 -8 11 -7 12 -7 10 -7 11 -7 10 -7 10 -7 10 -6 10 -7 10 -7 10 -7 9 -7 9 -7 9 -7 0 0 9 -7 8 -7 8 -7 8 -7 8 -7 8 -7 7 -7 8 -7 7 -8 7 -8 7 -9 7 -9 7 -9 7 -9 6 -9 7 -9 6 -9 6 -10 6 -10 6 -10 6 -10 6 -10 6 -10 5 -11 5 -11 6 -11 0 0 0 0 0 0 0 0 0 0]"
"1769235455727598,CSI_DATA,STATION,00:00:00:00:00:00,0,0,0,0,0,0,0,0,0,0,0,0,0,0,0,0,0,0,0,0,0,128,[84 -64 4 0 0 0 0 0 0 0 0 0 -14 -2 -14 -3 -14 -3 -14 -4 -14 -4 -13 -4 -13 -5 -13 -5 -12 -6 -13 -6 -12 -5 -12 -5 -12 -6 -12 -6 -12 -6 -11 -6 -11 -6 -11 -6 -11 -6 -10 -6 -10 -6 -10 -6 -10 -6 -10 -6 -10 -5 -10 -5 0 0 -10 -5 -10 -5 -10 -5 -10 -4 -10 -4 -10 -4 -10 -4 -10 -4 -10 -3 -10 -3 -11 -3 -11 -3 -11 -3 -11 -2 -11 -2 -11 -2 -11 -2 -11 -2 -11 -1 -11 -2 -11 -1 -12 -1 -11 -2 -11 0 -11 0 -12 0 0 0 0 0 0 0 0 0 0 0]"
"1769235455738539,CSI_DATA,STATION,00:00:00:00:00:00,0,0,0,0,0,0,0,0,0,0,0,0,0,0,0,0,0,0,0,0,0,128,[84 -64 4 0 0 0 0 0 0 0 0 0 -3 -15 -3 -15 -2 -15 -2 -16 -1 -16 -1 -16 0 -16 0 -16 1 -16 0 -15 1 -15 1 -15 2 -15 1 -15 1 -15 2 -14 2 -14 2 -14 2 -14 2 -14 2 -13 2 -13 2 -13 2 -13 1 -13 1 -13 0 0 1 -12 1 -12 0 -13 0 -12 0 -13 -1 -12 -1 -12 -1 -12 -1 -12 -1 -12 -2 -12 -2 -12 -2 -12 -2 -12 -3 -12 -3 -12 -3 -12 -4 -12 -4 -13 -4 -12 -4 -12 -4 -12 -4 -13 -5 -12 -5 -12 -5 -12 0 0 0 0 0 0 0 0 0 0]"
"1769235455745225,CSI_DATA,STATION,00:00:00:00:00:00,0,0,0,0,0,0,0,0,0,0,0,0,0,0,0,0,0,0,0,0,0,128,[84 -64 4 0 0 0 0 0 0 0 0 0 -2 15 -3 14 -3 15 -4 15 -4 15 -4 15 -5 14 -5 14 -5 13 -5 14 -6 14 -6 13 -6 13 -6 13 -6 12 -6 12 -6 12 -6 12 -6 12 -6 12 -7 11 -6 11 -6 11 -6 12 -5 11 -5 11 0 0 -5 11 -4 11 -4 11 -4 11 -4 11 -3 11 -3 11 -3 11 -3 11 -3 11 -2 11 -2 12 -2 12 -1 11 -1 12 -1 12 -1 12 -1 12 0 12 0 12 0 12 0 12 0 12 1 13 1 13 1 12 0 0 0 0 0 0 0 0 0 0]"
"1769235455751885,CSI_DATA,STATION,00:00:00:00:00:00,0,0,0,0,0,0,0,0,0,0,0,0,0,0,0,0,0,0,0,0,0,128,[84 -64 4 0 0 0 0 0 0 0 0 0 12 6 12 6 11 7 11 7 11 8 11 8 10 8 10 8 10 8 9 9 9 9 9 9 9 9 9 9 9 9 8 8 8 9 8 9 8 9 7 9 8 8 8 8 8 8 7 8 7 8 8 8 0 0 8 7 7 7 8 7 7 6 8 7 8 6 8 6 8 6 8 6 8 6 8 5 9 6 9 6 9 5 9 5 9 5 10 5 10 4 10 4 10 4 10 4 10 5 10 4 10 4 11 4 11 4 0 0 0 0 0 0 0 0 0 0]"
"1769235455756311,CSI_DATA,STATION,00:00:00:00:00:00,0,0,0,0,0,0,0,0,0,0,0,0,0,0,0,0,0,0,0,0,0,128,[84 -64 4 0 0 0 0 0 0 0 0 0 -9 -11 -8 -12 -8 -12 -8 -12 -7 -13 -7 -12 -6 -12 -6 -12 -5 -13 -6 -13 -5 -13 -5 -13 -5 -13 -5 -13 -4 -13 -5 -12 -5 -12 -5 -12 -4 -12 -4 -12 -4 -12 -4 -12 -4 -11 -4 -11 -4 -11 -4 -11 0 0 -5 -11 -5 -10 -5 -11 -5 -10 -5 -10 -5 -10 -6 -10 -6 -10 -6 -10 -6 -10 -6 -10 -7 -9 -6 -9 -7 -10 -7 -9 -7 -9 -8 -10 -8 -9 -8 -9 -8 -9 -8 -9 -9 -9 -9 -9 -9 -9 -9 -9 -9 -9 0 0 0 0 0 0 0 0 0 0]"
"1769235455760778,CSI_DATA,STATION,00:00:00:00:00:00,0,0,0,0,0,0,0,0,0,0,0,0,0,0,0,0,0,0,0,0,0,128,[84 -64 4 0 0 0 0 0 0 0 0 0 -13 -2 -14 -3 -13 -3 -14 -4 -13 -4 -13 -4 -13 -5 -13 -5 -12 -5 -13 -6 -13 -6 -12 -6 -12 -6 -12 -7 -12 -6 -11 -5 -11 -6 -11 -7 -11 -6 -11 -7 -11 -6 -11 -6 -11 -6 -10 -6 -10 -6 -11 -5 0 0 -10 -5 -10 -5 -11 -5 -11 -4 -11 -5 -10 -4 -11 -4 -11 -4 -11 -3 -11 -4 -12 -3 -11 -3 -11 -3 -12 -3 -11 -3 -12 -2 -11 -3 -12 -3 -12 -2 -12 -2 -12 -2 -12 -2 -12 -2 -12 -1 -12 -1 -13 -1 0 0 0 0 0 0 0 0 0 0]"
"1769235455767482,CSI_DATA,STATION,00:00:00:00:00:00,0,0,0,0,0,0,0,0,0,0,0,0,0,0,0,0,0,0,0,0,0,128,[84 -64 4 0 0 0 0 0 0 0 0 0 -13 -4 -13 -4 -13 -5 -13 -5 -12 -6 -13 -6 -12 -6 -12 -6 -12 -6 -12 -7 -12 -7 -11 -7 -12 -8 -11 -8 -11 -7 -10 -7 -11 -7 -11 -7 -10 -7 -10 -8 -10 -7 -10 -7 -10 -7 -10 -7 -9 -7 -10 -6 0 0 -10 -6 -9 -6 -10 -6 -10 -5 -10 -5 -10 -6 -10 -5 -11 -5 -10 -5 -10 -5 -11 -4 -11 -4 -10 -4 -11 -4 -11 -4 -11 -3 -11 -4 -12 -4 -12 -4 -12 -3 -12 -3 -12 -3 -12 -3 -13 -3 -13 -3 -12 -2 0 0 0 0 0 0 0 0 0 0]"
"1769235455771943,CSI_DATA,STATION,00:00:00:00:00:00,0,0,0,0,0,0,0,0,0,0,0,0,0,0,0,0,0,0,0,0,0,128,[84 -64 4 0 0 0 0 0 0 0 0 0 6 11 5 10 5 11 5 11 4 11 4 11 3 11 3 12 3 12 2 12 2 12 2 12 2 11 2 11 1 12 2 11 1 11 1 11 1 11 1 11 1 11 1 10 1 11 1 10 2 10 2 10 0 0 2 10 2 10 2 10 2 10 2 10 3 10 3 10 3 10 3 9 3 9 4 9 4 10 4 10 4 9 4 10 4 9 5 9 5 9 5 9 5 9 6 10 6 10 6 10 6 9 6 10 6 10 0 0 0 0 0 0 0 0 0 0]"
"1769235455776400,CSI_DATA,STATION,00:00:00:00:00:00,0,0,0,0,0,0,0,0,0,0,0,0,0,0,0,0,0,0,0,0,0,128,[84 -64 4 0 0 0 0 0 0 0 0 0 11 5 11 5 11 6 10 5 10 6 10 6 10 6 9 7 9 7 9 7 9 7 8 7 8 7 8 7 8 8 8 7 8 7 8 7 7 7 7 8 7 7 7 7 7 7 8 7 7 7 7 7 0 0 7 6 7 6 7 6 7 6 7 6 7 6 7 6 8 6 8 5 8 5 8 5 8 6 8 5 9 5 9 5 9 4 9 5 9 5 10 4 10 5 10 4 10 5 10 4 10 4 10 4 10 4 0 0 0 0 0 0 0 0 0 0]"
"1769235455783072,CSI_DATA,STATION,00:00:00:00:00:00,0,0,0,0,0,0,0,0,0,0,0,0,0,0,0,0,0,0,0,0,0,128,[84 -64 4 0 0 0 0 0 0 0 0 0 -14 -2 -14 -3 -14 -3 -14 -3 -13 -4 -13 -4 -13 -4 -13 -5 -13 -5 -13 -6 -13 -5 -12 -5 -12 -6 -12 -6 -12 -6 -11 -5 -12 -6 -12 -6 -11 -6 -11 -6 -11 -6 -11 -6 -11 -5 -11 -5 -11 -5 -11 -4 0 0 -11 -4 -11 -4 -11 -4 -10 -3 -11 -4 -11 -3 -11 -3 -11 -3 -11 -3 -11 -2 -12 -2 -12 -2 -12 -2 -12 -2 -12 -2 -12 -1 -12 -1 -13 -1 -12 -1 -13 -1 -13 0 -13 -1 -13 0 -13 1 -13 0 -13 0 0 0 0 0 0 0 0 0 0 0]"
"1769235455787532,CSI_DATA,STATION,00:00:00:00:00:00,0,0,0,0,0,0,0,0,0,0,0,0,0,0,0,0,0,0,0,0,0,128,[84 -64 4 0 0 0 0 0 0 0 0 0 -2 -13 -2 -14 -2 -13 -2 -14 -1 -13 -1 -14 0 -13 0 -13 0 -13 0 -13 1 -13 1 -13 1 -13 1 -12 1 -13 2 -12 3 -12 2 -12 1 -12 2 -12 2 -11 2 -12 2 -11 2 -11 1 -11 1 -11 0 0 1 -11 1 -11 1 -11 0 -11 0 -11 0 -11 0 -11 0 -11 0 -11 0 -11 -1 -11 -1 -11 -1 -11 -1 -12 -1 -11 -1 -12 -2 -11 -2 -12 -2 -12 -2 -12 -2 -12 -2 -12 -3 -12 -3 -12 -3 -12 -3 -13 0 0 0 0 0 0 0 0 0 0]"
"1769235455791994,CSI_DATA,STATION,00:00:00:00:00:00,0,0,0,0,0,0,0,0,0,0,0,0,0,0,0,0,0,0,0,0,0,128,[84 -64 4 0 0 0 0 0 0 0 0 0 0 14 -1 14 -1 14 -1 14 -2 13 -3 14 -4 13 -3 14 -4 12 -4 13 -4 13 -4 13 -4 12 -4 12 -4 12 -4 12 -5 12 -5 11 -5 11 -5 11 -5 10 -5 11 -5 11 -4 11 -3 10 -3 11 0 0 -3 11 -3 10 -3 10 -3 10 -2 11 -2 10 -2 11 -2 10 -2 10 -2 10 -1 10 -1 11 -1 11 -1 11 -1 11 0 12 0 11 0 12 0 12 0 12 0 12 0 12 1 12 2 12 2 12 1 13 0 0 0 0 0 0 0 0 0 0]"
"1769235455798643,CSI_DATA,STATION,00:00:00:00:00:00,0,0,0,0,0,0,0,0,0,0,0,0,0,0,0,0,0,0,0,0,0,128,[84 -64 4 0 0 0 0 0 0 0 0 0 4 -14 5 -14 5 -13 6 -13 6 -13 6 -12 7 -12 7 -12 7 -12 8 -11 7 -11 7 -11 8 -11 7 -11 7 -10 8 -10 8 -10 8 -10 7 -10 7 -9 7 -9 7 -10 7 -10 7 -10 7 -9 6 -10 0 0 6 -9 6 -9 5 -9 6 -10 6 -10 5 -10 5 -9 5 -10 5 -10 5 -10 4 -10 4 -11 4 -11 4 -11 3 -11 3 -11 3 -11 3 -11 3 -12 3 -12 3 -12 3 -11 3 -12 2 -13 2 -13 2 -13 0 0 0 0 0 0 0 0 0 0]"
"1769235455803127,CSI_DATA,STATION,00:00:00:00:00:00,0,0,0,0,0,0,0,0,0,0,0,0,0,0,0,0,0,0,0,0,0,128,[84 -64 4 0 0 0 0 0 0 0 0 0 -14 -8 -13 -9 -14 -10 -13 -9 -13 -11 -12 -11 -11 -11 -11 -10 -11 -11 -11 -12 -11 -11 -11 -12 -10 -12 -10 -12 -9 -12 -9 -11 -9 -11 -9 -11 -9 -11 -8 -11 -8 -11 -8 -11 -8 -10 -9 -10 -8 -10 -8 -10 0 0 -8 -10 -8 -9 -8 -9 -9 -9 -9 -9 -9 -9 -9 -9 -9 -8 -10 -8 -10 -8 -10 -8 -10 -7 -10 -8 -11 -7 -11 -7 -11 -7 -12 -7 -11 -7 -11 -7 -11 -7 -11 -7 -12 -7 -12 -7 -12 -7 -13 -6 -13 -6 0 0 0 0 0 0 0 0 0 0]"
"1769235455807622,CSI_DATA,STATION,00:00:00:00:00:00,0,0,0,0,0,0,0,0,0,0,0,0,0,0,0,0,0,0,0,0,0,128,[84 -64 4 0 0 0 0 0 0 0 0 0 12 -8 12 -7 12 -6 12 -6 13 -6 12 -5 13 -5 13 -4 13 -4 13 -3 12 -4 12 -3 12 -3 12 -3 13 -2 12 -3 11 -2 11 -2 11 -2 11 -3 11 -2 11 -3 11 -3 10 -2 10 -2 10 -3 0 0 10 -3 10 -3 10 -3 10 -3 9 -4 9 -4 9 -4 9 -4 9 -5 9 -5 9 -5 9 -5 9 -5 9 -5 9 -6 9 -6 8 -6 9 -7 9 -6 9 -7 9 -7 8 -7 9 -7 9 -7 9 -8 9 -8 0 0 0 0 0 0 0 0 0 0]"
"1769235455814180,CSI_DATA,STATION,00:00:00:00:00:00,0,0,0,0,0,0,0,0,0,0,0,0,0,0,0,0,0,0,0,0,0,128,[84 -64 4 0 0 0 0 0 0 0 0 0 13 -2 14 -1 13 -1 14 0 13 0 13 0 13 0 13 1 13 1 13 3 13 3 12 3 12 3 12 3 12 3 11 2 11 3 11 3 11 3 11 2 11 3 11 2 10 3 11 3 10 3 10 2 0 0 10 2 10 2 10 1 10 1 10 1 10 1 10 0 10 0 10 0 10 0 10 0 10 0 10 0 10 0 10 -1 11 -2 10 -1 11 -2 11 -2 10 -2 11 -2 10 -2 11 -3 11 -2 11 -3 11 -3 0 0 0 0 0 0 0 0 0 0]"
"1769235455818524,CSI_DATA,STATION,00:00:00:00:00:00,0,0,0,0,0,0,0,0,0,0,0,0,0,0,0,0,0,0,0,0,0,128,[84 -64 4 0 0 0 0 0 0 0 0 0 14 -2 14 -1 14 -1 14 0 14 0 14 0 14 1 14 1 13 1 13 2 13 2 13 2 12 3 12 3 12 3 12 3 12 3 11 3 12 3 11 3 11 3 11 2 11 3 11 3 10 2 10 2 0 0 10 2 10 2 10 2 10 2 10 1 10 1 10 1 10 1 10 0 10 0 10 0 10 0 10 0 11 0 11 -1 10 -1 11 -1 11 -2 11 -2 11 -2 11 -2 11 -2 11 -2 11 -2 11 -3 11 -3 0 0 0 0 0 0 0 0 0 0]"
"1769235455822873,CSI_DATA,STATION,00:00:00:00:00:00,0,0,0,0,0,0,0,0,0,0,0,0,0,0,0,0,0,0,0,0,0,128,[84 -64 4 0 0 0 0 0 0 0 0 0 -14 -5 -14 -6 -14 -7 -14 -7 -14 -7 -14 -8 -12 -8 -13 -8 -11 -9 -12 -9 -12 -8 -12 -9 -11 -9 -11 -9 -11 -9 -11 -9 -10 -9 -11 -9 -10 -9 -10 -9 -10 -9 -9 -9 -10 -8 -10 -8 -9 -8 -10 -7 0 0 -9 -7 -10 -7 -10 -7 -10 -6 -10 -7 -9 -6 -10 -7 -10 -6 -10 -5 -11 -5 -11 -5 -11 -5 -11 -5 -11 -5 -11 -5 -11 -5 -11 -5 -11 -4 -11 -4 -12 -4 -12 -4 -12 -4 -12 -4 -12 -3 -12 -3 -12 -3 0 0 0 0 0 0 0 0 0 0]"
"1769235455829389,CSI_DATA,STATION,00:00:00:00:00:00,0,0,0,0,0,0,0,0,0,0,0,0,0,0,0,0,0,0,0,0,0,128,[84 -64 4 0 0 0 0 0 0 0 0 0 -15 -4 -15 -4 -15 -5 -15 -5 -15 -6 -14 -6 -14 -7 -14 -7 -13 -7 -13 -8 -13 -8 -12 -7 -13 -8 -12 -9 -12 -8 -12 -8 -12 -8 -11 -8 -12 -8 -11 -8 -11 -8 -11 -8 -11 -8 -11 -8 -10 -7 -10 -7 0 0 -11 -7 -10 -6 -10 -6 -11 -6 -11 -6 -10 -6 -11 -6 -11 -6 -11 -5 -11 -5 -11 -5 -11 -5 -11 -4 -11 -4 -12 -4 -12 -3 -12 -4 -12 -4 -12 -3 -12 -3 -13 -3 -12 -3 -13 -3 -12 -3 -13 -3 -13 -2 0 0 0 0 0 0 0 0 0 0]"
"1769235455833712,CSI_DATA,STATION,00:00:00:00:00:00,0,0,0,0,0,0,0,0,0,0,0,0,0,0,0,0,0,0,0,0,0,128,[84 -64 4 0 0 0 0 0 0 0 0 0 4 11 3 11 3 12 3 12 2 12 2 12 1 12 1 12 1 12 0 12 0 11 0 11 0 11 0 11 0 11 0 10 -1 11 -1 10 -1 11 -1 10 -1 10 -1 10 -1 10 -1 10 0 10 0 10 0 0 0 9 1 9 0 9 0 9 0 10 1 9 1 9 1 9 1 9 1 8 2 9 2 9 2 9 2 9 2 9 2 9 2 9 3 9 3 9 3 9 3 9 3 9 3 9 4 9 4 9 4 9 0 0 0 0 0 0 0 0 0 0]"
"1769235455838027,CSI_DATA,STATION,00:00:00:00:00:00,0,0,0,0,0,0,0,0,0,0,0,0,0,0,0,0,0,0,0,0,0,128,[84 -64 4 0 0 0 0 0 0 0 0 0 13 -5 14 -5 13 -3 13 -4 13 -3 14 -3 14 -3 13 -2 13 -2 13 -1 14 -1 13 -1 13 -1 13 0 13 0 12 0 13 0 12 0 12 0 12 0 12 0 11 0 11 -1 11 0 11 -1 11 -1 0 0 11 -1 11 -1 11 -1 11 -2 11 -2 11 -2 11 -2 10 -2 10 -3 10 -3 10 -3 10 -3 10 -3 11 -3 10 -4 10 -4 9 -4 11 -5 11 -5 10 -5 10 -5 10 -5 10 -5 10 -6 10 -6 11 -6 0 0 0 0 0 0 0 0 0 0]"
"1769235455844514,CSI_DATA,STATION,00:00:00:00:00:00,0,0,0,0,0,0,0,0,0,0,0,0,0,0,0,0,0,0,0,0,0,128,[84 -64 4 0 0 0 0 0 0 0 0 0 13 -5 14 -4 14 -3 13 -3 14 -3 14 -2 14 -2 14 -2 14 -2 14 -1 14 -1 14 -1 13 0 13 0 13 0 12 0 13 1 12 0 13 1 12 1 12 1 12 0 12 0 12 0 11 -1 12 -1 0 0 11 -1 11 -1 11 -1 11 -2 11 -1 11 -1 11 -2 11 -2 11 -2 10 -3 10 -3 10 -3 11 -3 11 -3 11 -4 11 -4 11 -4 11 -5 11 -4 11 -4 11 -5 11 -5 11 -5 10 -5 11 -6 11 -6 0 0 0 0 0 0 0 0 0 0]"
"1769235455848837,CSI_DATA,STATION,00:00:00:00:00:00,0,0,0,0,0,0,0,0,0,0,0,0,0,0,0,0,0,0,0,0,0,128,[84 -64 4 0 0 0 0 0 0 0 0 0 12 7 12 8 11 8 11 9 10 9 11 10 10 9 9 10 9 10 9 10 9 10 9 10 9 10 8 10 8 11 7 10 8 10 7 10 7 10 7 10 7 10 7 9 7 9 7 9 7 9 7 9 0 0 7 8 7 8 7 8 7 8 8 8 7 8 8 7 8 7 8 7 8 7 8 6 9 7 9 7 9 7 9 6 10 7 10 6 10 6 10 5 10 6 10 6 10 6 10 5 11 5 11 5 11 5 0 0 0 0 0 0 0 0 0 0]"
"1769235455855337,CSI_DATA,STATION,00:00:00:00:00:00,0,0,0,0,0,0,0,0,0,0,0,0,0,0,0,0,0,0,0,0,0,128,[84 -64 4 0 0 0 0 0 0 0 0 0 4 -11 4 -11 5 -11 5 -11 6 -11 6 -11 6 -10 6 -10 7 -10 6 -10 7 -10 7 -10 7 -9 7 -9 7 -8 7 -8 7 -9 7 -9 6 -8 7 -8 6 -8 6 -8 6 -8 6 -8 6 -8 6 -8 0 0 5 -8 5 -7 5 -8 5 -8 5 -8 5 -8 4 -8 4 -9 4 -8 4 -9 4 -9 4 -9 3 -9 4 -9 3 -9 3 -9 3 -10 3 -10 3 -10 3 -10 3 -10 3 -10 3 -10 2 -10 2 -10 2 -10 0 0 0 0 0 0 0 0 0 0]"
"1769235455859651,CSI_DATA,STATION,00:00:00:00:00:00,0,0,0,0,0,0,0,0,0,0,0,0,0,0,0,0,0,0,0,0,0,128,[84 -64 4 0 0 0 0 0 0 0 0 0 13 1 13 2 12 3 12 3 12 3 12 4 12 3 12 4 11 4 11 5 11 5 11 5 11 5 11 5 10 5 10 5 10 6 10 6 10 5 10 6 9 5 9 5 9 5 10 5 9 5 9 4 0 0 9 4 9 4 9 4 9 3 9 4 9 3 9 3 9 3 9 3 9 3 9 2 10 2 10 2 10 2 10 2 10 1 10 1 10 1 11 1 10 1 11 1 10 1 11 1 11 0 11 0 11 0 0 0 0 0 0 0 0 0 0 0]"
"1769235455863972,CSI_DATA,STATION,00:00:00:00:00:00,0,0,0,0,0,0,0,0,0,0,0,0,0,0,0,0,0,0,0,0,0,128,[84 -64 4 0 0 0 0 0 0 0 0 0 12 -3 12 -2 12 -2 13 -2 12 -1 13 -1 13 0 12 0 12 0 12 1 12 1 12 1 11 2 11 2 12 2 11 1 11 2 11 2 11 2 10 2 10 2 10 2 10 2 10 2 10 1 10 1 0 0 10 1 9 1 10 1 10 0 10 1 10 0 10 0 10 0 10 -1 9 -1 10 -1 10 -1 10 -1 10 -1 10 -2 10 -2 10 -2 11 -2 11 -2 10 -2 11 -2 10 -2 11 -3 10 -3 11 -3 11 -3 0 0 0 0 0 0 0 0 0 0]"
"1769235455870489,CSI_DATA,STATION,00:00:00:00:00:00,0,0,0,0,0,0,0,0,0,0,0,0,0,0,0,0,0,0,0,0,0,128,[84 -64 4 0 0 0 0 0 0 0 0 0 13 4 13 4 12 5 13 5 12 6 12 6 12 6 11 7 11 7 11 8 11 7 10 6 11 8 10 7 10 8 10 7 10 7 9 7 9 7 9 7 9 7 9 7 9 7 9 7 8 6 9 6 0 0 8 6 8 6 9 6 9 5 9 6 9 6 9 5 9 5 9 4 9 4 10 4 10 4 10 4 11 4 10 4 11 3 11 3 11 3 11 3 11 3 11 3 11 3 12 3 11 3 12 2 12 2 0 0 0 0 0 0 0 0 0 0]"
"1769235455874793,CSI_DATA,STATION,00:00:00:00:00:00,0,0,0,0,0,0,0,0,0,0,0,0,0,0,0,0,0,0,0,0,0,128,[84 -64 4 0 0 0 0 0 0 0 0 0 8 -11 9 -11 9 -10 9 -10 10 -10 10 -9 10 -9 10 -9 10 -8 11 -8 11 -8 10 -8 10 -8 11 -8 10 -7 10 -7 10 -7 10 -7 9 -7 10 -6 9 -7 9 -7 10 -7 9 -7 9 -7 9 -7 0 0 8 -7 8 -7 8 -7 8 -7 7 -7 8 -7 7 -8 7 -8 7 -8 7 -8 7 -9 6 -9 6 -9 6 -9 7 -10 6 -10 6 -10 6 -10 6 -10 6 -10 6 -10 5 -10 6 -11 5 -11 5 -11 5 -12 0 0 0 0 0 0 0 0 0 0]"
"1769235455879154,CSI_DATA,STATION,00:00:00:00:00:00,0,0,0,0,0,0,0,0,0,0,0,0,0,0,0,0,0,0,0,0,0,128,[84 -64 4 0 0 0 0 0 0 0 0 0 12 4 12 5 12 5 12 5 11 6 11 6 11 6 11 7 10 7 10 7 10 7 10 7 9 7 10 7 9 7 9 7 9 7 8 7 8 7 8 7 8 7 8 7 8 7 9 7 8 6 8 6 0 0 8 6 8 6 8 6 8 6 8 5 8 5 8 5 9 5 8 4 9 4 9 4 9 4 9 4 9 4 9 4 10 4 9 3 10 3 10 3 10 3 10 3 10 3 11 3 11 2 11 3 11 3 0 0 0 0 0 0 0 0 0 0]"
"1769235455885629,CSI_DATA,STATION,00:00:00:00:00:00,0,0,0,0,0,0,0,0,0,0,0,0,0,0,0,0,0,0,0,0,0,128,[84 -64 4 0 0 0 0 0 0 0 0 0 15 5 15 5 14 6 14 7 14 7 14 8 13 8 12 9 12 8 12 9 12 8 11 8 12 9 11 8 11 9 10 8 10 9 10 9 10 9 10 9 10 8 10 8 10 8 10 8 10 7 10 7 0 0 10 7 10 6 10 6 10 6 10 7 10 6 10 5 11 5 10 5 10 4 11 4 11 4 12 4 12 4 12 4 12 3 12 3 13 3 13 3 12 3 13 3 13 3 13 3 13 2 13 1 14 2 0 0 0 0 0 0 0 0 0 0]"
"1769235455889964,CSI_DATA,STATION,00:00:00:00:00:00,0,0,0,0,0,0,0,0,0,0,0,0,0,0,0,0,0,0,0,0,0,128,[84 -64 4 0 0 0 0 0 0 0 0 0 -14 -5 -13 -5 -14 -6 -13 -6 -13 -7 -12 -7 -13 -7 -13 -7 -11 -8 -12 -8 -12 -7 -11 -7 -11 -8 -11 -8 -10 -8 -10 -8 -10 -8 -10 -8 -10 -8 -10 -8 -9 -8 -9 -8 -9 -7 -10 -7 -9 -7 -9 -7 0 0 -10 -6 -9 -6 -9 -6 -10 -5 -10 -6 -10 -6 -10 -5 -10 -5 -10 -5 -10 -4 -11 -4 -11 -4 -11 -4 -11 -4 -11 -4 -11 -3 -12 -4 -11 -3 -12 -3 -11 -3 -12 -3 -12 -3 -12 -2 -12 -2 -12 -2 -13 -2 0 0 0 0 0 0 0 0 0 0]"
"1769235455894320,CSI_DATA,STATION,00:00:00:00:00:00,0,0,0,0,0,0,0,0,0,0,0,0,0,0,0,0,0,0,0,0,0,128,[84 -64 4 0 0 0 0 0 0 0 0 0 9 10 8 10 7 10 7 11 7 10 6 11 6 11 5 12 5 11 5 11 5 11 5 11 4 11 5 10 4 11 4 11 3 10 3 10 3 10 3 10 3 10 3 10 3 9 4 9 4 9 4 9 0 0 4 9 4 8 5 9 4 8 5 8 4 8 5 8 5 8 5 8 5 7 6 7 6 8 6 8 7 8 6 8 6 7 7 7 7 7 7 7 7 7 8 7 8 7 8 7 8 7 8 7 8 7 0 0 0 0 0 0 0 0 0 0]"
"1769235455900806,CSI_DATA,STATION,00:00:00:00:00:00,0,0,0,0,0,0,0,0,0,0,0,0,0,0,0,0,0,0,0,0,0,128,[84 -64 4 0 0 0 0 0 0 0 0 0 -5 -13 -5 -13 -4 -13 -4 -13 -4 -13 -3 -13 -3 -13 -2 -13 -2 -13 -2 -13 -2 -13 -1 -12 -1 -12 -1 -12 -1 -12 -1 -12 -1 -11 -1 -11 -1 -11 -1 -12 -1 -12 -1 -11 -1 -11 -1 -11 -2 -11 -2 -11 0 0 -2 -11 -2 -10 -2 -10 -2 -10 -3 -10 -3 -10 -3 -10 -3 -10 -3 -10 -4 -10 -4 -10 -4 -10 -4 -10 -4 -10 -5 -9 -5 -10 -5 -10 -6 -10 -5 -10 -6 -10 -6 -10 -6 -10 -6 -10 -7 -10 -7 -10 -7 -10 0 0 0 0 0 0 0 0 0 0]"
"1769235455911741,CSI_DATA,STATION,00:00:00:00:00:00,0,0,0,0,0,0,0,0,0,0,0,0,0,0,0,0,0,0,0,0,0,128,[84 -64 4 0 0 0 0 0 0 0 0 0 -6 13 -6 13 -7 12 -7 12 -7 12 -8 12 -9 11 -9 11 -9 10 -10 10 -9 11 -9 10 -9 9 -9 9 -9 9 -9 9 -9 9 -9 9 -9 8 -9 8 -9 8 -8 8 -8 8 -8 8 -8 7 -8 8 0 0 -8 8 -7 8 -6 8 -7 8 -7 8 -6 8 -6 8 -6 8 -6 9 -6 9 -5 9 -5 9 -6 9 -5 10 -5 10 -5 10 -5 10 -5 11 -5 11 -5 10 -5 11 -5 11 -5 11 -5 11 -5 12 -5 12 0 0 0 0 0 0 0 0 0 0]"
"1769235455918232,CSI_DATA,STATION,00:00:00:00:00:00,0,0,0,0,0,0,0,0,0,0,0,0,0,0,0,0,0,0,0,0,0,128,[84 -64 4 0 0 0 0 0 0 0 0 0 4 13 4 12 3 12 3 12 3 13 2 12 1 12 1 12 1 12 1 12 0 12 0 11 0 12 0 11 0 12 0 11 -1 11 -1 11 0 10 0 11 0 10 0 10 0 10 0 10 0 10 0 10 0 0 1 9 1 10 1 9 1 10 1 9 2 9 1 9 2 9 2 9 2 9 2 9 3 10 3 10 3 9 3 10 4 9 4 9 4 9 4 9 4 9 5 10 5 9 5 10 5 10 5 10 5 10 0 0 0 0 0 0 0 0 0 0]"
"1769235455922582,CSI_DATA,STATION,00:00:00:00:00:00,0,0,0,0,0,0,0,0,0,0,0,0,0,0,0,0,0,0,0,0,0,128,[84 -64 4 0 0 0 0 0 0 0 0 0 12 1 11 3 11 3 11 3 11 4 11 4 11 5 11 4 10 5 10 5 10 5 9 5 9 5 9 5 9 5 8 5 9 5 9 5 8 5 8 5 8 5 8 5 8 5 9 5 8 5 8 4 0 0 8 4 7 4 8 4 7 3 8 4 8 3 8 3 8 3 8 3 9 3 9 2 9 2 9 2 9 2 9 2 9 2 10 2 9 1 10 2 10 1 10 1 10 2 10 1 10 1 10 1 10 1 0 0 0 0 0 0 0 0 0 0]"
"1769235455929134,CSI_DATA,STATION,00:00:00:00:00:00,0,0,0,0,0,0,0,0,0,0,0,0,0,0,0,0,0,0,0,0,0,128,[84 -64 4 0 0 0 0 0 0 0 0 0 6 -13 7 -13 7 -12 7 -12 8 -12 8 -12 8 -11 9 -11 9 -10 9 -10 9 -11 9 -10 9 -10 8 -10 9 -9 9 -9 9 -9 9 -9 8 -9 8 -8 8 -8 8 -8 8 -9 7 -8 8 -8 7 -8 0 0 7 -9 7 -8 6 -9 7 -8 6 -9 6 -9 6 -9 6 -10 6 -10 6 -10 6 -10 5 -10 5 -10 5 -10 5 -11 5 -11 4 -11 5 -11 4 -12 4 -11 4 -12 4 -11 4 -12 4 -12 4 -12 4 -13 0 0 0 0 0 0 0 0 0 0]"
"1769235455933461,CSI_DATA,STATION,00:00:00:00:00:00,0,0,0,0,0,0,0,0,0,0,0,0,0,0,0,0,0,0,0,0,0,128,[84 -64 4 0 0 0 0 0 0 0 0 0 1 -14 1 -14 2 -13 2 -13 3 -13 3 -13 4 -13 4 -13 4 -12 5 -12 4 -12 4 -12 5 -12 5 -11 5 -11 5 -11 5 -11 5 -11 5 -11 5 -10 5 -10 5 -10 5 -10 4 -10 4 -10 4 -10 0 0 4 -10 3 -9 3 -10 3 -10 3 -10 3 -10 2 -10 2 -11 3 -11 2 -10 1 -10 2 -10 1 -11 2 -11 1 -11 1 -12 1 -11 1 -12 1 -12 1 -12 1 -12 1 -12 0 -12 0 -12 0 -13 0 -12 0 0 0 0 0 0 0 0 0 0]"
"1769235455939959,CSI_DATA,STATION,00:00:00:00:00:00,0,0,0,0,0,0,0,0,0,0,0,0,0,0,0,0,0,0,0,0,0,128,[84 -64 4 0 0 0 0 0 0 0 0 0 -10 -10 -10 -10 -9 -11 -10 -11 -9 -11 -9 -11 -8 -11 -8 -12 -7 -11 -7 -12 -7 -11 -7 -11 -7 -12 -7 -11 -6 -12 -6 -11 -6 -11 -6 -11 -5 -11 -6 -11 -5 -11 -6 -11 -6 -10 -6 -10 -6 -10 -6 -10 0 0 -6 -10 -6 -10 -6 -10 -6 -9 -7 -9 -6 -10 -7 -9 -7 -9 -7 -9 -7 -8 -8 -8 -8 -9 -8 -8 -8 -9 -8 -8 -9 -8 -9 -8 -9 -8 -9 -8 -9 -8 -10 -8 -10 -8 -10 -8 -10 -8 -10 -8 -11 -8 0 0 0 0 0 0 0 0 0 0]"
"1769235455944317,CSI_DATA,STATION,00:00:00:00:00:00,0,0,0,0,0,0,0,0,0,0,0,0,0,0,0,0,0,0,0,0,0,128,[84 -64 4 0 0 0 0 0 0 0 0 0 -11 5 -12 5 -12 4 -12 4 -12 3 -13 3 -12 3 -13 3 -12 2 -13 2 -12 2 -12 2 -12 1 -12 1 -12 0 -12 1 -11 1 -11 0 -12 1 -11 1 -11 1 -11 1 -11 1 -11 1 -10 1 -11 1 0 0 -10 2 -10 2 -10 2 -10 2 -10 2 -10 2 -10 3 -10 3 -9 3 -10 3 -10 4 -10 3 -10 4 -10 4 -10 4 -10 5 -10 4 -10 5 -10 5 -10 5 -10 6 -10 6 -10 6 -10 6 -10 6 -10 6 0 0 0 0 0 0 0 0 0 0]"
"1769235455948644,CSI_DATA,STATION,00:00:00:00:00:00,0,0,0,0,0,0,0,0,0,0,0,0,0,0,0,0,0,0,0,0,0,128,[84 -64 4 0 0 0 0 0 0 0 0 0 -2 -15 -1 -15 -1 -15 -1 -15 0 -14 0 -15 1 -15 1 -15 1 -14 1 -14 2 -14 2 -14 2 -13 2 -13 2 -14 2 -13 3 -13 3 -12 3 -13 2 -12 2 -12 2 -12 2 -12 2 -12 1 -12 2 -12 0 0 1 -11 1 -12 0 -12 0 -11 0 -12 0 -12 0 -12 0 -12 -1 -11 -1 -11 -1 -12 -1 -12 -1 -12 -2 -12 -2 -12 -2 -12 -2 -12 -2 -13 -2 -13 -3 -13 -3 -12 -3 -13 -3 -13 -4 -13 -4 -13 -4 -13 0 0 0 0 0 0 0 0 0 0]"
"1769235455955180,CSI_DATA,STATION,00:00:00:00:00:00,0,0,0,0,0,0,0,0,0,0,0,0,0,0,0,0,0,0,0,0,0,128,[84 -64 4 0 0 0 0 0 0 0 0 0 -11 -8 -10 -8 -10 -9 -10 -9 -9 -10 -9 -10 -8 -10 -8 -10 -8 -11 -8 -11 -8 -10 -8 -10 -8 -11 -7 -11 -6 -10 -7 -10 -7 -10 -7 -10 -6 -10 -6 -10 -6 -10 -6 -10 -6 -9 -7 -9 -6 -9 -6 -9 0 0 -6 -9 -6 -9 -7 -9 -6 -8 -7 -8 -7 -8 -7 -8 -7 -8 -7 -8 -8 -8 -8 -8 -8 -8 -8 -7 -8 -8 -8 -8 -9 -7 -9 -7 -9 -7 -9 -7 -9 -7 -9 -7 -10 -7 -10 -7 -10 -7 -10 -7 -10 -7 0 0 0 0 0 0 0 0 0 0]"
"1769235455959522,CSI_DATA,STATION,00:00:00:00:00:00,0,0,0,0,0,0,0,0,0,0,0,0,0,0,0,0,0,0,0,0,0,128,[84 -64 4 0 0 0 0 0 0 0 0 0 11 8 10 9 10 9 10 10 9 10 9 10 8 10 8 11 8 10 8 11 8 10 7 10 7 10 7 11 6 11 6 11 6 11 6 10 6 10 6 10 5 10 6 10 6 9 6 10 6 9 6 9 0 0 6 9 6 8 7 8 6 8 7 8 7 8 7 8 7 8 7 8 7 7 8 7 8 8 8 7 8 7 8 7 9 7 9 7 9 7 9 7 9 7 10 7 9 7 10 7 10 6 10 6 11 6 0 0 0 0 0 0 0 0 0 0]"
"1769235455966025,CSI_DATA,STATION,00:00:00:00:00:00,0,0,0,0,0,0,0,0,0,0,0,0,0,0,0,0,0,0,0,0,0,128,[84 -64 4 0 0 0 0 0 0 0 0 0 3 -14 4 -14 4 -14 4 -14 4 -14 5 -14 6 -13 6 -13 6 -12 6 -12 6 -13 6 -12 6 -12 6 -11 6 -12 7 -11 7 -10 7 -11 6 -10 7 -10 6 -11 6 -10 6 -10 6 -10 5 -10 5 -11 0 0 5 -10 5 -10 5 -10 5 -10 5 -10 4 -10 4 -11 4 -11 4 -11 4 -11 3 -11 3 -11 3 -11 3 -11 3 -12 3 -12 3 -12 2 -12 3 -12 3 -12 2 -12 2 -12 2 -13 2 -13 2 -13 1 -13 0 0 0 0 0 0 0 0 0 0]"
"1769235455970388,CSI_DATA,STATION,00:00:00:00:00:00,0,0,0,0,0,0,0,0,0,0,0,0,0,0,0,0,0,0,0,0,0,128,[84 -64 4 0 0 0 0 0 0 0 0 0 -13 3 -13 2 -13 1 -13 1 -13 1 -13 1 -13 1 -13 0 -12 -1 -13 -1 -12 -1 -12 -1 -12 -2 -12 -1 -12 -1 -12 -1 -12 -1 -11 -1 -11 -2 -11 -2 -11 -2 -11 -1 -11 -2 -11 -1 -10 -1 -11 -1 0 0 -10 0 -10 0 -10 0 -11 0 -10 0 -10 0 -10 0 -10 1 -10 1 -10 1 -11 1 -11 1 -11 1 -11 2 -11 2 -11 3 -10 2 -11 2 -11 3 -11 3 -11 3 -11 3 -11 3 -11 4 -11 4 -11 4 0 0 0 0 0 0 0 0 0 0]"
"1769235455974726,CSI_DATA,STATION,00:00:00:00:00:00,0,0,0,0,0,0,0,0,0,0,0,0,0,0,0,0,0,0,0,0,0,128,[84 -64 4 0 0 0 0 0 0 0 0 0 6 -12 7 -12 7 -12 7 -12 8 -11 8 -11 8 -11 8 -11 8 -10 9 -10 8 -10 9 -10 9 -9 9 -9 9 -8 9 -9 9 -8 9 -9 8 -8 9 -8 8 -8 7 -8 8 -8 8 -8 7 -8 7 -8 0 0 7 -8 7 -8 6 -8 6 -9 6 -9 6 -9 5 -9 6 -9 6 -9 6 -9 6 -9 5 -10 5 -9 5 -10 5 -10 5 -10 5 -10 5 -11 5 -11 5 -11 4 -11 4 -11 4 -11 4 -12 4 -12 4 -12 0 0 0 0 0 0 0 0 0 0]"
"1769235455981215,CSI_DATA,STATION,00:00:00:00:00:00,0,0,0,0,0,0,0,0,0,0,0,0,0,0,0,0,0,0,0,0,0,128,[84 -64 4 0 0 0 0 0 0 0 0 0 -9 9 -9 9 -10 9 -10 8 -10 7 -11 8 -11 7 -11 7 -11 6 -11 6 -11 6 -11 6 -11 6 -11 6 -11 5 -11 5 -11 5 -11 5 -11 5 -11 4 -10 4 -11 4 -10 5 -9 6 -9 5 -10 5 0 0 -9 5 -9 5 -9 5 -9 5 -9 6 -9 5 -8 6 -9 6 -8 6 -8 7 -8 7 -8 7 -8 7 -8 7 -8 7 -8 8 -7 8 -8 8 -7 8 -8 8 -8 8 -7 8 -7 9 -7 9 -7 9 -8 9 0 0 0 0 0 0 0 0 0 0]"
"1769235455985548,CSI_DATA,STATION,00:00:00:00:00:00,0,0,0,0,0,0,0,0,0,0,0,0,0,0,0,0,0,0,0,0,0,128,[84 -64 4 0 0 0 0 0 0 0 0 0 11 -8 12 -7 12 -6 12 -6 12 -6 13 -6 13 -5 13 -5 13 -4 13 -4 12 -4 12 -4 12 -3 12 -3 12 -3 12 -3 12 -3 11 -2 11 -2 12 -3 11 -2 11 -3 11 -2 11 -3 10 -3 11 -3 0 0 10 -4 10 -3 10 -4 11 -4 10 -4 10 -4 10 -4 10 -4 10 -4 9 -5 10 -5 10 -5 10 -5 10 -5 10 -6 10 -6 10 -6 10 -7 10 -7 10 -7 10 -7 10 -7 10 -7 10 -8 10 -8 10 -8 0 0 0 0 0 0 0 0 0 0]"
"1769235455992007,CSI_DATA,STATION,00:00:00:00:00:00,0,0,0,0,0,0,0,0,0,0,0,0,0,0,0,0,0,0,0,0,0,128,[84 -64 4 0 0 0 0 0 0 0 0 0 14 4 14 5 14 5 13 5 14 6 13 6 13 6 13 6 12 6 12 8 11 8 11 8 11 8 10 8 11 8 10 7 10 8 11 8 10 8 10 8 10 8 10 7 9 7 9 8 9 7 10 7 0 0 9 6 9 6 9 6 10 6 10 6 10 5 10 5 10 5 10 5 10 4 10 5 11 5 11 5 11 4 11 4 11 4 12 4 12 3 12 3 12 3 12 3 12 3 13 4 12 4 13 4 13 3 0 0 0 0 0 0 0 0 0 0]"
"1769235455996365,CSI_DATA,STATION,00:00:00:00:00:00,0,0,0,0,0,0,0,0,0,0,0,0,0,0,0,0,0,0,0,0,0,128,[84 -64 4 0 0 0 0 0 0 0 0 0 12 -6 12 -6 11 -5 12 -5 12 -4 13 -4 12 -3 13 -3 12 -2 13 -2 12 -2 12 -2 12 -2 12 -2 12 -1 11 -2 11 -1 11 -1 11 -1 11 -2 10 -2 11 -1 10 -2 10 -2 10 -2 10 -2 0 0 10 -2 10 -2 9 -2 10 -3 9 -3 10 -3 9 -3 9 -3 9 -4 9 -4 9 -4 10 -4 10 -4 9 -5 10 -5 10 -5 9 -5 10 -5 10 -6 9 -6 10 -6 10 -6 10 -6 9 -6 10 -7 10 -7 0 0 0 0 0 0 0 0 0 0]"
"1769235456000668,CSI_DATA,STATION,00:00:00:00:00:00,0,0,0,0,0,0,0,0,0,0,0,0,0,0,0,0,0,0,0,0,0,128,[84 -64 4 0 0 0 0 0 0 0 0 0 6 11 5 12 4 11 5 12 4 12 4 12 3 12 3 12 3 12 2 12 3 11 2 11 2 11 2 11 2 12 2 11 2 11 1 10 1 10 2 11 2 10 2 10 2 10 2 10 2 10 2 10 0 0 2 9 2 9 3 9 3 9 3 9 3 9 4 9 4 9 4 8 4 8 4 8 5 8 5 8 5 9 5 8 6 8 6 8 6 8 6 8 6 8 7 8 7 8 6 8 7 8 8 8 7 8 0 0 0 0 0 0 0 0 0 0]"
"1769235456007231,CSI_DATA,STATION,00:00:00:00:00:00,0,0,0,0,0,0,0,0,0,0,0,0,0,0,0,0,0,0,0,0,0,128,[84 -64 4 0 0 0 0 0 0 0 0 0 2 -15 2 -15 3 -14 3 -14 4 -14 5 -14 5 -14 5 -14 5 -13 5 -13 6 -13 6 -13 6 -12 6 -12 6 -12 6 -12 7 -12 6 -12 6 -11 6 -11 6 -11 5 -10 6 -11 6 -11 5 -11 5 -11 0 0 5 -11 4 -10 4 -11 4 -11 4 -11 3 -11 3 -11 3 -11 3 -11 3 -11 3 -11 2 -11 2 -11 2 -12 2 -12 2 -12 2 -12 1 -12 1 -12 2 -12 1 -13 1 -13 1 -13 1 -13 1 -13 0 -13 0 0 0 0 0 0 0 0 0 0]"
"1769235456011599,CSI_DATA,STATION,00:00:00:00:00:00,0,0,0,0,0,0,0,0,0,0,0,0,0,0,0,0,0,0,0,0,0,128,[84 -64 4 0 0 0 0 0 0 0 0 0 -4 14 -5 14 -6 13 -6 13 -6 13 -6 13 -7 13 -7 13 -7 12 -8 12 -7 12 -7 11 -8 11 -7 11 -7 11 -8 10 -8 10 -8 10 -8 10 -7 9 -7 10 -7 10 -7 9 -7 10 -6 9 -6 10 0 0 -6 10 -5 10 -5 10 -5 10 -5 10 -5 10 -4 10 -4 10 -4 10 -4 10 -4 11 -3 11 -3 11 -2 11 -3 11 -3 11 -2 11 -3 11 -2 11 -2 11 -2 12 -1 12 -2 12 -1 12 -2 12 -1 12 0 0 0 0 0 0 0 0 0 0]"
"1769235456015931,CSI_DATA,STATION,00:00:00:00:00:00,0,0,0,0,0,0,0,0,0,0,0,0,0,0,0,0,0,0,0,0,0,128,[84 -64 4 0 0 0 0 0 0 0 0 0 9 -12 10 -11 11 -11 11 -11 11 -10 11 -10 11 -9 11 -9 12 -8 12 -8 12 -9 12 -8 12 -7 11 -8 12 -7 12 -7 11 -6 11 -7 11 -6 11 -6 10 -6 11 -6 11 -7 10 -7 10 -7 9 -7 0 0 10 -7 9 -6 9 -7 9 -7 8 -7 8 -7 8 -8 8 -8 8 -8 8 -9 8 -8 8 -9 8 -9 8 -9 8 -9 8 -9 7 -10 8 -10 8 -10 7 -10 7 -10 7 -10 7 -11 7 -11 7 -11 7 -12 0 0 0 0 0 0 0 0 0 0]"
"1769235456022457,CSI_DATA,STATION,00:00:00:00:00:00,0,0,0,0,0,0,0,0,0,0,0,0,0,0,0,0,0,0,0,0,0,128,[84 -64 4 0 0 0 0 0 0 0 0 0 12 -7 12 -7 12 -7 12 -6 12 -5 13 -5 12 -5 13 -5 12 -4 13 -3 12 -3 12 -4 12 -3 12 -3 12 -3 12 -3 11 -3 11 -3 11 -2 11 -2 11 -2 11 -3 11 -3 11 -3 10 -3 10 -3 0 0 10 -4 9 -4 10 -4 10 -4 9 -4 9 -4 9 -5 9 -5 9 -5 9 -5 9 -6 9 -6 9 -6 9 -6 9 -7 9 -7 8 -7 9 -8 9 -8 9 -8 9 -7 8 -7 8 -8 8 -8 9 -8 8 -8 0 0 0 0 0 0 0 0 0 0]"
"1769235456026802,CSI_DATA,STATION,00:00:00:00:00:00,0,0,0,0,0,0,0,0,0,0,0,0,0,0,0,0,0,0,0,0,0,128,[84 -64 4 0 0 0 0 0 0 0 0 0 -1 16 -3 16 -3 16 -3 15 -4 15 -5 15 -5 15 -6 14 -5 14 -6 14 -6 15 -6 14 -6 13 -6 13 -6 13 -6 13 -6 13 -7 12 -6 12 -6 12 -6 12 -6 11 -5 12 -6 12 -5 11 -5 12 0 0 -5 11 -4 11 -3 11 -3 12 -4 11 -3 11 -3 11 -3 11 -2 11 -2 12 -2 12 -1 12 -1 12 -1 12 -1 12 0 12 0 12 0 12 0 13 0 12 0 13 0 12 1 13 1 12 1 13 1 13 0 0 0 0 0 0 0 0 0 0]"
"1769235456033335,CSI_DATA,STATION,00:00:00:00:00:00,0,0,0,0,0,0,0,0,0,0,0,0,0,0,0,0,0,0,0,0,0,128,[84 -64 4 0 0 0 0 0 0 0 0 0 -15 -3 -15 -3 -15 -4 -15 -4 -14 -5 -15 -5 -14 -5 -14 -6 -14 -6 -14 -7 -14 -6 -13 -6 -13 -7 -13 -7 -12 -7 -12 -6 -12 -7 -11 -6 -13 -7 -12 -6 -12 -7 -11 -6 -12 -6 -12 -6 -11 -5 -11 -5 0 0 -11 -4 -11 -4 -11 -4 -11 -4 -12 -4 -11 -3 -11 -3 -12 -3 -11 -2 -12 -2 -12 -2 -12 -1 -12 -2 -12 -2 -12 -1 -12 -1 -12 -1 -13 -1 -12 0 -13 0 -13 0 -13 0 -13 0 -13 1 -13 1 -13 1 0 0 0 0 0 0 0 0 0 0]"
"1769235456037677,CSI_DATA,STATION,00:00:00:00:00:00,0,0,0,0,0,0,0,0,0,0,0,0,0,0,0,0,0,0,0,0,0,128,[84 -64 4 0 0 0 0 0 0 0 0 0 -15 -5 -15 -6 -15 -6 -14 -6 -14 -7 -14 -7 -14 -8 -13 -8 -13 -8 -13 -8 -13 -8 -12 -8 -12 -9 -12 -8 -11 -9 -12 -8 -12 -9 -12 -8 -11 -8 -11 -9 -11 -8 -10 -8 -11 -8 -10 -8 -10 -7 -10 -7 0 0 -10 -7 -10 -7 -10 -6 -10 -6 -11 -7 -10 -6 -11 -6 -11 -6 -11 -5 -11 -5 -11 -5 -11 -5 -11 -5 -12 -5 -12 -5 -12 -4 -12 -5 -12 -5 -12 -4 -12 -4 -13 -4 -13 -4 -13 -4 -13 -3 -13 -3 -13 -3 0 0 0 0 0 0 0 0 0 0]"
"1769235456041998,CSI_DATA,STATION,00:00:00:00:00:00,0,0,0,0,0,0,0,0,0,0,0,0,0,0,0,0,0,0,0,0,0,128,[84 -64 4 0 0 0 0 0 0 0 0 0 4 -15 4 -15 5 -15 5 -15 6 -15 6 -14 6 -14 7 -14 7 -13 7 -13 8 -13 7 -13 8 -12 8 -12 8 -12 8 -12 8 -12 8 -11 8 -11 8 -11 8 -11 7 -11 8 -11 7 -11 7 -10 7 -11 0 0 6 -11 6 -10 6 -10 6 -11 6 -11 5 -10 5 -11 5 -11 5 -11 4 -12 5 -11 4 -11 4 -11 4 -11 4 -12 4 -12 4 -12 3 -12 3 -13 3 -13 3 -13 3 -12 3 -13 3 -13 3 -13 2 -14 0 0 0 0 0 0 0 0 0 0]"
"1769235456048527,CSI_DATA,STATION,00:00:00:00:00:00,0,0,0,0,0,0,0,0,0,0,0,0,0,0,0,0,0,0,0,0,0,128,[84 -64 4 0 0 0 0 0 0 0 0 0 7 -12 8 -12 9 -12 8 -11 9 -11 9 -11 9 -10 10 -10 10 -10 10 -9 10 -9 10 -9 10 -8 10 -9 10 -8 10 -8 9 -8 9 -9 9 -7 9 -7 9 -7 9 -8 9 -8 9 -8 8 -7 8 -8 0 0 8 -8 7 -8 7 -8 7 -8 7 -8 7 -8 7 -8 6 -9 6 -9 6 -9 6 -9 6 -9 5 -9 6 -10 5 -10 5 -10 5 -10 5 -11 5 -11 5 -11 5 -11 5 -11 5 -11 4 -11 4 -12 4 -12 0 0 0 0 0 0 0 0 0 0]"
"1769235456052858,CSI_DATA,STATION,00:00:00:00:00:00,0,0,0,0,0,0,0,0,0,0,0,0,0,0,0,0,0,0,0,0,0,128,[84 -64 4 0 0 0 0 0 0 0 0 0 -6 -13 -5 -13 -5 -14 -4 -13 -4 -14 -4 -14 -3 -14 -2 -14 -2 -14 -2 -14 -2 -14 -1 -14 -1 -13 -1 -14 -1 -14 -1 -13 -1 -13 0 -13 -1 -13 -1 -13 -1 -12 -1 -12 -1 -12 -1 -12 -1 -12 -1 -12 0 0 -1 -11 -2 -12 -2 -11 -2 -11 -2 -11 -3 -11 -3 -11 -3 -11 -3 -11 -4 -11 -4 -11 -3 -11 -4 -11 -4 -11 -5 -11 -5 -10 -5 -11 -5 -11 -5 -11 -5 -11 -5 -11 -6 -11 -6 -12 -6 -11 -6 -11 -6 -11 0 0 0 0 0 0 0 0 0 0]"
"1769235456057198,CSI_DATA,STATION,00:00:00:00:00:00,0,0,0,0,0,0,0,0,0,0,0,0,0,0,0,0,0,0,0,0,0,128,[84 -64 4 0 0 0 0 0 0 0 0 0 -7 12 -7 12 -8 12 -8 11 -8 11 -9 11 -9 11 -9 10 -9 10 -10 9 -10 9 -10 9 -10 9 -10 8 -10 8 -9 8 -10 9 -10 8 -10 7 -10 7 -9 7 -9 8 -9 8 -9 8 -9 7 -8 7 0 0 -8 7 -7 7 -7 8 -8 8 -8 8 -7 8 -7 8 -7 8 -7 8 -7 9 -6 9 -7 9 -6 9 -6 9 -6 9 -6 9 -6 10 -6 10 -6 10 -5 10 -6 10 -5 10 -5 10 -5 11 -5 11 -5 11 0 0 0 0 0 0 0 0 0 0]"
"1769235456063680,CSI_DATA,STATION,00:00:00:00:00:00,0,0,0,0,0,0,0,0,0,0,0,0,0,0,0,0,0,0,0,0,0,128,[84 -64 4 0 0 0 0 0 0 0 0 0 2 15 1 14 1 15 1 15 0 15 -1 15 -1 15 -2 15 -2 15 -2 15 -2 14 -3 14 -3 14 -3 14 -2 13 -3 13 -3 13 -4 13 -3 13 -3 12 -3 12 -3 12 -3 12 -3 12 -2 12 -2 12 0 0 -2 12 -1 12 -1 11 -1 12 -1 11 -1 11 -1 11 0 12 0 12 0 11 0 11 0 12 1 12 1 12 1 12 1 12 2 12 1 12 2 12 2 12 2 12 2 12 3 13 3 12 3 13 2 13 0 0 0 0 0 0 0 0 0 0]"
"1769235456068019,CSI_DATA,STATION,00:00:00:00:00:00,0,0,0,0,0,0,0,0,0,0,0,0,0,0,0,0,0,0,0,0,0,128,[84 -64 4 0 0 0 0 0 0 0 0 0 13 0 13 1 13 1 13 2 13 2 13 2 13 3 13 3 13 4 13 4 12 3 12 4 12 4 12 4 11 5 11 4 11 5 11 5 10 4 11 4 11 5 10 4 11 4 10 4 10 4 10 3 0 0 10 3 10 3 10 3 10 3 10 3 10 2 10 2 10 2 10 2 10 1 10 1 10 1 11 1 11 1 11 1 11 0 11 0 11 0 11 0 11 0 12 -1 11 0 12 0 11 -1 12 -1 12 -1 0 0 0 0 0 0 0 0 0 0]"
"1769235456074492,CSI_DATA,STATION,00:00:00:00:00:00,0,0,0,0,0,0,0,0,0,0,0,0,0,0,0,0,0,0,0,0,0,128,[84 -64 4 0 0 0 0 0 0 0 0 0 13 -3 13 -3 13 -2 13 -2 13 -1 13 -1 13 -1 13 0 13 0 13 1 12 1 12 1 13 2 12 1 12 1 12 1 11 2 12 2 12 2 12 2 11 2 11 1 11 2 11 2 11 1 11 1 0 0 10 1 10 0 10 0 11 0 11 1 11 0 11 0 10 -1 10 -1 10 -1 10 -1 11 -1 11 -1 11 -1 11 -2 11 -2 11 -2 12 -3 11 -3 11 -3 11 -3 11 -3 12 -3 12 -3 12 -3 11 -4 0 0 0 0 0 0 0 0 0 0]"
"1769235456085166,CSI_DATA,STATION,00:00:00:00:00:00,0,0,0,0,0,0,0,0,0,0,0,0,0,0,0,0,0,0,0,0,0,128,[84 -64 4 0 0 0 0 0 0 0 0 0 8 8 8 9 7 9 7 10 6 10 6 10 6 10 5 10 5 10 5 10 5 10 4 10 4 10 4 10 4 10 4 10 4 10 3 10 4 10 3 10 3 9 4 9 4 9 4 9 4 9 4 9 0 0 4 9 4 8 4 9 4 8 4 9 5 8 4 8 5 8 5 8 5 8 5 8 6 8 6 9 6 8 6 8 6 8 6 7 7 8 7 8 7 8 7 8 7 8 7 8 7 8 7 8 7 8 0 0 0 0 0 0 0 0 0 0]"
"1769235456091615,CSI_DATA,STATION,00:00:00:00:00:00,0,0,0,0,0,0,0,0,0,0,0,0,0,0,0,0,0,0,0,0,0,128,[84 -64 4 0 0 0 0 0 0 0 0 0 -11 8 -12 7 -12 7 -12 7 -11 6 -13 6 -12 6 -13 6 -13 5 -13 5 -13 5 -12 4 -12 4 -13 4 -13 4 -12 4 -12 4 -11 3 -12 3 -12 3 -12 3 -12 4 -11 4 -11 4 -11 4 -11 4 0 0 -11 4 -10 4 -10 5 -10 4 -10 5 -10 5 -10 5 -10 5 -10 6 -10 6 -10 6 -10 6 -10 6 -10 7 -10 7 -10 8 -9 7 -10 8 -10 8 -10 8 -10 8 -9 9 -10 8 -9 9 -10 9 -10 9 0 0 0 0 0 0 0 0 0 0]"
"1769235456098059,CSI_DATA,STATION,00:00:00:00:00:00,0,0,0,0,0,0,0,0,0,0,0,0,0,0,0,0,0,0,0,0,0,128,[84 -64 4 0 0 0 0 0 0 0 0 0 3 11 3 11 2 11 2 11 1 12 1 12 1 11 0 12 0 11 0 12 0 11 0 11 -1 11 0 11 -1 11 0 11 -1 10 -1 10 -1 11 -1 10 -1 10 -1 10 -1 10 0 10 0 10 0 10 0 0 0 10 1 10 0 10 0 10 1 10 1 10 1 10 1 10 1 9 1 10 2 9 2 10 2 10 2 10 2 10 3 10 3 10 3 10 3 10 3 10 3 10 4 10 4 11 4 10 4 10 4 11 0 0 0 0 0 0 0 0 0 0]"
"1769235456102362,CSI_DATA,STATION,00:00:00:00:00:00,0,0,0,0,0,0,0,0,0,0,0,0,0,0,0,0,0,0,0,0,0,128,[84 -64 4 0 0 0 0 0 0 0 0 0 12 -3 13 -3 13 -2 13 -2 13 -1 14 -1 13 -1 13 0 13 0 13 0 13 0 13 0 12 1 12 1 12 1 12 1 12 1 11 1 12 2 12 2 11 2 11 1 11 1 11 1 11 1 11 0 0 0 11 0 11 0 11 0 11 0 11 0 11 0 11 -1 11 -1 11 -1 11 -2 11 -2 11 -2 11 -2 12 -2 11 -2 12 -2 11 -3 12 -4 12 -3 11 -3 12 -4 12 -3 12 -4 12 -4 12 -4 12 -4 0 0 0 0 0 0 0 0 0 0]"
"1769235456108929,CSI_DATA,STATION,00:00:00:00:00:00,0,0,0,0,0,0,0,0,0,0,0,0,0,0,0,0,0,0,0,0,0,128,[84 -64 4 0 0 0 0 0 0 0 0 0 12 -5 12 -5 12 -4 13 -4 13 -3 13 -3 13 -3 13 -2 13 -2 13 -2 13 -1 12 -1 12 -1 12 -1 12 -1 12 -1 12 0 12 0 12 0 11 -1 12 0 12 0 11 -1 11 -1 11 -1 11 -1 0 0 10 -1 11 -1 10 -1 11 -2 10 -2 11 -2 11 -2 11 -3 11 -3 11 -3 10 -3 10 -3 11 -3 11 -3 11 -4 11 -4 11 -4 11 -5 11 -5 11 -5 11 -5 11 -5 11 -5 11 -6 11 -5 11 -6 0 0 0 0 0 0 0 0 0 0]"
"1769235456113190,CSI_DATA,STATION,00:00:00:00:00:00,0,0,0,0,0,0,0,0,0,0,0,0,0,0,0,0,0,0,0,0,0,128,[84 -64 4 0 0 0 0 0 0 0 0 0 11 -8 11 -8 11 -7 11 -7 11 -6 12 -6 12 -6 12 -6 12 -5 12 -5 12 -5 12 -5 12 -4 12 -4 12 -4 12 -4 12 -4 11 -3 11 -3 11 -3 11 -3 11 -3 11 -3 11 -3 10 -3 11 -4 0 0 10 -4 10 -3 10 -4 10 -4 10 -4 10 -5 10 -4 10 -5 10 -5 10 -6 9 -5 9 -6 10 -6 10 -6 10 -6 10 -6 9 -7 9 -7 10 -7 10 -7 10 -7 10 -7 10 -7 9 -7 10 -8 10 -8 0 0 0 0 0 0 0 0 0 0]"
"1769235456119574,CSI_DATA,STATION,00:00:00:00:00:00,0,0,0,0,0,0,0,0,0,0,0,0,0,0,0,0,0,0,0,0,0,128,[84 -64 4 0 0 0 0 0 0 0 0 0 -8 -12 -7 -12 -7 -13 -7 -12 -6 -12 -6 -13 -5 -13 -5 -13 -4 -13 -4 -13 -4 -13 -4 -12 -4 -13 -4 -13 -3 -13 -3 -13 -3 -12 -3 -12 -3 -12 -3 -12 -3 -12 -3 -12 -3 -12 -3 -12 -3 -12 -3 -11 0 0 -4 -11 -3 -11 -4 -11 -4 -11 -4 -11 -4 -11 -5 -10 -4 -10 -5 -10 -5 -10 -5 -10 -5 -10 -5 -11 -5 -11 -5 -11 -6 -10 -6 -10 -7 -11 -7 -11 -7 -11 -7 -11 -7 -10 -7 -11 -7 -11 -7 -11 -7 -11 0 0 0 0 0 0 0 0 0 0]"
"1769235456123928,CSI_DATA,STATION,00:00:00:00:00:00,0,0,0,0,0,0,0,0,0,0,0,0,0,0,0,0,0,0,0,0,0,128,[84 -64 4 0 0 0 0 0 0 0 0 0 -15 -1 -15 0 -15 -2 -15 -2 -15 -2 -15 -2 -15 -2 -15 -2 -15 -3 -15 -4 -14 -5 -14 -4 -13 -5 -13 -4 -13 -5 -13 -4 -13 -4 -13 -5 -13 -5 -12 -5 -12 -5 -13 -4 -12 -4 -12 -4 -12 -4 -12 -3 0 0 -12 -3 -12 -3 -12 -3 -12 -2 -12 -2 -12 -2 -12 -2 -13 -2 -12 -1 -13 -1 -13 -1 -12 -1 -12 -1 -13 -1 -13 0 -13 0 -13 -1 -13 0 -14 1 -13 0 -14 1 -14 1 -14 1 -13 1 -14 1 -14 1 0 0 0 0 0 0 0 0 0 0]"
"1769235456128319,CSI_DATA,STATION,00:00:00:00:00:00,0,0,0,0,0,0,0,0,0,0,0,0,0,0,0,0,0,0,0,0,0,128,[84 -64 4 0 0 0 0 0 0 0 0 0 1 -15 1 -14 2 -14 2 -14 3 -14 3 -14 4 -14 4 -14 4 -14 4 -14 4 -13 4 -13 5 -13 5 -13 5 -12 5 -12 5 -12 5 -13 5 -11 5 -12 4 -12 4 -12 5 -12 5 -12 4 -11 3 -11 0 0 3 -11 3 -11 3 -11 3 -12 3 -11 2 -11 2 -11 2 -12 2 -12 2 -12 2 -12 2 -12 1 -12 1 -12 1 -13 1 -12 1 -13 1 -13 1 -13 0 -13 0 -13 0 -13 0 -14 -1 -13 -1 -14 -1 -14 0 0 0 0 0 0 0 0 0 0]"
"1769235456134790,CSI_DATA,STATION,00:00:00:00:00:00,0,0,0,0,0,0,0,0,0,0,0,0,0,0,0,0,0,0,0,0,0,128,[84 -64 4 0 0 0 0 0 0 0 0 0 0 -15 0 -14 1 -14 0 -14 1 -14 2 -14 2 -14 3 -14 3 -14 3 -13 3 -14 4 -13 4 -13 4 -13 4 -13 3 -12 4 -12 4 -12 4 -12 4 -12 4 -12 3 -12 4 -12 4 -11 3 -11 3 -12 0 0 3 -12 2 -11 2 -11 2 -11 2 -12 2 -11 1 -11 2 -12 2 -12 1 -12 1 -12 1 -12 0 -12 0 -12 0 -13 0 -12 0 -12 0 -13 0 -13 0 -13 -1 -13 -1 -13 -1 -13 -1 -13 -1 -13 -1 -14 0 0 0 0 0 0 0 0 0 0]"
"1769235456139162,CSI_DATA,STATION,00:00:00:00:00:00,0,0,0,0,0,0,0,0,0,0,0,0,0,0,0,0,0,0,0,0,0,128,[84 -64 4 0 0 0 0 0 0 0 0 0 -14 3 -14 2 -14 1 -14 1 -14 1 -14 1 -14 1 -14 0 -14 -1 -14 -1 -14 -1 -14 -1 -13 -2 -13 -2 -13 -2 -13 -1 -13 -1 -13 -2 -13 -2 -13 -2 -12 -2 -12 -2 -12 -2 -12 -2 -12 -1 -12 -1 0 0 -12 -1 -11 -1 -12 0 -12 0 -12 -1 -12 0 -12 0 -12 0 -11 1 -11 1 -12 1 -12 1 -12 1 -12 2 -12 2 -12 2 -12 2 -13 2 -12 3 -13 3 -13 3 -13 3 -12 3 -13 3 -13 4 -13 3 0 0 0 0 0 0 0 0 0 0]"
"1769235456143496,CSI_DATA,STATION,00:00:00:00:00:00,0,0,0,0,0,0,0,0,0,0,0,0,0,0,0,0,0,0,0,0,0,128,[84 -64 4 0 0 0 0 0 0 0 0 0 4 11 4 11 4 11 3 11 3 11 3 11 2 11 2 12 2 12 1 12 1 11 1 11 1 11 1 11 1 11 1 11 0 10 0 10 0 10 1 11 0 10 1 10 0 10 1 10 1 10 1 10 0 0 1 9 2 10 2 9 1 9 2 9 2 9 2 9 3 9 3 9 3 9 3 9 3 9 4 9 4 9 4 9 4 9 4 9 5 9 5 9 5 9 5 9 5 9 5 10 6 9 6 9 5 9 0 0 0 0 0 0 0 0 0 0]"
"1769235456150004,CSI_DATA,STATION,00:00:00:00:00:00,0,0,0,0,0,0,0,0,0,0,0,0,0,0,0,0,0,0,0,0,0,128,[84 -64 4 0 0 0 0 0 0 0 0 0 6 10 6 10 5 10 5 11 4 10 5 11 4 11 4 11 3 11 3 11 3 11 3 11 3 11 3 11 3 11 2 10 2 11 2 10 2 10 2 10 2 10 2 10 2 10 3 10 2 10 2 9 0 0 3 9 2 9 3 9 3 9 3 9 3 9 4 9 4 9 3 8 4 8 4 8 5 9 4 9 5 9 5 8 5 9 5 8 6 9 6 8 5 8 6 9 6 9 6 9 7 8 6 8 7 8 0 0 0 0 0 0 0 0 0 0]"
"1769235456154380,CSI_DATA,STATION,00:00:00:00:00:00,0,0,0,0,0,0,0,0,0,0,0,0,0,0,0,0,0,0,0,0,0,128,[84 -64 4 0 0 0 0 0 0 0 0 0 -4 -16 -4 -16 -3 -16 -3 -16 -3 -16 -2 -17 -1 -16 -1 -17 -1 -16 0 -16 0 -16 0 -16 1 -15 1 -15 1 -15 1 -15 1 -15 2 -14 1 -14 1 -14 1 -14 1 -14 1 -13 1 -14 0 -14 1 -14 0 0 0 -13 -1 -13 -1 -13 0 -13 -1 -13 -1 -13 -1 -14 -1 -13 -1 -13 -2 -13 -2 -13 -2 -13 -2 -13 -2 -13 -3 -14 -3 -14 -3 -14 -4 -14 -4 -14 -4 -14 -4 -14 -4 -13 -5 -14 -5 -14 -5 -14 -4 -14 0 0 0 0 0 0 0 0 0 0]"
"1769235456160869,CSI_DATA,STATION,00:00:00:00:00:00,0,0,0,0,0,0,0,0,0,0,0,0,0,0,0,0,0,0,0,0,0,128,[84 -64 4 0 0 0 0 0 0 0 0 0 0 14 0 14 -1 14 -1 14 -1 13 -2 14 -3 14 -3 13 -3 13 -3 13 -3 13 -3 12 -4 12 -4 13 -4 13 -4 12 -5 12 -4 12 -5 11 -4 11 -4 11 -4 11 -4 11 -4 11 -3 11 -3 11 0 0 -3 11 -3 10 -3 11 -3 11 -3 11 -2 11 -2 11 -2 11 -2 11 -2 11 -2 11 -1 11 -1 11 -1 11 -1 11 -1 11 -1 11 0 11 0 12 -1 11 0 12 0 12 0 12 0 12 0 12 0 12 0 0 0 0 0 0 0 0 0 0]"
"1769235456165214,CSI_DATA,STATION,00:00:00:00:00:00,0,0,0,0,0,0,0,0,0,0,0,0,0,0,0,0,0,0,0,0,0,128,[84 -64 4 0 0 0 0 0 0 0 0 0 4 13 3 13 3 14 2 14 2 14 2 14 1 13 1 13 0 14 0 14 0 13 0 13 0 13 0 13 -1 14 -1 13 -1 12 -1 12 -1 12 -1 12 -1 11 0 12 0 12 0 11 -1 11 0 11 0 0 0 11 0 11 1 11 0 11 1 11 1 11 1 11 1 11 2 11 2 10 2 10 2 11 3 11 3 11 3 11 3 11 4 11 4 11 4 11 4 11 4 11 4 11 5 12 5 11 5 11 5 11 0 0 0 0 0 0 0 0 0 0]"
"1769235456169547,CSI_DATA,STATION,00:00:00:00:00:00,0,0,0,0,0,0,0,0,0,0,0,0,0,0,0,0,0,0,0,0,0,128,[84 -64 4 0 0 0 0 0 0 0 0 0 -10 9 -10 9 -10 8 -10 9 -11 7 -11 8 -11 7 -11 6 -11 6 -12 6 -12 6 -11 6 -11 5 -11 5 -12 5 -11 5 -11 5 -11 5 -11 5 -11 4 -11 4 -11 4 -10 5 -10 5 -10 4 -10 5 0 0 -10 5 -9 4 -9 5 -9 5 -9 6 -9 5 -9 5 -9 6 -9 6 -9 6 -9 6 -8 7 -9 6 -8 7 -8 6 -9 7 -8 7 -8 7 -8 8 -8 8 -8 8 -8 8 -8 8 -7 8 -8 8 -8 9 0 0 0 0 0 0 0 0 0 0]"
"1769235456176020,CSI_DATA,STATION,00:00:00:00:00:00,0,0,0,0,0,0,0,0,0,0,0,0,0,0,0,0,0,0,0,0,0,128,[84 -64 4 0 0 0 0 0 0 0 0 0 1 14 0 14 -1 15 -1 14 -1 14 -2 14 -2 14 -3 14 -3 13 -3 14 -3 13 -3 13 -4 13 -3 13 -4 13 -4 13 -4 13 -4 12 -4 12 -4 12 -4 12 -3 12 -3 12 -3 12 -2 11 -3 12 0 0 -2 11 -2 11 -2 11 -2 11 -2 11 -1 11 -1 11 -1 11 -1 11 -1 11 0 11 0 11 0 12 1 12 1 12 1 12 1 11 1 12 1 12 1 12 2 12 2 12 2 12 3 12 3 12 2 13 0 0 0 0 0 0 0 0 0 0]"
"1769235456180364,CSI_DATA,STATION,00:00:00:00:00:00,0,0,0,0,0,0,0,0,0,0,0,0,0,0,0,0,0,0,0,0,0,128,[84 -64 4 0 0 0 0 0 0 0 0 0 -2 14 -3 15 -3 14 -3 15 -4 13 -5 14 -5 14 -5 14 -6 13 -6 13 -6 13 -5 13 -6 13 -6 12 -6 12 -6 12 -7 12 -6 11 -7 12 -7 11 -7 11 -7 11 -7 11 -6 11 -5 11 -6 11 0 0 -6 10 -5 10 -4 11 -5 10 -5 11 -5 11 -4 11 -4 11 -4 10 -4 11 -3 11 -4 11 -3 12 -3 12 -3 12 -3 12 -3 11 -3 12 -3 12 -3 12 -2 13 -2 12 -2 12 -1 13 -2 13 -1 13 0 0 0 0 0 0 0 0 0 0]"
"1769235456184698,CSI_DATA,STATION,00:00:00:00:00:00,0,0,0,0,0,0,0,0,0,0,0,0,0,0,0,0,0,0,0,0,0,128,[84 -64 4 0 0 0 0 0 0 0 0 0 7 -11 8 -12 8 -11 8 -11 8 -11 9 -10 9 -10 10 -10 10 -9 10 -9 10 -9 10 -9 10 -9 10 -8 10 -8 10 -8 10 -8 10 -8 9 -8 9 -7 9 -7 9 -7 9 -7 9 -7 9 -7 9 -7 0 0 8 -8 8 -7 8 -8 7 -8 8 -8 7 -8 7 -8 7 -9 7 -8 7 -9 7 -9 7 -9 6 -9 6 -9 6 -10 6 -10 6 -10 6 -10 6 -10 6 -10 6 -11 6 -10 6 -11 5 -11 6 -11 5 -11 0 0 0 0 0 0 0 0 0 0]"
"1769235456191177,CSI_DATA,STATION,00:00:00:00:00:00,0,0,0,0,0,0,0,0,0,0,0,0,0,0,0,0,0,0,0,0,0,128,[84 -64 4 0 0 0 0 0 0 0 0 0 5 13 5 14 4 14 4 14 3 14 3 15 3 14 2 15 2 14 1 15 2 14 1 14 1 14 1 14 0 15 0 14 0 14 0 13 0 13 0 13 0 13 1 13 0 12 1 12 1 12 1 12 0 0 1 12 1 12 2 12 1 12 2 12 2 12 3 11 3 12 3 12 3 11 4 11 3 12 4 11 5 11 4 11 4 12 5 11 6 11 5 11 5 11 6 11 6 12 6 11 7 11 7 11 7 12 0 0 0 0 0 0 0 0 0 0]"
"1769235456195489,CSI_DATA,STATION,00:00:00:00:00:00,0,0,0,0,0,0,0,0,0,0,0,0,0,0,0,0,0,0,0,0,0,128,[84 -64 4 0 0 0 0 0 0 0 0 0 8 9 8 9 7 9 7 10 7 10 6 10 6 10 6 10 5 10 5 11 5 10 5 10 4 10 5 10 5 11 4 10 4 10 4 10 4 10 4 10 4 10 4 10 4 9 4 9 4 9 4 9 0 0 4 9 4 9 4 8 4 8 5 8 5 8 5 8 6 8 6 8 6 8 6 7 6 8 6 8 7 7 6 7 7 7 7 7 7 7 7 7 7 7 8 7 7 7 7 7 8 7 8 7 8 7 0 0 0 0 0 0 0 0 0 0]"
"1769235456199813,CSI_DATA,STATION,00:00:00:00:00:00,0,0,0,0,0,0,0,0,0,0,0,0,0,0,0,0,0,0,0,0,0,128,[84 -64 4 0 0 0 0 0 0 0 0 0 -2 -14 -2 -15 -1 -14 -1 -14 0 -15 0 -15 1 -14 1 -15 1 -14 1 -14 2 -14 2 -14 2 -13 2 -14 3 -14 2 -13 3 -13 3 -13 3 -13 3 -13 3 -12 2 -12 3 -12 2 -12 2 -12 2 -12 0 0 2 -12 1 -11 1 -12 1 -12 1 -12 1 -12 0 -12 0 -12 0 -12 -1 -12 -1 -12 -1 -12 -1 -12 -1 -12 -2 -12 -1 -12 -2 -12 -2 -13 -2 -13 -2 -12 -2 -12 -3 -12 -3 -13 -3 -12 -3 -13 -3 -13 0 0 0 0 0 0 0 0 0 0]"
"1769235456206315,CSI_DATA,STATION,00:00:00:00:00:00,0,0,0,0,0,0,0,0,0,0,0,0,0,0,0,0,0,0,0,0,0,128,[84 -64 4 0 0 0 0 0 0 0 0 0 11 -11 12 -11 12 -9 12 -9 13 -9 13 -9 13 -8 13 -8 13 -8 13 -7 13 -7 14 -6 13 -6 13 -6 14 -6 13 -6 14 -6 13 -5 13 -5 13 -5 12 -5 13 -5 12 -5 12 -5 12 -5 12 -5 0 0 12 -6 11 -6 11 -6 11 -6 11 -6 11 -6 10 -6 10 -7 10 -7 10 -7 10 -7 10 -7 10 -7 10 -8 10 -8 10 -8 9 -9 10 -9 9 -9 10 -9 9 -9 9 -9 9 -9 9 -10 9 -10 10 -10 0 0 0 0 0 0 0 0 0 0]"
"1769235456210740,CSI_DATA,STATION,00:00:00:00:00:00,0,0,0,0,0,0,0,0,0,0,0,0,0,0,0,0,0,0,0,0,0,128,[84 -64 4 0 0 0 0 0 0 0 0 0 -9 11 -10 10 -9 10 -11 10 -11 9 -11 9 -11 9 -11 8 -11 8 -12 7 -12 8 -11 7 -12 7 -11 7 -12 6 -11 7 -12 7 -11 6 -11 6 -11 6 -11 6 -11 6 -11 6 -11 6 -10 6 -10 6 0 0 -10 7 -9 6 -9 7 -9 7 -9 7 -9 7 -8 7 -8 7 -8 8 -8 8 -8 8 -8 8 -8 8 -8 9 -7 8 -8 9 -7 9 -7 9 -7 10 -7 9 -7 10 -6 10 -7 10 -6 10 -7 10 -6 10 0 0 0 0 0 0 0 0 0 0]"
"1769235456217297,CSI_DATA,STATION,00:00:00:00:00:00,0,0,0,0,0,0,0,0,0,0,0,0,0,0,0,0,0,0,0,0,0,128,[84 -64 4 0 0 0 0 0 0 0 0 0 2 -14 3 -14 4 -15 3 -14 4 -14 4 -14 5 -13 5 -13 6 -13 6 -13 6 -13 6 -12 6 -12 6 -12 6 -12 6 -12 7 -12 6 -12 6 -11 6 -11 6 -11 6 -10 6 -11 6 -11 5 -11 5 -11 0 0 5 -11 4 -11 4 -10 4 -11 4 -11 3 -10 3 -11 3 -11 4 -11 3 -11 3 -11 3 -11 2 -12 2 -12 2 -12 2 -12 2 -12 2 -12 2 -12 2 -12 1 -12 1 -12 1 -13 1 -12 0 -12 0 -13 0 0 0 0 0 0 0 0 0 0]"
"1769235456221627,CSI_DATA,STATION,00:00:00:00:00:00,0,0,0,0,0,0,0,0,0,0,0,0,0,0,0,0,0,0,0,0,0,128,[84 -64 4 0 0 0 0 0 0 0 0 0 6 12 5 12 5 12 5 12 4 12 4 13 4 13 2 13 3 13 2 14 2 13 2 13 2 12 2 12 1 13 1 12 1 12 1 11 1 12 1 12 1 12 1 11 1 11 1 11 1 12 1 11 0 0 1 11 2 11 2 10 2 10 2 11 2 11 3 10 3 10 3 10 3 10 3 9 4 10 4 10 4 10 4 10 5 10 5 9 5 10 5 10 5 10 5 10 6 10 6 10 6 9 6 10 6 10 0 0 0 0 0 0 0 0 0 0]"
"1769235456225947,CSI_DATA,STATION,00:00:00:00:00:00,0,0,0,0,0,0,0,0,0,0,0,0,0,0,0,0,0,0,0,0,0,128,[84 -64 4 0 0 0 0 0 0 0 0 0 -12 4 -13 3 -12 2 -12 2 -12 2 -13 2 -13 1 -13 1 -13 0 -13 0 -13 0 -12 0 -12 0 -12 -1 -12 -1 -12 0 -12 -1 -11 -1 -12 -1 -12 -1 -11 -1 -11 -1 -11 -1 -11 -1 -11 -1 -11 0 0 0 -11 0 -11 0 -11 0 -10 0 -11 0 -10 0 -11 1 -10 1 -10 1 -11 1 -11 2 -10 1 -11 2 -10 2 -11 2 -11 2 -11 2 -11 3 -10 3 -11 3 -11 3 -11 3 -11 3 -11 4 -11 4 -11 4 0 0 0 0 0 0 0 0 0 0]"
"1769235456232540,CSI_DATA,STATION,00:00:00:00:00:00,0,0,0,0,0,0,0,0,0,0,0,0,0,0,0,0,0,0,0,0,0,128,[84 -64 4 0 0 0 0 0 0 0 0 0 8 -11 9 -10 9 -9 9 -10 10 -9 11 -9 10 -9 11 -9 11 -8 11 -8 11 -8 11 -7 10 -7 11 -7 11 -7 10 -7 11 -7 10 -7 10 -6 10 -6 10 -7 10 -6 10 -6 10 -6 9 -6 10 -7 0 0 9 -7 9 -6 9 -6 8 -7 9 -7 9 -7 8 -7 8 -8 8 -8 7 -8 8 -8 8 -8 8 -8 8 -8 8 -9 7 -9 7 -9 7 -10 7 -10 7 -10 7 -10 7 -10 7 -10 7 -11 7 -11 7 -11 0 0 0 0 0 0 0 0 0 0]"
"1769235456236949,CSI_DATA,STATION,00:00:00:00:00:00,0,0,0,0,0,0,0,0,0,0,0,0,0,0,0,0,0,0,0,0,0,128,[84 -64 4 0 0 0 0 0 0 0 0 0 -12 5 -13 5 -13 4 -14 4 -13 3 -14 3 -14 3 -14 2 -13 2 -14 1 -14 1 -13 1 -14 0 -13 1 -13 1 -13 1 -13 1 -13 0 -13 0 -13 0 -13 0 -12 0 -12 0 -12 0 -12 0 -12 1 0 0 -12 1 -12 1 -12 2 -12 2 -12 1 -12 2 -12 2 -12 2 -11 2 -12 2 -12 3 -12 3 -12 3 -12 3 -12 4 -12 4 -12 4 -12 4 -12 4 -12 4 -12 5 -12 5 -12 4 -12 5 -12 5 -12 5 0 0 0 0 0 0 0 0 0 0]"
"1769235456241302,CSI_DATA,STATION,00:00:00:00:00:00,0,0,0,0,0,0,0,0,0,0,0,0,0,0,0,0,0,0,0,0,0,128,[84 -64 4 0 0 0 0 0 0 0 0 0 1 13 0 13 0 13 -1 13 -1 13 -1 13 -2 13 -2 14 -2 13 -3 13 -3 13 -3 13 -3 12 -3 13 -4 12 -3 12 -4 12 -4 12 -4 12 -3 12 -3 11 -3 11 -3 11 -3 11 -3 11 -3 11 0 0 -2 11 -1 11 -1 11 -1 11 -1 11 -1 11 -1 11 -1 11 -1 11 0 11 0 11 1 11 1 12 1 12 1 12 1 12 1 12 1 12 2 12 2 12 2 12 2 12 2 12 3 12 3 12 3 13 0 0 0 0 0 0 0 0 0 0]"
"1769235456247870,CSI_DATA,STATION,00:00:00:00:00:00,0,0,0,0,0,0,0,0,0,0,0,0,0,0,0,0,0,0,0,0,0,128,[84 -64 4 0 0 0 0 0 0 0 0 0 2 13 2 14 2 13 1 13 0 13 0 14 0 14 -1 14 -1 13 -1 13 -1 14 -2 13 -2 13 -2 13 -2 13 -2 12 -3 12 -3 12 -2 13 -3 12 -3 12 -2 12 -2 12 -2 12 -2 11 -2 12 0 0 -2 11 -1 11 -1 12 -1 11 -1 12 -1 11 0 11 -1 11 0 11 0 12 0 12 0 12 0 12 1 12 1 12 1 12 1 12 1 13 1 13 1 12 1 13 2 12 2 13 2 13 2 13 2 13 0 0 0 0 0 0 0 0 0 0]"
"1769235456261020,CSI_DATA,STATION,00:00:00:00:00:00,0,0,0,0,0,0,0,0,0,0,0,0,0,0,0,0,0,0,0,0,0,128,[84 -64 4 0 0 0 0 0 0 0 0 0 -10 10 -11 10 -11 9 -11 9 -12 9 -12 9 -12 8 -12 8 -12 7 -13 7 -12 7 -12 7 -12 7 -12 6 -13 6 -12 6 -12 6 -12 6 -12 5 -12 5 -12 5 -11 5 -11 5 -11 6 -11 5 -11 6 0 0 -11 6 -10 5 -10 6 -10 6 -10 6 -10 6 -9 7 -9 7 -10 7 -9 8 -9 8 -9 8 -9 8 -9 8 -9 8 -9 9 -9 9 -9 9 -9 9 -9 9 -9 9 -8 9 -8 10 -8 10 -8 10 -8 10 0 0 0 0 0 0 0 0 0 0]"
"1769235456265485,CSI_DATA,STATION,00:00:00:00:00:00,0,0,0,0,0,0,0,0,0,0,0,0,0,0,0,0,0,0,0,0,0,128,[84 -64 4 0 0 0 0 0 0 0 0 0 5 -14 5 -14 6 -13 6 -13 7 -13 7 -13 7 -13 7 -12 8 -12 8 -12 8 -12 8 -11 8 -11 8 -11 8 -11 8 -11 8 -10 8 -10 7 -10 8 -10 8 -10 7 -10 7 -10 7 -10 7 -10 7 -10 0 0 6 -10 6 -10 6 -10 5 -10 5 -10 5 -11 5 -11 5 -11 5 -11 5 -11 4 -11 4 -11 4 -11 3 -12 4 -12 3 -12 3 -13 3 -12 3 -13 3 -12 3 -13 2 -13 2 -13 2 -13 2 -14 2 -13 0 0 0 0 0 0 0 0 0 0]"
"1769235456272198,CSI_DATA,STATION,00:00:00:00:00:00,0,0,0,0,0,0,0,0,0,0,0,0,0,0,0,0,0,0,0,0,0,128,[84 -64 4 0 0 0 0 0 0 0 0 0 1 14 0 15 -1 14 -1 14 -1 14 -2 15 -2 14 -2 14 -2 14 -3 14 -3 14 -3 13 -4 13 -4 13 -4 13 -4 12 -4 12 -4 11 -4 12 -3 12 -3 12 -3 11 -3 11 -4 11 -3 11 -3 11 0 0 -2 11 -2 11 -2 11 -2 11 -2 11 -1 11 -1 11 0 11 -1 11 0 11 0 11 0 11 0 12 1 12 0 11 1 12 1 11 1 12 2 12 2 11 2 12 2 12 2 12 3 12 2 12 3 12 0 0 0 0 0 0 0 0 0 0]"
"1769235456276596,CSI_DATA,STATION,00:00:00:00:00:00,0,0,0,0,0,0,0,0,0,0,0,0,0,0,0,0,0,0,0,0,0,128,[84 -64 4 0 0 0 0 0 0 0 0 0 12 -8 12 -8 12 -8 12 -8 13 -7 13 -7 13 -6 13 -6 13 -6 13 -5 13 -5 13 -5 13 -4 13 -4 13 -4 13 -4 12 -4 12 -4 12 -3 12 -3 12 -3 12 -3 12 -4 11 -4 11 -3 11 -4 0 0 10 -4 10 -4 10 -4 11 -4 10 -5 10 -5 10 -5 10 -6 10 -6 10 -6 10 -6 10 -6 9 -6 9 -6 9 -7 10 -8 9 -7 10 -8 10 -8 9 -8 9 -8 9 -8 9 -8 9 -9 9 -9 9 -9 0 0 0 0 0 0 0 0 0 0]"
"1769235456280972,CSI_DATA,STATION,00:00:00:00:00:00,0,0,0,0,0,0,0,0,0,0,0,0,0,0,0,0,0,0,0,0,0,128,[84 -64 4 0 0 0 0 0 0 0 0 0 14 -1 14 0 14 1 14 1 13 2 15 2 14 3 14 3 13 4 13 4 13 3 13 3 13 4 13 3 12 4 11 4 12 4 11 4 12 5 11 5 11 4 11 4 10 3 11 4 11 3 11 2 0 0 11 3 10 2 11 3 10 2 11 3 11 3 11 2 10 2 11 2 10 1 10 1 11 0 11 0 12 0 11 0 12 0 11 0 12 -1 12 0 12 -1 12 -1 12 -1 12 -1 12 -2 12 -2 12 -2 0 0 0 0 0 0 0 0 0 0]"
"1769235456287555,CSI_DATA,STATION,00:00:00:00:00:00,0,0,0,0,0,0,0,0,0,0,0,0,0,0,0,0,0,0,0,0,0,128,[84 -64 4 0 0 0 0 0 0 0 0 0 1 -14 1 -15 2 -15 2 -14 2 -14 3 -15 4 -14 4 -14 4 -14 5 -13 5 -14 5 -13 5 -13 5 -13 5 -12 5 -12 6 -12 5 -12 5 -12 5 -12 5 -11 4 -12 5 -11 5 -11 4 -11 4 -11 0 0 4 -11 3 -11 3 -11 3 -11 4 -11 3 -11 3 -11 3 -11 2 -11 2 -11 2 -12 2 -11 2 -11 2 -12 1 -12 1 -12 1 -12 1 -12 1 -12 0 -13 0 -13 0 -12 0 -12 0 -13 0 -13 0 -13 0 0 0 0 0 0 0 0 0 0]"
"1769235456291985,CSI_DATA,STATION,00:00:00:00:00:00,0,0,0,0,0,0,0,0,0,0,0,0,0,0,0,0,0,0,0,0,0,128,[84 -64 4 0 0 0 0 0 0 0 0 0 -5 13 -5 12 -6 12 -6 12 -7 12 -8 12 -7 11 -8 11 -8 11 -9 11 -8 11 -8 10 -9 10 -8 10 -9 9 -9 9 -9 10 -9 9 -9 9 -9 8 -9 8 -8 9 -9 8 -8 9 -8 8 -7 8 0 0 -7 8 -7 8 -7 8 -7 8 -7 9 -7 8 -6 9 -6 9 -6 9 -6 9 -5 9 -6 9 -5 10 -5 10 -5 10 -5 10 -4 10 -5 10 -4 11 -5 10 -5 11 -4 11 -4 11 -4 11 -4 11 -4 11 0 0 0 0 0 0 0 0 0 0]"
"1769235456296409,CSI_DATA,STATION,00:00:00:00:00:00,0,0,0,0,0,0,0,0,0,0,0,0,0,0,0,0,0,0,0,0,0,128,[84 -64 4 0 0 0 0 0 0 0 0 0 11 5 11 6 11 7 11 7 11 7 10 8 10 8 9 8 9 8 9 9 9 8 8 8 9 9 9 8 8 9 8 8 8 9 8 8 8 9 7 9 7 9 7 8 7 8 8 8 7 7 7 7 0 0 7 7 7 7 8 7 7 6 8 7 8 6 8 6 8 6 8 5 8 5 8 5 9 5 9 5 9 5 9 5 10 5 9 5 10 4 9 4 10 4 10 4 10 5 10 4 10 4 10 3 11 3 0 0 0 0 0 0 0 0 0 0]"
"1769235456303060,CSI_DATA,STATION,00:00:00:00:00:00,0,0,0,0,0,0,0,0,0,0,0,0,0,0,0,0,0,0,0,0,0,128,[84 -64 4 0 0 0 0 0 0 0 0 0 -13 -1 -14 -2 -13 -3 -13 -3 -13 -3 -13 -4 -13 -4 -13 -4 -12 -4 -12 -5 -12 -5 -12 -5 -12 -6 -12 -5 -12 -6 -11 -5 -12 -5 -11 -6 -11 -6 -11 -6 -11 -6 -10 -5 -10 -5 -11 -5 -10 -5 -11 -4 0 0 -10 -4 -10 -4 -11 -4 -10 -3 -11 -4 -10 -4 -10 -3 -11 -3 -10 -3 -11 -3 -11 -2 -11 -2 -11 -2 -11 -2 -11 -2 -12 -1 -11 -2 -12 -1 -12 -1 -11 -1 -12 -1 -12 -1 -12 -1 -12 -1 -12 0 -12 0 0 0 0 0 0 0 0 0 0 0]"
"1769235456307477,CSI_DATA,STATION,00:00:00:00:00:00,0,0,0,0,0,0,0,0,0,0,0,0,0,0,0,0,0,0,0,0,0,128,[84 -64 4 0 0 0 0 0 0 0 0 0 5 -13 6 -12 5 -12 6 -12 7 -12 7 -12 7 -11 8 -11 8 -11 8 -10 8 -11 8 -10 8 -10 8 -10 9 -9 8 -9 9 -10 8 -10 8 -9 9 -9 8 -8 8 -9 8 -9 7 -9 7 -9 7 -9 0 0 7 -9 6 -8 6 -9 6 -9 6 -10 6 -9 6 -9 6 -10 6 -10 6 -10 5 -10 5 -10 5 -10 5 -10 5 -11 5 -11 5 -11 5 -11 5 -11 5 -12 5 -12 5 -11 4 -11 4 -12 4 -13 4 -13 0 0 0 0 0 0 0 0 0 0]"
"1769235456311838,CSI_DATA,STATION,00:00:00:00:00:00,0,0,0,0,0,0,0,0,0,0,0,0,0,0,0,0,0,0,0,0,0,128,[84 -64 4 0 0 0 0 0 0 0 0 0 5 13 4 12 3 13 3 13 2 13 2 14 2 13 1 14 1 14 1 14 1 13 1 13 0 13 0 13 0 13 0 13 -1 13 -1 12 -1 12 -1 13 0 12 -1 12 0 12 0 11 0 12 0 12 0 0 0 11 1 12 1 11 1 12 1 11 1 12 1 11 2 12 2 11 2 11 2 11 3 12 2 12 2 11 3 12 3 12 3 12 4 12 3 12 4 12 4 12 4 12 5 12 5 12 5 12 5 12 0 0 0 0 0 0 0 0 0 0]"
"1769235456318157,CSI_DATA,STATION,00:00:00:00:00:00,0,0,0,0,0,0,0,0,0,0,0,0,0,0,0,0,0,0,0,0,0,128,[84 -64 4 0 0 0 0 0 0 0 0 0 12 13 12 13 11 14 11 14 10 14 9 15 10 15 9 16 9 16 8 17 8 16 8 16 8 16 7 16 7 16 7 15 6 15 6 15 6 15 6 15 6 15 6 15 5 14 6 15 7 14 6 14 0 0 6 14 6 13 7 14 7 13 7 13 7 13 8 13 7 13 8 12 8 12 9 12 9 13 9 13 10 12 10 12 10 12 10 13 10 12 11 12 10 12 11 13 11 12 11 12 12 12 12 13 13 12 0 0 0 0 0 0 0 0 0 0]"
"1769235456322431,CSI_DATA,STATION,00:00:00:00:00:00,0,0,0,0,0,0,0,0,0,0,0,0,0,0,0,0,0,0,0,0,0,128,[84 -64 4 0 0 0 0 0 0 0 0 0 7 -11 7 -11 8 -10 7 -10 8 -10 8 -10 9 -10 10 -9 9 -9 10 -9 9 -8 9 -8 9 -8 10 -7 10 -8 9 -8 9 -7 9 -7 9 -7 10 -7 9 -7 9 -6 9 -7 9 -6 9 -7 9 -7 0 0 8 -7 9 -7 8 -7 8 -8 8 -7 8 -8 8 -8 8 -8 7 -8 7 -9 7 -9 8 -9 7 -9 7 -9 7 -10 7 -10 7 -10 7 -10 7 -10 8 -10 8 -11 7 -10 8 -11 7 -11 7 -11 7 -11 0 0 0 0 0 0 0 0 0 0]"
"1769235456328883,CSI_DATA,STATION,00:00:00:00:00:00,0,0,0,0,0,0,0,0,0,0,0,0,0,0,0,0,0,0,0,0,0,128,[84 -64 4 0 0 0 0 0 0 0 0 0 12 -3 12 -1 12 -1 12 -1 13 0 12 0 12 0 12 1 12 1 12 1 12 1 11 1 12 2 11 2 11 2 11 1 11 2 11 2 10 2 11 2 10 2 10 2 11 2 10 2 10 2 10 1 0 0 10 1 10 0 10 1 11 0 10 0 11 0 10 0 10 0 10 -1 10 -1 10 -1 11 -1 11 -1 11 -1 11 -2 11 -2 11 -2 11 -2 12 -3 11 -3 12 -3 11 -3 12 -3 12 -4 12 -4 12 -4 0 0 0 0 0 0 0 0 0 0]"
"1769235456333180,CSI_DATA,STATION,00:00:00:00:00:00,0,0,0,0,0,0,0,0,0,0,0,0,0,0,0,0,0,0,0,0,0,128,[84 -64 4 0 0 0 0 0 0 0 0 0 -6 10 -6 10 -6 9 -6 10 -7 9 -7 10 -7 9 -8 9 -8 8 -8 8 -8 8 -8 8 -8 8 -8 8 -8 8 -8 7 -8 7 -8 6 -8 6 -8 6 -8 6 -8 6 -8 7 -8 6 -7 6 -7 7 0 0 -7 6 -7 6 -7 7 -7 6 -7 6 -7 7 -6 7 -6 7 -6 7 -6 7 -6 7 -6 7 -6 8 -6 8 -6 8 -7 9 -5 8 -6 8 -6 9 -6 9 -6 9 -6 9 -6 9 -6 9 -6 10 -6 10 0 0 0 0 0 0 0 0 0 0]"
"1769235456337467,CSI_DATA,STATION,00:00:00:00:00:00,0,0,0,0,0,0,0,0,0,0,0,0,0,0,0,0,0,0,0,0,0,128,[84 -64 4 0 0 0 0 0 0 0 0 0 11 -5 11 -5 11 -4 11 -3 11 -3 11 -3 11 -3 11 -2 11 -3 11 -2 11 -2 11 -1 11 -1 10 -1 10 -1 10 -1 10 -1 10 -1 10 -1 10 -1 10 -1 9 -1 10 -1 10 -1 9 -1 9 -2 0 0 9 -2 9 -2 9 -2 9 -3 9 -2 9 -3 9 -3 9 -3 9 -4 9 -3 9 -3 9 -4 9 -4 9 -4 9 -5 9 -5 9 -5 9 -5 9 -5 9 -6 9 -6 9 -6 9 -6 9 -6 9 -6 9 -6 0 0 0 0 0 0 0 0 0 0]"
"1769235456343977,CSI_DATA,STATION,00:00:00:00:00:00,0,0,0,0,0,0,0,0,0,0,0,0,0,0,0,0,0,0,0,0,0,128,[84 -64 4 0 0 0 0 0 0 0 0 0 8 11 7 11 7 11 7 12 6 12 6 12 5 12 4 12 4 12 4 12 4 12 4 12 3 12 4 11 3 13 3 11 3 12 2 11 3 11 2 11 2 11 2 11 2 10 3 11 3 10 3 10 0 0 3 10 3 9 4 10 3 10 4 9 4 10 4 10 4 9 4 9 4 9 5 8 5 9 6 9 6 9 6 8 6 9 7 8 7 9 7 9 7 9 7 9 7 8 8 9 8 8 8 8 8 9 0 0 0 0 0 0 0 0 0 0]"
"1769235456348464,CSI_DATA,STATION,00:00:00:00:00:00,0,0,0,0,0,0,0,0,0,0,0,0,0,0,0,0,0,0,0,0,0,128,[84 -64 4 0 0 0 0 0 0 0 0 0 -5 14 -6 13 -6 13 -6 13 -7 13 -8 13 -8 12 -8 12 -8 11 -9 12 -8 12 -9 10 -9 11 -9 10 -9 10 -9 10 -9 10 -9 10 -9 9 -9 9 -8 9 -8 9 -9 9 -8 9 -8 9 -7 9 0 0 -7 9 -7 9 -6 9 -7 9 -7 10 -6 9 -6 9 -6 10 -6 10 -5 10 -5 10 -5 10 -5 10 -5 10 -5 10 -4 11 -4 11 -4 11 -4 11 -4 11 -4 12 -4 11 -3 12 -3 12 -3 12 -3 12 0 0 0 0 0 0 0 0 0 0]"
"1769235456352913,CSI_DATA,STATION,00:00:00:00:00:00,0,0,0,0,0,0,0,0,0,0,0,0,0,0,0,0,0,0,0,0,0,128,[84 -64 4 0 0 0 0 0 0 0 0 0 1 14 0 14 0 14 0 14 -1 14 -1 14 -2 14 -2 13 -2 13 -3 13 -3 13 -3 13 -3 13 -3 12 -3 12 -3 12 -3 11 -4 11 -3 11 -3 12 -3 11 -3 11 -3 11 -3 11 -2 11 -2 11 0 0 -2 10 -2 10 -2 11 -1 11 -1 11 -1 10 -1 10 0 10 -1 10 0 10 0 10 0 10 0 11 1 10 1 10 2 10 2 10 2 11 2 11 2 10 3 11 3 10 2 11 3 11 3 11 3 11 0 0 0 0 0 0 0 0 0 0]"
"1769235456359541,CSI_DATA,STATION,00:00:00:00:00:00,0,0,0,0,0,0,0,0,0,0,0,0,0,0,0,0,0,0,0,0,0,128,[84 -64 4 0 0 0 0 0 0 0 0 0 -14 7 -14 7 -14 6 -14 5 -15 5 -15 5 -15 5 -15 4 -15 4 -15 3 -15 3 -15 2 -15 2 -14 2 -14 2 -15 2 -14 2 -14 2 -13 1 -13 1 -13 2 -13 1 -13 2 -13 2 -12 1 -12 2 0 0 -12 2 -11 2 -11 3 -12 2 -11 3 -11 3 -11 3 -11 3 -11 4 -11 4 -11 5 -11 4 -11 4 -11 5 -11 5 -11 5 -10 5 -11 6 -11 6 -11 6 -11 7 -10 7 -11 6 -10 7 -11 7 -10 7 0 0 0 0 0 0 0 0 0 0]"
"1769235456364000,CSI_DATA,STATION,00:00:00:00:00:00,0,0,0,0,0,0,0,0,0,0,0,0,0,0,0,0,0,0,0,0,0,128,[84 -64 4 0 0 0 0 0 0 0 0 0 -11 -8 -11 -9 -10 -9 -10 -9 -10 -10 -9 -10 -9 -10 -9 -10 -8 -11 -8 -11 -8 -10 -8 -10 -8 -11 -8 -10 -7 -10 -7 -10 -7 -10 -7 -10 -7 -10 -6 -10 -7 -10 -7 -10 -7 -9 -7 -9 -6 -9 -7 -9 0 0 -7 -8 -7 -8 -7 -8 -7 -7 -7 -8 -7 -7 -7 -7 -8 -7 -8 -7 -8 -7 -8 -6 -8 -6 -8 -6 -8 -6 -9 -6 -9 -6 -9 -6 -9 -6 -9 -5 -9 -5 -9 -5 -10 -5 -10 -5 -10 -5 -10 -5 -10 -4 0 0 0 0 0 0 0 0 0 0]"
"1769235456368469,CSI_DATA,STATION,00:00:00:00:00:00,0,0,0,0,0,0,0,0,0,0,0,0,0,0,0,0,0,0,0,0,0,128,[84 -64 4 0 0 0 0 0 0 0 0 0 3 -15 3 -15 4 -15 4 -14 5 -15 5 -15 6 -15 6 -14 6 -14 7 -14 7 -13 7 -13 7 -13 7 -12 7 -12 7 -12 7 -12 7 -12 7 -11 7 -11 7 -11 7 -11 7 -11 7 -11 6 -11 6 -11 0 0 5 -11 5 -10 5 -10 5 -11 5 -11 5 -11 4 -11 4 -11 4 -11 4 -11 4 -11 4 -11 4 -11 3 -11 3 -12 3 -12 3 -12 3 -12 2 -12 2 -12 2 -12 1 -12 2 -13 2 -13 1 -13 1 -13 0 0 0 0 0 0 0 0 0 0]"
"1769235456375190,CSI_DATA,STATION,00:00:00:00:00:00,0,0,0,0,0,0,0,0,0,0,0,0,0,0,0,0,0,0,0,0,0,128,[84 -64 4 0 0 0 0 0 0 0 0 0 15 -3 15 -3 15 -2 15 -2 15 -1 16 -1 16 0 16 0 15 0 15 1 15 1 14 1 14 2 14 2 15 2 14 2 13 2 13 2 13 2 13 2 13 2 13 2 12 1 12 2 12 2 12 1 0 0 12 0 12 0 12 0 12 0 12 0 12 0 12 -1 12 -1 11 -1 11 -2 11 -2 12 -2 12 -2 12 -2 12 -3 12 -3 11 -3 12 -4 12 -4 12 -4 12 -4 11 -4 12 -4 11 -5 12 -5 12 -5 0 0 0 0 0 0 0 0 0 0]"
"1769235456379626,CSI_DATA,STATION,00:00:00:00:00:00,0,0,0,0,0,0,0,0,0,0,0,0,0,0,0,0,0,0,0,0,0,128,[84 -64 4 0 0 0 0 0 0 0 0 0 -3 13 -3 13 -4 13 -4 13 -4 13 -5 13 -6 13 -6 12 -6 12 -6 12 -7 12 -7 11 -7 11 -7 11 -7 11 -7 10 -7 11 -7 10 -7 10 -7 10 -6 10 -6 10 -6 10 -6 10 -6 9 -6 10 0 0 -6 9 -5 9 -5 10 -5 9 -5 10 -4 10 -4 10 -4 10 -4 10 -4 10 -4 10 -4 10 -3 10 -3 11 -3 10 -3 11 -2 11 -3 11 -2 11 -2 11 -2 11 -1 11 -2 11 -1 11 -1 12 -1 12 0 0 0 0 0 0 0 0 0 0]"
"1769235456384125,CSI_DATA,STATION,00:00:00:00:00:00,0,0,0,0,0,0,0,0,0,0,0,0,0,0,0,0,0,0,0,0,0,128,[84 -64 4 0 0 0 0 0 0 0 0 0 10 -12 11 -11 11 -11 11 -10 11 -10 12 -10 12 -9 12 -9 12 -8 12 -8 12 -8 12 -7 12 -8 12 -7 12 -7 12 -6 12 -7 12 -6 11 -6 11 -6 10 -6 11 -6 11 -6 11 -6 10 -6 10 -7 0 0 10 -6 9 -6 9 -6 9 -6 9 -7 9 -7 9 -7 9 -7 9 -7 9 -8 8 -8 8 -8 8 -8 8 -8 8 -9 8 -9 8 -9 8 -10 8 -10 8 -10 8 -10 8 -10 7 -10 7 -10 8 -11 7 -11 0 0 0 0 0 0 0 0 0 0]"
"1769235456390820,CSI_DATA,STATION,00:00:00:00:00:00,0,0,0,0,0,0,0,0,0,0,0,0,0,0,0,0,0,0,0,0,0,128,[84 -64 4 0 0 0 0 0 0 0 0 0 -13 8 -14 8 -13 7 -14 7 -14 6 -15 6 -14 5 -15 5 -15 4 -15 4 -14 5 -14 4 -14 4 -14 4 -15 3 -14 3 -14 3 -13 3 -13 3 -13 2 -13 3 -13 2 -13 3 -12 4 -12 3 -13 4 0 0 -12 4 -12 3 -12 4 -12 4 -11 4 -11 4 -11 4 -11 5 -11 5 -11 5 -10 6 -10 6 -11 6 -10 7 -10 6 -10 7 -10 7 -10 8 -10 7 -11 8 -11 8 -10 8 -10 8 -10 9 -9 9 -10 9 0 0 0 0 0 0 0 0 0 0]"
"1769235456395275,CSI_DATA,STATION,00:00:00:00:00:00,0,0,0,0,0,0,0,0,0,0,0,0,0,0,0,0,0,0,0,0,0,128,[84 -64 4 0 0 0 0 0 0 0 0 0 -4 -18 -3 -18 -3 -17 -2 -18 -1 -18 -1 -18 0 -18 0 -18 0 -18 0 -18 1 -17 1 -17 2 -17 1 -17 2 -17 1 -16 2 -17 2 -15 2 -16 2 -16 2 -15 2 -15 1 -14 2 -15 1 -15 1 -15 0 0 0 -15 0 -14 0 -15 0 -14 -1 -15 -1 -14 -1 -14 -2 -14 -2 -14 -2 -13 -2 -14 -3 -14 -3 -14 -3 -14 -3 -14 -4 -15 -4 -14 -4 -15 -5 -14 -4 -14 -5 -15 -6 -14 -5 -15 -6 -14 -6 -14 -6 -15 0 0 0 0 0 0 0 0 0 0]"
"1769235456399743,CSI_DATA,STATION,00:00:00:00:00:00,0,0,0,0,0,0,0,0,0,0,0,0,0,0,0,0,0,0,0,0,0,128,[84 -64 4 0 0 0 0 0 0 0 0 0 -3 14 -4 14 -5 14 -5 14 -6 14 -6 14 -7 13 -7 13 -7 12 -7 13 -7 12 -7 12 -8 12 -8 12 -8 11 -8 11 -8 11 -8 11 -8 11 -8 10 -8 10 -7 10 -8 10 -7 11 -7 10 -7 10 0 0 -7 10 -6 10 -5 10 -5 10 -6 10 -5 10 -5 10 -5 10 -5 10 -5 11 -4 11 -4 11 -4 11 -4 11 -3 11 -3 12 -3 12 -3 12 -3 12 -3 12 -3 12 -2 12 -2 12 -1 12 -2 12 -2 13 0 0 0 0 0 0 0 0 0 0]"
"1769235456406589,CSI_DATA,STATION,00:00:00:00:00:00,0,0,0,0,0,0,0,0,0,0,0,0,0,0,0,0,0,0,0,0,0,128,[84 -64 4 0 0 0 0 0 0 0 0 0 -13 -8 -14 -8 -13 -9 -13 -10 -12 -10 -12 -11 -12 -10 -12 -11 -10 -11 -11 -11 -11 -11 -10 -11 -10 -11 -10 -11 -10 -12 -9 -11 -10 -11 -9 -11 -9 -11 -8 -11 -8 -11 -8 -11 -8 -10 -9 -10 -9 -10 -9 -10 0 0 -9 -9 -8 -9 -9 -9 -8 -8 -10 -9 -9 -9 -9 -9 -10 -8 -10 -8 -10 -8 -10 -8 -10 -7 -11 -7 -11 -8 -10 -7 -11 -7 -11 -7 -12 -7 -12 -7 -11 -7 -12 -7 -12 -7 -12 -6 -13 -6 -12 -6 -13 -6 0 0 0 0 0 0 0 0 0 0]"
"1769235456411021,CSI_DATA,STATION,00:00:00:00:00:00,0,0,0,0,0,0,0,0,0,0,0,0,0,0,0,0,0,0,0,0,0,128,[84 -64 4 0 0 0 0 0 0 0 0 0 15 2 15 2 15 3 15 3 14 4 15 4 15 4 15 5 14 5 14 5 13 5 13 6 13 6 13 6 13 6 12 5 13 6 12 6 12 6 12 6 12 6 11 5 12 5 12 6 11 5 12 4 0 0 11 4 11 4 11 4 11 3 12 4 12 3 12 2 11 2 11 2 11 2 11 1 12 2 12 2 12 1 12 1 12 0 12 0 13 0 12 0 12 -1 13 -1 12 -1 13 -1 13 -1 13 -1 13 -2 0 0 0 0 0 0 0 0 0 0]"
"1769235456415275,CSI_DATA,STATION,00:00:00:00:00:00,0,0,0,0,0,0,0,0,0,0,0,0,0,0,0,0,0,0,0,0,0,128,[84 -64 4 0 0 0 0 0 0 0 0 0 4 14 4 14 3 15 3 15 2 15 2 15 2 15 2 15 1 15 0 15 0 15 0 14 -1 14 -1 14 -1 14 0 14 -1 13 -1 14 -1 13 -1 13 -1 13 -1 13 -1 13 -1 12 -1 12 -1 12 0 0 0 12 0 12 1 12 0 12 1 12 1 12 1 12 2 12 2 11 2 12 2 11 2 12 3 11 3 11 3 11 3 12 4 11 4 11 4 11 4 11 5 11 5 11 5 12 6 11 5 11 5 11 0 0 0 0 0 0 0 0 0 0]"
"1769235456421629,CSI_DATA,STATION,00:00:00:00:00:00,0,0,0,0,0,0,0,0,0,0,0,0,0,0,0,0,0,0,0,0,0,128,[84 -64 4 0 0 0 0 0 0 0 0 0 -1 15 -1 15 -2 14 -2 15 -3 14 -4 15 -3 14 -4 14 -4 14 -5 14 -5 13 -5 13 -6 13 -6 13 -6 13 -5 12 -6 12 -6 11 -6 12 -5 12 -6 11 -5 11 -5 11 -5 11 -5 11 -5 11 0 0 -4 11 -4 11 -4 11 -4 11 -4 11 -3 11 -3 11 -3 11 -3 11 -3 11 -2 11 -2 11 -2 11 -2 12 -2 12 -1 12 -1 11 -1 12 -1 12 -1 12 0 12 0 12 0 12 0 12 0 12 1 12 0 0 0 0 0 0 0 0 0 0]"
"1769235456430165,CSI_DATA,STATION,00:00:00:00:00:00,0,0,0,0,0,0,0,0,0,0,0,0,0,0,0,0,0,0,0,0,0,128,[84 -64 4 0 0 0 0 0 0 0 0 0 15 -1 15 0 14 1 15 1 15 2 15 2 15 2 14 3 14 3 14 3 14 3 13 3 13 4 13 4 13 4 12 3 12 4 12 4 12 5 12 4 11 4 11 4 12 4 11 4 11 3 11 3 0 0 11 3 11 2 11 2 11 2 11 2 11 2 11 1 11 1 11 1 11 0 11 0 11 0 11 0 11 0 12 -1 12 -1 11 -1 12 -2 12 -2 12 -2 12 -2 11 -2 12 -2 12 -3 12 -3 12 -3 0 0 0 0 0 0 0 0 0 0]"
"1769235456436703,CSI_DATA,STATION,00:00:00:00:00:00,0,0,0,0,0,0,0,0,0,0,0,0,0,0,0,0,0,0,0,0,0,128,[84 -64 4 0 0 0 0 0 0 0 0 0 -15 -2 -15 -3 -15 -3 -15 -4 -15 -4 -15 -5 -14 -5 -14 -5 -14 -6 -13 -6 -14 -6 -13 -6 -13 -7 -13 -7 -13 -6 -12 -6 -12 -7 -12 -7 -12 -7 -12 -7 -12 -6 -12 -6 -12 -6 -11 -6 -11 -6 -11 -5 0 0 -11 -5 -11 -5 -11 -4 -11 -4 -11 -4 -11 -4 -11 -4 -12 -3 -11 -3 -11 -3 -11 -2 -11 -2 -11 -2 -12 -2 -12 -1 -12 -1 -12 -2 -12 -1 -12 -1 -12 0 -12 0 -12 0 -13 0 -12 0 -13 0 -13 1 0 0 0 0 0 0 0 0 0 0]"
"1769235456441190,CSI_DATA,STATION,00:00:00:00:00:00,0,0,0,0,0,0,0,0,0,0,0,0,0,0,0,0,0,0,0,0,0,128,[84 -64 4 0 0 0 0 0 0 0 0 0 -10 10 -11 10 -11 9 -11 9 -11 8 -12 8 -11 8 -13 7 -12 7 -12 7 -12 7 -12 7 -12 6 -12 6 -12 5 -12 6 -12 5 -11 5 -12 5 -12 5 -12 4 -11 4 -11 5 -11 5 -10 5 -10 5 0 0 -10 5 -10 5 -10 6 -10 5 -10 5 -9 5 -9 5 -9 6 -9 6 -9 7 -8 7 -8 7 -8 7 -8 7 -8 7 -8 8 -7 7 -8 7 -8 8 -8 8 -8 8 -8 8 -7 8 -7 9 -7 9 -7 9 0 0 0 0 0 0 0 0 0 0]"
"1769235456447840,CSI_DATA,STATION,00:00:00:00:00:00,0,0,0,0,0,0,0,0,0,0,0,0,0,0,0,0,0,0,0,0,0,128,[84 -64 4 0 0 0 0 0 0 0 0 0 10 20 10 21 9 20 9 21 8 21 8 21 6 21 6 21 6 21 5 22 4 22 4 20 4 21 3 20 3 21 4 19 3 20 3 19 2 19 3 19 3 18 3 18 3 18 2 18 3 18 3 17 0 0 4 16 4 16 5 17 5 16 6 16 5 15 6 15 6 15 6 15 6 14 7 14 7 14 8 15 8 14 9 13 9 14 9 13 10 13 10 13 11 12 11 12 11 13 11 12 11 12 12 12 12 12 0 0 0 0 0 0 0 0 0 0]"
"1769235456452289,CSI_DATA,STATION,00:00:00:00:00:00,0,0,0,0,0,0,0,0,0,0,0,0,0,0,0,0,0,0,0,0,0,128,[84 -64 4 0 0 0 0 0 0 0 0 0 11 -9 11 -8 12 -8 11 -7 12 -7 12 -7 12 -6 13 -6 13 -6 13 -5 13 -5 13 -5 12 -4 12 -4 13 -4 12 -4 12 -4 12 -4 11 -4 12 -4 11 -3 11 -4 11 -3 11 -4 11 -4 10 -4 0 0 11 -4 10 -4 10 -4 10 -4 9 -5 9 -5 9 -5 9 -6 9 -6 9 -6 9 -6 8 -6 9 -6 9 -6 8 -7 9 -7 8 -8 8 -7 8 -8 8 -8 8 -8 8 -8 8 -8 8 -8 8 -9 8 -9 0 0 0 0 0 0 0 0 0 0]"
"1769235456456704,CSI_DATA,STATION,00:00:00:00:00:00,0,0,0,0,0,0,0,0,0,0,0,0,0,0,0,0,0,0,0,0,0,128,[84 -64 4 0 0 0 0 0 0 0 0 0 9 -12 9 -11 10 -11 10 -11 11 -11 11 -10 11 -10 12 -9 11 -9 12 -9 12 -9 11 -8 11 -8 11 -8 11 -7 11 -7 12 -7 11 -7 11 -7 11 -7 10 -7 10 -7 11 -7 10 -7 10 -7 10 -7 0 0 10 -7 9 -7 9 -7 9 -7 9 -7 9 -7 8 -8 8 -8 8 -8 8 -9 8 -8 7 -8 7 -8 7 -8 7 -10 7 -9 7 -10 7 -10 7 -10 7 -10 7 -10 6 -10 7 -10 6 -11 6 -11 6 -11 0 0 0 0 0 0 0 0 0 0]"
"1769235456463410,CSI_DATA,STATION,00:00:00:00:00:00,0,0,0,0,0,0,0,0,0,0,0,0,0,0,0,0,0,0,0,0,0,128,[84 -64 4 0 0 0 0 0 0 0 0 0 6 14 6 14 5 14 5 14 4 15 4 15 4 14 3 15 3 14 2 15 2 14 2 14 1 14 1 14 1 14 1 14 1 13 0 13 1 13 1 14 1 13 1 12 1 13 1 12 1 12 1 12 0 0 2 11 2 12 2 12 2 12 2 11 3 11 3 11 4 11 3 11 3 11 3 11 4 11 4 11 4 11 4 11 4 11 5 11 5 11 6 10 5 10 6 11 5 11 6 11 6 11 6 10 7 10 0 0 0 0 0 0 0 0 0 0]"
"1769235456467873,CSI_DATA,STATION,00:00:00:00:00:00,0,0,0,0,0,0,0,0,0,0,0,0,0,0,0,0,0,0,0,0,0,128,[84 -64 4 0 0 0 0 0 0 0 0 0 -11 9 -11 9 -11 9 -11 9 -12 8 -12 8 -12 8 -12 7 -13 7 -13 6 -13 6 -12 6 -13 5 -12 5 -13 5 -13 5 -12 5 -12 5 -12 4 -12 4 -12 4 -11 4 -11 4 -11 4 -11 4 -11 4 0 0 -11 5 -11 5 -10 5 -11 5 -10 5 -10 5 -10 6 -10 6 -10 6 -10 7 -10 6 -9 6 -10 7 -9 7 -9 7 -9 7 -9 8 -9 7 -9 8 -9 8 -9 8 -9 8 -9 8 -9 8 -9 8 -8 9 0 0 0 0 0 0 0 0 0 0]"
"1769235456472364,CSI_DATA,STATION,00:00:00:00:00:00,0,0,0,0,0,0,0,0,0,0,0,0,0,0,0,0,0,0,0,0,0,128,[84 -64 4 0 0 0 0 0 0 0 0 0 14 7 15 7 13 8 14 8 13 9 13 9 13 9 12 9 12 10 12 10 11 10 11 10 10 10 10 10 10 11 10 10 10 10 9 10 9 10 9 10 9 10 9 10 9 9 9 9 9 9 9 8 0 0 9 8 9 8 9 8 9 7 10 7 9 8 9 7 10 7 9 6 10 6 10 6 10 7 11 6 11 6 10 6 11 6 11 5 12 5 11 5 11 4 12 5 12 4 12 4 12 4 12 4 12 4 0 0 0 0 0 0 0 0 0 0]"
"1769235456479043,CSI_DATA,STATION,00:00:00:00:00:00,0,0,0,0,0,0,0,0,0,0,0,0,0,0,0,0,0,0,0,0,0,128,[84 -64 4 0 0 0 0 0 0 0 0 0 15 0 15 1 15 2 15 2 15 3 15 3 14 3 15 4 14 3 14 4 14 4 14 3 13 4 13 5 13 5 13 4 12 5 11 5 12 5 12 5 11 4 11 4 12 4 11 4 11 3 11 3 0 0 11 2 11 3 11 2 11 2 11 2 11 2 11 1 11 1 11 1 11 0 11 0 11 0 12 0 12 0 12 -1 12 -1 12 -1 12 -2 12 -2 12 -2 12 -2 12 -2 12 -2 11 -3 12 -3 12 -3 0 0 0 0 0 0 0 0 0 0]"
"1769235456483504,CSI_DATA,STATION,00:00:00:00:00:00,0,0,0,0,0,0,0,0,0,0,0,0,0,0,0,0,0,0,0,0,0,128,[84 -64 4 0 0 0 0 0 0 0 0 0 -15 -6 -15 -6 -15 -6 -15 -7 -14 -7 -15 -7 -13 -8 -13 -9 -13 -8 -13 -9 -13 -9 -13 -8 -12 -9 -12 -9 -12 -9 -12 -8 -11 -9 -10 -9 -11 -9 -11 -9 -10 -8 -10 -8 -10 -7 -10 -8 -10 -7 -11 -7 0 0 -10 -7 -10 -6 -10 -6 -10 -6 -11 -6 -10 -5 -11 -5 -11 -5 -10 -4 -11 -4 -11 -4 -11 -4 -11 -4 -12 -4 -12 -3 -12 -3 -11 -4 -12 -3 -12 -3 -12 -3 -12 -3 -13 -3 -12 -2 -12 -2 -13 -1 -12 -2 0 0 0 0 0 0 0 0 0 0]"
"1769235456487964,CSI_DATA,STATION,00:00:00:00:00:00,0,0,0,0,0,0,0,0,0,0,0,0,0,0,0,0,0,0,0,0,0,128,[84 -64 4 0 0 0 0 0 0 0 0 0 21 -8 21 -8 21 -6 22 -6 22 -5 22 -5 22 -4 22 -3 21 -3 21 -3 21 -2 21 -2 20 -1 20 -1 20 0 19 -1 19 -1 18 0 18 0 18 0 18 0 17 0 17 -1 17 -1 17 -1 17 -1 0 0 16 -2 16 -2 16 -2 15 -3 16 -3 15 -3 15 -3 15 -4 15 -4 14 -5 15 -5 15 -5 15 -5 15 -5 14 -6 15 -7 15 -7 15 -7 15 -8 14 -8 15 -8 14 -8 15 -8 15 -9 14 -10 14 -10 0 0 0 0 0 0 0 0 0 0]"
"1769235456494661,CSI_DATA,STATION,00:00:00:00:00:00,0,0,0,0,0,0,0,0,0,0,0,0,0,0,0,0,0,0,0,0,0,128,[84 -64 4 0 0 0 0 0 0 0 0 0 9 -15 9 -14 10 -13 10 -13 11 -13 11 -12 11 -12 11 -12 11 -12 12 -11 12 -10 11 -11 11 -10 11 -10 10 -9 11 -9 11 -9 11 -9 10 -9 10 -9 10 -8 10 -9 10 -9 10 -9 9 -9 9 -9 0 0 8 -9 8 -9 7 -9 7 -9 7 -9 7 -9 6 -10 7 -10 6 -10 6 -10 6 -10 5 -10 5 -11 5 -10 5 -11 5 -11 5 -11 4 -12 4 -12 4 -12 4 -12 4 -12 4 -12 3 -12 3 -13 3 -13 0 0 0 0 0 0 0 0 0 0]"
"1769235456499151,CSI_DATA,STATION,00:00:00:00:00:00,0,0,0,0,0,0,0,0,0,0,0,0,0,0,0,0,0,0,0,0,0,128,[84 -64 4 0 0 0 0 0 0 0 0 0 4 -18 4 -18 5 -18 5 -18 6 -17 6 -17 7 -16 7 -16 7 -16 7 -16 7 -15 8 -14 9 -14 8 -14 8 -14 8 -14 8 -13 8 -13 8 -13 7 -12 8 -13 7 -12 7 -12 7 -11 6 -12 6 -12 0 0 6 -12 5 -12 5 -12 4 -11 5 -12 4 -12 4 -12 3 -12 4 -12 3 -13 3 -12 3 -12 2 -13 2 -12 2 -13 1 -13 1 -13 1 -13 0 -13 1 -13 1 -14 1 -14 0 -14 0 -14 -1 -14 -1 -14 0 0 0 0 0 0 0 0 0 0]"
"1769235456503578,CSI_DATA,STATION,00:00:00:00:00:00,0,0,0,0,0,0,0,0,0,0,0,0,0,0,0,0,0,0,0,0,0,128,[84 -64 4 0 0 0 0 0 0 0 0 0 -16 -6 -15 -7 -15 -8 -15 -8 -14 -8 -14 -8 -14 -9 -14 -9 -13 -9 -13 -10 -13 -9 -12 -10 -12 -10 -12 -10 -11 -10 -11 -9 -11 -10 -11 -10 -11 -9 -10 -10 -10 -10 -10 -9 -10 -9 -10 -9 -10 -8 -10 -8 0 0 -10 -7 -10 -7 -10 -7 -10 -6 -10 -7 -10 -6 -10 -6 -10 -6 -10 -5 -11 -6 -11 -5 -11 -5 -11 -5 -11 -4 -11 -4 -11 -4 -11 -4 -12 -4 -12 -3 -12 -4 -12 -3 -12 -3 -12 -3 -12 -3 -13 -3 -13 -2 0 0 0 0 0 0 0 0 0 0]"
"1769235456510205,CSI_DATA,STATION,00:00:00:00:00:00,0,0,0,0,0,0,0,0,0,0,0,0,0,0,0,0,0,0,0,0,0,128,[84 -64 4 0 0 0 0 0 0 0 0 0 15 -3 15 -2 15 -1 15 -1 15 0 15 -1 15 0 15 1 15 1 14 2 14 1 14 2 14 3 14 2 13 2 13 3 13 3 12 2 12 3 12 3 12 3 12 2 11 2 11 2 11 2 11 1 0 0 11 2 10 1 10 1 11 1 11 1 11 0 10 0 10 0 10 -1 10 -1 10 -1 11 -1 10 -1 11 -1 11 -2 11 -2 11 -2 11 -3 11 -3 11 -3 11 -3 10 -3 11 -3 10 -4 11 -4 11 -4 0 0 0 0 0 0 0 0 0 0]"
"1769235456514490,CSI_DATA,STATION,00:00:00:00:00:00,0,0,0,0,0,0,0,0,0,0,0,0,0,0,0,0,0,0,0,0,0,128,[84 -64 4 0 0 0 0 0 0 0 0 0 -6 -15 -5 -15 -4 -15 -4 -15 -3 -16 -3 -15 -3 -15 -2 -15 -2 -15 -2 -16 -1 -15 -1 -15 0 -15 0 -14 0 -15 -1 -14 0 -14 0 -14 0 -13 0 -13 0 -13 -1 -13 0 -13 0 -13 -1 -12 -1 -12 0 0 -1 -12 -1 -12 -2 -12 -2 -11 -2 -11 -3 -12 -3 -11 -3 -11 -3 -11 -3 -11 -4 -11 -4 -11 -4 -11 -4 -11 -5 -11 -5 -11 -5 -11 -5 -11 -5 -11 -6 -11 -6 -11 -6 -10 -6 -11 -7 -11 -7 -10 -7 -10 0 0 0 0 0 0 0 0 0 0]"
"1769235456520877,CSI_DATA,STATION,00:00:00:00:00:00,0,0,0,0,0,0,0,0,0,0,0,0,0,0,0,0,0,0,0,0,0,128,[84 -64 4 0 0 0 0 0 0 0 0 0 7 -16 8 -16 8 -14 8 -14 9 -15 9 -14 10 -13 10 -13 10 -13 11 -13 10 -12 11 -11 11 -11 10 -11 10 -11 11 -10 11 -11 11 -11 10 -10 10 -9 10 -9 10 -10 10 -9 9 -10 9 -9 9 -10 0 0 8 -9 8 -10 7 -10 7 -10 7 -10 7 -10 7 -10 7 -10 6 -10 6 -10 6 -11 6 -11 6 -11 6 -11 5 -12 5 -11 4 -12 5 -12 5 -12 5 -12 4 -12 4 -12 4 -12 4 -13 4 -13 3 -13 0 0 0 0 0 0 0 0 0 0]"
"1769235456525308,CSI_DATA,STATION,00:00:00:00:00:00,0,0,0,0,0,0,0,0,0,0,0,0,0,0,0,0,0,0,0,0,0,128,[84 -64 4 0 0 0 0 0 0 0 0 0 13 -9 13 -9 13 -8 13 -8 14 -7 14 -7 14 -7 15 -6 14 -6 15 -5 14 -5 14 -5 14 -4 14 -4 14 -4 14 -4 13 -4 13 -4 13 -3 13 -4 13 -3 12 -4 12 -4 12 -4 12 -4 12 -4 0 0 11 -5 11 -5 11 -4 11 -5 10 -5 11 -5 10 -5 10 -6 10 -6 10 -7 9 -7 9 -7 9 -7 9 -7 10 -8 9 -8 9 -8 9 -9 9 -9 8 -8 9 -9 8 -9 8 -9 8 -9 8 -10 8 -10 0 0 0 0 0 0 0 0 0 0]"
"1769235456529632,CSI_DATA,STATION,00:00:00:00:00:00,0,0,0,0,0,0,0,0,0,0,0,0,0,0,0,0,0,0,0,0,0,128,[84 -64 4 0 0 0 0 0 0 0 0 0 1 -17 2 -18 3 -17 2 -17 3 -17 4 -17 4 -16 4 -17 5 -16 5 -16 5 -16 5 -15 6 -15 5 -15 6 -15 6 -14 6 -14 6 -13 6 -14 6 -13 6 -13 6 -13 5 -13 5 -13 5 -13 4 -13 0 0 4 -13 4 -12 4 -13 3 -13 3 -13 3 -13 3 -13 2 -13 2 -13 2 -13 2 -13 1 -13 1 -13 1 -13 1 -13 1 -13 0 -13 0 -14 0 -14 0 -13 -1 -14 -1 -14 -1 -14 -2 -14 -2 -14 -2 -14 0 0 0 0 0 0 0 0 0 0]"
"1769235456536125,CSI_DATA,STATION,00:00:00:00:00:00,0,0,0,0,0,0,0,0,0,0,0,0,0,0,0,0,0,0,0,0,0,128,[84 -64 4 0 0 0 0 0 0 0 0 0 -3 -15 -2 -16 -2 -15 -2 -16 -1 -16 -1 -16 0 -15 1 -16 0 -16 1 -15 2 -15 2 -15 2 -15 2 -14 2 -15 2 -14 3 -14 2 -13 2 -14 2 -14 2 -14 1 -13 2 -13 2 -13 2 -13 1 -13 0 0 1 -13 0 -12 0 -13 0 -12 0 -12 0 -12 -1 -12 -1 -12 -1 -12 -1 -12 -1 -12 -1 -12 -2 -12 -2 -13 -3 -12 -3 -12 -3 -12 -3 -13 -3 -12 -4 -12 -4 -12 -4 -12 -4 -12 -4 -12 -4 -13 -5 -12 0 0 0 0 0 0 0 0 0 0]"
"1769235456540439,CSI_DATA,STATION,00:00:00:00:00:00,0,0,0,0,0,0,0,0,0,0,0,0,0,0,0,0,0,0,0,0,0,128,[84 -64 4 0 0 0 0 0 0 0 0 0 13 6 13 7 13 8 13 8 12 9 12 9 12 8 12 9 11 9 11 10 11 10 10 10 11 10 10 10 10 10 10 9 10 9 10 9 9 9 9 10 9 9 9 9 9 9 9 9 9 8 9 8 0 0 9 7 9 7 9 7 9 7 9 7 9 6 9 6 10 6 10 5 10 5 10 5 10 5 11 5 11 5 11 4 11 4 11 4 11 3 11 3 11 3 12 3 12 3 12 3 12 3 12 2 12 2 0 0 0 0 0 0 0 0 0 0]"
"1769235456544754,CSI_DATA,STATION,00:00:00:00:00:00,0,0,0,0,0,0,0,0,0,0,0,0,0,0,0,0,0,0,0,0,0,128,[84 -64 4 0 0 0 0 0 0 0 0 0 12 7 12 9 12 9 11 9 11 10 11 10 10 10 10 11 10 11 9 11 10 10 9 10 9 11 9 11 8 11 8 11 8 11 8 10 8 11 7 11 7 11 7 10 7 9 7 10 8 9 8 9 0 0 8 8 7 9 8 9 7 8 8 8 8 8 8 8 8 7 8 7 9 7 9 7 9 7 9 7 10 6 9 6 10 6 10 6 10 6 10 6 10 6 11 5 10 6 11 5 11 5 11 5 11 5 0 0 0 0 0 0 0 0 0 0]"
"1769235456551220,CSI_DATA,STATION,00:00:00:00:00:00,0,0,0,0,0,0,0,0,0,0,0,0,0,0,0,0,0,0,0,0,0,128,[84 -64 4 0 0 0 0 0 0 0 0 0 15 -6 15 -6 14 -5 15 -5 15 -4 16 -4 15 -3 15 -3 15 -3 15 -2 15 -2 15 -1 14 -1 15 -1 15 -1 14 -1 14 0 13 -1 14 0 14 0 13 0 13 0 13 -1 13 0 13 -1 13 -1 0 0 12 -1 12 -1 12 -1 12 -2 12 -2 12 -2 11 -2 11 -3 12 -3 11 -3 11 -3 11 -3 11 -3 11 -3 11 -4 11 -4 11 -5 12 -5 12 -5 11 -5 11 -5 11 -5 11 -5 11 -6 11 -6 11 -7 0 0 0 0 0 0 0 0 0 0]"
"1769235456555541,CSI_DATA,STATION,00:00:00:00:00:00,0,0,0,0,0,0,0,0,0,0,0,0,0,0,0,0,0,0,0,0,0,128,[84 -64 4 0 0 0 0 0 0 0 0 0 -12 11 -12 10 -12 10 -12 9 -13 9 -13 9 -13 9 -14 7 -13 7 -14 7 -14 7 -14 6 -14 6 -14 6 -14 5 -14 6 -13 6 -13 5 -13 5 -13 5 -13 4 -13 5 -12 5 -13 5 -12 5 -12 5 0 0 -12 5 -11 5 -11 5 -11 5 -11 6 -11 5 -11 6 -11 6 -10 6 -10 7 -10 7 -10 7 -10 7 -10 7 -10 8 -10 8 -9 8 -10 8 -10 8 -10 8 -10 9 -9 9 -9 9 -9 9 -9 9 -9 9 0 0 0 0 0 0 0 0 0 0]"
"1769235456562054,CSI_DATA,STATION,00:00:00:00:00:00,0,0,0,0,0,0,0,0,0,0,0,0,0,0,0,0,0,0,0,0,0,128,[84 -64 4 0 0 0 0 0 0 0 0 0 -16 -6 -15 -6 -15 -7 -15 -7 -15 -8 -15 -9 -14 -9 -14 -9 -13 -9 -13 -10 -13 -9 -13 -9 -13 -10 -12 -10 -12 -10 -12 -10 -12 -10 -12 -10 -11 -10 -11 -10 -11 -9 -11 -9 -11 -9 -11 -9 -11 -9 -11 -8 0 0 -10 -8 -11 -8 -11 -7 -11 -7 -11 -7 -11 -7 -11 -7 -11 -7 -11 -6 -12 -6 -12 -6 -12 -6 -12 -5 -12 -5 -12 -5 -12 -4 -13 -5 -12 -4 -13 -4 -13 -4 -13 -4 -13 -4 -14 -4 -14 -3 -13 -3 -13 -3 0 0 0 0 0 0 0 0 0 0]"
"1769235456566437,CSI_DATA,STATION,00:00:00:00:00:00,0,0,0,0,0,0,0,0,0,0,0,0,0,0,0,0,0,0,0,0,0,128,[84 -64 4 0 0 0 0 0 0 0 0 0 -1 15 -2 15 -3 15 -3 15 -4 15 -4 15 -5 15 -5 15 -6 14 -5 15 -6 14 -5 13 -6 13 -6 14 -6 13 -6 13 -6 12 -7 12 -6 12 -6 12 -6 12 -6 12 -6 12 -6 11 -6 11 -5 12 0 0 -5 11 -4 12 -4 11 -4 12 -4 11 -4 11 -3 11 -3 11 -3 11 -3 12 -3 11 -2 12 -2 12 -2 12 -2 12 -2 12 -1 12 -1 12 -1 12 -1 12 0 13 0 12 0 13 1 12 0 13 1 13 0 0 0 0 0 0 0 0 0 0]"
"1769235456570815,CSI_DATA,STATION,00:00:00:00:00:00,0,0,0,0,0,0,0,0,0,0,0,0,0,0,0,0,0,0,0,0,0,128,[84 -64 4 0 0 0 0 0 0 0 0 0 -1 -16 -1 -16 0 -16 0 -16 1 -16 1 -16 1 -15 2 -16 2 -15 3 -15 3 -15 3 -15 4 -14 3 -14 3 -14 3 -14 4 -14 4 -13 4 -14 3 -13 3 -13 3 -13 3 -13 4 -13 3 -12 3 -13 0 0 2 -13 2 -12 2 -12 2 -13 2 -12 1 -13 1 -12 1 -13 1 -13 1 -12 0 -13 0 -12 0 -13 0 -13 -1 -13 -1 -13 -1 -13 -1 -13 -2 -13 -2 -13 -2 -13 -2 -13 -2 -13 -2 -13 -2 -13 -3 -13 0 0 0 0 0 0 0 0 0 0]"
"1769235456577345,CSI_DATA,STATION,00:00:00:00:00:00,0,0,0,0,0,0,0,0,0,0,0,0,0,0,0,0,0,0,0,0,0,128,[84 -64 4 0 0 0 0 0 0 0 0 0 14 3 14 3 13 4 14 4 14 5 13 5 13 6 13 6 12 6 12 7 12 7 12 7 12 7 11 7 11 7 11 7 11 7 11 7 10 7 10 7 10 8 10 7 10 7 10 7 10 6 10 6 0 0 10 6 10 5 10 5 10 5 10 5 10 5 10 4 10 5 10 4 10 4 10 3 10 4 11 4 11 3 11 3 11 2 11 2 11 2 12 2 11 2 12 2 12 2 12 2 12 2 12 1 12 1 0 0 0 0 0 0 0 0 0 0]"
"1769235456581650,CSI_DATA,STATION,00:00:00:00:00:00,0,0,0,0,0,0,0,0,0,0,0,0,0,0,0,0,0,0,0,0,0,128,[84 -64 4 0 0 0 0 0 0 0 0 0 7 -15 8 -15 8 -14 9 -14 9 -14 10 -14 10 -13 10 -13 10 -12 11 -12 11 -12 11 -12 11 -12 11 -11 11 -11 10 -11 11 -11 10 -10 11 -10 11 -9 11 -9 10 -10 10 -9 10 -10 9 -9 9 -10 0 0 9 -10 9 -9 9 -10 8 -9 8 -10 8 -10 8 -10 8 -10 8 -11 7 -10 7 -11 7 -11 7 -11 7 -11 7 -11 7 -12 6 -12 7 -12 6 -12 7 -12 6 -12 6 -12 6 -13 5 -13 6 -13 6 -14 0 0 0 0 0 0 0 0 0 0]"
"1769235456588130,CSI_DATA,STATION,00:00:00:00:00:00,0,0,0,0,0,0,0,0,0,0,0,0,0,0,0,0,0,0,0,0,0,128,[84 -64 4 0 0 0 0 0 0 0 0 0 13 -1 14 -1 14 0 14 0 13 1 13 1 13 1 13 2 13 2 13 3 13 3 13 3 12 3 12 3 13 3 12 3 12 3 11 4 11 4 11 4 11 4 11 3 11 3 11 3 11 3 11 2 0 0 11 2 10 2 11 2 10 1 11 2 10 1 10 1 10 1 10 1 10 0 10 0 11 0 11 0 11 0 11 -1 11 -1 11 -1 11 -2 11 -2 11 -1 11 -2 11 -2 11 -2 11 -2 12 -2 12 -3 0 0 0 0 0 0 0 0 0 0]"
"1769235456592464,CSI_DATA,STATION,00:00:00:00:00:00,0,0,0,0,0,0,0,0,0,0,0,0,0,0,0,0,0,0,0,0,0,128,[84 -64 4 0 0 0 0 0 0 0 0 0 3 -16 4 -15 4 -15 4 -16 5 -15 5 -15 6 -14 6 -14 7 -14 7 -14 7 -13 7 -13 7 -13 7 -13 8 -13 7 -12 8 -12 8 -12 7 -12 7 -11 7 -11 7 -11 7 -11 7 -11 6 -11 6 -11 0 0 6 -11 5 -11 5 -11 5 -11 5 -11 5 -11 4 -11 4 -11 4 -12 4 -12 4 -12 3 -12 3 -12 3 -12 3 -12 3 -12 3 -13 3 -13 3 -13 3 -13 2 -13 2 -13 2 -13 2 -13 1 -14 1 -13 0 0 0 0 0 0 0 0 0 0]"
"1769235456603224,CSI_DATA,STATION,00:00:00:00:00:00,0,0,0,0,0,0,0,0,0,0,0,0,0,0,0,0,0,0,0,0,0,128,[84 -64 4 0 0 0 0 0 0 0 0 0 -14 -9 -13 -10 -13 -11 -12 -11 -12 -11 -12 -11 -11 -12 -11 -12 -11 -12 -10 -13 -10 -12 -10 -12 -9 -13 -9 -13 -9 -13 -9 -12 -9 -12 -9 -12 -8 -12 -8 -13 -8 -12 -9 -12 -8 -11 -8 -12 -8 -11 -8 -11 0 0 -8 -11 -8 -10 -8 -10 -8 -10 -9 -10 -8 -10 -9 -10 -9 -10 -9 -9 -10 -9 -10 -9 -10 -9 -10 -9 -10 -9 -11 -8 -11 -8 -11 -9 -11 -8 -11 -8 -11 -8 -12 -8 -12 -8 -12 -8 -13 -8 -13 -8 -13 -8 0 0 0 0 0 0 0 0 0 0]"
"1769235456609873,CSI_DATA,STATION,00:00:00:00:00:00,0,0,0,0,0,0,0,0,0,0,0,0,0,0,0,0,0,0,0,0,0,128,[84 -64 4 0 0 0 0 0 0 0 0 0 -10 11 -11 11 -11 11 -10 10 -11 10 -12 10 -12 9 -13 9 -12 9 -13 8 -13 8 -13 8 -12 8 -12 8 -12 7 -13 7 -13 7 -12 8 -12 6 -12 6 -12 6 -12 6 -12 6 -11 7 -11 6 -11 7 0 0 -11 7 -10 6 -10 7 -10 7 -10 7 -10 7 -10 7 -10 7 -10 8 -10 8 -9 8 -10 8 -9 8 -9 8 -10 9 -9 9 -9 9 -9 9 -9 10 -9 9 -9 10 -9 10 -9 10 -9 10 -9 10 -8 11 0 0 0 0 0 0 0 0 0 0]"
"1769235456614245,CSI_DATA,STATION,00:00:00:00:00:00,0,0,0,0,0,0,0,0,0,0,0,0,0,0,0,0,0,0,0,0,0,128,[84 -64 4 0 0 0 0 0 0 0 0 0 -5 -14 -4 -15 -4 -15 -4 -15 -3 -15 -3 -15 -2 -15 -1 -15 -1 -14 -1 -15 -1 -15 -1 -14 0 -14 0 -14 -1 -14 0 -14 0 -13 0 -13 0 -13 0 -14 0 -13 0 -13 0 -13 0 -12 -1 -13 -1 -13 0 0 -1 -12 -1 -12 -1 -12 -2 -12 -2 -12 -2 -12 -2 -12 -2 -12 -2 -12 -3 -12 -3 -12 -3 -12 -4 -12 -4 -12 -4 -12 -4 -12 -4 -13 -5 -13 -5 -13 -4 -13 -5 -13 -5 -12 -5 -13 -6 -13 -6 -13 -6 -13 0 0 0 0 0 0 0 0 0 0]"
"1769235456620601,CSI_DATA,STATION,00:00:00:00:00:00,0,0,0,0,0,0,0,0,0,0,0,0,0,0,0,0,0,0,0,0,0,128,[84 -64 4 0 0 0 0 0 0 0 0 0 12 -6 12 -6 12 -5 13 -5 13 -5 13 -4 13 -4 13 -3 13 -3 13 -3 13 -2 13 -2 13 -2 13 -2 12 -2 12 -2 12 -1 12 -1 12 -1 12 -1 12 -1 12 -1 11 -1 12 -1 11 -2 11 -2 0 0 11 -2 10 -2 11 -2 11 -3 11 -2 11 -3 11 -3 11 -3 11 -3 10 -3 10 -4 11 -3 11 -4 11 -4 11 -5 11 -5 11 -4 11 -5 11 -5 11 -5 11 -6 11 -5 11 -5 11 -6 11 -6 11 -6 0 0 0 0 0 0 0 0 0 0]"
"1769235456624843,CSI_DATA,STATION,00:00:00:00:00:00,0,0,0,0,0,0,0,0,0,0,0,0,0,0,0,0,0,0,0,0,0,128,[84 -64 4 0 0 0 0 0 0 0 0 0 12 -6 12 -5 12 -4 13 -4 13 -4 13 -3 13 -3 13 -2 13 -2 14 -1 13 -2 13 -2 13 -1 12 -1 12 -1 12 -1 12 -1 12 0 12 0 12 0 12 0 11 -1 11 -1 11 -1 11 -1 11 -1 0 0 11 -1 11 -2 11 -2 11 -2 10 -2 10 -2 11 -2 10 -2 10 -2 10 -3 10 -3 11 -3 11 -3 11 -3 11 -4 11 -4 11 -4 11 -4 11 -5 11 -4 12 -5 11 -4 11 -5 11 -5 11 -5 11 -5 0 0 0 0 0 0 0 0 0 0]"
"1769235456631322,CSI_DATA,STATION,00:00:00:00:00:00,0,0,0,0,0,0,0,0,0,0,0,0,0,0,0,0,0,0,0,0,0,128,[84 -64 4 0 0 0 0 0 0 0 0 0 -13 0 -14 0 -13 -1 -14 -1 -14 -2 -14 -2 -13 -2 -13 -3 -13 -3 -13 -3 -13 -3 -13 -3 -12 -4 -12 -4 -12 -4 -12 -3 -12 -4 -11 -4 -12 -4 -12 -4 -11 -4 -11 -4 -11 -3 -11 -3 -11 -3 -11 -3 0 0 -11 -2 -11 -2 -11 -2 -11 -2 -11 -2 -11 -2 -11 -1 -12 -1 -11 -1 -12 -1 -12 0 -12 0 -11 0 -12 1 -12 0 -12 1 -12 0 -12 1 -12 1 -13 1 -12 2 -12 2 -12 1 -12 2 -12 2 -13 2 0 0 0 0 0 0 0 0 0 0]"
"1769235456635618,CSI_DATA,STATION,00:00:00:00:00:00,0,0,0,0,0,0,0,0,0,0,0,0,0,0,0,0,0,0,0,0,0,128,[84 -64 4 0 0 0 0 0 0 0 0 0 -13 -3 -13 -4 -13 -4 -13 -4 -12 -4 -13 -5 -12 -5 -12 -5 -12 -6 -12 -6 -12 -6 -11 -6 -11 -6 -11 -7 -11 -6 -10 -6 -11 -6 -10 -6 -11 -7 -10 -7 -10 -6 -10 -6 -10 -6 -10 -6 -10 -6 -10 -6 0 0 -10 -5 -10 -5 -10 -5 -10 -4 -10 -5 -10 -4 -10 -4 -10 -4 -10 -4 -10 -4 -11 -3 -11 -4 -11 -4 -11 -4 -11 -3 -11 -3 -11 -3 -12 -3 -12 -3 -12 -3 -12 -3 -12 -2 -12 -3 -12 -3 -12 -2 -13 -2 0 0 0 0 0 0 0 0 0 0]"
"1769235456642090,CSI_DATA,STATION,00:00:00:00:00:00,0,0,0,0,0,0,0,0,0,0,0,0,0,0,0,0,0,0,0,0,0,128,[84 -64 4 0 0 0 0 0 0 0 0 0 -3 -12 -2 -13 -2 -12 -2 -13 -1 -13 -1 -13 -1 -13 -1 -13 0 -12 0 -13 1 -12 1 -12 1 -12 1 -12 1 -12 1 -11 1 -11 2 -11 1 -12 1 -11 1 -11 1 -11 2 -11 1 -11 1 -11 1 -11 0 0 1 -11 0 -10 0 -11 0 -11 0 -11 -1 -11 -1 -11 -1 -11 -1 -11 -1 -11 -1 -11 -1 -11 -1 -11 -1 -11 -2 -11 -2 -12 -2 -12 -2 -12 -2 -12 -2 -12 -2 -12 -3 -12 -2 -12 -3 -12 -3 -12 -3 -12 0 0 0 0 0 0 0 0 0 0]"
"1769235456646439,CSI_DATA,STATION,00:00:00:00:00:00,0,0,0,0,0,0,0,0,0,0,0,0,0,0,0,0,0,0,0,0,0,128,[84 -64 4 0 0 0 0 0 0 0 0 0 9 -8 9 -8 9 -7 9 -7 10 -7 10 -7 10 -6 10 -6 10 -6 11 -5 10 -5 10 -5 10 -5 10 -4 10 -4 9 -5 10 -4 9 -4 10 -4 10 -4 10 -4 10 -4 9 -4 10 -4 9 -4 9 -4 0 0 9 -4 9 -5 9 -4 9 -5 8 -5 9 -5 9 -5 9 -5 9 -6 8 -5 8 -6 8 -6 9 -6 9 -6 9 -6 9 -7 8 -7 9 -7 9 -7 9 -7 9 -7 9 -7 9 -7 9 -8 9 -8 9 -8 0 0 0 0 0 0 0 0 0 0]"
"1769235456650753,CSI_DATA,STATION,00:00:00:00:00:00,0,0,0,0,0,0,0,0,0,0,0,0,0,0,0,0,0,0,0,0,0,128,[84 -64 4 0 0 0 0 0 0 0 0 0 -12 2 -12 1 -12 1 -12 0 -13 0 -13 0 -12 0 -13 -1 -12 -1 -12 -1 -12 -2 -11 -2 -12 -2 -12 -2 -12 -2 -11 -1 -12 -2 -12 -2 -11 -3 -11 -3 -11 -3 -11 -2 -11 -2 -11 -2 -11 -2 -10 -2 0 0 -10 -1 -11 -1 -10 -1 -11 -1 -11 -1 -11 -1 -11 -1 -11 -1 -11 0 -12 -1 -11 0 -12 0 -11 0 -12 0 -12 0 -12 1 -12 0 -12 1 -12 1 -12 1 -12 1 -12 1 -12 1 -13 1 -12 1 -13 2 0 0 0 0 0 0 0 0 0 0]"
"1769235456657211,CSI_DATA,STATION,00:00:00:00:00:00,0,0,0,0,0,0,0,0,0,0,0,0,0,0,0,0,0,0,0,0,0,128,[84 -64 4 0 0 0 0 0 0 0 0 0 -9 8 -9 8 -10 7 -10 7 -10 7 -11 7 -11 6 -11 6 -11 5 -11 5 -11 5 -11 5 -11 5 -10 5 -11 4 -11 5 -11 4 -10 3 -11 4 -11 4 -10 4 -11 4 -10 4 -11 4 -10 4 -10 4 0 0 -10 4 -10 5 -9 5 -10 5 -10 5 -10 5 -9 5 -10 5 -9 6 -10 6 -10 6 -10 6 -9 6 -10 6 -10 6 -10 7 -9 6 -10 7 -10 7 -10 7 -10 7 -10 7 -10 7 -10 8 -10 8 -10 8 0 0 0 0 0 0 0 0 0 0]"
"1769235456661515,CSI_DATA,STATION,00:00:00:00:00:00,0,0,0,0,0,0,0,0,0,0,0,0,0,0,0,0,0,0,0,0,0,128,[84 -64 4 0 0 0 0 0 0 0 0 0 12 0 12 1 12 1 12 2 12 2 13 2 12 2 12 3 12 3 12 3 12 3 12 3 11 4 11 4 11 4 10 4 11 4 10 4 10 4 10 4 10 4 10 4 11 4 10 4 10 4 11 3 0 0 10 3 10 3 10 3 11 2 10 3 10 2 10 2 10 2 10 2 11 2 10 1 11 2 11 2 11 1 11 1 12 1 11 1 12 0 12 0 11 0 12 0 12 1 12 0 12 0 12 0 13 0 0 0 0 0 0 0 0 0 0 0]"
"1769235456667985,CSI_DATA,STATION,00:00:00:00:00:00,0,0,0,0,0,0,0,0,0,0,0,0,0,0,0,0,0,0,0,0,0,128,[84 -64 4 0 0 0 0 0 0 0 0 0 -11 6 -11 6 -11 6 -12 5 -11 5 -12 5 -12 4 -13 4 -12 4 -12 3 -12 3 -12 3 -12 3 -12 3 -12 2 -12 3 -12 2 -11 1 -12 1 -11 2 -11 1 -11 2 -11 2 -11 2 -11 2 -11 2 0 0 -11 2 -11 3 -11 3 -11 3 -11 2 -11 2 -11 3 -10 3 -10 3 -10 4 -11 4 -11 4 -11 4 -11 4 -11 4 -11 5 -10 4 -11 5 -11 5 -11 5 -11 5 -11 5 -11 5 -11 6 -11 6 -11 6 0 0 0 0 0 0 0 0 0 0]"
"1769235456672305,CSI_DATA,STATION,00:00:00:00:00:00,0,0,0,0,0,0,0,0,0,0,0,0,0,0,0,0,0,0,0,0,0,128,[84 -64 4 0 0 0 0 0 0 0 0 0 -12 2 -12 1 -12 1 -12 0 -12 0 -13 0 -13 -1 -12 -1 -12 -1 -12 -1 -12 -1 -12 -2 -12 -2 -12 -2 -12 -2 -11 -1 -11 -2 -11 -2 -11 -2 -11 -2 -11 -2 -11 -2 -11 -1 -11 -2 -11 -2 -11 -1 0 0 -10 -1 -11 -1 -11 -1 -11 0 -11 -1 -11 0 -11 0 -11 0 -11 0 -11 1 -11 1 -11 0 -10 1 -11 1 -11 1 -11 2 -11 1 -11 2 -11 2 -11 2 -11 3 -11 3 -11 3 -11 3 -12 3 -11 3 0 0 0 0 0 0 0 0 0 0]"
"1769235456676612,CSI_DATA,STATION,00:00:00:00:00:00,0,0,0,0,0,0,0,0,0,0,0,0,0,0,0,0,0,0,0,0,0,128,[84 -64 4 0 0 0 0 0 0 0 0 0 13 -2 13 -2 13 -1 13 -1 14 -1 14 0 14 1 13 1 14 1 14 1 13 2 13 1 13 2 12 2 13 2 13 2 12 3 12 3 12 2 12 2 12 3 12 2 12 2 12 2 12 2 11 1 0 0 11 1 12 1 11 1 12 1 12 1 11 1 12 0 12 0 11 0 11 0 11 -1 12 0 12 0 12 -1 12 -2 12 -2 12 -1 13 -2 12 -2 12 -2 13 -2 12 -2 13 -2 12 -2 13 -3 13 -3 0 0 0 0 0 0 0 0 0 0]"
"1769235456683080,CSI_DATA,STATION,00:00:00:00:00:00,0,0,0,0,0,0,0,0,0,0,0,0,0,0,0,0,0,0,0,0,0,128,[84 -64 4 0 0 0 0 0 0 0 0 0 7 12 6 12 6 13 6 13 6 13 5 13 5 13 5 14 4 13 3 14 4 13 3 14 3 13 3 13 3 13 3 13 2 13 3 12 2 13 2 13 2 12 2 13 2 12 2 13 2 12 2 12 0 0 3 12 3 12 3 11 3 11 4 11 4 12 4 11 4 12 5 11 5 11 5 11 5 11 5 11 6 11 6 11 6 11 7 11 6 11 7 11 6 11 7 11 7 11 7 11 8 11 8 11 8 11 0 0 0 0 0 0 0 0 0 0]"
"1769235456687391,CSI_DATA,STATION,00:00:00:00:00:00,0,0,0,0,0,0,0,0,0,0,0,0,0,0,0,0,0,0,0,0,0,128,[84 -64 4 0 0 0 0 0 0 0 0 0 6 11 6 12 5 12 5 12 5 12 5 12 4 12 3 13 4 13 3 13 3 12 2 12 2 13 2 13 2 13 2 12 2 12 1 12 2 12 2 12 1 12 2 12 1 12 2 12 2 12 2 11 0 0 2 11 2 11 2 11 2 11 3 11 3 11 3 11 4 11 3 10 3 11 4 10 4 11 4 11 4 10 4 11 5 10 5 10 5 11 5 10 5 10 6 11 6 11 6 11 6 10 6 11 6 11 0 0 0 0 0 0 0 0 0 0]"
"1769235456691698,CSI_DATA,STATION,00:00:00:00:00:00,0,0,0,0,0,0,0,0,0,0,0,0,0,0,0,0,0,0,0,0,0,128,[84 -64 4 0 0 0 0 0 0 0 0 0 11 9 10 9 9 10 9 10 9 11 9 11 9 11 8 12 8 11 8 12 7 11 7 11 7 11 7 11 6 11 6 11 6 11 6 11 6 11 6 12 6 11 6 11 6 11 6 11 6 10 6 10 0 0 6 10 6 10 6 9 6 9 7 9 7 9 7 9 7 9 8 8 8 8 8 8 8 9 8 9 9 8 9 8 9 8 9 7 10 7 10 7 9 7 10 7 10 7 10 7 10 7 11 7 10 7 0 0 0 0 0 0 0 0 0 0]"
"1769235456698178,CSI_DATA,STATION,00:00:00:00:00:00,0,0,0,0,0,0,0,0,0,0,0,0,0,0,0,0,0,0,0,0,0,128,[84 -64 4 0 0 0 0 0 0 0 0 0 12 -2 12 -2 13 -1 13 -1 12 0 13 -1 13 0 13 1 12 1 13 1 12 1 12 1 12 2 12 2 12 2 12 1 11 2 11 2 12 2 11 2 11 2 11 2 11 2 11 2 11 2 11 1 0 0 11 1 11 0 11 1 11 0 11 0 11 0 11 0 10 0 10 -1 10 -1 10 -1 11 -1 11 -1 11 -1 11 -2 11 -2 11 -2 11 -3 11 -2 11 -3 11 -3 11 -3 12 -3 11 -3 11 -3 12 -3 0 0 0 0 0 0 0 0 0 0]"
"1769235456702483,CSI_DATA,STATION,00:00:00:00:00:00,0,0,0,0,0,0,0,0,0,0,0,0,0,0,0,0,0,0,0,0,0,128,[84 -64 4 0 0 0 0 0 0 0 0 0 8 -13 9 -13 9 -12 9 -12 10 -12 10 -11 10 -12 11 -11 11 -10 11 -10 11 -10 11 -10 11 -9 11 -9 12 -9 11 -9 11 -9 11 -9 11 -8 11 -8 11 -8 10 -9 10 -8 10 -9 10 -8 10 -9 0 0 10 -9 10 -9 9 -9 9 -9 9 -9 9 -9 9 -9 8 -10 8 -10 8 -10 8 -10 8 -10 8 -10 7 -10 8 -11 7 -11 7 -12 7 -11 7 -12 7 -12 7 -12 7 -12 7 -12 7 -12 7 -13 6 -13 0 0 0 0 0 0 0 0 0 0]"
"1769235456708965,CSI_DATA,STATION,00:00:00:00:00:00,0,0,0,0,0,0,0,0,0,0,0,0,0,0,0,0,0,0,0,0,0,128,[84 -64 4 0 0 0 0 0 0 0 0 0 -15 4 -15 4 -15 3 -16 3 -15 2 -16 2 -16 2 -16 1 -16 1 -16 0 -16 1 -16 1 -15 0 -16 0 -15 -1 -15 0 -15 0 -14 -1 -15 -1 -15 0 -14 -1 -14 -1 -14 0 -14 0 -14 0 -14 0 0 0 -13 1 -13 1 -13 1 -14 1 -13 1 -13 1 -13 2 -13 2 -13 2 -13 3 -13 4 -13 3 -13 3 -13 4 -13 4 -13 5 -13 4 -13 5 -13 5 -13 5 -13 6 -13 5 -13 5 -13 6 -13 6 -13 6 0 0 0 0 0 0 0 0 0 0]"
"1769235456713384,CSI_DATA,STATION,00:00:00:00:00:00,0,0,0,0,0,0,0,0,0,0,0,0,0,0,0,0,0,0,0,0,0,128,[84 -64 4 0 0 0 0 0 0 0 0 0 10 7 10 8 10 8 10 9 9 10 9 10 8 9 8 10 8 10 8 11 8 10 7 10 7 10 7 10 7 11 7 10 7 10 6 10 6 10 6 10 6 10 6 10 6 10 6 9 6 9 6 9 0 0 6 9 6 9 6 8 6 9 7 9 6 8 7 9 7 8 7 8 8 8 7 8 8 8 8 8 8 8 8 8 9 8 9 7 9 7 9 7 9 7 9 7 9 7 9 7 10 7 10 7 10 7 0 0 0 0 0 0 0 0 0 0]"
"1769235456717626,CSI_DATA,STATION,00:00:00:00:00:00,0,0,0,0,0,0,0,0,0,0,0,0,0,0,0,0,0,0,0,0,0,128,[84 -64 4 0 0 0 0 0 0 0 0 0 12 -4 12 -3 12 -3 12 -2 12 -2 13 -2 13 -1 13 -1 13 0 13 -1 13 0 12 -1 12 0 12 1 12 1 11 0 12 1 12 1 12 1 11 1 12 1 11 1 11 0 11 1 11 0 11 0 0 0 11 0 10 0 10 0 11 0 11 0 11 -1 10 -1 11 -1 11 -1 11 -2 10 -2 11 -2 11 -2 11 -2 11 -2 11 -2 11 -3 11 -3 11 -3 11 -3 12 -4 11 -3 11 -4 11 -4 12 -4 11 -4 0 0 0 0 0 0 0 0 0 0]"
"1769235456723967,CSI_DATA,STATION,00:00:00:00:00:00,0,0,0,0,0,0,0,0,0,0,0,0,0,0,0,0,0,0,0,0,0,128,[84 -64 4 0 0 0 0 0 0 0 0 0 -12 -8 -12 -8 -11 -8 -12 -9 -11 -9 -11 -10 -10 -10 -10 -10 -10 -10 -10 -10 -10 -10 -9 -10 -9 -11 -9 -11 -9 -11 -8 -10 -8 -11 -8 -10 -8 -11 -7 -11 -8 -10 -8 -10 -8 -10 -8 -10 -8 -10 -8 -10 0 0 -8 -9 -8 -9 -8 -9 -7 -8 -8 -9 -8 -9 -8 -9 -9 -9 -9 -9 -9 -8 -9 -8 -9 -8 -9 -8 -10 -8 -9 -8 -10 -8 -10 -8 -10 -8 -10 -8 -10 -8 -11 -8 -11 -8 -11 -8 -11 -8 -11 -7 -12 -7 0 0 0 0 0 0 0 0 0 0]"
"1769235456728251,CSI_DATA,STATION,00:00:00:00:00:00,0,0,0,0,0,0,0,0,0,0,0,0,0,0,0,0,0,0,0,0,0,128,[84 -64 4 0 0 0 0 0 0 0 0 0 -7 11 -7 11 -8 11 -8 11 -8 11 -9 10 -9 10 -10 10 -9 9 -11 9 -10 9 -10 9 -10 8 -10 8 -10 8 -10 9 -10 8 -10 8 -9 8 -10 7 -9 7 -9 7 -10 8 -9 8 -9 7 -9 8 0 0 -8 8 -8 8 -7 8 -9 8 -8 8 -8 8 -7 8 -8 9 -7 9 -8 9 -7 9 -7 9 -7 9 -6 9 -7 10 -6 10 -6 10 -7 10 -6 10 -6 10 -6 10 -5 11 -6 11 -6 11 -6 11 -6 11 0 0 0 0 0 0 0 0 0 0]"
"1769235456734609,CSI_DATA,STATION,00:00:00:00:00:00,0,0,0,0,0,0,0,0,0,0,0,0,0,0,0,0,0,0,0,0,0,128,[84 -64 4 0 0 0 0 0 0 0 0 0 -14 1 -14 1 -14 0 -14 0 -14 -1 -14 -1 -14 -1 -14 -2 -13 -2 -14 -2 -14 -2 -13 -2 -13 -3 -13 -3 -13 -3 -13 -3 -13 -3 -13 -3 -12 -4 -12 -3 -12 -3 -12 -3 -12 -3 -12 -3 -11 -2 -12 -2 0 0 -11 -2 -12 -2 -12 -1 -11 -1 -12 -2 -11 -1 -12 -1 -12 -1 -11 -1 -12 0 -12 0 -12 0 -12 0 -12 0 -12 0 -12 1 -12 0 -12 1 -12 1 -13 1 -13 2 -13 1 -13 2 -13 2 -13 2 -13 2 0 0 0 0 0 0 0 0 0 0]"
"1769235456738846,CSI_DATA,STATION,00:00:00:00:00:00,0,0,0,0,0,0,0,0,0,0,0,0,0,0,0,0,0,0,0,0,0,128,[84 -64 4 0 0 0 0 0 0 0 0 0 -2 -13 -2 -14 -2 -14 -2 -13 -1 -14 -1 -14 0 -14 0 -14 0 -14 1 -14 2 -13 2 -13 2 -13 2 -13 2 -13 1 -13 2 -12 2 -12 2 -12 2 -12 2 -12 2 -12 2 -12 2 -12 1 -12 1 -12 0 0 1 -11 0 -12 0 -11 0 -12 0 -12 0 -12 0 -12 0 -11 -1 -11 0 -12 -1 -12 -1 -11 -1 -12 -1 -12 -1 -12 -2 -12 -2 -12 -2 -12 -2 -12 -2 -12 -2 -12 -3 -12 -2 -12 -3 -12 -3 -13 -3 -13 0 0 0 0 0 0 0 0 0 0]"
"1769235456743082,CSI_DATA,STATION,00:00:00:00:00:00,0,0,0,0,0,0,0,0,0,0,0,0,0,0,0,0,0,0,0,0,0,128,[84 -64 4 0 0 0 0 0 0 0 0 0 -10 -9 -10 -10 -9 -10 -9 -11 -9 -11 -8 -11 -8 -11 -8 -11 -7 -11 -7 -12 -7 -11 -6 -11 -7 -12 -6 -11 -6 -12 -6 -11 -6 -11 -6 -10 -5 -11 -6 -11 -5 -11 -5 -11 -5 -10 -6 -10 -5 -10 -6 -10 0 0 -6 -10 -6 -10 -6 -10 -6 -10 -6 -10 -6 -9 -7 -9 -7 -9 -7 -9 -7 -9 -8 -9 -8 -9 -8 -9 -8 -9 -8 -8 -8 -9 -8 -8 -9 -9 -9 -9 -9 -9 -9 -9 -9 -9 -9 -8 -10 -8 -9 -8 -10 -8 0 0 0 0 0 0 0 0 0 0]"
"1769235456749427,CSI_DATA,STATION,00:00:00:00:00:00,0,0,0,0,0,0,0,0,0,0,0,0,0,0,0,0,0,0,0,0,0,128,[84 -64 4 0 0 0 0 0 0 0 0 0 -13 -6 -12 -6 -12 -6 -12 -7 -12 -7 -12 -7 -11 -8 -10 -8 -10 -9 -10 -9 -10 -8 -10 -8 -10 -9 -9 -9 -9 -9 -9 -9 -9 -8 -9 -9 -9 -8 -8 -9 -9 -8 -9 -9 -9 -8 -9 -8 -8 -8 -8 -8 0 0 -8 -7 -9 -7 -8 -7 -8 -7 -9 -7 -9 -7 -9 -6 -9 -7 -9 -6 -10 -6 -10 -6 -10 -6 -10 -6 -10 -6 -10 -5 -10 -5 -10 -6 -10 -5 -11 -5 -11 -5 -11 -5 -11 -5 -11 -5 -12 -5 -11 -5 -12 -4 0 0 0 0 0 0 0 0 0 0]"
"1769235456753663,CSI_DATA,STATION,00:00:00:00:00:00,0,0,0,0,0,0,0,0,0,0,0,0,0,0,0,0,0,0,0,0,0,128,[84 -64 4 0 0 0 0 0 0 0 0 0 -2 14 -2 14 -3 14 -3 14 -3 14 -4 14 -4 13 -5 13 -6 13 -5 13 -5 13 -5 12 -6 12 -6 12 -6 12 -6 12 -6 12 -6 11 -6 11 -6 11 -6 11 -5 11 -5 11 -5 11 -5 10 -5 11 0 0 -4 11 -4 10 -4 11 -4 11 -3 10 -3 11 -3 11 -3 11 -3 11 -3 11 -2 11 -2 11 -2 11 -2 12 -2 12 -1 12 -1 12 -1 12 -1 12 -1 12 0 12 0 12 0 12 0 12 0 13 1 12 0 0 0 0 0 0 0 0 0 0]"
"1769235456760007,CSI_DATA,STATION,00:00:00:00:00:00,0,0,0,0,0,0,0,0,0,0,0,0,0,0,0,0,0,0,0,0,0,128,[84 -64 4 0 0 0 0 0 0 0 0 0 3 -15 4 -15 4 -14 4 -14 4 -14 5 -14 6 -14 6 -14 6 -13 6 -13 6 -12 7 -12 7 -12 7 -12 7 -12 6 -11 7 -12 7 -12 7 -11 7 -11 6 -11 6 -11 6 -11 6 -11 5 -10 6 -11 0 0 5 -11 4 -10 5 -11 4 -10 5 -11 4 -11 4 -11 4 -11 4 -11 3 -11 4 -12 3 -11 3 -12 3 -12 3 -12 3 -12 2 -12 2 -13 2 -13 2 -12 2 -13 2 -12 2 -13 2 -13 2 -13 2 -13 0 0 0 0 0 0 0 0 0 0]"
"1769235456766434,CSI_DATA,STATION,00:00:00:00:00:00,0,0,0,0,0,0,0,0,0,0,0,0,0,0,0,0,0,0,0,0,0,128,[84 -64 4 0 0 0 0 0 0 0 0 0 -15 -5 -14 -6 -14 -6 -14 -6 -14 -7 -14 -7 -13 -7 -13 -7 -12 -8 -13 -8 -12 -8 -12 -8 -12 -9 -12 -9 -12 -9 -11 -9 -11 -9 -11 -8 -10 -9 -11 -9 -10 -8 -10 -8 -10 -8 -10 -8 -10 -8 -10 -7 0 0 -10 -7 -10 -7 -11 -7 -10 -6 -11 -7 -10 -7 -11 -6 -11 -6 -11 -6 -11 -6 -11 -5 -11 -5 -11 -6 -12 -5 -12 -5 -12 -5 -12 -5 -12 -5 -12 -4 -12 -4 -13 -4 -13 -4 -13 -5 -13 -4 -13 -4 -13 -4 0 0 0 0 0 0 0 0 0 0]"
"1769235456777199,CSI_DATA,STATION,00:00:00:00:00:00,0,0,0,0,0,0,0,0,0,0,0,0,0,0,0,0,0,0,0,0,0,128,[84 -64 4 0 0 0 0 0 0 0 0 0 14 -7 14 -6 14 -5 14 -5 15 -4 14 -4 15 -4 15 -3 15 -3 15 -2 14 -3 15 -2 14 -1 14 -2 14 -1 14 -2 13 -1 13 -1 13 -1 13 -1 13 -1 13 -1 13 -1 13 -1 12 -1 12 -2 0 0 13 -2 12 -2 12 -2 12 -2 12 -3 12 -2 12 -3 12 -4 12 -3 12 -4 11 -4 12 -4 12 -4 12 -4 12 -5 12 -5 12 -5 12 -5 12 -5 12 -6 12 -6 12 -6 12 -6 12 -6 12 -7 12 -7 0 0 0 0 0 0 0 0 0 0]"
"1769235456781527,CSI_DATA,STATION,00:00:00:00:00:00,0,0,0,0,0,0,0,0,0,0,0,0,0,0,0,0,0,0,0,0,0,128,[84 -64 4 0 0 0 0 0 0 0 0 0 15 -3 15 -2 15 -1 15 -2 15 -1 16 -1 15 0 15 1 15 1 15 1 15 1 14 1 14 2 14 2 14 2 14 2 13 2 13 2 13 2 13 2 13 3 12 2 12 2 13 2 12 2 13 1 0 0 12 1 12 1 13 1 12 0 13 1 12 0 12 0 12 0 12 -1 12 -1 12 -1 12 -1 12 -2 13 -2 13 -3 13 -3 13 -2 13 -3 13 -3 13 -3 13 -3 13 -3 13 -3 13 -4 13 -4 13 -4 0 0 0 0 0 0 0 0 0 0]"
"1769235456788033,CSI_DATA,STATION,00:00:00:00:00:00,0,0,0,0,0,0,0,0,0,0,0,0,0,0,0,0,0,0,0,0,0,128,[84 -64 4 0 0 0 0 0 0 0 0 0 11 -11 12 -11 12 -10 12 -10 13 -9 13 -10 13 -9 13 -8 13 -8 14 -7 13 -8 13 -7 13 -7 13 -7 14 -6 13 -6 13 -6 13 -6 12 -6 13 -6 12 -6 12 -6 12 -6 12 -6 12 -6 12 -7 0 0 11 -7 11 -7 11 -6 10 -7 11 -7 11 -7 10 -8 10 -8 10 -8 10 -8 10 -8 10 -9 10 -8 10 -9 9 -9 9 -10 9 -10 9 -10 9 -10 9 -10 9 -10 9 -10 9 -11 9 -11 9 -11 9 -12 0 0 0 0 0 0 0 0 0 0]"
"1769235456792407,CSI_DATA,STATION,00:00:00:00:00:00,0,0,0,0,0,0,0,0,0,0,0,0,0,0,0,0,0,0,0,0,0,128,[84 -64 4 0 0 0 0 0 0 0 0 0 16 0 15 1 15 1 15 2 15 2 15 3 15 3 15 3 15 3 15 4 14 5 14 5 14 5 13 5 13 5 13 4 13 5 13 5 13 5 13 5 12 4 12 4 12 5 12 5 12 5 12 4 0 0 12 3 12 3 12 3 12 3 12 3 12 3 12 2 12 2 12 2 12 2 12 2 12 2 13 2 13 1 13 0 13 0 13 0 14 0 14 0 13 -1 13 -1 13 -1 14 0 14 -1 14 0 14 -1 0 0 0 0 0 0 0 0 0 0]"
"1769235456799022,CSI_DATA,STATION,00:00:00:00:00:00,0,0,0,0,0,0,0,0,0,0,0,0,0,0,0,0,0,0,0,0,0,128,[84 -64 4 0 0 0 0 0 0 0 0 0 -2 -15 -2 -15 -2 -14 -1 -14 -1 -15 -1 -15 0 -14 0 -14 1 -15 1 -14 1 -14 2 -13 2 -14 2 -14 2 -13 2 -13 3 -13 3 -13 2 -13 3 -13 2 -13 2 -13 2 -12 2 -12 2 -12 2 -12 0 0 1 -12 1 -12 1 -12 1 -12 1 -12 0 -12 0 -12 0 -12 0 -12 0 -12 0 -12 0 -12 -1 -12 -1 -12 -1 -13 -1 -13 -1 -13 -1 -13 -1 -13 -2 -13 -2 -13 -2 -13 -2 -13 -2 -13 -2 -13 -2 -13 0 0 0 0 0 0 0 0 0 0]"
"1769235456803483,CSI_DATA,STATION,00:00:00:00:00:00,0,0,0,0,0,0,0,0,0,0,0,0,0,0,0,0,0,0,0,0,0,128,[84 -64 4 0 0 0 0 0 0 0 0 0 -12 7 -12 6 -12 6 -12 6 -13 5 -13 5 -13 5 -13 4 -13 4 -14 3 -13 3 -13 3 -13 3 -13 3 -13 2 -13 3 -12 3 -12 2 -12 2 -12 2 -12 2 -12 2 -12 2 -11 2 -11 2 -11 3 0 0 -11 3 -11 3 -11 4 -11 3 -10 4 -10 3 -10 4 -10 4 -10 5 -10 5 -10 5 -10 5 -10 5 -10 5 -10 6 -11 6 -10 6 -10 6 -10 7 -10 7 -10 7 -10 7 -10 7 -10 7 -10 8 -10 8 0 0 0 0 0 0 0 0 0 0]"
"1769235456807940,CSI_DATA,STATION,00:00:00:00:00:00,0,0,0,0,0,0,0,0,0,0,0,0,0,0,0,0,0,0,0,0,0,128,[84 -64 4 0 0 0 0 0 0 0 0 0 14 -8 13 -8 14 -7 14 -7 14 -7 14 -6 14 -5 15 -5 14 -5 15 -4 14 -4 14 -4 14 -3 14 -3 14 -3 14 -3 13 -3 13 -3 13 -2 13 -3 13 -2 13 -2 13 -3 13 -2 13 -3 12 -3 0 0 12 -3 12 -3 12 -4 12 -4 11 -4 12 -4 11 -4 11 -5 11 -5 11 -5 11 -6 11 -5 11 -5 11 -5 12 -6 11 -6 11 -7 11 -7 11 -7 11 -7 12 -7 11 -7 12 -7 11 -8 11 -8 11 -8 0 0 0 0 0 0 0 0 0 0]"
"1769235456814580,CSI_DATA,STATION,00:00:00:00:00:00,0,0,0,0,0,0,0,0,0,0,0,0,0,0,0,0,0,0,0,0,0,128,[84 -64 4 0 0 0 0 0 0 0 0 0 -16 3 -16 2 -16 2 -16 1 -16 1 -16 0 -16 0 -16 -1 -16 -1 -16 -1 -16 -1 -15 -1 -15 -2 -15 -2 -15 -2 -15 -1 -14 -2 -14 -2 -14 -2 -14 -2 -14 -2 -14 -2 -14 -2 -13 -2 -13 -1 -13 -1 0 0 -13 0 -13 0 -12 0 -13 0 -13 0 -13 0 -13 0 -13 1 -13 1 -13 2 -13 2 -13 2 -13 2 -13 2 -13 3 -13 3 -13 3 -13 3 -13 4 -13 4 -13 4 -13 4 -13 4 -13 5 -13 5 -13 5 0 0 0 0 0 0 0 0 0 0]"
"1769235456818824,CSI_DATA,STATION,00:00:00:00:00:00,0,0,0,0,0,0,0,0,0,0,0,0,0,0,0,0,0,0,0,0,0,128,[84 -64 4 0 0 0 0 0 0 0 0 0 14 3 15 4 14 4 14 5 13 5 14 5 13 7 13 7 13 6 13 7 12 7 12 7 12 7 12 7 11 7 11 6 11 7 11 7 11 7 10 7 10 7 11 7 10 6 10 6 10 6 11 6 0 0 10 5 10 5 10 5 10 4 11 5 10 4 10 4 10 4 11 4 11 3 11 3 11 3 12 3 12 3 11 2 12 2 12 2 12 2 12 1 12 2 12 2 12 2 12 1 12 1 13 1 13 0 0 0 0 0 0 0 0 0 0 0]"
"1769235456825294,CSI_DATA,STATION,00:00:00:00:00:00,0,0,0,0,0,0,0,0,0,0,0,0,0,0,0,0,0,0,0,0,0,128,[84 -64 4 0 0 0 0 0 0 0 0 0 -14 8 -15 8 -15 7 -16 7 -15 6 -16 6 -16 6 -16 5 -15 5 -16 5 -16 4 -15 4 -15 4 -16 3 -15 3 -15 3 -15 3 -14 3 -14 3 -14 3 -14 3 -14 3 -14 3 -14 3 -14 3 -13 4 0 0 -13 4 -13 3 -13 4 -12 4 -13 4 -12 4 -12 5 -12 5 -12 5 -12 6 -12 6 -12 5 -12 6 -12 7 -12 6 -12 7 -12 7 -12 7 -12 8 -11 8 -12 8 -12 9 -11 8 -12 8 -12 9 -12 9 0 0 0 0 0 0 0 0 0 0]"
"1769235456829630,CSI_DATA,STATION,00:00:00:00:00:00,0,0,0,0,0,0,0,0,0,0,0,0,0,0,0,0,0,0,0,0,0,128,[84 -64 4 0 0 0 0 0 0 0 0 0 -14 -4 -14 -5 -15 -6 -14 -6 -14 -7 -13 -6 -13 -7 -13 -7 -12 -8 -13 -8 -13 -7 -12 -7 -12 -8 -12 -8 -11 -8 -11 -7 -11 -8 -11 -8 -11 -8 -10 -8 -10 -8 -10 -8 -11 -7 -11 -7 -10 -7 -11 -6 0 0 -10 -6 -10 -6 -10 -6 -10 -5 -11 -6 -10 -6 -10 -6 -11 -5 -11 -5 -11 -5 -11 -4 -11 -4 -11 -4 -12 -4 -12 -4 -12 -4 -12 -4 -12 -4 -13 -4 -12 -4 -13 -3 -13 -4 -13 -3 -13 -3 -13 -2 -13 -2 0 0 0 0 0 0 0 0 0 0]"
"1769235456833865,CSI_DATA,STATION,00:00:00:00:00:00,0,0,0,0,0,0,0,0,0,0,0,0,0,0,0,0,0,0,0,0,0,128,[84 -64 4 0 0 0 0 0 0 0 0 0 7 13 7 13 6 13 6 14 6 13 6 14 4 14 4 14 4 14 3 14 3 13 3 14 3 13 3 13 3 14 3 13 2 13 2 12 2 13 2 13 2 12 2 12 2 12 2 11 2 12 3 12 0 0 2 12 3 11 3 11 3 11 4 11 3 11 3 11 4 11 3 11 4 10 4 10 5 11 5 11 5 11 5 11 6 11 6 10 6 11 6 11 6 11 6 11 7 11 6 11 7 10 7 11 7 11 0 0 0 0 0 0 0 0 0 0]"
"1769235456840321,CSI_DATA,STATION,00:00:00:00:00:00,0,0,0,0,0,0,0,0,0,0,0,0,0,0,0,0,0,0,0,0,0,128,[84 -64 4 0 0 0 0 0 0 0 0 0 -11 -10 -11 -11 -10 -11 -10 -12 -10 -12 -9 -12 -9 -12 -9 -12 -8 -12 -8 -13 -8 -12 -7 -12 -7 -13 -8 -12 -7 -12 -7 -12 -7 -12 -7 -12 -7 -12 -7 -12 -7 -11 -7 -12 -7 -11 -7 -11 -7 -11 -7 -10 0 0 -7 -10 -7 -10 -7 -10 -8 -10 -8 -9 -7 -9 -8 -9 -8 -9 -8 -9 -9 -9 -9 -8 -9 -9 -9 -9 -10 -8 -10 -8 -10 -8 -10 -8 -10 -8 -11 -8 -11 -8 -11 -8 -11 -8 -11 -8 -11 -8 -11 -8 -11 -7 0 0 0 0 0 0 0 0 0 0]"
"1769235456844635,CSI_DATA,STATION,00:00:00:00:00:00,0,0,0,0,0,0,0,0,0,0,0,0,0,0,0,0,0,0,0,0,0,128,[84 -64 4 0 0 0 0 0 0 0 0 0 -11 11 -12 11 -12 10 -13 9 -13 9 -13 9 -13 9 -14 8 -13 7 -14 7 -13 7 -13 7 -13 7 -13 6 -13 6 -13 7 -13 6 -12 6 -12 6 -12 5 -12 6 -12 6 -12 6 -12 6 -11 5 -11 6 0 0 -11 6 -11 6 -11 6 -11 6 -10 7 -10 6 -10 7 -10 7 -10 8 -10 8 -9 8 -9 8 -9 8 -9 9 -9 9 -9 9 -9 9 -9 9 -9 10 -9 9 -9 10 -9 10 -9 10 -8 11 -9 11 -9 11 0 0 0 0 0 0 0 0 0 0]"
"1769235456851133,CSI_DATA,STATION,00:00:00:00:00:00,0,0,0,0,0,0,0,0,0,0,0,0,0,0,0,0,0,0,0,0,0,128,[84 -64 4 0 0 0 0 0 0 0 0 0 -16 -3 -15 -3 -15 -4 -15 -4 -15 -5 -14 -5 -14 -5 -14 -6 -14 -6 -14 -7 -13 -6 -13 -7 -13 -7 -13 -7 -13 -7 -12 -7 -12 -7 -12 -7 -12 -7 -12 -7 -12 -7 -11 -6 -11 -6 -11 -6 -11 -5 -11 -5 0 0 -11 -5 -12 -5 -11 -5 -11 -4 -12 -5 -11 -4 -12 -4 -12 -4 -12 -3 -12 -3 -12 -3 -12 -3 -12 -3 -12 -2 -13 -2 -12 -2 -13 -2 -13 -2 -13 -1 -13 -2 -13 -1 -13 -1 -13 -1 -14 -1 -13 -1 -13 0 0 0 0 0 0 0 0 0 0 0]"
"1769235456855459,CSI_DATA,STATION,00:00:00:00:00:00,0,0,0,0,0,0,0,0,0,0,0,0,0,0,0,0,0,0,0,0,0,128,[84 -64 4 0 0 0 0 0 0 0 0 0 11 -10 11 -10 11 -9 11 -9 12 -8 12 -8 12 -7 12 -8 12 -7 12 -6 12 -6 12 -6 12 -6 12 -5 12 -5 12 -5 11 -5 11 -5 11 -5 11 -5 11 -5 11 -5 11 -5 10 -5 11 -5 10 -5 0 0 10 -6 9 -5 9 -5 10 -6 9 -6 9 -6 9 -6 9 -6 9 -7 9 -7 8 -7 9 -7 9 -7 9 -7 9 -8 9 -8 8 -8 8 -8 8 -8 8 -9 9 -9 8 -9 9 -8 8 -9 8 -10 8 -9 0 0 0 0 0 0 0 0 0 0]"
"1769235456859777,CSI_DATA,STATION,00:00:00:00:00:00,0,0,0,0,0,0,0,0,0,0,0,0,0,0,0,0,0,0,0,0,0,128,[84 -64 4 0 0 0 0 0 0 0 0 0 -11 -10 -10 -10 -10 -10 -10 -11 -9 -11 -9 -11 -8 -12 -8 -12 -7 -12 -8 -12 -7 -11 -7 -11 -7 -11 -7 -12 -6 -12 -6 -11 -6 -11 -6 -11 -6 -11 -5 -11 -6 -11 -6 -11 -6 -10 -6 -10 -6 -10 -6 -10 0 0 -6 -10 -6 -9 -6 -10 -6 -9 -7 -9 -6 -9 -7 -9 -7 -9 -7 -9 -7 -8 -8 -8 -8 -8 -8 -8 -8 -8 -8 -8 -8 -8 -9 -8 -8 -8 -8 -8 -9 -8 -9 -8 -9 -8 -10 -8 -10 -7 -10 -7 -10 -7 0 0 0 0 0 0 0 0 0 0]"
"1769235456866475,CSI_DATA,STATION,00:00:00:00:00:00,0,0,0,0,0,0,0,0,0,0,0,0,0,0,0,0,0,0,0,0,0,128,[84 -64 4 0 0 0 0 0 0 0 0 0 14 1 15 2 14 3 14 4 13 4 14 4 13 4 13 4 13 5 13 5 12 4 12 5 12 5 12 5 12 5 11 5 11 5 11 5 11 5 10 5 11 5 11 5 11 4 10 5 10 4 11 4 0 0 11 3 10 3 10 3 10 3 11 3 11 2 11 2 11 2 10 2 10 1 11 1 11 1 11 1 11 1 11 0 11 1 11 0 12 0 12 0 12 0 12 -1 11 0 12 -1 12 -1 12 -2 12 -1 0 0 0 0 0 0 0 0 0 0]"
"1769235456870935,CSI_DATA,STATION,00:00:00:00:00:00,0,0,0,0,0,0,0,0,0,0,0,0,0,0,0,0,0,0,0,0,0,128,[84 -64 4 0 0 0 0 0 0 0 0 0 -20 -5 -21 -6 -20 -7 -19 -7 -19 -8 -20 -8 -18 -8 -19 -8 -17 -9 -17 -9 -17 -9 -17 -9 -17 -9 -16 -9 -16 -9 -16 -9 -16 -9 -16 -9 -15 -9 -14 -9 -14 -8 -14 -8 -14 -8 -14 -8 -14 -8 -14 -7 0 0 -14 -7 -14 -6 -14 -7 -14 -6 -15 -6 -14 -5 -14 -6 -15 -5 -14 -5 -15 -4 -16 -4 -15 -4 -15 -4 -16 -4 -15 -3 -16 -3 -16 -3 -16 -3 -16 -2 -16 -2 -16 -2 -16 -2 -17 -2 -17 -2 -17 -1 -17 -1 0 0 0 0 0 0 0 0 0 0]"
"1769235456875420,CSI_DATA,STATION,00:00:00:00:00:00,0,0,0,0,0,0,0,0,0,0,0,0,0,0,0,0,0,0,0,0,0,128,[84 -64 4 0 0 0 0 0 0 0 0 0 -4 18 -5 18 -5 18 -6 17 -6 16 -7 16 -8 16 -7 17 -8 16 -9 16 -8 16 -8 14 -8 14 -8 14 -8 14 -8 14 -9 13 -8 13 -8 14 -8 12 -7 12 -8 12 -8 12 -7 12 -7 12 -7 13 0 0 -6 12 -5 13 -5 13 -6 12 -5 13 -5 13 -5 13 -4 13 -5 12 -4 12 -3 13 -3 13 -3 14 -3 13 -3 13 -2 14 -2 14 -2 13 -2 14 -2 14 -2 14 -2 15 -2 15 -1 15 -1 15 -1 15 0 0 0 0 0 0 0 0 0 0]"
"1769235456882128,CSI_DATA,STATION,00:00:00:00:00:00,0,0,0,0,0,0,0,0,0,0,0,0,0,0,0,0,0,0,0,0,0,128,[84 -64 4 0 0 0 0 0 0 0 0 0 16 -8 17 -7 16 -6 17 -6 17 -4 17 -5 17 -4 17 -4 16 -4 16 -3 16 -3 16 -3 16 -2 16 -2 16 -2 15 -2 15 -2 15 -1 15 -2 14 -1 14 -2 14 -2 14 -2 13 -1 13 -2 13 -3 0 0 13 -3 13 -3 13 -3 13 -3 13 -3 13 -3 12 -4 12 -4 12 -4 12 -5 12 -5 12 -5 13 -5 13 -6 12 -6 13 -6 12 -6 13 -7 12 -7 12 -7 12 -8 12 -7 13 -8 12 -7 12 -8 13 -8 0 0 0 0 0 0 0 0 0 0]"
"1769235456886587,CSI_DATA,STATION,00:00:00:00:00:00,0,0,0,0,0,0,0,0,0,0,0,0,0,0,0,0,0,0,0,0,0,128,[84 -64 4 0 0 0 0 0 0 0 0 0 9 20 8 20 8 20 8 20 7 21 6 20 5 20 4 20 4 20 4 20 4 19 3 19 3 19 3 19 3 19 3 18 2 18 2 18 2 18 2 18 2 17 2 17 2 17 3 17 3 16 3 16 0 0 3 15 4 15 4 15 4 15 5 15 5 15 5 15 5 15 6 14 6 14 7 14 7 14 7 14 8 14 8 14 8 14 9 14 9 14 9 14 9 14 10 14 10 14 10 14 11 14 11 14 11 14 0 0 0 0 0 0 0 0 0 0]"
"1769235456891050,CSI_DATA,STATION,00:00:00:00:00:00,0,0,0,0,0,0,0,0,0,0,0,0,0,0,0,0,0,0,0,0,0,128,[84 -64 4 0 0 0 0 0 0 0 0 0 8 -22 9 -23 10 -21 10 -22 11 -21 12 -21 12 -20 12 -20 12 -19 12 -19 13 -18 13 -18 13 -17 13 -17 13 -17 13 -16 13 -17 12 -16 12 -16 12 -16 12 -15 12 -15 11 -15 11 -15 11 -15 11 -15 0 0 10 -15 10 -15 9 -15 9 -15 9 -16 9 -16 8 -16 8 -15 8 -16 7 -16 7 -17 7 -17 7 -17 7 -17 6 -17 6 -18 6 -17 6 -18 5 -19 5 -18 5 -19 5 -19 5 -19 5 -19 5 -20 4 -20 0 0 0 0 0 0 0 0 0 0]"
"1769235456897730,CSI_DATA,STATION,00:00:00:00:00:00,0,0,0,0,0,0,0,0,0,0,0,0,0,0,0,0,0,0,0,0,0,128,[84 -64 4 0 0 0 0 0 0 0 0 0 12 11 12 12 12 12 12 12 11 13 10 13 10 12 10 13 9 13 8 13 9 13 8 13 8 13 8 13 8 13 8 13 8 13 7 12 7 12 7 12 7 11 7 11 8 11 7 11 7 11 7 10 0 0 8 10 8 10 8 10 8 9 8 11 8 9 9 9 9 9 9 8 9 8 9 8 9 8 9 8 10 8 10 8 11 7 11 7 11 7 11 7 11 7 11 7 12 7 12 7 12 6 12 7 13 7 0 0 0 0 0 0 0 0 0 0]"
"1769235456902211,CSI_DATA,STATION,00:00:00:00:00:00,0,0,0,0,0,0,0,0,0,0,0,0,0,0,0,0,0,0,0,0,0,128,[84 -64 4 0 0 0 0 0 0 0 0 0 24 -6 23 -5 24 -3 23 -3 23 -2 23 -2 23 -1 23 -1 23 0 22 0 22 1 22 2 22 1 21 2 21 3 20 2 20 3 19 3 19 3 19 3 19 3 19 3 19 2 18 2 18 2 19 1 0 0 18 1 18 1 17 1 18 0 18 1 18 0 18 0 17 -1 18 -1 17 -2 17 -2 18 -2 18 -2 18 -2 18 -3 18 -3 18 -4 18 -4 18 -4 18 -5 19 -5 18 -4 19 -5 19 -6 19 -6 19 -6 0 0 0 0 0 0 0 0 0 0]"
"1769235456906673,CSI_DATA,STATION,00:00:00:00:00:00,0,0,0,0,0,0,0,0,0,0,0,0,0,0,0,0,0,0,0,0,0,128,[84 -64 4 0 0 0 0 0 0 0 0 0 4 -15 5 -16 6 -15 5 -16 5 -15 7 -15 6 -14 7 -14 7 -13 7 -14 7 -13 7 -13 7 -13 7 -13 7 -12 7 -11 7 -12 7 -12 7 -12 8 -11 7 -11 7 -11 7 -11 6 -11 6 -10 6 -11 0 0 5 -10 5 -11 4 -11 5 -11 5 -11 4 -11 4 -11 4 -11 5 -12 4 -12 3 -12 3 -11 3 -12 3 -12 3 -12 3 -13 2 -13 3 -14 2 -13 3 -13 2 -13 2 -13 2 -13 1 -14 1 -14 1 -14 0 0 0 0 0 0 0 0 0 0]"
"1769235456913386,CSI_DATA,STATION,00:00:00:00:00:00,0,0,0,0,0,0,0,0,0,0,0,0,0,0,0,0,0,0,0,0,0,128,[84 -64 4 0 0 0 0 0 0 0 0 0 3 -22 4 -22 5 -21 5 -21 6 -21 7 -21 7 -20 7 -20 8 -19 8 -18 8 -19 8 -18 9 -18 9 -17 8 -17 8 -17 9 -16 9 -16 9 -16 8 -16 8 -16 8 -16 8 -15 7 -15 7 -15 6 -15 0 0 6 -15 6 -15 5 -15 5 -15 5 -16 5 -16 4 -16 4 -16 4 -16 3 -16 3 -16 3 -16 3 -17 2 -17 3 -17 2 -18 2 -17 2 -18 1 -18 1 -18 1 -18 1 -18 1 -18 0 -19 0 -19 0 -19 0 0 0 0 0 0 0 0 0 0]"
"1769235456917631,CSI_DATA,STATION,00:00:00:00:00:00,0,0,0,0,0,0,0,0,0,0,0,0,0,0,0,0,0,0,0,0,0,128,[84 -64 4 0 0 0 0 0 0 0 0 0 -19 -9 -19 -10 -18 -10 -18 -11 -17 -11 -17 -12 -16 -12 -16 -12 -15 -12 -15 -12 -15 -12 -14 -13 -14 -13 -14 -13 -13 -13 -13 -12 -13 -12 -13 -12 -13 -12 -12 -12 -12 -12 -12 -12 -12 -11 -13 -11 -12 -11 -12 -10 0 0 -12 -10 -12 -10 -13 -10 -12 -9 -13 -9 -13 -9 -13 -9 -13 -8 -13 -8 -14 -8 -14 -7 -14 -8 -14 -7 -15 -7 -14 -7 -15 -7 -15 -7 -16 -7 -16 -6 -16 -6 -17 -6 -16 -7 -17 -7 -17 -6 -17 -6 -17 -6 0 0 0 0 0 0 0 0 0 0]"
"1769235456921880,CSI_DATA,STATION,00:00:00:00:00:00,0,0,0,0,0,0,0,0,0,0,0,0,0,0,0,0,0,0,0,0,0,128,[84 -64 4 0 0 0 0 0 0 0 0 0 -12 14 -13 14 -13 13 -14 13 -14 12 -15 12 -15 11 -15 11 -15 10 -15 10 -14 10 -14 9 -15 9 -14 9 -15 9 -14 8 -15 8 -14 8 -14 8 -14 7 -13 7 -13 7 -13 8 -13 8 -12 8 -12 8 0 0 -12 8 -11 8 -12 9 -12 8 -12 9 -11 8 -11 9 -11 9 -11 10 -10 10 -10 10 -10 10 -11 11 -10 11 -10 11 -11 12 -10 11 -10 12 -10 12 -10 12 -10 13 -10 13 -10 13 -9 13 -10 14 -10 14 0 0 0 0 0 0 0 0 0 0]"
"1769235456928436,CSI_DATA,STATION,00:00:00:00:00:00,0,0,0,0,0,0,0,0,0,0,0,0,0,0,0,0,0,0,0,0,0,128,[84 -64 4 0 0 0 0 0 0 0 0 0 -8 18 -9 18 -9 17 -9 17 -10 17 -11 16 -11 16 -11 15 -11 15 -12 15 -12 14 -12 14 -12 14 -12 13 -12 13 -12 13 -11 12 -11 12 -11 12 -12 12 -11 11 -11 11 -11 11 -10 12 -10 11 -10 11 0 0 -10 12 -9 11 -9 12 -9 12 -9 12 -9 12 -8 12 -8 12 -8 12 -8 13 -8 13 -8 13 -8 13 -7 14 -7 14 -7 15 -7 14 -7 15 -6 15 -7 15 -7 15 -6 15 -7 16 -6 16 -6 16 -6 16 0 0 0 0 0 0 0 0 0 0]"
"1769235456932727,CSI_DATA,STATION,00:00:00:00:00:00,0,0,0,0,0,0,0,0,0,0,0,0,0,0,0,0,0,0,0,0,0,128,[84 -64 4 0 0 0 0 0 0 0 0 0 -12 8 -12 7 -12 7 -12 7 -12 6 -13 6 -13 6 -13 5 -12 5 -13 5 -12 5 -12 4 -12 4 -12 4 -12 4 -12 4 -12 3 -11 3 -11 3 -11 3 -11 3 -11 3 -11 3 -10 3 -10 3 -10 4 0 0 -10 4 -10 4 -10 4 -10 4 -10 4 -10 4 -9 5 -9 5 -9 5 -9 5 -9 6 -9 6 -9 6 -9 6 -9 6 -9 7 -9 7 -9 7 -9 8 -9 7 -9 8 -9 8 -9 8 -9 8 -9 8 -9 8 0 0 0 0 0 0 0 0 0 0]"
"1769235456939208,CSI_DATA,STATION,00:00:00:00:00:00,0,0,0,0,0,0,0,0,0,0,0,0,0,0,0,0,0,0,0,0,0,128,[84 -64 4 0 0 0 0 0 0 0 0 0 -5 18 -6 17 -6 17 -7 17 -7 17 -8 16 -8 16 -8 16 -9 15 -9 15 -9 15 -9 14 -9 14 -9 13 -9 13 -9 13 -9 13 -9 13 -9 12 -9 12 -9 12 -8 12 -9 12 -8 12 -8 12 -8 12 0 0 -7 12 -7 12 -6 12 -6 12 -6 12 -6 12 -6 12 -5 13 -6 12 -5 13 -5 13 -5 13 -5 13 -4 13 -5 14 -4 14 -4 14 -4 14 -3 15 -4 14 -3 15 -3 15 -3 16 -2 15 -3 16 -2 16 0 0 0 0 0 0 0 0 0 0]"
"1769235456949944,CSI_DATA,STATION,00:00:00:00:00:00,0,0,0,0,0,0,0,0,0,0,0,0,0,0,0,0,0,0,0,0,0,128,[84 -64 4 0 0 0 0 0 0 0 0 0 -13 12 -13 12 -14 11 -14 11 -14 10 -15 10 -15 10 -15 9 -15 8 -15 8 -15 8 -14 7 -15 7 -15 7 -15 6 -14 7 -14 7 -14 7 -14 6 -14 6 -13 6 -13 6 -13 6 -13 6 -12 6 -13 6 0 0 -13 6 -12 6 -12 7 -12 7 -12 7 -12 7 -11 7 -12 7 -11 8 -11 8 -11 9 -12 8 -11 9 -11 9 -11 9 -11 10 -11 10 -11 10 -11 10 -11 10 -11 11 -11 11 -11 10 -11 11 -11 11 -11 11 0 0 0 0 0 0 0 0 0 0]"
"1769235456956473,CSI_DATA,STATION,00:00:00:00:00:00,0,0,0,0,0,0,0,0,0,0,0,0,0,0,0,0,0,0,0,0,0,128,[84 -64 4 0 0 0 0 0 0 0 0 0 17 0 18 1 17 2 17 2 17 3 17 3 17 3 16 3 16 4 15 4 16 4 15 5 15 5 15 5 15 5 14 5 14 5 13 5 14 5 14 5 14 4 13 4 13 4 13 4 13 4 13 3 0 0 13 3 13 3 13 3 13 2 13 3 14 2 13 2 13 1 14 1 13 1 14 1 14 1 14 1 14 1 15 0 15 -1 14 -1 15 -1 15 -2 15 -2 16 -2 15 -1 16 -1 16 -2 16 -2 16 -2 0 0 0 0 0 0 0 0 0 0]"
"1769235456960799,CSI_DATA,STATION,00:00:00:00:00:00,0,0,0,0,0,0,0,0,0,0,0,0,0,0,0,0,0,0,0,0,0,128,[84 -64 4 0 0 0 0 0 0 0 0 0 3 17 2 17 1 17 1 17 0 17 0 17 0 17 -1 17 -1 16 -1 17 -2 17 -2 16 -2 16 -2 15 -2 16 -2 15 -2 15 -3 15 -2 15 -3 15 -2 14 -2 14 -2 14 -2 14 -2 14 -1 14 0 0 -1 14 0 14 0 14 0 14 0 14 0 14 0 14 1 14 1 14 1 14 2 14 2 14 2 14 2 14 2 14 3 15 3 14 4 15 3 15 3 14 4 15 4 15 4 15 5 15 5 15 5 15 0 0 0 0 0 0 0 0 0 0]"
"1769235456967284,CSI_DATA,STATION,00:00:00:00:00:00,0,0,0,0,0,0,0,0,0,0,0,0,0,0,0,0,0,0,0,0,0,128,[84 -64 4 0 0 0 0 0 0 0 0 0 -19 -1 -18 -2 -18 -3 -18 -4 -18 -4 -17 -4 -17 -5 -17 -5 -16 -6 -17 -6 -17 -6 -16 -6 -16 -7 -15 -7 -15 -7 -15 -7 -14 -7 -14 -7 -14 -7 -14 -7 -14 -7 -14 -7 -14 -6 -14 -6 -14 -6 -14 -6 0 0 -14 -5 -14 -6 -14 -5 -14 -5 -14 -5 -14 -5 -14 -5 -14 -4 -15 -4 -15 -4 -15 -3 -15 -4 -15 -3 -15 -3 -16 -3 -15 -2 -16 -3 -15 -2 -16 -2 -16 -2 -17 -2 -16 -2 -17 -2 -17 -1 -17 -2 -17 -1 0 0 0 0 0 0 0 0 0 0]"
"1769235456971596,CSI_DATA,STATION,00:00:00:00:00:00,0,0,0,0,0,0,0,0,0,0,0,0,0,0,0,0,0,0,0,0,0,128,[84 -64 4 0 0 0 0 0 0 0 0 0 -10 -15 -10 -16 -9 -16 -9 -16 -8 -17 -8 -16 -8 -16 -7 -17 -6 -16 -6 -17 -6 -16 -5 -16 -5 -17 -5 -16 -5 -16 -5 -16 -5 -16 -5 -15 -4 -15 -4 -15 -5 -15 -4 -15 -4 -14 -5 -15 -4 -14 -5 -14 0 0 -5 -14 -5 -13 -6 -13 -6 -13 -6 -14 -6 -14 -6 -13 -7 -13 -7 -13 -7 -13 -8 -13 -8 -13 -8 -13 -8 -12 -9 -13 -9 -12 -9 -13 -9 -13 -10 -12 -10 -12 -10 -13 -10 -13 -10 -13 -11 -13 -11 -12 -11 -12 0 0 0 0 0 0 0 0 0 0]"
"1769235456978157,CSI_DATA,STATION,00:00:00:00:00:00,0,0,0,0,0,0,0,0,0,0,0,0,0,0,0,0,0,0,0,0,0,128,[84 -64 4 0 0 0 0 0 0 0 0 0 -5 17 -6 17 -6 16 -7 17 -7 16 -8 16 -8 15 -8 15 -8 14 -8 14 -9 14 -9 13 -9 13 -9 13 -9 13 -9 12 -9 12 -9 12 -9 12 -9 12 -8 12 -8 12 -8 11 -8 11 -7 11 -7 12 0 0 -7 11 -6 11 -6 12 -6 11 -6 12 -6 12 -5 12 -4 12 -5 12 -4 12 -4 12 -4 13 -4 13 -3 13 -3 13 -3 14 -2 13 -2 14 -2 14 -2 14 -2 14 -2 14 -1 14 -1 14 -1 15 -1 15 0 0 0 0 0 0 0 0 0 0]"
"1769235456982624,CSI_DATA,STATION,00:00:00:00:00:00,0,0,0,0,0,0,0,0,0,0,0,0,0,0,0,0,0,0,0,0,0,128,[84 -64 4 0 0 0 0 0 0 0 0 0 8 16 8 16 7 16 6 17 5 17 5 16 5 16 4 16 4 16 3 16 3 16 3 15 3 15 2 15 2 15 2 15 2 14 2 14 1 14 2 14 1 14 2 13 1 13 2 13 2 13 2 12 0 0 2 12 3 12 3 12 3 12 4 12 3 12 4 11 4 11 4 11 5 11 5 10 5 11 5 11 6 11 6 11 7 10 7 11 7 10 7 10 7 10 8 11 8 11 8 11 9 10 9 10 9 10 0 0 0 0 0 0 0 0 0 0]"
"1769235456987125,CSI_DATA,STATION,00:00:00:00:00:00,0,0,0,0,0,0,0,0,0,0,0,0,0,0,0,0,0,0,0,0,0,128,[84 -64 4 0 0 0 0 0 0 0 0 0 20 -4 20 -2 20 -1 20 -1 20 0 19 0 19 1 19 2 18 2 19 2 18 2 17 2 17 3 16 3 16 3 16 3 15 3 15 3 15 3 15 3 14 3 14 2 14 2 14 2 13 2 13 1 0 0 13 1 13 0 13 0 13 0 13 -1 13 0 13 -1 13 -1 13 -2 13 -2 12 -3 12 -3 12 -3 12 -4 13 -5 13 -5 13 -5 13 -6 13 -5 13 -6 13 -6 13 -6 13 -7 13 -7 13 -8 13 -8 0 0 0 0 0 0 0 0 0 0]"
"1769235456993822,CSI_DATA,STATION,00:00:00:00:00:00,0,0,0,0,0,0,0,0,0,0,0,0,0,0,0,0,0,0,0,0,0,128,[84 -64 4 0 0 0 0 0 0 0 0 0 13 -13 14 -13 14 -12 14 -11 14 -11 15 -10 14 -9 15 -9 15 -8 15 -7 14 -7 14 -7 14 -7 14 -7 14 -6 13 -6 13 -6 13 -6 12 -5 13 -5 12 -5 12 -5 12 -5 11 -5 11 -6 11 -6 0 0 10 -6 10 -6 10 -6 9 -6 9 -7 9 -6 9 -7 9 -7 9 -7 8 -8 8 -8 8 -8 8 -8 8 -9 8 -9 8 -10 7 -10 8 -10 7 -10 7 -10 8 -11 7 -10 7 -11 7 -11 7 -12 7 -12 0 0 0 0 0 0 0 0 0 0]"
"1769235456998295,CSI_DATA,STATION,00:00:00:00:00:00,0,0,0,0,0,0,0,0,0,0,0,0,0,0,0,0,0,0,0,0,0,128,[84 -64 4 0 0 0 0 0 0 0 0 0 5 -14 5 -13 6 -13 5 -12 6 -12 7 -12 7 -11 7 -11 7 -10 7 -11 7 -10 7 -10 7 -9 7 -9 7 -9 7 -9 7 -9 7 -8 6 -8 6 -8 6 -8 6 -8 6 -8 5 -8 5 -7 5 -8 0 0 5 -8 4 -7 4 -8 4 -8 3 -8 3 -8 3 -8 3 -8 3 -8 3 -9 2 -9 2 -9 1 -9 2 -9 1 -9 1 -9 1 -10 1 -9 1 -10 1 -10 0 -10 0 -10 0 -10 0 -10 0 -10 -1 -11 0 0 0 0 0 0 0 0 0 0]"
"1769235457002770,CSI_DATA,STATION,00:00:00:00:00:00,0,0,0,0,0,0,0,0,0,0,0,0,0,0,0,0,0,0,0,0,0,128,[84 -64 4 0 0 0 0 0 0 0 0 0 1 13 0 13 -1 13 -1 13 -1 13 -2 13 -2 12 -3 12 -3 12 -3 12 -3 11 -3 11 -4 11 -3 10 -3 10 -3 10 -4 10 -4 10 -3 9 -3 10 -3 9 -3 9 -3 9 -3 9 -2 9 -2 9 0 0 -2 8 -1 9 -1 8 -1 9 -1 8 0 8 0 8 0 8 0 8 0 8 0 8 1 8 1 8 1 8 1 8 2 8 2 8 2 9 2 9 2 8 3 9 3 9 3 9 4 9 3 9 4 9 0 0 0 0 0 0 0 0 0 0]"
"1769235457009472,CSI_DATA,STATION,00:00:00:00:00:00,0,0,0,0,0,0,0,0,0,0,0,0,0,0,0,0,0,0,0,0,0,128,[84 -64 4 0 0 0 0 0 0 0 0 0 6 -13 7 -13 7 -12 7 -12 7 -11 8 -11 8 -11 8 -11 8 -10 8 -10 8 -9 8 -9 8 -9 8 -9 8 -8 8 -8 8 -8 7 -8 7 -8 8 -8 7 -7 7 -8 7 -8 7 -8 6 -7 6 -8 0 0 6 -8 6 -8 5 -8 5 -8 5 -8 5 -8 4 -8 4 -8 4 -9 4 -9 4 -9 4 -9 4 -9 3 -9 3 -10 3 -10 3 -10 3 -10 3 -10 3 -10 2 -10 2 -10 2 -10 2 -11 2 -11 2 -11 0 0 0 0 0 0 0 0 0 0]"
"1769235457013985,CSI_DATA,STATION,00:00:00:00:00:00,0,0,0,0,0,0,0,0,0,0,0,0,0,0,0,0,0,0,0,0,0,128,[84 -64 4 0 0 0 0 0 0 0 0 0 -16 -10 -16 -11 -15 -12 -14 -12 -13 -12 -14 -12 -12 -12 -12 -12 -12 -13 -12 -13 -11 -13 -11 -13 -11 -13 -10 -13 -10 -13 -10 -12 -9 -12 -9 -12 -9 -12 -9 -12 -9 -11 -9 -12 -9 -11 -9 -11 -9 -11 -9 -11 0 0 -9 -10 -9 -9 -9 -10 -9 -9 -10 -9 -9 -9 -10 -9 -10 -9 -10 -9 -10 -8 -11 -8 -11 -8 -11 -8 -11 -8 -11 -7 -12 -7 -12 -7 -12 -7 -12 -6 -12 -6 -13 -7 -13 -7 -13 -7 -14 -7 -14 -6 -14 -6 0 0 0 0 0 0 0 0 0 0]"
"1769235457018258,CSI_DATA,STATION,00:00:00:00:00:00,0,0,0,0,0,0,0,0,0,0,0,0,0,0,0,0,0,0,0,0,0,128,[84 -64 4 0 0 0 0 0 0 0 0 0 -18 7 -18 6 -19 5 -19 4 -19 3 -18 3 -18 3 -19 2 -18 1 -18 1 -19 1 -17 1 -17 0 -17 0 -17 0 -17 0 -16 0 -16 -1 -16 -1 -16 -1 -15 -1 -15 -1 -15 0 -15 0 -15 -1 -15 0 0 0 -14 0 -14 0 -14 1 -14 1 -14 1 -14 1 -14 1 -14 1 -14 2 -14 3 -14 3 -13 3 -14 3 -13 3 -14 4 -14 4 -14 5 -14 5 -14 5 -14 5 -14 6 -13 5 -14 6 -14 7 -14 7 -14 7 0 0 0 0 0 0 0 0 0 0]"
"1769235457024614,CSI_DATA,STATION,00:00:00:00:00:00,0,0,0,0,0,0,0,0,0,0,0,0,0,0,0,0,0,0,0,0,0,128,[84 -64 4 0 0 0 0 0 0 0 0 0 13 1 13 1 13 2 13 2 12 3 13 3 13 3 13 3 12 4 11 4 11 4 11 4 11 5 11 5 11 5 10 5 11 5 10 4 10 5 10 4 9 4 10 4 10 4 10 4 9 4 9 3 0 0 9 2 9 3 9 2 9 2 9 3 9 1 9 1 10 1 10 1 9 1 9 1 9 1 10 1 10 0 10 -1 10 0 10 -1 10 -2 10 -1 10 -1 11 -2 10 -2 10 -2 11 -2 11 -2 10 -2 0 0 0 0 0 0 0 0 0 0]"
"1769235457028863,CSI_DATA,STATION,00:00:00:00:00:00,0,0,0,0,0,0,0,0,0,0,0,0,0,0,0,0,0,0,0,0,0,128,[84 -64 4 0 0 0 0 0 0 0 0 0 -15 -4 -15 -5 -15 -5 -14 -5 -15 -6 -14 -6 -14 -6 -14 -7 -13 -7 -13 -8 -13 -7 -12 -7 -12 -8 -12 -7 -11 -8 -11 -7 -11 -8 -12 -7 -11 -7 -11 -8 -11 -7 -10 -7 -11 -7 -11 -7 -10 -6 -11 -6 0 0 -10 -5 -10 -5 -10 -6 -11 -5 -11 -5 -10 -5 -10 -5 -11 -5 -11 -4 -11 -4 -11 -3 -11 -3 -10 -3 -11 -3 -11 -3 -11 -2 -11 -3 -12 -2 -12 -2 -12 -2 -12 -2 -12 -2 -12 -1 -12 -1 -12 -1 -12 0 0 0 0 0 0 0 0 0 0 0]"
"1769235457035565,CSI_DATA,STATION,00:00:00:00:00:00,0,0,0,0,0,0,0,0,0,0,0,0,0,0,0,0,0,0,0,0,0,128,[84 -64 4 0 0 0 0 0 0 0 0 0 -1 20 -2 20 -3 20 -3 20 -4 20 -4 19 -5 19 -5 19 -6 18 -6 19 -6 18 -6 17 -6 17 -6 17 -7 17 -7 17 -7 16 -7 15 -7 16 -7 15 -7 15 -6 15 -6 15 -5 15 -6 14 -5 14 0 0 -4 14 -4 14 -4 14 -4 15 -3 14 -3 14 -3 14 -2 14 -2 14 -2 14 -1 14 -1 14 -1 14 0 14 0 14 0 14 1 15 1 14 1 14 2 14 2 15 2 15 2 15 4 15 3 15 4 15 0 0 0 0 0 0 0 0 0 0]"
"1769235457039955,CSI_DATA,STATION,00:00:00:00:00:00,0,0,0,0,0,0,0,0,0,0,0,0,0,0,0,0,0,0,0,0,0,128,[84 -64 4 0 0 0 0 0 0 0 0 0 -15 1 -15 1 -15 0 -15 0 -14 -1 -16 -1 -15 -1 -15 -2 -14 -2 -14 -2 -14 -2 -14 -2 -13 -3 -13 -3 -14 -3 -13 -3 -13 -4 -12 -3 -13 -4 -12 -3 -12 -3 -12 -3 -12 -2 -11 -3 -12 -3 -12 -2 0 0 -11 -1 -11 -1 -12 -1 -11 -1 -12 -1 -11 -1 -11 -1 -11 0 -11 0 -11 0 -11 1 -11 0 -11 1 -11 1 -11 1 -11 2 -11 1 -11 2 -11 2 -12 3 -12 3 -11 2 -11 3 -12 3 -12 3 -11 3 0 0 0 0 0 0 0 0 0 0]"
"1769235457044336,CSI_DATA,STATION,00:00:00:00:00:00,0,0,0,0,0,0,0,0,0,0,0,0,0,0,0,0,0,0,0,0,0,128,[84 -64 4 0 0 0 0 0 0 0 0 0 14 -5 14 -5 14 -4 13 -4 14 -3 14 -3 13 -2 14 -1 14 -1 14 -1 13 0 13 -1 14 -1 13 0 13 0 13 -1 12 0 12 1 11 0 13 1 12 1 12 0 12 0 11 0 11 0 11 -1 0 0 11 -1 11 -1 10 -1 11 -1 10 -2 11 -1 11 -2 11 -2 10 -2 10 -3 10 -3 11 -3 10 -3 10 -3 11 -4 10 -4 10 -4 10 -5 11 -5 10 -4 11 -5 11 -5 11 -5 10 -6 10 -6 10 -6 0 0 0 0 0 0 0 0 0 0]"
"1769235457050857,CSI_DATA,STATION,00:00:00:00:00:00,0,0,0,0,0,0,0,0,0,0,0,0,0,0,0,0,0,0,0,0,0,128,[84 -64 4 0 0 0 0 0 0 0 0 0 4 -15 5 -15 5 -14 5 -14 5 -15 6 -14 6 -14 7 -13 7 -13 7 -13 8 -13 7 -12 8 -12 8 -12 7 -12 8 -12 8 -11 8 -12 8 -11 7 -11 7 -11 7 -10 7 -11 7 -10 5 -10 6 -10 0 0 6 -11 5 -10 5 -10 5 -11 5 -10 4 -11 3 -11 4 -11 4 -11 4 -11 4 -11 4 -11 3 -12 2 -12 2 -12 2 -12 2 -12 2 -13 2 -13 2 -12 1 -13 1 -12 1 -13 1 -13 1 -13 1 -14 0 0 0 0 0 0 0 0 0 0]"
"1769235457055194,CSI_DATA,STATION,00:00:00:00:00:00,0,0,0,0,0,0,0,0,0,0,0,0,0,0,0,0,0,0,0,0,0,128,[84 -64 4 0 0 0 0 0 0 0 0 0 -6 -21 -5 -22 -4 -22 -3 -23 -2 -22 -2 -22 -2 -22 -1 -22 0 -21 -1 -21 0 -21 1 -21 1 -21 1 -21 1 -21 2 -19 2 -20 2 -18 1 -19 2 -19 2 -19 2 -19 1 -18 1 -18 1 -18 1 -18 0 0 0 -18 1 -17 0 -18 0 -17 -1 -18 -1 -17 -1 -17 -2 -17 -2 -17 -3 -16 -3 -17 -3 -17 -3 -17 -4 -17 -4 -17 -4 -17 -5 -17 -5 -17 -5 -17 -6 -17 -6 -18 -6 -17 -6 -18 -7 -18 -7 -17 -8 -18 0 0 0 0 0 0 0 0 0 0]"
"1769235457059514,CSI_DATA,STATION,00:00:00:00:00:00,0,0,0,0,0,0,0,0,0,0,0,0,0,0,0,0,0,0,0,0,0,128,[84 -64 4 0 0 0 0 0 0 0 0 0 22 5 22 6 21 8 22 9 21 9 21 10 20 10 20 11 19 11 19 11 18 11 18 11 18 12 18 12 17 12 16 13 16 12 15 12 16 13 15 13 15 12 15 12 15 11 15 11 15 11 15 10 0 0 15 10 15 10 15 10 15 9 15 9 15 9 16 9 15 8 16 8 16 7 16 6 16 7 17 7 17 7 17 6 17 6 17 6 18 5 18 5 18 5 19 5 18 6 19 4 19 4 19 3 20 3 0 0 0 0 0 0 0 0 0 0]"
"1769235457065973,CSI_DATA,STATION,00:00:00:00:00:00,0,0,0,0,0,0,0,0,0,0,0,0,0,0,0,0,0,0,0,0,0,128,[84 -64 4 0 0 0 0 0 0 0 0 0 -21 10 -21 9 -22 8 -22 7 -22 7 -22 7 -22 5 -22 5 -22 4 -22 4 -22 4 -22 4 -22 3 -22 3 -22 3 -21 3 -21 2 -20 2 -20 2 -20 1 -20 1 -20 1 -19 2 -20 2 -19 2 -19 3 0 0 -19 3 -18 3 -19 3 -18 3 -18 4 -17 3 -18 4 -17 4 -18 5 -17 6 -17 6 -17 7 -17 7 -17 8 -17 7 -17 8 -17 8 -17 9 -17 9 -17 9 -17 10 -17 10 -17 10 -16 11 -16 12 -17 11 0 0 0 0 0 0 0 0 0 0]"
"1769235457070334,CSI_DATA,STATION,00:00:00:00:00:00,0,0,0,0,0,0,0,0,0,0,0,0,0,0,0,0,0,0,0,0,0,128,[84 -64 4 0 0 0 0 0 0 0 0 0 13 -15 13 -15 13 -14 14 -13 15 -13 15 -13 15 -12 16 -12 15 -11 16 -11 15 -10 16 -10 16 -10 16 -9 16 -9 16 -9 15 -9 16 -9 15 -8 15 -8 15 -7 15 -8 15 -8 14 -8 14 -8 14 -8 0 0 14 -8 13 -8 13 -9 13 -9 12 -9 12 -9 12 -9 12 -9 12 -10 11 -10 11 -11 11 -11 11 -11 11 -11 11 -12 11 -12 11 -12 11 -12 11 -13 10 -13 11 -13 10 -13 10 -13 10 -14 10 -14 10 -14 0 0 0 0 0 0 0 0 0 0]"
"1769235457076811,CSI_DATA,STATION,00:00:00:00:00:00,0,0,0,0,0,0,0,0,0,0,0,0,0,0,0,0,0,0,0,0,0,128,[84 -64 4 0 0 0 0 0 0 0 0 0 -20 -5 -20 -6 -19 -7 -20 -8 -19 -8 -19 -9 -18 -9 -19 -9 -18 -10 -17 -10 -18 -10 -17 -11 -16 -11 -16 -11 -17 -11 -15 -11 -15 -11 -15 -11 -15 -12 -15 -11 -15 -10 -15 -11 -14 -10 -14 -10 -14 -10 -14 -10 0 0 -14 -9 -14 -9 -15 -9 -14 -8 -15 -8 -15 -8 -15 -8 -15 -7 -15 -7 -15 -6 -16 -6 -15 -6 -16 -6 -16 -6 -16 -5 -17 -5 -16 -5 -17 -5 -17 -4 -17 -4 -18 -4 -17 -4 -17 -4 -17 -4 -18 -4 -18 -3 0 0 0 0 0 0 0 0 0 0]"
"1769235457081154,CSI_DATA,STATION,00:00:00:00:00:00,0,0,0,0,0,0,0,0,0,0,0,0,0,0,0,0,0,0,0,0,0,128,[84 -64 4 0 0 0 0 0 0 0 0 0 -2 19 -3 20 -4 19 -4 20 -5 19 -6 20 -6 19 -6 19 -7 18 -7 18 -7 18 -8 17 -8 17 -8 17 -9 17 -9 16 -9 16 -9 15 -9 16 -9 15 -9 15 -8 15 -8 15 -8 15 -8 15 -7 15 0 0 -7 15 -7 15 -6 15 -6 15 -7 15 -6 15 -6 15 -5 15 -5 15 -4 15 -4 16 -4 15 -4 16 -4 16 -4 16 -3 16 -3 16 -3 17 -2 17 -3 17 -2 17 -2 17 -2 17 -1 17 -1 17 -1 18 0 0 0 0 0 0 0 0 0 0]"
"1769235457087650,CSI_DATA,STATION,00:00:00:00:00:00,0,0,0,0,0,0,0,0,0,0,0,0,0,0,0,0,0,0,0,0,0,128,[84 -64 4 0 0 0 0 0 0 0 0 0 -4 14 -5 14 -5 14 -5 14 -6 13 -6 13 -7 13 -7 13 -7 12 -8 12 -7 13 -8 12 -8 12 -8 11 -8 11 -8 11 -8 12 -8 11 -8 11 -8 10 -8 10 -8 10 -8 10 -8 10 -7 10 -7 10 0 0 -7 10 -6 10 -6 10 -6 10 -6 11 -6 10 -6 10 -6 10 -5 11 -5 11 -5 11 -5 11 -5 11 -4 11 -4 11 -4 12 -4 12 -4 12 -4 12 -4 12 -4 12 -4 12 -4 12 -3 12 -3 13 -3 13 0 0 0 0 0 0 0 0 0 0]"
"1769235457091970,CSI_DATA,STATION,00:00:00:00:00:00,0,0,0,0,0,0,0,0,0,0,0,0,0,0,0,0,0,0,0,0,0,128,[84 -64 4 0 0 0 0 0 0 0 0 0 4 14 3 14 3 14 3 14 2 14 1 14 1 14 0 14 0 14 0 14 0 14 -1 14 -1 13 -1 13 -1 14 0 13 -1 13 -1 13 -1 13 -1 13 -1 12 -1 12 -1 12 -1 12 -1 12 -1 12 0 0 -1 12 0 12 0 12 0 12 0 12 1 12 1 11 1 12 1 11 1 11 2 11 2 12 2 12 2 12 3 12 3 12 3 11 3 12 3 12 3 12 3 12 4 12 3 12 4 12 4 12 4 12 0 0 0 0 0 0 0 0 0 0]"
"1769235457096302,CSI_DATA,STATION,00:00:00:00:00:00,0,0,0,0,0,0,0,0,0,0,0,0,0,0,0,0,0,0,0,0,0,128,[84 -64 4 0 0 0 0 0 0 0 0 0 -17 9 -17 8 -18 7 -18 7 -18 6 -19 6 -18 5 -18 5 -18 4 -18 4 -18 4 -18 4 -18 3 -18 3 -18 2 -18 3 -18 2 -17 2 -17 2 -16 2 -17 1 -17 2 -16 2 -16 2 -16 2 -16 2 0 0 -16 2 -15 2 -16 3 -15 3 -16 3 -16 3 -15 3 -16 3 -15 4 -15 4 -15 5 -15 4 -15 5 -15 5 -15 5 -16 6 -15 6 -16 6 -16 6 -16 6 -16 7 -16 6 -16 7 -16 8 -16 8 -16 8 0 0 0 0 0 0 0 0 0 0]"
"1769235457102788,CSI_DATA,STATION,00:00:00:00:00:00,0,0,0,0,0,0,0,0,0,0,0,0,0,0,0,0,0,0,0,0,0,128,[84 -64 4 0 0 0 0 0 0 0 0 0 9 15 8 15 8 16 8 14 7 16 7 15 6 15 6 16 6 15 5 16 5 15 5 15 5 15 4 15 4 15 4 16 4 14 4 15 3 14 4 15 4 14 4 14 4 14 3 14 4 14 4 14 0 0 4 13 4 13 4 13 5 13 5 13 5 13 5 13 5 13 6 13 6 12 6 12 6 13 6 13 7 12 7 13 7 12 8 13 8 12 8 12 8 13 9 12 9 13 9 13 9 12 10 12 9 13 0 0 0 0 0 0 0 0 0 0]"
"1769235457107123,CSI_DATA,STATION,00:00:00:00:00:00,0,0,0,0,0,0,0,0,0,0,0,0,0,0,0,0,0,0,0,0,0,128,[84 -64 4 0 0 0 0 0 0 0 0 0 -8 -16 -8 -15 -8 -16 -7 -16 -6 -17 -6 -17 -6 -16 -5 -16 -5 -16 -5 -17 -4 -17 -4 -16 -4 -16 -4 -16 -3 -17 -4 -16 -3 -15 -3 -15 -3 -15 -3 -16 -3 -16 -3 -15 -3 -15 -3 -15 -3 -15 -3 -15 0 0 -3 -15 -4 -14 -4 -14 -4 -14 -5 -14 -4 -14 -5 -14 -5 -14 -5 -14 -6 -14 -6 -14 -6 -14 -6 -14 -6 -14 -7 -14 -7 -14 -7 -15 -8 -14 -7 -14 -8 -14 -8 -14 -8 -14 -8 -15 -9 -14 -9 -15 -9 -14 0 0 0 0 0 0 0 0 0 0]"
"1769235457113714,CSI_DATA,STATION,00:00:00:00:00:00,0,0,0,0,0,0,0,0,0,0,0,0,0,0,0,0,0,0,0,0,0,128,[84 -64 4 0 0 0 0 0 0 0 0 0 17 -3 17 -2 16 -1 17 -1 16 -1 17 -1 17 0 17 0 17 0 16 1 16 1 16 1 16 2 16 2 16 2 15 2 15 2 14 2 15 2 15 2 14 2 14 2 14 2 15 2 14 2 14 1 0 0 14 1 13 1 14 1 14 0 14 0 14 0 14 0 14 0 14 -1 13 -1 13 -2 14 -2 14 -2 15 -2 14 -2 15 -2 14 -3 15 -4 15 -3 15 -3 15 -3 15 -3 15 -3 15 -4 15 -5 16 -4 0 0 0 0 0 0 0 0 0 0]"
"1769235457122155,CSI_DATA,STATION,00:00:00:00:00:00,0,0,0,0,0,0,0,0,0,0,0,0,0,0,0,0,0,0,0,0,0,128,[84 -64 4 0 0 0 0 0 0 0 0 0 -19 -5 -19 -6 -18 -7 -18 -7 -18 -7 -18 -8 -17 -9 -17 -8 -17 -9 -17 -9 -17 -9 -16 -9 -16 -10 -16 -10 -16 -10 -15 -10 -15 -10 -14 -10 -14 -10 -14 -11 -14 -11 -14 -10 -14 -10 -14 -10 -14 -10 -14 -9 0 0 -14 -9 -14 -8 -14 -8 -14 -8 -14 -8 -14 -8 -14 -8 -15 -7 -14 -8 -15 -6 -15 -6 -15 -7 -15 -7 -15 -7 -16 -6 -16 -6 -16 -6 -16 -6 -16 -6 -17 -5 -17 -6 -17 -6 -17 -6 -17 -5 -17 -5 -17 -5 0 0 0 0 0 0 0 0 0 0]"
"1769235457130712,CSI_DATA,STATION,00:00:00:00:00:00,0,0,0,0,0,0,0,0,0,0,0,0,0,0,0,0,0,0,0,0,0,128,[84 -64 4 0 0 0 0 0 0 0 0 0 -9 17 -10 17 -11 16 -11 17 -11 16 -12 16 -12 16 -12 15 -12 15 -13 15 -13 14 -14 13 -14 13 -14 13 -13 12 -14 13 -13 12 -13 12 -13 12 -13 12 -13 12 -12 12 -13 11 -13 12 -12 11 -12 12 0 0 -11 11 -11 12 -11 12 -11 12 -11 12 -10 13 -10 13 -10 13 -10 13 -10 13 -10 13 -9 13 -10 13 -9 14 -9 15 -9 15 -9 15 -9 15 -8 15 -8 15 -9 16 -8 15 -9 16 -8 16 -9 16 -8 16 0 0 0 0 0 0 0 0 0 0]"
"1769235457134947,CSI_DATA,STATION,00:00:00:00:00:00,0,0,0,0,0,0,0,0,0,0,0,0,0,0,0,0,0,0,0,0,0,128,[84 -64 4 0 0 0 0 0 0 0 0 0 6 -15 6 -15 6 -14 7 -14 7 -14 8 -14 8 -14 8 -14 8 -13 9 -13 9 -12 9 -12 9 -12 9 -12 9 -11 9 -11 9 -12 9 -12 9 -11 9 -11 8 -11 8 -11 8 -11 8 -11 8 -10 8 -11 0 0 7 -11 7 -10 7 -11 7 -11 7 -11 7 -11 6 -11 6 -12 6 -12 6 -12 6 -12 6 -12 6 -12 6 -12 5 -13 5 -13 5 -13 5 -13 5 -13 5 -13 5 -13 5 -13 5 -13 5 -13 5 -14 5 -14 0 0 0 0 0 0 0 0 0 0]"
"1769235457141300,CSI_DATA,STATION,00:00:00:00:00:00,0,0,0,0,0,0,0,0,0,0,0,0,0,0,0,0,0,0,0,0,0,128,[84 -64 4 0 0 0 0 0 0 0 0 0 -19 7 -20 7 -20 6 -20 5 -20 4 -20 5 -20 4 -20 4 -20 3 -20 3 -20 2 -20 2 -19 2 -19 2 -20 1 -19 1 -20 1 -18 0 -19 0 -18 0 -18 1 -18 0 -18 1 -18 1 -18 1 -18 1 0 0 -18 2 -17 1 -17 2 -17 2 -17 2 -17 2 -17 2 -17 3 -17 3 -17 4 -17 4 -17 4 -17 4 -17 5 -17 4 -17 5 -17 5 -17 5 -17 6 -17 6 -17 6 -17 6 -17 6 -17 6 -17 6 -18 7 0 0 0 0 0 0 0 0 0 0]"
"1769235457145688,CSI_DATA,STATION,00:00:00:00:00:00,0,0,0,0,0,0,0,0,0,0,0,0,0,0,0,0,0,0,0,0,0,128,[84 -64 4 0 0 0 0 0 0 0 0 0 -17 -11 -17 -12 -16 -12 -16 -13 -16 -14 -16 -14 -15 -14 -15 -14 -14 -15 -14 -15 -14 -15 -13 -15 -13 -15 -13 -15 -13 -15 -12 -15 -12 -15 -12 -15 -12 -15 -12 -15 -12 -15 -11 -14 -11 -14 -11 -14 -11 -14 -12 -13 0 0 -12 -13 -12 -13 -12 -13 -12 -12 -12 -13 -12 -12 -12 -12 -13 -11 -12 -11 -13 -11 -13 -11 -13 -11 -13 -11 -14 -11 -14 -10 -14 -10 -14 -10 -15 -10 -15 -10 -15 -9 -15 -10 -15 -9 -16 -9 -16 -9 -16 -9 -16 -9 0 0 0 0 0 0 0 0 0 0]"
"1769235457152171,CSI_DATA,STATION,00:00:00:00:00:00,0,0,0,0,0,0,0,0,0,0,0,0,0,0,0,0,0,0,0,0,0,128,[84 -64 4 0 0 0 0 0 0 0 0 0 -1 23 -2 24 -3 23 -4 24 -4 23 -5 24 -5 23 -6 23 -7 22 -6 22 -7 22 -7 21 -8 22 -8 21 -8 21 -8 20 -8 21 -8 19 -8 21 -8 20 -8 19 -8 19 -7 19 -7 19 -7 19 -7 19 0 0 -6 19 -6 18 -6 19 -6 18 -5 19 -5 19 -5 19 -4 18 -4 18 -3 18 -3 19 -3 19 -3 19 -2 20 -2 18 -2 20 -1 19 -2 20 -1 20 -1 19 -1 20 -1 20 0 19 1 20 0 20 0 20 0 0 0 0 0 0 0 0 0 0]"
"1769235457156467,CSI_DATA,STATION,00:00:00:00:00:00,0,0,0,0,0,0,0,0,0,0,0,0,0,0,0,0,0,0,0,0,0,128,[84 -64 4 0 0 0 0 0 0 0 0 0 12 -21 13 -21 13 -20 13 -20 14 -19 15 -19 15 -18 15 -18 16 -18 16 -17 15 -17 16 -16 16 -16 16 -16 16 -16 16 -15 16 -15 16 -14 16 -14 16 -14 15 -14 15 -15 14 -14 14 -14 14 -14 14 -15 0 0 13 -14 13 -15 12 -15 12 -15 12 -15 12 -15 11 -15 11 -15 11 -15 10 -15 10 -16 10 -16 10 -16 10 -17 9 -17 9 -18 9 -17 9 -18 8 -18 8 -18 8 -18 8 -18 8 -18 7 -18 8 -18 7 -18 0 0 0 0 0 0 0 0 0 0]"
"1769235457162904,CSI_DATA,STATION,00:00:00:00:00:00,0,0,0,0,0,0,0,0,0,0,0,0,0,0,0,0,0,0,0,0,0,128,[84 -64 4 0 0 0 0 0 0 0 0 0 25 3 24 4 24 5 24 6 24 6 23 6 24 7 23 7 23 8 23 9 22 9 22 10 22 9 21 10 20 10 21 10 20 9 20 10 19 9 19 9 19 9 19 9 19 9 19 9 18 9 19 8 0 0 19 7 18 8 18 7 19 6 18 6 19 6 19 5 19 4 19 4 19 4 19 4 19 4 19 4 19 4 20 3 19 2 20 2 19 1 19 1 19 0 20 1 19 1 20 1 20 0 20 0 20 -1 0 0 0 0 0 0 0 0 0 0]"
"1769235457167202,CSI_DATA,STATION,00:00:00:00:00:00,0,0,0,0,0,0,0,0,0,0,0,0,0,0,0,0,0,0,0,0,0,128,[84 -64 4 0 0 0 0 0 0 0 0 0 -10 12 -11 11 -11 12 -12 11 -13 11 -13 11 -13 10 -13 9 -14 9 -14 9 -13 9 -13 8 -13 9 -14 8 -13 8 -14 8 -14 8 -14 8 -13 7 -13 7 -13 7 -12 7 -13 7 -12 7 -11 7 -12 7 0 0 -12 8 -11 7 -11 8 -11 8 -11 8 -11 7 -10 8 -10 8 -10 8 -10 8 -10 9 -10 9 -10 9 -9 9 -9 9 -9 10 -8 10 -9 10 -9 10 -9 10 -9 10 -8 10 -8 10 -8 11 -8 11 -8 11 0 0 0 0 0 0 0 0 0 0]"
"1769235457171507,CSI_DATA,STATION,00:00:00:00:00:00,0,0,0,0,0,0,0,0,0,0,0,0,0,0,0,0,0,0,0,0,0,128,[84 -64 4 0 0 0 0 0 0 0 0 0 11 -14 11 -13 11 -13 11 -13 12 -13 13 -13 13 -12 12 -12 13 -11 13 -11 13 -11 13 -10 13 -10 13 -10 14 -9 14 -9 13 -9 13 -9 13 -9 13 -9 12 -8 12 -8 12 -9 12 -8 11 -8 11 -9 0 0 11 -9 11 -8 11 -8 10 -8 10 -9 10 -9 10 -9 10 -9 9 -9 9 -10 9 -10 9 -10 9 -10 9 -10 9 -10 8 -11 8 -11 8 -11 8 -11 8 -11 8 -12 8 -11 7 -12 8 -12 7 -12 7 -12 0 0 0 0 0 0 0 0 0 0]"
"1769235457178022,CSI_DATA,STATION,00:00:00:00:00:00,0,0,0,0,0,0,0,0,0,0,0,0,0,0,0,0,0,0,0,0,0,128,[84 -64 4 0 0 0 0 0 0 0 0 0 12 -13 14 -13 13 -11 14 -11 14 -11 14 -11 15 -11 15 -11 15 -9 15 -9 14 -9 15 -10 15 -8 15 -8 15 -7 14 -8 15 -8 14 -7 14 -7 14 -7 14 -7 14 -7 14 -7 13 -8 13 -7 13 -8 0 0 13 -8 12 -7 12 -7 12 -7 12 -8 12 -8 11 -8 11 -9 11 -8 10 -9 10 -9 11 -9 10 -9 11 -10 10 -10 10 -10 9 -10 10 -11 10 -11 10 -10 9 -11 10 -10 9 -11 8 -11 9 -12 9 -12 0 0 0 0 0 0 0 0 0 0]"
"1769235457182483,CSI_DATA,STATION,00:00:00:00:00:00,0,0,0,0,0,0,0,0,0,0,0,0,0,0,0,0,0,0,0,0,0,128,[84 -64 4 0 0 0 0 0 0 0 0 0 14 -9 15 -8 14 -8 15 -8 15 -7 16 -7 15 -6 16 -5 15 -5 16 -5 15 -6 14 -4 15 -4 14 -4 15 -4 15 -4 14 -4 14 -4 14 -3 14 -3 13 -3 13 -4 14 -4 13 -4 13 -4 13 -4 0 0 13 -5 12 -4 12 -4 12 -4 12 -5 12 -5 11 -5 12 -6 12 -6 11 -6 11 -7 11 -6 11 -7 11 -7 11 -7 11 -8 11 -8 11 -8 10 -8 11 -8 10 -8 10 -8 10 -9 10 -9 10 -9 10 -9 0 0 0 0 0 0 0 0 0 0]"
"1769235457189138,CSI_DATA,STATION,00:00:00:00:00:00,0,0,0,0,0,0,0,0,0,0,0,0,0,0,0,0,0,0,0,0,0,128,[84 -64 4 0 0 0 0 0 0 0 0 0 -15 0 -15 -1 -15 -1 -14 -2 -15 -2 -15 -2 -15 -3 -14 -3 -14 -4 -14 -4 -15 -4 -14 -4 -13 -5 -13 -5 -13 -5 -13 -5 -13 -4 -13 -5 -13 -5 -12 -5 -12 -5 -12 -5 -12 -4 -12 -5 -12 -4 -12 -4 0 0 -12 -4 -12 -3 -12 -3 -11 -3 -12 -4 -12 -3 -12 -3 -12 -3 -12 -2 -12 -3 -12 -2 -12 -2 -12 -2 -12 -2 -12 -1 -12 -1 -12 -2 -12 -1 -12 -1 -12 -1 -13 -1 -13 -1 -12 -1 -13 -1 -13 0 -12 0 0 0 0 0 0 0 0 0 0 0]"
"1769235457193602,CSI_DATA,STATION,00:00:00:00:00:00,0,0,0,0,0,0,0,0,0,0,0,0,0,0,0,0,0,0,0,0,0,128,[84 -64 4 0 0 0 0 0 0 0 0 0 -13 8 -13 8 -14 6 -13 7 -14 6 -15 6 -15 6 -14 5 -14 5 -15 4 -14 4 -14 4 -14 3 -14 4 -14 3 -14 4 -14 4 -13 3 -14 3 -13 3 -13 3 -13 3 -13 4 -13 3 -12 3 -13 4 0 0 -12 4 -12 3 -12 4 -12 4 -12 4 -12 4 -11 4 -12 5 -11 5 -11 5 -11 6 -11 5 -11 5 -11 6 -11 6 -11 6 -10 7 -11 7 -11 7 -11 7 -11 8 -10 8 -10 7 -10 8 -11 8 -10 8 0 0 0 0 0 0 0 0 0 0]"
"1769235457198058,CSI_DATA,STATION,00:00:00:00:00:00,0,0,0,0,0,0,0,0,0,0,0,0,0,0,0,0,0,0,0,0,0,128,[84 -64 4 0 0 0 0 0 0 0 0 0 13 2 13 3 13 4 13 4 13 4 13 5 13 5 13 5 12 5 12 6 12 6 12 6 12 7 11 6 11 6 11 6 10 7 11 6 10 6 10 6 11 6 10 6 10 6 10 6 10 5 10 5 0 0 10 5 10 5 9 5 10 4 10 5 10 4 10 4 10 4 10 3 10 3 10 3 11 3 11 3 11 3 11 3 11 2 11 2 11 2 11 2 11 1 11 1 11 2 11 1 11 1 12 1 11 1 0 0 0 0 0 0 0 0 0 0]"
"1769235457204630,CSI_DATA,STATION,00:00:00:00:00:00,0,0,0,0,0,0,0,0,0,0,0,0,0,0,0,0,0,0,0,0,0,128,[84 -64 4 0 0 0 0 0 0 0 0 0 13 6 13 6 13 6 12 6 13 6 12 7 12 7 12 8 12 7 12 9 11 8 11 8 11 9 11 9 10 9 11 8 10 8 10 9 10 8 10 8 9 8 10 7 9 8 10 8 9 8 9 7 0 0 10 7 10 7 9 6 10 6 10 6 10 6 10 6 10 6 10 5 10 5 11 5 11 5 11 5 11 5 12 4 11 3 11 4 12 3 12 3 11 3 12 3 12 3 12 3 12 2 12 3 12 2 0 0 0 0 0 0 0 0 0 0]"
"1769235457209033,CSI_DATA,STATION,00:00:00:00:00:00,0,0,0,0,0,0,0,0,0,0,0,0,0,0,0,0,0,0,0,0,0,128,[84 -64 4 0 0 0 0 0 0 0 0 0 6 14 5 14 5 14 5 14 4 14 4 15 3 15 2 15 2 15 3 15 2 14 2 15 2 14 2 14 1 15 1 14 1 14 1 13 1 14 1 14 1 14 1 13 1 13 1 13 1 13 2 13 0 0 1 12 1 13 2 13 2 12 2 12 2 12 2 13 3 12 3 12 4 11 4 11 4 12 4 12 4 12 4 12 5 12 5 11 5 12 5 12 5 12 5 12 5 12 5 12 6 11 6 11 6 11 0 0 0 0 0 0 0 0 0 0]"
"1769235457213430,CSI_DATA,STATION,00:00:00:00:00:00,0,0,0,0,0,0,0,0,0,0,0,0,0,0,0,0,0,0,0,0,0,128,[84 -64 4 0 0 0 0 0 0 0 0 0 -16 1 -17 1 -16 0 -16 0 -17 -1 -17 -1 -17 -2 -17 -2 -16 -2 -16 -3 -16 -3 -16 -3 -16 -3 -16 -3 -16 -3 -15 -3 -15 -4 -14 -4 -15 -4 -15 -4 -14 -4 -14 -4 -15 -3 -14 -4 -14 -3 -15 -3 0 0 -14 -2 -14 -3 -14 -2 -14 -2 -14 -2 -14 -2 -14 -2 -14 -2 -14 -1 -14 -1 -14 0 -14 -1 -14 -1 -14 0 -14 0 -14 0 -14 0 -14 1 -15 1 -15 1 -15 1 -15 1 -14 2 -14 2 -15 2 -15 2 0 0 0 0 0 0 0 0 0 0]"
"1769235457217802,CSI_DATA,STATION,00:00:00:00:00:00,0,0,0,0,0,0,0,0,0,0,0,0,0,0,0,0,0,0,0,0,0,128,[84 -64 4 0 0 0 0 0 0 0 0 0 7 -11 8 -11 8 -11 8 -10 8 -10 9 -11 9 -9 10 -10 9 -9 10 -9 9 -9 10 -9 9 -8 9 -8 10 -8 10 -8 10 -8 10 -8 10 -7 10 -7 9 -7 10 -7 9 -8 9 -7 9 -7 9 -7 0 0 9 -7 9 -7 9 -7 8 -7 9 -8 8 -8 8 -8 8 -8 8 -8 8 -8 8 -8 8 -9 7 -8 8 -8 7 -9 7 -9 7 -9 7 -10 7 -10 7 -10 7 -10 7 -9 7 -10 6 -10 7 -10 7 -10 0 0 0 0 0 0 0 0 0 0]"
"1769235457224382,CSI_DATA,STATION,00:00:00:00:00:00,0,0,0,0,0,0,0,0,0,0,0,0,0,0,0,0,0,0,0,0,0,128,[84 -64 4 0 0 0 0 0 0 0 0 0 4 -14 4 -14 5 -14 5 -15 6 -14 6 -14 7 -13 7 -13 7 -13 8 -13 8 -13 8 -12 8 -12 8 -12 8 -12 8 -12 9 -12 9 -12 8 -11 9 -11 9 -11 8 -11 9 -11 8 -11 7 -11 8 -11 0 0 7 -11 7 -11 7 -11 7 -11 7 -11 6 -11 6 -11 6 -12 6 -11 6 -12 6 -12 5 -12 5 -12 6 -12 5 -13 5 -13 5 -13 5 -13 5 -13 5 -13 5 -13 5 -13 5 -13 4 -14 4 -14 4 -14 0 0 0 0 0 0 0 0 0 0]"
"1769235457228737,CSI_DATA,STATION,00:00:00:00:00:00,0,0,0,0,0,0,0,0,0,0,0,0,0,0,0,0,0,0,0,0,0,128,[84 -64 4 0 0 0 0 0 0 0 0 0 0 14 -1 15 -2 14 -2 15 -2 14 -3 15 -3 14 -4 15 -3 14 -4 14 -4 14 -4 14 -4 14 -5 14 -5 13 -5 13 -5 14 -5 13 -5 13 -5 13 -5 13 -5 13 -5 13 -5 13 -5 12 -4 13 0 0 -4 12 -3 12 -3 12 -3 12 -4 13 -3 12 -3 12 -3 13 -3 12 -3 12 -2 13 -2 13 -2 13 -1 13 -1 13 -1 14 -1 13 -1 14 0 14 -1 13 0 14 0 13 0 13 0 14 0 14 1 14 0 0 0 0 0 0 0 0 0 0]"
"1769235457235332,CSI_DATA,STATION,00:00:00:00:00:00,0,0,0,0,0,0,0,0,0,0,0,0,0,0,0,0,0,0,0,0,0,128,[84 -64 4 0 0 0 0 0 0 0 0 0 7 13 6 13 6 13 6 13 5 14 5 14 4 14 4 14 3 14 3 14 3 14 2 14 2 14 3 14 2 15 2 14 2 13 1 13 2 13 2 14 2 13 2 13 1 14 1 13 2 13 2 13 0 0 2 12 3 13 3 12 2 12 3 13 3 13 3 12 4 12 4 12 4 12 4 12 4 12 4 12 5 12 5 12 5 12 6 12 6 12 6 12 5 12 6 12 6 12 6 12 7 12 6 12 7 12 0 0 0 0 0 0 0 0 0 0]"
"1769235457239669,CSI_DATA,STATION,00:00:00:00:00:00,0,0,0,0,0,0,0,0,0,0,0,0,0,0,0,0,0,0,0,0,0,128,[84 -64 4 0 0 0 0 0 0 0 0 0 -9 7 -10 7 -10 6 -11 6 -11 6 -11 6 -11 6 -11 5 -12 5 -11 4 -12 5 -11 4 -12 4 -11 4 -12 4 -11 4 -12 4 -11 4 -11 4 -11 3 -11 3 -11 3 -11 4 -11 4 -10 4 -11 4 0 0 -11 4 -10 4 -10 4 -10 4 -10 4 -10 4 -10 4 -10 4 -10 5 -10 5 -10 6 -10 5 -10 6 -10 6 -10 6 -10 6 -9 6 -10 6 -10 7 -10 6 -10 7 -10 7 -9 7 -9 7 -9 7 -9 7 0 0 0 0 0 0 0 0 0 0]"
"1769235457244000,CSI_DATA,STATION,00:00:00:00:00:00,0,0,0,0,0,0,0,0,0,0,0,0,0,0,0,0,0,0,0,0,0,128,[84 -64 4 0 0 0 0 0 0 0 0 0 5 -13 6 -13 6 -13 6 -13 7 -13 8 -13 7 -12 8 -12 8 -12 9 -11 9 -12 9 -11 9 -11 9 -10 9 -10 9 -10 9 -10 9 -10 9 -10 9 -10 8 -9 8 -10 8 -10 9 -10 8 -9 8 -10 0 0 8 -10 7 -9 7 -10 7 -10 7 -10 7 -10 6 -10 6 -11 6 -10 7 -10 7 -11 7 -11 6 -11 6 -11 6 -12 6 -11 6 -12 6 -12 5 -12 5 -12 5 -12 5 -12 5 -12 5 -13 5 -13 5 -13 0 0 0 0 0 0 0 0 0 0]"
"1769235457250526,CSI_DATA,STATION,00:00:00:00:00:00,0,0,0,0,0,0,0,0,0,0,0,0,0,0,0,0,0,0,0,0,0,128,[84 -64 4 0 0 0 0 0 0 0 0 0 -5 -14 -4 -14 -4 -15 -3 -14 -3 -15 -3 -15 -3 -15 -2 -15 -1 -15 -1 -16 -1 -15 -1 -15 -1 -15 -1 -15 0 -15 -1 -14 0 -14 -1 -14 0 -13 0 -14 0 -14 0 -14 0 -14 -1 -13 -1 -13 -1 -13 0 0 -1 -13 -1 -13 -2 -13 -1 -13 -1 -13 -2 -13 -2 -13 -3 -13 -2 -13 -3 -13 -3 -12 -3 -12 -4 -13 -3 -13 -4 -13 -4 -13 -4 -13 -4 -13 -5 -13 -4 -13 -5 -13 -5 -13 -5 -13 -6 -13 -6 -13 -6 -13 0 0 0 0 0 0 0 0 0 0]"
"1769235457254885,CSI_DATA,STATION,00:00:00:00:00:00,0,0,0,0,0,0,0,0,0,0,0,0,0,0,0,0,0,0,0,0,0,128,[84 -64 4 0 0 0 0 0 0 0 0 0 -15 2 -15 2 -15 1 -16 0 -15 0 -16 0 -15 0 -16 0 -15 -1 -15 -2 -15 -1 -15 -2 -15 -2 -15 -3 -15 -3 -14 -2 -14 -3 -14 -3 -15 -3 -14 -3 -14 -3 -13 -3 -13 -3 -14 -3 -13 -2 -13 -2 0 0 -13 -2 -13 -2 -13 -2 -13 -1 -14 -1 -13 -1 -13 -1 -13 -1 -13 -1 -13 -1 -13 0 -13 0 -13 0 -14 0 -13 1 -14 1 -13 1 -14 1 -14 1 -14 1 -14 2 -14 2 -14 2 -14 2 -14 2 -14 3 0 0 0 0 0 0 0 0 0 0]"
"1769235457261408,CSI_DATA,STATION,00:00:00:00:00:00,0,0,0,0,0,0,0,0,0,0,0,0,0,0,0,0,0,0,0,0,0,128,[84 -64 4 0 0 0 0 0 0 0 0 0 -3 14 -3 14 -4 14 -4 15 -5 14 -5 14 -6 13 -6 14 -7 13 -7 13 -6 13 -7 12 -7 13 -7 13 -8 13 -7 12 -8 12 -7 12 -8 11 -7 11 -7 12 -8 11 -7 11 -7 11 -7 11 -7 11 0 0 -7 11 -6 11 -6 11 -6 11 -5 11 -6 11 -5 11 -5 11 -6 11 -5 11 -5 11 -4 12 -5 12 -4 12 -4 12 -4 12 -3 12 -4 12 -3 13 -3 13 -3 13 -3 13 -3 13 -2 13 -3 13 -3 13 0 0 0 0 0 0 0 0 0 0]"
"1769235457265798,CSI_DATA,STATION,00:00:00:00:00:00,0,0,0,0,0,0,0,0,0,0,0,0,0,0,0,0,0,0,0,0,0,128,[84 -64 4 0 0 0 0 0 0 0 0 0 -5 -15 -5 -15 -4 -15 -4 -15 -3 -16 -3 -16 -2 -15 -2 -16 -2 -16 -2 -16 -1 -16 -1 -15 0 -15 0 -15 0 -15 -1 -15 0 -15 0 -14 0 -15 0 -15 0 -14 0 -14 0 -14 0 -14 0 -14 -1 -14 0 0 -1 -13 -1 -13 -1 -13 -2 -13 -2 -13 -2 -14 -2 -13 -3 -13 -3 -13 -3 -12 -3 -13 -4 -13 -4 -13 -4 -13 -4 -13 -5 -13 -5 -13 -5 -13 -5 -13 -5 -14 -5 -13 -5 -13 -6 -13 -6 -13 -6 -13 -6 -13 0 0 0 0 0 0 0 0 0 0]"
"1769235457270169,CSI_DATA,STATION,00:00:00:00:00:00,0,0,0,0,0,0,0,0,0,0,0,0,0,0,0,0,0,0,0,0,0,128,[84 -64 4 0 0 0 0 0 0 0 0 0 -15 4 -15 4 -16 4 -15 3 -16 2 -16 3 -16 2 -15 1 -15 1 -16 0 -16 0 -15 0 -15 0 -15 0 -15 0 -15 0 -14 0 -14 -1 -14 -1 -14 -1 -14 -1 -14 -1 -14 0 -14 -1 -13 0 -14 0 0 0 -13 0 -13 0 -13 0 -13 1 -13 1 -13 1 -13 1 -13 2 -13 2 -13 2 -13 3 -13 2 -13 2 -13 3 -13 3 -13 4 -13 3 -13 4 -13 4 -14 4 -13 4 -13 5 -14 4 -13 5 -13 5 -13 5 0 0 0 0 0 0 0 0 0 0]"
"1769235457274508,CSI_DATA,STATION,00:00:00:00:00:00,0,0,0,0,0,0,0,0,0,0,0,0,0,0,0,0,0,0,0,0,0,128,[84 -64 4 0 0 0 0 0 0 0 0 0 1 -16 1 -16 2 -15 2 -15 2 -15 3 -15 4 -15 4 -15 4 -15 4 -15 5 -14 4 -14 5 -14 5 -14 5 -14 5 -13 5 -13 5 -13 5 -13 5 -13 5 -13 5 -13 5 -13 5 -13 4 -13 4 -13 0 0 4 -13 4 -13 3 -12 3 -13 4 -13 3 -13 3 -13 2 -13 2 -13 2 -13 2 -13 1 -13 1 -13 1 -14 1 -14 1 -14 1 -14 1 -14 0 -14 0 -14 0 -14 0 -14 0 -14 -1 -14 -1 -15 -1 -15 0 0 0 0 0 0 0 0 0 0]"
"1769235457281008,CSI_DATA,STATION,00:00:00:00:00:00,0,0,0,0,0,0,0,0,0,0,0,0,0,0,0,0,0,0,0,0,0,128,[84 -64 4 0 0 0 0 0 0 0 0 0 -4 -15 -4 -15 -3 -15 -3 -15 -2 -15 -2 -16 -1 -15 -1 -15 0 -15 -1 -16 -1 -15 0 -15 0 -15 0 -15 1 -15 0 -14 1 -14 1 -14 1 -14 1 -14 1 -14 1 -14 1 -13 1 -13 0 -13 0 -14 0 0 0 -13 0 -13 0 -13 -1 -13 -1 -13 -1 -13 -1 -13 -1 -13 -1 -13 -2 -13 -2 -13 -2 -13 -3 -13 -2 -14 -3 -13 -3 -13 -3 -13 -3 -13 -3 -14 -3 -14 -4 -14 -4 -14 -4 -14 -4 -14 -5 -14 -5 -13 0 0 0 0 0 0 0 0 0 0]"
"1769235457285360,CSI_DATA,STATION,00:00:00:00:00:00,0,0,0,0,0,0,0,0,0,0,0,0,0,0,0,0,0,0,0,0,0,128,[84 -64 4 0 0 0 0 0 0 0 0 0 -6 13 -7 13 -7 13 -8 13 -8 13 -9 12 -9 12 -9 12 -9 11 -9 11 -9 12 -10 11 -9 11 -10 10 -9 10 -9 10 -9 10 -10 10 -10 9 -9 9 -9 9 -9 9 -9 9 -9 10 -9 9 -8 10 0 0 -8 9 -8 9 -8 10 -7 10 -8 10 -7 10 -7 10 -7 10 -7 10 -6 10 -6 10 -6 11 -6 11 -6 11 -6 11 -5 12 -5 11 -6 12 -5 12 -5 12 -5 12 -5 12 -5 12 -4 12 -4 12 -4 13 0 0 0 0 0 0 0 0 0 0]"
"1769235457298216,CSI_DATA,STATION,00:00:00:00:00:00,0,0,0,0,0,0,0,0,0,0,0,0,0,0,0,0,0,0,0,0,0,128,[84 -64 4 0 0 0 0 0 0 0 0 0 13 -4 13 -3 13 -2 13 -3 13 -2 13 -2 13 -1 13 -1 13 -1 13 0 13 -1 13 0 13 0 13 0 12 1 12 0 12 1 12 1 12 1 12 1 11 1 12 1 11 0 12 1 11 0 11 0 0 0 11 0 10 -1 11 -1 10 -1 11 -1 11 -1 11 -1 11 -1 11 -1 10 -2 10 -3 11 -2 11 -3 11 -2 11 -3 11 -3 11 -3 11 -4 11 -3 11 -3 11 -4 11 -3 11 -4 11 -5 11 -5 11 -5 0 0 0 0 0 0 0 0 0 0]"
"1769235457304733,CSI_DATA,STATION,00:00:00:00:00:00,0,0,0,0,0,0,0,0,0,0,0,0,0,0,0,0,0,0,0,0,0,128,[84 -64 4 0 0 0 0 0 0 0 0 0 -14 -3 -14 -4 -13 -4 -14 -5 -13 -5 -13 -6 -13 -6 -13 -7 -12 -6 -12 -7 -13 -6 -12 -6 -12 -7 -12 -7 -11 -7 -11 -7 -11 -8 -11 -7 -11 -7 -11 -7 -11 -7 -10 -7 -10 -7 -10 -7 -10 -6 -10 -6 0 0 -10 -6 -10 -6 -10 -5 -10 -5 -11 -6 -10 -5 -10 -5 -11 -5 -10 -4 -11 -5 -11 -4 -11 -4 -11 -4 -11 -4 -11 -4 -12 -4 -11 -4 -12 -4 -12 -3 -12 -3 -12 -3 -12 -3 -12 -3 -12 -3 -12 -2 -13 -2 0 0 0 0 0 0 0 0 0 0]"
"1769235457309148,CSI_DATA,STATION,00:00:00:00:00:00,0,0,0,0,0,0,0,0,0,0,0,0,0,0,0,0,0,0,0,0,0,128,[84 -64 4 0 0 0 0 0 0 0 0 0 10 -11 10 -11 10 -10 11 -10 11 -10 12 -10 11 -9 11 -9 12 -9 12 -8 12 -8 12 -8 12 -7 12 -7 12 -7 12 -7 11 -7 11 -7 11 -6 11 -6 11 -6 11 -6 11 -6 11 -6 11 -6 11 -6 0 0 10 -7 10 -6 10 -7 9 -7 9 -7 9 -7 9 -7 9 -8 9 -8 9 -8 8 -8 8 -8 8 -8 8 -8 8 -9 8 -9 8 -10 8 -10 8 -10 8 -10 8 -10 7 -10 8 -10 8 -10 7 -11 7 -11 0 0 0 0 0 0 0 0 0 0]"
"1769235457315942,CSI_DATA,STATION,00:00:00:00:00:00,0,0,0,0,0,0,0,0,0,0,0,0,0,0,0,0,0,0,0,0,0,128,[84 -64 4 0 0 0 0 0 0 0 0 0 13 -6 13 -5 14 -4 14 -4 14 -4 14 -3 14 -3 14 -3 14 -3 14 -2 14 -2 13 -1 14 -1 14 -1 14 -1 13 -1 13 0 13 0 12 0 13 0 12 -1 12 -1 12 -1 12 0 12 -1 11 -1 0 0 11 -2 11 -2 11 -2 11 -2 11 -2 11 -3 11 -3 11 -3 11 -3 11 -3 10 -4 11 -3 11 -4 11 -4 11 -5 11 -5 11 -5 11 -5 11 -6 11 -6 11 -6 11 -6 11 -6 11 -6 11 -6 11 -7 0 0 0 0 0 0 0 0 0 0]"
"1769235457320182,CSI_DATA,STATION,00:00:00:00:00:00,0,0,0,0,0,0,0,0,0,0,0,0,0,0,0,0,0,0,0,0,0,128,[84 -64 4 0 0 0 0 0 0 0 0 0 -9 -12 -9 -13 -9 -13 -8 -13 -8 -13 -8 -13 -7 -13 -7 -14 -6 -14 -6 -14 -5 -14 -5 -14 -5 -14 -5 -14 -5 -14 -5 -13 -5 -13 -5 -13 -4 -13 -4 -13 -5 -13 -5 -13 -4 -12 -5 -12 -4 -12 -5 -12 0 0 -5 -12 -5 -11 -5 -11 -5 -11 -6 -11 -6 -11 -6 -11 -7 -11 -7 -10 -7 -10 -7 -10 -7 -10 -7 -10 -8 -10 -8 -10 -8 -10 -8 -10 -8 -10 -9 -9 -9 -10 -9 -9 -10 -9 -9 -10 -9 -10 -9 -9 -10 -9 0 0 0 0 0 0 0 0 0 0]"
"1769235457326548,CSI_DATA,STATION,00:00:00:00:00:00,0,0,0,0,0,0,0,0,0,0,0,0,0,0,0,0,0,0,0,0,0,128,[84 -64 4 0 0 0 0 0 0 0 0 0 7 14 7 14 6 15 6 15 5 15 5 15 4 15 4 15 4 15 3 15 3 15 3 15 2 15 3 14 2 15 2 15 2 14 1 14 1 14 1 14 2 14 2 14 2 14 2 13 2 13 2 13 0 0 2 12 3 12 3 12 2 12 3 12 3 12 4 12 4 12 4 11 4 11 5 11 4 11 5 11 5 11 5 11 6 11 7 11 6 11 7 11 6 11 7 11 7 11 7 11 8 11 8 11 8 11 0 0 0 0 0 0 0 0 0 0]"
"1769235457330852,CSI_DATA,STATION,00:00:00:00:00:00,0,0,0,0,0,0,0,0,0,0,0,0,0,0,0,0,0,0,0,0,0,128,[84 -64 4 0 0 0 0 0 0 0 0 0 5 11 5 12 4 12 4 12 4 12 4 13 2 13 3 13 2 13 2 12 2 12 1 12 1 12 1 12 1 12 1 12 0 12 0 11 0 11 1 11 0 11 0 11 0 11 1 11 1 11 1 11 0 0 1 10 1 10 1 10 1 10 2 10 2 10 2 10 2 10 2 9 3 10 3 9 3 10 3 10 3 10 3 10 4 10 4 9 4 10 4 9 4 9 5 10 5 9 5 10 5 10 5 10 5 9 0 0 0 0 0 0 0 0 0 0]"
"1769235457335157,CSI_DATA,STATION,00:00:00:00:00:00,0,0,0,0,0,0,0,0,0,0,0,0,0,0,0,0,0,0,0,0,0,128,[84 -64 4 0 0 0 0 0 0 0 0 0 8 10 8 10 7 11 7 11 7 11 6 11 6 11 5 12 5 12 5 13 5 11 4 12 4 11 4 11 3 12 4 11 3 11 3 11 3 11 3 11 3 10 3 11 3 11 3 10 3 10 3 10 0 0 3 10 3 10 4 9 4 9 4 9 4 9 4 9 5 9 4 9 5 9 5 8 5 9 5 9 6 9 6 9 6 8 6 8 6 8 6 8 6 8 7 8 6 8 7 9 7 8 7 8 7 8 0 0 0 0 0 0 0 0 0 0]"
"1769235457341656,CSI_DATA,STATION,00:00:00:00:00:00,0,0,0,0,0,0,0,0,0,0,0,0,0,0,0,0,0,0,0,0,0,128,[84 -64 4 0 0 0 0 0 0 0 0 0 12 5 12 6 11 6 11 7 11 7 11 7 11 7 10 8 9 8 10 8 10 8 9 8 9 8 9 8 9 9 8 8 8 8 8 8 8 8 8 8 7 8 7 8 8 7 8 7 8 7 8 7 0 0 8 7 7 7 8 6 7 6 8 6 8 6 8 6 8 6 8 6 8 5 8 5 9 5 9 5 10 5 9 4 10 4 10 4 10 4 10 4 9 4 10 4 10 4 10 3 10 3 10 3 11 3 0 0 0 0 0 0 0 0 0 0]"
"1769235457345963,CSI_DATA,STATION,00:00:00:00:00:00,0,0,0,0,0,0,0,0,0,0,0,0,0,0,0,0,0,0,0,0,0,128,[84 -64 4 0 0 0 0 0 0 0 0 0 -3 -16 -3 -15 -2 -16 -2 -15 -1 -16 -1 -16 0 -15 0 -16 0 -15 0 -16 1 -15 1 -15 2 -15 1 -15 1 -14 2 -14 2 -14 2 -13 2 -14 2 -13 2 -13 2 -13 2 -13 1 -13 1 -13 1 -13 0 0 1 -13 0 -13 0 -12 0 -12 0 -12 0 -12 -1 -12 -1 -12 -1 -12 -1 -13 -2 -12 -1 -12 -2 -12 -2 -12 -2 -13 -3 -13 -3 -13 -3 -13 -3 -13 -3 -13 -4 -13 -4 -13 -4 -13 -4 -13 -4 -13 -4 -13 0 0 0 0 0 0 0 0 0 0]"
"1769235457352624,CSI_DATA,STATION,00:00:00:00:00:00,0,0,0,0,0,0,0,0,0,0,0,0,0,0,0,0,0,0,0,0,0,128,[84 -64 4 0 0 0 0 0 0 0 0 0 -1 -14 0 -14 0 -14 1 -14 1 -14 2 -14 2 -14 3 -14 2 -13 2 -13 3 -13 3 -13 3 -13 4 -13 4 -13 3 -12 4 -12 4 -12 4 -12 4 -12 4 -12 4 -11 3 -11 3 -11 3 -11 3 -11 0 0 3 -11 2 -11 2 -11 2 -11 2 -11 2 -11 1 -11 1 -11 1 -11 1 -11 0 -11 0 -11 0 -11 0 -12 0 -12 0 -11 0 -12 0 -12 0 -12 0 -12 0 -12 -1 -12 -1 -12 -2 -12 -2 -12 -2 -12 0 0 0 0 0 0 0 0 0 0]"
"1769235457356972,CSI_DATA,STATION,00:00:00:00:00:00,0,0,0,0,0,0,0,0,0,0,0,0,0,0,0,0,0,0,0,0,0,128,[84 -64 4 0 0 0 0 0 0 0 0 0 5 14 5 14 4 14 3 14 3 15 2 14 2 14 1 15 1 15 1 15 1 14 1 14 0 14 1 14 0 14 0 13 0 13 0 13 0 13 0 13 -1 12 0 13 0 12 0 12 0 12 0 12 0 0 1 12 1 12 1 11 1 12 2 11 2 11 2 11 2 11 2 11 3 11 3 11 3 11 3 11 3 11 4 12 4 11 5 11 4 11 5 11 5 11 5 11 5 11 5 11 6 11 6 11 6 11 0 0 0 0 0 0 0 0 0 0]"
"1769235457361330,CSI_DATA,STATION,00:00:00:00:00:00,0,0,0,0,0,0,0,0,0,0,0,0,0,0,0,0,0,0,0,0,0,128,[84 -64 4 0 0 0 0 0 0 0 0 0 -3 15 -4 14 -4 15 -5 14 -6 14 -6 14 -6 14 -7 14 -7 13 -8 14 -7 13 -7 12 -8 12 -8 12 -8 12 -8 12 -8 11 -8 12 -8 11 -7 10 -7 11 -7 11 -7 11 -7 11 -6 10 -6 11 0 0 -6 10 -5 11 -5 11 -5 11 -5 11 -5 11 -5 11 -5 11 -4 11 -4 11 -4 11 -4 11 -4 12 -3 11 -3 12 -3 12 -3 12 -3 12 -2 12 -2 12 -2 13 -2 12 -2 12 -2 13 -2 13 -2 13 0 0 0 0 0 0 0 0 0 0]"
"1769235457367853,CSI_DATA,STATION,00:00:00:00:00:00,0,0,0,0,0,0,0,0,0,0,0,0,0,0,0,0,0,0,0,0,0,128,[84 -64 4 0 0 0 0 0 0 0 0 0 5 -15 6 -14 7 -15 6 -14 7 -14 7 -14 8 -14 8 -13 8 -13 9 -13 9 -12 9 -12 9 -12 9 -12 8 -12 9 -12 9 -11 9 -12 8 -11 9 -11 8 -10 8 -11 8 -11 8 -10 7 -10 7 -11 0 0 7 -10 6 -11 6 -11 6 -11 6 -11 6 -11 5 -11 5 -12 5 -11 5 -12 5 -12 4 -12 4 -12 4 -12 4 -13 4 -12 4 -13 3 -12 3 -13 3 -13 3 -13 3 -13 2 -14 2 -13 2 -14 2 -13 0 0 0 0 0 0 0 0 0 0]"
"1769235457372222,CSI_DATA,STATION,00:00:00:00:00:00,0,0,0,0,0,0,0,0,0,0,0,0,0,0,0,0,0,0,0,0,0,128,[84 -64 4 0 0 0 0 0 0 0 0 0 15 -4 15 -4 15 -3 15 -3 15 -3 15 -3 15 -2 16 -1 15 -1 15 0 15 -1 14 -1 14 0 14 0 15 1 14 0 14 1 12 1 13 1 13 1 13 1 13 0 12 1 12 0 12 0 13 0 0 0 12 -1 12 0 12 0 12 -1 12 -1 12 -1 12 -2 11 -2 11 -2 11 -3 12 -3 11 -3 11 -3 12 -3 12 -4 12 -4 11 -4 12 -4 12 -5 12 -5 12 -5 11 -4 12 -5 11 -5 12 -6 12 -6 0 0 0 0 0 0 0 0 0 0]"
"1769235457376596,CSI_DATA,STATION,00:00:00:00:00:00,0,0,0,0,0,0,0,0,0,0,0,0,0,0,0,0,0,0,0,0,0,128,[84 -64 4 0 0 0 0 0 0 0 0 0 -14 -7 -14 -8 -13 -9 -14 -10 -13 -10 -13 -10 -12 -10 -12 -11 -11 -11 -12 -11 -12 -11 -12 -10 -11 -11 -11 -11 -10 -11 -10 -11 -10 -11 -10 -11 -10 -11 -9 -11 -9 -11 -9 -11 -10 -10 -10 -10 -9 -10 -10 -9 0 0 -9 -9 -9 -9 -10 -9 -9 -8 -10 -9 -9 -8 -10 -8 -10 -8 -10 -8 -10 -7 -11 -7 -11 -7 -11 -7 -11 -7 -11 -6 -12 -7 -11 -7 -12 -6 -12 -6 -12 -6 -12 -6 -12 -6 -12 -6 -13 -5 -13 -5 -13 -5 0 0 0 0 0 0 0 0 0 0]"
"1769235457383137,CSI_DATA,STATION,00:00:00:00:00:00,0,0,0,0,0,0,0,0,0,0,0,0,0,0,0,0,0,0,0,0,0,128,[84 -64 4 0 0 0 0 0 0 0 0 0 10 -9 11 -9 11 -8 11 -8 11 -8 12 -7 12 -7 12 -6 12 -6 12 -5 12 -5 12 -5 12 -5 12 -4 12 -5 11 -5 12 -4 11 -4 11 -4 11 -4 11 -4 11 -4 11 -4 11 -4 10 -4 10 -4 0 0 10 -5 9 -4 9 -4 9 -4 9 -5 9 -5 9 -5 9 -6 9 -6 9 -6 9 -6 8 -6 8 -6 9 -6 8 -7 9 -7 8 -7 9 -8 8 -7 8 -7 8 -8 8 -8 8 -8 8 -8 8 -9 8 -9 0 0 0 0 0 0 0 0 0 0]"
"1769235457387463,CSI_DATA,STATION,00:00:00:00:00:00,0,0,0,0,0,0,0,0,0,0,0,0,0,0,0,0,0,0,0,0,0,128,[84 -64 4 0 0 0 0 0 0 0 0 0 -11 10 -12 10 -12 9 -12 9 -13 9 -13 8 -13 8 -13 7 -13 6 -14 6 -13 7 -13 6 -14 6 -13 6 -13 5 -13 5 -13 6 -13 6 -12 5 -12 5 -12 5 -12 5 -12 5 -11 5 -11 5 -11 5 0 0 -11 6 -10 6 -10 6 -10 6 -10 6 -10 6 -9 6 -9 7 -10 7 -9 7 -9 8 -9 7 -9 8 -8 8 -9 8 -8 9 -8 9 -8 9 -8 9 -8 9 -8 10 -8 9 -8 9 -7 10 -7 10 -7 10 0 0 0 0 0 0 0 0 0 0]"
"1769235457391815,CSI_DATA,STATION,00:00:00:00:00:00,0,0,0,0,0,0,0,0,0,0,0,0,0,0,0,0,0,0,0,0,0,128,[84 -64 4 0 0 0 0 0 0 0 0 0 12 -9 12 -8 12 -8 12 -7 12 -7 13 -7 13 -6 13 -6 13 -6 13 -5 13 -5 13 -5 13 -4 13 -4 13 -4 12 -4 12 -4 12 -4 12 -3 12 -3 11 -3 12 -3 11 -3 11 -4 11 -4 11 -4 0 0 11 -4 11 -4 10 -4 10 -4 10 -5 10 -4 10 -5 10 -5 10 -5 9 -6 9 -6 9 -6 9 -6 10 -6 10 -7 9 -7 9 -7 10 -7 9 -7 9 -7 10 -8 9 -7 9 -7 9 -8 9 -8 9 -9 0 0 0 0 0 0 0 0 0 0]"
"1769235457398370,CSI_DATA,STATION,00:00:00:00:00:00,0,0,0,0,0,0,0,0,0,0,0,0,0,0,0,0,0,0,0,0,0,128,[84 -64 4 0 0 0 0 0 0 0 0 0 -9 11 -10 11 -10 10 -10 10 -11 9 -11 9 -11 9 -12 8 -12 8 -12 8 -12 8 -11 7 -11 7 -12 7 -11 6 -12 6 -12 7 -11 6 -12 6 -11 5 -11 5 -11 5 -11 6 -10 6 -10 6 -10 6 0 0 -10 6 -9 6 -9 7 -9 6 -9 7 -9 6 -9 6 -9 6 -9 7 -8 7 -8 8 -8 8 -8 8 -8 8 -9 8 -8 9 -8 8 -8 9 -8 9 -8 9 -8 9 -8 9 -7 9 -7 10 -7 10 -7 10 0 0 0 0 0 0 0 0 0 0]"
"1769235457402701,CSI_DATA,STATION,00:00:00:00:00:00,0,0,0,0,0,0,0,0,0,0,0,0,0,0,0,0,0,0,0,0,0,128,[84 -64 4 0 0 0 0 0 0 0 0 0 -6 12 -7 12 -7 12 -7 11 -8 11 -8 11 -9 11 -9 11 -9 10 -10 10 -9 10 -9 10 -9 9 -9 9 -10 9 -10 9 -9 9 -9 8 -9 8 -10 7 -9 8 -9 8 -9 8 -8 8 -8 8 -8 8 0 0 -8 8 -8 8 -7 8 -8 8 -7 8 -7 8 -7 8 -7 8 -7 8 -7 9 -6 9 -6 9 -6 9 -6 10 -6 9 -6 10 -6 9 -6 9 -6 10 -6 10 -6 10 -6 10 -5 10 -5 11 -5 11 -5 11 0 0 0 0 0 0 0 0 0 0]"
"1769235457407058,CSI_DATA,STATION,00:00:00:00:00:00,0,0,0,0,0,0,0,0,0,0,0,0,0,0,0,0,0,0,0,0,0,128,[84 -64 4 0 0 0 0 0 0 0 0 0 7 -12 8 -12 8 -11 8 -11 9 -11 10 -11 10 -10 10 -10 10 -9 10 -9 10 -9 10 -9 10 -9 10 -8 10 -8 10 -8 10 -8 10 -8 9 -8 10 -7 9 -7 9 -7 9 -7 9 -8 9 -7 9 -8 0 0 8 -8 8 -7 8 -7 8 -7 7 -8 7 -8 7 -8 7 -9 7 -8 7 -9 7 -9 6 -9 6 -9 6 -9 6 -10 6 -10 6 -10 6 -10 6 -10 6 -11 6 -10 6 -10 5 -11 5 -11 5 -11 5 -11 0 0 0 0 0 0 0 0 0 0]"
"1769235457413597,CSI_DATA,STATION,00:00:00:00:00:00,0,0,0,0,0,0,0,0,0,0,0,0,0,0,0,0,0,0,0,0,0,128,[84 -64 4 0 0 0 0 0 0 0 0 0 -14 3 -14 2 -14 1 -14 2 -14 1 -14 1 -14 0 -14 -1 -14 0 -14 -1 -14 -1 -14 -1 -13 -2 -14 -2 -13 -1 -13 -1 -13 -2 -13 -2 -13 -2 -13 -2 -12 -2 -12 -2 -12 -1 -12 -1 -12 -1 -12 -1 0 0 -11 -1 -12 -1 -11 0 -12 1 -12 0 -12 0 -11 1 -11 1 -11 1 -11 2 -11 2 -12 1 -11 2 -11 2 -11 3 -12 3 -11 3 -12 3 -12 4 -12 4 -12 4 -12 4 -12 4 -11 4 -12 5 -12 5 0 0 0 0 0 0 0 0 0 0]"
"1769235457418072,CSI_DATA,STATION,00:00:00:00:00:00,0,0,0,0,0,0,0,0,0,0,0,0,0,0,0,0,0,0,0,0,0,128,[84 -64 4 0 0 0 0 0 0 0 0 0 -1 -16 -2 -16 -1 -15 -1 -16 0 -16 0 -16 1 -16 1 -16 1 -16 2 -15 2 -15 2 -15 3 -15 3 -14 3 -15 3 -14 3 -14 3 -13 2 -14 2 -14 3 -13 2 -14 3 -13 3 -13 2 -13 2 -13 0 0 1 -13 1 -13 1 -12 1 -13 0 -13 0 -13 0 -13 0 -13 -1 -12 -1 -12 -1 -13 -1 -13 -1 -13 -2 -13 -2 -13 -2 -13 -3 -13 -2 -13 -3 -13 -3 -13 -4 -14 -4 -13 -4 -14 -4 -13 -4 -14 -4 -13 0 0 0 0 0 0 0 0 0 0]"
"1769235457424564,CSI_DATA,STATION,00:00:00:00:00:00,0,0,0,0,0,0,0,0,0,0,0,0,0,0,0,0,0,0,0,0,0,128,[84 -64 4 0 0 0 0 0 0 0 0 0 -13 6 -13 5 -14 4 -13 4 -14 3 -14 4 -14 3 -14 2 -14 2 -14 2 -14 2 -14 2 -14 1 -13 1 -13 1 -13 1 -13 1 -12 0 -13 0 -12 0 -12 0 -12 0 -12 1 -12 0 -12 1 -12 1 0 0 -12 1 -12 1 -11 2 -12 2 -11 1 -11 2 -11 2 -11 2 -11 3 -11 3 -11 4 -11 3 -11 4 -11 4 -11 4 -11 5 -11 4 -11 5 -11 5 -11 5 -11 5 -11 5 -11 5 -11 6 -11 6 -11 6 0 0 0 0 0 0 0 0 0 0]"
"1769235457428919,CSI_DATA,STATION,00:00:00:00:00:00,0,0,0,0,0,0,0,0,0,0,0,0,0,0,0,0,0,0,0,0,0,128,[84 -64 4 0 0 0 0 0 0 0 0 0 -12 9 -12 8 -12 7 -13 8 -13 7 -13 7 -13 6 -13 6 -13 5 -14 5 -13 5 -13 5 -13 4 -13 4 -13 4 -13 4 -13 4 -12 3 -13 3 -12 3 -12 3 -12 3 -12 4 -11 3 -11 3 -11 4 0 0 -11 4 -11 4 -11 4 -11 4 -10 4 -10 4 -10 5 -10 5 -10 6 -10 6 -10 6 -10 6 -10 5 -10 6 -10 6 -10 7 -10 7 -10 7 -9 8 -9 7 -10 8 -10 8 -10 8 -9 8 -10 8 -9 8 0 0 0 0 0 0 0 0 0 0]"
"1769235457433334,CSI_DATA,STATION,00:00:00:00:00:00,0,0,0,0,0,0,0,0,0,0,0,0,0,0,0,0,0,0,0,0,0,128,[84 -64 4 0 0 0 0 0 0 0 0 0 6 11 6 11 5 11 5 11 4 12 4 12 4 11 4 12 3 12 3 12 3 11 3 11 3 11 3 11 2 12 2 11 2 11 1 10 2 11 2 11 2 11 2 10 2 10 2 10 2 10 3 9 0 0 3 9 2 9 3 9 2 9 3 9 3 9 3 9 4 9 4 9 4 9 4 8 4 9 5 9 5 9 5 8 5 8 6 8 6 8 6 8 6 8 7 8 6 8 7 8 7 8 7 8 7 8 0 0 0 0 0 0 0 0 0 0]"
"1769235457439804,CSI_DATA,STATION,00:00:00:00:00:00,0,0,0,0,0,0,0,0,0,0,0,0,0,0,0,0,0,0,0,0,0,128,[84 -64 4 0 0 0 0 0 0 0 0 0 11 -6 11 -6 11 -6 11 -5 12 -5 12 -5 12 -4 12 -4 12 -4 12 -3 12 -3 12 -3 12 -3 11 -3 12 -2 11 -2 11 -2 11 -2 10 -2 11 -2 11 -2 10 -2 11 -2 10 -2 10 -2 10 -3 0 0 10 -3 10 -2 9 -3 10 -3 9 -4 9 -3 9 -4 9 -4 9 -5 9 -5 9 -5 9 -5 9 -5 9 -5 9 -6 9 -6 9 -6 9 -6 9 -7 9 -6 9 -6 9 -6 9 -7 8 -7 9 -7 9 -8 0 0 0 0 0 0 0 0 0 0]"
"1769235457444157,CSI_DATA,STATION,00:00:00:00:00:00,0,0,0,0,0,0,0,0,0,0,0,0,0,0,0,0,0,0,0,0,0,128,[84 -64 4 0 0 0 0 0 0 0 0 0 13 -4 14 -3 13 -2 13 -2 14 -1 14 -1 14 0 14 0 14 0 14 1 14 1 13 1 13 1 13 2 13 1 12 1 12 2 12 2 12 2 12 2 12 2 11 1 11 1 12 1 11 1 11 1 0 0 11 1 11 1 11 1 11 0 11 0 11 0 11 0 11 -1 11 -1 10 -1 11 -1 11 -1 11 -2 11 -2 11 -3 11 -2 11 -3 11 -3 12 -3 12 -3 12 -4 11 -3 12 -3 12 -4 12 -4 12 -4 0 0 0 0 0 0 0 0 0 0]"
"1769235457448482,CSI_DATA,STATION,00:00:00:00:00:00,0,0,0,0,0,0,0,0,0,0,0,0,0,0,0,0,0,0,0,0,0,128,[84 -64 4 0 0 0 0 0 0 0 0 0 11 -8 12 -7 12 -7 12 -7 12 -6 13 -6 13 -5 13 -5 13 -5 13 -4 12 -4 13 -4 12 -3 12 -3 12 -3 12 -4 12 -3 11 -3 12 -2 12 -3 11 -2 11 -3 11 -3 11 -3 11 -3 11 -3 0 0 10 -4 11 -3 10 -4 10 -4 10 -4 10 -4 10 -4 10 -5 10 -5 10 -5 9 -6 10 -6 10 -6 10 -5 10 -6 9 -6 9 -7 10 -7 10 -7 10 -8 10 -7 10 -7 10 -7 9 -8 10 -8 10 -8 0 0 0 0 0 0 0 0 0 0]"
"1769235457454916,CSI_DATA,STATION,00:00:00:00:00:00,0,0,0,0,0,0,0,0,0,0,0,0,0,0,0,0,0,0,0,0,0,128,[84 -64 4 0 0 0 0 0 0 0 0 0 11 7 11 8 10 8 10 8 10 8 10 9 9 9 9 9 9 10 8 10 8 10 8 9 8 9 8 10 7 10 7 9 7 10 7 9 6 9 7 10 6 9 7 9 7 9 7 9 7 9 7 8 0 0 7 8 6 8 7 8 6 7 7 8 7 8 7 7 8 7 8 7 8 7 8 6 8 7 8 7 9 7 8 7 9 7 10 6 9 6 9 6 9 6 10 6 10 7 10 6 10 6 11 6 11 6 0 0 0 0 0 0 0 0 0 0]"
"1769235457459219,CSI_DATA,STATION,00:00:00:00:00:00,0,0,0,0,0,0,0,0,0,0,0,0,0,0,0,0,0,0,0,0,0,128,[84 -64 4 0 0 0 0 0 0 0 0 0 12 4 12 4 12 5 12 5 11 5 11 6 11 6 11 6 11 7 10 7 10 7 10 7 10 8 10 7 9 8 9 7 9 7 9 7 9 8 9 8 9 7 9 7 9 7 9 7 8 7 9 6 0 0 8 6 8 6 9 6 9 5 9 6 9 6 9 5 9 5 9 5 9 5 10 5 9 5 10 5 10 5 10 5 11 4 10 4 11 4 11 4 11 4 11 4 11 4 11 4 12 3 12 3 12 3 0 0 0 0 0 0 0 0 0 0]"
"1769235457471949,CSI_DATA,STATION,00:00:00:00:00:00,0,0,0,0,0,0,0,0,0,0,0,0,0,0,0,0,0,0,0,0,0,128,[84 -64 4 0 0 0 0 0 0 0 0 0 12 7 12 8 11 8 11 9 11 9 10 9 10 9 10 10 9 9 10 10 9 10 9 10 9 10 9 10 8 10 8 10 8 11 8 10 7 10 7 10 7 10 7 10 7 9 7 9 7 9 7 9 0 0 7 9 7 9 8 8 7 8 8 9 7 8 8 8 8 8 8 8 8 7 8 7 9 8 9 7 9 7 9 7 10 7 10 6 10 7 10 7 10 7 10 6 10 7 10 6 11 6 11 6 11 6 0 0 0 0 0 0 0 0 0 0]"
"1769235457478461,CSI_DATA,STATION,00:00:00:00:00:00,0,0,0,0,0,0,0,0,0,0,0,0,0,0,0,0,0,0,0,0,0,128,[84 -64 4 0 0 0 0 0 0 0 0 0 10 -11 11 -11 11 -10 11 -10 12 -9 12 -9 12 -8 13 -8 13 -7 13 -7 12 -8 13 -7 12 -7 12 -7 13 -6 12 -6 12 -6 11 -6 12 -6 12 -5 11 -5 12 -5 11 -6 12 -6 11 -6 11 -6 0 0 11 -6 10 -6 11 -6 10 -6 10 -6 10 -6 10 -6 10 -7 10 -7 10 -8 9 -8 9 -8 9 -8 10 -8 9 -8 10 -9 9 -9 9 -9 10 -9 10 -9 10 -10 9 -9 9 -9 9 -10 9 -10 9 -11 0 0 0 0 0 0 0 0 0 0]"
"1769235457484938,CSI_DATA,STATION,00:00:00:00:00:00,0,0,0,0,0,0,0,0,0,0,0,0,0,0,0,0,0,0,0,0,0,128,[84 -64 4 0 0 0 0 0 0 0 0 0 11 -10 11 -10 11 -10 12 -9 12 -9 13 -9 13 -8 13 -8 13 -8 13 -7 13 -7 13 -7 13 -6 13 -6 13 -5 13 -6 13 -6 13 -6 12 -5 13 -5 12 -5 12 -6 12 -5 12 -6 12 -5 12 -6 0 0 11 -6 11 -6 11 -6 10 -6 11 -7 11 -6 10 -7 10 -7 10 -8 10 -8 10 -8 10 -8 10 -8 10 -8 9 -9 10 -9 9 -9 10 -10 9 -10 9 -10 9 -10 9 -10 9 -10 9 -10 9 -11 9 -11 0 0 0 0 0 0 0 0 0 0]"
"1769235457489305,CSI_DATA,STATION,00:00:00:00:00:00,0,0,0,0,0,0,0,0,0,0,0,0,0,0,0,0,0,0,0,0,0,128,[84 -64 4 0 0 0 0 0 0 0 0 0 -11 8 -12 8 -12 7 -12 8 -12 7 -13 7 -12 7 -13 6 -13 6 -13 6 -13 6 -13 5 -12 5 -12 5 -13 4 -12 5 -13 5 -12 4 -12 4 -12 4 -12 4 -12 4 -12 4 -12 4 -11 4 -11 5 0 0 -11 5 -11 4 -11 5 -10 4 -10 5 -11 5 -10 5 -10 6 -10 6 -10 6 -10 7 -10 7 -10 7 -10 7 -9 6 -10 7 -9 7 -9 8 -9 8 -9 8 -9 8 -9 8 -9 8 -9 9 -9 9 -9 9 0 0 0 0 0 0 0 0 0 0]"
"1769235457493617,CSI_DATA,STATION,00:00:00:00:00:00,0,0,0,0,0,0,0,0,0,0,0,0,0,0,0,0,0,0,0,0,0,128,[84 -64 4 0 0 0 0 0 0 0 0 0 12 -4 12 -4 13 -3 13 -3 13 -2 13 -2 13 -1 13 -1 13 -1 13 0 13 0 12 0 13 0 12 0 12 0 12 0 12 1 12 1 12 0 12 1 12 1 11 1 12 1 11 1 11 0 11 0 0 0 11 0 11 0 11 0 11 -1 11 -1 11 -1 11 -1 11 -1 11 -2 11 -2 11 -2 11 -2 11 -2 11 -2 11 -3 11 -3 11 -3 11 -4 11 -3 11 -3 11 -4 11 -4 12 -4 11 -4 12 -4 11 -5 0 0 0 0 0 0 0 0 0 0]"
"1769235457500070,CSI_DATA,STATION,00:00:00:00:00:00,0,0,0,0,0,0,0,0,0,0,0,0,0,0,0,0,0,0,0,0,0,128,[84 -64 4 0 0 0 0 0 0 0 0 0 -14 -5 -14 -5 -13 -6 -14 -6 -13 -6 -13 -7 -13 -7 -13 -7 -12 -7 -12 -8 -12 -8 -12 -8 -12 -8 -11 -8 -11 -8 -11 -8 -11 -8 -11 -8 -11 -9 -11 -8 -10 -8 -10 -8 -10 -8 -11 -8 -10 -8 -10 -7 0 0 -10 -7 -10 -7 -10 -6 -10 -6 -11 -7 -10 -6 -11 -6 -11 -6 -10 -5 -11 -5 -11 -5 -11 -5 -11 -5 -12 -5 -11 -5 -12 -4 -12 -4 -12 -5 -12 -4 -12 -4 -13 -4 -13 -4 -13 -4 -13 -4 -13 -3 -13 -3 0 0 0 0 0 0 0 0 0 0]"
"1769235457504342,CSI_DATA,STATION,00:00:00:00:00:00,0,0,0,0,0,0,0,0,0,0,0,0,0,0,0,0,0,0,0,0,0,128,[84 -64 4 0 0 0 0 0 0 0 0 0 9 8 9 8 9 9 9 9 9 9 8 10 8 9 7 10 7 10 7 11 7 10 6 10 7 10 6 10 6 11 6 10 6 10 6 10 5 10 5 10 5 10 5 10 5 10 5 9 5 9 5 9 0 0 6 9 6 9 6 8 6 8 6 8 6 9 6 8 7 8 7 7 7 8 7 7 7 8 7 8 8 7 7 7 8 7 8 7 8 7 8 7 8 7 8 7 9 7 9 7 9 7 9 7 9 7 0 0 0 0 0 0 0 0 0 0]"
"1769235457510804,CSI_DATA,STATION,00:00:00:00:00:00,0,0,0,0,0,0,0,0,0,0,0,0,0,0,0,0,0,0,0,0,0,128,[84 -64 4 0 0 0 0 0 0 0 0 0 12 -9 12 -8 12 -7 12 -7 13 -7 13 -7 13 -7 13 -6 14 -6 14 -5 14 -5 13 -5 13 -4 13 -4 13 -4 13 -4 13 -4 13 -4 12 -4 13 -4 12 -3 12 -4 13 -4 12 -4 12 -4 12 -4 0 0 11 -4 11 -4 11 -4 11 -4 11 -5 11 -5 11 -5 11 -5 11 -5 10 -6 11 -6 11 -6 11 -6 11 -6 11 -7 11 -7 10 -8 11 -8 11 -8 10 -8 10 -8 10 -8 10 -8 10 -9 10 -9 10 -9 0 0 0 0 0 0 0 0 0 0]"
"1769235457515211,CSI_DATA,STATION,00:00:00:00:00:00,0,0,0,0,0,0,0,0,0,0,0,0,0,0,0,0,0,0,0,0,0,128,[84 -64 4 0 0 0 0 0 0 0 0 0 9 10 8 11 8 11 8 11 8 12 7 11 7 12 6 13 6 12 6 13 6 12 5 12 5 13 5 12 5 13 5 12 5 11 4 12 4 12 4 12 4 12 5 12 4 12 4 11 4 11 4 11 0 0 5 10 5 11 5 10 5 10 5 10 5 10 6 9 6 10 6 9 6 10 6 9 6 10 6 9 7 9 7 9 8 9 8 9 8 9 8 9 8 8 9 9 9 9 9 9 9 9 9 9 9 8 0 0 0 0 0 0 0 0 0 0]"
"1769235457521812,CSI_DATA,STATION,00:00:00:00:00:00,0,0,0,0,0,0,0,0,0,0,0,0,0,0,0,0,0,0,0,0,0,128,[84 -64 4 0 0 0 0 0 0 0 0 0 16 -3 17 -3 16 -2 17 -1 17 -1 18 -1 17 0 17 0 17 1 16 1 16 1 16 1 16 2 16 1 17 3 15 2 16 2 15 3 15 2 15 3 15 3 15 3 15 2 14 2 14 2 15 1 0 0 14 1 13 2 14 1 14 1 14 1 14 1 14 1 13 0 14 -1 14 -1 14 -2 14 -1 14 -2 14 -1 14 -2 15 -2 14 -3 14 -3 15 -3 14 -3 15 -4 14 -3 15 -3 15 -5 15 -5 15 -5 0 0 0 0 0 0 0 0 0 0]"
"1769235457526203,CSI_DATA,STATION,00:00:00:00:00:00,0,0,0,0,0,0,0,0,0,0,0,0,0,0,0,0,0,0,0,0,0,128,[84 -64 4 0 0 0 0 0 0 0 0 0 12 -1 13 -1 13 -1 13 0 13 0 13 0 13 1 13 1 13 1 13 2 12 3 12 2 12 3 12 3 12 3 11 3 11 3 11 3 11 3 11 3 11 3 11 3 11 3 11 4 11 3 11 2 0 0 11 2 10 2 10 2 10 2 10 2 10 1 10 1 11 1 11 1 10 1 10 1 11 1 11 1 11 0 11 0 11 0 11 0 12 -1 11 -1 11 -1 11 -1 11 -1 12 -1 11 -1 12 -1 12 -1 0 0 0 0 0 0 0 0 0 0]"
"1769235457530573,CSI_DATA,STATION,00:00:00:00:00:00,0,0,0,0,0,0,0,0,0,0,0,0,0,0,0,0,0,0,0,0,0,128,[84 -64 4 0 0 0 0 0 0 0 0 0 7 -14 7 -13 8 -13 8 -13 9 -13 9 -12 9 -12 9 -12 10 -11 10 -11 10 -11 10 -10 10 -10 10 -10 10 -10 10 -10 9 -10 10 -10 9 -9 9 -9 10 -9 9 -10 10 -9 9 -9 8 -9 9 -9 0 0 8 -10 8 -9 7 -9 7 -10 7 -10 7 -10 7 -10 7 -10 7 -10 7 -11 6 -10 6 -11 6 -11 6 -11 6 -12 5 -12 5 -12 5 -12 5 -12 5 -12 5 -12 5 -12 5 -13 5 -12 4 -13 4 -13 0 0 0 0 0 0 0 0 0 0]"
"1769235457537160,CSI_DATA,STATION,00:00:00:00:00:00,0,0,0,0,0,0,0,0,0,0,0,0,0,0,0,0,0,0,0,0,0,128,[84 -64 4 0 0 0 0 0 0 0 0 0 2 -15 2 -15 3 -14 3 -14 4 -14 4 -15 4 -14 5 -14 5 -14 5 -14 6 -13 5 -13 6 -13 6 -13 6 -13 6 -12 6 -12 6 -12 6 -12 6 -12 6 -12 6 -12 6 -11 6 -12 5 -11 5 -12 0 0 5 -11 4 -11 4 -11 4 -11 4 -11 4 -12 3 -12 3 -12 3 -12 3 -12 3 -12 3 -12 2 -12 2 -12 2 -12 2 -13 2 -13 2 -13 1 -13 2 -13 1 -13 1 -13 1 -13 0 -13 0 -13 0 -13 0 0 0 0 0 0 0 0 0 0]"
"1769235457541510,CSI_DATA,STATION,00:00:00:00:00:00,0,0,0,0,0,0,0,0,0,0,0,0,0,0,0,0,0,0,0,0,0,128,[84 -64 4 0 0 0 0 0 0 0 0 0 9 -13 9 -13 9 -12 9 -12 10 -12 11 -12 11 -11 11 -11 11 -11 11 -10 11 -10 11 -10 11 -10 12 -9 12 -9 11 -9 11 -9 11 -9 11 -8 11 -8 11 -8 10 -9 11 -9 10 -9 10 -8 10 -9 0 0 9 -9 9 -9 9 -9 9 -9 9 -9 8 -9 8 -9 8 -10 8 -10 8 -10 7 -10 7 -10 7 -10 7 -11 7 -11 7 -12 7 -12 7 -12 7 -12 6 -12 6 -12 6 -12 6 -12 6 -12 5 -13 5 -13 0 0 0 0 0 0 0 0 0 0]"
"1769235457548054,CSI_DATA,STATION,00:00:00:00:00:00,0,0,0,0,0,0,0,0,0,0,0,0,0,0,0,0,0,0,0,0,0,128,[84 -64 4 0 0 0 0 0 0 0 0 0 -12 -6 -13 -7 -12 -8 -12 -8 -11 -8 -12 -9 -11 -9 -11 -9 -11 -9 -10 -9 -10 -10 -10 -9 -10 -10 -9 -10 -10 -10 -9 -9 -10 -10 -9 -9 -9 -10 -9 -10 -9 -10 -9 -9 -8 -9 -9 -9 -8 -9 -9 -9 0 0 -9 -8 -8 -8 -9 -8 -8 -7 -10 -8 -9 -7 -9 -7 -10 -7 -9 -7 -10 -6 -10 -7 -10 -6 -10 -6 -10 -6 -10 -5 -11 -5 -10 -6 -11 -5 -11 -5 -11 -5 -11 -5 -12 -5 -11 -4 -12 -5 -11 -4 -12 -4 0 0 0 0 0 0 0 0 0 0]"
"1769235457552401,CSI_DATA,STATION,00:00:00:00:00:00,0,0,0,0,0,0,0,0,0,0,0,0,0,0,0,0,0,0,0,0,0,128,[84 -64 4 0 0 0 0 0 0 0 0 0 -15 1 -15 0 -15 -1 -15 -1 -15 -1 -15 -2 -15 -2 -15 -3 -15 -3 -15 -3 -15 -3 -14 -3 -14 -4 -14 -4 -14 -4 -13 -3 -13 -4 -13 -4 -13 -4 -13 -4 -13 -4 -12 -4 -12 -4 -13 -4 -12 -4 -12 -3 0 0 -12 -3 -12 -3 -12 -3 -12 -2 -12 -3 -12 -2 -13 -2 -12 -2 -11 -1 -12 -1 -13 0 -12 0 -12 -1 -13 0 -12 0 -13 0 -12 0 -13 1 -13 1 -13 1 -13 1 -12 1 -13 1 -13 1 -13 2 -13 2 0 0 0 0 0 0 0 0 0 0]"
"1769235457556772,CSI_DATA,STATION,00:00:00:00:00:00,0,0,0,0,0,0,0,0,0,0,0,0,0,0,0,0,0,0,0,0,0,128,[84 -64 4 0 0 0 0 0 0 0 0 0 -13 6 -13 6 -13 5 -14 5 -14 5 -14 5 -14 4 -14 3 -14 3 -14 3 -14 3 -14 2 -14 2 -14 2 -14 1 -14 2 -13 1 -13 1 -13 1 -13 1 -13 1 -13 1 -13 1 -12 1 -12 0 -12 2 0 0 -12 2 -12 1 -11 2 -11 2 -12 2 -11 2 -11 2 -11 2 -11 3 -11 3 -11 4 -11 3 -11 3 -11 4 -11 4 -11 4 -11 4 -11 4 -11 5 -11 5 -11 5 -11 5 -11 5 -11 5 -11 6 -11 6 0 0 0 0 0 0 0 0 0 0]"
"1769235457563311,CSI_DATA,STATION,00:00:00:00:00:00,0,0,0,0,0,0,0,0,0,0,0,0,0,0,0,0,0,0,0,0,0,128,[84 -64 4 0 0 0 0 0 0 0 0 0 -1 15 -1 15 -2 15 -3 15 -3 15 -4 15 -4 15 -5 15 -4 14 -5 15 -5 14 -6 14 -6 14 -6 13 -6 13 -6 13 -6 13 -7 12 -6 13 -6 12 -6 12 -6 12 -6 12 -5 12 -5 11 -5 12 0 0 -5 12 -4 11 -4 11 -4 12 -4 12 -3 11 -3 11 -3 11 -3 11 -3 11 -2 12 -2 12 -2 12 -1 12 -1 12 -1 12 -1 12 -1 13 0 13 -1 12 0 12 0 13 0 13 1 13 0 13 0 13 0 0 0 0 0 0 0 0 0 0]"
"1769235457567657,CSI_DATA,STATION,00:00:00:00:00:00,0,0,0,0,0,0,0,0,0,0,0,0,0,0,0,0,0,0,0,0,0,128,[84 -64 4 0 0 0 0 0 0 0 0 0 -11 10 -10 9 -11 9 -12 9 -11 8 -12 8 -12 8 -12 7 -12 7 -12 6 -13 7 -12 6 -12 6 -12 6 -12 6 -12 6 -12 6 -12 6 -12 5 -12 5 -11 5 -11 5 -11 5 -10 6 -10 5 -11 5 0 0 -10 6 -10 6 -9 5 -9 6 -9 6 -9 6 -9 6 -9 7 -8 7 -8 7 -8 7 -8 7 -8 7 -8 8 -8 8 -8 8 -7 8 -8 9 -7 9 -7 8 -7 9 -7 9 -7 9 -6 10 -7 10 -7 10 0 0 0 0 0 0 0 0 0 0]"
"1769235457572015,CSI_DATA,STATION,00:00:00:00:00:00,0,0,0,0,0,0,0,0,0,0,0,0,0,0,0,0,0,0,0,0,0,128,[84 -64 4 0 0 0 0 0 0 0 0 0 2 13 2 14 1 14 1 14 0 14 0 14 0 14 -1 14 -1 14 -1 14 -2 13 -2 13 -2 13 -2 13 -2 13 -2 12 -3 12 -3 11 -2 12 -2 12 -3 11 -2 11 -2 11 -2 11 -2 11 -2 11 0 0 -1 11 -1 11 -1 11 -1 11 -1 11 0 11 -1 11 0 10 0 11 0 11 0 10 0 11 1 11 1 11 1 11 1 11 2 10 2 11 2 11 2 11 3 11 3 11 3 11 3 11 3 11 3 11 0 0 0 0 0 0 0 0 0 0]"
"1769235457578578,CSI_DATA,STATION,00:00:00:00:00:00,0,0,0,0,0,0,0,0,0,0,0,0,0,0,0,0,0,0,0,0,0,128,[84 -64 4 0 0 0 0 0 0 0 0 0 5 -12 6 -12 6 -12 7 -12 7 -11 7 -12 7 -11 8 -11 8 -10 8 -10 8 -10 8 -10 8 -9 8 -9 8 -9 8 -9 8 -9 8 -9 7 -9 8 -9 8 -8 7 -9 7 -9 7 -9 6 -8 7 -8 0 0 7 -8 6 -8 6 -8 6 -9 6 -9 5 -8 5 -9 5 -9 5 -10 5 -10 5 -9 4 -10 4 -10 5 -9 4 -10 4 -11 4 -10 4 -11 4 -11 3 -11 3 -11 3 -11 3 -11 3 -11 3 -11 3 -12 0 0 0 0 0 0 0 0 0 0]"
"1769235457582916,CSI_DATA,STATION,00:00:00:00:00:00,0,0,0,0,0,0,0,0,0,0,0,0,0,0,0,0,0,0,0,0,0,128,[84 -64 4 0 0 0 0 0 0 0 0 0 10 8 10 8 10 9 9 10 9 9 9 10 9 10 8 10 8 10 8 11 7 11 6 10 6 10 7 10 6 11 6 10 6 10 6 10 6 9 6 10 6 10 6 9 5 9 6 9 5 9 6 9 0 0 6 8 6 9 6 8 6 7 6 8 7 8 7 8 7 7 7 7 7 7 7 7 7 7 7 7 8 6 8 6 8 7 9 6 8 6 9 6 9 6 9 6 9 6 9 6 9 6 9 6 10 5 0 0 0 0 0 0 0 0 0 0]"
"1769235457589404,CSI_DATA,STATION,00:00:00:00:00:00,0,0,0,0,0,0,0,0,0,0,0,0,0,0,0,0,0,0,0,0,0,128,[84 -64 4 0 0 0 0 0 0 0 0 0 -6 14 -7 14 -8 13 -8 13 -9 13 -9 13 -9 12 -10 12 -10 12 -11 12 -10 11 -10 11 -11 10 -11 10 -10 9 -11 10 -10 11 -11 10 -11 9 -10 9 -10 9 -10 9 -10 9 -10 9 -9 9 -9 9 0 0 -9 9 -8 9 -9 9 -8 9 -8 9 -8 10 -7 10 -7 10 -7 10 -7 10 -7 10 -7 11 -7 11 -6 11 -7 11 -6 11 -6 11 -6 11 -6 12 -6 11 -5 12 -6 11 -5 12 -5 12 -5 12 -5 12 0 0 0 0 0 0 0 0 0 0]"
"1769235457593757,CSI_DATA,STATION,00:00:00:00:00:00,0,0,0,0,0,0,0,0,0,0,0,0,0,0,0,0,0,0,0,0,0,128,[84 -64 4 0 0 0 0 0 0 0 0 0 11 -9 12 -8 12 -7 13 -7 12 -7 13 -7 13 -6 13 -5 13 -5 13 -5 13 -5 13 -5 12 -5 13 -5 13 -4 12 -4 13 -4 12 -4 12 -4 12 -4 12 -3 11 -4 11 -4 11 -4 11 -4 11 -4 0 0 11 -5 10 -4 11 -5 10 -5 11 -5 10 -5 10 -5 10 -6 10 -6 10 -7 9 -7 9 -7 9 -7 10 -7 9 -7 9 -8 8 -7 9 -8 9 -8 9 -8 9 -9 9 -8 8 -8 8 -9 9 -10 9 -9 0 0 0 0 0 0 0 0 0 0]"
"1769235457598137,CSI_DATA,STATION,00:00:00:00:00:00,0,0,0,0,0,0,0,0,0,0,0,0,0,0,0,0,0,0,0,0,0,128,[84 -64 4 0 0 0 0 0 0 0 0 0 -9 -12 -8 -13 -8 -13 -8 -13 -7 -14 -7 -15 -7 -14 -6 -14 -5 -14 -5 -15 -5 -14 -4 -14 -4 -14 -4 -14 -4 -14 -4 -14 -4 -13 -4 -13 -4 -13 -3 -13 -3 -13 -4 -13 -4 -13 -4 -13 -4 -12 -4 -12 0 0 -4 -12 -5 -12 -4 -11 -5 -12 -5 -11 -5 -11 -5 -11 -5 -11 -6 -11 -6 -11 -6 -11 -6 -11 -7 -11 -7 -11 -7 -11 -7 -10 -7 -11 -8 -11 -8 -11 -8 -11 -8 -11 -8 -10 -8 -11 -9 -10 -9 -10 -9 -10 0 0 0 0 0 0 0 0 0 0]"
"1769235457604642,CSI_DATA,STATION,00:00:00:00:00:00,0,0,0,0,0,0,0,0,0,0,0,0,0,0,0,0,0,0,0,0,0,128,[84 -64 4 0 0 0 0 0 0 0 0 0 -12 -6 -13 -7 -12 -7 -12 -7 -12 -8 -12 -8 -11 -8 -11 -9 -10 -9 -11 -10 -11 -9 -10 -9 -10 -9 -10 -9 -10 -10 -9 -9 -10 -9 -9 -9 -9 -9 -9 -9 -9 -9 -9 -9 -9 -8 -9 -9 -8 -8 -9 -8 0 0 -9 -7 -8 -7 -9 -7 -8 -6 -10 -7 -9 -7 -9 -7 -9 -7 -9 -6 -9 -6 -10 -5 -10 -6 -9 -5 -10 -6 -10 -5 -11 -5 -11 -5 -11 -5 -11 -5 -11 -5 -11 -5 -12 -5 -11 -4 -12 -4 -12 -4 -12 -4 0 0 0 0 0 0 0 0 0 0]"
"1769235457608982,CSI_DATA,STATION,00:00:00:00:00:00,0,0,0,0,0,0,0,0,0,0,0,0,0,0,0,0,0,0,0,0,0,128,[84 -64 4 0 0 0 0 0 0 0 0 0 -15 2 -15 1 -16 1 -15 0 -15 -1 -15 -1 -16 -1 -15 -2 -15 -2 -15 -2 -15 -2 -14 -2 -14 -3 -14 -3 -14 -3 -14 -4 -14 -4 -13 -4 -14 -4 -13 -4 -13 -4 -13 -4 -13 -3 -13 -3 -12 -3 -13 -3 0 0 -12 -3 -12 -2 -12 -3 -12 -2 -12 -2 -12 -2 -12 -2 -12 -1 -12 -1 -12 -1 -12 0 -12 0 -13 0 -12 0 -12 0 -13 0 -12 0 -13 1 -13 1 -13 1 -13 1 -13 1 -13 1 -13 2 -13 2 -13 2 0 0 0 0 0 0 0 0 0 0]"
"1769235457613331,CSI_DATA,STATION,00:00:00:00:00:00,0,0,0,0,0,0,0,0,0,0,0,0,0,0,0,0,0,0,0,0,0,128,[84 -64 4 0 0 0 0 0 0 0 0 0 1 -15 2 -15 2 -15 2 -16 3 -15 3 -15 4 -15 4 -15 4 -14 4 -14 5 -14 5 -14 5 -13 5 -13 5 -13 4 -13 5 -12 5 -12 5 -13 5 -13 5 -12 4 -12 5 -12 5 -12 4 -12 4 -12 0 0 3 -11 3 -11 3 -12 3 -12 3 -12 3 -12 2 -12 2 -12 2 -12 2 -12 1 -12 1 -12 1 -12 1 -12 0 -12 0 -12 0 -13 0 -13 0 -13 0 -13 -1 -13 -1 -13 -1 -13 -2 -13 -2 -13 -2 -13 0 0 0 0 0 0 0 0 0 0]"
"1769235457619955,CSI_DATA,STATION,00:00:00:00:00:00,0,0,0,0,0,0,0,0,0,0,0,0,0,0,0,0,0,0,0,0,0,128,[84 -64 4 0 0 0 0 0 0 0 0 0 12 -2 13 -2 12 -1 13 -1 13 0 13 0 13 1 13 1 13 1 12 2 12 1 12 1 12 2 12 2 12 2 11 2 11 2 11 2 11 3 11 2 11 2 10 2 10 2 10 2 10 1 10 1 0 0 10 1 10 1 10 1 10 1 10 1 10 0 10 0 10 0 10 0 10 -1 10 -1 10 -1 10 -1 11 -1 10 -2 10 -2 10 -2 11 -2 10 -2 10 -2 10 -3 10 -2 10 -3 10 -3 10 -3 11 -4 0 0 0 0 0 0 0 0 0 0]"
"1769235457624313,CSI_DATA,STATION,00:00:00:00:00:00,0,0,0,0,0,0,0,0,0,0,0,0,0,0,0,0,0,0,0,0,0,128,[84 -64 4 0 0 0 0 0 0 0 0 0 -1 -15 -1 -15 -1 -15 0 -15 1 -15 1 -16 1 -15 2 -15 2 -15 3 -15 3 -14 3 -14 3 -14 3 -14 3 -14 3 -14 4 -13 4 -13 4 -13 3 -12 3 -12 3 -13 3 -12 3 -12 3 -12 2 -12 0 0 3 -12 2 -12 2 -12 2 -12 2 -12 1 -12 1 -12 1 -12 1 -12 0 -12 0 -12 0 -12 0 -12 0 -12 0 -12 -1 -13 -1 -13 -1 -13 -1 -13 -1 -13 -2 -13 -2 -13 -2 -13 -2 -13 -2 -13 -2 -13 0 0 0 0 0 0 0 0 0 0]"
"1769235457630857,CSI_DATA,STATION,00:00:00:00:00:00,0,0,0,0,0,0,0,0,0,0,0,0,0,0,0,0,0,0,0,0,0,128,[84 -64 4 0 0 0 0 0 0 0 0 0 -6 -12 -6 -13 -5 -13 -5 -13 -4 -13 -4 -13 -4 -13 -3 -13 -3 -13 -3 -14 -3 -13 -2 -13 -2 -12 -2 -13 -2 -13 -2 -12 -1 -12 -1 -12 -2 -12 -1 -12 -2 -12 -2 -12 -1 -11 -2 -11 -2 -11 -2 -11 0 0 -2 -11 -3 -11 -3 -11 -3 -11 -3 -10 -3 -11 -4 -10 -4 -10 -4 -10 -4 -10 -5 -10 -4 -10 -5 -10 -5 -10 -5 -10 -5 -10 -6 -10 -6 -10 -5 -10 -6 -10 -6 -10 -7 -10 -6 -11 -7 -10 -7 -10 -7 -10 0 0 0 0 0 0 0 0 0 0]"
"1769235457635212,CSI_DATA,STATION,00:00:00:00:00:00,0,0,0,0,0,0,0,0,0,0,0,0,0,0,0,0,0,0,0,0,0,128,[84 -64 4 0 0 0 0 0 0 0 0 0 -6 13 -7 13 -7 13 -7 12 -8 12 -8 12 -8 12 -9 12 -9 11 -9 11 -9 11 -9 10 -10 10 -9 10 -10 9 -9 9 -10 9 -9 9 -9 9 -9 9 -9 9 -9 8 -8 9 -8 9 -8 9 -8 9 0 0 -7 9 -7 9 -7 9 -7 9 -7 9 -7 9 -6 9 -6 10 -6 9 -6 9 -6 10 -5 10 -5 10 -5 10 -5 10 -5 11 -4 11 -5 11 -4 11 -4 11 -4 11 -4 11 -4 11 -3 12 -4 12 -3 12 0 0 0 0 0 0 0 0 0 0]"
"1769235457639527,CSI_DATA,STATION,00:00:00:00:00:00,0,0,0,0,0,0,0,0,0,0,0,0,0,0,0,0,0,0,0,0,0,128,[84 -64 4 0 0 0 0 0 0 0 0 0 2 14 1 14 1 14 1 13 0 14 -1 14 -1 14 -1 14 -2 13 -2 14 -2 13 -2 13 -3 13 -2 13 -3 13 -3 12 -3 12 -3 12 -3 12 -2 12 -2 12 -2 11 -3 11 -2 11 -2 11 -2 11 0 0 -1 11 -1 11 -1 11 -1 11 -1 11 -1 11 0 11 0 11 0 10 0 11 1 11 1 11 1 11 1 11 1 11 1 11 2 11 1 11 2 11 2 11 2 11 3 11 3 11 3 12 3 12 3 12 0 0 0 0 0 0 0 0 0 0]"
"1769235457646015,CSI_DATA,STATION,00:00:00:00:00:00,0,0,0,0,0,0,0,0,0,0,0,0,0,0,0,0,0,0,0,0,0,128,[84 -64 4 0 0 0 0 0 0 0 0 0 4 -15 4 -15 5 -15 5 -15 6 -15 6 -15 7 -14 7 -14 7 -13 7 -13 7 -13 7 -13 8 -12 8 -12 8 -12 7 -12 8 -12 8 -12 8 -11 8 -11 7 -11 7 -11 7 -11 7 -11 7 -11 6 -11 0 0 6 -11 6 -11 5 -11 5 -11 6 -11 5 -11 4 -12 5 -12 4 -12 4 -12 4 -12 4 -12 4 -12 4 -12 4 -13 3 -13 3 -13 3 -13 3 -13 3 -13 3 -14 2 -13 2 -14 2 -14 2 -14 2 -14 0 0 0 0 0 0 0 0 0 0]"
"1769235457650360,CSI_DATA,STATION,00:00:00:00:00:00,0,0,0,0,0,0,0,0,0,0,0,0,0,0,0,0,0,0,0,0,0,128,[84 -64 4 0 0 0 0 0 0 0 0 0 7 -11 8 -11 8 -11 9 -11 9 -10 10 -9 10 -9 10 -9 10 -9 10 -9 10 -9 10 -8 10 -8 10 -8 10 -7 10 -7 10 -8 10 -8 9 -7 10 -7 9 -7 9 -7 10 -7 9 -7 8 -7 8 -7 0 0 8 -7 8 -7 8 -7 8 -7 8 -8 8 -8 7 -8 7 -8 7 -8 7 -9 7 -9 7 -9 7 -9 7 -9 7 -10 7 -10 6 -10 7 -10 7 -10 7 -10 6 -10 6 -10 6 -10 6 -11 6 -11 6 -11 0 0 0 0 0 0 0 0 0 0]"
"1769235457654695,CSI_DATA,STATION,00:00:00:00:00:00,0,0,0,0,0,0,0,0,0,0,0,0,0,0,0,0,0,0,0,0,0,128,[84 -64 4 0 0 0 0 0 0 0 0 0 -8 -14 -7 -14 -6 -14 -6 -14 -6 -14 -6 -15 -5 -14 -5 -15 -4 -15 -4 -15 -3 -14 -3 -14 -3 -14 -3 -14 -3 -14 -3 -14 -2 -14 -2 -13 -2 -14 -2 -14 -3 -13 -2 -13 -2 -13 -2 -13 -3 -12 -3 -13 0 0 -3 -12 -3 -12 -4 -12 -4 -12 -4 -12 -4 -12 -4 -12 -4 -12 -4 -12 -5 -11 -5 -12 -5 -12 -5 -12 -6 -12 -6 -12 -6 -12 -6 -12 -7 -12 -6 -12 -6 -12 -7 -12 -7 -12 -7 -12 -8 -12 -7 -12 -8 -12 0 0 0 0 0 0 0 0 0 0]"
"1769235457661190,CSI_DATA,STATION,00:00:00:00:00:00,0,0,0,0,0,0,0,0,0,0,0,0,0,0,0,0,0,0,0,0,0,128,[84 -64 4 0 0 0 0 0 0 0 0 0 -12 -6 -12 -7 -12 -7 -12 -8 -11 -8 -11 -8 -11 -8 -11 -8 -10 -9 -10 -9 -10 -9 -10 -8 -10 -9 -9 -9 -9 -9 -9 -8 -9 -9 -9 -9 -9 -8 -9 -9 -9 -9 -9 -9 -8 -8 -9 -8 -8 -8 -9 -7 0 0 -9 -7 -9 -7 -9 -7 -9 -6 -10 -7 -9 -6 -10 -6 -10 -6 -10 -6 -10 -6 -10 -5 -10 -5 -10 -5 -10 -5 -11 -5 -11 -5 -11 -5 -11 -5 -11 -5 -12 -4 -12 -4 -12 -5 -12 -5 -12 -4 -12 -4 -12 -4 0 0 0 0 0 0 0 0 0 0]"
"1769235457665504,CSI_DATA,STATION,00:00:00:00:00:00,0,0,0,0,0,0,0,0,0,0,0,0,0,0,0,0,0,0,0,0,0,128,[84 -64 4 0 0 0 0 0 0 0 0 0 -8 -13 -7 -13 -7 -14 -6 -13 -6 -15 -6 -14 -5 -14 -5 -15 -5 -14 -4 -15 -4 -13 -4 -14 -3 -13 -3 -13 -3 -14 -3 -14 -2 -13 -2 -13 -2 -13 -3 -13 -2 -13 -2 -13 -2 -12 -3 -12 -3 -12 -3 -12 0 0 -3 -12 -3 -12 -4 -12 -4 -12 -4 -11 -4 -12 -4 -12 -5 -11 -5 -11 -5 -11 -5 -11 -5 -11 -5 -11 -5 -11 -6 -12 -6 -11 -6 -12 -6 -11 -6 -12 -6 -12 -7 -12 -7 -12 -7 -12 -7 -12 -7 -12 -7 -12 0 0 0 0 0 0 0 0 0 0]"
"1769235457669839,CSI_DATA,STATION,00:00:00:00:00:00,0,0,0,0,0,0,0,0,0,0,0,0,0,0,0,0,0,0,0,0,0,128,[84 -64 4 0 0 0 0 0 0 0 0 0 7 11 7 12 6 12 7 12 6 12 5 13 5 13 4 13 4 13 4 13 3 13 3 12 3 12 3 12 3 13 3 12 2 12 2 11 3 12 3 12 2 12 3 11 3 11 3 11 3 11 3 11 0 0 3 10 4 10 4 10 3 10 4 10 4 10 5 10 5 10 5 9 5 9 5 10 5 10 5 10 6 9 6 10 6 10 7 9 7 10 7 9 6 9 7 9 7 9 7 10 8 9 8 9 8 9 0 0 0 0 0 0 0 0 0 0]"
"1769235457680510,CSI_DATA,STATION,00:00:00:00:00:00,0,0,0,0,0,0,0,0,0,0,0,0,0,0,0,0,0,0,0,0,0,128,[84 -64 4 0 0 0 0 0 0 0 0 0 0 15 -1 15 -2 16 -3 15 -3 15 -3 15 -3 15 -4 15 -4 14 -5 15 -5 14 -5 14 -5 14 -5 14 -5 14 -5 13 -6 13 -6 12 -6 13 -5 12 -5 12 -5 12 -5 12 -5 12 -4 12 -4 12 0 0 -4 11 -3 11 -3 11 -3 12 -3 12 -3 12 -3 12 -3 11 -3 12 -2 12 -2 12 -2 12 -2 12 -1 12 -1 13 -1 12 0 12 -1 13 0 13 0 12 0 13 0 13 0 13 0 13 0 13 0 13 0 0 0 0 0 0 0 0 0 0]"
"1769235457686999,CSI_DATA,STATION,00:00:00:00:00:00,0,0,0,0,0,0,0,0,0,0,0,0,0,0,0,0,0,0,0,0,0,128,[84 -64 4 0 0 0 0 0 0 0 0 0 -12 -9 -12 -10 -11 -10 -11 -10 -11 -11 -10 -11 -10 -11 -10 -11 -9 -11 -9 -12 -9 -11 -8 -11 -8 -12 -8 -12 -7 -11 -8 -11 -8 -11 -8 -11 -7 -11 -7 -11 -7 -11 -7 -11 -7 -10 -8 -10 -7 -10 -7 -10 0 0 -8 -9 -7 -9 -8 -9 -8 -9 -8 -9 -8 -9 -8 -9 -8 -9 -8 -8 -9 -8 -9 -8 -9 -8 -9 -8 -10 -8 -10 -7 -10 -7 -10 -7 -10 -7 -10 -7 -10 -7 -11 -7 -11 -7 -11 -7 -11 -6 -11 -6 -11 -6 0 0 0 0 0 0 0 0 0 0]"
"1769235457693515,CSI_DATA,STATION,00:00:00:00:00:00,0,0,0,0,0,0,0,0,0,0,0,0,0,0,0,0,0,0,0,0,0,128,[84 -64 4 0 0 0 0 0 0 0 0 0 -9 9 -10 9 -10 7 -11 7 -11 7 -11 7 -11 7 -11 6 -11 6 -11 6 -11 6 -11 6 -11 5 -11 5 -12 4 -11 5 -11 5 -10 4 -11 4 -11 4 -11 4 -10 4 -10 4 -10 4 -10 4 -10 5 0 0 -10 5 -9 4 -9 5 -9 4 -9 5 -8 4 -9 5 -9 5 -9 5 -9 5 -8 6 -9 6 -9 6 -9 7 -9 6 -8 7 -7 6 -8 7 -8 7 -8 7 -8 8 -8 7 -8 7 -7 8 -8 8 -8 8 0 0 0 0 0 0 0 0 0 0]"
"1769235457697829,CSI_DATA,STATION,00:00:00:00:00:00,0,0,0,0,0,0,0,0,0,0,0,0,0,0,0,0,0,0,0,0,0,128,[84 -64 4 0 0 0 0 0 0 0 0 0 -11 10 -11 10 -11 9 -11 8 -12 8 -13 8 -12 7 -12 7 -12 7 -12 6 -13 7 -12 6 -12 6 -12 6 -13 5 -12 5 -12 5 -12 5 -12 5 -12 5 -11 5 -12 5 -11 5 -11 5 -10 4 -11 5 0 0 -10 6 -11 5 -10 6 -10 5 -10 6 -10 6 -9 6 -9 6 -9 7 -9 7 -9 7 -9 7 -9 7 -8 8 -9 8 -8 8 -8 8 -8 9 -8 9 -8 9 -8 9 -8 9 -7 8 -8 9 -8 10 -8 9 0 0 0 0 0 0 0 0 0 0]"
"1769235457704315,CSI_DATA,STATION,00:00:00:00:00:00,0,0,0,0,0,0,0,0,0,0,0,0,0,0,0,0,0,0,0,0,0,128,[84 -64 4 0 0 0 0 0 0 0 0 0 12 7 12 7 11 8 11 8 11 9 11 9 11 9 10 9 9 10 10 10 9 9 9 10 9 9 9 10 8 10 8 10 8 10 7 10 8 9 7 9 7 9 7 9 7 9 8 9 7 9 7 8 0 0 7 8 7 8 8 8 7 7 8 8 8 7 7 7 8 7 8 6 8 6 8 6 9 6 9 6 9 6 8 6 9 6 9 6 10 5 10 6 9 5 10 5 10 6 10 5 10 5 10 5 10 5 0 0 0 0 0 0 0 0 0 0]"
"1769235457708613,CSI_DATA,STATION,00:00:00:00:00:00,0,0,0,0,0,0,0,0,0,0,0,0,0,0,0,0,0,0,0,0,0,128,[84 -64 4 0 0 0 0 0 0 0 0 0 14 0 14 1 13 2 14 2 13 3 14 3 13 3 13 4 13 4 12 5 13 5 12 5 12 5 11 5 12 5 11 5 11 5 11 5 11 5 11 5 11 5 10 5 10 5 10 5 10 5 10 4 0 0 10 4 10 4 10 3 10 3 10 3 11 3 10 2 10 3 10 2 10 2 10 1 11 2 11 1 11 2 11 1 11 1 11 0 11 0 11 0 11 0 11 0 11 0 12 0 11 0 12 -1 12 -1 0 0 0 0 0 0 0 0 0 0]"
"1769235457712928,CSI_DATA,STATION,00:00:00:00:00:00,0,0,0,0,0,0,0,0,0,0,0,0,0,0,0,0,0,0,0,0,0,128,[84 -64 4 0 0 0 0 0 0 0 0 0 -9 -12 -9 -12 -9 -13 -8 -13 -8 -13 -8 -14 -7 -13 -7 -13 -6 -14 -6 -14 -5 -13 -5 -13 -5 -13 -5 -13 -4 -13 -5 -13 -5 -13 -4 -12 -4 -13 -4 -13 -4 -13 -4 -12 -4 -12 -4 -12 -4 -12 -4 -12 0 0 -5 -11 -5 -11 -5 -11 -5 -11 -6 -11 -5 -11 -5 -11 -6 -11 -6 -10 -6 -10 -7 -10 -7 -10 -6 -10 -7 -10 -7 -10 -8 -10 -7 -10 -8 -10 -8 -10 -8 -10 -8 -10 -8 -10 -8 -10 -9 -10 -9 -10 -9 -10 0 0 0 0 0 0 0 0 0 0]"
"1769235457719566,CSI_DATA,STATION,00:00:00:00:00:00,0,0,0,0,0,0,0,0,0,0,0,0,0,0,0,0,0,0,0,0,0,128,[84 -64 4 0 0 0 0 0 0 0 0 0 -10 9 -10 9 -10 8 -11 8 -11 7 -11 7 -11 7 -12 7 -11 6 -12 6 -12 6 -12 6 -11 5 -11 5 -12 5 -11 5 -11 5 -11 4 -11 4 -11 4 -11 4 -11 4 -10 5 -10 5 -10 4 -10 5 0 0 -10 5 -9 5 -9 5 -9 5 -9 5 -8 5 -9 5 -8 6 -9 6 -8 6 -8 6 -8 7 -8 6 -8 7 -8 7 -8 7 -7 7 -8 7 -8 8 -8 7 -8 8 -7 8 -7 8 -7 8 -7 9 -7 8 0 0 0 0 0 0 0 0 0 0]"
"1769235457723915,CSI_DATA,STATION,00:00:00:00:00:00,0,0,0,0,0,0,0,0,0,0,0,0,0,0,0,0,0,0,0,0,0,128,[84 -64 4 0 0 0 0 0 0 0 0 0 -8 -19 -8 -19 -8 -20 -7 -20 -6 -21 -6 -21 -5 -20 -5 -20 -4 -20 -3 -20 -3 -20 -3 -20 -3 -20 -2 -19 -2 -19 -2 -18 -2 -18 -2 -17 -2 -18 -2 -18 -2 -18 -2 -18 -2 -17 -3 -17 -2 -17 -2 -16 0 0 -3 -16 -3 -16 -3 -16 -3 -16 -4 -16 -3 -16 -5 -15 -5 -16 -5 -15 -6 -15 -6 -15 -6 -15 -6 -15 -6 -15 -7 -15 -7 -15 -8 -15 -8 -15 -8 -15 -8 -15 -8 -15 -8 -14 -8 -15 -9 -15 -9 -15 -9 -15 0 0 0 0 0 0 0 0 0 0]"
"1769235457730422,CSI_DATA,STATION,00:00:00:00:00:00,0,0,0,0,0,0,0,0,0,0,0,0,0,0,0,0,0,0,0,0,0,128,[84 -64 4 0 0 0 0 0 0 0 0 0 4 14 3 14 2 14 2 14 2 14 1 14 0 14 0 14 0 14 0 14 0 14 -1 13 -1 13 -1 13 -1 13 -1 13 -1 12 -2 12 -2 12 -2 12 -2 12 -1 12 -1 12 -1 12 -1 11 -1 11 0 0 -1 11 0 12 0 11 0 11 0 11 1 11 0 11 1 11 1 11 1 11 2 11 2 11 2 11 2 11 2 12 2 11 3 11 3 11 3 11 3 11 3 12 3 12 3 12 4 11 4 12 4 11 0 0 0 0 0 0 0 0 0 0]"
"1769235457734780,CSI_DATA,STATION,00:00:00:00:00:00,0,0,0,0,0,0,0,0,0,0,0,0,0,0,0,0,0,0,0,0,0,128,[84 -64 4 0 0 0 0 0 0 0 0 0 -11 10 -11 10 -12 9 -12 9 -13 9 -13 8 -13 8 -13 7 -13 6 -13 7 -13 7 -13 6 -13 6 -13 6 -13 5 -13 5 -13 6 -12 5 -12 4 -12 5 -12 5 -12 4 -12 5 -11 5 -11 5 -11 5 0 0 -11 5 -11 5 -10 6 -11 6 -10 5 -10 5 -10 6 -10 6 -10 6 -10 7 -10 7 -10 7 -10 7 -9 8 -10 7 -10 8 -9 8 -9 7 -10 8 -9 8 -10 9 -9 9 -10 9 -9 9 -9 9 -9 10 0 0 0 0 0 0 0 0 0 0]"
"1769235457739169,CSI_DATA,STATION,00:00:00:00:00:00,0,0,0,0,0,0,0,0,0,0,0,0,0,0,0,0,0,0,0,0,0,128,[84 -64 4 0 0 0 0 0 0 0 0 0 -11 9 -12 10 -12 9 -13 8 -12 8 -13 8 -13 7 -13 7 -13 7 -13 6 -13 7 -14 6 -13 6 -13 5 -13 5 -13 5 -13 5 -12 5 -13 4 -12 4 -12 4 -12 5 -11 5 -12 5 -11 5 -11 5 0 0 -11 6 -11 5 -11 6 -11 6 -11 6 -10 6 -10 6 -10 6 -10 7 -10 6 -10 8 -10 7 -9 7 -10 8 -9 8 -10 8 -9 8 -9 8 -9 9 -9 8 -9 9 -9 9 -9 9 -8 10 -9 9 -9 10 0 0 0 0 0 0 0 0 0 0]"
"1769235457745705,CSI_DATA,STATION,00:00:00:00:00:00,0,0,0,0,0,0,0,0,0,0,0,0,0,0,0,0,0,0,0,0,0,128,[84 -64 4 0 0 0 0 0 0 0 0 0 -1 -15 0 -16 1 -15 1 -16 1 -15 2 -16 3 -15 3 -15 3 -15 3 -15 3 -15 3 -14 4 -14 4 -14 4 -14 3 -13 4 -13 4 -13 4 -13 4 -13 4 -13 4 -13 4 -12 3 -12 3 -12 3 -12 0 0 3 -12 2 -12 2 -12 2 -12 2 -12 2 -12 1 -12 1 -12 1 -12 1 -12 0 -12 1 -12 0 -13 0 -13 0 -13 0 -13 -1 -13 -1 -13 -1 -13 -1 -13 -1 -14 -1 -13 -2 -13 -2 -13 -2 -13 -2 -14 0 0 0 0 0 0 0 0 0 0]"
"1769235457750041,CSI_DATA,STATION,00:00:00:00:00:00,0,0,0,0,0,0,0,0,0,0,0,0,0,0,0,0,0,0,0,0,0,128,[84 -64 4 0 0 0 0 0 0 0 0 0 1 15 0 15 -1 15 -1 15 -2 14 -2 15 -2 15 -3 14 -3 14 -3 14 -4 14 -3 13 -4 14 -4 13 -4 13 -4 13 -4 12 -5 12 -4 12 -4 12 -4 12 -4 12 -4 12 -4 12 -3 11 -3 11 0 0 -3 11 -3 11 -2 11 -2 12 -2 12 -2 11 -1 12 -2 11 -1 11 -1 11 -1 11 -1 12 -1 12 0 12 0 12 0 12 0 12 0 12 1 12 0 12 1 13 1 12 1 12 2 13 1 13 1 13 0 0 0 0 0 0 0 0 0 0]"
"1769235457756535,CSI_DATA,STATION,00:00:00:00:00:00,0,0,0,0,0,0,0,0,0,0,0,0,0,0,0,0,0,0,0,0,0,128,[84 -64 4 0 0 0 0 0 0 0 0 0 5 -15 5 -15 6 -14 6 -14 7 -14 7 -14 8 -13 8 -13 8 -13 8 -13 8 -12 8 -12 9 -12 8 -12 9 -11 8 -11 8 -11 8 -11 8 -11 8 -10 8 -10 8 -10 8 -11 7 -11 7 -10 7 -11 0 0 7 -10 6 -10 6 -10 6 -10 6 -11 6 -10 5 -11 5 -11 6 -11 5 -11 5 -12 4 -12 5 -11 5 -12 4 -12 5 -12 4 -12 4 -13 4 -13 4 -13 4 -13 4 -13 4 -13 3 -13 4 -14 3 -13 0 0 0 0 0 0 0 0 0 0]"
"1769235457760837,CSI_DATA,STATION,00:00:00:00:00:00,0,0,0,0,0,0,0,0,0,0,0,0,0,0,0,0,0,0,0,0,0,128,[84 -64 4 0 0 0 0 0 0 0 0 0 -15 1 -16 1 -16 0 -16 0 -15 -1 -16 -1 -15 -2 -15 -2 -15 -3 -15 -3 -15 -2 -14 -3 -14 -3 -14 -3 -14 -4 -14 -4 -14 -4 -14 -4 -13 -4 -13 -4 -13 -4 -13 -4 -13 -4 -13 -3 -13 -3 -13 -2 0 0 -12 -3 -13 -3 -13 -3 -12 -2 -13 -2 -12 -2 -13 -2 -13 -1 -13 -1 -13 -1 -13 0 -13 -1 -13 0 -13 -1 -13 0 -14 0 -13 0 -14 0 -14 1 -14 0 -14 1 -14 0 -14 1 -14 2 -14 1 -14 2 0 0 0 0 0 0 0 0 0 0]"
"1769235457765249,CSI_DATA,STATION,00:00:00:00:00:00,0,0,0,0,0,0,0,0,0,0,0,0,0,0,0,0,0,0,0,0,0,128,[84 -64 4 0 0 0 0 0 0 0 0 0 7 -11 8 -11 8 -11 9 -10 9 -10 9 -10 9 -10 10 -10 10 -9 10 -9 9 -9 10 -9 10 -8 9 -8 10 -8 9 -7 10 -8 9 -8 9 -7 9 -7 9 -7 9 -7 9 -7 8 -8 8 -7 8 -8 0 0 8 -8 8 -7 8 -8 8 -8 7 -9 7 -8 7 -8 7 -9 7 -9 7 -9 7 -9 6 -10 6 -9 6 -10 6 -10 6 -10 6 -10 7 -11 6 -11 6 -11 6 -11 6 -11 6 -11 6 -12 5 -12 6 -12 0 0 0 0 0 0 0 0 0 0]"
"1769235457771716,CSI_DATA,STATION,00:00:00:00:00:00,0,0,0,0,0,0,0,0,0,0,0,0,0,0,0,0,0,0,0,0,0,128,[84 -64 4 0 0 0 0 0 0 0 0 0 7 -12 7 -11 8 -11 8 -11 8 -11 9 -11 9 -10 9 -10 9 -9 10 -9 9 -9 9 -9 9 -9 9 -9 10 -8 9 -8 9 -8 9 -8 9 -8 9 -8 9 -8 9 -7 9 -8 8 -9 8 -8 8 -8 0 0 8 -8 8 -8 8 -9 7 -8 7 -9 8 -8 7 -9 7 -9 7 -9 7 -10 6 -9 6 -10 6 -10 7 -10 6 -10 6 -11 6 -11 6 -11 6 -11 6 -11 6 -11 6 -11 6 -12 5 -12 6 -12 6 -12 0 0 0 0 0 0 0 0 0 0]"
"1769235457776041,CSI_DATA,STATION,00:00:00:00:00:00,0,0,0,0,0,0,0,0,0,0,0,0,0,0,0,0,0,0,0,0,0,128,[84 -64 4 0 0 0 0 0 0 0 0 0 -6 12 -6 12 -7 12 -7 12 -8 11 -8 11 -8 11 -9 11 -8 10 -9 10 -9 10 -9 10 -9 10 -9 10 -9 9 -9 9 -9 10 -9 9 -9 9 -8 9 -9 9 -8 8 -8 9 -8 9 -7 8 -7 9 0 0 -7 9 -7 9 -7 9 -7 9 -6 9 -7 9 -6 9 -6 10 -6 10 -6 10 -6 10 -5 10 -6 10 -5 10 -5 11 -5 11 -5 11 -5 11 -5 12 -5 11 -4 12 -5 12 -4 12 -4 12 -4 12 -4 12 0 0 0 0 0 0 0 0 0 0]"
"1769235457782519,CSI_DATA,STATION,00:00:00:00:00:00,0,0,0,0,0,0,0,0,0,0,0,0,0,0,0,0,0,0,0,0,0,128,[84 -64 4 0 0 0 0 0 0 0 0 0 -14 -1 -14 -2 -14 -2 -14 -2 -14 -3 -14 -3 -14 -4 -13 -4 -13 -4 -14 -5 -13 -4 -13 -4 -13 -5 -13 -5 -12 -5 -12 -5 -12 -5 -13 -5 -12 -6 -12 -6 -12 -5 -12 -5 -12 -5 -12 -5 -12 -5 -11 -4 0 0 -11 -4 -11 -4 -11 -4 -11 -4 -12 -4 -11 -4 -12 -4 -12 -4 -12 -4 -12 -3 -13 -3 -12 -3 -12 -3 -13 -2 -13 -2 -13 -2 -13 -2 -13 -3 -13 -2 -13 -2 -13 -2 -14 -2 -14 -2 -14 -2 -13 -2 -14 -1 0 0 0 0 0 0 0 0 0 0]"
"1769235457786862,CSI_DATA,STATION,00:00:00:00:00:00,0,0,0,0,0,0,0,0,0,0,0,0,0,0,0,0,0,0,0,0,0,128,[84 -64 4 0 0 0 0 0 0 0 0 0 -2 -14 -2 -14 -1 -14 -1 -14 0 -14 0 -15 1 -14 0 -15 1 -14 1 -14 2 -14 1 -14 2 -14 2 -14 2 -14 2 -13 2 -13 2 -13 2 -13 2 -13 2 -13 2 -12 2 -13 2 -12 2 -13 1 -13 0 0 1 -12 1 -12 1 -12 1 -13 1 -13 0 -12 0 -12 0 -12 0 -12 0 -12 0 -13 -1 -13 -1 -12 -1 -13 -1 -13 -1 -13 -1 -13 -2 -13 -2 -13 -2 -13 -2 -14 -2 -14 -2 -14 -3 -14 -3 -14 -3 -14 0 0 0 0 0 0 0 0 0 0]"
"1769235457791175,CSI_DATA,STATION,00:00:00:00:00:00,0,0,0,0,0,0,0,0,0,0,0,0,0,0,0,0,0,0,0,0,0,128,[84 -64 4 0 0 0 0 0 0 0 0 0 2 -12 3 -13 3 -12 3 -12 4 -12 4 -12 5 -12 5 -12 6 -11 5 -12 6 -12 6 -11 6 -11 6 -11 6 -10 6 -10 6 -11 6 -11 6 -10 6 -10 6 -10 6 -10 6 -10 6 -10 5 -10 5 -10 0 0 5 -10 5 -9 5 -10 4 -9 5 -10 4 -10 4 -10 4 -10 4 -10 4 -10 4 -11 3 -11 3 -11 3 -11 3 -11 3 -12 3 -11 3 -12 3 -12 3 -12 3 -12 3 -12 3 -12 2 -12 3 -12 2 -12 0 0 0 0 0 0 0 0 0 0]"
"1769235457797665,CSI_DATA,STATION,00:00:00:00:00:00,0,0,0,0,0,0,0,0,0,0,0,0,0,0,0,0,0,0,0,0,0,128,[84 -64 4 0 0 0 0 0 0 0 0 0 -14 1 -15 0 -14 0 -14 -1 -15 -1 -15 -2 -14 -2 -15 -2 -14 -2 -14 -3 -14 -2 -14 -3 -14 -3 -14 -4 -14 -3 -13 -3 -14 -4 -13 -4 -13 -4 -13 -4 -13 -4 -12 -4 -13 -4 -13 -4 -12 -3 -13 -3 0 0 -12 -2 -12 -2 -12 -2 -12 -2 -13 -2 -12 -2 -12 -2 -13 -1 -13 -1 -13 -1 -13 0 -13 -1 -13 -1 -13 0 -13 -1 -13 0 -13 0 -14 0 -14 0 -14 1 -14 1 -14 1 -14 1 -14 1 -14 2 -14 2 0 0 0 0 0 0 0 0 0 0]"
"1769235457801986,CSI_DATA,STATION,00:00:00:00:00:00,0,0,0,0,0,0,0,0,0,0,0,0,0,0,0,0,0,0,0,0,0,128,[84 -64 4 0 0 0 0 0 0 0 0 0 13 1 13 2 13 3 13 3 13 3 13 4 13 4 13 4 12 5 12 5 12 5 12 5 12 6 12 6 12 6 11 5 12 6 11 6 11 6 11 6 11 6 11 6 11 5 11 6 10 5 11 5 0 0 11 5 10 4 10 5 10 4 11 5 11 4 11 4 11 4 11 3 11 3 11 3 11 4 12 3 12 3 12 2 12 2 12 2 12 2 12 2 12 2 12 1 12 2 12 2 12 1 13 1 13 1 0 0 0 0 0 0 0 0 0 0]"
"1769235457808538,CSI_DATA,STATION,00:00:00:00:00:00,0,0,0,0,0,0,0,0,0,0,0,0,0,0,0,0,0,0,0,0,0,128,[84 -64 4 0 0 0 0 0 0 0 0 0 12 -6 13 -7 12 -5 13 -5 13 -5 14 -5 13 -4 14 -4 13 -3 14 -3 13 -3 13 -3 13 -2 13 -2 14 -2 13 -2 13 -2 12 -2 13 -2 13 -2 12 -2 12 -2 12 -2 12 -2 12 -2 12 -3 0 0 12 -3 11 -2 11 -3 11 -3 11 -3 11 -4 11 -4 11 -4 11 -4 10 -5 11 -5 11 -5 11 -5 11 -5 11 -6 11 -6 10 -6 11 -7 11 -7 11 -6 11 -7 10 -7 10 -7 10 -7 11 -8 11 -8 0 0 0 0 0 0 0 0 0 0]"
"1769235457812883,CSI_DATA,STATION,00:00:00:00:00:00,0,0,0,0,0,0,0,0,0,0,0,0,0,0,0,0,0,0,0,0,0,128,[84 -64 4 0 0 0 0 0 0 0 0 0 -14 -2 -14 -3 -15 -3 -15 -4 -14 -4 -15 -4 -14 -4 -14 -5 -14 -5 -14 -6 -14 -5 -13 -6 -13 -6 -13 -6 -13 -6 -12 -6 -13 -7 -12 -7 -12 -7 -12 -7 -12 -6 -12 -6 -12 -6 -12 -6 -11 -6 -12 -5 0 0 -11 -5 -11 -5 -11 -4 -11 -4 -12 -5 -12 -4 -12 -4 -12 -4 -12 -3 -12 -3 -12 -3 -12 -3 -12 -3 -13 -2 -13 -3 -13 -2 -13 -2 -13 -2 -13 -2 -13 -2 -13 -1 -13 -1 -13 -1 -13 -1 -13 -1 -13 -1 0 0 0 0 0 0 0 0 0 0]"
"1769235457817417,CSI_DATA,STATION,00:00:00:00:00:00,0,0,0,0,0,0,0,0,0,0,0,0,0,0,0,0,0,0,0,0,0,128,[84 -64 4 0 0 0 0 0 0 0 0 0 5 14 4 15 3 15 3 15 2 15 2 16 2 15 1 16 1 15 1 15 0 15 0 15 0 14 0 15 -1 15 -1 14 -1 15 -1 13 -1 14 -1 14 -1 14 -1 13 -1 13 -1 13 -1 13 0 13 0 0 0 13 0 12 0 13 0 13 1 13 1 13 1 12 1 12 2 12 2 12 2 12 2 12 2 12 3 12 2 12 3 12 3 12 4 12 4 12 4 12 4 12 4 12 4 12 5 12 5 12 5 12 0 0 0 0 0 0 0 0 0 0]"
"1769235457821833,CSI_DATA,STATION,00:00:00:00:00:00,0,0,0,0,0,0,0,0,0,0,0,0,0,0,0,0,0,0,0,0,0,128,[84 -64 4 0 0 0 0 0 0 0 0 0 7 -11 7 -11 7 -10 7 -10 8 -10 9 -10 8 -9 9 -9 9 -9 9 -8 9 -9 9 -8 9 -8 9 -8 9 -8 9 -7 9 -7 9 -7 9 -7 9 -7 9 -7 9 -7 9 -7 8 -7 8 -7 8 -7 0 0 8 -7 7 -7 7 -7 7 -7 7 -7 7 -7 6 -7 7 -8 7 -8 7 -8 6 -8 6 -8 6 -8 6 -8 6 -9 6 -9 6 -9 6 -9 6 -9 5 -9 6 -9 6 -9 5 -10 5 -10 5 -10 5 -10 0 0 0 0 0 0 0 0 0 0]"
"1769235457828388,CSI_DATA,STATION,00:00:00:00:00:00,0,0,0,0,0,0,0,0,0,0,0,0,0,0,0,0,0,0,0,0,0,128,[84 -64 4 0 0 0 0 0 0 0 0 0 14 -2 13 -1 14 0 13 0 14 0 13 1 13 1 14 1 13 2 14 2 13 2 13 2 12 3 12 3 12 3 12 3 12 3 12 4 11 3 11 3 11 3 11 3 11 3 11 3 11 3 11 2 0 0 10 2 10 2 10 2 11 2 10 2 10 1 10 1 11 1 10 1 11 1 10 1 11 1 11 0 11 0 11 -1 11 0 11 -1 11 -1 11 -1 11 -1 11 -2 11 -1 12 -2 11 -2 12 -2 11 -2 0 0 0 0 0 0 0 0 0 0]"
"1769235457832761,CSI_DATA,STATION,00:00:00:00:00:00,0,0,0,0,0,0,0,0,0,0,0,0,0,0,0,0,0,0,0,0,0,128,[84 -64 4 0 0 0 0 0 0 0 0 0 -8 13 -9 12 -9 12 -10 12 -10 11 -11 11 -11 11 -11 10 -11 10 -11 10 -11 10 -11 9 -11 9 -11 9 -12 9 -11 8 -12 9 -11 9 -11 8 -11 8 -11 8 -11 8 -11 8 -10 8 -10 8 -10 8 0 0 -10 8 -8 8 -9 9 -9 8 -9 9 -8 8 -8 8 -8 9 -8 9 -7 9 -7 10 -7 10 -7 10 -7 11 -7 10 -7 11 -6 10 -7 10 -6 11 -6 11 -6 11 -6 11 -6 11 -5 12 -5 12 -5 12 0 0 0 0 0 0 0 0 0 0]"
"1769235457839250,CSI_DATA,STATION,00:00:00:00:00:00,0,0,0,0,0,0,0,0,0,0,0,0,0,0,0,0,0,0,0,0,0,128,[84 -64 4 0 0 0 0 0 0 0 0 0 12 -4 13 -3 13 -2 13 -3 13 -2 13 -2 13 0 13 0 13 0 13 0 13 0 12 1 13 1 12 1 12 1 11 1 12 2 12 2 12 2 12 2 11 2 11 2 11 1 11 1 11 1 11 1 0 0 10 0 10 1 10 0 11 0 10 0 11 0 10 0 10 0 10 0 10 -1 10 -1 10 -1 11 -1 11 -1 11 -2 11 -2 11 -2 11 -2 11 -2 11 -2 12 -2 11 -3 11 -2 12 -3 12 -3 12 -3 0 0 0 0 0 0 0 0 0 0]"
"1769235457843569,CSI_DATA,STATION,00:00:00:00:00:00,0,0,0,0,0,0,0,0,0,0,0,0,0,0,0,0,0,0,0,0,0,128,[84 -64 4 0 0 0 0 0 0 0 0 0 10 -7 10 -6 10 -6 10 -5 11 -5 11 -5 11 -5 11 -4 11 -4 11 -4 11 -3 11 -3 11 -3 11 -3 11 -3 10 -3 11 -3 10 -3 10 -2 10 -2 10 -2 10 -3 10 -3 10 -2 9 -3 10 -3 0 0 9 -3 9 -3 9 -3 9 -3 9 -4 9 -4 9 -4 8 -4 9 -4 8 -5 9 -5 9 -5 9 -5 9 -5 9 -5 9 -6 8 -6 9 -6 9 -6 9 -6 9 -6 8 -6 8 -6 9 -7 9 -7 9 -7 0 0 0 0 0 0 0 0 0 0]"
"1769235457854331,CSI_DATA,STATION,00:00:00:00:00:00,0,0,0,0,0,0,0,0,0,0,0,0,0,0,0,0,0,0,0,0,0,128,[84 -64 4 0 0 0 0 0 0 0 0 0 13 -3 14 -3 13 -2 14 -2 13 -1 14 -1 13 0 13 0 13 0 13 0 13 1 12 1 13 1 13 2 13 1 12 1 12 1 11 1 12 2 12 2 12 1 11 1 11 1 11 1 11 1 11 0 0 0 11 0 11 0 11 0 11 0 11 0 11 0 11 -1 11 -1 11 -2 10 -1 10 -2 11 -1 11 -2 11 -2 11 -3 11 -3 11 -3 12 -4 12 -4 11 -3 12 -4 11 -4 12 -3 12 -4 12 -4 11 -4 0 0 0 0 0 0 0 0 0 0]"
"1769235457860847,CSI_DATA,STATION,00:00:00:00:00:00,0,0,0,0,0,0,0,0,0,0,0,0,0,0,0,0,0,0,0,0,0,128,[84 -64 4 0 0 0 0 0 0 0 0 0 -11 -7 -11 -7 -11 -8 -10 -7 -10 -8 -10 -8 -10 -8 -9 -9 -9 -9 -9 -10 -9 -9 -9 -9 -8 -9 -9 -9 -8 -9 -8 -9 -8 -9 -8 -9 -8 -9 -7 -9 -7 -9 -8 -9 -8 -9 -8 -8 -7 -8 -8 -8 0 0 -7 -8 -8 -8 -8 -7 -8 -7 -8 -7 -8 -8 -8 -7 -8 -7 -8 -7 -9 -7 -9 -7 -9 -6 -9 -7 -9 -6 -9 -6 -9 -6 -10 -6 -10 -6 -10 -6 -10 -6 -10 -6 -11 -6 -11 -6 -10 -6 -10 -5 -11 -5 0 0 0 0 0 0 0 0 0 0]"
"1769235457867347,CSI_DATA,STATION,00:00:00:00:00:00,0,0,0,0,0,0,0,0,0,0,0,0,0,0,0,0,0,0,0,0,0,128,[84 -64 4 0 0 0 0 0 0 0 0 0 -11 -6 -11 -6 -11 -7 -11 -7 -11 -7 -11 -8 -11 -8 -10 -8 -10 -8 -10 -8 -10 -8 -9 -8 -9 -9 -9 -9 -9 -8 -9 -8 -8 -8 -8 -8 -8 -8 -8 -8 -8 -8 -8 -8 -8 -8 -8 -8 -8 -7 -8 -7 0 0 -8 -7 -8 -7 -8 -7 -8 -6 -9 -7 -8 -6 -9 -6 -9 -6 -9 -6 -9 -6 -9 -5 -10 -5 -9 -5 -9 -5 -10 -5 -10 -5 -10 -5 -10 -5 -10 -5 -11 -5 -10 -5 -11 -4 -11 -4 -11 -4 -11 -4 -11 -4 0 0 0 0 0 0 0 0 0 0]"
"1769235457871685,CSI_DATA,STATION,00:00:00:00:00:00,0,0,0,0,0,0,0,0,0,0,0,0,0,0,0,0,0,0,0,0,0,128,[84 -64 4 0 0 0 0 0 0 0 0 0 12 -4 13 -4 13 -2 13 -3 13 -2 13 -2 13 -1 13 -1 13 -1 13 0 12 -1 12 -1 12 0 12 0 12 0 11 0 11 1 12 1 11 0 11 0 11 1 11 0 11 0 11 0 11 0 11 -1 0 0 11 -1 10 -1 10 -1 11 -1 10 -1 10 -2 10 -2 10 -2 10 -2 10 -3 10 -3 10 -3 10 -3 10 -3 11 -4 10 -4 11 -4 10 -4 10 -4 11 -4 11 -5 10 -5 11 -5 10 -5 11 -6 11 -5 0 0 0 0 0 0 0 0 0 0]"
"1769235457876029,CSI_DATA,STATION,00:00:00:00:00:00,0,0,0,0,0,0,0,0,0,0,0,0,0,0,0,0,0,0,0,0,0,128,[84 -64 4 0 0 0 0 0 0 0 0 0 -13 -1 -14 -1 -13 -2 -14 -2 -13 -3 -13 -3 -13 -3 -13 -3 -13 -4 -13 -5 -13 -4 -12 -4 -12 -5 -12 -5 -12 -5 -12 -5 -12 -5 -12 -5 -11 -5 -11 -5 -11 -5 -11 -5 -11 -5 -11 -5 -10 -5 -11 -4 0 0 -11 -4 -10 -4 -11 -4 -10 -3 -11 -4 -11 -3 -10 -3 -11 -3 -10 -3 -11 -3 -11 -2 -11 -2 -11 -2 -12 -2 -11 -2 -12 -2 -12 -2 -12 -2 -12 -1 -12 -1 -12 -1 -12 -1 -12 -1 -13 -1 -12 -1 -12 0 0 0 0 0 0 0 0 0 0 0]"
"1769235457882533,CSI_DATA,STATION,00:00:00:00:00:00,0,0,0,0,0,0,0,0,0,0,0,0,0,0,0,0,0,0,0,0,0,128,[84 -64 4 0 0 0 0 0 0 0 0 0 10 -11 10 -10 11 -10 10 -9 12 -9 11 -9 11 -8 12 -7 11 -7 12 -7 11 -7 11 -6 12 -6 12 -6 11 -6 12 -6 11 -6 11 -7 10 -5 11 -5 10 -5 11 -5 11 -6 10 -6 10 -6 10 -6 0 0 10 -6 10 -6 9 -6 9 -7 9 -7 10 -7 9 -6 9 -7 9 -7 9 -8 8 -8 8 -8 8 -8 8 -8 9 -9 8 -9 8 -9 8 -9 8 -9 8 -9 9 -9 8 -9 8 -10 8 -10 8 -11 8 -10 0 0 0 0 0 0 0 0 0 0]"
"1769235457886879,CSI_DATA,STATION,00:00:00:00:00:00,0,0,0,0,0,0,0,0,0,0,0,0,0,0,0,0,0,0,0,0,0,128,[84 -64 4 0 0 0 0 0 0 0 0 0 -12 8 -12 7 -12 7 -12 7 -12 6 -13 6 -12 5 -13 5 -13 5 -13 5 -13 4 -13 4 -13 4 -13 4 -13 3 -13 3 -13 4 -12 3 -12 3 -12 2 -12 3 -12 3 -12 3 -11 3 -11 3 -11 4 0 0 -11 4 -11 3 -11 4 -11 4 -11 4 -10 4 -10 4 -11 5 -10 5 -11 6 -10 6 -10 5 -10 5 -10 6 -10 6 -10 6 -10 6 -10 6 -10 7 -10 7 -10 7 -10 8 -10 7 -10 8 -10 8 -10 8 0 0 0 0 0 0 0 0 0 0]"
"1769235457891211,CSI_DATA,STATION,00:00:00:00:00:00,0,0,0,0,0,0,0,0,0,0,0,0,0,0,0,0,0,0,0,0,0,128,[84 -64 4 0 0 0 0 0 0 0 0 0 -10 12 -10 11 -10 11 -11 11 -11 10 -12 10 -12 10 -12 10 -12 9 -12 9 -12 9 -12 8 -12 8 -12 8 -13 7 -12 8 -12 8 -12 7 -11 7 -12 7 -12 6 -11 7 -11 7 -11 7 -11 7 -11 7 0 0 -10 8 -10 7 -10 7 -10 7 -10 7 -10 7 -10 7 -10 8 -9 8 -10 9 -9 9 -9 9 -9 9 -9 9 -9 9 -9 10 -8 9 -9 10 -9 10 -9 10 -9 11 -8 11 -9 10 -8 11 -8 12 -8 11 0 0 0 0 0 0 0 0 0 0]"
"1769235457897711,CSI_DATA,STATION,00:00:00:00:00:00,0,0,0,0,0,0,0,0,0,0,0,0,0,0,0,0,0,0,0,0,0,128,[84 -64 4 0 0 0 0 0 0 0 0 0 -5 -11 -5 -11 -4 -11 -4 -11 -4 -12 -4 -12 -2 -12 -3 -12 -2 -12 -2 -12 -2 -12 -2 -12 -2 -12 -2 -12 -1 -12 -1 -11 -1 -11 -1 -11 -1 -11 -1 -12 -1 -11 -1 -11 -1 -11 -1 -10 -2 -10 -1 -10 0 0 -1 -10 -2 -10 -2 -11 -2 -10 -2 -10 -2 -11 -3 -10 -3 -10 -3 -10 -3 -10 -3 -10 -3 -10 -4 -10 -3 -11 -3 -11 -4 -11 -4 -11 -4 -11 -4 -11 -4 -11 -4 -11 -4 -11 -5 -11 -5 -11 -5 -11 -5 -11 0 0 0 0 0 0 0 0 0 0]"
"1769235457902059,CSI_DATA,STATION,00:00:00:00:00:00,0,0,0,0,0,0,0,0,0,0,0,0,0,0,0,0,0,0,0,0,0,128,[84 -64 4 0 0 0 0 0 0 0 0 0 -13 -3 -13 -3 -13 -4 -13 -4 -13 -5 -12 -5 -12 -5 -12 -6 -12 -6 -12 -7 -12 -6 -12 -6 -12 -7 -12 -7 -11 -7 -11 -7 -11 -7 -11 -7 -11 -7 -10 -7 -10 -7 -11 -7 -11 -7 -11 -6 -10 -6 -10 -6 0 0 -10 -6 -11 -5 -10 -5 -10 -5 -11 -5 -11 -5 -11 -5 -11 -5 -11 -4 -12 -4 -12 -3 -12 -4 -11 -4 -12 -4 -12 -4 -12 -3 -12 -3 -12 -3 -12 -3 -13 -3 -13 -3 -13 -3 -13 -3 -13 -2 -13 -2 -13 -2 0 0 0 0 0 0 0 0 0 0]"
"1769235457908546,CSI_DATA,STATION,00:00:00:00:00:00,0,0,0,0,0,0,0,0,0,0,0,0,0,0,0,0,0,0,0,0,0,128,[84 -64 4 0 0 0 0 0 0 0 0 0 10 -8 11 -8 10 -7 11 -7 11 -6 12 -7 11 -6 12 -5 12 -5 12 -5 12 -5 12 -5 12 -4 12 -5 12 -4 12 -4 11 -4 11 -4 11 -4 12 -4 11 -4 11 -4 11 -4 11 -4 11 -4 11 -5 0 0 10 -5 10 -4 10 -5 10 -5 10 -5 10 -6 10 -5 10 -6 10 -6 9 -7 9 -7 10 -6 10 -7 10 -6 10 -7 10 -8 9 -8 10 -8 10 -8 10 -8 10 -8 10 -8 10 -8 9 -9 9 -9 10 -9 0 0 0 0 0 0 0 0 0 0]"
"1769235457912902,CSI_DATA,STATION,00:00:00:00:00:00,0,0,0,0,0,0,0,0,0,0,0,0,0,0,0,0,0,0,0,0,0,128,[84 -64 4 0 0 0 0 0 0 0 0 0 -3 -13 -2 -14 -2 -13 -2 -14 -1 -14 -1 -15 0 -14 0 -14 0 -14 0 -14 1 -14 1 -13 1 -14 1 -13 1 -14 2 -13 2 -13 2 -13 1 -13 1 -12 2 -12 2 -13 2 -12 1 -12 1 -12 1 -12 0 0 1 -12 1 -12 0 -12 0 -12 0 -12 0 -13 0 -12 0 -13 0 -12 0 -12 -1 -13 -1 -12 -1 -13 -1 -13 -1 -13 -1 -13 -2 -13 -2 -14 -2 -14 -2 -13 -2 -14 -2 -13 -3 -14 -3 -13 -3 -14 -3 -14 0 0 0 0 0 0 0 0 0 0]"
"1769235457919612,CSI_DATA,STATION,00:00:00:00:00:00,0,0,0,0,0,0,0,0,0,0,0,0,0,0,0,0,0,0,0,0,0,128,[84 -64 4 0 0 0 0 0 0 0 0 0 1 -14 2 -14 2 -13 2 -14 3 -14 3 -14 4 -14 4 -14 5 -13 4 -13 4 -13 4 -13 5 -13 5 -13 5 -13 5 -12 6 -13 5 -13 6 -12 6 -12 5 -11 6 -11 6 -12 5 -12 4 -11 5 -12 0 0 5 -12 5 -11 5 -11 4 -11 4 -12 4 -11 4 -11 4 -12 4 -12 4 -12 3 -13 3 -12 3 -12 3 -12 3 -13 3 -13 3 -13 3 -13 3 -14 3 -13 3 -14 3 -13 2 -14 2 -14 2 -15 2 -14 0 0 0 0 0 0 0 0 0 0]"
"1769235457923969,CSI_DATA,STATION,00:00:00:00:00:00,0,0,0,0,0,0,0,0,0,0,0,0,0,0,0,0,0,0,0,0,0,128,[84 -64 4 0 0 0 0 0 0 0 0 0 -1 -15 0 -14 0 -14 1 -15 1 -15 2 -14 2 -14 3 -14 3 -14 4 -14 4 -14 4 -14 4 -14 4 -14 4 -14 4 -13 4 -13 5 -13 4 -13 4 -13 5 -13 4 -12 5 -13 4 -12 4 -12 4 -13 0 0 3 -12 3 -12 3 -12 3 -13 3 -13 2 -12 2 -12 2 -13 2 -13 2 -13 1 -13 1 -13 1 -13 1 -14 1 -14 1 -13 1 -14 1 -14 1 -14 0 -14 0 -15 0 -14 0 -15 0 -14 0 -15 -1 -14 0 0 0 0 0 0 0 0 0 0]"
"1769235457928335,CSI_DATA,STATION,00:00:00:00:00:00,0,0,0,0,0,0,0,0,0,0,0,0,0,0,0,0,0,0,0,0,0,128,[84 -64 4 0 0 0 0 0 0 0 0 0 12 -12 12 -11 12 -11 12 -11 13 -9 13 -9 14 -8 14 -9 14 -8 15 -8 14 -7 14 -7 14 -7 14 -7 15 -6 14 -6 14 -6 14 -6 14 -6 14 -5 14 -5 14 -5 14 -5 14 -6 13 -6 14 -6 0 0 13 -6 13 -6 13 -6 13 -6 12 -6 13 -6 13 -7 12 -7 12 -7 12 -8 12 -8 12 -8 12 -8 12 -8 13 -9 12 -9 12 -9 12 -9 12 -9 12 -10 12 -10 12 -10 12 -10 11 -10 12 -11 12 -11 0 0 0 0 0 0 0 0 0 0]"
"1769235457934875,CSI_DATA,STATION,00:00:00:00:00:00,0,0,0,0,0,0,0,0,0,0,0,0,0,0,0,0,0,0,0,0,0,128,[84 -64 4 0 0 0 0 0 0 0 0 0 6 10 5 10 5 10 5 11 4 11 4 11 4 11 3 11 3 11 3 12 3 11 2 11 2 11 3 11 2 11 2 11 2 11 1 10 2 11 1 11 1 11 1 10 1 10 2 10 2 10 2 10 0 0 2 10 2 10 2 10 2 9 2 10 3 10 3 10 3 10 3 9 3 9 4 9 4 9 4 10 4 10 4 9 5 9 5 9 5 9 5 9 4 9 5 10 5 10 5 9 6 9 6 9 6 9 0 0 0 0 0 0 0 0 0 0]"
"1769235457939221,CSI_DATA,STATION,00:00:00:00:00:00,0,0,0,0,0,0,0,0,0,0,0,0,0,0,0,0,0,0,0,0,0,128,[84 -64 4 0 0 0 0 0 0 0 0 0 4 16 3 16 3 16 3 17 2 16 1 18 1 16 0 17 0 16 -1 17 -1 17 -1 16 -1 16 -1 16 -2 16 -2 16 -1 16 -3 15 -2 15 -2 16 -2 15 -2 14 -2 15 -2 15 -2 14 -1 15 0 0 -2 15 -1 14 0 14 -1 14 0 14 0 14 0 14 0 14 0 14 1 14 1 14 1 14 1 14 1 14 2 15 2 14 3 14 3 15 3 15 3 15 3 15 4 15 3 15 4 15 4 15 4 15 0 0 0 0 0 0 0 0 0 0]"
"1769235457943550,CSI_DATA,STATION,00:00:00:00:00:00,0,0,0,0,0,0,0,0,0,0,0,0,0,0,0,0,0,0,0,0,0,128,[84 -64 4 0 0 0 0 0 0 0 0 0 11 7 11 7 10 8 11 8 11 8 11 9 10 9 10 9 9 9 9 10 9 10 9 9 9 10 9 10 8 10 8 9 8 10 8 9 8 10 8 10 8 10 7 9 7 9 8 9 7 9 8 8 0 0 8 8 8 8 8 8 8 7 9 8 8 7 8 7 8 7 9 7 9 6 9 6 9 7 10 6 10 6 10 5 10 6 10 6 11 5 11 5 10 5 11 5 11 5 11 5 11 5 11 5 11 4 0 0 0 0 0 0 0 0 0 0]"
"1769235457950131,CSI_DATA,STATION,00:00:00:00:00:00,0,0,0,0,0,0,0,0,0,0,0,0,0,0,0,0,0,0,0,0,0,128,[84 -64 4 0 0 0 0 0 0 0 0 0 4 13 4 13 3 13 3 14 2 14 2 14 2 14 1 14 1 14 1 14 0 13 0 13 0 13 0 13 0 13 0 13 0 13 -1 12 -1 12 0 13 -1 12 0 12 0 12 0 12 0 12 0 12 0 0 0 11 1 11 1 11 1 11 1 11 1 11 2 11 2 11 2 11 2 11 3 11 3 11 3 11 3 11 3 11 3 11 4 11 4 11 4 11 4 11 5 11 5 11 5 11 5 11 5 11 5 11 0 0 0 0 0 0 0 0 0 0]"
"1769235457954485,CSI_DATA,STATION,00:00:00:00:00:00,0,0,0,0,0,0,0,0,0,0,0,0,0,0,0,0,0,0,0,0,0,128,[84 -64 4 0 0 0 0 0 0 0 0 0 12 -7 13 -7 12 -7 13 -6 13 -6 13 -6 13 -5 14 -5 13 -4 13 -4 13 -3 13 -3 13 -2 13 -3 13 -3 12 -3 12 -2 12 -3 12 -2 13 -2 12 -2 12 -2 12 -3 12 -2 11 -2 11 -3 0 0 11 -3 11 -3 10 -3 11 -3 11 -3 11 -4 11 -4 10 -4 10 -4 10 -5 10 -5 10 -5 10 -5 11 -5 10 -6 10 -6 10 -6 10 -7 10 -7 10 -7 10 -7 10 -6 11 -7 10 -7 10 -7 10 -8 0 0 0 0 0 0 0 0 0 0]"
"1769235457958829,CSI_DATA,STATION,00:00:00:00:00:00,0,0,0,0,0,0,0,0,0,0,0,0,0,0,0,0,0,0,0,0,0,128,[84 -64 4 0 0 0 0 0 0 0 0 0 -15 4 -15 3 -15 3 -15 3 -15 2 -15 2 -15 1 -15 1 -15 1 -15 0 -14 0 -14 0 -14 0 -14 0 -14 -1 -14 0 -14 -1 -13 -1 -13 -1 -13 -1 -13 -1 -13 -1 -13 0 -12 -1 -12 0 -13 0 0 0 -12 1 -12 1 -12 1 -12 1 -12 1 -12 1 -12 1 -12 1 -12 2 -12 3 -12 3 -12 2 -12 3 -12 3 -12 3 -12 4 -11 4 -12 4 -12 4 -12 4 -12 5 -12 5 -11 5 -11 5 -12 5 -12 5 0 0 0 0 0 0 0 0 0 0]"
"1769235457965398,CSI_DATA,STATION,00:00:00:00:00:00,0,0,0,0,0,0,0,0,0,0,0,0,0,0,0,0,0,0,0,0,0,128,[84 -64 4 0 0 0 0 0 0 0 0 0 -14 2 -15 1 -14 1 -15 1 -15 0 -15 0 -15 -1 -15 -1 -15 -1 -14 -2 -15 -2 -14 -2 -14 -3 -14 -3 -13 -3 -13 -2 -14 -3 -13 -3 -13 -3 -13 -3 -13 -3 -13 -3 -12 -3 -12 -3 -12 -3 -12 -2 0 0 -12 -2 -12 -2 -12 -2 -12 -1 -12 -1 -12 -2 -12 -1 -12 -1 -12 0 -12 0 -12 0 -12 0 -12 0 -13 0 -12 1 -13 1 -12 0 -12 1 -13 1 -12 1 -13 1 -13 2 -13 2 -13 2 -13 2 -13 2 0 0 0 0 0 0 0 0 0 0]"
"1769235457969720,CSI_DATA,STATION,00:00:00:00:00:00,0,0,0,0,0,0,0,0,0,0,0,0,0,0,0,0,0,0,0,0,0,128,[84 -64 4 0 0 0 0 0 0 0 0 0 11 7 11 8 11 9 11 9 10 9 10 10 10 9 10 10 9 9 9 10 9 10 8 9 8 10 8 10 8 10 7 10 8 10 7 10 7 10 7 10 7 9 7 9 7 9 7 9 7 9 7 8 0 0 7 8 7 8 7 8 7 7 7 8 8 8 8 7 8 7 8 7 8 7 8 6 9 7 9 6 9 7 9 6 9 7 10 6 10 6 10 6 10 5 10 5 10 6 10 5 10 5 11 5 10 5 0 0 0 0 0 0 0 0 0 0]"
"1769235457974017,CSI_DATA,STATION,00:00:00:00:00:00,0,0,0,0,0,0,0,0,0,0,0,0,0,0,0,0,0,0,0,0,0,128,[84 -64 4 0 0 0 0 0 0 0 0 0 8 -12 9 -11 9 -11 8 -10 10 -11 10 -10 10 -10 11 -10 10 -9 11 -9 10 -9 10 -8 11 -8 11 -7 10 -7 10 -8 10 -7 10 -8 9 -7 10 -7 9 -7 10 -7 10 -8 9 -7 9 -7 9 -7 0 0 8 -7 8 -7 7 -7 8 -7 8 -8 8 -7 7 -8 8 -9 7 -8 7 -9 7 -9 7 -9 7 -9 7 -9 6 -10 6 -10 6 -10 6 -10 6 -10 6 -10 6 -11 6 -10 6 -11 5 -11 6 -11 6 -11 0 0 0 0 0 0 0 0 0 0]"
"1769235457980501,CSI_DATA,STATION,00:00:00:00:00:00,0,0,0,0,0,0,0,0,0,0,0,0,0,0,0,0,0,0,0,0,0,128,[84 -64 4 0 0 0 0 0 0 0 0 0 -11 -5 -12 -5 -11 -6 -11 -6 -11 -7 -11 -7 -11 -7 -11 -7 -10 -8 -10 -8 -10 -8 -10 -8 -9 -8 -9 -8 -9 -8 -9 -8 -9 -8 -9 -8 -8 -8 -8 -8 -8 -8 -8 -8 -8 -8 -8 -8 -8 -7 -9 -7 0 0 -8 -7 -8 -6 -8 -7 -8 -6 -9 -6 -8 -6 -9 -6 -9 -6 -9 -6 -9 -6 -9 -5 -9 -6 -9 -5 -10 -5 -10 -5 -10 -5 -10 -5 -10 -5 -10 -5 -10 -4 -10 -5 -11 -4 -11 -4 -11 -4 -11 -4 -11 -4 0 0 0 0 0 0 0 0 0 0]"
"1769235457984818,CSI_DATA,STATION,00:00:00:00:00:00,0,0,0,0,0,0,0,0,0,0,0,0,0,0,0,0,0,0,0,0,0,128,[84 -64 4 0 0 0 0 0 0 0 0 0 8 -12 9 -11 9 -11 10 -12 10 -11 11 -11 10 -10 11 -10 11 -10 11 -9 11 -9 11 -8 11 -9 11 -9 11 -8 10 -8 11 -8 11 -8 11 -8 10 -7 10 -8 10 -8 10 -8 10 -7 9 -8 10 -8 0 0 9 -8 8 -8 8 -8 8 -9 9 -8 8 -8 7 -9 8 -9 8 -9 7 -9 7 -10 7 -10 7 -10 7 -10 7 -10 7 -11 7 -11 7 -11 6 -11 7 -11 7 -12 6 -12 6 -12 6 -12 6 -12 6 -13 0 0 0 0 0 0 0 0 0 0]"
"1769235457991335,CSI_DATA,STATION,00:00:00:00:00:00,0,0,0,0,0,0,0,0,0,0,0,0,0,0,0,0,0,0,0,0,0,128,[84 -64 4 0 0 0 0 0 0 0 0 0 10 -11 10 -10 10 -10 10 -9 11 -9 11 -9 11 -8 12 -8 12 -8 12 -8 12 -8 11 -7 12 -7 12 -6 12 -6 11 -7 11 -6 11 -6 11 -6 11 -6 11 -5 11 -6 11 -6 10 -6 10 -6 10 -6 0 0 10 -6 10 -6 9 -6 10 -7 9 -7 10 -7 9 -7 9 -7 9 -7 9 -8 8 -8 9 -8 9 -8 9 -8 9 -9 9 -9 9 -9 9 -9 9 -9 8 -9 9 -10 8 -9 8 -10 8 -10 9 -10 9 -10 0 0 0 0 0 0 0 0 0 0]"
"1769235457995646,CSI_DATA,STATION,00:00:00:00:00:00,0,0,0,0,0,0,0,0,0,0,0,0,0,0,0,0,0,0,0,0,0,128,[84 -64 4 0 0 0 0 0 0 0 0 0 -8 -12 -8 -12 -8 -12 -8 -12 -7 -12 -7 -13 -6 -13 -6 -13 -5 -13 -6 -14 -5 -13 -5 -13 -4 -13 -5 -13 -4 -14 -5 -13 -4 -13 -4 -12 -4 -13 -4 -13 -4 -12 -4 -12 -4 -12 -4 -12 -4 -12 -4 -12 0 0 -4 -12 -5 -11 -5 -12 -4 -11 -5 -11 -4 -12 -5 -11 -5 -11 -5 -11 -6 -11 -6 -11 -6 -11 -6 -11 -6 -11 -7 -11 -7 -11 -7 -11 -7 -11 -7 -11 -7 -11 -7 -11 -8 -11 -8 -11 -8 -11 -8 -11 -8 -12 0 0 0 0 0 0 0 0 0 0]"
"1769235457999966,CSI_DATA,STATION,00:00:00:00:00:00,0,0,0,0,0,0,0,0,0,0,0,0,0,0,0,0,0,0,0,0,0,128,[84 -64 4 0 0 0 0 0 0 0 0 0 -3 13 -3 13 -3 13 -4 13 -4 13 -5 13 -5 12 -5 12 -5 12 -6 12 -6 12 -6 11 -7 11 -7 11 -6 11 -6 11 -7 11 -6 11 -6 10 -6 10 -6 10 -6 10 -6 10 -6 10 -6 10 -5 10 0 0 -5 10 -4 10 -4 11 -5 11 -4 11 -4 11 -4 10 -4 11 -3 11 -4 11 -3 11 -3 11 -3 11 -3 12 -3 11 -2 12 -2 11 -2 12 -2 13 -2 12 -2 12 -1 12 -2 13 -1 12 -2 13 -1 13 0 0 0 0 0 0 0 0 0 0]"
"1769235458006490,CSI_DATA,STATION,00:00:00:00:00:00,0,0,0,0,0,0,0,0,0,0,0,0,0,0,0,0,0,0,0,0,0,128,[84 -64 4 0 0 0 0 0 0 0 0 0 -6 10 -7 11 -7 10 -7 10 -7 9 -8 10 -8 10 -9 9 -8 9 -9 9 -9 9 -9 8 -9 9 -8 8 -9 8 -9 8 -9 8 -8 8 -8 7 -9 7 -9 7 -8 7 -8 7 -8 7 -8 7 -8 8 0 0 -8 8 -7 7 -7 8 -7 7 -7 8 -7 7 -7 8 -7 8 -7 9 -7 8 -6 9 -7 9 -6 9 -6 9 -6 9 -6 9 -6 9 -6 10 -6 10 -6 10 -6 10 -6 10 -6 10 -5 10 -6 10 -5 10 0 0 0 0 0 0 0 0 0 0]"
"1769235458010806,CSI_DATA,STATION,00:00:00:00:00:00,0,0,0,0,0,0,0,0,0,0,0,0,0,0,0,0,0,0,0,0,0,128,[84 -64 4 0 0 0 0 0 0 0 0 0 10 -7 11 -7 11 -6 11 -6 11 -5 12 -5 12 -5 12 -4 12 -4 12 -3 12 -4 12 -3 12 -3 11 -3 11 -3 11 -3 11 -3 11 -2 11 -2 11 -3 11 -2 11 -3 10 -3 10 -2 11 -2 10 -3 0 0 10 -3 10 -3 10 -3 10 -4 10 -4 10 -4 10 -4 10 -4 9 -4 9 -4 10 -5 10 -4 10 -5 10 -5 10 -6 10 -6 10 -5 10 -6 10 -6 10 -6 10 -6 10 -6 10 -6 10 -6 10 -7 10 -7 0 0 0 0 0 0 0 0 0 0]"
"1769235458017311,CSI_DATA,STATION,00:00:00:00:00:00,0,0,0,0,0,0,0,0,0,0,0,0,0,0,0,0,0,0,0,0,0,128,[84 -64 4 0 0 0 0 0 0 0 0 0 -9 -9 -9 -10 -9 -10 -8 -11 -8 -10 -8 -11 -8 -11 -7 -11 -7 -12 -7 -12 -7 -12 -6 -11 -6 -12 -6 -12 -6 -12 -6 -11 -6 -11 -5 -11 -6 -11 -5 -12 -5 -12 -5 -11 -5 -11 -6 -11 -5 -11 -6 -10 0 0 -6 -10 -5 -10 -6 -10 -6 -9 -6 -10 -6 -10 -7 -10 -7 -10 -7 -10 -7 -9 -7 -9 -8 -10 -7 -9 -8 -9 -8 -9 -8 -9 -8 -9 -9 -10 -9 -9 -9 -9 -9 -9 -9 -10 -9 -9 -10 -9 -9 -9 -10 -9 0 0 0 0 0 0 0 0 0 0]"
"1769235458027961,CSI_DATA,STATION,00:00:00:00:00:00,0,0,0,0,0,0,0,0,0,0,0,0,0,0,0,0,0,0,0,0,0,128,[84 -64 4 0 0 0 0 0 0 0 0 0 -5 11 -6 11 -6 11 -7 11 -7 11 -7 11 -8 10 -8 10 -8 9 -9 10 -9 10 -8 10 -9 9 -8 9 -9 8 -9 8 -9 9 -9 9 -9 8 -9 8 -9 8 -9 7 -9 8 -8 8 -8 7 -8 8 0 0 -8 7 -8 7 -8 8 -8 8 -7 8 -7 8 -7 8 -7 8 -7 8 -7 9 -6 9 -7 9 -6 9 -6 9 -7 9 -6 9 -6 10 -6 10 -6 10 -6 10 -6 10 -6 10 -5 10 -5 11 -6 10 -6 11 0 0 0 0 0 0 0 0 0 0]"
"1769235458034347,CSI_DATA,STATION,00:00:00:00:00:00,0,0,0,0,0,0,0,0,0,0,0,0,0,0,0,0,0,0,0,0,0,128,[84 -64 4 0 0 0 0 0 0 0 0 0 5 13 5 13 4 13 5 13 4 13 3 14 3 14 2 14 2 14 2 14 2 13 1 13 1 13 1 13 1 14 1 13 0 13 0 12 0 13 0 13 0 13 0 12 1 12 0 12 1 12 1 12 0 0 1 12 1 12 1 11 2 12 2 12 2 12 2 12 2 11 2 11 2 11 3 11 3 11 3 12 3 12 3 11 4 11 4 11 4 11 4 12 4 12 5 12 5 11 4 12 5 11 5 11 5 12 0 0 0 0 0 0 0 0 0 0]"
"1769235458038756,CSI_DATA,STATION,00:00:00:00:00:00,0,0,0,0,0,0,0,0,0,0,0,0,0,0,0,0,0,0,0,0,0,128,[84 -64 4 0 0 0 0 0 0 0 0 0 -9 13 -10 13 -10 12 -11 13 -11 11 -12 11 -12 11 -12 10 -12 10 -13 10 -12 11 -12 9 -13 10 -12 10 -13 9 -13 9 -13 9 -12 8 -13 9 -12 8 -12 8 -12 8 -12 8 -12 8 -11 8 -11 8 0 0 -11 9 -10 8 -10 9 -10 8 -10 9 -10 8 -10 9 -10 9 -10 9 -9 10 -9 11 -9 10 -8 10 -9 11 -9 10 -9 11 -7 11 -8 11 -8 12 -9 11 -8 12 -8 12 -8 11 -7 13 -7 12 -8 13 0 0 0 0 0 0 0 0 0 0]"
"1769235458045219,CSI_DATA,STATION,00:00:00:00:00:00,0,0,0,0,0,0,0,0,0,0,0,0,0,0,0,0,0,0,0,0,0,128,[84 -64 4 0 0 0 0 0 0 0 0 0 -10 11 -10 11 -10 10 -11 10 -11 10 -12 10 -12 9 -12 9 -12 8 -12 8 -12 8 -12 7 -12 8 -12 7 -12 6 -12 7 -12 7 -12 7 -12 7 -12 6 -11 6 -11 6 -12 6 -12 6 -10 6 -11 6 0 0 -11 6 -10 6 -10 7 -10 6 -10 7 -10 7 -10 7 -10 7 -10 7 -10 7 -9 8 -9 8 -9 8 -9 8 -9 9 -9 9 -9 9 -9 9 -9 9 -9 9 -9 9 -9 9 -9 9 -8 10 -9 10 -8 10 0 0 0 0 0 0 0 0 0 0]"
"1769235458049538,CSI_DATA,STATION,00:00:00:00:00:00,0,0,0,0,0,0,0,0,0,0,0,0,0,0,0,0,0,0,0,0,0,128,[84 -64 4 0 0 0 0 0 0 0 0 0 10 -10 11 -10 11 -9 11 -9 11 -8 12 -8 12 -8 12 -8 12 -7 12 -7 12 -7 12 -7 12 -6 12 -6 12 -5 12 -6 12 -6 11 -6 12 -5 12 -5 11 -5 11 -5 11 -5 11 -6 11 -5 11 -6 0 0 10 -6 10 -6 10 -6 10 -6 10 -7 10 -6 9 -7 10 -7 9 -7 9 -7 9 -8 9 -7 9 -7 9 -8 9 -8 9 -9 9 -9 9 -9 9 -9 9 -9 9 -9 8 -9 8 -9 8 -10 8 -10 8 -10 0 0 0 0 0 0 0 0 0 0]"
"1769235458055992,CSI_DATA,STATION,00:00:00:00:00:00,0,0,0,0,0,0,0,0,0,0,0,0,0,0,0,0,0,0,0,0,0,128,[84 -64 4 0 0 0 0 0 0 0 0 0 12 6 12 7 12 7 11 8 11 8 10 9 10 9 10 9 10 9 10 9 10 9 9 9 9 9 9 9 9 9 8 9 9 10 9 9 8 9 8 10 8 9 8 9 8 8 9 9 8 8 8 8 0 0 8 8 8 7 8 7 8 7 9 7 8 7 8 7 9 7 9 6 9 6 9 6 10 6 10 6 10 6 9 5 10 6 10 5 11 5 11 5 10 5 11 5 11 5 11 5 11 4 11 4 11 4 0 0 0 0 0 0 0 0 0 0]"
"1769235458060316,CSI_DATA,STATION,00:00:00:00:00:00,0,0,0,0,0,0,0,0,0,0,0,0,0,0,0,0,0,0,0,0,0,128,[84 -64 4 0 0 0 0 0 0 0 0 0 -8 -13 -9 -14 -8 -14 -8 -15 -7 -14 -7 -15 -6 -15 -6 -15 -5 -15 -5 -15 -5 -15 -5 -15 -4 -15 -4 -15 -3 -15 -4 -14 -3 -14 -3 -14 -4 -14 -3 -14 -3 -14 -3 -14 -3 -14 -3 -14 -4 -13 -4 -13 0 0 -4 -13 -4 -13 -4 -13 -4 -12 -5 -13 -5 -12 -5 -12 -5 -12 -5 -12 -5 -12 -6 -12 -6 -12 -6 -12 -7 -12 -6 -12 -7 -12 -7 -12 -8 -12 -8 -12 -8 -12 -8 -12 -8 -12 -8 -12 -9 -12 -9 -12 -9 -11 0 0 0 0 0 0 0 0 0 0]"
"1769235458064641,CSI_DATA,STATION,00:00:00:00:00:00,0,0,0,0,0,0,0,0,0,0,0,0,0,0,0,0,0,0,0,0,0,128,[84 -64 4 0 0 0 0 0 0 0 0 0 10 11 10 11 9 12 9 11 8 12 8 12 8 12 7 13 7 12 6 13 7 12 6 13 6 12 6 13 5 13 5 12 5 13 5 12 5 11 5 12 4 12 5 12 4 12 5 12 5 11 5 11 0 0 5 11 5 11 5 10 5 10 6 10 6 11 6 10 7 10 6 10 7 10 7 9 7 10 7 10 7 9 8 9 8 9 8 9 8 9 9 9 8 9 9 9 9 9 9 9 9 8 9 9 10 9 0 0 0 0 0 0 0 0 0 0]"
"1769235458071180,CSI_DATA,STATION,00:00:00:00:00:00,0,0,0,0,0,0,0,0,0,0,0,0,0,0,0,0,0,0,0,0,0,128,[84 -64 4 0 0 0 0 0 0 0 0 0 -11 8 -11 8 -11 8 -12 7 -12 7 -12 6 -12 6 -12 5 -12 5 -12 5 -13 6 -12 5 -13 5 -12 5 -12 4 -12 4 -12 4 -12 5 -12 4 -11 4 -11 4 -12 3 -11 4 -11 5 -10 4 -11 4 0 0 -10 4 -10 5 -10 5 -10 5 -10 5 -10 5 -9 5 -10 5 -9 6 -9 6 -9 7 -9 7 -9 7 -9 7 -9 7 -9 8 -9 7 -9 7 -9 8 -9 8 -9 8 -8 8 -8 8 -8 9 -8 9 -8 9 0 0 0 0 0 0 0 0 0 0]"
"1769235458075503,CSI_DATA,STATION,00:00:00:00:00:00,0,0,0,0,0,0,0,0,0,0,0,0,0,0,0,0,0,0,0,0,0,128,[84 -64 4 0 0 0 0 0 0 0 0 0 -9 -10 -9 -10 -9 -11 -9 -11 -8 -12 -8 -12 -7 -11 -8 -12 -7 -12 -7 -12 -7 -12 -6 -12 -7 -12 -6 -12 -5 -12 -5 -12 -6 -11 -5 -11 -5 -11 -5 -12 -5 -11 -5 -11 -5 -11 -5 -11 -6 -11 -6 -10 0 0 -6 -10 -5 -10 -6 -10 -6 -10 -6 -10 -6 -10 -6 -9 -7 -9 -7 -9 -7 -9 -7 -9 -7 -9 -8 -9 -8 -9 -8 -9 -8 -9 -8 -9 -8 -9 -8 -9 -9 -9 -9 -8 -9 -8 -9 -8 -9 -8 -10 -8 -10 -8 0 0 0 0 0 0 0 0 0 0]"
"1769235458081985,CSI_DATA,STATION,00:00:00:00:00:00,0,0,0,0,0,0,0,0,0,0,0,0,0,0,0,0,0,0,0,0,0,128,[84 -64 4 0 0 0 0 0 0 0 0 0 15 -2 14 -2 15 0 14 0 15 0 15 1 14 1 15 1 14 2 14 2 14 2 13 2 13 3 13 3 13 3 13 3 13 3 13 3 12 4 13 3 12 3 12 3 12 2 12 2 12 2 12 2 0 0 11 1 11 1 11 1 12 1 11 1 12 1 11 0 12 0 12 0 11 0 12 -1 11 -1 12 -1 11 -1 12 -2 12 -2 12 -2 12 -2 12 -2 12 -2 12 -2 12 -2 13 -3 12 -3 13 -3 12 -4 0 0 0 0 0 0 0 0 0 0]"
"1769235458086336,CSI_DATA,STATION,00:00:00:00:00:00,0,0,0,0,0,0,0,0,0,0,0,0,0,0,0,0,0,0,0,0,0,128,[84 -64 4 0 0 0 0 0 0 0 0 0 4 -15 5 -15 5 -14 5 -15 6 -14 7 -14 6 -13 7 -13 7 -13 7 -13 7 -13 7 -12 8 -12 8 -12 8 -12 7 -11 8 -12 7 -11 7 -11 8 -11 7 -11 7 -11 7 -11 7 -11 7 -11 6 -11 0 0 6 -11 5 -10 5 -11 5 -11 5 -11 5 -11 5 -11 5 -12 5 -11 4 -11 4 -12 4 -12 4 -12 4 -12 3 -12 4 -13 3 -12 4 -13 3 -13 3 -13 3 -13 3 -13 2 -13 2 -13 2 -14 2 -14 0 0 0 0 0 0 0 0 0 0]"
"1769235458092790,CSI_DATA,STATION,00:00:00:00:00:00,0,0,0,0,0,0,0,0,0,0,0,0,0,0,0,0,0,0,0,0,0,128,[84 -64 4 0 0 0 0 0 0 0 0 0 6 11 5 12 5 12 4 12 3 12 3 13 3 13 3 13 2 12 2 12 2 12 2 12 2 12 2 12 1 12 2 12 1 11 1 11 1 11 1 12 1 11 1 11 1 11 1 11 2 11 2 11 0 0 2 11 2 10 2 10 2 10 3 10 3 10 3 10 4 10 3 9 3 10 4 10 4 10 5 10 5 10 4 10 5 10 5 9 5 10 6 10 5 9 6 10 6 10 6 10 7 9 7 10 7 9 0 0 0 0 0 0 0 0 0 0]"
"1769235458097143,CSI_DATA,STATION,00:00:00:00:00:00,0,0,0,0,0,0,0,0,0,0,0,0,0,0,0,0,0,0,0,0,0,128,[84 -64 4 0 0 0 0 0 0 0 0 0 12 4 13 5 12 5 12 6 11 6 12 7 11 7 11 7 11 7 10 7 11 7 10 7 10 7 10 8 10 8 9 7 10 8 9 7 9 8 9 7 9 8 9 7 9 7 9 7 9 7 9 6 0 0 9 6 8 6 10 6 9 5 10 6 9 5 9 5 9 5 10 5 9 5 10 4 10 4 10 4 11 4 10 4 11 4 10 3 11 3 11 3 11 3 11 3 11 3 11 2 11 2 12 2 12 2 0 0 0 0 0 0 0 0 0 0]"
"1769235458101456,CSI_DATA,STATION,00:00:00:00:00:00,0,0,0,0,0,0,0,0,0,0,0,0,0,0,0,0,0,0,0,0,0,128,[84 -64 4 0 0 0 0 0 0 0 0 0 8 8 7 9 7 9 7 10 7 10 7 10 6 10 6 10 5 10 5 11 5 10 5 10 5 10 5 10 4 11 4 10 4 10 4 10 4 10 4 10 4 10 4 9 4 10 4 9 4 9 4 9 0 0 4 9 4 9 5 8 4 8 5 8 5 8 5 8 5 8 5 8 6 8 6 7 6 8 6 8 6 8 6 8 7 8 7 7 7 7 7 7 7 7 8 8 8 8 8 7 8 7 8 8 8 7 0 0 0 0 0 0 0 0 0 0]"
"1769235458107899,CSI_DATA,STATION,00:00:00:00:00:00,0,0,0,0,0,0,0,0,0,0,0,0,0,0,0,0,0,0,0,0,0,128,[84 -64 4 0 0 0 0 0 0 0 0 0 12 -6 13 -6 13 -5 12 -5 13 -4 13 -5 13 -4 13 -3 13 -3 13 -3 13 -3 13 -2 13 -2 13 -2 13 -2 13 -2 12 -2 12 -1 12 -1 13 -2 12 -2 12 -2 12 -2 12 -1 12 -2 12 -2 0 0 11 -2 11 -2 11 -2 11 -3 11 -3 11 -3 11 -3 11 -3 11 -4 10 -4 11 -4 11 -4 11 -4 11 -4 11 -5 11 -6 10 -5 11 -6 11 -6 11 -6 11 -6 11 -6 11 -6 11 -6 11 -7 11 -7 0 0 0 0 0 0 0 0 0 0]"
"1769235458112213,CSI_DATA,STATION,00:00:00:00:00:00,0,0,0,0,0,0,0,0,0,0,0,0,0,0,0,0,0,0,0,0,0,128,[84 -64 4 0 0 0 0 0 0 0 0 0 11 8 10 8 10 9 10 8 10 9 9 10 9 10 9 10 9 10 8 11 8 11 8 11 7 10 7 10 7 11 7 11 7 10 7 10 6 10 7 10 6 10 7 10 7 10 6 10 6 10 6 9 0 0 7 9 6 9 7 8 7 9 7 8 7 9 7 8 8 8 8 8 8 8 8 8 8 8 8 8 9 8 9 8 9 7 10 7 9 7 10 7 10 7 10 7 10 7 10 8 10 7 10 7 10 7 0 0 0 0 0 0 0 0 0 0]"
"1769235458116517,CSI_DATA,STATION,00:00:00:00:00:00,0,0,0,0,0,0,0,0,0,0,0,0,0,0,0,0,0,0,0,0,0,128,[84 -64 4 0 0 0 0 0 0 0 0 0 -12 5 -12 5 -12 4 -13 4 -12 4 -13 3 -13 3 -13 3 -13 2 -13 2 -13 2 -13 2 -12 1 -13 2 -13 1 -12 2 -12 1 -12 1 -12 1 -12 1 -12 1 -12 2 -12 2 -11 1 -11 1 -11 2 0 0 -11 2 -11 2 -10 2 -11 2 -11 3 -11 3 -10 3 -10 4 -10 4 -11 4 -10 4 -11 4 -10 4 -10 5 -10 5 -10 5 -10 5 -10 6 -10 6 -10 6 -10 6 -10 7 -10 6 -10 7 -10 7 -10 7 0 0 0 0 0 0 0 0 0 0]"
"1769235458123124,CSI_DATA,STATION,00:00:00:00:00:00,0,0,0,0,0,0,0,0,0,0,0,0,0,0,0,0,0,0,0,0,0,128,[84 -64 4 0 0 0 0 0 0 0 0 0 -1 14 -2 13 -2 14 -3 14 -3 14 -4 14 -4 14 -5 13 -5 13 -5 13 -5 13 -6 12 -6 12 -6 12 -6 12 -5 12 -6 12 -6 12 -6 11 -6 11 -6 11 -6 11 -6 11 -6 11 -5 10 -5 11 0 0 -5 10 -4 11 -4 11 -4 11 -5 11 -4 11 -4 11 -4 11 -4 11 -3 11 -3 12 -3 11 -3 11 -2 11 -3 12 -2 12 -2 12 -2 12 -2 12 -2 12 -2 12 -2 12 -2 12 -1 13 -1 13 -1 13 0 0 0 0 0 0 0 0 0 0]"
"1769235458127362,CSI_DATA,STATION,00:00:00:00:00:00,0,0,0,0,0,0,0,0,0,0,0,0,0,0,0,0,0,0,0,0,0,128,[84 -64 4 0 0 0 0 0 0 0 0 0 11 -9 12 -9 12 -8 12 -7 12 -7 12 -7 13 -7 13 -6 13 -6 13 -6 13 -6 13 -5 13 -5 13 -5 13 -4 13 -5 12 -5 12 -4 12 -4 12 -4 12 -4 12 -4 11 -4 11 -5 11 -4 11 -5 0 0 11 -5 10 -5 11 -5 11 -5 10 -5 10 -5 10 -5 10 -6 10 -6 10 -7 9 -7 10 -7 10 -7 9 -7 10 -8 10 -8 9 -8 10 -8 10 -8 9 -8 10 -8 9 -8 9 -9 9 -9 9 -9 9 -9 0 0 0 0 0 0 0 0 0 0]"
"1769235458133720,CSI_DATA,STATION,00:00:00:00:00:00,0,0,0,0,0,0,0,0,0,0,0,0,0,0,0,0,0,0,0,0,0,128,[84 -64 4 0 0 0 0 0 0 0 0 0 -13 -7 -13 -8 -12 -8 -13 -9 -12 -9 -12 -10 -11 -10 -11 -10 -10 -10 -11 -11 -11 -10 -10 -10 -10 -11 -10 -10 -10 -11 -9 -11 -9 -11 -9 -10 -9 -11 -8 -11 -9 -10 -9 -10 -9 -10 -9 -10 -8 -9 -9 -9 0 0 -9 -9 -9 -9 -9 -9 -8 -8 -9 -9 -9 -8 -9 -8 -10 -8 -10 -8 -10 -8 -11 -7 -11 -7 -10 -7 -11 -7 -10 -7 -11 -7 -11 -7 -11 -7 -11 -7 -11 -7 -12 -6 -12 -7 -12 -7 -12 -6 -12 -6 -12 -6 0 0 0 0 0 0 0 0 0 0]"
"1769235458138042,CSI_DATA,STATION,00:00:00:00:00:00,0,0,0,0,0,0,0,0,0,0,0,0,0,0,0,0,0,0,0,0,0,128,[84 -64 4 0 0 0 0 0 0 0 0 0 6 -13 7 -13 7 -13 8 -12 8 -12 9 -12 8 -12 9 -11 9 -11 10 -10 9 -10 10 -10 10 -10 10 -9 10 -9 9 -9 10 -9 9 -9 9 -9 9 -9 9 -8 9 -9 9 -8 9 -8 9 -8 9 -8 0 0 8 -9 8 -8 8 -8 7 -9 8 -9 7 -9 7 -9 7 -10 7 -9 7 -10 6 -9 7 -10 6 -10 6 -10 6 -11 6 -11 6 -11 6 -11 6 -11 6 -11 6 -11 6 -11 5 -11 6 -11 5 -12 5 -12 0 0 0 0 0 0 0 0 0 0]"
"1769235458142345,CSI_DATA,STATION,00:00:00:00:00:00,0,0,0,0,0,0,0,0,0,0,0,0,0,0,0,0,0,0,0,0,0,128,[84 -64 4 0 0 0 0 0 0 0 0 0 8 -11 9 -11 10 -11 9 -10 10 -10 10 -10 11 -10 11 -9 11 -9 11 -8 11 -8 11 -8 11 -8 11 -8 11 -7 11 -8 11 -7 11 -8 10 -7 11 -7 10 -7 10 -7 10 -7 10 -7 10 -6 9 -7 0 0 9 -7 9 -7 8 -7 9 -7 9 -8 8 -7 8 -8 8 -8 8 -8 8 -9 7 -9 8 -9 8 -8 7 -9 7 -10 7 -10 7 -10 7 -10 7 -10 7 -10 7 -10 6 -10 7 -10 7 -11 6 -11 6 -11 0 0 0 0 0 0 0 0 0 0]"
"1769235458148959,CSI_DATA,STATION,00:00:00:00:00:00,0,0,0,0,0,0,0,0,0,0,0,0,0,0,0,0,0,0,0,0,0,128,[84 -64 4 0 0 0 0 0 0 0 0 0 -15 1 -14 1 -15 0 -15 0 -14 -1 -15 -1 -15 -2 -15 -3 -14 -3 -14 -3 -14 -3 -13 -3 -13 -3 -14 -3 -13 -4 -13 -3 -13 -3 -13 -4 -12 -4 -13 -4 -13 -4 -12 -4 -12 -3 -12 -3 -12 -3 -12 -3 0 0 -12 -2 -12 -2 -12 -2 -12 -2 -12 -2 -12 -2 -12 -1 -12 -1 -12 -1 -12 -1 -12 0 -12 -1 -12 0 -12 0 -12 0 -12 1 -12 0 -12 1 -13 1 -12 1 -13 1 -12 1 -12 1 -12 2 -13 2 -12 2 0 0 0 0 0 0 0 0 0 0]"
"1769235458153449,CSI_DATA,STATION,00:00:00:00:00:00,0,0,0,0,0,0,0,0,0,0,0,0,0,0,0,0,0,0,0,0,0,128,[84 -64 4 0 0 0 0 0 0 0 0 0 10 8 11 8 10 8 10 9 10 9 10 10 9 10 9 10 8 10 8 10 8 10 8 10 7 10 7 10 7 10 7 10 7 11 7 10 6 10 7 10 7 10 6 10 6 9 7 9 7 9 7 9 0 0 7 8 6 9 7 9 7 8 7 8 7 8 7 8 8 7 7 7 8 8 8 7 8 7 8 8 8 7 8 7 9 7 9 7 9 7 10 6 9 6 9 6 9 7 9 6 10 6 10 6 10 6 0 0 0 0 0 0 0 0 0 0]"
"1769235458157908,CSI_DATA,STATION,00:00:00:00:00:00,0,0,0,0,0,0,0,0,0,0,0,0,0,0,0,0,0,0,0,0,0,128,[84 -64 4 0 0 0 0 0 0 0 0 0 15 2 15 2 15 3 15 3 14 3 15 4 15 5 15 5 14 5 14 6 13 5 13 6 13 6 13 6 13 6 12 6 13 6 12 6 12 6 12 6 12 6 11 5 11 5 12 6 12 5 11 5 0 0 11 4 11 4 12 4 11 4 11 4 12 3 12 2 12 3 11 2 11 2 12 2 12 2 12 2 12 2 12 1 13 1 12 1 13 0 13 0 12 0 12 0 12 0 13 0 13 0 13 -1 13 -1 0 0 0 0 0 0 0 0 0 0]"
"1769235458164569,CSI_DATA,STATION,00:00:00:00:00:00,0,0,0,0,0,0,0,0,0,0,0,0,0,0,0,0,0,0,0,0,0,128,[84 -64 4 0 0 0 0 0 0 0 0 0 -10 -12 -10 -13 -10 -13 -9 -13 -9 -14 -8 -14 -8 -14 -8 -14 -7 -14 -7 -15 -7 -14 -6 -14 -6 -15 -6 -14 -6 -14 -6 -14 -6 -14 -6 -14 -6 -13 -6 -14 -6 -13 -6 -13 -6 -13 -6 -13 -6 -12 -6 -12 0 0 -6 -11 -6 -11 -7 -11 -7 -11 -8 -11 -7 -11 -8 -11 -8 -11 -8 -10 -9 -10 -8 -10 -9 -10 -9 -10 -9 -10 -9 -9 -10 -9 -10 -10 -10 -9 -10 -9 -11 -9 -11 -9 -11 -9 -11 -9 -11 -9 -11 -9 -11 -8 0 0 0 0 0 0 0 0 0 0]"
"1769235458168926,CSI_DATA,STATION,00:00:00:00:00:00,0,0,0,0,0,0,0,0,0,0,0,0,0,0,0,0,0,0,0,0,0,128,[84 -64 4 0 0 0 0 0 0 0 0 0 8 13 7 13 6 14 6 14 5 14 5 15 5 14 5 15 4 14 4 14 3 14 3 14 3 14 3 14 2 14 2 13 2 14 2 13 1 13 2 13 2 13 2 13 2 12 2 13 2 12 2 12 0 0 3 12 3 12 3 12 2 11 3 11 3 11 4 11 4 11 4 10 4 11 5 11 5 11 5 11 5 11 5 11 6 11 6 10 6 11 6 10 6 11 7 10 6 10 7 10 7 10 7 10 7 10 0 0 0 0 0 0 0 0 0 0]"
"1769235458173192,CSI_DATA,STATION,00:00:00:00:00:00,0,0,0,0,0,0,0,0,0,0,0,0,0,0,0,0,0,0,0,0,0,128,[84 -64 4 0 0 0 0 0 0 0 0 0 15 1 16 2 15 3 15 3 15 3 15 3 14 4 14 5 14 5 13 5 14 4 14 4 13 5 13 5 13 5 12 5 13 6 12 5 12 6 12 5 12 5 11 5 12 5 12 5 11 4 12 4 0 0 11 3 11 3 11 3 11 2 12 3 11 3 11 2 11 2 11 2 11 1 12 1 12 1 12 0 12 1 12 0 12 -1 12 -1 13 -1 12 -1 12 -1 12 -1 12 -1 12 -2 12 -2 12 -3 12 -2 0 0 0 0 0 0 0 0 0 0]"
"1769235458179613,CSI_DATA,STATION,00:00:00:00:00:00,0,0,0,0,0,0,0,0,0,0,0,0,0,0,0,0,0,0,0,0,0,128,[84 -64 4 0 0 0 0 0 0 0 0 0 -12 11 -12 10 -12 10 -13 9 -13 9 -13 8 -13 8 -14 8 -14 7 -14 7 -14 7 -13 6 -14 7 -13 6 -13 6 -13 5 -13 6 -13 6 -13 5 -13 5 -12 5 -12 5 -12 5 -12 6 -11 5 -11 5 0 0 -11 6 -11 6 -11 6 -11 6 -10 6 -10 6 -10 6 -10 7 -10 7 -10 7 -9 8 -10 8 -9 8 -9 8 -9 8 -9 9 -8 9 -9 9 -9 10 -8 9 -9 10 -8 10 -8 10 -8 10 -8 10 -8 10 0 0 0 0 0 0 0 0 0 0]"
"1769235458183935,CSI_DATA,STATION,00:00:00:00:00:00,0,0,0,0,0,0,0,0,0,0,0,0,0,0,0,0,0,0,0,0,0,128,[84 -64 4 0 0 0 0 0 0 0 0 0 -4 -15 -4 -16 -3 -16 -3 -16 -2 -16 -2 -16 -2 -15 -1 -16 0 -16 -1 -16 0 -15 0 -15 0 -15 0 -15 1 -15 1 -14 1 -14 0 -14 1 -14 1 -14 1 -13 1 -13 0 -13 0 -13 0 -13 0 -13 0 0 0 -12 0 -12 -1 -12 0 -12 -1 -12 -1 -12 -1 -12 -2 -11 -2 -12 -3 -12 -2 -12 -3 -12 -3 -12 -3 -12 -3 -12 -3 -12 -4 -12 -4 -12 -4 -12 -4 -12 -5 -12 -5 -12 -4 -12 -5 -12 -6 -12 -6 -12 0 0 0 0 0 0 0 0 0 0]"
"1769235458188205,CSI_DATA,STATION,00:00:00:00:00:00,0,0,0,0,0,0,0,0,0,0,0,0,0,0,0,0,0,0,0,0,0,128,[84 -64 4 0 0 0 0 0 0 0 0 0 -11 13 -11 13 -12 12 -12 12 -12 11 -13 11 -12 11 -13 10 -14 9 -14 9 -13 10 -13 9 -14 9 -13 8 -14 8 -13 8 -14 8 -13 7 -13 7 -12 7 -13 7 -12 7 -12 7 -11 7 -11 7 -11 8 0 0 -11 8 -10 7 -10 8 -10 8 -10 8 -10 8 -9 8 -9 8 -9 9 -9 8 -9 9 -9 9 -9 9 -9 10 -9 9 -9 10 -8 10 -8 10 -8 11 -8 10 -7 11 -7 11 -7 11 -7 11 -7 11 -7 12 0 0 0 0 0 0 0 0 0 0]"
"1769235458203239,CSI_DATA,STATION,00:00:00:00:00:00,0,0,0,0,0,0,0,0,0,0,0,0,0,0,0,0,0,0,0,0,0,128,[84 -64 4 0 0 0 0 0 0 0 0 0 -11 -11 -10 -11 -9 -11 -10 -12 -9 -12 -10 -12 -8 -12 -8 -12 -7 -12 -8 -12 -8 -12 -7 -12 -7 -12 -7 -12 -6 -13 -6 -12 -7 -12 -6 -11 -6 -11 -5 -12 -6 -11 -6 -11 -6 -11 -6 -11 -6 -10 -6 -10 0 0 -6 -10 -6 -9 -6 -10 -6 -9 -7 -10 -6 -9 -7 -9 -8 -9 -8 -9 -8 -8 -9 -8 -9 -8 -8 -8 -9 -9 -9 -8 -9 -8 -10 -8 -10 -8 -10 -8 -10 -8 -10 -8 -10 -8 -10 -7 -11 -8 -11 -7 -11 -7 0 0 0 0 0 0 0 0 0 0]"
"1769235458207533,CSI_DATA,STATION,00:00:00:00:00:00,0,0,0,0,0,0,0,0,0,0,0,0,0,0,0,0,0,0,0,0,0,128,[84 -64 4 0 0 0 0 0 0 0 0 0 2 -15 2 -14 3 -14 3 -14 3 -14 4 -14 4 -13 4 -14 5 -13 5 -13 5 -13 6 -12 6 -12 5 -12 5 -12 5 -12 6 -11 6 -11 5 -11 5 -11 5 -11 5 -11 5 -11 5 -10 4 -10 4 -11 0 0 4 -11 3 -11 3 -10 3 -11 3 -11 3 -11 2 -11 2 -11 2 -11 2 -11 2 -11 2 -11 2 -12 2 -12 1 -12 1 -12 1 -12 1 -13 1 -12 1 -12 1 -12 0 -12 0 -13 0 -13 0 -13 0 -13 0 0 0 0 0 0 0 0 0 0]"
"1769235458213984,CSI_DATA,STATION,00:00:00:00:00:00,0,0,0,0,0,0,0,0,0,0,0,0,0,0,0,0,0,0,0,0,0,128,[84 -64 4 0 0 0 0 0 0 0 0 0 8 10 8 11 7 11 7 12 6 11 6 12 6 11 5 12 5 12 4 12 5 12 4 11 4 11 4 11 4 12 4 11 3 11 3 10 3 11 3 11 4 10 3 11 3 10 3 10 3 10 3 10 0 0 3 10 4 10 4 9 4 9 5 9 4 9 5 9 5 9 5 9 5 8 6 8 6 9 6 9 6 9 6 8 7 9 7 8 7 9 7 8 7 8 8 9 8 9 7 9 8 8 8 8 9 9 0 0 0 0 0 0 0 0 0 0]"
"1769235458218345,CSI_DATA,STATION,00:00:00:00:00:00,0,0,0,0,0,0,0,0,0,0,0,0,0,0,0,0,0,0,0,0,0,128,[84 -64 4 0 0 0 0 0 0 0 0 0 13 0 13 0 13 1 13 1 13 1 13 1 12 2 12 2 12 2 13 3 12 3 12 3 12 4 12 3 11 4 12 3 11 3 11 4 11 4 11 4 10 3 10 3 10 3 11 3 10 3 10 2 0 0 10 2 10 2 10 2 10 2 10 2 10 1 10 1 10 1 10 1 10 1 10 0 11 1 11 1 11 0 11 0 11 0 11 0 11 -1 11 -1 11 0 12 -1 12 -1 12 -1 12 -1 12 -2 12 -2 0 0 0 0 0 0 0 0 0 0]"
"1769235458224822,CSI_DATA,STATION,00:00:00:00:00:00,0,0,0,0,0,0,0,0,0,0,0,0,0,0,0,0,0,0,0,0,0,128,[84 -64 4 0 0 0 0 0 0 0 0 0 -13 -5 -13 -6 -12 -7 -12 -7 -12 -7 -12 -8 -12 -8 -11 -9 -11 -8 -11 -9 -11 -8 -10 -9 -11 -9 -10 -9 -10 -9 -10 -9 -10 -8 -10 -9 -9 -9 -9 -9 -9 -8 -9 -8 -9 -8 -10 -8 -9 -8 -9 -7 0 0 -9 -7 -10 -7 -9 -7 -9 -6 -10 -7 -9 -7 -10 -6 -10 -6 -10 -6 -11 -6 -11 -5 -11 -5 -11 -5 -11 -5 -11 -5 -11 -5 -11 -5 -12 -5 -12 -5 -12 -5 -12 -4 -12 -5 -13 -5 -13 -4 -13 -4 -13 -4 0 0 0 0 0 0 0 0 0 0]"
"1769235458229066,CSI_DATA,STATION,00:00:00:00:00:00,0,0,0,0,0,0,0,0,0,0,0,0,0,0,0,0,0,0,0,0,0,128,[84 -64 4 0 0 0 0 0 0 0 0 0 -6 12 -7 12 -7 12 -7 12 -8 11 -8 10 -8 11 -8 11 -8 10 -9 10 -9 9 -9 9 -9 9 -9 10 -9 9 -9 9 -9 9 -9 9 -9 9 -8 8 -8 8 -8 9 -9 8 -9 8 -8 8 -7 8 0 0 -8 8 -7 9 -7 9 -7 9 -7 9 -6 9 -6 9 -6 9 -6 9 -7 10 -6 10 -6 10 -6 10 -5 10 -6 10 -6 11 -6 11 -5 11 -5 11 -5 11 -5 11 -5 11 -6 11 -5 12 -5 12 -5 12 0 0 0 0 0 0 0 0 0 0]"
"1769235458235394,CSI_DATA,STATION,00:00:00:00:00:00,0,0,0,0,0,0,0,0,0,0,0,0,0,0,0,0,0,0,0,0,0,128,[84 -64 4 0 0 0 0 0 0 0 0 0 -14 -4 -14 -5 -13 -6 -14 -6 -13 -6 -13 -7 -13 -7 -12 -8 -12 -7 -12 -8 -12 -8 -11 -8 -11 -8 -11 -8 -11 -8 -10 -7 -11 -8 -11 -7 -11 -8 -10 -8 -10 -8 -10 -7 -10 -7 -11 -8 -10 -7 -10 -7 0 0 -10 -6 -10 -6 -10 -6 -11 -5 -11 -6 -11 -6 -10 -6 -11 -6 -11 -5 -11 -5 -12 -4 -12 -4 -11 -4 -12 -4 -12 -4 -12 -3 -12 -4 -12 -4 -12 -4 -13 -4 -13 -3 -13 -4 -13 -4 -13 -3 -14 -3 -13 -3 0 0 0 0 0 0 0 0 0 0]"
"1769235458239714,CSI_DATA,STATION,00:00:00:00:00:00,0,0,0,0,0,0,0,0,0,0,0,0,0,0,0,0,0,0,0,0,0,128,[84 -64 4 0 0 0 0 0 0 0 0 0 2 -14 3 -14 3 -13 4 -14 4 -14 4 -14 5 -13 5 -13 5 -13 6 -13 6 -13 6 -12 6 -12 6 -12 6 -12 6 -12 7 -11 6 -11 6 -11 5 -11 5 -11 5 -11 6 -11 5 -11 5 -11 5 -11 0 0 5 -11 4 -11 4 -11 4 -11 4 -12 3 -12 3 -11 3 -11 3 -12 3 -12 3 -12 3 -12 2 -12 2 -12 2 -12 2 -13 1 -13 2 -13 1 -13 1 -13 1 -13 1 -13 1 -13 1 -13 1 -13 1 -14 0 0 0 0 0 0 0 0 0 0]"
"1769235458244206,CSI_DATA,STATION,00:00:00:00:00:00,0,0,0,0,0,0,0,0,0,0,0,0,0,0,0,0,0,0,0,0,0,128,[84 -64 4 0 0 0 0 0 0 0 0 0 6 -13 7 -13 7 -12 7 -12 8 -12 9 -12 8 -11 8 -11 9 -11 9 -11 9 -11 9 -11 9 -10 9 -10 9 -10 9 -9 9 -10 9 -10 9 -9 9 -9 9 -9 9 -9 9 -9 8 -10 8 -9 8 -10 0 0 7 -10 7 -9 7 -9 7 -9 7 -10 7 -10 7 -10 6 -10 6 -10 6 -11 6 -10 6 -11 6 -11 6 -11 6 -11 6 -12 5 -11 6 -12 6 -12 5 -12 6 -12 5 -12 5 -12 5 -12 5 -13 5 -13 0 0 0 0 0 0 0 0 0 0]"
"1769235458250914,CSI_DATA,STATION,00:00:00:00:00:00,0,0,0,0,0,0,0,0,0,0,0,0,0,0,0,0,0,0,0,0,0,128,[84 -64 4 0 0 0 0 0 0 0 0 0 -6 13 -6 13 -7 13 -7 12 -8 12 -8 12 -8 12 -9 11 -8 11 -9 11 -9 12 -9 10 -10 10 -9 10 -9 10 -10 10 -9 10 -9 10 -9 9 -9 9 -8 9 -9 9 -9 10 -9 9 -8 9 -8 9 0 0 -8 9 -7 9 -7 10 -6 10 -7 10 -6 9 -6 10 -6 10 -6 10 -6 11 -5 11 -5 11 -5 11 -5 11 -5 11 -5 11 -4 11 -5 11 -4 12 -4 12 -4 12 -4 12 -4 12 -4 12 -4 12 -3 12 0 0 0 0 0 0 0 0 0 0]"
"1769235458255414,CSI_DATA,STATION,00:00:00:00:00:00,0,0,0,0,0,0,0,0,0,0,0,0,0,0,0,0,0,0,0,0,0,128,[84 -64 4 0 0 0 0 0 0 0 0 0 -7 13 -8 13 -9 12 -8 12 -9 11 -10 12 -10 11 -10 11 -10 10 -10 11 -10 10 -10 10 -11 10 -11 9 -11 9 -10 9 -11 9 -11 9 -10 8 -10 8 -10 8 -10 8 -10 8 -9 9 -9 8 -9 8 0 0 -9 8 -8 8 -8 9 -8 9 -8 9 -8 9 -7 8 -8 9 -7 10 -7 9 -7 10 -7 10 -7 10 -6 11 -7 10 -7 11 -6 11 -7 11 -6 11 -6 11 -6 11 -6 11 -6 11 -5 12 -6 12 -6 12 0 0 0 0 0 0 0 0 0 0]"
"1769235458259889,CSI_DATA,STATION,00:00:00:00:00:00,0,0,0,0,0,0,0,0,0,0,0,0,0,0,0,0,0,0,0,0,0,128,[84 -64 4 0 0 0 0 0 0 0 0 0 -15 1 -16 0 -15 -1 -15 -1 -15 -1 -16 -2 -15 -2 -16 -2 -15 -3 -15 -3 -15 -3 -14 -3 -15 -4 -14 -4 -14 -4 -14 -3 -13 -4 -13 -4 -14 -4 -13 -4 -13 -4 -13 -3 -13 -3 -13 -4 -12 -3 -13 -2 0 0 -12 -2 -12 -2 -12 -2 -13 -2 -12 -2 -13 -1 -13 -1 -13 -1 -12 0 -13 0 -13 0 -13 0 -13 0 -13 1 -13 1 -13 2 -13 1 -13 2 -13 2 -13 2 -13 3 -13 2 -13 2 -13 3 -13 3 -13 3 0 0 0 0 0 0 0 0 0 0]"
"1769235458264359,CSI_DATA,STATION,00:00:00:00:00:00,0,0,0,0,0,0,0,0,0,0,0,0,0,0,0,0,0,0,0,0,0,128,[84 -64 4 0 0 0 0 0 0 0 0 0 2 14 2 15 1 15 1 15 0 14 0 15 0 15 -1 14 -1 14 -2 14 -2 14 -2 14 -2 13 -2 13 -2 14 -2 13 -3 13 -3 13 -2 13 -2 13 -2 12 -2 12 -2 12 -2 12 -2 12 -1 12 0 0 -1 12 -1 12 -1 12 -1 12 -1 12 0 12 1 12 1 12 0 11 1 12 1 12 1 12 1 12 2 12 2 12 2 12 2 12 3 12 3 12 3 12 3 12 3 12 4 12 4 11 4 12 4 12 0 0 0 0 0 0 0 0 0 0]"
"1769235458271070,CSI_DATA,STATION,00:00:00:00:00:00,0,0,0,0,0,0,0,0,0,0,0,0,0,0,0,0,0,0,0,0,0,128,[84 -64 4 0 0 0 0 0 0 0 0 0 -9 -13 -9 -13 -8 -13 -8 -14 -7 -14 -7 -14 -7 -14 -6 -14 -6 -14 -6 -15 -5 -15 -5 -14 -6 -14 -4 -14 -5 -14 -5 -14 -5 -13 -5 -13 -4 -13 -4 -14 -5 -13 -5 -13 -4 -13 -5 -13 -4 -12 -5 -12 0 0 -5 -11 -5 -11 -5 -12 -5 -12 -6 -11 -6 -11 -6 -11 -7 -11 -7 -11 -7 -11 -8 -11 -7 -11 -8 -11 -8 -10 -8 -10 -9 -10 -9 -10 -9 -10 -9 -10 -9 -10 -9 -10 -10 -10 -10 -10 -10 -10 -10 -9 -10 -10 0 0 0 0 0 0 0 0 0 0]"
"1769235458275510,CSI_DATA,STATION,00:00:00:00:00:00,0,0,0,0,0,0,0,0,0,0,0,0,0,0,0,0,0,0,0,0,0,128,[84 -64 4 0 0 0 0 0 0 0 0 0 9 -12 9 -12 9 -12 9 -11 10 -12 11 -12 11 -11 11 -11 11 -10 12 -10 11 -9 12 -9 12 -9 11 -9 11 -8 11 -8 12 -9 11 -9 11 -7 11 -8 10 -8 10 -8 11 -8 11 -8 10 -7 10 -8 0 0 10 -8 9 -7 9 -8 9 -8 9 -8 9 -9 8 -9 9 -9 8 -9 8 -9 8 -9 8 -9 8 -9 8 -9 8 -10 8 -10 7 -11 8 -10 8 -11 7 -11 7 -11 7 -11 7 -11 7 -11 7 -11 7 -12 0 0 0 0 0 0 0 0 0 0]"
"1769235458279983,CSI_DATA,STATION,00:00:00:00:00:00,0,0,0,0,0,0,0,0,0,0,0,0,0,0,0,0,0,0,0,0,0,128,[84 -64 4 0 0 0 0 0 0 0 0 0 -15 7 -15 6 -15 6 -15 5 -15 5 -15 5 -15 4 -15 4 -15 3 -16 3 -15 3 -15 3 -15 2 -15 2 -15 2 -15 2 -14 2 -14 2 -14 1 -14 2 -13 2 -13 2 -14 2 -13 2 -13 2 -13 2 0 0 -13 3 -13 2 -12 3 -12 3 -12 3 -12 3 -11 4 -12 4 -12 5 -12 5 -11 5 -12 4 -12 5 -11 6 -12 6 -11 6 -11 6 -11 6 -11 7 -12 6 -11 7 -11 7 -11 7 -11 7 -11 8 -11 8 0 0 0 0 0 0 0 0 0 0]"
"1769235458286699,CSI_DATA,STATION,00:00:00:00:00:00,0,0,0,0,0,0,0,0,0,0,0,0,0,0,0,0,0,0,0,0,0,128,[84 -64 4 0 0 0 0 0 0 0 0 0 0 15 -1 15 -1 15 -2 15 -2 15 -3 15 -4 15 -4 15 -5 14 -4 14 -3 14 -4 14 -4 13 -4 13 -5 13 -5 13 -5 13 -5 12 -5 12 -6 12 -6 12 -5 12 -5 12 -5 12 -3 12 -4 12 0 0 -4 11 -3 11 -3 12 -3 11 -3 11 -3 11 -3 11 -3 11 -3 11 -2 11 -1 12 -1 12 -1 12 -1 12 -1 12 -1 12 0 11 -1 12 -1 12 -1 12 -1 12 0 12 0 12 1 12 1 12 1 13 0 0 0 0 0 0 0 0 0 0]"
"1769235458291205,CSI_DATA,STATION,00:00:00:00:00:00,0,0,0,0,0,0,0,0,0,0,0,0,0,0,0,0,0,0,0,0,0,128,[84 -64 4 0 0 0 0 0 0 0 0 0 -7 -12 -7 -13 -6 -13 -6 -13 -6 -13 -6 -14 -5 -13 -5 -13 -4 -13 -5 -14 -4 -13 -4 -13 -4 -13 -4 -14 -3 -14 -3 -13 -3 -13 -3 -12 -3 -12 -3 -13 -3 -12 -3 -12 -3 -11 -4 -12 -3 -11 -4 -11 0 0 -4 -11 -4 -11 -4 -11 -4 -10 -5 -10 -5 -11 -5 -10 -6 -10 -5 -10 -6 -10 -6 -10 -6 -10 -6 -10 -6 -10 -6 -10 -7 -10 -7 -10 -7 -10 -8 -9 -7 -9 -8 -9 -8 -9 -8 -9 -8 -9 -8 -9 -8 -9 0 0 0 0 0 0 0 0 0 0]"
"1769235458295676,CSI_DATA,STATION,00:00:00:00:00:00,0,0,0,0,0,0,0,0,0,0,0,0,0,0,0,0,0,0,0,0,0,128,[84 -64 4 0 0 0 0 0 0 0 0 0 -2 -16 -2 -16 -1 -16 -1 -16 0 -16 0 -16 1 -16 1 -16 2 -16 2 -16 2 -15 2 -15 2 -15 3 -15 3 -15 3 -14 3 -14 3 -13 3 -14 3 -14 3 -13 3 -13 3 -13 3 -13 2 -13 2 -13 0 0 2 -13 2 -12 1 -12 2 -12 2 -13 1 -13 1 -13 1 -13 1 -13 0 -12 0 -12 0 -13 0 -13 -1 -13 -1 -13 -1 -13 -1 -13 -1 -14 -2 -13 -1 -13 -2 -14 -1 -13 -2 -13 -2 -13 -3 -13 -3 -13 0 0 0 0 0 0 0 0 0 0]"
"1769235458302404,CSI_DATA,STATION,00:00:00:00:00:00,0,0,0,0,0,0,0,0,0,0,0,0,0,0,0,0,0,0,0,0,0,128,[84 -64 4 0 0 0 0 0 0 0 0 0 14 -7 14 -7 14 -5 14 -6 15 -5 15 -5 15 -3 15 -3 15 -3 15 -3 14 -3 15 -2 14 -2 14 -2 15 -2 13 -2 14 -1 13 -2 13 -2 13 -1 13 -1 12 -1 12 -2 12 -2 12 -2 12 -3 0 0 12 -3 12 -3 12 -3 11 -3 11 -4 11 -3 12 -3 11 -4 11 -4 11 -5 10 -5 11 -5 11 -5 11 -5 11 -6 11 -6 11 -6 11 -7 10 -6 11 -6 11 -7 10 -6 10 -6 10 -8 10 -8 10 -8 0 0 0 0 0 0 0 0 0 0]"
"1769235458306881,CSI_DATA,STATION,00:00:00:00:00:00,0,0,0,0,0,0,0,0,0,0,0,0,0,0,0,0,0,0,0,0,0,128,[84 -64 4 0 0 0 0 0 0 0 0 0 -16 -4 -16 -5 -16 -6 -15 -6 -15 -6 -15 -7 -14 -7 -14 -7 -14 -8 -14 -8 -14 -8 -13 -8 -13 -8 -13 -8 -13 -9 -12 -8 -13 -9 -12 -8 -12 -9 -12 -9 -11 -8 -12 -8 -11 -8 -12 -8 -11 -7 -12 -7 0 0 -11 -7 -11 -6 -11 -6 -11 -6 -12 -6 -11 -6 -12 -6 -11 -6 -11 -5 -12 -5 -12 -5 -12 -5 -12 -4 -13 -5 -12 -4 -13 -4 -13 -4 -13 -4 -13 -3 -13 -3 -13 -3 -13 -3 -13 -3 -14 -3 -13 -2 -13 -2 0 0 0 0 0 0 0 0 0 0]"
"1769235458311366,CSI_DATA,STATION,00:00:00:00:00:00,0,0,0,0,0,0,0,0,0,0,0,0,0,0,0,0,0,0,0,0,0,128,[84 -64 4 0 0 0 0 0 0 0 0 0 9 -13 10 -12 10 -12 10 -12 11 -11 12 -11 11 -10 12 -11 12 -10 12 -9 11 -10 12 -9 12 -9 12 -8 12 -8 11 -8 12 -8 11 -8 12 -8 12 -7 10 -7 10 -8 11 -8 10 -8 10 -7 10 -8 0 0 9 -8 9 -8 9 -8 9 -8 9 -9 8 -8 8 -9 8 -9 8 -9 8 -10 8 -10 7 -10 8 -9 7 -10 7 -10 7 -11 7 -11 7 -11 6 -11 7 -11 6 -11 6 -11 6 -11 6 -12 5 -12 5 -12 0 0 0 0 0 0 0 0 0 0]"
"1769235458318245,CSI_DATA,STATION,00:00:00:00:00:00,0,0,0,0,0,0,0,0,0,0,0,0,0,0,0,0,0,0,0,0,0,128,[84 -64 4 0 0 0 0 0 0 0 0 0 -13 -5 -13 -6 -13 -6 -13 -6 -12 -7 -12 -8 -13 -8 -12 -8 -11 -8 -11 -9 -12 -9 -11 -8 -11 -9 -10 -9 -10 -9 -10 -8 -10 -9 -10 -8 -10 -9 -9 -9 -9 -9 -9 -8 -9 -8 -9 -8 -9 -8 -9 -7 0 0 -9 -7 -9 -7 -9 -7 -9 -6 -10 -7 -9 -6 -9 -6 -10 -6 -10 -6 -10 -5 -10 -5 -10 -5 -10 -5 -10 -5 -10 -5 -11 -5 -11 -5 -11 -5 -11 -4 -11 -4 -11 -4 -11 -4 -11 -4 -12 -4 -11 -3 -12 -3 0 0 0 0 0 0 0 0 0 0]"
"1769235458322734,CSI_DATA,STATION,00:00:00:00:00:00,0,0,0,0,0,0,0,0,0,0,0,0,0,0,0,0,0,0,0,0,0,128,[84 -64 4 0 0 0 0 0 0 0 0 0 13 -7 14 -7 14 -6 13 -6 15 -5 15 -5 15 -5 15 -4 15 -4 15 -3 14 -3 14 -3 14 -2 14 -2 14 -3 14 -2 14 -2 13 -2 14 -2 13 -2 13 -2 12 -2 12 -2 12 -2 12 -2 12 -3 0 0 12 -3 12 -3 11 -3 12 -3 12 -3 12 -4 11 -4 11 -4 11 -4 10 -5 10 -5 11 -5 11 -5 11 -5 11 -6 11 -6 11 -6 11 -6 11 -7 11 -7 11 -7 10 -7 11 -7 10 -7 10 -8 10 -8 0 0 0 0 0 0 0 0 0 0]"
"1769235458327126,CSI_DATA,STATION,00:00:00:00:00:00,0,0,0,0,0,0,0,0,0,0,0,0,0,0,0,0,0,0,0,0,0,128,[84 -64 4 0 0 0 0 0 0 0 0 0 -13 9 -13 9 -13 9 -14 8 -14 7 -14 7 -14 7 -15 6 -14 6 -15 5 -14 5 -14 5 -15 5 -14 4 -14 4 -14 4 -15 4 -14 4 -13 4 -14 4 -13 4 -13 3 -13 3 -13 4 -13 4 -12 4 0 0 -12 4 -11 4 -12 4 -11 4 -11 5 -11 4 -11 5 -11 6 -11 6 -11 6 -11 6 -11 6 -11 6 -10 7 -10 7 -11 7 -10 7 -10 7 -10 7 -10 7 -10 8 -10 8 -10 8 -10 8 -10 9 -10 9 0 0 0 0 0 0 0 0 0 0]"
"1769235458333661,CSI_DATA,STATION,00:00:00:00:00:00,0,0,0,0,0,0,0,0,0,0,0,0,0,0,0,0,0,0,0,0,0,128,[84 -64 4 0 0 0 0 0 0 0 0 0 -4 13 -5 13 -6 13 -6 12 -6 12 -7 12 -7 12 -7 11 -8 11 -7 11 -7 11 -8 11 -8 10 -8 10 -8 10 -8 10 -8 10 -8 10 -8 9 -7 9 -7 9 -8 9 -7 9 -7 9 -7 9 -6 9 0 0 -6 9 -6 9 -6 9 -6 9 -5 9 -5 9 -5 9 -4 9 -5 9 -5 9 -4 10 -4 10 -4 10 -3 10 -4 10 -3 10 -3 10 -3 10 -2 11 -3 10 -2 11 -2 11 -2 11 -1 11 -2 11 -2 11 0 0 0 0 0 0 0 0 0 0]"
"1769235458338011,CSI_DATA,STATION,00:00:00:00:00:00,0,0,0,0,0,0,0,0,0,0,0,0,0,0,0,0,0,0,0,0,0,128,[84 -64 4 0 0 0 0 0 0 0 0 0 -16 -4 -16 -5 -15 -5 -15 -5 -15 -6 -15 -7 -14 -7 -14 -7 -14 -8 -14 -8 -14 -8 -13 -8 -13 -9 -13 -8 -13 -8 -12 -7 -12 -9 -12 -8 -12 -9 -11 -8 -12 -8 -12 -8 -12 -8 -11 -8 -11 -7 -12 -7 0 0 -11 -6 -11 -6 -11 -6 -11 -5 -11 -6 -12 -5 -11 -5 -12 -5 -11 -5 -12 -4 -12 -4 -12 -4 -12 -3 -12 -3 -12 -3 -13 -3 -12 -3 -13 -3 -12 -2 -13 -2 -13 -2 -13 -2 -13 -2 -13 -2 -13 -1 -14 -1 0 0 0 0 0 0 0 0 0 0]"
"1769235458344551,CSI_DATA,STATION,00:00:00:00:00:00,0,0,0,0,0,0,0,0,0,0,0,0,0,0,0,0,0,0,0,0,0,128,[84 -64 4 0 0 0 0 0 0 0 0 0 -13 -6 -13 -7 -13 -7 -13 -7 -12 -7 -13 -8 -12 -9 -12 -9 -11 -8 -11 -9 -12 -9 -11 -9 -11 -9 -10 -9 -10 -9 -10 -8 -10 -9 -9 -8 -10 -9 -9 -9 -9 -9 -9 -8 -9 -8 -9 -8 -9 -8 -9 -7 0 0 -9 -6 -9 -7 -10 -6 -9 -6 -10 -6 -9 -6 -10 -5 -10 -5 -10 -5 -10 -5 -11 -4 -10 -4 -10 -4 -11 -4 -11 -4 -11 -4 -11 -4 -11 -4 -12 -3 -12 -3 -12 -3 -11 -3 -11 -2 -12 -2 -12 -2 -12 -2 0 0 0 0 0 0 0 0 0 0]"
"1769235458348869,CSI_DATA,STATION,00:00:00:00:00:00,0,0,0,0,0,0,0,0,0,0,0,0,0,0,0,0,0,0,0,0,0,128,[84 -64 4 0 0 0 0 0 0 0 0 0 -14 8 -14 7 -14 7 -15 6 -15 6 -15 6 -15 6 -15 5 -15 4 -16 3 -15 3 -15 3 -15 3 -14 3 -14 2 -15 3 -14 3 -14 2 -14 2 -14 1 -13 2 -13 2 -14 2 -14 2 -13 2 -13 3 0 0 -13 2 -12 3 -12 3 -12 3 -12 3 -12 3 -12 3 -12 4 -11 4 -11 5 -11 5 -11 5 -11 5 -11 5 -12 6 -11 6 -11 6 -11 6 -11 6 -12 6 -11 7 -11 7 -11 7 -11 7 -11 8 -11 7 0 0 0 0 0 0 0 0 0 0]"
"1769235458353206,CSI_DATA,STATION,00:00:00:00:00:00,0,0,0,0,0,0,0,0,0,0,0,0,0,0,0,0,0,0,0,0,0,128,[84 -64 4 0 0 0 0 0 0 0 0 0 -2 13 -2 14 -3 13 -3 13 -4 13 -4 13 -5 13 -5 13 -5 12 -6 12 -6 12 -6 12 -6 11 -6 11 -6 11 -6 11 -7 11 -6 10 -6 10 -7 10 -6 10 -6 10 -6 10 -6 10 -5 9 -5 10 0 0 -5 9 -4 9 -4 9 -4 10 -4 10 -4 9 -4 9 -4 9 -4 10 -3 9 -3 10 -3 10 -3 10 -3 10 -3 10 -2 10 -2 10 -2 11 -2 11 -2 10 -2 11 -1 10 -1 11 -1 11 -1 11 -1 11 0 0 0 0 0 0 0 0 0 0]"
"1769235458359678,CSI_DATA,STATION,00:00:00:00:00:00,0,0,0,0,0,0,0,0,0,0,0,0,0,0,0,0,0,0,0,0,0,128,[84 -64 4 0 0 0 0 0 0 0 0 0 -13 5 -13 5 -13 4 -14 4 -13 4 -15 4 -14 3 -14 2 -14 2 -14 2 -14 2 -13 2 -13 1 -13 1 -14 1 -13 1 -13 1 -12 1 -13 1 -13 0 -12 0 -12 1 -12 1 -11 1 -12 1 -12 1 0 0 -11 1 -11 1 -11 2 -11 2 -11 2 -11 2 -11 3 -11 3 -10 3 -10 3 -11 4 -11 4 -10 4 -10 4 -10 4 -11 5 -10 4 -11 5 -10 5 -10 5 -10 6 -10 6 -10 6 -10 6 -10 6 -10 6 0 0 0 0 0 0 0 0 0 0]"
"1769235458364002,CSI_DATA,STATION,00:00:00:00:00:00,0,0,0,0,0,0,0,0,0,0,0,0,0,0,0,0,0,0,0,0,0,128,[84 -64 4 0 0 0 0 0 0 0 0 0 13 0 14 0 13 2 13 1 13 2 13 2 14 3 13 3 14 3 13 4 12 4 12 3 12 4 12 4 12 4 11 4 11 4 11 4 11 4 11 4 10 4 10 4 10 4 10 4 10 3 10 3 0 0 10 3 10 3 10 2 10 2 10 2 10 2 10 1 10 1 10 1 10 0 10 0 10 1 11 0 11 1 10 0 11 0 10 0 11 -1 11 -1 11 -1 11 -1 10 -1 11 -1 11 -2 11 -2 11 -2 0 0 0 0 0 0 0 0 0 0]"
"1769235458374664,CSI_DATA,STATION,00:00:00:00:00:00,0,0,0,0,0,0,0,0,0,0,0,0,0,0,0,0,0,0,0,0,0,128,[84 -64 4 0 0 0 0 0 0 0 0 0 12 5 12 6 12 7 11 7 11 7 11 7 10 8 10 8 9 8 10 9 10 9 9 8 9 9 9 8 8 8 8 9 8 9 8 9 8 8 8 8 7 8 8 8 8 8 8 8 7 7 8 7 0 0 8 7 8 6 8 6 8 6 8 6 8 6 8 5 8 6 8 6 9 5 9 5 9 5 9 5 9 5 10 5 10 5 10 4 9 4 10 4 9 4 10 4 10 4 10 4 10 3 11 3 11 3 0 0 0 0 0 0 0 0 0 0]"
"1769235458381173,CSI_DATA,STATION,00:00:00:00:00:00,0,0,0,0,0,0,0,0,0,0,0,0,0,0,0,0,0,0,0,0,0,128,[84 -64 4 0 0 0 0 0 0 0 0 0 -12 -8 -12 -9 -12 -9 -11 -9 -11 -10 -10 -10 -10 -10 -10 -10 -9 -10 -9 -11 -10 -10 -9 -10 -8 -11 -8 -11 -8 -11 -8 -10 -8 -10 -9 -10 -7 -10 -8 -10 -8 -10 -8 -9 -8 -9 -8 -10 -8 -9 -8 -9 0 0 -8 -8 -8 -8 -8 -8 -8 -7 -9 -8 -8 -7 -8 -7 -9 -7 -9 -7 -9 -6 -9 -7 -9 -7 -9 -6 -9 -6 -10 -6 -10 -6 -11 -6 -10 -6 -11 -5 -11 -5 -11 -5 -11 -5 -11 -5 -12 -5 -11 -5 -11 -4 0 0 0 0 0 0 0 0 0 0]"
"1769235458387650,CSI_DATA,STATION,00:00:00:00:00:00,0,0,0,0,0,0,0,0,0,0,0,0,0,0,0,0,0,0,0,0,0,128,[84 -64 4 0 0 0 0 0 0 0 0 0 -5 15 -6 14 -6 14 -7 14 -7 14 -8 13 -8 13 -8 13 -8 12 -9 12 -9 12 -9 11 -10 11 -9 11 -9 10 -9 11 -10 10 -10 10 -9 10 -9 10 -8 9 -9 10 -9 10 -9 10 -8 9 -8 10 0 0 -8 9 -7 9 -7 9 -7 9 -7 9 -7 9 -6 10 -7 10 -6 10 -6 10 -6 10 -6 10 -6 10 -5 10 -6 11 -5 11 -5 11 -5 11 -5 12 -5 11 -5 12 -5 11 -5 12 -4 12 -4 12 -4 12 0 0 0 0 0 0 0 0 0 0]"
"1769235458391955,CSI_DATA,STATION,00:00:00:00:00:00,0,0,0,0,0,0,0,0,0,0,0,0,0,0,0,0,0,0,0,0,0,128,[84 -64 4 0 0 0 0 0 0 0 0 0 2 -14 3 -13 3 -14 3 -14 4 -13 5 -14 5 -13 5 -13 5 -13 5 -12 6 -12 6 -12 6 -12 5 -11 6 -11 6 -11 6 -11 6 -11 6 -11 6 -10 6 -10 5 -10 5 -11 5 -10 5 -10 5 -10 0 0 4 -11 4 -10 4 -10 4 -10 4 -10 3 -10 3 -10 3 -10 3 -11 3 -11 3 -11 3 -11 2 -11 2 -11 2 -11 2 -11 2 -11 2 -12 1 -12 1 -12 1 -12 1 -11 1 -12 0 -12 1 -12 0 -12 0 0 0 0 0 0 0 0 0 0]"
"1769235458396291,CSI_DATA,STATION,00:00:00:00:00:00,0,0,0,0,0,0,0,0,0,0,0,0,0,0,0,0,0,0,0,0,0,128,[84 -64 4 0 0 0 0 0 0 0 0 0 -11 8 -11 8 -11 8 -12 7 -12 7 -12 7 -12 6 -13 6 -12 5 -13 5 -12 5 -12 4 -12 4 -12 4 -12 4 -12 5 -12 4 -11 3 -12 3 -12 3 -11 3 -11 3 -11 4 -11 3 -11 3 -11 4 0 0 -10 4 -10 4 -10 4 -10 4 -10 5 -10 5 -9 5 -9 5 -9 6 -10 6 -9 6 -9 5 -9 5 -9 6 -9 6 -9 6 -9 6 -9 7 -9 7 -9 7 -9 7 -9 8 -9 7 -8 8 -8 8 -9 8 0 0 0 0 0 0 0 0 0 0]"
"1769235458402787,CSI_DATA,STATION,00:00:00:00:00:00,0,0,0,0,0,0,0,0,0,0,0,0,0,0,0,0,0,0,0,0,0,128,[84 -64 4 0 0 0 0 0 0 0 0 0 12 6 12 6 11 7 11 7 11 8 10 8 10 8 10 8 9 8 9 9 9 8 9 8 9 9 8 8 8 9 8 8 8 8 8 8 7 8 7 8 8 8 7 8 7 8 8 8 8 7 8 7 0 0 8 7 7 6 8 6 8 6 8 6 8 6 8 5 8 6 9 5 8 5 8 5 9 5 9 5 10 4 9 4 10 4 10 4 10 4 10 4 10 4 10 4 10 4 10 3 11 3 11 3 11 3 0 0 0 0 0 0 0 0 0 0]"
"1769235458407128,CSI_DATA,STATION,00:00:00:00:00:00,0,0,0,0,0,0,0,0,0,0,0,0,0,0,0,0,0,0,0,0,0,128,[84 -64 4 0 0 0 0 0 0 0 0 0 13 2 13 2 13 3 12 3 12 4 12 4 13 4 12 4 12 4 12 5 12 5 11 5 11 5 11 6 10 6 10 5 11 6 10 5 10 6 10 6 10 5 10 5 9 5 10 5 9 4 9 4 0 0 9 4 9 4 9 3 9 3 10 3 9 3 10 3 10 3 9 2 10 2 10 2 10 2 10 2 10 2 10 1 10 1 11 1 11 1 11 0 10 0 11 0 11 1 11 0 11 0 11 0 11 0 0 0 0 0 0 0 0 0 0 0]"
"1769235458413584,CSI_DATA,STATION,00:00:00:00:00:00,0,0,0,0,0,0,0,0,0,0,0,0,0,0,0,0,0,0,0,0,0,128,[84 -64 4 0 0 0 0 0 0 0 0 0 -9 10 -9 10 -10 9 -10 9 -10 9 -11 9 -11 8 -11 8 -11 7 -11 7 -11 7 -11 7 -11 7 -11 7 -11 6 -11 6 -11 6 -10 6 -10 6 -10 5 -10 5 -10 6 -10 6 -10 6 -9 6 -9 6 0 0 -9 6 -9 5 -9 6 -9 6 -9 6 -8 6 -8 6 -8 6 -8 7 -8 7 -8 8 -8 7 -8 8 -7 8 -8 8 -8 8 -7 8 -7 8 -7 9 -7 9 -7 10 -7 9 -7 9 -6 9 -6 10 -6 10 0 0 0 0 0 0 0 0 0 0]"
"1769235458417896,CSI_DATA,STATION,00:00:00:00:00:00,0,0,0,0,0,0,0,0,0,0,0,0,0,0,0,0,0,0,0,0,0,128,[84 -64 4 0 0 0 0 0 0 0 0 0 3 12 3 12 2 13 2 13 1 13 1 13 1 13 0 13 0 13 0 13 -1 12 -1 13 -1 12 -1 12 -1 12 -1 12 -1 11 -1 11 -2 11 -1 11 -1 11 -1 11 -2 11 -1 11 -1 11 -1 10 0 0 -1 10 0 10 0 10 0 10 0 10 1 10 1 10 1 10 1 10 1 10 1 10 1 11 2 10 2 10 2 10 2 10 3 10 3 10 3 10 3 10 3 11 3 10 3 11 4 10 3 11 4 11 0 0 0 0 0 0 0 0 0 0]"
"1769235458422603,CSI_DATA,STATION,00:00:00:00:00:00,0,0,0,0,0,0,0,0,0,0,0,0,0,0,0,0,0,0,0,0,0,128,[84 -64 4 0 0 0 0 0 0 0 0 0 6 12 5 12 4 12 5 12 4 12 4 13 3 12 3 13 2 13 2 13 2 12 2 12 1 12 2 12 1 13 1 12 1 12 1 11 0 11 1 11 1 11 1 11 1 11 1 10 1 10 1 11 0 0 1 10 2 10 2 10 1 10 2 10 2 10 2 10 2 10 2 10 3 9 3 9 3 10 4 10 4 10 4 10 4 10 4 9 5 10 4 10 4 10 5 10 5 10 5 10 5 9 5 10 6 10 0 0 0 0 0 0 0 0 0 0]"
"1769235458428977,CSI_DATA,STATION,00:00:00:00:00:00,0,0,0,0,0,0,0,0,0,0,0,0,0,0,0,0,0,0,0,0,0,128,[84 -64 4 0 0 0 0 0 0 0 0 0 -13 3 -14 3 -14 2 -14 2 -14 1 -14 1 -14 0 -14 0 -14 -1 -14 -1 -14 -1 -13 -1 -13 -2 -13 -2 -13 -2 -13 -1 -13 -2 -12 -2 -12 -2 -12 -2 -12 -2 -12 -3 -12 -2 -11 -2 -11 -2 -11 -1 0 0 -11 -1 -12 -1 -11 -1 -11 -1 -11 0 -11 -1 -11 0 -11 0 -11 0 -11 1 -11 1 -11 1 -11 1 -11 1 -11 1 -12 1 -11 1 -12 2 -12 2 -12 2 -12 2 -12 2 -12 2 -12 3 -12 3 -12 3 0 0 0 0 0 0 0 0 0 0]"
"1769235458433241,CSI_DATA,STATION,00:00:00:00:00:00,0,0,0,0,0,0,0,0,0,0,0,0,0,0,0,0,0,0,0,0,0,128,[84 -64 4 0 0 0 0 0 0 0 0 0 8 10 7 11 7 10 7 11 6 11 6 11 6 12 5 11 5 11 4 12 5 12 4 11 4 11 4 11 3 11 4 11 4 11 4 10 3 10 3 11 3 11 3 11 3 10 4 10 3 10 4 10 0 0 4 9 3 9 4 9 4 9 4 9 5 9 5 9 5 9 5 8 5 9 6 8 5 9 5 8 6 8 6 8 6 8 7 8 7 8 7 8 7 8 7 8 7 8 7 8 8 8 8 8 8 8 0 0 0 0 0 0 0 0 0 0]"
"1769235458437509,CSI_DATA,STATION,00:00:00:00:00:00,0,0,0,0,0,0,0,0,0,0,0,0,0,0,0,0,0,0,0,0,0,128,[84 -64 4 0 0 0 0 0 0 0 0 0 12 -6 12 -6 12 -6 12 -5 12 -5 12 -4 12 -4 12 -4 13 -4 13 -2 12 -3 12 -3 12 -2 12 -2 12 -2 12 -2 11 -2 11 -2 11 -1 12 -1 11 -1 11 -2 11 -2 10 -2 10 -2 10 -2 0 0 10 -2 10 -2 10 -3 10 -3 10 -3 10 -3 10 -3 10 -3 10 -4 9 -4 10 -4 10 -4 10 -4 9 -4 10 -5 10 -5 10 -5 10 -6 10 -5 10 -6 10 -5 9 -5 10 -6 10 -6 10 -6 10 -7 0 0 0 0 0 0 0 0 0 0]"
"1769235458444209,CSI_DATA,STATION,00:00:00:00:00:00,0,0,0,0,0,0,0,0,0,0,0,0,0,0,0,0,0,0,0,0,0,128,[84 -64 4 0 0 0 0 0 0 0 0 0 -8 -10 -7 -10 -7 -11 -7 -11 -7 -10 -6 -11 -6 -11 -6 -11 -5 -11 -5 -12 -5 -11 -5 -11 -4 -11 -5 -11 -4 -12 -4 -11 -4 -11 -4 -10 -4 -11 -4 -11 -3 -10 -4 -10 -3 -10 -4 -10 -4 -10 -4 -10 0 0 -4 -10 -4 -9 -4 -9 -4 -9 -5 -9 -5 -9 -5 -9 -5 -9 -6 -9 -5 -8 -6 -8 -6 -8 -6 -9 -6 -9 -6 -8 -7 -8 -7 -8 -7 -8 -7 -9 -7 -9 -7 -8 -8 -8 -8 -8 -8 -8 -8 -8 -8 -8 0 0 0 0 0 0 0 0 0 0]"
"1769235458448682,CSI_DATA,STATION,00:00:00:00:00:00,0,0,0,0,0,0,0,0,0,0,0,0,0,0,0,0,0,0,0,0,0,128,[84 -64 4 0 0 0 0 0 0 0 0 0 -20 -2 -19 -3 -19 -3 -20 -5 -18 -4 -19 -5 -18 -6 -18 -6 -18 -6 -17 -7 -17 -7 -17 -7 -17 -8 -16 -8 -16 -8 -15 -7 -15 -8 -15 -7 -15 -8 -15 -7 -15 -7 -14 -7 -14 -6 -14 -7 -14 -7 -14 -6 0 0 -14 -5 -14 -6 -14 -5 -14 -4 -15 -5 -14 -4 -15 -4 -14 -3 -14 -3 -14 -2 -15 -2 -14 -3 -15 -3 -15 -2 -15 -2 -16 -1 -15 -1 -16 -1 -16 -1 -16 0 -16 0 -16 -1 -16 -1 -16 1 -17 1 -16 1 0 0 0 0 0 0 0 0 0 0]"
"1769235458453183,CSI_DATA,STATION,00:00:00:00:00:00,0,0,0,0,0,0,0,0,0,0,0,0,0,0,0,0,0,0,0,0,0,128,[84 -64 4 0 0 0 0 0 0 0 0 0 -7 -12 -7 -12 -6 -12 -6 -13 -5 -13 -5 -13 -5 -13 -4 -13 -4 -13 -4 -14 -3 -13 -3 -13 -3 -13 -3 -13 -2 -13 -3 -13 -2 -13 -2 -12 -2 -12 -2 -12 -2 -12 -2 -12 -2 -12 -2 -12 -2 -11 -3 -11 0 0 -3 -11 -3 -11 -3 -11 -3 -11 -4 -11 -3 -11 -4 -10 -4 -10 -4 -10 -5 -10 -5 -10 -5 -10 -5 -10 -5 -10 -5 -11 -5 -10 -6 -11 -6 -10 -6 -11 -6 -11 -6 -11 -7 -10 -6 -11 -7 -11 -7 -11 -7 -11 0 0 0 0 0 0 0 0 0 0]"
"1769235458459887,CSI_DATA,STATION,00:00:00:00:00:00,0,0,0,0,0,0,0,0,0,0,0,0,0,0,0,0,0,0,0,0,0,128,[84 -64 4 0 0 0 0 0 0 0 0 0 -9 12 -10 12 -10 11 -10 11 -11 10 -11 10 -11 10 -12 10 -12 9 -12 9 -12 9 -12 8 -12 8 -12 8 -12 7 -12 8 -12 7 -11 7 -11 6 -12 6 -11 6 -11 6 -11 7 -11 7 -10 7 -10 7 0 0 -11 7 -10 7 -10 7 -10 7 -10 8 -10 7 -9 7 -9 8 -9 8 -8 8 -9 9 -9 9 -9 9 -8 9 -8 9 -8 9 -8 10 -8 10 -8 10 -9 10 -8 11 -8 11 -8 10 -7 11 -8 11 -7 11 0 0 0 0 0 0 0 0 0 0]"
"1769235458464381,CSI_DATA,STATION,00:00:00:00:00:00,0,0,0,0,0,0,0,0,0,0,0,0,0,0,0,0,0,0,0,0,0,128,[84 -64 4 0 0 0 0 0 0 0 0 0 13 -4 13 -3 12 -2 13 -2 13 -1 13 -1 13 0 12 0 13 0 13 0 12 1 12 1 12 1 12 1 12 1 11 1 11 1 11 1 11 1 11 1 11 1 11 1 11 1 11 1 10 1 11 0 0 0 10 0 10 0 10 0 10 -1 10 -1 10 -1 10 -1 10 -2 10 -2 10 -2 10 -2 10 -2 10 -2 10 -2 11 -3 10 -3 10 -3 11 -4 10 -3 10 -4 11 -4 10 -4 11 -4 11 -4 11 -5 11 -5 0 0 0 0 0 0 0 0 0 0]"
"1769235458468842,CSI_DATA,STATION,00:00:00:00:00:00,0,0,0,0,0,0,0,0,0,0,0,0,0,0,0,0,0,0,0,0,0,128,[84 -64 4 0 0 0 0 0 0 0 0 0 10 -8 11 -8 11 -7 11 -7 11 -6 12 -6 11 -6 12 -6 12 -5 12 -5 12 -5 12 -4 12 -4 11 -4 12 -4 11 -4 11 -4 10 -3 11 -3 11 -3 11 -3 11 -3 10 -4 10 -3 10 -3 10 -4 0 0 10 -4 9 -4 10 -4 10 -4 10 -5 9 -4 9 -5 9 -5 9 -5 9 -5 9 -6 9 -6 9 -6 9 -6 9 -7 9 -7 8 -7 9 -7 9 -8 9 -7 9 -7 8 -7 9 -7 9 -8 9 -8 9 -9 0 0 0 0 0 0 0 0 0 0]"
"1769235458475544,CSI_DATA,STATION,00:00:00:00:00:00,0,0,0,0,0,0,0,0,0,0,0,0,0,0,0,0,0,0,0,0,0,128,[84 -64 4 0 0 0 0 0 0 0 0 0 10 7 10 8 9 9 10 9 9 9 9 9 8 9 8 9 8 9 7 10 7 10 7 10 7 10 7 10 7 10 6 9 7 10 6 9 6 10 6 10 6 9 6 9 6 8 6 9 6 8 6 8 0 0 6 8 6 8 7 8 6 7 7 8 7 8 7 7 7 7 7 6 7 7 7 6 8 7 8 7 9 6 8 6 9 6 9 5 9 6 9 6 9 5 10 5 9 6 10 5 10 5 10 5 10 5 0 0 0 0 0 0 0 0 0 0]"
"1769235458479978,CSI_DATA,STATION,00:00:00:00:00:00,0,0,0,0,0,0,0,0,0,0,0,0,0,0,0,0,0,0,0,0,0,128,[84 -64 4 0 0 0 0 0 0 0 0 0 11 6 12 6 11 6 11 7 11 7 10 8 10 7 10 8 9 8 9 8 9 8 9 8 9 8 9 8 8 8 8 8 8 9 8 8 8 8 8 8 7 8 8 8 8 8 8 8 7 7 7 7 0 0 8 7 7 6 8 6 8 6 8 7 8 6 8 6 9 6 8 5 9 5 9 5 9 5 9 5 9 5 9 5 10 5 10 4 10 4 10 4 10 4 10 4 10 4 10 4 11 4 11 3 11 3 0 0 0 0 0 0 0 0 0 0]"
"1769235458484452,CSI_DATA,STATION,00:00:00:00:00:00,0,0,0,0,0,0,0,0,0,0,0,0,0,0,0,0,0,0,0,0,0,128,[84 -64 4 0 0 0 0 0 0 0 0 0 -15 1 -16 1 -16 0 -16 0 -16 -1 -16 -1 -16 -1 -16 -2 -15 -2 -15 -3 -15 -2 -15 -3 -15 -4 -14 -3 -14 -4 -14 -3 -13 -4 -14 -4 -14 -4 -13 -4 -13 -4 -13 -4 -13 -3 -13 -4 -13 -3 -13 -3 0 0 -12 -2 -12 -2 -12 -2 -12 -1 -13 -2 -12 -1 -13 -1 -12 -1 -12 -1 -13 0 -13 0 -13 0 -13 0 -13 0 -13 1 -13 1 -13 1 -13 1 -13 2 -13 2 -13 2 -14 2 -14 1 -14 2 -14 2 -13 2 0 0 0 0 0 0 0 0 0 0]"
"1769235458488927,CSI_DATA,STATION,00:00:00:00:00:00,0,0,0,0,0,0,0,0,0,0,0,0,0,0,0,0,0,0,0,0,0,128,[84 -64 4 0 0 0 0 0 0 0 0 0 1 14 0 15 -1 15 -1 15 -1 14 -2 16 -2 15 -3 15 -3 14 -3 14 -4 14 -3 13 -4 14 -4 14 -4 13 -4 13 -5 13 -5 12 -4 13 -4 12 -5 12 -5 12 -4 12 -4 12 -3 11 -4 12 0 0 -4 12 -3 11 -2 12 -2 12 -3 12 -3 11 -2 11 -2 11 -2 11 -2 11 -1 11 -1 12 -1 12 0 12 -1 12 0 12 0 12 0 13 0 12 0 12 0 13 1 12 1 13 1 12 1 13 1 13 0 0 0 0 0 0 0 0 0 0]"
"1769235458495640,CSI_DATA,STATION,00:00:00:00:00:00,0,0,0,0,0,0,0,0,0,0,0,0,0,0,0,0,0,0,0,0,0,128,[84 -64 4 0 0 0 0 0 0 0 0 0 -1 12 -1 12 -2 12 -1 11 -2 11 -3 12 -3 11 -3 11 -3 11 -4 11 -4 11 -4 10 -4 10 -4 10 -4 10 -4 10 -4 10 -5 10 -4 10 -4 10 -4 9 -4 9 -4 9 -4 9 -3 9 -4 9 0 0 -3 9 -3 9 -2 9 -3 9 -2 9 -2 9 -2 9 -2 9 -2 9 -2 9 -1 9 -1 9 -1 9 -1 10 -1 10 0 10 -1 10 0 10 0 10 0 10 0 10 1 10 0 10 1 10 1 10 1 10 0 0 0 0 0 0 0 0 0 0]"
"1769235458500138,CSI_DATA,STATION,00:00:00:00:00:00,0,0,0,0,0,0,0,0,0,0,0,0,0,0,0,0,0,0,0,0,0,128,[84 -64 4 0 0 0 0 0 0 0 0 0 7 -14 8 -13 8 -13 9 -12 9 -13 10 -12 10 -11 10 -12 11 -11 10 -11 10 -11 10 -10 10 -11 10 -10 10 -9 11 -10 11 -9 10 -9 10 -9 10 -9 10 -9 10 -9 10 -9 9 -9 9 -9 9 -9 0 0 9 -9 8 -9 8 -9 8 -9 8 -9 8 -9 7 -9 7 -10 7 -10 7 -10 7 -10 7 -11 6 -11 6 -11 6 -11 6 -12 6 -12 6 -12 6 -12 6 -12 6 -12 6 -12 6 -13 5 -12 5 -13 5 -13 0 0 0 0 0 0 0 0 0 0]"
"1769235458506783,CSI_DATA,STATION,00:00:00:00:00:00,0,0,0,0,0,0,0,0,0,0,0,0,0,0,0,0,0,0,0,0,0,128,[84 -64 4 0 0 0 0 0 0 0 0 0 -16 -18 -16 -20 -14 -19 -14 -21 -13 -20 -13 -20 -12 -21 -12 -21 -10 -21 -11 -21 -10 -21 -9 -21 -9 -22 -9 -21 -8 -21 -9 -20 -8 -21 -8 -20 -7 -20 -7 -20 -7 -20 -7 -19 -7 -18 -7 -19 -7 -19 -7 -18 0 0 -7 -18 -8 -17 -8 -18 -8 -16 -9 -17 -10 -17 -10 -17 -10 -16 -10 -16 -10 -15 -11 -16 -11 -16 -10 -16 -12 -15 -12 -15 -12 -15 -12 -16 -13 -15 -13 -15 -13 -14 -14 -15 -14 -14 -13 -15 -14 -15 -15 -14 -15 -14 0 0 0 0 0 0 0 0 0 0]"
"1769235458511255,CSI_DATA,STATION,00:00:00:00:00:00,0,0,0,0,0,0,0,0,0,0,0,0,0,0,0,0,0,0,0,0,0,128,[84 -64 4 0 0 0 0 0 0 0 0 0 5 14 5 14 4 14 4 14 3 15 3 14 2 15 2 14 2 15 1 15 1 14 1 14 0 13 1 14 0 14 1 14 0 13 0 12 0 13 0 13 0 13 0 12 0 13 0 12 1 12 1 12 0 0 1 12 1 12 2 11 2 12 2 12 2 12 2 11 3 11 3 11 3 11 3 11 3 11 4 11 4 11 4 11 4 11 5 11 5 11 5 11 5 11 5 11 6 11 6 11 6 11 6 12 6 12 0 0 0 0 0 0 0 0 0 0]"
"1769235458515723,CSI_DATA,STATION,00:00:00:00:00:00,0,0,0,0,0,0,0,0,0,0,0,0,0,0,0,0,0,0,0,0,0,128,[84 -64 4 0 0 0 0 0 0 0 0 0 8 -11 9 -11 8 -10 9 -10 10 -10 10 -9 10 -9 11 -9 10 -8 11 -8 10 -8 10 -7 10 -7 10 -7 11 -7 10 -7 10 -7 10 -7 10 -6 10 -6 10 -6 9 -6 10 -7 9 -7 9 -7 9 -7 0 0 9 -7 8 -7 8 -7 8 -7 8 -8 8 -7 8 -7 8 -8 7 -8 8 -8 7 -8 7 -8 7 -8 7 -8 7 -9 7 -9 6 -9 7 -10 7 -10 7 -10 7 -10 6 -10 6 -10 6 -10 6 -11 6 -11 0 0 0 0 0 0 0 0 0 0]"
"1769235458520147,CSI_DATA,STATION,00:00:00:00:00:00,0,0,0,0,0,0,0,0,0,0,0,0,0,0,0,0,0,0,0,0,0,128,[84 -64 4 0 0 0 0 0 0 0 0 0 -5 -12 -4 -12 -4 -12 -4 -13 -3 -12 -3 -12 -2 -13 -2 -12 -2 -12 -2 -13 -2 -12 -1 -12 -1 -12 -1 -12 -1 -12 -1 -12 -1 -12 -1 -11 -1 -12 -1 -12 -1 -11 -1 -11 -1 -11 -1 -11 -1 -11 -1 -11 0 0 -2 -10 -2 -10 -2 -10 -2 -10 -2 -10 -2 -10 -3 -10 -3 -10 -3 -10 -3 -10 -4 -10 -4 -10 -4 -10 -4 -10 -4 -10 -4 -10 -5 -10 -5 -10 -5 -10 -5 -10 -5 -10 -5 -10 -5 -10 -6 -10 -6 -10 -6 -10 0 0 0 0 0 0 0 0 0 0]"
"1769235458526768,CSI_DATA,STATION,00:00:00:00:00:00,0,0,0,0,0,0,0,0,0,0,0,0,0,0,0,0,0,0,0,0,0,128,[84 -64 4 0 0 0 0 0 0 0 0 0 -8 13 -9 12 -9 13 -10 12 -10 11 -11 11 -11 11 -12 10 -11 10 -12 10 -12 10 -12 9 -12 9 -11 9 -11 9 -11 9 -11 9 -11 8 -11 8 -11 8 -11 8 -10 8 -11 8 -11 8 -10 7 -10 8 0 0 -9 8 -9 8 -8 8 -8 8 -8 9 -8 9 -8 9 -8 9 -7 9 -8 10 -7 10 -7 10 -7 10 -7 10 -7 10 -6 11 -6 11 -6 11 -6 12 -6 11 -6 12 -5 12 -6 12 -6 12 -6 12 -5 12 0 0 0 0 0 0 0 0 0 0]"
"1769235458531155,CSI_DATA,STATION,00:00:00:00:00:00,0,0,0,0,0,0,0,0,0,0,0,0,0,0,0,0,0,0,0,0,0,128,[84 -64 4 0 0 0 0 0 0 0 0 0 -11 -9 -11 -9 -10 -10 -10 -10 -10 -11 -10 -11 -9 -11 -9 -11 -8 -12 -8 -12 -8 -11 -8 -11 -8 -11 -7 -12 -7 -12 -7 -12 -6 -11 -6 -11 -6 -11 -6 -12 -6 -11 -6 -11 -6 -11 -7 -11 -6 -10 -6 -10 0 0 -6 -10 -6 -10 -6 -10 -6 -9 -7 -9 -7 -10 -7 -9 -7 -9 -7 -9 -8 -9 -7 -9 -8 -9 -8 -9 -8 -9 -8 -9 -8 -9 -8 -9 -8 -9 -9 -9 -9 -9 -9 -9 -9 -9 -9 -9 -10 -9 -9 -8 -10 -8 0 0 0 0 0 0 0 0 0 0]"
"1769235458537746,CSI_DATA,STATION,00:00:00:00:00:00,0,0,0,0,0,0,0,0,0,0,0,0,0,0,0,0,0,0,0,0,0,128,[84 -64 4 0 0 0 0 0 0 0 0 0 -15 1 -16 1 -16 0 -16 0 -15 0 -16 -1 -16 -1 -16 -1 -15 -2 -15 -3 -15 -3 -15 -3 -14 -3 -14 -3 -14 -4 -14 -3 -14 -3 -14 -4 -14 -4 -14 -3 -13 -3 -13 -3 -13 -3 -13 -4 -13 -3 -13 -3 0 0 -12 -2 -13 -2 -13 -2 -13 -1 -13 -2 -12 -1 -13 -1 -13 -1 -12 0 -13 0 -13 0 -13 -1 -13 0 -13 0 -13 1 -13 1 -13 1 -13 1 -13 2 -14 2 -13 2 -13 2 -13 2 -13 2 -14 2 -14 2 0 0 0 0 0 0 0 0 0 0]"
"1769235458548546,CSI_DATA,STATION,00:00:00:00:00:00,0,0,0,0,0,0,0,0,0,0,0,0,0,0,0,0,0,0,0,0,0,128,[84 -64 4 0 0 0 0 0 0 0 0 0 18 8 17 9 17 11 17 11 17 11 16 12 16 12 15 12 15 11 15 13 14 12 14 13 14 14 14 13 12 13 13 13 12 13 12 13 12 13 12 13 11 12 12 12 12 11 11 12 12 12 12 10 0 0 12 10 12 10 12 10 13 9 13 9 13 9 13 9 13 8 13 8 13 7 14 7 14 7 14 7 14 7 15 6 15 5 15 5 16 5 16 5 16 5 16 5 15 5 17 5 16 4 16 4 16 4 0 0 0 0 0 0 0 0 0 0]"
"1769235458552872,CSI_DATA,STATION,00:00:00:00:00:00,0,0,0,0,0,0,0,0,0,0,0,0,0,0,0,0,0,0,0,0,0,128,[84 -64 4 0 0 0 0 0 0 0 0 0 10 -8 10 -8 10 -7 10 -7 11 -7 11 -7 11 -6 11 -6 11 -6 12 -5 11 -5 11 -5 11 -5 11 -4 11 -4 11 -5 10 -4 10 -4 11 -4 11 -4 10 -4 10 -4 10 -4 10 -4 10 -4 9 -4 0 0 9 -5 9 -5 9 -5 9 -5 9 -5 9 -5 9 -5 9 -6 8 -6 9 -6 8 -6 8 -6 9 -6 9 -6 8 -7 8 -7 8 -7 8 -8 8 -8 8 -8 9 -8 8 -8 8 -8 8 -8 8 -9 8 -9 0 0 0 0 0 0 0 0 0 0]"
"1769235458559368,CSI_DATA,STATION,00:00:00:00:00:00,0,0,0,0,0,0,0,0,0,0,0,0,0,0,0,0,0,0,0,0,0,128,[84 -64 4 0 0 0 0 0 0 0 0 0 11 5 11 6 10 6 10 7 10 7 9 7 9 8 9 8 9 8 8 8 9 8 8 8 8 8 8 8 7 9 7 8 7 8 7 8 7 8 7 8 7 8 7 8 7 8 8 8 7 7 7 7 0 0 7 7 7 7 7 7 7 6 7 6 7 7 7 6 8 6 8 6 8 6 8 5 8 6 8 5 8 5 9 5 9 5 9 5 9 5 9 5 9 5 9 5 9 5 10 5 10 4 10 4 10 4 0 0 0 0 0 0 0 0 0 0]"
"1769235458565858,CSI_DATA,STATION,00:00:00:00:00:00,0,0,0,0,0,0,0,0,0,0,0,0,0,0,0,0,0,0,0,0,0,128,[84 -64 4 0 0 0 0 0 0 0 0 0 9 -8 9 -8 10 -8 10 -8 10 -7 10 -7 10 -7 11 -6 11 -6 11 -5 10 -5 11 -5 10 -5 11 -5 11 -4 11 -5 11 -5 10 -5 10 -3 11 -4 10 -4 9 -4 10 -4 9 -4 10 -4 10 -4 0 0 9 -4 9 -4 9 -4 9 -5 9 -5 9 -5 9 -5 8 -5 8 -6 9 -6 8 -6 9 -6 8 -6 9 -6 9 -7 8 -7 8 -7 8 -7 8 -7 9 -7 9 -7 8 -7 8 -7 8 -8 9 -8 8 -8 0 0 0 0 0 0 0 0 0 0]"
"1769235458570248,CSI_DATA,STATION,00:00:00:00:00:00,0,0,0,0,0,0,0,0,0,0,0,0,0,0,0,0,0,0,0,0,0,128,[84 -64 4 0 0 0 0 0 0 0 0 0 -8 -13 -7 -13 -7 -13 -6 -13 -6 -14 -6 -14 -6 -13 -6 -14 -4 -14 -5 -14 -4 -14 -4 -14 -3 -13 -3 -14 -3 -14 -4 -14 -3 -13 -3 -12 -3 -13 -3 -13 -3 -13 -4 -13 -3 -12 -4 -12 -3 -12 -4 -12 0 0 -4 -12 -4 -12 -4 -12 -4 -11 -5 -11 -5 -11 -5 -11 -6 -11 -5 -11 -6 -11 -6 -11 -6 -11 -6 -11 -7 -11 -7 -11 -7 -11 -7 -11 -8 -11 -8 -10 -8 -11 -8 -11 -8 -11 -8 -11 -9 -11 -9 -11 -9 -11 0 0 0 0 0 0 0 0 0 0]"
"1769235458576726,CSI_DATA,STATION,00:00:00:00:00:00,0,0,0,0,0,0,0,0,0,0,0,0,0,0,0,0,0,0,0,0,0,128,[84 -64 4 0 0 0 0 0 0 0 0 0 13 -2 13 -1 13 0 13 0 13 0 13 0 14 1 13 2 13 2 13 3 13 2 13 2 13 3 13 2 12 3 12 3 12 3 12 3 12 3 12 3 11 3 11 3 11 2 11 3 11 2 11 2 0 0 11 2 11 2 11 1 11 1 11 1 11 1 11 1 11 1 11 0 11 0 11 0 11 0 12 0 12 0 12 -1 12 -1 12 -1 12 -1 12 -2 12 -1 12 -1 12 -2 12 -2 12 -3 12 -2 13 -3 0 0 0 0 0 0 0 0 0 0]"
"1769235458581057,CSI_DATA,STATION,00:00:00:00:00:00,0,0,0,0,0,0,0,0,0,0,0,0,0,0,0,0,0,0,0,0,0,128,[84 -64 4 0 0 0 0 0 0 0 0 0 -14 -3 -14 -4 -14 -4 -14 -5 -13 -5 -14 -5 -13 -6 -13 -6 -13 -6 -13 -7 -13 -7 -12 -6 -12 -7 -12 -7 -12 -7 -11 -6 -12 -7 -11 -7 -12 -7 -11 -7 -11 -7 -11 -6 -11 -7 -11 -7 -11 -6 -11 -6 0 0 -11 -6 -11 -5 -11 -5 -11 -5 -11 -6 -11 -5 -11 -5 -12 -5 -11 -4 -12 -4 -12 -4 -12 -4 -12 -4 -12 -4 -12 -3 -12 -3 -12 -3 -13 -3 -13 -3 -13 -3 -13 -3 -13 -2 -13 -3 -13 -2 -13 -2 -13 -2 0 0 0 0 0 0 0 0 0 0]"
"1769235458585415,CSI_DATA,STATION,00:00:00:00:00:00,0,0,0,0,0,0,0,0,0,0,0,0,0,0,0,0,0,0,0,0,0,128,[84 -64 4 0 0 0 0 0 0 0 0 0 11 3 11 3 11 3 11 4 11 5 11 5 11 5 11 5 10 5 10 6 10 6 9 6 9 6 9 6 9 6 9 5 9 6 9 6 9 6 8 6 8 6 8 6 8 6 9 6 8 5 8 5 0 0 8 5 8 5 9 5 8 4 9 5 9 4 9 4 9 4 9 4 9 4 9 3 9 4 9 4 9 3 10 3 10 3 10 3 11 3 10 2 10 2 10 3 10 3 11 2 11 2 11 2 11 2 0 0 0 0 0 0 0 0 0 0]"
"1769235458591880,CSI_DATA,STATION,00:00:00:00:00:00,0,0,0,0,0,0,0,0,0,0,0,0,0,0,0,0,0,0,0,0,0,128,[84 -64 4 0 0 0 0 0 0 0 0 0 11 2 11 3 11 4 11 4 11 4 10 4 11 5 10 5 11 5 10 5 10 5 9 5 10 6 10 6 9 6 9 6 9 6 9 6 8 6 8 6 8 6 8 6 8 6 8 6 8 5 8 5 0 0 8 5 9 5 9 5 9 4 8 4 8 5 8 4 9 4 9 4 9 4 9 3 9 4 10 4 10 3 10 3 10 3 10 3 10 3 10 3 10 3 10 3 10 3 10 3 10 2 11 2 11 2 0 0 0 0 0 0 0 0 0 0]"
"1769235458596222,CSI_DATA,STATION,00:00:00:00:00:00,0,0,0,0,0,0,0,0,0,0,0,0,0,0,0,0,0,0,0,0,0,128,[84 -64 4 0 0 0 0 0 0 0 0 0 1 -14 2 -15 2 -14 2 -14 3 -14 3 -14 4 -14 4 -14 4 -14 5 -13 5 -13 5 -13 5 -12 5 -12 5 -12 5 -12 6 -12 5 -12 5 -12 5 -12 5 -11 5 -12 5 -12 5 -11 5 -11 4 -11 0 0 4 -11 3 -11 3 -11 3 -12 3 -11 3 -12 2 -12 3 -11 3 -12 3 -12 3 -12 2 -12 2 -12 2 -12 2 -13 1 -13 2 -13 1 -13 1 -13 1 -13 1 -13 1 -13 1 -13 1 -13 1 -13 0 -13 0 0 0 0 0 0 0 0 0 0]"
"1769235458602705,CSI_DATA,STATION,00:00:00:00:00:00,0,0,0,0,0,0,0,0,0,0,0,0,0,0,0,0,0,0,0,0,0,128,[84 -64 4 0 0 0 0 0 0 0 0 0 8 11 8 11 7 11 7 11 7 12 6 12 6 12 5 12 6 12 5 12 5 12 4 12 4 12 4 12 4 12 4 12 4 12 4 11 4 12 4 11 4 11 4 11 3 11 3 11 4 11 4 11 0 0 4 10 5 10 5 10 5 10 5 10 5 10 6 9 6 10 6 9 6 9 6 9 6 9 7 9 7 9 7 9 8 9 8 9 8 9 8 9 8 8 8 9 8 8 9 9 9 8 9 8 9 8 0 0 0 0 0 0 0 0 0 0]"
"1769235458607043,CSI_DATA,STATION,00:00:00:00:00:00,0,0,0,0,0,0,0,0,0,0,0,0,0,0,0,0,0,0,0,0,0,128,[84 -64 4 0 0 0 0 0 0 0 0 0 8 10 8 11 8 11 7 11 6 11 7 12 6 12 6 12 5 12 5 13 5 12 4 12 4 12 5 11 4 12 4 12 3 11 3 11 3 11 4 12 3 11 3 11 3 11 3 11 4 11 4 11 0 0 4 11 4 10 4 10 4 10 5 10 5 10 5 10 5 10 5 10 5 10 5 9 5 10 6 10 6 10 6 9 6 10 7 9 7 10 7 10 7 10 7 10 7 10 7 10 8 10 7 10 7 10 0 0 0 0 0 0 0 0 0 0]"
"1769235458611382,CSI_DATA,STATION,00:00:00:00:00:00,0,0,0,0,0,0,0,0,0,0,0,0,0,0,0,0,0,0,0,0,0,128,[84 -64 4 0 0 0 0 0 0 0 0 0 -10 -10 -10 -11 -9 -11 -9 -12 -9 -12 -8 -12 -8 -12 -8 -13 -7 -13 -7 -13 -7 -12 -6 -13 -7 -13 -6 -13 -6 -13 -6 -12 -6 -12 -6 -12 -5 -12 -5 -12 -5 -12 -6 -12 -6 -11 -5 -12 -6 -11 -6 -11 0 0 -6 -11 -6 -11 -6 -11 -6 -11 -6 -10 -6 -11 -7 -10 -7 -11 -7 -11 -7 -10 -8 -10 -8 -10 -8 -10 -8 -10 -8 -10 -8 -10 -9 -9 -9 -10 -9 -10 -9 -10 -9 -10 -10 -9 -10 -10 -10 -9 -10 -9 -10 -9 0 0 0 0 0 0 0 0 0 0]"
"1769235458617884,CSI_DATA,STATION,00:00:00:00:00:00,0,0,0,0,0,0,0,0,0,0,0,0,0,0,0,0,0,0,0,0,0,128,[84 -64 4 0 0 0 0 0 0 0 0 0 -12 -4 -13 -4 -12 -5 -13 -5 -11 -5 -12 -6 -12 -6 -11 -6 -11 -6 -11 -7 -11 -7 -11 -7 -11 -7 -10 -7 -10 -7 -10 -7 -10 -7 -10 -7 -10 -7 -10 -7 -9 -7 -10 -7 -9 -7 -9 -7 -9 -7 -9 -6 0 0 -10 -6 -9 -6 -9 -6 -9 -5 -10 -6 -9 -5 -10 -5 -10 -6 -10 -5 -10 -5 -10 -4 -10 -5 -10 -5 -11 -4 -10 -4 -11 -4 -11 -4 -11 -5 -11 -4 -11 -4 -11 -4 -12 -4 -11 -4 -12 -3 -12 -3 -12 -3 0 0 0 0 0 0 0 0 0 0]"
"1769235458622394,CSI_DATA,STATION,00:00:00:00:00:00,0,0,0,0,0,0,0,0,0,0,0,0,0,0,0,0,0,0,0,0,0,128,[84 -64 4 0 0 0 0 0 0 0 0 0 -9 -9 -9 -10 -8 -10 -8 -10 -8 -11 -8 -11 -7 -11 -7 -12 -7 -12 -7 -12 -7 -11 -6 -10 -6 -11 -6 -12 -6 -11 -5 -11 -6 -11 -5 -10 -5 -11 -4 -11 -5 -11 -5 -11 -5 -10 -6 -10 -5 -10 -6 -10 0 0 -5 -10 -5 -9 -6 -10 -6 -9 -6 -10 -5 -9 -6 -9 -7 -10 -6 -9 -7 -9 -7 -9 -7 -9 -7 -9 -7 -9 -7 -9 -8 -9 -8 -9 -8 -9 -8 -9 -8 -9 -8 -9 -9 -9 -9 -9 -9 -8 -9 -8 -9 -9 0 0 0 0 0 0 0 0 0 0]"
"1769235458628980,CSI_DATA,STATION,00:00:00:00:00:00,0,0,0,0,0,0,0,0,0,0,0,0,0,0,0,0,0,0,0,0,0,128,[84 -64 4 0 0 0 0 0 0 0 0 0 -9 -13 -8 -13 -8 -13 -7 -13 -7 -13 -6 -14 -6 -13 -6 -13 -5 -14 -5 -14 -5 -14 -5 -13 -4 -13 -5 -14 -4 -14 -5 -13 -4 -13 -4 -13 -4 -13 -4 -13 -4 -13 -4 -13 -4 -12 -4 -12 -4 -12 -4 -12 0 0 -4 -12 -5 -12 -4 -12 -5 -11 -5 -11 -5 -12 -5 -11 -6 -11 -5 -11 -6 -11 -7 -11 -7 -11 -7 -11 -7 -11 -7 -11 -8 -11 -7 -11 -8 -11 -7 -11 -8 -10 -9 -11 -9 -10 -9 -11 -9 -10 -9 -11 -9 -11 0 0 0 0 0 0 0 0 0 0]"
"1769235458633358,CSI_DATA,STATION,00:00:00:00:00:00,0,0,0,0,0,0,0,0,0,0,0,0,0,0,0,0,0,0,0,0,0,128,[84 -64 4 0 0 0 0 0 0 0 0 0 12 1 12 1 12 2 12 2 12 3 12 3 12 3 11 3 11 4 11 4 11 4 11 4 11 5 10 5 11 4 10 4 10 5 9 5 10 5 10 4 10 5 10 4 9 4 9 5 9 4 9 4 0 0 10 4 9 4 9 4 9 3 9 4 10 3 10 3 10 2 10 2 9 2 9 2 10 2 10 2 11 2 10 1 11 1 10 1 11 1 11 1 10 1 11 0 11 1 11 1 11 1 11 0 11 0 0 0 0 0 0 0 0 0 0 0]"
"1769235458637689,CSI_DATA,STATION,00:00:00:00:00:00,0,0,0,0,0,0,0,0,0,0,0,0,0,0,0,0,0,0,0,0,0,128,[84 -64 4 0 0 0 0 0 0 0 0 0 9 9 9 10 8 11 8 11 8 11 7 12 8 12 7 12 6 12 7 13 6 12 6 12 5 12 5 12 5 12 4 12 5 12 4 11 4 11 4 12 5 11 4 11 4 11 4 11 4 11 5 11 0 0 5 10 5 10 5 10 5 10 5 10 6 10 5 10 6 10 6 9 6 10 6 9 6 10 6 10 7 10 6 9 7 10 7 9 7 9 8 9 7 9 8 9 8 10 8 9 8 10 8 9 8 9 0 0 0 0 0 0 0 0 0 0]"
"1769235458644193,CSI_DATA,STATION,00:00:00:00:00:00,0,0,0,0,0,0,0,0,0,0,0,0,0,0,0,0,0,0,0,0,0,128,[84 -64 4 0 0 0 0 0 0 0 0 0 12 1 12 2 12 3 12 3 12 3 11 4 12 4 11 4 11 4 11 5 11 5 11 5 11 6 10 5 10 5 10 5 10 6 10 5 10 5 9 5 9 6 9 5 9 5 9 5 9 5 9 4 0 0 9 4 9 4 9 3 10 3 9 3 10 3 9 3 9 3 10 2 9 2 10 2 10 3 10 3 10 2 10 1 10 1 11 1 11 1 11 1 11 1 11 1 11 1 11 1 11 0 11 0 11 0 0 0 0 0 0 0 0 0 0 0]"
"1769235458648506,CSI_DATA,STATION,00:00:00:00:00:00,0,0,0,0,0,0,0,0,0,0,0,0,0,0,0,0,0,0,0,0,0,128,[84 -64 4 0 0 0 0 0 0 0 0 0 18 12 17 13 17 13 16 15 16 14 16 15 15 15 14 16 14 16 14 17 13 16 12 16 12 17 12 16 11 17 12 16 11 16 11 16 11 16 11 15 10 16 11 15 11 15 11 15 10 14 11 14 0 0 10 13 11 13 11 13 12 13 11 13 12 13 12 12 11 12 12 11 12 11 14 11 13 11 13 11 14 10 14 10 14 10 14 10 15 10 15 10 15 9 16 10 15 10 16 9 16 9 17 9 16 8 0 0 0 0 0 0 0 0 0 0]"
"1769235458652808,CSI_DATA,STATION,00:00:00:00:00:00,0,0,0,0,0,0,0,0,0,0,0,0,0,0,0,0,0,0,0,0,0,128,[84 -64 4 0 0 0 0 0 0 0 0 0 -7 -13 -7 -13 -7 -14 -6 -14 -5 -14 -5 -14 -4 -14 -4 -14 -4 -14 -3 -15 -3 -14 -3 -14 -3 -14 -3 -14 -2 -14 -3 -14 -2 -14 -2 -13 -2 -13 -2 -14 -2 -13 -2 -13 -2 -13 -2 -13 -2 -13 -2 -13 0 0 -3 -12 -3 -12 -3 -12 -3 -12 -3 -12 -3 -12 -4 -12 -4 -12 -4 -12 -5 -12 -5 -12 -5 -12 -5 -12 -5 -12 -5 -12 -6 -12 -6 -12 -6 -12 -6 -12 -6 -12 -6 -12 -6 -11 -7 -12 -8 -12 -8 -11 -7 -12 0 0 0 0 0 0 0 0 0 0]"
"1769235458659289,CSI_DATA,STATION,00:00:00:00:00:00,0,0,0,0,0,0,0,0,0,0,0,0,0,0,0,0,0,0,0,0,0,128,[84 -64 4 0 0 0 0 0 0 0 0 0 -13 -3 -14 -3 -13 -4 -13 -4 -13 -5 -13 -5 -13 -5 -12 -5 -12 -6 -12 -6 -11 -6 -11 -6 -11 -7 -11 -7 -11 -7 -11 -6 -11 -6 -11 -6 -11 -6 -10 -6 -10 -6 -11 -6 -10 -6 -10 -6 -10 -5 -10 -6 0 0 -10 -5 -10 -5 -10 -4 -10 -4 -11 -4 -10 -4 -10 -4 -11 -4 -11 -3 -11 -3 -11 -3 -11 -3 -11 -3 -11 -3 -11 -2 -11 -2 -12 -2 -12 -2 -12 -2 -12 -2 -12 -2 -12 -1 -12 -2 -12 -2 -12 -2 -12 -1 0 0 0 0 0 0 0 0 0 0]"
"1769235458663600,CSI_DATA,STATION,00:00:00:00:00:00,0,0,0,0,0,0,0,0,0,0,0,0,0,0,0,0,0,0,0,0,0,128,[84 -64 4 0 0 0 0 0 0 0 0 0 -11 -7 -11 -8 -10 -8 -11 -9 -10 -9 -10 -10 -9 -9 -9 -10 -9 -10 -9 -10 -9 -10 -9 -10 -9 -10 -8 -10 -8 -11 -7 -10 -8 -10 -8 -10 -8 -11 -7 -10 -7 -10 -7 -10 -7 -9 -8 -9 -7 -9 -7 -9 0 0 -7 -9 -7 -9 -8 -8 -7 -8 -8 -8 -8 -8 -8 -8 -8 -8 -8 -8 -8 -7 -9 -7 -9 -8 -9 -7 -9 -7 -9 -7 -9 -7 -9 -7 -10 -7 -10 -7 -10 -7 -10 -7 -10 -7 -10 -7 -11 -6 -10 -6 -11 -6 0 0 0 0 0 0 0 0 0 0]"
"1769235458670048,CSI_DATA,STATION,00:00:00:00:00:00,0,0,0,0,0,0,0,0,0,0,0,0,0,0,0,0,0,0,0,0,0,128,[84 -64 4 0 0 0 0 0 0 0 0 0 -13 -8 -12 -8 -12 -9 -11 -9 -11 -10 -12 -10 -11 -10 -11 -10 -10 -11 -10 -11 -10 -11 -10 -11 -9 -11 -9 -11 -9 -11 -9 -11 -9 -11 -9 -11 -9 -11 -8 -11 -8 -11 -8 -10 -8 -10 -9 -11 -8 -10 -8 -10 0 0 -9 -10 -8 -9 -8 -9 -8 -9 -9 -9 -9 -9 -9 -9 -9 -9 -9 -8 -10 -8 -10 -8 -10 -8 -10 -8 -10 -7 -10 -8 -11 -7 -11 -7 -11 -7 -11 -7 -11 -7 -11 -7 -12 -7 -12 -7 -12 -7 -12 -7 -12 -7 0 0 0 0 0 0 0 0 0 0]"
"1769235458674381,CSI_DATA,STATION,00:00:00:00:00:00,0,0,0,0,0,0,0,0,0,0,0,0,0,0,0,0,0,0,0,0,0,128,[84 -64 4 0 0 0 0 0 0 0 0 0 -11 6 -12 6 -12 5 -12 4 -12 4 -12 4 -13 3 -13 3 -13 3 -13 3 -13 3 -12 2 -12 2 -12 2 -13 2 -12 2 -12 2 -11 2 -11 2 -12 1 -11 1 -12 2 -11 2 -11 1 -11 2 -11 2 0 0 -11 2 -11 2 -10 3 -11 2 -10 3 -10 3 -10 3 -10 4 -10 4 -10 4 -10 5 -10 4 -10 4 -10 5 -10 5 -10 5 -10 5 -10 5 -10 6 -10 6 -10 6 -10 6 -10 6 -10 7 -9 7 -10 7 0 0 0 0 0 0 0 0 0 0]"
"1769235458678685,CSI_DATA,STATION,00:00:00:00:00:00,0,0,0,0,0,0,0,0,0,0,0,0,0,0,0,0,0,0,0,0,0,128,[84 -64 4 0 0 0 0 0 0 0 0 0 -13 4 -12 3 -13 3 -13 3 -13 2 -13 2 -13 1 -13 1 -13 1 -13 1 -13 0 -13 0 -13 0 -12 0 -13 0 -12 0 -12 0 -12 -1 -12 -1 -12 -1 -12 -1 -12 -1 -12 0 -11 -1 -11 0 -12 0 0 0 -11 1 -11 0 -11 0 -11 1 -11 1 -11 1 -11 1 -11 1 -11 1 -11 2 -11 2 -10 2 -11 2 -11 2 -11 3 -11 3 -11 3 -11 3 -11 4 -11 3 -11 4 -11 4 -11 4 -10 5 -11 5 -11 5 0 0 0 0 0 0 0 0 0 0]"
"1769235458685181,CSI_DATA,STATION,00:00:00:00:00:00,0,0,0,0,0,0,0,0,0,0,0,0,0,0,0,0,0,0,0,0,0,128,[84 -64 4 0 0 0 0 0 0 0 0 0 -14 3 -15 3 -15 1 -14 1 -15 1 -15 1 -15 1 -15 0 -15 0 -15 -1 -15 -1 -15 -1 -14 -2 -14 -1 -14 -2 -14 -1 -14 -2 -13 -2 -13 -2 -13 -2 -13 -2 -13 -2 -13 -2 -13 -2 -12 -2 -13 -1 0 0 -12 -1 -12 -1 -12 0 -13 0 -12 0 -12 0 -12 0 -12 0 -12 1 -12 1 -13 1 -12 1 -12 1 -12 2 -12 2 -12 3 -12 2 -13 3 -12 3 -13 3 -13 3 -12 3 -13 3 -12 3 -13 4 -12 4 0 0 0 0 0 0 0 0 0 0]"
"1769235458689481,CSI_DATA,STATION,00:00:00:00:00:00,0,0,0,0,0,0,0,0,0,0,0,0,0,0,0,0,0,0,0,0,0,128,[84 -64 4 0 0 0 0 0 0 0 0 0 6 11 5 11 5 11 5 11 4 12 4 12 3 11 3 12 3 12 3 12 2 12 2 11 2 11 2 11 1 11 1 11 1 11 1 11 1 11 1 11 1 11 1 10 1 11 1 10 1 10 2 10 0 0 2 10 2 10 2 9 2 10 3 9 2 10 3 9 3 9 3 9 3 9 3 9 4 9 3 10 4 9 4 9 4 9 4 9 4 9 5 9 5 9 5 9 5 9 5 9 5 9 6 9 6 9 0 0 0 0 0 0 0 0 0 0]"
"1769235458695928,CSI_DATA,STATION,00:00:00:00:00:00,0,0,0,0,0,0,0,0,0,0,0,0,0,0,0,0,0,0,0,0,0,128,[84 -64 4 0 0 0 0 0 0 0 0 0 -14 0 -13 0 -13 -1 -13 -1 -14 -2 -13 -2 -13 -3 -13 -3 -13 -3 -13 -3 -13 -3 -12 -3 -12 -4 -12 -4 -12 -4 -12 -4 -11 -4 -11 -5 -11 -4 -11 -5 -11 -4 -11 -4 -11 -4 -11 -4 -11 -3 -11 -3 0 0 -10 -3 -10 -2 -10 -2 -11 -2 -11 -2 -10 -2 -11 -2 -11 -2 -10 -1 -11 -1 -11 -1 -11 -1 -11 -1 -11 -1 -11 0 -11 0 -11 0 -11 0 -12 0 -12 1 -12 1 -12 1 -12 1 -11 2 -11 2 -11 1 0 0 0 0 0 0 0 0 0 0]"
"1769235458700230,CSI_DATA,STATION,00:00:00:00:00:00,0,0,0,0,0,0,0,0,0,0,0,0,0,0,0,0,0,0,0,0,0,128,[84 -64 4 0 0 0 0 0 0 0 0 0 13 -6 13 -5 13 -5 13 -4 13 -4 14 -4 14 -3 14 -2 14 -2 14 -2 13 -2 13 -1 13 -1 13 -1 13 -1 13 -2 12 -1 12 -1 12 -1 13 -1 12 -1 12 0 11 -1 11 -1 11 -1 12 -2 0 0 11 -2 11 -2 11 -2 11 -3 10 -2 11 -2 10 -3 10 -3 11 -3 11 -4 10 -4 11 -4 11 -4 11 -4 11 -5 11 -5 10 -5 11 -5 11 -5 11 -6 11 -5 11 -6 11 -5 10 -6 11 -7 11 -7 0 0 0 0 0 0 0 0 0 0]"
"1769235458706688,CSI_DATA,STATION,00:00:00:00:00:00,0,0,0,0,0,0,0,0,0,0,0,0,0,0,0,0,0,0,0,0,0,128,[84 -64 4 0 0 0 0 0 0 0 0 0 -3 13 -3 14 -4 13 -5 14 -5 13 -6 13 -6 13 -6 13 -6 12 -7 12 -6 12 -7 12 -7 12 -7 11 -8 11 -7 10 -8 11 -8 10 -8 10 -8 9 -7 10 -7 9 -8 10 -7 10 -6 10 -6 10 0 0 -6 9 -6 9 -6 10 -6 9 -6 9 -5 9 -5 10 -5 10 -6 10 -5 10 -5 10 -5 10 -5 11 -5 11 -5 10 -5 11 -4 10 -4 11 -4 11 -4 11 -4 12 -4 11 -4 11 -3 11 -3 11 -3 12 0 0 0 0 0 0 0 0 0 0]"
"1769235458710981,CSI_DATA,STATION,00:00:00:00:00:00,0,0,0,0,0,0,0,0,0,0,0,0,0,0,0,0,0,0,0,0,0,128,[84 -64 4 0 0 0 0 0 0 0 0 0 11 -9 12 -9 11 -7 12 -7 12 -7 13 -7 13 -7 13 -6 13 -6 13 -5 12 -6 12 -5 12 -5 12 -4 12 -5 12 -5 12 -4 11 -4 12 -4 12 -4 11 -4 11 -4 11 -4 11 -4 11 -4 11 -5 0 0 11 -5 10 -4 10 -5 10 -5 10 -6 10 -5 9 -5 9 -6 9 -6 9 -6 9 -7 9 -7 9 -7 9 -7 9 -7 9 -8 8 -8 9 -9 9 -9 8 -8 8 -9 8 -9 9 -8 8 -9 8 -10 8 -10 0 0 0 0 0 0 0 0 0 0]"
"1769235458721758,CSI_DATA,STATION,00:00:00:00:00:00,0,0,0,0,0,0,0,0,0,0,0,0,0,0,0,0,0,0,0,0,0,128,[84 -64 4 0 0 0 0 0 0 0 0 0 -15 10 -16 9 -16 8 -16 8 -16 6 -17 7 -16 7 -17 6 -17 5 -17 5 -17 5 -17 5 -17 5 -16 4 -16 3 -16 3 -16 3 -15 3 -16 3 -16 3 -15 3 -15 2 -14 3 -15 3 -14 3 -14 3 0 0 -14 3 -13 3 -14 4 -13 4 -14 4 -13 4 -13 5 -13 5 -12 5 -12 6 -13 5 -13 6 -12 5 -13 6 -13 6 -12 7 -12 7 -12 7 -12 7 -12 7 -12 8 -12 8 -12 8 -12 8 -12 8 -12 9 0 0 0 0 0 0 0 0 0 0]"
"1769235458728397,CSI_DATA,STATION,00:00:00:00:00:00,0,0,0,0,0,0,0,0,0,0,0,0,0,0,0,0,0,0,0,0,0,128,[84 -64 4 0 0 0 0 0 0 0 0 0 -6 11 -6 11 -7 11 -6 11 -7 10 -8 10 -7 10 -8 9 -8 9 -9 9 -8 9 -8 8 -8 8 -8 8 -8 8 -9 8 -9 8 -8 8 -8 7 -8 7 -8 7 -8 7 -8 7 -8 7 -7 7 -8 8 0 0 -7 7 -7 7 -7 8 -7 7 -6 8 -6 7 -6 7 -6 8 -6 8 -6 8 -5 8 -6 9 -5 8 -5 9 -5 8 -5 9 -4 9 -5 9 -5 9 -5 9 -5 9 -5 9 -4 9 -4 10 -4 10 -4 10 0 0 0 0 0 0 0 0 0 0]"
"1769235458734917,CSI_DATA,STATION,00:00:00:00:00:00,0,0,0,0,0,0,0,0,0,0,0,0,0,0,0,0,0,0,0,0,0,128,[84 -64 4 0 0 0 0 0 0 0 0 0 13 -4 14 -4 13 -3 14 -3 13 -3 14 -2 14 -2 14 -2 14 -1 14 -1 13 -1 13 -1 13 0 12 0 13 1 13 0 13 0 12 1 12 1 12 1 12 1 11 0 12 0 12 0 11 0 11 -1 0 0 11 -1 11 0 11 -1 10 -1 11 -1 11 -1 10 -1 11 -2 10 -2 10 -2 10 -2 10 -2 10 -2 10 -2 11 -3 11 -3 11 -4 11 -4 11 -4 11 -3 11 -4 11 -3 11 -4 11 -5 11 -5 11 -5 0 0 0 0 0 0 0 0 0 0]"
"1769235458739303,CSI_DATA,STATION,00:00:00:00:00:00,0,0,0,0,0,0,0,0,0,0,0,0,0,0,0,0,0,0,0,0,0,128,[84 -64 4 0 0 0 0 0 0 0 0 0 -15 1 -16 1 -14 0 -15 0 -15 -1 -15 -1 -14 -2 -15 -2 -14 -2 -15 -2 -14 -2 -14 -2 -14 -3 -14 -3 -14 -3 -13 -2 -13 -3 -13 -3 -13 -3 -13 -3 -12 -3 -12 -4 -12 -3 -12 -3 -12 -2 -12 -2 0 0 -11 -1 -12 -2 -12 -1 -12 -1 -12 -1 -11 -1 -12 -1 -12 0 -12 0 -12 0 -12 1 -12 1 -12 1 -12 1 -12 1 -12 1 -12 1 -12 2 -12 2 -13 2 -12 3 -13 3 -12 2 -12 3 -13 3 -12 3 0 0 0 0 0 0 0 0 0 0]"
"1769235458745845,CSI_DATA,STATION,00:00:00:00:00:00,0,0,0,0,0,0,0,0,0,0,0,0,0,0,0,0,0,0,0,0,0,128,[84 -64 4 0 0 0 0 0 0 0 0 0 -14 4 -14 3 -15 2 -15 2 -14 2 -15 2 -15 1 -15 0 -14 0 -15 0 -15 0 -14 0 -14 -1 -14 -1 -14 -1 -13 0 -13 -1 -13 -1 -13 -1 -13 -1 -13 -1 -13 -1 -13 -1 -12 -1 -12 -1 -12 0 0 0 -12 0 -12 0 -12 0 -12 0 -12 0 -12 0 -12 1 -12 0 -11 1 -11 1 -12 2 -11 2 -12 2 -12 2 -12 2 -12 3 -12 2 -12 3 -12 3 -12 3 -12 3 -12 3 -12 4 -12 4 -12 4 -12 4 0 0 0 0 0 0 0 0 0 0]"
"1769235458750192,CSI_DATA,STATION,00:00:00:00:00:00,0,0,0,0,0,0,0,0,0,0,0,0,0,0,0,0,0,0,0,0,0,128,[84 -64 4 0 0 0 0 0 0 0 0 0 4 13 3 13 3 13 2 13 2 13 1 14 1 14 0 14 0 14 0 14 1 13 0 14 -1 13 0 13 -1 13 0 13 0 12 -1 12 -1 12 -1 12 -1 12 -1 12 -1 12 0 11 0 12 0 12 0 0 0 11 0 11 1 11 1 11 1 11 1 11 2 10 1 11 2 10 2 11 3 10 3 11 3 11 3 11 3 11 3 11 4 10 3 10 4 11 4 10 5 11 5 11 5 10 6 10 6 10 5 10 0 0 0 0 0 0 0 0 0 0]"
"1769235458754537,CSI_DATA,STATION,00:00:00:00:00:00,0,0,0,0,0,0,0,0,0,0,0,0,0,0,0,0,0,0,0,0,0,128,[84 -64 4 0 0 0 0 0 0 0 0 0 10 10 9 10 9 10 9 10 9 11 8 11 8 11 7 11 7 11 7 12 7 11 6 11 6 12 6 11 6 11 6 11 6 11 6 11 5 11 5 10 5 11 5 10 5 10 6 10 5 10 5 10 0 0 5 9 6 9 6 8 6 8 6 9 6 8 7 8 6 8 7 8 7 8 7 8 7 8 7 8 8 7 8 7 8 7 9 7 8 7 9 7 9 7 9 7 9 7 9 7 9 7 10 7 9 7 0 0 0 0 0 0 0 0 0 0]"
"1769235458761062,CSI_DATA,STATION,00:00:00:00:00:00,0,0,0,0,0,0,0,0,0,0,0,0,0,0,0,0,0,0,0,0,0,128,[84 -64 4 0 0 0 0 0 0 0 0 0 11 8 11 9 10 9 10 10 10 10 9 11 9 10 9 10 8 10 8 11 8 10 7 11 7 11 7 10 7 11 7 11 7 11 6 10 7 10 6 11 6 10 6 9 6 10 7 10 6 9 6 9 0 0 6 9 6 9 7 8 6 8 7 8 7 8 7 8 8 8 8 7 8 7 7 7 8 8 8 7 9 7 9 7 8 7 9 6 9 7 9 6 9 7 9 6 10 6 10 7 10 6 10 6 10 6 0 0 0 0 0 0 0 0 0 0]"
"1769235458765398,CSI_DATA,STATION,00:00:00:00:00:00,0,0,0,0,0,0,0,0,0,0,0,0,0,0,0,0,0,0,0,0,0,128,[84 -64 4 0 0 0 0 0 0 0 0 0 9 10 9 11 8 11 8 11 7 11 7 12 7 12 6 12 6 12 6 12 6 12 5 12 6 12 6 12 5 12 5 12 5 12 4 11 4 11 4 12 4 11 4 11 4 11 5 10 5 10 4 10 0 0 5 10 5 10 5 10 4 9 5 10 5 9 6 9 6 9 6 9 6 9 7 8 7 9 7 9 7 8 7 8 8 9 8 8 8 8 8 8 8 8 8 8 8 8 9 8 9 7 9 7 9 7 0 0 0 0 0 0 0 0 0 0]"
"1769235458771901,CSI_DATA,STATION,00:00:00:00:00:00,0,0,0,0,0,0,0,0,0,0,0,0,0,0,0,0,0,0,0,0,0,128,[84 -64 4 0 0 0 0 0 0 0 0 0 -15 2 -15 2 -15 1 -15 1 -15 0 -15 0 -15 0 -15 -1 -15 -1 -15 -1 -15 -2 -14 -1 -14 -2 -14 -2 -14 -2 -14 -2 -13 -2 -13 -3 -13 -2 -13 -3 -13 -3 -13 -3 -13 -2 -13 -2 -12 -2 -13 -1 0 0 -12 -1 -13 -1 -12 -1 -12 -1 -12 -1 -12 -1 -12 0 -12 0 -12 0 -12 0 -12 1 -12 1 -12 1 -12 2 -12 2 -13 2 -12 2 -13 2 -13 3 -13 2 -13 3 -13 3 -13 3 -12 3 -13 3 -13 4 0 0 0 0 0 0 0 0 0 0]"
"1769235458776247,CSI_DATA,STATION,00:00:00:00:00:00,0,0,0,0,0,0,0,0,0,0,0,0,0,0,0,0,0,0,0,0,0,128,[84 -64 4 0 0 0 0 0 0 0 0 0 4 12 4 13 3 12 3 12 2 12 2 13 1 12 1 13 1 12 1 12 1 12 1 12 0 12 0 12 0 12 0 11 0 12 0 10 0 11 0 11 0 11 -1 11 0 10 0 10 0 10 1 11 0 0 1 10 1 10 1 10 1 9 2 10 2 10 2 10 2 10 3 9 3 9 3 9 3 10 4 10 4 10 3 9 4 10 4 9 5 9 4 10 4 9 5 9 5 10 5 9 6 9 6 9 6 9 0 0 0 0 0 0 0 0 0 0]"
"1769235458780577,CSI_DATA,STATION,00:00:00:00:00:00,0,0,0,0,0,0,0,0,0,0,0,0,0,0,0,0,0,0,0,0,0,128,[84 -64 4 0 0 0 0 0 0 0 0 0 -4 13 -5 13 -5 14 -5 14 -5 13 -6 13 -6 13 -7 13 -7 12 -8 12 -7 12 -7 11 -8 11 -8 12 -8 12 -7 11 -8 11 -8 10 -8 11 -8 10 -7 10 -7 10 -7 10 -7 10 -7 10 -7 11 0 0 -6 10 -5 10 -5 10 -5 10 -5 11 -5 10 -4 10 -5 10 -5 11 -4 10 -4 11 -4 11 -4 11 -3 12 -3 11 -3 12 -3 11 -3 12 -3 12 -2 12 -2 12 -2 12 -2 12 -2 12 -2 12 -2 13 0 0 0 0 0 0 0 0 0 0]"
"1769235458787066,CSI_DATA,STATION,00:00:00:00:00:00,0,0,0,0,0,0,0,0,0,0,0,0,0,0,0,0,0,0,0,0,0,128,[84 -64 4 0 0 0 0 0 0 0 0 0 5 -14 6 -14 6 -14 7 -13 7 -13 8 -13 7 -13 8 -13 8 -12 9 -12 9 -12 9 -11 9 -11 9 -11 9 -11 9 -11 9 -11 9 -11 8 -10 9 -10 8 -9 8 -10 8 -10 8 -10 8 -9 7 -10 0 0 7 -10 7 -10 7 -10 7 -10 6 -10 6 -10 6 -11 6 -10 6 -11 6 -11 5 -11 5 -11 5 -11 5 -11 5 -12 5 -12 4 -12 4 -12 4 -12 4 -12 4 -12 4 -12 4 -13 4 -13 3 -13 3 -13 0 0 0 0 0 0 0 0 0 0]"
"1769235458791389,CSI_DATA,STATION,00:00:00:00:00:00,0,0,0,0,0,0,0,0,0,0,0,0,0,0,0,0,0,0,0,0,0,128,[84 -64 4 0 0 0 0 0 0 0 0 0 -2 -15 -2 -16 -1 -15 -1 -16 0 -15 0 -16 1 -15 1 -15 2 -15 1 -15 2 -15 2 -15 3 -14 2 -15 3 -14 2 -14 3 -14 3 -13 3 -14 3 -13 3 -13 3 -13 2 -12 3 -12 2 -13 2 -13 0 0 2 -12 1 -12 1 -13 1 -12 1 -13 1 -12 0 -13 0 -13 0 -12 -1 -12 -1 -12 -1 -12 -1 -13 -1 -13 -1 -12 -2 -13 -2 -13 -2 -13 -2 -13 -2 -13 -2 -13 -2 -13 -2 -13 -3 -13 -3 -13 -3 -13 0 0 0 0 0 0 0 0 0 0]"
"1769235458795741,CSI_DATA,STATION,00:00:00:00:00:00,0,0,0,0,0,0,0,0,0,0,0,0,0,0,0,0,0,0,0,0,0,128,[84 -64 4 0 0 0 0 0 0 0 0 0 -12 -6 -13 -6 -12 -7 -12 -8 -12 -8 -12 -8 -11 -8 -11 -9 -10 -9 -10 -9 -10 -9 -10 -9 -10 -9 -10 -9 -9 -10 -10 -9 -9 -9 -9 -9 -9 -9 -8 -9 -9 -9 -9 -9 -9 -8 -9 -9 -8 -8 -9 -8 0 0 -8 -8 -9 -7 -9 -7 -9 -7 -9 -7 -8 -7 -9 -7 -9 -7 -9 -7 -9 -7 -10 -6 -10 -6 -10 -6 -10 -6 -10 -6 -10 -6 -10 -6 -10 -6 -11 -5 -11 -6 -11 -5 -11 -5 -11 -5 -12 -5 -11 -5 -11 -5 0 0 0 0 0 0 0 0 0 0]"
"1769235458802252,CSI_DATA,STATION,00:00:00:00:00:00,0,0,0,0,0,0,0,0,0,0,0,0,0,0,0,0,0,0,0,0,0,128,[84 -64 4 0 0 0 0 0 0 0 0 0 -13 -5 -13 -6 -12 -6 -13 -7 -13 -7 -13 -7 -12 -7 -12 -7 -11 -8 -12 -8 -11 -8 -11 -8 -11 -8 -11 -8 -10 -8 -10 -8 -10 -9 -10 -8 -10 -8 -10 -8 -10 -8 -9 -7 -10 -7 -10 -8 -10 -7 -10 -6 0 0 -10 -7 -9 -6 -10 -7 -10 -6 -10 -6 -10 -5 -10 -5 -10 -6 -10 -5 -11 -5 -10 -5 -11 -5 -10 -5 -11 -4 -11 -4 -11 -4 -11 -4 -11 -4 -12 -3 -12 -3 -12 -3 -12 -3 -12 -3 -12 -3 -12 -3 -12 -3 0 0 0 0 0 0 0 0 0 0]"
"1769235458806589,CSI_DATA,STATION,00:00:00:00:00:00,0,0,0,0,0,0,0,0,0,0,0,0,0,0,0,0,0,0,0,0,0,128,[84 -64 4 0 0 0 0 0 0 0 0 0 -12 7 -12 7 -12 6 -13 6 -12 5 -13 5 -13 4 -13 4 -13 4 -13 3 -13 3 -13 3 -13 2 -13 3 -13 2 -13 3 -12 2 -12 2 -12 2 -12 2 -12 2 -12 2 -12 2 -11 2 -12 2 -11 3 0 0 -11 3 -11 3 -11 3 -11 3 -11 3 -11 3 -11 3 -10 3 -10 4 -11 4 -10 4 -11 4 -11 4 -11 5 -10 5 -11 5 -10 5 -10 5 -10 5 -11 5 -10 6 -11 6 -10 6 -10 6 -10 7 -10 7 0 0 0 0 0 0 0 0 0 0]"
"1769235458813063,CSI_DATA,STATION,00:00:00:00:00:00,0,0,0,0,0,0,0,0,0,0,0,0,0,0,0,0,0,0,0,0,0,128,[84 -64 4 0 0 0 0 0 0 0 0 0 -11 11 -11 10 -11 10 -11 10 -12 10 -12 10 -12 9 -13 9 -11 9 -13 8 -13 8 -13 7 -13 8 -13 7 -12 7 -13 7 -13 7 -13 7 -12 6 -12 6 -12 6 -12 6 -12 6 -12 6 -11 5 -11 6 0 0 -11 6 -10 6 -10 7 -11 7 -10 7 -10 7 -10 7 -10 7 -10 7 -10 8 -9 8 -10 8 -9 8 -9 8 -10 9 -9 9 -9 9 -9 9 -9 10 -9 10 -9 10 -9 9 -9 10 -8 10 -9 10 -9 10 0 0 0 0 0 0 0 0 0 0]"
"1769235458817386,CSI_DATA,STATION,00:00:00:00:00:00,0,0,0,0,0,0,0,0,0,0,0,0,0,0,0,0,0,0,0,0,0,128,[84 -64 4 0 0 0 0 0 0 0 0 0 3 14 2 14 2 15 1 15 1 14 1 15 0 15 0 15 -1 15 -1 15 -1 14 -1 14 -2 14 -1 14 -2 14 -2 13 -2 13 -2 12 -2 13 -1 13 -2 13 -1 12 -1 12 -1 12 -1 13 -1 12 0 0 0 12 0 12 0 12 0 12 0 12 1 12 0 12 1 12 1 12 2 11 2 11 2 12 2 12 3 12 3 12 3 12 3 11 3 12 3 12 3 12 4 12 4 12 4 11 5 12 5 12 5 11 0 0 0 0 0 0 0 0 0 0]"
"1769235458821749,CSI_DATA,STATION,00:00:00:00:00:00,0,0,0,0,0,0,0,0,0,0,0,0,0,0,0,0,0,0,0,0,0,128,[84 -64 4 0 0 0 0 0 0 0 0 0 2 13 2 13 0 13 1 13 0 13 0 13 -1 13 -1 13 -2 13 -2 13 -2 12 -2 12 -2 12 -2 12 -2 12 -3 12 -2 12 -3 11 -3 11 -3 12 -2 11 -2 11 -2 11 -2 11 -2 11 -2 11 0 0 -2 11 -1 11 -1 11 -1 11 -1 11 -1 10 0 10 0 10 0 10 0 10 1 10 1 11 1 11 1 11 1 10 1 11 2 10 2 11 1 11 2 11 2 11 2 11 3 11 3 11 3 11 3 11 0 0 0 0 0 0 0 0 0 0]"
"1769235458828356,CSI_DATA,STATION,00:00:00:00:00:00,0,0,0,0,0,0,0,0,0,0,0,0,0,0,0,0,0,0,0,0,0,128,[84 -64 4 0 0 0 0 0 0 0 0 0 -5 13 -5 12 -6 13 -5 12 -6 12 -7 11 -7 11 -7 11 -7 11 -8 11 -8 11 -8 10 -8 10 -8 10 -8 9 -8 10 -8 10 -8 10 -8 9 -8 9 -7 9 -8 9 -7 9 -7 9 -7 8 -7 9 0 0 -7 9 -6 9 -6 9 -6 9 -6 9 -6 9 -5 9 -5 9 -5 9 -5 10 -5 10 -5 10 -5 10 -4 10 -4 11 -4 10 -4 11 -4 10 -4 11 -4 11 -3 11 -3 11 -3 11 -3 11 -3 11 -3 11 0 0 0 0 0 0 0 0 0 0]"
"1769235458832742,CSI_DATA,STATION,00:00:00:00:00:00,0,0,0,0,0,0,0,0,0,0,0,0,0,0,0,0,0,0,0,0,0,128,[84 -64 4 0 0 0 0 0 0 0 0 0 7 12 7 13 6 13 7 14 6 14 6 13 5 13 4 14 4 13 4 14 4 14 3 14 3 13 3 14 3 14 3 13 2 13 2 12 3 13 3 13 3 12 3 12 3 12 2 12 3 12 3 12 0 0 3 11 4 11 4 11 4 11 4 11 4 11 5 11 5 10 5 10 5 10 5 10 5 11 6 11 7 10 6 10 6 10 7 10 7 10 7 10 7 9 8 10 8 10 8 10 8 10 8 10 8 10 0 0 0 0 0 0 0 0 0 0]"
"1769235458837138,CSI_DATA,STATION,00:00:00:00:00:00,0,0,0,0,0,0,0,0,0,0,0,0,0,0,0,0,0,0,0,0,0,128,[84 -64 4 0 0 0 0 0 0 0 0 0 -5 14 -6 14 -6 14 -6 14 -7 13 -7 13 -8 13 -8 13 -8 12 -8 12 -8 12 -8 12 -9 12 -8 12 -9 11 -9 11 -9 11 -9 11 -8 11 -8 10 -8 10 -8 10 -8 10 -8 10 -7 10 -7 10 0 0 -7 10 -7 10 -6 11 -6 10 -6 11 -6 10 -5 11 -5 10 -6 11 -5 11 -5 11 -5 11 -5 11 -4 12 -4 11 -4 12 -4 12 -4 12 -4 12 -4 12 -3 12 -3 12 -3 13 -3 13 -3 13 -3 13 0 0 0 0 0 0 0 0 0 0]"
"1769235458843667,CSI_DATA,STATION,00:00:00:00:00:00,0,0,0,0,0,0,0,0,0,0,0,0,0,0,0,0,0,0,0,0,0,128,[84 -64 4 0 0 0 0 0 0 0 0 0 -13 -7 -12 -7 -12 -8 -12 -8 -12 -8 -11 -8 -11 -9 -10 -9 -10 -10 -10 -10 -11 -9 -10 -9 -10 -10 -10 -10 -9 -10 -9 -10 -9 -9 -9 -10 -9 -10 -8 -10 -8 -10 -8 -10 -8 -9 -9 -9 -8 -8 -8 -8 0 0 -8 -8 -8 -8 -9 -8 -9 -8 -9 -8 -9 -8 -9 -7 -9 -7 -9 -7 -10 -7 -10 -6 -10 -7 -10 -7 -10 -7 -10 -6 -11 -6 -10 -6 -10 -6 -11 -6 -11 -6 -11 -6 -11 -6 -12 -6 -11 -5 -11 -5 -11 -5 0 0 0 0 0 0 0 0 0 0]"
"1769235458848031,CSI_DATA,STATION,00:00:00:00:00:00,0,0,0,0,0,0,0,0,0,0,0,0,0,0,0,0,0,0,0,0,0,128,[84 -64 4 0 0 0 0 0 0 0 0 0 13 -2 13 -1 13 -1 13 -1 13 0 14 0 13 1 13 1 13 1 13 2 12 2 12 2 12 3 12 3 12 3 11 3 12 3 11 3 12 3 11 3 11 3 11 3 11 3 11 3 10 2 11 2 0 0 10 2 10 2 10 2 10 1 10 1 10 1 10 1 10 0 10 0 10 0 10 0 10 0 11 0 11 0 11 -1 11 -1 11 -1 11 -2 11 -2 11 -2 11 -2 11 -2 11 -2 11 -2 11 -2 12 -2 0 0 0 0 0 0 0 0 0 0]"
"1769235458854560,CSI_DATA,STATION,00:00:00:00:00:00,0,0,0,0,0,0,0,0,0,0,0,0,0,0,0,0,0,0,0,0,0,128,[84 -64 4 0 0 0 0 0 0 0 0 0 -1 -15 -1 -16 0 -15 0 -16 0 -16 1 -16 1 -16 2 -16 2 -15 2 -15 2 -15 2 -15 3 -15 2 -15 2 -15 3 -14 4 -14 3 -14 3 -14 3 -14 3 -13 3 -13 3 -13 3 -13 2 -13 2 -13 0 0 2 -13 1 -13 1 -13 1 -13 1 -13 1 -13 0 -13 0 -13 0 -13 0 -13 -1 -13 -1 -13 -1 -13 -1 -13 -1 -13 -1 -13 -2 -13 -2 -14 -2 -14 -2 -14 -3 -14 -3 -14 -3 -14 -4 -14 -4 -14 -4 -14 0 0 0 0 0 0 0 0 0 0]"
"1769235458858915,CSI_DATA,STATION,00:00:00:00:00:00,0,0,0,0,0,0,0,0,0,0,0,0,0,0,0,0,0,0,0,0,0,128,[84 -64 4 0 0 0 0 0 0 0 0 0 13 4 12 4 12 5 12 5 12 6 11 6 11 6 11 7 11 7 11 7 11 7 10 7 10 7 10 7 9 7 10 8 9 7 9 7 8 7 9 7 8 7 9 7 9 7 9 7 8 7 8 6 0 0 8 6 9 6 9 5 9 6 9 5 9 5 9 5 9 5 9 4 9 5 9 4 10 4 10 4 10 4 10 4 10 3 11 3 10 3 11 3 10 3 11 3 11 3 12 3 11 2 11 2 11 2 0 0 0 0 0 0 0 0 0 0]"
"1769235458863249,CSI_DATA,STATION,00:00:00:00:00:00,0,0,0,0,0,0,0,0,0,0,0,0,0,0,0,0,0,0,0,0,0,128,[84 -64 4 0 0 0 0 0 0 0 0 0 0 13 -1 13 -1 13 -2 13 -2 13 -2 13 -3 13 -3 13 -3 12 -3 12 -4 12 -3 12 -4 12 -3 12 -4 12 -3 12 -4 12 -4 11 -4 11 -4 11 -4 11 -4 11 -4 11 -4 11 -3 11 -3 11 0 0 -3 10 -2 10 -2 11 -2 11 -2 11 -2 10 -2 11 -2 11 -1 10 -1 10 0 11 -1 11 0 11 0 11 0 11 1 11 1 10 1 11 1 11 1 11 1 11 2 11 2 11 2 11 2 11 2 12 0 0 0 0 0 0 0 0 0 0]"
"1769235458869731,CSI_DATA,STATION,00:00:00:00:00:00,0,0,0,0,0,0,0,0,0,0,0,0,0,0,0,0,0,0,0,0,0,128,[84 -64 4 0 0 0 0 0 0 0 0 0 6 11 6 12 5 11 5 12 4 12 4 13 3 12 3 13 3 13 3 12 2 12 2 12 2 12 2 12 2 12 2 12 1 12 0 11 1 12 1 12 1 11 1 11 1 11 1 11 1 11 1 11 0 0 2 10 2 11 2 10 2 10 2 10 2 10 3 10 3 10 3 10 3 10 3 10 3 10 4 10 4 10 4 10 4 10 4 10 5 10 5 10 5 10 5 10 5 10 5 10 6 10 5 10 6 10 0 0 0 0 0 0 0 0 0 0]"
"1769235458874062,CSI_DATA,STATION,00:00:00:00:00:00,0,0,0,0,0,0,0,0,0,0,0,0,0,0,0,0,0,0,0,0,0,128,[84 -64 4 0 0 0 0 0 0 0 0 0 3 13 3 12 2 13 2 13 1 13 1 13 1 13 0 13 0 13 -1 13 -1 12 -1 13 -2 12 -1 12 -1 12 -2 12 -2 12 -2 11 -2 12 -2 12 -1 11 -1 11 -1 11 -1 11 -1 11 -1 11 0 0 0 11 0 11 0 10 0 11 0 11 1 11 1 11 1 10 1 10 1 11 1 10 2 11 1 11 2 11 2 11 2 11 3 11 3 11 3 11 3 10 4 11 4 11 4 11 4 10 4 11 4 11 0 0 0 0 0 0 0 0 0 0]"
"1769235458878359,CSI_DATA,STATION,00:00:00:00:00:00,0,0,0,0,0,0,0,0,0,0,0,0,0,0,0,0,0,0,0,0,0,128,[84 -64 4 0 0 0 0 0 0 0 0 0 -4 13 -4 12 -4 13 -5 12 -5 12 -5 12 -6 12 -7 11 -6 12 -7 12 -7 11 -7 10 -8 11 -7 10 -7 10 -7 10 -8 10 -8 10 -7 10 -7 9 -7 10 -7 9 -7 10 -7 9 -6 9 -6 9 0 0 -6 9 -5 10 -5 9 -6 9 -5 10 -5 9 -5 9 -5 10 -4 10 -4 10 -4 10 -4 10 -4 10 -4 10 -4 11 -3 10 -3 11 -4 11 -3 11 -3 11 -3 11 -3 11 -3 11 -2 11 -2 11 -2 12 0 0 0 0 0 0 0 0 0 0]"
"1769235458884818,CSI_DATA,STATION,00:00:00:00:00:00,0,0,0,0,0,0,0,0,0,0,0,0,0,0,0,0,0,0,0,0,0,128,[84 -64 4 0 0 0 0 0 0 0 0 0 13 -3 13 -3 13 -2 13 -2 13 -2 13 -1 13 -1 13 0 13 0 13 1 13 0 12 0 13 1 12 1 12 2 12 1 12 2 12 2 12 2 12 2 11 2 11 2 11 1 11 1 11 1 11 1 0 0 11 1 11 0 11 1 11 0 11 0 11 1 10 0 10 0 11 -1 10 0 10 -1 11 -1 11 -1 11 -1 11 -2 11 -2 11 -1 11 -2 11 -2 11 -2 11 -2 11 -2 12 -3 11 -3 12 -4 12 -3 0 0 0 0 0 0 0 0 0 0]"
"1769235458895517,CSI_DATA,STATION,00:00:00:00:00:00,0,0,0,0,0,0,0,0,0,0,0,0,0,0,0,0,0,0,0,0,0,128,[84 -64 4 0 0 0 0 0 0 0 0 0 -12 5 -12 5 -12 4 -12 4 -12 3 -12 4 -12 3 -13 3 -13 2 -13 2 -12 2 -12 1 -12 1 -12 1 -12 1 -12 2 -12 1 -11 1 -12 0 -12 0 -12 0 -11 1 -11 1 -11 1 -11 1 -11 1 0 0 -11 1 -11 1 -10 2 -11 1 -10 2 -10 1 -10 2 -11 2 -10 2 -10 3 -10 3 -10 3 -10 3 -10 3 -10 3 -11 4 -10 3 -10 4 -10 4 -11 4 -10 4 -10 4 -11 4 -10 5 -10 5 -10 5 0 0 0 0 0 0 0 0 0 0]"
"1769235458902006,CSI_DATA,STATION,00:00:00:00:00:00,0,0,0,0,0,0,0,0,0,0,0,0,0,0,0,0,0,0,0,0,0,128,[84 -64 4 0 0 0 0 0 0 0 0 0 13 0 13 1 13 2 13 2 13 2 13 3 13 3 13 4 12 3 13 4 12 3 12 4 12 4 12 4 11 5 11 4 11 5 11 5 11 5 11 5 11 5 10 4 11 4 11 5 10 4 11 3 0 0 10 4 10 3 10 3 10 3 11 3 10 3 10 3 10 2 10 2 10 2 11 1 11 2 11 2 11 2 11 1 11 1 11 1 12 0 12 1 11 0 12 0 11 1 12 0 12 0 12 0 12 -1 0 0 0 0 0 0 0 0 0 0]"
"1769235458908515,CSI_DATA,STATION,00:00:00:00:00:00,0,0,0,0,0,0,0,0,0,0,0,0,0,0,0,0,0,0,0,0,0,128,[84 -64 4 0 0 0 0 0 0 0 0 0 -5 -13 -4 -14 -4 -13 -4 -14 -3 -14 -3 -14 -2 -14 -3 -14 -2 -14 -1 -14 -1 -14 -1 -13 -1 -14 -1 -14 -1 -14 -1 -13 0 -13 0 -12 0 -13 0 -13 0 -13 0 -13 0 -12 0 -12 0 -12 -1 -12 0 0 -1 -12 -1 -11 -1 -12 -1 -11 -2 -12 -2 -12 -2 -11 -2 -12 -2 -11 -3 -11 -3 -12 -3 -12 -3 -12 -3 -12 -3 -11 -4 -12 -4 -12 -4 -12 -4 -12 -4 -12 -4 -12 -4 -12 -5 -12 -5 -12 -6 -12 -5 -12 0 0 0 0 0 0 0 0 0 0]"
"1769235458912822,CSI_DATA,STATION,00:00:00:00:00:00,0,0,0,0,0,0,0,0,0,0,0,0,0,0,0,0,0,0,0,0,0,128,[84 -64 4 0 0 0 0 0 0 0 0 0 9 9 9 9 8 10 8 10 7 11 8 11 7 11 6 11 6 11 6 12 6 11 6 11 5 11 5 11 5 12 5 11 5 11 5 11 5 11 4 11 4 11 4 11 5 11 5 10 4 10 4 10 0 0 5 10 4 10 5 10 5 9 5 9 5 9 6 9 6 9 6 9 6 8 6 8 7 9 7 8 7 9 7 9 7 9 8 8 7 8 8 8 7 8 8 8 8 8 8 8 9 7 9 8 9 8 0 0 0 0 0 0 0 0 0 0]"
"1769235458919382,CSI_DATA,STATION,00:00:00:00:00:00,0,0,0,0,0,0,0,0,0,0,0,0,0,0,0,0,0,0,0,0,0,128,[84 -64 4 0 0 0 0 0 0 0 0 0 -11 -7 -10 -8 -10 -8 -10 -8 -9 -9 -10 -9 -9 -9 -9 -10 -8 -10 -8 -10 -8 -10 -8 -10 -8 -10 -8 -10 -8 -10 -7 -10 -7 -10 -7 -9 -7 -10 -6 -10 -7 -9 -7 -10 -7 -9 -7 -9 -7 -9 -7 -9 0 0 -7 -9 -7 -8 -7 -8 -7 -8 -8 -8 -7 -8 -7 -8 -8 -8 -8 -7 -8 -7 -9 -7 -9 -7 -9 -7 -9 -7 -8 -7 -9 -7 -9 -7 -9 -7 -9 -7 -10 -7 -10 -7 -10 -7 -10 -7 -11 -6 -10 -6 -10 -6 0 0 0 0 0 0 0 0 0 0]"
"1769235458923802,CSI_DATA,STATION,00:00:00:00:00:00,0,0,0,0,0,0,0,0,0,0,0,0,0,0,0,0,0,0,0,0,0,128,[84 -64 4 0 0 0 0 0 0 0 0 0 -10 -10 -10 -10 -10 -11 -9 -11 -9 -12 -9 -12 -8 -12 -8 -12 -7 -12 -8 -13 -7 -12 -7 -12 -7 -13 -7 -12 -6 -13 -6 -12 -6 -12 -6 -12 -5 -11 -5 -12 -5 -12 -5 -12 -5 -11 -6 -11 -5 -11 -6 -11 0 0 -6 -11 -6 -11 -6 -10 -6 -10 -6 -11 -6 -10 -6 -10 -7 -10 -7 -10 -7 -10 -7 -10 -8 -10 -7 -9 -8 -10 -8 -10 -8 -9 -8 -10 -8 -10 -8 -9 -9 -10 -9 -10 -9 -9 -10 -10 -10 -9 -9 -9 -10 -9 0 0 0 0 0 0 0 0 0 0]"
"1769235458928164,CSI_DATA,STATION,00:00:00:00:00:00,0,0,0,0,0,0,0,0,0,0,0,0,0,0,0,0,0,0,0,0,0,128,[84 -64 4 0 0 0 0 0 0 0 0 0 -13 5 -13 5 -13 4 -13 4 -14 4 -14 4 -14 3 -14 3 -14 2 -14 2 -14 2 -14 2 -14 1 -13 1 -14 1 -13 1 -13 0 -12 0 -13 0 -13 0 -13 0 -13 0 -13 1 -12 0 -12 0 -12 1 0 0 -12 1 -12 1 -12 1 -12 1 -11 1 -12 2 -12 2 -11 2 -11 2 -12 2 -11 3 -11 3 -12 3 -12 3 -12 3 -12 4 -11 4 -12 4 -12 4 -12 4 -12 5 -12 5 -12 4 -12 4 -12 5 -12 5 0 0 0 0 0 0 0 0 0 0]"
"1769235458934534,CSI_DATA,STATION,00:00:00:00:00:00,0,0,0,0,0,0,0,0,0,0,0,0,0,0,0,0,0,0,0,0,0,128,[84 -64 4 0 0 0 0 0 0 0 0 0 -14 0 -14 -1 -14 -1 -14 -1 -14 -2 -15 -2 -14 -3 -14 -3 -13 -3 -14 -4 -14 -4 -13 -4 -13 -5 -13 -5 -13 -5 -12 -4 -13 -5 -13 -5 -12 -5 -12 -5 -12 -4 -12 -5 -12 -5 -12 -4 -12 -4 -12 -4 0 0 -12 -3 -11 -4 -12 -3 -11 -3 -12 -3 -11 -3 -12 -3 -12 -2 -11 -2 -12 -2 -12 -2 -12 -2 -12 -2 -12 -1 -12 -1 -13 -1 -12 -1 -13 -1 -13 0 -13 0 -13 0 -13 0 -13 0 -13 0 -13 0 -13 0 0 0 0 0 0 0 0 0 0 0]"
"1769235458938925,CSI_DATA,STATION,00:00:00:00:00:00,0,0,0,0,0,0,0,0,0,0,0,0,0,0,0,0,0,0,0,0,0,128,[84 -64 4 0 0 0 0 0 0 0 0 0 -12 -8 -12 -9 -10 -9 -11 -10 -10 -10 -11 -11 -10 -10 -10 -11 -10 -11 -9 -11 -9 -11 -9 -11 -8 -12 -9 -11 -8 -11 -8 -10 -8 -12 -8 -11 -8 -12 -7 -11 -8 -11 -7 -11 -8 -10 -8 -10 -8 -10 -8 -10 0 0 -8 -9 -8 -9 -8 -9 -8 -8 -9 -9 -8 -8 -9 -8 -9 -8 -9 -8 -9 -8 -10 -7 -10 -8 -10 -8 -11 -7 -10 -7 -11 -8 -11 -7 -11 -7 -11 -7 -11 -7 -11 -7 -12 -7 -11 -6 -12 -7 -12 -7 -12 -6 0 0 0 0 0 0 0 0 0 0]"
"1769235458945476,CSI_DATA,STATION,00:00:00:00:00:00,0,0,0,0,0,0,0,0,0,0,0,0,0,0,0,0,0,0,0,0,0,128,[84 -64 4 0 0 0 0 0 0 0 0 0 -14 -1 -14 -1 -14 -2 -14 -2 -14 -3 -14 -3 -14 -4 -14 -4 -14 -5 -13 -5 -14 -5 -13 -5 -14 -6 -13 -6 -13 -5 -12 -5 -12 -6 -12 -6 -12 -6 -12 -6 -12 -6 -12 -6 -12 -5 -11 -6 -12 -5 -12 -5 0 0 -11 -5 -11 -4 -11 -4 -11 -4 -12 -5 -11 -4 -11 -4 -12 -4 -11 -4 -12 -4 -12 -3 -12 -3 -12 -3 -12 -3 -12 -2 -13 -2 -12 -3 -13 -2 -13 -2 -13 -2 -13 -2 -13 -2 -13 -2 -13 -1 -13 -1 -14 -1 0 0 0 0 0 0 0 0 0 0]"
"1769235458949804,CSI_DATA,STATION,00:00:00:00:00:00,0,0,0,0,0,0,0,0,0,0,0,0,0,0,0,0,0,0,0,0,0,128,[84 -64 4 0 0 0 0 0 0 0 0 0 -13 -4 -14 -5 -14 -5 -13 -6 -13 -6 -13 -7 -13 -7 -13 -7 -12 -8 -12 -8 -12 -8 -12 -8 -12 -8 -12 -8 -11 -8 -11 -8 -11 -8 -11 -8 -10 -8 -10 -8 -10 -8 -10 -8 -10 -8 -11 -8 -10 -8 -10 -7 0 0 -10 -7 -10 -6 -10 -6 -10 -6 -11 -6 -10 -6 -11 -6 -11 -6 -11 -5 -11 -5 -12 -5 -12 -5 -11 -5 -12 -5 -11 -5 -12 -4 -12 -5 -12 -5 -12 -4 -13 -4 -13 -4 -13 -4 -13 -4 -13 -4 -13 -3 -13 -3 0 0 0 0 0 0 0 0 0 0]"
"1769235458956382,CSI_DATA,STATION,00:00:00:00:00:00,0,0,0,0,0,0,0,0,0,0,0,0,0,0,0,0,0,0,0,0,0,128,[84 -64 4 0 0 0 0 0 0 0 0 0 6 -14 7 -15 7 -14 8 -14 7 -14 9 -14 9 -13 9 -13 10 -13 10 -13 9 -12 10 -12 10 -11 9 -12 10 -12 9 -11 10 -11 10 -10 10 -11 10 -10 9 -10 9 -11 9 -10 9 -11 8 -10 9 -11 0 0 8 -11 7 -10 7 -11 7 -11 7 -11 7 -11 6 -11 7 -12 7 -11 6 -12 6 -12 6 -12 6 -12 5 -13 5 -13 6 -13 5 -13 5 -14 5 -14 5 -13 5 -14 4 -14 4 -14 4 -15 3 -15 4 -14 0 0 0 0 0 0 0 0 0 0]"
"1769235458960808,CSI_DATA,STATION,00:00:00:00:00:00,0,0,0,0,0,0,0,0,0,0,0,0,0,0,0,0,0,0,0,0,0,128,[84 -64 4 0 0 0 0 0 0 0 0 0 -9 -11 -8 -12 -8 -12 -8 -12 -7 -13 -7 -13 -7 -12 -6 -13 -6 -13 -5 -14 -5 -13 -5 -14 -4 -13 -5 -13 -4 -13 -5 -13 -4 -13 -4 -12 -4 -13 -4 -13 -3 -13 -4 -12 -4 -12 -3 -12 -4 -12 -4 -12 0 0 -4 -12 -4 -11 -4 -12 -5 -11 -5 -11 -4 -12 -5 -11 -5 -11 -5 -11 -5 -11 -6 -11 -6 -11 -6 -11 -6 -11 -6 -11 -7 -11 -7 -11 -7 -11 -7 -11 -7 -12 -7 -11 -8 -11 -7 -12 -8 -11 -8 -11 -8 -11 0 0 0 0 0 0 0 0 0 0]"
"1769235458965195,CSI_DATA,STATION,00:00:00:00:00:00,0,0,0,0,0,0,0,0,0,0,0,0,0,0,0,0,0,0,0,0,0,128,[84 -64 4 0 0 0 0 0 0 0 0 0 10 -10 11 -9 11 -8 10 -8 11 -8 11 -8 12 -8 12 -7 12 -7 13 -7 12 -6 12 -6 11 -6 11 -5 12 -5 12 -5 12 -5 11 -5 11 -5 12 -5 11 -5 11 -5 11 -5 11 -5 11 -5 11 -6 0 0 10 -5 10 -5 10 -6 10 -6 10 -6 10 -6 9 -6 9 -6 10 -7 9 -7 9 -7 9 -7 9 -7 9 -7 9 -8 9 -9 9 -8 9 -9 9 -9 9 -9 9 -9 8 -9 9 -9 9 -10 9 -10 9 -10 0 0 0 0 0 0 0 0 0 0]"
"1769235458971749,CSI_DATA,STATION,00:00:00:00:00:00,0,0,0,0,0,0,0,0,0,0,0,0,0,0,0,0,0,0,0,0,0,128,[84 -64 4 0 0 0 0 0 0 0 0 0 -7 -11 -7 -11 -7 -11 -6 -12 -6 -12 -6 -12 -5 -12 -5 -12 -5 -12 -5 -13 -4 -12 -4 -12 -4 -12 -4 -12 -4 -12 -3 -12 -3 -12 -3 -12 -3 -12 -3 -12 -3 -11 -3 -11 -3 -11 -3 -11 -3 -11 -3 -11 0 0 -3 -11 -4 -11 -4 -10 -4 -11 -4 -10 -4 -11 -4 -10 -4 -10 -5 -10 -5 -10 -5 -10 -5 -10 -5 -10 -5 -10 -6 -10 -6 -10 -6 -10 -6 -10 -6 -10 -6 -10 -7 -10 -7 -10 -7 -10 -8 -10 -7 -10 -7 -10 0 0 0 0 0 0 0 0 0 0]"
"1769235458976144,CSI_DATA,STATION,00:00:00:00:00:00,0,0,0,0,0,0,0,0,0,0,0,0,0,0,0,0,0,0,0,0,0,128,[84 -64 4 0 0 0 0 0 0 0 0 0 -19 -12 -19 -13 -18 -13 -18 -14 -17 -15 -18 -15 -16 -15 -16 -16 -15 -16 -16 -17 -15 -16 -15 -16 -14 -17 -14 -16 -14 -17 -13 -16 -12 -17 -13 -16 -13 -16 -12 -17 -12 -16 -12 -16 -12 -15 -12 -16 -12 -15 -12 -15 0 0 -11 -14 -12 -14 -12 -14 -12 -13 -13 -13 -13 -14 -13 -13 -13 -13 -13 -12 -14 -12 -14 -12 -14 -12 -15 -12 -14 -12 -15 -12 -15 -11 -15 -12 -15 -11 -16 -11 -16 -11 -16 -11 -16 -11 -16 -11 -18 -11 -17 -10 -18 -10 0 0 0 0 0 0 0 0 0 0]"
"1769235458980564,CSI_DATA,STATION,00:00:00:00:00:00,0,0,0,0,0,0,0,0,0,0,0,0,0,0,0,0,0,0,0,0,0,128,[84 -64 4 0 0 0 0 0 0 0 0 0 11 4 11 4 10 6 11 6 10 6 10 7 10 7 10 7 9 7 9 8 9 7 9 8 9 8 9 8 8 8 8 8 8 8 8 8 7 8 7 8 7 8 8 8 7 8 8 7 7 7 7 7 0 0 8 7 7 7 8 6 7 6 8 7 8 6 8 6 8 6 8 5 8 6 8 5 9 6 8 6 9 5 8 6 9 5 9 5 9 5 10 5 9 5 10 5 10 5 10 5 10 5 10 4 10 4 0 0 0 0 0 0 0 0 0 0]"
"1769235458987082,CSI_DATA,STATION,00:00:00:00:00:00,0,0,0,0,0,0,0,0,0,0,0,0,0,0,0,0,0,0,0,0,0,128,[84 -64 4 0 0 0 0 0 0 0 0 0 -13 2 -13 2 -13 1 -14 1 -12 0 -14 0 -13 -1 -13 -1 -13 -1 -13 -1 -13 -2 -13 -2 -12 -2 -13 -2 -13 -2 -12 -2 -12 -3 -11 -3 -12 -3 -12 -2 -12 -2 -12 -3 -11 -2 -11 -3 -11 -2 -12 -2 0 0 -11 -1 -11 -2 -11 -1 -11 -1 -11 -1 -11 -1 -11 -1 -11 -1 -11 0 -11 0 -11 0 -12 0 -12 0 -12 1 -11 1 -12 1 -11 1 -12 1 -12 2 -12 1 -12 2 -12 2 -12 2 -12 2 -12 2 -12 2 0 0 0 0 0 0 0 0 0 0]"
"1769235458991346,CSI_DATA,STATION,00:00:00:00:00:00,0,0,0,0,0,0,0,0,0,0,0,0,0,0,0,0,0,0,0,0,0,128,[84 -64 4 0 0 0 0 0 0 0 0 0 10 -9 11 -9 11 -8 11 -8 12 -7 12 -7 12 -7 12 -6 12 -6 12 -6 12 -6 12 -5 12 -5 12 -5 12 -5 12 -5 12 -5 11 -5 11 -5 12 -5 11 -4 11 -5 11 -5 11 -5 10 -5 11 -5 0 0 11 -5 10 -5 10 -6 10 -6 10 -6 10 -6 10 -6 9 -7 9 -7 9 -7 9 -7 9 -7 9 -7 9 -8 9 -9 9 -9 9 -8 9 -9 9 -9 9 -9 9 -9 8 -9 9 -9 8 -10 9 -10 9 -10 0 0 0 0 0 0 0 0 0 0]"
"1769235458997765,CSI_DATA,STATION,00:00:00:00:00:00,0,0,0,0,0,0,0,0,0,0,0,0,0,0,0,0,0,0,0,0,0,128,[84 -64 4 0 0 0 0 0 0 0 0 0 4 11 3 11 3 12 3 12 2 12 2 12 1 12 1 12 0 12 0 12 0 12 1 12 0 12 0 12 -1 12 0 11 -1 11 -1 11 -1 11 -1 11 -1 11 -1 11 -1 11 0 11 0 10 0 10 0 0 0 10 1 10 1 10 0 10 1 10 1 10 1 10 1 10 2 10 2 10 3 10 2 10 3 10 3 11 3 10 3 11 3 9 3 10 3 11 3 10 4 10 4 10 4 10 5 10 5 10 5 11 0 0 0 0 0 0 0 0 0 0]"
"1769235459002067,CSI_DATA,STATION,00:00:00:00:00:00,0,0,0,0,0,0,0,0,0,0,0,0,0,0,0,0,0,0,0,0,0,128,[84 -64 4 0 0 0 0 0 0 0 0 0 -15 0 -15 0 -15 0 -15 0 -14 -1 -15 -2 -14 -2 -15 -2 -14 -2 -15 -3 -15 -3 -14 -3 -14 -5 -14 -4 -13 -4 -13 -3 -13 -4 -13 -4 -13 -4 -13 -4 -12 -4 -12 -4 -13 -4 -13 -4 -12 -4 -12 -3 0 0 -12 -3 -12 -2 -12 -2 -12 -3 -13 -3 -12 -2 -12 -2 -12 -2 -12 -1 -12 -1 -12 -1 -13 -1 -13 -1 -13 0 -13 0 -13 0 -13 0 -13 0 -13 1 -14 1 -13 1 -13 1 -14 1 -14 1 -14 1 -14 1 0 0 0 0 0 0 0 0 0 0]"
"1769235459006373,CSI_DATA,STATION,00:00:00:00:00:00,0,0,0,0,0,0,0,0,0,0,0,0,0,0,0,0,0,0,0,0,0,128,[84 -64 4 0 0 0 0 0 0 0 0 0 10 6 10 7 9 7 9 7 9 7 9 8 9 8 8 9 8 9 8 9 8 9 7 9 7 9 7 9 7 9 7 9 6 9 7 9 6 9 6 9 6 9 6 9 6 8 6 8 6 8 6 8 0 0 6 7 6 8 7 7 6 8 7 8 7 7 7 7 7 7 7 7 7 7 7 6 8 7 8 7 8 7 8 6 9 6 8 6 9 6 9 6 9 6 9 6 9 6 9 6 10 6 10 6 10 6 0 0 0 0 0 0 0 0 0 0]"
"1769235459012847,CSI_DATA,STATION,00:00:00:00:00:00,0,0,0,0,0,0,0,0,0,0,0,0,0,0,0,0,0,0,0,0,0,128,[84 -64 4 0 0 0 0 0 0 0 0 0 -3 -13 -2 -13 -1 -13 -1 -14 -1 -13 -1 -13 0 -13 1 -13 1 -13 0 -13 1 -13 1 -13 1 -13 1 -13 2 -13 1 -12 2 -12 2 -12 2 -12 2 -12 2 -11 2 -12 1 -11 1 -11 1 -11 1 -11 0 0 0 -11 0 -11 0 -11 0 -11 0 -11 -1 -11 -1 -11 -1 -11 -1 -11 -2 -11 -1 -11 -2 -11 -2 -11 -2 -11 -2 -12 -2 -12 -3 -11 -3 -12 -3 -12 -3 -11 -3 -12 -3 -12 -3 -12 -3 -12 -4 -12 -4 -12 0 0 0 0 0 0 0 0 0 0]"
"1769235459017190,CSI_DATA,STATION,00:00:00:00:00:00,0,0,0,0,0,0,0,0,0,0,0,0,0,0,0,0,0,0,0,0,0,128,[84 -64 4 0 0 0 0 0 0 0 0 0 13 4 13 5 12 6 12 6 12 7 12 7 11 7 11 7 11 7 11 8 11 7 10 7 10 8 11 8 10 8 10 8 10 8 10 8 9 8 9 7 9 8 9 8 9 7 9 7 9 7 9 6 0 0 9 6 9 6 9 6 9 5 9 6 9 5 9 5 9 6 10 5 10 5 10 4 10 5 11 5 11 5 11 4 11 4 11 4 11 4 11 4 11 4 12 3 12 4 12 4 12 3 13 3 12 2 0 0 0 0 0 0 0 0 0 0]"
"1769235459023881,CSI_DATA,STATION,00:00:00:00:00:00,0,0,0,0,0,0,0,0,0,0,0,0,0,0,0,0,0,0,0,0,0,128,[84 -64 4 0 0 0 0 0 0 0 0 0 -9 -9 -9 -10 -9 -10 -8 -11 -8 -11 -8 -11 -7 -11 -7 -11 -7 -12 -7 -12 -7 -11 -7 -11 -6 -11 -7 -11 -6 -12 -5 -11 -5 -11 -5 -11 -5 -11 -5 -11 -5 -11 -5 -11 -5 -10 -6 -10 -5 -10 -5 -10 0 0 -6 -10 -5 -10 -6 -10 -6 -9 -6 -9 -6 -10 -6 -10 -7 -9 -7 -9 -7 -9 -8 -9 -7 -9 -8 -9 -8 -9 -7 -9 -8 -9 -8 -8 -8 -9 -8 -9 -8 -9 -9 -9 -9 -9 -9 -9 -10 -9 -9 -8 -9 -9 0 0 0 0 0 0 0 0 0 0]"
"1769235459028339,CSI_DATA,STATION,00:00:00:00:00:00,0,0,0,0,0,0,0,0,0,0,0,0,0,0,0,0,0,0,0,0,0,128,[84 -64 4 0 0 0 0 0 0 0 0 0 -11 8 -12 8 -12 8 -12 7 -13 7 -13 6 -13 7 -13 6 -13 6 -14 5 -13 5 -13 5 -13 4 -13 4 -13 4 -13 4 -13 4 -12 4 -13 4 -12 3 -12 4 -12 4 -12 4 -12 4 -11 4 -12 4 0 0 -12 4 -11 5 -11 5 -11 5 -11 5 -10 5 -10 5 -11 5 -10 6 -11 6 -11 7 -10 6 -10 6 -10 7 -11 7 -10 8 -10 8 -10 7 -10 8 -10 8 -10 9 -10 8 -10 9 -10 9 -10 9 -10 9 0 0 0 0 0 0 0 0 0 0]"
"1769235459032690,CSI_DATA,STATION,00:00:00:00:00:00,0,0,0,0,0,0,0,0,0,0,0,0,0,0,0,0,0,0,0,0,0,128,[84 -64 4 0 0 0 0 0 0 0 0 0 -12 4 -12 4 -13 3 -13 3 -12 3 -13 2 -13 2 -13 2 -13 2 -13 1 -13 1 -13 1 -12 0 -13 0 -13 0 -12 1 -13 0 -12 0 -12 -1 -12 0 -12 0 -11 0 -11 0 -11 0 -11 0 -11 0 0 0 -11 1 -11 1 -11 1 -11 1 -11 1 -11 1 -11 1 -11 1 -11 2 -11 2 -11 2 -11 2 -11 3 -11 3 -11 3 -11 3 -11 3 -11 3 -11 4 -11 4 -11 4 -11 4 -11 4 -11 4 -11 5 -11 5 0 0 0 0 0 0 0 0 0 0]"
"1769235459039192,CSI_DATA,STATION,00:00:00:00:00:00,0,0,0,0,0,0,0,0,0,0,0,0,0,0,0,0,0,0,0,0,0,128,[84 -64 4 0 0 0 0 0 0 0 0 0 -12 5 -12 5 -12 5 -12 4 -12 4 -12 3 -13 3 -13 3 -12 2 -13 2 -12 2 -13 2 -12 2 -12 1 -12 1 -12 2 -12 1 -11 1 -12 1 -12 1 -11 1 -11 1 -12 1 -11 1 -11 1 -12 1 0 0 -11 2 -11 2 -10 2 -11 2 -10 2 -10 2 -10 2 -10 3 -10 3 -11 3 -11 4 -11 4 -11 3 -10 4 -11 4 -11 4 -10 4 -11 5 -11 5 -11 5 -11 5 -11 5 -11 5 -11 5 -11 6 -11 6 0 0 0 0 0 0 0 0 0 0]"
"1769235459043510,CSI_DATA,STATION,00:00:00:00:00:00,0,0,0,0,0,0,0,0,0,0,0,0,0,0,0,0,0,0,0,0,0,128,[84 -64 4 0 0 0 0 0 0 0 0 0 6 -10 6 -10 6 -9 6 -9 7 -9 7 -9 7 -8 8 -9 8 -8 8 -8 8 -7 8 -8 8 -7 8 -7 8 -7 8 -7 8 -7 8 -7 8 -6 8 -7 8 -6 7 -6 8 -6 7 -6 7 -6 7 -6 0 0 7 -7 7 -6 7 -6 7 -7 6 -7 6 -7 6 -7 6 -7 6 -7 6 -8 6 -7 6 -7 6 -8 6 -7 6 -8 6 -8 6 -8 5 -9 6 -9 5 -9 5 -9 5 -9 6 -9 5 -9 5 -10 5 -9 0 0 0 0 0 0 0 0 0 0]"
"1769235459047835,CSI_DATA,STATION,00:00:00:00:00:00,0,0,0,0,0,0,0,0,0,0,0,0,0,0,0,0,0,0,0,0,0,128,[84 -64 4 0 0 0 0 0 0 0 0 0 -10 10 -10 9 -11 9 -11 9 -11 8 -12 8 -12 8 -12 8 -12 7 -12 7 -12 7 -12 6 -12 6 -12 6 -12 6 -12 6 -12 6 -12 6 -12 5 -12 5 -11 5 -11 5 -11 6 -11 6 -11 5 -11 6 0 0 -10 6 -10 5 -10 6 -10 6 -10 6 -10 6 -9 7 -9 7 -9 7 -9 8 -9 8 -9 7 -9 8 -9 9 -9 8 -9 9 -8 9 -8 9 -8 9 -8 9 -8 10 -8 10 -8 10 -8 10 -8 10 -8 10 0 0 0 0 0 0 0 0 0 0]"
"1769235459054331,CSI_DATA,STATION,00:00:00:00:00:00,0,0,0,0,0,0,0,0,0,0,0,0,0,0,0,0,0,0,0,0,0,128,[84 -64 4 0 0 0 0 0 0 0 0 0 2 -14 2 -14 3 -14 3 -14 4 -14 4 -14 5 -13 5 -13 5 -13 5 -13 5 -13 5 -12 6 -13 5 -12 5 -12 5 -11 6 -12 6 -12 6 -12 6 -11 5 -11 5 -11 5 -11 5 -11 5 -11 5 -11 0 0 5 -11 4 -11 4 -11 4 -11 4 -11 3 -11 3 -11 3 -12 3 -11 3 -11 2 -12 2 -12 2 -12 2 -12 2 -13 2 -13 1 -13 1 -13 1 -13 1 -13 1 -13 1 -13 0 -13 0 -13 0 -13 0 -14 0 0 0 0 0 0 0 0 0 0]"
"1769235459058628,CSI_DATA,STATION,00:00:00:00:00:00,0,0,0,0,0,0,0,0,0,0,0,0,0,0,0,0,0,0,0,0,0,128,[84 -64 4 0 0 0 0 0 0 0 0 0 -8 -12 -7 -12 -7 -12 -7 -13 -6 -13 -6 -14 -6 -13 -5 -13 -5 -13 -5 -13 -5 -13 -4 -13 -4 -13 -4 -13 -3 -13 -4 -13 -4 -13 -4 -12 -3 -13 -3 -13 -3 -13 -3 -13 -3 -12 -3 -12 -3 -12 -4 -12 0 0 -4 -12 -4 -11 -4 -11 -4 -11 -4 -12 -4 -11 -5 -11 -5 -11 -5 -11 -5 -11 -6 -11 -6 -11 -6 -11 -6 -11 -6 -11 -7 -11 -7 -11 -7 -11 -7 -11 -7 -11 -8 -11 -8 -11 -7 -11 -8 -11 -8 -11 -8 -11 0 0 0 0 0 0 0 0 0 0]"
"1769235459071347,CSI_DATA,STATION,00:00:00:00:00:00,0,0,0,0,0,0,0,0,0,0,0,0,0,0,0,0,0,0,0,0,0,128,[84 -64 4 0 0 0 0 0 0 0 0 0 2 11 1 11 1 11 1 12 0 12 0 12 -1 12 -1 11 -1 12 -1 12 -2 11 -2 11 -2 11 -2 11 -2 11 -2 11 -2 10 -2 10 -2 10 -2 11 -2 10 -2 10 -2 10 -2 10 -2 10 -1 10 0 0 -1 9 -1 10 0 9 -1 10 0 10 0 10 0 9 0 10 0 10 0 10 1 9 1 10 1 10 1 9 1 10 2 10 2 10 2 9 2 10 2 10 3 10 3 10 3 10 3 10 3 10 3 10 0 0 0 0 0 0 0 0 0 0]"
"1769235459077795,CSI_DATA,STATION,00:00:00:00:00:00,0,0,0,0,0,0,0,0,0,0,0,0,0,0,0,0,0,0,0,0,0,128,[84 -64 4 0 0 0 0 0 0 0 0 0 11 -7 12 -7 11 -6 12 -6 12 -5 12 -5 13 -4 13 -4 12 -3 13 -3 13 -3 12 -3 12 -2 12 -3 12 -2 11 -2 12 -2 11 -2 11 -2 12 -2 12 -2 11 -2 11 -2 11 -2 11 -2 11 -3 0 0 11 -3 11 -3 10 -3 10 -3 11 -3 10 -3 10 -3 10 -4 10 -4 10 -4 10 -4 10 -4 10 -5 10 -5 10 -5 10 -5 10 -5 10 -6 10 -6 10 -6 10 -6 10 -6 10 -7 10 -7 10 -7 10 -7 0 0 0 0 0 0 0 0 0 0]"
"1769235459082131,CSI_DATA,STATION,00:00:00:00:00:00,0,0,0,0,0,0,0,0,0,0,0,0,0,0,0,0,0,0,0,0,0,128,[84 -64 4 0 0 0 0 0 0 0 0 0 7 9 6 9 6 10 6 10 5 11 5 10 5 11 4 11 4 10 4 11 3 11 3 10 3 11 3 10 3 11 3 10 3 10 3 10 3 10 2 10 3 10 3 10 3 10 3 10 3 9 3 9 0 0 3 8 3 9 4 8 4 9 4 8 4 8 4 8 4 9 5 8 5 8 5 8 5 8 5 8 5 7 6 8 6 7 6 7 6 7 7 7 6 7 7 7 7 8 7 7 7 7 7 8 8 7 0 0 0 0 0 0 0 0 0 0]"
"1769235459088612,CSI_DATA,STATION,00:00:00:00:00:00,0,0,0,0,0,0,0,0,0,0,0,0,0,0,0,0,0,0,0,0,0,128,[84 -64 4 0 0 0 0 0 0 0 0 0 13 16 13 16 10 17 11 19 9 18 10 18 9 18 9 19 8 18 7 18 7 19 7 18 7 19 6 19 7 19 6 18 5 17 5 17 5 17 5 18 5 17 5 17 5 16 6 16 5 16 6 16 0 0 5 15 6 15 6 15 6 15 6 15 6 15 7 14 7 15 8 14 8 13 8 14 9 14 8 14 9 13 9 13 9 14 10 14 10 13 10 13 11 13 11 13 11 13 11 13 12 13 13 12 13 12 0 0 0 0 0 0 0 0 0 0]"
"1769235459092941,CSI_DATA,STATION,00:00:00:00:00:00,0,0,0,0,0,0,0,0,0,0,0,0,0,0,0,0,0,0,0,0,0,128,[84 -64 4 0 0 0 0 0 0 0 0 0 4 -13 5 -13 5 -12 5 -12 6 -13 6 -12 6 -12 7 -12 7 -11 7 -12 7 -12 7 -11 7 -10 7 -10 7 -10 8 -10 7 -10 7 -10 7 -9 8 -9 7 -9 7 -9 7 -9 7 -10 7 -9 7 -10 0 0 6 -9 6 -9 6 -9 6 -9 6 -10 6 -9 6 -9 6 -10 5 -10 5 -10 5 -10 5 -10 5 -10 5 -10 5 -11 5 -11 4 -11 5 -11 5 -11 5 -11 4 -11 5 -11 4 -11 4 -12 4 -12 4 -12 0 0 0 0 0 0 0 0 0 0]"
"1769235459097293,CSI_DATA,STATION,00:00:00:00:00:00,0,0,0,0,0,0,0,0,0,0,0,0,0,0,0,0,0,0,0,0,0,128,[84 -64 4 0 0 0 0 0 0 0 0 0 8 -10 9 -10 9 -9 9 -9 10 -9 10 -9 9 -9 11 -8 11 -8 10 -7 11 -8 11 -7 10 -6 10 -7 11 -6 10 -6 10 -6 10 -6 10 -6 10 -6 10 -6 10 -6 10 -6 9 -6 10 -6 9 -6 0 0 9 -6 9 -6 8 -6 8 -7 9 -7 8 -7 8 -7 8 -8 8 -7 8 -8 8 -8 8 -8 8 -7 8 -7 8 -8 8 -9 7 -9 7 -9 7 -9 7 -9 7 -9 7 -9 7 -10 7 -10 7 -10 7 -10 0 0 0 0 0 0 0 0 0 0]"
"1769235459103754,CSI_DATA,STATION,00:00:00:00:00:00,0,0,0,0,0,0,0,0,0,0,0,0,0,0,0,0,0,0,0,0,0,128,[84 -64 4 0 0 0 0 0 0 0 0 0 12 -3 13 -2 12 -2 13 -1 13 -1 13 -1 13 0 12 0 13 0 12 1 13 1 12 1 12 2 12 2 12 2 12 1 11 2 11 2 11 2 11 1 11 1 11 1 11 1 11 2 11 1 11 0 0 0 11 0 10 0 10 0 11 0 11 0 10 0 10 -1 10 -1 11 -2 10 -1 10 -2 10 -2 10 -2 11 -2 11 -3 11 -3 10 -3 11 -3 11 -3 11 -3 11 -4 11 -4 11 -3 11 -4 11 -4 11 -4 0 0 0 0 0 0 0 0 0 0]"
"1769235459108064,CSI_DATA,STATION,00:00:00:00:00:00,0,0,0,0,0,0,0,0,0,0,0,0,0,0,0,0,0,0,0,0,0,128,[84 -64 4 0 0 0 0 0 0 0 0 0 -13 -4 -13 -4 -13 -5 -13 -5 -13 -5 -13 -6 -12 -6 -12 -7 -12 -7 -12 -7 -12 -7 -11 -7 -11 -8 -11 -7 -11 -8 -10 -7 -10 -7 -11 -7 -10 -7 -10 -8 -10 -7 -10 -7 -10 -7 -10 -7 -10 -7 -10 -6 0 0 -10 -6 -10 -5 -10 -5 -10 -5 -10 -6 -10 -5 -10 -5 -10 -5 -10 -5 -10 -5 -11 -4 -11 -4 -11 -4 -11 -4 -11 -4 -11 -3 -11 -4 -12 -3 -12 -3 -12 -3 -12 -3 -12 -3 -12 -3 -12 -3 -12 -3 -13 -2 0 0 0 0 0 0 0 0 0 0]"
"1769235459114509,CSI_DATA,STATION,00:00:00:00:00:00,0,0,0,0,0,0,0,0,0,0,0,0,0,0,0,0,0,0,0,0,0,128,[84 -64 4 0 0 0 0 0 0 0 0 0 -13 4 -14 4 -14 2 -13 3 -13 2 -13 2 -13 1 -14 1 -13 1 -14 0 -13 0 -13 0 -13 -1 -13 -1 -13 -1 -13 0 -12 -1 -12 -1 -12 -1 -12 -1 -12 -1 -12 -1 -12 -1 -11 -1 -11 -1 -12 0 0 0 -11 0 -11 0 -11 1 -11 1 -11 0 -11 1 -11 1 -11 1 -11 1 -11 1 -11 2 -11 2 -11 2 -11 2 -11 3 -11 3 -11 3 -11 3 -11 3 -12 3 -12 4 -12 4 -11 4 -11 4 -12 4 -12 4 0 0 0 0 0 0 0 0 0 0]"
"1769235459118820,CSI_DATA,STATION,00:00:00:00:00:00,0,0,0,0,0,0,0,0,0,0,0,0,0,0,0,0,0,0,0,0,0,128,[84 -64 4 0 0 0 0 0 0 0 0 0 -13 -4 -13 -5 -13 -5 -13 -5 -12 -6 -12 -6 -12 -6 -12 -7 -12 -7 -12 -8 -12 -7 -11 -7 -11 -8 -11 -7 -10 -8 -10 -7 -11 -8 -10 -7 -10 -8 -10 -7 -10 -8 -9 -7 -10 -7 -10 -7 -9 -7 -10 -6 0 0 -9 -6 -10 -6 -10 -6 -10 -5 -10 -5 -10 -5 -10 -5 -10 -5 -10 -4 -10 -5 -11 -4 -11 -4 -11 -4 -11 -4 -11 -3 -11 -3 -11 -4 -11 -3 -12 -3 -12 -3 -12 -3 -12 -3 -12 -3 -12 -3 -12 -2 -12 -2 0 0 0 0 0 0 0 0 0 0]"
"1769235459123270,CSI_DATA,STATION,00:00:00:00:00:00,0,0,0,0,0,0,0,0,0,0,0,0,0,0,0,0,0,0,0,0,0,128,[84 -64 4 0 0 0 0 0 0 0 0 0 -12 6 -12 6 -12 5 -13 5 -13 4 -13 5 -13 4 -13 3 -13 2 -13 3 -13 2 -13 2 -13 2 -13 2 -13 1 -13 2 -12 1 -12 1 -12 0 -12 1 -12 1 -11 0 -12 1 -11 1 -11 1 -12 1 0 0 -11 1 -11 1 -11 2 -11 2 -11 1 -11 2 -11 2 -11 2 -11 2 -11 3 -11 3 -11 3 -11 3 -11 3 -11 3 -11 4 -10 3 -11 4 -11 4 -11 4 -11 5 -11 4 -11 5 -11 5 -11 5 -11 5 0 0 0 0 0 0 0 0 0 0]"
"1769235459129919,CSI_DATA,STATION,00:00:00:00:00:00,0,0,0,0,0,0,0,0,0,0,0,0,0,0,0,0,0,0,0,0,0,128,[84 -64 4 0 0 0 0 0 0 0 0 0 -5 11 -6 11 -6 11 -6 11 -7 11 -7 11 -7 11 -8 10 -8 10 -9 10 -8 10 -9 9 -9 9 -9 8 -8 8 -9 9 -9 9 -9 8 -8 8 -8 8 -8 8 -8 8 -8 8 -8 8 -7 7 -7 8 0 0 -7 7 -6 8 -6 8 -7 8 -6 8 -6 8 -6 8 -6 8 -6 8 -6 8 -6 9 -6 9 -6 9 -5 9 -5 9 -5 9 -5 10 -5 9 -4 10 -5 10 -4 10 -4 10 -4 10 -4 11 -4 11 -4 11 0 0 0 0 0 0 0 0 0 0]"
"1769235459134320,CSI_DATA,STATION,00:00:00:00:00:00,0,0,0,0,0,0,0,0,0,0,0,0,0,0,0,0,0,0,0,0,0,128,[84 -64 4 0 0 0 0 0 0 0 0 0 -11 -7 -11 -9 -10 -9 -10 -9 -9 -9 -10 -10 -9 -9 -9 -10 -8 -10 -8 -11 -9 -10 -8 -10 -8 -10 -8 -10 -7 -11 -7 -10 -7 -11 -7 -10 -7 -11 -6 -10 -6 -11 -6 -10 -7 -10 -7 -10 -7 -9 -7 -9 0 0 -7 -9 -7 -8 -7 -9 -7 -8 -7 -9 -7 -8 -7 -8 -8 -8 -8 -8 -8 -8 -8 -8 -9 -8 -8 -8 -9 -8 -8 -8 -9 -8 -9 -8 -9 -8 -9 -7 -9 -8 -9 -7 -10 -8 -10 -7 -10 -7 -10 -7 -10 -6 0 0 0 0 0 0 0 0 0 0]"
"1769235459138700,CSI_DATA,STATION,00:00:00:00:00:00,0,0,0,0,0,0,0,0,0,0,0,0,0,0,0,0,0,0,0,0,0,128,[84 -64 4 0 0 0 0 0 0 0 0 0 -13 1 -13 1 -13 1 -13 0 -14 -1 -13 0 -13 -1 -13 -1 -13 -2 -14 -2 -13 -2 -13 -2 -12 -3 -12 -2 -12 -3 -12 -2 -12 -3 -12 -3 -12 -3 -12 -3 -12 -3 -12 -2 -12 -3 -11 -2 -11 -2 -12 -2 0 0 -11 -2 -11 -1 -11 -1 -11 -1 -11 -1 -11 -1 -11 -1 -11 0 -11 0 -11 0 -11 0 -11 0 -11 0 -11 1 -11 1 -11 2 -11 1 -11 2 -11 2 -11 2 -11 2 -11 3 -11 2 -12 3 -11 3 -11 3 0 0 0 0 0 0 0 0 0 0]"
"1769235459145209,CSI_DATA,STATION,00:00:00:00:00:00,0,0,0,0,0,0,0,0,0,0,0,0,0,0,0,0,0,0,0,0,0,128,[84 -64 4 0 0 0 0 0 0 0 0 0 11 9 10 9 10 10 10 10 9 10 9 11 9 10 9 11 8 11 8 11 7 11 7 11 7 11 7 11 6 11 6 11 6 11 6 10 6 11 6 11 6 10 6 10 6 10 6 11 6 10 6 10 0 0 6 9 6 9 6 9 6 9 7 9 6 9 7 8 7 8 7 8 7 8 7 8 8 8 8 8 8 8 8 8 8 8 9 7 9 7 9 8 9 7 9 7 9 7 10 7 10 7 9 7 10 7 0 0 0 0 0 0 0 0 0 0]"
"1769235459149524,CSI_DATA,STATION,00:00:00:00:00:00,0,0,0,0,0,0,0,0,0,0,0,0,0,0,0,0,0,0,0,0,0,128,[84 -64 4 0 0 0 0 0 0 0 0 0 -13 -7 -13 -7 -12 -8 -13 -9 -12 -9 -12 -9 -11 -10 -12 -10 -11 -10 -11 -11 -11 -10 -10 -10 -10 -11 -10 -11 -10 -11 -9 -10 -10 -11 -9 -11 -9 -11 -9 -11 -8 -11 -9 -10 -8 -10 -9 -10 -8 -9 -8 -10 0 0 -8 -9 -8 -8 -9 -9 -9 -8 -9 -9 -9 -8 -9 -8 -10 -8 -9 -7 -10 -7 -10 -7 -10 -8 -10 -7 -11 -7 -10 -7 -11 -7 -10 -7 -11 -7 -11 -6 -11 -7 -11 -6 -12 -6 -12 -6 -12 -6 -12 -6 -12 -5 0 0 0 0 0 0 0 0 0 0]"
"1769235459155987,CSI_DATA,STATION,00:00:00:00:00:00,0,0,0,0,0,0,0,0,0,0,0,0,0,0,0,0,0,0,0,0,0,128,[84 -64 4 0 0 0 0 0 0 0 0 0 -12 4 -13 4 -13 3 -12 3 -13 2 -13 2 -13 2 -13 1 -13 0 -13 1 -13 0 -13 1 -12 0 -12 0 -13 0 -12 0 -12 -1 -12 -1 -13 -1 -12 -1 -12 -1 -12 0 -11 0 -11 0 -11 0 -11 1 0 0 -11 1 -11 1 -11 0 -11 1 -11 1 -11 1 -10 2 -11 2 -10 2 -11 2 -10 3 -10 3 -10 3 -10 3 -11 3 -10 4 -10 3 -11 4 -11 4 -11 4 -10 4 -11 4 -11 4 -10 5 -10 5 -10 5 0 0 0 0 0 0 0 0 0 0]"
"1769235459160352,CSI_DATA,STATION,00:00:00:00:00:00,0,0,0,0,0,0,0,0,0,0,0,0,0,0,0,0,0,0,0,0,0,128,[84 -64 4 0 0 0 0 0 0 0 0 0 13 -5 13 -5 13 -4 14 -4 13 -3 14 -3 14 -3 14 -2 14 -2 13 -1 14 -1 13 -1 13 -1 13 -1 13 0 12 -1 13 0 12 0 12 0 12 0 12 0 12 0 12 0 12 0 12 -1 11 -1 0 0 11 -1 11 -1 11 -1 11 -1 11 -1 11 -2 11 -2 11 -2 11 -2 10 -3 10 -3 11 -3 11 -3 11 -3 11 -4 11 -4 10 -4 11 -5 11 -5 10 -5 11 -5 11 -4 11 -5 11 -5 11 -6 11 -6 0 0 0 0 0 0 0 0 0 0]"
"1769235459164686,CSI_DATA,STATION,00:00:00:00:00:00,0,0,0,0,0,0,0,0,0,0,0,0,0,0,0,0,0,0,0,0,0,128,[84 -64 4 0 0 0 0 0 0 0 0 0 10 -7 11 -7 10 -6 11 -7 11 -5 12 -6 11 -5 12 -5 12 -5 12 -4 11 -4 11 -4 11 -4 11 -4 11 -3 11 -3 11 -4 10 -3 11 -3 11 -3 10 -3 10 -3 10 -3 10 -3 10 -3 9 -4 0 0 10 -4 9 -4 9 -4 9 -4 9 -4 9 -4 8 -4 8 -5 8 -5 8 -5 8 -6 8 -6 8 -6 9 -6 8 -7 8 -7 7 -7 8 -7 8 -7 8 -7 8 -7 8 -7 8 -7 7 -8 8 -8 8 -8 0 0 0 0 0 0 0 0 0 0]"
"1769235459171165,CSI_DATA,STATION,00:00:00:00:00:00,0,0,0,0,0,0,0,0,0,0,0,0,0,0,0,0,0,0,0,0,0,128,[84 -64 4 0 0 0 0 0 0 0 0 0 5 -14 5 -14 6 -13 6 -13 7 -13 8 -13 7 -12 8 -12 8 -12 8 -12 8 -12 8 -11 8 -10 9 -10 9 -11 8 -10 9 -10 8 -10 8 -9 9 -10 8 -10 8 -9 8 -10 8 -9 8 -9 8 -9 0 0 7 -9 7 -9 7 -9 7 -9 7 -10 7 -9 6 -10 6 -10 6 -10 6 -10 6 -10 6 -10 6 -10 5 -11 5 -10 5 -11 5 -11 5 -12 5 -12 5 -11 5 -12 5 -11 5 -11 4 -12 4 -12 4 -12 0 0 0 0 0 0 0 0 0 0]"
"1769235459175470,CSI_DATA,STATION,00:00:00:00:00:00,0,0,0,0,0,0,0,0,0,0,0,0,0,0,0,0,0,0,0,0,0,128,[84 -64 4 0 0 0 0 0 0 0 0 0 -15 -2 -14 -3 -15 -3 -14 -4 -14 -4 -14 -5 -14 -5 -14 -5 -14 -5 -14 -7 -14 -6 -13 -6 -13 -7 -13 -7 -12 -7 -12 -6 -12 -6 -12 -7 -12 -7 -12 -7 -11 -6 -11 -7 -11 -6 -11 -6 -11 -6 -11 -5 0 0 -11 -5 -11 -5 -11 -5 -11 -4 -11 -5 -11 -4 -11 -4 -11 -5 -11 -4 -12 -4 -12 -3 -12 -3 -12 -3 -12 -3 -12 -3 -12 -3 -12 -2 -12 -2 -12 -2 -12 -2 -13 -2 -13 -1 -13 -2 -13 -1 -13 -1 -13 -1 0 0 0 0 0 0 0 0 0 0]"
"1769235459181933,CSI_DATA,STATION,00:00:00:00:00:00,0,0,0,0,0,0,0,0,0,0,0,0,0,0,0,0,0,0,0,0,0,128,[84 -64 4 0 0 0 0 0 0 0 0 0 -8 -12 -8 -13 -7 -13 -7 -13 -7 -14 -7 -14 -6 -14 -5 -14 -5 -14 -5 -14 -5 -14 -5 -14 -4 -14 -4 -13 -4 -13 -4 -13 -3 -13 -3 -13 -4 -13 -3 -13 -3 -12 -4 -13 -4 -12 -4 -13 -4 -12 -4 -12 0 0 -4 -12 -5 -11 -4 -12 -4 -11 -5 -11 -5 -11 -5 -11 -6 -11 -6 -11 -6 -10 -6 -10 -6 -10 -6 -10 -7 -10 -7 -10 -7 -10 -7 -10 -8 -10 -8 -10 -8 -10 -8 -10 -9 -9 -8 -10 -9 -9 -9 -9 -9 -9 0 0 0 0 0 0 0 0 0 0]"
"1769235459186219,CSI_DATA,STATION,00:00:00:00:00:00,0,0,0,0,0,0,0,0,0,0,0,0,0,0,0,0,0,0,0,0,0,128,[84 -64 4 0 0 0 0 0 0 0 0 0 4 13 4 14 3 13 2 14 2 14 2 13 1 14 1 14 0 14 0 14 0 13 0 13 0 13 0 13 -1 14 -1 12 -1 13 -1 12 -1 12 -1 12 -1 12 -1 12 -1 12 -1 11 0 12 0 12 0 0 0 11 1 11 1 11 0 11 1 11 1 11 1 11 1 11 1 10 2 10 2 10 2 11 2 11 3 11 3 10 3 11 3 10 4 10 3 11 4 11 4 11 4 11 5 11 5 10 5 10 5 11 0 0 0 0 0 0 0 0 0 0]"
"1769235459190553,CSI_DATA,STATION,00:00:00:00:00:00,0,0,0,0,0,0,0,0,0,0,0,0,0,0,0,0,0,0,0,0,0,128,[84 -64 4 0 0 0 0 0 0 0 0 0 -3 -14 -3 -15 -3 -14 -3 -15 -2 -15 -2 -15 0 -15 -1 -15 0 -15 0 -15 0 -15 0 -14 1 -14 1 -14 1 -15 1 -14 1 -13 1 -13 1 -13 1 -14 1 -13 1 -13 1 -13 1 -13 1 -12 1 -12 0 0 0 -12 0 -12 0 -12 0 -12 0 -12 -1 -12 -1 -12 -1 -12 -1 -12 -1 -11 -2 -12 -2 -12 -2 -12 -2 -12 -2 -12 -2 -12 -3 -12 -3 -12 -3 -12 -3 -12 -4 -12 -4 -12 -4 -12 -5 -12 -5 -12 -4 -12 0 0 0 0 0 0 0 0 0 0]"
"1769235459197013,CSI_DATA,STATION,00:00:00:00:00:00,0,0,0,0,0,0,0,0,0,0,0,0,0,0,0,0,0,0,0,0,0,128,[84 -64 4 0 0 0 0 0 0 0 0 0 -6 -14 -6 -14 -5 -14 -5 -15 -4 -14 -4 -15 -4 -14 -3 -15 -2 -15 -2 -15 -2 -14 -2 -14 -2 -14 -2 -14 -1 -14 -2 -14 -1 -14 -2 -13 -1 -13 -1 -14 -1 -13 -1 -13 -1 -12 -2 -12 -2 -12 -2 -12 0 0 -2 -12 -2 -12 -2 -12 -2 -12 -3 -12 -3 -12 -3 -12 -4 -12 -4 -11 -4 -11 -4 -11 -4 -11 -5 -11 -5 -11 -5 -11 -6 -11 -6 -12 -6 -11 -6 -11 -6 -11 -6 -11 -6 -11 -7 -11 -7 -11 -7 -11 -7 -11 0 0 0 0 0 0 0 0 0 0]"
"1769235459201334,CSI_DATA,STATION,00:00:00:00:00:00,0,0,0,0,0,0,0,0,0,0,0,0,0,0,0,0,0,0,0,0,0,128,[84 -64 4 0 0 0 0 0 0 0 0 0 1 -15 2 -15 2 -15 2 -15 2 -15 3 -15 4 -14 4 -15 4 -14 5 -14 5 -14 5 -13 5 -13 5 -13 5 -13 5 -13 5 -12 6 -12 5 -12 5 -12 6 -12 5 -12 5 -12 5 -11 5 -11 4 -11 0 0 4 -12 4 -11 3 -11 3 -11 3 -11 3 -12 2 -12 3 -12 3 -11 2 -11 2 -12 2 -11 1 -12 1 -12 1 -12 1 -12 0 -12 1 -13 1 -13 0 -13 0 -13 0 -13 0 -13 -1 -13 0 -13 -1 -13 0 0 0 0 0 0 0 0 0 0]"
"1769235459207810,CSI_DATA,STATION,00:00:00:00:00:00,0,0,0,0,0,0,0,0,0,0,0,0,0,0,0,0,0,0,0,0,0,128,[84 -64 4 0 0 0 0 0 0 0 0 0 -15 1 -15 0 -15 -1 -15 -1 -15 -2 -15 -2 -15 -3 -15 -2 -15 -3 -15 -3 -14 -3 -14 -3 -14 -4 -14 -4 -14 -4 -13 -4 -13 -4 -13 -4 -13 -4 -13 -5 -12 -4 -13 -4 -12 -4 -12 -4 -12 -4 -12 -3 0 0 -12 -3 -12 -3 -12 -3 -12 -2 -12 -2 -12 -2 -12 -2 -12 -1 -12 -1 -12 -1 -12 -1 -12 0 -12 0 -12 0 -12 0 -13 0 -12 0 -13 0 -12 1 -13 1 -13 1 -13 1 -13 1 -12 2 -13 2 -13 2 0 0 0 0 0 0 0 0 0 0]"
"1769235459212150,CSI_DATA,STATION,00:00:00:00:00:00,0,0,0,0,0,0,0,0,0,0,0,0,0,0,0,0,0,0,0,0,0,128,[84 -64 4 0 0 0 0 0 0 0 0 0 -8 12 -8 12 -9 12 -10 11 -10 11 -10 11 -11 10 -11 10 -11 10 -11 10 -11 9 -11 9 -12 9 -11 9 -11 8 -11 8 -11 8 -11 8 -11 7 -11 7 -11 7 -11 7 -11 7 -10 8 -10 7 -10 8 0 0 -10 7 -10 7 -9 7 -9 7 -9 8 -9 7 -8 7 -8 8 -9 8 -8 9 -8 9 -8 9 -8 9 -7 9 -7 9 -8 9 -7 10 -8 9 -7 10 -7 10 -7 10 -7 10 -6 10 -7 10 -7 11 -6 11 0 0 0 0 0 0 0 0 0 0]"
"1769235459218628,CSI_DATA,STATION,00:00:00:00:00:00,0,0,0,0,0,0,0,0,0,0,0,0,0,0,0,0,0,0,0,0,0,128,[84 -64 4 0 0 0 0 0 0 0 0 0 -17 -10 -16 -11 -17 -11 -16 -11 -15 -12 -16 -12 -15 -12 -14 -13 -14 -13 -14 -14 -14 -13 -12 -14 -13 -14 -12 -14 -12 -13 -12 -13 -12 -13 -12 -13 -12 -13 -11 -13 -11 -12 -11 -12 -11 -12 -11 -12 -11 -11 -11 -11 0 0 -11 -10 -12 -10 -11 -10 -12 -10 -12 -10 -12 -9 -12 -9 -12 -9 -12 -8 -12 -8 -13 -8 -13 -7 -13 -7 -13 -7 -13 -6 -14 -6 -14 -6 -14 -6 -14 -5 -14 -5 -15 -5 -15 -5 -15 -5 -15 -5 -15 -5 -15 -4 0 0 0 0 0 0 0 0 0 0]"
"1769235459223067,CSI_DATA,STATION,00:00:00:00:00:00,0,0,0,0,0,0,0,0,0,0,0,0,0,0,0,0,0,0,0,0,0,128,[84 -64 4 0 0 0 0 0 0 0 0 0 -23 -17 -22 -18 -21 -19 -21 -19 -20 -20 -20 -20 -19 -20 -18 -20 -17 -21 -17 -21 -17 -22 -16 -21 -15 -22 -15 -21 -15 -21 -15 -21 -14 -20 -14 -20 -13 -21 -13 -20 -14 -20 -13 -20 -13 -19 -13 -19 -13 -19 -13 -18 0 0 -14 -17 -14 -17 -14 -17 -14 -15 -15 -16 -14 -16 -15 -15 -15 -15 -15 -14 -15 -13 -16 -13 -16 -14 -16 -13 -17 -13 -18 -12 -18 -12 -17 -11 -18 -11 -19 -11 -18 -10 -19 -11 -19 -10 -19 -11 -19 -10 -20 -9 -20 -9 0 0 0 0 0 0 0 0 0 0]"
"1769235459227510,CSI_DATA,STATION,00:00:00:00:00:00,0,0,0,0,0,0,0,0,0,0,0,0,0,0,0,0,0,0,0,0,0,128,[84 -64 4 0 0 0 0 0 0 0 0 0 -7 14 -7 13 -9 13 -9 13 -9 12 -9 13 -10 12 -10 13 -10 11 -10 12 -10 11 -10 11 -10 11 -10 11 -10 10 -10 10 -11 10 -10 10 -10 10 -10 9 -10 9 -9 9 -10 9 -10 9 -9 9 -9 9 0 0 -8 9 -8 9 -8 9 -8 10 -8 10 -7 9 -7 10 -7 10 -7 10 -6 10 -6 10 -6 10 -6 11 -6 11 -5 11 -5 11 -5 11 -5 11 -5 11 -5 11 -4 12 -5 12 -4 12 -4 12 -4 12 -4 12 0 0 0 0 0 0 0 0 0 0]"
"1769235459234040,CSI_DATA,STATION,00:00:00:00:00:00,0,0,0,0,0,0,0,0,0,0,0,0,0,0,0,0,0,0,0,0,0,128,[84 -64 4 0 0 0 0 0 0 0 0 0 -7 -13 -7 -13 -6 -13 -6 -13 -5 -13 -6 -14 -5 -13 -4 -14 -4 -14 -4 -14 -4 -14 -4 -13 -4 -13 -3 -13 -3 -14 -3 -13 -2 -13 -2 -13 -2 -13 -2 -13 -2 -12 -3 -13 -2 -12 -3 -12 -3 -12 -3 -12 0 0 -3 -11 -3 -11 -3 -11 -3 -11 -4 -11 -4 -11 -4 -11 -5 -11 -5 -10 -5 -10 -5 -10 -5 -10 -5 -10 -6 -11 -5 -10 -6 -10 -6 -10 -6 -10 -6 -10 -6 -10 -7 -10 -7 -10 -7 -10 -7 -10 -7 -10 -8 -10 0 0 0 0 0 0 0 0 0 0]"
"1769235459244790,CSI_DATA,STATION,00:00:00:00:00:00,0,0,0,0,0,0,0,0,0,0,0,0,0,0,0,0,0,0,0,0,0,128,[84 -64 4 0 0 0 0 0 0 0 0 0 14 7 14 7 14 8 14 8 13 9 13 10 13 10 13 10 11 10 12 11 12 10 11 10 11 11 11 11 10 10 10 10 10 11 10 10 9 10 9 10 9 10 9 10 9 10 10 10 9 9 9 9 0 0 9 9 9 9 9 8 9 8 10 8 10 8 10 8 9 8 10 7 10 7 10 6 11 7 11 7 11 6 11 6 11 6 11 6 11 6 12 6 11 5 12 5 12 6 12 5 12 5 12 4 13 4 0 0 0 0 0 0 0 0 0 0]"
"1769235459251281,CSI_DATA,STATION,00:00:00:00:00:00,0,0,0,0,0,0,0,0,0,0,0,0,0,0,0,0,0,0,0,0,0,128,[84 -64 4 0 0 0 0 0 0 0 0 0 -14 -1 -14 -1 -14 -2 -14 -2 -14 -3 -14 -3 -13 -4 -14 -4 -14 -4 -13 -5 -13 -4 -13 -5 -13 -5 -12 -5 -12 -5 -12 -4 -12 -5 -12 -5 -12 -5 -11 -5 -11 -5 -12 -5 -11 -4 -11 -5 -11 -4 -11 -4 0 0 -11 -3 -10 -3 -11 -3 -11 -2 -11 -3 -10 -3 -11 -2 -11 -2 -11 -2 -11 -2 -11 -1 -11 -1 -11 -1 -11 -1 -11 0 -11 0 -11 -1 -11 0 -11 0 -11 0 -11 0 -12 1 -11 0 -11 1 -12 1 -11 1 0 0 0 0 0 0 0 0 0 0]"
"1769235459255613,CSI_DATA,STATION,00:00:00:00:00:00,0,0,0,0,0,0,0,0,0,0,0,0,0,0,0,0,0,0,0,0,0,128,[84 -64 4 0 0 0 0 0 0 0 0 0 -14 7 -14 6 -14 5 -15 5 -15 4 -15 4 -15 3 -15 2 -15 2 -15 2 -15 2 -15 2 -15 2 -15 2 -14 1 -14 2 -14 1 -14 1 -14 1 -14 0 -14 0 -14 1 -13 1 -13 2 -13 1 -13 2 0 0 -13 2 -12 2 -12 2 -12 3 -12 3 -12 3 -12 2 -12 3 -12 3 -12 4 -11 4 -11 4 -11 5 -11 4 -11 5 -11 5 -11 5 -11 5 -11 6 -11 5 -11 6 -11 6 -11 6 -11 7 -11 7 -10 7 0 0 0 0 0 0 0 0 0 0]"
"1769235459262136,CSI_DATA,STATION,00:00:00:00:00:00,0,0,0,0,0,0,0,0,0,0,0,0,0,0,0,0,0,0,0,0,0,128,[84 -64 4 0 0 0 0 0 0 0 0 0 3 -15 4 -15 4 -15 4 -15 5 -15 6 -15 6 -14 7 -14 7 -14 7 -13 7 -13 7 -13 7 -13 7 -13 8 -12 8 -12 8 -12 7 -12 8 -12 8 -11 7 -11 7 -11 7 -11 7 -11 6 -11 6 -12 0 0 6 -11 6 -11 6 -10 6 -11 5 -11 5 -11 5 -11 5 -12 5 -11 5 -11 4 -12 4 -12 4 -11 4 -12 3 -12 3 -12 3 -12 3 -12 3 -13 3 -12 3 -13 3 -12 2 -13 2 -13 2 -13 1 -13 0 0 0 0 0 0 0 0 0 0]"
"1769235459266461,CSI_DATA,STATION,00:00:00:00:00:00,0,0,0,0,0,0,0,0,0,0,0,0,0,0,0,0,0,0,0,0,0,128,[84 -64 4 0 0 0 0 0 0 0 0 0 7 -14 7 -14 8 -14 7 -13 9 -13 9 -13 9 -13 9 -12 10 -12 10 -12 10 -11 10 -11 10 -11 10 -11 10 -10 10 -10 10 -10 10 -10 9 -9 10 -9 10 -9 9 -9 9 -9 9 -9 9 -9 9 -9 0 0 9 -9 8 -9 8 -9 8 -9 8 -10 8 -9 7 -10 7 -10 7 -10 7 -10 7 -10 6 -10 7 -10 6 -11 6 -11 6 -12 6 -11 6 -11 6 -12 6 -12 6 -12 5 -12 5 -12 5 -12 5 -12 5 -12 0 0 0 0 0 0 0 0 0 0]"
"1769235459272931,CSI_DATA,STATION,00:00:00:00:00:00,0,0,0,0,0,0,0,0,0,0,0,0,0,0,0,0,0,0,0,0,0,128,[84 -64 4 0 0 0 0 0 0 0 0 0 -14 3 -14 2 -15 1 -14 2 -15 1 -14 1 -14 0 -15 0 -15 0 -15 -1 -14 -1 -14 -1 -14 -2 -14 -2 -14 -2 -14 -2 -13 -2 -13 -3 -12 -2 -13 -2 -13 -2 -12 -2 -13 -2 -12 -2 -12 -2 -12 -1 0 0 -12 -1 -12 -1 -11 -1 -12 -1 -11 -1 -12 -1 -11 0 -12 0 -11 0 -12 1 -12 1 -12 1 -11 1 -11 1 -12 1 -11 2 -12 2 -11 2 -12 3 -12 3 -12 3 -12 3 -12 3 -12 3 -12 4 -12 3 0 0 0 0 0 0 0 0 0 0]"
"1769235459277288,CSI_DATA,STATION,00:00:00:00:00:00,0,0,0,0,0,0,0,0,0,0,0,0,0,0,0,0,0,0,0,0,0,128,[84 -64 4 0 0 0 0 0 0 0 0 0 15 0 15 0 15 2 15 2 15 2 15 2 15 3 15 3 15 3 14 4 14 4 14 4 14 5 13 4 13 5 13 4 13 5 13 5 13 5 13 4 12 4 12 4 12 4 12 4 12 4 12 3 0 0 12 3 11 3 12 3 12 2 12 2 12 1 12 2 12 1 12 1 11 0 12 1 12 1 12 0 12 0 12 -1 12 -1 12 -1 13 -2 13 -2 12 -2 13 -2 12 -2 13 -2 12 -3 13 -3 13 -3 0 0 0 0 0 0 0 0 0 0]"
"1769235459281654,CSI_DATA,STATION,00:00:00:00:00:00,0,0,0,0,0,0,0,0,0,0,0,0,0,0,0,0,0,0,0,0,0,128,[84 -64 4 0 0 0 0 0 0 0 0 0 -14 8 -15 7 -14 6 -15 7 -15 6 -16 6 -15 5 -15 5 -15 4 -15 4 -15 4 -15 3 -15 3 -15 3 -15 3 -15 3 -15 3 -14 3 -14 2 -14 2 -14 2 -14 2 -14 2 -13 2 -13 2 -13 3 0 0 -13 3 -12 3 -13 4 -12 3 -12 3 -12 3 -12 4 -12 4 -12 5 -11 5 -12 5 -12 5 -11 5 -11 6 -11 6 -11 7 -11 6 -11 7 -11 7 -11 7 -11 7 -11 8 -11 7 -10 8 -11 8 -11 8 0 0 0 0 0 0 0 0 0 0]"
"1769235459288189,CSI_DATA,STATION,00:00:00:00:00:00,0,0,0,0,0,0,0,0,0,0,0,0,0,0,0,0,0,0,0,0,0,128,[84 -64 4 0 0 0 0 0 0 0 0 0 -14 0 -14 -1 -15 -2 -15 -2 -15 -3 -15 -3 -14 -4 -14 -4 -14 -4 -14 -5 -14 -4 -13 -4 -13 -5 -13 -5 -13 -6 -12 -5 -12 -6 -12 -6 -12 -6 -12 -6 -12 -6 -12 -6 -12 -5 -11 -5 -11 -5 -12 -4 0 0 -11 -5 -11 -4 -11 -5 -11 -4 -11 -4 -11 -4 -11 -4 -11 -4 -11 -4 -12 -3 -12 -3 -12 -3 -12 -2 -12 -3 -12 -3 -12 -2 -11 -3 -12 -2 -13 -2 -12 -2 -12 -2 -12 -2 -12 -2 -13 -1 -13 -1 -13 -1 0 0 0 0 0 0 0 0 0 0]"
"1769235459292524,CSI_DATA,STATION,00:00:00:00:00:00,0,0,0,0,0,0,0,0,0,0,0,0,0,0,0,0,0,0,0,0,0,128,[84 -64 4 0 0 0 0 0 0 0 0 0 -9 9 -10 8 -10 8 -10 8 -11 7 -11 7 -11 7 -11 7 -11 7 -11 7 -11 6 -11 6 -11 6 -11 6 -11 5 -11 5 -11 5 -11 5 -10 5 -10 5 -10 5 -10 5 -10 5 -10 5 -10 5 -9 5 0 0 -9 5 -9 5 -9 5 -9 6 -8 6 -8 5 -8 6 -8 6 -8 6 -8 7 -7 7 -8 7 -8 7 -8 7 -8 7 -7 7 -7 8 -7 8 -7 8 -7 8 -7 8 -7 8 -7 8 -7 9 -6 9 -6 9 0 0 0 0 0 0 0 0 0 0]"
"1769235459299020,CSI_DATA,STATION,00:00:00:00:00:00,0,0,0,0,0,0,0,0,0,0,0,0,0,0,0,0,0,0,0,0,0,128,[84 -64 4 0 0 0 0 0 0 0 0 0 13 2 13 2 13 3 13 3 13 4 13 5 13 5 13 5 12 4 13 6 12 5 12 6 12 6 12 6 12 6 11 5 11 6 11 6 10 6 10 6 10 6 10 5 10 5 11 5 10 5 10 5 0 0 10 4 10 4 10 4 10 3 10 4 11 3 10 3 10 3 10 2 10 2 11 2 11 2 11 2 11 2 11 1 11 1 11 1 11 0 12 0 11 0 11 0 11 0 12 0 11 0 12 -1 12 -1 0 0 0 0 0 0 0 0 0 0]"
"1769235459303368,CSI_DATA,STATION,00:00:00:00:00:00,0,0,0,0,0,0,0,0,0,0,0,0,0,0,0,0,0,0,0,0,0,128,[84 -64 4 0 0 0 0 0 0 0 0 0 -12 -8 -12 -8 -11 -9 -12 -9 -11 -10 -11 -10 -10 -10 -11 -10 -10 -11 -10 -11 -10 -11 -9 -11 -9 -11 -9 -11 -8 -11 -8 -10 -9 -11 -9 -11 -8 -11 -8 -11 -8 -10 -8 -11 -8 -10 -9 -10 -8 -10 -8 -9 0 0 -8 -9 -8 -9 -8 -9 -8 -8 -9 -9 -8 -8 -9 -8 -9 -8 -9 -8 -9 -7 -10 -7 -10 -8 -10 -7 -10 -7 -10 -7 -10 -7 -11 -7 -11 -7 -11 -6 -11 -6 -11 -6 -11 -6 -11 -6 -12 -6 -12 -6 -12 -6 0 0 0 0 0 0 0 0 0 0]"
"1769235459307693,CSI_DATA,STATION,00:00:00:00:00:00,0,0,0,0,0,0,0,0,0,0,0,0,0,0,0,0,0,0,0,0,0,128,[84 -64 4 0 0 0 0 0 0 0 0 0 6 -15 7 -14 7 -14 7 -15 7 -14 8 -14 9 -14 9 -13 9 -13 9 -13 8 -12 9 -12 10 -12 9 -12 9 -11 9 -11 10 -11 10 -11 9 -11 10 -10 9 -11 9 -10 9 -11 9 -10 7 -10 8 -11 0 0 8 -11 7 -10 7 -11 7 -10 7 -11 7 -11 6 -11 6 -11 7 -11 6 -11 6 -12 5 -12 5 -12 5 -12 5 -12 5 -12 5 -12 5 -13 5 -13 4 -13 5 -13 4 -13 4 -13 4 -14 4 -13 3 -14 0 0 0 0 0 0 0 0 0 0]"
"1769235459314230,CSI_DATA,STATION,00:00:00:00:00:00,0,0,0,0,0,0,0,0,0,0,0,0,0,0,0,0,0,0,0,0,0,128,[84 -64 4 0 0 0 0 0 0 0 0 0 -13 -7 -13 -7 -12 -8 -12 -8 -12 -9 -12 -9 -12 -9 -12 -9 -11 -9 -11 -10 -11 -10 -10 -10 -10 -10 -10 -10 -9 -10 -9 -10 -10 -10 -10 -10 -9 -10 -9 -10 -9 -9 -9 -9 -9 -10 -9 -9 -8 -9 -9 -8 0 0 -9 -9 -9 -8 -9 -8 -9 -8 -9 -8 -9 -8 -9 -7 -10 -7 -9 -7 -10 -7 -10 -6 -10 -7 -10 -7 -10 -6 -10 -6 -11 -6 -11 -6 -11 -6 -11 -6 -11 -6 -11 -6 -11 -6 -11 -6 -12 -5 -12 -5 -11 -5 0 0 0 0 0 0 0 0 0 0]"
"1769235459318557,CSI_DATA,STATION,00:00:00:00:00:00,0,0,0,0,0,0,0,0,0,0,0,0,0,0,0,0,0,0,0,0,0,128,[84 -64 4 0 0 0 0 0 0 0 0 0 -13 -3 -13 -3 -12 -4 -13 -4 -12 -4 -13 -5 -12 -5 -12 -5 -11 -5 -12 -6 -11 -6 -11 -6 -11 -6 -11 -6 -11 -6 -11 -6 -11 -6 -10 -6 -10 -6 -10 -6 -10 -6 -10 -6 -10 -6 -10 -6 -9 -5 -10 -5 0 0 -9 -5 -10 -4 -10 -5 -10 -4 -10 -5 -10 -4 -10 -4 -10 -4 -10 -3 -10 -3 -10 -3 -11 -3 -10 -3 -11 -3 -10 -2 -11 -2 -11 -2 -11 -2 -11 -2 -11 -2 -11 -2 -12 -1 -11 -2 -12 -1 -11 -1 -12 -1 0 0 0 0 0 0 0 0 0 0]"
"1769235459325135,CSI_DATA,STATION,00:00:00:00:00:00,0,0,0,0,0,0,0,0,0,0,0,0,0,0,0,0,0,0,0,0,0,128,[84 -64 4 0 0 0 0 0 0 0 0 0 -1 -13 -1 -13 0 -13 0 -13 0 -13 1 -13 2 -13 2 -13 2 -13 2 -13 3 -12 2 -12 2 -12 3 -12 3 -12 2 -12 3 -11 3 -11 3 -11 2 -11 3 -11 3 -11 3 -11 3 -11 2 -10 2 -11 0 0 2 -10 1 -11 1 -10 1 -10 1 -10 1 -10 1 -10 1 -10 0 -10 0 -10 0 -11 0 -11 0 -11 0 -11 -1 -11 -1 -11 -1 -11 -1 -11 -1 -11 -1 -11 -1 -11 -2 -11 -2 -12 -2 -11 -2 -12 -2 -11 0 0 0 0 0 0 0 0 0 0]"
"1769235459329617,CSI_DATA,STATION,00:00:00:00:00:00,0,0,0,0,0,0,0,0,0,0,0,0,0,0,0,0,0,0,0,0,0,128,[84 -64 4 0 0 0 0 0 0 0 0 0 -15 0 -16 -1 -15 -2 -16 -2 -15 -2 -16 -2 -15 -4 -15 -4 -14 -4 -15 -4 -14 -4 -14 -4 -14 -4 -14 -5 -14 -5 -13 -5 -14 -5 -13 -5 -14 -5 -13 -5 -13 -5 -13 -5 -13 -4 -13 -4 -12 -4 -13 -3 0 0 -12 -3 -12 -3 -12 -3 -12 -2 -13 -3 -12 -3 -12 -3 -13 -2 -12 -2 -13 -2 -13 -1 -13 -1 -13 -1 -13 -1 -13 0 -13 -1 -12 0 -13 0 -14 0 -14 0 -14 1 -14 0 -13 1 -14 1 -14 2 -14 2 0 0 0 0 0 0 0 0 0 0]"
"1769235459333997,CSI_DATA,STATION,00:00:00:00:00:00,0,0,0,0,0,0,0,0,0,0,0,0,0,0,0,0,0,0,0,0,0,128,[84 -64 4 0 0 0 0 0 0 0 0 0 12 0 13 1 12 2 13 2 12 2 12 3 12 3 12 3 12 4 12 4 12 4 12 4 11 4 11 4 11 4 10 4 11 4 11 5 11 4 10 5 10 5 10 4 10 4 10 4 10 3 10 3 0 0 10 4 9 3 10 3 10 2 10 3 10 2 10 2 10 2 10 2 10 2 10 1 10 1 11 1 11 1 10 1 11 0 11 1 11 0 11 0 11 0 11 0 11 0 11 0 11 -1 12 -1 12 -1 0 0 0 0 0 0 0 0 0 0]"
"1769235459338391,CSI_DATA,STATION,00:00:00:00:00:00,0,0,0,0,0,0,0,0,0,0,0,0,0,0,0,0,0,0,0,0,0,128,[84 -64 4 0 0 0 0 0 0 0 0 0 -8 -12 -7 -12 -6 -12 -6 -12 -6 -12 -6 -13 -5 -12 -4 -13 -4 -13 -4 -13 -4 -13 -3 -13 -3 -13 -3 -12 -3 -13 -3 -12 -3 -12 -3 -11 -2 -12 -3 -12 -2 -12 -3 -12 -3 -12 -3 -11 -3 -11 -3 -11 0 0 -3 -11 -3 -11 -4 -11 -3 -11 -4 -11 -4 -11 -4 -10 -5 -10 -5 -10 -5 -10 -5 -10 -5 -10 -5 -10 -5 -10 -5 -10 -6 -10 -6 -10 -7 -10 -6 -10 -6 -10 -6 -10 -7 -10 -7 -10 -7 -10 -7 -10 -7 -10 0 0 0 0 0 0 0 0 0 0]"
"1769235459344925,CSI_DATA,STATION,00:00:00:00:00:00,0,0,0,0,0,0,0,0,0,0,0,0,0,0,0,0,0,0,0,0,0,128,[84 -64 4 0 0 0 0 0 0 0 0 0 7 -13 8 -12 8 -12 8 -12 9 -12 9 -11 9 -11 9 -11 9 -11 10 -10 10 -10 10 -9 10 -9 10 -9 10 -9 10 -9 10 -9 9 -9 9 -9 9 -8 9 -8 9 -8 9 -9 9 -9 8 -8 9 -8 0 0 8 -9 8 -8 7 -9 8 -9 7 -9 7 -9 6 -9 7 -10 7 -10 7 -10 6 -10 6 -10 6 -10 6 -10 6 -11 6 -11 6 -11 6 -11 6 -11 6 -12 5 -12 5 -11 5 -12 5 -12 5 -12 5 -12 0 0 0 0 0 0 0 0 0 0]"
"1769235459349308,CSI_DATA,STATION,00:00:00:00:00:00,0,0,0,0,0,0,0,0,0,0,0,0,0,0,0,0,0,0,0,0,0,128,[84 -64 4 0 0 0 0 0 0 0 0 0 -6 13 -7 12 -7 12 -8 12 -8 12 -9 12 -9 11 -9 11 -9 10 -10 10 -9 10 -9 10 -10 9 -10 9 -10 9 -9 9 -10 9 -9 8 -9 9 -9 8 -9 8 -9 8 -9 8 -9 8 -8 8 -8 9 0 0 -8 8 -8 8 -7 9 -7 8 -7 9 -7 9 -7 9 -7 9 -7 9 -7 9 -6 9 -6 9 -6 10 -6 10 -6 10 -6 10 -5 10 -6 11 -5 11 -5 11 -5 11 -5 11 -5 11 -5 11 -5 12 -5 12 0 0 0 0 0 0 0 0 0 0]"
"1769235459355793,CSI_DATA,STATION,00:00:00:00:00:00,0,0,0,0,0,0,0,0,0,0,0,0,0,0,0,0,0,0,0,0,0,128,[84 -64 4 0 0 0 0 0 0 0 0 0 13 1 13 2 14 3 13 3 13 3 12 3 13 4 12 4 12 4 12 5 12 5 11 5 11 6 11 6 11 5 11 6 11 5 11 5 10 5 11 5 10 5 10 5 10 5 10 5 10 5 10 4 0 0 10 4 10 4 10 4 10 3 10 4 10 3 10 3 10 3 10 2 10 2 10 2 11 2 11 2 11 2 11 1 11 1 11 1 11 1 11 1 11 0 12 0 11 0 12 1 12 0 12 0 12 0 0 0 0 0 0 0 0 0 0 0]"
"1769235459360130,CSI_DATA,STATION,00:00:00:00:00:00,0,0,0,0,0,0,0,0,0,0,0,0,0,0,0,0,0,0,0,0,0,128,[84 -64 4 0 0 0 0 0 0 0 0 0 -14 3 -14 2 -14 2 -14 2 -14 1 -14 1 -14 0 -14 0 -14 0 -14 -1 -14 -1 -14 -1 -13 -1 -13 -2 -14 -2 -13 -1 -12 -2 -12 -2 -12 -2 -12 -2 -12 -2 -12 -2 -12 -2 -12 -2 -12 -1 -12 -1 0 0 -12 -1 -12 0 -11 0 -11 0 -11 -1 -12 0 -11 0 -11 0 -12 1 -12 1 -12 1 -11 1 -12 1 -12 1 -12 2 -12 2 -12 2 -12 2 -12 2 -12 2 -13 3 -12 3 -12 3 -12 3 -12 4 -12 3 0 0 0 0 0 0 0 0 0 0]"
"1769235459366630,CSI_DATA,STATION,00:00:00:00:00:00,0,0,0,0,0,0,0,0,0,0,0,0,0,0,0,0,0,0,0,0,0,128,[84 -64 4 0 0 0 0 0 0 0 0 0 14 -3 15 -2 14 -2 15 -1 14 0 15 0 15 1 14 1 15 2 14 2 14 2 14 2 14 2 13 2 14 3 13 2 13 3 12 3 13 3 13 3 12 3 12 4 12 3 12 2 12 2 12 2 0 0 12 2 12 2 12 2 12 1 11 1 12 1 12 1 11 1 12 0 11 0 12 0 12 0 12 0 12 -1 12 -1 13 -1 12 -1 13 -2 12 -1 12 -2 13 -2 12 -1 13 -2 13 -3 13 -3 13 -3 0 0 0 0 0 0 0 0 0 0]"
"1769235459370975,CSI_DATA,STATION,00:00:00:00:00:00,0,0,0,0,0,0,0,0,0,0,0,0,0,0,0,0,0,0,0,0,0,128,[84 -64 4 0 0 0 0 0 0 0 0 0 9 7 9 8 9 8 8 8 8 9 8 9 8 8 7 9 7 8 6 9 6 9 6 9 6 9 6 9 6 9 5 9 6 9 5 9 5 9 5 8 5 8 5 8 5 8 5 8 5 8 5 8 0 0 5 7 5 7 5 7 5 7 6 7 6 7 6 7 6 7 7 6 6 6 6 6 7 6 7 6 7 6 7 6 7 6 8 5 8 5 8 5 8 5 8 5 8 6 8 5 9 5 8 5 9 5 0 0 0 0 0 0 0 0 0 0]"
"1769235459375334,CSI_DATA,STATION,00:00:00:00:00:00,0,0,0,0,0,0,0,0,0,0,0,0,0,0,0,0,0,0,0,0,0,128,[84 -64 4 0 0 0 0 0 0 0 0 0 1 -13 1 -12 2 -13 2 -12 2 -13 2 -12 3 -12 3 -12 4 -12 4 -12 4 -12 4 -11 4 -11 4 -11 4 -11 4 -11 4 -10 4 -10 4 -10 4 -10 4 -10 4 -10 4 -10 3 -9 3 -10 3 -10 0 0 2 -9 2 -10 2 -9 2 -10 2 -10 1 -10 1 -10 1 -10 1 -10 1 -10 1 -10 0 -10 0 -10 0 -10 0 -11 -1 -10 -1 -11 -1 -10 -1 -11 -1 -11 -1 -11 -1 -11 -2 -11 -2 -11 -2 -11 -2 -10 0 0 0 0 0 0 0 0 0 0]"
"1769235459381799,CSI_DATA,STATION,00:00:00:00:00:00,0,0,0,0,0,0,0,0,0,0,0,0,0,0,0,0,0,0,0,0,0,128,[84 -64 4 0 0 0 0 0 0 0 0 0 7 -11 8 -11 8 -10 9 -11 9 -10 10 -10 9 -10 10 -10 10 -9 10 -8 10 -8 10 -8 10 -8 10 -8 10 -8 9 -7 10 -8 9 -7 9 -7 9 -6 9 -7 9 -7 9 -7 9 -7 8 -7 8 -7 0 0 8 -7 8 -7 7 -7 7 -7 7 -8 7 -8 7 -7 7 -8 7 -8 7 -8 6 -8 6 -8 6 -8 6 -9 6 -9 6 -10 5 -9 6 -10 6 -10 6 -10 6 -10 5 -10 5 -10 5 -10 5 -10 5 -11 0 0 0 0 0 0 0 0 0 0]"
"1769235459386140,CSI_DATA,STATION,00:00:00:00:00:00,0,0,0,0,0,0,0,0,0,0,0,0,0,0,0,0,0,0,0,0,0,128,[84 -64 4 0 0 0 0 0 0 0 0 0 -12 10 -12 10 -12 9 -13 9 -12 8 -13 8 -13 7 -14 7 -14 7 -14 7 -13 7 -13 6 -13 6 -13 5 -13 5 -13 5 -13 5 -12 5 -13 4 -12 5 -12 4 -13 4 -12 5 -11 4 -12 4 -12 5 0 0 -11 5 -11 5 -11 5 -11 5 -10 6 -10 5 -10 6 -10 6 -10 7 -10 7 -10 7 -10 7 -9 7 -10 7 -10 7 -10 8 -9 8 -9 8 -9 9 -9 8 -9 9 -9 9 -8 9 -9 9 -8 10 -8 10 0 0 0 0 0 0 0 0 0 0]"
"1769235459390457,CSI_DATA,STATION,00:00:00:00:00:00,0,0,0,0,0,0,0,0,0,0,0,0,0,0,0,0,0,0,0,0,0,128,[84 -64 4 0 0 0 0 0 0 0 0 0 4 12 4 13 3 13 3 13 2 13 2 13 1 13 0 12 0 13 0 13 0 12 0 12 0 12 0 12 -1 12 0 12 -1 11 -1 11 -1 11 -1 12 -1 11 0 11 0 11 0 11 0 11 0 10 0 0 0 10 1 10 1 9 1 10 1 10 2 10 1 9 2 9 2 9 2 9 2 9 3 9 3 10 3 10 3 9 4 10 4 9 4 9 4 9 4 9 4 9 5 9 5 9 5 9 5 9 5 9 0 0 0 0 0 0 0 0 0 0]"
"1769235459396905,CSI_DATA,STATION,00:00:00:00:00:00,0,0,0,0,0,0,0,0,0,0,0,0,0,0,0,0,0,0,0,0,0,128,[84 -64 4 0 0 0 0 0 0 0 0 0 -12 4 -12 4 -12 3 -12 3 -12 2 -13 2 -13 2 -13 2 -13 1 -13 1 -12 1 -12 1 -12 0 -12 0 -12 0 -12 1 -11 0 -11 0 -11 -1 -11 0 -11 0 -11 0 -11 0 -10 0 -10 0 -10 1 0 0 -10 1 -10 1 -9 1 -10 1 -9 1 -9 1 -9 1 -9 2 -9 3 -10 3 -9 3 -9 2 -9 2 -9 3 -9 3 -9 3 -9 3 -9 4 -9 4 -9 4 -9 4 -9 5 -9 4 -9 5 -9 5 -9 5 0 0 0 0 0 0 0 0 0 0]"
"1769235459401203,CSI_DATA,STATION,00:00:00:00:00:00,0,0,0,0,0,0,0,0,0,0,0,0,0,0,0,0,0,0,0,0,0,128,[84 -64 4 0 0 0 0 0 0 0 0 0 0 -16 1 -16 1 -16 1 -15 2 -15 3 -16 3 -15 4 -15 4 -15 4 -15 5 -14 5 -14 5 -14 5 -14 5 -14 5 -13 6 -13 5 -13 5 -13 5 -12 5 -12 5 -12 5 -12 4 -11 4 -12 4 -12 0 0 4 -12 3 -11 3 -11 3 -11 3 -12 3 -12 2 -11 3 -11 2 -11 2 -11 1 -12 1 -12 1 -12 1 -12 1 -12 1 -12 1 -12 1 -13 0 -12 0 -13 0 -13 0 -12 0 -13 -1 -13 -1 -13 -1 -13 0 0 0 0 0 0 0 0 0 0]"
"1769235459407643,CSI_DATA,STATION,00:00:00:00:00:00,0,0,0,0,0,0,0,0,0,0,0,0,0,0,0,0,0,0,0,0,0,128,[84 -64 4 0 0 0 0 0 0 0 0 0 15 -3 15 -2 15 -1 15 -1 14 -1 15 0 15 0 15 1 14 1 15 1 14 1 14 2 14 2 13 2 13 2 13 1 13 2 12 2 13 3 13 2 12 2 12 2 12 2 12 1 12 1 12 1 0 0 12 1 11 1 11 0 11 0 11 0 11 -1 11 -1 11 -1 11 -1 11 -2 11 -2 11 -2 11 -2 11 -3 11 -3 11 -3 11 -4 12 -4 11 -4 11 -4 11 -4 11 -4 11 -4 11 -5 11 -5 11 -5 0 0 0 0 0 0 0 0 0 0]"
"1769235459420467,CSI_DATA,STATION,00:00:00:00:00:00,0,0,0,0,0,0,0,0,0,0,0,0,0,0,0,0,0,0,0,0,0,128,[84 -64 4 0 0 0 0 0 0 0 0 0 -10 11 -10 10 -10 10 -10 9 -11 9 -12 9 -11 9 -12 8 -11 8 -12 8 -11 8 -11 7 -12 7 -12 7 -11 6 -12 7 -12 7 -11 7 -11 6 -11 6 -10 6 -11 5 -10 6 -10 6 -9 6 -10 6 0 0 -9 6 -9 6 -9 7 -9 7 -9 7 -8 7 -8 7 -8 7 -8 7 -8 8 -7 8 -8 8 -7 8 -7 8 -7 8 -7 9 -6 9 -6 9 -6 9 -7 9 -6 9 -6 9 -6 9 -5 10 -6 10 -5 10 0 0 0 0 0 0 0 0 0 0]"
"1769235459424819,CSI_DATA,STATION,00:00:00:00:00:00,0,0,0,0,0,0,0,0,0,0,0,0,0,0,0,0,0,0,0,0,0,128,[84 -64 4 0 0 0 0 0 0 0 0 0 -2 16 -2 15 -4 16 -4 15 -4 15 -5 15 -5 15 -6 15 -6 14 -7 14 -7 14 -6 13 -7 13 -7 13 -7 12 -7 13 -7 12 -7 13 -7 12 -6 12 -6 11 -6 12 -7 12 -6 12 -5 11 -6 11 0 0 -5 11 -4 11 -4 11 -4 11 -4 11 -4 12 -4 11 -3 11 -3 11 -3 12 -3 11 -2 11 -2 11 -2 11 -2 12 -1 12 -1 12 -1 12 -1 12 0 12 0 12 0 12 0 12 0 13 0 12 0 12 0 0 0 0 0 0 0 0 0 0]"
"1769235459431531,CSI_DATA,STATION,00:00:00:00:00:00,0,0,0,0,0,0,0,0,0,0,0,0,0,0,0,0,0,0,0,0,0,128,[84 -64 4 0 0 0 0 0 0 0 0 0 9 10 9 10 8 11 8 11 8 11 8 11 7 11 6 11 6 12 6 12 6 12 6 12 5 12 5 12 5 12 5 11 5 11 5 11 4 11 4 11 4 11 4 11 4 11 5 10 4 10 4 10 0 0 5 10 5 10 5 9 5 9 5 9 5 9 5 9 5 9 6 8 6 8 6 8 6 9 6 9 7 8 7 8 7 8 7 7 7 8 7 7 7 7 8 7 7 8 8 8 8 7 8 7 9 7 0 0 0 0 0 0 0 0 0 0]"
"1769235459435921,CSI_DATA,STATION,00:00:00:00:00:00,0,0,0,0,0,0,0,0,0,0,0,0,0,0,0,0,0,0,0,0,0,128,[84 -64 4 0 0 0 0 0 0 0 0 0 -15 1 -15 0 -15 -1 -15 -1 -15 -2 -15 -2 -15 -2 -15 -3 -14 -3 -15 -3 -14 -3 -14 -3 -14 -3 -14 -4 -13 -4 -13 -3 -13 -4 -13 -4 -13 -4 -12 -4 -12 -4 -12 -4 -12 -3 -12 -3 -12 -3 -12 -3 0 0 -12 -3 -11 -2 -11 -2 -12 -2 -11 -2 -11 -2 -11 -1 -12 -1 -11 -1 -12 0 -12 0 -12 -1 -12 0 -12 0 -12 0 -12 1 -12 0 -12 1 -12 1 -12 1 -12 2 -12 2 -12 2 -12 2 -12 3 -12 2 0 0 0 0 0 0 0 0 0 0]"
"1769235459440312,CSI_DATA,STATION,00:00:00:00:00:00,0,0,0,0,0,0,0,0,0,0,0,0,0,0,0,0,0,0,0,0,0,128,[84 -64 4 0 0 0 0 0 0 0 0 0 12 -7 13 -6 13 -6 13 -6 13 -5 13 -5 13 -5 14 -4 13 -4 14 -3 13 -3 13 -3 13 -2 13 -2 13 -1 13 -3 13 -2 12 -2 12 -1 13 -2 12 -1 12 -2 12 -2 11 -1 11 -2 11 -2 0 0 11 -2 11 -2 11 -3 11 -3 10 -3 11 -3 10 -4 10 -4 10 -4 10 -4 10 -4 10 -4 10 -4 10 -4 10 -5 10 -6 10 -5 10 -6 10 -6 10 -6 10 -6 10 -6 10 -6 9 -7 10 -7 10 -7 0 0 0 0 0 0 0 0 0 0]"
"1769235459446834,CSI_DATA,STATION,00:00:00:00:00:00,0,0,0,0,0,0,0,0,0,0,0,0,0,0,0,0,0,0,0,0,0,128,[84 -64 4 0 0 0 0 0 0 0 0 0 -7 12 -7 13 -7 12 -8 12 -8 11 -9 12 -9 11 -9 11 -9 11 -9 10 -10 11 -10 10 -10 10 -10 10 -10 9 -10 9 -10 10 -9 9 -10 9 -10 8 -9 8 -9 8 -9 8 -9 8 -8 8 -9 9 0 0 -8 8 -8 7 -8 9 -7 8 -7 9 -7 8 -7 8 -7 9 -7 9 -7 9 -6 10 -6 9 -6 9 -6 10 -6 9 -6 10 -5 10 -6 11 -5 11 -5 10 -5 11 -5 10 -4 11 -4 11 -4 11 -4 12 0 0 0 0 0 0 0 0 0 0]"
"1769235459451191,CSI_DATA,STATION,00:00:00:00:00:00,0,0,0,0,0,0,0,0,0,0,0,0,0,0,0,0,0,0,0,0,0,128,[84 -64 4 0 0 0 0 0 0 0 0 0 8 11 8 11 8 12 8 12 7 12 6 12 6 12 5 13 6 13 5 13 5 13 4 12 4 13 4 12 4 13 3 13 4 12 3 12 3 11 3 12 3 11 3 11 3 11 3 11 3 11 4 11 0 0 4 10 3 10 4 10 4 10 4 10 4 10 5 10 5 10 5 9 5 9 5 9 5 10 5 10 6 9 6 9 6 9 7 9 6 9 7 9 6 9 7 9 7 9 7 9 8 8 8 9 8 8 0 0 0 0 0 0 0 0 0 0]"
"1769235459457645,CSI_DATA,STATION,00:00:00:00:00:00,0,0,0,0,0,0,0,0,0,0,0,0,0,0,0,0,0,0,0,0,0,128,[84 -64 4 0 0 0 0 0 0 0 0 0 -15 -2 -15 -2 -15 -4 -15 -4 -15 -4 -15 -4 -15 -5 -14 -6 -14 -6 -14 -5 -14 -6 -13 -6 -13 -6 -13 -6 -13 -6 -13 -6 -13 -6 -12 -6 -12 -6 -12 -7 -11 -6 -11 -6 -12 -6 -12 -6 -11 -6 -12 -5 0 0 -11 -5 -11 -5 -11 -4 -11 -4 -11 -4 -11 -4 -11 -4 -12 -3 -11 -3 -12 -3 -12 -2 -12 -2 -12 -2 -12 -2 -12 -2 -12 -1 -12 -2 -13 -1 -12 -1 -13 -1 -13 -1 -13 -1 -13 0 -13 0 -13 0 -13 1 0 0 0 0 0 0 0 0 0 0]"
"1769235459461945,CSI_DATA,STATION,00:00:00:00:00:00,0,0,0,0,0,0,0,0,0,0,0,0,0,0,0,0,0,0,0,0,0,128,[84 -64 4 0 0 0 0 0 0 0 0 0 2 -15 3 -15 3 -15 4 -14 4 -14 5 -14 6 -14 6 -14 6 -13 6 -13 5 -13 6 -13 6 -13 6 -13 7 -13 6 -12 7 -12 7 -12 7 -12 7 -11 7 -11 6 -11 6 -11 6 -11 5 -11 5 -11 0 0 5 -11 5 -10 4 -11 4 -11 4 -11 4 -11 4 -11 4 -11 4 -11 3 -11 3 -11 2 -11 2 -12 2 -12 2 -12 2 -12 2 -12 2 -12 2 -13 2 -13 1 -12 2 -13 1 -13 0 -13 0 -13 0 -13 0 0 0 0 0 0 0 0 0 0]"
"1769235459466286,CSI_DATA,STATION,00:00:00:00:00:00,0,0,0,0,0,0,0,0,0,0,0,0,0,0,0,0,0,0,0,0,0,128,[84 -64 4 0 0 0 0 0 0 0 0 0 -1 16 -3 15 -3 16 -3 16 -4 15 -4 16 -6 15 -6 15 -6 15 -6 15 -6 15 -6 14 -6 14 -7 14 -7 14 -7 13 -7 13 -7 13 -7 13 -7 12 -7 12 -7 12 -7 12 -6 12 -6 12 -6 12 0 0 -5 12 -5 12 -5 12 -5 12 -5 12 -5 12 -4 12 -4 12 -3 12 -3 12 -3 12 -3 12 -3 13 -3 13 -2 13 -2 13 -2 13 -2 13 -1 14 -2 13 -1 13 -1 13 -1 13 0 13 0 13 0 13 0 0 0 0 0 0 0 0 0 0]"
"1769235459472742,CSI_DATA,STATION,00:00:00:00:00:00,0,0,0,0,0,0,0,0,0,0,0,0,0,0,0,0,0,0,0,0,0,128,[84 -64 4 0 0 0 0 0 0 0 0 0 -9 -13 -9 -12 -9 -13 -8 -13 -7 -13 -7 -13 -7 -13 -6 -14 -6 -13 -6 -14 -5 -14 -5 -14 -5 -14 -5 -14 -4 -13 -5 -14 -4 -13 -4 -13 -4 -13 -4 -13 -4 -13 -4 -13 -4 -13 -4 -12 -4 -12 -4 -12 0 0 -4 -11 -4 -12 -5 -11 -5 -11 -5 -11 -5 -11 -5 -11 -6 -11 -5 -10 -6 -11 -7 -11 -6 -11 -6 -11 -6 -10 -7 -11 -7 -10 -8 -11 -7 -11 -7 -11 -8 -11 -7 -11 -8 -10 -8 -11 -9 -10 -8 -10 -8 -10 0 0 0 0 0 0 0 0 0 0]"
"1769235459477041,CSI_DATA,STATION,00:00:00:00:00:00,0,0,0,0,0,0,0,0,0,0,0,0,0,0,0,0,0,0,0,0,0,128,[84 -64 4 0 0 0 0 0 0 0 0 0 5 13 5 13 4 13 4 14 4 14 3 14 3 14 2 14 1 14 1 15 1 14 1 13 1 13 1 13 0 14 0 13 -1 12 0 12 0 12 0 13 0 13 0 12 0 12 0 11 0 12 1 11 0 0 0 11 1 12 1 11 0 11 1 11 1 11 1 11 2 11 1 10 2 10 3 10 2 11 2 11 3 11 3 11 3 11 4 10 4 11 4 11 3 10 4 11 4 11 5 11 5 11 4 11 5 11 0 0 0 0 0 0 0 0 0 0]"
"1769235459483503,CSI_DATA,STATION,00:00:00:00:00:00,0,0,0,0,0,0,0,0,0,0,0,0,0,0,0,0,0,0,0,0,0,128,[84 -64 4 0 0 0 0 0 0 0 0 0 -9 -12 -8 -13 -8 -13 -7 -13 -7 -13 -6 -14 -6 -14 -6 -14 -6 -14 -5 -14 -5 -14 -5 -14 -4 -14 -4 -14 -4 -14 -4 -14 -4 -13 -4 -13 -3 -13 -4 -13 -4 -13 -4 -13 -3 -12 -4 -12 -4 -12 -4 -12 0 0 -4 -12 -4 -11 -5 -12 -4 -12 -5 -11 -5 -11 -5 -11 -5 -11 -5 -11 -6 -10 -6 -11 -6 -11 -6 -11 -7 -11 -6 -11 -7 -11 -7 -10 -8 -10 -8 -10 -8 -10 -8 -10 -8 -10 -8 -10 -9 -10 -9 -10 -9 -10 0 0 0 0 0 0 0 0 0 0]"
"1769235459487802,CSI_DATA,STATION,00:00:00:00:00:00,0,0,0,0,0,0,0,0,0,0,0,0,0,0,0,0,0,0,0,0,0,128,[84 -64 4 0 0 0 0 0 0 0 0 0 -14 -6 -14 -7 -14 -7 -14 -7 -13 -8 -13 -8 -12 -8 -12 -9 -12 -9 -12 -9 -12 -9 -11 -9 -11 -10 -11 -10 -10 -10 -10 -9 -10 -10 -10 -9 -10 -10 -10 -9 -10 -9 -10 -9 -9 -9 -10 -9 -9 -8 -10 -8 0 0 -10 -8 -10 -7 -10 -7 -9 -7 -10 -8 -10 -7 -10 -7 -10 -7 -10 -6 -11 -6 -10 -6 -11 -6 -10 -6 -11 -6 -11 -6 -12 -5 -12 -5 -11 -5 -12 -5 -12 -5 -12 -5 -12 -5 -12 -5 -13 -5 -12 -4 -13 -4 0 0 0 0 0 0 0 0 0 0]"
"1769235459492148,CSI_DATA,STATION,00:00:00:00:00:00,0,0,0,0,0,0,0,0,0,0,0,0,0,0,0,0,0,0,0,0,0,128,[84 -64 4 0 0 0 0 0 0 0 0 0 -6 13 -7 13 -7 12 -8 13 -8 12 -9 12 -9 11 -9 12 -9 11 -9 11 -9 11 -9 11 -10 11 -9 10 -10 10 -9 9 -10 10 -9 9 -9 9 -9 9 -9 9 -9 9 -9 9 -8 9 -8 9 -8 9 0 0 -8 9 -7 9 -7 9 -7 9 -7 9 -7 9 -6 9 -6 9 -6 10 -6 9 -5 10 -5 10 -5 10 -5 11 -5 10 -5 11 -4 10 -4 11 -4 11 -4 11 -4 11 -4 11 -3 11 -3 11 -3 12 -3 12 0 0 0 0 0 0 0 0 0 0]"
"1769235459498595,CSI_DATA,STATION,00:00:00:00:00:00,0,0,0,0,0,0,0,0,0,0,0,0,0,0,0,0,0,0,0,0,0,128,[84 -64 4 0 0 0 0 0 0 0 0 0 8 -13 9 -13 9 -12 9 -11 9 -11 10 -11 10 -11 10 -10 10 -10 11 -9 11 -10 11 -9 10 -9 10 -9 10 -9 10 -8 11 -8 10 -9 10 -8 10 -8 10 -8 10 -8 10 -8 10 -8 9 -7 9 -8 0 0 9 -8 8 -8 8 -8 8 -8 8 -8 8 -8 7 -8 7 -9 7 -9 7 -9 7 -9 7 -9 7 -9 6 -9 7 -10 6 -10 6 -10 6 -11 6 -11 6 -11 6 -11 6 -11 5 -11 6 -11 5 -12 5 -12 0 0 0 0 0 0 0 0 0 0]"
"1769235459502896,CSI_DATA,STATION,00:00:00:00:00:00,0,0,0,0,0,0,0,0,0,0,0,0,0,0,0,0,0,0,0,0,0,128,[84 -64 4 0 0 0 0 0 0 0 0 0 10 10 9 11 8 11 9 11 8 11 8 12 7 12 7 12 6 12 6 13 6 12 6 12 5 12 6 12 5 13 5 12 5 11 5 11 5 12 4 12 4 11 5 11 4 11 5 11 4 11 4 10 0 0 5 10 5 10 5 10 5 10 6 9 5 10 6 9 6 9 6 8 6 9 6 8 6 9 7 9 7 9 7 8 8 9 8 8 8 8 8 8 8 8 8 8 9 8 8 8 9 8 9 8 9 8 0 0 0 0 0 0 0 0 0 0]"
"1769235459509340,CSI_DATA,STATION,00:00:00:00:00:00,0,0,0,0,0,0,0,0,0,0,0,0,0,0,0,0,0,0,0,0,0,128,[84 -64 4 0 0 0 0 0 0 0 0 0 -2 15 -3 14 -3 14 -3 14 -4 14 -4 14 -4 14 -6 14 -5 13 -6 14 -6 12 -6 12 -6 12 -6 13 -6 12 -6 12 -6 12 -6 11 -6 12 -6 11 -6 11 -6 11 -6 11 -6 11 -5 10 -5 11 0 0 -5 10 -4 10 -4 10 -4 11 -4 11 -3 11 -3 11 -3 11 -3 10 -3 11 -3 11 -2 11 -2 11 -2 11 -2 12 -2 11 -1 11 -1 11 -1 11 -1 12 -1 12 0 12 -1 12 0 12 0 12 0 12 0 0 0 0 0 0 0 0 0 0]"
"1769235459513648,CSI_DATA,STATION,00:00:00:00:00:00,0,0,0,0,0,0,0,0,0,0,0,0,0,0,0,0,0,0,0,0,0,128,[84 -64 4 0 0 0 0 0 0 0 0 0 6 -12 7 -12 7 -12 7 -11 8 -11 8 -11 8 -11 9 -10 9 -10 9 -10 9 -10 9 -9 9 -9 9 -9 9 -8 9 -8 9 -8 9 -9 9 -8 9 -8 9 -8 8 -8 8 -8 8 -8 8 -8 8 -8 0 0 7 -8 7 -8 7 -8 7 -8 7 -8 6 -8 6 -8 6 -9 6 -9 6 -9 6 -9 6 -9 5 -9 5 -9 5 -10 5 -10 5 -10 5 -10 4 -10 4 -10 5 -10 4 -10 4 -10 4 -10 4 -11 4 -11 0 0 0 0 0 0 0 0 0 0]"
"1769235459520091,CSI_DATA,STATION,00:00:00:00:00:00,0,0,0,0,0,0,0,0,0,0,0,0,0,0,0,0,0,0,0,0,0,128,[84 -64 4 0 0 0 0 0 0 0 0 0 8 12 7 12 7 12 7 13 6 13 6 13 5 13 5 13 4 13 4 13 4 13 4 13 3 13 3 13 3 14 3 13 2 13 2 12 2 13 3 12 2 12 3 12 2 12 2 12 2 11 3 11 0 0 3 11 3 11 3 10 3 11 3 11 4 11 4 10 4 10 4 10 4 10 5 10 5 10 5 10 5 10 5 10 6 10 6 9 6 10 6 10 6 10 7 9 7 10 7 9 7 9 7 9 7 10 0 0 0 0 0 0 0 0 0 0]"
"1769235459524498,CSI_DATA,STATION,00:00:00:00:00:00,0,0,0,0,0,0,0,0,0,0,0,0,0,0,0,0,0,0,0,0,0,128,[84 -64 4 0 0 0 0 0 0 0 0 0 -15 -2 -16 -2 -16 -3 -16 -3 -15 -4 -16 -4 -15 -5 -15 -5 -15 -6 -15 -6 -14 -6 -14 -5 -14 -6 -13 -6 -13 -6 -13 -6 -13 -7 -12 -7 -12 -7 -12 -7 -12 -7 -12 -7 -12 -6 -12 -6 -11 -6 -11 -5 0 0 -12 -5 -11 -5 -11 -5 -11 -4 -12 -5 -11 -5 -12 -4 -11 -4 -11 -4 -12 -3 -12 -3 -12 -3 -12 -3 -12 -3 -12 -3 -13 -2 -12 -3 -13 -2 -13 -2 -13 -2 -13 -2 -13 -2 -13 -2 -13 -1 -13 -1 -13 -1 0 0 0 0 0 0 0 0 0 0]"
"1769235459528969,CSI_DATA,STATION,00:00:00:00:00:00,0,0,0,0,0,0,0,0,0,0,0,0,0,0,0,0,0,0,0,0,0,128,[84 -64 4 0 0 0 0 0 0 0 0 0 8 -13 8 -13 8 -12 9 -13 9 -12 10 -11 10 -11 10 -11 11 -10 11 -10 11 -10 10 -9 11 -10 11 -9 11 -9 11 -9 11 -9 10 -9 10 -8 11 -8 10 -8 10 -8 10 -8 9 -8 9 -8 9 -8 0 0 9 -8 8 -8 8 -9 8 -8 8 -9 8 -8 7 -9 8 -9 7 -9 7 -9 7 -10 7 -10 7 -10 7 -10 6 -10 7 -11 6 -11 6 -11 6 -11 6 -11 6 -11 6 -11 5 -11 5 -12 5 -12 5 -12 0 0 0 0 0 0 0 0 0 0]"
"1769235459533377,CSI_DATA,STATION,00:00:00:00:00:00,0,0,0,0,0,0,0,0,0,0,0,0,0,0,0,0,0,0,0,0,0,128,[84 -64 4 0 0 0 0 0 0 0 0 0 10 8 10 8 9 9 10 9 9 10 9 10 9 10 8 10 8 9 7 11 7 10 7 10 7 10 7 10 6 10 7 10 7 10 6 10 6 10 6 10 6 9 6 9 6 9 6 9 6 9 6 8 0 0 6 8 6 8 6 7 6 8 7 7 7 7 7 7 7 7 7 6 7 7 7 6 8 6 8 7 8 6 8 6 9 5 9 5 9 5 9 5 9 5 9 5 9 5 10 5 10 4 10 4 9 4 0 0 0 0 0 0 0 0 0 0]"
"1769235459539864,CSI_DATA,STATION,00:00:00:00:00:00,0,0,0,0,0,0,0,0,0,0,0,0,0,0,0,0,0,0,0,0,0,128,[84 -64 4 0 0 0 0 0 0 0 0 0 5 -15 5 -15 5 -14 6 -14 6 -14 7 -14 7 -13 7 -13 7 -13 8 -13 9 -13 8 -12 9 -12 9 -11 8 -11 8 -11 9 -11 9 -11 9 -11 8 -11 8 -11 8 -11 8 -10 8 -10 7 -10 7 -11 0 0 6 -10 6 -10 6 -10 6 -10 6 -11 5 -11 5 -11 5 -11 4 -11 5 -11 4 -11 4 -11 4 -11 4 -12 4 -12 3 -12 3 -12 3 -13 3 -13 3 -13 2 -13 3 -12 2 -12 2 -13 2 -13 2 -13 0 0 0 0 0 0 0 0 0 0]"
"1769235459544185,CSI_DATA,STATION,00:00:00:00:00:00,0,0,0,0,0,0,0,0,0,0,0,0,0,0,0,0,0,0,0,0,0,128,[84 -64 4 0 0 0 0 0 0 0 0 0 3 -15 4 -15 4 -15 4 -15 5 -15 6 -14 6 -14 6 -14 7 -13 7 -13 7 -14 7 -13 8 -13 8 -12 7 -13 7 -12 7 -12 7 -12 7 -12 7 -12 7 -11 7 -11 7 -11 7 -11 6 -11 6 -11 0 0 6 -11 5 -11 5 -11 5 -11 5 -11 5 -12 4 -11 4 -12 4 -12 4 -12 4 -12 3 -12 3 -12 3 -12 3 -13 3 -13 3 -12 2 -13 2 -13 2 -13 2 -13 2 -12 2 -13 1 -13 1 -13 1 -13 0 0 0 0 0 0 0 0 0 0]"
"1769235459550650,CSI_DATA,STATION,00:00:00:00:00:00,0,0,0,0,0,0,0,0,0,0,0,0,0,0,0,0,0,0,0,0,0,128,[84 -64 4 0 0 0 0 0 0 0 0 0 -14 0 -14 -1 -14 -1 -15 -1 -14 -2 -14 -2 -14 -3 -14 -3 -14 -3 -14 -4 -13 -4 -13 -4 -13 -4 -13 -4 -13 -4 -13 -4 -13 -4 -12 -4 -12 -5 -13 -4 -12 -4 -12 -4 -12 -3 -12 -4 -11 -4 -12 -3 0 0 -11 -2 -11 -3 -11 -2 -11 -2 -11 -2 -11 -2 -12 -1 -11 -1 -11 -1 -12 0 -11 0 -11 -1 -11 0 -12 0 -11 0 -12 1 -11 0 -12 1 -12 1 -12 2 -12 2 -12 2 -11 1 -12 2 -12 2 -12 2 0 0 0 0 0 0 0 0 0 0]"
"1769235459554959,CSI_DATA,STATION,00:00:00:00:00:00,0,0,0,0,0,0,0,0,0,0,0,0,0,0,0,0,0,0,0,0,0,128,[84 -64 4 0 0 0 0 0 0 0 0 0 14 5 14 5 13 6 13 6 12 6 13 7 13 7 12 7 12 8 12 8 12 8 11 8 11 9 11 8 11 9 10 8 11 9 10 8 10 9 10 9 10 8 10 8 10 7 10 8 10 7 10 7 0 0 9 7 9 6 9 7 9 6 10 6 9 6 10 5 10 5 10 5 10 5 10 4 11 5 11 5 11 4 11 4 11 4 11 3 11 3 12 3 11 3 12 2 12 3 12 2 12 3 12 2 12 2 0 0 0 0 0 0 0 0 0 0]"
"1769235459559291,CSI_DATA,STATION,00:00:00:00:00:00,0,0,0,0,0,0,0,0,0,0,0,0,0,0,0,0,0,0,0,0,0,128,[84 -64 4 0 0 0 0 0 0 0 0 0 10 8 10 8 10 9 10 9 9 9 9 9 8 9 8 10 8 10 8 10 8 10 7 10 8 10 7 10 7 11 7 10 7 10 7 10 7 10 6 10 6 10 6 9 6 9 6 9 6 9 6 9 0 0 6 8 6 8 7 8 6 8 7 8 7 8 7 7 7 7 7 7 7 7 7 6 8 7 8 7 8 7 8 6 8 6 9 6 9 6 9 6 9 6 9 6 9 6 9 5 9 5 10 5 10 5 0 0 0 0 0 0 0 0 0 0]"
"1769235459565765,CSI_DATA,STATION,00:00:00:00:00:00,0,0,0,0,0,0,0,0,0,0,0,0,0,0,0,0,0,0,0,0,0,128,[84 -64 4 0 0 0 0 0 0 0 0 0 1 -15 2 -16 2 -15 3 -16 3 -15 3 -16 4 -15 5 -15 5 -15 5 -15 5 -14 5 -14 5 -13 6 -13 5 -14 5 -13 6 -13 6 -12 6 -13 6 -13 6 -12 5 -13 5 -12 5 -12 5 -12 4 -12 0 0 4 -12 4 -12 3 -12 3 -13 3 -12 3 -12 2 -12 2 -12 2 -12 1 -12 2 -13 2 -12 1 -13 1 -13 0 -13 0 -13 0 -13 0 -13 0 -13 0 -13 -1 -13 -1 -13 -1 -14 -1 -14 -1 -14 -2 -14 0 0 0 0 0 0 0 0 0 0]"
"1769235459570072,CSI_DATA,STATION,00:00:00:00:00:00,0,0,0,0,0,0,0,0,0,0,0,0,0,0,0,0,0,0,0,0,0,128,[84 -64 4 0 0 0 0 0 0 0 0 0 20 -3 21 -2 20 -1 21 -1 20 0 21 0 21 0 21 1 20 2 20 3 20 3 20 4 19 4 19 4 19 4 19 4 19 3 17 4 18 4 18 4 17 4 17 3 17 3 17 4 16 3 17 2 0 0 17 2 15 2 16 2 16 2 16 1 16 1 16 0 16 0 16 0 16 -1 16 -2 16 -1 16 -1 16 -2 16 -2 17 -3 16 -3 16 -4 16 -4 16 -4 16 -4 16 -4 16 -4 16 -5 17 -5 17 -6 0 0 0 0 0 0 0 0 0 0]"
"1769235459576569,CSI_DATA,STATION,00:00:00:00:00:00,0,0,0,0,0,0,0,0,0,0,0,0,0,0,0,0,0,0,0,0,0,128,[84 -64 4 0 0 0 0 0 0 0 0 0 15 -2 14 -2 15 -1 14 -1 15 0 14 0 14 1 15 2 15 1 15 2 14 2 14 2 13 3 14 3 13 3 14 2 12 3 13 3 12 3 13 3 13 3 12 3 13 3 12 3 12 2 12 2 0 0 11 1 12 1 11 1 12 1 11 1 12 1 12 1 12 0 12 -1 12 -1 11 -1 12 0 12 0 11 0 13 -2 12 -2 12 -2 12 -2 12 -3 12 -3 12 -3 12 -3 13 -3 12 -3 12 -3 12 -4 0 0 0 0 0 0 0 0 0 0]"
"1769235459580903,CSI_DATA,STATION,00:00:00:00:00:00,0,0,0,0,0,0,0,0,0,0,0,0,0,0,0,0,0,0,0,0,0,128,[84 -64 4 0 0 0 0 0 0 0 0 0 -2 -17 -2 -17 -2 -17 -1 -18 0 -18 0 -18 0 -17 1 -18 1 -17 1 -17 2 -16 2 -17 3 -16 3 -16 3 -16 3 -16 3 -16 3 -14 3 -15 3 -15 3 -15 3 -15 3 -14 3 -15 3 -14 2 -14 0 0 2 -14 2 -14 1 -14 1 -14 1 -14 1 -14 0 -14 0 -14 0 -14 0 -14 0 -14 0 -14 -1 -14 -1 -15 -1 -14 -1 -15 -2 -14 -2 -15 -2 -15 -2 -15 -2 -15 -3 -15 -3 -15 -3 -15 -3 -15 -3 -15 0 0 0 0 0 0 0 0 0 0]"
"1769235459595860,CSI_DATA,STATION,00:00:00:00:00:00,0,0,0,0,0,0,0,0,0,0,0,0,0,0,0,0,0,0,0,0,0,128,[84 -64 4 0 0 0 0 0 0 0 0 0 11 6 11 7 11 7 11 7 11 8 10 8 10 8 10 9 10 9 10 10 9 9 9 9 9 9 9 10 9 9 8 10 8 10 8 9 8 10 8 9 8 9 8 9 8 8 8 9 8 8 8 8 0 0 8 8 8 7 8 7 8 7 8 8 9 7 9 7 9 6 9 6 9 6 9 6 9 6 9 6 10 6 10 5 10 6 10 5 10 5 11 5 10 4 11 4 10 5 11 5 11 5 11 4 12 4 0 0 0 0 0 0 0 0 0 0]"
"1769235459600258,CSI_DATA,STATION,00:00:00:00:00:00,0,0,0,0,0,0,0,0,0,0,0,0,0,0,0,0,0,0,0,0,0,128,[84 -64 4 0 0 0 0 0 0 0 0 0 11 -8 12 -8 12 -7 12 -7 12 -7 12 -7 13 -6 13 -6 13 -5 13 -5 13 -5 13 -4 12 -4 12 -4 12 -4 12 -4 12 -3 12 -3 12 -3 12 -3 12 -3 12 -3 11 -3 11 -3 11 -3 11 -4 0 0 11 -4 11 -4 10 -4 11 -4 10 -4 11 -4 10 -4 10 -5 10 -5 10 -5 10 -6 10 -5 10 -6 10 -5 11 -6 10 -6 10 -6 10 -7 10 -7 11 -7 10 -7 10 -7 10 -7 10 -7 10 -8 10 -8 0 0 0 0 0 0 0 0 0 0]"
"1769235459606738,CSI_DATA,STATION,00:00:00:00:00:00,0,0,0,0,0,0,0,0,0,0,0,0,0,0,0,0,0,0,0,0,0,128,[84 -64 4 0 0 0 0 0 0 0 0 0 10 8 10 9 9 9 9 9 9 10 9 10 9 10 8 11 8 10 8 11 8 10 7 10 7 11 7 11 7 11 7 11 7 10 6 10 6 10 6 11 6 10 6 10 6 10 6 10 6 10 6 9 0 0 6 9 6 9 6 9 6 9 7 9 7 9 7 8 7 8 7 8 8 8 8 7 8 8 8 8 8 8 8 8 8 7 9 7 9 7 9 7 9 7 9 7 10 7 10 7 10 6 10 7 10 6 0 0 0 0 0 0 0 0 0 0]"
"1769235459611088,CSI_DATA,STATION,00:00:00:00:00:00,0,0,0,0,0,0,0,0,0,0,0,0,0,0,0,0,0,0,0,0,0,128,[84 -64 4 0 0 0 0 0 0 0 0 0 -12 10 -13 10 -13 9 -13 9 -14 9 -14 8 -13 8 -14 8 -14 7 -15 7 -14 7 -14 6 -14 6 -14 6 -14 6 -14 6 -14 6 -14 5 -13 5 -13 5 -13 6 -13 5 -13 5 -13 5 -13 5 -13 5 0 0 -12 6 -12 5 -12 6 -12 6 -12 6 -12 6 -12 6 -11 6 -11 7 -11 7 -11 8 -11 7 -11 7 -11 8 -11 8 -11 8 -11 8 -11 9 -10 9 -10 9 -10 9 -10 9 -10 9 -10 10 -10 10 -10 10 0 0 0 0 0 0 0 0 0 0]"
"1769235459617607,CSI_DATA,STATION,00:00:00:00:00:00,0,0,0,0,0,0,0,0,0,0,0,0,0,0,0,0,0,0,0,0,0,128,[84 -64 4 0 0 0 0 0 0 0 0 0 -5 -15 -4 -15 -4 -15 -4 -16 -3 -16 -2 -16 -2 -16 -1 -17 -1 -16 -1 -16 0 -16 0 -15 0 -15 0 -15 0 -15 0 -15 0 -15 1 -14 0 -15 0 -14 0 -14 0 -14 1 -14 0 -14 0 -14 -1 -14 0 0 0 -13 -1 -13 -1 -13 -1 -13 -1 -14 -1 -14 -2 -13 -2 -14 -2 -13 -2 -13 -3 -13 -3 -13 -3 -13 -3 -14 -4 -13 -4 -13 -4 -13 -4 -14 -4 -14 -4 -14 -4 -14 -5 -13 -4 -14 -5 -14 -5 -14 -5 -14 0 0 0 0 0 0 0 0 0 0]"
"1769235459621935,CSI_DATA,STATION,00:00:00:00:00:00,0,0,0,0,0,0,0,0,0,0,0,0,0,0,0,0,0,0,0,0,0,128,[84 -64 4 0 0 0 0 0 0 0 0 0 13 3 13 3 12 3 12 4 12 4 12 5 12 5 11 5 11 6 11 6 11 6 11 6 11 7 10 7 10 7 10 6 10 7 10 7 9 6 9 7 9 6 10 6 9 6 10 6 9 6 9 5 0 0 9 5 9 5 9 5 9 5 9 5 9 5 9 4 10 5 10 4 10 4 10 4 10 4 11 4 11 4 10 3 10 3 11 3 11 3 11 3 11 3 11 2 11 3 11 3 12 3 12 3 12 2 0 0 0 0 0 0 0 0 0 0]"
"1769235459628646,CSI_DATA,STATION,00:00:00:00:00:00,0,0,0,0,0,0,0,0,0,0,0,0,0,0,0,0,0,0,0,0,0,128,[84 -64 4 0 0 0 0 0 0 0 0 0 4 12 4 12 3 13 3 12 3 13 3 12 2 13 2 13 2 12 1 13 0 13 0 12 0 12 0 12 0 12 0 12 -1 12 -1 12 0 11 0 12 -1 11 0 11 -1 12 0 12 0 11 0 11 0 0 0 11 1 11 1 10 1 11 1 10 1 10 1 11 2 11 1 10 1 11 2 10 1 11 2 11 2 10 2 11 2 11 3 11 3 11 3 11 3 11 3 11 3 11 3 11 4 11 3 11 4 11 0 0 0 0 0 0 0 0 0 0]"
"1769235459633042,CSI_DATA,STATION,00:00:00:00:00:00,0,0,0,0,0,0,0,0,0,0,0,0,0,0,0,0,0,0,0,0,0,128,[84 -64 4 0 0 0 0 0 0 0 0 0 9 -9 10 -9 10 -8 11 -9 10 -7 12 -8 11 -7 11 -7 11 -7 11 -6 11 -6 11 -6 11 -6 11 -6 12 -5 11 -5 11 -6 11 -5 11 -5 11 -5 10 -5 10 -5 10 -5 10 -5 10 -5 10 -5 0 0 9 -6 9 -5 10 -6 9 -6 9 -6 9 -6 9 -6 9 -7 9 -7 8 -7 8 -7 9 -7 8 -7 9 -7 8 -7 9 -8 8 -8 8 -9 8 -9 8 -9 8 -9 8 -9 8 -8 8 -9 8 -9 8 -10 0 0 0 0 0 0 0 0 0 0]"
"1769235459637399,CSI_DATA,STATION,00:00:00:00:00:00,0,0,0,0,0,0,0,0,0,0,0,0,0,0,0,0,0,0,0,0,0,128,[84 -64 4 0 0 0 0 0 0 0 0 0 6 11 6 10 5 11 5 12 5 12 5 12 4 12 4 12 4 12 3 12 3 12 3 12 2 12 2 12 2 12 2 11 2 11 2 11 2 11 2 11 2 11 2 11 2 11 2 10 2 11 2 11 0 0 3 10 3 10 3 10 2 10 3 10 3 10 3 10 4 10 4 9 4 10 4 9 4 10 4 10 5 10 4 10 5 10 6 9 5 9 5 9 5 10 6 9 6 9 6 10 6 9 6 10 6 9 0 0 0 0 0 0 0 0 0 0]"
"1769235459643955,CSI_DATA,STATION,00:00:00:00:00:00,0,0,0,0,0,0,0,0,0,0,0,0,0,0,0,0,0,0,0,0,0,128,[84 -64 4 0 0 0 0 0 0 0 0 0 -11 -10 -11 -11 -11 -11 -10 -11 -10 -11 -10 -12 -9 -12 -10 -12 -9 -12 -9 -13 -8 -12 -8 -13 -8 -12 -7 -12 -7 -12 -7 -12 -7 -12 -7 -11 -7 -12 -7 -12 -7 -11 -7 -12 -7 -11 -7 -11 -7 -12 -7 -11 0 0 -7 -11 -7 -10 -7 -11 -7 -10 -8 -10 -8 -10 -8 -10 -8 -10 -8 -10 -9 -10 -9 -10 -9 -10 -9 -9 -10 -10 -9 -10 -9 -10 -10 -10 -10 -10 -10 -9 -10 -9 -11 -10 -10 -10 -10 -10 -11 -9 -11 -9 -11 -9 0 0 0 0 0 0 0 0 0 0]"
"1769235459648331,CSI_DATA,STATION,00:00:00:00:00:00,0,0,0,0,0,0,0,0,0,0,0,0,0,0,0,0,0,0,0,0,0,128,[84 -64 4 0 0 0 0 0 0 0 0 0 -11 8 -11 7 -11 7 -11 6 -12 6 -11 6 -12 6 -12 5 -12 5 -12 5 -12 5 -12 4 -12 4 -12 4 -12 4 -12 4 -12 4 -11 3 -11 3 -11 3 -11 3 -11 3 -11 3 -11 3 -11 3 -11 3 0 0 -10 4 -11 4 -10 4 -10 4 -10 4 -10 4 -10 5 -10 4 -10 5 -10 5 -10 5 -9 5 -10 5 -10 5 -10 6 -10 6 -9 6 -10 6 -10 6 -10 7 -9 7 -10 7 -10 7 -9 7 -10 7 -9 7 0 0 0 0 0 0 0 0 0 0]"
"1769235459652682,CSI_DATA,STATION,00:00:00:00:00:00,0,0,0,0,0,0,0,0,0,0,0,0,0,0,0,0,0,0,0,0,0,128,[84 -64 4 0 0 0 0 0 0 0 0 0 -12 6 -12 5 -12 5 -13 4 -13 4 -13 4 -12 4 -13 3 -12 3 -13 3 -12 3 -12 2 -12 2 -13 2 -12 2 -12 2 -12 2 -12 2 -12 1 -12 1 -11 1 -11 2 -11 2 -11 2 -11 1 -11 2 0 0 -11 2 -11 2 -10 3 -11 3 -10 3 -10 3 -10 3 -10 4 -10 4 -10 4 -10 4 -10 4 -10 4 -10 5 -10 5 -11 5 -10 5 -10 5 -10 6 -10 6 -10 6 -10 6 -11 6 -10 6 -10 6 -10 7 0 0 0 0 0 0 0 0 0 0]"
"1769235459659199,CSI_DATA,STATION,00:00:00:00:00:00,0,0,0,0,0,0,0,0,0,0,0,0,0,0,0,0,0,0,0,0,0,128,[84 -64 4 0 0 0 0 0 0 0 0 0 -10 -8 -10 -9 -10 -9 -10 -9 -9 -10 -9 -11 -9 -10 -9 -11 -8 -10 -8 -11 -7 -11 -7 -11 -7 -11 -7 -11 -7 -11 -6 -11 -7 -10 -7 -10 -6 -10 -6 -10 -6 -10 -6 -11 -6 -10 -7 -10 -6 -9 -7 -10 0 0 -6 -9 -7 -9 -7 -9 -6 -9 -7 -9 -7 -9 -7 -8 -8 -8 -7 -8 -8 -8 -8 -8 -8 -8 -8 -8 -8 -8 -9 -8 -9 -8 -9 -8 -9 -8 -9 -8 -9 -8 -10 -8 -10 -7 -9 -8 -10 -8 -10 -7 -9 -7 0 0 0 0 0 0 0 0 0 0]"
"1769235459663523,CSI_DATA,STATION,00:00:00:00:00:00,0,0,0,0,0,0,0,0,0,0,0,0,0,0,0,0,0,0,0,0,0,128,[84 -64 4 0 0 0 0 0 0 0 0 0 -7 -11 -7 -12 -6 -12 -6 -13 -5 -12 -5 -13 -5 -12 -5 -12 -4 -13 -4 -13 -4 -12 -4 -12 -4 -12 -4 -13 -3 -13 -3 -12 -3 -12 -3 -11 -3 -12 -3 -11 -3 -11 -3 -12 -3 -11 -3 -11 -3 -11 -4 -11 0 0 -4 -10 -4 -11 -4 -11 -4 -10 -4 -10 -4 -10 -4 -10 -5 -10 -5 -10 -5 -10 -6 -10 -5 -10 -6 -9 -6 -10 -6 -10 -6 -10 -7 -10 -7 -10 -7 -10 -7 -9 -7 -10 -7 -10 -7 -10 -8 -10 -8 -9 -8 -9 0 0 0 0 0 0 0 0 0 0]"
"1769235459667874,CSI_DATA,STATION,00:00:00:00:00:00,0,0,0,0,0,0,0,0,0,0,0,0,0,0,0,0,0,0,0,0,0,128,[84 -64 4 0 0 0 0 0 0 0 0 0 5 -13 6 -14 7 -13 7 -13 7 -13 8 -13 8 -12 8 -12 8 -12 9 -12 8 -11 8 -11 9 -11 9 -11 8 -11 9 -10 9 -10 8 -10 8 -10 8 -9 8 -10 8 -10 8 -10 8 -10 7 -9 7 -10 0 0 7 -10 6 -9 6 -9 6 -9 6 -10 6 -10 6 -10 6 -10 6 -10 5 -11 5 -11 5 -11 4 -11 5 -12 4 -11 4 -12 4 -12 4 -12 4 -12 4 -12 4 -12 4 -12 4 -13 3 -13 3 -12 3 -13 0 0 0 0 0 0 0 0 0 0]"
"1769235459674371,CSI_DATA,STATION,00:00:00:00:00:00,0,0,0,0,0,0,0,0,0,0,0,0,0,0,0,0,0,0,0,0,0,128,[84 -64 4 0 0 0 0 0 0 0 0 0 -4 -14 -4 -15 -3 -15 -3 -15 -2 -15 -2 -15 -1 -15 -1 -15 0 -15 0 -15 0 -14 0 -14 0 -14 0 -14 1 -14 0 -13 1 -13 1 -13 1 -13 1 -13 1 -12 1 -13 1 -12 1 -12 1 -12 0 -12 0 0 0 -12 0 -12 0 -12 0 -12 0 -12 0 -12 -1 -12 -1 -12 -1 -12 -1 -12 -2 -12 -2 -12 -2 -12 -2 -13 -2 -12 -3 -12 -3 -12 -3 -13 -3 -13 -3 -13 -3 -13 -3 -12 -3 -13 -3 -13 -3 -13 -4 -13 0 0 0 0 0 0 0 0 0 0]"
"1769235459678707,CSI_DATA,STATION,00:00:00:00:00:00,0,0,0,0,0,0,0,0,0,0,0,0,0,0,0,0,0,0,0,0,0,128,[84 -64 4 0 0 0 0 0 0 0 0 0 1 13 0 12 -1 13 -1 12 -1 12 -2 12 -3 12 -3 12 -2 12 -3 12 -3 12 -3 12 -3 11 -3 11 -3 11 -3 11 -4 11 -4 10 -4 10 -3 10 -3 10 -3 10 -3 10 -3 10 -2 10 -2 10 0 0 -2 10 -2 9 -1 10 -2 9 -2 10 -1 10 -1 9 -1 9 0 9 -1 10 0 9 0 10 0 10 0 10 1 10 1 10 1 10 1 10 1 10 1 10 1 11 2 10 2 10 2 10 2 10 2 10 0 0 0 0 0 0 0 0 0 0]"
"1769235459685191,CSI_DATA,STATION,00:00:00:00:00:00,0,0,0,0,0,0,0,0,0,0,0,0,0,0,0,0,0,0,0,0,0,128,[84 -64 4 0 0 0 0 0 0 0 0 0 -4 12 -4 12 -4 12 -5 12 -5 11 -6 12 -6 11 -6 11 -6 11 -7 11 -6 11 -6 10 -7 10 -6 10 -7 10 -7 9 -7 9 -7 9 -7 9 -7 9 -6 9 -6 9 -7 9 -6 9 -5 8 -6 9 0 0 -5 8 -5 8 -4 9 -4 9 -4 9 -4 8 -4 8 -4 9 -4 9 -4 9 -3 9 -3 9 -3 9 -3 9 -3 9 -3 10 -2 9 -2 10 -2 10 -2 10 -2 10 -2 10 -1 10 -1 10 -1 10 -1 11 0 0 0 0 0 0 0 0 0 0]"
"1769235459689527,CSI_DATA,STATION,00:00:00:00:00:00,0,0,0,0,0,0,0,0,0,0,0,0,0,0,0,0,0,0,0,0,0,128,[84 -64 4 0 0 0 0 0 0 0 0 0 14 -1 15 -1 14 1 15 1 14 1 15 1 14 2 14 2 14 2 13 3 13 4 13 3 13 4 13 4 13 4 12 3 12 4 11 4 12 4 12 4 11 4 11 3 11 3 11 3 11 3 11 2 0 0 11 2 10 2 11 2 11 2 11 2 11 1 11 1 11 1 10 1 9 1 10 0 11 0 11 0 11 0 11 -1 11 -1 11 -1 11 -1 12 -1 11 -1 12 -1 11 -1 11 -1 11 -2 12 -2 12 -2 0 0 0 0 0 0 0 0 0 0]"
"1769235459693847,CSI_DATA,STATION,00:00:00:00:00:00,0,0,0,0,0,0,0,0,0,0,0,0,0,0,0,0,0,0,0,0,0,128,[84 -64 4 0 0 0 0 0 0 0 0 0 2 -15 3 -15 4 -15 3 -15 4 -15 5 -15 5 -14 5 -14 6 -13 6 -14 6 -13 6 -13 6 -12 6 -13 5 -12 5 -12 6 -12 6 -12 6 -12 6 -11 5 -11 5 -11 5 -11 5 -11 4 -11 5 -11 0 0 4 -11 3 -11 4 -11 3 -11 3 -11 3 -11 3 -11 2 -11 2 -11 2 -11 1 -11 1 -11 1 -11 1 -12 1 -12 1 -12 0 -12 1 -12 0 -12 1 -12 0 -12 0 -12 0 -12 -1 -12 -1 -12 -1 -12 0 0 0 0 0 0 0 0 0 0]"
"1769235459700356,CSI_DATA,STATION,00:00:00:00:00:00,0,0,0,0,0,0,0,0,0,0,0,0,0,0,0,0,0,0,0,0,0,128,[84 -64 4 0 0 0 0 0 0 0 0 0 14 -2 15 -2 14 0 15 -1 14 0 15 0 14 0 15 1 14 1 14 1 14 2 13 2 13 2 13 2 14 2 12 2 12 2 11 2 12 2 12 2 12 2 11 2 12 1 11 1 11 1 11 1 0 0 11 0 11 0 11 0 11 -1 11 -1 11 -1 10 -1 10 -2 11 -2 10 -2 10 -2 10 -2 11 -2 11 -3 10 -3 11 -4 10 -4 11 -5 11 -5 10 -4 10 -5 10 -4 10 -5 10 -5 10 -5 10 -5 0 0 0 0 0 0 0 0 0 0]"
"1769235459704667,CSI_DATA,STATION,00:00:00:00:00:00,0,0,0,0,0,0,0,0,0,0,0,0,0,0,0,0,0,0,0,0,0,128,[84 -64 4 0 0 0 0 0 0 0 0 0 15 0 15 1 14 2 14 2 14 3 14 3 14 4 14 4 13 4 14 5 13 4 13 5 12 5 12 5 12 5 12 5 11 5 11 5 11 5 11 4 10 4 11 5 10 4 11 5 10 3 10 3 0 0 10 3 10 2 10 2 11 2 10 2 10 2 10 1 10 1 10 1 10 1 10 0 10 0 11 0 11 0 11 0 11 0 10 -1 11 -2 11 -1 10 -2 11 -2 11 -1 11 -2 11 -2 11 -3 11 -3 0 0 0 0 0 0 0 0 0 0]"
"1769235459708983,CSI_DATA,STATION,00:00:00:00:00:00,0,0,0,0,0,0,0,0,0,0,0,0,0,0,0,0,0,0,0,0,0,128,[84 -64 4 0 0 0 0 0 0 0 0 0 -1 15 -1 14 -2 14 -2 15 -3 14 -3 15 -4 14 -4 13 -4 14 -5 14 -5 13 -5 13 -5 13 -5 13 -6 12 -5 12 -5 11 -6 11 -5 12 -5 12 -5 11 -5 11 -4 11 -4 10 -4 11 -4 11 0 0 -3 10 -3 11 -3 10 -3 10 -3 10 -2 11 -2 10 -2 10 -1 10 -1 10 -1 10 -1 11 -1 11 0 11 0 11 0 10 1 10 1 10 1 10 1 11 1 11 2 11 2 11 3 10 2 11 2 11 0 0 0 0 0 0 0 0 0 0]"
"1769235459715469,CSI_DATA,STATION,00:00:00:00:00:00,0,0,0,0,0,0,0,0,0,0,0,0,0,0,0,0,0,0,0,0,0,128,[84 -64 4 0 0 0 0 0 0 0 0 0 10 -12 10 -11 11 -11 11 -10 11 -10 11 -10 12 -9 12 -9 12 -8 13 -8 12 -8 12 -7 12 -7 12 -7 11 -6 12 -7 11 -7 12 -7 10 -6 11 -6 10 -5 10 -6 11 -6 10 -6 9 -6 10 -6 0 0 9 -7 9 -6 8 -6 8 -7 8 -7 8 -7 8 -7 8 -7 7 -8 8 -8 7 -8 7 -8 7 -8 7 -8 7 -9 7 -9 6 -9 7 -9 7 -9 6 -9 6 -10 6 -10 6 -10 6 -10 6 -10 5 -10 0 0 0 0 0 0 0 0 0 0]"
"1769235459719796,CSI_DATA,STATION,00:00:00:00:00:00,0,0,0,0,0,0,0,0,0,0,0,0,0,0,0,0,0,0,0,0,0,128,[84 -64 4 0 0 0 0 0 0 0 0 0 -15 4 -15 4 -15 3 -16 3 -15 3 -16 2 -15 1 -16 1 -15 0 -15 0 -15 0 -15 0 -14 -1 -14 0 -14 -1 -15 -1 -14 -1 -12 -1 -13 -2 -13 -1 -12 -2 -13 -1 -12 -1 -12 -1 -12 -1 -12 0 0 0 -12 0 -12 0 -11 0 -11 0 -11 0 -11 0 -11 1 -11 1 -11 2 -11 2 -11 2 -11 2 -11 2 -11 3 -11 3 -12 3 -10 3 -11 3 -11 3 -11 4 -11 4 -11 4 -11 4 -10 5 -11 5 -11 5 0 0 0 0 0 0 0 0 0 0]"
"1769235459726336,CSI_DATA,STATION,00:00:00:00:00:00,0,0,0,0,0,0,0,0,0,0,0,0,0,0,0,0,0,0,0,0,0,128,[84 -64 4 0 0 0 0 0 0 0 0 0 15 -2 14 -1 15 -1 15 0 15 1 15 1 15 1 14 2 14 2 14 2 13 3 13 3 13 3 13 3 12 4 13 2 12 3 11 3 12 3 12 3 11 3 11 3 11 2 11 2 11 2 11 1 0 0 10 1 10 1 10 1 10 1 11 1 10 0 10 0 10 -1 10 -1 10 -1 10 -2 10 -1 10 -1 10 -1 10 -2 10 -2 10 -3 10 -3 10 -3 10 -3 11 -3 10 -3 10 -4 10 -4 10 -4 10 -4 0 0 0 0 0 0 0 0 0 0]"
"1769235459730737,CSI_DATA,STATION,00:00:00:00:00:00,0,0,0,0,0,0,0,0,0,0,0,0,0,0,0,0,0,0,0,0,0,128,[84 -64 4 0 0 0 0 0 0 0 0 0 -8 -14 -7 -14 -7 -15 -6 -14 -6 -15 -5 -15 -5 -14 -4 -15 -4 -15 -4 -15 -4 -14 -3 -14 -3 -14 -3 -14 -3 -14 -2 -14 -2 -13 -2 -13 -2 -13 -2 -13 -2 -13 -2 -12 -3 -12 -2 -12 -2 -12 -3 -11 0 0 -2 -11 -3 -11 -3 -11 -3 -11 -4 -10 -4 -10 -4 -10 -4 -10 -5 -10 -5 -10 -6 -10 -5 -10 -5 -10 -5 -10 -6 -10 -6 -10 -7 -10 -7 -10 -7 -10 -6 -10 -7 -9 -7 -9 -7 -10 -8 -9 -8 -9 -8 -9 0 0 0 0 0 0 0 0 0 0]"
"1769235459735156,CSI_DATA,STATION,00:00:00:00:00:00,0,0,0,0,0,0,0,0,0,0,0,0,0,0,0,0,0,0,0,0,0,128,[84 -64 4 0 0 0 0 0 0 0 0 0 -4 14 -4 13 -5 14 -5 14 -5 13 -6 13 -7 13 -7 13 -7 13 -7 13 -7 12 -7 11 -8 11 -7 11 -8 11 -7 11 -8 10 -8 11 -7 10 -7 10 -7 10 -7 10 -7 10 -6 10 -6 10 -6 10 0 0 -5 9 -5 10 -4 9 -4 10 -4 10 -4 9 -4 10 -4 10 -4 10 -3 10 -3 10 -3 10 -3 10 -2 10 -2 10 -2 10 -1 10 -1 11 -1 10 -1 11 0 11 0 11 0 11 0 11 0 11 0 11 0 0 0 0 0 0 0 0 0 0]"
"1769235459741655,CSI_DATA,STATION,00:00:00:00:00:00,0,0,0,0,0,0,0,0,0,0,0,0,0,0,0,0,0,0,0,0,0,128,[84 -64 4 0 0 0 0 0 0 0 0 0 1 -16 1 -16 2 -15 2 -16 2 -15 3 -15 4 -14 4 -15 4 -14 4 -14 5 -14 5 -14 5 -13 5 -13 5 -13 5 -13 6 -12 6 -12 5 -12 5 -12 4 -11 4 -11 5 -11 4 -12 3 -11 3 -11 0 0 3 -11 3 -11 2 -11 2 -11 2 -11 2 -11 1 -11 1 -11 1 -11 1 -11 0 -11 0 -11 0 -11 0 -11 0 -11 0 -11 -1 -12 -1 -12 -1 -12 -1 -12 -2 -12 -2 -11 -2 -12 -3 -12 -3 -12 -3 -11 0 0 0 0 0 0 0 0 0 0]"
"1769235459746023,CSI_DATA,STATION,00:00:00:00:00:00,0,0,0,0,0,0,0,0,0,0,0,0,0,0,0,0,0,0,0,0,0,128,[84 -64 4 0 0 0 0 0 0 0 0 0 -21 -12 -21 -13 -20 -14 -20 -15 -18 -14 -19 -15 -17 -15 -18 -16 -16 -16 -17 -16 -16 -16 -15 -16 -14 -17 -15 -16 -14 -16 -14 -16 -13 -16 -13 -15 -13 -16 -12 -15 -13 -15 -12 -15 -12 -14 -12 -14 -12 -14 -13 -13 0 0 -13 -12 -12 -13 -13 -12 -12 -10 -13 -12 -13 -11 -13 -10 -14 -10 -13 -10 -13 -8 -14 -8 -14 -9 -14 -8 -15 -9 -14 -8 -16 -7 -14 -7 -16 -6 -16 -7 -16 -6 -16 -6 -17 -7 -16 -6 -16 -5 -17 -5 -17 -4 0 0 0 0 0 0 0 0 0 0]"
"1769235459752388,CSI_DATA,STATION,00:00:00:00:00:00,0,0,0,0,0,0,0,0,0,0,0,0,0,0,0,0,0,0,0,0,0,128,[84 -64 4 0 0 0 0 0 0 0 0 0 -2 14 -3 14 -4 15 -4 14 -4 14 -5 14 -5 14 -6 13 -6 13 -7 13 -7 13 -7 12 -7 12 -7 12 -7 11 -7 11 -7 11 -7 11 -7 11 -7 11 -7 10 -6 10 -6 10 -6 10 -6 10 -5 10 0 0 -5 10 -4 10 -4 10 -5 10 -4 10 -4 10 -4 10 -4 10 -3 10 -3 10 -3 10 -3 10 -3 10 -2 10 -2 10 -2 10 -2 10 -2 11 -1 11 -1 11 -1 11 0 11 -1 11 0 11 0 11 0 11 0 0 0 0 0 0 0 0 0 0]"
"1769235459756849,CSI_DATA,STATION,00:00:00:00:00:00,0,0,0,0,0,0,0,0,0,0,0,0,0,0,0,0,0,0,0,0,0,128,[84 -64 4 0 0 0 0 0 0 0 0 0 -3 -15 -3 -16 -2 -16 -1 -16 -1 -15 -1 -16 0 -16 0 -16 1 -15 1 -15 1 -15 1 -15 2 -14 2 -14 2 -14 2 -14 3 -14 3 -12 2 -13 2 -13 2 -13 2 -12 2 -12 2 -12 1 -12 1 -12 0 0 1 -12 1 -11 1 -12 1 -12 0 -12 0 -11 0 -11 -1 -11 0 -11 -1 -11 -1 -11 -1 -11 -1 -11 -1 -12 -1 -11 -2 -12 -2 -11 -3 -12 -3 -11 -3 -12 -3 -12 -3 -12 -3 -12 -4 -12 -4 -12 -4 -12 0 0 0 0 0 0 0 0 0 0]"
"1769235459761304,CSI_DATA,STATION,00:00:00:00:00:00,0,0,0,0,0,0,0,0,0,0,0,0,0,0,0,0,0,0,0,0,0,128,[84 -64 4 0 0 0 0 0 0 0 0 0 -2 12 -3 12 -4 13 -4 13 -4 13 -5 13 -5 13 -5 12 -5 11 -6 12 -6 11 -6 11 -6 11 -6 11 -6 10 -5 10 -6 10 -6 9 -6 10 -5 10 -6 10 -5 9 -5 9 -5 9 -4 9 -5 9 0 0 -4 9 -3 9 -3 9 -4 9 -3 9 -2 9 -2 9 -2 9 -2 9 -2 9 -2 9 -1 9 -1 10 -1 9 -1 9 0 9 0 9 0 10 1 10 1 9 1 10 1 9 1 10 2 10 1 10 2 10 0 0 0 0 0 0 0 0 0 0]"
"1769235459767985,CSI_DATA,STATION,00:00:00:00:00:00,0,0,0,0,0,0,0,0,0,0,0,0,0,0,0,0,0,0,0,0,0,128,[84 -64 4 0 0 0 0 0 0 0 0 0 -3 15 -4 14 -5 14 -5 14 -5 14 -5 14 -6 14 -7 14 -7 13 -7 13 -7 13 -7 12 -7 12 -8 12 -7 11 -8 12 -7 11 -8 11 -7 11 -7 10 -7 10 -7 10 -7 10 -7 10 -6 10 -6 10 0 0 -6 9 -5 10 -5 10 -6 10 -5 10 -4 10 -4 10 -4 10 -4 10 -4 10 -3 10 -3 10 -3 11 -3 10 -3 11 -2 11 -2 11 -2 10 -2 11 -2 11 -1 11 -1 11 -1 12 0 12 0 11 -1 11 0 0 0 0 0 0 0 0 0 0]"
"1769235459776837,CSI_DATA,STATION,00:00:00:00:00:00,0,0,0,0,0,0,0,0,0,0,0,0,0,0,0,0,0,0,0,0,0,128,[84 -64 4 0 0 0 0 0 0 0 0 0 -14 -6 -13 -6 -13 -7 -12 -7 -12 -8 -12 -8 -12 -8 -12 -8 -12 -9 -11 -9 -11 -9 -11 -9 -10 -9 -10 -9 -10 -9 -10 -9 -9 -9 -10 -9 -9 -9 -9 -9 -9 -9 -9 -8 -10 -9 -9 -9 -9 -7 -9 -7 0 0 -8 -7 -9 -7 -9 -6 -9 -6 -9 -7 -9 -6 -9 -6 -10 -6 -10 -5 -10 -6 -10 -5 -10 -5 -10 -5 -10 -5 -11 -4 -10 -4 -11 -5 -11 -4 -11 -4 -11 -4 -11 -3 -11 -4 -11 -4 -11 -3 -11 -3 -11 -3 0 0 0 0 0 0 0 0 0 0]"
"1769235459783531,CSI_DATA,STATION,00:00:00:00:00:00,0,0,0,0,0,0,0,0,0,0,0,0,0,0,0,0,0,0,0,0,0,128,[84 -64 4 0 0 0 0 0 0 0 0 0 -6 -15 -5 -16 -5 -16 -4 -16 -3 -16 -3 -16 -2 -16 -2 -17 -1 -16 -1 -16 -1 -16 -1 -16 -1 -16 0 -15 0 -15 -1 -15 0 -15 0 -14 0 -15 0 -14 0 -14 0 -14 0 -14 0 -13 -1 -13 -1 -13 0 0 -1 -13 -1 -13 -1 -13 -1 -12 -2 -13 -2 -13 -2 -12 -2 -12 -2 -12 -3 -12 -3 -12 -3 -12 -4 -12 -4 -12 -4 -12 -4 -12 -4 -12 -5 -12 -5 -12 -5 -12 -5 -12 -5 -12 -5 -12 -6 -12 -6 -12 -6 -12 0 0 0 0 0 0 0 0 0 0]"
"1769235459790231,CSI_DATA,STATION,00:00:00:00:00:00,0,0,0,0,0,0,0,0,0,0,0,0,0,0,0,0,0,0,0,0,0,128,[84 -64 4 0 0 0 0 0 0 0 0 0 13 3 13 4 13 5 13 5 12 6 12 6 12 6 12 6 11 6 11 7 11 6 11 7 11 8 10 7 10 7 10 7 9 8 9 7 9 7 9 8 9 7 8 7 9 7 9 7 8 7 9 6 0 0 9 6 8 6 8 6 9 5 8 5 9 5 9 5 9 5 9 4 9 4 9 4 9 4 10 4 10 4 10 4 10 3 10 3 10 3 10 3 10 3 10 3 10 3 10 2 10 2 10 2 11 2 0 0 0 0 0 0 0 0 0 0]"
"1769235459794623,CSI_DATA,STATION,00:00:00:00:00:00,0,0,0,0,0,0,0,0,0,0,0,0,0,0,0,0,0,0,0,0,0,128,[84 -64 4 0 0 0 0 0 0 0 0 0 1 -15 2 -15 2 -14 3 -15 3 -14 4 -14 5 -13 5 -14 5 -13 5 -13 5 -13 5 -13 6 -13 5 -13 5 -12 5 -12 6 -12 6 -12 6 -11 6 -11 6 -11 5 -11 5 -11 5 -11 5 -11 5 -11 0 0 4 -10 4 -10 4 -10 3 -10 3 -11 3 -11 3 -10 3 -11 3 -11 2 -11 2 -11 2 -11 1 -11 2 -11 1 -11 2 -12 1 -11 1 -12 1 -11 1 -12 1 -12 1 -12 0 -12 -1 -12 -1 -12 -1 -12 0 0 0 0 0 0 0 0 0 0]"
"1769235459801307,CSI_DATA,STATION,00:00:00:00:00:00,0,0,0,0,0,0,0,0,0,0,0,0,0,0,0,0,0,0,0,0,0,128,[84 -64 4 0 0 0 0 0 0 0 0 0 13 7 13 8 13 9 12 9 12 10 12 9 12 10 11 10 11 10 11 11 11 10 10 10 10 10 10 10 9 10 9 11 10 10 9 10 9 10 9 10 9 10 8 9 8 10 9 9 8 9 9 9 0 0 8 8 8 8 8 8 8 8 9 8 9 8 9 6 10 7 9 6 10 7 9 6 10 6 11 6 10 6 11 5 10 5 11 5 11 5 11 4 11 4 11 4 11 4 11 4 12 4 12 3 12 3 0 0 0 0 0 0 0 0 0 0]"
"1769235459805718,CSI_DATA,STATION,00:00:00:00:00:00,0,0,0,0,0,0,0,0,0,0,0,0,0,0,0,0,0,0,0,0,0,128,[84 -64 4 0 0 0 0 0 0 0 0 0 5 -16 6 -15 6 -15 6 -15 7 -14 8 -15 8 -14 8 -14 9 -13 9 -13 9 -13 9 -13 9 -12 9 -12 9 -12 9 -11 9 -11 9 -11 9 -11 9 -11 9 -11 9 -11 9 -11 9 -10 8 -11 8 -11 0 0 7 -11 7 -10 7 -10 7 -10 7 -11 7 -11 6 -11 6 -11 6 -11 5 -11 5 -11 5 -11 5 -12 5 -12 5 -12 5 -12 4 -12 4 -12 4 -12 4 -12 4 -13 4 -13 3 -13 3 -13 3 -13 3 -13 0 0 0 0 0 0 0 0 0 0]"
"1769235459810211,CSI_DATA,STATION,00:00:00:00:00:00,0,0,0,0,0,0,0,0,0,0,0,0,0,0,0,0,0,0,0,0,0,128,[84 -64 4 0 0 0 0 0 0 0 0 0 -14 -6 -13 -7 -13 -7 -13 -8 -13 -8 -13 -8 -12 -9 -12 -9 -11 -9 -12 -10 -12 -9 -11 -9 -11 -10 -10 -10 -10 -10 -10 -9 -10 -9 -10 -10 -10 -10 -9 -9 -9 -10 -9 -9 -9 -9 -10 -9 -9 -8 -9 -8 0 0 -9 -8 -10 -7 -9 -7 -9 -7 -10 -7 -9 -7 -10 -7 -10 -7 -10 -6 -10 -6 -10 -6 -10 -6 -10 -5 -11 -6 -11 -5 -11 -5 -11 -5 -11 -5 -11 -5 -11 -5 -12 -4 -12 -4 -11 -4 -12 -4 -12 -4 -12 -3 0 0 0 0 0 0 0 0 0 0]"
"1769235459816915,CSI_DATA,STATION,00:00:00:00:00:00,0,0,0,0,0,0,0,0,0,0,0,0,0,0,0,0,0,0,0,0,0,128,[84 -64 4 0 0 0 0 0 0 0 0 0 14 2 14 3 14 4 14 4 13 4 13 5 13 5 13 6 12 5 12 6 12 6 12 6 11 6 11 6 11 7 11 6 11 7 11 7 10 7 10 7 10 6 10 6 10 6 10 6 10 6 10 5 0 0 10 5 9 5 10 5 10 4 10 5 10 4 10 3 10 4 10 3 10 3 10 3 10 3 11 3 11 3 10 2 11 2 11 2 11 1 11 1 11 1 11 1 11 2 11 1 11 1 11 0 11 0 0 0 0 0 0 0 0 0 0 0]"
"1769235459821446,CSI_DATA,STATION,00:00:00:00:00:00,0,0,0,0,0,0,0,0,0,0,0,0,0,0,0,0,0,0,0,0,0,128,[84 -64 4 0 0 0 0 0 0 0 0 0 8 10 8 10 7 11 7 11 7 11 6 11 6 11 5 11 5 11 5 11 5 11 4 11 4 11 4 11 4 11 4 11 4 11 4 10 3 10 3 11 3 11 3 10 3 10 4 10 3 10 3 9 0 0 3 9 3 9 4 9 4 9 4 9 4 9 4 8 4 9 4 8 5 8 5 8 5 8 5 8 6 8 5 8 5 8 6 7 6 8 6 7 6 7 6 7 6 8 6 7 7 7 7 7 7 7 0 0 0 0 0 0 0 0 0 0]"
"1769235459826064,CSI_DATA,STATION,00:00:00:00:00:00,0,0,0,0,0,0,0,0,0,0,0,0,0,0,0,0,0,0,0,0,0,128,[84 -64 4 0 0 0 0 0 0 0 0 0 -15 1 -15 0 -15 -1 -15 -1 -15 -1 -15 -1 -15 -2 -15 -2 -15 -2 -15 -3 -14 -3 -14 -3 -15 -4 -14 -3 -14 -4 -13 -3 -13 -4 -13 -4 -13 -4 -13 -4 -13 -4 -12 -4 -13 -4 -12 -4 -12 -3 -12 -3 0 0 -12 -2 -12 -2 -11 -2 -12 -1 -13 -2 -12 -2 -12 -1 -12 -1 -12 0 -12 0 -12 0 -12 0 -12 0 -12 0 -12 1 -12 1 -12 1 -12 2 -12 1 -12 2 -12 2 -12 2 -12 2 -12 3 -12 3 -12 3 0 0 0 0 0 0 0 0 0 0]"
"1769235459830517,CSI_DATA,STATION,00:00:00:00:00:00,0,0,0,0,0,0,0,0,0,0,0,0,0,0,0,0,0,0,0,0,0,128,[84 -64 4 0 0 0 0 0 0 0 0 0 9 11 9 12 8 12 8 12 7 12 7 13 6 12 6 13 6 13 5 13 5 13 4 13 4 12 5 13 4 13 4 12 4 12 4 12 4 12 4 12 3 12 4 11 3 11 4 11 3 11 3 11 0 0 4 10 4 11 4 10 4 10 5 10 5 10 5 10 5 10 5 9 5 9 5 9 6 9 6 9 6 9 6 9 7 9 7 8 7 8 7 8 7 8 8 8 8 8 7 8 8 8 8 8 8 8 0 0 0 0 0 0 0 0 0 0]"
"1769235459837084,CSI_DATA,STATION,00:00:00:00:00:00,0,0,0,0,0,0,0,0,0,0,0,0,0,0,0,0,0,0,0,0,0,128,[84 -64 4 0 0 0 0 0 0 0 0 0 -15 -5 -15 -6 -15 -6 -15 -6 -14 -7 -14 -7 -14 -8 -14 -8 -13 -8 -13 -8 -13 -8 -12 -8 -12 -9 -12 -9 -12 -9 -11 -8 -11 -8 -11 -9 -11 -9 -11 -9 -10 -8 -11 -8 -11 -8 -11 -8 -10 -7 -11 -7 0 0 -11 -7 -10 -6 -11 -6 -10 -6 -11 -6 -11 -6 -11 -5 -11 -5 -11 -4 -11 -5 -11 -4 -11 -4 -11 -4 -12 -4 -12 -3 -12 -3 -12 -3 -12 -3 -12 -3 -12 -3 -12 -2 -12 -2 -12 -2 -12 -2 -12 -2 -13 -1 0 0 0 0 0 0 0 0 0 0]"
"1769235459841409,CSI_DATA,STATION,00:00:00:00:00:00,0,0,0,0,0,0,0,0,0,0,0,0,0,0,0,0,0,0,0,0,0,128,[84 -64 4 0 0 0 0 0 0 0 0 0 14 -5 14 -4 15 -3 14 -4 15 -3 15 -3 14 -2 15 -1 14 -1 15 -1 14 -1 14 -1 14 -1 14 0 14 0 14 0 13 0 13 0 12 0 12 1 13 0 12 1 13 0 12 0 12 -1 11 -1 0 0 11 -1 12 -1 11 -1 12 -2 11 -2 11 -2 11 -1 11 -2 11 -2 11 -3 10 -4 11 -3 11 -3 11 -4 11 -4 11 -4 11 -5 10 -5 11 -4 11 -5 11 -5 10 -5 10 -5 10 -6 10 -7 11 -6 0 0 0 0 0 0 0 0 0 0]"
"1769235459845856,CSI_DATA,STATION,00:00:00:00:00:00,0,0,0,0,0,0,0,0,0,0,0,0,0,0,0,0,0,0,0,0,0,128,[84 -64 4 0 0 0 0 0 0 0 0 0 15 -3 15 -3 15 -2 15 -2 15 -1 16 -1 15 -1 15 0 15 0 15 1 14 1 14 1 14 2 14 2 14 2 14 1 13 2 13 2 13 2 13 2 12 2 12 2 12 1 12 2 12 1 12 1 0 0 11 1 12 1 12 0 12 0 11 0 11 0 11 -1 11 -1 11 -1 11 -1 11 -1 11 -1 11 -2 11 -2 12 -2 11 -3 11 -3 11 -3 11 -3 11 -3 11 -4 11 -3 11 -3 11 -4 11 -4 11 -4 0 0 0 0 0 0 0 0 0 0]"
"1769235459852352,CSI_DATA,STATION,00:00:00:00:00:00,0,0,0,0,0,0,0,0,0,0,0,0,0,0,0,0,0,0,0,0,0,128,[84 -64 4 0 0 0 0 0 0 0 0 0 -10 -13 -10 -14 -9 -13 -9 -13 -8 -14 -8 -15 -8 -14 -7 -14 -7 -14 -7 -15 -6 -15 -6 -14 -6 -15 -6 -14 -6 -14 -5 -13 -6 -14 -6 -13 -6 -14 -5 -14 -5 -13 -5 -13 -5 -12 -6 -13 -5 -12 -6 -12 0 0 -6 -11 -6 -11 -6 -11 -6 -11 -7 -11 -7 -11 -7 -10 -7 -11 -7 -10 -8 -10 -8 -10 -8 -10 -8 -9 -8 -9 -9 -9 -9 -9 -9 -9 -9 -10 -10 -9 -9 -9 -10 -9 -10 -8 -10 -9 -10 -8 -10 -8 -10 -8 0 0 0 0 0 0 0 0 0 0]"
"1769235459856693,CSI_DATA,STATION,00:00:00:00:00:00,0,0,0,0,0,0,0,0,0,0,0,0,0,0,0,0,0,0,0,0,0,128,[84 -64 4 0 0 0 0 0 0 0 0 0 13 -6 13 -6 12 -5 13 -5 13 -4 14 -4 13 -3 14 -3 14 -2 13 -2 14 -3 13 -2 13 -2 13 -2 13 -1 12 -1 12 -1 12 -1 12 -1 12 -1 12 0 11 -1 11 -1 11 -2 11 -2 11 -2 0 0 11 -2 11 -2 10 -2 10 -2 10 -2 10 -2 10 -3 10 -3 10 -3 9 -4 10 -4 10 -4 10 -4 10 -4 10 -4 10 -5 9 -5 10 -5 10 -5 10 -5 10 -5 9 -5 9 -6 9 -6 9 -6 9 -6 0 0 0 0 0 0 0 0 0 0]"
"1769235459863201,CSI_DATA,STATION,00:00:00:00:00:00,0,0,0,0,0,0,0,0,0,0,0,0,0,0,0,0,0,0,0,0,0,128,[84 -64 4 0 0 0 0 0 0 0 0 0 -16 -7 -15 -8 -15 -9 -14 -9 -14 -9 -14 -10 -13 -10 -13 -10 -13 -10 -13 -11 -12 -10 -12 -10 -12 -11 -12 -11 -11 -11 -11 -10 -11 -11 -11 -11 -11 -10 -11 -11 -11 -10 -10 -10 -10 -9 -10 -10 -10 -9 -11 -9 0 0 -10 -8 -10 -8 -10 -7 -11 -7 -11 -8 -11 -7 -11 -7 -11 -7 -11 -6 -12 -6 -12 -6 -12 -6 -12 -5 -12 -5 -12 -5 -12 -5 -12 -5 -12 -5 -12 -4 -13 -4 -13 -4 -13 -4 -13 -4 -13 -4 -12 -4 -13 -3 0 0 0 0 0 0 0 0 0 0]"
"1769235459867526,CSI_DATA,STATION,00:00:00:00:00:00,0,0,0,0,0,0,0,0,0,0,0,0,0,0,0,0,0,0,0,0,0,128,[84 -64 4 0 0 0 0 0 0 0 0 0 9 13 9 13 8 14 8 14 7 14 7 14 6 14 6 14 5 14 5 15 5 14 5 14 5 14 4 14 4 14 3 14 4 14 4 13 3 13 3 13 3 13 3 13 4 13 4 12 4 12 4 12 0 0 4 12 4 11 5 11 4 11 5 11 5 11 5 10 5 11 6 10 6 10 6 9 6 10 6 10 7 10 7 9 7 10 8 9 7 9 7 9 7 9 8 8 8 9 8 8 9 8 9 8 9 8 0 0 0 0 0 0 0 0 0 0]"
"1769235459871846,CSI_DATA,STATION,00:00:00:00:00:00,0,0,0,0,0,0,0,0,0,0,0,0,0,0,0,0,0,0,0,0,0,128,[84 -64 4 0 0 0 0 0 0 0 0 0 12 -8 12 -8 12 -7 13 -7 13 -6 14 -6 13 -6 13 -5 13 -5 13 -5 13 -4 13 -4 13 -4 13 -4 13 -4 13 -4 13 -3 12 -3 12 -3 12 -3 12 -3 12 -3 11 -3 11 -3 11 -3 11 -3 0 0 11 -4 10 -3 11 -4 10 -4 10 -4 11 -4 10 -5 10 -5 10 -5 9 -5 9 -5 9 -5 10 -5 10 -5 10 -6 10 -6 9 -6 9 -7 9 -7 9 -7 9 -7 9 -7 9 -7 9 -7 9 -8 9 -8 0 0 0 0 0 0 0 0 0 0]"
"1769235459878344,CSI_DATA,STATION,00:00:00:00:00:00,0,0,0,0,0,0,0,0,0,0,0,0,0,0,0,0,0,0,0,0,0,128,[84 -64 4 0 0 0 0 0 0 0 0 0 -18 -6 -18 -7 -18 -7 -17 -8 -17 -9 -17 -9 -16 -10 -16 -10 -15 -10 -15 -10 -16 -10 -15 -11 -15 -11 -14 -11 -14 -11 -14 -10 -13 -11 -13 -11 -13 -11 -12 -11 -12 -11 -12 -11 -12 -10 -12 -10 -13 -10 -13 -9 0 0 -12 -9 -12 -9 -12 -8 -12 -8 -12 -8 -12 -8 -13 -8 -12 -8 -13 -8 -13 -7 -14 -6 -14 -6 -13 -6 -14 -7 -14 -6 -14 -6 -14 -6 -14 -6 -15 -5 -14 -5 -15 -5 -14 -5 -15 -5 -15 -4 -15 -4 -15 -4 0 0 0 0 0 0 0 0 0 0]"
"1769235459882662,CSI_DATA,STATION,00:00:00:00:00:00,0,0,0,0,0,0,0,0,0,0,0,0,0,0,0,0,0,0,0,0,0,128,[84 -64 4 0 0 0 0 0 0 0 0 0 -7 14 -8 14 -8 14 -9 14 -9 13 -10 13 -10 12 -10 13 -10 12 -11 12 -10 11 -10 11 -11 11 -11 11 -11 11 -10 10 -11 10 -11 10 -10 10 -10 10 -10 10 -10 10 -10 10 -9 10 -9 10 -9 10 0 0 -8 10 -8 10 -8 10 -8 10 -7 10 -7 10 -7 10 -6 10 -6 10 -6 11 -6 10 -6 11 -6 11 -6 11 -5 11 -5 11 -5 11 -5 11 -4 12 -4 12 -4 12 -4 12 -4 12 -3 12 -4 12 -3 12 0 0 0 0 0 0 0 0 0 0]"
"1769235459889158,CSI_DATA,STATION,00:00:00:00:00:00,0,0,0,0,0,0,0,0,0,0,0,0,0,0,0,0,0,0,0,0,0,128,[84 -64 4 0 0 0 0 0 0 0 0 0 -13 4 -13 4 -13 2 -13 3 -13 2 -13 2 -13 1 -14 1 -13 1 -13 0 -13 0 -13 0 -13 0 -13 0 -13 -1 -12 0 -12 -1 -12 -1 -12 -1 -12 -1 -11 -1 -12 -1 -12 0 -11 -1 -11 -1 -11 0 0 0 -11 0 -11 0 -10 1 -11 1 -11 1 -11 1 -11 1 -10 1 -10 2 -10 2 -10 2 -10 2 -10 2 -10 3 -10 3 -10 3 -10 2 -11 3 -10 4 -10 4 -10 4 -10 4 -10 4 -10 4 -10 4 -10 4 0 0 0 0 0 0 0 0 0 0]"
"1769235459893487,CSI_DATA,STATION,00:00:00:00:00:00,0,0,0,0,0,0,0,0,0,0,0,0,0,0,0,0,0,0,0,0,0,128,[84 -64 4 0 0 0 0 0 0 0 0 0 14 4 15 5 14 6 14 6 14 6 14 6 14 7 14 7 13 6 13 8 13 8 12 8 12 8 12 8 12 8 11 7 11 8 11 8 11 8 11 7 11 8 11 7 11 7 10 7 10 7 11 6 0 0 10 6 11 6 10 5 11 5 11 5 11 4 11 4 11 4 11 3 11 4 11 4 11 3 11 3 12 3 12 2 12 2 12 2 12 1 12 1 12 1 13 1 12 1 12 1 12 1 13 1 12 0 0 0 0 0 0 0 0 0 0 0]"
"1769235459897802,CSI_DATA,STATION,00:00:00:00:00:00,0,0,0,0,0,0,0,0,0,0,0,0,0,0,0,0,0,0,0,0,0,128,[84 -64 4 0 0 0 0 0 0 0 0 0 -22 6 -22 5 -22 4 -23 4 -22 3 -22 3 -22 2 -22 2 -22 1 -22 0 -22 -1 -22 0 -21 -1 -21 -1 -21 -2 -20 -1 -20 -1 -19 -1 -20 -1 -20 -2 -19 -2 -19 -1 -18 -1 -19 -1 -18 -2 -18 -1 0 0 -18 0 -17 0 -17 0 -17 0 -17 0 -17 0 -17 1 -17 1 -17 2 -17 2 -17 3 -17 2 -17 2 -17 3 -17 4 -17 4 -17 4 -17 5 -17 5 -17 5 -17 5 -16 5 -17 5 -16 6 -17 6 -17 6 0 0 0 0 0 0 0 0 0 0]"
"1769235459904319,CSI_DATA,STATION,00:00:00:00:00:00,0,0,0,0,0,0,0,0,0,0,0,0,0,0,0,0,0,0,0,0,0,128,[84 -64 4 0 0 0 0 0 0 0 0 0 -15 5 -15 5 -15 4 -15 4 -16 3 -16 4 -16 3 -16 2 -15 2 -16 2 -15 1 -15 1 -15 1 -15 0 -15 0 -15 1 -14 1 -14 0 -14 0 -14 0 -14 0 -14 0 -14 1 -13 0 -13 1 -13 1 0 0 -13 1 -13 1 -13 2 -13 2 -12 2 -13 2 -12 2 -12 3 -12 3 -12 4 -12 4 -12 3 -12 4 -12 5 -12 4 -12 5 -11 5 -12 5 -12 5 -12 5 -12 6 -11 6 -12 6 -11 6 -11 7 -11 7 0 0 0 0 0 0 0 0 0 0]"
"1769235459908637,CSI_DATA,STATION,00:00:00:00:00:00,0,0,0,0,0,0,0,0,0,0,0,0,0,0,0,0,0,0,0,0,0,128,[84 -64 4 0 0 0 0 0 0 0 0 0 4 -14 4 -13 4 -14 4 -14 5 -14 6 -13 6 -13 6 -13 6 -12 7 -12 7 -11 7 -11 7 -11 7 -11 7 -11 6 -11 7 -10 7 -11 7 -11 7 -10 7 -10 6 -10 7 -10 7 -10 6 -10 6 -10 0 0 5 -10 5 -10 5 -10 4 -10 5 -10 4 -10 4 -10 4 -10 3 -10 4 -11 4 -11 4 -11 3 -10 3 -11 2 -12 2 -11 2 -12 2 -11 2 -12 2 -12 2 -12 1 -11 1 -12 1 -12 1 -12 1 -12 0 0 0 0 0 0 0 0 0 0]"
"1769235459912956,CSI_DATA,STATION,00:00:00:00:00:00,0,0,0,0,0,0,0,0,0,0,0,0,0,0,0,0,0,0,0,0,0,128,[84 -64 4 0 0 0 0 0 0 0 0 0 10 -10 10 -9 11 -9 10 -8 11 -8 11 -8 11 -8 11 -7 11 -7 12 -6 12 -6 12 -6 12 -6 12 -6 11 -5 11 -5 11 -5 11 -5 11 -5 11 -4 10 -4 10 -5 11 -5 10 -5 10 -5 10 -5 0 0 10 -5 10 -5 9 -5 9 -5 9 -5 9 -6 8 -6 9 -6 9 -6 9 -6 8 -7 8 -7 8 -7 8 -7 9 -8 8 -8 8 -8 8 -8 8 -8 8 -8 8 -8 7 -8 8 -8 7 -9 7 -9 8 -9 0 0 0 0 0 0 0 0 0 0]"
"1769235459919494,CSI_DATA,STATION,00:00:00:00:00:00,0,0,0,0,0,0,0,0,0,0,0,0,0,0,0,0,0,0,0,0,0,128,[84 -64 4 0 0 0 0 0 0 0 0 0 11 -10 11 -10 12 -10 12 -9 13 -9 13 -9 13 -8 13 -8 13 -8 13 -7 13 -7 13 -6 13 -6 13 -6 13 -6 13 -6 12 -6 12 -7 12 -6 12 -6 12 -6 11 -6 12 -6 11 -6 11 -6 11 -6 0 0 10 -7 11 -6 10 -7 10 -7 9 -7 9 -7 9 -7 9 -7 9 -8 9 -8 9 -8 9 -8 8 -8 8 -8 8 -9 8 -9 8 -10 8 -10 8 -10 7 -10 7 -10 7 -10 7 -10 7 -11 7 -11 7 -11 0 0 0 0 0 0 0 0 0 0]"
"1769235459923821,CSI_DATA,STATION,00:00:00:00:00:00,0,0,0,0,0,0,0,0,0,0,0,0,0,0,0,0,0,0,0,0,0,128,[84 -64 4 0 0 0 0 0 0 0 0 0 -5 -15 -4 -15 -4 -15 -4 -16 -3 -16 -3 -16 -2 -16 -2 -16 -2 -16 -2 -16 0 -15 -1 -15 0 -14 0 -15 0 -15 0 -15 1 -14 1 -14 1 -14 1 -14 0 -13 1 -13 1 -13 0 -13 0 -13 0 -13 0 0 0 -13 -1 -12 -1 -12 -1 -12 -1 -13 -1 -12 -2 -12 -2 -12 -2 -12 -2 -12 -2 -12 -3 -12 -3 -12 -2 -12 -3 -12 -3 -12 -3 -12 -4 -13 -4 -13 -3 -13 -4 -13 -4 -12 -4 -13 -5 -12 -5 -12 -5 -12 0 0 0 0 0 0 0 0 0 0]"
"1769235459930482,CSI_DATA,STATION,00:00:00:00:00:00,0,0,0,0,0,0,0,0,0,0,0,0,0,0,0,0,0,0,0,0,0,128,[84 -64 4 0 0 0 0 0 0 0 0 0 -16 3 -15 2 -16 1 -16 1 -16 1 -16 1 -16 0 -16 -1 -16 0 -16 -2 -16 -2 -16 -2 -15 -2 -15 -2 -15 -2 -15 -2 -14 -3 -14 -3 -14 -2 -14 -3 -14 -3 -13 -2 -14 -2 -13 -2 -13 -2 -13 -2 0 0 -13 -1 -13 -1 -12 -1 -13 0 -13 -1 -13 0 -12 0 -13 0 -12 0 -13 1 -12 1 -12 0 -12 1 -12 1 -13 2 -13 2 -13 2 -13 3 -13 3 -13 3 -13 3 -13 3 -13 3 -12 3 -13 3 -12 4 0 0 0 0 0 0 0 0 0 0]"
"1769235459934744,CSI_DATA,STATION,00:00:00:00:00:00,0,0,0,0,0,0,0,0,0,0,0,0,0,0,0,0,0,0,0,0,0,128,[84 -64 4 0 0 0 0 0 0 0 0 0 -5 -14 -5 -14 -4 -14 -4 -14 -3 -14 -3 -14 -3 -14 -2 -14 -2 -14 -2 -14 -2 -14 -1 -14 -1 -13 -1 -14 -1 -14 -1 -14 -1 -13 -1 -13 -1 -13 -1 -13 0 -13 -1 -12 -1 -12 -1 -12 -1 -12 -1 -12 0 0 -1 -11 -2 -12 -2 -11 -2 -11 -2 -11 -3 -11 -3 -11 -3 -11 -3 -11 -3 -11 -4 -11 -4 -11 -4 -11 -5 -11 -5 -11 -5 -11 -5 -10 -5 -11 -5 -11 -5 -11 -6 -11 -6 -11 -6 -11 -6 -11 -7 -11 -6 -10 0 0 0 0 0 0 0 0 0 0]"
"1769235459941127,CSI_DATA,STATION,00:00:00:00:00:00,0,0,0,0,0,0,0,0,0,0,0,0,0,0,0,0,0,0,0,0,0,128,[84 -64 4 0 0 0 0 0 0 0 0 0 -6 14 -7 14 -7 14 -8 14 -8 14 -8 13 -9 12 -10 13 -9 12 -10 12 -10 12 -10 11 -11 11 -10 11 -10 11 -10 10 -10 11 -10 10 -10 10 -10 10 -10 10 -10 10 -9 9 -9 9 -9 9 -8 9 0 0 -8 10 -7 10 -7 10 -7 10 -7 10 -7 10 -7 10 -6 10 -6 10 -6 10 -6 10 -6 11 -5 11 -5 11 -5 11 -5 11 -5 11 -5 11 -4 12 -4 11 -4 12 -4 12 -4 12 -3 12 -3 12 -3 13 0 0 0 0 0 0 0 0 0 0]"
"1769235459949624,CSI_DATA,STATION,00:00:00:00:00:00,0,0,0,0,0,0,0,0,0,0,0,0,0,0,0,0,0,0,0,0,0,128,[84 -64 4 0 0 0 0 0 0 0 0 0 6 -13 7 -13 7 -12 8 -12 8 -12 8 -11 9 -11 9 -11 9 -11 10 -10 9 -10 9 -10 10 -10 10 -9 10 -9 9 -9 10 -9 10 -9 9 -8 9 -8 9 -8 9 -8 9 -8 9 -8 8 -8 8 -8 0 0 8 -9 8 -8 7 -8 7 -8 7 -8 7 -8 7 -9 7 -9 7 -10 7 -10 6 -10 6 -10 6 -9 6 -10 5 -11 6 -10 5 -11 5 -11 5 -11 6 -11 5 -11 5 -11 5 -11 4 -11 5 -12 4 -11 0 0 0 0 0 0 0 0 0 0]"
"1769235459956262,CSI_DATA,STATION,00:00:00:00:00:00,0,0,0,0,0,0,0,0,0,0,0,0,0,0,0,0,0,0,0,0,0,128,[84 -64 4 0 0 0 0 0 0 0 0 0 -14 4 -14 2 -14 2 -14 2 -14 1 -15 1 -14 0 -15 0 -14 0 -14 0 -14 -1 -14 -1 -14 -1 -13 -2 -14 -1 -14 -1 -13 -2 -13 -2 -13 -2 -13 -2 -13 -2 -13 -2 -13 -1 -12 -2 -12 -1 -12 -1 0 0 -12 -1 -12 -1 -12 -1 -12 0 -12 0 -11 0 -11 0 -12 0 -11 1 -12 1 -12 1 -12 1 -12 1 -12 2 -12 2 -11 2 -12 2 -11 2 -12 3 -12 3 -12 3 -12 3 -12 3 -11 3 -12 4 -12 4 0 0 0 0 0 0 0 0 0 0]"
"1769235459962971,CSI_DATA,STATION,00:00:00:00:00:00,0,0,0,0,0,0,0,0,0,0,0,0,0,0,0,0,0,0,0,0,0,128,[84 -64 4 0 0 0 0 0 0 0 0 0 7 -13 8 -13 9 -13 9 -12 9 -12 10 -13 10 -12 11 -12 11 -11 10 -11 11 -11 11 -10 11 -10 11 -10 11 -10 11 -10 10 -10 10 -9 10 -9 11 -9 10 -8 10 -8 10 -9 10 -9 9 -8 9 -9 0 0 9 -9 9 -9 8 -9 8 -9 8 -9 7 -9 7 -10 7 -10 7 -10 7 -11 7 -10 7 -10 7 -10 7 -11 6 -11 6 -11 6 -12 6 -12 6 -12 6 -12 6 -12 5 -12 5 -12 5 -12 5 -13 5 -13 0 0 0 0 0 0 0 0 0 0]"
"1769235459967427,CSI_DATA,STATION,00:00:00:00:00:00,0,0,0,0,0,0,0,0,0,0,0,0,0,0,0,0,0,0,0,0,0,128,[84 -64 4 0 0 0 0 0 0 0 0 0 -14 0 -14 -1 -14 -1 -14 -2 -14 -2 -14 -2 -14 -3 -14 -4 -13 -3 -14 -4 -13 -4 -13 -4 -13 -5 -13 -5 -13 -5 -12 -4 -12 -5 -12 -5 -12 -5 -12 -5 -12 -5 -11 -5 -12 -5 -11 -5 -11 -4 -12 -4 0 0 -11 -4 -11 -3 -11 -3 -11 -3 -11 -4 -11 -3 -11 -3 -11 -3 -11 -2 -11 -2 -12 -2 -12 -2 -11 -1 -12 -1 -11 -2 -12 -1 -12 -1 -12 -1 -12 0 -12 -1 -12 0 -12 0 -12 0 -12 0 -12 0 -12 0 0 0 0 0 0 0 0 0 0 0]"
"1769235459974139,CSI_DATA,STATION,00:00:00:00:00:00,0,0,0,0,0,0,0,0,0,0,0,0,0,0,0,0,0,0,0,0,0,128,[84 -64 4 0 0 0 0 0 0 0 0 0 14 -2 14 -2 14 -1 14 -1 15 0 15 0 14 1 15 1 14 1 14 2 14 2 14 2 14 3 13 3 13 3 13 2 13 3 12 3 13 3 12 3 12 3 12 3 12 3 12 3 11 3 12 2 0 0 12 2 11 2 11 2 12 2 11 2 11 1 11 1 11 1 11 0 11 0 11 0 11 0 12 0 12 0 12 -1 12 -1 12 -1 12 -1 12 -1 12 -2 12 -2 12 -1 12 -2 12 -2 12 -2 13 -2 0 0 0 0 0 0 0 0 0 0]"
"1769235459978550,CSI_DATA,STATION,00:00:00:00:00:00,0,0,0,0,0,0,0,0,0,0,0,0,0,0,0,0,0,0,0,0,0,128,[84 -64 4 0 0 0 0 0 0 0 0 0 16 -4 16 -3 16 -2 16 -2 16 -1 16 -1 16 0 16 1 16 0 16 1 16 1 16 1 16 2 15 2 15 2 16 2 14 2 14 2 14 2 14 2 13 2 13 2 14 2 13 2 13 2 13 1 0 0 13 1 13 0 13 1 13 0 13 0 13 0 13 0 13 -1 13 -1 13 -1 12 -2 13 -2 13 -2 13 -2 13 -3 13 -3 13 -3 13 -4 13 -3 13 -4 13 -4 13 -4 13 -4 13 -5 13 -5 13 -5 0 0 0 0 0 0 0 0 0 0]"
"1769235459983003,CSI_DATA,STATION,00:00:00:00:00:00,0,0,0,0,0,0,0,0,0,0,0,0,0,0,0,0,0,0,0,0,0,128,[84 -64 4 0 0 0 0 0 0 0 0 0 -9 12 -10 11 -10 10 -10 11 -11 10 -12 10 -11 10 -12 10 -11 9 -12 9 -12 9 -11 8 -11 8 -12 8 -12 8 -12 7 -12 8 -12 7 -11 7 -11 6 -11 7 -11 7 -11 7 -11 7 -10 6 -10 7 0 0 -10 7 -9 7 -9 7 -9 7 -9 8 -9 7 -9 8 -8 8 -9 8 -8 9 -8 9 -8 9 -8 8 -8 9 -8 9 -8 10 -7 9 -7 9 -7 10 -7 10 -7 11 -7 10 -6 10 -6 10 -7 11 -7 11 0 0 0 0 0 0 0 0 0 0]"
"1769235459989683,CSI_DATA,STATION,00:00:00:00:00:00,0,0,0,0,0,0,0,0,0,0,0,0,0,0,0,0,0,0,0,0,0,128,[84 -64 4 0 0 0 0 0 0 0 0 0 -4 -15 -4 -15 -4 -15 -4 -14 -3 -15 -2 -15 -2 -15 -2 -15 -1 -15 -1 -15 -1 -14 0 -15 0 -14 0 -14 0 -14 0 -14 1 -13 1 -14 0 -14 0 -14 0 -13 0 -13 1 -13 1 -12 0 -12 0 -13 0 0 0 -12 -1 -12 -1 -12 -1 -12 -1 -12 -2 -12 -2 -12 -2 -12 -2 -12 -2 -12 -3 -12 -2 -12 -3 -12 -3 -12 -3 -12 -3 -12 -4 -12 -4 -12 -4 -12 -4 -12 -4 -13 -4 -12 -4 -13 -4 -12 -5 -12 -5 -12 0 0 0 0 0 0 0 0 0 0]"
"1769235459994172,CSI_DATA,STATION,00:00:00:00:00:00,0,0,0,0,0,0,0,0,0,0,0,0,0,0,0,0,0,0,0,0,0,128,[84 -64 4 0 0 0 0 0 0 0 0 0 2 -15 3 -15 3 -15 3 -15 4 -14 5 -15 5 -14 6 -14 6 -13 6 -14 6 -14 6 -13 6 -13 6 -13 6 -13 6 -12 6 -12 6 -12 6 -12 7 -12 6 -11 6 -11 5 -11 5 -11 5 -11 5 -12 0 0 5 -11 4 -11 4 -11 4 -11 4 -12 3 -11 3 -11 3 -12 3 -11 3 -12 2 -12 2 -12 2 -12 2 -12 2 -12 2 -12 1 -12 1 -13 1 -13 1 -13 1 -13 0 -12 0 -13 0 -13 0 -13 0 -13 0 0 0 0 0 0 0 0 0 0]"
"1769235459998640,CSI_DATA,STATION,00:00:00:00:00:00,0,0,0,0,0,0,0,0,0,0,0,0,0,0,0,0,0,0,0,0,0,128,[84 -64 4 0 0 0 0 0 0 0 0 0 13 6 13 6 12 7 12 7 12 8 12 8 12 8 12 8 11 8 11 9 11 9 10 9 10 9 10 9 9 9 9 9 9 9 9 9 9 9 8 9 9 9 9 8 8 8 9 8 8 8 8 7 0 0 8 7 8 7 8 7 9 6 9 7 9 7 9 6 9 6 9 5 9 6 9 5 9 5 10 6 10 5 10 4 10 5 10 4 11 4 11 4 10 4 11 4 10 4 11 3 11 3 11 3 12 3 0 0 0 0 0 0 0 0 0 0]"
"1769235460003122,CSI_DATA,STATION,00:00:00:00:00:00,0,0,0,0,0,0,0,0,0,0,0,0,0,0,0,0,0,0,0,0,0,128,[84 -64 4 0 0 0 0 0 0 0 0 0 10 -11 11 -11 11 -10 11 -10 11 -9 12 -9 12 -9 12 -8 12 -8 13 -7 13 -7 12 -7 12 -6 12 -6 13 -6 12 -6 12 -6 12 -6 11 -5 12 -5 11 -6 11 -5 11 -6 11 -6 10 -5 10 -5 0 0 10 -6 10 -6 10 -6 9 -6 10 -6 10 -6 9 -6 9 -7 9 -7 9 -7 9 -7 9 -7 9 -7 9 -7 9 -8 9 -8 8 -8 9 -9 8 -9 8 -9 9 -9 8 -9 8 -9 7 -10 8 -10 8 -10 0 0 0 0 0 0 0 0 0 0]"
"1769235460009806,CSI_DATA,STATION,00:00:00:00:00:00,0,0,0,0,0,0,0,0,0,0,0,0,0,0,0,0,0,0,0,0,0,128,[84 -64 4 0 0 0 0 0 0 0 0 0 -3 15 -3 14 -3 14 -4 14 -4 14 -5 14 -5 14 -5 14 -6 13 -6 13 -6 13 -6 12 -6 12 -7 13 -7 12 -7 12 -7 11 -7 11 -6 11 -6 11 -6 11 -6 11 -6 11 -6 10 -6 11 -5 11 0 0 -5 11 -5 10 -5 11 -5 11 -4 11 -4 10 -4 10 -3 11 -4 11 -4 11 -3 11 -3 12 -2 12 -2 11 -2 12 -2 11 -2 11 -1 11 -1 12 -1 11 -1 12 -1 12 -1 12 0 12 -1 12 0 12 0 0 0 0 0 0 0 0 0 0]"
"1769235460014264,CSI_DATA,STATION,00:00:00:00:00:00,0,0,0,0,0,0,0,0,0,0,0,0,0,0,0,0,0,0,0,0,0,128,[84 -64 4 0 0 0 0 0 0 0 0 0 -9 -13 -8 -13 -8 -14 -8 -13 -7 -14 -7 -14 -6 -14 -5 -15 -5 -15 -5 -15 -5 -14 -4 -14 -4 -14 -4 -14 -4 -14 -4 -14 -3 -13 -3 -13 -3 -13 -4 -14 -3 -14 -3 -13 -3 -12 -3 -12 -4 -13 -4 -12 0 0 -4 -12 -4 -12 -4 -12 -4 -11 -5 -12 -5 -12 -5 -11 -5 -11 -5 -11 -6 -11 -6 -11 -6 -11 -6 -11 -6 -11 -6 -11 -7 -10 -7 -10 -7 -10 -7 -11 -7 -11 -7 -11 -8 -10 -8 -11 -8 -10 -8 -10 -8 -9 0 0 0 0 0 0 0 0 0 0]"
"1769235460020941,CSI_DATA,STATION,00:00:00:00:00:00,0,0,0,0,0,0,0,0,0,0,0,0,0,0,0,0,0,0,0,0,0,128,[84 -64 4 0 0 0 0 0 0 0 0 0 -14 -7 -14 -8 -14 -8 -13 -9 -13 -9 -13 -9 -13 -9 -12 -10 -12 -10 -12 -10 -12 -10 -11 -10 -11 -11 -11 -10 -11 -10 -10 -10 -10 -10 -10 -10 -10 -10 -9 -10 -9 -10 -9 -10 -10 -9 -10 -9 -9 -9 -9 -8 0 0 -10 -8 -10 -8 -10 -8 -10 -7 -10 -8 -9 -7 -10 -7 -10 -7 -10 -6 -11 -6 -11 -6 -11 -6 -11 -6 -11 -6 -12 -5 -11 -5 -12 -6 -11 -5 -12 -4 -12 -5 -12 -4 -12 -5 -12 -4 -12 -4 -13 -3 -13 -3 0 0 0 0 0 0 0 0 0 0]"
"1769235460025418,CSI_DATA,STATION,00:00:00:00:00:00,0,0,0,0,0,0,0,0,0,0,0,0,0,0,0,0,0,0,0,0,0,128,[84 -64 4 0 0 0 0 0 0 0 0 0 -13 4 -13 4 -14 3 -13 3 -13 3 -14 3 -14 2 -14 2 -14 1 -14 1 -13 1 -14 1 -13 1 -13 0 -13 0 -13 1 -13 0 -12 1 -12 0 -12 0 -12 0 -12 0 -12 0 -12 0 -11 0 -12 1 0 0 -11 1 -11 1 -11 1 -11 1 -11 2 -11 1 -11 2 -11 2 -10 3 -11 3 -11 3 -10 3 -10 3 -11 3 -10 4 -10 4 -10 4 -11 4 -11 5 -11 4 -11 5 -10 5 -10 5 -10 5 -10 6 -10 5 0 0 0 0 0 0 0 0 0 0]"
