"1769326781037431,CSI_DATA,STATION,00:00:00:00:00:00,0,0,0,0,0,0,0,0,0,0,0,0,0,0,0,0,0,0,0,0,0,128,[84 -64 4 0 0 0 0 0 0 0 0 0 -12 3 -12 3 -14 1 -14 1 -13 1 -13 1 -13 0 -13 0 -13 0 -13 0 -13 0 -12 0 -13 -1 -13 -1 -13 -1 -12 -1 -13 -1 -12 -1 -13 -1 -12 -2 -12 -2 -12 -2 -12 -1 -12 -1 -12 -1 -12 -1 0 0 -12 -1 -12 0 -12 0 -12 0 -13 -1 -12 0 -12 0 -12 0 -12 0 -12 0 -12 1 -12 1 -12 1 -13 1 -12 1 -13 1 -13 1 -13 1 -14 1 -13 1 -14 2 -14 1 -14 1 -14 2 -14 2 -14 2 0 0 0 0 0 0 0 0 0 0]"
"1769326781041881,CSI_DATA,STATION,00:00:00:00:00:00,0,0,0,0,0,0,0,0,0,0,0,0,0,0,0,0,0,0,0,0,0,128,[84 -64 4 0 0 0 0 0 0 0 0 0 11 -6 11 -6 12 -5 12 -5 12 -4 12 -4 12 -3 12 -3 12 -3 12 -3 12 -3 12 -3 12 -2 12 -2 11 -2 11 -3 11 -2 11 -2 11 -2 12 -2 11 -1 11 -2 11 -2 11 -2 12 -2 11 -3 0 0 11 -3 11 -3 11 -3 11 -3 11 -3 11 -3 11 -4 11 -3 11 -4 10 -4 11 -4 11 -4 11 -5 11 -4 11 -5 11 -5 11 -5 11 -6 12 -5 11 -6 12 -6 11 -6 12 -6 12 -6 12 -7 12 -7 0 0 0 0 0 0 0 0 0 0]"
"1769326781048252,CSI_DATA,STATION,00:00:00:00:00:00,0,0,0,0,0,0,0,0,0,0,0,0,0,0,0,0,0,0,0,0,0,128,[84 -64 4 0 0 0 0 0 0 0 0 0 0 12 -1 12 -1 12 -2 13 -2 12 -2 12 -3 12 -3 12 -3 12 -3 12 -3 12 -4 12 -4 11 -4 11 -4 11 -4 11 -4 11 -5 11 -5 11 -5 10 -5 10 -4 10 -5 10 -4 11 -4 11 -4 11 0 0 -4 11 -3 10 -3 11 -4 10 -3 11 -3 11 -3 11 -3 11 -3 11 -3 11 -3 12 -2 12 -3 11 -2 12 -3 12 -2 12 -2 12 -2 12 -2 13 -2 12 -2 13 -2 12 -2 13 -1 13 -2 13 -2 13 0 0 0 0 0 0 0 0 0 0]"
"1769326781052535,CSI_DATA,STATION,00:00:00:00:00:00,0,0,0,0,0,0,0,0,0,0,0,0,0,0,0,0,0,0,0,0,0,128,[84 -64 4 0 0 0 0 0 0 0 0 0 -12 4 -12 4 -13 2 -14 3 -13 2 -14 3 -13 2 -13 1 -13 1 -13 1 -13 0 -13 1 -13 0 -13 1 -13 0 -12 1 -13 0 -12 0 -13 0 -12 0 -12 0 -12 0 -11 1 -13 0 -12 1 -12 1 0 0 -12 1 -12 1 -12 1 -12 1 -12 1 -12 2 -12 2 -12 2 -12 2 -12 2 -12 3 -12 3 -12 3 -12 3 -12 3 -12 4 -12 3 -13 4 -13 5 -12 4 -12 5 -13 4 -13 4 -13 5 -13 5 -13 5 0 0 0 0 0 0 0 0 0 0]"
"1769326781056815,CSI_DATA,STATION,00:00:00:00:00:00,0,0,0,0,0,0,0,0,0,0,0,0,0,0,0,0,0,0,0,0,0,128,[84 -64 4 0 0 0 0 0 0 0 0 0 -8 8 -8 8 -8 8 -9 8 -9 7 -9 7 -9 7 -9 7 -9 6 -10 6 -10 6 -9 6 -10 6 -10 5 -10 6 -10 6 -10 6 -9 6 -9 5 -9 5 -9 6 -9 6 -9 6 -9 6 -9 5 -9 6 0 0 -9 6 -8 6 -8 7 -9 6 -9 7 -8 7 -8 7 -8 7 -8 8 -8 8 -8 8 -8 7 -8 8 -8 9 -8 9 -8 9 -8 9 -8 9 -8 10 -8 9 -8 10 -8 10 -8 10 -8 10 -8 10 -8 10 0 0 0 0 0 0 0 0 0 0]"
"1769326781063280,CSI_DATA,STATION,00:00:00:00:00:00,0,0,0,0,0,0,0,0,0,0,0,0,0,0,0,0,0,0,0,0,0,128,[84 -64 4 0 0 0 0 0 0 0 0 0 -6 11 -6 12 -7 10 -7 10 -7 10 -8 10 -8 10 -8 9 -9 9 -9 9 -8 9 -8 9 -8 8 -8 8 -9 9 -8 9 -9 9 -8 8 -9 8 -9 7 -9 8 -9 8 -8 8 -8 8 -9 8 -8 9 0 0 -8 9 -8 8 -8 9 -8 8 -8 8 -8 9 -7 9 -8 9 -7 9 -7 9 -7 10 -8 9 -7 10 -7 11 -7 10 -7 11 -7 10 -7 11 -7 11 -7 11 -7 11 -8 11 -7 11 -7 11 -7 11 -7 12 0 0 0 0 0 0 0 0 0 0]"
"1769326781067593,CSI_DATA,STATION,00:00:00:00:00:00,0,0,0,0,0,0,0,0,0,0,0,0,0,0,0,0,0,0,0,0,0,128,[84 -64 4 0 0 0 0 0 0 0 0 0 -13 1 -13 1 -14 0 -14 0 -13 0 -14 -1 -13 -1 -13 -1 -13 -2 -13 -2 -13 -2 -12 -2 -13 -3 -13 -3 -12 -3 -12 -3 -12 -3 -12 -3 -12 -3 -12 -3 -12 -3 -12 -3 -12 -3 -12 -3 -12 -3 -11 -3 0 0 -12 -3 -12 -2 -12 -2 -11 -2 -12 -2 -12 -2 -12 -2 -12 -2 -12 -1 -13 -1 -13 -1 -13 -1 -13 -1 -13 -1 -13 0 -13 -1 -14 -1 -13 0 -14 0 -13 0 -14 0 -14 0 -14 0 -14 -1 -14 0 -14 0 0 0 0 0 0 0 0 0 0 0]"
"1769326781074040,CSI_DATA,STATION,00:00:00:00:00:00,0,0,0,0,0,0,0,0,0,0,0,0,0,0,0,0,0,0,0,0,0,128,[84 -64 4 0 0 0 0 0 0 0 0 0 -8 -10 -8 -11 -8 -11 -8 -12 -7 -11 -7 -12 -6 -11 -6 -12 -6 -12 -6 -12 -6 -12 -5 -12 -5 -12 -5 -12 -5 -12 -5 -12 -4 -12 -4 -11 -4 -12 -4 -12 -4 -12 -4 -12 -4 -11 -5 -12 -5 -11 -5 -11 0 0 -4 -11 -5 -11 -5 -11 -5 -11 -6 -11 -6 -11 -5 -11 -6 -11 -5 -12 -6 -11 -6 -11 -6 -11 -7 -11 -7 -11 -7 -12 -7 -11 -7 -11 -7 -12 -7 -11 -7 -12 -7 -12 -8 -11 -8 -12 -8 -11 -8 -12 -8 -12 0 0 0 0 0 0 0 0 0 0]"
"1769326781078332,CSI_DATA,STATION,00:00:00:00:00:00,0,0,0,0,0,0,0,0,0,0,0,0,0,0,0,0,0,0,0,0,0,128,[84 -64 4 0 0 0 0 0 0 0 0 0 -3 -13 -3 -13 -2 -13 -2 -13 -1 -13 -1 -14 -1 -13 0 -14 0 -13 0 -13 1 -13 0 -13 1 -13 0 -12 1 -13 1 -12 1 -13 1 -12 2 -12 1 -12 1 -12 2 -12 1 -12 1 -12 1 -12 0 -13 0 0 0 -12 1 -11 0 -12 0 -12 0 -12 0 -12 0 -12 0 -12 0 -12 -1 -12 -1 -13 -1 -13 -1 -13 -1 -13 -1 -13 -1 -13 -2 -13 -2 -13 -2 -14 -1 -13 -3 -14 -2 -14 -2 -14 -2 -13 -2 -14 -2 -14 0 0 0 0 0 0 0 0 0 0]"
"1769326781084782,CSI_DATA,STATION,00:00:00:00:00:00,0,0,0,0,0,0,0,0,0,0,0,0,0,0,0,0,0,0,0,0,0,128,[84 -64 4 0 0 0 0 0 0 0 0 0 12 -4 12 -3 12 -2 13 -2 12 -2 12 -1 12 -1 12 -1 12 -1 12 0 12 0 12 0 12 1 12 1 12 0 11 0 11 0 11 1 12 1 11 1 11 1 11 1 11 0 11 1 11 1 11 0 0 0 11 0 11 0 11 0 11 -1 11 0 11 -1 12 -1 11 0 11 -1 11 -1 11 -1 12 -1 12 -1 12 -1 12 -2 12 -2 12 -2 12 -3 12 -2 12 -3 13 -3 12 -3 13 -3 13 -2 13 -3 13 -3 0 0 0 0 0 0 0 0 0 0]"
"1769326781089125,CSI_DATA,STATION,00:00:00:00:00:00,0,0,0,0,0,0,0,0,0,0,0,0,0,0,0,0,0,0,0,0,0,128,[84 -64 4 0 0 0 0 0 0 0 0 0 0 -13 0 -13 0 -13 1 -13 1 -13 1 -13 2 -13 2 -13 3 -13 2 -13 2 -13 2 -13 3 -12 3 -12 3 -12 4 -12 3 -12 4 -12 3 -12 3 -12 3 -11 3 -12 3 -12 3 -12 3 -11 3 -12 0 0 2 -11 3 -11 2 -12 2 -12 2 -12 2 -12 2 -12 2 -13 2 -12 1 -12 1 -12 1 -12 1 -12 1 -12 1 -13 1 -13 1 -13 1 -13 1 -14 0 -13 0 -14 1 -13 0 -14 0 -14 0 -14 0 -14 0 0 0 0 0 0 0 0 0 0]"
"1769326781093576,CSI_DATA,STATION,00:00:00:00:00:00,0,0,0,0,0,0,0,0,0,0,0,0,0,0,0,0,0,0,0,0,0,128,[84 -64 4 0 0 0 0 0 0 0 0 0 -1 12 -1 12 -2 12 -3 12 -2 12 -3 13 -3 12 -3 12 -4 12 -4 11 -4 12 -4 11 -4 11 -4 11 -4 11 -4 11 -4 11 -5 11 -5 11 -5 10 -5 10 -4 10 -5 11 -4 11 -4 10 -4 11 0 0 -4 11 -3 10 -3 11 -3 11 -4 11 -3 11 -3 11 -3 11 -3 11 -3 11 -3 12 -3 11 -3 12 -2 12 -3 11 -2 12 -2 12 -2 12 -2 13 -2 12 -2 13 -1 12 -2 12 -2 12 -2 13 -2 13 0 0 0 0 0 0 0 0 0 0]"
"1769326781100050,CSI_DATA,STATION,00:00:00:00:00:00,0,0,0,0,0,0,0,0,0,0,0,0,0,0,0,0,0,0,0,0,0,128,[84 -64 4 0 0 0 0 0 0 0 0 0 12 -3 12 -3 12 -2 12 -1 12 -2 12 -1 12 -1 12 -1 12 0 12 0 12 0 12 0 12 1 12 1 12 1 11 1 11 1 11 1 12 1 11 1 11 1 11 1 11 1 11 1 11 1 11 0 0 0 11 0 11 0 11 0 11 0 12 0 11 -1 11 -1 11 -1 11 -1 11 -1 11 -1 12 -1 12 -1 12 -1 12 -2 12 -2 12 -2 12 -2 12 -2 12 -3 13 -3 12 -2 13 -2 13 -2 13 -2 13 -3 0 0 0 0 0 0 0 0 0 0]"
"1769326781108665,CSI_DATA,STATION,00:00:00:00:00:00,0,0,0,0,0,0,0,0,0,0,0,0,0,0,0,0,0,0,0,0,0,128,[84 -64 4 0 0 0 0 0 0 0 0 0 -5 -13 -5 -12 -4 -12 -4 -13 -3 -13 -3 -13 -2 -13 -2 -13 -2 -13 -2 -13 -1 -13 -1 -13 -1 -13 -1 -12 -1 -13 -1 -13 -1 -12 0 -12 -1 -13 0 -12 -1 -12 -1 -12 -1 -12 -1 -12 -2 -12 -1 -12 0 0 -1 -12 -1 -12 -2 -12 -2 -12 -2 -13 -2 -12 -2 -12 -2 -13 -3 -12 -3 -12 -3 -13 -3 -12 -3 -12 -3 -13 -3 -13 -4 -13 -4 -13 -4 -13 -4 -13 -4 -13 -4 -13 -4 -13 -4 -13 -5 -13 -4 -14 -4 -14 0 0 0 0 0 0 0 0 0 0]"
"1769326781115301,CSI_DATA,STATION,00:00:00:00:00:00,0,0,0,0,0,0,0,0,0,0,0,0,0,0,0,0,0,0,0,0,0,128,[84 -64 4 0 0 0 0 0 0 0 0 0 -2 -11 -2 -12 -1 -11 -1 -12 -1 -12 0 -12 0 -11 1 -12 1 -12 1 -11 1 -12 1 -11 1 -11 1 -11 1 -12 1 -11 2 -11 2 -11 1 -11 1 -11 1 -11 1 -11 1 -11 1 -11 1 -11 1 -12 0 0 1 -11 1 -10 0 -11 0 -11 0 -12 0 -12 -1 -11 0 -11 0 -12 0 -12 -1 -12 -1 -11 -2 -12 -1 -12 -1 -12 -1 -13 -2 -12 -2 -13 -2 -13 -2 -12 -2 -13 -2 -12 -2 -13 -3 -13 -3 -13 -2 -13 0 0 0 0 0 0 0 0 0 0]"
"1769326781121903,CSI_DATA,STATION,00:00:00:00:00:00,0,0,0,0,0,0,0,0,0,0,0,0,0,0,0,0,0,0,0,0,0,128,[84 -64 4 0 0 0 0 0 0 0 0 0 7 9 8 9 7 9 6 10 6 10 6 10 5 11 5 11 4 11 5 11 5 11 4 11 4 10 5 10 4 11 4 10 4 11 3 10 4 10 4 11 4 11 4 10 3 10 5 10 4 10 4 11 0 0 4 10 4 9 5 10 4 10 5 9 6 10 5 9 6 9 5 9 6 9 6 9 6 10 6 10 7 10 6 9 7 10 7 9 8 9 7 10 8 9 8 10 7 10 8 10 8 9 8 9 8 10 0 0 0 0 0 0 0 0 0 0]"
"1769326781126301,CSI_DATA,STATION,00:00:00:00:00:00,0,0,0,0,0,0,0,0,0,0,0,0,0,0,0,0,0,0,0,0,0,128,[84 -64 4 0 0 0 0 0 0 0 0 0 -9 -9 -10 -9 -9 -10 -9 -9 -9 -10 -8 -10 -8 -10 -8 -11 -7 -10 -7 -11 -7 -11 -7 -11 -7 -11 -7 -11 -6 -11 -6 -11 -6 -11 -6 -10 -7 -11 -6 -11 -6 -11 -6 -11 -6 -10 -6 -10 -6 -11 -6 -10 0 0 -6 -10 -7 -10 -7 -10 -6 -10 -7 -10 -7 -10 -7 -10 -8 -10 -7 -10 -7 -10 -8 -10 -8 -10 -8 -10 -8 -11 -8 -10 -8 -10 -9 -10 -8 -11 -8 -10 -9 -11 -9 -11 -9 -10 -10 -11 -10 -10 -9 -11 -9 -10 0 0 0 0 0 0 0 0 0 0]"
"1769326781132841,CSI_DATA,STATION,00:00:00:00:00:00,0,0,0,0,0,0,0,0,0,0,0,0,0,0,0,0,0,0,0,0,0,128,[84 -64 4 0 0 0 0 0 0 0 0 0 -8 9 -9 9 -9 8 -9 8 -9 8 -10 8 -9 8 -10 8 -11 7 -11 7 -10 7 -10 7 -11 6 -10 6 -11 6 -10 6 -11 6 -10 6 -11 6 -10 6 -10 5 -10 6 -10 6 -10 5 -10 6 -10 6 0 0 -10 6 -10 6 -10 6 -10 7 -10 6 -10 7 -10 6 -10 7 -9 7 -9 7 -9 8 -10 7 -10 8 -10 8 -9 8 -9 8 -9 8 -9 8 -9 9 -10 9 -10 10 -10 9 -10 9 -9 9 -9 10 -10 9 0 0 0 0 0 0 0 0 0 0]"
"1769326781137257,CSI_DATA,STATION,00:00:00:00:00:00,0,0,0,0,0,0,0,0,0,0,0,0,0,0,0,0,0,0,0,0,0,128,[84 -64 4 0 0 0 0 0 0 0 0 0 4 11 4 12 3 12 3 12 2 12 2 12 1 12 2 12 1 12 1 12 1 12 1 12 0 11 0 11 0 12 0 11 0 11 -1 11 0 11 0 11 0 11 0 11 0 12 0 11 0 11 0 11 0 0 0 11 1 10 1 11 1 11 1 11 1 11 1 11 2 11 1 11 2 11 1 11 2 11 2 12 3 11 2 12 2 12 2 12 3 12 3 12 3 11 3 12 3 12 4 12 4 12 3 12 4 13 0 0 0 0 0 0 0 0 0 0]"
"1769326781141626,CSI_DATA,STATION,00:00:00:00:00:00,0,0,0,0,0,0,0,0,0,0,0,0,0,0,0,0,0,0,0,0,0,128,[84 -64 4 0 0 0 0 0 0 0 0 0 -12 4 -13 3 -13 2 -13 2 -13 2 -13 1 -13 0 -13 0 -13 0 -13 0 -13 0 -13 0 -13 -1 -13 -1 -13 -1 -12 -1 -12 -1 -12 -1 -13 -2 -12 -1 -12 -2 -12 -1 -12 -1 -12 -1 -12 -1 -12 -1 0 0 -12 -1 -12 0 -12 0 -12 0 -12 0 -12 0 -12 0 -13 0 -12 0 -12 0 -13 0 -13 1 -13 1 -13 1 -13 1 -13 1 -13 1 -13 1 -13 2 -14 2 -14 2 -14 2 -14 2 -14 2 -14 2 -13 2 0 0 0 0 0 0 0 0 0 0]"
"1769326781148004,CSI_DATA,STATION,00:00:00:00:00:00,0,0,0,0,0,0,0,0,0,0,0,0,0,0,0,0,0,0,0,0,0,128,[84 -64 4 0 0 0 0 0 0 0 0 0 -12 4 -12 4 -12 3 -13 3 -12 2 -13 2 -12 2 -13 2 -13 1 -13 1 -12 1 -13 1 -13 1 -12 0 -13 1 -12 1 -13 1 -12 0 -13 0 -13 0 -12 0 -12 0 -12 1 -12 1 -12 1 -12 1 0 0 -12 1 -12 1 -12 2 -12 2 -12 2 -12 2 -12 2 -12 2 -12 3 -12 3 -12 4 -12 3 -12 4 -12 4 -12 4 -12 4 -12 4 -12 5 -13 5 -12 5 -13 5 -12 5 -13 5 -13 5 -13 6 -12 6 0 0 0 0 0 0 0 0 0 0]"
"1769326781152331,CSI_DATA,STATION,00:00:00:00:00:00,0,0,0,0,0,0,0,0,0,0,0,0,0,0,0,0,0,0,0,0,0,128,[84 -64 4 0 0 0 0 0 0 0 0 0 9 7 9 8 9 8 8 9 8 8 8 9 7 10 7 9 6 10 7 10 6 10 6 9 6 10 6 10 6 10 5 10 5 9 5 10 5 10 6 10 5 10 5 9 5 9 6 9 6 10 6 9 0 0 5 9 6 9 6 9 6 9 7 9 7 9 6 9 7 9 7 9 7 9 7 8 7 9 7 9 8 9 7 9 8 9 8 8 9 8 8 9 8 9 8 9 8 9 9 9 9 9 9 9 9 9 0 0 0 0 0 0 0 0 0 0]"
"1769326781156633,CSI_DATA,STATION,00:00:00:00:00:00,0,0,0,0,0,0,0,0,0,0,0,0,0,0,0,0,0,0,0,0,0,128,[84 -64 4 0 0 0 0 0 0 0 0 0 -9 8 -10 8 -10 8 -11 8 -10 7 -11 7 -10 7 -11 6 -11 6 -11 6 -11 6 -11 6 -11 5 -11 5 -12 5 -11 5 -11 5 -10 4 -11 4 -11 4 -11 4 -11 4 -10 5 -11 5 -11 5 -11 6 0 0 -10 5 -11 5 -10 5 -10 6 -10 6 -10 5 -10 6 -10 6 -10 6 -10 7 -10 7 -10 7 -10 7 -10 7 -10 7 -10 8 -10 7 -10 8 -10 8 -11 8 -10 9 -10 8 -10 8 -10 8 -11 9 -10 8 0 0 0 0 0 0 0 0 0 0]"
"1769326781163250,CSI_DATA,STATION,00:00:00:00:00:00,0,0,0,0,0,0,0,0,0,0,0,0,0,0,0,0,0,0,0,0,0,128,[84 -64 4 0 0 0 0 0 0 0 0 0 12 -2 12 -1 12 0 13 0 12 0 12 0 12 1 12 1 11 2 12 2 11 2 11 1 12 2 11 3 12 3 10 2 12 3 11 2 12 2 11 3 11 3 11 3 11 2 11 2 11 2 11 2 0 0 11 1 10 2 11 2 10 1 12 1 12 1 11 1 11 1 12 1 11 0 11 0 12 0 12 1 12 0 12 0 12 0 12 0 12 -1 12 -1 13 -1 13 -1 13 -1 13 0 13 -1 13 -1 13 -1 0 0 0 0 0 0 0 0 0 0]"
"1769326781167568,CSI_DATA,STATION,00:00:00:00:00:00,0,0,0,0,0,0,0,0,0,0,0,0,0,0,0,0,0,0,0,0,0,128,[84 -64 4 0 0 0 0 0 0 0 0 0 7 18 6 18 6 19 5 19 4 19 4 19 3 19 3 19 2 19 2 19 2 20 1 19 2 19 1 19 1 19 0 19 0 19 0 18 1 19 0 18 0 18 0 18 0 17 0 18 0 18 0 17 0 0 1 18 1 17 2 18 1 17 2 18 2 18 2 18 2 17 2 17 3 17 3 17 4 18 4 18 4 18 4 18 4 19 5 19 5 18 5 19 5 18 6 19 5 19 6 20 7 20 6 19 7 20 0 0 0 0 0 0 0 0 0 0]"
"1769326781171992,CSI_DATA,STATION,00:00:00:00:00:00,0,0,0,0,0,0,0,0,0,0,0,0,0,0,0,0,0,0,0,0,0,128,[84 -64 4 0 0 0 0 0 0 0 0 0 7 -11 7 -10 8 -10 8 -10 9 -9 8 -9 9 -9 9 -8 9 -8 9 -8 9 -8 9 -8 9 -7 10 -7 10 -8 9 -8 10 -8 9 -7 9 -6 10 -7 9 -6 10 -7 9 -7 9 -7 8 -7 9 -8 0 0 9 -8 8 -7 9 -7 8 -8 8 -8 8 -7 8 -8 8 -9 8 -8 8 -9 8 -9 8 -9 8 -9 8 -9 8 -10 9 -10 8 -10 8 -10 8 -10 8 -10 8 -10 8 -10 8 -10 8 -11 8 -11 8 -11 0 0 0 0 0 0 0 0 0 0]"
"1769326781178488,CSI_DATA,STATION,00:00:00:00:00:00,0,0,0,0,0,0,0,0,0,0,0,0,0,0,0,0,0,0,0,0,0,128,[84 -64 4 0 0 0 0 0 0 0 0 0 -18 -5 -18 -5 -18 -6 -18 -7 -18 -7 -17 -7 -16 -8 -17 -8 -16 -9 -17 -9 -16 -9 -16 -10 -16 -10 -16 -10 -15 -10 -15 -10 -14 -9 -15 -9 -15 -10 -15 -10 -14 -10 -15 -10 -14 -9 -14 -9 -15 -9 -14 -9 0 0 -14 -9 -15 -9 -15 -9 -15 -8 -15 -8 -15 -9 -16 -8 -15 -8 -15 -8 -16 -7 -16 -7 -16 -7 -17 -7 -17 -7 -17 -7 -17 -6 -18 -7 -17 -6 -17 -6 -18 -6 -18 -6 -19 -7 -19 -7 -19 -6 -19 -6 -18 -5 0 0 0 0 0 0 0 0 0 0]"
"1769326781182833,CSI_DATA,STATION,00:00:00:00:00:00,0,0,0,0,0,0,0,0,0,0,0,0,0,0,0,0,0,0,0,0,0,128,[84 -64 4 0 0 0 0 0 0 0 0 0 -8 -17 -8 -17 -8 -17 -7 -18 -6 -18 -6 -18 -6 -18 -5 -18 -5 -18 -4 -18 -4 -18 -3 -18 -3 -18 -3 -18 -3 -17 -2 -17 -2 -17 -3 -17 -3 -17 -3 -17 -3 -17 -2 -17 -3 -16 -3 -17 -2 -17 -3 -16 0 0 -3 -16 -3 -16 -4 -16 -4 -16 -4 -17 -4 -17 -4 -17 -5 -16 -5 -16 -5 -16 -5 -16 -5 -16 -5 -17 -6 -16 -6 -17 -6 -17 -7 -17 -7 -17 -7 -17 -7 -17 -7 -17 -7 -17 -8 -18 -8 -18 -8 -18 -8 -18 0 0 0 0 0 0 0 0 0 0]"
"1769326781189358,CSI_DATA,STATION,00:00:00:00:00:00,0,0,0,0,0,0,0,0,0,0,0,0,0,0,0,0,0,0,0,0,0,128,[84 -64 4 0 0 0 0 0 0 0 0 0 -5 -18 -5 -18 -5 -19 -4 -19 -4 -19 -3 -19 -2 -18 -2 -19 -2 -19 -2 -18 -1 -19 -1 -18 -1 -18 -1 -17 0 -18 0 -18 0 -18 0 -17 -1 -18 0 -17 0 -17 0 -17 0 -17 -1 -17 0 -17 -1 -17 0 0 -1 -17 -1 -16 -1 -17 -1 -17 -2 -17 -2 -18 -2 -17 -3 -17 -2 -17 -3 -17 -3 -17 -4 -17 -4 -17 -4 -18 -4 -18 -4 -18 -5 -18 -5 -18 -5 -18 -5 -18 -5 -18 -6 -18 -6 -19 -7 -18 -6 -19 -6 -19 0 0 0 0 0 0 0 0 0 0]"
"1769326781193820,CSI_DATA,STATION,00:00:00:00:00:00,0,0,0,0,0,0,0,0,0,0,0,0,0,0,0,0,0,0,0,0,0,128,[84 -64 4 0 0 0 0 0 0 0 0 0 -12 -5 -12 -6 -12 -6 -12 -7 -11 -7 -11 -8 -10 -7 -11 -8 -11 -8 -11 -9 -10 -9 -10 -9 -10 -9 -9 -9 -9 -9 -9 -9 -9 -9 -9 -9 -9 -9 -9 -9 -9 -9 -9 -9 -8 -8 -9 -9 -9 -8 -9 -8 0 0 -8 -8 -9 -9 -9 -8 -9 -8 -9 -8 -9 -8 -9 -8 -10 -8 -10 -8 -11 -8 -10 -8 -11 -8 -10 -8 -10 -8 -11 -8 -10 -8 -11 -8 -11 -8 -11 -7 -11 -8 -12 -8 -11 -8 -12 -8 -12 -8 -12 -8 -12 -7 0 0 0 0 0 0 0 0 0 0]"
"1769326781198167,CSI_DATA,STATION,00:00:00:00:00:00,0,0,0,0,0,0,0,0,0,0,0,0,0,0,0,0,0,0,0,0,0,128,[84 -64 4 0 0 0 0 0 0 0 0 0 -12 -6 -12 -6 -11 -7 -11 -7 -11 -7 -11 -7 -11 -7 -11 -8 -10 -8 -10 -8 -9 -8 -10 -9 -10 -8 -9 -9 -10 -9 -9 -8 -10 -8 -9 -8 -9 -9 -9 -9 -9 -8 -10 -8 -9 -8 -9 -8 -9 -8 -9 -8 0 0 -9 -8 -9 -8 -9 -8 -9 -8 -11 -8 -10 -8 -10 -7 -10 -7 -10 -7 -11 -7 -11 -8 -11 -7 -11 -8 -11 -7 -11 -7 -11 -7 -11 -7 -11 -7 -12 -6 -12 -7 -12 -7 -12 -6 -13 -7 -13 -7 -12 -7 -13 -6 0 0 0 0 0 0 0 0 0 0]"
"1769326781204606,CSI_DATA,STATION,00:00:00:00:00:00,0,0,0,0,0,0,0,0,0,0,0,0,0,0,0,0,0,0,0,0,0,128,[84 -64 4 0 0 0 0 0 0 0 0 0 -12 -3 -12 -4 -12 -5 -12 -5 -12 -6 -12 -6 -12 -6 -11 -7 -11 -7 -11 -7 -11 -6 -11 -7 -11 -7 -11 -7 -11 -7 -10 -7 -10 -7 -10 -7 -10 -7 -10 -7 -10 -7 -10 -7 -10 -7 -10 -7 -10 -6 -10 -7 0 0 -10 -6 -11 -6 -11 -6 -10 -5 -11 -6 -11 -6 -10 -5 -12 -5 -11 -5 -11 -5 -11 -5 -12 -5 -12 -5 -12 -5 -12 -5 -12 -4 -13 -4 -12 -4 -12 -4 -12 -4 -13 -4 -13 -4 -13 -4 -14 -4 -13 -4 -13 -4 0 0 0 0 0 0 0 0 0 0]"
"1769326781208902,CSI_DATA,STATION,00:00:00:00:00:00,0,0,0,0,0,0,0,0,0,0,0,0,0,0,0,0,0,0,0,0,0,128,[84 -64 4 0 0 0 0 0 0 0 0 0 11 -3 11 -2 13 -2 12 -1 13 -1 12 -1 12 0 12 0 12 0 12 1 12 1 11 1 12 1 12 1 12 2 11 1 11 1 12 1 12 1 12 1 11 1 11 1 11 1 11 1 11 1 11 1 0 0 11 0 11 0 11 0 11 0 11 0 12 0 11 -1 11 -1 11 -1 11 -1 11 -1 12 -1 12 -1 12 -1 12 -2 11 -2 13 -2 13 -2 13 -2 12 -3 12 -3 13 -2 13 -3 13 -3 13 -3 12 -3 0 0 0 0 0 0 0 0 0 0]"
"1769326781215314,CSI_DATA,STATION,00:00:00:00:00:00,0,0,0,0,0,0,0,0,0,0,0,0,0,0,0,0,0,0,0,0,0,128,[84 -64 4 0 0 0 0 0 0 0 0 0 -15 -3 -16 -4 -16 -5 -16 -5 -15 -5 -16 -5 -15 -6 -15 -6 -14 -6 -14 -7 -15 -7 -14 -7 -14 -8 -14 -7 -14 -7 -13 -7 -13 -7 -13 -7 -13 -8 -13 -8 -13 -7 -13 -8 -13 -7 -13 -8 -13 -8 -13 -7 0 0 -13 -6 -14 -7 -14 -6 -13 -6 -14 -7 -13 -6 -14 -6 -14 -6 -14 -6 -14 -5 -15 -5 -15 -5 -14 -5 -15 -5 -15 -5 -15 -5 -15 -5 -15 -4 -15 -4 -16 -5 -16 -4 -16 -5 -17 -5 -16 -4 -17 -4 -17 -4 0 0 0 0 0 0 0 0 0 0]"
"1769326781219602,CSI_DATA,STATION,00:00:00:00:00:00,0,0,0,0,0,0,0,0,0,0,0,0,0,0,0,0,0,0,0,0,0,128,[84 -64 4 0 0 0 0 0 0 0 0 0 -11 7 -11 6 -11 6 -12 5 -11 4 -12 5 -12 4 -12 4 -12 4 -12 3 -13 3 -12 3 -12 3 -12 3 -13 2 -12 3 -12 2 -11 2 -12 3 -12 2 -12 2 -11 2 -11 2 -12 2 -11 2 -12 3 0 0 -11 3 -11 3 -11 3 -11 3 -12 3 -12 3 -12 3 -12 4 -11 4 -12 4 -11 4 -11 4 -12 4 -12 4 -12 5 -11 5 -12 5 -11 5 -12 6 -12 5 -12 6 -12 5 -12 5 -12 6 -12 6 -12 6 0 0 0 0 0 0 0 0 0 0]"
"1769326781226035,CSI_DATA,STATION,00:00:00:00:00:00,0,0,0,0,0,0,0,0,0,0,0,0,0,0,0,0,0,0,0,0,0,128,[84 -64 4 0 0 0 0 0 0 0 0 0 7 -8 7 -8 8 -8 8 -8 8 -7 9 -7 9 -6 9 -7 9 -6 9 -6 9 -6 9 -6 9 -5 10 -5 10 -5 9 -5 9 -5 9 -6 9 -5 9 -5 9 -5 9 -5 9 -5 9 -5 9 -5 9 -6 0 0 9 -6 9 -5 9 -5 8 -6 8 -5 9 -6 9 -6 8 -6 8 -6 8 -6 8 -6 9 -6 9 -6 9 -6 9 -7 9 -7 9 -7 9 -8 9 -7 9 -7 9 -7 9 -7 9 -7 9 -8 9 -8 9 -8 0 0 0 0 0 0 0 0 0 0]"
"1769326781230336,CSI_DATA,STATION,00:00:00:00:00:00,0,0,0,0,0,0,0,0,0,0,0,0,0,0,0,0,0,0,0,0,0,128,[84 -64 4 0 0 0 0 0 0 0 0 0 -12 5 -12 5 -13 4 -13 4 -13 4 -13 4 -13 3 -12 3 -12 3 -13 3 -12 2 -12 2 -12 2 -13 2 -13 1 -12 2 -12 2 -12 1 -13 2 -13 1 -12 0 -12 1 -12 2 -12 2 -12 2 -12 2 0 0 -12 2 -11 3 -11 2 -11 3 -12 2 -11 2 -12 3 -12 3 -11 3 -12 3 -12 4 -12 4 -12 4 -12 4 -12 4 -12 4 -12 4 -12 4 -12 4 -13 5 -13 5 -13 5 -12 5 -13 6 -13 6 -13 6 0 0 0 0 0 0 0 0 0 0]"
"1769326781234641,CSI_DATA,STATION,00:00:00:00:00:00,0,0,0,0,0,0,0,0,0,0,0,0,0,0,0,0,0,0,0,0,0,128,[84 -64 4 0 0 0 0 0 0 0 0 0 12 -3 11 -2 12 -2 12 -2 12 -1 12 -1 12 -1 12 0 12 0 12 1 12 1 12 1 12 1 12 1 12 1 11 0 11 1 11 1 11 1 11 1 11 1 11 0 11 1 11 1 11 0 11 1 0 0 11 0 11 0 11 0 11 -1 11 0 11 -1 11 -1 11 -1 11 -2 11 -1 11 -2 12 -1 12 -2 12 -2 12 -3 11 -3 12 -3 12 -3 12 -3 12 -3 12 -3 12 -3 12 -3 13 -3 12 -4 12 -4 0 0 0 0 0 0 0 0 0 0]"
"1769326781241281,CSI_DATA,STATION,00:00:00:00:00:00,0,0,0,0,0,0,0,0,0,0,0,0,0,0,0,0,0,0,0,0,0,128,[84 -64 4 0 0 0 0 0 0 0 0 0 5 19 4 19 3 19 3 20 2 20 2 20 1 20 1 20 0 19 0 19 0 20 -1 19 0 19 -1 19 -1 19 -2 19 -1 19 -1 18 -1 19 -2 18 -2 18 -2 18 -1 17 0 18 -1 18 -1 18 0 0 0 18 0 18 0 18 0 18 0 18 0 18 0 18 1 18 1 18 2 17 2 18 3 18 3 18 3 19 2 18 3 20 4 19 4 18 4 19 4 19 5 19 4 20 5 20 6 19 5 20 6 20 0 0 0 0 0 0 0 0 0 0]"
"1769326781245568,CSI_DATA,STATION,00:00:00:00:00:00,0,0,0,0,0,0,0,0,0,0,0,0,0,0,0,0,0,0,0,0,0,128,[84 -64 4 0 0 0 0 0 0 0 0 0 4 -12 4 -13 4 -12 5 -12 6 -12 6 -12 6 -12 6 -11 6 -11 7 -11 7 -10 7 -11 7 -11 7 -10 7 -10 7 -10 7 -10 7 -10 7 -10 7 -10 7 -10 7 -10 7 -10 6 -10 7 -9 6 -10 0 0 6 -10 6 -10 6 -10 6 -10 6 -10 6 -11 6 -11 5 -11 5 -11 5 -11 5 -11 5 -11 5 -11 5 -12 5 -12 4 -12 4 -12 4 -12 4 -12 4 -13 4 -13 4 -13 4 -13 4 -13 4 -14 4 -13 0 0 0 0 0 0 0 0 0 0]"
"1769326781251962,CSI_DATA,STATION,00:00:00:00:00:00,0,0,0,0,0,0,0,0,0,0,0,0,0,0,0,0,0,0,0,0,0,128,[84 -64 4 0 0 0 0 0 0 0 0 0 1 18 0 18 0 18 0 18 -1 18 -1 18 -2 18 -2 18 -3 17 -3 18 -3 18 -4 17 -3 17 -4 17 -4 16 -4 17 -4 16 -4 16 -4 17 -4 16 -4 16 -4 16 -4 16 -3 16 -4 16 -3 16 0 0 -3 16 -2 16 -2 16 -2 16 -2 16 -2 16 -2 16 -1 16 -1 16 -1 16 -1 16 0 17 0 17 0 17 0 17 1 18 1 17 1 17 2 18 1 17 2 18 2 18 2 19 3 18 2 19 2 18 0 0 0 0 0 0 0 0 0 0]"
"1769326781256230,CSI_DATA,STATION,00:00:00:00:00:00,0,0,0,0,0,0,0,0,0,0,0,0,0,0,0,0,0,0,0,0,0,128,[84 -64 4 0 0 0 0 0 0 0 0 0 4 10 3 10 2 10 2 10 2 10 1 11 0 10 0 11 0 11 0 10 0 11 0 11 0 10 0 11 -1 10 0 10 -1 10 -1 10 -1 10 -1 10 -1 10 -1 10 -1 10 0 9 0 10 0 10 0 0 -1 10 0 9 0 10 0 10 0 10 0 10 0 10 0 10 0 10 0 10 1 10 1 10 1 11 1 10 1 11 1 11 2 11 1 10 2 11 2 11 1 11 1 11 2 11 2 11 2 11 2 11 0 0 0 0 0 0 0 0 0 0]"
"1769326781260563,CSI_DATA,STATION,00:00:00:00:00:00,0,0,0,0,0,0,0,0,0,0,0,0,0,0,0,0,0,0,0,0,0,128,[84 -64 4 0 0 0 0 0 0 0 0 0 -11 -7 -11 -7 -11 -7 -11 -7 -11 -8 -10 -9 -10 -8 -10 -9 -10 -8 -10 -10 -9 -9 -9 -9 -9 -9 -9 -9 -9 -10 -9 -9 -9 -9 -9 -9 -9 -9 -9 -9 -8 -9 -9 -9 -8 -9 -9 -9 -8 -9 -9 -8 0 0 -9 -8 -9 -8 -9 -8 -9 -8 -10 -8 -9 -8 -10 -8 -10 -8 -10 -8 -11 -7 -10 -7 -10 -7 -11 -7 -11 -7 -11 -7 -12 -7 -12 -7 -12 -7 -12 -7 -12 -7 -12 -7 -12 -7 -12 -7 -13 -7 -12 -7 -12 -7 0 0 0 0 0 0 0 0 0 0]"
"1769326781267031,CSI_DATA,STATION,00:00:00:00:00:00,0,0,0,0,0,0,0,0,0,0,0,0,0,0,0,0,0,0,0,0,0,128,[84 -64 4 0 0 0 0 0 0 0 0 0 9 7 9 8 9 8 9 8 8 9 8 9 7 9 7 10 7 10 8 10 7 10 7 9 7 9 7 10 6 10 5 10 6 9 5 9 6 10 6 10 6 10 6 9 5 9 6 10 6 9 6 9 0 0 6 9 6 9 6 9 6 9 6 9 7 9 7 8 7 9 7 9 7 8 8 8 8 9 8 9 8 9 8 9 8 9 9 9 9 9 8 9 8 9 9 9 9 9 9 9 10 9 9 8 9 9 0 0 0 0 0 0 0 0 0 0]"
"1769326781271337,CSI_DATA,STATION,00:00:00:00:00:00,0,0,0,0,0,0,0,0,0,0,0,0,0,0,0,0,0,0,0,0,0,128,[84 -64 4 0 0 0 0 0 0 0 0 0 -11 6 -12 6 -13 5 -12 5 -13 5 -12 4 -12 3 -12 4 -12 3 -13 3 -14 3 -13 3 -13 2 -13 2 -12 2 -13 2 -12 2 -12 1 -13 2 -12 1 -12 1 -12 2 -12 2 -12 2 -11 2 -12 2 0 0 -12 2 -11 3 -12 3 -11 2 -12 3 -12 3 -12 2 -12 3 -11 4 -12 4 -12 4 -12 4 -12 4 -12 4 -12 4 -12 4 -13 4 -12 5 -12 4 -12 5 -12 5 -13 5 -13 5 -13 6 -13 5 -13 6 0 0 0 0 0 0 0 0 0 0]"
"1769326781277691,CSI_DATA,STATION,00:00:00:00:00:00,0,0,0,0,0,0,0,0,0,0,0,0,0,0,0,0,0,0,0,0,0,128,[84 -64 4 0 0 0 0 0 0 0 0 0 -12 -3 -13 -3 -12 -4 -13 -5 -13 -5 -12 -5 -13 -5 -12 -5 -12 -6 -12 -6 -11 -7 -11 -6 -12 -7 -12 -7 -11 -7 -10 -6 -11 -7 -10 -6 -11 -7 -10 -6 -11 -7 -11 -7 -10 -6 -11 -7 -11 -7 -11 -6 0 0 -11 -6 -10 -6 -11 -6 -10 -5 -11 -6 -11 -6 -11 -6 -12 -6 -11 -6 -11 -5 -12 -5 -11 -5 -12 -5 -12 -5 -12 -5 -13 -5 -12 -5 -12 -5 -13 -4 -12 -5 -13 -5 -14 -5 -13 -5 -14 -5 -13 -5 -13 -4 0 0 0 0 0 0 0 0 0 0]"
"1769326781288421,CSI_DATA,STATION,00:00:00:00:00:00,0,0,0,0,0,0,0,0,0,0,0,0,0,0,0,0,0,0,0,0,0,128,[84 -64 4 0 0 0 0 0 0 0 0 0 -10 -6 -10 -6 -10 -7 -9 -7 -10 -8 -9 -8 -9 -8 -9 -9 -8 -9 -8 -9 -8 -8 -8 -9 -8 -9 -8 -9 -8 -9 -8 -9 -8 -9 -7 -8 -8 -9 -7 -9 -7 -9 -7 -9 -7 -9 -7 -9 -7 -9 -7 -9 0 0 -7 -8 -8 -8 -8 -8 -7 -8 -8 -8 -8 -8 -8 -8 -8 -8 -8 -8 -8 -8 -9 -8 -9 -8 -9 -8 -9 -8 -9 -8 -9 -8 -10 -8 -9 -8 -10 -8 -10 -8 -10 -8 -10 -8 -10 -9 -11 -8 -10 -8 -10 -8 0 0 0 0 0 0 0 0 0 0]"
"1769326781294882,CSI_DATA,STATION,00:00:00:00:00:00,0,0,0,0,0,0,0,0,0,0,0,0,0,0,0,0,0,0,0,0,0,128,[84 -64 4 0 0 0 0 0 0 0 0 0 5 16 5 16 5 17 4 18 3 17 3 17 3 18 2 18 2 17 2 18 1 18 0 17 1 17 1 17 0 17 0 17 0 16 0 16 0 17 0 17 0 16 0 16 0 16 0 16 0 16 0 16 0 0 1 16 1 16 1 16 1 16 1 16 2 16 2 16 3 16 2 16 3 16 3 16 3 16 3 16 3 16 3 16 4 17 4 17 5 16 5 16 5 16 5 17 5 17 5 17 6 18 5 17 5 18 0 0 0 0 0 0 0 0 0 0]"
"1769326781299195,CSI_DATA,STATION,00:00:00:00:00:00,0,0,0,0,0,0,0,0,0,0,0,0,0,0,0,0,0,0,0,0,0,128,[84 -64 4 0 0 0 0 0 0 0 0 0 10 -8 10 -7 10 -6 11 -6 11 -6 11 -6 11 -6 11 -5 11 -5 11 -4 12 -4 11 -4 11 -4 11 -4 11 -4 11 -4 11 -4 11 -4 11 -3 11 -4 10 -3 11 -4 10 -4 11 -3 11 -4 11 -4 0 0 10 -4 10 -4 10 -4 10 -4 10 -5 10 -5 10 -5 10 -5 10 -5 10 -5 10 -5 10 -5 10 -5 11 -5 10 -6 11 -6 10 -6 10 -7 10 -7 10 -7 11 -7 10 -7 11 -7 11 -7 11 -7 11 -7 0 0 0 0 0 0 0 0 0 0]"
"1769326781303487,CSI_DATA,STATION,00:00:00:00:00:00,0,0,0,0,0,0,0,0,0,0,0,0,0,0,0,0,0,0,0,0,0,128,[84 -64 4 0 0 0 0 0 0 0 0 0 9 7 9 8 9 8 9 9 8 9 8 9 8 9 8 9 7 9 7 9 7 10 7 9 7 9 7 10 7 10 7 9 6 9 6 9 6 9 6 10 6 9 6 9 6 9 7 9 6 9 6 9 0 0 7 9 6 9 7 9 6 8 7 8 7 9 7 8 8 8 7 8 8 8 8 8 8 8 8 8 9 8 8 8 8 8 9 8 9 8 9 8 9 8 10 8 10 8 10 8 10 8 10 9 10 8 0 0 0 0 0 0 0 0 0 0]"
"1769326781309959,CSI_DATA,STATION,00:00:00:00:00:00,0,0,0,0,0,0,0,0,0,0,0,0,0,0,0,0,0,0,0,0,0,128,[84 -64 4 0 0 0 0 0 0 0 0 0 -11 0 -12 0 -12 -1 -12 -1 -12 -2 -12 -2 -11 -2 -12 -3 -11 -3 -12 -3 -11 -2 -11 -2 -12 -3 -11 -3 -11 -3 -11 -4 -11 -4 -11 -4 -11 -4 -11 -4 -11 -4 -10 -4 -10 -3 -11 -3 -11 -3 -11 -3 0 0 -11 -3 -11 -3 -11 -3 -10 -3 -12 -3 -11 -3 -11 -3 -12 -2 -12 -2 -11 -2 -11 -2 -12 -2 -12 -1 -12 -2 -11 -1 -12 -1 -12 -1 -12 -1 -13 -1 -13 -1 -12 -1 -13 -2 -13 -1 -13 0 -13 0 -13 -1 0 0 0 0 0 0 0 0 0 0]"
"1769326781314276,CSI_DATA,STATION,00:00:00:00:00:00,0,0,0,0,0,0,0,0,0,0,0,0,0,0,0,0,0,0,0,0,0,128,[84 -64 4 0 0 0 0 0 0 0 0 0 -5 17 -6 17 -6 16 -7 17 -7 17 -8 16 -8 16 -9 16 -9 15 -9 15 -9 15 -10 15 -10 15 -10 14 -10 14 -10 14 -10 14 -10 13 -10 13 -11 13 -11 13 -10 13 -10 12 -9 13 -10 13 -10 13 0 0 -10 13 -9 13 -9 13 -9 13 -9 14 -10 13 -9 14 -9 13 -9 14 -8 14 -8 15 -8 15 -8 15 -8 15 -8 15 -8 16 -8 15 -8 16 -8 16 -8 16 -8 16 -8 16 -8 16 -8 16 -8 17 -7 17 0 0 0 0 0 0 0 0 0 0]"
"1769326781318592,CSI_DATA,STATION,00:00:00:00:00:00,0,0,0,0,0,0,0,0,0,0,0,0,0,0,0,0,0,0,0,0,0,128,[84 -64 4 0 0 0 0 0 0 0 0 0 -5 -20 -4 -20 -4 -21 -3 -20 -3 -21 -2 -21 -1 -21 -1 -21 0 -21 0 -21 0 -21 1 -20 0 -20 1 -19 1 -19 2 -20 1 -19 1 -19 1 -19 2 -19 2 -19 2 -19 1 -19 1 -18 1 -18 1 -18 0 0 1 -18 1 -18 0 -19 0 -19 0 -18 0 -19 0 -19 -1 -18 -1 -19 -2 -19 -2 -19 -2 -19 -2 -19 -2 -19 -2 -20 -3 -20 -3 -20 -3 -20 -3 -20 -4 -20 -4 -21 -3 -20 -4 -21 -5 -21 -4 -21 -5 -21 0 0 0 0 0 0 0 0 0 0]"
"1769326781325081,CSI_DATA,STATION,00:00:00:00:00:00,0,0,0,0,0,0,0,0,0,0,0,0,0,0,0,0,0,0,0,0,0,128,[84 -64 4 0 0 0 0 0 0 0 0 0 16 4 17 5 16 6 17 6 17 7 17 7 16 8 15 8 15 8 15 9 15 8 15 9 15 9 14 9 14 10 13 10 13 10 13 9 13 10 13 10 13 10 13 10 12 9 13 9 13 10 13 9 0 0 13 9 13 9 14 9 13 8 14 9 13 9 14 9 13 9 14 9 13 7 14 7 15 8 15 8 15 8 15 7 16 8 15 8 16 7 16 7 15 7 16 7 16 8 17 7 17 7 17 7 17 7 0 0 0 0 0 0 0 0 0 0]"
"1769326781329384,CSI_DATA,STATION,00:00:00:00:00:00,0,0,0,0,0,0,0,0,0,0,0,0,0,0,0,0,0,0,0,0,0,128,[84 -64 4 0 0 0 0 0 0 0 0 0 6 -11 7 -10 7 -10 7 -10 8 -10 8 -10 8 -9 8 -9 9 -9 9 -8 8 -9 9 -8 9 -9 9 -8 9 -7 9 -8 9 -8 9 -8 9 -7 9 -7 8 -7 8 -7 8 -8 9 -7 8 -8 9 -8 0 0 8 -8 8 -8 8 -8 8 -8 8 -8 8 -8 8 -8 8 -9 8 -8 8 -9 8 -9 8 -9 8 -9 7 -9 8 -9 8 -10 8 -10 8 -10 7 -10 7 -10 8 -11 8 -10 8 -11 7 -11 8 -11 7 -12 0 0 0 0 0 0 0 0 0 0]"
"1769326781336004,CSI_DATA,STATION,00:00:00:00:00:00,0,0,0,0,0,0,0,0,0,0,0,0,0,0,0,0,0,0,0,0,0,128,[84 -64 4 0 0 0 0 0 0 0 0 0 -8 10 -8 9 -9 9 -9 8 -9 8 -9 8 -9 8 -11 8 -10 8 -11 7 -10 7 -10 7 -10 6 -11 6 -11 6 -10 7 -10 7 -10 6 -10 5 -10 5 -10 6 -10 6 -10 6 -10 6 -10 6 -10 6 0 0 -10 6 -9 6 -9 6 -10 7 -9 6 -9 6 -9 7 -9 7 -9 8 -9 8 -9 8 -9 8 -9 8 -9 8 -9 9 -9 9 -9 9 -9 9 -8 9 -9 9 -9 10 -9 10 -9 10 -9 10 -9 10 -9 10 0 0 0 0 0 0 0 0 0 0]"
"1769326781340419,CSI_DATA,STATION,00:00:00:00:00:00,0,0,0,0,0,0,0,0,0,0,0,0,0,0,0,0,0,0,0,0,0,128,[84 -64 4 0 0 0 0 0 0 0 0 0 0 -13 0 -13 1 -12 2 -13 2 -13 3 -13 3 -12 3 -12 3 -12 4 -11 3 -12 4 -12 4 -11 4 -11 4 -12 4 -11 5 -11 4 -11 5 -11 5 -11 4 -11 4 -11 5 -11 4 -11 4 -11 4 -12 0 0 4 -11 4 -10 4 -11 3 -10 3 -11 3 -11 3 -11 3 -11 3 -12 3 -12 3 -12 3 -12 2 -12 3 -12 2 -12 3 -13 2 -13 2 -13 2 -13 2 -13 2 -13 2 -13 2 -13 2 -13 2 -14 1 -14 0 0 0 0 0 0 0 0 0 0]"
"1769326781344676,CSI_DATA,STATION,00:00:00:00:00:00,0,0,0,0,0,0,0,0,0,0,0,0,0,0,0,0,0,0,0,0,0,128,[84 -64 4 0 0 0 0 0 0 0 0 0 2 12 2 12 1 11 2 12 1 11 0 12 0 12 0 12 0 12 0 11 -1 12 0 11 -1 12 -1 11 -1 12 -1 11 -2 11 -1 11 -1 12 -2 11 -1 11 -1 10 -1 11 -1 11 0 10 -1 11 0 0 0 11 1 10 0 11 0 11 1 12 0 11 1 11 1 11 1 11 1 11 1 11 2 11 2 11 2 12 2 12 2 11 2 11 3 11 3 12 2 11 3 12 3 12 3 12 4 12 4 12 4 12 0 0 0 0 0 0 0 0 0 0]"
"1769326781351078,CSI_DATA,STATION,00:00:00:00:00:00,0,0,0,0,0,0,0,0,0,0,0,0,0,0,0,0,0,0,0,0,0,128,[84 -64 4 0 0 0 0 0 0 0 0 0 10 -3 10 -3 10 -2 10 -3 11 -2 11 -2 11 -1 10 -1 11 -1 11 0 11 0 11 0 10 0 10 0 11 0 11 0 10 0 10 0 10 0 11 1 10 1 10 0 10 0 10 1 10 0 10 0 0 0 10 0 10 0 10 -1 10 -1 10 0 10 -1 10 -1 10 -1 10 -1 10 -1 10 -2 10 -1 11 -2 11 -1 11 -2 11 -2 11 -2 11 -3 11 -2 11 -3 12 -3 11 -2 12 -2 12 -3 12 -3 12 -3 0 0 0 0 0 0 0 0 0 0]"
"1769326781355337,CSI_DATA,STATION,00:00:00:00:00:00,0,0,0,0,0,0,0,0,0,0,0,0,0,0,0,0,0,0,0,0,0,128,[84 -64 4 0 0 0 0 0 0 0 0 0 -13 2 -13 2 -13 1 -13 1 -12 1 -13 1 -13 0 -13 0 -13 -1 -13 -1 -12 -1 -12 -1 -13 -1 -13 -2 -12 -2 -12 -1 -13 -2 -12 -2 -12 -2 -12 -2 -12 -3 -12 -2 -12 -2 -12 -1 -11 -2 -11 -1 0 0 -11 -1 -12 -1 -12 -1 -11 -1 -12 -2 -12 -1 -12 -1 -12 -1 -12 -1 -12 -1 -12 0 -13 -1 -13 0 -13 0 -13 0 -13 0 -13 0 -13 0 -13 1 -13 1 -13 1 -14 0 -14 0 -13 1 -14 1 -14 1 0 0 0 0 0 0 0 0 0 0]"
"1769326781361750,CSI_DATA,STATION,00:00:00:00:00:00,0,0,0,0,0,0,0,0,0,0,0,0,0,0,0,0,0,0,0,0,0,128,[84 -64 4 0 0 0 0 0 0 0 0 0 -18 -3 -18 -4 -18 -5 -18 -5 -18 -5 -18 -5 -17 -6 -17 -6 -17 -6 -17 -7 -17 -7 -16 -7 -17 -8 -16 -8 -16 -8 -16 -8 -15 -8 -15 -7 -16 -8 -16 -9 -15 -9 -15 -8 -15 -7 -15 -8 -15 -8 -15 -7 0 0 -15 -6 -16 -7 -16 -6 -16 -6 -16 -7 -16 -6 -16 -6 -16 -6 -16 -5 -16 -5 -17 -5 -17 -5 -17 -5 -17 -5 -17 -4 -18 -4 -18 -4 -18 -3 -18 -3 -18 -3 -19 -3 -19 -4 -19 -4 -19 -3 -19 -3 -19 -3 0 0 0 0 0 0 0 0 0 0]"
"1769326781366066,CSI_DATA,STATION,00:00:00:00:00:00,0,0,0,0,0,0,0,0,0,0,0,0,0,0,0,0,0,0,0,0,0,128,[84 -64 4 0 0 0 0 0 0 0 0 0 -7 18 -8 18 -9 18 -9 17 -9 17 -10 17 -11 17 -11 16 -11 16 -12 15 -12 16 -12 16 -12 15 -12 15 -12 14 -12 15 -12 14 -13 14 -12 14 -12 14 -12 14 -12 13 -12 13 -12 13 -12 14 -12 14 0 0 -11 14 -11 15 -11 14 -11 15 -10 14 -10 15 -10 15 -10 15 -10 15 -9 15 -10 16 -9 16 -10 16 -9 17 -9 17 -8 17 -9 17 -9 17 -8 18 -9 18 -9 18 -9 19 -9 19 -8 18 -8 19 -8 19 0 0 0 0 0 0 0 0 0 0]"
"1769326781372563,CSI_DATA,STATION,00:00:00:00:00:00,0,0,0,0,0,0,0,0,0,0,0,0,0,0,0,0,0,0,0,0,0,128,[84 -64 4 0 0 0 0 0 0 0 0 0 -8 -9 -8 -10 -8 -10 -8 -10 -8 -11 -8 -11 -7 -11 -6 -11 -6 -11 -7 -11 -6 -11 -6 -11 -6 -11 -6 -11 -6 -12 -6 -11 -5 -11 -5 -11 -5 -11 -5 -11 -5 -11 -5 -11 -5 -11 -6 -11 -5 -11 -6 -11 0 0 -6 -10 -6 -11 -6 -10 -6 -10 -6 -10 -6 -10 -7 -10 -7 -10 -6 -10 -7 -10 -8 -10 -7 -10 -8 -10 -8 -10 -8 -10 -8 -10 -9 -10 -9 -10 -9 -10 -8 -10 -8 -11 -9 -10 -9 -11 -9 -10 -9 -10 -9 -11 0 0 0 0 0 0 0 0 0 0]"
"1769326781376948,CSI_DATA,STATION,00:00:00:00:00:00,0,0,0,0,0,0,0,0,0,0,0,0,0,0,0,0,0,0,0,0,0,128,[84 -64 4 0 0 0 0 0 0 0 0 0 6 10 5 10 5 11 5 10 4 11 4 11 3 11 3 11 3 11 3 11 3 11 2 11 2 11 2 11 2 12 2 11 2 11 2 10 2 11 3 11 2 11 2 11 2 10 2 10 2 11 2 10 0 0 3 10 3 10 3 10 3 10 4 10 4 10 4 10 4 10 4 10 4 10 4 10 5 10 5 11 5 10 5 10 5 11 6 10 6 10 6 10 6 10 7 10 7 10 6 11 7 10 7 11 6 11 0 0 0 0 0 0 0 0 0 0]"
"1769326781381343,CSI_DATA,STATION,00:00:00:00:00:00,0,0,0,0,0,0,0,0,0,0,0,0,0,0,0,0,0,0,0,0,0,128,[84 -64 4 0 0 0 0 0 0 0 0 0 11 0 12 0 12 1 12 2 12 2 12 2 12 2 12 3 11 3 12 4 12 3 11 3 11 4 11 4 10 4 11 4 11 4 11 4 11 4 10 4 10 5 10 4 10 3 10 4 10 4 10 3 0 0 10 3 10 3 11 3 10 3 11 3 11 3 11 2 11 3 11 2 11 3 11 2 11 3 11 2 11 2 12 1 12 2 12 2 12 1 12 1 12 1 12 1 13 1 13 2 13 2 13 2 13 1 0 0 0 0 0 0 0 0 0 0]"
"1769326781387858,CSI_DATA,STATION,00:00:00:00:00:00,0,0,0,0,0,0,0,0,0,0,0,0,0,0,0,0,0,0,0,0,0,128,[84 -64 4 0 0 0 0 0 0 0 0 0 5 16 5 17 4 17 3 18 3 17 3 18 2 17 2 17 1 17 1 17 1 18 0 17 1 17 0 17 -1 17 -1 16 -1 16 -1 16 -1 17 -1 17 -1 16 -1 16 -1 16 0 16 -1 16 0 16 0 0 0 16 0 15 0 16 0 16 0 16 1 17 0 16 1 16 1 16 1 16 2 16 2 16 2 16 2 17 1 16 2 18 3 17 3 17 3 17 3 17 3 18 3 18 4 18 4 18 3 18 4 18 0 0 0 0 0 0 0 0 0 0]"
"1769326781392219,CSI_DATA,STATION,00:00:00:00:00:00,0,0,0,0,0,0,0,0,0,0,0,0,0,0,0,0,0,0,0,0,0,128,[84 -64 4 0 0 0 0 0 0 0 0 0 11 -5 11 -4 11 -3 12 -3 12 -3 12 -3 12 -2 12 -2 12 -2 12 -1 12 -1 11 -1 12 -1 12 0 11 0 11 -1 11 -1 11 0 12 0 11 0 11 0 11 0 11 0 11 0 11 0 11 -1 0 0 11 -1 11 -1 11 -1 11 -2 12 0 11 -2 11 -2 11 -1 11 -1 11 -2 11 -2 12 -2 12 -2 12 -2 12 -2 12 -3 12 -2 12 -3 12 -4 12 -4 13 -3 13 -3 13 -3 12 -3 13 -4 12 -3 0 0 0 0 0 0 0 0 0 0]"
"1769326781396589,CSI_DATA,STATION,00:00:00:00:00:00,0,0,0,0,0,0,0,0,0,0,0,0,0,0,0,0,0,0,0,0,0,128,[84 -64 4 0 0 0 0 0 0 0 0 0 6 -11 7 -10 7 -11 8 -10 8 -10 8 -10 8 -10 9 -9 9 -9 9 -8 9 -9 9 -8 9 -8 9 -8 10 -8 9 -8 9 -8 8 -8 9 -7 9 -7 9 -7 9 -8 9 -7 8 -8 9 -7 9 -8 0 0 8 -8 9 -7 8 -8 8 -8 8 -8 9 -8 8 -8 7 -9 7 -9 7 -9 8 -9 8 -9 8 -9 8 -9 8 -10 8 -10 7 -10 7 -11 8 -10 8 -11 8 -10 7 -10 8 -11 8 -11 8 -11 8 -11 0 0 0 0 0 0 0 0 0 0]"
"1769326781403049,CSI_DATA,STATION,00:00:00:00:00:00,0,0,0,0,0,0,0,0,0,0,0,0,0,0,0,0,0,0,0,0,0,128,[84 -64 4 0 0 0 0 0 0 0 0 0 -2 11 -2 12 -3 12 -3 12 -3 12 -4 12 -4 12 -4 12 -4 11 -5 11 -5 12 -5 11 -5 10 -5 11 -5 10 -5 10 -5 10 -6 10 -5 11 -5 10 -5 10 -6 10 -5 10 -5 10 -5 10 -4 10 0 0 -4 10 -4 10 -3 11 -4 11 -4 11 -4 10 -4 11 -3 11 -3 11 -3 12 -3 11 -3 11 -3 11 -2 11 -3 12 -3 12 -2 12 -2 12 -1 12 -2 12 -1 12 -1 12 -2 13 -1 13 -2 13 -1 13 0 0 0 0 0 0 0 0 0 0]"
"1769326781407361,CSI_DATA,STATION,00:00:00:00:00:00,0,0,0,0,0,0,0,0,0,0,0,0,0,0,0,0,0,0,0,0,0,128,[84 -64 4 0 0 0 0 0 0 0 0 0 -8 -20 -7 -21 -7 -21 -6 -23 -5 -22 -4 -22 -3 -22 -3 -23 -2 -22 -2 -22 -3 -22 -2 -22 -2 -22 -2 -22 -1 -22 1 -21 0 -21 -1 -21 0 -22 1 -21 0 -20 1 -21 0 -19 -1 -21 0 -20 -1 -20 0 0 0 -20 -1 -20 -1 -21 -1 -20 -2 -21 -1 -21 -1 -20 -2 -20 -2 -20 -3 -20 -4 -21 -4 -20 -4 -21 -4 -21 -4 -21 -4 -22 -5 -22 -5 -22 -4 -22 -5 -22 -5 -22 -5 -22 -6 -23 -7 -23 -6 -22 -7 -23 0 0 0 0 0 0 0 0 0 0]"
"1769326781413846,CSI_DATA,STATION,00:00:00:00:00:00,0,0,0,0,0,0,0,0,0,0,0,0,0,0,0,0,0,0,0,0,0,128,[84 -64 4 0 0 0 0 0 0 0 0 0 16 -7 17 -7 17 -6 18 -5 18 -4 17 -5 17 -4 17 -4 17 -3 17 -3 18 -3 17 -2 17 -2 17 -2 17 -1 16 -1 17 -1 16 -1 17 -1 17 -1 16 0 16 -1 16 -2 16 -1 16 0 16 -2 0 0 16 -2 16 -1 16 -2 16 -3 16 -2 16 -2 16 -2 16 -3 16 -4 15 -4 16 -4 16 -4 16 -3 17 -4 16 -4 17 -5 17 -5 17 -6 17 -6 17 -6 17 -6 17 -5 18 -5 17 -6 17 -6 18 -7 0 0 0 0 0 0 0 0 0 0]"
"1769326781418169,CSI_DATA,STATION,00:00:00:00:00:00,0,0,0,0,0,0,0,0,0,0,0,0,0,0,0,0,0,0,0,0,0,128,[84 -64 4 0 0 0 0 0 0 0 0 0 6 17 5 17 5 17 4 18 3 17 3 17 3 17 2 18 2 18 1 18 1 18 1 17 1 17 0 17 0 17 -1 17 0 17 -1 16 0 17 0 17 -1 16 0 16 -1 16 0 16 0 16 0 16 0 0 0 16 0 16 1 16 1 16 1 16 1 16 1 16 2 16 2 16 2 16 2 16 2 16 3 17 3 17 2 17 3 17 4 17 4 17 4 17 4 17 4 18 4 18 4 18 5 18 4 18 4 18 0 0 0 0 0 0 0 0 0 0]"
"1769326781428834,CSI_DATA,STATION,00:00:00:00:00:00,0,0,0,0,0,0,0,0,0,0,0,0,0,0,0,0,0,0,0,0,0,128,[84 -64 4 0 0 0 0 0 0 0 0 0 14 -14 14 -13 15 -13 15 -12 16 -12 16 -12 17 -11 16 -11 17 -11 17 -10 17 -10 17 -10 17 -9 17 -9 16 -9 17 -9 17 -8 17 -9 16 -8 16 -8 16 -8 16 -8 16 -8 16 -8 15 -8 15 -9 0 0 16 -9 15 -9 15 -9 16 -10 15 -9 15 -9 15 -10 15 -10 15 -11 15 -11 14 -12 14 -11 15 -11 14 -11 15 -13 14 -13 16 -13 14 -13 14 -13 14 -14 15 -14 14 -14 15 -15 15 -15 14 -16 14 -15 0 0 0 0 0 0 0 0 0 0]"
"1769326781435330,CSI_DATA,STATION,00:00:00:00:00:00,0,0,0,0,0,0,0,0,0,0,0,0,0,0,0,0,0,0,0,0,0,128,[84 -64 4 0 0 0 0 0 0 0 0 0 6 -11 7 -11 7 -11 7 -10 8 -9 8 -10 8 -9 9 -9 9 -9 9 -9 9 -9 9 -9 9 -8 9 -8 9 -8 9 -8 9 -8 8 -8 9 -7 9 -7 9 -7 9 -7 8 -8 8 -8 8 -8 8 -8 0 0 8 -8 8 -8 8 -8 7 -8 8 -8 7 -8 8 -9 8 -9 8 -10 8 -10 7 -9 8 -10 7 -10 7 -10 7 -10 7 -11 7 -11 7 -11 7 -10 7 -11 7 -11 7 -11 7 -11 6 -11 7 -12 7 -12 0 0 0 0 0 0 0 0 0 0]"
"1769326781441897,CSI_DATA,STATION,00:00:00:00:00:00,0,0,0,0,0,0,0,0,0,0,0,0,0,0,0,0,0,0,0,0,0,128,[84 -64 4 0 0 0 0 0 0 0 0 0 5 10 5 11 5 11 5 11 4 11 4 12 3 12 3 12 2 12 3 12 2 11 2 11 2 11 2 11 1 12 2 11 2 11 1 11 2 12 1 11 2 11 1 11 1 11 2 11 1 11 1 11 0 0 1 11 2 11 2 11 2 10 2 11 3 11 3 11 3 11 2 11 3 11 3 10 3 11 3 12 4 12 3 11 4 12 4 11 5 12 4 11 4 11 5 12 5 12 5 11 5 11 5 12 5 12 0 0 0 0 0 0 0 0 0 0]"
"1769326781446113,CSI_DATA,STATION,00:00:00:00:00:00,0,0,0,0,0,0,0,0,0,0,0,0,0,0,0,0,0,0,0,0,0,128,[84 -64 4 0 0 0 0 0 0 0 0 0 -11 6 -11 6 -11 4 -12 5 -12 4 -12 4 -12 4 -12 4 -12 3 -12 3 -12 3 -12 3 -13 2 -12 2 -13 2 -12 2 -12 2 -12 1 -12 2 -12 1 -12 2 -12 1 -11 2 -12 1 -11 2 -12 3 0 0 -11 2 -12 2 -11 3 -11 3 -12 3 -11 3 -12 2 -11 3 -11 3 -12 3 -12 4 -12 3 -12 4 -12 4 -12 4 -12 5 -12 4 -12 5 -12 5 -12 6 -12 6 -12 6 -12 5 -12 5 -12 5 -13 6 0 0 0 0 0 0 0 0 0 0]"
"1769326781450350,CSI_DATA,STATION,00:00:00:00:00:00,0,0,0,0,0,0,0,0,0,0,0,0,0,0,0,0,0,0,0,0,0,128,[84 -64 4 0 0 0 0 0 0 0 0 0 10 -6 11 -5 12 -5 12 -5 12 -4 11 -4 11 -4 12 -3 12 -3 12 -3 12 -3 12 -3 12 -1 12 -2 11 -1 11 -2 11 -2 11 -1 12 -2 11 -2 11 -1 12 -1 11 -2 11 -2 11 -1 11 -2 0 0 11 -2 11 -2 10 -2 11 -3 11 -2 11 -2 11 -3 11 -3 11 -3 11 -3 11 -3 11 -3 12 -3 11 -4 11 -4 11 -4 11 -4 12 -4 12 -4 12 -5 12 -5 12 -4 13 -5 12 -5 13 -5 12 -5 0 0 0 0 0 0 0 0 0 0]"
"1769326781456706,CSI_DATA,STATION,00:00:00:00:00:00,0,0,0,0,0,0,0,0,0,0,0,0,0,0,0,0,0,0,0,0,0,128,[84 -64 4 0 0 0 0 0 0 0 0 0 11 -4 12 -4 12 -3 12 -3 12 -3 12 -2 11 -2 12 -1 12 -2 12 -1 12 -1 12 -1 12 0 11 0 12 0 11 0 11 1 11 1 11 0 12 1 11 0 11 0 11 0 11 0 11 0 11 -1 0 0 11 -1 11 -1 11 -1 11 -1 11 0 11 -1 11 -1 11 -1 11 -2 11 -2 11 -2 11 -2 12 -2 12 -2 12 -3 12 -3 12 -3 12 -3 12 -3 12 -3 12 -4 12 -4 12 -4 12 -3 12 -4 12 -4 0 0 0 0 0 0 0 0 0 0]"
"1769326781463174,CSI_DATA,STATION,00:00:00:00:00:00,0,0,0,0,0,0,0,0,0,0,0,0,0,0,0,0,0,0,0,0,0,128,[84 -64 4 0 0 0 0 0 0 0 0 0 -16 -9 -16 -9 -17 -10 -16 -11 -16 -12 -15 -11 -15 -11 -15 -11 -14 -12 -14 -13 -13 -13 -13 -13 -13 -14 -12 -13 -13 -13 -13 -13 -12 -12 -12 -13 -12 -13 -12 -13 -12 -13 -12 -13 -11 -12 -12 -13 -12 -12 -11 -12 0 0 -11 -12 -12 -12 -12 -12 -12 -12 -13 -12 -13 -12 -13 -11 -13 -12 -13 -11 -13 -10 -14 -11 -14 -11 -14 -11 -14 -11 -15 -11 -15 -11 -15 -12 -15 -11 -15 -10 -16 -10 -16 -11 -16 -11 -16 -11 -16 -12 -16 -11 -16 -10 0 0 0 0 0 0 0 0 0 0]"
"1769326781467485,CSI_DATA,STATION,00:00:00:00:00:00,0,0,0,0,0,0,0,0,0,0,0,0,0,0,0,0,0,0,0,0,0,128,[84 -64 4 0 0 0 0 0 0 0 0 0 -11 7 -11 7 -12 6 -12 6 -12 5 -11 5 -11 5 -12 5 -12 5 -13 4 -13 4 -12 4 -12 3 -12 4 -12 3 -12 3 -12 3 -12 3 -11 2 -12 3 -12 3 -12 3 -11 3 -12 3 -11 3 -11 3 0 0 -11 4 -12 4 -11 3 -11 4 -11 3 -11 4 -11 4 -11 5 -11 5 -11 5 -11 5 -11 5 -11 5 -11 5 -11 5 -11 6 -11 6 -11 6 -11 7 -11 7 -11 7 -12 6 -12 7 -11 7 -11 7 -12 7 0 0 0 0 0 0 0 0 0 0]"
"1769326781473970,CSI_DATA,STATION,00:00:00:00:00:00,0,0,0,0,0,0,0,0,0,0,0,0,0,0,0,0,0,0,0,0,0,128,[84 -64 4 0 0 0 0 0 0 0 0 0 -12 -5 -12 -6 -12 -6 -11 -7 -11 -7 -11 -8 -10 -7 -11 -8 -10 -9 -11 -9 -10 -8 -10 -8 -10 -9 -10 -8 -9 -10 -9 -9 -9 -9 -9 -8 -9 -9 -9 -9 -9 -9 -9 -9 -9 -8 -9 -8 -10 -8 -9 -8 0 0 -9 -9 -9 -8 -9 -8 -9 -7 -10 -8 -9 -8 -10 -7 -10 -8 -10 -8 -10 -7 -11 -7 -11 -7 -11 -7 -11 -8 -11 -7 -11 -7 -11 -8 -11 -7 -11 -7 -12 -7 -12 -8 -12 -8 -12 -8 -12 -7 -12 -7 -12 -7 0 0 0 0 0 0 0 0 0 0]"
"1769326781478295,CSI_DATA,STATION,00:00:00:00:00:00,0,0,0,0,0,0,0,0,0,0,0,0,0,0,0,0,0,0,0,0,0,128,[84 -64 4 0 0 0 0 0 0 0 0 0 19 -6 19 -5 20 -4 20 -4 20 -3 19 -3 19 -2 20 -3 19 -2 19 -1 20 -1 19 0 19 0 19 0 19 1 19 1 18 0 18 0 19 0 18 1 18 1 18 1 18 0 18 0 18 1 17 -1 0 0 18 -1 17 -1 18 -1 17 -2 18 -1 18 -1 18 -1 18 -3 18 -3 18 -4 17 -4 18 -4 18 -3 18 -4 18 -4 19 -5 19 -5 18 -6 18 -6 18 -6 19 -6 19 -6 20 -6 19 -7 19 -7 19 -7 0 0 0 0 0 0 0 0 0 0]"
"1769326781484811,CSI_DATA,STATION,00:00:00:00:00:00,0,0,0,0,0,0,0,0,0,0,0,0,0,0,0,0,0,0,0,0,0,128,[84 -64 4 0 0 0 0 0 0 0 0 0 -6 11 -6 10 -7 10 -8 10 -8 9 -9 10 -8 10 -8 10 -8 9 -10 9 -9 9 -9 9 -9 8 -9 8 -9 8 -9 8 -9 8 -9 8 -9 7 -10 7 -9 7 -9 7 -8 7 -9 8 -8 7 -9 8 0 0 -9 8 -9 7 -8 8 -9 7 -8 8 -8 8 -9 8 -9 8 -8 8 -8 9 -8 9 -8 9 -8 9 -8 10 -8 9 -8 10 -7 10 -8 10 -8 11 -9 10 -8 10 -8 10 -8 10 -8 11 -8 11 -8 11 0 0 0 0 0 0 0 0 0 0]"
"1769326781489173,CSI_DATA,STATION,00:00:00:00:00:00,0,0,0,0,0,0,0,0,0,0,0,0,0,0,0,0,0,0,0,0,0,128,[84 -64 4 0 0 0 0 0 0 0 0 0 5 -11 5 -12 5 -11 6 -11 6 -11 7 -11 7 -11 7 -11 7 -11 8 -10 7 -10 8 -10 8 -10 8 -10 8 -10 7 -9 8 -9 8 -10 7 -9 8 -9 7 -9 7 -9 7 -10 7 -9 7 -9 7 -10 0 0 6 -10 6 -9 6 -10 6 -10 7 -10 7 -10 6 -10 6 -11 6 -11 6 -11 5 -11 5 -11 5 -11 6 -11 5 -12 5 -12 5 -12 5 -12 5 -12 5 -13 5 -13 5 -12 5 -12 5 -13 5 -13 5 -13 0 0 0 0 0 0 0 0 0 0]"
"1769326781493512,CSI_DATA,STATION,00:00:00:00:00:00,0,0,0,0,0,0,0,0,0,0,0,0,0,0,0,0,0,0,0,0,0,128,[84 -64 4 0 0 0 0 0 0 0 0 0 -11 -7 -11 -8 -10 -8 -10 -9 -10 -9 -9 -9 -9 -9 -9 -10 -8 -10 -9 -10 -9 -10 -8 -11 -8 -10 -8 -10 -8 -10 -8 -10 -8 -10 -7 -9 -8 -10 -8 -10 -8 -10 -8 -10 -7 -9 -8 -10 -7 -10 -8 -9 0 0 -8 -9 -8 -9 -8 -9 -8 -9 -9 -9 -9 -9 -9 -9 -9 -9 -9 -8 -10 -8 -9 -8 -9 -9 -10 -9 -10 -8 -10 -8 -10 -8 -10 -8 -10 -8 -11 -8 -11 -8 -11 -8 -11 -8 -12 -8 -12 -8 -11 -8 -11 -8 0 0 0 0 0 0 0 0 0 0]"
"1769326781500007,CSI_DATA,STATION,00:00:00:00:00:00,0,0,0,0,0,0,0,0,0,0,0,0,0,0,0,0,0,0,0,0,0,128,[84 -64 4 0 0 0 0 0 0 0 0 0 9 15 8 15 8 16 8 16 7 16 6 16 6 16 5 17 5 17 4 17 5 17 4 17 5 16 4 17 3 17 3 17 3 16 3 16 3 16 3 16 3 16 3 16 3 16 4 15 3 16 3 15 0 0 4 16 4 15 4 15 4 15 4 15 4 16 5 15 5 15 5 15 5 15 6 15 6 15 6 15 7 15 6 15 7 16 8 16 7 15 7 16 7 15 8 16 8 16 8 17 9 16 9 16 9 16 0 0 0 0 0 0 0 0 0 0]"
"1769326781504311,CSI_DATA,STATION,00:00:00:00:00:00,0,0,0,0,0,0,0,0,0,0,0,0,0,0,0,0,0,0,0,0,0,128,[84 -64 4 0 0 0 0 0 0 0 0 0 9 7 9 7 10 8 9 8 8 8 8 8 8 9 8 9 8 10 8 10 7 9 7 9 7 9 7 9 7 10 6 9 6 9 6 9 6 9 7 9 6 9 6 9 6 9 6 9 6 9 7 9 0 0 6 9 7 9 7 8 7 9 8 8 7 8 8 8 8 8 8 8 7 8 8 8 8 8 8 9 8 8 8 8 9 8 9 9 9 8 9 8 9 8 9 8 10 8 10 8 10 8 10 8 10 9 0 0 0 0 0 0 0 0 0 0]"
"1769326781508626,CSI_DATA,STATION,00:00:00:00:00:00,0,0,0,0,0,0,0,0,0,0,0,0,0,0,0,0,0,0,0,0,0,128,[84 -64 4 0 0 0 0 0 0 0 0 0 -16 8 -17 8 -18 7 -18 6 -18 6 -18 6 -18 5 -18 4 -18 3 -18 4 -18 4 -18 4 -18 3 -18 3 -18 2 -18 2 -18 2 -17 2 -18 2 -17 1 -17 1 -17 1 -17 2 -17 2 -17 2 -17 3 0 0 -17 3 -16 2 -17 3 -17 3 -17 3 -17 3 -17 2 -17 3 -17 4 -16 4 -17 5 -17 5 -17 5 -17 5 -17 5 -18 6 -18 6 -17 6 -18 6 -17 6 -18 6 -18 6 -18 6 -18 7 -18 7 -18 8 0 0 0 0 0 0 0 0 0 0]"
"1769326781515121,CSI_DATA,STATION,00:00:00:00:00:00,0,0,0,0,0,0,0,0,0,0,0,0,0,0,0,0,0,0,0,0,0,128,[84 -64 4 0 0 0 0 0 0 0 0 0 0 -13 0 -13 1 -13 1 -13 2 -13 3 -13 2 -13 3 -13 3 -13 4 -12 4 -12 4 -12 4 -12 4 -12 4 -12 4 -11 4 -12 4 -12 4 -12 5 -11 4 -10 4 -11 4 -11 4 -11 4 -11 4 -12 0 0 3 -12 4 -11 3 -11 3 -11 4 -12 3 -11 3 -12 3 -12 2 -12 2 -12 2 -12 2 -12 2 -12 2 -12 2 -13 2 -13 2 -13 2 -13 2 -13 2 -14 2 -13 2 -13 1 -13 1 -14 1 -14 1 -14 0 0 0 0 0 0 0 0 0 0]"
"1769326781519436,CSI_DATA,STATION,00:00:00:00:00:00,0,0,0,0,0,0,0,0,0,0,0,0,0,0,0,0,0,0,0,0,0,128,[84 -64 4 0 0 0 0 0 0 0 0 0 -15 3 -16 3 -16 2 -15 1 -16 1 -16 1 -16 0 -17 -1 -16 -1 -16 -1 -16 -1 -15 -2 -16 -1 -16 -2 -16 -2 -15 -2 -15 -2 -15 -2 -16 -2 -15 -3 -14 -2 -15 -4 -15 -3 -15 -3 -14 -2 -15 -2 0 0 -14 -2 -14 -2 -15 -2 -14 -1 -15 -1 -15 -2 -15 -1 -15 -2 -14 -1 -14 0 -15 0 -16 0 -15 0 -15 0 -15 1 -16 0 -16 0 -16 0 -16 1 -16 1 -16 1 -16 0 -17 1 -18 1 -16 2 -17 3 0 0 0 0 0 0 0 0 0 0]"
"1769326781525905,CSI_DATA,STATION,00:00:00:00:00:00,0,0,0,0,0,0,0,0,0,0,0,0,0,0,0,0,0,0,0,0,0,128,[84 -64 4 0 0 0 0 0 0 0 0 0 -5 -11 -5 -12 -5 -12 -5 -12 -4 -12 -4 -13 -3 -12 -3 -13 -3 -12 -3 -13 -3 -13 -2 -12 -2 -12 -1 -12 -2 -12 -1 -12 -1 -12 -1 -13 -1 -12 -1 -12 -1 -12 -2 -12 -1 -11 -1 -12 -2 -12 -2 -12 0 0 -2 -11 -2 -11 -2 -12 -2 -11 -2 -12 -2 -11 -3 -12 -2 -12 -2 -12 -3 -12 -3 -12 -3 -12 -3 -12 -3 -13 -3 -13 -4 -12 -3 -12 -4 -13 -4 -13 -4 -13 -4 -13 -4 -13 -4 -13 -4 -13 -4 -13 -5 -13 0 0 0 0 0 0 0 0 0 0]"
"1769326781530201,CSI_DATA,STATION,00:00:00:00:00:00,0,0,0,0,0,0,0,0,0,0,0,0,0,0,0,0,0,0,0,0,0,128,[84 -64 4 0 0 0 0 0 0 0 0 0 7 10 7 9 7 10 7 11 6 10 6 11 5 10 5 11 4 11 4 11 4 11 4 11 4 11 4 11 4 11 4 11 3 11 3 11 3 11 3 11 3 10 3 10 3 11 3 10 4 10 3 10 0 0 4 10 4 10 4 10 4 10 4 10 5 10 5 10 5 10 5 10 5 10 5 10 5 10 5 10 6 10 6 10 6 10 6 10 6 10 6 10 6 10 7 11 7 10 7 10 7 11 7 11 7 11 0 0 0 0 0 0 0 0 0 0]"
"1769326781534497,CSI_DATA,STATION,00:00:00:00:00:00,0,0,0,0,0,0,0,0,0,0,0,0,0,0,0,0,0,0,0,0,0,128,[84 -64 4 0 0 0 0 0 0 0 0 0 3 -11 4 -11 4 -11 4 -10 5 -11 5 -11 5 -10 5 -10 6 -10 6 -10 5 -10 6 -10 6 -9 7 -9 6 -9 6 -9 6 -9 6 -10 6 -8 7 -8 6 -8 6 -9 6 -8 6 -9 6 -8 6 -9 0 0 5 -9 5 -8 5 -8 5 -9 5 -9 5 -9 5 -9 5 -9 5 -10 5 -10 5 -10 5 -10 5 -10 5 -10 4 -11 4 -11 4 -11 4 -11 4 -11 4 -11 4 -11 4 -11 4 -11 5 -11 5 -12 4 -12 0 0 0 0 0 0 0 0 0 0]"
"1769326781541101,CSI_DATA,STATION,00:00:00:00:00:00,0,0,0,0,0,0,0,0,0,0,0,0,0,0,0,0,0,0,0,0,0,128,[84 -64 4 0 0 0 0 0 0 0 0 0 8 8 8 9 8 10 8 9 8 9 7 9 7 10 6 10 6 11 7 11 6 10 5 10 5 11 6 10 5 10 5 10 5 10 5 10 5 10 5 10 5 10 5 9 5 10 5 9 6 9 5 9 0 0 5 10 6 10 6 9 6 10 6 9 6 9 7 9 7 9 6 9 6 9 7 9 8 9 7 9 7 9 8 9 7 9 8 9 8 9 8 9 8 9 8 9 9 9 8 10 9 9 9 9 9 9 0 0 0 0 0 0 0 0 0 0]"
"1769326781545351,CSI_DATA,STATION,00:00:00:00:00:00,0,0,0,0,0,0,0,0,0,0,0,0,0,0,0,0,0,0,0,0,0,128,[84 -64 4 0 0 0 0 0 0 0 0 0 9 -8 9 -8 9 -8 10 -8 11 -7 11 -7 10 -7 11 -6 11 -6 11 -6 10 -6 11 -5 11 -5 11 -5 11 -5 10 -5 11 -5 10 -4 11 -4 11 -4 11 -5 10 -5 10 -5 10 -4 10 -5 10 -5 0 0 10 -6 10 -5 10 -5 10 -6 10 -5 10 -6 10 -5 10 -6 9 -6 10 -7 10 -7 10 -7 10 -6 10 -7 10 -8 10 -7 10 -8 10 -9 10 -8 10 -8 10 -8 10 -8 10 -8 10 -9 10 -9 10 -9 0 0 0 0 0 0 0 0 0 0]"
"1769326781549592,CSI_DATA,STATION,00:00:00:00:00:00,0,0,0,0,0,0,0,0,0,0,0,0,0,0,0,0,0,0,0,0,0,128,[84 -64 4 0 0 0 0 0 0 0 0 0 5 -11 5 -11 6 -11 6 -11 7 -11 7 -11 6 -11 7 -11 7 -11 8 -10 7 -10 8 -10 8 -10 7 -10 8 -10 8 -9 8 -9 7 -9 8 -9 8 -9 8 -9 8 -9 7 -9 7 -9 7 -9 7 -10 0 0 7 -10 7 -9 6 -9 7 -9 6 -10 7 -10 6 -10 6 -10 6 -11 6 -11 6 -11 6 -11 6 -11 6 -10 6 -11 6 -11 6 -12 5 -12 6 -12 5 -12 5 -12 6 -12 6 -12 5 -12 5 -13 6 -13 0 0 0 0 0 0 0 0 0 0]"
"1769326781555999,CSI_DATA,STATION,00:00:00:00:00:00,0,0,0,0,0,0,0,0,0,0,0,0,0,0,0,0,0,0,0,0,0,128,[84 -64 4 0 0 0 0 0 0 0 0 0 10 5 10 6 10 6 11 6 10 7 9 8 9 7 9 8 8 8 8 9 8 7 8 9 9 8 8 8 8 9 8 8 7 8 7 8 7 8 7 8 8 8 7 8 7 8 7 8 7 8 7 7 0 0 7 7 8 7 7 7 7 7 8 7 8 7 8 7 9 7 8 7 8 6 9 6 9 7 9 7 9 7 9 7 9 7 10 7 10 6 10 6 10 6 10 6 10 7 10 7 11 6 11 7 10 6 0 0 0 0 0 0 0 0 0 0]"
"1769326781560246,CSI_DATA,STATION,00:00:00:00:00:00,0,0,0,0,0,0,0,0,0,0,0,0,0,0,0,0,0,0,0,0,0,128,[84 -64 4 0 0 0 0 0 0 0 0 0 -7 -10 -7 -11 -6 -11 -7 -12 -6 -12 -6 -12 -5 -12 -5 -12 -5 -13 -5 -13 -4 -12 -4 -12 -4 -12 -4 -12 -4 -13 -3 -12 -4 -12 -3 -11 -4 -12 -4 -12 -3 -11 -4 -12 -4 -11 -4 -11 -4 -11 -4 -12 0 0 -4 -11 -4 -11 -5 -12 -5 -11 -5 -12 -5 -11 -4 -11 -5 -11 -5 -11 -5 -11 -6 -11 -6 -11 -6 -11 -6 -11 -6 -12 -7 -12 -7 -12 -7 -12 -7 -11 -7 -12 -7 -11 -7 -12 -7 -12 -8 -12 -8 -12 -8 -12 0 0 0 0 0 0 0 0 0 0]"
"1769326781566739,CSI_DATA,STATION,00:00:00:00:00:00,0,0,0,0,0,0,0,0,0,0,0,0,0,0,0,0,0,0,0,0,0,128,[84 -64 4 0 0 0 0 0 0 0 0 0 4 10 3 10 2 11 3 11 2 11 1 10 1 11 1 11 1 11 1 11 0 10 0 11 0 11 0 10 0 11 0 11 0 10 0 10 0 10 0 10 0 10 0 10 0 10 0 10 0 10 0 10 0 0 0 10 1 10 1 10 1 10 1 10 2 10 2 10 2 10 2 10 2 10 3 10 3 10 3 11 3 10 2 11 3 10 3 10 3 11 3 10 3 11 4 11 4 11 4 11 4 11 4 11 4 11 0 0 0 0 0 0 0 0 0 0]"
"1769326781571063,CSI_DATA,STATION,00:00:00:00:00:00,0,0,0,0,0,0,0,0,0,0,0,0,0,0,0,0,0,0,0,0,0,128,[84 -64 4 0 0 0 0 0 0 0 0 0 -11 6 -11 5 -12 5 -12 4 -12 4 -12 5 -12 4 -12 3 -12 3 -13 3 -12 3 -12 3 -13 2 -12 3 -13 2 -12 3 -12 2 -11 2 -12 2 -12 2 -12 2 -12 2 -11 2 -12 2 -12 2 -12 3 0 0 -11 3 -12 3 -11 3 -11 3 -12 3 -11 3 -12 3 -11 4 -11 4 -11 4 -11 5 -12 4 -12 4 -11 4 -12 5 -12 6 -11 5 -11 6 -12 6 -12 6 -12 6 -12 6 -12 6 -12 6 -12 6 -12 6 0 0 0 0 0 0 0 0 0 0]"
"1769326781577566,CSI_DATA,STATION,00:00:00:00:00:00,0,0,0,0,0,0,0,0,0,0,0,0,0,0,0,0,0,0,0,0,0,128,[84 -64 4 0 0 0 0 0 0 0 0 0 0 -13 1 -13 1 -12 2 -13 2 -13 3 -13 3 -13 3 -12 3 -12 3 -12 4 -13 4 -12 4 -13 4 -11 4 -11 3 -11 4 -12 5 -12 4 -11 4 -11 4 -11 4 -11 4 -11 3 -11 3 -11 4 -11 0 0 3 -11 3 -11 3 -11 2 -11 3 -12 3 -11 2 -12 2 -12 3 -12 2 -12 2 -12 2 -12 2 -12 2 -13 2 -13 1 -13 1 -13 1 -13 1 -13 1 -14 1 -14 1 -13 1 -13 1 -14 1 -14 0 -14 0 0 0 0 0 0 0 0 0 0]"
"1769326781581879,CSI_DATA,STATION,00:00:00:00:00:00,0,0,0,0,0,0,0,0,0,0,0,0,0,0,0,0,0,0,0,0,0,128,[84 -64 4 0 0 0 0 0 0 0 0 0 7 -10 8 -10 8 -9 8 -8 9 -9 9 -9 8 -9 9 -8 9 -8 9 -8 10 -8 10 -7 9 -7 9 -7 10 -6 10 -7 10 -8 9 -7 9 -7 10 -6 9 -7 9 -7 9 -7 9 -6 9 -6 9 -7 0 0 9 -8 8 -7 9 -7 8 -7 8 -8 9 -8 8 -8 9 -8 8 -9 8 -8 8 -9 9 -9 8 -8 8 -9 8 -10 8 -10 8 -10 8 -10 8 -10 8 -11 8 -10 8 -10 8 -10 8 -11 8 -11 8 -11 0 0 0 0 0 0 0 0 0 0]"
"1769326781586208,CSI_DATA,STATION,00:00:00:00:00:00,0,0,0,0,0,0,0,0,0,0,0,0,0,0,0,0,0,0,0,0,0,128,[84 -64 4 0 0 0 0 0 0 0 0 0 -10 15 -11 15 -11 14 -12 14 -11 14 -12 14 -12 13 -13 13 -13 12 -13 12 -13 12 -13 12 -13 12 -14 11 -14 11 -13 11 -14 11 -13 10 -13 10 -13 10 -13 10 -13 10 -12 10 -13 10 -13 11 -13 11 0 0 -13 11 -12 11 -12 11 -12 11 -12 11 -12 11 -11 12 -11 11 -12 12 -11 12 -11 13 -11 13 -11 13 -11 14 -11 13 -11 15 -10 13 -11 14 -10 15 -10 15 -10 15 -11 15 -10 15 -10 15 -10 16 -10 16 0 0 0 0 0 0 0 0 0 0]"
"1769326781592687,CSI_DATA,STATION,00:00:00:00:00:00,0,0,0,0,0,0,0,0,0,0,0,0,0,0,0,0,0,0,0,0,0,128,[84 -64 4 0 0 0 0 0 0 0 0 0 7 10 6 10 6 10 6 11 5 11 5 11 4 11 4 11 4 11 3 11 3 11 3 12 3 11 3 11 3 12 3 11 3 10 2 10 3 11 3 11 2 11 3 10 2 11 4 10 3 10 3 10 0 0 3 10 4 10 3 10 4 10 4 10 5 10 4 10 4 10 4 10 4 11 5 10 5 11 5 10 5 11 6 10 6 10 6 10 6 10 6 10 6 10 7 11 7 10 7 11 7 10 7 11 7 11 0 0 0 0 0 0 0 0 0 0]"
"1769326781597055,CSI_DATA,STATION,00:00:00:00:00:00,0,0,0,0,0,0,0,0,0,0,0,0,0,0,0,0,0,0,0,0,0,128,[84 -64 4 0 0 0 0 0 0 0 0 0 -16 8 -16 7 -17 7 -18 6 -18 5 -17 6 -17 5 -18 4 -17 4 -18 4 -17 4 -17 4 -17 3 -17 3 -17 2 -17 2 -17 2 -17 2 -17 2 -17 2 -17 2 -17 1 -16 2 -16 2 -17 1 -16 3 0 0 -16 3 -16 2 -16 3 -16 3 -16 3 -16 3 -16 3 -16 4 -16 4 -16 5 -16 5 -16 4 -17 5 -16 5 -16 5 -17 6 -17 6 -16 6 -17 6 -17 6 -17 7 -17 6 -18 7 -17 7 -17 7 -17 7 0 0 0 0 0 0 0 0 0 0]"
"1769326781607795,CSI_DATA,STATION,00:00:00:00:00:00,0,0,0,0,0,0,0,0,0,0,0,0,0,0,0,0,0,0,0,0,0,128,[84 -64 4 0 0 0 0 0 0 0 0 0 -13 -1 -13 -2 -13 -2 -13 -3 -13 -3 -13 -3 -12 -3 -13 -4 -12 -4 -13 -4 -12 -4 -12 -4 -12 -5 -12 -4 -12 -5 -12 -5 -11 -5 -12 -4 -12 -4 -12 -5 -12 -5 -11 -4 -11 -4 -12 -4 -11 -4 -11 -4 0 0 -11 -4 -11 -4 -12 -3 -11 -3 -12 -3 -12 -3 -12 -4 -12 -3 -12 -3 -12 -2 -12 -2 -13 -2 -12 -2 -13 -2 -13 -2 -13 -2 -13 -2 -13 -2 -13 -1 -13 -1 -14 -1 -14 -1 -14 -1 -14 -1 -14 -1 -14 -1 0 0 0 0 0 0 0 0 0 0]"
"1769326781614303,CSI_DATA,STATION,00:00:00:00:00:00,0,0,0,0,0,0,0,0,0,0,0,0,0,0,0,0,0,0,0,0,0,128,[84 -64 4 0 0 0 0 0 0 0 0 0 -10 9 -10 8 -10 8 -11 8 -11 7 -11 7 -11 8 -11 7 -11 6 -11 6 -11 6 -11 6 -11 5 -11 5 -12 5 -10 4 -11 5 -11 4 -11 5 -11 4 -12 4 -11 4 -11 5 -11 4 -11 5 -11 6 0 0 -11 6 -11 5 -11 5 -10 5 -10 5 -10 6 -11 6 -11 6 -10 6 -10 7 -10 7 -10 6 -10 6 -11 7 -10 7 -11 7 -10 7 -10 8 -11 8 -10 8 -11 8 -11 8 -10 8 -10 8 -11 9 -11 9 0 0 0 0 0 0 0 0 0 0]"
"1769326781620777,CSI_DATA,STATION,00:00:00:00:00:00,0,0,0,0,0,0,0,0,0,0,0,0,0,0,0,0,0,0,0,0,0,128,[84 -64 4 0 0 0 0 0 0 0 0 0 -11 -20 -10 -20 -10 -21 -10 -22 -8 -22 -8 -22 -8 -22 -7 -22 -7 -22 -6 -22 -5 -22 -4 -22 -5 -22 -4 -21 -4 -21 -3 -21 -4 -21 -4 -20 -4 -21 -4 -21 -4 -20 -4 -20 -4 -20 -4 -20 -3 -20 -4 -20 0 0 -4 -20 -5 -20 -5 -20 -5 -19 -6 -20 -6 -21 -6 -20 -7 -20 -7 -20 -7 -19 -7 -20 -7 -20 -7 -20 -8 -20 -8 -20 -9 -21 -9 -21 -9 -21 -10 -20 -10 -20 -10 -20 -10 -20 -10 -21 -11 -22 -10 -21 -11 -21 0 0 0 0 0 0 0 0 0 0]"
"1769326781625127,CSI_DATA,STATION,00:00:00:00:00:00,0,0,0,0,0,0,0,0,0,0,0,0,0,0,0,0,0,0,0,0,0,128,[84 -64 4 0 0 0 0 0 0 0 0 0 10 -5 11 -5 11 -4 12 -4 12 -4 12 -3 12 -3 11 -2 12 -3 12 -2 11 -3 11 -2 12 -2 12 -1 12 -1 11 -1 11 -1 11 -1 11 -1 11 -1 11 -1 11 -1 11 -1 11 -1 11 -2 11 -1 0 0 11 -2 10 -2 11 -2 11 -2 11 -1 11 -2 11 -2 11 -2 11 -2 11 -3 11 -3 12 -3 12 -3 11 -4 11 -3 11 -4 11 -4 11 -4 12 -4 12 -4 12 -4 12 -4 12 -4 12 -4 12 -5 12 -5 0 0 0 0 0 0 0 0 0 0]"
"1769326781631623,CSI_DATA,STATION,00:00:00:00:00:00,0,0,0,0,0,0,0,0,0,0,0,0,0,0,0,0,0,0,0,0,0,128,[84 -64 4 0 0 0 0 0 0 0 0 0 -5 11 -4 11 -5 11 -5 11 -6 11 -6 11 -6 10 -7 11 -6 10 -8 10 -7 10 -7 10 -7 9 -8 9 -8 9 -8 9 -7 9 -7 9 -7 9 -7 9 -7 8 -7 9 -7 9 -7 9 -7 8 -7 9 0 0 -6 10 -7 9 -6 9 -6 10 -6 9 -6 9 -6 9 -5 10 -6 10 -6 10 -5 10 -6 10 -6 10 -6 11 -5 10 -5 11 -5 11 -6 11 -5 12 -5 12 -5 12 -5 12 -5 11 -5 11 -5 12 -5 12 0 0 0 0 0 0 0 0 0 0]"
"1769326781635960,CSI_DATA,STATION,00:00:00:00:00:00,0,0,0,0,0,0,0,0,0,0,0,0,0,0,0,0,0,0,0,0,0,128,[84 -64 4 0 0 0 0 0 0 0 0 0 -14 -15 -13 -16 -13 -16 -13 -17 -12 -17 -12 -16 -11 -17 -10 -17 -10 -18 -10 -18 -10 -18 -9 -18 -9 -19 -9 -18 -9 -18 -8 -17 -8 -18 -8 -17 -8 -18 -8 -17 -9 -17 -8 -17 -8 -16 -8 -17 -8 -17 -8 -16 0 0 -9 -17 -9 -16 -9 -16 -9 -16 -10 -16 -9 -16 -10 -16 -10 -16 -11 -16 -10 -15 -11 -15 -12 -16 -11 -16 -12 -16 -12 -15 -12 -16 -13 -16 -12 -15 -13 -15 -13 -15 -14 -16 -14 -16 -14 -16 -15 -16 -15 -16 -15 -15 0 0 0 0 0 0 0 0 0 0]"
"1769326781642592,CSI_DATA,STATION,00:00:00:00:00:00,0,0,0,0,0,0,0,0,0,0,0,0,0,0,0,0,0,0,0,0,0,128,[84 -64 4 0 0 0 0 0 0 0 0 0 9 -8 10 -7 10 -7 10 -6 11 -6 11 -6 10 -5 11 -5 11 -5 11 -5 11 -5 11 -5 11 -5 10 -4 11 -4 11 -4 10 -4 11 -3 11 -3 11 -3 11 -3 10 -3 11 -4 11 -4 10 -4 10 -5 0 0 10 -5 10 -4 10 -5 10 -5 10 -5 10 -5 10 -5 10 -5 10 -6 10 -6 10 -6 10 -6 10 -6 10 -6 10 -6 11 -6 10 -7 11 -7 11 -7 11 -7 11 -7 11 -7 11 -7 10 -8 11 -8 11 -8 0 0 0 0 0 0 0 0 0 0]"
"1769326781646846,CSI_DATA,STATION,00:00:00:00:00:00,0,0,0,0,0,0,0,0,0,0,0,0,0,0,0,0,0,0,0,0,0,128,[84 -64 4 0 0 0 0 0 0 0 0 0 -17 -6 -17 -7 -17 -7 -18 -9 -17 -9 -17 -9 -16 -9 -16 -9 -15 -10 -16 -10 -16 -10 -15 -10 -15 -11 -15 -11 -15 -11 -14 -10 -14 -10 -14 -10 -14 -11 -14 -11 -14 -11 -14 -11 -13 -10 -14 -11 -14 -10 -14 -10 0 0 -14 -10 -14 -9 -14 -10 -14 -9 -15 -9 -15 -9 -15 -9 -15 -9 -15 -9 -15 -8 -16 -8 -16 -8 -16 -8 -17 -8 -16 -8 -17 -7 -16 -8 -17 -7 -17 -7 -17 -7 -18 -7 -18 -8 -18 -7 -18 -7 -18 -6 -18 -6 0 0 0 0 0 0 0 0 0 0]"
"1769326781651107,CSI_DATA,STATION,00:00:00:00:00:00,0,0,0,0,0,0,0,0,0,0,0,0,0,0,0,0,0,0,0,0,0,128,[84 -64 4 0 0 0 0 0 0 0 0 0 0 12 0 12 -1 12 -1 12 -2 12 -2 12 -3 11 -2 12 -3 12 -3 12 -4 12 -4 11 -4 12 -4 12 -4 11 -4 11 -4 11 -4 11 -4 11 -4 11 -4 10 -4 11 -4 11 -4 11 -3 10 -3 11 0 0 -4 11 -3 11 -3 10 -3 10 -3 11 -2 11 -3 11 -2 11 -2 11 -2 11 -2 12 -2 12 -1 12 -1 12 -2 12 -1 12 -1 12 -1 12 0 12 -1 13 -1 13 -1 13 -1 13 0 13 -1 13 0 12 0 0 0 0 0 0 0 0 0 0]"
"1769326781657485,CSI_DATA,STATION,00:00:00:00:00:00,0,0,0,0,0,0,0,0,0,0,0,0,0,0,0,0,0,0,0,0,0,128,[84 -64 4 0 0 0 0 0 0 0 0 0 2 11 1 12 0 12 0 12 0 12 0 12 -1 12 -1 13 -1 12 -2 12 -1 12 -1 12 -3 11 -2 12 -3 11 -3 11 -3 11 -2 12 -2 11 -3 10 -2 11 -2 11 -2 11 -2 11 -2 11 -2 11 0 0 -2 11 -1 11 -1 11 -1 11 -1 11 -1 11 -1 11 0 11 -1 11 -1 11 0 12 0 12 0 12 0 12 -1 11 0 12 1 12 0 12 1 13 0 12 1 13 1 12 1 13 1 12 1 13 2 13 0 0 0 0 0 0 0 0 0 0]"
"1769326781661742,CSI_DATA,STATION,00:00:00:00:00:00,0,0,0,0,0,0,0,0,0,0,0,0,0,0,0,0,0,0,0,0,0,128,[84 -64 4 0 0 0 0 0 0 0 0 0 6 10 5 11 6 10 5 11 5 10 5 11 4 11 4 11 4 11 4 11 4 11 3 11 3 11 4 11 3 12 3 11 2 10 2 11 3 11 3 11 3 11 2 10 3 10 3 11 4 10 3 11 0 0 3 10 3 10 3 11 3 10 4 10 4 10 5 10 4 10 4 10 5 10 5 10 5 11 5 10 5 10 5 10 6 10 6 10 6 11 6 10 6 11 7 11 7 10 7 10 6 10 7 11 7 11 0 0 0 0 0 0 0 0 0 0]"
"1769326781668277,CSI_DATA,STATION,00:00:00:00:00:00,0,0,0,0,0,0,0,0,0,0,0,0,0,0,0,0,0,0,0,0,0,128,[84 -64 4 0 0 0 0 0 0 0 0 0 8 8 8 8 8 9 7 9 8 10 7 9 7 9 6 10 7 10 7 11 6 9 5 10 6 10 5 11 5 10 5 10 5 10 5 10 5 10 5 10 5 10 5 10 6 10 5 9 5 9 5 10 0 0 5 9 6 10 6 9 6 9 6 9 6 9 6 9 7 9 7 9 7 9 7 8 7 9 7 10 7 8 7 9 8 9 9 9 8 8 8 8 8 9 9 8 8 9 9 9 9 9 9 9 9 9 0 0 0 0 0 0 0 0 0 0]"
"1769326781672632,CSI_DATA,STATION,00:00:00:00:00:00,0,0,0,0,0,0,0,0,0,0,0,0,0,0,0,0,0,0,0,0,0,128,[84 -64 4 0 0 0 0 0 0 0 0 0 8 6 8 6 8 7 7 7 8 8 7 8 7 8 6 8 7 8 6 9 6 8 6 8 6 8 5 8 5 9 5 8 5 9 5 8 5 8 5 8 6 8 5 8 5 8 5 8 6 8 5 8 0 0 5 8 5 8 6 7 5 7 6 7 6 8 6 7 7 8 6 7 7 7 7 7 7 7 7 8 7 7 7 7 7 7 8 7 8 7 8 7 8 7 8 7 8 7 9 7 8 7 9 7 9 7 0 0 0 0 0 0 0 0 0 0]"
"1769326781677004,CSI_DATA,STATION,00:00:00:00:00:00,0,0,0,0,0,0,0,0,0,0,0,0,0,0,0,0,0,0,0,0,0,128,[84 -64 4 0 0 0 0 0 0 0 0 0 -11 5 -11 5 -12 4 -11 4 -12 3 -12 3 -12 3 -12 3 -12 2 -13 2 -13 2 -13 2 -12 1 -12 1 -12 1 -12 2 -12 2 -11 1 -13 1 -12 1 -12 1 -11 1 -11 1 -12 1 -12 1 -11 2 0 0 -11 2 -11 2 -12 2 -11 2 -12 2 -12 2 -11 2 -12 3 -11 3 -11 4 -12 4 -12 3 -11 4 -12 4 -11 4 -12 5 -12 4 -12 5 -12 5 -12 5 -12 6 -12 5 -12 5 -12 6 -12 6 -12 6 0 0 0 0 0 0 0 0 0 0]"
"1769326781683505,CSI_DATA,STATION,00:00:00:00:00:00,0,0,0,0,0,0,0,0,0,0,0,0,0,0,0,0,0,0,0,0,0,128,[84 -64 4 0 0 0 0 0 0 0 0 0 -12 2 -13 1 -13 0 -13 0 -12 -1 -14 -1 -13 -1 -13 -1 -12 -1 -13 -2 -12 -2 -12 -2 -12 -2 -12 -3 -12 -2 -12 -2 -12 -3 -12 -3 -12 -3 -12 -3 -12 -3 -11 -3 -11 -2 -12 -3 -12 -2 -12 -2 0 0 -11 -1 -11 -1 -12 -1 -11 -1 -12 -1 -12 -1 -12 -1 -12 0 -12 0 -12 -1 -12 0 -13 0 -12 0 -13 0 -13 1 -13 1 -13 1 -13 1 -13 2 -13 1 -13 1 -13 1 -14 1 -14 1 -14 2 -13 1 0 0 0 0 0 0 0 0 0 0]"
"1769326781687835,CSI_DATA,STATION,00:00:00:00:00:00,0,0,0,0,0,0,0,0,0,0,0,0,0,0,0,0,0,0,0,0,0,128,[84 -64 4 0 0 0 0 0 0 0 0 0 0 17 0 17 -1 17 -2 18 -2 17 -3 18 -3 17 -4 18 -4 17 -4 17 -4 17 -5 16 -5 16 -5 16 -5 16 -6 16 -5 15 -5 16 -5 16 -5 16 -5 15 -5 15 -5 15 -5 15 -4 15 -4 15 0 0 -4 15 -3 15 -3 15 -3 16 -3 16 -3 16 -3 16 -2 16 -3 16 -2 16 -2 16 -1 16 -1 16 -1 17 -2 17 -1 17 -1 17 -1 17 -1 18 0 18 0 18 0 18 0 18 1 18 1 18 1 18 0 0 0 0 0 0 0 0 0 0]"
"1769326781692208,CSI_DATA,STATION,00:00:00:00:00:00,0,0,0,0,0,0,0,0,0,0,0,0,0,0,0,0,0,0,0,0,0,128,[84 -64 4 0 0 0 0 0 0 0 0 0 12 -2 11 -2 12 -2 11 -1 12 -1 12 0 12 -1 12 0 11 0 12 1 12 1 11 1 12 1 11 1 11 1 11 1 11 1 11 2 11 1 11 1 10 2 11 2 10 1 11 1 11 1 11 1 0 0 10 1 11 0 11 1 11 0 11 1 11 0 11 1 11 0 11 0 10 0 11 0 11 0 12 0 12 -1 12 -1 12 -1 12 -1 12 -2 12 -1 11 -2 12 -2 12 -1 13 -2 12 -1 12 -2 13 -1 0 0 0 0 0 0 0 0 0 0]"
"1769326781698735,CSI_DATA,STATION,00:00:00:00:00:00,0,0,0,0,0,0,0,0,0,0,0,0,0,0,0,0,0,0,0,0,0,128,[84 -64 4 0 0 0 0 0 0 0 0 0 -1 12 -1 12 -2 12 -2 12 -3 11 -3 11 -3 12 -3 12 -3 12 -4 11 -4 12 -4 11 -4 11 -4 11 -4 10 -5 11 -5 11 -4 11 -5 10 -5 10 -5 10 -5 10 -4 10 -4 10 -4 10 -4 11 0 0 -5 11 -4 10 -3 10 -3 10 -4 11 -4 10 -3 10 -3 10 -3 11 -3 11 -3 12 -3 11 -3 11 -3 11 -3 11 -2 12 -2 12 -3 12 -2 12 -2 12 -3 13 -2 12 -3 13 -2 13 -2 13 -2 13 0 0 0 0 0 0 0 0 0 0]"
"1769326781703081,CSI_DATA,STATION,00:00:00:00:00:00,0,0,0,0,0,0,0,0,0,0,0,0,0,0,0,0,0,0,0,0,0,128,[84 -64 4 0 0 0 0 0 0 0 0 0 -7 10 -8 10 -8 9 -8 9 -9 9 -9 9 -9 8 -9 8 -9 8 -10 8 -9 8 -10 7 -10 7 -10 7 -10 7 -10 7 -10 7 -9 7 -10 6 -10 6 -9 6 -10 6 -9 7 -9 6 -9 6 -9 7 0 0 -10 7 -9 7 -9 7 -9 7 -9 7 -9 7 -9 7 -9 8 -9 8 -9 8 -9 8 -9 8 -9 8 -9 8 -9 8 -9 9 -8 9 -9 9 -9 9 -9 10 -9 9 -9 10 -9 9 -9 10 -9 10 -9 10 0 0 0 0 0 0 0 0 0 0]"
"1769326781709593,CSI_DATA,STATION,00:00:00:00:00:00,0,0,0,0,0,0,0,0,0,0,0,0,0,0,0,0,0,0,0,0,0,128,[84 -64 4 0 0 0 0 0 0 0 0 0 -12 -5 -12 -6 -12 -6 -12 -6 -12 -6 -12 -6 -11 -7 -11 -7 -10 -7 -11 -8 -11 -7 -10 -8 -11 -8 -11 -8 -10 -8 -10 -7 -10 -7 -10 -8 -10 -8 -10 -8 -9 -7 -9 -8 -9 -7 -10 -8 -9 -7 -10 -7 0 0 -10 -6 -10 -7 -10 -6 -10 -6 -11 -7 -10 -6 -11 -6 -11 -6 -10 -6 -11 -5 -11 -5 -12 -6 -11 -5 -11 -5 -12 -5 -12 -5 -13 -6 -12 -5 -12 -4 -13 -5 -12 -5 -13 -5 -13 -5 -13 -5 -13 -4 -14 -4 0 0 0 0 0 0 0 0 0 0]"
"1769326781713918,CSI_DATA,STATION,00:00:00:00:00:00,0,0,0,0,0,0,0,0,0,0,0,0,0,0,0,0,0,0,0,0,0,128,[84 -64 4 0 0 0 0 0 0 0 0 0 -13 -2 -13 -2 -13 -3 -13 -3 -13 -4 -12 -4 -12 -4 -12 -5 -12 -4 -12 -5 -12 -4 -11 -5 -11 -6 -11 -6 -11 -6 -11 -5 -11 -6 -11 -6 -12 -6 -11 -6 -11 -6 -11 -6 -11 -6 -11 -6 -11 -6 -11 -5 0 0 -11 -5 -11 -5 -11 -5 -11 -4 -11 -5 -11 -4 -11 -4 -11 -4 -11 -4 -11 -4 -12 -4 -12 -4 -12 -3 -12 -4 -12 -3 -13 -3 -13 -4 -13 -3 -13 -3 -13 -3 -13 -3 -13 -4 -13 -3 -14 -3 -14 -3 -14 -2 0 0 0 0 0 0 0 0 0 0]"
"1769326781718294,CSI_DATA,STATION,00:00:00:00:00:00,0,0,0,0,0,0,0,0,0,0,0,0,0,0,0,0,0,0,0,0,0,128,[84 -64 4 0 0 0 0 0 0 0 0 0 -5 11 -6 11 -6 11 -7 10 -7 10 -7 10 -8 10 -8 10 -7 9 -8 9 -8 9 -8 9 -8 9 -8 9 -9 8 -9 9 -9 9 -8 9 -9 8 -8 8 -8 8 -8 8 -8 9 -7 8 -8 8 -8 8 0 0 -8 9 -8 8 -7 9 -7 8 -7 9 -7 9 -7 8 -7 9 -7 9 -7 9 -7 10 -7 10 -7 9 -7 10 -7 10 -7 10 -7 10 -7 11 -7 11 -7 10 -7 11 -7 11 -7 11 -6 11 -6 11 -6 12 0 0 0 0 0 0 0 0 0 0]"
"1769326781724779,CSI_DATA,STATION,00:00:00:00:00:00,0,0,0,0,0,0,0,0,0,0,0,0,0,0,0,0,0,0,0,0,0,128,[84 -64 4 0 0 0 0 0 0 0 0 0 -9 -8 -10 -8 -10 -9 -10 -9 -10 -10 -9 -10 -9 -10 -8 -10 -9 -10 -9 -11 -8 -11 -7 -11 -8 -11 -7 -10 -7 -11 -7 -11 -7 -10 -7 -10 -7 -10 -8 -10 -7 -10 -7 -10 -7 -10 -7 -10 -7 -10 -7 -10 0 0 -7 -10 -8 -10 -8 -9 -7 -9 -8 -9 -8 -9 -8 -9 -9 -9 -9 -9 -9 -9 -9 -9 -9 -9 -9 -9 -9 -9 -9 -9 -10 -8 -11 -9 -10 -9 -10 -8 -10 -8 -11 -9 -11 -8 -11 -9 -11 -9 -11 -9 -11 -8 0 0 0 0 0 0 0 0 0 0]"
"1769326781729173,CSI_DATA,STATION,00:00:00:00:00:00,0,0,0,0,0,0,0,0,0,0,0,0,0,0,0,0,0,0,0,0,0,128,[84 -64 4 0 0 0 0 0 0 0 0 0 -3 11 -4 12 -4 11 -4 11 -5 11 -5 11 -6 11 -6 11 -6 10 -7 10 -6 11 -7 10 -7 10 -6 9 -7 9 -7 10 -6 10 -7 10 -7 9 -7 9 -7 9 -7 9 -7 9 -7 9 -6 9 -6 10 0 0 -6 9 -6 9 -6 9 -6 9 -6 10 -6 9 -6 9 -6 10 -5 10 -5 10 -5 11 -6 10 -5 10 -5 11 -5 11 -5 11 -4 11 -5 11 -4 12 -5 12 -5 12 -5 11 -4 12 -4 12 -4 12 -5 12 0 0 0 0 0 0 0 0 0 0]"
"1769326781735724,CSI_DATA,STATION,00:00:00:00:00:00,0,0,0,0,0,0,0,0,0,0,0,0,0,0,0,0,0,0,0,0,0,128,[84 -64 4 0 0 0 0 0 0 0 0 0 2 12 2 11 2 13 1 12 1 12 0 12 -1 12 -1 12 -1 13 0 12 -1 12 -2 12 -1 12 -1 12 -1 11 -1 11 -2 11 -2 11 -1 11 -2 11 -2 11 -1 11 -2 11 -2 11 -1 11 -1 10 0 0 -1 11 0 11 0 11 0 11 1 11 0 12 0 12 0 11 1 11 0 11 1 11 1 11 2 11 2 11 2 12 2 12 3 12 2 12 2 12 2 12 3 12 3 12 2 13 3 12 3 12 3 12 0 0 0 0 0 0 0 0 0 0]"
"1769326781740217,CSI_DATA,STATION,00:00:00:00:00:00,0,0,0,0,0,0,0,0,0,0,0,0,0,0,0,0,0,0,0,0,0,128,[84 -64 4 0 0 0 0 0 0 0 0 0 0 -20 0 -21 1 -21 2 -21 2 -21 3 -21 3 -20 4 -20 4 -20 5 -20 5 -20 5 -19 6 -19 6 -19 6 -19 6 -19 5 -18 5 -18 6 -19 6 -18 5 -18 6 -18 5 -17 5 -17 5 -18 5 -18 0 0 4 -18 4 -18 4 -18 4 -18 3 -18 3 -18 3 -19 2 -18 3 -19 2 -18 2 -19 1 -18 2 -19 1 -20 1 -19 1 -21 0 -20 0 -21 0 -20 0 -21 0 -21 0 -21 -1 -21 -1 -21 -1 -22 -1 -21 0 0 0 0 0 0 0 0 0 0]"
"1769326781744572,CSI_DATA,STATION,00:00:00:00:00:00,0,0,0,0,0,0,0,0,0,0,0,0,0,0,0,0,0,0,0,0,0,128,[84 -64 4 0 0 0 0 0 0 0 0 0 3 12 2 12 1 12 1 12 1 12 1 11 0 12 0 12 0 12 0 12 -1 12 -1 11 -1 12 -1 11 -2 11 -1 11 -2 11 -2 11 -2 11 -2 11 -2 11 -2 11 -2 11 -2 11 -1 11 -1 11 0 0 -1 11 -1 11 -1 11 0 11 0 11 0 11 0 11 0 11 0 11 0 11 0 11 0 11 0 12 1 11 1 12 0 12 1 12 1 12 1 12 1 12 1 12 1 12 1 13 2 12 1 13 1 12 0 0 0 0 0 0 0 0 0 0]"
"1769326781750958,CSI_DATA,STATION,00:00:00:00:00:00,0,0,0,0,0,0,0,0,0,0,0,0,0,0,0,0,0,0,0,0,0,128,[84 -64 4 0 0 0 0 0 0 0 0 0 -20 -5 -20 -6 -20 -7 -20 -7 -20 -8 -20 -8 -18 -8 -19 -9 -18 -9 -18 -10 -18 -10 -17 -10 -18 -11 -17 -11 -17 -11 -17 -11 -15 -10 -16 -10 -17 -11 -16 -11 -16 -10 -16 -11 -15 -10 -15 -11 -16 -11 -16 -10 0 0 -16 -9 -16 -10 -16 -10 -16 -9 -17 -9 -17 -9 -17 -9 -17 -9 -17 -8 -17 -8 -17 -8 -17 -8 -18 -8 -18 -8 -19 -8 -19 -7 -19 -8 -19 -7 -19 -7 -19 -7 -20 -7 -20 -7 -20 -7 -20 -8 -20 -7 -20 -6 0 0 0 0 0 0 0 0 0 0]"
"1769326781755207,CSI_DATA,STATION,00:00:00:00:00:00,0,0,0,0,0,0,0,0,0,0,0,0,0,0,0,0,0,0,0,0,0,128,[84 -64 4 0 0 0 0 0 0 0 0 0 -4 11 -4 12 -4 12 -5 12 -5 11 -6 12 -5 11 -6 11 -7 11 -7 10 -6 11 -7 10 -8 10 -7 10 -7 10 -7 10 -7 10 -6 10 -7 9 -8 9 -7 9 -7 9 -7 9 -7 9 -6 9 -7 9 0 0 -7 10 -6 9 -6 10 -6 9 -6 10 -6 9 -7 9 -6 10 -6 10 -6 10 -6 11 -6 11 -6 10 -5 11 -6 10 -5 11 -5 11 -5 11 -5 11 -5 11 -5 12 -5 12 -5 11 -5 12 -5 12 -5 12 0 0 0 0 0 0 0 0 0 0]"
"1769326781761575,CSI_DATA,STATION,00:00:00:00:00:00,0,0,0,0,0,0,0,0,0,0,0,0,0,0,0,0,0,0,0,0,0,128,[84 -64 4 0 0 0 0 0 0 0 0 0 -9 -10 -9 -11 -8 -11 -8 -11 -7 -12 -7 -12 -7 -12 -7 -12 -6 -12 -6 -12 -6 -12 -6 -12 -6 -11 -5 -12 -5 -12 -5 -12 -4 -12 -4 -12 -5 -11 -5 -12 -4 -11 -4 -11 -4 -11 -4 -12 -5 -11 -5 -11 0 0 -4 -11 -5 -11 -6 -11 -5 -11 -6 -11 -6 -11 -6 -11 -6 -11 -5 -11 -6 -11 -6 -11 -6 -11 -7 -11 -7 -11 -7 -11 -7 -11 -7 -11 -8 -11 -8 -11 -8 -11 -8 -11 -8 -12 -8 -12 -8 -11 -8 -11 -8 -11 0 0 0 0 0 0 0 0 0 0]"
"1769326781765822,CSI_DATA,STATION,00:00:00:00:00:00,0,0,0,0,0,0,0,0,0,0,0,0,0,0,0,0,0,0,0,0,0,128,[84 -64 4 0 0 0 0 0 0 0 0 0 -5 -12 -5 -12 -5 -13 -4 -12 -4 -13 -3 -13 -2 -13 -3 -14 -3 -13 -2 -14 -2 -13 -1 -13 -1 -13 -2 -13 -1 -12 -1 -13 -1 -12 0 -13 -1 -12 -1 -13 -1 -12 -1 -12 -1 -13 0 -12 -1 -11 -1 -12 0 0 -1 -12 -1 -12 -2 -11 -2 -13 -2 -11 -2 -12 -2 -12 -2 -12 -2 -12 -2 -12 -3 -12 -3 -12 -3 -12 -3 -12 -3 -13 -3 -12 -4 -13 -3 -13 -4 -13 -4 -13 -4 -13 -4 -13 -4 -14 -4 -13 -4 -13 -4 -13 0 0 0 0 0 0 0 0 0 0]"
"1769326781772346,CSI_DATA,STATION,00:00:00:00:00:00,0,0,0,0,0,0,0,0,0,0,0,0,0,0,0,0,0,0,0,0,0,128,[84 -64 4 0 0 0 0 0 0 0 0 0 -8 10 -8 9 -8 9 -9 9 -9 8 -9 9 -10 8 -10 8 -10 7 -11 7 -10 7 -10 8 -11 6 -10 7 -11 6 -10 7 -10 6 -10 6 -10 6 -11 5 -10 6 -10 6 -10 6 -10 6 -10 6 -10 6 0 0 -9 6 -10 6 -10 6 -9 7 -10 7 -10 6 -10 7 -10 7 -9 7 -9 7 -9 8 -10 8 -9 8 -10 8 -9 8 -9 8 -9 8 -10 9 -9 9 -10 9 -9 9 -9 9 -9 9 -9 10 -10 10 -9 9 0 0 0 0 0 0 0 0 0 0]"
"1769326781783123,CSI_DATA,STATION,00:00:00:00:00:00,0,0,0,0,0,0,0,0,0,0,0,0,0,0,0,0,0,0,0,0,0,128,[84 -64 4 0 0 0 0 0 0 0 0 0 8 8 8 8 8 8 8 9 8 9 8 9 7 9 7 9 6 9 7 10 7 9 6 10 6 10 6 10 6 10 5 9 6 10 5 9 6 10 6 10 6 9 6 9 5 9 6 9 6 9 6 9 0 0 6 8 7 8 7 8 6 8 7 8 7 8 7 8 8 9 7 8 8 8 8 7 8 8 9 8 9 8 8 8 9 7 10 7 10 7 10 7 9 7 9 7 9 7 10 7 11 7 10 7 10 7 0 0 0 0 0 0 0 0 0 0]"
"1769326781787497,CSI_DATA,STATION,00:00:00:00:00:00,0,0,0,0,0,0,0,0,0,0,0,0,0,0,0,0,0,0,0,0,0,128,[84 -64 4 0 0 0 0 0 0 0 0 0 -2 12 -2 12 -3 11 -4 11 -4 12 -4 11 -5 11 -5 11 -5 11 -6 11 -5 10 -6 10 -6 11 -6 11 -6 10 -6 10 -6 11 -6 11 -6 10 -6 9 -5 10 -6 10 -5 10 -5 9 -5 10 -5 10 0 0 -5 10 -5 10 -5 10 -5 10 -4 10 -4 10 -5 10 -5 10 -5 10 -4 11 -4 11 -4 11 -4 11 -4 11 -4 12 -3 12 -3 12 -4 12 -3 12 -4 12 -3 13 -4 12 -3 12 -3 12 -3 13 -3 13 0 0 0 0 0 0 0 0 0 0]"
"1769326781794044,CSI_DATA,STATION,00:00:00:00:00:00,0,0,0,0,0,0,0,0,0,0,0,0,0,0,0,0,0,0,0,0,0,128,[84 -64 4 0 0 0 0 0 0 0 0 0 -8 -11 -7 -11 -7 -11 -7 -11 -7 -12 -6 -12 -6 -11 -6 -12 -6 -12 -5 -12 -5 -11 -5 -12 -4 -12 -5 -12 -5 -12 -4 -12 -4 -12 -3 -11 -4 -12 -4 -12 -4 -11 -4 -12 -3 -11 -4 -12 -4 -11 -4 -12 0 0 -4 -11 -5 -11 -5 -10 -5 -11 -5 -11 -6 -11 -5 -11 -6 -11 -6 -11 -5 -12 -6 -11 -6 -11 -7 -11 -6 -12 -6 -12 -7 -11 -7 -11 -7 -12 -7 -11 -7 -12 -7 -12 -8 -11 -7 -12 -8 -11 -8 -12 -8 -12 0 0 0 0 0 0 0 0 0 0]"
"1769326781798386,CSI_DATA,STATION,00:00:00:00:00:00,0,0,0,0,0,0,0,0,0,0,0,0,0,0,0,0,0,0,0,0,0,128,[84 -64 4 0 0 0 0 0 0 0 0 0 -1 -16 0 -17 0 -17 1 -17 1 -17 1 -17 2 -16 2 -17 2 -16 3 -16 3 -16 4 -16 4 -16 3 -15 3 -15 4 -15 4 -15 4 -14 4 -16 3 -15 3 -14 3 -15 3 -14 3 -15 3 -14 3 -15 0 0 2 -15 2 -14 2 -15 2 -15 2 -15 1 -15 1 -15 1 -15 1 -15 1 -15 1 -15 0 -16 0 -15 0 -16 0 -16 -1 -17 -1 -16 -1 -17 -1 -17 -1 -17 -2 -17 -2 -17 -1 -17 -2 -17 -2 -17 -2 -17 0 0 0 0 0 0 0 0 0 0]"
"1769326781802692,CSI_DATA,STATION,00:00:00:00:00:00,0,0,0,0,0,0,0,0,0,0,0,0,0,0,0,0,0,0,0,0,0,128,[84 -64 4 0 0 0 0 0 0 0 0 0 4 -18 5 -18 6 -17 7 -17 7 -17 7 -18 8 -16 8 -16 9 -16 8 -16 8 -16 9 -15 9 -16 9 -15 9 -15 9 -15 9 -14 9 -14 9 -14 9 -14 9 -14 9 -14 9 -14 9 -14 8 -14 8 -14 0 0 8 -15 8 -14 8 -14 8 -15 7 -15 7 -15 7 -15 7 -15 7 -16 6 -16 6 -16 6 -16 6 -16 6 -16 6 -17 6 -17 6 -17 6 -18 6 -17 6 -18 6 -18 6 -18 5 -18 5 -18 5 -19 5 -19 0 0 0 0 0 0 0 0 0 0]"
"1769326781809196,CSI_DATA,STATION,00:00:00:00:00:00,0,0,0,0,0,0,0,0,0,0,0,0,0,0,0,0,0,0,0,0,0,128,[84 -64 4 0 0 0 0 0 0 0 0 0 4 -12 5 -12 5 -12 5 -12 6 -12 5 -11 6 -11 6 -11 7 -11 7 -11 7 -11 7 -10 7 -11 7 -10 6 -10 6 -10 7 -10 7 -10 6 -10 6 -9 7 -10 6 -10 6 -10 6 -10 5 -10 6 -10 0 0 6 -11 5 -10 5 -10 5 -10 5 -10 4 -10 5 -11 5 -11 5 -11 4 -12 4 -12 5 -11 4 -12 4 -12 3 -12 4 -13 4 -13 3 -13 3 -13 3 -13 3 -13 3 -13 3 -13 3 -13 3 -13 3 -13 0 0 0 0 0 0 0 0 0 0]"
"1769326781813502,CSI_DATA,STATION,00:00:00:00:00:00,0,0,0,0,0,0,0,0,0,0,0,0,0,0,0,0,0,0,0,0,0,128,[84 -64 4 0 0 0 0 0 0 0 0 0 -18 1 -18 0 -19 -1 -19 -1 -19 -2 -19 -2 -18 -3 -18 -3 -18 -3 -18 -4 -18 -4 -18 -4 -18 -5 -17 -5 -17 -5 -17 -5 -16 -5 -17 -5 -17 -5 -17 -5 -17 -5 -17 -5 -16 -5 -16 -5 -17 -5 -16 -4 0 0 -16 -4 -17 -4 -17 -4 -16 -3 -17 -3 -17 -3 -17 -3 -17 -3 -17 -3 -17 -2 -17 -2 -18 -2 -18 -2 -18 -2 -18 -2 -18 -1 -18 -1 -18 -1 -18 0 -18 0 -19 0 -19 -1 -19 0 -19 0 -19 0 -19 0 0 0 0 0 0 0 0 0 0 0]"
"1769326781820005,CSI_DATA,STATION,00:00:00:00:00:00,0,0,0,0,0,0,0,0,0,0,0,0,0,0,0,0,0,0,0,0,0,128,[84 -64 4 0 0 0 0 0 0 0 0 0 -4 10 -3 10 -4 10 -4 10 -5 10 -5 10 -5 10 -6 10 -6 10 -6 9 -6 10 -6 9 -7 9 -7 8 -6 9 -7 8 -6 9 -6 9 -6 8 -6 8 -6 8 -6 8 -6 8 -6 8 -6 8 -6 8 0 0 -6 8 -6 8 -6 9 -5 8 -5 9 -5 8 -5 9 -5 9 -5 9 -5 9 -5 9 -5 10 -5 9 -5 9 -5 10 -5 10 -4 10 -4 10 -3 11 -4 10 -4 10 -4 11 -4 10 -4 11 -4 11 -4 11 0 0 0 0 0 0 0 0 0 0]"
"1769326781824307,CSI_DATA,STATION,00:00:00:00:00:00,0,0,0,0,0,0,0,0,0,0,0,0,0,0,0,0,0,0,0,0,0,128,[84 -64 4 0 0 0 0 0 0 0 0 0 -6 -12 -6 -12 -6 -12 -5 -12 -5 -12 -5 -13 -4 -12 -4 -13 -4 -12 -3 -13 -3 -13 -3 -13 -3 -12 -3 -13 -2 -12 -2 -12 -2 -12 -2 -12 -2 -12 -2 -12 -2 -12 -2 -12 -2 -12 -2 -12 -2 -12 -3 -12 0 0 -2 -12 -3 -12 -3 -11 -3 -12 -3 -11 -3 -12 -4 -12 -4 -12 -3 -12 -4 -11 -4 -12 -4 -12 -4 -12 -4 -12 -5 -12 -5 -12 -5 -12 -5 -12 -5 -13 -4 -12 -5 -13 -5 -12 -5 -13 -5 -13 -5 -13 -5 -13 0 0 0 0 0 0 0 0 0 0]"
"1769326781830779,CSI_DATA,STATION,00:00:00:00:00:00,0,0,0,0,0,0,0,0,0,0,0,0,0,0,0,0,0,0,0,0,0,128,[84 -64 4 0 0 0 0 0 0 0 0 0 -10 9 -10 8 -10 7 -11 7 -11 7 -11 7 -11 7 -11 6 -11 6 -11 6 -11 6 -11 6 -11 5 -11 5 -11 5 -11 5 -11 5 -11 5 -12 5 -11 5 -11 5 -10 5 -10 5 -10 5 -10 5 -11 5 0 0 -10 6 -10 5 -10 6 -10 5 -10 6 -10 5 -10 6 -10 6 -10 6 -9 7 -10 7 -10 7 -10 7 -10 8 -10 7 -10 8 -10 8 -10 8 -10 8 -10 8 -10 8 -10 9 -10 9 -10 9 -10 9 -10 9 0 0 0 0 0 0 0 0 0 0]"
"1769326781835110,CSI_DATA,STATION,00:00:00:00:00:00,0,0,0,0,0,0,0,0,0,0,0,0,0,0,0,0,0,0,0,0,0,128,[84 -64 4 0 0 0 0 0 0 0 0 0 -11 14 -12 14 -12 14 -13 14 -13 13 -13 13 -13 12 -14 12 -14 12 -14 11 -14 11 -14 11 -15 11 -14 10 -14 10 -14 10 -14 10 -14 10 -14 10 -14 9 -14 9 -14 9 -13 10 -13 10 -13 10 -13 10 0 0 -13 10 -13 10 -13 10 -13 10 -13 11 -13 10 -12 11 -12 11 -12 12 -12 12 -12 12 -12 12 -12 12 -12 13 -12 13 -12 13 -11 13 -11 14 -11 14 -12 14 -11 15 -12 14 -11 14 -11 15 -11 15 -11 15 0 0 0 0 0 0 0 0 0 0]"
"1769326781839449,CSI_DATA,STATION,00:00:00:00:00:00,0,0,0,0,0,0,0,0,0,0,0,0,0,0,0,0,0,0,0,0,0,128,[84 -64 4 0 0 0 0 0 0 0 0 0 11 2 12 2 12 3 12 3 12 4 12 4 11 5 11 5 11 5 11 6 11 4 11 5 11 5 10 5 10 6 9 5 10 6 9 5 10 5 10 6 10 6 10 6 10 5 10 5 10 6 10 5 0 0 10 4 10 5 10 4 10 4 10 4 10 4 10 4 11 3 11 4 10 3 11 3 11 3 11 4 11 3 11 3 11 3 12 3 12 3 12 3 12 3 12 3 12 3 13 3 13 2 13 2 12 2 0 0 0 0 0 0 0 0 0 0]"
"1769326781845944,CSI_DATA,STATION,00:00:00:00:00:00,0,0,0,0,0,0,0,0,0,0,0,0,0,0,0,0,0,0,0,0,0,128,[84 -64 4 0 0 0 0 0 0 0 0 0 -14 0 -15 -1 -15 -2 -15 -3 -14 -3 -15 -3 -14 -3 -14 -4 -13 -4 -14 -4 -14 -5 -13 -4 -14 -5 -13 -5 -13 -5 -13 -5 -13 -4 -14 -5 -13 -5 -13 -5 -13 -5 -13 -5 -12 -5 -13 -5 -12 -4 -12 -4 0 0 -12 -4 -12 -3 -12 -3 -13 -3 -13 -3 -13 -3 -13 -4 -14 -3 -13 -3 -13 -3 -14 -2 -14 -2 -14 -2 -14 -2 -14 -2 -14 -1 -15 -2 -15 -2 -14 -1 -15 -1 -15 -1 -15 -1 -15 -1 -15 -2 -16 -1 -15 -1 0 0 0 0 0 0 0 0 0 0]"
"1769326781850191,CSI_DATA,STATION,00:00:00:00:00:00,0,0,0,0,0,0,0,0,0,0,0,0,0,0,0,0,0,0,0,0,0,128,[84 -64 4 0 0 0 0 0 0 0 0 0 -13 -3 -12 -4 -13 -4 -13 -5 -13 -5 -12 -5 -12 -5 -12 -6 -11 -6 -12 -6 -12 -6 -11 -7 -12 -7 -11 -7 -11 -7 -11 -7 -11 -6 -11 -6 -11 -7 -10 -6 -11 -7 -11 -6 -10 -5 -11 -7 -10 -6 -11 -6 0 0 -11 -6 -11 -6 -11 -6 -10 -5 -12 -6 -11 -5 -11 -5 -12 -5 -11 -5 -12 -5 -12 -5 -12 -5 -12 -5 -13 -5 -12 -5 -12 -4 -13 -4 -13 -4 -13 -4 -13 -4 -14 -4 -14 -4 -14 -4 -14 -4 -13 -4 -13 -3 0 0 0 0 0 0 0 0 0 0]"
"1769326781856565,CSI_DATA,STATION,00:00:00:00:00:00,0,0,0,0,0,0,0,0,0,0,0,0,0,0,0,0,0,0,0,0,0,128,[84 -64 4 0 0 0 0 0 0 0 0 0 -3 19 -4 19 -4 19 -5 19 -5 19 -6 20 -6 19 -7 19 -7 19 -8 18 -8 18 -9 18 -9 18 -9 17 -9 17 -9 17 -8 16 -8 17 -9 17 -9 17 -8 16 -8 16 -8 16 -8 16 -8 16 -8 16 0 0 -7 16 -7 17 -7 16 -7 17 -6 17 -6 17 -6 17 -6 17 -6 17 -6 17 -5 18 -5 17 -5 18 -5 18 -5 19 -4 19 -4 19 -4 19 -3 19 -4 19 -4 20 -3 20 -3 20 -3 20 -3 20 -3 20 0 0 0 0 0 0 0 0 0 0]"
"1769326781860810,CSI_DATA,STATION,00:00:00:00:00:00,0,0,0,0,0,0,0,0,0,0,0,0,0,0,0,0,0,0,0,0,0,128,[84 -64 4 0 0 0 0 0 0 0 0 0 -7 -11 -7 -12 -7 -12 -7 -12 -6 -12 -6 -12 -5 -12 -5 -12 -5 -13 -5 -12 -4 -12 -4 -12 -4 -12 -4 -12 -4 -12 -4 -12 -3 -12 -3 -12 -3 -12 -4 -12 -4 -11 -4 -11 -4 -11 -4 -12 -4 -12 -4 -12 0 0 -4 -11 -5 -11 -4 -12 -5 -11 -4 -11 -5 -11 -5 -11 -5 -11 -6 -11 -6 -11 -6 -12 -6 -11 -6 -11 -6 -11 -6 -11 -7 -11 -7 -12 -7 -12 -7 -11 -7 -12 -8 -11 -8 -12 -8 -12 -8 -11 -8 -11 -8 -12 0 0 0 0 0 0 0 0 0 0]"
"1769326781867330,CSI_DATA,STATION,00:00:00:00:00:00,0,0,0,0,0,0,0,0,0,0,0,0,0,0,0,0,0,0,0,0,0,128,[84 -64 4 0 0 0 0 0 0 0 0 0 -4 20 -5 19 -6 19 -6 19 -7 20 -7 19 -8 18 -8 19 -9 18 -9 18 -8 18 -9 18 -9 18 -9 17 -9 16 -11 17 -9 16 -10 16 -9 16 -10 16 -10 15 -10 16 -9 16 -8 16 -9 16 -8 16 0 0 -8 16 -9 17 -8 16 -8 17 -7 16 -8 16 -7 17 -7 16 -8 17 -6 17 -6 18 -5 18 -6 18 -5 18 -6 19 -5 18 -5 19 -5 18 -5 19 -5 19 -5 20 -5 20 -4 20 -3 20 -4 21 -4 20 0 0 0 0 0 0 0 0 0 0]"
"1769326781871729,CSI_DATA,STATION,00:00:00:00:00:00,0,0,0,0,0,0,0,0,0,0,0,0,0,0,0,0,0,0,0,0,0,128,[84 -64 4 0 0 0 0 0 0 0 0 0 -8 -9 -7 -9 -7 -10 -7 -9 -6 -10 -7 -10 -6 -10 -6 -11 -6 -10 -5 -11 -6 -10 -5 -10 -5 -10 -5 -10 -5 -11 -5 -10 -5 -10 -5 -10 -5 -10 -4 -10 -5 -10 -5 -10 -5 -10 -5 -10 -5 -10 -5 -9 0 0 -5 -9 -5 -9 -5 -10 -5 -9 -6 -9 -6 -9 -6 -9 -6 -9 -6 -9 -6 -9 -6 -9 -7 -9 -7 -9 -7 -9 -7 -10 -7 -9 -7 -9 -7 -10 -7 -9 -7 -10 -8 -10 -8 -10 -8 -9 -9 -10 -9 -9 -8 -9 0 0 0 0 0 0 0 0 0 0]"
"1769326781876118,CSI_DATA,STATION,00:00:00:00:00:00,0,0,0,0,0,0,0,0,0,0,0,0,0,0,0,0,0,0,0,0,0,128,[84 -64 4 0 0 0 0 0 0 0 0 0 19 2 19 3 19 4 20 5 19 5 19 5 19 5 19 5 18 6 18 7 18 7 17 8 18 8 17 8 17 8 16 8 16 7 16 7 17 8 16 8 16 7 17 7 16 7 16 8 16 8 16 6 0 0 16 6 16 6 17 7 16 5 17 6 17 5 17 5 17 4 17 4 17 4 17 4 17 4 18 5 19 4 18 3 19 3 19 3 19 2 19 1 19 1 20 1 19 2 20 2 20 2 20 2 20 1 0 0 0 0 0 0 0 0 0 0]"
"1769326781882582,CSI_DATA,STATION,00:00:00:00:00:00,0,0,0,0,0,0,0,0,0,0,0,0,0,0,0,0,0,0,0,0,0,128,[84 -64 4 0 0 0 0 0 0 0 0 0 -5 -12 -5 -13 -4 -13 -4 -13 -4 -12 -4 -13 -3 -13 -3 -13 -2 -13 -2 -13 -2 -13 -2 -13 -2 -12 -1 -13 -1 -13 -2 -13 -2 -13 -1 -12 -2 -13 -2 -12 -1 -12 -1 -12 -2 -12 -2 -12 -2 -12 -2 -12 0 0 -2 -12 -2 -11 -2 -12 -2 -12 -3 -12 -3 -12 -3 -12 -4 -12 -3 -12 -3 -12 -4 -12 -4 -12 -5 -12 -4 -13 -4 -13 -4 -13 -5 -13 -5 -13 -5 -13 -5 -13 -6 -13 -5 -12 -5 -12 -6 -13 -6 -13 -6 -12 0 0 0 0 0 0 0 0 0 0]"
"1769326781886893,CSI_DATA,STATION,00:00:00:00:00:00,0,0,0,0,0,0,0,0,0,0,0,0,0,0,0,0,0,0,0,0,0,128,[84 -64 4 0 0 0 0 0 0 0 0 0 11 -5 11 -4 12 -4 12 -3 12 -3 12 -3 12 -3 12 -2 12 -2 13 -2 11 -2 12 -1 12 -1 12 -1 12 -1 11 -1 12 -1 11 -1 12 -1 12 0 11 -1 11 0 11 -1 12 0 11 -1 11 -1 0 0 11 -1 10 -1 11 -1 11 -2 11 -1 11 -1 11 -2 12 -2 11 -2 11 -2 11 -3 12 -2 12 -3 12 -3 12 -3 12 -3 12 -3 12 -4 12 -3 12 -3 12 -3 12 -3 12 -4 12 -4 12 -4 12 -4 0 0 0 0 0 0 0 0 0 0]"
"1769326781893369,CSI_DATA,STATION,00:00:00:00:00:00,0,0,0,0,0,0,0,0,0,0,0,0,0,0,0,0,0,0,0,0,0,128,[84 -64 4 0 0 0 0 0 0 0 0 0 -20 -2 -20 -3 -21 -4 -21 -5 -20 -5 -21 -5 -20 -6 -20 -7 -19 -7 -20 -7 -19 -7 -19 -7 -19 -8 -18 -8 -18 -9 -18 -8 -17 -7 -18 -8 -18 -9 -18 -9 -17 -9 -17 -9 -17 -7 -17 -8 -17 -8 -17 -7 0 0 -17 -6 -18 -7 -18 -7 -18 -6 -18 -6 -18 -7 -18 -6 -18 -6 -18 -5 -18 -4 -19 -4 -19 -4 -19 -4 -19 -5 -20 -4 -20 -3 -20 -4 -20 -3 -20 -3 -20 -3 -21 -3 -21 -4 -21 -3 -21 -2 -21 -2 -21 -1 0 0 0 0 0 0 0 0 0 0]"
"1769326781897780,CSI_DATA,STATION,00:00:00:00:00:00,0,0,0,0,0,0,0,0,0,0,0,0,0,0,0,0,0,0,0,0,0,128,[84 -64 4 0 0 0 0 0 0 0 0 0 -11 -15 -11 -15 -10 -16 -10 -16 -10 -16 -9 -16 -8 -17 -8 -17 -7 -17 -8 -17 -7 -17 -7 -17 -7 -17 -6 -17 -6 -17 -6 -16 -6 -16 -6 -17 -6 -17 -5 -17 -6 -17 -6 -16 -5 -16 -6 -16 -6 -16 -6 -16 0 0 -6 -16 -6 -15 -6 -16 -7 -16 -7 -16 -7 -16 -7 -16 -7 -16 -7 -15 -8 -15 -9 -15 -8 -15 -9 -15 -9 -15 -9 -15 -9 -15 -10 -16 -10 -15 -10 -16 -10 -15 -10 -16 -11 -15 -11 -16 -11 -16 -11 -15 -11 -15 0 0 0 0 0 0 0 0 0 0]"
"1769326781902245,CSI_DATA,STATION,00:00:00:00:00:00,0,0,0,0,0,0,0,0,0,0,0,0,0,0,0,0,0,0,0,0,0,128,[84 -64 4 0 0 0 0 0 0 0 0 0 -5 -13 -4 -13 -4 -13 -4 -13 -2 -13 -3 -13 -2 -13 -2 -14 -2 -13 -1 -13 -1 -13 -1 -13 -1 -13 -1 -13 -1 -13 0 -12 0 -13 -1 -12 0 -13 0 -12 -1 -12 0 -12 0 -12 -1 -12 -1 -12 -1 -12 0 0 -1 -12 -1 -11 -1 -12 -2 -12 -2 -12 -2 -12 -2 -12 -2 -12 -1 -12 -2 -12 -3 -12 -3 -12 -3 -12 -3 -13 -3 -13 -3 -13 -3 -13 -4 -13 -3 -13 -3 -14 -4 -13 -4 -13 -3 -13 -4 -13 -4 -13 -4 -14 0 0 0 0 0 0 0 0 0 0]"
"1769326781908817,CSI_DATA,STATION,00:00:00:00:00:00,0,0,0,0,0,0,0,0,0,0,0,0,0,0,0,0,0,0,0,0,0,128,[84 -64 4 0 0 0 0 0 0 0 0 0 12 1 12 2 12 2 12 3 11 3 11 4 11 3 11 4 10 4 11 5 11 5 10 4 11 4 10 5 11 5 10 5 10 5 10 5 10 5 10 5 10 4 10 5 10 5 11 4 10 5 10 4 0 0 10 4 10 4 10 4 9 3 11 4 10 3 10 3 11 3 11 3 11 3 11 3 11 3 11 3 12 3 11 3 11 2 12 2 12 2 12 2 12 2 12 2 12 2 12 2 12 2 12 2 13 1 0 0 0 0 0 0 0 0 0 0]"
"1769326781913162,CSI_DATA,STATION,00:00:00:00:00:00,0,0,0,0,0,0,0,0,0,0,0,0,0,0,0,0,0,0,0,0,0,128,[84 -64 4 0 0 0 0 0 0 0 0 0 1 -13 2 -13 2 -13 3 -13 3 -13 4 -13 3 -12 4 -12 4 -13 5 -12 5 -12 5 -11 5 -12 5 -12 5 -11 5 -11 5 -12 5 -12 4 -11 5 -11 5 -11 5 -11 4 -11 5 -11 5 -10 4 -11 0 0 4 -11 4 -10 3 -11 3 -11 3 -12 3 -11 3 -11 3 -12 2 -12 2 -12 3 -12 2 -12 2 -12 3 -12 2 -13 1 -13 2 -13 2 -13 1 -13 1 -14 1 -13 1 -13 0 -13 1 -13 1 -14 1 -14 0 0 0 0 0 0 0 0 0 0]"
"1769326781917493,CSI_DATA,STATION,00:00:00:00:00:00,0,0,0,0,0,0,0,0,0,0,0,0,0,0,0,0,0,0,0,0,0,128,[84 -64 4 0 0 0 0 0 0 0 0 0 -5 -12 -5 -13 -4 -12 -4 -13 -3 -12 -3 -14 -3 -13 -2 -13 -2 -13 -2 -14 -2 -13 -1 -13 -2 -13 -2 -13 -1 -13 -1 -12 0 -13 -1 -12 -1 -13 0 -12 -1 -12 -1 -12 -1 -12 -1 -12 -1 -11 -2 -12 0 0 -1 -12 -2 -11 -2 -12 -2 -12 -2 -12 -2 -12 -2 -12 -2 -12 -2 -12 -2 -12 -3 -12 -3 -12 -3 -12 -3 -13 -3 -13 -4 -13 -4 -13 -3 -13 -3 -13 -4 -13 -4 -13 -4 -13 -4 -13 -4 -13 -5 -14 -4 -14 0 0 0 0 0 0 0 0 0 0]"
"1769326781923985,CSI_DATA,STATION,00:00:00:00:00:00,0,0,0,0,0,0,0,0,0,0,0,0,0,0,0,0,0,0,0,0,0,128,[84 -64 4 0 0 0 0 0 0 0 0 0 10 -8 10 -8 9 -7 10 -7 10 -6 10 -8 10 -7 11 -7 10 -6 11 -5 11 -5 11 -5 11 -5 11 -5 12 -5 11 -5 11 -5 10 -4 11 -5 11 -4 10 -5 11 -4 10 -5 10 -4 10 -4 10 -5 0 0 10 -5 10 -5 10 -5 10 -5 10 -6 10 -5 10 -5 10 -6 10 -6 9 -6 10 -6 10 -6 10 -6 10 -6 10 -7 10 -8 10 -7 11 -8 10 -7 10 -7 10 -8 10 -7 10 -7 11 -8 11 -8 10 -8 0 0 0 0 0 0 0 0 0 0]"
"1769326781928306,CSI_DATA,STATION,00:00:00:00:00:00,0,0,0,0,0,0,0,0,0,0,0,0,0,0,0,0,0,0,0,0,0,128,[84 -64 4 0 0 0 0 0 0 0 0 0 -7 10 -7 11 -7 10 -8 10 -8 9 -8 10 -8 9 -9 9 -9 9 -10 9 -9 9 -9 8 -10 8 -9 8 -10 7 -10 8 -9 8 -9 7 -10 7 -9 7 -9 7 -9 7 -9 8 -9 8 -9 7 -9 8 0 0 -9 8 -8 7 -8 8 -8 8 -9 8 -9 8 -8 8 -9 8 -8 9 -9 9 -8 9 -8 9 -9 9 -8 9 -9 9 -8 10 -8 10 -8 10 -8 10 -8 10 -8 10 -8 10 -8 10 -8 11 -8 11 -8 11 0 0 0 0 0 0 0 0 0 0]"
"1769326781934782,CSI_DATA,STATION,00:00:00:00:00:00,0,0,0,0,0,0,0,0,0,0,0,0,0,0,0,0,0,0,0,0,0,128,[84 -64 4 0 0 0 0 0 0 0 0 0 0 15 -1 16 -1 16 -2 16 -2 16 -3 16 -3 16 -3 16 -4 15 -3 16 -4 15 -4 15 -4 15 -4 15 -4 15 -5 14 -5 14 -5 14 -5 15 -5 14 -5 14 -4 14 -4 14 -4 14 -4 14 -4 14 0 0 -3 14 -3 14 -3 14 -3 14 -3 14 -2 14 -2 15 -2 14 -2 14 -2 14 -1 15 -1 15 -1 15 -1 15 -1 15 -1 16 0 15 0 16 0 16 0 16 0 16 0 16 1 16 2 16 1 16 1 17 0 0 0 0 0 0 0 0 0 0]"
"1769326781939261,CSI_DATA,STATION,00:00:00:00:00:00,0,0,0,0,0,0,0,0,0,0,0,0,0,0,0,0,0,0,0,0,0,128,[84 -64 4 0 0 0 0 0 0 0 0 0 -7 -10 -7 -11 -7 -11 -7 -11 -7 -12 -6 -12 -5 -13 -6 -13 -5 -12 -5 -13 -5 -12 -4 -12 -4 -12 -4 -12 -4 -12 -4 -12 -3 -12 -3 -12 -3 -12 -4 -12 -4 -11 -4 -12 -4 -11 -4 -12 -4 -11 -5 -11 0 0 -4 -11 -5 -12 -4 -11 -5 -12 -5 -12 -5 -11 -5 -11 -5 -12 -5 -11 -5 -12 -5 -11 -5 -12 -6 -11 -6 -12 -6 -12 -6 -11 -6 -12 -6 -12 -7 -12 -7 -12 -7 -13 -7 -12 -7 -13 -8 -12 -7 -12 -7 -12 0 0 0 0 0 0 0 0 0 0]"
"1769326781943720,CSI_DATA,STATION,00:00:00:00:00:00,0,0,0,0,0,0,0,0,0,0,0,0,0,0,0,0,0,0,0,0,0,128,[84 -64 4 0 0 0 0 0 0 0 0 0 4 11 3 12 2 11 2 12 2 12 1 12 1 12 1 12 0 11 1 12 1 12 0 12 0 12 0 11 0 11 0 11 0 12 -1 11 0 12 -1 11 0 11 0 11 0 11 0 11 1 11 1 11 0 0 1 11 1 10 1 11 1 11 1 11 2 11 2 11 2 11 2 11 2 11 3 11 3 11 3 11 3 12 3 11 3 11 4 11 4 12 4 12 4 12 4 12 4 11 5 12 5 12 4 12 5 12 0 0 0 0 0 0 0 0 0 0]"
"1769326781950110,CSI_DATA,STATION,00:00:00:00:00:00,0,0,0,0,0,0,0,0,0,0,0,0,0,0,0,0,0,0,0,0,0,128,[84 -64 4 0 0 0 0 0 0 0 0 0 -1 -20 0 -20 1 -20 2 -21 2 -21 2 -21 3 -19 3 -20 4 -20 4 -20 5 -20 6 -19 5 -19 5 -19 6 -19 7 -19 6 -18 5 -18 6 -18 6 -18 5 -17 6 -18 5 -18 5 -18 5 -18 5 -18 0 0 5 -18 5 -18 5 -18 4 -18 4 -18 4 -18 3 -18 3 -18 4 -19 3 -19 3 -19 2 -19 3 -19 2 -20 2 -20 2 -20 1 -20 1 -20 1 -20 1 -21 1 -21 1 -21 0 -21 0 -21 0 -22 0 -21 0 0 0 0 0 0 0 0 0 0]"
"1769326781960691,CSI_DATA,STATION,00:00:00:00:00:00,0,0,0,0,0,0,0,0,0,0,0,0,0,0,0,0,0,0,0,0,0,128,[84 -64 4 0 0 0 0 0 0 0 0 0 -11 5 -11 4 -12 3 -12 3 -13 3 -13 3 -11 2 -13 2 -13 2 -13 2 -12 1 -12 1 -13 1 -12 1 -13 0 -12 1 -12 1 -11 1 -12 1 -12 1 -12 0 -12 0 -12 1 -12 0 -12 0 -12 1 0 0 -12 1 -12 1 -12 2 -11 2 -12 1 -12 2 -11 1 -12 2 -11 2 -12 2 -12 3 -12 2 -12 3 -12 3 -12 3 -12 4 -12 3 -12 4 -12 4 -12 4 -13 4 -13 4 -13 4 -13 4 -13 4 -13 5 0 0 0 0 0 0 0 0 0 0]"
"1769326781967159,CSI_DATA,STATION,00:00:00:00:00:00,0,0,0,0,0,0,0,0,0,0,0,0,0,0,0,0,0,0,0,0,0,128,[84 -64 4 0 0 0 0 0 0 0 0 0 -8 -10 -9 -10 -8 -10 -8 -10 -7 -10 -8 -11 -7 -11 -6 -12 -6 -11 -6 -11 -6 -11 -6 -11 -6 -11 -6 -12 -6 -12 -5 -11 -5 -12 -5 -11 -5 -11 -5 -11 -4 -11 -5 -11 -5 -11 -5 -11 -5 -11 -5 -11 0 0 -5 -11 -5 -11 -5 -11 -5 -11 -6 -11 -6 -11 -5 -11 -6 -10 -6 -10 -6 -11 -7 -10 -7 -11 -7 -10 -7 -11 -6 -11 -7 -11 -7 -11 -7 -11 -7 -11 -7 -11 -7 -11 -7 -11 -7 -11 -8 -11 -8 -11 -8 -11 0 0 0 0 0 0 0 0 0 0]"
"1769326781973679,CSI_DATA,STATION,00:00:00:00:00:00,0,0,0,0,0,0,0,0,0,0,0,0,0,0,0,0,0,0,0,0,0,128,[84 -64 4 0 0 0 0 0 0 0 0 0 -11 6 -11 6 -12 4 -12 5 -12 4 -12 4 -12 3 -13 3 -12 4 -13 2 -12 3 -12 2 -13 2 -12 2 -13 2 -12 2 -12 1 -12 1 -13 1 -13 2 -12 1 -12 1 -12 2 -12 1 -12 1 -12 2 0 0 -12 2 -12 3 -11 2 -11 3 -11 2 -12 2 -12 3 -12 2 -11 3 -12 3 -12 3 -12 3 -11 3 -12 3 -12 4 -13 4 -13 3 -13 4 -13 5 -12 5 -12 4 -12 5 -13 4 -12 4 -13 5 -12 5 0 0 0 0 0 0 0 0 0 0]"
"1769326781978029,CSI_DATA,STATION,00:00:00:00:00:00,0,0,0,0,0,0,0,0,0,0,0,0,0,0,0,0,0,0,0,0,0,128,[84 -64 4 0 0 0 0 0 0 0 0 0 10 6 9 7 9 7 9 7 9 8 9 8 8 8 8 9 8 8 8 9 8 8 7 8 8 8 8 9 7 9 7 9 7 9 6 9 7 8 7 9 6 9 7 9 7 8 7 8 7 8 7 8 0 0 7 7 7 8 7 8 7 7 8 8 8 8 8 8 8 7 8 7 9 7 8 7 9 7 9 7 9 7 9 7 9 7 10 7 10 6 9 7 9 7 10 7 10 7 11 7 10 7 10 7 10 6 0 0 0 0 0 0 0 0 0 0]"
"1769326781982360,CSI_DATA,STATION,00:00:00:00:00:00,0,0,0,0,0,0,0,0,0,0,0,0,0,0,0,0,0,0,0,0,0,128,[84 -64 4 0 0 0 0 0 0 0 0 0 7 9 7 10 6 10 6 10 6 10 6 11 5 11 5 11 4 11 5 11 4 11 4 11 4 11 4 11 3 11 3 11 4 11 3 10 4 11 3 11 3 10 3 10 3 10 4 10 4 10 4 10 0 0 4 10 5 10 5 10 4 10 4 10 5 10 5 10 5 10 5 10 5 10 5 9 5 10 6 10 6 10 6 10 6 10 6 10 7 10 7 10 6 10 7 10 7 10 7 10 8 10 7 10 7 10 0 0 0 0 0 0 0 0 0 0]"
"1769326781988838,CSI_DATA,STATION,00:00:00:00:00:00,0,0,0,0,0,0,0,0,0,0,0,0,0,0,0,0,0,0,0,0,0,128,[84 -64 4 0 0 0 0 0 0 0 0 0 12 1 11 1 12 2 12 2 12 2 11 3 11 3 11 4 11 3 11 4 11 4 10 5 11 5 10 5 11 5 10 4 10 4 10 5 10 5 10 5 10 5 10 6 10 5 10 5 10 5 9 5 0 0 10 4 10 4 10 4 10 4 10 4 10 4 10 4 11 4 10 3 11 3 10 3 11 4 11 4 11 4 11 3 11 3 12 3 11 3 12 3 11 3 11 3 12 4 12 3 12 3 12 4 12 2 0 0 0 0 0 0 0 0 0 0]"
"1769326781993189,CSI_DATA,STATION,00:00:00:00:00:00,0,0,0,0,0,0,0,0,0,0,0,0,0,0,0,0,0,0,0,0,0,128,[84 -64 4 0 0 0 0 0 0 0 0 0 -3 -20 -2 -20 -2 -20 -1 -20 -1 -21 0 -21 0 -20 0 -21 1 -21 1 -20 2 -20 3 -20 2 -20 3 -19 3 -19 4 -19 3 -19 3 -18 3 -19 3 -18 3 -18 3 -18 3 -18 3 -18 3 -18 3 -18 0 0 2 -18 2 -18 2 -19 1 -19 1 -19 1 -19 1 -19 0 -18 1 -19 0 -18 0 -19 0 -19 0 -19 -1 -20 -1 -20 -1 -20 -2 -20 -2 -20 -2 -20 -2 -20 -2 -21 -2 -20 -2 -21 -3 -21 -2 -21 -3 -21 0 0 0 0 0 0 0 0 0 0]"
"1769326781999677,CSI_DATA,STATION,00:00:00:00:00:00,0,0,0,0,0,0,0,0,0,0,0,0,0,0,0,0,0,0,0,0,0,128,[84 -64 4 0 0 0 0 0 0 0 0 0 0 -13 2 -13 2 -13 2 -12 2 -12 3 -13 3 -12 3 -13 3 -12 4 -12 3 -12 4 -12 4 -12 4 -11 4 -11 5 -11 4 -11 4 -12 4 -12 5 -11 4 -11 4 -11 4 -11 4 -11 4 -10 4 -11 0 0 4 -11 4 -11 3 -11 3 -11 3 -11 3 -11 3 -12 4 -12 3 -12 3 -12 2 -12 2 -12 2 -12 2 -12 2 -12 3 -13 2 -13 2 -13 2 -13 1 -13 2 -13 2 -13 2 -13 2 -14 1 -13 1 -14 0 0 0 0 0 0 0 0 0 0]"
"1769326782004015,CSI_DATA,STATION,00:00:00:00:00:00,0,0,0,0,0,0,0,0,0,0,0,0,0,0,0,0,0,0,0,0,0,128,[84 -64 4 0 0 0 0 0 0 0 0 0 19 -3 19 -3 19 -1 20 -1 20 0 20 0 19 0 20 1 19 1 19 2 19 1 18 2 19 3 18 3 18 4 18 4 17 3 17 3 18 4 18 4 17 4 17 4 16 3 17 3 17 4 17 2 0 0 17 3 17 3 17 3 17 2 17 2 18 2 18 2 17 1 17 1 17 0 18 0 18 0 18 1 19 1 18 0 20 0 19 0 19 -2 19 -1 19 -2 20 -2 19 -1 20 -1 20 -2 20 -2 20 -2 0 0 0 0 0 0 0 0 0 0]"
"1769326782008332,CSI_DATA,STATION,00:00:00:00:00:00,0,0,0,0,0,0,0,0,0,0,0,0,0,0,0,0,0,0,0,0,0,128,[84 -64 4 0 0 0 0 0 0 0 0 0 10 -7 10 -6 10 -6 11 -5 11 -5 11 -5 11 -5 11 -4 12 -4 11 -4 11 -4 11 -4 11 -3 11 -3 12 -3 11 -3 11 -3 10 -3 11 -3 11 -2 11 -2 10 -3 11 -3 11 -3 11 -2 10 -4 0 0 11 -3 11 -3 11 -3 10 -3 10 -3 10 -3 11 -3 11 -4 10 -4 10 -4 10 -5 11 -4 11 -4 11 -5 11 -5 11 -5 11 -5 11 -6 11 -5 11 -6 11 -5 11 -5 12 -5 11 -6 12 -6 11 -6 0 0 0 0 0 0 0 0 0 0]"
"1769326782014850,CSI_DATA,STATION,00:00:00:00:00:00,0,0,0,0,0,0,0,0,0,0,0,0,0,0,0,0,0,0,0,0,0,128,[84 -64 4 0 0 0 0 0 0 0 0 0 -6 -11 -5 -12 -4 -12 -5 -12 -5 -12 -4 -12 -3 -13 -4 -13 -3 -13 -2 -13 -2 -13 -3 -13 -2 -12 -2 -12 -3 -12 -2 -12 -1 -13 -1 -12 -2 -12 -2 -12 -2 -12 -2 -12 -2 -12 -1 -12 -2 -12 -2 -12 0 0 -2 -12 -2 -12 -3 -12 -3 -11 -3 -12 -4 -12 -3 -12 -4 -11 -3 -12 -4 -12 -4 -13 -4 -12 -4 -12 -4 -12 -4 -12 -5 -13 -5 -12 -5 -13 -5 -13 -5 -13 -6 -13 -6 -12 -6 -12 -5 -13 -5 -13 -5 -13 0 0 0 0 0 0 0 0 0 0]"
"1769326782019174,CSI_DATA,STATION,00:00:00:00:00:00,0,0,0,0,0,0,0,0,0,0,0,0,0,0,0,0,0,0,0,0,0,128,[84 -64 4 0 0 0 0 0 0 0 0 0 -10 7 -11 7 -11 6 -11 6 -12 5 -11 6 -12 5 -12 4 -12 4 -12 4 -12 4 -12 4 -12 4 -12 4 -12 3 -12 3 -12 3 -11 3 -12 3 -12 3 -11 3 -12 3 -11 3 -12 4 -11 4 -11 4 0 0 -10 4 -11 4 -10 4 -10 5 -10 5 -11 5 -11 5 -11 5 -10 5 -10 5 -10 6 -11 5 -11 6 -11 6 -11 7 -11 7 -11 7 -10 7 -11 7 -11 8 -11 8 -11 8 -11 8 -10 8 -11 8 -11 8 0 0 0 0 0 0 0 0 0 0]"
"1769326782023504,CSI_DATA,STATION,00:00:00:00:00:00,0,0,0,0,0,0,0,0,0,0,0,0,0,0,0,0,0,0,0,0,0,128,[84 -64 4 0 0 0 0 0 0 0 0 0 -13 -3 -13 -2 -13 -3 -13 -3 -13 -3 -12 -4 -12 -5 -12 -5 -12 -5 -12 -5 -12 -5 -11 -5 -11 -6 -12 -6 -11 -6 -11 -6 -11 -6 -11 -6 -11 -6 -11 -6 -11 -6 -11 -6 -11 -6 -11 -6 -11 -5 -11 -5 0 0 -11 -5 -11 -4 -11 -5 -11 -4 -11 -4 -11 -4 -11 -4 -12 -4 -11 -4 -12 -4 -12 -3 -12 -4 -12 -4 -12 -4 -12 -3 -12 -3 -13 -4 -13 -3 -13 -3 -13 -3 -13 -3 -13 -3 -13 -3 -13 -3 -14 -3 -13 -3 0 0 0 0 0 0 0 0 0 0]"
"1769326782029996,CSI_DATA,STATION,00:00:00:00:00:00,0,0,0,0,0,0,0,0,0,0,0,0,0,0,0,0,0,0,0,0,0,128,[84 -64 4 0 0 0 0 0 0 0 0 0 -4 13 -4 13 -5 13 -5 13 -5 13 -6 12 -6 12 -7 12 -6 13 -7 11 -8 11 -8 11 -9 11 -8 11 -8 11 -8 10 -9 10 -8 10 -8 11 -7 10 -8 10 -7 10 -7 11 -7 10 -7 10 -7 11 0 0 -7 11 -7 10 -7 11 -6 11 -7 11 -7 10 -7 11 -6 11 -6 11 -6 11 -6 11 -6 12 -7 11 -5 13 -5 12 -5 13 -5 13 -5 13 -5 13 -5 12 -5 13 -4 14 -5 13 -4 14 -5 13 -4 13 0 0 0 0 0 0 0 0 0 0]"
"1769326782034310,CSI_DATA,STATION,00:00:00:00:00:00,0,0,0,0,0,0,0,0,0,0,0,0,0,0,0,0,0,0,0,0,0,128,[84 -64 4 0 0 0 0 0 0 0 0 0 -18 9 -18 8 -20 8 -20 7 -20 6 -19 7 -19 6 -20 6 -19 6 -20 4 -20 4 -19 3 -20 3 -20 2 -20 2 -19 2 -19 2 -19 3 -19 2 -19 2 -19 3 -19 2 -18 3 -18 2 -19 2 -18 3 0 0 -18 4 -18 3 -18 3 -18 4 -18 4 -18 4 -18 4 -18 4 -18 5 -18 6 -18 6 -18 5 -19 5 -19 6 -18 7 -19 7 -19 7 -18 7 -18 8 -18 8 -19 8 -19 8 -19 8 -19 8 -19 8 -19 9 0 0 0 0 0 0 0 0 0 0]"
"1769326782040785,CSI_DATA,STATION,00:00:00:00:00:00,0,0,0,0,0,0,0,0,0,0,0,0,0,0,0,0,0,0,0,0,0,128,[84 -64 4 0 0 0 0 0 0 0 0 0 -9 8 -10 8 -11 8 -10 7 -11 7 -11 7 -11 7 -11 7 -11 6 -11 6 -12 6 -12 5 -11 5 -12 5 -11 4 -11 5 -11 5 -11 5 -11 4 -11 4 -11 4 -11 5 -11 5 -11 4 -10 5 -11 5 0 0 -10 5 -11 5 -10 5 -11 6 -10 5 -10 6 -11 5 -10 6 -10 6 -10 6 -10 7 -10 6 -11 6 -10 7 -10 7 -10 7 -10 8 -10 8 -10 8 -10 7 -10 8 -10 8 -11 8 -10 9 -10 9 -10 9 0 0 0 0 0 0 0 0 0 0]"
"1769326782045164,CSI_DATA,STATION,00:00:00:00:00:00,0,0,0,0,0,0,0,0,0,0,0,0,0,0,0,0,0,0,0,0,0,128,[84 -64 4 0 0 0 0 0 0 0 0 0 6 -19 7 -19 8 -19 8 -19 8 -18 9 -19 10 -17 10 -18 10 -18 10 -17 11 -17 11 -16 12 -16 11 -16 12 -16 12 -16 11 -15 11 -15 11 -15 11 -15 11 -15 11 -15 10 -14 10 -14 11 -15 10 -15 0 0 10 -16 10 -15 10 -15 9 -16 9 -15 9 -16 9 -16 9 -16 9 -17 8 -16 8 -17 8 -16 8 -18 8 -18 8 -18 8 -18 7 -18 7 -19 7 -18 7 -19 7 -20 7 -20 7 -20 6 -19 7 -20 6 -20 0 0 0 0 0 0 0 0 0 0]"
"1769326782049415,CSI_DATA,STATION,00:00:00:00:00:00,0,0,0,0,0,0,0,0,0,0,0,0,0,0,0,0,0,0,0,0,0,128,[84 -64 4 0 0 0 0 0 0 0 0 0 10 6 10 7 10 7 10 8 9 8 9 8 8 8 9 8 9 9 8 9 8 8 8 9 8 9 7 9 7 9 7 8 7 9 7 8 8 8 7 9 7 8 7 9 7 8 8 9 8 8 8 8 0 0 7 8 7 8 7 7 7 7 8 7 8 7 8 7 9 7 9 7 8 7 9 6 9 7 9 7 10 7 9 7 10 6 10 6 10 6 11 6 10 6 11 5 11 6 12 6 11 6 11 6 11 6 0 0 0 0 0 0 0 0 0 0]"
"1769326782055777,CSI_DATA,STATION,00:00:00:00:00:00,0,0,0,0,0,0,0,0,0,0,0,0,0,0,0,0,0,0,0,0,0,128,[84 -64 4 0 0 0 0 0 0 0 0 0 15 -8 16 -8 16 -7 17 -6 17 -6 17 -6 17 -6 17 -5 17 -5 17 -4 17 -4 17 -3 17 -3 17 -3 17 -2 16 -3 16 -3 16 -3 16 -3 16 -2 16 -2 16 -2 16 -3 16 -3 16 -2 16 -4 0 0 16 -4 15 -3 16 -4 15 -4 15 -4 15 -4 15 -4 15 -5 15 -5 15 -6 15 -6 15 -6 16 -6 16 -6 15 -6 16 -7 16 -7 15 -8 16 -8 15 -8 16 -8 16 -8 17 -8 16 -9 16 -9 17 -9 0 0 0 0 0 0 0 0 0 0]"
"1769326782060021,CSI_DATA,STATION,00:00:00:00:00:00,0,0,0,0,0,0,0,0,0,0,0,0,0,0,0,0,0,0,0,0,0,128,[84 -64 4 0 0 0 0 0 0 0 0 0 -11 5 -11 4 -12 4 -12 3 -12 3 -12 4 -12 3 -13 3 -13 2 -13 2 -13 2 -12 2 -12 1 -13 1 -12 1 -12 1 -12 1 -11 1 -13 0 -12 1 -12 1 -12 1 -12 1 -12 1 -12 1 -12 2 0 0 -11 2 -12 2 -12 2 -12 2 -12 2 -12 3 -12 2 -11 3 -11 3 -12 3 -12 3 -12 3 -12 3 -12 4 -12 4 -12 4 -12 4 -12 5 -12 5 -13 5 -12 5 -12 5 -13 5 -13 5 -12 5 -13 5 0 0 0 0 0 0 0 0 0 0]"
"1769326782066480,CSI_DATA,STATION,00:00:00:00:00:00,0,0,0,0,0,0,0,0,0,0,0,0,0,0,0,0,0,0,0,0,0,128,[84 -64 4 0 0 0 0 0 0 0 0 0 -20 -2 -19 -4 -21 -4 -20 -5 -21 -5 -20 -5 -20 -6 -20 -6 -19 -7 -20 -8 -19 -7 -19 -8 -19 -9 -18 -9 -18 -9 -18 -9 -17 -7 -18 -8 -18 -9 -17 -9 -17 -8 -17 -8 -17 -8 -17 -8 -17 -8 -17 -8 0 0 -17 -7 -18 -7 -17 -7 -18 -7 -18 -6 -18 -7 -18 -6 -18 -6 -18 -5 -18 -5 -19 -5 -18 -5 -19 -5 -19 -5 -20 -4 -19 -4 -20 -4 -20 -3 -20 -3 -20 -3 -20 -3 -21 -4 -21 -3 -21 -3 -21 -3 -21 -2 0 0 0 0 0 0 0 0 0 0]"
"1769326782070794,CSI_DATA,STATION,00:00:00:00:00:00,0,0,0,0,0,0,0,0,0,0,0,0,0,0,0,0,0,0,0,0,0,128,[84 -64 4 0 0 0 0 0 0 0 0 0 11 -3 12 -2 12 -1 13 -1 12 -1 12 0 12 0 12 0 11 0 12 1 12 1 12 1 12 2 12 2 11 2 11 1 11 2 11 2 12 2 11 2 11 2 11 2 11 2 11 1 11 2 11 1 0 0 11 1 11 1 11 1 10 0 12 1 11 0 11 0 11 1 11 0 12 0 11 -1 12 0 12 -1 12 -1 12 -1 12 -1 12 -1 12 -1 12 -2 12 -1 12 -2 12 -1 13 -2 13 -2 13 -1 12 -2 0 0 0 0 0 0 0 0 0 0]"
"1769326782077318,CSI_DATA,STATION,00:00:00:00:00:00,0,0,0,0,0,0,0,0,0,0,0,0,0,0,0,0,0,0,0,0,0,128,[84 -64 4 0 0 0 0 0 0 0 0 0 -8 -20 -7 -19 -7 -20 -6 -20 -6 -21 -5 -20 -4 -20 -4 -21 -3 -21 -3 -20 -3 -21 -2 -20 -2 -20 -2 -20 -1 -20 0 -20 -1 -19 -1 -19 -1 -19 0 -19 -1 -19 0 -19 -1 -19 -1 -19 -1 -19 -1 -19 0 0 -1 -18 -2 -19 -2 -18 -2 -19 -2 -19 -2 -19 -2 -19 -4 -19 -3 -19 -4 -19 -4 -19 -4 -19 -4 -19 -4 -19 -4 -20 -4 -20 -6 -20 -5 -19 -5 -20 -5 -20 -5 -20 -5 -20 -6 -21 -7 -20 -6 -20 -7 -20 0 0 0 0 0 0 0 0 0 0]"
"1769326782081642,CSI_DATA,STATION,00:00:00:00:00:00,0,0,0,0,0,0,0,0,0,0,0,0,0,0,0,0,0,0,0,0,0,128,[84 -64 4 0 0 0 0 0 0 0 0 0 6 -11 6 -11 7 -11 6 -10 8 -10 8 -10 8 -10 8 -10 8 -9 9 -9 8 -9 9 -9 9 -8 9 -8 8 -8 9 -8 8 -8 9 -8 8 -8 9 -7 9 -7 9 -7 9 -8 8 -8 8 -7 8 -8 0 0 9 -8 8 -8 8 -8 8 -8 8 -8 8 -8 8 -9 8 -9 7 -9 8 -9 7 -10 7 -9 7 -9 7 -9 8 -10 7 -10 8 -10 7 -10 7 -10 7 -11 7 -10 7 -10 8 -10 7 -11 8 -11 7 -11 0 0 0 0 0 0 0 0 0 0]"
"1769326782085979,CSI_DATA,STATION,00:00:00:00:00:00,0,0,0,0,0,0,0,0,0,0,0,0,0,0,0,0,0,0,0,0,0,128,[84 -64 4 0 0 0 0 0 0 0 0 0 7 -11 7 -10 8 -10 8 -10 8 -9 8 -9 9 -9 9 -9 10 -8 10 -8 9 -8 9 -8 10 -8 9 -7 10 -7 10 -7 9 -7 9 -8 9 -7 10 -7 9 -7 9 -7 9 -7 9 -7 9 -7 9 -7 0 0 8 -7 9 -7 8 -8 8 -8 8 -8 8 -8 8 -8 8 -9 8 -8 8 -9 8 -9 8 -9 8 -9 8 -9 8 -10 8 -10 8 -10 8 -10 8 -10 8 -11 8 -11 8 -10 8 -10 8 -11 8 -11 7 -11 0 0 0 0 0 0 0 0 0 0]"
"1769326782092461,CSI_DATA,STATION,00:00:00:00:00:00,0,0,0,0,0,0,0,0,0,0,0,0,0,0,0,0,0,0,0,0,0,128,[84 -64 4 0 0 0 0 0 0 0 0 0 16 6 16 7 15 8 15 9 15 9 15 9 14 10 14 10 13 10 13 11 13 10 13 10 13 11 12 11 12 12 12 11 12 11 11 11 12 12 11 12 11 12 11 11 10 10 12 11 12 11 11 10 0 0 11 11 11 10 12 11 11 10 12 10 12 10 12 10 12 10 12 10 12 9 13 9 13 9 14 10 14 10 14 9 14 9 14 9 15 9 15 9 14 8 15 9 15 9 15 9 15 8 16 8 15 8 0 0 0 0 0 0 0 0 0 0]"
"1769326782096762,CSI_DATA,STATION,00:00:00:00:00:00,0,0,0,0,0,0,0,0,0,0,0,0,0,0,0,0,0,0,0,0,0,128,[84 -64 4 0 0 0 0 0 0 0 0 0 -12 4 -13 4 -13 3 -13 2 -13 2 -13 2 -12 2 -13 2 -13 1 -14 2 -13 1 -12 1 -13 0 -13 1 -13 1 -13 1 -12 0 -12 0 -13 -1 -12 0 -12 0 -12 0 -12 0 -12 0 -12 0 -12 1 0 0 -12 1 -12 1 -12 1 -12 1 -12 1 -12 2 -12 1 -12 2 -12 2 -12 2 -12 3 -12 2 -12 3 -13 3 -12 3 -12 3 -12 3 -13 3 -13 4 -13 4 -13 4 -13 4 -13 4 -13 4 -13 5 -13 4 0 0 0 0 0 0 0 0 0 0]"
"1769326782103226,CSI_DATA,STATION,00:00:00:00:00:00,0,0,0,0,0,0,0,0,0,0,0,0,0,0,0,0,0,0,0,0,0,128,[84 -64 4 0 0 0 0 0 0 0 0 0 1 12 0 12 -1 12 -1 12 -1 11 -2 12 -2 12 -3 12 -2 12 -2 11 -2 12 -3 11 -3 11 -3 11 -4 11 -3 11 -4 11 -4 11 -4 11 -3 10 -3 10 -3 11 -4 11 -3 10 -3 11 -3 11 0 0 -4 11 -2 10 -3 11 -3 10 -2 11 -2 10 -2 11 -2 11 -2 11 -2 11 -2 11 -1 11 -2 12 -1 12 -1 11 -1 12 -1 12 -1 12 -1 12 -1 12 0 12 0 12 -1 12 0 12 -1 13 0 13 0 0 0 0 0 0 0 0 0 0]"
"1769326782114001,CSI_DATA,STATION,00:00:00:00:00:00,0,0,0,0,0,0,0,0,0,0,0,0,0,0,0,0,0,0,0,0,0,128,[84 -64 4 0 0 0 0 0 0 0 0 0 5 14 5 15 4 15 4 16 3 15 3 16 2 16 2 16 2 15 1 15 1 16 1 15 0 15 0 15 0 15 0 15 -1 15 -1 14 0 15 0 15 0 14 0 14 -1 14 0 14 0 14 0 14 0 0 0 14 1 14 1 14 1 14 1 14 1 14 1 14 2 14 1 14 2 14 2 14 2 15 2 14 3 15 2 15 3 16 3 15 3 15 3 15 3 15 4 15 4 15 4 15 4 16 4 15 4 16 0 0 0 0 0 0 0 0 0 0]"
"1769326782120459,CSI_DATA,STATION,00:00:00:00:00:00,0,0,0,0,0,0,0,0,0,0,0,0,0,0,0,0,0,0,0,0,0,128,[84 -64 4 0 0 0 0 0 0 0 0 0 11 -1 11 -1 11 0 11 0 11 0 10 0 10 1 10 1 11 1 11 2 10 1 10 2 10 2 10 2 10 2 10 2 10 2 10 2 10 2 10 2 10 2 10 2 9 2 10 2 10 2 10 1 0 0 10 1 10 1 10 1 10 0 10 1 10 1 10 1 10 0 10 0 10 0 10 -1 10 0 11 0 11 0 11 -1 11 -1 11 -1 11 -2 11 -1 11 -2 12 -1 11 -1 12 -2 12 -2 12 -2 12 -2 0 0 0 0 0 0 0 0 0 0]"
"1769326782124766,CSI_DATA,STATION,00:00:00:00:00:00,0,0,0,0,0,0,0,0,0,0,0,0,0,0,0,0,0,0,0,0,0,128,[84 -64 4 0 0 0 0 0 0 0 0 0 11 -6 11 -5 11 -5 12 -4 11 -3 11 -4 12 -3 11 -3 11 -3 12 -2 11 -2 11 -2 11 -2 11 -2 12 -1 12 -1 11 -1 11 -1 11 -1 11 -1 10 -1 11 -1 11 -1 11 -1 11 -1 11 -2 0 0 10 -2 11 -2 11 -2 11 -2 10 -2 11 -2 11 -2 11 -3 11 -3 11 -4 10 -4 11 -3 11 -3 11 -3 11 -4 11 -4 12 -4 11 -5 11 -4 11 -5 12 -4 12 -4 12 -4 12 -4 12 -5 11 -4 0 0 0 0 0 0 0 0 0 0]"
"1769326782131242,CSI_DATA,STATION,00:00:00:00:00:00,0,0,0,0,0,0,0,0,0,0,0,0,0,0,0,0,0,0,0,0,0,128,[84 -64 4 0 0 0 0 0 0 0 0 0 11 2 11 3 11 3 11 5 11 5 10 5 10 6 10 6 10 5 10 6 10 5 10 6 10 6 10 6 10 6 9 6 9 6 9 6 9 6 9 6 9 6 9 6 9 5 10 5 9 5 10 5 0 0 9 5 9 5 10 5 9 5 10 5 9 5 10 4 10 5 10 4 10 4 10 3 11 4 11 3 11 4 11 3 11 3 11 3 11 3 12 3 11 3 12 3 12 3 12 3 12 2 12 2 12 3 0 0 0 0 0 0 0 0 0 0]"
"1769326782137724,CSI_DATA,STATION,00:00:00:00:00:00,0,0,0,0,0,0,0,0,0,0,0,0,0,0,0,0,0,0,0,0,0,128,[84 -64 4 0 0 0 0 0 0 0 0 0 -11 7 -11 7 -10 6 -11 6 -11 6 -11 6 -11 6 -11 5 -12 5 -12 4 -11 5 -12 4 -12 4 -12 4 -12 4 -11 4 -12 3 -11 3 -12 4 -11 3 -11 3 -11 4 -11 4 -11 4 -11 4 -11 4 0 0 -11 4 -11 5 -10 4 -10 5 -11 5 -10 5 -10 5 -10 5 -10 6 -10 6 -11 6 -11 6 -10 6 -11 6 -10 7 -11 7 -10 7 -10 7 -10 7 -10 7 -10 8 -10 8 -10 8 -11 8 -10 8 -10 8 0 0 0 0 0 0 0 0 0 0]"
"1769326782142087,CSI_DATA,STATION,00:00:00:00:00:00,0,0,0,0,0,0,0,0,0,0,0,0,0,0,0,0,0,0,0,0,0,128,[84 -64 4 0 0 0 0 0 0 0 0 0 8 -9 9 -8 8 -8 9 -8 9 -8 10 -8 9 -8 10 -7 10 -7 10 -7 10 -7 10 -7 10 -6 10 -6 11 -6 9 -6 10 -6 9 -6 9 -6 10 -6 10 -6 9 -6 9 -6 9 -6 9 -6 10 -6 0 0 9 -6 9 -6 9 -6 9 -7 9 -7 9 -7 9 -7 9 -7 8 -7 9 -8 8 -8 9 -8 9 -8 8 -8 8 -9 9 -9 8 -9 8 -10 9 -9 8 -9 8 -10 8 -9 9 -9 8 -10 8 -10 8 -10 0 0 0 0 0 0 0 0 0 0]"
"1769326782146446,CSI_DATA,STATION,00:00:00:00:00:00,0,0,0,0,0,0,0,0,0,0,0,0,0,0,0,0,0,0,0,0,0,128,[84 -64 4 0 0 0 0 0 0 0 0 0 9 6 10 7 9 8 9 7 9 8 9 8 9 8 8 9 8 9 8 9 8 8 8 8 7 8 7 8 7 9 7 9 7 9 6 8 7 9 6 9 7 8 6 9 6 9 7 8 7 8 7 8 0 0 7 8 7 8 7 8 7 8 8 8 8 8 8 8 8 8 8 7 8 7 8 7 9 8 9 8 9 7 9 8 9 7 9 7 9 7 9 7 9 7 10 7 10 7 10 7 10 7 10 6 10 6 0 0 0 0 0 0 0 0 0 0]"
"1769326782152814,CSI_DATA,STATION,00:00:00:00:00:00,0,0,0,0,0,0,0,0,0,0,0,0,0,0,0,0,0,0,0,0,0,128,[84 -64 4 0 0 0 0 0 0 0 0 0 17 -10 17 -10 18 -9 18 -8 18 -8 18 -7 19 -7 19 -7 18 -6 18 -5 18 -6 18 -6 19 -5 18 -5 18 -4 18 -4 18 -4 18 -4 18 -4 17 -4 17 -4 17 -4 17 -4 17 -5 17 -4 17 -5 0 0 17 -5 17 -5 17 -5 17 -6 17 -6 17 -6 17 -6 17 -7 17 -7 16 -8 16 -8 16 -8 17 -8 17 -8 17 -9 17 -9 18 -9 17 -10 17 -10 17 -10 17 -11 17 -10 17 -10 17 -11 17 -12 17 -12 0 0 0 0 0 0 0 0 0 0]"
"1769326782157087,CSI_DATA,STATION,00:00:00:00:00:00,0,0,0,0,0,0,0,0,0,0,0,0,0,0,0,0,0,0,0,0,0,128,[84 -64 4 0 0 0 0 0 0 0 0 0 -8 7 -8 7 -9 6 -10 7 -10 6 -10 6 -9 6 -10 5 -10 5 -10 5 -10 5 -10 5 -10 4 -10 4 -10 4 -10 4 -10 5 -10 4 -10 4 -10 4 -10 4 -10 4 -10 4 -10 4 -10 4 -10 5 0 0 -10 5 -10 4 -9 5 -10 5 -10 5 -10 5 -9 5 -9 5 -9 6 -9 6 -10 6 -10 6 -10 6 -10 6 -9 6 -10 6 -9 6 -10 7 -10 7 -10 7 -10 7 -10 7 -10 7 -10 7 -10 8 -10 8 0 0 0 0 0 0 0 0 0 0]"
"1769326782163467,CSI_DATA,STATION,00:00:00:00:00:00,0,0,0,0,0,0,0,0,0,0,0,0,0,0,0,0,0,0,0,0,0,128,[84 -64 4 0 0 0 0 0 0 0 0 0 -18 8 -18 7 -19 7 -19 7 -19 5 -19 6 -19 5 -20 5 -19 5 -20 4 -20 4 -19 3 -20 3 -19 2 -19 2 -19 2 -19 2 -18 3 -19 2 -19 2 -18 2 -18 1 -18 2 -18 2 -18 2 -18 3 0 0 -18 3 -18 3 -18 3 -17 4 -18 4 -18 3 -18 4 -18 4 -18 5 -18 5 -18 6 -18 6 -18 5 -18 6 -18 6 -19 7 -19 7 -18 8 -18 8 -18 8 -18 8 -18 8 -18 8 -19 9 -19 9 -19 9 0 0 0 0 0 0 0 0 0 0]"
"1769326782167729,CSI_DATA,STATION,00:00:00:00:00:00,0,0,0,0,0,0,0,0,0,0,0,0,0,0,0,0,0,0,0,0,0,128,[84 -64 4 0 0 0 0 0 0 0 0 0 17 -2 17 -1 17 0 18 0 18 1 17 0 17 1 17 1 17 2 17 2 17 2 16 3 17 3 16 4 16 4 16 3 16 3 15 3 16 4 16 4 15 4 15 3 15 3 16 3 15 4 15 2 0 0 15 2 15 2 16 2 15 1 16 2 16 1 16 1 16 1 16 0 15 0 16 0 16 0 16 0 17 0 17 -1 17 -1 17 -1 17 -2 17 -2 17 -2 17 -2 17 -2 18 -2 18 -2 18 -3 18 -3 0 0 0 0 0 0 0 0 0 0]"
"1769326782171987,CSI_DATA,STATION,00:00:00:00:00:00,0,0,0,0,0,0,0,0,0,0,0,0,0,0,0,0,0,0,0,0,0,128,[84 -64 4 0 0 0 0 0 0 0 0 0 -1 -18 0 -18 0 -19 1 -19 1 -19 1 -19 2 -18 3 -19 3 -18 3 -18 3 -18 4 -17 4 -17 4 -17 4 -17 4 -17 4 -16 4 -16 4 -16 4 -17 4 -16 4 -16 4 -16 4 -16 4 -16 3 -16 0 0 3 -16 3 -16 2 -16 2 -17 2 -16 2 -17 2 -17 1 -17 2 -17 1 -17 1 -17 0 -17 1 -18 1 -18 0 -18 0 -18 -1 -19 -1 -18 -1 -18 -1 -18 -1 -18 -1 -19 -1 -19 -2 -19 -1 -19 -2 -19 0 0 0 0 0 0 0 0 0 0]"
"1769326782178423,CSI_DATA,STATION,00:00:00:00:00:00,0,0,0,0,0,0,0,0,0,0,0,0,0,0,0,0,0,0,0,0,0,128,[84 -64 4 0 0 0 0 0 0 0 0 0 -6 10 -7 10 -7 10 -7 10 -8 10 -8 10 -8 10 -8 9 -9 9 -9 8 -9 9 -9 8 -9 8 -9 8 -9 8 -9 8 -9 8 -8 8 -9 7 -10 7 -8 7 -9 8 -8 8 -9 7 -8 7 -9 8 0 0 -8 8 -8 8 -8 8 -8 8 -8 8 -8 8 -8 9 -8 8 -7 9 -8 9 -7 9 -8 8 -8 9 -8 10 -7 9 -7 10 -7 10 -7 11 -7 11 -7 11 -8 11 -7 11 -7 11 -7 11 -8 11 -7 11 0 0 0 0 0 0 0 0 0 0]"
"1769326782182784,CSI_DATA,STATION,00:00:00:00:00:00,0,0,0,0,0,0,0,0,0,0,0,0,0,0,0,0,0,0,0,0,0,128,[84 -64 4 0 0 0 0 0 0 0 0 0 -11 5 -11 5 -12 4 -12 4 -11 3 -12 4 -12 4 -12 2 -12 2 -13 2 -13 2 -12 2 -12 2 -12 2 -12 1 -12 2 -12 1 -11 1 -12 1 -12 1 -12 1 -11 1 -11 2 -12 1 -11 1 -12 2 0 0 -11 1 -11 2 -11 2 -11 2 -12 2 -12 2 -12 2 -12 2 -11 3 -12 3 -12 4 -12 3 -12 4 -12 4 -12 4 -12 4 -12 4 -12 4 -13 4 -12 4 -12 5 -12 5 -12 4 -12 5 -12 5 -12 5 0 0 0 0 0 0 0 0 0 0]"
"1769326782189290,CSI_DATA,STATION,00:00:00:00:00:00,0,0,0,0,0,0,0,0,0,0,0,0,0,0,0,0,0,0,0,0,0,128,[84 -64 4 0 0 0 0 0 0 0 0 0 -13 -3 -12 -4 -12 -4 -12 -5 -12 -5 -12 -5 -11 -6 -11 -6 -11 -6 -12 -7 -11 -6 -11 -7 -11 -7 -11 -6 -11 -7 -10 -6 -10 -7 -10 -6 -11 -7 -10 -7 -11 -7 -10 -6 -10 -6 -11 -6 -10 -6 -10 -5 0 0 -10 -6 -11 -5 -11 -5 -10 -5 -11 -5 -11 -5 -11 -5 -12 -5 -11 -5 -11 -5 -12 -5 -12 -5 -12 -4 -12 -5 -12 -4 -12 -4 -12 -4 -12 -4 -13 -4 -13 -4 -13 -3 -13 -4 -13 -4 -14 -3 -13 -3 -13 -3 0 0 0 0 0 0 0 0 0 0]"
"1769326782193633,CSI_DATA,STATION,00:00:00:00:00:00,0,0,0,0,0,0,0,0,0,0,0,0,0,0,0,0,0,0,0,0,0,128,[84 -64 4 0 0 0 0 0 0 0 0 0 4 9 4 10 3 10 3 10 3 10 3 10 2 10 2 11 1 11 2 10 1 10 1 10 1 10 1 10 1 10 1 10 1 10 0 10 0 10 1 10 0 10 1 10 1 10 1 10 1 10 1 10 0 0 1 10 1 10 1 10 2 10 2 10 2 10 2 10 2 10 2 10 2 10 3 10 3 11 3 11 3 11 3 11 3 10 3 10 4 10 3 11 3 11 3 11 3 11 4 11 4 11 4 11 4 11 0 0 0 0 0 0 0 0 0 0]"
"1769326782197978,CSI_DATA,STATION,00:00:00:00:00:00,0,0,0,0,0,0,0,0,0,0,0,0,0,0,0,0,0,0,0,0,0,128,[84 -64 4 0 0 0 0 0 0 0 0 0 12 -1 12 0 13 0 12 1 12 1 12 1 12 2 12 2 11 2 11 2 11 3 11 2 12 3 11 3 11 3 11 2 11 4 11 3 11 3 11 3 10 3 10 3 10 2 11 3 11 2 10 2 0 0 10 2 10 2 11 2 10 2 11 2 11 1 11 1 11 1 11 1 11 1 11 0 11 1 12 0 11 0 11 0 12 0 12 0 12 -1 12 0 12 -1 12 0 12 0 13 0 13 -1 13 -1 12 -1 0 0 0 0 0 0 0 0 0 0]"
"1769326782204465,CSI_DATA,STATION,00:00:00:00:00:00,0,0,0,0,0,0,0,0,0,0,0,0,0,0,0,0,0,0,0,0,0,128,[84 -64 4 0 0 0 0 0 0 0 0 0 8 -7 8 -7 9 -6 9 -6 9 -5 10 -6 10 -5 10 -4 10 -4 10 -5 10 -5 10 -5 10 -4 10 -4 10 -4 9 -4 10 -3 9 -4 10 -4 10 -3 10 -3 10 -3 9 -3 9 -4 10 -4 10 -4 0 0 10 -4 9 -4 9 -4 9 -4 9 -4 10 -4 9 -4 9 -5 9 -5 9 -5 9 -6 9 -6 9 -6 10 -5 10 -5 10 -6 9 -6 10 -7 10 -6 10 -6 10 -6 10 -6 10 -7 10 -7 10 -8 10 -7 0 0 0 0 0 0 0 0 0 0]"
"1769326782208791,CSI_DATA,STATION,00:00:00:00:00:00,0,0,0,0,0,0,0,0,0,0,0,0,0,0,0,0,0,0,0,0,0,128,[84 -64 4 0 0 0 0 0 0 0 0 0 -11 6 -11 5 -12 5 -12 4 -12 4 -12 4 -13 4 -13 3 -12 3 -13 3 -12 2 -13 3 -12 2 -12 2 -12 1 -12 2 -12 2 -12 1 -12 1 -12 1 -12 1 -12 1 -11 2 -12 1 -12 1 -12 2 0 0 -12 2 -11 2 -12 2 -12 3 -12 2 -12 2 -12 2 -11 2 -12 3 -12 3 -12 4 -12 3 -12 3 -12 4 -12 3 -12 4 -12 4 -12 4 -13 5 -13 4 -12 4 -12 4 -13 4 -12 4 -13 5 -13 5 0 0 0 0 0 0 0 0 0 0]"
"1769326782215332,CSI_DATA,STATION,00:00:00:00:00:00,0,0,0,0,0,0,0,0,0,0,0,0,0,0,0,0,0,0,0,0,0,128,[84 -64 4 0 0 0 0 0 0 0 0 0 6 -11 6 -11 7 -11 7 -10 7 -10 8 -10 8 -10 8 -9 9 -9 9 -9 8 -9 9 -9 8 -8 9 -8 9 -8 9 -8 9 -7 9 -8 9 -8 9 -7 8 -8 9 -8 9 -8 8 -8 8 -8 8 -8 0 0 8 -8 8 -8 8 -8 8 -8 8 -8 8 -8 8 -8 8 -9 8 -9 7 -9 7 -9 8 -9 8 -9 8 -9 8 -10 8 -10 8 -10 7 -10 8 -10 8 -11 8 -10 8 -10 8 -10 8 -11 8 -11 8 -11 0 0 0 0 0 0 0 0 0 0]"
"1769326782219655,CSI_DATA,STATION,00:00:00:00:00:00,0,0,0,0,0,0,0,0,0,0,0,0,0,0,0,0,0,0,0,0,0,128,[84 -64 4 0 0 0 0 0 0 0 0 0 -8 8 -8 8 -8 7 -9 7 -9 7 -9 7 -9 6 -9 7 -10 6 -10 6 -10 6 -10 6 -10 5 -10 5 -10 5 -10 5 -10 5 -10 5 -9 4 -10 4 -10 4 -10 4 -10 5 -9 5 -10 4 -10 5 0 0 -10 5 -10 5 -9 5 -9 5 -9 5 -9 5 -10 5 -9 5 -9 6 -10 6 -10 6 -9 6 -10 6 -10 6 -10 7 -9 6 -9 7 -10 7 -10 7 -10 7 -10 7 -10 7 -10 7 -10 8 -10 7 -10 7 0 0 0 0 0 0 0 0 0 0]"
"1769326782224010,CSI_DATA,STATION,00:00:00:00:00:00,0,0,0,0,0,0,0,0,0,0,0,0,0,0,0,0,0,0,0,0,0,128,[84 -64 4 0 0 0 0 0 0 0 0 0 11 -3 12 -3 12 -2 12 -2 12 -2 12 -1 12 -1 12 0 12 0 12 0 11 0 11 0 12 0 12 0 12 1 11 1 12 1 11 1 11 1 11 1 11 1 11 1 10 1 11 1 11 0 11 0 0 0 11 1 11 0 11 -1 10 0 11 0 11 0 11 -1 11 -1 11 -1 11 -1 11 -1 12 -1 12 -1 12 -1 11 -1 12 -1 12 -2 12 -2 12 -2 12 -2 12 -2 12 -2 12 -2 12 -2 12 -2 12 -3 0 0 0 0 0 0 0 0 0 0]"
"1769326782230457,CSI_DATA,STATION,00:00:00:00:00:00,0,0,0,0,0,0,0,0,0,0,0,0,0,0,0,0,0,0,0,0,0,128,[84 -64 4 0 0 0 0 0 0 0 0 0 -9 8 -10 8 -10 8 -10 7 -10 7 -11 7 -11 7 -11 6 -11 6 -11 6 -11 6 -11 6 -11 5 -11 5 -11 5 -11 6 -11 5 -10 5 -11 4 -10 5 -10 4 -11 5 -10 5 -10 5 -11 5 -10 5 0 0 -10 5 -10 5 -10 6 -10 6 -10 6 -10 6 -10 6 -10 6 -9 7 -10 7 -9 7 -10 7 -10 7 -10 7 -9 8 -9 8 -9 8 -9 8 -10 9 -10 8 -10 9 -10 9 -10 8 -10 9 -10 9 -10 9 0 0 0 0 0 0 0 0 0 0]"
"1769326782234792,CSI_DATA,STATION,00:00:00:00:00:00,0,0,0,0,0,0,0,0,0,0,0,0,0,0,0,0,0,0,0,0,0,128,[84 -64 4 0 0 0 0 0 0 0 0 0 10 -6 11 -5 12 -4 11 -4 12 -4 12 -4 12 -4 12 -3 12 -3 12 -3 11 -3 12 -3 12 -2 12 -2 12 -2 11 -2 11 -1 11 -1 12 -1 11 -1 11 -1 11 -1 11 -2 11 -2 11 -2 11 -3 0 0 11 -2 11 -3 11 -2 11 -3 11 -2 11 -3 11 -3 11 -3 11 -3 10 -4 10 -4 11 -4 11 -4 11 -4 11 -5 11 -4 12 -5 11 -5 11 -5 11 -5 11 -6 11 -5 12 -5 11 -6 11 -7 11 -6 0 0 0 0 0 0 0 0 0 0]"
"1769326782239124,CSI_DATA,STATION,00:00:00:00:00:00,0,0,0,0,0,0,0,0,0,0,0,0,0,0,0,0,0,0,0,0,0,128,[84 -64 4 0 0 0 0 0 0 0 0 0 -4 12 -4 11 -5 11 -5 11 -5 12 -6 11 -6 12 -6 11 -6 10 -7 10 -7 10 -7 10 -7 10 -8 9 -7 9 -7 9 -7 10 -7 10 -7 9 -7 9 -7 9 -7 9 -7 9 -7 9 -7 9 -7 10 0 0 -7 9 -6 9 -6 10 -6 9 -6 10 -6 9 -6 9 -6 10 -6 10 -6 10 -6 10 -6 10 -6 11 -6 11 -6 11 -5 11 -5 11 -5 11 -5 12 -5 12 -5 12 -5 11 -5 11 -5 12 -5 12 -5 12 0 0 0 0 0 0 0 0 0 0]"
"1769326782245718,CSI_DATA,STATION,00:00:00:00:00:00,0,0,0,0,0,0,0,0,0,0,0,0,0,0,0,0,0,0,0,0,0,128,[84 -64 4 0 0 0 0 0 0 0 0 0 -19 -6 -19 -7 -20 -8 -19 -9 -19 -9 -18 -9 -18 -10 -17 -11 -17 -11 -17 -12 -17 -12 -16 -12 -17 -13 -16 -13 -16 -13 -16 -12 -15 -12 -16 -12 -16 -13 -15 -13 -15 -13 -15 -13 -14 -12 -15 -13 -15 -12 -15 -11 0 0 -14 -11 -16 -11 -16 -11 -16 -11 -16 -11 -16 -11 -16 -11 -16 -11 -16 -10 -16 -10 -17 -10 -17 -10 -17 -10 -17 -10 -18 -9 -18 -9 -19 -10 -18 -9 -18 -9 -18 -9 -19 -9 -19 -9 -20 -10 -20 -9 -19 -9 -19 -8 0 0 0 0 0 0 0 0 0 0]"
"1769326782250052,CSI_DATA,STATION,00:00:00:00:00:00,0,0,0,0,0,0,0,0,0,0,0,0,0,0,0,0,0,0,0,0,0,128,[84 -64 4 0 0 0 0 0 0 0 0 0 0 -13 0 -13 1 -13 1 -13 1 -12 1 -12 2 -13 2 -13 2 -13 2 -13 2 -12 3 -13 3 -12 3 -12 3 -12 3 -12 3 -12 4 -12 3 -12 3 -11 3 -11 3 -12 3 -12 3 -11 2 -11 3 -12 0 0 2 -12 2 -11 1 -12 1 -12 2 -12 1 -12 1 -12 1 -12 1 -12 1 -12 0 -12 1 -12 0 -13 0 -13 0 -13 0 -13 0 -13 -1 -13 0 -13 -1 -14 -1 -13 -1 -14 -1 -14 -1 -13 -1 -13 -1 -14 0 0 0 0 0 0 0 0 0 0]"
"1769326782256516,CSI_DATA,STATION,00:00:00:00:00:00,0,0,0,0,0,0,0,0,0,0,0,0,0,0,0,0,0,0,0,0,0,128,[84 -64 4 0 0 0 0 0 0 0 0 0 11 -5 11 -5 12 -4 11 -4 12 -4 12 -4 12 -2 12 -2 12 -2 12 -2 12 -2 11 -2 12 -1 11 -1 12 -1 12 -1 11 -1 12 -1 11 0 11 -1 11 -1 11 -1 11 -1 11 -1 12 -1 11 -1 0 0 11 -1 11 -1 11 -2 12 -2 11 -2 11 -2 11 -2 11 -2 11 -2 11 -2 11 -3 11 -3 12 -3 12 -2 11 -4 11 -4 12 -3 12 -4 12 -4 12 -3 12 -4 12 -3 12 -4 12 -4 12 -4 12 -4 0 0 0 0 0 0 0 0 0 0]"
"1769326782260762,CSI_DATA,STATION,00:00:00:00:00:00,0,0,0,0,0,0,0,0,0,0,0,0,0,0,0,0,0,0,0,0,0,128,[84 -64 4 0 0 0 0 0 0 0 0 0 4 -12 4 -12 5 -12 5 -11 5 -12 6 -12 6 -11 7 -11 7 -11 7 -11 6 -11 7 -10 7 -11 7 -10 7 -10 7 -10 7 -10 7 -11 7 -10 8 -9 7 -9 7 -9 7 -10 7 -10 7 -9 7 -10 0 0 7 -9 6 -9 6 -10 6 -10 6 -10 6 -10 6 -10 6 -10 6 -10 6 -11 5 -11 6 -11 5 -11 5 -11 5 -12 5 -11 5 -12 5 -12 6 -12 6 -12 5 -12 5 -11 5 -12 5 -12 5 -13 5 -13 0 0 0 0 0 0 0 0 0 0]"
"1769326782271369,CSI_DATA,STATION,00:00:00:00:00:00,0,0,0,0,0,0,0,0,0,0,0,0,0,0,0,0,0,0,0,0,0,128,[84 -64 4 0 0 0 0 0 0 0 0 0 -12 1 -13 1 -13 0 -13 -1 -13 -1 -13 -1 -12 -2 -13 -1 -12 -2 -13 -3 -13 -2 -12 -3 -13 -4 -12 -3 -12 -4 -12 -3 -12 -4 -12 -3 -12 -4 -11 -4 -11 -4 -12 -4 -12 -4 -12 -4 -12 -3 -12 -3 0 0 -11 -3 -11 -3 -12 -3 -11 -3 -12 -3 -12 -2 -12 -3 -12 -3 -12 -2 -12 -2 -13 -2 -13 -2 -12 -2 -13 -2 -13 -2 -12 -1 -13 -2 -13 -1 -13 -1 -14 -1 -14 -1 -13 -2 -14 -1 -14 -1 -14 -1 -14 -1 0 0 0 0 0 0 0 0 0 0]"
"1769326782277860,CSI_DATA,STATION,00:00:00:00:00:00,0,0,0,0,0,0,0,0,0,0,0,0,0,0,0,0,0,0,0,0,0,128,[84 -64 4 0 0 0 0 0 0 0 0 0 -8 7 -9 6 -10 6 -10 6 -10 6 -10 5 -10 5 -11 5 -11 5 -11 4 -10 5 -10 4 -11 4 -11 4 -11 4 -10 5 -10 4 -10 3 -10 3 -11 3 -11 3 -11 3 -10 4 -10 4 -10 4 -10 5 0 0 -10 5 -10 5 -10 5 -10 5 -10 5 -10 5 -10 5 -10 5 -9 5 -9 6 -10 6 -10 6 -10 6 -10 7 -10 6 -9 7 -10 7 -9 7 -10 7 -10 7 -9 8 -10 8 -10 7 -9 8 -9 8 -10 8 0 0 0 0 0 0 0 0 0 0]"
"1769326782284356,CSI_DATA,STATION,00:00:00:00:00:00,0,0,0,0,0,0,0,0,0,0,0,0,0,0,0,0,0,0,0,0,0,128,[84 -64 4 0 0 0 0 0 0 0 0 0 -13 -2 -13 -3 -12 -3 -13 -4 -13 -3 -12 -4 -12 -4 -12 -5 -12 -5 -12 -5 -12 -5 -12 -5 -12 -5 -12 -6 -11 -6 -11 -6 -11 -6 -11 -5 -11 -5 -11 -6 -11 -6 -11 -6 -11 -6 -11 -6 -11 -5 -11 -5 0 0 -11 -5 -11 -5 -11 -5 -10 -4 -11 -5 -11 -5 -11 -5 -11 -4 -11 -4 -12 -4 -12 -4 -12 -4 -12 -4 -12 -4 -12 -3 -13 -3 -12 -4 -12 -3 -13 -3 -13 -3 -13 -3 -14 -3 -13 -3 -14 -3 -13 -3 -13 -2 0 0 0 0 0 0 0 0 0 0]"
"1769326782288695,CSI_DATA,STATION,00:00:00:00:00:00,0,0,0,0,0,0,0,0,0,0,0,0,0,0,0,0,0,0,0,0,0,128,[84 -64 4 0 0 0 0 0 0 0 0 0 12 -2 12 -1 12 0 13 0 12 0 12 0 11 1 12 0 12 1 12 1 12 1 11 1 12 2 12 2 12 1 11 1 11 2 11 2 12 3 11 2 11 2 11 2 10 2 11 2 11 2 11 1 0 0 11 1 11 1 11 1 10 1 11 1 11 1 11 0 11 0 11 0 11 0 11 -1 12 0 12 0 12 -1 11 0 12 0 11 -1 12 -1 12 -1 12 -1 12 -1 12 -1 12 -1 12 -2 12 -1 13 -2 0 0 0 0 0 0 0 0 0 0]"
"1769326782295197,CSI_DATA,STATION,00:00:00:00:00:00,0,0,0,0,0,0,0,0,0,0,0,0,0,0,0,0,0,0,0,0,0,128,[84 -64 4 0 0 0 0 0 0 0 0 0 -2 -13 -1 -14 -1 -13 -1 -13 -1 -13 0 -14 0 -13 1 -14 1 -13 1 -12 1 -13 2 -13 2 -12 2 -13 2 -12 1 -12 2 -12 2 -12 2 -12 2 -12 1 -12 2 -12 2 -12 2 -12 1 -12 1 -12 0 0 1 -12 1 -11 1 -12 0 -11 1 -12 0 -11 0 -12 0 -12 0 -12 0 -12 0 -13 0 -13 -1 -13 0 -13 -1 -13 -1 -13 -1 -13 -1 -13 -2 -13 -1 -13 -2 -14 -2 -14 -2 -13 -2 -13 -2 -14 -2 -14 0 0 0 0 0 0 0 0 0 0]"
"1769326782301675,CSI_DATA,STATION,00:00:00:00:00:00,0,0,0,0,0,0,0,0,0,0,0,0,0,0,0,0,0,0,0,0,0,128,[84 -64 4 0 0 0 0 0 0 0 0 0 10 2 10 3 11 3 11 3 11 4 10 4 10 4 10 5 10 5 10 6 10 5 10 5 10 6 10 5 9 6 9 5 9 5 9 6 9 5 9 6 9 6 9 6 9 5 9 6 9 5 9 5 0 0 9 5 9 5 9 5 9 4 10 5 10 4 10 5 10 5 10 4 10 4 10 4 10 4 11 4 11 4 11 4 11 3 12 3 11 3 11 3 11 3 12 3 11 4 12 3 12 3 12 3 12 3 0 0 0 0 0 0 0 0 0 0]"
"1769326782306015,CSI_DATA,STATION,00:00:00:00:00:00,0,0,0,0,0,0,0,0,0,0,0,0,0,0,0,0,0,0,0,0,0,128,[84 -64 4 0 0 0 0 0 0 0 0 0 7 -10 8 -10 8 -9 9 -9 8 -9 9 -9 9 -9 10 -9 9 -8 9 -8 9 -9 9 -8 9 -7 9 -7 10 -7 9 -7 10 -7 9 -8 9 -7 10 -7 8 -7 9 -7 9 -7 9 -7 9 -7 9 -8 0 0 9 -7 8 -7 8 -7 8 -7 8 -8 8 -8 8 -8 8 -8 8 -9 8 -9 7 -9 8 -9 8 -9 8 -9 7 -10 7 -10 8 -10 7 -10 8 -10 7 -11 7 -10 8 -10 7 -11 8 -11 7 -11 7 -11 0 0 0 0 0 0 0 0 0 0]"
"1769326782312520,CSI_DATA,STATION,00:00:00:00:00:00,0,0,0,0,0,0,0,0,0,0,0,0,0,0,0,0,0,0,0,0,0,128,[84 -64 4 0 0 0 0 0 0 0 0 0 2 -13 2 -13 2 -13 2 -13 3 -13 3 -13 4 -13 4 -13 4 -12 4 -12 5 -12 5 -11 5 -12 5 -11 5 -11 5 -11 5 -11 5 -11 5 -11 5 -11 5 -11 5 -10 5 -11 5 -11 4 -10 4 -11 0 0 4 -11 4 -10 4 -11 4 -11 4 -11 3 -11 3 -11 4 -12 3 -11 3 -12 3 -12 3 -11 3 -12 3 -12 3 -12 3 -13 3 -12 2 -13 3 -13 2 -13 2 -13 2 -12 2 -13 2 -13 2 -14 2 -14 0 0 0 0 0 0 0 0 0 0]"
"1769326782316843,CSI_DATA,STATION,00:00:00:00:00:00,0,0,0,0,0,0,0,0,0,0,0,0,0,0,0,0,0,0,0,0,0,128,[84 -64 4 0 0 0 0 0 0 0 0 0 -9 -4 -10 -4 -10 -5 -10 -5 -10 -5 -9 -6 -9 -6 -8 -6 -8 -6 -9 -6 -9 -6 -9 -6 -9 -6 -9 -6 -9 -6 -8 -6 -8 -6 -8 -6 -8 -7 -8 -7 -8 -7 -8 -6 -8 -6 -8 -6 -8 -6 -8 -6 0 0 -8 -6 -8 -5 -9 -5 -8 -6 -9 -6 -8 -6 -9 -5 -10 -6 -9 -5 -9 -5 -10 -5 -10 -5 -10 -5 -9 -5 -9 -5 -10 -5 -10 -5 -11 -5 -10 -5 -10 -5 -11 -5 -11 -4 -11 -4 -11 -4 -10 -4 -11 -4 0 0 0 0 0 0 0 0 0 0]"
"1769326782321180,CSI_DATA,STATION,00:00:00:00:00:00,0,0,0,0,0,0,0,0,0,0,0,0,0,0,0,0,0,0,0,0,0,128,[84 -64 4 0 0 0 0 0 0 0 0 0 -19 -8 -19 -9 -19 -10 -19 -11 -18 -11 -18 -11 -17 -12 -16 -12 -16 -13 -16 -13 -16 -13 -16 -13 -16 -14 -15 -14 -15 -14 -15 -14 -14 -13 -14 -13 -14 -14 -14 -14 -14 -14 -14 -14 -13 -13 -14 -14 -14 -14 -14 -13 0 0 -14 -13 -15 -12 -15 -13 -14 -12 -15 -12 -15 -13 -15 -13 -15 -12 -15 -12 -15 -11 -16 -11 -16 -11 -16 -12 -17 -12 -16 -11 -17 -11 -17 -11 -17 -10 -18 -11 -17 -10 -18 -11 -18 -11 -18 -11 -19 -11 -19 -10 -18 -10 0 0 0 0 0 0 0 0 0 0]"
"1769326782327671,CSI_DATA,STATION,00:00:00:00:00:00,0,0,0,0,0,0,0,0,0,0,0,0,0,0,0,0,0,0,0,0,0,128,[84 -64 4 0 0 0 0 0 0 0 0 0 1 -14 3 -15 2 -14 4 -14 4 -14 4 -14 4 -14 5 -14 4 -14 5 -13 5 -14 5 -13 5 -13 5 -13 6 -13 5 -13 6 -12 6 -12 5 -13 6 -12 5 -12 5 -12 5 -12 5 -13 5 -12 4 -13 0 0 4 -12 3 -12 4 -13 4 -12 4 -13 3 -13 3 -13 3 -14 3 -13 3 -13 3 -14 2 -14 2 -14 2 -14 2 -14 2 -14 2 -14 1 -15 2 -15 2 -15 1 -15 2 -14 1 -15 1 -15 1 -15 1 -16 0 0 0 0 0 0 0 0 0 0]"
"1769326782332019,CSI_DATA,STATION,00:00:00:00:00:00,0,0,0,0,0,0,0,0,0,0,0,0,0,0,0,0,0,0,0,0,0,128,[84 -64 4 0 0 0 0 0 0 0 0 0 -10 -9 -9 -10 -9 -10 -8 -10 -9 -10 -8 -11 -7 -11 -7 -11 -7 -11 -7 -12 -7 -11 -6 -11 -7 -11 -6 -11 -6 -11 -6 -11 -6 -11 -7 -11 -6 -11 -6 -11 -6 -10 -6 -11 -6 -11 -6 -11 -6 -10 -6 -10 0 0 -6 -10 -7 -10 -7 -10 -7 -10 -8 -10 -7 -11 -7 -10 -8 -10 -8 -10 -8 -10 -9 -10 -8 -10 -8 -10 -8 -10 -9 -9 -9 -9 -9 -10 -9 -9 -9 -10 -9 -9 -9 -10 -10 -9 -10 -10 -11 -9 -10 -9 -10 -9 0 0 0 0 0 0 0 0 0 0]"
"1769326782338595,CSI_DATA,STATION,00:00:00:00:00:00,0,0,0,0,0,0,0,0,0,0,0,0,0,0,0,0,0,0,0,0,0,128,[84 -64 4 0 0 0 0 0 0 0 0 0 10 5 10 6 10 6 10 7 10 7 9 7 8 7 9 8 8 8 9 8 9 8 8 8 9 8 8 8 8 8 8 8 8 8 8 8 8 8 7 8 8 8 8 8 8 8 8 7 8 7 8 8 0 0 8 7 8 7 9 7 8 6 9 7 8 7 9 7 9 7 9 6 9 6 9 6 10 6 10 6 10 6 10 5 10 6 10 5 11 5 11 5 11 5 11 5 11 6 11 5 12 5 11 5 12 5 0 0 0 0 0 0 0 0 0 0]"
"1769326782343132,CSI_DATA,STATION,00:00:00:00:00:00,0,0,0,0,0,0,0,0,0,0,0,0,0,0,0,0,0,0,0,0,0,128,[84 -64 4 0 0 0 0 0 0 0 0 0 -3 12 -4 12 -4 11 -4 11 -5 12 -5 11 -5 12 -6 11 -6 11 -6 11 -6 11 -6 10 -6 10 -6 10 -7 10 -7 10 -7 10 -6 10 -6 10 -6 9 -6 10 -6 9 -6 10 -6 10 -5 9 -6 10 0 0 -6 10 -5 9 -5 10 -5 10 -5 10 -5 10 -5 10 -5 10 -5 11 -4 11 -4 11 -4 11 -4 11 -4 12 -4 11 -4 11 -3 11 -4 12 -3 12 -3 12 -3 12 -3 12 -3 12 -3 12 -3 13 -3 13 0 0 0 0 0 0 0 0 0 0]"
"1769326782347495,CSI_DATA,STATION,00:00:00:00:00:00,0,0,0,0,0,0,0,0,0,0,0,0,0,0,0,0,0,0,0,0,0,128,[84 -64 4 0 0 0 0 0 0 0 0 0 7 10 7 9 6 10 7 10 6 10 5 11 5 11 5 11 5 11 5 11 4 11 3 11 3 11 4 11 4 11 4 11 3 11 3 10 4 11 4 11 4 10 4 10 3 11 3 10 3 10 4 11 0 0 4 10 4 10 4 10 5 10 5 10 5 9 5 9 5 10 6 9 6 10 6 10 6 10 6 10 7 10 6 9 6 9 7 9 7 10 8 10 7 10 8 9 8 9 8 10 8 10 8 10 8 10 0 0 0 0 0 0 0 0 0 0]"
"1769326782354010,CSI_DATA,STATION,00:00:00:00:00:00,0,0,0,0,0,0,0,0,0,0,0,0,0,0,0,0,0,0,0,0,0,128,[84 -64 4 0 0 0 0 0 0 0 0 0 8 -9 8 -10 8 -9 9 -9 9 -8 9 -9 9 -8 10 -8 10 -8 10 -7 10 -8 10 -7 10 -7 10 -7 10 -6 10 -7 9 -6 9 -7 9 -6 10 -6 9 -6 10 -7 9 -7 9 -7 9 -7 9 -7 0 0 9 -7 9 -7 9 -7 9 -7 9 -8 9 -7 9 -8 8 -8 8 -8 8 -9 8 -9 8 -9 8 -9 8 -9 8 -9 8 -9 8 -10 8 -10 8 -10 8 -10 8 -10 8 -10 8 -10 7 -11 8 -11 8 -11 0 0 0 0 0 0 0 0 0 0]"
"1769326782358278,CSI_DATA,STATION,00:00:00:00:00:00,0,0,0,0,0,0,0,0,0,0,0,0,0,0,0,0,0,0,0,0,0,128,[84 -64 4 0 0 0 0 0 0 0 0 0 -2 -14 -2 -14 -1 -15 -1 -14 0 -15 0 -14 1 -15 1 -15 2 -14 2 -15 1 -15 2 -14 2 -14 2 -13 2 -13 3 -13 3 -13 3 -14 3 -13 3 -13 2 -13 2 -13 3 -14 3 -13 2 -13 2 -13 0 0 2 -13 1 -12 2 -13 1 -13 2 -13 1 -13 1 -13 2 -14 1 -13 1 -14 1 -14 0 -14 0 -13 0 -14 0 -15 0 -14 0 -15 -1 -15 0 -15 0 -15 0 -15 0 -15 -1 -16 -1 -15 -1 -15 -1 -16 0 0 0 0 0 0 0 0 0 0]"
"1769326782362523,CSI_DATA,STATION,00:00:00:00:00:00,0,0,0,0,0,0,0,0,0,0,0,0,0,0,0,0,0,0,0,0,0,128,[84 -64 4 0 0 0 0 0 0 0 0 0 -5 -12 -5 -12 -4 -13 -3 -12 -3 -13 -3 -13 -2 -13 -2 -13 -2 -13 -2 -13 -1 -13 -1 -13 -1 -12 -1 -12 -2 -13 -1 -13 -1 -12 0 -12 -1 -12 -2 -12 -1 -12 -2 -12 -1 -12 -1 -12 -2 -12 -2 -12 0 0 -2 -12 -2 -12 -2 -12 -2 -12 -3 -12 -3 -12 -3 -12 -2 -12 -3 -12 -4 -12 -4 -12 -3 -12 -4 -12 -4 -12 -4 -12 -4 -12 -4 -12 -5 -13 -5 -12 -6 -13 -5 -13 -5 -12 -6 -12 -5 -13 -6 -13 -5 -13 0 0 0 0 0 0 0 0 0 0]"
"1769326782368890,CSI_DATA,STATION,00:00:00:00:00:00,0,0,0,0,0,0,0,0,0,0,0,0,0,0,0,0,0,0,0,0,0,128,[84 -64 4 0 0 0 0 0 0 0 0 0 -1 12 -1 12 -1 12 -2 12 -2 12 -3 13 -3 12 -3 12 -3 11 -4 12 -4 12 -4 11 -4 11 -4 11 -4 11 -4 11 -5 11 -4 10 -4 10 -4 10 -4 11 -3 10 -4 11 -4 11 -4 11 -4 11 0 0 -3 10 -3 11 -3 11 -3 11 -2 11 -2 11 -2 11 -2 11 -2 11 -2 11 -2 12 -2 11 -1 12 -1 12 -2 12 -1 12 -1 12 0 12 -1 12 -1 12 0 12 0 12 0 13 1 12 0 12 0 13 0 0 0 0 0 0 0 0 0 0]"
"1769326782373216,CSI_DATA,STATION,00:00:00:00:00:00,0,0,0,0,0,0,0,0,0,0,0,0,0,0,0,0,0,0,0,0,0,128,[84 -64 4 0 0 0 0 0 0 0 0 0 -10 -18 -10 -18 -9 -19 -9 -19 -8 -19 -7 -20 -7 -20 -6 -20 -6 -19 -6 -20 -6 -20 -5 -19 -5 -20 -4 -19 -4 -20 -3 -19 -3 -19 -4 -19 -4 -19 -4 -19 -4 -19 -3 -19 -3 -18 -4 -19 -4 -19 -4 -18 0 0 -4 -18 -4 -18 -4 -19 -4 -18 -5 -18 -5 -19 -5 -18 -5 -18 -6 -18 -7 -18 -7 -18 -7 -18 -7 -19 -8 -19 -7 -18 -7 -19 -8 -19 -9 -19 -9 -19 -9 -19 -9 -19 -9 -19 -9 -19 -10 -19 -10 -19 -10 -19 0 0 0 0 0 0 0 0 0 0]"
"1769326782379711,CSI_DATA,STATION,00:00:00:00:00:00,0,0,0,0,0,0,0,0,0,0,0,0,0,0,0,0,0,0,0,0,0,128,[84 -64 4 0 0 0 0 0 0 0 0 0 10 -6 10 -6 11 -5 11 -5 11 -5 12 -4 12 -4 11 -3 11 -4 12 -4 12 -3 11 -3 12 -2 12 -2 12 -3 11 -2 11 -2 11 -2 11 -2 11 -2 11 -2 11 -2 11 -3 11 -3 11 -3 11 -3 0 0 11 -3 11 -3 11 -3 11 -4 11 -3 10 -4 11 -4 11 -4 11 -3 10 -4 11 -4 12 -4 11 -4 11 -4 11 -5 11 -5 11 -5 11 -6 11 -5 11 -6 11 -6 11 -5 12 -6 11 -6 12 -7 11 -6 0 0 0 0 0 0 0 0 0 0]"
"1769326782384043,CSI_DATA,STATION,00:00:00:00:00:00,0,0,0,0,0,0,0,0,0,0,0,0,0,0,0,0,0,0,0,0,0,128,[84 -64 4 0 0 0 0 0 0 0 0 0 1 11 0 12 0 12 -1 12 -1 12 -2 12 -2 12 -2 12 -2 11 -3 12 -2 12 -3 11 -3 11 -3 11 -3 11 -3 11 -3 11 -4 11 -3 11 -3 11 -3 10 -3 10 -3 11 -3 11 -2 11 -2 11 0 0 -2 11 -2 11 -1 11 -1 11 -2 11 -1 11 -1 11 -1 11 -1 11 -1 11 0 11 0 12 0 12 0 12 0 12 0 12 1 12 1 12 0 13 1 12 1 12 1 12 1 12 2 13 1 13 1 13 0 0 0 0 0 0 0 0 0 0]"
"1769326782388367,CSI_DATA,STATION,00:00:00:00:00:00,0,0,0,0,0,0,0,0,0,0,0,0,0,0,0,0,0,0,0,0,0,128,[84 -64 4 0 0 0 0 0 0 0 0 0 -9 9 -9 8 -9 8 -9 8 -10 8 -10 8 -11 7 -11 7 -11 6 -11 6 -11 7 -10 7 -11 5 -11 6 -11 5 -11 6 -11 5 -10 5 -11 5 -11 5 -10 5 -11 5 -10 6 -10 5 -10 5 -10 6 0 0 -10 6 -10 6 -10 6 -10 6 -10 6 -10 6 -10 6 -10 6 -9 7 -10 7 -10 8 -10 7 -10 7 -10 7 -11 8 -10 8 -10 8 -9 8 -10 9 -10 9 -10 8 -10 9 -10 9 -9 9 -9 9 -9 9 0 0 0 0 0 0 0 0 0 0]"
"1769326782394835,CSI_DATA,STATION,00:00:00:00:00:00,0,0,0,0,0,0,0,0,0,0,0,0,0,0,0,0,0,0,0,0,0,128,[84 -64 4 0 0 0 0 0 0 0 0 0 10 6 9 7 10 8 9 7 9 8 9 8 8 8 8 9 8 8 8 9 8 9 7 9 8 9 7 9 6 9 7 9 7 9 6 9 7 9 7 9 7 9 6 8 6 9 7 9 6 8 7 8 0 0 7 8 7 8 7 8 7 8 8 8 8 9 8 8 7 8 8 8 8 8 8 7 8 8 8 8 9 8 9 8 9 7 10 7 9 8 10 8 9 8 9 7 10 7 10 8 10 7 10 8 10 7 0 0 0 0 0 0 0 0 0 0]"
"1769326782399181,CSI_DATA,STATION,00:00:00:00:00:00,0,0,0,0,0,0,0,0,0,0,0,0,0,0,0,0,0,0,0,0,0,128,[84 -64 4 0 0 0 0 0 0 0 0 0 12 1 12 1 13 2 12 2 12 3 11 3 12 3 12 4 11 3 11 4 11 4 10 4 11 5 11 5 10 5 10 4 10 5 11 4 10 5 10 5 10 5 11 5 10 4 10 5 10 4 10 4 0 0 9 4 10 3 11 4 10 3 11 4 11 3 11 3 11 3 10 3 11 3 11 3 11 3 11 3 12 3 11 3 12 2 12 2 12 2 12 2 12 2 12 2 12 2 13 2 12 2 12 2 13 2 0 0 0 0 0 0 0 0 0 0]"
"1769326782405646,CSI_DATA,STATION,00:00:00:00:00:00,0,0,0,0,0,0,0,0,0,0,0,0,0,0,0,0,0,0,0,0,0,128,[84 -64 4 0 0 0 0 0 0 0 0 0 2 -18 3 -18 3 -18 4 -18 4 -18 5 -18 5 -18 5 -18 5 -17 6 -17 6 -17 7 -16 7 -16 6 -16 7 -16 7 -16 7 -16 6 -15 7 -16 7 -15 7 -15 7 -15 6 -15 6 -15 6 -15 6 -15 0 0 5 -15 5 -15 5 -16 5 -16 5 -16 5 -16 4 -16 4 -16 4 -16 4 -16 3 -17 3 -16 3 -17 3 -17 3 -18 3 -18 2 -18 2 -18 2 -18 2 -18 2 -18 2 -18 2 -19 1 -19 1 -19 1 -19 0 0 0 0 0 0 0 0 0 0]"
"1769326782409990,CSI_DATA,STATION,00:00:00:00:00:00,0,0,0,0,0,0,0,0,0,0,0,0,0,0,0,0,0,0,0,0,0,128,[84 -64 4 0 0 0 0 0 0 0 0 0 -11 -6 -12 -6 -11 -7 -11 -7 -10 -8 -10 -8 -9 -8 -10 -9 -10 -9 -10 -9 -10 -9 -9 -9 -9 -10 -9 -9 -9 -9 -8 -9 -9 -9 -9 -9 -9 -9 -9 -9 -9 -9 -9 -9 -9 -8 -9 -8 -9 -8 -9 -9 0 0 -10 -8 -9 -7 -9 -8 -9 -8 -10 -7 -10 -8 -10 -7 -11 -7 -10 -6 -11 -7 -10 -7 -11 -7 -11 -6 -11 -7 -11 -6 -12 -6 -12 -6 -12 -6 -12 -6 -13 -6 -13 -6 -13 -5 -12 -6 -13 -5 -13 -6 -13 -5 0 0 0 0 0 0 0 0 0 0]"
"1769326782414341,CSI_DATA,STATION,00:00:00:00:00:00,0,0,0,0,0,0,0,0,0,0,0,0,0,0,0,0,0,0,0,0,0,128,[84 -64 4 0 0 0 0 0 0 0 0 0 10 -6 10 -6 11 -6 11 -6 11 -5 11 -6 11 -5 11 -4 11 -4 11 -4 11 -4 11 -4 11 -3 11 -3 11 -3 11 -3 11 -3 10 -3 11 -3 11 -3 10 -3 11 -3 10 -3 11 -3 10 -3 11 -4 0 0 10 -4 10 -4 10 -4 10 -4 10 -4 10 -5 11 -4 10 -5 10 -5 10 -5 10 -5 11 -5 11 -5 11 -5 11 -6 11 -6 11 -6 10 -7 10 -7 11 -7 11 -7 11 -7 11 -7 11 -7 11 -7 11 -7 0 0 0 0 0 0 0 0 0 0]"
"1769326782420801,CSI_DATA,STATION,00:00:00:00:00:00,0,0,0,0,0,0,0,0,0,0,0,0,0,0,0,0,0,0,0,0,0,128,[84 -64 4 0 0 0 0 0 0 0 0 0 13 -12 12 -12 13 -11 14 -10 14 -10 14 -10 14 -9 15 -9 14 -9 15 -9 15 -8 15 -8 15 -8 16 -7 14 -7 15 -6 14 -7 14 -6 14 -6 15 -6 14 -6 14 -6 14 -6 14 -7 14 -7 14 -7 0 0 14 -7 13 -7 14 -7 14 -7 13 -7 14 -7 14 -7 14 -7 14 -8 14 -8 13 -9 13 -8 13 -8 13 -8 14 -9 14 -9 15 -10 14 -10 14 -10 14 -10 14 -10 14 -9 15 -10 14 -11 14 -11 14 -10 0 0 0 0 0 0 0 0 0 0]"
"1769326782425151,CSI_DATA,STATION,00:00:00:00:00:00,0,0,0,0,0,0,0,0,0,0,0,0,0,0,0,0,0,0,0,0,0,128,[84 -64 4 0 0 0 0 0 0 0 0 0 3 -13 4 -13 4 -13 6 -14 5 -13 6 -13 6 -12 6 -12 7 -12 7 -12 7 -12 7 -12 7 -12 7 -11 7 -11 8 -11 8 -11 7 -11 7 -10 8 -10 8 -10 7 -11 7 -10 7 -11 7 -11 6 -11 0 0 7 -11 7 -10 6 -11 6 -11 7 -11 7 -11 6 -11 6 -12 6 -12 5 -12 5 -12 6 -12 6 -12 6 -12 5 -13 6 -13 5 -13 5 -13 5 -13 5 -13 5 -14 5 -13 5 -13 5 -14 5 -15 4 -14 0 0 0 0 0 0 0 0 0 0]"
"1769326782431608,CSI_DATA,STATION,00:00:00:00:00:00,0,0,0,0,0,0,0,0,0,0,0,0,0,0,0,0,0,0,0,0,0,128,[84 -64 4 0 0 0 0 0 0 0 0 0 10 4 11 5 10 6 11 5 10 5 10 6 10 7 9 7 9 7 9 7 9 7 9 8 9 7 9 7 9 7 8 8 8 8 7 7 8 7 8 8 7 7 8 8 8 7 8 7 8 8 8 7 0 0 8 7 8 7 8 7 7 6 8 7 9 7 8 7 9 7 8 7 8 6 9 6 9 7 10 7 9 7 9 7 10 7 10 6 10 6 10 7 10 7 11 6 11 6 10 6 11 6 11 7 11 6 0 0 0 0 0 0 0 0 0 0]"
"1769326782435977,CSI_DATA,STATION,00:00:00:00:00:00,0,0,0,0,0,0,0,0,0,0,0,0,0,0,0,0,0,0,0,0,0,128,[84 -64 4 0 0 0 0 0 0 0 0 0 -4 -12 -4 -13 -4 -12 -3 -12 -3 -13 -2 -13 -2 -13 -2 -13 -2 -13 -1 -13 -1 -12 -1 -13 -1 -12 -1 -13 -1 -12 -1 -13 0 -12 0 -12 -1 -12 -1 -13 -1 -12 0 -12 -1 -12 0 -12 -2 -12 -1 -11 0 0 -1 -11 -2 -12 -2 -12 -2 -12 -2 -12 -2 -12 -2 -12 -3 -12 -3 -12 -2 -13 -3 -12 -3 -12 -3 -12 -3 -12 -3 -13 -3 -12 -3 -13 -4 -12 -4 -13 -4 -13 -4 -13 -4 -13 -4 -14 -4 -13 -4 -13 -4 -13 0 0 0 0 0 0 0 0 0 0]"
"1769326782440295,CSI_DATA,STATION,00:00:00:00:00:00,0,0,0,0,0,0,0,0,0,0,0,0,0,0,0,0,0,0,0,0,0,128,[84 -64 4 0 0 0 0 0 0 0 0 0 9 8 9 8 8 8 9 9 8 9 8 9 8 9 7 10 7 10 7 9 7 10 6 10 6 10 6 10 6 10 5 10 6 10 6 9 6 9 6 10 5 10 6 10 6 9 6 9 6 10 6 9 0 0 6 9 6 9 6 9 6 9 7 9 7 9 7 8 7 8 7 8 7 8 8 8 8 9 8 8 8 9 8 8 8 8 9 8 9 7 9 8 9 8 9 8 9 8 10 8 9 8 9 8 9 8 0 0 0 0 0 0 0 0 0 0]"
"1769326782446911,CSI_DATA,STATION,00:00:00:00:00:00,0,0,0,0,0,0,0,0,0,0,0,0,0,0,0,0,0,0,0,0,0,128,[84 -64 4 0 0 0 0 0 0 0 0 0 -18 8 -19 7 -20 7 -20 7 -20 5 -20 5 -20 5 -20 4 -20 4 -20 3 -20 4 -20 3 -20 2 -19 2 -20 1 -20 2 -19 2 -19 3 -19 1 -19 1 -19 1 -19 1 -19 2 -19 1 -18 1 -18 2 0 0 -18 2 -18 3 -18 2 -18 3 -18 3 -18 3 -18 3 -18 3 -18 4 -19 5 -18 6 -18 5 -19 5 -18 5 -19 7 -19 6 -20 6 -19 7 -19 7 -19 7 -19 8 -19 7 -20 7 -19 8 -19 8 -19 8 0 0 0 0 0 0 0 0 0 0]"
"1769326782455331,CSI_DATA,STATION,00:00:00:00:00:00,0,0,0,0,0,0,0,0,0,0,0,0,0,0,0,0,0,0,0,0,0,128,[84 -64 4 0 0 0 0 0 0 0 0 0 3 11 3 12 2 12 2 12 2 12 1 12 2 12 1 12 0 12 0 12 0 11 0 12 0 12 0 11 0 12 0 12 -1 11 -1 11 -1 11 -1 12 0 11 0 11 -1 11 0 11 0 11 0 11 0 0 1 10 1 11 1 10 1 11 1 11 2 11 1 11 2 11 2 10 2 12 2 11 2 12 2 12 3 12 2 11 3 11 3 12 3 11 3 11 3 12 4 12 4 12 4 12 4 12 4 12 4 12 0 0 0 0 0 0 0 0 0 0]"
"1769326782461706,CSI_DATA,STATION,00:00:00:00:00:00,0,0,0,0,0,0,0,0,0,0,0,0,0,0,0,0,0,0,0,0,0,128,[84 -64 4 0 0 0 0 0 0 0 0 0 9 -7 10 -7 10 -6 11 -6 11 -5 11 -6 10 -5 11 -5 12 -4 12 -4 11 -4 11 -4 11 -3 11 -4 11 -3 11 -4 10 -3 11 -3 11 -3 11 -3 11 -3 11 -3 11 -3 10 -3 10 -3 11 -3 0 0 10 -3 10 -3 10 -3 11 -4 10 -4 10 -4 10 -4 10 -4 10 -4 10 -5 10 -5 10 -5 11 -5 11 -5 11 -5 11 -5 11 -6 11 -6 11 -6 11 -6 11 -6 11 -6 11 -6 11 -6 11 -7 11 -6 0 0 0 0 0 0 0 0 0 0]"
"1769326782468099,CSI_DATA,STATION,00:00:00:00:00:00,0,0,0,0,0,0,0,0,0,0,0,0,0,0,0,0,0,0,0,0,0,128,[84 -64 4 0 0 0 0 0 0 0 0 0 -4 15 -5 15 -5 15 -6 15 -6 14 -6 15 -7 14 -7 14 -8 14 -8 13 -8 14 -8 13 -9 13 -8 13 -9 13 -9 13 -9 12 -9 12 -9 12 -8 12 -8 12 -9 12 -9 12 -9 12 -8 12 -8 12 0 0 -8 12 -7 12 -8 12 -7 12 -8 12 -7 12 -7 12 -7 12 -7 13 -7 13 -7 13 -7 13 -7 13 -6 14 -7 14 -6 14 -6 14 -6 14 -6 15 -6 14 -6 15 -6 15 -6 15 -6 15 -6 15 -6 15 0 0 0 0 0 0 0 0 0 0]"
"1769326782474568,CSI_DATA,STATION,00:00:00:00:00:00,0,0,0,0,0,0,0,0,0,0,0,0,0,0,0,0,0,0,0,0,0,128,[84 -64 4 0 0 0 0 0 0 0 0 0 13 -15 13 -15 14 -14 15 -13 15 -13 15 -13 15 -12 15 -12 16 -12 16 -11 16 -11 16 -11 16 -10 16 -10 16 -10 16 -10 16 -9 16 -9 16 -8 15 -9 16 -9 16 -9 15 -9 15 -8 15 -9 15 -9 0 0 15 -9 14 -10 15 -10 15 -10 14 -10 14 -10 14 -10 14 -11 15 -11 13 -12 14 -12 14 -11 14 -12 14 -12 14 -13 14 -13 15 -13 14 -13 14 -14 14 -14 14 -14 14 -14 14 -15 14 -15 14 -15 14 -15 0 0 0 0 0 0 0 0 0 0]"
"1769326782481043,CSI_DATA,STATION,00:00:00:00:00:00,0,0,0,0,0,0,0,0,0,0,0,0,0,0,0,0,0,0,0,0,0,128,[84 -64 4 0 0 0 0 0 0 0 0 0 2 -11 2 -11 3 -11 3 -11 3 -11 4 -11 4 -11 4 -11 4 -10 4 -11 5 -10 5 -10 5 -11 5 -10 5 -9 5 -9 5 -10 5 -10 5 -9 6 -9 5 -9 5 -9 5 -9 5 -10 4 -9 5 -10 0 0 4 -9 4 -9 4 -9 4 -9 4 -10 4 -10 4 -10 4 -10 4 -11 4 -10 3 -11 4 -11 4 -11 4 -11 3 -11 3 -12 3 -11 3 -11 3 -11 4 -11 4 -12 3 -12 3 -12 3 -12 3 -12 3 -12 0 0 0 0 0 0 0 0 0 0]"
"1769326782485352,CSI_DATA,STATION,00:00:00:00:00:00,0,0,0,0,0,0,0,0,0,0,0,0,0,0,0,0,0,0,0,0,0,128,[84 -64 4 0 0 0 0 0 0 0 0 0 -12 -3 -13 -3 -12 -4 -12 -4 -12 -4 -12 -5 -12 -4 -12 -5 -12 -5 -12 -6 -11 -5 -11 -5 -11 -6 -11 -6 -11 -6 -10 -6 -11 -6 -11 -5 -11 -6 -10 -6 -10 -6 -10 -6 -10 -5 -11 -6 -10 -5 -11 -5 0 0 -10 -6 -10 -5 -11 -5 -10 -5 -12 -5 -11 -5 -11 -5 -11 -5 -11 -4 -11 -4 -12 -4 -12 -4 -12 -4 -12 -4 -12 -4 -12 -4 -12 -3 -12 -4 -12 -4 -12 -3 -13 -3 -13 -4 -13 -4 -13 -3 -13 -3 -13 -3 0 0 0 0 0 0 0 0 0 0]"
"1769326782491833,CSI_DATA,STATION,00:00:00:00:00:00,0,0,0,0,0,0,0,0,0,0,0,0,0,0,0,0,0,0,0,0,0,128,[84 -64 4 0 0 0 0 0 0 0 0 0 2 19 2 19 1 19 0 20 0 19 -1 19 -1 19 -2 19 -2 19 -3 18 -3 19 -4 19 -4 18 -4 18 -4 18 -5 18 -4 17 -4 17 -5 17 -4 18 -4 17 -4 17 -4 17 -4 17 -4 17 -4 17 0 0 -3 17 -3 18 -3 17 -2 17 -2 17 -2 18 -2 18 -1 17 -2 17 -1 17 -1 18 -1 18 -1 18 0 18 -1 18 0 19 1 18 1 19 1 19 1 19 1 20 1 19 1 20 2 19 1 20 2 20 0 0 0 0 0 0 0 0 0 0]"
"1769326782496175,CSI_DATA,STATION,00:00:00:00:00:00,0,0,0,0,0,0,0,0,0,0,0,0,0,0,0,0,0,0,0,0,0,128,[84 -64 4 0 0 0 0 0 0 0 0 0 -2 12 -3 12 -3 12 -3 12 -4 11 -5 11 -4 11 -5 11 -5 11 -6 11 -5 11 -5 10 -6 10 -6 10 -6 10 -6 9 -5 11 -5 10 -6 9 -6 9 -6 10 -6 10 -6 10 -6 10 -6 9 -6 10 0 0 -5 10 -5 9 -5 10 -5 10 -5 10 -5 10 -5 10 -5 10 -4 11 -4 11 -5 11 -4 11 -4 11 -4 11 -4 11 -4 12 -4 11 -3 12 -4 12 -3 12 -4 12 -4 12 -3 12 -3 12 -3 13 -3 13 0 0 0 0 0 0 0 0 0 0]"
"1769326782500487,CSI_DATA,STATION,00:00:00:00:00:00,0,0,0,0,0,0,0,0,0,0,0,0,0,0,0,0,0,0,0,0,0,128,[84 -64 4 0 0 0 0 0 0 0 0 0 5 -12 5 -11 5 -11 6 -11 6 -11 7 -11 7 -11 7 -11 7 -10 7 -10 7 -11 8 -10 8 -10 8 -9 8 -9 8 -9 7 -9 7 -9 8 -9 8 -8 8 -9 7 -9 7 -9 7 -9 7 -9 7 -9 0 0 7 -10 7 -9 7 -10 7 -9 6 -10 7 -9 6 -10 6 -10 7 -10 6 -11 6 -10 6 -10 6 -10 6 -11 6 -11 6 -11 6 -11 6 -11 6 -12 6 -12 6 -12 5 -12 6 -12 5 -12 5 -13 6 -12 0 0 0 0 0 0 0 0 0 0]"
"1769326782506987,CSI_DATA,STATION,00:00:00:00:00:00,0,0,0,0,0,0,0,0,0,0,0,0,0,0,0,0,0,0,0,0,0,128,[84 -64 4 0 0 0 0 0 0 0 0 0 10 5 10 5 10 6 10 6 10 6 10 7 10 7 9 8 9 7 9 8 9 7 9 7 8 8 9 8 8 8 8 7 8 8 8 8 8 8 8 8 8 8 8 7 8 8 7 7 8 8 8 7 0 0 8 7 8 7 9 7 8 7 9 7 9 6 9 6 9 6 9 6 9 6 9 6 10 7 10 7 10 6 9 7 10 6 11 6 10 6 10 6 10 6 10 5 11 6 11 6 11 6 11 6 11 6 0 0 0 0 0 0 0 0 0 0]"
"1769326782511325,CSI_DATA,STATION,00:00:00:00:00:00,0,0,0,0,0,0,0,0,0,0,0,0,0,0,0,0,0,0,0,0,0,128,[84 -64 4 0 0 0 0 0 0 0 0 0 0 12 0 12 -1 12 0 12 -1 12 -1 12 -2 12 -2 12 -2 12 -3 12 -2 12 -3 12 -4 11 -3 11 -3 11 -4 11 -3 11 -4 11 -4 11 -3 11 -3 10 -3 11 -3 10 -3 11 -3 10 -3 11 0 0 -3 10 -2 11 -2 11 -2 11 -2 10 -2 10 -2 11 -2 11 -2 11 -2 12 -1 12 -2 11 -2 12 -1 12 -1 12 -1 12 0 12 -1 12 -1 12 0 13 -1 13 0 13 0 12 0 12 -1 13 0 13 0 0 0 0 0 0 0 0 0 0]"
"1769326782517784,CSI_DATA,STATION,00:00:00:00:00:00,0,0,0,0,0,0,0,0,0,0,0,0,0,0,0,0,0,0,0,0,0,128,[84 -64 4 0 0 0 0 0 0 0 0 0 -11 4 -11 4 -11 4 -12 3 -11 3 -12 3 -12 2 -12 2 -12 2 -12 1 -12 2 -12 1 -12 0 -12 1 -12 0 -11 1 -11 1 -11 0 -12 0 -11 0 -11 0 -11 0 -11 0 -11 0 -12 1 -11 1 0 0 -11 1 -11 1 -11 1 -11 2 -12 1 -11 1 -11 1 -12 1 -12 1 -11 2 -12 2 -12 2 -12 2 -12 2 -12 2 -12 3 -12 2 -12 2 -12 3 -12 3 -13 3 -13 3 -12 3 -12 4 -13 3 -13 3 0 0 0 0 0 0 0 0 0 0]"
"1769326782522126,CSI_DATA,STATION,00:00:00:00:00:00,0,0,0,0,0,0,0,0,0,0,0,0,0,0,0,0,0,0,0,0,0,128,[84 -64 4 0 0 0 0 0 0 0 0 0 -11 -6 -11 -6 -11 -6 -11 -7 -11 -7 -11 -7 -10 -7 -10 -8 -10 -8 -10 -9 -10 -8 -9 -8 -10 -8 -9 -8 -9 -9 -9 -9 -9 -8 -9 -8 -9 -9 -9 -9 -8 -9 -9 -9 -9 -8 -9 -8 -9 -8 -9 -8 0 0 -9 -7 -9 -7 -9 -7 -9 -7 -10 -7 -9 -8 -9 -7 -10 -7 -9 -7 -10 -7 -10 -6 -10 -6 -10 -6 -11 -7 -11 -7 -11 -6 -11 -7 -12 -6 -11 -7 -11 -7 -11 -7 -12 -6 -12 -7 -13 -7 -12 -6 -12 -6 0 0 0 0 0 0 0 0 0 0]"
"1769326782526442,CSI_DATA,STATION,00:00:00:00:00:00,0,0,0,0,0,0,0,0,0,0,0,0,0,0,0,0,0,0,0,0,0,128,[84 -64 4 0 0 0 0 0 0 0 0 0 4 10 4 11 4 11 3 11 3 11 2 11 2 11 2 12 1 11 1 12 1 11 1 11 1 11 1 11 0 12 1 10 0 11 0 10 0 11 0 11 1 10 0 10 1 11 1 11 1 11 1 11 0 0 1 11 1 11 1 11 1 11 1 11 1 10 2 11 2 11 1 10 2 10 2 11 3 11 3 11 3 11 3 11 3 11 3 11 3 11 3 11 3 11 3 11 4 11 4 12 4 11 4 12 4 12 0 0 0 0 0 0 0 0 0 0]"
"1769326782532907,CSI_DATA,STATION,00:00:00:00:00:00,0,0,0,0,0,0,0,0,0,0,0,0,0,0,0,0,0,0,0,0,0,128,[84 -64 4 0 0 0 0 0 0 0 0 0 -19 -5 -19 -6 -20 -7 -20 -7 -19 -8 -19 -8 -18 -8 -18 -9 -17 -9 -18 -10 -18 -9 -17 -10 -18 -11 -17 -10 -17 -11 -17 -10 -16 -9 -16 -10 -16 -11 -16 -11 -16 -10 -16 -11 -16 -9 -16 -10 -16 -10 -16 -9 0 0 -16 -8 -16 -9 -16 -9 -16 -8 -17 -8 -17 -9 -17 -8 -17 -8 -17 -8 -17 -6 -18 -6 -18 -7 -18 -7 -19 -7 -18 -6 -19 -6 -19 -6 -19 -5 -19 -5 -19 -5 -20 -5 -20 -6 -20 -5 -21 -5 -20 -4 -20 -4 0 0 0 0 0 0 0 0 0 0]"
"1769326782537201,CSI_DATA,STATION,00:00:00:00:00:00,0,0,0,0,0,0,0,0,0,0,0,0,0,0,0,0,0,0,0,0,0,128,[84 -64 4 0 0 0 0 0 0 0 0 0 9 -9 9 -8 10 -7 10 -7 10 -7 10 -7 10 -7 11 -6 10 -6 11 -6 11 -6 11 -5 11 -5 11 -5 11 -5 11 -5 10 -4 10 -5 10 -5 11 -5 11 -4 10 -5 10 -5 10 -4 10 -5 10 -5 0 0 10 -5 10 -4 10 -5 10 -6 10 -5 10 -6 10 -6 10 -6 10 -6 9 -7 9 -6 10 -7 10 -6 10 -7 10 -7 10 -8 10 -7 10 -8 10 -8 9 -8 10 -8 10 -7 10 -8 10 -9 10 -9 10 -9 0 0 0 0 0 0 0 0 0 0]"
"1769326782543734,CSI_DATA,STATION,00:00:00:00:00:00,0,0,0,0,0,0,0,0,0,0,0,0,0,0,0,0,0,0,0,0,0,128,[84 -64 4 0 0 0 0 0 0 0 0 0 16 6 16 7 16 8 16 8 16 8 15 8 15 9 14 9 15 9 14 10 14 10 13 10 13 11 13 11 13 11 13 10 12 9 13 10 13 11 13 11 13 10 13 10 12 9 12 10 13 10 13 9 0 0 13 8 13 9 13 8 13 7 14 8 14 8 14 8 14 7 14 7 14 6 15 6 15 7 15 7 15 7 16 6 16 5 16 5 17 5 16 4 17 4 17 5 17 5 17 5 17 5 18 4 18 4 0 0 0 0 0 0 0 0 0 0]"
"1769326782548213,CSI_DATA,STATION,00:00:00:00:00:00,0,0,0,0,0,0,0,0,0,0,0,0,0,0,0,0,0,0,0,0,0,128,[84 -64 4 0 0 0 0 0 0 0 0 0 -5 -16 -5 -16 -4 -16 -4 -17 -3 -17 -3 -17 -3 -16 -2 -17 -2 -16 -2 -17 -1 -16 -1 -16 -1 -16 -1 -16 -1 -16 0 -16 0 -15 0 -15 0 -16 0 -16 0 -15 0 -15 -1 -15 -1 -15 -1 -15 -1 -15 0 0 -1 -15 -1 -16 -1 -15 -2 -15 -2 -15 -2 -16 -2 -15 -2 -15 -2 -15 -3 -15 -3 -15 -3 -15 -3 -16 -3 -16 -3 -16 -3 -16 -4 -16 -4 -16 -4 -16 -4 -16 -4 -16 -5 -16 -5 -17 -6 -16 -5 -17 -5 -16 0 0 0 0 0 0 0 0 0 0]"
"1769326782552565,CSI_DATA,STATION,00:00:00:00:00:00,0,0,0,0,0,0,0,0,0,0,0,0,0,0,0,0,0,0,0,0,0,128,[84 -64 4 0 0 0 0 0 0 0 0 0 8 9 7 9 7 10 8 10 7 10 6 10 6 10 6 11 5 11 6 11 5 11 4 10 5 10 4 11 4 11 4 11 4 10 4 10 4 10 5 11 4 10 4 10 4 10 4 10 5 10 4 10 0 0 4 10 6 10 5 9 5 10 5 10 5 10 6 10 5 9 6 9 6 10 6 9 6 10 7 10 7 9 7 10 7 9 8 9 7 9 7 9 8 10 7 9 8 10 8 10 8 9 7 9 8 10 0 0 0 0 0 0 0 0 0 0]"
"1769326782559062,CSI_DATA,STATION,00:00:00:00:00:00,0,0,0,0,0,0,0,0,0,0,0,0,0,0,0,0,0,0,0,0,0,128,[84 -64 4 0 0 0 0 0 0 0 0 0 1 12 1 12 0 12 0 12 -1 12 0 12 -1 12 -1 11 -2 12 -2 12 -1 12 -2 12 -2 12 -2 11 -2 11 -2 11 -3 11 -2 11 -2 11 -3 11 -2 11 -2 11 -2 11 -2 11 -1 11 -2 11 0 0 -2 11 -1 11 -1 11 -1 11 -1 11 -1 11 -1 11 0 11 -1 11 0 12 0 12 0 12 0 12 0 11 0 12 1 12 1 12 1 12 1 12 1 12 1 13 1 12 2 12 2 12 2 13 2 13 0 0 0 0 0 0 0 0 0 0]"
"1769326782563387,CSI_DATA,STATION,00:00:00:00:00:00,0,0,0,0,0,0,0,0,0,0,0,0,0,0,0,0,0,0,0,0,0,128,[84 -64 4 0 0 0 0 0 0 0 0 0 9 -8 9 -8 10 -7 10 -7 10 -7 10 -8 10 -7 10 -6 11 -7 11 -6 10 -6 11 -6 11 -5 11 -5 11 -5 10 -5 10 -5 10 -6 10 -5 11 -5 10 -5 10 -5 10 -5 10 -5 10 -5 10 -5 0 0 10 -6 10 -5 9 -5 10 -5 9 -6 10 -6 9 -7 10 -7 9 -7 10 -7 9 -7 9 -7 10 -7 10 -7 10 -8 9 -8 10 -8 10 -9 9 -8 9 -9 9 -9 10 -8 10 -9 9 -9 9 -9 10 -9 0 0 0 0 0 0 0 0 0 0]"
"1769326782567706,CSI_DATA,STATION,00:00:00:00:00:00,0,0,0,0,0,0,0,0,0,0,0,0,0,0,0,0,0,0,0,0,0,128,[84 -64 4 0 0 0 0 0 0 0 0 0 -8 9 -9 9 -10 8 -9 8 -9 8 -10 8 -10 7 -10 7 -11 7 -11 6 -10 7 -10 7 -11 6 -11 6 -11 6 -11 6 -10 6 -10 5 -10 6 -11 5 -10 5 -10 5 -10 6 -11 6 -10 6 -10 6 0 0 -9 6 -10 6 -10 6 -10 7 -10 7 -10 7 -9 7 -10 7 -9 8 -9 7 -9 8 -9 8 -9 8 -9 9 -9 8 -9 9 -9 8 -9 9 -9 9 -9 9 -8 10 -9 9 -9 9 -8 10 -9 10 -9 10 0 0 0 0 0 0 0 0 0 0]"
"1769326782574164,CSI_DATA,STATION,00:00:00:00:00:00,0,0,0,0,0,0,0,0,0,0,0,0,0,0,0,0,0,0,0,0,0,128,[84 -64 4 0 0 0 0 0 0 0 0 0 10 -2 10 -1 11 0 10 -1 11 -1 11 0 11 1 10 1 10 1 11 1 11 1 10 1 11 1 10 1 10 2 9 2 10 2 10 2 10 2 10 2 10 2 10 2 9 1 10 2 10 2 10 1 0 0 10 1 10 1 10 1 9 0 10 1 10 1 10 0 10 1 10 0 10 0 10 0 11 0 11 -1 11 0 11 -1 11 -1 11 -1 11 -1 11 -1 11 -1 11 -1 12 -1 12 -2 12 -2 12 -2 12 -2 0 0 0 0 0 0 0 0 0 0]"
"1769326782578475,CSI_DATA,STATION,00:00:00:00:00:00,0,0,0,0,0,0,0,0,0,0,0,0,0,0,0,0,0,0,0,0,0,128,[84 -64 4 0 0 0 0 0 0 0 0 0 10 5 11 5 11 5 11 5 11 6 10 7 10 6 9 7 10 6 10 7 9 7 9 7 9 8 9 8 9 7 8 8 9 7 8 6 9 7 9 7 9 7 9 7 8 7 9 7 8 7 8 6 0 0 8 6 8 6 9 6 8 6 9 6 9 6 9 5 10 5 9 5 10 5 10 5 10 5 10 5 11 5 11 5 11 5 11 4 11 5 11 4 11 4 11 4 11 4 11 4 12 4 12 4 11 4 0 0 0 0 0 0 0 0 0 0]"
"1769326782584916,CSI_DATA,STATION,00:00:00:00:00:00,0,0,0,0,0,0,0,0,0,0,0,0,0,0,0,0,0,0,0,0,0,128,[84 -64 4 0 0 0 0 0 0 0 0 0 19 -2 19 -1 20 0 19 1 20 1 19 1 19 2 18 3 19 3 19 4 19 4 18 4 18 5 18 5 17 5 18 5 16 4 16 5 17 6 17 6 17 5 17 5 17 4 16 5 17 6 16 4 0 0 16 4 17 5 17 4 17 4 17 4 18 4 18 4 17 3 17 3 17 2 18 2 18 3 18 2 18 2 19 2 18 1 19 2 19 1 19 1 19 1 19 1 20 1 20 1 20 1 20 0 19 0 0 0 0 0 0 0 0 0 0 0]"
"1769326782589314,CSI_DATA,STATION,00:00:00:00:00:00,0,0,0,0,0,0,0,0,0,0,0,0,0,0,0,0,0,0,0,0,0,128,[84 -64 4 0 0 0 0 0 0 0 0 0 11 -5 11 -4 11 -4 11 -4 12 -3 12 -4 12 -3 12 -3 11 -3 12 -2 12 -2 11 -1 11 -2 11 -2 12 -1 11 -2 11 -1 11 -2 12 -1 12 -2 11 -1 11 -1 11 -1 11 -1 11 -2 11 -2 0 0 11 -2 11 -2 11 -2 11 -3 11 -3 11 -3 11 -3 11 -4 10 -3 11 -4 10 -4 11 -4 11 -3 11 -3 11 -5 12 -5 11 -5 11 -5 11 -5 11 -6 11 -6 12 -5 12 -5 12 -6 11 -6 11 -6 0 0 0 0 0 0 0 0 0 0]"
"1769326782593779,CSI_DATA,STATION,00:00:00:00:00:00,0,0,0,0,0,0,0,0,0,0,0,0,0,0,0,0,0,0,0,0,0,128,[84 -64 4 0 0 0 0 0 0 0 0 0 -16 12 -16 11 -17 11 -17 11 -18 10 -17 10 -18 9 -18 9 -18 9 -19 8 -19 8 -19 7 -19 6 -18 6 -18 6 -18 6 -18 6 -18 6 -18 6 -18 6 -18 5 -18 5 -17 6 -18 5 -17 5 -17 6 0 0 -18 6 -17 7 -17 6 -17 7 -17 7 -17 6 -17 7 -17 7 -17 8 -17 8 -17 9 -17 8 -17 8 -17 9 -17 9 -17 10 -18 9 -17 10 -17 10 -17 10 -17 11 -17 11 -18 10 -17 11 -17 12 -17 12 0 0 0 0 0 0 0 0 0 0]"
"1769326782600457,CSI_DATA,STATION,00:00:00:00:00:00,0,0,0,0,0,0,0,0,0,0,0,0,0,0,0,0,0,0,0,0,0,128,[84 -64 4 0 0 0 0 0 0 0 0 0 -11 10 -12 10 -13 9 -13 8 -13 8 -13 9 -14 8 -14 7 -13 7 -14 7 -14 7 -13 7 -14 7 -13 6 -14 6 -14 6 -14 6 -13 6 -13 6 -13 5 -13 5 -13 5 -13 6 -13 6 -13 5 -13 6 0 0 -13 6 -12 6 -12 7 -13 7 -13 7 -12 6 -13 7 -13 7 -12 8 -12 8 -12 9 -12 8 -12 9 -13 9 -12 9 -12 9 -12 9 -12 10 -12 10 -13 10 -13 10 -12 10 -13 10 -12 11 -12 11 -12 11 0 0 0 0 0 0 0 0 0 0]"
"1769326782604953,CSI_DATA,STATION,00:00:00:00:00:00,0,0,0,0,0,0,0,0,0,0,0,0,0,0,0,0,0,0,0,0,0,128,[84 -64 4 0 0 0 0 0 0 0 0 0 5 -17 6 -17 7 -17 8 -16 8 -16 8 -16 9 -16 9 -16 9 -15 10 -15 10 -15 10 -14 11 -14 10 -14 10 -13 10 -14 10 -13 10 -13 10 -13 10 -13 10 -13 10 -13 10 -13 10 -13 10 -13 10 -13 0 0 9 -13 9 -13 9 -13 9 -14 8 -14 8 -14 8 -14 8 -14 8 -14 8 -14 8 -15 7 -14 8 -15 8 -15 8 -16 7 -16 7 -16 7 -17 7 -17 7 -17 7 -17 7 -17 7 -17 7 -17 7 -18 7 -17 0 0 0 0 0 0 0 0 0 0]"
"1769326782615984,CSI_DATA,STATION,00:00:00:00:00:00,0,0,0,0,0,0,0,0,0,0,0,0,0,0,0,0,0,0,0,0,0,128,[84 -64 4 0 0 0 0 0 0 0 0 0 8 -16 9 -16 9 -16 9 -15 10 -15 10 -15 11 -15 11 -14 12 -14 12 -13 12 -14 12 -13 12 -13 12 -12 12 -12 12 -12 13 -12 12 -12 12 -11 12 -11 12 -11 12 -11 12 -11 12 -11 11 -11 12 -12 0 0 11 -12 11 -11 11 -12 11 -12 11 -12 11 -12 11 -12 11 -13 11 -13 11 -13 11 -14 11 -13 11 -13 10 -14 11 -14 10 -14 11 -14 11 -14 10 -15 10 -15 10 -15 10 -15 10 -15 10 -16 10 -16 10 -16 0 0 0 0 0 0 0 0 0 0]"
"1769326782620451,CSI_DATA,STATION,00:00:00:00:00:00,0,0,0,0,0,0,0,0,0,0,0,0,0,0,0,0,0,0,0,0,0,128,[84 -64 4 0 0 0 0 0 0 0 0 0 -9 7 -10 7 -11 6 -11 6 -11 6 -11 6 -11 6 -12 5 -11 5 -11 4 -11 5 -11 5 -12 4 -11 5 -12 4 -12 4 -11 4 -11 4 -11 4 -11 4 -11 4 -11 4 -11 5 -11 4 -11 4 -11 5 0 0 -10 4 -11 5 -10 5 -10 5 -10 5 -11 5 -11 5 -10 5 -10 6 -10 6 -10 7 -10 6 -10 7 -11 7 -10 7 -11 8 -10 8 -10 8 -10 8 -10 8 -10 9 -10 8 -10 8 -10 8 -10 9 -10 9 0 0 0 0 0 0 0 0 0 0]"
"1769326782627159,CSI_DATA,STATION,00:00:00:00:00:00,0,0,0,0,0,0,0,0,0,0,0,0,0,0,0,0,0,0,0,0,0,128,[84 -64 4 0 0 0 0 0 0 0 0 0 -3 19 -3 19 -4 19 -4 20 -5 19 -5 19 -5 19 -6 18 -6 18 -7 18 -8 18 -8 17 -9 17 -9 17 -8 17 -9 17 -8 16 -8 17 -9 16 -8 17 -8 16 -8 16 -8 16 -8 15 -8 16 -8 16 0 0 -7 16 -7 17 -7 16 -7 17 -7 17 -6 17 -6 17 -5 17 -6 17 -5 17 -6 18 -5 17 -6 18 -5 18 -5 19 -4 18 -4 19 -4 19 -3 20 -4 19 -4 19 -3 19 -4 20 -4 19 -4 20 -3 19 0 0 0 0 0 0 0 0 0 0]"
"1769326782633757,CSI_DATA,STATION,00:00:00:00:00:00,0,0,0,0,0,0,0,0,0,0,0,0,0,0,0,0,0,0,0,0,0,128,[84 -64 4 0 0 0 0 0 0 0 0 0 8 9 7 10 7 10 6 9 6 10 6 10 6 11 5 11 6 11 5 11 5 11 5 10 4 10 4 10 4 11 4 11 4 11 3 10 4 10 4 10 4 10 4 11 4 10 4 10 4 10 4 10 0 0 4 10 4 10 5 9 5 10 5 10 5 10 6 10 5 10 5 9 6 10 6 10 6 10 6 9 7 10 6 10 6 10 7 9 7 9 7 9 7 10 8 10 8 10 8 10 8 9 8 10 8 10 0 0 0 0 0 0 0 0 0 0]"
"1769326782638126,CSI_DATA,STATION,00:00:00:00:00:00,0,0,0,0,0,0,0,0,0,0,0,0,0,0,0,0,0,0,0,0,0,128,[84 -64 4 0 0 0 0 0 0 0 0 0 16 -6 17 -6 17 -5 18 -5 18 -4 17 -4 17 -4 18 -3 18 -4 18 -2 17 -2 17 -1 17 -1 17 -1 17 -1 16 -1 16 -1 16 -1 16 -1 16 -1 16 -1 16 -1 16 -2 16 -1 16 0 16 -2 0 0 16 -2 16 -1 16 -2 16 -3 16 -2 16 -3 16 -2 16 -3 16 -4 16 -4 16 -4 16 -3 17 -3 16 -4 16 -5 16 -5 17 -5 16 -6 16 -6 16 -6 17 -6 16 -6 17 -6 17 -6 17 -7 17 -7 0 0 0 0 0 0 0 0 0 0]"
"1769326782642596,CSI_DATA,STATION,00:00:00:00:00:00,0,0,0,0,0,0,0,0,0,0,0,0,0,0,0,0,0,0,0,0,0,128,[84 -64 4 0 0 0 0 0 0 0 0 0 10 -8 10 -7 10 -7 10 -6 11 -6 10 -6 11 -6 11 -6 11 -6 11 -5 11 -5 11 -5 11 -5 11 -4 12 -5 11 -5 11 -5 10 -5 11 -4 11 -4 11 -4 10 -3 10 -5 10 -4 11 -5 10 -5 0 0 10 -5 10 -5 10 -5 10 -5 10 -6 10 -6 10 -6 9 -6 10 -6 10 -6 10 -6 10 -6 11 -6 10 -7 10 -7 10 -8 10 -8 10 -8 10 -7 10 -8 10 -9 10 -7 10 -8 10 -8 10 -9 10 -9 0 0 0 0 0 0 0 0 0 0]"
"1769326782649332,CSI_DATA,STATION,00:00:00:00:00:00,0,0,0,0,0,0,0,0,0,0,0,0,0,0,0,0,0,0,0,0,0,128,[84 -64 4 0 0 0 0 0 0 0 0 0 11 2 11 2 12 2 11 3 12 4 11 3 11 4 11 5 11 4 11 5 10 4 10 5 11 5 10 5 10 5 9 5 9 5 10 5 10 5 10 5 10 5 10 5 9 5 10 5 10 5 10 4 0 0 9 5 10 4 10 4 9 3 10 4 10 4 10 4 10 4 10 3 11 4 11 3 11 4 11 3 11 3 11 3 11 2 11 2 12 2 12 2 11 2 12 2 12 2 13 2 12 2 12 2 12 2 0 0 0 0 0 0 0 0 0 0]"
"1769326782655838,CSI_DATA,STATION,00:00:00:00:00:00,0,0,0,0,0,0,0,0,0,0,0,0,0,0,0,0,0,0,0,0,0,128,[84 -64 4 0 0 0 0 0 0 0 0 0 0 12 -1 12 -1 12 -2 12 -2 12 -3 12 -3 12 -3 12 -3 11 -4 12 -4 11 -4 11 -3 11 -4 11 -4 11 -4 11 -4 11 -4 11 -4 11 -4 10 -4 11 -4 10 -4 11 -4 10 -3 10 -3 11 0 0 -4 10 -3 10 -3 11 -2 11 -3 11 -2 11 -3 11 -2 12 -2 11 -2 12 -2 12 -1 12 -1 11 -2 12 -1 12 -1 12 -1 12 -1 12 -1 12 -1 12 -1 12 -1 12 -1 12 0 13 0 13 0 13 0 0 0 0 0 0 0 0 0 0]"
"1769326782660158,CSI_DATA,STATION,00:00:00:00:00:00,0,0,0,0,0,0,0,0,0,0,0,0,0,0,0,0,0,0,0,0,0,128,[84 -64 4 0 0 0 0 0 0 0 0 0 10 16 10 17 9 17 9 18 8 18 8 18 7 18 6 18 6 18 7 18 6 19 5 18 6 19 5 19 5 18 4 18 4 18 5 18 4 18 4 18 4 18 4 17 4 17 5 17 5 17 5 17 0 0 5 17 6 16 6 17 6 16 6 17 6 17 6 17 7 17 7 16 7 16 8 16 8 16 8 17 9 16 9 16 9 16 10 17 9 16 10 16 10 16 10 16 11 16 11 17 12 16 11 16 11 16 0 0 0 0 0 0 0 0 0 0]"
"1769326782664483,CSI_DATA,STATION,00:00:00:00:00:00,0,0,0,0,0,0,0,0,0,0,0,0,0,0,0,0,0,0,0,0,0,128,[84 -64 4 0 0 0 0 0 0 0 0 0 -11 6 -11 6 -11 5 -12 5 -12 5 -12 5 -12 4 -12 5 -12 4 -12 4 -12 3 -12 4 -12 3 -12 3 -12 2 -11 3 -12 3 -12 2 -13 3 -12 3 -11 2 -12 3 -11 3 -12 2 -12 3 -11 4 0 0 -11 4 -11 4 -11 4 -11 4 -11 4 -11 4 -11 4 -11 5 -10 5 -11 5 -11 5 -11 5 -11 6 -11 6 -10 6 -11 7 -11 6 -11 7 -11 7 -11 7 -11 7 -11 7 -11 7 -11 7 -11 7 -11 7 0 0 0 0 0 0 0 0 0 0]"
"1769326782670978,CSI_DATA,STATION,00:00:00:00:00:00,0,0,0,0,0,0,0,0,0,0,0,0,0,0,0,0,0,0,0,0,0,128,[84 -64 4 0 0 0 0 0 0 0 0 0 -6 -15 -6 -15 -5 -16 -5 -16 -5 -16 -4 -16 -4 -16 -3 -16 -3 -16 -3 -16 -2 -16 -2 -16 -1 -16 -1 -16 -1 -16 -1 -16 -1 -15 0 -15 -1 -16 -1 -15 -1 -15 -1 -15 -1 -15 -1 -15 -1 -15 -2 -15 0 0 -1 -15 -2 -15 -2 -15 -2 -15 -2 -15 -2 -15 -3 -15 -3 -15 -3 -15 -3 -15 -3 -15 -3 -15 -3 -16 -4 -15 -3 -16 -4 -16 -4 -16 -4 -16 -5 -16 -5 -16 -5 -16 -5 -16 -5 -16 -5 -16 -5 -17 -5 -16 0 0 0 0 0 0 0 0 0 0]"
"1769326782675284,CSI_DATA,STATION,00:00:00:00:00:00,0,0,0,0,0,0,0,0,0,0,0,0,0,0,0,0,0,0,0,0,0,128,[84 -64 4 0 0 0 0 0 0 0 0 0 16 -8 16 -7 17 -7 17 -6 17 -5 17 -6 17 -5 17 -4 17 -4 17 -3 18 -4 17 -3 17 -3 17 -2 17 -2 17 -2 16 -2 16 -2 17 -1 17 -1 16 -1 16 -1 16 -2 16 -2 16 -2 16 -3 0 0 15 -2 16 -2 16 -2 16 -3 16 -3 16 -2 16 -3 16 -3 16 -3 16 -4 16 -5 16 -4 16 -4 16 -4 16 -4 17 -5 17 -5 17 -6 17 -6 16 -6 17 -6 16 -5 17 -6 18 -6 17 -7 17 -7 0 0 0 0 0 0 0 0 0 0]"
"1769326782679595,CSI_DATA,STATION,00:00:00:00:00:00,0,0,0,0,0,0,0,0,0,0,0,0,0,0,0,0,0,0,0,0,0,128,[84 -64 4 0 0 0 0 0 0 0 0 0 -8 10 -9 9 -9 9 -9 9 -9 8 -10 9 -10 8 -10 7 -10 7 -11 8 -10 8 -10 7 -10 7 -10 7 -11 6 -10 7 -11 6 -10 7 -10 6 -10 6 -10 5 -10 6 -10 6 -9 6 -10 6 -10 7 0 0 -10 6 -10 6 -10 6 -9 6 -10 7 -10 7 -10 6 -10 7 -9 7 -9 8 -9 8 -10 8 -9 8 -10 9 -10 8 -9 8 -9 9 -9 9 -9 9 -10 9 -9 9 -9 9 -10 9 -9 9 -9 10 -9 9 0 0 0 0 0 0 0 0 0 0]"
"1769326782686284,CSI_DATA,STATION,00:00:00:00:00:00,0,0,0,0,0,0,0,0,0,0,0,0,0,0,0,0,0,0,0,0,0,128,[84 -64 4 0 0 0 0 0 0 0 0 0 10 6 11 6 10 6 10 7 9 7 10 7 9 7 9 8 9 8 9 8 9 8 8 8 8 8 8 9 8 9 8 9 7 9 7 8 7 8 7 8 7 9 7 8 7 8 7 8 7 8 8 8 0 0 7 8 8 8 8 7 7 8 9 8 8 8 8 7 8 7 8 7 8 7 8 7 9 8 9 8 9 8 9 8 10 7 10 6 10 7 10 7 10 7 10 7 11 7 10 7 11 7 10 7 11 7 0 0 0 0 0 0 0 0 0 0]"
"1769326782690707,CSI_DATA,STATION,00:00:00:00:00:00,0,0,0,0,0,0,0,0,0,0,0,0,0,0,0,0,0,0,0,0,0,128,[84 -64 4 0 0 0 0 0 0 0 0 0 3 -12 4 -12 4 -12 4 -11 5 -12 5 -12 5 -12 6 -11 6 -11 6 -12 6 -11 6 -10 6 -11 7 -11 7 -10 6 -11 6 -10 7 -11 6 -10 7 -10 6 -9 6 -10 6 -10 6 -10 5 -10 6 -10 0 0 6 -10 6 -10 5 -10 5 -11 5 -10 5 -10 5 -10 5 -11 5 -11 5 -11 4 -11 5 -11 4 -12 4 -11 4 -12 4 -12 4 -12 4 -12 4 -12 4 -13 4 -13 4 -12 4 -13 3 -13 4 -13 4 -13 0 0 0 0 0 0 0 0 0 0]"
"1769326782695199,CSI_DATA,STATION,00:00:00:00:00:00,0,0,0,0,0,0,0,0,0,0,0,0,0,0,0,0,0,0,0,0,0,128,[84 -64 4 0 0 0 0 0 0 0 0 0 8 7 8 8 8 9 8 8 8 9 7 10 7 9 7 9 7 10 7 11 7 10 5 10 6 10 6 10 6 10 6 10 6 10 6 10 6 10 5 10 6 10 6 10 6 9 6 9 6 9 6 9 0 0 6 9 6 9 6 9 7 8 7 9 6 9 7 9 7 9 7 9 8 8 8 8 7 9 8 9 8 8 9 8 9 8 9 8 9 8 9 8 9 8 9 8 9 8 10 8 10 8 10 8 10 8 0 0 0 0 0 0 0 0 0 0]"
"1769326782701840,CSI_DATA,STATION,00:00:00:00:00:00,0,0,0,0,0,0,0,0,0,0,0,0,0,0,0,0,0,0,0,0,0,128,[84 -64 4 0 0 0 0 0 0 0 0 0 19 -5 19 -5 19 -4 20 -4 20 -3 19 -3 19 -3 20 -2 20 -2 20 -1 19 -1 19 0 19 0 19 1 19 1 18 1 18 1 18 0 18 1 18 1 17 1 18 1 17 1 18 1 18 1 17 0 0 0 17 0 18 0 18 0 18 -1 17 -1 18 -1 18 -1 18 -2 17 -2 18 -2 17 -3 18 -2 18 -2 19 -2 18 -3 19 -4 19 -3 19 -5 19 -5 19 -5 19 -5 19 -5 20 -4 20 -5 19 -5 20 -6 0 0 0 0 0 0 0 0 0 0]"
"1769326782706311,CSI_DATA,STATION,00:00:00:00:00:00,0,0,0,0,0,0,0,0,0,0,0,0,0,0,0,0,0,0,0,0,0,128,[84 -64 4 0 0 0 0 0 0 0 0 0 -12 0 -12 0 -13 -1 -13 -1 -13 -2 -13 -2 -12 -2 -13 -2 -12 -3 -13 -4 -12 -3 -12 -3 -12 -4 -12 -4 -12 -4 -12 -3 -12 -4 -12 -4 -12 -4 -11 -4 -11 -4 -11 -4 -11 -4 -11 -4 -11 -4 -11 -4 0 0 -11 -4 -11 -3 -12 -3 -11 -3 -12 -3 -11 -3 -12 -4 -12 -3 -11 -3 -12 -3 -12 -3 -12 -3 -12 -2 -13 -2 -12 -2 -12 -2 -13 -2 -12 -2 -13 -2 -13 -2 -13 -2 -14 -2 -13 -2 -14 -2 -14 -1 -13 -2 0 0 0 0 0 0 0 0 0 0]"
"1769326782710781,CSI_DATA,STATION,00:00:00:00:00:00,0,0,0,0,0,0,0,0,0,0,0,0,0,0,0,0,0,0,0,0,0,128,[84 -64 4 0 0 0 0 0 0 0 0 0 -18 7 -19 6 -20 6 -21 5 -20 5 -20 5 -20 4 -20 3 -20 3 -20 2 -21 3 -20 2 -20 1 -20 1 -20 0 -20 0 -19 1 -18 1 -19 0 -19 0 -19 0 -19 -1 -18 1 -19 0 -19 0 -18 1 0 0 -18 2 -19 1 -19 1 -18 2 -19 2 -19 2 -19 2 -18 3 -18 3 -18 4 -19 4 -19 3 -19 3 -19 4 -19 4 -20 5 -19 5 -19 6 -19 5 -19 6 -20 6 -20 5 -20 6 -20 6 -20 7 -20 7 0 0 0 0 0 0 0 0 0 0]"
"1769326782717456,CSI_DATA,STATION,00:00:00:00:00:00,0,0,0,0,0,0,0,0,0,0,0,0,0,0,0,0,0,0,0,0,0,128,[84 -64 4 0 0 0 0 0 0 0 0 0 -1 -13 -1 -12 -1 -13 0 -13 1 -13 1 -13 1 -13 1 -13 2 -13 2 -13 2 -13 2 -12 3 -13 3 -12 3 -11 2 -12 3 -12 3 -12 3 -12 3 -11 3 -11 3 -11 3 -11 2 -12 3 -11 2 -12 0 0 3 -11 2 -11 2 -11 2 -11 2 -12 2 -11 1 -11 2 -12 2 -12 1 -12 1 -12 1 -12 1 -12 1 -12 1 -12 1 -13 1 -13 1 -13 1 -13 1 -13 1 -14 1 -13 1 -13 0 -13 0 -14 1 -13 0 0 0 0 0 0 0 0 0 0]"
"1769326782721955,CSI_DATA,STATION,00:00:00:00:00:00,0,0,0,0,0,0,0,0,0,0,0,0,0,0,0,0,0,0,0,0,0,128,[84 -64 4 0 0 0 0 0 0 0 0 0 -11 16 -12 16 -13 15 -13 15 -13 15 -13 15 -14 14 -14 14 -15 13 -15 13 -15 13 -15 13 -16 12 -15 12 -16 11 -15 12 -15 11 -16 11 -15 11 -15 11 -15 10 -15 10 -15 10 -15 10 -15 11 -14 11 0 0 -15 11 -14 12 -14 11 -14 12 -14 12 -14 11 -14 12 -13 12 -14 13 -13 13 -13 14 -13 13 -13 13 -13 14 -13 14 -13 14 -14 14 -13 15 -13 15 -13 15 -13 16 -12 15 -13 16 -13 16 -12 17 -12 16 0 0 0 0 0 0 0 0 0 0]"
"1769326782726421,CSI_DATA,STATION,00:00:00:00:00:00,0,0,0,0,0,0,0,0,0,0,0,0,0,0,0,0,0,0,0,0,0,128,[84 -64 4 0 0 0 0 0 0 0 0 0 1 -16 2 -16 3 -16 3 -16 4 -16 4 -16 5 -15 6 -16 5 -15 5 -14 5 -14 5 -14 6 -14 6 -14 6 -14 6 -14 6 -13 6 -14 6 -14 6 -14 6 -13 6 -13 6 -13 6 -13 5 -13 6 -14 0 0 5 -13 4 -13 4 -14 4 -13 4 -14 4 -14 4 -14 4 -14 4 -14 4 -15 3 -14 2 -14 2 -15 3 -15 2 -16 2 -16 2 -15 2 -16 2 -16 2 -16 2 -16 2 -16 2 -16 1 -16 1 -17 1 -17 0 0 0 0 0 0 0 0 0 0]"
"1769326782733067,CSI_DATA,STATION,00:00:00:00:00:00,0,0,0,0,0,0,0,0,0,0,0,0,0,0,0,0,0,0,0,0,0,128,[84 -64 4 0 0 0 0 0 0 0 0 0 8 17 8 18 7 18 7 19 6 18 6 19 5 19 5 19 4 19 4 19 4 19 3 19 3 19 3 18 2 19 1 18 2 19 2 17 2 18 1 18 2 17 2 17 1 17 2 17 2 18 2 17 0 0 3 17 3 17 3 18 3 17 4 17 4 17 4 17 4 17 4 17 4 17 5 17 5 17 5 18 6 18 6 17 6 18 7 18 7 17 7 18 7 18 7 18 7 18 8 18 9 18 8 18 8 19 0 0 0 0 0 0 0 0 0 0]"
"1769326782737468,CSI_DATA,STATION,00:00:00:00:00:00,0,0,0,0,0,0,0,0,0,0,0,0,0,0,0,0,0,0,0,0,0,128,[84 -64 4 0 0 0 0 0 0 0 0 0 7 -10 8 -10 8 -9 8 -9 8 -8 9 -9 9 -8 9 -8 10 -8 10 -8 9 -8 10 -8 10 -7 10 -7 10 -6 9 -7 9 -7 10 -7 10 -6 10 -6 10 -6 9 -6 9 -7 10 -6 9 -7 9 -7 0 0 9 -7 9 -7 9 -7 9 -7 9 -7 9 -7 8 -7 9 -8 8 -8 8 -8 8 -9 9 -8 8 -8 9 -8 9 -9 9 -9 8 -9 9 -10 9 -9 9 -10 8 -10 8 -9 9 -9 8 -10 8 -10 8 -10 0 0 0 0 0 0 0 0 0 0]"
"1769326782741911,CSI_DATA,STATION,00:00:00:00:00:00,0,0,0,0,0,0,0,0,0,0,0,0,0,0,0,0,0,0,0,0,0,128,[84 -64 4 0 0 0 0 0 0 0 0 0 -5 -13 -4 -14 -5 -14 -4 -14 -4 -15 -4 -14 -3 -14 -3 -15 -2 -14 -2 -15 -2 -14 -1 -15 -1 -14 -1 -14 -1 -14 -1 -14 -1 -13 -1 -13 -1 -14 0 -14 -1 -13 0 -14 -1 -13 -1 -13 -2 -14 -1 -13 0 0 -1 -13 -2 -13 -1 -13 -1 -14 -2 -13 -1 -14 -2 -13 -2 -14 -2 -13 -3 -13 -3 -13 -3 -14 -4 -13 -2 -14 -3 -14 -3 -15 -3 -14 -4 -14 -3 -15 -4 -15 -3 -14 -4 -14 -4 -15 -5 -15 -5 -15 -4 -15 0 0 0 0 0 0 0 0 0 0]"
"1769326782748474,CSI_DATA,STATION,00:00:00:00:00:00,0,0,0,0,0,0,0,0,0,0,0,0,0,0,0,0,0,0,0,0,0,128,[84 -64 4 0 0 0 0 0 0 0 0 0 -16 -2 -16 -2 -16 -3 -16 -3 -16 -4 -16 -4 -15 -4 -16 -5 -15 -5 -16 -6 -15 -6 -14 -6 -15 -6 -15 -6 -15 -7 -14 -6 -14 -6 -14 -6 -14 -7 -14 -7 -14 -6 -14 -7 -13 -6 -13 -7 -14 -6 -13 -6 0 0 -13 -6 -14 -5 -14 -5 -13 -4 -14 -6 -14 -5 -14 -5 -14 -5 -14 -5 -14 -5 -15 -4 -15 -5 -15 -5 -15 -5 -15 -4 -16 -4 -16 -4 -16 -4 -16 -4 -16 -4 -16 -4 -16 -5 -16 -4 -16 -4 -16 -4 -16 -3 0 0 0 0 0 0 0 0 0 0]"
"1769326782752818,CSI_DATA,STATION,00:00:00:00:00:00,0,0,0,0,0,0,0,0,0,0,0,0,0,0,0,0,0,0,0,0,0,128,[84 -64 4 0 0 0 0 0 0 0 0 0 -15 10 -16 10 -16 9 -17 9 -17 8 -17 8 -16 8 -17 7 -17 7 -17 6 -17 6 -17 5 -17 5 -17 4 -17 4 -17 5 -17 5 -16 5 -17 4 -16 4 -17 4 -17 4 -16 4 -16 4 -16 4 -16 5 0 0 -16 5 -16 5 -16 5 -16 6 -16 5 -16 5 -16 6 -15 6 -16 7 -15 7 -16 7 -16 7 -16 7 -16 8 -16 8 -16 8 -16 8 -16 9 -16 9 -16 9 -15 10 -16 10 -16 9 -16 9 -16 10 -16 10 0 0 0 0 0 0 0 0 0 0]"
"1769326782757181,CSI_DATA,STATION,00:00:00:00:00:00,0,0,0,0,0,0,0,0,0,0,0,0,0,0,0,0,0,0,0,0,0,128,[84 -64 4 0 0 0 0 0 0 0 0 0 -7 -11 -7 -11 -6 -11 -6 -11 -6 -12 -6 -12 -6 -12 -5 -12 -5 -12 -4 -12 -4 -12 -4 -12 -4 -12 -4 -13 -4 -13 -4 -12 -4 -12 -4 -12 -4 -12 -4 -12 -4 -11 -4 -12 -3 -11 -3 -11 -4 -12 -4 -11 0 0 -4 -11 -4 -12 -4 -11 -5 -11 -5 -11 -5 -12 -5 -12 -5 -11 -5 -11 -5 -11 -6 -11 -5 -12 -6 -11 -6 -11 -6 -11 -6 -12 -7 -12 -7 -12 -6 -12 -7 -12 -7 -12 -6 -11 -7 -12 -7 -12 -7 -12 -7 -12 0 0 0 0 0 0 0 0 0 0]"
"1769326782763641,CSI_DATA,STATION,00:00:00:00:00:00,0,0,0,0,0,0,0,0,0,0,0,0,0,0,0,0,0,0,0,0,0,128,[84 -64 4 0 0 0 0 0 0 0 0 0 0 -13 1 -13 1 -13 2 -12 2 -13 2 -13 3 -13 3 -13 3 -13 4 -13 3 -12 4 -13 4 -12 4 -12 3 -11 4 -11 4 -11 4 -12 4 -12 4 -12 3 -11 4 -11 4 -11 3 -11 3 -11 3 -12 0 0 3 -11 3 -11 2 -11 2 -12 2 -12 2 -12 2 -12 2 -13 2 -12 2 -12 2 -12 2 -12 2 -12 2 -13 1 -14 1 -13 1 -13 1 -14 1 -13 0 -13 1 -13 0 -13 0 -14 0 -14 0 -14 0 -14 0 0 0 0 0 0 0 0 0 0]"
"1769326782767973,CSI_DATA,STATION,00:00:00:00:00:00,0,0,0,0,0,0,0,0,0,0,0,0,0,0,0,0,0,0,0,0,0,128,[84 -64 4 0 0 0 0 0 0 0 0 0 -3 -12 -3 -12 -2 -13 -2 -13 -2 -13 -1 -14 0 -14 -1 -13 0 -13 0 -13 0 -13 0 -13 1 -13 1 -12 1 -13 0 -12 1 -12 0 -12 1 -13 1 -12 1 -12 0 -12 0 -12 0 -12 0 -12 0 -12 0 0 0 -12 0 -12 0 -12 -1 -12 0 -12 -1 -12 -1 -12 -1 -12 -1 -12 -1 -12 -1 -13 -1 -13 -2 -13 -2 -13 -2 -13 -2 -13 -2 -13 -3 -14 -2 -13 -3 -13 -3 -13 -3 -13 -3 -13 -4 -13 -3 -14 -3 -14 0 0 0 0 0 0 0 0 0 0]"
"1769326782774496,CSI_DATA,STATION,00:00:00:00:00:00,0,0,0,0,0,0,0,0,0,0,0,0,0,0,0,0,0,0,0,0,0,128,[84 -64 4 0 0 0 0 0 0 0 0 0 -15 14 -15 13 -16 13 -16 12 -17 12 -16 12 -17 11 -17 11 -17 10 -18 10 -18 10 -18 10 -18 9 -18 9 -17 8 -18 8 -18 8 -18 9 -17 7 -17 7 -17 7 -17 7 -17 8 -17 8 -17 8 -16 8 0 0 -16 8 -16 9 -16 8 -17 9 -16 9 -16 9 -16 9 -16 9 -16 10 -16 11 -15 11 -16 11 -16 11 -15 11 -16 12 -16 12 -16 12 -15 12 -15 13 -15 13 -15 13 -15 13 -16 14 -15 14 -15 15 -15 14 0 0 0 0 0 0 0 0 0 0]"
"1769326782778984,CSI_DATA,STATION,00:00:00:00:00:00,0,0,0,0,0,0,0,0,0,0,0,0,0,0,0,0,0,0,0,0,0,128,[84 -64 4 0 0 0 0 0 0 0 0 0 9 7 8 8 9 8 9 9 8 9 8 9 7 9 7 9 7 9 7 10 7 9 6 9 7 10 6 9 6 10 6 10 6 10 6 9 6 9 6 10 5 9 6 9 5 9 6 10 6 9 6 9 0 0 6 9 6 9 6 8 6 8 7 9 7 8 7 8 7 8 7 8 7 8 8 8 7 8 8 8 8 8 8 8 9 8 9 8 9 8 9 8 9 8 9 8 9 8 10 8 10 8 10 8 10 8 0 0 0 0 0 0 0 0 0 0]"
"1769326782789865,CSI_DATA,STATION,00:00:00:00:00:00,0,0,0,0,0,0,0,0,0,0,0,0,0,0,0,0,0,0,0,0,0,128,[84 -64 4 0 0 0 0 0 0 0 0 0 8 -8 8 -8 8 -8 8 -8 8 -8 9 -8 8 -7 9 -7 9 -6 9 -6 9 -6 9 -6 9 -5 9 -5 9 -6 9 -6 9 -6 9 -6 9 -5 9 -5 9 -5 9 -6 9 -5 9 -5 8 -5 9 -5 0 0 8 -6 8 -6 8 -5 8 -6 8 -6 8 -6 8 -6 8 -7 8 -7 8 -8 7 -7 8 -7 8 -7 7 -7 8 -8 8 -8 8 -8 8 -9 8 -9 8 -9 8 -9 8 -8 8 -8 7 -8 8 -9 8 -9 0 0 0 0 0 0 0 0 0 0]"
"1769326782796539,CSI_DATA,STATION,00:00:00:00:00:00,0,0,0,0,0,0,0,0,0,0,0,0,0,0,0,0,0,0,0,0,0,128,[84 -64 4 0 0 0 0 0 0 0 0 0 19 3 18 4 20 5 19 6 20 6 18 6 18 7 17 7 18 7 18 9 17 8 17 8 17 10 17 9 16 9 16 9 15 8 16 9 16 9 16 9 16 9 16 9 15 8 15 9 16 9 15 8 0 0 15 7 17 8 16 7 16 7 16 7 17 7 17 7 17 6 17 6 17 5 17 5 17 6 18 6 18 5 19 5 18 4 19 5 18 4 19 4 19 3 19 4 20 4 21 4 20 4 20 3 19 3 0 0 0 0 0 0 0 0 0 0]"
"1769326782801023,CSI_DATA,STATION,00:00:00:00:00:00,0,0,0,0,0,0,0,0,0,0,0,0,0,0,0,0,0,0,0,0,0,128,[84 -64 4 0 0 0 0 0 0 0 0 0 11 5 10 5 11 6 10 6 10 6 9 7 10 7 8 7 9 8 8 8 9 8 8 7 9 7 9 8 8 8 8 8 8 8 8 7 8 7 8 8 7 8 8 8 7 7 8 7 8 7 8 7 0 0 8 7 7 7 8 7 7 7 8 7 8 7 9 7 9 7 9 6 9 6 9 6 9 7 9 6 9 7 9 6 9 6 10 6 10 6 10 6 10 6 10 6 10 6 11 6 11 6 11 6 11 6 0 0 0 0 0 0 0 0 0 0]"
"1769326782807716,CSI_DATA,STATION,00:00:00:00:00:00,0,0,0,0,0,0,0,0,0,0,0,0,0,0,0,0,0,0,0,0,0,128,[84 -64 4 0 0 0 0 0 0 0 0 0 -19 5 -19 4 -20 3 -21 2 -21 2 -20 2 -20 2 -20 1 -20 1 -20 -1 -20 -1 -20 -1 -20 -2 -20 -2 -19 -3 -19 -2 -18 -1 -19 -1 -19 -3 -19 -3 -19 -2 -19 -3 -18 -2 -18 -2 -19 -3 -18 -1 0 0 -18 -1 -19 -2 -18 -1 -18 0 -19 -1 -19 -1 -19 -1 -19 0 -18 1 -19 1 -19 1 -19 0 -19 0 -19 1 -19 2 -20 3 -21 2 -20 3 -20 3 -20 3 -20 3 -20 2 -21 2 -21 3 -21 3 -20 4 0 0 0 0 0 0 0 0 0 0]"
"1769326782812200,CSI_DATA,STATION,00:00:00:00:00:00,0,0,0,0,0,0,0,0,0,0,0,0,0,0,0,0,0,0,0,0,0,128,[84 -64 4 0 0 0 0 0 0 0 0 0 -12 -3 -12 -4 -13 -4 -13 -5 -13 -5 -12 -5 -12 -5 -11 -5 -11 -6 -12 -7 -11 -6 -11 -6 -12 -7 -11 -7 -10 -7 -10 -7 -10 -8 -11 -7 -10 -7 -10 -7 -10 -7 -11 -6 -11 -7 -11 -7 -11 -7 -10 -6 0 0 -10 -6 -11 -6 -11 -6 -10 -6 -11 -5 -11 -6 -12 -5 -12 -6 -11 -6 -11 -5 -12 -5 -12 -5 -12 -4 -12 -5 -12 -5 -12 -4 -13 -5 -13 -4 -13 -4 -13 -4 -13 -4 -13 -4 -13 -5 -13 -5 -13 -4 -13 -4 0 0 0 0 0 0 0 0 0 0]"
"1769326782818888,CSI_DATA,STATION,00:00:00:00:00:00,0,0,0,0,0,0,0,0,0,0,0,0,0,0,0,0,0,0,0,0,0,128,[84 -64 4 0 0 0 0 0 0 0 0 0 3 -12 4 -13 4 -12 4 -12 5 -12 5 -12 5 -11 5 -12 6 -11 6 -11 6 -12 6 -11 6 -11 6 -11 7 -11 6 -10 6 -10 6 -11 7 -10 7 -10 6 -10 6 -10 6 -10 6 -10 5 -10 6 -11 0 0 6 -10 6 -10 5 -10 5 -10 6 -11 6 -10 5 -10 5 -11 5 -11 5 -11 4 -12 5 -11 4 -11 5 -11 5 -11 5 -13 5 -12 4 -12 4 -12 4 -13 5 -13 5 -12 5 -12 4 -13 4 -13 4 -13 0 0 0 0 0 0 0 0 0 0]"
"1769326782823350,CSI_DATA,STATION,00:00:00:00:00:00,0,0,0,0,0,0,0,0,0,0,0,0,0,0,0,0,0,0,0,0,0,128,[84 -64 4 0 0 0 0 0 0 0 0 0 -2 -12 -1 -11 -1 -12 0 -11 0 -12 0 -12 0 -12 1 -12 1 -12 1 -11 1 -11 1 -11 2 -11 1 -12 2 -11 2 -11 3 -11 2 -11 2 -11 2 -11 2 -11 1 -11 2 -11 1 -10 1 -11 1 -11 0 0 1 -11 1 -10 0 -11 1 -10 1 -11 1 -11 0 -11 0 -11 -1 -11 0 -11 0 -11 0 -11 -1 -11 0 -11 0 -11 -1 -12 -1 -12 -1 -12 -1 -12 -1 -12 -1 -12 -1 -12 -1 -12 -2 -12 -2 -12 -2 -13 0 0 0 0 0 0 0 0 0 0]"
"1769326782827804,CSI_DATA,STATION,00:00:00:00:00:00,0,0,0,0,0,0,0,0,0,0,0,0,0,0,0,0,0,0,0,0,0,128,[84 -64 4 0 0 0 0 0 0 0 0 0 -13 -2 -13 -3 -13 -3 -13 -4 -13 -4 -13 -5 -11 -5 -12 -5 -11 -5 -12 -6 -12 -5 -11 -5 -12 -6 -12 -6 -11 -6 -11 -5 -12 -6 -11 -6 -11 -6 -11 -6 -11 -7 -11 -6 -11 -6 -11 -6 -11 -5 -11 -5 0 0 -10 -5 -11 -5 -11 -5 -11 -4 -11 -5 -11 -5 -11 -5 -12 -5 -12 -5 -12 -5 -12 -4 -12 -4 -12 -4 -12 -4 -13 -3 -12 -4 -13 -4 -13 -4 -13 -3 -13 -3 -14 -3 -13 -3 -13 -4 -14 -3 -14 -3 -14 -3 0 0 0 0 0 0 0 0 0 0]"
"1769326782834514,CSI_DATA,STATION,00:00:00:00:00:00,0,0,0,0,0,0,0,0,0,0,0,0,0,0,0,0,0,0,0,0,0,128,[84 -64 4 0 0 0 0 0 0 0 0 0 -10 -9 -9 -9 -9 -9 -9 -10 -8 -10 -9 -11 -8 -10 -8 -10 -7 -10 -8 -11 -7 -10 -7 -11 -7 -11 -7 -11 -6 -11 -6 -11 -7 -11 -6 -10 -7 -11 -6 -11 -7 -10 -7 -10 -6 -10 -7 -11 -6 -10 -7 -10 0 0 -7 -9 -7 -9 -8 -10 -7 -9 -8 -10 -8 -10 -8 -10 -8 -9 -8 -9 -8 -9 -9 -9 -9 -9 -9 -9 -9 -9 -9 -9 -10 -9 -9 -9 -10 -9 -10 -9 -10 -9 -10 -9 -11 -9 -10 -9 -11 -9 -11 -9 -11 -9 0 0 0 0 0 0 0 0 0 0]"
"1769326782838995,CSI_DATA,STATION,00:00:00:00:00:00,0,0,0,0,0,0,0,0,0,0,0,0,0,0,0,0,0,0,0,0,0,128,[84 -64 4 0 0 0 0 0 0 0 0 0 -5 -14 -5 -13 -4 -14 -4 -14 -4 -14 -4 -14 -3 -15 -3 -14 -2 -14 -2 -14 -2 -14 -2 -14 -2 -14 -2 -14 -2 -14 -2 -14 -1 -14 -1 -14 -1 -13 -1 -14 -1 -13 0 -13 -1 -13 -2 -13 -1 -13 -1 -14 0 0 -2 -13 -1 -13 -2 -13 -3 -13 -2 -13 -2 -14 -2 -14 -2 -14 -3 -13 -3 -14 -4 -13 -4 -13 -4 -14 -4 -14 -3 -14 -4 -14 -4 -14 -4 -14 -4 -14 -4 -14 -4 -14 -4 -14 -5 -15 -5 -14 -6 -15 -5 -14 0 0 0 0 0 0 0 0 0 0]"
"1769326782843459,CSI_DATA,STATION,00:00:00:00:00:00,0,0,0,0,0,0,0,0,0,0,0,0,0,0,0,0,0,0,0,0,0,128,[84 -64 4 0 0 0 0 0 0 0 0 0 9 -8 10 -8 10 -7 11 -7 11 -7 11 -7 11 -6 11 -6 11 -6 12 -5 11 -5 11 -5 12 -4 11 -4 11 -4 11 -4 11 -4 10 -4 11 -4 11 -4 11 -4 11 -4 10 -4 10 -4 11 -4 10 -4 0 0 10 -5 11 -4 10 -5 10 -5 11 -5 11 -5 10 -5 10 -5 10 -5 10 -5 10 -6 11 -6 10 -5 11 -6 11 -7 10 -7 11 -7 11 -7 10 -7 10 -7 11 -7 11 -7 11 -7 11 -7 11 -8 10 -8 0 0 0 0 0 0 0 0 0 0]"
"1769326782850092,CSI_DATA,STATION,00:00:00:00:00:00,0,0,0,0,0,0,0,0,0,0,0,0,0,0,0,0,0,0,0,0,0,128,[84 -64 4 0 0 0 0 0 0 0 0 0 6 -19 7 -19 7 -19 8 -19 8 -19 8 -19 9 -18 9 -18 10 -17 10 -17 10 -18 11 -17 11 -17 10 -16 11 -16 11 -16 11 -15 11 -15 11 -16 10 -15 10 -15 10 -16 10 -15 10 -15 10 -15 9 -16 0 0 9 -16 9 -16 9 -16 9 -16 8 -16 8 -16 8 -17 7 -17 9 -17 7 -17 7 -18 7 -17 7 -18 7 -18 7 -18 7 -19 6 -18 6 -19 6 -19 6 -20 6 -20 6 -20 5 -20 5 -20 5 -21 5 -20 0 0 0 0 0 0 0 0 0 0]"
"1769326782854350,CSI_DATA,STATION,00:00:00:00:00:00,0,0,0,0,0,0,0,0,0,0,0,0,0,0,0,0,0,0,0,0,0,128,[84 -64 4 0 0 0 0 0 0 0 0 0 11 0 12 0 12 1 12 1 12 2 12 3 11 3 11 3 11 3 12 4 11 3 11 3 11 4 11 4 11 4 10 4 10 4 10 4 10 4 10 4 10 4 10 4 10 4 11 4 10 3 10 3 0 0 10 3 10 3 10 3 10 3 11 3 11 3 11 3 11 3 10 2 11 2 11 2 11 2 11 2 11 2 12 2 11 2 12 2 12 2 12 1 12 1 12 1 12 2 13 1 13 1 12 1 13 1 0 0 0 0 0 0 0 0 0 0]"
"1769326782858599,CSI_DATA,STATION,00:00:00:00:00:00,0,0,0,0,0,0,0,0,0,0,0,0,0,0,0,0,0,0,0,0,0,128,[84 -64 4 0 0 0 0 0 0 0 0 0 19 -4 19 -3 20 -2 20 -2 20 0 20 -1 20 -1 20 0 19 0 20 2 19 1 19 2 19 3 18 3 18 3 18 3 17 2 18 2 18 3 18 3 17 3 17 3 17 2 18 3 18 3 17 1 0 0 17 1 18 1 17 1 18 0 17 0 18 0 18 0 18 0 17 -1 18 -1 18 -2 18 -1 18 -1 18 -1 18 -3 19 -3 20 -3 19 -4 19 -4 19 -4 19 -4 19 -4 20 -3 20 -4 19 -4 19 -4 0 0 0 0 0 0 0 0 0 0]"
"1769326782864986,CSI_DATA,STATION,00:00:00:00:00:00,0,0,0,0,0,0,0,0,0,0,0,0,0,0,0,0,0,0,0,0,0,128,[84 -64 4 0 0 0 0 0 0 0 0 0 -7 10 -7 10 -8 9 -8 9 -8 9 -9 9 -9 9 -9 9 -9 9 -10 8 -9 8 -9 7 -9 7 -9 7 -10 7 -9 7 -9 7 -9 7 -9 7 -10 7 -9 7 -9 7 -9 7 -9 7 -9 6 -9 7 0 0 -8 7 -9 7 -8 8 -8 8 -8 8 -8 8 -8 8 -8 8 -7 9 -8 9 -8 9 -8 8 -8 8 -8 9 -8 10 -7 10 -7 10 -7 10 -7 10 -7 10 -8 10 -7 10 -8 10 -7 11 -7 11 -7 11 0 0 0 0 0 0 0 0 0 0]"
"1769326782869243,CSI_DATA,STATION,00:00:00:00:00:00,0,0,0,0,0,0,0,0,0,0,0,0,0,0,0,0,0,0,0,0,0,128,[84 -64 4 0 0 0 0 0 0 0 0 0 -2 -16 -1 -17 -1 -16 0 -17 0 -17 1 -17 2 -16 2 -16 2 -16 2 -16 2 -16 2 -16 3 -16 3 -16 3 -16 3 -15 3 -15 3 -15 3 -15 3 -15 3 -15 3 -15 3 -15 2 -15 2 -15 2 -15 0 0 2 -15 2 -15 2 -15 1 -15 1 -15 1 -15 1 -15 1 -15 1 -15 0 -15 0 -16 0 -16 -1 -16 0 -16 0 -16 -1 -17 -1 -16 -1 -17 -1 -16 -1 -16 -1 -17 -1 -17 -2 -17 -3 -17 -2 -17 -2 -17 0 0 0 0 0 0 0 0 0 0]"
"1769326782875602,CSI_DATA,STATION,00:00:00:00:00:00,0,0,0,0,0,0,0,0,0,0,0,0,0,0,0,0,0,0,0,0,0,128,[84 -64 4 0 0 0 0 0 0 0 0 0 0 12 0 12 -1 12 -1 13 -2 12 -1 12 -2 12 -3 12 -2 12 -2 12 -3 12 -3 11 -4 11 -3 11 -3 11 -3 11 -4 11 -4 11 -4 11 -4 11 -3 10 -4 11 -3 10 -3 10 -3 11 -3 11 0 0 -2 10 -2 11 -2 10 -2 11 -2 11 -1 11 -2 11 -1 11 -2 11 -2 11 -1 12 -1 12 -1 12 -1 12 -1 12 -1 12 0 11 -1 12 0 12 0 12 0 12 0 12 0 12 0 12 0 13 0 13 0 0 0 0 0 0 0 0 0 0]"
"1769326782879895,CSI_DATA,STATION,00:00:00:00:00:00,0,0,0,0,0,0,0,0,0,0,0,0,0,0,0,0,0,0,0,0,0,128,[84 -64 4 0 0 0 0 0 0 0 0 0 5 -11 6 -11 6 -12 6 -11 8 -11 7 -11 7 -10 8 -10 8 -10 8 -9 8 -10 8 -9 9 -9 8 -9 8 -9 8 -8 8 -9 8 -9 7 -9 8 -8 8 -8 8 -8 8 -9 8 -9 7 -9 7 -9 0 0 8 -9 7 -8 7 -9 7 -9 7 -9 6 -9 6 -9 7 -10 7 -10 7 -10 6 -10 7 -10 6 -10 6 -11 6 -11 6 -11 6 -11 6 -11 6 -12 6 -11 6 -11 6 -12 6 -12 5 -12 6 -12 6 -12 0 0 0 0 0 0 0 0 0 0]"
"1769326782886367,CSI_DATA,STATION,00:00:00:00:00:00,0,0,0,0,0,0,0,0,0,0,0,0,0,0,0,0,0,0,0,0,0,128,[84 -64 4 0 0 0 0 0 0 0 0 0 0 -18 1 -18 2 -18 2 -19 3 -18 3 -19 4 -18 4 -18 5 -18 5 -17 5 -18 5 -18 6 -17 5 -17 6 -17 6 -16 6 -16 5 -16 6 -16 6 -16 5 -16 5 -16 5 -15 5 -16 5 -16 5 -16 0 0 5 -16 4 -16 4 -16 3 -16 4 -17 4 -17 4 -17 3 -17 3 -17 2 -16 2 -17 2 -17 2 -17 2 -18 2 -18 1 -18 1 -18 1 -19 1 -19 1 -18 1 -19 1 -19 0 -19 0 -19 0 -19 0 -19 0 0 0 0 0 0 0 0 0 0]"
"1769326782890687,CSI_DATA,STATION,00:00:00:00:00:00,0,0,0,0,0,0,0,0,0,0,0,0,0,0,0,0,0,0,0,0,0,128,[84 -64 4 0 0 0 0 0 0 0 0 0 7 18 7 18 6 19 5 19 5 19 4 19 4 19 3 20 3 19 3 19 3 19 2 19 2 19 2 19 1 19 0 18 1 18 1 18 1 18 1 18 1 18 1 18 1 17 1 17 1 17 2 17 0 0 2 17 2 17 2 17 2 17 3 18 2 18 3 18 4 17 3 17 4 17 4 17 4 17 5 18 5 18 4 18 5 18 6 19 6 18 6 18 6 18 6 18 7 18 7 19 8 18 7 18 7 18 0 0 0 0 0 0 0 0 0 0]"
"1769326782895085,CSI_DATA,STATION,00:00:00:00:00:00,0,0,0,0,0,0,0,0,0,0,0,0,0,0,0,0,0,0,0,0,0,128,[84 -64 4 0 0 0 0 0 0 0 0 0 -11 -7 -11 -8 -10 -8 -10 -9 -10 -9 -10 -9 -9 -9 -10 -9 -9 -10 -9 -10 -9 -9 -8 -10 -9 -10 -9 -10 -8 -11 -8 -10 -8 -10 -8 -10 -8 -9 -8 -10 -8 -10 -8 -10 -7 -9 -8 -9 -8 -9 -8 -9 0 0 -8 -9 -8 -9 -8 -9 -8 -9 -9 -9 -9 -9 -9 -9 -9 -8 -9 -8 -10 -8 -10 -8 -10 -8 -10 -8 -10 -8 -10 -8 -10 -8 -10 -8 -10 -8 -11 -8 -10 -9 -11 -8 -12 -8 -12 -8 -11 -7 -12 -8 -12 -8 0 0 0 0 0 0 0 0 0 0]"
"1769326782901575,CSI_DATA,STATION,00:00:00:00:00:00,0,0,0,0,0,0,0,0,0,0,0,0,0,0,0,0,0,0,0,0,0,128,[84 -64 4 0 0 0 0 0 0 0 0 0 -2 12 -2 12 -3 12 -3 12 -3 12 -4 12 -4 12 -4 12 -4 11 -4 11 -5 12 -5 11 -6 11 -5 11 -6 10 -5 10 -5 11 -5 11 -5 11 -5 10 -5 10 -5 10 -5 11 -5 10 -5 10 -4 10 0 0 -4 10 -4 11 -4 10 -4 10 -4 11 -4 11 -3 10 -4 11 -3 11 -3 11 -3 11 -3 11 -3 11 -3 12 -3 12 -2 12 -2 12 -2 12 -2 12 -2 12 -2 12 -2 12 -2 12 -2 13 -2 13 -2 13 0 0 0 0 0 0 0 0 0 0]"
"1769326782905895,CSI_DATA,STATION,00:00:00:00:00:00,0,0,0,0,0,0,0,0,0,0,0,0,0,0,0,0,0,0,0,0,0,128,[84 -64 4 0 0 0 0 0 0 0 0 0 -7 -12 -6 -11 -6 -11 -6 -12 -6 -12 -5 -13 -5 -12 -4 -13 -4 -12 -4 -13 -4 -12 -4 -13 -3 -12 -3 -12 -3 -13 -4 -12 -3 -12 -3 -12 -3 -12 -3 -12 -3 -12 -3 -11 -3 -12 -3 -12 -4 -11 -3 -12 0 0 -4 -12 -4 -11 -4 -12 -4 -11 -4 -12 -4 -12 -5 -12 -5 -12 -5 -11 -5 -11 -6 -11 -6 -11 -6 -11 -6 -12 -6 -12 -7 -11 -7 -12 -7 -11 -6 -12 -7 -12 -7 -12 -7 -12 -7 -12 -7 -12 -7 -12 -7 -12 0 0 0 0 0 0 0 0 0 0]"
"1769326782912366,CSI_DATA,STATION,00:00:00:00:00:00,0,0,0,0,0,0,0,0,0,0,0,0,0,0,0,0,0,0,0,0,0,128,[84 -64 4 0 0 0 0 0 0 0 0 0 0 19 -1 19 -2 20 -2 20 -3 20 -3 20 -3 20 -4 19 -4 19 -5 19 -5 19 -6 18 -6 19 -6 17 -6 18 -7 18 -6 17 -6 17 -6 17 -6 18 -5 17 -5 17 -5 16 -5 17 -5 17 -5 16 0 0 -5 17 -4 17 -4 17 -4 17 -3 17 -3 18 -3 18 -2 17 -2 17 -2 18 -2 18 -2 18 -2 18 -1 18 -1 18 -1 19 0 19 0 19 1 19 1 19 1 19 1 19 1 20 2 20 1 20 1 20 0 0 0 0 0 0 0 0 0 0]"
"1769326782916709,CSI_DATA,STATION,00:00:00:00:00:00,0,0,0,0,0,0,0,0,0,0,0,0,0,0,0,0,0,0,0,0,0,128,[84 -64 4 0 0 0 0 0 0 0 0 0 -9 -9 -9 -10 -8 -10 -9 -10 -8 -10 -8 -11 -7 -12 -7 -11 -7 -11 -7 -11 -6 -11 -6 -11 -6 -11 -6 -11 -7 -11 -5 -11 -5 -11 -5 -11 -6 -12 -5 -12 -5 -11 -6 -11 -5 -11 -5 -11 -6 -10 -6 -11 0 0 -5 -10 -6 -10 -6 -10 -6 -10 -6 -11 -7 -10 -6 -10 -6 -10 -7 -10 -7 -10 -7 -11 -7 -10 -8 -11 -8 -11 -7 -11 -8 -11 -7 -10 -8 -11 -8 -11 -8 -10 -8 -11 -9 -10 -8 -11 -9 -11 -9 -11 -9 -11 0 0 0 0 0 0 0 0 0 0]"
"1769326782921075,CSI_DATA,STATION,00:00:00:00:00:00,0,0,0,0,0,0,0,0,0,0,0,0,0,0,0,0,0,0,0,0,0,128,[84 -64 4 0 0 0 0 0 0 0 0 0 -10 9 -9 8 -10 7 -10 8 -10 8 -10 7 -10 7 -11 6 -11 7 -11 6 -11 6 -11 6 -11 6 -12 5 -11 5 -11 6 -11 5 -11 5 -11 5 -10 5 -10 5 -11 5 -11 5 -10 5 -10 5 -10 6 0 0 -10 6 -10 6 -10 5 -10 6 -10 5 -10 6 -10 6 -10 7 -10 7 -10 8 -10 8 -10 7 -10 7 -10 8 -10 8 -9 8 -10 8 -9 9 -9 9 -9 9 -9 9 -10 9 -9 9 -9 9 -9 9 -9 10 0 0 0 0 0 0 0 0 0 0]"
"1769326782927559,CSI_DATA,STATION,00:00:00:00:00:00,0,0,0,0,0,0,0,0,0,0,0,0,0,0,0,0,0,0,0,0,0,128,[84 -64 4 0 0 0 0 0 0 0 0 0 9 -8 9 -8 10 -8 10 -7 11 -7 10 -7 11 -6 11 -6 10 -7 11 -6 10 -6 11 -5 11 -4 10 -5 11 -5 10 -5 10 -4 10 -4 11 -4 10 -4 10 -4 10 -4 10 -5 10 -4 10 -4 10 -5 0 0 10 -5 10 -5 10 -5 10 -5 10 -5 10 -6 10 -5 10 -6 10 -6 10 -6 9 -6 10 -6 10 -6 11 -6 10 -7 10 -7 10 -7 10 -8 10 -7 10 -8 10 -8 10 -7 11 -7 11 -8 10 -8 10 -8 0 0 0 0 0 0 0 0 0 0]"
"1769326782931907,CSI_DATA,STATION,00:00:00:00:00:00,0,0,0,0,0,0,0,0,0,0,0,0,0,0,0,0,0,0,0,0,0,128,[84 -64 4 0 0 0 0 0 0 0 0 0 -5 11 -5 11 -5 11 -6 11 -7 11 -7 11 -7 10 -7 10 -7 10 -8 9 -7 10 -8 9 -8 9 -8 9 -8 9 -8 9 -8 9 -8 9 -8 9 -8 8 -7 8 -7 8 -7 9 -7 9 -7 9 -7 9 0 0 -7 9 -6 9 -6 9 -6 9 -6 9 -6 9 -6 9 -6 9 -6 10 -6 10 -5 10 -6 11 -6 11 -5 11 -6 11 -5 11 -5 11 -5 11 -4 12 -5 12 -5 12 -5 12 -5 12 -5 12 -5 12 -4 12 0 0 0 0 0 0 0 0 0 0]"
"1769326782936216,CSI_DATA,STATION,00:00:00:00:00:00,0,0,0,0,0,0,0,0,0,0,0,0,0,0,0,0,0,0,0,0,0,128,[84 -64 4 0 0 0 0 0 0 0 0 0 9 -9 9 -9 10 -8 10 -8 10 -7 10 -7 11 -7 10 -6 11 -6 11 -6 10 -6 10 -6 10 -5 10 -6 11 -6 10 -6 10 -5 10 -5 10 -5 10 -5 10 -5 10 -5 9 -6 10 -6 10 -6 10 -6 0 0 9 -6 10 -6 9 -6 9 -6 9 -7 10 -7 9 -7 9 -7 9 -7 9 -7 9 -8 9 -7 9 -8 9 -8 9 -9 9 -9 9 -9 9 -10 9 -9 9 -9 9 -9 9 -9 9 -10 9 -9 9 -10 9 -10 0 0 0 0 0 0 0 0 0 0]"
"1769326782942710,CSI_DATA,STATION,00:00:00:00:00:00,0,0,0,0,0,0,0,0,0,0,0,0,0,0,0,0,0,0,0,0,0,128,[84 -64 4 0 0 0 0 0 0 0 0 0 -11 -3 -12 -3 -11 -4 -12 -4 -11 -4 -11 -5 -10 -5 -11 -5 -10 -5 -11 -6 -11 -5 -10 -5 -11 -6 -10 -6 -10 -6 -10 -6 -10 -6 -10 -5 -10 -6 -9 -7 -10 -6 -10 -6 -9 -5 -10 -5 -10 -5 -10 -5 0 0 -10 -5 -10 -5 -10 -5 -9 -5 -11 -5 -10 -5 -10 -5 -11 -5 -10 -4 -11 -4 -11 -4 -11 -4 -11 -4 -11 -4 -11 -4 -12 -4 -12 -4 -12 -4 -12 -4 -12 -4 -12 -4 -13 -4 -12 -4 -13 -3 -12 -3 -13 -3 0 0 0 0 0 0 0 0 0 0]"
"1769326782947082,CSI_DATA,STATION,00:00:00:00:00:00,0,0,0,0,0,0,0,0,0,0,0,0,0,0,0,0,0,0,0,0,0,128,[84 -64 4 0 0 0 0 0 0 0 0 0 -1 10 -2 11 -3 10 -3 11 -3 10 -4 11 -3 10 -4 11 -4 10 -4 10 -4 10 -5 10 -5 10 -5 10 -5 9 -5 9 -5 10 -5 10 -5 9 -5 9 -5 9 -5 9 -5 9 -5 10 -4 9 -4 9 0 0 -5 10 -3 9 -4 10 -4 10 -4 10 -3 9 -3 10 -3 10 -3 10 -3 10 -3 11 -3 10 -3 11 -3 11 -3 10 -3 11 -2 11 -2 11 -2 12 -2 11 -2 12 -2 11 -2 12 -2 12 -2 12 -2 12 0 0 0 0 0 0 0 0 0 0]"
"1769326782957777,CSI_DATA,STATION,00:00:00:00:00:00,0,0,0,0,0,0,0,0,0,0,0,0,0,0,0,0,0,0,0,0,0,128,[84 -64 4 0 0 0 0 0 0 0 0 0 -11 -6 -11 -7 -11 -7 -11 -7 -11 -8 -11 -8 -10 -9 -9 -9 -9 -9 -9 -9 -9 -10 -9 -9 -9 -9 -9 -10 -9 -10 -8 -9 -8 -10 -8 -9 -8 -10 -8 -10 -8 -10 -8 -9 -8 -9 -8 -9 -8 -9 -8 -9 0 0 -8 -9 -8 -8 -9 -9 -8 -8 -9 -9 -9 -9 -9 -8 -9 -8 -9 -8 -9 -8 -10 -8 -10 -8 -9 -8 -10 -8 -10 -8 -11 -8 -11 -8 -11 -8 -11 -8 -11 -8 -11 -8 -11 -8 -11 -8 -12 -8 -11 -8 -12 -8 0 0 0 0 0 0 0 0 0 0]"
"1769326782964324,CSI_DATA,STATION,00:00:00:00:00:00,0,0,0,0,0,0,0,0,0,0,0,0,0,0,0,0,0,0,0,0,0,128,[84 -64 4 0 0 0 0 0 0 0 0 0 7 -10 8 -9 9 -8 9 -9 9 -8 9 -8 9 -8 10 -7 10 -7 11 -7 10 -8 10 -7 10 -7 10 -7 10 -6 9 -6 10 -6 10 -6 10 -6 10 -6 10 -6 10 -5 9 -6 9 -6 10 -6 9 -6 0 0 9 -6 9 -6 9 -6 9 -7 9 -7 9 -7 9 -7 9 -7 9 -7 9 -8 9 -8 9 -8 9 -8 9 -8 9 -8 9 -8 9 -8 9 -10 9 -9 9 -9 9 -9 9 -9 9 -9 9 -10 9 -10 8 -10 0 0 0 0 0 0 0 0 0 0]"
"1769326782970803,CSI_DATA,STATION,00:00:00:00:00:00,0,0,0,0,0,0,0,0,0,0,0,0,0,0,0,0,0,0,0,0,0,128,[84 -64 4 0 0 0 0 0 0 0 0 0 8 7 8 8 8 8 8 9 7 9 7 9 7 9 6 10 6 10 6 9 6 10 5 10 5 10 6 10 5 10 5 9 5 10 5 10 5 10 6 10 5 10 5 9 5 8 5 9 6 9 5 10 0 0 6 9 6 9 6 9 6 8 7 9 7 9 6 8 7 9 7 8 7 9 7 8 8 9 7 9 8 8 7 8 8 9 8 8 9 8 8 8 9 8 9 8 9 9 9 8 9 8 10 8 9 8 0 0 0 0 0 0 0 0 0 0]"
"1769326782975184,CSI_DATA,STATION,00:00:00:00:00:00,0,0,0,0,0,0,0,0,0,0,0,0,0,0,0,0,0,0,0,0,0,128,[84 -64 4 0 0 0 0 0 0 0 0 0 5 -20 6 -20 6 -19 7 -19 7 -19 8 -20 9 -18 9 -18 10 -18 9 -17 9 -18 10 -17 10 -17 10 -17 11 -17 10 -16 10 -16 10 -16 10 -16 10 -15 10 -15 10 -16 10 -15 9 -15 10 -16 9 -16 0 0 9 -16 8 -16 9 -16 8 -16 8 -17 8 -16 8 -17 7 -17 8 -17 7 -17 7 -18 6 -17 7 -18 6 -19 6 -18 6 -19 5 -18 5 -20 5 -19 5 -19 6 -20 6 -20 5 -20 4 -20 5 -21 4 -20 0 0 0 0 0 0 0 0 0 0]"
"1769326782981693,CSI_DATA,STATION,00:00:00:00:00:00,0,0,0,0,0,0,0,0,0,0,0,0,0,0,0,0,0,0,0,0,0,128,[84 -64 4 0 0 0 0 0 0 0 0 0 10 -5 11 -5 12 -5 12 -4 12 -4 12 -4 12 -4 12 -3 12 -4 11 -3 11 -3 11 -2 12 -1 12 -2 11 -2 11 -2 11 -2 11 -2 11 -2 11 -2 11 -2 11 -2 11 -2 11 -2 11 -3 11 -2 0 0 10 -3 10 -3 11 -2 10 -3 11 -3 11 -3 10 -3 11 -3 10 -4 10 -4 11 -4 12 -4 11 -4 11 -4 11 -5 11 -5 11 -5 11 -6 11 -5 11 -5 11 -6 11 -5 12 -6 12 -5 11 -6 11 -6 0 0 0 0 0 0 0 0 0 0]"
"1769326782988207,CSI_DATA,STATION,00:00:00:00:00:00,0,0,0,0,0,0,0,0,0,0,0,0,0,0,0,0,0,0,0,0,0,128,[84 -64 4 0 0 0 0 0 0 0 0 0 -2 12 -3 11 -3 12 -3 11 -4 11 -4 12 -5 11 -5 11 -5 11 -6 11 -5 11 -5 11 -5 11 -5 10 -6 10 -6 10 -6 10 -6 10 -6 10 -6 9 -6 9 -6 9 -6 10 -6 10 -5 9 -5 10 0 0 -6 10 -5 10 -5 10 -5 10 -5 10 -5 10 -5 10 -5 10 -5 10 -5 11 -4 11 -5 11 -4 11 -4 11 -4 11 -4 12 -4 11 -4 11 -4 12 -5 12 -4 12 -4 12 -4 12 -4 12 -4 12 -4 13 0 0 0 0 0 0 0 0 0 0]"
"1769326782992526,CSI_DATA,STATION,00:00:00:00:00:00,0,0,0,0,0,0,0,0,0,0,0,0,0,0,0,0,0,0,0,0,0,128,[84 -64 4 0 0 0 0 0 0 0 0 0 -12 4 -12 4 -13 3 -12 3 -13 3 -13 3 -13 3 -13 2 -12 2 -13 1 -13 2 -12 1 -12 1 -13 1 -13 1 -13 1 -12 1 -11 0 -12 1 -12 1 -12 1 -12 0 -12 1 -12 0 -12 1 -12 1 0 0 -12 1 -11 2 -12 2 -11 2 -12 2 -12 3 -12 2 -12 2 -11 3 -12 3 -12 3 -12 3 -12 3 -12 4 -12 4 -12 4 -12 4 -12 4 -12 4 -12 5 -12 5 -12 5 -12 4 -12 5 -12 5 -12 5 0 0 0 0 0 0 0 0 0 0]"
"1769326782999027,CSI_DATA,STATION,00:00:00:00:00:00,0,0,0,0,0,0,0,0,0,0,0,0,0,0,0,0,0,0,0,0,0,128,[84 -64 4 0 0 0 0 0 0 0 0 0 -4 -11 -4 -11 -4 -11 -4 -11 -3 -11 -3 -12 -2 -12 -2 -12 -2 -12 -2 -12 -1 -11 -2 -12 -1 -11 -2 -11 -1 -12 -1 -12 -1 -11 -1 -11 -1 -11 -1 -11 -1 -11 -1 -11 -1 -11 -2 -11 -2 -11 -2 -11 0 0 -2 -11 -2 -11 -2 -11 -2 -11 -2 -11 -3 -11 -2 -11 -3 -11 -3 -11 -3 -11 -4 -11 -4 -11 -4 -11 -4 -12 -4 -12 -4 -12 -4 -11 -4 -12 -4 -12 -4 -12 -5 -12 -5 -12 -5 -12 -5 -12 -5 -12 -5 -12 0 0 0 0 0 0 0 0 0 0]"
"1769326783003379,CSI_DATA,STATION,00:00:00:00:00:00,0,0,0,0,0,0,0,0,0,0,0,0,0,0,0,0,0,0,0,0,0,128,[84 -64 4 0 0 0 0 0 0 0 0 0 -12 -5 -12 -5 -12 -6 -12 -7 -12 -6 -11 -7 -11 -7 -11 -8 -10 -7 -11 -8 -10 -7 -10 -8 -11 -8 -9 -8 -10 -8 -9 -8 -10 -8 -10 -8 -10 -8 -9 -8 -9 -7 -9 -8 -10 -7 -10 -8 -9 -8 -9 -7 0 0 -9 -7 -10 -7 -10 -6 -9 -7 -11 -7 -10 -7 -10 -7 -11 -7 -10 -6 -11 -6 -11 -7 -11 -6 -11 -6 -11 -6 -12 -6 -11 -5 -12 -6 -11 -6 -12 -5 -12 -6 -12 -6 -13 -6 -13 -6 -13 -6 -12 -6 -13 -5 0 0 0 0 0 0 0 0 0 0]"
"1769326783009851,CSI_DATA,STATION,00:00:00:00:00:00,0,0,0,0,0,0,0,0,0,0,0,0,0,0,0,0,0,0,0,0,0,128,[84 -64 4 0 0 0 0 0 0 0 0 0 12 -3 11 -2 12 -2 12 -1 12 -1 12 0 12 0 12 0 11 0 12 0 12 0 12 0 12 1 12 2 12 2 11 1 11 2 11 1 11 2 11 1 11 2 11 1 10 1 12 2 11 1 11 1 0 0 11 1 10 0 10 1 10 0 11 1 11 0 11 0 12 0 11 0 11 0 11 0 11 0 12 -1 12 -1 12 -2 11 -1 12 -2 12 -1 12 -1 12 -1 12 -1 12 -1 13 -2 13 -2 13 -2 12 -2 0 0 0 0 0 0 0 0 0 0]"
"1769326783014250,CSI_DATA,STATION,00:00:00:00:00:00,0,0,0,0,0,0,0,0,0,0,0,0,0,0,0,0,0,0,0,0,0,128,[84 -64 4 0 0 0 0 0 0 0 0 0 0 -13 0 -13 1 -13 1 -13 2 -13 2 -13 2 -12 3 -13 3 -12 3 -12 3 -12 4 -12 4 -12 4 -11 3 -11 4 -12 4 -11 4 -11 4 -11 4 -11 4 -11 4 -11 4 -11 4 -12 3 -11 3 -11 0 0 4 -11 3 -11 3 -11 3 -11 3 -12 3 -11 3 -11 3 -12 3 -12 2 -12 2 -12 2 -12 2 -12 2 -12 2 -13 2 -13 2 -13 2 -13 2 -13 2 -13 2 -13 2 -13 2 -14 1 -14 1 -14 1 -14 0 0 0 0 0 0 0 0 0 0]"
"1769326783020748,CSI_DATA,STATION,00:00:00:00:00:00,0,0,0,0,0,0,0,0,0,0,0,0,0,0,0,0,0,0,0,0,0,128,[84 -64 4 0 0 0 0 0 0 0 0 0 5 11 4 12 4 11 3 12 2 11 3 12 2 12 2 12 2 11 2 11 2 12 1 11 1 12 1 12 1 12 1 11 0 12 0 11 1 11 0 11 0 11 1 11 1 11 1 11 1 11 1 11 0 0 1 11 2 10 2 11 1 10 2 11 2 11 2 11 2 10 2 11 2 11 2 11 3 11 3 11 3 12 3 12 3 11 3 11 3 11 4 12 3 12 4 12 4 12 4 12 4 12 4 12 5 12 0 0 0 0 0 0 0 0 0 0]"
"1769326783025083,CSI_DATA,STATION,00:00:00:00:00:00,0,0,0,0,0,0,0,0,0,0,0,0,0,0,0,0,0,0,0,0,0,128,[84 -64 4 0 0 0 0 0 0 0 0 0 -11 6 -11 5 -12 5 -12 4 -13 4 -12 4 -12 4 -13 3 -13 3 -13 2 -12 3 -12 3 -12 2 -12 2 -12 2 -12 2 -12 2 -12 2 -12 1 -12 2 -12 2 -12 2 -12 2 -11 3 -11 2 -11 3 0 0 -11 3 -12 3 -11 3 -12 3 -11 4 -11 3 -12 3 -12 3 -11 4 -11 4 -11 5 -11 4 -11 5 -11 5 -12 5 -12 6 -11 5 -11 6 -12 6 -12 6 -11 6 -12 6 -12 7 -12 6 -12 7 -12 7 0 0 0 0 0 0 0 0 0 0]"
"1769326783029403,CSI_DATA,STATION,00:00:00:00:00:00,0,0,0,0,0,0,0,0,0,0,0,0,0,0,0,0,0,0,0,0,0,128,[84 -64 4 0 0 0 0 0 0 0 0 0 -8 9 -8 10 -9 9 -9 8 -10 8 -9 8 -9 8 -10 7 -10 7 -10 7 -10 7 -10 7 -10 7 -11 7 -10 6 -10 6 -10 6 -10 6 -10 6 -10 6 -10 6 -10 6 -10 6 -10 6 -10 5 -10 6 0 0 -10 6 -9 6 -10 6 -10 6 -10 6 -10 6 -10 7 -9 7 -9 8 -10 8 -10 8 -10 7 -10 8 -9 8 -10 8 -10 8 -9 8 -9 8 -10 9 -10 8 -10 9 -10 8 -10 8 -10 9 -10 9 -10 9 0 0 0 0 0 0 0 0 0 0]"
"1769326783035898,CSI_DATA,STATION,00:00:00:00:00:00,0,0,0,0,0,0,0,0,0,0,0,0,0,0,0,0,0,0,0,0,0,128,[84 -64 4 0 0 0 0 0 0 0 0 0 1 11 0 12 0 12 0 12 -1 12 -1 12 -1 12 -2 12 -2 11 -2 12 -2 12 -2 12 -3 12 -2 11 -2 11 -3 11 -3 12 -3 11 -3 11 -3 11 -2 11 -2 11 -2 10 -2 11 -2 10 -2 11 0 0 -1 10 -1 10 -1 11 -1 11 -1 11 0 11 0 11 0 11 -1 11 0 11 0 12 0 11 1 11 1 12 1 12 1 12 1 12 1 12 1 12 1 12 1 12 2 12 2 12 2 12 2 12 2 13 0 0 0 0 0 0 0 0 0 0]"
"1769326783040255,CSI_DATA,STATION,00:00:00:00:00:00,0,0,0,0,0,0,0,0,0,0,0,0,0,0,0,0,0,0,0,0,0,128,[84 -64 4 0 0 0 0 0 0 0 0 0 -5 10 -5 10 -5 10 -6 9 -6 9 -7 9 -7 9 -7 9 -7 8 -8 8 -7 9 -8 8 -8 8 -8 8 -8 8 -8 8 -8 8 -7 8 -7 7 -7 7 -8 7 -7 7 -7 8 -7 8 -7 8 -7 8 0 0 -7 8 -6 8 -6 8 -6 8 -6 8 -6 8 -6 9 -6 8 -6 9 -6 9 -6 10 -6 9 -6 10 -6 10 -6 10 -6 10 -6 10 -6 10 -6 10 -6 11 -6 11 -5 10 -6 11 -5 11 -6 11 -5 11 0 0 0 0 0 0 0 0 0 0]"
"1769326783044579,CSI_DATA,STATION,00:00:00:00:00:00,0,0,0,0,0,0,0,0,0,0,0,0,0,0,0,0,0,0,0,0,0,128,[84 -64 4 0 0 0 0 0 0 0 0 0 11 -1 12 -1 12 0 12 0 13 0 11 1 12 1 12 2 11 1 12 2 12 2 11 3 11 3 11 3 11 3 11 2 10 3 11 2 11 3 11 3 11 3 11 3 10 2 11 3 10 3 10 2 0 0 10 2 10 2 10 1 10 1 11 1 11 1 11 1 11 1 11 1 11 1 11 1 11 1 11 1 11 1 12 0 11 0 12 0 12 0 12 0 11 -1 12 -1 12 0 13 -1 12 0 13 0 12 -1 0 0 0 0 0 0 0 0 0 0]"
"1769326783051259,CSI_DATA,STATION,00:00:00:00:00:00,0,0,0,0,0,0,0,0,0,0,0,0,0,0,0,0,0,0,0,0,0,128,[84 -64 4 0 0 0 0 0 0 0 0 0 12 -2 12 -1 12 -1 12 0 12 -1 13 0 12 0 12 0 12 0 12 1 12 1 11 1 12 2 12 1 12 2 10 2 11 2 11 2 12 2 11 1 11 2 11 2 10 1 11 2 11 1 11 1 0 0 11 1 10 1 11 1 10 0 11 1 11 1 11 0 11 0 11 0 11 0 11 0 11 0 12 0 12 0 11 -1 12 -1 12 0 12 -1 12 -1 12 -1 12 -1 12 -1 13 -1 13 -1 13 -2 13 -2 0 0 0 0 0 0 0 0 0 0]"
"1769326783055590,CSI_DATA,STATION,00:00:00:00:00:00,0,0,0,0,0,0,0,0,0,0,0,0,0,0,0,0,0,0,0,0,0,128,[84 -64 4 0 0 0 0 0 0 0 0 0 -12 -5 -12 -5 -12 -6 -12 -6 -12 -7 -12 -7 -11 -7 -11 -7 -11 -7 -10 -8 -11 -7 -10 -7 -10 -8 -10 -8 -10 -9 -10 -8 -10 -8 -9 -8 -10 -8 -10 -8 -9 -8 -9 -8 -9 -8 -10 -8 -9 -7 -10 -7 0 0 -10 -7 -10 -7 -10 -7 -9 -7 -10 -7 -10 -7 -10 -7 -11 -7 -10 -6 -11 -6 -11 -6 -11 -6 -11 -6 -12 -7 -12 -6 -11 -6 -12 -6 -12 -6 -12 -6 -12 -6 -12 -6 -13 -6 -12 -6 -13 -6 -12 -6 -13 -6 0 0 0 0 0 0 0 0 0 0]"
"1769326783059954,CSI_DATA,STATION,00:00:00:00:00:00,0,0,0,0,0,0,0,0,0,0,0,0,0,0,0,0,0,0,0,0,0,128,[84 -64 4 0 0 0 0 0 0 0 0 0 -8 -10 -7 -10 -8 -11 -7 -11 -7 -12 -7 -11 -6 -11 -6 -12 -6 -12 -6 -12 -6 -12 -6 -12 -5 -12 -6 -12 -5 -12 -5 -12 -5 -11 -5 -11 -5 -11 -5 -11 -5 -11 -5 -11 -5 -10 -5 -11 -5 -11 -5 -11 0 0 -5 -10 -6 -11 -6 -11 -6 -11 -6 -10 -6 -11 -7 -11 -7 -11 -7 -10 -7 -10 -7 -11 -8 -10 -8 -10 -8 -10 -8 -10 -8 -10 -9 -11 -8 -10 -9 -10 -9 -10 -9 -10 -9 -10 -9 -11 -10 -10 -9 -10 -9 -10 0 0 0 0 0 0 0 0 0 0]"
"1769326783066459,CSI_DATA,STATION,00:00:00:00:00:00,0,0,0,0,0,0,0,0,0,0,0,0,0,0,0,0,0,0,0,0,0,128,[84 -64 4 0 0 0 0 0 0 0 0 0 -10 -8 -10 -9 -10 -9 -10 -9 -9 -9 -10 -10 -9 -10 -8 -10 -8 -10 -8 -10 -8 -10 -8 -10 -8 -10 -8 -10 -7 -11 -7 -10 -7 -11 -7 -10 -7 -11 -7 -10 -7 -10 -7 -10 -7 -10 -7 -10 -7 -10 -7 -10 0 0 -7 -9 -7 -9 -7 -9 -7 -9 -8 -10 -8 -9 -8 -9 -8 -10 -8 -9 -9 -9 -9 -9 -9 -9 -9 -9 -10 -9 -9 -9 -10 -9 -10 -9 -10 -9 -10 -9 -9 -9 -10 -9 -10 -9 -10 -9 -11 -9 -10 -9 -11 -9 0 0 0 0 0 0 0 0 0 0]"
"1769326783070793,CSI_DATA,STATION,00:00:00:00:00:00,0,0,0,0,0,0,0,0,0,0,0,0,0,0,0,0,0,0,0,0,0,128,[84 -64 4 0 0 0 0 0 0 0 0 0 12 -3 12 -2 12 -2 12 -1 12 -1 12 -1 13 0 12 0 12 0 12 1 12 0 11 0 12 1 12 1 12 1 11 1 11 1 12 1 12 1 11 2 11 1 11 1 11 1 11 1 10 1 10 0 0 0 10 0 11 0 11 0 11 -1 11 0 11 0 11 0 11 -1 11 -1 11 -1 11 -1 11 -1 12 -1 12 -1 12 -2 11 -2 13 -1 12 -3 12 -2 12 -2 13 -3 12 -2 13 -3 12 -2 12 -3 12 -2 0 0 0 0 0 0 0 0 0 0]"
"1769326783077316,CSI_DATA,STATION,00:00:00:00:00:00,0,0,0,0,0,0,0,0,0,0,0,0,0,0,0,0,0,0,0,0,0,128,[84 -64 4 0 0 0 0 0 0 0 0 0 -9 6 -9 6 -10 6 -10 6 -10 5 -10 5 -10 5 -11 5 -10 4 -11 4 -11 4 -11 4 -11 3 -11 3 -11 3 -10 3 -10 3 -10 3 -11 3 -11 2 -11 2 -11 3 -10 3 -11 3 -11 3 -11 4 0 0 -10 3 -10 3 -10 4 -10 4 -11 3 -10 4 -10 4 -11 4 -10 5 -10 4 -10 5 -11 4 -11 5 -11 5 -11 5 -10 5 -11 5 -11 6 -11 6 -11 5 -11 6 -11 6 -11 5 -11 6 -11 7 -11 6 0 0 0 0 0 0 0 0 0 0]"
"1769326783081637,CSI_DATA,STATION,00:00:00:00:00:00,0,0,0,0,0,0,0,0,0,0,0,0,0,0,0,0,0,0,0,0,0,128,[84 -64 4 0 0 0 0 0 0 0 0 0 12 5 12 6 12 7 11 7 11 7 11 7 11 8 10 8 10 8 10 9 10 8 9 9 10 9 10 9 10 9 9 8 9 9 9 8 10 9 9 9 9 8 9 8 9 8 10 8 9 8 9 8 0 0 9 8 9 8 10 7 10 7 10 8 10 7 10 7 10 7 10 7 10 7 11 6 11 7 12 7 11 7 11 6 11 6 12 6 12 6 12 6 12 6 13 6 13 6 13 6 13 6 13 5 13 6 0 0 0 0 0 0 0 0 0 0]"
"1769326783085999,CSI_DATA,STATION,00:00:00:00:00:00,0,0,0,0,0,0,0,0,0,0,0,0,0,0,0,0,0,0,0,0,0,128,[84 -64 4 0 0 0 0 0 0 0 0 0 -6 9 -6 9 -7 9 -8 8 -8 8 -8 9 -8 8 -8 8 -8 7 -9 7 -9 7 -8 7 -9 7 -9 7 -9 6 -9 6 -9 7 -8 6 -9 6 -9 5 -9 5 -9 6 -9 6 -9 6 -9 6 -9 7 0 0 -9 6 -8 6 -8 6 -9 6 -8 7 -8 6 -8 7 -9 7 -8 7 -8 8 -8 8 -8 8 -8 8 -9 8 -8 8 -8 8 -8 8 -8 9 -8 8 -8 9 -8 9 -8 9 -8 9 -8 9 -8 10 -8 9 0 0 0 0 0 0 0 0 0 0]"
"1769326783092510,CSI_DATA,STATION,00:00:00:00:00:00,0,0,0,0,0,0,0,0,0,0,0,0,0,0,0,0,0,0,0,0,0,128,[84 -64 4 0 0 0 0 0 0 0 0 0 -9 -16 -8 -17 -8 -17 -8 -17 -7 -17 -6 -18 -6 -17 -6 -18 -5 -18 -5 -17 -5 -18 -4 -18 -4 -18 -4 -17 -4 -18 -3 -17 -3 -17 -3 -16 -4 -17 -4 -17 -4 -16 -3 -17 -3 -16 -4 -17 -4 -16 -4 -16 0 0 -4 -16 -5 -16 -5 -16 -4 -16 -5 -16 -5 -17 -5 -16 -6 -16 -6 -16 -6 -16 -7 -16 -7 -16 -7 -16 -7 -16 -7 -16 -7 -17 -8 -17 -8 -16 -8 -17 -8 -16 -9 -17 -9 -16 -9 -17 -10 -17 -9 -17 -10 -17 0 0 0 0 0 0 0 0 0 0]"
"1769326783096825,CSI_DATA,STATION,00:00:00:00:00:00,0,0,0,0,0,0,0,0,0,0,0,0,0,0,0,0,0,0,0,0,0,128,[84 -64 4 0 0 0 0 0 0 0 0 0 9 6 9 7 9 7 9 8 10 8 8 8 9 8 8 9 7 9 8 9 7 9 7 9 7 9 7 9 7 9 7 9 6 9 6 9 6 9 6 9 6 9 6 9 6 9 7 9 7 9 6 8 0 0 6 8 7 8 7 8 7 8 7 8 7 8 7 8 8 8 8 7 8 7 8 7 8 8 9 8 9 7 8 7 9 7 9 7 9 7 9 7 9 7 9 7 10 7 10 7 10 7 10 7 10 7 0 0 0 0 0 0 0 0 0 0]"
"1769326783101191,CSI_DATA,STATION,00:00:00:00:00:00,0,0,0,0,0,0,0,0,0,0,0,0,0,0,0,0,0,0,0,0,0,128,[84 -64 4 0 0 0 0 0 0 0 0 0 19 -3 20 -2 20 -1 21 0 20 1 20 0 20 1 19 1 19 2 19 2 20 2 19 2 19 2 19 3 19 4 18 4 18 3 17 3 18 4 18 4 17 4 18 4 17 3 18 3 18 3 17 2 0 0 18 2 17 2 18 2 17 1 18 2 18 2 18 2 18 1 18 0 17 -1 18 -1 18 -1 19 -1 19 0 18 -1 20 -1 19 -2 19 -3 19 -2 19 -3 20 -2 20 -2 20 -2 20 -4 20 -4 20 -4 0 0 0 0 0 0 0 0 0 0]"
"1769326783107711,CSI_DATA,STATION,00:00:00:00:00:00,0,0,0,0,0,0,0,0,0,0,0,0,0,0,0,0,0,0,0,0,0,128,[84 -64 4 0 0 0 0 0 0 0 0 0 3 -20 4 -20 5 -20 6 -20 6 -20 7 -20 7 -19 8 -19 8 -19 9 -18 9 -18 10 -18 10 -17 10 -17 9 -17 10 -17 9 -16 9 -16 9 -17 9 -17 9 -16 9 -17 9 -16 9 -16 9 -16 9 -16 0 0 8 -16 8 -16 7 -17 7 -17 7 -17 7 -17 7 -17 6 -17 7 -18 6 -17 6 -18 6 -18 6 -18 6 -19 5 -19 5 -20 5 -19 4 -20 4 -20 4 -20 4 -21 4 -20 4 -21 4 -20 4 -21 4 -20 0 0 0 0 0 0 0 0 0 0]"
"1769326783112054,CSI_DATA,STATION,00:00:00:00:00:00,0,0,0,0,0,0,0,0,0,0,0,0,0,0,0,0,0,0,0,0,0,128,[84 -64 4 0 0 0 0 0 0 0 0 0 -4 -18 -3 -18 -3 -19 -3 -19 -1 -19 -1 -19 -1 -18 -1 -19 0 -18 0 -19 1 -18 1 -18 1 -18 1 -18 1 -18 2 -17 2 -17 1 -17 2 -17 1 -17 1 -17 1 -17 1 -16 1 -17 1 -17 1 -17 0 0 0 -17 0 -17 0 -17 0 -17 0 -17 -1 -17 -1 -17 -1 -17 -1 -17 -2 -17 -2 -17 -2 -17 -2 -18 -2 -18 -2 -18 -2 -18 -3 -19 -3 -18 -3 -18 -4 -18 -4 -18 -4 -18 -4 -19 -5 -19 -4 -19 -4 -19 0 0 0 0 0 0 0 0 0 0]"
"1769326783118576,CSI_DATA,STATION,00:00:00:00:00:00,0,0,0,0,0,0,0,0,0,0,0,0,0,0,0,0,0,0,0,0,0,128,[84 -64 4 0 0 0 0 0 0 0 0 0 7 9 6 10 5 10 6 10 6 11 5 11 5 11 4 11 4 11 4 11 4 11 4 11 4 11 4 11 3 11 3 11 3 11 3 10 3 10 4 11 4 10 4 10 3 10 4 11 4 10 4 10 0 0 4 10 5 10 5 10 4 10 5 10 5 10 5 10 6 10 5 9 6 9 6 9 6 9 7 10 7 9 6 10 7 10 8 9 7 9 8 9 8 9 8 9 8 9 8 9 9 9 9 9 8 9 0 0 0 0 0 0 0 0 0 0]"
"1769326783122899,CSI_DATA,STATION,00:00:00:00:00:00,0,0,0,0,0,0,0,0,0,0,0,0,0,0,0,0,0,0,0,0,0,128,[84 -64 4 0 0 0 0 0 0 0 0 0 5 11 5 11 4 11 4 11 3 11 3 12 3 12 2 12 2 11 2 12 2 12 1 12 1 11 2 11 1 12 1 11 1 11 1 11 1 11 1 11 1 11 1 11 1 11 1 11 2 11 1 11 0 0 2 11 3 10 2 11 3 11 2 11 3 11 3 11 3 11 3 10 3 11 4 11 4 10 4 11 4 11 4 11 4 11 5 11 5 11 5 12 4 11 5 12 6 11 5 12 6 11 5 11 5 12 0 0 0 0 0 0 0 0 0 0]"
"1769326783127216,CSI_DATA,STATION,00:00:00:00:00:00,0,0,0,0,0,0,0,0,0,0,0,0,0,0,0,0,0,0,0,0,0,128,[84 -64 4 0 0 0 0 0 0 0 0 0 2 -13 2 -13 3 -13 4 -12 3 -12 4 -13 4 -12 4 -13 4 -12 4 -12 4 -12 4 -11 5 -12 5 -11 6 -11 5 -11 5 -11 6 -11 5 -11 5 -11 5 -11 4 -10 5 -11 5 -11 4 -11 5 -11 0 0 4 -11 4 -11 4 -11 4 -12 4 -11 3 -11 3 -12 3 -12 3 -12 3 -12 3 -12 3 -12 2 -12 2 -12 3 -13 2 -13 2 -13 2 -13 2 -13 2 -13 1 -14 2 -13 1 -13 1 -13 2 -14 1 -14 0 0 0 0 0 0 0 0 0 0]"
"1769326783133690,CSI_DATA,STATION,00:00:00:00:00:00,0,0,0,0,0,0,0,0,0,0,0,0,0,0,0,0,0,0,0,0,0,128,[84 -64 4 0 0 0 0 0 0 0 0 0 -2 14 -4 14 -4 14 -5 15 -4 15 -5 14 -6 15 -6 14 -6 13 -6 14 -7 14 -7 14 -7 13 -7 12 -7 12 -7 13 -6 12 -7 12 -7 12 -7 12 -7 12 -7 12 -7 12 -6 13 -5 12 -5 12 0 0 -6 12 -5 13 -5 13 -5 13 -5 13 -5 13 -4 13 -5 13 -4 13 -4 14 -3 14 -3 14 -4 14 -4 14 -4 15 -3 15 -3 15 -3 15 -2 16 -3 15 -2 16 -2 15 -2 16 -2 15 -2 16 -2 16 0 0 0 0 0 0 0 0 0 0]"
"1769326783138042,CSI_DATA,STATION,00:00:00:00:00:00,0,0,0,0,0,0,0,0,0,0,0,0,0,0,0,0,0,0,0,0,0,128,[84 -64 4 0 0 0 0 0 0 0 0 0 0 11 0 12 -1 12 -1 12 -1 12 -1 13 -2 12 -2 12 -2 12 -3 13 -3 11 -3 11 -3 12 -3 11 -4 11 -4 11 -4 11 -4 10 -3 11 -3 11 -3 11 -3 11 -3 11 -3 11 -2 11 -3 11 0 0 -2 11 -2 10 -2 11 -1 11 -2 12 -1 11 -1 11 -1 11 -1 11 -1 11 0 11 0 12 0 12 0 12 0 12 0 12 1 12 0 12 0 12 1 12 1 12 1 13 1 12 2 12 1 12 1 13 0 0 0 0 0 0 0 0 0 0]"
"1769326783144515,CSI_DATA,STATION,00:00:00:00:00:00,0,0,0,0,0,0,0,0,0,0,0,0,0,0,0,0,0,0,0,0,0,128,[84 -64 4 0 0 0 0 0 0 0 0 0 12 0 12 0 12 1 12 1 13 2 12 2 12 2 12 2 11 2 12 3 11 4 11 3 11 4 11 4 11 4 10 4 11 4 10 3 11 4 11 3 10 3 11 3 11 3 11 4 11 3 11 3 0 0 11 3 10 3 10 2 10 2 11 2 11 1 11 1 11 2 11 1 11 1 11 1 12 2 12 1 12 1 11 1 12 1 12 1 12 0 12 0 12 0 12 0 12 0 13 0 13 0 12 0 13 -1 0 0 0 0 0 0 0 0 0 0]"
"1769326783155290,CSI_DATA,STATION,00:00:00:00:00:00,0,0,0,0,0,0,0,0,0,0,0,0,0,0,0,0,0,0,0,0,0,128,[84 -64 4 0 0 0 0 0 0 0 0 0 14 -11 14 -11 15 -10 15 -9 16 -9 15 -9 16 -9 16 -8 16 -8 16 -7 16 -7 16 -7 16 -7 16 -6 16 -5 16 -6 16 -6 16 -6 16 -5 15 -5 15 -5 15 -5 15 -5 15 -5 15 -5 15 -6 0 0 15 -6 15 -6 15 -6 15 -7 14 -7 15 -7 15 -7 15 -7 15 -8 15 -8 14 -8 15 -8 15 -8 15 -8 15 -9 15 -9 16 -10 15 -10 15 -10 15 -10 15 -10 15 -10 16 -10 15 -11 15 -11 15 -11 0 0 0 0 0 0 0 0 0 0]"
"1769326783159644,CSI_DATA,STATION,00:00:00:00:00:00,0,0,0,0,0,0,0,0,0,0,0,0,0,0,0,0,0,0,0,0,0,128,[84 -64 4 0 0 0 0 0 0 0 0 0 5 -11 7 -11 7 -10 7 -11 8 -11 8 -11 7 -10 8 -10 8 -9 9 -9 9 -9 9 -9 9 -9 8 -8 9 -8 8 -9 9 -8 8 -9 9 -8 8 -8 8 -8 8 -8 8 -8 8 -9 8 -8 8 -9 0 0 8 -9 7 -9 7 -9 7 -9 7 -9 7 -9 7 -9 7 -10 7 -10 6 -10 6 -10 6 -10 7 -10 7 -10 6 -11 5 -11 6 -11 6 -12 6 -12 6 -12 6 -12 6 -11 5 -12 6 -12 6 -12 5 -13 0 0 0 0 0 0 0 0 0 0]"
"1769326783166171,CSI_DATA,STATION,00:00:00:00:00:00,0,0,0,0,0,0,0,0,0,0,0,0,0,0,0,0,0,0,0,0,0,128,[84 -64 4 0 0 0 0 0 0 0 0 0 -3 17 -3 17 -5 17 -5 17 -5 17 -5 17 -6 16 -6 17 -6 16 -7 16 -7 16 -7 16 -7 16 -8 15 -8 15 -8 15 -7 15 -8 15 -8 15 -8 15 -8 14 -7 14 -7 14 -7 14 -7 14 -7 14 0 0 -6 15 -6 15 -6 15 -6 15 -6 15 -6 15 -6 15 -5 15 -5 15 -5 15 -5 16 -4 16 -5 16 -4 16 -4 17 -4 17 -4 16 -4 17 -3 17 -3 17 -3 18 -3 18 -3 18 -3 18 -3 18 -2 18 0 0 0 0 0 0 0 0 0 0]"
"1769326783172696,CSI_DATA,STATION,00:00:00:00:00:00,0,0,0,0,0,0,0,0,0,0,0,0,0,0,0,0,0,0,0,0,0,128,[84 -64 4 0 0 0 0 0 0 0 0 0 -4 -12 -4 -12 -4 -13 -4 -13 -4 -12 -3 -13 -3 -13 -3 -13 -2 -13 -2 -13 -1 -13 -1 -12 -2 -13 -1 -13 -1 -13 -1 -13 -1 -12 0 -13 -1 -13 -1 -12 -1 -12 -1 -12 -1 -12 -1 -12 -2 -11 -1 -12 0 0 -2 -12 -2 -12 -2 -11 -2 -12 -2 -12 -2 -12 -2 -12 -2 -12 -2 -12 -3 -13 -3 -13 -3 -12 -3 -12 -3 -13 -3 -13 -4 -13 -4 -13 -4 -13 -3 -13 -4 -13 -4 -13 -4 -13 -4 -14 -5 -13 -4 -13 -5 -13 0 0 0 0 0 0 0 0 0 0]"
"1769326783177036,CSI_DATA,STATION,00:00:00:00:00:00,0,0,0,0,0,0,0,0,0,0,0,0,0,0,0,0,0,0,0,0,0,128,[84 -64 4 0 0 0 0 0 0 0 0 0 -12 3 -12 3 -13 3 -13 2 -13 2 -13 1 -14 1 -13 1 -13 1 -13 0 -13 0 -13 0 -13 -1 -12 -1 -13 -1 -12 0 -12 -1 -12 0 -13 -1 -12 -1 -12 -1 -12 -1 -12 -1 -12 0 -12 0 -12 0 0 0 -12 0 -12 1 -11 1 -12 0 -12 1 -12 1 -12 1 -12 1 -12 2 -12 2 -12 2 -12 2 -13 2 -12 2 -13 3 -13 3 -13 3 -13 3 -13 3 -13 3 -13 3 -13 3 -14 3 -14 4 -13 4 -13 3 0 0 0 0 0 0 0 0 0 0]"
"1769326783183528,CSI_DATA,STATION,00:00:00:00:00:00,0,0,0,0,0,0,0,0,0,0,0,0,0,0,0,0,0,0,0,0,0,128,[84 -64 4 0 0 0 0 0 0 0 0 0 4 -12 5 -12 5 -11 5 -11 6 -11 6 -11 6 -11 7 -11 7 -10 7 -10 7 -10 7 -10 7 -10 8 -10 7 -9 7 -9 7 -9 7 -9 8 -9 8 -8 7 -9 7 -9 7 -9 7 -9 7 -9 7 -9 0 0 7 -9 6 -9 6 -10 6 -9 7 -9 6 -10 6 -9 6 -10 6 -10 6 -10 6 -10 6 -10 6 -10 6 -10 6 -11 6 -11 6 -11 6 -12 6 -11 6 -11 6 -11 6 -11 6 -11 6 -12 6 -12 6 -12 0 0 0 0 0 0 0 0 0 0]"
"1769326783190086,CSI_DATA,STATION,00:00:00:00:00:00,0,0,0,0,0,0,0,0,0,0,0,0,0,0,0,0,0,0,0,0,0,128,[84 -64 4 0 0 0 0 0 0 0 0 0 -7 -19 -6 -20 -6 -20 -6 -20 -5 -20 -4 -20 -4 -20 -4 -20 -3 -20 -3 -20 -2 -21 -1 -20 -2 -20 -2 -19 -1 -19 -1 -19 -1 -19 -1 -19 -2 -19 -1 -19 -2 -19 -2 -19 -2 -18 -2 -19 -1 -19 -2 -18 0 0 -2 -18 -3 -18 -3 -18 -3 -18 -4 -19 -4 -19 -4 -19 -5 -18 -5 -18 -5 -18 -5 -18 -5 -18 -5 -18 -6 -19 -5 -19 -6 -19 -7 -20 -7 -19 -8 -19 -8 -19 -8 -19 -8 -19 -8 -20 -9 -20 -8 -20 -9 -19 0 0 0 0 0 0 0 0 0 0]"
"1769326783194426,CSI_DATA,STATION,00:00:00:00:00:00,0,0,0,0,0,0,0,0,0,0,0,0,0,0,0,0,0,0,0,0,0,128,[84 -64 4 0 0 0 0 0 0 0 0 0 12 3 11 3 12 4 12 4 11 4 11 4 11 5 11 5 10 5 10 6 11 6 10 6 10 6 10 6 10 6 9 5 10 5 10 5 9 6 9 6 9 6 10 6 9 6 10 6 10 5 9 5 0 0 10 5 9 5 10 5 9 4 10 5 10 4 10 4 10 5 11 4 10 4 10 4 11 4 11 4 11 4 11 3 12 3 12 3 12 3 12 3 12 3 12 3 12 3 12 3 12 3 13 3 12 3 0 0 0 0 0 0 0 0 0 0]"
"1769326783200969,CSI_DATA,STATION,00:00:00:00:00:00,0,0,0,0,0,0,0,0,0,0,0,0,0,0,0,0,0,0,0,0,0,128,[84 -64 4 0 0 0 0 0 0 0 0 0 -17 -7 -17 -7 -17 -8 -17 -9 -17 -9 -17 -9 -16 -9 -16 -9 -16 -10 -16 -11 -15 -10 -15 -11 -15 -11 -15 -11 -14 -11 -14 -11 -13 -10 -14 -10 -14 -11 -14 -11 -14 -11 -14 -11 -13 -10 -14 -10 -14 -11 -14 -10 0 0 -14 -9 -14 -10 -14 -10 -15 -9 -15 -9 -15 -9 -15 -9 -15 -9 -15 -8 -15 -8 -16 -8 -16 -8 -16 -8 -16 -8 -17 -7 -17 -7 -17 -8 -17 -7 -17 -7 -18 -7 -18 -7 -18 -7 -18 -7 -18 -7 -19 -7 -18 -6 0 0 0 0 0 0 0 0 0 0]"
"1769326783205296,CSI_DATA,STATION,00:00:00:00:00:00,0,0,0,0,0,0,0,0,0,0,0,0,0,0,0,0,0,0,0,0,0,128,[84 -64 4 0 0 0 0 0 0 0 0 0 14 10 14 10 14 11 13 11 13 12 12 12 12 12 12 13 12 12 11 14 10 13 10 14 11 14 10 14 10 14 10 13 9 13 9 13 9 13 9 13 9 13 9 13 8 13 10 13 9 13 9 13 0 0 9 13 9 12 10 12 10 12 10 12 10 13 10 12 10 12 11 12 11 12 11 12 11 12 11 12 12 12 12 12 12 11 13 12 12 11 13 11 13 11 13 12 13 11 13 12 13 12 14 12 14 12 0 0 0 0 0 0 0 0 0 0]"
"1769326783209621,CSI_DATA,STATION,00:00:00:00:00:00,0,0,0,0,0,0,0,0,0,0,0,0,0,0,0,0,0,0,0,0,0,128,[84 -64 4 0 0 0 0 0 0 0 0 0 1 -12 1 -12 2 -12 3 -12 3 -13 3 -12 4 -12 3 -13 4 -13 4 -12 4 -12 5 -12 5 -12 5 -11 5 -11 4 -12 5 -11 5 -12 5 -11 5 -11 5 -11 5 -11 5 -11 5 -11 5 -11 4 -11 0 0 4 -11 4 -11 4 -10 3 -11 3 -11 3 -12 3 -11 3 -12 3 -11 3 -13 3 -12 3 -12 2 -12 2 -12 2 -13 2 -13 2 -13 2 -13 1 -13 2 -13 2 -14 2 -13 2 -13 1 -14 1 -14 1 -14 0 0 0 0 0 0 0 0 0 0]"
"1769326783216114,CSI_DATA,STATION,00:00:00:00:00:00,0,0,0,0,0,0,0,0,0,0,0,0,0,0,0,0,0,0,0,0,0,128,[84 -64 4 0 0 0 0 0 0 0 0 0 -8 9 -9 9 -9 9 -10 8 -9 8 -11 9 -10 8 -10 7 -10 7 -11 6 -11 7 -11 7 -11 6 -11 6 -11 6 -11 6 -11 6 -10 6 -11 5 -11 5 -11 5 -11 5 -10 5 -10 6 -11 5 -10 7 0 0 -10 6 -10 5 -10 6 -10 6 -10 7 -10 6 -10 7 -10 7 -9 7 -10 7 -9 7 -10 7 -10 7 -10 7 -10 7 -10 8 -10 8 -10 8 -10 9 -10 8 -10 9 -10 9 -10 8 -10 9 -10 9 -10 9 0 0 0 0 0 0 0 0 0 0]"
"1769326783220436,CSI_DATA,STATION,00:00:00:00:00:00,0,0,0,0,0,0,0,0,0,0,0,0,0,0,0,0,0,0,0,0,0,128,[84 -64 4 0 0 0 0 0 0 0 0 0 11 -6 11 -6 11 -5 12 -5 11 -5 12 -5 12 -4 11 -4 11 -4 12 -3 11 -3 12 -3 12 -2 11 -2 12 -3 11 -2 11 -2 11 -2 11 -2 11 -3 11 -2 11 -3 11 -3 11 -2 11 -2 11 -3 0 0 10 -3 11 -3 11 -3 11 -4 11 -4 11 -4 11 -4 11 -5 10 -5 10 -4 10 -5 11 -4 11 -5 11 -5 11 -6 11 -6 11 -6 11 -6 11 -6 10 -7 11 -7 11 -6 11 -7 11 -6 11 -7 12 -7 0 0 0 0 0 0 0 0 0 0]"
"1769326783224755,CSI_DATA,STATION,00:00:00:00:00:00,0,0,0,0,0,0,0,0,0,0,0,0,0,0,0,0,0,0,0,0,0,128,[84 -64 4 0 0 0 0 0 0 0 0 0 -11 5 -11 5 -12 5 -12 4 -13 3 -12 3 -13 3 -13 3 -13 2 -13 2 -12 2 -12 2 -13 1 -13 1 -12 1 -13 2 -13 1 -13 1 -12 1 -12 1 -12 1 -12 1 -12 2 -12 1 -12 1 -12 2 0 0 -11 2 -12 1 -11 2 -12 2 -12 1 -12 2 -12 2 -12 2 -12 3 -12 3 -12 3 -12 3 -12 3 -12 3 -12 3 -12 4 -13 3 -12 4 -13 4 -13 3 -13 4 -13 4 -13 4 -13 4 -13 5 -13 4 0 0 0 0 0 0 0 0 0 0]"
"1769326783231255,CSI_DATA,STATION,00:00:00:00:00:00,0,0,0,0,0,0,0,0,0,0,0,0,0,0,0,0,0,0,0,0,0,128,[84 -64 4 0 0 0 0 0 0 0 0 0 -1 -13 0 -13 0 -13 1 -13 1 -13 1 -14 2 -13 2 -13 1 -13 3 -13 3 -13 3 -13 3 -12 3 -12 3 -12 2 -12 3 -12 3 -12 3 -12 3 -12 2 -12 3 -11 3 -11 3 -12 2 -12 2 -11 0 0 2 -12 1 -11 2 -12 1 -12 1 -12 1 -12 1 -12 1 -12 1 -12 0 -12 0 -12 1 -12 0 -12 0 -13 0 -13 0 -13 0 -13 -1 -14 -1 -13 -1 -13 -1 -14 -1 -13 -1 -14 -1 -14 -2 -14 -1 -14 0 0 0 0 0 0 0 0 0 0]"
"1769326783235574,CSI_DATA,STATION,00:00:00:00:00:00,0,0,0,0,0,0,0,0,0,0,0,0,0,0,0,0,0,0,0,0,0,128,[84 -64 4 0 0 0 0 0 0 0 0 0 -9 9 -9 9 -10 9 -10 8 -9 8 -10 8 -10 8 -11 7 -10 7 -11 6 -11 6 -11 7 -11 6 -11 6 -11 6 -11 6 -11 6 -10 5 -11 5 -11 5 -11 5 -11 5 -11 6 -10 6 -10 6 -11 6 0 0 -10 6 -10 5 -10 6 -10 6 -10 6 -11 6 -11 6 -10 6 -10 7 -10 7 -10 7 -10 7 -10 7 -10 7 -10 7 -10 8 -10 8 -10 8 -10 8 -10 8 -10 8 -10 8 -10 8 -10 9 -10 9 -10 9 0 0 0 0 0 0 0 0 0 0]"
"1769326783242065,CSI_DATA,STATION,00:00:00:00:00:00,0,0,0,0,0,0,0,0,0,0,0,0,0,0,0,0,0,0,0,0,0,128,[84 -64 4 0 0 0 0 0 0 0 0 0 -17 -5 -18 -6 -18 -6 -18 -7 -17 -7 -17 -8 -17 -8 -17 -8 -16 -9 -16 -9 -16 -9 -15 -10 -16 -10 -15 -10 -15 -10 -15 -10 -14 -10 -14 -9 -15 -10 -15 -10 -14 -10 -14 -10 -14 -9 -14 -10 -14 -10 -14 -9 0 0 -14 -9 -14 -9 -15 -9 -14 -8 -15 -9 -15 -9 -15 -8 -15 -8 -15 -8 -15 -7 -16 -8 -16 -8 -16 -8 -17 -8 -16 -7 -17 -7 -17 -8 -17 -7 -17 -7 -17 -7 -18 -7 -18 -7 -18 -7 -18 -7 -18 -7 -18 -6 0 0 0 0 0 0 0 0 0 0]"
"1769326783246406,CSI_DATA,STATION,00:00:00:00:00:00,0,0,0,0,0,0,0,0,0,0,0,0,0,0,0,0,0,0,0,0,0,128,[84 -64 4 0 0 0 0 0 0 0 0 0 0 11 0 12 0 12 0 12 -1 12 0 12 -1 12 -1 12 -1 12 -2 12 -3 12 -3 12 -3 11 -3 12 -3 11 -3 11 -3 11 -3 11 -3 11 -3 11 -3 10 -2 11 -3 11 -3 11 -2 11 -3 11 0 0 -2 11 -2 10 -2 11 -2 11 -2 11 -2 11 -1 11 -1 11 -1 11 -2 12 -1 11 -1 11 -1 11 -1 12 -1 12 -1 12 -1 12 -1 12 0 12 0 12 0 12 1 12 0 13 0 13 -1 13 0 13 0 0 0 0 0 0 0 0 0 0]"
"1769326783253014,CSI_DATA,STATION,00:00:00:00:00:00,0,0,0,0,0,0,0,0,0,0,0,0,0,0,0,0,0,0,0,0,0,128,[84 -64 4 0 0 0 0 0 0 0 0 0 -12 -5 -12 -6 -12 -5 -11 -6 -12 -7 -11 -7 -11 -7 -11 -7 -11 -8 -11 -8 -10 -8 -10 -8 -11 -8 -10 -8 -10 -9 -10 -8 -10 -8 -10 -8 -10 -8 -10 -9 -10 -8 -10 -8 -9 -8 -10 -8 -9 -8 -9 -7 0 0 -9 -7 -10 -7 -10 -8 -10 -7 -10 -7 -10 -8 -10 -7 -10 -7 -10 -6 -11 -6 -11 -6 -11 -7 -11 -7 -12 -7 -11 -7 -11 -7 -12 -7 -12 -6 -12 -7 -12 -6 -12 -6 -13 -7 -13 -6 -13 -7 -12 -6 -12 -6 0 0 0 0 0 0 0 0 0 0]"
"1769326783257283,CSI_DATA,STATION,00:00:00:00:00:00,0,0,0,0,0,0,0,0,0,0,0,0,0,0,0,0,0,0,0,0,0,128,[84 -64 4 0 0 0 0 0 0 0 0 0 -13 0 -13 0 -13 -2 -13 -1 -13 -2 -13 -2 -13 -2 -13 -2 -12 -3 -13 -3 -12 -3 -12 -3 -13 -4 -12 -4 -12 -4 -12 -4 -12 -4 -12 -4 -12 -4 -12 -4 -12 -4 -13 -4 -11 -4 -12 -4 -11 -4 -12 -4 0 0 -12 -4 -11 -3 -12 -3 -11 -3 -12 -3 -12 -3 -12 -3 -12 -3 -12 -3 -12 -2 -13 -2 -13 -3 -13 -2 -13 -2 -13 -2 -13 -1 -13 -2 -14 -2 -13 -2 -13 -1 -14 -1 -14 -2 -14 -2 -14 -1 -14 -2 -14 -1 0 0 0 0 0 0 0 0 0 0]"
"1769326783261568,CSI_DATA,STATION,00:00:00:00:00:00,0,0,0,0,0,0,0,0,0,0,0,0,0,0,0,0,0,0,0,0,0,128,[84 -64 4 0 0 0 0 0 0 0 0 0 -8 9 -9 9 -9 8 -10 9 -10 8 -10 8 -9 8 -10 8 -10 8 -11 7 -11 7 -10 7 -11 7 -11 6 -11 6 -10 7 -10 7 -10 6 -10 6 -11 6 -10 6 -10 6 -10 6 -10 6 -10 6 -10 6 0 0 -9 7 -10 7 -9 7 -9 7 -9 7 -9 7 -9 8 -8 8 -8 8 -9 9 -9 8 -9 8 -9 8 -9 9 -8 9 -9 10 -8 10 -8 10 -8 10 -8 10 -8 10 -8 11 -8 10 -8 10 -9 10 -8 11 0 0 0 0 0 0 0 0 0 0]"
"1769326783268045,CSI_DATA,STATION,00:00:00:00:00:00,0,0,0,0,0,0,0,0,0,0,0,0,0,0,0,0,0,0,0,0,0,128,[84 -64 4 0 0 0 0 0 0 0 0 0 -10 14 -11 14 -12 14 -13 13 -13 13 -13 13 -13 12 -13 12 -13 12 -14 11 -14 11 -14 11 -14 11 -14 10 -15 10 -14 10 -14 10 -14 10 -14 9 -14 9 -14 9 -14 9 -14 9 -13 9 -13 10 -13 10 0 0 -14 10 -13 10 -13 10 -13 10 -13 11 -13 10 -13 11 -13 10 -13 11 -12 11 -12 12 -12 12 -12 12 -12 13 -12 12 -12 13 -12 12 -12 13 -12 14 -12 13 -12 14 -12 14 -12 14 -12 14 -12 15 -12 15 0 0 0 0 0 0 0 0 0 0]"
"1769326783272356,CSI_DATA,STATION,00:00:00:00:00:00,0,0,0,0,0,0,0,0,0,0,0,0,0,0,0,0,0,0,0,0,0,128,[84 -64 4 0 0 0 0 0 0 0 0 0 11 -3 12 -3 12 -2 12 -2 12 -1 12 -1 12 -1 12 0 12 0 12 0 12 1 11 1 12 1 12 1 12 1 11 1 12 1 11 1 12 1 12 1 11 2 11 1 11 1 11 1 11 1 10 1 0 0 11 0 11 1 12 1 10 0 11 0 11 0 11 0 12 0 11 -1 11 0 11 0 12 -1 12 0 13 -1 12 -2 12 -1 12 -1 12 -2 12 -2 12 -2 13 -2 12 -2 12 -2 12 -2 13 -2 12 -2 0 0 0 0 0 0 0 0 0 0]"
"1769326783278827,CSI_DATA,STATION,00:00:00:00:00:00,0,0,0,0,0,0,0,0,0,0,0,0,0,0,0,0,0,0,0,0,0,128,[84 -64 4 0 0 0 0 0 0 0 0 0 2 -12 2 -13 2 -13 3 -12 4 -12 4 -13 4 -12 5 -12 5 -12 6 -11 5 -12 6 -11 6 -11 6 -11 6 -11 6 -10 5 -11 5 -11 5 -10 6 -10 6 -10 6 -10 6 -11 5 -11 5 -10 5 -10 0 0 5 -11 4 -10 4 -11 4 -10 5 -11 4 -10 4 -11 4 -11 4 -12 4 -12 3 -12 4 -12 4 -11 4 -12 3 -12 4 -13 4 -13 4 -13 4 -13 3 -13 4 -13 4 -13 3 -13 3 -13 3 -13 2 -13 0 0 0 0 0 0 0 0 0 0]"
"1769326783283193,CSI_DATA,STATION,00:00:00:00:00:00,0,0,0,0,0,0,0,0,0,0,0,0,0,0,0,0,0,0,0,0,0,128,[84 -64 4 0 0 0 0 0 0 0 0 0 0 17 -1 18 -2 18 -2 18 -2 18 -3 18 -4 17 -4 17 -5 17 -5 17 -5 17 -6 16 -5 17 -6 16 -6 16 -6 16 -6 16 -6 15 -6 16 -6 16 -6 15 -6 15 -6 15 -5 15 -6 15 -5 15 0 0 -5 15 -5 15 -4 16 -5 16 -5 16 -4 16 -4 16 -4 16 -4 16 -3 16 -3 16 -3 16 -3 16 -3 17 -3 17 -2 18 -2 17 -2 17 -2 18 -2 17 -2 18 -2 18 -2 18 -1 18 -2 19 -1 18 0 0 0 0 0 0 0 0 0 0]"
"1769326783287513,CSI_DATA,STATION,00:00:00:00:00:00,0,0,0,0,0,0,0,0,0,0,0,0,0,0,0,0,0,0,0,0,0,128,[84 -64 4 0 0 0 0 0 0 0 0 0 12 2 12 1 12 2 12 3 12 3 11 4 11 4 11 4 12 4 11 5 11 5 10 5 11 5 10 5 10 5 10 5 10 5 10 5 10 5 10 5 10 5 10 5 10 5 10 5 10 5 10 4 0 0 10 4 10 4 10 4 10 4 11 4 10 4 10 4 11 3 11 3 10 3 11 4 11 3 12 3 12 3 11 3 12 3 12 3 12 3 12 3 12 2 12 2 12 3 13 3 12 2 12 2 12 2 0 0 0 0 0 0 0 0 0 0]"
"1769326783294014,CSI_DATA,STATION,00:00:00:00:00:00,0,0,0,0,0,0,0,0,0,0,0,0,0,0,0,0,0,0,0,0,0,128,[84 -64 4 0 0 0 0 0 0 0 0 0 5 9 5 9 4 9 4 10 4 9 3 10 3 10 3 10 3 9 2 10 2 10 2 10 2 10 2 10 2 10 2 10 1 10 1 9 2 10 2 10 2 9 2 9 1 10 2 10 2 9 2 10 0 0 2 10 2 9 3 9 2 9 2 10 3 9 3 10 3 9 3 9 3 10 3 9 4 10 4 10 3 10 4 10 4 10 4 9 4 10 4 10 4 10 5 10 5 10 5 10 5 10 5 10 5 10 0 0 0 0 0 0 0 0 0 0]"
"1769326783298322,CSI_DATA,STATION,00:00:00:00:00:00,0,0,0,0,0,0,0,0,0,0,0,0,0,0,0,0,0,0,0,0,0,128,[84 -64 4 0 0 0 0 0 0 0 0 0 12 12 12 12 12 13 12 14 11 14 10 13 10 14 10 15 10 14 9 15 8 15 9 15 9 15 8 15 8 15 8 14 7 15 7 14 7 14 7 14 7 14 7 14 7 14 8 14 8 14 7 14 0 0 8 14 8 13 8 14 8 13 9 13 9 14 9 13 9 14 9 13 9 12 10 12 10 13 10 13 11 13 11 13 11 13 12 13 11 12 12 13 12 12 12 13 12 13 13 13 13 13 13 13 13 13 0 0 0 0 0 0 0 0 0 0]"
"1769326783304811,CSI_DATA,STATION,00:00:00:00:00:00,0,0,0,0,0,0,0,0,0,0,0,0,0,0,0,0,0,0,0,0,0,128,[84 -64 4 0 0 0 0 0 0 0 0 0 -14 -6 -14 -6 -14 -7 -14 -8 -14 -9 -14 -9 -13 -9 -13 -10 -12 -10 -13 -10 -13 -10 -12 -9 -12 -10 -12 -10 -11 -11 -11 -10 -11 -10 -12 -10 -11 -10 -11 -11 -11 -10 -11 -10 -11 -10 -11 -10 -11 -10 -11 -9 0 0 -11 -9 -12 -9 -12 -9 -12 -8 -12 -9 -12 -9 -12 -9 -12 -9 -12 -9 -12 -8 -13 -8 -13 -8 -13 -8 -13 -8 -14 -8 -14 -7 -14 -8 -14 -8 -14 -8 -14 -7 -15 -7 -15 -8 -15 -8 -16 -8 -15 -7 -15 -7 0 0 0 0 0 0 0 0 0 0]"
"1769326783309159,CSI_DATA,STATION,00:00:00:00:00:00,0,0,0,0,0,0,0,0,0,0,0,0,0,0,0,0,0,0,0,0,0,128,[84 -64 4 0 0 0 0 0 0 0 0 0 11 -5 11 -4 11 -4 11 -4 12 -3 12 -3 12 -2 11 -2 11 -2 12 -2 12 -2 11 -1 12 -1 12 -1 12 -1 11 -1 11 -1 11 0 12 0 11 0 11 0 11 0 11 -1 12 0 11 0 11 -1 0 0 10 -1 11 -1 11 -1 11 -2 11 -1 11 -1 12 -1 11 -2 11 -2 11 -2 11 -2 11 -2 11 -1 12 -2 12 -3 12 -3 13 -3 12 -3 12 -2 12 -3 12 -3 12 -2 12 -3 12 -3 12 -3 12 -4 0 0 0 0 0 0 0 0 0 0]"
"1769326783313458,CSI_DATA,STATION,00:00:00:00:00:00,0,0,0,0,0,0,0,0,0,0,0,0,0,0,0,0,0,0,0,0,0,128,[84 -64 4 0 0 0 0 0 0 0 0 0 0 -13 0 -13 1 -13 1 -13 1 -13 2 -13 2 -13 2 -13 2 -13 3 -13 3 -12 3 -13 4 -13 3 -12 3 -12 3 -12 3 -12 3 -12 3 -11 3 -12 3 -11 3 -12 3 -12 3 -11 2 -11 2 -12 0 0 2 -12 2 -11 1 -11 1 -12 1 -12 1 -12 1 -12 1 -12 1 -12 1 -12 1 -12 0 -12 0 -12 0 -13 -1 -14 -1 -13 -1 -13 0 -14 -1 -13 -1 -14 -1 -14 -1 -13 -2 -14 -2 -14 -2 -14 -2 -14 0 0 0 0 0 0 0 0 0 0]"
"1769326783319905,CSI_DATA,STATION,00:00:00:00:00:00,0,0,0,0,0,0,0,0,0,0,0,0,0,0,0,0,0,0,0,0,0,128,[84 -64 4 0 0 0 0 0 0 0 0 0 -12 13 -13 14 -13 12 -14 13 -14 12 -14 12 -14 12 -14 11 -14 11 -15 10 -15 10 -15 10 -15 10 -15 9 -15 9 -15 9 -14 9 -15 9 -15 9 -15 9 -14 8 -14 9 -14 8 -14 9 -14 9 -14 9 0 0 -14 9 -13 9 -14 10 -13 10 -13 10 -13 10 -13 11 -13 10 -13 11 -12 11 -13 11 -13 11 -13 11 -13 12 -13 12 -13 13 -12 12 -12 13 -12 14 -12 14 -12 14 -12 14 -12 14 -12 13 -12 15 -12 14 0 0 0 0 0 0 0 0 0 0]"
"1769326783324170,CSI_DATA,STATION,00:00:00:00:00:00,0,0,0,0,0,0,0,0,0,0,0,0,0,0,0,0,0,0,0,0,0,128,[84 -64 4 0 0 0 0 0 0 0 0 0 5 -12 6 -11 6 -11 7 -10 7 -10 7 -11 8 -10 8 -9 8 -9 8 -9 8 -9 8 -9 8 -9 8 -9 9 -9 8 -8 8 -8 8 -8 9 -8 9 -8 8 -7 8 -8 8 -8 8 -8 8 -8 8 -9 0 0 8 -8 8 -8 8 -8 8 -8 8 -9 8 -8 8 -9 7 -9 7 -9 7 -9 6 -10 7 -9 7 -9 8 -9 7 -10 7 -11 7 -10 7 -11 7 -10 7 -11 7 -11 7 -10 7 -11 6 -11 7 -12 6 -11 0 0 0 0 0 0 0 0 0 0]"
"1769326783330644,CSI_DATA,STATION,00:00:00:00:00:00,0,0,0,0,0,0,0,0,0,0,0,0,0,0,0,0,0,0,0,0,0,128,[84 -64 4 0 0 0 0 0 0 0 0 0 19 -2 20 -1 19 0 20 1 19 1 20 1 19 2 19 2 19 3 18 4 19 3 18 4 18 5 18 4 18 5 17 5 17 4 17 4 18 5 17 5 17 5 17 5 16 4 17 5 17 5 17 4 0 0 17 3 17 4 17 3 17 2 18 3 18 3 18 3 17 2 18 2 17 1 18 1 18 2 18 2 19 1 18 0 19 0 19 0 19 -1 19 -1 19 -1 20 -1 20 0 20 -1 20 -1 20 -1 20 -2 0 0 0 0 0 0 0 0 0 0]"
"1769326783334978,CSI_DATA,STATION,00:00:00:00:00:00,0,0,0,0,0,0,0,0,0,0,0,0,0,0,0,0,0,0,0,0,0,128,[84 -64 4 0 0 0 0 0 0 0 0 0 -4 -12 -4 -12 -3 -13 -3 -12 -3 -13 -3 -13 -2 -13 -2 -13 -2 -13 -2 -13 -1 -13 -1 -13 -1 -12 -1 -13 0 -13 -1 -12 0 -12 0 -12 -1 -12 -1 -12 0 -12 -1 -12 0 -12 -1 -12 -1 -12 -1 -12 0 0 -2 -12 -1 -12 -2 -12 -2 -12 -2 -12 -2 -12 -3 -12 -2 -12 -3 -12 -3 -12 -3 -13 -3 -12 -4 -12 -3 -12 -4 -13 -4 -13 -4 -13 -4 -13 -4 -13 -4 -13 -5 -13 -5 -13 -4 -13 -5 -13 -5 -13 -5 -13 0 0 0 0 0 0 0 0 0 0]"
"1769326783339297,CSI_DATA,STATION,00:00:00:00:00:00,0,0,0,0,0,0,0,0,0,0,0,0,0,0,0,0,0,0,0,0,0,128,[84 -64 4 0 0 0 0 0 0 0 0 0 2 13 2 12 1 13 1 13 1 13 0 14 -1 14 -1 14 -1 13 -1 14 -1 13 -2 13 -2 13 -2 12 -2 13 -2 13 -2 12 -3 12 -2 13 -2 12 -2 12 -2 12 -3 12 -2 12 -2 12 -1 13 0 0 -2 12 -1 12 -1 12 -1 12 -1 12 -1 12 -1 13 0 12 -1 13 -1 12 0 13 0 13 0 13 0 13 0 13 1 13 1 13 1 13 1 14 1 14 1 14 1 13 1 14 1 14 1 14 1 14 0 0 0 0 0 0 0 0 0 0]"
"1769326783345750,CSI_DATA,STATION,00:00:00:00:00:00,0,0,0,0,0,0,0,0,0,0,0,0,0,0,0,0,0,0,0,0,0,128,[84 -64 4 0 0 0 0 0 0 0 0 0 5 15 4 15 4 15 4 16 3 15 3 15 3 15 2 16 2 15 1 15 1 16 1 15 1 15 1 15 0 15 0 15 0 14 -1 14 0 15 0 15 0 15 0 14 0 14 0 14 0 14 0 14 0 0 1 14 1 14 1 14 1 14 1 14 1 14 2 14 2 14 2 14 2 14 3 14 2 14 3 15 3 15 3 15 3 15 4 15 4 15 4 15 4 15 4 15 4 15 4 15 5 15 4 15 5 15 0 0 0 0 0 0 0 0 0 0]"
"1769326783350308,CSI_DATA,STATION,00:00:00:00:00:00,0,0,0,0,0,0,0,0,0,0,0,0,0,0,0,0,0,0,0,0,0,128,[84 -64 4 0 0 0 0 0 0 0 0 0 17 -4 17 -3 17 -2 18 -2 18 -1 18 -1 17 -1 17 -1 17 0 18 1 17 1 17 1 17 2 17 2 16 3 16 2 16 2 15 2 16 2 16 3 16 3 16 3 16 2 15 2 16 3 15 2 0 0 15 1 16 2 16 2 16 1 16 2 17 1 16 1 16 0 16 0 16 0 16 0 16 0 16 0 17 0 17 0 17 -1 18 -1 17 -2 17 -1 17 -2 18 -2 18 -1 18 -1 18 -2 18 -2 18 -2 0 0 0 0 0 0 0 0 0 0]"
"1769326783360918,CSI_DATA,STATION,00:00:00:00:00:00,0,0,0,0,0,0,0,0,0,0,0,0,0,0,0,0,0,0,0,0,0,128,[84 -64 4 0 0 0 0 0 0 0 0 0 11 1 12 1 12 2 12 3 12 2 12 3 11 3 12 4 11 4 11 4 11 4 11 4 12 5 11 5 11 5 10 4 10 4 10 4 10 5 10 5 10 5 10 5 9 4 10 4 10 4 10 4 0 0 10 3 10 4 11 3 10 3 11 3 11 3 11 3 11 3 11 3 10 2 11 2 11 3 12 2 13 3 11 2 12 2 12 1 12 2 12 2 12 1 12 2 13 1 13 1 12 1 13 1 13 1 0 0 0 0 0 0 0 0 0 0]"
"1769326783367358,CSI_DATA,STATION,00:00:00:00:00:00,0,0,0,0,0,0,0,0,0,0,0,0,0,0,0,0,0,0,0,0,0,128,[84 -64 4 0 0 0 0 0 0 0 0 0 9 7 9 8 9 7 9 8 8 8 8 9 8 9 8 9 7 9 7 9 7 9 7 10 7 9 6 9 7 9 6 9 6 9 6 9 6 9 6 9 6 9 6 9 6 8 6 9 7 9 6 9 0 0 7 8 7 9 7 8 6 8 7 8 7 8 7 8 8 8 7 7 8 8 8 8 8 8 8 8 8 8 8 8 9 8 9 7 9 7 10 8 9 7 9 7 9 7 9 7 10 7 10 8 10 7 0 0 0 0 0 0 0 0 0 0]"
"1769326783373818,CSI_DATA,STATION,00:00:00:00:00:00,0,0,0,0,0,0,0,0,0,0,0,0,0,0,0,0,0,0,0,0,0,128,[84 -64 4 0 0 0 0 0 0 0 0 0 7 9 8 9 7 9 7 9 7 10 6 10 6 10 6 10 6 10 5 10 5 10 4 10 5 10 5 11 4 11 4 10 4 10 5 10 5 10 5 10 4 10 5 10 4 9 4 10 5 10 4 10 0 0 5 9 5 9 5 9 5 9 6 10 6 9 6 9 6 9 6 8 6 9 6 9 7 9 6 9 7 9 7 9 8 9 8 8 9 9 8 9 8 8 9 8 9 9 8 9 9 9 9 8 9 9 0 0 0 0 0 0 0 0 0 0]"
"1769326783378173,CSI_DATA,STATION,00:00:00:00:00:00,0,0,0,0,0,0,0,0,0,0,0,0,0,0,0,0,0,0,0,0,0,128,[84 -64 4 0 0 0 0 0 0 0 0 0 -4 -12 -4 -12 -3 -12 -3 -13 -2 -13 -2 -13 -1 -13 -1 -13 -1 -12 -1 -13 -1 -13 -1 -13 -1 -12 -1 -12 0 -13 0 -12 0 -12 1 -12 0 -13 1 -12 0 -11 0 -12 0 -12 0 -12 0 -11 0 -12 0 0 0 -12 0 -11 -1 -12 0 -12 0 -12 -1 -12 -1 -11 -1 -12 -1 -12 -1 -12 -2 -12 -2 -12 -2 -12 -2 -13 -2 -13 -2 -13 -2 -13 -2 -13 -2 -13 -2 -13 -2 -13 -2 -13 -2 -13 -3 -13 -3 -13 -3 -13 0 0 0 0 0 0 0 0 0 0]"
"1769326783384629,CSI_DATA,STATION,00:00:00:00:00:00,0,0,0,0,0,0,0,0,0,0,0,0,0,0,0,0,0,0,0,0,0,128,[84 -64 4 0 0 0 0 0 0 0 0 0 -2 -12 -2 -13 -1 -13 0 -14 0 -13 1 -13 1 -13 1 -13 2 -12 1 -12 1 -13 2 -12 2 -12 2 -12 3 -12 2 -12 3 -13 2 -12 3 -12 2 -11 3 -11 2 -12 2 -11 2 -12 1 -12 1 -12 0 0 2 -12 1 -11 1 -11 1 -11 1 -12 1 -11 1 -12 1 -12 1 -12 1 -12 0 -12 0 -12 0 -13 0 -13 0 -13 0 -13 0 -13 0 -13 0 -13 0 -13 -1 -14 -1 -13 -1 -13 -2 -13 -1 -14 -1 -14 0 0 0 0 0 0 0 0 0 0]"
"1769326783389005,CSI_DATA,STATION,00:00:00:00:00:00,0,0,0,0,0,0,0,0,0,0,0,0,0,0,0,0,0,0,0,0,0,128,[84 -64 4 0 0 0 0 0 0 0 0 0 19 1 19 2 19 3 20 4 19 4 19 4 18 4 19 5 18 5 18 6 18 6 17 6 18 7 17 7 17 7 16 8 16 6 16 6 17 7 17 7 16 6 17 7 15 6 16 7 16 7 16 5 0 0 16 5 16 6 17 5 16 4 17 5 17 5 17 5 17 3 17 4 17 3 17 3 17 4 18 4 19 3 18 3 19 2 19 2 19 1 19 1 19 1 19 1 19 2 20 1 20 1 20 1 20 0 0 0 0 0 0 0 0 0 0 0]"
"1769326783395469,CSI_DATA,STATION,00:00:00:00:00:00,0,0,0,0,0,0,0,0,0,0,0,0,0,0,0,0,0,0,0,0,0,128,[84 -64 4 0 0 0 0 0 0 0 0 0 -4 -12 -3 -12 -2 -13 -2 -12 -2 -13 -2 -13 -1 -12 -1 -13 0 -12 0 -12 0 -13 0 -13 0 -13 0 -12 1 -12 1 -12 1 -12 1 -12 1 -12 1 -12 1 -12 0 -12 0 -12 0 -12 0 -11 0 -12 0 0 0 -12 0 -11 0 -12 0 -11 0 -12 0 -12 0 -12 0 -12 0 -12 -1 -13 -1 -12 -1 -12 -1 -12 -1 -13 -2 -13 -2 -13 -1 -13 -2 -13 -2 -13 -2 -13 -2 -13 -2 -13 -2 -14 -3 -13 -2 -13 -2 -14 0 0 0 0 0 0 0 0 0 0]"
"1769326783399768,CSI_DATA,STATION,00:00:00:00:00:00,0,0,0,0,0,0,0,0,0,0,0,0,0,0,0,0,0,0,0,0,0,128,[84 -64 4 0 0 0 0 0 0 0 0 0 -17 10 -17 10 -18 10 -18 9 -19 8 -18 8 -18 8 -19 8 -18 7 -19 6 -19 6 -19 5 -19 5 -19 4 -19 4 -19 4 -19 4 -18 5 -18 4 -18 4 -18 4 -18 4 -18 4 -18 4 -18 3 -17 4 0 0 -18 5 -17 5 -17 4 -17 5 -17 5 -18 5 -18 5 -18 5 -17 7 -18 7 -17 7 -18 7 -18 7 -18 7 -18 8 -18 8 -19 8 -17 8 -18 9 -18 9 -17 10 -18 9 -19 9 -19 10 -18 10 -19 10 0 0 0 0 0 0 0 0 0 0]"
"1769326783404073,CSI_DATA,STATION,00:00:00:00:00:00,0,0,0,0,0,0,0,0,0,0,0,0,0,0,0,0,0,0,0,0,0,128,[84 -64 4 0 0 0 0 0 0 0 0 0 5 10 5 11 4 11 4 11 4 11 3 12 3 12 3 12 3 12 2 12 2 12 1 11 1 12 1 12 2 12 1 11 1 12 1 11 1 11 1 11 1 11 1 10 1 11 1 11 2 10 2 11 0 0 2 11 3 10 3 10 2 11 3 11 3 10 3 11 3 11 3 11 3 10 3 11 3 11 4 11 4 11 4 11 4 11 4 11 4 11 5 11 4 11 5 12 5 12 5 11 5 11 5 11 5 11 0 0 0 0 0 0 0 0 0 0]"
"1769326783410536,CSI_DATA,STATION,00:00:00:00:00:00,0,0,0,0,0,0,0,0,0,0,0,0,0,0,0,0,0,0,0,0,0,128,[84 -64 4 0 0 0 0 0 0 0 0 0 3 -19 3 -18 4 -19 5 -18 5 -19 5 -18 6 -17 7 -18 7 -18 7 -18 7 -17 7 -17 7 -17 7 -16 8 -16 8 -16 7 -15 7 -16 7 -15 8 -15 7 -15 7 -15 7 -15 7 -15 7 -16 7 -15 0 0 6 -15 6 -16 6 -15 6 -16 5 -15 6 -16 5 -16 5 -16 5 -16 4 -16 4 -17 4 -17 4 -18 4 -17 4 -18 4 -18 3 -18 3 -18 3 -18 3 -18 3 -19 3 -19 3 -19 2 -19 2 -19 2 -19 0 0 0 0 0 0 0 0 0 0]"
"1769326783414844,CSI_DATA,STATION,00:00:00:00:00:00,0,0,0,0,0,0,0,0,0,0,0,0,0,0,0,0,0,0,0,0,0,128,[84 -64 4 0 0 0 0 0 0 0 0 0 11 -4 12 -4 12 -3 12 -3 13 -2 11 -2 12 -2 12 -1 11 -1 12 -1 12 -1 11 -1 12 0 12 0 11 1 11 0 11 1 12 0 11 0 12 1 11 0 11 1 11 0 11 1 11 0 11 -1 0 0 11 0 11 0 11 -1 10 -1 11 0 11 -1 11 -1 12 -1 11 -1 11 -2 11 -2 12 -1 12 -1 12 -2 12 -2 11 -2 13 -2 12 -3 12 -3 12 -2 12 -2 12 -2 13 -3 13 -3 13 -2 12 -3 0 0 0 0 0 0 0 0 0 0]"
"1769326783421329,CSI_DATA,STATION,00:00:00:00:00:00,0,0,0,0,0,0,0,0,0,0,0,0,0,0,0,0,0,0,0,0,0,128,[84 -64 4 0 0 0 0 0 0 0 0 0 -9 15 -10 15 -11 14 -12 15 -12 13 -12 13 -12 13 -13 13 -12 13 -13 12 -13 12 -14 11 -14 11 -14 11 -14 11 -13 11 -14 11 -13 11 -14 10 -13 10 -13 10 -13 10 -13 10 -13 10 -13 10 -13 10 0 0 -13 11 -12 10 -13 11 -12 11 -12 11 -12 11 -12 11 -12 11 -12 12 -12 12 -12 13 -12 12 -12 12 -12 13 -12 13 -11 14 -11 13 -12 14 -11 14 -12 14 -12 15 -11 14 -11 14 -12 14 -11 15 -11 15 0 0 0 0 0 0 0 0 0 0]"
"1769326783425628,CSI_DATA,STATION,00:00:00:00:00:00,0,0,0,0,0,0,0,0,0,0,0,0,0,0,0,0,0,0,0,0,0,128,[84 -64 4 0 0 0 0 0 0 0 0 0 -11 6 -11 6 -12 5 -12 4 -12 4 -12 4 -12 4 -12 4 -12 4 -12 3 -12 3 -12 3 -12 2 -12 2 -13 2 -12 3 -12 2 -11 1 -12 1 -12 2 -12 2 -12 2 -11 2 -12 2 -12 2 -12 3 0 0 -11 3 -11 3 -11 3 -11 3 -12 3 -12 3 -11 4 -11 4 -11 4 -11 4 -12 5 -11 4 -12 5 -12 5 -12 5 -12 6 -11 6 -12 6 -11 6 -12 6 -11 6 -12 7 -12 6 -12 6 -12 7 -12 7 0 0 0 0 0 0 0 0 0 0]"
"1769326783429993,CSI_DATA,STATION,00:00:00:00:00:00,0,0,0,0,0,0,0,0,0,0,0,0,0,0,0,0,0,0,0,0,0,128,[84 -64 4 0 0 0 0 0 0 0 0 0 2 17 1 18 0 17 0 18 0 17 -1 18 -1 18 -2 18 -2 18 -2 17 -3 17 -3 17 -3 17 -3 17 -3 17 -4 17 -3 16 -3 16 -4 16 -4 16 -3 15 -3 16 -3 15 -3 16 -3 16 -3 15 0 0 -2 16 -2 16 -2 16 -2 16 -1 16 -1 16 -1 16 0 15 -1 16 0 16 0 16 0 16 0 17 1 17 0 17 1 18 2 17 1 17 2 17 2 17 2 18 2 18 2 18 3 18 2 18 3 18 0 0 0 0 0 0 0 0 0 0]"
"1769326783436455,CSI_DATA,STATION,00:00:00:00:00:00,0,0,0,0,0,0,0,0,0,0,0,0,0,0,0,0,0,0,0,0,0,128,[84 -64 4 0 0 0 0 0 0 0 0 0 0 -12 0 -13 0 -13 1 -13 1 -13 2 -13 2 -13 1 -13 3 -12 2 -13 3 -12 3 -12 3 -12 3 -12 3 -12 3 -12 3 -12 3 -12 3 -11 3 -11 3 -11 3 -11 3 -11 3 -11 2 -11 3 -12 0 0 2 -12 2 -11 2 -11 2 -11 2 -12 2 -12 1 -12 2 -12 2 -12 2 -12 1 -12 1 -12 1 -12 1 -12 1 -12 1 -13 1 -13 1 -13 1 -13 1 -13 0 -13 1 -13 0 -13 0 -13 1 -14 0 -14 0 0 0 0 0 0 0 0 0 0]"
"1769326783440770,CSI_DATA,STATION,00:00:00:00:00:00,0,0,0,0,0,0,0,0,0,0,0,0,0,0,0,0,0,0,0,0,0,128,[84 -64 4 0 0 0 0 0 0 0 0 0 0 12 0 12 0 12 0 12 -1 12 -2 12 -2 12 -2 12 -3 11 -3 12 -3 12 -3 12 -3 12 -3 12 -4 11 -4 11 -3 11 -3 11 -4 11 -4 10 -4 11 -3 11 -3 11 -3 11 -3 10 -3 11 0 0 -3 10 -2 10 -2 11 -2 11 -2 11 -2 11 -2 11 -2 11 -2 11 -1 11 -1 12 -1 12 -1 11 -1 12 -1 12 -1 12 -1 12 -1 12 0 13 -1 12 0 12 0 13 0 13 0 13 0 13 0 13 0 0 0 0 0 0 0 0 0 0]"
"1769326783447331,CSI_DATA,STATION,00:00:00:00:00:00,0,0,0,0,0,0,0,0,0,0,0,0,0,0,0,0,0,0,0,0,0,128,[84 -64 4 0 0 0 0 0 0 0 0 0 10 -6 11 -5 11 -5 11 -5 11 -4 12 -4 12 -4 12 -3 12 -3 12 -3 12 -3 12 -3 11 -2 11 -2 12 -2 11 -2 11 -2 11 -2 12 -2 11 -2 11 -2 10 -2 10 -3 11 -2 11 -3 11 -3 0 0 10 -3 10 -3 10 -3 11 -4 11 -3 11 -3 11 -3 10 -4 10 -4 10 -5 11 -5 11 -5 11 -5 11 -5 11 -6 11 -5 11 -5 11 -6 11 -6 11 -6 11 -6 11 -6 12 -6 11 -7 11 -7 11 -7 0 0 0 0 0 0 0 0 0 0]"
"1769326783451780,CSI_DATA,STATION,00:00:00:00:00:00,0,0,0,0,0,0,0,0,0,0,0,0,0,0,0,0,0,0,0,0,0,128,[84 -64 4 0 0 0 0 0 0 0 0 0 8 9 8 10 7 9 7 10 6 10 6 10 6 10 6 11 6 11 5 11 4 11 5 11 5 11 5 10 4 10 4 11 4 10 3 10 4 10 4 11 4 10 4 10 4 11 4 10 4 10 4 10 0 0 4 10 5 10 5 10 4 10 5 10 5 10 5 9 6 9 5 9 5 10 6 10 6 10 6 11 6 10 6 11 6 10 7 10 7 9 6 10 7 10 7 10 7 10 7 10 7 10 7 10 7 11 0 0 0 0 0 0 0 0 0 0]"
"1769326783456026,CSI_DATA,STATION,00:00:00:00:00:00,0,0,0,0,0,0,0,0,0,0,0,0,0,0,0,0,0,0,0,0,0,128,[84 -64 4 0 0 0 0 0 0 0 0 0 -7 10 -6 10 -7 10 -8 10 -8 9 -8 10 -7 10 -8 9 -8 9 -9 9 -9 8 -9 8 -9 8 -9 8 -10 7 -9 8 -9 8 -8 7 -9 7 -10 7 -9 7 -9 7 -9 7 -9 7 -9 7 -9 8 0 0 -9 8 -8 7 -9 7 -8 8 -9 8 -9 8 -8 8 -8 8 -8 8 -8 9 -8 8 -8 8 -9 9 -8 9 -8 9 -8 10 -8 9 -8 10 -8 10 -8 10 -8 10 -8 9 -8 10 -9 10 -8 11 -8 10 0 0 0 0 0 0 0 0 0 0]"
"1769326783462382,CSI_DATA,STATION,00:00:00:00:00:00,0,0,0,0,0,0,0,0,0,0,0,0,0,0,0,0,0,0,0,0,0,128,[84 -64 4 0 0 0 0 0 0 0 0 0 -9 8 -10 8 -11 7 -11 7 -10 7 -11 7 -11 6 -11 6 -12 5 -11 6 -11 6 -11 6 -11 5 -12 5 -12 5 -11 5 -11 5 -11 4 -12 4 -11 4 -11 4 -11 4 -10 4 -11 5 -11 5 -11 5 0 0 -11 5 -10 5 -11 5 -10 5 -10 5 -11 4 -11 6 -11 6 -10 6 -10 7 -10 7 -10 7 -10 7 -10 7 -10 7 -10 8 -10 7 -10 8 -10 8 -10 8 -10 8 -10 8 -10 8 -9 9 -10 9 -10 9 0 0 0 0 0 0 0 0 0 0]"
"1769326783466629,CSI_DATA,STATION,00:00:00:00:00:00,0,0,0,0,0,0,0,0,0,0,0,0,0,0,0,0,0,0,0,0,0,128,[84 -64 4 0 0 0 0 0 0 0 0 0 -4 11 -5 12 -6 10 -6 11 -6 10 -7 11 -7 10 -7 10 -7 10 -8 10 -8 10 -7 10 -7 10 -8 9 -8 9 -8 9 -8 9 -7 9 -8 8 -8 8 -8 8 -8 9 -7 8 -7 9 -7 8 -7 10 0 0 -8 9 -7 9 -7 9 -7 9 -7 9 -7 9 -7 9 -6 10 -6 10 -7 10 -6 10 -6 11 -6 10 -6 11 -6 11 -6 11 -6 11 -6 11 -6 12 -6 11 -5 12 -6 11 -6 11 -5 12 -5 12 -6 12 0 0 0 0 0 0 0 0 0 0]"
"1769326783473127,CSI_DATA,STATION,00:00:00:00:00:00,0,0,0,0,0,0,0,0,0,0,0,0,0,0,0,0,0,0,0,0,0,128,[84 -64 4 0 0 0 0 0 0 0 0 0 -5 -12 -5 -12 -5 -13 -4 -12 -3 -13 -3 -13 -3 -13 -3 -13 -2 -13 -2 -13 -2 -13 -1 -13 -1 -13 -2 -13 -2 -13 -2 -12 -1 -13 -1 -12 -1 -13 -1 -12 -1 -12 -1 -12 0 -12 -1 -12 -1 -12 -1 -12 0 0 -1 -12 -2 -12 -2 -12 -2 -11 -2 -12 -2 -12 -3 -12 -3 -12 -2 -12 -3 -12 -3 -12 -3 -12 -3 -13 -3 -13 -3 -13 -4 -13 -3 -12 -4 -13 -4 -13 -4 -13 -4 -13 -4 -13 -5 -13 -4 -13 -4 -13 -4 -13 0 0 0 0 0 0 0 0 0 0]"
"1769326783477435,CSI_DATA,STATION,00:00:00:00:00:00,0,0,0,0,0,0,0,0,0,0,0,0,0,0,0,0,0,0,0,0,0,128,[84 -64 4 0 0 0 0 0 0 0 0 0 -6 10 -7 11 -7 9 -7 10 -7 9 -9 10 -8 10 -9 9 -9 9 -9 9 -9 9 -9 8 -9 8 -9 8 -9 8 -9 8 -10 8 -9 8 -10 8 -9 7 -9 7 -9 7 -9 7 -8 8 -9 7 -9 8 0 0 -9 8 -9 7 -8 8 -8 7 -8 8 -8 8 -8 8 -8 9 -8 9 -8 9 -8 9 -8 9 -8 9 -8 10 -8 10 -8 10 -7 10 -8 10 -8 10 -8 10 -8 11 -7 10 -8 10 -8 11 -8 11 -7 11 0 0 0 0 0 0 0 0 0 0]"
"1769326783481750,CSI_DATA,STATION,00:00:00:00:00:00,0,0,0,0,0,0,0,0,0,0,0,0,0,0,0,0,0,0,0,0,0,128,[84 -64 4 0 0 0 0 0 0 0 0 0 16 -12 16 -12 17 -11 17 -11 18 -10 17 -10 18 -9 18 -9 17 -8 18 -8 18 -8 18 -8 18 -7 18 -7 18 -6 18 -6 18 -6 17 -7 18 -6 17 -6 17 -6 17 -6 17 -6 17 -6 17 -5 16 -7 0 0 17 -7 16 -6 16 -7 16 -7 16 -7 17 -7 16 -7 17 -8 16 -8 16 -9 16 -10 16 -9 16 -9 16 -9 16 -10 17 -11 18 -11 16 -11 16 -11 16 -11 16 -12 16 -11 17 -11 17 -13 17 -13 17 -13 0 0 0 0 0 0 0 0 0 0]"
"1769326783488187,CSI_DATA,STATION,00:00:00:00:00:00,0,0,0,0,0,0,0,0,0,0,0,0,0,0,0,0,0,0,0,0,0,128,[84 -64 4 0 0 0 0 0 0 0 0 0 -13 2 -13 2 -13 1 -13 1 -12 0 -13 0 -13 0 -13 0 -12 0 -14 -1 -13 -1 -13 -1 -13 -1 -13 -1 -13 -1 -12 -1 -12 -1 -12 -2 -13 -2 -12 -2 -12 -2 -12 -2 -12 -1 -13 -1 -12 -2 -12 -1 0 0 -12 -1 -12 -1 -12 -1 -12 0 -13 0 -12 0 -12 0 -12 1 -12 0 -12 0 -13 0 -13 0 -12 0 -13 1 -12 1 -13 1 -13 1 -14 1 -13 2 -13 2 -14 2 -14 2 -13 2 -14 1 -14 2 -14 2 0 0 0 0 0 0 0 0 0 0]"
"1769326783492512,CSI_DATA,STATION,00:00:00:00:00:00,0,0,0,0,0,0,0,0,0,0,0,0,0,0,0,0,0,0,0,0,0,128,[84 -64 4 0 0 0 0 0 0 0 0 0 11 1 11 2 11 2 12 3 12 3 11 3 11 3 11 4 11 4 11 4 11 5 10 5 11 5 10 5 10 5 10 5 10 5 10 4 10 5 10 5 10 5 10 5 9 5 10 5 10 5 10 4 0 0 10 4 9 4 11 3 10 3 11 4 10 3 10 3 11 4 10 3 10 3 10 3 11 3 11 3 11 3 11 2 11 2 12 1 12 2 12 2 12 1 12 2 12 2 12 2 12 2 12 1 12 1 0 0 0 0 0 0 0 0 0 0]"
"1769326783499042,CSI_DATA,STATION,00:00:00:00:00:00,0,0,0,0,0,0,0,0,0,0,0,0,0,0,0,0,0,0,0,0,0,128,[84 -64 4 0 0 0 0 0 0 0 0 0 1 12 1 12 1 12 0 12 0 12 -1 12 -1 12 -1 12 -2 12 -1 11 -2 12 -2 12 -2 11 -2 11 -3 11 -3 11 -3 11 -3 11 -3 11 -3 10 -3 10 -3 11 -3 11 -2 11 -2 10 -2 11 0 0 -2 10 -2 10 -2 11 -2 11 -2 11 -1 10 -1 11 -1 11 -2 11 -1 11 -1 12 -1 11 -1 12 -1 12 -1 12 0 12 0 12 0 12 0 12 0 12 0 12 0 12 1 13 0 13 0 12 0 13 0 0 0 0 0 0 0 0 0 0]"
"1769326783503369,CSI_DATA,STATION,00:00:00:00:00:00,0,0,0,0,0,0,0,0,0,0,0,0,0,0,0,0,0,0,0,0,0,128,[84 -64 4 0 0 0 0 0 0 0 0 0 6 10 6 10 5 10 5 11 5 10 5 11 4 11 3 12 4 11 3 12 3 11 3 11 3 11 3 11 3 11 2 11 2 11 2 11 3 11 2 12 2 11 2 11 2 11 3 10 3 10 3 11 0 0 3 10 3 11 3 10 3 11 4 10 3 11 4 11 4 10 4 10 4 10 4 10 5 11 5 11 5 11 5 11 5 11 6 10 5 11 5 11 5 11 6 11 6 11 6 11 7 11 6 11 6 11 0 0 0 0 0 0 0 0 0 0]"
"1769326783507666,CSI_DATA,STATION,00:00:00:00:00:00,0,0,0,0,0,0,0,0,0,0,0,0,0,0,0,0,0,0,0,0,0,128,[84 -64 4 0 0 0 0 0 0 0 0 0 -3 -13 -3 -13 -3 -13 -2 -13 -1 -13 -1 -13 -1 -13 -1 -13 0 -13 0 -13 0 -13 0 -13 0 -13 1 -12 0 -12 0 -12 1 -12 1 -12 0 -13 0 -12 0 -12 0 -12 0 -12 0 -12 -1 -12 0 -12 0 0 -1 -12 -1 -12 -1 -11 -1 -12 -1 -12 -2 -12 -2 -12 -2 -12 -2 -12 -2 -12 -3 -12 -3 -12 -3 -12 -3 -13 -3 -13 -3 -13 -4 -14 -4 -13 -3 -13 -3 -13 -4 -13 -5 -13 -4 -13 -5 -13 -5 -13 -5 -13 0 0 0 0 0 0 0 0 0 0]"
"1769326783514175,CSI_DATA,STATION,00:00:00:00:00:00,0,0,0,0,0,0,0,0,0,0,0,0,0,0,0,0,0,0,0,0,0,128,[84 -64 4 0 0 0 0 0 0 0 0 0 -14 11 -15 12 -15 11 -15 10 -16 9 -15 9 -16 9 -16 8 -16 8 -17 8 -17 8 -16 8 -17 7 -17 7 -16 6 -16 7 -16 7 -16 7 -16 6 -16 6 -16 6 -16 6 -15 7 -16 6 -15 6 -16 7 0 0 -16 7 -15 7 -15 7 -15 8 -15 7 -15 7 -15 8 -15 8 -14 9 -15 9 -15 10 -15 9 -14 9 -14 9 -15 10 -15 10 -15 11 -14 11 -14 11 -14 11 -14 12 -14 11 -15 12 -15 12 -14 13 -15 13 0 0 0 0 0 0 0 0 0 0]"
"1769326783518479,CSI_DATA,STATION,00:00:00:00:00:00,0,0,0,0,0,0,0,0,0,0,0,0,0,0,0,0,0,0,0,0,0,128,[84 -64 4 0 0 0 0 0 0 0 0 0 -10 -9 -10 -9 -10 -9 -9 -10 -10 -9 -9 -9 -8 -10 -8 -11 -8 -11 -8 -11 -8 -11 -7 -11 -8 -11 -7 -11 -7 -11 -7 -11 -7 -11 -7 -10 -7 -10 -7 -10 -7 -11 -7 -10 -7 -10 -7 -10 -7 -10 -7 -10 0 0 -7 -10 -8 -9 -8 -10 -8 -10 -8 -9 -8 -9 -8 -9 -8 -10 -8 -10 -9 -10 -9 -9 -9 -9 -9 -9 -9 -10 -9 -9 -9 -9 -10 -9 -10 -10 -9 -9 -10 -10 -10 -9 -10 -9 -10 -10 -10 -9 -11 -10 -11 -9 0 0 0 0 0 0 0 0 0 0]"
"1769326783524919,CSI_DATA,STATION,00:00:00:00:00:00,0,0,0,0,0,0,0,0,0,0,0,0,0,0,0,0,0,0,0,0,0,128,[84 -64 4 0 0 0 0 0 0 0 0 0 11 -5 12 -4 12 -4 12 -3 12 -3 12 -3 12 -3 12 -2 11 -2 12 -1 11 -2 12 -2 12 -1 12 -1 11 -1 11 -1 12 -1 11 -1 12 -1 11 -1 11 -1 11 0 11 -1 11 0 11 -1 11 -1 0 0 11 -1 10 -2 11 -2 10 -2 12 -2 11 -2 11 -2 11 -3 11 -3 11 -3 11 -3 11 -3 12 -3 12 -3 11 -4 11 -4 11 -4 12 -4 12 -4 12 -4 12 -5 12 -3 12 -4 12 -5 12 -5 12 -5 0 0 0 0 0 0 0 0 0 0]"
"1769326783535648,CSI_DATA,STATION,00:00:00:00:00:00,0,0,0,0,0,0,0,0,0,0,0,0,0,0,0,0,0,0,0,0,0,128,[84 -64 4 0 0 0 0 0 0 0 0 0 -5 17 -5 17 -6 16 -6 17 -7 16 -7 16 -7 16 -7 16 -8 15 -8 15 -9 15 -9 15 -9 15 -9 14 -9 14 -9 14 -9 13 -9 13 -9 13 -9 14 -9 13 -9 13 -9 13 -9 13 -9 13 -9 13 0 0 -8 13 -8 13 -8 14 -8 14 -8 14 -8 14 -7 14 -7 14 -7 14 -7 14 -7 15 -7 15 -7 15 -6 16 -7 16 -6 16 -6 16 -6 16 -5 17 -6 16 -6 17 -6 17 -6 17 -6 17 -6 18 -5 17 0 0 0 0 0 0 0 0 0 0]"
"1769326783539993,CSI_DATA,STATION,00:00:00:00:00:00,0,0,0,0,0,0,0,0,0,0,0,0,0,0,0,0,0,0,0,0,0,128,[84 -64 4 0 0 0 0 0 0 0 0 0 0 17 0 18 -1 17 -2 18 -2 17 -2 17 -3 17 -3 17 -4 17 -3 17 -4 17 -4 16 -4 16 -4 16 -5 16 -5 16 -5 15 -5 15 -5 16 -5 15 -5 15 -5 15 -5 15 -4 15 -4 15 -4 15 0 0 -4 15 -4 15 -3 15 -3 15 -3 16 -3 16 -3 16 -2 16 -2 16 -2 15 -1 16 -1 16 -1 16 -1 17 -1 17 -1 17 0 16 0 17 0 17 0 17 0 18 0 17 1 18 1 18 1 18 1 18 0 0 0 0 0 0 0 0 0 0]"
"1769326783546433,CSI_DATA,STATION,00:00:00:00:00:00,0,0,0,0,0,0,0,0,0,0,0,0,0,0,0,0,0,0,0,0,0,128,[84 -64 4 0 0 0 0 0 0 0 0 0 -5 11 -5 11 -5 11 -6 10 -6 11 -7 11 -6 10 -6 10 -7 10 -8 10 -7 10 -7 9 -8 9 -8 9 -8 8 -8 9 -8 9 -8 9 -8 8 -7 8 -8 8 -7 8 -7 8 -7 9 -7 8 -7 9 0 0 -7 9 -7 9 -7 9 -7 9 -7 9 -6 9 -7 9 -7 10 -6 10 -7 10 -6 10 -6 10 -6 10 -6 10 -6 10 -6 10 -6 11 -6 11 -6 11 -6 11 -6 11 -6 11 -7 11 -6 12 -6 11 -6 11 0 0 0 0 0 0 0 0 0 0]"
"1769326783553019,CSI_DATA,STATION,00:00:00:00:00:00,0,0,0,0,0,0,0,0,0,0,0,0,0,0,0,0,0,0,0,0,0,128,[84 -64 4 0 0 0 0 0 0 0 0 0 -10 -15 -9 -15 -9 -16 -9 -17 -8 -17 -7 -17 -7 -17 -6 -17 -6 -17 -6 -17 -6 -18 -5 -17 -5 -17 -5 -17 -4 -17 -4 -17 -4 -16 -4 -16 -4 -17 -4 -17 -4 -16 -4 -16 -4 -16 -4 -16 -4 -16 -4 -16 0 0 -4 -16 -5 -16 -5 -16 -5 -16 -6 -16 -6 -16 -6 -16 -6 -16 -6 -16 -7 -15 -7 -16 -7 -16 -7 -16 -7 -16 -7 -16 -8 -16 -8 -17 -9 -16 -9 -16 -8 -16 -8 -16 -9 -16 -9 -17 -10 -17 -9 -16 -9 -17 0 0 0 0 0 0 0 0 0 0]"
"1769326783557297,CSI_DATA,STATION,00:00:00:00:00:00,0,0,0,0,0,0,0,0,0,0,0,0,0,0,0,0,0,0,0,0,0,128,[84 -64 4 0 0 0 0 0 0 0 0 0 9 -7 10 -7 10 -6 11 -6 10 -5 11 -6 11 -6 11 -5 11 -4 11 -4 11 -5 11 -4 11 -4 11 -4 11 -4 11 -4 11 -3 10 -4 11 -3 11 -3 11 -3 10 -3 10 -4 11 -4 10 -4 11 -4 0 0 10 -4 10 -4 10 -4 10 -5 10 -5 11 -4 10 -4 10 -5 10 -5 10 -5 10 -6 10 -6 10 -6 10 -6 10 -6 10 -6 10 -6 11 -7 11 -7 11 -7 11 -7 11 -7 11 -7 10 -7 10 -8 10 -8 0 0 0 0 0 0 0 0 0 0]"
"1769326783563658,CSI_DATA,STATION,00:00:00:00:00:00,0,0,0,0,0,0,0,0,0,0,0,0,0,0,0,0,0,0,0,0,0,128,[84 -64 4 0 0 0 0 0 0 0 0 0 10 2 10 3 10 4 10 4 10 4 10 5 9 5 9 5 9 5 9 5 9 5 8 5 9 6 9 5 9 6 8 5 8 6 8 6 8 6 8 6 8 5 8 6 8 5 8 5 8 5 8 5 0 0 8 6 8 5 9 5 8 5 8 5 9 5 9 5 9 5 9 4 9 5 9 4 10 5 9 5 9 4 9 5 10 5 10 4 10 4 11 5 10 4 10 4 10 4 11 5 11 4 11 4 11 4 0 0 0 0 0 0 0 0 0 0]"
"1769326783567907,CSI_DATA,STATION,00:00:00:00:00:00,0,0,0,0,0,0,0,0,0,0,0,0,0,0,0,0,0,0,0,0,0,128,[84 -64 4 0 0 0 0 0 0 0 0 0 -5 -12 -4 -12 -4 -12 -4 -12 -4 -12 -3 -13 -3 -13 -3 -13 -2 -12 -2 -12 -1 -12 -2 -12 -2 -12 -1 -12 -1 -12 -1 -12 0 -12 -1 -12 -1 -12 -1 -12 -1 -12 -1 -11 -1 -12 -1 -12 -2 -11 -2 -12 0 0 -2 -12 -2 -11 -2 -12 -1 -11 -2 -12 -2 -12 -2 -11 -2 -12 -2 -12 -2 -12 -3 -12 -3 -11 -3 -13 -3 -12 -3 -12 -3 -12 -3 -12 -4 -13 -3 -13 -4 -13 -3 -12 -4 -13 -4 -12 -5 -13 -4 -13 -4 -13 0 0 0 0 0 0 0 0 0 0]"
"1769326783574356,CSI_DATA,STATION,00:00:00:00:00:00,0,0,0,0,0,0,0,0,0,0,0,0,0,0,0,0,0,0,0,0,0,128,[84 -64 4 0 0 0 0 0 0 0 0 0 -2 -13 -2 -13 -1 -13 -1 -13 -1 -13 0 -13 0 -13 1 -13 1 -13 1 -13 1 -13 1 -12 2 -13 1 -12 2 -12 2 -12 2 -12 2 -12 2 -12 1 -12 2 -11 2 -12 2 -12 2 -11 1 -11 2 -12 0 0 2 -12 1 -12 1 -11 1 -12 1 -12 1 -12 0 -12 0 -12 1 -12 1 -12 0 -12 0 -12 0 -12 0 -12 0 -13 0 -13 0 -13 0 -13 0 -13 -1 -13 -1 -14 -1 -13 -1 -14 -1 -14 -1 -14 -1 -13 0 0 0 0 0 0 0 0 0 0]"
"1769326783578659,CSI_DATA,STATION,00:00:00:00:00:00,0,0,0,0,0,0,0,0,0,0,0,0,0,0,0,0,0,0,0,0,0,128,[84 -64 4 0 0 0 0 0 0 0 0 0 7 18 6 18 6 18 5 19 4 19 4 19 4 19 3 19 2 19 3 19 2 20 1 19 2 18 1 19 1 18 0 19 1 18 0 17 1 18 0 18 0 18 0 17 0 17 1 17 0 18 1 18 0 0 1 17 1 17 2 17 1 18 2 18 2 18 1 18 3 17 2 17 3 17 3 18 4 17 4 18 4 18 3 18 4 19 5 18 5 18 5 19 5 18 5 19 5 19 6 19 7 19 6 19 6 19 0 0 0 0 0 0 0 0 0 0]"
"1769326783585160,CSI_DATA,STATION,00:00:00:00:00:00,0,0,0,0,0,0,0,0,0,0,0,0,0,0,0,0,0,0,0,0,0,128,[84 -64 4 0 0 0 0 0 0 0 0 0 4 11 4 12 3 12 3 11 2 12 2 11 1 12 1 12 1 11 1 12 0 11 1 12 1 11 1 11 1 11 0 11 0 11 -1 11 1 11 0 11 0 10 1 11 1 11 1 11 1 11 1 11 0 0 1 10 2 11 2 11 1 11 2 11 2 11 2 11 2 11 1 11 3 11 3 10 3 11 3 11 4 11 3 11 4 11 4 11 4 11 4 12 4 11 5 12 4 11 5 12 5 11 5 11 4 12 0 0 0 0 0 0 0 0 0 0]"
"1769326783589495,CSI_DATA,STATION,00:00:00:00:00:00,0,0,0,0,0,0,0,0,0,0,0,0,0,0,0,0,0,0,0,0,0,128,[84 -64 4 0 0 0 0 0 0 0 0 0 9 -5 10 -5 10 -3 11 -4 11 -3 10 -3 10 -2 10 -3 10 -2 10 -2 10 -2 10 -2 10 -1 10 -2 11 -1 10 -1 11 -1 10 -2 10 -1 11 -1 10 -1 10 -1 10 -1 10 -2 10 -2 10 -2 0 0 10 -2 10 -2 10 -2 9 -3 10 -2 10 -3 10 -2 10 -3 10 -3 10 -3 10 -3 10 -3 11 -3 11 -4 10 -3 11 -4 10 -4 11 -4 11 -4 11 -4 11 -5 11 -4 11 -4 11 -4 11 -5 11 -5 0 0 0 0 0 0 0 0 0 0]"
"1769326783593825,CSI_DATA,STATION,00:00:00:00:00:00,0,0,0,0,0,0,0,0,0,0,0,0,0,0,0,0,0,0,0,0,0,128,[84 -64 4 0 0 0 0 0 0 0 0 0 4 -12 4 -12 5 -12 5 -12 6 -11 6 -11 5 -11 6 -11 6 -11 6 -10 6 -10 6 -11 7 -10 7 -10 7 -9 6 -10 7 -10 6 -10 7 -10 7 -9 7 -9 7 -9 7 -9 6 -9 6 -9 7 -10 0 0 6 -10 6 -9 6 -10 6 -10 6 -10 6 -10 6 -10 6 -11 6 -10 6 -11 5 -11 5 -11 5 -11 6 -11 5 -12 6 -11 5 -12 6 -12 5 -11 5 -12 5 -12 5 -12 5 -12 5 -12 5 -12 5 -13 0 0 0 0 0 0 0 0 0 0]"
"1769326783600332,CSI_DATA,STATION,00:00:00:00:00:00,0,0,0,0,0,0,0,0,0,0,0,0,0,0,0,0,0,0,0,0,0,128,[84 -64 4 0 0 0 0 0 0 0 0 0 9 6 10 6 10 6 10 8 9 7 9 8 8 8 8 8 8 8 8 9 8 8 8 8 7 8 7 8 7 9 7 8 7 8 6 8 7 9 7 9 7 8 7 8 7 8 7 8 7 8 7 8 0 0 7 8 7 8 7 8 7 8 8 7 8 8 8 8 8 7 8 7 8 7 8 7 9 7 9 7 9 7 9 8 9 7 9 6 9 7 9 7 9 6 10 7 9 7 10 7 10 7 11 7 10 7 0 0 0 0 0 0 0 0 0 0]"
"1769326783604636,CSI_DATA,STATION,00:00:00:00:00:00,0,0,0,0,0,0,0,0,0,0,0,0,0,0,0,0,0,0,0,0,0,128,[84 -64 4 0 0 0 0 0 0 0 0 0 -9 7 -11 7 -11 6 -11 7 -11 5 -11 7 -11 6 -11 5 -12 5 -12 5 -12 5 -11 5 -12 4 -12 4 -12 4 -12 4 -12 4 -11 4 -11 5 -11 4 -11 4 -11 4 -10 5 -11 5 -11 4 -11 5 0 0 -10 5 -10 5 -11 5 -10 5 -10 5 -10 6 -10 6 -10 6 -10 6 -10 7 -10 7 -10 7 -10 7 -10 7 -10 7 -10 8 -10 7 -10 8 -10 9 -10 8 -10 8 -10 9 -10 8 -10 9 -10 9 -10 9 0 0 0 0 0 0 0 0 0 0]"
"1769326783608997,CSI_DATA,STATION,00:00:00:00:00:00,0,0,0,0,0,0,0,0,0,0,0,0,0,0,0,0,0,0,0,0,0,128,[84 -64 4 0 0 0 0 0 0 0 0 0 8 -10 8 -10 8 -9 9 -9 9 -9 8 -8 9 -8 9 -8 10 -8 10 -7 9 -8 10 -8 10 -7 10 -7 10 -6 10 -7 9 -7 10 -7 9 -7 10 -7 9 -6 9 -7 9 -7 9 -7 9 -6 9 -7 0 0 8 -8 9 -7 8 -7 9 -8 8 -8 8 -7 9 -7 8 -8 8 -8 8 -9 8 -9 8 -9 8 -9 8 -9 8 -10 8 -10 8 -10 8 -10 8 -11 8 -10 8 -10 8 -10 8 -10 8 -11 8 -11 7 -11 0 0 0 0 0 0 0 0 0 0]"
"1769326783615476,CSI_DATA,STATION,00:00:00:00:00:00,0,0,0,0,0,0,0,0,0,0,0,0,0,0,0,0,0,0,0,0,0,128,[84 -64 4 0 0 0 0 0 0 0 0 0 -7 -12 -6 -12 -6 -12 -6 -12 -5 -12 -5 -12 -5 -12 -5 -13 -5 -13 -4 -13 -3 -12 -3 -12 -3 -13 -3 -12 -3 -12 -3 -12 -2 -13 -2 -12 -3 -13 -2 -12 -3 -12 -3 -12 -3 -12 -3 -12 -3 -11 -3 -12 0 0 -3 -11 -3 -11 -3 -11 -3 -12 -4 -12 -4 -12 -4 -12 -4 -12 -4 -12 -4 -12 -4 -12 -4 -12 -5 -12 -5 -12 -5 -13 -5 -12 -5 -12 -5 -13 -6 -12 -5 -12 -6 -13 -6 -12 -6 -13 -6 -12 -6 -13 -6 -12 0 0 0 0 0 0 0 0 0 0]"
"1769326783619803,CSI_DATA,STATION,00:00:00:00:00:00,0,0,0,0,0,0,0,0,0,0,0,0,0,0,0,0,0,0,0,0,0,128,[84 -64 4 0 0 0 0 0 0 0 0 0 -8 -18 -8 -19 -8 -20 -7 -20 -6 -20 -6 -19 -5 -20 -4 -20 -4 -20 -4 -20 -4 -20 -4 -20 -4 -20 -4 -19 -3 -19 -3 -19 -3 -19 -3 -18 -3 -19 -3 -19 -3 -19 -3 -19 -3 -18 -4 -19 -3 -18 -3 -18 0 0 -4 -18 -4 -18 -5 -18 -5 -18 -5 -18 -5 -19 -5 -18 -6 -19 -6 -18 -7 -18 -7 -18 -7 -18 -7 -18 -8 -18 -8 -18 -9 -19 -9 -19 -9 -18 -8 -18 -9 -18 -9 -19 -10 -18 -10 -19 -11 -19 -10 -19 -11 -19 0 0 0 0 0 0 0 0 0 0]"
"1769326783626305,CSI_DATA,STATION,00:00:00:00:00:00,0,0,0,0,0,0,0,0,0,0,0,0,0,0,0,0,0,0,0,0,0,128,[84 -64 4 0 0 0 0 0 0 0 0 0 -1 -13 -1 -13 -1 -13 0 -13 0 -13 1 -13 1 -13 1 -13 2 -12 2 -12 2 -12 3 -12 3 -12 2 -12 2 -12 3 -12 2 -12 2 -12 3 -12 2 -12 3 -12 3 -12 2 -11 3 -11 2 -11 2 -12 0 0 2 -11 2 -11 1 -11 1 -12 2 -12 1 -12 1 -12 1 -12 1 -12 1 -12 1 -12 0 -12 0 -13 0 -13 -1 -12 0 -13 0 -13 0 -13 -1 -13 0 -13 -1 -13 -1 -13 -1 -14 -1 -13 -1 -14 -1 -13 0 0 0 0 0 0 0 0 0 0]"
"1769326783630602,CSI_DATA,STATION,00:00:00:00:00:00,0,0,0,0,0,0,0,0,0,0,0,0,0,0,0,0,0,0,0,0,0,128,[84 -64 4 0 0 0 0 0 0 0 0 0 12 11 13 12 12 12 12 13 11 13 11 13 11 13 10 14 10 14 9 15 9 14 9 15 9 15 9 15 8 15 8 14 8 14 8 14 8 15 8 14 8 14 8 14 7 13 8 14 8 14 8 13 0 0 8 14 8 13 8 13 8 13 9 13 9 13 9 13 9 13 9 12 10 12 10 12 10 13 11 13 11 13 11 13 11 13 12 13 12 12 12 12 12 12 12 12 12 13 13 13 13 13 13 12 13 12 0 0 0 0 0 0 0 0 0 0]"
"1769326783634942,CSI_DATA,STATION,00:00:00:00:00:00,0,0,0,0,0,0,0,0,0,0,0,0,0,0,0,0,0,0,0,0,0,128,[84 -64 4 0 0 0 0 0 0 0 0 0 15 -8 16 -8 16 -7 17 -6 16 -5 17 -5 17 -5 17 -4 17 -4 17 -3 17 -4 17 -3 16 -3 17 -3 17 -2 16 -2 16 -3 15 -2 16 -2 16 -1 16 -1 16 -1 15 -2 15 -2 16 -2 16 -3 0 0 16 -3 15 -2 16 -3 15 -4 16 -3 16 -3 16 -3 15 -4 15 -4 15 -5 15 -5 15 -5 16 -5 16 -5 15 -6 16 -6 16 -6 16 -7 16 -7 16 -7 16 -7 16 -7 17 -7 17 -8 16 -8 17 -8 0 0 0 0 0 0 0 0 0 0]"
"1769326783641412,CSI_DATA,STATION,00:00:00:00:00:00,0,0,0,0,0,0,0,0,0,0,0,0,0,0,0,0,0,0,0,0,0,128,[84 -64 4 0 0 0 0 0 0 0 0 0 -18 -2 -18 -3 -19 -3 -19 -4 -19 -4 -18 -5 -17 -5 -18 -5 -17 -6 -18 -7 -17 -6 -17 -7 -17 -7 -17 -7 -16 -8 -16 -7 -16 -7 -16 -7 -17 -7 -16 -8 -15 -8 -16 -8 -15 -7 -16 -7 -16 -7 -15 -6 0 0 -16 -6 -16 -6 -16 -6 -16 -5 -16 -6 -16 -6 -16 -6 -16 -5 -16 -5 -16 -5 -17 -4 -17 -4 -17 -5 -18 -5 -18 -4 -18 -4 -18 -4 -18 -3 -18 -3 -18 -3 -19 -3 -19 -4 -19 -4 -19 -3 -19 -3 -19 -2 0 0 0 0 0 0 0 0 0 0]"
"1769326783645715,CSI_DATA,STATION,00:00:00:00:00:00,0,0,0,0,0,0,0,0,0,0,0,0,0,0,0,0,0,0,0,0,0,128,[84 -64 4 0 0 0 0 0 0 0 0 0 6 9 6 10 5 11 5 11 4 10 5 11 4 11 3 11 3 11 3 11 3 11 3 11 3 11 3 11 2 12 3 11 2 11 2 11 3 11 2 11 2 11 2 10 2 11 2 10 3 10 3 10 0 0 3 10 4 10 3 10 3 10 3 10 4 11 4 10 4 10 4 10 4 10 4 10 5 10 5 10 5 10 5 10 5 10 5 10 6 11 5 11 6 10 6 11 6 10 6 10 6 10 6 11 7 10 0 0 0 0 0 0 0 0 0 0]"
"1769326783652367,CSI_DATA,STATION,00:00:00:00:00:00,0,0,0,0,0,0,0,0,0,0,0,0,0,0,0,0,0,0,0,0,0,128,[84 -64 4 0 0 0 0 0 0 0 0 0 2 19 1 19 1 19 0 20 0 20 -1 20 -2 20 -2 19 -3 19 -2 19 -3 19 -4 19 -3 19 -4 18 -4 18 -5 18 -4 18 -4 17 -4 18 -5 18 -5 17 -4 17 -4 17 -4 17 -4 17 -4 17 0 0 -3 17 -3 17 -2 18 -2 17 -3 18 -3 18 -2 18 -2 18 -2 18 -1 18 -1 18 -1 18 -1 18 0 19 -1 19 0 20 1 19 1 19 1 19 1 19 1 20 1 19 1 20 2 20 1 20 2 20 0 0 0 0 0 0 0 0 0 0]"
"1769326783656740,CSI_DATA,STATION,00:00:00:00:00:00,0,0,0,0,0,0,0,0,0,0,0,0,0,0,0,0,0,0,0,0,0,128,[84 -64 4 0 0 0 0 0 0 0 0 0 8 -9 8 -9 9 -8 9 -8 10 -8 9 -8 10 -8 10 -7 10 -7 10 -7 10 -7 11 -7 11 -6 10 -6 11 -6 10 -6 10 -6 10 -7 9 -6 10 -6 10 -5 10 -6 10 -7 9 -6 9 -6 9 -7 0 0 9 -7 9 -6 9 -6 9 -7 8 -7 9 -7 9 -7 8 -8 9 -8 9 -9 8 -8 8 -8 8 -8 9 -8 8 -9 8 -9 8 -10 8 -10 8 -10 9 -10 9 -10 8 -10 8 -10 9 -10 8 -11 8 -11 0 0 0 0 0 0 0 0 0 0]"
"1769326783661149,CSI_DATA,STATION,00:00:00:00:00:00,0,0,0,0,0,0,0,0,0,0,0,0,0,0,0,0,0,0,0,0,0,128,[84 -64 4 0 0 0 0 0 0 0 0 0 -7 16 -8 16 -9 15 -9 15 -10 15 -10 15 -11 14 -10 14 -11 13 -11 14 -11 14 -11 13 -12 13 -11 13 -12 12 -12 13 -11 12 -12 12 -11 12 -12 12 -12 11 -11 11 -11 11 -11 12 -11 12 -11 12 0 0 -11 12 -10 12 -10 13 -10 13 -10 12 -10 13 -10 13 -9 13 -10 13 -9 14 -9 14 -9 14 -9 14 -9 15 -9 15 -8 15 -8 15 -8 15 -8 16 -8 15 -8 16 -8 16 -8 16 -7 16 -8 17 -7 17 0 0 0 0 0 0 0 0 0 0]"
"1769326783667659,CSI_DATA,STATION,00:00:00:00:00:00,0,0,0,0,0,0,0,0,0,0,0,0,0,0,0,0,0,0,0,0,0,128,[84 -64 4 0 0 0 0 0 0 0 0 0 12 -3 12 -2 12 -2 12 -2 13 -1 12 -1 12 0 12 -1 12 0 13 1 12 1 12 0 12 2 11 1 12 1 11 1 11 1 12 1 11 1 11 1 11 2 11 1 11 1 11 1 11 1 11 0 0 0 11 0 11 1 11 0 11 -1 11 0 11 -1 12 -1 11 -1 11 0 11 -1 11 -1 11 -1 12 -1 12 -1 12 -2 12 -2 12 -2 12 -2 12 -2 12 -2 12 -2 12 -2 13 -2 13 -2 13 -3 13 -3 0 0 0 0 0 0 0 0 0 0]"
"1769326783671999,CSI_DATA,STATION,00:00:00:00:00:00,0,0,0,0,0,0,0,0,0,0,0,0,0,0,0,0,0,0,0,0,0,128,[84 -64 4 0 0 0 0 0 0 0 0 0 -11 -15 -11 -16 -11 -16 -10 -16 -10 -17 -9 -17 -8 -17 -8 -17 -7 -17 -7 -17 -7 -18 -7 -17 -7 -17 -7 -17 -6 -17 -6 -17 -6 -17 -6 -16 -6 -17 -6 -16 -6 -16 -5 -17 -6 -16 -6 -16 -6 -16 -6 -16 0 0 -6 -16 -6 -16 -7 -16 -7 -16 -7 -16 -7 -16 -7 -16 -8 -16 -8 -15 -8 -15 -9 -15 -9 -16 -9 -16 -9 -15 -9 -16 -10 -16 -11 -17 -10 -16 -10 -16 -10 -16 -10 -16 -11 -16 -11 -17 -12 -16 -11 -16 -11 -16 0 0 0 0 0 0 0 0 0 0]"
"1769326783691411,CSI_DATA,STATION,00:00:00:00:00:00,0,0,0,0,0,0,0,0,0,0,0,0,0,0,0,0,0,0,0,0,0,128,[84 -64 4 0 0 0 0 0 0 0 0 0 -11 -13 -11 -15 -11 -15 -10 -15 -9 -16 -10 -15 -9 -15 -8 -16 -8 -15 -8 -17 -7 -16 -7 -16 -7 -17 -7 -16 -7 -16 -7 -15 -6 -16 -7 -15 -7 -16 -7 -15 -7 -15 -7 -15 -6 -15 -7 -16 -7 -16 -7 -15 0 0 -8 -15 -8 -14 -8 -14 -8 -14 -9 -14 -9 -15 -9 -14 -9 -14 -9 -14 -10 -13 -10 -14 -11 -14 -10 -14 -10 -14 -10 -14 -11 -14 -12 -15 -11 -14 -12 -13 -12 -13 -12 -14 -13 -14 -12 -14 -13 -14 -13 -14 -13 -14 0 0 0 0 0 0 0 0 0 0]"
"1769326783695874,CSI_DATA,STATION,00:00:00:00:00:00,0,0,0,0,0,0,0,0,0,0,0,0,0,0,0,0,0,0,0,0,0,128,[84 -64 4 0 0 0 0 0 0 0 0 0 2 -12 2 -13 3 -12 3 -13 4 -12 4 -12 4 -12 4 -12 4 -11 6 -12 4 -12 5 -11 5 -11 6 -11 6 -11 5 -10 5 -11 5 -11 5 -10 6 -10 6 -10 5 -10 5 -11 5 -11 5 -10 5 -11 0 0 5 -11 4 -10 4 -10 4 -10 4 -11 4 -11 4 -11 3 -11 3 -12 3 -11 3 -11 4 -11 3 -12 4 -12 3 -12 3 -12 2 -13 2 -13 3 -12 2 -13 3 -13 2 -12 3 -13 3 -13 3 -14 2 -13 0 0 0 0 0 0 0 0 0 0]"
"1769326783702509,CSI_DATA,STATION,00:00:00:00:00:00,0,0,0,0,0,0,0,0,0,0,0,0,0,0,0,0,0,0,0,0,0,128,[84 -64 4 0 0 0 0 0 0 0 0 0 -9 -9 -9 -9 -9 -10 -9 -10 -9 -10 -8 -11 -8 -10 -7 -10 -7 -11 -7 -11 -7 -11 -7 -11 -6 -11 -7 -11 -7 -11 -6 -11 -6 -10 -6 -10 -6 -11 -6 -11 -6 -10 -6 -10 -6 -10 -6 -10 -6 -10 -7 -10 0 0 -7 -10 -7 -10 -7 -10 -7 -10 -8 -10 -7 -10 -8 -9 -8 -9 -8 -9 -8 -9 -8 -10 -8 -10 -8 -9 -9 -9 -9 -9 -9 -9 -9 -9 -10 -9 -9 -9 -10 -9 -10 -9 -10 -9 -10 -9 -10 -10 -11 -9 -10 -9 0 0 0 0 0 0 0 0 0 0]"
"1769326783707012,CSI_DATA,STATION,00:00:00:00:00:00,0,0,0,0,0,0,0,0,0,0,0,0,0,0,0,0,0,0,0,0,0,128,[84 -64 4 0 0 0 0 0 0 0 0 0 11 -6 11 -5 11 -5 12 -5 12 -4 11 -4 12 -3 12 -3 12 -3 12 -2 11 -3 12 -2 12 -1 11 -2 12 -2 11 -2 11 -1 11 -1 12 -2 11 -2 11 -1 11 -2 11 -2 11 -2 11 -2 11 -2 0 0 11 -2 10 -2 10 -3 11 -4 11 -3 11 -3 11 -3 11 -3 10 -4 11 -4 11 -4 11 -3 11 -4 12 -4 11 -5 11 -5 11 -5 11 -6 11 -5 11 -6 12 -6 11 -5 12 -6 12 -6 12 -6 12 -6 0 0 0 0 0 0 0 0 0 0]"
"1769326783711479,CSI_DATA,STATION,00:00:00:00:00:00,0,0,0,0,0,0,0,0,0,0,0,0,0,0,0,0,0,0,0,0,0,128,[84 -64 4 0 0 0 0 0 0 0 0 0 -5 11 -5 11 -5 11 -7 11 -6 11 -7 11 -7 11 -7 10 -7 10 -8 9 -8 11 -8 9 -8 9 -8 10 -8 8 -8 9 -8 9 -7 9 -8 8 -8 9 -8 9 -8 9 -8 9 -7 9 -7 8 -7 9 0 0 -8 9 -6 9 -7 10 -6 9 -6 9 -7 9 -7 10 -6 9 -6 10 -6 10 -6 11 -6 10 -6 10 -6 11 -6 11 -6 11 -6 11 -6 11 -5 12 -6 12 -6 12 -5 11 -5 12 -5 12 -6 12 -6 12 0 0 0 0 0 0 0 0 0 0]"
"1769326783718200,CSI_DATA,STATION,00:00:00:00:00:00,0,0,0,0,0,0,0,0,0,0,0,0,0,0,0,0,0,0,0,0,0,128,[84 -64 4 0 0 0 0 0 0 0 0 0 -12 -14 -12 -14 -12 -15 -12 -16 -11 -16 -10 -16 -10 -16 -10 -16 -10 -16 -9 -16 -9 -16 -9 -16 -9 -17 -8 -17 -8 -17 -8 -16 -8 -16 -7 -16 -8 -16 -8 -15 -8 -16 -8 -16 -7 -15 -8 -16 -8 -15 -8 -15 0 0 -8 -15 -8 -15 -9 -15 -8 -15 -9 -15 -9 -15 -10 -14 -10 -15 -10 -14 -10 -14 -10 -14 -11 -14 -11 -14 -11 -14 -11 -14 -12 -14 -12 -15 -12 -14 -12 -14 -12 -14 -13 -14 -13 -14 -13 -14 -13 -15 -13 -14 -14 -14 0 0 0 0 0 0 0 0 0 0]"
"1769326783722673,CSI_DATA,STATION,00:00:00:00:00:00,0,0,0,0,0,0,0,0,0,0,0,0,0,0,0,0,0,0,0,0,0,128,[84 -64 4 0 0 0 0 0 0 0 0 0 -10 -8 -11 -8 -10 -8 -10 -9 -10 -9 -9 -9 -9 -9 -9 -10 -9 -9 -9 -10 -9 -10 -8 -10 -8 -10 -8 -11 -8 -10 -8 -10 -8 -10 -8 -9 -8 -10 -8 -10 -7 -9 -7 -9 -7 -9 -8 -10 -7 -10 -8 -9 0 0 -8 -9 -8 -9 -8 -9 -8 -9 -9 -9 -9 -9 -9 -9 -9 -9 -9 -8 -9 -9 -10 -8 -9 -8 -9 -8 -10 -8 -10 -8 -10 -8 -11 -8 -10 -9 -11 -8 -10 -8 -11 -8 -11 -8 -11 -8 -12 -9 -11 -8 -12 -8 0 0 0 0 0 0 0 0 0 0]"
"1769326783729366,CSI_DATA,STATION,00:00:00:00:00:00,0,0,0,0,0,0,0,0,0,0,0,0,0,0,0,0,0,0,0,0,0,128,[84 -64 4 0 0 0 0 0 0 0 0 0 -11 -5 -11 -5 -12 -6 -12 -6 -12 -6 -11 -7 -11 -7 -11 -8 -11 -7 -11 -8 -11 -8 -10 -7 -10 -8 -10 -8 -10 -8 -9 -8 -10 -8 -9 -8 -10 -8 -10 -8 -9 -8 -9 -8 -9 -7 -10 -8 -10 -8 -10 -7 0 0 -10 -7 -10 -8 -11 -7 -9 -6 -10 -7 -10 -7 -11 -6 -11 -6 -10 -6 -11 -6 -11 -6 -11 -6 -11 -6 -11 -6 -11 -6 -12 -6 -12 -6 -12 -6 -12 -6 -12 -6 -12 -5 -13 -6 -13 -6 -13 -5 -13 -5 -13 -5 0 0 0 0 0 0 0 0 0 0]"
"1769326783733846,CSI_DATA,STATION,00:00:00:00:00:00,0,0,0,0,0,0,0,0,0,0,0,0,0,0,0,0,0,0,0,0,0,128,[84 -64 4 0 0 0 0 0 0 0 0 0 12 -4 12 -3 12 -3 12 -2 12 -2 12 -2 12 -1 12 0 12 0 12 0 12 -1 11 0 12 0 11 0 11 1 11 0 11 0 11 0 12 1 12 1 11 1 11 0 11 0 11 0 11 0 11 0 0 0 10 0 10 -1 11 0 11 -1 11 -1 11 -1 11 -1 11 -1 11 -2 10 -1 11 -2 11 -2 12 -2 12 -2 12 -3 12 -3 12 -3 12 -3 12 -3 12 -3 13 -3 12 -3 13 -3 12 -3 12 -4 12 -4 0 0 0 0 0 0 0 0 0 0]"
"1769326783738329,CSI_DATA,STATION,00:00:00:00:00:00,0,0,0,0,0,0,0,0,0,0,0,0,0,0,0,0,0,0,0,0,0,128,[84 -64 4 0 0 0 0 0 0 0 0 0 -15 -6 -14 -7 -15 -8 -14 -8 -14 -9 -14 -9 -13 -9 -13 -10 -12 -10 -13 -10 -13 -10 -12 -11 -13 -11 -12 -11 -12 -11 -12 -10 -12 -10 -12 -10 -12 -10 -11 -11 -12 -11 -11 -10 -11 -10 -12 -10 -11 -10 -11 -10 0 0 -11 -9 -12 -9 -12 -9 -12 -9 -13 -9 -12 -9 -12 -9 -12 -9 -12 -8 -13 -8 -14 -8 -14 -8 -13 -8 -14 -8 -14 -7 -14 -8 -15 -8 -15 -7 -15 -7 -15 -7 -15 -7 -16 -7 -15 -8 -16 -8 -16 -7 -15 -7 0 0 0 0 0 0 0 0 0 0]"
"1769326783742799,CSI_DATA,STATION,00:00:00:00:00:00,0,0,0,0,0,0,0,0,0,0,0,0,0,0,0,0,0,0,0,0,0,128,[84 -64 4 0 0 0 0 0 0 0 0 0 10 7 9 7 10 7 9 7 9 8 9 8 9 8 8 9 8 8 8 9 8 9 7 9 7 9 7 9 6 9 7 9 7 8 6 9 7 9 7 9 6 9 7 9 6 9 7 9 6 9 6 9 0 0 6 8 7 8 7 8 7 8 7 8 7 8 7 8 7 8 7 8 7 8 8 8 7 8 8 9 8 8 8 8 8 8 9 8 9 8 9 8 9 8 9 8 9 8 9 9 9 8 9 9 9 8 0 0 0 0 0 0 0 0 0 0]"
"1769326783749481,CSI_DATA,STATION,00:00:00:00:00:00,0,0,0,0,0,0,0,0,0,0,0,0,0,0,0,0,0,0,0,0,0,128,[84 -64 4 0 0 0 0 0 0 0 0 0 10 -7 10 -7 10 -6 10 -6 11 -6 11 -6 12 -5 11 -5 11 -5 12 -4 11 -5 11 -4 12 -3 11 -3 12 -3 11 -4 11 -3 11 -3 11 -3 11 -3 11 -3 11 -3 10 -3 11 -3 11 -3 11 -4 0 0 11 -3 11 -3 10 -3 11 -4 11 -4 10 -4 10 -5 11 -4 10 -5 10 -5 10 -5 11 -4 12 -5 11 -5 11 -6 11 -6 11 -6 11 -6 11 -6 11 -7 11 -6 11 -6 12 -6 12 -6 12 -6 12 -6 0 0 0 0 0 0 0 0 0 0]"
"1769326783753984,CSI_DATA,STATION,00:00:00:00:00:00,0,0,0,0,0,0,0,0,0,0,0,0,0,0,0,0,0,0,0,0,0,128,[84 -64 4 0 0 0 0 0 0 0 0 0 1 10 1 11 0 10 0 11 0 11 0 11 -1 11 -1 11 -1 11 -1 11 -2 11 -1 10 -2 11 -2 11 -2 10 -3 10 -3 11 -3 10 -3 10 -3 10 -3 10 -2 9 -3 10 -2 10 -2 10 -2 10 0 0 -2 10 -1 10 -1 10 -2 10 -1 10 -1 10 -1 10 -1 11 -1 10 -1 11 -1 11 0 11 0 11 0 11 0 11 -1 11 0 11 0 11 1 12 0 11 0 12 0 12 0 12 1 12 0 12 0 13 0 0 0 0 0 0 0 0 0 0]"
"1769326783758347,CSI_DATA,STATION,00:00:00:00:00:00,0,0,0,0,0,0,0,0,0,0,0,0,0,0,0,0,0,0,0,0,0,128,[84 -64 4 0 0 0 0 0 0 0 0 0 14 -3 15 -3 15 -1 16 0 16 0 15 0 15 0 15 0 15 0 16 1 16 1 15 1 15 2 14 2 15 2 15 2 14 2 13 2 14 2 14 2 13 2 14 2 14 2 14 1 14 1 14 1 0 0 14 0 14 1 14 1 14 0 14 1 14 0 14 0 14 -1 14 -1 14 -1 14 -2 14 -1 15 -2 15 -1 15 -2 15 -2 15 -3 15 -4 15 -3 15 -4 16 -4 16 -3 16 -3 16 -4 16 -4 15 -4 0 0 0 0 0 0 0 0 0 0]"
"1769326783764836,CSI_DATA,STATION,00:00:00:00:00:00,0,0,0,0,0,0,0,0,0,0,0,0,0,0,0,0,0,0,0,0,0,128,[84 -64 4 0 0 0 0 0 0 0 0 0 10 -7 10 -6 11 -5 12 -4 11 -3 12 -4 11 -4 12 -3 11 -3 12 -3 11 -3 12 -3 12 -2 11 -2 11 -2 11 -2 11 -2 11 -2 12 -2 12 -1 11 -1 11 -2 10 -2 11 -2 11 -2 10 -3 0 0 11 -2 11 -2 11 -2 10 -3 11 -2 11 -3 11 -3 11 -3 11 -3 11 -3 11 -4 11 -3 11 -4 12 -4 12 -5 11 -4 12 -4 11 -5 12 -5 11 -4 12 -5 12 -4 12 -5 12 -5 12 -5 12 -5 0 0 0 0 0 0 0 0 0 0]"
"1769326783769191,CSI_DATA,STATION,00:00:00:00:00:00,0,0,0,0,0,0,0,0,0,0,0,0,0,0,0,0,0,0,0,0,0,128,[84 -64 4 0 0 0 0 0 0 0 0 0 -9 -10 -9 -10 -9 -10 -8 -10 -8 -10 -8 -11 -7 -11 -7 -11 -7 -12 -7 -11 -7 -11 -6 -11 -6 -11 -6 -12 -6 -12 -6 -11 -5 -11 -5 -11 -6 -11 -6 -11 -6 -11 -6 -11 -6 -11 -6 -11 -6 -10 -6 -11 0 0 -6 -10 -6 -11 -7 -10 -6 -10 -7 -10 -7 -11 -7 -10 -8 -10 -7 -10 -8 -10 -8 -10 -8 -10 -9 -10 -9 -10 -9 -10 -8 -9 -10 -10 -9 -10 -10 -10 -9 -10 -10 -10 -10 -10 -10 -10 -10 -10 -10 -10 -10 -10 0 0 0 0 0 0 0 0 0 0]"
"1769326783775657,CSI_DATA,STATION,00:00:00:00:00:00,0,0,0,0,0,0,0,0,0,0,0,0,0,0,0,0,0,0,0,0,0,128,[84 -64 4 0 0 0 0 0 0 0 0 0 -3 12 -4 11 -4 11 -5 11 -5 11 -6 11 -5 11 -6 11 -6 11 -7 10 -7 10 -7 10 -7 10 -7 9 -7 9 -7 9 -7 10 -6 10 -7 9 -7 9 -7 9 -7 9 -7 9 -7 9 -7 8 -6 9 0 0 -7 10 -6 9 -6 9 -6 9 -6 10 -6 9 -6 10 -6 10 -6 10 -6 10 -5 11 -6 10 -6 10 -6 11 -5 11 -5 12 -5 11 -5 12 -5 12 -5 12 -5 12 -5 12 -5 12 -5 12 -5 12 -5 12 0 0 0 0 0 0 0 0 0 0]"
"1769326783779999,CSI_DATA,STATION,00:00:00:00:00:00,0,0,0,0,0,0,0,0,0,0,0,0,0,0,0,0,0,0,0,0,0,128,[84 -64 4 0 0 0 0 0 0 0 0 0 0 12 0 12 -1 12 0 12 -1 12 -1 12 -2 12 -2 12 -2 12 -2 12 -3 12 -3 11 -3 12 -3 11 -3 11 -3 11 -3 11 -4 11 -3 11 -3 11 -3 10 -3 11 -3 11 -3 11 -2 11 -3 11 0 0 -2 11 -2 10 -2 11 -1 11 -2 11 -1 11 -1 11 -1 11 -1 11 -1 11 -1 11 0 12 0 12 0 12 0 12 0 12 0 12 0 12 1 12 1 12 1 12 2 12 1 12 1 13 1 13 1 13 0 0 0 0 0 0 0 0 0 0]"
"1769326783784318,CSI_DATA,STATION,00:00:00:00:00:00,0,0,0,0,0,0,0,0,0,0,0,0,0,0,0,0,0,0,0,0,0,128,[84 -64 4 0 0 0 0 0 0 0 0 0 -8 -9 -7 -9 -8 -9 -7 -10 -7 -10 -7 -10 -6 -10 -5 -10 -6 -10 -5 -11 -6 -10 -6 -11 -5 -10 -5 -11 -5 -11 -5 -10 -4 -10 -4 -10 -4 -11 -5 -11 -4 -10 -5 -10 -4 -10 -5 -10 -5 -10 -5 -10 0 0 -5 -10 -5 -10 -6 -10 -5 -10 -6 -10 -6 -10 -6 -10 -6 -10 -6 -9 -6 -9 -7 -10 -7 -9 -7 -9 -7 -10 -6 -10 -7 -10 -8 -10 -8 -10 -7 -10 -8 -10 -8 -10 -8 -11 -8 -10 -9 -10 -9 -10 -8 -10 0 0 0 0 0 0 0 0 0 0]"
"1769326783790783,CSI_DATA,STATION,00:00:00:00:00:00,0,0,0,0,0,0,0,0,0,0,0,0,0,0,0,0,0,0,0,0,0,128,[84 -64 4 0 0 0 0 0 0 0 0 0 4 11 3 11 3 11 3 12 2 11 2 12 1 12 1 12 1 11 1 12 1 12 2 11 1 11 1 12 0 12 1 11 0 11 0 10 1 11 0 11 0 11 0 11 0 11 1 10 1 11 1 11 0 0 1 11 2 11 2 11 1 11 2 11 2 11 2 11 2 11 2 10 3 11 3 10 3 11 3 11 4 12 3 11 4 11 4 11 4 11 4 11 4 11 4 11 4 11 4 12 5 11 5 12 5 12 0 0 0 0 0 0 0 0 0 0]"
"1769326783795190,CSI_DATA,STATION,00:00:00:00:00:00,0,0,0,0,0,0,0,0,0,0,0,0,0,0,0,0,0,0,0,0,0,128,[84 -64 4 0 0 0 0 0 0 0 0 0 9 7 8 8 9 8 8 8 8 9 8 9 7 9 7 9 6 9 7 10 7 10 7 9 7 9 7 9 6 10 6 10 6 9 5 9 5 9 6 10 5 9 6 10 6 9 6 9 6 9 6 9 0 0 6 9 6 9 6 9 6 9 7 9 6 9 7 9 7 9 7 8 7 9 7 8 8 9 8 9 7 9 8 8 8 9 8 9 8 8 8 9 8 8 8 9 8 9 9 9 9 8 9 9 9 9 0 0 0 0 0 0 0 0 0 0]"
"1769326783801835,CSI_DATA,STATION,00:00:00:00:00:00,0,0,0,0,0,0,0,0,0,0,0,0,0,0,0,0,0,0,0,0,0,128,[84 -64 4 0 0 0 0 0 0 0 0 0 -4 -12 -4 -12 -4 -12 -4 -12 -3 -13 -3 -13 -2 -12 -2 -13 -2 -13 -2 -13 -1 -13 -2 -13 -1 -12 -1 -13 -1 -13 -1 -12 0 -12 -1 -12 -1 -12 -1 -11 -1 -12 -1 -12 -1 -12 -2 -12 -1 -12 -2 -12 0 0 -2 -12 -2 -11 -2 -11 -3 -12 -2 -12 -3 -12 -3 -12 -3 -12 -3 -12 -3 -12 -4 -12 -4 -12 -4 -12 -4 -12 -4 -12 -4 -12 -5 -12 -4 -13 -5 -12 -5 -12 -5 -13 -5 -13 -5 -13 -6 -13 -5 -13 -5 -13 0 0 0 0 0 0 0 0 0 0]"
"1769326783806290,CSI_DATA,STATION,00:00:00:00:00:00,0,0,0,0,0,0,0,0,0,0,0,0,0,0,0,0,0,0,0,0,0,128,[84 -64 4 0 0 0 0 0 0 0 0 0 -13 -3 -13 -3 -13 -3 -13 -4 -13 -4 -12 -5 -12 -4 -12 -4 -12 -5 -12 -5 -12 -5 -11 -5 -12 -6 -12 -6 -11 -6 -11 -5 -11 -6 -11 -5 -11 -6 -11 -6 -11 -6 -11 -5 -10 -5 -12 -5 -11 -5 -11 -5 0 0 -11 -4 -11 -4 -12 -4 -10 -4 -12 -4 -11 -4 -12 -4 -12 -4 -12 -3 -12 -4 -12 -3 -12 -3 -12 -3 -13 -3 -12 -3 -13 -2 -13 -3 -13 -2 -13 -2 -13 -2 -13 -2 -14 -2 -14 -2 -14 -2 -14 -2 -14 -2 0 0 0 0 0 0 0 0 0 0]"
"1769326783810765,CSI_DATA,STATION,00:00:00:00:00:00,0,0,0,0,0,0,0,0,0,0,0,0,0,0,0,0,0,0,0,0,0,128,[84 -64 4 0 0 0 0 0 0 0 0 0 6 -11 6 -11 6 -10 7 -10 8 -10 8 -10 8 -10 8 -10 8 -9 9 -9 8 -9 8 -9 9 -9 9 -8 9 -8 8 -8 8 -8 8 -8 8 -7 9 -8 9 -8 8 -8 9 -8 8 -8 8 -8 8 -8 0 0 8 -8 8 -8 8 -8 8 -9 8 -8 8 -9 8 -8 8 -9 8 -9 7 -10 7 -10 8 -10 8 -10 7 -10 8 -10 7 -11 7 -10 7 -11 7 -11 7 -11 8 -11 8 -10 8 -12 7 -11 7 -12 8 -12 0 0 0 0 0 0 0 0 0 0]"
"1769326783815262,CSI_DATA,STATION,00:00:00:00:00:00,0,0,0,0,0,0,0,0,0,0,0,0,0,0,0,0,0,0,0,0,0,128,[84 -64 4 0 0 0 0 0 0 0 0 0 -6 11 -6 10 -7 10 -7 10 -7 10 -7 10 -8 10 -8 10 -8 10 -9 9 -9 9 -9 8 -9 9 -9 8 -9 8 -8 9 -9 9 -8 8 -8 8 -9 8 -9 8 -8 8 -8 8 -9 8 -8 7 -8 8 0 0 -8 8 -8 8 -8 8 -8 8 -8 9 -7 8 -7 8 -7 9 -7 9 -7 10 -7 10 -7 9 -7 9 -7 10 -7 10 -7 11 -6 10 -7 11 -6 11 -7 11 -7 11 -7 11 -7 10 -7 11 -7 11 -7 12 0 0 0 0 0 0 0 0 0 0]"
"1769326783821917,CSI_DATA,STATION,00:00:00:00:00:00,0,0,0,0,0,0,0,0,0,0,0,0,0,0,0,0,0,0,0,0,0,128,[84 -64 4 0 0 0 0 0 0 0 0 0 8 -9 9 -8 10 -8 10 -8 10 -7 10 -7 10 -7 10 -6 11 -7 11 -6 10 -6 10 -6 10 -5 10 -5 11 -5 10 -6 10 -6 10 -5 11 -5 11 -5 10 -4 10 -5 10 -5 10 -5 10 -5 10 -5 0 0 10 -6 10 -6 9 -6 10 -6 10 -6 10 -6 9 -6 10 -6 9 -6 9 -7 9 -7 9 -7 10 -7 10 -7 10 -8 9 -8 10 -8 10 -8 10 -8 9 -8 10 -8 10 -7 10 -8 10 -9 10 -9 10 -9 0 0 0 0 0 0 0 0 0 0]"
"1769326783826432,CSI_DATA,STATION,00:00:00:00:00:00,0,0,0,0,0,0,0,0,0,0,0,0,0,0,0,0,0,0,0,0,0,128,[84 -64 4 0 0 0 0 0 0 0 0 0 12 -1 11 -1 12 0 12 0 12 1 12 1 12 1 12 1 11 2 12 2 11 2 11 2 11 3 11 3 11 3 10 2 11 3 11 3 11 3 11 3 10 3 10 3 10 2 11 3 11 3 10 2 0 0 11 2 11 2 11 2 11 1 11 2 11 2 11 1 11 1 11 1 10 1 11 1 11 1 12 1 12 1 12 0 12 0 12 0 13 0 12 0 12 0 12 0 13 0 12 0 13 0 13 0 13 -1 0 0 0 0 0 0 0 0 0 0]"
"1769326783830909,CSI_DATA,STATION,00:00:00:00:00:00,0,0,0,0,0,0,0,0,0,0,0,0,0,0,0,0,0,0,0,0,0,128,[84 -64 4 0 0 0 0 0 0 0 0 0 10 1 10 1 11 3 11 2 11 3 10 3 10 3 10 3 9 3 10 4 10 4 9 4 10 5 9 5 9 5 9 4 9 4 9 5 9 5 9 5 9 5 9 4 9 4 9 5 9 4 9 4 0 0 8 4 9 4 9 4 9 4 9 4 9 4 9 4 10 4 9 3 9 3 10 3 10 4 11 4 10 3 10 3 10 3 11 3 11 3 11 3 11 3 11 3 11 3 11 3 12 3 12 3 11 3 0 0 0 0 0 0 0 0 0 0]"
"1769326783837602,CSI_DATA,STATION,00:00:00:00:00:00,0,0,0,0,0,0,0,0,0,0,0,0,0,0,0,0,0,0,0,0,0,128,[84 -64 4 0 0 0 0 0 0 0 0 0 0 -12 1 -12 2 -11 2 -12 2 -11 2 -12 3 -11 3 -11 4 -11 3 -11 3 -11 3 -11 3 -11 4 -11 4 -11 4 -10 4 -11 4 -10 4 -10 4 -10 4 -10 3 -10 4 -10 3 -10 3 -10 3 -10 0 0 3 -10 3 -10 3 -10 2 -10 3 -11 3 -11 3 -11 2 -11 3 -11 3 -11 2 -11 2 -11 2 -11 2 -12 2 -11 2 -12 1 -12 1 -12 2 -12 2 -12 1 -13 2 -12 1 -12 1 -12 1 -13 1 -13 0 0 0 0 0 0 0 0 0 0]"
"1769326783842062,CSI_DATA,STATION,00:00:00:00:00:00,0,0,0,0,0,0,0,0,0,0,0,0,0,0,0,0,0,0,0,0,0,128,[84 -64 4 0 0 0 0 0 0 0 0 0 0 17 -1 18 -1 18 -2 18 -2 18 -3 18 -3 17 -3 17 -4 17 -4 17 -4 17 -5 17 -4 16 -5 16 -5 16 -5 16 -5 16 -5 15 -5 16 -5 15 -5 15 -5 15 -5 15 -5 15 -5 15 -4 15 0 0 -4 15 -4 15 -3 15 -4 16 -4 16 -3 16 -3 16 -2 16 -3 16 -2 16 -2 16 -2 16 -2 16 -1 17 -2 17 -1 17 -1 17 -1 17 -1 17 0 17 -1 18 -1 18 0 18 0 18 0 18 0 18 0 0 0 0 0 0 0 0 0 0]"
"1769326783846524,CSI_DATA,STATION,00:00:00:00:00:00,0,0,0,0,0,0,0,0,0,0,0,0,0,0,0,0,0,0,0,0,0,128,[84 -64 4 0 0 0 0 0 0 0 0 0 -1 10 -1 10 -1 10 -2 11 -2 10 -3 11 -3 11 -3 10 -3 11 -4 10 -4 11 -4 10 -4 10 -4 10 -4 10 -4 10 -4 10 -4 10 -4 10 -4 9 -4 9 -3 10 -4 10 -4 9 -4 9 -4 10 0 0 -3 10 -3 9 -3 10 -3 10 -3 10 -2 9 -3 10 -3 10 -2 10 -3 10 -2 11 -2 11 -2 11 -2 11 -2 11 -1 11 -1 11 -1 11 -1 12 -1 12 -1 12 -1 11 -1 12 -1 12 -1 13 -1 12 0 0 0 0 0 0 0 0 0 0]"
"1769326783853248,CSI_DATA,STATION,00:00:00:00:00:00,0,0,0,0,0,0,0,0,0,0,0,0,0,0,0,0,0,0,0,0,0,128,[84 -64 4 0 0 0 0 0 0 0 0 0 5 -10 5 -10 6 -10 6 -10 6 -9 7 -10 7 -9 7 -8 7 -9 7 -8 8 -8 8 -8 7 -8 8 -8 8 -8 8 -7 8 -7 7 -7 8 -7 8 -7 7 -7 7 -7 7 -7 8 -8 8 -7 8 -8 0 0 7 -8 7 -7 7 -7 7 -8 7 -8 7 -8 7 -8 7 -8 7 -8 7 -9 6 -9 7 -9 7 -9 7 -9 7 -9 7 -10 7 -10 7 -10 7 -10 7 -10 7 -10 7 -10 7 -10 7 -10 7 -11 7 -11 0 0 0 0 0 0 0 0 0 0]"
"1769326783857619,CSI_DATA,STATION,00:00:00:00:00:00,0,0,0,0,0,0,0,0,0,0,0,0,0,0,0,0,0,0,0,0,0,128,[84 -64 4 0 0 0 0 0 0 0 0 0 -13 2 -12 2 -13 1 -13 1 -13 0 -13 0 -12 0 -13 0 -13 -1 -13 -1 -13 -1 -13 -1 -13 -2 -13 -2 -12 -2 -12 -1 -12 -2 -12 -2 -12 -2 -12 -2 -12 -2 -12 -2 -12 -2 -12 -2 -12 -1 -12 -1 0 0 -12 -1 -12 -1 -12 -1 -12 -1 -12 -1 -12 0 -12 0 -12 -1 -12 0 -12 0 -12 1 -13 0 -13 0 -12 0 -13 1 -13 1 -13 0 -13 1 -13 1 -13 1 -13 2 -14 1 -14 1 -14 2 -13 2 -14 1 0 0 0 0 0 0 0 0 0 0]"
"1769326783862036,CSI_DATA,STATION,00:00:00:00:00:00,0,0,0,0,0,0,0,0,0,0,0,0,0,0,0,0,0,0,0,0,0,128,[84 -64 4 0 0 0 0 0 0 0 0 0 4 10 4 11 4 11 3 11 3 11 3 12 3 12 1 12 2 12 2 12 2 12 1 11 1 11 2 12 1 12 1 11 1 11 1 11 1 11 1 11 1 11 1 10 1 11 2 11 2 11 2 11 0 0 2 11 2 11 3 10 2 10 3 11 3 10 3 11 3 11 2 10 3 11 4 10 4 11 4 10 4 11 4 10 5 11 5 11 5 11 5 11 5 11 6 11 6 11 6 11 7 11 6 11 6 11 0 0 0 0 0 0 0 0 0 0]"
"1769326783872726,CSI_DATA,STATION,00:00:00:00:00:00,0,0,0,0,0,0,0,0,0,0,0,0,0,0,0,0,0,0,0,0,0,128,[84 -64 4 0 0 0 0 0 0 0 0 0 -12 5 -11 4 -12 4 -13 4 -12 3 -13 3 -12 3 -13 3 -12 2 -13 2 -12 2 -12 2 -13 2 -13 2 -12 1 -12 2 -12 2 -12 1 -12 1 -12 1 -12 1 -11 1 -11 2 -12 1 -12 2 -12 2 0 0 -11 2 -12 2 -11 2 -11 3 -12 2 -12 2 -11 3 -12 3 -11 3 -11 4 -12 4 -12 3 -11 4 -12 4 -12 4 -12 4 -12 4 -12 5 -12 6 -12 5 -12 6 -13 6 -13 5 -12 6 -12 6 -12 6 0 0 0 0 0 0 0 0 0 0]"
"1769326783879189,CSI_DATA,STATION,00:00:00:00:00:00,0,0,0,0,0,0,0,0,0,0,0,0,0,0,0,0,0,0,0,0,0,128,[84 -64 4 0 0 0 0 0 0 0 0 0 8 -9 8 -9 9 -9 9 -8 9 -8 10 -8 10 -8 10 -7 10 -7 10 -7 10 -7 10 -7 10 -7 10 -6 10 -6 10 -6 10 -6 10 -6 10 -6 10 -6 10 -5 10 -6 9 -6 10 -6 9 -6 9 -6 0 0 9 -6 9 -6 9 -7 9 -6 9 -7 9 -7 9 -7 9 -8 9 -7 8 -8 8 -9 9 -8 9 -8 9 -8 9 -9 9 -9 8 -9 9 -10 9 -9 8 -10 9 -10 9 -9 9 -10 9 -10 9 -10 9 -10 0 0 0 0 0 0 0 0 0 0]"
"1769326783885676,CSI_DATA,STATION,00:00:00:00:00:00,0,0,0,0,0,0,0,0,0,0,0,0,0,0,0,0,0,0,0,0,0,128,[84 -64 4 0 0 0 0 0 0 0 0 0 0 -13 0 -13 1 -12 2 -13 2 -13 3 -13 3 -12 3 -13 3 -12 4 -12 3 -12 4 -13 3 -12 4 -12 4 -12 4 -11 4 -12 4 -11 4 -11 5 -11 4 -11 4 -10 4 -11 4 -11 3 -11 4 -12 0 0 4 -11 3 -11 4 -12 3 -11 3 -11 3 -11 3 -11 3 -12 2 -12 3 -12 2 -12 2 -12 2 -12 2 -12 2 -13 2 -13 2 -13 2 -13 2 -13 2 -13 2 -13 2 -13 2 -13 2 -14 2 -14 1 -13 0 0 0 0 0 0 0 0 0 0]"
"1769326783892212,CSI_DATA,STATION,00:00:00:00:00:00,0,0,0,0,0,0,0,0,0,0,0,0,0,0,0,0,0,0,0,0,0,128,[84 -64 4 0 0 0 0 0 0 0 0 0 -7 -10 -7 -10 -7 -11 -7 -12 -6 -12 -6 -12 -5 -12 -5 -12 -5 -12 -5 -12 -5 -12 -5 -12 -4 -12 -4 -12 -4 -13 -3 -11 -4 -12 -3 -11 -3 -12 -4 -12 -3 -12 -4 -12 -4 -11 -4 -11 -4 -11 -4 -12 0 0 -4 -11 -4 -11 -4 -12 -4 -11 -4 -11 -5 -11 -5 -11 -5 -11 -4 -11 -5 -11 -6 -11 -6 -11 -6 -11 -6 -12 -5 -11 -6 -12 -6 -12 -6 -12 -6 -12 -6 -12 -7 -12 -6 -12 -7 -12 -7 -12 -7 -12 -7 -12 0 0 0 0 0 0 0 0 0 0]"
"1769326783896535,CSI_DATA,STATION,00:00:00:00:00:00,0,0,0,0,0,0,0,0,0,0,0,0,0,0,0,0,0,0,0,0,0,128,[84 -64 4 0 0 0 0 0 0 0 0 0 -12 1 -13 0 -13 -1 -13 -1 -13 -2 -13 -2 -13 -2 -13 -2 -13 -2 -13 -3 -13 -2 -12 -3 -12 -4 -12 -3 -13 -4 -11 -3 -12 -3 -12 -3 -12 -3 -12 -4 -12 -4 -11 -3 -11 -3 -12 -3 -12 -3 -12 -2 0 0 -11 -2 -11 -2 -12 -2 -12 -1 -12 -2 -12 -2 -12 -2 -12 -1 -12 -2 -12 -1 -12 -1 -12 -1 -13 0 -13 -1 -13 0 -13 0 -13 -1 -13 0 -13 0 -13 0 -13 0 -14 0 -14 0 -14 1 -14 1 -14 1 0 0 0 0 0 0 0 0 0 0]"
"1769326783903027,CSI_DATA,STATION,00:00:00:00:00:00,0,0,0,0,0,0,0,0,0,0,0,0,0,0,0,0,0,0,0,0,0,128,[84 -64 4 0 0 0 0 0 0 0 0 0 -3 12 -3 12 -4 12 -4 11 -5 11 -5 11 -5 11 -5 11 -6 11 -6 11 -5 11 -6 10 -6 11 -6 10 -7 9 -7 9 -7 10 -7 10 -6 9 -7 9 -6 9 -7 9 -6 9 -6 9 -6 10 -6 10 0 0 -6 9 -6 9 -5 10 -5 10 -6 10 -5 10 -5 10 -5 10 -5 10 -5 11 -5 11 -5 11 -5 11 -5 11 -5 11 -5 11 -5 11 -5 11 -5 12 -5 12 -5 12 -5 12 -4 12 -4 12 -4 12 -4 13 0 0 0 0 0 0 0 0 0 0]"
"1769326783909496,CSI_DATA,STATION,00:00:00:00:00:00,0,0,0,0,0,0,0,0,0,0,0,0,0,0,0,0,0,0,0,0,0,128,[84 -64 4 0 0 0 0 0 0 0 0 0 -10 -8 -10 -9 -9 -9 -9 -10 -9 -9 -9 -10 -8 -10 -8 -11 -8 -11 -8 -11 -8 -10 -7 -11 -8 -11 -7 -11 -7 -11 -6 -10 -6 -11 -6 -10 -7 -11 -7 -11 -7 -10 -7 -11 -6 -10 -7 -10 -7 -10 -7 -10 0 0 -7 -10 -7 -10 -8 -10 -7 -9 -8 -10 -7 -10 -7 -10 -8 -10 -8 -9 -8 -9 -8 -9 -9 -9 -9 -9 -9 -10 -9 -10 -9 -10 -10 -10 -10 -9 -9 -9 -10 -9 -10 -9 -10 -9 -10 -9 -10 -9 -10 -10 -10 -9 0 0 0 0 0 0 0 0 0 0]"
"1769326783913825,CSI_DATA,STATION,00:00:00:00:00:00,0,0,0,0,0,0,0,0,0,0,0,0,0,0,0,0,0,0,0,0,0,128,[84 -64 4 0 0 0 0 0 0 0 0 0 -8 9 -9 9 -9 8 -10 9 -10 7 -10 8 -9 7 -11 7 -10 7 -11 6 -10 7 -11 7 -11 6 -10 6 -12 6 -10 6 -10 6 -10 5 -11 6 -11 5 -10 5 -10 5 -10 5 -10 5 -10 6 -10 6 0 0 -10 6 -10 6 -10 6 -10 6 -10 6 -10 6 -10 6 -10 6 -9 7 -9 7 -10 7 -9 8 -10 8 -10 8 -9 8 -10 8 -9 8 -10 9 -10 8 -10 9 -10 9 -10 9 -10 9 -10 9 -9 9 -10 9 0 0 0 0 0 0 0 0 0 0]"
"1769326783920342,CSI_DATA,STATION,00:00:00:00:00:00,0,0,0,0,0,0,0,0,0,0,0,0,0,0,0,0,0,0,0,0,0,128,[84 -64 4 0 0 0 0 0 0 0 0 0 -13 0 -13 0 -13 -1 -14 -1 -13 -2 -13 -2 -13 -2 -13 -2 -13 -2 -13 -2 -13 -3 -12 -3 -12 -3 -12 -3 -13 -4 -12 -2 -12 -3 -12 -3 -12 -3 -12 -3 -12 -3 -11 -3 -12 -3 -12 -3 -12 -3 -12 -3 0 0 -12 -2 -12 -1 -12 -2 -11 -1 -13 -1 -12 -1 -13 -1 -13 -1 -12 -1 -13 -1 -12 0 -13 -1 -13 0 -12 1 -12 1 -13 1 -13 0 -13 1 -13 1 -13 1 -14 2 -14 1 -14 1 -14 2 -13 2 -14 2 0 0 0 0 0 0 0 0 0 0]"
"1769326783924649,CSI_DATA,STATION,00:00:00:00:00:00,0,0,0,0,0,0,0,0,0,0,0,0,0,0,0,0,0,0,0,0,0,128,[84 -64 4 0 0 0 0 0 0 0 0 0 -12 1 -13 0 -14 0 -14 -1 -13 -1 -13 -2 -12 -2 -13 -2 -12 -3 -13 -3 -13 -3 -12 -3 -13 -3 -13 -4 -12 -4 -12 -3 -11 -4 -12 -4 -12 -4 -12 -4 -12 -4 -11 -4 -12 -3 -12 -4 -12 -3 -12 -2 0 0 -11 -3 -12 -2 -12 -3 -11 -2 -12 -3 -12 -2 -11 -2 -13 -2 -12 -2 -12 -2 -13 -2 -13 -2 -12 -1 -13 -1 -13 -2 -13 -1 -13 -1 -13 -1 -13 0 -13 -1 -13 -1 -14 -1 -14 0 -14 0 -14 0 -13 0 0 0 0 0 0 0 0 0 0 0]"
"1769326783929014,CSI_DATA,STATION,00:00:00:00:00:00,0,0,0,0,0,0,0,0,0,0,0,0,0,0,0,0,0,0,0,0,0,128,[84 -64 4 0 0 0 0 0 0 0 0 0 -17 6 -17 5 -18 4 -19 4 -19 3 -18 3 -18 3 -19 2 -18 2 -19 1 -18 2 -18 1 -18 1 -18 0 -18 -1 -18 0 -17 0 -17 0 -18 0 -17 -1 -17 -1 -17 -1 -17 0 -17 0 -17 0 -17 1 0 0 -17 0 -17 0 -17 0 -17 1 -17 1 -17 1 -17 1 -17 2 -17 2 -17 3 -17 3 -17 3 -18 3 -17 3 -18 3 -18 4 -18 4 -18 5 -18 4 -18 5 -18 5 -18 4 -18 5 -19 6 -18 5 -18 6 0 0 0 0 0 0 0 0 0 0]"
"1769326783935510,CSI_DATA,STATION,00:00:00:00:00:00,0,0,0,0,0,0,0,0,0,0,0,0,0,0,0,0,0,0,0,0,0,128,[84 -64 4 0 0 0 0 0 0 0 0 0 9 -9 10 -8 10 -7 10 -8 11 -7 10 -7 10 -7 11 -6 11 -6 11 -5 11 -6 10 -6 11 -5 11 -5 11 -5 10 -5 10 -5 10 -4 11 -5 11 -5 11 -4 10 -5 10 -5 10 -4 10 -5 10 -5 0 0 10 -5 10 -5 10 -5 9 -6 10 -6 10 -6 10 -7 10 -6 10 -7 9 -7 9 -7 10 -7 10 -7 10 -7 10 -7 10 -8 10 -7 10 -8 10 -8 10 -9 10 -9 10 -8 10 -8 10 -8 10 -9 10 -9 0 0 0 0 0 0 0 0 0 0]"
"1769326783939835,CSI_DATA,STATION,00:00:00:00:00:00,0,0,0,0,0,0,0,0,0,0,0,0,0,0,0,0,0,0,0,0,0,128,[84 -64 4 0 0 0 0 0 0 0 0 0 -9 8 -10 8 -10 6 -11 7 -11 6 -10 7 -11 6 -12 6 -11 6 -11 5 -11 5 -11 5 -11 5 -11 5 -11 4 -11 5 -11 4 -11 4 -11 4 -11 4 -11 4 -11 4 -10 5 -11 4 -11 4 -11 5 0 0 -11 4 -10 5 -11 5 -10 5 -10 5 -10 5 -10 5 -10 5 -10 6 -10 7 -10 7 -10 7 -10 7 -11 7 -10 7 -10 7 -10 7 -10 7 -10 7 -10 8 -10 8 -11 8 -10 8 -10 8 -10 9 -10 8 0 0 0 0 0 0 0 0 0 0]"
"1769326783944187,CSI_DATA,STATION,00:00:00:00:00:00,0,0,0,0,0,0,0,0,0,0,0,0,0,0,0,0,0,0,0,0,0,128,[84 -64 4 0 0 0 0 0 0 0 0 0 4 15 3 15 3 15 2 16 2 16 1 15 1 16 0 16 0 15 0 16 0 16 -1 15 -1 15 0 15 -1 15 -1 15 -1 14 -1 15 -1 14 -1 15 -1 14 -1 14 -1 14 -1 14 -1 14 -1 14 0 0 0 14 0 15 0 14 1 14 0 14 1 15 1 14 1 14 1 14 2 15 2 14 2 15 2 15 2 14 2 15 3 15 3 15 3 15 3 15 3 15 3 16 4 15 4 16 4 15 4 16 4 16 0 0 0 0 0 0 0 0 0 0]"
"1769326783950678,CSI_DATA,STATION,00:00:00:00:00:00,0,0,0,0,0,0,0,0,0,0,0,0,0,0,0,0,0,0,0,0,0,128,[84 -64 4 0 0 0 0 0 0 0 0 0 -4 -11 -3 -11 -3 -12 -3 -11 -2 -12 -1 -12 -1 -11 -1 -11 -2 -12 -1 -11 -1 -12 0 -12 0 -12 0 -11 0 -11 0 -11 1 -11 0 -11 0 -11 0 -11 0 -11 0 -11 0 -11 0 -11 0 -11 0 -10 0 0 -1 -10 -1 -10 -1 -10 -1 -10 -1 -10 -1 -10 -1 -11 -2 -11 -1 -11 -2 -11 -2 -11 -2 -11 -2 -11 -2 -12 -2 -12 -3 -11 -2 -11 -2 -12 -3 -12 -3 -12 -3 -12 -3 -12 -3 -12 -3 -12 -3 -12 -3 -12 0 0 0 0 0 0 0 0 0 0]"
"1769326783955161,CSI_DATA,STATION,00:00:00:00:00:00,0,0,0,0,0,0,0,0,0,0,0,0,0,0,0,0,0,0,0,0,0,128,[84 -64 4 0 0 0 0 0 0 0 0 0 -8 -10 -8 -10 -8 -10 -8 -11 -7 -11 -6 -11 -6 -11 -6 -11 -6 -12 -6 -11 -6 -11 -6 -11 -6 -11 -5 -12 -5 -11 -5 -11 -4 -12 -4 -11 -4 -12 -5 -11 -4 -11 -5 -11 -4 -11 -5 -11 -6 -11 -5 -11 0 0 -5 -11 -5 -10 -6 -11 -5 -10 -6 -11 -6 -11 -6 -11 -6 -11 -6 -10 -6 -10 -7 -11 -7 -11 -7 -10 -7 -11 -6 -11 -7 -11 -7 -11 -7 -11 -7 -11 -7 -11 -7 -11 -8 -11 -8 -12 -9 -11 -8 -11 -8 -11 0 0 0 0 0 0 0 0 0 0]"
"1769326783961697,CSI_DATA,STATION,00:00:00:00:00:00,0,0,0,0,0,0,0,0,0,0,0,0,0,0,0,0,0,0,0,0,0,128,[84 -64 4 0 0 0 0 0 0 0 0 0 11 -5 11 -5 12 -4 11 -4 11 -4 12 -3 12 -3 12 -3 12 -3 12 -2 11 -2 11 -2 12 -1 12 -1 12 -1 11 -2 11 -1 10 -1 12 -1 11 -1 11 -1 11 -1 10 -2 11 -1 10 -2 11 -2 0 0 10 -2 10 -2 11 -2 11 -2 11 -2 11 -3 11 -3 11 -3 11 -3 10 -4 11 -4 11 -3 11 -4 11 -4 11 -4 11 -4 11 -4 12 -6 11 -5 11 -5 12 -5 11 -5 12 -5 11 -5 11 -6 12 -5 0 0 0 0 0 0 0 0 0 0]"
"1769326783966051,CSI_DATA,STATION,00:00:00:00:00:00,0,0,0,0,0,0,0,0,0,0,0,0,0,0,0,0,0,0,0,0,0,128,[84 -64 4 0 0 0 0 0 0 0 0 0 4 11 4 11 4 11 3 12 3 12 2 11 2 12 1 12 2 12 2 12 1 11 1 12 1 11 0 12 1 12 0 12 -1 12 0 11 0 11 0 12 0 11 0 11 0 11 0 10 0 11 1 11 0 0 0 11 1 10 1 11 1 11 1 11 1 11 1 11 1 11 1 11 1 12 1 11 2 11 2 11 2 12 2 12 2 11 3 11 2 12 3 12 3 12 2 12 3 12 3 12 3 13 3 13 3 13 0 0 0 0 0 0 0 0 0 0]"
"1769326783970412,CSI_DATA,STATION,00:00:00:00:00:00,0,0,0,0,0,0,0,0,0,0,0,0,0,0,0,0,0,0,0,0,0,128,[84 -64 4 0 0 0 0 0 0 0 0 0 9 -7 10 -7 10 -6 11 -6 11 -6 11 -5 12 -5 11 -4 11 -5 12 -4 11 -4 11 -4 11 -3 12 -4 11 -3 11 -4 11 -3 11 -3 11 -3 11 -3 10 -3 11 -4 11 -3 11 -3 11 -4 10 -4 0 0 10 -4 10 -4 10 -4 10 -5 10 -4 11 -5 10 -5 10 -5 10 -5 10 -5 10 -5 10 -6 10 -6 10 -6 10 -6 10 -6 10 -6 10 -8 11 -7 10 -7 10 -7 10 -7 11 -7 10 -7 10 -8 11 -8 0 0 0 0 0 0 0 0 0 0]"
"1769326783976899,CSI_DATA,STATION,00:00:00:00:00:00,0,0,0,0,0,0,0,0,0,0,0,0,0,0,0,0,0,0,0,0,0,128,[84 -64 4 0 0 0 0 0 0 0 0 0 -11 5 -12 4 -12 4 -13 4 -12 3 -13 3 -13 3 -13 3 -12 2 -13 2 -13 2 -12 2 -13 2 -13 1 -12 1 -13 2 -12 1 -12 1 -12 0 -12 1 -12 1 -12 1 -12 1 -12 1 -12 1 -12 1 0 0 -11 2 -11 2 -12 2 -12 2 -12 2 -12 2 -12 2 -12 3 -11 3 -11 3 -12 4 -12 3 -12 3 -12 4 -12 4 -12 5 -11 4 -13 5 -12 5 -13 5 -13 5 -13 5 -13 5 -13 5 -13 5 -12 5 0 0 0 0 0 0 0 0 0 0]"
"1769326783981207,CSI_DATA,STATION,00:00:00:00:00:00,0,0,0,0,0,0,0,0,0,0,0,0,0,0,0,0,0,0,0,0,0,128,[84 -64 4 0 0 0 0 0 0 0 0 0 -5 11 -6 11 -6 11 -7 11 -7 11 -7 10 -7 11 -7 10 -8 10 -8 9 -8 10 -8 10 -9 9 -8 9 -9 8 -8 9 -8 9 -8 9 -8 8 -8 8 -8 8 -8 8 -8 9 -8 9 -8 9 -8 9 0 0 -8 9 -7 9 -7 9 -7 9 -7 9 -7 8 -6 10 -6 9 -6 10 -6 10 -6 10 -7 10 -6 10 -6 10 -6 10 -6 11 -6 12 -6 11 -6 11 -6 12 -6 11 -6 12 -6 12 -6 12 -5 12 -5 12 0 0 0 0 0 0 0 0 0 0]"
"1769326783985510,CSI_DATA,STATION,00:00:00:00:00:00,0,0,0,0,0,0,0,0,0,0,0,0,0,0,0,0,0,0,0,0,0,128,[84 -64 4 0 0 0 0 0 0 0 0 0 4 -11 6 -12 6 -11 7 -12 7 -11 8 -11 7 -11 8 -11 7 -10 8 -9 8 -10 8 -9 8 -9 8 -9 8 -10 8 -8 8 -9 8 -9 9 -9 8 -9 8 -8 8 -8 7 -9 8 -9 8 -9 8 -9 0 0 7 -9 7 -9 7 -9 7 -9 7 -10 7 -9 6 -10 7 -10 7 -10 6 -10 6 -11 7 -10 6 -11 7 -11 6 -11 6 -12 6 -11 6 -12 6 -12 6 -12 6 -12 6 -12 6 -12 6 -12 6 -13 6 -13 0 0 0 0 0 0 0 0 0 0]"
"1769326783991995,CSI_DATA,STATION,00:00:00:00:00:00,0,0,0,0,0,0,0,0,0,0,0,0,0,0,0,0,0,0,0,0,0,128,[84 -64 4 0 0 0 0 0 0 0 0 0 -9 8 -10 8 -10 7 -10 8 -11 7 -11 7 -11 6 -11 6 -11 5 -11 5 -11 6 -11 5 -12 5 -11 5 -12 5 -11 5 -11 4 -10 4 -11 4 -12 4 -11 4 -11 5 -11 5 -11 4 -11 5 -10 5 0 0 -10 5 -10 5 -10 5 -10 6 -11 6 -10 6 -10 5 -10 6 -10 6 -10 7 -10 7 -10 7 -10 7 -10 7 -10 7 -10 8 -10 7 -10 8 -10 9 -10 8 -10 8 -10 8 -10 8 -10 9 -10 9 -10 9 0 0 0 0 0 0 0 0 0 0]"
"1769326783996305,CSI_DATA,STATION,00:00:00:00:00:00,0,0,0,0,0,0,0,0,0,0,0,0,0,0,0,0,0,0,0,0,0,128,[84 -64 4 0 0 0 0 0 0 0 0 0 -1 -18 -1 -19 0 -18 1 -19 1 -18 1 -19 2 -18 3 -18 3 -18 3 -17 3 -18 4 -18 4 -17 4 -17 4 -17 4 -17 4 -17 4 -16 4 -17 5 -17 4 -16 4 -16 4 -16 3 -16 4 -16 3 -17 0 0 3 -16 3 -16 3 -17 2 -16 2 -17 2 -17 2 -17 1 -17 2 -17 1 -16 1 -17 1 -17 1 -18 1 -18 0 -18 0 -19 0 -18 -1 -18 0 -18 -1 -19 0 -19 -1 -19 -1 -19 -2 -19 -1 -19 -2 -19 0 0 0 0 0 0 0 0 0 0]"
"1769326784002751,CSI_DATA,STATION,00:00:00:00:00:00,0,0,0,0,0,0,0,0,0,0,0,0,0,0,0,0,0,0,0,0,0,128,[84 -64 4 0 0 0 0 0 0 0 0 0 10 -7 11 -6 11 -5 12 -5 12 -4 12 -4 12 -4 12 -4 12 -4 12 -3 12 -4 12 -3 11 -3 11 -3 12 -3 11 -3 11 -2 11 -2 12 -3 11 -2 11 -2 11 -2 11 -3 11 -2 11 -3 10 -3 0 0 11 -3 11 -3 11 -3 10 -4 11 -4 10 -4 10 -4 10 -4 10 -4 10 -5 10 -5 11 -4 11 -5 11 -5 11 -6 11 -6 11 -6 11 -6 11 -6 11 -6 11 -7 11 -6 11 -6 11 -6 11 -7 11 -7 0 0 0 0 0 0 0 0 0 0]"
"1769326784007047,CSI_DATA,STATION,00:00:00:00:00:00,0,0,0,0,0,0,0,0,0,0,0,0,0,0,0,0,0,0,0,0,0,128,[84 -64 4 0 0 0 0 0 0 0 0 0 -12 16 -13 15 -14 15 -14 14 -15 14 -14 14 -15 13 -15 13 -15 13 -16 12 -16 12 -16 12 -17 11 -16 10 -16 11 -16 11 -16 10 -16 11 -16 10 -16 10 -16 10 -15 10 -15 10 -16 9 -15 9 -15 10 0 0 -15 10 -14 11 -15 10 -15 11 -14 11 -15 11 -14 11 -14 11 -14 12 -14 12 -14 13 -14 13 -14 12 -14 13 -14 14 -14 14 -15 14 -13 14 -14 15 -13 15 -13 15 -13 15 -14 15 -14 15 -14 16 -14 16 0 0 0 0 0 0 0 0 0 0]"
"1769326784013501,CSI_DATA,STATION,00:00:00:00:00:00,0,0,0,0,0,0,0,0,0,0,0,0,0,0,0,0,0,0,0,0,0,128,[84 -64 4 0 0 0 0 0 0 0 0 0 -3 -12 -4 -13 -3 -13 -3 -13 -2 -13 -2 -14 -2 -13 -1 -13 -2 -13 0 -13 0 -13 -1 -12 0 -13 0 -12 -1 -12 0 -12 1 -12 0 -13 0 -12 0 -12 -1 -12 0 -11 0 -12 0 -11 -1 -12 -1 -12 0 0 -1 -12 -1 -12 -1 -12 -2 -12 -1 -12 -2 -12 -2 -12 -2 -12 -2 -12 -2 -12 -3 -12 -2 -12 -3 -12 -3 -12 -3 -13 -3 -13 -4 -13 -4 -12 -4 -13 -4 -13 -4 -13 -5 -13 -4 -13 -5 -13 -5 -14 -5 -13 0 0 0 0 0 0 0 0 0 0]"
"1769326784017807,CSI_DATA,STATION,00:00:00:00:00:00,0,0,0,0,0,0,0,0,0,0,0,0,0,0,0,0,0,0,0,0,0,128,[84 -64 4 0 0 0 0 0 0 0 0 0 -4 -16 -4 -16 -3 -17 -3 -17 -2 -17 -2 -17 -1 -16 -1 -16 -1 -16 0 -16 -1 -17 0 -16 0 -16 0 -16 0 -16 1 -16 1 -15 1 -15 1 -15 1 -15 0 -15 1 -15 0 -15 0 -15 0 -15 0 -15 0 0 0 -15 0 -15 -1 -15 -1 -15 -1 -15 -1 -15 -2 -16 -2 -15 -2 -15 -2 -15 -2 -15 -3 -15 -3 -15 -3 -16 -3 -16 -3 -16 -4 -16 -4 -16 -4 -16 -4 -16 -4 -17 -4 -16 -5 -17 -5 -16 -5 -17 -5 -17 0 0 0 0 0 0 0 0 0 0]"
"1769326784022133,CSI_DATA,STATION,00:00:00:00:00:00,0,0,0,0,0,0,0,0,0,0,0,0,0,0,0,0,0,0,0,0,0,128,[84 -64 4 0 0 0 0 0 0 0 0 0 -7 9 -8 9 -8 8 -8 7 -8 8 -8 7 -8 7 -9 7 -9 6 -9 6 -8 7 -9 7 -9 6 -9 6 -9 6 -9 6 -9 6 -9 5 -9 6 -9 5 -9 5 -9 5 -9 6 -9 6 -8 6 -8 6 0 0 -8 6 -8 6 -8 6 -8 6 -8 6 -8 6 -8 6 -8 7 -7 7 -8 8 -7 8 -8 7 -8 8 -8 8 -7 8 -7 9 -7 8 -8 8 -7 9 -8 8 -7 9 -8 9 -8 9 -7 9 -7 9 -7 9 0 0 0 0 0 0 0 0 0 0]"
"1769326784028585,CSI_DATA,STATION,00:00:00:00:00:00,0,0,0,0,0,0,0,0,0,0,0,0,0,0,0,0,0,0,0,0,0,128,[84 -64 4 0 0 0 0 0 0 0 0 0 5 10 5 10 4 11 4 11 5 11 4 11 3 12 3 12 3 11 3 12 2 12 2 11 1 11 2 11 1 11 2 11 2 11 1 10 1 11 2 11 1 10 2 10 1 11 1 11 1 11 1 11 0 0 2 10 3 11 2 10 2 11 3 11 3 11 3 11 3 11 3 10 3 10 3 11 4 11 3 11 4 11 4 11 4 11 4 11 5 11 5 11 4 11 5 12 5 11 5 12 5 12 5 11 5 12 0 0 0 0 0 0 0 0 0 0]"
"1769326784032883,CSI_DATA,STATION,00:00:00:00:00:00,0,0,0,0,0,0,0,0,0,0,0,0,0,0,0,0,0,0,0,0,0,128,[84 -64 4 0 0 0 0 0 0 0 0 0 4 -12 5 -12 5 -11 5 -11 5 -12 6 -11 6 -11 7 -10 7 -11 7 -10 7 -10 7 -10 7 -10 7 -10 8 -10 7 -10 7 -10 7 -10 7 -9 7 -9 7 -9 7 -9 7 -9 7 -9 7 -9 7 -10 0 0 7 -9 7 -9 6 -10 6 -10 6 -10 7 -10 6 -10 6 -10 6 -10 6 -11 6 -11 6 -10 6 -11 6 -11 5 -11 6 -12 6 -11 6 -12 5 -11 6 -12 6 -12 5 -11 6 -11 5 -12 6 -12 5 -13 0 0 0 0 0 0 0 0 0 0]"
"1769326784037195,CSI_DATA,STATION,00:00:00:00:00:00,0,0,0,0,0,0,0,0,0,0,0,0,0,0,0,0,0,0,0,0,0,128,[84 -64 4 0 0 0 0 0 0 0 0 0 0 -13 2 -13 1 -12 2 -12 2 -13 3 -13 3 -12 3 -12 4 -12 4 -12 4 -12 5 -12 4 -12 4 -11 4 -11 4 -11 5 -12 4 -11 5 -11 5 -11 4 -11 4 -11 4 -11 5 -11 4 -10 4 -11 0 0 4 -11 3 -11 4 -10 3 -11 4 -11 3 -11 3 -11 3 -12 3 -12 3 -12 3 -12 2 -12 3 -12 3 -12 3 -12 2 -13 2 -12 2 -13 2 -13 2 -13 2 -13 2 -13 2 -13 2 -14 2 -14 2 -14 0 0 0 0 0 0 0 0 0 0]"
"1769326784043629,CSI_DATA,STATION,00:00:00:00:00:00,0,0,0,0,0,0,0,0,0,0,0,0,0,0,0,0,0,0,0,0,0,128,[84 -64 4 0 0 0 0 0 0 0 0 0 -9 6 -9 6 -10 5 -10 5 -10 5 -10 5 -11 5 -11 4 -11 4 -11 4 -10 3 -10 3 -11 3 -11 3 -11 3 -10 3 -11 3 -10 2 -11 3 -11 2 -11 2 -11 2 -10 2 -11 3 -10 3 -10 3 0 0 -11 3 -10 3 -10 3 -10 3 -11 3 -10 3 -11 4 -11 4 -10 4 -10 4 -10 5 -10 4 -11 4 -11 4 -11 5 -11 5 -10 5 -11 5 -11 5 -11 5 -11 5 -11 5 -11 5 -11 6 -11 6 -11 6 0 0 0 0 0 0 0 0 0 0]"
"1769326784054612,CSI_DATA,STATION,00:00:00:00:00:00,0,0,0,0,0,0,0,0,0,0,0,0,0,0,0,0,0,0,0,0,0,128,[84 -64 4 0 0 0 0 0 0 0 0 0 17 -4 17 -4 17 -3 18 -3 18 -2 18 -2 17 -2 18 -1 17 -1 17 0 17 0 17 0 17 1 17 1 17 2 16 1 16 1 16 1 16 2 16 2 16 2 16 2 15 1 15 2 16 2 16 0 0 0 16 1 16 1 16 1 16 0 16 0 16 0 16 0 16 -1 16 -1 16 -2 16 -2 16 -1 17 -1 17 -1 17 -2 17 -2 17 -2 17 -3 17 -3 17 -3 18 -3 17 -3 18 -3 18 -3 18 -4 18 -4 0 0 0 0 0 0 0 0 0 0]"
"1769326784061177,CSI_DATA,STATION,00:00:00:00:00:00,0,0,0,0,0,0,0,0,0,0,0,0,0,0,0,0,0,0,0,0,0,128,[84 -64 4 0 0 0 0 0 0 0 0 0 16 -10 17 -10 18 -9 18 -8 19 -8 18 -8 19 -7 18 -7 18 -6 18 -6 19 -6 18 -6 19 -5 18 -4 18 -4 18 -3 18 -4 18 -4 18 -3 18 -3 17 -3 17 -3 17 -4 17 -4 17 -3 17 -4 0 0 17 -4 17 -4 17 -4 17 -5 17 -5 17 -5 17 -5 17 -5 17 -6 17 -6 17 -7 17 -6 17 -6 17 -7 17 -7 18 -8 19 -8 18 -9 18 -8 18 -8 18 -9 18 -8 19 -9 19 -9 18 -10 18 -10 0 0 0 0 0 0 0 0 0 0]"
"1769326784067639,CSI_DATA,STATION,00:00:00:00:00:00,0,0,0,0,0,0,0,0,0,0,0,0,0,0,0,0,0,0,0,0,0,128,[84 -64 4 0 0 0 0 0 0 0 0 0 8 8 8 9 7 9 8 9 7 9 7 9 7 9 6 10 6 9 6 10 6 10 5 10 6 10 5 10 6 10 5 10 5 9 5 9 5 9 5 9 5 9 5 9 5 9 5 9 5 9 5 9 0 0 6 8 5 9 6 9 6 8 7 9 7 8 6 8 7 9 7 8 7 8 7 8 7 9 8 9 8 8 8 8 9 8 9 7 9 7 9 7 9 8 9 7 9 8 9 8 9 8 9 8 9 8 0 0 0 0 0 0 0 0 0 0]"
"1769326784071979,CSI_DATA,STATION,00:00:00:00:00:00,0,0,0,0,0,0,0,0,0,0,0,0,0,0,0,0,0,0,0,0,0,128,[84 -64 4 0 0 0 0 0 0 0 0 0 -5 -12 -4 -12 -4 -13 -4 -12 -3 -13 -3 -13 -2 -13 -2 -13 -2 -13 -1 -13 -1 -13 -1 -13 -1 -12 -2 -13 -1 -12 -1 -12 -1 -12 -1 -12 -1 -12 -1 -12 -1 -12 -1 -12 -1 -12 -1 -12 -1 -12 -1 -12 0 0 -2 -11 -2 -12 -2 -11 -3 -12 -2 -12 -3 -12 -2 -12 -3 -12 -3 -12 -3 -12 -3 -12 -3 -12 -4 -12 -4 -12 -4 -13 -4 -13 -4 -12 -4 -13 -4 -13 -4 -13 -4 -13 -4 -13 -5 -13 -5 -13 -5 -13 -5 -13 0 0 0 0 0 0 0 0 0 0]"
"1769326784078439,CSI_DATA,STATION,00:00:00:00:00:00,0,0,0,0,0,0,0,0,0,0,0,0,0,0,0,0,0,0,0,0,0,128,[84 -64 4 0 0 0 0 0 0 0 0 0 1 12 0 12 -1 12 -1 12 -1 12 -2 12 -2 12 -2 12 -2 12 -3 11 -3 12 -3 11 -3 12 -3 11 -3 11 -3 11 -4 11 -3 11 -4 11 -4 11 -4 10 -3 10 -3 10 -4 11 -3 10 -3 11 0 0 -3 10 -2 10 -3 10 -3 10 -3 11 -2 11 -2 11 -2 11 -2 11 -3 11 -2 11 -2 12 -1 12 -2 12 -2 11 -2 12 -1 12 -1 12 -1 13 -1 12 -1 13 -1 12 -1 12 -1 13 -1 13 -1 13 0 0 0 0 0 0 0 0 0 0]"
"1769326784084904,CSI_DATA,STATION,00:00:00:00:00:00,0,0,0,0,0,0,0,0,0,0,0,0,0,0,0,0,0,0,0,0,0,128,[84 -64 4 0 0 0 0 0 0 0 0 0 -10 -6 -10 -6 -10 -7 -10 -7 -10 -7 -9 -8 -9 -8 -9 -8 -9 -8 -9 -8 -8 -8 -8 -8 -8 -8 -8 -9 -8 -8 -8 -8 -7 -8 -7 -8 -8 -8 -8 -9 -8 -8 -8 -8 -7 -8 -7 -8 -8 -8 -7 -8 0 0 -8 -8 -8 -8 -8 -7 -8 -7 -8 -7 -8 -8 -9 -7 -9 -7 -9 -7 -9 -7 -9 -7 -9 -7 -10 -7 -10 -7 -10 -7 -10 -7 -11 -7 -10 -7 -10 -7 -10 -7 -11 -7 -11 -7 -11 -7 -11 -7 -11 -7 -11 -7 0 0 0 0 0 0 0 0 0 0]"
"1769326784091347,CSI_DATA,STATION,00:00:00:00:00:00,0,0,0,0,0,0,0,0,0,0,0,0,0,0,0,0,0,0,0,0,0,128,[84 -64 4 0 0 0 0 0 0 0 0 0 -7 -10 -8 -11 -7 -11 -7 -11 -6 -12 -6 -12 -6 -12 -5 -12 -5 -11 -5 -13 -4 -12 -4 -12 -4 -12 -4 -12 -4 -12 -4 -12 -3 -12 -4 -11 -4 -12 -3 -12 -4 -11 -4 -11 -4 -11 -4 -12 -4 -11 -4 -11 0 0 -4 -11 -5 -11 -5 -11 -5 -11 -5 -11 -5 -12 -5 -11 -5 -11 -5 -11 -6 -11 -6 -11 -6 -11 -6 -12 -6 -11 -6 -11 -6 -11 -7 -11 -7 -12 -7 -11 -7 -12 -7 -12 -7 -11 -7 -12 -7 -12 -7 -11 -7 -11 0 0 0 0 0 0 0 0 0 0]"
"1769326784095654,CSI_DATA,STATION,00:00:00:00:00:00,0,0,0,0,0,0,0,0,0,0,0,0,0,0,0,0,0,0,0,0,0,128,[84 -64 4 0 0 0 0 0 0 0 0 0 0 -16 1 -17 1 -17 2 -16 2 -16 3 -16 3 -16 4 -16 4 -16 4 -15 4 -16 5 -15 5 -15 5 -15 5 -15 5 -14 5 -14 5 -14 5 -14 6 -14 5 -14 5 -14 5 -14 5 -14 5 -14 4 -14 0 0 4 -14 4 -14 4 -14 3 -14 4 -14 3 -14 4 -15 3 -15 3 -15 3 -15 3 -15 3 -15 2 -15 2 -15 3 -16 2 -16 2 -16 2 -16 2 -17 2 -17 2 -17 2 -17 2 -17 1 -17 2 -17 1 -17 0 0 0 0 0 0 0 0 0 0]"
"1769326784099986,CSI_DATA,STATION,00:00:00:00:00:00,0,0,0,0,0,0,0,0,0,0,0,0,0,0,0,0,0,0,0,0,0,128,[84 -64 4 0 0 0 0 0 0 0 0 0 -1 -13 -1 -13 0 -13 0 -13 1 -13 0 -13 1 -13 2 -13 2 -13 2 -12 2 -12 3 -12 3 -12 2 -12 3 -12 2 -12 3 -12 2 -12 3 -12 3 -11 2 -11 2 -11 3 -11 2 -12 2 -11 2 -12 0 0 2 -11 1 -11 1 -11 1 -12 2 -12 1 -12 1 -12 1 -12 1 -12 1 -12 0 -12 1 -12 0 -12 0 -12 0 -13 -1 -13 -1 -13 0 -14 0 -13 0 -13 -1 -14 -1 -13 -1 -13 -1 -14 -1 -14 -1 -14 0 0 0 0 0 0 0 0 0 0]"
"1769326784106442,CSI_DATA,STATION,00:00:00:00:00:00,0,0,0,0,0,0,0,0,0,0,0,0,0,0,0,0,0,0,0,0,0,128,[84 -64 4 0 0 0 0 0 0 0 0 0 10 -7 10 -7 11 -7 11 -7 11 -6 10 -6 11 -5 11 -5 10 -5 12 -4 11 -4 11 -4 11 -4 11 -3 11 -3 11 -4 11 -3 11 -3 11 -3 11 -3 11 -3 11 -3 10 -3 11 -2 11 -3 10 -4 0 0 10 -3 11 -3 10 -3 11 -4 11 -4 10 -4 11 -5 11 -4 10 -4 10 -5 10 -5 11 -4 11 -5 11 -5 11 -5 11 -5 11 -6 11 -5 11 -5 11 -6 11 -6 11 -6 12 -6 12 -6 12 -6 11 -6 0 0 0 0 0 0 0 0 0 0]"
"1769326784110742,CSI_DATA,STATION,00:00:00:00:00:00,0,0,0,0,0,0,0,0,0,0,0,0,0,0,0,0,0,0,0,0,0,128,[84 -64 4 0 0 0 0 0 0 0 0 0 8 -9 8 -10 8 -9 9 -9 9 -8 9 -9 10 -8 9 -8 10 -7 10 -7 10 -7 9 -7 10 -7 10 -6 10 -7 10 -7 10 -6 9 -6 11 -6 10 -6 10 -6 10 -6 9 -6 10 -6 10 -6 9 -7 0 0 9 -6 9 -6 9 -7 9 -7 9 -7 10 -7 9 -7 9 -7 9 -8 9 -8 8 -8 9 -8 9 -8 9 -8 9 -8 9 -9 9 -8 9 -10 9 -9 9 -9 9 -10 9 -9 9 -9 9 -10 9 -10 9 -10 0 0 0 0 0 0 0 0 0 0]"
"1769326784115126,CSI_DATA,STATION,00:00:00:00:00:00,0,0,0,0,0,0,0,0,0,0,0,0,0,0,0,0,0,0,0,0,0,128,[84 -64 4 0 0 0 0 0 0 0 0 0 -15 9 -16 8 -17 7 -18 7 -17 6 -17 6 -17 6 -18 5 -17 5 -18 4 -18 5 -17 4 -18 4 -18 4 -18 3 -17 3 -17 3 -17 3 -17 3 -17 2 -17 2 -17 2 -16 3 -16 3 -17 3 -16 4 0 0 -16 4 -16 3 -16 4 -16 4 -16 4 -16 4 -16 4 -16 4 -16 5 -16 6 -16 6 -16 6 -17 6 -16 6 -16 6 -17 7 -17 7 -17 8 -17 8 -17 8 -17 8 -17 7 -17 7 -17 9 -17 9 -17 9 0 0 0 0 0 0 0 0 0 0]"
"1769326784121828,CSI_DATA,STATION,00:00:00:00:00:00,0,0,0,0,0,0,0,0,0,0,0,0,0,0,0,0,0,0,0,0,0,128,[84 -64 4 0 0 0 0 0 0 0 0 0 -12 4 -12 3 -13 3 -13 3 -13 3 -13 3 -13 2 -13 2 -13 2 -13 1 -13 2 -13 1 -13 0 -13 1 -13 0 -13 1 -13 1 -12 0 -12 0 -12 0 -12 0 -12 0 -12 0 -12 0 -12 1 -12 1 0 0 -11 1 -12 1 -12 1 -12 1 -12 1 -12 2 -12 2 -12 2 -11 2 -13 3 -12 3 -12 2 -12 2 -13 3 -12 3 -12 4 -13 3 -13 3 -12 4 -13 4 -13 4 -12 4 -13 4 -14 5 -13 4 -13 4 0 0 0 0 0 0 0 0 0 0]"
"1769326784126317,CSI_DATA,STATION,00:00:00:00:00:00,0,0,0,0,0,0,0,0,0,0,0,0,0,0,0,0,0,0,0,0,0,128,[84 -64 4 0 0 0 0 0 0 0 0 0 2 19 1 19 1 20 0 20 0 20 -1 20 -2 20 -3 20 -2 19 -3 19 -3 20 -3 19 -3 19 -3 19 -4 18 -5 19 -4 18 -4 18 -4 18 -5 18 -4 17 -4 17 -4 17 -3 17 -4 17 -3 17 0 0 -3 17 -3 18 -2 17 -2 17 -2 18 -3 18 -2 18 -1 18 -2 18 -1 18 0 18 0 18 0 18 0 19 0 19 1 19 1 19 1 19 1 19 0 20 1 20 1 20 2 20 3 20 2 20 2 20 0 0 0 0 0 0 0 0 0 0]"
"1769326784130784,CSI_DATA,STATION,00:00:00:00:00:00,0,0,0,0,0,0,0,0,0,0,0,0,0,0,0,0,0,0,0,0,0,128,[84 -64 4 0 0 0 0 0 0 0 0 0 -6 -11 -6 -12 -5 -11 -5 -12 -5 -12 -5 -13 -4 -12 -4 -13 -4 -13 -3 -12 -3 -13 -4 -12 -3 -13 -3 -13 -3 -13 -3 -12 -2 -12 -2 -12 -3 -12 -2 -12 -3 -12 -3 -12 -2 -12 -3 -12 -3 -11 -3 -12 0 0 -3 -12 -4 -12 -3 -11 -4 -11 -4 -12 -4 -11 -4 -12 -4 -12 -4 -12 -4 -11 -5 -12 -4 -12 -5 -12 -5 -12 -5 -12 -6 -12 -6 -12 -6 -12 -6 -12 -6 -13 -6 -12 -6 -12 -6 -12 -6 -13 -6 -13 -7 -13 0 0 0 0 0 0 0 0 0 0]"
"1769326784137414,CSI_DATA,STATION,00:00:00:00:00:00,0,0,0,0,0,0,0,0,0,0,0,0,0,0,0,0,0,0,0,0,0,128,[84 -64 4 0 0 0 0 0 0 0 0 0 9 -8 10 -8 10 -7 10 -8 10 -6 11 -7 11 -6 11 -5 11 -5 11 -5 11 -6 11 -5 11 -5 11 -5 11 -5 10 -5 11 -5 10 -6 10 -5 11 -4 10 -4 10 -5 10 -5 10 -5 10 -5 10 -5 0 0 10 -6 10 -5 10 -6 9 -6 9 -7 10 -6 10 -6 10 -6 9 -7 10 -7 9 -8 10 -7 9 -7 9 -7 9 -8 9 -9 9 -9 10 -9 9 -9 10 -9 9 -9 9 -9 9 -9 9 -10 9 -10 9 -10 0 0 0 0 0 0 0 0 0 0]"
"1769326784141884,CSI_DATA,STATION,00:00:00:00:00:00,0,0,0,0,0,0,0,0,0,0,0,0,0,0,0,0,0,0,0,0,0,128,[84 -64 4 0 0 0 0 0 0 0 0 0 4 -12 5 -11 5 -11 5 -12 6 -11 6 -12 6 -11 6 -11 7 -11 7 -10 7 -10 7 -11 7 -10 8 -10 8 -10 7 -9 7 -10 7 -10 7 -9 7 -9 7 -10 7 -9 7 -9 7 -10 6 -9 7 -10 0 0 6 -10 6 -10 6 -9 6 -9 6 -10 6 -10 5 -11 5 -11 6 -11 6 -11 5 -11 6 -11 6 -11 6 -11 5 -11 5 -12 5 -12 6 -12 5 -12 5 -12 5 -12 5 -12 5 -12 5 -13 4 -13 5 -13 0 0 0 0 0 0 0 0 0 0]"
"1769326784146326,CSI_DATA,STATION,00:00:00:00:00:00,0,0,0,0,0,0,0,0,0,0,0,0,0,0,0,0,0,0,0,0,0,128,[84 -64 4 0 0 0 0 0 0 0 0 0 2 13 1 11 1 12 1 12 0 13 0 12 -1 12 -1 12 -1 12 -1 13 -1 12 -2 12 -2 11 -2 12 -2 12 -2 12 -2 11 -3 11 -2 11 -2 11 -2 11 -2 11 -2 11 -2 11 -2 11 -2 11 0 0 -1 11 -1 11 -1 11 -1 11 -1 11 0 11 -1 11 0 12 -1 11 0 12 0 11 0 12 0 12 1 12 0 12 0 11 1 12 1 12 1 12 1 12 1 12 1 13 2 13 2 13 1 13 2 13 0 0 0 0 0 0 0 0 0 0]"
"1769326784153152,CSI_DATA,STATION,00:00:00:00:00:00,0,0,0,0,0,0,0,0,0,0,0,0,0,0,0,0,0,0,0,0,0,128,[84 -64 4 0 0 0 0 0 0 0 0 0 0 11 0 12 -1 11 -1 12 -1 12 -2 12 -2 12 -2 12 -3 12 -2 11 -3 12 -3 11 -3 11 -3 11 -3 11 -3 11 -4 11 -4 11 -3 11 -3 11 -4 10 -3 11 -2 10 -3 10 -3 10 -2 11 0 0 -2 10 -1 11 -2 11 -2 10 -2 11 -1 11 -2 11 -2 11 -1 11 -1 11 -1 11 -1 11 -1 12 -1 12 -1 11 0 12 0 11 0 12 0 12 0 12 0 12 0 12 0 12 1 13 1 13 0 13 0 0 0 0 0 0 0 0 0 0]"
"1769326784157547,CSI_DATA,STATION,00:00:00:00:00:00,0,0,0,0,0,0,0,0,0,0,0,0,0,0,0,0,0,0,0,0,0,128,[84 -64 4 0 0 0 0 0 0 0 0 0 0 12 1 12 0 11 -1 12 -1 12 -1 12 -2 12 -3 12 -3 12 -3 12 -2 12 -3 12 -3 12 -3 11 -4 11 -3 11 -3 11 -3 11 -4 11 -3 10 -4 11 -4 10 -4 11 -3 10 -3 10 -3 11 0 0 -3 10 -3 11 -2 10 -2 10 -2 11 -3 11 -3 11 -2 11 -3 11 -2 11 -2 11 -2 12 -2 12 -1 12 -1 12 -1 12 -2 12 -1 12 -1 13 -1 12 -1 13 -1 13 -1 12 -1 13 -1 13 -1 13 0 0 0 0 0 0 0 0 0 0]"
"1769326784161823,CSI_DATA,STATION,00:00:00:00:00:00,0,0,0,0,0,0,0,0,0,0,0,0,0,0,0,0,0,0,0,0,0,128,[84 -64 4 0 0 0 0 0 0 0 0 0 -7 -9 -7 -10 -7 -10 -7 -10 -7 -9 -6 -10 -5 -10 -5 -10 -5 -11 -5 -11 -5 -10 -4 -10 -4 -11 -5 -10 -5 -11 -5 -10 -4 -10 -4 -10 -5 -10 -4 -11 -4 -10 -5 -10 -4 -10 -5 -10 -5 -10 -5 -10 0 0 -4 -9 -5 -9 -5 -9 -5 -10 -6 -9 -6 -10 -6 -9 -6 -9 -6 -9 -7 -9 -7 -9 -6 -10 -7 -9 -7 -10 -7 -9 -7 -10 -7 -9 -8 -10 -8 -10 -8 -10 -8 -9 -8 -9 -9 -10 -8 -9 -8 -10 -9 -10 0 0 0 0 0 0 0 0 0 0]"
"1769326784168217,CSI_DATA,STATION,00:00:00:00:00:00,0,0,0,0,0,0,0,0,0,0,0,0,0,0,0,0,0,0,0,0,0,128,[84 -64 4 0 0 0 0 0 0 0 0 0 -5 10 -7 11 -6 10 -7 11 -7 10 -8 11 -7 11 -9 10 -8 9 -9 9 -8 10 -8 9 -8 9 -9 9 -9 9 -8 9 -9 9 -7 9 -8 8 -8 8 -8 8 -8 7 -8 8 -8 8 -8 8 -8 9 0 0 -7 9 -7 8 -7 9 -7 9 -8 9 -7 9 -7 9 -7 9 -7 10 -7 10 -7 10 -7 10 -7 9 -7 10 -6 10 -7 11 -6 10 -6 11 -6 11 -6 11 -6 11 -6 11 -6 11 -6 12 -6 12 -6 12 0 0 0 0 0 0 0 0 0 0]"
"1769326784172466,CSI_DATA,STATION,00:00:00:00:00:00,0,0,0,0,0,0,0,0,0,0,0,0,0,0,0,0,0,0,0,0,0,128,[84 -64 4 0 0 0 0 0 0 0 0 0 10 -4 10 -3 11 -2 11 -2 11 -2 11 -2 11 -1 11 -1 11 -1 11 -1 10 -1 10 -1 11 0 11 0 11 0 10 0 10 0 10 0 11 0 10 1 10 1 10 0 10 0 10 0 10 -1 10 -1 0 0 10 0 10 0 10 -1 10 -1 11 -1 10 -1 10 -1 11 -1 10 -2 10 -1 10 -2 11 -2 11 -2 11 -2 10 -2 11 -3 11 -2 11 -3 11 -2 11 -3 11 -3 11 -2 12 -3 12 -3 12 -3 12 -3 0 0 0 0 0 0 0 0 0 0]"
"1769326784178835,CSI_DATA,STATION,00:00:00:00:00:00,0,0,0,0,0,0,0,0,0,0,0,0,0,0,0,0,0,0,0,0,0,128,[84 -64 4 0 0 0 0 0 0 0 0 0 -17 -7 -17 -8 -17 -9 -17 -10 -16 -10 -16 -10 -15 -10 -15 -10 -15 -11 -15 -11 -15 -11 -14 -11 -14 -13 -14 -12 -14 -12 -13 -11 -13 -11 -13 -11 -13 -12 -13 -12 -13 -11 -13 -12 -12 -11 -13 -11 -13 -11 -13 -11 0 0 -13 -10 -14 -10 -13 -10 -14 -10 -14 -10 -14 -10 -14 -10 -14 -10 -14 -9 -15 -8 -15 -9 -15 -9 -15 -9 -16 -9 -16 -8 -16 -8 -16 -8 -17 -8 -17 -8 -17 -8 -17 -8 -18 -8 -17 -8 -18 -8 -18 -7 -18 -7 0 0 0 0 0 0 0 0 0 0]"
"1769326784183208,CSI_DATA,STATION,00:00:00:00:00:00,0,0,0,0,0,0,0,0,0,0,0,0,0,0,0,0,0,0,0,0,0,128,[84 -64 4 0 0 0 0 0 0 0 0 0 -9 -9 -9 -10 -8 -9 -8 -10 -8 -10 -8 -11 -8 -11 -8 -11 -7 -10 -7 -12 -6 -11 -6 -11 -6 -11 -6 -11 -6 -11 -6 -11 -6 -11 -5 -11 -6 -11 -6 -11 -6 -11 -6 -10 -5 -10 -6 -11 -6 -10 -6 -11 0 0 -6 -10 -6 -10 -6 -10 -6 -10 -6 -10 -7 -10 -7 -10 -7 -10 -7 -10 -7 -10 -7 -10 -7 -10 -8 -10 -8 -10 -8 -10 -8 -10 -8 -10 -9 -10 -9 -10 -9 -10 -9 -10 -9 -10 -9 -11 -9 -10 -9 -11 -9 -10 0 0 0 0 0 0 0 0 0 0]"
"1769326784189675,CSI_DATA,STATION,00:00:00:00:00:00,0,0,0,0,0,0,0,0,0,0,0,0,0,0,0,0,0,0,0,0,0,128,[84 -64 4 0 0 0 0 0 0 0 0 0 -6 19 -7 18 -8 18 -8 18 -8 18 -9 18 -9 17 -10 17 -10 17 -11 16 -11 16 -11 16 -12 16 -11 15 -11 15 -12 15 -11 15 -11 15 -11 14 -11 15 -11 15 -10 15 -11 14 -11 14 -11 14 -10 15 0 0 -9 15 -9 15 -9 15 -10 15 -9 15 -9 16 -8 16 -8 16 -8 16 -8 16 -8 17 -7 17 -8 17 -7 17 -7 18 -7 18 -7 18 -7 18 -6 19 -6 18 -6 20 -6 19 -6 20 -6 19 -6 20 -5 19 0 0 0 0 0 0 0 0 0 0]"
"1769326784194009,CSI_DATA,STATION,00:00:00:00:00:00,0,0,0,0,0,0,0,0,0,0,0,0,0,0,0,0,0,0,0,0,0,128,[84 -64 4 0 0 0 0 0 0 0 0 0 19 4 19 4 19 6 19 6 19 6 18 7 17 7 17 8 17 8 17 9 17 8 16 8 16 10 16 9 16 10 16 9 15 8 15 8 15 10 16 10 15 9 15 9 15 8 15 8 15 9 15 8 0 0 15 7 16 8 16 7 16 7 16 7 16 7 16 7 16 6 17 7 16 6 17 5 17 6 18 6 18 6 18 5 18 4 18 5 18 4 18 4 18 4 19 4 19 5 20 4 20 4 20 4 19 3 0 0 0 0 0 0 0 0 0 0]"
"1769326784198333,CSI_DATA,STATION,00:00:00:00:00:00,0,0,0,0,0,0,0,0,0,0,0,0,0,0,0,0,0,0,0,0,0,128,[84 -64 4 0 0 0 0 0 0 0 0 0 9 -8 10 -8 10 -7 10 -7 10 -7 11 -7 11 -6 11 -6 11 -5 11 -5 11 -6 11 -5 10 -5 11 -5 11 -5 11 -5 10 -5 10 -5 11 -5 11 -5 10 -4 10 -4 10 -5 10 -4 11 -4 10 -5 0 0 10 -5 10 -5 10 -5 10 -5 10 -5 10 -5 10 -5 10 -6 10 -6 10 -6 10 -6 10 -6 10 -6 10 -6 10 -7 10 -7 10 -7 10 -8 10 -7 10 -8 10 -7 10 -7 11 -7 10 -8 11 -8 11 -8 0 0 0 0 0 0 0 0 0 0]"
"1769326784204799,CSI_DATA,STATION,00:00:00:00:00:00,0,0,0,0,0,0,0,0,0,0,0,0,0,0,0,0,0,0,0,0,0,128,[84 -64 4 0 0 0 0 0 0 0 0 0 -4 11 -5 11 -5 11 -5 11 -5 11 -6 12 -6 11 -6 11 -6 10 -7 10 -7 11 -7 10 -7 10 -7 10 -7 9 -7 10 -7 10 -7 10 -7 9 -7 9 -7 9 -7 9 -7 9 -6 9 -6 9 -6 9 0 0 -6 9 -6 9 -5 9 -5 9 -5 10 -6 9 -6 9 -5 10 -5 10 -5 10 -5 11 -5 11 -4 11 -4 11 -5 11 -4 12 -4 11 -4 11 -4 13 -4 12 -4 12 -4 13 -4 12 -4 12 -4 13 -3 13 0 0 0 0 0 0 0 0 0 0]"
"1769326784209153,CSI_DATA,STATION,00:00:00:00:00:00,0,0,0,0,0,0,0,0,0,0,0,0,0,0,0,0,0,0,0,0,0,128,[84 -64 4 0 0 0 0 0 0 0 0 0 9 4 10 5 9 5 9 5 9 6 9 6 9 6 8 6 8 7 9 7 8 6 8 7 8 7 8 7 7 7 7 7 8 7 7 6 7 7 7 7 7 7 7 7 7 7 7 6 7 7 7 6 0 0 7 6 7 6 8 6 7 6 8 6 8 6 8 6 8 6 8 6 8 6 8 5 9 6 9 6 9 6 9 6 9 6 9 5 10 6 10 6 9 6 10 6 10 6 10 5 10 6 10 6 10 6 0 0 0 0 0 0 0 0 0 0]"
"1769326784215615,CSI_DATA,STATION,00:00:00:00:00:00,0,0,0,0,0,0,0,0,0,0,0,0,0,0,0,0,0,0,0,0,0,128,[84 -64 4 0 0 0 0 0 0 0 0 0 1 -13 3 -12 2 -12 3 -12 3 -12 4 -13 4 -12 5 -12 4 -12 5 -11 5 -12 5 -11 5 -11 5 -11 6 -11 5 -11 5 -11 5 -11 5 -11 5 -10 5 -10 5 -10 5 -10 5 -11 5 -10 4 -10 0 0 4 -11 4 -10 4 -11 4 -11 4 -11 4 -11 3 -11 3 -12 3 -11 3 -12 4 -12 3 -11 3 -11 3 -12 3 -12 3 -12 3 -12 3 -13 3 -13 3 -13 2 -13 2 -13 2 -13 2 -13 2 -13 2 -14 0 0 0 0 0 0 0 0 0 0]"
"1769326784224258,CSI_DATA,STATION,00:00:00:00:00:00,0,0,0,0,0,0,0,0,0,0,0,0,0,0,0,0,0,0,0,0,0,128,[84 -64 4 0 0 0 0 0 0 0 0 0 -13 0 -12 -1 -13 -2 -13 -2 -13 -3 -12 -2 -12 -3 -12 -3 -12 -4 -12 -4 -12 -3 -12 -4 -12 -4 -12 -4 -12 -4 -12 -4 -12 -4 -12 -4 -12 -4 -12 -4 -12 -4 -12 -4 -11 -4 -12 -4 -11 -3 -11 -3 0 0 -11 -3 -12 -3 -11 -3 -12 -2 -12 -3 -12 -3 -12 -3 -12 -2 -12 -2 -12 -2 -12 -2 -12 -2 -12 -1 -12 -2 -13 -1 -13 -1 -13 -2 -13 -1 -13 0 -14 -1 -14 -1 -13 0 -14 0 -14 0 -14 0 -13 0 0 0 0 0 0 0 0 0 0 0]"
"1769326784230707,CSI_DATA,STATION,00:00:00:00:00:00,0,0,0,0,0,0,0,0,0,0,0,0,0,0,0,0,0,0,0,0,0,128,[84 -64 4 0 0 0 0 0 0 0 0 0 6 16 5 16 5 17 4 18 3 17 3 17 3 18 2 18 2 17 1 18 1 18 1 17 1 17 1 17 0 17 0 17 0 16 0 16 0 16 0 16 0 16 0 16 0 16 0 16 0 16 1 16 0 0 1 16 1 16 1 16 1 16 2 16 2 16 1 16 2 16 2 16 2 16 3 16 3 16 3 16 4 16 3 16 4 16 4 17 5 16 4 17 4 17 5 17 5 17 5 17 6 17 5 17 6 17 0 0 0 0 0 0 0 0 0 0]"
"1769326784235052,CSI_DATA,STATION,00:00:00:00:00:00,0,0,0,0,0,0,0,0,0,0,0,0,0,0,0,0,0,0,0,0,0,128,[84 -64 4 0 0 0 0 0 0 0 0 0 13 -9 13 -9 14 -8 14 -8 14 -7 14 -8 14 -7 14 -7 14 -7 15 -6 15 -6 15 -6 14 -5 14 -5 15 -5 14 -5 14 -5 14 -5 14 -4 14 -4 14 -4 14 -4 13 -5 13 -5 13 -5 13 -5 0 0 13 -5 13 -5 13 -5 13 -6 13 -6 13 -6 13 -6 13 -6 13 -7 13 -7 13 -8 13 -7 13 -7 13 -7 13 -8 13 -9 13 -9 13 -9 13 -9 13 -9 13 -9 13 -9 13 -9 14 -10 13 -10 13 -10 0 0 0 0 0 0 0 0 0 0]"
"1769326784241503,CSI_DATA,STATION,00:00:00:00:00:00,0,0,0,0,0,0,0,0,0,0,0,0,0,0,0,0,0,0,0,0,0,128,[84 -64 4 0 0 0 0 0 0 0 0 0 -8 -16 -7 -17 -7 -17 -7 -18 -6 -18 -6 -18 -5 -18 -4 -18 -5 -18 -4 -18 -4 -18 -4 -17 -4 -18 -3 -17 -3 -18 -3 -17 -2 -17 -3 -17 -3 -17 -3 -17 -3 -17 -3 -17 -3 -16 -3 -17 -3 -16 -3 -16 0 0 -4 -16 -4 -16 -4 -16 -4 -16 -5 -17 -5 -17 -5 -16 -6 -16 -6 -16 -6 -16 -7 -16 -7 -16 -6 -16 -7 -16 -7 -16 -7 -17 -8 -17 -8 -17 -8 -17 -9 -17 -8 -17 -9 -16 -9 -17 -10 -17 -9 -17 -9 -17 0 0 0 0 0 0 0 0 0 0]"
"1769326784245856,CSI_DATA,STATION,00:00:00:00:00:00,0,0,0,0,0,0,0,0,0,0,0,0,0,0,0,0,0,0,0,0,0,128,[84 -64 4 0 0 0 0 0 0 0 0 0 2 9 2 9 2 9 1 9 1 9 1 9 0 10 -1 10 0 9 0 10 -1 10 -1 9 -1 9 -1 9 -1 9 0 9 -1 9 -1 9 -1 9 -1 9 -1 8 -1 8 -1 9 -1 9 0 9 0 8 0 0 0 8 1 9 0 8 0 9 0 9 1 9 1 9 1 9 1 9 1 9 1 9 1 10 2 9 1 9 1 10 1 9 2 10 2 10 2 10 2 10 2 10 3 10 2 10 3 10 3 10 3 10 0 0 0 0 0 0 0 0 0 0]"
"1769326784252397,CSI_DATA,STATION,00:00:00:00:00:00,0,0,0,0,0,0,0,0,0,0,0,0,0,0,0,0,0,0,0,0,0,128,[84 -64 4 0 0 0 0 0 0 0 0 0 5 -10 5 -10 5 -10 5 -10 5 -10 6 -10 6 -10 6 -10 7 -9 7 -9 7 -9 7 -9 7 -8 7 -8 7 -8 7 -8 7 -8 7 -9 6 -8 7 -8 6 -8 6 -8 7 -8 7 -9 7 -7 7 -8 0 0 6 -9 6 -8 6 -8 6 -9 6 -9 5 -9 5 -9 6 -9 5 -9 5 -10 5 -10 5 -10 5 -10 5 -10 5 -10 5 -11 5 -11 5 -11 5 -11 5 -11 5 -11 5 -11 5 -11 5 -12 5 -12 5 -12 0 0 0 0 0 0 0 0 0 0]"
"1769326784256833,CSI_DATA,STATION,00:00:00:00:00:00,0,0,0,0,0,0,0,0,0,0,0,0,0,0,0,0,0,0,0,0,0,128,[84 -64 4 0 0 0 0 0 0 0 0 0 9 -8 10 -7 11 -7 11 -6 11 -6 11 -6 11 -5 11 -6 11 -6 12 -4 11 -5 11 -5 11 -5 11 -4 11 -3 11 -4 11 -4 11 -4 11 -4 11 -4 11 -4 10 -4 11 -4 11 -4 10 -4 10 -5 0 0 10 -5 10 -5 10 -5 10 -6 10 -5 10 -5 10 -5 10 -6 9 -6 9 -6 9 -6 10 -6 10 -6 10 -6 10 -7 10 -7 10 -7 10 -8 10 -7 10 -8 10 -9 10 -8 11 -8 10 -8 10 -9 10 -9 0 0 0 0 0 0 0 0 0 0]"
"1769326784261189,CSI_DATA,STATION,00:00:00:00:00:00,0,0,0,0,0,0,0,0,0,0,0,0,0,0,0,0,0,0,0,0,0,128,[84 -64 4 0 0 0 0 0 0 0 0 0 -7 9 -8 8 -8 8 -8 7 -9 7 -9 7 -9 7 -9 7 -9 7 -10 6 -10 6 -9 6 -10 5 -10 5 -10 5 -10 6 -9 5 -9 5 -10 5 -10 5 -10 5 -9 5 -9 5 -10 5 -9 5 -9 6 0 0 -9 5 -10 5 -9 5 -9 6 -9 5 -9 5 -9 6 -9 6 -9 6 -9 7 -9 7 -9 6 -9 6 -9 7 -9 7 -9 7 -9 7 -9 7 -9 7 -10 8 -9 8 -10 8 -10 8 -10 8 -10 8 -9 8 0 0 0 0 0 0 0 0 0 0]"
"1769326784267708,CSI_DATA,STATION,00:00:00:00:00:00,0,0,0,0,0,0,0,0,0,0,0,0,0,0,0,0,0,0,0,0,0,128,[84 -64 4 0 0 0 0 0 0 0 0 0 0 -12 1 -13 1 -13 2 -13 2 -13 2 -13 3 -13 3 -13 3 -12 4 -12 4 -12 3 -12 4 -12 5 -11 4 -12 4 -11 4 -11 4 -12 4 -11 5 -11 5 -11 4 -11 4 -11 4 -11 3 -11 3 -11 0 0 3 -11 3 -11 4 -11 3 -11 3 -11 3 -11 3 -11 3 -11 2 -12 3 -12 2 -12 2 -12 2 -12 3 -12 2 -13 1 -13 2 -13 2 -13 2 -13 2 -13 2 -13 1 -13 2 -14 1 -13 2 -14 1 -14 0 0 0 0 0 0 0 0 0 0]"
"1769326784272030,CSI_DATA,STATION,00:00:00:00:00:00,0,0,0,0,0,0,0,0,0,0,0,0,0,0,0,0,0,0,0,0,0,128,[84 -64 4 0 0 0 0 0 0 0 0 0 -11 -6 -11 -6 -10 -7 -11 -7 -10 -8 -10 -8 -9 -8 -9 -8 -9 -9 -9 -9 -9 -9 -9 -9 -9 -9 -9 -10 -9 -10 -8 -9 -8 -9 -8 -9 -8 -9 -8 -9 -8 -9 -8 -9 -8 -8 -9 -9 -8 -9 -8 -9 0 0 -8 -9 -8 -9 -9 -9 -8 -8 -9 -8 -8 -8 -9 -8 -9 -8 -9 -8 -9 -8 -10 -7 -10 -8 -10 -8 -10 -8 -10 -8 -10 -8 -11 -8 -11 -7 -11 -8 -11 -8 -11 -8 -11 -7 -12 -8 -12 -8 -11 -7 -12 -7 0 0 0 0 0 0 0 0 0 0]"
"1769326784278523,CSI_DATA,STATION,00:00:00:00:00:00,0,0,0,0,0,0,0,0,0,0,0,0,0,0,0,0,0,0,0,0,0,128,[84 -64 4 0 0 0 0 0 0 0 0 0 11 -3 12 -3 12 -3 12 -2 12 -1 12 -2 12 -1 12 -1 12 -1 12 0 12 -1 11 -1 12 0 11 0 11 1 11 0 11 1 11 1 11 1 11 2 11 0 11 1 11 0 11 0 11 0 11 -1 0 0 11 0 11 0 11 0 10 -1 11 0 11 0 11 -1 11 -1 11 -1 10 -2 11 -2 11 -1 12 -2 12 -2 12 -2 12 -2 11 -1 12 -3 12 -3 12 -3 12 -3 12 -2 12 -3 12 -3 12 -3 13 -4 0 0 0 0 0 0 0 0 0 0]"
"1769326784282849,CSI_DATA,STATION,00:00:00:00:00:00,0,0,0,0,0,0,0,0,0,0,0,0,0,0,0,0,0,0,0,0,0,128,[84 -64 4 0 0 0 0 0 0 0 0 0 7 -17 7 -17 8 -16 9 -17 9 -16 9 -16 10 -15 10 -15 11 -15 11 -15 11 -15 11 -14 11 -14 11 -14 11 -13 11 -13 11 -13 11 -13 11 -12 11 -12 11 -12 11 -13 11 -12 11 -12 10 -13 10 -13 0 0 10 -13 10 -13 10 -13 10 -13 10 -13 10 -13 10 -13 9 -13 9 -14 9 -14 9 -15 8 -14 9 -14 9 -15 9 -15 9 -16 9 -15 8 -16 8 -16 8 -16 9 -17 8 -16 8 -17 8 -17 8 -18 8 -17 0 0 0 0 0 0 0 0 0 0]"
"1769326784287205,CSI_DATA,STATION,00:00:00:00:00:00,0,0,0,0,0,0,0,0,0,0,0,0,0,0,0,0,0,0,0,0,0,128,[84 -64 4 0 0 0 0 0 0 0 0 0 -12 4 -12 4 -13 3 -13 3 -12 3 -13 2 -12 2 -13 2 -13 1 -13 1 -13 1 -12 1 -12 0 -13 0 -13 0 -12 1 -12 1 -12 0 -12 0 -12 0 -12 0 -12 0 -12 0 -12 0 -12 0 -12 1 0 0 -12 1 -12 1 -12 1 -12 2 -12 1 -12 2 -12 2 -12 2 -12 3 -12 3 -12 3 -12 3 -13 3 -12 2 -12 4 -12 4 -12 3 -13 4 -12 4 -12 4 -13 4 -13 4 -13 5 -13 4 -13 4 -13 5 0 0 0 0 0 0 0 0 0 0]"
"1769326784293711,CSI_DATA,STATION,00:00:00:00:00:00,0,0,0,0,0,0,0,0,0,0,0,0,0,0,0,0,0,0,0,0,0,128,[84 -64 4 0 0 0 0 0 0 0 0 0 -4 -20 -3 -20 -3 -20 -2 -21 -1 -21 -1 -21 -1 -20 0 -20 1 -20 1 -20 1 -20 2 -20 2 -20 2 -19 2 -19 3 -19 2 -19 2 -18 2 -19 3 -19 2 -18 3 -18 2 -18 2 -18 2 -18 2 -18 0 0 2 -18 2 -18 1 -18 1 -18 1 -19 1 -19 1 -19 0 -19 0 -19 -1 -18 -1 -19 -1 -19 -1 -19 -1 -19 -1 -20 -1 -20 -2 -20 -3 -20 -2 -20 -3 -20 -2 -21 -3 -20 -3 -21 -4 -21 -3 -21 -4 -21 0 0 0 0 0 0 0 0 0 0]"
"1769326784298057,CSI_DATA,STATION,00:00:00:00:00:00,0,0,0,0,0,0,0,0,0,0,0,0,0,0,0,0,0,0,0,0,0,128,[84 -64 4 0 0 0 0 0 0 0 0 0 -10 8 -10 7 -10 7 -11 6 -11 6 -11 6 -11 6 -12 6 -11 6 -12 4 -12 5 -12 5 -12 4 -12 4 -12 4 -11 4 -12 3 -11 3 -11 3 -12 3 -11 3 -12 3 -11 4 -11 3 -11 3 -11 4 0 0 -11 4 -11 4 -11 4 -11 4 -11 4 -11 5 -11 4 -11 5 -11 5 -11 5 -11 6 -11 5 -11 5 -11 6 -11 6 -11 6 -11 6 -11 6 -11 7 -12 7 -11 7 -11 6 -12 7 -11 7 -11 7 -11 8 0 0 0 0 0 0 0 0 0 0]"
"1769326784304540,CSI_DATA,STATION,00:00:00:00:00:00,0,0,0,0,0,0,0,0,0,0,0,0,0,0,0,0,0,0,0,0,0,128,[84 -64 4 0 0 0 0 0 0 0 0 0 -9 -10 -9 -10 -9 -10 -9 -10 -8 -11 -8 -11 -7 -11 -6 -11 -6 -11 -6 -11 -7 -11 -6 -11 -6 -11 -6 -11 -6 -13 -6 -11 -5 -11 -5 -11 -6 -11 -5 -11 -5 -11 -5 -11 -5 -11 -6 -11 -6 -11 -6 -11 0 0 -6 -10 -6 -10 -6 -10 -6 -10 -6 -10 -6 -10 -7 -11 -7 -10 -7 -10 -7 -10 -7 -10 -7 -10 -8 -11 -8 -11 -7 -11 -8 -10 -8 -11 -8 -11 -8 -11 -9 -11 -9 -11 -9 -11 -9 -11 -9 -11 -9 -10 -9 -10 0 0 0 0 0 0 0 0 0 0]"
"1769326784308891,CSI_DATA,STATION,00:00:00:00:00:00,0,0,0,0,0,0,0,0,0,0,0,0,0,0,0,0,0,0,0,0,0,128,[84 -64 4 0 0 0 0 0 0 0 0 0 -2 12 -1 12 -2 12 -3 12 -3 11 -4 12 -3 12 -4 12 -4 12 -5 11 -4 11 -5 11 -5 11 -5 11 -5 11 -5 11 -4 11 -5 11 -6 10 -5 10 -5 10 -5 10 -5 10 -4 10 -5 10 -4 11 0 0 -4 10 -4 10 -4 10 -4 10 -4 11 -4 10 -4 10 -3 11 -3 11 -3 11 -3 11 -3 11 -3 11 -3 11 -3 12 -3 12 -3 12 -2 12 -2 12 -3 12 -2 13 -2 12 -3 12 -2 12 -2 13 -2 13 0 0 0 0 0 0 0 0 0 0]"
"1769326784313218,CSI_DATA,STATION,00:00:00:00:00:00,0,0,0,0,0,0,0,0,0,0,0,0,0,0,0,0,0,0,0,0,0,128,[84 -64 4 0 0 0 0 0 0 0 0 0 -12 4 -12 4 -12 2 -13 3 -12 3 -13 3 -12 2 -13 2 -12 1 -12 1 -12 1 -13 1 -12 0 -12 0 -13 0 -12 0 -12 0 -12 0 -12 0 -12 0 -12 0 -12 0 -11 1 -12 0 -12 0 -12 1 0 0 -11 1 -12 1 -12 2 -11 1 -12 1 -12 1 -12 2 -11 2 -11 2 -12 2 -12 3 -12 3 -12 3 -13 3 -12 3 -12 4 -11 4 -12 4 -12 4 -12 4 -13 4 -12 4 -13 4 -13 5 -12 5 -12 4 0 0 0 0 0 0 0 0 0 0]"
"1769326784319686,CSI_DATA,STATION,00:00:00:00:00:00,0,0,0,0,0,0,0,0,0,0,0,0,0,0,0,0,0,0,0,0,0,128,[84 -64 4 0 0 0 0 0 0 0 0 0 -11 -3 -11 -3 -11 -4 -11 -4 -12 -5 -10 -5 -10 -5 -10 -4 -10 -5 -11 -6 -10 -5 -10 -6 -10 -6 -10 -6 -10 -6 -9 -6 -9 -6 -10 -5 -9 -6 -9 -6 -9 -6 -9 -6 -9 -6 -9 -6 -10 -5 -9 -5 0 0 -9 -5 -9 -5 -10 -5 -9 -5 -10 -5 -10 -5 -10 -5 -10 -5 -10 -4 -11 -5 -11 -5 -10 -4 -11 -4 -11 -4 -11 -5 -11 -4 -11 -4 -11 -4 -11 -4 -11 -4 -11 -4 -12 -4 -12 -4 -12 -4 -12 -4 -11 -4 0 0 0 0 0 0 0 0 0 0]"
"1769326784324019,CSI_DATA,STATION,00:00:00:00:00:00,0,0,0,0,0,0,0,0,0,0,0,0,0,0,0,0,0,0,0,0,0,128,[84 -64 4 0 0 0 0 0 0 0 0 0 -15 12 -16 12 -17 11 -18 11 -17 10 -18 11 -18 10 -18 9 -17 9 -18 9 -19 8 -18 8 -19 7 -18 7 -18 7 -18 7 -18 6 -18 7 -18 6 -17 6 -17 6 -17 6 -17 6 -18 6 -17 6 -17 7 0 0 -17 7 -16 8 -17 7 -17 8 -17 8 -16 8 -16 8 -16 8 -16 9 -16 10 -16 10 -16 10 -16 10 -16 10 -16 11 -16 11 -17 11 -16 12 -16 12 -16 12 -16 13 -16 12 -16 13 -16 13 -16 13 -16 14 0 0 0 0 0 0 0 0 0 0]"
"1769326784330503,CSI_DATA,STATION,00:00:00:00:00:00,0,0,0,0,0,0,0,0,0,0,0,0,0,0,0,0,0,0,0,0,0,128,[84 -64 4 0 0 0 0 0 0 0 0 0 12 -3 11 -2 12 -2 12 -1 12 -1 12 -1 12 -1 12 -1 12 -1 12 1 12 0 11 1 13 1 12 0 11 1 11 0 11 1 11 0 11 1 12 1 12 1 11 0 11 0 11 1 11 0 11 0 0 0 11 -1 11 -1 11 -1 11 -2 11 -1 11 -2 11 -2 11 -1 11 -2 11 -2 11 -2 12 -1 12 -2 12 -2 12 -3 12 -4 12 -3 11 -4 12 -4 11 -4 12 -4 12 -4 13 -4 12 -4 12 -5 12 -4 0 0 0 0 0 0 0 0 0 0]"
"1769326784334860,CSI_DATA,STATION,00:00:00:00:00:00,0,0,0,0,0,0,0,0,0,0,0,0,0,0,0,0,0,0,0,0,0,128,[84 -64 4 0 0 0 0 0 0 0 0 0 6 -11 7 -11 6 -10 7 -11 8 -10 9 -10 8 -9 9 -9 9 -9 8 -8 8 -9 8 -9 8 -8 9 -8 9 -8 9 -8 9 -8 8 -8 8 -8 9 -7 8 -7 8 -8 8 -7 8 -8 8 -7 8 -8 0 0 8 -8 7 -8 7 -9 7 -8 7 -9 8 -8 7 -9 7 -9 7 -9 7 -10 7 -10 7 -10 7 -10 7 -10 7 -10 7 -11 6 -10 7 -11 6 -11 7 -11 7 -11 6 -11 6 -11 6 -11 6 -12 6 -12 0 0 0 0 0 0 0 0 0 0]"
"1769326784341343,CSI_DATA,STATION,00:00:00:00:00:00,0,0,0,0,0,0,0,0,0,0,0,0,0,0,0,0,0,0,0,0,0,128,[84 -64 4 0 0 0 0 0 0 0 0 0 -11 -1 -11 -2 -11 -3 -12 -3 -11 -3 -11 -3 -11 -4 -11 -3 -11 -4 -12 -5 -11 -4 -11 -4 -11 -5 -10 -5 -10 -4 -10 -5 -10 -5 -10 -5 -10 -5 -10 -5 -10 -5 -10 -5 -10 -5 -10 -5 -10 -4 -10 -4 0 0 -10 -4 -10 -4 -10 -4 -10 -4 -11 -4 -10 -4 -11 -4 -11 -4 -10 -4 -11 -4 -11 -3 -11 -3 -11 -4 -11 -4 -11 -3 -12 -3 -12 -4 -12 -3 -12 -4 -12 -3 -12 -3 -12 -4 -13 -4 -13 -3 -12 -3 -12 -3 0 0 0 0 0 0 0 0 0 0]"
"1769326784345672,CSI_DATA,STATION,00:00:00:00:00:00,0,0,0,0,0,0,0,0,0,0,0,0,0,0,0,0,0,0,0,0,0,128,[84 -64 4 0 0 0 0 0 0 0 0 0 17 -3 17 -2 17 -1 18 -1 18 0 17 0 17 0 17 0 17 1 17 2 17 1 16 2 17 3 17 3 17 3 16 3 15 2 15 3 16 3 16 4 16 3 16 3 15 2 15 3 15 3 15 2 0 0 15 2 16 2 16 2 15 1 16 2 16 1 16 2 16 0 16 0 15 0 16 0 16 0 17 0 17 0 17 -1 17 -1 17 -1 17 -2 17 -2 17 -2 18 -2 17 -1 18 -2 18 -2 18 -2 18 -3 0 0 0 0 0 0 0 0 0 0]"
"1769326784358748,CSI_DATA,STATION,00:00:00:00:00:00,0,0,0,0,0,0,0,0,0,0,0,0,0,0,0,0,0,0,0,0,0,128,[84 -64 4 0 0 0 0 0 0 0 0 0 10 6 10 6 10 6 10 6 10 7 10 7 9 7 8 8 9 8 9 9 9 7 8 8 9 8 8 8 8 8 7 8 8 8 8 8 8 8 8 8 7 7 8 8 8 8 8 8 8 8 8 7 0 0 8 7 8 8 8 7 8 7 8 7 9 7 9 7 9 6 9 6 9 6 9 6 10 6 10 7 10 6 9 6 10 5 10 6 10 6 11 6 11 6 11 6 11 6 11 6 12 5 11 6 11 5 0 0 0 0 0 0 0 0 0 0]"
"1769326784363011,CSI_DATA,STATION,00:00:00:00:00:00,0,0,0,0,0,0,0,0,0,0,0,0,0,0,0,0,0,0,0,0,0,128,[84 -64 4 0 0 0 0 0 0 0 0 0 17 -6 16 -6 17 -5 17 -4 17 -4 17 -4 17 -4 17 -3 17 -3 18 -1 18 -1 17 -2 17 -1 17 -1 17 0 16 -1 16 -1 16 -1 16 -1 16 0 16 -1 16 -1 16 -1 16 -1 16 0 16 -2 0 0 16 -2 15 -2 16 -2 16 -2 16 -2 16 -3 16 -3 16 -3 16 -4 15 -4 16 -4 16 -4 16 -3 16 -4 16 -5 17 -5 17 -5 17 -6 17 -6 16 -7 17 -7 16 -6 17 -6 18 -7 17 -7 17 -7 0 0 0 0 0 0 0 0 0 0]"
"1769326784369441,CSI_DATA,STATION,00:00:00:00:00:00,0,0,0,0,0,0,0,0,0,0,0,0,0,0,0,0,0,0,0,0,0,128,[84 -64 4 0 0 0 0 0 0 0 0 0 8 15 8 15 7 15 7 17 6 16 6 16 6 17 5 17 5 16 4 17 4 17 4 17 4 17 3 16 3 17 2 16 2 16 2 15 3 16 3 16 2 16 3 16 2 15 3 16 2 15 3 15 0 0 3 16 3 15 3 16 3 15 4 16 4 16 4 16 4 15 4 15 4 15 5 15 5 16 5 16 6 16 5 16 6 16 6 16 7 16 6 16 6 16 7 16 7 16 7 17 8 17 7 16 7 17 0 0 0 0 0 0 0 0 0 0]"
"1769326784375878,CSI_DATA,STATION,00:00:00:00:00:00,0,0,0,0,0,0,0,0,0,0,0,0,0,0,0,0,0,0,0,0,0,128,[84 -64 4 0 0 0 0 0 0 0 0 0 -13 1 -12 1 -14 0 -12 0 -14 -1 -13 0 -13 -2 -13 -1 -13 -1 -13 -2 -13 -2 -12 -2 -13 -3 -12 -3 -12 -3 -12 -3 -12 -3 -12 -3 -12 -3 -12 -3 -12 -3 -12 -3 -12 -3 -12 -3 -12 -3 -11 -2 0 0 -12 -2 -12 -2 -12 -2 -12 -1 -12 -2 -12 -1 -12 -2 -13 -1 -12 -1 -13 -1 -12 -1 -13 -1 -12 -1 -12 0 -13 0 -13 0 -13 0 -13 0 -13 1 -14 0 -14 1 -13 0 -14 0 -14 0 -14 1 -14 1 0 0 0 0 0 0 0 0 0 0]"
"1769326784380169,CSI_DATA,STATION,00:00:00:00:00:00,0,0,0,0,0,0,0,0,0,0,0,0,0,0,0,0,0,0,0,0,0,128,[84 -64 4 0 0 0 0 0 0 0 0 0 -7 17 -8 16 -9 16 -9 16 -9 16 -9 15 -10 15 -10 15 -11 14 -11 15 -12 14 -11 14 -12 14 -12 13 -12 13 -12 13 -12 12 -12 12 -12 11 -11 12 -12 12 -12 12 -11 12 -11 12 -11 12 -11 12 0 0 -11 12 -11 13 -11 12 -11 13 -11 12 -10 12 -10 13 -10 13 -10 14 -10 14 -10 14 -10 14 -10 14 -9 15 -10 15 -9 15 -9 15 -9 15 -9 16 -9 15 -9 16 -9 16 -9 16 -9 16 -9 17 -8 16 0 0 0 0 0 0 0 0 0 0]"
"1769326784386644,CSI_DATA,STATION,00:00:00:00:00:00,0,0,0,0,0,0,0,0,0,0,0,0,0,0,0,0,0,0,0,0,0,128,[84 -64 4 0 0 0 0 0 0 0 0 0 -10 7 -10 7 -11 6 -11 6 -11 6 -11 6 -12 6 -11 5 -11 5 -12 5 -11 5 -12 4 -11 3 -12 4 -12 4 -11 4 -11 3 -11 4 -12 3 -11 3 -11 3 -12 3 -11 3 -11 3 -11 4 -11 4 0 0 -10 5 -10 4 -11 5 -10 5 -10 4 -11 5 -11 5 -11 5 -10 6 -11 6 -11 6 -11 5 -11 6 -11 6 -10 6 -10 7 -11 6 -11 7 -11 7 -11 7 -11 7 -11 7 -10 7 -11 7 -11 7 -11 8 0 0 0 0 0 0 0 0 0 0]"
"1769326784391011,CSI_DATA,STATION,00:00:00:00:00:00,0,0,0,0,0,0,0,0,0,0,0,0,0,0,0,0,0,0,0,0,0,128,[84 -64 4 0 0 0 0 0 0 0 0 0 1 12 0 12 -1 12 0 12 -1 12 -1 12 -1 12 -2 12 -2 12 -3 11 -2 12 -2 11 -3 11 -3 11 -3 12 -2 11 -3 11 -3 11 -3 11 -3 11 -3 11 -2 11 -3 11 -2 11 -2 11 -2 11 0 0 -2 11 -1 11 -1 11 -1 11 -1 11 -1 11 -1 11 -1 11 -1 11 -1 11 -1 11 0 11 0 12 0 12 0 12 0 12 1 12 0 13 1 13 1 12 1 13 1 13 1 12 2 12 1 13 1 13 0 0 0 0 0 0 0 0 0 0]"
"1769326784397496,CSI_DATA,STATION,00:00:00:00:00:00,0,0,0,0,0,0,0,0,0,0,0,0,0,0,0,0,0,0,0,0,0,128,[84 -64 4 0 0 0 0 0 0 0 0 0 8 -10 9 -9 8 -8 9 -9 9 -8 10 -9 9 -8 10 -7 10 -8 10 -7 9 -8 10 -7 10 -7 10 -6 10 -6 10 -7 10 -6 9 -6 10 -6 10 -6 10 -6 9 -6 9 -6 9 -6 9 -6 9 -6 0 0 9 -7 8 -7 9 -7 8 -7 9 -7 9 -8 8 -7 9 -8 8 -8 8 -9 8 -9 8 -8 8 -9 9 -8 8 -9 8 -9 8 -9 8 -10 9 -10 8 -10 8 -10 8 -10 8 -10 8 -10 8 -11 8 -11 0 0 0 0 0 0 0 0 0 0]"
"1769326784401816,CSI_DATA,STATION,00:00:00:00:00:00,0,0,0,0,0,0,0,0,0,0,0,0,0,0,0,0,0,0,0,0,0,128,[84 -64 4 0 0 0 0 0 0 0 0 0 3 11 4 11 3 11 2 12 2 11 2 12 1 12 1 13 1 12 1 11 1 12 0 12 0 12 0 11 0 12 0 11 -1 11 -1 11 0 11 0 11 -1 11 -1 11 -1 11 0 11 0 11 0 11 0 0 0 11 1 11 1 11 1 11 0 11 1 11 1 11 1 11 1 10 1 11 1 11 1 12 2 12 1 11 1 12 2 12 2 11 1 12 2 12 2 12 2 13 2 12 2 12 2 12 2 13 3 13 0 0 0 0 0 0 0 0 0 0]"
"1769326784408310,CSI_DATA,STATION,00:00:00:00:00:00,0,0,0,0,0,0,0,0,0,0,0,0,0,0,0,0,0,0,0,0,0,128,[84 -64 4 0 0 0 0 0 0 0 0 0 -11 7 -11 6 -11 6 -12 6 -11 5 -12 5 -12 5 -12 4 -12 4 -12 4 -12 4 -12 4 -12 3 -12 4 -12 3 -12 3 -12 4 -11 3 -12 3 -12 3 -11 2 -12 3 -11 3 -11 3 -11 3 -11 4 0 0 -11 4 -11 3 -11 4 -11 4 -11 4 -11 4 -12 5 -11 4 -11 5 -11 5 -11 6 -11 5 -11 6 -11 6 -11 6 -11 7 -10 6 -11 7 -11 7 -11 7 -11 7 -12 7 -11 7 -11 7 -11 8 -11 8 0 0 0 0 0 0 0 0 0 0]"
"1769326784412619,CSI_DATA,STATION,00:00:00:00:00:00,0,0,0,0,0,0,0,0,0,0,0,0,0,0,0,0,0,0,0,0,0,128,[84 -64 4 0 0 0 0 0 0 0 0 0 9 -8 9 -8 10 -7 11 -7 11 -7 9 -7 10 -7 11 -6 11 -7 12 -6 11 -5 11 -6 11 -5 11 -5 12 -4 11 -5 10 -4 10 -5 11 -4 11 -5 10 -4 10 -4 10 -5 10 -4 10 -4 10 -5 0 0 10 -5 11 -5 10 -5 10 -5 10 -5 10 -5 10 -5 10 -6 10 -7 10 -6 10 -6 10 -6 11 -6 10 -6 10 -7 10 -7 10 -7 10 -7 11 -8 10 -8 10 -7 11 -7 11 -7 11 -7 11 -8 11 -8 0 0 0 0 0 0 0 0 0 0]"
"1769326784416981,CSI_DATA,STATION,00:00:00:00:00:00,0,0,0,0,0,0,0,0,0,0,0,0,0,0,0,0,0,0,0,0,0,128,[84 -64 4 0 0 0 0 0 0 0 0 0 -7 -11 -7 -11 -7 -11 -7 -12 -6 -11 -6 -12 -5 -12 -5 -12 -5 -12 -5 -12 -4 -12 -4 -12 -4 -12 -4 -12 -4 -12 -3 -12 -3 -12 -3 -11 -3 -12 -4 -12 -3 -11 -3 -11 -3 -11 -3 -12 -4 -11 -4 -11 0 0 -3 -11 -4 -11 -4 -12 -4 -12 -5 -11 -5 -11 -5 -11 -5 -11 -5 -11 -5 -11 -5 -11 -5 -11 -6 -12 -6 -12 -5 -12 -6 -11 -6 -12 -6 -12 -6 -11 -6 -12 -7 -12 -7 -12 -7 -12 -7 -12 -7 -12 -7 -12 0 0 0 0 0 0 0 0 0 0]"
"1769326784423437,CSI_DATA,STATION,00:00:00:00:00:00,0,0,0,0,0,0,0,0,0,0,0,0,0,0,0,0,0,0,0,0,0,128,[84 -64 4 0 0 0 0 0 0 0 0 0 -12 4 -12 3 -13 2 -13 2 -13 2 -13 2 -12 2 -13 1 -13 1 -13 0 -13 0 -13 0 -13 0 -13 0 -13 0 -12 0 -12 0 -12 0 -12 0 -13 -1 -13 0 -12 -1 -12 0 -12 0 -12 0 -12 0 0 0 -12 0 -11 1 -12 1 -11 2 -13 1 -12 1 -12 2 -12 1 -12 2 -12 2 -12 2 -12 2 -12 2 -12 2 -12 3 -13 3 -12 2 -12 3 -12 4 -13 3 -13 4 -13 4 -13 3 -13 4 -13 4 -13 4 0 0 0 0 0 0 0 0 0 0]"
"1769326784427739,CSI_DATA,STATION,00:00:00:00:00:00,0,0,0,0,0,0,0,0,0,0,0,0,0,0,0,0,0,0,0,0,0,128,[84 -64 4 0 0 0 0 0 0 0 0 0 0 -13 1 -13 2 -13 2 -12 3 -13 3 -13 3 -13 3 -12 3 -12 4 -12 4 -12 4 -12 5 -12 4 -12 4 -12 4 -11 5 -12 4 -12 5 -11 5 -11 4 -10 4 -11 5 -11 4 -11 4 -11 4 -11 0 0 4 -11 4 -10 3 -11 3 -11 3 -12 3 -11 4 -11 3 -12 3 -12 3 -12 2 -12 3 -12 2 -12 3 -12 2 -13 2 -13 2 -13 3 -13 3 -13 2 -13 2 -13 2 -13 2 -13 2 -13 2 -14 2 -14 0 0 0 0 0 0 0 0 0 0]"
"1769326784434182,CSI_DATA,STATION,00:00:00:00:00:00,0,0,0,0,0,0,0,0,0,0,0,0,0,0,0,0,0,0,0,0,0,128,[84 -64 4 0 0 0 0 0 0 0 0 0 -9 9 -8 8 -9 9 -9 8 -10 8 -10 7 -9 8 -10 7 -10 6 -11 6 -11 7 -10 6 -10 6 -10 6 -11 6 -11 7 -10 6 -10 7 -10 6 -10 5 -10 5 -10 5 -10 6 -10 6 -9 5 -10 6 0 0 -10 6 -9 6 -9 6 -10 6 -9 7 -9 6 -9 7 -10 7 -9 7 -9 8 -9 8 -9 8 -9 8 -9 8 -9 8 -8 8 -9 9 -9 8 -9 9 -9 9 -9 9 -9 9 -9 9 -9 10 -9 10 -10 9 0 0 0 0 0 0 0 0 0 0]"
"1769326784438485,CSI_DATA,STATION,00:00:00:00:00:00,0,0,0,0,0,0,0,0,0,0,0,0,0,0,0,0,0,0,0,0,0,128,[84 -64 4 0 0 0 0 0 0 0 0 0 5 10 5 10 4 11 4 11 4 11 4 11 3 11 3 12 2 11 2 11 3 12 2 12 2 11 2 11 1 11 2 11 1 11 1 11 2 11 2 11 1 11 1 11 1 10 1 11 2 11 2 11 0 0 2 10 2 10 2 10 2 11 3 11 3 10 3 10 3 11 2 10 3 11 3 11 3 11 3 11 3 11 4 11 4 11 4 11 4 11 4 11 4 11 4 11 4 11 5 12 5 11 5 12 5 12 0 0 0 0 0 0 0 0 0 0]"
"1769326784442788,CSI_DATA,STATION,00:00:00:00:00:00,0,0,0,0,0,0,0,0,0,0,0,0,0,0,0,0,0,0,0,0,0,128,[84 -64 4 0 0 0 0 0 0 0 0 0 11 -3 12 -2 12 -1 12 -1 12 -1 12 -1 12 0 12 0 12 0 11 1 12 1 11 0 12 1 12 1 12 2 11 1 11 2 11 1 11 1 11 2 11 2 11 2 11 1 11 2 11 1 11 0 0 0 11 1 11 1 11 1 10 0 12 1 11 0 11 0 11 0 11 0 11 0 11 -1 11 0 12 -1 12 -1 11 -1 12 -1 12 -1 12 -1 13 -2 12 -2 13 -2 12 -1 13 -2 13 -1 13 -2 12 -2 0 0 0 0 0 0 0 0 0 0]"
"1769326784449286,CSI_DATA,STATION,00:00:00:00:00:00,0,0,0,0,0,0,0,0,0,0,0,0,0,0,0,0,0,0,0,0,0,128,[84 -64 4 0 0 0 0 0 0 0 0 0 -2 12 -3 12 -3 11 -3 12 -4 11 -5 12 -5 12 -5 12 -6 11 -6 11 -5 11 -6 11 -6 10 -6 10 -7 11 -6 10 -6 11 -6 10 -6 10 -6 10 -6 10 -6 10 -6 9 -6 9 -6 10 -5 10 0 0 -6 10 -4 9 -5 10 -5 10 -5 10 -5 10 -4 10 -5 10 -4 11 -5 11 -4 11 -4 11 -4 11 -4 11 -4 11 -4 12 -3 11 -4 12 -4 12 -3 12 -4 12 -4 12 -4 12 -4 12 -4 13 -3 13 0 0 0 0 0 0 0 0 0 0]"
"1769326784453655,CSI_DATA,STATION,00:00:00:00:00:00,0,0,0,0,0,0,0,0,0,0,0,0,0,0,0,0,0,0,0,0,0,128,[84 -64 4 0 0 0 0 0 0 0 0 0 -5 -12 -4 -12 -4 -13 -4 -12 -4 -13 -3 -13 -2 -12 -2 -13 -2 -13 -2 -12 -2 -13 -2 -13 -1 -12 -2 -13 -1 -13 -1 -12 0 -12 0 -12 0 -13 -1 -12 -1 -12 0 -12 -1 -13 -1 -12 -1 -12 -1 -12 0 0 -1 -12 -1 -12 -2 -12 -2 -12 -2 -12 -2 -12 -2 -12 -2 -12 -2 -12 -2 -12 -3 -12 -3 -12 -3 -12 -3 -13 -3 -13 -3 -13 -4 -13 -4 -13 -3 -13 -3 -13 -3 -13 -4 -13 -4 -13 -4 -13 -4 -14 -4 -14 0 0 0 0 0 0 0 0 0 0]"
"1769326784460237,CSI_DATA,STATION,00:00:00:00:00:00,0,0,0,0,0,0,0,0,0,0,0,0,0,0,0,0,0,0,0,0,0,128,[84 -64 4 0 0 0 0 0 0 0 0 0 12 1 12 2 12 3 12 3 12 3 11 4 11 3 11 4 11 4 11 5 11 5 10 5 11 5 11 5 10 6 10 5 10 5 10 5 10 5 10 6 10 6 10 5 10 5 10 5 10 5 10 5 0 0 9 5 9 5 10 5 10 4 10 5 10 4 10 4 11 4 10 3 11 4 10 4 11 4 11 4 11 3 11 3 12 3 12 3 11 3 12 3 12 3 12 3 12 3 12 3 12 3 12 3 12 3 0 0 0 0 0 0 0 0 0 0]"
"1769326784464601,CSI_DATA,STATION,00:00:00:00:00:00,0,0,0,0,0,0,0,0,0,0,0,0,0,0,0,0,0,0,0,0,0,128,[84 -64 4 0 0 0 0 0 0 0 0 0 0 -13 1 -13 1 -13 2 -13 2 -13 2 -13 3 -13 3 -12 3 -13 4 -12 4 -13 4 -12 4 -12 4 -12 4 -11 4 -11 4 -11 4 -12 4 -11 5 -11 4 -11 4 -11 4 -11 4 -11 4 -11 3 -12 0 0 3 -11 3 -11 3 -11 3 -11 3 -11 3 -11 2 -11 2 -12 2 -12 2 -12 2 -12 3 -12 2 -12 2 -12 2 -13 2 -13 2 -13 2 -13 1 -13 2 -14 2 -13 1 -13 2 -13 1 -13 1 -14 1 -14 0 0 0 0 0 0 0 0 0 0]"
"1769326784468963,CSI_DATA,STATION,00:00:00:00:00:00,0,0,0,0,0,0,0,0,0,0,0,0,0,0,0,0,0,0,0,0,0,128,[84 -64 4 0 0 0 0 0 0 0 0 0 -9 -4 -10 -4 -9 -5 -10 -5 -10 -5 -10 -5 -9 -5 -9 -5 -9 -6 -9 -6 -9 -6 -9 -6 -9 -6 -9 -6 -8 -7 -8 -6 -8 -6 -8 -6 -8 -7 -8 -7 -8 -7 -8 -6 -8 -6 -8 -6 -8 -6 -8 -6 0 0 -8 -6 -8 -6 -9 -6 -8 -5 -9 -5 -9 -6 -9 -6 -9 -5 -9 -5 -9 -5 -9 -5 -10 -5 -9 -5 -9 -5 -10 -5 -10 -5 -10 -5 -10 -5 -10 -5 -11 -5 -10 -5 -11 -5 -11 -5 -11 -5 -11 -5 -11 -5 0 0 0 0 0 0 0 0 0 0]"
"1769326784475502,CSI_DATA,STATION,00:00:00:00:00:00,0,0,0,0,0,0,0,0,0,0,0,0,0,0,0,0,0,0,0,0,0,128,[84 -64 4 0 0 0 0 0 0 0 0 0 8 15 7 16 7 16 6 17 6 17 5 16 4 17 4 17 4 17 4 17 3 17 3 17 3 16 3 17 2 17 2 16 2 16 2 16 2 16 2 16 2 16 2 16 2 16 2 15 2 16 2 15 0 0 2 15 3 15 3 16 3 15 3 15 3 16 3 16 4 16 4 15 4 15 4 15 4 15 5 16 5 16 5 16 5 16 6 17 6 15 6 16 6 16 6 16 7 16 7 17 7 17 7 17 7 17 0 0 0 0 0 0 0 0 0 0]"
"1769326784479878,CSI_DATA,STATION,00:00:00:00:00:00,0,0,0,0,0,0,0,0,0,0,0,0,0,0,0,0,0,0,0,0,0,128,[84 -64 4 0 0 0 0 0 0 0 0 0 -4 -11 -4 -11 -3 -12 -3 -12 -2 -11 -2 -12 -2 -11 -2 -12 -1 -12 -1 -12 -1 -12 -1 -11 -1 -12 -1 -11 -1 -12 -1 -12 0 -11 0 -11 0 -12 0 -11 0 -11 -1 -11 -1 -11 -1 -11 -1 -11 -1 -11 0 0 -1 -11 -2 -11 -1 -11 -1 -11 -2 -11 -2 -11 -2 -12 -2 -11 -2 -11 -2 -11 -3 -11 -3 -11 -3 -11 -3 -12 -3 -12 -3 -12 -3 -12 -4 -12 -3 -12 -3 -12 -3 -12 -4 -12 -4 -13 -4 -12 -4 -13 -4 -12 0 0 0 0 0 0 0 0 0 0]"
"1769326784484239,CSI_DATA,STATION,00:00:00:00:00:00,0,0,0,0,0,0,0,0,0,0,0,0,0,0,0,0,0,0,0,0,0,128,[84 -64 4 0 0 0 0 0 0 0 0 0 -1 -13 0 -13 0 -13 1 -13 1 -13 2 -13 2 -13 2 -13 3 -13 2 -13 2 -13 3 -12 2 -13 3 -12 3 -12 3 -12 4 -12 3 -12 3 -12 4 -12 4 -11 3 -11 3 -11 3 -12 2 -12 3 -11 0 0 3 -11 2 -11 2 -11 2 -11 2 -12 2 -12 2 -12 2 -12 1 -12 1 -12 1 -13 1 -12 1 -12 1 -13 1 -13 0 -13 1 -13 0 -13 1 -13 1 -13 1 -13 1 -13 0 -13 0 -14 0 -14 0 -13 0 0 0 0 0 0 0 0 0 0]"
"1769326784490732,CSI_DATA,STATION,00:00:00:00:00:00,0,0,0,0,0,0,0,0,0,0,0,0,0,0,0,0,0,0,0,0,0,128,[84 -64 4 0 0 0 0 0 0 0 0 0 0 -13 1 -13 1 -12 1 -13 2 -13 2 -13 2 -13 3 -13 3 -12 3 -12 3 -13 3 -12 4 -12 4 -11 4 -12 4 -12 4 -12 4 -12 4 -11 4 -11 4 -11 3 -11 4 -11 4 -11 3 -11 3 -11 0 0 3 -11 3 -11 3 -11 3 -11 3 -12 2 -12 2 -11 2 -12 2 -12 2 -12 2 -12 2 -12 1 -12 2 -12 2 -13 1 -13 2 -13 2 -13 1 -13 1 -13 1 -13 1 -13 1 -14 1 -13 1 -13 1 -14 0 0 0 0 0 0 0 0 0 0]"
"1769326784495045,CSI_DATA,STATION,00:00:00:00:00:00,0,0,0,0,0,0,0,0,0,0,0,0,0,0,0,0,0,0,0,0,0,128,[84 -64 4 0 0 0 0 0 0 0 0 0 6 -11 7 -11 7 -10 7 -10 8 -10 8 -10 8 -9 8 -9 8 -9 9 -8 8 -9 8 -9 8 -8 9 -8 9 -8 9 -8 9 -8 8 -8 9 -8 9 -8 9 -7 8 -7 8 -8 8 -8 8 -8 8 -8 0 0 8 -8 8 -8 8 -8 7 -8 8 -9 8 -9 8 -9 8 -9 7 -9 7 -10 8 -9 7 -10 8 -9 8 -10 7 -10 8 -10 7 -10 7 -11 7 -11 7 -10 7 -12 7 -11 7 -11 7 -12 7 -12 7 -11 0 0 0 0 0 0 0 0 0 0]"
"1769326784499366,CSI_DATA,STATION,00:00:00:00:00:00,0,0,0,0,0,0,0,0,0,0,0,0,0,0,0,0,0,0,0,0,0,128,[84 -64 4 0 0 0 0 0 0 0 0 0 2 -13 2 -13 2 -12 2 -12 3 -13 3 -13 3 -13 4 -12 4 -12 4 -12 4 -12 5 -12 5 -11 5 -11 5 -11 4 -11 5 -11 4 -11 5 -11 5 -11 5 -11 4 -11 5 -11 5 -11 5 -10 5 -11 0 0 4 -11 4 -11 4 -11 3 -11 4 -11 3 -11 3 -11 3 -11 3 -12 4 -12 3 -12 3 -11 3 -12 3 -12 2 -12 3 -13 2 -13 3 -14 2 -13 2 -13 2 -13 2 -13 2 -13 2 -13 3 -13 2 -13 0 0 0 0 0 0 0 0 0 0]"
"1769326784505841,CSI_DATA,STATION,00:00:00:00:00:00,0,0,0,0,0,0,0,0,0,0,0,0,0,0,0,0,0,0,0,0,0,128,[84 -64 4 0 0 0 0 0 0 0 0 0 -16 -13 -15 -14 -15 -15 -15 -15 -14 -16 -14 -16 -13 -16 -13 -16 -12 -16 -13 -17 -12 -17 -12 -17 -12 -17 -11 -17 -11 -17 -11 -17 -10 -17 -10 -17 -11 -17 -10 -16 -10 -17 -10 -16 -9 -16 -10 -17 -11 -16 -10 -16 0 0 -10 -16 -11 -15 -11 -16 -11 -15 -12 -16 -12 -15 -12 -15 -12 -15 -12 -15 -12 -14 -13 -15 -13 -14 -13 -15 -14 -14 -14 -14 -14 -14 -14 -16 -14 -14 -15 -15 -15 -14 -15 -14 -16 -14 -16 -15 -16 -15 -16 -14 -16 -14 0 0 0 0 0 0 0 0 0 0]"
"1769326784510172,CSI_DATA,STATION,00:00:00:00:00:00,0,0,0,0,0,0,0,0,0,0,0,0,0,0,0,0,0,0,0,0,0,128,[84 -64 4 0 0 0 0 0 0 0 0 0 -6 10 -7 10 -7 10 -8 10 -8 10 -8 9 -8 9 -8 8 -9 8 -9 8 -9 9 -10 8 -9 8 -9 7 -10 7 -9 8 -9 7 -8 7 -10 7 -10 7 -9 7 -9 7 -9 7 -9 7 -9 7 -9 7 0 0 -9 8 -9 8 -8 7 -9 8 -8 8 -9 8 -8 8 -9 8 -8 9 -8 9 -8 9 -8 9 -8 9 -8 9 -8 9 -8 10 -7 9 -7 10 -8 11 -7 10 -8 11 -8 10 -8 10 -8 10 -7 11 -7 11 0 0 0 0 0 0 0 0 0 0]"
"1769326784516645,CSI_DATA,STATION,00:00:00:00:00:00,0,0,0,0,0,0,0,0,0,0,0,0,0,0,0,0,0,0,0,0,0,128,[84 -64 4 0 0 0 0 0 0 0 0 0 -12 4 -12 4 -13 3 -13 3 -13 2 -12 2 -13 2 -13 2 -13 1 -13 1 -13 1 -12 1 -13 0 -12 0 -13 0 -12 1 -12 0 -12 0 -12 0 -12 0 -12 0 -12 -1 -12 0 -12 0 -12 0 -12 1 0 0 -12 1 -12 1 -12 1 -12 1 -12 1 -12 1 -12 1 -12 1 -12 2 -12 2 -12 3 -13 2 -13 2 -13 3 -12 2 -12 3 -13 3 -12 3 -13 3 -13 3 -13 4 -13 3 -13 4 -13 4 -13 4 -13 4 0 0 0 0 0 0 0 0 0 0]"
"1769326784520986,CSI_DATA,STATION,00:00:00:00:00:00,0,0,0,0,0,0,0,0,0,0,0,0,0,0,0,0,0,0,0,0,0,128,[84 -64 4 0 0 0 0 0 0 0 0 0 4 12 4 12 4 14 3 14 3 13 2 13 2 14 2 14 1 14 1 14 0 13 0 13 0 13 0 13 0 13 0 13 0 12 -1 12 0 12 0 13 0 13 0 12 0 13 0 12 0 12 0 12 0 0 1 12 1 12 1 12 1 13 1 12 2 12 2 13 2 13 2 12 2 13 2 13 2 13 3 13 3 13 3 13 3 13 4 13 4 13 4 13 3 13 4 14 5 13 4 14 4 14 4 14 4 14 0 0 0 0 0 0 0 0 0 0]"
"1769326784527443,CSI_DATA,STATION,00:00:00:00:00:00,0,0,0,0,0,0,0,0,0,0,0,0,0,0,0,0,0,0,0,0,0,128,[84 -64 4 0 0 0 0 0 0 0 0 0 0 12 0 12 -1 12 -1 12 -1 12 -2 12 -2 12 -3 12 -3 11 -3 12 -2 12 -3 12 -3 11 -3 12 -4 12 -3 11 -4 11 -4 11 -4 11 -4 10 -4 11 -4 10 -3 11 -3 10 -3 11 -3 11 0 0 -3 11 -2 11 -2 11 -3 11 -3 11 -2 11 -2 11 -2 11 -2 11 -2 11 -1 11 -1 12 -1 12 -1 12 -1 12 -1 12 -1 12 -1 12 -1 12 -1 12 0 13 -1 12 0 13 0 12 0 13 0 13 0 0 0 0 0 0 0 0 0 0]"
"1769326784531772,CSI_DATA,STATION,00:00:00:00:00:00,0,0,0,0,0,0,0,0,0,0,0,0,0,0,0,0,0,0,0,0,0,128,[84 -64 4 0 0 0 0 0 0 0 0 0 1 -13 1 -13 2 -13 1 -12 2 -13 3 -13 3 -13 3 -13 4 -12 4 -12 4 -12 4 -12 4 -12 4 -12 4 -11 5 -11 4 -11 4 -12 4 -11 4 -11 4 -11 4 -11 4 -12 4 -11 3 -11 3 -12 0 0 3 -11 3 -11 3 -11 3 -11 3 -12 3 -12 2 -11 3 -12 2 -12 2 -12 2 -12 2 -12 2 -12 2 -13 2 -13 1 -13 1 -13 2 -13 1 -13 1 -13 2 -14 2 -13 1 -14 1 -13 1 -14 1 -14 0 0 0 0 0 0 0 0 0 0]"
"1769326784536220,CSI_DATA,STATION,00:00:00:00:00:00,0,0,0,0,0,0,0,0,0,0,0,0,0,0,0,0,0,0,0,0,0,128,[84 -64 4 0 0 0 0 0 0 0 0 0 2 12 2 12 2 12 1 12 1 12 0 12 0 12 -1 12 0 12 -1 11 -1 12 -1 11 -1 12 -1 12 -1 12 -1 11 -1 11 -2 11 -2 11 -1 11 -1 11 -2 10 -1 11 -1 11 -1 11 -1 11 0 0 -1 11 0 11 0 11 0 11 0 11 0 11 0 11 1 11 1 12 0 11 1 11 1 11 1 12 1 11 1 12 2 12 2 12 1 12 2 12 1 12 2 12 2 12 2 12 2 12 2 13 2 13 0 0 0 0 0 0 0 0 0 0]"
"1769326784542717,CSI_DATA,STATION,00:00:00:00:00:00,0,0,0,0,0,0,0,0,0,0,0,0,0,0,0,0,0,0,0,0,0,128,[84 -64 4 0 0 0 0 0 0 0 0 0 2 -13 3 -13 3 -12 3 -12 4 -12 4 -13 4 -12 5 -12 5 -12 6 -11 5 -12 5 -11 5 -11 6 -11 6 -11 6 -10 6 -11 5 -11 6 -11 5 -11 6 -10 5 -11 5 -11 5 -11 5 -10 5 -10 0 0 5 -11 5 -10 4 -11 4 -10 4 -11 4 -11 4 -11 4 -11 4 -11 4 -12 3 -12 4 -11 4 -12 3 -12 3 -12 3 -13 3 -12 3 -14 3 -13 3 -13 3 -13 3 -13 2 -13 3 -13 2 -13 2 -14 0 0 0 0 0 0 0 0 0 0]"
"1769326784547048,CSI_DATA,STATION,00:00:00:00:00:00,0,0,0,0,0,0,0,0,0,0,0,0,0,0,0,0,0,0,0,0,0,128,[84 -64 4 0 0 0 0 0 0 0 0 0 1 11 0 12 0 12 -1 12 -1 12 -1 12 -2 12 -3 11 -3 12 -3 11 -3 12 -3 12 -3 11 -3 11 -3 11 -4 11 -3 12 -3 11 -3 11 -3 11 -4 10 -3 11 -3 11 -3 11 -3 11 -3 11 0 0 -3 11 -2 10 -1 11 -2 11 -2 11 -2 11 -2 11 -1 11 -1 11 -2 11 -1 12 -1 11 -1 12 -1 11 -1 12 0 12 0 12 0 12 0 13 0 12 -1 13 0 12 0 12 0 13 0 13 0 13 0 0 0 0 0 0 0 0 0 0]"
"1769326784551383,CSI_DATA,STATION,00:00:00:00:00:00,0,0,0,0,0,0,0,0,0,0,0,0,0,0,0,0,0,0,0,0,0,128,[84 -64 4 0 0 0 0 0 0 0 0 0 5 11 5 11 4 11 4 11 3 11 3 11 3 12 2 11 2 11 2 11 2 12 2 11 2 11 2 11 1 12 1 11 1 11 1 11 1 12 1 11 1 11 1 11 1 11 1 11 2 11 2 11 0 0 2 11 2 11 3 11 3 11 2 11 3 11 3 11 3 11 3 10 3 11 4 11 3 11 4 11 4 11 4 11 5 11 4 11 4 11 5 11 5 11 5 11 5 11 5 11 5 11 5 11 5 12 0 0 0 0 0 0 0 0 0 0]"
"1769326784558012,CSI_DATA,STATION,00:00:00:00:00:00,0,0,0,0,0,0,0,0,0,0,0,0,0,0,0,0,0,0,0,0,0,128,[84 -64 4 0 0 0 0 0 0 0 0 0 -6 -12 -5 -12 -5 -12 -5 -12 -4 -13 -4 -13 -3 -13 -3 -13 -3 -13 -3 -13 -3 -13 -3 -13 -2 -12 -2 -12 -2 -13 -2 -12 -1 -12 -1 -12 -2 -12 -2 -12 -1 -12 -2 -12 -2 -12 -2 -12 -2 -12 -2 -12 0 0 -2 -12 -3 -12 -3 -12 -3 -12 -3 -12 -3 -12 -3 -12 -3 -12 -3 -12 -4 -12 -4 -12 -4 -12 -5 -12 -4 -12 -4 -12 -5 -12 -5 -12 -5 -13 -5 -13 -5 -13 -5 -13 -6 -13 -5 -13 -6 -12 -6 -12 -6 -13 0 0 0 0 0 0 0 0 0 0]"
"1769326784568602,CSI_DATA,STATION,00:00:00:00:00:00,0,0,0,0,0,0,0,0,0,0,0,0,0,0,0,0,0,0,0,0,0,128,[84 -64 4 0 0 0 0 0 0 0 0 0 9 -16 10 -16 10 -15 11 -15 11 -14 12 -15 12 -14 11 -14 12 -13 12 -13 13 -13 13 -13 13 -12 13 -12 13 -12 13 -12 13 -11 12 -12 12 -11 12 -11 12 -11 12 -11 12 -11 12 -11 12 -11 12 -12 0 0 11 -12 11 -12 11 -12 11 -12 11 -12 10 -12 11 -13 10 -13 11 -13 9 -13 10 -14 10 -14 10 -14 10 -15 10 -15 10 -15 9 -14 9 -15 9 -16 9 -16 9 -17 9 -16 9 -16 9 -16 9 -17 8 -17 0 0 0 0 0 0 0 0 0 0]"
"1769326784575001,CSI_DATA,STATION,00:00:00:00:00:00,0,0,0,0,0,0,0,0,0,0,0,0,0,0,0,0,0,0,0,0,0,128,[84 -64 4 0 0 0 0 0 0 0 0 0 11 1 11 1 11 2 11 3 11 3 10 3 10 3 10 4 10 4 11 4 10 4 10 4 10 4 10 4 10 5 10 5 9 4 10 4 10 5 10 5 9 5 9 5 9 4 10 5 9 5 9 4 0 0 9 4 9 4 10 4 10 4 10 4 10 4 10 4 10 4 10 4 10 4 10 4 10 4 10 4 11 4 11 3 11 3 12 4 11 3 11 4 11 3 11 3 11 4 12 4 12 4 12 3 11 3 0 0 0 0 0 0 0 0 0 0]"
"1769326784579346,CSI_DATA,STATION,00:00:00:00:00:00,0,0,0,0,0,0,0,0,0,0,0,0,0,0,0,0,0,0,0,0,0,128,[84 -64 4 0 0 0 0 0 0 0 0 0 -12 2 -13 1 -13 0 -13 0 -12 0 -13 -1 -13 -1 -13 -1 -12 -1 -12 -1 -13 -2 -12 -2 -13 -2 -12 -2 -13 -2 -12 -2 -12 -2 -12 -2 -13 -2 -12 -2 -12 -2 -12 -2 -12 -2 -12 -2 -12 -2 -12 -1 0 0 -11 -1 -12 -1 -11 -1 -11 0 -12 -1 -12 0 -12 0 -12 0 -12 0 -12 0 -12 1 -12 0 -13 1 -12 1 -12 1 -13 1 -13 1 -13 2 -13 2 -13 2 -13 2 -13 2 -13 2 -13 2 -13 2 -14 3 0 0 0 0 0 0 0 0 0 0]"
"1769326784585809,CSI_DATA,STATION,00:00:00:00:00:00,0,0,0,0,0,0,0,0,0,0,0,0,0,0,0,0,0,0,0,0,0,128,[84 -64 4 0 0 0 0 0 0 0 0 0 -6 -11 -6 -12 -5 -12 -5 -13 -5 -12 -5 -13 -4 -12 -3 -13 -3 -13 -3 -12 -3 -13 -3 -13 -3 -12 -3 -13 -3 -12 -3 -12 -2 -12 -2 -11 -3 -12 -3 -13 -3 -12 -3 -12 -2 -12 -3 -12 -3 -11 -3 -12 0 0 -3 -11 -4 -11 -4 -11 -4 -11 -4 -11 -5 -12 -5 -12 -4 -11 -4 -12 -5 -11 -5 -11 -6 -11 -6 -11 -6 -12 -6 -11 -6 -12 -6 -11 -7 -11 -6 -12 -7 -12 -7 -12 -7 -12 -7 -11 -7 -12 -8 -12 -7 -12 0 0 0 0 0 0 0 0 0 0]"
"1769326784590166,CSI_DATA,STATION,00:00:00:00:00:00,0,0,0,0,0,0,0,0,0,0,0,0,0,0,0,0,0,0,0,0,0,128,[84 -64 4 0 0 0 0 0 0 0 0 0 -1 -12 0 -12 1 -11 1 -12 2 -11 2 -12 2 -11 2 -11 3 -11 3 -11 2 -11 3 -11 3 -11 3 -11 3 -11 3 -11 3 -11 3 -11 3 -10 4 -11 3 -10 3 -10 3 -10 2 -11 2 -10 2 -11 0 0 3 -11 2 -10 2 -11 2 -10 2 -11 2 -11 1 -11 2 -11 2 -11 1 -11 1 -12 1 -12 1 -11 1 -12 0 -12 0 -12 0 -12 0 -12 0 -13 0 -13 1 -12 1 -13 0 -13 -1 -13 -1 -13 0 -13 0 0 0 0 0 0 0 0 0 0]"
"1769326784594468,CSI_DATA,STATION,00:00:00:00:00:00,0,0,0,0,0,0,0,0,0,0,0,0,0,0,0,0,0,0,0,0,0,128,[84 -64 4 0 0 0 0 0 0 0 0 0 -10 9 -9 8 -10 7 -10 7 -11 7 -11 7 -10 7 -11 6 -10 6 -11 6 -11 6 -11 5 -11 5 -11 5 -11 5 -11 5 -11 5 -11 5 -11 5 -11 4 -10 5 -10 5 -10 5 -11 5 -10 5 -10 5 0 0 -10 6 -10 5 -10 6 -9 6 -10 6 -10 6 -10 6 -10 6 -9 7 -10 7 -10 8 -10 7 -9 7 -9 8 -10 8 -9 8 -9 9 -9 9 -9 9 -9 8 -9 9 -9 9 -10 9 -9 9 -9 10 -9 10 0 0 0 0 0 0 0 0 0 0]"
"1769326784600964,CSI_DATA,STATION,00:00:00:00:00:00,0,0,0,0,0,0,0,0,0,0,0,0,0,0,0,0,0,0,0,0,0,128,[84 -64 4 0 0 0 0 0 0 0 0 0 4 -12 5 -12 5 -11 6 -11 6 -11 6 -11 6 -11 7 -11 7 -10 8 -10 7 -10 8 -10 7 -10 8 -9 8 -9 8 -9 8 -9 7 -9 7 -9 8 -8 8 -9 7 -9 7 -9 7 -9 7 -9 7 -9 0 0 8 -9 7 -9 7 -9 7 -9 7 -9 7 -9 6 -10 7 -10 7 -10 7 -10 6 -10 7 -10 6 -10 7 -10 6 -11 6 -11 6 -11 7 -11 7 -11 7 -12 6 -11 7 -11 6 -11 7 -12 6 -12 6 -12 0 0 0 0 0 0 0 0 0 0]"
"1769326784605292,CSI_DATA,STATION,00:00:00:00:00:00,0,0,0,0,0,0,0,0,0,0,0,0,0,0,0,0,0,0,0,0,0,128,[84 -64 4 0 0 0 0 0 0 0 0 0 7 -9 8 -9 9 -9 9 -9 9 -9 9 -9 9 -8 9 -8 10 -8 9 -7 10 -7 10 -8 10 -7 10 -7 11 -7 10 -7 10 -7 9 -6 10 -7 10 -6 9 -6 10 -6 9 -7 9 -7 9 -7 9 -8 0 0 9 -7 9 -7 9 -7 9 -7 9 -8 9 -7 9 -7 8 -8 9 -8 8 -8 8 -9 9 -9 9 -9 9 -8 8 -9 8 -10 8 -9 8 -10 8 -10 8 -10 8 -10 8 -9 8 -10 8 -10 8 -11 8 -11 0 0 0 0 0 0 0 0 0 0]"
"1769326784611759,CSI_DATA,STATION,00:00:00:00:00:00,0,0,0,0,0,0,0,0,0,0,0,0,0,0,0,0,0,0,0,0,0,128,[84 -64 4 0 0 0 0 0 0 0 0 0 -12 -6 -11 -6 -11 -7 -11 -8 -10 -8 -10 -8 -10 -8 -10 -8 -10 -9 -9 -9 -10 -9 -9 -9 -9 -9 -9 -9 -8 -9 -9 -9 -9 -9 -9 -8 -9 -9 -8 -9 -8 -9 -9 -9 -8 -8 -9 -8 -9 -9 -9 -9 0 0 -8 -8 -9 -8 -9 -8 -9 -8 -10 -8 -9 -8 -9 -8 -10 -8 -9 -8 -10 -8 -10 -7 -10 -7 -11 -7 -10 -8 -11 -7 -11 -7 -12 -7 -11 -7 -11 -7 -12 -7 -11 -7 -12 -7 -12 -7 -12 -7 -12 -7 -12 -7 0 0 0 0 0 0 0 0 0 0]"
"1769326784616031,CSI_DATA,STATION,00:00:00:00:00:00,0,0,0,0,0,0,0,0,0,0,0,0,0,0,0,0,0,0,0,0,0,128,[84 -64 4 0 0 0 0 0 0 0 0 0 -12 -6 -12 -6 -11 -6 -11 -6 -12 -7 -11 -7 -11 -7 -11 -7 -10 -9 -10 -8 -10 -8 -10 -8 -10 -8 -10 -8 -10 -9 -9 -9 -9 -8 -8 -8 -9 -8 -9 -9 -9 -8 -9 -8 -9 -8 -9 -8 -9 -8 -9 -8 0 0 -9 -8 -9 -8 -10 -8 -9 -8 -10 -7 -10 -8 -10 -7 -10 -7 -9 -7 -10 -7 -10 -7 -10 -7 -11 -7 -11 -8 -11 -7 -11 -7 -12 -7 -11 -7 -11 -7 -11 -7 -12 -7 -12 -7 -12 -7 -13 -7 -12 -7 -12 -7 0 0 0 0 0 0 0 0 0 0]"
"1769326784622517,CSI_DATA,STATION,00:00:00:00:00:00,0,0,0,0,0,0,0,0,0,0,0,0,0,0,0,0,0,0,0,0,0,128,[84 -64 4 0 0 0 0 0 0 0 0 0 4 -12 4 -12 5 -12 5 -12 5 -12 5 -12 6 -12 6 -11 6 -11 7 -11 7 -10 7 -10 7 -10 7 -10 7 -10 7 -10 7 -10 7 -10 6 -9 7 -9 7 -9 7 -10 7 -10 6 -10 6 -9 6 -10 0 0 6 -10 6 -9 5 -9 5 -10 5 -10 5 -11 5 -10 5 -11 5 -11 5 -11 5 -11 5 -11 5 -11 4 -11 4 -12 4 -12 4 -13 4 -12 4 -12 4 -13 4 -13 4 -12 4 -13 4 -13 4 -13 4 -13 0 0 0 0 0 0 0 0 0 0]"
"1769326784626864,CSI_DATA,STATION,00:00:00:00:00:00,0,0,0,0,0,0,0,0,0,0,0,0,0,0,0,0,0,0,0,0,0,128,[84 -64 4 0 0 0 0 0 0 0 0 0 10 5 11 5 10 5 11 6 10 6 10 7 10 6 10 7 9 7 9 8 9 8 8 7 9 8 9 7 8 7 8 7 8 8 8 7 8 8 8 8 8 8 8 7 8 7 9 7 8 7 8 7 0 0 8 7 8 6 9 6 8 6 9 7 9 6 9 6 10 6 9 5 9 6 9 6 10 6 10 6 11 6 10 5 10 5 11 5 11 5 11 5 11 5 11 5 11 5 11 5 12 5 12 5 12 5 0 0 0 0 0 0 0 0 0 0]"
"1769326784631201,CSI_DATA,STATION,00:00:00:00:00:00,0,0,0,0,0,0,0,0,0,0,0,0,0,0,0,0,0,0,0,0,0,128,[84 -64 4 0 0 0 0 0 0 0 0 0 11 3 11 4 11 4 11 6 11 6 10 6 10 6 10 6 9 6 10 7 9 7 9 7 9 7 9 6 9 7 9 7 9 7 8 6 8 7 9 7 8 7 8 7 8 7 9 7 8 7 9 6 0 0 8 6 9 6 9 6 9 5 10 5 10 5 10 6 10 6 10 5 10 5 10 5 10 5 11 5 10 5 10 5 11 5 12 4 11 5 11 4 11 5 12 4 12 4 12 4 12 4 12 4 12 4 0 0 0 0 0 0 0 0 0 0]"
"1769326784635499,CSI_DATA,STATION,00:00:00:00:00:00,0,0,0,0,0,0,0,0,0,0,0,0,0,0,0,0,0,0,0,0,0,128,[84 -64 4 0 0 0 0 0 0 0 0 0 -12 5 -12 4 -12 4 -13 3 -13 3 -13 3 -13 2 -13 2 -12 2 -13 1 -13 1 -13 2 -12 1 -12 1 -13 1 -12 1 -12 1 -12 1 -13 1 -12 0 -12 0 -12 1 -12 1 -12 1 -12 1 -12 2 0 0 -12 2 -12 2 -11 2 -11 2 -12 2 -12 2 -12 2 -12 2 -12 3 -12 3 -12 4 -12 3 -12 3 -12 4 -12 4 -12 4 -12 4 -12 5 -13 5 -12 5 -13 5 -13 5 -12 5 -12 5 -12 5 -12 6 0 0 0 0 0 0 0 0 0 0]"
"1769326784642021,CSI_DATA,STATION,00:00:00:00:00:00,0,0,0,0,0,0,0,0,0,0,0,0,0,0,0,0,0,0,0,0,0,128,[84 -64 4 0 0 0 0 0 0 0 0 0 -13 2 -13 1 -13 2 -14 0 -14 0 -13 0 -13 0 -13 -1 -12 -1 -13 -1 -13 -1 -12 -1 -13 -2 -13 -2 -12 -2 -12 -2 -12 -2 -12 -2 -13 -3 -12 -3 -12 -3 -12 -3 -12 -2 -12 -2 -12 -2 -12 -2 0 0 -12 -2 -12 -1 -12 -1 -12 -1 -12 -2 -12 -1 -12 -2 -13 -1 -12 -1 -12 -1 -12 0 -13 -1 -13 0 -13 0 -13 0 -13 0 -13 0 -13 0 -13 0 -14 0 -13 0 -14 0 -14 0 -14 0 -14 1 -14 1 0 0 0 0 0 0 0 0 0 0]"
"1769326784646331,CSI_DATA,STATION,00:00:00:00:00:00,0,0,0,0,0,0,0,0,0,0,0,0,0,0,0,0,0,0,0,0,0,128,[84 -64 4 0 0 0 0 0 0 0 0 0 -11 7 -11 7 -11 5 -12 6 -11 5 -12 6 -12 5 -12 5 -12 4 -12 4 -11 4 -12 5 -12 3 -11 3 -13 3 -11 4 -12 3 -11 2 -12 3 -12 2 -12 2 -12 2 -11 3 -12 3 -11 3 -12 3 0 0 -11 3 -12 3 -12 3 -11 4 -12 3 -12 3 -11 4 -12 4 -11 4 -12 4 -11 5 -11 4 -12 5 -12 5 -12 5 -12 5 -11 5 -12 6 -12 6 -12 5 -12 6 -12 6 -11 6 -12 6 -12 6 -12 7 0 0 0 0 0 0 0 0 0 0]"
"1769326784652808,CSI_DATA,STATION,00:00:00:00:00:00,0,0,0,0,0,0,0,0,0,0,0,0,0,0,0,0,0,0,0,0,0,128,[84 -64 4 0 0 0 0 0 0 0 0 0 -15 6 -15 6 -16 5 -16 5 -16 4 -16 4 -16 4 -16 3 -16 3 -17 2 -17 2 -16 2 -16 1 -16 1 -16 0 -16 1 -16 1 -15 1 -16 1 -15 0 -15 0 -15 0 -15 1 -15 1 -15 1 -15 1 0 0 -15 2 -15 1 -15 2 -15 2 -15 1 -15 2 -15 1 -15 2 -15 3 -15 3 -15 3 -15 3 -16 3 -16 3 -16 4 -16 4 -16 4 -15 4 -16 4 -16 4 -16 5 -16 4 -17 4 -16 5 -16 5 -16 5 0 0 0 0 0 0 0 0 0 0]"
"1769326784657347,CSI_DATA,STATION,00:00:00:00:00:00,0,0,0,0,0,0,0,0,0,0,0,0,0,0,0,0,0,0,0,0,0,128,[84 -64 4 0 0 0 0 0 0 0 0 0 17 2 17 4 17 4 18 5 17 5 17 5 16 6 16 6 16 6 16 7 16 7 15 7 16 7 15 7 15 8 15 7 15 7 14 7 15 8 14 8 14 8 14 8 14 7 15 7 14 7 14 6 0 0 14 5 15 6 15 6 15 5 15 6 15 6 15 5 15 5 15 5 15 4 16 4 16 4 16 4 17 4 16 3 17 3 17 3 17 2 17 2 17 2 18 2 18 3 18 3 18 2 18 1 18 1 0 0 0 0 0 0 0 0 0 0]"
"1769326784661741,CSI_DATA,STATION,00:00:00:00:00:00,0,0,0,0,0,0,0,0,0,0,0,0,0,0,0,0,0,0,0,0,0,128,[84 -64 4 0 0 0 0 0 0 0 0 0 2 -18 3 -18 4 -18 5 -18 5 -18 5 -19 6 -18 6 -18 6 -17 6 -17 7 -17 7 -17 7 -17 7 -16 8 -16 8 -16 8 -15 8 -15 7 -16 8 -15 8 -15 7 -15 7 -15 7 -15 7 -15 7 -15 0 0 7 -15 7 -15 7 -15 7 -15 7 -16 6 -16 6 -16 5 -16 6 -16 5 -16 6 -17 5 -16 5 -17 6 -17 5 -17 5 -18 5 -17 5 -18 5 -18 4 -18 4 -19 5 -18 4 -19 4 -18 4 -19 4 -19 0 0 0 0 0 0 0 0 0 0]"
"1769326784668329,CSI_DATA,STATION,00:00:00:00:00:00,0,0,0,0,0,0,0,0,0,0,0,0,0,0,0,0,0,0,0,0,0,128,[84 -64 4 0 0 0 0 0 0 0 0 0 -4 17 -4 17 -5 17 -6 17 -6 17 -6 17 -7 16 -7 16 -8 16 -8 16 -8 16 -8 16 -9 16 -9 15 -9 15 -9 15 -9 15 -9 14 -9 14 -9 14 -9 13 -9 14 -9 13 -8 14 -8 14 -9 14 0 0 -8 14 -8 14 -8 15 -8 14 -8 14 -8 14 -8 15 -8 14 -8 15 -7 15 -7 16 -6 15 -7 16 -6 16 -7 16 -6 17 -6 16 -6 16 -6 17 -6 17 -6 17 -6 17 -6 17 -6 17 -5 18 -5 18 0 0 0 0 0 0 0 0 0 0]"
"1769326784672700,CSI_DATA,STATION,00:00:00:00:00:00,0,0,0,0,0,0,0,0,0,0,0,0,0,0,0,0,0,0,0,0,0,128,[84 -64 4 0 0 0 0 0 0 0 0 0 -13 0 -13 1 -13 -1 -14 -1 -13 -1 -13 -2 -12 -2 -13 -2 -13 -2 -13 -2 -12 -2 -12 -3 -13 -3 -13 -3 -12 -4 -12 -3 -12 -3 -13 -4 -12 -4 -12 -4 -12 -4 -12 -3 -12 -4 -12 -3 -11 -3 -11 -3 0 0 -11 -4 -12 -3 -12 -3 -11 -3 -12 -3 -12 -3 -12 -3 -13 -3 -12 -3 -13 -2 -13 -2 -13 -2 -13 -2 -13 -2 -13 -2 -13 -2 -14 -2 -13 -2 -13 -2 -14 -2 -14 -2 -14 -2 -15 -2 -14 -2 -14 -1 -14 -1 0 0 0 0 0 0 0 0 0 0]"
"1769326784677060,CSI_DATA,STATION,00:00:00:00:00:00,0,0,0,0,0,0,0,0,0,0,0,0,0,0,0,0,0,0,0,0,0,128,[84 -64 4 0 0 0 0 0 0 0 0 0 11 4 10 4 11 5 11 5 11 6 11 6 10 6 10 7 10 6 9 7 10 6 9 6 10 7 9 6 8 7 9 7 8 7 9 7 8 7 9 7 8 7 8 7 8 7 9 6 9 7 8 6 0 0 8 6 9 6 9 6 9 6 9 6 9 6 9 6 10 6 9 5 10 6 10 5 10 5 10 5 10 5 10 5 10 5 11 5 11 5 11 5 11 5 11 5 11 5 11 5 11 4 11 4 11 4 0 0 0 0 0 0 0 0 0 0]"
"1769326784683536,CSI_DATA,STATION,00:00:00:00:00:00,0,0,0,0,0,0,0,0,0,0,0,0,0,0,0,0,0,0,0,0,0,128,[84 -64 4 0 0 0 0 0 0 0 0 0 -6 11 -6 11 -6 10 -7 10 -7 11 -8 10 -8 10 -8 10 -8 9 -9 9 -8 10 -8 9 -9 9 -8 9 -9 8 -8 8 -8 8 -9 8 -9 7 -9 8 -9 8 -9 7 -8 8 -8 8 -8 8 -8 8 0 0 -8 7 -8 7 -8 8 -8 8 -8 8 -8 8 -8 9 -8 8 -7 9 -8 9 -8 9 -8 9 -8 9 -8 9 -8 10 -8 10 -8 10 -8 10 -8 10 -8 10 -8 11 -8 10 -8 10 -8 11 -8 11 -8 11 0 0 0 0 0 0 0 0 0 0]"
"1769326784687889,CSI_DATA,STATION,00:00:00:00:00:00,0,0,0,0,0,0,0,0,0,0,0,0,0,0,0,0,0,0,0,0,0,128,[84 -64 4 0 0 0 0 0 0 0 0 0 11 4 11 5 11 5 11 6 11 6 11 7 10 6 10 7 10 6 10 7 10 7 9 7 10 7 9 7 9 7 8 7 9 7 8 7 9 7 9 7 9 6 9 7 8 6 9 6 9 7 9 7 0 0 9 5 9 6 9 5 9 5 10 6 10 5 10 5 10 5 10 5 10 5 10 5 11 5 10 5 11 4 11 4 11 4 12 4 11 4 12 3 11 3 12 3 12 4 12 4 12 4 12 3 12 3 0 0 0 0 0 0 0 0 0 0]"
"1769326784694391,CSI_DATA,STATION,00:00:00:00:00:00,0,0,0,0,0,0,0,0,0,0,0,0,0,0,0,0,0,0,0,0,0,128,[84 -64 4 0 0 0 0 0 0 0 0 0 -20 4 -20 3 -21 3 -21 2 -21 1 -21 1 -21 1 -20 1 -20 0 -21 -1 -21 0 -20 -1 -20 -2 -20 -2 -20 -2 -20 -2 -20 -1 -19 -1 -20 -2 -19 -2 -19 -2 -19 -2 -18 -1 -19 -2 -19 -2 -19 -1 0 0 -19 0 -18 -1 -19 0 -19 0 -19 0 -19 0 -19 0 -19 1 -19 2 -19 2 -19 3 -19 2 -19 2 -19 3 -20 3 -20 4 -20 4 -20 5 -19 5 -20 5 -20 5 -20 5 -21 5 -21 6 -21 5 -21 6 0 0 0 0 0 0 0 0 0 0]"
"1769326784698720,CSI_DATA,STATION,00:00:00:00:00:00,0,0,0,0,0,0,0,0,0,0,0,0,0,0,0,0,0,0,0,0,0,128,[84 -64 4 0 0 0 0 0 0 0 0 0 -11 -15 -11 -15 -11 -16 -10 -16 -10 -17 -9 -16 -9 -17 -8 -17 -8 -17 -8 -17 -7 -17 -7 -17 -7 -17 -7 -17 -7 -17 -6 -17 -6 -17 -6 -17 -6 -17 -6 -16 -6 -17 -6 -16 -6 -16 -7 -16 -6 -16 -6 -16 0 0 -6 -16 -6 -16 -7 -16 -7 -16 -7 -16 -8 -16 -8 -16 -8 -16 -8 -15 -9 -15 -8 -15 -9 -15 -9 -16 -9 -15 -9 -16 -10 -16 -10 -16 -10 -15 -10 -16 -10 -16 -11 -16 -11 -16 -11 -16 -12 -16 -11 -16 -11 -16 0 0 0 0 0 0 0 0 0 0]"
"1769326784703052,CSI_DATA,STATION,00:00:00:00:00:00,0,0,0,0,0,0,0,0,0,0,0,0,0,0,0,0,0,0,0,0,0,128,[84 -64 4 0 0 0 0 0 0 0 0 0 7 10 6 11 5 11 5 11 5 11 5 11 4 11 4 12 4 11 3 12 3 12 3 12 3 11 4 11 2 11 3 11 2 11 2 11 2 11 2 11 2 11 2 10 2 11 3 11 3 11 3 11 0 0 3 11 3 11 3 10 3 11 4 10 4 11 4 11 4 10 3 10 4 11 4 10 4 11 5 11 5 11 5 10 5 10 5 11 5 11 5 11 5 11 6 11 6 11 7 11 6 12 6 11 6 12 0 0 0 0 0 0 0 0 0 0]"
"1769326784709557,CSI_DATA,STATION,00:00:00:00:00:00,0,0,0,0,0,0,0,0,0,0,0,0,0,0,0,0,0,0,0,0,0,128,[84 -64 4 0 0 0 0 0 0 0 0 0 17 3 17 4 17 5 17 5 17 6 16 6 16 6 16 7 16 7 16 8 15 8 15 8 15 8 15 9 15 9 15 9 14 8 14 9 14 9 14 9 13 9 14 8 13 8 14 8 14 8 13 8 0 0 13 7 14 8 14 7 14 7 14 7 14 7 15 7 14 7 15 6 15 6 15 6 15 6 15 7 16 6 16 5 16 5 17 6 16 5 17 4 17 5 17 5 17 5 18 5 17 5 18 5 17 4 0 0 0 0 0 0 0 0 0 0]"
"1769326784713870,CSI_DATA,STATION,00:00:00:00:00:00,0,0,0,0,0,0,0,0,0,0,0,0,0,0,0,0,0,0,0,0,0,128,[84 -64 4 0 0 0 0 0 0 0 0 0 4 16 4 17 3 17 3 18 2 17 2 18 1 17 0 18 0 17 0 17 0 18 0 17 0 17 0 17 -1 17 -2 16 -1 16 -1 16 -1 17 -1 17 -1 16 -2 16 -1 15 -1 15 -1 16 0 16 0 0 -1 16 0 16 0 16 0 16 0 16 0 16 0 16 1 16 0 16 1 15 2 16 2 16 2 16 2 17 2 16 3 17 3 17 4 17 3 17 3 17 4 17 3 17 4 17 5 17 4 17 5 17 0 0 0 0 0 0 0 0 0 0]"
"1769326784718183,CSI_DATA,STATION,00:00:00:00:00:00,0,0,0,0,0,0,0,0,0,0,0,0,0,0,0,0,0,0,0,0,0,128,[84 -64 4 0 0 0 0 0 0 0 0 0 -6 -18 -4 -18 -4 -19 -4 -19 -3 -19 -3 -19 -2 -19 -2 -19 -1 -19 -2 -18 -1 -19 -1 -18 -1 -18 -1 -18 0 -18 1 -18 0 -17 0 -17 0 -18 1 -17 1 -17 1 -17 0 -17 -1 -17 0 -17 -1 -17 0 0 -1 -17 -1 -17 -1 -17 -1 -17 -1 -17 -1 -18 -1 -17 -2 -17 -2 -17 -3 -17 -3 -17 -3 -17 -3 -17 -3 -18 -3 -18 -4 -18 -4 -18 -4 -18 -4 -18 -4 -18 -4 -18 -4 -18 -5 -19 -6 -19 -5 -19 -6 -19 0 0 0 0 0 0 0 0 0 0]"
"1769326784724649,CSI_DATA,STATION,00:00:00:00:00:00,0,0,0,0,0,0,0,0,0,0,0,0,0,0,0,0,0,0,0,0,0,128,[84 -64 4 0 0 0 0 0 0 0 0 0 11 -14 11 -14 12 -14 12 -13 13 -13 13 -13 13 -12 13 -13 13 -12 14 -11 14 -11 15 -11 15 -11 15 -10 14 -10 15 -10 14 -10 14 -10 14 -9 14 -10 14 -9 13 -10 13 -9 14 -9 14 -9 13 -9 0 0 13 -10 13 -10 13 -10 13 -10 13 -10 12 -11 12 -11 12 -11 12 -12 12 -12 13 -12 12 -11 12 -11 12 -12 12 -13 12 -13 12 -13 12 -14 12 -14 12 -14 12 -15 11 -14 12 -15 12 -14 12 -15 12 -15 0 0 0 0 0 0 0 0 0 0]"
"1769326784728995,CSI_DATA,STATION,00:00:00:00:00:00,0,0,0,0,0,0,0,0,0,0,0,0,0,0,0,0,0,0,0,0,0,128,[84 -64 4 0 0 0 0 0 0 0 0 0 -4 14 -4 15 -6 15 -5 15 -5 15 -7 14 -7 13 -7 14 -8 12 -8 13 -8 14 -8 13 -8 13 -8 12 -8 12 -9 12 -8 12 -9 12 -8 12 -9 11 -8 12 -8 11 -8 11 -8 11 -8 12 -8 12 0 0 -8 13 -7 12 -6 12 -7 12 -7 13 -7 13 -7 12 -6 12 -7 13 -6 13 -6 13 -6 14 -5 14 -5 13 -5 14 -4 14 -5 14 -5 15 -5 15 -5 15 -5 15 -5 15 -5 15 -4 15 -4 16 -4 15 0 0 0 0 0 0 0 0 0 0]"
"1769326784735484,CSI_DATA,STATION,00:00:00:00:00:00,0,0,0,0,0,0,0,0,0,0,0,0,0,0,0,0,0,0,0,0,0,128,[84 -64 4 0 0 0 0 0 0 0 0 0 -18 4 -18 3 -19 2 -19 2 -19 1 -18 1 -19 1 -19 0 -19 0 -19 -1 -19 -1 -19 -1 -18 -2 -18 -2 -18 -3 -18 -2 -18 -2 -17 -2 -17 -2 -17 -2 -17 -3 -17 -2 -17 -1 -17 -2 -17 -3 -17 -1 0 0 -17 -1 -17 -1 -17 -1 -17 0 -17 -1 -18 -1 -17 -1 -17 0 -17 1 -17 1 -18 2 -17 1 -17 1 -18 1 -18 2 -18 3 -18 2 -18 3 -18 3 -18 3 -18 3 -18 3 -19 3 -19 4 -19 4 -19 4 0 0 0 0 0 0 0 0 0 0]"
"1769326784739802,CSI_DATA,STATION,00:00:00:00:00:00,0,0,0,0,0,0,0,0,0,0,0,0,0,0,0,0,0,0,0,0,0,128,[84 -64 4 0 0 0 0 0 0 0 0 0 -12 -3 -12 -4 -13 -4 -13 -5 -12 -5 -12 -5 -12 -5 -11 -5 -11 -6 -12 -6 -12 -5 -11 -6 -11 -7 -11 -6 -11 -7 -11 -6 -11 -6 -11 -6 -11 -7 -11 -7 -11 -7 -10 -6 -10 -6 -11 -6 -10 -6 -11 -6 0 0 -10 -6 -11 -5 -11 -5 -10 -5 -11 -6 -11 -5 -11 -5 -12 -5 -12 -4 -12 -5 -12 -4 -12 -5 -12 -4 -12 -4 -12 -4 -12 -4 -13 -4 -12 -4 -13 -3 -13 -3 -13 -3 -13 -3 -14 -3 -13 -4 -13 -3 -13 -4 0 0 0 0 0 0 0 0 0 0]"
"1769326784750449,CSI_DATA,STATION,00:00:00:00:00:00,0,0,0,0,0,0,0,0,0,0,0,0,0,0,0,0,0,0,0,0,0,128,[84 -64 4 0 0 0 0 0 0 0 0 0 6 -17 7 -17 7 -17 8 -16 8 -16 8 -17 9 -16 9 -16 9 -15 10 -15 10 -15 10 -15 10 -15 10 -14 10 -14 10 -14 10 -13 10 -13 10 -13 10 -13 10 -13 10 -14 9 -13 9 -13 9 -14 9 -14 0 0 9 -14 9 -13 9 -14 8 -14 8 -14 8 -14 8 -15 8 -14 8 -15 7 -15 7 -16 7 -15 7 -16 7 -16 7 -16 7 -17 6 -16 6 -17 6 -17 6 -18 6 -18 6 -18 6 -18 5 -18 6 -19 5 -18 0 0 0 0 0 0 0 0 0 0]"
"1769326784757026,CSI_DATA,STATION,00:00:00:00:00:00,0,0,0,0,0,0,0,0,0,0,0,0,0,0,0,0,0,0,0,0,0,128,[84 -64 4 0 0 0 0 0 0 0 0 0 12 -1 12 0 12 0 12 0 12 1 12 2 12 1 12 2 11 2 12 3 12 2 10 3 12 3 11 2 11 3 10 3 11 3 11 3 11 3 11 4 11 3 11 3 10 2 11 3 10 2 11 2 0 0 11 2 10 2 11 2 11 2 11 2 11 2 11 2 11 2 11 1 11 1 11 1 12 1 12 1 12 1 12 1 12 0 12 0 12 0 12 0 12 0 12 0 12 1 12 0 13 0 13 0 13 0 0 0 0 0 0 0 0 0 0 0]"
"1769326784763614,CSI_DATA,STATION,00:00:00:00:00:00,0,0,0,0,0,0,0,0,0,0,0,0,0,0,0,0,0,0,0,0,0,128,[84 -64 4 0 0 0 0 0 0 0 0 0 10 -13 10 -13 11 -12 11 -12 12 -11 12 -11 12 -11 13 -10 12 -10 13 -10 12 -10 12 -9 13 -9 13 -9 13 -9 12 -9 12 -9 12 -9 13 -8 13 -8 12 -7 12 -8 12 -8 12 -9 12 -8 12 -9 0 0 12 -9 11 -8 11 -9 11 -9 11 -9 11 -9 11 -9 11 -10 11 -10 11 -11 10 -11 11 -11 11 -11 11 -11 10 -12 11 -12 11 -12 10 -12 10 -13 11 -12 11 -13 11 -13 11 -13 10 -13 10 -14 10 -14 0 0 0 0 0 0 0 0 0 0]"
"1769326784768021,CSI_DATA,STATION,00:00:00:00:00:00,0,0,0,0,0,0,0,0,0,0,0,0,0,0,0,0,0,0,0,0,0,128,[84 -64 4 0 0 0 0 0 0 0 0 0 7 13 7 14 6 14 6 14 6 15 5 15 5 15 4 15 4 15 4 15 3 15 3 15 3 15 3 15 2 15 2 14 2 15 2 14 2 14 3 14 2 14 3 14 2 14 3 14 2 14 3 14 0 0 3 14 3 14 4 14 3 14 4 14 4 14 4 14 4 13 4 13 4 13 5 13 5 14 5 14 6 14 5 14 6 14 7 14 6 13 7 14 6 14 7 14 7 14 7 15 8 14 7 14 7 15 0 0 0 0 0 0 0 0 0 0]"
"1769326784772377,CSI_DATA,STATION,00:00:00:00:00:00,0,0,0,0,0,0,0,0,0,0,0,0,0,0,0,0,0,0,0,0,0,128,[84 -64 4 0 0 0 0 0 0 0 0 0 15 -10 15 -9 16 -9 16 -8 16 -7 16 -8 17 -7 17 -7 17 -7 17 -5 17 -6 17 -5 17 -5 16 -4 17 -4 16 -5 16 -4 16 -4 16 -4 16 -4 16 -4 15 -4 15 -4 15 -4 16 -4 15 -5 0 0 15 -5 15 -5 15 -5 15 -5 15 -5 16 -5 15 -5 15 -6 15 -7 15 -7 15 -7 15 -7 15 -6 15 -7 15 -8 16 -8 16 -8 16 -9 16 -9 15 -9 16 -9 15 -9 16 -9 16 -10 16 -10 16 -10 0 0 0 0 0 0 0 0 0 0]"
"1769326784778959,CSI_DATA,STATION,00:00:00:00:00:00,0,0,0,0,0,0,0,0,0,0,0,0,0,0,0,0,0,0,0,0,0,128,[84 -64 4 0 0 0 0 0 0 0 0 0 -8 7 -9 7 -9 7 -9 6 -10 6 -10 6 -10 6 -10 6 -10 5 -11 5 -10 5 -10 5 -10 5 -10 5 -11 4 -10 5 -10 5 -10 5 -10 4 -10 4 -10 4 -10 4 -9 4 -9 4 -10 4 -9 4 0 0 -9 4 -9 4 -9 5 -9 5 -9 5 -9 5 -9 5 -9 6 -9 6 -9 7 -9 6 -10 6 -9 6 -9 7 -9 6 -9 7 -9 7 -9 7 -9 7 -10 7 -9 8 -9 7 -10 7 -9 8 -9 8 -9 8 0 0 0 0 0 0 0 0 0 0]"
"1769326784783279,CSI_DATA,STATION,00:00:00:00:00:00,0,0,0,0,0,0,0,0,0,0,0,0,0,0,0,0,0,0,0,0,0,128,[84 -64 4 0 0 0 0 0 0 0 0 0 -5 -11 -5 -12 -5 -12 -5 -12 -5 -13 -4 -12 -4 -12 -4 -13 -3 -13 -4 -13 -3 -13 -3 -13 -2 -13 -2 -13 -2 -13 -2 -13 -1 -12 -2 -12 -2 -12 -2 -13 -2 -12 -2 -12 -2 -12 -2 -12 -2 -12 -2 -12 0 0 -3 -12 -3 -12 -3 -11 -3 -12 -3 -12 -4 -12 -4 -12 -4 -12 -4 -12 -4 -12 -4 -12 -4 -12 -4 -12 -4 -12 -5 -13 -4 -12 -5 -13 -5 -13 -5 -13 -5 -12 -5 -13 -5 -12 -5 -14 -6 -13 -5 -13 -6 -13 0 0 0 0 0 0 0 0 0 0]"
"1769326784787592,CSI_DATA,STATION,00:00:00:00:00:00,0,0,0,0,0,0,0,0,0,0,0,0,0,0,0,0,0,0,0,0,0,128,[84 -64 4 0 0 0 0 0 0 0 0 0 12 -4 12 -4 12 -3 12 -2 13 -2 12 -2 13 -2 12 -1 12 -1 13 0 12 0 12 -1 12 1 12 1 12 0 12 0 11 0 12 0 12 0 12 0 11 1 11 0 11 0 11 0 11 0 11 -1 0 0 11 -1 11 -1 11 -1 11 -1 12 -1 11 -2 12 -1 11 -2 11 -2 11 -2 11 -1 12 -2 12 -2 12 -2 12 -3 11 -3 13 -3 12 -3 12 -3 12 -4 12 -4 12 -3 13 -3 13 -3 13 -4 12 -4 0 0 0 0 0 0 0 0 0 0]"
"1769326784794056,CSI_DATA,STATION,00:00:00:00:00:00,0,0,0,0,0,0,0,0,0,0,0,0,0,0,0,0,0,0,0,0,0,128,[84 -64 4 0 0 0 0 0 0 0 0 0 4 11 4 11 3 12 3 12 3 11 2 11 2 12 2 12 2 12 1 13 1 12 1 12 1 12 1 12 1 12 1 11 0 11 0 12 1 12 1 12 0 11 1 11 1 11 1 11 2 11 1 11 0 0 2 11 2 11 2 10 2 11 2 11 2 11 2 11 3 11 3 11 3 11 3 11 3 11 4 12 4 11 4 11 4 11 4 11 4 11 4 11 5 11 5 11 5 11 5 12 6 11 5 12 6 12 0 0 0 0 0 0 0 0 0 0]"
"1769326784798376,CSI_DATA,STATION,00:00:00:00:00:00,0,0,0,0,0,0,0,0,0,0,0,0,0,0,0,0,0,0,0,0,0,128,[84 -64 4 0 0 0 0 0 0 0 0 0 9 7 9 8 8 8 8 9 8 9 8 9 7 10 7 10 6 9 7 10 7 10 6 10 6 10 7 10 6 10 5 10 5 10 5 9 6 10 6 10 6 10 6 9 5 9 6 9 6 9 6 9 0 0 6 9 6 9 7 9 6 8 7 9 7 9 7 9 7 9 7 8 7 8 7 8 7 9 8 9 8 9 8 9 8 9 9 8 9 9 9 9 9 9 9 8 9 8 9 8 9 8 9 9 9 9 0 0 0 0 0 0 0 0 0 0]"
"1769326784804859,CSI_DATA,STATION,00:00:00:00:00:00,0,0,0,0,0,0,0,0,0,0,0,0,0,0,0,0,0,0,0,0,0,128,[84 -64 4 0 0 0 0 0 0 0 0 0 12 -1 12 -1 13 0 12 0 12 0 13 0 12 0 12 1 11 1 12 1 12 2 11 2 12 2 12 2 11 3 11 2 12 2 11 2 11 2 11 3 11 2 10 2 10 2 11 2 11 2 11 2 0 0 11 1 10 2 11 2 11 1 11 2 11 0 11 1 11 1 11 1 11 0 11 0 12 1 12 1 13 0 12 0 12 0 12 -1 12 -1 13 -1 12 -1 12 -1 12 0 13 -1 13 -1 13 -1 13 -1 0 0 0 0 0 0 0 0 0 0]"
"1769326784809182,CSI_DATA,STATION,00:00:00:00:00:00,0,0,0,0,0,0,0,0,0,0,0,0,0,0,0,0,0,0,0,0,0,128,[84 -64 4 0 0 0 0 0 0 0 0 0 -3 -13 -3 -13 -3 -14 -2 -13 -2 -13 -2 -13 -1 -13 -1 -13 -1 -13 0 -13 0 -13 0 -13 1 -13 0 -12 0 -12 1 -13 0 -12 0 -13 0 -12 1 -12 1 -12 1 -12 0 -12 0 -12 0 -12 0 -12 0 0 0 -12 -1 -12 0 -11 -1 -12 0 -12 -1 -12 -1 -12 -1 -12 -1 -12 -1 -13 -1 -13 -2 -12 -2 -12 -2 -12 -2 -14 -2 -13 -2 -13 -2 -13 -3 -13 -3 -13 -3 -13 -3 -13 -3 -14 -3 -13 -3 -14 -3 -13 0 0 0 0 0 0 0 0 0 0]"
"1769326784813500,CSI_DATA,STATION,00:00:00:00:00:00,0,0,0,0,0,0,0,0,0,0,0,0,0,0,0,0,0,0,0,0,0,128,[84 -64 4 0 0 0 0 0 0 0 0 0 3 13 1 13 1 13 1 14 0 14 0 15 0 14 0 13 -1 13 -1 13 -1 13 -1 13 -2 14 -2 13 -2 13 -2 13 -2 13 -2 12 -2 13 -2 13 -2 13 -2 12 -2 12 -1 13 -2 12 -1 12 0 0 -2 13 -1 12 -1 13 -1 12 -1 13 -1 13 0 13 0 13 0 12 0 12 0 13 1 13 0 13 0 13 0 13 1 14 1 13 1 14 2 14 2 14 2 14 2 14 2 14 2 14 2 14 2 14 0 0 0 0 0 0 0 0 0 0]"
"1769326784820005,CSI_DATA,STATION,00:00:00:00:00:00,0,0,0,0,0,0,0,0,0,0,0,0,0,0,0,0,0,0,0,0,0,128,[84 -64 4 0 0 0 0 0 0 0 0 0 -11 -7 -10 -8 -11 -8 -11 -8 -10 -9 -10 -9 -10 -9 -9 -9 -9 -9 -9 -10 -9 -9 -8 -10 -9 -10 -9 -10 -8 -10 -8 -10 -9 -10 -8 -9 -8 -10 -8 -10 -8 -10 -8 -9 -8 -9 -8 -9 -8 -9 -8 -9 0 0 -8 -9 -9 -9 -9 -9 -8 -8 -9 -9 -9 -9 -9 -8 -10 -8 -10 -8 -10 -8 -10 -8 -10 -8 -10 -8 -10 -8 -10 -8 -11 -8 -11 -8 -11 -9 -11 -8 -11 -8 -12 -8 -11 -7 -11 -8 -12 -8 -12 -8 -12 -8 0 0 0 0 0 0 0 0 0 0]"
"1769326784824308,CSI_DATA,STATION,00:00:00:00:00:00,0,0,0,0,0,0,0,0,0,0,0,0,0,0,0,0,0,0,0,0,0,128,[84 -64 4 0 0 0 0 0 0 0 0 0 16 -6 17 -6 17 -4 18 -4 17 -3 17 -3 17 -3 17 -3 17 -2 17 -1 18 -2 17 -1 17 -1 17 -1 17 0 16 0 16 0 16 0 16 0 16 1 16 1 16 1 15 0 16 0 16 0 16 -1 0 0 15 -1 16 0 16 -1 15 -1 16 -1 16 -1 16 -1 16 -2 16 -2 15 -3 16 -3 16 -2 17 -2 17 -3 16 -3 17 -3 17 -4 17 -4 17 -4 17 -4 18 -4 17 -4 18 -4 18 -5 18 -5 18 -5 0 0 0 0 0 0 0 0 0 0]"
"1769326784830773,CSI_DATA,STATION,00:00:00:00:00:00,0,0,0,0,0,0,0,0,0,0,0,0,0,0,0,0,0,0,0,0,0,128,[84 -64 4 0 0 0 0 0 0 0 0 0 11 -3 11 -2 11 -2 12 -1 12 -1 12 -1 12 0 12 -1 12 0 12 0 12 -1 12 0 11 0 12 1 12 1 11 0 11 1 10 0 11 1 11 1 11 0 11 1 11 0 11 0 11 0 11 0 0 0 10 0 11 0 11 0 11 -1 11 0 11 -1 11 -1 11 -1 11 -1 11 -2 11 -2 11 -2 12 -3 12 -2 11 -2 12 -3 12 -3 12 -4 12 -3 12 -3 12 -4 12 -3 12 -3 12 -4 12 -4 12 -4 0 0 0 0 0 0 0 0 0 0]"
"1769326784835134,CSI_DATA,STATION,00:00:00:00:00:00,0,0,0,0,0,0,0,0,0,0,0,0,0,0,0,0,0,0,0,0,0,128,[84 -64 4 0 0 0 0 0 0 0 0 0 1 17 0 17 -1 18 -1 17 -2 18 -2 17 -3 17 -3 18 -3 17 -3 18 -4 17 -4 17 -4 17 -4 16 -5 16 -5 17 -5 16 -5 16 -5 16 -5 16 -5 15 -5 15 -5 16 -4 15 -4 15 -4 15 0 0 -4 15 -3 16 -3 16 -3 16 -3 16 -3 16 -3 16 -2 15 -3 16 -2 16 -2 17 -1 16 -1 17 -1 17 -1 17 -1 17 0 17 0 17 0 18 0 18 0 18 0 18 0 19 1 18 1 19 1 18 0 0 0 0 0 0 0 0 0 0]"
"1769326784839448,CSI_DATA,STATION,00:00:00:00:00:00,0,0,0,0,0,0,0,0,0,0,0,0,0,0,0,0,0,0,0,0,0,128,[84 -64 4 0 0 0 0 0 0 0 0 0 -12 0 -13 0 -13 -1 -14 -1 -13 -1 -13 -1 -13 -2 -13 -2 -13 -3 -13 -3 -13 -3 -12 -3 -13 -3 -12 -4 -12 -3 -12 -3 -12 -4 -12 -4 -12 -3 -12 -4 -12 -4 -12 -3 -11 -3 -12 -3 -12 -3 -12 -3 0 0 -12 -2 -12 -2 -12 -3 -11 -2 -12 -2 -12 -2 -12 -2 -12 -2 -12 -2 -12 -1 -12 -1 -13 -1 -12 -1 -13 -1 -13 -1 -13 -1 -13 -1 -13 -1 -13 -1 -13 -1 -14 0 -14 -1 -13 0 -14 0 -14 0 -14 0 0 0 0 0 0 0 0 0 0 0]"
"1769326784845919,CSI_DATA,STATION,00:00:00:00:00:00,0,0,0,0,0,0,0,0,0,0,0,0,0,0,0,0,0,0,0,0,0,128,[84 -64 4 0 0 0 0 0 0 0 0 0 7 9 6 10 6 10 6 11 5 11 5 11 5 11 4 11 4 11 4 11 4 11 3 11 3 11 4 11 3 11 3 11 3 11 2 11 3 11 3 11 3 10 3 11 3 10 4 10 4 10 3 11 0 0 4 10 4 10 4 10 4 10 4 10 4 10 4 10 5 10 5 10 5 11 5 10 5 10 6 10 6 10 5 10 6 11 6 10 7 10 7 11 6 10 7 10 7 10 7 11 8 10 7 10 7 11 0 0 0 0 0 0 0 0 0 0]"
"1769326784850279,CSI_DATA,STATION,00:00:00:00:00:00,0,0,0,0,0,0,0,0,0,0,0,0,0,0,0,0,0,0,0,0,0,128,[84 -64 4 0 0 0 0 0 0 0 0 0 4 -12 5 -11 6 -11 6 -11 6 -12 6 -11 7 -10 7 -10 7 -10 8 -10 8 -10 8 -10 8 -9 8 -9 8 -9 7 -10 7 -9 8 -9 8 -8 9 -9 8 -8 8 -8 8 -8 7 -8 7 -8 7 -9 0 0 8 -9 8 -9 7 -9 7 -9 7 -9 8 -9 7 -9 7 -10 7 -10 7 -10 7 -10 7 -9 7 -9 7 -10 7 -11 7 -11 7 -10 7 -11 7 -10 7 -11 7 -11 7 -11 8 -11 7 -12 7 -12 7 -12 0 0 0 0 0 0 0 0 0 0]"
"1769326784857061,CSI_DATA,STATION,00:00:00:00:00:00,0,0,0,0,0,0,0,0,0,0,0,0,0,0,0,0,0,0,0,0,0,128,[84 -64 4 0 0 0 0 0 0 0 0 0 -10 -15 -10 -16 -10 -16 -9 -17 -8 -17 -8 -17 -8 -17 -7 -17 -7 -18 -7 -17 -6 -18 -6 -17 -6 -17 -6 -17 -5 -17 -5 -17 -5 -17 -5 -16 -6 -17 -5 -17 -5 -17 -5 -17 -5 -16 -6 -17 -5 -16 -5 -16 0 0 -6 -16 -6 -16 -6 -16 -6 -16 -7 -16 -7 -16 -7 -16 -8 -16 -7 -16 -8 -15 -8 -15 -8 -16 -8 -15 -9 -16 -8 -16 -9 -16 -10 -17 -10 -16 -10 -16 -10 -16 -10 -16 -10 -16 -11 -17 -12 -16 -11 -16 -11 -16 0 0 0 0 0 0 0 0 0 0]"
"1769326784861451,CSI_DATA,STATION,00:00:00:00:00:00,0,0,0,0,0,0,0,0,0,0,0,0,0,0,0,0,0,0,0,0,0,128,[84 -64 4 0 0 0 0 0 0 0 0 0 9 -13 9 -13 10 -12 11 -13 11 -12 11 -12 11 -12 12 -11 12 -10 12 -10 12 -11 12 -10 13 -10 13 -9 13 -9 12 -9 12 -9 12 -9 12 -8 12 -8 12 -8 12 -9 12 -8 12 -9 12 -9 12 -9 0 0 12 -9 11 -8 12 -9 11 -9 11 -9 12 -9 11 -9 11 -10 11 -10 11 -10 11 -11 11 -10 11 -10 11 -11 11 -11 12 -12 11 -11 11 -12 11 -12 11 -12 11 -12 11 -12 11 -12 11 -12 12 -13 11 -13 0 0 0 0 0 0 0 0 0 0]"
"1769326784865781,CSI_DATA,STATION,00:00:00:00:00:00,0,0,0,0,0,0,0,0,0,0,0,0,0,0,0,0,0,0,0,0,0,128,[84 -64 4 0 0 0 0 0 0 0 0 0 -10 7 -11 7 -11 6 -11 6 -12 6 -11 6 -12 5 -12 5 -11 5 -12 4 -12 4 -11 5 -11 4 -11 4 -12 4 -12 4 -11 4 -11 3 -12 3 -11 3 -11 3 -12 3 -11 4 -11 4 -11 4 -11 4 0 0 -11 4 -11 4 -11 4 -11 5 -12 4 -11 4 -11 5 -10 5 -11 5 -11 6 -11 6 -11 6 -11 6 -11 7 -11 6 -11 7 -11 7 -11 7 -11 7 -11 7 -11 8 -11 7 -11 8 -11 8 -11 8 -11 8 0 0 0 0 0 0 0 0 0 0]"
"1769326784872311,CSI_DATA,STATION,00:00:00:00:00:00,0,0,0,0,0,0,0,0,0,0,0,0,0,0,0,0,0,0,0,0,0,128,[84 -64 4 0 0 0 0 0 0 0 0 0 -9 -10 -8 -9 -9 -11 -9 -10 -8 -11 -7 -11 -7 -11 -7 -12 -6 -11 -7 -12 -6 -11 -6 -12 -6 -11 -6 -11 -5 -11 -5 -12 -5 -11 -5 -11 -5 -11 -6 -12 -5 -11 -5 -11 -5 -11 -5 -11 -5 -11 -5 -11 0 0 -5 -10 -5 -11 -6 -10 -6 -11 -7 -11 -6 -11 -6 -11 -7 -11 -6 -10 -7 -11 -7 -11 -7 -11 -7 -11 -7 -11 -7 -11 -8 -10 -8 -11 -8 -11 -8 -11 -8 -12 -8 -12 -8 -11 -9 -12 -9 -12 -8 -11 -8 -11 0 0 0 0 0 0 0 0 0 0]"
"1769326784876644,CSI_DATA,STATION,00:00:00:00:00:00,0,0,0,0,0,0,0,0,0,0,0,0,0,0,0,0,0,0,0,0,0,128,[84 -64 4 0 0 0 0 0 0 0 0 0 12 -3 13 -2 13 -2 13 -2 14 -1 14 -1 14 -1 13 -1 13 -1 14 0 14 0 13 0 13 1 13 1 13 1 12 0 12 1 12 2 13 1 13 1 12 1 13 1 12 1 12 1 12 0 12 0 0 0 12 0 12 0 12 0 13 -1 12 -1 13 -1 13 -1 12 -1 12 -2 12 -2 12 -2 13 -2 12 -2 13 -2 13 -2 13 -3 13 -3 14 -4 13 -3 13 -3 13 -3 14 -4 14 -3 14 -4 14 -4 14 -4 0 0 0 0 0 0 0 0 0 0]"
"1769326784880981,CSI_DATA,STATION,00:00:00:00:00:00,0,0,0,0,0,0,0,0,0,0,0,0,0,0,0,0,0,0,0,0,0,128,[84 -64 4 0 0 0 0 0 0 0 0 0 11 -3 11 -3 12 -3 12 -3 12 -2 12 -2 12 -2 12 -1 12 -1 12 0 12 0 12 0 12 0 12 0 12 0 11 0 11 0 11 0 11 0 11 0 11 0 11 0 10 1 11 1 11 0 11 0 0 0 11 0 11 -1 11 0 10 -1 12 0 11 -1 11 -1 12 -1 11 -1 11 -1 11 -2 11 -1 12 -2 12 -2 12 -2 12 -2 13 -2 13 -2 13 -3 12 -3 13 -3 12 -2 13 -2 13 -2 13 -3 12 -3 0 0 0 0 0 0 0 0 0 0]"
"1769326784887425,CSI_DATA,STATION,00:00:00:00:00:00,0,0,0,0,0,0,0,0,0,0,0,0,0,0,0,0,0,0,0,0,0,128,[84 -64 4 0 0 0 0 0 0 0 0 0 -12 2 -13 1 -13 1 -13 1 -13 0 -13 0 -13 -1 -13 -1 -12 -1 -13 -1 -13 -1 -12 -2 -13 -2 -13 -2 -13 -2 -12 -3 -12 -3 -12 -2 -12 -2 -12 -3 -12 -2 -12 -2 -12 -2 -12 -3 -12 -2 -12 -2 0 0 -11 -2 -12 -2 -12 -1 -12 -1 -12 -2 -12 -1 -12 -1 -12 -1 -12 0 -12 0 -12 0 -12 -1 -12 -1 -13 0 -13 0 -12 0 -13 0 -13 1 -13 2 -13 1 -13 1 -14 1 -13 1 -14 1 -13 1 -14 1 0 0 0 0 0 0 0 0 0 0]"
"1769326784891716,CSI_DATA,STATION,00:00:00:00:00:00,0,0,0,0,0,0,0,0,0,0,0,0,0,0,0,0,0,0,0,0,0,128,[84 -64 4 0 0 0 0 0 0 0 0 0 -5 -13 -4 -12 -5 -13 -4 -12 -3 -13 -3 -13 -2 -13 -2 -13 -2 -13 -2 -13 -2 -13 -1 -13 -1 -13 -1 -12 -1 -13 -1 -13 0 -12 0 -13 0 -12 0 -12 0 -12 -1 -12 0 -12 -1 -12 -1 -11 -1 -12 0 0 -1 -12 -2 -12 -1 -11 -1 -12 -2 -12 -2 -12 -2 -12 -2 -12 -2 -12 -2 -12 -3 -12 -3 -12 -2 -12 -3 -12 -3 -13 -4 -13 -3 -13 -3 -13 -3 -13 -3 -13 -3 -13 -4 -13 -4 -14 -4 -13 -4 -14 -4 -14 0 0 0 0 0 0 0 0 0 0]"
"1769326784898202,CSI_DATA,STATION,00:00:00:00:00:00,0,0,0,0,0,0,0,0,0,0,0,0,0,0,0,0,0,0,0,0,0,128,[84 -64 4 0 0 0 0 0 0 0 0 0 5 11 5 11 4 11 3 11 3 12 3 11 2 12 2 12 2 12 3 12 2 12 2 11 2 12 2 12 1 12 1 12 1 11 1 11 1 11 1 11 1 11 1 11 2 11 1 11 1 11 2 11 0 0 2 11 2 11 3 11 2 11 3 11 3 11 3 11 3 11 3 11 3 11 4 10 4 11 5 11 4 11 4 11 4 11 5 11 4 11 5 11 5 11 5 11 5 12 5 12 6 11 6 11 6 12 0 0 0 0 0 0 0 0 0 0]"
"1769326784902501,CSI_DATA,STATION,00:00:00:00:00:00,0,0,0,0,0,0,0,0,0,0,0,0,0,0,0,0,0,0,0,0,0,128,[84 -64 4 0 0 0 0 0 0 0 0 0 -11 5 -12 4 -13 5 -12 3 -13 4 -12 4 -12 3 -12 3 -12 3 -13 2 -13 2 -13 2 -13 1 -12 1 -12 1 -13 2 -12 1 -12 1 -12 1 -12 1 -12 1 -12 1 -12 1 -12 1 -12 1 -12 2 0 0 -11 2 -12 2 -12 2 -12 3 -12 2 -12 3 -12 2 -12 2 -12 3 -12 3 -12 3 -13 3 -13 3 -12 3 -12 3 -12 4 -13 4 -12 3 -13 4 -13 4 -13 4 -14 4 -13 4 -13 5 -13 4 -13 5 0 0 0 0 0 0 0 0 0 0]"
"1769326784908963,CSI_DATA,STATION,00:00:00:00:00:00,0,0,0,0,0,0,0,0,0,0,0,0,0,0,0,0,0,0,0,0,0,128,[84 -64 4 0 0 0 0 0 0 0 0 0 11 2 10 3 11 3 12 3 12 4 11 4 11 4 10 5 10 5 11 6 11 5 10 6 10 6 10 6 10 6 9 6 9 5 10 5 10 6 9 6 10 6 9 5 9 6 9 5 9 5 9 5 0 0 9 5 10 5 9 5 10 4 10 5 10 5 10 5 10 5 10 4 11 4 10 4 10 4 11 4 11 4 11 3 11 3 12 3 12 3 12 3 12 3 12 3 12 3 12 3 12 4 12 3 12 3 0 0 0 0 0 0 0 0 0 0]"
"1769326784913264,CSI_DATA,STATION,00:00:00:00:00:00,0,0,0,0,0,0,0,0,0,0,0,0,0,0,0,0,0,0,0,0,0,128,[84 -64 4 0 0 0 0 0 0 0 0 0 -6 -12 -6 -12 -5 -12 -5 -12 -4 -12 -4 -13 -4 -12 -4 -12 -4 -13 -3 -13 -3 -13 -3 -12 -2 -12 -2 -12 -2 -13 -2 -12 -2 -12 -2 -12 -2 -13 -2 -12 -2 -12 -2 -12 -1 -12 -2 -11 -2 -12 -3 -12 0 0 -2 -12 -2 -12 -3 -11 -3 -12 -3 -12 -3 -12 -3 -12 -4 -12 -3 -12 -3 -12 -4 -12 -4 -12 -5 -12 -4 -12 -4 -12 -4 -13 -4 -12 -4 -13 -5 -12 -5 -13 -5 -13 -5 -13 -5 -13 -5 -12 -5 -14 -5 -14 0 0 0 0 0 0 0 0 0 0]"
"1769326784921820,CSI_DATA,STATION,00:00:00:00:00:00,0,0,0,0,0,0,0,0,0,0,0,0,0,0,0,0,0,0,0,0,0,128,[84 -64 4 0 0 0 0 0 0 0 0 0 -5 10 -5 9 -5 9 -5 9 -6 10 -6 9 -7 9 -7 9 -7 9 -7 8 -7 9 -7 9 -7 8 -7 8 -7 8 -8 8 -7 8 -7 9 -7 7 -8 7 -7 7 -7 7 -7 8 -7 8 -6 8 -7 8 0 0 -7 8 -6 8 -6 8 -6 8 -6 8 -6 8 -6 8 -6 8 -7 9 -6 9 -6 10 -6 9 -5 9 -5 10 -5 10 -5 10 -5 10 -6 10 -5 10 -6 11 -5 11 -5 11 -6 11 -5 11 -5 11 -5 11 0 0 0 0 0 0 0 0 0 0]"
"1769326784930467,CSI_DATA,STATION,00:00:00:00:00:00,0,0,0,0,0,0,0,0,0,0,0,0,0,0,0,0,0,0,0,0,0,128,[84 -64 4 0 0 0 0 0 0 0 0 0 3 -18 4 -18 4 -18 5 -18 5 -18 6 -18 6 -17 6 -17 7 -17 6 -16 7 -16 7 -16 8 -16 8 -16 8 -16 8 -15 8 -15 8 -15 8 -15 8 -15 7 -15 7 -15 7 -14 7 -15 7 -15 7 -15 0 0 7 -15 6 -15 6 -15 6 -15 6 -15 6 -15 5 -16 5 -16 6 -16 5 -16 5 -17 5 -16 5 -17 5 -17 5 -17 4 -18 4 -17 4 -18 4 -18 3 -18 4 -19 3 -18 3 -19 3 -18 4 -19 3 -19 0 0 0 0 0 0 0 0 0 0]"
"1769326784934786,CSI_DATA,STATION,00:00:00:00:00:00,0,0,0,0,0,0,0,0,0,0,0,0,0,0,0,0,0,0,0,0,0,128,[84 -64 4 0 0 0 0 0 0 0 0 0 17 -3 18 -2 17 -1 18 -1 18 0 18 0 17 0 17 0 17 1 17 2 17 2 17 2 17 2 16 3 17 3 16 3 16 3 15 3 16 3 16 4 16 4 16 3 15 3 15 3 16 4 15 2 0 0 16 2 16 2 16 2 16 1 16 2 16 2 16 2 16 1 16 1 16 0 16 0 16 1 16 1 17 0 17 0 18 -1 17 -1 17 -2 17 -1 17 -2 18 -2 18 -1 18 -1 18 -2 18 -1 18 -2 0 0 0 0 0 0 0 0 0 0]"
"1769326784939169,CSI_DATA,STATION,00:00:00:00:00:00,0,0,0,0,0,0,0,0,0,0,0,0,0,0,0,0,0,0,0,0,0,128,[84 -64 4 0 0 0 0 0 0 0 0 0 5 -11 6 -11 6 -11 6 -11 6 -11 6 -11 7 -10 7 -10 7 -10 7 -10 7 -10 7 -10 7 -9 7 -10 8 -9 7 -9 7 -9 7 -9 8 -9 8 -9 7 -9 7 -9 7 -9 7 -9 7 -9 7 -9 0 0 6 -9 7 -9 6 -10 6 -9 6 -10 6 -10 6 -10 6 -10 6 -10 6 -10 5 -10 6 -11 5 -10 5 -11 5 -11 5 -12 5 -12 5 -12 5 -12 5 -12 5 -12 5 -12 5 -12 5 -12 5 -13 5 -13 0 0 0 0 0 0 0 0 0 0]"
"1769326784945631,CSI_DATA,STATION,00:00:00:00:00:00,0,0,0,0,0,0,0,0,0,0,0,0,0,0,0,0,0,0,0,0,0,128,[84 -64 4 0 0 0 0 0 0 0 0 0 -18 -2 -18 -2 -19 -3 -18 -4 -19 -4 -18 -4 -18 -4 -18 -5 -17 -5 -18 -6 -17 -6 -17 -6 -17 -7 -17 -7 -16 -7 -17 -7 -15 -6 -16 -7 -16 -7 -16 -7 -16 -8 -16 -7 -16 -6 -16 -7 -15 -7 -16 -6 0 0 -16 -5 -16 -6 -16 -6 -17 -5 -16 -6 -16 -5 -17 -6 -17 -4 -16 -4 -17 -4 -17 -4 -17 -4 -17 -5 -17 -4 -18 -4 -18 -3 -18 -3 -17 -3 -18 -2 -19 -2 -19 -3 -19 -3 -20 -3 -19 -3 -19 -3 -19 -2 0 0 0 0 0 0 0 0 0 0]"
"1769326784949978,CSI_DATA,STATION,00:00:00:00:00:00,0,0,0,0,0,0,0,0,0,0,0,0,0,0,0,0,0,0,0,0,0,128,[84 -64 4 0 0 0 0 0 0 0 0 0 13 11 13 12 13 12 12 13 11 13 11 13 11 14 10 14 10 14 10 15 9 15 9 14 9 15 9 15 8 15 8 14 8 14 8 14 8 14 8 15 8 14 8 14 7 13 8 14 8 14 8 13 0 0 8 14 8 13 8 13 8 13 9 13 9 13 10 13 10 13 10 12 10 12 10 13 10 13 10 13 10 13 11 12 11 13 12 14 12 13 12 12 12 12 12 12 12 12 12 13 13 13 13 13 13 13 0 0 0 0 0 0 0 0 0 0]"
"1769326784956492,CSI_DATA,STATION,00:00:00:00:00:00,0,0,0,0,0,0,0,0,0,0,0,0,0,0,0,0,0,0,0,0,0,128,[84 -64 4 0 0 0 0 0 0 0 0 0 -8 -8 -8 -8 -8 -9 -8 -9 -8 -9 -8 -10 -7 -10 -7 -10 -6 -10 -6 -10 -6 -10 -6 -10 -6 -10 -6 -10 -5 -10 -5 -10 -5 -10 -5 -9 -5 -11 -5 -10 -5 -10 -5 -10 -5 -9 -6 -10 -6 -10 -6 -10 0 0 -6 -10 -6 -10 -6 -10 -5 -9 -7 -10 -6 -10 -6 -10 -6 -9 -6 -10 -7 -9 -7 -9 -7 -10 -7 -9 -7 -10 -7 -9 -7 -10 -7 -10 -8 -10 -7 -10 -7 -10 -8 -10 -8 -10 -8 -10 -9 -10 -8 -10 -9 -10 0 0 0 0 0 0 0 0 0 0]"
"1769326784960957,CSI_DATA,STATION,00:00:00:00:00:00,0,0,0,0,0,0,0,0,0,0,0,0,0,0,0,0,0,0,0,0,0,128,[84 -64 4 0 0 0 0 0 0 0 0 0 8 13 8 12 8 13 8 14 7 14 6 14 7 14 6 14 6 14 5 15 5 15 4 14 4 14 4 14 4 14 4 14 4 14 4 14 4 14 4 14 4 14 4 13 3 13 4 14 4 13 4 13 0 0 4 13 5 13 5 13 5 13 5 13 5 13 5 13 6 13 6 12 5 13 6 13 6 13 6 13 6 13 7 13 7 13 8 14 7 13 8 13 8 13 8 13 8 13 8 14 8 14 8 14 8 13 0 0 0 0 0 0 0 0 0 0]"
"1769326784965278,CSI_DATA,STATION,00:00:00:00:00:00,0,0,0,0,0,0,0,0,0,0,0,0,0,0,0,0,0,0,0,0,0,128,[84 -64 4 0 0 0 0 0 0 0 0 0 1 -11 1 -11 1 -11 2 -11 2 -12 2 -12 3 -11 3 -11 3 -11 4 -11 3 -11 4 -11 4 -11 4 -10 4 -10 4 -10 4 -10 4 -11 4 -10 4 -10 4 -10 4 -10 4 -10 4 -10 3 -10 4 -10 0 0 3 -10 3 -10 3 -10 3 -10 3 -10 3 -10 2 -10 3 -11 3 -11 2 -11 2 -11 2 -11 2 -11 2 -11 2 -12 2 -12 2 -12 2 -12 2 -12 2 -13 2 -13 2 -12 1 -12 1 -13 1 -13 1 -13 0 0 0 0 0 0 0 0 0 0]"
"1769326784971750,CSI_DATA,STATION,00:00:00:00:00:00,0,0,0,0,0,0,0,0,0,0,0,0,0,0,0,0,0,0,0,0,0,128,[84 -64 4 0 0 0 0 0 0 0 0 0 -7 -17 -7 -17 -6 -18 -6 -19 -5 -18 -4 -18 -4 -18 -4 -18 -3 -18 -3 -18 -3 -18 -2 -18 -2 -18 -2 -17 -2 -18 -2 -17 -2 -17 -2 -17 -2 -18 -1 -17 -2 -17 -2 -17 -2 -16 -2 -17 -2 -17 -2 -16 0 0 -2 -17 -2 -16 -3 -17 -3 -16 -3 -17 -3 -17 -3 -17 -4 -17 -4 -17 -5 -16 -5 -17 -5 -17 -5 -17 -5 -17 -5 -17 -6 -17 -6 -18 -6 -17 -6 -17 -6 -18 -6 -18 -7 -17 -7 -18 -8 -18 -7 -18 -8 -18 0 0 0 0 0 0 0 0 0 0]"
"1769326784976112,CSI_DATA,STATION,00:00:00:00:00:00,0,0,0,0,0,0,0,0,0,0,0,0,0,0,0,0,0,0,0,0,0,128,[84 -64 4 0 0 0 0 0 0 0 0 0 3 -18 4 -18 4 -18 5 -18 6 -18 6 -18 6 -17 6 -17 7 -17 7 -17 8 -16 8 -16 8 -16 8 -15 8 -15 9 -16 8 -15 8 -15 8 -15 8 -15 8 -15 8 -15 8 -14 7 -14 8 -14 8 -15 0 0 7 -15 7 -15 7 -15 7 -15 7 -15 6 -15 6 -16 6 -15 6 -16 6 -16 5 -16 5 -16 6 -16 5 -17 5 -18 5 -17 5 -17 4 -17 4 -18 4 -18 4 -19 4 -18 4 -19 4 -18 4 -19 4 -18 0 0 0 0 0 0 0 0 0 0]"
"1769326784982571,CSI_DATA,STATION,00:00:00:00:00:00,0,0,0,0,0,0,0,0,0,0,0,0,0,0,0,0,0,0,0,0,0,128,[84 -64 4 0 0 0 0 0 0 0 0 0 -13 12 -13 12 -14 12 -15 11 -15 10 -15 10 -15 10 -16 9 -16 9 -16 8 -16 8 -16 8 -16 8 -16 7 -16 6 -16 7 -16 7 -16 7 -16 7 -16 6 -16 6 -16 5 -15 6 -15 7 -15 6 -15 7 0 0 -15 7 -15 6 -15 6 -15 7 -15 7 -16 6 -15 7 -16 7 -15 7 -15 8 -15 9 -15 8 -15 8 -15 8 -15 9 -15 9 -16 9 -15 10 -16 9 -16 10 -16 10 -15 10 -16 10 -16 11 -15 11 -15 11 0 0 0 0 0 0 0 0 0 0]"
"1769326784986865,CSI_DATA,STATION,00:00:00:00:00:00,0,0,0,0,0,0,0,0,0,0,0,0,0,0,0,0,0,0,0,0,0,128,[84 -64 4 0 0 0 0 0 0 0 0 0 2 -13 1 -13 2 -13 2 -12 3 -12 3 -13 3 -12 4 -12 5 -12 5 -12 4 -12 5 -11 5 -11 5 -12 5 -11 5 -11 5 -11 5 -11 5 -10 5 -10 5 -10 5 -10 5 -10 5 -11 5 -10 5 -11 0 0 5 -11 4 -10 4 -10 4 -10 4 -11 4 -11 4 -11 4 -11 4 -11 4 -11 3 -12 4 -11 4 -11 4 -12 3 -12 3 -13 3 -12 3 -13 3 -13 4 -13 3 -13 3 -12 3 -13 3 -13 3 -13 3 -14 0 0 0 0 0 0 0 0 0 0]"
"1769326784991176,CSI_DATA,STATION,00:00:00:00:00:00,0,0,0,0,0,0,0,0,0,0,0,0,0,0,0,0,0,0,0,0,0,128,[84 -64 4 0 0 0 0 0 0 0 0 0 -8 9 -8 9 -9 9 -9 8 -10 8 -9 8 -10 8 -10 8 -10 7 -11 7 -11 7 -10 7 -11 6 -10 6 -10 6 -11 6 -10 6 -10 6 -11 6 -10 6 -10 6 -10 6 -10 7 -10 6 -9 5 -9 7 0 0 -10 7 -10 6 -9 6 -10 7 -9 7 -9 7 -10 7 -9 8 -9 8 -9 8 -10 8 -9 8 -9 8 -9 8 -9 9 -9 9 -9 9 -9 9 -9 9 -9 10 -9 10 -9 10 -10 9 -9 9 -9 10 -9 10 0 0 0 0 0 0 0 0 0 0]"
"1769326784997599,CSI_DATA,STATION,00:00:00:00:00:00,0,0,0,0,0,0,0,0,0,0,0,0,0,0,0,0,0,0,0,0,0,128,[84 -64 4 0 0 0 0 0 0 0 0 0 -9 -9 -9 -10 -8 -10 -8 -10 -8 -10 -8 -11 -7 -11 -6 -11 -6 -11 -6 -11 -6 -11 -6 -11 -5 -12 -6 -12 -6 -12 -6 -11 -5 -11 -5 -11 -6 -11 -5 -11 -5 -11 -5 -11 -5 -11 -5 -11 -5 -11 -5 -11 0 0 -5 -11 -6 -11 -6 -10 -6 -10 -7 -10 -6 -10 -6 -10 -7 -10 -7 -10 -7 -10 -8 -10 -7 -10 -8 -10 -8 -10 -8 -10 -9 -10 -8 -10 -9 -10 -8 -10 -9 -10 -9 -10 -9 -10 -9 -11 -10 -10 -10 -10 -9 -11 0 0 0 0 0 0 0 0 0 0]"
"1769326785001908,CSI_DATA,STATION,00:00:00:00:00:00,0,0,0,0,0,0,0,0,0,0,0,0,0,0,0,0,0,0,0,0,0,128,[84 -64 4 0 0 0 0 0 0 0 0 0 -13 12 -13 12 -14 12 -15 11 -15 11 -15 11 -15 11 -15 10 -15 10 -16 9 -16 9 -16 9 -16 9 -16 8 -16 7 -16 8 -15 8 -16 8 -16 7 -15 7 -15 7 -15 7 -15 7 -15 7 -15 7 -15 8 0 0 -15 8 -14 8 -14 8 -14 9 -14 9 -14 9 -14 9 -14 9 -14 10 -13 10 -14 10 -14 10 -14 10 -13 11 -13 11 -13 12 -14 12 -13 12 -13 12 -13 13 -13 13 -13 13 -14 13 -14 13 -13 13 -13 14 0 0 0 0 0 0 0 0 0 0]"
"1769326785008350,CSI_DATA,STATION,00:00:00:00:00:00,0,0,0,0,0,0,0,0,0,0,0,0,0,0,0,0,0,0,0,0,0,128,[84 -64 4 0 0 0 0 0 0 0 0 0 -10 7 -11 6 -11 5 -12 6 -11 5 -12 6 -12 5 -12 4 -12 4 -13 4 -12 4 -12 4 -12 3 -12 3 -12 3 -12 3 -11 3 -12 3 -12 3 -12 3 -12 3 -11 3 -11 3 -11 3 -11 3 -11 4 0 0 -11 4 -11 4 -11 4 -11 4 -11 4 -11 4 -11 4 -11 5 -10 5 -11 5 -11 6 -11 5 -11 5 -11 5 -11 6 -11 6 -11 6 -11 6 -11 7 -11 6 -11 7 -11 7 -12 7 -11 7 -11 7 -11 7 0 0 0 0 0 0 0 0 0 0]"
"1769326785012655,CSI_DATA,STATION,00:00:00:00:00:00,0,0,0,0,0,0,0,0,0,0,0,0,0,0,0,0,0,0,0,0,0,128,[84 -64 4 0 0 0 0 0 0 0 0 0 -3 12 -3 12 -4 11 -4 12 -4 12 -5 11 -5 12 -5 11 -5 11 -6 11 -6 11 -6 10 -7 11 -6 11 -6 10 -6 10 -6 10 -6 10 -6 10 -6 10 -6 10 -5 10 -6 10 -5 10 -6 10 -5 10 0 0 -5 10 -5 10 -4 10 -5 10 -4 10 -4 10 -4 11 -4 11 -4 11 -5 11 -4 11 -4 11 -4 12 -4 12 -3 11 -3 12 -3 12 -3 12 -2 12 -2 12 -3 12 -2 12 -3 13 -3 12 -3 13 -3 13 0 0 0 0 0 0 0 0 0 0]"
"1769326785016968,CSI_DATA,STATION,00:00:00:00:00:00,0,0,0,0,0,0,0,0,0,0,0,0,0,0,0,0,0,0,0,0,0,128,[84 -64 4 0 0 0 0 0 0 0 0 0 -10 -13 -10 -13 -10 -14 -9 -14 -9 -15 -9 -15 -8 -15 -8 -15 -7 -15 -7 -15 -7 -15 -7 -15 -7 -15 -6 -15 -6 -15 -6 -14 -6 -14 -6 -14 -6 -14 -6 -15 -6 -14 -6 -14 -5 -14 -6 -15 -6 -14 -6 -14 0 0 -6 -14 -6 -14 -7 -14 -6 -13 -8 -14 -7 -14 -8 -14 -8 -14 -8 -13 -8 -13 -8 -13 -9 -13 -9 -13 -9 -13 -9 -13 -9 -13 -10 -14 -10 -13 -10 -13 -10 -13 -10 -13 -11 -13 -11 -14 -11 -14 -11 -13 -11 -13 0 0 0 0 0 0 0 0 0 0]"
"1769326785023430,CSI_DATA,STATION,00:00:00:00:00:00,0,0,0,0,0,0,0,0,0,0,0,0,0,0,0,0,0,0,0,0,0,128,[84 -64 4 0 0 0 0 0 0 0 0 0 -10 8 -10 8 -10 7 -11 7 -11 7 -11 7 -10 7 -11 7 -11 6 -11 6 -11 5 -11 6 -11 5 -11 5 -12 5 -12 5 -11 5 -10 5 -11 5 -11 5 -11 4 -10 5 -10 5 -10 5 -11 5 -11 5 0 0 -10 5 -10 5 -10 5 -11 6 -10 5 -10 6 -10 6 -10 6 -10 7 -10 6 -10 7 -10 7 -11 7 -10 7 -10 7 -10 8 -10 7 -10 8 -10 8 -10 8 -10 9 -10 9 -10 8 -11 8 -10 9 -10 9 0 0 0 0 0 0 0 0 0 0]"
"1769326785027721,CSI_DATA,STATION,00:00:00:00:00:00,0,0,0,0,0,0,0,0,0,0,0,0,0,0,0,0,0,0,0,0,0,128,[84 -64 4 0 0 0 0 0 0 0 0 0 -5 -18 -4 -18 -4 -18 -3 -19 -3 -19 -3 -19 -2 -19 -1 -18 -1 -19 -1 -18 -1 -19 0 -18 -1 -18 0 -18 0 -18 1 -18 1 -17 1 -17 0 -18 1 -17 1 -17 1 -17 0 -17 0 -17 0 -17 0 -17 0 0 -1 -17 -1 -17 -1 -17 -1 -17 -1 -17 -2 -17 -1 -17 -3 -17 -2 -17 -3 -17 -3 -17 -3 -17 -3 -17 -3 -18 -3 -18 -4 -18 -5 -18 -5 -18 -4 -18 -5 -18 -5 -19 -5 -18 -6 -19 -6 -18 -6 -19 -6 -18 0 0 0 0 0 0 0 0 0 0]"
"1769326785034175,CSI_DATA,STATION,00:00:00:00:00:00,0,0,0,0,0,0,0,0,0,0,0,0,0,0,0,0,0,0,0,0,0,128,[84 -64 4 0 0 0 0 0 0 0 0 0 5 -17 7 -18 7 -17 8 -17 8 -16 9 -17 9 -15 9 -16 10 -16 10 -15 10 -15 10 -15 10 -15 10 -14 11 -14 11 -14 10 -14 10 -13 10 -13 11 -13 11 -12 11 -13 10 -13 10 -13 10 -13 10 -13 0 0 10 -13 9 -13 10 -14 9 -13 9 -14 9 -13 9 -14 9 -13 9 -14 8 -14 8 -15 8 -15 8 -15 9 -15 8 -16 8 -16 8 -15 8 -17 8 -16 8 -17 8 -17 8 -17 8 -17 7 -17 7 -18 7 -17 0 0 0 0 0 0 0 0 0 0]"
"1769326785038492,CSI_DATA,STATION,00:00:00:00:00:00,0,0,0,0,0,0,0,0,0,0,0,0,0,0,0,0,0,0,0,0,0,128,[84 -64 4 0 0 0 0 0 0 0 0 0 -7 14 -8 14 -9 13 -9 13 -9 13 -10 13 -10 13 -10 12 -10 12 -11 12 -11 12 -11 11 -11 11 -11 11 -11 11 -11 11 -11 11 -11 11 -11 10 -11 10 -11 10 -11 10 -11 10 -10 10 -10 10 -10 11 0 0 -10 11 -9 11 -9 11 -10 11 -10 11 -9 11 -9 12 -9 11 -9 12 -9 12 -9 13 -9 12 -9 12 -8 13 -8 13 -8 14 -8 13 -8 14 -8 14 -8 14 -8 15 -8 14 -8 14 -8 14 -8 15 -7 15 0 0 0 0 0 0 0 0 0 0]"
"1769326785044958,CSI_DATA,STATION,00:00:00:00:00:00,0,0,0,0,0,0,0,0,0,0,0,0,0,0,0,0,0,0,0,0,0,128,[84 -64 4 0 0 0 0 0 0 0 0 0 -6 17 -7 17 -7 16 -8 16 -8 16 -8 16 -9 15 -9 15 -10 15 -10 15 -10 15 -10 14 -10 14 -10 14 -10 14 -11 14 -10 13 -10 13 -10 13 -11 13 -11 13 -10 13 -10 13 -9 13 -10 13 -9 13 0 0 -9 13 -9 14 -9 14 -9 14 -9 14 -9 14 -9 14 -8 14 -8 14 -7 14 -8 15 -7 15 -7 15 -7 16 -8 16 -7 16 -7 16 -6 16 -6 17 -7 16 -7 17 -7 17 -6 18 -6 17 -6 18 -6 18 0 0 0 0 0 0 0 0 0 0]"
"1769326785049271,CSI_DATA,STATION,00:00:00:00:00:00,0,0,0,0,0,0,0,0,0,0,0,0,0,0,0,0,0,0,0,0,0,128,[84 -64 4 0 0 0 0 0 0 0 0 0 11 -4 11 -4 12 -3 12 -3 12 -3 11 -2 12 -2 12 -1 12 -1 12 -1 12 -1 12 -1 12 -1 12 0 12 0 11 0 11 -1 11 -1 11 0 12 0 12 0 11 0 11 0 11 0 11 0 11 -1 0 0 11 -1 11 -1 11 -1 11 -2 11 -1 11 -2 11 -2 11 -2 11 -2 11 -2 11 -3 12 -2 12 -3 12 -3 12 -3 12 -4 12 -4 12 -4 12 -4 12 -4 12 -4 12 -4 13 -4 12 -4 13 -4 12 -4 0 0 0 0 0 0 0 0 0 0]"
"1769326785053597,CSI_DATA,STATION,00:00:00:00:00:00,0,0,0,0,0,0,0,0,0,0,0,0,0,0,0,0,0,0,0,0,0,128,[84 -64 4 0 0 0 0 0 0 0 0 0 -11 6 -12 5 -12 5 -12 4 -12 4 -12 4 -13 4 -12 3 -12 3 -13 2 -12 3 -12 3 -13 2 -12 2 -12 1 -12 2 -12 2 -12 1 -12 1 -12 1 -12 1 -12 1 -12 2 -12 2 -12 2 -11 2 0 0 -11 2 -12 2 -11 3 -11 3 -12 3 -12 3 -12 3 -12 3 -12 3 -12 4 -12 4 -11 4 -12 4 -11 4 -12 5 -12 5 -12 5 -12 5 -12 5 -12 5 -12 6 -12 5 -13 5 -12 6 -12 6 -12 6 0 0 0 0 0 0 0 0 0 0]"
"1769326785060308,CSI_DATA,STATION,00:00:00:00:00:00,0,0,0,0,0,0,0,0,0,0,0,0,0,0,0,0,0,0,0,0,0,128,[84 -64 4 0 0 0 0 0 0 0 0 0 7 14 7 13 7 14 6 15 5 15 5 15 5 14 4 15 4 15 4 15 4 15 4 15 4 15 4 15 3 15 3 14 3 14 2 14 3 14 3 15 3 14 2 14 3 14 3 14 3 14 3 14 0 0 3 14 4 14 4 13 3 13 4 13 4 14 4 14 5 14 5 13 5 13 5 13 6 13 6 14 6 13 6 13 6 14 7 14 7 13 7 14 7 13 8 14 8 14 8 14 8 14 8 14 8 14 0 0 0 0 0 0 0 0 0 0]"
"1769326785064655,CSI_DATA,STATION,00:00:00:00:00:00,0,0,0,0,0,0,0,0,0,0,0,0,0,0,0,0,0,0,0,0,0,128,[84 -64 4 0 0 0 0 0 0 0 0 0 -13 2 -13 1 -13 1 -13 0 -13 0 -13 0 -13 -1 -12 -1 -13 -2 -12 -2 -13 -2 -12 -2 -13 -3 -13 -2 -13 -3 -12 -3 -12 -3 -12 -3 -13 -3 -12 -4 -12 -3 -12 -3 -12 -3 -12 -3 -12 -2 -12 -2 0 0 -12 -2 -12 -2 -12 -2 -12 -2 -13 -2 -12 -2 -12 -1 -13 -1 -12 -1 -13 -1 -12 -1 -13 -1 -13 -1 -14 -1 -12 0 -13 -1 -13 -1 -13 0 -13 0 -14 0 -14 0 -14 0 -14 -1 -14 0 -14 0 -14 0 0 0 0 0 0 0 0 0 0 0]"
"1769326785068977,CSI_DATA,STATION,00:00:00:00:00:00,0,0,0,0,0,0,0,0,0,0,0,0,0,0,0,0,0,0,0,0,0,128,[84 -64 4 0 0 0 0 0 0 0 0 0 17 1 18 1 17 2 18 3 17 3 17 3 17 4 17 4 17 4 17 5 17 5 16 5 16 5 16 6 16 6 15 6 15 5 15 5 16 6 15 6 15 6 15 6 15 5 15 5 15 6 15 4 0 0 15 4 15 4 16 4 15 3 16 4 16 4 16 4 16 3 16 3 16 2 16 2 16 3 17 3 17 2 17 2 17 1 17 1 17 0 18 0 17 0 18 0 18 1 18 1 18 0 18 0 18 -1 0 0 0 0 0 0 0 0 0 0]"
"1769326785075498,CSI_DATA,STATION,00:00:00:00:00:00,0,0,0,0,0,0,0,0,0,0,0,0,0,0,0,0,0,0,0,0,0,128,[84 -64 4 0 0 0 0 0 0 0 0 0 -15 -10 -15 -11 -15 -12 -15 -13 -14 -13 -14 -13 -13 -13 -13 -13 -12 -14 -13 -14 -12 -14 -12 -14 -12 -15 -11 -15 -11 -15 -11 -14 -10 -14 -10 -14 -11 -15 -10 -14 -10 -14 -10 -14 -10 -14 -10 -14 -11 -14 -10 -14 0 0 -10 -14 -11 -13 -11 -14 -10 -13 -11 -14 -11 -13 -12 -13 -12 -13 -11 -13 -12 -12 -13 -13 -13 -13 -12 -13 -13 -12 -13 -12 -13 -12 -14 -14 -14 -13 -14 -12 -14 -12 -14 -12 -15 -13 -15 -13 -15 -13 -15 -12 -15 -12 0 0 0 0 0 0 0 0 0 0]"
"1769326785086333,CSI_DATA,STATION,00:00:00:00:00:00,0,0,0,0,0,0,0,0,0,0,0,0,0,0,0,0,0,0,0,0,0,128,[84 -64 4 0 0 0 0 0 0 0 0 0 9 -15 10 -15 10 -15 10 -14 12 -14 12 -14 12 -13 12 -13 12 -13 13 -12 13 -12 13 -12 13 -12 13 -11 13 -11 13 -12 12 -11 13 -11 12 -10 13 -11 13 -10 12 -11 12 -10 12 -11 12 -10 12 -11 0 0 12 -11 11 -11 11 -11 11 -12 11 -12 11 -12 11 -12 11 -12 11 -13 10 -13 11 -13 10 -13 11 -13 10 -13 10 -14 10 -14 11 -14 10 -15 10 -15 10 -15 10 -16 10 -15 10 -16 10 -16 10 -16 10 -16 0 0 0 0 0 0 0 0 0 0]"
"1769326785092847,CSI_DATA,STATION,00:00:00:00:00:00,0,0,0,0,0,0,0,0,0,0,0,0,0,0,0,0,0,0,0,0,0,128,[84 -64 4 0 0 0 0 0 0 0 0 0 3 11 2 11 2 12 2 12 2 12 1 12 0 12 1 12 0 12 0 12 0 12 -1 12 -1 12 0 12 -1 12 -1 11 -1 11 -2 12 -1 11 -1 11 -1 11 -1 10 -1 11 0 11 0 11 0 11 0 0 0 11 0 11 1 10 1 11 1 11 1 11 1 11 1 11 1 11 1 12 1 11 1 11 2 11 2 12 2 12 3 12 2 12 2 12 2 12 3 12 3 12 3 12 3 12 3 12 3 12 3 12 0 0 0 0 0 0 0 0 0 0]"
"1769326785097151,CSI_DATA,STATION,00:00:00:00:00:00,0,0,0,0,0,0,0,0,0,0,0,0,0,0,0,0,0,0,0,0,0,128,[84 -64 4 0 0 0 0 0 0 0 0 0 17 0 17 1 18 2 18 2 18 3 17 3 17 4 17 4 17 4 17 5 17 5 16 5 16 6 16 6 16 6 16 6 14 5 15 6 15 6 16 7 15 7 15 6 15 6 15 5 15 6 15 5 0 0 14 4 16 5 15 5 15 4 15 5 16 5 16 5 16 4 16 4 16 3 16 3 16 3 17 4 16 3 17 2 17 2 18 2 17 1 17 1 17 1 18 2 18 2 19 2 18 1 18 1 18 1 0 0 0 0 0 0 0 0 0 0]"
"1769326785103631,CSI_DATA,STATION,00:00:00:00:00:00,0,0,0,0,0,0,0,0,0,0,0,0,0,0,0,0,0,0,0,0,0,128,[84 -64 4 0 0 0 0 0 0 0 0 0 6 -10 6 -11 7 -10 8 -10 8 -10 8 -10 8 -9 8 -9 8 -9 9 -9 9 -9 8 -9 9 -8 9 -9 9 -8 9 -8 8 -8 9 -9 8 -8 9 -8 9 -8 8 -8 8 -8 8 -9 8 -8 8 -8 0 0 8 -9 8 -8 7 -8 7 -9 7 -9 8 -9 7 -9 8 -9 7 -9 7 -10 7 -10 7 -10 7 -10 7 -10 7 -11 7 -11 7 -11 7 -12 6 -11 7 -11 7 -12 6 -11 6 -12 6 -12 6 -13 6 -12 0 0 0 0 0 0 0 0 0 0]"
"1769326785107980,CSI_DATA,STATION,00:00:00:00:00:00,0,0,0,0,0,0,0,0,0,0,0,0,0,0,0,0,0,0,0,0,0,128,[84 -64 4 0 0 0 0 0 0 0 0 0 -11 7 -11 6 -11 5 -11 5 -12 5 -12 5 -12 4 -12 4 -12 4 -12 3 -12 3 -12 3 -12 3 -12 3 -12 3 -12 2 -11 2 -12 2 -12 2 -12 2 -11 2 -12 2 -11 3 -12 2 -12 3 -11 3 0 0 -11 3 -11 3 -11 3 -11 4 -12 3 -11 4 -11 3 -12 3 -11 4 -12 4 -11 5 -12 4 -11 5 -11 5 -11 5 -11 5 -11 5 -11 6 -12 5 -12 5 -12 6 -12 5 -12 6 -12 6 -12 6 -12 6 0 0 0 0 0 0 0 0 0 0]"
"1769326785114442,CSI_DATA,STATION,00:00:00:00:00:00,0,0,0,0,0,0,0,0,0,0,0,0,0,0,0,0,0,0,0,0,0,128,[84 -64 4 0 0 0 0 0 0 0 0 0 -12 -3 -13 -4 -12 -4 -13 -5 -12 -5 -12 -5 -11 -5 -12 -5 -11 -6 -12 -6 -11 -6 -11 -7 -11 -7 -11 -6 -11 -7 -10 -6 -11 -7 -11 -6 -11 -7 -10 -7 -11 -7 -10 -7 -10 -6 -11 -6 -11 -6 -10 -6 0 0 -10 -6 -10 -6 -11 -6 -11 -5 -11 -6 -11 -5 -11 -5 -11 -5 -11 -5 -11 -5 -12 -5 -12 -5 -12 -5 -12 -5 -12 -4 -13 -4 -13 -5 -13 -5 -12 -4 -13 -4 -13 -4 -13 -4 -13 -4 -14 -4 -13 -4 -14 -4 0 0 0 0 0 0 0 0 0 0]"
"1769326785118755,CSI_DATA,STATION,00:00:00:00:00:00,0,0,0,0,0,0,0,0,0,0,0,0,0,0,0,0,0,0,0,0,0,128,[84 -64 4 0 0 0 0 0 0 0 0 0 -2 12 -4 12 -4 11 -4 11 -5 11 -5 12 -5 11 -6 11 -6 11 -6 11 -7 11 -6 11 -6 11 -6 10 -7 10 -7 10 -6 10 -7 10 -6 10 -7 9 -7 9 -6 9 -6 10 -6 10 -6 9 -5 11 0 0 -6 9 -6 9 -5 10 -5 10 -5 10 -5 9 -5 10 -5 10 -5 10 -5 11 -5 11 -5 11 -5 11 -4 12 -5 11 -5 12 -4 11 -4 11 -4 12 -4 12 -4 12 -4 12 -4 12 -4 12 -4 13 -5 13 0 0 0 0 0 0 0 0 0 0]"
"1769326785125277,CSI_DATA,STATION,00:00:00:00:00:00,0,0,0,0,0,0,0,0,0,0,0,0,0,0,0,0,0,0,0,0,0,128,[84 -64 4 0 0 0 0 0 0 0 0 0 -14 1 -14 0 -15 0 -15 -1 -14 -2 -14 -1 -14 -3 -14 -3 -14 -3 -14 -4 -14 -3 -13 -3 -13 -3 -14 -4 -14 -4 -13 -3 -13 -3 -13 -4 -13 -4 -13 -4 -13 -4 -13 -4 -12 -3 -12 -3 -13 -3 -13 -3 0 0 -13 -2 -13 -2 -13 -2 -13 -1 -14 -2 -13 -2 -13 -2 -14 -1 -13 -1 -14 0 -14 0 -13 -1 -14 0 -14 0 -14 0 -15 0 -15 0 -15 1 -15 1 -14 1 -15 1 -15 1 -14 1 -15 1 -15 2 -15 2 0 0 0 0 0 0 0 0 0 0]"
"1769326785129578,CSI_DATA,STATION,00:00:00:00:00:00,0,0,0,0,0,0,0,0,0,0,0,0,0,0,0,0,0,0,0,0,0,128,[84 -64 4 0 0 0 0 0 0 0 0 0 -16 -9 -16 -10 -16 -11 -16 -11 -15 -11 -15 -12 -14 -12 -14 -12 -13 -12 -13 -13 -13 -13 -13 -13 -13 -14 -13 -13 -13 -14 -12 -13 -12 -13 -12 -13 -12 -13 -12 -13 -11 -14 -12 -13 -11 -12 -12 -13 -12 -13 -11 -12 0 0 -12 -12 -12 -12 -13 -12 -12 -11 -13 -12 -12 -12 -13 -12 -13 -12 -13 -12 -13 -10 -14 -11 -14 -11 -14 -11 -15 -11 -14 -11 -15 -10 -15 -11 -15 -11 -15 -10 -15 -10 -16 -11 -16 -11 -16 -11 -16 -11 -17 -10 -17 -10 0 0 0 0 0 0 0 0 0 0]"
"1769326785133954,CSI_DATA,STATION,00:00:00:00:00:00,0,0,0,0,0,0,0,0,0,0,0,0,0,0,0,0,0,0,0,0,0,128,[84 -64 4 0 0 0 0 0 0 0 0 0 17 0 18 1 17 2 18 2 18 2 18 3 17 3 17 3 16 4 17 5 16 5 16 5 17 5 16 5 16 6 16 6 15 5 15 5 15 6 15 6 15 6 15 6 14 5 15 5 15 6 15 5 0 0 15 4 15 5 16 5 15 4 16 5 16 4 16 4 15 4 16 3 15 3 16 3 16 3 17 3 17 3 17 2 17 2 17 2 17 1 17 1 17 1 18 1 18 2 18 2 18 2 19 1 18 1 0 0 0 0 0 0 0 0 0 0]"
"1769326785140443,CSI_DATA,STATION,00:00:00:00:00:00,0,0,0,0,0,0,0,0,0,0,0,0,0,0,0,0,0,0,0,0,0,128,[84 -64 4 0 0 0 0 0 0 0 0 0 17 -6 17 -6 17 -5 18 -4 18 -4 17 -4 18 -3 17 -3 17 -3 17 -2 18 -2 17 -1 17 -1 17 -1 17 0 17 -1 16 -1 16 -1 16 0 16 0 16 0 16 0 16 -1 16 0 16 0 16 -2 0 0 16 -2 16 -1 16 -1 16 -2 16 -2 16 -2 16 -1 16 -3 16 -3 16 -3 16 -4 16 -3 16 -3 17 -3 17 -4 17 -5 17 -5 17 -6 17 -5 17 -6 17 -6 17 -5 18 -5 18 -6 17 -6 18 -6 0 0 0 0 0 0 0 0 0 0]"
"1769326785144756,CSI_DATA,STATION,00:00:00:00:00:00,0,0,0,0,0,0,0,0,0,0,0,0,0,0,0,0,0,0,0,0,0,128,[84 -64 4 0 0 0 0 0 0 0 0 0 -9 9 -9 8 -10 8 -10 7 -11 7 -11 6 -11 7 -11 6 -11 6 -11 6 -11 5 -11 6 -11 5 -11 5 -12 4 -11 5 -11 5 -11 4 -11 4 -11 4 -11 4 -11 4 -11 5 -10 4 -11 5 -11 5 0 0 -10 5 -10 6 -10 5 -10 6 -10 5 -10 5 -10 5 -11 6 -10 6 -11 7 -10 7 -10 6 -10 7 -10 7 -10 7 -10 8 -10 7 -10 8 -10 8 -10 8 -10 8 -11 8 -11 8 -10 8 -11 8 -10 9 0 0 0 0 0 0 0 0 0 0]"
"1769326785149057,CSI_DATA,STATION,00:00:00:00:00:00,0,0,0,0,0,0,0,0,0,0,0,0,0,0,0,0,0,0,0,0,0,128,[84 -64 4 0 0 0 0 0 0 0 0 0 -15 7 -15 6 -16 6 -16 5 -16 4 -16 5 -16 4 -16 3 -16 3 -16 3 -16 3 -16 3 -16 2 -16 2 -16 1 -16 2 -15 2 -15 1 -16 1 -15 1 -15 1 -15 1 -15 2 -15 2 -15 1 -15 2 0 0 -15 2 -15 2 -15 2 -15 3 -15 3 -15 2 -15 3 -15 3 -15 4 -15 4 -15 4 -15 4 -15 4 -15 4 -15 5 -16 5 -15 5 -15 6 -16 6 -16 6 -16 6 -16 6 -16 6 -16 7 -16 7 -16 7 0 0 0 0 0 0 0 0 0 0]"
"1769326785155549,CSI_DATA,STATION,00:00:00:00:00:00,0,0,0,0,0,0,0,0,0,0,0,0,0,0,0,0,0,0,0,0,0,128,[84 -64 4 0 0 0 0 0 0 0 0 0 -8 -10 -8 -10 -8 -11 -8 -11 -7 -11 -7 -11 -7 -11 -6 -11 -6 -11 -6 -12 -6 -11 -6 -11 -6 -12 -6 -12 -6 -12 -5 -11 -6 -11 -6 -11 -5 -11 -5 -11 -5 -11 -6 -10 -5 -10 -5 -11 -5 -11 -6 -11 0 0 -6 -10 -6 -10 -7 -10 -6 -10 -6 -10 -6 -10 -7 -10 -7 -10 -7 -10 -7 -10 -7 -10 -8 -10 -8 -10 -8 -10 -8 -10 -8 -10 -8 -10 -8 -10 -9 -10 -9 -10 -9 -11 -9 -10 -9 -10 -10 -10 -9 -10 -9 -10 0 0 0 0 0 0 0 0 0 0]"
"1769326785160023,CSI_DATA,STATION,00:00:00:00:00:00,0,0,0,0,0,0,0,0,0,0,0,0,0,0,0,0,0,0,0,0,0,128,[84 -64 4 0 0 0 0 0 0 0 0 0 -6 -16 -5 -16 -5 -16 -5 -16 -4 -17 -3 -17 -3 -16 -3 -16 -3 -16 -2 -16 -2 -17 -1 -16 -1 -16 -1 -16 -1 -16 -1 -16 -1 -15 -1 -15 -1 -16 -1 -15 -1 -15 -1 -15 -1 -15 -1 -15 -1 -15 -1 -15 0 0 -2 -15 -2 -15 -2 -15 -2 -15 -2 -15 -3 -15 -3 -15 -4 -15 -3 -15 -3 -15 -4 -15 -4 -15 -4 -15 -4 -15 -4 -15 -5 -16 -5 -16 -5 -16 -5 -16 -6 -16 -6 -16 -6 -16 -6 -16 -6 -16 -6 -17 -6 -16 0 0 0 0 0 0 0 0 0 0]"
"1769326785166548,CSI_DATA,STATION,00:00:00:00:00:00,0,0,0,0,0,0,0,0,0,0,0,0,0,0,0,0,0,0,0,0,0,128,[84 -64 4 0 0 0 0 0 0 0 0 0 15 0 16 1 16 2 16 2 15 2 15 2 15 3 15 3 15 3 15 4 15 4 14 4 14 5 14 5 14 5 14 5 14 4 13 4 14 5 14 5 13 5 14 5 13 4 13 4 14 5 13 4 0 0 13 4 14 4 14 3 13 3 14 4 14 3 14 3 14 3 14 2 14 2 14 2 14 2 15 2 15 2 15 1 16 1 15 1 15 1 15 1 15 0 16 0 16 1 16 1 16 0 17 0 16 0 0 0 0 0 0 0 0 0 0 0]"
"1769326785170851,CSI_DATA,STATION,00:00:00:00:00:00,0,0,0,0,0,0,0,0,0,0,0,0,0,0,0,0,0,0,0,0,0,128,[84 -64 4 0 0 0 0 0 0 0 0 0 11 16 10 16 9 17 9 18 9 18 8 17 8 18 7 18 7 18 7 18 6 18 6 18 6 18 5 18 5 18 4 18 4 18 5 18 5 17 5 17 5 17 5 17 4 17 4 17 5 17 5 16 0 0 5 16 6 16 6 17 6 17 7 16 6 16 7 16 7 16 7 16 8 16 8 16 9 16 8 17 9 16 9 16 9 16 10 17 10 15 10 16 11 16 11 16 11 16 12 17 12 17 12 16 12 16 0 0 0 0 0 0 0 0 0 0]"
"1769326785177376,CSI_DATA,STATION,00:00:00:00:00:00,0,0,0,0,0,0,0,0,0,0,0,0,0,0,0,0,0,0,0,0,0,128,[84 -64 4 0 0 0 0 0 0 0 0 0 17 -2 18 -1 17 -1 18 0 18 0 18 0 18 1 17 1 17 1 17 2 17 2 16 3 17 3 17 3 17 4 16 3 16 3 15 3 16 3 16 4 16 4 15 3 15 2 16 3 16 4 16 2 0 0 16 2 15 2 16 2 16 1 16 2 16 2 16 2 16 1 16 0 15 0 16 0 16 0 17 0 17 0 17 -1 17 -1 17 -1 18 -2 18 -2 17 -2 18 -2 18 -1 18 -1 18 -2 18 -2 18 -3 0 0 0 0 0 0 0 0 0 0]"
"1769326785181753,CSI_DATA,STATION,00:00:00:00:00:00,0,0,0,0,0,0,0,0,0,0,0,0,0,0,0,0,0,0,0,0,0,128,[84 -64 4 0 0 0 0 0 0 0 0 0 0 -18 1 -19 1 -19 2 -19 2 -19 3 -19 3 -19 3 -18 4 -18 4 -17 4 -18 4 -18 5 -17 5 -17 5 -17 5 -17 5 -16 5 -16 5 -17 5 -17 5 -16 5 -16 5 -16 4 -16 5 -16 4 -16 0 0 3 -16 4 -16 3 -16 3 -16 3 -17 2 -17 3 -17 2 -17 2 -17 1 -17 2 -17 1 -17 1 -17 1 -18 1 -18 0 -18 0 -18 0 -19 0 -18 -1 -19 -1 -19 -1 -19 -1 -19 -1 -19 -1 -20 -1 -19 0 0 0 0 0 0 0 0 0 0]"
"1769326785186067,CSI_DATA,STATION,00:00:00:00:00:00,0,0,0,0,0,0,0,0,0,0,0,0,0,0,0,0,0,0,0,0,0,128,[84 -64 4 0 0 0 0 0 0 0 0 0 3 -16 3 -15 5 -15 5 -15 5 -15 6 -15 6 -15 6 -15 6 -14 6 -14 7 -14 7 -14 7 -13 7 -13 7 -13 7 -13 7 -12 7 -13 7 -13 7 -13 6 -13 7 -13 6 -13 7 -13 7 -13 6 -13 0 0 6 -13 6 -13 5 -13 5 -13 5 -13 5 -14 4 -14 4 -15 5 -14 4 -14 4 -15 4 -14 4 -15 3 -15 4 -15 4 -15 3 -15 4 -15 3 -16 3 -16 3 -16 3 -16 2 -17 2 -17 2 -17 2 -17 0 0 0 0 0 0 0 0 0 0]"
"1769326785192537,CSI_DATA,STATION,00:00:00:00:00:00,0,0,0,0,0,0,0,0,0,0,0,0,0,0,0,0,0,0,0,0,0,128,[84 -64 4 0 0 0 0 0 0 0 0 0 -15 2 -16 2 -16 1 -17 0 -16 -1 -16 0 -16 -1 -16 -2 -15 -1 -16 -2 -16 -2 -16 -2 -15 -3 -15 -4 -15 -4 -14 -3 -14 -3 -14 -3 -15 -4 -15 -4 -14 -3 -15 -4 -14 -3 -14 -4 -14 -3 -14 -2 0 0 -14 -2 -15 -3 -14 -2 -14 -1 -14 -2 -15 -2 -15 -2 -15 -2 -15 -1 -15 -1 -15 -1 -15 -1 -15 -1 -16 -1 -16 -1 -16 0 -16 -1 -17 0 -16 0 -16 0 -16 0 -16 -1 -17 0 -17 0 -16 0 -17 1 0 0 0 0 0 0 0 0 0 0]"
"1769326785196870,CSI_DATA,STATION,00:00:00:00:00:00,0,0,0,0,0,0,0,0,0,0,0,0,0,0,0,0,0,0,0,0,0,128,[84 -64 4 0 0 0 0 0 0 0 0 0 3 -14 3 -13 4 -13 4 -14 5 -13 4 -13 5 -13 5 -13 5 -12 6 -14 6 -13 6 -12 6 -12 5 -12 6 -12 6 -12 6 -11 7 -12 6 -12 6 -12 6 -12 6 -11 6 -12 6 -12 5 -12 5 -12 0 0 5 -12 5 -12 5 -12 5 -12 5 -12 4 -13 5 -12 4 -13 4 -13 4 -13 4 -13 4 -13 3 -13 4 -13 4 -14 3 -13 3 -14 3 -14 3 -14 3 -14 3 -14 3 -15 3 -15 2 -14 3 -15 3 -15 0 0 0 0 0 0 0 0 0 0]"
"1769326785203337,CSI_DATA,STATION,00:00:00:00:00:00,0,0,0,0,0,0,0,0,0,0,0,0,0,0,0,0,0,0,0,0,0,128,[84 -64 4 0 0 0 0 0 0 0 0 0 15 -10 15 -10 16 -9 16 -8 17 -8 16 -8 17 -8 17 -7 17 -7 17 -5 17 -6 17 -5 17 -5 17 -5 17 -4 16 -5 16 -5 16 -5 16 -4 16 -4 16 -4 16 -4 16 -5 15 -5 16 -4 15 -5 0 0 15 -5 15 -5 15 -5 15 -6 15 -6 16 -6 15 -5 15 -7 15 -7 14 -7 15 -8 15 -7 15 -7 15 -7 15 -8 15 -9 16 -9 15 -9 15 -9 15 -10 15 -10 15 -9 16 -10 16 -10 16 -11 16 -11 0 0 0 0 0 0 0 0 0 0]"
"1769326785207658,CSI_DATA,STATION,00:00:00:00:00:00,0,0,0,0,0,0,0,0,0,0,0,0,0,0,0,0,0,0,0,0,0,128,[84 -64 4 0 0 0 0 0 0 0 0 0 11 4 11 5 11 5 11 5 11 6 11 6 10 6 10 7 10 7 10 7 10 7 9 7 9 7 9 7 9 8 8 7 9 7 9 7 8 7 9 7 8 7 9 7 8 7 9 7 9 7 9 6 0 0 8 6 9 7 9 6 9 5 9 6 10 6 9 6 10 6 10 6 10 5 10 6 10 6 10 6 11 5 10 5 11 5 11 4 11 4 11 4 11 4 11 5 11 5 11 4 12 4 12 5 12 4 0 0 0 0 0 0 0 0 0 0]"
"1769326785212001,CSI_DATA,STATION,00:00:00:00:00:00,0,0,0,0,0,0,0,0,0,0,0,0,0,0,0,0,0,0,0,0,0,128,[84 -64 4 0 0 0 0 0 0 0 0 0 -18 1 -18 1 -19 0 -19 -1 -19 -2 -19 -2 -18 -2 -18 -3 -18 -3 -18 -4 -18 -3 -18 -4 -18 -5 -17 -5 -18 -5 -17 -5 -16 -5 -16 -5 -17 -6 -16 -6 -16 -5 -16 -6 -16 -5 -16 -5 -16 -5 -16 -4 0 0 -16 -4 -16 -4 -16 -4 -16 -3 -17 -4 -17 -4 -17 -4 -17 -3 -17 -3 -17 -2 -17 -2 -17 -3 -17 -3 -18 -3 -17 -2 -18 -2 -18 -2 -18 -1 -18 -1 -18 -1 -19 -1 -19 -2 -19 -1 -19 -1 -19 -1 -19 0 0 0 0 0 0 0 0 0 0 0]"
"1769326785218453,CSI_DATA,STATION,00:00:00:00:00:00,0,0,0,0,0,0,0,0,0,0,0,0,0,0,0,0,0,0,0,0,0,128,[84 -64 4 0 0 0 0 0 0 0 0 0 -5 8 -5 8 -6 8 -6 8 -6 7 -6 7 -7 7 -7 7 -7 7 -7 7 -6 7 -7 7 -7 7 -7 7 -7 6 -7 7 -7 7 -7 6 -7 7 -7 6 -7 6 -7 6 -6 7 -7 6 -7 6 -7 6 0 0 -6 7 -6 7 -6 6 -6 7 -6 7 -6 7 -6 7 -6 7 -5 8 -6 8 -6 8 -5 8 -5 8 -5 8 -6 8 -6 9 -5 9 -5 9 -5 9 -5 9 -5 10 -5 10 -5 9 -5 10 -5 10 -5 10 0 0 0 0 0 0 0 0 0 0]"
"1769326785222766,CSI_DATA,STATION,00:00:00:00:00:00,0,0,0,0,0,0,0,0,0,0,0,0,0,0,0,0,0,0,0,0,0,128,[84 -64 4 0 0 0 0 0 0 0 0 0 9 -8 9 -8 10 -7 10 -7 10 -7 10 -7 10 -6 10 -6 10 -6 11 -6 11 -6 11 -6 11 -5 10 -5 12 -5 10 -6 11 -5 10 -5 10 -5 10 -4 10 -5 10 -5 10 -5 9 -5 10 -5 10 -6 0 0 9 -5 10 -5 10 -5 10 -6 9 -6 10 -6 9 -6 9 -7 10 -6 9 -7 9 -8 9 -7 9 -7 9 -7 10 -8 9 -8 9 -8 9 -9 9 -8 10 -8 10 -9 10 -8 9 -9 9 -10 10 -10 9 -9 0 0 0 0 0 0 0 0 0 0]"
"1769326785227106,CSI_DATA,STATION,00:00:00:00:00:00,0,0,0,0,0,0,0,0,0,0,0,0,0,0,0,0,0,0,0,0,0,128,[84 -64 4 0 0 0 0 0 0 0 0 0 -13 10 -13 9 -14 9 -14 9 -14 8 -14 8 -14 7 -15 7 -15 7 -15 7 -15 6 -15 6 -15 6 -15 6 -15 5 -14 6 -14 6 -14 5 -14 5 -14 5 -14 5 -14 5 -14 5 -14 6 -14 5 -14 6 0 0 -14 6 -13 6 -13 6 -13 7 -13 7 -13 6 -13 7 -13 7 -13 8 -13 8 -13 8 -13 8 -13 8 -13 9 -13 9 -13 10 -13 9 -13 10 -13 10 -13 10 -13 10 -13 10 -13 10 -13 11 -13 11 -13 11 0 0 0 0 0 0 0 0 0 0]"
"1769326785233565,CSI_DATA,STATION,00:00:00:00:00:00,0,0,0,0,0,0,0,0,0,0,0,0,0,0,0,0,0,0,0,0,0,128,[84 -64 4 0 0 0 0 0 0 0 0 0 10 7 9 7 9 7 9 7 9 8 9 8 8 8 8 9 8 9 8 8 7 9 8 9 8 9 8 9 7 9 7 9 7 8 7 8 7 8 7 9 7 9 7 9 7 8 8 8 7 8 7 8 0 0 7 8 7 8 8 8 7 7 8 8 8 7 8 8 8 8 9 7 8 7 9 7 9 8 9 7 9 7 9 7 10 7 10 6 10 7 10 7 9 6 11 6 10 7 11 6 10 7 11 6 11 7 0 0 0 0 0 0 0 0 0 0]"
"1769326785237900,CSI_DATA,STATION,00:00:00:00:00:00,0,0,0,0,0,0,0,0,0,0,0,0,0,0,0,0,0,0,0,0,0,128,[84 -64 4 0 0 0 0 0 0 0 0 0 -1 -14 -1 -14 1 -14 0 -15 1 -14 2 -15 2 -14 2 -15 2 -14 2 -13 3 -14 2 -13 3 -14 3 -13 3 -13 3 -13 4 -13 3 -13 3 -13 3 -13 3 -13 3 -13 3 -13 3 -13 2 -13 2 -13 0 0 2 -13 2 -13 2 -13 1 -13 1 -13 1 -13 1 -14 1 -13 1 -14 1 -14 1 -13 1 -14 0 -14 0 -13 0 -14 0 -14 0 -15 0 -15 -1 -14 -1 -15 -1 -15 -1 -15 -1 -15 -1 -15 -1 -16 -1 -16 0 0 0 0 0 0 0 0 0 0]"
"1769326785248600,CSI_DATA,STATION,00:00:00:00:00:00,0,0,0,0,0,0,0,0,0,0,0,0,0,0,0,0,0,0,0,0,0,128,[84 -64 4 0 0 0 0 0 0 0 0 0 -14 6 -15 6 -15 5 -16 5 -16 4 -16 4 -15 3 -15 2 -15 3 -15 2 -16 3 -15 2 -16 1 -15 1 -16 1 -15 1 -15 0 -14 1 -15 0 -15 1 -14 1 -14 0 -14 1 -14 0 -15 0 -14 2 0 0 -15 2 -14 1 -14 2 -14 2 -14 2 -15 2 -15 2 -14 3 -14 3 -14 3 -15 4 -15 3 -15 3 -15 4 -15 4 -15 5 -15 4 -15 5 -16 5 -15 5 -15 5 -15 5 -15 5 -16 5 -16 6 -16 6 0 0 0 0 0 0 0 0 0 0]"
"1769326785252960,CSI_DATA,STATION,00:00:00:00:00:00,0,0,0,0,0,0,0,0,0,0,0,0,0,0,0,0,0,0,0,0,0,128,[84 -64 4 0 0 0 0 0 0 0 0 0 -8 -10 -8 -11 -6 -11 -7 -11 -6 -11 -6 -12 -5 -11 -5 -12 -5 -12 -5 -12 -5 -12 -5 -12 -4 -12 -5 -12 -4 -12 -4 -12 -4 -12 -4 -11 -4 -12 -4 -12 -4 -11 -4 -11 -4 -11 -4 -11 -5 -11 -5 -11 0 0 -4 -11 -5 -11 -5 -11 -5 -10 -5 -11 -5 -11 -6 -11 -6 -11 -6 -11 -6 -11 -7 -11 -6 -11 -7 -11 -7 -11 -6 -11 -7 -11 -7 -11 -7 -11 -7 -11 -7 -11 -8 -12 -7 -12 -8 -12 -8 -11 -8 -11 -8 -11 0 0 0 0 0 0 0 0 0 0]"
"1769326785259567,CSI_DATA,STATION,00:00:00:00:00:00,0,0,0,0,0,0,0,0,0,0,0,0,0,0,0,0,0,0,0,0,0,128,[84 -64 4 0 0 0 0 0 0 0 0 0 -5 16 -5 17 -6 16 -7 17 -7 16 -8 17 -8 15 -9 15 -8 15 -9 15 -9 15 -9 14 -10 14 -9 14 -10 14 -9 14 -10 14 -10 13 -10 14 -9 13 -9 13 -9 13 -9 13 -9 13 -9 13 -9 13 0 0 -8 13 -8 13 -8 14 -8 13 -8 14 -7 14 -8 14 -7 14 -7 15 -7 14 -7 15 -7 15 -6 15 -6 16 -7 15 -6 16 -6 15 -6 17 -6 17 -6 16 -6 17 -6 17 -5 17 -5 17 -5 18 -5 17 0 0 0 0 0 0 0 0 0 0]"
"1769326785264008,CSI_DATA,STATION,00:00:00:00:00:00,0,0,0,0,0,0,0,0,0,0,0,0,0,0,0,0,0,0,0,0,0,128,[84 -64 4 0 0 0 0 0 0 0 0 0 5 10 4 9 4 10 4 10 4 10 3 10 2 10 2 10 2 10 2 11 1 10 1 10 2 10 2 10 1 10 2 10 1 10 0 10 1 10 1 10 1 10 1 9 1 10 1 9 1 9 1 10 0 0 1 9 2 10 1 9 2 9 2 10 2 10 2 10 3 10 2 9 3 9 3 9 3 10 3 9 3 10 3 10 3 10 3 10 4 10 3 10 4 10 4 10 4 10 4 10 4 10 4 10 4 10 0 0 0 0 0 0 0 0 0 0]"
"1769326785268345,CSI_DATA,STATION,00:00:00:00:00:00,0,0,0,0,0,0,0,0,0,0,0,0,0,0,0,0,0,0,0,0,0,128,[84 -64 4 0 0 0 0 0 0 0 0 0 9 -15 10 -15 10 -14 11 -15 11 -14 11 -15 12 -14 12 -13 12 -13 13 -12 12 -13 12 -12 13 -11 13 -11 13 -11 12 -11 13 -11 12 -11 12 -11 12 -11 12 -11 12 -11 12 -11 12 -10 12 -10 12 -11 0 0 12 -11 11 -11 11 -11 11 -12 11 -12 11 -12 11 -12 11 -12 11 -13 10 -13 10 -13 10 -13 10 -13 10 -13 10 -14 10 -15 10 -14 10 -15 10 -15 10 -15 10 -16 10 -15 10 -16 10 -16 10 -16 10 -16 0 0 0 0 0 0 0 0 0 0]"
"1769326785274828,CSI_DATA,STATION,00:00:00:00:00:00,0,0,0,0,0,0,0,0,0,0,0,0,0,0,0,0,0,0,0,0,0,128,[84 -64 4 0 0 0 0 0 0 0 0 0 -18 -3 -18 -4 -18 -5 -19 -6 -18 -6 -18 -6 -17 -7 -17 -6 -17 -7 -17 -8 -17 -8 -16 -8 -16 -9 -16 -9 -16 -9 -15 -8 -15 -8 -15 -8 -16 -9 -15 -9 -16 -9 -15 -9 -14 -8 -15 -9 -15 -9 -15 -8 0 0 -15 -7 -15 -8 -15 -8 -15 -7 -16 -8 -16 -7 -16 -7 -16 -7 -15 -6 -16 -6 -17 -6 -17 -6 -16 -7 -17 -6 -17 -6 -17 -5 -17 -6 -18 -5 -18 -4 -18 -5 -18 -5 -19 -5 -19 -5 -19 -5 -19 -5 -18 -4 0 0 0 0 0 0 0 0 0 0]"
"1769326785279217,CSI_DATA,STATION,00:00:00:00:00:00,0,0,0,0,0,0,0,0,0,0,0,0,0,0,0,0,0,0,0,0,0,128,[84 -64 4 0 0 0 0 0 0 0 0 0 -9 9 -9 8 -10 9 -10 8 -10 8 -10 8 -10 7 -11 7 -11 7 -11 7 -11 7 -11 7 -11 6 -11 6 -11 5 -11 5 -11 5 -10 6 -11 5 -11 6 -11 5 -11 5 -11 6 -10 5 -10 5 -10 6 0 0 -10 6 -10 6 -10 6 -10 6 -10 6 -10 6 -10 6 -9 7 -9 7 -10 7 -10 8 -10 7 -10 7 -10 7 -10 8 -10 8 -10 8 -10 8 -10 9 -10 9 -10 9 -10 9 -10 9 -10 9 -10 9 -10 9 0 0 0 0 0 0 0 0 0 0]"
"1769326785285728,CSI_DATA,STATION,00:00:00:00:00:00,0,0,0,0,0,0,0,0,0,0,0,0,0,0,0,0,0,0,0,0,0,128,[84 -64 4 0 0 0 0 0 0 0 0 0 17 0 17 1 18 2 18 3 18 3 17 3 17 4 16 4 16 4 17 5 16 5 16 5 16 6 16 6 16 6 16 6 14 6 15 6 15 6 15 7 15 6 15 6 14 6 14 6 15 6 14 5 0 0 14 5 15 5 15 5 15 4 15 5 15 5 15 4 16 4 15 4 16 3 16 3 16 4 16 4 17 3 17 3 17 2 17 3 17 2 17 2 17 2 18 2 18 3 19 2 18 2 18 2 18 1 0 0 0 0 0 0 0 0 0 0]"
"1769326785290048,CSI_DATA,STATION,00:00:00:00:00:00,0,0,0,0,0,0,0,0,0,0,0,0,0,0,0,0,0,0,0,0,0,128,[84 -64 4 0 0 0 0 0 0 0 0 0 -2 -17 -1 -17 -1 -17 0 -17 0 -17 1 -17 1 -16 1 -16 1 -16 2 -16 2 -16 3 -16 3 -16 3 -15 3 -16 3 -15 3 -15 3 -15 2 -15 3 -15 2 -15 2 -15 2 -15 2 -15 2 -15 2 -15 0 0 1 -15 1 -15 1 -15 1 -15 1 -15 0 -15 0 -15 0 -15 0 -15 0 -15 -1 -15 -1 -15 -1 -16 -1 -16 -1 -16 -2 -16 -2 -16 -2 -16 -2 -17 -3 -16 -3 -17 -3 -17 -3 -17 -3 -17 -3 -17 -3 -17 0 0 0 0 0 0 0 0 0 0]"
"1769326785296533,CSI_DATA,STATION,00:00:00:00:00:00,0,0,0,0,0,0,0,0,0,0,0,0,0,0,0,0,0,0,0,0,0,128,[84 -64 4 0 0 0 0 0 0 0 0 0 -16 -2 -16 -3 -15 -4 -16 -4 -16 -5 -16 -4 -15 -5 -15 -5 -14 -5 -15 -6 -15 -5 -14 -6 -15 -7 -14 -7 -14 -7 -13 -6 -14 -7 -13 -6 -14 -7 -14 -7 -13 -7 -13 -7 -13 -6 -14 -7 -14 -6 -13 -6 0 0 -13 -6 -13 -5 -14 -5 -14 -4 -15 -6 -14 -5 -15 -4 -14 -5 -14 -4 -14 -4 -15 -4 -15 -4 -15 -4 -15 -4 -15 -3 -16 -3 -15 -3 -16 -3 -16 -3 -16 -3 -16 -3 -16 -3 -17 -3 -17 -2 -17 -2 -17 -2 0 0 0 0 0 0 0 0 0 0]"
"1769326785300864,CSI_DATA,STATION,00:00:00:00:00:00,0,0,0,0,0,0,0,0,0,0,0,0,0,0,0,0,0,0,0,0,0,128,[84 -64 4 0 0 0 0 0 0 0 0 0 12 -16 13 -16 13 -15 14 -15 14 -14 14 -15 15 -13 15 -13 15 -12 15 -12 15 -13 15 -13 16 -12 15 -11 15 -11 16 -11 16 -10 15 -11 15 -11 15 -10 15 -10 15 -10 14 -11 15 -10 14 -11 15 -11 0 0 14 -11 14 -11 14 -11 14 -12 13 -12 13 -12 14 -12 14 -12 14 -13 12 -13 13 -14 12 -14 13 -14 13 -14 13 -14 13 -15 13 -14 12 -15 13 -15 12 -16 13 -16 12 -15 12 -16 12 -17 12 -17 12 -17 0 0 0 0 0 0 0 0 0 0]"
"1769326785305205,CSI_DATA,STATION,00:00:00:00:00:00,0,0,0,0,0,0,0,0,0,0,0,0,0,0,0,0,0,0,0,0,0,128,[84 -64 4 0 0 0 0 0 0 0 0 0 -7 10 -7 10 -7 10 -8 10 -8 9 -9 9 -8 9 -9 8 -9 8 -9 8 -9 9 -9 8 -9 8 -9 7 -9 7 -9 7 -9 8 -9 8 -9 7 -9 7 -9 7 -9 7 -9 8 -9 7 -8 7 -8 8 0 0 -8 8 -8 7 -8 8 -8 8 -9 8 -8 8 -8 8 -7 8 -8 8 -7 9 -7 9 -7 9 -8 9 -7 9 -8 9 -7 10 -7 10 -7 10 -7 11 -7 10 -7 11 -7 10 -8 10 -7 11 -7 11 -7 11 0 0 0 0 0 0 0 0 0 0]"
"1769326785311662,CSI_DATA,STATION,00:00:00:00:00:00,0,0,0,0,0,0,0,0,0,0,0,0,0,0,0,0,0,0,0,0,0,128,[84 -64 4 0 0 0 0 0 0 0 0 0 14 6 13 7 14 8 14 8 14 8 13 8 12 8 12 9 12 9 12 10 12 9 11 9 12 10 11 10 11 10 11 10 10 9 10 10 10 10 10 10 10 10 10 10 10 9 10 9 10 10 10 9 0 0 10 8 11 9 11 9 11 9 11 9 11 9 11 8 11 8 11 8 12 8 12 7 12 8 13 8 13 8 13 7 13 7 13 7 13 7 13 7 13 7 14 7 14 8 14 7 14 7 15 7 14 6 0 0 0 0 0 0 0 0 0 0]"
"1769326785316005,CSI_DATA,STATION,00:00:00:00:00:00,0,0,0,0,0,0,0,0,0,0,0,0,0,0,0,0,0,0,0,0,0,128,[84 -64 4 0 0 0 0 0 0 0 0 0 -6 8 -7 7 -7 7 -7 7 -8 6 -8 6 -8 6 -8 6 -8 6 -9 6 -8 6 -8 5 -8 5 -8 5 -8 5 -8 6 -8 5 -7 5 -8 4 -8 5 -8 5 -8 5 -8 5 -8 5 -8 5 -8 6 0 0 -7 6 -8 5 -8 5 -7 6 -7 5 -8 5 -7 6 -7 6 -7 7 -8 6 -7 7 -7 6 -7 7 -7 7 -7 7 -7 7 -7 8 -7 8 -7 8 -7 8 -7 8 -7 8 -7 8 -7 8 -7 8 -7 9 0 0 0 0 0 0 0 0 0 0]"
"1769326785322470,CSI_DATA,STATION,00:00:00:00:00:00,0,0,0,0,0,0,0,0,0,0,0,0,0,0,0,0,0,0,0,0,0,128,[84 -64 4 0 0 0 0 0 0 0 0 0 -2 -12 -2 -12 -2 -13 -2 -13 -1 -13 -1 -13 0 -13 0 -13 0 -13 0 -12 1 -13 1 -12 1 -13 1 -12 1 -12 1 -12 1 -12 1 -12 1 -12 1 -13 1 -12 1 -12 1 -12 1 -12 0 -11 1 -12 0 0 0 -12 0 -12 0 -11 0 -12 -1 -12 -1 -12 -1 -12 -1 -13 -1 -12 -1 -13 -1 -12 -1 -12 -2 -12 -2 -12 -2 -13 -2 -13 -2 -13 -2 -13 -2 -13 -3 -13 -2 -13 -2 -13 -3 -14 -3 -14 -3 -13 -2 -14 0 0 0 0 0 0 0 0 0 0]"
"1769326785326777,CSI_DATA,STATION,00:00:00:00:00:00,0,0,0,0,0,0,0,0,0,0,0,0,0,0,0,0,0,0,0,0,0,128,[84 -64 4 0 0 0 0 0 0 0 0 0 -4 12 -5 12 -5 11 -5 11 -6 11 -6 11 -6 10 -6 10 -7 10 -7 10 -6 10 -7 10 -7 10 -7 10 -7 9 -7 9 -7 10 -7 10 -7 9 -7 8 -7 9 -7 9 -7 9 -6 9 -7 9 -7 10 0 0 -7 9 -7 9 -6 9 -6 9 -6 9 -6 9 -6 9 -6 10 -6 10 -6 11 -6 11 -6 10 -5 11 -6 11 -6 11 -5 12 -5 11 -5 11 -5 11 -5 12 -5 12 -5 12 -5 11 -5 12 -5 12 -5 12 0 0 0 0 0 0 0 0 0 0]"
"1769326785331111,CSI_DATA,STATION,00:00:00:00:00:00,0,0,0,0,0,0,0,0,0,0,0,0,0,0,0,0,0,0,0,0,0,128,[84 -64 4 0 0 0 0 0 0 0 0 0 15 -9 16 -8 16 -8 17 -7 17 -6 17 -7 17 -6 17 -6 17 -5 17 -5 17 -5 17 -4 17 -4 17 -4 17 -3 16 -3 16 -3 16 -3 16 -3 16 -3 16 -3 16 -3 15 -4 15 -3 16 -3 16 -4 0 0 16 -4 15 -4 16 -4 15 -4 16 -5 16 -5 16 -5 15 -5 15 -5 15 -6 15 -6 15 -6 16 -6 16 -6 15 -7 16 -7 17 -7 16 -8 16 -8 16 -8 16 -8 16 -8 16 -8 16 -9 16 -9 16 -9 0 0 0 0 0 0 0 0 0 0]"
"1769326785337597,CSI_DATA,STATION,00:00:00:00:00:00,0,0,0,0,0,0,0,0,0,0,0,0,0,0,0,0,0,0,0,0,0,128,[84 -64 4 0 0 0 0 0 0 0 0 0 -16 0 -17 0 -17 -1 -17 -2 -17 -2 -17 -2 -16 -3 -16 -3 -16 -3 -16 -4 -16 -3 -16 -4 -16 -5 -15 -5 -16 -5 -15 -5 -15 -5 -15 -4 -15 -5 -15 -5 -15 -5 -14 -5 -14 -4 -14 -5 -14 -5 -15 -4 0 0 -14 -3 -15 -4 -15 -4 -15 -3 -16 -4 -15 -3 -15 -3 -15 -2 -15 -2 -15 -2 -16 -2 -16 -2 -15 -2 -16 -2 -16 -2 -16 -1 -16 -1 -17 -1 -17 -1 -17 0 -17 0 -17 -1 -17 -1 -17 -1 -17 0 -17 0 0 0 0 0 0 0 0 0 0 0]"
"1769326785341893,CSI_DATA,STATION,00:00:00:00:00:00,0,0,0,0,0,0,0,0,0,0,0,0,0,0,0,0,0,0,0,0,0,128,[84 -64 4 0 0 0 0 0 0 0 0 0 3 -12 5 -12 5 -12 6 -11 6 -11 6 -11 7 -11 7 -11 7 -10 7 -10 6 -11 7 -10 7 -10 7 -10 7 -10 7 -9 8 -10 7 -10 7 -9 7 -9 7 -9 7 -9 7 -9 7 -9 6 -9 6 -10 0 0 7 -9 6 -9 5 -9 6 -9 6 -10 5 -10 6 -10 6 -10 5 -10 5 -11 5 -11 5 -11 5 -11 5 -11 5 -12 5 -12 4 -11 5 -12 5 -12 5 -12 5 -12 5 -12 4 -12 4 -13 4 -13 4 -13 0 0 0 0 0 0 0 0 0 0]"
"1769326785348304,CSI_DATA,STATION,00:00:00:00:00:00,0,0,0,0,0,0,0,0,0,0,0,0,0,0,0,0,0,0,0,0,0,128,[84 -64 4 0 0 0 0 0 0 0 0 0 10 -7 10 -8 10 -7 10 -7 11 -6 11 -6 11 -6 10 -5 11 -5 12 -5 11 -5 10 -5 11 -5 11 -4 11 -5 10 -5 11 -4 10 -4 10 -4 11 -4 11 -4 11 -4 10 -5 11 -4 10 -4 10 -5 0 0 10 -5 10 -5 10 -5 10 -5 10 -5 10 -6 10 -6 10 -6 10 -6 10 -6 9 -6 10 -6 11 -6 10 -6 10 -7 10 -7 10 -7 10 -8 10 -8 10 -8 10 -8 10 -8 11 -8 10 -8 10 -9 10 -8 0 0 0 0 0 0 0 0 0 0]"
"1769326785352601,CSI_DATA,STATION,00:00:00:00:00:00,0,0,0,0,0,0,0,0,0,0,0,0,0,0,0,0,0,0,0,0,0,128,[84 -64 4 0 0 0 0 0 0 0 0 0 10 -6 10 -4 11 -4 12 -4 12 -4 11 -3 12 -3 11 -3 12 -3 12 -2 11 -2 11 -2 12 -1 12 -1 12 -1 11 -2 11 -1 11 -2 11 -1 12 -1 11 -2 11 -1 11 -2 11 -1 11 -2 10 -3 0 0 10 -2 10 -2 11 -2 11 -3 11 -2 11 -3 11 -3 11 -3 11 -3 11 -3 11 -3 11 -3 12 -4 11 -4 11 -4 11 -5 12 -5 12 -5 11 -5 11 -5 11 -6 11 -5 12 -5 12 -5 12 -6 12 -6 0 0 0 0 0 0 0 0 0 0]"
"1769326785356895,CSI_DATA,STATION,00:00:00:00:00:00,0,0,0,0,0,0,0,0,0,0,0,0,0,0,0,0,0,0,0,0,0,128,[84 -64 4 0 0 0 0 0 0 0 0 0 6 14 5 14 5 15 4 16 3 15 3 15 3 15 2 15 2 15 2 16 2 15 1 15 1 15 2 15 0 15 1 15 1 14 0 14 0 15 1 15 1 14 0 14 0 14 1 14 1 14 1 14 0 0 1 14 2 14 2 14 2 14 2 14 2 14 2 14 3 14 2 14 3 14 3 14 3 14 3 14 4 15 3 14 4 15 5 15 5 14 5 15 5 14 5 15 5 15 5 15 6 15 5 15 5 15 0 0 0 0 0 0 0 0 0 0]"
"1769326785363544,CSI_DATA,STATION,00:00:00:00:00:00,0,0,0,0,0,0,0,0,0,0,0,0,0,0,0,0,0,0,0,0,0,128,[84 -64 4 0 0 0 0 0 0 0 0 0 9 7 9 8 9 8 9 8 8 9 8 9 8 9 7 9 7 9 7 9 7 9 7 8 7 9 6 9 7 9 6 9 6 9 6 9 6 9 6 10 6 9 6 9 6 8 6 9 6 8 6 9 0 0 6 9 6 8 7 8 6 8 7 8 8 8 7 8 7 9 7 7 8 8 8 7 8 8 8 8 9 8 8 7 9 8 9 7 9 7 9 8 10 7 9 7 9 8 10 7 10 7 10 7 10 7 0 0 0 0 0 0 0 0 0 0]"
"1769326785367894,CSI_DATA,STATION,00:00:00:00:00:00,0,0,0,0,0,0,0,0,0,0,0,0,0,0,0,0,0,0,0,0,0,128,[84 -64 4 0 0 0 0 0 0 0 0 0 13 -9 14 -8 14 -7 15 -7 15 -6 14 -7 14 -6 15 -6 15 -6 15 -5 15 -5 15 -5 15 -4 15 -4 15 -4 14 -4 14 -4 14 -4 14 -3 14 -4 14 -4 14 -4 13 -4 13 -3 14 -4 14 -4 0 0 14 -5 13 -4 14 -4 13 -5 13 -5 13 -5 13 -5 13 -6 14 -6 13 -6 13 -6 13 -6 14 -6 14 -7 13 -7 14 -7 14 -7 14 -8 14 -8 13 -9 14 -9 14 -8 14 -8 14 -9 14 -9 14 -9 0 0 0 0 0 0 0 0 0 0]"
"1769326785372238,CSI_DATA,STATION,00:00:00:00:00:00,0,0,0,0,0,0,0,0,0,0,0,0,0,0,0,0,0,0,0,0,0,128,[84 -64 4 0 0 0 0 0 0 0 0 0 17 -2 17 -2 18 -1 18 0 18 1 17 1 17 1 17 2 17 1 17 3 17 2 17 3 17 3 17 3 16 4 16 4 16 3 16 3 16 4 16 4 15 4 16 4 16 3 15 3 16 4 15 2 0 0 15 2 16 3 16 2 16 2 16 2 16 2 16 2 16 1 16 1 16 0 16 0 16 1 17 1 17 1 17 0 17 -1 18 -1 17 -2 17 -2 17 -2 18 -2 18 -1 19 -1 18 -2 18 -2 18 -2 0 0 0 0 0 0 0 0 0 0]"
"1769326785378720,CSI_DATA,STATION,00:00:00:00:00:00,0,0,0,0,0,0,0,0,0,0,0,0,0,0,0,0,0,0,0,0,0,128,[84 -64 4 0 0 0 0 0 0 0 0 0 -14 -9 -14 -10 -13 -10 -13 -11 -13 -11 -13 -12 -12 -12 -11 -12 -11 -12 -11 -12 -11 -12 -11 -12 -11 -13 -11 -13 -10 -13 -10 -12 -9 -12 -10 -12 -10 -13 -10 -13 -10 -12 -10 -12 -9 -12 -10 -12 -10 -12 -10 -12 0 0 -10 -11 -10 -11 -11 -11 -10 -11 -11 -11 -11 -11 -11 -11 -11 -11 -11 -11 -11 -10 -12 -10 -12 -11 -12 -11 -12 -10 -13 -10 -13 -10 -13 -11 -13 -10 -13 -10 -13 -10 -14 -10 -14 -10 -14 -10 -15 -10 -14 -10 -14 -10 0 0 0 0 0 0 0 0 0 0]"
"1769326785383020,CSI_DATA,STATION,00:00:00:00:00:00,0,0,0,0,0,0,0,0,0,0,0,0,0,0,0,0,0,0,0,0,0,128,[84 -64 4 0 0 0 0 0 0 0 0 0 9 15 8 15 8 16 7 17 6 16 6 17 5 17 5 17 5 16 4 17 4 17 4 16 4 16 4 16 3 17 3 16 3 16 3 16 3 16 3 16 3 16 3 15 3 16 3 16 3 16 4 15 0 0 3 15 4 15 4 15 4 15 5 16 5 16 5 15 5 15 5 15 6 15 6 15 6 15 6 15 7 15 6 15 7 16 8 16 8 15 8 15 8 15 8 16 8 15 9 16 9 16 9 15 9 16 0 0 0 0 0 0 0 0 0 0]"
"1769326785389446,CSI_DATA,STATION,00:00:00:00:00:00,0,0,0,0,0,0,0,0,0,0,0,0,0,0,0,0,0,0,0,0,0,128,[84 -64 4 0 0 0 0 0 0 0 0 0 -16 2 -16 2 -17 1 -17 0 -17 -1 -16 0 -16 -1 -17 -1 -16 -2 -17 -2 -16 -2 -16 -2 -16 -3 -16 -3 -16 -3 -15 -3 -15 -2 -15 -3 -15 -3 -15 -4 -15 -3 -15 -4 -15 -2 -15 -3 -15 -3 -15 -2 0 0 -15 -2 -15 -2 -15 -2 -15 -1 -15 -2 -15 -1 -15 -2 -15 -1 -15 0 -15 0 -16 1 -15 0 -16 0 -16 0 -16 1 -16 1 -16 1 -16 2 -16 2 -17 1 -17 2 -17 1 -17 2 -17 2 -17 3 -17 3 0 0 0 0 0 0 0 0 0 0]"
"1769326785404301,CSI_DATA,STATION,00:00:00:00:00:00,0,0,0,0,0,0,0,0,0,0,0,0,0,0,0,0,0,0,0,0,0,128,[84 -64 4 0 0 0 0 0 0 0 0 0 11 3 12 3 11 4 11 5 11 4 11 5 11 5 10 6 10 5 10 7 10 5 9 6 10 7 10 6 9 7 9 6 9 6 9 6 9 6 9 7 9 7 9 6 8 6 9 6 9 6 9 6 0 0 9 6 9 5 10 5 9 5 10 5 10 4 10 5 10 5 10 5 10 5 10 4 10 5 10 5 11 4 11 4 11 4 12 4 11 4 11 4 11 4 11 4 11 4 12 4 12 4 12 4 12 4 0 0 0 0 0 0 0 0 0 0]"
"1769326785410755,CSI_DATA,STATION,00:00:00:00:00:00,0,0,0,0,0,0,0,0,0,0,0,0,0,0,0,0,0,0,0,0,0,128,[84 -64 4 0 0 0 0 0 0 0 0 0 -4 -11 -4 -12 -3 -11 -3 -12 -2 -12 -3 -12 -2 -12 -1 -12 -1 -12 -1 -12 -1 -12 -1 -11 0 -11 0 -12 -1 -11 -1 -11 0 -11 -1 -11 0 -11 -1 -11 0 -11 -1 -11 -1 -11 -1 -10 -1 -10 -1 -11 0 0 -2 -10 -2 -10 -2 -11 -2 -10 -2 -11 -2 -10 -2 -10 -3 -11 -3 -11 -3 -11 -3 -11 -3 -11 -3 -11 -3 -11 -4 -11 -4 -11 -4 -11 -4 -11 -4 -11 -4 -12 -4 -12 -4 -11 -5 -11 -5 -11 -5 -11 -5 -11 0 0 0 0 0 0 0 0 0 0]"
"1769326785417165,CSI_DATA,STATION,00:00:00:00:00:00,0,0,0,0,0,0,0,0,0,0,0,0,0,0,0,0,0,0,0,0,0,128,[84 -64 4 0 0 0 0 0 0 0 0 0 4 15 3 15 3 15 2 16 1 15 1 15 1 16 0 16 0 15 0 16 0 16 -1 15 -1 15 -1 15 -1 15 -1 15 -1 14 -2 14 -1 14 -1 15 -1 14 -1 14 -1 14 -1 14 -1 14 0 14 0 0 0 14 0 14 0 14 1 14 1 14 1 15 1 14 2 14 1 14 2 14 2 14 2 14 2 15 2 14 2 15 3 15 3 15 3 15 4 15 4 15 4 15 4 15 4 16 5 15 4 16 4 16 0 0 0 0 0 0 0 0 0 0]"
"1769326785421496,CSI_DATA,STATION,00:00:00:00:00:00,0,0,0,0,0,0,0,0,0,0,0,0,0,0,0,0,0,0,0,0,0,128,[84 -64 4 0 0 0 0 0 0 0 0 0 7 14 7 13 7 14 6 14 6 15 5 14 5 15 4 15 4 15 4 15 4 15 3 14 3 15 4 14 3 15 3 15 2 14 3 14 2 14 3 14 3 14 2 14 2 14 3 14 3 14 3 14 0 0 3 13 4 14 4 13 4 14 4 14 4 14 5 13 5 13 5 13 5 13 5 13 6 14 6 14 6 13 6 14 6 13 7 14 7 13 7 14 7 13 7 13 7 14 8 14 8 14 8 14 8 14 0 0 0 0 0 0 0 0 0 0]"
"1769326785427991,CSI_DATA,STATION,00:00:00:00:00:00,0,0,0,0,0,0,0,0,0,0,0,0,0,0,0,0,0,0,0,0,0,128,[84 -64 4 0 0 0 0 0 0 0 0 0 1 19 1 20 0 19 -1 20 -1 20 -2 20 -2 19 -3 19 -3 19 -3 19 -3 19 -4 19 -4 18 -3 19 -5 18 -5 18 -4 18 -4 17 -5 18 -5 18 -4 17 -5 17 -4 17 -3 17 -4 17 -3 17 0 0 -3 17 -3 17 -2 17 -2 17 -2 18 -3 18 -3 18 -1 17 -2 18 -1 17 0 18 0 18 0 18 0 19 0 19 1 19 1 19 1 19 1 19 1 19 1 20 1 20 2 20 3 19 3 20 3 20 0 0 0 0 0 0 0 0 0 0]"
"1769326785432318,CSI_DATA,STATION,00:00:00:00:00:00,0,0,0,0,0,0,0,0,0,0,0,0,0,0,0,0,0,0,0,0,0,128,[84 -64 4 0 0 0 0 0 0 0 0 0 -2 -13 -1 -14 -1 -13 -1 -13 0 -13 0 -14 1 -13 1 -13 1 -14 1 -13 1 -13 1 -12 2 -12 1 -13 1 -13 2 -12 2 -12 2 -12 2 -12 2 -12 1 -12 1 -12 2 -12 1 -12 1 -12 1 -12 0 0 1 -12 0 -12 0 -12 0 -12 0 -12 0 -12 -1 -12 -1 -12 0 -13 -1 -12 -1 -13 -1 -13 -1 -13 -2 -13 -1 -13 -2 -13 -2 -12 -2 -13 -3 -14 -2 -13 -2 -13 -3 -13 -3 -13 -3 -14 -3 -14 -3 -14 0 0 0 0 0 0 0 0 0 0]"
"1769326785438802,CSI_DATA,STATION,00:00:00:00:00:00,0,0,0,0,0,0,0,0,0,0,0,0,0,0,0,0,0,0,0,0,0,128,[84 -64 4 0 0 0 0 0 0 0 0 0 -2 -20 -2 -20 -1 -21 0 -20 0 -21 1 -21 1 -20 2 -20 2 -20 2 -20 2 -20 3 -20 3 -19 3 -19 4 -19 4 -19 3 -18 3 -19 3 -18 4 -19 3 -18 4 -19 3 -18 2 -17 3 -18 2 -18 0 0 2 -18 3 -19 2 -18 2 -19 1 -18 1 -19 1 -19 0 -19 1 -19 0 -19 0 -19 0 -19 -1 -19 -1 -19 -1 -20 -1 -20 -2 -20 -2 -20 -2 -20 -2 -20 -2 -21 -2 -21 -3 -22 -4 -21 -3 -21 -3 -21 0 0 0 0 0 0 0 0 0 0]"
"1769326785443166,CSI_DATA,STATION,00:00:00:00:00:00,0,0,0,0,0,0,0,0,0,0,0,0,0,0,0,0,0,0,0,0,0,128,[84 -64 4 0 0 0 0 0 0 0 0 0 -13 -1 -13 -1 -12 -2 -13 -2 -13 -3 -12 -4 -12 -3 -12 -4 -12 -4 -13 -4 -12 -4 -12 -4 -12 -5 -12 -5 -11 -5 -11 -4 -11 -5 -12 -5 -12 -5 -11 -5 -11 -5 -11 -5 -11 -4 -12 -5 -11 -4 -11 -4 0 0 -10 -4 -11 -4 -11 -3 -11 -3 -12 -4 -11 -4 -11 -4 -12 -4 -11 -3 -12 -3 -12 -2 -13 -3 -12 -2 -13 -3 -12 -2 -13 -2 -13 -2 -13 -3 -13 -2 -13 -2 -13 -2 -14 -2 -13 -2 -14 -2 -13 -1 -14 -1 0 0 0 0 0 0 0 0 0 0]"
"1769326785449635,CSI_DATA,STATION,00:00:00:00:00:00,0,0,0,0,0,0,0,0,0,0,0,0,0,0,0,0,0,0,0,0,0,128,[84 -64 4 0 0 0 0 0 0 0 0 0 -16 -3 -16 -4 -16 -4 -15 -5 -15 -5 -15 -6 -15 -6 -15 -6 -14 -6 -15 -7 -14 -7 -14 -7 -14 -8 -14 -7 -14 -8 -14 -7 -13 -7 -13 -7 -14 -8 -14 -8 -13 -7 -13 -7 -12 -7 -13 -7 -13 -8 -13 -6 0 0 -12 -6 -13 -6 -13 -6 -13 -6 -14 -6 -14 -6 -14 -6 -15 -5 -14 -5 -14 -5 -14 -5 -15 -5 -15 -5 -15 -5 -15 -5 -16 -4 -15 -5 -16 -4 -16 -3 -16 -4 -16 -4 -17 -4 -17 -4 -16 -5 -16 -4 -16 -4 0 0 0 0 0 0 0 0 0 0]"
"1769326785454002,CSI_DATA,STATION,00:00:00:00:00:00,0,0,0,0,0,0,0,0,0,0,0,0,0,0,0,0,0,0,0,0,0,128,[84 -64 4 0 0 0 0 0 0 0 0 0 9 -6 11 -6 10 -5 11 -5 11 -5 11 -5 12 -4 11 -4 11 -5 11 -3 12 -4 11 -5 11 -3 11 -3 12 -3 10 -3 11 -2 11 -3 11 -2 12 -3 11 -2 11 -2 10 -3 11 -2 11 -3 11 -4 0 0 11 -3 11 -3 11 -4 10 -4 11 -3 11 -4 11 -4 10 -4 10 -4 10 -4 10 -5 11 -5 11 -4 11 -5 11 -5 11 -5 11 -5 11 -6 11 -6 11 -6 11 -6 11 -6 11 -6 11 -6 12 -6 11 -6 0 0 0 0 0 0 0 0 0 0]"
"1769326785458348,CSI_DATA,STATION,00:00:00:00:00:00,0,0,0,0,0,0,0,0,0,0,0,0,0,0,0,0,0,0,0,0,0,128,[84 -64 4 0 0 0 0 0 0 0 0 0 -11 1 -12 0 -12 0 -12 -1 -12 -2 -12 -2 -12 -2 -12 -2 -11 -2 -12 -2 -12 -2 -11 -3 -12 -3 -11 -3 -12 -3 -11 -3 -11 -3 -11 -3 -11 -3 -11 -4 -11 -3 -11 -3 -11 -3 -11 -3 -10 -3 -11 -2 0 0 -11 -2 -10 -2 -11 -2 -10 -2 -12 -2 -11 -2 -11 -2 -11 -2 -11 -1 -11 -2 -12 -1 -11 -1 -12 -1 -12 -1 -11 -1 -12 -1 -12 -1 -12 -1 -13 -1 -12 0 -12 0 -13 0 -13 0 -13 -1 -13 0 -13 0 0 0 0 0 0 0 0 0 0 0]"
"1769326785464972,CSI_DATA,STATION,00:00:00:00:00:00,0,0,0,0,0,0,0,0,0,0,0,0,0,0,0,0,0,0,0,0,0,128,[84 -64 4 0 0 0 0 0 0 0 0 0 -3 -12 -3 -13 -2 -12 -2 -13 -2 -13 -1 -13 -1 -13 -1 -13 0 -13 -1 -13 -1 -13 0 -13 0 -13 0 -12 0 -13 0 -12 1 -12 1 -12 0 -12 0 -12 0 -12 0 -12 0 -12 0 -12 0 -12 0 -12 0 0 0 -12 -1 -12 -1 -12 -1 -11 -1 -12 -1 -12 -1 -12 -1 -12 -1 -12 -2 -12 -2 -12 -1 -12 -2 -12 -2 -13 -2 -13 -2 -13 -3 -12 -2 -14 -2 -13 -3 -13 -3 -13 -3 -13 -3 -13 -3 -13 -3 -13 -3 -14 0 0 0 0 0 0 0 0 0 0]"
"1769326785469337,CSI_DATA,STATION,00:00:00:00:00:00,0,0,0,0,0,0,0,0,0,0,0,0,0,0,0,0,0,0,0,0,0,128,[84 -64 4 0 0 0 0 0 0 0 0 0 8 -9 9 -9 8 -8 9 -8 9 -8 10 -8 10 -8 10 -8 10 -7 10 -6 10 -7 10 -7 10 -6 10 -6 10 -6 10 -6 10 -6 9 -5 10 -5 10 -5 9 -6 10 -5 9 -6 10 -6 10 -5 10 -6 0 0 10 -6 9 -6 10 -6 9 -6 9 -6 9 -6 9 -7 9 -7 9 -7 8 -7 8 -7 9 -7 9 -8 10 -8 9 -8 9 -8 9 -8 9 -9 9 -9 9 -9 10 -9 9 -8 9 -8 9 -9 9 -9 9 -10 0 0 0 0 0 0 0 0 0 0]"
"1769326785475856,CSI_DATA,STATION,00:00:00:00:00:00,0,0,0,0,0,0,0,0,0,0,0,0,0,0,0,0,0,0,0,0,0,128,[84 -64 4 0 0 0 0 0 0 0 0 0 2 -13 3 -13 3 -12 4 -12 5 -12 4 -12 5 -11 5 -12 5 -11 6 -12 5 -12 5 -11 5 -11 6 -11 6 -11 6 -11 7 -11 6 -11 6 -10 6 -10 6 -10 6 -10 6 -10 6 -10 5 -10 5 -10 0 0 5 -10 5 -11 5 -11 5 -11 5 -11 5 -10 5 -10 4 -11 4 -11 4 -11 4 -11 4 -12 4 -11 4 -11 4 -12 4 -12 4 -13 4 -13 4 -13 4 -13 4 -13 4 -13 4 -13 4 -13 3 -14 3 -13 0 0 0 0 0 0 0 0 0 0]"
"1769326785480168,CSI_DATA,STATION,00:00:00:00:00:00,0,0,0,0,0,0,0,0,0,0,0,0,0,0,0,0,0,0,0,0,0,128,[84 -64 4 0 0 0 0 0 0 0 0 0 -12 0 -13 -1 -13 -2 -13 -2 -13 -2 -13 -3 -13 -2 -12 -3 -12 -3 -12 -4 -13 -3 -12 -3 -13 -4 -12 -4 -12 -4 -12 -4 -11 -4 -12 -4 -12 -5 -11 -5 -11 -4 -12 -4 -11 -4 -12 -4 -11 -4 -11 -3 0 0 -11 -3 -11 -3 -12 -3 -11 -3 -12 -3 -12 -3 -12 -3 -12 -3 -12 -3 -12 -3 -12 -2 -12 -2 -12 -2 -13 -2 -12 -2 -13 -2 -13 -2 -13 -2 -13 -1 -13 -1 -13 -2 -13 -2 -14 -2 -14 -1 -13 -1 -14 -1 0 0 0 0 0 0 0 0 0 0]"
"1769326785484459,CSI_DATA,STATION,00:00:00:00:00:00,0,0,0,0,0,0,0,0,0,0,0,0,0,0,0,0,0,0,0,0,0,128,[84 -64 4 0 0 0 0 0 0 0 0 0 -9 -7 -9 -8 -9 -8 -9 -8 -8 -9 -8 -9 -8 -9 -7 -9 -7 -10 -7 -9 -7 -9 -7 -10 -6 -10 -7 -10 -6 -10 -6 -10 -6 -10 -6 -10 -6 -10 -6 -10 -6 -10 -6 -10 -5 -9 -6 -9 -6 -9 -6 -9 0 0 -6 -9 -6 -9 -7 -9 -6 -9 -7 -9 -7 -9 -7 -9 -7 -9 -7 -9 -7 -9 -8 -9 -8 -9 -8 -9 -8 -9 -8 -9 -8 -9 -8 -9 -9 -9 -9 -10 -8 -10 -9 -10 -9 -10 -9 -10 -9 -9 -9 -9 -9 -10 0 0 0 0 0 0 0 0 0 0]"
"1769326785490888,CSI_DATA,STATION,00:00:00:00:00:00,0,0,0,0,0,0,0,0,0,0,0,0,0,0,0,0,0,0,0,0,0,128,[84 -64 4 0 0 0 0 0 0 0 0 0 -2 -13 -2 -13 -1 -12 -1 -13 0 -12 0 -14 1 -13 1 -13 1 -12 1 -13 1 -13 1 -13 2 -12 2 -12 2 -12 2 -12 2 -12 2 -12 2 -12 2 -12 1 -11 2 -11 2 -12 1 -11 1 -12 1 -12 0 0 1 -11 0 -11 1 -12 1 -12 1 -12 0 -12 0 -12 0 -13 0 -12 0 -12 -1 -12 -1 -12 -1 -13 0 -13 0 -13 -1 -13 -1 -13 -1 -13 -1 -13 -1 -13 -1 -14 -1 -13 -1 -14 -2 -13 -2 -14 -2 -14 0 0 0 0 0 0 0 0 0 0]"
"1769326785495162,CSI_DATA,STATION,00:00:00:00:00:00,0,0,0,0,0,0,0,0,0,0,0,0,0,0,0,0,0,0,0,0,0,128,[84 -64 4 0 0 0 0 0 0 0 0 0 8 8 8 9 7 9 7 10 7 9 7 9 6 10 5 10 5 10 5 10 5 10 5 10 6 10 5 10 5 11 4 10 5 10 4 10 4 10 4 11 4 10 4 10 4 10 5 9 5 10 4 9 0 0 4 10 4 9 5 10 5 10 6 10 5 10 5 10 6 10 6 9 6 9 6 9 6 9 7 10 7 10 6 10 7 10 8 10 8 9 7 10 7 9 7 10 8 10 8 10 8 10 8 10 8 9 0 0 0 0 0 0 0 0 0 0]"
"1769326785501588,CSI_DATA,STATION,00:00:00:00:00:00,0,0,0,0,0,0,0,0,0,0,0,0,0,0,0,0,0,0,0,0,0,128,[84 -64 4 0 0 0 0 0 0 0 0 0 -11 7 -11 6 -11 5 -12 5 -12 5 -12 5 -12 4 -13 4 -12 3 -13 4 -12 4 -12 3 -12 3 -12 3 -12 3 -12 3 -12 2 -11 2 -12 2 -12 2 -12 2 -11 1 -12 2 -11 2 -11 2 -11 3 0 0 -11 2 -11 3 -11 3 -11 3 -12 3 -12 3 -12 3 -12 3 -11 4 -11 5 -11 5 -12 4 -12 5 -12 4 -12 5 -12 5 -12 5 -12 6 -12 5 -12 5 -12 6 -12 5 -12 5 -12 6 -12 6 -12 6 0 0 0 0 0 0 0 0 0 0]"
"1769326785505885,CSI_DATA,STATION,00:00:00:00:00:00,0,0,0,0,0,0,0,0,0,0,0,0,0,0,0,0,0,0,0,0,0,128,[84 -64 4 0 0 0 0 0 0 0 0 0 9 -12 10 -12 11 -11 11 -11 12 -11 11 -10 12 -11 12 -10 12 -9 13 -10 13 -10 12 -9 13 -9 12 -9 12 -8 12 -9 12 -8 12 -8 12 -7 12 -7 12 -7 12 -8 12 -7 12 -8 12 -8 12 -8 0 0 11 -8 11 -8 11 -8 12 -9 11 -9 12 -9 11 -9 12 -9 12 -9 11 -10 11 -10 11 -10 11 -10 11 -10 11 -11 11 -11 11 -11 11 -12 11 -11 11 -12 12 -11 11 -12 12 -12 11 -12 11 -13 11 -13 0 0 0 0 0 0 0 0 0 0]"
"1769326785510181,CSI_DATA,STATION,00:00:00:00:00:00,0,0,0,0,0,0,0,0,0,0,0,0,0,0,0,0,0,0,0,0,0,128,[84 -64 4 0 0 0 0 0 0 0 0 0 15 8 15 9 15 10 15 10 15 10 14 11 13 12 12 11 12 12 12 12 12 12 12 12 12 13 12 12 12 13 11 12 10 12 11 12 11 13 11 13 10 12 11 12 10 12 10 12 11 12 11 11 0 0 10 11 12 11 12 11 11 11 11 11 11 11 12 11 12 11 12 10 12 9 13 9 13 10 13 11 14 10 13 9 14 9 14 10 14 9 15 9 14 9 15 9 15 10 16 10 15 9 16 9 15 9 0 0 0 0 0 0 0 0 0 0]"
"1769326785516619,CSI_DATA,STATION,00:00:00:00:00:00,0,0,0,0,0,0,0,0,0,0,0,0,0,0,0,0,0,0,0,0,0,128,[84 -64 4 0 0 0 0 0 0 0 0 0 -8 -11 -8 -11 -7 -11 -6 -11 -6 -11 -6 -12 -5 -12 -4 -13 -5 -13 -4 -13 -4 -12 -4 -12 -4 -12 -4 -12 -4 -12 -4 -12 -3 -11 -3 -12 -3 -12 -4 -12 -3 -12 -3 -11 -3 -12 -4 -11 -4 -12 -4 -11 0 0 -3 -11 -4 -11 -5 -11 -5 -11 -5 -11 -5 -12 -5 -11 -5 -12 -5 -11 -5 -11 -5 -11 -6 -11 -6 -11 -6 -11 -6 -12 -7 -11 -7 -12 -7 -12 -7 -12 -7 -12 -6 -12 -7 -12 -7 -12 -8 -12 -7 -12 -7 -12 0 0 0 0 0 0 0 0 0 0]"
"1769326785520914,CSI_DATA,STATION,00:00:00:00:00:00,0,0,0,0,0,0,0,0,0,0,0,0,0,0,0,0,0,0,0,0,0,128,[84 -64 4 0 0 0 0 0 0 0 0 0 3 -20 5 -20 5 -20 6 -20 6 -20 7 -20 7 -19 7 -19 8 -18 8 -18 9 -18 9 -18 10 -17 9 -17 9 -17 10 -17 9 -16 9 -16 10 -17 10 -16 9 -16 9 -16 9 -16 9 -16 9 -16 9 -16 0 0 8 -16 8 -16 8 -17 8 -17 8 -17 7 -17 7 -17 6 -18 7 -18 6 -17 7 -18 6 -18 6 -18 6 -18 6 -19 6 -19 5 -19 5 -20 5 -20 5 -20 5 -21 5 -20 5 -21 5 -20 5 -21 4 -21 0 0 0 0 0 0 0 0 0 0]"
"1769326785527330,CSI_DATA,STATION,00:00:00:00:00:00,0,0,0,0,0,0,0,0,0,0,0,0,0,0,0,0,0,0,0,0,0,128,[84 -64 4 0 0 0 0 0 0 0 0 0 -13 -14 -12 -14 -12 -15 -11 -15 -11 -16 -10 -15 -10 -16 -9 -16 -9 -16 -9 -17 -8 -17 -8 -16 -8 -17 -8 -16 -7 -16 -7 -16 -7 -16 -7 -16 -7 -16 -7 -16 -7 -16 -7 -16 -6 -15 -7 -16 -7 -16 -7 -15 0 0 -7 -15 -8 -15 -8 -15 -8 -15 -8 -15 -8 -15 -9 -15 -9 -15 -9 -15 -9 -15 -10 -15 -10 -15 -9 -15 -10 -14 -10 -14 -11 -14 -11 -16 -11 -14 -11 -15 -12 -15 -11 -15 -12 -14 -12 -16 -13 -16 -12 -15 -12 -15 0 0 0 0 0 0 0 0 0 0]"
"1769326785531624,CSI_DATA,STATION,00:00:00:00:00:00,0,0,0,0,0,0,0,0,0,0,0,0,0,0,0,0,0,0,0,0,0,128,[84 -64 4 0 0 0 0 0 0 0 0 0 17 0 17 1 17 2 18 3 17 3 18 3 17 4 16 5 16 5 16 5 16 5 16 5 16 6 16 6 16 6 15 6 15 6 14 6 15 7 15 7 15 6 14 6 14 5 14 6 15 6 15 5 0 0 14 5 15 5 15 5 15 4 15 5 16 5 15 5 15 4 15 4 15 3 16 3 16 4 16 3 17 3 16 3 17 2 17 2 17 2 18 2 17 2 18 2 18 3 18 2 18 2 18 1 18 1 0 0 0 0 0 0 0 0 0 0]"
"1769326785538090,CSI_DATA,STATION,00:00:00:00:00:00,0,0,0,0,0,0,0,0,0,0,0,0,0,0,0,0,0,0,0,0,0,128,[84 -64 4 0 0 0 0 0 0 0 0 0 9 -8 10 -8 10 -6 10 -6 11 -7 11 -6 10 -6 11 -6 11 -6 11 -4 11 -5 11 -5 11 -4 11 -5 12 -4 11 -5 11 -4 10 -4 11 -4 11 -4 10 -4 11 -4 10 -4 10 -4 10 -5 11 -5 0 0 10 -4 10 -5 10 -5 10 -5 10 -5 10 -5 10 -5 10 -6 10 -6 10 -6 10 -6 10 -6 10 -6 10 -6 10 -7 10 -7 10 -7 10 -8 10 -7 10 -7 10 -8 10 -7 10 -8 11 -8 10 -8 11 -8 0 0 0 0 0 0 0 0 0 0]"
"1769326785542384,CSI_DATA,STATION,00:00:00:00:00:00,0,0,0,0,0,0,0,0,0,0,0,0,0,0,0,0,0,0,0,0,0,128,[84 -64 4 0 0 0 0 0 0 0 0 0 15 12 14 13 14 14 14 15 13 15 12 15 12 15 11 16 11 15 12 16 11 16 10 16 10 17 10 16 10 16 9 16 9 16 9 16 9 16 9 16 9 16 9 15 8 15 9 16 9 15 9 14 0 0 9 15 10 14 10 15 10 14 11 15 10 14 11 14 11 14 11 14 11 13 11 14 12 14 12 14 13 14 13 13 13 13 14 15 13 13 14 13 14 13 14 13 14 13 15 14 15 14 15 13 15 14 0 0 0 0 0 0 0 0 0 0]"
"1769326785546674,CSI_DATA,STATION,00:00:00:00:00:00,0,0,0,0,0,0,0,0,0,0,0,0,0,0,0,0,0,0,0,0,0,128,[84 -64 4 0 0 0 0 0 0 0 0 0 2 -13 2 -13 3 -13 3 -13 3 -12 4 -13 4 -12 4 -12 4 -12 5 -12 5 -12 5 -11 5 -11 5 -11 5 -11 5 -11 5 -11 5 -11 5 -12 5 -11 5 -11 4 -11 4 -10 5 -11 4 -11 4 -11 0 0 4 -11 3 -11 3 -11 3 -11 4 -12 3 -11 2 -12 2 -12 2 -12 2 -12 3 -12 2 -12 2 -12 2 -13 2 -13 2 -13 2 -13 2 -13 1 -13 1 -13 1 -14 1 -13 0 -14 1 -14 1 -14 1 -14 0 0 0 0 0 0 0 0 0 0]"
"1769326785553130,CSI_DATA,STATION,00:00:00:00:00:00,0,0,0,0,0,0,0,0,0,0,0,0,0,0,0,0,0,0,0,0,0,128,[84 -64 4 0 0 0 0 0 0 0 0 0 -12 2 -13 2 -13 2 -14 1 -13 0 -13 0 -13 0 -13 0 -12 -1 -13 -1 -13 0 -13 -1 -13 -2 -13 -2 -13 -1 -13 -1 -12 -2 -12 -2 -13 -2 -12 -2 -12 -2 -12 -2 -12 -1 -12 -2 -11 -1 -12 -1 0 0 -11 -1 -12 -1 -12 0 -12 0 -13 -1 -12 -1 -12 0 -12 0 -12 0 -12 0 -13 1 -12 0 -13 1 -13 1 -13 1 -13 1 -13 1 -13 1 -13 2 -13 2 -13 2 -14 1 -14 1 -14 2 -13 2 -13 2 0 0 0 0 0 0 0 0 0 0]"
"1769326785557432,CSI_DATA,STATION,00:00:00:00:00:00,0,0,0,0,0,0,0,0,0,0,0,0,0,0,0,0,0,0,0,0,0,128,[84 -64 4 0 0 0 0 0 0 0 0 0 -5 -15 -4 -15 -4 -16 -3 -16 -2 -16 -2 -16 -2 -16 -1 -17 -2 -16 -1 -16 -1 -16 -1 -15 0 -15 0 -15 0 -15 0 -15 0 -15 0 -15 0 -15 0 -15 0 -15 0 -14 0 -14 0 -14 0 -15 -1 -15 0 0 -1 -14 -2 -15 -1 -14 -2 -14 -2 -15 -2 -15 -2 -15 -2 -15 -2 -15 -3 -15 -3 -15 -3 -15 -3 -15 -3 -15 -3 -15 -4 -15 -4 -16 -5 -16 -4 -16 -4 -16 -4 -16 -5 -16 -5 -16 -5 -17 -5 -16 -5 -16 0 0 0 0 0 0 0 0 0 0]"
"1769326785564088,CSI_DATA,STATION,00:00:00:00:00:00,0,0,0,0,0,0,0,0,0,0,0,0,0,0,0,0,0,0,0,0,0,128,[84 -64 4 0 0 0 0 0 0 0 0 0 1 -12 1 -12 2 -12 2 -12 2 -11 3 -12 3 -12 3 -11 3 -11 3 -11 4 -11 3 -11 3 -11 3 -11 4 -10 4 -10 4 -11 4 -11 4 -10 4 -10 4 -10 3 -11 4 -10 4 -11 3 -10 3 -11 0 0 3 -10 3 -10 3 -10 3 -11 3 -11 2 -11 2 -11 2 -11 2 -11 2 -11 2 -11 2 -11 1 -12 2 -12 2 -12 2 -12 1 -12 1 -13 1 -13 1 -12 1 -13 1 -12 1 -13 0 -13 1 -13 1 -13 0 0 0 0 0 0 0 0 0 0]"
"1769326785568440,CSI_DATA,STATION,00:00:00:00:00:00,0,0,0,0,0,0,0,0,0,0,0,0,0,0,0,0,0,0,0,0,0,128,[84 -64 4 0 0 0 0 0 0 0 0 0 -6 -10 -6 -10 -6 -11 -5 -11 -5 -11 -5 -10 -4 -11 -4 -11 -4 -11 -4 -11 -3 -11 -3 -11 -3 -11 -3 -11 -3 -11 -3 -11 -2 -11 -2 -11 -3 -11 -3 -11 -2 -11 -2 -11 -2 -11 -3 -11 -3 -11 -3 -10 0 0 -3 -11 -4 -10 -4 -10 -3 -11 -3 -10 -4 -11 -4 -11 -4 -11 -4 -11 -4 -11 -5 -11 -5 -11 -5 -10 -5 -11 -5 -11 -5 -12 -5 -11 -5 -12 -5 -12 -5 -11 -5 -11 -6 -12 -6 -12 -6 -12 -6 -12 -6 -12 0 0 0 0 0 0 0 0 0 0]"
"1769326785572782,CSI_DATA,STATION,00:00:00:00:00:00,0,0,0,0,0,0,0,0,0,0,0,0,0,0,0,0,0,0,0,0,0,128,[84 -64 4 0 0 0 0 0 0 0 0 0 14 -5 15 -4 15 -3 15 -3 16 -3 15 -3 15 -2 15 -1 15 -1 15 0 15 -1 15 0 14 0 15 0 15 1 14 0 14 0 13 0 14 1 14 1 13 0 14 1 13 0 13 0 14 0 14 -1 0 0 14 -1 14 -1 13 -1 14 -2 14 -1 14 -2 14 -1 14 -2 14 -2 14 -3 13 -3 14 -3 15 -2 14 -3 13 -4 15 -4 14 -4 14 -5 15 -5 15 -5 15 -5 15 -4 15 -4 15 -5 15 -6 15 -6 0 0 0 0 0 0 0 0 0 0]"
"1769326785579287,CSI_DATA,STATION,00:00:00:00:00:00,0,0,0,0,0,0,0,0,0,0,0,0,0,0,0,0,0,0,0,0,0,128,[84 -64 4 0 0 0 0 0 0 0 0 0 8 8 7 9 7 9 7 9 7 9 7 10 6 10 6 10 6 10 6 11 5 10 5 10 5 10 5 10 5 11 5 10 5 10 4 10 5 10 5 10 5 10 5 10 5 9 5 10 5 10 5 9 0 0 5 9 5 10 6 9 5 9 6 9 6 9 6 9 7 9 6 8 6 9 7 9 7 9 7 9 7 9 7 9 7 9 8 8 8 8 8 9 8 9 8 9 8 9 8 9 9 9 8 9 8 9 0 0 0 0 0 0 0 0 0 0]"
"1769326785583598,CSI_DATA,STATION,00:00:00:00:00:00,0,0,0,0,0,0,0,0,0,0,0,0,0,0,0,0,0,0,0,0,0,128,[84 -64 4 0 0 0 0 0 0 0 0 0 14 5 15 6 14 5 14 7 14 7 13 7 13 7 13 8 12 7 12 9 12 8 12 8 12 8 12 9 12 9 11 8 11 9 11 9 12 9 11 9 11 9 11 9 10 7 11 8 11 7 11 8 0 0 11 7 11 7 12 7 11 7 12 7 12 7 12 7 12 7 12 6 12 6 13 6 13 6 13 7 14 6 13 6 14 6 14 6 14 5 15 5 14 5 14 5 15 6 15 5 15 5 15 5 15 4 0 0 0 0 0 0 0 0 0 0]"
"1769326785594293,CSI_DATA,STATION,00:00:00:00:00:00,0,0,0,0,0,0,0,0,0,0,0,0,0,0,0,0,0,0,0,0,0,128,[84 -64 4 0 0 0 0 0 0 0 0 0 0 -13 1 -13 1 -13 2 -13 2 -13 2 -13 3 -13 3 -13 3 -12 4 -12 4 -12 3 -12 4 -12 4 -12 4 -11 4 -11 4 -11 4 -12 4 -11 4 -11 4 -11 4 -11 3 -11 4 -11 2 -11 3 -12 0 0 3 -12 3 -11 2 -11 2 -11 3 -12 2 -12 2 -12 2 -11 2 -12 2 -12 2 -12 2 -12 1 -12 1 -12 1 -13 1 -13 1 -13 1 -13 1 -13 1 -14 1 -13 1 -13 0 -13 0 -14 0 -13 1 -14 0 0 0 0 0 0 0 0 0 0]"
"1769326785600750,CSI_DATA,STATION,00:00:00:00:00:00,0,0,0,0,0,0,0,0,0,0,0,0,0,0,0,0,0,0,0,0,0,128,[84 -64 4 0 0 0 0 0 0 0 0 0 -4 10 -4 10 -5 10 -5 10 -6 10 -6 10 -6 10 -6 10 -6 9 -7 9 -6 9 -6 9 -7 9 -7 8 -7 8 -7 9 -6 8 -6 8 -7 8 -7 8 -6 8 -7 8 -7 8 -7 8 -6 8 -6 9 0 0 -6 9 -6 8 -6 9 -6 8 -6 9 -6 8 -6 8 -6 9 -5 10 -5 9 -5 10 -5 9 -5 9 -5 10 -6 10 -5 10 -4 10 -5 11 -5 11 -5 10 -5 11 -5 11 -5 11 -5 11 -5 11 -5 11 0 0 0 0 0 0 0 0 0 0]"
"1769326785607200,CSI_DATA,STATION,00:00:00:00:00:00,0,0,0,0,0,0,0,0,0,0,0,0,0,0,0,0,0,0,0,0,0,128,[84 -64 4 0 0 0 0 0 0 0 0 0 12 9 12 9 12 10 11 11 11 10 11 10 10 10 10 11 10 11 9 11 11 11 9 11 9 12 9 12 9 11 9 12 8 11 8 11 8 11 8 12 8 11 8 11 9 11 9 11 9 11 9 11 0 0 9 10 9 10 10 10 9 10 10 10 10 10 10 9 10 9 10 9 11 9 11 9 11 9 11 10 12 9 11 8 13 8 13 9 13 8 13 8 13 8 13 8 13 8 14 9 14 9 13 8 13 8 0 0 0 0 0 0 0 0 0 0]"
"1769326785611499,CSI_DATA,STATION,00:00:00:00:00:00,0,0,0,0,0,0,0,0,0,0,0,0,0,0,0,0,0,0,0,0,0,128,[84 -64 4 0 0 0 0 0 0 0 0 0 8 -9 9 -9 9 -8 10 -8 10 -7 10 -8 10 -7 10 -7 10 -6 10 -6 10 -7 10 -6 10 -6 10 -6 11 -6 10 -6 10 -6 9 -5 11 -5 10 -5 10 -5 10 -5 9 -6 10 -5 9 -6 9 -6 0 0 9 -6 8 -6 9 -7 9 -7 9 -7 9 -7 9 -7 9 -7 9 -8 9 -8 8 -8 9 -8 9 -8 9 -8 9 -9 9 -9 8 -9 8 -10 9 -9 8 -9 8 -10 8 -9 9 -10 9 -10 8 -11 9 -11 0 0 0 0 0 0 0 0 0 0]"
"1769326785617977,CSI_DATA,STATION,00:00:00:00:00:00,0,0,0,0,0,0,0,0,0,0,0,0,0,0,0,0,0,0,0,0,0,128,[84 -64 4 0 0 0 0 0 0 0 0 0 -2 -11 -2 -11 -2 -12 -1 -12 -1 -12 -1 -12 -1 -12 0 -11 0 -12 0 -12 1 -12 1 -11 0 -11 1 -11 1 -11 1 -11 1 -11 1 -11 1 -11 1 -11 1 -11 1 -11 1 -11 1 -11 0 -10 0 -11 0 0 0 -11 0 -11 0 -11 -1 -11 0 -12 -1 -11 -1 -11 -1 -11 -1 -11 -1 -11 -1 -12 -1 -11 -1 -12 -1 -11 -2 -12 -2 -12 -2 -12 -2 -13 -2 -12 -3 -12 -3 -12 -3 -12 -3 -13 -3 -12 -3 -13 -3 -13 0 0 0 0 0 0 0 0 0 0]"
"1769326785622271,CSI_DATA,STATION,00:00:00:00:00:00,0,0,0,0,0,0,0,0,0,0,0,0,0,0,0,0,0,0,0,0,0,128,[84 -64 4 0 0 0 0 0 0 0 0 0 -13 8 -13 7 -15 7 -15 6 -15 6 -15 5 -15 5 -15 5 -15 4 -16 3 -15 5 -14 4 -15 4 -15 3 -15 2 -14 4 -15 3 -15 3 -15 2 -15 3 -14 3 -15 2 -14 3 -14 3 -14 2 -15 3 0 0 -14 3 -14 3 -14 3 -15 4 -14 3 -14 4 -14 4 -14 4 -14 4 -14 5 -14 5 -14 4 -14 5 -14 5 -14 5 -15 6 -15 7 -14 7 -15 6 -15 6 -15 7 -15 7 -15 6 -15 7 -15 7 -15 7 0 0 0 0 0 0 0 0 0 0]"
"1769326785628705,CSI_DATA,STATION,00:00:00:00:00:00,0,0,0,0,0,0,0,0,0,0,0,0,0,0,0,0,0,0,0,0,0,128,[84 -64 4 0 0 0 0 0 0 0 0 0 -11 -3 -11 -4 -11 -4 -11 -5 -11 -5 -11 -6 -10 -6 -10 -6 -10 -6 -10 -6 -10 -6 -9 -6 -10 -7 -10 -7 -10 -7 -9 -7 -9 -6 -9 -6 -10 -7 -9 -7 -9 -6 -9 -7 -9 -6 -10 -6 -9 -6 -9 -6 0 0 -9 -6 -9 -5 -10 -5 -9 -5 -10 -5 -10 -5 -10 -5 -11 -5 -10 -5 -11 -5 -11 -4 -11 -4 -11 -4 -11 -4 -11 -4 -11 -4 -12 -4 -12 -4 -12 -3 -12 -4 -12 -4 -12 -4 -12 -3 -13 -4 -12 -3 -12 -3 0 0 0 0 0 0 0 0 0 0]"
"1769326785633040,CSI_DATA,STATION,00:00:00:00:00:00,0,0,0,0,0,0,0,0,0,0,0,0,0,0,0,0,0,0,0,0,0,128,[84 -64 4 0 0 0 0 0 0 0 0 0 11 5 10 5 11 5 11 6 10 6 10 6 10 6 9 7 9 7 9 8 9 7 9 7 9 8 9 7 8 8 8 8 8 7 8 7 8 7 8 8 8 8 8 7 7 8 8 7 8 8 7 7 0 0 8 7 8 7 8 7 8 7 9 7 9 7 9 7 9 7 9 6 9 6 9 6 9 7 9 7 10 6 9 7 10 6 10 6 10 6 10 6 10 6 10 6 10 7 11 7 10 6 10 7 11 6 0 0 0 0 0 0 0 0 0 0]"
"1769326785639484,CSI_DATA,STATION,00:00:00:00:00:00,0,0,0,0,0,0,0,0,0,0,0,0,0,0,0,0,0,0,0,0,0,128,[84 -64 4 0 0 0 0 0 0 0 0 0 -7 -12 -6 -12 -6 -11 -6 -12 -5 -12 -5 -12 -4 -12 -4 -12 -3 -12 -4 -12 -3 -12 -3 -13 -3 -12 -3 -12 -3 -13 -3 -12 -2 -12 -2 -12 -2 -12 -2 -12 -2 -12 -2 -12 -2 -12 -3 -12 -3 -12 -3 -12 0 0 -3 -12 -3 -11 -3 -12 -3 -12 -3 -12 -3 -12 -3 -12 -4 -12 -4 -12 -3 -12 -4 -12 -4 -12 -5 -12 -4 -12 -4 -12 -5 -13 -5 -13 -5 -12 -5 -12 -5 -13 -5 -13 -5 -13 -5 -13 -6 -13 -5 -13 -5 -13 0 0 0 0 0 0 0 0 0 0]"
"1769326785643781,CSI_DATA,STATION,00:00:00:00:00:00,0,0,0,0,0,0,0,0,0,0,0,0,0,0,0,0,0,0,0,0,0,128,[84 -64 4 0 0 0 0 0 0 0 0 0 16 -8 16 -7 16 -7 17 -6 17 -5 17 -5 17 -5 17 -5 17 -4 17 -3 17 -4 17 -3 17 -3 17 -2 17 -2 16 -2 17 -2 16 -2 17 -2 16 -2 16 -2 16 -2 15 -3 16 -2 16 -2 16 -3 0 0 16 -3 15 -3 16 -3 15 -4 16 -4 16 -4 16 -4 15 -5 15 -5 15 -5 15 -6 15 -5 16 -5 16 -6 15 -6 16 -7 16 -7 16 -7 16 -8 16 -8 16 -8 16 -7 16 -8 17 -8 16 -9 16 -9 0 0 0 0 0 0 0 0 0 0]"
"1769326785648102,CSI_DATA,STATION,00:00:00:00:00:00,0,0,0,0,0,0,0,0,0,0,0,0,0,0,0,0,0,0,0,0,0,128,[84 -64 4 0 0 0 0 0 0 0 0 0 3 -13 4 -12 3 -12 4 -12 5 -12 5 -12 6 -12 6 -11 6 -11 6 -11 6 -12 6 -10 6 -11 6 -11 7 -10 7 -10 7 -10 6 -10 6 -10 7 -9 7 -9 7 -10 6 -10 6 -10 6 -10 6 -10 0 0 6 -10 5 -9 5 -10 5 -10 6 -10 6 -10 6 -10 5 -11 6 -11 5 -11 5 -11 5 -11 4 -11 5 -11 5 -11 5 -12 5 -12 5 -12 5 -12 5 -12 5 -12 5 -12 5 -12 4 -12 4 -13 4 -13 0 0 0 0 0 0 0 0 0 0]"
"1769326785654556,CSI_DATA,STATION,00:00:00:00:00:00,0,0,0,0,0,0,0,0,0,0,0,0,0,0,0,0,0,0,0,0,0,128,[84 -64 4 0 0 0 0 0 0 0 0 0 -7 -7 -7 -8 -7 -8 -7 -8 -7 -8 -7 -9 -6 -9 -6 -9 -6 -9 -6 -9 -6 -9 -5 -9 -5 -9 -6 -9 -5 -9 -5 -9 -5 -9 -5 -9 -5 -9 -5 -9 -5 -9 -5 -9 -5 -8 -5 -9 -5 -9 -5 -8 0 0 -6 -8 -6 -8 -6 -8 -6 -8 -6 -8 -6 -9 -6 -8 -7 -8 -6 -8 -7 -8 -7 -8 -7 -8 -7 -8 -7 -8 -7 -8 -8 -8 -8 -8 -8 -8 -8 -9 -8 -8 -8 -9 -8 -8 -8 -8 -9 -8 -9 -8 -8 -8 0 0 0 0 0 0 0 0 0 0]"
"1769326785658969,CSI_DATA,STATION,00:00:00:00:00:00,0,0,0,0,0,0,0,0,0,0,0,0,0,0,0,0,0,0,0,0,0,128,[84 -64 4 0 0 0 0 0 0 0 0 0 -6 -11 -6 -12 -5 -12 -5 -13 -4 -13 -4 -13 -4 -12 -4 -13 -3 -12 -3 -12 -3 -13 -3 -13 -3 -12 -3 -12 -2 -13 -2 -12 -2 -12 -1 -12 -2 -12 -2 -12 -2 -12 -2 -12 -2 -12 -2 -11 -3 -12 -3 -12 0 0 -2 -12 -3 -11 -2 -12 -3 -11 -3 -12 -3 -12 -4 -12 -3 -12 -3 -12 -3 -12 -4 -12 -4 -12 -4 -12 -4 -13 -4 -12 -4 -12 -5 -12 -5 -13 -5 -13 -4 -13 -5 -13 -5 -13 -5 -13 -5 -13 -5 -13 -5 -13 0 0 0 0 0 0 0 0 0 0]"
"1769326785663533,CSI_DATA,STATION,00:00:00:00:00:00,0,0,0,0,0,0,0,0,0,0,0,0,0,0,0,0,0,0,0,0,0,128,[84 -64 4 0 0 0 0 0 0 0 0 0 7 -14 8 -12 9 -13 9 -12 10 -13 10 -13 11 -12 10 -12 11 -10 10 -11 11 -11 11 -11 11 -11 11 -11 11 -11 11 -10 11 -10 11 -10 10 -10 10 -10 11 -9 10 -10 10 -10 10 -10 10 -10 10 -10 0 0 10 -11 10 -10 10 -11 9 -11 9 -11 9 -11 9 -11 9 -11 9 -11 9 -12 9 -12 8 -12 8 -13 8 -13 8 -13 8 -13 8 -14 8 -14 9 -14 8 -14 8 -14 9 -14 8 -15 8 -15 7 -15 7 -15 0 0 0 0 0 0 0 0 0 0]"
"1769326785670050,CSI_DATA,STATION,00:00:00:00:00:00,0,0,0,0,0,0,0,0,0,0,0,0,0,0,0,0,0,0,0,0,0,128,[84 -64 4 0 0 0 0 0 0 0 0 0 15 0 15 1 16 1 15 2 16 3 15 3 15 3 15 3 15 4 15 5 14 5 14 5 15 5 14 5 14 5 14 5 13 5 14 5 13 6 14 6 13 6 13 5 13 5 13 6 13 6 13 5 0 0 13 4 13 5 13 4 13 4 14 5 14 4 14 4 14 4 14 4 14 3 14 3 14 4 14 4 15 4 15 3 15 2 16 3 15 2 15 2 15 2 16 2 16 3 16 3 16 3 16 3 16 2 0 0 0 0 0 0 0 0 0 0]"
"1769326785674386,CSI_DATA,STATION,00:00:00:00:00:00,0,0,0,0,0,0,0,0,0,0,0,0,0,0,0,0,0,0,0,0,0,128,[84 -64 4 0 0 0 0 0 0 0 0 0 0 15 -1 15 -1 15 -3 15 -2 16 -3 15 -3 15 -3 15 -4 14 -4 14 -4 15 -4 14 -5 14 -4 14 -5 14 -5 13 -5 13 -6 13 -6 13 -5 13 -5 13 -5 13 -4 13 -5 12 -5 13 -4 13 0 0 -4 13 -4 13 -4 13 -4 13 -4 14 -4 13 -3 13 -3 14 -3 14 -3 14 -2 13 -3 14 -3 14 -2 15 -2 15 -2 15 -1 14 -1 15 -2 16 -2 15 -2 16 -1 16 -1 16 -1 16 -1 15 -1 16 0 0 0 0 0 0 0 0 0 0]"
"1769326785680858,CSI_DATA,STATION,00:00:00:00:00:00,0,0,0,0,0,0,0,0,0,0,0,0,0,0,0,0,0,0,0,0,0,128,[84 -64 4 0 0 0 0 0 0 0 0 0 5 10 5 11 5 11 5 12 4 12 3 12 2 12 3 12 3 12 2 12 2 12 2 12 1 11 2 11 1 11 1 12 1 11 1 11 2 11 1 11 1 11 1 11 1 11 1 11 1 11 2 11 0 0 1 11 2 11 2 10 2 12 2 11 2 11 3 11 3 11 3 11 3 11 3 11 3 11 3 11 3 11 3 11 4 11 4 11 4 12 4 11 4 12 4 12 5 11 4 12 5 12 4 12 4 11 0 0 0 0 0 0 0 0 0 0]"
"1769326785685182,CSI_DATA,STATION,00:00:00:00:00:00,0,0,0,0,0,0,0,0,0,0,0,0,0,0,0,0,0,0,0,0,0,128,[84 -64 4 0 0 0 0 0 0 0 0 0 -3 -13 -2 -14 -2 -12 -1 -12 -1 -13 -1 -14 0 -13 0 -13 0 -13 0 -13 1 -12 1 -13 1 -12 0 -13 1 -13 1 -13 2 -12 2 -12 1 -13 1 -12 1 -12 1 -11 1 -12 1 -12 1 -12 1 -12 0 0 0 -12 0 -12 0 -12 0 -12 0 -12 -1 -12 -1 -12 -1 -12 -1 -12 -1 -13 -1 -13 -2 -13 -2 -12 -2 -13 -2 -13 -2 -13 -3 -13 -3 -13 -2 -13 -2 -13 -3 -14 -3 -13 -3 -14 -4 -13 -3 -14 -3 -13 0 0 0 0 0 0 0 0 0 0]"
"1769326785689519,CSI_DATA,STATION,00:00:00:00:00:00,0,0,0,0,0,0,0,0,0,0,0,0,0,0,0,0,0,0,0,0,0,128,[84 -64 4 0 0 0 0 0 0 0 0 0 -4 11 -5 11 -5 11 -5 11 -6 11 -7 11 -7 11 -7 10 -7 11 -7 10 -7 10 -8 10 -7 10 -8 9 -8 9 -7 9 -8 9 -7 9 -7 9 -8 8 -8 9 -7 9 -7 9 -7 9 -7 8 -7 9 0 0 -7 9 -7 9 -6 9 -7 9 -7 9 -7 9 -6 10 -7 9 -6 10 -6 10 -6 10 -6 10 -6 10 -6 10 -6 11 -6 11 -6 11 -6 11 -6 11 -6 11 -6 12 -6 11 -6 12 -6 11 -6 12 -6 12 0 0 0 0 0 0 0 0 0 0]"
"1769326785696012,CSI_DATA,STATION,00:00:00:00:00:00,0,0,0,0,0,0,0,0,0,0,0,0,0,0,0,0,0,0,0,0,0,128,[84 -64 4 0 0 0 0 0 0 0 0 0 -13 -2 -12 -3 -13 -3 -13 -4 -13 -4 -12 -5 -12 -5 -12 -5 -11 -5 -12 -6 -12 -5 -11 -6 -11 -6 -12 -6 -11 -6 -11 -5 -11 -6 -12 -6 -11 -6 -10 -6 -11 -6 -11 -6 -11 -5 -11 -6 -11 -5 -11 -5 0 0 -11 -5 -11 -4 -11 -5 -11 -4 -11 -4 -11 -4 -11 -4 -12 -4 -11 -4 -12 -4 -12 -4 -12 -4 -12 -4 -12 -3 -12 -3 -12 -3 -13 -3 -12 -3 -13 -3 -14 -3 -13 -2 -13 -3 -14 -3 -14 -3 -13 -2 -14 -2 0 0 0 0 0 0 0 0 0 0]"
"1769326785700329,CSI_DATA,STATION,00:00:00:00:00:00,0,0,0,0,0,0,0,0,0,0,0,0,0,0,0,0,0,0,0,0,0,128,[84 -64 4 0 0 0 0 0 0 0 0 0 2 -11 2 -12 2 -11 3 -11 3 -11 4 -11 4 -11 4 -11 5 -11 5 -11 4 -11 5 -11 4 -10 5 -10 5 -10 5 -10 5 -10 5 -10 5 -10 5 -9 5 -10 4 -9 4 -10 5 -10 4 -9 4 -10 0 0 4 -10 4 -9 3 -10 3 -10 3 -10 3 -10 3 -10 3 -11 3 -11 3 -11 3 -11 3 -11 3 -11 3 -11 3 -11 2 -12 2 -12 3 -12 3 -12 2 -12 3 -12 2 -12 2 -12 2 -13 2 -13 2 -13 0 0 0 0 0 0 0 0 0 0]"
"1769326785706826,CSI_DATA,STATION,00:00:00:00:00:00,0,0,0,0,0,0,0,0,0,0,0,0,0,0,0,0,0,0,0,0,0,128,[84 -64 4 0 0 0 0 0 0 0 0 0 -11 -5 -11 -4 -10 -5 -11 -5 -10 -5 -10 -6 -9 -6 -10 -7 -9 -7 -10 -8 -9 -7 -9 -7 -9 -7 -9 -8 -9 -8 -8 -7 -8 -7 -9 -7 -9 -7 -8 -7 -8 -7 -8 -7 -8 -7 -9 -7 -8 -7 -8 -7 0 0 -8 -7 -8 -6 -9 -7 -8 -6 -9 -7 -9 -7 -9 -6 -9 -6 -9 -6 -9 -6 -9 -6 -9 -6 -9 -6 -10 -6 -10 -5 -10 -5 -10 -6 -11 -6 -10 -6 -11 -6 -10 -6 -11 -6 -11 -6 -11 -6 -11 -6 -11 -6 0 0 0 0 0 0 0 0 0 0]"
"1769326785711155,CSI_DATA,STATION,00:00:00:00:00:00,0,0,0,0,0,0,0,0,0,0,0,0,0,0,0,0,0,0,0,0,0,128,[84 -64 4 0 0 0 0 0 0 0 0 0 2 12 2 12 2 12 2 12 1 12 1 12 0 12 -1 12 -1 12 0 12 -1 12 -1 11 -2 11 -1 12 -2 11 -1 12 -2 12 -2 11 -2 11 -2 11 -2 11 -1 11 -2 11 -1 10 -1 11 -1 11 0 0 -1 11 0 11 0 11 -1 11 -1 11 -1 11 0 11 0 11 0 11 0 11 0 12 0 12 1 12 0 12 1 12 1 12 1 11 1 12 1 13 1 12 1 13 1 12 1 12 1 12 1 13 1 13 0 0 0 0 0 0 0 0 0 0]"
"1769326785715466,CSI_DATA,STATION,00:00:00:00:00:00,0,0,0,0,0,0,0,0,0,0,0,0,0,0,0,0,0,0,0,0,0,128,[84 -64 4 0 0 0 0 0 0 0 0 0 -12 -3 -13 -4 -13 -4 -13 -5 -12 -5 -13 -5 -12 -6 -11 -6 -11 -6 -11 -7 -11 -6 -11 -6 -12 -7 -11 -7 -11 -7 -10 -6 -11 -6 -11 -7 -11 -7 -10 -7 -11 -7 -11 -6 -10 -6 -11 -6 -10 -6 -11 -6 0 0 -11 -5 -10 -6 -11 -6 -11 -5 -12 -5 -11 -5 -11 -5 -12 -5 -11 -5 -12 -4 -12 -4 -12 -4 -12 -4 -13 -4 -12 -4 -13 -4 -13 -3 -13 -4 -13 -3 -13 -4 -13 -3 -13 -4 -13 -3 -14 -3 -14 -3 -14 -3 0 0 0 0 0 0 0 0 0 0]"
"1769326785721993,CSI_DATA,STATION,00:00:00:00:00:00,0,0,0,0,0,0,0,0,0,0,0,0,0,0,0,0,0,0,0,0,0,128,[84 -64 4 0 0 0 0 0 0 0 0 0 -8 9 -9 9 -9 8 -10 8 -10 8 -10 7 -10 7 -10 7 -11 7 -11 6 -11 7 -11 6 -11 6 -10 6 -11 5 -11 6 -11 6 -10 5 -11 5 -11 5 -11 5 -11 5 -10 6 -10 5 -10 5 -10 5 0 0 -10 5 -10 5 -10 6 -10 6 -10 6 -10 6 -10 7 -10 6 -10 7 -10 7 -10 7 -10 7 -10 7 -10 7 -10 7 -10 8 -10 8 -10 8 -10 8 -10 8 -10 9 -10 8 -10 8 -10 9 -10 9 -9 9 0 0 0 0 0 0 0 0 0 0]"
"1769326785726337,CSI_DATA,STATION,00:00:00:00:00:00,0,0,0,0,0,0,0,0,0,0,0,0,0,0,0,0,0,0,0,0,0,128,[84 -64 4 0 0 0 0 0 0 0 0 0 11 2 11 3 12 2 12 3 11 3 11 4 10 4 11 5 11 5 11 5 11 5 11 5 11 5 10 5 10 6 9 5 10 6 10 5 10 6 10 6 10 6 9 6 9 4 10 5 10 5 10 4 0 0 9 5 9 5 10 5 9 4 10 4 10 4 10 3 11 4 11 4 11 3 11 4 11 4 11 4 12 4 11 4 11 4 11 3 12 3 12 3 11 3 12 3 12 4 12 3 12 3 13 3 12 2 0 0 0 0 0 0 0 0 0 0]"
"1769326785732784,CSI_DATA,STATION,00:00:00:00:00:00,0,0,0,0,0,0,0,0,0,0,0,0,0,0,0,0,0,0,0,0,0,128,[84 -64 4 0 0 0 0 0 0 0 0 0 7 9 7 9 7 10 6 10 6 10 6 11 5 11 5 11 5 11 4 12 4 10 4 11 4 11 5 11 3 11 4 11 3 10 3 10 3 10 4 11 3 10 4 10 3 10 4 10 3 10 3 11 0 0 4 10 4 11 4 10 4 10 4 10 5 10 5 10 5 11 5 9 5 10 5 10 5 10 5 11 6 11 5 10 6 10 6 10 6 10 6 10 6 10 6 11 6 10 7 11 8 10 7 11 7 10 0 0 0 0 0 0 0 0 0 0]"
"1769326785737136,CSI_DATA,STATION,00:00:00:00:00:00,0,0,0,0,0,0,0,0,0,0,0,0,0,0,0,0,0,0,0,0,0,128,[84 -64 4 0 0 0 0 0 0 0 0 0 -2 12 -3 11 -3 11 -3 12 -4 11 -5 11 -5 11 -5 12 -5 11 -5 11 -5 11 -6 11 -6 11 -5 11 -5 10 -5 10 -5 10 -6 11 -6 10 -5 10 -5 10 -5 9 -5 10 -5 10 -5 10 -5 10 0 0 -5 10 -4 10 -3 10 -4 10 -4 10 -4 10 -4 10 -4 10 -4 11 -3 11 -3 11 -3 11 -3 12 -3 11 -3 11 -3 12 -2 11 -3 12 -2 12 -2 12 -2 12 -2 13 -2 12 -2 12 -2 13 -2 13 0 0 0 0 0 0 0 0 0 0]"
"1769326785741438,CSI_DATA,STATION,00:00:00:00:00:00,0,0,0,0,0,0,0,0,0,0,0,0,0,0,0,0,0,0,0,0,0,128,[84 -64 4 0 0 0 0 0 0 0 0 0 9 8 8 9 7 9 8 9 8 9 7 10 6 10 6 10 6 9 6 10 6 9 6 10 6 10 6 10 6 10 6 9 5 10 5 9 5 10 6 10 5 10 5 10 5 9 5 10 6 9 5 9 0 0 5 9 6 9 6 9 6 8 7 9 7 9 7 8 7 9 7 8 7 8 7 8 7 8 7 9 8 9 8 8 8 9 9 8 9 8 9 8 9 8 9 8 9 8 9 8 10 8 9 8 9 8 0 0 0 0 0 0 0 0 0 0]"
"1769326785747895,CSI_DATA,STATION,00:00:00:00:00:00,0,0,0,0,0,0,0,0,0,0,0,0,0,0,0,0,0,0,0,0,0,128,[84 -64 4 0 0 0 0 0 0 0 0 0 2 -12 3 -12 3 -13 3 -12 4 -13 4 -12 5 -12 5 -12 5 -11 5 -11 5 -11 5 -12 5 -11 5 -10 5 -11 5 -11 5 -10 5 -12 6 -10 5 -11 5 -10 5 -11 5 -11 4 -11 4 -11 5 -11 0 0 4 -11 4 -11 4 -11 3 -11 3 -11 3 -11 3 -12 4 -12 3 -12 3 -12 3 -12 3 -12 3 -12 2 -12 2 -13 2 -13 2 -13 2 -13 2 -13 2 -13 1 -13 2 -13 2 -14 1 -14 1 -14 1 -14 0 0 0 0 0 0 0 0 0 0]"
"1769326785758603,CSI_DATA,STATION,00:00:00:00:00:00,0,0,0,0,0,0,0,0,0,0,0,0,0,0,0,0,0,0,0,0,0,128,[84 -64 4 0 0 0 0 0 0 0 0 0 -11 -13 -10 -13 -10 -14 -10 -14 -9 -14 -9 -15 -8 -14 -8 -14 -8 -15 -8 -15 -7 -15 -7 -15 -7 -15 -6 -15 -7 -15 -6 -14 -6 -14 -6 -14 -6 -15 -6 -15 -6 -14 -6 -14 -6 -14 -6 -14 -6 -14 -6 -14 0 0 -6 -14 -7 -14 -7 -14 -6 -13 -7 -14 -8 -14 -8 -13 -8 -14 -8 -13 -8 -13 -8 -13 -8 -13 -8 -13 -9 -13 -9 -13 -9 -14 -10 -14 -10 -14 -10 -13 -10 -13 -11 -13 -11 -13 -11 -14 -11 -14 -11 -14 -11 -14 0 0 0 0 0 0 0 0 0 0]"
"1769326785763150,CSI_DATA,STATION,00:00:00:00:00:00,0,0,0,0,0,0,0,0,0,0,0,0,0,0,0,0,0,0,0,0,0,128,[84 -64 4 0 0 0 0 0 0 0 0 0 -3 17 -5 18 -5 17 -6 17 -6 17 -6 17 -7 16 -7 16 -8 16 -7 16 -8 16 -8 15 -8 15 -8 15 -9 15 -9 15 -9 15 -9 14 -9 14 -9 14 -9 14 -9 14 -8 14 -8 14 -8 14 -8 14 0 0 -8 14 -7 14 -7 15 -7 15 -7 15 -7 15 -7 15 -6 15 -7 15 -6 15 -6 16 -6 16 -6 16 -5 16 -6 16 -5 17 -4 16 -5 17 -5 17 -5 17 -5 18 -5 18 -5 18 -4 17 -5 18 -4 18 0 0 0 0 0 0 0 0 0 0]"
"1769326785769561,CSI_DATA,STATION,00:00:00:00:00:00,0,0,0,0,0,0,0,0,0,0,0,0,0,0,0,0,0,0,0,0,0,128,[84 -64 4 0 0 0 0 0 0 0 0 0 -15 -11 -15 -11 -15 -13 -14 -13 -14 -14 -13 -13 -12 -13 -12 -14 -12 -14 -12 -15 -12 -14 -12 -14 -12 -15 -11 -15 -11 -15 -11 -14 -10 -14 -10 -14 -10 -14 -10 -14 -10 -15 -10 -14 -10 -14 -11 -14 -11 -14 -10 -13 0 0 -10 -14 -11 -13 -11 -13 -11 -13 -11 -13 -11 -13 -11 -13 -12 -13 -12 -13 -12 -12 -13 -12 -13 -12 -13 -12 -13 -12 -13 -12 -13 -12 -14 -13 -14 -12 -14 -12 -14 -12 -15 -12 -15 -12 -15 -13 -15 -12 -15 -12 -15 -11 0 0 0 0 0 0 0 0 0 0]"
"1769326785775967,CSI_DATA,STATION,00:00:00:00:00:00,0,0,0,0,0,0,0,0,0,0,0,0,0,0,0,0,0,0,0,0,0,128,[84 -64 4 0 0 0 0 0 0 0 0 0 5 -10 7 -10 7 -10 7 -10 7 -10 7 -9 8 -9 8 -9 8 -9 8 -8 8 -9 8 -8 8 -8 8 -8 9 -8 8 -8 8 -8 8 -8 8 -8 8 -8 8 -7 8 -8 8 -8 8 -8 8 -7 7 -8 0 0 7 -8 7 -8 7 -8 7 -8 7 -9 7 -8 7 -9 7 -9 7 -9 7 -10 7 -10 6 -9 6 -9 6 -10 6 -10 6 -11 7 -11 7 -11 6 -11 6 -11 6 -11 6 -11 6 -11 6 -12 6 -12 6 -12 0 0 0 0 0 0 0 0 0 0]"
"1769326785782347,CSI_DATA,STATION,00:00:00:00:00:00,0,0,0,0,0,0,0,0,0,0,0,0,0,0,0,0,0,0,0,0,0,128,[84 -64 4 0 0 0 0 0 0 0 0 0 12 0 11 0 12 1 12 1 12 2 11 2 12 2 11 2 11 3 11 3 11 3 10 3 11 4 10 3 10 4 10 4 10 4 10 4 11 4 10 4 10 4 10 4 10 4 11 4 10 4 10 3 0 0 10 3 10 3 10 3 10 2 11 3 11 2 10 2 11 2 10 2 11 2 11 2 11 2 12 2 12 2 11 1 12 1 12 1 12 1 12 1 11 1 12 1 12 1 13 1 13 1 12 1 12 1 0 0 0 0 0 0 0 0 0 0]"
"1769326785788705,CSI_DATA,STATION,00:00:00:00:00:00,0,0,0,0,0,0,0,0,0,0,0,0,0,0,0,0,0,0,0,0,0,128,[84 -64 4 0 0 0 0 0 0 0 0 0 -2 -13 -1 -13 -1 -13 -1 -12 0 -13 0 -13 1 -13 1 -13 1 -12 2 -13 1 -12 1 -12 2 -12 2 -12 2 -12 2 -12 2 -12 2 -12 2 -12 2 -11 2 -12 1 -12 2 -12 2 -12 1 -11 1 -12 0 0 1 -11 0 -12 0 -12 0 -12 0 -12 0 -11 0 -12 0 -12 0 -12 0 -12 0 -12 -1 -12 -1 -12 -1 -12 -1 -13 -2 -12 -2 -13 -2 -13 -2 -13 -2 -13 -2 -13 -2 -13 -2 -14 -2 -13 -2 -13 -2 -14 0 0 0 0 0 0 0 0 0 0]"
"1769326785795101,CSI_DATA,STATION,00:00:00:00:00:00,0,0,0,0,0,0,0,0,0,0,0,0,0,0,0,0,0,0,0,0,0,128,[84 -64 4 0 0 0 0 0 0 0 0 0 -11 -6 -11 -6 -11 -7 -11 -7 -11 -8 -11 -8 -10 -8 -10 -8 -9 -8 -9 -9 -10 -8 -9 -9 -10 -9 -10 -8 -9 -9 -9 -8 -9 -9 -9 -8 -9 -8 -9 -9 -9 -9 -9 -8 -9 -8 -9 -8 -9 -8 -9 -8 0 0 -9 -7 -10 -7 -10 -7 -9 -7 -10 -7 -10 -7 -10 -7 -11 -7 -10 -7 -10 -6 -11 -7 -11 -6 -11 -6 -11 -6 -11 -6 -11 -5 -12 -6 -12 -6 -12 -5 -12 -5 -12 -5 -12 -6 -13 -5 -13 -5 -13 -5 -12 -6 0 0 0 0 0 0 0 0 0 0]"
"1769326785801455,CSI_DATA,STATION,00:00:00:00:00:00,0,0,0,0,0,0,0,0,0,0,0,0,0,0,0,0,0,0,0,0,0,128,[84 -64 4 0 0 0 0 0 0 0 0 0 -2 11 -3 11 -4 11 -4 12 -4 11 -5 11 -5 11 -5 11 -5 11 -6 10 -6 11 -5 10 -6 10 -6 10 -6 10 -6 10 -6 10 -6 11 -6 10 -6 10 -6 10 -6 10 -6 10 -6 10 -5 10 -5 10 0 0 -5 10 -5 10 -4 10 -5 10 -4 10 -5 10 -4 10 -4 11 -4 10 -4 11 -4 11 -4 11 -4 11 -3 11 -3 11 -3 11 -3 12 -3 12 -2 12 -2 12 -3 12 -2 12 -3 12 -2 13 -2 12 -2 12 0 0 0 0 0 0 0 0 0 0]"
"1769326785805703,CSI_DATA,STATION,00:00:00:00:00:00,0,0,0,0,0,0,0,0,0,0,0,0,0,0,0,0,0,0,0,0,0,128,[84 -64 4 0 0 0 0 0 0 0 0 0 9 -8 9 -8 9 -7 10 -7 10 -6 10 -7 10 -6 11 -6 11 -6 11 -5 10 -5 11 -6 11 -5 10 -5 11 -5 10 -5 10 -5 10 -4 11 -4 11 -4 10 -4 11 -4 10 -5 10 -5 10 -5 10 -5 0 0 10 -6 10 -5 10 -5 9 -6 9 -6 10 -6 10 -6 10 -6 10 -7 9 -7 10 -7 9 -7 9 -8 10 -7 9 -7 9 -8 9 -8 10 -9 9 -8 9 -9 10 -9 9 -9 9 -9 9 -9 10 -10 10 -10 0 0 0 0 0 0 0 0 0 0]"
"1769326785812219,CSI_DATA,STATION,00:00:00:00:00:00,0,0,0,0,0,0,0,0,0,0,0,0,0,0,0,0,0,0,0,0,0,128,[84 -64 4 0 0 0 0 0 0 0 0 0 -20 2 -20 1 -21 0 -21 0 -21 -1 -20 -1 -20 -1 -20 -1 -20 -2 -20 -3 -20 -3 -19 -3 -20 -3 -19 -4 -19 -4 -19 -4 -18 -3 -18 -3 -19 -4 -19 -5 -19 -5 -18 -4 -18 -3 -18 -4 -18 -4 -18 -3 0 0 -18 -2 -18 -3 -18 -2 -19 -2 -19 -2 -19 -2 -19 -2 -19 -1 -18 -1 -19 0 -19 0 -19 0 -19 0 -19 0 -19 1 -20 1 -20 1 -20 2 -20 2 -20 2 -21 2 -20 2 -21 2 -21 3 -21 3 -21 4 0 0 0 0 0 0 0 0 0 0]"
"1769326785816525,CSI_DATA,STATION,00:00:00:00:00:00,0,0,0,0,0,0,0,0,0,0,0,0,0,0,0,0,0,0,0,0,0,128,[84 -64 4 0 0 0 0 0 0 0 0 0 -11 -8 -11 -7 -11 -8 -10 -9 -10 -10 -10 -10 -9 -9 -9 -10 -9 -10 -9 -10 -8 -10 -8 -10 -9 -10 -8 -10 -8 -10 -8 -10 -7 -10 -9 -10 -7 -10 -7 -10 -8 -10 -7 -10 -8 -10 -8 -10 -8 -10 -7 -9 0 0 -7 -9 -7 -10 -8 -9 -8 -9 -8 -9 -8 -10 -8 -9 -9 -9 -9 -9 -9 -9 -9 -9 -9 -9 -9 -9 -9 -9 -10 -9 -9 -9 -10 -9 -9 -9 -10 -9 -10 -9 -10 -9 -11 -10 -11 -10 -11 -9 -11 -9 -11 -9 0 0 0 0 0 0 0 0 0 0]"
"1769326785820864,CSI_DATA,STATION,00:00:00:00:00:00,0,0,0,0,0,0,0,0,0,0,0,0,0,0,0,0,0,0,0,0,0,128,[84 -64 4 0 0 0 0 0 0 0 0 0 9 -15 10 -15 11 -15 11 -14 12 -14 11 -14 12 -13 13 -13 12 -13 13 -12 13 -12 13 -12 13 -12 13 -11 13 -11 13 -11 13 -11 13 -11 13 -10 13 -10 13 -10 13 -10 12 -10 12 -11 13 -11 12 -11 0 0 12 -11 12 -11 12 -11 12 -11 12 -11 12 -11 12 -11 12 -11 12 -12 11 -12 12 -13 11 -13 11 -12 11 -13 11 -14 11 -14 12 -14 11 -14 11 -14 11 -14 11 -15 11 -14 11 -15 11 -15 11 -16 11 -15 0 0 0 0 0 0 0 0 0 0]"
"1769326785827354,CSI_DATA,STATION,00:00:00:00:00:00,0,0,0,0,0,0,0,0,0,0,0,0,0,0,0,0,0,0,0,0,0,128,[84 -64 4 0 0 0 0 0 0 0 0 0 10 3 11 4 11 5 11 4 11 5 10 5 10 6 9 6 10 6 10 7 10 6 9 6 10 7 9 6 9 7 9 6 9 6 9 7 9 7 9 7 8 7 9 7 9 6 9 6 8 6 8 5 0 0 8 6 9 5 9 5 9 5 9 5 9 5 9 5 10 6 9 4 10 5 10 4 10 5 10 5 10 5 11 4 10 4 11 4 11 4 11 4 11 4 11 4 11 5 12 5 12 5 12 4 12 4 0 0 0 0 0 0 0 0 0 0]"
"1769326785831677,CSI_DATA,STATION,00:00:00:00:00:00,0,0,0,0,0,0,0,0,0,0,0,0,0,0,0,0,0,0,0,0,0,128,[84 -64 4 0 0 0 0 0 0 0 0 0 -11 5 -12 5 -13 4 -12 5 -12 3 -12 4 -13 3 -13 3 -12 2 -13 2 -12 3 -13 2 -12 2 -13 2 -13 1 -12 2 -13 1 -11 1 -12 1 -12 0 -12 1 -12 1 -12 1 -12 1 -12 2 -12 2 0 0 -11 2 -12 2 -12 2 -11 2 -12 2 -11 2 -12 2 -12 2 -12 3 -12 4 -12 4 -12 3 -12 4 -12 4 -12 4 -12 4 -12 4 -12 4 -13 4 -13 4 -13 5 -13 5 -13 5 -13 5 -12 5 -13 5 0 0 0 0 0 0 0 0 0 0]"
"1769326785838176,CSI_DATA,STATION,00:00:00:00:00:00,0,0,0,0,0,0,0,0,0,0,0,0,0,0,0,0,0,0,0,0,0,128,[84 -64 4 0 0 0 0 0 0 0 0 0 2 -11 2 -12 3 -11 3 -11 3 -10 4 -11 4 -11 4 -11 5 -10 4 -10 5 -10 5 -10 5 -10 4 -10 6 -9 5 -9 5 -10 5 -10 5 -9 6 -9 5 -9 5 -9 5 -9 5 -9 5 -9 5 -10 0 0 5 -10 4 -9 5 -9 4 -9 4 -10 4 -9 4 -10 4 -10 4 -10 3 -11 4 -10 4 -11 4 -10 4 -10 4 -10 4 -11 3 -11 3 -11 4 -11 4 -11 3 -11 3 -11 3 -12 4 -12 3 -12 3 -12 0 0 0 0 0 0 0 0 0 0]"
"1769326785842490,CSI_DATA,STATION,00:00:00:00:00:00,0,0,0,0,0,0,0,0,0,0,0,0,0,0,0,0,0,0,0,0,0,128,[84 -64 4 0 0 0 0 0 0 0 0 0 12 -1 12 0 11 0 12 1 12 0 12 1 12 1 11 2 11 2 11 3 11 2 11 2 12 2 11 3 11 3 10 3 11 3 11 3 11 3 10 3 11 3 10 3 10 3 11 3 10 3 10 2 0 0 10 2 10 2 11 2 10 2 11 2 11 2 11 1 11 1 11 1 11 1 11 0 11 1 12 1 12 1 11 0 12 0 12 0 12 0 13 0 12 0 12 -1 12 0 13 0 13 0 13 -1 13 -1 0 0 0 0 0 0 0 0 0 0]"
"1769326785848980,CSI_DATA,STATION,00:00:00:00:00:00,0,0,0,0,0,0,0,0,0,0,0,0,0,0,0,0,0,0,0,0,0,128,[84 -64 4 0 0 0 0 0 0 0 0 0 -13 -3 -12 -3 -13 -4 -12 -4 -13 -4 -12 -4 -12 -5 -12 -5 -11 -5 -12 -6 -12 -6 -11 -5 -12 -6 -11 -6 -12 -6 -11 -6 -11 -5 -11 -6 -11 -6 -10 -7 -11 -6 -11 -6 -11 -6 -11 -6 -11 -6 -10 -5 0 0 -10 -5 -11 -5 -11 -5 -11 -5 -12 -5 -11 -5 -11 -5 -12 -5 -11 -5 -12 -5 -12 -4 -12 -4 -12 -4 -12 -4 -12 -4 -12 -4 -13 -4 -13 -4 -12 -4 -13 -4 -13 -3 -13 -4 -13 -4 -14 -4 -14 -4 -13 -3 0 0 0 0 0 0 0 0 0 0]"
"1769326785853322,CSI_DATA,STATION,00:00:00:00:00:00,0,0,0,0,0,0,0,0,0,0,0,0,0,0,0,0,0,0,0,0,0,128,[84 -64 4 0 0 0 0 0 0 0 0 0 -20 -2 -20 -2 -21 -3 -21 -4 -20 -5 -20 -5 -19 -5 -20 -5 -19 -6 -19 -7 -19 -6 -19 -7 -19 -7 -18 -8 -18 -8 -18 -8 -17 -7 -17 -7 -18 -8 -18 -9 -17 -8 -17 -8 -17 -7 -17 -7 -18 -8 -17 -7 0 0 -17 -7 -18 -7 -18 -7 -18 -6 -18 -7 -18 -7 -18 -7 -18 -6 -18 -6 -18 -5 -19 -5 -19 -5 -19 -5 -19 -5 -19 -4 -20 -3 -20 -5 -19 -4 -20 -3 -20 -3 -21 -4 -21 -4 -21 -4 -21 -4 -21 -3 -21 -3 0 0 0 0 0 0 0 0 0 0]"
"1769326785857684,CSI_DATA,STATION,00:00:00:00:00:00,0,0,0,0,0,0,0,0,0,0,0,0,0,0,0,0,0,0,0,0,0,128,[84 -64 4 0 0 0 0 0 0 0 0 0 -10 8 -10 7 -11 7 -11 6 -11 6 -11 6 -11 6 -11 5 -11 6 -12 5 -11 5 -11 5 -12 4 -11 5 -12 4 -12 5 -11 4 -11 4 -12 4 -12 4 -11 3 -11 3 -11 4 -11 4 -11 4 -11 4 0 0 -11 5 -11 4 -11 4 -11 5 -11 5 -11 5 -11 5 -11 5 -11 6 -11 6 -10 6 -11 6 -11 6 -11 6 -11 6 -11 7 -11 6 -11 7 -11 7 -11 7 -11 7 -11 7 -12 7 -11 8 -11 8 -11 7 0 0 0 0 0 0 0 0 0 0]"
"1769326785864340,CSI_DATA,STATION,00:00:00:00:00:00,0,0,0,0,0,0,0,0,0,0,0,0,0,0,0,0,0,0,0,0,0,128,[84 -64 4 0 0 0 0 0 0 0 0 0 2 19 1 19 1 20 0 20 0 20 -1 20 -1 20 -1 19 -2 19 -2 19 -2 20 -3 19 -2 19 -3 18 -4 18 -4 18 -3 19 -3 17 -3 18 -3 18 -3 18 -3 17 -3 17 -2 18 -3 17 -2 17 0 0 -2 18 -2 17 -1 18 -1 17 -1 18 -1 18 -1 18 0 18 -1 18 0 18 1 18 1 18 1 18 2 19 1 19 2 19 3 19 2 18 3 19 3 19 3 19 3 20 4 20 5 20 4 20 4 20 0 0 0 0 0 0 0 0 0 0]"
"1769326785868693,CSI_DATA,STATION,00:00:00:00:00:00,0,0,0,0,0,0,0,0,0,0,0,0,0,0,0,0,0,0,0,0,0,128,[84 -64 4 0 0 0 0 0 0 0 0 0 -8 -9 -8 -10 -8 -10 -7 -11 -7 -11 -8 -11 -8 -11 -7 -11 -6 -11 -7 -12 -6 -12 -5 -12 -5 -12 -6 -11 -5 -12 -5 -12 -5 -11 -5 -11 -5 -12 -5 -12 -5 -11 -5 -11 -5 -11 -5 -12 -5 -11 -5 -11 0 0 -5 -11 -5 -11 -5 -11 -6 -11 -6 -10 -6 -11 -6 -11 -7 -11 -7 -10 -7 -10 -7 -10 -7 -11 -7 -11 -7 -11 -7 -11 -8 -11 -8 -11 -8 -11 -8 -11 -8 -11 -8 -11 -8 -10 -8 -12 -9 -12 -8 -11 -8 -11 0 0 0 0 0 0 0 0 0 0]"
"1769326785873051,CSI_DATA,STATION,00:00:00:00:00:00,0,0,0,0,0,0,0,0,0,0,0,0,0,0,0,0,0,0,0,0,0,128,[84 -64 4 0 0 0 0 0 0 0 0 0 -11 -12 -11 -13 -10 -13 -11 -14 -10 -14 -9 -14 -9 -14 -9 -14 -8 -14 -8 -14 -8 -14 -8 -15 -8 -15 -7 -15 -7 -15 -7 -14 -7 -15 -6 -13 -7 -15 -7 -14 -7 -14 -7 -14 -6 -13 -7 -14 -7 -14 -7 -14 0 0 -7 -14 -7 -13 -8 -14 -7 -12 -9 -14 -8 -13 -9 -13 -9 -13 -9 -13 -9 -12 -9 -13 -9 -13 -9 -13 -10 -13 -9 -12 -10 -13 -10 -13 -11 -13 -11 -13 -11 -13 -11 -13 -12 -13 -11 -13 -12 -13 -12 -13 -12 -13 0 0 0 0 0 0 0 0 0 0]"
"1769326785879512,CSI_DATA,STATION,00:00:00:00:00:00,0,0,0,0,0,0,0,0,0,0,0,0,0,0,0,0,0,0,0,0,0,128,[84 -64 4 0 0 0 0 0 0 0 0 0 -10 -8 -10 -8 -10 -8 -10 -8 -10 -9 -9 -9 -9 -9 -9 -10 -8 -10 -9 -10 -9 -10 -8 -10 -9 -10 -8 -10 -8 -11 -8 -10 -7 -10 -8 -9 -7 -10 -7 -10 -7 -10 -8 -10 -7 -10 -7 -10 -8 -10 -8 -9 0 0 -7 -9 -8 -9 -8 -10 -8 -9 -9 -9 -8 -9 -8 -9 -9 -9 -8 -9 -9 -9 -10 -9 -9 -9 -9 -9 -9 -9 -10 -9 -10 -9 -10 -9 -10 -9 -10 -9 -11 -9 -10 -9 -11 -9 -10 -9 -11 -10 -11 -9 -11 -9 0 0 0 0 0 0 0 0 0 0]"
"1769326785883836,CSI_DATA,STATION,00:00:00:00:00:00,0,0,0,0,0,0,0,0,0,0,0,0,0,0,0,0,0,0,0,0,0,128,[84 -64 4 0 0 0 0 0 0 0 0 0 5 -18 6 -18 6 -18 6 -17 7 -17 7 -17 8 -16 8 -16 8 -17 8 -16 8 -16 9 -16 9 -15 9 -15 9 -15 9 -15 9 -15 9 -15 8 -15 9 -14 9 -14 9 -15 8 -14 8 -14 8 -14 8 -14 0 0 7 -15 7 -15 7 -15 7 -15 7 -15 7 -15 6 -16 6 -15 6 -16 6 -16 5 -16 5 -16 5 -16 5 -17 5 -18 5 -18 5 -18 5 -18 4 -18 4 -18 4 -19 4 -18 4 -19 4 -18 3 -19 3 -19 0 0 0 0 0 0 0 0 0 0]"
"1769326785890306,CSI_DATA,STATION,00:00:00:00:00:00,0,0,0,0,0,0,0,0,0,0,0,0,0,0,0,0,0,0,0,0,0,128,[84 -64 4 0 0 0 0 0 0 0 0 0 10 -1 10 0 10 1 11 0 10 1 10 1 10 2 10 1 9 2 10 2 10 2 10 2 10 3 10 2 10 3 10 2 10 3 10 3 10 3 9 4 9 3 9 3 9 2 9 3 10 2 9 2 0 0 9 2 9 2 10 3 9 2 10 2 10 2 10 2 10 1 10 1 10 2 10 1 10 1 10 1 11 1 10 1 10 0 11 1 11 0 11 1 11 0 11 0 11 1 11 0 11 0 11 0 11 0 0 0 0 0 0 0 0 0 0 0]"
"1769326785894613,CSI_DATA,STATION,00:00:00:00:00:00,0,0,0,0,0,0,0,0,0,0,0,0,0,0,0,0,0,0,0,0,0,128,[84 -64 4 0 0 0 0 0 0 0 0 0 -3 -13 -3 -13 -2 -13 -2 -13 -1 -14 -1 -13 -1 -13 -1 -13 -1 -13 0 -13 0 -13 0 -13 0 -12 0 -13 0 -12 1 -12 1 -12 1 -12 0 -12 0 -12 0 -12 0 -12 1 -12 0 -12 0 -12 0 -12 0 0 -1 -11 -1 -12 -1 -12 -1 -12 -1 -12 -1 -12 -2 -12 -2 -12 -2 -12 -2 -12 -2 -13 -2 -12 -3 -12 -3 -13 -2 -13 -3 -13 -3 -13 -4 -13 -4 -13 -3 -13 -4 -13 -4 -13 -4 -14 -5 -13 -4 -14 -4 -13 0 0 0 0 0 0 0 0 0 0]"
"1769326785898914,CSI_DATA,STATION,00:00:00:00:00:00,0,0,0,0,0,0,0,0,0,0,0,0,0,0,0,0,0,0,0,0,0,128,[84 -64 4 0 0 0 0 0 0 0 0 0 -8 9 -9 10 -10 9 -10 8 -10 9 -9 8 -10 8 -10 7 -11 7 -11 8 -10 7 -10 7 -10 7 -10 7 -11 6 -11 7 -10 7 -10 6 -10 6 -10 5 -10 5 -11 6 -10 7 -10 6 -10 6 -9 7 0 0 -9 6 -10 7 -9 6 -9 7 -9 7 -10 7 -9 7 -9 7 -9 8 -10 8 -9 8 -10 8 -9 8 -9 8 -10 8 -9 9 -9 9 -9 9 -9 9 -9 9 -9 10 -10 10 -9 9 -9 10 -9 10 -9 10 0 0 0 0 0 0 0 0 0 0]"
"1769326785905365,CSI_DATA,STATION,00:00:00:00:00:00,0,0,0,0,0,0,0,0,0,0,0,0,0,0,0,0,0,0,0,0,0,128,[84 -64 4 0 0 0 0 0 0 0 0 0 -12 3 -13 3 -13 2 -13 2 -13 2 -13 1 -13 1 -13 1 -13 0 -13 0 -13 0 -12 0 -13 -1 -13 0 -13 -1 -12 0 -12 0 -12 0 -13 -1 -12 -1 -12 -1 -12 -1 -12 0 -12 0 -12 0 -12 0 0 0 -12 0 -12 0 -12 0 -12 1 -12 0 -12 0 -12 0 -13 1 -12 1 -12 1 -13 2 -13 2 -13 2 -13 1 -12 2 -13 2 -13 2 -12 2 -13 3 -13 3 -13 3 -14 2 -13 3 -13 3 -13 3 -14 3 0 0 0 0 0 0 0 0 0 0]"
"1769326785909669,CSI_DATA,STATION,00:00:00:00:00:00,0,0,0,0,0,0,0,0,0,0,0,0,0,0,0,0,0,0,0,0,0,128,[84 -64 4 0 0 0 0 0 0 0 0 0 3 12 2 13 2 13 1 14 1 13 1 14 0 13 0 14 -1 13 0 13 0 13 -1 13 -2 13 -1 12 -2 13 -2 13 -2 13 -2 12 -2 13 -2 13 -2 12 -2 12 -2 12 -2 12 -1 12 -1 12 0 0 -2 12 -1 12 -1 12 -1 12 -1 12 0 12 -1 13 0 13 -1 12 0 12 0 13 0 13 0 13 1 13 0 13 0 13 1 13 1 14 1 14 1 13 1 14 1 14 1 14 2 14 2 14 1 14 0 0 0 0 0 0 0 0 0 0]"
"1769326785916201,CSI_DATA,STATION,00:00:00:00:00:00,0,0,0,0,0,0,0,0,0,0,0,0,0,0,0,0,0,0,0,0,0,128,[84 -64 4 0 0 0 0 0 0 0 0 0 -11 -14 -11 -15 -11 -15 -10 -16 -10 -16 -9 -16 -9 -16 -9 -16 -8 -16 -8 -17 -7 -17 -7 -17 -8 -17 -7 -17 -7 -16 -7 -16 -6 -16 -6 -16 -7 -17 -6 -16 -7 -16 -6 -16 -6 -15 -7 -16 -7 -16 -6 -15 0 0 -7 -16 -7 -15 -7 -16 -7 -15 -8 -15 -8 -16 -8 -15 -9 -15 -8 -15 -9 -14 -9 -15 -9 -15 -9 -15 -10 -15 -10 -15 -10 -15 -11 -16 -11 -15 -11 -15 -11 -15 -12 -15 -12 -15 -12 -15 -12 -16 -12 -15 -12 -15 0 0 0 0 0 0 0 0 0 0]"
"1769326785920530,CSI_DATA,STATION,00:00:00:00:00:00,0,0,0,0,0,0,0,0,0,0,0,0,0,0,0,0,0,0,0,0,0,128,[84 -64 4 0 0 0 0 0 0 0 0 0 9 8 8 8 8 9 8 9 8 10 7 9 7 9 6 10 7 10 7 10 7 10 6 10 6 10 6 10 6 10 6 10 6 9 6 9 6 10 5 10 6 10 6 10 5 9 6 10 6 9 6 9 0 0 6 9 6 9 7 9 6 9 7 8 7 9 7 8 7 9 7 8 8 8 8 8 8 9 8 8 8 8 8 8 9 8 9 8 9 8 9 8 9 8 10 8 9 8 10 8 10 7 10 8 10 8 0 0 0 0 0 0 0 0 0 0]"
"1769326785924835,CSI_DATA,STATION,00:00:00:00:00:00,0,0,0,0,0,0,0,0,0,0,0,0,0,0,0,0,0,0,0,0,0,128,[84 -64 4 0 0 0 0 0 0 0 0 0 -7 -18 -6 -18 -6 -18 -5 -18 -5 -19 -4 -18 -4 -19 -3 -18 -3 -19 -3 -19 -2 -19 -2 -18 -2 -18 -2 -18 -1 -18 -1 -18 -1 -17 -1 -17 -1 -18 -1 -17 -1 -17 -1 -17 -1 -17 -2 -17 -1 -17 -2 -17 0 0 -2 -17 -2 -17 -2 -17 -2 -17 -3 -17 -3 -17 -3 -17 -4 -17 -3 -17 -4 -17 -4 -17 -4 -17 -4 -17 -4 -17 -4 -18 -5 -18 -6 -18 -6 -18 -5 -18 -6 -18 -6 -18 -6 -18 -6 -19 -7 -19 -6 -18 -6 -18 0 0 0 0 0 0 0 0 0 0]"
"1769326785931325,CSI_DATA,STATION,00:00:00:00:00:00,0,0,0,0,0,0,0,0,0,0,0,0,0,0,0,0,0,0,0,0,0,128,[84 -64 4 0 0 0 0 0 0 0 0 0 5 9 4 9 4 10 4 10 4 10 3 10 3 10 2 10 2 10 2 11 2 10 2 11 2 10 2 10 2 10 2 10 1 10 1 10 2 9 2 10 1 9 2 10 2 10 2 9 3 9 2 10 0 0 2 9 2 9 3 9 3 10 3 9 3 9 4 9 4 9 3 9 4 10 4 9 5 9 5 10 4 9 4 9 5 9 5 9 5 9 5 10 5 9 6 9 5 9 6 10 6 9 6 9 6 10 0 0 0 0 0 0 0 0 0 0]"
"1769326785935622,CSI_DATA,STATION,00:00:00:00:00:00,0,0,0,0,0,0,0,0,0,0,0,0,0,0,0,0,0,0,0,0,0,128,[84 -64 4 0 0 0 0 0 0 0 0 0 19 -3 20 -2 19 -1 20 0 20 0 20 0 19 1 19 1 19 1 19 2 19 2 19 2 19 2 19 3 18 4 18 4 18 3 17 3 18 4 18 4 17 4 18 4 17 3 17 3 18 4 17 2 0 0 17 2 17 3 18 2 17 2 18 2 18 2 18 2 18 0 18 1 17 0 18 0 18 0 19 0 19 0 19 0 20 -1 19 -1 19 -2 19 -2 19 -2 20 -2 20 -1 20 -2 20 -2 20 -2 21 -3 0 0 0 0 0 0 0 0 0 0]"
"1769326785942267,CSI_DATA,STATION,00:00:00:00:00:00,0,0,0,0,0,0,0,0,0,0,0,0,0,0,0,0,0,0,0,0,0,128,[84 -64 4 0 0 0 0 0 0 0 0 0 -10 -8 -10 -9 -9 -9 -9 -10 -9 -10 -9 -10 -8 -11 -8 -10 -7 -11 -7 -11 -7 -10 -7 -10 -7 -11 -7 -11 -6 -11 -6 -11 -6 -10 -6 -11 -6 -11 -6 -11 -6 -11 -6 -11 -6 -10 -6 -10 -6 -10 -6 -10 0 0 -6 -10 -7 -10 -7 -10 -7 -10 -7 -10 -7 -10 -7 -10 -7 -10 -7 -10 -7 -10 -8 -9 -9 -9 -8 -9 -8 -10 -8 -10 -8 -10 -9 -10 -9 -10 -8 -10 -8 -11 -9 -10 -9 -10 -9 -10 -10 -10 -10 -10 -10 -10 0 0 0 0 0 0 0 0 0 0]"
"1769326785946727,CSI_DATA,STATION,00:00:00:00:00:00,0,0,0,0,0,0,0,0,0,0,0,0,0,0,0,0,0,0,0,0,0,128,[84 -64 4 0 0 0 0 0 0 0 0 0 -10 -8 -11 -8 -10 -8 -11 -9 -9 -9 -9 -9 -9 -10 -8 -10 -9 -10 -9 -10 -8 -10 -8 -10 -8 -10 -8 -10 -8 -10 -8 -10 -8 -10 -7 -10 -8 -10 -7 -10 -8 -10 -8 -10 -7 -9 -8 -10 -8 -10 -8 -10 0 0 -8 -9 -8 -9 -8 -9 -8 -9 -9 -9 -9 -9 -9 -9 -9 -9 -9 -9 -9 -9 -9 -9 -10 -9 -10 -8 -10 -9 -10 -9 -10 -8 -10 -8 -11 -8 -11 -8 -11 -8 -11 -8 -11 -8 -11 -8 -11 -8 -11 -9 -11 -9 0 0 0 0 0 0 0 0 0 0]"
"1769326785951165,CSI_DATA,STATION,00:00:00:00:00:00,0,0,0,0,0,0,0,0,0,0,0,0,0,0,0,0,0,0,0,0,0,128,[84 -64 4 0 0 0 0 0 0 0 0 0 10 -7 10 -7 10 -6 11 -6 11 -6 10 -6 10 -5 11 -5 11 -5 12 -5 11 -4 11 -5 11 -4 11 -4 11 -3 11 -4 10 -3 11 -4 11 -4 11 -3 11 -3 11 -3 10 -3 11 -4 11 -3 10 -4 0 0 10 -4 11 -4 10 -4 10 -5 11 -4 11 -4 11 -5 10 -5 10 -5 10 -5 10 -6 10 -6 10 -6 11 -6 11 -7 10 -7 11 -7 11 -7 11 -7 10 -7 11 -7 11 -7 12 -7 11 -8 11 -8 11 -8 0 0 0 0 0 0 0 0 0 0]"
"1769326785957866,CSI_DATA,STATION,00:00:00:00:00:00,0,0,0,0,0,0,0,0,0,0,0,0,0,0,0,0,0,0,0,0,0,128,[84 -64 4 0 0 0 0 0 0 0 0 0 7 -10 7 -10 8 -9 8 -10 8 -9 9 -9 9 -9 9 -8 9 -9 9 -8 10 -8 10 -8 9 -8 10 -7 10 -7 9 -7 9 -7 8 -8 10 -7 9 -7 9 -7 9 -6 8 -7 9 -8 9 -7 9 -8 0 0 8 -8 8 -7 8 -8 8 -8 9 -8 9 -8 8 -8 8 -9 8 -9 8 -9 7 -9 8 -9 8 -9 8 -9 7 -9 8 -10 8 -10 8 -11 8 -10 8 -11 8 -10 8 -10 8 -10 8 -11 8 -11 8 -11 0 0 0 0 0 0 0 0 0 0]"
"1769326785966676,CSI_DATA,STATION,00:00:00:00:00:00,0,0,0,0,0,0,0,0,0,0,0,0,0,0,0,0,0,0,0,0,0,128,[84 -64 4 0 0 0 0 0 0 0 0 0 11 1 12 1 12 2 12 3 12 2 11 4 11 4 11 4 10 4 11 4 11 4 10 4 11 4 10 4 11 5 10 4 10 4 10 4 10 5 10 5 10 5 10 5 9 4 10 4 10 5 10 4 0 0 9 4 10 4 10 4 9 3 10 4 10 4 10 3 11 3 11 3 10 3 11 3 11 3 11 3 11 3 11 3 11 3 12 2 12 2 12 2 12 2 12 2 12 3 12 2 12 2 12 2 12 2 0 0 0 0 0 0 0 0 0 0]"
"1769326785975285,CSI_DATA,STATION,00:00:00:00:00:00,0,0,0,0,0,0,0,0,0,0,0,0,0,0,0,0,0,0,0,0,0,128,[84 -64 4 0 0 0 0 0 0 0 0 0 10 4 10 5 11 5 10 5 11 6 10 5 10 6 10 6 9 7 10 7 9 7 9 7 9 7 9 7 9 8 9 7 8 7 8 7 8 7 9 8 8 8 9 7 8 8 8 6 9 7 8 7 0 0 8 7 9 7 8 6 9 6 9 6 9 6 9 6 9 6 9 6 9 6 10 6 10 6 10 6 10 6 10 6 10 5 11 6 10 6 11 5 11 6 11 6 11 6 11 6 11 6 11 6 11 6 0 0 0 0 0 0 0 0 0 0]"
"1769326785979531,CSI_DATA,STATION,00:00:00:00:00:00,0,0,0,0,0,0,0,0,0,0,0,0,0,0,0,0,0,0,0,0,0,128,[84 -64 4 0 0 0 0 0 0 0 0 0 -6 9 -7 9 -7 8 -8 9 -7 7 -8 8 -8 8 -9 7 -8 7 -9 7 -9 7 -9 7 -9 7 -9 6 -9 6 -9 6 -9 7 -9 6 -9 6 -9 6 -9 6 -9 6 -9 6 -9 6 -8 6 -9 6 0 0 -9 6 -8 6 -8 6 -8 6 -8 7 -8 7 -8 6 -8 7 -8 7 -8 8 -9 8 -8 7 -8 8 -8 8 -8 8 -8 8 -8 8 -8 9 -8 9 -8 9 -8 9 -8 9 -8 8 -8 9 -8 9 -9 9 0 0 0 0 0 0 0 0 0 0]"
"1769326785983783,CSI_DATA,STATION,00:00:00:00:00:00,0,0,0,0,0,0,0,0,0,0,0,0,0,0,0,0,0,0,0,0,0,128,[84 -64 4 0 0 0 0 0 0 0 0 0 8 8 8 9 7 9 7 10 6 9 7 10 7 10 6 10 6 10 6 10 5 10 6 10 5 10 5 10 4 10 5 10 4 10 3 10 5 11 5 10 5 10 5 10 4 9 4 9 5 9 5 9 0 0 4 9 5 9 5 9 5 9 6 10 6 9 6 9 6 9 6 9 6 9 6 9 7 9 7 9 7 9 7 9 7 9 7 9 7 9 8 9 8 9 8 9 8 9 8 9 8 10 8 9 8 10 0 0 0 0 0 0 0 0 0 0]"
"1769326785990143,CSI_DATA,STATION,00:00:00:00:00:00,0,0,0,0,0,0,0,0,0,0,0,0,0,0,0,0,0,0,0,0,0,128,[84 -64 4 0 0 0 0 0 0 0 0 0 10 6 9 6 10 7 10 7 10 7 9 7 9 7 9 8 8 7 9 8 8 7 8 8 8 8 8 8 8 8 8 8 8 8 7 8 7 8 8 8 7 8 7 8 7 7 7 7 7 8 7 7 0 0 7 7 8 8 8 7 8 7 8 7 8 7 9 7 9 7 9 7 9 6 9 6 9 7 9 7 9 6 10 7 10 6 10 6 10 6 10 6 10 7 11 6 11 6 11 6 11 6 11 6 11 6 0 0 0 0 0 0 0 0 0 0]"
"1769326785994392,CSI_DATA,STATION,00:00:00:00:00:00,0,0,0,0,0,0,0,0,0,0,0,0,0,0,0,0,0,0,0,0,0,128,[84 -64 4 0 0 0 0 0 0 0 0 0 6 -11 6 -11 6 -11 7 -11 7 -10 8 -10 8 -10 8 -10 8 -9 8 -9 8 -9 7 -9 8 -9 8 -9 9 -9 8 -9 8 -9 8 -9 8 -8 8 -8 8 -8 8 -8 8 -8 8 -9 8 -8 7 -8 0 0 8 -9 7 -8 8 -8 7 -9 7 -9 7 -9 7 -9 7 -10 7 -9 7 -10 6 -10 7 -10 6 -10 7 -10 7 -11 7 -11 6 -11 6 -12 6 -11 6 -12 7 -12 7 -11 6 -12 6 -11 7 -12 6 -12 0 0 0 0 0 0 0 0 0 0]"
"1769326786000762,CSI_DATA,STATION,00:00:00:00:00:00,0,0,0,0,0,0,0,0,0,0,0,0,0,0,0,0,0,0,0,0,0,128,[84 -64 4 0 0 0 0 0 0 0 0 0 -8 9 -9 9 -9 8 -10 9 -10 8 -10 8 -9 8 -10 8 -10 8 -11 7 -10 7 -10 7 -10 7 -10 6 -10 6 -10 6 -10 6 -10 6 -10 6 -10 6 -10 6 -10 6 -9 7 -9 6 -10 6 -9 7 0 0 -9 7 -10 7 -9 7 -9 7 -9 7 -9 7 -9 8 -9 8 -9 8 -9 8 -9 9 -9 8 -8 9 -8 9 -9 9 -8 9 -8 9 -8 10 -8 10 -8 10 -8 10 -8 11 -8 10 -8 10 -8 11 -9 11 0 0 0 0 0 0 0 0 0 0]"
"1769326786004996,CSI_DATA,STATION,00:00:00:00:00:00,0,0,0,0,0,0,0,0,0,0,0,0,0,0,0,0,0,0,0,0,0,128,[84 -64 4 0 0 0 0 0 0 0 0 0 -2 12 -3 12 -3 11 -4 12 -4 11 -5 11 -4 12 -5 12 -5 11 -6 11 -5 11 -6 10 -6 11 -6 10 -6 10 -6 10 -6 10 -6 11 -6 10 -7 10 -6 9 -5 9 -6 10 -6 10 -5 10 -5 10 0 0 -6 10 -5 10 -5 10 -5 10 -5 10 -5 10 -4 10 -5 10 -4 10 -5 11 -4 11 -5 11 -5 11 -4 12 -4 12 -4 11 -4 12 -4 11 -4 13 -3 12 -4 12 -3 12 -4 12 -3 13 -4 12 -4 13 0 0 0 0 0 0 0 0 0 0]"
"1769326786011435,CSI_DATA,STATION,00:00:00:00:00:00,0,0,0,0,0,0,0,0,0,0,0,0,0,0,0,0,0,0,0,0,0,128,[84 -64 4 0 0 0 0 0 0 0 0 0 7 -8 7 -9 8 -8 8 -8 8 -8 8 -8 8 -7 8 -7 9 -7 9 -6 9 -6 9 -7 9 -6 9 -6 9 -6 9 -6 8 -6 8 -6 9 -6 9 -6 8 -6 8 -6 8 -6 8 -6 9 -6 8 -6 0 0 8 -7 8 -6 8 -7 8 -7 8 -7 8 -7 8 -7 8 -7 8 -8 7 -8 7 -8 8 -8 8 -8 8 -8 7 -8 8 -9 7 -9 7 -9 8 -9 7 -9 8 -10 8 -9 8 -9 7 -10 7 -10 7 -10 0 0 0 0 0 0 0 0 0 0]"
"1769326786015896,CSI_DATA,STATION,00:00:00:00:00:00,0,0,0,0,0,0,0,0,0,0,0,0,0,0,0,0,0,0,0,0,0,128,[84 -64 4 0 0 0 0 0 0 0 0 0 -3 17 -4 17 -5 17 -5 17 -6 16 -6 17 -7 16 -7 16 -7 15 -7 15 -7 16 -8 15 -8 15 -8 15 -8 15 -9 15 -8 14 -9 14 -9 14 -9 14 -9 14 -8 13 -8 13 -8 13 -8 14 -8 14 0 0 -8 14 -7 14 -7 15 -7 14 -7 14 -7 14 -7 15 -6 14 -7 15 -6 15 -6 16 -6 15 -6 15 -6 16 -6 16 -5 17 -5 16 -5 16 -5 17 -5 16 -5 17 -5 17 -5 17 -5 17 -5 18 -4 18 0 0 0 0 0 0 0 0 0 0]"
"1769326786020364,CSI_DATA,STATION,00:00:00:00:00:00,0,0,0,0,0,0,0,0,0,0,0,0,0,0,0,0,0,0,0,0,0,128,[84 -64 4 0 0 0 0 0 0 0 0 0 -2 12 -3 12 -3 12 -4 11 -4 12 -4 11 -4 11 -5 12 -4 11 -6 11 -5 10 -6 10 -6 11 -6 10 -5 10 -5 11 -5 10 -6 11 -5 10 -6 10 -6 9 -5 10 -6 10 -6 10 -6 9 -5 10 0 0 -5 10 -5 10 -5 10 -4 11 -5 10 -5 10 -4 10 -4 11 -4 11 -4 11 -4 11 -4 11 -4 11 -4 11 -4 11 -3 12 -3 12 -3 12 -2 12 -3 12 -3 12 -2 12 -3 12 -3 12 -3 13 -3 13 0 0 0 0 0 0 0 0 0 0]"
"1769326786027060,CSI_DATA,STATION,00:00:00:00:00:00,0,0,0,0,0,0,0,0,0,0,0,0,0,0,0,0,0,0,0,0,0,128,[84 -64 4 0 0 0 0 0 0 0 0 0 -2 17 -3 17 -4 17 -4 17 -4 17 -5 16 -6 17 -6 16 -6 16 -7 16 -7 16 -7 16 -7 15 -7 15 -7 15 -8 15 -7 14 -7 15 -7 14 -7 15 -8 14 -7 14 -7 14 -7 14 -7 14 -6 14 0 0 -6 14 -6 15 -6 14 -6 15 -6 15 -6 15 -6 15 -5 15 -5 15 -5 15 -5 16 -4 15 -4 16 -4 16 -4 17 -3 17 -3 17 -3 16 -3 17 -3 17 -3 18 -3 17 -3 18 -2 18 -3 18 -2 18 0 0 0 0 0 0 0 0 0 0]"
"1769326786031520,CSI_DATA,STATION,00:00:00:00:00:00,0,0,0,0,0,0,0,0,0,0,0,0,0,0,0,0,0,0,0,0,0,128,[84 -64 4 0 0 0 0 0 0 0 0 0 -17 6 -17 5 -17 4 -19 4 -18 3 -18 4 -18 3 -18 2 -18 2 -18 2 -18 2 -18 1 -17 1 -17 1 -18 0 -17 1 -17 1 -17 1 -18 0 -17 0 -17 0 -16 0 -16 1 -16 1 -16 0 -17 1 0 0 -16 2 -16 1 -17 2 -16 2 -17 2 -17 2 -16 2 -17 3 -16 3 -16 4 -17 4 -16 4 -16 4 -17 4 -16 5 -17 6 -17 5 -17 6 -17 6 -17 6 -17 6 -17 6 -17 6 -18 7 -17 7 -17 7 0 0 0 0 0 0 0 0 0 0]"
"1769326786036047,CSI_DATA,STATION,00:00:00:00:00:00,0,0,0,0,0,0,0,0,0,0,0,0,0,0,0,0,0,0,0,0,0,128,[84 -64 4 0 0 0 0 0 0 0 0 0 9 -8 9 -7 9 -8 10 -7 10 -6 11 -6 11 -6 11 -6 10 -5 11 -5 11 -6 10 -5 11 -5 11 -4 11 -4 11 -4 11 -4 10 -5 11 -3 11 -3 10 -4 10 -4 10 -4 10 -4 10 -4 10 -5 0 0 10 -5 10 -4 10 -5 10 -5 10 -5 10 -5 11 -5 10 -6 10 -5 10 -6 9 -6 10 -6 10 -6 10 -6 11 -7 10 -7 10 -7 10 -8 10 -7 10 -7 10 -8 10 -8 11 -7 11 -8 11 -8 10 -8 0 0 0 0 0 0 0 0 0 0]"
"1769326786040509,CSI_DATA,STATION,00:00:00:00:00:00,0,0,0,0,0,0,0,0,0,0,0,0,0,0,0,0,0,0,0,0,0,128,[84 -64 4 0 0 0 0 0 0 0 0 0 5 -11 5 -12 5 -11 5 -11 6 -11 6 -11 7 -10 7 -11 7 -10 7 -10 8 -10 8 -10 8 -10 7 -9 8 -9 8 -9 7 -10 7 -10 7 -9 8 -9 7 -8 8 -9 7 -9 7 -9 7 -9 8 -9 0 0 7 -9 7 -9 7 -9 7 -9 6 -10 7 -9 7 -10 6 -10 7 -10 6 -10 6 -10 6 -11 6 -10 6 -11 6 -11 6 -11 6 -12 6 -12 6 -12 6 -12 6 -12 6 -11 6 -11 6 -12 6 -12 6 -12 0 0 0 0 0 0 0 0 0 0]"
"1769326786047222,CSI_DATA,STATION,00:00:00:00:00:00,0,0,0,0,0,0,0,0,0,0,0,0,0,0,0,0,0,0,0,0,0,128,[84 -64 4 0 0 0 0 0 0 0 0 0 -15 -10 -15 -10 -15 -12 -15 -12 -15 -13 -13 -12 -14 -12 -13 -13 -13 -13 -13 -14 -12 -13 -12 -14 -12 -15 -11 -14 -11 -14 -12 -14 -11 -13 -11 -14 -11 -13 -11 -14 -11 -13 -11 -13 -10 -13 -11 -14 -11 -13 -10 -13 0 0 -11 -13 -12 -13 -11 -12 -12 -12 -12 -12 -12 -12 -13 -12 -13 -12 -13 -12 -13 -12 -13 -12 -13 -12 -13 -12 -13 -11 -14 -12 -14 -11 -15 -12 -14 -11 -14 -11 -15 -11 -15 -11 -16 -11 -16 -12 -16 -12 -16 -11 -16 -10 0 0 0 0 0 0 0 0 0 0]"
"1769326786051637,CSI_DATA,STATION,00:00:00:00:00:00,0,0,0,0,0,0,0,0,0,0,0,0,0,0,0,0,0,0,0,0,0,128,[84 -64 4 0 0 0 0 0 0 0 0 0 -15 9 -16 10 -16 9 -17 8 -17 7 -17 8 -17 7 -17 7 -17 6 -17 6 -17 6 -17 6 -17 5 -17 5 -17 4 -17 5 -17 5 -16 4 -17 5 -17 4 -17 4 -16 4 -16 4 -17 5 -16 4 -16 5 0 0 -16 5 -15 5 -16 5 -16 6 -16 6 -16 5 -16 6 -16 6 -16 6 -15 7 -16 8 -15 7 -15 7 -15 7 -16 8 -16 8 -16 8 -16 9 -16 9 -16 9 -16 10 -16 9 -16 9 -16 10 -16 10 -16 10 0 0 0 0 0 0 0 0 0 0]"
"1769326786056101,CSI_DATA,STATION,00:00:00:00:00:00,0,0,0,0,0,0,0,0,0,0,0,0,0,0,0,0,0,0,0,0,0,128,[84 -64 4 0 0 0 0 0 0 0 0 0 -8 9 -8 9 -9 9 -9 9 -10 8 -10 8 -10 8 -10 8 -10 8 -11 7 -10 7 -10 7 -10 6 -11 6 -11 6 -10 6 -10 6 -10 6 -11 6 -10 6 -10 6 -10 6 -10 6 -10 6 -10 6 -10 6 0 0 -10 6 -10 7 -9 7 -10 7 -10 7 -10 7 -10 7 -9 7 -9 7 -10 8 -9 8 -9 8 -10 8 -9 8 -9 9 -9 9 -9 9 -9 9 -9 9 -9 9 -9 10 -9 9 -10 10 -9 10 -9 10 -9 10 0 0 0 0 0 0 0 0 0 0]"
