"1769326794908898,CSI_DATA,STATION,00:00:00:00:00:00,0,0,0,0,0,0,0,0,0,0,0,0,0,0,0,0,0,0,0,0,0,128,[84 -64 4 0 0 0 0 0 0 0 0 0 -1 10 -2 10 -2 10 -3 10 -3 10 -3 10 -4 10 -3 10 -5 9 -4 9 -4 10 -4 10 -4 9 -4 10 -5 10 -5 9 -5 10 -5 10 -5 9 -6 9 -5 9 -5 9 -5 10 -5 9 -4 9 -5 10 0 0 -5 9 -5 9 -4 10 -4 9 -4 10 -5 10 -4 10 -4 10 -4 10 -4 11 -4 11 -4 11 -4 11 -4 11 -4 12 -4 12 -4 11 -4 12 -4 12 -4 12 -4 12 -4 12 -4 12 -3 12 -4 13 -4 13 0 0 0 0 0 0 0 0 0 0]"
"1769326794913317,CSI_DATA,STATION,00:00:00:00:00:00,0,0,0,0,0,0,0,0,0,0,0,0,0,0,0,0,0,0,0,0,0,128,[84 -64 4 0 0 0 0 0 0 0 0 0 9 -4 9 -3 9 -3 10 -3 10 -3 10 -2 10 -2 10 -2 10 -2 10 -1 10 -2 10 -1 10 -1 10 -1 10 -1 10 -1 11 -1 10 -1 11 0 10 -1 10 0 10 0 10 -1 10 0 10 -1 10 -1 0 0 10 -1 10 -1 11 -1 10 -2 11 -1 11 -1 11 -2 11 -1 10 -2 11 -2 11 -3 11 -2 11 -2 12 -2 11 -2 12 -3 12 -3 12 -3 12 -3 12 -3 12 -3 12 -2 12 -3 13 -3 12 -4 13 -3 0 0 0 0 0 0 0 0 0 0]"
"1769326794919709,CSI_DATA,STATION,00:00:00:00:00:00,0,0,0,0,0,0,0,0,0,0,0,0,0,0,0,0,0,0,0,0,0,128,[84 -64 4 0 0 0 0 0 0 0 0 0 3 9 3 9 3 9 2 9 2 10 2 10 2 10 1 10 1 10 1 10 1 10 1 10 1 10 1 10 0 10 0 10 0 11 0 10 0 10 0 10 0 10 0 10 0 10 0 10 1 10 0 11 0 0 0 10 0 10 1 10 1 10 1 11 1 10 1 11 2 11 1 11 1 11 2 11 2 11 2 11 2 11 2 11 2 11 2 11 3 12 2 13 2 12 2 12 2 12 3 12 2 12 3 13 3 13 0 0 0 0 0 0 0 0 0 0]"
"1769326794923984,CSI_DATA,STATION,00:00:00:00:00:00,0,0,0,0,0,0,0,0,0,0,0,0,0,0,0,0,0,0,0,0,0,128,[84 -64 4 0 0 0 0 0 0 0 0 0 -6 -9 -6 -9 -6 -9 -6 -9 -6 -9 -6 -10 -5 -9 -5 -10 -5 -11 -5 -10 -5 -10 -5 -11 -5 -10 -5 -11 -5 -11 -5 -10 -4 -11 -4 -11 -4 -11 -5 -11 -4 -10 -5 -10 -4 -10 -4 -11 -5 -10 -5 -11 0 0 -5 -10 -5 -10 -5 -11 -5 -10 -5 -10 -6 -11 -5 -11 -6 -11 -6 -10 -6 -10 -6 -11 -7 -11 -7 -10 -7 -11 -7 -11 -7 -11 -7 -11 -8 -11 -8 -11 -8 -11 -8 -11 -8 -11 -8 -11 -8 -11 -8 -11 -8 -12 0 0 0 0 0 0 0 0 0 0]"
"1769326794930347,CSI_DATA,STATION,00:00:00:00:00:00,0,0,0,0,0,0,0,0,0,0,0,0,0,0,0,0,0,0,0,0,0,128,[84 -64 4 0 0 0 0 0 0 0 0 0 -6 9 -6 8 -6 8 -6 9 -7 8 -7 8 -7 8 -7 8 -8 8 -8 7 -7 8 -8 7 -8 8 -8 7 -8 7 -8 7 -8 7 -8 7 -8 7 -8 7 -8 7 -8 7 -8 7 -8 7 -8 7 -8 7 0 0 -8 8 -7 7 -7 8 -8 8 -7 8 -7 8 -7 9 -7 9 -7 9 -7 9 -7 9 -7 9 -7 9 -7 10 -7 10 -7 10 -7 10 -7 10 -7 11 -7 11 -7 10 -7 11 -7 11 -7 11 -7 11 -7 11 0 0 0 0 0 0 0 0 0 0]"
"1769326794934583,CSI_DATA,STATION,00:00:00:00:00:00,0,0,0,0,0,0,0,0,0,0,0,0,0,0,0,0,0,0,0,0,0,128,[84 -64 4 0 0 0 0 0 0 0 0 0 6 -8 6 -8 6 -7 6 -8 7 -7 7 -8 8 -8 8 -7 8 -7 8 -7 8 -7 8 -7 8 -7 8 -6 9 -6 8 -6 9 -7 8 -7 8 -7 9 -6 8 -6 8 -6 8 -6 8 -6 8 -7 8 -6 0 0 8 -7 8 -7 9 -7 8 -7 8 -8 8 -8 8 -7 8 -8 8 -8 8 -9 8 -8 8 -8 9 -9 9 -9 8 -9 8 -10 8 -9 9 -10 9 -10 8 -10 8 -10 9 -9 8 -10 9 -10 8 -10 9 -10 0 0 0 0 0 0 0 0 0 0]"
"1769326794940951,CSI_DATA,STATION,00:00:00:00:00:00,0,0,0,0,0,0,0,0,0,0,0,0,0,0,0,0,0,0,0,0,0,128,[84 -64 4 0 0 0 0 0 0 0 0 0 -7 -8 -7 -8 -7 -9 -6 -9 -7 -10 -6 -9 -6 -9 -5 -10 -5 -10 -6 -10 -5 -10 -5 -10 -5 -10 -5 -10 -5 -10 -5 -11 -4 -10 -5 -10 -5 -10 -5 -11 -5 -10 -5 -10 -4 -11 -5 -10 -5 -10 -5 -10 0 0 -5 -10 -6 -10 -6 -10 -6 -11 -6 -10 -6 -10 -6 -10 -6 -10 -6 -10 -7 -11 -7 -11 -7 -10 -7 -10 -7 -10 -8 -11 -7 -10 -8 -11 -8 -10 -8 -11 -8 -11 -8 -11 -8 -11 -9 -12 -9 -11 -8 -11 -8 -11 0 0 0 0 0 0 0 0 0 0]"
"1769326794945186,CSI_DATA,STATION,00:00:00:00:00:00,0,0,0,0,0,0,0,0,0,0,0,0,0,0,0,0,0,0,0,0,0,128,[84 -64 4 0 0 0 0 0 0 0 0 0 1 -12 2 -11 2 -11 2 -11 2 -12 3 -11 3 -12 3 -11 4 -11 4 -11 4 -12 4 -11 4 -11 4 -11 4 -11 4 -11 4 -11 4 -12 5 -11 4 -11 5 -11 4 -11 4 -11 4 -11 4 -11 4 -11 0 0 4 -11 4 -11 3 -11 3 -12 3 -12 3 -11 3 -12 3 -12 3 -12 3 -13 3 -13 2 -13 3 -12 3 -13 2 -14 2 -13 2 -13 2 -14 2 -14 2 -14 2 -14 1 -14 2 -14 1 -15 1 -15 2 -14 0 0 0 0 0 0 0 0 0 0]"
"1769326794951531,CSI_DATA,STATION,00:00:00:00:00:00,0,0,0,0,0,0,0,0,0,0,0,0,0,0,0,0,0,0,0,0,0,128,[84 -64 4 0 0 0 0 0 0 0 0 0 9 -1 10 -1 10 0 10 0 10 0 10 1 10 1 10 1 9 1 10 2 10 1 10 1 10 2 10 2 10 2 9 2 10 2 10 2 10 2 10 3 10 2 10 3 10 2 10 2 10 2 10 1 0 0 10 2 10 2 10 2 10 1 11 2 11 1 11 2 11 2 11 1 10 1 11 0 11 1 12 1 12 1 11 1 11 0 12 0 12 0 13 0 12 0 12 0 12 0 12 0 13 0 13 0 13 0 0 0 0 0 0 0 0 0 0 0]"
"1769326794962284,CSI_DATA,STATION,00:00:00:00:00:00,0,0,0,0,0,0,0,0,0,0,0,0,0,0,0,0,0,0,0,0,0,128,[84 -64 4 0 0 0 0 0 0 0 0 0 -2 11 -1 11 -2 11 -2 11 -2 11 -2 11 -3 11 -3 11 -3 11 -3 11 -4 12 -4 11 -4 11 -4 11 -4 11 -4 10 -5 11 -4 10 -5 11 -4 11 -4 11 -4 11 -4 11 -4 11 -4 10 -4 11 0 0 -3 11 -3 11 -3 11 -3 11 -3 12 -3 11 -2 11 -2 11 -3 12 -2 12 -2 12 -3 12 -2 12 -2 12 -2 12 -2 13 -2 13 -2 13 -1 13 -1 13 -1 13 -1 13 -1 13 -1 13 -1 14 -2 13 0 0 0 0 0 0 0 0 0 0]"
"1769326794968775,CSI_DATA,STATION,00:00:00:00:00:00,0,0,0,0,0,0,0,0,0,0,0,0,0,0,0,0,0,0,0,0,0,128,[84 -64 4 0 0 0 0 0 0 0 0 0 -13 -7 -13 -7 -14 -8 -13 -8 -13 -8 -12 -9 -12 -9 -12 -8 -12 -10 -12 -10 -13 -9 -12 -10 -12 -10 -12 -10 -11 -11 -11 -10 -12 -10 -12 -10 -12 -11 -11 -10 -12 -11 -12 -11 -11 -10 -11 -11 -12 -10 -12 -10 0 0 -12 -9 -12 -10 -13 -10 -11 -9 -13 -10 -13 -10 -13 -10 -13 -10 -13 -10 -13 -9 -13 -8 -14 -9 -14 -9 -15 -10 -14 -8 -15 -9 -15 -9 -15 -8 -15 -8 -15 -9 -15 -9 -16 -9 -16 -9 -17 -9 -16 -9 -17 -8 0 0 0 0 0 0 0 0 0 0]"
"1769326794973129,CSI_DATA,STATION,00:00:00:00:00:00,0,0,0,0,0,0,0,0,0,0,0,0,0,0,0,0,0,0,0,0,0,128,[84 -64 4 0 0 0 0 0 0 0 0 0 -12 1 -12 1 -13 0 -12 0 -12 0 -12 -1 -12 -1 -12 -1 -12 -1 -13 -2 -12 -2 -12 -2 -13 -2 -13 -3 -12 -3 -12 -3 -12 -3 -13 -3 -12 -3 -12 -3 -12 -3 -12 -3 -12 -3 -13 -3 -12 -3 -12 -2 0 0 -12 -3 -12 -3 -12 -2 -12 -2 -13 -2 -12 -3 -12 -2 -13 -2 -13 -2 -13 -2 -13 -1 -13 -2 -13 -2 -13 -2 -14 -2 -13 -1 -14 -2 -14 -1 -14 -1 -14 -1 -14 -1 -15 -1 -15 -1 -15 -1 -14 -1 -14 -1 0 0 0 0 0 0 0 0 0 0]"
"1769326794979607,CSI_DATA,STATION,00:00:00:00:00:00,0,0,0,0,0,0,0,0,0,0,0,0,0,0,0,0,0,0,0,0,0,128,[84 -64 4 0 0 0 0 0 0 0 0 0 4 -9 5 -9 5 -9 5 -9 5 -9 6 -10 6 -9 6 -9 6 -9 7 -8 7 -9 7 -8 7 -8 7 -8 8 -8 7 -8 7 -8 7 -8 7 -8 7 -8 7 -8 7 -8 7 -8 7 -8 7 -8 8 -8 0 0 7 -8 7 -8 7 -8 7 -9 7 -9 7 -9 7 -9 7 -9 6 -9 7 -10 6 -10 7 -9 7 -10 7 -10 7 -10 6 -11 6 -11 7 -11 6 -11 7 -11 7 -11 7 -11 7 -11 7 -12 7 -12 7 -11 0 0 0 0 0 0 0 0 0 0]"
"1769326794986151,CSI_DATA,STATION,00:00:00:00:00:00,0,0,0,0,0,0,0,0,0,0,0,0,0,0,0,0,0,0,0,0,0,128,[84 -64 4 0 0 0 0 0 0 0 0 0 -11 1 -12 0 -12 0 -12 0 -12 -1 -12 -1 -12 -2 -12 -2 -12 -2 -12 -3 -12 -2 -12 -2 -13 -2 -12 -2 -12 -3 -12 -3 -12 -3 -12 -3 -12 -3 -12 -3 -12 -4 -12 -4 -11 -3 -12 -3 -12 -3 -12 -3 0 0 -12 -3 -12 -3 -12 -3 -12 -2 -13 -3 -12 -3 -12 -2 -13 -3 -12 -3 -13 -2 -13 -2 -14 -1 -13 -2 -14 -2 -13 -2 -13 -1 -14 -2 -14 -2 -14 -1 -14 -1 -14 -1 -15 -2 -15 -2 -15 -2 -15 -1 -14 -1 0 0 0 0 0 0 0 0 0 0]"
"1769326794990478,CSI_DATA,STATION,00:00:00:00:00:00,0,0,0,0,0,0,0,0,0,0,0,0,0,0,0,0,0,0,0,0,0,128,[84 -64 4 0 0 0 0 0 0 0 0 0 7 6 7 7 6 7 6 7 6 8 6 7 6 8 5 8 5 8 6 9 5 8 5 8 5 9 5 9 5 9 5 9 4 9 4 8 5 9 4 9 4 9 5 9 4 9 5 9 5 9 5 9 0 0 5 9 5 9 5 9 5 9 6 9 5 9 5 9 6 9 6 8 5 9 6 8 6 9 6 9 7 9 6 9 7 10 7 9 7 9 7 9 7 9 8 10 8 10 8 10 8 10 8 10 8 10 0 0 0 0 0 0 0 0 0 0]"
"1769326794996918,CSI_DATA,STATION,00:00:00:00:00:00,0,0,0,0,0,0,0,0,0,0,0,0,0,0,0,0,0,0,0,0,0,128,[84 -64 4 0 0 0 0 0 0 0 0 0 -7 10 -8 10 -8 9 -8 10 -9 9 -9 10 -9 10 -10 9 -9 9 -10 8 -10 9 -10 8 -10 8 -10 8 -10 8 -11 8 -10 8 -10 8 -11 8 -10 8 -10 7 -10 7 -10 8 -10 7 -10 7 -10 8 0 0 -10 8 -10 8 -10 8 -10 8 -9 9 -10 8 -10 9 -10 9 -9 10 -10 9 -10 10 -10 10 -10 10 -10 10 -10 10 -10 11 -10 11 -10 11 -10 11 -10 11 -10 11 -10 12 -10 11 -10 12 -10 12 -10 12 0 0 0 0 0 0 0 0 0 0]"
"1769326795001262,CSI_DATA,STATION,00:00:00:00:00:00,0,0,0,0,0,0,0,0,0,0,0,0,0,0,0,0,0,0,0,0,0,128,[84 -64 4 0 0 0 0 0 0 0 0 0 -11 4 -11 3 -12 3 -12 3 -11 3 -12 2 -11 2 -12 2 -12 1 -12 1 -12 2 -11 1 -12 1 -13 1 -12 0 -12 1 -12 0 -12 0 -12 0 -12 0 -12 0 -12 0 -12 1 -12 1 -12 1 -12 1 0 0 -12 1 -12 0 -12 1 -11 1 -13 1 -12 1 -12 1 -13 1 -12 1 -13 2 -13 2 -13 1 -13 2 -13 2 -13 2 -13 2 -13 2 -13 2 -14 2 -14 2 -14 2 -14 2 -14 2 -14 3 -14 3 -14 3 0 0 0 0 0 0 0 0 0 0]"
"1769326795007864,CSI_DATA,STATION,00:00:00:00:00:00,0,0,0,0,0,0,0,0,0,0,0,0,0,0,0,0,0,0,0,0,0,128,[84 -64 4 0 0 0 0 0 0 0 0 0 -5 -9 -5 -10 -5 -10 -4 -9 -4 -10 -4 -11 -3 -10 -3 -11 -4 -11 -3 -11 -2 -11 -3 -11 -2 -11 -2 -11 -2 -11 -2 -11 -2 -11 -2 -11 -2 -11 -2 -12 -2 -11 -2 -11 -2 -11 -2 -11 -3 -10 -2 -11 0 0 -2 -11 -3 -11 -3 -11 -3 -11 -3 -12 -3 -12 -3 -12 -3 -12 -3 -11 -3 -12 -3 -12 -4 -12 -4 -12 -4 -12 -4 -12 -4 -12 -4 -13 -5 -13 -4 -13 -4 -13 -4 -13 -5 -12 -5 -13 -5 -13 -5 -13 -5 -13 0 0 0 0 0 0 0 0 0 0]"
"1769326795012247,CSI_DATA,STATION,00:00:00:00:00:00,0,0,0,0,0,0,0,0,0,0,0,0,0,0,0,0,0,0,0,0,0,128,[84 -64 4 0 0 0 0 0 0 0 0 0 -8 -8 -9 -9 -8 -8 -8 -10 -8 -10 -8 -10 -7 -10 -7 -10 -7 -11 -7 -10 -7 -10 -7 -10 -7 -10 -7 -10 -7 -11 -7 -10 -6 -11 -6 -10 -6 -11 -6 -10 -7 -11 -6 -11 -6 -10 -6 -11 -7 -10 -7 -10 0 0 -7 -10 -7 -10 -7 -10 -7 -10 -8 -10 -8 -10 -8 -10 -8 -10 -8 -10 -8 -10 -9 -10 -9 -10 -9 -10 -9 -10 -9 -10 -10 -10 -10 -10 -10 -10 -10 -10 -9 -10 -10 -10 -10 -10 -11 -10 -11 -10 -11 -10 -11 -11 0 0 0 0 0 0 0 0 0 0]"
"1769326795018621,CSI_DATA,STATION,00:00:00:00:00:00,0,0,0,0,0,0,0,0,0,0,0,0,0,0,0,0,0,0,0,0,0,128,[84 -64 4 0 0 0 0 0 0 0 0 0 5 -11 5 -11 5 -10 5 -10 5 -10 6 -10 6 -10 6 -10 6 -10 7 -10 6 -10 7 -10 7 -9 7 -10 8 -9 7 -9 7 -9 6 -9 7 -9 7 -9 7 -9 7 -9 7 -10 7 -9 7 -9 7 -10 0 0 7 -10 7 -9 6 -10 7 -10 7 -10 7 -10 6 -10 7 -11 6 -11 6 -11 6 -11 6 -11 7 -11 6 -11 6 -12 6 -12 6 -12 6 -13 6 -12 6 -13 6 -12 6 -12 6 -13 6 -13 6 -13 6 -13 0 0 0 0 0 0 0 0 0 0]"
"1769326795022868,CSI_DATA,STATION,00:00:00:00:00:00,0,0,0,0,0,0,0,0,0,0,0,0,0,0,0,0,0,0,0,0,0,128,[84 -64 4 0 0 0 0 0 0 0 0 0 -8 8 -9 7 -9 7 -9 7 -9 7 -10 7 -9 7 -10 6 -10 6 -10 6 -10 6 -10 6 -11 5 -11 5 -11 5 -11 6 -11 6 -11 5 -11 5 -11 5 -10 5 -11 5 -11 5 -10 5 -10 5 -10 5 0 0 -11 6 -10 5 -10 6 -11 6 -10 6 -11 6 -10 7 -11 6 -11 7 -11 8 -11 7 -11 7 -10 7 -10 8 -11 8 -10 8 -10 8 -10 8 -10 9 -11 9 -10 8 -11 9 -11 9 -11 9 -11 9 -11 9 0 0 0 0 0 0 0 0 0 0]"
"1769326795027115,CSI_DATA,STATION,00:00:00:00:00:00,0,0,0,0,0,0,0,0,0,0,0,0,0,0,0,0,0,0,0,0,0,128,[84 -64 4 0 0 0 0 0 0 0 0 0 8 7 7 7 8 8 7 8 7 9 7 8 7 9 7 9 7 9 7 10 6 9 6 9 6 10 6 9 6 10 5 10 5 10 6 10 6 9 6 10 6 10 6 10 5 9 6 9 5 10 6 9 0 0 6 9 6 10 6 9 6 9 6 9 7 9 7 9 7 9 7 9 8 9 7 9 8 10 8 10 8 9 8 10 9 9 9 9 8 9 9 9 9 9 9 9 9 10 10 10 9 9 9 10 9 10 0 0 0 0 0 0 0 0 0 0]"
"1769326795033473,CSI_DATA,STATION,00:00:00:00:00:00,0,0,0,0,0,0,0,0,0,0,0,0,0,0,0,0,0,0,0,0,0,128,[84 -64 4 0 0 0 0 0 0 0 0 0 6 6 6 6 5 6 6 6 6 6 5 6 5 7 5 7 5 7 6 7 5 7 5 8 5 8 5 7 5 8 5 8 5 7 4 7 5 7 5 8 5 8 4 8 4 8 5 7 5 8 5 8 0 0 5 7 5 8 6 7 5 7 6 8 6 7 6 7 6 7 6 7 6 8 6 7 7 8 6 8 7 8 6 8 7 8 7 7 7 8 8 8 7 8 8 8 8 8 7 8 8 8 8 8 8 8 0 0 0 0 0 0 0 0 0 0]"
"1769326795037713,CSI_DATA,STATION,00:00:00:00:00:00,0,0,0,0,0,0,0,0,0,0,0,0,0,0,0,0,0,0,0,0,0,128,[84 -64 4 0 0 0 0 0 0 0 0 0 12 -1 12 -1 12 0 13 0 12 1 13 1 12 1 12 1 13 2 12 2 13 2 12 2 13 3 12 3 13 3 12 3 12 3 12 3 13 3 13 3 13 3 12 3 12 3 12 3 12 3 12 2 0 0 13 2 12 2 13 2 12 1 13 2 13 2 13 2 14 1 12 1 13 1 13 1 14 1 14 1 15 1 14 1 15 0 15 1 14 0 15 0 14 0 15 0 15 0 15 0 15 0 16 0 16 0 0 0 0 0 0 0 0 0 0 0]"
"1769326795041975,CSI_DATA,STATION,00:00:00:00:00:00,0,0,0,0,0,0,0,0,0,0,0,0,0,0,0,0,0,0,0,0,0,128,[84 -64 4 0 0 0 0 0 0 0 0 0 0 11 0 11 0 11 0 11 -1 11 -1 12 -1 11 -2 12 -2 11 -2 11 -2 11 -2 11 -3 11 -3 12 -3 11 -3 11 -3 11 -2 11 -3 11 -3 11 -3 11 -3 10 -3 11 -3 11 -3 11 -3 11 0 0 -2 11 -2 11 -2 11 -2 11 -2 12 -2 11 -1 11 -1 12 -2 12 -2 12 -1 12 -1 12 -1 12 -1 13 -1 13 -1 13 0 13 -1 13 0 13 0 13 0 13 0 13 0 13 0 13 0 14 0 14 0 0 0 0 0 0 0 0 0 0]"
"1769326795048336,CSI_DATA,STATION,00:00:00:00:00:00,0,0,0,0,0,0,0,0,0,0,0,0,0,0,0,0,0,0,0,0,0,128,[84 -64 4 0 0 0 0 0 0 0 0 0 2 10 2 11 2 10 2 11 2 11 1 11 1 11 0 11 0 11 0 11 0 12 0 11 0 11 0 11 -1 11 -1 11 -1 11 -1 11 -2 11 -1 11 -1 12 -1 11 -2 11 -1 11 -2 11 -1 11 0 0 -1 11 0 11 0 11 -1 11 0 12 0 11 0 12 0 11 -1 12 0 12 0 12 0 12 0 12 0 12 0 13 0 12 1 13 0 13 1 13 0 13 1 13 1 13 1 13 1 13 0 14 1 13 0 0 0 0 0 0 0 0 0 0]"
"1769326795052577,CSI_DATA,STATION,00:00:00:00:00:00,0,0,0,0,0,0,0,0,0,0,0,0,0,0,0,0,0,0,0,0,0,128,[84 -64 4 0 0 0 0 0 0 0 0 0 10 -3 11 -4 11 -2 11 -2 11 -2 11 -2 11 -1 11 -2 11 -2 11 -1 12 -1 11 -1 12 0 11 0 12 -1 10 -1 11 0 11 0 12 0 12 0 11 0 11 0 11 0 12 0 11 0 12 -1 0 0 12 -1 11 -1 12 -1 11 -2 12 -1 11 -2 12 -1 12 -1 12 -2 11 -2 11 -2 12 -2 12 -2 13 -2 12 -3 13 -3 12 -3 13 -3 12 -4 13 -4 13 -4 13 -3 13 -3 13 -3 13 -4 13 -4 0 0 0 0 0 0 0 0 0 0]"
"1769326795059029,CSI_DATA,STATION,00:00:00:00:00:00,0,0,0,0,0,0,0,0,0,0,0,0,0,0,0,0,0,0,0,0,0,128,[84 -64 4 0 0 0 0 0 0 0 0 0 11 -4 10 -3 11 -2 11 -2 11 -3 11 -2 11 -2 11 -1 11 -2 12 -1 12 -1 11 -1 11 -1 12 0 12 0 11 0 11 0 12 0 11 0 12 0 12 0 12 0 11 0 12 0 12 0 11 -1 0 0 11 -1 12 -1 11 -1 12 -2 11 -1 11 -2 12 -2 12 -2 11 -2 12 -2 11 -2 12 -2 12 -2 12 -2 12 -2 13 -3 13 -3 13 -3 13 -3 13 -3 13 -4 13 -3 13 -3 13 -3 14 -3 13 -3 0 0 0 0 0 0 0 0 0 0]"
"1769326795063346,CSI_DATA,STATION,00:00:00:00:00:00,0,0,0,0,0,0,0,0,0,0,0,0,0,0,0,0,0,0,0,0,0,128,[84 -64 4 0 0 0 0 0 0 0 0 0 -6 8 -6 8 -7 7 -7 7 -7 7 -8 7 -8 7 -8 7 -8 7 -9 6 -8 7 -8 7 -8 7 -8 7 -9 6 -9 6 -9 7 -9 7 -9 6 -9 6 -9 6 -9 6 -9 6 -9 6 -8 6 -8 6 0 0 -8 6 -8 7 -8 7 -9 7 -8 7 -9 7 -8 7 -8 8 -8 8 -8 8 -8 9 -8 8 -8 9 -8 9 -8 9 -8 10 -8 9 -8 10 -8 10 -8 10 -9 10 -9 10 -8 10 -8 10 -8 10 -8 11 0 0 0 0 0 0 0 0 0 0]"
"1769326795067649,CSI_DATA,STATION,00:00:00:00:00:00,0,0,0,0,0,0,0,0,0,0,0,0,0,0,0,0,0,0,0,0,0,128,[84 -64 4 0 0 0 0 0 0 0 0 0 7 -9 8 -9 7 -9 8 -9 8 -8 8 -8 8 -8 9 -8 9 -8 10 -7 9 -7 9 -8 9 -7 10 -7 10 -7 9 -7 9 -6 9 -6 10 -6 10 -6 10 -6 10 -6 10 -7 10 -6 10 -6 10 -7 0 0 9 -6 10 -6 9 -7 9 -7 10 -7 10 -7 10 -7 9 -7 10 -8 9 -8 9 -8 10 -8 10 -8 10 -8 10 -9 10 -9 10 -9 10 -9 10 -8 10 -9 10 -9 10 -9 10 -9 11 -9 10 -9 11 -10 0 0 0 0 0 0 0 0 0 0]"
"1769326795074133,CSI_DATA,STATION,00:00:00:00:00:00,0,0,0,0,0,0,0,0,0,0,0,0,0,0,0,0,0,0,0,0,0,128,[84 -64 4 0 0 0 0 0 0 0 0 0 -6 -10 -6 -11 -5 -11 -5 -11 -5 -12 -4 -11 -4 -12 -3 -12 -3 -12 -4 -12 -3 -12 -4 -12 -3 -12 -3 -12 -3 -12 -3 -12 -2 -12 -2 -12 -3 -12 -3 -12 -2 -12 -2 -12 -3 -12 -2 -12 -3 -12 -3 -12 0 0 -3 -12 -3 -12 -4 -12 -4 -12 -4 -12 -4 -13 -4 -12 -4 -12 -4 -12 -4 -12 -5 -12 -5 -12 -5 -13 -5 -13 -5 -13 -5 -13 -5 -13 -5 -13 -5 -13 -5 -13 -5 -13 -6 -13 -6 -14 -6 -13 -7 -14 -6 -14 0 0 0 0 0 0 0 0 0 0]"
"1769326795078482,CSI_DATA,STATION,00:00:00:00:00:00,0,0,0,0,0,0,0,0,0,0,0,0,0,0,0,0,0,0,0,0,0,128,[84 -64 4 0 0 0 0 0 0 0 0 0 9 6 8 7 8 7 9 8 8 7 8 8 8 8 7 8 7 8 7 9 7 8 7 9 7 8 7 9 7 9 6 9 6 9 6 8 7 9 7 9 6 9 6 9 6 9 7 9 6 9 6 9 0 0 7 9 7 9 7 9 7 9 8 9 8 9 8 9 8 9 8 8 8 9 8 8 8 9 8 9 9 9 8 9 9 9 9 8 10 9 10 9 9 9 10 9 10 9 10 9 10 9 10 9 10 9 0 0 0 0 0 0 0 0 0 0]"
"1769326795085089,CSI_DATA,STATION,00:00:00:00:00:00,0,0,0,0,0,0,0,0,0,0,0,0,0,0,0,0,0,0,0,0,0,128,[84 -64 4 0 0 0 0 0 0 0 0 0 2 -12 2 -12 3 -11 2 -11 3 -12 4 -12 4 -12 4 -11 5 -12 5 -11 4 -11 5 -11 4 -11 4 -11 5 -11 5 -11 5 -11 4 -11 5 -11 6 -11 5 -11 6 -11 5 -11 5 -11 4 -10 5 -11 0 0 5 -12 5 -11 5 -11 4 -11 5 -11 4 -11 4 -11 4 -12 4 -12 4 -12 4 -12 4 -13 4 -13 4 -12 4 -13 4 -13 4 -13 3 -13 4 -14 4 -14 4 -14 4 -14 4 -14 3 -14 3 -14 3 -14 0 0 0 0 0 0 0 0 0 0]"
"1769326795089550,CSI_DATA,STATION,00:00:00:00:00:00,0,0,0,0,0,0,0,0,0,0,0,0,0,0,0,0,0,0,0,0,0,128,[84 -64 4 0 0 0 0 0 0 0 0 0 -5 -10 -4 -10 -4 -10 -4 -10 -4 -10 -4 -11 -3 -11 -3 -11 -2 -11 -3 -11 -3 -11 -2 -11 -2 -11 -2 -11 -2 -11 -2 -11 -1 -11 -2 -11 -2 -11 -1 -11 -1 -11 -2 -11 -1 -11 -2 -11 -2 -10 -2 -11 0 0 -2 -11 -2 -11 -2 -11 -3 -11 -2 -11 -3 -11 -3 -11 -3 -12 -3 -12 -3 -12 -3 -12 -3 -12 -4 -12 -3 -12 -4 -12 -4 -12 -4 -12 -4 -13 -4 -13 -4 -13 -4 -13 -4 -13 -4 -13 -4 -13 -4 -13 -5 -13 0 0 0 0 0 0 0 0 0 0]"
"1769326795093970,CSI_DATA,STATION,00:00:00:00:00:00,0,0,0,0,0,0,0,0,0,0,0,0,0,0,0,0,0,0,0,0,0,128,[84 -64 4 0 0 0 0 0 0 0 0 0 3 -11 4 -11 4 -11 4 -11 4 -11 5 -11 5 -11 5 -11 5 -11 6 -11 6 -10 6 -10 6 -10 6 -10 6 -10 6 -10 7 -10 6 -10 7 -10 7 -10 7 -10 6 -10 7 -10 6 -10 7 -10 6 -10 0 0 6 -10 6 -10 6 -10 6 -10 6 -11 6 -10 5 -11 6 -11 6 -11 5 -12 5 -11 6 -11 6 -12 5 -12 5 -12 5 -13 5 -13 5 -13 5 -13 5 -13 5 -13 5 -13 5 -13 5 -13 5 -13 4 -13 0 0 0 0 0 0 0 0 0 0]"
"1769326795100595,CSI_DATA,STATION,00:00:00:00:00:00,0,0,0,0,0,0,0,0,0,0,0,0,0,0,0,0,0,0,0,0,0,128,[84 -64 4 0 0 0 0 0 0 0 0 0 -10 -5 -11 -6 -11 -6 -11 -6 -10 -7 -11 -8 -10 -7 -10 -7 -10 -7 -10 -8 -10 -8 -9 -8 -10 -8 -9 -8 -9 -8 -9 -8 -9 -8 -9 -8 -9 -8 -9 -9 -9 -9 -9 -8 -9 -8 -9 -8 -10 -9 -9 -8 0 0 -9 -8 -10 -8 -10 -8 -9 -8 -10 -8 -10 -8 -10 -8 -10 -8 -10 -8 -11 -8 -10 -8 -11 -8 -11 -8 -11 -8 -11 -8 -11 -7 -12 -8 -12 -8 -12 -8 -12 -8 -12 -8 -13 -7 -13 -8 -13 -8 -12 -8 -13 -8 0 0 0 0 0 0 0 0 0 0]"
"1769326795104989,CSI_DATA,STATION,00:00:00:00:00:00,0,0,0,0,0,0,0,0,0,0,0,0,0,0,0,0,0,0,0,0,0,128,[84 -64 4 0 0 0 0 0 0 0 0 0 -8 8 -7 8 -8 8 -8 8 -9 8 -9 8 -9 8 -9 8 -9 7 -10 7 -10 7 -9 7 -10 7 -10 7 -10 7 -10 7 -9 6 -10 6 -10 6 -10 6 -10 6 -10 6 -10 7 -10 6 -10 6 -10 7 0 0 -10 7 -10 7 -10 7 -10 7 -10 7 -10 7 -10 8 -10 8 -9 8 -10 8 -10 8 -10 8 -9 8 -10 8 -10 9 -10 9 -10 9 -9 10 -10 9 -10 10 -10 10 -10 10 -11 10 -10 10 -10 10 -10 10 0 0 0 0 0 0 0 0 0 0]"
"1769326795109392,CSI_DATA,STATION,00:00:00:00:00:00,0,0,0,0,0,0,0,0,0,0,0,0,0,0,0,0,0,0,0,0,0,128,[84 -64 4 0 0 0 0 0 0 0 0 0 -5 9 -6 8 -6 8 -6 8 -6 8 -7 8 -7 8 -7 7 -7 8 -8 7 -7 8 -8 8 -8 7 -8 7 -8 7 -8 8 -8 8 -8 7 -8 7 -8 7 -8 7 -8 7 -8 7 -8 7 -8 7 -8 8 0 0 -7 8 -8 7 -8 8 -7 7 -7 8 -8 8 -7 8 -8 8 -7 9 -8 9 -7 9 -7 9 -7 9 -8 10 -7 9 -7 10 -7 10 -7 10 -7 10 -8 10 -7 11 -8 10 -8 11 -8 11 -7 11 -8 11 0 0 0 0 0 0 0 0 0 0]"
"1769326795115981,CSI_DATA,STATION,00:00:00:00:00:00,0,0,0,0,0,0,0,0,0,0,0,0,0,0,0,0,0,0,0,0,0,128,[84 -64 4 0 0 0 0 0 0 0 0 0 5 9 5 10 4 10 4 10 3 10 4 11 3 10 3 11 3 11 3 12 3 11 2 11 2 11 2 11 2 12 2 11 1 11 1 11 2 11 2 11 1 11 2 11 1 11 2 11 2 11 2 11 0 0 2 11 3 11 3 11 2 11 3 11 3 11 3 11 3 11 3 11 3 11 3 12 3 12 3 12 4 12 4 11 4 12 4 11 4 12 4 12 5 12 4 13 5 13 5 12 5 12 5 13 5 13 0 0 0 0 0 0 0 0 0 0]"
"1769326795120406,CSI_DATA,STATION,00:00:00:00:00:00,0,0,0,0,0,0,0,0,0,0,0,0,0,0,0,0,0,0,0,0,0,128,[84 -64 4 0 0 0 0 0 0 0 0 0 6 9 5 9 5 10 5 9 5 10 4 10 5 10 4 10 4 11 4 11 3 11 3 11 3 10 3 11 3 11 3 11 3 11 3 11 3 11 3 11 3 11 3 11 3 11 3 11 2 10 3 11 0 0 3 11 3 11 4 10 4 11 4 11 4 11 4 11 5 11 4 10 4 11 5 11 5 11 5 11 5 11 5 11 5 11 6 11 5 11 6 12 6 11 6 11 6 12 6 12 6 12 6 13 6 12 0 0 0 0 0 0 0 0 0 0]"
"1769326795124813,CSI_DATA,STATION,00:00:00:00:00:00,0,0,0,0,0,0,0,0,0,0,0,0,0,0,0,0,0,0,0,0,0,128,[84 -64 4 0 0 0 0 0 0 0 0 0 9 -2 10 -1 10 -1 10 -1 10 -1 10 -1 10 -1 11 0 10 -1 10 1 10 1 10 1 11 1 11 1 10 1 10 1 10 1 10 0 10 1 10 1 10 1 10 1 10 1 10 1 10 1 10 1 0 0 10 1 10 0 10 0 10 0 11 0 10 0 11 0 11 0 11 -1 11 0 11 0 11 0 12 0 12 0 11 -1 12 -1 12 -1 12 -1 12 -2 12 -2 12 -2 12 -2 12 -2 13 -2 13 -1 13 -2 0 0 0 0 0 0 0 0 0 0]"
"1769326795131441,CSI_DATA,STATION,00:00:00:00:00:00,0,0,0,0,0,0,0,0,0,0,0,0,0,0,0,0,0,0,0,0,0,128,[84 -64 4 0 0 0 0 0 0 0 0 0 13 -9 13 -9 14 -8 15 -8 15 -8 15 -8 15 -8 15 -7 15 -7 16 -6 16 -7 16 -6 16 -6 16 -5 16 -5 16 -5 16 -5 15 -5 16 -5 16 -5 16 -5 16 -5 15 -5 16 -5 16 -5 16 -6 0 0 15 -6 16 -5 16 -5 16 -6 16 -6 16 -6 16 -6 16 -7 16 -7 15 -7 16 -8 16 -7 16 -7 16 -7 16 -8 16 -9 17 -9 16 -9 17 -9 16 -10 17 -10 16 -9 17 -9 17 -10 17 -10 17 -10 0 0 0 0 0 0 0 0 0 0]"
"1769326795140329,CSI_DATA,STATION,00:00:00:00:00:00,0,0,0,0,0,0,0,0,0,0,0,0,0,0,0,0,0,0,0,0,0,128,[84 -64 4 0 0 0 0 0 0 0 0 0 2 -10 3 -10 4 -9 4 -10 4 -10 5 -10 5 -10 5 -10 5 -10 5 -9 5 -9 6 -9 5 -9 5 -9 6 -9 6 -9 6 -9 6 -9 6 -9 6 -9 6 -9 6 -9 6 -9 6 -9 6 -9 6 -10 0 0 6 -10 6 -9 6 -9 5 -9 5 -10 5 -10 5 -10 5 -10 5 -10 5 -11 5 -11 5 -11 5 -11 5 -11 5 -11 5 -12 5 -11 5 -12 5 -12 5 -12 5 -12 5 -12 5 -12 5 -12 5 -13 5 -13 0 0 0 0 0 0 0 0 0 0]"
"1769326795146988,CSI_DATA,STATION,00:00:00:00:00:00,0,0,0,0,0,0,0,0,0,0,0,0,0,0,0,0,0,0,0,0,0,128,[84 -64 4 0 0 0 0 0 0 0 0 0 5 -10 6 -10 6 -10 7 -10 7 -9 7 -9 8 -9 8 -9 8 -9 9 -8 8 -8 8 -9 9 -8 8 -8 9 -8 8 -8 8 -7 8 -8 9 -7 9 -8 9 -7 9 -7 9 -8 9 -8 8 -8 9 -8 0 0 8 -8 8 -8 9 -8 8 -9 8 -8 9 -9 9 -9 8 -9 8 -9 8 -9 8 -9 8 -9 8 -10 9 -10 8 -11 8 -11 8 -10 8 -11 9 -10 8 -11 9 -11 9 -11 9 -11 8 -11 8 -12 8 -11 0 0 0 0 0 0 0 0 0 0]"
"1769326795151409,CSI_DATA,STATION,00:00:00:00:00:00,0,0,0,0,0,0,0,0,0,0,0,0,0,0,0,0,0,0,0,0,0,128,[84 -64 4 0 0 0 0 0 0 0 0 0 8 0 8 0 9 1 9 1 9 1 9 1 9 1 9 2 9 2 9 2 9 2 8 2 9 3 9 3 9 3 9 3 8 3 8 3 9 3 9 3 8 3 8 3 9 3 9 3 9 3 8 3 0 0 9 3 9 2 9 3 9 2 9 2 9 2 9 3 10 3 9 2 9 2 9 2 10 2 10 2 10 2 10 2 10 2 11 2 11 1 11 2 11 2 11 2 11 2 11 2 11 2 11 2 11 2 0 0 0 0 0 0 0 0 0 0]"
"1769326795155865,CSI_DATA,STATION,00:00:00:00:00:00,0,0,0,0,0,0,0,0,0,0,0,0,0,0,0,0,0,0,0,0,0,128,[84 -64 4 0 0 0 0 0 0 0 0 0 8 -5 9 -5 8 -4 9 -5 9 -4 10 -5 9 -4 10 -4 9 -4 10 -3 9 -4 10 -4 10 -3 10 -3 10 -3 9 -3 10 -3 9 -3 10 -3 10 -2 10 -2 10 -3 10 -2 10 -3 10 -3 10 -3 0 0 10 -3 10 -3 10 -3 10 -4 10 -3 10 -4 11 -3 10 -4 10 -4 10 -4 10 -5 11 -5 11 -5 11 -4 10 -5 11 -5 10 -5 11 -6 11 -5 11 -5 12 -6 11 -5 11 -5 11 -6 12 -7 11 -6 0 0 0 0 0 0 0 0 0 0]"
"1769326795162473,CSI_DATA,STATION,00:00:00:00:00:00,0,0,0,0,0,0,0,0,0,0,0,0,0,0,0,0,0,0,0,0,0,128,[84 -64 4 0 0 0 0 0 0 0 0 0 -2 -12 -2 -12 -2 -12 -2 -12 -1 -12 -1 -12 0 -12 -1 -12 0 -12 0 -12 1 -12 0 -12 1 -12 1 -12 1 -12 1 -12 1 -12 2 -12 1 -13 2 -12 1 -12 1 -12 1 -12 1 -12 1 -12 1 -12 0 0 1 -13 1 -12 0 -12 0 -12 0 -12 0 -12 0 -12 0 -13 0 -12 0 -13 0 -13 -1 -13 -1 -13 -1 -13 0 -14 -1 -14 -1 -14 -1 -14 -1 -14 -1 -14 -2 -15 -1 -14 -2 -14 -2 -15 -2 -14 -2 -14 0 0 0 0 0 0 0 0 0 0]"
"1769326795166961,CSI_DATA,STATION,00:00:00:00:00:00,0,0,0,0,0,0,0,0,0,0,0,0,0,0,0,0,0,0,0,0,0,128,[84 -64 4 0 0 0 0 0 0 0 0 0 9 2 9 3 9 3 9 3 9 3 9 3 9 4 9 4 9 4 9 4 9 4 9 4 9 4 9 4 9 5 9 5 9 5 9 5 9 5 9 5 9 5 9 5 9 5 9 5 9 4 9 4 0 0 9 5 9 4 9 4 9 4 9 4 9 4 10 4 10 5 10 4 10 4 10 4 10 4 11 4 11 4 11 4 11 3 11 4 11 3 12 4 11 3 12 4 11 4 12 3 13 3 12 3 12 3 0 0 0 0 0 0 0 0 0 0]"
"1769326795171420,CSI_DATA,STATION,00:00:00:00:00:00,0,0,0,0,0,0,0,0,0,0,0,0,0,0,0,0,0,0,0,0,0,128,[84 -64 4 0 0 0 0 0 0 0 0 0 -2 -10 -1 -11 0 -10 -1 -11 0 -11 0 -11 1 -11 1 -11 1 -11 1 -11 1 -12 1 -11 2 -11 1 -11 1 -11 1 -11 2 -11 1 -11 1 -11 2 -11 1 -11 1 -11 1 -11 1 -11 1 -11 1 -11 0 0 1 -11 0 -11 0 -11 -1 -11 0 -12 0 -11 0 -11 -1 -12 0 -12 -1 -12 -1 -12 -1 -12 -1 -12 -1 -12 -2 -13 -2 -13 -1 -13 -2 -14 -2 -13 -2 -13 -2 -14 -2 -13 -2 -13 -3 -14 -3 -14 -2 -14 0 0 0 0 0 0 0 0 0 0]"
"1769326795178060,CSI_DATA,STATION,00:00:00:00:00:00,0,0,0,0,0,0,0,0,0,0,0,0,0,0,0,0,0,0,0,0,0,128,[84 -64 4 0 0 0 0 0 0 0 0 0 -15 -10 -15 -11 -16 -12 -15 -12 -15 -13 -15 -13 -13 -13 -14 -13 -13 -14 -14 -14 -13 -14 -13 -14 -14 -15 -13 -15 -13 -15 -13 -15 -12 -15 -12 -15 -12 -16 -12 -16 -12 -16 -12 -15 -11 -15 -12 -15 -13 -15 -12 -15 0 0 -12 -15 -13 -15 -13 -15 -13 -14 -13 -15 -14 -15 -14 -15 -14 -15 -14 -15 -14 -13 -15 -14 -15 -14 -16 -14 -16 -14 -16 -14 -16 -14 -16 -15 -16 -14 -17 -14 -17 -14 -17 -14 -17 -14 -18 -15 -18 -15 -18 -14 -18 -14 0 0 0 0 0 0 0 0 0 0]"
"1769326795182485,CSI_DATA,STATION,00:00:00:00:00:00,0,0,0,0,0,0,0,0,0,0,0,0,0,0,0,0,0,0,0,0,0,128,[84 -64 4 0 0 0 0 0 0 0 0 0 9 -9 9 -9 10 -8 10 -9 10 -8 10 -8 11 -8 11 -7 11 -8 11 -7 11 -7 11 -6 12 -6 12 -6 12 -6 12 -7 11 -6 11 -5 12 -5 12 -6 12 -6 12 -6 12 -6 11 -6 12 -6 11 -6 0 0 11 -6 12 -6 12 -6 12 -7 11 -6 12 -7 12 -7 12 -8 11 -8 11 -8 11 -8 11 -8 12 -8 12 -7 12 -8 12 -9 12 -9 12 -9 12 -9 12 -9 12 -10 12 -9 13 -9 13 -9 13 -10 13 -10 0 0 0 0 0 0 0 0 0 0]"
"1769326795186967,CSI_DATA,STATION,00:00:00:00:00:00,0,0,0,0,0,0,0,0,0,0,0,0,0,0,0,0,0,0,0,0,0,128,[84 -64 4 0 0 0 0 0 0 0 0 0 -12 -1 -11 -1 -12 -2 -12 -2 -12 -3 -12 -3 -12 -3 -12 -4 -11 -4 -12 -4 -12 -4 -11 -4 -12 -4 -12 -5 -12 -5 -12 -5 -11 -5 -12 -4 -11 -5 -11 -5 -11 -5 -11 -5 -11 -5 -11 -4 -12 -5 -11 -4 0 0 -11 -5 -12 -5 -12 -4 -12 -4 -12 -4 -12 -4 -12 -4 -13 -4 -12 -4 -12 -4 -12 -4 -13 -4 -13 -4 -13 -4 -13 -3 -13 -3 -14 -4 -14 -4 -13 -4 -14 -4 -14 -3 -14 -4 -14 -4 -15 -3 -14 -4 -14 -4 0 0 0 0 0 0 0 0 0 0]"
"1769326795193645,CSI_DATA,STATION,00:00:00:00:00:00,0,0,0,0,0,0,0,0,0,0,0,0,0,0,0,0,0,0,0,0,0,128,[84 -64 4 0 0 0 0 0 0 0 0 0 6 -9 6 -9 7 -9 7 -9 7 -9 8 -9 8 -9 8 -9 8 -8 8 -8 8 -8 8 -8 9 -8 9 -8 9 -8 9 -8 9 -7 9 -8 9 -7 10 -7 9 -7 9 -7 9 -8 9 -8 9 -7 9 -8 0 0 9 -8 8 -7 9 -8 8 -8 9 -8 9 -8 8 -8 9 -9 9 -8 8 -9 8 -9 9 -9 9 -9 9 -9 9 -10 9 -10 8 -10 9 -10 9 -10 9 -10 10 -11 10 -10 9 -10 9 -11 9 -11 9 -11 0 0 0 0 0 0 0 0 0 0]"
"1769326795198105,CSI_DATA,STATION,00:00:00:00:00:00,0,0,0,0,0,0,0,0,0,0,0,0,0,0,0,0,0,0,0,0,0,128,[84 -64 4 0 0 0 0 0 0 0 0 0 4 10 4 10 3 10 4 11 3 11 3 11 3 11 2 11 2 11 2 11 2 12 1 11 2 11 1 11 1 12 1 11 0 11 0 11 1 12 1 11 1 11 1 11 1 11 1 11 1 11 1 11 0 0 1 11 1 11 1 12 1 11 1 12 2 12 1 12 2 11 2 11 2 12 2 12 2 12 2 12 2 12 2 12 2 13 3 12 3 13 3 13 3 13 3 13 3 13 3 13 3 13 3 13 3 14 0 0 0 0 0 0 0 0 0 0]"
"1769326795202552,CSI_DATA,STATION,00:00:00:00:00:00,0,0,0,0,0,0,0,0,0,0,0,0,0,0,0,0,0,0,0,0,0,128,[84 -64 4 0 0 0 0 0 0 0 0 0 9 0 9 0 10 1 10 1 10 1 10 2 10 2 10 2 10 2 10 3 10 2 9 2 10 3 9 2 10 3 9 3 10 3 10 3 10 4 9 4 10 3 9 4 10 4 10 3 9 3 9 3 0 0 9 3 10 3 10 3 10 2 10 2 10 3 10 3 11 3 10 2 11 2 11 1 11 2 11 2 11 2 11 2 11 2 12 2 12 2 12 2 12 2 12 2 12 2 13 2 13 2 13 1 13 1 0 0 0 0 0 0 0 0 0 0]"
"1769326795209228,CSI_DATA,STATION,00:00:00:00:00:00,0,0,0,0,0,0,0,0,0,0,0,0,0,0,0,0,0,0,0,0,0,128,[84 -64 4 0 0 0 0 0 0 0 0 0 -4 -11 -4 -11 -4 -11 -4 -12 -4 -12 -3 -12 -3 -12 -2 -12 -3 -12 -3 -13 -2 -12 -2 -12 -2 -12 -2 -12 -2 -12 -2 -12 -2 -12 -2 -12 -2 -12 -2 -13 -2 -12 -1 -12 -2 -12 -2 -12 -2 -12 -2 -12 0 0 -2 -12 -3 -12 -3 -12 -3 -12 -3 -12 -3 -13 -4 -12 -4 -13 -3 -13 -3 -12 -4 -12 -4 -13 -5 -12 -5 -13 -5 -13 -5 -13 -5 -14 -5 -14 -5 -13 -5 -14 -5 -14 -6 -13 -5 -13 -6 -14 -6 -14 -5 -14 0 0 0 0 0 0 0 0 0 0]"
"1769326795213568,CSI_DATA,STATION,00:00:00:00:00:00,0,0,0,0,0,0,0,0,0,0,0,0,0,0,0,0,0,0,0,0,0,128,[84 -64 4 0 0 0 0 0 0 0 0 0 -11 -1 -10 -1 -11 -1 -11 -2 -11 -2 -11 -2 -10 -2 -11 -3 -11 -3 -11 -4 -11 -3 -11 -4 -11 -4 -11 -4 -11 -4 -10 -4 -10 -4 -11 -4 -11 -4 -10 -4 -10 -4 -11 -4 -10 -4 -11 -4 -11 -4 -11 -4 0 0 -10 -4 -11 -4 -11 -3 -11 -3 -11 -4 -11 -3 -11 -3 -12 -3 -11 -3 -12 -3 -12 -3 -12 -3 -12 -3 -12 -3 -12 -2 -12 -2 -13 -3 -13 -3 -13 -2 -13 -2 -13 -2 -13 -3 -14 -3 -14 -3 -13 -2 -14 -2 0 0 0 0 0 0 0 0 0 0]"
"1769326795219962,CSI_DATA,STATION,00:00:00:00:00:00,0,0,0,0,0,0,0,0,0,0,0,0,0,0,0,0,0,0,0,0,0,128,[84 -64 4 0 0 0 0 0 0 0 0 0 -10 -6 -10 -7 -10 -7 -10 -7 -10 -8 -9 -8 -9 -8 -9 -9 -9 -9 -9 -9 -9 -8 -9 -9 -9 -9 -9 -9 -9 -10 -8 -9 -8 -9 -8 -8 -8 -9 -8 -10 -8 -9 -8 -10 -8 -9 -8 -9 -9 -9 -9 -9 0 0 -8 -9 -9 -10 -9 -9 -9 -9 -9 -9 -9 -10 -9 -9 -9 -9 -9 -9 -10 -9 -10 -9 -10 -9 -11 -9 -10 -9 -10 -9 -11 -9 -11 -9 -11 -9 -11 -9 -11 -10 -11 -9 -11 -10 -11 -9 -12 -9 -11 -9 -12 -9 0 0 0 0 0 0 0 0 0 0]"
"1769326795224206,CSI_DATA,STATION,00:00:00:00:00:00,0,0,0,0,0,0,0,0,0,0,0,0,0,0,0,0,0,0,0,0,0,128,[84 -64 4 0 0 0 0 0 0 0 0 0 9 -7 9 -7 9 -6 10 -6 9 -6 10 -6 10 -5 11 -5 11 -5 10 -4 10 -5 11 -5 11 -4 11 -4 12 -4 10 -4 11 -4 11 -3 11 -4 11 -3 11 -4 11 -3 10 -4 11 -4 11 -3 11 -4 0 0 10 -4 11 -4 11 -4 10 -5 11 -4 11 -4 11 -4 11 -4 11 -5 10 -5 11 -5 11 -5 12 -5 12 -5 11 -6 12 -6 11 -6 12 -6 12 -6 12 -6 12 -6 12 -6 13 -6 12 -6 12 -7 13 -7 0 0 0 0 0 0 0 0 0 0]"
"1769326795228460,CSI_DATA,STATION,00:00:00:00:00:00,0,0,0,0,0,0,0,0,0,0,0,0,0,0,0,0,0,0,0,0,0,128,[84 -64 4 0 0 0 0 0 0 0 0 0 2 -12 2 -12 2 -12 3 -11 3 -12 3 -12 4 -11 4 -12 4 -11 4 -12 4 -12 5 -11 4 -11 4 -11 5 -11 5 -11 5 -11 5 -12 5 -10 6 -10 5 -10 6 -11 5 -11 5 -11 5 -11 5 -11 0 0 5 -11 5 -11 5 -11 5 -11 5 -11 5 -11 5 -11 4 -12 5 -12 5 -13 4 -12 4 -12 4 -12 4 -12 4 -13 4 -13 4 -13 4 -13 4 -13 4 -14 4 -13 4 -13 4 -14 4 -14 5 -14 4 -14 0 0 0 0 0 0 0 0 0 0]"
"1769326795234986,CSI_DATA,STATION,00:00:00:00:00:00,0,0,0,0,0,0,0,0,0,0,0,0,0,0,0,0,0,0,0,0,0,128,[84 -64 4 0 0 0 0 0 0 0 0 0 -3 10 -3 9 -4 9 -4 9 -4 9 -4 9 -5 9 -5 9 -5 9 -6 9 -5 9 -6 9 -6 9 -6 9 -6 8 -6 9 -6 9 -6 9 -6 8 -7 8 -7 8 -6 8 -6 9 -6 9 -6 8 -6 9 0 0 -6 8 -6 8 -6 9 -6 9 -6 9 -6 9 -6 9 -6 9 -6 10 -6 10 -5 10 -6 10 -6 10 -6 11 -6 10 -5 11 -5 11 -6 11 -6 11 -6 11 -6 11 -6 11 -6 11 -6 12 -6 12 -6 12 0 0 0 0 0 0 0 0 0 0]"
"1769326795239298,CSI_DATA,STATION,00:00:00:00:00:00,0,0,0,0,0,0,0,0,0,0,0,0,0,0,0,0,0,0,0,0,0,128,[84 -64 4 0 0 0 0 0 0 0 0 0 -10 2 -11 1 -11 0 -11 1 -11 0 -11 0 -11 0 -11 0 -11 0 -11 -1 -11 -1 -11 -1 -11 -1 -11 -2 -11 -2 -11 -1 -11 -2 -11 -2 -11 -2 -11 -2 -11 -2 -11 -2 -11 -2 -11 -2 -11 -1 -11 -1 0 0 -11 -1 -11 -1 -12 -1 -11 -1 -12 -1 -11 -1 -12 -1 -12 0 -12 0 -12 -1 -12 0 -13 0 -13 0 -13 0 -13 0 -12 0 -13 0 -13 0 -13 1 -13 1 -13 1 -14 1 -14 1 -14 0 -13 1 -14 1 0 0 0 0 0 0 0 0 0 0]"
"1769326795243621,CSI_DATA,STATION,00:00:00:00:00:00,0,0,0,0,0,0,0,0,0,0,0,0,0,0,0,0,0,0,0,0,0,128,[84 -64 4 0 0 0 0 0 0 0 0 0 0 -12 0 -12 0 -11 1 -12 0 -12 1 -12 2 -12 2 -12 2 -12 2 -12 2 -12 2 -12 3 -12 2 -11 3 -12 3 -12 3 -12 3 -12 3 -12 4 -12 3 -12 3 -11 3 -12 3 -12 2 -11 3 -12 0 0 3 -12 3 -11 3 -12 2 -12 3 -12 3 -12 2 -12 2 -12 2 -12 2 -13 2 -13 2 -13 2 -13 2 -13 1 -13 1 -14 2 -14 1 -14 2 -14 1 -14 2 -14 1 -14 2 -15 1 -14 1 -14 1 -15 0 0 0 0 0 0 0 0 0 0]"
"1769326795250100,CSI_DATA,STATION,00:00:00:00:00:00,0,0,0,0,0,0,0,0,0,0,0,0,0,0,0,0,0,0,0,0,0,128,[84 -64 4 0 0 0 0 0 0 0 0 0 -16 -9 -16 -9 -17 -10 -16 -11 -16 -11 -16 -11 -15 -12 -14 -12 -14 -12 -15 -13 -14 -13 -14 -13 -14 -14 -14 -14 -14 -14 -14 -14 -13 -13 -13 -14 -13 -14 -13 -14 -13 -14 -13 -15 -13 -14 -13 -14 -13 -14 -13 -13 0 0 -13 -14 -14 -14 -14 -14 -14 -13 -14 -14 -14 -14 -14 -14 -15 -14 -14 -14 -15 -12 -16 -12 -16 -13 -16 -13 -16 -13 -17 -13 -17 -12 -17 -14 -17 -12 -17 -13 -17 -13 -18 -13 -18 -13 -19 -14 -19 -13 -19 -13 -18 -13 0 0 0 0 0 0 0 0 0 0]"
"1769326795254418,CSI_DATA,STATION,00:00:00:00:00:00,0,0,0,0,0,0,0,0,0,0,0,0,0,0,0,0,0,0,0,0,0,128,[84 -64 4 0 0 0 0 0 0 0 0 0 -6 9 -7 9 -6 9 -8 9 -8 9 -8 9 -7 8 -9 8 -9 8 -9 8 -9 8 -9 8 -10 8 -9 8 -9 7 -9 8 -9 8 -9 8 -9 7 -9 7 -9 7 -9 8 -9 8 -9 8 -8 7 -9 8 0 0 -9 8 -8 8 -8 8 -8 9 -8 9 -8 8 -8 9 -9 9 -8 9 -8 10 -8 10 -8 9 -8 9 -7 10 -8 11 -8 11 -8 10 -8 10 -8 11 -8 11 -8 11 -8 11 -8 12 -8 11 -8 12 -8 12 0 0 0 0 0 0 0 0 0 0]"
"1769326795260954,CSI_DATA,STATION,00:00:00:00:00:00,0,0,0,0,0,0,0,0,0,0,0,0,0,0,0,0,0,0,0,0,0,128,[84 -64 4 0 0 0 0 0 0 0 0 0 7 7 8 8 7 8 7 8 7 9 7 9 6 8 6 9 6 9 6 10 6 9 6 9 6 9 6 9 5 10 5 10 5 9 5 10 5 10 5 10 5 10 5 10 5 9 6 10 6 10 6 9 0 0 6 9 6 9 6 9 6 9 7 9 7 10 7 9 7 9 7 9 7 9 7 9 8 9 8 10 8 9 8 10 8 9 9 9 9 9 9 9 8 10 9 10 9 10 9 10 10 9 10 10 10 10 0 0 0 0 0 0 0 0 0 0]"
"1769326795265272,CSI_DATA,STATION,00:00:00:00:00:00,0,0,0,0,0,0,0,0,0,0,0,0,0,0,0,0,0,0,0,0,0,128,[84 -64 4 0 0 0 0 0 0 0 0 0 8 -8 8 -8 9 -7 10 -7 9 -6 10 -8 10 -6 10 -6 10 -7 9 -6 10 -6 10 -5 11 -6 10 -6 11 -6 10 -6 10 -5 10 -5 11 -5 11 -5 11 -5 11 -5 10 -6 10 -5 10 -5 10 -6 0 0 10 -6 10 -6 10 -6 10 -6 11 -6 10 -6 10 -6 10 -7 10 -7 10 -7 10 -8 11 -7 11 -7 11 -8 10 -8 11 -9 10 -8 11 -9 10 -8 10 -9 11 -9 11 -8 10 -9 11 -10 11 -9 11 -9 0 0 0 0 0 0 0 0 0 0]"
"1769326795269576,CSI_DATA,STATION,00:00:00:00:00:00,0,0,0,0,0,0,0,0,0,0,0,0,0,0,0,0,0,0,0,0,0,128,[84 -64 4 0 0 0 0 0 0 0 0 0 -7 9 -7 9 -7 8 -8 8 -8 8 -9 8 -9 8 -9 8 -9 8 -9 7 -9 8 -9 8 -10 7 -10 7 -10 7 -10 7 -9 8 -9 7 -10 7 -10 7 -10 7 -10 7 -10 7 -9 7 -9 7 -10 7 0 0 -9 7 -9 7 -9 7 -9 8 -9 7 -10 8 -9 8 -9 8 -9 9 -9 9 -9 10 -9 9 -9 9 -9 10 -9 9 -9 10 -9 10 -9 10 -9 11 -9 10 -9 11 -9 10 -9 11 -9 11 -9 11 -9 11 0 0 0 0 0 0 0 0 0 0]"
"1769326795276065,CSI_DATA,STATION,00:00:00:00:00:00,0,0,0,0,0,0,0,0,0,0,0,0,0,0,0,0,0,0,0,0,0,128,[84 -64 4 0 0 0 0 0 0 0 0 0 9 5 9 5 9 5 10 5 9 6 9 6 9 6 9 7 9 7 9 7 8 7 9 7 9 7 9 7 8 7 8 7 8 7 7 7 8 8 8 8 9 8 8 7 8 7 9 7 8 7 8 7 0 0 9 7 9 7 9 7 9 7 10 7 9 7 10 7 9 7 9 6 10 6 10 6 10 7 11 7 11 6 10 7 11 6 11 6 11 6 11 6 11 6 12 6 12 7 12 6 12 6 12 6 12 6 0 0 0 0 0 0 0 0 0 0]"
"1769326795280378,CSI_DATA,STATION,00:00:00:00:00:00,0,0,0,0,0,0,0,0,0,0,0,0,0,0,0,0,0,0,0,0,0,128,[84 -64 4 0 0 0 0 0 0 0 0 0 10 -4 10 -4 10 -4 11 -3 11 -3 12 -3 11 -3 11 -3 11 -3 11 -2 11 -2 11 -2 12 -2 11 -2 11 -2 11 -2 11 -1 11 -2 12 -1 12 -1 12 -1 11 -1 11 -2 12 -1 11 -2 11 -2 0 0 11 -3 11 -2 11 -2 11 -3 12 -2 12 -3 12 -2 11 -3 11 -3 11 -3 11 -3 12 -3 12 -3 12 -3 12 -4 12 -4 13 -4 13 -5 12 -4 12 -5 13 -5 12 -4 13 -5 13 -5 13 -5 13 -5 0 0 0 0 0 0 0 0 0 0]"
"1769326795295197,CSI_DATA,STATION,00:00:00:00:00:00,0,0,0,0,0,0,0,0,0,0,0,0,0,0,0,0,0,0,0,0,0,128,[84 -64 4 0 0 0 0 0 0 0 0 0 5 7 5 7 5 8 5 8 5 8 5 9 5 9 4 9 4 9 4 9 4 10 4 9 4 9 4 9 3 9 3 9 3 9 3 9 4 10 4 10 3 10 3 9 3 9 3 10 4 10 3 10 0 0 4 9 4 10 4 9 4 10 4 10 5 10 5 9 5 10 5 9 5 10 5 10 5 10 5 10 6 10 6 10 6 10 6 10 6 10 6 10 6 10 7 10 7 10 7 11 7 11 6 11 7 11 0 0 0 0 0 0 0 0 0 0]"
"1769326795301681,CSI_DATA,STATION,00:00:00:00:00:00,0,0,0,0,0,0,0,0,0,0,0,0,0,0,0,0,0,0,0,0,0,128,[84 -64 4 0 0 0 0 0 0 0 0 0 0 11 -1 10 -2 11 -1 11 -2 11 -2 11 -2 11 -3 11 -3 11 -4 11 -3 11 -4 11 -4 11 -4 11 -4 11 -3 11 -4 11 -4 11 -4 10 -4 10 -4 11 -4 11 -4 10 -4 11 -4 10 -4 11 0 0 -4 11 -3 10 -3 11 -3 11 -4 11 -3 11 -3 11 -3 12 -3 11 -3 12 -3 12 -3 12 -3 12 -2 12 -3 12 -2 13 -2 12 -2 13 -2 13 -2 13 -2 14 -2 13 -2 13 -2 13 -2 14 -2 14 0 0 0 0 0 0 0 0 0 0]"
"1769326795306024,CSI_DATA,STATION,00:00:00:00:00:00,0,0,0,0,0,0,0,0,0,0,0,0,0,0,0,0,0,0,0,0,0,128,[84 -64 4 0 0 0 0 0 0 0 0 0 6 7 5 7 5 7 6 8 5 8 6 8 5 9 5 8 4 9 5 9 5 8 5 9 4 9 5 9 5 9 4 9 4 9 4 8 4 9 4 9 4 9 4 9 4 9 4 9 4 9 4 9 0 0 5 9 5 9 5 9 5 9 5 9 6 9 6 9 6 9 6 9 6 9 6 9 6 9 6 9 7 9 7 9 7 9 7 8 8 9 8 9 7 9 8 9 8 10 8 9 9 9 8 9 8 10 0 0 0 0 0 0 0 0 0 0]"
"1769326795310447,CSI_DATA,STATION,00:00:00:00:00:00,0,0,0,0,0,0,0,0,0,0,0,0,0,0,0,0,0,0,0,0,0,128,[84 -64 4 0 0 0 0 0 0 0 0 0 -1 10 -1 11 -1 10 -2 11 -2 11 -2 12 -2 11 -2 11 -3 10 -3 11 -3 11 -4 11 -4 11 -3 11 -4 11 -4 11 -4 11 -4 11 -4 11 -5 10 -5 10 -4 10 -4 10 -4 11 -4 10 -4 10 0 0 -4 10 -3 10 -3 11 -3 10 -4 12 -4 11 -4 11 -4 11 -3 11 -4 11 -3 12 -2 12 -3 12 -3 13 -3 12 -3 13 -3 12 -3 13 -3 13 -3 13 -2 13 -3 13 -3 13 -2 13 -2 13 -3 13 0 0 0 0 0 0 0 0 0 0]"
"1769326795317039,CSI_DATA,STATION,00:00:00:00:00:00,0,0,0,0,0,0,0,0,0,0,0,0,0,0,0,0,0,0,0,0,0,128,[84 -64 4 0 0 0 0 0 0 0 0 0 9 12 8 12 9 12 9 13 8 13 8 13 7 14 7 14 6 14 7 14 7 14 6 14 6 14 6 14 6 15 5 14 6 15 5 14 5 15 5 15 6 15 5 15 5 14 6 14 6 15 6 14 0 0 5 14 6 14 7 15 6 14 7 15 7 15 7 15 8 15 7 14 7 14 8 14 9 15 9 15 9 15 8 15 9 15 9 15 10 15 10 15 10 15 10 15 10 15 10 15 11 15 11 15 10 16 0 0 0 0 0 0 0 0 0 0]"
"1769326795321365,CSI_DATA,STATION,00:00:00:00:00:00,0,0,0,0,0,0,0,0,0,0,0,0,0,0,0,0,0,0,0,0,0,128,[84 -64 4 0 0 0 0 0 0 0 0 0 -5 10 -5 9 -6 10 -6 9 -6 9 -6 9 -7 10 -7 10 -7 9 -8 9 -8 9 -8 9 -8 9 -8 8 -8 8 -8 9 -8 9 -8 9 -8 8 -8 9 -8 8 -8 8 -8 8 -8 9 -8 8 -8 9 0 0 -7 9 -7 9 -7 9 -8 9 -7 9 -7 9 -7 10 -7 10 -7 10 -7 10 -7 10 -7 10 -7 10 -6 10 -7 11 -6 11 -6 11 -6 12 -7 12 -7 12 -6 12 -6 12 -7 12 -7 12 -6 12 -7 12 0 0 0 0 0 0 0 0 0 0]"
"1769326795325775,CSI_DATA,STATION,00:00:00:00:00:00,0,0,0,0,0,0,0,0,0,0,0,0,0,0,0,0,0,0,0,0,0,128,[84 -64 4 0 0 0 0 0 0 0 0 0 5 -9 5 -9 5 -9 5 -8 6 -8 6 -9 6 -8 7 -8 6 -8 7 -8 7 -8 7 -8 8 -8 8 -7 8 -7 8 -8 7 -7 7 -7 8 -7 8 -7 7 -7 7 -7 8 -8 8 -7 8 -7 8 -8 0 0 7 -8 7 -8 7 -8 7 -8 7 -8 8 -9 7 -8 7 -9 7 -9 7 -9 7 -9 7 -9 8 -9 7 -9 7 -10 7 -10 7 -10 7 -10 7 -10 7 -11 8 -11 7 -10 8 -11 8 -11 8 -11 8 -11 0 0 0 0 0 0 0 0 0 0]"
"1769326795332477,CSI_DATA,STATION,00:00:00:00:00:00,0,0,0,0,0,0,0,0,0,0,0,0,0,0,0,0,0,0,0,0,0,128,[84 -64 4 0 0 0 0 0 0 0 0 0 9 6 9 6 9 6 9 7 9 6 8 7 8 7 8 7 8 8 8 8 8 7 8 8 8 8 7 8 7 9 7 8 7 8 8 7 7 9 7 9 7 8 7 9 7 8 8 8 8 8 7 8 0 0 8 8 8 8 8 8 7 8 9 8 8 8 9 8 9 8 9 7 9 7 9 7 9 8 10 8 10 7 10 7 10 7 11 7 10 7 11 7 10 7 11 7 11 8 11 7 11 7 12 8 11 7 0 0 0 0 0 0 0 0 0 0]"
"1769326795336954,CSI_DATA,STATION,00:00:00:00:00:00,0,0,0,0,0,0,0,0,0,0,0,0,0,0,0,0,0,0,0,0,0,128,[84 -64 4 0 0 0 0 0 0 0 0 0 8 -8 8 -8 9 -7 9 -7 9 -8 10 -7 9 -6 10 -6 10 -6 10 -5 10 -6 10 -6 11 -5 10 -5 11 -5 10 -6 10 -5 10 -5 11 -5 11 -5 11 -5 11 -5 10 -5 11 -4 10 -5 10 -5 0 0 10 -5 10 -5 11 -5 10 -6 10 -5 11 -6 11 -6 10 -6 11 -6 11 -6 10 -7 11 -6 11 -7 11 -6 11 -7 11 -7 11 -7 12 -8 11 -7 11 -8 12 -7 11 -7 12 -7 12 -8 12 -8 12 -8 0 0 0 0 0 0 0 0 0 0]"
"1769326795341411,CSI_DATA,STATION,00:00:00:00:00:00,0,0,0,0,0,0,0,0,0,0,0,0,0,0,0,0,0,0,0,0,0,128,[84 -64 4 0 0 0 0 0 0 0 0 0 7 -9 7 -9 7 -8 8 -8 8 -9 9 -8 8 -8 8 -8 9 -9 9 -7 9 -7 9 -8 10 -7 10 -7 10 -7 9 -8 9 -7 9 -8 10 -7 9 -7 9 -7 9 -8 9 -8 9 -7 9 -7 9 -7 0 0 9 -8 9 -7 9 -7 9 -8 8 -8 9 -8 8 -8 8 -9 8 -8 9 -9 8 -9 8 -9 8 -9 9 -9 9 -10 9 -11 9 -10 9 -11 8 -10 9 -11 9 -10 8 -10 9 -11 9 -11 9 -11 9 -11 0 0 0 0 0 0 0 0 0 0]"
"1769326795345826,CSI_DATA,STATION,00:00:00:00:00:00,0,0,0,0,0,0,0,0,0,0,0,0,0,0,0,0,0,0,0,0,0,128,[84 -64 4 0 0 0 0 0 0 0 0 0 10 -4 10 -3 11 -3 11 -3 11 -3 10 -2 11 -2 11 -2 11 -2 12 -1 11 -1 11 -1 12 0 12 0 11 0 11 -1 11 0 12 0 12 0 11 0 11 0 11 0 11 0 12 0 11 0 11 -1 0 0 11 -1 11 -1 11 -1 12 -2 12 -1 12 -2 12 -2 12 -2 12 -2 11 -2 12 -2 12 -1 12 -2 12 -2 13 -3 12 -3 13 -3 13 -3 13 -3 13 -3 13 -4 13 -3 14 -3 13 -3 14 -3 14 -4 0 0 0 0 0 0 0 0 0 0]"
"1769326795352483,CSI_DATA,STATION,00:00:00:00:00:00,0,0,0,0,0,0,0,0,0,0,0,0,0,0,0,0,0,0,0,0,0,128,[84 -64 4 0 0 0 0 0 0 0 0 0 -2 -10 -1 -11 -1 -10 -1 -11 -1 -11 0 -12 0 -11 1 -11 1 -11 1 -11 1 -11 1 -11 1 -11 1 -11 1 -11 1 -11 2 -11 1 -11 2 -11 2 -11 2 -11 2 -11 2 -11 2 -11 1 -11 1 -11 0 0 1 -11 1 -11 1 -11 1 -11 1 -12 1 -11 1 -11 1 -12 1 -12 1 -12 0 -12 1 -12 0 -12 1 -13 0 -13 0 -13 0 -13 0 -14 0 -13 0 -13 0 -14 0 -13 0 -13 0 -14 -1 -14 -1 -14 0 0 0 0 0 0 0 0 0 0]"
"1769326795356882,CSI_DATA,STATION,00:00:00:00:00:00,0,0,0,0,0,0,0,0,0,0,0,0,0,0,0,0,0,0,0,0,0,128,[84 -64 4 0 0 0 0 0 0 0 0 0 -8 -9 -7 -9 -8 -9 -7 -9 -7 -9 -7 -10 -7 -10 -6 -11 -7 -11 -7 -11 -6 -11 -6 -10 -6 -11 -6 -11 -6 -11 -6 -11 -5 -11 -5 -11 -6 -11 -6 -11 -6 -11 -6 -11 -6 -11 -6 -11 -6 -11 -6 -11 0 0 -6 -10 -6 -11 -6 -11 -6 -11 -7 -11 -7 -11 -7 -11 -7 -11 -7 -11 -8 -11 -8 -10 -8 -11 -8 -10 -9 -11 -9 -11 -8 -11 -9 -11 -9 -11 -9 -11 -9 -11 -9 -11 -9 -11 -10 -11 -10 -11 -9 -11 -10 -11 0 0 0 0 0 0 0 0 0 0]"
"1769326795363537,CSI_DATA,STATION,00:00:00:00:00:00,0,0,0,0,0,0,0,0,0,0,0,0,0,0,0,0,0,0,0,0,0,128,[84 -64 4 0 0 0 0 0 0 0 0 0 -15 7 -15 7 -16 7 -16 6 -16 5 -16 5 -17 6 -17 5 -16 5 -17 4 -17 4 -17 3 -17 3 -17 3 -17 3 -17 3 -17 3 -17 3 -17 3 -17 3 -17 3 -17 3 -17 3 -17 3 -17 2 -17 3 0 0 -17 4 -16 3 -17 4 -17 4 -17 4 -17 4 -17 4 -18 5 -17 5 -17 6 -17 6 -17 5 -17 5 -17 6 -18 7 -18 7 -19 7 -18 7 -18 8 -18 8 -18 8 -18 8 -19 7 -19 8 -19 8 -19 8 0 0 0 0 0 0 0 0 0 0]"
"1769326795367999,CSI_DATA,STATION,00:00:00:00:00:00,0,0,0,0,0,0,0,0,0,0,0,0,0,0,0,0,0,0,0,0,0,128,[84 -64 4 0 0 0 0 0 0 0 0 0 8 -4 9 -4 9 -4 9 -3 10 -3 9 -3 10 -3 10 -2 9 -2 10 -2 10 -2 9 -2 10 -1 10 -1 10 -1 10 -1 10 -1 10 -1 10 -1 11 -1 10 -1 11 -1 10 -1 10 -1 10 -1 10 -2 0 0 10 -1 10 -1 10 -2 10 -2 11 -1 11 -2 11 -2 11 -2 11 -2 11 -2 11 -3 11 -3 12 -2 12 -2 12 -3 12 -3 12 -3 12 -4 12 -3 12 -3 12 -4 12 -3 12 -3 12 -4 12 -4 13 -4 0 0 0 0 0 0 0 0 0 0]"
"1769326795372388,CSI_DATA,STATION,00:00:00:00:00:00,0,0,0,0,0,0,0,0,0,0,0,0,0,0,0,0,0,0,0,0,0,128,[84 -64 4 0 0 0 0 0 0 0 0 0 -10 -5 -10 -6 -11 -6 -10 -6 -10 -6 -10 -7 -10 -7 -10 -8 -10 -8 -10 -8 -9 -8 -9 -8 -10 -8 -9 -8 -9 -8 -9 -8 -9 -9 -9 -8 -9 -8 -9 -9 -9 -8 -9 -9 -9 -9 -9 -9 -9 -8 -9 -8 0 0 -10 -8 -9 -8 -10 -8 -9 -8 -10 -7 -10 -8 -10 -7 -11 -8 -10 -7 -11 -7 -11 -7 -11 -7 -11 -7 -12 -8 -11 -8 -12 -8 -12 -7 -12 -7 -12 -7 -13 -7 -12 -7 -13 -8 -13 -8 -13 -7 -13 -8 -13 -8 0 0 0 0 0 0 0 0 0 0]"
"1769326795376817,CSI_DATA,STATION,00:00:00:00:00:00,0,0,0,0,0,0,0,0,0,0,0,0,0,0,0,0,0,0,0,0,0,128,[84 -64 4 0 0 0 0 0 0 0 0 0 -4 11 -3 10 -4 11 -4 11 -5 10 -5 11 -5 10 -5 11 -5 10 -6 10 -6 10 -6 10 -6 10 -6 10 -6 9 -6 9 -7 11 -7 10 -6 10 -7 10 -6 10 -6 10 -6 9 -7 10 -6 9 -7 10 0 0 -6 10 -6 10 -6 10 -5 10 -6 10 -6 10 -5 11 -6 11 -5 11 -6 11 -5 11 -5 11 -5 11 -5 12 -5 11 -5 12 -5 12 -5 12 -4 13 -5 13 -5 13 -5 13 -5 13 -5 13 -5 13 -5 13 0 0 0 0 0 0 0 0 0 0]"
"1769326795383362,CSI_DATA,STATION,00:00:00:00:00:00,0,0,0,0,0,0,0,0,0,0,0,0,0,0,0,0,0,0,0,0,0,128,[84 -64 4 0 0 0 0 0 0 0 0 0 -3 -10 -2 -10 -2 -10 -2 -11 -2 -11 -1 -11 -1 -11 0 -11 -1 -11 -1 -11 -1 -11 0 -11 -1 -11 0 -11 0 -11 -1 -11 1 -11 0 -11 0 -12 0 -11 0 -12 0 -11 0 -11 0 -11 0 -11 0 -12 0 0 0 -11 -1 -11 -1 -11 -1 -12 -1 -12 -1 -12 -1 -12 -1 -12 -1 -12 -1 -12 -2 -12 -2 -12 -3 -12 -2 -13 -2 -13 -3 -13 -3 -12 -3 -13 -3 -13 -3 -13 -3 -13 -3 -13 -3 -13 -3 -13 -3 -13 -3 -14 0 0 0 0 0 0 0 0 0 0]"
"1769326795387762,CSI_DATA,STATION,00:00:00:00:00:00,0,0,0,0,0,0,0,0,0,0,0,0,0,0,0,0,0,0,0,0,0,128,[84 -64 4 0 0 0 0 0 0 0 0 0 6 -9 6 -10 7 -9 7 -9 7 -9 8 -9 7 -8 8 -9 8 -9 9 -8 8 -8 9 -8 9 -8 9 -8 9 -8 9 -8 9 -8 9 -8 8 -7 9 -7 9 -8 9 -8 9 -8 9 -8 9 -7 9 -8 0 0 9 -8 8 -8 8 -8 8 -8 8 -8 8 -9 8 -9 8 -10 8 -9 8 -10 8 -10 8 -10 9 -10 8 -9 8 -10 8 -10 8 -11 8 -11 8 -11 9 -11 8 -11 8 -11 8 -11 9 -11 9 -12 9 -12 0 0 0 0 0 0 0 0 0 0]"
"1769326795394431,CSI_DATA,STATION,00:00:00:00:00:00,0,0,0,0,0,0,0,0,0,0,0,0,0,0,0,0,0,0,0,0,0,128,[84 -64 4 0 0 0 0 0 0 0 0 0 8 -7 9 -7 9 -7 9 -6 10 -6 10 -6 10 -6 10 -6 10 -6 11 -5 10 -5 11 -5 10 -5 11 -5 12 -5 11 -4 11 -5 10 -5 11 -4 11 -5 11 -4 11 -4 10 -4 10 -4 10 -5 11 -5 0 0 11 -5 11 -4 11 -5 10 -5 11 -5 10 -6 11 -6 10 -6 10 -6 10 -6 10 -7 10 -6 11 -6 11 -7 11 -7 11 -7 11 -7 11 -8 11 -8 11 -8 11 -8 12 -7 11 -8 11 -8 12 -9 12 -9 0 0 0 0 0 0 0 0 0 0]"
"1769326795398895,CSI_DATA,STATION,00:00:00:00:00:00,0,0,0,0,0,0,0,0,0,0,0,0,0,0,0,0,0,0,0,0,0,128,[84 -64 4 0 0 0 0 0 0 0 0 0 -4 10 -5 10 -5 10 -6 10 -5 9 -6 10 -6 10 -6 9 -7 9 -7 9 -7 10 -7 9 -7 10 -7 9 -8 9 -7 9 -7 9 -7 9 -8 9 -8 8 -8 9 -8 9 -7 9 -7 9 -7 8 -7 10 0 0 -7 9 -7 9 -7 10 -7 9 -7 10 -7 10 -7 10 -7 10 -7 10 -7 10 -6 11 -7 11 -7 11 -7 11 -7 11 -7 12 -6 11 -6 12 -6 12 -7 12 -6 12 -7 12 -6 12 -6 12 -7 13 -6 13 0 0 0 0 0 0 0 0 0 0]"
"1769326795403278,CSI_DATA,STATION,00:00:00:00:00:00,0,0,0,0,0,0,0,0,0,0,0,0,0,0,0,0,0,0,0,0,0,128,[84 -64 4 0 0 0 0 0 0 0 0 0 -11 1 -12 1 -13 1 -12 1 -12 0 -12 0 -12 0 -13 0 -12 -1 -13 -1 -12 -1 -12 -1 -13 -2 -13 -2 -12 -2 -12 -2 -12 -2 -13 -2 -12 -3 -12 -3 -12 -3 -12 -3 -12 -3 -13 -3 -12 -2 -12 -2 0 0 -12 -2 -12 -2 -12 -2 -12 -2 -12 -2 -12 -2 -13 -2 -13 -2 -13 -2 -13 -2 -13 -1 -13 -1 -13 -1 -13 -2 -14 -1 -13 -1 -15 -2 -13 -1 -14 -1 -14 -1 -14 -1 -14 -1 -15 -1 -15 -1 -15 -1 -15 -1 0 0 0 0 0 0 0 0 0 0]"
"1769326795409977,CSI_DATA,STATION,00:00:00:00:00:00,0,0,0,0,0,0,0,0,0,0,0,0,0,0,0,0,0,0,0,0,0,128,[84 -64 4 0 0 0 0 0 0 0 0 0 -9 3 -10 3 -10 3 -10 3 -11 2 -10 3 -11 2 -11 2 -11 1 -11 1 -11 2 -11 2 -11 1 -11 1 -11 1 -11 1 -11 1 -11 1 -11 0 -11 0 -11 1 -11 1 -11 1 -11 1 -11 1 -11 1 0 0 -11 1 -11 1 -11 1 -11 2 -12 2 -12 2 -12 2 -12 2 -11 2 -12 2 -12 3 -12 3 -12 3 -12 3 -12 3 -12 4 -12 3 -13 3 -13 4 -12 3 -12 4 -13 4 -13 4 -13 4 -13 4 -13 4 0 0 0 0 0 0 0 0 0 0]"
"1769326795414334,CSI_DATA,STATION,00:00:00:00:00:00,0,0,0,0,0,0,0,0,0,0,0,0,0,0,0,0,0,0,0,0,0,128,[84 -64 4 0 0 0 0 0 0 0 0 0 -11 1 -11 1 -12 1 -12 0 -12 0 -12 0 -12 -1 -12 0 -12 -1 -13 -1 -12 0 -12 -2 -12 -2 -12 -1 -12 -2 -12 -1 -12 -2 -12 -2 -12 -3 -12 -2 -12 -2 -12 -2 -12 -2 -13 -1 -12 -2 -12 -1 0 0 -12 -2 -12 -1 -12 -1 -12 0 -13 -1 -12 -1 -13 -1 -13 -1 -13 -1 -13 0 -13 0 -13 0 -13 0 -13 0 -14 0 -13 1 -14 0 -14 0 -14 1 -14 1 -14 1 -14 1 -15 1 -15 1 -14 1 -14 1 0 0 0 0 0 0 0 0 0 0]"
"1769326795418573,CSI_DATA,STATION,00:00:00:00:00:00,0,0,0,0,0,0,0,0,0,0,0,0,0,0,0,0,0,0,0,0,0,128,[84 -64 4 0 0 0 0 0 0 0 0 0 2 10 1 10 1 11 1 10 1 11 0 11 0 11 0 12 -1 11 -1 12 -1 11 -1 11 -1 12 -1 12 -2 11 -1 11 -2 11 -2 12 -2 12 -2 12 -2 11 -2 12 -2 12 -2 11 -1 11 -1 11 0 0 -1 11 -1 11 -1 11 -1 12 -1 12 -1 11 0 12 0 12 0 12 0 12 0 12 0 12 1 12 0 12 0 13 0 13 0 13 0 13 1 13 1 13 1 13 1 13 1 14 1 14 1 14 1 13 0 0 0 0 0 0 0 0 0 0]"
"1769326795424954,CSI_DATA,STATION,00:00:00:00:00:00,0,0,0,0,0,0,0,0,0,0,0,0,0,0,0,0,0,0,0,0,0,128,[84 -64 4 0 0 0 0 0 0 0 0 0 -9 4 -9 4 -10 4 -10 4 -10 3 -10 3 -11 3 -11 3 -11 3 -11 2 -11 2 -11 2 -11 2 -11 2 -11 2 -10 2 -10 2 -11 1 -11 2 -11 1 -11 2 -11 2 -11 2 -11 2 -11 1 -11 2 0 0 -11 2 -11 2 -11 2 -12 3 -12 3 -11 2 -11 3 -11 3 -11 3 -12 4 -11 4 -12 4 -12 4 -12 4 -12 4 -12 5 -12 4 -12 5 -12 5 -12 5 -12 5 -12 5 -13 5 -13 5 -13 5 -13 5 0 0 0 0 0 0 0 0 0 0]"
"1769326795431311,CSI_DATA,STATION,00:00:00:00:00:00,0,0,0,0,0,0,0,0,0,0,0,0,0,0,0,0,0,0,0,0,0,128,[84 -64 4 0 0 0 0 0 0 0 0 0 -11 -1 -12 -1 -12 -1 -12 -2 -12 -2 -12 -2 -12 -3 -12 -3 -11 -3 -12 -4 -12 -3 -12 -3 -12 -4 -12 -5 -12 -4 -11 -4 -12 -4 -12 -4 -12 -5 -11 -5 -11 -5 -11 -5 -12 -5 -12 -5 -12 -5 -12 -4 0 0 -11 -4 -12 -4 -12 -4 -12 -4 -12 -4 -12 -4 -12 -5 -13 -4 -12 -4 -13 -4 -13 -3 -13 -4 -13 -4 -14 -3 -13 -3 -13 -4 -14 -4 -14 -4 -14 -3 -14 -4 -14 -3 -14 -4 -14 -3 -14 -4 -14 -4 -15 -4 0 0 0 0 0 0 0 0 0 0]"
"1769326795439843,CSI_DATA,STATION,00:00:00:00:00:00,0,0,0,0,0,0,0,0,0,0,0,0,0,0,0,0,0,0,0,0,0,128,[84 -64 4 0 0 0 0 0 0 0 0 0 8 -6 8 -6 9 -6 9 -5 9 -5 9 -6 9 -5 9 -5 9 -5 10 -4 10 -4 9 -4 10 -4 10 -4 10 -4 10 -4 10 -3 10 -4 10 -4 10 -3 10 -4 10 -3 10 -4 10 -3 10 -3 10 -4 0 0 10 -4 10 -4 10 -4 10 -4 10 -4 10 -5 10 -5 10 -5 10 -5 10 -5 10 -6 11 -5 11 -5 11 -5 11 -6 10 -6 11 -6 11 -7 11 -7 11 -7 11 -7 11 -6 12 -6 12 -7 12 -7 11 -7 0 0 0 0 0 0 0 0 0 0]"
"1769326795446315,CSI_DATA,STATION,00:00:00:00:00:00,0,0,0,0,0,0,0,0,0,0,0,0,0,0,0,0,0,0,0,0,0,128,[84 -64 4 0 0 0 0 0 0 0 0 0 -7 7 -7 6 -8 7 -8 6 -9 6 -8 6 -9 6 -9 6 -9 5 -10 5 -9 5 -9 5 -10 5 -10 5 -10 5 -10 5 -10 5 -10 4 -10 4 -11 4 -10 4 -10 4 -10 5 -10 4 -10 5 -10 5 0 0 -10 4 -10 5 -10 5 -10 5 -10 5 -10 5 -10 5 -11 5 -10 6 -10 6 -10 6 -11 6 -10 6 -11 6 -11 6 -11 6 -11 6 -11 7 -11 7 -11 6 -11 7 -12 7 -12 7 -11 7 -11 7 -11 7 0 0 0 0 0 0 0 0 0 0]"
"1769326795452744,CSI_DATA,STATION,00:00:00:00:00:00,0,0,0,0,0,0,0,0,0,0,0,0,0,0,0,0,0,0,0,0,0,128,[84 -64 4 0 0 0 0 0 0 0 0 0 8 -6 8 -5 8 -5 9 -5 9 -4 9 -4 9 -4 10 -4 10 -4 10 -3 10 -4 10 -4 10 -3 10 -3 10 -3 10 -4 10 -3 9 -3 10 -3 10 -3 10 -3 10 -3 10 -3 10 -3 10 -3 10 -4 0 0 10 -3 10 -4 10 -3 10 -4 10 -4 10 -4 10 -4 10 -4 10 -4 10 -5 10 -6 11 -5 11 -5 11 -5 11 -5 11 -6 11 -6 11 -6 11 -6 11 -6 11 -6 11 -6 11 -6 11 -6 12 -7 11 -7 0 0 0 0 0 0 0 0 0 0]"
"1769326795457111,CSI_DATA,STATION,00:00:00:00:00:00,0,0,0,0,0,0,0,0,0,0,0,0,0,0,0,0,0,0,0,0,0,128,[84 -64 4 0 0 0 0 0 0 0 0 0 9 2 9 3 9 3 9 3 9 4 9 4 9 4 9 4 9 4 9 5 9 5 8 5 9 5 9 5 9 6 8 6 8 6 8 5 9 5 9 6 9 6 8 5 8 6 9 6 8 6 9 5 0 0 8 5 8 5 9 5 9 5 9 5 9 5 9 5 10 5 9 5 9 5 10 5 10 5 10 5 10 5 10 5 11 5 11 4 11 5 11 4 11 5 11 5 11 5 12 5 12 5 11 5 12 5 0 0 0 0 0 0 0 0 0 0]"
"1769326795463557,CSI_DATA,STATION,00:00:00:00:00:00,0,0,0,0,0,0,0,0,0,0,0,0,0,0,0,0,0,0,0,0,0,128,[84 -64 4 0 0 0 0 0 0 0 0 0 -6 -9 -6 -9 -6 -9 -6 -10 -6 -10 -6 -10 -5 -10 -5 -10 -5 -11 -5 -10 -5 -10 -4 -11 -4 -11 -4 -11 -4 -11 -4 -11 -4 -11 -4 -10 -4 -11 -4 -11 -4 -11 -4 -11 -4 -10 -5 -11 -5 -11 -4 -11 0 0 -5 -10 -5 -10 -5 -11 -4 -10 -6 -11 -6 -11 -5 -11 -6 -11 -5 -10 -6 -10 -6 -11 -7 -11 -7 -11 -7 -11 -6 -11 -7 -11 -8 -11 -7 -11 -7 -11 -7 -11 -8 -11 -8 -11 -8 -11 -9 -12 -8 -12 -8 -11 0 0 0 0 0 0 0 0 0 0]"
"1769326795467862,CSI_DATA,STATION,00:00:00:00:00:00,0,0,0,0,0,0,0,0,0,0,0,0,0,0,0,0,0,0,0,0,0,128,[84 -64 4 0 0 0 0 0 0 0 0 0 1 9 1 9 1 9 1 10 1 10 0 10 0 10 0 10 0 10 0 11 0 11 0 10 0 10 -1 10 -1 11 -1 10 -1 10 -1 10 -1 11 -1 10 -1 10 -1 10 -1 10 -1 10 -1 11 -1 11 0 0 -1 10 0 10 0 11 0 10 0 11 0 11 0 11 1 11 0 11 1 11 1 12 1 12 1 11 1 12 1 12 1 12 2 12 2 12 2 12 1 12 2 12 2 12 2 12 3 13 2 13 2 13 0 0 0 0 0 0 0 0 0 0]"
"1769326795474346,CSI_DATA,STATION,00:00:00:00:00:00,0,0,0,0,0,0,0,0,0,0,0,0,0,0,0,0,0,0,0,0,0,128,[84 -64 4 0 0 0 0 0 0 0 0 0 -9 3 -10 2 -10 2 -10 1 -10 1 -10 2 -10 1 -11 1 -10 1 -11 0 -11 0 -11 0 -11 -1 -11 -1 -11 -1 -11 0 -10 0 -10 -1 -11 -1 -11 -1 -10 -1 -11 -1 -10 -1 -11 -1 -11 -1 -11 0 0 0 -10 0 -11 0 -11 0 -11 1 -11 0 -11 0 -11 0 -11 0 -11 1 -11 1 -12 1 -12 1 -12 1 -12 1 -12 1 -12 2 -12 1 -12 2 -12 2 -12 2 -12 2 -13 2 -13 2 -13 2 -13 2 -13 2 0 0 0 0 0 0 0 0 0 0]"
"1769326795478637,CSI_DATA,STATION,00:00:00:00:00:00,0,0,0,0,0,0,0,0,0,0,0,0,0,0,0,0,0,0,0,0,0,128,[84 -64 4 0 0 0 0 0 0 0 0 0 -8 -7 -8 -8 -8 -8 -8 -8 -8 -8 -7 -9 -7 -9 -6 -9 -7 -9 -7 -10 -7 -9 -6 -9 -6 -9 -6 -9 -6 -10 -6 -10 -5 -10 -5 -10 -6 -10 -6 -10 -6 -10 -6 -10 -6 -10 -6 -10 -6 -10 -6 -10 0 0 -6 -10 -6 -10 -6 -9 -6 -9 -7 -10 -7 -10 -7 -10 -7 -10 -7 -10 -7 -10 -8 -10 -8 -10 -8 -10 -7 -10 -8 -10 -8 -10 -8 -10 -8 -11 -8 -11 -8 -11 -8 -11 -8 -10 -9 -11 -9 -11 -9 -11 -9 -10 0 0 0 0 0 0 0 0 0 0]"
"1769326795482961,CSI_DATA,STATION,00:00:00:00:00:00,0,0,0,0,0,0,0,0,0,0,0,0,0,0,0,0,0,0,0,0,0,128,[84 -64 4 0 0 0 0 0 0 0 0 0 -3 9 -4 9 -4 9 -4 9 -4 9 -5 9 -5 9 -5 9 -5 9 -6 9 -5 9 -6 9 -6 8 -6 9 -6 9 -6 8 -6 9 -6 9 -6 8 -6 9 -6 9 -6 9 -6 9 -6 9 -5 9 -6 9 0 0 -6 9 -5 9 -5 9 -6 9 -5 10 -5 9 -6 9 -5 10 -5 10 -5 10 -5 10 -5 10 -5 11 -5 11 -5 11 -5 11 -4 11 -5 12 -4 12 -4 12 -4 12 -4 12 -5 12 -5 12 -5 13 -4 12 0 0 0 0 0 0 0 0 0 0]"
"1769326795489426,CSI_DATA,STATION,00:00:00:00:00:00,0,0,0,0,0,0,0,0,0,0,0,0,0,0,0,0,0,0,0,0,0,128,[84 -64 4 0 0 0 0 0 0 0 0 0 9 -3 9 -2 10 -2 10 -2 10 -1 10 -2 10 -1 10 -1 10 -1 10 0 10 -1 10 0 11 0 11 0 11 0 10 0 10 1 10 1 11 1 10 1 10 1 10 1 10 1 11 1 10 0 10 0 0 0 10 0 10 0 11 0 10 -1 11 0 11 0 11 0 11 0 10 0 11 0 11 -1 11 0 12 -1 12 0 12 -1 12 -1 12 -1 12 -1 12 -1 12 -1 13 -1 13 -1 13 -1 13 -1 13 -1 13 -2 0 0 0 0 0 0 0 0 0 0]"
"1769326795493718,CSI_DATA,STATION,00:00:00:00:00:00,0,0,0,0,0,0,0,0,0,0,0,0,0,0,0,0,0,0,0,0,0,128,[84 -64 4 0 0 0 0 0 0 0 0 0 5 -8 5 -8 6 -8 6 -8 7 -8 6 -8 7 -8 8 -8 7 -8 8 -7 7 -8 8 -7 8 -7 8 -7 9 -7 8 -7 8 -7 8 -7 8 -7 8 -7 8 -7 8 -7 8 -7 8 -7 8 -8 8 -8 0 0 8 -8 8 -7 8 -8 8 -8 8 -8 8 -8 8 -8 8 -8 8 -9 7 -9 7 -9 8 -9 8 -9 8 -9 7 -10 7 -10 7 -10 8 -10 8 -11 8 -10 8 -11 8 -10 8 -10 7 -11 8 -11 8 -11 0 0 0 0 0 0 0 0 0 0]"
"1769326795500200,CSI_DATA,STATION,00:00:00:00:00:00,0,0,0,0,0,0,0,0,0,0,0,0,0,0,0,0,0,0,0,0,0,128,[84 -64 4 0 0 0 0 0 0 0 0 0 4 -9 4 -9 5 -9 5 -9 5 -9 6 -9 6 -9 6 -9 6 -9 6 -9 6 -9 7 -8 7 -9 7 -8 7 -8 7 -8 7 -8 7 -9 7 -9 7 -8 7 -8 7 -9 7 -9 7 -8 7 -8 7 -9 0 0 7 -9 6 -8 6 -9 6 -9 6 -9 6 -9 6 -9 6 -10 6 -10 6 -10 6 -10 6 -10 7 -10 7 -10 6 -11 6 -11 6 -11 6 -12 6 -11 6 -12 6 -11 6 -11 6 -12 6 -12 6 -12 6 -12 0 0 0 0 0 0 0 0 0 0]"
"1769326795504535,CSI_DATA,STATION,00:00:00:00:00:00,0,0,0,0,0,0,0,0,0,0,0,0,0,0,0,0,0,0,0,0,0,128,[84 -64 4 0 0 0 0 0 0 0 0 0 3 -10 4 -10 4 -10 4 -10 5 -10 5 -10 5 -9 5 -10 5 -9 6 -10 6 -10 6 -9 6 -9 6 -9 6 -8 6 -9 6 -9 6 -10 6 -9 6 -9 6 -9 6 -9 6 -9 6 -9 6 -9 6 -10 0 0 6 -9 6 -9 6 -9 5 -10 5 -10 6 -10 5 -10 5 -10 5 -10 6 -11 6 -11 6 -10 6 -11 5 -11 6 -12 5 -12 5 -12 5 -12 5 -12 5 -12 5 -12 5 -12 5 -13 5 -12 5 -13 5 -13 0 0 0 0 0 0 0 0 0 0]"
"1769326795508857,CSI_DATA,STATION,00:00:00:00:00:00,0,0,0,0,0,0,0,0,0,0,0,0,0,0,0,0,0,0,0,0,0,128,[84 -64 4 0 0 0 0 0 0 0 0 0 9 2 9 2 9 2 10 2 9 3 9 3 9 3 10 4 9 4 9 5 10 4 9 4 9 4 9 5 9 5 9 5 9 5 8 5 9 5 9 5 9 5 9 5 9 5 9 5 9 5 9 5 0 0 9 5 9 5 10 5 9 5 10 5 10 4 10 4 10 5 10 4 10 4 10 4 10 5 11 5 11 5 10 5 11 4 11 4 11 4 11 4 12 4 12 4 12 5 12 4 12 4 12 4 12 4 0 0 0 0 0 0 0 0 0 0]"
"1769326795515531,CSI_DATA,STATION,00:00:00:00:00:00,0,0,0,0,0,0,0,0,0,0,0,0,0,0,0,0,0,0,0,0,0,128,[84 -64 4 0 0 0 0 0 0 0 0 0 -6 8 -6 8 -6 8 -7 8 -7 8 -7 8 -8 8 -8 7 -8 7 -8 7 -8 7 -8 7 -8 7 -8 7 -9 7 -9 7 -8 7 -9 7 -8 7 -9 6 -9 7 -9 7 -9 7 -8 7 -8 6 -8 7 0 0 -8 8 -8 7 -8 7 -8 8 -8 8 -8 7 -8 8 -8 8 -8 9 -8 9 -8 9 -8 9 -8 9 -8 9 -8 9 -8 9 -8 10 -8 10 -8 10 -8 10 -8 10 -8 11 -8 11 -8 10 -8 10 -8 11 0 0 0 0 0 0 0 0 0 0]"
"1769326795519898,CSI_DATA,STATION,00:00:00:00:00:00,0,0,0,0,0,0,0,0,0,0,0,0,0,0,0,0,0,0,0,0,0,128,[84 -64 4 0 0 0 0 0 0 0 0 0 -9 -4 -10 -5 -10 -5 -10 -5 -10 -6 -10 -6 -10 -6 -9 -6 -9 -7 -9 -7 -9 -7 -9 -6 -10 -7 -9 -7 -10 -7 -9 -7 -9 -7 -9 -7 -9 -8 -9 -8 -9 -8 -9 -8 -8 -7 -9 -8 -9 -8 -9 -7 0 0 -9 -8 -9 -7 -9 -7 -9 -7 -10 -8 -9 -8 -10 -7 -10 -7 -10 -7 -10 -7 -10 -7 -11 -7 -11 -7 -10 -8 -10 -7 -11 -7 -11 -7 -11 -7 -11 -7 -11 -8 -12 -7 -12 -7 -11 -8 -12 -8 -11 -8 -12 -7 0 0 0 0 0 0 0 0 0 0]"
"1769326795524234,CSI_DATA,STATION,00:00:00:00:00:00,0,0,0,0,0,0,0,0,0,0,0,0,0,0,0,0,0,0,0,0,0,128,[84 -64 4 0 0 0 0 0 0 0 0 0 6 -7 6 -7 6 -7 7 -7 7 -6 7 -7 7 -6 7 -7 7 -6 8 -5 8 -6 8 -5 8 -5 8 -5 8 -5 8 -6 8 -5 8 -5 8 -5 8 -5 8 -5 8 -5 8 -5 8 -5 8 -5 8 -6 0 0 8 -6 8 -6 8 -5 7 -6 8 -6 8 -6 8 -6 8 -7 8 -6 8 -7 8 -7 8 -7 8 -7 8 -7 8 -8 8 -8 8 -8 9 -8 8 -8 8 -8 8 -8 8 -8 9 -8 8 -9 9 -8 9 -8 0 0 0 0 0 0 0 0 0 0]"
"1769326795530712,CSI_DATA,STATION,00:00:00:00:00:00,0,0,0,0,0,0,0,0,0,0,0,0,0,0,0,0,0,0,0,0,0,128,[84 -64 4 0 0 0 0 0 0 0 0 0 -7 7 -8 7 -8 7 -8 7 -8 7 -8 6 -9 7 -9 6 -9 6 -10 6 -9 6 -9 6 -9 5 -9 5 -10 5 -9 6 -9 5 -9 5 -10 5 -10 5 -10 4 -10 5 -10 5 -10 5 -10 5 -10 6 0 0 -10 5 -9 6 -9 6 -10 6 -9 6 -10 5 -10 6 -10 6 -9 7 -10 7 -9 7 -10 7 -10 7 -10 7 -10 7 -10 8 -10 7 -10 8 -10 8 -10 8 -10 8 -10 8 -10 8 -10 8 -10 9 -10 9 0 0 0 0 0 0 0 0 0 0]"
"1769326795535024,CSI_DATA,STATION,00:00:00:00:00:00,0,0,0,0,0,0,0,0,0,0,0,0,0,0,0,0,0,0,0,0,0,128,[84 -64 4 0 0 0 0 0 0 0 0 0 1 9 1 9 0 10 0 10 0 10 -1 10 0 10 -1 10 -1 10 -1 11 -1 10 -1 10 -2 10 -1 10 -2 10 -2 10 -2 11 -2 11 -2 10 -2 10 -2 10 -2 10 -2 11 -2 10 -2 10 -2 10 0 0 -2 10 -1 11 -1 10 -1 11 -1 11 -1 10 -1 11 -1 11 -1 11 -1 12 -1 11 -1 11 -1 11 -1 11 0 12 -1 12 -1 13 -1 12 -1 13 -1 12 0 13 0 13 0 13 0 13 -1 13 0 13 0 0 0 0 0 0 0 0 0 0]"
"1769326795539326,CSI_DATA,STATION,00:00:00:00:00:00,0,0,0,0,0,0,0,0,0,0,0,0,0,0,0,0,0,0,0,0,0,128,[84 -64 4 0 0 0 0 0 0 0 0 0 8 -6 8 -6 9 -5 9 -5 9 -5 9 -5 9 -4 9 -4 9 -4 10 -3 10 -4 9 -4 10 -4 10 -3 10 -3 9 -3 10 -3 10 -3 11 -3 10 -2 10 -2 10 -3 10 -3 10 -3 10 -3 10 -3 0 0 10 -3 10 -3 11 -3 10 -4 11 -3 11 -3 11 -3 11 -4 10 -4 10 -4 11 -4 11 -4 11 -4 11 -4 11 -5 11 -5 11 -5 12 -5 12 -5 11 -5 12 -5 12 -4 12 -5 12 -5 12 -5 12 -5 0 0 0 0 0 0 0 0 0 0]"
"1769326795545771,CSI_DATA,STATION,00:00:00:00:00:00,0,0,0,0,0,0,0,0,0,0,0,0,0,0,0,0,0,0,0,0,0,128,[84 -64 4 0 0 0 0 0 0 0 0 0 -2 -11 -1 -11 0 -10 0 -11 0 -11 0 -11 1 -11 1 -11 0 -11 1 -11 1 -12 1 -11 1 -11 1 -11 1 -12 2 -11 2 -11 2 -11 2 -11 2 -11 2 -11 2 -11 2 -11 2 -11 1 -11 1 -11 0 0 2 -11 1 -11 1 -12 0 -11 1 -12 1 -12 1 -11 0 -12 1 -12 1 -12 0 -12 0 -12 0 -12 0 -13 0 -13 0 -13 -1 -13 0 -14 0 -13 0 -14 0 -13 -1 -13 -1 -14 -1 -14 -1 -14 -1 -14 0 0 0 0 0 0 0 0 0 0]"
"1769326795550262,CSI_DATA,STATION,00:00:00:00:00:00,0,0,0,0,0,0,0,0,0,0,0,0,0,0,0,0,0,0,0,0,0,128,[84 -64 4 0 0 0 0 0 0 0 0 0 -3 -10 -2 -11 -2 -11 -2 -11 -1 -11 -1 -11 -1 -11 -1 -11 -1 -11 0 -11 0 -12 0 -11 0 -12 0 -11 0 -11 0 -11 1 -11 1 -11 0 -12 1 -11 0 -11 1 -11 0 -12 0 -11 0 -11 0 -12 0 0 0 -11 0 -11 0 -11 0 -11 -1 -12 -1 -12 -1 -11 -1 -12 0 -12 -1 -12 -1 -12 -1 -12 -1 -12 -2 -13 -2 -13 -2 -13 -2 -13 -2 -13 -2 -13 -2 -14 -2 -14 -2 -13 -2 -14 -2 -14 -2 -14 -2 -14 0 0 0 0 0 0 0 0 0 0]"
"1769326795556970,CSI_DATA,STATION,00:00:00:00:00:00,0,0,0,0,0,0,0,0,0,0,0,0,0,0,0,0,0,0,0,0,0,128,[84 -64 4 0 0 0 0 0 0 0 0 0 -9 4 -10 4 -10 3 -11 3 -10 3 -11 3 -11 2 -11 2 -10 2 -11 2 -11 3 -11 2 -12 2 -11 1 -11 1 -11 1 -11 1 -11 1 -11 1 -11 0 -12 1 -11 1 -11 1 -12 1 -11 1 -11 1 0 0 -11 1 -11 1 -11 1 -11 2 -12 1 -12 2 -11 1 -12 2 -12 2 -12 2 -12 2 -12 2 -12 3 -13 2 -12 2 -12 2 -13 2 -13 3 -13 3 -13 2 -13 3 -14 3 -13 3 -13 2 -13 3 -14 3 0 0 0 0 0 0 0 0 0 0]"
"1769326795561419,CSI_DATA,STATION,00:00:00:00:00:00,0,0,0,0,0,0,0,0,0,0,0,0,0,0,0,0,0,0,0,0,0,128,[84 -64 4 0 0 0 0 0 0 0 0 0 -10 -4 -10 -5 -10 -5 -10 -5 -10 -6 -10 -6 -9 -7 -8 -7 -9 -7 -9 -8 -9 -7 -9 -7 -9 -8 -9 -7 -9 -8 -9 -8 -8 -7 -8 -7 -9 -8 -9 -8 -8 -8 -9 -8 -8 -7 -9 -8 -9 -8 -9 -7 0 0 -9 -8 -9 -7 -9 -7 -9 -7 -10 -8 -9 -8 -9 -7 -10 -7 -10 -7 -10 -7 -10 -7 -11 -7 -10 -7 -10 -7 -11 -7 -11 -6 -12 -7 -11 -7 -11 -7 -12 -7 -12 -7 -12 -7 -12 -7 -13 -7 -13 -7 -12 -7 0 0 0 0 0 0 0 0 0 0]"
"1769326795565885,CSI_DATA,STATION,00:00:00:00:00:00,0,0,0,0,0,0,0,0,0,0,0,0,0,0,0,0,0,0,0,0,0,128,[84 -64 4 0 0 0 0 0 0 0 0 0 -1 10 -2 10 -2 9 -2 10 -3 10 -3 10 -3 10 -4 10 -3 10 -4 10 -4 10 -4 9 -4 10 -4 9 -4 9 -4 10 -5 10 -4 10 -5 9 -5 9 -5 9 -5 9 -5 9 -5 10 -4 9 -4 10 0 0 -5 10 -4 9 -4 10 -4 10 -5 10 -4 10 -4 10 -4 10 -4 11 -4 10 -4 11 -4 11 -3 11 -4 12 -4 11 -3 12 -3 11 -3 12 -3 12 -4 12 -3 13 -4 12 -3 12 -3 12 -3 13 -4 13 0 0 0 0 0 0 0 0 0 0]"
"1769326795572480,CSI_DATA,STATION,00:00:00:00:00:00,0,0,0,0,0,0,0,0,0,0,0,0,0,0,0,0,0,0,0,0,0,128,[84 -64 4 0 0 0 0 0 0 0 0 0 -11 0 -11 0 -10 -1 -11 -1 -12 -2 -11 -2 -11 -2 -11 -2 -11 -3 -11 -3 -11 -2 -10 -3 -11 -3 -11 -3 -11 -4 -11 -3 -11 -3 -11 -3 -11 -4 -11 -4 -11 -4 -11 -4 -11 -3 -11 -3 -11 -4 -11 -3 0 0 -11 -3 -11 -3 -11 -2 -11 -3 -12 -3 -11 -3 -11 -3 -12 -3 -12 -2 -12 -2 -12 -2 -13 -2 -13 -2 -13 -2 -12 -2 -13 -1 -13 -2 -13 -2 -13 -2 -13 -2 -13 -2 -14 -2 -14 -2 -14 -1 -14 -1 -14 -1 0 0 0 0 0 0 0 0 0 0]"
"1769326795576920,CSI_DATA,STATION,00:00:00:00:00:00,0,0,0,0,0,0,0,0,0,0,0,0,0,0,0,0,0,0,0,0,0,128,[84 -64 4 0 0 0 0 0 0 0 0 0 9 2 9 3 10 3 9 3 10 4 9 4 9 4 9 4 9 4 9 5 9 4 9 5 9 4 9 5 9 5 9 5 9 5 9 5 8 5 9 6 9 6 9 6 9 6 9 5 9 5 9 5 0 0 8 5 10 5 9 5 9 5 9 5 9 5 10 5 9 5 9 4 10 5 10 4 11 5 11 4 11 4 11 5 10 4 12 4 11 4 11 4 11 4 12 4 12 5 12 4 12 4 13 4 12 4 0 0 0 0 0 0 0 0 0 0]"
"1769326795581316,CSI_DATA,STATION,00:00:00:00:00:00,0,0,0,0,0,0,0,0,0,0,0,0,0,0,0,0,0,0,0,0,0,128,[84 -64 4 0 0 0 0 0 0 0 0 0 -7 -8 -6 -9 -6 -9 -6 -10 -6 -9 -6 -10 -5 -10 -5 -10 -5 -10 -5 -10 -5 -10 -5 -10 -5 -10 -5 -10 -5 -11 -5 -10 -4 -10 -4 -10 -5 -11 -5 -11 -4 -11 -4 -10 -4 -10 -5 -11 -5 -11 -5 -10 0 0 -5 -10 -5 -10 -6 -11 -5 -10 -6 -11 -6 -11 -6 -11 -6 -11 -5 -11 -6 -11 -7 -11 -7 -11 -7 -11 -7 -11 -7 -11 -7 -11 -7 -11 -8 -11 -7 -12 -7 -12 -8 -12 -8 -12 -8 -12 -8 -12 -8 -11 -8 -12 0 0 0 0 0 0 0 0 0 0]"
"1769326795587777,CSI_DATA,STATION,00:00:00:00:00:00,0,0,0,0,0,0,0,0,0,0,0,0,0,0,0,0,0,0,0,0,0,128,[84 -64 4 0 0 0 0 0 0 0 0 0 -11 -1 -10 -1 -11 -2 -11 -2 -11 -3 -11 -2 -11 -3 -11 -3 -10 -3 -11 -4 -11 -3 -11 -4 -12 -4 -11 -4 -11 -4 -10 -4 -11 -4 -10 -4 -11 -5 -11 -5 -11 -5 -11 -5 -10 -4 -11 -5 -11 -4 -11 -4 0 0 -11 -4 -11 -4 -11 -4 -11 -3 -12 -4 -11 -4 -11 -4 -12 -4 -12 -3 -12 -3 -12 -3 -12 -4 -12 -3 -13 -3 -12 -3 -13 -2 -13 -3 -13 -3 -13 -2 -13 -3 -14 -3 -14 -3 -14 -3 -14 -3 -14 -3 -13 -2 0 0 0 0 0 0 0 0 0 0]"
"1769326795592111,CSI_DATA,STATION,00:00:00:00:00:00,0,0,0,0,0,0,0,0,0,0,0,0,0,0,0,0,0,0,0,0,0,128,[84 -64 4 0 0 0 0 0 0 0 0 0 5 -12 6 -12 6 -12 6 -12 6 -12 7 -12 7 -12 7 -11 7 -12 8 -11 8 -11 8 -11 8 -11 8 -10 8 -11 8 -10 8 -10 8 -10 9 -10 9 -10 8 -10 8 -10 9 -11 9 -10 8 -10 8 -10 0 0 8 -10 7 -11 8 -11 8 -11 8 -11 8 -11 8 -11 8 -12 7 -11 7 -12 7 -13 7 -12 7 -12 7 -12 7 -13 7 -13 7 -14 7 -14 7 -14 7 -14 7 -14 7 -13 7 -14 7 -14 7 -14 7 -15 0 0 0 0 0 0 0 0 0 0]"
"1769326795596437,CSI_DATA,STATION,00:00:00:00:00:00,0,0,0,0,0,0,0,0,0,0,0,0,0,0,0,0,0,0,0,0,0,128,[84 -64 4 0 0 0 0 0 0 0 0 0 -8 6 -8 6 -9 5 -9 5 -9 6 -9 5 -9 5 -10 5 -10 5 -10 5 -10 5 -10 5 -10 4 -10 4 -10 4 -10 4 -10 4 -10 4 -11 3 -11 3 -10 3 -10 3 -10 4 -11 4 -10 4 -10 4 0 0 -10 4 -11 4 -10 4 -10 5 -11 4 -11 4 -11 5 -11 5 -10 5 -11 5 -11 6 -11 5 -11 5 -11 6 -11 6 -11 6 -11 6 -11 6 -12 6 -12 6 -11 6 -12 6 -12 6 -12 6 -12 7 -12 6 0 0 0 0 0 0 0 0 0 0]"
"1769326795602890,CSI_DATA,STATION,00:00:00:00:00:00,0,0,0,0,0,0,0,0,0,0,0,0,0,0,0,0,0,0,0,0,0,128,[84 -64 4 0 0 0 0 0 0 0 0 0 -13 -7 -12 -7 -13 -8 -13 -9 -13 -9 -13 -9 -12 -9 -12 -9 -12 -10 -12 -11 -12 -10 -12 -10 -12 -11 -12 -11 -12 -11 -11 -11 -11 -11 -11 -10 -11 -11 -11 -11 -11 -11 -11 -12 -11 -11 -11 -11 -11 -11 -11 -10 0 0 -11 -11 -12 -10 -12 -10 -11 -10 -12 -10 -12 -10 -12 -10 -13 -10 -13 -10 -13 -10 -13 -10 -14 -10 -13 -10 -14 -10 -14 -10 -14 -9 -15 -11 -15 -10 -15 -9 -14 -10 -15 -10 -15 -10 -16 -10 -16 -10 -16 -10 -16 -10 0 0 0 0 0 0 0 0 0 0]"
"1769326795615979,CSI_DATA,STATION,00:00:00:00:00:00,0,0,0,0,0,0,0,0,0,0,0,0,0,0,0,0,0,0,0,0,0,128,[84 -64 4 0 0 0 0 0 0 0 0 0 -10 -3 -10 -4 -10 -4 -10 -4 -10 -5 -10 -5 -10 -5 -9 -6 -9 -7 -10 -6 -10 -6 -10 -6 -10 -6 -10 -6 -10 -7 -9 -6 -9 -7 -9 -6 -10 -7 -9 -7 -9 -7 -9 -7 -9 -7 -10 -6 -10 -6 -10 -6 0 0 -9 -6 -10 -6 -10 -7 -9 -6 -11 -6 -10 -7 -10 -6 -11 -6 -10 -6 -11 -6 -11 -6 -11 -5 -11 -5 -12 -6 -11 -6 -12 -6 -12 -6 -12 -6 -12 -6 -12 -6 -12 -5 -12 -6 -13 -6 -13 -5 -13 -5 -13 -5 0 0 0 0 0 0 0 0 0 0]"
"1769326795622417,CSI_DATA,STATION,00:00:00:00:00:00,0,0,0,0,0,0,0,0,0,0,0,0,0,0,0,0,0,0,0,0,0,128,[84 -64 4 0 0 0 0 0 0 0 0 0 -10 5 -10 4 -10 4 -10 4 -11 3 -10 3 -10 4 -11 3 -10 3 -11 3 -11 3 -11 3 -11 2 -11 2 -11 2 -11 3 -11 2 -11 2 -11 2 -12 2 -11 2 -11 2 -11 2 -11 2 -11 2 -11 3 0 0 -11 3 -11 3 -11 3 -11 3 -11 3 -11 3 -11 3 -11 4 -11 4 -11 4 -11 4 -12 4 -11 4 -12 5 -12 4 -12 5 -12 5 -12 5 -12 5 -12 5 -12 6 -12 5 -12 5 -12 5 -12 6 -12 6 0 0 0 0 0 0 0 0 0 0]"
"1769326795626659,CSI_DATA,STATION,00:00:00:00:00:00,0,0,0,0,0,0,0,0,0,0,0,0,0,0,0,0,0,0,0,0,0,128,[84 -64 4 0 0 0 0 0 0 0 0 0 9 2 9 3 9 3 9 3 9 3 9 4 9 4 9 5 8 4 9 5 9 4 8 5 9 5 9 5 9 5 8 5 9 5 9 5 9 5 9 6 9 6 9 5 9 5 9 5 9 5 9 5 0 0 9 5 9 5 9 5 9 4 9 5 10 5 9 4 10 5 10 4 10 5 10 4 10 5 11 4 11 4 11 4 11 4 11 4 12 4 12 4 11 4 12 4 12 4 12 5 12 4 12 4 12 4 0 0 0 0 0 0 0 0 0 0]"
"1769326795632999,CSI_DATA,STATION,00:00:00:00:00:00,0,0,0,0,0,0,0,0,0,0,0,0,0,0,0,0,0,0,0,0,0,128,[84 -64 4 0 0 0 0 0 0 0 0 0 -10 3 -10 3 -10 2 -10 2 -11 2 -11 2 -11 1 -11 1 -11 1 -12 0 -11 1 -11 1 -11 0 -11 0 -11 0 -11 1 -11 0 -11 0 -11 0 -12 0 -11 0 -11 0 -11 1 -11 0 -11 0 -11 1 0 0 -11 1 -11 1 -11 1 -12 2 -12 1 -11 2 -12 2 -12 2 -11 2 -12 3 -12 3 -12 2 -12 2 -12 3 -12 3 -12 3 -13 3 -13 4 -13 4 -13 4 -13 4 -13 4 -13 4 -13 4 -13 4 -13 4 0 0 0 0 0 0 0 0 0 0]"
"1769326795637346,CSI_DATA,STATION,00:00:00:00:00:00,0,0,0,0,0,0,0,0,0,0,0,0,0,0,0,0,0,0,0,0,0,128,[84 -64 4 0 0 0 0 0 0 0 0 0 -9 -5 -9 -6 -9 -6 -9 -6 -9 -6 -9 -7 -8 -7 -8 -7 -8 -8 -9 -8 -9 -8 -8 -7 -9 -8 -8 -8 -8 -8 -8 -8 -8 -8 -8 -8 -8 -8 -8 -9 -8 -9 -8 -8 -8 -8 -9 -9 -8 -8 -9 -8 0 0 -8 -8 -9 -8 -9 -8 -8 -8 -9 -8 -9 -8 -9 -8 -10 -8 -9 -8 -10 -8 -10 -8 -10 -8 -10 -8 -10 -8 -9 -8 -10 -8 -11 -8 -11 -8 -11 -8 -11 -8 -11 -8 -11 -8 -11 -8 -12 -8 -11 -8 -12 -8 0 0 0 0 0 0 0 0 0 0]"
"1769326795643762,CSI_DATA,STATION,00:00:00:00:00:00,0,0,0,0,0,0,0,0,0,0,0,0,0,0,0,0,0,0,0,0,0,128,[84 -64 4 0 0 0 0 0 0 0 0 0 -6 -9 -6 -9 -6 -9 -6 -9 -6 -9 -5 -9 -5 -9 -5 -10 -5 -10 -5 -10 -4 -10 -4 -10 -4 -10 -5 -11 -4 -11 -5 -11 -4 -11 -3 -10 -4 -11 -4 -11 -4 -11 -3 -11 -4 -11 -4 -11 -4 -11 -4 -11 0 0 -4 -11 -4 -11 -4 -11 -4 -11 -4 -11 -5 -11 -5 -11 -5 -11 -5 -11 -5 -11 -5 -12 -5 -11 -5 -11 -5 -12 -5 -12 -6 -12 -5 -12 -6 -12 -6 -12 -6 -12 -6 -12 -6 -12 -6 -12 -6 -13 -6 -13 -6 -13 0 0 0 0 0 0 0 0 0 0]"
"1769326795648101,CSI_DATA,STATION,00:00:00:00:00:00,0,0,0,0,0,0,0,0,0,0,0,0,0,0,0,0,0,0,0,0,0,128,[84 -64 4 0 0 0 0 0 0 0 0 0 1 17 1 18 1 18 -1 19 -1 18 -1 19 -1 19 -2 18 -2 18 -3 18 -3 19 -4 18 -4 18 -4 18 -4 18 -5 18 -4 18 -4 17 -5 18 -4 18 -4 18 -4 18 -5 17 -4 17 -5 18 -4 18 0 0 -4 18 -4 18 -4 18 -3 18 -3 19 -3 19 -3 19 -2 19 -3 19 -2 19 -2 20 -2 19 -2 19 -1 20 -2 20 -1 21 0 20 -1 21 -1 21 0 21 0 22 0 21 0 21 0 21 0 22 0 22 0 0 0 0 0 0 0 0 0 0]"
"1769326795652402,CSI_DATA,STATION,00:00:00:00:00:00,0,0,0,0,0,0,0,0,0,0,0,0,0,0,0,0,0,0,0,0,0,128,[84 -64 4 0 0 0 0 0 0 0 0 0 7 8 7 8 7 8 7 8 7 9 7 9 6 9 6 10 6 9 6 9 6 10 5 9 5 10 5 10 5 10 5 10 5 10 4 10 5 10 5 10 4 10 4 10 5 10 4 10 5 10 5 10 0 0 5 10 6 10 5 9 5 10 6 10 6 10 6 10 6 10 6 9 6 10 6 10 6 10 7 10 7 10 7 10 7 10 7 10 8 10 8 11 7 10 8 10 8 10 8 11 8 10 8 11 8 11 0 0 0 0 0 0 0 0 0 0]"
"1769326795658896,CSI_DATA,STATION,00:00:00:00:00:00,0,0,0,0,0,0,0,0,0,0,0,0,0,0,0,0,0,0,0,0,0,128,[84 -64 4 0 0 0 0 0 0 0 0 0 7 8 6 8 7 9 6 9 5 9 5 9 6 10 5 10 5 10 5 10 5 10 5 10 4 11 4 10 4 11 4 10 3 11 4 10 3 11 4 11 3 11 4 10 4 11 3 10 4 10 4 11 0 0 4 10 5 10 5 11 4 11 5 11 5 10 5 11 5 11 5 11 5 10 6 10 6 11 6 11 6 11 6 11 6 11 6 11 7 11 6 11 6 11 7 11 7 11 7 11 7 11 7 12 7 12 0 0 0 0 0 0 0 0 0 0]"
"1769326795663225,CSI_DATA,STATION,00:00:00:00:00:00,0,0,0,0,0,0,0,0,0,0,0,0,0,0,0,0,0,0,0,0,0,128,[84 -64 4 0 0 0 0 0 0 0 0 0 -9 4 -10 4 -10 3 -10 4 -10 3 -10 3 -10 3 -11 3 -10 3 -11 3 -11 3 -11 2 -11 1 -11 2 -11 2 -11 2 -11 1 -10 1 -11 1 -11 1 -11 1 -11 1 -11 1 -11 1 -11 1 -11 2 0 0 -11 2 -11 2 -11 2 -11 2 -12 2 -11 2 -11 2 -12 3 -11 3 -11 3 -12 3 -12 3 -12 3 -12 4 -12 3 -12 4 -12 3 -12 4 -12 4 -12 4 -12 5 -13 4 -12 4 -13 4 -13 5 -13 5 0 0 0 0 0 0 0 0 0 0]"
"1769326795669653,CSI_DATA,STATION,00:00:00:00:00:00,0,0,0,0,0,0,0,0,0,0,0,0,0,0,0,0,0,0,0,0,0,128,[84 -64 4 0 0 0 0 0 0 0 0 0 3 9 3 9 2 9 2 9 2 9 2 10 2 10 1 10 1 10 1 10 1 10 1 10 1 10 1 10 0 10 1 10 0 10 0 10 1 10 1 10 0 10 1 10 0 10 1 10 1 10 1 10 0 0 1 10 2 10 2 10 1 10 2 11 2 11 1 11 2 11 2 11 2 11 2 10 3 11 3 11 3 11 3 11 3 11 3 11 3 11 3 12 3 12 3 12 4 12 4 12 4 12 4 12 4 12 0 0 0 0 0 0 0 0 0 0]"
"1769326795673963,CSI_DATA,STATION,00:00:00:00:00:00,0,0,0,0,0,0,0,0,0,0,0,0,0,0,0,0,0,0,0,0,0,128,[84 -64 4 0 0 0 0 0 0 0 0 0 -9 7 -9 6 -10 6 -9 6 -10 6 -11 6 -10 6 -11 5 -11 5 -11 5 -11 5 -11 5 -11 4 -12 4 -12 4 -11 4 -11 4 -11 3 -11 3 -11 3 -11 4 -11 4 -12 4 -11 3 -11 4 -11 4 0 0 -11 4 -12 4 -11 4 -12 5 -11 4 -11 4 -11 5 -12 5 -11 5 -12 6 -11 5 -12 5 -12 5 -12 6 -12 6 -12 6 -12 6 -12 6 -12 7 -12 7 -12 7 -12 7 -12 7 -12 7 -13 7 -13 7 0 0 0 0 0 0 0 0 0 0]"
"1769326795678259,CSI_DATA,STATION,00:00:00:00:00:00,0,0,0,0,0,0,0,0,0,0,0,0,0,0,0,0,0,0,0,0,0,128,[84 -64 4 0 0 0 0 0 0 0 0 0 -5 8 -5 8 -5 8 -6 9 -6 8 -6 8 -6 8 -7 8 -7 8 -7 8 -7 8 -7 8 -7 7 -8 7 -8 7 -8 8 -8 8 -7 8 -8 7 -8 7 -7 7 -8 7 -8 8 -8 7 -8 7 -8 7 0 0 -8 8 -8 8 -7 8 -8 8 -7 8 -8 8 -7 8 -7 8 -7 9 -8 9 -7 9 -8 9 -7 9 -8 10 -7 9 -7 10 -7 10 -7 11 -7 10 -7 10 -7 11 -7 11 -8 10 -7 10 -8 11 -7 11 0 0 0 0 0 0 0 0 0 0]"
"1769326795684699,CSI_DATA,STATION,00:00:00:00:00:00,0,0,0,0,0,0,0,0,0,0,0,0,0,0,0,0,0,0,0,0,0,128,[84 -64 4 0 0 0 0 0 0 0 0 0 -5 7 -4 8 -6 7 -5 7 -6 7 -6 7 -6 7 -6 7 -6 7 -7 7 -7 7 -7 7 -7 6 -7 6 -7 6 -7 7 -7 6 -7 6 -7 6 -7 6 -7 6 -7 6 -7 6 -7 6 -7 6 -7 6 0 0 -7 7 -7 7 -7 6 -7 7 -7 7 -7 7 -7 7 -7 7 -6 8 -7 8 -7 8 -7 8 -7 8 -7 8 -7 8 -7 8 -7 8 -7 9 -7 9 -7 10 -7 9 -7 9 -7 9 -7 9 -7 10 -7 9 0 0 0 0 0 0 0 0 0 0]"
"1769326795688996,CSI_DATA,STATION,00:00:00:00:00:00,0,0,0,0,0,0,0,0,0,0,0,0,0,0,0,0,0,0,0,0,0,128,[84 -64 4 0 0 0 0 0 0 0 0 0 6 9 5 9 5 9 6 9 5 9 5 10 5 10 4 11 5 10 4 11 4 11 4 10 4 10 4 11 4 11 3 11 3 10 3 10 3 11 4 11 4 10 3 11 3 11 4 10 4 11 4 11 0 0 4 10 4 11 4 10 4 10 5 11 5 11 5 10 5 11 5 10 5 11 6 10 6 11 6 10 6 11 6 11 6 11 7 10 7 11 7 11 7 10 7 11 7 11 8 11 8 11 7 11 8 11 0 0 0 0 0 0 0 0 0 0]"
"1769326795693284,CSI_DATA,STATION,00:00:00:00:00:00,0,0,0,0,0,0,0,0,0,0,0,0,0,0,0,0,0,0,0,0,0,128,[84 -64 4 0 0 0 0 0 0 0 0 0 -5 8 -5 9 -6 8 -5 8 -6 8 -6 8 -6 8 -7 8 -7 8 -7 8 -7 8 -7 8 -7 8 -8 8 -8 7 -8 8 -8 8 -7 8 -8 7 -8 7 -8 7 -8 7 -8 7 -8 8 -8 7 -8 8 0 0 -8 8 -7 8 -7 8 -7 8 -7 8 -8 8 -7 8 -7 8 -7 9 -7 9 -7 9 -7 9 -7 9 -7 10 -7 9 -7 10 -7 10 -7 11 -7 11 -7 10 -7 11 -7 10 -7 10 -7 11 -7 11 -7 11 0 0 0 0 0 0 0 0 0 0]"
"1769326795699918,CSI_DATA,STATION,00:00:00:00:00:00,0,0,0,0,0,0,0,0,0,0,0,0,0,0,0,0,0,0,0,0,0,128,[84 -64 4 0 0 0 0 0 0 0 0 0 18 2 17 3 18 3 17 4 19 4 17 4 17 5 17 5 17 6 18 7 17 7 17 7 17 8 17 8 16 7 17 8 15 7 16 8 16 8 17 8 16 8 17 8 16 8 16 8 16 9 16 7 0 0 16 7 18 8 16 7 17 7 17 7 18 7 18 7 18 6 18 6 18 6 18 5 18 6 19 7 19 6 20 6 19 5 20 6 19 5 20 4 20 4 20 5 21 5 22 6 21 5 21 5 20 4 0 0 0 0 0 0 0 0 0 0]"
"1769326795704405,CSI_DATA,STATION,00:00:00:00:00:00,0,0,0,0,0,0,0,0,0,0,0,0,0,0,0,0,0,0,0,0,0,128,[84 -64 4 0 0 0 0 0 0 0 0 0 -4 -12 -4 -11 -3 -11 -3 -11 -3 -12 -3 -12 -3 -12 -3 -12 -2 -12 -2 -12 -2 -12 -1 -12 -1 -12 -1 -12 -2 -12 -1 -12 0 -12 -1 -12 -1 -12 -1 -13 -1 -12 -1 -12 -1 -13 -1 -12 -1 -12 -1 -12 0 0 -1 -12 -1 -12 -1 -12 -2 -12 -1 -13 -2 -12 -2 -12 -2 -13 -2 -13 -2 -14 -2 -13 -2 -13 -2 -13 -2 -13 -2 -14 -3 -13 -3 -14 -3 -13 -3 -14 -3 -14 -3 -15 -3 -14 -3 -15 -3 -14 -3 -14 -3 -14 0 0 0 0 0 0 0 0 0 0]"
"1769326795711077,CSI_DATA,STATION,00:00:00:00:00:00,0,0,0,0,0,0,0,0,0,0,0,0,0,0,0,0,0,0,0,0,0,128,[84 -64 4 0 0 0 0 0 0 0 0 0 12 0 12 0 13 1 12 1 12 1 12 2 12 2 12 2 12 2 13 3 12 3 12 3 12 3 12 3 12 4 12 4 12 4 12 3 12 4 12 4 12 4 12 4 12 4 13 4 12 3 12 4 0 0 12 4 12 3 12 3 12 3 13 3 13 3 12 3 13 3 13 2 13 2 13 2 13 2 13 2 14 2 14 2 14 2 15 1 14 1 15 2 14 1 15 1 15 1 15 1 15 1 14 1 15 1 0 0 0 0 0 0 0 0 0 0]"
"1769326795715487,CSI_DATA,STATION,00:00:00:00:00:00,0,0,0,0,0,0,0,0,0,0,0,0,0,0,0,0,0,0,0,0,0,128,[84 -64 4 0 0 0 0 0 0 0 0 0 9 -4 9 -4 10 -3 9 -4 10 -3 9 -4 10 -3 10 -3 10 -3 11 -2 10 -3 10 -2 10 -2 10 -2 10 -1 10 -1 10 -1 10 -1 10 -1 11 -1 10 -1 10 -1 10 -2 10 -2 10 -2 10 -2 0 0 10 -2 10 -2 10 -2 11 -3 10 -2 11 -2 11 -2 10 -2 11 -3 10 -3 10 -3 11 -3 11 -3 11 -3 11 -4 11 -3 12 -4 11 -4 12 -4 11 -4 12 -4 12 -4 13 -4 12 -4 12 -4 12 -5 0 0 0 0 0 0 0 0 0 0]"
"1769326795719749,CSI_DATA,STATION,00:00:00:00:00:00,0,0,0,0,0,0,0,0,0,0,0,0,0,0,0,0,0,0,0,0,0,128,[84 -64 4 0 0 0 0 0 0 0 0 0 9 -4 9 -3 9 -3 10 -2 10 -2 10 -2 10 -2 10 -1 10 -2 10 -1 10 -1 10 -1 11 0 10 0 10 -1 10 0 10 0 10 0 10 0 11 0 10 0 10 0 10 0 11 0 10 0 10 0 0 0 10 0 10 0 11 -1 10 -1 11 -1 11 -1 11 -1 11 -1 11 -1 11 -2 11 -1 11 -1 11 -2 11 -1 12 -2 12 -2 12 -2 12 -3 12 -2 12 -2 12 -2 12 -2 12 -2 13 -2 12 -3 12 -3 0 0 0 0 0 0 0 0 0 0]"
"1769326795726121,CSI_DATA,STATION,00:00:00:00:00:00,0,0,0,0,0,0,0,0,0,0,0,0,0,0,0,0,0,0,0,0,0,128,[84 -64 4 0 0 0 0 0 0 0 0 0 10 1 10 2 11 3 11 3 11 3 10 4 11 4 10 3 10 4 10 4 10 4 10 4 10 5 10 5 10 5 10 5 10 5 10 5 10 5 10 6 10 5 9 6 9 5 10 5 10 5 10 5 0 0 10 5 10 5 11 5 10 4 11 5 11 5 11 5 11 5 11 5 11 4 11 4 12 5 11 5 12 4 11 4 12 4 12 4 12 4 12 4 12 4 12 4 12 4 12 4 13 4 13 4 13 4 0 0 0 0 0 0 0 0 0 0]"
"1769326795730366,CSI_DATA,STATION,00:00:00:00:00:00,0,0,0,0,0,0,0,0,0,0,0,0,0,0,0,0,0,0,0,0,0,128,[84 -64 4 0 0 0 0 0 0 0 0 0 -7 -10 -6 -10 -6 -10 -6 -11 -6 -11 -6 -11 -5 -10 -5 -12 -5 -11 -5 -12 -4 -12 -4 -11 -4 -12 -4 -12 -4 -12 -4 -12 -3 -11 -3 -12 -4 -12 -4 -12 -4 -12 -3 -12 -3 -12 -3 -12 -4 -12 -4 -12 0 0 -4 -12 -4 -12 -4 -12 -5 -11 -5 -12 -5 -12 -5 -12 -5 -12 -5 -12 -5 -12 -5 -12 -5 -12 -5 -12 -5 -12 -6 -13 -6 -12 -6 -13 -6 -13 -6 -13 -6 -13 -6 -13 -7 -13 -6 -13 -7 -13 -7 -13 -7 -13 0 0 0 0 0 0 0 0 0 0]"
"1769326795736732,CSI_DATA,STATION,00:00:00:00:00:00,0,0,0,0,0,0,0,0,0,0,0,0,0,0,0,0,0,0,0,0,0,128,[84 -64 4 0 0 0 0 0 0 0 0 0 9 5 9 5 9 6 9 6 9 7 9 6 8 7 8 8 8 7 8 9 8 8 8 8 8 8 8 8 8 8 8 8 7 8 7 8 7 8 7 9 7 9 7 8 7 9 7 8 8 9 7 8 0 0 8 8 8 8 8 8 8 8 8 8 8 8 8 8 9 8 8 7 9 8 9 7 9 8 9 8 9 8 9 8 10 9 10 8 10 8 9 8 10 8 10 8 10 8 10 9 11 8 10 9 11 9 0 0 0 0 0 0 0 0 0 0]"
"1769326795741084,CSI_DATA,STATION,00:00:00:00:00:00,0,0,0,0,0,0,0,0,0,0,0,0,0,0,0,0,0,0,0,0,0,128,[84 -64 4 0 0 0 0 0 0 0 0 0 9 2 9 2 9 2 9 2 10 3 9 3 10 3 9 4 9 4 10 4 9 4 9 4 9 4 9 4 9 5 9 5 9 5 9 5 9 5 9 5 9 5 9 5 8 5 9 5 9 5 9 5 0 0 9 5 9 5 9 5 9 5 9 5 9 5 9 5 10 5 9 5 10 5 10 4 10 5 11 5 11 5 10 5 11 5 11 5 11 4 11 5 11 5 11 5 11 5 11 5 12 5 11 5 12 4 0 0 0 0 0 0 0 0 0 0]"
"1769326795745412,CSI_DATA,STATION,00:00:00:00:00:00,0,0,0,0,0,0,0,0,0,0,0,0,0,0,0,0,0,0,0,0,0,128,[84 -64 4 0 0 0 0 0 0 0 0 0 -8 10 -8 10 -9 10 -9 9 -9 9 -10 9 -9 9 -11 9 -10 8 -11 9 -10 8 -11 8 -11 8 -12 8 -11 7 -12 8 -11 7 -11 7 -11 7 -11 7 -11 7 -12 7 -11 7 -11 7 -11 7 -12 8 0 0 -11 7 -11 7 -11 7 -11 8 -11 7 -11 8 -11 8 -11 8 -11 9 -11 9 -11 9 -12 9 -12 9 -11 10 -11 9 -12 10 -11 10 -11 10 -11 10 -11 10 -11 11 -11 11 -12 10 -11 10 -12 11 -12 11 0 0 0 0 0 0 0 0 0 0]"
"1769326795756147,CSI_DATA,STATION,00:00:00:00:00:00,0,0,0,0,0,0,0,0,0,0,0,0,0,0,0,0,0,0,0,0,0,128,[84 -64 4 0 0 0 0 0 0 0 0 0 -3 9 -3 10 -4 9 -4 10 -4 9 -4 10 -5 9 -6 9 -5 9 -6 9 -5 10 -5 9 -6 8 -6 8 -6 9 -6 9 -6 9 -6 9 -6 9 -7 8 -6 8 -6 8 -7 9 -6 8 -6 8 -6 9 0 0 -6 9 -6 9 -6 9 -6 9 -6 9 -6 9 -6 9 -6 9 -6 10 -6 10 -6 10 -5 10 -6 10 -6 11 -6 10 -6 11 -5 11 -5 11 -5 11 -6 11 -5 11 -6 11 -6 11 -5 12 -6 12 -6 12 0 0 0 0 0 0 0 0 0 0]"
"1769326795762620,CSI_DATA,STATION,00:00:00:00:00:00,0,0,0,0,0,0,0,0,0,0,0,0,0,0,0,0,0,0,0,0,0,128,[84 -64 4 0 0 0 0 0 0 0 0 0 8 -8 8 -7 9 -7 9 -6 10 -7 8 -7 9 -6 10 -6 10 -6 10 -6 10 -6 10 -6 10 -5 11 -5 11 -5 10 -5 10 -5 10 -5 10 -5 11 -5 11 -5 11 -5 10 -5 10 -5 10 -5 10 -6 0 0 10 -6 11 -6 10 -5 10 -6 10 -6 11 -6 10 -5 10 -6 10 -7 10 -7 10 -7 11 -7 11 -7 11 -7 11 -8 11 -8 11 -8 10 -9 10 -8 10 -8 11 -8 11 -8 11 -9 11 -9 11 -9 11 -9 0 0 0 0 0 0 0 0 0 0]"
"1769326795766958,CSI_DATA,STATION,00:00:00:00:00:00,0,0,0,0,0,0,0,0,0,0,0,0,0,0,0,0,0,0,0,0,0,128,[84 -64 4 0 0 0 0 0 0 0 0 0 6 8 5 9 5 10 5 9 5 10 5 10 4 10 4 10 4 10 4 10 4 11 3 11 3 11 3 11 3 11 3 11 2 11 2 11 3 11 4 11 2 11 3 10 3 10 3 10 3 10 3 11 0 0 3 11 4 11 4 11 4 11 4 11 4 11 4 11 4 11 4 11 4 11 4 11 4 11 5 11 5 11 5 11 5 11 5 11 5 12 5 12 5 12 6 12 5 12 6 12 6 12 6 12 6 12 0 0 0 0 0 0 0 0 0 0]"
"1769326795771256,CSI_DATA,STATION,00:00:00:00:00:00,0,0,0,0,0,0,0,0,0,0,0,0,0,0,0,0,0,0,0,0,0,128,[84 -64 4 0 0 0 0 0 0 0 0 0 -7 -12 -6 -12 -6 -12 -6 -13 -6 -13 -5 -13 -5 -13 -5 -14 -4 -13 -4 -14 -4 -13 -4 -13 -3 -13 -3 -13 -3 -13 -3 -14 -3 -13 -3 -13 -3 -14 -3 -13 -3 -14 -3 -14 -3 -13 -3 -13 -3 -14 -3 -14 0 0 -4 -13 -3 -14 -4 -14 -4 -14 -3 -13 -4 -14 -4 -14 -4 -14 -4 -14 -5 -14 -5 -14 -5 -14 -5 -14 -5 -14 -5 -15 -5 -15 -6 -15 -6 -15 -5 -15 -6 -15 -6 -15 -6 -15 -6 -15 -7 -15 -6 -16 -6 -15 0 0 0 0 0 0 0 0 0 0]"
"1769326795777693,CSI_DATA,STATION,00:00:00:00:00:00,0,0,0,0,0,0,0,0,0,0,0,0,0,0,0,0,0,0,0,0,0,128,[84 -64 4 0 0 0 0 0 0 0 0 0 10 1 10 2 11 2 11 3 11 3 10 3 10 4 10 4 9 4 10 4 11 4 10 4 10 4 11 5 11 5 10 5 10 5 10 5 10 5 10 6 10 5 10 5 10 5 10 5 10 5 10 5 0 0 10 4 10 5 11 5 10 4 11 5 10 5 10 5 11 5 11 4 11 4 11 4 12 4 12 4 12 4 12 4 12 4 13 4 13 3 12 4 12 3 12 3 12 4 13 4 13 4 13 3 13 4 0 0 0 0 0 0 0 0 0 0]"
"1769326795782037,CSI_DATA,STATION,00:00:00:00:00:00,0,0,0,0,0,0,0,0,0,0,0,0,0,0,0,0,0,0,0,0,0,128,[84 -64 4 0 0 0 0 0 0 0 0 0 -6 8 -6 8 -7 8 -7 7 -7 7 -7 7 -8 7 -8 7 -8 7 -9 7 -8 7 -8 6 -9 6 -9 6 -9 6 -9 7 -9 6 -9 7 -9 6 -9 6 -9 6 -9 6 -9 7 -9 6 -9 6 -8 7 0 0 -8 6 -9 7 -9 7 -8 7 -9 7 -8 7 -9 7 -9 7 -8 8 -9 8 -9 8 -9 8 -8 8 -9 8 -9 9 -8 9 -9 9 -9 9 -8 9 -9 9 -9 10 -9 9 -10 10 -9 10 -9 10 -9 10 0 0 0 0 0 0 0 0 0 0]"
"1769326795788492,CSI_DATA,STATION,00:00:00:00:00:00,0,0,0,0,0,0,0,0,0,0,0,0,0,0,0,0,0,0,0,0,0,128,[84 -64 4 0 0 0 0 0 0 0 0 0 10 -1 10 -1 11 0 11 0 11 1 11 1 11 1 11 1 11 1 11 2 11 2 11 2 12 2 11 2 12 2 10 2 11 2 11 2 11 3 11 2 11 2 11 2 11 2 11 2 11 2 11 2 0 0 11 1 11 2 11 1 11 1 12 1 12 1 11 1 12 1 11 0 12 1 12 0 12 0 12 1 13 1 12 0 13 0 13 -1 13 -1 13 -1 13 -1 13 -1 13 -1 13 0 14 -1 14 -1 14 -1 0 0 0 0 0 0 0 0 0 0]"
"1769326795792794,CSI_DATA,STATION,00:00:00:00:00:00,0,0,0,0,0,0,0,0,0,0,0,0,0,0,0,0,0,0,0,0,0,128,[84 -64 4 0 0 0 0 0 0 0 0 0 -2 9 -3 9 -3 9 -3 9 -3 9 -4 10 -4 10 -4 10 -5 10 -5 9 -5 10 -5 9 -5 9 -5 9 -6 9 -5 9 -5 9 -5 9 -6 9 -6 9 -6 9 -5 9 -6 9 -5 9 -5 8 -5 9 0 0 -5 10 -5 9 -5 9 -5 10 -5 10 -5 10 -5 10 -5 10 -5 10 -5 11 -5 11 -4 10 -5 11 -4 11 -4 11 -4 12 -4 11 -4 11 -4 12 -4 12 -4 12 -4 12 -4 12 -4 12 -4 12 -5 12 0 0 0 0 0 0 0 0 0 0]"
"1769326795797118,CSI_DATA,STATION,00:00:00:00:00:00,0,0,0,0,0,0,0,0,0,0,0,0,0,0,0,0,0,0,0,0,0,128,[84 -64 4 0 0 0 0 0 0 0 0 0 10 -4 10 -4 10 -4 11 -4 11 -3 11 -3 11 -3 11 -2 11 -2 12 -2 11 -2 11 -2 11 -1 11 -1 12 -1 11 -1 11 -1 11 -1 12 -1 11 0 11 -1 11 -1 11 -1 11 -1 11 -1 11 -1 0 0 11 -1 11 -2 12 -2 11 -2 11 -2 12 -2 12 -2 12 -2 12 -2 12 -2 11 -3 12 -3 12 -2 13 -2 12 -3 12 -3 13 -4 13 -3 13 -3 13 -3 13 -4 13 -3 13 -3 13 -4 13 -4 13 -4 0 0 0 0 0 0 0 0 0 0]"
"1769326795803561,CSI_DATA,STATION,00:00:00:00:00:00,0,0,0,0,0,0,0,0,0,0,0,0,0,0,0,0,0,0,0,0,0,128,[84 -64 4 0 0 0 0 0 0 0 0 0 -8 -6 -9 -7 -9 -7 -8 -7 -8 -7 -8 -8 -8 -8 -7 -8 -8 -9 -7 -9 -8 -9 -7 -9 -7 -9 -7 -9 -7 -9 -7 -9 -7 -9 -6 -9 -7 -9 -7 -10 -7 -9 -7 -9 -7 -9 -6 -9 -7 -9 -7 -10 0 0 -7 -9 -7 -9 -8 -9 -7 -9 -8 -9 -8 -9 -8 -9 -8 -9 -8 -9 -8 -9 -8 -9 -8 -9 -9 -9 -8 -9 -9 -9 -9 -9 -9 -9 -9 -10 -9 -10 -9 -9 -10 -10 -10 -9 -10 -10 -10 -10 -10 -9 -10 -10 0 0 0 0 0 0 0 0 0 0]"
"1769326795807853,CSI_DATA,STATION,00:00:00:00:00:00,0,0,0,0,0,0,0,0,0,0,0,0,0,0,0,0,0,0,0,0,0,128,[84 -64 4 0 0 0 0 0 0 0 0 0 -11 3 -11 2 -12 2 -12 2 -12 1 -12 1 -12 1 -12 0 -12 0 -13 0 -12 0 -12 0 -13 0 -12 0 -12 -1 -12 0 -13 -1 -13 -2 -13 -1 -13 -2 -12 -2 -13 -1 -13 -1 -12 -1 -12 -1 -12 0 0 0 -12 -1 -12 0 -12 0 -12 0 -13 0 -12 0 -12 0 -13 0 -13 0 -13 0 -13 1 -14 0 -13 1 -14 1 -13 1 -13 1 -14 1 -13 1 -14 1 -14 1 -14 1 -14 1 -15 2 -15 2 -14 2 -14 2 0 0 0 0 0 0 0 0 0 0]"
"1769326795814489,CSI_DATA,STATION,00:00:00:00:00:00,0,0,0,0,0,0,0,0,0,0,0,0,0,0,0,0,0,0,0,0,0,128,[84 -64 4 0 0 0 0 0 0 0 0 0 8 -7 9 -7 9 -7 9 -7 9 -6 9 -6 10 -7 10 -6 9 -6 10 -5 10 -5 10 -5 10 -5 11 -5 11 -5 10 -5 10 -4 10 -5 11 -4 11 -5 11 -4 10 -4 10 -5 10 -4 11 -4 11 -5 0 0 10 -5 10 -4 11 -4 10 -5 11 -5 11 -5 11 -5 11 -6 11 -6 10 -6 11 -6 11 -6 11 -6 11 -6 11 -7 11 -7 11 -6 11 -8 12 -7 11 -8 11 -7 11 -7 12 -7 12 -7 12 -7 12 -7 0 0 0 0 0 0 0 0 0 0]"
"1769326795818735,CSI_DATA,STATION,00:00:00:00:00:00,0,0,0,0,0,0,0,0,0,0,0,0,0,0,0,0,0,0,0,0,0,128,[84 -64 4 0 0 0 0 0 0 0 0 0 6 8 5 8 6 8 5 8 5 8 5 9 5 9 4 9 4 9 4 9 4 9 4 9 4 9 4 9 4 10 4 9 3 10 3 10 4 9 4 9 3 10 3 10 3 9 4 9 4 9 4 10 0 0 3 10 4 9 4 10 4 9 4 10 4 10 4 10 5 9 5 9 5 10 5 9 5 10 6 10 6 10 5 10 6 10 6 10 6 10 6 10 6 11 6 11 6 11 6 10 7 10 7 11 7 11 0 0 0 0 0 0 0 0 0 0]"
"1769326795822991,CSI_DATA,STATION,00:00:00:00:00:00,0,0,0,0,0,0,0,0,0,0,0,0,0,0,0,0,0,0,0,0,0,128,[84 -64 4 0 0 0 0 0 0 0 0 0 -4 8 -4 8 -5 8 -5 7 -5 8 -5 7 -5 8 -6 7 -6 8 -7 7 -6 7 -6 7 -7 7 -6 7 -7 7 -7 7 -7 7 -7 7 -7 6 -7 6 -7 6 -7 7 -7 7 -7 6 -7 7 -7 7 0 0 -7 7 -7 7 -6 7 -7 7 -7 7 -7 7 -7 7 -7 7 -6 8 -7 8 -7 8 -7 7 -7 8 -7 8 -7 8 -7 9 -7 9 -7 9 -7 9 -7 9 -7 9 -7 9 -7 9 -7 9 -7 9 -7 9 0 0 0 0 0 0 0 0 0 0]"
"1769326795829342,CSI_DATA,STATION,00:00:00:00:00:00,0,0,0,0,0,0,0,0,0,0,0,0,0,0,0,0,0,0,0,0,0,128,[84 -64 4 0 0 0 0 0 0 0 0 0 -10 -13 -11 -13 -11 -14 -10 -14 -10 -15 -9 -14 -9 -15 -8 -15 -9 -15 -8 -16 -8 -16 -8 -16 -8 -16 -8 -16 -7 -16 -7 -15 -7 -16 -7 -16 -8 -16 -7 -16 -7 -16 -7 -16 -7 -16 -8 -16 -7 -16 -7 -16 0 0 -8 -16 -8 -15 -8 -15 -8 -16 -9 -16 -9 -16 -9 -15 -10 -16 -9 -15 -10 -15 -10 -15 -10 -15 -10 -15 -11 -15 -11 -15 -11 -15 -12 -16 -12 -16 -12 -16 -12 -15 -12 -16 -13 -15 -13 -16 -13 -17 -13 -16 -13 -16 0 0 0 0 0 0 0 0 0 0]"
"1769326795835680,CSI_DATA,STATION,00:00:00:00:00:00,0,0,0,0,0,0,0,0,0,0,0,0,0,0,0,0,0,0,0,0,0,128,[84 -64 4 0 0 0 0 0 0 0 0 0 -11 -1 -11 -2 -12 -2 -12 -3 -12 -3 -12 -3 -11 -3 -12 -4 -11 -3 -12 -4 -12 -4 -12 -5 -12 -4 -12 -4 -11 -5 -11 -4 -11 -4 -12 -5 -12 -5 -12 -5 -11 -5 -11 -5 -11 -4 -12 -5 -11 -5 -12 -5 0 0 -12 -4 -12 -5 -12 -4 -11 -4 -13 -4 -12 -4 -12 -4 -13 -3 -12 -3 -13 -3 -13 -3 -13 -3 -13 -3 -14 -3 -13 -3 -14 -2 -14 -3 -14 -2 -14 -2 -14 -2 -14 -2 -15 -2 -14 -2 -15 -2 -14 -2 -14 -2 0 0 0 0 0 0 0 0 0 0]"
"1769326795839989,CSI_DATA,STATION,00:00:00:00:00:00,0,0,0,0,0,0,0,0,0,0,0,0,0,0,0,0,0,0,0,0,0,128,[84 -64 4 0 0 0 0 0 0 0 0 0 8 -8 9 -8 9 -7 9 -7 9 -6 10 -7 9 -7 10 -6 10 -6 10 -5 10 -6 11 -6 10 -5 10 -5 11 -5 10 -5 11 -5 10 -5 10 -5 11 -5 11 -5 11 -5 11 -6 10 -6 10 -5 10 -5 0 0 10 -6 10 -5 10 -5 10 -6 11 -6 10 -6 10 -6 10 -7 10 -6 10 -7 10 -7 10 -7 10 -7 11 -8 10 -8 10 -8 10 -8 11 -8 10 -9 10 -9 11 -9 10 -9 11 -9 10 -9 11 -10 11 -9 0 0 0 0 0 0 0 0 0 0]"
"1769326795844280,CSI_DATA,STATION,00:00:00:00:00:00,0,0,0,0,0,0,0,0,0,0,0,0,0,0,0,0,0,0,0,0,0,128,[84 -64 4 0 0 0 0 0 0 0 0 0 -3 -11 -3 -11 -3 -11 -2 -12 -2 -12 -2 -13 -1 -12 -1 -13 -2 -12 -1 -12 -1 -13 -1 -13 -1 -12 0 -12 0 -12 -1 -13 0 -12 0 -12 0 -13 0 -12 0 -12 -1 -12 1 -12 0 -12 0 -12 -1 -12 0 0 -1 -12 -1 -12 -1 -12 -2 -12 -2 -12 -2 -12 -2 -12 -2 -13 -2 -12 -2 -13 -2 -14 -2 -13 -2 -13 -3 -13 -3 -13 -3 -14 -3 -13 -3 -14 -3 -14 -3 -14 -4 -14 -4 -14 -4 -15 -4 -14 -3 -14 -4 -14 0 0 0 0 0 0 0 0 0 0]"
"1769326795850736,CSI_DATA,STATION,00:00:00:00:00:00,0,0,0,0,0,0,0,0,0,0,0,0,0,0,0,0,0,0,0,0,0,128,[84 -64 4 0 0 0 0 0 0 0 0 0 5 -8 5 -9 6 -8 6 -9 6 -8 7 -9 7 -8 7 -8 7 -8 8 -8 7 -8 8 -8 8 -7 8 -8 8 -7 8 -7 8 -7 8 -7 8 -7 8 -7 8 -7 8 -7 7 -7 8 -6 8 -8 8 -8 0 0 8 -8 8 -7 8 -8 8 -8 8 -8 8 -8 8 -8 8 -8 8 -9 7 -9 7 -9 7 -9 8 -9 8 -9 8 -9 8 -10 7 -9 8 -10 8 -10 8 -10 8 -10 8 -10 8 -10 8 -10 8 -11 8 -11 0 0 0 0 0 0 0 0 0 0]"
"1769326795855053,CSI_DATA,STATION,00:00:00:00:00:00,0,0,0,0,0,0,0,0,0,0,0,0,0,0,0,0,0,0,0,0,0,128,[84 -64 4 0 0 0 0 0 0 0 0 0 7 -9 7 -9 7 -9 8 -9 8 -9 8 -9 8 -8 8 -8 8 -8 9 -8 9 -8 9 -8 9 -8 9 -7 9 -7 9 -8 9 -8 9 -8 9 -7 10 -7 9 -7 9 -7 9 -8 9 -8 9 -7 9 -8 0 0 9 -8 9 -7 9 -8 9 -8 9 -8 9 -8 8 -8 8 -9 9 -9 8 -9 8 -9 9 -9 9 -9 9 -9 9 -10 8 -10 8 -10 8 -11 9 -11 9 -11 8 -11 9 -10 8 -11 9 -11 8 -12 9 -12 0 0 0 0 0 0 0 0 0 0]"
"1769326795859352,CSI_DATA,STATION,00:00:00:00:00:00,0,0,0,0,0,0,0,0,0,0,0,0,0,0,0,0,0,0,0,0,0,128,[84 -64 4 0 0 0 0 0 0 0 0 0 -11 4 -11 4 -11 4 -12 3 -11 3 -12 3 -11 3 -12 2 -12 2 -12 2 -12 2 -12 2 -12 1 -12 1 -13 1 -12 1 -12 1 -12 0 -13 1 -12 0 -12 0 -12 0 -12 1 -12 0 -12 0 -12 1 0 0 -12 1 -12 0 -12 1 -12 2 -13 1 -13 2 -12 2 -13 1 -13 2 -13 2 -13 2 -14 2 -13 2 -13 2 -13 2 -14 2 -13 2 -14 3 -13 3 -14 3 -14 3 -14 3 -14 3 -14 3 -14 3 -14 3 0 0 0 0 0 0 0 0 0 0]"
"1769326795865816,CSI_DATA,STATION,00:00:00:00:00:00,0,0,0,0,0,0,0,0,0,0,0,0,0,0,0,0,0,0,0,0,0,128,[84 -64 4 0 0 0 0 0 0 0 0 0 11 -2 11 -1 11 -1 11 0 11 0 11 0 11 0 12 0 11 0 11 1 12 1 11 1 11 1 11 1 12 1 11 1 11 2 11 1 12 1 11 2 12 2 11 2 11 1 12 2 11 1 11 1 0 0 11 1 11 1 12 1 11 1 11 1 12 1 12 0 12 0 12 0 12 0 11 0 12 0 13 0 13 -1 13 -1 12 -1 13 -1 13 -2 13 -1 13 -1 13 -1 13 -1 14 -1 14 -1 14 -1 13 -2 0 0 0 0 0 0 0 0 0 0]"
"1769326795870140,CSI_DATA,STATION,00:00:00:00:00:00,0,0,0,0,0,0,0,0,0,0,0,0,0,0,0,0,0,0,0,0,0,128,[84 -64 4 0 0 0 0 0 0 0 0 0 11 1 12 2 12 2 13 2 12 2 12 3 12 3 12 3 12 4 12 5 12 3 11 4 12 4 12 5 12 4 11 5 11 5 12 5 12 4 12 5 12 5 12 5 11 5 12 5 12 4 11 4 0 0 11 4 12 4 12 4 11 4 12 4 12 4 12 4 13 4 12 4 13 3 12 3 13 3 14 4 14 3 13 3 13 3 14 3 14 2 14 3 13 3 14 3 14 3 15 3 15 2 15 3 15 2 0 0 0 0 0 0 0 0 0 0]"
"1769326795874424,CSI_DATA,STATION,00:00:00:00:00:00,0,0,0,0,0,0,0,0,0,0,0,0,0,0,0,0,0,0,0,0,0,128,[84 -64 4 0 0 0 0 0 0 0 0 0 0 10 0 11 -1 11 -1 11 -1 11 -1 12 -1 11 -2 11 -2 11 -2 12 -2 12 -2 11 -2 11 -3 11 -3 11 -3 11 -3 12 -3 11 -3 11 -3 11 -3 11 -3 11 -3 11 -2 11 -3 10 -3 12 0 0 -3 12 -2 11 -2 12 -2 11 -2 12 -2 11 -2 11 -1 12 -1 12 -1 12 -1 13 -1 12 -1 12 -1 13 -1 12 -1 13 0 13 0 13 0 13 -1 13 0 13 0 13 0 13 0 13 0 14 0 14 0 0 0 0 0 0 0 0 0 0]"
"1769326795880888,CSI_DATA,STATION,00:00:00:00:00:00,0,0,0,0,0,0,0,0,0,0,0,0,0,0,0,0,0,0,0,0,0,128,[84 -64 4 0 0 0 0 0 0 0 0 0 -5 -11 -5 -11 -5 -11 -5 -11 -5 -11 -4 -12 -3 -11 -4 -12 -3 -12 -4 -12 -3 -12 -3 -12 -3 -12 -3 -12 -3 -12 -3 -12 -2 -12 -2 -12 -2 -12 -2 -12 -2 -12 -2 -12 -2 -12 -2 -12 -2 -12 -2 -12 0 0 -2 -12 -3 -12 -2 -12 -3 -13 -3 -13 -2 -12 -3 -12 -3 -13 -3 -13 -3 -13 -3 -13 -4 -13 -4 -13 -3 -13 -4 -13 -4 -13 -4 -13 -4 -13 -4 -14 -4 -14 -4 -14 -4 -13 -4 -14 -5 -14 -4 -14 -5 -14 0 0 0 0 0 0 0 0 0 0]"
"1769326795885185,CSI_DATA,STATION,00:00:00:00:00:00,0,0,0,0,0,0,0,0,0,0,0,0,0,0,0,0,0,0,0,0,0,128,[84 -64 4 0 0 0 0 0 0 0 0 0 -10 5 -9 5 -10 4 -10 4 -10 4 -10 4 -10 4 -10 3 -10 3 -11 3 -11 3 -11 3 -11 2 -11 2 -11 2 -11 3 -10 2 -10 2 -11 2 -11 2 -11 2 -11 2 -11 2 -11 2 -11 2 -11 2 0 0 -11 3 -11 3 -11 3 -11 3 -11 3 -11 4 -11 4 -12 4 -10 4 -11 4 -11 4 -12 4 -11 4 -12 4 -11 5 -11 5 -12 4 -12 5 -11 6 -12 6 -12 6 -12 6 -12 5 -12 6 -13 6 -12 6 0 0 0 0 0 0 0 0 0 0]"
"1769326795891620,CSI_DATA,STATION,00:00:00:00:00:00,0,0,0,0,0,0,0,0,0,0,0,0,0,0,0,0,0,0,0,0,0,128,[84 -64 4 0 0 0 0 0 0 0 0 0 -17 -8 -17 -9 -17 -9 -17 -10 -17 -10 -16 -10 -15 -11 -15 -11 -15 -12 -16 -12 -15 -12 -15 -12 -15 -13 -15 -13 -15 -14 -14 -13 -14 -13 -13 -13 -14 -14 -14 -13 -14 -14 -14 -14 -13 -13 -14 -14 -14 -14 -14 -13 0 0 -14 -13 -15 -13 -15 -13 -14 -12 -15 -13 -15 -13 -15 -13 -15 -13 -15 -13 -15 -11 -16 -12 -17 -12 -17 -12 -17 -12 -17 -12 -17 -12 -17 -13 -18 -12 -18 -12 -18 -12 -19 -12 -19 -12 -19 -12 -19 -12 -19 -12 -19 -12 0 0 0 0 0 0 0 0 0 0]"
"1769326795895905,CSI_DATA,STATION,00:00:00:00:00:00,0,0,0,0,0,0,0,0,0,0,0,0,0,0,0,0,0,0,0,0,0,128,[84 -64 4 0 0 0 0 0 0 0 0 0 -6 10 -6 9 -6 9 -7 10 -7 8 -7 10 -7 9 -8 9 -8 9 -8 8 -8 9 -8 9 -8 8 -8 8 -9 8 -8 8 -9 8 -8 8 -9 8 -9 8 -9 8 -9 8 -9 8 -9 8 -9 8 -9 8 0 0 -9 8 -8 8 -9 8 -8 8 -8 9 -8 9 -8 9 -8 9 -8 9 -8 10 -8 10 -8 10 -8 9 -8 10 -8 10 -8 11 -7 10 -8 11 -8 11 -8 11 -7 11 -7 11 -8 11 -8 12 -8 12 -8 12 0 0 0 0 0 0 0 0 0 0]"
"1769326795906494,CSI_DATA,STATION,00:00:00:00:00:00,0,0,0,0,0,0,0,0,0,0,0,0,0,0,0,0,0,0,0,0,0,128,[84 -64 4 0 0 0 0 0 0 0 0 0 -15 7 -15 7 -16 6 -17 6 -16 5 -16 6 -16 5 -17 4 -17 4 -17 4 -17 4 -17 4 -17 4 -17 3 -17 3 -17 3 -17 3 -17 3 -17 3 -17 2 -17 2 -17 2 -16 3 -17 3 -17 2 -17 4 0 0 -17 3 -17 3 -17 3 -17 4 -17 4 -17 3 -17 3 -17 4 -17 5 -17 6 -17 6 -17 5 -17 6 -17 6 -17 6 -18 7 -18 6 -18 7 -18 7 -18 7 -18 8 -18 7 -18 7 -18 8 -18 8 -18 8 0 0 0 0 0 0 0 0 0 0]"
"1769326795913097,CSI_DATA,STATION,00:00:00:00:00:00,0,0,0,0,0,0,0,0,0,0,0,0,0,0,0,0,0,0,0,0,0,128,[84 -64 4 0 0 0 0 0 0 0 0 0 4 -11 5 -11 5 -11 5 -11 5 -10 6 -11 6 -10 6 -11 6 -10 7 -9 7 -10 7 -9 7 -10 7 -9 7 -9 7 -9 7 -10 7 -9 7 -9 7 -9 8 -9 8 -9 8 -9 7 -9 7 -9 7 -10 0 0 7 -10 6 -9 7 -10 6 -10 7 -11 6 -10 6 -10 6 -11 7 -11 7 -11 7 -11 7 -11 6 -11 6 -12 6 -12 6 -12 6 -12 6 -12 6 -13 6 -12 6 -13 6 -12 6 -13 6 -13 6 -13 6 -13 0 0 0 0 0 0 0 0 0 0]"
"1769326795919482,CSI_DATA,STATION,00:00:00:00:00:00,0,0,0,0,0,0,0,0,0,0,0,0,0,0,0,0,0,0,0,0,0,128,[84 -64 4 0 0 0 0 0 0 0 0 0 -6 7 -7 7 -7 7 -7 7 -7 7 -8 7 -8 7 -8 7 -8 7 -9 7 -9 7 -9 6 -9 6 -9 6 -9 6 -9 6 -9 6 -9 5 -9 6 -10 6 -9 5 -9 5 -9 6 -9 6 -9 6 -9 6 0 0 -9 6 -9 6 -9 6 -9 7 -9 7 -9 7 -9 7 -9 7 -9 7 -9 8 -9 8 -9 7 -9 7 -9 8 -9 8 -9 8 -9 8 -9 8 -9 9 -9 9 -9 9 -9 9 -10 9 -10 9 -10 9 -10 9 0 0 0 0 0 0 0 0 0 0]"
"1769326795925866,CSI_DATA,STATION,00:00:00:00:00:00,0,0,0,0,0,0,0,0,0,0,0,0,0,0,0,0,0,0,0,0,0,128,[84 -64 4 0 0 0 0 0 0 0 0 0 8 -8 8 -7 9 -7 9 -6 10 -6 10 -7 10 -6 10 -6 10 -6 10 -5 10 -6 10 -5 11 -5 11 -5 11 -5 10 -5 10 -5 10 -5 11 -4 11 -4 11 -4 11 -4 10 -4 11 -4 11 -4 10 -5 0 0 10 -5 11 -5 11 -5 11 -5 11 -5 11 -5 11 -5 11 -5 10 -6 11 -6 11 -6 11 -6 11 -5 12 -6 11 -6 11 -7 11 -6 12 -7 11 -6 11 -7 12 -7 12 -7 12 -7 12 -7 12 -7 12 -7 0 0 0 0 0 0 0 0 0 0]"
"1769326795930134,CSI_DATA,STATION,00:00:00:00:00:00,0,0,0,0,0,0,0,0,0,0,0,0,0,0,0,0,0,0,0,0,0,128,[84 -64 4 0 0 0 0 0 0 0 0 0 10 14 10 15 10 15 9 16 9 16 9 16 8 16 8 17 8 17 7 17 7 17 6 17 7 17 7 17 6 17 5 17 6 18 5 17 6 18 6 17 5 17 6 17 6 17 6 17 6 17 6 17 0 0 6 18 6 17 6 18 6 17 7 17 7 17 7 18 7 17 7 17 8 17 8 17 9 17 9 18 9 18 8 18 9 19 10 19 10 18 10 18 10 17 10 18 11 19 11 19 11 19 11 19 11 19 0 0 0 0 0 0 0 0 0 0]"
"1769326795936639,CSI_DATA,STATION,00:00:00:00:00:00,0,0,0,0,0,0,0,0,0,0,0,0,0,0,0,0,0,0,0,0,0,128,[84 -64 4 0 0 0 0 0 0 0 0 0 -11 3 -11 3 -12 2 -12 1 -12 2 -11 1 -12 1 -12 2 -12 1 -13 0 -12 0 -12 1 -13 0 -13 0 -13 0 -12 0 -12 -1 -12 0 -13 -1 -12 0 -12 -1 -13 0 -12 0 -12 -1 -12 0 -12 0 0 0 -12 1 -13 0 -12 1 -12 1 -13 0 -12 1 -12 1 -13 1 -12 1 -13 1 -13 2 -13 2 -13 2 -13 2 -13 2 -13 3 -14 2 -13 2 -14 3 -14 3 -14 3 -14 3 -14 3 -15 3 -14 3 -14 3 0 0 0 0 0 0 0 0 0 0]"
"1769326795941006,CSI_DATA,STATION,00:00:00:00:00:00,0,0,0,0,0,0,0,0,0,0,0,0,0,0,0,0,0,0,0,0,0,128,[84 -64 4 0 0 0 0 0 0 0 0 0 8 6 9 7 8 7 8 7 9 7 8 8 8 8 7 8 7 8 7 9 7 9 7 9 7 9 7 9 7 9 7 9 6 9 6 8 6 9 6 9 6 9 6 9 6 10 7 9 6 9 6 9 0 0 7 9 7 9 7 9 7 9 7 9 7 9 7 9 7 9 7 9 8 9 8 9 8 9 8 10 8 9 8 9 8 9 9 9 9 9 8 9 8 9 8 10 9 10 9 10 10 10 10 10 10 9 0 0 0 0 0 0 0 0 0 0]"
"1769326795945345,CSI_DATA,STATION,00:00:00:00:00:00,0,0,0,0,0,0,0,0,0,0,0,0,0,0,0,0,0,0,0,0,0,128,[84 -64 4 0 0 0 0 0 0 0 0 0 9 -3 9 -2 10 -2 10 -2 10 -2 10 -1 10 -1 10 -1 10 -1 10 0 10 0 10 -1 10 0 10 0 10 0 10 0 10 0 10 0 10 0 11 1 10 1 10 1 11 0 11 1 10 0 10 0 0 0 10 0 11 0 10 0 11 0 11 0 11 0 11 0 11 0 11 -1 11 -1 11 -1 11 -1 12 -1 12 0 12 -1 12 -1 12 -1 12 -2 12 -1 12 -2 13 -1 12 -1 13 -1 13 -1 13 -2 13 -1 0 0 0 0 0 0 0 0 0 0]"
"1769326795951830,CSI_DATA,STATION,00:00:00:00:00:00,0,0,0,0,0,0,0,0,0,0,0,0,0,0,0,0,0,0,0,0,0,128,[84 -64 4 0 0 0 0 0 0 0 0 0 -1 11 -2 11 -3 11 -3 11 -3 11 -4 11 -4 11 -4 11 -4 11 -4 11 -4 11 -5 11 -4 11 -5 10 -5 10 -5 11 -5 11 -5 10 -5 10 -5 10 -5 10 -4 10 -5 11 -5 11 -5 10 -5 11 0 0 -5 10 -4 10 -4 11 -4 12 -4 11 -4 11 -4 11 -4 11 -3 11 -4 12 -3 12 -3 12 -3 12 -3 12 -3 13 -3 12 -3 12 -3 12 -3 13 -3 13 -3 13 -2 13 -2 14 -2 14 -3 13 -3 13 0 0 0 0 0 0 0 0 0 0]"
"1769326795956197,CSI_DATA,STATION,00:00:00:00:00:00,0,0,0,0,0,0,0,0,0,0,0,0,0,0,0,0,0,0,0,0,0,128,[84 -64 4 0 0 0 0 0 0 0 0 0 3 -10 4 -10 5 -9 5 -9 5 -9 5 -10 5 -9 5 -9 6 -9 6 -9 6 -9 6 -9 6 -9 6 -9 7 -9 6 -9 6 -8 6 -9 7 -9 7 -8 7 -9 7 -8 6 -8 6 -9 6 -9 7 -9 0 0 6 -9 7 -8 6 -9 6 -9 6 -9 6 -9 7 -9 7 -10 6 -9 6 -10 6 -10 6 -10 6 -11 7 -10 6 -11 6 -11 6 -11 6 -12 6 -11 6 -12 6 -11 6 -11 6 -11 6 -12 6 -12 6 -12 0 0 0 0 0 0 0 0 0 0]"
"1769326795960535,CSI_DATA,STATION,00:00:00:00:00:00,0,0,0,0,0,0,0,0,0,0,0,0,0,0,0,0,0,0,0,0,0,128,[84 -64 4 0 0 0 0 0 0 0 0 0 -6 -10 -6 -10 -6 -10 -6 -11 -6 -11 -5 -11 -5 -11 -5 -11 -5 -12 -5 -12 -5 -11 -5 -12 -4 -12 -5 -12 -4 -12 -4 -12 -4 -11 -4 -12 -4 -12 -4 -12 -4 -12 -4 -12 -4 -12 -4 -12 -4 -11 -5 -11 0 0 -5 -12 -5 -12 -5 -11 -5 -12 -5 -11 -5 -12 -5 -11 -6 -12 -6 -11 -6 -11 -6 -11 -7 -12 -6 -12 -6 -12 -6 -12 -7 -12 -8 -12 -7 -12 -7 -12 -7 -12 -7 -12 -7 -12 -7 -12 -8 -12 -8 -12 -8 -12 0 0 0 0 0 0 0 0 0 0]"
"1769326795967085,CSI_DATA,STATION,00:00:00:00:00:00,0,0,0,0,0,0,0,0,0,0,0,0,0,0,0,0,0,0,0,0,0,128,[84 -64 4 0 0 0 0 0 0 0 0 0 0 -12 0 -12 0 -12 0 -12 1 -12 1 -12 1 -12 1 -12 2 -12 2 -12 2 -12 2 -12 2 -12 2 -12 2 -12 3 -12 2 -12 3 -12 3 -12 3 -12 3 -11 2 -11 3 -12 3 -12 2 -12 2 -12 0 0 2 -12 2 -12 2 -11 2 -13 2 -12 1 -12 1 -12 1 -13 1 -13 1 -13 1 -13 1 -13 1 -13 1 -13 0 -14 1 -14 0 -14 0 -14 0 -14 0 -15 0 -14 0 -14 0 -14 0 -14 0 -15 0 -15 0 0 0 0 0 0 0 0 0 0]"
"1769326795971423,CSI_DATA,STATION,00:00:00:00:00:00,0,0,0,0,0,0,0,0,0,0,0,0,0,0,0,0,0,0,0,0,0,128,[84 -64 4 0 0 0 0 0 0 0 0 0 -5 -11 -5 -11 -5 -11 -5 -11 -5 -11 -4 -11 -4 -12 -4 -12 -4 -12 -4 -12 -3 -12 -3 -12 -2 -13 -2 -12 -2 -12 -3 -12 -2 -12 -2 -12 -2 -13 -2 -13 -1 -12 -2 -12 -2 -12 -2 -12 -2 -12 -2 -12 0 0 -2 -12 -2 -12 -2 -12 -3 -12 -3 -12 -3 -12 -3 -12 -3 -13 -3 -13 -3 -13 -3 -13 -3 -13 -3 -12 -3 -13 -4 -14 -4 -13 -4 -14 -4 -14 -4 -14 -4 -14 -5 -14 -4 -13 -4 -14 -4 -14 -4 -14 -4 -14 0 0 0 0 0 0 0 0 0 0]"
"1769326795975762,CSI_DATA,STATION,00:00:00:00:00:00,0,0,0,0,0,0,0,0,0,0,0,0,0,0,0,0,0,0,0,0,0,128,[84 -64 4 0 0 0 0 0 0 0 0 0 5 7 6 7 6 8 5 8 5 8 5 9 5 9 4 9 5 9 4 9 4 9 4 9 4 9 4 9 4 10 4 9 3 10 3 9 4 9 4 10 4 10 4 9 3 9 4 9 4 10 4 10 0 0 4 9 4 9 4 10 4 9 4 10 5 10 4 9 4 10 5 9 5 10 5 9 5 10 5 10 6 10 5 10 6 11 6 10 6 10 6 10 6 10 7 11 7 10 6 11 7 10 6 11 6 11 0 0 0 0 0 0 0 0 0 0]"
"1769326795982271,CSI_DATA,STATION,00:00:00:00:00:00,0,0,0,0,0,0,0,0,0,0,0,0,0,0,0,0,0,0,0,0,0,128,[84 -64 4 0 0 0 0 0 0 0 0 0 -2 -11 -3 -11 -3 -12 -2 -12 -2 -13 -2 -12 -1 -12 -1 -12 -1 -12 -1 -13 0 -12 0 -12 0 -12 0 -13 0 -12 0 -12 0 -12 1 -13 0 -12 0 -13 0 -12 0 -12 0 -13 0 -12 0 -12 0 -12 0 0 0 -12 -1 -12 -1 -12 -1 -13 -1 -12 -2 -12 -2 -13 -1 -13 -2 -13 -2 -13 -2 -13 -2 -13 -2 -13 -2 -14 -3 -14 -3 -14 -2 -14 -3 -13 -3 -14 -2 -14 -3 -14 -3 -14 -3 -14 -4 -14 -3 -15 -3 -14 0 0 0 0 0 0 0 0 0 0]"
"1769326795986597,CSI_DATA,STATION,00:00:00:00:00:00,0,0,0,0,0,0,0,0,0,0,0,0,0,0,0,0,0,0,0,0,0,128,[84 -64 4 0 0 0 0 0 0 0 0 0 3 9 3 9 3 9 2 9 3 9 2 10 1 10 1 10 1 10 1 10 1 10 1 10 1 10 1 10 1 11 0 10 0 10 0 10 0 10 1 10 0 10 0 10 0 10 1 10 0 10 1 11 0 0 1 10 1 10 1 11 1 11 1 11 2 10 1 10 1 11 1 11 1 11 2 11 2 11 2 11 2 11 2 11 2 12 3 12 3 12 3 12 2 11 3 12 3 12 3 12 3 12 3 12 2 12 0 0 0 0 0 0 0 0 0 0]"
"1769326795993065,CSI_DATA,STATION,00:00:00:00:00:00,0,0,0,0,0,0,0,0,0,0,0,0,0,0,0,0,0,0,0,0,0,128,[84 -64 4 0 0 0 0 0 0 0 0 0 -10 1 -11 1 -11 1 -11 1 -11 0 -11 0 -11 -1 -11 -1 -11 -1 -11 -2 -11 -1 -11 -1 -11 -2 -12 -2 -11 -2 -10 -2 -11 -2 -11 -2 -11 -2 -11 -3 -12 -3 -11 -3 -11 -2 -11 -2 -11 -2 -11 -2 0 0 -11 -2 -11 -2 -12 -2 -11 -1 -12 -2 -11 -2 -12 -2 -12 -2 -12 -2 -12 -1 -12 -1 -13 -1 -13 -1 -13 -1 -12 -1 -13 -1 -13 -1 -13 -1 -13 -1 -13 -1 -14 -1 -14 -1 -13 -1 -14 0 -14 0 -14 0 0 0 0 0 0 0 0 0 0 0]"
"1769326795997374,CSI_DATA,STATION,00:00:00:00:00:00,0,0,0,0,0,0,0,0,0,0,0,0,0,0,0,0,0,0,0,0,0,128,[84 -64 4 0 0 0 0 0 0 0 0 0 -1 -10 -1 -11 0 -11 0 -11 0 -11 1 -11 1 -11 1 -11 1 -11 1 -11 1 -11 1 -10 2 -11 2 -11 3 -11 2 -11 3 -11 2 -11 2 -10 3 -11 2 -10 3 -11 2 -11 2 -11 2 -11 2 -11 0 0 2 -11 2 -11 2 -11 2 -11 2 -11 2 -11 1 -11 1 -12 2 -12 1 -12 1 -12 1 -12 1 -12 1 -12 1 -13 1 -13 1 -13 1 -13 1 -13 1 -13 1 -13 1 -13 1 -13 1 -13 1 -14 1 -14 0 0 0 0 0 0 0 0 0 0]"
"1769326796003858,CSI_DATA,STATION,00:00:00:00:00:00,0,0,0,0,0,0,0,0,0,0,0,0,0,0,0,0,0,0,0,0,0,128,[84 -64 4 0 0 0 0 0 0 0 0 0 -7 8 -8 8 -9 8 -9 8 -9 8 -8 8 -9 7 -9 7 -9 7 -10 8 -9 7 -10 7 -9 7 -9 7 -10 7 -10 7 -10 6 -9 6 -10 6 -10 6 -11 6 -10 6 -10 6 -10 6 -10 6 -10 7 0 0 -9 7 -10 7 -10 7 -10 7 -10 7 -10 7 -10 7 -10 7 -10 8 -9 8 -9 9 -10 8 -10 8 -10 9 -10 9 -10 9 -9 9 -9 9 -10 9 -10 9 -9 10 -10 9 -10 10 -9 10 -9 11 -9 10 0 0 0 0 0 0 0 0 0 0]"
"1769326796008185,CSI_DATA,STATION,00:00:00:00:00:00,0,0,0,0,0,0,0,0,0,0,0,0,0,0,0,0,0,0,0,0,0,128,[84 -64 4 0 0 0 0 0 0 0 0 0 -5 10 -6 10 -7 10 -6 9 -7 9 -7 9 -7 9 -8 10 -7 9 -8 8 -8 9 -8 9 -8 9 -8 9 -9 8 -8 9 -8 8 -8 9 -8 8 -8 8 -8 8 -8 8 -8 8 -8 8 -8 8 -8 9 0 0 -8 9 -8 8 -8 9 -8 9 -8 9 -8 9 -7 10 -8 9 -7 10 -7 10 -8 10 -8 10 -8 10 -8 10 -8 10 -7 11 -7 11 -7 11 -7 12 -7 11 -7 12 -7 11 -7 11 -7 11 -8 12 -7 12 0 0 0 0 0 0 0 0 0 0]"
"1769326796012599,CSI_DATA,STATION,00:00:00:00:00:00,0,0,0,0,0,0,0,0,0,0,0,0,0,0,0,0,0,0,0,0,0,128,[84 -64 4 0 0 0 0 0 0 0 0 0 17 1 17 2 18 3 18 3 18 4 18 4 18 5 18 5 18 5 18 6 17 5 17 6 18 6 17 6 18 7 17 7 16 7 16 6 17 7 17 8 16 7 17 7 16 6 17 7 17 7 17 6 0 0 17 6 17 6 18 6 17 6 18 6 18 6 18 6 18 5 18 5 18 4 19 4 19 4 20 5 20 4 19 4 20 4 20 4 20 3 20 3 21 3 21 3 21 4 21 3 21 3 21 2 21 2 0 0 0 0 0 0 0 0 0 0]"
"1769326796019127,CSI_DATA,STATION,00:00:00:00:00:00,0,0,0,0,0,0,0,0,0,0,0,0,0,0,0,0,0,0,0,0,0,128,[84 -64 4 0 0 0 0 0 0 0 0 0 1 -10 1 -10 2 -10 1 -11 2 -10 2 -11 2 -11 3 -11 3 -10 3 -10 3 -11 3 -10 4 -10 3 -10 4 -10 3 -10 4 -10 4 -10 4 -11 4 -10 4 -10 4 -10 4 -11 4 -11 4 -10 4 -10 0 0 4 -10 3 -10 4 -11 3 -10 4 -11 4 -11 3 -11 4 -11 3 -11 3 -12 3 -12 3 -12 3 -11 3 -11 3 -12 3 -12 4 -13 3 -13 3 -13 3 -13 3 -13 3 -13 3 -13 3 -13 3 -13 3 -13 0 0 0 0 0 0 0 0 0 0]"
"1769326796023377,CSI_DATA,STATION,00:00:00:00:00:00,0,0,0,0,0,0,0,0,0,0,0,0,0,0,0,0,0,0,0,0,0,128,[84 -64 4 0 0 0 0 0 0 0 0 0 -4 -10 -3 -10 -3 -10 -3 -10 -2 -11 -3 -11 -2 -11 -2 -11 -1 -11 -1 -11 -2 -11 -1 -11 -1 -11 -1 -11 -1 -11 -1 -11 0 -11 0 -11 0 -12 0 -12 0 -11 0 -11 0 -11 0 -11 -1 -11 -1 -11 0 0 -1 -11 -1 -11 -1 -12 -1 -12 -1 -11 -1 -11 -1 -12 -1 -12 -1 -12 -1 -12 -1 -12 -2 -12 -2 -12 -2 -12 -2 -13 -2 -13 -2 -13 -3 -13 -2 -13 -2 -13 -3 -13 -2 -13 -3 -13 -2 -13 -2 -14 -2 -14 0 0 0 0 0 0 0 0 0 0]"
"1769326796027612,CSI_DATA,STATION,00:00:00:00:00:00,0,0,0,0,0,0,0,0,0,0,0,0,0,0,0,0,0,0,0,0,0,128,[84 -64 4 0 0 0 0 0 0 0 0 0 -9 -6 -9 -6 -9 -6 -9 -7 -9 -7 -8 -8 -8 -8 -8 -8 -7 -8 -8 -8 -8 -8 -8 -8 -7 -8 -8 -9 -7 -9 -7 -9 -7 -9 -7 -9 -7 -9 -7 -9 -7 -9 -7 -9 -7 -9 -7 -9 -7 -9 -7 -9 0 0 -7 -9 -7 -9 -8 -9 -7 -8 -8 -9 -8 -9 -8 -9 -9 -9 -8 -9 -8 -9 -9 -9 -9 -9 -9 -9 -9 -9 -8 -9 -9 -9 -9 -9 -10 -9 -9 -9 -9 -10 -10 -9 -10 -9 -10 -9 -10 -9 -10 -9 -10 -10 0 0 0 0 0 0 0 0 0 0]"
"1769326796034036,CSI_DATA,STATION,00:00:00:00:00:00,0,0,0,0,0,0,0,0,0,0,0,0,0,0,0,0,0,0,0,0,0,128,[84 -64 4 0 0 0 0 0 0 0 0 0 -2 -12 -2 -11 -2 -12 -2 -12 -2 -12 -2 -12 -1 -13 -1 -13 0 -13 0 -12 0 -12 1 -12 1 -12 1 -12 1 -12 1 -12 1 -12 1 -12 1 -12 0 -12 0 -12 0 -11 1 -12 1 -12 1 -12 0 -12 0 0 0 -12 0 -12 0 -12 0 -12 0 -13 -1 -12 -1 -13 -1 -13 -1 -13 -1 -13 -1 -13 -1 -13 -1 -13 -2 -14 -2 -14 -1 -14 -2 -14 -2 -14 -2 -14 -2 -14 -2 -14 -2 -14 -2 -14 -2 -14 -2 -14 -2 -14 0 0 0 0 0 0 0 0 0 0]"
"1769326796038334,CSI_DATA,STATION,00:00:00:00:00:00,0,0,0,0,0,0,0,0,0,0,0,0,0,0,0,0,0,0,0,0,0,128,[84 -64 4 0 0 0 0 0 0 0 0 0 10 -2 11 -1 11 0 11 0 11 0 11 0 11 1 11 1 11 1 12 1 11 1 11 1 11 2 11 1 11 2 11 2 12 2 11 2 11 2 11 3 11 2 11 2 11 2 12 2 11 1 11 1 0 0 11 2 11 2 11 1 11 1 12 1 12 1 12 1 12 1 12 1 12 0 11 0 12 0 13 0 12 0 12 0 13 1 13 0 13 -1 13 0 13 0 14 -1 13 0 14 0 14 -1 14 -1 14 0 0 0 0 0 0 0 0 0 0 0]"
"1769326796044777,CSI_DATA,STATION,00:00:00:00:00:00,0,0,0,0,0,0,0,0,0,0,0,0,0,0,0,0,0,0,0,0,0,128,[84 -64 4 0 0 0 0 0 0 0 0 0 -14 4 -14 4 -14 3 -15 3 -15 2 -15 3 -15 2 -15 2 -15 2 -15 1 -15 1 -15 1 -15 0 -16 0 -16 0 -15 1 -15 1 -14 0 -15 0 -16 -1 -15 0 -15 -1 -15 0 -15 -1 -15 -1 -15 0 0 0 -15 0 -15 0 -15 0 -15 1 -16 0 -16 1 -16 1 -16 1 -15 2 -16 1 -16 2 -16 1 -16 1 -17 2 -16 2 -17 3 -17 2 -17 3 -17 2 -18 3 -18 3 -17 3 -18 3 -17 4 -18 4 -18 4 0 0 0 0 0 0 0 0 0 0]"
"1769326796049087,CSI_DATA,STATION,00:00:00:00:00:00,0,0,0,0,0,0,0,0,0,0,0,0,0,0,0,0,0,0,0,0,0,128,[84 -64 4 0 0 0 0 0 0 0 0 0 -8 8 -8 8 -9 8 -8 7 -9 7 -9 7 -9 7 -10 7 -10 7 -11 6 -10 6 -11 6 -10 6 -10 6 -10 5 -10 7 -10 6 -10 6 -10 6 -11 6 -10 5 -11 5 -10 6 -10 6 -10 5 -11 6 0 0 -10 7 -11 6 -9 6 -10 7 -10 7 -10 7 -10 7 -10 6 -9 8 -10 8 -10 8 -10 8 -10 7 -10 8 -10 8 -10 9 -10 8 -10 8 -10 9 -10 9 -11 9 -10 9 -11 9 -10 9 -10 10 -10 9 0 0 0 0 0 0 0 0 0 0]"
"1769326796055518,CSI_DATA,STATION,00:00:00:00:00:00,0,0,0,0,0,0,0,0,0,0,0,0,0,0,0,0,0,0,0,0,0,128,[84 -64 4 0 0 0 0 0 0 0 0 0 -11 0 -11 0 -12 -1 -12 -1 -13 -2 -12 -2 -12 -2 -12 -2 -11 -2 -12 -3 -12 -3 -12 -3 -12 -3 -12 -3 -12 -4 -11 -3 -12 -4 -12 -4 -12 -4 -12 -4 -12 -4 -12 -4 -12 -3 -12 -4 -12 -4 -12 -3 0 0 -12 -3 -12 -3 -12 -3 -12 -2 -13 -4 -12 -3 -12 -3 -13 -3 -12 -3 -13 -2 -13 -2 -14 -2 -13 -2 -14 -2 -13 -2 -14 -2 -14 -2 -14 -2 -14 -2 -14 -2 -14 -2 -14 -2 -15 -2 -15 -2 -15 -1 -14 -1 0 0 0 0 0 0 0 0 0 0]"
"1769326796066332,CSI_DATA,STATION,00:00:00:00:00:00,0,0,0,0,0,0,0,0,0,0,0,0,0,0,0,0,0,0,0,0,0,128,[84 -64 4 0 0 0 0 0 0 0 0 0 -6 -11 -5 -11 -5 -11 -5 -11 -4 -11 -4 -11 -3 -12 -4 -12 -3 -13 -3 -12 -3 -11 -2 -12 -3 -12 -3 -12 -3 -12 -2 -12 -2 -12 -2 -12 -3 -13 -2 -12 -2 -12 -2 -12 -2 -12 -2 -12 -3 -12 -2 -12 0 0 -2 -12 -3 -12 -3 -12 -3 -12 -3 -12 -3 -13 -3 -12 -4 -12 -4 -12 -4 -12 -4 -13 -4 -12 -4 -12 -4 -13 -4 -13 -4 -13 -5 -13 -5 -13 -5 -14 -5 -14 -5 -13 -5 -13 -5 -14 -6 -14 -5 -14 -5 -14 0 0 0 0 0 0 0 0 0 0]"
"1769326796072989,CSI_DATA,STATION,00:00:00:00:00:00,0,0,0,0,0,0,0,0,0,0,0,0,0,0,0,0,0,0,0,0,0,128,[84 -64 4 0 0 0 0 0 0 0 0 0 -10 0 -10 0 -11 0 -11 0 -11 -1 -11 -1 -11 -1 -11 -1 -11 -1 -11 -2 -11 -2 -11 -2 -11 -3 -11 -3 -11 -3 -11 -2 -11 -3 -11 -3 -11 -3 -11 -3 -11 -3 -11 -3 -11 -3 -11 -3 -11 -4 -11 -3 0 0 -10 -3 -11 -2 -11 -3 -11 -3 -12 -3 -11 -2 -12 -2 -12 -3 -11 -2 -12 -3 -12 -2 -12 -2 -12 -2 -12 -2 -12 -2 -12 -2 -13 -2 -13 -2 -13 -2 -13 -2 -13 -2 -13 -2 -13 -2 -14 -2 -13 -2 -13 -2 0 0 0 0 0 0 0 0 0 0]"
"1769326796077409,CSI_DATA,STATION,00:00:00:00:00:00,0,0,0,0,0,0,0,0,0,0,0,0,0,0,0,0,0,0,0,0,0,128,[84 -64 4 0 0 0 0 0 0 0 0 0 -4 -18 -3 -18 -3 -19 -2 -19 -2 -20 -1 -19 -1 -19 0 -20 0 -19 1 -20 0 -20 1 -19 2 -19 1 -19 2 -19 2 -20 2 -19 2 -19 2 -19 2 -19 2 -18 3 -19 2 -19 2 -19 2 -19 2 -19 0 0 2 -19 2 -19 1 -19 1 -20 1 -19 1 -20 1 -20 0 -20 1 -20 0 -20 0 -20 0 -20 0 -20 -1 -20 -1 -21 -1 -21 -2 -22 -2 -21 -2 -21 -2 -22 -2 -22 -2 -22 -2 -23 -3 -23 -2 -23 -3 -22 0 0 0 0 0 0 0 0 0 0]"
"1769326796084093,CSI_DATA,STATION,00:00:00:00:00:00,0,0,0,0,0,0,0,0,0,0,0,0,0,0,0,0,0,0,0,0,0,128,[84 -64 4 0 0 0 0 0 0 0 0 0 4 10 4 10 4 10 4 10 4 10 3 11 3 11 2 11 3 11 3 11 2 11 2 11 2 11 2 11 2 12 2 11 2 10 1 10 2 11 2 11 2 11 2 10 2 11 1 11 2 11 2 11 0 0 2 11 3 11 3 11 3 11 3 11 3 11 3 11 4 11 3 11 3 11 4 11 4 12 4 12 4 12 4 11 5 11 5 11 5 11 5 11 5 12 5 12 6 12 6 12 6 12 5 12 6 12 0 0 0 0 0 0 0 0 0 0]"
"1769326796088545,CSI_DATA,STATION,00:00:00:00:00:00,0,0,0,0,0,0,0,0,0,0,0,0,0,0,0,0,0,0,0,0,0,128,[84 -64 4 0 0 0 0 0 0 0 0 0 -4 -10 -5 -11 -5 -12 -4 -12 -4 -11 -3 -12 -3 -12 -3 -12 -3 -12 -3 -13 -2 -12 -3 -13 -2 -13 -3 -12 -2 -12 -2 -12 -2 -11 -1 -12 -2 -12 -2 -12 -2 -12 -2 -12 -2 -12 -2 -11 -2 -12 -2 -12 0 0 -3 -12 -3 -12 -3 -12 -3 -13 -3 -12 -3 -12 -4 -12 -4 -12 -4 -12 -4 -12 -5 -13 -4 -12 -5 -13 -5 -13 -5 -13 -5 -12 -5 -13 -5 -13 -5 -13 -6 -14 -5 -13 -6 -13 -6 -14 -6 -13 -6 -13 -6 -13 0 0 0 0 0 0 0 0 0 0]"
"1769326796092997,CSI_DATA,STATION,00:00:00:00:00:00,0,0,0,0,0,0,0,0,0,0,0,0,0,0,0,0,0,0,0,0,0,128,[84 -64 4 0 0 0 0 0 0 0 0 0 10 -2 10 -3 11 -2 11 -2 11 -1 11 -2 11 -1 11 -1 12 -1 12 0 11 -1 11 -1 12 0 11 -1 12 1 11 0 11 0 11 1 11 1 12 1 11 1 11 1 11 0 11 1 11 1 11 0 0 0 11 1 12 0 11 0 12 0 11 0 12 0 12 0 12 0 12 -1 12 -1 12 -1 12 -1 13 -1 13 -1 13 -1 12 -1 13 -1 13 -2 13 -1 13 -2 13 -2 13 0 14 -2 14 -1 14 -2 13 -2 0 0 0 0 0 0 0 0 0 0]"
"1769326796099639,CSI_DATA,STATION,00:00:00:00:00:00,0,0,0,0,0,0,0,0,0,0,0,0,0,0,0,0,0,0,0,0,0,128,[84 -64 4 0 0 0 0 0 0 0 0 0 9 -6 9 -7 9 -6 10 -6 10 -5 10 -6 10 -6 10 -5 11 -5 11 -4 10 -4 10 -5 11 -4 11 -4 11 -4 11 -4 11 -3 10 -3 11 -3 11 -3 11 -3 11 -3 11 -3 11 -3 11 -4 11 -4 0 0 11 -4 11 -4 11 -3 11 -4 10 -4 11 -5 11 -4 11 -5 11 -4 11 -5 11 -6 11 -5 12 -5 12 -5 12 -6 12 -6 12 -6 12 -6 12 -5 12 -6 12 -6 12 -6 12 -6 12 -6 12 -7 13 -6 0 0 0 0 0 0 0 0 0 0]"
"1769326796104007,CSI_DATA,STATION,00:00:00:00:00:00,0,0,0,0,0,0,0,0,0,0,0,0,0,0,0,0,0,0,0,0,0,128,[84 -64 4 0 0 0 0 0 0 0 0 0 -8 6 -8 6 -9 6 -9 6 -9 6 -9 5 -9 5 -10 5 -9 5 -10 4 -10 5 -10 5 -10 4 -10 4 -10 4 -10 5 -10 4 -10 4 -10 4 -10 4 -10 4 -10 4 -10 4 -10 4 -10 4 -10 5 0 0 -10 4 -10 4 -10 4 -10 5 -10 5 -10 5 -10 5 -10 5 -10 5 -11 6 -11 6 -11 6 -11 5 -11 6 -10 6 -11 7 -11 6 -11 7 -11 7 -10 7 -11 7 -11 7 -11 7 -11 7 -11 7 -11 7 0 0 0 0 0 0 0 0 0 0]"
"1769326796108429,CSI_DATA,STATION,00:00:00:00:00:00,0,0,0,0,0,0,0,0,0,0,0,0,0,0,0,0,0,0,0,0,0,128,[84 -64 4 0 0 0 0 0 0 0 0 0 -15 -7 -15 -7 -16 -8 -15 -8 -15 -9 -15 -9 -14 -9 -14 -9 -14 -10 -15 -11 -14 -11 -14 -10 -14 -11 -14 -11 -14 -12 -13 -11 -13 -11 -13 -12 -13 -12 -13 -12 -13 -12 -13 -12 -13 -11 -13 -12 -13 -12 -13 -11 0 0 -13 -11 -14 -11 -14 -11 -14 -11 -14 -11 -14 -11 -14 -11 -15 -11 -14 -11 -15 -10 -15 -10 -15 -10 -15 -10 -16 -11 -16 -11 -16 -10 -16 -11 -16 -10 -16 -10 -17 -10 -17 -10 -18 -11 -18 -11 -18 -11 -18 -10 -17 -10 0 0 0 0 0 0 0 0 0 0]"
"1769326796115111,CSI_DATA,STATION,00:00:00:00:00:00,0,0,0,0,0,0,0,0,0,0,0,0,0,0,0,0,0,0,0,0,0,128,[84 -64 4 0 0 0 0 0 0 0 0 0 -2 -11 -2 -12 -1 -12 -1 -12 0 -12 0 -13 0 -13 1 -12 1 -13 1 -12 1 -13 1 -12 1 -12 1 -12 2 -12 2 -12 2 -12 2 -13 2 -12 3 -11 2 -12 2 -12 2 -12 2 -13 1 -12 1 -12 0 0 2 -12 2 -12 2 -12 1 -12 2 -12 1 -12 1 -13 1 -13 1 -13 1 -13 0 -13 1 -13 1 -13 1 -14 1 -13 0 -14 0 -13 1 -14 0 -14 0 -14 0 -14 0 -14 0 -14 0 -15 -1 -15 0 -15 0 0 0 0 0 0 0 0 0 0]"
"1769326796119404,CSI_DATA,STATION,00:00:00:00:00:00,0,0,0,0,0,0,0,0,0,0,0,0,0,0,0,0,0,0,0,0,0,128,[84 -64 4 0 0 0 0 0 0 0 0 0 -11 -5 -11 -5 -11 -6 -11 -5 -11 -6 -11 -6 -10 -6 -10 -7 -10 -7 -10 -8 -10 -7 -10 -7 -10 -8 -10 -8 -10 -8 -9 -8 -10 -8 -10 -8 -10 -8 -10 -9 -10 -8 -10 -8 -10 -8 -10 -8 -10 -8 -9 -7 0 0 -10 -8 -10 -8 -10 -8 -9 -7 -10 -8 -10 -8 -10 -8 -11 -8 -10 -8 -11 -8 -11 -7 -11 -7 -11 -8 -11 -7 -11 -7 -12 -7 -12 -8 -11 -7 -11 -7 -12 -7 -12 -7 -13 -7 -13 -8 -13 -7 -13 -7 -12 -7 0 0 0 0 0 0 0 0 0 0]"
"1769326796125789,CSI_DATA,STATION,00:00:00:00:00:00,0,0,0,0,0,0,0,0,0,0,0,0,0,0,0,0,0,0,0,0,0,128,[84 -64 4 0 0 0 0 0 0 0 0 0 -9 -7 -8 -7 -8 -7 -9 -8 -8 -8 -8 -8 -8 -8 -7 -9 -7 -9 -7 -9 -7 -9 -7 -9 -7 -9 -7 -9 -7 -10 -7 -9 -6 -9 -6 -9 -7 -10 -7 -10 -6 -10 -6 -9 -6 -9 -7 -9 -7 -9 -7 -9 0 0 -7 -9 -7 -9 -7 -9 -7 -9 -8 -9 -7 -9 -7 -9 -7 -9 -7 -9 -8 -9 -8 -9 -9 -9 -9 -9 -8 -10 -9 -9 -9 -10 -9 -9 -9 -10 -9 -10 -9 -10 -9 -10 -10 -10 -10 -10 -10 -10 -10 -10 -10 -10 0 0 0 0 0 0 0 0 0 0]"
"1769326796130038,CSI_DATA,STATION,00:00:00:00:00:00,0,0,0,0,0,0,0,0,0,0,0,0,0,0,0,0,0,0,0,0,0,128,[84 -64 4 0 0 0 0 0 0 0 0 0 10 2 10 2 10 4 10 3 10 4 10 5 10 5 10 5 9 5 10 5 10 5 9 5 10 6 10 6 10 7 9 6 9 6 10 6 9 6 10 6 9 6 9 6 9 6 9 6 9 6 9 6 0 0 9 6 10 6 10 6 9 6 10 6 10 6 10 6 10 6 10 5 11 6 10 5 11 5 11 6 11 5 11 5 11 5 11 5 11 5 12 6 12 5 12 5 12 5 12 6 12 5 12 5 12 5 0 0 0 0 0 0 0 0 0 0]"
"1769326796136568,CSI_DATA,STATION,00:00:00:00:00:00,0,0,0,0,0,0,0,0,0,0,0,0,0,0,0,0,0,0,0,0,0,128,[84 -64 4 0 0 0 0 0 0 0 0 0 -11 3 -11 2 -12 3 -12 2 -12 2 -12 1 -12 1 -12 1 -12 1 -13 0 -12 0 -12 0 -13 0 -12 0 -12 0 -12 0 -12 0 -12 -1 -12 0 -12 -1 -12 -1 -12 -1 -12 0 -12 -1 -12 0 -12 0 0 0 -12 0 -12 0 -13 0 -12 0 -13 0 -12 0 -12 0 -13 0 -13 1 -13 0 -13 1 -13 1 -14 0 -13 1 -13 1 -13 1 -14 1 -13 1 -14 1 -14 2 -14 2 -14 1 -15 1 -15 1 -15 1 -14 2 0 0 0 0 0 0 0 0 0 0]"
"1769326796140893,CSI_DATA,STATION,00:00:00:00:00:00,0,0,0,0,0,0,0,0,0,0,0,0,0,0,0,0,0,0,0,0,0,128,[84 -64 4 0 0 0 0 0 0 0 0 0 -8 -9 -8 -9 -8 -10 -8 -9 -8 -10 -8 -10 -7 -10 -7 -11 -6 -10 -7 -11 -6 -11 -6 -11 -7 -11 -7 -11 -6 -11 -6 -11 -6 -11 -6 -11 -6 -11 -6 -11 -6 -11 -5 -11 -6 -10 -6 -11 -6 -11 -6 -11 0 0 -6 -11 -6 -10 -6 -11 -6 -11 -7 -11 -7 -11 -7 -11 -7 -11 -7 -11 -8 -11 -7 -11 -8 -11 -7 -11 -8 -11 -8 -11 -8 -11 -8 -11 -8 -11 -8 -11 -9 -11 -9 -11 -9 -12 -9 -12 -9 -12 -9 -11 -9 -11 0 0 0 0 0 0 0 0 0 0]"
"1769326796145147,CSI_DATA,STATION,00:00:00:00:00:00,0,0,0,0,0,0,0,0,0,0,0,0,0,0,0,0,0,0,0,0,0,128,[84 -64 4 0 0 0 0 0 0 0 0 0 -10 -4 -10 -4 -10 -4 -10 -5 -10 -5 -10 -6 -9 -6 -10 -6 -9 -7 -9 -7 -9 -6 -9 -6 -9 -6 -9 -7 -9 -7 -9 -7 -9 -7 -8 -7 -9 -8 -9 -8 -9 -8 -8 -7 -8 -7 -9 -7 -9 -7 -9 -7 0 0 -9 -8 -9 -7 -9 -8 -8 -8 -9 -7 -9 -8 -9 -7 -10 -7 -9 -7 -10 -7 -10 -7 -10 -7 -11 -7 -11 -8 -10 -8 -10 -7 -11 -8 -11 -7 -11 -8 -11 -8 -11 -8 -11 -8 -11 -8 -12 -8 -11 -8 -12 -8 0 0 0 0 0 0 0 0 0 0]"
"1769326796151602,CSI_DATA,STATION,00:00:00:00:00:00,0,0,0,0,0,0,0,0,0,0,0,0,0,0,0,0,0,0,0,0,0,128,[84 -64 4 0 0 0 0 0 0 0 0 0 6 10 6 10 5 11 5 11 5 11 4 11 5 11 4 12 4 12 4 12 4 12 3 12 2 12 3 12 3 12 3 12 3 12 2 12 3 12 3 12 2 12 3 12 2 12 2 12 2 12 3 12 0 0 2 12 4 11 4 11 3 12 3 12 4 12 4 13 4 12 4 12 4 13 4 12 5 13 5 13 5 12 5 13 5 13 6 13 5 13 6 13 5 13 6 14 6 13 6 14 6 14 6 14 6 13 0 0 0 0 0 0 0 0 0 0]"
"1769326796155971,CSI_DATA,STATION,00:00:00:00:00:00,0,0,0,0,0,0,0,0,0,0,0,0,0,0,0,0,0,0,0,0,0,128,[84 -64 4 0 0 0 0 0 0 0 0 0 -11 -4 -11 -4 -11 -5 -11 -5 -11 -5 -11 -6 -11 -6 -10 -6 -10 -6 -10 -7 -10 -7 -10 -7 -10 -7 -10 -8 -10 -7 -10 -8 -10 -7 -10 -7 -10 -7 -10 -8 -10 -8 -10 -8 -10 -8 -10 -8 -10 -8 -10 -7 0 0 -10 -7 -10 -7 -10 -7 -10 -7 -10 -7 -10 -7 -11 -7 -12 -7 -11 -7 -11 -7 -11 -7 -11 -7 -11 -7 -12 -7 -12 -7 -12 -7 -12 -7 -12 -8 -12 -7 -12 -7 -12 -7 -13 -7 -13 -7 -13 -7 -13 -7 -13 -7 0 0 0 0 0 0 0 0 0 0]"
"1769326796162440,CSI_DATA,STATION,00:00:00:00:00:00,0,0,0,0,0,0,0,0,0,0,0,0,0,0,0,0,0,0,0,0,0,128,[84 -64 4 0 0 0 0 0 0 0 0 0 -11 -1 -11 -1 -11 -2 -11 -2 -11 -2 -11 -3 -11 -3 -11 -3 -10 -3 -11 -4 -11 -4 -10 -3 -11 -4 -11 -4 -11 -4 -11 -4 -10 -5 -11 -5 -11 -5 -11 -5 -11 -5 -10 -5 -10 -4 -11 -5 -10 -5 -11 -5 0 0 -10 -5 -11 -4 -11 -4 -11 -4 -11 -4 -11 -4 -11 -4 -11 -4 -11 -4 -11 -4 -12 -3 -12 -4 -12 -3 -12 -4 -12 -4 -12 -3 -13 -4 -13 -3 -13 -4 -13 -4 -13 -4 -13 -4 -13 -3 -14 -3 -13 -3 -14 -3 0 0 0 0 0 0 0 0 0 0]"
"1769326796166761,CSI_DATA,STATION,00:00:00:00:00:00,0,0,0,0,0,0,0,0,0,0,0,0,0,0,0,0,0,0,0,0,0,128,[84 -64 4 0 0 0 0 0 0 0 0 0 3 -9 2 -9 3 -9 3 -9 3 -9 4 -9 3 -9 4 -9 4 -9 5 -8 4 -9 5 -9 5 -8 5 -8 5 -9 5 -8 5 -9 6 -9 5 -8 6 -8 5 -8 5 -8 5 -8 6 -8 5 -8 5 -9 0 0 5 -9 5 -8 6 -8 5 -8 5 -9 5 -9 5 -9 5 -9 5 -9 5 -10 5 -10 5 -9 5 -9 5 -9 5 -10 5 -10 5 -10 5 -11 5 -11 5 -10 5 -11 5 -10 5 -10 5 -11 5 -11 5 -11 0 0 0 0 0 0 0 0 0 0]"
"1769326796171133,CSI_DATA,STATION,00:00:00:00:00:00,0,0,0,0,0,0,0,0,0,0,0,0,0,0,0,0,0,0,0,0,0,128,[84 -64 4 0 0 0 0 0 0 0 0 0 -2 15 -2 15 -3 15 -3 16 -4 16 -4 16 -4 15 -5 16 -5 15 -5 15 -6 15 -5 15 -6 15 -6 14 -7 14 -6 15 -7 14 -7 15 -7 15 -7 15 -7 15 -7 14 -7 15 -7 15 -7 15 -7 14 0 0 -6 15 -6 15 -7 15 -6 15 -6 16 -6 16 -6 15 -6 15 -6 16 -6 16 -6 17 -6 16 -6 17 -5 17 -6 17 -5 18 -4 17 -6 18 -5 18 -6 17 -5 18 -5 18 -5 18 -5 18 -4 18 -4 19 0 0 0 0 0 0 0 0 0 0]"
"1769326796177608,CSI_DATA,STATION,00:00:00:00:00:00,0,0,0,0,0,0,0,0,0,0,0,0,0,0,0,0,0,0,0,0,0,128,[84 -64 4 0 0 0 0 0 0 0 0 0 2 10 1 9 1 10 1 10 0 10 1 10 0 10 0 10 -1 10 0 10 -1 11 -1 10 -1 10 -1 10 -1 10 -1 10 -2 11 -2 10 -1 10 -1 10 -2 10 -2 10 -2 10 -1 10 -1 10 -1 10 0 0 -1 10 0 10 0 10 0 10 0 11 0 11 0 11 0 11 0 11 0 11 0 12 0 11 1 12 1 12 0 11 1 12 1 11 1 12 1 12 1 12 1 13 2 12 1 13 2 13 1 13 1 13 0 0 0 0 0 0 0 0 0 0]"
"1769326796181962,CSI_DATA,STATION,00:00:00:00:00:00,0,0,0,0,0,0,0,0,0,0,0,0,0,0,0,0,0,0,0,0,0,128,[84 -64 4 0 0 0 0 0 0 0 0 0 9 -3 9 -2 9 -1 10 -1 10 -1 10 -1 10 0 10 0 10 0 10 1 10 0 10 0 10 1 10 1 11 1 10 0 10 1 10 1 11 1 10 1 10 1 10 1 10 0 10 1 11 1 11 0 0 0 11 0 10 0 11 1 11 0 11 0 11 0 11 0 11 0 11 0 10 0 11 -1 11 0 12 -1 12 -1 11 -1 12 -2 12 -2 12 -2 13 -2 12 -2 13 -2 12 -1 13 -2 13 -2 13 -2 13 -2 0 0 0 0 0 0 0 0 0 0]"
"1769326796186279,CSI_DATA,STATION,00:00:00:00:00:00,0,0,0,0,0,0,0,0,0,0,0,0,0,0,0,0,0,0,0,0,0,128,[84 -64 4 0 0 0 0 0 0 0 0 0 8 4 8 5 8 5 9 6 8 5 8 6 8 6 7 6 8 6 7 7 8 6 7 7 8 7 8 7 7 7 7 7 7 7 7 7 8 7 7 7 7 7 7 7 7 7 8 7 7 7 7 7 0 0 7 7 8 7 8 7 7 7 9 7 8 7 8 7 9 7 8 6 9 7 8 6 9 7 9 7 10 7 9 6 10 6 10 6 10 6 10 6 10 7 10 7 10 7 11 6 11 7 11 7 11 7 0 0 0 0 0 0 0 0 0 0]"
"1769326796192739,CSI_DATA,STATION,00:00:00:00:00:00,0,0,0,0,0,0,0,0,0,0,0,0,0,0,0,0,0,0,0,0,0,128,[84 -64 4 0 0 0 0 0 0 0 0 0 -6 -10 -6 -10 -6 -11 -6 -11 -5 -11 -5 -11 -5 -11 -4 -12 -4 -12 -4 -12 -4 -12 -4 -12 -4 -13 -4 -12 -4 -12 -4 -12 -3 -12 -3 -12 -3 -13 -3 -12 -3 -12 -3 -12 -3 -12 -4 -12 -4 -12 -4 -12 0 0 -4 -12 -5 -12 -4 -12 -4 -12 -5 -12 -5 -12 -5 -13 -5 -12 -5 -13 -6 -12 -6 -12 -6 -12 -7 -13 -7 -13 -6 -13 -7 -13 -7 -13 -7 -13 -7 -13 -7 -13 -8 -13 -8 -13 -8 -13 -8 -13 -8 -13 -8 -14 0 0 0 0 0 0 0 0 0 0]"
"1769326796197058,CSI_DATA,STATION,00:00:00:00:00:00,0,0,0,0,0,0,0,0,0,0,0,0,0,0,0,0,0,0,0,0,0,128,[84 -64 4 0 0 0 0 0 0 0 0 0 0 -11 0 -11 1 -10 0 -11 1 -11 1 -11 2 -11 2 -11 2 -11 2 -11 2 -11 2 -11 3 -11 3 -10 3 -11 3 -10 3 -11 3 -11 3 -11 3 -11 3 -11 2 -10 3 -11 3 -11 3 -10 3 -11 0 0 3 -11 2 -11 2 -11 2 -11 2 -11 2 -11 2 -11 2 -12 2 -12 2 -12 1 -12 2 -12 1 -12 1 -12 1 -13 1 -13 1 -13 1 -14 1 -13 1 -14 1 -13 1 -13 1 -14 1 -13 0 -14 0 -14 0 0 0 0 0 0 0 0 0 0]"
"1769326796203529,CSI_DATA,STATION,00:00:00:00:00:00,0,0,0,0,0,0,0,0,0,0,0,0,0,0,0,0,0,0,0,0,0,128,[84 -64 4 0 0 0 0 0 0 0 0 0 -2 -10 -2 -10 -1 -11 -2 -11 -1 -11 -1 -11 0 -11 0 -11 0 -11 0 -11 0 -11 1 -12 0 -11 1 -11 0 -11 0 -11 1 -11 1 -11 1 -11 1 -11 2 -11 1 -11 1 -12 1 -11 1 -11 1 -11 0 0 1 -11 0 -11 0 -11 0 -11 0 -12 0 -12 0 -12 0 -12 0 -12 0 -12 -1 -13 -1 -12 -1 -12 -1 -13 -1 -13 -1 -13 -1 -13 -2 -14 -1 -13 -1 -14 -1 -13 -2 -13 -2 -13 -2 -14 -2 -14 -1 -14 0 0 0 0 0 0 0 0 0 0]"
"1769326796207831,CSI_DATA,STATION,00:00:00:00:00:00,0,0,0,0,0,0,0,0,0,0,0,0,0,0,0,0,0,0,0,0,0,128,[84 -64 4 0 0 0 0 0 0 0 0 0 1 10 1 9 1 9 0 10 0 10 0 10 0 10 -1 10 -1 10 -1 10 -1 10 -1 10 -2 10 -1 10 -2 10 -1 10 -2 10 -2 10 -2 10 -1 10 -2 10 -1 10 -2 10 -2 10 -1 10 -1 10 0 0 -1 10 0 10 -1 10 -1 11 0 11 0 11 0 11 0 11 0 11 0 11 0 11 0 11 0 12 1 12 0 12 1 11 1 11 1 12 1 12 1 12 1 12 2 12 1 12 2 12 1 12 1 13 0 0 0 0 0 0 0 0 0 0]"
"1769326796214391,CSI_DATA,STATION,00:00:00:00:00:00,0,0,0,0,0,0,0,0,0,0,0,0,0,0,0,0,0,0,0,0,0,128,[84 -64 4 0 0 0 0 0 0 0 0 0 -5 -10 -4 -10 -4 -10 -4 -10 -4 -11 -4 -10 -3 -11 -2 -11 -3 -11 -3 -11 -2 -11 -2 -11 -3 -11 -2 -11 -2 -11 -2 -12 -1 -11 -1 -11 -2 -11 -1 -11 -2 -11 -1 -11 -1 -11 -2 -11 -2 -11 -2 -11 0 0 -2 -11 -2 -11 -3 -11 -2 -11 -2 -12 -2 -12 -3 -11 -2 -12 -2 -12 -3 -12 -4 -12 -3 -12 -4 -12 -4 -12 -3 -13 -3 -12 -4 -12 -4 -13 -3 -13 -3 -13 -4 -13 -4 -13 -5 -13 -5 -13 -5 -13 -4 -13 0 0 0 0 0 0 0 0 0 0]"
"1769326796218712,CSI_DATA,STATION,00:00:00:00:00:00,0,0,0,0,0,0,0,0,0,0,0,0,0,0,0,0,0,0,0,0,0,128,[84 -64 4 0 0 0 0 0 0 0 0 0 -6 -9 -6 -9 -6 -8 -6 -9 -6 -9 -6 -10 -5 -10 -5 -10 -5 -10 -5 -10 -6 -10 -5 -10 -5 -10 -5 -11 -5 -11 -4 -10 -4 -10 -4 -10 -5 -11 -5 -11 -4 -11 -5 -10 -4 -10 -4 -10 -5 -10 -5 -11 0 0 -5 -10 -5 -10 -5 -11 -5 -10 -6 -11 -6 -10 -5 -11 -5 -10 -6 -11 -6 -11 -6 -11 -6 -10 -7 -11 -7 -11 -7 -11 -7 -11 -7 -11 -8 -12 -7 -11 -7 -11 -7 -11 -8 -11 -8 -11 -8 -11 -8 -12 -8 -12 0 0 0 0 0 0 0 0 0 0]"
"1769326796222970,CSI_DATA,STATION,00:00:00:00:00:00,0,0,0,0,0,0,0,0,0,0,0,0,0,0,0,0,0,0,0,0,0,128,[84 -64 4 0 0 0 0 0 0 0 0 0 -7 -7 -7 -8 -7 -8 -7 -8 -7 -9 -7 -9 -6 -9 -6 -9 -6 -10 -6 -9 -6 -10 -6 -10 -6 -10 -6 -9 -6 -10 -6 -10 -5 -9 -5 -10 -6 -10 -6 -10 -5 -10 -6 -10 -6 -10 -6 -10 -6 -10 -6 -10 0 0 -6 -9 -6 -10 -6 -10 -6 -10 -7 -10 -7 -10 -7 -10 -7 -10 -7 -10 -7 -10 -8 -10 -8 -10 -8 -10 -8 -10 -8 -10 -8 -10 -9 -10 -9 -10 -8 -10 -9 -10 -9 -11 -9 -10 -9 -11 -9 -10 -9 -11 -9 -11 0 0 0 0 0 0 0 0 0 0]"
"1769326796229324,CSI_DATA,STATION,00:00:00:00:00:00,0,0,0,0,0,0,0,0,0,0,0,0,0,0,0,0,0,0,0,0,0,128,[84 -64 4 0 0 0 0 0 0 0 0 0 -9 5 -9 5 -10 5 -10 4 -10 4 -10 4 -10 4 -10 4 -10 3 -11 3 -10 3 -10 3 -10 3 -11 3 -11 2 -11 3 -11 3 -11 2 -11 2 -11 2 -11 2 -11 2 -11 2 -11 2 -11 3 -11 2 0 0 -11 3 -11 3 -11 3 -11 3 -11 4 -11 3 -11 3 -11 4 -11 4 -11 4 -11 5 -12 4 -11 4 -12 5 -11 5 -12 5 -12 5 -12 5 -12 6 -12 5 -12 6 -12 5 -12 5 -12 6 -12 6 -12 6 0 0 0 0 0 0 0 0 0 0]"
"1769326796240029,CSI_DATA,STATION,00:00:00:00:00:00,0,0,0,0,0,0,0,0,0,0,0,0,0,0,0,0,0,0,0,0,0,128,[84 -64 4 0 0 0 0 0 0 0 0 0 -10 -2 -10 -2 -11 -3 -11 -3 -11 -3 -11 -4 -10 -4 -10 -4 -10 -5 -10 -5 -10 -4 -10 -5 -10 -5 -10 -5 -11 -5 -9 -5 -10 -5 -10 -6 -10 -6 -10 -6 -10 -6 -10 -6 -10 -6 -10 -6 -10 -6 -11 -6 0 0 -10 -6 -10 -6 -11 -6 -10 -5 -11 -5 -11 -6 -10 -6 -11 -6 -11 -6 -11 -5 -11 -5 -12 -5 -11 -5 -12 -5 -11 -5 -12 -6 -12 -5 -12 -6 -12 -6 -12 -6 -12 -5 -12 -6 -12 -6 -13 -6 -13 -5 -13 -5 0 0 0 0 0 0 0 0 0 0]"
"1769326796246492,CSI_DATA,STATION,00:00:00:00:00:00,0,0,0,0,0,0,0,0,0,0,0,0,0,0,0,0,0,0,0,0,0,128,[84 -64 4 0 0 0 0 0 0 0 0 0 -2 12 -3 12 -3 12 -3 12 -3 12 -4 12 -4 12 -5 12 -5 12 -5 12 -5 13 -6 12 -5 12 -6 11 -6 12 -6 12 -6 12 -6 12 -6 11 -6 11 -6 11 -6 11 -6 11 -6 12 -6 12 -5 12 0 0 -6 11 -5 12 -5 12 -5 13 -5 12 -5 12 -5 12 -5 13 -5 13 -5 13 -5 13 -5 13 -4 13 -4 13 -4 14 -4 14 -4 14 -4 14 -4 15 -4 14 -4 15 -4 14 -4 15 -3 15 -4 15 -4 15 0 0 0 0 0 0 0 0 0 0]"
"1769326796252975,CSI_DATA,STATION,00:00:00:00:00:00,0,0,0,0,0,0,0,0,0,0,0,0,0,0,0,0,0,0,0,0,0,128,[84 -64 4 0 0 0 0 0 0 0 0 0 -10 2 -10 2 -11 1 -11 1 -11 1 -11 1 -11 1 -11 0 -11 1 -12 0 -11 0 -11 0 -11 -1 -12 -1 -12 0 -11 0 -11 -1 -11 0 -11 -1 -11 0 -11 -1 -11 -1 -11 0 -11 -1 -11 0 -11 0 0 0 -11 0 -11 0 -11 0 -11 1 -12 1 -12 1 -11 1 -12 1 -11 2 -12 1 -12 2 -12 1 -12 2 -13 2 -12 2 -12 3 -13 3 -12 2 -13 3 -13 3 -13 3 -13 3 -13 3 -13 3 -13 3 -13 4 0 0 0 0 0 0 0 0 0 0]"
"1769326796257308,CSI_DATA,STATION,00:00:00:00:00:00,0,0,0,0,0,0,0,0,0,0,0,0,0,0,0,0,0,0,0,0,0,128,[84 -64 4 0 0 0 0 0 0 0 0 0 -4 -10 -4 -10 -3 -10 -3 -11 -3 -11 -3 -11 -2 -11 -2 -11 -2 -11 -2 -11 -2 -12 -2 -11 -2 -11 -2 -11 -2 -11 -1 -11 -1 -11 -1 -11 -1 -11 -1 -12 -1 -11 -1 -11 -1 -11 -1 -11 -2 -11 -2 -11 0 0 -2 -11 -2 -11 -2 -11 -2 -12 -2 -12 -2 -12 -2 -12 -2 -12 -2 -12 -2 -12 -3 -12 -3 -12 -4 -12 -3 -12 -3 -12 -4 -12 -4 -12 -4 -13 -4 -13 -4 -14 -4 -13 -4 -13 -4 -13 -5 -13 -5 -13 -4 -13 0 0 0 0 0 0 0 0 0 0]"
"1769326796263802,CSI_DATA,STATION,00:00:00:00:00:00,0,0,0,0,0,0,0,0,0,0,0,0,0,0,0,0,0,0,0,0,0,128,[84 -64 4 0 0 0 0 0 0 0 0 0 -1 -11 0 -11 0 -10 1 -11 1 -11 1 -11 2 -11 1 -11 2 -11 2 -11 2 -11 2 -11 2 -11 2 -11 3 -11 3 -10 3 -11 3 -11 3 -11 3 -10 3 -10 4 -11 3 -11 3 -11 3 -10 3 -11 0 0 3 -11 2 -10 3 -11 2 -11 3 -11 3 -11 3 -11 2 -12 3 -11 2 -11 2 -12 2 -12 2 -12 2 -12 2 -12 2 -13 2 -13 2 -13 2 -13 2 -13 2 -13 2 -13 2 -13 2 -13 2 -14 2 -14 0 0 0 0 0 0 0 0 0 0]"
"1769326796268130,CSI_DATA,STATION,00:00:00:00:00:00,0,0,0,0,0,0,0,0,0,0,0,0,0,0,0,0,0,0,0,0,0,128,[84 -64 4 0 0 0 0 0 0 0 0 0 3 -10 3 -10 4 -9 4 -10 4 -10 4 -10 4 -10 5 -10 6 -10 6 -9 5 -10 6 -9 5 -9 6 -9 6 -9 6 -9 6 -9 6 -10 6 -9 6 -9 6 -9 6 -9 6 -9 6 -9 6 -9 6 -9 0 0 6 -9 6 -9 5 -9 6 -10 6 -10 6 -10 6 -10 6 -10 5 -10 6 -11 5 -11 6 -11 6 -10 5 -11 6 -11 5 -12 5 -12 5 -12 5 -12 5 -12 6 -12 5 -12 6 -12 6 -12 5 -12 5 -12 0 0 0 0 0 0 0 0 0 0]"
"1769326796274620,CSI_DATA,STATION,00:00:00:00:00:00,0,0,0,0,0,0,0,0,0,0,0,0,0,0,0,0,0,0,0,0,0,128,[84 -64 4 0 0 0 0 0 0 0 0 0 8 -6 9 -6 8 -5 9 -5 9 -5 9 -5 9 -4 9 -4 10 -4 10 -4 10 -4 10 -4 10 -3 10 -3 10 -3 10 -3 10 -3 9 -3 10 -3 10 -2 10 -2 10 -3 10 -3 10 -2 11 -3 10 -3 0 0 10 -3 10 -3 10 -3 10 -4 10 -3 11 -4 10 -4 10 -4 10 -4 10 -4 10 -4 10 -4 11 -4 11 -4 11 -5 11 -5 11 -5 11 -6 11 -5 11 -5 12 -5 12 -5 12 -5 11 -5 12 -6 12 -6 0 0 0 0 0 0 0 0 0 0]"
"1769326796278969,CSI_DATA,STATION,00:00:00:00:00:00,0,0,0,0,0,0,0,0,0,0,0,0,0,0,0,0,0,0,0,0,0,128,[84 -64 4 0 0 0 0 0 0 0 0 0 6 8 5 8 5 8 5 8 5 8 5 9 4 9 4 9 4 9 4 9 4 9 4 9 3 9 4 10 3 10 3 9 3 10 2 9 3 9 3 10 3 10 3 9 3 10 3 10 4 10 3 10 0 0 4 9 4 9 4 10 4 9 4 10 5 9 4 10 5 10 4 10 4 10 5 10 5 10 5 10 6 10 5 10 5 10 6 9 6 10 6 11 6 10 6 10 6 10 6 11 7 10 7 11 7 11 0 0 0 0 0 0 0 0 0 0]"
"1769326796285451,CSI_DATA,STATION,00:00:00:00:00:00,0,0,0,0,0,0,0,0,0,0,0,0,0,0,0,0,0,0,0,0,0,128,[84 -64 4 0 0 0 0 0 0 0 0 0 8 -4 9 -3 10 -2 10 -3 10 -2 10 -2 10 -2 10 -2 10 -2 11 -1 10 -1 10 -1 10 -1 10 0 11 -1 10 -1 10 0 10 0 11 0 10 0 10 0 10 0 10 -1 11 0 11 0 10 -1 0 0 10 -1 10 -1 11 0 10 -1 11 -1 11 -1 11 -1 10 -1 11 -2 11 -2 11 -1 11 -1 12 -2 12 -2 11 -2 11 -2 12 -2 12 -3 12 -2 12 -3 12 -3 12 -2 13 -3 13 -2 12 -3 12 -3 0 0 0 0 0 0 0 0 0 0]"
"1769326796289791,CSI_DATA,STATION,00:00:00:00:00:00,0,0,0,0,0,0,0,0,0,0,0,0,0,0,0,0,0,0,0,0,0,128,[84 -64 4 0 0 0 0 0 0 0 0 0 -9 -5 -9 -6 -9 -6 -9 -7 -9 -7 -9 -7 -8 -7 -8 -8 -8 -8 -8 -8 -8 -8 -8 -8 -8 -8 -8 -9 -8 -9 -8 -8 -7 -8 -8 -8 -8 -8 -8 -9 -8 -8 -8 -9 -8 -8 -8 -8 -8 -9 -8 -9 0 0 -8 -8 -8 -9 -9 -8 -8 -8 -9 -8 -9 -9 -9 -8 -9 -8 -9 -8 -9 -8 -10 -8 -10 -8 -9 -8 -10 -8 -10 -8 -10 -8 -11 -8 -10 -9 -10 -8 -10 -8 -11 -8 -11 -8 -11 -8 -12 -9 -11 -8 -11 -8 0 0 0 0 0 0 0 0 0 0]"
"1769326796296300,CSI_DATA,STATION,00:00:00:00:00:00,0,0,0,0,0,0,0,0,0,0,0,0,0,0,0,0,0,0,0,0,0,128,[84 -64 4 0 0 0 0 0 0 0 0 0 8 5 8 5 8 5 8 5 8 6 8 6 8 6 7 7 7 7 7 8 7 7 7 7 7 7 7 7 7 8 7 8 6 7 7 7 7 7 7 8 6 8 7 7 6 7 7 8 6 8 7 8 0 0 6 7 7 7 7 7 7 8 8 7 8 8 8 7 8 8 8 7 8 7 8 7 8 7 9 8 9 7 8 7 9 7 10 7 9 7 10 7 9 7 10 7 10 7 10 8 10 7 10 8 10 7 0 0 0 0 0 0 0 0 0 0]"
"1769326796300638,CSI_DATA,STATION,00:00:00:00:00:00,0,0,0,0,0,0,0,0,0,0,0,0,0,0,0,0,0,0,0,0,0,128,[84 -64 4 0 0 0 0 0 0 0 0 0 4 -10 5 -9 5 -10 5 -9 6 -9 6 -9 6 -9 7 -8 7 -9 7 -8 6 -9 6 -8 7 -8 7 -8 8 -8 7 -8 7 -8 7 -9 7 -8 8 -8 7 -8 7 -8 7 -8 7 -8 7 -8 7 -8 0 0 7 -8 7 -8 7 -8 7 -9 7 -9 7 -9 7 -9 7 -9 7 -9 7 -10 7 -10 7 -9 7 -10 7 -9 7 -10 6 -11 7 -11 7 -11 7 -11 7 -11 7 -11 7 -11 8 -11 7 -12 7 -12 7 -12 0 0 0 0 0 0 0 0 0 0]"
"1769326796305000,CSI_DATA,STATION,00:00:00:00:00:00,0,0,0,0,0,0,0,0,0,0,0,0,0,0,0,0,0,0,0,0,0,128,[84 -64 4 0 0 0 0 0 0 0 0 0 -7 -9 -7 -9 -6 -9 -6 -9 -6 -10 -6 -10 -5 -10 -5 -10 -5 -10 -5 -11 -5 -10 -5 -10 -5 -10 -4 -10 -4 -11 -5 -11 -4 -10 -4 -10 -4 -11 -4 -11 -4 -11 -4 -11 -4 -10 -4 -11 -4 -11 -4 -11 0 0 -5 -11 -4 -11 -5 -11 -5 -11 -5 -11 -5 -11 -5 -11 -6 -11 -5 -11 -5 -11 -6 -11 -6 -11 -6 -11 -6 -11 -6 -11 -7 -11 -7 -12 -7 -12 -7 -12 -7 -12 -7 -12 -7 -11 -7 -12 -8 -12 -7 -12 -7 -12 0 0 0 0 0 0 0 0 0 0]"
"1769326796311508,CSI_DATA,STATION,00:00:00:00:00:00,0,0,0,0,0,0,0,0,0,0,0,0,0,0,0,0,0,0,0,0,0,128,[84 -64 4 0 0 0 0 0 0 0 0 0 -5 8 -6 9 -6 7 -7 8 -7 8 -7 8 -7 8 -7 8 -8 7 -8 7 -8 8 -8 7 -8 7 -8 7 -8 7 -8 7 -9 7 -8 7 -9 7 -8 6 -9 7 -9 6 -8 7 -8 7 -8 7 -8 7 0 0 -8 7 -8 7 -8 8 -8 7 -8 8 -8 7 -8 7 -8 8 -8 8 -8 8 -8 9 -8 9 -8 9 -8 9 -8 9 -8 10 -8 9 -8 10 -8 10 -8 9 -8 10 -8 10 -8 10 -8 10 -8 11 -8 11 0 0 0 0 0 0 0 0 0 0]"
"1769326796316035,CSI_DATA,STATION,00:00:00:00:00:00,0,0,0,0,0,0,0,0,0,0,0,0,0,0,0,0,0,0,0,0,0,128,[84 -64 4 0 0 0 0 0 0 0 0 0 9 4 9 4 9 4 9 5 9 4 9 5 9 5 9 5 8 5 8 6 8 6 8 6 8 6 8 6 8 7 8 6 8 6 8 6 8 7 8 7 8 7 8 6 7 7 8 6 8 7 8 6 0 0 8 6 8 6 9 6 8 6 9 6 9 6 9 6 9 6 9 6 9 6 9 5 10 6 10 7 10 6 10 6 10 6 10 6 10 5 11 5 11 6 11 5 11 6 11 6 11 6 11 6 11 6 0 0 0 0 0 0 0 0 0 0]"
"1769326796320302,CSI_DATA,STATION,00:00:00:00:00:00,0,0,0,0,0,0,0,0,0,0,0,0,0,0,0,0,0,0,0,0,0,128,[84 -64 4 0 0 0 0 0 0 0 0 0 -3 -10 -3 -10 -3 -10 -3 -11 -3 -10 -2 -11 -1 -11 -2 -12 -1 -11 -2 -11 -1 -11 -1 -12 -1 -11 -1 -11 -1 -12 0 -11 -1 -11 0 -11 -1 -11 0 -11 -1 -11 -1 -11 -1 -12 -1 -11 -1 -11 -1 -12 0 0 -1 -11 -1 -11 -2 -12 -2 -11 -2 -11 -3 -12 -2 -12 -3 -12 -2 -11 -2 -12 -3 -12 -3 -12 -4 -13 -3 -12 -3 -12 -4 -12 -4 -12 -4 -13 -4 -13 -4 -13 -4 -13 -4 -13 -4 -13 -4 -13 -5 -13 -4 -13 0 0 0 0 0 0 0 0 0 0]"
"1769326796326672,CSI_DATA,STATION,00:00:00:00:00:00,0,0,0,0,0,0,0,0,0,0,0,0,0,0,0,0,0,0,0,0,0,128,[84 -64 4 0 0 0 0 0 0 0 0 0 9 1 9 1 9 1 10 2 10 2 10 2 10 2 10 3 9 3 9 3 10 3 10 4 10 4 10 4 10 4 9 4 9 4 9 4 10 4 9 4 9 4 9 4 9 4 10 4 9 4 10 3 0 0 10 4 10 3 10 4 10 3 10 4 10 3 10 3 11 3 10 3 10 3 11 3 11 3 11 3 11 3 11 3 12 2 12 2 12 2 12 2 11 2 12 3 12 2 12 3 12 3 12 2 12 3 0 0 0 0 0 0 0 0 0 0]"
"1769326796331000,CSI_DATA,STATION,00:00:00:00:00:00,0,0,0,0,0,0,0,0,0,0,0,0,0,0,0,0,0,0,0,0,0,128,[84 -64 4 0 0 0 0 0 0 0 0 0 7 -6 8 -6 8 -6 8 -6 9 -6 9 -6 9 -5 9 -5 9 -5 9 -4 9 -5 9 -4 10 -4 9 -4 10 -4 10 -4 9 -4 9 -4 10 -4 10 -4 10 -3 10 -4 10 -4 10 -4 10 -4 10 -4 0 0 10 -4 10 -4 10 -4 10 -5 10 -4 10 -5 10 -5 10 -5 10 -5 10 -5 10 -6 10 -5 10 -6 10 -5 11 -6 11 -7 11 -6 11 -7 11 -7 11 -6 11 -6 11 -6 11 -6 12 -7 11 -7 11 -7 0 0 0 0 0 0 0 0 0 0]"
"1769326796337497,CSI_DATA,STATION,00:00:00:00:00:00,0,0,0,0,0,0,0,0,0,0,0,0,0,0,0,0,0,0,0,0,0,128,[84 -64 4 0 0 0 0 0 0 0 0 0 6 -8 6 -8 7 -8 7 -8 8 -7 7 -8 8 -8 8 -7 8 -7 8 -6 8 -7 8 -7 8 -7 9 -6 9 -6 8 -6 9 -7 8 -7 9 -6 9 -7 9 -6 9 -6 9 -6 9 -7 9 -6 9 -7 0 0 8 -7 9 -6 9 -7 8 -7 9 -7 9 -7 9 -7 9 -7 9 -7 9 -8 8 -8 9 -8 9 -8 9 -8 9 -8 9 -9 8 -9 9 -10 9 -9 9 -9 9 -9 9 -8 10 -9 9 -10 9 -10 9 -10 0 0 0 0 0 0 0 0 0 0]"
"1769326796341842,CSI_DATA,STATION,00:00:00:00:00:00,0,0,0,0,0,0,0,0,0,0,0,0,0,0,0,0,0,0,0,0,0,128,[84 -64 4 0 0 0 0 0 0 0 0 0 -6 8 -6 8 -6 7 -7 8 -7 7 -7 8 -7 8 -8 7 -8 7 -8 7 -8 7 -8 7 -8 7 -8 7 -9 7 -9 7 -8 7 -8 6 -9 7 -9 6 -8 6 -9 6 -8 7 -9 6 -9 7 -9 7 0 0 -8 7 -8 7 -8 7 -8 7 -8 8 -8 7 -8 7 -8 8 -8 8 -8 8 -8 9 -8 8 -8 8 -8 9 -8 8 -8 10 -8 9 -8 10 -8 10 -8 10 -8 10 -8 10 -8 10 -8 10 -8 10 -9 11 0 0 0 0 0 0 0 0 0 0]"
"1769326796346177,CSI_DATA,STATION,00:00:00:00:00:00,0,0,0,0,0,0,0,0,0,0,0,0,0,0,0,0,0,0,0,0,0,128,[84 -64 4 0 0 0 0 0 0 0 0 0 9 -3 9 -3 10 -2 11 -2 10 -2 10 -1 10 -2 10 -2 10 -2 10 -1 10 -2 10 -1 10 -1 10 0 11 -1 10 0 10 0 10 -1 11 0 11 0 11 0 10 0 10 0 11 0 11 0 10 -1 0 0 10 -1 10 -1 11 -1 10 -1 11 -1 11 -1 11 -1 11 -1 11 -2 11 -2 11 -2 11 -2 12 -2 12 -2 11 -2 11 -2 12 -2 12 -3 12 -3 12 -3 12 -3 12 -2 13 -3 13 -3 13 -3 13 -3 0 0 0 0 0 0 0 0 0 0]"
"1769326796352666,CSI_DATA,STATION,00:00:00:00:00:00,0,0,0,0,0,0,0,0,0,0,0,0,0,0,0,0,0,0,0,0,0,128,[84 -64 4 0 0 0 0 0 0 0 0 0 1 9 0 10 0 10 -1 10 -1 10 -1 10 -1 10 -2 10 -2 10 -2 10 -2 11 -2 10 -2 10 -1 10 -3 10 -3 10 -3 10 -3 10 -3 10 -3 9 -3 10 -3 10 -3 10 -3 10 -2 10 -3 11 0 0 -3 10 -2 10 -2 11 -2 10 -2 11 -2 10 -2 11 -2 11 -2 11 -2 11 -1 11 -2 11 -1 12 -1 11 -1 12 -1 12 -1 12 -1 12 -2 13 -2 12 -1 12 -1 12 -1 12 0 13 -1 13 -1 13 0 0 0 0 0 0 0 0 0 0]"
"1769326796357034,CSI_DATA,STATION,00:00:00:00:00:00,0,0,0,0,0,0,0,0,0,0,0,0,0,0,0,0,0,0,0,0,0,128,[84 -64 4 0 0 0 0 0 0 0 0 0 -9 5 -9 4 -10 4 -10 4 -10 3 -10 3 -10 3 -10 3 -11 3 -11 3 -11 3 -11 3 -11 2 -11 2 -11 2 -11 2 -11 2 -11 1 -12 1 -12 1 -11 1 -11 1 -11 2 -11 1 -11 2 -11 2 0 0 -11 2 -11 2 -11 2 -11 3 -11 2 -11 3 -12 3 -12 3 -11 3 -12 4 -12 4 -12 3 -12 3 -12 3 -12 4 -12 4 -12 3 -12 4 -12 4 -12 4 -13 5 -13 4 -13 4 -13 5 -13 5 -13 5 0 0 0 0 0 0 0 0 0 0]"
"1769326796361370,CSI_DATA,STATION,00:00:00:00:00:00,0,0,0,0,0,0,0,0,0,0,0,0,0,0,0,0,0,0,0,0,0,128,[84 -64 4 0 0 0 0 0 0 0 0 0 -1 17 -2 18 -3 18 -3 18 -4 18 -4 18 -4 18 -5 18 -5 18 -5 18 -6 18 -6 17 -7 17 -6 17 -7 17 -7 18 -7 17 -7 17 -8 17 -7 17 -7 17 -7 17 -7 17 -7 16 -7 17 -7 17 0 0 -6 17 -7 17 -6 17 -6 17 -6 18 -6 18 -6 18 -5 17 -6 18 -5 18 -5 19 -5 19 -5 19 -4 19 -5 20 -4 20 -4 20 -4 20 -4 21 -4 21 -4 21 -4 21 -3 21 -3 21 -4 21 -3 21 0 0 0 0 0 0 0 0 0 0]"
"1769326796367842,CSI_DATA,STATION,00:00:00:00:00:00,0,0,0,0,0,0,0,0,0,0,0,0,0,0,0,0,0,0,0,0,0,128,[84 -64 4 0 0 0 0 0 0 0 0 0 -9 6 -9 6 -10 6 -10 5 -10 5 -11 5 -11 5 -11 5 -12 5 -11 4 -11 5 -12 4 -12 4 -12 4 -12 4 -12 4 -11 4 -11 4 -12 3 -12 3 -12 4 -12 4 -11 4 -11 4 -11 3 -12 4 0 0 -11 5 -11 4 -11 4 -11 5 -11 5 -11 4 -11 5 -11 5 -11 6 -11 6 -11 6 -12 6 -11 7 -11 7 -11 7 -11 7 -11 7 -11 7 -11 8 -11 8 -11 8 -11 8 -12 8 -11 8 -12 9 -11 8 0 0 0 0 0 0 0 0 0 0]"
"1769326796372179,CSI_DATA,STATION,00:00:00:00:00:00,0,0,0,0,0,0,0,0,0,0,0,0,0,0,0,0,0,0,0,0,0,128,[84 -64 4 0 0 0 0 0 0 0 0 0 -16 -2 -17 -3 -17 -4 -17 -4 -17 -5 -17 -5 -17 -5 -17 -5 -16 -6 -17 -6 -17 -6 -16 -7 -16 -7 -16 -7 -17 -7 -16 -7 -16 -7 -15 -7 -17 -8 -16 -8 -16 -8 -16 -8 -15 -7 -16 -7 -16 -8 -16 -7 0 0 -16 -6 -16 -7 -17 -6 -16 -5 -17 -7 -17 -6 -17 -6 -17 -5 -17 -5 -17 -5 -18 -4 -18 -5 -18 -5 -19 -5 -18 -5 -19 -4 -19 -4 -19 -3 -19 -3 -19 -3 -20 -3 -20 -4 -20 -4 -20 -3 -20 -3 -20 -2 0 0 0 0 0 0 0 0 0 0]"
"1769326796378662,CSI_DATA,STATION,00:00:00:00:00:00,0,0,0,0,0,0,0,0,0,0,0,0,0,0,0,0,0,0,0,0,0,128,[84 -64 4 0 0 0 0 0 0 0 0 0 7 7 6 7 6 7 6 7 6 8 5 8 6 8 5 8 5 8 5 9 5 8 5 8 5 9 5 8 5 9 4 9 4 9 4 8 5 9 5 9 4 9 5 9 4 9 5 9 5 9 5 8 0 0 5 9 5 9 5 9 5 9 6 9 5 9 6 9 6 9 6 9 6 9 6 9 7 9 7 9 7 9 6 9 7 9 7 9 7 8 7 9 7 9 8 9 8 9 8 9 8 9 9 10 8 9 0 0 0 0 0 0 0 0 0 0]"
"1769326796383010,CSI_DATA,STATION,00:00:00:00:00:00,0,0,0,0,0,0,0,0,0,0,0,0,0,0,0,0,0,0,0,0,0,128,[84 -64 4 0 0 0 0 0 0 0 0 0 7 -6 8 -7 8 -6 8 -6 8 -6 9 -6 9 -5 9 -5 9 -5 9 -5 9 -5 9 -5 9 -4 9 -4 9 -4 9 -5 10 -4 9 -4 10 -4 10 -4 9 -4 9 -4 9 -5 9 -4 10 -4 10 -5 0 0 10 -5 10 -4 9 -4 10 -5 10 -5 10 -5 10 -5 10 -5 9 -5 9 -6 9 -6 10 -6 10 -6 11 -6 10 -7 10 -7 10 -7 11 -7 11 -7 10 -7 10 -7 10 -7 10 -7 11 -7 11 -8 11 -7 0 0 0 0 0 0 0 0 0 0]"
"1769326796387309,CSI_DATA,STATION,00:00:00:00:00:00,0,0,0,0,0,0,0,0,0,0,0,0,0,0,0,0,0,0,0,0,0,128,[84 -64 4 0 0 0 0 0 0 0 0 0 -10 2 -10 2 -11 1 -11 1 -11 1 -11 0 -11 0 -11 0 -11 0 -12 -1 -11 0 -11 -1 -11 -1 -11 -1 -11 -1 -11 -1 -11 -1 -11 -1 -11 -2 -12 -2 -11 -1 -11 -2 -11 -1 -12 -1 -11 -1 -11 0 0 0 -11 -1 -11 -1 -11 0 -11 0 -12 -1 -11 0 -12 0 -12 0 -11 0 -12 0 -12 0 -12 0 -12 0 -12 1 -12 0 -12 1 -13 1 -13 1 -13 1 -13 1 -13 1 -13 1 -14 1 -13 2 -13 2 -13 2 0 0 0 0 0 0 0 0 0 0]"
"1769326796393774,CSI_DATA,STATION,00:00:00:00:00:00,0,0,0,0,0,0,0,0,0,0,0,0,0,0,0,0,0,0,0,0,0,128,[84 -64 4 0 0 0 0 0 0 0 0 0 -8 -8 -8 -8 -8 -9 -8 -9 -8 -10 -8 -10 -8 -9 -7 -10 -7 -10 -7 -11 -7 -10 -6 -10 -6 -10 -6 -11 -7 -11 -6 -11 -6 -11 -6 -11 -6 -11 -6 -11 -6 -11 -6 -11 -6 -10 -6 -11 -6 -11 -6 -11 0 0 -6 -10 -6 -11 -7 -11 -7 -11 -7 -11 -6 -11 -7 -11 -7 -11 -7 -10 -8 -11 -8 -11 -8 -10 -8 -11 -8 -11 -8 -11 -8 -11 -9 -11 -9 -12 -9 -11 -9 -12 -9 -12 -9 -11 -9 -12 -9 -11 -9 -11 -9 -11 0 0 0 0 0 0 0 0 0 0]"
"1769326796398111,CSI_DATA,STATION,00:00:00:00:00:00,0,0,0,0,0,0,0,0,0,0,0,0,0,0,0,0,0,0,0,0,0,128,[84 -64 4 0 0 0 0 0 0 0 0 0 -1 9 -2 10 -2 9 -3 10 -3 10 -3 10 -3 10 -4 9 -3 10 -4 10 -3 10 -4 9 -4 10 -4 10 -3 10 -4 9 -4 9 -4 10 -4 10 -4 9 -4 10 -4 10 -4 9 -4 9 -4 9 -4 10 0 0 -4 10 -3 9 -3 10 -3 10 -3 11 -3 10 -3 10 -3 10 -2 11 -3 10 -3 11 -3 11 -3 11 -2 11 -2 11 -2 11 -1 11 -2 12 -1 13 -1 12 -1 12 -1 12 -1 12 -1 13 -2 12 -1 13 0 0 0 0 0 0 0 0 0 0]"
"1769326796404557,CSI_DATA,STATION,00:00:00:00:00:00,0,0,0,0,0,0,0,0,0,0,0,0,0,0,0,0,0,0,0,0,0,128,[84 -64 4 0 0 0 0 0 0 0 0 0 -10 5 -10 5 -10 5 -11 5 -11 4 -11 4 -11 4 -11 4 -11 4 -13 4 -12 3 -12 3 -12 3 -12 3 -12 3 -12 3 -12 3 -11 2 -12 2 -12 2 -12 2 -12 2 -11 2 -12 2 -12 2 -11 3 0 0 -11 2 -12 3 -12 3 -11 4 -12 3 -12 3 -12 3 -12 3 -12 3 -12 4 -13 4 -12 4 -13 4 -13 4 -13 4 -12 5 -13 4 -13 5 -12 5 -13 5 -13 5 -13 5 -13 5 -13 5 -13 5 -14 6 0 0 0 0 0 0 0 0 0 0]"
"1769326796408863,CSI_DATA,STATION,00:00:00:00:00:00,0,0,0,0,0,0,0,0,0,0,0,0,0,0,0,0,0,0,0,0,0,128,[84 -64 4 0 0 0 0 0 0 0 0 0 9 -5 9 -5 10 -5 10 -4 11 -4 10 -4 11 -4 11 -3 11 -3 11 -2 11 -3 11 -3 12 -2 11 -2 11 -2 11 -2 11 -1 11 -2 11 -2 11 -2 11 -1 11 -2 11 -2 11 -2 11 -2 11 -2 0 0 11 -2 12 -2 11 -2 12 -3 11 -2 11 -3 12 -2 12 -2 12 -3 12 -3 12 -4 12 -3 12 -3 12 -3 12 -4 12 -4 13 -4 12 -4 12 -4 12 -4 13 -4 12 -4 13 -4 13 -4 13 -4 13 -5 0 0 0 0 0 0 0 0 0 0]"
"1769326796413209,CSI_DATA,STATION,00:00:00:00:00:00,0,0,0,0,0,0,0,0,0,0,0,0,0,0,0,0,0,0,0,0,0,128,[84 -64 4 0 0 0 0 0 0 0 0 0 5 9 5 9 5 10 4 10 4 10 4 9 4 10 4 11 4 10 3 11 3 11 3 11 3 10 3 11 3 11 2 11 2 11 2 11 3 11 2 11 2 11 2 11 2 11 2 11 2 11 2 11 0 0 2 11 3 11 3 10 3 11 3 11 3 11 3 11 4 11 3 11 3 11 4 11 4 11 4 12 4 12 4 12 5 12 5 12 4 12 5 12 5 12 5 13 5 12 5 13 5 12 5 13 5 13 0 0 0 0 0 0 0 0 0 0]"
"1769326796419738,CSI_DATA,STATION,00:00:00:00:00:00,0,0,0,0,0,0,0,0,0,0,0,0,0,0,0,0,0,0,0,0,0,128,[84 -64 4 0 0 0 0 0 0 0 0 0 -6 9 -6 10 -7 9 -7 9 -7 9 -7 9 -8 9 -8 9 -8 9 -9 9 -8 8 -8 8 -9 8 -9 8 -9 8 -9 9 -8 8 -8 8 -9 8 -9 8 -9 7 -8 8 -9 8 -8 8 -8 8 -8 8 0 0 -8 8 -8 8 -8 9 -8 8 -8 9 -8 9 -8 9 -8 9 -8 9 -8 10 -8 10 -8 10 -8 10 -8 10 -7 10 -7 11 -7 11 -8 11 -7 12 -8 11 -7 11 -7 11 -8 11 -8 12 -7 12 -7 12 0 0 0 0 0 0 0 0 0 0]"
"1769326796423985,CSI_DATA,STATION,00:00:00:00:00:00,0,0,0,0,0,0,0,0,0,0,0,0,0,0,0,0,0,0,0,0,0,128,[84 -64 4 0 0 0 0 0 0 0 0 0 0 16 -1 16 -1 16 -2 16 -2 16 -2 16 -3 16 -3 16 -4 16 -4 16 -4 16 -5 16 -5 16 -5 16 -6 16 -6 16 -5 15 -6 15 -6 16 -6 16 -6 15 -6 15 -6 15 -6 15 -6 15 -5 15 0 0 -5 15 -5 16 -5 16 -5 16 -5 16 -5 16 -5 16 -4 16 -5 16 -4 17 -4 17 -4 17 -4 17 -4 17 -4 18 -4 18 -3 18 -3 18 -4 19 -4 18 -4 19 -4 18 -3 19 -3 19 -3 19 -3 19 0 0 0 0 0 0 0 0 0 0]"
"1769326796434490,CSI_DATA,STATION,00:00:00:00:00:00,0,0,0,0,0,0,0,0,0,0,0,0,0,0,0,0,0,0,0,0,0,128,[84 -64 4 0 0 0 0 0 0 0 0 0 2 -11 2 -11 3 -11 3 -11 4 -12 4 -12 4 -11 4 -11 4 -11 5 -11 5 -12 5 -11 5 -11 5 -10 6 -11 5 -11 5 -11 5 -11 5 -10 6 -11 5 -10 6 -10 6 -11 5 -10 5 -10 5 -11 0 0 5 -11 5 -11 5 -10 5 -11 5 -11 5 -11 4 -11 5 -12 4 -12 5 -12 4 -12 5 -12 5 -12 5 -12 4 -13 4 -13 4 -13 4 -14 4 -13 4 -13 4 -13 4 -13 5 -14 4 -14 4 -14 4 -14 0 0 0 0 0 0 0 0 0 0]"
"1769326796440888,CSI_DATA,STATION,00:00:00:00:00:00,0,0,0,0,0,0,0,0,0,0,0,0,0,0,0,0,0,0,0,0,0,128,[84 -64 4 0 0 0 0 0 0 0 0 0 -11 3 -11 2 -12 1 -12 2 -12 1 -12 1 -12 0 -13 0 -12 0 -13 -1 -12 0 -12 0 -12 -1 -12 -1 -12 -1 -12 -1 -12 -1 -12 -1 -13 -1 -12 -2 -12 -1 -12 -2 -12 -1 -12 -2 -12 -1 -12 -1 0 0 -12 -1 -12 -1 -12 0 -12 0 -13 -1 -13 0 -13 0 -13 0 -12 0 -13 0 -13 1 -13 0 -13 1 -13 1 -13 1 -14 1 -14 0 -14 1 -14 1 -14 2 -14 1 -14 1 -14 1 -15 1 -14 1 -14 2 0 0 0 0 0 0 0 0 0 0]"
"1769326796447320,CSI_DATA,STATION,00:00:00:00:00:00,0,0,0,0,0,0,0,0,0,0,0,0,0,0,0,0,0,0,0,0,0,128,[84 -64 4 0 0 0 0 0 0 0 0 0 1 -11 1 -12 2 -11 2 -12 2 -12 3 -12 3 -11 3 -12 4 -12 4 -11 4 -12 4 -12 4 -12 4 -11 4 -11 5 -11 5 -11 4 -12 5 -11 5 -11 5 -11 4 -11 5 -11 4 -11 4 -11 5 -11 0 0 4 -11 4 -11 4 -11 4 -11 4 -12 4 -12 4 -11 4 -12 4 -12 4 -12 4 -12 4 -12 3 -13 4 -13 3 -13 4 -13 3 -13 3 -14 3 -14 4 -14 3 -14 3 -13 3 -14 3 -14 3 -14 3 -14 0 0 0 0 0 0 0 0 0 0]"
"1769326796451611,CSI_DATA,STATION,00:00:00:00:00:00,0,0,0,0,0,0,0,0,0,0,0,0,0,0,0,0,0,0,0,0,0,128,[84 -64 4 0 0 0 0 0 0 0 0 0 -4 9 -5 9 -6 8 -5 9 -6 8 -6 9 -6 8 -7 8 -6 8 -7 8 -7 8 -7 8 -8 8 -7 8 -7 7 -7 8 -8 8 -7 8 -7 7 -7 8 -7 7 -7 8 -7 8 -8 8 -7 8 -7 8 0 0 -7 8 -7 8 -7 9 -7 8 -7 8 -7 9 -7 8 -7 9 -6 9 -6 9 -7 10 -7 9 -6 10 -6 10 -7 10 -6 10 -6 10 -6 11 -6 11 -6 11 -6 11 -6 11 -6 11 -6 12 -6 11 -6 11 0 0 0 0 0 0 0 0 0 0]"
"1769326796458032,CSI_DATA,STATION,00:00:00:00:00:00,0,0,0,0,0,0,0,0,0,0,0,0,0,0,0,0,0,0,0,0,0,128,[84 -64 4 0 0 0 0 0 0 0 0 0 -3 10 -4 11 -4 10 -4 10 -4 10 -5 10 -5 11 -5 10 -5 11 -5 10 -6 10 -6 10 -6 10 -6 10 -6 10 -6 9 -6 11 -6 10 -7 9 -6 9 -6 9 -6 9 -6 10 -6 10 -6 9 -6 10 0 0 -6 10 -5 10 -5 10 -6 10 -5 10 -5 10 -5 10 -5 11 -5 11 -5 11 -5 11 -5 11 -5 11 -5 12 -5 11 -5 12 -4 12 -4 12 -4 12 -4 13 -4 13 -4 13 -4 12 -4 12 -5 13 -4 13 0 0 0 0 0 0 0 0 0 0]"
"1769326796462345,CSI_DATA,STATION,00:00:00:00:00:00,0,0,0,0,0,0,0,0,0,0,0,0,0,0,0,0,0,0,0,0,0,128,[84 -64 4 0 0 0 0 0 0 0 0 0 -5 -10 -6 -10 -6 -10 -5 -11 -5 -11 -5 -11 -5 -11 -5 -12 -4 -12 -5 -12 -4 -11 -4 -12 -4 -12 -4 -12 -4 -12 -3 -12 -3 -12 -3 -11 -3 -12 -3 -12 -3 -12 -4 -12 -3 -11 -4 -12 -3 -12 -4 -12 0 0 -3 -12 -4 -12 -4 -12 -4 -12 -4 -11 -4 -12 -5 -12 -5 -12 -4 -12 -4 -12 -5 -12 -5 -12 -6 -12 -5 -12 -6 -13 -5 -13 -6 -13 -6 -13 -6 -12 -6 -13 -6 -13 -6 -13 -6 -13 -7 -13 -7 -13 -6 -13 0 0 0 0 0 0 0 0 0 0]"
"1769326796468792,CSI_DATA,STATION,00:00:00:00:00:00,0,0,0,0,0,0,0,0,0,0,0,0,0,0,0,0,0,0,0,0,0,128,[84 -64 4 0 0 0 0 0 0 0 0 0 -11 -1 -12 -1 -12 -1 -12 -2 -12 -2 -11 -3 -12 -3 -12 -3 -12 -3 -13 -4 -12 -4 -11 -3 -12 -4 -12 -4 -12 -5 -12 -4 -11 -4 -12 -4 -12 -5 -11 -5 -11 -5 -11 -5 -12 -4 -12 -5 -12 -4 -12 -4 0 0 -12 -4 -12 -4 -12 -4 -12 -3 -12 -4 -12 -4 -12 -4 -13 -4 -12 -3 -13 -3 -13 -3 -13 -3 -13 -3 -13 -3 -13 -3 -13 -3 -14 -3 -13 -3 -14 -2 -14 -3 -14 -2 -14 -2 -14 -3 -15 -2 -15 -2 -14 -2 0 0 0 0 0 0 0 0 0 0]"
"1769326796473130,CSI_DATA,STATION,00:00:00:00:00:00,0,0,0,0,0,0,0,0,0,0,0,0,0,0,0,0,0,0,0,0,0,128,[84 -64 4 0 0 0 0 0 0 0 0 0 -11 2 -11 2 -12 1 -11 1 -13 1 -12 1 -12 1 -12 0 -12 0 -13 -1 -13 -1 -12 -1 -12 -1 -13 -1 -12 -1 -13 -1 -12 -1 -13 -1 -12 -2 -13 -2 -12 -2 -12 -1 -12 -1 -12 -2 -12 -1 -12 -1 0 0 -12 -1 -13 -1 -12 -1 -12 0 -13 -1 -12 -1 -13 -1 -13 0 -12 -1 -13 0 -12 0 -13 0 -13 0 -13 0 -14 0 -13 1 -14 0 -14 1 -14 1 -14 1 -14 1 -15 1 -15 1 -15 1 -14 1 -14 1 0 0 0 0 0 0 0 0 0 0]"
"1769326796477436,CSI_DATA,STATION,00:00:00:00:00:00,0,0,0,0,0,0,0,0,0,0,0,0,0,0,0,0,0,0,0,0,0,128,[84 -64 4 0 0 0 0 0 0 0 0 0 -3 -11 -3 -12 -3 -12 -2 -12 -2 -12 -2 -13 -1 -12 -1 -12 -1 -12 0 -12 -1 -12 0 -12 0 -12 0 -12 0 -12 0 -12 0 -13 0 -12 0 -12 1 -12 1 -12 0 -12 0 -12 0 -12 0 -12 0 -12 0 0 0 -12 0 -12 0 -12 0 -12 0 -13 -1 -12 0 -13 -1 -13 -1 -13 -1 -13 -1 -13 -1 -13 -1 -13 -2 -13 -1 -14 -1 -14 -2 -14 -2 -14 -2 -14 -2 -14 -2 -14 -2 -14 -2 -14 -2 -14 -2 -14 -2 -14 0 0 0 0 0 0 0 0 0 0]"
"1769326796483963,CSI_DATA,STATION,00:00:00:00:00:00,0,0,0,0,0,0,0,0,0,0,0,0,0,0,0,0,0,0,0,0,0,128,[84 -64 4 0 0 0 0 0 0 0 0 0 -8 -9 -8 -9 -8 -9 -7 -10 -8 -10 -7 -10 -7 -10 -6 -10 -6 -11 -6 -11 -6 -11 -6 -11 -6 -11 -6 -11 -6 -11 -6 -11 -5 -11 -6 -10 -6 -11 -6 -11 -6 -11 -6 -11 -6 -11 -6 -11 -6 -11 -6 -11 0 0 -7 -10 -6 -11 -7 -11 -6 -11 -7 -11 -7 -11 -7 -11 -7 -11 -7 -11 -8 -10 -8 -10 -8 -10 -8 -11 -9 -11 -8 -11 -8 -11 -9 -11 -9 -11 -9 -11 -9 -11 -10 -11 -10 -11 -10 -11 -10 -11 -10 -11 -10 -11 0 0 0 0 0 0 0 0 0 0]"
"1769326796488273,CSI_DATA,STATION,00:00:00:00:00:00,0,0,0,0,0,0,0,0,0,0,0,0,0,0,0,0,0,0,0,0,0,128,[84 -64 4 0 0 0 0 0 0 0 0 0 4 9 3 9 3 9 3 9 3 9 2 10 2 10 2 10 2 10 2 9 2 10 2 10 1 10 2 10 1 10 1 10 1 9 0 10 1 10 1 10 1 10 1 10 1 10 1 10 2 10 1 10 0 0 1 10 2 10 2 10 2 10 2 10 3 10 2 10 2 11 2 10 2 10 3 10 3 11 3 11 3 11 3 11 3 11 4 11 4 11 4 12 4 11 4 12 4 11 4 11 5 11 4 12 4 12 0 0 0 0 0 0 0 0 0 0]"
"1769326796494718,CSI_DATA,STATION,00:00:00:00:00:00,0,0,0,0,0,0,0,0,0,0,0,0,0,0,0,0,0,0,0,0,0,128,[84 -64 4 0 0 0 0 0 0 0 0 0 7 -4 7 -4 8 -3 8 -4 8 -3 8 -4 9 -3 9 -2 9 -2 9 -2 9 -2 8 -2 9 -2 9 -2 9 -2 9 -2 9 -1 9 -1 9 -2 9 -2 9 -1 9 -2 9 -2 9 -1 9 -2 9 -3 0 0 9 -2 9 -2 9 -2 10 -2 9 -2 10 -2 10 -2 9 -3 9 -3 10 -3 9 -3 9 -3 10 -3 10 -3 10 -4 10 -4 10 -3 11 -4 11 -4 10 -4 10 -4 10 -4 11 -4 11 -4 11 -4 11 -4 0 0 0 0 0 0 0 0 0 0]"
"1769326796499021,CSI_DATA,STATION,00:00:00:00:00:00,0,0,0,0,0,0,0,0,0,0,0,0,0,0,0,0,0,0,0,0,0,128,[84 -64 4 0 0 0 0 0 0 0 0 0 -10 -6 -10 -7 -10 -7 -10 -7 -9 -8 -10 -8 -9 -8 -9 -8 -9 -9 -9 -9 -9 -9 -9 -9 -9 -9 -9 -9 -9 -10 -8 -9 -8 -10 -7 -9 -8 -10 -8 -10 -8 -9 -8 -9 -8 -9 -8 -9 -9 -9 -9 -10 0 0 -8 -10 -8 -10 -9 -10 -9 -9 -9 -9 -9 -9 -9 -9 -9 -9 -9 -9 -9 -9 -10 -9 -10 -9 -11 -9 -10 -9 -10 -9 -11 -9 -10 -9 -11 -9 -10 -10 -10 -10 -11 -9 -11 -9 -11 -10 -12 -9 -11 -9 -11 -10 0 0 0 0 0 0 0 0 0 0]"
"1769326796503314,CSI_DATA,STATION,00:00:00:00:00:00,0,0,0,0,0,0,0,0,0,0,0,0,0,0,0,0,0,0,0,0,0,128,[84 -64 4 0 0 0 0 0 0 0 0 0 -11 4 -10 4 -11 4 -11 3 -12 3 -12 3 -12 3 -12 2 -11 2 -12 2 -12 2 -12 2 -12 1 -13 1 -12 1 -12 1 -12 1 -12 1 -12 1 -13 1 -13 1 -12 1 -12 1 -13 0 -12 1 -12 2 0 0 -12 2 -12 1 -12 1 -12 2 -13 2 -12 1 -13 2 -13 2 -12 2 -13 2 -13 3 -13 2 -12 2 -13 3 -13 3 -13 3 -13 3 -13 3 -13 4 -14 3 -13 4 -14 4 -14 4 -14 4 -14 4 -13 4 0 0 0 0 0 0 0 0 0 0]"
"1769326796509752,CSI_DATA,STATION,00:00:00:00:00:00,0,0,0,0,0,0,0,0,0,0,0,0,0,0,0,0,0,0,0,0,0,128,[84 -64 4 0 0 0 0 0 0 0 0 0 10 -5 10 -4 11 -3 11 -3 11 -3 11 -3 11 -2 11 -2 11 -2 12 -2 12 -2 11 -2 11 -2 11 -1 11 -1 11 -1 11 -1 11 -1 11 -1 12 -1 12 -1 12 0 11 -1 11 -1 11 -1 11 -2 0 0 12 -1 12 -1 11 -1 12 -2 11 -1 12 -2 12 -2 12 -2 11 -2 11 -2 11 -2 12 -3 12 -3 13 -2 13 -3 13 -3 13 -3 12 -4 13 -3 12 -3 13 -4 13 -3 13 -3 13 -3 13 -4 13 -4 0 0 0 0 0 0 0 0 0 0]"
"1769326796514095,CSI_DATA,STATION,00:00:00:00:00:00,0,0,0,0,0,0,0,0,0,0,0,0,0,0,0,0,0,0,0,0,0,128,[84 -64 4 0 0 0 0 0 0 0 0 0 -3 -18 -2 -19 -2 -19 -1 -19 -1 -19 -1 -20 0 -19 0 -20 1 -20 1 -19 1 -20 2 -20 2 -20 2 -19 2 -19 3 -19 3 -19 2 -19 3 -19 3 -19 3 -19 3 -19 3 -19 2 -19 3 -19 3 -19 0 0 2 -19 3 -19 2 -20 2 -20 2 -19 2 -20 2 -20 1 -19 2 -20 1 -20 0 -20 1 -20 0 -21 1 -21 1 -21 0 -22 -1 -21 -1 -21 0 -22 -1 -22 0 -22 0 -22 -1 -22 -2 -22 -1 -23 -1 -22 0 0 0 0 0 0 0 0 0 0]"
"1769326796520561,CSI_DATA,STATION,00:00:00:00:00:00,0,0,0,0,0,0,0,0,0,0,0,0,0,0,0,0,0,0,0,0,0,128,[84 -64 4 0 0 0 0 0 0 0 0 0 9 -1 10 -1 10 0 10 0 10 0 10 0 9 1 10 1 10 1 10 1 10 1 10 2 10 2 10 2 10 2 10 2 10 2 10 2 10 2 10 3 10 3 10 3 10 2 10 2 10 2 10 2 0 0 10 2 10 2 10 2 10 1 11 2 11 2 10 2 10 2 10 1 11 1 11 1 11 1 12 1 12 1 11 1 11 1 12 0 12 0 12 1 12 0 12 1 12 0 13 0 12 0 12 0 13 0 0 0 0 0 0 0 0 0 0 0]"
"1769326796524805,CSI_DATA,STATION,00:00:00:00:00:00,0,0,0,0,0,0,0,0,0,0,0,0,0,0,0,0,0,0,0,0,0,128,[84 -64 4 0 0 0 0 0 0 0 0 0 -16 4 -16 4 -17 3 -17 3 -17 2 -17 2 -17 2 -18 2 -17 1 -18 0 -18 1 -18 0 -18 0 -17 -1 -18 -1 -18 -1 -17 -1 -17 -1 -18 -1 -18 -2 -17 -2 -17 -2 -17 -1 -17 -1 -17 -2 -17 -1 0 0 -17 0 -17 -1 -18 -1 -18 0 -18 -1 -18 -1 -18 -1 -18 0 -17 0 -18 1 -18 1 -18 1 -18 1 -19 1 -18 1 -19 2 -19 2 -19 2 -19 2 -19 2 -20 2 -20 2 -20 2 -20 2 -20 2 -20 3 0 0 0 0 0 0 0 0 0 0]"
"1769326796529074,CSI_DATA,STATION,00:00:00:00:00:00,0,0,0,0,0,0,0,0,0,0,0,0,0,0,0,0,0,0,0,0,0,128,[84 -64 4 0 0 0 0 0 0 0 0 0 -14 -8 -14 -8 -15 -9 -15 -9 -15 -10 -14 -10 -14 -10 -14 -10 -13 -11 -14 -12 -13 -12 -13 -12 -13 -13 -13 -13 -13 -12 -13 -12 -12 -12 -13 -12 -13 -12 -13 -13 -13 -13 -13 -12 -12 -12 -13 -12 -12 -12 -12 -12 0 0 -13 -11 -13 -12 -14 -11 -14 -11 -14 -12 -14 -12 -14 -11 -14 -11 -14 -11 -15 -10 -15 -11 -15 -11 -15 -11 -16 -10 -16 -10 -16 -10 -17 -11 -16 -10 -17 -9 -17 -10 -17 -10 -18 -10 -18 -11 -18 -11 -18 -10 -18 -9 0 0 0 0 0 0 0 0 0 0]"
"1769326796535433,CSI_DATA,STATION,00:00:00:00:00:00,0,0,0,0,0,0,0,0,0,0,0,0,0,0,0,0,0,0,0,0,0,128,[84 -64 4 0 0 0 0 0 0 0 0 0 -17 -6 -18 -7 -18 -7 -18 -8 -18 -9 -18 -9 -17 -9 -17 -9 -17 -9 -18 -10 -17 -10 -16 -11 -17 -11 -16 -11 -16 -12 -16 -11 -15 -11 -16 -10 -17 -11 -16 -12 -16 -12 -16 -11 -15 -11 -16 -11 -16 -11 -16 -11 0 0 -16 -10 -17 -10 -17 -11 -17 -10 -17 -10 -17 -10 -18 -10 -17 -10 -17 -10 -18 -9 -19 -9 -18 -9 -19 -9 -19 -9 -19 -8 -20 -8 -20 -9 -20 -8 -20 -7 -20 -7 -21 -8 -22 -8 -21 -8 -21 -8 -22 -8 -21 -7 0 0 0 0 0 0 0 0 0 0]"
"1769326796541876,CSI_DATA,STATION,00:00:00:00:00:00,0,0,0,0,0,0,0,0,0,0,0,0,0,0,0,0,0,0,0,0,0,128,[84 -64 4 0 0 0 0 0 0 0 0 0 1 -10 2 -10 2 -10 2 -10 3 -10 3 -10 3 -10 4 -10 4 -10 3 -10 3 -10 4 -10 4 -10 4 -10 5 -10 5 -10 5 -10 5 -10 4 -9 6 -10 5 -9 5 -9 5 -10 4 -10 4 -10 5 -10 0 0 4 -10 5 -10 4 -10 4 -10 4 -10 4 -10 4 -10 4 -11 4 -11 4 -11 4 -11 4 -12 3 -12 4 -11 4 -12 4 -12 3 -12 3 -12 4 -12 4 -12 4 -12 4 -13 4 -13 3 -13 3 -13 3 -13 0 0 0 0 0 0 0 0 0 0]"
"1769326796546175,CSI_DATA,STATION,00:00:00:00:00:00,0,0,0,0,0,0,0,0,0,0,0,0,0,0,0,0,0,0,0,0,0,128,[84 -64 4 0 0 0 0 0 0 0 0 0 -10 3 -10 3 -10 3 -10 3 -10 2 -11 2 -10 2 -11 2 -10 2 -11 2 -11 2 -11 2 -11 1 -11 1 -11 1 -10 2 -11 1 -11 1 -11 1 -11 1 -11 1 -11 1 -11 1 -11 1 -11 1 -11 1 0 0 -11 2 -11 2 -11 2 -11 2 -11 2 -11 2 -11 2 -12 2 -11 3 -11 3 -12 4 -12 3 -12 3 -12 3 -11 4 -12 4 -12 4 -12 5 -12 5 -12 4 -12 5 -13 4 -13 4 -12 4 -12 5 -13 5 0 0 0 0 0 0 0 0 0 0]"
"1769326796550485,CSI_DATA,STATION,00:00:00:00:00:00,0,0,0,0,0,0,0,0,0,0,0,0,0,0,0,0,0,0,0,0,0,128,[84 -64 4 0 0 0 0 0 0 0 0 0 10 -3 11 -3 11 -2 11 -2 11 -2 12 -2 11 -2 11 -1 11 -1 11 0 11 0 11 0 11 0 11 1 12 0 11 0 11 0 11 1 11 1 12 0 11 1 11 0 11 1 12 1 11 1 11 0 0 0 11 0 11 0 11 0 11 0 12 0 12 0 12 -1 12 -1 11 -1 11 -1 12 0 12 -1 12 -1 13 -1 12 -1 13 -1 13 -1 13 -2 13 -2 13 -2 13 -2 13 -2 13 -2 14 -1 13 -1 13 -2 0 0 0 0 0 0 0 0 0 0]"
"1769326796556976,CSI_DATA,STATION,00:00:00:00:00:00,0,0,0,0,0,0,0,0,0,0,0,0,0,0,0,0,0,0,0,0,0,128,[84 -64 4 0 0 0 0 0 0 0 0 0 16 -7 17 -6 17 -6 17 -6 18 -5 18 -5 18 -5 18 -4 18 -4 19 -3 19 -3 18 -3 19 -3 18 -2 19 -1 18 -2 18 -2 18 -3 19 -2 18 -1 18 -1 18 -2 18 -2 18 -2 18 -1 18 -3 0 0 18 -3 18 -3 18 -3 18 -4 19 -3 19 -3 19 -3 19 -4 18 -5 18 -5 18 -6 19 -5 19 -5 19 -5 19 -6 20 -7 21 -7 19 -7 19 -7 19 -8 20 -7 20 -7 21 -7 21 -8 20 -8 21 -8 0 0 0 0 0 0 0 0 0 0]"
"1769326796561279,CSI_DATA,STATION,00:00:00:00:00:00,0,0,0,0,0,0,0,0,0,0,0,0,0,0,0,0,0,0,0,0,0,128,[84 -64 4 0 0 0 0 0 0 0 0 0 3 10 1 11 2 11 1 11 1 11 1 11 0 12 0 12 0 12 -1 12 0 12 0 12 0 11 -1 11 -1 12 -1 11 -1 11 -2 11 -1 12 -1 11 -1 11 -1 11 -1 11 -1 11 -1 11 -1 12 0 0 -1 11 0 11 1 11 1 11 0 12 0 11 0 12 1 11 0 12 0 12 1 12 1 12 1 12 2 12 1 12 2 13 2 12 2 13 2 13 2 13 2 13 2 13 2 13 3 13 2 13 3 13 0 0 0 0 0 0 0 0 0 0]"
"1769326796567752,CSI_DATA,STATION,00:00:00:00:00:00,0,0,0,0,0,0,0,0,0,0,0,0,0,0,0,0,0,0,0,0,0,128,[84 -64 4 0 0 0 0 0 0 0 0 0 -8 4 -8 4 -8 4 -8 4 -9 4 -9 4 -9 4 -9 3 -9 3 -10 3 -10 3 -9 3 -10 3 -10 3 -10 3 -9 2 -9 2 -9 2 -10 2 -10 2 -10 2 -10 2 -10 2 -10 3 -9 2 -9 3 0 0 -9 3 -10 3 -10 3 -9 3 -10 3 -9 3 -10 3 -10 4 -9 3 -10 4 -10 4 -10 4 -10 4 -11 4 -10 4 -10 4 -10 4 -10 4 -11 5 -11 5 -11 5 -11 5 -11 5 -11 5 -11 5 -11 5 0 0 0 0 0 0 0 0 0 0]"
"1769326796572045,CSI_DATA,STATION,00:00:00:00:00:00,0,0,0,0,0,0,0,0,0,0,0,0,0,0,0,0,0,0,0,0,0,128,[84 -64 4 0 0 0 0 0 0 0 0 0 1 11 0 11 0 11 -1 11 -1 11 -2 11 -2 11 -2 11 -2 11 -2 11 -2 12 -3 11 -3 11 -3 11 -3 11 -3 11 -3 11 -3 12 -3 11 -3 11 -4 11 -3 11 -3 11 -3 11 -3 10 -3 11 0 0 -3 10 -2 11 -2 11 -2 12 -2 11 -2 11 -2 11 -2 12 -2 12 -2 12 -1 12 -2 12 -2 12 0 12 -1 13 -1 12 -1 13 0 12 0 13 -1 13 0 13 0 13 0 14 0 13 0 14 0 14 0 0 0 0 0 0 0 0 0 0]"
"1769326796576347,CSI_DATA,STATION,00:00:00:00:00:00,0,0,0,0,0,0,0,0,0,0,0,0,0,0,0,0,0,0,0,0,0,128,[84 -64 4 0 0 0 0 0 0 0 0 0 -13 6 -13 6 -14 6 -14 5 -14 4 -14 5 -15 4 -14 4 -14 4 -15 3 -15 3 -15 3 -15 2 -15 3 -15 2 -15 2 -16 2 -14 2 -16 2 -15 1 -15 2 -15 2 -15 2 -15 2 -15 2 -15 2 0 0 -15 3 -15 1 -15 2 -15 2 -16 2 -16 2 -16 2 -15 2 -15 3 -15 3 -15 4 -15 4 -16 4 -17 3 -16 4 -16 4 -16 5 -17 5 -16 5 -16 4 -16 5 -17 4 -16 4 -17 5 -17 6 -16 6 0 0 0 0 0 0 0 0 0 0]"
"1769326796582834,CSI_DATA,STATION,00:00:00:00:00:00,0,0,0,0,0,0,0,0,0,0,0,0,0,0,0,0,0,0,0,0,0,128,[84 -64 4 0 0 0 0 0 0 0 0 0 -2 9 -3 9 -3 9 -3 9 -3 9 -4 10 -4 10 -4 10 -5 9 -4 9 -5 10 -5 9 -5 9 -5 9 -5 9 -5 9 -5 9 -5 9 -6 9 -5 9 -6 9 -5 9 -6 9 -5 9 -5 9 -5 9 0 0 -5 9 -5 9 -5 9 -5 10 -5 10 -5 9 -5 10 -5 10 -5 10 -5 10 -5 10 -5 10 -5 10 -5 11 -5 11 -5 11 -4 11 -5 11 -4 12 -5 12 -5 12 -5 12 -5 12 -5 12 -5 12 -5 12 0 0 0 0 0 0 0 0 0 0]"
"1769326796587162,CSI_DATA,STATION,00:00:00:00:00:00,0,0,0,0,0,0,0,0,0,0,0,0,0,0,0,0,0,0,0,0,0,128,[84 -64 4 0 0 0 0 0 0 0 0 0 15 1 15 2 16 3 16 3 16 3 16 3 15 4 16 4 15 5 16 5 15 5 15 5 16 6 15 6 15 7 15 7 15 6 14 6 15 7 15 7 14 7 15 7 14 6 15 7 15 7 15 6 0 0 15 6 15 7 15 7 15 6 15 7 15 6 16 6 15 6 16 6 16 5 16 5 16 6 17 6 17 6 17 5 17 5 17 5 17 5 18 5 18 5 18 5 18 6 19 5 18 5 19 5 18 4 0 0 0 0 0 0 0 0 0 0]"
"1769326796597808,CSI_DATA,STATION,00:00:00:00:00:00,0,0,0,0,0,0,0,0,0,0,0,0,0,0,0,0,0,0,0,0,0,128,[84 -64 4 0 0 0 0 0 0 0 0 0 5 -10 6 -10 6 -10 6 -10 7 -9 7 -11 7 -9 7 -9 7 -9 8 -9 8 -9 7 -10 8 -8 8 -8 9 -8 8 -9 8 -9 8 -8 9 -8 9 -8 9 -8 8 -8 8 -8 8 -8 8 -8 9 -9 0 0 8 -9 8 -8 8 -8 8 -9 8 -9 8 -9 8 -9 8 -10 8 -9 8 -9 7 -9 8 -10 8 -10 8 -10 8 -10 8 -11 8 -10 8 -12 8 -11 8 -11 8 -11 9 -11 8 -11 8 -12 8 -12 8 -12 0 0 0 0 0 0 0 0 0 0]"
"1769326796604287,CSI_DATA,STATION,00:00:00:00:00:00,0,0,0,0,0,0,0,0,0,0,0,0,0,0,0,0,0,0,0,0,0,128,[84 -64 4 0 0 0 0 0 0 0 0 0 9 -2 9 -2 9 -1 10 -1 10 0 10 -1 10 0 10 0 10 0 10 1 10 1 10 1 10 1 10 1 10 1 9 1 10 1 10 1 10 1 10 2 10 1 10 1 10 1 10 1 10 1 10 1 0 0 10 0 10 0 11 0 10 0 11 0 11 0 11 0 11 0 11 -1 10 -1 11 -1 11 -1 11 -1 12 -1 11 -2 11 -2 12 -2 12 -2 12 -2 12 -2 12 -1 12 -2 13 -2 13 -2 12 -2 13 -2 0 0 0 0 0 0 0 0 0 0]"
"1769326796610729,CSI_DATA,STATION,00:00:00:00:00:00,0,0,0,0,0,0,0,0,0,0,0,0,0,0,0,0,0,0,0,0,0,128,[84 -64 4 0 0 0 0 0 0 0 0 0 16 -8 17 -9 16 -7 18 -7 17 -6 18 -7 18 -7 17 -6 18 -6 17 -5 18 -5 18 -5 18 -5 18 -4 18 -4 18 -4 19 -4 17 -4 19 -4 18 -3 18 -3 18 -4 17 -4 18 -4 18 -3 18 -4 0 0 19 -5 17 -4 18 -4 17 -5 19 -5 18 -5 18 -5 18 -6 18 -6 17 -7 18 -7 18 -7 18 -7 19 -7 18 -8 20 -9 20 -8 19 -9 19 -9 19 -9 19 -10 19 -9 20 -9 20 -10 19 -10 20 -10 0 0 0 0 0 0 0 0 0 0]"
"1769326796617337,CSI_DATA,STATION,00:00:00:00:00:00,0,0,0,0,0,0,0,0,0,0,0,0,0,0,0,0,0,0,0,0,0,128,[84 -64 4 0 0 0 0 0 0 0 0 0 -9 -6 -9 -6 -9 -6 -9 -7 -9 -7 -9 -7 -8 -7 -8 -8 -8 -8 -8 -9 -8 -8 -8 -8 -8 -9 -8 -8 -7 -9 -7 -8 -7 -8 -7 -9 -7 -8 -7 -9 -8 -9 -7 -9 -7 -9 -8 -9 -7 -9 -7 -8 0 0 -7 -9 -8 -8 -8 -9 -7 -9 -9 -8 -8 -9 -9 -8 -9 -8 -8 -8 -9 -9 -9 -8 -9 -8 -9 -8 -9 -9 -9 -8 -10 -8 -10 -9 -10 -9 -10 -8 -10 -9 -10 -9 -10 -9 -11 -9 -11 -9 -10 -9 -10 -9 0 0 0 0 0 0 0 0 0 0]"
"1769326796621645,CSI_DATA,STATION,00:00:00:00:00:00,0,0,0,0,0,0,0,0,0,0,0,0,0,0,0,0,0,0,0,0,0,128,[84 -64 4 0 0 0 0 0 0 0 0 0 -11 -2 -12 -2 -12 -3 -11 -3 -12 -3 -11 -3 -12 -3 -12 -3 -11 -4 -11 -5 -12 -4 -11 -4 -12 -5 -12 -5 -11 -5 -10 -5 -11 -5 -11 -5 -11 -5 -11 -6 -11 -6 -11 -6 -11 -5 -12 -6 -11 -5 -11 -5 0 0 -11 -5 -11 -5 -11 -5 -11 -4 -12 -5 -11 -5 -12 -5 -12 -4 -12 -4 -12 -4 -12 -4 -13 -4 -12 -4 -13 -4 -13 -4 -13 -4 -14 -4 -13 -4 -13 -3 -14 -4 -14 -4 -14 -4 -14 -4 -15 -4 -14 -4 -14 -3 0 0 0 0 0 0 0 0 0 0]"
"1769326796628130,CSI_DATA,STATION,00:00:00:00:00:00,0,0,0,0,0,0,0,0,0,0,0,0,0,0,0,0,0,0,0,0,0,128,[84 -64 4 0 0 0 0 0 0 0 0 0 3 -11 4 -11 4 -11 4 -10 5 -11 5 -11 5 -10 6 -11 5 -11 7 -10 6 -10 6 -10 7 -9 7 -10 7 -10 7 -10 6 -10 7 -10 7 -9 8 -9 7 -9 7 -9 7 -10 7 -9 7 -10 7 -10 0 0 7 -10 7 -9 7 -10 6 -10 6 -10 7 -10 7 -11 6 -10 6 -11 6 -11 6 -11 7 -11 6 -11 7 -11 7 -12 6 -12 6 -12 6 -12 6 -12 6 -13 6 -12 6 -12 6 -12 6 -13 6 -13 6 -13 0 0 0 0 0 0 0 0 0 0]"
"1769326796632460,CSI_DATA,STATION,00:00:00:00:00:00,0,0,0,0,0,0,0,0,0,0,0,0,0,0,0,0,0,0,0,0,0,128,[84 -64 4 0 0 0 0 0 0 0 0 0 12 8 13 9 13 10 13 10 12 11 12 11 12 11 11 12 12 11 11 13 11 12 10 12 11 13 10 13 10 13 10 13 10 13 10 13 10 13 10 13 10 13 10 13 9 13 10 13 10 13 9 13 0 0 9 12 10 12 11 13 10 13 11 13 11 13 11 12 11 13 11 12 11 12 12 12 12 13 12 13 13 12 13 12 13 12 13 13 13 12 13 12 13 12 14 12 14 13 14 13 14 13 14 13 14 13 0 0 0 0 0 0 0 0 0 0]"
"1769326796636794,CSI_DATA,STATION,00:00:00:00:00:00,0,0,0,0,0,0,0,0,0,0,0,0,0,0,0,0,0,0,0,0,0,128,[84 -64 4 0 0 0 0 0 0 0 0 0 -8 8 -8 8 -9 8 -9 7 -9 8 -9 7 -9 8 -10 7 -10 7 -10 8 -9 7 -10 7 -10 6 -10 6 -10 6 -11 7 -10 6 -11 6 -11 5 -11 5 -11 5 -10 5 -11 6 -11 5 -10 6 -10 6 0 0 -10 6 -11 6 -10 6 -11 7 -10 6 -11 6 -10 6 -10 6 -10 7 -10 8 -10 8 -11 7 -11 7 -10 8 -11 8 -10 8 -11 8 -10 8 -11 8 -11 8 -11 8 -11 9 -12 9 -11 9 -11 9 -11 9 0 0 0 0 0 0 0 0 0 0]"
"1769326796643232,CSI_DATA,STATION,00:00:00:00:00:00,0,0,0,0,0,0,0,0,0,0,0,0,0,0,0,0,0,0,0,0,0,128,[84 -64 4 0 0 0 0 0 0 0 0 0 -11 -12 -11 -13 -11 -14 -11 -14 -10 -14 -10 -14 -10 -15 -9 -15 -9 -15 -9 -15 -8 -16 -8 -15 -8 -16 -8 -16 -8 -16 -7 -16 -7 -16 -7 -15 -7 -17 -7 -16 -7 -16 -7 -16 -7 -15 -7 -16 -7 -16 -7 -16 0 0 -7 -16 -8 -15 -8 -16 -7 -16 -8 -16 -8 -16 -8 -16 -9 -16 -8 -16 -9 -16 -9 -16 -9 -16 -9 -16 -10 -17 -9 -16 -10 -17 -11 -17 -11 -17 -10 -17 -11 -17 -11 -17 -11 -16 -11 -17 -12 -18 -11 -17 -11 -17 0 0 0 0 0 0 0 0 0 0]"
"1769326796647552,CSI_DATA,STATION,00:00:00:00:00:00,0,0,0,0,0,0,0,0,0,0,0,0,0,0,0,0,0,0,0,0,0,128,[84 -64 4 0 0 0 0 0 0 0 0 0 7 -8 8 -8 8 -8 8 -8 9 -7 8 -8 9 -8 9 -7 9 -7 10 -7 10 -6 10 -7 10 -6 10 -6 10 -6 10 -6 10 -6 10 -6 10 -6 11 -6 10 -6 10 -6 10 -6 10 -6 10 -6 10 -6 0 0 10 -7 10 -6 10 -7 10 -7 10 -7 10 -7 10 -7 10 -7 10 -8 9 -8 10 -8 10 -7 10 -8 10 -8 11 -8 10 -8 10 -8 10 -9 10 -9 10 -9 10 -9 10 -9 11 -9 10 -10 10 -9 10 -9 0 0 0 0 0 0 0 0 0 0]"
"1769326796654014,CSI_DATA,STATION,00:00:00:00:00:00,0,0,0,0,0,0,0,0,0,0,0,0,0,0,0,0,0,0,0,0,0,128,[84 -64 4 0 0 0 0 0 0 0 0 0 3 11 3 11 3 12 2 12 2 12 1 13 1 13 1 12 0 12 1 12 0 13 0 12 0 12 0 13 -1 13 -1 12 -1 13 -1 13 0 13 -1 13 -1 12 -1 12 -1 12 -1 13 0 12 0 12 0 0 0 13 0 12 0 12 0 13 0 13 1 13 1 13 1 13 1 13 1 13 1 13 1 13 2 14 2 14 2 14 2 14 2 14 2 14 3 14 2 14 2 15 3 14 3 15 3 14 3 15 3 15 0 0 0 0 0 0 0 0 0 0]"
"1769326796658311,CSI_DATA,STATION,00:00:00:00:00:00,0,0,0,0,0,0,0,0,0,0,0,0,0,0,0,0,0,0,0,0,0,128,[84 -64 4 0 0 0 0 0 0 0 0 0 3 10 3 11 3 10 3 11 2 10 2 11 2 12 1 11 2 11 1 11 1 11 1 11 0 11 1 11 1 11 0 11 0 12 0 11 0 11 0 11 0 11 0 11 0 11 0 12 0 11 0 11 0 0 0 11 1 11 1 11 1 11 1 12 1 11 1 12 1 11 1 11 1 12 1 11 2 12 2 12 2 12 2 12 2 12 2 12 2 13 2 13 2 12 3 13 3 13 3 13 3 13 2 13 3 13 0 0 0 0 0 0 0 0 0 0]"
"1769326796664785,CSI_DATA,STATION,00:00:00:00:00:00,0,0,0,0,0,0,0,0,0,0,0,0,0,0,0,0,0,0,0,0,0,128,[84 -64 4 0 0 0 0 0 0 0 0 0 9 -5 8 -4 9 -4 9 -4 9 -4 9 -4 9 -3 10 -3 10 -3 10 -2 10 -3 10 -3 10 -2 10 -2 10 -2 10 -2 10 -2 10 -2 10 -2 10 -2 11 -1 10 -2 10 -2 10 -2 10 -2 10 -2 0 0 10 -2 10 -2 10 -2 10 -3 11 -2 10 -3 11 -3 11 -3 10 -3 10 -3 10 -3 11 -3 11 -3 11 -3 11 -4 11 -4 11 -4 12 -4 11 -4 11 -4 12 -4 12 -4 12 -4 12 -4 12 -4 12 -5 0 0 0 0 0 0 0 0 0 0]"
"1769326796669100,CSI_DATA,STATION,00:00:00:00:00:00,0,0,0,0,0,0,0,0,0,0,0,0,0,0,0,0,0,0,0,0,0,128,[84 -64 4 0 0 0 0 0 0 0 0 0 5 7 5 8 4 8 5 9 5 8 4 9 4 9 4 9 4 9 4 9 4 9 3 9 3 10 3 9 3 10 3 10 3 9 3 9 3 10 3 10 3 9 3 9 3 10 3 9 3 10 3 10 0 0 3 10 4 10 4 9 4 10 4 10 4 10 4 10 4 10 4 10 4 10 4 10 4 10 5 10 5 10 5 10 5 10 6 10 6 11 6 11 5 10 6 11 6 11 6 11 6 11 6 11 6 11 0 0 0 0 0 0 0 0 0 0]"
"1769326796673418,CSI_DATA,STATION,00:00:00:00:00:00,0,0,0,0,0,0,0,0,0,0,0,0,0,0,0,0,0,0,0,0,0,128,[84 -64 4 0 0 0 0 0 0 0 0 0 9 -5 10 -5 10 -4 10 -4 10 -4 10 -4 11 -4 11 -3 11 -4 12 -2 11 -2 11 -3 11 -2 11 -2 11 -2 11 -3 11 -2 11 -2 11 -2 11 -2 11 -2 11 -2 11 -2 11 -2 11 -2 11 -2 0 0 11 -3 11 -3 11 -3 11 -4 11 -3 11 -4 11 -4 11 -4 11 -4 11 -4 11 -4 12 -4 12 -4 12 -4 12 -5 12 -5 12 -5 12 -6 12 -6 12 -6 12 -6 12 -6 12 -6 12 -6 12 -6 13 -6 0 0 0 0 0 0 0 0 0 0]"
"1769326796679923,CSI_DATA,STATION,00:00:00:00:00:00,0,0,0,0,0,0,0,0,0,0,0,0,0,0,0,0,0,0,0,0,0,128,[84 -64 4 0 0 0 0 0 0 0 0 0 -11 4 -11 4 -11 2 -11 2 -11 2 -11 3 -12 2 -12 2 -12 2 -12 1 -12 1 -12 2 -12 1 -12 1 -12 0 -12 0 -12 0 -11 0 -13 0 -12 0 -12 0 -12 1 -12 0 -12 0 -12 1 -12 1 0 0 -12 1 -12 1 -13 1 -12 1 -12 1 -12 2 -13 2 -12 1 -12 3 -12 3 -12 3 -13 3 -13 3 -14 3 -13 2 -13 3 -13 3 -13 4 -13 3 -14 4 -13 4 -14 4 -13 4 -14 4 -13 4 -14 4 0 0 0 0 0 0 0 0 0 0]"
"1769326796684281,CSI_DATA,STATION,00:00:00:00:00:00,0,0,0,0,0,0,0,0,0,0,0,0,0,0,0,0,0,0,0,0,0,128,[84 -64 4 0 0 0 0 0 0 0 0 0 0 -16 1 -17 1 -17 1 -17 2 -17 2 -18 3 -17 3 -17 3 -17 4 -17 3 -17 4 -17 5 -17 4 -17 5 -17 5 -16 5 -16 5 -16 5 -17 5 -17 5 -16 5 -16 5 -16 5 -16 5 -16 4 -17 0 0 4 -17 4 -16 4 -17 3 -17 4 -17 3 -17 3 -17 3 -17 3 -18 3 -18 2 -18 2 -18 2 -18 2 -19 2 -19 2 -19 1 -19 2 -20 2 -19 1 -20 1 -20 2 -20 1 -20 1 -20 1 -20 1 -20 0 0 0 0 0 0 0 0 0 0]"
"1769326796688601,CSI_DATA,STATION,00:00:00:00:00:00,0,0,0,0,0,0,0,0,0,0,0,0,0,0,0,0,0,0,0,0,0,128,[84 -64 4 0 0 0 0 0 0 0 0 0 6 8 6 8 6 9 6 9 6 9 5 9 5 10 5 10 5 10 5 11 4 10 4 10 4 10 4 10 4 11 4 10 4 10 4 10 4 10 4 11 4 10 5 10 3 10 4 10 4 11 4 10 0 0 5 10 5 10 5 10 5 10 5 10 5 10 6 10 6 10 6 9 6 10 5 10 6 11 6 11 6 10 6 11 7 10 7 10 7 11 7 10 7 10 8 10 8 10 7 11 8 10 7 11 8 11 0 0 0 0 0 0 0 0 0 0]"
"1769326796695111,CSI_DATA,STATION,00:00:00:00:00:00,0,0,0,0,0,0,0,0,0,0,0,0,0,0,0,0,0,0,0,0,0,128,[84 -64 4 0 0 0 0 0 0 0 0 0 3 -11 3 -11 3 -11 4 -11 4 -11 4 -11 4 -11 4 -11 5 -11 6 -11 5 -11 5 -11 6 -11 5 -11 6 -11 6 -10 6 -10 6 -11 6 -11 6 -10 6 -10 6 -11 6 -11 6 -10 5 -10 6 -11 0 0 5 -11 5 -11 5 -11 5 -11 5 -11 5 -11 5 -11 5 -12 5 -11 5 -12 4 -12 5 -12 4 -12 4 -12 4 -13 4 -13 4 -13 4 -13 4 -13 4 -14 4 -14 4 -13 4 -14 4 -14 4 -14 4 -14 0 0 0 0 0 0 0 0 0 0]"
"1769326796699421,CSI_DATA,STATION,00:00:00:00:00:00,0,0,0,0,0,0,0,0,0,0,0,0,0,0,0,0,0,0,0,0,0,128,[84 -64 4 0 0 0 0 0 0 0 0 0 -8 -7 -8 -8 -7 -8 -8 -8 -7 -9 -7 -9 -6 -9 -6 -9 -6 -10 -6 -9 -6 -10 -6 -9 -6 -9 -6 -10 -6 -10 -6 -10 -6 -10 -5 -9 -6 -10 -5 -10 -5 -10 -6 -10 -5 -10 -6 -10 -6 -10 -5 -10 0 0 -5 -10 -6 -9 -6 -10 -6 -10 -6 -10 -6 -10 -7 -10 -7 -10 -7 -10 -7 -10 -7 -10 -7 -10 -8 -10 -7 -10 -8 -10 -8 -10 -8 -10 -8 -11 -8 -11 -8 -11 -8 -11 -8 -11 -8 -11 -9 -11 -9 -11 -9 -11 0 0 0 0 0 0 0 0 0 0]"
"1769326796705962,CSI_DATA,STATION,00:00:00:00:00:00,0,0,0,0,0,0,0,0,0,0,0,0,0,0,0,0,0,0,0,0,0,128,[84 -64 4 0 0 0 0 0 0 0 0 0 -12 0 -12 0 -13 -1 -12 -1 -12 -1 -12 -2 -11 -3 -12 -2 -12 -3 -12 -3 -12 -3 -12 -3 -12 -3 -12 -3 -12 -4 -12 -4 -12 -3 -12 -3 -12 -4 -12 -4 -12 -4 -12 -4 -11 -4 -12 -4 -12 -3 -12 -4 0 0 -12 -4 -12 -4 -12 -3 -11 -3 -13 -4 -12 -3 -12 -3 -13 -3 -13 -3 -12 -3 -13 -3 -13 -3 -13 -2 -13 -3 -13 -3 -13 -2 -14 -3 -14 -2 -13 -2 -13 -2 -14 -2 -14 -3 -14 -3 -15 -2 -14 -2 -15 -2 0 0 0 0 0 0 0 0 0 0]"
"1769326796710287,CSI_DATA,STATION,00:00:00:00:00:00,0,0,0,0,0,0,0,0,0,0,0,0,0,0,0,0,0,0,0,0,0,128,[84 -64 4 0 0 0 0 0 0 0 0 0 -5 -11 -4 -11 -4 -12 -4 -11 -4 -11 -3 -12 -2 -12 -3 -12 -3 -12 -3 -12 -3 -12 -3 -12 -2 -12 -2 -12 -1 -12 -1 -12 -1 -12 -2 -12 -1 -13 -1 -12 -1 -12 -1 -12 -1 -12 -1 -12 -1 -12 -2 -12 0 0 -1 -12 -1 -12 -2 -12 -2 -12 -2 -13 -2 -12 -3 -12 -2 -13 -2 -13 -2 -13 -3 -13 -3 -13 -4 -12 -3 -13 -3 -13 -3 -13 -3 -13 -3 -14 -3 -14 -3 -14 -3 -14 -3 -14 -3 -14 -3 -14 -3 -14 -3 -14 0 0 0 0 0 0 0 0 0 0]"
"1769326796714687,CSI_DATA,STATION,00:00:00:00:00:00,0,0,0,0,0,0,0,0,0,0,0,0,0,0,0,0,0,0,0,0,0,128,[84 -64 4 0 0 0 0 0 0 0 0 0 -5 17 -6 17 -6 17 -7 17 -8 17 -8 17 -8 17 -9 17 -8 17 -10 16 -10 16 -10 16 -11 16 -10 16 -11 15 -11 16 -10 15 -11 16 -11 16 -11 15 -10 15 -11 15 -11 15 -11 15 -11 15 -11 15 0 0 -10 15 -10 16 -10 16 -10 17 -10 16 -9 16 -9 17 -9 17 -9 17 -9 17 -9 18 -8 17 -9 18 -8 18 -8 19 -8 19 -8 19 -8 19 -8 20 -8 20 -8 20 -8 20 -8 21 -8 20 -8 21 -7 20 0 0 0 0 0 0 0 0 0 0]"
"1769326796721271,CSI_DATA,STATION,00:00:00:00:00:00,0,0,0,0,0,0,0,0,0,0,0,0,0,0,0,0,0,0,0,0,0,128,[84 -64 4 0 0 0 0 0 0 0 0 0 -8 8 -8 8 -9 8 -9 7 -9 7 -9 8 -10 8 -10 7 -10 7 -10 7 -10 7 -10 7 -10 6 -10 6 -11 6 -10 6 -10 6 -9 6 -10 6 -10 6 -10 6 -10 6 -10 6 -10 6 -10 6 -10 6 0 0 -10 7 -10 6 -10 6 -10 7 -10 7 -10 7 -10 7 -10 7 -10 7 -10 8 -10 8 -10 8 -10 8 -10 8 -10 8 -10 9 -9 9 -10 9 -9 9 -10 9 -10 10 -10 9 -10 9 -10 10 -10 10 -10 10 0 0 0 0 0 0 0 0 0 0]"
"1769326796725619,CSI_DATA,STATION,00:00:00:00:00:00,0,0,0,0,0,0,0,0,0,0,0,0,0,0,0,0,0,0,0,0,0,128,[84 -64 4 0 0 0 0 0 0 0 0 0 -8 9 -8 10 -9 9 -9 9 -9 9 -10 9 -10 9 -10 9 -10 8 -10 8 -10 8 -10 8 -11 7 -10 8 -11 8 -11 8 -11 8 -10 8 -11 7 -11 7 -10 7 -11 7 -10 8 -11 7 -11 7 -11 8 0 0 -10 8 -10 8 -10 8 -10 8 -11 8 -11 8 -10 8 -11 9 -10 9 -10 10 -10 10 -10 9 -10 10 -10 10 -10 10 -10 11 -10 11 -10 11 -10 11 -10 11 -10 12 -10 12 -10 11 -10 12 -10 12 -10 12 0 0 0 0 0 0 0 0 0 0]"
"1769326796732006,CSI_DATA,STATION,00:00:00:00:00:00,0,0,0,0,0,0,0,0,0,0,0,0,0,0,0,0,0,0,0,0,0,128,[84 -64 4 0 0 0 0 0 0 0 0 0 -5 -10 -4 -10 -5 -10 -4 -10 -4 -10 -4 -10 -3 -11 -3 -11 -3 -11 -3 -11 -3 -11 -3 -11 -2 -11 -2 -11 -2 -11 -2 -11 -2 -11 -1 -11 -2 -11 -2 -11 -2 -11 -2 -11 -2 -11 -2 -11 -2 -11 -2 -11 0 0 -2 -11 -2 -11 -3 -11 -3 -11 -2 -12 -3 -11 -3 -11 -3 -11 -3 -11 -3 -12 -3 -12 -3 -12 -3 -12 -3 -12 -4 -12 -4 -12 -4 -13 -4 -13 -4 -13 -4 -13 -4 -13 -4 -13 -4 -13 -4 -13 -4 -13 -4 -13 0 0 0 0 0 0 0 0 0 0]"
"1769326796736254,CSI_DATA,STATION,00:00:00:00:00:00,0,0,0,0,0,0,0,0,0,0,0,0,0,0,0,0,0,0,0,0,0,128,[84 -64 4 0 0 0 0 0 0 0 0 0 -10 5 -10 5 -11 5 -11 5 -11 4 -11 4 -11 4 -11 3 -11 3 -12 3 -11 3 -12 3 -12 2 -12 2 -12 2 -11 2 -12 2 -12 1 -12 1 -12 2 -12 2 -12 2 -12 2 -12 1 -12 2 -12 2 0 0 -11 2 -12 2 -12 2 -12 3 -12 2 -13 2 -12 2 -12 3 -12 3 -12 3 -12 3 -13 3 -13 3 -13 3 -13 4 -12 4 -13 4 -13 4 -13 4 -13 4 -13 4 -13 4 -13 4 -13 4 -13 4 -13 4 0 0 0 0 0 0 0 0 0 0]"
"1769326796740624,CSI_DATA,STATION,00:00:00:00:00:00,0,0,0,0,0,0,0,0,0,0,0,0,0,0,0,0,0,0,0,0,0,128,[84 -64 4 0 0 0 0 0 0 0 0 0 -5 -8 -5 -8 -4 -8 -5 -8 -4 -9 -4 -9 -4 -9 -4 -9 -3 -10 -3 -9 -3 -9 -3 -9 -3 -9 -3 -9 -3 -10 -3 -9 -2 -10 -2 -10 -3 -10 -2 -9 -2 -10 -2 -10 -2 -10 -3 -10 -3 -9 -2 -10 0 0 -2 -10 -3 -9 -3 -10 -3 -10 -3 -10 -3 -10 -4 -10 -3 -10 -3 -10 -3 -10 -4 -10 -4 -10 -4 -10 -4 -11 -4 -10 -4 -11 -4 -10 -4 -11 -4 -11 -4 -11 -4 -12 -4 -11 -5 -11 -5 -11 -4 -12 -5 -12 0 0 0 0 0 0 0 0 0 0]"
"1769326796747129,CSI_DATA,STATION,00:00:00:00:00:00,0,0,0,0,0,0,0,0,0,0,0,0,0,0,0,0,0,0,0,0,0,128,[84 -64 4 0 0 0 0 0 0 0 0 0 -1 9 -1 10 -2 9 -2 10 -2 9 -2 10 -3 10 -3 10 -3 9 -4 10 -3 10 -3 9 -4 10 -4 10 -4 10 -4 9 -4 10 -4 10 -4 10 -4 9 -4 9 -4 9 -4 9 -4 10 -4 9 -4 10 0 0 -4 10 -3 9 -4 10 -4 10 -4 10 -4 10 -4 10 -4 10 -3 10 -3 10 -3 11 -3 11 -3 11 -3 11 -3 11 -3 12 -3 11 -3 11 -3 12 -3 12 -3 12 -3 12 -3 12 -3 12 -3 13 -3 13 0 0 0 0 0 0 0 0 0 0]"
"1769326796751466,CSI_DATA,STATION,00:00:00:00:00:00,0,0,0,0,0,0,0,0,0,0,0,0,0,0,0,0,0,0,0,0,0,128,[84 -64 4 0 0 0 0 0 0 0 0 0 -2 8 -2 8 -3 8 -3 8 -3 8 -4 8 -3 8 -4 8 -4 8 -5 8 -4 8 -5 8 -4 8 -5 8 -5 7 -5 8 -5 8 -5 8 -5 8 -5 8 -5 7 -5 8 -5 8 -5 8 -5 8 -5 8 0 0 -5 8 -5 8 -5 8 -4 8 -5 8 -5 8 -5 8 -5 8 -4 9 -4 9 -4 9 -4 9 -4 9 -4 9 -4 9 -4 10 -4 9 -4 10 -4 10 -4 10 -4 11 -4 10 -4 10 -4 10 -4 11 -4 11 0 0 0 0 0 0 0 0 0 0]"
"1769326796757982,CSI_DATA,STATION,00:00:00:00:00:00,0,0,0,0,0,0,0,0,0,0,0,0,0,0,0,0,0,0,0,0,0,128,[84 -64 4 0 0 0 0 0 0 0 0 0 2 10 1 11 1 11 1 11 0 11 0 11 0 11 -1 11 -1 11 -1 11 -1 11 -1 11 -1 11 -1 11 -1 11 -2 11 -2 12 -2 11 -2 12 -1 11 -1 11 -1 11 -2 11 -2 11 -1 11 -1 12 0 0 -1 11 0 11 -1 12 0 11 -1 12 -1 12 0 12 0 11 0 12 0 11 0 12 0 12 0 12 1 12 0 12 1 13 1 13 1 13 1 13 1 13 2 13 2 13 1 13 1 13 1 13 2 13 0 0 0 0 0 0 0 0 0 0]"
"1769326796768841,CSI_DATA,STATION,00:00:00:00:00:00,0,0,0,0,0,0,0,0,0,0,0,0,0,0,0,0,0,0,0,0,0,128,[84 -64 4 0 0 0 0 0 0 0 0 0 -11 3 -11 3 -12 2 -12 2 -12 1 -12 2 -12 1 -12 1 -11 1 -12 0 -12 1 -12 1 -12 0 -13 0 -13 0 -12 0 -12 0 -11 -1 -12 -1 -12 -1 -12 -1 -12 -1 -12 0 -12 -1 -13 0 -12 0 0 0 -12 0 -12 0 -13 0 -11 1 -13 1 -12 0 -13 1 -13 1 -12 1 -13 1 -13 2 -13 1 -13 2 -14 2 -13 2 -13 2 -13 2 -13 2 -14 3 -14 2 -14 3 -14 2 -14 3 -14 3 -14 3 -14 3 0 0 0 0 0 0 0 0 0 0]"
"1769326796775309,CSI_DATA,STATION,00:00:00:00:00:00,0,0,0,0,0,0,0,0,0,0,0,0,0,0,0,0,0,0,0,0,0,128,[84 -64 4 0 0 0 0 0 0 0 0 0 6 8 6 9 6 9 6 9 6 9 6 10 5 10 5 10 5 10 5 10 5 10 4 10 4 10 4 10 4 11 4 10 4 10 3 10 4 11 4 11 4 10 4 11 4 10 3 11 4 10 4 11 0 0 4 10 4 10 4 10 4 10 5 11 5 11 5 10 6 10 5 10 5 10 6 10 6 11 6 11 6 11 6 11 6 11 6 11 7 11 7 11 6 11 7 11 7 10 7 11 7 11 7 11 7 11 0 0 0 0 0 0 0 0 0 0]"
"1769326796779678,CSI_DATA,STATION,00:00:00:00:00:00,0,0,0,0,0,0,0,0,0,0,0,0,0,0,0,0,0,0,0,0,0,128,[84 -64 4 0 0 0 0 0 0 0 0 0 10 14 10 14 10 15 10 15 9 15 9 15 9 16 8 16 8 16 7 17 7 17 7 17 7 17 7 17 6 17 6 17 6 17 6 17 6 17 6 18 6 17 6 17 6 17 6 17 6 17 6 17 0 0 6 17 6 17 7 17 7 17 7 17 7 17 7 17 8 17 8 17 8 17 8 17 9 17 8 17 9 17 9 17 9 18 10 19 10 17 10 18 10 17 11 17 11 18 11 18 12 18 11 18 11 18 0 0 0 0 0 0 0 0 0 0]"
"1769326796786175,CSI_DATA,STATION,00:00:00:00:00:00,0,0,0,0,0,0,0,0,0,0,0,0,0,0,0,0,0,0,0,0,0,128,[84 -64 4 0 0 0 0 0 0 0 0 0 -1 11 -1 10 -2 11 -2 10 -2 11 -3 11 -3 11 -3 11 -3 11 -4 11 -4 11 -4 11 -5 11 -5 11 -5 10 -4 10 -4 11 -4 11 -5 10 -4 11 -5 10 -4 10 -4 11 -5 11 -5 10 -4 10 0 0 -4 11 -4 10 -4 11 -4 11 -4 11 -4 11 -3 11 -4 11 -3 11 -4 12 -4 12 -4 11 -4 12 -3 12 -4 13 -3 12 -2 12 -3 12 -2 13 -3 13 -2 13 -3 13 -3 13 -3 13 -3 13 -2 13 0 0 0 0 0 0 0 0 0 0]"
"1769326796790507,CSI_DATA,STATION,00:00:00:00:00:00,0,0,0,0,0,0,0,0,0,0,0,0,0,0,0,0,0,0,0,0,0,128,[84 -64 4 0 0 0 0 0 0 0 0 0 6 7 6 7 6 8 6 8 5 8 6 8 5 8 5 9 5 9 5 9 4 9 4 9 4 9 5 9 4 9 4 9 4 9 3 9 4 9 4 9 5 9 4 9 4 9 4 9 4 9 4 9 0 0 4 9 5 9 5 9 5 9 5 9 6 9 5 9 6 9 6 9 5 10 5 9 6 9 6 10 6 9 6 10 6 9 7 9 7 9 7 10 7 9 7 10 8 10 7 10 7 10 7 10 7 10 0 0 0 0 0 0 0 0 0 0]"
"1769326796797000,CSI_DATA,STATION,00:00:00:00:00:00,0,0,0,0,0,0,0,0,0,0,0,0,0,0,0,0,0,0,0,0,0,128,[84 -64 4 0 0 0 0 0 0 0 0 0 -10 -10 -11 -11 -10 -11 -10 -12 -9 -11 -10 -12 -9 -11 -9 -12 -9 -13 -8 -13 -8 -13 -8 -13 -8 -13 -8 -13 -8 -14 -8 -13 -8 -14 -7 -13 -9 -14 -8 -13 -8 -14 -8 -14 -8 -13 -7 -13 -7 -14 -8 -13 0 0 -9 -13 -8 -12 -9 -13 -8 -13 -9 -14 -9 -14 -9 -14 -10 -13 -9 -12 -9 -12 -10 -13 -10 -13 -10 -14 -11 -13 -10 -13 -11 -14 -11 -14 -11 -14 -11 -13 -11 -13 -12 -13 -12 -13 -12 -13 -12 -14 -12 -14 -12 -14 0 0 0 0 0 0 0 0 0 0]"
"1769326796803464,CSI_DATA,STATION,00:00:00:00:00:00,0,0,0,0,0,0,0,0,0,0,0,0,0,0,0,0,0,0,0,0,0,128,[84 -64 4 0 0 0 0 0 0 0 0 0 -2 10 -3 10 -3 10 -3 10 -4 11 -4 11 -4 11 -4 10 -4 11 -5 10 -5 11 -5 10 -5 10 -5 10 -6 10 -6 10 -6 10 -5 10 -6 10 -7 10 -6 9 -6 10 -6 10 -6 10 -6 9 -6 10 0 0 -6 10 -5 10 -5 10 -5 10 -5 11 -6 10 -5 10 -5 10 -5 11 -6 11 -4 11 -5 11 -5 11 -5 11 -5 12 -4 12 -4 12 -5 12 -5 13 -5 12 -5 13 -5 13 -5 12 -5 13 -5 13 -5 13 0 0 0 0 0 0 0 0 0 0]"
"1769326796807765,CSI_DATA,STATION,00:00:00:00:00:00,0,0,0,0,0,0,0,0,0,0,0,0,0,0,0,0,0,0,0,0,0,128,[84 -64 4 0 0 0 0 0 0 0 0 0 -10 -6 -10 -7 -10 -7 -10 -7 -10 -7 -10 -8 -8 -8 -9 -8 -9 -8 -9 -9 -9 -9 -8 -9 -9 -9 -9 -10 -8 -9 -8 -10 -8 -9 -8 -9 -8 -9 -8 -10 -8 -9 -8 -10 -8 -10 -8 -9 -8 -10 -8 -10 0 0 -8 -9 -8 -10 -9 -9 -8 -9 -9 -9 -9 -10 -9 -9 -9 -10 -9 -9 -9 -9 -10 -9 -10 -9 -10 -9 -10 -9 -9 -10 -10 -9 -11 -10 -11 -9 -10 -10 -10 -10 -11 -10 -11 -10 -11 -10 -11 -10 -11 -10 -11 -10 0 0 0 0 0 0 0 0 0 0]"
"1769326796812120,CSI_DATA,STATION,00:00:00:00:00:00,0,0,0,0,0,0,0,0,0,0,0,0,0,0,0,0,0,0,0,0,0,128,[84 -64 4 0 0 0 0 0 0 0 0 0 13 -3 13 -4 14 -2 14 -3 14 -2 14 -2 14 -2 15 -2 14 -2 14 -1 14 0 14 0 14 0 14 1 15 0 13 1 14 1 13 1 15 1 14 1 14 2 14 1 14 1 14 1 14 1 14 0 0 0 15 0 14 0 14 1 14 -1 15 1 15 0 15 0 15 -1 15 -1 14 -2 15 -1 15 -1 15 0 15 -1 15 -1 17 -1 16 -2 17 -2 16 -2 16 -2 17 -2 17 -2 17 -2 17 -2 17 -2 17 -2 0 0 0 0 0 0 0 0 0 0]"
"1769326796818768,CSI_DATA,STATION,00:00:00:00:00:00,0,0,0,0,0,0,0,0,0,0,0,0,0,0,0,0,0,0,0,0,0,128,[84 -64 4 0 0 0 0 0 0 0 0 0 -2 10 -2 10 -2 9 -3 9 -3 10 -4 9 -4 10 -4 9 -4 10 -5 9 -4 10 -5 9 -5 9 -4 9 -5 9 -5 9 -5 10 -5 10 -5 9 -5 9 -6 9 -5 9 -5 9 -5 10 -5 9 -5 9 0 0 -5 9 -4 9 -4 9 -5 10 -4 10 -4 9 -4 10 -4 10 -4 10 -4 10 -4 10 -4 10 -4 11 -4 11 -4 11 -4 11 -4 11 -4 11 -4 12 -4 11 -4 12 -3 12 -4 12 -4 12 -4 13 -4 13 0 0 0 0 0 0 0 0 0 0]"
"1769326796823163,CSI_DATA,STATION,00:00:00:00:00:00,0,0,0,0,0,0,0,0,0,0,0,0,0,0,0,0,0,0,0,0,0,128,[84 -64 4 0 0 0 0 0 0 0 0 0 4 17 3 17 3 18 3 18 3 18 2 18 2 18 2 18 1 18 1 19 1 19 0 18 0 19 0 18 0 18 -1 19 -1 18 -1 18 -1 18 -1 19 -1 18 -1 18 -1 18 -1 18 -1 18 0 18 0 0 0 18 0 18 1 19 0 19 1 19 1 19 1 19 2 19 2 19 2 19 2 19 3 19 3 19 3 19 3 19 4 20 5 20 4 19 5 20 5 20 5 20 5 20 5 21 6 21 5 21 5 21 0 0 0 0 0 0 0 0 0 0]"
"1769326796827551,CSI_DATA,STATION,00:00:00:00:00:00,0,0,0,0,0,0,0,0,0,0,0,0,0,0,0,0,0,0,0,0,0,128,[84 -64 4 0 0 0 0 0 0 0 0 0 2 -10 2 -10 1 -10 2 -10 3 -10 3 -11 3 -10 4 -11 4 -10 4 -10 4 -10 4 -10 4 -10 4 -10 4 -10 4 -10 5 -10 4 -10 5 -10 5 -10 5 -10 5 -10 5 -10 5 -10 4 -10 4 -10 0 0 4 -10 4 -9 4 -10 4 -10 4 -11 4 -10 4 -10 4 -11 4 -11 4 -11 4 -11 4 -11 3 -11 4 -12 3 -12 3 -13 3 -12 3 -13 4 -13 3 -13 3 -12 4 -12 3 -12 3 -13 3 -13 4 -14 0 0 0 0 0 0 0 0 0 0]"
"1769326796834174,CSI_DATA,STATION,00:00:00:00:00:00,0,0,0,0,0,0,0,0,0,0,0,0,0,0,0,0,0,0,0,0,0,128,[84 -64 4 0 0 0 0 0 0 0 0 0 -3 15 -4 16 -4 16 -5 16 -5 16 -5 16 -6 16 -6 16 -6 15 -7 15 -7 15 -8 15 -8 15 -8 15 -8 15 -8 15 -8 15 -8 15 -8 15 -8 15 -8 14 -8 14 -8 14 -8 15 -8 15 -8 15 0 0 -7 15 -7 15 -7 15 -7 15 -7 15 -7 15 -7 16 -6 15 -6 16 -6 16 -6 17 -6 16 -6 17 -5 17 -6 17 -5 18 -5 17 -5 18 -4 18 -5 18 -5 18 -5 18 -5 18 -5 18 -5 19 -4 19 0 0 0 0 0 0 0 0 0 0]"
"1769326796838587,CSI_DATA,STATION,00:00:00:00:00:00,0,0,0,0,0,0,0,0,0,0,0,0,0,0,0,0,0,0,0,0,0,128,[84 -64 4 0 0 0 0 0 0 0 0 0 6 9 5 9 6 10 5 9 5 10 4 10 4 10 4 11 4 10 4 10 3 11 3 11 3 11 3 11 3 11 3 11 2 11 2 10 2 11 3 11 3 10 3 11 2 11 3 11 3 11 3 11 0 0 3 11 4 10 4 10 3 11 4 11 4 11 4 11 4 10 4 11 4 11 5 10 4 11 5 11 5 11 5 11 5 11 5 11 5 11 6 11 6 12 6 11 6 12 6 12 7 11 6 12 6 12 0 0 0 0 0 0 0 0 0 0]"
"1769326796843069,CSI_DATA,STATION,00:00:00:00:00:00,0,0,0,0,0,0,0,0,0,0,0,0,0,0,0,0,0,0,0,0,0,128,[84 -64 4 0 0 0 0 0 0 0 0 0 4 -13 5 -14 5 -13 6 -13 6 -13 7 -14 7 -13 6 -13 7 -13 7 -13 7 -13 8 -13 8 -13 8 -12 8 -12 8 -12 9 -13 8 -12 8 -12 8 -12 8 -12 8 -12 8 -13 8 -12 8 -12 8 -13 0 0 8 -13 8 -12 7 -13 7 -13 8 -14 7 -13 7 -13 7 -14 7 -14 7 -14 7 -14 7 -14 7 -14 7 -15 7 -15 7 -15 6 -15 7 -16 7 -16 6 -16 6 -16 7 -17 7 -16 6 -17 7 -17 6 -17 0 0 0 0 0 0 0 0 0 0]"
"1769326796849780,CSI_DATA,STATION,00:00:00:00:00:00,0,0,0,0,0,0,0,0,0,0,0,0,0,0,0,0,0,0,0,0,0,128,[84 -64 4 0 0 0 0 0 0 0 0 0 -4 -14 -3 -15 -3 -15 -3 -15 -2 -15 -2 -15 -2 -15 -2 -15 -1 -15 -1 -15 -1 -15 -1 -15 0 -15 0 -15 0 -15 0 -16 0 -15 0 -15 0 -15 0 -15 0 -15 0 -15 0 -14 0 -15 0 -15 0 -15 0 0 0 -16 -1 -15 -1 -15 -1 -15 -1 -16 -1 -16 -1 -16 -2 -15 -2 -16 -2 -16 -2 -16 -2 -16 -2 -16 -3 -16 -2 -16 -3 -17 -3 -17 -3 -17 -3 -17 -4 -18 -3 -17 -4 -17 -4 -18 -4 -18 -4 -18 -4 -18 0 0 0 0 0 0 0 0 0 0]"
"1769326796854261,CSI_DATA,STATION,00:00:00:00:00:00,0,0,0,0,0,0,0,0,0,0,0,0,0,0,0,0,0,0,0,0,0,128,[84 -64 4 0 0 0 0 0 0 0 0 0 -14 -1 -14 -2 -15 -3 -15 -3 -15 -3 -15 -3 -14 -4 -14 -4 -14 -4 -15 -5 -14 -4 -14 -5 -15 -5 -15 -5 -14 -5 -14 -5 -14 -5 -14 -5 -15 -6 -15 -6 -14 -6 -14 -6 -14 -5 -15 -6 -14 -5 -14 -5 0 0 -14 -4 -14 -4 -15 -5 -15 -4 -15 -4 -15 -4 -15 -4 -16 -3 -15 -4 -16 -3 -16 -3 -16 -3 -16 -3 -16 -3 -17 -3 -17 -2 -17 -3 -17 -2 -17 -2 -17 -2 -18 -2 -18 -2 -18 -3 -18 -2 -18 -2 -18 -1 0 0 0 0 0 0 0 0 0 0]"
"1769326796858711,CSI_DATA,STATION,00:00:00:00:00:00,0,0,0,0,0,0,0,0,0,0,0,0,0,0,0,0,0,0,0,0,0,128,[84 -64 4 0 0 0 0 0 0 0 0 0 5 12 5 13 5 13 4 13 4 13 3 14 3 14 3 14 3 14 2 14 2 15 1 14 2 14 2 14 2 14 2 14 1 15 1 13 2 15 2 15 2 14 2 14 1 14 1 15 2 14 2 14 0 0 2 14 2 14 2 14 2 14 3 14 4 15 3 14 4 14 3 14 4 14 4 14 4 15 4 16 4 15 4 15 5 15 5 15 5 15 6 16 6 15 6 15 6 15 6 16 7 16 5 16 6 16 0 0 0 0 0 0 0 0 0 0]"
"1769326796865427,CSI_DATA,STATION,00:00:00:00:00:00,0,0,0,0,0,0,0,0,0,0,0,0,0,0,0,0,0,0,0,0,0,128,[84 -64 4 0 0 0 0 0 0 0 0 0 11 -3 12 -2 12 -1 12 -1 12 -1 13 -1 13 0 13 0 13 0 13 0 13 0 12 0 13 1 12 1 13 2 12 1 13 1 12 1 13 2 13 1 12 2 12 2 12 1 13 2 12 1 13 1 0 0 13 0 13 1 13 1 13 -1 13 1 13 0 13 0 13 0 14 0 12 -1 13 -1 14 0 14 -1 14 -1 14 -2 14 -2 14 -2 15 -2 15 -2 14 -2 15 -2 15 -2 15 -2 15 -2 15 -3 15 -3 0 0 0 0 0 0 0 0 0 0]"
"1769326796869888,CSI_DATA,STATION,00:00:00:00:00:00,0,0,0,0,0,0,0,0,0,0,0,0,0,0,0,0,0,0,0,0,0,128,[84 -64 4 0 0 0 0 0 0 0 0 0 10 -10 11 -9 11 -9 11 -9 11 -8 12 -9 12 -8 13 -8 12 -8 13 -7 12 -7 12 -7 13 -7 13 -7 13 -7 13 -6 13 -7 13 -7 13 -6 13 -6 13 -6 13 -6 12 -6 13 -6 13 -6 13 -7 0 0 13 -7 12 -6 13 -7 12 -7 13 -8 13 -7 13 -8 13 -8 13 -8 12 -9 12 -9 12 -9 13 -9 13 -9 13 -9 13 -10 13 -9 13 -10 13 -10 13 -10 14 -11 13 -10 13 -10 14 -11 13 -11 14 -11 0 0 0 0 0 0 0 0 0 0]"
"1769326796874339,CSI_DATA,STATION,00:00:00:00:00:00,0,0,0,0,0,0,0,0,0,0,0,0,0,0,0,0,0,0,0,0,0,128,[84 -64 4 0 0 0 0 0 0 0 0 0 0 13 -1 14 -2 13 -2 14 -1 14 -2 15 -3 14 -3 14 -3 13 -3 14 -4 14 -4 14 -3 14 -4 14 -4 14 -4 14 -5 14 -5 13 -4 14 -5 14 -4 13 -4 13 -5 13 -4 14 -4 14 -4 14 0 0 -3 14 -3 13 -3 14 -3 14 -3 15 -3 14 -3 15 -3 14 -3 15 -2 14 -2 15 -2 15 -1 15 -2 16 -2 15 -2 17 -1 15 -1 16 -1 16 -1 16 -1 17 -1 17 -1 17 0 17 -1 17 -1 17 0 0 0 0 0 0 0 0 0 0]"
"1769326796881058,CSI_DATA,STATION,00:00:00:00:00:00,0,0,0,0,0,0,0,0,0,0,0,0,0,0,0,0,0,0,0,0,0,128,[84 -64 4 0 0 0 0 0 0 0 0 0 13 -5 13 -4 14 -4 13 -3 14 -3 14 -3 14 -2 14 -2 14 -2 15 -2 14 -1 14 -1 15 0 14 0 14 0 15 0 14 0 14 0 15 0 14 1 14 1 14 1 14 0 14 0 14 0 14 -1 0 0 14 0 14 0 14 0 14 -1 15 0 15 -1 15 0 15 -1 15 -1 14 -2 14 -2 15 -2 15 -1 15 -1 16 -2 16 -2 16 -2 16 -3 16 -2 16 -2 17 -2 17 -2 18 -1 17 -3 16 -3 17 -3 0 0 0 0 0 0 0 0 0 0]"
"1769326796885392,CSI_DATA,STATION,00:00:00:00:00:00,0,0,0,0,0,0,0,0,0,0,0,0,0,0,0,0,0,0,0,0,0,128,[84 -64 4 0 0 0 0 0 0 0 0 0 -8 -11 -8 -12 -8 -13 -8 -13 -7 -13 -6 -14 -7 -13 -6 -14 -6 -14 -6 -14 -6 -14 -5 -14 -6 -14 -5 -15 -5 -15 -5 -14 -5 -14 -5 -14 -5 -14 -6 -14 -6 -15 -5 -14 -5 -14 -5 -15 -4 -14 -5 -15 0 0 -6 -14 -6 -14 -6 -15 -6 -15 -6 -14 -7 -15 -6 -14 -7 -14 -7 -14 -7 -14 -7 -14 -7 -15 -7 -15 -7 -15 -8 -15 -8 -14 -9 -15 -8 -15 -8 -15 -8 -15 -9 -15 -9 -15 -9 -16 -10 -16 -9 -16 -9 -15 0 0 0 0 0 0 0 0 0 0]"
"1769326796889747,CSI_DATA,STATION,00:00:00:00:00:00,0,0,0,0,0,0,0,0,0,0,0,0,0,0,0,0,0,0,0,0,0,128,[84 -64 4 0 0 0 0 0 0 0 0 0 -11 -9 -11 -8 -12 -10 -11 -10 -11 -10 -10 -10 -11 -11 -10 -11 -10 -11 -10 -12 -9 -12 -10 -12 -10 -13 -10 -13 -9 -13 -9 -12 -9 -12 -9 -12 -9 -12 -9 -12 -9 -13 -10 -13 -9 -12 -10 -12 -9 -12 -9 -13 0 0 -10 -13 -9 -12 -10 -11 -10 -12 -11 -12 -11 -12 -11 -12 -11 -12 -11 -12 -11 -11 -12 -11 -12 -12 -12 -12 -12 -11 -12 -11 -13 -11 -13 -12 -13 -11 -13 -11 -13 -11 -13 -12 -14 -11 -14 -12 -14 -12 -14 -11 -14 -12 0 0 0 0 0 0 0 0 0 0]"
"1769326796896177,CSI_DATA,STATION,00:00:00:00:00:00,0,0,0,0,0,0,0,0,0,0,0,0,0,0,0,0,0,0,0,0,0,128,[84 -64 4 0 0 0 0 0 0 0 0 0 17 2 17 3 17 3 18 5 18 5 18 5 17 5 17 6 17 5 17 7 16 7 17 8 17 8 17 8 17 8 16 8 16 7 16 8 17 9 17 8 16 8 16 8 16 7 16 9 17 9 16 8 0 0 16 7 17 8 17 7 17 7 17 7 18 7 18 6 17 6 17 6 17 6 18 6 18 6 18 7 19 6 19 6 20 5 19 6 20 5 20 4 20 4 20 4 21 5 21 5 21 5 21 5 20 4 0 0 0 0 0 0 0 0 0 0]"
"1769326796900491,CSI_DATA,STATION,00:00:00:00:00:00,0,0,0,0,0,0,0,0,0,0,0,0,0,0,0,0,0,0,0,0,0,128,[84 -64 4 0 0 0 0 0 0 0 0 0 6 7 6 8 5 8 6 8 5 8 5 8 5 8 5 8 5 9 4 9 5 9 4 9 4 9 5 9 4 10 4 9 4 10 3 9 4 9 4 10 4 10 4 10 4 9 4 9 4 9 4 9 0 0 4 9 4 9 5 9 5 9 5 9 5 9 5 9 5 9 5 9 5 9 5 9 6 10 6 10 6 10 6 10 7 10 7 9 7 10 7 10 6 10 7 10 7 10 7 9 8 10 7 10 8 10 0 0 0 0 0 0 0 0 0 0]"
"1769326796907041,CSI_DATA,STATION,00:00:00:00:00:00,0,0,0,0,0,0,0,0,0,0,0,0,0,0,0,0,0,0,0,0,0,128,[84 -64 4 0 0 0 0 0 0 0 0 0 17 0 17 0 18 1 18 2 18 2 18 2 18 2 18 3 18 3 18 4 18 4 17 5 18 5 18 6 18 5 18 6 17 5 17 5 18 6 18 6 17 5 18 5 17 5 17 6 17 6 17 5 0 0 17 4 18 5 18 4 18 4 18 4 18 4 18 4 18 3 18 3 18 3 19 3 19 3 20 4 20 3 20 2 20 2 20 2 20 1 20 1 21 1 21 1 21 2 21 2 21 2 21 1 21 1 0 0 0 0 0 0 0 0 0 0]"
"1769326796911451,CSI_DATA,STATION,00:00:00:00:00:00,0,0,0,0,0,0,0,0,0,0,0,0,0,0,0,0,0,0,0,0,0,128,[84 -64 4 0 0 0 0 0 0 0 0 0 9 3 8 4 9 4 9 4 8 5 8 5 8 5 8 5 8 5 8 5 8 6 8 6 8 6 8 6 8 6 8 6 8 6 8 6 8 7 8 7 8 6 8 7 8 6 8 6 8 7 8 6 0 0 8 6 8 6 8 6 8 5 9 6 9 6 8 6 9 6 9 6 9 6 9 5 10 6 10 6 10 6 10 6 10 6 10 5 10 5 11 6 10 5 11 6 10 6 11 5 11 5 11 6 11 6 0 0 0 0 0 0 0 0 0 0]"
"1769326796915953,CSI_DATA,STATION,00:00:00:00:00:00,0,0,0,0,0,0,0,0,0,0,0,0,0,0,0,0,0,0,0,0,0,128,[84 -64 4 0 0 0 0 0 0 0 0 0 -10 -6 -10 -6 -11 -6 -10 -6 -10 -7 -10 -7 -10 -7 -10 -8 -9 -8 -10 -9 -9 -8 -9 -8 -9 -8 -9 -8 -9 -9 -9 -9 -9 -8 -9 -8 -9 -9 -9 -9 -8 -9 -9 -9 -9 -8 -10 -9 -9 -8 -9 -8 0 0 -9 -8 -9 -8 -10 -8 -9 -8 -10 -8 -9 -8 -10 -8 -11 -8 -10 -8 -10 -8 -10 -8 -10 -8 -10 -8 -11 -8 -11 -8 -11 -7 -12 -8 -12 -8 -12 -8 -12 -8 -12 -8 -13 -8 -13 -8 -12 -8 -13 -8 -12 -7 0 0 0 0 0 0 0 0 0 0]"
"1769326796920329,CSI_DATA,STATION,00:00:00:00:00:00,0,0,0,0,0,0,0,0,0,0,0,0,0,0,0,0,0,0,0,0,0,128,[84 -64 4 0 0 0 0 0 0 0 0 0 8 -7 9 -7 9 -6 9 -6 9 -6 10 -6 10 -5 10 -6 10 -6 11 -5 10 -5 10 -5 11 -4 11 -5 11 -4 11 -5 10 -4 10 -4 11 -4 11 -4 11 -3 11 -4 10 -4 11 -4 11 -5 11 -5 0 0 11 -4 11 -4 10 -5 10 -5 10 -5 11 -5 11 -5 11 -6 10 -5 10 -6 10 -6 11 -6 11 -6 12 -6 11 -7 11 -7 11 -7 12 -8 11 -7 12 -7 11 -7 11 -7 12 -7 11 -7 11 -8 12 -8 0 0 0 0 0 0 0 0 0 0]"
"1769326796926690,CSI_DATA,STATION,00:00:00:00:00:00,0,0,0,0,0,0,0,0,0,0,0,0,0,0,0,0,0,0,0,0,0,128,[84 -64 4 0 0 0 0 0 0 0 0 0 1 -11 2 -11 2 -12 2 -12 2 -12 3 -12 3 -12 3 -12 4 -12 3 -11 3 -12 3 -11 4 -12 4 -11 4 -12 4 -11 5 -12 4 -12 5 -11 5 -11 5 -11 5 -11 4 -11 4 -12 4 -11 4 -12 0 0 4 -11 4 -10 4 -11 4 -11 4 -12 4 -11 3 -12 3 -12 4 -12 4 -12 3 -12 3 -13 3 -12 3 -13 3 -13 3 -13 3 -13 3 -14 2 -14 2 -14 3 -14 3 -13 3 -13 3 -14 3 -14 3 -14 0 0 0 0 0 0 0 0 0 0]"
"1769326796930958,CSI_DATA,STATION,00:00:00:00:00:00,0,0,0,0,0,0,0,0,0,0,0,0,0,0,0,0,0,0,0,0,0,128,[84 -64 4 0 0 0 0 0 0 0 0 0 8 -8 8 -8 8 -8 8 -8 9 -7 9 -7 9 -6 10 -7 10 -7 10 -6 9 -6 10 -6 10 -5 10 -6 10 -5 10 -6 10 -5 10 -6 10 -5 10 -5 10 -5 10 -5 10 -5 10 -5 10 -5 10 -6 0 0 10 -6 10 -6 10 -6 10 -6 10 -6 10 -6 10 -6 10 -7 10 -7 10 -7 10 -7 10 -7 11 -7 11 -7 10 -7 10 -8 10 -8 11 -8 11 -8 11 -8 11 -8 11 -8 11 -8 11 -8 11 -8 11 -9 0 0 0 0 0 0 0 0 0 0]"
"1769326796937318,CSI_DATA,STATION,00:00:00:00:00:00,0,0,0,0,0,0,0,0,0,0,0,0,0,0,0,0,0,0,0,0,0,128,[84 -64 4 0 0 0 0 0 0 0 0 0 13 -8 14 -8 14 -7 15 -7 14 -6 14 -6 15 -6 16 -6 15 -6 15 -5 15 -5 15 -5 16 -5 15 -4 16 -4 15 -4 15 -5 15 -4 16 -4 16 -4 15 -3 15 -3 15 -4 15 -4 15 -4 15 -5 0 0 15 -4 15 -3 16 -5 15 -5 16 -6 16 -5 16 -5 16 -6 16 -6 15 -7 15 -7 16 -6 16 -6 16 -7 15 -7 17 -8 17 -8 16 -8 17 -8 17 -8 17 -9 16 -7 17 -8 17 -9 17 -9 17 -9 0 0 0 0 0 0 0 0 0 0]"
"1769326796941597,CSI_DATA,STATION,00:00:00:00:00:00,0,0,0,0,0,0,0,0,0,0,0,0,0,0,0,0,0,0,0,0,0,128,[84 -64 4 0 0 0 0 0 0 0 0 0 -7 -9 -7 -10 -8 -10 -7 -10 -7 -10 -7 -10 -6 -10 -7 -11 -6 -11 -6 -11 -6 -11 -5 -10 -5 -11 -6 -11 -5 -11 -5 -11 -5 -11 -5 -11 -5 -11 -5 -11 -5 -11 -5 -11 -5 -11 -5 -11 -6 -11 -5 -11 0 0 -6 -11 -6 -11 -6 -11 -5 -11 -6 -11 -6 -11 -7 -11 -7 -11 -6 -12 -7 -12 -7 -11 -7 -11 -7 -12 -8 -12 -7 -12 -8 -12 -8 -11 -8 -11 -8 -12 -8 -12 -8 -12 -8 -12 -9 -12 -9 -12 -8 -12 -8 -12 0 0 0 0 0 0 0 0 0 0]"
"1769326796948049,CSI_DATA,STATION,00:00:00:00:00:00,0,0,0,0,0,0,0,0,0,0,0,0,0,0,0,0,0,0,0,0,0,128,[84 -64 4 0 0 0 0 0 0 0 0 0 -4 10 -5 10 -5 10 -5 10 -6 9 -6 11 -6 10 -6 10 -6 9 -7 9 -7 10 -7 9 -7 10 -7 9 -7 9 -7 9 -8 10 -7 10 -8 9 -8 9 -7 8 -8 9 -8 9 -7 9 -7 9 -7 9 0 0 -8 9 -7 9 -7 9 -7 9 -7 10 -7 9 -7 9 -7 10 -7 10 -7 10 -7 11 -6 10 -7 10 -7 11 -7 11 -6 11 -7 11 -7 12 -6 12 -7 12 -7 12 -6 11 -7 12 -7 12 -7 12 -6 12 0 0 0 0 0 0 0 0 0 0]"
"1769326796958753,CSI_DATA,STATION,00:00:00:00:00:00,0,0,0,0,0,0,0,0,0,0,0,0,0,0,0,0,0,0,0,0,0,128,[84 -64 4 0 0 0 0 0 0 0 0 0 9 15 9 15 9 16 8 16 8 17 7 16 7 17 6 17 6 17 6 18 6 18 5 17 6 18 6 17 5 18 5 18 5 17 5 17 5 18 5 18 5 18 5 18 5 17 5 18 5 17 5 17 0 0 5 17 6 17 6 17 6 18 7 17 6 18 6 18 6 18 7 17 7 17 8 17 8 17 8 17 8 17 9 18 9 18 10 19 10 18 10 18 10 18 10 18 10 18 10 19 12 19 11 18 11 19 0 0 0 0 0 0 0 0 0 0]"
"1769326796965225,CSI_DATA,STATION,00:00:00:00:00:00,0,0,0,0,0,0,0,0,0,0,0,0,0,0,0,0,0,0,0,0,0,128,[84 -64 4 0 0 0 0 0 0 0 0 0 -10 -4 -9 -4 -10 -5 -10 -5 -10 -5 -9 -5 -9 -6 -9 -6 -9 -6 -9 -7 -9 -6 -9 -6 -10 -7 -9 -7 -9 -7 -9 -7 -9 -6 -9 -6 -9 -7 -9 -7 -9 -7 -9 -7 -9 -7 -9 -7 -9 -7 -9 -7 0 0 -9 -7 -9 -7 -10 -6 -9 -6 -10 -7 -9 -7 -10 -6 -11 -7 -10 -6 -10 -6 -11 -6 -10 -6 -11 -6 -10 -6 -11 -6 -11 -6 -12 -6 -12 -6 -12 -6 -12 -6 -12 -6 -12 -6 -12 -6 -13 -6 -12 -6 -12 -6 0 0 0 0 0 0 0 0 0 0]"
"1769326796971697,CSI_DATA,STATION,00:00:00:00:00:00,0,0,0,0,0,0,0,0,0,0,0,0,0,0,0,0,0,0,0,0,0,128,[84 -64 4 0 0 0 0 0 0 0 0 0 13 -13 13 -12 14 -12 14 -12 15 -11 15 -11 16 -11 15 -11 15 -10 16 -10 16 -10 16 -10 17 -9 16 -9 16 -9 16 -9 17 -9 16 -9 17 -8 16 -8 16 -8 16 -8 16 -8 17 -8 16 -8 17 -9 0 0 16 -9 16 -9 16 -9 16 -10 16 -9 16 -10 16 -10 16 -10 16 -11 16 -11 16 -11 16 -11 16 -10 16 -11 16 -12 16 -13 17 -12 16 -13 16 -13 16 -13 16 -14 16 -13 17 -13 17 -14 17 -14 17 -14 0 0 0 0 0 0 0 0 0 0]"
"1769326796976011,CSI_DATA,STATION,00:00:00:00:00:00,0,0,0,0,0,0,0,0,0,0,0,0,0,0,0,0,0,0,0,0,0,128,[84 -64 4 0 0 0 0 0 0 0 0 0 3 9 3 11 3 10 3 10 3 11 2 11 2 11 1 11 2 11 1 12 1 11 2 11 0 11 1 11 1 12 1 11 0 11 0 11 0 11 0 11 0 11 1 11 0 11 0 11 1 11 1 11 0 0 0 11 2 11 2 11 1 11 1 11 1 11 2 11 2 12 1 11 2 12 2 12 2 11 2 12 3 12 3 12 3 12 3 12 3 12 3 12 3 12 3 13 3 13 3 13 4 13 3 13 3 13 0 0 0 0 0 0 0 0 0 0]"
"1769326796982531,CSI_DATA,STATION,00:00:00:00:00:00,0,0,0,0,0,0,0,0,0,0,0,0,0,0,0,0,0,0,0,0,0,128,[84 -64 4 0 0 0 0 0 0 0 0 0 -14 -13 -13 -13 -14 -14 -13 -14 -13 -15 -12 -15 -12 -15 -12 -15 -12 -15 -12 -16 -11 -17 -11 -16 -11 -17 -11 -17 -10 -17 -10 -16 -10 -16 -10 -16 -10 -17 -10 -17 -10 -17 -10 -17 -9 -17 -10 -17 -10 -17 -10 -16 0 0 -10 -16 -11 -16 -11 -16 -11 -16 -12 -16 -11 -16 -11 -16 -12 -17 -12 -16 -12 -16 -13 -16 -13 -16 -13 -16 -13 -16 -14 -16 -14 -16 -15 -17 -14 -16 -14 -16 -15 -16 -15 -16 -16 -16 -16 -17 -16 -17 -16 -16 -16 -16 0 0 0 0 0 0 0 0 0 0]"
"1769326796986879,CSI_DATA,STATION,00:00:00:00:00:00,0,0,0,0,0,0,0,0,0,0,0,0,0,0,0,0,0,0,0,0,0,128,[84 -64 4 0 0 0 0 0 0 0 0 0 7 -9 7 -9 8 -9 8 -8 8 -8 8 -8 8 -8 8 -8 9 -8 9 -8 9 -8 9 -7 9 -7 9 -7 9 -7 10 -7 9 -7 9 -7 9 -7 10 -7 9 -7 9 -6 9 -7 9 -7 9 -7 10 -7 0 0 9 -8 9 -7 9 -7 9 -8 9 -7 9 -8 9 -8 9 -8 9 -8 9 -9 9 -9 9 -9 9 -8 9 -8 9 -9 9 -10 9 -10 9 -10 9 -10 9 -11 9 -10 9 -10 9 -10 9 -11 9 -11 9 -11 0 0 0 0 0 0 0 0 0 0]"
"1769326796991216,CSI_DATA,STATION,00:00:00:00:00:00,0,0,0,0,0,0,0,0,0,0,0,0,0,0,0,0,0,0,0,0,0,128,[84 -64 4 0 0 0 0 0 0 0 0 0 -10 7 -10 8 -10 7 -11 7 -11 7 -11 7 -11 7 -11 7 -11 7 -13 6 -12 6 -12 6 -12 6 -12 5 -12 5 -12 6 -12 5 -12 5 -12 5 -13 5 -12 5 -12 5 -12 5 -13 5 -12 5 -12 5 0 0 -12 5 -12 5 -12 6 -13 5 -12 5 -12 6 -12 6 -12 6 -12 6 -12 7 -12 7 -13 6 -13 7 -12 7 -13 7 -13 8 -13 8 -12 8 -13 9 -13 8 -13 9 -13 8 -13 8 -13 8 -13 9 -13 9 0 0 0 0 0 0 0 0 0 0]"
"1769326796997698,CSI_DATA,STATION,00:00:00:00:00:00,0,0,0,0,0,0,0,0,0,0,0,0,0,0,0,0,0,0,0,0,0,128,[84 -64 4 0 0 0 0 0 0 0 0 0 -11 -2 -12 -2 -11 -2 -12 -2 -12 -2 -11 -3 -11 -4 -11 -4 -11 -4 -12 -4 -11 -4 -11 -4 -12 -5 -11 -5 -11 -5 -11 -5 -11 -5 -12 -5 -11 -5 -11 -6 -11 -6 -11 -5 -11 -5 -11 -5 -11 -5 -11 -5 0 0 -11 -5 -12 -5 -11 -4 -11 -4 -12 -4 -12 -4 -12 -5 -12 -4 -12 -4 -13 -4 -13 -4 -13 -4 -12 -3 -13 -4 -13 -3 -13 -3 -14 -3 -14 -3 -13 -3 -14 -3 -14 -3 -14 -3 -14 -4 -15 -3 -14 -3 -14 -3 0 0 0 0 0 0 0 0 0 0]"
"1769326797002025,CSI_DATA,STATION,00:00:00:00:00:00,0,0,0,0,0,0,0,0,0,0,0,0,0,0,0,0,0,0,0,0,0,128,[84 -64 4 0 0 0 0 0 0 0 0 0 2 9 2 9 1 10 1 10 1 9 1 10 1 10 0 11 0 10 0 10 0 10 0 10 0 10 0 10 0 11 0 10 -1 10 -1 10 -1 10 -1 10 -1 10 -1 10 -1 10 0 10 0 10 0 10 0 0 0 10 0 11 0 10 0 11 0 11 1 11 1 11 1 11 1 11 1 11 1 11 1 11 1 11 2 12 1 11 1 12 2 11 2 12 2 12 2 12 2 12 2 12 3 12 3 12 3 12 2 12 0 0 0 0 0 0 0 0 0 0]"
"1769326797006338,CSI_DATA,STATION,00:00:00:00:00:00,0,0,0,0,0,0,0,0,0,0,0,0,0,0,0,0,0,0,0,0,0,128,[84 -64 4 0 0 0 0 0 0 0 0 0 8 7 8 6 8 7 8 8 8 8 7 8 7 8 7 9 7 9 8 9 6 8 6 9 7 9 7 9 6 9 6 9 6 10 6 9 6 9 6 10 6 9 6 9 6 9 6 9 6 9 6 9 0 0 6 9 7 9 7 9 7 9 7 9 7 9 7 9 7 9 7 8 8 9 8 8 8 9 8 9 9 9 8 9 8 9 10 9 9 9 9 9 9 9 9 9 9 10 9 10 10 9 9 9 10 9 0 0 0 0 0 0 0 0 0 0]"
"1769326797012808,CSI_DATA,STATION,00:00:00:00:00:00,0,0,0,0,0,0,0,0,0,0,0,0,0,0,0,0,0,0,0,0,0,128,[84 -64 4 0 0 0 0 0 0 0 0 0 -15 5 -15 5 -15 4 -16 4 -16 3 -16 4 -16 4 -17 4 -16 3 -17 2 -17 2 -17 2 -17 1 -16 1 -17 1 -17 2 -17 2 -16 2 -17 1 -16 1 -16 1 -17 0 -16 1 -16 1 -17 1 -16 2 0 0 -17 2 -16 2 -16 2 -17 2 -17 2 -17 3 -17 2 -17 3 -17 3 -18 4 -17 4 -17 4 -17 4 -17 4 -18 5 -18 5 -18 5 -17 6 -18 6 -18 6 -18 7 -18 6 -19 5 -19 6 -19 6 -18 6 0 0 0 0 0 0 0 0 0 0]"
"1769326797017304,CSI_DATA,STATION,00:00:00:00:00:00,0,0,0,0,0,0,0,0,0,0,0,0,0,0,0,0,0,0,0,0,0,128,[84 -64 4 0 0 0 0 0 0 0 0 0 -3 12 -4 12 -4 12 -4 12 -5 12 -5 12 -6 11 -6 12 -5 12 -6 11 -6 12 -6 11 -7 11 -7 11 -7 11 -7 11 -7 12 -7 12 -7 11 -7 11 -6 11 -7 11 -8 11 -7 11 -7 11 -7 11 0 0 -7 11 -6 11 -6 11 -6 11 -6 12 -6 12 -6 12 -6 12 -5 12 -6 12 -6 13 -6 13 -6 13 -5 13 -6 13 -6 14 -5 14 -5 14 -5 15 -5 14 -5 15 -5 14 -5 14 -4 14 -6 15 -5 15 0 0 0 0 0 0 0 0 0 0]"
"1769326797021699,CSI_DATA,STATION,00:00:00:00:00:00,0,0,0,0,0,0,0,0,0,0,0,0,0,0,0,0,0,0,0,0,0,128,[84 -64 4 0 0 0 0 0 0 0 0 0 -8 -7 -8 -7 -8 -7 -8 -8 -8 -8 -8 -8 -8 -8 -7 -9 -7 -9 -7 -9 -7 -9 -7 -8 -7 -9 -7 -9 -7 -9 -7 -9 -6 -9 -6 -9 -6 -9 -6 -9 -6 -9 -7 -9 -6 -9 -7 -9 -7 -9 -7 -10 0 0 -8 -9 -7 -9 -7 -9 -7 -9 -7 -9 -8 -9 -8 -9 -8 -9 -8 -9 -8 -9 -9 -9 -8 -9 -9 -9 -9 -9 -9 -9 -9 -9 -9 -9 -10 -9 -10 -9 -9 -9 -10 -9 -10 -9 -10 -10 -11 -9 -10 -9 -10 -9 0 0 0 0 0 0 0 0 0 0]"
"1769326797028083,CSI_DATA,STATION,00:00:00:00:00:00,0,0,0,0,0,0,0,0,0,0,0,0,0,0,0,0,0,0,0,0,0,128,[84 -64 4 0 0 0 0 0 0 0 0 0 -11 2 -11 2 -12 0 -11 0 -12 1 -12 1 -12 0 -12 0 -12 0 -12 -1 -12 -1 -12 -1 -12 -1 -12 -1 -13 -2 -12 0 -12 -1 -12 -1 -12 -1 -12 -1 -12 -1 -12 -1 -12 -1 -12 -2 -12 -1 -12 -1 0 0 -12 0 -13 0 -12 0 -12 0 -12 -1 -12 1 -12 1 -13 1 -12 1 -13 1 -13 1 -13 1 -13 1 -13 2 -13 2 -13 2 -14 2 -14 2 -13 3 -14 3 -14 3 -14 3 -14 2 -14 3 -14 3 -14 3 0 0 0 0 0 0 0 0 0 0]"
"1769326797032329,CSI_DATA,STATION,00:00:00:00:00:00,0,0,0,0,0,0,0,0,0,0,0,0,0,0,0,0,0,0,0,0,0,128,[84 -64 4 0 0 0 0 0 0 0 0 0 -10 15 -11 15 -11 14 -12 14 -12 14 -12 14 -13 13 -13 13 -14 13 -14 13 -14 13 -14 12 -15 12 -15 12 -15 12 -15 12 -15 11 -15 12 -15 11 -14 11 -15 11 -15 11 -15 11 -15 11 -15 11 -15 12 0 0 -15 12 -14 12 -15 12 -14 13 -14 13 -14 12 -14 13 -14 13 -14 13 -14 13 -14 14 -14 14 -14 14 -14 15 -14 15 -14 16 -14 15 -14 16 -14 17 -14 16 -14 17 -14 17 -14 17 -14 16 -14 18 -14 17 0 0 0 0 0 0 0 0 0 0]"
"1769326797038735,CSI_DATA,STATION,00:00:00:00:00:00,0,0,0,0,0,0,0,0,0,0,0,0,0,0,0,0,0,0,0,0,0,128,[84 -64 4 0 0 0 0 0 0 0 0 0 -10 -2 -10 -3 -10 -3 -10 -4 -10 -4 -10 -4 -10 -4 -10 -4 -9 -5 -10 -5 -10 -5 -10 -5 -10 -6 -10 -6 -10 -6 -10 -5 -10 -6 -10 -6 -10 -6 -9 -6 -10 -6 -10 -6 -9 -6 -10 -6 -10 -6 -10 -6 0 0 -10 -6 -10 -5 -10 -6 -9 -6 -11 -5 -10 -6 -10 -6 -11 -6 -11 -5 -11 -5 -11 -5 -11 -5 -11 -5 -11 -5 -11 -5 -12 -5 -12 -5 -12 -5 -12 -5 -12 -6 -12 -6 -13 -6 -13 -6 -13 -6 -12 -5 -12 -5 0 0 0 0 0 0 0 0 0 0]"
"1769326797043064,CSI_DATA,STATION,00:00:00:00:00:00,0,0,0,0,0,0,0,0,0,0,0,0,0,0,0,0,0,0,0,0,0,128,[84 -64 4 0 0 0 0 0 0 0 0 0 11 3 12 4 11 5 11 4 12 5 11 5 11 5 10 7 11 5 11 7 11 6 10 6 10 7 10 7 10 7 10 7 10 7 11 7 10 7 10 7 10 7 10 7 10 7 10 7 10 7 10 6 0 0 10 6 10 6 11 6 10 6 11 7 10 7 11 6 11 7 11 6 11 6 11 6 12 6 12 6 12 6 12 6 12 5 13 6 13 5 13 6 13 6 13 6 13 6 14 6 14 6 13 6 14 6 0 0 0 0 0 0 0 0 0 0]"
"1769326797049569,CSI_DATA,STATION,00:00:00:00:00:00,0,0,0,0,0,0,0,0,0,0,0,0,0,0,0,0,0,0,0,0,0,128,[84 -64 4 0 0 0 0 0 0 0 0 0 -7 -9 -7 -9 -7 -10 -7 -10 -7 -10 -6 -10 -6 -10 -5 -11 -6 -11 -6 -11 -5 -11 -5 -11 -5 -11 -6 -11 -5 -11 -5 -11 -4 -12 -4 -11 -5 -12 -5 -12 -4 -11 -5 -11 -5 -11 -5 -11 -5 -11 -5 -11 0 0 -5 -11 -5 -11 -5 -11 -6 -11 -5 -11 -6 -11 -6 -11 -6 -11 -6 -11 -6 -12 -6 -11 -6 -12 -6 -11 -7 -12 -7 -12 -7 -11 -8 -12 -7 -12 -7 -12 -7 -12 -8 -12 -7 -11 -8 -12 -8 -12 -9 -12 -8 -12 0 0 0 0 0 0 0 0 0 0]"
"1769326797053898,CSI_DATA,STATION,00:00:00:00:00:00,0,0,0,0,0,0,0,0,0,0,0,0,0,0,0,0,0,0,0,0,0,128,[84 -64 4 0 0 0 0 0 0 0 0 0 9 -3 9 -3 10 -2 10 -3 9 -3 10 -2 10 -2 10 -2 10 -2 10 -2 10 -2 10 -2 10 -1 10 -1 10 -1 10 -1 10 -1 10 -1 10 -1 10 0 10 -1 10 -1 10 -1 10 -1 10 -1 10 -1 0 0 10 -1 10 -1 10 -2 10 -2 11 -2 10 -2 11 -2 11 -2 11 -2 11 -2 10 -3 11 -2 12 -2 11 -3 11 -3 11 -3 12 -3 12 -3 12 -3 11 -3 12 -4 12 -3 12 -3 12 -4 12 -4 12 -4 0 0 0 0 0 0 0 0 0 0]"
"1769326797058224,CSI_DATA,STATION,00:00:00:00:00:00,0,0,0,0,0,0,0,0,0,0,0,0,0,0,0,0,0,0,0,0,0,128,[84 -64 4 0 0 0 0 0 0 0 0 0 -8 7 -8 8 -9 7 -9 7 -9 7 -9 8 -9 7 -10 7 -9 7 -10 6 -10 7 -10 6 -10 6 -10 6 -11 6 -10 6 -10 6 -10 6 -10 6 -11 6 -10 6 -10 6 -10 7 -11 6 -10 6 -10 6 0 0 -10 6 -10 7 -10 7 -9 6 -10 7 -10 7 -9 7 -9 7 -9 8 -9 8 -9 8 -9 8 -10 8 -9 9 -9 9 -9 9 -9 9 -9 10 -9 9 -10 10 -9 10 -9 10 -9 9 -9 10 -9 11 -10 11 0 0 0 0 0 0 0 0 0 0]"
"1769326797064857,CSI_DATA,STATION,00:00:00:00:00:00,0,0,0,0,0,0,0,0,0,0,0,0,0,0,0,0,0,0,0,0,0,128,[84 -64 4 0 0 0 0 0 0 0 0 0 -11 -12 -11 -13 -11 -14 -11 -14 -10 -14 -10 -14 -10 -14 -9 -15 -9 -14 -9 -15 -8 -15 -8 -15 -8 -16 -8 -16 -8 -16 -8 -15 -7 -16 -8 -15 -8 -16 -8 -16 -8 -16 -8 -16 -7 -15 -7 -16 -7 -16 -7 -15 0 0 -8 -15 -8 -15 -8 -15 -8 -16 -9 -16 -9 -16 -9 -15 -9 -16 -9 -15 -10 -15 -10 -15 -10 -16 -10 -16 -11 -15 -11 -16 -11 -16 -11 -16 -11 -16 -12 -15 -12 -16 -12 -16 -13 -15 -12 -16 -13 -16 -12 -16 -12 -16 0 0 0 0 0 0 0 0 0 0]"
"1769326797069303,CSI_DATA,STATION,00:00:00:00:00:00,0,0,0,0,0,0,0,0,0,0,0,0,0,0,0,0,0,0,0,0,0,128,[84 -64 4 0 0 0 0 0 0 0 0 0 -6 8 -7 7 -7 7 -7 7 -8 7 -8 7 -8 7 -9 7 -8 7 -9 6 -9 7 -9 6 -9 6 -9 6 -9 6 -9 6 -9 6 -9 6 -9 6 -9 6 -9 6 -9 6 -9 6 -9 6 -9 6 -9 6 0 0 -9 6 -9 6 -9 7 -9 7 -8 7 -9 7 -9 7 -9 7 -9 8 -8 7 -9 8 -9 7 -9 8 -9 8 -9 8 -9 9 -9 9 -8 9 -9 9 -9 9 -9 9 -9 9 -9 9 -9 9 -9 10 -9 9 0 0 0 0 0 0 0 0 0 0]"
"1769326797075921,CSI_DATA,STATION,00:00:00:00:00:00,0,0,0,0,0,0,0,0,0,0,0,0,0,0,0,0,0,0,0,0,0,128,[84 -64 4 0 0 0 0 0 0 0 0 0 7 -10 8 -9 8 -10 9 -9 9 -9 9 -10 10 -9 10 -9 10 -9 10 -8 10 -8 10 -8 10 -8 10 -8 11 -7 10 -8 11 -8 10 -8 11 -8 11 -8 10 -7 11 -7 10 -7 11 -7 10 -7 11 -8 0 0 11 -8 10 -7 10 -8 10 -8 10 -9 10 -8 10 -8 10 -9 10 -9 10 -9 10 -10 10 -10 9 -9 10 -10 10 -10 10 -11 10 -10 10 -11 10 -11 10 -11 11 -11 10 -11 10 -11 10 -11 10 -12 10 -12 0 0 0 0 0 0 0 0 0 0]"
"1769326797080405,CSI_DATA,STATION,00:00:00:00:00:00,0,0,0,0,0,0,0,0,0,0,0,0,0,0,0,0,0,0,0,0,0,128,[84 -64 4 0 0 0 0 0 0 0 0 0 11 1 11 2 11 2 11 2 11 3 11 2 10 3 10 4 10 4 11 4 11 3 10 4 11 4 10 4 10 5 10 4 10 4 10 5 10 5 10 5 10 5 10 6 10 5 10 5 10 5 10 5 0 0 10 5 10 4 11 5 10 4 11 4 10 4 10 4 11 4 11 4 11 3 12 3 12 4 12 3 12 4 11 4 12 3 12 3 12 3 12 4 12 3 12 4 12 4 13 3 13 3 13 3 13 3 0 0 0 0 0 0 0 0 0 0]"
"1769326797084865,CSI_DATA,STATION,00:00:00:00:00:00,0,0,0,0,0,0,0,0,0,0,0,0,0,0,0,0,0,0,0,0,0,128,[84 -64 4 0 0 0 0 0 0 0 0 0 -3 -16 -3 -16 -2 -17 -2 -17 -1 -17 -1 -17 0 -17 0 -17 0 -18 1 -17 1 -18 1 -17 1 -17 1 -17 2 -17 2 -18 2 -16 2 -17 2 -17 3 -17 2 -17 3 -17 2 -17 2 -17 2 -17 2 -17 0 0 2 -17 2 -17 1 -17 1 -17 1 -17 1 -17 1 -18 1 -18 1 -18 0 -18 0 -18 0 -18 0 -18 0 -18 0 -19 0 -19 -1 -19 -1 -19 0 -19 -1 -20 0 -20 0 -19 -1 -20 -2 -20 -1 -20 -1 -20 0 0 0 0 0 0 0 0 0 0]"
"1769326797091486,CSI_DATA,STATION,00:00:00:00:00:00,0,0,0,0,0,0,0,0,0,0,0,0,0,0,0,0,0,0,0,0,0,128,[84 -64 4 0 0 0 0 0 0 0 0 0 -12 -1 -12 -1 -12 -2 -12 -2 -11 -3 -12 -2 -12 -3 -12 -3 -12 -3 -12 -4 -12 -3 -11 -3 -12 -4 -12 -4 -12 -4 -11 -4 -12 -4 -11 -4 -12 -4 -11 -4 -12 -4 -11 -4 -12 -4 -12 -4 -12 -4 -12 -4 0 0 -11 -3 -11 -3 -12 -3 -12 -3 -13 -3 -12 -3 -13 -3 -13 -3 -13 -2 -13 -3 -13 -2 -13 -2 -13 -2 -14 -2 -13 -2 -14 -2 -14 -2 -14 -1 -14 -1 -14 -1 -14 -1 -14 -1 -14 -1 -14 -1 -14 -1 -14 -1 0 0 0 0 0 0 0 0 0 0]"
"1769326797095971,CSI_DATA,STATION,00:00:00:00:00:00,0,0,0,0,0,0,0,0,0,0,0,0,0,0,0,0,0,0,0,0,0,128,[84 -64 4 0 0 0 0 0 0 0 0 0 2 10 2 11 1 11 1 11 0 11 0 11 0 11 -1 12 0 11 -1 11 0 12 -1 11 -1 12 -2 11 -2 11 -1 11 -2 12 -2 11 -2 11 -1 11 -1 11 -1 11 -1 11 -2 11 -1 11 -1 11 0 0 -1 11 0 11 0 11 0 12 0 12 0 11 0 11 0 11 0 12 0 12 0 12 0 12 1 12 1 13 1 12 1 12 2 12 2 12 2 13 2 13 2 13 2 12 2 13 2 13 2 14 2 13 0 0 0 0 0 0 0 0 0 0]"
"1769326797100398,CSI_DATA,STATION,00:00:00:00:00:00,0,0,0,0,0,0,0,0,0,0,0,0,0,0,0,0,0,0,0,0,0,128,[84 -64 4 0 0 0 0 0 0 0 0 0 -9 7 -9 7 -10 6 -10 6 -10 6 -10 6 -10 6 -11 5 -11 5 -11 5 -11 5 -11 5 -11 5 -11 4 -12 4 -11 5 -11 4 -11 4 -11 4 -12 4 -12 3 -11 4 -11 5 -11 4 -11 4 -11 5 0 0 -11 5 -11 5 -10 5 -11 5 -11 5 -11 5 -11 5 -11 6 -11 6 -11 6 -11 7 -11 6 -11 6 -11 7 -11 7 -11 8 -11 7 -11 8 -11 8 -11 8 -12 8 -12 8 -12 8 -11 8 -11 8 -11 8 0 0 0 0 0 0 0 0 0 0]"
"1769326797107085,CSI_DATA,STATION,00:00:00:00:00:00,0,0,0,0,0,0,0,0,0,0,0,0,0,0,0,0,0,0,0,0,0,128,[84 -64 4 0 0 0 0 0 0 0 0 0 1 15 1 16 0 16 -1 16 -1 16 -1 16 -2 16 -2 17 -3 16 -2 16 -3 17 -3 16 -3 16 -3 16 -4 16 -4 16 -5 16 -5 15 -5 16 -5 16 -4 16 -5 16 -4 16 -4 15 -4 16 -4 16 0 0 -4 16 -4 16 -4 16 -4 16 -3 16 -4 17 -3 17 -3 16 -4 17 -3 17 -3 17 -3 17 -3 17 -2 18 -3 17 -3 18 -2 18 -2 18 -2 19 -2 18 -2 19 -2 19 -1 19 -1 19 -2 19 -1 19 0 0 0 0 0 0 0 0 0 0]"
"1769326797115839,CSI_DATA,STATION,00:00:00:00:00:00,0,0,0,0,0,0,0,0,0,0,0,0,0,0,0,0,0,0,0,0,0,128,[84 -64 4 0 0 0 0 0 0 0 0 0 -1 -19 0 -19 0 -20 1 -19 2 -20 2 -19 3 -19 3 -19 3 -19 3 -19 3 -19 4 -19 4 -19 4 -19 4 -18 5 -19 4 -18 5 -19 5 -18 5 -19 5 -18 5 -19 5 -18 4 -18 5 -18 4 -19 0 0 4 -19 5 -19 4 -18 4 -19 3 -19 4 -19 4 -20 3 -20 3 -20 2 -20 2 -20 2 -20 2 -20 2 -20 2 -21 1 -21 1 -22 1 -22 1 -22 0 -21 1 -22 1 -22 0 -23 0 -22 0 -23 0 -22 0 0 0 0 0 0 0 0 0 0]"
"1769326797122534,CSI_DATA,STATION,00:00:00:00:00:00,0,0,0,0,0,0,0,0,0,0,0,0,0,0,0,0,0,0,0,0,0,128,[84 -64 4 0 0 0 0 0 0 0 0 0 5 15 4 15 4 15 3 16 3 16 3 16 2 16 2 17 1 16 1 17 1 17 1 16 1 16 1 17 0 16 -1 17 -1 16 0 16 -1 16 -1 16 -1 16 -1 16 -1 16 -1 16 0 17 0 16 0 0 -1 16 0 17 0 16 0 17 0 17 0 17 0 17 1 16 0 17 1 17 1 17 2 17 2 17 2 18 1 18 2 18 2 18 2 18 2 18 2 18 2 19 2 19 3 19 3 19 3 19 3 19 0 0 0 0 0 0 0 0 0 0]"
"1769326797129034,CSI_DATA,STATION,00:00:00:00:00:00,0,0,0,0,0,0,0,0,0,0,0,0,0,0,0,0,0,0,0,0,0,128,[84 -64 4 0 0 0 0 0 0 0 0 0 14 10 14 10 14 11 14 11 13 12 13 12 13 13 13 13 13 12 12 14 12 14 11 14 12 15 11 15 11 14 11 14 11 14 11 14 11 15 11 14 12 14 11 14 10 14 11 15 10 14 11 14 0 0 11 14 12 14 12 14 12 14 12 14 13 14 13 14 13 14 13 13 13 13 13 13 13 14 13 14 14 13 15 13 15 13 15 14 15 13 16 13 16 13 16 13 16 13 16 14 16 14 16 14 16 14 0 0 0 0 0 0 0 0 0 0]"
"1769326797133351,CSI_DATA,STATION,00:00:00:00:00:00,0,0,0,0,0,0,0,0,0,0,0,0,0,0,0,0,0,0,0,0,0,128,[84 -64 4 0 0 0 0 0 0 0 0 0 10 1 11 2 10 3 10 3 11 3 10 3 10 4 10 4 10 4 10 4 10 5 10 5 10 5 10 5 10 5 10 5 10 6 10 5 11 5 10 5 10 5 10 5 10 5 11 5 10 5 10 5 0 0 10 5 10 5 10 4 10 4 10 5 11 4 10 4 11 4 10 3 11 4 11 3 11 4 12 4 12 3 12 3 12 3 12 3 12 3 13 3 12 3 13 3 13 3 13 3 13 3 13 3 13 3 0 0 0 0 0 0 0 0 0 0]"
"1769326797139810,CSI_DATA,STATION,00:00:00:00:00:00,0,0,0,0,0,0,0,0,0,0,0,0,0,0,0,0,0,0,0,0,0,128,[84 -64 4 0 0 0 0 0 0 0 0 0 -6 6 -7 6 -7 6 -8 6 -7 6 -7 6 -8 5 -7 5 -8 5 -9 5 -8 5 -8 5 -8 5 -8 5 -9 5 -8 5 -8 5 -8 4 -9 4 -9 4 -9 4 -9 5 -9 5 -8 4 -9 4 -9 5 0 0 -8 5 -9 5 -8 5 -9 5 -8 5 -9 5 -9 5 -9 5 -8 6 -9 6 -8 6 -9 6 -9 6 -9 7 -9 6 -8 7 -9 7 -9 7 -9 7 -9 7 -9 7 -9 7 -9 7 -9 7 -9 8 -9 7 0 0 0 0 0 0 0 0 0 0]"
"1769326797146298,CSI_DATA,STATION,00:00:00:00:00:00,0,0,0,0,0,0,0,0,0,0,0,0,0,0,0,0,0,0,0,0,0,128,[84 -64 4 0 0 0 0 0 0 0 0 0 -8 8 -8 8 -9 7 -9 7 -9 7 -9 7 -10 6 -10 6 -10 6 -11 5 -10 6 -10 6 -10 5 -10 5 -11 5 -10 5 -10 5 -10 5 -11 5 -11 5 -11 5 -11 5 -10 5 -11 5 -11 5 -11 6 0 0 -11 6 -11 6 -11 5 -10 6 -11 6 -11 6 -11 6 -11 6 -10 6 -10 7 -10 7 -11 7 -11 7 -11 7 -11 7 -12 8 -11 7 -11 8 -11 8 -11 8 -11 8 -11 8 -11 8 -11 8 -12 8 -11 8 0 0 0 0 0 0 0 0 0 0]"
"1769326797150592,CSI_DATA,STATION,00:00:00:00:00:00,0,0,0,0,0,0,0,0,0,0,0,0,0,0,0,0,0,0,0,0,0,128,[84 -64 4 0 0 0 0 0 0 0 0 0 2 10 2 10 2 10 1 11 1 10 1 11 0 11 0 11 0 11 0 11 0 12 0 11 -1 11 -1 11 -1 11 -1 11 -1 12 -2 11 -1 11 -1 11 -1 11 -1 11 -1 11 -1 11 -1 11 -1 12 0 0 -1 11 0 11 -1 11 0 11 0 11 0 11 0 12 0 12 0 12 0 12 0 12 0 12 0 12 1 12 1 12 1 13 1 12 1 12 1 13 1 13 1 13 1 13 1 13 2 13 1 13 1 13 0 0 0 0 0 0 0 0 0 0]"
"1769326797157031,CSI_DATA,STATION,00:00:00:00:00:00,0,0,0,0,0,0,0,0,0,0,0,0,0,0,0,0,0,0,0,0,0,128,[84 -64 4 0 0 0 0 0 0 0 0 0 -9 5 -9 5 -9 4 -9 4 -10 4 -10 4 -10 4 -10 4 -10 3 -10 4 -10 4 -10 4 -10 3 -10 3 -11 3 -10 4 -10 3 -10 2 -11 3 -11 3 -11 3 -10 2 -10 3 -11 2 -10 3 -11 3 0 0 -10 3 -11 4 -11 4 -10 4 -11 4 -11 4 -11 4 -11 4 -11 5 -11 5 -11 5 -11 4 -11 5 -11 5 -11 5 -11 6 -11 5 -11 6 -11 6 -12 6 -12 6 -12 6 -12 6 -12 6 -12 7 -12 7 0 0 0 0 0 0 0 0 0 0]"
"1769326797161332,CSI_DATA,STATION,00:00:00:00:00:00,0,0,0,0,0,0,0,0,0,0,0,0,0,0,0,0,0,0,0,0,0,128,[84 -64 4 0 0 0 0 0 0 0 0 0 -8 7 -9 7 -9 6 -9 7 -10 6 -9 7 -10 7 -10 6 -10 6 -11 6 -10 6 -11 6 -11 6 -11 5 -11 5 -11 6 -11 5 -11 5 -11 5 -11 5 -11 5 -11 4 -11 5 -11 5 -11 5 -11 6 0 0 -10 5 -11 5 -11 5 -10 6 -11 6 -11 5 -11 5 -11 6 -10 7 -11 7 -11 7 -11 7 -11 7 -11 7 -11 7 -11 8 -11 8 -11 8 -11 8 -11 8 -11 8 -11 8 -11 8 -12 9 -11 8 -11 9 0 0 0 0 0 0 0 0 0 0]"
"1769326797165644,CSI_DATA,STATION,00:00:00:00:00:00,0,0,0,0,0,0,0,0,0,0,0,0,0,0,0,0,0,0,0,0,0,128,[84 -64 4 0 0 0 0 0 0 0 0 0 2 9 2 9 1 9 1 10 0 9 0 10 0 10 0 10 0 10 0 10 0 10 0 10 0 10 -1 10 -1 10 -1 10 -2 11 -2 10 -1 10 -1 10 -1 10 -2 10 -1 10 -1 10 -1 10 -1 11 0 0 -1 10 0 10 0 10 -1 10 0 11 -1 10 0 10 0 11 0 11 0 11 0 12 1 11 1 11 1 12 0 11 1 12 1 11 1 12 1 12 0 12 1 12 1 12 2 12 2 12 2 12 2 13 0 0 0 0 0 0 0 0 0 0]"
"1769326797172288,CSI_DATA,STATION,00:00:00:00:00:00,0,0,0,0,0,0,0,0,0,0,0,0,0,0,0,0,0,0,0,0,0,128,[84 -64 4 0 0 0 0 0 0 0 0 0 10 0 11 0 11 1 11 1 11 1 10 2 11 2 11 2 10 2 11 3 11 3 11 3 11 3 11 3 11 4 10 3 11 3 11 3 11 4 11 4 10 4 11 4 10 4 11 4 10 3 10 3 0 0 10 3 11 3 11 3 11 3 11 3 11 3 11 2 11 3 11 2 12 2 11 2 12 2 12 3 12 2 12 2 12 2 13 2 13 2 12 1 13 2 13 1 13 2 14 2 13 2 14 2 14 1 0 0 0 0 0 0 0 0 0 0]"
"1769326797176765,CSI_DATA,STATION,00:00:00:00:00:00,0,0,0,0,0,0,0,0,0,0,0,0,0,0,0,0,0,0,0,0,0,128,[84 -64 4 0 0 0 0 0 0 0 0 0 2 11 1 10 1 11 0 11 1 11 0 11 0 11 0 12 -1 11 -1 11 -1 12 -1 11 -1 11 -1 11 -2 11 -2 11 -2 11 -2 12 -2 11 -2 11 -2 11 -2 11 -2 11 -2 11 -1 11 -2 11 0 0 -1 11 -1 11 -1 11 -1 11 -1 12 -1 11 -1 11 -1 12 -1 12 -1 12 -1 12 0 12 0 12 0 12 -1 12 0 13 0 13 0 13 0 13 0 13 1 13 0 13 0 13 0 13 0 14 0 13 0 0 0 0 0 0 0 0 0 0]"
"1769326797181264,CSI_DATA,STATION,00:00:00:00:00:00,0,0,0,0,0,0,0,0,0,0,0,0,0,0,0,0,0,0,0,0,0,128,[84 -64 4 0 0 0 0 0 0 0 0 0 -9 6 -10 6 -10 6 -10 6 -10 5 -11 6 -11 5 -11 5 -11 5 -11 4 -11 4 -11 5 -11 4 -11 4 -12 4 -12 4 -12 4 -11 3 -12 4 -12 3 -12 3 -11 3 -11 4 -11 3 -11 3 -11 3 0 0 -12 4 -12 4 -11 4 -11 4 -12 4 -12 4 -12 4 -12 4 -12 4 -12 5 -12 5 -12 5 -12 5 -12 5 -12 5 -12 6 -12 6 -13 6 -13 6 -13 6 -12 6 -13 6 -13 6 -13 6 -13 6 -13 7 0 0 0 0 0 0 0 0 0 0]"
"1769326797188015,CSI_DATA,STATION,00:00:00:00:00:00,0,0,0,0,0,0,0,0,0,0,0,0,0,0,0,0,0,0,0,0,0,128,[84 -64 4 0 0 0 0 0 0 0 0 0 -11 0 -10 0 -10 -1 -11 -1 -11 -1 -11 -1 -11 -1 -11 -1 -11 -1 -11 -2 -11 -2 -11 -2 -11 -3 -11 -2 -12 -3 -11 -2 -11 -3 -10 -2 -12 -3 -11 -2 -11 -3 -11 -3 -11 -2 -11 -3 -11 -2 -11 -2 0 0 -11 -2 -11 -2 -11 -2 -11 -1 -12 -2 -12 -1 -11 -1 -12 -1 -12 -1 -12 -1 -12 -1 -12 -1 -12 -1 -13 0 -12 0 -13 0 -13 0 -13 0 -13 1 -13 0 -13 0 -14 0 -13 0 -13 0 -13 1 -13 1 0 0 0 0 0 0 0 0 0 0]"
"1769326797192489,CSI_DATA,STATION,00:00:00:00:00:00,0,0,0,0,0,0,0,0,0,0,0,0,0,0,0,0,0,0,0,0,0,128,[84 -64 4 0 0 0 0 0 0 0 0 0 3 -11 3 -11 3 -11 3 -11 3 -11 4 -11 5 -11 5 -11 5 -11 5 -11 5 -11 5 -11 5 -11 5 -11 6 -11 6 -10 6 -11 6 -11 5 -11 6 -10 6 -10 6 -11 6 -11 6 -10 5 -10 5 -10 0 0 5 -11 5 -11 5 -11 5 -11 5 -11 5 -11 5 -11 5 -11 5 -11 5 -12 5 -12 5 -12 5 -12 5 -12 5 -12 5 -13 5 -12 5 -13 5 -13 5 -13 5 -13 5 -13 4 -14 4 -13 5 -13 4 -14 0 0 0 0 0 0 0 0 0 0]"
"1769326797196970,CSI_DATA,STATION,00:00:00:00:00:00,0,0,0,0,0,0,0,0,0,0,0,0,0,0,0,0,0,0,0,0,0,128,[84 -64 4 0 0 0 0 0 0 0 0 0 4 10 3 10 3 10 3 11 2 11 2 11 2 11 1 11 2 11 1 12 1 11 1 11 1 11 1 12 1 12 1 11 0 11 0 11 1 11 1 12 0 11 0 11 0 11 1 11 1 11 1 11 0 0 1 11 2 12 2 11 2 12 2 11 2 11 2 11 2 11 2 11 2 12 3 11 3 11 3 12 3 12 3 12 3 12 4 12 4 12 4 12 4 12 4 12 4 12 4 13 5 12 5 12 4 13 0 0 0 0 0 0 0 0 0 0]"
"1769326797203643,CSI_DATA,STATION,00:00:00:00:00:00,0,0,0,0,0,0,0,0,0,0,0,0,0,0,0,0,0,0,0,0,0,128,[84 -64 4 0 0 0 0 0 0 0 0 0 3 10 3 10 3 10 3 11 2 10 2 11 2 11 2 11 1 11 1 11 1 12 1 11 1 11 1 11 0 11 0 11 0 12 0 12 1 11 0 11 0 11 0 11 0 11 0 11 1 11 1 12 0 0 0 11 1 11 1 11 1 11 1 12 1 11 1 11 1 11 1 11 1 12 2 12 2 12 2 12 2 12 2 12 2 12 2 12 2 13 2 13 2 13 2 13 2 13 2 13 3 13 3 13 3 14 0 0 0 0 0 0 0 0 0 0]"
"1769326797208104,CSI_DATA,STATION,00:00:00:00:00:00,0,0,0,0,0,0,0,0,0,0,0,0,0,0,0,0,0,0,0,0,0,128,[84 -64 4 0 0 0 0 0 0 0 0 0 4 -9 5 -9 5 -8 5 -9 6 -9 6 -9 6 -8 6 -9 7 -8 7 -8 7 -8 7 -8 7 -8 7 -8 7 -8 7 -8 7 -8 7 -8 7 -8 8 -8 7 -7 7 -8 7 -8 7 -8 8 -7 7 -8 0 0 7 -8 7 -8 7 -8 7 -8 7 -8 7 -8 7 -9 7 -9 7 -9 7 -9 7 -9 7 -9 7 -9 7 -9 7 -10 7 -11 7 -10 7 -11 7 -11 7 -11 7 -11 7 -10 7 -11 7 -11 7 -12 7 -11 0 0 0 0 0 0 0 0 0 0]"
"1769326797212532,CSI_DATA,STATION,00:00:00:00:00:00,0,0,0,0,0,0,0,0,0,0,0,0,0,0,0,0,0,0,0,0,0,128,[84 -64 4 0 0 0 0 0 0 0 0 0 -9 -7 -9 -7 -9 -7 -10 -8 -10 -9 -10 -8 -8 -8 -9 -8 -8 -9 -9 -9 -8 -9 -8 -9 -9 -10 -8 -10 -8 -10 -8 -9 -8 -9 -8 -9 -8 -10 -8 -10 -8 -10 -9 -10 -7 -9 -8 -10 -8 -10 -8 -9 0 0 -8 -9 -9 -9 -9 -9 -8 -9 -9 -9 -9 -9 -9 -8 -10 -9 -9 -8 -10 -8 -10 -8 -10 -8 -10 -9 -10 -9 -10 -8 -11 -9 -11 -9 -11 -9 -11 -8 -11 -9 -11 -9 -12 -9 -12 -9 -12 -9 -12 -9 -12 -9 0 0 0 0 0 0 0 0 0 0]"
"1769326797219207,CSI_DATA,STATION,00:00:00:00:00:00,0,0,0,0,0,0,0,0,0,0,0,0,0,0,0,0,0,0,0,0,0,128,[84 -64 4 0 0 0 0 0 0 0 0 0 7 6 6 7 6 7 6 7 6 7 6 8 5 8 5 8 5 9 5 9 5 8 5 8 5 9 5 8 5 9 5 9 5 9 4 9 4 9 4 9 4 9 4 9 4 9 5 9 5 9 5 9 0 0 4 9 5 9 5 9 5 9 5 9 5 9 5 9 6 9 6 9 6 9 6 9 7 9 7 9 7 9 6 9 7 9 7 9 7 9 7 10 7 9 8 10 7 10 8 10 8 9 8 10 8 10 0 0 0 0 0 0 0 0 0 0]"
"1769326797223538,CSI_DATA,STATION,00:00:00:00:00:00,0,0,0,0,0,0,0,0,0,0,0,0,0,0,0,0,0,0,0,0,0,128,[84 -64 4 0 0 0 0 0 0 0 0 0 4 -12 6 -11 6 -11 6 -11 7 -11 7 -11 7 -11 8 -11 8 -11 8 -10 7 -11 8 -10 8 -11 8 -10 8 -10 8 -10 8 -10 8 -11 9 -10 9 -10 8 -10 8 -10 9 -10 9 -10 8 -10 8 -10 0 0 8 -11 8 -10 7 -10 7 -10 8 -11 8 -11 8 -11 7 -11 8 -11 7 -12 7 -12 7 -12 7 -11 7 -12 7 -13 8 -13 6 -13 7 -13 8 -14 7 -14 7 -13 8 -13 7 -14 7 -14 7 -14 7 -14 0 0 0 0 0 0 0 0 0 0]"
"1769326797227878,CSI_DATA,STATION,00:00:00:00:00:00,0,0,0,0,0,0,0,0,0,0,0,0,0,0,0,0,0,0,0,0,0,128,[84 -64 4 0 0 0 0 0 0 0 0 0 -7 -10 -7 -10 -6 -10 -6 -10 -6 -11 -6 -11 -5 -11 -5 -12 -6 -11 -5 -11 -6 -11 -5 -11 -4 -11 -5 -11 -5 -12 -4 -12 -4 -12 -4 -12 -4 -12 -4 -12 -4 -11 -4 -11 -4 -12 -4 -11 -4 -11 -4 -12 0 0 -4 -11 -5 -11 -4 -11 -5 -11 -4 -12 -5 -11 -5 -11 -5 -11 -5 -12 -5 -12 -5 -12 -5 -12 -6 -12 -6 -12 -6 -12 -7 -13 -6 -12 -6 -13 -6 -13 -7 -13 -7 -13 -7 -13 -6 -13 -7 -13 -7 -13 -7 -13 0 0 0 0 0 0 0 0 0 0]"
"1769326797234364,CSI_DATA,STATION,00:00:00:00:00:00,0,0,0,0,0,0,0,0,0,0,0,0,0,0,0,0,0,0,0,0,0,128,[84 -64 4 0 0 0 0 0 0 0 0 0 -13 -10 -13 -10 -13 -11 -13 -12 -13 -12 -12 -12 -12 -12 -12 -13 -11 -13 -12 -13 -11 -13 -12 -13 -12 -14 -11 -14 -11 -15 -10 -14 -10 -14 -10 -14 -10 -14 -10 -14 -10 -14 -10 -14 -10 -14 -11 -14 -11 -14 -10 -14 0 0 -11 -14 -11 -13 -11 -14 -11 -13 -12 -14 -11 -14 -12 -14 -12 -14 -12 -14 -12 -12 -13 -13 -13 -13 -13 -13 -14 -13 -13 -13 -14 -13 -14 -14 -14 -13 -14 -13 -14 -13 -15 -13 -16 -13 -15 -13 -16 -13 -16 -13 -16 -13 0 0 0 0 0 0 0 0 0 0]"
"1769326797238671,CSI_DATA,STATION,00:00:00:00:00:00,0,0,0,0,0,0,0,0,0,0,0,0,0,0,0,0,0,0,0,0,0,128,[84 -64 4 0 0 0 0 0 0 0 0 0 -7 7 -7 7 -7 7 -8 7 -8 7 -8 6 -8 7 -9 6 -8 6 -9 6 -8 6 -9 6 -9 6 -9 6 -9 5 -9 6 -9 6 -9 5 -9 6 -10 5 -9 5 -9 5 -9 6 -9 5 -9 6 -9 6 0 0 -9 6 -9 6 -9 6 -9 7 -9 7 -9 6 -9 7 -9 7 -9 7 -9 8 -9 8 -9 8 -9 8 -9 8 -9 8 -9 9 -9 9 -9 9 -9 9 -9 9 -9 9 -8 10 -9 10 -9 9 -9 10 -8 9 0 0 0 0 0 0 0 0 0 0]"
"1769326797245172,CSI_DATA,STATION,00:00:00:00:00:00,0,0,0,0,0,0,0,0,0,0,0,0,0,0,0,0,0,0,0,0,0,128,[84 -64 4 0 0 0 0 0 0 0 0 0 9 -1 10 -1 10 0 9 0 10 1 10 1 10 1 10 1 10 1 11 2 10 2 10 2 10 2 10 2 10 3 10 3 10 2 10 2 10 2 10 4 10 3 10 3 10 3 10 3 10 3 10 2 0 0 10 3 10 3 10 3 10 2 10 3 10 3 10 3 11 2 11 2 10 2 10 2 11 2 11 2 11 2 11 3 12 2 12 2 12 2 12 2 11 2 12 2 12 3 12 2 12 2 13 2 12 2 0 0 0 0 0 0 0 0 0 0]"
"1769326797249482,CSI_DATA,STATION,00:00:00:00:00:00,0,0,0,0,0,0,0,0,0,0,0,0,0,0,0,0,0,0,0,0,0,128,[84 -64 4 0 0 0 0 0 0 0 0 0 -5 10 -5 10 -5 10 -6 10 -6 9 -6 10 -6 10 -7 10 -6 9 -7 9 -7 9 -7 9 -8 9 -7 9 -8 9 -7 9 -8 9 -8 9 -8 9 -8 9 -7 9 -8 8 -8 9 -8 9 -8 9 -7 9 0 0 -7 9 -7 9 -7 9 -7 9 -7 10 -7 10 -7 10 -7 10 -7 10 -7 10 -7 11 -6 10 -6 10 -6 11 -6 11 -6 12 -6 11 -6 12 -6 12 -7 12 -6 12 -6 12 -6 12 -6 12 -6 13 -6 13 0 0 0 0 0 0 0 0 0 0]"
"1769326797253820,CSI_DATA,STATION,00:00:00:00:00:00,0,0,0,0,0,0,0,0,0,0,0,0,0,0,0,0,0,0,0,0,0,128,[84 -64 4 0 0 0 0 0 0 0 0 0 5 9 4 10 4 10 4 10 4 10 4 10 4 10 3 11 3 10 2 11 2 11 3 11 2 11 2 11 2 11 2 11 1 11 1 11 2 11 2 11 1 11 2 11 1 11 2 11 1 11 2 11 0 0 1 11 2 11 2 11 2 11 2 11 3 12 2 11 3 11 2 12 3 11 2 11 3 12 3 12 3 12 3 12 3 12 4 12 4 12 4 12 4 13 4 12 4 12 4 13 4 13 4 13 4 13 0 0 0 0 0 0 0 0 0 0]"
"1769326797260310,CSI_DATA,STATION,00:00:00:00:00:00,0,0,0,0,0,0,0,0,0,0,0,0,0,0,0,0,0,0,0,0,0,128,[84 -64 4 0 0 0 0 0 0 0 0 0 10 1 10 2 11 3 11 3 11 3 10 3 11 4 11 3 10 4 10 4 10 4 9 5 11 5 10 5 10 5 10 5 10 5 10 5 10 5 10 5 10 5 10 5 9 5 10 5 10 5 10 5 0 0 10 4 10 5 11 5 10 4 11 4 11 4 11 4 11 4 10 4 11 4 11 4 11 4 11 4 12 3 12 4 12 4 12 3 13 3 13 3 13 3 13 3 13 3 13 3 13 3 13 3 13 3 0 0 0 0 0 0 0 0 0 0]"
"1769326797264646,CSI_DATA,STATION,00:00:00:00:00:00,0,0,0,0,0,0,0,0,0,0,0,0,0,0,0,0,0,0,0,0,0,128,[84 -64 4 0 0 0 0 0 0 0 0 0 -2 10 -2 11 -3 10 -3 11 -4 11 -3 12 -4 10 -5 11 -4 10 -5 11 -5 11 -4 11 -5 11 -5 10 -6 10 -5 11 -5 11 -5 10 -5 10 -6 10 -5 10 -5 10 -5 10 -5 10 -5 10 -5 10 0 0 -5 10 -5 10 -4 10 -4 10 -5 11 -5 10 -4 10 -5 11 -4 11 -4 12 -4 12 -5 11 -4 11 -4 12 -3 12 -4 13 -3 12 -4 13 -4 13 -3 13 -3 13 -4 13 -4 13 -3 13 -3 14 -4 13 0 0 0 0 0 0 0 0 0 0]"
"1769326797269001,CSI_DATA,STATION,00:00:00:00:00:00,0,0,0,0,0,0,0,0,0,0,0,0,0,0,0,0,0,0,0,0,0,128,[84 -64 4 0 0 0 0 0 0 0 0 0 7 -7 7 -8 7 -7 7 -7 8 -7 8 -7 8 -7 9 -6 8 -6 9 -5 9 -6 9 -6 9 -6 9 -5 10 -6 9 -6 9 -5 9 -5 9 -5 9 -5 9 -5 9 -5 9 -5 9 -5 9 -5 9 -6 0 0 9 -6 9 -6 9 -6 9 -6 9 -6 9 -6 9 -6 9 -6 9 -7 9 -7 9 -7 9 -7 9 -7 10 -7 9 -8 9 -8 9 -8 10 -8 10 -8 9 -8 10 -8 10 -8 10 -8 9 -9 10 -9 10 -8 0 0 0 0 0 0 0 0 0 0]"
"1769326797275482,CSI_DATA,STATION,00:00:00:00:00:00,0,0,0,0,0,0,0,0,0,0,0,0,0,0,0,0,0,0,0,0,0,128,[84 -64 4 0 0 0 0 0 0 0 0 0 9 5 9 6 9 6 9 6 9 6 8 7 8 7 8 7 8 8 8 8 8 7 7 7 8 8 8 8 8 9 7 8 7 8 7 7 8 9 7 9 7 9 7 8 7 8 8 8 7 8 7 8 0 0 8 7 7 8 8 8 7 7 9 8 8 8 8 8 9 8 8 7 9 7 9 7 9 8 10 8 10 8 9 7 10 8 10 7 10 8 10 8 10 7 11 8 10 8 11 7 11 8 11 8 11 7 0 0 0 0 0 0 0 0 0 0]"
"1769326797279805,CSI_DATA,STATION,00:00:00:00:00:00,0,0,0,0,0,0,0,0,0,0,0,0,0,0,0,0,0,0,0,0,0,128,[84 -64 4 0 0 0 0 0 0 0 0 0 10 4 10 4 10 5 10 5 9 5 9 5 10 5 9 6 9 6 9 7 9 7 9 6 9 7 9 7 9 7 9 7 8 7 9 7 9 7 9 7 9 7 9 7 8 7 9 6 9 7 9 7 0 0 9 7 9 7 9 6 9 7 10 7 10 6 10 7 10 6 10 6 10 6 10 6 10 6 11 6 11 6 11 6 11 6 11 6 11 5 11 5 11 6 11 5 12 6 12 6 12 6 12 6 12 6 0 0 0 0 0 0 0 0 0 0]"
"1769326797294709,CSI_DATA,STATION,00:00:00:00:00:00,0,0,0,0,0,0,0,0,0,0,0,0,0,0,0,0,0,0,0,0,0,128,[84 -64 4 0 0 0 0 0 0 0 0 0 0 -10 0 -10 1 -10 1 -10 1 -11 1 -11 2 -11 2 -10 2 -10 3 -10 2 -11 3 -11 2 -11 3 -10 4 -11 3 -10 3 -11 3 -11 3 -10 3 -10 3 -10 3 -10 4 -10 3 -11 4 -10 3 -11 0 0 3 -11 3 -10 3 -10 3 -10 3 -11 3 -11 3 -10 3 -11 3 -11 3 -12 3 -12 3 -12 2 -11 2 -12 2 -13 2 -12 2 -13 2 -13 2 -13 2 -13 3 -13 2 -13 2 -13 2 -14 2 -13 2 -13 0 0 0 0 0 0 0 0 0 0]"
"1769326797299033,CSI_DATA,STATION,00:00:00:00:00:00,0,0,0,0,0,0,0,0,0,0,0,0,0,0,0,0,0,0,0,0,0,128,[84 -64 4 0 0 0 0 0 0 0 0 0 -10 2 -10 2 -11 1 -11 1 -11 1 -11 1 -11 0 -11 0 -10 0 -11 0 -11 0 -11 0 -11 -1 -11 -1 -11 -1 -11 0 -11 -1 -11 -1 -11 -1 -11 -1 -11 -1 -11 -2 -11 -1 -11 -2 -11 -1 -11 -1 0 0 -11 -1 -11 -1 -11 0 -11 0 -12 -1 -11 0 -12 0 -12 0 -11 0 -12 0 -12 1 -12 0 -12 0 -13 0 -12 1 -12 1 -13 1 -13 1 -13 1 -13 1 -13 1 -13 1 -13 1 -14 1 -13 1 -14 1 0 0 0 0 0 0 0 0 0 0]"
"1769326797305497,CSI_DATA,STATION,00:00:00:00:00:00,0,0,0,0,0,0,0,0,0,0,0,0,0,0,0,0,0,0,0,0,0,128,[84 -64 4 0 0 0 0 0 0 0 0 0 7 -7 9 -7 9 -7 8 -6 9 -7 9 -7 9 -6 10 -6 10 -6 10 -5 10 -6 10 -6 10 -5 11 -5 11 -5 10 -5 10 -5 10 -5 10 -4 11 -5 10 -4 10 -4 11 -5 10 -5 10 -5 10 -5 0 0 10 -5 10 -5 10 -5 10 -6 10 -5 10 -6 10 -5 10 -6 10 -6 10 -7 10 -6 11 -6 10 -6 10 -6 11 -7 11 -7 11 -7 10 -8 11 -8 11 -8 11 -7 11 -8 11 -8 11 -8 11 -8 11 -8 0 0 0 0 0 0 0 0 0 0]"
"1769326797311968,CSI_DATA,STATION,00:00:00:00:00:00,0,0,0,0,0,0,0,0,0,0,0,0,0,0,0,0,0,0,0,0,0,128,[84 -64 4 0 0 0 0 0 0 0 0 0 -8 8 -8 8 -9 7 -9 7 -9 7 -9 7 -9 7 -10 6 -10 6 -10 6 -10 7 -10 6 -10 6 -10 6 -10 6 -10 6 -11 6 -10 6 -11 6 -11 5 -11 5 -10 6 -10 6 -10 6 -10 6 -10 6 0 0 -10 6 -10 6 -10 6 -10 6 -10 6 -10 6 -10 6 -10 7 -10 7 -10 7 -10 8 -10 7 -10 8 -11 8 -10 8 -10 9 -10 8 -10 8 -10 9 -10 9 -10 9 -11 9 -11 9 -10 9 -10 9 -10 10 0 0 0 0 0 0 0 0 0 0]"
"1769326797316291,CSI_DATA,STATION,00:00:00:00:00:00,0,0,0,0,0,0,0,0,0,0,0,0,0,0,0,0,0,0,0,0,0,128,[84 -64 4 0 0 0 0 0 0 0 0 0 5 -8 6 -8 6 -8 6 -8 7 -8 7 -8 7 -8 7 -8 7 -8 8 -7 7 -7 7 -7 8 -7 8 -7 8 -7 8 -8 7 -8 7 -7 8 -7 8 -7 8 -7 8 -7 8 -7 8 -7 8 -7 8 -8 0 0 8 -7 8 -7 7 -7 8 -8 8 -8 8 -8 7 -8 8 -9 7 -9 7 -9 7 -9 7 -9 7 -9 7 -9 7 -9 7 -10 7 -10 7 -10 8 -10 7 -10 7 -10 7 -10 8 -11 7 -11 8 -11 7 -11 0 0 0 0 0 0 0 0 0 0]"
"1769326797322810,CSI_DATA,STATION,00:00:00:00:00:00,0,0,0,0,0,0,0,0,0,0,0,0,0,0,0,0,0,0,0,0,0,128,[84 -64 4 0 0 0 0 0 0 0 0 0 -6 -10 -6 -10 -5 -10 -5 -11 -5 -11 -5 -11 -4 -12 -4 -12 -4 -12 -4 -12 -4 -12 -4 -12 -3 -12 -4 -12 -3 -12 -3 -12 -3 -11 -2 -12 -3 -12 -3 -12 -3 -12 -3 -12 -3 -12 -3 -12 -3 -12 -3 -12 0 0 -4 -12 -4 -12 -4 -12 -4 -12 -4 -12 -4 -12 -4 -12 -5 -12 -5 -11 -5 -12 -5 -12 -5 -12 -5 -12 -6 -12 -6 -13 -6 -13 -6 -13 -6 -12 -6 -13 -6 -13 -7 -13 -7 -13 -7 -13 -7 -13 -7 -13 -7 -13 0 0 0 0 0 0 0 0 0 0]"
"1769326797327072,CSI_DATA,STATION,00:00:00:00:00:00,0,0,0,0,0,0,0,0,0,0,0,0,0,0,0,0,0,0,0,0,0,128,[84 -64 4 0 0 0 0 0 0 0 0 0 7 -9 8 -8 8 -8 9 -8 8 -7 9 -8 9 -7 9 -7 9 -8 9 -7 9 -7 9 -7 10 -7 9 -7 11 -6 9 -6 10 -7 9 -6 10 -6 10 -6 10 -6 10 -6 9 -6 9 -7 10 -7 10 -7 0 0 10 -7 10 -7 10 -7 9 -7 10 -7 9 -7 10 -7 9 -8 9 -8 9 -8 9 -8 9 -9 10 -8 10 -9 9 -9 10 -10 9 -9 9 -10 9 -9 10 -10 10 -10 10 -9 9 -9 9 -10 10 -10 10 -11 0 0 0 0 0 0 0 0 0 0]"
"1769326797331400,CSI_DATA,STATION,00:00:00:00:00:00,0,0,0,0,0,0,0,0,0,0,0,0,0,0,0,0,0,0,0,0,0,128,[84 -64 4 0 0 0 0 0 0 0 0 0 0 11 0 10 0 11 -1 10 -1 11 -1 11 -1 12 -2 12 -2 11 -3 12 -3 11 -2 11 -3 11 -3 11 -3 10 -3 11 -3 11 -3 11 -4 11 -3 11 -3 11 -3 11 -4 11 -3 11 -3 11 -3 11 0 0 -3 11 -2 11 -2 11 -2 11 -2 11 -2 11 -2 11 -2 11 -2 12 -2 12 -2 12 -2 12 -2 12 -2 12 -1 13 -1 13 -1 13 -2 13 -1 13 -1 13 -1 13 -1 13 -1 14 -1 13 -1 14 -1 14 0 0 0 0 0 0 0 0 0 0]"
"1769326797337873,CSI_DATA,STATION,00:00:00:00:00:00,0,0,0,0,0,0,0,0,0,0,0,0,0,0,0,0,0,0,0,0,0,128,[84 -64 4 0 0 0 0 0 0 0 0 0 8 -8 8 -8 8 -8 8 -7 9 -7 9 -7 9 -6 9 -7 9 -7 10 -6 10 -6 10 -6 10 -6 10 -6 11 -6 10 -6 10 -6 10 -6 10 -6 10 -5 10 -5 10 -5 10 -5 10 -5 10 -6 10 -6 0 0 10 -6 10 -6 10 -6 10 -6 10 -7 10 -6 10 -6 9 -7 10 -7 10 -7 10 -8 10 -8 10 -7 11 -7 10 -8 11 -8 10 -8 11 -9 11 -8 11 -9 11 -9 11 -8 11 -8 10 -9 10 -9 11 -9 0 0 0 0 0 0 0 0 0 0]"
"1769326797342189,CSI_DATA,STATION,00:00:00:00:00:00,0,0,0,0,0,0,0,0,0,0,0,0,0,0,0,0,0,0,0,0,0,128,[84 -64 4 0 0 0 0 0 0 0 0 0 10 2 10 2 11 2 11 2 11 3 10 3 11 3 10 4 10 4 11 5 10 4 10 4 11 5 11 5 10 5 9 5 10 5 10 5 10 5 11 5 10 6 10 5 10 5 10 5 10 5 10 5 0 0 10 5 10 5 10 4 10 4 11 5 10 5 11 5 11 5 11 4 11 4 11 3 11 5 12 4 11 4 12 4 11 4 13 4 12 4 12 4 12 4 12 3 13 4 13 4 13 4 13 4 13 4 0 0 0 0 0 0 0 0 0 0]"
"1769326797346509,CSI_DATA,STATION,00:00:00:00:00:00,0,0,0,0,0,0,0,0,0,0,0,0,0,0,0,0,0,0,0,0,0,128,[84 -64 4 0 0 0 0 0 0 0 0 0 -2 11 -2 11 -3 11 -4 10 -3 11 -4 11 -4 11 -4 10 -4 10 -5 10 -5 11 -5 10 -6 10 -5 11 -6 10 -5 11 -6 11 -5 11 -6 10 -6 10 -6 10 -6 10 -6 10 -6 10 -5 10 -5 10 0 0 -5 10 -5 10 -5 10 -5 11 -5 10 -5 10 -5 10 -5 11 -5 11 -5 12 -5 12 -5 12 -5 11 -4 11 -4 12 -4 12 -4 12 -4 13 -4 13 -4 13 -4 13 -4 13 -4 13 -4 13 -4 13 -4 13 0 0 0 0 0 0 0 0 0 0]"
"1769326797353007,CSI_DATA,STATION,00:00:00:00:00:00,0,0,0,0,0,0,0,0,0,0,0,0,0,0,0,0,0,0,0,0,0,128,[84 -64 4 0 0 0 0 0 0 0 0 0 -11 -2 -12 -2 -12 -2 -12 -3 -12 -3 -12 -4 -11 -4 -12 -3 -11 -4 -12 -4 -12 -4 -11 -4 -12 -4 -12 -5 -11 -5 -11 -5 -12 -5 -11 -5 -11 -5 -11 -6 -12 -5 -12 -5 -11 -5 -11 -5 -11 -5 -11 -5 0 0 -11 -5 -12 -5 -12 -5 -11 -4 -12 -5 -12 -5 -12 -4 -12 -4 -12 -4 -12 -4 -12 -4 -13 -4 -13 -4 -13 -4 -13 -4 -13 -4 -13 -4 -13 -4 -13 -3 -14 -3 -14 -3 -15 -4 -14 -4 -14 -4 -14 -3 -14 -4 0 0 0 0 0 0 0 0 0 0]"
"1769326797357366,CSI_DATA,STATION,00:00:00:00:00:00,0,0,0,0,0,0,0,0,0,0,0,0,0,0,0,0,0,0,0,0,0,128,[84 -64 4 0 0 0 0 0 0 0 0 0 -10 0 -10 0 -11 -1 -11 -1 -11 -1 -11 -2 -11 -2 -11 -2 -10 -2 -11 -3 -10 -3 -10 -3 -11 -3 -11 -3 -11 -3 -10 -3 -10 -3 -11 -3 -11 -4 -11 -4 -11 -3 -11 -4 -11 -3 -12 -4 -11 -3 -11 -3 0 0 -10 -3 -11 -3 -11 -2 -11 -2 -12 -2 -11 -3 -12 -3 -12 -3 -12 -2 -12 -2 -12 -2 -13 -2 -12 -2 -13 -2 -12 -2 -12 -2 -13 -2 -13 -2 -13 -1 -14 -1 -13 -1 -14 -1 -13 -2 -14 -1 -14 -1 -14 -1 0 0 0 0 0 0 0 0 0 0]"
"1769326797363853,CSI_DATA,STATION,00:00:00:00:00:00,0,0,0,0,0,0,0,0,0,0,0,0,0,0,0,0,0,0,0,0,0,128,[84 -64 4 0 0 0 0 0 0 0 0 0 4 9 4 9 3 10 3 10 3 10 3 10 3 11 2 11 2 11 2 11 2 11 2 11 1 11 1 11 1 12 1 11 1 11 1 11 1 11 1 11 1 11 1 11 1 12 1 11 2 11 2 11 0 0 2 11 2 11 2 11 2 11 2 11 2 11 2 11 3 11 2 11 2 12 3 11 3 12 2 12 4 12 3 12 3 12 4 12 4 12 4 12 4 12 4 13 4 12 4 13 4 12 4 13 4 13 0 0 0 0 0 0 0 0 0 0]"
"1769326797368222,CSI_DATA,STATION,00:00:00:00:00:00,0,0,0,0,0,0,0,0,0,0,0,0,0,0,0,0,0,0,0,0,0,128,[84 -64 4 0 0 0 0 0 0 0 0 0 -9 6 -11 6 -10 5 -11 5 -11 4 -11 5 -11 4 -11 4 -11 3 -12 4 -12 4 -11 3 -11 3 -12 3 -12 3 -11 4 -11 3 -12 3 -12 3 -12 2 -12 2 -12 3 -12 3 -12 2 -11 3 -12 4 0 0 -11 3 -12 4 -12 3 -12 4 -12 3 -12 4 -12 4 -12 4 -12 4 -12 5 -12 5 -12 5 -12 5 -12 5 -12 5 -12 5 -12 5 -12 6 -12 6 -12 6 -12 6 -13 6 -13 6 -13 6 -13 6 -13 7 0 0 0 0 0 0 0 0 0 0]"
"1769326797372527,CSI_DATA,STATION,00:00:00:00:00:00,0,0,0,0,0,0,0,0,0,0,0,0,0,0,0,0,0,0,0,0,0,128,[84 -64 4 0 0 0 0 0 0 0 0 0 -1 10 -1 10 -1 11 -1 11 -2 11 -2 11 -2 11 -2 11 -2 11 -3 11 -3 11 -3 11 -3 11 -4 11 -3 11 -4 11 -4 11 -4 11 -4 11 -4 11 -4 11 -4 11 -4 11 -4 11 -4 10 -4 11 0 0 -3 11 -3 11 -3 11 -3 11 -3 11 -3 11 -3 11 -3 12 -4 11 -3 12 -2 12 -2 12 -2 12 -3 12 -3 12 -2 13 -2 13 -2 13 -2 13 -2 13 -2 13 -2 13 -2 13 -2 13 -2 13 -2 13 0 0 0 0 0 0 0 0 0 0]"
"1769326797379042,CSI_DATA,STATION,00:00:00:00:00:00,0,0,0,0,0,0,0,0,0,0,0,0,0,0,0,0,0,0,0,0,0,128,[84 -64 4 0 0 0 0 0 0 0 0 0 9 -6 10 -6 10 -6 9 -5 10 -5 10 -5 10 -5 10 -5 10 -5 11 -4 11 -3 11 -4 11 -3 11 -4 11 -3 11 -3 11 -3 11 -3 11 -3 12 -3 11 -3 11 -3 11 -3 11 -3 11 -3 11 -4 0 0 11 -4 11 -4 11 -4 11 -4 11 -4 11 -4 11 -4 11 -4 11 -5 11 -5 11 -5 11 -4 12 -5 12 -5 12 -5 12 -6 12 -6 12 -6 12 -6 12 -6 12 -6 12 -6 13 -6 13 -6 12 -6 12 -6 0 0 0 0 0 0 0 0 0 0]"
"1769326797383528,CSI_DATA,STATION,00:00:00:00:00:00,0,0,0,0,0,0,0,0,0,0,0,0,0,0,0,0,0,0,0,0,0,128,[84 -64 4 0 0 0 0 0 0 0 0 0 10 -5 9 -5 11 -4 10 -4 11 -4 11 -4 10 -3 11 -3 11 -3 11 -2 11 -3 11 -2 11 -2 11 -1 11 -2 12 -2 11 -1 11 -2 11 -1 12 -1 11 -1 11 -1 12 -2 12 -1 11 -1 11 -2 0 0 11 -2 11 -2 11 -2 11 -3 12 -2 11 -3 12 -3 12 -2 12 -3 12 -3 12 -3 11 -3 12 -3 12 -3 12 -4 12 -4 13 -4 13 -5 13 -4 12 -4 13 -4 13 -4 13 -4 13 -4 13 -4 13 -4 0 0 0 0 0 0 0 0 0 0]"
"1769326797388028,CSI_DATA,STATION,00:00:00:00:00:00,0,0,0,0,0,0,0,0,0,0,0,0,0,0,0,0,0,0,0,0,0,128,[84 -64 4 0 0 0 0 0 0 0 0 0 0 -13 0 -13 1 -13 1 -13 1 -14 2 -14 2 -14 2 -13 3 -13 3 -13 3 -14 3 -13 3 -13 3 -13 4 -13 4 -13 4 -13 4 -13 4 -13 4 -12 5 -12 4 -13 4 -13 4 -13 4 -13 3 -13 0 0 4 -13 3 -13 4 -13 3 -13 3 -14 3 -13 3 -13 3 -14 3 -14 3 -14 3 -14 3 -14 2 -14 2 -14 2 -15 2 -15 2 -15 2 -15 2 -16 2 -15 2 -16 2 -15 2 -16 2 -16 2 -16 2 -16 0 0 0 0 0 0 0 0 0 0]"
"1769326797394703,CSI_DATA,STATION,00:00:00:00:00:00,0,0,0,0,0,0,0,0,0,0,0,0,0,0,0,0,0,0,0,0,0,128,[84 -64 4 0 0 0 0 0 0 0 0 0 -8 6 -8 7 -8 6 -9 6 -9 6 -9 6 -9 6 -9 5 -9 5 -10 5 -9 5 -10 5 -10 5 -10 5 -10 5 -10 5 -10 5 -9 4 -11 4 -10 4 -10 4 -10 4 -10 5 -10 5 -10 4 -10 5 0 0 -10 5 -10 4 -10 5 -10 5 -10 5 -11 5 -10 5 -11 5 -10 6 -10 6 -10 6 -10 6 -11 6 -11 6 -11 6 -11 7 -10 7 -11 7 -11 8 -11 7 -11 7 -11 7 -11 7 -11 8 -10 8 -11 8 0 0 0 0 0 0 0 0 0 0]"
"1769326797399204,CSI_DATA,STATION,00:00:00:00:00:00,0,0,0,0,0,0,0,0,0,0,0,0,0,0,0,0,0,0,0,0,0,128,[84 -64 4 0 0 0 0 0 0 0 0 0 -2 10 -2 9 -2 9 -3 10 -3 9 -4 9 -4 10 -4 9 -5 9 -5 9 -5 10 -5 10 -5 9 -5 9 -5 9 -5 9 -5 10 -5 9 -5 9 -6 9 -6 9 -6 9 -6 9 -5 9 -5 9 -5 10 0 0 -5 9 -5 9 -5 10 -5 10 -5 9 -5 9 -5 10 -5 10 -5 10 -5 10 -4 11 -5 11 -4 11 -4 11 -4 11 -4 11 -4 11 -4 12 -4 12 -5 12 -4 12 -5 12 -5 12 -4 12 -4 12 -4 13 0 0 0 0 0 0 0 0 0 0]"
"1769326797403624,CSI_DATA,STATION,00:00:00:00:00:00,0,0,0,0,0,0,0,0,0,0,0,0,0,0,0,0,0,0,0,0,0,128,[84 -64 4 0 0 0 0 0 0 0 0 0 9 3 9 3 9 3 9 4 9 4 9 4 9 4 9 5 8 5 8 6 9 5 8 6 8 6 8 5 9 6 8 6 8 6 8 6 9 7 8 6 8 7 8 6 7 6 9 6 8 6 8 6 0 0 8 6 8 6 9 6 8 5 9 6 9 6 9 6 9 6 9 5 9 6 10 5 10 5 10 5 10 6 10 5 11 6 11 5 11 6 11 6 11 6 11 6 11 6 11 6 12 6 12 6 11 5 0 0 0 0 0 0 0 0 0 0]"
"1769326797408077,CSI_DATA,STATION,00:00:00:00:00:00,0,0,0,0,0,0,0,0,0,0,0,0,0,0,0,0,0,0,0,0,0,128,[84 -64 4 0 0 0 0 0 0 0 0 0 6 7 5 8 5 8 5 9 5 8 4 9 5 8 4 9 4 9 4 10 4 9 4 9 4 10 4 9 4 10 4 9 3 9 3 9 4 9 4 10 4 9 4 9 4 9 4 10 4 10 4 9 0 0 4 9 5 9 5 9 4 9 5 9 5 9 5 10 5 9 5 9 5 10 5 9 6 10 6 10 6 10 6 10 6 10 6 9 7 10 7 10 6 10 7 10 8 10 7 10 8 10 7 10 7 11 0 0 0 0 0 0 0 0 0 0]"
"1769326797414715,CSI_DATA,STATION,00:00:00:00:00:00,0,0,0,0,0,0,0,0,0,0,0,0,0,0,0,0,0,0,0,0,0,128,[84 -64 4 0 0 0 0 0 0 0 0 0 -4 9 -5 9 -5 9 -5 9 -6 9 -6 9 -6 9 -6 9 -6 8 -7 9 -7 9 -6 8 -7 8 -8 8 -7 8 -7 8 -7 9 -7 8 -7 8 -7 8 -7 8 -7 8 -7 8 -7 8 -7 8 -7 9 0 0 -7 9 -6 8 -6 8 -7 9 -7 9 -6 9 -6 9 -6 9 -6 10 -6 10 -6 10 -6 10 -6 10 -6 10 -6 10 -6 11 -6 11 -6 11 -6 11 -6 11 -6 11 -6 12 -6 12 -6 12 -6 12 -6 12 0 0 0 0 0 0 0 0 0 0]"
"1769326797419170,CSI_DATA,STATION,00:00:00:00:00:00,0,0,0,0,0,0,0,0,0,0,0,0,0,0,0,0,0,0,0,0,0,128,[84 -64 4 0 0 0 0 0 0 0 0 0 -9 -6 -9 -6 -9 -6 -9 -6 -9 -7 -9 -7 -8 -7 -8 -8 -8 -8 -8 -8 -8 -8 -8 -8 -8 -8 -8 -8 -8 -9 -8 -9 -8 -9 -7 -8 -8 -9 -8 -9 -7 -9 -7 -9 -7 -8 -8 -9 -7 -9 -7 -8 0 0 -7 -9 -8 -8 -8 -8 -8 -8 -9 -9 -9 -8 -8 -9 -9 -8 -9 -9 -9 -8 -9 -8 -9 -9 -10 -9 -10 -9 -10 -9 -10 -8 -10 -8 -10 -9 -10 -9 -10 -9 -11 -9 -10 -9 -11 -9 -11 -9 -11 -9 -11 -9 0 0 0 0 0 0 0 0 0 0]"
"1769326797423589,CSI_DATA,STATION,00:00:00:00:00:00,0,0,0,0,0,0,0,0,0,0,0,0,0,0,0,0,0,0,0,0,0,128,[84 -64 4 0 0 0 0 0 0 0 0 0 7 5 8 5 7 6 8 6 7 6 7 7 8 7 7 7 7 7 7 7 6 8 6 7 6 8 7 8 6 8 6 8 6 8 5 8 6 8 6 8 6 8 6 8 6 8 6 8 6 8 6 8 0 0 6 8 7 8 7 8 6 8 7 8 8 8 7 8 8 8 7 8 7 8 7 8 8 8 8 8 8 8 8 8 8 8 9 7 9 8 9 8 9 8 9 8 9 8 9 8 9 8 9 9 9 9 0 0 0 0 0 0 0 0 0 0]"
"1769326797430048,CSI_DATA,STATION,00:00:00:00:00:00,0,0,0,0,0,0,0,0,0,0,0,0,0,0,0,0,0,0,0,0,0,128,[84 -64 4 0 0 0 0 0 0 0 0 0 9 1 9 1 10 2 10 2 10 2 10 2 10 3 9 3 9 3 10 3 10 3 9 3 10 4 10 4 10 4 9 4 9 4 9 4 10 4 10 4 9 4 10 4 9 3 10 4 10 4 10 3 0 0 9 3 10 3 10 3 10 2 10 3 11 3 10 3 11 3 10 2 10 2 10 2 11 2 11 2 11 2 11 1 11 1 12 1 12 1 12 2 12 1 12 2 12 2 13 2 13 1 13 1 12 1 0 0 0 0 0 0 0 0 0 0]"
"1769326797434422,CSI_DATA,STATION,00:00:00:00:00:00,0,0,0,0,0,0,0,0,0,0,0,0,0,0,0,0,0,0,0,0,0,128,[84 -64 4 0 0 0 0 0 0 0 0 0 -1 -11 -1 -10 -1 -10 0 -10 0 -11 1 -11 1 -11 1 -11 2 -11 2 -11 1 -11 2 -11 2 -11 2 -11 2 -11 2 -11 2 -11 2 -11 2 -11 3 -11 3 -11 2 -11 3 -11 2 -11 2 -10 2 -11 0 0 2 -11 2 -11 2 -11 2 -11 2 -11 2 -11 2 -11 2 -12 2 -11 2 -12 1 -12 1 -12 1 -12 2 -12 1 -13 1 -13 1 -13 1 -13 1 -13 2 -13 1 -13 2 -13 1 -14 1 -13 1 -14 1 -14 0 0 0 0 0 0 0 0 0 0]"
"1769326797438849,CSI_DATA,STATION,00:00:00:00:00:00,0,0,0,0,0,0,0,0,0,0,0,0,0,0,0,0,0,0,0,0,0,128,[84 -64 4 0 0 0 0 0 0 0 0 0 -9 4 -9 4 -10 3 -11 4 -10 3 -10 3 -10 3 -10 3 -10 2 -11 2 -11 2 -11 2 -11 1 -11 1 -12 1 -11 2 -11 2 -11 1 -11 1 -11 1 -11 1 -11 1 -11 2 -11 1 -11 2 -11 2 0 0 -11 2 -11 3 -11 3 -11 3 -11 3 -11 3 -11 3 -12 3 -11 3 -11 4 -11 4 -12 4 -12 4 -12 4 -12 4 -12 5 -12 4 -12 5 -12 5 -12 5 -12 5 -12 5 -13 5 -12 5 -12 6 -13 6 0 0 0 0 0 0 0 0 0 0]"
"1769326797445275,CSI_DATA,STATION,00:00:00:00:00:00,0,0,0,0,0,0,0,0,0,0,0,0,0,0,0,0,0,0,0,0,0,128,[84 -64 4 0 0 0 0 0 0 0 0 0 8 -4 9 -4 9 -4 9 -4 10 -3 10 -4 10 -3 10 -3 10 -3 10 -2 10 -2 10 -2 10 -1 10 -2 10 -1 10 -2 10 -2 10 -1 10 -2 10 -1 10 -1 10 -1 10 -1 10 -1 11 -1 10 -2 0 0 10 -2 10 -2 10 -2 10 -2 11 -2 11 -2 11 -2 11 -2 10 -3 11 -3 11 -3 11 -2 11 -3 12 -3 12 -3 11 -4 12 -3 12 -4 12 -4 12 -4 12 -4 12 -3 13 -3 12 -3 13 -4 12 -4 0 0 0 0 0 0 0 0 0 0]"
"1769326797449580,CSI_DATA,STATION,00:00:00:00:00:00,0,0,0,0,0,0,0,0,0,0,0,0,0,0,0,0,0,0,0,0,0,128,[84 -64 4 0 0 0 0 0 0 0 0 0 -5 8 -5 9 -6 8 -6 8 -6 8 -6 8 -6 8 -7 8 -7 7 -8 8 -7 8 -7 8 -8 7 -8 7 -8 7 -8 7 -8 7 -7 7 -8 7 -8 7 -8 7 -8 7 -8 7 -8 7 -9 7 -8 7 0 0 -8 7 -8 7 -8 7 -8 7 -8 8 -8 8 -8 8 -8 8 -8 8 -8 8 -8 9 -8 8 -8 8 -8 9 -8 9 -8 9 -8 9 -8 10 -8 10 -8 10 -8 10 -8 10 -8 10 -8 10 -8 10 -8 11 0 0 0 0 0 0 0 0 0 0]"
"1769326797456046,CSI_DATA,STATION,00:00:00:00:00:00,0,0,0,0,0,0,0,0,0,0,0,0,0,0,0,0,0,0,0,0,0,128,[84 -64 4 0 0 0 0 0 0 0 0 0 -10 -9 -10 -10 -10 -9 -9 -10 -9 -11 -9 -11 -8 -11 -8 -11 -8 -11 -9 -12 -8 -12 -8 -12 -8 -12 -8 -12 -7 -12 -7 -12 -7 -12 -6 -12 -7 -11 -7 -12 -6 -12 -6 -12 -7 -12 -7 -12 -7 -12 -7 -11 0 0 -7 -12 -7 -11 -7 -12 -8 -12 -8 -12 -8 -12 -7 -12 -9 -12 -8 -12 -9 -12 -9 -12 -9 -12 -9 -12 -9 -12 -9 -12 -10 -12 -10 -13 -10 -12 -10 -12 -10 -13 -10 -13 -10 -12 -11 -13 -11 -12 -11 -12 -10 -12 0 0 0 0 0 0 0 0 0 0]"
"1769326797460338,CSI_DATA,STATION,00:00:00:00:00:00,0,0,0,0,0,0,0,0,0,0,0,0,0,0,0,0,0,0,0,0,0,128,[84 -64 4 0 0 0 0 0 0 0 0 0 -8 6 -8 6 -8 5 -9 6 -9 5 -9 6 -9 5 -9 6 -9 5 -10 5 -10 5 -10 5 -10 4 -10 4 -11 4 -10 5 -10 5 -10 4 -10 4 -10 4 -10 4 -10 4 -10 4 -10 4 -10 4 -10 5 0 0 -10 5 -10 5 -10 5 -10 5 -10 5 -10 5 -10 6 -10 6 -10 6 -10 6 -10 6 -10 6 -10 6 -11 7 -10 7 -10 8 -10 7 -10 7 -10 8 -10 8 -11 8 -11 7 -11 8 -11 7 -11 8 -11 8 0 0 0 0 0 0 0 0 0 0]"
"1769326797466783,CSI_DATA,STATION,00:00:00:00:00:00,0,0,0,0,0,0,0,0,0,0,0,0,0,0,0,0,0,0,0,0,0,128,[84 -64 4 0 0 0 0 0 0 0 0 0 0 -11 0 -11 1 -11 1 -10 1 -10 2 -11 2 -11 2 -11 3 -11 3 -10 3 -11 3 -11 3 -11 3 -10 4 -10 4 -10 4 -11 3 -11 3 -10 4 -10 4 -10 4 -10 4 -10 3 -11 4 -10 4 -11 0 0 3 -10 4 -10 3 -10 3 -10 3 -11 3 -11 4 -11 3 -12 3 -11 3 -12 3 -12 3 -12 3 -12 4 -12 3 -12 3 -13 3 -13 3 -13 3 -13 3 -13 3 -13 3 -12 3 -13 3 -13 3 -14 3 -14 0 0 0 0 0 0 0 0 0 0]"
"1769326797477473,CSI_DATA,STATION,00:00:00:00:00:00,0,0,0,0,0,0,0,0,0,0,0,0,0,0,0,0,0,0,0,0,0,128,[84 -64 4 0 0 0 0 0 0 0 0 0 0 9 0 10 0 10 -1 10 -1 10 -1 10 -2 10 -2 10 -2 10 -3 10 -2 10 -2 10 -3 10 -2 10 -3 10 -3 10 -2 11 -2 10 -3 10 -3 10 -3 10 -3 10 -3 10 -3 10 -2 10 -2 10 0 0 -2 10 -2 10 -2 10 -2 10 -2 10 -1 10 -2 10 -1 11 -2 11 -1 11 -1 11 -1 11 -1 11 -1 12 -1 11 -1 12 0 12 0 12 0 12 0 12 0 13 0 12 0 13 0 13 0 13 0 13 0 0 0 0 0 0 0 0 0 0]"
"1769326797483916,CSI_DATA,STATION,00:00:00:00:00:00,0,0,0,0,0,0,0,0,0,0,0,0,0,0,0,0,0,0,0,0,0,128,[84 -64 4 0 0 0 0 0 0 0 0 0 10 -2 9 -2 10 -1 10 -1 10 -1 10 -1 10 0 10 0 10 0 11 1 10 0 10 0 11 1 11 0 11 1 10 1 10 1 10 1 10 2 10 2 10 1 10 2 10 1 10 2 10 2 10 1 0 0 10 1 10 1 10 1 11 1 10 1 11 1 11 1 11 1 11 1 11 1 11 0 11 0 12 0 11 0 12 0 11 0 12 0 12 -1 12 0 12 0 12 0 12 1 13 1 13 0 13 0 13 0 0 0 0 0 0 0 0 0 0 0]"
"1769326797490319,CSI_DATA,STATION,00:00:00:00:00:00,0,0,0,0,0,0,0,0,0,0,0,0,0,0,0,0,0,0,0,0,0,128,[84 -64 4 0 0 0 0 0 0 0 0 0 -9 -4 -10 -5 -10 -5 -9 -5 -9 -6 -10 -6 -9 -6 -9 -6 -9 -6 -9 -7 -9 -6 -9 -7 -9 -7 -9 -7 -9 -8 -8 -7 -8 -7 -8 -7 -9 -8 -8 -8 -9 -8 -9 -8 -8 -7 -9 -8 -9 -7 -9 -8 0 0 -8 -8 -9 -7 -9 -8 -8 -8 -9 -8 -9 -8 -9 -8 -9 -7 -9 -8 -10 -7 -10 -7 -10 -7 -10 -7 -10 -8 -10 -7 -11 -8 -10 -7 -11 -8 -11 -8 -11 -8 -11 -8 -11 -8 -11 -8 -12 -8 -12 -8 -11 -8 0 0 0 0 0 0 0 0 0 0]"
"1769326797494616,CSI_DATA,STATION,00:00:00:00:00:00,0,0,0,0,0,0,0,0,0,0,0,0,0,0,0,0,0,0,0,0,0,128,[84 -64 4 0 0 0 0 0 0 0 0 0 -3 -10 -3 -10 -2 -10 -2 -10 -2 -11 -2 -11 -1 -11 -1 -11 -1 -11 -2 -11 -1 -11 -1 -11 -1 -11 -1 -11 -1 -12 0 -11 0 -11 0 -11 0 -11 0 -11 0 -11 0 -11 0 -11 -1 -11 -1 -11 -1 -11 0 0 0 -11 0 -11 0 -12 -1 -12 0 -12 -1 -12 -1 -12 -1 -12 -1 -12 -1 -12 -2 -12 -1 -12 -2 -12 -2 -13 -2 -13 -2 -13 -2 -13 -2 -13 -2 -13 -2 -14 -2 -13 -2 -13 -2 -13 -3 -13 -3 -14 -3 -13 0 0 0 0 0 0 0 0 0 0]"
"1769326797501024,CSI_DATA,STATION,00:00:00:00:00:00,0,0,0,0,0,0,0,0,0,0,0,0,0,0,0,0,0,0,0,0,0,128,[84 -64 4 0 0 0 0 0 0 0 0 0 -11 3 -11 2 -12 2 -12 2 -12 1 -12 2 -12 1 -12 1 -12 1 -13 0 -12 1 -12 1 -13 0 -13 0 -13 -1 -12 0 -12 -1 -13 -1 -13 -1 -12 -1 -12 -1 -12 -1 -12 -1 -13 -1 -13 -1 -12 0 0 0 -12 -1 -13 0 -13 0 -12 0 -13 0 -13 0 -13 0 -13 0 -13 0 -13 0 -14 1 -14 1 -14 0 -14 0 -14 1 -14 1 -15 1 -15 1 -15 1 -14 1 -15 1 -15 2 -15 1 -15 2 -15 2 -15 1 0 0 0 0 0 0 0 0 0 0]"
"1769326797505326,CSI_DATA,STATION,00:00:00:00:00:00,0,0,0,0,0,0,0,0,0,0,0,0,0,0,0,0,0,0,0,0,0,128,[84 -64 4 0 0 0 0 0 0 0 0 0 7 -6 8 -6 8 -6 8 -6 9 -6 8 -6 9 -5 9 -5 9 -5 9 -4 9 -5 9 -4 9 -4 9 -5 10 -4 9 -4 9 -4 9 -3 10 -3 10 -3 10 -3 10 -3 9 -4 10 -4 10 -4 10 -4 0 0 10 -4 9 -4 10 -4 10 -5 10 -4 10 -5 10 -4 10 -4 10 -5 10 -5 10 -6 11 -5 11 -5 11 -5 10 -6 11 -6 11 -6 11 -7 11 -6 11 -6 11 -6 11 -6 11 -6 11 -7 11 -7 11 -6 0 0 0 0 0 0 0 0 0 0]"
"1769326797511751,CSI_DATA,STATION,00:00:00:00:00:00,0,0,0,0,0,0,0,0,0,0,0,0,0,0,0,0,0,0,0,0,0,128,[84 -64 4 0 0 0 0 0 0 0 0 0 7 -8 7 -8 7 -7 8 -6 8 -6 9 -6 8 -6 8 -6 8 -6 9 -6 9 -6 9 -6 9 -5 9 -5 9 -5 9 -5 9 -5 9 -6 10 -5 10 -5 9 -5 9 -5 9 -5 9 -5 9 -5 9 -6 0 0 9 -6 9 -5 9 -6 9 -6 9 -6 9 -6 9 -6 9 -7 9 -7 9 -7 9 -7 10 -7 9 -7 9 -7 9 -7 10 -8 9 -9 10 -8 9 -8 9 -8 10 -9 10 -8 10 -8 10 -9 10 -9 10 -9 0 0 0 0 0 0 0 0 0 0]"
"1769326797516026,CSI_DATA,STATION,00:00:00:00:00:00,0,0,0,0,0,0,0,0,0,0,0,0,0,0,0,0,0,0,0,0,0,128,[84 -64 4 0 0 0 0 0 0 0 0 0 4 -9 4 -9 4 -9 5 -9 5 -9 5 -9 6 -9 6 -9 6 -9 6 -8 6 -9 6 -9 7 -9 7 -9 7 -8 7 -9 7 -9 6 -9 7 -8 7 -8 7 -8 7 -8 7 -9 6 -9 7 -8 7 -9 0 0 7 -9 6 -9 6 -9 6 -9 6 -9 6 -10 6 -9 6 -10 6 -10 6 -10 6 -10 6 -10 6 -10 6 -10 6 -11 6 -11 6 -11 6 -12 6 -11 7 -12 6 -11 6 -11 6 -12 6 -12 6 -12 6 -12 0 0 0 0 0 0 0 0 0 0]"
"1769326797520380,CSI_DATA,STATION,00:00:00:00:00:00,0,0,0,0,0,0,0,0,0,0,0,0,0,0,0,0,0,0,0,0,0,128,[84 -64 4 0 0 0 0 0 0 0 0 0 -10 -1 -10 -1 -11 -2 -11 -1 -11 -2 -11 -3 -11 -2 -11 -3 -10 -3 -11 -3 -11 -3 -10 -4 -11 -4 -11 -4 -11 -4 -10 -4 -10 -4 -11 -4 -11 -4 -10 -5 -10 -4 -10 -5 -10 -4 -11 -4 -11 -4 -10 -4 0 0 -10 -4 -11 -4 -11 -4 -11 -4 -11 -4 -11 -4 -11 -4 -12 -4 -11 -4 -11 -4 -12 -4 -12 -4 -12 -4 -12 -4 -12 -3 -13 -3 -13 -3 -13 -4 -13 -3 -13 -4 -13 -4 -13 -3 -14 -4 -14 -4 -13 -4 -13 -4 0 0 0 0 0 0 0 0 0 0]"
"1769326797526983,CSI_DATA,STATION,00:00:00:00:00:00,0,0,0,0,0,0,0,0,0,0,0,0,0,0,0,0,0,0,0,0,0,128,[84 -64 4 0 0 0 0 0 0 0 0 0 8 5 8 6 8 6 7 6 7 6 7 7 7 7 6 7 7 7 7 8 7 7 6 7 7 8 7 8 6 8 6 8 6 8 6 8 6 8 6 8 6 8 6 8 6 8 6 8 6 8 6 8 0 0 6 8 7 8 7 7 7 8 7 8 7 8 7 8 8 8 7 7 8 7 8 7 8 8 8 8 9 8 9 8 9 8 9 7 9 7 9 7 9 8 9 8 9 8 10 8 10 8 10 8 9 8 0 0 0 0 0 0 0 0 0 0]"
"1769326797531303,CSI_DATA,STATION,00:00:00:00:00:00,0,0,0,0,0,0,0,0,0,0,0,0,0,0,0,0,0,0,0,0,0,128,[84 -64 4 0 0 0 0 0 0 0 0 0 7 -7 7 -7 8 -7 7 -7 8 -6 8 -6 8 -6 9 -6 8 -6 9 -6 9 -6 9 -6 9 -5 9 -5 9 -5 9 -5 9 -5 9 -5 9 -5 10 -5 9 -5 9 -5 9 -5 9 -5 10 -5 9 -6 0 0 9 -5 10 -5 9 -5 9 -6 9 -5 10 -6 10 -6 10 -6 9 -6 9 -7 9 -7 10 -6 10 -6 10 -6 10 -7 10 -7 10 -7 10 -8 10 -7 10 -8 10 -8 10 -7 11 -8 10 -8 10 -8 10 -8 0 0 0 0 0 0 0 0 0 0]"
"1769326797535715,CSI_DATA,STATION,00:00:00:00:00:00,0,0,0,0,0,0,0,0,0,0,0,0,0,0,0,0,0,0,0,0,0,128,[84 -64 4 0 0 0 0 0 0 0 0 0 -4 -10 -4 -10 -4 -10 -4 -10 -4 -11 -3 -11 -3 -10 -3 -11 -3 -11 -2 -11 -2 -11 -2 -11 -2 -11 -2 -12 -2 -12 -2 -11 -1 -11 -2 -11 -2 -11 -2 -12 -2 -11 -2 -11 -1 -11 -2 -11 -2 -11 -2 -12 0 0 -2 -12 -2 -11 -2 -11 -2 -11 -3 -11 -3 -11 -3 -11 -3 -11 -3 -12 -3 -12 -3 -12 -3 -12 -4 -12 -4 -12 -4 -12 -4 -12 -4 -12 -4 -13 -4 -13 -4 -13 -4 -13 -5 -13 -4 -13 -5 -13 -5 -13 -5 -13 0 0 0 0 0 0 0 0 0 0]"
"1769326797542399,CSI_DATA,STATION,00:00:00:00:00:00,0,0,0,0,0,0,0,0,0,0,0,0,0,0,0,0,0,0,0,0,0,128,[84 -64 4 0 0 0 0 0 0 0 0 0 7 6 6 7 6 7 6 7 6 7 6 8 5 8 5 8 5 9 5 8 5 9 5 9 5 9 5 9 5 9 4 9 4 9 4 9 4 9 4 10 4 9 4 9 4 9 4 9 5 9 4 9 0 0 4 9 5 9 5 9 5 9 6 9 5 9 5 9 6 9 5 9 5 9 6 8 7 9 7 9 7 10 6 9 7 10 7 9 8 10 7 10 7 10 7 10 7 10 7 10 8 10 8 10 8 10 0 0 0 0 0 0 0 0 0 0]"
"1769326797546782,CSI_DATA,STATION,00:00:00:00:00:00,0,0,0,0,0,0,0,0,0,0,0,0,0,0,0,0,0,0,0,0,0,128,[84 -64 4 0 0 0 0 0 0 0 0 0 -10 -3 -10 -4 -10 -4 -10 -4 -10 -5 -10 -5 -10 -5 -10 -5 -9 -6 -10 -6 -10 -5 -10 -5 -10 -6 -10 -6 -10 -6 -10 -6 -9 -6 -9 -6 -9 -7 -9 -7 -10 -6 -9 -7 -9 -6 -10 -6 -9 -6 -9 -6 0 0 -9 -6 -10 -6 -10 -6 -10 -6 -10 -6 -10 -6 -10 -6 -11 -6 -11 -6 -11 -6 -11 -5 -11 -5 -11 -5 -11 -5 -12 -5 -12 -5 -12 -6 -12 -6 -12 -5 -13 -6 -12 -5 -13 -6 -12 -6 -13 -5 -12 -5 -13 -5 0 0 0 0 0 0 0 0 0 0]"
"1769326797551218,CSI_DATA,STATION,00:00:00:00:00:00,0,0,0,0,0,0,0,0,0,0,0,0,0,0,0,0,0,0,0,0,0,128,[84 -64 4 0 0 0 0 0 0 0 0 0 -1 -10 -1 -11 -1 -11 0 -11 1 -11 1 -11 1 -11 2 -11 1 -11 2 -11 1 -11 2 -11 2 -11 2 -11 2 -11 2 -11 3 -11 2 -11 2 -11 3 -11 3 -11 3 -10 3 -11 2 -11 2 -11 2 -11 0 0 2 -11 2 -10 2 -11 1 -11 1 -11 2 -11 2 -11 1 -11 2 -12 1 -12 1 -12 1 -12 1 -12 1 -12 1 -13 1 -13 1 -13 1 -13 1 -13 1 -13 1 -13 1 -14 0 -13 0 -13 0 -14 1 -14 0 0 0 0 0 0 0 0 0 0]"
"1769326797557902,CSI_DATA,STATION,00:00:00:00:00:00,0,0,0,0,0,0,0,0,0,0,0,0,0,0,0,0,0,0,0,0,0,128,[84 -64 4 0 0 0 0 0 0 0 0 0 8 -6 8 -6 9 -5 9 -5 9 -5 9 -5 9 -4 9 -4 10 -4 9 -4 9 -5 9 -5 10 -4 9 -4 10 -4 9 -4 10 -4 9 -3 10 -3 10 -3 10 -3 10 -3 10 -3 10 -4 10 -4 10 -4 0 0 10 -4 10 -4 10 -4 10 -4 10 -4 10 -5 10 -4 10 -5 10 -5 10 -5 10 -5 10 -5 10 -6 11 -5 11 -6 11 -6 11 -6 11 -7 11 -6 11 -6 11 -6 11 -6 12 -6 11 -7 11 -7 11 -7 0 0 0 0 0 0 0 0 0 0]"
"1769326797562356,CSI_DATA,STATION,00:00:00:00:00:00,0,0,0,0,0,0,0,0,0,0,0,0,0,0,0,0,0,0,0,0,0,128,[84 -64 4 0 0 0 0 0 0 0 0 0 -9 5 -9 5 -10 4 -10 4 -10 4 -10 4 -10 4 -10 4 -10 3 -11 3 -11 3 -10 3 -11 3 -10 2 -11 2 -10 3 -11 2 -11 2 -12 2 -11 1 -11 1 -11 1 -11 2 -11 2 -11 2 -11 3 0 0 -11 2 -11 3 -11 2 -11 3 -12 2 -11 3 -12 2 -12 3 -11 3 -11 3 -11 4 -12 3 -12 4 -12 3 -11 3 -12 4 -12 3 -13 4 -12 4 -12 4 -12 4 -13 4 -13 4 -13 4 -13 4 -13 4 0 0 0 0 0 0 0 0 0 0]"
"1769326797566826,CSI_DATA,STATION,00:00:00:00:00:00,0,0,0,0,0,0,0,0,0,0,0,0,0,0,0,0,0,0,0,0,0,128,[84 -64 4 0 0 0 0 0 0 0 0 0 -5 -9 -6 -9 -6 -9 -5 -10 -5 -10 -5 -9 -4 -11 -4 -11 -4 -11 -4 -11 -4 -11 -4 -11 -4 -11 -3 -11 -4 -11 -4 -11 -3 -11 -3 -11 -3 -11 -3 -11 -3 -11 -3 -11 -3 -11 -3 -11 -4 -11 -3 -11 0 0 -4 -10 -4 -11 -4 -11 -4 -11 -4 -11 -4 -11 -4 -11 -5 -11 -5 -11 -5 -11 -5 -11 -5 -11 -5 -11 -5 -12 -6 -12 -6 -11 -6 -12 -6 -12 -6 -12 -6 -12 -6 -12 -6 -12 -6 -13 -7 -12 -7 -12 -6 -12 0 0 0 0 0 0 0 0 0 0]"
"1769326797573471,CSI_DATA,STATION,00:00:00:00:00:00,0,0,0,0,0,0,0,0,0,0,0,0,0,0,0,0,0,0,0,0,0,128,[84 -64 4 0 0 0 0 0 0 0 0 0 9 3 8 4 9 4 9 4 9 4 9 5 9 5 8 6 8 5 9 6 9 6 8 5 8 6 8 6 8 7 8 6 8 6 8 6 8 6 8 7 8 6 8 6 8 6 9 6 8 6 8 6 0 0 8 6 8 6 9 6 8 5 8 6 9 6 9 6 9 6 9 6 9 5 9 5 10 6 10 5 11 6 10 5 11 5 11 5 11 5 10 5 10 5 11 5 11 6 12 5 11 5 11 6 12 6 0 0 0 0 0 0 0 0 0 0]"
"1769326797577916,CSI_DATA,STATION,00:00:00:00:00:00,0,0,0,0,0,0,0,0,0,0,0,0,0,0,0,0,0,0,0,0,0,128,[84 -64 4 0 0 0 0 0 0 0 0 0 -10 3 -10 3 -10 3 -11 2 -10 2 -10 2 -11 2 -11 2 -11 1 -12 1 -11 2 -11 1 -11 0 -11 0 -11 0 -11 0 -11 0 -11 0 -11 1 -11 0 -11 0 -11 0 -11 0 -12 0 -11 0 -11 1 0 0 -11 1 -11 1 -12 1 -11 2 -12 1 -11 1 -12 1 -12 1 -12 2 -12 1 -12 1 -12 2 -12 2 -13 2 -12 2 -12 3 -13 2 -13 2 -13 3 -13 3 -13 3 -14 3 -13 3 -13 3 -13 3 -13 3 0 0 0 0 0 0 0 0 0 0]"
"1769326797582356,CSI_DATA,STATION,00:00:00:00:00:00,0,0,0,0,0,0,0,0,0,0,0,0,0,0,0,0,0,0,0,0,0,128,[84 -64 4 0 0 0 0 0 0 0 0 0 -7 6 -8 7 -8 6 -9 6 -9 5 -9 6 -9 5 -9 5 -10 5 -10 5 -10 6 -10 5 -9 5 -10 5 -10 4 -10 4 -10 5 -10 4 -11 4 -11 4 -10 4 -10 4 -9 4 -10 4 -10 4 -10 5 0 0 -11 5 -10 5 -10 5 -10 5 -10 5 -10 5 -10 5 -10 5 -10 6 -10 6 -10 7 -11 6 -10 7 -11 7 -10 6 -11 7 -10 7 -11 7 -10 7 -11 7 -11 7 -11 7 -11 7 -11 8 -11 8 -11 8 0 0 0 0 0 0 0 0 0 0]"
"1769326797589059,CSI_DATA,STATION,00:00:00:00:00:00,0,0,0,0,0,0,0,0,0,0,0,0,0,0,0,0,0,0,0,0,0,128,[84 -64 4 0 0 0 0 0 0 0 0 0 -4 9 -5 8 -5 8 -5 8 -6 8 -7 9 -6 9 -7 8 -6 8 -7 8 -7 8 -7 8 -7 8 -8 8 -8 7 -7 8 -7 8 -7 8 -7 8 -8 7 -8 7 -8 7 -8 8 -8 8 -8 8 -8 8 0 0 -8 8 -7 8 -7 8 -7 8 -7 8 -8 8 -7 8 -8 8 -7 9 -7 9 -7 9 -7 9 -7 9 -7 9 -7 10 -7 10 -7 10 -7 11 -7 11 -8 11 -8 11 -8 11 -8 11 -7 11 -7 11 -7 11 0 0 0 0 0 0 0 0 0 0]"
"1769326797593522,CSI_DATA,STATION,00:00:00:00:00:00,0,0,0,0,0,0,0,0,0,0,0,0,0,0,0,0,0,0,0,0,0,128,[84 -64 4 0 0 0 0 0 0 0 0 0 -5 10 -5 11 -5 10 -5 10 -5 10 -6 10 -6 9 -6 10 -7 10 -7 9 -7 10 -7 10 -7 10 -7 9 -8 9 -7 9 -7 9 -8 9 -8 8 -8 9 -8 9 -7 9 -8 9 -7 9 -7 8 -7 9 0 0 -7 9 -7 9 -7 9 -7 9 -7 10 -7 9 -7 10 -7 10 -7 10 -7 10 -7 10 -7 11 -7 11 -6 11 -7 11 -7 11 -6 11 -6 12 -6 12 -6 12 -7 12 -7 12 -6 12 -6 12 -6 13 -7 13 0 0 0 0 0 0 0 0 0 0]"
"1769326797598040,CSI_DATA,STATION,00:00:00:00:00:00,0,0,0,0,0,0,0,0,0,0,0,0,0,0,0,0,0,0,0,0,0,128,[84 -64 4 0 0 0 0 0 0 0 0 0 -10 -1 -10 -1 -10 -2 -11 -2 -11 -3 -11 -3 -10 -3 -10 -3 -10 -4 -10 -4 -11 -4 -10 -4 -11 -4 -11 -4 -11 -5 -10 -5 -10 -5 -10 -5 -11 -5 -10 -5 -10 -5 -10 -5 -10 -5 -11 -5 -10 -5 -10 -5 0 0 -10 -5 -10 -5 -11 -4 -10 -4 -11 -5 -11 -5 -11 -5 -11 -5 -11 -4 -11 -4 -11 -4 -12 -4 -12 -4 -12 -4 -11 -4 -12 -4 -12 -4 -12 -4 -13 -4 -13 -5 -13 -5 -13 -5 -13 -4 -13 -4 -13 -5 -14 -4 0 0 0 0 0 0 0 0 0 0]"
"1769326797602521,CSI_DATA,STATION,00:00:00:00:00:00,0,0,0,0,0,0,0,0,0,0,0,0,0,0,0,0,0,0,0,0,0,128,[84 -64 4 0 0 0 0 0 0 0 0 0 -10 4 -10 4 -11 4 -11 4 -12 3 -11 3 -11 3 -12 3 -12 2 -12 2 -12 2 -12 2 -12 1 -12 1 -12 2 -12 2 -12 1 -12 1 -13 1 -13 1 -12 0 -12 0 -12 0 -12 1 -12 1 -12 1 0 0 -12 1 -12 1 -12 1 -12 2 -12 1 -12 1 -12 1 -13 1 -12 2 -12 2 -13 3 -13 2 -13 2 -13 2 -13 3 -13 2 -13 2 -13 3 -13 3 -14 2 -14 3 -14 3 -14 2 -14 3 -14 3 -14 3 0 0 0 0 0 0 0 0 0 0]"
"1769326797609227,CSI_DATA,STATION,00:00:00:00:00:00,0,0,0,0,0,0,0,0,0,0,0,0,0,0,0,0,0,0,0,0,0,128,[84 -64 4 0 0 0 0 0 0 0 0 0 -2 11 -3 10 -3 11 -3 12 -3 11 -4 11 -4 11 -4 11 -4 10 -5 10 -5 10 -5 10 -5 10 -5 10 -5 10 -5 10 -6 11 -5 10 -6 10 -6 10 -6 10 -6 10 -6 10 -6 10 -5 10 -6 10 0 0 -6 11 -5 10 -5 11 -5 11 -5 11 -5 10 -5 10 -5 11 -4 11 -5 11 -5 12 -4 11 -5 12 -4 12 -5 12 -4 12 -4 12 -4 13 -4 13 -4 13 -4 13 -4 13 -4 13 -4 13 -4 13 -4 13 0 0 0 0 0 0 0 0 0 0]"
"1769326797613685,CSI_DATA,STATION,00:00:00:00:00:00,0,0,0,0,0,0,0,0,0,0,0,0,0,0,0,0,0,0,0,0,0,128,[84 -64 4 0 0 0 0 0 0 0 0 0 7 -6 8 -6 8 -6 8 -6 9 -6 8 -5 9 -5 9 -5 9 -5 10 -4 9 -5 9 -4 10 -4 10 -4 10 -4 9 -4 9 -4 9 -4 10 -4 10 -4 10 -4 10 -4 10 -4 10 -4 10 -4 10 -5 0 0 9 -4 10 -4 9 -4 9 -5 10 -5 10 -5 10 -5 10 -5 10 -5 10 -6 10 -6 10 -6 10 -6 10 -6 10 -7 10 -7 10 -7 11 -7 10 -7 10 -7 10 -7 10 -7 11 -7 11 -7 11 -8 11 -8 0 0 0 0 0 0 0 0 0 0]"
"1769326797618175,CSI_DATA,STATION,00:00:00:00:00:00,0,0,0,0,0,0,0,0,0,0,0,0,0,0,0,0,0,0,0,0,0,128,[84 -64 4 0 0 0 0 0 0 0 0 0 -7 7 -7 6 -8 7 -8 6 -9 6 -8 6 -9 6 -9 6 -8 6 -10 5 -9 5 -9 5 -10 4 -10 5 -10 5 -9 5 -9 4 -10 4 -10 5 -11 4 -10 5 -10 4 -10 5 -10 4 -10 4 -10 5 0 0 -10 5 -10 5 -10 5 -10 6 -10 5 -10 5 -10 5 -10 5 -10 6 -10 6 -10 6 -10 6 -10 6 -10 6 -10 7 -10 6 -11 6 -10 7 -11 7 -11 7 -11 7 -11 7 -11 7 -11 7 -11 8 -11 8 0 0 0 0 0 0 0 0 0 0]"
"1769326797624829,CSI_DATA,STATION,00:00:00:00:00:00,0,0,0,0,0,0,0,0,0,0,0,0,0,0,0,0,0,0,0,0,0,128,[84 -64 4 0 0 0 0 0 0 0 0 0 -16 -5 -16 -5 -16 -6 -16 -6 -16 -7 -16 -7 -15 -7 -15 -7 -15 -8 -16 -8 -15 -9 -15 -9 -16 -9 -15 -9 -15 -10 -15 -9 -14 -9 -15 -9 -15 -10 -15 -10 -14 -10 -15 -10 -14 -9 -14 -10 -15 -10 -14 -9 0 0 -14 -9 -15 -9 -15 -9 -15 -8 -16 -9 -15 -9 -16 -9 -16 -9 -16 -8 -16 -8 -16 -8 -17 -8 -17 -8 -17 -8 -17 -8 -17 -7 -18 -8 -18 -8 -18 -7 -18 -7 -18 -8 -19 -8 -19 -9 -19 -8 -19 -8 -19 -7 0 0 0 0 0 0 0 0 0 0]"
"1769326797629119,CSI_DATA,STATION,00:00:00:00:00:00,0,0,0,0,0,0,0,0,0,0,0,0,0,0,0,0,0,0,0,0,0,128,[84 -64 4 0 0 0 0 0 0 0 0 0 3 -18 3 -19 4 -19 4 -18 4 -19 5 -19 6 -19 5 -19 6 -19 6 -18 7 -18 7 -18 7 -18 7 -18 7 -18 8 -18 7 -17 7 -17 7 -18 8 -18 8 -17 8 -18 7 -17 7 -17 7 -18 7 -18 0 0 6 -18 6 -18 6 -18 6 -19 6 -18 6 -19 6 -19 5 -19 5 -19 5 -19 5 -20 4 -19 4 -20 4 -20 4 -21 4 -21 3 -21 3 -21 3 -21 3 -22 3 -22 3 -22 3 -22 2 -22 3 -22 2 -22 0 0 0 0 0 0 0 0 0 0]"
"1769326797635571,CSI_DATA,STATION,00:00:00:00:00:00,0,0,0,0,0,0,0,0,0,0,0,0,0,0,0,0,0,0,0,0,0,128,[84 -64 4 0 0 0 0 0 0 0 0 0 8 6 8 7 8 7 7 7 7 8 7 8 7 9 6 8 6 8 7 9 6 9 6 9 6 9 6 9 6 10 6 9 6 9 5 9 6 10 6 10 6 9 6 9 6 9 6 9 6 10 6 9 0 0 6 9 7 9 7 9 6 9 7 9 8 9 7 9 8 9 8 9 8 9 8 8 8 9 8 9 9 8 9 9 9 8 10 8 10 8 10 8 9 9 10 9 10 9 10 9 11 8 10 9 10 9 0 0 0 0 0 0 0 0 0 0]"
"1769326797644108,CSI_DATA,STATION,00:00:00:00:00:00,0,0,0,0,0,0,0,0,0,0,0,0,0,0,0,0,0,0,0,0,0,128,[84 -64 4 0 0 0 0 0 0 0 0 0 -4 -11 -4 -11 -4 -11 -4 -11 -3 -12 -3 -12 -3 -12 -3 -12 -3 -12 -2 -12 -3 -12 -2 -13 -2 -12 -1 -12 -2 -12 -2 -12 -1 -12 -2 -12 -2 -13 -1 -12 -1 -12 -2 -12 -1 -12 -1 -12 -2 -12 -2 -12 0 0 -2 -12 -2 -12 -2 -11 -2 -12 -2 -12 -3 -12 -3 -12 -3 -12 -3 -12 -3 -13 -3 -13 -3 -13 -3 -13 -3 -13 -4 -13 -4 -14 -4 -13 -4 -14 -4 -13 -4 -14 -4 -14 -4 -13 -4 -14 -5 -14 -4 -14 -4 -14 0 0 0 0 0 0 0 0 0 0]"
"1769326797650465,CSI_DATA,STATION,00:00:00:00:00:00,0,0,0,0,0,0,0,0,0,0,0,0,0,0,0,0,0,0,0,0,0,128,[84 -64 4 0 0 0 0 0 0 0 0 0 -10 -4 -10 -4 -10 -5 -10 -5 -10 -5 -10 -5 -9 -5 -9 -6 -9 -6 -9 -7 -9 -6 -9 -6 -9 -7 -9 -7 -9 -7 -9 -7 -9 -7 -9 -7 -9 -7 -9 -7 -9 -7 -9 -7 -9 -7 -9 -7 -9 -7 -9 -7 0 0 -9 -7 -9 -7 -10 -7 -9 -7 -10 -6 -10 -7 -10 -7 -10 -7 -10 -6 -10 -6 -10 -6 -11 -7 -10 -6 -11 -6 -11 -7 -11 -6 -12 -7 -11 -7 -12 -7 -12 -7 -11 -7 -12 -7 -12 -7 -13 -7 -12 -7 -12 -7 0 0 0 0 0 0 0 0 0 0]"
"1769326797656854,CSI_DATA,STATION,00:00:00:00:00:00,0,0,0,0,0,0,0,0,0,0,0,0,0,0,0,0,0,0,0,0,0,128,[84 -64 4 0 0 0 0 0 0 0 0 0 2 -12 2 -11 2 -12 3 -11 3 -11 3 -12 4 -12 4 -11 4 -11 4 -11 4 -11 5 -11 4 -11 4 -11 4 -11 5 -11 5 -11 5 -12 5 -11 5 -11 5 -11 5 -11 5 -11 5 -11 4 -11 4 -11 0 0 4 -11 5 -11 4 -11 4 -12 4 -12 4 -11 4 -12 4 -11 4 -12 4 -12 3 -13 3 -12 3 -12 3 -12 3 -13 3 -13 3 -13 3 -13 3 -14 3 -14 3 -14 3 -14 3 -14 3 -14 3 -15 2 -14 0 0 0 0 0 0 0 0 0 0]"
"1769326797661149,CSI_DATA,STATION,00:00:00:00:00:00,0,0,0,0,0,0,0,0,0,0,0,0,0,0,0,0,0,0,0,0,0,128,[84 -64 4 0 0 0 0 0 0 0 0 0 6 -10 7 -10 7 -9 7 -9 7 -9 7 -9 8 -8 9 -8 9 -8 8 -8 8 -9 8 -8 9 -9 9 -8 9 -8 9 -7 9 -8 9 -8 9 -8 9 -7 9 -7 9 -7 9 -7 9 -8 9 -7 9 -8 0 0 9 -8 8 -8 9 -8 8 -8 8 -8 9 -8 9 -8 8 -9 9 -9 9 -9 8 -10 8 -9 9 -9 9 -9 9 -10 9 -10 8 -10 9 -11 9 -11 8 -11 9 -10 9 -10 8 -11 8 -11 9 -11 8 -11 0 0 0 0 0 0 0 0 0 0]"
"1769326797665505,CSI_DATA,STATION,00:00:00:00:00:00,0,0,0,0,0,0,0,0,0,0,0,0,0,0,0,0,0,0,0,0,0,128,[84 -64 4 0 0 0 0 0 0 0 0 0 7 -7 7 -7 8 -7 7 -6 8 -7 7 -7 8 -6 8 -6 8 -6 8 -6 9 -6 9 -6 9 -5 9 -5 9 -5 9 -6 9 -5 9 -5 9 -5 9 -5 9 -5 9 -5 9 -5 10 -5 9 -5 9 -5 0 0 9 -5 9 -5 9 -5 9 -6 9 -6 9 -6 9 -6 9 -6 9 -6 9 -6 9 -6 10 -6 10 -7 10 -6 10 -7 9 -7 10 -7 10 -8 10 -7 10 -8 10 -7 10 -7 11 -8 10 -8 10 -8 11 -8 0 0 0 0 0 0 0 0 0 0]"
"1769326797672101,CSI_DATA,STATION,00:00:00:00:00:00,0,0,0,0,0,0,0,0,0,0,0,0,0,0,0,0,0,0,0,0,0,128,[84 -64 4 0 0 0 0 0 0 0 0 0 9 5 9 5 9 6 9 6 8 6 8 7 8 8 8 7 8 8 8 7 8 8 8 8 8 8 8 8 8 9 7 8 7 8 7 8 8 9 7 9 7 9 7 9 7 8 7 8 7 8 7 8 0 0 7 8 8 8 8 8 8 8 8 8 8 8 8 8 9 8 8 7 8 7 9 7 9 7 9 8 10 8 10 7 10 8 10 7 11 8 10 8 10 8 10 8 10 8 10 8 11 7 11 8 11 7 0 0 0 0 0 0 0 0 0 0]"
"1769326797676557,CSI_DATA,STATION,00:00:00:00:00:00,0,0,0,0,0,0,0,0,0,0,0,0,0,0,0,0,0,0,0,0,0,128,[84 -64 4 0 0 0 0 0 0 0 0 0 0 -17 0 -17 0 -17 1 -17 1 -18 2 -17 2 -17 3 -17 3 -17 3 -17 3 -17 4 -17 4 -17 4 -17 4 -16 5 -17 4 -16 4 -17 4 -17 5 -17 5 -16 5 -17 5 -16 4 -16 4 -16 4 -16 0 0 4 -16 4 -17 3 -16 4 -17 3 -17 3 -17 3 -17 3 -18 3 -17 3 -18 2 -18 2 -18 2 -18 2 -18 2 -19 1 -19 1 -20 1 -19 1 -19 1 -20 2 -20 1 -20 1 -21 0 -20 1 -21 1 -20 0 0 0 0 0 0 0 0 0 0]"
"1769326797681034,CSI_DATA,STATION,00:00:00:00:00:00,0,0,0,0,0,0,0,0,0,0,0,0,0,0,0,0,0,0,0,0,0,128,[84 -64 4 0 0 0 0 0 0 0 0 0 5 -8 6 -8 5 -8 6 -8 7 -8 7 -8 7 -7 7 -7 8 -8 8 -7 7 -7 8 -7 8 -7 8 -7 9 -7 8 -6 8 -6 8 -6 8 -6 9 -6 9 -6 9 -6 8 -6 8 -7 8 -6 8 -7 0 0 8 -7 8 -6 9 -6 8 -7 8 -7 9 -7 9 -7 9 -7 8 -7 9 -8 8 -8 8 -8 9 -8 9 -8 9 -8 9 -9 9 -9 9 -9 9 -9 9 -9 9 -9 9 -9 9 -9 9 -9 9 -9 10 -9 0 0 0 0 0 0 0 0 0 0]"
"1769326797685498,CSI_DATA,STATION,00:00:00:00:00:00,0,0,0,0,0,0,0,0,0,0,0,0,0,0,0,0,0,0,0,0,0,128,[84 -64 4 0 0 0 0 0 0 0 0 0 3 -11 3 -11 3 -11 3 -11 4 -11 4 -12 5 -11 5 -11 5 -11 5 -10 5 -11 6 -10 6 -11 6 -10 6 -10 6 -10 6 -10 6 -11 6 -11 7 -10 6 -10 6 -10 6 -10 6 -10 5 -10 6 -10 0 0 5 -11 5 -10 6 -10 5 -11 5 -11 5 -11 5 -11 5 -12 5 -11 5 -11 5 -12 5 -12 4 -11 5 -12 5 -13 5 -13 5 -13 5 -13 5 -13 5 -13 5 -13 4 -13 5 -13 5 -13 5 -14 4 -13 0 0 0 0 0 0 0 0 0 0]"
"1769326797692247,CSI_DATA,STATION,00:00:00:00:00:00,0,0,0,0,0,0,0,0,0,0,0,0,0,0,0,0,0,0,0,0,0,128,[84 -64 4 0 0 0 0 0 0 0 0 0 -5 -11 -4 -11 -4 -12 -4 -11 -4 -12 -3 -12 -3 -12 -3 -12 -3 -12 -3 -12 -2 -12 -2 -12 -2 -12 -2 -12 -2 -12 -2 -12 -1 -12 -1 -13 -2 -12 -2 -12 -2 -12 -2 -12 -1 -12 -2 -12 -2 -12 -2 -12 0 0 -2 -12 -2 -12 -2 -12 -2 -13 -2 -12 -2 -12 -3 -12 -3 -13 -3 -12 -3 -13 -3 -12 -4 -13 -4 -13 -3 -13 -4 -13 -4 -13 -4 -14 -4 -13 -4 -13 -4 -14 -4 -14 -4 -14 -5 -14 -4 -14 -5 -14 -5 -14 0 0 0 0 0 0 0 0 0 0]"
"1769326797696632,CSI_DATA,STATION,00:00:00:00:00:00,0,0,0,0,0,0,0,0,0,0,0,0,0,0,0,0,0,0,0,0,0,128,[84 -64 4 0 0 0 0 0 0 0 0 0 4 11 4 12 3 12 3 12 3 12 3 12 2 12 2 12 1 13 1 12 1 13 1 12 0 13 1 13 1 13 1 12 0 13 1 13 0 13 0 13 0 12 0 12 0 12 0 13 1 12 1 13 0 0 1 13 2 12 2 13 1 12 2 13 2 13 2 13 2 13 2 13 2 13 2 13 2 14 3 14 3 14 3 14 3 14 3 14 3 14 4 14 3 15 4 14 4 14 4 14 4 15 4 15 4 15 0 0 0 0 0 0 0 0 0 0]"
"1769326797703301,CSI_DATA,STATION,00:00:00:00:00:00,0,0,0,0,0,0,0,0,0,0,0,0,0,0,0,0,0,0,0,0,0,128,[84 -64 4 0 0 0 0 0 0 0 0 0 -11 4 -11 3 -12 3 -11 3 -12 3 -12 2 -12 2 -12 1 -12 2 -12 1 -12 2 -12 2 -12 1 -12 1 -12 0 -12 1 -12 0 -12 0 -13 0 -12 0 -12 0 -12 0 -12 0 -13 0 -12 0 -12 1 0 0 -12 1 -13 1 -12 1 -12 2 -13 1 -13 1 -13 1 -13 1 -12 2 -13 2 -13 2 -13 2 -13 2 -13 3 -13 2 -13 3 -14 2 -13 3 -14 3 -14 3 -14 3 -14 3 -14 3 -14 3 -14 3 -14 4 0 0 0 0 0 0 0 0 0 0]"
"1769326797707750,CSI_DATA,STATION,00:00:00:00:00:00,0,0,0,0,0,0,0,0,0,0,0,0,0,0,0,0,0,0,0,0,0,128,[84 -64 4 0 0 0 0 0 0 0 0 0 1 11 0 11 1 11 0 11 0 11 0 11 -1 11 -1 11 -1 11 -1 12 -2 12 -2 11 -2 11 -2 11 -2 11 -2 11 -2 11 -3 12 -3 11 -2 11 -2 11 -2 11 -2 11 -3 12 -2 11 -2 11 0 0 -2 11 -1 11 -1 11 -2 11 -1 12 -1 11 -1 12 -1 11 -1 11 -1 12 -1 12 -1 12 -1 12 0 12 -1 13 -1 13 0 13 0 13 0 13 0 13 0 13 0 13 0 13 0 13 0 13 0 13 0 0 0 0 0 0 0 0 0 0]"
"1769326797712232,CSI_DATA,STATION,00:00:00:00:00:00,0,0,0,0,0,0,0,0,0,0,0,0,0,0,0,0,0,0,0,0,0,128,[84 -64 4 0 0 0 0 0 0 0 0 0 9 -1 9 0 10 0 10 0 10 0 10 1 10 0 10 1 10 1 10 2 10 1 9 2 10 2 10 2 10 2 9 2 9 3 10 2 10 3 10 3 10 3 10 2 9 2 10 2 10 2 10 3 0 0 10 2 10 2 10 2 10 2 11 2 10 2 10 1 11 2 11 1 10 1 11 1 11 1 12 1 12 1 11 1 12 1 12 1 12 1 12 0 12 0 12 0 12 1 13 0 13 0 12 1 13 0 0 0 0 0 0 0 0 0 0 0]"
"1769326797716681,CSI_DATA,STATION,00:00:00:00:00:00,0,0,0,0,0,0,0,0,0,0,0,0,0,0,0,0,0,0,0,0,0,128,[84 -64 4 0 0 0 0 0 0 0 0 0 -8 -14 -8 -15 -8 -16 -8 -16 -7 -16 -7 -16 -6 -16 -6 -17 -5 -17 -6 -17 -5 -17 -5 -16 -5 -17 -5 -17 -4 -17 -4 -17 -4 -17 -4 -16 -4 -17 -4 -17 -4 -17 -4 -17 -4 -16 -4 -17 -4 -17 -4 -17 0 0 -4 -17 -5 -17 -5 -17 -5 -17 -5 -17 -5 -17 -5 -17 -6 -17 -6 -17 -7 -17 -7 -17 -7 -17 -7 -17 -7 -17 -7 -18 -7 -18 -8 -18 -8 -18 -8 -18 -8 -18 -8 -18 -8 -18 -8 -19 -9 -19 -9 -18 -9 -18 0 0 0 0 0 0 0 0 0 0]"
"1769326797723335,CSI_DATA,STATION,00:00:00:00:00:00,0,0,0,0,0,0,0,0,0,0,0,0,0,0,0,0,0,0,0,0,0,128,[84 -64 4 0 0 0 0 0 0 0 0 0 -5 -11 -5 -11 -4 -12 -4 -11 -5 -12 -4 -11 -4 -12 -3 -12 -3 -12 -4 -12 -3 -12 -3 -12 -2 -12 -2 -12 -2 -12 -3 -12 -3 -12 -2 -12 -2 -12 -3 -12 -3 -12 -3 -12 -2 -12 -2 -12 -3 -12 -3 -12 0 0 -3 -12 -4 -12 -3 -11 -4 -13 -4 -12 -4 -12 -4 -12 -4 -12 -4 -12 -4 -12 -4 -13 -5 -12 -5 -12 -5 -12 -5 -13 -6 -12 -6 -13 -6 -13 -6 -13 -6 -13 -6 -13 -7 -13 -7 -13 -7 -13 -6 -13 -6 -13 0 0 0 0 0 0 0 0 0 0]"
"1769326797727705,CSI_DATA,STATION,00:00:00:00:00:00,0,0,0,0,0,0,0,0,0,0,0,0,0,0,0,0,0,0,0,0,0,128,[84 -64 4 0 0 0 0 0 0 0 0 0 8 6 8 6 8 7 8 7 8 7 8 8 8 7 8 8 7 8 7 9 7 8 7 8 7 9 7 8 7 9 6 9 7 9 6 8 7 9 6 9 6 9 6 9 6 9 7 9 6 9 7 9 0 0 7 8 7 9 7 9 7 8 8 9 8 9 7 9 8 9 7 8 8 9 8 8 8 9 9 9 9 9 8 9 9 9 9 8 9 8 9 8 9 9 10 8 9 9 9 9 10 9 10 9 10 9 0 0 0 0 0 0 0 0 0 0]"
"1769326797732042,CSI_DATA,STATION,00:00:00:00:00:00,0,0,0,0,0,0,0,0,0,0,0,0,0,0,0,0,0,0,0,0,0,128,[84 -64 4 0 0 0 0 0 0 0 0 0 -5 10 -5 10 -5 10 -5 9 -6 10 -6 9 -6 10 -7 9 -7 10 -8 9 -7 10 -8 9 -8 9 -8 9 -8 8 -8 9 -8 9 -8 9 -8 8 -8 8 -8 8 -8 9 -8 9 -8 9 -8 8 -8 9 0 0 -8 9 -8 9 -7 9 -8 9 -7 9 -8 9 -8 9 -7 9 -7 10 -7 10 -8 11 -7 10 -7 10 -7 10 -7 11 -7 10 -8 11 -7 11 -7 12 -7 11 -7 12 -8 11 -8 12 -7 12 -7 12 -7 12 0 0 0 0 0 0 0 0 0 0]"
"1769326797738554,CSI_DATA,STATION,00:00:00:00:00:00,0,0,0,0,0,0,0,0,0,0,0,0,0,0,0,0,0,0,0,0,0,128,[84 -64 4 0 0 0 0 0 0 0 0 0 -5 7 -5 8 -5 7 -6 7 -6 7 -6 7 -7 7 -7 7 -7 7 -7 6 -7 7 -7 7 -7 6 -7 6 -8 6 -8 6 -7 6 -7 6 -7 6 -8 6 -8 5 -8 6 -7 6 -7 6 -8 6 -7 7 0 0 -7 7 -8 6 -7 6 -7 6 -8 7 -8 6 -7 7 -8 7 -7 7 -7 7 -7 8 -7 7 -7 8 -7 8 -7 8 -7 8 -7 8 -7 9 -7 9 -8 8 -8 9 -8 9 -7 8 -7 9 -7 9 -8 9 0 0 0 0 0 0 0 0 0 0]"
"1769326797742859,CSI_DATA,STATION,00:00:00:00:00:00,0,0,0,0,0,0,0,0,0,0,0,0,0,0,0,0,0,0,0,0,0,128,[84 -64 4 0 0 0 0 0 0 0 0 0 10 -2 11 -3 11 -2 11 -2 11 -2 11 -2 11 -1 11 -1 11 -1 12 0 11 0 11 0 12 0 11 0 11 0 10 0 11 1 11 0 12 1 11 1 11 1 11 1 11 0 11 1 11 0 11 0 0 0 11 1 10 1 12 0 10 0 12 0 12 0 12 0 12 -1 12 -1 12 -1 12 -1 12 0 12 -1 13 -1 12 -1 13 -1 12 -2 13 -2 13 -2 13 -1 13 -1 14 -1 13 -2 14 -1 13 -2 14 -2 0 0 0 0 0 0 0 0 0 0]"
"1769326797749309,CSI_DATA,STATION,00:00:00:00:00:00,0,0,0,0,0,0,0,0,0,0,0,0,0,0,0,0,0,0,0,0,0,128,[84 -64 4 0 0 0 0 0 0 0 0 0 5 -8 6 -8 6 -7 6 -8 7 -8 7 -8 8 -8 8 -7 7 -7 8 -7 8 -7 8 -7 8 -7 8 -7 9 -6 8 -7 8 -7 8 -7 8 -6 9 -6 8 -7 8 -7 8 -7 8 -7 8 -6 8 -7 0 0 8 -7 8 -7 8 -7 8 -7 8 -8 8 -8 8 -7 8 -8 7 -8 8 -8 8 -8 8 -8 9 -8 9 -8 8 -9 8 -9 8 -9 9 -10 9 -10 9 -10 9 -9 8 -9 9 -10 8 -10 9 -10 8 -10 0 0 0 0 0 0 0 0 0 0]"
"1769326797753608,CSI_DATA,STATION,00:00:00:00:00:00,0,0,0,0,0,0,0,0,0,0,0,0,0,0,0,0,0,0,0,0,0,128,[84 -64 4 0 0 0 0 0 0 0 0 0 -6 9 -7 9 -8 8 -8 8 -8 8 -8 8 -9 8 -9 8 -9 8 -10 7 -9 7 -9 8 -9 7 -10 7 -10 7 -10 7 -9 7 -9 7 -10 7 -10 7 -10 7 -10 6 -10 7 -10 7 -9 7 -10 8 0 0 -10 7 -10 7 -10 8 -10 8 -9 7 -9 7 -9 8 -9 8 -9 9 -9 9 -9 9 -9 9 -9 9 -9 9 -9 9 -9 10 -9 9 -9 10 -9 10 -10 10 -9 10 -10 10 -9 10 -9 10 -9 11 -9 11 0 0 0 0 0 0 0 0 0 0]"
"1769326797757965,CSI_DATA,STATION,00:00:00:00:00:00,0,0,0,0,0,0,0,0,0,0,0,0,0,0,0,0,0,0,0,0,0,128,[84 -64 4 0 0 0 0 0 0 0 0 0 6 -10 7 -9 7 -9 7 -8 7 -9 7 -9 8 -9 8 -8 8 -8 9 -8 8 -8 9 -7 9 -7 9 -7 10 -7 9 -7 9 -7 9 -7 9 -7 10 -8 9 -7 9 -7 9 -7 10 -7 9 -7 9 -8 0 0 9 -8 9 -8 9 -7 9 -8 9 -8 9 -8 9 -8 9 -9 9 -9 9 -9 8 -9 9 -9 9 -9 9 -9 9 -10 9 -9 9 -10 9 -10 9 -10 9 -10 9 -10 10 -10 10 -10 9 -10 10 -10 9 -11 0 0 0 0 0 0 0 0 0 0]"
"1769326797764620,CSI_DATA,STATION,00:00:00:00:00:00,0,0,0,0,0,0,0,0,0,0,0,0,0,0,0,0,0,0,0,0,0,128,[84 -64 4 0 0 0 0 0 0 0 0 0 0 -12 0 -12 0 -12 0 -12 0 -12 1 -13 1 -12 1 -12 1 -12 2 -12 2 -12 3 -12 3 -12 3 -12 2 -12 2 -12 2 -12 3 -12 3 -12 3 -12 2 -12 2 -12 3 -12 3 -12 2 -12 2 -12 0 0 2 -12 1 -12 1 -12 1 -12 2 -12 1 -13 0 -12 1 -13 1 -13 1 -13 1 -13 1 -13 0 -13 0 -13 0 -14 0 -13 0 -14 -1 -14 0 -14 -1 -14 0 -15 -1 -14 0 -14 0 -14 -1 -15 -1 -15 0 0 0 0 0 0 0 0 0 0]"
"1769326797769017,CSI_DATA,STATION,00:00:00:00:00:00,0,0,0,0,0,0,0,0,0,0,0,0,0,0,0,0,0,0,0,0,0,128,[84 -64 4 0 0 0 0 0 0 0 0 0 6 8 6 9 6 9 6 9 5 9 6 10 5 10 4 11 5 10 4 10 4 10 5 10 5 10 4 10 4 11 4 10 4 11 3 10 4 11 4 11 4 10 4 11 4 10 4 10 5 10 4 10 0 0 5 10 5 10 5 10 5 10 5 10 5 10 5 10 5 10 5 10 5 10 6 10 6 10 6 10 6 10 6 10 7 11 7 10 7 10 7 11 7 11 7 11 7 11 7 10 8 10 8 11 8 11 0 0 0 0 0 0 0 0 0 0]"
"1769326797773449,CSI_DATA,STATION,00:00:00:00:00:00,0,0,0,0,0,0,0,0,0,0,0,0,0,0,0,0,0,0,0,0,0,128,[84 -64 4 0 0 0 0 0 0 0 0 0 -2 9 -3 9 -3 9 -3 10 -4 10 -4 10 -4 10 -5 10 -5 9 -5 9 -4 9 -5 9 -5 9 -5 9 -5 9 -5 9 -5 10 -5 10 -6 9 -6 9 -5 9 -5 9 -6 9 -5 9 -5 8 -5 9 0 0 -5 9 -5 9 -5 10 -5 9 -5 10 -5 10 -5 9 -5 10 -5 10 -5 10 -5 11 -5 10 -5 11 -4 11 -4 11 -4 11 -4 11 -4 12 -4 12 -4 12 -4 12 -4 12 -4 12 -4 12 -4 12 -4 13 0 0 0 0 0 0 0 0 0 0]"
"1769326797780116,CSI_DATA,STATION,00:00:00:00:00:00,0,0,0,0,0,0,0,0,0,0,0,0,0,0,0,0,0,0,0,0,0,128,[84 -64 4 0 0 0 0 0 0 0 0 0 -9 7 -9 6 -10 6 -10 6 -10 6 -10 6 -10 5 -11 6 -10 5 -11 5 -11 5 -11 5 -11 4 -11 5 -12 4 -11 5 -11 4 -11 4 -11 4 -12 4 -12 4 -12 4 -11 4 -11 4 -12 4 -11 4 0 0 -11 4 -11 4 -11 5 -11 5 -12 5 -11 5 -11 5 -12 5 -11 6 -11 6 -11 6 -11 6 -11 6 -11 6 -12 6 -12 7 -11 7 -12 7 -11 7 -12 7 -11 7 -12 7 -12 7 -12 8 -12 7 -12 7 0 0 0 0 0 0 0 0 0 0]"
"1769326797784510,CSI_DATA,STATION,00:00:00:00:00:00,0,0,0,0,0,0,0,0,0,0,0,0,0,0,0,0,0,0,0,0,0,128,[84 -64 4 0 0 0 0 0 0 0 0 0 9 -6 9 -6 10 -6 9 -6 10 -5 10 -5 10 -5 10 -5 11 -5 11 -4 10 -4 11 -4 11 -3 11 -3 11 -3 11 -4 10 -3 11 -4 11 -3 11 -3 10 -3 11 -3 11 -4 11 -3 11 -3 11 -4 0 0 11 -4 11 -4 10 -4 11 -5 10 -4 11 -4 11 -4 11 -5 11 -5 11 -6 11 -5 11 -5 11 -5 11 -6 11 -7 11 -7 11 -7 11 -7 11 -7 12 -8 12 -7 11 -7 12 -7 12 -7 12 -8 12 -8 0 0 0 0 0 0 0 0 0 0]"
"1769326797788966,CSI_DATA,STATION,00:00:00:00:00:00,0,0,0,0,0,0,0,0,0,0,0,0,0,0,0,0,0,0,0,0,0,128,[84 -64 4 0 0 0 0 0 0 0 0 0 -10 -6 -10 -6 -10 -7 -10 -7 -10 -7 -9 -7 -10 -7 -9 -9 -9 -8 -9 -9 -8 -9 -9 -9 -9 -9 -8 -9 -9 -10 -9 -9 -8 -9 -8 -9 -8 -9 -9 -10 -8 -9 -8 -9 -8 -9 -8 -10 -8 -9 -8 -9 0 0 -8 -9 -8 -9 -9 -9 -9 -9 -10 -9 -9 -9 -9 -9 -10 -9 -9 -9 -10 -9 -10 -9 -10 -9 -10 -9 -10 -9 -10 -9 -11 -9 -11 -9 -11 -9 -11 -9 -11 -9 -11 -9 -12 -9 -11 -10 -12 -10 -11 -10 -11 -9 0 0 0 0 0 0 0 0 0 0]"
"1769326797795668,CSI_DATA,STATION,00:00:00:00:00:00,0,0,0,0,0,0,0,0,0,0,0,0,0,0,0,0,0,0,0,0,0,128,[84 -64 4 0 0 0 0 0 0 0 0 0 -11 0 -12 0 -12 -1 -12 -2 -12 -1 -12 -2 -12 -2 -13 -3 -12 -2 -12 -3 -12 -2 -11 -2 -12 -3 -11 -3 -12 -4 -12 -3 -12 -4 -12 -3 -12 -4 -12 -4 -12 -3 -12 -4 -11 -4 -12 -4 -12 -3 -11 -3 0 0 -12 -3 -12 -3 -12 -2 -12 -2 -13 -2 -12 -3 -13 -3 -13 -2 -12 -2 -13 -2 -13 -1 -13 -2 -13 -1 -13 -1 -13 -1 -14 -1 -14 -1 -14 0 -14 0 -14 -1 -15 0 -14 -1 -14 -1 -15 -1 -14 0 -14 0 0 0 0 0 0 0 0 0 0 0]"
"1769326797800137,CSI_DATA,STATION,00:00:00:00:00:00,0,0,0,0,0,0,0,0,0,0,0,0,0,0,0,0,0,0,0,0,0,128,[84 -64 4 0 0 0 0 0 0 0 0 0 -2 11 -2 11 -3 11 -3 10 -4 11 -3 10 -4 11 -5 11 -4 11 -5 11 -4 11 -5 10 -5 11 -5 10 -6 10 -6 10 -5 10 -6 11 -6 10 -6 10 -6 10 -5 10 -5 10 -6 11 -6 10 -5 11 0 0 -5 10 -5 10 -5 10 -5 10 -5 11 -5 10 -5 10 -5 11 -5 11 -5 11 -5 12 -5 11 -4 11 -5 11 -5 12 -5 12 -4 12 -4 12 -4 13 -4 13 -4 13 -5 13 -4 13 -5 13 -4 13 -4 13 0 0 0 0 0 0 0 0 0 0]"
"1769326797811250,CSI_DATA,STATION,00:00:00:00:00:00,0,0,0,0,0,0,0,0,0,0,0,0,0,0,0,0,0,0,0,0,0,128,[84 -64 4 0 0 0 0 0 0 0 0 0 -2 -11 -1 -11 -1 -12 -1 -12 -1 -12 0 -12 0 -12 0 -12 0 -13 1 -13 1 -12 0 -12 1 -12 1 -12 1 -12 2 -12 2 -12 1 -12 2 -13 1 -12 1 -12 1 -12 1 -12 1 -12 0 -12 1 -12 0 0 1 -12 1 -12 0 -13 0 -12 0 -13 0 -13 0 -13 0 -13 0 -12 0 -13 -1 -13 -1 -13 -1 -13 -1 -13 -1 -14 -1 -14 -2 -14 -2 -14 -1 -14 -1 -14 -2 -14 -1 -14 -2 -15 -2 -14 -2 -14 -2 -15 0 0 0 0 0 0 0 0 0 0]"
"1769326797815708,CSI_DATA,STATION,00:00:00:00:00:00,0,0,0,0,0,0,0,0,0,0,0,0,0,0,0,0,0,0,0,0,0,128,[84 -64 4 0 0 0 0 0 0 0 0 0 -7 9 -7 8 -8 8 -8 8 -8 8 -9 8 -9 8 -9 7 -9 8 -10 7 -9 7 -9 7 -9 7 -10 6 -10 6 -10 7 -10 7 -10 7 -10 6 -10 6 -9 6 -10 6 -10 7 -10 6 -10 6 -10 7 0 0 -9 7 -9 7 -10 7 -10 7 -9 7 -10 7 -9 8 -10 8 -9 8 -10 9 -9 9 -9 9 -9 8 -9 9 -10 9 -9 9 -9 9 -10 10 -9 10 -9 10 -9 10 -9 10 -9 10 -9 11 -9 11 -9 11 0 0 0 0 0 0 0 0 0 0]"
"1769326797822382,CSI_DATA,STATION,00:00:00:00:00:00,0,0,0,0,0,0,0,0,0,0,0,0,0,0,0,0,0,0,0,0,0,128,[84 -64 4 0 0 0 0 0 0 0 0 0 10 14 9 15 9 16 9 16 8 16 8 16 7 17 8 17 7 17 7 17 6 18 6 17 6 18 5 17 5 18 4 18 4 18 5 17 5 18 4 18 4 17 4 18 4 17 5 18 4 18 5 17 0 0 5 18 5 17 5 18 5 17 5 18 5 18 5 18 6 18 6 18 6 18 7 17 7 18 7 18 7 18 7 19 8 19 8 19 8 19 8 19 8 19 9 19 9 19 9 20 10 19 9 20 9 20 0 0 0 0 0 0 0 0 0 0]"
"1769326797826728,CSI_DATA,STATION,00:00:00:00:00:00,0,0,0,0,0,0,0,0,0,0,0,0,0,0,0,0,0,0,0,0,0,128,[84 -64 4 0 0 0 0 0 0 0 0 0 -8 7 -9 7 -9 7 -9 7 -10 6 -10 6 -10 6 -10 6 -10 6 -11 6 -10 6 -10 6 -10 6 -10 5 -11 5 -11 6 -11 5 -10 5 -11 5 -11 5 -11 5 -11 5 -11 5 -11 5 -10 5 -11 6 0 0 -11 6 -11 6 -10 6 -10 6 -10 6 -10 6 -11 6 -10 7 -10 7 -10 7 -10 8 -11 7 -11 7 -11 8 -10 8 -10 8 -11 8 -10 8 -10 8 -11 8 -10 9 -11 8 -11 8 -11 9 -11 9 -10 9 0 0 0 0 0 0 0 0 0 0]"
"1769326797833097,CSI_DATA,STATION,00:00:00:00:00:00,0,0,0,0,0,0,0,0,0,0,0,0,0,0,0,0,0,0,0,0,0,128,[84 -64 4 0 0 0 0 0 0 0 0 0 -1 11 -1 11 -2 11 -2 10 -3 11 -3 11 -3 11 -4 11 -3 11 -4 10 -4 11 -4 11 -4 10 -4 10 -5 10 -4 11 -5 11 -4 11 -5 10 -5 10 -5 10 -4 10 -4 10 -5 10 -5 10 -4 11 0 0 -4 11 -4 10 -4 11 -4 11 -4 11 -5 10 -4 11 -4 11 -4 11 -4 11 -4 12 -4 11 -4 12 -4 12 -4 12 -4 12 -3 13 -4 13 -4 13 -4 12 -3 13 -3 13 -4 13 -3 13 -4 12 -3 13 0 0 0 0 0 0 0 0 0 0]"
"1769326797839515,CSI_DATA,STATION,00:00:00:00:00:00,0,0,0,0,0,0,0,0,0,0,0,0,0,0,0,0,0,0,0,0,0,128,[84 -64 4 0 0 0 0 0 0 0 0 0 7 7 7 8 6 8 7 8 6 8 6 9 6 9 6 9 5 9 6 9 6 9 6 9 6 9 6 9 5 10 5 9 5 10 5 9 5 10 6 10 5 10 5 10 5 10 6 10 6 10 6 10 0 0 5 10 6 10 6 10 6 10 6 10 6 10 6 9 7 10 6 9 6 10 7 9 7 10 7 10 8 10 7 10 7 10 8 9 9 10 8 10 8 10 9 10 8 10 8 9 10 9 9 10 9 10 0 0 0 0 0 0 0 0 0 0]"
"1769326797843824,CSI_DATA,STATION,00:00:00:00:00:00,0,0,0,0,0,0,0,0,0,0,0,0,0,0,0,0,0,0,0,0,0,128,[84 -64 4 0 0 0 0 0 0 0 0 0 -9 7 -8 7 -10 7 -10 6 -10 7 -10 7 -10 6 -10 6 -10 6 -11 5 -11 6 -10 5 -11 5 -11 4 -11 5 -11 6 -11 5 -11 4 -11 5 -11 4 -11 4 -11 4 -11 4 -11 4 -11 4 -11 5 0 0 -11 5 -11 5 -11 4 -11 5 -11 5 -11 4 -11 5 -11 5 -11 6 -12 6 -11 6 -11 6 -11 6 -11 6 -12 6 -11 7 -12 6 -12 7 -12 7 -12 7 -12 7 -12 7 -12 7 -12 7 -12 7 -12 7 0 0 0 0 0 0 0 0 0 0]"
"1769326797850300,CSI_DATA,STATION,00:00:00:00:00:00,0,0,0,0,0,0,0,0,0,0,0,0,0,0,0,0,0,0,0,0,0,128,[84 -64 4 0 0 0 0 0 0 0 0 0 8 6 9 7 8 7 8 7 8 7 8 8 8 8 8 8 7 8 7 9 7 9 7 9 6 9 6 9 6 9 7 9 6 9 5 9 7 9 6 9 6 9 6 9 6 9 6 10 6 9 7 9 0 0 6 9 7 8 7 9 7 9 7 9 7 9 7 9 7 9 7 9 7 9 7 9 8 10 7 10 8 9 8 9 8 9 9 9 9 10 8 10 9 9 9 9 9 9 9 10 9 10 9 10 9 10 0 0 0 0 0 0 0 0 0 0]"
"1769326797854632,CSI_DATA,STATION,00:00:00:00:00:00,0,0,0,0,0,0,0,0,0,0,0,0,0,0,0,0,0,0,0,0,0,128,[84 -64 4 0 0 0 0 0 0 0 0 0 0 10 -1 11 -1 11 -1 10 -1 11 -1 11 -2 11 -2 12 -2 11 -2 11 -3 11 -3 11 -3 11 -3 11 -3 11 -3 11 -3 11 -3 11 -4 11 -3 11 -3 11 -4 10 -3 11 -4 11 -3 10 -3 11 0 0 -3 11 -2 11 -2 11 -2 11 -2 12 -2 11 -2 11 -2 12 -2 11 -2 12 -1 13 -2 12 -1 12 -1 12 -1 12 -1 13 -1 12 -1 13 0 13 -1 13 0 13 -1 13 -1 13 0 14 -1 14 0 13 0 0 0 0 0 0 0 0 0 0]"
"1769326797861179,CSI_DATA,STATION,00:00:00:00:00:00,0,0,0,0,0,0,0,0,0,0,0,0,0,0,0,0,0,0,0,0,0,128,[84 -64 4 0 0 0 0 0 0 0 0 0 2 9 2 9 2 10 1 10 1 10 1 10 1 10 0 10 0 10 0 10 0 10 0 10 0 10 0 10 0 10 0 10 -1 10 -1 10 -1 11 0 10 -1 10 0 10 -1 10 0 10 0 10 0 11 0 0 0 10 1 10 1 10 1 10 1 11 1 10 1 11 1 11 1 10 1 10 1 11 1 11 2 11 2 11 2 12 2 11 3 11 2 12 3 12 2 12 3 12 3 12 3 12 4 11 3 12 3 12 0 0 0 0 0 0 0 0 0 0]"
"1769326797865519,CSI_DATA,STATION,00:00:00:00:00:00,0,0,0,0,0,0,0,0,0,0,0,0,0,0,0,0,0,0,0,0,0,128,[84 -64 4 0 0 0 0 0 0 0 0 0 -10 -4 -10 -4 -10 -5 -10 -5 -10 -5 -10 -5 -9 -6 -10 -6 -9 -6 -9 -7 -10 -6 -9 -6 -10 -7 -9 -7 -9 -7 -9 -6 -9 -7 -9 -7 -9 -8 -9 -7 -9 -7 -9 -7 -9 -6 -9 -7 -9 -6 -9 -6 0 0 -9 -7 -9 -7 -10 -6 -10 -6 -10 -6 -10 -6 -10 -6 -11 -6 -10 -6 -11 -6 -10 -6 -11 -6 -11 -6 -11 -6 -11 -6 -12 -6 -12 -6 -12 -5 -12 -6 -12 -6 -12 -6 -12 -6 -13 -6 -13 -6 -12 -6 -12 -6 0 0 0 0 0 0 0 0 0 0]"
"1769326797869810,CSI_DATA,STATION,00:00:00:00:00:00,0,0,0,0,0,0,0,0,0,0,0,0,0,0,0,0,0,0,0,0,0,128,[84 -64 4 0 0 0 0 0 0 0 0 0 7 -7 7 -8 7 -7 7 -7 7 -7 8 -7 8 -7 8 -7 8 -6 8 -5 8 -6 8 -6 8 -6 9 -6 9 -6 8 -6 9 -6 9 -6 9 -6 9 -6 9 -6 9 -6 9 -5 9 -5 9 -6 9 -6 0 0 9 -6 9 -6 9 -6 9 -6 9 -6 9 -6 9 -6 9 -7 8 -7 9 -7 9 -7 9 -7 9 -7 9 -7 9 -8 9 -8 9 -8 10 -9 9 -8 9 -9 10 -8 9 -8 10 -8 10 -9 10 -9 10 -9 0 0 0 0 0 0 0 0 0 0]"
"1769326797876272,CSI_DATA,STATION,00:00:00:00:00:00,0,0,0,0,0,0,0,0,0,0,0,0,0,0,0,0,0,0,0,0,0,128,[84 -64 4 0 0 0 0 0 0 0 0 0 -11 0 -12 -1 -12 -2 -12 -1 -12 -2 -12 -1 -12 -2 -12 -2 -12 -3 -12 -3 -12 -2 -12 -3 -12 -3 -12 -4 -13 -4 -11 -3 -12 -4 -11 -4 -12 -4 -12 -4 -12 -4 -12 -4 -11 -4 -12 -4 -12 -4 -12 -3 0 0 -12 -3 -12 -3 -12 -3 -11 -2 -13 -3 -12 -3 -13 -3 -13 -3 -12 -2 -12 -3 -13 -2 -13 -2 -13 -2 -14 -2 -13 -2 -13 -2 -13 -2 -14 -2 -14 -1 -14 -2 -14 -1 -14 -2 -14 -1 -15 -1 -14 -1 -15 -1 0 0 0 0 0 0 0 0 0 0]"
"1769326797880642,CSI_DATA,STATION,00:00:00:00:00:00,0,0,0,0,0,0,0,0,0,0,0,0,0,0,0,0,0,0,0,0,0,128,[84 -64 4 0 0 0 0 0 0 0 0 0 -9 -8 -9 -7 -9 -8 -9 -9 -9 -9 -8 -9 -8 -8 -9 -9 -8 -9 -9 -10 -8 -10 -8 -9 -8 -10 -8 -10 -8 -10 -8 -10 -8 -10 -8 -10 -8 -10 -7 -10 -8 -10 -7 -10 -7 -10 -7 -10 -7 -10 -8 -9 0 0 -8 -9 -8 -10 -9 -10 -8 -10 -8 -9 -8 -10 -9 -10 -9 -9 -9 -9 -10 -9 -9 -10 -9 -9 -9 -10 -10 -10 -10 -10 -10 -9 -11 -9 -10 -9 -10 -9 -11 -9 -11 -9 -11 -9 -11 -10 -11 -10 -11 -10 -11 -9 0 0 0 0 0 0 0 0 0 0]"
"1769326797887155,CSI_DATA,STATION,00:00:00:00:00:00,0,0,0,0,0,0,0,0,0,0,0,0,0,0,0,0,0,0,0,0,0,128,[84 -64 4 0 0 0 0 0 0 0 0 0 -6 -10 -6 -10 -6 -10 -6 -11 -5 -11 -5 -11 -5 -11 -5 -12 -4 -11 -5 -12 -4 -11 -4 -12 -4 -12 -4 -11 -4 -12 -4 -12 -3 -12 -3 -12 -3 -12 -3 -12 -4 -12 -3 -12 -3 -12 -4 -12 -4 -11 -3 -12 0 0 -4 -11 -5 -12 -4 -12 -4 -12 -4 -12 -5 -12 -5 -12 -5 -12 -5 -12 -5 -12 -5 -12 -6 -12 -6 -12 -5 -12 -6 -12 -6 -13 -6 -12 -6 -13 -6 -13 -6 -13 -7 -13 -7 -13 -7 -13 -7 -13 -7 -13 -7 -13 0 0 0 0 0 0 0 0 0 0]"
"1769326797891472,CSI_DATA,STATION,00:00:00:00:00:00,0,0,0,0,0,0,0,0,0,0,0,0,0,0,0,0,0,0,0,0,0,128,[84 -64 4 0 0 0 0 0 0 0 0 0 8 -8 8 -8 8 -7 9 -7 9 -7 9 -7 9 -7 10 -7 10 -6 10 -6 10 -6 9 -7 10 -6 10 -5 11 -6 10 -6 10 -6 10 -5 10 -5 11 -5 10 -5 10 -5 9 -5 10 -5 10 -5 10 -6 0 0 10 -6 10 -6 10 -6 10 -6 10 -6 10 -6 10 -6 10 -7 10 -7 9 -7 10 -7 10 -7 11 -7 11 -7 11 -8 10 -8 10 -8 10 -9 10 -9 11 -9 11 -9 11 -8 10 -9 11 -9 11 -9 11 -9 0 0 0 0 0 0 0 0 0 0]"
"1769326797897969,CSI_DATA,STATION,00:00:00:00:00:00,0,0,0,0,0,0,0,0,0,0,0,0,0,0,0,0,0,0,0,0,0,128,[84 -64 4 0 0 0 0 0 0 0 0 0 1 -11 3 -11 3 -11 3 -12 3 -12 4 -12 4 -11 4 -12 4 -11 4 -12 4 -11 4 -11 5 -11 5 -10 5 -11 5 -11 5 -11 5 -11 5 -11 6 -11 5 -11 5 -11 6 -11 5 -11 5 -11 5 -11 0 0 5 -11 5 -10 4 -11 5 -11 4 -12 4 -11 4 -11 4 -12 5 -12 4 -12 4 -12 4 -12 4 -12 4 -12 4 -13 4 -13 4 -13 4 -14 4 -13 4 -14 4 -14 4 -14 4 -13 3 -14 3 -15 3 -14 0 0 0 0 0 0 0 0 0 0]"
"1769326797902277,CSI_DATA,STATION,00:00:00:00:00:00,0,0,0,0,0,0,0,0,0,0,0,0,0,0,0,0,0,0,0,0,0,128,[84 -64 4 0 0 0 0 0 0 0 0 0 4 -10 5 -11 5 -10 5 -10 6 -10 6 -10 6 -10 6 -10 7 -10 8 -10 7 -10 7 -10 7 -10 7 -10 7 -9 7 -9 7 -9 7 -9 8 -9 8 -9 7 -9 8 -9 8 -9 8 -9 7 -9 7 -9 0 0 7 -9 7 -9 7 -10 7 -9 7 -10 7 -9 7 -10 7 -10 7 -10 7 -11 7 -11 7 -11 7 -11 7 -11 7 -12 6 -12 6 -12 7 -12 7 -12 7 -12 6 -12 7 -12 7 -13 6 -12 7 -13 7 -13 0 0 0 0 0 0 0 0 0 0]"
"1769326797906584,CSI_DATA,STATION,00:00:00:00:00:00,0,0,0,0,0,0,0,0,0,0,0,0,0,0,0,0,0,0,0,0,0,128,[84 -64 4 0 0 0 0 0 0 0 0 0 -4 -11 -3 -11 -3 -12 -2 -11 -3 -12 -3 -12 -2 -12 -1 -13 -2 -12 -1 -13 -1 -13 -1 -12 -1 -12 -1 -12 -1 -12 0 -12 0 -13 -1 -13 0 -13 0 -12 0 -12 0 -12 0 -12 0 -12 -1 -12 -1 -13 0 0 -1 -12 -1 -12 -1 -12 -1 -12 -1 -12 -2 -12 -2 -12 -2 -13 -2 -13 -2 -13 -2 -13 -2 -13 -2 -13 -2 -13 -3 -14 -2 -13 -3 -13 -3 -14 -3 -14 -3 -14 -3 -14 -3 -14 -3 -15 -3 -14 -3 -14 -3 -14 0 0 0 0 0 0 0 0 0 0]"
"1769326797913046,CSI_DATA,STATION,00:00:00:00:00:00,0,0,0,0,0,0,0,0,0,0,0,0,0,0,0,0,0,0,0,0,0,128,[84 -64 4 0 0 0 0 0 0 0 0 0 10 3 10 4 10 5 10 4 10 5 9 5 9 6 9 6 9 6 9 7 9 6 9 6 9 6 9 6 9 7 9 7 9 7 9 6 9 7 8 8 9 7 9 7 9 7 9 7 9 7 9 7 0 0 8 6 9 7 9 7 9 6 10 6 9 7 9 7 10 7 9 6 10 6 10 5 10 6 10 6 10 6 11 6 11 5 11 6 11 5 11 6 11 6 11 6 11 6 12 6 13 5 12 6 12 5 0 0 0 0 0 0 0 0 0 0]"
"1769326797917373,CSI_DATA,STATION,00:00:00:00:00:00,0,0,0,0,0,0,0,0,0,0,0,0,0,0,0,0,0,0,0,0,0,128,[84 -64 4 0 0 0 0 0 0 0 0 0 9 -1 9 0 10 0 11 1 9 1 10 1 10 1 10 2 10 2 9 2 10 2 9 1 10 2 9 2 10 3 9 2 10 3 10 2 10 3 10 3 10 3 9 2 9 2 11 2 10 2 10 2 0 0 10 2 10 2 11 2 10 1 10 1 10 2 10 1 11 2 11 1 11 1 11 1 11 1 12 1 12 1 11 1 12 1 12 1 12 0 12 0 12 0 12 0 12 1 13 0 12 0 12 0 12 0 0 0 0 0 0 0 0 0 0 0]"
"1769326797921862,CSI_DATA,STATION,00:00:00:00:00:00,0,0,0,0,0,0,0,0,0,0,0,0,0,0,0,0,0,0,0,0,0,128,[84 -64 4 0 0 0 0 0 0 0 0 0 -1 -11 0 -10 0 -10 0 -11 0 -11 1 -11 1 -11 1 -11 2 -11 1 -11 2 -11 2 -11 2 -11 2 -11 2 -11 2 -11 3 -11 3 -11 2 -11 3 -11 3 -10 3 -11 3 -11 2 -11 2 -11 2 -11 0 0 2 -11 2 -10 2 -11 2 -11 2 -11 2 -11 2 -11 2 -12 2 -12 2 -12 1 -12 2 -12 1 -12 1 -12 1 -13 1 -13 1 -13 1 -13 2 -13 1 -13 2 -13 2 -13 1 -14 1 -13 1 -14 1 -14 0 0 0 0 0 0 0 0 0 0]"
"1769326797928357,CSI_DATA,STATION,00:00:00:00:00:00,0,0,0,0,0,0,0,0,0,0,0,0,0,0,0,0,0,0,0,0,0,128,[84 -64 4 0 0 0 0 0 0 0 0 0 8 5 8 5 8 6 8 6 7 6 8 6 7 6 7 7 7 7 7 7 7 7 7 7 6 7 7 7 7 8 6 7 6 8 6 7 7 7 7 8 6 8 7 7 6 7 6 7 7 8 7 7 0 0 7 7 7 7 8 7 7 7 8 7 7 7 8 7 8 7 7 7 8 7 8 7 8 7 9 7 9 7 8 7 9 8 9 7 9 7 10 7 9 7 10 7 10 7 10 7 10 7 10 7 10 7 0 0 0 0 0 0 0 0 0 0]"
"1769326797932607,CSI_DATA,STATION,00:00:00:00:00:00,0,0,0,0,0,0,0,0,0,0,0,0,0,0,0,0,0,0,0,0,0,128,[84 -64 4 0 0 0 0 0 0 0 0 0 -1 11 -2 10 -2 11 -2 11 -3 10 -3 11 -3 11 -4 11 -4 11 -5 11 -4 11 -5 10 -5 11 -5 10 -5 10 -5 10 -5 11 -5 10 -6 10 -6 10 -6 10 -6 10 -6 10 -6 10 -5 9 -5 10 0 0 -6 9 -6 10 -5 10 -5 10 -5 10 -5 10 -5 10 -5 10 -5 11 -6 11 -5 12 -5 11 -5 11 -5 12 -5 12 -5 12 -5 12 -5 12 -5 12 -5 12 -5 13 -5 12 -5 12 -5 13 -5 13 -5 13 0 0 0 0 0 0 0 0 0 0]"
"1769326797936853,CSI_DATA,STATION,00:00:00:00:00:00,0,0,0,0,0,0,0,0,0,0,0,0,0,0,0,0,0,0,0,0,0,128,[84 -64 4 0 0 0 0 0 0 0 0 0 7 6 7 6 7 7 7 7 6 7 6 7 6 8 5 8 5 8 6 9 5 8 5 9 5 8 5 8 4 9 5 8 5 9 4 8 5 9 5 9 5 9 5 9 5 9 5 9 5 9 5 9 0 0 5 9 5 9 6 8 5 9 6 9 6 9 6 9 6 9 6 8 6 9 7 8 7 9 7 9 7 9 7 9 7 9 8 9 8 9 8 9 8 9 8 9 8 9 8 10 8 9 8 9 8 9 0 0 0 0 0 0 0 0 0 0]"
"1769326797943224,CSI_DATA,STATION,00:00:00:00:00:00,0,0,0,0,0,0,0,0,0,0,0,0,0,0,0,0,0,0,0,0,0,128,[84 -64 4 0 0 0 0 0 0 0 0 0 -9 7 -9 6 -10 6 -10 5 -10 5 -11 5 -10 5 -10 5 -11 5 -11 5 -10 5 -11 5 -11 5 -11 4 -11 4 -12 5 -11 4 -11 4 -11 3 -11 3 -12 4 -11 3 -12 4 -11 4 -11 4 -11 4 0 0 -11 4 -12 4 -11 5 -11 5 -11 4 -12 4 -11 5 -11 5 -11 5 -11 6 -11 6 -12 6 -12 6 -12 6 -12 6 -11 7 -12 7 -11 6 -12 7 -12 6 -12 7 -12 7 -12 7 -12 7 -12 7 -12 8 0 0 0 0 0 0 0 0 0 0]"
"1769326797947466,CSI_DATA,STATION,00:00:00:00:00:00,0,0,0,0,0,0,0,0,0,0,0,0,0,0,0,0,0,0,0,0,0,128,[84 -64 4 0 0 0 0 0 0 0 0 0 -13 12 -14 12 -15 11 -16 11 -15 10 -15 11 -16 10 -16 10 -16 10 -17 9 -17 9 -17 9 -18 9 -17 8 -17 8 -17 8 -18 8 -17 8 -18 7 -18 7 -17 7 -18 7 -17 7 -18 7 -17 7 -17 8 0 0 -17 8 -17 8 -18 8 -17 8 -17 8 -17 8 -17 8 -17 9 -17 10 -17 10 -17 11 -17 10 -18 10 -18 11 -17 11 -18 12 -18 11 -18 12 -18 12 -18 12 -18 13 -18 12 -18 12 -18 13 -18 13 -18 13 0 0 0 0 0 0 0 0 0 0]"
"1769326797953866,CSI_DATA,STATION,00:00:00:00:00:00,0,0,0,0,0,0,0,0,0,0,0,0,0,0,0,0,0,0,0,0,0,128,[84 -64 4 0 0 0 0 0 0 0 0 0 5 -10 5 -10 5 -10 5 -10 6 -10 6 -10 6 -10 7 -10 6 -9 7 -9 7 -10 7 -10 7 -10 7 -9 8 -9 8 -9 8 -9 8 -9 7 -9 8 -9 7 -9 8 -9 8 -9 8 -9 7 -9 8 -9 0 0 7 -9 8 -9 8 -9 8 -10 8 -9 7 -9 7 -10 7 -10 7 -10 7 -11 7 -10 7 -10 7 -11 7 -10 7 -11 7 -11 7 -12 7 -11 7 -12 7 -12 7 -12 7 -11 8 -12 7 -12 7 -12 7 -12 0 0 0 0 0 0 0 0 0 0]"
"1769326797958173,CSI_DATA,STATION,00:00:00:00:00:00,0,0,0,0,0,0,0,0,0,0,0,0,0,0,0,0,0,0,0,0,0,128,[84 -64 4 0 0 0 0 0 0 0 0 0 9 1 10 1 9 2 10 2 10 3 9 3 9 3 9 3 9 4 10 4 9 4 9 4 9 4 9 4 9 4 9 4 9 4 9 4 9 4 9 5 9 4 9 4 9 4 10 4 9 4 9 4 0 0 9 3 9 4 10 4 9 3 10 4 10 4 10 4 10 4 10 3 10 3 10 3 11 4 11 3 11 3 11 3 11 3 12 3 12 2 12 3 11 3 12 3 12 3 13 3 12 3 12 3 12 3 0 0 0 0 0 0 0 0 0 0]"
"1769326797962473,CSI_DATA,STATION,00:00:00:00:00:00,0,0,0,0,0,0,0,0,0,0,0,0,0,0,0,0,0,0,0,0,0,128,[84 -64 4 0 0 0 0 0 0 0 0 0 1 -11 2 -12 3 -12 3 -11 3 -11 4 -12 3 -11 4 -11 4 -11 4 -11 4 -11 4 -11 5 -11 5 -11 5 -11 5 -11 5 -11 5 -11 5 -11 5 -10 5 -10 5 -10 5 -11 5 -11 4 -11 5 -11 0 0 5 -12 4 -10 5 -11 4 -11 4 -11 4 -11 4 -11 4 -12 4 -12 4 -12 4 -12 4 -12 4 -12 4 -12 4 -13 4 -13 4 -13 4 -13 4 -14 4 -14 4 -14 4 -13 3 -14 3 -14 3 -14 3 -14 0 0 0 0 0 0 0 0 0 0]"
"1769326797968983,CSI_DATA,STATION,00:00:00:00:00:00,0,0,0,0,0,0,0,0,0,0,0,0,0,0,0,0,0,0,0,0,0,128,[84 -64 4 0 0 0 0 0 0 0 0 0 9 -3 9 -2 10 -3 10 -2 10 -2 10 -2 10 -1 10 -1 10 -1 10 -1 10 -1 10 -1 10 0 10 0 11 0 10 0 10 0 10 0 11 0 10 0 10 0 10 0 10 0 10 0 10 0 10 -1 0 0 11 -1 10 -1 11 -1 10 -1 11 -1 11 -1 11 -1 11 -1 11 -1 11 -1 11 -2 11 -1 12 -2 12 -2 11 -3 12 -3 12 -2 12 -3 12 -3 12 -3 12 -3 12 -2 12 -3 12 -2 12 -3 13 -3 0 0 0 0 0 0 0 0 0 0]"
"1769326797973295,CSI_DATA,STATION,00:00:00:00:00:00,0,0,0,0,0,0,0,0,0,0,0,0,0,0,0,0,0,0,0,0,0,128,[84 -64 4 0 0 0 0 0 0 0 0 0 6 -8 6 -8 6 -7 7 -8 7 -7 7 -8 7 -7 7 -7 7 -7 8 -6 8 -7 8 -7 8 -6 8 -6 9 -6 8 -7 8 -6 8 -6 9 -6 9 -6 8 -6 9 -6 8 -6 9 -6 9 -6 8 -7 0 0 9 -7 8 -7 9 -7 8 -7 8 -8 8 -8 8 -7 8 -8 8 -8 8 -8 8 -8 8 -8 8 -8 8 -8 8 -9 9 -9 8 -9 9 -10 9 -9 9 -10 9 -9 9 -9 9 -9 8 -10 9 -10 9 -10 0 0 0 0 0 0 0 0 0 0]"
"1769326797979798,CSI_DATA,STATION,00:00:00:00:00:00,0,0,0,0,0,0,0,0,0,0,0,0,0,0,0,0,0,0,0,0,0,128,[84 -64 4 0 0 0 0 0 0 0 0 0 9 7 9 8 9 8 9 8 8 9 8 9 8 9 8 10 8 9 8 10 7 10 7 10 8 10 7 10 7 10 6 10 7 11 7 10 7 10 7 11 7 10 7 10 6 10 7 11 7 11 7 11 0 0 7 10 8 10 8 10 7 10 8 10 8 10 8 10 8 10 8 9 8 10 9 10 9 10 9 10 10 10 9 10 10 10 10 10 10 10 10 10 10 10 10 10 11 10 10 11 11 10 11 11 11 10 0 0 0 0 0 0 0 0 0 0]"
"1769326797990569,CSI_DATA,STATION,00:00:00:00:00:00,0,0,0,0,0,0,0,0,0,0,0,0,0,0,0,0,0,0,0,0,0,128,[84 -64 4 0 0 0 0 0 0 0 0 0 5 -10 5 -10 6 -10 6 -10 7 -9 7 -10 7 -10 7 -9 8 -9 8 -9 7 -9 7 -9 8 -9 8 -9 8 -9 8 -9 8 -9 7 -9 8 -8 9 -8 8 -8 8 -8 7 -9 8 -8 8 -9 8 -9 0 0 8 -9 8 -8 8 -9 8 -9 7 -9 8 -9 8 -9 7 -10 7 -10 7 -10 7 -11 7 -10 7 -11 7 -11 7 -11 7 -12 7 -11 7 -12 7 -11 7 -12 7 -12 7 -12 7 -11 7 -12 7 -13 8 -12 0 0 0 0 0 0 0 0 0 0]"
"1769326797997082,CSI_DATA,STATION,00:00:00:00:00:00,0,0,0,0,0,0,0,0,0,0,0,0,0,0,0,0,0,0,0,0,0,128,[84 -64 4 0 0 0 0 0 0 0 0 0 -5 -11 -4 -11 -4 -11 -4 -11 -4 -12 -4 -11 -3 -12 -3 -12 -3 -12 -3 -12 -3 -12 -2 -12 -2 -13 -2 -12 -2 -12 -1 -12 -1 -13 -2 -12 -2 -12 -1 -13 -1 -12 -2 -12 -1 -12 -1 -12 -2 -12 -2 -12 0 0 -2 -12 -2 -11 -2 -12 -2 -12 -2 -12 -3 -12 -3 -12 -3 -13 -3 -13 -2 -13 -3 -13 -3 -13 -3 -13 -3 -13 -3 -14 -4 -13 -3 -13 -4 -14 -4 -14 -4 -14 -4 -14 -4 -13 -4 -14 -4 -14 -4 -14 -4 -14 0 0 0 0 0 0 0 0 0 0]"
"1769326798001426,CSI_DATA,STATION,00:00:00:00:00:00,0,0,0,0,0,0,0,0,0,0,0,0,0,0,0,0,0,0,0,0,0,128,[84 -64 4 0 0 0 0 0 0 0 0 0 -8 8 -8 8 -8 8 -9 7 -9 7 -10 8 -9 7 -10 7 -9 7 -10 6 -10 6 -10 6 -10 6 -10 6 -11 6 -10 6 -10 6 -10 6 -10 5 -10 6 -11 5 -10 5 -10 6 -11 6 -10 5 -11 6 0 0 -10 7 -10 6 -11 6 -10 6 -11 6 -11 6 -11 6 -10 7 -10 7 -10 7 -10 7 -10 8 -10 8 -11 8 -11 8 -11 8 -10 8 -10 9 -11 9 -11 9 -11 9 -11 9 -11 8 -10 8 -10 9 -10 9 0 0 0 0 0 0 0 0 0 0]"
"1769326798007963,CSI_DATA,STATION,00:00:00:00:00:00,0,0,0,0,0,0,0,0,0,0,0,0,0,0,0,0,0,0,0,0,0,128,[84 -64 4 0 0 0 0 0 0 0 0 0 -10 0 -10 0 -11 -1 -11 -1 -11 -2 -11 -1 -10 -2 -11 -2 -11 -2 -11 -3 -11 -2 -11 -2 -11 -3 -11 -3 -10 -3 -11 -3 -11 -3 -11 -3 -11 -3 -11 -4 -11 -4 -11 -3 -11 -3 -11 -4 -11 -3 -11 -3 0 0 -11 -3 -11 -3 -11 -2 -11 -2 -11 -3 -11 -2 -11 -2 -12 -3 -11 -2 -12 -2 -12 -1 -12 -2 -12 -1 -12 -2 -12 -1 -12 -1 -13 -2 -13 -1 -13 -1 -13 -1 -13 -2 -13 -1 -14 -1 -14 -1 -14 -1 -14 -1 0 0 0 0 0 0 0 0 0 0]"
"1769326798014455,CSI_DATA,STATION,00:00:00:00:00:00,0,0,0,0,0,0,0,0,0,0,0,0,0,0,0,0,0,0,0,0,0,128,[84 -64 4 0 0 0 0 0 0 0 0 0 -9 -5 -9 -6 -9 -6 -9 -6 -9 -6 -9 -7 -8 -7 -8 -7 -8 -8 -8 -8 -8 -8 -8 -8 -8 -8 -8 -8 -7 -9 -8 -8 -8 -8 -8 -8 -8 -8 -8 -9 -8 -9 -8 -9 -7 -8 -8 -8 -8 -9 -8 -8 0 0 -8 -9 -8 -8 -8 -8 -8 -8 -9 -8 -8 -9 -9 -8 -9 -8 -8 -8 -9 -8 -9 -8 -10 -8 -10 -8 -10 -8 -10 -8 -10 -8 -11 -8 -10 -8 -10 -8 -10 -9 -10 -9 -11 -8 -11 -9 -12 -9 -11 -8 -11 -8 0 0 0 0 0 0 0 0 0 0]"
"1769326798018781,CSI_DATA,STATION,00:00:00:00:00:00,0,0,0,0,0,0,0,0,0,0,0,0,0,0,0,0,0,0,0,0,0,128,[84 -64 4 0 0 0 0 0 0 0 0 0 -8 8 -8 8 -9 8 -8 8 -9 7 -8 7 -8 8 -9 7 -9 7 -10 7 -10 6 -9 7 -10 7 -10 6 -10 6 -10 6 -10 7 -10 6 -10 6 -10 6 -10 6 -10 6 -10 6 -10 6 -10 6 -10 6 0 0 -10 7 -10 7 -10 6 -10 7 -10 7 -10 7 -10 7 -10 7 -10 8 -10 8 -10 8 -10 8 -10 8 -10 8 -10 9 -10 9 -10 9 -10 9 -9 9 -10 9 -10 10 -10 10 -10 10 -10 9 -10 10 -10 10 0 0 0 0 0 0 0 0 0 0]"
"1769326798025502,CSI_DATA,STATION,00:00:00:00:00:00,0,0,0,0,0,0,0,0,0,0,0,0,0,0,0,0,0,0,0,0,0,128,[84 -64 4 0 0 0 0 0 0 0 0 0 -1 -12 0 -12 0 -12 0 -12 0 -12 0 -13 1 -12 1 -12 1 -12 1 -12 2 -12 2 -12 2 -12 2 -12 2 -12 2 -12 2 -12 2 -12 2 -12 2 -12 2 -12 2 -12 2 -12 2 -12 1 -11 2 -12 0 0 1 -12 1 -12 1 -12 1 -13 1 -13 1 -12 1 -13 0 -13 1 -13 0 -13 0 -13 0 -13 -1 -13 -1 -13 -1 -13 -1 -14 -1 -13 -1 -14 -1 -14 -1 -14 -1 -14 -2 -14 -1 -14 -2 -15 -2 -14 -1 -14 0 0 0 0 0 0 0 0 0 0]"
"1769326798029752,CSI_DATA,STATION,00:00:00:00:00:00,0,0,0,0,0,0,0,0,0,0,0,0,0,0,0,0,0,0,0,0,0,128,[84 -64 4 0 0 0 0 0 0 0 0 0 6 -7 7 -7 8 -7 7 -6 8 -7 8 -7 8 -6 8 -6 9 -6 9 -5 9 -6 9 -6 9 -5 9 -5 9 -5 9 -6 9 -5 9 -5 9 -5 9 -5 9 -5 9 -5 9 -5 9 -5 9 -5 9 -6 0 0 9 -6 9 -6 9 -5 9 -6 8 -6 9 -6 9 -6 9 -6 9 -7 9 -7 9 -7 9 -7 9 -7 9 -7 10 -8 9 -8 10 -8 9 -8 10 -8 9 -9 10 -8 10 -8 10 -8 10 -9 10 -8 10 -9 0 0 0 0 0 0 0 0 0 0]"
"1769326798033995,CSI_DATA,STATION,00:00:00:00:00:00,0,0,0,0,0,0,0,0,0,0,0,0,0,0,0,0,0,0,0,0,0,128,[84 -64 4 0 0 0 0 0 0 0 0 0 3 10 3 11 2 10 2 11 1 10 2 11 1 11 1 11 1 11 0 11 1 11 0 11 0 11 1 11 0 12 0 11 0 11 -1 11 0 12 -1 11 -1 11 -1 11 -1 11 -1 11 0 11 0 11 0 0 0 11 1 11 0 11 1 11 0 12 0 12 1 11 1 11 1 12 1 12 2 12 2 12 2 12 2 12 1 12 2 13 2 12 2 12 3 13 2 13 2 13 2 13 2 12 3 13 3 13 3 13 0 0 0 0 0 0 0 0 0 0]"
"1769326798040351,CSI_DATA,STATION,00:00:00:00:00:00,0,0,0,0,0,0,0,0,0,0,0,0,0,0,0,0,0,0,0,0,0,128,[84 -64 4 0 0 0 0 0 0 0 0 0 8 7 8 7 8 8 8 7 7 8 8 8 7 8 6 8 6 9 7 9 7 9 6 9 7 9 6 9 6 10 6 9 5 9 5 9 6 9 6 10 5 9 6 9 5 9 6 10 5 10 6 9 0 0 6 9 7 10 6 9 6 9 6 9 6 10 7 9 7 9 7 9 7 9 7 9 7 10 7 9 8 9 8 10 8 9 9 9 8 9 8 9 9 9 9 9 9 10 9 10 9 10 9 10 9 9 0 0 0 0 0 0 0 0 0 0]"
"1769326798044584,CSI_DATA,STATION,00:00:00:00:00:00,0,0,0,0,0,0,0,0,0,0,0,0,0,0,0,0,0,0,0,0,0,128,[84 -64 4 0 0 0 0 0 0 0 0 0 -7 -9 -7 -9 -7 -10 -6 -10 -7 -10 -6 -11 -6 -11 -6 -10 -6 -11 -6 -12 -5 -11 -5 -11 -5 -11 -5 -11 -5 -12 -5 -11 -5 -11 -5 -11 -5 -12 -5 -12 -5 -11 -5 -11 -5 -11 -5 -12 -5 -11 -5 -11 0 0 -5 -11 -6 -11 -6 -11 -6 -11 -6 -11 -6 -11 -6 -11 -7 -11 -7 -11 -7 -11 -7 -11 -7 -11 -7 -11 -8 -11 -8 -11 -8 -11 -9 -11 -9 -11 -8 -11 -9 -11 -9 -11 -9 -11 -9 -12 -9 -12 -9 -12 -9 -12 0 0 0 0 0 0 0 0 0 0]"
"1769326798051005,CSI_DATA,STATION,00:00:00:00:00:00,0,0,0,0,0,0,0,0,0,0,0,0,0,0,0,0,0,0,0,0,0,128,[84 -64 4 0 0 0 0 0 0 0 0 0 -3 9 -4 9 -4 9 -4 9 -5 9 -5 9 -5 9 -6 9 -5 9 -6 9 -6 9 -6 8 -6 9 -6 8 -6 8 -6 8 -7 9 -6 9 -6 8 -6 8 -7 8 -6 8 -6 9 -6 9 -6 8 -6 9 0 0 -6 8 -6 9 -6 9 -6 9 -6 9 -6 9 -6 9 -5 9 -5 10 -6 10 -5 10 -6 10 -6 10 -6 10 -5 10 -5 11 -5 11 -5 11 -5 12 -6 11 -5 12 -5 12 -5 12 -5 12 -5 12 -5 12 0 0 0 0 0 0 0 0 0 0]"
"1769326798055300,CSI_DATA,STATION,00:00:00:00:00:00,0,0,0,0,0,0,0,0,0,0,0,0,0,0,0,0,0,0,0,0,0,128,[84 -64 4 0 0 0 0 0 0 0 0 0 7 -9 7 -9 6 -8 8 -8 8 -8 8 -8 8 -8 8 -8 9 -8 9 -7 8 -7 9 -7 9 -7 9 -7 10 -7 9 -7 9 -7 9 -6 9 -6 10 -6 9 -7 9 -6 9 -7 10 -6 9 -7 9 -7 0 0 9 -7 9 -7 9 -7 9 -7 10 -8 9 -8 9 -8 9 -8 9 -8 8 -9 9 -8 9 -9 9 -9 9 -8 9 -9 9 -9 9 -10 9 -10 9 -10 9 -10 9 -10 9 -10 9 -10 9 -10 9 -10 9 -11 0 0 0 0 0 0 0 0 0 0]"
"1769326798059583,CSI_DATA,STATION,00:00:00:00:00:00,0,0,0,0,0,0,0,0,0,0,0,0,0,0,0,0,0,0,0,0,0,128,[84 -64 4 0 0 0 0 0 0 0 0 0 9 3 10 4 10 4 11 4 10 4 10 5 9 5 10 5 9 5 9 6 9 6 9 6 10 6 9 6 9 7 9 7 9 6 9 6 9 7 9 7 9 6 9 6 9 6 10 6 9 7 9 6 0 0 10 6 9 6 10 6 9 6 10 6 10 6 10 6 10 5 10 5 10 5 10 5 11 6 11 5 12 5 11 4 12 5 12 4 11 4 11 5 12 4 12 5 12 5 12 5 12 5 12 5 12 5 0 0 0 0 0 0 0 0 0 0]"
"1769326798066052,CSI_DATA,STATION,00:00:00:00:00:00,0,0,0,0,0,0,0,0,0,0,0,0,0,0,0,0,0,0,0,0,0,128,[84 -64 4 0 0 0 0 0 0 0 0 0 5 9 5 9 4 10 4 10 3 10 4 11 3 10 3 11 3 10 3 11 3 11 2 11 2 11 2 11 2 12 2 11 2 11 2 11 2 11 2 11 2 11 2 11 2 11 2 11 2 11 2 11 0 0 2 11 3 11 3 11 2 11 3 11 3 11 3 11 4 11 3 11 3 11 3 11 4 12 3 11 4 12 4 12 4 12 4 11 4 12 4 12 5 12 5 12 5 12 5 12 5 12 4 12 5 13 0 0 0 0 0 0 0 0 0 0]"
"1769326798070344,CSI_DATA,STATION,00:00:00:00:00:00,0,0,0,0,0,0,0,0,0,0,0,0,0,0,0,0,0,0,0,0,0,128,[84 -64 4 0 0 0 0 0 0 0 0 0 -10 -7 -9 -7 -9 -7 -9 -8 -9 -8 -9 -8 -9 -8 -8 -9 -8 -9 -9 -9 -8 -9 -8 -9 -8 -9 -8 -9 -8 -10 -7 -9 -8 -10 -8 -9 -8 -10 -8 -10 -8 -9 -8 -10 -8 -9 -8 -10 -8 -9 -8 -9 0 0 -9 -9 -9 -9 -9 -9 -8 -9 -9 -10 -9 -9 -9 -9 -10 -9 -9 -9 -9 -8 -10 -8 -11 -9 -10 -9 -10 -9 -10 -9 -11 -9 -11 -9 -11 -9 -11 -9 -11 -9 -12 -9 -12 -9 -12 -9 -12 -9 -12 -9 -12 -8 0 0 0 0 0 0 0 0 0 0]"
"1769326798076814,CSI_DATA,STATION,00:00:00:00:00:00,0,0,0,0,0,0,0,0,0,0,0,0,0,0,0,0,0,0,0,0,0,128,[84 -64 4 0 0 0 0 0 0 0 0 0 -6 -8 -7 -8 -6 -9 -7 -8 -7 -9 -6 -9 -6 -10 -6 -10 -6 -10 -6 -10 -5 -10 -5 -10 -5 -10 -5 -11 -5 -10 -5 -11 -5 -10 -4 -10 -5 -10 -5 -10 -5 -11 -5 -10 -4 -10 -4 -11 -5 -10 -5 -10 0 0 -5 -10 -5 -10 -5 -10 -6 -10 -6 -10 -6 -10 -6 -11 -6 -10 -6 -11 -6 -10 -6 -11 -6 -11 -6 -10 -7 -10 -7 -11 -7 -11 -7 -11 -7 -11 -7 -11 -7 -12 -7 -11 -8 -11 -8 -12 -8 -11 -8 -12 -7 -12 0 0 0 0 0 0 0 0 0 0]"
"1769326798081143,CSI_DATA,STATION,00:00:00:00:00:00,0,0,0,0,0,0,0,0,0,0,0,0,0,0,0,0,0,0,0,0,0,128,[84 -64 4 0 0 0 0 0 0 0 0 0 7 7 8 8 7 8 7 8 6 8 7 9 6 9 6 10 6 9 6 9 6 9 6 9 5 10 5 9 5 10 5 10 5 10 5 9 5 10 5 10 5 10 5 10 5 10 5 10 5 10 5 10 0 0 5 9 6 9 6 10 5 9 6 10 6 10 6 10 7 10 6 9 6 10 7 9 7 10 7 10 7 10 7 10 7 10 8 9 8 10 8 10 8 10 8 10 8 10 8 10 8 10 8 10 8 10 0 0 0 0 0 0 0 0 0 0]"
"1769326798085519,CSI_DATA,STATION,00:00:00:00:00:00,0,0,0,0,0,0,0,0,0,0,0,0,0,0,0,0,0,0,0,0,0,128,[84 -64 4 0 0 0 0 0 0 0 0 0 -3 12 -3 12 -4 12 -5 12 -5 12 -5 11 -6 12 -6 12 -6 11 -7 11 -6 11 -7 11 -7 11 -7 11 -7 10 -7 11 -7 11 -7 11 -8 10 -8 10 -7 10 -8 10 -8 11 -8 11 -7 10 -7 11 0 0 -7 10 -7 10 -7 11 -7 11 -7 11 -7 11 -7 11 -8 11 -7 11 -7 12 -7 12 -7 12 -7 12 -7 12 -7 12 -7 12 -7 13 -7 13 -7 13 -7 13 -7 13 -7 13 -8 13 -7 13 -7 14 -7 14 0 0 0 0 0 0 0 0 0 0]"
"1769326798092026,CSI_DATA,STATION,00:00:00:00:00:00,0,0,0,0,0,0,0,0,0,0,0,0,0,0,0,0,0,0,0,0,0,128,[84 -64 4 0 0 0 0 0 0 0 0 0 -10 -4 -11 -4 -11 -4 -12 -4 -11 -6 -11 -5 -10 -6 -11 -6 -10 -7 -11 -6 -11 -6 -11 -6 -11 -6 -10 -7 -11 -7 -10 -6 -10 -7 -11 -7 -10 -7 -10 -7 -10 -7 -10 -7 -10 -7 -10 -7 -10 -7 -10 -7 0 0 -10 -7 -10 -7 -11 -6 -10 -6 -11 -7 -11 -7 -11 -6 -12 -6 -11 -6 -11 -6 -12 -6 -12 -6 -12 -6 -13 -6 -12 -6 -13 -6 -12 -6 -12 -6 -12 -6 -12 -6 -13 -6 -13 -6 -13 -6 -14 -6 -13 -6 -14 -6 0 0 0 0 0 0 0 0 0 0]"
"1769326798096456,CSI_DATA,STATION,00:00:00:00:00:00,0,0,0,0,0,0,0,0,0,0,0,0,0,0,0,0,0,0,0,0,0,128,[84 -64 4 0 0 0 0 0 0 0 0 0 -4 9 -4 9 -4 9 -4 9 -5 9 -5 9 -5 9 -6 9 -6 8 -6 8 -6 9 -7 9 -6 8 -6 8 -7 8 -7 8 -7 8 -6 8 -7 8 -7 8 -7 8 -6 8 -6 8 -7 8 -7 8 -7 8 0 0 -6 8 -6 9 -6 9 -7 9 -6 9 -6 9 -6 9 -6 9 -6 9 -6 10 -6 10 -6 10 -6 10 -6 10 -6 11 -5 11 -6 11 -5 11 -6 11 -6 11 -6 11 -6 11 -6 11 -6 12 -6 12 -6 12 0 0 0 0 0 0 0 0 0 0]"
"1769326798100801,CSI_DATA,STATION,00:00:00:00:00:00,0,0,0,0,0,0,0,0,0,0,0,0,0,0,0,0,0,0,0,0,0,128,[84 -64 4 0 0 0 0 0 0 0 0 0 -5 8 -5 8 -6 8 -6 9 -6 8 -6 8 -7 9 -7 8 -7 8 -8 7 -7 8 -7 7 -8 7 -7 7 -8 7 -8 7 -8 8 -7 7 -8 7 -8 7 -8 7 -8 7 -8 7 -8 7 -8 7 -8 8 0 0 -8 8 -7 7 -8 8 -8 8 -7 8 -7 8 -7 8 -7 8 -7 8 -7 9 -8 9 -7 9 -8 9 -7 9 -7 9 -7 10 -7 10 -7 10 -7 10 -7 10 -7 11 -7 10 -7 10 -7 11 -7 11 -7 11 0 0 0 0 0 0 0 0 0 0]"
"1769326798107422,CSI_DATA,STATION,00:00:00:00:00:00,0,0,0,0,0,0,0,0,0,0,0,0,0,0,0,0,0,0,0,0,0,128,[84 -64 4 0 0 0 0 0 0 0 0 0 -8 -8 -8 -8 -8 -9 -8 -9 -8 -9 -7 -9 -7 -10 -7 -10 -7 -10 -7 -11 -7 -10 -6 -11 -7 -11 -6 -11 -6 -11 -6 -11 -5 -11 -6 -10 -6 -11 -6 -11 -6 -11 -6 -11 -6 -11 -6 -11 -6 -11 -6 -11 0 0 -6 -11 -6 -11 -6 -10 -6 -11 -6 -11 -7 -11 -7 -11 -7 -11 -7 -11 -7 -11 -7 -11 -7 -11 -8 -11 -7 -11 -7 -12 -8 -11 -8 -11 -8 -11 -9 -11 -9 -12 -8 -12 -9 -11 -9 -12 -9 -11 -9 -12 -9 -12 0 0 0 0 0 0 0 0 0 0]"
"1769326798111795,CSI_DATA,STATION,00:00:00:00:00:00,0,0,0,0,0,0,0,0,0,0,0,0,0,0,0,0,0,0,0,0,0,128,[84 -64 4 0 0 0 0 0 0 0 0 0 -1 11 -1 10 -2 11 -2 11 -3 11 -3 11 -3 11 -4 11 -4 11 -4 11 -3 11 -4 11 -4 11 -5 10 -5 10 -4 11 -5 11 -5 11 -5 10 -5 10 -5 10 -6 10 -5 11 -5 10 -5 10 -5 10 0 0 -5 11 -5 11 -4 10 -5 11 -4 11 -5 10 -5 10 -5 11 -4 11 -4 11 -4 12 -4 12 -4 12 -4 12 -4 12 -4 13 -4 12 -4 12 -4 13 -4 13 -4 13 -4 13 -4 13 -4 13 -3 13 -4 13 0 0 0 0 0 0 0 0 0 0]"
"1769326798118420,CSI_DATA,STATION,00:00:00:00:00:00,0,0,0,0,0,0,0,0,0,0,0,0,0,0,0,0,0,0,0,0,0,128,[84 -64 4 0 0 0 0 0 0 0 0 0 3 10 3 11 3 10 2 11 2 11 2 11 2 11 1 11 2 11 1 11 1 11 0 11 0 11 0 11 0 11 0 11 0 12 0 11 0 11 0 11 0 11 0 11 0 11 0 11 0 11 -1 12 0 0 -1 11 1 11 1 11 1 11 0 11 1 11 1 12 1 12 1 11 1 12 1 12 1 12 1 12 1 12 1 12 2 13 2 12 2 13 2 13 2 13 2 13 2 13 2 13 2 13 2 14 2 13 0 0 0 0 0 0 0 0 0 0]"
"1769326798122791,CSI_DATA,STATION,00:00:00:00:00:00,0,0,0,0,0,0,0,0,0,0,0,0,0,0,0,0,0,0,0,0,0,128,[84 -64 4 0 0 0 0 0 0 0 0 0 -2 10 -3 11 -3 10 -3 11 -3 10 -4 11 -4 10 -4 11 -5 10 -6 10 -5 11 -5 10 -6 10 -5 10 -6 10 -5 10 -6 10 -5 11 -6 10 -5 10 -5 10 -6 10 -6 10 -5 10 -5 10 -5 10 0 0 -5 10 -4 10 -4 10 -4 10 -5 11 -5 11 -4 11 -4 11 -4 11 -4 11 -4 12 -4 12 -4 12 -3 12 -4 12 -3 12 -3 12 -4 13 -3 13 -3 12 -3 13 -3 12 -3 13 -3 13 -3 13 -3 13 0 0 0 0 0 0 0 0 0 0]"
"1769326798127216,CSI_DATA,STATION,00:00:00:00:00:00,0,0,0,0,0,0,0,0,0,0,0,0,0,0,0,0,0,0,0,0,0,128,[84 -64 4 0 0 0 0 0 0 0 0 0 -12 13 -13 13 -14 12 -14 13 -14 12 -14 12 -15 11 -15 11 -15 11 -16 10 -16 11 -16 10 -16 10 -16 9 -16 9 -16 9 -17 9 -16 10 -17 9 -17 9 -16 9 -16 8 -16 9 -17 9 -16 9 -16 9 0 0 -16 9 -15 10 -16 10 -16 10 -16 10 -16 10 -16 10 -16 10 -16 11 -16 11 -16 12 -16 11 -16 11 -16 12 -16 13 -16 13 -17 12 -16 13 -16 14 -17 13 -16 14 -16 13 -17 13 -17 14 -16 15 -17 15 0 0 0 0 0 0 0 0 0 0]"
"1769326798133582,CSI_DATA,STATION,00:00:00:00:00:00,0,0,0,0,0,0,0,0,0,0,0,0,0,0,0,0,0,0,0,0,0,128,[84 -64 4 0 0 0 0 0 0 0 0 0 -4 -11 -3 -11 -3 -11 -3 -11 -3 -13 -3 -12 -2 -12 -1 -12 -1 -12 -1 -12 -1 -13 -1 -12 0 -12 -1 -12 -1 -12 -1 -12 -1 -12 0 -12 -1 -12 -1 -13 0 -12 -1 -12 0 -12 -1 -12 -1 -12 -1 -12 0 0 -1 -12 -2 -12 -1 -12 -2 -13 -2 -13 -2 -13 -2 -13 -2 -13 -2 -12 -2 -13 -3 -13 -3 -12 -3 -13 -3 -13 -3 -13 -3 -13 -4 -14 -4 -14 -4 -14 -4 -13 -4 -14 -4 -14 -4 -14 -4 -14 -4 -14 -4 -14 0 0 0 0 0 0 0 0 0 0]"
"1769326798137822,CSI_DATA,STATION,00:00:00:00:00:00,0,0,0,0,0,0,0,0,0,0,0,0,0,0,0,0,0,0,0,0,0,128,[84 -64 4 0 0 0 0 0 0 0 0 0 -13 -14 -12 -14 -12 -15 -12 -16 -11 -16 -11 -16 -10 -16 -10 -17 -10 -17 -10 -17 -10 -17 -9 -17 -9 -18 -9 -18 -8 -18 -8 -18 -8 -18 -8 -17 -8 -18 -8 -18 -8 -18 -7 -18 -8 -17 -8 -18 -8 -18 -8 -17 0 0 -8 -18 -8 -17 -8 -18 -8 -18 -9 -18 -9 -18 -9 -18 -9 -18 -9 -18 -10 -17 -10 -18 -10 -18 -10 -18 -11 -18 -10 -18 -11 -18 -11 -19 -11 -18 -11 -19 -12 -19 -12 -19 -12 -18 -12 -19 -13 -19 -12 -19 -13 -19 0 0 0 0 0 0 0 0 0 0]"
"1769326798144207,CSI_DATA,STATION,00:00:00:00:00:00,0,0,0,0,0,0,0,0,0,0,0,0,0,0,0,0,0,0,0,0,0,128,[84 -64 4 0 0 0 0 0 0 0 0 0 -9 -8 -9 -8 -9 -8 -9 -8 -8 -8 -8 -9 -8 -9 -8 -9 -8 -9 -8 -10 -7 -10 -7 -9 -7 -10 -7 -11 -8 -10 -7 -10 -7 -11 -7 -10 -7 -11 -7 -11 -6 -10 -7 -10 -6 -10 -7 -10 -7 -10 -7 -10 0 0 -7 -10 -7 -10 -7 -10 -7 -10 -8 -10 -8 -10 -7 -10 -8 -10 -8 -10 -8 -10 -8 -10 -9 -10 -9 -10 -9 -11 -8 -11 -9 -11 -9 -10 -9 -11 -9 -11 -9 -11 -10 -11 -9 -11 -9 -11 -10 -11 -9 -11 -10 -11 0 0 0 0 0 0 0 0 0 0]"
"1769326798148441,CSI_DATA,STATION,00:00:00:00:00:00,0,0,0,0,0,0,0,0,0,0,0,0,0,0,0,0,0,0,0,0,0,128,[84 -64 4 0 0 0 0 0 0 0 0 0 -8 -9 -8 -9 -8 -9 -8 -9 -7 -9 -7 -10 -7 -10 -7 -10 -7 -10 -7 -10 -6 -10 -7 -10 -6 -11 -7 -11 -6 -11 -6 -11 -5 -11 -6 -10 -6 -11 -6 -11 -6 -11 -6 -11 -5 -11 -6 -11 -6 -11 -6 -11 0 0 -7 -10 -7 -10 -7 -11 -6 -10 -7 -11 -7 -10 -7 -11 -7 -11 -7 -11 -8 -10 -8 -11 -8 -11 -8 -11 -8 -11 -8 -11 -9 -11 -9 -11 -9 -11 -9 -11 -9 -11 -9 -11 -10 -11 -9 -11 -10 -11 -10 -11 -10 -11 0 0 0 0 0 0 0 0 0 0]"
"1769326798154786,CSI_DATA,STATION,00:00:00:00:00:00,0,0,0,0,0,0,0,0,0,0,0,0,0,0,0,0,0,0,0,0,0,128,[84 -64 4 0 0 0 0 0 0 0 0 0 5 9 6 9 5 10 5 9 5 10 4 10 4 10 4 11 4 11 4 11 3 11 3 11 3 10 3 11 3 11 3 11 2 11 2 11 2 11 3 11 2 11 2 11 2 11 2 11 3 11 3 11 0 0 3 11 3 11 3 11 3 11 3 11 3 11 3 11 4 11 3 10 3 11 4 11 4 12 4 12 4 12 3 12 4 12 5 11 4 12 4 12 5 12 5 12 4 12 5 12 5 12 5 13 5 13 0 0 0 0 0 0 0 0 0 0]"
"1769326798158992,CSI_DATA,STATION,00:00:00:00:00:00,0,0,0,0,0,0,0,0,0,0,0,0,0,0,0,0,0,0,0,0,0,128,[84 -64 4 0 0 0 0 0 0 0 0 0 -14 -3 -14 -4 -15 -5 -14 -5 -15 -5 -13 -5 -13 -6 -13 -6 -13 -6 -14 -7 -14 -7 -13 -7 -14 -8 -14 -8 -14 -7 -14 -7 -12 -7 -14 -8 -14 -7 -13 -8 -13 -8 -14 -8 -14 -7 -14 -8 -14 -8 -13 -7 0 0 -13 -7 -14 -7 -14 -6 -14 -7 -14 -6 -14 -7 -15 -7 -15 -6 -14 -6 -14 -6 -15 -5 -15 -6 -15 -5 -15 -6 -16 -6 -16 -5 -17 -6 -16 -5 -17 -5 -17 -4 -17 -5 -17 -5 -18 -5 -18 -5 -17 -5 -17 -4 0 0 0 0 0 0 0 0 0 0]"
"1769326798169678,CSI_DATA,STATION,00:00:00:00:00:00,0,0,0,0,0,0,0,0,0,0,0,0,0,0,0,0,0,0,0,0,0,128,[84 -64 4 0 0 0 0 0 0 0 0 0 -7 9 -6 8 -8 8 -8 8 -8 8 -8 8 -8 8 -9 8 -9 8 -10 7 -9 7 -9 7 -10 7 -9 7 -10 6 -10 8 -10 7 -9 7 -9 7 -10 7 -10 6 -10 7 -10 7 -10 7 -9 7 -10 7 0 0 -9 7 -9 7 -9 7 -9 8 -9 7 -9 7 -9 8 -9 8 -9 8 -10 9 -9 9 -9 9 -9 9 -9 9 -9 9 -9 9 -10 9 -9 10 -9 10 -9 10 -9 10 -9 10 -10 11 -10 10 -9 10 -9 11 0 0 0 0 0 0 0 0 0 0]"
"1769326798176158,CSI_DATA,STATION,00:00:00:00:00:00,0,0,0,0,0,0,0,0,0,0,0,0,0,0,0,0,0,0,0,0,0,128,[84 -64 4 0 0 0 0 0 0 0 0 0 5 7 5 8 4 8 4 9 4 9 3 9 4 10 3 9 3 9 3 10 3 10 3 9 2 10 3 10 2 10 2 10 2 10 2 10 2 10 2 10 2 10 2 10 2 10 2 10 2 10 3 10 0 0 2 10 3 9 3 10 3 9 3 11 3 10 3 10 3 10 3 10 3 10 3 10 4 10 4 11 4 11 4 11 4 11 4 10 5 11 4 11 4 11 5 12 5 11 5 11 5 12 5 12 5 12 0 0 0 0 0 0 0 0 0 0]"
"1769326798182649,CSI_DATA,STATION,00:00:00:00:00:00,0,0,0,0,0,0,0,0,0,0,0,0,0,0,0,0,0,0,0,0,0,128,[84 -64 4 0 0 0 0 0 0 0 0 0 -10 -7 -10 -7 -10 -8 -9 -8 -9 -8 -9 -8 -9 -8 -8 -9 -9 -9 -9 -9 -8 -9 -8 -9 -8 -10 -8 -10 -8 -10 -8 -9 -8 -10 -8 -9 -8 -10 -8 -10 -7 -10 -8 -10 -7 -9 -8 -10 -8 -10 -8 -10 0 0 -8 -9 -9 -9 -8 -9 -8 -9 -9 -9 -9 -10 -9 -9 -9 -9 -9 -9 -9 -9 -10 -9 -10 -9 -10 -9 -10 -9 -10 -9 -10 -9 -10 -9 -11 -9 -11 -9 -11 -9 -11 -9 -11 -9 -11 -10 -11 -9 -11 -9 -11 -9 0 0 0 0 0 0 0 0 0 0]"
"1769326798187013,CSI_DATA,STATION,00:00:00:00:00:00,0,0,0,0,0,0,0,0,0,0,0,0,0,0,0,0,0,0,0,0,0,128,[84 -64 4 0 0 0 0 0 0 0 0 0 -4 -10 -4 -10 -4 -10 -3 -11 -3 -10 -3 -11 -3 -11 -3 -11 -3 -11 -2 -11 -1 -11 -2 -11 -1 -11 -2 -11 -2 -11 -2 -11 -1 -11 -1 -11 -1 -11 -2 -11 -1 -11 -2 -11 -1 -11 -2 -11 -2 -11 -2 -11 0 0 -2 -11 -2 -11 -2 -11 -3 -12 -2 -11 -3 -11 -3 -11 -3 -12 -4 -11 -3 -11 -3 -12 -3 -12 -3 -12 -3 -12 -4 -12 -4 -12 -4 -12 -4 -12 -4 -13 -4 -13 -4 -13 -5 -12 -4 -13 -5 -13 -5 -13 -5 -13 0 0 0 0 0 0 0 0 0 0]"
"1769326798193495,CSI_DATA,STATION,00:00:00:00:00:00,0,0,0,0,0,0,0,0,0,0,0,0,0,0,0,0,0,0,0,0,0,128,[84 -64 4 0 0 0 0 0 0 0 0 0 -10 -8 -10 -7 -10 -8 -10 -8 -10 -9 -10 -9 -10 -9 -9 -9 -9 -10 -9 -10 -9 -10 -9 -10 -9 -10 -9 -10 -9 -11 -9 -10 -8 -11 -8 -10 -9 -11 -8 -11 -8 -10 -8 -11 -9 -10 -9 -11 -9 -11 -8 -10 0 0 -9 -10 -9 -10 -9 -10 -9 -10 -9 -10 -9 -11 -10 -10 -10 -10 -10 -10 -10 -10 -10 -10 -11 -10 -11 -10 -11 -10 -10 -10 -11 -10 -11 -11 -12 -10 -11 -10 -12 -11 -12 -10 -12 -10 -12 -11 -13 -11 -12 -11 -12 -10 0 0 0 0 0 0 0 0 0 0]"
"1769326798197817,CSI_DATA,STATION,00:00:00:00:00:00,0,0,0,0,0,0,0,0,0,0,0,0,0,0,0,0,0,0,0,0,0,128,[84 -64 4 0 0 0 0 0 0 0 0 0 4 8 4 8 4 9 4 9 3 9 3 9 3 9 3 10 2 10 2 10 2 10 2 10 2 10 2 9 2 10 2 10 1 10 1 9 2 10 1 10 2 10 1 9 2 10 2 10 2 10 2 10 0 0 2 10 3 10 2 10 2 10 3 10 3 10 3 10 3 10 3 10 3 10 3 10 4 10 4 10 4 10 4 11 4 11 5 10 5 11 4 11 5 11 5 11 5 11 5 11 6 11 5 11 5 11 0 0 0 0 0 0 0 0 0 0]"
"1769326798204307,CSI_DATA,STATION,00:00:00:00:00:00,0,0,0,0,0,0,0,0,0,0,0,0,0,0,0,0,0,0,0,0,0,128,[84 -64 4 0 0 0 0 0 0 0 0 0 -9 3 -10 3 -10 2 -11 2 -11 2 -10 2 -11 2 -11 1 -11 1 -11 1 -11 1 -11 1 -11 0 -11 1 -11 0 -10 1 -11 0 -11 0 -12 0 -11 0 -11 0 -10 0 -11 0 -11 0 -11 0 -11 0 0 0 -11 1 -11 1 -11 1 -10 1 -12 1 -12 1 -11 1 -12 1 -11 2 -12 2 -11 2 -12 2 -12 2 -12 2 -12 2 -12 2 -12 2 -13 3 -13 3 -13 2 -13 3 -13 2 -13 3 -14 3 -13 3 -13 3 0 0 0 0 0 0 0 0 0 0]"
"1769326798208612,CSI_DATA,STATION,00:00:00:00:00:00,0,0,0,0,0,0,0,0,0,0,0,0,0,0,0,0,0,0,0,0,0,128,[84 -64 4 0 0 0 0 0 0 0 0 0 9 6 8 6 9 6 9 6 8 6 9 7 9 7 8 7 8 7 8 8 8 8 7 8 7 8 8 7 7 9 8 8 7 8 7 8 7 9 8 9 7 9 7 8 7 8 7 8 7 8 7 8 0 0 7 9 7 8 8 8 7 8 8 8 8 8 8 8 8 8 8 8 9 8 9 8 9 8 9 8 9 8 9 8 10 9 10 8 9 8 10 8 9 8 10 8 10 9 10 8 11 8 10 8 10 9 0 0 0 0 0 0 0 0 0 0]"
"1769326798215105,CSI_DATA,STATION,00:00:00:00:00:00,0,0,0,0,0,0,0,0,0,0,0,0,0,0,0,0,0,0,0,0,0,128,[84 -64 4 0 0 0 0 0 0 0 0 0 -7 -8 -7 -8 -7 -8 -7 -8 -7 -9 -7 -9 -7 -9 -6 -9 -6 -10 -6 -10 -6 -10 -6 -9 -6 -9 -6 -10 -6 -10 -5 -10 -5 -10 -5 -10 -5 -10 -5 -10 -5 -10 -5 -10 -5 -10 -5 -10 -5 -10 -6 -10 0 0 -5 -10 -6 -10 -6 -10 -6 -10 -6 -10 -6 -10 -7 -10 -6 -10 -6 -10 -7 -10 -7 -10 -7 -10 -7 -11 -8 -10 -7 -10 -7 -11 -8 -11 -8 -11 -8 -11 -8 -12 -8 -11 -8 -11 -8 -11 -8 -11 -8 -11 -8 -11 0 0 0 0 0 0 0 0 0 0]"
"1769326798219403,CSI_DATA,STATION,00:00:00:00:00:00,0,0,0,0,0,0,0,0,0,0,0,0,0,0,0,0,0,0,0,0,0,128,[84 -64 4 0 0 0 0 0 0 0 0 0 8 -4 9 -3 9 -3 10 -3 10 -2 10 -2 10 -2 10 -2 10 -2 10 -1 10 -1 10 -1 10 -1 10 -1 10 0 10 -1 10 0 10 -1 11 0 10 0 10 0 10 0 10 0 10 0 10 0 10 -1 0 0 10 -1 10 -1 11 -1 11 -1 11 -1 11 -1 11 -1 10 -2 10 -2 10 -2 10 -2 11 -2 11 -2 11 -2 11 -2 12 -2 11 -2 12 -3 12 -3 11 -3 12 -3 12 -3 12 -3 12 -3 12 -3 13 -3 0 0 0 0 0 0 0 0 0 0]"
"1769326798223782,CSI_DATA,STATION,00:00:00:00:00:00,0,0,0,0,0,0,0,0,0,0,0,0,0,0,0,0,0,0,0,0,0,128,[84 -64 4 0 0 0 0 0 0 0 0 0 14 -7 15 -7 15 -6 15 -6 15 -5 15 -5 16 -5 16 -5 16 -4 16 -4 16 -4 16 -3 16 -3 16 -3 16 -2 16 -2 16 -3 15 -2 16 -2 16 -1 16 -1 16 -1 16 -2 16 -2 16 -2 16 -3 0 0 16 -3 16 -2 16 -2 16 -3 17 -2 17 -3 17 -2 16 -3 16 -3 16 -4 16 -5 17 -4 17 -4 17 -4 17 -4 18 -5 18 -5 18 -6 18 -5 18 -5 18 -6 18 -5 18 -5 18 -6 18 -6 18 -6 0 0 0 0 0 0 0 0 0 0]"
"1769326798230408,CSI_DATA,STATION,00:00:00:00:00:00,0,0,0,0,0,0,0,0,0,0,0,0,0,0,0,0,0,0,0,0,0,128,[84 -64 4 0 0 0 0 0 0 0 0 0 8 6 8 6 9 7 9 7 8 7 8 7 8 7 8 7 7 8 8 8 7 9 7 8 8 8 7 8 7 9 7 8 7 8 6 9 7 8 7 9 7 9 7 8 7 8 7 9 7 8 7 8 0 0 7 8 8 8 8 8 7 8 8 8 8 8 8 8 8 8 8 7 9 8 9 8 9 8 9 8 10 8 9 8 10 8 10 7 11 7 10 8 10 7 10 7 10 8 10 8 11 8 10 8 11 8 0 0 0 0 0 0 0 0 0 0]"
"1769326798234728,CSI_DATA,STATION,00:00:00:00:00:00,0,0,0,0,0,0,0,0,0,0,0,0,0,0,0,0,0,0,0,0,0,128,[84 -64 4 0 0 0 0 0 0 0 0 0 -1 10 -1 11 -1 11 -1 11 -2 11 -2 11 -3 11 -3 11 -3 11 -3 11 -3 11 -3 11 -4 11 -4 11 -3 11 -3 10 -4 11 -4 11 -4 11 -4 11 -4 11 -4 10 -3 10 -4 11 -3 11 -4 11 0 0 -4 11 -3 10 -3 11 -3 11 -3 11 -2 11 -2 11 -2 12 -3 11 -2 11 -3 12 -2 12 -2 12 -2 12 -2 12 -1 13 -2 12 -1 13 -1 13 -1 13 -1 13 -1 13 -1 13 -1 14 -1 14 -2 13 0 0 0 0 0 0 0 0 0 0]"
"1769326798239048,CSI_DATA,STATION,00:00:00:00:00:00,0,0,0,0,0,0,0,0,0,0,0,0,0,0,0,0,0,0,0,0,0,128,[84 -64 4 0 0 0 0 0 0 0 0 0 8 -7 9 -7 10 -6 9 -5 10 -6 10 -5 10 -5 10 -5 11 -6 11 -4 11 -5 10 -4 11 -4 11 -4 11 -4 10 -4 10 -4 10 -4 11 -3 11 -3 11 -3 11 -4 11 -4 11 -4 11 -4 11 -4 0 0 11 -5 11 -4 11 -4 11 -5 11 -5 11 -5 11 -5 11 -6 11 -5 11 -6 11 -6 11 -5 11 -6 11 -6 11 -6 11 -7 11 -7 11 -7 12 -7 11 -7 12 -8 11 -7 12 -7 12 -7 11 -8 12 -8 0 0 0 0 0 0 0 0 0 0]"
"1769326798245546,CSI_DATA,STATION,00:00:00:00:00:00,0,0,0,0,0,0,0,0,0,0,0,0,0,0,0,0,0,0,0,0,0,128,[84 -64 4 0 0 0 0 0 0 0 0 0 -6 9 -6 9 -7 9 -8 10 -7 9 -8 9 -8 9 -9 9 -8 8 -9 8 -8 8 -9 8 -9 8 -9 8 -9 8 -9 8 -9 8 -9 8 -10 8 -10 7 -9 8 -10 7 -9 7 -9 8 -9 7 -9 8 0 0 -9 8 -8 8 -9 8 -9 8 -9 9 -9 8 -9 8 -9 9 -9 9 -9 9 -9 9 -9 9 -9 9 -9 10 -9 10 -9 10 -8 10 -10 10 -9 11 -9 11 -9 11 -9 11 -9 10 -9 11 -9 12 -10 12 0 0 0 0 0 0 0 0 0 0]"
"1769326798249897,CSI_DATA,STATION,00:00:00:00:00:00,0,0,0,0,0,0,0,0,0,0,0,0,0,0,0,0,0,0,0,0,0,128,[84 -64 4 0 0 0 0 0 0 0 0 0 2 -10 3 -10 3 -9 3 -10 4 -10 4 -10 4 -10 5 -10 5 -10 5 -9 4 -10 5 -9 5 -9 5 -9 5 -9 5 -9 5 -10 5 -10 5 -9 6 -9 5 -9 5 -9 5 -10 5 -9 5 -9 5 -10 0 0 4 -10 5 -10 5 -10 4 -10 4 -11 4 -11 4 -10 4 -10 4 -11 4 -11 3 -11 4 -11 4 -11 4 -11 4 -12 4 -12 4 -12 4 -13 4 -12 3 -13 3 -13 3 -12 4 -13 3 -13 3 -13 3 -13 0 0 0 0 0 0 0 0 0 0]"
"1769326798254199,CSI_DATA,STATION,00:00:00:00:00:00,0,0,0,0,0,0,0,0,0,0,0,0,0,0,0,0,0,0,0,0,0,128,[84 -64 4 0 0 0 0 0 0 0 0 0 -9 8 -8 7 -9 7 -9 7 -10 6 -9 7 -10 7 -10 6 -10 7 -11 6 -11 6 -10 6 -10 5 -11 5 -11 5 -11 6 -11 5 -10 5 -11 4 -11 5 -11 5 -11 4 -11 5 -11 4 -11 4 -11 5 0 0 -11 5 -11 5 -11 5 -11 5 -10 5 -11 5 -11 6 -11 6 -11 6 -11 6 -11 7 -11 6 -11 6 -11 6 -11 7 -11 7 -11 7 -11 7 -11 8 -11 7 -12 8 -11 7 -12 7 -12 7 -12 8 -12 8 0 0 0 0 0 0 0 0 0 0]"
"1769326798260654,CSI_DATA,STATION,00:00:00:00:00:00,0,0,0,0,0,0,0,0,0,0,0,0,0,0,0,0,0,0,0,0,0,128,[84 -64 4 0 0 0 0 0 0 0 0 0 10 -4 10 -3 10 -3 10 -3 11 -2 11 -2 11 -2 11 -2 11 -2 12 -1 11 -1 11 -1 11 -1 12 -1 12 0 11 -1 11 -1 11 -1 11 -1 12 0 11 0 11 0 11 -1 11 -1 11 -1 11 -1 0 0 11 -1 12 -1 12 -1 11 -2 12 -2 12 -2 12 -2 11 -2 12 -2 11 -2 11 -3 12 -3 13 -3 12 -2 12 -3 12 -4 12 -3 12 -4 12 -3 12 -3 13 -4 13 -3 13 -4 13 -4 13 -4 13 -4 0 0 0 0 0 0 0 0 0 0]"
"1769326798264989,CSI_DATA,STATION,00:00:00:00:00:00,0,0,0,0,0,0,0,0,0,0,0,0,0,0,0,0,0,0,0,0,0,128,[84 -64 4 0 0 0 0 0 0 0 0 0 1 10 0 11 0 11 0 11 0 11 -1 11 0 12 -1 12 -1 11 -2 11 -2 12 -3 11 -2 11 -2 11 -3 11 -2 11 -2 11 -2 11 -2 11 -2 11 -2 11 -2 11 -3 11 -3 11 -3 11 -2 11 0 0 -2 11 -1 11 -2 11 -1 12 -1 12 -1 12 -1 12 -1 11 -1 12 -1 12 -1 12 -1 12 -1 12 -1 12 0 13 -1 13 0 13 0 13 0 13 0 13 0 14 1 13 0 13 0 13 0 14 0 13 0 0 0 0 0 0 0 0 0 0]"
"1769326798271435,CSI_DATA,STATION,00:00:00:00:00:00,0,0,0,0,0,0,0,0,0,0,0,0,0,0,0,0,0,0,0,0,0,128,[84 -64 4 0 0 0 0 0 0 0 0 0 -11 -4 -11 -4 -11 -4 -11 -5 -11 -5 -11 -5 -11 -6 -11 -6 -11 -6 -11 -7 -11 -6 -10 -7 -11 -6 -11 -7 -10 -7 -10 -7 -10 -6 -11 -7 -10 -7 -10 -7 -10 -7 -11 -7 -10 -7 -10 -7 -10 -7 -10 -7 0 0 -11 -7 -11 -6 -10 -7 -10 -6 -11 -7 -11 -7 -11 -6 -11 -6 -11 -6 -12 -6 -12 -6 -12 -6 -12 -6 -12 -6 -12 -6 -12 -5 -13 -6 -13 -6 -13 -6 -13 -6 -13 -6 -14 -6 -14 -6 -14 -6 -13 -6 -13 -5 0 0 0 0 0 0 0 0 0 0]"
"1769326798275761,CSI_DATA,STATION,00:00:00:00:00:00,0,0,0,0,0,0,0,0,0,0,0,0,0,0,0,0,0,0,0,0,0,128,[84 -64 4 0 0 0 0 0 0 0 0 0 -3 -11 -3 -12 -3 -12 -2 -12 -2 -12 -2 -12 -1 -13 -1 -12 -1 -12 -1 -12 -1 -12 -1 -12 0 -13 0 -12 0 -12 0 -13 0 -12 0 -13 0 -13 0 -13 0 -13 0 -13 0 -12 0 -12 -1 -13 0 -13 0 0 0 -12 0 -12 -1 -12 -1 -13 0 -13 -1 -13 -1 -13 -1 -13 -1 -13 -1 -13 -2 -14 -2 -13 -2 -14 -2 -14 -2 -14 -2 -14 -2 -14 -2 -15 -2 -15 -2 -15 -2 -15 -2 -15 -2 -15 -3 -15 -3 -15 -3 -15 0 0 0 0 0 0 0 0 0 0]"
"1769326798282218,CSI_DATA,STATION,00:00:00:00:00:00,0,0,0,0,0,0,0,0,0,0,0,0,0,0,0,0,0,0,0,0,0,128,[84 -64 4 0 0 0 0 0 0 0 0 0 -3 -18 -3 -18 -3 -19 -2 -19 -2 -20 -1 -19 0 -19 -1 -19 0 -20 1 -20 1 -20 1 -19 1 -19 1 -19 2 -19 2 -20 2 -18 2 -19 1 -19 2 -19 2 -19 2 -19 2 -19 1 -19 2 -19 2 -19 0 0 1 -19 1 -19 1 -19 1 -20 0 -20 0 -20 0 -20 -1 -20 0 -20 -1 -20 -1 -20 -1 -20 -1 -20 -1 -20 -1 -21 -2 -21 -3 -22 -3 -21 -3 -21 -3 -22 -3 -22 -3 -22 -3 -23 -4 -22 -3 -22 -4 -22 0 0 0 0 0 0 0 0 0 0]"
"1769326798286529,CSI_DATA,STATION,00:00:00:00:00:00,0,0,0,0,0,0,0,0,0,0,0,0,0,0,0,0,0,0,0,0,0,128,[84 -64 4 0 0 0 0 0 0 0 0 0 7 -7 7 -7 8 -6 8 -6 8 -7 8 -6 8 -6 9 -6 8 -6 9 -5 9 -5 9 -5 9 -4 10 -5 9 -5 9 -5 9 -5 9 -5 10 -5 10 -5 10 -4 9 -4 9 -5 9 -4 10 -4 10 -5 0 0 9 -5 9 -5 9 -5 9 -5 10 -5 10 -6 10 -5 9 -5 9 -6 9 -6 10 -6 10 -6 10 -6 10 -6 10 -7 10 -7 10 -7 10 -7 10 -7 10 -7 10 -7 10 -7 11 -7 11 -7 10 -8 11 -7 0 0 0 0 0 0 0 0 0 0]"
"1769326798290841,CSI_DATA,STATION,00:00:00:00:00:00,0,0,0,0,0,0,0,0,0,0,0,0,0,0,0,0,0,0,0,0,0,128,[84 -64 4 0 0 0 0 0 0 0 0 0 -11 -2 -12 -3 -12 -3 -12 -3 -12 -4 -12 -4 -12 -4 -11 -4 -11 -5 -11 -5 -11 -4 -11 -4 -12 -5 -11 -5 -11 -6 -11 -5 -11 -5 -11 -5 -12 -5 -11 -6 -11 -6 -11 -5 -11 -5 -12 -5 -11 -5 -11 -5 0 0 -11 -5 -11 -5 -11 -4 -11 -4 -12 -5 -12 -5 -12 -4 -12 -4 -12 -4 -12 -4 -12 -3 -13 -4 -13 -4 -13 -4 -13 -3 -13 -3 -14 -4 -13 -4 -14 -3 -13 -3 -14 -3 -14 -3 -14 -3 -14 -3 -14 -3 -15 -3 0 0 0 0 0 0 0 0 0 0]"
"1769326798297318,CSI_DATA,STATION,00:00:00:00:00:00,0,0,0,0,0,0,0,0,0,0,0,0,0,0,0,0,0,0,0,0,0,128,[84 -64 4 0 0 0 0 0 0 0 0 0 -10 8 -10 8 -10 7 -11 7 -11 7 -11 7 -11 7 -12 6 -11 6 -12 6 -12 6 -12 6 -12 6 -12 6 -13 5 -12 5 -12 6 -12 6 -12 5 -13 5 -12 5 -12 4 -12 5 -12 5 -12 5 -12 5 0 0 -12 6 -12 6 -12 6 -12 6 -12 6 -12 6 -12 6 -12 6 -12 7 -12 7 -12 8 -12 8 -12 8 -12 8 -12 8 -12 9 -12 8 -12 9 -12 9 -12 9 -12 10 -12 9 -12 10 -13 10 -12 10 -12 10 0 0 0 0 0 0 0 0 0 0]"
"1769326798305910,CSI_DATA,STATION,00:00:00:00:00:00,0,0,0,0,0,0,0,0,0,0,0,0,0,0,0,0,0,0,0,0,0,128,[84 -64 4 0 0 0 0 0 0 0 0 0 9 -2 10 -1 9 -2 10 -1 10 -1 9 -1 10 -1 10 0 10 0 10 1 10 1 10 1 10 1 10 1 10 1 10 0 10 1 10 1 10 1 10 1 10 2 10 1 10 1 10 1 10 1 10 1 0 0 10 0 10 1 10 0 11 0 10 0 11 0 11 0 10 0 11 -1 11 -1 11 -1 11 -1 12 -1 11 -1 11 -2 11 -1 12 -1 12 -2 12 -2 12 -2 12 -2 12 -1 13 -2 12 -2 12 -3 12 -2 0 0 0 0 0 0 0 0 0 0]"
"1769326798312367,CSI_DATA,STATION,00:00:00:00:00:00,0,0,0,0,0,0,0,0,0,0,0,0,0,0,0,0,0,0,0,0,0,128,[84 -64 4 0 0 0 0 0 0 0 0 0 -4 -11 -4 -11 -3 -12 -3 -12 -2 -12 -2 -12 -1 -12 -1 -12 -1 -12 -1 -12 -1 -13 0 -12 0 -12 0 -11 0 -12 0 -12 0 -12 1 -12 1 -12 1 -12 1 -12 0 -12 1 -12 0 -12 0 -11 0 -12 0 0 0 -12 0 -12 0 -12 0 -12 0 -13 0 -13 -1 -12 0 -13 0 -12 0 -13 -1 -13 -1 -12 -1 -13 -1 -13 -1 -13 -1 -14 -1 -13 -1 -14 -1 -14 -1 -14 -1 -14 -1 -14 -1 -15 -1 -14 -1 -14 -1 -14 0 0 0 0 0 0 0 0 0 0]"
"1769326798318822,CSI_DATA,STATION,00:00:00:00:00:00,0,0,0,0,0,0,0,0,0,0,0,0,0,0,0,0,0,0,0,0,0,128,[84 -64 4 0 0 0 0 0 0 0 0 0 10 1 10 1 10 1 10 2 10 2 10 2 10 3 10 3 10 3 10 4 10 3 10 4 10 4 10 4 10 4 10 4 9 4 10 4 10 5 10 4 9 5 10 5 9 4 10 5 10 4 10 4 0 0 10 4 10 4 10 4 10 3 10 4 11 4 11 4 10 4 10 4 11 4 11 3 11 4 11 4 12 4 12 3 12 3 12 3 12 3 12 3 12 3 12 3 12 4 13 4 13 3 13 4 13 3 0 0 0 0 0 0 0 0 0 0]"
"1769326798323170,CSI_DATA,STATION,00:00:00:00:00:00,0,0,0,0,0,0,0,0,0,0,0,0,0,0,0,0,0,0,0,0,0,128,[84 -64 4 0 0 0 0 0 0 0 0 0 2 11 2 11 2 12 1 12 1 12 1 12 0 13 0 12 0 12 -1 12 -1 13 -1 12 -1 12 -1 12 -1 13 -1 13 -2 13 -2 13 -1 12 -2 13 -1 12 -1 12 -2 12 -2 12 -1 12 -1 12 0 0 -1 12 -1 12 -1 12 -1 13 -1 13 -1 13 -1 12 0 13 -1 13 0 13 1 13 0 13 0 13 0 13 1 13 1 14 1 14 1 14 1 15 1 14 2 14 1 15 1 14 1 14 1 15 2 14 0 0 0 0 0 0 0 0 0 0]"
"1769326798329825,CSI_DATA,STATION,00:00:00:00:00:00,0,0,0,0,0,0,0,0,0,0,0,0,0,0,0,0,0,0,0,0,0,128,[84 -64 4 0 0 0 0 0 0 0 0 0 -1 -12 -1 -12 0 -12 0 -11 0 -12 0 -12 1 -12 1 -12 1 -12 1 -12 1 -12 2 -12 1 -12 2 -12 2 -12 2 -12 2 -11 2 -12 2 -12 2 -12 2 -12 2 -12 2 -12 2 -12 2 -11 2 -12 0 0 2 -12 1 -12 1 -12 1 -12 1 -12 1 -12 0 -12 0 -13 1 -13 1 -13 0 -13 0 -13 1 -13 1 -13 0 -13 0 -13 0 -14 0 -14 0 -14 0 -14 0 -14 0 -14 0 -14 -1 -15 0 -15 -1 -14 0 0 0 0 0 0 0 0 0 0]"
"1769326798334172,CSI_DATA,STATION,00:00:00:00:00:00,0,0,0,0,0,0,0,0,0,0,0,0,0,0,0,0,0,0,0,0,0,128,[84 -64 4 0 0 0 0 0 0 0 0 0 0 10 -1 10 -1 11 -1 11 -2 11 -2 11 -2 11 -2 11 -2 11 -3 11 -3 11 -3 11 -3 11 -3 11 -4 11 -4 11 -4 11 -4 11 -4 11 -4 10 -4 11 -4 11 -4 11 -4 11 -4 10 -3 11 0 0 -4 11 -3 11 -3 11 -3 11 -3 11 -3 11 -3 11 -3 11 -2 12 -3 12 -2 12 -2 11 -3 12 -2 12 -2 12 -2 13 -2 13 -2 12 -2 13 -2 13 -2 13 -2 13 -2 13 -2 13 -1 13 -2 13 0 0 0 0 0 0 0 0 0 0]"
"1769326798338460,CSI_DATA,STATION,00:00:00:00:00:00,0,0,0,0,0,0,0,0,0,0,0,0,0,0,0,0,0,0,0,0,0,128,[84 -64 4 0 0 0 0 0 0 0 0 0 -9 9 -9 9 -9 9 -10 9 -10 8 -11 8 -10 8 -11 8 -11 7 -11 7 -11 8 -11 8 -11 7 -11 7 -12 6 -12 7 -12 7 -11 6 -12 7 -11 7 -11 6 -12 6 -11 7 -11 7 -12 6 -11 7 0 0 -12 7 -11 7 -11 7 -11 7 -11 7 -12 7 -12 8 -11 8 -11 8 -11 9 -11 9 -11 8 -12 9 -11 9 -12 8 -12 10 -11 9 -11 10 -12 10 -12 10 -12 10 -12 10 -12 10 -12 10 -12 11 -12 11 0 0 0 0 0 0 0 0 0 0]"
"1769326798344971,CSI_DATA,STATION,00:00:00:00:00:00,0,0,0,0,0,0,0,0,0,0,0,0,0,0,0,0,0,0,0,0,0,128,[84 -64 4 0 0 0 0 0 0 0 0 0 8 6 8 6 8 7 7 7 7 8 7 8 7 8 7 8 7 9 7 9 7 9 6 9 6 9 7 9 6 9 6 9 6 9 6 9 6 9 6 10 6 9 6 10 5 9 6 9 6 9 6 9 0 0 6 9 7 9 7 9 6 9 6 9 7 10 7 9 7 9 7 9 8 9 7 9 8 9 8 10 8 9 8 10 8 9 9 9 8 9 9 10 8 10 9 9 9 10 9 10 10 10 9 10 9 10 0 0 0 0 0 0 0 0 0 0]"
"1769326798349299,CSI_DATA,STATION,00:00:00:00:00:00,0,0,0,0,0,0,0,0,0,0,0,0,0,0,0,0,0,0,0,0,0,128,[84 -64 4 0 0 0 0 0 0 0 0 0 7 -9 6 -9 7 -9 7 -8 8 -9 7 -8 8 -9 8 -8 8 -8 9 -8 9 -8 9 -8 9 -7 9 -7 10 -7 9 -8 9 -7 9 -7 10 -7 10 -8 9 -7 9 -7 10 -7 9 -6 9 -7 9 -8 0 0 9 -7 9 -8 9 -7 9 -8 9 -8 9 -8 9 -8 9 -8 9 -8 9 -9 9 -9 9 -9 9 -8 9 -9 9 -9 9 -10 9 -9 9 -10 9 -10 9 -10 9 -10 9 -10 10 -10 9 -10 9 -10 9 -11 0 0 0 0 0 0 0 0 0 0]"
"1769326798355795,CSI_DATA,STATION,00:00:00:00:00:00,0,0,0,0,0,0,0,0,0,0,0,0,0,0,0,0,0,0,0,0,0,128,[84 -64 4 0 0 0 0 0 0 0 0 0 -2 -10 -1 -10 -1 -10 -1 -11 -1 -11 0 -11 1 -11 0 -11 1 -11 1 -11 1 -11 1 -11 2 -11 1 -11 1 -11 1 -11 2 -11 2 -11 2 -11 2 -11 2 -11 1 -10 2 -11 2 -11 1 -11 1 -11 0 0 2 -11 1 -11 1 -11 1 -11 1 -12 1 -11 1 -12 1 -12 1 -12 1 -12 0 -12 0 -12 0 -12 0 -12 0 -13 0 -13 0 -13 0 -13 0 -13 0 -13 0 -13 -1 -13 -1 -13 -1 -14 -1 -13 -1 -14 0 0 0 0 0 0 0 0 0 0]"
"1769326798360128,CSI_DATA,STATION,00:00:00:00:00:00,0,0,0,0,0,0,0,0,0,0,0,0,0,0,0,0,0,0,0,0,0,128,[84 -64 4 0 0 0 0 0 0 0 0 0 7 -7 8 -6 8 -6 8 -5 9 -6 8 -5 9 -5 9 -5 9 -5 10 -5 9 -5 10 -4 10 -4 9 -4 9 -4 10 -5 9 -4 10 -4 9 -4 10 -4 10 -4 10 -4 10 -4 10 -4 10 -4 9 -4 0 0 9 -4 10 -5 9 -4 10 -5 9 -5 10 -5 10 -5 10 -5 9 -6 10 -6 9 -6 10 -6 10 -6 10 -5 11 -7 9 -6 10 -7 10 -7 10 -7 10 -7 11 -7 10 -7 11 -7 10 -8 11 -8 10 -8 0 0 0 0 0 0 0 0 0 0]"
"1769326798364439,CSI_DATA,STATION,00:00:00:00:00:00,0,0,0,0,0,0,0,0,0,0,0,0,0,0,0,0,0,0,0,0,0,128,[84 -64 4 0 0 0 0 0 0 0 0 0 7 -8 8 -8 8 -8 8 -8 9 -8 9 -8 9 -7 9 -7 10 -7 10 -6 9 -6 10 -7 10 -6 10 -7 10 -6 9 -7 10 -6 9 -6 10 -6 10 -5 10 -6 10 -5 10 -6 10 -5 10 -6 10 -6 0 0 10 -6 10 -6 10 -6 10 -6 10 -7 10 -7 10 -7 10 -7 9 -7 10 -8 9 -8 10 -7 10 -7 10 -7 10 -8 10 -8 10 -8 10 -9 10 -8 10 -8 11 -9 10 -8 10 -8 10 -9 11 -10 10 -10 0 0 0 0 0 0 0 0 0 0]"
"1769326798370897,CSI_DATA,STATION,00:00:00:00:00:00,0,0,0,0,0,0,0,0,0,0,0,0,0,0,0,0,0,0,0,0,0,128,[84 -64 4 0 0 0 0 0 0 0 0 0 4 -9 4 -10 4 -9 5 -9 5 -9 5 -10 5 -10 6 -9 6 -9 6 -9 6 -9 6 -9 7 -8 7 -8 7 -8 7 -8 7 -9 6 -8 7 -8 7 -8 7 -8 7 -9 7 -8 7 -8 7 -8 7 -9 0 0 6 -9 7 -8 6 -9 6 -9 6 -9 7 -9 7 -9 6 -9 6 -10 6 -9 6 -10 7 -10 7 -10 7 -10 6 -10 6 -11 6 -11 6 -12 6 -11 6 -11 6 -11 7 -11 7 -11 7 -11 6 -12 6 -12 0 0 0 0 0 0 0 0 0 0]"
"1769326798375211,CSI_DATA,STATION,00:00:00:00:00:00,0,0,0,0,0,0,0,0,0,0,0,0,0,0,0,0,0,0,0,0,0,128,[84 -64 4 0 0 0 0 0 0 0 0 0 8 -5 10 -6 10 -4 10 -5 10 -4 11 -4 10 -4 10 -4 11 -4 11 -3 11 -3 11 -3 11 -3 11 -3 11 -3 11 -3 11 -2 11 -2 12 -2 11 -2 11 -2 11 -2 10 -2 11 -2 11 -3 11 -3 0 0 11 -3 10 -3 12 -3 10 -4 11 -3 11 -3 11 -3 11 -3 11 -3 11 -4 11 -4 12 -4 12 -4 13 -4 11 -4 13 -5 12 -5 12 -5 12 -5 12 -6 12 -5 12 -5 12 -5 13 -5 13 -5 13 -6 0 0 0 0 0 0 0 0 0 0]"
"1769326798381666,CSI_DATA,STATION,00:00:00:00:00:00,0,0,0,0,0,0,0,0,0,0,0,0,0,0,0,0,0,0,0,0,0,128,[84 -64 4 0 0 0 0 0 0 0 0 0 17 -1 18 0 18 1 18 1 19 1 18 1 18 2 18 2 18 2 18 3 18 3 17 4 18 5 18 5 18 5 18 5 17 4 17 4 18 5 18 5 17 5 18 5 17 4 17 5 18 5 17 4 0 0 17 3 18 4 19 3 18 3 18 4 19 3 19 3 18 2 19 2 18 1 19 2 19 2 20 2 20 2 20 1 20 0 21 0 20 0 21 0 21 -1 21 0 21 0 22 1 21 0 22 0 21 -1 0 0 0 0 0 0 0 0 0 0]"
"1769326798386002,CSI_DATA,STATION,00:00:00:00:00:00,0,0,0,0,0,0,0,0,0,0,0,0,0,0,0,0,0,0,0,0,0,128,[84 -64 4 0 0 0 0 0 0 0 0 0 6 8 6 8 6 9 6 9 5 9 6 10 5 9 4 11 5 10 5 11 4 10 4 10 3 10 3 11 4 11 4 10 3 11 3 11 3 10 3 11 3 11 3 11 3 11 4 10 4 11 3 10 0 0 4 11 4 10 4 10 4 11 5 11 4 11 4 11 5 11 4 10 4 10 5 11 5 11 6 11 5 11 6 11 6 11 6 11 6 11 6 12 6 11 6 11 6 11 6 12 7 11 6 12 6 12 0 0 0 0 0 0 0 0 0 0]"
"1769326798390317,CSI_DATA,STATION,00:00:00:00:00:00,0,0,0,0,0,0,0,0,0,0,0,0,0,0,0,0,0,0,0,0,0,128,[84 -64 4 0 0 0 0 0 0 0 0 0 -10 0 -10 0 -11 -1 -11 -1 -11 -2 -11 -2 -11 -1 -11 -2 -11 -2 -11 -3 -11 -2 -11 -3 -11 -3 -11 -3 -10 -4 -11 -3 -11 -4 -11 -4 -11 -3 -11 -3 -11 -4 -11 -4 -11 -3 -11 -4 -10 -4 -11 -3 0 0 -10 -3 -11 -3 -11 -3 -10 -3 -12 -3 -11 -3 -11 -3 -12 -3 -12 -2 -12 -3 -12 -2 -12 -3 -12 -2 -12 -2 -12 -2 -12 -2 -13 -2 -13 -2 -13 -2 -13 -2 -13 -2 -13 -2 -14 -2 -14 -2 -13 -2 -13 -2 0 0 0 0 0 0 0 0 0 0]"
"1769326798396779,CSI_DATA,STATION,00:00:00:00:00:00,0,0,0,0,0,0,0,0,0,0,0,0,0,0,0,0,0,0,0,0,0,128,[84 -64 4 0 0 0 0 0 0 0 0 0 -8 14 -8 14 -9 13 -10 13 -10 13 -10 13 -10 13 -11 13 -11 12 -12 12 -12 12 -12 12 -12 12 -12 11 -12 11 -13 12 -12 11 -12 11 -13 11 -13 11 -13 10 -13 11 -13 11 -12 11 -12 11 -12 11 0 0 -12 11 -12 11 -12 11 -12 12 -12 12 -12 12 -12 12 -12 12 -12 12 -12 13 -12 13 -11 13 -12 13 -11 14 -12 14 -11 15 -12 14 -12 14 -11 15 -12 15 -12 15 -12 15 -12 15 -12 15 -12 16 -11 16 0 0 0 0 0 0 0 0 0 0]"
"1769326798401112,CSI_DATA,STATION,00:00:00:00:00:00,0,0,0,0,0,0,0,0,0,0,0,0,0,0,0,0,0,0,0,0,0,128,[84 -64 4 0 0 0 0 0 0 0 0 0 11 10 11 11 11 11 11 12 10 12 10 12 10 13 9 13 9 13 9 14 9 13 9 13 9 14 9 14 8 15 8 14 8 14 7 14 8 15 8 15 8 15 7 14 7 14 8 14 8 14 8 14 0 0 8 14 8 14 8 14 8 14 8 14 8 15 9 14 9 14 9 14 9 13 10 14 10 14 10 15 11 14 10 14 11 15 11 15 11 14 11 14 11 14 11 15 11 15 12 15 12 15 12 15 12 15 0 0 0 0 0 0 0 0 0 0]"
"1769326798407587,CSI_DATA,STATION,00:00:00:00:00:00,0,0,0,0,0,0,0,0,0,0,0,0,0,0,0,0,0,0,0,0,0,128,[84 -64 4 0 0 0 0 0 0 0 0 0 -9 -7 -10 -6 -10 -8 -10 -7 -10 -7 -10 -8 -9 -8 -9 -9 -8 -9 -9 -9 -9 -9 -9 -9 -9 -9 -9 -9 -8 -10 -8 -9 -8 -9 -8 -9 -8 -10 -8 -10 -8 -9 -7 -9 -7 -9 -8 -9 -8 -9 -8 -9 0 0 -8 -9 -8 -9 -8 -9 -8 -10 -9 -9 -8 -10 -9 -9 -9 -9 -9 -9 -9 -9 -10 -9 -10 -9 -10 -9 -10 -9 -10 -9 -10 -9 -11 -9 -11 -10 -10 -10 -11 -10 -11 -10 -10 -10 -11 -10 -12 -9 -12 -10 -11 -10 0 0 0 0 0 0 0 0 0 0]"
"1769326798411892,CSI_DATA,STATION,00:00:00:00:00:00,0,0,0,0,0,0,0,0,0,0,0,0,0,0,0,0,0,0,0,0,0,128,[84 -64 4 0 0 0 0 0 0 0 0 0 6 -8 6 -8 6 -8 7 -8 7 -8 7 -8 7 -7 7 -8 8 -7 8 -7 8 -7 8 -8 8 -7 8 -7 8 -7 8 -7 9 -7 8 -7 8 -6 9 -7 8 -6 8 -7 8 -7 8 -7 8 -6 8 -7 0 0 8 -7 8 -7 8 -7 8 -7 8 -8 8 -7 8 -7 8 -8 8 -8 8 -9 8 -8 8 -8 8 -8 8 -8 8 -9 8 -9 8 -9 8 -10 9 -9 8 -10 8 -10 9 -9 9 -10 9 -10 8 -10 9 -11 0 0 0 0 0 0 0 0 0 0]"
"1769326798416207,CSI_DATA,STATION,00:00:00:00:00:00,0,0,0,0,0,0,0,0,0,0,0,0,0,0,0,0,0,0,0,0,0,128,[84 -64 4 0 0 0 0 0 0 0 0 0 9 -3 9 -3 10 -2 10 -2 10 -2 10 -2 10 -1 10 -1 10 -1 10 -1 10 0 10 0 10 0 11 0 11 0 10 0 10 0 10 0 11 0 10 0 10 0 11 0 10 0 10 0 10 0 10 0 0 0 10 0 10 -1 11 -1 10 -1 11 0 11 -1 11 -1 11 -1 11 -1 11 -1 11 -1 11 -1 11 -1 12 -2 11 -2 12 -3 12 -2 12 -3 12 -3 12 -3 12 -2 12 -3 12 -2 13 -2 13 -3 13 -3 0 0 0 0 0 0 0 0 0 0]"
"1769326798422667,CSI_DATA,STATION,00:00:00:00:00:00,0,0,0,0,0,0,0,0,0,0,0,0,0,0,0,0,0,0,0,0,0,128,[84 -64 4 0 0 0 0 0 0 0 0 0 -9 5 -9 5 -10 4 -10 4 -10 4 -10 4 -10 3 -10 3 -10 3 -10 2 -11 3 -10 3 -11 2 -11 3 -11 2 -11 3 -11 2 -11 2 -11 2 -11 1 -11 1 -11 1 -10 2 -11 2 -11 2 -11 3 0 0 -11 2 -11 2 -11 2 -11 3 -11 2 -12 3 -11 2 -11 3 -12 3 -12 3 -11 4 -12 4 -12 4 -12 4 -11 4 -12 4 -12 3 -12 4 -13 4 -13 4 -12 5 -13 4 -13 4 -13 5 -12 5 -13 5 0 0 0 0 0 0 0 0 0 0]"
"1769326798427103,CSI_DATA,STATION,00:00:00:00:00:00,0,0,0,0,0,0,0,0,0,0,0,0,0,0,0,0,0,0,0,0,0,128,[84 -64 4 0 0 0 0 0 0 0 0 0 4 8 4 9 3 9 4 9 3 9 3 10 2 10 2 10 2 10 2 10 2 10 2 10 2 10 2 10 2 10 2 10 2 10 1 10 2 10 2 10 1 10 2 10 1 10 2 10 2 10 2 10 0 0 2 10 3 10 2 10 3 10 3 10 3 10 3 10 3 10 3 10 3 11 4 10 3 11 4 11 4 11 4 11 4 11 5 10 5 11 5 11 4 12 5 11 5 11 5 12 6 11 5 11 5 12 0 0 0 0 0 0 0 0 0 0]"
"1769326798431463,CSI_DATA,STATION,00:00:00:00:00:00,0,0,0,0,0,0,0,0,0,0,0,0,0,0,0,0,0,0,0,0,0,128,[84 -64 4 0 0 0 0 0 0 0 0 0 -7 -8 -7 -8 -7 -9 -7 -9 -7 -9 -7 -9 -6 -9 -6 -10 -6 -10 -6 -10 -6 -10 -6 -10 -5 -10 -5 -10 -5 -10 -6 -10 -5 -10 -5 -10 -6 -10 -6 -10 -6 -10 -6 -10 -5 -10 -6 -10 -6 -10 -6 -10 0 0 -6 -10 -6 -10 -6 -10 -6 -10 -6 -10 -7 -10 -7 -10 -7 -10 -7 -10 -7 -10 -7 -10 -7 -10 -8 -10 -8 -10 -8 -10 -8 -10 -9 -10 -9 -10 -9 -10 -9 -11 -9 -10 -9 -10 -10 -11 -10 -10 -9 -11 -9 -10 0 0 0 0 0 0 0 0 0 0]"
"1769326798437948,CSI_DATA,STATION,00:00:00:00:00:00,0,0,0,0,0,0,0,0,0,0,0,0,0,0,0,0,0,0,0,0,0,128,[84 -64 4 0 0 0 0 0 0 0 0 0 7 6 7 6 7 7 7 7 7 8 6 8 6 8 6 8 6 8 6 8 5 8 5 8 6 9 6 9 6 9 5 9 5 8 6 8 6 8 6 9 5 9 6 8 5 9 6 9 5 9 5 9 0 0 6 8 6 9 6 8 6 9 7 8 7 9 6 8 6 9 7 8 7 9 7 8 7 9 7 9 7 8 8 8 8 8 9 8 8 8 9 8 9 8 9 8 9 8 9 9 9 9 9 9 9 9 0 0 0 0 0 0 0 0 0 0]"
"1769326798442275,CSI_DATA,STATION,00:00:00:00:00:00,0,0,0,0,0,0,0,0,0,0,0,0,0,0,0,0,0,0,0,0,0,128,[84 -64 4 0 0 0 0 0 0 0 0 0 -9 3 -10 3 -10 3 -11 3 -11 2 -10 3 -10 2 -11 2 -11 1 -11 2 -11 1 -11 1 -11 1 -11 1 -12 0 -10 1 -11 1 -11 0 -12 0 -11 0 -11 0 -11 0 -11 0 -11 0 -11 0 -11 1 0 0 -11 1 -11 1 -12 1 -11 1 -12 1 -12 1 -12 1 -12 1 -12 1 -12 2 -12 2 -12 2 -12 1 -13 2 -12 2 -12 3 -13 1 -13 2 -13 2 -13 2 -13 3 -13 2 -14 2 -14 2 -13 2 -14 3 0 0 0 0 0 0 0 0 0 0]"
"1769326798448778,CSI_DATA,STATION,00:00:00:00:00:00,0,0,0,0,0,0,0,0,0,0,0,0,0,0,0,0,0,0,0,0,0,128,[84 -64 4 0 0 0 0 0 0 0 0 0 -11 -1 -11 -2 -11 -3 -11 -2 -11 -3 -11 -3 -10 -3 -11 -4 -10 -4 -11 -4 -11 -4 -10 -4 -10 -5 -11 -5 -10 -5 -10 -5 -11 -5 -10 -5 -10 -5 -10 -6 -10 -5 -10 -5 -10 -5 -11 -6 -10 -5 -10 -5 0 0 -11 -5 -10 -5 -11 -5 -10 -4 -11 -5 -10 -5 -11 -5 -12 -5 -11 -5 -11 -5 -12 -4 -12 -5 -12 -4 -13 -5 -12 -4 -12 -5 -12 -5 -12 -5 -12 -5 -13 -5 -13 -5 -13 -5 -13 -5 -13 -5 -13 -5 -14 -5 0 0 0 0 0 0 0 0 0 0]"
"1769326798453114,CSI_DATA,STATION,00:00:00:00:00:00,0,0,0,0,0,0,0,0,0,0,0,0,0,0,0,0,0,0,0,0,0,128,[84 -64 4 0 0 0 0 0 0 0 0 0 9 3 9 4 9 4 9 4 9 5 9 5 8 5 8 6 8 6 8 6 8 6 8 6 9 6 8 6 8 7 7 6 8 6 8 6 8 6 9 6 8 6 8 6 7 6 8 6 8 6 8 6 0 0 8 6 8 6 9 6 8 6 9 6 9 6 9 6 9 6 9 5 9 6 9 5 10 6 10 5 10 6 10 5 11 5 11 4 11 5 11 5 10 5 11 5 11 6 11 6 11 5 11 5 11 5 0 0 0 0 0 0 0 0 0 0]"
"1769326798457409,CSI_DATA,STATION,00:00:00:00:00:00,0,0,0,0,0,0,0,0,0,0,0,0,0,0,0,0,0,0,0,0,0,128,[84 -64 4 0 0 0 0 0 0 0 0 0 -2 -11 -2 -11 -1 -11 -1 -10 -1 -11 0 -11 0 -11 0 -11 0 -11 1 -11 1 -11 1 -11 1 -11 1 -11 1 -10 1 -11 1 -11 2 -11 2 -11 2 -11 2 -11 1 -11 2 -12 2 -11 1 -11 1 -11 0 0 1 -11 1 -11 1 -11 1 -11 1 -11 1 -11 1 -12 1 -12 1 -12 1 -12 1 -12 1 -12 1 -12 1 -12 0 -13 0 -13 0 -13 0 -14 0 -13 1 -13 0 -13 0 -14 0 -14 0 -14 0 -14 0 -14 0 0 0 0 0 0 0 0 0 0]"
"1769326798463848,CSI_DATA,STATION,00:00:00:00:00:00,0,0,0,0,0,0,0,0,0,0,0,0,0,0,0,0,0,0,0,0,0,128,[84 -64 4 0 0 0 0 0 0 0 0 0 -2 9 -2 10 -2 9 -3 10 -3 9 -3 10 -4 9 -4 10 -4 9 -4 9 -5 10 -4 9 -5 10 -5 9 -5 9 -5 9 -5 10 -5 9 -5 9 -5 8 -5 9 -6 9 -5 9 -5 9 -5 9 -5 10 0 0 -5 9 -5 9 -5 10 -5 9 -5 10 -5 10 -5 10 -5 10 -5 10 -5 10 -4 11 -4 10 -5 11 -4 11 -4 10 -5 12 -4 11 -4 12 -5 12 -5 11 -5 12 -5 12 -5 12 -4 12 -5 12 -5 12 0 0 0 0 0 0 0 0 0 0]"
"1769326798474532,CSI_DATA,STATION,00:00:00:00:00:00,0,0,0,0,0,0,0,0,0,0,0,0,0,0,0,0,0,0,0,0,0,128,[84 -64 4 0 0 0 0 0 0 0 0 0 -10 -1 -11 -1 -11 -2 -11 -1 -11 -2 -11 -2 -10 -3 -10 -3 -11 -3 -11 -3 -10 -3 -10 -3 -11 -4 -11 -4 -10 -4 -10 -4 -10 -4 -11 -4 -11 -5 -11 -5 -11 -5 -11 -4 -10 -4 -11 -4 -11 -4 -10 -4 0 0 -10 -4 -11 -4 -11 -4 -10 -4 -12 -4 -11 -4 -11 -4 -12 -4 -11 -4 -12 -4 -12 -3 -12 -4 -12 -3 -12 -4 -12 -3 -13 -3 -13 -3 -13 -3 -13 -3 -13 -3 -13 -3 -13 -3 -13 -3 -14 -3 -14 -3 -14 -3 0 0 0 0 0 0 0 0 0 0]"
"1769326798478818,CSI_DATA,STATION,00:00:00:00:00:00,0,0,0,0,0,0,0,0,0,0,0,0,0,0,0,0,0,0,0,0,0,128,[84 -64 4 0 0 0 0 0 0 0 0 0 6 -7 7 -8 7 -7 8 -7 8 -7 8 -7 8 -7 8 -6 8 -6 8 -6 9 -6 9 -6 9 -6 9 -5 9 -6 9 -6 9 -6 9 -6 9 -5 9 -6 9 -6 9 -6 8 -6 9 -6 9 -6 9 -6 0 0 8 -6 8 -6 9 -6 9 -6 9 -7 9 -7 9 -7 9 -7 8 -7 8 -8 8 -8 9 -8 9 -7 9 -8 9 -9 9 -9 9 -9 9 -9 9 -9 8 -9 9 -9 9 -9 9 -9 9 -9 9 -10 9 -10 0 0 0 0 0 0 0 0 0 0]"
"1769326798485278,CSI_DATA,STATION,00:00:00:00:00:00,0,0,0,0,0,0,0,0,0,0,0,0,0,0,0,0,0,0,0,0,0,128,[84 -64 4 0 0 0 0 0 0 0 0 0 -8 -5 -8 -5 -8 -5 -9 -6 -8 -6 -8 -6 -8 -6 -8 -7 -8 -7 -8 -7 -7 -7 -7 -7 -8 -7 -7 -7 -8 -8 -7 -7 -7 -7 -7 -7 -7 -7 -7 -8 -7 -8 -7 -8 -7 -7 -7 -8 -7 -7 -7 -7 0 0 -7 -7 -8 -7 -8 -7 -7 -7 -8 -7 -8 -7 -8 -7 -8 -7 -8 -7 -8 -7 -9 -7 -9 -7 -9 -7 -9 -7 -9 -7 -9 -7 -9 -7 -9 -8 -9 -7 -9 -7 -9 -8 -10 -7 -10 -7 -10 -8 -10 -8 -10 -7 0 0 0 0 0 0 0 0 0 0]"
"1769326798491707,CSI_DATA,STATION,00:00:00:00:00:00,0,0,0,0,0,0,0,0,0,0,0,0,0,0,0,0,0,0,0,0,0,128,[84 -64 4 0 0 0 0 0 0 0 0 0 -8 -7 -8 -8 -8 -8 -8 -8 -8 -9 -8 -9 -7 -8 -7 -9 -6 -9 -7 -9 -7 -9 -6 -9 -6 -9 -6 -9 -6 -10 -6 -9 -6 -9 -6 -9 -6 -10 -6 -10 -6 -10 -6 -10 -6 -9 -6 -10 -6 -9 -6 -10 0 0 -6 -10 -6 -9 -7 -10 -7 -10 -7 -10 -7 -10 -7 -9 -7 -10 -7 -9 -7 -10 -8 -9 -8 -9 -8 -10 -8 -10 -8 -10 -8 -10 -8 -10 -9 -10 -9 -10 -9 -10 -9 -11 -9 -10 -9 -10 -10 -10 -9 -10 -9 -10 0 0 0 0 0 0 0 0 0 0]"
"1769326798498151,CSI_DATA,STATION,00:00:00:00:00:00,0,0,0,0,0,0,0,0,0,0,0,0,0,0,0,0,0,0,0,0,0,128,[84 -64 4 0 0 0 0 0 0 0 0 0 -1 -10 -1 -11 0 -11 0 -11 0 -11 0 -11 1 -11 1 -11 1 -11 1 -11 1 -11 2 -11 2 -11 2 -11 2 -11 2 -11 2 -11 2 -11 2 -11 2 -11 2 -11 2 -11 2 -10 2 -11 2 -11 2 -11 0 0 2 -11 1 -11 1 -11 1 -12 1 -12 0 -12 0 -12 0 -12 1 -12 1 -12 0 -12 1 -12 0 -13 0 -12 -1 -13 0 -13 0 -13 0 -13 0 -13 0 -14 -1 -14 -1 -13 -1 -14 -1 -14 -1 -14 -1 -14 0 0 0 0 0 0 0 0 0 0]"
"1769326798502439,CSI_DATA,STATION,00:00:00:00:00:00,0,0,0,0,0,0,0,0,0,0,0,0,0,0,0,0,0,0,0,0,0,128,[84 -64 4 0 0 0 0 0 0 0 0 0 5 8 5 8 5 8 5 8 5 8 4 8 5 9 4 9 4 9 4 10 4 9 4 10 3 9 4 9 3 10 4 9 3 9 3 9 3 9 4 10 3 10 3 9 3 10 3 10 3 9 3 10 0 0 3 9 4 10 4 9 4 10 4 10 4 10 4 10 5 10 5 9 5 10 5 9 5 10 5 10 5 10 5 10 6 10 6 10 6 10 6 11 6 10 6 11 7 10 7 11 7 11 6 10 6 11 0 0 0 0 0 0 0 0 0 0]"
"1769326798508984,CSI_DATA,STATION,00:00:00:00:00:00,0,0,0,0,0,0,0,0,0,0,0,0,0,0,0,0,0,0,0,0,0,128,[84 -64 4 0 0 0 0 0 0 0 0 0 6 -7 7 -8 7 -7 8 -7 7 -7 8 -7 8 -7 8 -7 8 -7 9 -6 8 -6 9 -6 9 -6 9 -6 9 -6 9 -6 9 -6 8 -5 9 -6 9 -6 9 -5 9 -5 9 -5 9 -6 9 -6 9 -7 0 0 9 -6 9 -6 9 -6 9 -6 9 -6 9 -7 9 -6 9 -7 9 -7 9 -7 8 -8 9 -7 9 -7 9 -8 9 -8 9 -8 9 -8 9 -9 10 -9 10 -9 10 -9 10 -8 10 -9 9 -9 10 -9 9 -9 0 0 0 0 0 0 0 0 0 0]"
"1769326798513444,CSI_DATA,STATION,00:00:00:00:00:00,0,0,0,0,0,0,0,0,0,0,0,0,0,0,0,0,0,0,0,0,0,128,[84 -64 4 0 0 0 0 0 0 0 0 0 9 0 10 1 10 1 10 1 10 2 10 2 10 3 10 3 9 3 10 3 10 3 9 3 10 3 10 4 9 4 9 4 9 4 9 4 9 4 9 5 9 5 9 4 9 4 10 4 9 4 9 4 0 0 9 5 9 4 9 4 9 4 10 4 10 4 10 4 10 4 10 4 10 4 10 3 11 4 11 4 11 4 11 4 11 4 11 4 11 4 11 4 11 4 11 4 12 5 12 5 13 4 12 4 12 4 0 0 0 0 0 0 0 0 0 0]"
"1769326798517902,CSI_DATA,STATION,00:00:00:00:00:00,0,0,0,0,0,0,0,0,0,0,0,0,0,0,0,0,0,0,0,0,0,128,[84 -64 4 0 0 0 0 0 0 0 0 0 1 9 1 9 0 10 1 10 0 10 0 10 0 10 -1 10 -1 10 -1 10 -1 11 -1 10 -2 10 -2 10 -1 10 -2 10 -2 10 -2 10 -2 10 -2 10 -2 10 -2 10 -2 10 -2 10 -2 10 -1 11 0 0 -1 10 -1 9 -1 10 -1 11 -1 11 0 10 -1 11 -1 11 -1 11 -1 11 0 11 0 11 0 11 0 12 0 12 0 12 1 12 0 12 0 12 0 12 0 13 1 12 0 13 1 13 1 13 0 13 0 0 0 0 0 0 0 0 0 0]"
"1769326798524554,CSI_DATA,STATION,00:00:00:00:00:00,0,0,0,0,0,0,0,0,0,0,0,0,0,0,0,0,0,0,0,0,0,128,[84 -64 4 0 0 0 0 0 0 0 0 0 8 -5 9 -5 9 -4 9 -4 9 -4 9 -4 10 -4 10 -3 9 -3 10 -3 10 -3 10 -3 10 -3 10 -2 10 -2 9 -2 10 -2 10 -2 10 -2 11 -2 10 -2 10 -2 10 -2 10 -2 10 -2 10 -3 0 0 10 -2 10 -2 11 -2 10 -3 11 -2 11 -3 11 -3 11 -3 11 -3 10 -3 11 -3 11 -3 11 -3 12 -3 11 -3 11 -4 11 -3 12 -4 11 -4 11 -4 12 -4 12 -4 12 -4 12 -4 12 -4 12 -4 0 0 0 0 0 0 0 0 0 0]"
"1769326798528994,CSI_DATA,STATION,00:00:00:00:00:00,0,0,0,0,0,0,0,0,0,0,0,0,0,0,0,0,0,0,0,0,0,128,[84 -64 4 0 0 0 0 0 0 0 0 0 -7 8 -7 9 -8 8 -9 8 -8 8 -9 8 -9 8 -10 8 -9 7 -10 8 -9 8 -10 8 -10 7 -10 7 -10 7 -10 7 -10 7 -10 6 -11 7 -11 6 -10 6 -10 6 -10 7 -10 7 -10 7 -10 7 0 0 -10 7 -10 7 -10 7 -10 8 -10 8 -10 7 -10 8 -10 8 -10 8 -10 8 -10 9 -10 9 -10 9 -10 10 -10 9 -10 10 -10 9 -10 10 -10 10 -10 10 -10 11 -10 10 -10 10 -10 11 -10 11 -10 11 0 0 0 0 0 0 0 0 0 0]"
"1769326798533331,CSI_DATA,STATION,00:00:00:00:00:00,0,0,0,0,0,0,0,0,0,0,0,0,0,0,0,0,0,0,0,0,0,128,[84 -64 4 0 0 0 0 0 0 0 0 0 -11 1 -10 0 -11 0 -11 0 -11 0 -11 -1 -11 -1 -11 -1 -11 -1 -12 -2 -11 -2 -11 -2 -12 -2 -11 -2 -11 -2 -11 -3 -11 -2 -12 -3 -11 -2 -11 -3 -11 -2 -11 -2 -11 -2 -12 -2 -11 -2 -11 -2 0 0 -11 -2 -11 -2 -11 -1 -11 -2 -12 -2 -12 -1 -12 -2 -12 -1 -12 -1 -12 -1 -12 -1 -13 -1 -12 -1 -12 -1 -13 -1 -13 0 -13 0 -13 0 -13 0 -13 0 -14 0 -14 0 -14 0 -14 0 -14 0 -14 0 0 0 0 0 0 0 0 0 0 0]"
"1769326798539783,CSI_DATA,STATION,00:00:00:00:00:00,0,0,0,0,0,0,0,0,0,0,0,0,0,0,0,0,0,0,0,0,0,128,[84 -64 4 0 0 0 0 0 0 0 0 0 -8 -6 -9 -6 -8 -7 -8 -7 -8 -7 -8 -8 -7 -8 -8 -8 -8 -9 -8 -8 -7 -9 -8 -9 -7 -9 -7 -9 -7 -9 -7 -9 -7 -9 -7 -8 -8 -9 -7 -10 -7 -9 -7 -9 -7 -9 -8 -9 -7 -9 -7 -9 0 0 -7 -9 -7 -9 -8 -9 -7 -9 -8 -9 -8 -9 -8 -9 -8 -9 -8 -9 -8 -9 -9 -9 -9 -9 -9 -9 -10 -9 -9 -9 -9 -9 -9 -9 -10 -9 -10 -9 -10 -9 -11 -9 -10 -9 -10 -9 -11 -9 -11 -9 -11 -9 0 0 0 0 0 0 0 0 0 0]"
"1769326798544134,CSI_DATA,STATION,00:00:00:00:00:00,0,0,0,0,0,0,0,0,0,0,0,0,0,0,0,0,0,0,0,0,0,128,[84 -64 4 0 0 0 0 0 0 0 0 0 -7 -8 -7 -8 -7 -9 -7 -8 -7 -9 -7 -9 -6 -9 -6 -9 -5 -10 -6 -10 -5 -10 -5 -10 -5 -10 -5 -10 -5 -10 -5 -10 -5 -10 -4 -10 -5 -10 -5 -10 -5 -10 -5 -10 -5 -10 -5 -11 -5 -10 -5 -11 0 0 -5 -10 -6 -10 -6 -10 -6 -11 -6 -11 -6 -11 -6 -10 -6 -10 -6 -10 -6 -10 -6 -10 -6 -11 -7 -11 -7 -11 -7 -11 -7 -11 -7 -11 -8 -11 -7 -11 -8 -11 -8 -11 -8 -11 -8 -12 -8 -12 -8 -11 -8 -12 0 0 0 0 0 0 0 0 0 0]"
"1769326798550593,CSI_DATA,STATION,00:00:00:00:00:00,0,0,0,0,0,0,0,0,0,0,0,0,0,0,0,0,0,0,0,0,0,128,[84 -64 4 0 0 0 0 0 0 0 0 0 -3 -10 -2 -11 -3 -10 -2 -11 -1 -11 -2 -12 -1 -11 0 -11 0 -11 -1 -12 -1 -11 -1 -11 0 -12 -1 -11 0 -11 0 -11 1 -12 1 -12 0 -12 1 -11 1 -11 1 -11 0 -11 0 -11 0 -11 0 -12 0 0 0 -11 0 -11 0 -11 -1 -11 0 -12 0 -11 0 -11 0 -12 0 -12 -1 -12 -1 -12 -2 -12 -1 -12 -1 -13 -1 -12 -1 -13 -2 -13 -2 -13 -1 -14 -1 -13 -1 -14 -1 -13 -2 -13 -2 -13 -3 -14 -2 -14 0 0 0 0 0 0 0 0 0 0]"
"1769326798554908,CSI_DATA,STATION,00:00:00:00:00:00,0,0,0,0,0,0,0,0,0,0,0,0,0,0,0,0,0,0,0,0,0,128,[84 -64 4 0 0 0 0 0 0 0 0 0 6 -8 6 -8 6 -8 7 -8 7 -7 7 -8 7 -8 7 -8 8 -7 8 -7 8 -7 8 -7 9 -7 9 -7 9 -6 8 -7 8 -6 8 -6 9 -6 9 -6 9 -6 9 -6 8 -7 9 -6 9 -6 8 -7 0 0 9 -7 8 -7 9 -7 8 -7 9 -7 9 -7 9 -7 8 -8 9 -8 8 -8 8 -8 8 -8 9 -8 9 -9 8 -9 9 -9 9 -9 9 -10 9 -9 9 -9 9 -10 9 -9 9 -9 9 -9 9 -10 9 -10 0 0 0 0 0 0 0 0 0 0]"
"1769326798559205,CSI_DATA,STATION,00:00:00:00:00:00,0,0,0,0,0,0,0,0,0,0,0,0,0,0,0,0,0,0,0,0,0,128,[84 -64 4 0 0 0 0 0 0 0 0 0 -5 8 -6 8 -6 8 -7 8 -7 7 -8 8 -7 8 -8 8 -8 7 -8 7 -8 7 -8 7 -8 7 -8 6 -9 7 -8 7 -9 7 -9 7 -9 6 -9 6 -9 6 -9 6 -9 6 -9 6 -9 6 -9 7 0 0 -9 6 -9 6 -8 7 -9 7 -9 7 -9 7 -9 7 -9 7 -9 8 -8 8 -9 8 -9 8 -8 8 -9 8 -9 8 -9 9 -9 8 -9 9 -9 9 -9 9 -9 9 -9 9 -9 9 -9 9 -10 10 -9 10 0 0 0 0 0 0 0 0 0 0]"
"1769326798565656,CSI_DATA,STATION,00:00:00:00:00:00,0,0,0,0,0,0,0,0,0,0,0,0,0,0,0,0,0,0,0,0,0,128,[84 -64 4 0 0 0 0 0 0 0 0 0 -5 9 -5 8 -5 9 -5 9 -6 8 -6 9 -6 9 -7 8 -6 8 -7 8 -6 8 -7 8 -7 8 -7 8 -8 7 -8 8 -7 8 -7 8 -8 8 -8 7 -8 7 -8 7 -7 8 -7 7 -7 8 -8 8 0 0 -7 8 -7 7 -7 8 -7 9 -7 9 -7 8 -7 8 -8 8 -7 9 -7 9 -7 9 -7 9 -7 10 -7 9 -7 10 -7 11 -7 10 -7 10 -7 11 -7 11 -7 11 -7 10 -7 11 -7 11 -7 11 -7 12 0 0 0 0 0 0 0 0 0 0]"
"1769326798569994,CSI_DATA,STATION,00:00:00:00:00:00,0,0,0,0,0,0,0,0,0,0,0,0,0,0,0,0,0,0,0,0,0,128,[84 -64 4 0 0 0 0 0 0 0 0 0 6 7 6 7 6 7 6 7 6 8 6 8 6 8 6 8 5 8 5 9 5 9 5 9 5 8 5 9 5 9 5 9 5 9 4 8 5 9 5 9 5 9 5 9 5 9 5 9 5 9 5 9 0 0 5 9 5 9 6 8 5 9 6 9 6 9 6 8 6 9 6 9 7 9 7 8 7 9 7 9 7 9 7 9 8 9 8 8 8 9 8 9 8 9 9 9 8 9 9 9 9 9 9 9 9 10 0 0 0 0 0 0 0 0 0 0]"
"1769326798574312,CSI_DATA,STATION,00:00:00:00:00:00,0,0,0,0,0,0,0,0,0,0,0,0,0,0,0,0,0,0,0,0,0,128,[84 -64 4 0 0 0 0 0 0 0 0 0 -9 4 -10 4 -10 3 -10 3 -10 3 -10 3 -11 3 -11 2 -11 2 -12 2 -11 2 -11 2 -11 1 -11 1 -11 1 -11 2 -11 1 -11 1 -11 0 -11 0 -11 0 -11 0 -11 1 -11 1 -11 1 -11 1 0 0 -11 1 -11 1 -11 2 -11 2 -12 1 -12 2 -12 2 -12 2 -11 2 -12 2 -12 3 -12 2 -12 3 -12 3 -12 3 -12 3 -13 2 -13 3 -13 3 -13 3 -13 4 -13 3 -13 3 -13 4 -13 4 -14 4 0 0 0 0 0 0 0 0 0 0]"
"1769326798580778,CSI_DATA,STATION,00:00:00:00:00:00,0,0,0,0,0,0,0,0,0,0,0,0,0,0,0,0,0,0,0,0,0,128,[84 -64 4 0 0 0 0 0 0 0 0 0 5 -9 6 -9 6 -8 6 -8 6 -8 7 -9 7 -8 7 -8 8 -8 8 -8 8 -8 8 -8 8 -7 8 -8 8 -7 8 -7 8 -8 8 -8 8 -7 9 -7 8 -7 8 -7 8 -8 8 -7 8 -7 8 -8 0 0 8 -8 8 -7 8 -8 7 -8 8 -8 8 -8 8 -8 7 -9 8 -9 8 -9 7 -9 8 -9 7 -9 8 -9 7 -10 7 -10 7 -10 7 -11 8 -11 8 -11 8 -11 8 -10 8 -11 7 -11 7 -11 8 -11 0 0 0 0 0 0 0 0 0 0]"
"1769326798585106,CSI_DATA,STATION,00:00:00:00:00:00,0,0,0,0,0,0,0,0,0,0,0,0,0,0,0,0,0,0,0,0,0,128,[84 -64 4 0 0 0 0 0 0 0 0 0 -10 2 -10 2 -11 1 -11 1 -11 1 -11 1 -11 0 -12 0 -11 0 -12 -1 -11 0 -11 0 -11 -1 -12 -1 -11 -1 -11 -1 -11 -1 -11 -1 -12 -1 -11 -2 -11 -2 -11 -2 -11 -1 -12 -2 -11 -1 -11 -1 0 0 -11 -1 -12 -1 -11 0 -11 0 -12 -1 -12 -1 -12 -1 -12 -1 -12 0 -12 0 -12 0 -13 0 -12 0 -13 0 -13 1 -12 1 -13 0 -13 1 -13 1 -13 1 -14 1 -14 1 -14 0 -14 0 -14 1 -14 1 0 0 0 0 0 0 0 0 0 0]"
"1769326798591570,CSI_DATA,STATION,00:00:00:00:00:00,0,0,0,0,0,0,0,0,0,0,0,0,0,0,0,0,0,0,0,0,0,128,[84 -64 4 0 0 0 0 0 0 0 0 0 3 9 2 9 2 10 2 10 2 9 2 10 1 10 0 10 0 10 1 10 0 10 0 10 0 10 0 10 0 10 0 10 0 10 -1 10 0 10 0 10 -1 10 -1 10 -1 10 -1 10 0 11 0 10 0 0 0 10 1 11 0 10 0 11 1 10 1 11 1 11 1 11 1 11 1 11 1 11 2 11 2 11 2 11 1 11 2 12 2 11 2 12 2 13 2 12 2 12 2 12 3 12 3 13 3 12 2 12 0 0 0 0 0 0 0 0 0 0]"
"1769326798595872,CSI_DATA,STATION,00:00:00:00:00:00,0,0,0,0,0,0,0,0,0,0,0,0,0,0,0,0,0,0,0,0,0,128,[84 -64 4 0 0 0 0 0 0 0 0 0 9 2 9 2 9 2 10 3 10 4 9 4 10 4 9 4 9 4 9 5 9 4 9 4 9 5 9 5 9 5 9 5 8 5 8 5 9 5 9 5 9 5 9 5 8 6 9 5 9 5 9 5 0 0 9 5 9 5 9 5 9 5 10 5 10 5 9 5 10 5 10 4 10 5 10 4 10 5 11 5 11 5 10 4 11 4 11 4 11 4 11 4 11 4 12 5 12 5 12 4 12 4 12 4 12 5 0 0 0 0 0 0 0 0 0 0]"
"1769326798600196,CSI_DATA,STATION,00:00:00:00:00:00,0,0,0,0,0,0,0,0,0,0,0,0,0,0,0,0,0,0,0,0,0,128,[84 -64 4 0 0 0 0 0 0 0 0 0 2 -11 2 -11 2 -10 2 -10 3 -11 3 -10 3 -10 4 -10 4 -10 4 -10 4 -10 4 -10 5 -10 4 -10 5 -10 5 -10 5 -10 5 -10 5 -10 5 -10 5 -10 5 -10 5 -10 4 -10 5 -9 5 -10 0 0 4 -10 4 -10 4 -10 4 -11 4 -11 4 -10 4 -11 4 -11 4 -11 4 -11 4 -11 4 -11 4 -11 4 -11 4 -12 4 -13 4 -13 4 -13 4 -12 4 -13 4 -13 4 -12 4 -13 4 -13 4 -13 4 -13 0 0 0 0 0 0 0 0 0 0]"
"1769326798606652,CSI_DATA,STATION,00:00:00:00:00:00,0,0,0,0,0,0,0,0,0,0,0,0,0,0,0,0,0,0,0,0,0,128,[84 -64 4 0 0 0 0 0 0 0 0 0 5 -9 5 -9 5 -8 6 -9 6 -8 6 -9 7 -8 7 -9 7 -8 7 -8 7 -8 7 -8 7 -8 7 -8 8 -8 7 -7 8 -8 7 -8 7 -8 8 -7 8 -7 8 -8 7 -8 7 -8 7 -7 8 -8 0 0 8 -9 7 -8 8 -8 7 -8 7 -9 7 -9 7 -8 7 -9 7 -9 7 -10 6 -10 7 -10 7 -10 7 -10 7 -10 7 -11 7 -11 7 -11 7 -11 7 -11 7 -11 7 -11 7 -11 7 -11 7 -12 7 -12 0 0 0 0 0 0 0 0 0 0]"
"1769326798610988,CSI_DATA,STATION,00:00:00:00:00:00,0,0,0,0,0,0,0,0,0,0,0,0,0,0,0,0,0,0,0,0,0,128,[84 -64 4 0 0 0 0 0 0 0 0 0 -7 10 -7 10 -8 10 -8 10 -8 9 -9 10 -9 9 -10 10 -10 9 -10 9 -10 10 -10 9 -10 9 -10 9 -10 8 -11 9 -10 8 -10 8 -11 8 -11 7 -10 8 -11 7 -10 8 -11 9 -10 8 -10 8 0 0 -11 8 -10 8 -10 8 -10 9 -10 9 -10 8 -11 9 -10 9 -10 9 -11 10 -10 10 -10 9 -10 10 -10 10 -10 10 -11 11 -10 10 -10 11 -11 11 -11 10 -11 12 -11 11 -10 11 -10 11 -10 12 -10 12 0 0 0 0 0 0 0 0 0 0]"
"1769326798615293,CSI_DATA,STATION,00:00:00:00:00:00,0,0,0,0,0,0,0,0,0,0,0,0,0,0,0,0,0,0,0,0,0,128,[84 -64 4 0 0 0 0 0 0 0 0 0 -9 -6 -9 -6 -9 -7 -9 -7 -8 -7 -9 -8 -8 -8 -8 -8 -8 -8 -8 -9 -8 -8 -8 -8 -8 -8 -7 -9 -7 -9 -7 -9 -7 -9 -7 -8 -7 -9 -7 -9 -7 -10 -7 -9 -7 -9 -7 -9 -8 -9 -7 -9 0 0 -7 -9 -7 -9 -8 -9 -7 -9 -8 -9 -8 -9 -8 -9 -8 -9 -8 -9 -8 -9 -9 -9 -9 -9 -9 -9 -9 -10 -8 -9 -10 -10 -9 -9 -9 -10 -10 -9 -9 -10 -10 -10 -10 -10 -10 -10 -11 -10 -10 -9 -10 -10 0 0 0 0 0 0 0 0 0 0]"
"1769326798621739,CSI_DATA,STATION,00:00:00:00:00:00,0,0,0,0,0,0,0,0,0,0,0,0,0,0,0,0,0,0,0,0,0,128,[84 -64 4 0 0 0 0 0 0 0 0 0 6 7 6 7 6 7 6 8 6 8 5 8 5 8 5 9 4 8 5 9 5 9 4 9 5 9 5 9 4 10 4 9 4 9 4 9 4 9 4 10 4 10 4 9 4 9 4 9 4 9 4 9 0 0 5 9 5 9 5 9 4 9 5 9 5 10 6 9 5 9 5 9 6 9 6 9 6 10 6 10 6 10 6 10 7 10 7 9 7 10 7 10 6 10 7 10 7 10 7 10 8 10 8 10 8 10 0 0 0 0 0 0 0 0 0 0]"
"1769326798626098,CSI_DATA,STATION,00:00:00:00:00:00,0,0,0,0,0,0,0,0,0,0,0,0,0,0,0,0,0,0,0,0,0,128,[84 -64 4 0 0 0 0 0 0 0 0 0 8 6 7 6 7 6 7 6 7 6 7 7 7 7 7 7 7 8 7 8 6 8 6 8 6 8 6 8 6 8 6 8 6 8 5 8 6 8 6 9 6 8 6 8 6 8 6 8 6 8 6 8 0 0 6 8 6 8 7 8 6 8 7 8 7 8 7 8 7 8 7 8 7 8 7 8 8 8 8 9 8 9 8 8 8 9 8 8 9 8 9 8 9 8 9 8 9 9 9 9 9 9 9 9 9 9 0 0 0 0 0 0 0 0 0 0]"
"1769326798630499,CSI_DATA,STATION,00:00:00:00:00:00,0,0,0,0,0,0,0,0,0,0,0,0,0,0,0,0,0,0,0,0,0,128,[84 -64 4 0 0 0 0 0 0 0 0 0 0 18 -1 17 -1 18 -2 18 -2 19 -2 19 -3 18 -3 19 -3 18 -4 18 -4 18 -5 18 -5 19 -5 17 -5 17 -6 18 -5 17 -5 17 -6 18 -6 18 -6 17 -5 17 -6 17 -5 18 -5 18 -5 18 0 0 -5 17 -4 18 -4 18 -4 19 -4 18 -4 19 -4 19 -3 18 -4 19 -3 19 -3 19 -2 19 -3 19 -2 19 -2 20 -2 20 -2 20 -1 20 -1 21 -1 21 -2 21 -1 21 -1 22 -1 22 -1 22 -1 21 0 0 0 0 0 0 0 0 0 0]"
"1769326798636868,CSI_DATA,STATION,00:00:00:00:00:00,0,0,0,0,0,0,0,0,0,0,0,0,0,0,0,0,0,0,0,0,0,128,[84 -64 4 0 0 0 0 0 0 0 0 0 -4 -10 -4 -10 -3 -10 -3 -11 -3 -10 -3 -11 -2 -11 -1 -11 -2 -11 -1 -11 -2 -11 -2 -11 -1 -11 -1 -11 -1 -11 -1 -12 0 -12 0 -11 -1 -12 -1 -11 -1 -11 0 -11 0 -11 -1 -11 -1 -11 -1 -12 0 0 -1 -12 -1 -11 -1 -11 -1 -11 -1 -12 -1 -12 -1 -12 -1 -12 -1 -12 -1 -12 -2 -12 -2 -12 -2 -12 -2 -13 -2 -13 -2 -13 -2 -13 -3 -14 -2 -13 -2 -13 -2 -14 -2 -14 -2 -13 -3 -14 -3 -14 -2 -14 0 0 0 0 0 0 0 0 0 0]"
"1769326798643340,CSI_DATA,STATION,00:00:00:00:00:00,0,0,0,0,0,0,0,0,0,0,0,0,0,0,0,0,0,0,0,0,0,128,[84 -64 4 0 0 0 0 0 0 0 0 0 -5 -10 -4 -10 -4 -10 -4 -10 -4 -10 -4 -11 -3 -11 -3 -11 -3 -11 -2 -11 -2 -11 -2 -10 -2 -11 -2 -11 -2 -11 -2 -11 -2 -11 -1 -10 -2 -11 -2 -11 -2 -11 -2 -11 -1 -11 -2 -11 -2 -11 -2 -12 0 0 -2 -12 -3 -11 -3 -12 -3 -11 -3 -11 -3 -12 -4 -11 -4 -11 -3 -11 -3 -11 -4 -12 -4 -12 -4 -12 -4 -12 -4 -12 -5 -12 -5 -12 -5 -13 -5 -12 -5 -13 -5 -13 -5 -13 -5 -13 -5 -13 -6 -13 -5 -13 0 0 0 0 0 0 0 0 0 0]"
"1769326798658182,CSI_DATA,STATION,00:00:00:00:00:00,0,0,0,0,0,0,0,0,0,0,0,0,0,0,0,0,0,0,0,0,0,128,[84 -64 4 0 0 0 0 0 0 0 0 0 -6 8 -6 8 -7 8 -7 8 -7 8 -8 8 -8 8 -8 7 -8 7 -8 7 -8 8 -8 7 -8 7 -8 6 -9 6 -9 7 -9 7 -8 7 -9 6 -9 6 -9 6 -9 6 -9 6 -9 7 -8 6 -8 7 0 0 -9 6 -8 6 -8 7 -8 7 -9 7 -9 7 -9 7 -9 7 -8 7 -8 8 -9 8 -8 8 -8 8 -8 9 -8 8 -9 9 -8 9 -9 10 -9 9 -9 9 -9 10 -9 9 -9 9 -9 10 -9 10 -9 10 0 0 0 0 0 0 0 0 0 0]"
"1769326798664598,CSI_DATA,STATION,00:00:00:00:00:00,0,0,0,0,0,0,0,0,0,0,0,0,0,0,0,0,0,0,0,0,0,128,[84 -64 4 0 0 0 0 0 0 0 0 0 -5 -9 -5 -9 -5 -10 -5 -10 -4 -10 -4 -10 -4 -10 -4 -11 -4 -11 -4 -11 -3 -10 -3 -10 -3 -11 -3 -11 -3 -11 -3 -11 -3 -10 -3 -11 -3 -11 -3 -11 -3 -11 -3 -11 -3 -11 -3 -11 -3 -11 -3 -11 0 0 -3 -11 -4 -11 -4 -11 -4 -11 -4 -11 -4 -11 -5 -11 -4 -11 -4 -11 -5 -11 -5 -11 -5 -11 -6 -11 -5 -12 -6 -12 -5 -12 -5 -12 -6 -12 -6 -12 -6 -12 -6 -12 -6 -12 -6 -12 -7 -12 -6 -12 -6 -13 0 0 0 0 0 0 0 0 0 0]"
"1769326798668908,CSI_DATA,STATION,00:00:00:00:00:00,0,0,0,0,0,0,0,0,0,0,0,0,0,0,0,0,0,0,0,0,0,128,[84 -64 4 0 0 0 0 0 0 0 0 0 5 7 5 9 4 8 4 9 4 9 3 9 3 9 3 10 3 9 3 10 3 10 3 10 3 10 3 10 2 10 2 10 2 10 2 9 2 10 2 10 2 10 2 10 2 10 3 10 3 10 3 10 0 0 3 10 3 10 3 10 4 9 4 10 3 10 3 10 4 10 4 10 4 10 4 10 5 10 5 10 5 10 5 11 5 10 5 10 6 11 6 11 6 11 6 11 6 11 6 11 6 11 6 11 6 11 0 0 0 0 0 0 0 0 0 0]"
"1769326798673206,CSI_DATA,STATION,00:00:00:00:00:00,0,0,0,0,0,0,0,0,0,0,0,0,0,0,0,0,0,0,0,0,0,128,[84 -64 4 0 0 0 0 0 0 0 0 0 10 -1 9 0 10 0 10 0 10 1 10 1 10 1 10 1 10 2 10 2 10 1 10 2 10 2 10 2 10 2 10 2 10 2 10 2 10 2 10 3 10 3 10 3 10 2 10 2 10 2 10 2 0 0 10 2 10 2 10 2 10 1 11 2 11 1 11 1 11 2 11 2 11 1 11 0 11 1 12 1 12 1 11 0 12 0 12 0 12 0 12 1 12 1 12 0 13 1 13 0 13 0 13 0 13 0 0 0 0 0 0 0 0 0 0 0]"
"1769326798679666,CSI_DATA,STATION,00:00:00:00:00:00,0,0,0,0,0,0,0,0,0,0,0,0,0,0,0,0,0,0,0,0,0,128,[84 -64 4 0 0 0 0 0 0 0 0 0 8 4 8 4 9 5 8 5 8 6 8 6 8 6 8 7 7 6 8 7 7 7 7 7 7 7 7 7 7 8 7 7 7 7 7 7 7 7 7 7 7 7 7 7 7 7 7 8 7 7 7 7 0 0 7 7 7 7 8 7 7 7 8 7 8 7 8 7 8 7 8 6 8 7 8 7 9 7 9 7 9 7 9 6 9 6 10 6 10 7 10 7 10 6 10 7 10 7 11 7 10 7 10 7 11 7 0 0 0 0 0 0 0 0 0 0]"
"1769326798684019,CSI_DATA,STATION,00:00:00:00:00:00,0,0,0,0,0,0,0,0,0,0,0,0,0,0,0,0,0,0,0,0,0,128,[84 -64 4 0 0 0 0 0 0 0 0 0 -7 -8 -7 -8 -7 -9 -7 -9 -7 -9 -6 -10 -6 -10 -6 -10 -5 -10 -6 -10 -6 -10 -6 -10 -5 -10 -5 -10 -5 -11 -5 -10 -5 -10 -5 -10 -5 -10 -5 -10 -5 -10 -5 -10 -5 -10 -5 -10 -6 -10 -6 -10 0 0 -6 -10 -6 -10 -6 -10 -5 -10 -6 -10 -6 -11 -6 -10 -7 -10 -6 -10 -7 -10 -7 -10 -7 -10 -8 -10 -8 -10 -7 -11 -8 -10 -8 -10 -9 -11 -8 -11 -8 -11 -9 -11 -9 -11 -9 -11 -9 -10 -9 -11 -9 -11 0 0 0 0 0 0 0 0 0 0]"
"1769326798688330,CSI_DATA,STATION,00:00:00:00:00:00,0,0,0,0,0,0,0,0,0,0,0,0,0,0,0,0,0,0,0,0,0,128,[84 -64 4 0 0 0 0 0 0 0 0 0 -3 -11 -3 -10 -3 -11 -2 -11 -2 -11 -2 -11 -1 -11 -1 -11 -1 -12 -1 -11 -1 -11 0 -11 0 -11 0 -11 0 -11 0 -11 0 -11 0 -11 0 -11 0 -11 0 -11 0 -11 0 -11 0 -11 0 -12 0 -12 0 0 -1 -11 -1 -11 -1 -11 -1 -11 -1 -11 -1 -12 -1 -12 -2 -12 -1 -12 -2 -12 -1 -12 -2 -12 -2 -12 -2 -12 -2 -13 -2 -13 -2 -13 -3 -13 -2 -13 -2 -14 -3 -13 -3 -13 -3 -14 -3 -14 -3 -14 -3 -14 0 0 0 0 0 0 0 0 0 0]"
"1769326798694818,CSI_DATA,STATION,00:00:00:00:00:00,0,0,0,0,0,0,0,0,0,0,0,0,0,0,0,0,0,0,0,0,0,128,[84 -64 4 0 0 0 0 0 0 0 0 0 -10 2 -11 2 -11 1 -11 1 -11 0 -11 1 -11 0 -11 0 -11 0 -11 -1 -11 0 -11 -1 -11 -1 -12 -1 -12 -1 -11 -1 -11 -1 -11 -2 -12 -2 -11 -2 -11 -2 -11 -2 -11 -2 -12 -1 -11 -2 -11 -1 0 0 -11 -1 -11 0 -12 -1 -11 0 -12 -1 -11 0 -12 0 -12 0 -12 0 -12 0 -12 0 -12 0 -13 0 -13 0 -13 1 -13 1 -13 0 -13 1 -13 1 -14 1 -14 1 -14 1 -14 1 -14 1 -14 1 -14 1 0 0 0 0 0 0 0 0 0 0]"
"1769326798699176,CSI_DATA,STATION,00:00:00:00:00:00,0,0,0,0,0,0,0,0,0,0,0,0,0,0,0,0,0,0,0,0,0,128,[84 -64 4 0 0 0 0 0 0 0 0 0 6 7 6 7 6 8 6 8 6 8 5 8 5 8 5 9 5 9 5 9 5 9 4 9 5 9 5 9 4 9 4 9 4 9 4 9 4 9 4 9 4 9 4 9 4 9 4 9 4 9 4 9 0 0 4 9 5 9 5 9 5 9 5 9 5 9 5 9 6 9 6 9 6 10 6 9 6 10 7 10 7 9 7 10 7 9 8 9 7 9 7 10 7 9 7 10 7 10 8 11 8 10 8 10 8 10 0 0 0 0 0 0 0 0 0 0]"
"1769326798705633,CSI_DATA,STATION,00:00:00:00:00:00,0,0,0,0,0,0,0,0,0,0,0,0,0,0,0,0,0,0,0,0,0,128,[84 -64 4 0 0 0 0 0 0 0 0 0 9 -1 10 0 10 0 10 1 10 1 10 1 10 1 10 2 9 2 10 2 10 2 10 2 10 2 10 2 10 3 9 3 9 3 9 3 10 3 10 4 9 3 10 3 9 3 11 3 10 3 10 3 0 0 10 3 9 3 10 3 9 2 10 3 10 3 10 3 11 2 10 2 11 2 11 2 11 2 11 2 12 2 11 2 12 2 12 1 12 1 12 2 12 2 12 2 12 2 12 2 13 1 13 2 12 1 0 0 0 0 0 0 0 0 0 0]"
"1769326798709961,CSI_DATA,STATION,00:00:00:00:00:00,0,0,0,0,0,0,0,0,0,0,0,0,0,0,0,0,0,0,0,0,0,128,[84 -64 4 0 0 0 0 0 0 0 0 0 0 -10 1 -11 1 -11 2 -11 2 -11 2 -11 2 -11 2 -11 3 -11 3 -11 3 -11 3 -11 3 -10 3 -11 3 -10 3 -11 4 -10 3 -11 4 -10 4 -10 4 -10 4 -10 4 -11 3 -11 3 -10 3 -11 0 0 3 -11 3 -11 3 -10 3 -11 3 -11 3 -11 3 -11 3 -12 3 -11 3 -12 2 -12 2 -12 2 -12 2 -12 2 -13 2 -12 2 -13 2 -13 3 -13 3 -13 2 -13 2 -13 2 -14 2 -14 2 -14 2 -14 0 0 0 0 0 0 0 0 0 0]"
"1769326798714266,CSI_DATA,STATION,00:00:00:00:00:00,0,0,0,0,0,0,0,0,0,0,0,0,0,0,0,0,0,0,0,0,0,128,[84 -64 4 0 0 0 0 0 0 0 0 0 6 -8 6 -9 6 -8 6 -8 7 -8 7 -8 7 -8 7 -8 8 -7 8 -7 8 -7 8 -7 8 -6 8 -7 9 -6 8 -7 8 -7 8 -6 9 -6 9 -6 8 -6 8 -6 9 -6 9 -6 8 -6 9 -7 0 0 9 -6 8 -6 9 -6 9 -7 9 -7 9 -7 9 -7 9 -7 9 -7 9 -7 9 -8 9 -8 9 -8 9 -7 9 -8 10 -9 9 -8 10 -9 10 -8 10 -9 10 -9 10 -8 10 -9 10 -9 10 -9 10 -9 0 0 0 0 0 0 0 0 0 0]"
"1769326798720720,CSI_DATA,STATION,00:00:00:00:00:00,0,0,0,0,0,0,0,0,0,0,0,0,0,0,0,0,0,0,0,0,0,128,[84 -64 4 0 0 0 0 0 0 0 0 0 0 -11 0 -11 1 -10 1 -11 1 -11 1 -11 2 -11 2 -11 2 -11 2 -11 3 -11 3 -11 3 -11 3 -10 3 -11 3 -11 3 -11 3 -11 3 -11 3 -10 3 -10 3 -10 3 -11 3 -11 3 -11 3 -11 0 0 3 -11 3 -11 3 -10 2 -11 2 -11 2 -11 2 -11 2 -11 2 -11 2 -12 2 -12 2 -12 2 -12 2 -12 2 -13 2 -13 2 -13 2 -13 2 -13 2 -13 2 -13 2 -13 1 -14 2 -14 2 -14 2 -14 0 0 0 0 0 0 0 0 0 0]"
"1769326798725128,CSI_DATA,STATION,00:00:00:00:00:00,0,0,0,0,0,0,0,0,0,0,0,0,0,0,0,0,0,0,0,0,0,128,[84 -64 4 0 0 0 0 0 0 0 0 0 -8 6 -8 6 -9 6 -10 5 -10 5 -9 5 -10 6 -10 5 -9 5 -11 4 -10 4 -10 4 -10 3 -11 3 -11 4 -10 4 -11 4 -10 3 -11 3 -11 4 -10 3 -11 3 -10 4 -11 3 -11 3 -10 4 0 0 -10 4 -10 4 -10 4 -10 5 -11 4 -11 5 -11 4 -11 5 -10 5 -11 5 -11 5 -11 5 -11 5 -11 6 -11 6 -11 6 -11 6 -11 6 -11 7 -11 7 -11 7 -12 7 -11 7 -12 6 -12 7 -12 7 0 0 0 0 0 0 0 0 0 0]"
"1769326798729527,CSI_DATA,STATION,00:00:00:00:00:00,0,0,0,0,0,0,0,0,0,0,0,0,0,0,0,0,0,0,0,0,0,128,[84 -64 4 0 0 0 0 0 0 0 0 0 -5 9 -5 9 -6 8 -6 8 -7 8 -7 8 -6 8 -7 8 -7 8 -8 8 -7 7 -8 8 -8 7 -8 7 -8 7 -8 7 -8 7 -8 7 -8 7 -8 6 -9 6 -8 6 -8 7 -8 7 -8 7 -8 8 0 0 -8 7 -8 7 -8 8 -8 8 -8 8 -8 7 -8 7 -8 8 -7 9 -8 9 -8 9 -8 9 -7 9 -8 9 -8 9 -8 10 -8 10 -8 10 -8 10 -8 10 -9 10 -8 10 -9 10 -8 11 -8 11 -8 11 0 0 0 0 0 0 0 0 0 0]"
"1769326798736043,CSI_DATA,STATION,00:00:00:00:00:00,0,0,0,0,0,0,0,0,0,0,0,0,0,0,0,0,0,0,0,0,0,128,[84 -64 4 0 0 0 0 0 0 0 0 0 4 8 4 9 3 9 3 9 3 9 2 10 2 10 2 10 2 10 2 10 2 10 2 10 2 10 2 10 2 10 1 10 1 10 0 10 1 11 1 11 1 10 1 10 1 10 1 10 1 10 1 10 0 0 1 10 2 10 2 11 2 10 2 11 2 11 2 10 2 11 2 11 2 11 3 11 3 11 3 11 3 11 3 11 3 12 3 11 3 12 3 12 3 12 4 12 4 12 4 12 4 12 4 12 4 12 0 0 0 0 0 0 0 0 0 0]"
"1769326798740394,CSI_DATA,STATION,00:00:00:00:00:00,0,0,0,0,0,0,0,0,0,0,0,0,0,0,0,0,0,0,0,0,0,128,[84 -64 4 0 0 0 0 0 0 0 0 0 8 -6 8 -6 9 -5 9 -5 9 -5 9 -5 9 -5 10 -5 10 -5 10 -4 9 -4 10 -5 10 -4 10 -3 10 -4 10 -4 10 -3 9 -3 10 -3 10 -3 10 -3 10 -3 10 -4 10 -3 10 -4 10 -4 0 0 10 -4 10 -4 10 -4 10 -4 10 -4 10 -5 10 -4 10 -5 10 -5 10 -5 10 -5 11 -5 11 -5 11 -5 11 -6 11 -6 11 -6 11 -6 11 -7 11 -7 11 -6 11 -6 11 -6 11 -6 12 -7 12 -7 0 0 0 0 0 0 0 0 0 0]"
"1769326798744682,CSI_DATA,STATION,00:00:00:00:00:00,0,0,0,0,0,0,0,0,0,0,0,0,0,0,0,0,0,0,0,0,0,128,[84 -64 4 0 0 0 0 0 0 0 0 0 7 5 8 6 7 6 8 6 8 6 7 7 7 7 7 7 6 7 7 7 7 7 7 8 7 8 7 8 7 8 6 8 6 7 6 7 7 8 7 8 7 8 6 8 6 8 7 8 7 8 7 8 0 0 7 7 7 7 8 8 7 7 8 7 8 7 7 7 8 7 8 7 8 7 8 7 9 7 9 7 9 7 9 7 10 7 10 7 10 7 10 7 10 7 10 7 10 7 10 7 11 7 10 7 10 7 0 0 0 0 0 0 0 0 0 0]"
"1769326798751155,CSI_DATA,STATION,00:00:00:00:00:00,0,0,0,0,0,0,0,0,0,0,0,0,0,0,0,0,0,0,0,0,0,128,[84 -64 4 0 0 0 0 0 0 0 0 0 8 5 8 5 7 6 8 6 7 7 8 7 7 7 7 8 7 7 7 8 6 7 7 7 6 7 7 8 7 8 6 8 6 8 6 8 6 8 6 9 6 8 6 8 6 8 6 8 6 8 7 8 0 0 6 8 7 8 7 8 7 8 7 8 7 8 7 8 7 8 7 8 8 8 8 7 8 8 8 8 9 8 8 8 8 8 9 8 9 8 9 8 9 8 9 8 9 8 10 9 10 8 10 8 10 8 0 0 0 0 0 0 0 0 0 0]"
"1769326798755451,CSI_DATA,STATION,00:00:00:00:00:00,0,0,0,0,0,0,0,0,0,0,0,0,0,0,0,0,0,0,0,0,0,128,[84 -64 4 0 0 0 0 0 0 0 0 0 6 7 5 8 5 8 5 8 5 8 5 9 5 9 4 9 4 9 5 9 4 9 4 9 4 9 4 9 4 10 4 9 3 9 3 9 3 10 4 10 3 9 4 9 3 10 4 10 4 10 4 10 0 0 4 10 4 10 4 9 4 10 4 10 5 10 5 10 5 10 4 9 5 10 5 10 5 10 5 10 5 10 5 10 6 10 6 10 6 11 6 11 6 10 7 11 6 10 7 11 7 10 7 10 6 11 0 0 0 0 0 0 0 0 0 0]"
"1769326798761898,CSI_DATA,STATION,00:00:00:00:00:00,0,0,0,0,0,0,0,0,0,0,0,0,0,0,0,0,0,0,0,0,0,128,[84 -64 4 0 0 0 0 0 0 0 0 0 -11 1 -11 0 -11 0 -11 0 -11 -1 -12 -1 -11 -1 -11 -1 -11 -2 -11 -2 -11 -2 -11 -2 -11 -2 -11 -3 -11 -3 -11 -3 -11 -2 -11 -2 -12 -3 -11 -3 -11 -3 -11 -3 -11 -3 -11 -2 -11 -3 -11 -2 0 0 -11 -2 -11 -3 -11 -2 -11 -2 -12 -2 -12 -3 -12 -2 -12 -2 -11 -2 -12 -2 -12 -1 -12 -1 -12 -1 -13 -2 -13 -1 -12 -1 -13 -1 -13 -1 -13 -2 -13 -2 -14 -1 -14 -1 -14 -2 -14 -1 -14 -1 -14 -1 0 0 0 0 0 0 0 0 0 0]"
"1769326798766156,CSI_DATA,STATION,00:00:00:00:00:00,0,0,0,0,0,0,0,0,0,0,0,0,0,0,0,0,0,0,0,0,0,128,[84 -64 4 0 0 0 0 0 0 0 0 0 6 7 6 7 6 8 6 8 6 8 6 8 5 9 5 9 4 9 4 9 5 9 4 9 4 9 4 9 4 9 4 9 3 9 3 9 4 10 4 10 4 9 4 9 4 10 4 10 4 9 4 10 0 0 4 9 4 9 4 9 4 10 5 10 5 10 5 10 5 10 5 9 5 10 5 10 6 10 6 10 6 10 6 10 6 10 6 10 6 10 6 10 6 10 7 11 7 10 7 11 7 11 7 11 7 11 0 0 0 0 0 0 0 0 0 0]"
"1769326798770453,CSI_DATA,STATION,00:00:00:00:00:00,0,0,0,0,0,0,0,0,0,0,0,0,0,0,0,0,0,0,0,0,0,128,[84 -64 4 0 0 0 0 0 0 0 0 0 9 2 9 2 10 3 9 3 10 4 9 4 9 4 9 5 9 5 9 5 9 4 8 5 9 5 9 5 8 5 8 5 8 5 9 5 9 5 9 6 8 6 8 6 9 6 9 6 9 6 8 5 0 0 9 5 9 5 9 5 9 5 9 5 9 5 9 5 10 5 9 5 10 5 10 4 10 5 10 5 11 5 11 4 10 4 12 5 11 4 12 5 11 5 11 5 11 5 12 5 12 5 12 5 12 5 0 0 0 0 0 0 0 0 0 0]"
"1769326798776875,CSI_DATA,STATION,00:00:00:00:00:00,0,0,0,0,0,0,0,0,0,0,0,0,0,0,0,0,0,0,0,0,0,128,[84 -64 4 0 0 0 0 0 0 0 0 0 -7 -8 -7 -9 -7 -9 -7 -9 -6 -9 -6 -9 -6 -10 -6 -10 -5 -10 -5 -10 -5 -10 -5 -11 -5 -10 -5 -10 -5 -11 -5 -10 -5 -10 -5 -10 -5 -10 -5 -10 -5 -10 -5 -10 -5 -10 -5 -10 -5 -11 -5 -10 0 0 -5 -10 -6 -11 -6 -10 -6 -10 -6 -11 -6 -11 -6 -11 -6 -10 -7 -10 -7 -10 -7 -10 -7 -11 -8 -11 -8 -10 -8 -11 -8 -10 -8 -10 -8 -11 -8 -11 -8 -11 -8 -11 -8 -11 -8 -11 -9 -11 -9 -11 -9 -11 0 0 0 0 0 0 0 0 0 0]"
"1769326798781181,CSI_DATA,STATION,00:00:00:00:00:00,0,0,0,0,0,0,0,0,0,0,0,0,0,0,0,0,0,0,0,0,0,128,[84 -64 4 0 0 0 0 0 0 0 0 0 -9 4 -10 4 -10 4 -11 4 -10 3 -10 3 -10 3 -11 3 -11 3 -11 3 -11 3 -10 2 -11 2 -11 1 -11 2 -11 2 -11 2 -11 1 -12 1 -12 1 -11 1 -11 1 -11 2 -12 1 -11 2 -11 2 0 0 -11 2 -11 2 -11 3 -11 3 -12 2 -11 2 -12 2 -12 2 -11 3 -11 3 -12 3 -12 3 -12 3 -12 3 -12 3 -12 4 -13 3 -13 4 -13 4 -13 4 -13 4 -13 4 -13 3 -13 4 -13 4 -13 4 0 0 0 0 0 0 0 0 0 0]"
"1769326798787632,CSI_DATA,STATION,00:00:00:00:00:00,0,0,0,0,0,0,0,0,0,0,0,0,0,0,0,0,0,0,0,0,0,128,[84 -64 4 0 0 0 0 0 0 0 0 0 -4 9 -4 9 -5 9 -5 9 -5 9 -6 9 -6 9 -6 9 -6 9 -6 9 -5 9 -6 9 -6 9 -6 8 -7 8 -7 9 -7 9 -7 8 -7 8 -7 8 -7 8 -7 8 -7 8 -7 8 -7 8 -7 9 0 0 -7 8 -6 8 -7 9 -6 9 -7 9 -7 8 -7 9 -7 9 -7 9 -7 10 -6 10 -7 9 -7 10 -6 10 -6 10 -7 10 -6 11 -6 11 -6 11 -6 11 -6 12 -7 11 -7 11 -7 11 -7 12 -7 12 0 0 0 0 0 0 0 0 0 0]"
"1769326798791920,CSI_DATA,STATION,00:00:00:00:00:00,0,0,0,0,0,0,0,0,0,0,0,0,0,0,0,0,0,0,0,0,0,128,[84 -64 4 0 0 0 0 0 0 0 0 0 5 -9 6 -9 6 -9 6 -8 7 -8 7 -8 7 -8 7 -9 7 -8 8 -8 7 -8 7 -8 8 -7 8 -7 8 -7 8 -7 8 -7 8 -7 8 -6 8 -7 8 -6 8 -7 8 -7 8 -7 8 -7 8 -8 0 0 8 -8 8 -7 8 -7 8 -8 8 -7 8 -8 8 -8 8 -8 8 -8 8 -9 8 -9 8 -9 8 -9 8 -9 8 -9 8 -10 9 -9 8 -10 9 -9 9 -10 9 -10 9 -10 9 -10 8 -10 9 -11 9 -11 0 0 0 0 0 0 0 0 0 0]"
"1769326798796327,CSI_DATA,STATION,00:00:00:00:00:00,0,0,0,0,0,0,0,0,0,0,0,0,0,0,0,0,0,0,0,0,0,128,[84 -64 4 0 0 0 0 0 0 0 0 0 3 -10 3 -10 4 -9 4 -10 4 -9 5 -10 5 -9 5 -9 5 -9 6 -9 6 -10 6 -9 6 -9 6 -9 7 -9 6 -8 7 -9 6 -9 7 -9 7 -8 7 -8 7 -8 7 -8 7 -9 7 -8 6 -9 0 0 7 -9 6 -8 7 -9 6 -9 6 -9 7 -9 7 -9 7 -9 7 -9 6 -10 6 -10 6 -10 6 -10 7 -10 6 -10 6 -11 6 -11 7 -11 7 -11 7 -11 7 -11 7 -11 7 -11 7 -12 7 -12 7 -12 0 0 0 0 0 0 0 0 0 0]"
"1769326798803020,CSI_DATA,STATION,00:00:00:00:00:00,0,0,0,0,0,0,0,0,0,0,0,0,0,0,0,0,0,0,0,0,0,128,[84 -64 4 0 0 0 0 0 0 0 0 0 7 -7 8 -8 8 -7 8 -6 9 -6 8 -6 9 -6 9 -6 9 -5 10 -6 9 -5 9 -5 10 -5 9 -4 9 -5 9 -5 9 -5 9 -4 9 -5 10 -4 9 -4 10 -4 9 -5 10 -4 10 -5 9 -5 0 0 10 -5 10 -5 9 -5 10 -6 9 -5 10 -6 10 -5 9 -6 9 -6 9 -6 10 -6 10 -6 10 -6 10 -6 10 -7 10 -7 10 -7 10 -7 10 -7 10 -8 10 -7 10 -7 11 -7 10 -7 11 -8 11 -8 0 0 0 0 0 0 0 0 0 0]"
"1769326798807472,CSI_DATA,STATION,00:00:00:00:00:00,0,0,0,0,0,0,0,0,0,0,0,0,0,0,0,0,0,0,0,0,0,128,[84 -64 4 0 0 0 0 0 0 0 0 0 -8 2 -8 2 -8 2 -9 2 -8 1 -9 1 -9 1 -9 1 -9 0 -9 1 -9 1 -9 0 -9 0 -9 0 -9 0 -9 0 -9 0 -9 0 -9 0 -9 0 -9 0 -9 0 -9 0 -9 -1 -9 0 -9 0 0 0 -9 1 -9 1 -9 0 -9 1 -10 1 -10 1 -10 1 -10 1 -9 1 -10 1 -10 2 -10 1 -10 1 -10 1 -10 2 -10 2 -10 2 -10 2 -11 3 -11 3 -10 3 -11 2 -11 3 -11 3 -11 3 -11 3 0 0 0 0 0 0 0 0 0 0]"
"1769326798811953,CSI_DATA,STATION,00:00:00:00:00:00,0,0,0,0,0,0,0,0,0,0,0,0,0,0,0,0,0,0,0,0,0,128,[84 -64 4 0 0 0 0 0 0 0 0 0 12 -8 11 -7 12 -7 13 -7 13 -7 13 -7 12 -7 14 -6 13 -6 14 -6 14 -6 14 -5 14 -5 14 -5 14 -5 14 -5 14 -4 14 -5 14 -4 14 -5 14 -5 14 -4 13 -5 14 -5 14 -4 14 -5 0 0 14 -5 14 -5 14 -5 14 -5 14 -5 13 -6 14 -6 14 -6 14 -7 14 -6 14 -7 15 -7 15 -7 14 -7 14 -8 14 -7 14 -8 14 -9 15 -9 15 -9 15 -9 14 -9 15 -9 15 -9 15 -10 15 -9 0 0 0 0 0 0 0 0 0 0]"
"1769326798818631,CSI_DATA,STATION,00:00:00:00:00:00,0,0,0,0,0,0,0,0,0,0,0,0,0,0,0,0,0,0,0,0,0,128,[84 -64 4 0 0 0 0 0 0 0 0 0 -5 -10 -5 -10 -5 -10 -5 -10 -4 -10 -4 -10 -4 -11 -4 -11 -3 -11 -3 -11 -4 -11 -3 -11 -3 -11 -3 -11 -3 -11 -3 -11 -2 -11 -2 -11 -2 -12 -3 -11 -3 -11 -2 -11 -2 -11 -3 -11 -3 -11 -3 -11 0 0 -2 -11 -3 -11 -3 -11 -3 -12 -3 -12 -4 -12 -3 -11 -3 -11 -3 -12 -3 -12 -4 -12 -4 -12 -5 -12 -4 -12 -4 -12 -4 -13 -4 -12 -4 -13 -4 -13 -4 -13 -4 -13 -4 -13 -5 -13 -5 -13 -5 -13 -5 -13 0 0 0 0 0 0 0 0 0 0]"
"1769326798827465,CSI_DATA,STATION,00:00:00:00:00:00,0,0,0,0,0,0,0,0,0,0,0,0,0,0,0,0,0,0,0,0,0,128,[84 -64 4 0 0 0 0 0 0 0 0 0 -10 4 -11 5 -11 4 -11 4 -12 4 -11 3 -12 2 -12 2 -12 2 -12 2 -12 2 -12 2 -12 1 -12 2 -12 1 -12 1 -12 1 -12 1 -13 1 -13 1 -12 1 -12 1 -12 0 -12 0 -12 1 -12 1 0 0 -12 1 -12 2 -12 1 -12 2 -13 1 -12 1 -13 2 -13 1 -13 2 -13 2 -13 2 -13 2 -13 2 -13 3 -13 2 -13 3 -14 2 -14 3 -14 3 -14 3 -14 3 -14 3 -14 3 -14 3 -14 3 -14 3 0 0 0 0 0 0 0 0 0 0]"
"1769326798834059,CSI_DATA,STATION,00:00:00:00:00:00,0,0,0,0,0,0,0,0,0,0,0,0,0,0,0,0,0,0,0,0,0,128,[84 -64 4 0 0 0 0 0 0 0 0 0 2 -11 3 -12 2 -11 3 -12 3 -12 4 -12 4 -11 4 -11 4 -11 5 -11 4 -11 5 -11 4 -10 5 -11 5 -11 5 -10 6 -11 5 -11 5 -11 5 -10 5 -11 6 -11 5 -11 5 -11 5 -10 5 -11 0 0 5 -11 5 -10 5 -11 5 -11 5 -11 5 -11 4 -11 5 -11 5 -12 4 -12 4 -12 4 -12 5 -12 4 -12 4 -12 4 -13 4 -13 4 -13 4 -13 4 -14 4 -14 5 -13 4 -13 4 -14 4 -14 4 -14 0 0 0 0 0 0 0 0 0 0]"
"1769326798840546,CSI_DATA,STATION,00:00:00:00:00:00,0,0,0,0,0,0,0,0,0,0,0,0,0,0,0,0,0,0,0,0,0,128,[84 -64 4 0 0 0 0 0 0 0 0 0 11 0 10 0 11 0 11 1 11 1 11 1 11 2 11 2 11 2 11 3 11 2 11 3 11 3 11 3 11 3 11 3 11 3 11 3 11 3 11 4 11 3 11 3 11 3 11 3 11 3 10 3 0 0 11 2 11 3 11 2 11 2 11 2 11 2 11 1 12 2 11 2 11 2 11 1 12 2 12 2 12 1 12 1 12 1 13 1 13 1 13 1 12 1 13 1 13 2 14 1 14 1 13 1 13 1 0 0 0 0 0 0 0 0 0 0]"
"1769326798844949,CSI_DATA,STATION,00:00:00:00:00:00,0,0,0,0,0,0,0,0,0,0,0,0,0,0,0,0,0,0,0,0,0,128,[84 -64 4 0 0 0 0 0 0 0 0 0 7 -9 7 -9 7 -8 8 -9 8 -8 8 -9 8 -8 8 -8 9 -8 9 -8 9 -8 9 -8 9 -7 8 -7 10 -7 9 -7 9 -7 9 -7 9 -7 10 -7 10 -7 9 -7 9 -7 9 -7 9 -7 9 -7 0 0 10 -8 9 -7 9 -8 9 -7 9 -8 9 -8 8 -8 9 -9 9 -8 8 -9 8 -9 9 -9 9 -9 9 -9 9 -10 9 -10 9 -10 9 -11 9 -10 9 -10 9 -10 8 -10 9 -11 9 -11 9 -11 9 -11 0 0 0 0 0 0 0 0 0 0]"
"1769326798851500,CSI_DATA,STATION,00:00:00:00:00:00,0,0,0,0,0,0,0,0,0,0,0,0,0,0,0,0,0,0,0,0,0,128,[84 -64 4 0 0 0 0 0 0 0 0 0 -5 9 -6 10 -6 9 -6 10 -6 10 -6 10 -6 9 -7 9 -8 9 -7 9 -7 9 -8 9 -7 8 -8 9 -9 9 -8 9 -8 9 -8 8 -8 9 -9 8 -8 8 -8 8 -8 8 -8 8 -8 8 -8 9 0 0 -8 9 -8 8 -8 9 -8 9 -8 9 -7 9 -7 9 -8 10 -7 10 -7 10 -7 11 -8 10 -8 10 -8 11 -7 10 -7 11 -7 11 -7 12 -7 12 -7 12 -7 12 -7 12 -7 12 -7 11 -7 12 -7 12 0 0 0 0 0 0 0 0 0 0]"
"1769326798855840,CSI_DATA,STATION,00:00:00:00:00:00,0,0,0,0,0,0,0,0,0,0,0,0,0,0,0,0,0,0,0,0,0,128,[84 -64 4 0 0 0 0 0 0 0 0 0 -1 10 -2 11 -1 10 -2 11 -2 11 -2 11 -2 11 -3 10 -3 11 -3 10 -3 11 -4 11 -4 11 -4 11 -4 11 -4 10 -5 11 -4 11 -5 11 -5 11 -5 10 -5 10 -5 10 -4 11 -4 10 -4 11 0 0 -5 11 -5 10 -4 11 -4 11 -5 11 -4 11 -4 11 -4 12 -4 11 -4 11 -4 12 -4 12 -4 12 -4 12 -4 12 -4 13 -3 12 -4 13 -4 13 -4 13 -4 13 -4 13 -4 13 -4 13 -4 14 -4 14 0 0 0 0 0 0 0 0 0 0]"
"1769326798860210,CSI_DATA,STATION,00:00:00:00:00:00,0,0,0,0,0,0,0,0,0,0,0,0,0,0,0,0,0,0,0,0,0,128,[84 -64 4 0 0 0 0 0 0 0 0 0 -11 2 -12 2 -12 1 -12 1 -12 1 -12 1 -12 0 -12 0 -12 0 -12 0 -12 0 -13 0 -12 -1 -12 -1 -13 -1 -12 -1 -12 -1 -12 -1 -12 -1 -12 -2 -12 -2 -12 -2 -12 -1 -12 -1 -13 -2 -12 -1 0 0 -12 -1 -12 -1 -13 0 -13 0 -13 -1 -12 -1 -13 0 -13 0 -13 0 -13 1 -13 1 -13 1 -13 1 -14 1 -14 1 -14 1 -14 0 -14 1 -14 1 -15 1 -14 1 -14 1 -15 1 -14 2 -14 2 -14 2 0 0 0 0 0 0 0 0 0 0]"
"1769326798866705,CSI_DATA,STATION,00:00:00:00:00:00,0,0,0,0,0,0,0,0,0,0,0,0,0,0,0,0,0,0,0,0,0,128,[84 -64 4 0 0 0 0 0 0 0 0 0 7 9 6 8 6 9 5 9 6 9 5 9 5 10 5 10 5 10 5 11 4 10 4 11 4 10 5 10 3 11 4 11 3 10 4 11 4 10 4 11 4 11 4 11 4 10 4 10 4 10 4 10 0 0 4 10 5 11 4 10 4 11 5 10 5 11 5 10 6 11 5 11 6 10 6 10 6 11 6 11 6 11 6 12 6 11 7 11 6 10 6 11 7 11 7 11 7 12 7 11 8 11 7 11 7 11 0 0 0 0 0 0 0 0 0 0]"
"1769326798871042,CSI_DATA,STATION,00:00:00:00:00:00,0,0,0,0,0,0,0,0,0,0,0,0,0,0,0,0,0,0,0,0,0,128,[84 -64 4 0 0 0 0 0 0 0 0 0 8 -5 9 -5 8 -4 9 -5 9 -4 10 -4 9 -4 10 -4 10 -4 10 -3 9 -3 10 -3 10 -2 10 -2 10 -2 9 -3 10 -3 10 -2 10 -3 10 -3 10 -3 10 -3 10 -3 10 -2 10 -3 10 -3 0 0 10 -3 10 -3 10 -4 10 -3 10 -4 10 -4 10 -4 10 -4 10 -4 10 -5 10 -5 10 -5 11 -5 11 -4 11 -6 11 -6 11 -5 12 -6 11 -6 11 -7 11 -6 11 -6 12 -6 12 -6 11 -6 12 -6 0 0 0 0 0 0 0 0 0 0]"
"1769326798875375,CSI_DATA,STATION,00:00:00:00:00:00,0,0,0,0,0,0,0,0,0,0,0,0,0,0,0,0,0,0,0,0,0,128,[84 -64 4 0 0 0 0 0 0 0 0 0 9 5 9 6 8 6 9 7 8 6 9 7 9 7 7 7 8 8 8 8 8 8 7 8 8 8 8 8 8 9 7 8 7 9 7 8 7 9 8 9 8 8 7 8 7 8 7 8 7 8 8 8 0 0 8 8 7 8 8 8 7 7 9 8 9 8 9 8 9 8 8 8 8 8 9 8 9 8 9 8 10 8 9 8 10 8 10 7 10 7 11 7 10 7 11 8 10 8 11 8 11 7 11 8 11 8 0 0 0 0 0 0 0 0 0 0]"
"1769326798881857,CSI_DATA,STATION,00:00:00:00:00:00,0,0,0,0,0,0,0,0,0,0,0,0,0,0,0,0,0,0,0,0,0,128,[84 -64 4 0 0 0 0 0 0 0 0 0 9 3 9 3 9 4 9 3 9 4 8 5 9 5 8 5 8 6 9 6 8 5 8 5 8 5 8 5 8 6 8 6 8 6 7 6 8 6 8 6 8 6 8 6 8 6 8 6 8 6 8 6 0 0 8 6 8 6 9 6 8 6 9 6 9 6 8 6 9 5 9 6 9 5 9 5 9 6 10 6 10 5 10 5 10 5 10 5 11 5 11 5 10 5 11 6 11 6 11 5 11 5 11 6 11 5 0 0 0 0 0 0 0 0 0 0]"
"1769326798886199,CSI_DATA,STATION,00:00:00:00:00:00,0,0,0,0,0,0,0,0,0,0,0,0,0,0,0,0,0,0,0,0,0,128,[84 -64 4 0 0 0 0 0 0 0 0 0 7 7 7 8 7 8 7 8 7 8 6 9 6 9 5 9 6 10 6 10 6 9 6 10 6 9 6 10 5 10 5 9 5 10 5 9 5 10 5 10 5 10 5 10 5 10 5 9 6 10 5 10 0 0 5 10 6 10 6 9 6 10 6 10 6 10 6 10 7 10 7 9 7 10 7 9 7 10 8 10 7 10 7 10 8 10 8 9 8 10 8 10 8 10 8 10 9 10 9 10 10 10 9 10 9 10 0 0 0 0 0 0 0 0 0 0]"
"1769326798890528,CSI_DATA,STATION,00:00:00:00:00:00,0,0,0,0,0,0,0,0,0,0,0,0,0,0,0,0,0,0,0,0,0,128,[84 -64 4 0 0 0 0 0 0 0 0 0 -8 -8 -8 -9 -8 -9 -8 -9 -7 -10 -7 -10 -6 -10 -6 -10 -7 -10 -7 -11 -6 -11 -6 -11 -6 -11 -6 -11 -6 -11 -6 -11 -5 -10 -6 -11 -6 -11 -6 -12 -5 -11 -6 -12 -6 -11 -5 -11 -6 -11 -5 -11 0 0 -6 -11 -6 -11 -6 -11 -6 -11 -6 -10 -6 -11 -6 -11 -7 -11 -7 -11 -7 -11 -7 -11 -7 -11 -8 -11 -8 -11 -8 -11 -8 -11 -8 -11 -9 -11 -8 -11 -8 -12 -8 -11 -9 -12 -9 -12 -9 -12 -9 -12 -9 -12 0 0 0 0 0 0 0 0 0 0]"
"1769326798897026,CSI_DATA,STATION,00:00:00:00:00:00,0,0,0,0,0,0,0,0,0,0,0,0,0,0,0,0,0,0,0,0,0,128,[84 -64 4 0 0 0 0 0 0 0 0 0 10 4 10 4 10 4 10 4 10 5 10 5 9 5 9 5 9 6 9 6 10 6 9 6 10 6 9 6 10 7 9 7 9 6 9 6 8 6 9 7 9 7 9 7 9 7 9 7 9 7 9 7 0 0 9 6 9 7 9 6 9 6 9 7 9 6 10 6 11 6 10 6 10 6 10 6 11 6 11 6 11 6 11 6 11 6 12 5 11 6 11 6 11 6 12 6 12 6 12 6 12 6 12 5 12 5 0 0 0 0 0 0 0 0 0 0]"
"1769326798901338,CSI_DATA,STATION,00:00:00:00:00:00,0,0,0,0,0,0,0,0,0,0,0,0,0,0,0,0,0,0,0,0,0,128,[84 -64 4 0 0 0 0 0 0 0 0 0 -4 -11 -5 -11 -4 -11 -4 -12 -4 -12 -4 -12 -3 -12 -3 -12 -3 -12 -2 -13 -2 -12 -2 -12 -2 -13 -1 -12 -2 -13 -1 -13 -1 -12 -1 -12 -1 -12 -1 -12 -1 -12 -2 -12 -1 -13 -1 -12 -1 -12 -2 -12 0 0 -1 -12 -2 -13 -2 -12 -3 -12 -2 -12 -3 -12 -3 -12 -3 -13 -3 -13 -3 -13 -3 -13 -3 -13 -3 -13 -3 -13 -3 -13 -4 -13 -4 -14 -4 -13 -4 -14 -4 -14 -4 -14 -4 -14 -4 -14 -4 -14 -4 -14 -4 -14 0 0 0 0 0 0 0 0 0 0]"
"1769326798907819,CSI_DATA,STATION,00:00:00:00:00:00,0,0,0,0,0,0,0,0,0,0,0,0,0,0,0,0,0,0,0,0,0,128,[84 -64 4 0 0 0 0 0 0 0 0 0 -3 11 -3 10 -3 11 -3 10 -4 11 -4 10 -4 11 -5 10 -5 11 -5 10 -5 10 -5 10 -6 10 -5 10 -6 10 -6 10 -6 11 -6 10 -6 10 -6 10 -6 10 -5 9 -6 10 -6 10 -5 10 -5 10 0 0 -5 10 -4 10 -4 11 -5 11 -5 11 -5 11 -4 10 -5 11 -5 11 -5 12 -4 11 -4 12 -4 12 -4 12 -4 12 -4 12 -3 13 -4 13 -4 13 -3 13 -3 13 -3 13 -3 13 -3 13 -3 13 -3 14 0 0 0 0 0 0 0 0 0 0]"
"1769326798912175,CSI_DATA,STATION,00:00:00:00:00:00,0,0,0,0,0,0,0,0,0,0,0,0,0,0,0,0,0,0,0,0,0,128,[84 -64 4 0 0 0 0 0 0 0 0 0 -2 -17 -1 -18 0 -17 0 -17 1 -17 1 -18 1 -17 1 -17 2 -17 2 -17 2 -18 3 -17 3 -17 3 -17 4 -17 4 -17 4 -17 4 -16 4 -17 4 -17 4 -17 4 -17 4 -16 4 -16 4 -16 3 -17 0 0 3 -17 3 -16 3 -17 3 -17 3 -17 3 -17 3 -18 2 -17 3 -18 2 -17 2 -18 2 -18 2 -18 2 -19 2 -19 2 -20 1 -19 1 -20 1 -20 1 -20 1 -21 1 -20 1 -20 1 -20 1 -21 0 -20 0 0 0 0 0 0 0 0 0 0]"
"1769326798916504,CSI_DATA,STATION,00:00:00:00:00:00,0,0,0,0,0,0,0,0,0,0,0,0,0,0,0,0,0,0,0,0,0,128,[84 -64 4 0 0 0 0 0 0 0 0 0 -5 8 -6 8 -7 7 -7 8 -7 7 -7 7 -8 8 -8 7 -8 7 -9 7 -8 7 -8 7 -8 7 -8 7 -9 7 -9 7 -8 7 -8 6 -9 6 -9 6 -9 6 -9 6 -9 6 -9 6 -9 6 -9 7 0 0 -9 6 -9 6 -9 6 -8 6 -9 7 -9 7 -9 7 -9 7 -9 7 -9 8 -9 8 -9 8 -9 8 -9 8 -9 8 -9 8 -9 8 -9 9 -9 9 -9 9 -10 10 -10 9 -10 9 -9 9 -10 9 -10 9 0 0 0 0 0 0 0 0 0 0]"
"1769326798923021,CSI_DATA,STATION,00:00:00:00:00:00,0,0,0,0,0,0,0,0,0,0,0,0,0,0,0,0,0,0,0,0,0,128,[84 -64 4 0 0 0 0 0 0 0 0 0 -11 -4 -11 -5 -11 -5 -11 -5 -11 -6 -11 -6 -10 -6 -11 -6 -10 -6 -10 -7 -10 -7 -10 -7 -10 -8 -10 -7 -10 -8 -10 -7 -10 -7 -9 -7 -10 -8 -9 -8 -10 -8 -10 -8 -9 -7 -10 -8 -10 -8 -10 -8 0 0 -10 -8 -10 -7 -10 -8 -10 -7 -11 -8 -11 -7 -10 -8 -11 -7 -11 -7 -11 -6 -11 -7 -12 -7 -11 -7 -12 -7 -11 -6 -12 -7 -12 -7 -12 -7 -12 -7 -13 -7 -13 -7 -13 -7 -12 -7 -13 -7 -13 -7 -13 -7 0 0 0 0 0 0 0 0 0 0]"
"1769326798927424,CSI_DATA,STATION,00:00:00:00:00:00,0,0,0,0,0,0,0,0,0,0,0,0,0,0,0,0,0,0,0,0,0,128,[84 -64 4 0 0 0 0 0 0 0 0 0 4 10 4 10 4 10 4 10 3 10 3 11 3 11 3 11 3 11 2 11 2 12 2 11 2 11 2 11 1 11 1 11 1 11 1 11 1 11 1 11 1 11 1 11 1 11 1 11 1 11 2 11 0 0 2 11 2 11 2 11 2 11 2 12 2 12 3 11 3 11 2 11 2 12 3 11 3 12 3 12 3 13 3 12 3 12 4 12 4 13 4 13 4 12 4 13 4 12 4 13 4 13 4 13 4 13 0 0 0 0 0 0 0 0 0 0]"
"1769326798934061,CSI_DATA,STATION,00:00:00:00:00:00,0,0,0,0,0,0,0,0,0,0,0,0,0,0,0,0,0,0,0,0,0,128,[84 -64 4 0 0 0 0 0 0 0 0 0 -8 8 -7 8 -8 8 -8 8 -9 8 -9 8 -9 8 -9 7 -10 7 -10 7 -9 7 -10 6 -10 6 -10 6 -10 6 -10 7 -10 7 -10 6 -10 6 -11 6 -11 5 -10 6 -10 6 -10 6 -10 6 -10 6 0 0 -10 6 -10 6 -10 6 -10 6 -10 7 -10 6 -10 7 -10 7 -10 7 -10 8 -10 8 -10 8 -11 7 -10 8 -10 8 -10 8 -11 8 -11 9 -11 9 -11 9 -11 9 -11 9 -11 9 -11 9 -11 9 -11 10 0 0 0 0 0 0 0 0 0 0]"
"1769326798938403,CSI_DATA,STATION,00:00:00:00:00:00,0,0,0,0,0,0,0,0,0,0,0,0,0,0,0,0,0,0,0,0,0,128,[84 -64 4 0 0 0 0 0 0 0 0 0 -7 8 -7 9 -8 8 -8 8 -8 8 -9 8 -9 8 -9 8 -9 7 -9 7 -9 7 -9 8 -10 7 -10 7 -10 6 -9 7 -10 7 -9 6 -10 7 -10 6 -10 6 -10 6 -10 7 -10 6 -10 6 -10 7 0 0 -10 7 -10 7 -10 6 -10 7 -10 7 -10 7 -10 7 -10 7 -9 8 -10 8 -10 8 -10 8 -10 8 -10 8 -10 8 -10 9 -10 9 -10 10 -10 9 -10 9 -10 9 -10 9 -11 9 -10 9 -11 10 -11 10 0 0 0 0 0 0 0 0 0 0]"
"1769326798942749,CSI_DATA,STATION,00:00:00:00:00:00,0,0,0,0,0,0,0,0,0,0,0,0,0,0,0,0,0,0,0,0,0,128,[84 -64 4 0 0 0 0 0 0 0 0 0 3 -11 3 -11 3 -11 4 -11 5 -11 5 -11 5 -11 6 -10 6 -10 6 -11 5 -11 6 -11 6 -10 6 -10 7 -10 7 -10 6 -10 7 -10 6 -9 7 -9 6 -9 7 -9 7 -10 6 -10 6 -10 6 -10 0 0 6 -10 7 -10 6 -10 6 -10 7 -10 6 -10 6 -10 6 -11 7 -11 6 -11 5 -12 6 -12 6 -11 6 -12 6 -12 6 -13 6 -12 6 -13 6 -12 6 -13 6 -13 6 -12 6 -13 6 -13 6 -13 6 -13 0 0 0 0 0 0 0 0 0 0]"
"1769326798949195,CSI_DATA,STATION,00:00:00:00:00:00,0,0,0,0,0,0,0,0,0,0,0,0,0,0,0,0,0,0,0,0,0,128,[84 -64 4 0 0 0 0 0 0 0 0 0 10 -5 10 -4 10 -4 11 -3 11 -3 11 -3 11 -3 11 -2 11 -2 12 -2 11 -2 11 -2 11 -2 11 -1 11 -1 11 -1 11 -1 11 -2 11 -1 11 -1 12 -1 12 -1 11 -1 11 -1 11 -1 11 -1 0 0 11 -2 11 -2 11 -2 11 -3 11 -2 12 -2 12 -2 11 -3 11 -3 12 -3 12 -3 12 -2 12 -3 12 -3 12 -4 12 -4 13 -4 12 -4 12 -5 12 -5 12 -5 13 -4 13 -5 13 -5 13 -5 13 -5 0 0 0 0 0 0 0 0 0 0]"
"1769326798953511,CSI_DATA,STATION,00:00:00:00:00:00,0,0,0,0,0,0,0,0,0,0,0,0,0,0,0,0,0,0,0,0,0,128,[84 -64 4 0 0 0 0 0 0 0 0 0 -10 -6 -10 -7 -10 -6 -10 -7 -10 -7 -10 -8 -9 -7 -10 -8 -9 -8 -10 -8 -10 -8 -9 -9 -9 -9 -9 -9 -9 -9 -9 -8 -9 -9 -9 -8 -9 -9 -9 -8 -9 -9 -9 -9 -9 -9 -10 -9 -9 -8 -9 -8 0 0 -9 -8 -9 -8 -10 -8 -9 -8 -10 -8 -10 -8 -10 -8 -11 -8 -10 -8 -11 -8 -11 -8 -11 -8 -11 -8 -11 -8 -11 -8 -12 -8 -12 -8 -12 -7 -12 -7 -12 -7 -12 -8 -13 -7 -12 -8 -13 -8 -13 -8 -13 -8 0 0 0 0 0 0 0 0 0 0]"
"1769326798957825,CSI_DATA,STATION,00:00:00:00:00:00,0,0,0,0,0,0,0,0,0,0,0,0,0,0,0,0,0,0,0,0,0,128,[84 -64 4 0 0 0 0 0 0 0 0 0 -6 9 -7 9 -7 9 -8 9 -7 8 -8 9 -8 8 -8 8 -8 8 -9 8 -9 8 -8 8 -9 7 -9 7 -10 7 -9 7 -9 7 -9 7 -10 7 -10 7 -10 7 -9 7 -10 7 -9 7 -10 7 -9 7 0 0 -9 7 -10 7 -9 7 -9 8 -9 8 -10 7 -9 8 -9 8 -9 8 -9 9 -9 9 -10 8 -10 9 -9 9 -9 9 -10 10 -10 9 -10 10 -9 10 -10 10 -10 10 -9 10 -10 9 -10 10 -10 10 -10 11 0 0 0 0 0 0 0 0 0 0]"
"1769326798964305,CSI_DATA,STATION,00:00:00:00:00:00,0,0,0,0,0,0,0,0,0,0,0,0,0,0,0,0,0,0,0,0,0,128,[84 -64 4 0 0 0 0 0 0 0 0 0 4 -9 5 -9 5 -9 5 -9 6 -9 6 -9 6 -9 6 -8 7 -9 7 -8 7 -9 7 -8 7 -8 7 -8 7 -8 7 -8 7 -8 7 -9 7 -8 8 -8 7 -8 7 -8 7 -8 7 -8 7 -8 7 -8 0 0 6 -8 7 -8 7 -9 7 -9 6 -9 7 -9 6 -8 7 -10 6 -9 6 -10 6 -10 6 -10 7 -10 7 -10 6 -11 6 -11 6 -11 6 -12 6 -11 6 -12 6 -12 6 -11 6 -12 6 -12 6 -12 6 -12 0 0 0 0 0 0 0 0 0 0]"
"1769326798968609,CSI_DATA,STATION,00:00:00:00:00:00,0,0,0,0,0,0,0,0,0,0,0,0,0,0,0,0,0,0,0,0,0,128,[84 -64 4 0 0 0 0 0 0 0 0 0 7 6 7 6 7 7 7 7 7 7 6 7 6 8 6 8 6 8 6 8 5 8 6 8 5 8 6 8 5 9 5 9 5 8 5 8 5 9 5 9 5 8 5 9 5 8 5 8 5 9 5 9 0 0 5 8 6 9 6 9 5 9 6 8 6 8 6 8 7 9 7 8 7 9 7 8 7 9 7 9 7 8 7 9 8 9 8 9 7 8 8 9 8 9 8 9 8 9 9 10 9 9 9 9 9 9 0 0 0 0 0 0 0 0 0 0]"
"1769326798975301,CSI_DATA,STATION,00:00:00:00:00:00,0,0,0,0,0,0,0,0,0,0,0,0,0,0,0,0,0,0,0,0,0,128,[84 -64 4 0 0 0 0 0 0 0 0 0 10 1 10 2 11 2 10 2 11 3 10 3 11 3 10 3 10 3 11 4 11 4 10 4 11 4 10 4 11 5 10 5 10 5 10 5 10 5 10 5 10 5 10 5 10 5 10 5 10 5 10 4 0 0 10 5 10 5 10 5 10 4 11 4 11 4 11 4 11 5 11 4 11 4 11 4 11 4 12 4 12 4 12 4 12 3 13 4 12 4 12 4 12 4 12 4 12 4 13 4 13 4 13 4 13 3 0 0 0 0 0 0 0 0 0 0]"
"1769326798979755,CSI_DATA,STATION,00:00:00:00:00:00,0,0,0,0,0,0,0,0,0,0,0,0,0,0,0,0,0,0,0,0,0,128,[84 -64 4 0 0 0 0 0 0 0 0 0 -9 -5 -9 -5 -9 -6 -9 -6 -10 -6 -9 -6 -9 -7 -9 -6 -8 -6 -9 -7 -9 -7 -8 -7 -9 -8 -8 -8 -8 -8 -8 -8 -8 -8 -8 -7 -8 -8 -8 -8 -8 -8 -8 -8 -8 -7 -8 -8 -8 -8 -8 -8 0 0 -8 -8 -9 -7 -9 -8 -9 -8 -9 -8 -9 -8 -9 -7 -9 -7 -9 -7 -10 -7 -10 -7 -10 -7 -10 -7 -10 -7 -10 -7 -10 -7 -11 -8 -10 -8 -11 -7 -11 -7 -12 -7 -11 -7 -12 -8 -12 -8 -11 -8 -11 -8 0 0 0 0 0 0 0 0 0 0]"
"1769326798984212,CSI_DATA,STATION,00:00:00:00:00:00,0,0,0,0,0,0,0,0,0,0,0,0,0,0,0,0,0,0,0,0,0,128,[84 -64 4 0 0 0 0 0 0 0 0 0 -5 -10 -6 -11 -5 -11 -5 -11 -5 -11 -5 -12 -4 -12 -4 -12 -4 -12 -4 -12 -4 -12 -3 -12 -3 -12 -3 -11 -3 -12 -3 -12 -2 -12 -3 -11 -3 -12 -3 -12 -3 -12 -3 -12 -3 -12 -3 -12 -4 -12 -3 -12 0 0 -4 -12 -3 -12 -4 -12 -4 -11 -4 -12 -5 -12 -5 -12 -5 -12 -5 -12 -5 -12 -5 -12 -5 -12 -6 -12 -5 -12 -5 -12 -6 -12 -6 -12 -7 -13 -6 -13 -7 -13 -7 -13 -7 -13 -7 -13 -7 -12 -7 -13 -7 -13 0 0 0 0 0 0 0 0 0 0]"
"1769326798995234,CSI_DATA,STATION,00:00:00:00:00:00,0,0,0,0,0,0,0,0,0,0,0,0,0,0,0,0,0,0,0,0,0,128,[84 -64 4 0 0 0 0 0 0 0 0 0 4 8 4 8 4 9 4 9 4 9 3 9 3 9 2 9 3 10 3 9 3 10 2 9 2 9 2 9 3 10 2 10 2 9 2 10 2 9 2 10 2 10 2 10 2 10 2 10 2 10 2 10 0 0 2 9 3 9 3 10 3 10 3 10 3 10 3 10 4 10 3 10 3 10 4 10 4 11 4 10 4 11 4 11 4 11 5 10 5 11 4 11 4 11 5 11 5 11 5 11 6 11 5 11 5 12 0 0 0 0 0 0 0 0 0 0]"
"1769326799001817,CSI_DATA,STATION,00:00:00:00:00:00,0,0,0,0,0,0,0,0,0,0,0,0,0,0,0,0,0,0,0,0,0,128,[84 -64 4 0 0 0 0 0 0 0 0 0 -12 3 -13 3 -13 2 -14 2 -13 2 -13 1 -13 1 -13 1 -13 0 -14 0 -14 0 -13 0 -14 0 -14 -1 -14 0 -13 0 -13 0 -14 0 -14 -1 -14 -1 -14 -1 -14 -1 -13 -2 -14 -1 -13 -1 -13 0 0 0 -13 -1 -14 0 -14 0 -14 0 -14 0 -14 0 -14 0 -14 0 -14 1 -14 1 -14 1 -14 1 -15 0 -15 1 -15 1 -15 1 -16 1 -15 1 -16 2 -16 2 -16 1 -16 2 -16 1 -16 1 -16 2 -16 2 0 0 0 0 0 0 0 0 0 0]"
"1769326799006164,CSI_DATA,STATION,00:00:00:00:00:00,0,0,0,0,0,0,0,0,0,0,0,0,0,0,0,0,0,0,0,0,0,128,[84 -64 4 0 0 0 0 0 0 0 0 0 6 6 6 7 6 6 6 7 6 7 6 8 6 8 5 8 5 8 5 8 5 8 5 8 6 8 6 8 5 9 5 9 5 9 4 8 5 9 5 9 4 8 5 8 4 9 5 8 5 9 5 9 0 0 5 8 5 8 6 8 5 8 6 9 6 8 6 9 6 9 6 8 6 8 7 8 7 8 7 8 8 9 7 9 8 9 8 8 8 9 8 9 7 8 8 9 8 9 8 9 9 8 9 9 9 9 0 0 0 0 0 0 0 0 0 0]"
"1769326799010528,CSI_DATA,STATION,00:00:00:00:00:00,0,0,0,0,0,0,0,0,0,0,0,0,0,0,0,0,0,0,0,0,0,128,[84 -64 4 0 0 0 0 0 0 0 0 0 -9 -6 -9 -7 -10 -7 -9 -7 -10 -8 -9 -8 -9 -8 -9 -8 -9 -9 -9 -9 -9 -9 -8 -9 -8 -9 -8 -9 -8 -9 -8 -9 -8 -9 -8 -9 -8 -9 -8 -10 -8 -9 -8 -9 -8 -9 -8 -10 -8 -9 -8 -9 0 0 -9 -9 -9 -9 -9 -9 -9 -8 -10 -9 -10 -9 -10 -8 -10 -8 -9 -8 -10 -9 -10 -8 -10 -9 -10 -8 -11 -8 -11 -8 -11 -8 -11 -8 -11 -8 -12 -8 -12 -8 -12 -8 -12 -8 -12 -8 -13 -8 -12 -8 -12 -8 0 0 0 0 0 0 0 0 0 0]"
"1769326799017008,CSI_DATA,STATION,00:00:00:00:00:00,0,0,0,0,0,0,0,0,0,0,0,0,0,0,0,0,0,0,0,0,0,128,[84 -64 4 0 0 0 0 0 0 0 0 0 10 -2 10 -1 11 -1 11 -1 11 -1 11 -1 11 0 11 0 11 0 11 1 11 1 11 1 11 1 11 1 11 1 11 1 11 2 11 2 11 2 11 2 11 2 11 2 11 1 11 2 11 2 11 1 0 0 11 2 11 2 11 1 11 1 11 1 11 1 12 1 11 1 12 0 12 0 12 0 12 0 13 1 12 0 13 0 12 0 13 0 13 -1 13 0 13 0 14 -1 13 0 14 0 13 0 14 0 14 0 0 0 0 0 0 0 0 0 0 0]"
"1769326799021333,CSI_DATA,STATION,00:00:00:00:00:00,0,0,0,0,0,0,0,0,0,0,0,0,0,0,0,0,0,0,0,0,0,128,[84 -64 4 0 0 0 0 0 0 0 0 0 10 0 11 1 11 2 11 1 11 2 11 1 11 1 11 2 11 2 11 2 11 3 11 3 10 3 11 3 11 3 10 3 11 4 11 3 11 3 11 3 11 3 10 3 10 3 11 3 11 3 10 3 0 0 11 2 11 3 11 3 11 2 11 2 11 2 11 2 11 2 12 1 11 1 12 2 12 2 12 2 13 1 12 1 13 1 13 1 13 0 13 0 13 1 13 0 14 1 14 1 14 0 13 0 13 0 0 0 0 0 0 0 0 0 0 0]"
"1769326799027886,CSI_DATA,STATION,00:00:00:00:00:00,0,0,0,0,0,0,0,0,0,0,0,0,0,0,0,0,0,0,0,0,0,128,[84 -64 4 0 0 0 0 0 0 0 0 0 -5 -11 -5 -11 -5 -11 -5 -11 -4 -12 -4 -11 -3 -12 -3 -12 -2 -12 -2 -13 -2 -12 -2 -12 -2 -12 -2 -12 -2 -12 -2 -13 -2 -12 -1 -13 -2 -12 -1 -12 -2 -12 -2 -12 -1 -13 -2 -12 -2 -12 -2 -12 0 0 -1 -12 -2 -12 -2 -11 -3 -13 -3 -12 -2 -12 -2 -12 -3 -13 -3 -13 -3 -13 -3 -13 -3 -13 -3 -13 -3 -13 -3 -14 -3 -13 -4 -14 -3 -14 -4 -14 -3 -14 -4 -14 -4 -14 -4 -14 -4 -14 -4 -15 -4 -14 0 0 0 0 0 0 0 0 0 0]"
"1769326799032291,CSI_DATA,STATION,00:00:00:00:00:00,0,0,0,0,0,0,0,0,0,0,0,0,0,0,0,0,0,0,0,0,0,128,[84 -64 4 0 0 0 0 0 0 0 0 0 -13 2 -13 2 -13 2 -13 2 -13 1 -13 2 -14 1 -14 1 -14 0 -14 0 -13 0 -14 0 -14 0 -14 0 -14 0 -13 0 -14 0 -13 -1 -14 0 -14 -1 -14 -1 -14 -1 -13 0 -14 -1 -14 -1 -14 0 0 0 -13 1 -14 0 -14 0 -14 0 -15 0 -14 1 -14 1 -14 1 -14 1 -14 2 -15 2 -15 2 -14 2 -15 2 -15 3 -15 3 -15 3 -15 3 -15 4 -16 3 -16 4 -15 3 -16 3 -16 3 -16 4 -16 3 0 0 0 0 0 0 0 0 0 0]"
"1769326799036674,CSI_DATA,STATION,00:00:00:00:00:00,0,0,0,0,0,0,0,0,0,0,0,0,0,0,0,0,0,0,0,0,0,128,[84 -64 4 0 0 0 0 0 0 0 0 0 -9 -5 -9 -6 -9 -6 -9 -6 -9 -6 -9 -7 -9 -7 -8 -7 -8 -7 -9 -8 -8 -8 -8 -7 -8 -8 -8 -8 -8 -8 -8 -8 -8 -8 -8 -8 -8 -8 -8 -9 -7 -8 -8 -8 -8 -8 -8 -8 -8 -8 -8 -8 0 0 -8 -8 -8 -8 -8 -8 -8 -8 -9 -8 -9 -8 -9 -8 -9 -8 -9 -8 -9 -8 -9 -8 -10 -8 -9 -8 -10 -8 -10 -8 -10 -8 -11 -8 -10 -8 -10 -8 -10 -8 -11 -9 -11 -8 -11 -9 -12 -8 -11 -8 -11 -8 0 0 0 0 0 0 0 0 0 0]"
"1769326799043232,CSI_DATA,STATION,00:00:00:00:00:00,0,0,0,0,0,0,0,0,0,0,0,0,0,0,0,0,0,0,0,0,0,128,[84 -64 4 0 0 0 0 0 0 0 0 0 -1 -11 0 -12 0 -12 0 -12 0 -11 1 -12 1 -12 1 -13 1 -12 1 -12 2 -12 1 -12 2 -12 2 -12 2 -13 2 -12 2 -12 2 -12 2 -12 2 -12 2 -12 2 -12 2 -12 1 -12 2 -12 2 -12 0 0 1 -12 1 -12 1 -12 1 -12 1 -13 1 -12 0 -12 0 -13 0 -13 1 -13 0 -13 0 -13 1 -13 0 -14 0 -13 -1 -14 -1 -14 -1 -14 0 -14 -1 -14 -1 -15 -1 -14 -1 -15 -1 -14 -1 -15 -1 -15 0 0 0 0 0 0 0 0 0 0]"
"1769326799047577,CSI_DATA,STATION,00:00:00:00:00:00,0,0,0,0,0,0,0,0,0,0,0,0,0,0,0,0,0,0,0,0,0,128,[84 -64 4 0 0 0 0 0 0 0 0 0 -2 -10 -1 -11 0 -11 -1 -11 0 -11 0 -11 1 -11 0 -11 1 -11 1 -11 1 -11 1 -11 1 -11 1 -11 2 -11 2 -11 2 -11 2 -11 2 -11 2 -11 2 -11 2 -10 2 -11 2 -11 2 -11 2 -11 0 0 2 -11 1 -11 2 -11 1 -11 2 -11 2 -11 1 -11 1 -11 1 -11 1 -12 1 -12 1 -12 1 -12 1 -12 1 -13 1 -13 1 -13 1 -13 1 -13 1 -13 0 -14 0 -13 1 -14 0 -14 0 -14 0 -14 0 0 0 0 0 0 0 0 0 0]"
"1769326799054045,CSI_DATA,STATION,00:00:00:00:00:00,0,0,0,0,0,0,0,0,0,0,0,0,0,0,0,0,0,0,0,0,0,128,[84 -64 4 0 0 0 0 0 0 0 0 0 -7 -10 -6 -10 -6 -10 -6 -10 -6 -11 -5 -11 -5 -12 -5 -11 -5 -12 -5 -11 -4 -11 -4 -11 -4 -11 -4 -12 -4 -12 -4 -12 -3 -12 -4 -11 -4 -12 -4 -12 -3 -11 -4 -12 -4 -11 -4 -11 -4 -12 -4 -12 0 0 -4 -11 -5 -11 -5 -11 -5 -12 -5 -12 -6 -12 -6 -12 -6 -11 -6 -12 -6 -11 -6 -11 -6 -12 -6 -12 -7 -12 -6 -12 -7 -12 -7 -12 -7 -12 -7 -13 -7 -12 -7 -13 -8 -12 -8 -13 -8 -12 -8 -12 -8 -13 0 0 0 0 0 0 0 0 0 0]"
"1769326799058351,CSI_DATA,STATION,00:00:00:00:00:00,0,0,0,0,0,0,0,0,0,0,0,0,0,0,0,0,0,0,0,0,0,128,[84 -64 4 0 0 0 0 0 0 0 0 0 -1 -10 -1 -11 -1 -10 -1 -11 -1 -11 0 -11 0 -11 1 -11 1 -11 1 -11 1 -11 1 -11 1 -11 1 -11 2 -11 2 -11 2 -11 2 -11 2 -12 2 -11 2 -11 2 -10 2 -11 2 -11 2 -11 2 -11 0 0 2 -11 1 -11 1 -11 1 -11 1 -12 1 -11 1 -11 1 -12 1 -12 1 -12 1 -12 1 -12 1 -12 0 -13 0 -12 0 -13 1 -13 1 -14 1 -13 0 -13 1 -14 1 -13 0 -13 0 -13 0 -14 0 -14 0 0 0 0 0 0 0 0 0 0]"
"1769326799064795,CSI_DATA,STATION,00:00:00:00:00:00,0,0,0,0,0,0,0,0,0,0,0,0,0,0,0,0,0,0,0,0,0,128,[84 -64 4 0 0 0 0 0 0 0 0 0 8 -5 8 -5 9 -4 9 -4 9 -4 9 -3 9 -3 10 -3 10 -3 10 -3 9 -3 10 -3 10 -2 10 -2 10 -2 10 -2 10 -2 10 -2 10 -2 10 -2 11 -1 10 -2 10 -2 10 -1 10 -2 10 -2 0 0 10 -2 10 -2 10 -2 10 -3 10 -2 10 -3 10 -3 10 -3 10 -3 10 -3 11 -4 11 -3 11 -3 11 -3 11 -4 11 -4 12 -4 12 -4 11 -4 11 -4 12 -4 12 -4 12 -4 12 -4 12 -4 12 -4 0 0 0 0 0 0 0 0 0 0]"
"1769326799069126,CSI_DATA,STATION,00:00:00:00:00:00,0,0,0,0,0,0,0,0,0,0,0,0,0,0,0,0,0,0,0,0,0,128,[84 -64 4 0 0 0 0 0 0 0 0 0 -6 -9 -6 -9 -6 -9 -6 -9 -6 -9 -5 -10 -5 -10 -5 -10 -5 -10 -5 -10 -5 -10 -4 -10 -4 -10 -4 -10 -5 -11 -4 -10 -4 -11 -4 -10 -4 -11 -4 -11 -4 -11 -4 -10 -4 -10 -5 -10 -5 -11 -4 -11 0 0 -5 -10 -5 -11 -5 -11 -5 -10 -5 -11 -6 -11 -6 -10 -6 -11 -5 -10 -6 -10 -6 -10 -6 -11 -7 -10 -7 -10 -7 -11 -7 -11 -7 -11 -8 -11 -7 -11 -8 -11 -7 -11 -8 -11 -8 -12 -8 -11 -8 -11 -8 -11 0 0 0 0 0 0 0 0 0 0]"
"1769326799073430,CSI_DATA,STATION,00:00:00:00:00:00,0,0,0,0,0,0,0,0,0,0,0,0,0,0,0,0,0,0,0,0,0,128,[84 -64 4 0 0 0 0 0 0 0 0 0 9 -2 9 -3 9 -2 10 -2 10 -2 9 -1 9 -1 10 0 10 0 10 0 10 0 10 0 10 0 10 0 10 0 10 0 10 1 10 1 10 1 10 1 10 1 10 1 10 1 10 0 10 0 10 0 0 0 10 0 10 1 11 0 10 0 10 0 11 0 11 0 10 0 11 0 11 0 11 -1 11 0 12 -1 12 -1 11 -1 12 -1 12 -1 12 -1 12 -1 12 -1 12 -2 12 -1 12 -1 13 -1 13 -2 13 -2 0 0 0 0 0 0 0 0 0 0]"
"1769326799079898,CSI_DATA,STATION,00:00:00:00:00:00,0,0,0,0,0,0,0,0,0,0,0,0,0,0,0,0,0,0,0,0,0,128,[84 -64 4 0 0 0 0 0 0 0 0 0 -11 -3 -11 -4 -11 -4 -11 -4 -11 -5 -12 -6 -11 -6 -11 -6 -10 -6 -11 -7 -11 -6 -10 -6 -11 -7 -10 -7 -11 -7 -10 -7 -10 -7 -10 -7 -10 -8 -10 -8 -10 -8 -10 -7 -10 -7 -10 -8 -10 -8 -10 -7 0 0 -10 -7 -10 -7 -11 -7 -10 -7 -11 -7 -11 -8 -11 -7 -11 -7 -11 -7 -11 -7 -12 -7 -12 -7 -12 -7 -12 -7 -12 -7 -13 -7 -12 -7 -12 -7 -12 -8 -13 -7 -13 -8 -13 -8 -13 -8 -14 -8 -13 -7 -14 -7 0 0 0 0 0 0 0 0 0 0]"
"1769326799084212,CSI_DATA,STATION,00:00:00:00:00:00,0,0,0,0,0,0,0,0,0,0,0,0,0,0,0,0,0,0,0,0,0,128,[84 -64 4 0 0 0 0 0 0 0 0 0 -10 0 -10 0 -11 -1 -11 0 -11 -1 -11 -1 -10 -1 -10 -2 -10 -2 -11 -2 -10 -2 -10 -3 -11 -3 -11 -3 -11 -3 -10 -3 -11 -3 -11 -3 -11 -3 -11 -3 -11 -3 -11 -3 -11 -3 -11 -3 -11 -3 -11 -3 0 0 -11 -3 -11 -2 -11 -2 -11 -2 -12 -2 -11 -3 -11 -2 -12 -2 -12 -2 -12 -2 -12 -2 -13 -2 -12 -2 -12 -1 -12 -1 -12 -1 -13 -2 -13 -1 -13 -1 -13 -1 -13 -1 -14 -1 -14 -2 -13 -1 -14 -1 -14 -1 0 0 0 0 0 0 0 0 0 0]"
"1769326799090646,CSI_DATA,STATION,00:00:00:00:00:00,0,0,0,0,0,0,0,0,0,0,0,0,0,0,0,0,0,0,0,0,0,128,[84 -64 4 0 0 0 0 0 0 0 0 0 9 -1 9 -1 10 0 10 -1 10 0 10 0 9 0 10 1 10 1 10 1 10 1 9 1 10 1 10 1 10 2 9 1 10 1 10 1 10 2 10 2 10 2 9 2 10 2 10 1 10 1 10 1 0 0 10 1 10 1 10 1 10 0 10 1 10 1 11 1 11 1 11 0 11 0 11 0 11 0 12 0 12 0 12 -1 12 0 12 -1 12 -1 12 -1 12 -1 12 -1 12 0 12 -1 12 -1 13 -1 13 -1 0 0 0 0 0 0 0 0 0 0]"
"1769326799094963,CSI_DATA,STATION,00:00:00:00:00:00,0,0,0,0,0,0,0,0,0,0,0,0,0,0,0,0,0,0,0,0,0,128,[84 -64 4 0 0 0 0 0 0 0 0 0 -5 -11 -5 -11 -5 -11 -5 -11 -5 -12 -4 -11 -3 -12 -3 -12 -3 -12 -3 -12 -3 -12 -3 -12 -3 -12 -3 -12 -3 -12 -2 -12 -2 -12 -2 -12 -3 -12 -2 -12 -2 -12 -2 -12 -2 -12 -3 -11 -3 -12 -3 -12 0 0 -3 -12 -3 -12 -3 -12 -3 -12 -4 -12 -4 -13 -4 -12 -4 -12 -4 -12 -4 -12 -4 -12 -4 -12 -5 -12 -5 -12 -4 -13 -5 -13 -5 -12 -5 -13 -5 -13 -5 -13 -5 -13 -5 -14 -6 -14 -6 -13 -6 -14 -6 -14 0 0 0 0 0 0 0 0 0 0]"
"1769326799101410,CSI_DATA,STATION,00:00:00:00:00:00,0,0,0,0,0,0,0,0,0,0,0,0,0,0,0,0,0,0,0,0,0,128,[84 -64 4 0 0 0 0 0 0 0 0 0 10 2 10 2 10 2 11 3 10 3 10 4 10 3 10 4 9 4 10 4 10 4 10 5 10 5 10 5 10 5 9 5 10 5 9 5 9 5 10 5 10 6 10 5 9 5 10 5 10 5 9 5 0 0 10 4 10 5 11 4 10 4 11 5 11 4 11 5 11 4 11 4 11 4 11 4 11 4 11 4 12 4 12 4 12 4 12 4 12 3 13 3 12 4 13 3 13 4 13 4 13 4 13 4 13 3 0 0 0 0 0 0 0 0 0 0]"
"1769326799105714,CSI_DATA,STATION,00:00:00:00:00:00,0,0,0,0,0,0,0,0,0,0,0,0,0,0,0,0,0,0,0,0,0,128,[84 -64 4 0 0 0 0 0 0 0 0 0 -3 11 -3 10 -3 10 -4 10 -4 10 -5 10 -5 10 -6 10 -5 10 -5 10 -5 10 -6 10 -6 10 -6 9 -6 9 -6 10 -6 10 -6 10 -6 10 -6 9 -6 9 -6 10 -6 10 -6 10 -7 9 -6 10 0 0 -6 10 -5 10 -5 10 -5 10 -5 10 -5 10 -5 10 -6 11 -5 11 -5 11 -5 11 -5 11 -5 11 -5 12 -5 12 -5 12 -5 12 -5 12 -4 12 -5 12 -4 13 -5 13 -5 13 -4 13 -5 13 -5 13 0 0 0 0 0 0 0 0 0 0]"
"1769326799110037,CSI_DATA,STATION,00:00:00:00:00:00,0,0,0,0,0,0,0,0,0,0,0,0,0,0,0,0,0,0,0,0,0,128,[84 -64 4 0 0 0 0 0 0 0 0 0 -7 8 -8 8 -8 7 -9 8 -9 8 -9 8 -9 7 -9 7 -10 7 -10 6 -10 6 -10 7 -10 7 -10 6 -10 6 -10 7 -10 7 -10 6 -10 6 -10 6 -10 6 -10 6 -10 6 -10 6 -10 6 -10 6 0 0 -10 6 -9 7 -10 7 -10 7 -10 7 -10 7 -10 7 -10 7 -9 8 -10 8 -10 8 -10 8 -10 8 -10 8 -10 8 -10 9 -10 9 -10 9 -10 9 -10 9 -10 10 -10 10 -10 9 -10 10 -10 10 -10 10 0 0 0 0 0 0 0 0 0 0]"
"1769326799116489,CSI_DATA,STATION,00:00:00:00:00:00,0,0,0,0,0,0,0,0,0,0,0,0,0,0,0,0,0,0,0,0,0,128,[84 -64 4 0 0 0 0 0 0 0 0 0 1 17 0 18 -1 18 -1 19 -2 18 -2 19 -3 18 -3 19 -3 18 -3 18 -3 18 -4 18 -4 18 -4 18 -5 18 -6 18 -5 18 -5 17 -5 18 -6 18 -6 17 -6 17 -5 17 -4 18 -5 18 -5 18 0 0 -5 18 -4 18 -4 19 -4 18 -4 18 -4 19 -4 19 -3 18 -4 19 -3 18 -3 19 -2 19 -3 20 -2 21 -3 20 -2 21 -2 20 -2 21 -2 21 -2 21 -2 22 -2 21 -1 21 0 21 -1 22 -1 22 0 0 0 0 0 0 0 0 0 0]"
"1769326799120808,CSI_DATA,STATION,00:00:00:00:00:00,0,0,0,0,0,0,0,0,0,0,0,0,0,0,0,0,0,0,0,0,0,128,[84 -64 4 0 0 0 0 0 0 0 0 0 -11 -4 -11 -4 -11 -5 -12 -5 -11 -5 -11 -5 -11 -5 -11 -6 -11 -6 -11 -7 -11 -6 -10 -6 -11 -7 -10 -7 -10 -7 -10 -7 -11 -6 -10 -6 -11 -7 -10 -7 -11 -7 -10 -7 -10 -7 -11 -7 -10 -7 -10 -7 0 0 -10 -7 -10 -7 -11 -7 -11 -6 -11 -7 -11 -6 -11 -7 -11 -7 -11 -6 -12 -6 -12 -6 -12 -6 -12 -6 -13 -6 -12 -6 -13 -6 -13 -6 -13 -6 -13 -6 -13 -6 -13 -6 -13 -6 -13 -6 -14 -6 -13 -6 -14 -6 0 0 0 0 0 0 0 0 0 0]"
"1769326799127370,CSI_DATA,STATION,00:00:00:00:00:00,0,0,0,0,0,0,0,0,0,0,0,0,0,0,0,0,0,0,0,0,0,128,[84 -64 4 0 0 0 0 0 0 0 0 0 -8 8 -8 8 -8 8 -8 8 -9 7 -9 8 -9 7 -10 7 -10 7 -10 7 -10 7 -10 7 -10 7 -9 6 -10 6 -10 7 -10 6 -10 6 -10 6 -10 6 -10 6 -10 6 -10 7 -10 7 -10 6 -10 7 0 0 -9 7 -10 7 -10 7 -10 8 -9 7 -10 7 -10 7 -9 8 -9 8 -9 9 -9 9 -9 8 -9 9 -9 9 -10 9 -9 9 -9 9 -9 10 -9 10 -10 10 -9 10 -9 11 -9 11 -9 10 -9 11 -9 11 0 0 0 0 0 0 0 0 0 0]"
"1769326799136252,CSI_DATA,STATION,00:00:00:00:00:00,0,0,0,0,0,0,0,0,0,0,0,0,0,0,0,0,0,0,0,0,0,128,[84 -64 4 0 0 0 0 0 0 0 0 0 -11 3 -11 2 -11 2 -12 2 -11 1 -12 2 -11 1 -12 1 -12 1 -12 1 -12 0 -12 0 -12 -1 -12 0 -12 0 -12 0 -12 0 -12 0 -12 -1 -12 -1 -12 -1 -12 -1 -12 0 -12 -1 -12 -1 -12 0 0 0 -12 0 -12 1 -12 0 -12 1 -13 0 -12 1 -13 1 -13 1 -13 1 -13 1 -13 2 -13 1 -13 1 -13 1 -13 2 -13 2 -14 2 -13 2 -14 3 -13 3 -14 3 -14 2 -14 2 -14 3 -14 3 -14 3 0 0 0 0 0 0 0 0 0 0]"
"1769326799142784,CSI_DATA,STATION,00:00:00:00:00:00,0,0,0,0,0,0,0,0,0,0,0,0,0,0,0,0,0,0,0,0,0,128,[84 -64 4 0 0 0 0 0 0 0 0 0 -9 5 -9 5 -10 4 -9 4 -10 4 -10 4 -10 4 -10 3 -11 4 -11 3 -10 3 -10 3 -10 2 -11 2 -11 2 -11 3 -10 2 -11 2 -11 2 -11 2 -10 2 -11 2 -11 3 -11 2 -11 2 -11 3 0 0 -10 3 -11 3 -10 3 -11 3 -10 3 -11 4 -11 3 -11 4 -11 4 -11 4 -11 4 -11 4 -11 4 -11 5 -11 5 -11 5 -12 5 -11 5 -12 6 -12 5 -11 5 -12 5 -13 6 -12 5 -12 6 -12 6 0 0 0 0 0 0 0 0 0 0]"
"1769326799149281,CSI_DATA,STATION,00:00:00:00:00:00,0,0,0,0,0,0,0,0,0,0,0,0,0,0,0,0,0,0,0,0,0,128,[84 -64 4 0 0 0 0 0 0 0 0 0 6 -10 6 -10 6 -9 7 -9 7 -9 8 -9 7 -9 8 -9 8 -9 8 -8 9 -8 9 -8 8 -8 9 -8 9 -8 8 -8 8 -8 8 -8 9 -8 9 -8 9 -7 8 -7 8 -7 9 -7 9 -8 8 -8 0 0 8 -8 8 -8 9 -8 8 -8 8 -9 9 -9 9 -9 8 -9 8 -9 8 -9 8 -9 8 -9 8 -10 9 -9 8 -10 8 -11 8 -10 8 -11 8 -11 8 -11 8 -11 8 -11 9 -11 8 -11 8 -12 8 -11 0 0 0 0 0 0 0 0 0 0]"
"1769326799153599,CSI_DATA,STATION,00:00:00:00:00:00,0,0,0,0,0,0,0,0,0,0,0,0,0,0,0,0,0,0,0,0,0,128,[84 -64 4 0 0 0 0 0 0 0 0 0 -1 -11 -1 -12 0 -12 0 -12 0 -12 0 -12 1 -12 1 -12 1 -12 1 -12 1 -12 1 -12 2 -12 2 -12 2 -12 1 -12 2 -12 2 -12 2 -12 2 -12 2 -12 1 -12 2 -12 2 -12 1 -12 2 -12 0 0 1 -12 1 -11 1 -12 0 -12 1 -13 0 -12 0 -12 0 -13 0 -13 0 -13 0 -13 -1 -13 0 -13 -1 -13 -1 -14 -1 -14 -1 -14 -2 -14 -2 -14 -2 -14 -2 -14 -2 -14 -2 -14 -2 -14 -2 -15 -2 -15 0 0 0 0 0 0 0 0 0 0]"
"1769326799160132,CSI_DATA,STATION,00:00:00:00:00:00,0,0,0,0,0,0,0,0,0,0,0,0,0,0,0,0,0,0,0,0,0,128,[84 -64 4 0 0 0 0 0 0 0 0 0 3 10 3 10 2 11 2 10 2 10 2 11 1 11 1 11 1 11 1 11 1 11 1 11 0 11 0 11 0 11 0 11 -1 12 -1 11 0 12 0 11 -1 11 0 11 0 11 0 11 0 11 0 11 0 0 0 11 1 10 0 11 1 11 0 12 1 11 1 12 1 12 1 11 1 11 1 12 1 12 1 12 1 12 2 13 2 12 2 12 2 13 2 13 2 13 2 13 2 13 2 13 3 13 2 14 2 13 0 0 0 0 0 0 0 0 0 0]"
"1769326799164486,CSI_DATA,STATION,00:00:00:00:00:00,0,0,0,0,0,0,0,0,0,0,0,0,0,0,0,0,0,0,0,0,0,128,[84 -64 4 0 0 0 0 0 0 0 0 0 7 8 7 8 7 9 7 9 6 8 6 9 6 10 5 10 5 10 5 10 5 9 5 10 5 10 6 9 4 10 4 10 4 10 3 9 4 10 4 11 4 10 4 10 4 10 5 10 5 10 4 10 0 0 5 10 4 10 5 10 5 9 5 10 5 11 5 10 5 10 5 10 6 10 6 10 6 11 7 10 6 11 6 11 7 11 7 10 7 11 7 11 7 11 7 11 7 11 7 11 8 10 8 11 8 11 0 0 0 0 0 0 0 0 0 0]"
"1769326799170954,CSI_DATA,STATION,00:00:00:00:00:00,0,0,0,0,0,0,0,0,0,0,0,0,0,0,0,0,0,0,0,0,0,128,[84 -64 4 0 0 0 0 0 0 0 0 0 -2 10 -2 10 -2 10 -2 10 -2 9 -3 10 -3 10 -3 10 -4 9 -4 9 -4 10 -4 9 -5 9 -4 9 -5 9 -5 9 -4 10 -4 9 -5 9 -5 9 -5 9 -5 9 -5 9 -5 9 -5 9 -4 10 0 0 -5 10 -4 9 -4 10 -4 10 -4 10 -4 10 -3 10 -4 10 -4 10 -4 11 -3 11 -4 11 -3 11 -3 11 -3 11 -3 12 -3 11 -3 12 -3 12 -3 12 -3 12 -3 12 -3 12 -3 12 -3 13 -3 13 0 0 0 0 0 0 0 0 0 0]"
"1769326799175273,CSI_DATA,STATION,00:00:00:00:00:00,0,0,0,0,0,0,0,0,0,0,0,0,0,0,0,0,0,0,0,0,0,128,[84 -64 4 0 0 0 0 0 0 0 0 0 -2 10 -2 9 -2 10 -3 10 -2 9 -3 9 -4 9 -4 10 -4 9 -4 9 -4 10 -4 9 -4 9 -5 9 -5 9 -5 9 -5 9 -5 10 -5 9 -5 9 -5 9 -5 9 -5 10 -5 9 -5 10 -4 10 0 0 -5 10 -4 9 -4 10 -4 10 -4 10 -4 9 -4 10 -4 10 -4 10 -4 11 -3 11 -4 11 -3 11 -4 11 -4 11 -4 12 -3 12 -4 12 -3 12 -3 12 -4 12 -4 12 -3 12 -3 13 -3 13 -3 13 0 0 0 0 0 0 0 0 0 0]"
"1769326799179570,CSI_DATA,STATION,00:00:00:00:00:00,0,0,0,0,0,0,0,0,0,0,0,0,0,0,0,0,0,0,0,0,0,128,[84 -64 4 0 0 0 0 0 0 0 0 0 -1 10 -1 11 -2 11 -3 11 -2 11 -3 11 -3 11 -3 11 -3 11 -4 10 -4 11 -4 10 -4 11 -4 10 -4 10 -4 10 -4 11 -4 11 -5 10 -4 10 -4 10 -4 10 -4 10 -4 11 -4 10 -4 11 0 0 -4 11 -3 10 -3 11 -3 11 -3 12 -3 11 -2 11 -2 11 -3 12 -3 11 -2 12 -2 12 -2 12 -2 13 -2 12 -1 13 -2 12 -2 14 -1 13 -1 13 -1 14 -1 13 -1 13 -1 14 -1 14 -1 14 0 0 0 0 0 0 0 0 0 0]"
"1769326799186018,CSI_DATA,STATION,00:00:00:00:00:00,0,0,0,0,0,0,0,0,0,0,0,0,0,0,0,0,0,0,0,0,0,128,[84 -64 4 0 0 0 0 0 0 0 0 0 7 -9 7 -8 8 -8 8 -8 9 -8 9 -8 9 -7 9 -8 9 -7 10 -7 9 -7 9 -7 10 -6 9 -7 10 -7 9 -7 9 -7 9 -7 10 -6 10 -6 9 -6 10 -6 10 -7 9 -6 9 -7 10 -7 0 0 10 -7 9 -7 9 -7 9 -8 9 -7 9 -7 9 -7 9 -8 9 -8 9 -9 8 -9 9 -9 9 -9 9 -9 9 -9 9 -10 10 -10 9 -10 9 -10 9 -10 10 -10 9 -10 10 -10 9 -11 9 -11 9 -10 0 0 0 0 0 0 0 0 0 0]"
"1769326799190322,CSI_DATA,STATION,00:00:00:00:00:00,0,0,0,0,0,0,0,0,0,0,0,0,0,0,0,0,0,0,0,0,0,128,[84 -64 4 0 0 0 0 0 0 0 0 0 5 -9 5 -9 4 -9 5 -8 6 -9 6 -8 6 -8 6 -9 7 -8 7 -8 7 -8 7 -8 7 -7 7 -7 7 -8 7 -8 7 -7 7 -7 8 -7 8 -7 8 -7 8 -7 7 -7 7 -8 8 -7 8 -8 0 0 7 -8 7 -7 8 -8 8 -8 7 -8 8 -8 8 -8 7 -8 7 -9 8 -9 7 -8 8 -9 8 -9 8 -9 8 -9 8 -10 7 -10 8 -11 8 -10 8 -10 8 -10 8 -10 8 -10 8 -10 8 -11 8 -11 0 0 0 0 0 0 0 0 0 0]"
"1769326799196776,CSI_DATA,STATION,00:00:00:00:00:00,0,0,0,0,0,0,0,0,0,0,0,0,0,0,0,0,0,0,0,0,0,128,[84 -64 4 0 0 0 0 0 0 0 0 0 7 -9 7 -8 7 -8 8 -8 8 -8 9 -8 8 -7 9 -8 9 -8 9 -7 9 -7 9 -7 9 -7 9 -7 10 -7 9 -7 9 -7 9 -6 9 -6 10 -6 9 -6 9 -6 10 -6 10 -7 10 -6 10 -7 0 0 9 -7 9 -7 9 -7 9 -7 9 -7 9 -7 10 -7 10 -7 9 -8 9 -8 9 -8 10 -8 10 -8 10 -8 10 -8 10 -9 10 -9 10 -10 10 -9 10 -9 10 -9 10 -9 10 -9 10 -10 10 -10 10 -10 0 0 0 0 0 0 0 0 0 0]"
"1769326799201110,CSI_DATA,STATION,00:00:00:00:00:00,0,0,0,0,0,0,0,0,0,0,0,0,0,0,0,0,0,0,0,0,0,128,[84 -64 4 0 0 0 0 0 0 0 0 0 10 0 11 1 11 1 11 2 11 2 11 2 11 3 11 3 10 3 11 4 10 3 10 4 10 4 11 4 10 4 10 4 10 4 10 4 10 4 10 4 10 4 10 5 10 4 10 5 10 5 10 4 0 0 10 4 10 4 10 4 10 4 11 4 11 3 11 3 11 4 11 4 11 3 11 4 12 4 12 3 12 3 12 3 12 3 13 3 12 3 12 3 12 3 13 3 13 3 13 3 13 3 13 3 13 2 0 0 0 0 0 0 0 0 0 0]"
"1769326799205421,CSI_DATA,STATION,00:00:00:00:00:00,0,0,0,0,0,0,0,0,0,0,0,0,0,0,0,0,0,0,0,0,0,128,[84 -64 4 0 0 0 0 0 0 0 0 0 9 5 9 6 9 7 8 6 9 7 8 7 8 8 8 8 7 8 7 8 7 8 7 8 7 9 7 9 7 8 7 8 7 8 7 8 7 8 7 9 7 8 7 8 7 9 7 9 7 8 7 9 0 0 8 8 7 8 8 7 8 8 8 8 9 8 8 8 9 8 8 7 9 8 9 7 9 8 9 8 9 8 9 8 10 7 10 7 10 8 10 7 11 7 11 8 11 8 11 8 11 7 11 7 11 8 0 0 0 0 0 0 0 0 0 0]"
"1769326799211866,CSI_DATA,STATION,00:00:00:00:00:00,0,0,0,0,0,0,0,0,0,0,0,0,0,0,0,0,0,0,0,0,0,128,[84 -64 4 0 0 0 0 0 0 0 0 0 -9 5 -10 5 -11 5 -10 4 -11 4 -11 4 -11 4 -12 4 -11 4 -12 3 -11 3 -11 4 -12 3 -11 3 -12 2 -12 3 -11 3 -12 2 -12 2 -12 2 -11 2 -12 2 -12 2 -12 2 -12 2 -12 3 0 0 -12 3 -12 3 -12 3 -12 3 -12 3 -12 3 -12 3 -12 3 -12 4 -13 4 -12 5 -13 4 -13 3 -13 4 -13 5 -13 5 -13 4 -13 5 -13 5 -13 5 -13 5 -13 5 -14 5 -13 5 -14 5 -13 6 0 0 0 0 0 0 0 0 0 0]"
"1769326799216157,CSI_DATA,STATION,00:00:00:00:00:00,0,0,0,0,0,0,0,0,0,0,0,0,0,0,0,0,0,0,0,0,0,128,[84 -64 4 0 0 0 0 0 0 0 0 0 4 9 3 9 3 9 3 9 3 9 3 10 2 10 2 10 2 10 2 10 1 10 1 10 1 10 1 10 1 10 1 10 1 10 1 10 1 10 1 10 1 10 1 10 0 10 1 10 1 10 1 10 0 0 1 10 2 10 2 10 2 10 2 10 2 10 2 10 2 11 2 11 2 11 3 11 3 11 3 11 3 11 3 11 3 11 3 11 3 12 3 11 3 12 3 12 4 12 4 12 4 12 4 12 4 12 0 0 0 0 0 0 0 0 0 0]"
"1769326799222799,CSI_DATA,STATION,00:00:00:00:00:00,0,0,0,0,0,0,0,0,0,0,0,0,0,0,0,0,0,0,0,0,0,128,[84 -64 4 0 0 0 0 0 0 0 0 0 4 -10 5 -10 5 -10 5 -10 6 -10 6 -11 7 -10 6 -10 7 -10 6 -9 7 -9 7 -9 7 -9 8 -9 8 -9 7 -9 7 -9 7 -9 8 -9 8 -9 8 -9 7 -9 7 -9 7 -9 8 -8 8 -9 0 0 7 -9 7 -9 8 -9 7 -9 7 -10 7 -9 7 -9 7 -10 7 -10 7 -11 7 -10 8 -10 8 -10 8 -11 7 -11 7 -12 7 -11 7 -12 7 -12 7 -12 7 -12 7 -11 8 -12 7 -12 8 -12 8 -13 0 0 0 0 0 0 0 0 0 0]"
"1769326799227279,CSI_DATA,STATION,00:00:00:00:00:00,0,0,0,0,0,0,0,0,0,0,0,0,0,0,0,0,0,0,0,0,0,128,[84 -64 4 0 0 0 0 0 0 0 0 0 8 5 9 5 8 6 8 6 8 7 8 7 9 7 8 8 8 8 8 8 7 8 8 8 7 8 7 8 7 9 8 8 7 8 7 8 7 8 7 9 7 8 7 8 7 8 7 8 7 9 7 9 0 0 7 8 7 9 7 8 7 8 8 8 8 8 8 8 8 8 8 7 8 8 8 8 8 9 9 9 9 9 9 9 9 9 9 8 10 9 9 8 10 8 10 9 10 9 10 9 10 9 10 9 10 9 0 0 0 0 0 0 0 0 0 0]"
"1769326799231745,CSI_DATA,STATION,00:00:00:00:00:00,0,0,0,0,0,0,0,0,0,0,0,0,0,0,0,0,0,0,0,0,0,128,[84 -64 4 0 0 0 0 0 0 0 0 0 5 9 4 10 4 10 4 10 3 10 3 10 3 11 2 11 2 11 2 12 2 11 2 11 2 10 2 10 1 11 2 11 1 11 1 11 1 11 2 11 1 11 1 11 1 11 2 11 1 11 2 11 0 0 1 11 3 11 2 10 3 11 3 11 3 11 2 11 3 11 2 11 3 11 3 12 4 12 4 12 4 11 4 12 4 12 5 12 5 12 4 12 4 12 5 13 5 12 5 13 5 12 5 13 5 12 0 0 0 0 0 0 0 0 0 0]"
"1769326799238121,CSI_DATA,STATION,00:00:00:00:00:00,0,0,0,0,0,0,0,0,0,0,0,0,0,0,0,0,0,0,0,0,0,128,[84 -64 4 0 0 0 0 0 0 0 0 0 -8 3 -9 2 -10 1 -10 2 -9 1 -9 1 -10 1 -10 1 -9 1 -10 0 -10 0 -10 0 -10 0 -10 0 -10 0 -10 0 -10 0 -10 0 -10 0 -10 0 -10 -1 -10 -1 -10 0 -10 0 -10 0 -10 0 0 0 -10 0 -10 0 -10 1 -10 1 -11 1 -10 0 -10 0 -11 1 -10 1 -11 1 -11 1 -11 1 -11 2 -12 2 -11 1 -11 2 -12 2 -11 1 -12 2 -12 2 -12 2 -12 2 -12 2 -12 2 -12 2 -12 2 0 0 0 0 0 0 0 0 0 0]"
"1769326799242395,CSI_DATA,STATION,00:00:00:00:00:00,0,0,0,0,0,0,0,0,0,0,0,0,0,0,0,0,0,0,0,0,0,128,[84 -64 4 0 0 0 0 0 0 0 0 0 10 -3 11 -2 11 -2 11 -2 11 -2 11 -1 12 -1 11 -1 11 -1 12 0 11 0 11 0 12 0 11 0 11 1 11 0 11 0 12 0 11 1 12 1 12 1 11 1 11 0 12 1 11 1 11 0 0 0 11 0 11 0 11 0 11 0 12 0 12 0 12 0 12 -1 12 -1 12 -1 12 -1 12 -1 12 -1 13 -1 12 -2 13 -2 13 -2 13 -2 13 -2 13 -2 13 -2 13 -2 14 -2 14 -2 13 -3 13 -3 0 0 0 0 0 0 0 0 0 0]"
"1769326799246635,CSI_DATA,STATION,00:00:00:00:00:00,0,0,0,0,0,0,0,0,0,0,0,0,0,0,0,0,0,0,0,0,0,128,[84 -64 4 0 0 0 0 0 0 0 0 0 7 7 7 7 8 8 7 8 7 8 7 9 7 9 6 9 6 9 6 9 5 9 5 9 6 9 5 9 5 10 6 9 5 9 5 9 6 9 6 10 6 9 6 10 5 10 5 10 5 10 5 10 0 0 6 10 6 9 6 9 6 10 6 9 7 10 7 10 7 9 7 9 7 10 7 9 7 10 7 10 8 9 8 9 8 9 8 9 8 10 8 10 8 10 8 10 9 10 9 10 9 10 9 10 9 10 0 0 0 0 0 0 0 0 0 0]"
"1769326799253021,CSI_DATA,STATION,00:00:00:00:00:00,0,0,0,0,0,0,0,0,0,0,0,0,0,0,0,0,0,0,0,0,0,128,[84 -64 4 0 0 0 0 0 0 0 0 0 3 9 3 9 3 9 3 9 2 10 2 10 2 10 2 10 2 10 2 10 1 10 1 10 1 10 1 9 1 10 1 10 1 10 0 10 1 10 1 10 1 10 1 10 1 10 1 10 1 10 1 10 0 0 1 10 2 10 2 10 2 10 2 10 2 10 2 10 3 10 2 10 2 11 3 10 3 11 3 11 4 11 3 11 4 11 4 11 4 11 4 12 4 12 4 12 4 11 5 12 5 11 5 12 4 12 0 0 0 0 0 0 0 0 0 0]"
"1769326799257378,CSI_DATA,STATION,00:00:00:00:00:00,0,0,0,0,0,0,0,0,0,0,0,0,0,0,0,0,0,0,0,0,0,128,[84 -64 4 0 0 0 0 0 0 0 0 0 -10 5 -10 5 -11 4 -11 4 -11 4 -11 4 -11 4 -11 4 -12 4 -12 3 -12 4 -12 3 -12 3 -12 3 -12 2 -12 3 -11 2 -11 2 -12 3 -12 2 -11 2 -12 2 -12 3 -12 2 -12 2 -12 3 0 0 -12 3 -12 3 -11 3 -12 4 -12 3 -12 3 -12 3 -12 4 -12 4 -12 4 -12 5 -12 4 -12 5 -12 5 -12 4 -13 5 -12 5 -12 6 -13 6 -12 5 -13 6 -13 6 -13 6 -13 6 -13 6 -13 6 0 0 0 0 0 0 0 0 0 0]"
"1769326799263976,CSI_DATA,STATION,00:00:00:00:00:00,0,0,0,0,0,0,0,0,0,0,0,0,0,0,0,0,0,0,0,0,0,128,[84 -64 4 0 0 0 0 0 0 0 0 0 -12 -2 -11 -3 -12 -3 -11 -3 -11 -3 -12 -4 -11 -4 -11 -4 -11 -5 -12 -5 -11 -4 -11 -5 -12 -5 -12 -6 -11 -6 -10 -6 -11 -6 -11 -5 -11 -6 -11 -6 -11 -6 -11 -6 -11 -6 -11 -5 -11 -6 -11 -5 0 0 -11 -5 -11 -5 -12 -5 -11 -5 -12 -5 -12 -5 -12 -5 -13 -5 -11 -5 -12 -4 -13 -4 -13 -4 -13 -4 -13 -5 -12 -4 -13 -4 -13 -4 -14 -4 -14 -4 -14 -4 -14 -4 -14 -4 -14 -4 -14 -4 -14 -4 -14 -4 0 0 0 0 0 0 0 0 0 0]"
"1769326799268353,CSI_DATA,STATION,00:00:00:00:00:00,0,0,0,0,0,0,0,0,0,0,0,0,0,0,0,0,0,0,0,0,0,128,[84 -64 4 0 0 0 0 0 0 0 0 0 3 9 3 9 3 9 2 9 2 10 2 10 2 11 1 10 1 10 0 10 1 10 1 10 1 10 0 10 0 10 0 10 0 10 1 10 0 10 0 10 0 10 0 10 0 10 1 10 0 10 0 10 0 0 0 10 0 10 1 11 1 10 1 11 1 10 1 10 1 11 1 11 1 11 2 11 2 11 2 11 2 11 2 11 2 12 2 12 2 12 2 12 2 12 2 12 2 12 2 12 3 12 3 12 2 13 0 0 0 0 0 0 0 0 0 0]"
"1769326799272687,CSI_DATA,STATION,00:00:00:00:00:00,0,0,0,0,0,0,0,0,0,0,0,0,0,0,0,0,0,0,0,0,0,128,[84 -64 4 0 0 0 0 0 0 0 0 0 -5 -9 -5 -9 -5 -9 -5 -10 -4 -10 -5 -10 -4 -10 -4 -10 -4 -11 -4 -11 -3 -10 -3 -10 -3 -11 -3 -11 -4 -11 -3 -11 -3 -11 -3 -10 -3 -11 -3 -11 -3 -11 -3 -11 -3 -11 -3 -11 -4 -11 -3 -11 0 0 -3 -11 -4 -10 -4 -11 -4 -11 -4 -11 -4 -11 -5 -11 -5 -11 -4 -11 -4 -11 -5 -11 -5 -11 -6 -11 -6 -11 -6 -11 -6 -12 -6 -12 -6 -12 -5 -12 -6 -12 -6 -12 -6 -12 -7 -12 -7 -12 -7 -12 -7 -13 0 0 0 0 0 0 0 0 0 0]"
"1769326799279195,CSI_DATA,STATION,00:00:00:00:00:00,0,0,0,0,0,0,0,0,0,0,0,0,0,0,0,0,0,0,0,0,0,128,[84 -64 4 0 0 0 0 0 0 0 0 0 -3 10 -2 10 -3 11 -3 10 -4 11 -4 10 -4 11 -6 11 -5 10 -5 10 -5 10 -6 10 -5 10 -6 10 -6 10 -6 10 -6 11 -6 11 -6 10 -6 9 -6 9 -6 10 -6 10 -6 10 -5 9 -5 10 0 0 -6 10 -5 10 -5 11 -5 11 -5 10 -5 10 -5 11 -5 11 -4 12 -5 11 -5 11 -5 11 -5 12 -4 12 -5 12 -4 12 -4 13 -4 13 -4 13 -4 13 -5 13 -4 13 -4 13 -4 13 -5 13 -4 13 0 0 0 0 0 0 0 0 0 0]"
"1769326799283548,CSI_DATA,STATION,00:00:00:00:00:00,0,0,0,0,0,0,0,0,0,0,0,0,0,0,0,0,0,0,0,0,0,128,[84 -64 4 0 0 0 0 0 0 0 0 0 -1 10 -1 10 -2 11 -2 11 -2 11 -3 11 -3 11 -3 11 -3 11 -3 11 -4 11 -4 11 -4 11 -4 11 -4 11 -4 11 -4 11 -4 11 -4 11 -4 11 -3 11 -3 11 -4 11 -4 11 -3 11 -4 11 0 0 -3 11 -2 11 -2 11 -2 11 -2 11 -2 12 -2 12 -2 11 -2 11 -3 12 -2 12 -2 12 -2 12 -1 12 -1 13 -1 13 -1 13 -1 12 -1 13 -1 13 -1 13 -1 13 -1 13 0 13 -1 14 0 13 0 0 0 0 0 0 0 0 0 0]"
"1769326799287871,CSI_DATA,STATION,00:00:00:00:00:00,0,0,0,0,0,0,0,0,0,0,0,0,0,0,0,0,0,0,0,0,0,128,[84 -64 4 0 0 0 0 0 0 0 0 0 10 -3 11 -3 11 -2 11 -2 12 -1 11 -1 11 -1 11 0 11 0 12 0 11 0 11 0 12 0 12 1 11 1 11 1 11 1 11 1 12 1 11 2 11 1 11 1 11 1 12 2 11 1 11 0 0 0 11 1 11 1 11 1 11 1 12 1 11 1 12 1 12 1 12 1 11 0 12 0 12 1 13 0 13 1 13 0 12 0 13 0 13 0 13 0 13 0 13 0 13 1 14 0 14 0 14 0 14 0 0 0 0 0 0 0 0 0 0 0]"
"1769326799294408,CSI_DATA,STATION,00:00:00:00:00:00,0,0,0,0,0,0,0,0,0,0,0,0,0,0,0,0,0,0,0,0,0,128,[84 -64 4 0 0 0 0 0 0 0 0 0 2 15 1 16 1 15 1 17 1 16 0 17 -1 16 -1 17 -1 16 -1 16 -1 16 -2 16 -2 17 -2 16 -2 16 -3 16 -3 16 -3 15 -3 17 -3 16 -3 16 -3 16 -3 15 -2 16 -2 16 -2 16 0 0 -2 16 -2 16 -2 17 -2 16 -2 17 -2 17 -2 17 -1 16 -2 17 -1 17 0 17 0 17 0 18 0 18 -1 18 0 19 1 18 0 19 0 19 0 19 1 19 0 19 1 18 1 19 1 20 1 20 0 0 0 0 0 0 0 0 0 0]"
"1769326799298758,CSI_DATA,STATION,00:00:00:00:00:00,0,0,0,0,0,0,0,0,0,0,0,0,0,0,0,0,0,0,0,0,0,128,[84 -64 4 0 0 0 0 0 0 0 0 0 -9 5 -9 5 -9 5 -9 4 -9 5 -10 4 -10 4 -10 4 -10 3 -10 4 -10 4 -10 3 -10 3 -11 3 -11 2 -11 4 -10 2 -10 2 -11 3 -11 2 -11 2 -11 2 -11 3 -11 3 -11 3 -11 3 0 0 -10 3 -11 3 -10 3 -11 4 -11 3 -11 3 -11 3 -11 3 -11 4 -11 4 -11 5 -11 4 -11 4 -11 5 -11 5 -12 5 -12 5 -11 5 -12 6 -12 5 -12 5 -12 6 -13 5 -12 6 -12 6 -12 5 0 0 0 0 0 0 0 0 0 0]"
"1769326799305206,CSI_DATA,STATION,00:00:00:00:00:00,0,0,0,0,0,0,0,0,0,0,0,0,0,0,0,0,0,0,0,0,0,128,[84 -64 4 0 0 0 0 0 0 0 0 0 -11 3 -11 2 -11 2 -12 2 -11 2 -12 1 -12 1 -12 0 -12 1 -13 0 -12 0 -11 0 -12 0 -12 0 -12 -1 -12 0 -12 0 -12 0 -13 -1 -12 -1 -12 -1 -12 -1 -12 -1 -12 -1 -12 -1 -12 0 0 0 -12 0 -12 0 -12 0 -12 1 -13 0 -12 0 -12 0 -13 0 -12 1 -13 1 -13 1 -13 1 -13 1 -14 1 -13 2 -13 2 -14 2 -14 2 -14 2 -14 2 -14 2 -14 2 -14 2 -15 3 -14 2 -14 3 0 0 0 0 0 0 0 0 0 0]"
"1769326799316000,CSI_DATA,STATION,00:00:00:00:00:00,0,0,0,0,0,0,0,0,0,0,0,0,0,0,0,0,0,0,0,0,0,128,[84 -64 4 0 0 0 0 0 0 0 0 0 0 9 -1 10 -1 10 -1 10 -2 10 -2 10 -3 10 -3 10 -3 9 -3 10 -3 10 -3 10 -3 10 -3 9 -4 9 -4 10 -4 10 -4 10 -4 10 -4 9 -4 10 -4 10 -4 10 -4 10 -3 10 -3 10 0 0 -3 10 -3 10 -3 10 -3 10 -2 11 -3 10 -3 10 -2 11 -2 11 -3 11 -2 11 -2 11 -2 11 -1 11 -2 12 -2 12 -1 12 -1 12 -1 13 -2 12 -1 13 -1 12 -1 13 -1 13 -1 13 -1 13 0 0 0 0 0 0 0 0 0 0]"
"1769326799320343,CSI_DATA,STATION,00:00:00:00:00:00,0,0,0,0,0,0,0,0,0,0,0,0,0,0,0,0,0,0,0,0,0,128,[84 -64 4 0 0 0 0 0 0 0 0 0 -7 -15 -7 -15 -7 -16 -6 -16 -6 -17 -6 -16 -5 -17 -5 -17 -5 -17 -4 -17 -4 -17 -4 -17 -4 -17 -4 -17 -3 -17 -2 -17 -3 -17 -3 -17 -3 -17 -3 -17 -2 -17 -2 -17 -3 -17 -3 -17 -3 -17 -3 -17 0 0 -3 -17 -4 -17 -4 -17 -4 -17 -4 -17 -4 -18 -4 -18 -5 -17 -4 -17 -5 -17 -6 -17 -6 -17 -6 -17 -6 -18 -6 -18 -6 -18 -7 -19 -7 -18 -6 -18 -7 -18 -6 -19 -7 -18 -7 -19 -8 -19 -7 -19 -7 -19 0 0 0 0 0 0 0 0 0 0]"
"1769326799326804,CSI_DATA,STATION,00:00:00:00:00:00,0,0,0,0,0,0,0,0,0,0,0,0,0,0,0,0,0,0,0,0,0,128,[84 -64 4 0 0 0 0 0 0 0 0 0 5 9 5 10 5 10 4 9 4 10 4 10 4 11 3 10 4 11 4 11 3 11 3 11 3 11 3 11 2 11 3 11 2 10 2 11 2 10 3 11 3 11 3 11 3 11 2 11 3 10 3 11 0 0 4 11 4 11 3 10 4 11 4 10 5 11 4 11 5 11 5 11 5 11 5 10 5 11 5 11 5 11 5 11 6 11 6 11 6 11 6 11 6 11 6 11 7 11 7 12 7 11 7 12 7 12 0 0 0 0 0 0 0 0 0 0]"
"1769326799331227,CSI_DATA,STATION,00:00:00:00:00:00,0,0,0,0,0,0,0,0,0,0,0,0,0,0,0,0,0,0,0,0,0,128,[84 -64 4 0 0 0 0 0 0 0 0 0 7 -9 7 -8 8 -8 8 -8 8 -8 8 -8 9 -8 10 -8 8 -8 10 -7 9 -7 9 -7 9 -7 9 -7 10 -7 9 -7 9 -7 9 -7 10 -6 10 -6 9 -6 10 -6 10 -7 10 -6 10 -6 10 -7 0 0 9 -7 9 -7 9 -7 9 -7 10 -7 10 -7 10 -7 10 -8 9 -8 9 -9 10 -8 9 -8 10 -8 10 -8 10 -9 10 -9 10 -9 10 -10 10 -9 10 -10 10 -9 10 -9 11 -10 10 -10 10 -10 10 -10 0 0 0 0 0 0 0 0 0 0]"
"1769326799335504,CSI_DATA,STATION,00:00:00:00:00:00,0,0,0,0,0,0,0,0,0,0,0,0,0,0,0,0,0,0,0,0,0,128,[84 -64 4 0 0 0 0 0 0 0 0 0 7 5 6 5 6 5 6 6 6 6 6 6 6 7 6 7 6 7 6 7 5 7 5 7 5 7 5 7 5 7 5 8 4 7 5 8 5 7 5 8 5 7 5 8 5 8 5 7 5 8 5 7 0 0 5 8 5 8 5 7 5 8 6 7 6 8 6 8 6 7 6 8 6 8 6 7 6 8 7 8 7 8 6 8 7 8 7 8 7 8 7 8 7 8 7 8 8 8 7 9 8 8 8 8 8 9 0 0 0 0 0 0 0 0 0 0]"
"1769326799341869,CSI_DATA,STATION,00:00:00:00:00:00,0,0,0,0,0,0,0,0,0,0,0,0,0,0,0,0,0,0,0,0,0,128,[84 -64 4 0 0 0 0 0 0 0 0 0 4 -10 5 -10 5 -10 5 -10 6 -10 6 -10 7 -9 7 -9 7 -9 8 -10 7 -9 7 -9 7 -9 8 -9 8 -9 7 -9 8 -9 8 -9 8 -9 9 -9 8 -8 8 -8 8 -9 8 -8 8 -9 8 -9 0 0 8 -9 8 -9 8 -9 8 -9 8 -9 8 -9 8 -9 8 -9 8 -10 7 -10 7 -10 8 -10 8 -10 8 -10 7 -11 7 -11 7 -11 8 -12 8 -11 8 -11 8 -11 9 -11 8 -11 7 -12 8 -12 8 -12 0 0 0 0 0 0 0 0 0 0]"
"1769326799346123,CSI_DATA,STATION,00:00:00:00:00:00,0,0,0,0,0,0,0,0,0,0,0,0,0,0,0,0,0,0,0,0,0,128,[84 -64 4 0 0 0 0 0 0 0 0 0 9 0 9 0 10 1 10 1 10 1 10 2 10 2 10 2 10 3 10 3 10 2 9 2 10 2 10 3 10 3 9 3 10 3 10 3 9 4 10 4 9 4 9 4 9 4 10 3 10 3 9 3 0 0 9 3 10 4 10 3 10 3 10 3 10 3 10 4 10 4 10 3 10 3 10 3 11 3 11 3 11 3 11 3 11 3 11 3 12 3 12 3 12 3 12 3 12 4 12 3 12 2 13 3 12 3 0 0 0 0 0 0 0 0 0 0]"
"1769326799352477,CSI_DATA,STATION,00:00:00:00:00:00,0,0,0,0,0,0,0,0,0,0,0,0,0,0,0,0,0,0,0,0,0,128,[84 -64 4 0 0 0 0 0 0 0 0 0 -10 0 -11 0 -11 -1 -11 -1 -11 -1 -11 -2 -11 -2 -11 -3 -10 -2 -11 -3 -11 -3 -11 -3 -11 -3 -11 -3 -11 -4 -10 -3 -11 -3 -11 -3 -11 -4 -11 -4 -11 -4 -11 -4 -11 -3 -11 -4 -11 -3 -11 -3 0 0 -11 -3 -11 -3 -11 -3 -11 -2 -12 -3 -11 -3 -11 -3 -12 -3 -11 -3 -11 -2 -12 -2 -12 -2 -12 -2 -12 -2 -12 -2 -13 -2 -13 -2 -13 -2 -13 -2 -13 -2 -14 -2 -14 -2 -14 -2 -14 -2 -14 -2 -14 -2 0 0 0 0 0 0 0 0 0 0]"
"1769326799356722,CSI_DATA,STATION,00:00:00:00:00:00,0,0,0,0,0,0,0,0,0,0,0,0,0,0,0,0,0,0,0,0,0,128,[84 -64 4 0 0 0 0 0 0 0 0 0 -11 -3 -12 -4 -11 -4 -11 -4 -11 -4 -12 -5 -11 -6 -11 -6 -11 -6 -11 -7 -11 -6 -10 -7 -11 -7 -10 -7 -10 -7 -10 -6 -11 -7 -10 -7 -10 -7 -10 -7 -10 -7 -10 -7 -10 -6 -11 -7 -10 -7 -10 -7 0 0 -10 -7 -11 -7 -11 -7 -10 -6 -11 -7 -11 -7 -11 -6 -11 -7 -11 -6 -12 -6 -12 -6 -12 -6 -12 -6 -12 -6 -12 -6 -13 -6 -13 -6 -13 -6 -13 -6 -12 -6 -13 -6 -13 -6 -13 -6 -14 -6 -13 -6 -13 -6 0 0 0 0 0 0 0 0 0 0]"
"1769326799363098,CSI_DATA,STATION,00:00:00:00:00:00,0,0,0,0,0,0,0,0,0,0,0,0,0,0,0,0,0,0,0,0,0,128,[84 -64 4 0 0 0 0 0 0 0 0 0 -11 -4 -11 -5 -11 -5 -11 -4 -11 -6 -11 -6 -11 -6 -10 -7 -10 -7 -11 -7 -10 -7 -10 -7 -10 -7 -10 -7 -10 -8 -10 -7 -10 -7 -10 -7 -10 -8 -9 -8 -10 -8 -9 -8 -9 -8 -10 -8 -10 -8 -10 -8 0 0 -10 -8 -10 -8 -10 -8 -10 -8 -11 -7 -10 -8 -11 -8 -11 -7 -10 -7 -11 -7 -11 -7 -12 -7 -11 -8 -11 -7 -12 -8 -12 -7 -12 -8 -12 -8 -12 -7 -12 -8 -12 -8 -13 -7 -12 -8 -13 -8 -12 -8 -13 -7 0 0 0 0 0 0 0 0 0 0]"
"1769326799367362,CSI_DATA,STATION,00:00:00:00:00:00,0,0,0,0,0,0,0,0,0,0,0,0,0,0,0,0,0,0,0,0,0,128,[84 -64 4 0 0 0 0 0 0 0 0 0 -7 8 -7 8 -8 8 -8 9 -8 8 -8 8 -9 8 -9 8 -9 8 -9 7 -9 7 -10 7 -10 7 -10 6 -10 6 -10 7 -10 7 -9 7 -9 6 -10 7 -10 7 -9 7 -10 7 -10 7 -10 6 -10 7 0 0 -9 8 -10 7 -10 8 -9 7 -9 8 -9 8 -9 8 -9 8 -9 9 -9 8 -9 9 -9 9 -10 9 -9 9 -9 9 -9 10 -9 10 -9 10 -9 10 -9 11 -9 11 -8 10 -9 10 -9 10 -9 11 -9 11 0 0 0 0 0 0 0 0 0 0]"
"1769326799373727,CSI_DATA,STATION,00:00:00:00:00:00,0,0,0,0,0,0,0,0,0,0,0,0,0,0,0,0,0,0,0,0,0,128,[84 -64 4 0 0 0 0 0 0 0 0 0 9 -1 9 -1 10 0 10 0 10 0 10 1 10 1 10 1 10 2 10 1 10 1 9 2 10 2 10 2 10 2 10 2 10 2 10 2 10 2 10 3 10 3 10 3 10 2 11 2 10 2 10 2 0 0 10 2 10 2 10 2 10 2 11 2 10 1 11 2 11 2 11 1 11 2 11 1 11 1 12 1 12 1 11 1 12 1 12 1 12 1 12 1 12 1 12 1 13 1 13 1 13 1 13 0 13 1 0 0 0 0 0 0 0 0 0 0]"
"1769326799378023,CSI_DATA,STATION,00:00:00:00:00:00,0,0,0,0,0,0,0,0,0,0,0,0,0,0,0,0,0,0,0,0,0,128,[84 -64 4 0 0 0 0 0 0 0 0 0 10 4 9 5 10 5 10 5 9 5 9 6 10 6 9 6 9 7 9 7 9 6 9 6 9 7 9 7 9 8 9 7 9 7 9 7 9 7 8 7 8 7 9 7 8 7 9 7 9 7 9 7 0 0 9 7 9 7 9 6 9 6 10 6 10 6 10 6 10 6 9 6 10 6 10 5 11 6 11 6 11 6 11 6 11 6 12 6 12 6 12 6 12 6 12 6 12 6 12 5 12 5 13 6 12 5 0 0 0 0 0 0 0 0 0 0]"
"1769326799382350,CSI_DATA,STATION,00:00:00:00:00:00,0,0,0,0,0,0,0,0,0,0,0,0,0,0,0,0,0,0,0,0,0,128,[84 -64 4 0 0 0 0 0 0 0 0 0 -11 4 -11 4 -11 3 -12 3 -12 2 -12 3 -12 2 -12 3 -12 2 -12 2 -12 2 -12 2 -12 2 -12 1 -13 1 -12 1 -12 1 -12 1 -13 0 -12 1 -12 0 -12 0 -12 1 -12 1 -12 2 -12 2 0 0 -12 1 -12 2 -12 2 -12 3 -13 1 -12 2 -12 2 -13 2 -12 2 -13 3 -12 4 -13 3 -12 3 -13 4 -13 3 -14 4 -13 4 -13 4 -13 4 -13 4 -14 4 -14 4 -14 4 -13 5 -13 5 -14 5 0 0 0 0 0 0 0 0 0 0]"
"1769326799388844,CSI_DATA,STATION,00:00:00:00:00:00,0,0,0,0,0,0,0,0,0,0,0,0,0,0,0,0,0,0,0,0,0,128,[84 -64 4 0 0 0 0 0 0 0 0 0 -11 1 -11 1 -12 0 -13 1 -12 1 -12 0 -12 0 -13 0 -12 -1 -13 -1 -12 -1 -12 -1 -12 -2 -12 -2 -13 -2 -12 -1 -12 -1 -12 -1 -13 -2 -12 -2 -12 -2 -12 -2 -12 -1 -13 -2 -12 -1 -12 -1 0 0 -12 -1 -12 -1 -12 -1 -12 -1 -13 -1 -12 -1 -13 -1 -13 0 -12 0 -13 0 -13 0 -13 0 -13 0 -13 0 -13 0 -13 1 -14 0 -14 1 -14 1 -14 1 -14 1 -14 1 -15 1 -15 1 -15 1 -15 1 0 0 0 0 0 0 0 0 0 0]"
"1769326799393206,CSI_DATA,STATION,00:00:00:00:00:00,0,0,0,0,0,0,0,0,0,0,0,0,0,0,0,0,0,0,0,0,0,128,[84 -64 4 0 0 0 0 0 0 0 0 0 9 -5 9 -5 10 -4 11 -4 11 -4 11 -4 11 -3 11 -3 11 -3 11 -3 11 -3 11 -3 11 -2 11 -2 12 -2 11 -2 11 -2 11 -2 12 -1 12 -1 11 -1 12 -1 11 -1 11 -1 11 -1 11 -2 0 0 11 -2 11 -2 11 -2 11 -2 12 -2 12 -2 12 -2 12 -3 12 -2 11 -3 11 -3 12 -3 12 -3 13 -3 12 -3 13 -3 13 -3 13 -4 13 -4 12 -4 13 -4 13 -4 13 -4 13 -4 13 -4 13 -4 0 0 0 0 0 0 0 0 0 0]"
"1769326799399669,CSI_DATA,STATION,00:00:00:00:00:00,0,0,0,0,0,0,0,0,0,0,0,0,0,0,0,0,0,0,0,0,0,128,[84 -64 4 0 0 0 0 0 0 0 0 0 3 10 3 10 3 11 2 10 2 10 2 11 2 12 1 11 2 11 1 11 1 12 1 11 1 11 1 11 1 12 0 11 0 11 0 11 0 12 0 12 0 11 1 11 0 11 0 12 1 11 1 12 0 0 1 11 1 11 1 11 1 12 2 12 2 12 2 11 2 11 1 12 2 11 2 12 2 12 2 12 3 12 2 12 3 13 3 13 3 13 3 13 3 13 4 12 4 13 4 13 3 13 3 13 3 13 0 0 0 0 0 0 0 0 0 0]"
"1769326799404016,CSI_DATA,STATION,00:00:00:00:00:00,0,0,0,0,0,0,0,0,0,0,0,0,0,0,0,0,0,0,0,0,0,128,[84 -64 4 0 0 0 0 0 0 0 0 0 -7 10 -7 10 -8 10 -9 9 -8 9 -9 9 -9 9 -9 10 -10 9 -10 8 -10 9 -10 9 -10 9 -10 8 -10 8 -10 9 -10 9 -10 8 -10 8 -10 8 -11 8 -10 8 -10 8 -10 8 -10 8 -10 9 0 0 -10 9 -10 8 -10 9 -9 9 -10 9 -10 9 -10 10 -10 10 -9 10 -9 10 -9 11 -10 10 -10 10 -9 11 -9 11 -9 11 -9 12 -9 11 -9 12 -9 12 -9 13 -9 12 -9 12 -9 13 -9 12 -9 13 0 0 0 0 0 0 0 0 0 0]"
"1769326799408326,CSI_DATA,STATION,00:00:00:00:00:00,0,0,0,0,0,0,0,0,0,0,0,0,0,0,0,0,0,0,0,0,0,128,[84 -64 4 0 0 0 0 0 0 0 0 0 1 -10 2 -10 2 -11 2 -10 3 -11 3 -10 3 -11 4 -11 4 -11 4 -11 3 -10 3 -10 4 -11 4 -10 4 -10 4 -10 4 -10 4 -11 4 -10 5 -9 4 -10 5 -10 5 -10 4 -10 5 -10 4 -11 0 0 4 -10 4 -10 4 -10 4 -11 4 -11 4 -11 4 -11 4 -11 4 -11 4 -12 3 -11 3 -12 3 -12 3 -11 3 -12 4 -13 3 -13 3 -13 3 -12 4 -13 4 -13 4 -12 3 -13 3 -13 3 -13 4 -13 0 0 0 0 0 0 0 0 0 0]"
"1769326799414785,CSI_DATA,STATION,00:00:00:00:00:00,0,0,0,0,0,0,0,0,0,0,0,0,0,0,0,0,0,0,0,0,0,128,[84 -64 4 0 0 0 0 0 0 0 0 0 -10 -5 -10 -6 -10 -7 -11 -7 -10 -7 -10 -7 -10 -7 -10 -8 -9 -8 -10 -9 -9 -8 -9 -8 -9 -9 -9 -9 -9 -9 -8 -8 -8 -9 -9 -9 -9 -9 -9 -9 -9 -9 -9 -9 -9 -9 -9 -9 -9 -8 -9 -8 0 0 -9 -9 -9 -9 -9 -9 -9 -8 -10 -8 -10 -8 -10 -8 -11 -8 -10 -8 -10 -8 -10 -8 -11 -8 -11 -8 -11 -8 -11 -8 -11 -8 -11 -8 -11 -8 -12 -8 -12 -8 -12 -8 -12 -8 -12 -8 -13 -8 -12 -8 -12 -8 0 0 0 0 0 0 0 0 0 0]"
"1769326799419124,CSI_DATA,STATION,00:00:00:00:00:00,0,0,0,0,0,0,0,0,0,0,0,0,0,0,0,0,0,0,0,0,0,128,[84 -64 4 0 0 0 0 0 0 0 0 0 -9 4 -10 3 -10 3 -11 3 -11 2 -11 2 -11 2 -11 2 -11 2 -12 2 -11 2 -11 2 -11 1 -11 1 -11 1 -11 2 -11 1 -10 1 -11 1 -11 1 -11 0 -11 1 -11 1 -11 1 -11 1 -11 2 0 0 -11 1 -11 1 -11 2 -11 2 -11 2 -12 2 -12 2 -11 2 -11 2 -11 2 -12 3 -12 3 -12 3 -12 3 -12 3 -12 3 -12 3 -12 4 -13 4 -12 4 -13 4 -13 3 -13 4 -13 4 -13 4 -13 4 0 0 0 0 0 0 0 0 0 0]"
"1769326799425595,CSI_DATA,STATION,00:00:00:00:00:00,0,0,0,0,0,0,0,0,0,0,0,0,0,0,0,0,0,0,0,0,0,128,[84 -64 4 0 0 0 0 0 0 0 0 0 -4 -16 -4 -17 -4 -16 -3 -17 -3 -17 -2 -18 -2 -17 -2 -18 -1 -18 -1 -17 -1 -18 0 -18 0 -17 0 -17 0 -17 1 -17 1 -17 1 -17 0 -18 0 -17 0 -17 0 -17 1 -17 0 -17 0 -17 0 -17 0 0 0 -17 -1 -17 0 -18 -1 -17 -1 -18 -1 -18 -1 -18 -2 -18 -1 -18 -2 -18 -2 -18 -3 -18 -2 -18 -3 -19 -3 -18 -3 -20 -3 -19 -4 -19 -4 -19 -4 -19 -4 -20 -4 -19 -4 -20 -5 -20 -4 -20 -4 -20 0 0 0 0 0 0 0 0 0 0]"
"1769326799430015,CSI_DATA,STATION,00:00:00:00:00:00,0,0,0,0,0,0,0,0,0,0,0,0,0,0,0,0,0,0,0,0,0,128,[84 -64 4 0 0 0 0 0 0 0 0 0 2 10 1 10 1 11 1 11 1 11 1 11 0 12 0 11 0 11 -1 12 0 11 -1 12 -1 11 -2 11 -1 11 -2 11 -2 12 -2 11 -1 11 -1 11 -2 11 -1 11 -1 11 -2 11 -1 11 -1 11 0 0 -1 11 0 12 -1 11 -1 11 0 12 0 12 0 12 0 11 0 12 -1 12 0 12 0 13 0 13 0 12 0 13 1 12 1 13 1 12 1 13 1 13 1 13 1 13 1 13 1 14 1 14 1 14 0 0 0 0 0 0 0 0 0 0]"
"1769326799434450,CSI_DATA,STATION,00:00:00:00:00:00,0,0,0,0,0,0,0,0,0,0,0,0,0,0,0,0,0,0,0,0,0,128,[84 -64 4 0 0 0 0 0 0 0 0 0 17 4 17 5 17 6 17 7 17 7 17 7 16 8 16 8 16 8 16 10 16 9 15 9 16 10 16 10 16 10 15 10 15 9 15 9 15 11 15 11 15 11 15 11 14 10 15 10 15 11 15 10 0 0 15 10 16 10 16 10 16 9 16 10 16 10 17 10 16 9 16 9 16 8 17 8 17 8 18 9 18 9 18 8 19 8 19 8 19 8 19 8 19 8 19 8 19 9 20 8 20 8 20 8 20 7 0 0 0 0 0 0 0 0 0 0]"
"1769326799440997,CSI_DATA,STATION,00:00:00:00:00:00,0,0,0,0,0,0,0,0,0,0,0,0,0,0,0,0,0,0,0,0,0,128,[84 -64 4 0 0 0 0 0 0 0 0 0 4 -9 4 -9 5 -9 5 -9 6 -9 5 -9 5 -9 6 -9 6 -8 6 -8 7 -9 7 -8 7 -8 7 -8 7 -8 7 -8 7 -8 7 -8 7 -8 8 -8 7 -8 8 -8 7 -8 7 -8 8 -8 7 -9 0 0 7 -8 7 -8 7 -8 7 -8 7 -8 8 -9 7 -9 7 -9 7 -9 7 -9 7 -9 7 -9 7 -9 8 -10 7 -10 7 -10 7 -10 8 -11 8 -11 8 -11 8 -11 8 -10 8 -10 8 -11 8 -11 8 -11 0 0 0 0 0 0 0 0 0 0]"
"1769326799445391,CSI_DATA,STATION,00:00:00:00:00:00,0,0,0,0,0,0,0,0,0,0,0,0,0,0,0,0,0,0,0,0,0,128,[84 -64 4 0 0 0 0 0 0 0 0 0 -11 -4 -11 -5 -11 -5 -11 -5 -11 -5 -11 -6 -10 -6 -11 -7 -11 -7 -11 -7 -10 -6 -10 -7 -10 -7 -10 -7 -11 -7 -10 -7 -10 -7 -10 -7 -10 -7 -10 -8 -10 -7 -11 -7 -10 -7 -10 -7 -10 -7 -10 -7 0 0 -10 -7 -10 -7 -11 -7 -10 -7 -11 -7 -11 -7 -11 -7 -11 -6 -11 -7 -12 -7 -11 -7 -12 -6 -12 -6 -12 -6 -12 -7 -12 -6 -13 -6 -13 -6 -12 -6 -13 -6 -13 -7 -13 -6 -13 -6 -14 -6 -13 -6 -13 -6 0 0 0 0 0 0 0 0 0 0]"
"1769326799449861,CSI_DATA,STATION,00:00:00:00:00:00,0,0,0,0,0,0,0,0,0,0,0,0,0,0,0,0,0,0,0,0,0,128,[84 -64 4 0 0 0 0 0 0 0 0 0 7 -9 7 -8 8 -8 8 -8 8 -8 8 -8 9 -8 9 -7 9 -7 10 -7 9 -7 9 -7 9 -7 9 -7 10 -7 10 -7 9 -6 10 -6 10 -6 9 -6 10 -6 10 -6 10 -7 10 -6 10 -6 9 -7 0 0 10 -7 9 -6 9 -7 10 -7 10 -7 10 -8 10 -7 9 -8 9 -8 9 -8 9 -8 10 -8 10 -8 10 -8 10 -9 9 -9 10 -9 10 -9 10 -9 10 -10 10 -9 11 -9 11 -9 10 -9 10 -10 10 -10 0 0 0 0 0 0 0 0 0 0]"
"1769326799454329,CSI_DATA,STATION,00:00:00:00:00:00,0,0,0,0,0,0,0,0,0,0,0,0,0,0,0,0,0,0,0,0,0,128,[84 -64 4 0 0 0 0 0 0 0 0 0 8 6 8 7 8 7 8 7 8 7 7 7 8 8 7 8 7 8 7 9 7 8 7 9 7 8 7 8 7 9 6 9 7 8 6 9 6 9 6 9 7 9 7 9 6 9 6 9 7 9 7 9 0 0 7 9 7 9 7 8 7 9 7 9 8 9 8 9 8 9 7 8 8 9 8 8 8 9 9 9 8 9 9 9 9 9 9 8 9 9 9 9 9 9 9 9 9 9 9 9 10 8 10 9 10 9 0 0 0 0 0 0 0 0 0 0]"
"1769326799461056,CSI_DATA,STATION,00:00:00:00:00:00,0,0,0,0,0,0,0,0,0,0,0,0,0,0,0,0,0,0,0,0,0,128,[84 -64 4 0 0 0 0 0 0 0 0 0 -8 6 -8 6 -9 5 -9 6 -9 5 -10 5 -9 5 -10 5 -10 5 -10 4 -10 5 -10 4 -10 4 -10 4 -11 3 -10 4 -10 4 -10 3 -11 4 -11 4 -10 3 -10 3 -10 4 -10 3 -11 4 -11 4 0 0 -10 4 -10 4 -10 4 -10 5 -11 5 -11 4 -11 4 -11 4 -10 5 -11 6 -11 6 -11 5 -11 6 -11 6 -11 6 -11 6 -11 6 -11 6 -12 7 -11 7 -12 7 -12 6 -11 7 -11 7 -12 7 -12 7 0 0 0 0 0 0 0 0 0 0]"
"1769326799472152,CSI_DATA,STATION,00:00:00:00:00:00,0,0,0,0,0,0,0,0,0,0,0,0,0,0,0,0,0,0,0,0,0,128,[84 -64 4 0 0 0 0 0 0 0 0 0 -8 -7 -8 -8 -7 -7 -8 -8 -7 -9 -8 -9 -7 -8 -7 -9 -7 -9 -7 -10 -6 -9 -6 -9 -6 -9 -7 -10 -7 -10 -7 -10 -6 -10 -6 -9 -7 -10 -6 -10 -6 -9 -6 -10 -6 -9 -7 -9 -7 -9 -7 -10 0 0 -7 -9 -7 -9 -7 -9 -7 -9 -7 -9 -7 -9 -8 -9 -8 -9 -7 -9 -8 -9 -9 -9 -9 -9 -9 -10 -9 -9 -9 -9 -9 -9 -9 -9 -9 -9 -9 -10 -9 -10 -10 -10 -10 -9 -10 -10 -11 -9 -10 -9 -10 -10 0 0 0 0 0 0 0 0 0 0]"
"1769326799476624,CSI_DATA,STATION,00:00:00:00:00:00,0,0,0,0,0,0,0,0,0,0,0,0,0,0,0,0,0,0,0,0,0,128,[84 -64 4 0 0 0 0 0 0 0 0 0 7 -7 7 -7 8 -6 7 -7 8 -7 8 -7 9 -6 9 -6 9 -6 10 -6 9 -5 9 -6 9 -5 9 -5 10 -5 9 -5 9 -5 9 -4 10 -5 10 -5 9 -4 10 -5 9 -5 10 -4 10 -5 9 -5 0 0 9 -5 9 -4 10 -5 9 -6 10 -5 10 -5 10 -5 10 -5 9 -6 9 -6 10 -6 10 -6 10 -6 11 -6 10 -6 10 -7 10 -6 10 -7 11 -7 10 -7 11 -7 11 -7 11 -7 11 -7 11 -7 11 -7 0 0 0 0 0 0 0 0 0 0]"
"1769326799483241,CSI_DATA,STATION,00:00:00:00:00:00,0,0,0,0,0,0,0,0,0,0,0,0,0,0,0,0,0,0,0,0,0,128,[84 -64 4 0 0 0 0 0 0 0 0 0 -10 1 -10 0 -11 -1 -11 -1 -11 -1 -11 0 -11 -1 -11 -1 -11 -1 -11 -2 -11 -2 -11 -2 -11 -2 -11 -3 -11 -2 -11 -2 -11 -2 -11 -2 -12 -3 -11 -2 -11 -2 -11 -2 -11 -2 -12 -3 -11 -2 -11 -2 0 0 -11 -1 -11 -1 -12 -1 -11 -1 -12 -1 -12 -1 -12 -1 -12 -1 -12 0 -12 -1 -12 0 -13 -1 -13 0 -13 0 -12 0 -13 1 -13 0 -13 0 -13 1 -13 1 -13 1 -13 1 -14 1 -14 1 -13 1 -13 1 0 0 0 0 0 0 0 0 0 0]"
"1769326799489901,CSI_DATA,STATION,00:00:00:00:00:00,0,0,0,0,0,0,0,0,0,0,0,0,0,0,0,0,0,0,0,0,0,128,[84 -64 4 0 0 0 0 0 0 0 0 0 -10 -2 -10 -2 -11 -2 -11 -3 -11 -3 -11 -3 -10 -4 -10 -4 -10 -4 -11 -5 -10 -4 -10 -4 -11 -4 -11 -5 -10 -5 -10 -5 -10 -5 -10 -5 -10 -6 -10 -6 -10 -5 -10 -6 -10 -5 -10 -5 -10 -5 -10 -5 0 0 -10 -5 -11 -5 -10 -5 -10 -5 -11 -5 -11 -5 -11 -6 -11 -5 -11 -5 -12 -5 -11 -4 -12 -5 -12 -4 -12 -5 -12 -4 -12 -4 -13 -5 -12 -5 -13 -5 -12 -5 -12 -5 -13 -5 -13 -5 -13 -5 -13 -4 -13 -5 0 0 0 0 0 0 0 0 0 0]"
"1769326799494338,CSI_DATA,STATION,00:00:00:00:00:00,0,0,0,0,0,0,0,0,0,0,0,0,0,0,0,0,0,0,0,0,0,128,[84 -64 4 0 0 0 0 0 0 0 0 0 -9 5 -10 5 -9 4 -10 4 -10 4 -10 4 -10 4 -10 3 -11 3 -10 3 -11 4 -10 3 -11 2 -10 3 -11 3 -10 3 -11 2 -10 2 -11 2 -11 2 -11 2 -11 2 -10 3 -11 2 -11 3 -11 3 0 0 -10 3 -11 3 -11 3 -11 4 -12 3 -11 3 -11 3 -11 3 -11 3 -11 4 -11 4 -12 4 -11 4 -12 5 -11 4 -12 5 -12 5 -12 5 -12 5 -12 5 -12 5 -12 5 -12 5 -12 6 -12 6 -12 6 0 0 0 0 0 0 0 0 0 0]"
"1769326799498802,CSI_DATA,STATION,00:00:00:00:00:00,0,0,0,0,0,0,0,0,0,0,0,0,0,0,0,0,0,0,0,0,0,128,[84 -64 4 0 0 0 0 0 0 0 0 0 5 -9 6 -8 6 -8 7 -8 7 -8 7 -8 7 -8 7 -8 8 -7 8 -7 7 -7 8 -7 8 -7 8 -7 9 -7 8 -7 8 -7 8 -7 8 -6 8 -7 8 -6 8 -7 8 -7 8 -7 8 -7 8 -8 0 0 8 -7 8 -7 8 -7 8 -7 8 -8 8 -8 8 -7 8 -8 8 -8 8 -8 8 -9 8 -8 8 -9 8 -8 8 -9 8 -10 8 -10 8 -10 8 -10 8 -10 8 -10 8 -9 9 -10 8 -10 8 -10 8 -10 0 0 0 0 0 0 0 0 0 0]"
"1769326799505539,CSI_DATA,STATION,00:00:00:00:00:00,0,0,0,0,0,0,0,0,0,0,0,0,0,0,0,0,0,0,0,0,0,128,[84 -64 4 0 0 0 0 0 0 0 0 0 8 -4 9 -4 10 -4 9 -4 9 -3 10 -4 10 -3 10 -3 9 -3 10 -2 10 -3 10 -2 10 -2 10 -2 10 -1 9 -2 10 -1 10 -2 10 -2 11 -1 10 -1 10 -2 10 -2 11 -1 10 -2 10 -2 0 0 10 -2 10 -2 11 -2 10 -3 11 -2 11 -3 10 -3 11 -3 11 -3 10 -3 11 -3 11 -3 11 -3 11 -3 11 -4 11 -4 12 -4 12 -5 12 -4 12 -4 12 -5 12 -4 12 -4 12 -4 12 -5 12 -4 0 0 0 0 0 0 0 0 0 0]"
"1769326799510043,CSI_DATA,STATION,00:00:00:00:00:00,0,0,0,0,0,0,0,0,0,0,0,0,0,0,0,0,0,0,0,0,0,128,[84 -64 4 0 0 0 0 0 0 0 0 0 -9 9 -9 9 -9 8 -11 8 -10 8 -10 8 -11 8 -11 8 -11 7 -11 7 -11 7 -12 7 -11 7 -12 6 -12 7 -12 6 -12 6 -11 6 -12 6 -12 6 -12 6 -12 6 -11 6 -12 6 -12 6 -12 6 0 0 -12 6 -12 6 -12 6 -11 7 -12 7 -11 7 -11 7 -11 7 -11 8 -11 8 -11 8 -12 8 -12 8 -12 9 -11 8 -12 9 -11 9 -12 10 -12 10 -12 9 -12 10 -12 9 -12 9 -12 10 -12 11 -12 10 0 0 0 0 0 0 0 0 0 0]"
"1769326799514516,CSI_DATA,STATION,00:00:00:00:00:00,0,0,0,0,0,0,0,0,0,0,0,0,0,0,0,0,0,0,0,0,0,128,[84 -64 4 0 0 0 0 0 0 0 0 0 -9 6 -8 6 -9 6 -9 5 -9 5 -9 5 -10 4 -10 4 -10 4 -11 4 -10 4 -10 4 -11 3 -10 4 -11 3 -11 4 -11 3 -11 4 -10 3 -11 3 -11 2 -11 2 -11 3 -11 3 -11 4 -11 4 0 0 -10 3 -11 4 -10 4 -11 4 -10 4 -11 3 -11 4 -11 4 -10 4 -11 5 -11 6 -11 5 -11 5 -11 5 -11 5 -11 6 -11 6 -11 6 -12 6 -12 5 -12 6 -12 6 -12 6 -12 7 -12 7 -12 7 0 0 0 0 0 0 0 0 0 0]"
"1769326799521250,CSI_DATA,STATION,00:00:00:00:00:00,0,0,0,0,0,0,0,0,0,0,0,0,0,0,0,0,0,0,0,0,0,128,[84 -64 4 0 0 0 0 0 0 0 0 0 -7 7 -7 7 -8 7 -8 6 -8 7 -8 7 -8 7 -9 6 -9 6 -9 6 -9 6 -9 6 -9 5 -9 5 -10 5 -9 6 -9 5 -9 5 -10 5 -10 6 -9 5 -9 5 -10 6 -10 5 -9 5 -9 6 0 0 -9 6 -10 6 -9 6 -10 6 -9 6 -9 6 -10 6 -10 6 -9 7 -9 7 -9 7 -9 7 -10 7 -9 7 -10 8 -9 8 -9 8 -9 8 -10 9 -10 8 -10 9 -10 9 -10 9 -10 9 -10 9 -10 9 0 0 0 0 0 0 0 0 0 0]"
"1769326799525709,CSI_DATA,STATION,00:00:00:00:00:00,0,0,0,0,0,0,0,0,0,0,0,0,0,0,0,0,0,0,0,0,0,128,[84 -64 4 0 0 0 0 0 0 0 0 0 9 1 9 1 9 2 10 2 10 2 9 3 9 2 9 3 9 3 10 3 9 3 9 3 10 4 10 4 9 4 9 4 10 4 9 4 9 4 9 4 9 4 9 4 9 4 10 4 10 4 10 4 0 0 9 4 10 4 10 4 9 3 10 4 10 4 10 4 11 3 10 3 10 3 10 3 11 3 11 3 11 3 11 3 11 3 12 3 12 2 12 3 12 3 12 2 12 3 12 3 12 3 12 2 13 3 0 0 0 0 0 0 0 0 0 0]"
"1769326799530171,CSI_DATA,STATION,00:00:00:00:00:00,0,0,0,0,0,0,0,0,0,0,0,0,0,0,0,0,0,0,0,0,0,128,[84 -64 4 0 0 0 0 0 0 0 0 0 8 -6 8 -6 8 -6 8 -6 9 -5 9 -5 9 -5 9 -5 9 -5 10 -4 9 -5 9 -5 10 -4 10 -4 10 -4 10 -4 9 -4 9 -3 10 -4 10 -4 10 -3 9 -3 10 -4 10 -4 10 -4 10 -4 0 0 10 -4 10 -4 10 -4 10 -5 10 -4 10 -4 10 -4 10 -5 10 -5 10 -5 10 -5 10 -5 10 -6 10 -5 10 -6 10 -7 11 -6 11 -7 11 -6 11 -6 11 -6 11 -6 11 -7 11 -7 11 -7 11 -7 0 0 0 0 0 0 0 0 0 0]"
"1769326799536773,CSI_DATA,STATION,00:00:00:00:00:00,0,0,0,0,0,0,0,0,0,0,0,0,0,0,0,0,0,0,0,0,0,128,[84 -64 4 0 0 0 0 0 0 0 0 0 -7 7 -7 7 -8 7 -8 7 -8 6 -9 6 -8 6 -9 6 -9 6 -10 5 -9 6 -9 6 -10 6 -10 5 -10 5 -9 6 -9 5 -9 6 -9 6 -9 5 -10 5 -9 5 -10 6 -9 5 -9 5 -10 6 0 0 -10 6 -9 6 -9 7 -9 7 -9 7 -9 6 -9 7 -9 7 -9 8 -9 8 -9 8 -9 7 -9 8 -9 8 -9 9 -9 9 -9 9 -9 9 -9 9 -9 9 -9 10 -9 10 -9 9 -9 9 -10 10 -9 10 0 0 0 0 0 0 0 0 0 0]"
"1769326799541173,CSI_DATA,STATION,00:00:00:00:00:00,0,0,0,0,0,0,0,0,0,0,0,0,0,0,0,0,0,0,0,0,0,128,[84 -64 4 0 0 0 0 0 0 0 0 0 4 -15 5 -16 6 -15 6 -15 6 -15 7 -16 7 -15 7 -15 8 -15 8 -14 9 -15 8 -15 9 -14 9 -14 9 -14 9 -14 9 -13 9 -14 9 -14 9 -14 9 -13 10 -14 8 -14 9 -14 10 -14 9 -14 0 0 9 -14 8 -14 9 -15 9 -14 9 -15 9 -15 9 -14 9 -15 9 -15 8 -15 9 -16 8 -16 8 -16 8 -16 8 -16 8 -18 8 -16 8 -18 8 -18 8 -18 8 -18 8 -17 8 -18 8 -19 8 -18 8 -18 0 0 0 0 0 0 0 0 0 0]"
"1769326799545629,CSI_DATA,STATION,00:00:00:00:00:00,0,0,0,0,0,0,0,0,0,0,0,0,0,0,0,0,0,0,0,0,0,128,[84 -64 4 0 0 0 0 0 0 0 0 0 8 -2 9 -1 9 -1 9 -1 9 0 9 0 9 0 9 0 9 0 9 1 9 0 9 0 9 1 9 1 9 1 9 0 9 1 9 1 9 1 9 2 9 2 9 1 9 1 9 1 9 1 9 1 0 0 9 1 9 1 10 1 9 0 10 1 10 1 10 0 10 0 10 0 10 0 10 0 10 0 11 0 11 0 10 -1 11 -1 10 -1 11 -1 11 -1 11 -1 11 -1 11 -1 11 -1 11 -1 12 -1 11 -1 0 0 0 0 0 0 0 0 0 0]"
"1769326799552309,CSI_DATA,STATION,00:00:00:00:00:00,0,0,0,0,0,0,0,0,0,0,0,0,0,0,0,0,0,0,0,0,0,128,[84 -64 4 0 0 0 0 0 0 0 0 0 -6 -8 -7 -9 -6 -9 -6 -9 -5 -9 -5 -10 -5 -10 -5 -11 -5 -10 -5 -10 -5 -10 -5 -10 -4 -10 -4 -10 -4 -11 -4 -11 -3 -11 -4 -11 -4 -11 -4 -11 -4 -11 -4 -10 -3 -11 -3 -11 -4 -11 -4 -11 0 0 -3 -11 -4 -10 -4 -11 -4 -10 -4 -12 -4 -11 -4 -11 -4 -11 -4 -11 -4 -11 -5 -12 -5 -12 -5 -12 -5 -12 -4 -12 -5 -13 -5 -12 -5 -13 -5 -13 -5 -13 -6 -13 -5 -12 -6 -13 -5 -12 -5 -13 -6 -13 0 0 0 0 0 0 0 0 0 0]"
"1769326799556714,CSI_DATA,STATION,00:00:00:00:00:00,0,0,0,0,0,0,0,0,0,0,0,0,0,0,0,0,0,0,0,0,0,128,[84 -64 4 0 0 0 0 0 0 0 0 0 2 9 2 9 2 10 2 10 1 10 1 10 1 10 1 10 1 10 0 10 0 10 0 10 0 10 0 10 -1 10 0 11 0 10 0 10 0 10 0 10 -1 10 -1 10 0 10 0 10 0 11 0 11 0 0 0 10 1 11 1 10 1 11 1 11 1 10 1 11 1 11 1 11 1 11 1 11 2 11 2 12 2 11 2 12 2 11 3 11 3 11 2 12 3 12 2 12 3 12 3 13 3 12 3 12 3 13 0 0 0 0 0 0 0 0 0 0]"
"1769326799561197,CSI_DATA,STATION,00:00:00:00:00:00,0,0,0,0,0,0,0,0,0,0,0,0,0,0,0,0,0,0,0,0,0,128,[84 -64 4 0 0 0 0 0 0 0 0 0 8 -5 8 -5 8 -5 9 -5 9 -4 9 -5 9 -4 10 -4 9 -4 10 -3 10 -3 9 -3 10 -3 10 -3 10 -3 9 -4 10 -3 10 -3 11 -3 11 -3 10 -2 10 -2 10 -3 10 -2 10 -3 10 -3 0 0 10 -3 10 -3 10 -3 11 -3 11 -3 11 -4 11 -3 11 -3 10 -4 11 -4 10 -4 11 -4 11 -4 11 -4 11 -5 11 -5 11 -5 12 -5 12 -5 11 -5 12 -5 12 -5 12 -5 12 -5 12 -5 12 -5 0 0 0 0 0 0 0 0 0 0]"
"1769326799567776,CSI_DATA,STATION,00:00:00:00:00:00,0,0,0,0,0,0,0,0,0,0,0,0,0,0,0,0,0,0,0,0,0,128,[84 -64 4 0 0 0 0 0 0 0 0 0 -10 2 -11 2 -11 2 -11 2 -11 2 -11 1 -11 1 -11 1 -11 1 -12 0 -11 1 -11 0 -11 0 -11 0 -12 0 -11 0 -11 0 -11 0 -12 0 -11 -1 -12 0 -11 0 -11 0 -12 0 -11 0 -11 0 0 0 -11 0 -11 0 -12 1 -11 1 -12 0 -12 1 -12 1 -12 1 -12 2 -12 1 -12 2 -12 1 -12 2 -13 2 -12 2 -13 2 -13 2 -13 3 -13 2 -13 3 -13 3 -13 3 -14 2 -14 2 -13 3 -13 3 0 0 0 0 0 0 0 0 0 0]"
"1769326799572117,CSI_DATA,STATION,00:00:00:00:00:00,0,0,0,0,0,0,0,0,0,0,0,0,0,0,0,0,0,0,0,0,0,128,[84 -64 4 0 0 0 0 0 0 0 0 0 7 6 7 6 7 6 7 6 7 6 7 7 7 8 6 7 6 7 6 8 6 8 6 8 6 8 6 8 6 8 5 8 6 8 6 8 6 8 6 9 6 8 6 8 5 8 6 9 6 8 6 8 0 0 6 8 6 8 7 8 6 8 7 8 7 9 7 8 7 8 7 8 7 7 8 7 8 8 8 9 8 8 8 8 9 8 9 8 9 8 9 8 9 8 9 8 9 9 9 8 10 8 10 8 10 8 0 0 0 0 0 0 0 0 0 0]"
"1769326799576572,CSI_DATA,STATION,00:00:00:00:00:00,0,0,0,0,0,0,0,0,0,0,0,0,0,0,0,0,0,0,0,0,0,128,[84 -64 4 0 0 0 0 0 0 0 0 0 9 -3 9 -3 10 -2 10 -3 10 -2 10 -2 10 -2 11 -1 10 -1 10 -1 10 -1 10 -1 11 0 10 -1 11 -1 10 -1 10 0 10 0 11 0 11 0 10 0 10 0 10 0 10 0 10 0 10 -1 0 0 10 -1 11 -1 11 -1 11 -2 11 -1 11 -2 11 -1 11 -1 11 -3 11 -2 11 -2 12 -2 12 -2 12 -2 11 -3 12 -3 12 -3 12 -4 12 -4 12 -4 12 -3 12 -3 12 -3 13 -3 12 -4 13 -3 0 0 0 0 0 0 0 0 0 0]"
"1769326799583295,CSI_DATA,STATION,00:00:00:00:00:00,0,0,0,0,0,0,0,0,0,0,0,0,0,0,0,0,0,0,0,0,0,128,[84 -64 4 0 0 0 0 0 0 0 0 0 -14 12 -14 11 -16 10 -17 11 -16 9 -16 10 -16 10 -17 9 -17 9 -17 8 -18 8 -17 8 -18 7 -18 7 -18 7 -18 7 -18 7 -18 7 -19 6 -18 6 -18 6 -18 6 -17 6 -18 6 -18 5 -18 7 0 0 -18 7 -17 6 -18 7 -18 7 -18 7 -18 7 -18 7 -18 7 -18 8 -18 8 -18 9 -18 8 -19 8 -18 9 -18 9 -19 10 -20 9 -19 10 -19 11 -19 11 -19 11 -18 10 -19 10 -20 11 -19 11 -19 11 0 0 0 0 0 0 0 0 0 0]"
"1769326799587753,CSI_DATA,STATION,00:00:00:00:00:00,0,0,0,0,0,0,0,0,0,0,0,0,0,0,0,0,0,0,0,0,0,128,[84 -64 4 0 0 0 0 0 0 0 0 0 -9 5 -9 5 -10 5 -10 5 -10 4 -10 4 -10 4 -11 4 -10 3 -11 3 -10 4 -10 3 -11 3 -11 3 -11 3 -10 3 -11 2 -10 2 -12 2 -11 2 -12 2 -11 2 -11 2 -11 2 -11 2 -11 3 0 0 -11 3 -11 3 -11 3 -11 3 -11 2 -11 3 -11 3 -12 3 -11 3 -12 3 -11 4 -12 4 -12 4 -12 4 -12 4 -12 4 -12 4 -12 5 -12 5 -13 4 -12 5 -13 4 -13 5 -13 5 -13 5 -13 5 0 0 0 0 0 0 0 0 0 0]"
"1769326799592241,CSI_DATA,STATION,00:00:00:00:00:00,0,0,0,0,0,0,0,0,0,0,0,0,0,0,0,0,0,0,0,0,0,128,[84 -64 4 0 0 0 0 0 0 0 0 0 2 9 2 9 1 10 2 10 1 10 1 10 1 10 0 10 0 10 0 11 0 10 0 10 0 10 0 10 -1 10 -1 10 -1 10 0 11 0 10 0 10 0 10 0 10 -1 11 0 11 0 10 -1 11 0 0 -1 10 1 10 0 10 0 11 1 11 1 11 1 11 1 11 1 10 1 11 1 11 1 11 1 11 1 11 1 12 2 11 2 12 2 12 2 12 2 12 2 12 3 12 2 13 3 12 2 12 3 12 0 0 0 0 0 0 0 0 0 0]"
"1769326799596697,CSI_DATA,STATION,00:00:00:00:00:00,0,0,0,0,0,0,0,0,0,0,0,0,0,0,0,0,0,0,0,0,0,128,[84 -64 4 0 0 0 0 0 0 0 0 0 8 -4 9 -4 9 -3 10 -3 10 -3 10 -3 10 -2 10 -2 9 -2 10 -2 10 -2 10 -2 10 -1 11 -1 11 -1 10 -1 10 -1 10 -1 10 -1 11 -1 11 -1 10 0 10 -1 11 -1 10 -1 11 -2 0 0 10 -1 10 -1 11 -1 10 -2 11 -1 11 -2 11 -2 11 -1 11 -2 10 -2 11 -2 11 -1 12 -2 12 -2 12 -3 12 -3 11 -3 12 -3 12 -3 12 -3 13 -3 13 -2 13 -2 13 -2 12 -3 13 -3 0 0 0 0 0 0 0 0 0 0]"
"1769326799603405,CSI_DATA,STATION,00:00:00:00:00:00,0,0,0,0,0,0,0,0,0,0,0,0,0,0,0,0,0,0,0,0,0,128,[84 -64 4 0 0 0 0 0 0 0 0 0 11 8 11 9 11 9 11 9 11 9 10 10 9 10 10 10 9 10 10 11 9 10 9 11 9 11 9 11 9 12 8 11 8 11 8 11 8 11 9 12 8 11 9 11 8 11 9 11 8 12 8 11 0 0 9 11 9 11 10 11 9 11 10 11 10 11 10 10 10 11 10 10 10 11 11 10 11 11 11 11 11 11 12 10 12 10 12 11 12 10 13 10 12 10 12 11 13 11 13 11 14 11 13 10 13 11 0 0 0 0 0 0 0 0 0 0]"
"1769326799607862,CSI_DATA,STATION,00:00:00:00:00:00,0,0,0,0,0,0,0,0,0,0,0,0,0,0,0,0,0,0,0,0,0,128,[84 -64 4 0 0 0 0 0 0 0 0 0 -10 2 -10 2 -11 1 -11 1 -11 1 -11 1 -11 1 -11 0 -11 0 -12 0 -11 0 -11 0 -11 -1 -11 0 -11 -1 -11 0 -11 -1 -11 -1 -11 -1 -11 -1 -11 -2 -11 -1 -11 -1 -11 -1 -11 -1 -11 0 0 0 -11 0 -11 0 -11 0 -11 1 -12 0 -12 0 -12 0 -12 0 -12 0 -12 1 -12 1 -12 1 -12 1 -12 1 -13 2 -12 2 -13 1 -13 2 -13 2 -13 2 -13 1 -13 2 -14 2 -13 2 -14 2 -13 2 0 0 0 0 0 0 0 0 0 0]"
"1769326799612314,CSI_DATA,STATION,00:00:00:00:00:00,0,0,0,0,0,0,0,0,0,0,0,0,0,0,0,0,0,0,0,0,0,128,[84 -64 4 0 0 0 0 0 0 0 0 0 12 7 11 7 11 7 12 8 12 8 12 9 11 9 11 9 11 9 10 9 11 10 11 9 11 9 10 10 10 10 10 10 10 10 10 10 11 10 10 11 10 10 10 10 9 10 10 10 10 10 10 10 0 0 10 10 10 9 11 10 10 9 11 10 11 10 12 9 11 10 12 9 12 8 12 8 12 10 12 9 13 9 12 9 14 9 13 9 14 8 14 8 14 8 14 8 15 9 14 9 14 9 15 8 15 8 0 0 0 0 0 0 0 0 0 0]"
"1769326799619024,CSI_DATA,STATION,00:00:00:00:00:00,0,0,0,0,0,0,0,0,0,0,0,0,0,0,0,0,0,0,0,0,0,128,[84 -64 4 0 0 0 0 0 0 0 0 0 -4 9 -5 8 -5 8 -6 9 -6 8 -6 9 -7 9 -7 8 -7 8 -7 8 -7 8 -7 8 -7 8 -7 7 -8 7 -8 8 -8 8 -8 7 -8 7 -8 6 -8 7 -9 7 -8 7 -8 8 -8 7 -8 8 0 0 -8 8 -8 7 -8 8 -8 8 -8 8 -8 7 -8 7 -8 8 -8 8 -8 9 -7 9 -8 9 -8 9 -8 10 -8 9 -8 10 -8 9 -8 10 -8 10 -9 10 -9 10 -9 10 -8 10 -8 10 -9 11 -9 11 0 0 0 0 0 0 0 0 0 0]"
"1769326799623484,CSI_DATA,STATION,00:00:00:00:00:00,0,0,0,0,0,0,0,0,0,0,0,0,0,0,0,0,0,0,0,0,0,128,[84 -64 4 0 0 0 0 0 0 0 0 0 2 -10 3 -11 3 -10 3 -10 3 -10 4 -10 4 -10 4 -10 4 -10 5 -9 4 -10 5 -10 5 -10 5 -9 5 -10 5 -10 5 -10 5 -10 5 -10 5 -9 5 -10 5 -10 5 -10 5 -10 5 -10 5 -10 0 0 5 -10 5 -10 5 -10 5 -10 5 -11 4 -11 4 -10 5 -11 4 -11 4 -12 4 -11 4 -11 4 -11 4 -12 4 -12 4 -12 3 -13 4 -13 4 -12 4 -13 4 -13 4 -12 4 -13 4 -13 4 -13 4 -14 0 0 0 0 0 0 0 0 0 0]"
"1769326799627973,CSI_DATA,STATION,00:00:00:00:00:00,0,0,0,0,0,0,0,0,0,0,0,0,0,0,0,0,0,0,0,0,0,128,[84 -64 4 0 0 0 0 0 0 0 0 0 10 0 10 1 9 1 10 1 10 2 10 2 10 2 10 2 9 3 10 3 10 3 9 3 10 3 10 3 10 3 9 3 10 4 10 3 10 3 10 4 10 4 10 4 10 3 10 4 10 3 10 3 0 0 10 3 10 3 10 3 10 3 10 3 10 3 10 2 10 3 10 2 11 2 11 2 11 2 12 2 12 2 11 2 12 2 12 1 12 1 12 2 12 2 12 2 13 2 13 2 13 2 13 1 13 1 0 0 0 0 0 0 0 0 0 0]"
"1769326799632377,CSI_DATA,STATION,00:00:00:00:00:00,0,0,0,0,0,0,0,0,0,0,0,0,0,0,0,0,0,0,0,0,0,128,[84 -64 4 0 0 0 0 0 0 0 0 0 5 8 5 9 5 8 5 9 5 9 4 9 4 9 4 9 4 9 3 10 4 9 3 9 3 9 4 9 4 10 3 10 3 10 3 9 3 10 4 10 3 10 3 9 3 9 4 9 3 10 4 10 0 0 4 10 4 9 5 10 4 9 5 10 5 10 5 9 5 10 5 9 5 9 5 9 6 10 6 10 6 10 6 10 7 10 7 9 7 10 7 10 7 10 7 10 7 10 8 10 8 10 8 10 8 10 0 0 0 0 0 0 0 0 0 0]"
"1769326799639027,CSI_DATA,STATION,00:00:00:00:00:00,0,0,0,0,0,0,0,0,0,0,0,0,0,0,0,0,0,0,0,0,0,128,[84 -64 4 0 0 0 0 0 0 0 0 0 -8 5 -8 6 -9 5 -10 5 -10 4 -10 5 -9 4 -10 4 -10 4 -10 4 -10 4 -10 4 -10 3 -11 3 -11 4 -10 4 -10 3 -10 3 -11 3 -11 2 -11 3 -11 3 -11 3 -11 3 -11 3 -11 4 0 0 -11 4 -11 3 -11 4 -11 4 -11 4 -12 4 -11 4 -11 4 -11 4 -11 5 -11 5 -11 5 -11 5 -12 5 -11 5 -11 6 -11 5 -12 6 -12 6 -12 6 -12 6 -12 6 -12 6 -12 7 -12 7 -12 7 0 0 0 0 0 0 0 0 0 0]"
"1769326799643368,CSI_DATA,STATION,00:00:00:00:00:00,0,0,0,0,0,0,0,0,0,0,0,0,0,0,0,0,0,0,0,0,0,128,[84 -64 4 0 0 0 0 0 0 0 0 0 -4 -10 -3 -10 -3 -11 -3 -10 -3 -11 -2 -11 -2 -11 -2 -11 -2 -11 -2 -11 -1 -12 -2 -11 -1 -11 -1 -11 -1 -11 -1 -11 -1 -11 -1 -11 -1 -11 -1 -11 -1 -11 -1 -11 -1 -12 -1 -11 -2 -11 -1 -12 0 0 -2 -11 -2 -11 -2 -11 -2 -12 -2 -11 -3 -12 -3 -11 -3 -12 -3 -12 -3 -12 -3 -12 -3 -12 -4 -12 -4 -12 -4 -13 -4 -12 -4 -13 -4 -13 -4 -13 -5 -13 -4 -13 -5 -12 -5 -14 -5 -13 -5 -13 -5 -13 0 0 0 0 0 0 0 0 0 0]"
"1769326799650074,CSI_DATA,STATION,00:00:00:00:00:00,0,0,0,0,0,0,0,0,0,0,0,0,0,0,0,0,0,0,0,0,0,128,[84 -64 4 0 0 0 0 0 0 0 0 0 -1 -15 0 -15 1 -14 2 -15 1 -16 1 -15 2 -16 2 -15 3 -15 2 -15 4 -15 4 -15 3 -14 3 -15 4 -15 4 -15 4 -15 4 -15 4 -15 4 -14 4 -14 4 -15 5 -15 4 -15 5 -16 3 -14 0 0 4 -14 4 -14 4 -15 3 -15 4 -15 3 -16 3 -15 2 -15 3 -16 3 -16 3 -16 3 -16 3 -16 2 -17 2 -17 2 -17 2 -18 2 -17 2 -17 2 -17 2 -18 1 -18 1 -18 1 -19 2 -18 2 -18 0 0 0 0 0 0 0 0 0 0]"
"1769326799661111,CSI_DATA,STATION,00:00:00:00:00:00,0,0,0,0,0,0,0,0,0,0,0,0,0,0,0,0,0,0,0,0,0,128,[84 -64 4 0 0 0 0 0 0 0 0 0 11 -1 11 0 11 0 11 1 12 1 11 1 11 1 11 2 10 1 11 3 12 2 10 2 11 2 11 2 11 3 11 3 11 2 11 2 11 3 11 3 11 3 11 3 11 4 11 3 11 3 11 3 0 0 11 3 11 2 11 2 11 2 12 2 12 2 11 2 12 2 11 2 12 2 12 1 12 2 12 2 12 2 12 1 13 1 13 1 13 1 13 1 13 1 13 1 14 1 14 2 13 1 14 1 13 1 0 0 0 0 0 0 0 0 0 0]"
"1769326799665540,CSI_DATA,STATION,00:00:00:00:00:00,0,0,0,0,0,0,0,0,0,0,0,0,0,0,0,0,0,0,0,0,0,128,[84 -64 4 0 0 0 0 0 0 0 0 0 6 -9 6 -9 6 -10 7 -9 7 -8 7 -9 8 -9 8 -8 8 -8 9 -8 8 -9 8 -8 9 -8 9 -8 9 -8 8 -8 9 -8 9 -8 9 -8 10 -8 9 -7 9 -7 9 -7 9 -7 9 -8 9 -8 0 0 9 -8 9 -8 9 -8 8 -8 9 -8 9 -8 9 -8 9 -9 8 -9 8 -9 8 -9 9 -9 8 -10 9 -9 9 -9 9 -10 8 -10 9 -11 9 -10 9 -10 9 -11 9 -10 9 -10 9 -11 9 -11 9 -10 0 0 0 0 0 0 0 0 0 0]"
"1769326799672269,CSI_DATA,STATION,00:00:00:00:00:00,0,0,0,0,0,0,0,0,0,0,0,0,0,0,0,0,0,0,0,0,0,128,[84 -64 4 0 0 0 0 0 0 0 0 0 -8 7 -9 7 -9 7 -9 7 -9 6 -10 7 -10 7 -10 6 -10 6 -10 6 -10 6 -10 5 -11 6 -10 5 -11 5 -11 6 -11 6 -11 5 -11 5 -11 5 -11 4 -11 5 -11 5 -11 5 -11 4 -11 5 0 0 -10 6 -10 5 -10 6 -11 6 -11 6 -11 6 -11 6 -11 6 -10 6 -10 7 -11 7 -11 6 -10 7 -10 7 -11 8 -11 8 -11 8 -11 8 -11 8 -11 8 -11 9 -11 8 -11 8 -11 9 -11 8 -11 9 0 0 0 0 0 0 0 0 0 0]"
"1769326799676733,CSI_DATA,STATION,00:00:00:00:00:00,0,0,0,0,0,0,0,0,0,0,0,0,0,0,0,0,0,0,0,0,0,128,[84 -64 4 0 0 0 0 0 0 0 0 0 -3 -11 -3 -11 -3 -12 -2 -11 -3 -13 -2 -12 -1 -12 -1 -12 -2 -11 -1 -12 -1 -12 0 -12 -1 -12 0 -12 0 -11 0 -12 1 -12 0 -12 0 -12 0 -12 0 -12 0 -12 0 -12 0 -12 0 -12 0 -12 0 0 -1 -12 0 -12 -1 -12 -1 -12 -1 -12 -1 -12 -1 -12 -1 -13 -1 -12 -1 -13 -2 -13 -2 -13 -2 -13 -2 -13 -2 -14 -2 -13 -2 -14 -2 -14 -3 -14 -3 -14 -2 -14 -3 -14 -3 -14 -3 -14 -3 -14 -3 -14 0 0 0 0 0 0 0 0 0 0]"
"1769326799683440,CSI_DATA,STATION,00:00:00:00:00:00,0,0,0,0,0,0,0,0,0,0,0,0,0,0,0,0,0,0,0,0,0,128,[84 -64 4 0 0 0 0 0 0 0 0 0 -8 -8 -8 -9 -8 -9 -8 -9 -8 -10 -7 -9 -7 -9 -7 -10 -7 -10 -7 -11 -6 -10 -6 -10 -6 -11 -6 -11 -6 -11 -6 -11 -6 -10 -6 -11 -6 -10 -6 -11 -6 -11 -6 -11 -6 -11 -6 -11 -6 -11 -6 -11 0 0 -6 -11 -6 -11 -7 -10 -6 -11 -7 -10 -7 -11 -7 -11 -7 -11 -7 -11 -8 -11 -8 -10 -8 -11 -8 -11 -8 -11 -8 -11 -8 -11 -9 -11 -8 -11 -9 -11 -9 -11 -9 -11 -9 -11 -9 -12 -10 -11 -10 -12 -9 -11 0 0 0 0 0 0 0 0 0 0]"
"1769326799687918,CSI_DATA,STATION,00:00:00:00:00:00,0,0,0,0,0,0,0,0,0,0,0,0,0,0,0,0,0,0,0,0,0,128,[84 -64 4 0 0 0 0 0 0 0 0 0 -6 -10 -6 -10 -6 -10 -6 -10 -6 -11 -5 -11 -5 -11 -5 -11 -5 -11 -5 -12 -5 -11 -4 -11 -5 -11 -4 -11 -4 -11 -4 -11 -4 -12 -4 -12 -4 -12 -4 -12 -3 -12 -4 -12 -3 -12 -4 -11 -4 -12 -4 -11 0 0 -4 -12 -4 -12 -4 -12 -4 -12 -4 -12 -4 -12 -5 -12 -5 -12 -4 -12 -5 -12 -5 -12 -5 -12 -6 -12 -6 -12 -5 -13 -6 -12 -6 -13 -6 -13 -6 -13 -6 -13 -6 -13 -6 -13 -6 -13 -7 -13 -6 -13 -6 -13 0 0 0 0 0 0 0 0 0 0]"
"1769326799692376,CSI_DATA,STATION,00:00:00:00:00:00,0,0,0,0,0,0,0,0,0,0,0,0,0,0,0,0,0,0,0,0,0,128,[84 -64 4 0 0 0 0 0 0 0 0 0 -10 1 -10 1 -11 1 -10 0 -11 0 -11 0 -11 -1 -11 -1 -10 -1 -11 -2 -11 -1 -11 -1 -11 -2 -11 -2 -11 -3 -10 -2 -11 -2 -11 -3 -11 -3 -11 -3 -11 -2 -11 -3 -11 -2 -11 -3 -11 -2 -11 -2 0 0 -11 -2 -11 -2 -11 -2 -11 -1 -12 -2 -12 -2 -11 -1 -12 -2 -11 -1 -12 -1 -12 -1 -12 -1 -12 -1 -13 -1 -12 -1 -13 -1 -13 -1 -13 -1 -13 0 -13 0 -13 0 -13 -1 -13 -1 -14 -1 -14 0 -14 0 0 0 0 0 0 0 0 0 0 0]"
"1769326799699058,CSI_DATA,STATION,00:00:00:00:00:00,0,0,0,0,0,0,0,0,0,0,0,0,0,0,0,0,0,0,0,0,0,128,[84 -64 4 0 0 0 0 0 0 0 0 0 5 -9 5 -9 5 -9 6 -9 6 -9 6 -9 6 -8 6 -9 6 -8 6 -8 7 -8 7 -8 7 -8 7 -8 8 -8 7 -7 7 -8 7 -8 7 -7 7 -8 7 -7 8 -8 7 -8 7 -8 8 -8 8 -8 0 0 7 -8 7 -8 7 -8 7 -8 7 -8 7 -8 7 -8 7 -9 7 -9 7 -9 7 -9 7 -9 7 -9 7 -9 7 -10 7 -10 7 -10 7 -11 7 -11 7 -11 7 -11 7 -10 7 -10 7 -11 7 -11 8 -11 0 0 0 0 0 0 0 0 0 0]"
"1769326799703534,CSI_DATA,STATION,00:00:00:00:00:00,0,0,0,0,0,0,0,0,0,0,0,0,0,0,0,0,0,0,0,0,0,128,[84 -64 4 0 0 0 0 0 0 0 0 0 -4 -10 -4 -10 -3 -10 -4 -10 -3 -11 -3 -11 -3 -10 -2 -11 -2 -11 -2 -11 -2 -11 -2 -11 -2 -11 -1 -11 -1 -11 -1 -11 -1 -11 -1 -11 -1 -11 -2 -11 -2 -11 -2 -11 -1 -12 -2 -11 -2 -11 -2 -11 0 0 -2 -11 -2 -11 -2 -11 -3 -12 -2 -11 -3 -12 -2 -12 -3 -12 -3 -11 -3 -12 -3 -12 -3 -12 -4 -12 -3 -12 -3 -13 -4 -12 -4 -13 -4 -12 -4 -13 -4 -13 -4 -13 -4 -13 -4 -14 -4 -13 -4 -14 -4 -13 0 0 0 0 0 0 0 0 0 0]"
"1769326799708030,CSI_DATA,STATION,00:00:00:00:00:00,0,0,0,0,0,0,0,0,0,0,0,0,0,0,0,0,0,0,0,0,0,128,[84 -64 4 0 0 0 0 0 0 0 0 0 -3 -11 -2 -12 -2 -12 -1 -11 -1 -12 -1 -12 -1 -12 -1 -12 -1 -12 0 -13 0 -12 0 -12 0 -12 0 -12 0 -12 0 -12 1 -12 1 -12 1 -12 1 -12 0 -12 0 -12 1 -12 1 -12 0 -12 0 -12 0 0 0 -12 0 -12 0 -11 -1 -13 0 -12 -1 -12 -1 -12 -1 -12 -1 -12 -1 -13 -1 -13 -1 -13 -1 -13 -1 -13 -2 -14 -2 -13 -3 -14 -2 -14 -2 -14 -3 -14 -2 -14 -3 -14 -3 -14 -2 -14 -3 -15 -2 -14 0 0 0 0 0 0 0 0 0 0]"
"1769326799714736,CSI_DATA,STATION,00:00:00:00:00:00,0,0,0,0,0,0,0,0,0,0,0,0,0,0,0,0,0,0,0,0,0,128,[84 -64 4 0 0 0 0 0 0 0 0 0 -11 3 -11 4 -11 2 -11 2 -11 1 -12 1 -12 1 -12 1 -12 0 -12 1 -12 0 -12 0 -12 0 -12 0 -12 -1 -12 0 -12 -1 -12 0 -13 -1 -12 -1 -12 -1 -12 -1 -12 -1 -12 -1 -12 -1 -12 0 0 0 -12 0 -13 0 -12 0 -12 0 -13 0 -12 0 -12 0 -13 0 -13 0 -13 0 -13 1 -14 1 -13 1 -14 1 -13 1 -13 1 -14 0 -14 1 -14 1 -14 1 -14 1 -14 1 -14 1 -14 1 -14 2 -15 2 0 0 0 0 0 0 0 0 0 0]"
"1769326799719277,CSI_DATA,STATION,00:00:00:00:00:00,0,0,0,0,0,0,0,0,0,0,0,0,0,0,0,0,0,0,0,0,0,128,[84 -64 4 0 0 0 0 0 0 0 0 0 10 0 11 0 11 0 11 0 11 1 11 2 11 2 11 2 11 2 11 3 10 3 11 3 11 3 11 3 10 4 10 3 11 4 10 3 11 3 10 4 10 4 11 4 10 4 11 4 10 4 10 4 0 0 10 4 10 4 11 4 11 3 11 4 11 4 11 3 12 3 11 3 11 3 11 3 12 3 12 3 12 3 12 3 12 3 13 2 13 2 12 3 13 2 13 3 13 3 13 3 13 3 13 3 13 3 0 0 0 0 0 0 0 0 0 0]"
"1769326799723754,CSI_DATA,STATION,00:00:00:00:00:00,0,0,0,0,0,0,0,0,0,0,0,0,0,0,0,0,0,0,0,0,0,128,[84 -64 4 0 0 0 0 0 0 0 0 0 10 3 10 3 10 3 10 4 10 4 10 4 10 5 10 5 10 5 10 6 10 5 9 6 10 6 9 6 9 6 9 6 9 6 9 6 9 6 9 7 9 6 9 6 9 6 10 6 9 6 9 6 0 0 9 6 10 6 10 5 9 5 10 6 10 6 11 5 10 6 10 5 10 5 10 5 11 5 11 5 12 5 11 5 12 4 13 5 12 5 12 5 12 4 12 5 12 5 12 5 13 4 13 4 13 5 0 0 0 0 0 0 0 0 0 0]"
"1769326799728244,CSI_DATA,STATION,00:00:00:00:00:00,0,0,0,0,0,0,0,0,0,0,0,0,0,0,0,0,0,0,0,0,0,128,[84 -64 4 0 0 0 0 0 0 0 0 0 -9 2 -9 2 -9 2 -10 2 -9 1 -10 2 -10 1 -10 1 -10 1 -10 0 -10 1 -10 1 -10 0 -10 0 -10 0 -10 0 -10 0 -10 0 -11 -1 -10 0 -10 -1 -10 0 -10 0 -10 0 -10 0 -10 1 0 0 -10 1 -10 1 -10 0 -10 1 -11 1 -11 1 -11 1 -11 1 -10 1 -11 1 -11 1 -11 2 -11 1 -12 2 -11 2 -11 2 -11 1 -12 2 -11 2 -12 2 -12 3 -12 2 -12 2 -12 2 -12 2 -12 2 0 0 0 0 0 0 0 0 0 0]"
"1769326799734908,CSI_DATA,STATION,00:00:00:00:00:00,0,0,0,0,0,0,0,0,0,0,0,0,0,0,0,0,0,0,0,0,0,128,[84 -64 4 0 0 0 0 0 0 0 0 0 9 1 9 2 10 2 9 2 10 3 9 3 9 3 9 4 9 3 9 4 9 4 9 4 10 4 9 4 9 5 9 4 8 4 9 4 9 5 9 5 9 5 9 5 9 5 10 5 9 5 9 4 0 0 9 4 9 5 9 4 9 5 9 5 9 5 10 4 10 5 10 4 10 5 10 4 10 4 11 4 10 4 11 4 11 4 12 4 11 4 11 4 12 4 11 4 11 4 12 5 12 4 12 4 12 4 0 0 0 0 0 0 0 0 0 0]"
"1769326799739240,CSI_DATA,STATION,00:00:00:00:00:00,0,0,0,0,0,0,0,0,0,0,0,0,0,0,0,0,0,0,0,0,0,128,[84 -64 4 0 0 0 0 0 0 0 0 0 8 5 8 6 8 7 8 7 8 7 8 7 7 7 7 8 7 8 8 8 7 8 7 8 7 8 7 8 7 9 7 9 7 9 7 8 7 8 7 9 7 9 7 9 6 9 7 8 7 9 7 9 0 0 7 9 8 8 7 8 7 8 8 8 8 9 8 9 8 8 8 8 8 8 8 8 9 8 9 8 9 8 9 8 10 8 10 8 10 8 10 8 10 8 10 8 10 8 10 8 10 7 10 8 10 8 0 0 0 0 0 0 0 0 0 0]"
"1769326799745743,CSI_DATA,STATION,00:00:00:00:00:00,0,0,0,0,0,0,0,0,0,0,0,0,0,0,0,0,0,0,0,0,0,128,[84 -64 4 0 0 0 0 0 0 0 0 0 -10 1 -10 0 -10 0 -11 0 -11 -1 -11 0 -10 -1 -11 -1 -10 -2 -11 -2 -11 -1 -11 -2 -11 -2 -11 -2 -11 -3 -10 -2 -11 -2 -11 -2 -11 -3 -11 -3 -11 -3 -11 -3 -11 -3 -11 -3 -11 -2 -11 -2 0 0 -11 -3 -11 -2 -11 -2 -11 -2 -12 -2 -11 -3 -12 -2 -12 -3 -11 -2 -12 -2 -12 -2 -12 -2 -12 -1 -12 -2 -12 -1 -13 -2 -13 -1 -13 -2 -13 -2 -13 -2 -13 -2 -14 -2 -14 -2 -14 -1 -13 -1 -14 -1 0 0 0 0 0 0 0 0 0 0]"
"1769326799750042,CSI_DATA,STATION,00:00:00:00:00:00,0,0,0,0,0,0,0,0,0,0,0,0,0,0,0,0,0,0,0,0,0,128,[84 -64 4 0 0 0 0 0 0 0 0 0 10 -4 10 -4 11 -4 10 -3 11 -3 10 -3 11 -2 11 -2 11 -2 12 -1 11 -2 11 -2 12 -1 12 -1 11 -1 11 -1 11 -1 12 -1 12 -1 12 0 12 -1 12 0 11 -1 12 -1 11 -1 11 -1 0 0 12 -1 11 -1 11 -1 11 -1 11 -1 12 -1 12 -1 12 -1 12 -1 12 -2 12 -2 12 -2 12 -2 13 -2 13 -2 12 -2 13 -2 13 -2 13 -3 12 -3 13 -2 13 -2 14 -2 14 -2 14 -3 14 -3 0 0 0 0 0 0 0 0 0 0]"
"1769326799754379,CSI_DATA,STATION,00:00:00:00:00:00,0,0,0,0,0,0,0,0,0,0,0,0,0,0,0,0,0,0,0,0,0,128,[84 -64 4 0 0 0 0 0 0 0 0 0 -13 -14 -12 -14 -13 -15 -12 -15 -12 -16 -11 -15 -11 -16 -11 -16 -10 -16 -10 -17 -10 -18 -9 -17 -10 -18 -9 -17 -9 -17 -9 -17 -9 -17 -9 -17 -9 -18 -9 -17 -9 -17 -9 -18 -8 -17 -9 -18 -9 -17 -8 -17 0 0 -9 -17 -10 -17 -10 -17 -10 -17 -10 -17 -10 -18 -10 -17 -11 -18 -11 -17 -11 -17 -12 -17 -12 -17 -11 -17 -12 -17 -13 -17 -13 -17 -14 -19 -13 -17 -13 -17 -13 -17 -14 -18 -14 -17 -14 -18 -15 -19 -14 -18 -14 -18 0 0 0 0 0 0 0 0 0 0]"
"1769326799760852,CSI_DATA,STATION,00:00:00:00:00:00,0,0,0,0,0,0,0,0,0,0,0,0,0,0,0,0,0,0,0,0,0,128,[84 -64 4 0 0 0 0 0 0 0 0 0 7 8 7 8 7 9 6 9 6 9 5 9 5 9 6 10 5 10 6 10 5 9 5 10 5 10 4 10 4 10 5 10 4 10 4 10 4 10 4 11 4 10 4 10 4 10 4 10 4 10 4 10 0 0 4 10 5 10 5 10 5 10 5 10 5 11 5 11 5 11 5 9 6 11 6 10 6 11 6 11 6 10 6 11 7 10 7 11 7 10 7 10 7 11 7 11 7 11 8 11 8 11 8 11 8 11 0 0 0 0 0 0 0 0 0 0]"
"1769326799765155,CSI_DATA,STATION,00:00:00:00:00:00,0,0,0,0,0,0,0,0,0,0,0,0,0,0,0,0,0,0,0,0,0,128,[84 -64 4 0 0 0 0 0 0 0 0 0 3 9 3 9 3 9 2 9 2 9 2 10 2 10 1 10 1 10 1 10 1 10 1 10 1 10 1 10 1 10 1 10 1 10 0 10 1 10 1 10 0 10 0 10 0 10 0 10 1 10 1 10 0 0 1 10 1 10 2 10 1 10 2 11 2 10 2 10 2 10 2 10 2 11 2 11 2 11 3 11 3 11 3 12 3 11 3 11 3 11 3 12 4 12 4 12 4 12 3 12 4 12 4 12 3 12 0 0 0 0 0 0 0 0 0 0]"
"1769326799769623,CSI_DATA,STATION,00:00:00:00:00:00,0,0,0,0,0,0,0,0,0,0,0,0,0,0,0,0,0,0,0,0,0,128,[84 -64 4 0 0 0 0 0 0 0 0 0 -8 6 -8 6 -9 6 -9 5 -9 6 -9 5 -9 5 -9 5 -9 5 -10 5 -10 5 -10 4 -10 4 -10 4 -10 4 -10 4 -10 4 -10 3 -10 4 -10 4 -10 3 -10 3 -10 4 -10 4 -10 4 -10 4 0 0 -10 4 -10 4 -10 4 -10 4 -11 4 -10 5 -10 4 -11 4 -10 5 -11 5 -11 5 -11 5 -11 5 -11 5 -11 6 -11 6 -11 6 -11 6 -11 6 -12 6 -12 6 -12 6 -12 6 -12 6 -12 6 -12 6 0 0 0 0 0 0 0 0 0 0]"
"1769326799776307,CSI_DATA,STATION,00:00:00:00:00:00,0,0,0,0,0,0,0,0,0,0,0,0,0,0,0,0,0,0,0,0,0,128,[84 -64 4 0 0 0 0 0 0 0 0 0 -12 -4 -13 -5 -12 -5 -13 -6 -12 -7 -12 -7 -12 -7 -11 -7 -11 -8 -11 -7 -11 -8 -11 -8 -12 -8 -11 -8 -11 -8 -11 -8 -11 -9 -11 -8 -11 -8 -11 -9 -11 -9 -11 -9 -10 -8 -11 -9 -11 -9 -11 -8 0 0 -11 -8 -11 -8 -12 -8 -11 -7 -12 -8 -12 -8 -12 -8 -13 -8 -12 -8 -12 -7 -13 -7 -13 -8 -13 -8 -14 -8 -13 -7 -14 -7 -14 -7 -14 -8 -14 -7 -14 -7 -14 -7 -15 -7 -15 -8 -15 -8 -14 -7 -15 -7 0 0 0 0 0 0 0 0 0 0]"
"1769326799780712,CSI_DATA,STATION,00:00:00:00:00:00,0,0,0,0,0,0,0,0,0,0,0,0,0,0,0,0,0,0,0,0,0,128,[84 -64 4 0 0 0 0 0 0 0 0 0 5 9 5 9 4 9 5 9 5 10 4 10 4 10 3 11 3 10 3 11 3 10 3 10 3 11 3 11 3 11 2 11 2 11 1 11 2 11 2 11 2 11 2 11 2 11 2 11 3 11 2 11 0 0 2 11 3 11 3 11 3 11 3 11 3 11 3 11 3 11 3 11 3 12 4 11 4 12 4 12 4 11 4 12 4 12 4 12 5 12 5 12 4 12 5 12 5 12 5 12 5 12 5 13 5 12 0 0 0 0 0 0 0 0 0 0]"
"1769326799787424,CSI_DATA,STATION,00:00:00:00:00:00,0,0,0,0,0,0,0,0,0,0,0,0,0,0,0,0,0,0,0,0,0,128,[84 -64 4 0 0 0 0 0 0 0 0 0 -9 7 -9 7 -9 7 -10 6 -10 6 -10 6 -10 6 -10 5 -10 5 -11 5 -11 5 -10 6 -11 5 -10 5 -11 4 -11 5 -11 5 -11 4 -11 4 -11 5 -11 4 -11 4 -11 4 -11 5 -11 5 -11 5 0 0 -11 5 -11 5 -11 5 -11 5 -11 5 -11 6 -11 5 -11 6 -11 6 -11 6 -11 7 -11 6 -11 6 -11 7 -11 7 -11 7 -11 7 -12 7 -11 8 -12 8 -11 8 -12 7 -12 7 -11 7 -12 8 -12 8 0 0 0 0 0 0 0 0 0 0]"
"1769326799791887,CSI_DATA,STATION,00:00:00:00:00:00,0,0,0,0,0,0,0,0,0,0,0,0,0,0,0,0,0,0,0,0,0,128,[84 -64 4 0 0 0 0 0 0 0 0 0 7 -8 7 -9 7 -8 8 -8 8 -8 8 -8 8 -8 9 -8 9 -7 9 -7 9 -7 9 -7 9 -7 9 -6 10 -6 9 -7 10 -7 9 -6 10 -6 10 -7 10 -6 10 -6 9 -6 10 -6 10 -6 9 -7 0 0 10 -7 10 -6 9 -7 9 -7 9 -7 10 -7 10 -7 9 -8 9 -8 9 -8 10 -8 10 -8 10 -8 10 -8 10 -9 10 -9 10 -9 10 -9 10 -9 10 -10 10 -9 10 -9 10 -9 10 -10 10 -10 10 -10 0 0 0 0 0 0 0 0 0 0]"
"1769326799796356,CSI_DATA,STATION,00:00:00:00:00:00,0,0,0,0,0,0,0,0,0,0,0,0,0,0,0,0,0,0,0,0,0,128,[84 -64 4 0 0 0 0 0 0 0 0 0 -4 11 -4 11 -5 12 -5 12 -5 11 -5 12 -6 11 -7 11 -6 11 -7 11 -6 11 -7 11 -8 11 -7 10 -8 10 -8 11 -8 11 -8 11 -8 10 -8 10 -8 10 -8 10 -8 11 -8 11 -8 10 -8 11 0 0 -8 11 -7 11 -7 11 -7 11 -8 12 -7 11 -7 11 -7 11 -7 12 -7 12 -7 12 -6 12 -7 12 -7 12 -7 13 -7 13 -6 14 -7 13 -6 14 -7 14 -7 14 -7 13 -7 14 -6 14 -7 14 -7 14 0 0 0 0 0 0 0 0 0 0]"
"1769326799800827,CSI_DATA,STATION,00:00:00:00:00:00,0,0,0,0,0,0,0,0,0,0,0,0,0,0,0,0,0,0,0,0,0,128,[84 -64 4 0 0 0 0 0 0 0 0 0 2 10 2 10 2 10 2 11 1 11 1 11 1 11 1 11 1 11 1 11 0 11 0 11 0 12 0 11 0 10 0 11 0 11 0 12 0 12 0 11 -1 11 -1 11 0 11 0 11 -1 11 0 11 0 0 0 11 0 10 0 11 0 11 0 12 1 11 1 11 0 11 1 12 0 12 1 12 1 12 1 12 1 11 1 12 1 13 2 13 2 13 2 13 2 13 2 13 2 12 2 13 2 13 2 14 2 13 0 0 0 0 0 0 0 0 0 0]"
"1769326799807496,CSI_DATA,STATION,00:00:00:00:00:00,0,0,0,0,0,0,0,0,0,0,0,0,0,0,0,0,0,0,0,0,0,128,[84 -64 4 0 0 0 0 0 0 0 0 0 7 8 7 8 7 8 6 8 7 8 7 9 7 9 6 9 5 9 6 10 5 9 6 10 5 9 6 9 6 9 5 10 4 10 5 10 5 10 5 11 5 10 5 10 5 10 5 10 5 10 5 10 0 0 5 10 5 10 6 10 5 10 6 10 6 10 6 10 6 10 6 9 7 10 6 10 7 10 7 10 7 10 7 11 7 10 8 10 7 10 8 10 7 10 8 11 8 10 8 11 8 10 8 10 8 11 0 0 0 0 0 0 0 0 0 0]"
"1769326799811994,CSI_DATA,STATION,00:00:00:00:00:00,0,0,0,0,0,0,0,0,0,0,0,0,0,0,0,0,0,0,0,0,0,128,[84 -64 4 0 0 0 0 0 0 0 0 0 5 -9 7 -9 7 -9 7 -9 7 -9 7 -8 8 -8 8 -8 8 -8 8 -8 8 -8 9 -8 9 -8 9 -7 9 -7 9 -7 9 -7 9 -7 9 -7 9 -7 9 -7 9 -7 9 -7 9 -7 9 -7 9 -8 0 0 9 -8 9 -7 9 -7 9 -7 9 -8 9 -8 9 -8 9 -8 9 -8 8 -9 8 -9 9 -9 9 -9 9 -9 9 -9 9 -10 9 -10 9 -10 9 -10 9 -10 9 -10 10 -10 9 -10 9 -10 9 -11 9 -11 0 0 0 0 0 0 0 0 0 0]"
"1769326799823043,CSI_DATA,STATION,00:00:00:00:00:00,0,0,0,0,0,0,0,0,0,0,0,0,0,0,0,0,0,0,0,0,0,128,[84 -64 4 0 0 0 0 0 0 0 0 0 -10 -5 -11 -5 -10 -6 -11 -6 -10 -6 -10 -7 -10 -6 -10 -7 -9 -8 -10 -7 -10 -7 -9 -7 -10 -7 -9 -8 -10 -8 -9 -8 -10 -8 -10 -8 -10 -8 -9 -8 -9 -8 -9 -9 -9 -8 -10 -8 -9 -8 -9 -8 0 0 -10 -8 -10 -8 -10 -8 -9 -8 -10 -8 -10 -8 -10 -8 -11 -8 -10 -7 -11 -7 -11 -7 -12 -8 -11 -7 -11 -8 -11 -7 -11 -7 -12 -7 -12 -8 -12 -8 -12 -8 -12 -8 -13 -8 -12 -8 -13 -7 -13 -8 -13 -8 0 0 0 0 0 0 0 0 0 0]"
"1769326799829742,CSI_DATA,STATION,00:00:00:00:00:00,0,0,0,0,0,0,0,0,0,0,0,0,0,0,0,0,0,0,0,0,0,128,[84 -64 4 0 0 0 0 0 0 0 0 0 -1 10 -1 11 -2 10 -2 11 -2 11 -3 11 -4 10 -4 11 -3 11 -4 10 -3 11 -3 10 -4 11 -4 11 -4 10 -4 10 -4 11 -4 11 -5 11 -4 11 -4 10 -4 10 -4 11 -4 11 -3 10 -4 11 0 0 -4 11 -3 10 -3 11 -3 11 -3 12 -3 11 -3 11 -3 12 -3 11 -3 12 -2 12 -3 12 -2 12 -2 12 -2 12 -2 13 -2 12 -2 13 -2 13 -2 13 -2 13 -2 13 -2 13 -1 13 -1 13 -2 14 0 0 0 0 0 0 0 0 0 0]"
"1769326799834388,CSI_DATA,STATION,00:00:00:00:00:00,0,0,0,0,0,0,0,0,0,0,0,0,0,0,0,0,0,0,0,0,0,128,[84 -64 4 0 0 0 0 0 0 0 0 0 -8 -7 -8 -7 -8 -7 -7 -7 -8 -7 -8 -8 -7 -8 -7 -9 -7 -9 -7 -9 -7 -9 -6 -9 -6 -9 -6 -9 -6 -9 -7 -9 -6 -10 -6 -9 -6 -10 -6 -10 -6 -9 -6 -9 -6 -10 -6 -9 -6 -9 -6 -10 0 0 -6 -9 -7 -9 -7 -9 -7 -9 -7 -10 -7 -9 -7 -9 -7 -10 -7 -10 -7 -10 -8 -9 -8 -9 -8 -9 -8 -10 -8 -10 -8 -10 -8 -10 -9 -10 -9 -10 -9 -11 -8 -11 -9 -10 -9 -10 -9 -11 -9 -10 -9 -11 0 0 0 0 0 0 0 0 0 0]"
"1769326799840830,CSI_DATA,STATION,00:00:00:00:00:00,0,0,0,0,0,0,0,0,0,0,0,0,0,0,0,0,0,0,0,0,0,128,[84 -64 4 0 0 0 0 0 0 0 0 0 -11 -1 -12 -1 -12 -2 -12 -2 -12 -3 -11 -3 -12 -3 -12 -3 -11 -3 -12 -4 -12 -4 -11 -4 -12 -4 -12 -5 -12 -4 -12 -4 -11 -4 -12 -4 -12 -4 -12 -5 -12 -4 -11 -4 -11 -4 -12 -5 -11 -5 -12 -4 0 0 -12 -4 -12 -4 -12 -4 -11 -3 -12 -4 -12 -4 -12 -4 -13 -3 -12 -3 -13 -3 -13 -3 -13 -3 -13 -3 -13 -3 -13 -2 -13 -2 -14 -3 -14 -3 -14 -2 -14 -2 -14 -2 -14 -2 -15 -2 -15 -2 -14 -2 -15 -2 0 0 0 0 0 0 0 0 0 0]"
"1769326799847213,CSI_DATA,STATION,00:00:00:00:00:00,0,0,0,0,0,0,0,0,0,0,0,0,0,0,0,0,0,0,0,0,0,128,[84 -64 4 0 0 0 0 0 0 0 0 0 -10 -2 -11 -3 -10 -3 -10 -3 -10 -4 -10 -4 -10 -4 -10 -5 -10 -5 -10 -5 -10 -5 -10 -5 -10 -5 -10 -5 -10 -6 -10 -6 -10 -6 -9 -5 -10 -6 -10 -6 -9 -6 -10 -6 -9 -5 -10 -6 -10 -6 -10 -5 0 0 -10 -6 -10 -5 -11 -5 -10 -5 -11 -5 -10 -5 -11 -5 -11 -5 -11 -5 -11 -5 -11 -5 -11 -5 -12 -5 -12 -6 -11 -5 -12 -5 -12 -5 -12 -5 -12 -5 -12 -5 -12 -5 -13 -5 -13 -5 -13 -5 -13 -5 -13 -5 0 0 0 0 0 0 0 0 0 0]"
"1769326799851458,CSI_DATA,STATION,00:00:00:00:00:00,0,0,0,0,0,0,0,0,0,0,0,0,0,0,0,0,0,0,0,0,0,128,[84 -64 4 0 0 0 0 0 0 0 0 0 -9 -6 -8 -6 -8 -7 -8 -7 -8 -7 -8 -8 -8 -8 -8 -8 -7 -8 -8 -9 -7 -8 -7 -9 -8 -8 -8 -9 -7 -9 -7 -9 -7 -9 -7 -8 -7 -9 -7 -9 -7 -8 -7 -9 -7 -9 -7 -9 -8 -9 -7 -9 0 0 -8 -8 -8 -9 -8 -9 -8 -8 -9 -8 -8 -9 -9 -8 -9 -8 -8 -8 -9 -8 -9 -8 -9 -8 -9 -8 -10 -8 -9 -8 -10 -8 -10 -8 -10 -9 -10 -8 -10 -9 -11 -8 -11 -8 -10 -8 -11 -8 -11 -8 -11 -8 0 0 0 0 0 0 0 0 0 0]"
"1769326799857819,CSI_DATA,STATION,00:00:00:00:00:00,0,0,0,0,0,0,0,0,0,0,0,0,0,0,0,0,0,0,0,0,0,128,[84 -64 4 0 0 0 0 0 0 0 0 0 8 6 8 6 8 7 8 6 8 7 8 7 8 8 7 8 7 7 7 8 7 8 7 8 7 8 7 8 7 9 7 8 6 8 7 8 7 8 7 9 7 8 7 8 7 8 7 8 8 9 7 8 0 0 7 8 8 8 8 8 7 8 8 8 8 8 9 8 8 8 8 7 9 8 9 7 9 8 9 7 9 8 10 8 9 7 10 7 10 7 10 7 10 7 11 8 10 7 11 7 11 7 11 7 11 7 0 0 0 0 0 0 0 0 0 0]"
"1769326799862124,CSI_DATA,STATION,00:00:00:00:00:00,0,0,0,0,0,0,0,0,0,0,0,0,0,0,0,0,0,0,0,0,0,128,[84 -64 4 0 0 0 0 0 0 0 0 0 4 11 3 11 3 11 3 12 3 12 3 12 2 13 2 13 2 12 2 13 1 12 1 12 1 13 1 12 1 12 1 13 1 12 0 12 0 13 1 12 0 12 1 12 0 13 0 13 0 13 1 13 0 0 1 12 1 12 1 12 1 13 2 13 1 13 2 13 2 13 2 12 2 13 2 13 2 13 3 14 3 13 3 14 3 14 3 13 3 14 4 14 4 14 4 14 4 14 4 15 4 14 4 15 4 14 0 0 0 0 0 0 0 0 0 0]"
"1769326799868590,CSI_DATA,STATION,00:00:00:00:00:00,0,0,0,0,0,0,0,0,0,0,0,0,0,0,0,0,0,0,0,0,0,128,[84 -64 4 0 0 0 0 0 0 0 0 0 -8 4 -9 4 -10 4 -10 3 -10 4 -10 4 -10 3 -10 3 -10 3 -11 2 -11 3 -10 2 -11 2 -11 2 -11 2 -10 2 -11 2 -11 2 -11 2 -11 1 -11 1 -11 2 -11 2 -11 1 -11 2 -11 2 0 0 -11 2 -11 3 -11 3 -11 3 -12 3 -11 3 -11 3 -11 3 -11 3 -12 3 -12 3 -12 3 -12 3 -12 3 -12 4 -11 4 -12 4 -12 5 -12 5 -12 4 -12 4 -12 5 -13 5 -12 4 -13 5 -13 5 0 0 0 0 0 0 0 0 0 0]"
"1769326799872906,CSI_DATA,STATION,00:00:00:00:00:00,0,0,0,0,0,0,0,0,0,0,0,0,0,0,0,0,0,0,0,0,0,128,[84 -64 4 0 0 0 0 0 0 0 0 0 4 -11 5 -10 5 -10 5 -10 5 -10 6 -11 6 -10 6 -10 7 -10 7 -10 7 -10 6 -10 7 -9 7 -10 8 -9 8 -9 7 -9 7 -9 8 -9 8 -9 8 -9 8 -9 8 -10 8 -9 7 -9 7 -10 0 0 7 -9 7 -9 7 -9 7 -9 7 -10 7 -9 7 -10 7 -10 7 -10 7 -10 7 -11 7 -10 8 -11 7 -11 7 -11 7 -11 6 -11 7 -12 7 -12 7 -12 7 -12 7 -11 7 -12 7 -12 7 -12 7 -13 0 0 0 0 0 0 0 0 0 0]"
"1769326799877187,CSI_DATA,STATION,00:00:00:00:00:00,0,0,0,0,0,0,0,0,0,0,0,0,0,0,0,0,0,0,0,0,0,128,[84 -64 4 0 0 0 0 0 0 0 0 0 -10 -4 -10 -4 -10 -5 -10 -5 -9 -6 -9 -6 -9 -6 -9 -6 -9 -7 -9 -7 -9 -6 -9 -6 -10 -7 -9 -7 -9 -7 -9 -7 -9 -7 -8 -7 -9 -8 -9 -7 -9 -7 -9 -8 -9 -7 -9 -7 -9 -7 -9 -7 0 0 -9 -7 -9 -7 -10 -7 -9 -7 -10 -7 -10 -7 -10 -7 -10 -7 -10 -7 -10 -6 -11 -6 -10 -7 -11 -6 -11 -6 -10 -6 -11 -6 -11 -7 -11 -6 -11 -7 -12 -6 -12 -6 -12 -7 -12 -7 -13 -7 -12 -6 -12 -6 0 0 0 0 0 0 0 0 0 0]"
"1769326799883680,CSI_DATA,STATION,00:00:00:00:00:00,0,0,0,0,0,0,0,0,0,0,0,0,0,0,0,0,0,0,0,0,0,128,[84 -64 4 0 0 0 0 0 0 0 0 0 8 -9 9 -9 9 -9 9 -8 10 -8 10 -8 10 -8 10 -8 10 -7 11 -7 11 -7 11 -7 11 -7 11 -7 11 -6 11 -7 11 -6 11 -6 11 -6 12 -6 11 -6 11 -6 11 -6 11 -6 11 -6 11 -7 0 0 11 -7 11 -6 11 -6 11 -7 11 -7 11 -7 11 -7 11 -8 10 -8 11 -8 11 -9 11 -9 11 -8 11 -8 11 -9 11 -9 11 -9 11 -10 11 -10 11 -10 12 -10 12 -10 12 -10 11 -10 11 -11 12 -10 0 0 0 0 0 0 0 0 0 0]"
"1769326799888025,CSI_DATA,STATION,00:00:00:00:00:00,0,0,0,0,0,0,0,0,0,0,0,0,0,0,0,0,0,0,0,0,0,128,[84 -64 4 0 0 0 0 0 0 0 0 0 -8 -8 -8 -8 -8 -9 -8 -9 -7 -9 -7 -10 -7 -10 -7 -10 -7 -11 -7 -10 -6 -10 -6 -11 -6 -11 -6 -11 -6 -11 -6 -11 -6 -11 -5 -11 -6 -11 -6 -11 -5 -11 -6 -11 -6 -11 -6 -11 -5 -11 -6 -11 0 0 -6 -11 -6 -11 -6 -11 -6 -11 -6 -11 -7 -11 -7 -11 -7 -11 -7 -11 -7 -11 -7 -11 -8 -11 -8 -11 -8 -11 -7 -11 -8 -11 -8 -11 -8 -11 -8 -11 -8 -12 -8 -11 -9 -11 -9 -12 -9 -11 -9 -12 -9 -12 0 0 0 0 0 0 0 0 0 0]"
"1769326799894507,CSI_DATA,STATION,00:00:00:00:00:00,0,0,0,0,0,0,0,0,0,0,0,0,0,0,0,0,0,0,0,0,0,128,[84 -64 4 0 0 0 0 0 0 0 0 0 -18 -6 -17 -7 -18 -7 -17 -8 -18 -9 -17 -8 -16 -9 -16 -9 -16 -10 -17 -10 -16 -11 -16 -11 -16 -12 -16 -11 -16 -12 -16 -11 -15 -12 -15 -12 -15 -12 -15 -12 -16 -12 -16 -12 -15 -12 -15 -13 -16 -12 -15 -12 0 0 -15 -12 -16 -11 -16 -12 -16 -12 -16 -12 -16 -12 -17 -11 -17 -12 -17 -11 -17 -11 -17 -11 -18 -11 -18 -11 -18 -11 -18 -11 -18 -10 -19 -12 -18 -10 -19 -10 -19 -10 -20 -11 -20 -11 -20 -12 -20 -11 -20 -11 -20 -10 0 0 0 0 0 0 0 0 0 0]"
"1769326799898836,CSI_DATA,STATION,00:00:00:00:00:00,0,0,0,0,0,0,0,0,0,0,0,0,0,0,0,0,0,0,0,0,0,128,[84 -64 4 0 0 0 0 0 0 0 0 0 5 7 5 8 5 8 5 9 4 8 4 9 4 9 3 9 3 9 3 9 3 9 3 9 3 9 3 9 3 10 2 9 2 10 2 9 3 10 2 10 2 10 2 10 2 9 2 10 3 10 2 10 0 0 2 10 3 10 3 10 3 9 3 10 3 10 3 10 4 10 3 10 4 10 4 10 4 10 4 11 4 11 4 10 5 11 5 10 5 11 5 11 4 11 5 11 5 11 5 11 5 11 5 11 5 12 0 0 0 0 0 0 0 0 0 0]"
"1769326799903179,CSI_DATA,STATION,00:00:00:00:00:00,0,0,0,0,0,0,0,0,0,0,0,0,0,0,0,0,0,0,0,0,0,128,[84 -64 4 0 0 0 0 0 0 0 0 0 6 -9 7 -9 7 -8 7 -8 8 -8 8 -8 8 -8 9 -7 9 -7 10 -7 8 -8 9 -7 9 -7 9 -7 9 -7 9 -7 9 -7 9 -7 9 -7 10 -6 9 -7 9 -6 9 -7 9 -7 9 -7 9 -7 0 0 9 -7 9 -7 9 -7 9 -8 9 -8 9 -8 9 -8 9 -8 9 -8 9 -9 9 -9 9 -9 9 -9 9 -9 9 -10 9 -10 9 -10 9 -10 9 -10 9 -10 9 -10 9 -10 9 -10 9 -11 9 -11 9 -11 0 0 0 0 0 0 0 0 0 0]"
"1769326799909653,CSI_DATA,STATION,00:00:00:00:00:00,0,0,0,0,0,0,0,0,0,0,0,0,0,0,0,0,0,0,0,0,0,128,[84 -64 4 0 0 0 0 0 0 0 0 0 -7 8 -7 9 -7 8 -7 9 -8 8 -8 8 -9 8 -8 8 -9 8 -9 7 -9 8 -8 7 -9 7 -10 7 -9 7 -10 8 -9 8 -9 7 -9 7 -10 7 -9 7 -9 7 -9 8 -9 7 -9 7 -9 7 0 0 -9 7 -10 7 -9 8 -9 8 -9 8 -9 7 -9 8 -9 8 -8 9 -9 9 -9 9 -9 9 -9 9 -9 9 -9 9 -9 10 -9 10 -9 10 -9 10 -9 10 -8 11 -9 10 -9 11 -9 11 -9 11 -9 11 0 0 0 0 0 0 0 0 0 0]"
"1769326799914023,CSI_DATA,STATION,00:00:00:00:00:00,0,0,0,0,0,0,0,0,0,0,0,0,0,0,0,0,0,0,0,0,0,128,[84 -64 4 0 0 0 0 0 0 0 0 0 6 -8 6 -8 6 -7 6 -7 7 -7 7 -7 7 -7 8 -7 8 -7 8 -6 8 -7 8 -6 9 -6 8 -6 9 -6 8 -7 8 -6 8 -6 8 -6 9 -6 8 -6 8 -6 9 -7 8 -6 9 -6 8 -7 0 0 8 -7 8 -6 8 -6 8 -7 8 -7 9 -7 8 -7 8 -8 8 -8 8 -8 8 -8 8 -8 9 -8 9 -8 9 -8 8 -9 9 -9 9 -9 9 -9 9 -9 9 -10 9 -9 9 -9 9 -9 9 -10 9 -10 0 0 0 0 0 0 0 0 0 0]"
"1769326799920517,CSI_DATA,STATION,00:00:00:00:00:00,0,0,0,0,0,0,0,0,0,0,0,0,0,0,0,0,0,0,0,0,0,128,[84 -64 4 0 0 0 0 0 0 0 0 0 -10 4 -11 4 -11 4 -11 3 -11 3 -11 3 -11 3 -12 2 -11 2 -12 2 -12 2 -12 2 -12 1 -12 2 -12 1 -12 2 -12 2 -12 1 -13 2 -12 1 -12 1 -12 1 -12 1 -12 1 -12 1 -12 1 0 0 -12 2 -12 2 -12 2 -12 3 -12 2 -12 2 -12 3 -13 2 -12 3 -12 3 -12 4 -13 3 -12 4 -13 4 -13 4 -12 5 -13 4 -13 4 -13 5 -13 5 -13 5 -13 5 -14 4 -13 5 -13 5 -13 5 0 0 0 0 0 0 0 0 0 0]"
"1769326799924817,CSI_DATA,STATION,00:00:00:00:00:00,0,0,0,0,0,0,0,0,0,0,0,0,0,0,0,0,0,0,0,0,0,128,[84 -64 4 0 0 0 0 0 0 0 0 0 3 -12 5 -12 5 -11 5 -12 6 -11 6 -12 7 -11 7 -11 7 -11 7 -11 7 -11 7 -11 8 -11 7 -11 7 -10 8 -11 8 -11 7 -11 8 -11 8 -11 8 -10 8 -11 8 -11 8 -10 7 -11 7 -11 0 0 7 -11 7 -10 7 -11 6 -11 7 -12 7 -11 7 -11 7 -12 7 -12 6 -12 6 -12 6 -12 6 -13 7 -13 6 -13 7 -13 6 -13 7 -14 6 -14 6 -14 7 -14 7 -13 6 -14 6 -15 6 -15 6 -15 0 0 0 0 0 0 0 0 0 0]"
"1769326799929153,CSI_DATA,STATION,00:00:00:00:00:00,0,0,0,0,0,0,0,0,0,0,0,0,0,0,0,0,0,0,0,0,0,128,[84 -64 4 0 0 0 0 0 0 0 0 0 -11 2 -11 2 -12 1 -12 1 -12 1 -11 1 -12 1 -12 1 -12 1 -13 0 -12 0 -12 0 -12 0 -12 0 -12 0 -12 0 -12 0 -12 -1 -12 -1 -13 -1 -12 -1 -12 0 -12 0 -12 -1 -12 -1 -13 0 0 0 -12 0 -12 0 -12 0 -12 0 -12 0 -12 0 -12 1 -12 1 -12 1 -13 1 -13 1 -13 1 -13 1 -13 2 -13 2 -13 3 -13 2 -14 3 -14 3 -14 3 -14 3 -14 3 -14 2 -14 3 -14 4 -14 3 0 0 0 0 0 0 0 0 0 0]"
