"1772697611240610,CSI_DATA,STATION,00:00:00:00:00:00,0,0,0,0,0,0,0,0,0,0,0,0,0,0,0,0,0,0,0,0,0,128,[84 -64 4 0 0 0 0 0 0 0 0 0 -1 -15 -1 -16 0 -15 1 -17 1 -15 2 -16 2 -15 2 -15 3 -15 3 -15 4 -15 3 -15 4 -15 4 -15 5 -16 4 -15 5 -15 5 -14 5 -15 5 -15 5 -14 5 -14 6 -13 5 -14 6 -14 5 -13 0 0 5 -13 4 -12 4 -13 3 -12 4 -12 3 -12 3 -12 2 -11 2 -11 1 -10 1 -11 1 -11 0 -11 -1 -11 0 -10 -1 -11 -1 -11 -2 -11 -2 -11 -3 -10 -3 -10 -3 -11 -4 -11 -5 -11 -4 -11 -5 -11 0 0 0 0 0 0 0 0 0 0]"
"1772697611256151,CSI_DATA,STATION,00:00:00:00:00:00,0,0,0,0,0,0,0,0,0,0,0,0,0,0,0,0,0,0,0,0,0,128,[84 -64 4 0 0 0 0 0 0 0 0 0 14 -13 15 -13 15 -13 16 -13 15 -12 17 -11 17 -10 18 -10 18 -10 17 -10 18 -9 17 -9 19 -10 18 -10 20 -8 18 -8 19 -8 19 -7 20 -7 19 -6 18 -6 19 -5 18 -4 18 -6 18 -6 17 -6 0 0 16 -5 15 -5 15 -6 14 -6 15 -6 14 -6 13 -7 13 -7 13 -7 11 -7 12 -8 11 -8 11 -8 10 -9 11 -9 10 -9 9 -10 9 -11 9 -10 8 -10 8 -11 8 -12 7 -11 7 -13 7 -13 7 -13 0 0 0 0 0 0 0 0 0 0]"
"1772697611271829,CSI_DATA,STATION,00:00:00:00:00:00,0,0,0,0,0,0,0,0,0,0,0,0,0,0,0,0,0,0,0,0,0,128,[84 -64 4 0 0 0 0 0 0 0 0 0 -3 -14 -3 -15 -3 -15 -2 -16 -1 -16 -1 -16 -1 -15 -1 -15 0 -16 1 -15 0 -15 1 -16 1 -15 2 -16 2 -16 1 -16 2 -15 2 -14 2 -15 3 -15 3 -15 2 -15 3 -13 2 -15 2 -15 2 -13 0 0 2 -14 2 -13 1 -13 1 -12 1 -13 1 -13 1 -12 -1 -12 -1 -11 -1 -11 -2 -11 -2 -11 -2 -11 -3 -11 -3 -10 -4 -10 -4 -11 -5 -10 -5 -10 -5 -10 -6 -10 -6 -10 -6 -10 -7 -10 -7 -10 -8 -10 0 0 0 0 0 0 0 0 0 0]"
"1772697611271829,CSI_DATA,STATION,00:00:00:00:00:00,0,0,0,0,0,0,0,0,0,0,0,0,0,0,0,0,0,0,0,0,0,128,[84 -64 4 0 0 0 0 0 0 0 0 0 0 17 -1 17 -2 17 -3 19 -4 18 -3 17 -5 17 -6 17 -6 17 -5 17 -5 18 -6 17 -6 17 -6 17 -8 17 -8 17 -8 16 -8 15 -8 17 -9 16 -9 15 -9 15 -8 15 -8 14 -8 15 -7 14 0 0 -7 13 -7 13 -6 13 -6 12 -6 13 -5 12 -6 12 -4 12 -4 12 -2 11 -2 12 -2 12 -1 13 -1 13 -1 12 0 12 0 12 1 12 0 12 1 12 2 12 2 12 3 13 4 12 4 13 4 13 0 0 0 0 0 0 0 0 0 0]"
"1772697611287469,CSI_DATA,STATION,00:00:00:00:00:00,0,0,0,0,0,0,0,0,0,0,0,0,0,0,0,0,0,0,0,0,0,128,[84 -64 4 0 0 0 0 0 0 0 0 0 -17 -8 -17 -8 -16 -9 -17 -10 -15 -10 -16 -12 -15 -12 -15 -12 -14 -13 -14 -13 -15 -12 -14 -13 -14 -13 -14 -13 -14 -14 -13 -14 -13 -14 -12 -14 -12 -15 -11 -15 -11 -15 -11 -14 -10 -14 -11 -14 -11 -14 -11 -13 0 0 -9 -12 -10 -12 -10 -12 -11 -10 -10 -11 -10 -11 -10 -11 -11 -10 -10 -9 -11 -8 -12 -7 -11 -8 -11 -7 -12 -7 -11 -7 -12 -6 -12 -6 -13 -5 -13 -5 -13 -4 -13 -4 -13 -4 -13 -4 -14 -3 -14 -2 -14 -2 0 0 0 0 0 0 0 0 0 0]"
"1772697611287469,CSI_DATA,STATION,00:00:00:00:00:00,0,0,0,0,0,0,0,0,0,0,0,0,0,0,0,0,0,0,0,0,0,128,[84 -64 4 0 0 0 0 0 0 0 0 0 14 11 13 12 12 13 13 14 12 14 11 14 10 14 10 15 9 15 9 15 10 15 9 15 9 15 9 15 8 16 9 16 8 15 8 15 8 16 7 15 6 16 6 16 6 14 7 15 7 15 6 14 0 0 7 13 7 12 7 12 7 11 7 12 7 12 6 11 7 11 7 10 8 9 9 8 9 9 8 9 9 8 10 7 10 7 10 7 11 5 11 6 10 5 11 6 11 5 12 5 12 4 13 4 13 3 0 0 0 0 0 0 0 0 0 0]"
"1772697611287469,CSI_DATA,STATION,00:00:00:00:00:00,0,0,0,0,0,0,0,0,0,0,0,0,0,0,0,0,0,0,0,0,0,128,[84 -64 4 0 0 0 0 0 0 0 0 0 0 -20 2 -20 2 -21 3 -22 4 -22 4 -20 5 -19 6 -20 6 -20 6 -21 6 -20 7 -20 8 -19 7 -20 8 -20 7 -19 8 -19 8 -18 8 -19 8 -18 9 -17 9 -18 9 -17 8 -18 8 -17 7 -16 0 0 7 -15 7 -16 6 -15 6 -15 5 -15 5 -15 5 -15 4 -15 3 -14 3 -15 2 -15 2 -15 1 -15 0 -15 0 -14 -1 -14 -1 -16 -2 -14 -2 -14 -3 -14 -3 -15 -4 -15 -5 -15 -6 -15 -5 -15 -6 -15 0 0 0 0 0 0 0 0 0 0]"
"1772697611303153,CSI_DATA,STATION,00:00:00:00:00:00,0,0,0,0,0,0,0,0,0,0,0,0,0,0,0,0,0,0,0,0,0,128,[84 -64 4 0 0 0 0 0 0 0 0 0 0 18 -1 18 -1 18 -2 19 -3 17 -4 18 -5 17 -6 18 -6 17 -6 16 -5 18 -6 17 -6 17 -6 17 -8 17 -7 17 -8 16 -9 15 -8 16 -9 16 -9 16 -9 15 -8 13 -8 15 -8 15 -7 14 0 0 -8 13 -7 13 -7 13 -6 13 -6 13 -6 12 -5 13 -5 12 -4 11 -3 11 -2 12 -3 13 -2 12 -1 12 -2 12 -1 12 0 12 0 12 0 12 1 12 1 13 2 13 2 13 4 13 3 13 3 14 0 0 0 0 0 0 0 0 0 0]"
"1772697611303153,CSI_DATA,STATION,00:00:00:00:00:00,0,0,0,0,0,0,0,0,0,0,0,0,0,0,0,0,0,0,0,0,0,128,[84 -64 4 0 0 0 0 0 0 0 0 0 5 -17 6 -18 6 -17 7 -18 7 -17 7 -17 9 -17 9 -16 10 -16 9 -16 10 -16 10 -16 11 -16 10 -16 11 -16 11 -15 11 -14 11 -13 12 -15 12 -14 12 -12 12 -13 11 -12 11 -13 12 -12 10 -12 0 0 10 -11 9 -11 9 -12 8 -11 9 -12 8 -12 8 -12 7 -11 7 -11 6 -11 6 -12 5 -12 5 -12 5 -12 5 -12 4 -12 3 -13 3 -13 2 -13 2 -13 2 -14 2 -14 1 -14 1 -15 1 -14 0 -15 0 0 0 0 0 0 0 0 0 0]"
"1772697611303153,CSI_DATA,STATION,00:00:00:00:00:00,0,0,0,0,0,0,0,0,0,0,0,0,0,0,0,0,0,0,0,0,0,128,[84 -64 4 0 0 0 0 0 0 0 0 0 -19 2 -19 2 -19 1 -20 1 -20 -1 -19 -1 -19 -2 -19 -2 -19 -3 -19 -2 -19 -3 -19 -3 -19 -4 -19 -4 -19 -5 -19 -4 -18 -4 -18 -6 -18 -5 -18 -6 -17 -5 -17 -6 -16 -6 -17 -6 -16 -6 -16 -5 0 0 -15 -5 -15 -5 -14 -4 -15 -4 -14 -4 -15 -3 -14 -4 -14 -2 -13 -2 -14 -1 -14 -1 -13 -1 -13 0 -13 0 -14 1 -13 1 -14 2 -13 3 -13 3 -13 3 -13 4 -13 4 -14 4 -13 5 -14 5 -13 6 0 0 0 0 0 0 0 0 0 0]"
"1772697611318891,CSI_DATA,STATION,00:00:00:00:00:00,0,0,0,0,0,0,0,0,0,0,0,0,0,0,0,0,0,0,0,0,0,128,[84 -64 4 0 0 0 0 0 0 0 0 0 -15 7 -16 6 -15 6 -15 6 -16 5 -16 5 -16 5 -17 3 -17 3 -17 3 -17 3 -17 2 -17 3 -17 3 -17 1 -17 2 -17 1 -17 1 -16 2 -16 1 -16 0 -16 1 -15 0 -16 1 -15 0 -15 0 0 0 -14 0 -13 1 -13 2 -13 1 -13 2 -13 2 -13 3 -12 3 -12 4 -11 3 -12 4 -11 3 -11 4 -11 5 -11 5 -10 6 -10 6 -10 6 -9 6 -10 7 -10 7 -9 8 -9 9 -9 9 -9 9 -9 10 0 0 0 0 0 0 0 0 0 0]"
"1772697611318891,CSI_DATA,STATION,00:00:00:00:00:00,0,0,0,0,0,0,0,0,0,0,0,0,0,0,0,0,0,0,0,0,0,128,[84 -64 4 0 0 0 0 0 0 0 0 0 -18 -4 -18 -5 -18 -6 -18 -7 -18 -7 -18 -8 -17 -8 -18 -9 -17 -10 -16 -9 -17 -9 -17 -9 -17 -10 -16 -10 -17 -11 -16 -10 -15 -11 -14 -11 -15 -11 -14 -11 -13 -11 -14 -11 -13 -10 -14 -11 -14 -11 -13 -10 0 0 -13 -10 -12 -9 -12 -9 -13 -8 -12 -8 -12 -8 -12 -7 -12 -7 -13 -6 -13 -5 -13 -5 -12 -4 -13 -4 -13 -4 -13 -3 -14 -3 -13 -3 -13 -2 -14 -1 -14 -1 -14 -1 -14 -1 -14 0 -14 2 -15 1 -15 2 0 0 0 0 0 0 0 0 0 0]"
"1772697611318891,CSI_DATA,STATION,00:00:00:00:00:00,0,0,0,0,0,0,0,0,0,0,0,0,0,0,0,0,0,0,0,0,0,128,[84 -64 4 0 0 0 0 0 0 0 0 0 16 -9 16 -8 16 -8 17 -8 19 -8 18 -7 18 -6 18 -5 18 -5 18 -5 18 -5 18 -4 19 -4 18 -3 18 -3 18 -3 18 -2 18 -3 17 -2 17 -2 16 -2 17 -2 17 -1 16 -1 16 -1 16 -2 0 0 15 -2 14 -3 14 -3 13 -3 13 -4 13 -4 13 -4 12 -5 12 -4 12 -5 12 -6 11 -5 11 -6 11 -7 11 -7 10 -8 10 -9 10 -9 10 -9 9 -9 10 -9 9 -10 9 -11 9 -12 10 -11 9 -12 0 0 0 0 0 0 0 0 0 0]"
"1772697611334670,CSI_DATA,STATION,00:00:00:00:00:00,0,0,0,0,0,0,0,0,0,0,0,0,0,0,0,0,0,0,0,0,0,128,[84 -64 4 0 0 0 0 0 0 0 0 0 -19 -7 -19 -8 -18 -9 -19 -10 -17 -11 -17 -12 -16 -11 -16 -12 -16 -13 -15 -12 -16 -13 -16 -14 -15 -15 -15 -14 -14 -15 -14 -14 -13 -14 -13 -14 -13 -15 -12 -15 -12 -16 -12 -16 -10 -13 -12 -14 -12 -15 -11 -13 0 0 -11 -14 -11 -12 -11 -12 -11 -10 -11 -12 -11 -11 -11 -11 -11 -10 -11 -9 -11 -7 -13 -7 -12 -8 -12 -8 -13 -7 -12 -6 -14 -6 -13 -6 -14 -5 -14 -4 -14 -4 -14 -5 -15 -5 -15 -4 -15 -3 -16 -3 -16 -3 0 0 0 0 0 0 0 0 0 0]"
"1772697611334670,CSI_DATA,STATION,00:00:00:00:00:00,0,0,0,0,0,0,0,0,0,0,0,0,0,0,0,0,0,0,0,0,0,128,[84 -64 4 0 0 0 0 0 0 0 0 0 -5 17 -6 17 -6 18 -8 18 -8 17 -8 17 -9 16 -9 16 -10 16 -10 16 -11 16 -11 15 -11 15 -11 15 -12 15 -12 15 -11 14 -12 13 -11 14 -12 13 -12 13 -12 13 -11 12 -11 13 -12 12 -10 12 0 0 -11 11 -9 11 -9 12 -9 12 -9 12 -8 12 -8 12 -7 11 -6 11 -6 11 -6 12 -6 12 -6 12 -4 13 -5 12 -3 13 -3 13 -3 13 -2 13 -2 13 -2 13 -1 13 -1 14 0 14 -1 14 0 15 0 0 0 0 0 0 0 0 0 0]"
"1772697611334670,CSI_DATA,STATION,00:00:00:00:00:00,0,0,0,0,0,0,0,0,0,0,0,0,0,0,0,0,0,0,0,0,0,128,[84 -64 4 0 0 0 0 0 0 0 0 0 8 -15 8 -15 9 -15 9 -15 9 -14 11 -13 10 -13 11 -13 11 -12 11 -13 12 -13 12 -12 12 -12 12 -12 12 -11 12 -11 13 -11 12 -11 12 -11 12 -10 12 -10 12 -10 12 -9 12 -10 11 -9 11 -9 0 0 11 -9 10 -9 9 -9 9 -9 9 -9 8 -10 8 -10 8 -10 7 -9 7 -9 7 -10 6 -10 5 -10 5 -11 5 -11 5 -11 4 -12 4 -12 3 -12 3 -12 3 -13 3 -12 3 -13 2 -13 3 -14 2 -14 0 0 0 0 0 0 0 0 0 0]"
"1772697611350995,CSI_DATA,STATION,00:00:00:00:00:00,0,0,0,0,0,0,0,0,0,0,0,0,0,0,0,0,0,0,0,0,0,128,[84 -64 4 0 0 0 0 0 0 0 0 0 0 -16 0 -17 1 -17 1 -18 2 -18 3 -16 4 -16 4 -17 5 -16 4 -16 5 -17 5 -16 5 -16 5 -16 6 -15 6 -16 6 -15 7 -15 6 -15 7 -15 7 -14 7 -14 7 -13 6 -14 6 -14 6 -13 0 0 6 -12 5 -12 5 -12 5 -12 4 -12 4 -12 3 -12 4 -12 3 -12 2 -11 1 -12 1 -12 1 -13 1 -13 1 -12 0 -12 -1 -13 -1 -13 -1 -13 -1 -13 -1 -13 -2 -13 -2 -13 -3 -13 -3 -13 -4 -13 0 0 0 0 0 0 0 0 0 0]"
"1772697611350995,CSI_DATA,STATION,00:00:00:00:00:00,0,0,0,0,0,0,0,0,0,0,0,0,0,0,0,0,0,0,0,0,0,128,[84 -64 4 0 0 0 0 0 0 0 0 0 -19 5 -19 3 -19 3 -20 3 -19 2 -20 2 -19 0 -20 0 -20 -1 -19 -1 -20 0 -19 -1 -19 -1 -19 -1 -19 -3 -19 -2 -18 -3 -17 -3 -19 -3 -18 -4 -17 -4 -17 -4 -17 -3 -17 -3 -17 -3 -16 -3 0 0 -16 -3 -15 -3 -15 -3 -14 -2 -15 -2 -14 -2 -14 -2 -14 -1 -14 0 -13 1 -14 2 -13 1 -13 2 -14 3 -14 2 -14 4 -13 4 -14 5 -14 4 -13 5 -13 6 -13 6 -13 6 -13 8 -13 7 -14 8 0 0 0 0 0 0 0 0 0 0]"
"1772697611350995,CSI_DATA,STATION,00:00:00:00:00:00,0,0,0,0,0,0,0,0,0,0,0,0,0,0,0,0,0,0,0,0,0,128,[84 -64 4 0 0 0 0 0 0 0 0 0 20 1 21 3 20 3 21 5 21 5 21 5 20 6 19 6 19 7 19 7 19 7 19 8 19 8 18 8 18 9 18 9 18 10 18 8 18 10 16 10 16 10 16 9 15 9 16 9 16 10 15 8 0 0 15 8 14 7 14 7 15 6 14 6 14 6 13 6 14 5 13 5 13 3 15 3 14 3 14 2 15 1 15 1 14 0 14 0 15 -1 14 -1 14 -2 15 -2 15 -1 15 -2 16 -4 16 -4 16 -5 0 0 0 0 0 0 0 0 0 0]"
"1772697611366670,CSI_DATA,STATION,00:00:00:00:00:00,0,0,0,0,0,0,0,0,0,0,0,0,0,0,0,0,0,0,0,0,0,128,[84 -64 4 0 0 0 0 0 0 0 0 0 2 14 1 15 1 14 0 16 0 15 -1 15 -2 15 -2 14 -3 14 -2 14 -3 15 -3 15 -3 15 -3 15 -4 16 -4 15 -4 14 -5 13 -5 15 -5 14 -6 14 -6 13 -6 12 -5 13 -6 13 -4 13 0 0 -5 12 -4 12 -4 12 -4 11 -4 12 -2 11 -3 12 -2 11 -2 11 -1 10 -1 11 -1 11 -1 12 0 11 0 11 1 11 1 11 2 10 2 11 2 10 3 11 3 11 3 11 5 11 4 12 4 11 0 0 0 0 0 0 0 0 0 0]"
"1772697611366670,CSI_DATA,STATION,00:00:00:00:00:00,0,0,0,0,0,0,0,0,0,0,0,0,0,0,0,0,0,0,0,0,0,128,[84 -64 4 0 0 0 0 0 0 0 0 0 -19 4 -19 2 -19 3 -19 2 -19 1 -20 1 -19 -1 -19 -1 -19 -1 -19 -1 -19 -2 -20 -2 -19 -2 -19 -2 -19 -3 -20 -3 -19 -3 -18 -4 -18 -4 -19 -5 -18 -5 -18 -5 -18 -5 -17 -4 -17 -5 -16 -4 0 0 -16 -4 -15 -3 -15 -3 -15 -2 -15 -2 -15 -2 -15 -1 -15 -1 -15 0 -14 1 -14 2 -14 1 -14 1 -14 2 -14 3 -13 3 -14 3 -14 4 -13 5 -14 5 -13 5 -13 7 -13 6 -13 7 -14 8 -14 7 0 0 0 0 0 0 0 0 0 0]"
"1772697611366670,CSI_DATA,STATION,00:00:00:00:00:00,0,0,0,0,0,0,0,0,0,0,0,0,0,0,0,0,0,0,0,0,0,128,[84 -64 4 0 0 0 0 0 0 0 0 0 -10 -16 -10 -17 -10 -17 -9 -19 -8 -19 -8 -18 -7 -17 -6 -18 -6 -19 -5 -19 -5 -19 -5 -19 -5 -19 -4 -19 -4 -19 -5 -19 -3 -18 -3 -18 -3 -19 -2 -19 -2 -19 -2 -19 -1 -17 -2 -18 -1 -18 -2 -17 0 0 -2 -16 -2 -16 -3 -15 -3 -15 -2 -15 -3 -15 -3 -15 -4 -14 -4 -14 -4 -13 -6 -13 -6 -13 -6 -13 -6 -13 -7 -12 -7 -12 -7 -13 -8 -11 -8 -12 -9 -12 -9 -12 -10 -12 -10 -13 -11 -12 -11 -12 -11 -12 0 0 0 0 0 0 0 0 0 0]"
"1772697611382424,CSI_DATA,STATION,00:00:00:00:00:00,0,0,0,0,0,0,0,0,0,0,0,0,0,0,0,0,0,0,0,0,0,128,[84 -64 4 0 0 0 0 0 0 0 0 0 18 -1 18 0 19 1 20 2 18 2 18 3 18 3 19 4 18 4 18 4 19 4 18 5 18 5 17 5 18 6 18 6 17 6 16 7 16 7 16 7 16 8 16 7 15 7 15 7 15 7 15 6 0 0 14 5 14 5 14 5 14 4 13 4 13 3 13 3 12 3 13 2 12 1 14 0 13 1 14 0 13 0 14 -1 13 -2 14 -2 13 -3 13 -3 13 -3 14 -4 14 -4 14 -4 14 -5 14 -6 14 -6 0 0 0 0 0 0 0 0 0 0]"
"1772697611382424,CSI_DATA,STATION,00:00:00:00:00:00,0,0,0,0,0,0,0,0,0,0,0,0,0,0,0,0,0,0,0,0,0,128,[84 -64 4 0 0 0 0 0 0 0 0 0 15 -11 16 -10 17 -9 17 -9 17 -8 18 -8 18 -7 18 -5 18 -6 18 -6 18 -6 18 -5 18 -5 18 -6 19 -4 19 -4 18 -4 17 -3 18 -4 18 -2 17 -2 18 -2 16 -2 17 -3 16 -3 16 -4 0 0 15 -3 14 -3 14 -3 14 -4 13 -5 13 -4 13 -4 12 -5 13 -6 11 -6 11 -7 11 -7 11 -7 11 -7 10 -8 11 -9 10 -9 10 -10 10 -10 10 -10 10 -10 9 -11 9 -11 8 -13 9 -13 9 -13 0 0 0 0 0 0 0 0 0 0]"
"1772697611382424,CSI_DATA,STATION,00:00:00:00:00:00,0,0,0,0,0,0,0,0,0,0,0,0,0,0,0,0,0,0,0,0,0,128,[84 -64 4 0 0 0 0 0 0 0 0 0 5 -16 6 -16 6 -16 7 -16 8 -16 8 -16 8 -15 9 -15 9 -15 9 -14 10 -14 10 -14 10 -14 10 -14 11 -14 10 -13 10 -13 11 -13 10 -14 10 -12 11 -11 11 -12 11 -11 11 -12 10 -11 9 -11 0 0 9 -11 8 -11 8 -11 7 -11 8 -11 6 -11 6 -12 6 -11 6 -11 5 -10 5 -12 4 -11 4 -11 4 -12 3 -12 3 -13 2 -13 2 -13 2 -13 1 -13 2 -14 0 -13 1 -14 0 -14 1 -15 0 -15 0 0 0 0 0 0 0 0 0 0]"
"1772697611398253,CSI_DATA,STATION,00:00:00:00:00:00,0,0,0,0,0,0,0,0,0,0,0,0,0,0,0,0,0,0,0,0,0,128,[84 -64 4 0 0 0 0 0 0 0 0 0 -11 12 -13 12 -12 12 -14 12 -13 11 -15 11 -14 10 -14 10 -14 9 -15 9 -15 9 -15 9 -16 9 -15 8 -16 8 -15 7 -15 7 -15 6 -15 7 -15 6 -16 5 -15 6 -15 5 -15 5 -14 5 -14 6 0 0 -14 5 -12 6 -12 6 -12 6 -12 6 -11 7 -11 7 -11 7 -11 7 -10 7 -10 8 -9 8 -9 8 -9 9 -9 9 -8 9 -9 9 -8 10 -7 10 -7 10 -7 11 -7 11 -7 12 -6 12 -7 12 -6 13 0 0 0 0 0 0 0 0 0 0]"
"1772697611398253,CSI_DATA,STATION,00:00:00:00:00:00,0,0,0,0,0,0,0,0,0,0,0,0,0,0,0,0,0,0,0,0,0,128,[84 -64 4 0 0 0 0 0 0 0 0 0 -4 16 -4 16 -5 17 -5 17 -6 16 -7 16 -7 16 -8 15 -8 14 -8 15 -9 16 -9 14 -9 14 -10 14 -10 14 -9 15 -10 13 -10 14 -10 14 -10 13 -10 12 -10 12 -10 12 -10 12 -10 12 -9 11 0 0 -9 10 -8 11 -7 11 -7 11 -7 11 -6 11 -7 11 -5 10 -5 11 -5 10 -5 12 -5 11 -4 12 -3 11 -3 12 -3 11 -2 12 -2 12 -2 12 -1 12 -1 13 -1 12 0 13 0 13 0 14 0 13 0 0 0 0 0 0 0 0 0 0]"
"1772697611398253,CSI_DATA,STATION,00:00:00:00:00:00,0,0,0,0,0,0,0,0,0,0,0,0,0,0,0,0,0,0,0,0,0,128,[84 -64 4 0 0 0 0 0 0 0 0 0 -3 -19 -2 -20 -2 -20 -1 -21 0 -21 0 -20 0 -20 2 -20 3 -20 2 -20 2 -20 3 -20 3 -19 3 -20 4 -20 3 -19 5 -18 4 -18 4 -19 4 -19 4 -18 5 -18 5 -16 4 -18 5 -17 4 -16 0 0 4 -16 3 -15 3 -15 2 -15 2 -15 2 -15 1 -15 0 -15 0 -14 -1 -14 -2 -14 -1 -15 -2 -15 -2 -15 -2 -14 -3 -14 -4 -15 -4 -14 -5 -14 -5 -14 -5 -14 -6 -15 -7 -15 -7 -15 -7 -15 -8 -15 0 0 0 0 0 0 0 0 0 0]"
"1772697611414177,CSI_DATA,STATION,00:00:00:00:00:00,0,0,0,0,0,0,0,0,0,0,0,0,0,0,0,0,0,0,0,0,0,128,[84 -64 4 0 0 0 0 0 0 0 0 0 10 12 9 13 10 14 9 15 8 15 8 15 7 15 6 15 6 15 6 16 6 16 6 15 5 15 5 16 5 17 5 16 5 15 4 16 4 15 3 17 2 15 2 16 2 15 3 15 3 15 3 13 0 0 3 14 3 13 3 13 4 11 3 12 4 12 4 11 4 11 5 11 6 10 6 10 6 10 6 10 7 10 7 9 8 9 8 9 8 8 8 8 9 8 9 8 9 9 10 9 10 8 11 8 11 8 0 0 0 0 0 0 0 0 0 0]"
"1772697611414177,CSI_DATA,STATION,00:00:00:00:00:00,0,0,0,0,0,0,0,0,0,0,0,0,0,0,0,0,0,0,0,0,0,128,[84 -64 4 0 0 0 0 0 0 0 0 0 -7 18 -8 17 -9 17 -10 17 -10 17 -10 16 -11 16 -12 15 -11 15 -13 15 -12 15 -13 15 -13 14 -13 15 -13 14 -14 14 -13 13 -14 13 -13 13 -13 12 -14 13 -13 12 -14 11 -13 11 -13 11 -13 11 0 0 -12 10 -10 11 -10 11 -10 11 -10 10 -10 11 -9 11 -9 11 -8 11 -8 11 -8 12 -7 12 -6 12 -6 12 -6 13 -5 12 -5 14 -4 13 -4 14 -4 14 -3 14 -3 15 -3 15 -2 15 -3 15 -3 16 0 0 0 0 0 0 0 0 0 0]"
"1772697611414177,CSI_DATA,STATION,00:00:00:00:00:00,0,0,0,0,0,0,0,0,0,0,0,0,0,0,0,0,0,0,0,0,0,128,[84 -64 4 0 0 0 0 0 0 0 0 0 -2 14 -3 15 -2 15 -4 16 -5 15 -5 15 -5 14 -6 15 -7 14 -6 14 -7 15 -7 15 -7 15 -7 14 -8 14 -8 14 -9 14 -9 12 -9 13 -9 12 -9 12 -9 12 -9 11 -8 12 -8 11 -8 11 0 0 -8 11 -7 11 -6 11 -6 10 -7 11 -5 11 -5 11 -5 10 -5 10 -4 10 -3 11 -3 11 -3 11 -2 11 -3 11 -2 12 -1 12 -1 12 0 12 -1 12 -1 12 0 12 1 12 2 13 0 13 1 13 0 0 0 0 0 0 0 0 0 0]"
"1772697611430067,CSI_DATA,STATION,00:00:00:00:00:00,0,0,0,0,0,0,0,0,0,0,0,0,0,0,0,0,0,0,0,0,0,128,[84 -64 4 0 0 0 0 0 0 0 0 0 -3 16 -3 16 -3 17 -4 17 -5 17 -5 15 -5 16 -6 16 -7 15 -6 16 -8 16 -8 16 -8 16 -8 16 -9 15 -9 15 -9 14 -9 13 -9 15 -9 14 -9 13 -9 13 -10 12 -9 12 -9 12 -8 12 0 0 -7 11 -7 11 -6 11 -6 11 -6 11 -6 11 -5 12 -4 11 -4 11 -4 11 -3 12 -3 12 -3 12 -2 12 -2 12 -2 12 -1 13 -1 12 0 12 0 12 1 12 1 13 1 13 2 13 1 14 2 14 0 0 0 0 0 0 0 0 0 0]"
"1772697611430067,CSI_DATA,STATION,00:00:00:00:00:00,0,0,0,0,0,0,0,0,0,0,0,0,0,0,0,0,0,0,0,0,0,128,[84 -64 4 0 0 0 0 0 0 0 0 0 17 2 17 2 17 3 17 3 17 4 17 4 16 4 17 5 16 5 15 6 16 6 16 6 15 7 16 7 15 7 16 7 15 7 14 8 15 8 14 8 13 8 13 8 13 8 13 8 13 8 13 7 0 0 12 6 11 6 11 5 12 5 11 5 12 4 12 4 11 3 12 2 11 2 12 1 11 2 12 1 12 1 13 1 12 0 12 -1 12 -1 13 -2 12 -2 12 -2 12 -2 13 -2 12 -4 13 -4 14 -4 0 0 0 0 0 0 0 0 0 0]"
"1772697611430067,CSI_DATA,STATION,00:00:00:00:00:00,0,0,0,0,0,0,0,0,0,0,0,0,0,0,0,0,0,0,0,0,0,128,[84 -64 4 0 0 0 0 0 0 0 0 0 -17 2 -18 3 -18 1 -19 1 -18 0 -19 0 -18 -1 -17 -2 -18 -3 -18 -1 -19 -2 -19 -3 -18 -3 -18 -3 -19 -4 -18 -3 -18 -4 -16 -4 -17 -5 -17 -5 -15 -5 -16 -5 -15 -5 -16 -5 -15 -5 -15 -4 0 0 -14 -4 -14 -3 -14 -2 -14 -2 -13 -2 -13 -2 -14 -2 -13 -1 -13 0 -12 0 -13 1 -13 1 -13 1 -13 2 -13 2 -13 3 -12 3 -13 4 -13 4 -13 4 -13 4 -12 5 -13 5 -12 6 -13 6 -14 7 0 0 0 0 0 0 0 0 0 0]"
"1772697611445944,CSI_DATA,STATION,00:00:00:00:00:00,0,0,0,0,0,0,0,0,0,0,0,0,0,0,0,0,0,0,0,0,0,128,[84 -64 4 0 0 0 0 0 0 0 0 0 11 13 11 14 10 14 10 16 9 16 8 15 8 15 7 15 7 15 7 16 7 15 6 16 7 16 6 16 5 17 6 16 5 17 5 15 5 16 4 16 3 16 3 15 4 14 4 15 4 14 4 13 0 0 4 13 4 12 4 12 4 11 5 12 5 11 5 11 6 10 6 9 7 9 7 9 7 10 8 9 9 9 8 8 9 8 10 8 10 7 10 7 10 7 10 7 11 7 11 6 12 6 12 6 12 6 0 0 0 0 0 0 0 0 0 0]"
"1772697611445944,CSI_DATA,STATION,00:00:00:00:00:00,0,0,0,0,0,0,0,0,0,0,0,0,0,0,0,0,0,0,0,0,0,128,[84 -64 4 0 0 0 0 0 0 0 0 0 -16 4 -16 3 -17 4 -17 3 -16 2 -17 1 -17 1 -17 0 -17 -1 -17 -1 -17 0 -17 -1 -17 -2 -17 -2 -16 -3 -17 -1 -16 -3 -16 -3 -16 -3 -16 -4 -15 -4 -15 -4 -14 -4 -15 -3 -15 -3 -14 -3 0 0 -14 -3 -13 -2 -13 -1 -13 -1 -13 -2 -13 -1 -13 -1 -12 0 -12 1 -12 1 -13 2 -12 1 -12 2 -12 2 -13 2 -12 4 -13 4 -12 4 -12 4 -12 4 -12 5 -12 5 -12 5 -12 7 -13 6 -12 6 0 0 0 0 0 0 0 0 0 0]"
"1772697611493664,CSI_DATA,STATION,00:00:00:00:00:00,0,0,0,0,0,0,0,0,0,0,0,0,0,0,0,0,0,0,0,0,0,128,[84 -64 4 0 0 0 0 0 0 0 0 0 2 -17 3 -17 3 -17 4 -19 4 -17 5 -17 6 -16 6 -16 7 -16 6 -16 7 -17 7 -17 7 -17 9 -16 9 -16 9 -16 9 -15 8 -13 9 -14 9 -14 9 -13 9 -14 8 -12 8 -13 8 -14 7 -13 0 0 7 -12 6 -12 5 -13 4 -12 5 -12 4 -13 5 -13 3 -12 3 -12 1 -11 1 -13 1 -12 1 -13 0 -13 0 -12 -1 -13 -1 -14 -2 -13 -2 -13 -3 -12 -2 -13 -3 -13 -4 -14 -5 -14 -4 -14 -5 -14 0 0 0 0 0 0 0 0 0 0]"
"1772697611493664,CSI_DATA,STATION,00:00:00:00:00:00,0,0,0,0,0,0,0,0,0,0,0,0,0,0,0,0,0,0,0,0,0,128,[84 -64 4 0 0 0 0 0 0 0 0 0 -15 4 -16 3 -15 3 -17 3 -16 2 -16 1 -16 1 -16 0 -16 -1 -16 0 -16 0 -17 0 -16 -1 -16 -1 -16 -3 -17 -2 -15 -2 -15 -3 -15 -3 -15 -3 -14 -4 -14 -4 -13 -4 -14 -3 -13 -3 -13 -2 0 0 -13 -2 -12 -2 -12 -1 -12 -1 -12 -1 -12 -1 -12 -1 -11 0 -11 1 -11 2 -11 2 -11 2 -11 2 -11 2 -11 2 -11 4 -11 4 -11 4 -11 4 -10 5 -11 5 -11 5 -11 6 -11 7 -11 6 -11 7 0 0 0 0 0 0 0 0 0 0]"
"1772697611525121,CSI_DATA,STATION,00:00:00:00:00:00,0,0,0,0,0,0,0,0,0,0,0,0,0,0,0,0,0,0,0,0,0,128,[84 -64 4 0 0 0 0 0 0 0 0 0 -3 -15 -3 -15 -3 -16 -2 -17 -1 -16 -1 -16 -1 -16 0 -15 1 -16 0 -16 1 -16 1 -16 1 -16 2 -16 3 -16 2 -16 3 -15 3 -14 3 -15 4 -15 4 -14 4 -14 4 -13 3 -14 3 -14 2 -13 0 0 2 -12 2 -12 2 -12 1 -12 1 -12 1 -12 0 -12 -1 -11 -1 -11 -2 -10 -2 -11 -2 -11 -2 -11 -3 -11 -3 -10 -4 -10 -4 -11 -5 -10 -5 -11 -5 -10 -5 -10 -5 -11 -6 -11 -8 -11 -7 -11 -8 -10 0 0 0 0 0 0 0 0 0 0]"
"1772697611525121,CSI_DATA,STATION,00:00:00:00:00:00,0,0,0,0,0,0,0,0,0,0,0,0,0,0,0,0,0,0,0,0,0,128,[84 -64 4 0 0 0 0 0 0 0 0 0 -15 5 -17 5 -16 5 -19 4 -17 3 -18 3 -17 2 -17 1 -18 1 -17 1 -19 1 -19 1 -19 1 -18 0 -19 -2 -19 -1 -18 -1 -16 -2 -18 -2 -17 -2 -16 -3 -16 -3 -15 -3 -16 -2 -16 -2 -16 -1 0 0 -15 -1 -14 0 -14 0 -13 0 -14 0 -13 1 -14 1 -12 1 -13 2 -12 3 -13 4 -12 3 -12 4 -12 5 -12 4 -12 6 -11 6 -10 7 -11 7 -9 7 -11 7 -11 7 -10 8 -10 10 -11 9 -10 10 0 0 0 0 0 0 0 0 0 0]"
"1772697611541174,CSI_DATA,STATION,00:00:00:00:00:00,0,0,0,0,0,0,0,0,0,0,0,0,0,0,0,0,0,0,0,0,0,128,[84 -64 4 0 0 0 0 0 0 0 0 0 1 -18 1 -19 2 -20 3 -19 3 -20 3 -18 4 -19 5 -19 5 -19 6 -19 6 -18 6 -18 7 -18 7 -18 8 -18 7 -18 8 -17 8 -16 8 -17 8 -16 8 -15 8 -16 8 -14 7 -15 8 -15 7 -14 0 0 6 -14 5 -13 5 -13 4 -13 4 -13 4 -14 3 -14 2 -13 2 -13 1 -12 1 -13 1 -13 1 -13 -1 -13 -1 -13 -1 -12 -2 -14 -3 -13 -3 -13 -3 -13 -4 -13 -4 -13 -5 -14 -6 -14 -5 -14 -6 -14 0 0 0 0 0 0 0 0 0 0]"
"1772697611541174,CSI_DATA,STATION,00:00:00:00:00:00,0,0,0,0,0,0,0,0,0,0,0,0,0,0,0,0,0,0,0,0,0,128,[84 -64 4 0 0 0 0 0 0 0 0 0 -16 -6 -16 -7 -16 -8 -16 -9 -15 -9 -15 -10 -14 -10 -14 -10 -13 -11 -13 -11 -14 -12 -14 -12 -13 -13 -13 -13 -12 -13 -13 -13 -12 -13 -11 -13 -11 -14 -10 -13 -10 -13 -9 -13 -9 -12 -10 -12 -9 -12 -10 -11 0 0 -9 -11 -9 -10 -10 -10 -10 -9 -9 -10 -10 -9 -10 -9 -10 -8 -10 -8 -10 -7 -11 -6 -10 -7 -11 -6 -11 -6 -11 -5 -11 -5 -12 -5 -12 -4 -12 -4 -12 -3 -12 -4 -13 -4 -13 -3 -13 -2 -14 -2 -14 -2 0 0 0 0 0 0 0 0 0 0]"
"1772697611556920,CSI_DATA,STATION,00:00:00:00:00:00,0,0,0,0,0,0,0,0,0,0,0,0,0,0,0,0,0,0,0,0,0,128,[84 -64 4 0 0 0 0 0 0 0 0 0 -7 -13 -7 -14 -7 -14 -6 -16 -5 -15 -5 -15 -4 -15 -4 -15 -3 -15 -3 -15 -3 -16 -4 -16 -3 -16 -2 -16 -2 -16 -2 -16 -1 -15 -1 -15 -1 -15 0 -15 -1 -14 -1 -15 0 -13 -1 -14 0 -14 -1 -13 0 0 -1 -13 -2 -12 -2 -12 -2 -11 -2 -12 -3 -12 -3 -12 -3 -11 -4 -11 -5 -10 -5 -10 -4 -10 -5 -10 -5 -10 -5 -9 -6 -9 -7 -10 -7 -9 -7 -9 -7 -8 -8 -9 -8 -9 -8 -8 -9 -8 -9 -9 -10 -8 0 0 0 0 0 0 0 0 0 0]"
"1772697611573181,CSI_DATA,STATION,00:00:00:00:00:00,0,0,0,0,0,0,0,0,0,0,0,0,0,0,0,0,0,0,0,0,0,128,[84 -64 4 0 0 0 0 0 0 0 0 0 13 -12 14 -11 14 -12 14 -11 15 -10 16 -10 15 -10 15 -9 16 -9 16 -8 17 -8 17 -7 17 -7 16 -7 17 -6 16 -5 17 -5 16 -5 16 -5 16 -4 16 -4 15 -4 14 -4 14 -4 14 -4 14 -4 0 0 13 -5 12 -5 12 -5 11 -5 12 -6 12 -6 11 -6 11 -7 11 -7 10 -7 10 -8 10 -7 9 -8 10 -8 9 -8 9 -9 8 -9 8 -10 8 -10 6 -10 7 -11 7 -11 6 -11 6 -12 7 -12 7 -13 0 0 0 0 0 0 0 0 0 0]"
"1772697611589590,CSI_DATA,STATION,00:00:00:00:00:00,0,0,0,0,0,0,0,0,0,0,0,0,0,0,0,0,0,0,0,0,0,128,[84 -64 4 0 0 0 0 0 0 0 0 0 -12 8 -13 8 -13 8 -15 7 -14 6 -14 6 -14 5 -14 5 -15 4 -14 4 -15 5 -15 5 -15 4 -15 4 -15 2 -16 3 -15 2 -15 2 -15 2 -14 1 -14 0 -14 1 -13 0 -14 1 -14 1 -13 2 0 0 -13 1 -12 2 -12 2 -11 2 -11 2 -11 3 -11 3 -10 3 -11 4 -10 5 -10 5 -10 4 -10 5 -9 5 -9 4 -9 6 -9 7 -8 6 -8 7 -7 6 -8 7 -8 7 -8 8 -7 9 -8 9 -8 9 0 0 0 0 0 0 0 0 0 0]"
"1772697611621943,CSI_DATA,STATION,00:00:00:00:00:00,0,0,0,0,0,0,0,0,0,0,0,0,0,0,0,0,0,0,0,0,0,128,[84 -64 4 0 0 0 0 0 0 0 0 0 -16 3 -16 3 -16 2 -17 2 -17 1 -17 0 -17 -1 -16 -2 -16 -2 -16 -2 -17 -2 -17 -2 -16 -2 -16 -2 -17 -4 -17 -3 -16 -4 -15 -4 -16 -4 -15 -5 -15 -5 -15 -5 -13 -5 -14 -5 -14 -5 -14 -4 0 0 -13 -4 -12 -3 -13 -3 -12 -2 -12 -3 -12 -2 -12 -2 -11 -1 -12 -1 -11 1 -12 1 -12 0 -11 0 -11 1 -11 1 -12 2 -11 2 -11 3 -11 3 -11 4 -11 4 -11 4 -11 5 -11 6 -11 6 -11 6 0 0 0 0 0 0 0 0 0 0]"
"1772697611669837,CSI_DATA,STATION,00:00:00:00:00:00,0,0,0,0,0,0,0,0,0,0,0,0,0,0,0,0,0,0,0,0,0,128,[84 -64 4 0 0 0 0 0 0 0 0 0 -21 7 -22 7 -22 6 -25 5 -22 4 -22 3 -23 2 -22 2 -22 1 -22 1 -24 1 -25 1 -24 0 -24 0 -23 -2 -25 -1 -23 -2 -22 -2 -23 -3 -21 -4 -20 -4 -22 -4 -20 -5 -21 -3 -21 -4 -20 -3 0 0 -20 -3 -18 -2 -19 -1 -17 -1 -18 -1 -18 -1 -18 -1 -17 0 -18 1 -17 2 -17 4 -16 2 -16 3 -16 3 -16 3 -16 5 -17 5 -15 6 -15 6 -13 6 -15 6 -14 6 -14 8 -14 10 -15 9 -14 10 0 0 0 0 0 0 0 0 0 0]"
"1772697611669837,CSI_DATA,STATION,00:00:00:00:00:00,0,0,0,0,0,0,0,0,0,0,0,0,0,0,0,0,0,0,0,0,0,128,[84 -64 4 0 0 0 0 0 0 0 0 0 -3 -19 -3 -19 -1 -19 -1 -20 0 -21 1 -19 1 -19 1 -18 2 -19 2 -19 2 -19 2 -19 2 -20 3 -20 3 -20 3 -19 4 -19 4 -18 4 -19 5 -18 4 -18 5 -18 5 -16 4 -17 5 -17 4 -16 0 0 3 -15 3 -15 2 -15 2 -14 2 -15 1 -15 1 -15 0 -15 0 -14 -1 -14 -2 -14 -1 -14 -2 -14 -2 -14 -3 -14 -3 -13 -4 -14 -4 -13 -5 -12 -5 -12 -6 -13 -6 -12 -6 -13 -7 -13 -8 -13 -8 -13 0 0 0 0 0 0 0 0 0 0]"
"1772697611685571,CSI_DATA,STATION,00:00:00:00:00:00,0,0,0,0,0,0,0,0,0,0,0,0,0,0,0,0,0,0,0,0,0,128,[84 -64 4 0 0 0 0 0 0 0 0 0 -13 9 -14 9 -14 9 -15 9 -15 8 -15 7 -15 6 -15 6 -15 5 -14 5 -16 6 -16 6 -16 6 -16 5 -16 4 -17 5 -17 4 -16 3 -16 4 -16 2 -15 2 -16 2 -15 0 -16 2 -15 2 -15 3 0 0 -15 2 -12 3 -14 3 -12 3 -13 4 -13 4 -13 4 -12 5 -12 5 -10 5 -11 7 -11 6 -11 6 -10 7 -10 5 -10 7 -10 7 -9 8 -9 8 -8 7 -9 8 -8 8 -8 9 -7 10 -8 10 -7 10 0 0 0 0 0 0 0 0 0 0]"
"1772697611782621,CSI_DATA,STATION,00:00:00:00:00:00,0,0,0,0,0,0,0,0,0,0,0,0,0,0,0,0,0,0,0,0,0,128,[84 -64 4 0 0 0 0 0 0 0 0 0 -31 -13 -39 -15 -57 -27 -72 -21 -50 -13 -59 -13 -54 -24 -54 -16 -63 -26 -63 -22 -92 -46 -83 -54 -69 -51 -82 -46 -59 -33 -91 -48 -73 -53 -62 -39 -72 -42 -70 -49 -44 -43 -61 -55 -49 -36 -70 -39 -92 -52 -80 -51 0 0 -87 -60 -93 -56 -86 -51 -78 -52 -66 -48 -82 -54 -89 -53 -81 -51 -84 -52 -57 -44 -84 -68 -52 -37 -75 -50 -65 -52 -81 -69 -82 -60 -94 -65 -80 -47 -87 -62 -64 -37 -69 -46 -80 -51 -70 -35 -85 -47 -56 -27 -68 -39 0 0 0 0 0 0 0 0 0 0]"
"1772697611814655,CSI_DATA,STATION,00:00:00:00:00:00,0,0,0,0,0,0,0,0,0,0,0,0,0,0,0,0,0,0,0,0,0,128,[84 -64 4 0 0 0 0 0 0 0 0 0 -45 30 -26 31 -59 37 -48 24 -46 31 -48 25 -67 31 -29 19 -50 24 -61 19 -75 45 -90 37 -88 38 -67 27 -70 17 -91 36 -95 29 -61 24 -79 19 -72 21 -82 26 -100 17 -56 27 -90 23 -98 31 -85 24 0 0 -100 24 -98 32 -99 38 -100 26 -75 38 -84 27 -84 16 -85 23 -89 24 -83 9 -105 17 -72 19 -77 29 -93 4 -95 9 -113 20 -117 25 -87 28 -96 17 -77 7 -94 18 -96 27 -74 20 -85 15 -68 21 -55 25 0 0 0 0 0 0 0 0 0 0]"
"1772697611846687,CSI_DATA,STATION,00:00:00:00:00:00,0,0,0,0,0,0,0,0,0,0,0,0,0,0,0,0,0,0,0,0,0,128,[84 -64 4 0 0 0 0 0 0 0 0 0 -19 -5 -19 -5 -19 -4 -19 -6 -18 -7 -18 -7 -18 -8 -18 -8 -17 -9 -17 -9 -18 -9 -18 -9 -17 -10 -17 -10 -16 -11 -17 -10 -16 -11 -15 -10 -15 -11 -15 -11 -14 -11 -13 -11 -13 -11 -13 -10 -13 -9 -12 -9 0 0 -12 -8 -12 -7 -12 -6 -13 -5 -12 -6 -13 -5 -13 -6 -13 -6 -13 -5 -13 -4 -13 -3 -12 -3 -12 -3 -12 -3 -12 -2 -12 -1 -12 -1 -12 0 -12 0 -12 0 -12 1 -12 1 -12 2 -11 3 -12 3 -12 4 0 0 0 0 0 0 0 0 0 0]"
"1772697611862364,CSI_DATA,STATION,00:00:00:00:00:00,0,0,0,0,0,0,0,0,0,0,0,0,0,0,0,0,0,0,0,0,0,128,[84 -64 4 0 0 0 0 0 0 0 0 0 -18 6 -18 6 -18 6 -19 5 -19 4 -19 4 -18 3 -19 3 -19 2 -19 2 -19 2 -19 2 -19 1 -20 1 -20 0 -19 0 -19 0 -18 0 -19 0 -17 -1 -17 -1 -17 -2 -16 -2 -16 -1 -16 -1 -15 -1 0 0 -15 -1 -14 0 -14 0 -13 1 -13 1 -14 2 -13 2 -13 3 -13 3 -13 3 -12 3 -12 3 -12 4 -12 4 -11 4 -11 5 -10 5 -10 5 -10 6 -10 6 -10 7 -9 7 -9 7 -8 8 -9 9 -8 9 0 0 0 0 0 0 0 0 0 0]"
"1772697611862364,CSI_DATA,STATION,00:00:00:00:00:00,0,0,0,0,0,0,0,0,0,0,0,0,0,0,0,0,0,0,0,0,0,128,[84 -64 4 0 0 0 0 0 0 0 0 0 -19 -3 -19 -3 -19 -3 -19 -4 -18 -5 -18 -5 -18 -6 -18 -6 -18 -7 -18 -7 -18 -7 -18 -7 -18 -8 -18 -8 -17 -9 -18 -8 -17 -9 -16 -9 -16 -9 -16 -10 -15 -9 -15 -9 -14 -9 -14 -9 -14 -9 -13 -8 0 0 -13 -7 -12 -6 -12 -6 -13 -5 -13 -5 -13 -5 -13 -4 -13 -4 -13 -3 -13 -3 -13 -2 -12 -2 -12 -2 -12 -1 -12 -1 -12 -1 -12 0 -12 1 -12 1 -11 2 -12 2 -11 2 -12 3 -11 4 -12 4 -12 5 0 0 0 0 0 0 0 0 0 0]"
"1772697611862364,CSI_DATA,STATION,00:00:00:00:00:00,0,0,0,0,0,0,0,0,0,0,0,0,0,0,0,0,0,0,0,0,0,128,[84 -64 4 0 0 0 0 0 0 0 0 0 -19 0 -19 -1 -19 -1 -19 -2 -19 -3 -19 -3 -19 -4 -19 -4 -18 -5 -18 -5 -19 -5 -19 -5 -18 -6 -18 -6 -18 -7 -18 -6 -18 -7 -17 -7 -17 -7 -17 -8 -16 -7 -15 -7 -15 -7 -15 -7 -14 -7 -14 -6 0 0 -13 -5 -13 -4 -13 -4 -13 -3 -13 -3 -13 -3 -14 -2 -13 -2 -13 -1 -13 -1 -13 -1 -13 -1 -12 -1 -12 0 -12 0 -12 1 -12 2 -12 2 -12 3 -11 3 -11 4 -11 4 -11 4 -11 6 -11 6 -11 6 0 0 0 0 0 0 0 0 0 0]"
"1772697611878193,CSI_DATA,STATION,00:00:00:00:00:00,0,0,0,0,0,0,0,0,0,0,0,0,0,0,0,0,0,0,0,0,0,128,[84 -64 4 0 0 0 0 0 0 0 0 0 -4 17 -5 17 -6 18 -6 18 -7 17 -7 17 -8 16 -8 16 -9 16 -8 17 -9 16 -9 16 -9 16 -10 16 -11 16 -10 16 -10 14 -11 14 -11 15 -11 14 -11 13 -11 13 -10 12 -10 13 -9 12 -8 11 0 0 -8 11 -7 11 -6 12 -6 12 -5 12 -5 12 -6 12 -4 12 -4 11 -4 11 -3 12 -3 12 -3 12 -2 11 -2 11 -1 11 -1 11 0 11 0 11 1 10 1 10 2 11 2 11 4 10 4 11 4 11 0 0 0 0 0 0 0 0 0 0]"
"1772697611878193,CSI_DATA,STATION,00:00:00:00:00:00,0,0,0,0,0,0,0,0,0,0,0,0,0,0,0,0,0,0,0,0,0,128,[84 -64 4 0 0 0 0 0 0 0 0 0 1 20 1 20 0 21 -1 20 -2 21 -2 19 -2 19 -3 19 -3 20 -3 21 -4 20 -4 20 -5 20 -5 20 -6 20 -5 20 -6 18 -6 18 -6 18 -7 18 -7 17 -7 17 -7 16 -7 16 -6 16 -6 14 0 0 -4 14 -4 14 -3 14 -3 13 -2 14 -2 14 -2 14 -1 14 -1 13 0 13 0 13 0 13 0 13 1 12 1 12 2 12 3 12 3 11 4 11 4 10 5 11 5 11 6 11 7 11 7 10 8 10 0 0 0 0 0 0 0 0 0 0]"
"1772697611878193,CSI_DATA,STATION,00:00:00:00:00:00,0,0,0,0,0,0,0,0,0,0,0,0,0,0,0,0,0,0,0,0,0,128,[84 -64 4 0 0 0 0 0 0 0 0 0 14 -12 15 -11 15 -11 15 -11 16 -10 16 -9 16 -9 16 -8 17 -8 16 -8 17 -8 17 -7 17 -7 17 -7 17 -6 17 -6 17 -5 17 -6 17 -5 17 -4 16 -4 16 -4 15 -3 15 -4 14 -4 13 -4 0 0 13 -5 12 -5 11 -6 11 -6 11 -6 11 -6 11 -7 11 -7 10 -7 10 -7 10 -8 9 -8 9 -8 8 -8 8 -9 8 -9 7 -10 7 -9 6 -9 6 -10 6 -10 5 -10 5 -11 4 -11 4 -12 3 -12 0 0 0 0 0 0 0 0 0 0]"
"1772697611894256,CSI_DATA,STATION,00:00:00:00:00:00,0,0,0,0,0,0,0,0,0,0,0,0,0,0,0,0,0,0,0,0,0,128,[84 -64 4 0 0 0 0 0 0 0 0 0 1 -19 2 -20 2 -20 4 -21 4 -20 5 -19 5 -19 6 -18 6 -18 6 -19 6 -19 6 -19 7 -19 7 -19 9 -19 8 -18 8 -17 8 -16 9 -17 9 -16 9 -15 9 -15 8 -14 8 -15 8 -15 7 -14 0 0 6 -13 5 -13 5 -14 4 -13 4 -14 4 -14 4 -14 3 -14 3 -14 1 -13 0 -14 1 -14 1 -14 0 -14 1 -12 -1 -13 -1 -13 -2 -12 -2 -12 -3 -11 -3 -12 -3 -12 -4 -12 -6 -12 -6 -12 -6 -12 0 0 0 0 0 0 0 0 0 0]"
"1772697611894256,CSI_DATA,STATION,00:00:00:00:00:00,0,0,0,0,0,0,0,0,0,0,0,0,0,0,0,0,0,0,0,0,0,128,[84 -64 4 0 0 0 0 0 0 0 0 0 4 -18 5 -19 6 -18 7 -19 7 -18 7 -18 8 -17 8 -17 8 -17 9 -17 9 -17 10 -17 10 -16 10 -16 11 -16 10 -15 11 -15 11 -13 12 -15 11 -14 11 -13 11 -13 10 -11 11 -12 10 -12 9 -11 0 0 8 -11 7 -11 7 -12 6 -11 6 -12 6 -13 6 -13 5 -12 5 -12 4 -11 4 -12 4 -12 4 -12 3 -13 3 -12 2 -12 2 -12 1 -12 0 -12 0 -11 0 -12 -1 -12 -2 -12 -2 -12 -2 -12 -3 -12 0 0 0 0 0 0 0 0 0 0]"
"1772697611894256,CSI_DATA,STATION,00:00:00:00:00:00,0,0,0,0,0,0,0,0,0,0,0,0,0,0,0,0,0,0,0,0,0,128,[84 -64 4 0 0 0 0 0 0 0 0 0 -18 6 -18 6 -19 6 -19 5 -19 4 -19 4 -19 3 -19 2 -19 2 -19 2 -19 2 -19 2 -19 1 -19 1 -19 0 -20 0 -19 -1 -19 -1 -18 -1 -18 -2 -17 -2 -17 -2 -17 -2 -16 -2 -16 -1 -15 -1 0 0 -14 -1 -13 0 -13 1 -13 1 -13 2 -13 2 -13 2 -13 2 -13 3 -13 3 -13 4 -12 4 -12 4 -11 4 -12 4 -11 5 -11 5 -10 5 -10 6 -9 6 -10 7 -9 7 -9 8 -8 9 -8 9 -8 9 0 0 0 0 0 0 0 0 0 0]"
"1772697611910265,CSI_DATA,STATION,00:00:00:00:00:00,0,0,0,0,0,0,0,0,0,0,0,0,0,0,0,0,0,0,0,0,0,128,[47 -16 2 0 0 0 0 0 0 0 0 0 -20 -7 -18 -4 -16 -7 -11 -3 -12 -5 -6 -4 -5 -3 -1 -3 1 -1 3 -1 5 0 6 3 8 5 10 5 12 6 13 7 12 9 16 9 16 10 17 13 19 10 20 11 21 10 22 10 25 10 24 13 0 0 31 11 30 13 32 13 32 16 33 16 31 17 31 17 29 20 27 22 26 19 26 20 23 16 19 14 18 11 18 9 15 6 13 6 14 3 13 -2 10 -6 12 -10 10 -10 10 -13 11 -17 12 -16 12 -21 0 0 0 0 0 0 0 0 0 0]"
"1772697611910265,CSI_DATA,STATION,00:00:00:00:00:00,0,0,0,0,0,0,0,0,0,0,0,0,0,0,0,0,0,0,0,0,0,128,[47 -16 2 0 0 0 0 0 0 0 0 0 -18 10 -16 9 -14 7 -13 5 -10 4 -11 0 -6 0 -3 -4 -1 -2 1 -2 5 -2 6 -3 8 -3 11 -5 12 -2 16 -3 15 -2 18 -2 20 -3 19 -5 21 -4 20 -5 23 -7 24 -7 25 -8 27 -6 0 0 31 -11 30 -13 33 -12 34 -10 34 -9 36 -11 37 -9 33 -7 36 -5 32 -3 30 -2 29 -4 25 -3 20 -4 19 -4 17 -5 12 -7 10 -8 9 -9 4 -10 5 -13 2 -15 -1 -17 -3 -18 -3 -20 -6 -23 0 0 0 0 0 0 0 0 0 0]"
"1772697611910265,CSI_DATA,STATION,00:00:00:00:00:00,0,0,0,0,0,0,0,0,0,0,0,0,0,0,0,0,0,0,0,0,0,128,[84 -64 4 0 0 0 0 0 0 0 0 0 -13 14 -15 14 -14 14 -16 15 -15 13 -16 12 -16 11 -16 11 -17 10 -16 11 -18 11 -18 10 -18 11 -18 10 -19 9 -18 9 -18 8 -17 7 -19 9 -18 7 -18 6 -17 6 -16 5 -16 7 -16 6 -14 6 0 0 -13 6 -12 7 -12 8 -11 8 -13 8 -12 8 -12 8 -10 8 -11 8 -9 8 -9 10 -9 9 -9 9 -8 10 -8 9 -7 10 -6 10 -6 10 -5 10 -5 10 -5 10 -4 11 -4 11 -3 12 -3 12 -2 12 0 0 0 0 0 0 0 0 0 0]"
"1772697611926001,CSI_DATA,STATION,00:00:00:00:00:00,0,0,0,0,0,0,0,0,0,0,0,0,0,0,0,0,0,0,0,0,0,128,[84 -64 4 0 0 0 0 0 0 0 0 0 15 11 15 11 14 12 14 13 14 13 13 13 13 13 13 13 12 14 12 13 12 14 12 14 11 15 11 15 11 15 11 15 10 15 10 15 9 15 8 15 8 15 7 14 8 13 7 14 7 13 8 12 0 0 7 10 8 10 8 10 9 9 9 10 9 9 9 9 9 8 9 8 9 7 9 7 9 7 10 7 10 6 10 6 10 5 10 5 10 3 10 3 10 3 10 2 11 3 11 2 11 1 12 1 12 0 0 0 0 0 0 0 0 0 0 0]"
"1772697611926001,CSI_DATA,STATION,00:00:00:00:00:00,0,0,0,0,0,0,0,0,0,0,0,0,0,0,0,0,0,0,0,0,0,128,[84 -64 4 0 0 0 0 0 0 0 0 0 1 18 0 19 -1 19 -2 20 -2 19 -3 19 -3 18 -3 18 -3 18 -4 18 -4 18 -4 18 -5 19 -5 19 -6 19 -5 18 -6 18 -6 16 -7 17 -7 17 -7 16 -7 15 -6 14 -6 15 -6 14 -5 13 0 0 -4 13 -3 13 -3 13 -3 12 -2 13 -2 13 -2 13 -2 12 -1 12 0 12 0 11 0 12 0 12 1 11 1 11 2 11 3 11 3 10 3 10 4 9 5 10 5 10 5 10 6 10 6 10 7 9 0 0 0 0 0 0 0 0 0 0]"
"1772697611926001,CSI_DATA,STATION,00:00:00:00:00:00,0,0,0,0,0,0,0,0,0,0,0,0,0,0,0,0,0,0,0,0,0,128,[84 -64 4 0 0 0 0 0 0 0 0 0 -28 5 -28 4 -28 4 -30 3 -28 2 -29 1 -28 1 -28 0 -28 0 -28 0 -28 0 -30 -1 -28 -1 -28 -2 -28 -3 -28 -2 -28 -4 -27 -5 -27 -4 -26 -5 -25 -5 -24 -5 -23 -5 -24 -4 -23 -3 -22 -3 0 0 -20 -1 -20 -1 -20 0 -19 1 -20 1 -19 1 -19 2 -19 2 -19 3 -18 3 -19 4 -17 5 -17 4 -17 4 -16 5 -16 6 -16 6 -15 7 -15 7 -14 8 -13 9 -14 9 -13 11 -13 12 -12 12 -13 13 0 0 0 0 0 0 0 0 0 0]"
"1772697611941688,CSI_DATA,STATION,00:00:00:00:00:00,0,0,0,0,0,0,0,0,0,0,0,0,0,0,0,0,0,0,0,0,0,128,[84 -64 4 0 0 0 0 0 0 0 0 0 -29 5 -30 5 -30 4 -31 3 -29 3 -30 1 -29 1 -29 0 -28 0 -28 -1 -29 0 -29 -1 -29 0 -29 -1 -29 -2 -28 -3 -29 -4 -27 -4 -27 -5 -26 -3 -25 -4 -25 -4 -23 -5 -23 -3 -23 -3 -22 -3 0 0 -20 -1 -20 0 -20 1 -19 2 -19 2 -19 3 -19 3 -19 3 -18 4 -17 4 -18 5 -17 5 -17 6 -18 6 -16 6 -16 7 -15 7 -15 8 -15 8 -13 9 -13 10 -12 11 -12 12 -12 13 -12 13 -12 14 0 0 0 0 0 0 0 0 0 0]"
"1772697611941688,CSI_DATA,STATION,00:00:00:00:00:00,0,0,0,0,0,0,0,0,0,0,0,0,0,0,0,0,0,0,0,0,0,128,[84 -64 4 0 0 0 0 0 0 0 0 0 10 16 9 18 9 18 8 18 7 18 7 18 6 18 5 18 5 18 5 18 5 18 5 18 5 19 4 18 3 19 4 18 3 18 3 18 2 18 1 17 1 17 0 16 1 15 1 15 1 15 2 14 0 0 2 13 3 12 3 12 4 11 4 12 4 12 4 12 4 11 5 11 6 10 6 10 6 10 6 10 6 10 6 9 7 8 7 8 7 7 7 7 7 6 8 6 8 7 9 6 10 5 10 5 11 5 0 0 0 0 0 0 0 0 0 0]"
"1772697611941688,CSI_DATA,STATION,00:00:00:00:00:00,0,0,0,0,0,0,0,0,0,0,0,0,0,0,0,0,0,0,0,0,0,128,[84 -64 4 0 0 0 0 0 0 0 0 0 21 5 21 5 21 6 21 7 21 8 20 8 20 9 19 9 19 9 19 10 19 9 19 10 18 10 18 10 18 11 18 11 17 11 16 11 16 11 15 11 14 11 14 11 14 11 14 10 13 10 13 8 0 0 13 7 12 7 12 6 13 5 13 5 13 5 13 5 12 4 14 3 13 2 13 2 13 3 12 2 12 2 13 1 12 0 12 -1 12 -1 12 -2 11 -3 12 -3 12 -3 12 -4 12 -6 13 -6 12 -6 0 0 0 0 0 0 0 0 0 0]"
"1772697611957799,CSI_DATA,STATION,00:00:00:00:00:00,0,0,0,0,0,0,0,0,0,0,0,0,0,0,0,0,0,0,0,0,0,128,[84 -64 4 0 0 0 0 0 0 0 0 0 -16 -14 -15 -14 -16 -15 -15 -15 -14 -15 -14 -16 -13 -16 -13 -16 -12 -16 -12 -16 -12 -16 -12 -16 -12 -17 -12 -17 -11 -17 -11 -17 -10 -17 -10 -17 -9 -17 -9 -17 -8 -17 -7 -17 -8 -15 -8 -16 -7 -15 -8 -13 0 0 -8 -13 -8 -12 -8 -11 -9 -10 -9 -12 -9 -11 -9 -11 -9 -10 -10 -9 -10 -9 -10 -9 -10 -8 -10 -8 -10 -7 -10 -7 -10 -6 -11 -6 -11 -5 -11 -5 -11 -4 -11 -4 -12 -4 -12 -3 -12 -3 -13 -2 -13 -2 0 0 0 0 0 0 0 0 0 0]"
"1772697611957799,CSI_DATA,STATION,00:00:00:00:00:00,0,0,0,0,0,0,0,0,0,0,0,0,0,0,0,0,0,0,0,0,0,128,[84 -64 4 0 0 0 0 0 0 0 0 0 -32 -5 -33 -6 -32 -6 -34 -8 -30 -8 -30 -10 -30 -10 -30 -11 -29 -12 -29 -12 -30 -12 -31 -12 -30 -13 -30 -12 -29 -13 -30 -13 -28 -15 -26 -14 -27 -15 -26 -14 -25 -15 -23 -15 -22 -14 -23 -13 -23 -13 -22 -11 0 0 -21 -9 -20 -8 -21 -7 -20 -6 -21 -6 -21 -6 -20 -5 -21 -5 -21 -4 -21 -4 -21 -2 -20 -2 -19 -2 -21 -2 -19 -1 -20 -1 -19 1 -19 1 -18 1 -18 4 -18 4 -18 4 -18 7 -18 8 -17 8 -18 8 0 0 0 0 0 0 0 0 0 0]"
"1772697611957799,CSI_DATA,STATION,00:00:00:00:00:00,0,0,0,0,0,0,0,0,0,0,0,0,0,0,0,0,0,0,0,0,0,128,[84 -64 4 0 0 0 0 0 0 0 0 0 -11 19 -12 19 -13 19 -13 19 -14 17 -14 17 -14 17 -14 17 -14 16 -14 17 -14 17 -14 17 -15 17 -15 16 -16 16 -16 15 -16 14 -15 13 -16 14 -16 13 -15 12 -15 11 -14 11 -14 12 -13 11 -12 11 0 0 -11 11 -10 11 -10 11 -9 11 -9 12 -8 12 -8 12 -7 12 -7 11 -6 11 -6 12 -6 12 -5 12 -5 12 -5 12 -4 12 -3 12 -3 12 -2 12 -1 12 -1 11 0 13 1 12 2 12 2 13 2 13 0 0 0 0 0 0 0 0 0 0]"
"1772697611973791,CSI_DATA,STATION,00:00:00:00:00:00,0,0,0,0,0,0,0,0,0,0,0,0,0,0,0,0,0,0,0,0,0,128,[84 -64 4 0 0 0 0 0 0 0 0 0 10 -21 10 -21 11 -21 11 -20 12 -20 12 -19 12 -18 13 -18 13 -18 13 -18 13 -18 13 -17 14 -18 14 -18 14 -17 15 -16 15 -15 15 -15 15 -15 15 -14 14 -13 14 -13 13 -12 13 -13 12 -12 11 -12 0 0 10 -12 9 -12 8 -12 8 -12 8 -13 7 -13 7 -14 6 -13 6 -13 6 -13 5 -13 4 -13 4 -13 4 -13 3 -13 3 -13 2 -13 1 -13 1 -13 0 -13 0 -13 -1 -13 -1 -13 -2 -13 -2 -14 -3 -14 0 0 0 0 0 0 0 0 0 0]"
"1772697611973791,CSI_DATA,STATION,00:00:00:00:00:00,0,0,0,0,0,0,0,0,0,0,0,0,0,0,0,0,0,0,0,0,0,128,[84 -64 4 0 0 0 0 0 0 0 0 0 19 8 18 9 18 9 18 10 17 10 17 10 16 10 16 11 16 11 16 11 16 12 16 11 16 12 16 12 14 13 15 12 14 12 13 13 13 13 12 12 11 13 11 12 11 12 10 11 10 10 11 9 0 0 10 8 10 8 10 7 11 7 10 6 10 6 11 6 11 5 11 5 11 4 12 3 11 4 11 4 10 3 11 2 11 1 11 1 11 0 10 0 11 -1 10 -1 10 -2 11 -2 11 -3 12 -3 11 -4 0 0 0 0 0 0 0 0 0 0]"
"1772697611973791,CSI_DATA,STATION,00:00:00:00:00:00,0,0,0,0,0,0,0,0,0,0,0,0,0,0,0,0,0,0,0,0,0,128,[84 -64 4 0 0 0 0 0 0 0 0 0 18 -23 20 -23 20 -23 20 -23 21 -21 22 -20 21 -20 22 -19 22 -19 22 -18 23 -19 23 -18 22 -18 23 -17 23 -17 23 -17 23 -15 22 -14 23 -15 22 -14 21 -13 21 -13 19 -11 19 -12 18 -12 18 -12 0 0 15 -13 15 -12 13 -13 13 -13 12 -13 12 -15 12 -14 11 -14 10 -15 9 -14 10 -15 8 -15 9 -15 8 -15 8 -15 7 -15 6 -16 5 -15 4 -16 3 -16 3 -16 2 -16 0 -17 0 -17 0 -17 -1 -18 0 0 0 0 0 0 0 0 0 0]"
"1772697611989683,CSI_DATA,STATION,00:00:00:00:00:00,0,0,0,0,0,0,0,0,0,0,0,0,0,0,0,0,0,0,0,0,0,128,[84 -64 4 0 0 0 0 0 0 0 0 0 17 12 17 13 16 13 16 14 15 14 14 14 15 15 14 15 14 15 13 15 14 16 13 16 12 16 12 16 11 17 12 17 11 16 9 16 9 16 9 16 8 16 8 15 7 14 8 14 8 14 8 12 0 0 8 11 8 10 9 10 10 9 9 10 9 10 10 9 9 8 10 8 9 7 10 7 9 7 10 7 10 6 10 6 10 5 10 4 11 3 10 3 10 2 10 2 10 2 11 1 11 0 12 0 12 0 0 0 0 0 0 0 0 0 0 0]"
"1772697611989683,CSI_DATA,STATION,00:00:00:00:00:00,0,0,0,0,0,0,0,0,0,0,0,0,0,0,0,0,0,0,0,0,0,128,[84 -64 4 0 0 0 0 0 0 0 0 0 -24 4 -25 3 -24 3 -26 2 -25 1 -25 0 -24 -1 -23 -1 -24 -2 -23 -2 -25 -1 -24 -2 -25 -2 -24 -2 -24 -4 -24 -3 -23 -4 -22 -4 -22 -5 -21 -5 -20 -5 -20 -5 -18 -6 -19 -4 -19 -4 -18 -3 0 0 -17 -2 -16 -1 -17 0 -15 0 -16 0 -16 1 -16 1 -15 1 -15 2 -13 3 -15 4 -14 3 -14 4 -14 5 -13 4 -13 5 -12 5 -11 6 -11 7 -10 7 -11 8 -10 8 -9 9 -9 10 -9 10 -9 11 0 0 0 0 0 0 0 0 0 0]"
"1772697611989683,CSI_DATA,STATION,00:00:00:00:00:00,0,0,0,0,0,0,0,0,0,0,0,0,0,0,0,0,0,0,0,0,0,128,[84 -64 4 0 0 0 0 0 0 0 0 0 15 13 14 14 14 14 13 15 13 15 12 15 12 15 12 15 11 16 11 16 12 15 11 16 11 16 11 17 9 17 10 17 9 16 8 17 7 17 7 16 6 16 6 15 6 14 6 14 6 13 7 12 0 0 6 11 6 11 7 10 8 10 7 10 8 10 8 10 8 9 8 9 8 8 9 8 8 8 9 7 9 7 9 6 9 6 9 6 9 4 9 4 9 3 9 3 9 3 10 2 10 2 11 1 11 0 0 0 0 0 0 0 0 0 0 0]"
"1772697612005766,CSI_DATA,STATION,00:00:00:00:00:00,0,0,0,0,0,0,0,0,0,0,0,0,0,0,0,0,0,0,0,0,0,128,[84 -64 4 0 0 0 0 0 0 0 0 0 -12 19 -13 19 -14 19 -15 19 -15 18 -14 17 -15 17 -15 16 -16 16 -16 16 -16 16 -16 15 -16 15 -17 15 -17 14 -17 14 -17 13 -16 11 -17 13 -17 12 -16 11 -16 11 -15 10 -15 11 -14 10 -13 10 0 0 -12 9 -11 10 -10 10 -10 10 -10 11 -9 11 -9 11 -8 11 -8 11 -7 11 -6 11 -7 11 -6 12 -5 11 -5 11 -4 10 -3 11 -3 10 -2 11 -2 10 -1 11 0 11 1 11 1 11 1 11 2 12 0 0 0 0 0 0 0 0 0 0]"
"1772697612005766,CSI_DATA,STATION,00:00:00:00:00:00,0,0,0,0,0,0,0,0,0,0,0,0,0,0,0,0,0,0,0,0,0,128,[84 -64 4 0 0 0 0 0 0 0 0 0 16 12 15 13 15 14 15 14 14 15 13 15 14 15 13 15 13 15 12 15 12 16 12 16 11 15 11 16 11 16 11 16 10 16 9 15 9 15 9 16 8 15 8 14 7 13 7 14 7 13 8 12 0 0 7 10 8 10 7 9 9 9 9 9 9 8 9 9 9 7 9 7 9 6 10 6 9 6 9 6 9 5 10 5 10 3 9 3 10 2 10 2 10 1 10 1 10 1 10 0 10 -1 11 -1 11 -2 0 0 0 0 0 0 0 0 0 0]"
"1772697612005766,CSI_DATA,STATION,00:00:00:00:00:00,0,0,0,0,0,0,0,0,0,0,0,0,0,0,0,0,0,0,0,0,0,128,[84 -64 4 0 0 0 0 0 0 0 0 0 -12 17 -13 16 -13 16 -14 16 -14 15 -14 14 -15 13 -15 14 -15 13 -15 13 -15 13 -15 13 -15 13 -16 12 -16 12 -15 12 -16 11 -16 10 -16 10 -16 9 -16 9 -15 9 -14 7 -13 9 -14 8 -12 9 0 0 -11 8 -10 8 -10 9 -9 9 -9 9 -9 9 -8 10 -8 10 -8 9 -7 9 -7 10 -7 10 -6 10 -5 9 -5 9 -4 9 -4 9 -3 9 -3 10 -2 9 -2 9 -2 10 0 10 0 10 0 10 1 10 0 0 0 0 0 0 0 0 0 0]"
"1772697612021791,CSI_DATA,STATION,00:00:00:00:00:00,0,0,0,0,0,0,0,0,0,0,0,0,0,0,0,0,0,0,0,0,0,128,[84 -64 4 0 0 0 0 0 0 0 0 0 21 2 22 3 21 4 22 5 20 5 21 5 20 6 21 7 20 7 19 7 20 7 20 7 20 8 20 8 20 9 19 9 18 10 16 10 18 10 17 10 16 10 15 10 14 9 14 9 14 9 14 8 0 0 13 6 13 6 13 5 13 4 13 4 13 4 13 4 13 3 13 3 12 2 13 1 12 2 12 1 12 1 11 0 11 -1 11 -1 11 -2 11 -2 10 -3 10 -4 10 -4 10 -4 10 -5 10 -6 10 -7 0 0 0 0 0 0 0 0 0 0]"
"1772697612125734,CSI_DATA,STATION,00:00:00:00:00:00,0,0,0,0,0,0,0,0,0,0,0,0,0,0,0,0,0,0,0,0,0,128,[84 -64 4 0 0 0 0 0 0 0 0 0 52 17 42 -8 63 16 62 21 58 5 40 27 56 19 30 18 41 30 56 33 71 39 84 63 78 58 58 34 55 43 83 53 74 62 47 42 57 55 59 51 62 57 61 72 49 36 72 65 74 74 62 58 0 0 60 86 65 77 69 77 63 74 79 57 70 79 47 82 62 65 60 75 27 75 47 103 39 51 59 57 16 86 35 83 44 96 51 94 55 75 46 80 23 75 48 79 51 66 34 49 36 80 44 53 55 45 0 0 0 0 0 0 0 0 0 0]"
"1772697612141643,CSI_DATA,STATION,00:00:00:00:00:00,0,0,0,0,0,0,0,0,0,0,0,0,0,0,0,0,0,0,0,0,0,128,[84 -64 4 0 0 0 0 0 0 0 0 0 -10 16 -11 14 -13 15 -13 15 -14 14 -14 13 -14 13 -15 13 -15 12 -15 12 -15 12 -15 12 -16 11 -16 11 -17 11 -16 12 -16 10 -16 9 -16 10 -16 10 -16 9 -16 9 -15 8 -15 9 -14 8 -13 9 0 0 -12 9 -11 9 -11 9 -10 10 -10 10 -9 11 -9 10 -9 10 -8 10 -8 10 -7 11 -7 11 -6 11 -6 11 -5 11 -5 11 -4 11 -3 10 -3 10 -3 10 -2 10 -1 11 0 12 1 11 1 12 1 11 0 0 0 0 0 0 0 0 0 0]"
"1772697612141643,CSI_DATA,STATION,00:00:00:00:00:00,0,0,0,0,0,0,0,0,0,0,0,0,0,0,0,0,0,0,0,0,0,128,[84 -64 4 0 0 0 0 0 0 0 0 0 -8 16 -10 15 -10 16 -11 17 -12 16 -12 15 -13 15 -13 14 -13 14 -14 14 -14 14 -15 14 -15 14 -15 13 -15 13 -15 13 -15 12 -15 11 -15 12 -16 11 -15 10 -15 10 -14 9 -14 10 -13 10 -12 10 0 0 -11 9 -10 10 -10 11 -9 10 -9 11 -9 11 -9 11 -8 10 -7 11 -7 11 -6 12 -6 11 -6 11 -5 11 -5 11 -4 11 -3 11 -3 11 -2 10 -2 10 -1 11 -1 11 0 11 2 11 1 12 2 12 0 0 0 0 0 0 0 0 0 0]"
"1772697612141643,CSI_DATA,STATION,00:00:00:00:00:00,0,0,0,0,0,0,0,0,0,0,0,0,0,0,0,0,0,0,0,0,0,128,[84 -64 4 0 0 0 0 0 0 0 0 0 -8 -17 -8 -18 -7 -19 -6 -19 -6 -20 -6 -19 -5 -19 -4 -20 -4 -19 -3 -20 -3 -20 -2 -20 -2 -21 -2 -20 -1 -20 -2 -20 -1 -19 -1 -20 0 -19 1 -19 1 -18 1 -18 0 -17 1 -17 1 -17 -1 -16 0 0 -1 -15 -2 -15 -2 -14 -3 -14 -3 -14 -3 -14 -3 -14 -4 -14 -5 -14 -5 -13 -6 -13 -5 -12 -5 -12 -5 -12 -6 -11 -6 -10 -6 -11 -7 -9 -7 -9 -8 -8 -9 -9 -9 -8 -10 -8 -10 -8 -10 -8 -11 -6 0 0 0 0 0 0 0 0 0 0]"
"1772697612157586,CSI_DATA,STATION,00:00:00:00:00:00,0,0,0,0,0,0,0,0,0,0,0,0,0,0,0,0,0,0,0,0,0,128,[84 -64 4 0 0 0 0 0 0 0 0 0 13 -16 14 -16 15 -16 16 -16 16 -15 16 -14 17 -13 17 -13 18 -13 17 -12 18 -13 19 -12 19 -12 19 -11 20 -11 19 -10 19 -10 18 -9 19 -9 19 -8 19 -8 18 -8 16 -7 16 -7 16 -8 15 -8 0 0 14 -8 13 -8 13 -9 12 -9 13 -10 12 -10 12 -10 11 -10 11 -10 10 -10 10 -11 9 -10 9 -11 9 -11 8 -11 7 -11 6 -12 6 -12 5 -12 4 -12 4 -12 3 -13 3 -13 2 -14 2 -14 1 -14 0 0 0 0 0 0 0 0 0 0]"
"1772697612157586,CSI_DATA,STATION,00:00:00:00:00:00,0,0,0,0,0,0,0,0,0,0,0,0,0,0,0,0,0,0,0,0,0,128,[84 -64 4 0 0 0 0 0 0 0 0 0 7 -19 8 -20 9 -20 10 -20 11 -19 11 -19 12 -18 13 -18 13 -18 13 -18 13 -18 14 -18 14 -17 14 -17 15 -17 15 -16 15 -15 15 -14 15 -15 16 -14 15 -13 15 -13 13 -12 13 -12 13 -13 12 -12 0 0 11 -11 11 -12 10 -12 9 -13 9 -13 9 -13 9 -13 8 -13 8 -13 7 -13 6 -14 6 -13 5 -14 5 -13 5 -13 4 -13 3 -14 2 -13 2 -13 1 -13 1 -13 0 -13 -1 -13 -3 -14 -3 -14 -3 -14 0 0 0 0 0 0 0 0 0 0]"
"1772697612157586,CSI_DATA,STATION,00:00:00:00:00:00,0,0,0,0,0,0,0,0,0,0,0,0,0,0,0,0,0,0,0,0,0,128,[84 -64 4 0 0 0 0 0 0 0 0 0 -18 3 -19 2 -19 1 -20 1 -20 0 -20 -1 -20 -1 -20 -2 -20 -2 -20 -2 -21 -2 -20 -3 -20 -3 -20 -4 -20 -5 -20 -5 -19 -5 -19 -5 -19 -5 -18 -5 -18 -5 -17 -6 -16 -6 -16 -5 -16 -5 -16 -4 0 0 -15 -4 -14 -3 -15 -2 -15 -2 -15 -1 -14 -1 -14 -1 -14 0 -14 0 -13 1 -14 1 -13 1 -13 2 -13 2 -13 2 -12 4 -12 4 -11 4 -11 4 -10 5 -11 5 -10 6 -9 7 -9 8 -10 8 -9 9 0 0 0 0 0 0 0 0 0 0]"
"1772697612173491,CSI_DATA,STATION,00:00:00:00:00:00,0,0,0,0,0,0,0,0,0,0,0,0,0,0,0,0,0,0,0,0,0,128,[84 -64 4 0 0 0 0 0 0 0 0 0 17 2 18 3 17 3 18 4 18 4 18 5 17 6 17 7 17 8 18 7 17 7 18 8 17 8 17 8 17 9 16 10 16 10 15 10 16 10 14 10 14 10 14 10 13 10 13 9 13 9 13 8 0 0 12 7 12 6 12 6 12 6 13 5 12 5 13 5 12 4 13 4 12 2 13 2 12 3 12 2 12 2 11 2 11 1 11 0 11 -1 11 -1 11 -2 11 -2 11 -3 10 -4 11 -5 11 -5 11 -6 0 0 0 0 0 0 0 0 0 0]"
"1772697612173491,CSI_DATA,STATION,00:00:00:00:00:00,0,0,0,0,0,0,0,0,0,0,0,0,0,0,0,0,0,0,0,0,0,128,[84 -64 4 0 0 0 0 0 0 0 0 0 -18 -8 -17 -9 -18 -9 -18 -10 -17 -11 -17 -11 -16 -12 -16 -12 -16 -14 -15 -13 -16 -13 -15 -14 -15 -13 -15 -14 -14 -14 -15 -15 -14 -14 -13 -14 -13 -14 -13 -15 -12 -15 -11 -15 -11 -14 -11 -13 -11 -13 -11 -12 0 0 -11 -10 -11 -10 -11 -10 -12 -10 -12 -9 -12 -9 -11 -9 -12 -9 -12 -8 -12 -7 -13 -6 -12 -7 -12 -6 -12 -6 -12 -5 -12 -4 -12 -4 -12 -3 -12 -3 -12 -2 -12 -2 -12 -1 -12 0 -12 1 -13 1 -14 1 0 0 0 0 0 0 0 0 0 0]"
"1772697612173491,CSI_DATA,STATION,00:00:00:00:00:00,0,0,0,0,0,0,0,0,0,0,0,0,0,0,0,0,0,0,0,0,0,128,[84 -64 4 0 0 0 0 0 0 0 0 0 -18 5 -20 5 -19 4 -20 4 -19 3 -21 3 -20 2 -20 1 -20 0 -20 0 -21 0 -20 -1 -20 -1 -21 -1 -21 -2 -20 -2 -20 -3 -19 -3 -19 -3 -19 -4 -18 -3 -18 -3 -17 -4 -17 -4 -16 -4 -16 -3 0 0 -16 -2 -14 -1 -15 -1 -15 -1 -15 -1 -15 0 -14 0 -14 1 -14 2 -13 1 -14 2 -13 2 -13 2 -13 3 -13 2 -12 4 -11 4 -12 5 -10 5 -10 5 -10 6 -10 7 -10 6 -10 8 -10 8 -9 9 0 0 0 0 0 0 0 0 0 0]"
"1772697612189509,CSI_DATA,STATION,00:00:00:00:00:00,0,0,0,0,0,0,0,0,0,0,0,0,0,0,0,0,0,0,0,0,0,128,[84 -64 4 0 0 0 0 0 0 0 0 0 2 18 1 18 0 19 0 19 -1 19 -1 20 -2 19 -2 18 -3 18 -4 19 -3 19 -3 18 -5 19 -4 19 -5 20 -5 18 -5 18 -5 17 -6 18 -6 17 -7 16 -7 16 -6 15 -6 15 -6 15 -5 14 0 0 -4 14 -3 13 -3 14 -3 13 -2 14 -2 14 -2 14 -1 13 -1 13 0 13 0 13 0 13 1 13 1 12 1 11 2 11 2 11 3 10 3 10 3 9 4 10 5 9 6 9 6 9 7 9 7 9 0 0 0 0 0 0 0 0 0 0]"
"1772697612189509,CSI_DATA,STATION,00:00:00:00:00:00,0,0,0,0,0,0,0,0,0,0,0,0,0,0,0,0,0,0,0,0,0,128,[84 -64 4 0 0 0 0 0 0 0 0 0 21 2 21 3 21 3 22 4 21 5 22 6 21 6 21 7 21 7 20 8 21 8 21 9 20 9 21 9 20 11 20 10 19 11 18 11 18 12 18 11 17 11 17 11 15 10 15 10 15 10 15 9 0 0 15 8 14 7 15 6 14 6 14 6 15 5 15 5 15 4 15 5 14 4 15 4 14 4 15 3 15 3 14 2 14 2 14 1 14 0 14 -1 13 -2 14 -2 13 -3 13 -4 14 -5 14 -5 14 -5 0 0 0 0 0 0 0 0 0 0]"
"1772697612189509,CSI_DATA,STATION,00:00:00:00:00:00,0,0,0,0,0,0,0,0,0,0,0,0,0,0,0,0,0,0,0,0,0,128,[84 -64 4 0 0 0 0 0 0 0 0 0 20 -2 20 -1 20 -1 21 1 20 1 21 2 21 2 20 2 21 3 20 5 21 5 21 5 20 6 20 6 20 7 21 6 19 8 18 8 18 8 18 8 16 7 17 7 15 8 16 8 16 8 15 6 0 0 15 6 14 5 14 4 14 3 15 4 15 3 15 3 14 2 16 2 15 0 15 1 14 1 14 1 14 0 13 0 13 -2 14 -1 13 -2 12 -3 11 -5 12 -5 11 -5 12 -5 12 -6 12 -7 13 -8 0 0 0 0 0 0 0 0 0 0]"
"1772697612205271,CSI_DATA,STATION,00:00:00:00:00:00,0,0,0,0,0,0,0,0,0,0,0,0,0,0,0,0,0,0,0,0,0,128,[84 -64 4 0 0 0 0 0 0 0 0 0 10 15 10 16 10 16 9 17 8 18 8 17 7 18 7 18 6 18 6 19 6 19 6 19 5 19 4 19 3 19 4 19 3 19 3 19 2 19 1 18 1 18 1 17 1 17 1 17 1 16 2 15 0 0 2 14 3 15 3 15 4 13 3 14 4 14 4 14 4 13 5 13 5 12 5 12 5 13 6 12 6 11 6 10 6 10 7 10 7 9 7 8 8 8 8 8 9 8 10 7 10 7 10 7 11 7 0 0 0 0 0 0 0 0 0 0]"
"1772697612205271,CSI_DATA,STATION,00:00:00:00:00:00,0,0,0,0,0,0,0,0,0,0,0,0,0,0,0,0,0,0,0,0,0,128,[84 -64 4 0 0 0 0 0 0 0 0 0 -19 6 -19 5 -20 4 -20 4 -21 3 -20 2 -20 2 -20 1 -20 0 -21 0 -21 0 -22 -1 -21 -1 -21 -1 -21 -3 -21 -2 -20 -3 -20 -3 -20 -3 -20 -4 -19 -4 -18 -4 -18 -5 -18 -3 -18 -3 -17 -3 0 0 -16 -3 -16 -2 -16 -1 -15 -1 -15 -1 -15 0 -16 -1 -15 0 -15 1 -15 1 -15 2 -14 2 -14 1 -13 2 -13 3 -13 4 -13 4 -12 4 -12 4 -12 5 -12 5 -12 6 -12 6 -11 8 -12 9 -11 9 0 0 0 0 0 0 0 0 0 0]"
"1772697612205271,CSI_DATA,STATION,00:00:00:00:00:00,0,0,0,0,0,0,0,0,0,0,0,0,0,0,0,0,0,0,0,0,0,128,[84 -64 4 0 0 0 0 0 0 0 0 0 -14 11 -14 11 -15 11 -15 11 -15 10 -16 9 -16 9 -17 8 -17 8 -17 9 -17 8 -18 7 -18 8 -18 7 -17 6 -19 5 -18 6 -18 5 -18 5 -17 4 -17 4 -17 3 -16 3 -16 4 -15 3 -15 4 0 0 -14 4 -13 5 -13 5 -13 5 -13 5 -12 5 -12 6 -12 6 -12 6 -11 7 -11 7 -11 8 -10 7 -10 7 -10 7 -10 8 -9 8 -9 8 -8 8 -7 8 -8 10 -7 9 -6 10 -6 11 -6 11 -5 11 0 0 0 0 0 0 0 0 0 0]"
"1772697612220919,CSI_DATA,STATION,00:00:00:00:00:00,0,0,0,0,0,0,0,0,0,0,0,0,0,0,0,0,0,0,0,0,0,128,[84 -64 4 0 0 0 0 0 0 0 0 0 -13 13 -13 12 -13 13 -14 13 -14 12 -15 11 -14 11 -15 10 -15 10 -16 10 -16 10 -17 9 -17 9 -17 9 -17 8 -17 8 -17 7 -17 7 -17 7 -17 6 -17 6 -16 6 -16 5 -15 4 -15 5 -14 6 0 0 -13 5 -13 6 -12 7 -12 7 -12 7 -12 7 -13 7 -11 8 -12 7 -11 7 -11 8 -10 8 -11 8 -9 8 -10 8 -9 9 -9 9 -8 9 -7 9 -6 9 -6 10 -6 10 -6 11 -5 11 -5 11 -5 12 0 0 0 0 0 0 0 0 0 0]"
"1772697612220919,CSI_DATA,STATION,00:00:00:00:00:00,0,0,0,0,0,0,0,0,0,0,0,0,0,0,0,0,0,0,0,0,0,128,[84 -64 4 0 0 0 0 0 0 0 0 0 -8 17 -9 17 -10 18 -11 18 -11 17 -12 17 -13 16 -13 17 -13 16 -14 16 -14 16 -15 15 -15 14 -15 15 -16 14 -15 15 -16 13 -15 12 -16 13 -16 12 -15 12 -15 11 -15 10 -15 11 -15 10 -13 11 0 0 -13 10 -12 11 -11 11 -11 11 -11 11 -10 12 -11 12 -10 11 -10 11 -9 12 -9 12 -9 12 -8 11 -7 12 -7 11 -6 11 -6 12 -5 12 -5 12 -4 12 -5 12 -3 13 -3 13 -2 14 -2 14 -2 14 0 0 0 0 0 0 0 0 0 0]"
"1772697612220919,CSI_DATA,STATION,00:00:00:00:00:00,0,0,0,0,0,0,0,0,0,0,0,0,0,0,0,0,0,0,0,0,0,128,[84 -64 4 0 0 0 0 0 0 0 0 0 7 18 5 19 5 20 4 20 3 20 3 20 3 20 3 20 2 20 0 21 0 21 0 20 0 21 -1 21 -2 21 0 20 -1 20 -2 20 -2 19 -2 20 -3 18 -2 19 -3 17 -3 18 -1 17 -2 17 0 0 -1 16 0 16 1 15 1 14 1 17 1 16 1 15 2 15 2 14 3 14 2 14 3 14 3 13 4 13 4 13 5 12 5 12 6 11 7 11 6 10 8 10 8 10 9 10 10 10 10 10 9 9 0 0 0 0 0 0 0 0 0 0]"
"1772697612236977,CSI_DATA,STATION,00:00:00:00:00:00,0,0,0,0,0,0,0,0,0,0,0,0,0,0,0,0,0,0,0,0,0,128,[84 -64 4 0 0 0 0 0 0 0 0 0 3 17 3 18 3 19 2 20 0 19 0 19 0 19 -1 19 -2 18 -2 19 -2 19 -2 20 -3 20 -3 19 -4 19 -4 20 -4 18 -5 18 -5 18 -6 17 -6 17 -6 17 -6 15 -5 17 -6 16 -4 15 0 0 -4 15 -3 15 -3 14 -2 14 -3 14 -2 14 -2 15 -1 14 -1 14 0 13 1 14 0 14 0 13 1 13 1 12 2 13 2 13 3 11 3 11 4 10 4 11 4 11 5 11 6 11 6 11 7 11 0 0 0 0 0 0 0 0 0 0]"
"1772697612236977,CSI_DATA,STATION,00:00:00:00:00:00,0,0,0,0,0,0,0,0,0,0,0,0,0,0,0,0,0,0,0,0,0,128,[84 -64 4 0 0 0 0 0 0 0 0 0 -16 12 -16 12 -18 13 -19 12 -18 11 -18 10 -19 10 -19 10 -19 8 -19 8 -20 8 -20 7 -20 7 -21 7 -20 7 -20 6 -20 5 -19 5 -20 5 -20 4 -20 4 -19 3 -18 3 -18 4 -18 4 -17 4 0 0 -16 4 -16 5 -15 6 -15 6 -15 6 -15 7 -15 8 -13 7 -14 7 -14 7 -14 8 -13 8 -13 8 -12 9 -12 8 -11 8 -10 9 -10 9 -9 10 -9 10 -9 10 -8 11 -8 12 -7 11 -8 13 -8 13 0 0 0 0 0 0 0 0 0 0]"
"1772697612236977,CSI_DATA,STATION,00:00:00:00:00:00,0,0,0,0,0,0,0,0,0,0,0,0,0,0,0,0,0,0,0,0,0,128,[84 -64 4 0 0 0 0 0 0 0 0 0 -19 -5 -19 -6 -19 -6 -20 -7 -19 -7 -19 -8 -18 -9 -18 -10 -18 -10 -18 -10 -19 -10 -18 -11 -17 -11 -17 -11 -17 -12 -17 -12 -15 -13 -15 -12 -15 -12 -15 -13 -13 -13 -14 -13 -13 -12 -13 -12 -14 -12 -14 -11 0 0 -13 -10 -13 -9 -13 -9 -13 -8 -14 -9 -14 -8 -14 -8 -13 -7 -14 -7 -13 -6 -15 -5 -13 -6 -14 -6 -13 -4 -13 -5 -14 -3 -14 -3 -13 -2 -13 -2 -13 -1 -13 -1 -13 -1 -13 0 -14 2 -15 1 -14 2 0 0 0 0 0 0 0 0 0 0]"
"1772697612252979,CSI_DATA,STATION,00:00:00:00:00:00,0,0,0,0,0,0,0,0,0,0,0,0,0,0,0,0,0,0,0,0,0,128,[84 -64 4 0 0 0 0 0 0 0 0 0 -18 -6 -19 -7 -19 -8 -19 -9 -18 -10 -18 -10 -17 -11 -17 -10 -17 -11 -16 -12 -17 -12 -17 -12 -16 -13 -16 -13 -16 -14 -16 -14 -15 -15 -13 -14 -14 -14 -14 -14 -13 -14 -12 -14 -12 -12 -12 -14 -13 -14 -13 -12 0 0 -13 -11 -12 -10 -13 -10 -13 -9 -13 -10 -13 -10 -14 -10 -13 -8 -13 -8 -13 -8 -14 -7 -13 -7 -13 -7 -13 -6 -13 -6 -13 -5 -13 -5 -13 -4 -14 -3 -13 -2 -14 -2 -14 -2 -13 -1 -14 0 -15 -1 -14 0 0 0 0 0 0 0 0 0 0 0]"
"1772697612252979,CSI_DATA,STATION,00:00:00:00:00:00,0,0,0,0,0,0,0,0,0,0,0,0,0,0,0,0,0,0,0,0,0,128,[84 -64 4 0 0 0 0 0 0 0 0 0 -12 -20 -12 -21 -10 -21 -10 -22 -8 -22 -9 -22 -8 -22 -8 -22 -7 -23 -6 -23 -7 -23 -6 -24 -6 -24 -5 -24 -4 -25 -5 -24 -4 -24 -3 -23 -2 -23 -2 -23 -1 -23 -1 -22 -1 -21 -2 -21 -2 -21 -2 -20 0 0 -3 -19 -4 -18 -4 -19 -5 -17 -4 -19 -5 -18 -5 -19 -5 -18 -6 -18 -6 -16 -8 -17 -7 -16 -7 -16 -7 -16 -8 -15 -9 -14 -8 -15 -10 -13 -10 -13 -10 -12 -10 -13 -11 -13 -12 -12 -13 -12 -13 -11 -14 -11 0 0 0 0 0 0 0 0 0 0]"
"1772697612252979,CSI_DATA,STATION,00:00:00:00:00:00,0,0,0,0,0,0,0,0,0,0,0,0,0,0,0,0,0,0,0,0,0,128,[84 -64 4 0 0 0 0 0 0 0 0 0 -14 -13 -13 -14 -14 -14 -13 -15 -13 -15 -11 -16 -12 -15 -11 -16 -11 -16 -10 -17 -10 -17 -9 -18 -9 -18 -9 -18 -9 -18 -9 -18 -8 -18 -8 -18 -7 -18 -7 -18 -6 -18 -6 -17 -5 -17 -5 -17 -5 -16 -6 -15 0 0 -6 -14 -7 -15 -7 -14 -7 -13 -7 -14 -8 -13 -8 -13 -8 -13 -8 -12 -9 -12 -9 -12 -8 -12 -8 -11 -9 -11 -9 -10 -10 -10 -10 -10 -10 -9 -10 -8 -11 -8 -11 -7 -11 -8 -12 -8 -12 -7 -12 -7 -13 -6 0 0 0 0 0 0 0 0 0 0]"
"1772697612268977,CSI_DATA,STATION,00:00:00:00:00:00,0,0,0,0,0,0,0,0,0,0,0,0,0,0,0,0,0,0,0,0,0,128,[84 -64 4 0 0 0 0 0 0 0 0 0 18 2 18 3 18 3 19 4 18 5 18 5 18 6 17 7 18 8 17 7 19 8 18 9 18 8 17 9 17 10 18 10 16 10 16 10 16 11 15 10 15 10 14 11 14 10 13 10 14 10 14 9 0 0 13 8 14 7 14 7 13 6 14 6 13 6 13 6 13 5 14 5 13 3 14 4 13 4 13 4 13 3 13 3 13 2 14 2 12 0 13 0 13 -1 13 -1 12 -1 13 -2 13 -4 14 -3 13 -4 0 0 0 0 0 0 0 0 0 0]"
"1772697612268977,CSI_DATA,STATION,00:00:00:00:00:00,0,0,0,0,0,0,0,0,0,0,0,0,0,0,0,0,0,0,0,0,0,128,[84 -64 4 0 0 0 0 0 0 0 0 0 11 13 11 15 10 15 11 17 10 16 9 16 8 16 8 17 7 17 7 18 8 18 7 17 7 19 7 18 5 19 6 19 5 19 4 18 4 19 3 18 3 18 3 18 3 16 3 17 3 17 4 16 0 0 4 15 4 15 5 16 5 13 5 15 5 15 5 14 5 14 6 14 6 12 7 13 6 13 7 13 7 12 6 11 8 12 8 11 9 10 9 9 8 9 9 9 9 10 10 8 10 9 11 8 12 8 0 0 0 0 0 0 0 0 0 0]"
"1772697612268977,CSI_DATA,STATION,00:00:00:00:00:00,0,0,0,0,0,0,0,0,0,0,0,0,0,0,0,0,0,0,0,0,0,128,[84 -64 4 0 0 0 0 0 0 0 0 0 -14 -6 -14 -8 -13 -8 -14 -8 -13 -9 -13 -9 -13 -10 -12 -9 -12 -10 -12 -10 -13 -10 -12 -11 -12 -12 -12 -12 -11 -13 -12 -12 -11 -12 -10 -12 -10 -13 -9 -13 -9 -12 -9 -13 -8 -12 -9 -12 -9 -12 -10 -10 0 0 -9 -10 -9 -9 -10 -9 -10 -8 -9 -10 -10 -9 -10 -10 -9 -9 -10 -9 -10 -8 -12 -7 -10 -8 -10 -8 -10 -8 -10 -7 -11 -6 -11 -7 -11 -6 -11 -5 -11 -4 -11 -5 -11 -5 -11 -4 -12 -3 -12 -3 -12 -3 0 0 0 0 0 0 0 0 0 0]"
"1772697612284662,CSI_DATA,STATION,00:00:00:00:00:00,0,0,0,0,0,0,0,0,0,0,0,0,0,0,0,0,0,0,0,0,0,128,[84 -64 4 0 0 0 0 0 0 0 0 0 6 -13 7 -13 7 -13 8 -14 9 -13 9 -13 9 -12 10 -11 10 -11 10 -11 11 -12 11 -12 11 -11 11 -11 12 -11 12 -11 12 -10 12 -9 12 -10 13 -9 12 -8 12 -8 12 -7 11 -8 11 -8 10 -8 0 0 10 -8 9 -8 9 -9 8 -9 9 -9 9 -9 9 -9 9 -9 9 -9 8 -9 8 -10 7 -9 7 -10 7 -10 7 -10 7 -10 6 -10 5 -11 5 -11 5 -10 5 -10 5 -11 4 -11 3 -12 4 -12 3 -12 0 0 0 0 0 0 0 0 0 0]"
"1772697612284662,CSI_DATA,STATION,00:00:00:00:00:00,0,0,0,0,0,0,0,0,0,0,0,0,0,0,0,0,0,0,0,0,0,128,[84 -64 4 0 0 0 0 0 0 0 0 0 20 -9 22 -8 20 -8 23 -8 22 -6 23 -6 23 -5 23 -4 23 -4 22 -4 24 -4 24 -4 24 -4 24 -3 24 -1 23 -2 25 0 22 0 24 0 23 0 22 1 22 1 20 2 21 0 21 0 21 0 0 0 20 -1 19 -1 19 -2 18 -2 18 -3 19 -3 19 -3 18 -3 18 -4 17 -4 18 -5 17 -5 17 -5 18 -6 16 -5 18 -6 16 -7 17 -7 16 -7 15 -8 15 -9 15 -9 14 -10 14 -11 14 -11 15 -12 0 0 0 0 0 0 0 0 0 0]"
"1772697612284662,CSI_DATA,STATION,00:00:00:00:00:00,0,0,0,0,0,0,0,0,0,0,0,0,0,0,0,0,0,0,0,0,0,128,[84 -64 4 0 0 0 0 0 0 0 0 0 17 -2 18 -2 18 -1 18 0 18 1 18 0 18 1 18 2 18 2 18 3 18 2 18 3 18 3 17 3 18 5 18 4 18 5 17 6 17 6 16 6 15 7 15 6 15 6 15 6 15 6 15 5 0 0 14 4 13 4 14 4 14 3 14 3 14 4 14 3 14 2 14 2 13 1 14 1 14 2 14 1 14 1 13 1 14 0 13 0 13 -2 14 -2 12 -1 13 -2 12 -2 13 -3 13 -4 13 -4 13 -5 0 0 0 0 0 0 0 0 0 0]"
"1772697612300476,CSI_DATA,STATION,00:00:00:00:00:00,0,0,0,0,0,0,0,0,0,0,0,0,0,0,0,0,0,0,0,0,0,128,[84 -64 4 0 0 0 0 0 0 0 0 0 -10 -14 -9 -14 -9 -14 -8 -15 -8 -15 -8 -16 -6 -16 -6 -16 -6 -16 -6 -16 -6 -16 -6 -16 -6 -17 -5 -17 -4 -18 -5 -17 -4 -17 -5 -17 -3 -17 -3 -17 -3 -16 -3 -16 -3 -15 -3 -16 -3 -15 -3 -14 0 0 -4 -14 -4 -13 -4 -13 -5 -12 -5 -13 -5 -13 -5 -14 -6 -13 -6 -12 -6 -12 -7 -12 -7 -12 -6 -12 -7 -11 -6 -10 -7 -10 -8 -10 -9 -10 -8 -10 -8 -9 -9 -8 -9 -9 -10 -9 -11 -8 -11 -8 -11 -7 0 0 0 0 0 0 0 0 0 0]"
"1772697612300476,CSI_DATA,STATION,00:00:00:00:00:00,0,0,0,0,0,0,0,0,0,0,0,0,0,0,0,0,0,0,0,0,0,128,[84 -64 4 0 0 0 0 0 0 0 0 0 -16 -2 -16 -2 -16 -3 -17 -3 -16 -4 -17 -5 -16 -5 -17 -5 -16 -5 -15 -6 -16 -6 -16 -6 -16 -7 -16 -7 -16 -8 -16 -8 -15 -8 -14 -9 -15 -9 -14 -9 -14 -9 -13 -9 -13 -8 -13 -9 -13 -9 -13 -7 0 0 -12 -7 -12 -6 -12 -6 -12 -6 -13 -6 -13 -6 -13 -6 -12 -5 -13 -5 -12 -4 -14 -4 -13 -5 -13 -4 -13 -4 -12 -3 -13 -3 -12 -3 -13 -2 -12 -2 -12 -2 -12 -1 -12 -1 -12 -1 -13 0 -13 0 -13 1 0 0 0 0 0 0 0 0 0 0]"
"1772697612316229,CSI_DATA,STATION,00:00:00:00:00:00,0,0,0,0,0,0,0,0,0,0,0,0,0,0,0,0,0,0,0,0,0,128,[84 -64 4 0 0 0 0 0 0 0 0 0 -19 2 -19 2 -20 2 -20 1 -20 0 -20 0 -19 -1 -20 -2 -20 -2 -20 -2 -20 -3 -20 -2 -20 -4 -20 -4 -19 -5 -21 -5 -19 -5 -19 -5 -18 -6 -18 -6 -18 -7 -18 -6 -17 -7 -17 -6 -17 -6 -17 -5 0 0 -16 -5 -16 -4 -16 -3 -16 -3 -15 -3 -16 -3 -17 -2 -16 -2 -16 -2 -16 -1 -17 -1 -15 -1 -16 -1 -15 0 -15 0 -15 1 -15 1 -14 2 -14 2 -14 3 -14 4 -14 4 -14 4 -13 6 -14 5 -14 6 0 0 0 0 0 0 0 0 0 0]"
"1772697612316229,CSI_DATA,STATION,00:00:00:00:00:00,0,0,0,0,0,0,0,0,0,0,0,0,0,0,0,0,0,0,0,0,0,128,[84 -64 4 0 0 0 0 0 0 0 0 0 7 -14 8 -15 8 -14 9 -14 9 -14 9 -13 10 -13 10 -13 10 -13 10 -13 11 -13 10 -13 11 -13 12 -13 12 -12 13 -12 12 -11 13 -11 13 -11 13 -10 13 -10 12 -10 12 -10 11 -10 11 -10 10 -9 0 0 10 -10 9 -10 9 -10 8 -9 9 -10 9 -10 9 -11 8 -10 9 -11 8 -11 7 -11 7 -10 7 -11 7 -11 6 -11 6 -11 5 -12 5 -11 5 -12 4 -11 4 -12 3 -12 3 -13 2 -13 2 -13 1 -13 0 0 0 0 0 0 0 0 0 0]"
"1772697612316229,CSI_DATA,STATION,00:00:00:00:00:00,0,0,0,0,0,0,0,0,0,0,0,0,0,0,0,0,0,0,0,0,0,128,[84 -64 4 0 0 0 0 0 0 0 0 0 -17 -1 -16 -1 -16 -1 -17 -2 -17 -3 -16 -3 -17 -3 -16 -4 -17 -5 -17 -5 -17 -5 -17 -5 -16 -6 -17 -6 -16 -7 -17 -6 -16 -7 -16 -7 -15 -7 -16 -8 -15 -8 -14 -8 -14 -8 -14 -7 -14 -7 -13 -7 0 0 -13 -6 -13 -5 -13 -5 -14 -5 -14 -5 -14 -4 -14 -4 -13 -4 -14 -3 -14 -3 -14 -2 -13 -3 -13 -3 -13 -2 -13 -2 -13 0 -13 -1 -13 -1 -13 0 -12 1 -12 1 -12 2 -12 1 -13 3 -13 3 -13 3 0 0 0 0 0 0 0 0 0 0]"
"1772697612364355,CSI_DATA,STATION,00:00:00:00:00:00,0,0,0,0,0,0,0,0,0,0,0,0,0,0,0,0,0,0,0,0,0,128,[84 -64 4 0 0 0 0 0 0 0 0 0 -14 -20 -13 -21 -13 -20 -13 -22 -10 -22 -10 -23 -9 -22 -9 -23 -8 -23 -9 -22 -10 -23 -9 -24 -9 -24 -9 -24 -7 -25 -6 -24 -5 -25 -4 -24 -4 -25 -4 -23 -3 -24 -3 -23 -3 -21 -5 -21 -5 -22 -5 -21 0 0 -5 -19 -5 -19 -6 -19 -6 -18 -6 -18 -7 -19 -7 -18 -7 -18 -8 -18 -8 -16 -10 -17 -9 -16 -9 -17 -10 -16 -9 -15 -10 -16 -11 -14 -11 -14 -11 -14 -12 -13 -13 -13 -13 -13 -14 -11 -16 -11 -15 -11 -16 -11 0 0 0 0 0 0 0 0 0 0]"
"1772697612364355,CSI_DATA,STATION,00:00:00:00:00:00,0,0,0,0,0,0,0,0,0,0,0,0,0,0,0,0,0,0,0,0,0,128,[84 -64 4 0 0 0 0 0 0 0 0 0 16 2 16 2 15 3 16 4 15 4 16 4 15 6 15 5 15 6 15 6 15 6 16 6 15 6 16 6 15 8 15 7 15 7 14 8 14 8 13 9 12 8 12 9 12 8 12 7 12 7 12 6 0 0 12 6 11 5 12 5 12 4 12 5 12 5 12 5 12 4 12 3 11 3 12 2 11 2 12 2 11 2 12 1 11 1 11 0 11 -1 11 -1 11 -1 11 -2 11 -2 11 -3 11 -4 12 -4 12 -4 0 0 0 0 0 0 0 0 0 0]"
"1772697612364355,CSI_DATA,STATION,00:00:00:00:00:00,0,0,0,0,0,0,0,0,0,0,0,0,0,0,0,0,0,0,0,0,0,128,[84 -64 4 0 0 0 0 0 0 0 0 0 14 -5 16 -6 15 -4 16 -4 16 -3 16 -2 16 -2 16 -2 16 -1 16 -1 17 -1 17 -1 16 0 16 0 17 0 17 0 16 1 16 1 16 1 16 2 15 2 15 2 14 3 14 2 14 1 14 1 0 0 13 1 12 0 12 0 12 0 13 -1 13 -1 13 -1 13 -2 13 -2 12 -2 12 -2 12 -3 12 -3 11 -3 11 -3 11 -4 11 -5 11 -4 10 -5 9 -5 10 -6 10 -6 9 -7 9 -8 9 -8 9 -9 0 0 0 0 0 0 0 0 0 0]"
"1772697612379989,CSI_DATA,STATION,00:00:00:00:00:00,0,0,0,0,0,0,0,0,0,0,0,0,0,0,0,0,0,0,0,0,0,128,[84 -64 4 0 0 0 0 0 0 0 0 0 -16 -2 -17 -3 -17 -3 -18 -4 -16 -5 -17 -5 -16 -5 -17 -6 -16 -7 -16 -6 -16 -7 -17 -6 -16 -7 -17 -7 -16 -8 -16 -8 -15 -9 -14 -9 -15 -9 -14 -10 -13 -9 -13 -10 -13 -8 -13 -8 -13 -8 -13 -8 0 0 -12 -7 -12 -7 -12 -6 -13 -6 -12 -6 -13 -6 -13 -6 -13 -5 -13 -5 -12 -4 -13 -3 -12 -4 -13 -3 -12 -3 -12 -3 -13 -2 -12 -2 -12 -1 -13 -1 -12 0 -12 0 -12 0 -12 1 -12 2 -12 2 -12 2 0 0 0 0 0 0 0 0 0 0]"
"1772697612379989,CSI_DATA,STATION,00:00:00:00:00:00,0,0,0,0,0,0,0,0,0,0,0,0,0,0,0,0,0,0,0,0,0,128,[84 -64 4 0 0 0 0 0 0 0 0 0 -16 8 -18 8 -17 7 -19 7 -18 6 -19 6 -19 5 -19 4 -19 4 -19 3 -19 4 -20 4 -20 3 -20 3 -20 2 -20 2 -20 1 -19 1 -19 1 -19 0 -18 0 -18 -1 -18 -1 -17 0 -17 0 -16 0 0 0 -16 1 -14 2 -16 2 -15 2 -15 3 -15 2 -15 3 -14 3 -15 4 -14 3 -14 5 -13 4 -13 4 -13 5 -13 5 -13 6 -12 5 -12 6 -11 7 -11 7 -11 7 -10 8 -11 8 -10 9 -10 9 -10 10 0 0 0 0 0 0 0 0 0 0]"
"1772697612379989,CSI_DATA,STATION,00:00:00:00:00:00,0,0,0,0,0,0,0,0,0,0,0,0,0,0,0,0,0,0,0,0,0,128,[84 -64 4 0 0 0 0 0 0 0 0 0 -4 -16 -4 -17 -4 -18 -3 -17 -2 -18 -2 -17 -1 -17 -1 -17 1 -17 0 -18 0 -18 1 -18 1 -18 2 -18 2 -17 2 -18 2 -16 2 -17 3 -17 3 -16 2 -16 3 -15 3 -14 3 -15 3 -14 2 -14 0 0 2 -13 1 -14 1 -14 1 -13 0 -14 0 -14 0 -14 -1 -14 -1 -13 -2 -13 -2 -13 -1 -13 -2 -13 -2 -12 -2 -12 -3 -11 -4 -12 -4 -11 -4 -11 -5 -10 -5 -11 -6 -11 -6 -11 -7 -11 -7 -11 -7 -11 0 0 0 0 0 0 0 0 0 0]"
"1772697612395976,CSI_DATA,STATION,00:00:00:00:00:00,0,0,0,0,0,0,0,0,0,0,0,0,0,0,0,0,0,0,0,0,0,128,[84 -64 4 0 0 0 0 0 0 0 0 0 -3 -18 -2 -19 -2 -19 -1 -20 0 -19 0 -19 1 -19 1 -19 2 -19 2 -19 2 -19 2 -20 2 -20 3 -20 5 -20 3 -19 5 -18 5 -17 4 -19 5 -18 5 -17 5 -17 5 -15 4 -17 4 -17 3 -16 0 0 3 -15 3 -15 2 -15 2 -14 2 -15 1 -15 1 -15 1 -15 0 -15 -1 -14 -1 -15 -1 -14 -1 -14 -1 -14 -1 -14 -3 -13 -3 -14 -4 -13 -4 -13 -4 -12 -5 -12 -6 -13 -6 -13 -8 -12 -7 -13 -8 -12 0 0 0 0 0 0 0 0 0 0]"
"1772697612395976,CSI_DATA,STATION,00:00:00:00:00:00,0,0,0,0,0,0,0,0,0,0,0,0,0,0,0,0,0,0,0,0,0,128,[84 -64 4 0 0 0 0 0 0 0 0 0 2 15 1 15 0 16 0 17 -1 16 -1 17 -1 15 -2 16 -2 16 -2 16 -2 17 -3 16 -3 17 -3 16 -4 16 -4 16 -5 16 -5 15 -5 16 -6 15 -5 15 -5 14 -5 13 -5 14 -5 14 -4 13 0 0 -3 12 -3 12 -3 13 -2 12 -2 13 -2 13 -1 13 -1 13 0 12 0 11 0 12 0 12 0 12 1 12 0 10 2 11 2 10 3 10 3 10 3 9 4 9 4 10 5 10 6 10 6 9 6 9 0 0 0 0 0 0 0 0 0 0]"
"1772697612395976,CSI_DATA,STATION,00:00:00:00:00:00,0,0,0,0,0,0,0,0,0,0,0,0,0,0,0,0,0,0,0,0,0,128,[84 -64 4 0 0 0 0 0 0 0 0 0 16 -15 16 -15 17 -15 18 -15 18 -14 19 -14 18 -13 19 -13 20 -12 20 -12 21 -11 21 -11 21 -11 21 -10 21 -10 22 -10 21 -8 21 -8 21 -8 21 -8 21 -7 20 -7 19 -5 19 -6 19 -7 18 -7 0 0 17 -7 16 -8 16 -8 15 -8 16 -8 15 -9 15 -10 14 -9 14 -9 13 -10 14 -10 13 -10 13 -10 12 -11 11 -11 11 -12 11 -11 10 -12 9 -12 8 -13 8 -13 8 -14 7 -14 7 -14 7 -15 6 -15 0 0 0 0 0 0 0 0 0 0]"
"1772697612411668,CSI_DATA,STATION,00:00:00:00:00:00,0,0,0,0,0,0,0,0,0,0,0,0,0,0,0,0,0,0,0,0,0,128,[84 -64 4 0 0 0 0 0 0 0 0 0 -9 14 -11 14 -11 15 -12 15 -13 13 -13 13 -12 13 -14 13 -14 13 -14 13 -14 12 -14 12 -15 12 -15 12 -16 11 -16 11 -16 10 -16 9 -16 9 -16 9 -15 9 -16 8 -15 7 -14 8 -15 8 -14 9 0 0 -13 8 -12 9 -11 9 -11 9 -11 9 -11 10 -11 9 -10 9 -10 9 -10 9 -9 10 -10 10 -9 10 -8 10 -9 9 -7 10 -7 10 -6 10 -6 11 -6 10 -5 11 -5 11 -4 12 -3 12 -3 12 -3 13 0 0 0 0 0 0 0 0 0 0]"
"1772697612411668,CSI_DATA,STATION,00:00:00:00:00:00,0,0,0,0,0,0,0,0,0,0,0,0,0,0,0,0,0,0,0,0,0,128,[84 -64 4 0 0 0 0 0 0 0 0 0 -7 14 -7 14 -7 15 -8 15 -8 13 -10 14 -10 13 -10 13 -10 13 -10 13 -11 13 -11 13 -11 12 -12 13 -13 12 -12 12 -12 11 -12 10 -13 11 -13 10 -12 10 -12 10 -11 9 -12 9 -11 10 -11 10 0 0 -9 9 -9 9 -9 10 -8 10 -8 10 -8 11 -9 10 -7 10 -7 10 -7 9 -6 10 -6 10 -6 11 -6 10 -6 10 -5 10 -4 10 -4 9 -4 10 -3 10 -2 10 -2 10 -1 10 -1 11 -1 11 0 11 0 0 0 0 0 0 0 0 0 0]"
"1772697612427385,CSI_DATA,STATION,00:00:00:00:00:00,0,0,0,0,0,0,0,0,0,0,0,0,0,0,0,0,0,0,0,0,0,128,[84 -64 4 0 0 0 0 0 0 0 0 0 -17 7 -17 7 -17 7 -18 6 -17 5 -18 5 -18 5 -19 4 -19 4 -19 4 -20 3 -18 2 -20 2 -19 1 -20 1 -20 1 -20 1 -19 0 -19 0 -18 -1 -18 -2 -18 -1 -17 -1 -16 -1 -17 -1 -16 -1 0 0 -16 0 -15 1 -15 1 -15 0 -15 1 -15 1 -15 2 -14 2 -14 2 -14 2 -14 3 -14 2 -13 3 -13 3 -13 3 -12 4 -12 4 -12 5 -12 5 -12 5 -11 6 -10 7 -11 7 -10 8 -11 8 -10 9 0 0 0 0 0 0 0 0 0 0]"
"1772697612427385,CSI_DATA,STATION,00:00:00:00:00:00,0,0,0,0,0,0,0,0,0,0,0,0,0,0,0,0,0,0,0,0,0,128,[84 -64 4 0 0 0 0 0 0 0 0 0 4 14 5 15 4 15 3 16 2 15 3 16 3 15 1 16 1 16 1 16 1 17 1 16 0 17 -1 17 -1 18 -1 16 -2 17 -1 15 -2 17 -3 16 -3 15 -3 15 -2 14 -3 15 -2 14 -2 13 0 0 -2 13 -1 12 -1 13 0 11 0 14 0 12 0 13 0 12 1 12 1 11 2 11 1 12 2 12 2 12 2 10 3 11 4 10 4 10 4 9 4 9 4 9 5 9 5 8 6 9 6 8 7 9 0 0 0 0 0 0 0 0 0 0]"
"1772697612427385,CSI_DATA,STATION,00:00:00:00:00:00,0,0,0,0,0,0,0,0,0,0,0,0,0,0,0,0,0,0,0,0,0,128,[84 -64 4 0 0 0 0 0 0 0 0 0 16 5 16 7 16 7 17 8 16 8 16 8 15 9 15 10 15 9 14 10 16 11 15 11 14 11 14 12 14 13 14 12 13 12 12 12 13 13 12 13 12 12 11 12 11 11 11 11 11 11 11 10 0 0 10 10 10 9 11 9 11 8 11 9 12 8 11 8 11 7 12 7 12 6 12 6 11 6 11 6 12 5 11 4 11 4 11 4 12 3 12 2 11 1 12 2 11 1 12 1 12 0 13 -1 13 -1 0 0 0 0 0 0 0 0 0 0]"
"1772697612443268,CSI_DATA,STATION,00:00:00:00:00:00,0,0,0,0,0,0,0,0,0,0,0,0,0,0,0,0,0,0,0,0,0,128,[84 -64 4 0 0 0 0 0 0 0 0 0 -18 -4 -18 -5 -18 -5 -19 -6 -18 -6 -18 -7 -18 -8 -19 -8 -17 -9 -17 -9 -18 -9 -17 -10 -17 -11 -17 -10 -17 -11 -17 -11 -15 -11 -14 -11 -15 -12 -14 -12 -14 -12 -13 -12 -13 -11 -13 -11 -13 -11 -13 -10 0 0 -13 -9 -12 -9 -13 -8 -14 -8 -13 -8 -13 -8 -13 -9 -13 -8 -13 -7 -13 -7 -14 -6 -12 -7 -13 -6 -13 -5 -13 -5 -13 -4 -13 -4 -13 -3 -13 -3 -13 -2 -13 -2 -12 -1 -13 -1 -13 0 -14 1 -14 1 0 0 0 0 0 0 0 0 0 0]"
"1772697612443268,CSI_DATA,STATION,00:00:00:00:00:00,0,0,0,0,0,0,0,0,0,0,0,0,0,0,0,0,0,0,0,0,0,128,[84 -64 4 0 0 0 0 0 0 0 0 0 13 19 12 19 12 19 12 20 11 20 10 21 11 21 10 21 10 21 9 22 9 23 8 23 8 23 7 22 7 22 7 23 5 23 5 22 5 22 6 22 5 21 5 20 4 20 4 20 5 19 5 18 0 0 5 17 6 17 7 17 7 17 7 17 8 16 8 16 8 15 8 15 9 15 9 16 9 14 8 14 9 14 9 13 10 13 10 12 11 12 11 11 11 11 11 10 12 10 13 9 14 9 13 8 14 8 0 0 0 0 0 0 0 0 0 0]"
"1772697612443268,CSI_DATA,STATION,00:00:00:00:00:00,0,0,0,0,0,0,0,0,0,0,0,0,0,0,0,0,0,0,0,0,0,128,[84 -64 4 0 0 0 0 0 0 0 0 0 -6 -18 -5 -18 -5 -19 -4 -19 -3 -19 -3 -19 -2 -19 -1 -19 -2 -19 -2 -20 -1 -20 -2 -19 0 -20 0 -20 1 -20 0 -20 1 -19 0 -18 1 -18 2 -19 2 -18 2 -18 1 -17 2 -17 1 -17 0 -16 0 0 -1 -15 0 -15 -1 -15 -1 -15 -1 -15 -2 -15 -2 -15 -3 -15 -3 -15 -3 -14 -4 -15 -3 -14 -4 -13 -4 -14 -4 -13 -5 -12 -5 -13 -6 -12 -6 -11 -6 -11 -7 -11 -7 -12 -8 -11 -9 -10 -8 -11 -10 -10 0 0 0 0 0 0 0 0 0 0]"
"1772697612459014,CSI_DATA,STATION,00:00:00:00:00:00,0,0,0,0,0,0,0,0,0,0,0,0,0,0,0,0,0,0,0,0,0,128,[84 -64 4 0 0 0 0 0 0 0 0 0 -19 -2 -20 -3 -19 -3 -21 -5 -19 -5 -19 -6 -18 -6 -18 -7 -18 -7 -17 -7 -19 -8 -19 -8 -19 -9 -18 -9 -18 -10 -19 -9 -18 -10 -16 -10 -17 -10 -16 -10 -15 -10 -14 -11 -14 -9 -15 -10 -15 -10 -15 -8 0 0 -15 -8 -14 -7 -15 -7 -15 -6 -15 -7 -15 -6 -16 -6 -15 -6 -15 -6 -14 -4 -16 -4 -14 -5 -15 -5 -15 -4 -14 -4 -15 -3 -14 -3 -14 -2 -14 -2 -14 -1 -14 -1 -14 0 -14 0 -14 1 -14 1 -15 1 0 0 0 0 0 0 0 0 0 0]"
"1772697612459014,CSI_DATA,STATION,00:00:00:00:00:00,0,0,0,0,0,0,0,0,0,0,0,0,0,0,0,0,0,0,0,0,0,128,[84 -64 4 0 0 0 0 0 0 0 0 0 -16 -16 -16 -18 -15 -17 -15 -19 -14 -18 -14 -20 -13 -19 -13 -19 -12 -20 -12 -20 -12 -21 -11 -21 -11 -22 -10 -22 -10 -22 -10 -21 -10 -21 -9 -20 -9 -22 -8 -21 -7 -20 -7 -20 -7 -19 -7 -20 -7 -19 -8 -18 0 0 -8 -17 -8 -16 -9 -16 -10 -16 -9 -16 -10 -16 -10 -16 -10 -15 -10 -15 -10 -14 -11 -14 -10 -14 -11 -14 -11 -14 -11 -12 -12 -12 -11 -12 -12 -11 -12 -10 -13 -9 -13 -10 -13 -10 -13 -9 -14 -9 -15 -8 -15 -7 0 0 0 0 0 0 0 0 0 0]"
"1772697612475111,CSI_DATA,STATION,00:00:00:00:00:00,0,0,0,0,0,0,0,0,0,0,0,0,0,0,0,0,0,0,0,0,0,128,[84 -64 4 0 0 0 0 0 0 0 0 0 0 -18 1 -19 1 -18 2 -19 3 -19 3 -18 3 -18 4 -19 5 -18 5 -19 5 -18 5 -18 6 -18 6 -18 7 -18 7 -18 7 -17 7 -16 7 -17 8 -17 7 -16 7 -16 7 -15 7 -15 7 -15 6 -14 0 0 6 -14 5 -14 5 -14 5 -14 4 -15 4 -15 4 -15 3 -15 3 -15 3 -13 2 -14 2 -14 3 -14 2 -14 2 -13 1 -13 0 -14 0 -13 0 -13 -1 -13 -2 -13 -1 -13 -2 -14 -3 -13 -3 -13 -3 -13 0 0 0 0 0 0 0 0 0 0]"
"1772697612475111,CSI_DATA,STATION,00:00:00:00:00:00,0,0,0,0,0,0,0,0,0,0,0,0,0,0,0,0,0,0,0,0,0,128,[84 -64 4 0 0 0 0 0 0 0 0 0 -19 0 -19 -1 -19 -1 -20 -2 -19 -3 -19 -2 -19 -4 -19 -4 -19 -5 -19 -5 -19 -5 -19 -5 -18 -5 -19 -6 -19 -7 -19 -6 -18 -7 -16 -7 -17 -7 -16 -8 -16 -8 -16 -8 -15 -7 -15 -7 -16 -7 -15 -6 0 0 -15 -5 -14 -5 -15 -5 -15 -4 -15 -4 -15 -4 -15 -4 -14 -3 -15 -3 -14 -2 -15 -2 -14 -2 -14 -2 -14 -1 -14 -2 -14 0 -13 0 -14 0 -14 1 -13 1 -14 2 -13 2 -13 3 -13 4 -13 4 -14 4 0 0 0 0 0 0 0 0 0 0]"
"1772697612475111,CSI_DATA,STATION,00:00:00:00:00:00,0,0,0,0,0,0,0,0,0,0,0,0,0,0,0,0,0,0,0,0,0,128,[84 -64 4 0 0 0 0 0 0 0 0 0 -14 -12 -15 -13 -14 -13 -13 -14 -12 -15 -13 -15 -13 -15 -12 -15 -12 -15 -11 -16 -12 -17 -11 -16 -10 -17 -10 -17 -9 -18 -10 -16 -9 -17 -8 -17 -9 -17 -7 -17 -7 -17 -7 -17 -6 -15 -7 -16 -6 -15 -7 -14 0 0 -7 -13 -8 -13 -8 -13 -9 -13 -8 -13 -9 -13 -9 -13 -9 -13 -9 -12 -9 -11 -10 -11 -10 -11 -9 -11 -10 -11 -10 -10 -10 -10 -10 -10 -11 -9 -11 -9 -11 -7 -11 -8 -12 -8 -12 -8 -12 -7 -13 -7 -13 -6 0 0 0 0 0 0 0 0 0 0]"
"1772697612491232,CSI_DATA,STATION,00:00:00:00:00:00,0,0,0,0,0,0,0,0,0,0,0,0,0,0,0,0,0,0,0,0,0,128,[84 -64 4 0 0 0 0 0 0 0 0 0 -5 17 -6 17 -6 18 -7 18 -7 17 -8 16 -9 16 -9 15 -10 16 -10 16 -10 16 -10 15 -10 15 -10 16 -12 15 -11 15 -11 14 -11 13 -12 14 -12 13 -12 12 -12 12 -11 12 -11 13 -11 12 -10 12 0 0 -9 11 -8 12 -7 12 -7 12 -8 13 -8 13 -8 13 -7 12 -7 12 -6 12 -5 13 -6 13 -5 13 -6 13 -5 13 -4 12 -4 12 -3 12 -3 12 -2 11 -3 12 -1 12 -1 13 1 13 -1 13 0 13 0 0 0 0 0 0 0 0 0 0]"
"1772697612491232,CSI_DATA,STATION,00:00:00:00:00:00,0,0,0,0,0,0,0,0,0,0,0,0,0,0,0,0,0,0,0,0,0,128,[84 -64 4 0 0 0 0 0 0 0 0 0 13 -13 13 -12 14 -13 14 -12 14 -11 16 -11 14 -11 15 -10 15 -10 16 -10 17 -9 16 -9 16 -9 16 -8 17 -7 16 -8 17 -7 17 -7 17 -7 17 -5 16 -5 16 -6 15 -5 15 -5 15 -5 14 -5 0 0 14 -5 13 -7 13 -6 12 -6 13 -7 13 -7 13 -7 12 -7 12 -7 11 -8 12 -8 11 -8 11 -8 11 -8 10 -8 10 -9 10 -9 10 -10 9 -9 8 -10 8 -10 8 -10 7 -11 7 -11 8 -12 7 -12 0 0 0 0 0 0 0 0 0 0]"
"1772697612491232,CSI_DATA,STATION,00:00:00:00:00:00,0,0,0,0,0,0,0,0,0,0,0,0,0,0,0,0,0,0,0,0,0,128,[84 -64 4 0 0 0 0 0 0 0 0 0 -10 17 -11 17 -12 17 -12 18 -13 16 -13 15 -14 16 -14 15 -15 15 -14 15 -16 15 -16 14 -16 14 -16 14 -17 13 -17 13 -16 12 -16 11 -16 12 -17 11 -16 11 -16 11 -15 9 -15 10 -15 10 -14 10 0 0 -13 10 -13 11 -12 11 -11 11 -12 11 -12 11 -12 12 -11 12 -11 11 -11 11 -10 12 -10 12 -10 12 -9 12 -9 11 -8 12 -8 12 -7 12 -6 12 -6 12 -6 12 -6 13 -5 14 -4 14 -5 14 -4 14 0 0 0 0 0 0 0 0 0 0]"
"1772697612507002,CSI_DATA,STATION,00:00:00:00:00:00,0,0,0,0,0,0,0,0,0,0,0,0,0,0,0,0,0,0,0,0,0,128,[84 -64 4 0 0 0 0 0 0 0 0 0 19 -2 20 -2 20 0 22 0 20 1 21 1 20 2 20 2 20 3 19 3 20 4 20 4 20 4 20 5 20 5 19 5 20 6 19 6 19 6 19 7 17 7 17 7 16 6 16 5 16 6 16 5 0 0 16 4 14 3 16 3 16 3 16 2 16 3 15 2 15 2 15 1 14 0 16 0 15 1 14 0 14 0 15 -1 15 -2 15 -2 14 -4 14 -3 13 -4 13 -4 13 -4 13 -4 13 -6 13 -7 14 -6 0 0 0 0 0 0 0 0 0 0]"
"1772697612507002,CSI_DATA,STATION,00:00:00:00:00:00,0,0,0,0,0,0,0,0,0,0,0,0,0,0,0,0,0,0,0,0,0,128,[84 -64 4 0 0 0 0 0 0 0 0 0 -12 13 -13 13 -14 13 -14 13 -14 12 -15 12 -15 11 -15 11 -15 10 -15 10 -16 11 -16 10 -16 10 -16 10 -18 9 -17 9 -17 8 -17 7 -17 7 -17 7 -17 7 -16 6 -16 5 -15 7 -16 7 -14 6 0 0 -14 6 -13 6 -13 8 -13 7 -13 7 -13 8 -13 8 -12 8 -13 8 -11 8 -12 9 -12 8 -11 9 -11 9 -10 8 -10 9 -9 9 -9 9 -8 9 -8 10 -9 10 -8 10 -8 11 -7 11 -7 11 -7 12 0 0 0 0 0 0 0 0 0 0]"
"1772697612507002,CSI_DATA,STATION,00:00:00:00:00:00,0,0,0,0,0,0,0,0,0,0,0,0,0,0,0,0,0,0,0,0,0,128,[84 -64 4 0 0 0 0 0 0 0 0 0 17 5 17 7 16 7 17 8 16 8 16 8 16 10 15 9 15 10 14 10 15 10 15 10 14 11 14 12 14 12 13 12 13 12 12 11 12 12 12 13 11 12 11 12 11 11 11 12 11 11 12 10 0 0 11 9 12 10 11 9 11 8 11 9 11 8 12 8 12 8 11 7 12 6 12 6 11 6 12 6 12 6 12 5 12 4 12 4 12 3 12 2 12 3 12 2 12 2 12 2 12 1 13 1 13 0 0 0 0 0 0 0 0 0 0 0]"
"1772697612507002,CSI_DATA,STATION,00:00:00:00:00:00,0,0,0,0,0,0,0,0,0,0,0,0,0,0,0,0,0,0,0,0,0,128,[84 -64 4 0 0 0 0 0 0 0 0 0 6 -22 8 -22 7 -22 8 -22 9 -21 10 -22 11 -21 11 -21 11 -21 12 -20 12 -21 13 -21 12 -20 13 -20 14 -19 14 -20 15 -19 15 -17 15 -18 15 -18 15 -16 15 -16 14 -15 14 -15 13 -16 12 -15 0 0 11 -15 11 -16 11 -16 10 -15 10 -16 10 -17 9 -17 9 -16 9 -16 8 -17 8 -17 8 -16 8 -16 8 -16 7 -16 7 -17 6 -16 6 -17 5 -18 4 -17 4 -18 4 -17 2 -17 2 -19 2 -18 2 -18 0 0 0 0 0 0 0 0 0 0]"
"1772697612522940,CSI_DATA,STATION,00:00:00:00:00:00,0,0,0,0,0,0,0,0,0,0,0,0,0,0,0,0,0,0,0,0,0,128,[84 -64 4 0 0 0 0 0 0 0 0 0 -15 1 -15 2 -15 2 -17 1 -15 0 -16 0 -16 -1 -16 -2 -15 -2 -16 -2 -16 -2 -17 -2 -16 -3 -16 -3 -16 -4 -16 -3 -15 -4 -14 -4 -15 -5 -14 -4 -14 -5 -14 -6 -13 -5 -13 -5 -14 -5 -13 -4 0 0 -13 -3 -12 -3 -13 -3 -13 -2 -13 -3 -13 -2 -13 -3 -12 -2 -13 -1 -12 -1 -13 0 -12 -1 -13 -1 -12 0 -12 -1 -13 1 -12 0 -12 1 -12 2 -11 2 -12 2 -12 2 -11 3 -11 4 -12 3 -12 4 0 0 0 0 0 0 0 0 0 0]"
"1772697612522940,CSI_DATA,STATION,00:00:00:00:00:00,0,0,0,0,0,0,0,0,0,0,0,0,0,0,0,0,0,0,0,0,0,128,[84 -64 4 0 0 0 0 0 0 0 0 0 3 13 3 14 2 14 3 16 1 15 1 15 1 14 0 14 -1 14 -1 14 0 15 -1 15 -1 15 -2 15 -3 16 -2 15 -3 15 -3 13 -3 15 -4 14 -4 13 -4 14 -3 12 -3 13 -3 14 -2 12 0 0 -2 12 -2 12 -1 12 -1 11 -1 13 -1 12 -1 12 -1 12 0 11 0 11 1 11 1 11 1 12 1 11 1 10 2 11 2 11 3 10 3 10 3 9 3 10 3 10 4 10 5 10 5 10 5 10 0 0 0 0 0 0 0 0 0 0]"
"1772697612522940,CSI_DATA,STATION,00:00:00:00:00:00,0,0,0,0,0,0,0,0,0,0,0,0,0,0,0,0,0,0,0,0,0,128,[84 -64 4 0 0 0 0 0 0 0 0 0 -20 2 -20 3 -20 2 -22 0 -21 0 -21 0 -20 -1 -21 -2 -20 -3 -20 -2 -22 -3 -21 -3 -21 -4 -21 -4 -20 -6 -21 -5 -20 -6 -19 -6 -19 -6 -19 -7 -18 -7 -17 -7 -18 -6 -17 -6 -17 -7 -17 -5 0 0 -17 -5 -16 -5 -15 -5 -15 -4 -16 -4 -16 -3 -16 -4 -16 -3 -16 -3 -15 -1 -16 -1 -15 -2 -15 -1 -15 -1 -15 -1 -16 0 -15 1 -15 2 -15 2 -15 3 -15 3 -15 3 -15 3 -15 5 -15 4 -16 5 0 0 0 0 0 0 0 0 0 0]"
"1772697612538724,CSI_DATA,STATION,00:00:00:00:00:00,0,0,0,0,0,0,0,0,0,0,0,0,0,0,0,0,0,0,0,0,0,128,[84 -64 4 0 0 0 0 0 0 0 0 0 0 17 -1 17 -2 17 -2 19 -3 18 -2 17 -3 18 -4 17 -4 17 -5 18 -5 17 -6 17 -5 17 -6 17 -6 17 -6 18 -6 16 -7 16 -7 16 -7 17 -7 15 -7 15 -7 14 -7 14 -7 14 -6 14 0 0 -5 13 -4 14 -4 14 -4 14 -4 14 -3 13 -3 14 -2 13 -2 13 -2 13 -1 13 -2 14 -1 13 0 13 0 12 1 12 1 13 2 12 3 12 3 12 4 12 4 12 5 12 5 13 5 12 5 13 0 0 0 0 0 0 0 0 0 0]"
"1772697612538724,CSI_DATA,STATION,00:00:00:00:00:00,0,0,0,0,0,0,0,0,0,0,0,0,0,0,0,0,0,0,0,0,0,128,[84 -64 4 0 0 0 0 0 0 0 0 0 -9 -13 -9 -14 -9 -14 -9 -14 -8 -15 -8 -16 -7 -15 -7 -15 -6 -16 -6 -17 -6 -16 -5 -16 -5 -17 -4 -17 -4 -16 -4 -16 -4 -17 -3 -16 -3 -16 -2 -16 -2 -16 -2 -15 -2 -15 -2 -15 -2 -14 -3 -13 0 0 -3 -13 -3 -13 -3 -13 -4 -12 -4 -13 -4 -13 -4 -13 -5 -13 -5 -13 -5 -12 -5 -12 -5 -11 -5 -11 -5 -11 -6 -11 -6 -10 -7 -11 -7 -10 -7 -10 -8 -10 -8 -9 -9 -10 -8 -10 -9 -10 -9 -9 -10 -9 0 0 0 0 0 0 0 0 0 0]"
"1772697612538724,CSI_DATA,STATION,00:00:00:00:00:00,0,0,0,0,0,0,0,0,0,0,0,0,0,0,0,0,0,0,0,0,0,128,[84 -64 4 0 0 0 0 0 0 0 0 0 11 8 11 8 11 9 11 10 10 10 10 10 10 10 9 10 9 11 8 11 9 12 9 12 8 13 8 12 7 13 7 12 7 13 7 13 7 13 6 13 5 12 6 12 5 11 5 12 5 12 5 10 0 0 6 10 6 9 6 10 7 8 6 10 6 9 7 9 7 9 8 8 7 8 7 8 7 8 7 8 7 8 8 6 8 7 8 6 9 5 8 5 9 4 9 5 9 5 10 5 10 5 11 5 10 4 0 0 0 0 0 0 0 0 0 0]"
"1772697612554766,CSI_DATA,STATION,00:00:00:00:00:00,0,0,0,0,0,0,0,0,0,0,0,0,0,0,0,0,0,0,0,0,0,128,[84 -64 4 0 0 0 0 0 0 0 0 0 -17 3 -18 3 -18 3 -20 2 -18 1 -19 1 -19 0 -18 -1 -19 -2 -19 -1 -20 -2 -19 -1 -19 -2 -20 -2 -19 -4 -20 -3 -19 -4 -18 -4 -19 -4 -18 -5 -17 -5 -17 -5 -15 -5 -17 -4 -16 -4 -16 -3 0 0 -16 -3 -15 -2 -16 -1 -15 -2 -16 -2 -15 -1 -15 -1 -15 -1 -15 0 -14 1 -15 1 -14 1 -14 1 -14 2 -13 2 -14 3 -13 3 -12 4 -12 4 -12 4 -13 5 -12 6 -12 6 -12 7 -13 8 -13 7 0 0 0 0 0 0 0 0 0 0]"
"1772697612554766,CSI_DATA,STATION,00:00:00:00:00:00,0,0,0,0,0,0,0,0,0,0,0,0,0,0,0,0,0,0,0,0,0,128,[84 -64 4 0 0 0 0 0 0 0 0 0 9 11 9 12 9 13 9 13 7 14 7 14 6 13 6 14 5 13 6 14 6 14 6 14 5 15 5 14 4 16 4 15 4 15 4 14 3 15 2 15 2 14 2 14 1 13 2 13 3 13 3 12 0 0 3 11 3 11 3 12 3 11 3 12 4 11 4 12 4 11 4 11 5 10 5 10 5 11 5 10 6 10 5 8 6 9 7 9 7 8 7 8 7 7 7 7 7 7 9 7 9 7 10 7 9 6 0 0 0 0 0 0 0 0 0 0]"
"1772697612554766,CSI_DATA,STATION,00:00:00:00:00:00,0,0,0,0,0,0,0,0,0,0,0,0,0,0,0,0,0,0,0,0,0,128,[84 -64 4 0 0 0 0 0 0 0 0 0 12 4 13 5 12 5 13 6 12 6 12 7 12 7 12 7 11 8 11 7 13 8 12 8 12 8 11 9 11 10 11 9 10 10 9 10 10 10 9 10 9 10 8 10 7 9 8 9 8 9 9 8 0 0 8 8 8 8 9 8 9 6 9 8 9 7 9 7 9 6 9 6 8 5 9 5 8 5 10 5 10 5 9 4 10 4 9 3 10 2 9 2 9 2 10 2 10 2 10 1 11 0 11 0 11 0 0 0 0 0 0 0 0 0 0 0]"
"1772697612570414,CSI_DATA,STATION,00:00:00:00:00:00,0,0,0,0,0,0,0,0,0,0,0,0,0,0,0,0,0,0,0,0,0,128,[84 -64 4 0 0 0 0 0 0 0 0 0 -10 19 -11 18 -12 19 -12 19 -13 18 -14 18 -14 17 -15 17 -15 16 -16 16 -16 16 -17 17 -16 16 -17 15 -17 14 -18 16 -18 14 -18 13 -18 12 -18 12 -18 11 -17 11 -17 10 -17 11 -16 11 -15 11 0 0 -14 11 -14 11 -13 11 -13 12 -13 11 -13 12 -12 12 -12 12 -12 12 -11 12 -11 13 -10 13 -10 13 -10 13 -9 13 -9 13 -8 13 -7 13 -7 14 -6 14 -6 15 -6 15 -5 16 -4 16 -4 16 -4 17 0 0 0 0 0 0 0 0 0 0]"
"1772697612570414,CSI_DATA,STATION,00:00:00:00:00:00,0,0,0,0,0,0,0,0,0,0,0,0,0,0,0,0,0,0,0,0,0,128,[84 -64 4 0 0 0 0 0 0 0 0 0 -7 12 -7 12 -7 11 -8 13 -8 12 -9 12 -9 11 -9 11 -9 11 -9 11 -10 11 -10 11 -11 11 -11 11 -12 10 -11 10 -12 9 -11 8 -12 10 -12 9 -12 8 -11 8 -11 7 -11 9 -11 8 -10 8 0 0 -10 8 -9 8 -8 9 -8 8 -9 9 -8 9 -8 9 -8 9 -8 9 -7 8 -6 10 -6 9 -6 9 -6 10 -5 9 -5 9 -5 9 -4 9 -3 9 -3 9 -3 9 -2 10 -2 10 -1 11 -1 10 -1 11 0 0 0 0 0 0 0 0 0 0]"
"1772697612570414,CSI_DATA,STATION,00:00:00:00:00:00,0,0,0,0,0,0,0,0,0,0,0,0,0,0,0,0,0,0,0,0,0,128,[84 -64 4 0 0 0 0 0 0 0 0 0 -18 -14 -18 -15 -18 -15 -18 -16 -17 -16 -17 -17 -16 -17 -16 -18 -15 -18 -15 -19 -16 -19 -15 -20 -15 -20 -14 -20 -14 -21 -14 -21 -12 -21 -11 -21 -11 -21 -11 -21 -10 -20 -10 -20 -9 -19 -10 -19 -10 -19 -10 -18 0 0 -10 -16 -11 -16 -11 -16 -11 -15 -11 -15 -12 -15 -12 -14 -12 -14 -12 -14 -12 -13 -13 -13 -12 -13 -12 -13 -13 -12 -12 -12 -13 -12 -13 -11 -14 -10 -14 -10 -14 -9 -15 -8 -15 -8 -16 -7 -17 -7 -17 -7 -17 -6 0 0 0 0 0 0 0 0 0 0]"
"1772697612586425,CSI_DATA,STATION,00:00:00:00:00:00,0,0,0,0,0,0,0,0,0,0,0,0,0,0,0,0,0,0,0,0,0,128,[84 -64 4 0 0 0 0 0 0 0 0 0 12 9 12 8 12 10 12 10 11 10 11 11 11 11 10 11 10 11 10 12 10 12 9 12 9 13 9 13 9 14 8 13 8 13 7 13 7 14 7 13 6 14 6 13 6 12 6 12 6 12 6 11 0 0 6 11 6 10 7 10 7 9 7 10 7 10 8 9 8 9 8 9 8 8 8 8 8 8 8 8 8 7 8 6 9 6 9 6 9 5 9 5 9 4 9 4 9 4 10 3 10 3 10 3 11 2 0 0 0 0 0 0 0 0 0 0]"
"1772697612586425,CSI_DATA,STATION,00:00:00:00:00:00,0,0,0,0,0,0,0,0,0,0,0,0,0,0,0,0,0,0,0,0,0,128,[84 -64 4 0 0 0 0 0 0 0 0 0 14 -9 15 -9 15 -8 16 -8 16 -7 17 -7 17 -7 17 -6 17 -5 16 -4 18 -4 18 -5 18 -4 17 -4 18 -3 18 -3 18 -2 18 -2 18 -2 17 -1 17 -1 17 -1 16 1 16 -1 15 -1 15 -1 0 0 14 -1 14 -2 14 -3 13 -3 14 -3 13 -3 13 -3 13 -4 13 -4 12 -5 13 -5 12 -4 12 -4 12 -5 11 -5 11 -6 11 -6 10 -7 10 -6 9 -7 10 -7 9 -8 9 -8 9 -10 9 -10 9 -10 0 0 0 0 0 0 0 0 0 0]"
"1772697612586425,CSI_DATA,STATION,00:00:00:00:00:00,0,0,0,0,0,0,0,0,0,0,0,0,0,0,0,0,0,0,0,0,0,128,[84 -64 4 0 0 0 0 0 0 0 0 0 -16 -1 -16 -1 -16 -2 -17 -2 -16 -3 -17 -3 -16 -4 -16 -4 -16 -5 -17 -5 -16 -5 -16 -5 -16 -5 -16 -6 -16 -7 -17 -6 -15 -7 -15 -7 -15 -7 -15 -8 -13 -8 -13 -8 -13 -7 -13 -7 -13 -7 -13 -6 0 0 -12 -6 -12 -5 -12 -5 -12 -5 -12 -4 -13 -5 -13 -4 -12 -3 -12 -3 -12 -3 -13 -2 -12 -2 -12 -2 -12 -2 -12 -2 -12 -1 -12 -1 -12 0 -11 0 -11 1 -11 1 -11 2 -11 2 -11 3 -12 3 -11 3 0 0 0 0 0 0 0 0 0 0]"
"1772697612602531,CSI_DATA,STATION,00:00:00:00:00:00,0,0,0,0,0,0,0,0,0,0,0,0,0,0,0,0,0,0,0,0,0,128,[84 -64 4 0 0 0 0 0 0 0 0 0 12 -9 13 -8 13 -9 13 -8 14 -7 15 -7 14 -6 15 -5 15 -5 15 -5 15 -5 16 -4 15 -5 16 -4 16 -2 16 -3 16 -2 16 -2 15 -2 15 -1 15 -1 14 -1 14 -1 14 -2 13 -1 12 -2 0 0 13 -1 12 -2 12 -3 12 -3 11 -3 12 -4 12 -3 11 -3 11 -4 11 -4 11 -5 10 -4 10 -4 10 -4 10 -5 10 -5 10 -6 8 -6 9 -6 8 -7 9 -7 8 -7 8 -7 8 -9 8 -9 7 -9 0 0 0 0 0 0 0 0 0 0]"
"1772697612602531,CSI_DATA,STATION,00:00:00:00:00:00,0,0,0,0,0,0,0,0,0,0,0,0,0,0,0,0,0,0,0,0,0,128,[84 -64 4 0 0 0 0 0 0 0 0 0 -8 15 -8 16 -9 15 -10 16 -10 14 -11 15 -11 13 -12 14 -12 13 -12 13 -12 14 -12 14 -12 13 -13 13 -14 13 -13 12 -14 12 -13 11 -14 11 -14 11 -14 11 -14 10 -13 9 -12 10 -12 10 -12 10 0 0 -11 10 -10 10 -10 11 -9 11 -10 11 -10 10 -10 11 -8 11 -9 11 -8 10 -7 11 -7 11 -7 11 -6 12 -7 10 -6 11 -5 11 -5 11 -4 11 -4 11 -3 11 -3 12 -2 11 -1 12 -1 12 -1 13 0 0 0 0 0 0 0 0 0 0]"
"1772697612602531,CSI_DATA,STATION,00:00:00:00:00:00,0,0,0,0,0,0,0,0,0,0,0,0,0,0,0,0,0,0,0,0,0,128,[84 -64 4 0 0 0 0 0 0 0 0 0 -5 14 -7 14 -6 14 -7 14 -8 14 -8 13 -9 13 -9 13 -9 13 -10 13 -10 13 -10 13 -11 13 -11 13 -11 12 -11 12 -11 11 -12 11 -12 11 -12 11 -12 10 -11 9 -11 9 -11 9 -11 10 -10 9 0 0 -10 9 -9 10 -8 9 -8 10 -9 9 -8 10 -8 10 -8 9 -7 10 -7 10 -6 11 -6 10 -6 11 -6 10 -5 10 -5 10 -4 10 -4 10 -4 9 -3 10 -3 10 -2 10 -2 11 0 11 -1 11 0 11 0 0 0 0 0 0 0 0 0 0]"
"1772697612618746,CSI_DATA,STATION,00:00:00:00:00:00,0,0,0,0,0,0,0,0,0,0,0,0,0,0,0,0,0,0,0,0,0,128,[84 -64 4 0 0 0 0 0 0 0 0 0 -14 4 -14 4 -15 4 -16 3 -15 2 -15 2 -15 1 -15 0 -15 0 -15 1 -16 0 -16 0 -16 0 -16 -1 -16 -2 -17 -2 -15 -2 -15 -3 -15 -3 -15 -4 -14 -4 -14 -4 -13 -3 -14 -4 -14 -3 -14 -3 0 0 -13 -3 -12 -2 -13 -2 -13 -1 -13 -2 -13 -2 -13 -1 -12 -1 -13 -1 -12 1 -13 1 -12 0 -12 0 -11 1 -11 0 -12 1 -11 1 -10 2 -11 2 -10 3 -10 3 -10 3 -10 4 -10 5 -11 5 -10 5 0 0 0 0 0 0 0 0 0 0]"
"1772697612618746,CSI_DATA,STATION,00:00:00:00:00:00,0,0,0,0,0,0,0,0,0,0,0,0,0,0,0,0,0,0,0,0,0,128,[84 -64 4 0 0 0 0 0 0 0 0 0 14 9 14 10 14 11 14 11 13 12 12 12 12 13 11 13 12 13 10 14 12 14 11 14 10 15 11 14 10 16 10 15 9 15 8 15 8 15 7 16 7 15 7 15 7 14 7 14 7 14 7 12 0 0 6 12 7 11 8 12 8 11 8 12 7 11 8 11 7 11 8 10 8 9 10 9 9 9 9 9 9 9 9 8 10 7 9 7 10 6 10 6 10 5 10 5 10 6 11 4 11 4 12 3 12 3 0 0 0 0 0 0 0 0 0 0]"
"1772697612651323,CSI_DATA,STATION,00:00:00:00:00:00,0,0,0,0,0,0,0,0,0,0,0,0,0,0,0,0,0,0,0,0,0,128,[84 -64 4 0 0 0 0 0 0 0 0 0 -17 4 -18 4 -18 4 -19 4 -18 2 -19 1 -19 0 -19 0 -20 -1 -19 0 -19 0 -19 0 -20 0 -19 -1 -20 -3 -20 -3 -19 -3 -18 -3 -19 -4 -18 -4 -17 -5 -17 -5 -16 -4 -17 -4 -16 -4 -15 -3 0 0 -16 -3 -14 -2 -15 -2 -15 -1 -15 -1 -14 -1 -14 -1 -14 -1 -14 -1 -14 1 -14 1 -14 1 -13 1 -13 2 -13 1 -13 3 -12 2 -12 3 -11 3 -11 4 -12 4 -11 4 -11 6 -11 6 -10 8 -11 8 0 0 0 0 0 0 0 0 0 0]"
"1772697612651323,CSI_DATA,STATION,00:00:00:00:00:00,0,0,0,0,0,0,0,0,0,0,0,0,0,0,0,0,0,0,0,0,0,128,[84 -64 4 0 0 0 0 0 0 0 0 0 6 -17 7 -16 7 -17 8 -17 8 -17 9 -16 10 -16 10 -16 11 -15 10 -16 11 -15 11 -15 12 -16 12 -15 13 -14 13 -15 13 -14 13 -14 13 -13 13 -12 14 -12 13 -11 13 -11 12 -11 11 -11 11 -12 0 0 10 -11 9 -11 9 -11 8 -11 9 -12 8 -12 8 -12 8 -12 7 -12 6 -12 7 -12 6 -12 6 -12 6 -12 5 -11 5 -12 4 -12 4 -12 3 -13 2 -12 2 -13 1 -12 1 -13 0 -13 0 -13 -1 -13 0 0 0 0 0 0 0 0 0 0]"
"1772697612683325,CSI_DATA,STATION,00:00:00:00:00:00,0,0,0,0,0,0,0,0,0,0,0,0,0,0,0,0,0,0,0,0,0,128,[84 -64 4 0 0 0 0 0 0 0 0 0 -15 0 -15 0 -16 0 -17 -1 -16 -2 -16 -2 -16 -3 -15 -4 -16 -4 -15 -4 -16 -5 -16 -5 -16 -5 -16 -5 -16 -7 -16 -6 -15 -6 -15 -7 -15 -7 -14 -7 -14 -7 -14 -7 -13 -7 -13 -7 -14 -6 -13 -6 0 0 -13 -5 -13 -5 -13 -5 -13 -4 -13 -5 -13 -4 -13 -4 -12 -3 -13 -3 -12 -2 -13 -2 -12 -2 -12 -2 -12 -1 -12 -1 -12 0 -12 0 -11 1 -11 1 -10 1 -11 1 -11 2 -11 2 -11 4 -11 3 -11 4 0 0 0 0 0 0 0 0 0 0]"
"1772697612683325,CSI_DATA,STATION,00:00:00:00:00:00,0,0,0,0,0,0,0,0,0,0,0,0,0,0,0,0,0,0,0,0,0,128,[84 -64 4 0 0 0 0 0 0 0 0 0 7 -17 7 -17 8 -17 8 -18 9 -17 10 -16 10 -16 12 -16 11 -16 11 -16 12 -15 12 -15 13 -15 13 -15 14 -15 13 -15 14 -13 13 -13 14 -13 14 -12 14 -11 13 -11 13 -11 13 -11 13 -11 12 -11 0 0 11 -11 10 -11 10 -11 10 -12 10 -12 10 -12 9 -12 9 -12 8 -11 8 -12 7 -13 8 -11 7 -12 7 -12 6 -12 6 -12 5 -12 5 -12 4 -12 3 -12 4 -12 3 -13 2 -13 1 -13 1 -13 1 -13 0 0 0 0 0 0 0 0 0 0]"
"1772697612683325,CSI_DATA,STATION,00:00:00:00:00:00,0,0,0,0,0,0,0,0,0,0,0,0,0,0,0,0,0,0,0,0,0,128,[84 -64 4 0 0 0 0 0 0 0 0 0 15 9 14 10 15 9 15 10 14 11 14 12 14 13 14 12 14 13 12 13 13 14 12 14 12 16 11 14 11 15 12 15 11 15 10 15 10 16 9 16 8 16 8 15 8 14 8 14 8 14 8 13 0 0 8 12 9 11 9 12 9 11 9 12 9 11 9 11 9 10 10 10 9 10 10 9 9 9 10 9 10 9 11 8 11 7 10 7 11 6 11 6 11 5 11 4 10 5 12 4 12 3 12 3 12 2 0 0 0 0 0 0 0 0 0 0]"
"1772697612699225,CSI_DATA,STATION,00:00:00:00:00:00,0,0,0,0,0,0,0,0,0,0,0,0,0,0,0,0,0,0,0,0,0,128,[84 -64 4 0 0 0 0 0 0 0 0 0 -11 -15 -11 -16 -10 -15 -11 -17 -9 -16 -9 -17 -10 -17 -9 -18 -8 -17 -7 -18 -8 -19 -7 -19 -7 -19 -6 -20 -5 -20 -5 -19 -5 -20 -4 -18 -4 -19 -3 -19 -3 -19 -3 -18 -2 -16 -3 -18 -2 -17 -3 -16 0 0 -4 -16 -4 -15 -4 -16 -4 -14 -4 -16 -4 -15 -5 -15 -5 -14 -6 -14 -6 -13 -7 -14 -6 -13 -6 -13 -7 -14 -6 -12 -7 -12 -7 -12 -8 -11 -8 -10 -8 -9 -9 -10 -9 -9 -9 -9 -10 -9 -11 -9 -11 -8 0 0 0 0 0 0 0 0 0 0]"
"1772697612699225,CSI_DATA,STATION,00:00:00:00:00:00,0,0,0,0,0,0,0,0,0,0,0,0,0,0,0,0,0,0,0,0,0,128,[84 -64 4 0 0 0 0 0 0 0 0 0 15 9 14 9 15 10 14 11 15 11 13 12 14 12 13 13 13 13 13 13 13 14 12 14 12 14 12 15 11 15 12 15 10 14 10 15 10 15 8 15 8 15 8 15 8 15 8 15 8 14 9 13 0 0 8 12 9 12 8 11 10 11 9 11 9 11 9 11 9 10 10 10 9 9 10 9 10 9 10 9 9 9 10 9 10 7 10 7 10 6 10 6 10 5 11 5 11 5 12 5 11 3 12 3 12 2 0 0 0 0 0 0 0 0 0 0]"
"1772697612699225,CSI_DATA,STATION,00:00:00:00:00:00,0,0,0,0,0,0,0,0,0,0,0,0,0,0,0,0,0,0,0,0,0,128,[84 -64 4 0 0 0 0 0 0 0 0 0 -6 -19 -5 -20 -5 -20 -4 -21 -3 -22 -2 -21 -2 -21 -1 -21 -1 -22 0 -22 0 -21 1 -22 2 -22 2 -22 2 -22 1 -22 2 -21 3 -20 3 -21 4 -21 4 -20 4 -20 5 -18 4 -20 4 -19 3 -18 0 0 2 -17 2 -17 2 -17 1 -17 0 -18 0 -17 0 -17 -1 -17 -1 -17 -1 -16 -2 -16 -1 -16 -1 -16 -2 -16 -2 -15 -4 -15 -3 -16 -5 -14 -4 -13 -5 -13 -5 -13 -6 -13 -6 -13 -8 -13 -8 -13 -9 -12 0 0 0 0 0 0 0 0 0 0]"
"1772697612714977,CSI_DATA,STATION,00:00:00:00:00:00,0,0,0,0,0,0,0,0,0,0,0,0,0,0,0,0,0,0,0,0,0,128,[84 -64 4 0 0 0 0 0 0 0 0 0 -13 -12 -14 -13 -14 -13 -13 -15 -13 -15 -13 -15 -11 -16 -12 -15 -11 -16 -11 -16 -12 -16 -11 -17 -11 -17 -10 -17 -9 -17 -10 -17 -9 -17 -9 -17 -9 -18 -7 -18 -7 -17 -7 -17 -7 -16 -7 -16 -7 -16 -7 -15 0 0 -7 -14 -8 -14 -8 -13 -8 -12 -8 -13 -9 -13 -8 -13 -8 -12 -9 -12 -9 -11 -10 -11 -10 -11 -10 -11 -9 -11 -10 -10 -10 -9 -10 -9 -10 -8 -11 -8 -11 -7 -11 -7 -12 -7 -11 -7 -12 -5 -12 -6 -13 -5 0 0 0 0 0 0 0 0 0 0]"
"1772697612714977,CSI_DATA,STATION,00:00:00:00:00:00,0,0,0,0,0,0,0,0,0,0,0,0,0,0,0,0,0,0,0,0,0,128,[84 -64 4 0 0 0 0 0 0 0 0 0 10 -15 11 -15 11 -15 12 -15 12 -15 13 -13 13 -14 13 -13 14 -14 13 -13 15 -13 15 -12 15 -12 15 -12 15 -11 16 -11 15 -10 16 -10 15 -11 16 -10 15 -9 16 -9 14 -8 14 -8 14 -9 13 -9 0 0 12 -9 12 -9 12 -9 11 -10 11 -10 11 -10 11 -11 10 -10 10 -10 10 -10 9 -11 9 -10 9 -11 8 -11 8 -11 7 -11 7 -11 6 -11 5 -11 5 -11 5 -12 4 -12 4 -13 3 -13 3 -13 2 -13 0 0 0 0 0 0 0 0 0 0]"
"1772697612714977,CSI_DATA,STATION,00:00:00:00:00:00,0,0,0,0,0,0,0,0,0,0,0,0,0,0,0,0,0,0,0,0,0,128,[84 -64 4 0 0 0 0 0 0 0 0 0 0 17 -1 17 -1 18 -2 18 -2 18 -2 18 -3 18 -4 18 -5 17 -5 18 -5 18 -6 18 -6 18 -6 18 -8 18 -7 18 -7 17 -8 16 -7 17 -8 17 -9 15 -8 15 -8 15 -8 16 -8 15 -7 14 0 0 -6 13 -6 14 -6 13 -5 14 -4 14 -4 14 -4 15 -3 14 -4 13 -3 13 -3 14 -3 13 -2 13 -2 13 -2 13 -1 12 -1 13 1 12 0 11 1 11 1 12 2 11 3 12 4 11 4 12 4 12 0 0 0 0 0 0 0 0 0 0]"
"1772697612730734,CSI_DATA,STATION,00:00:00:00:00:00,0,0,0,0,0,0,0,0,0,0,0,0,0,0,0,0,0,0,0,0,0,128,[84 -64 4 0 0 0 0 0 0 0 0 0 1 17 1 17 0 18 0 18 -1 18 -2 19 -2 18 -2 18 -3 18 -4 18 -3 18 -4 19 -5 19 -5 18 -6 18 -6 18 -5 18 -6 17 -6 18 -7 17 -7 16 -7 15 -6 15 -6 16 -7 15 -6 14 0 0 -5 14 -5 14 -4 14 -3 14 -3 14 -3 14 -3 14 -2 14 -2 13 -2 13 -1 14 -1 14 -1 13 0 13 0 12 1 13 1 12 2 12 2 11 2 11 3 11 3 11 4 11 4 11 5 12 6 11 0 0 0 0 0 0 0 0 0 0]"
"1772697612730734,CSI_DATA,STATION,00:00:00:00:00:00,0,0,0,0,0,0,0,0,0,0,0,0,0,0,0,0,0,0,0,0,0,128,[84 -64 4 0 0 0 0 0 0 0 0 0 -18 -2 -20 -3 -19 -3 -19 -4 -19 -5 -19 -5 -20 -6 -18 -7 -19 -8 -19 -6 -20 -8 -20 -7 -19 -8 -19 -8 -18 -10 -20 -9 -18 -9 -17 -10 -17 -9 -17 -10 -16 -10 -15 -10 -15 -10 -16 -10 -16 -9 -15 -8 0 0 -15 -8 -14 -7 -15 -6 -15 -6 -15 -6 -15 -6 -16 -6 -15 -5 -15 -4 -15 -4 -16 -3 -14 -3 -14 -3 -14 -3 -14 -3 -15 -2 -14 -2 -14 0 -14 0 -13 0 -14 1 -13 1 -14 2 -13 3 -14 3 -13 4 0 0 0 0 0 0 0 0 0 0]"
"1772697612730734,CSI_DATA,STATION,00:00:00:00:00:00,0,0,0,0,0,0,0,0,0,0,0,0,0,0,0,0,0,0,0,0,0,128,[84 -64 4 0 0 0 0 0 0 0 0 0 -12 14 -12 13 -13 14 -14 13 -14 13 -14 11 -15 11 -15 11 -15 10 -16 11 -16 11 -16 11 -16 11 -17 10 -17 9 -17 9 -17 8 -17 8 -17 7 -17 7 -16 6 -17 6 -16 6 -15 7 -16 7 -15 7 0 0 -14 6 -13 7 -13 8 -13 8 -12 8 -12 8 -12 9 -11 8 -12 8 -11 8 -11 9 -11 9 -11 10 -10 9 -10 9 -9 9 -9 10 -9 9 -8 9 -8 9 -7 11 -6 11 -6 11 -5 11 -6 12 -5 12 0 0 0 0 0 0 0 0 0 0]"
"1772697612746502,CSI_DATA,STATION,00:00:00:00:00:00,0,0,0,0,0,0,0,0,0,0,0,0,0,0,0,0,0,0,0,0,0,128,[84 -64 4 0 0 0 0 0 0 0 0 0 -10 -16 -10 -16 -9 -17 -8 -17 -8 -17 -8 -17 -7 -17 -7 -18 -7 -18 -6 -18 -6 -19 -5 -18 -6 -20 -5 -20 -5 -20 -5 -19 -5 -19 -4 -19 -3 -19 -3 -19 -2 -19 -3 -18 -2 -17 -3 -18 -2 -17 -3 -15 0 0 -4 -15 -4 -14 -5 -15 -5 -14 -5 -15 -5 -14 -5 -14 -6 -14 -6 -14 -7 -13 -7 -13 -7 -13 -6 -13 -7 -12 -8 -11 -8 -11 -8 -12 -9 -11 -9 -10 -9 -9 -9 -9 -10 -9 -10 -9 -10 -8 -11 -8 -12 -8 0 0 0 0 0 0 0 0 0 0]"
"1772697612746502,CSI_DATA,STATION,00:00:00:00:00:00,0,0,0,0,0,0,0,0,0,0,0,0,0,0,0,0,0,0,0,0,0,128,[84 -64 4 0 0 0 0 0 0 0 0 0 4 -18 6 -18 6 -18 7 -20 7 -18 7 -18 8 -18 8 -17 9 -17 9 -17 11 -18 11 -17 12 -17 11 -16 13 -16 11 -16 12 -16 12 -13 12 -15 13 -14 12 -13 12 -14 12 -12 12 -12 12 -13 11 -13 0 0 10 -12 9 -13 9 -13 9 -13 9 -14 9 -14 9 -14 7 -14 8 -13 6 -12 7 -14 6 -13 6 -13 6 -13 6 -13 4 -13 4 -13 3 -13 3 -13 2 -13 2 -13 2 -14 2 -13 0 -14 0 -14 -1 -14 0 0 0 0 0 0 0 0 0 0]"
"1772697612746502,CSI_DATA,STATION,00:00:00:00:00:00,0,0,0,0,0,0,0,0,0,0,0,0,0,0,0,0,0,0,0,0,0,128,[84 -64 4 0 0 0 0 0 0 0 0 0 -16 11 -16 12 -17 11 -18 11 -18 11 -18 10 -19 10 -18 9 -19 8 -19 9 -20 8 -21 7 -20 8 -20 7 -21 6 -21 6 -20 6 -20 5 -20 5 -20 4 -20 4 -19 3 -19 2 -18 3 -18 4 -17 5 0 0 -16 4 -16 5 -16 6 -15 6 -16 7 -15 7 -15 7 -15 7 -15 7 -13 7 -14 8 -14 8 -14 8 -13 8 -12 8 -11 8 -12 8 -11 9 -10 9 -9 9 -9 10 -9 11 -8 11 -7 11 -8 12 -7 12 0 0 0 0 0 0 0 0 0 0]"
"1772697612762459,CSI_DATA,STATION,00:00:00:00:00:00,0,0,0,0,0,0,0,0,0,0,0,0,0,0,0,0,0,0,0,0,0,128,[84 -64 4 0 0 0 0 0 0 0 0 0 -16 12 -16 11 -17 11 -18 11 -18 9 -19 10 -19 9 -18 8 -19 8 -19 8 -21 7 -20 7 -20 7 -21 7 -21 6 -21 5 -21 6 -20 5 -20 4 -20 5 -19 3 -19 4 -18 2 -19 4 -18 4 -17 4 0 0 -16 4 -15 5 -16 6 -15 6 -15 6 -15 6 -15 6 -14 7 -14 6 -13 7 -15 8 -13 8 -14 8 -12 8 -12 8 -12 9 -11 9 -11 9 -10 9 -9 9 -10 9 -9 11 -8 10 -7 11 -8 12 -7 13 0 0 0 0 0 0 0 0 0 0]"
"1772697612762459,CSI_DATA,STATION,00:00:00:00:00:00,0,0,0,0,0,0,0,0,0,0,0,0,0,0,0,0,0,0,0,0,0,128,[84 -64 4 0 0 0 0 0 0 0 0 0 -20 0 -20 -1 -20 -1 -21 -3 -20 -4 -23 -3 -21 -4 -21 -5 -20 -6 -20 -6 -21 -6 -21 -6 -22 -6 -21 -6 -21 -8 -20 -7 -20 -8 -19 -8 -19 -8 -19 -9 -18 -9 -17 -9 -16 -8 -17 -7 -17 -7 -17 -7 0 0 -17 -6 -16 -5 -16 -5 -15 -4 -16 -4 -16 -4 -17 -4 -15 -3 -16 -3 -16 -1 -17 -1 -16 -1 -16 -2 -15 -1 -15 -1 -15 1 -14 1 -14 2 -15 1 -14 2 -14 3 -14 3 -13 4 -13 6 -14 6 -14 6 0 0 0 0 0 0 0 0 0 0]"
"1772697612762459,CSI_DATA,STATION,00:00:00:00:00:00,0,0,0,0,0,0,0,0,0,0,0,0,0,0,0,0,0,0,0,0,0,128,[84 -64 4 0 0 0 0 0 0 0 0 0 14 3 14 3 13 3 15 5 13 6 14 6 13 6 13 7 13 7 12 6 13 7 14 7 13 8 13 8 12 9 13 8 11 9 10 9 11 10 11 10 10 9 10 9 9 8 10 8 10 8 11 7 0 0 10 7 10 7 10 7 10 6 10 7 11 6 11 6 10 5 11 5 9 4 11 4 10 4 10 4 11 3 10 3 11 3 10 3 11 1 10 2 10 1 10 1 9 1 10 0 10 -1 11 -1 10 -2 0 0 0 0 0 0 0 0 0 0]"
"1772697612778228,CSI_DATA,STATION,00:00:00:00:00:00,0,0,0,0,0,0,0,0,0,0,0,0,0,0,0,0,0,0,0,0,0,128,[84 -64 4 0 0 0 0 0 0 0 0 0 -19 -6 -20 -7 -20 -7 -20 -8 -20 -9 -20 -9 -20 -9 -19 -10 -19 -10 -19 -11 -19 -12 -18 -12 -17 -12 -17 -12 -17 -12 -18 -13 -17 -13 -16 -13 -16 -13 -16 -14 -15 -13 -14 -13 -14 -12 -15 -12 -14 -12 -14 -11 0 0 -14 -10 -14 -9 -13 -8 -15 -9 -14 -8 -15 -8 -15 -8 -14 -7 -15 -7 -15 -7 -15 -6 -14 -6 -14 -6 -13 -5 -15 -5 -15 -3 -15 -4 -15 -3 -14 -2 -15 -1 -15 -2 -14 0 -14 -1 -15 1 -14 1 -15 2 0 0 0 0 0 0 0 0 0 0]"
"1772697612778228,CSI_DATA,STATION,00:00:00:00:00:00,0,0,0,0,0,0,0,0,0,0,0,0,0,0,0,0,0,0,0,0,0,128,[84 -64 4 0 0 0 0 0 0 0 0 0 -15 -11 -16 -12 -15 -12 -15 -14 -14 -13 -14 -14 -13 -15 -14 -14 -13 -17 -13 -15 -14 -15 -13 -16 -13 -16 -12 -17 -11 -17 -11 -17 -11 -17 -10 -17 -10 -17 -8 -18 -8 -17 -7 -17 -8 -16 -8 -15 -9 -16 -9 -14 0 0 -8 -14 -8 -13 -9 -13 -10 -12 -9 -14 -10 -13 -9 -13 -9 -12 -10 -12 -10 -10 -12 -10 -11 -10 -11 -11 -11 -10 -11 -10 -11 -9 -11 -9 -11 -8 -11 -7 -11 -6 -12 -7 -12 -7 -12 -6 -13 -5 -13 -4 -13 -4 0 0 0 0 0 0 0 0 0 0]"
"1772697612778228,CSI_DATA,STATION,00:00:00:00:00:00,0,0,0,0,0,0,0,0,0,0,0,0,0,0,0,0,0,0,0,0,0,128,[84 -64 4 0 0 0 0 0 0 0 0 0 4 16 5 17 3 16 3 18 2 18 1 18 1 17 1 18 0 18 0 18 0 18 0 18 0 18 -1 19 -2 19 -2 18 -2 18 -3 17 -3 19 -4 18 -4 17 -4 17 -3 15 -3 16 -3 15 -2 15 0 0 -2 14 -1 13 -1 14 0 13 0 14 0 14 0 14 1 13 1 13 2 12 2 12 2 12 2 13 3 13 2 12 3 12 4 12 4 10 4 11 4 10 5 10 5 10 6 10 7 10 7 10 8 9 0 0 0 0 0 0 0 0 0 0]"
"1772697612793883,CSI_DATA,STATION,00:00:00:00:00:00,0,0,0,0,0,0,0,0,0,0,0,0,0,0,0,0,0,0,0,0,0,128,[84 -64 4 0 0 0 0 0 0 0 0 0 -10 -15 -9 -16 -9 -16 -9 -17 -8 -18 -8 -18 -8 -17 -8 -17 -6 -17 -7 -17 -7 -19 -7 -18 -6 -19 -6 -19 -5 -19 -5 -19 -5 -18 -4 -18 -4 -19 -3 -18 -3 -18 -3 -17 -3 -16 -4 -16 -3 -16 -4 -15 0 0 -5 -15 -5 -14 -5 -14 -5 -13 -5 -14 -5 -14 -6 -14 -6 -13 -7 -13 -8 -12 -8 -12 -8 -12 -8 -11 -8 -12 -8 -10 -9 -10 -8 -10 -9 -10 -9 -9 -9 -8 -10 -8 -11 -9 -11 -7 -12 -7 -11 -6 -12 -6 0 0 0 0 0 0 0 0 0 0]"
"1772697612793883,CSI_DATA,STATION,00:00:00:00:00:00,0,0,0,0,0,0,0,0,0,0,0,0,0,0,0,0,0,0,0,0,0,128,[84 -64 4 0 0 0 0 0 0 0 0 0 -2 17 -3 17 -3 17 -4 18 -5 18 -4 18 -5 17 -6 17 -6 17 -6 17 -7 17 -6 17 -7 17 -7 18 -9 18 -8 17 -9 16 -9 15 -8 16 -9 16 -9 15 -9 14 -9 14 -8 14 -8 14 -8 13 0 0 -7 13 -6 13 -6 13 -5 13 -5 13 -5 14 -5 14 -3 13 -4 13 -2 13 -3 13 -3 13 -3 13 -2 13 -2 12 -1 12 -1 12 1 12 0 11 1 11 2 11 2 11 2 11 4 12 4 11 4 11 0 0 0 0 0 0 0 0 0 0]"
"1772697612793883,CSI_DATA,STATION,00:00:00:00:00:00,0,0,0,0,0,0,0,0,0,0,0,0,0,0,0,0,0,0,0,0,0,128,[84 -64 4 0 0 0 0 0 0 0 0 0 -8 16 -8 15 -9 16 -9 16 -10 15 -10 16 -11 15 -11 15 -11 15 -12 14 -13 14 -13 13 -13 13 -13 13 -14 13 -13 13 -14 12 -14 11 -14 12 -15 11 -14 10 -13 10 -13 10 -13 10 -13 10 -12 10 0 0 -11 10 -10 10 -10 10 -10 10 -10 11 -9 12 -9 11 -8 11 -8 11 -8 11 -8 11 -8 11 -8 11 -7 11 -6 10 -6 11 -5 11 -5 11 -4 12 -4 11 -4 11 -2 12 -2 12 -1 12 -2 12 -1 12 0 0 0 0 0 0 0 0 0 0]"
"1772697612809731,CSI_DATA,STATION,00:00:00:00:00:00,0,0,0,0,0,0,0,0,0,0,0,0,0,0,0,0,0,0,0,0,0,128,[84 -64 4 0 0 0 0 0 0 0 0 0 -19 4 -20 4 -20 4 -21 3 -21 2 -21 2 -20 1 -21 1 -21 0 -21 0 -22 -1 -21 -1 -22 -1 -22 -1 -22 -2 -22 -2 -21 -3 -21 -3 -20 -4 -20 -3 -20 -4 -19 -4 -18 -4 -18 -3 -18 -4 -18 -3 0 0 -17 -2 -16 -1 -17 -1 -16 0 -17 0 -16 0 -16 1 -15 0 -16 1 -16 2 -15 2 -15 2 -15 2 -15 3 -14 3 -14 4 -13 4 -13 5 -12 5 -13 5 -13 6 -12 7 -12 7 -12 8 -12 8 -12 9 0 0 0 0 0 0 0 0 0 0]"
"1772697612809731,CSI_DATA,STATION,00:00:00:00:00:00,0,0,0,0,0,0,0,0,0,0,0,0,0,0,0,0,0,0,0,0,0,128,[84 -64 4 0 0 0 0 0 0 0 0 0 1 17 1 18 0 17 -1 19 -1 18 -1 18 -2 18 -3 18 -3 18 -4 18 -4 17 -4 18 -4 18 -4 19 -6 19 -5 17 -6 18 -6 16 -7 17 -7 17 -7 16 -7 16 -7 14 -7 15 -6 15 -6 14 0 0 -5 14 -4 13 -4 13 -4 13 -3 14 -3 14 -3 14 -3 13 -3 13 -1 12 -2 13 -1 13 -1 13 -1 13 -1 12 0 13 1 12 1 12 2 11 2 11 3 11 3 11 3 11 4 11 5 10 5 11 0 0 0 0 0 0 0 0 0 0]"
"1772697612809731,CSI_DATA,STATION,00:00:00:00:00:00,0,0,0,0,0,0,0,0,0,0,0,0,0,0,0,0,0,0,0,0,0,128,[84 -64 4 0 0 0 0 0 0 0 0 0 -17 -7 -18 -8 -18 -8 -19 -9 -17 -9 -17 -10 -16 -11 -17 -11 -16 -12 -15 -12 -17 -12 -17 -12 -16 -12 -16 -12 -15 -14 -16 -13 -15 -13 -13 -12 -15 -14 -13 -14 -12 -14 -12 -14 -11 -13 -12 -13 -12 -13 -13 -12 0 0 -13 -10 -12 -10 -12 -10 -12 -9 -13 -9 -13 -9 -13 -9 -13 -8 -13 -8 -13 -7 -15 -6 -13 -6 -13 -6 -13 -6 -12 -6 -14 -4 -13 -4 -13 -3 -13 -3 -13 -3 -13 -3 -13 -2 -13 -1 -13 0 -14 -1 -14 1 0 0 0 0 0 0 0 0 0 0]"
"1772697612825586,CSI_DATA,STATION,00:00:00:00:00:00,0,0,0,0,0,0,0,0,0,0,0,0,0,0,0,0,0,0,0,0,0,128,[84 -64 4 0 0 0 0 0 0 0 0 0 -14 -5 -14 -6 -15 -6 -15 -8 -14 -8 -14 -7 -13 -8 -13 -8 -13 -9 -13 -10 -14 -10 -13 -10 -13 -10 -13 -11 -12 -12 -13 -11 -12 -11 -11 -11 -11 -12 -10 -12 -10 -12 -10 -12 -9 -11 -10 -11 -10 -10 -10 -10 0 0 -10 -9 -9 -9 -10 -8 -10 -7 -10 -9 -10 -8 -10 -8 -10 -7 -11 -7 -10 -6 -11 -6 -10 -6 -11 -6 -11 -6 -10 -5 -11 -4 -11 -4 -11 -4 -11 -4 -11 -3 -11 -3 -10 -3 -11 -2 -12 -1 -11 -1 -12 -1 0 0 0 0 0 0 0 0 0 0]"
"1772697612825586,CSI_DATA,STATION,00:00:00:00:00:00,0,0,0,0,0,0,0,0,0,0,0,0,0,0,0,0,0,0,0,0,0,128,[84 -64 4 0 0 0 0 0 0 0 0 0 11 16 11 17 10 18 10 20 9 19 8 20 7 20 6 19 6 20 6 20 7 20 6 21 6 22 5 21 4 22 4 21 4 21 3 20 3 21 1 21 1 19 1 20 1 18 2 19 2 19 3 18 0 0 2 17 3 16 4 17 4 15 4 17 5 16 4 16 5 15 5 15 6 13 7 14 6 14 7 14 7 13 7 12 8 12 8 12 9 11 9 11 9 10 9 10 9 10 10 10 11 8 11 9 12 8 0 0 0 0 0 0 0 0 0 0]"
"1772697612825586,CSI_DATA,STATION,00:00:00:00:00:00,0,0,0,0,0,0,0,0,0,0,0,0,0,0,0,0,0,0,0,0,0,128,[84 -64 4 0 0 0 0 0 0 0 0 0 -8 -16 -10 -17 -8 -17 -8 -19 -7 -18 -7 -19 -6 -18 -6 -19 -5 -19 -5 -18 -5 -19 -5 -19 -4 -19 -4 -20 -3 -20 -3 -19 -3 -20 -3 -18 -2 -19 -1 -19 -1 -18 -1 -18 -1 -16 -1 -18 -1 -17 -2 -16 0 0 -3 -15 -3 -15 -3 -16 -3 -14 -4 -15 -4 -15 -4 -16 -4 -14 -5 -14 -5 -13 -6 -14 -6 -13 -6 -13 -6 -13 -5 -12 -7 -12 -7 -12 -7 -12 -8 -11 -8 -10 -8 -10 -8 -10 -8 -9 -10 -9 -10 -9 -10 -8 0 0 0 0 0 0 0 0 0 0]"
"1772697612841225,CSI_DATA,STATION,00:00:00:00:00:00,0,0,0,0,0,0,0,0,0,0,0,0,0,0,0,0,0,0,0,0,0,128,[84 -64 4 0 0 0 0 0 0 0 0 0 6 18 7 19 5 19 5 20 4 19 4 20 4 19 3 20 2 19 1 20 1 20 2 21 1 21 0 21 0 21 0 20 -1 20 -2 20 -2 21 -2 19 -2 19 -3 19 -2 17 -2 18 -3 18 -1 17 0 0 -1 16 -1 15 -1 16 0 14 0 16 0 16 1 16 1 15 1 15 2 13 2 14 2 14 2 15 3 15 2 13 3 14 4 13 5 12 5 12 5 11 6 11 6 12 7 11 7 11 8 12 8 10 0 0 0 0 0 0 0 0 0 0]"
"1772697612841225,CSI_DATA,STATION,00:00:00:00:00:00,0,0,0,0,0,0,0,0,0,0,0,0,0,0,0,0,0,0,0,0,0,128,[84 -64 4 0 0 0 0 0 0 0 0 0 5 16 5 17 3 17 3 18 2 18 2 19 2 17 2 17 1 18 0 18 0 18 0 18 -1 19 -1 19 -2 19 -1 18 -1 18 -2 17 -3 17 -3 18 -3 18 -4 17 -3 15 -3 16 -3 16 -2 15 0 0 -2 14 -1 14 0 14 0 13 0 14 0 14 1 14 0 14 1 13 2 13 2 13 2 14 2 13 3 13 3 12 4 12 4 11 4 11 5 11 5 10 5 10 6 10 6 10 7 10 7 9 8 9 0 0 0 0 0 0 0 0 0 0]"
"1772697612841225,CSI_DATA,STATION,00:00:00:00:00:00,0,0,0,0,0,0,0,0,0,0,0,0,0,0,0,0,0,0,0,0,0,128,[84 -64 4 0 0 0 0 0 0 0 0 0 -18 5 -19 4 -19 4 -20 3 -19 2 -20 2 -20 1 -19 -1 -20 -1 -19 0 -21 -1 -20 -1 -20 -1 -20 -1 -20 -2 -20 -2 -20 -2 -19 -4 -19 -3 -19 -4 -18 -4 -18 -4 -17 -4 -18 -4 -17 -3 -17 -3 0 0 -17 -3 -16 -1 -16 -1 -15 -1 -16 -1 -16 -1 -16 -1 -15 0 -16 0 -14 2 -15 2 -14 1 -14 1 -15 2 -14 2 -14 3 -14 3 -13 4 -13 4 -12 4 -12 5 -12 6 -12 6 -11 7 -11 7 -11 7 0 0 0 0 0 0 0 0 0 0]"
"1772697612857333,CSI_DATA,STATION,00:00:00:00:00:00,0,0,0,0,0,0,0,0,0,0,0,0,0,0,0,0,0,0,0,0,0,128,[84 -64 4 0 0 0 0 0 0 0 0 0 -16 9 -17 9 -17 9 -18 8 -18 8 -18 6 -18 7 -19 6 -18 5 -19 5 -19 5 -20 5 -20 5 -20 4 -20 3 -20 4 -20 3 -19 3 -20 2 -19 1 -19 1 -19 1 -17 0 -18 1 -18 1 -16 2 0 0 -16 2 -15 3 -16 3 -14 4 -16 3 -15 4 -15 4 -15 4 -15 4 -13 5 -14 6 -14 6 -13 6 -13 6 -13 6 -13 7 -12 7 -12 8 -11 8 -10 8 -11 8 -10 9 -10 9 -9 10 -10 10 -9 11 0 0 0 0 0 0 0 0 0 0]"
"1772697612857333,CSI_DATA,STATION,00:00:00:00:00:00,0,0,0,0,0,0,0,0,0,0,0,0,0,0,0,0,0,0,0,0,0,128,[84 -64 4 0 0 0 0 0 0 0 0 0 17 -5 17 -5 17 -4 18 -4 17 -3 19 -2 18 -2 18 -1 18 0 18 0 19 -1 18 0 18 0 18 0 18 1 19 1 18 3 17 2 17 3 17 3 17 3 16 4 16 3 16 3 15 3 15 2 0 0 14 2 13 2 14 1 14 0 14 0 14 0 14 0 14 -1 14 -1 13 -2 14 -2 14 -2 13 -2 13 -2 12 -3 13 -3 12 -4 12 -5 12 -4 11 -5 11 -5 11 -6 10 -6 10 -8 11 -7 10 -8 0 0 0 0 0 0 0 0 0 0]"
"1772697612857333,CSI_DATA,STATION,00:00:00:00:00:00,0,0,0,0,0,0,0,0,0,0,0,0,0,0,0,0,0,0,0,0,0,128,[84 -64 4 0 0 0 0 0 0 0 0 0 -16 -9 -15 -10 -16 -11 -16 -12 -15 -12 -15 -13 -14 -12 -14 -13 -13 -14 -13 -14 -15 -14 -14 -14 -14 -15 -13 -15 -12 -15 -13 -15 -12 -15 -12 -15 -11 -16 -10 -16 -10 -16 -9 -15 -9 -14 -10 -15 -10 -14 -9 -13 0 0 -10 -12 -10 -12 -10 -11 -10 -10 -10 -12 -11 -11 -10 -11 -11 -11 -11 -10 -11 -9 -12 -9 -10 -9 -11 -9 -12 -8 -11 -8 -12 -7 -11 -8 -13 -7 -12 -5 -12 -5 -12 -5 -12 -5 -13 -4 -13 -4 -13 -3 -14 -2 0 0 0 0 0 0 0 0 0 0]"
"1772697612889671,CSI_DATA,STATION,00:00:00:00:00:00,0,0,0,0,0,0,0,0,0,0,0,0,0,0,0,0,0,0,0,0,0,128,[84 -64 4 0 0 0 0 0 0 0 0 0 -20 11 -21 10 -21 11 -21 10 -21 9 -22 8 -22 8 -23 7 -23 7 -23 6 -23 7 -24 6 -24 6 -24 5 -24 4 -25 5 -24 3 -24 2 -24 1 -23 2 -23 1 -22 1 -21 0 -21 1 -21 2 -20 2 0 0 -19 2 -19 3 -19 4 -18 4 -18 3 -18 4 -18 5 -18 5 -17 5 -17 6 -17 7 -17 6 -16 6 -17 7 -15 7 -16 8 -15 8 -15 8 -15 9 -14 9 -14 10 -14 10 -13 11 -13 12 -13 12 -13 12 0 0 0 0 0 0 0 0 0 0]"
"1772697612889671,CSI_DATA,STATION,00:00:00:00:00:00,0,0,0,0,0,0,0,0,0,0,0,0,0,0,0,0,0,0,0,0,0,128,[84 -64 4 0 0 0 0 0 0 0 0 0 -8 -17 -8 -17 -8 -17 -7 -18 -7 -18 -6 -18 -5 -17 -4 -18 -4 -18 -4 -19 -4 -19 -4 -19 -3 -19 -3 -19 -2 -20 -2 -19 -2 -18 -1 -18 -1 -19 -1 -19 0 -18 0 -19 0 -17 0 -17 0 -17 -1 -15 0 0 -1 -15 -2 -15 -2 -15 -2 -15 -3 -15 -3 -15 -3 -15 -3 -15 -3 -15 -4 -13 -5 -14 -4 -14 -4 -13 -5 -13 -5 -13 -6 -12 -6 -13 -6 -12 -6 -11 -7 -11 -8 -11 -8 -11 -8 -11 -10 -11 -9 -10 -10 -10 0 0 0 0 0 0 0 0 0 0]"
"1772697612905994,CSI_DATA,STATION,00:00:00:00:00:00,0,0,0,0,0,0,0,0,0,0,0,0,0,0,0,0,0,0,0,0,0,128,[84 -64 4 0 0 0 0 0 0 0 0 0 0 -18 0 -19 1 -18 1 -20 2 -18 2 -18 3 -18 3 -19 4 -19 4 -18 4 -18 4 -18 5 -18 5 -19 6 -18 6 -18 7 -17 7 -16 7 -18 7 -17 7 -16 7 -16 7 -15 6 -15 6 -15 5 -15 0 0 5 -14 4 -14 4 -14 4 -14 3 -15 3 -15 3 -15 2 -14 2 -14 2 -13 1 -15 1 -14 0 -14 0 -14 0 -13 -1 -14 -1 -13 -2 -13 -2 -13 -2 -12 -2 -13 -3 -13 -4 -13 -5 -13 -4 -13 -6 -13 0 0 0 0 0 0 0 0 0 0]"
"1772697612905994,CSI_DATA,STATION,00:00:00:00:00:00,0,0,0,0,0,0,0,0,0,0,0,0,0,0,0,0,0,0,0,0,0,128,[84 -64 4 0 0 0 0 0 0 0 0 0 0 16 -1 17 -2 18 -2 18 -3 18 -2 17 -3 17 -4 18 -4 17 -5 17 -5 17 -5 17 -6 17 -5 18 -7 18 -6 17 -6 16 -7 16 -7 17 -8 16 -8 15 -8 15 -7 13 -7 15 -7 15 -6 14 0 0 -6 14 -5 13 -4 14 -4 12 -5 14 -3 14 -4 14 -3 14 -3 13 -2 13 -1 13 -2 13 -1 14 0 14 -1 12 0 13 0 12 1 12 2 12 1 11 2 12 3 12 2 12 4 12 4 12 5 12 0 0 0 0 0 0 0 0 0 0]"
"1772697612905994,CSI_DATA,STATION,00:00:00:00:00:00,0,0,0,0,0,0,0,0,0,0,0,0,0,0,0,0,0,0,0,0,0,128,[84 -64 4 0 0 0 0 0 0 0 0 0 11 12 11 14 10 13 11 15 10 14 10 16 9 15 9 15 8 16 8 15 8 16 8 16 7 17 7 16 7 18 6 17 7 17 6 16 6 18 5 17 4 16 4 16 4 14 5 15 4 14 5 14 0 0 5 14 5 13 6 14 6 11 6 13 7 12 6 12 7 12 7 11 7 10 8 10 8 10 8 11 8 11 8 9 9 9 9 8 10 8 9 7 10 7 10 7 10 7 10 6 11 6 11 6 12 5 0 0 0 0 0 0 0 0 0 0]"
"1772697612929531,CSI_DATA,STATION,00:00:00:00:00:00,0,0,0,0,0,0,0,0,0,0,0,0,0,0,0,0,0,0,0,0,0,128,[84 -64 4 0 0 0 0 0 0 0 0 0 16 -4 17 -3 17 -3 18 -2 17 -2 18 -1 18 -1 18 0 18 1 17 1 18 1 18 1 18 2 18 2 19 3 18 2 18 3 17 4 17 4 17 4 16 4 16 4 15 4 15 4 15 4 15 3 0 0 14 3 13 2 14 1 13 1 14 1 14 1 14 0 14 0 13 0 13 -1 13 -1 13 -1 13 -1 13 -2 12 -2 13 -3 12 -3 12 -4 12 -4 12 -4 12 -4 11 -5 11 -5 11 -7 11 -7 12 -8 0 0 0 0 0 0 0 0 0 0]"
"1772697612929531,CSI_DATA,STATION,00:00:00:00:00:00,0,0,0,0,0,0,0,0,0,0,0,0,0,0,0,0,0,0,0,0,0,128,[84 -64 4 0 0 0 0 0 0 0 0 0 6 -17 7 -17 7 -17 8 -17 8 -17 9 -17 9 -16 9 -16 10 -15 10 -16 10 -15 11 -16 11 -15 11 -15 12 -15 12 -15 12 -14 12 -13 13 -14 12 -13 12 -12 12 -12 12 -11 11 -11 11 -11 10 -11 0 0 9 -12 9 -12 8 -11 8 -12 8 -12 8 -13 7 -13 7 -12 7 -12 7 -12 6 -13 6 -12 5 -12 5 -13 5 -13 4 -13 3 -13 3 -13 3 -13 2 -13 3 -13 2 -13 1 -14 0 -14 1 -14 -1 -14 0 0 0 0 0 0 0 0 0 0]"
"1772697612929531,CSI_DATA,STATION,00:00:00:00:00:00,0,0,0,0,0,0,0,0,0,0,0,0,0,0,0,0,0,0,0,0,0,128,[84 -64 4 0 0 0 0 0 0 0 0 0 -13 12 -13 12 -14 11 -14 11 -15 11 -15 10 -16 9 -16 10 -16 9 -16 9 -17 9 -17 9 -17 9 -17 8 -18 8 -18 7 -17 7 -17 6 -17 7 -17 6 -17 6 -16 5 -16 4 -16 5 -15 5 -14 6 0 0 -14 6 -13 6 -13 7 -13 7 -13 7 -13 8 -12 7 -12 7 -11 8 -11 8 -11 9 -11 9 -11 9 -10 9 -9 9 -9 9 -9 9 -8 10 -8 10 -7 9 -8 10 -7 10 -7 11 -6 12 -6 11 -5 12 0 0 0 0 0 0 0 0 0 0]"
"1772697612929531,CSI_DATA,STATION,00:00:00:00:00:00,0,0,0,0,0,0,0,0,0,0,0,0,0,0,0,0,0,0,0,0,0,128,[84 -64 4 0 0 0 0 0 0 0 0 0 13 -11 13 -11 14 -11 15 -11 15 -10 16 -9 15 -9 16 -9 16 -7 16 -8 16 -8 17 -7 16 -8 17 -7 17 -6 17 -6 17 -6 17 -5 17 -5 17 -4 17 -4 16 -3 16 -3 16 -4 15 -4 14 -4 0 0 14 -4 13 -5 12 -5 12 -5 13 -6 12 -6 13 -6 12 -6 12 -7 12 -7 11 -8 11 -7 10 -8 10 -8 10 -8 10 -8 9 -9 9 -9 9 -9 8 -10 9 -9 8 -10 8 -11 7 -12 7 -11 7 -12 0 0 0 0 0 0 0 0 0 0]"
"1772697612929531,CSI_DATA,STATION,00:00:00:00:00:00,0,0,0,0,0,0,0,0,0,0,0,0,0,0,0,0,0,0,0,0,0,128,[84 -64 4 0 0 0 0 0 0 0 0 0 -12 -13 -13 -14 -13 -14 -12 -14 -11 -16 -11 -15 -11 -16 -11 -16 -10 -16 -9 -17 -10 -17 -9 -17 -9 -17 -8 -18 -7 -19 -8 -18 -7 -17 -7 -18 -6 -18 -5 -17 -6 -17 -4 -18 -4 -16 -5 -16 -4 -16 -5 -15 0 0 -5 -14 -6 -15 -6 -14 -6 -13 -6 -13 -6 -14 -6 -13 -7 -13 -7 -12 -8 -12 -8 -12 -8 -12 -7 -13 -8 -11 -8 -11 -9 -11 -9 -11 -9 -10 -9 -9 -10 -8 -10 -9 -10 -9 -11 -9 -11 -8 -12 -8 -12 -7 0 0 0 0 0 0 0 0 0 0]"
"1772697612945230,CSI_DATA,STATION,00:00:00:00:00:00,0,0,0,0,0,0,0,0,0,0,0,0,0,0,0,0,0,0,0,0,0,128,[84 -64 4 0 0 0 0 0 0 0 0 0 -17 6 -17 5 -18 5 -18 4 -19 4 -18 3 -18 3 -19 1 -18 1 -19 1 -19 1 -19 1 -19 1 -19 0 -19 -1 -20 -1 -19 -1 -19 -2 -19 -2 -18 -2 -18 -3 -18 -2 -17 -3 -17 -3 -16 -2 -16 -2 0 0 -15 -1 -15 0 -15 0 -15 -1 -15 0 -15 0 -14 1 -14 1 -14 1 -13 2 -14 2 -14 2 -14 2 -13 4 -13 3 -13 4 -12 4 -12 4 -12 5 -12 5 -12 6 -11 6 -11 7 -11 7 -12 7 -11 8 0 0 0 0 0 0 0 0 0 0]"
"1772697612945230,CSI_DATA,STATION,00:00:00:00:00:00,0,0,0,0,0,0,0,0,0,0,0,0,0,0,0,0,0,0,0,0,0,128,[84 -64 4 0 0 0 0 0 0 0 0 0 -17 -7 -18 -8 -18 -8 -19 -9 -17 -10 -17 -10 -16 -11 -16 -11 -15 -12 -16 -12 -16 -12 -16 -13 -16 -12 -15 -13 -15 -14 -15 -14 -14 -13 -13 -14 -14 -15 -12 -15 -11 -14 -11 -15 -11 -13 -12 -13 -12 -14 -13 -12 0 0 -11 -12 -12 -11 -12 -11 -12 -10 -12 -11 -12 -10 -13 -11 -12 -9 -12 -9 -12 -8 -14 -8 -12 -7 -12 -8 -13 -7 -13 -6 -14 -6 -13 -6 -13 -4 -13 -5 -13 -4 -13 -4 -13 -4 -14 -3 -14 -1 -15 -2 -14 -1 0 0 0 0 0 0 0 0 0 0]"
"1772697612945230,CSI_DATA,STATION,00:00:00:00:00:00,0,0,0,0,0,0,0,0,0,0,0,0,0,0,0,0,0,0,0,0,0,128,[84 -64 4 0 0 0 0 0 0 0 0 0 18 0 18 -1 17 -1 18 0 18 2 17 3 18 1 17 4 17 4 18 5 16 7 17 6 17 5 16 6 16 8 17 6 16 8 16 8 17 7 15 9 14 8 14 8 15 7 13 8 13 9 14 7 0 0 13 7 14 6 12 5 11 7 12 5 13 6 13 5 9 5 13 5 12 4 12 3 10 4 13 2 12 3 13 3 10 0 11 2 13 0 12 1 10 -1 13 0 11 -1 12 0 11 -4 11 -2 14 -3 0 0 0 0 0 0 0 0 0 0]"
"1772697612961318,CSI_DATA,STATION,00:00:00:00:00:00,0,0,0,0,0,0,0,0,0,0,0,0,0,0,0,0,0,0,0,0,0,128,[84 -64 4 0 0 0 0 0 0 0 0 0 -17 -8 -16 -9 -17 -10 -16 -10 -16 -11 -16 -11 -15 -12 -14 -12 -14 -13 -14 -13 -15 -14 -14 -14 -13 -14 -13 -13 -12 -15 -14 -14 -12 -14 -12 -14 -11 -14 -11 -15 -10 -15 -10 -15 -9 -14 -10 -13 -10 -14 -10 -12 0 0 -9 -11 -10 -11 -10 -10 -12 -10 -11 -11 -11 -11 -11 -11 -11 -10 -11 -9 -11 -9 -13 -8 -11 -8 -11 -8 -12 -8 -12 -7 -12 -7 -12 -6 -13 -5 -12 -5 -13 -5 -12 -5 -13 -4 -13 -4 -14 -3 -13 -3 -14 -2 0 0 0 0 0 0 0 0 0 0]"
"1772697612961318,CSI_DATA,STATION,00:00:00:00:00:00,0,0,0,0,0,0,0,0,0,0,0,0,0,0,0,0,0,0,0,0,0,128,[84 -64 4 0 0 0 0 0 0 0 0 0 6 12 6 12 7 13 5 14 5 14 4 13 4 14 3 13 3 14 2 14 3 14 3 14 2 15 2 15 1 15 2 15 1 14 1 15 1 14 0 14 -1 14 -1 14 -1 14 0 14 0 13 1 12 0 0 1 12 1 12 2 12 2 11 2 12 2 12 2 11 3 12 3 11 3 10 4 10 3 10 3 11 4 10 4 10 5 9 5 9 5 8 6 8 6 7 6 8 6 8 7 8 8 7 8 7 8 7 0 0 0 0 0 0 0 0 0 0]"
"1772697612961318,CSI_DATA,STATION,00:00:00:00:00:00,0,0,0,0,0,0,0,0,0,0,0,0,0,0,0,0,0,0,0,0,0,128,[84 -64 4 0 0 0 0 0 0 0 0 0 -7 -17 -8 -17 -6 -17 -6 -18 -5 -19 -5 -17 -5 -18 -4 -18 -3 -18 -3 -19 -2 -19 -2 -19 -1 -19 -1 -20 -1 -20 -1 -19 0 -18 0 -18 0 -18 1 -18 0 -17 1 -18 1 -16 1 -17 2 -17 1 -16 0 0 0 -16 -1 -15 -1 -15 -1 -14 -2 -15 -2 -15 -2 -15 -2 -15 -3 -14 -3 -13 -4 -14 -3 -14 -3 -14 -3 -14 -4 -13 -4 -12 -6 -13 -5 -12 -6 -11 -6 -11 -6 -12 -7 -11 -8 -11 -8 -11 -8 -11 -9 -11 0 0 0 0 0 0 0 0 0 0]"
"1772697612977163,CSI_DATA,STATION,00:00:00:00:00:00,0,0,0,0,0,0,0,0,0,0,0,0,0,0,0,0,0,0,0,0,0,128,[84 -64 4 0 0 0 0 0 0 0 0 0 48 2 40 -8 70 3 59 -4 49 3 49 -6 63 5 35 -5 44 -3 57 8 88 -2 93 22 94 21 70 2 72 6 96 10 93 24 66 3 80 18 73 13 77 27 88 26 63 1 82 15 94 14 85 14 0 0 102 19 105 23 112 15 99 14 87 1 95 10 93 14 94 11 98 15 85 14 93 29 74 12 86 5 90 25 80 30 116 24 118 26 79 13 84 18 70 6 95 6 85 10 67 -8 74 4 79 4 61 -2 0 0 0 0 0 0 0 0 0 0]"
"1772697612977163,CSI_DATA,STATION,00:00:00:00:00:00,0,0,0,0,0,0,0,0,0,0,0,0,0,0,0,0,0,0,0,0,0,128,[84 -64 4 0 0 0 0 0 0 0 0 0 11 -8 12 -8 12 -8 14 -8 13 -7 14 -6 14 -6 13 -5 14 -5 13 -5 14 -5 14 -5 14 -5 14 -4 15 -4 15 -3 15 -3 14 -2 15 -2 14 -2 14 -2 14 -1 12 -1 13 -2 13 -2 13 -3 0 0 12 -3 11 -3 12 -3 10 -4 12 -3 11 -4 11 -4 11 -4 11 -4 9 -5 10 -5 10 -5 10 -5 10 -6 9 -5 9 -7 9 -6 9 -7 8 -7 7 -7 8 -7 8 -7 7 -8 7 -9 7 -9 6 -10 0 0 0 0 0 0 0 0 0 0]"
"1772697612977163,CSI_DATA,STATION,00:00:00:00:00:00,0,0,0,0,0,0,0,0,0,0,0,0,0,0,0,0,0,0,0,0,0,128,[84 -64 4 0 0 0 0 0 0 0 0 0 -7 -18 -8 -20 -7 -19 -6 -21 -5 -20 -5 -21 -5 -20 -4 -20 -3 -20 -3 -21 -3 -21 -2 -21 -1 -21 -2 -21 -1 -21 -1 -20 -1 -21 0 -19 0 -21 1 -20 1 -19 1 -20 1 -17 1 -18 2 -18 0 -18 0 0 0 -17 -1 -16 -1 -16 -1 -15 -2 -16 -2 -16 -3 -16 -3 -16 -3 -15 -4 -14 -4 -14 -4 -15 -4 -14 -5 -14 -4 -13 -5 -14 -6 -14 -6 -13 -6 -12 -7 -12 -8 -13 -9 -12 -9 -12 -10 -12 -10 -11 -10 -11 0 0 0 0 0 0 0 0 0 0]"
"1772697612992828,CSI_DATA,STATION,00:00:00:00:00:00,0,0,0,0,0,0,0,0,0,0,0,0,0,0,0,0,0,0,0,0,0,128,[84 -64 4 0 0 0 0 0 0 0 0 0 -16 -10 -16 -11 -15 -11 -15 -12 -15 -12 -14 -13 -14 -13 -14 -13 -13 -13 -13 -14 -13 -14 -13 -15 -12 -15 -12 -14 -11 -15 -12 -15 -11 -15 -11 -15 -11 -15 -10 -15 -9 -15 -9 -16 -9 -15 -9 -14 -9 -14 -10 -13 0 0 -9 -12 -9 -12 -9 -11 -10 -11 -9 -11 -10 -10 -10 -11 -11 -10 -11 -10 -11 -9 -12 -9 -11 -8 -10 -8 -11 -8 -12 -7 -12 -7 -11 -7 -11 -6 -12 -5 -12 -5 -13 -5 -12 -5 -13 -5 -13 -3 -13 -3 -13 -2 0 0 0 0 0 0 0 0 0 0]"
"1772697612992828,CSI_DATA,STATION,00:00:00:00:00:00,0,0,0,0,0,0,0,0,0,0,0,0,0,0,0,0,0,0,0,0,0,128,[84 -64 4 0 0 0 0 0 0 0 0 0 14 10 14 11 13 11 13 12 13 12 12 13 13 12 13 12 11 13 11 13 12 14 11 14 10 14 10 15 10 15 10 15 9 14 9 15 9 15 8 15 7 15 8 14 7 15 7 14 7 14 7 13 0 0 7 12 7 12 7 11 9 10 8 12 9 10 9 10 8 10 9 10 9 9 9 9 9 9 9 9 9 8 10 8 10 7 10 7 10 6 10 5 10 4 11 5 11 4 11 4 11 4 12 4 12 3 0 0 0 0 0 0 0 0 0 0]"
"1772697612992828,CSI_DATA,STATION,00:00:00:00:00:00,0,0,0,0,0,0,0,0,0,0,0,0,0,0,0,0,0,0,0,0,0,128,[84 -64 4 0 0 0 0 0 0 0 0 0 16 6 17 7 15 7 16 8 16 8 16 9 15 9 15 10 15 10 15 10 14 11 15 10 14 11 14 12 13 12 14 12 13 12 12 12 12 13 11 12 10 12 11 12 10 12 10 12 11 11 10 10 0 0 10 9 10 9 10 9 11 8 10 9 11 8 11 8 10 7 11 7 11 6 12 6 10 6 11 5 11 6 11 5 11 5 11 4 12 2 11 3 11 2 11 2 12 2 11 2 12 0 13 0 13 0 0 0 0 0 0 0 0 0 0 0]"
"1772697613008468,CSI_DATA,STATION,00:00:00:00:00:00,0,0,0,0,0,0,0,0,0,0,0,0,0,0,0,0,0,0,0,0,0,128,[84 -64 4 0 0 0 0 0 0 0 0 0 10 12 10 14 10 14 10 16 9 15 9 15 9 15 8 15 7 16 7 17 7 16 6 17 7 17 6 17 5 18 6 17 5 17 5 17 4 16 3 17 3 17 3 16 3 15 3 15 3 15 4 13 0 0 4 14 4 13 5 13 5 12 5 13 5 12 5 12 6 12 6 11 6 10 7 11 6 11 8 11 7 10 7 9 8 9 8 9 9 8 8 8 8 7 9 7 10 7 10 7 10 6 11 6 11 5 0 0 0 0 0 0 0 0 0 0]"
"1772697613008468,CSI_DATA,STATION,00:00:00:00:00:00,0,0,0,0,0,0,0,0,0,0,0,0,0,0,0,0,0,0,0,0,0,128,[84 -64 4 0 0 0 0 0 0 0 0 0 -5 14 -6 14 -7 14 -7 15 -8 14 -8 14 -9 14 -9 13 -9 12 -10 13 -9 13 -10 13 -10 13 -10 13 -11 13 -10 12 -11 11 -11 11 -12 12 -11 11 -11 10 -11 10 -11 9 -11 10 -10 10 -9 9 0 0 -9 9 -8 10 -8 10 -7 10 -8 10 -8 10 -7 10 -7 10 -6 10 -6 9 -5 10 -6 10 -5 10 -5 10 -4 10 -4 10 -4 10 -3 10 -3 10 -3 10 -2 10 -2 11 -1 11 0 11 0 11 0 11 0 0 0 0 0 0 0 0 0 0]"
"1772697613008468,CSI_DATA,STATION,00:00:00:00:00:00,0,0,0,0,0,0,0,0,0,0,0,0,0,0,0,0,0,0,0,0,0,128,[84 -64 4 0 0 0 0 0 0 0 0 0 -15 -3 -16 -5 -16 -5 -16 -5 -16 -6 -16 -7 -15 -8 -15 -8 -15 -8 -14 -8 -15 -8 -15 -8 -15 -8 -14 -9 -14 -10 -14 -9 -14 -10 -13 -10 -13 -11 -12 -11 -11 -11 -11 -11 -11 -9 -11 -10 -12 -9 -12 -8 0 0 -11 -8 -10 -8 -11 -7 -11 -6 -12 -7 -11 -7 -11 -7 -11 -6 -12 -6 -11 -5 -12 -5 -11 -5 -11 -4 -11 -4 -11 -4 -12 -3 -11 -3 -12 -3 -12 -3 -11 -2 -12 -2 -12 -2 -11 -1 -12 0 -12 0 -12 1 0 0 0 0 0 0 0 0 0 0]"
"1772697613024313,CSI_DATA,STATION,00:00:00:00:00:00,0,0,0,0,0,0,0,0,0,0,0,0,0,0,0,0,0,0,0,0,0,128,[84 -64 4 0 0 0 0 0 0 0 0 0 -6 16 -7 17 -7 16 -9 17 -8 16 -9 16 -9 15 -10 15 -10 15 -11 15 -10 15 -11 15 -11 14 -12 15 -13 14 -12 13 -13 14 -13 12 -13 13 -13 12 -12 11 -12 12 -12 10 -12 11 -11 11 -10 11 0 0 -10 10 -8 11 -9 11 -8 11 -9 11 -8 11 -8 12 -7 11 -7 11 -6 11 -7 11 -6 12 -6 12 -5 12 -5 11 -5 12 -4 11 -3 12 -3 11 -3 11 -2 12 -1 12 -2 12 -1 12 -1 12 0 12 0 0 0 0 0 0 0 0 0 0]"
"1772697613024313,CSI_DATA,STATION,00:00:00:00:00:00,0,0,0,0,0,0,0,0,0,0,0,0,0,0,0,0,0,0,0,0,0,128,[84 -64 4 0 0 0 0 0 0 0 0 0 14 11 13 10 13 11 13 12 13 12 12 13 11 13 11 14 11 14 10 15 11 14 10 15 10 16 9 16 9 15 10 16 8 14 9 16 8 15 7 16 6 15 7 14 6 14 7 14 6 13 7 12 0 0 7 11 7 11 8 11 8 11 8 11 8 11 8 10 8 10 9 9 9 9 10 8 9 8 9 9 9 8 10 7 10 6 11 6 11 5 10 5 11 5 11 4 11 4 12 4 12 3 12 3 12 2 0 0 0 0 0 0 0 0 0 0]"
"1772697613024313,CSI_DATA,STATION,00:00:00:00:00:00,0,0,0,0,0,0,0,0,0,0,0,0,0,0,0,0,0,0,0,0,0,128,[84 -64 4 0 0 0 0 0 0 0 0 0 -16 -9 -16 -10 -16 -10 -16 -11 -15 -11 -16 -11 -15 -12 -15 -12 -14 -13 -14 -13 -15 -13 -14 -13 -14 -14 -13 -14 -12 -15 -13 -14 -12 -15 -12 -15 -11 -14 -11 -15 -10 -15 -10 -15 -10 -14 -10 -13 -9 -13 -10 -12 0 0 -10 -11 -10 -11 -10 -11 -11 -10 -10 -11 -10 -10 -10 -10 -10 -10 -11 -9 -11 -9 -12 -8 -11 -8 -11 -8 -11 -8 -11 -7 -11 -6 -11 -7 -12 -5 -12 -5 -12 -4 -12 -4 -12 -5 -13 -4 -13 -3 -13 -3 -13 -2 0 0 0 0 0 0 0 0 0 0]"
"1772697613040332,CSI_DATA,STATION,00:00:00:00:00:00,0,0,0,0,0,0,0,0,0,0,0,0,0,0,0,0,0,0,0,0,0,128,[84 -64 4 0 0 0 0 0 0 0 0 0 15 8 15 8 14 9 15 10 14 11 14 10 13 11 13 11 14 12 12 12 13 13 12 13 12 13 12 14 11 14 12 13 11 13 10 14 10 14 10 14 9 14 9 13 8 13 8 13 8 12 9 11 0 0 9 11 9 10 9 10 10 9 9 10 9 9 9 10 9 8 10 8 9 7 10 7 9 7 10 7 10 7 11 5 10 5 11 5 12 4 11 4 11 3 11 3 11 3 12 2 12 2 12 1 13 0 0 0 0 0 0 0 0 0 0 0]"
"1772697613040332,CSI_DATA,STATION,00:00:00:00:00:00,0,0,0,0,0,0,0,0,0,0,0,0,0,0,0,0,0,0,0,0,0,128,[84 -64 4 0 0 0 0 0 0 0 0 0 9 10 9 11 9 11 9 13 8 12 8 12 7 12 7 12 6 13 6 13 7 14 7 13 6 14 6 14 5 14 5 14 5 14 4 13 4 15 3 14 3 14 3 14 2 11 3 13 3 13 4 12 0 0 3 12 4 11 4 11 5 10 4 11 5 11 5 11 5 10 5 10 5 8 7 9 5 9 6 9 6 8 6 7 7 8 7 8 8 6 8 6 7 5 8 6 8 6 8 6 10 5 9 5 9 5 0 0 0 0 0 0 0 0 0 0]"
"1772697613056179,CSI_DATA,STATION,00:00:00:00:00:00,0,0,0,0,0,0,0,0,0,0,0,0,0,0,0,0,0,0,0,0,0,128,[84 -64 4 0 0 0 0 0 0 0 0 0 -16 8 -17 8 -17 9 -19 8 -18 6 -19 6 -18 5 -18 5 -18 4 -19 4 -20 4 -20 4 -19 4 -19 2 -20 2 -19 2 -19 1 -18 0 -19 0 -18 0 -18 0 -18 0 -16 -2 -17 0 -17 0 -16 0 0 0 -16 1 -14 1 -15 2 -14 1 -15 1 -15 2 -15 2 -14 2 -14 2 -13 3 -13 5 -12 4 -13 4 -13 5 -12 4 -12 5 -11 5 -11 6 -10 6 -10 6 -11 6 -10 7 -9 8 -9 9 -9 9 -9 9 0 0 0 0 0 0 0 0 0 0]"
"1772697613056179,CSI_DATA,STATION,00:00:00:00:00:00,0,0,0,0,0,0,0,0,0,0,0,0,0,0,0,0,0,0,0,0,0,128,[84 -64 4 0 0 0 0 0 0 0 0 0 15 7 15 8 15 9 15 10 14 10 14 10 14 10 13 11 13 11 13 11 13 11 13 12 12 13 12 13 12 13 12 13 10 14 11 13 11 14 10 13 10 13 9 13 9 12 9 13 9 12 10 10 0 0 10 10 9 10 10 10 10 9 9 9 10 8 10 9 9 7 10 8 10 7 11 7 10 7 10 7 10 6 10 5 11 4 10 5 11 3 10 3 11 2 11 3 11 2 11 2 12 1 12 1 12 0 0 0 0 0 0 0 0 0 0 0]"
"1772697613072229,CSI_DATA,STATION,00:00:00:00:00:00,0,0,0,0,0,0,0,0,0,0,0,0,0,0,0,0,0,0,0,0,0,128,[84 -64 4 0 0 0 0 0 0 0 0 0 14 -11 16 -10 15 -10 17 -10 16 -9 17 -8 16 -7 16 -8 17 -7 17 -7 18 -7 17 -7 18 -6 17 -6 18 -5 18 -6 18 -5 17 -4 17 -5 17 -4 17 -3 17 -3 15 -2 16 -4 16 -3 15 -4 0 0 14 -4 13 -5 14 -6 13 -6 14 -6 13 -6 13 -6 12 -6 12 -7 11 -7 12 -7 10 -7 10 -8 10 -8 9 -8 9 -8 9 -9 7 -9 8 -9 7 -9 7 -10 7 -10 6 -11 5 -12 6 -12 5 -12 0 0 0 0 0 0 0 0 0 0]"
"1772697613072229,CSI_DATA,STATION,00:00:00:00:00:00,0,0,0,0,0,0,0,0,0,0,0,0,0,0,0,0,0,0,0,0,0,128,[84 -64 4 0 0 0 0 0 0 0 0 0 11 15 11 15 10 16 9 16 9 17 8 16 8 16 8 17 7 18 6 18 6 18 7 18 6 19 5 19 5 19 5 19 4 18 4 18 3 18 3 19 2 18 3 18 2 17 3 17 2 17 3 16 0 0 3 15 3 15 3 14 4 14 4 14 4 14 4 14 4 13 5 13 5 12 6 12 5 12 5 12 5 11 6 11 7 10 7 10 8 9 9 9 8 8 9 9 9 8 10 8 10 8 11 8 11 7 0 0 0 0 0 0 0 0 0 0]"
"1772697613088134,CSI_DATA,STATION,00:00:00:00:00:00,0,0,0,0,0,0,0,0,0,0,0,0,0,0,0,0,0,0,0,0,0,128,[84 -64 4 0 0 0 0 0 0 0 0 0 -5 -18 -5 -18 -4 -18 -3 -19 -2 -19 -2 -19 -2 -18 0 -19 0 -19 0 -19 0 -19 0 -19 1 -19 1 -19 2 -19 1 -18 2 -17 2 -17 2 -17 3 -17 3 -17 3 -17 3 -16 3 -17 3 -17 2 -16 0 0 2 -15 1 -15 1 -15 0 -14 0 -14 1 -15 0 -14 -1 -13 -1 -14 -2 -13 -2 -13 -2 -13 -3 -13 -3 -13 -3 -12 -4 -12 -4 -13 -4 -11 -5 -11 -5 -11 -6 -11 -6 -11 -6 -11 -8 -11 -8 -10 -8 -11 0 0 0 0 0 0 0 0 0 0]"
"1772697613088134,CSI_DATA,STATION,00:00:00:00:00:00,0,0,0,0,0,0,0,0,0,0,0,0,0,0,0,0,0,0,0,0,0,128,[84 -64 4 0 0 0 0 0 0 0 0 0 16 -7 17 -6 17 -6 17 -5 18 -4 18 -4 18 -2 17 -2 18 -1 18 -1 18 -2 18 -1 18 -1 18 -1 18 0 18 0 17 1 17 1 16 1 16 1 17 2 16 1 16 2 15 1 15 1 15 1 0 0 15 0 13 -1 14 -1 13 -1 13 -1 13 -1 13 -2 13 -2 13 -2 12 -3 12 -3 11 -4 11 -4 11 -4 11 -4 11 -5 10 -5 10 -6 10 -6 9 -6 9 -7 10 -8 9 -8 9 -9 8 -9 9 -9 0 0 0 0 0 0 0 0 0 0]"
"1772697613088134,CSI_DATA,STATION,00:00:00:00:00:00,0,0,0,0,0,0,0,0,0,0,0,0,0,0,0,0,0,0,0,0,0,128,[84 -64 4 0 0 0 0 0 0 0 0 0 -19 6 -20 5 -19 5 -21 4 -20 3 -21 3 -20 2 -21 1 -21 0 -21 0 -21 0 -21 -1 -21 0 -21 -1 -21 -1 -21 -1 -20 -2 -20 -2 -19 -2 -19 -3 -19 -3 -19 -3 -18 -3 -18 -2 -18 -3 -17 -2 0 0 -17 -2 -16 0 -17 -1 -16 -1 -15 0 -16 0 -16 0 -15 1 -15 1 -14 2 -14 3 -14 2 -14 3 -13 3 -14 4 -14 5 -13 5 -13 5 -11 6 -11 6 -12 7 -12 7 -12 8 -11 8 -11 9 -11 9 0 0 0 0 0 0 0 0 0 0]"
"1772697613103781,CSI_DATA,STATION,00:00:00:00:00:00,0,0,0,0,0,0,0,0,0,0,0,0,0,0,0,0,0,0,0,0,0,128,[84 -64 4 0 0 0 0 0 0 0 0 0 4 17 2 18 2 17 1 19 1 18 1 17 0 18 0 17 0 18 -2 18 -2 19 -2 18 -2 18 -2 19 -4 19 -3 18 -3 17 -4 17 -4 18 -5 17 -4 16 -4 16 -5 16 -4 15 -5 15 -4 14 0 0 -4 14 -3 13 -2 14 -3 13 -2 14 -1 14 -1 14 -1 14 -1 13 0 13 0 12 0 13 0 12 0 12 1 11 2 11 2 11 3 11 3 10 4 10 4 10 5 10 6 10 6 10 6 10 6 10 0 0 0 0 0 0 0 0 0 0]"
"1772697613103781,CSI_DATA,STATION,00:00:00:00:00:00,0,0,0,0,0,0,0,0,0,0,0,0,0,0,0,0,0,0,0,0,0,128,[84 -64 4 0 0 0 0 0 0 0 0 0 0 -18 0 -19 1 -19 2 -19 3 -18 3 -18 3 -18 4 -18 4 -18 4 -18 5 -18 6 -18 5 -18 6 -18 7 -18 6 -18 7 -17 6 -16 7 -17 7 -17 8 -16 7 -16 7 -15 7 -15 7 -15 7 -14 0 0 5 -14 5 -14 5 -14 4 -13 4 -14 3 -14 3 -15 3 -14 2 -13 2 -13 2 -13 2 -13 1 -13 1 -14 0 -13 -1 -12 -1 -13 -1 -12 -2 -12 -2 -12 -3 -12 -3 -12 -4 -12 -5 -12 -5 -12 -6 -12 0 0 0 0 0 0 0 0 0 0]"
"1772697613119751,CSI_DATA,STATION,00:00:00:00:00:00,0,0,0,0,0,0,0,0,0,0,0,0,0,0,0,0,0,0,0,0,0,128,[84 -64 4 0 0 0 0 0 0 0 0 0 9 -17 10 -17 10 -18 12 -18 12 -17 12 -17 12 -16 14 -16 13 -15 14 -15 15 -15 15 -15 15 -15 14 -14 15 -14 15 -13 14 -13 15 -13 16 -13 15 -13 15 -11 15 -12 14 -10 14 -12 14 -11 13 -11 0 0 12 -11 11 -12 11 -11 10 -11 11 -12 11 -13 10 -12 9 -12 9 -12 7 -12 7 -13 7 -12 7 -12 6 -12 6 -13 5 -13 5 -14 4 -13 3 -12 3 -13 3 -13 1 -14 1 -14 1 -14 1 -14 0 -14 0 0 0 0 0 0 0 0 0 0]"
"1772697613119751,CSI_DATA,STATION,00:00:00:00:00:00,0,0,0,0,0,0,0,0,0,0,0,0,0,0,0,0,0,0,0,0,0,128,[84 -64 4 0 0 0 0 0 0 0 0 0 -20 -1 -20 -2 -21 -2 -20 -3 -20 -4 -21 -5 -20 -5 -20 -6 -20 -7 -20 -7 -20 -7 -21 -7 -20 -7 -20 -8 -19 -10 -20 -8 -19 -9 -19 -9 -18 -9 -17 -9 -17 -10 -17 -10 -16 -9 -16 -9 -16 -8 -16 -9 0 0 -16 -7 -15 -7 -15 -6 -15 -6 -15 -6 -15 -6 -15 -6 -15 -5 -15 -4 -15 -3 -15 -3 -15 -4 -14 -2 -14 -2 -14 -2 -14 -1 -14 -1 -14 0 -14 0 -13 1 -13 2 -13 2 -14 2 -13 4 -14 4 -14 5 0 0 0 0 0 0 0 0 0 0]"
"1772697613119751,CSI_DATA,STATION,00:00:00:00:00:00,0,0,0,0,0,0,0,0,0,0,0,0,0,0,0,0,0,0,0,0,0,128,[84 -64 4 0 0 0 0 0 0 0 0 0 16 -7 17 -7 17 -6 17 -5 18 -5 18 -4 18 -4 18 -3 18 -2 18 -2 18 -2 18 -2 18 -1 18 -1 18 0 19 0 17 0 17 1 17 1 17 1 16 2 16 1 15 2 16 1 15 1 15 1 0 0 14 0 13 0 13 -1 14 0 13 -1 13 -1 13 -1 13 -2 13 -2 13 -2 13 -3 12 -3 11 -3 12 -3 12 -4 11 -4 11 -5 11 -5 11 -5 10 -6 10 -6 9 -7 10 -7 9 -8 9 -8 9 -9 0 0 0 0 0 0 0 0 0 0]"
"1772697613135881,CSI_DATA,STATION,00:00:00:00:00:00,0,0,0,0,0,0,0,0,0,0,0,0,0,0,0,0,0,0,0,0,0,128,[84 -64 4 0 0 0 0 0 0 0 0 0 0 17 0 18 -1 17 -1 18 -3 18 -3 18 -3 17 -3 17 -4 17 -4 17 -4 17 -4 18 -5 18 -5 18 -7 18 -6 18 -6 17 -7 16 -7 16 -8 16 -7 15 -7 16 -7 14 -6 15 -6 14 -6 13 0 0 -5 13 -5 13 -5 13 -4 13 -4 13 -4 13 -3 14 -3 13 -2 13 -2 12 -2 12 -2 13 -1 13 0 12 -1 11 0 12 1 12 2 11 2 12 2 11 3 11 3 11 3 10 5 11 5 11 5 11 0 0 0 0 0 0 0 0 0 0]"
"1772697613135881,CSI_DATA,STATION,00:00:00:00:00:00,0,0,0,0,0,0,0,0,0,0,0,0,0,0,0,0,0,0,0,0,0,128,[84 -64 4 0 0 0 0 0 0 0 0 0 -18 -4 -18 -6 -17 -6 -19 -6 -17 -7 -18 -7 -18 -8 -17 -9 -17 -9 -16 -9 -17 -9 -17 -9 -16 -10 -16 -10 -16 -11 -16 -10 -15 -11 -14 -11 -15 -11 -14 -12 -13 -12 -13 -13 -13 -11 -12 -11 -13 -11 -12 -9 0 0 -12 -9 -12 -9 -13 -9 -12 -8 -12 -8 -12 -8 -13 -8 -12 -8 -12 -7 -12 -6 -13 -5 -13 -6 -13 -5 -12 -5 -12 -5 -12 -4 -12 -3 -13 -2 -12 -2 -12 -2 -13 -2 -12 -2 -12 -1 -13 1 -13 0 -13 1 0 0 0 0 0 0 0 0 0 0]"
"1772697613135881,CSI_DATA,STATION,00:00:00:00:00:00,0,0,0,0,0,0,0,0,0,0,0,0,0,0,0,0,0,0,0,0,0,128,[84 -64 4 0 0 0 0 0 0 0 0 0 13 4 13 4 14 5 14 6 13 6 13 7 12 7 12 7 12 7 12 8 12 8 12 8 12 9 12 9 11 10 11 9 10 9 10 9 10 9 10 10 9 10 9 10 8 9 9 9 9 9 9 8 0 0 8 8 9 8 9 7 9 7 9 7 9 7 9 7 9 7 9 6 9 5 10 5 9 5 9 5 9 5 9 4 9 4 9 3 9 2 9 2 8 2 9 2 9 2 9 1 10 0 10 1 10 0 0 0 0 0 0 0 0 0 0 0]"
"1772697613151593,CSI_DATA,STATION,00:00:00:00:00:00,0,0,0,0,0,0,0,0,0,0,0,0,0,0,0,0,0,0,0,0,0,128,[84 -64 4 0 0 0 0 0 0 0 0 0 12 6 12 6 12 7 13 9 11 8 11 8 11 9 10 9 10 10 10 9 11 10 11 10 11 10 10 10 9 11 10 11 9 11 8 11 9 11 8 11 7 12 7 11 6 10 8 11 7 11 8 9 0 0 8 9 7 9 9 9 8 7 7 9 8 8 8 9 8 7 8 7 8 5 9 5 9 6 9 6 9 5 8 5 9 4 9 4 9 3 9 3 8 2 9 3 9 2 9 2 10 0 10 1 10 0 0 0 0 0 0 0 0 0 0 0]"
"1772697613167314,CSI_DATA,STATION,00:00:00:00:00:00,0,0,0,0,0,0,0,0,0,0,0,0,0,0,0,0,0,0,0,0,0,128,[84 -64 4 0 0 0 0 0 0 0 0 0 -13 -13 -13 -13 -12 -14 -12 -15 -11 -15 -11 -16 -11 -16 -10 -16 -10 -16 -9 -16 -9 -16 -9 -16 -9 -17 -9 -17 -8 -18 -8 -17 -8 -17 -7 -17 -7 -18 -6 -17 -6 -16 -6 -17 -6 -16 -6 -16 -6 -15 -6 -15 0 0 -6 -14 -6 -13 -7 -13 -7 -12 -7 -13 -7 -12 -7 -13 -8 -12 -8 -12 -8 -11 -9 -10 -8 -11 -8 -10 -8 -10 -9 -9 -9 -9 -9 -9 -10 -8 -9 -7 -10 -6 -10 -7 -11 -7 -10 -6 -11 -6 -12 -6 -12 -5 0 0 0 0 0 0 0 0 0 0]"
"1772697613167314,CSI_DATA,STATION,00:00:00:00:00:00,0,0,0,0,0,0,0,0,0,0,0,0,0,0,0,0,0,0,0,0,0,128,[84 -64 4 0 0 0 0 0 0 0 0 0 13 5 12 6 13 6 13 8 12 8 12 7 12 8 11 9 12 9 11 9 12 9 12 9 11 9 11 10 11 11 11 10 9 10 9 11 9 11 9 11 8 11 8 11 8 10 8 10 9 10 8 9 0 0 8 9 8 8 9 8 8 7 8 8 8 8 9 8 8 6 9 7 8 5 9 5 8 6 9 5 9 5 9 4 9 4 9 3 9 2 9 2 9 1 9 2 9 2 10 1 10 0 10 0 10 -1 0 0 0 0 0 0 0 0 0 0]"
"1772697613183039,CSI_DATA,STATION,00:00:00:00:00:00,0,0,0,0,0,0,0,0,0,0,0,0,0,0,0,0,0,0,0,0,0,128,[84 -64 4 0 0 0 0 0 0 0 0 0 -17 -6 -18 -6 -17 -6 -17 -8 -18 -8 -17 -8 -17 -8 -17 -9 -16 -10 -16 -10 -16 -10 -17 -10 -16 -10 -16 -10 -16 -12 -16 -11 -15 -11 -15 -11 -15 -11 -14 -13 -14 -11 -13 -11 -13 -11 -14 -11 -13 -10 -13 -10 0 0 -13 -9 -12 -8 -12 -8 -12 -8 -13 -7 -13 -8 -13 -7 -13 -7 -13 -6 -13 -5 -13 -5 -12 -5 -12 -4 -12 -4 -12 -4 -12 -3 -12 -2 -12 -2 -12 -1 -12 -1 -12 0 -12 -1 -12 0 -12 1 -13 1 -13 2 0 0 0 0 0 0 0 0 0 0]"
"1772697613183039,CSI_DATA,STATION,00:00:00:00:00:00,0,0,0,0,0,0,0,0,0,0,0,0,0,0,0,0,0,0,0,0,0,128,[84 -64 4 0 0 0 0 0 0 0 0 0 -17 -7 -18 -9 -17 -9 -18 -10 -17 -10 -16 -10 -16 -11 -16 -11 -16 -12 -15 -12 -17 -12 -16 -12 -16 -12 -16 -12 -15 -14 -16 -14 -14 -13 -13 -13 -14 -13 -12 -14 -12 -14 -12 -13 -12 -12 -13 -12 -12 -12 -13 -11 0 0 -12 -11 -12 -10 -12 -9 -13 -9 -12 -10 -12 -9 -12 -9 -11 -8 -13 -8 -12 -6 -14 -5 -12 -6 -13 -5 -13 -5 -13 -5 -13 -4 -13 -4 -12 -3 -13 -2 -12 -2 -13 -1 -13 -1 -13 0 -13 1 -13 1 -13 1 0 0 0 0 0 0 0 0 0 0]"
"1772697613183039,CSI_DATA,STATION,00:00:00:00:00:00,0,0,0,0,0,0,0,0,0,0,0,0,0,0,0,0,0,0,0,0,0,128,[84 -64 4 0 0 0 0 0 0 0 0 0 -15 9 -16 9 -16 8 -17 8 -17 7 -18 7 -17 6 -18 5 -18 5 -17 5 -18 6 -18 5 -18 5 -18 4 -19 4 -18 4 -18 3 -18 3 -19 3 -18 2 -17 2 -17 2 -17 2 -17 2 -16 2 -16 2 0 0 -15 3 -13 3 -14 3 -14 3 -14 4 -14 4 -13 4 -13 4 -13 4 -12 5 -12 6 -12 5 -11 5 -11 6 -11 6 -11 7 -10 7 -10 7 -9 8 -9 7 -8 8 -8 8 -8 9 -8 9 -8 9 -7 10 0 0 0 0 0 0 0 0 0 0]"
"1772697613198761,CSI_DATA,STATION,00:00:00:00:00:00,0,0,0,0,0,0,0,0,0,0,0,0,0,0,0,0,0,0,0,0,0,128,[84 -64 4 0 0 0 0 0 0 0 0 0 -15 -10 -16 -11 -15 -12 -16 -12 -14 -12 -14 -13 -14 -13 -13 -14 -13 -14 -13 -14 -14 -14 -13 -14 -12 -14 -12 -15 -11 -15 -12 -15 -11 -15 -10 -15 -10 -16 -10 -16 -9 -16 -9 -15 -9 -14 -9 -14 -9 -14 -10 -13 0 0 -9 -13 -10 -12 -10 -12 -9 -11 -10 -12 -10 -11 -10 -11 -10 -11 -10 -10 -10 -9 -11 -9 -11 -9 -11 -8 -11 -8 -11 -8 -11 -7 -11 -7 -11 -6 -12 -5 -11 -6 -11 -5 -11 -4 -12 -4 -12 -3 -13 -4 -13 -3 0 0 0 0 0 0 0 0 0 0]"
"1772697613198761,CSI_DATA,STATION,00:00:00:00:00:00,0,0,0,0,0,0,0,0,0,0,0,0,0,0,0,0,0,0,0,0,0,128,[84 -64 4 0 0 0 0 0 0 0 0 0 -18 -9 -19 -11 -18 -11 -18 -12 -16 -12 -17 -13 -17 -14 -16 -14 -15 -15 -15 -14 -16 -15 -15 -15 -14 -16 -14 -16 -14 -17 -14 -16 -14 -16 -12 -16 -12 -16 -12 -17 -11 -16 -10 -16 -11 -15 -10 -15 -11 -15 -11 -14 0 0 -11 -13 -10 -13 -11 -13 -11 -11 -12 -12 -11 -12 -11 -12 -11 -11 -11 -11 -11 -10 -13 -9 -12 -9 -12 -9 -12 -9 -12 -8 -13 -8 -12 -7 -12 -6 -13 -5 -12 -6 -13 -5 -13 -5 -13 -5 -14 -3 -15 -3 -14 -2 0 0 0 0 0 0 0 0 0 0]"
"1772697613263067,CSI_DATA,STATION,00:00:00:00:00:00,0,0,0,0,0,0,0,0,0,0,0,0,0,0,0,0,0,0,0,0,0,128,[84 -64 4 0 0 0 0 0 0 0 0 0 -4 14 -5 14 -6 14 -6 15 -7 14 -7 13 -8 13 -8 13 -8 13 -8 12 -9 13 -9 13 -9 13 -10 12 -11 12 -11 12 -11 11 -11 10 -11 11 -11 11 -11 10 -11 10 -10 9 -10 10 -10 10 -9 10 0 0 -9 9 -8 9 -8 10 -7 9 -8 10 -7 10 -7 10 -6 9 -6 9 -5 9 -5 10 -5 10 -5 10 -4 10 -5 9 -4 9 -3 10 -3 9 -3 10 -2 9 -2 10 -2 10 -1 10 0 10 0 10 0 10 0 0 0 0 0 0 0 0 0 0]"
"1772697613263067,CSI_DATA,STATION,00:00:00:00:00:00,0,0,0,0,0,0,0,0,0,0,0,0,0,0,0,0,0,0,0,0,0,128,[84 -64 4 0 0 0 0 0 0 0 0 0 -7 16 -8 16 -9 17 -9 17 -10 16 -10 16 -11 15 -12 14 -12 15 -12 14 -12 14 -13 14 -12 14 -13 14 -14 14 -13 14 -13 12 -13 12 -13 12 -14 12 -14 11 -14 10 -13 10 -12 11 -13 10 -11 10 0 0 -11 9 -10 11 -10 11 -10 11 -10 11 -9 11 -9 11 -9 10 -8 10 -7 11 -7 11 -7 11 -7 11 -6 11 -6 11 -5 11 -4 11 -4 12 -4 11 -4 11 -4 11 -2 12 -2 12 0 12 -1 12 -1 12 0 0 0 0 0 0 0 0 0 0]"
"1772697613278999,CSI_DATA,STATION,00:00:00:00:00:00,0,0,0,0,0,0,0,0,0,0,0,0,0,0,0,0,0,0,0,0,0,128,[84 -64 4 0 0 0 0 0 0 0 0 0 5 -18 6 -18 6 -19 7 -20 8 -19 8 -18 9 -18 9 -18 10 -17 9 -17 11 -17 12 -17 12 -16 12 -16 12 -15 12 -16 12 -14 13 -14 13 -15 12 -15 12 -13 12 -13 12 -12 12 -13 12 -13 11 -13 0 0 11 -12 9 -13 9 -13 8 -13 9 -12 9 -13 8 -14 7 -13 7 -13 6 -12 6 -13 6 -12 6 -13 4 -13 5 -13 4 -13 3 -14 3 -13 2 -12 1 -13 2 -13 1 -13 1 -13 -1 -14 0 -14 0 -13 0 0 0 0 0 0 0 0 0 0]"
"1772697613278999,CSI_DATA,STATION,00:00:00:00:00:00,0,0,0,0,0,0,0,0,0,0,0,0,0,0,0,0,0,0,0,0,0,128,[84 -64 4 0 0 0 0 0 0 0 0 0 -9 -16 -9 -17 -8 -18 -8 -18 -7 -18 -7 -19 -5 -18 -5 -19 -4 -19 -4 -19 -4 -19 -4 -19 -3 -19 -3 -19 -1 -20 -2 -19 -2 -20 -2 -18 -1 -19 -1 -19 0 -18 0 -18 0 -16 0 -18 0 -17 -1 -16 0 0 0 -16 -1 -15 -1 -16 -2 -14 -2 -14 -3 -15 -3 -15 -3 -14 -3 -14 -4 -13 -5 -13 -4 -14 -4 -12 -5 -13 -5 -12 -5 -12 -5 -12 -6 -11 -6 -11 -6 -11 -7 -11 -7 -10 -8 -10 -9 -11 -9 -10 -9 -9 0 0 0 0 0 0 0 0 0 0]"
"1772697613278999,CSI_DATA,STATION,00:00:00:00:00:00,0,0,0,0,0,0,0,0,0,0,0,0,0,0,0,0,0,0,0,0,0,128,[84 -64 4 0 0 0 0 0 0 0 0 0 -18 7 -19 8 -20 8 -20 6 -20 5 -21 5 -20 5 -21 5 -21 4 -20 3 -22 3 -21 2 -22 2 -22 2 -21 1 -22 2 -21 0 -21 0 -20 0 -21 0 -20 -1 -20 0 -19 -2 -19 -1 -18 -1 -18 0 0 0 -18 0 -16 1 -16 1 -16 2 -16 2 -16 2 -16 3 -16 3 -16 3 -15 3 -15 4 -15 4 -15 4 -14 5 -13 5 -13 6 -13 5 -12 7 -12 6 -11 7 -11 8 -11 8 -11 8 -11 9 -11 10 -10 10 0 0 0 0 0 0 0 0 0 0]"
"1772697613295380,CSI_DATA,STATION,00:00:00:00:00:00,0,0,0,0,0,0,0,0,0,0,0,0,0,0,0,0,0,0,0,0,0,128,[84 -64 4 0 0 0 0 0 0 0 0 0 -15 -14 -15 -15 -15 -16 -14 -16 -13 -17 -12 -17 -13 -17 -12 -18 -12 -18 -12 -18 -12 -18 -11 -19 -11 -19 -10 -19 -10 -20 -10 -19 -9 -19 -9 -19 -8 -19 -8 -20 -7 -18 -7 -19 -7 -17 -7 -18 -6 -18 -7 -16 0 0 -8 -15 -7 -15 -8 -15 -8 -14 -8 -15 -9 -14 -9 -15 -9 -13 -9 -13 -10 -12 -10 -12 -10 -12 -10 -12 -10 -11 -10 -10 -11 -10 -11 -9 -11 -9 -11 -8 -12 -7 -12 -7 -12 -7 -12 -7 -13 -6 -14 -6 -13 -5 0 0 0 0 0 0 0 0 0 0]"
"1772697613295380,CSI_DATA,STATION,00:00:00:00:00:00,0,0,0,0,0,0,0,0,0,0,0,0,0,0,0,0,0,0,0,0,0,128,[84 -64 4 0 0 0 0 0 0 0 0 0 -1 -18 0 -19 1 -18 1 -21 2 -19 2 -20 3 -19 4 -19 4 -19 3 -19 4 -19 3 -20 4 -19 4 -19 5 -19 6 -18 7 -18 6 -16 6 -18 6 -17 7 -17 6 -16 7 -15 6 -16 5 -16 5 -15 0 0 4 -14 4 -15 4 -15 3 -14 4 -15 3 -14 3 -15 2 -14 3 -14 1 -13 0 -14 0 -14 0 -14 0 -14 0 -13 -1 -13 -2 -13 -3 -13 -3 -12 -3 -12 -3 -12 -4 -12 -5 -12 -6 -12 -5 -12 -6 -12 0 0 0 0 0 0 0 0 0 0]"
"1772697613311136,CSI_DATA,STATION,00:00:00:00:00:00,0,0,0,0,0,0,0,0,0,0,0,0,0,0,0,0,0,0,0,0,0,128,[84 -64 4 0 0 0 0 0 0 0 0 0 -15 -3 -16 -3 -15 -2 -17 -4 -15 -5 -16 -5 -15 -5 -15 -6 -15 -6 -14 -6 -16 -6 -15 -7 -15 -7 -15 -8 -15 -9 -15 -8 -14 -9 -12 -8 -14 -9 -13 -9 -12 -9 -13 -9 -11 -9 -12 -8 -12 -8 -12 -7 0 0 -12 -7 -11 -6 -12 -6 -12 -5 -12 -6 -11 -6 -12 -6 -11 -5 -11 -5 -11 -4 -13 -4 -11 -4 -11 -4 -12 -3 -11 -3 -12 -2 -11 -2 -11 -1 -11 0 -11 0 -11 0 -11 0 -11 0 -11 2 -11 1 -11 2 0 0 0 0 0 0 0 0 0 0]"
"1772697613327137,CSI_DATA,STATION,00:00:00:00:00:00,0,0,0,0,0,0,0,0,0,0,0,0,0,0,0,0,0,0,0,0,0,128,[84 -64 4 0 0 0 0 0 0 0 0 0 -13 -13 -13 -14 -12 -14 -12 -15 -11 -15 -12 -16 -10 -16 -10 -16 -10 -17 -10 -17 -10 -17 -11 -17 -10 -17 -9 -18 -8 -18 -9 -17 -8 -18 -8 -18 -7 -18 -6 -17 -6 -17 -5 -17 -6 -16 -6 -17 -6 -16 -6 -15 0 0 -7 -14 -7 -14 -7 -13 -7 -13 -7 -14 -8 -12 -8 -13 -8 -12 -8 -12 -8 -11 -9 -10 -9 -11 -9 -10 -9 -11 -9 -9 -10 -9 -9 -9 -11 -9 -10 -7 -10 -7 -11 -7 -11 -8 -11 -6 -12 -6 -13 -6 -12 -5 0 0 0 0 0 0 0 0 0 0]"
"1772697613327137,CSI_DATA,STATION,00:00:00:00:00:00,0,0,0,0,0,0,0,0,0,0,0,0,0,0,0,0,0,0,0,0,0,128,[84 -64 4 0 0 0 0 0 0 0 0 0 14 -11 14 -11 15 -11 16 -11 15 -10 16 -10 16 -9 17 -8 17 -8 16 -7 17 -7 17 -7 18 -7 17 -6 18 -6 18 -5 17 -5 18 -5 17 -4 17 -4 17 -4 17 -4 16 -2 15 -4 16 -3 14 -3 0 0 14 -4 13 -5 13 -5 12 -5 13 -5 12 -5 13 -6 13 -6 12 -6 11 -6 12 -6 11 -7 10 -6 11 -7 10 -8 10 -8 9 -8 9 -9 8 -8 8 -9 8 -9 8 -9 7 -10 7 -11 8 -11 6 -11 0 0 0 0 0 0 0 0 0 0]"
"1772697613327137,CSI_DATA,STATION,00:00:00:00:00:00,0,0,0,0,0,0,0,0,0,0,0,0,0,0,0,0,0,0,0,0,0,128,[84 -64 4 0 0 0 0 0 0 0 0 0 -3 -18 -2 -19 -1 -19 0 -20 0 -20 0 -19 1 -18 2 -19 3 -19 3 -20 3 -20 4 -19 3 -20 4 -19 5 -19 5 -19 5 -18 5 -18 5 -18 6 -17 7 -17 6 -17 6 -15 5 -16 5 -17 5 -15 0 0 4 -15 4 -14 4 -15 3 -14 3 -15 2 -14 2 -15 2 -14 1 -14 0 -14 0 -14 1 -14 0 -14 0 -13 -1 -12 -2 -12 -2 -14 -3 -12 -2 -13 -3 -12 -4 -12 -4 -12 -5 -12 -5 -12 -5 -12 -6 -12 0 0 0 0 0 0 0 0 0 0]"
"1772697613359909,CSI_DATA,STATION,00:00:00:00:00:00,0,0,0,0,0,0,0,0,0,0,0,0,0,0,0,0,0,0,0,0,0,128,[84 -64 4 0 0 0 0 0 0 0 0 0 -19 6 -17 4 -19 7 -20 4 -18 4 -20 4 -19 2 -19 2 -20 1 -18 1 -20 1 -21 1 -19 1 -21 0 -20 -1 -20 0 -20 -1 -18 -2 -19 -1 -19 -4 -17 -2 -19 -3 -17 -4 -17 -2 -17 -3 -15 -1 0 0 -15 -2 -15 0 -16 0 -15 0 -14 0 -16 0 -14 0 -15 1 -15 1 -13 2 -15 2 -13 1 -13 3 -14 2 -12 3 -12 4 -11 3 -12 5 -12 4 -10 4 -12 6 -11 6 -11 6 -10 7 -11 8 -11 8 0 0 0 0 0 0 0 0 0 0]"
"1772697613375904,CSI_DATA,STATION,00:00:00:00:00:00,0,0,0,0,0,0,0,0,0,0,0,0,0,0,0,0,0,0,0,0,0,128,[84 -64 4 0 0 0 0 0 0 0 0 0 13 -13 13 -12 14 -13 14 -12 15 -12 15 -10 15 -9 15 -10 16 -9 16 -10 16 -10 16 -9 16 -8 17 -9 17 -8 17 -7 17 -6 17 -6 17 -6 16 -6 17 -6 17 -5 16 -5 15 -5 15 -5 14 -6 0 0 13 -6 13 -6 13 -6 12 -6 12 -6 13 -7 12 -7 12 -7 12 -7 11 -7 11 -8 10 -8 11 -8 10 -9 9 -8 9 -9 9 -9 8 -9 8 -10 8 -9 8 -9 7 -10 7 -11 6 -11 6 -11 5 -11 0 0 0 0 0 0 0 0 0 0]"
"1772697613407205,CSI_DATA,STATION,00:00:00:00:00:00,0,0,0,0,0,0,0,0,0,0,0,0,0,0,0,0,0,0,0,0,0,128,[84 -64 4 0 0 0 0 0 0 0 0 0 -18 4 -20 4 -19 5 -20 3 -20 2 -19 1 -20 1 -20 0 -20 -1 -19 -1 -20 -1 -20 -1 -20 -2 -20 -2 -20 -3 -21 -2 -19 -3 -19 -3 -19 -4 -19 -4 -18 -4 -18 -5 -17 -4 -18 -4 -17 -4 -17 -3 0 0 -17 -3 -16 -2 -16 -2 -15 -1 -15 -2 -15 -1 -16 -1 -15 0 -15 0 -15 1 -15 2 -14 1 -14 1 -13 2 -13 2 -13 3 -13 3 -12 4 -12 4 -12 4 -12 5 -11 5 -11 6 -11 7 -11 7 -12 7 0 0 0 0 0 0 0 0 0 0]"
"1772697613407205,CSI_DATA,STATION,00:00:00:00:00:00,0,0,0,0,0,0,0,0,0,0,0,0,0,0,0,0,0,0,0,0,0,128,[84 -64 4 0 0 0 0 0 0 0 0 0 -20 2 -21 3 -21 1 -21 1 -21 0 -21 0 -21 -1 -21 -2 -21 -2 -21 -2 -21 -3 -21 -4 -21 -3 -20 -4 -21 -5 -21 -5 -20 -5 -19 -6 -19 -5 -19 -6 -18 -5 -19 -6 -17 -6 -18 -6 -17 -5 -17 -5 0 0 -17 -4 -16 -3 -16 -3 -15 -4 -15 -2 -16 -2 -16 -2 -14 -1 -16 -1 -15 0 -15 0 -14 0 -14 1 -14 1 -15 1 -14 2 -14 1 -13 3 -13 3 -12 4 -13 4 -12 5 -13 5 -12 6 -12 6 -13 7 0 0 0 0 0 0 0 0 0 0]"
"1772697613407205,CSI_DATA,STATION,00:00:00:00:00:00,0,0,0,0,0,0,0,0,0,0,0,0,0,0,0,0,0,0,0,0,0,128,[84 -64 4 0 0 0 0 0 0 0 0 0 -18 8 -20 8 -19 7 -21 6 -20 6 -21 5 -20 4 -21 4 -20 3 -20 3 -21 3 -21 3 -21 3 -21 3 -21 1 -21 3 -21 1 -20 0 -20 1 -20 0 -19 -1 -19 -1 -18 0 -18 1 -17 1 -18 1 0 0 -17 1 -16 1 -16 2 -16 2 -16 3 -15 2 -15 3 -15 3 -15 3 -14 4 -14 5 -14 5 -14 5 -13 6 -13 5 -12 6 -12 6 -11 7 -11 8 -10 8 -10 9 -10 9 -10 9 -9 10 -10 10 -9 11 0 0 0 0 0 0 0 0 0 0]"
"1772697613422949,CSI_DATA,STATION,00:00:00:00:00:00,0,0,0,0,0,0,0,0,0,0,0,0,0,0,0,0,0,0,0,0,0,128,[84 -64 4 0 0 0 0 0 0 0 0 0 17 -9 19 -8 19 -8 19 -7 19 -6 20 -5 19 -4 20 -5 20 -3 19 -4 19 -4 21 -3 21 -3 21 -3 21 -1 20 -2 21 -1 20 -1 19 0 19 0 18 1 18 1 17 1 18 0 17 0 17 -1 0 0 16 0 15 -1 15 -3 15 -2 15 -3 15 -3 15 -3 14 -3 15 -4 14 -4 14 -5 13 -5 13 -5 13 -5 12 -5 12 -6 12 -7 11 -7 11 -7 11 -8 11 -8 10 -9 9 -9 10 -10 10 -10 10 -11 0 0 0 0 0 0 0 0 0 0]"
"1772697613422949,CSI_DATA,STATION,00:00:00:00:00:00,0,0,0,0,0,0,0,0,0,0,0,0,0,0,0,0,0,0,0,0,0,128,[84 -64 4 0 0 0 0 0 0 0 0 0 -17 6 -18 6 -18 6 -18 6 -19 4 -19 4 -19 3 -18 2 -19 3 -19 2 -20 2 -20 1 -20 2 -20 1 -20 1 -20 0 -19 0 -20 0 -19 0 -18 -1 -18 -1 -17 -1 -17 -2 -17 -1 -16 -1 -16 -1 0 0 -15 0 -15 1 -15 1 -15 0 -14 1 -14 2 -14 2 -14 2 -14 3 -13 3 -14 4 -13 4 -13 4 -12 4 -12 4 -11 5 -11 5 -11 5 -11 6 -10 6 -11 7 -10 7 -10 8 -9 8 -10 9 -9 9 0 0 0 0 0 0 0 0 0 0]"
"1772697613422949,CSI_DATA,STATION,00:00:00:00:00:00,0,0,0,0,0,0,0,0,0,0,0,0,0,0,0,0,0,0,0,0,0,128,[84 -64 4 0 0 0 0 0 0 0 0 0 17 -4 17 -5 17 -3 18 -3 18 -2 19 -1 18 -1 18 -1 19 1 18 0 19 0 19 0 18 1 18 1 18 3 19 3 18 3 17 3 18 4 17 4 17 4 16 4 16 4 16 4 15 3 16 3 0 0 14 3 13 2 14 2 13 1 14 2 14 1 14 1 13 0 13 0 13 -1 13 -1 13 -1 13 -1 13 -1 12 -1 12 -2 12 -2 12 -3 11 -3 11 -4 11 -4 11 -4 11 -5 11 -6 11 -6 11 -6 0 0 0 0 0 0 0 0 0 0]"
"1772697613438736,CSI_DATA,STATION,00:00:00:00:00:00,0,0,0,0,0,0,0,0,0,0,0,0,0,0,0,0,0,0,0,0,0,128,[84 -64 4 0 0 0 0 0 0 0 0 0 -6 -18 -5 -18 -5 -19 -4 -19 -3 -20 -3 -19 -2 -19 -1 -19 -1 -19 0 -20 -1 -19 0 -20 0 -20 1 -20 2 -20 2 -20 1 -19 2 -19 2 -19 3 -18 3 -18 3 -18 3 -16 2 -18 2 -16 2 -15 0 0 1 -15 1 -15 1 -15 0 -14 0 -15 0 -15 0 -15 -1 -15 -2 -14 -3 -13 -3 -13 -2 -14 -2 -13 -3 -13 -3 -12 -4 -12 -4 -13 -5 -12 -5 -12 -6 -11 -6 -11 -6 -11 -7 -12 -8 -11 -8 -10 -8 -11 0 0 0 0 0 0 0 0 0 0]"
"1772697613438736,CSI_DATA,STATION,00:00:00:00:00:00,0,0,0,0,0,0,0,0,0,0,0,0,0,0,0,0,0,0,0,0,0,128,[84 -64 4 0 0 0 0 0 0 0 0 0 -19 -1 -19 -1 -20 -2 -20 -3 -19 -3 -19 -3 -19 -4 -19 -5 -18 -5 -19 -6 -19 -6 -19 -6 -19 -7 -18 -8 -18 -8 -19 -7 -17 -8 -17 -9 -17 -8 -16 -9 -16 -9 -15 -9 -15 -8 -15 -8 -15 -8 -14 -7 0 0 -14 -6 -14 -6 -14 -5 -14 -5 -14 -6 -13 -5 -15 -6 -14 -4 -13 -4 -13 -3 -14 -2 -14 -3 -14 -2 -12 -2 -14 -2 -13 -1 -13 -1 -13 0 -13 1 -13 1 -13 1 -13 2 -13 2 -12 3 -14 3 -13 3 0 0 0 0 0 0 0 0 0 0]"
"1772697613454636,CSI_DATA,STATION,00:00:00:00:00:00,0,0,0,0,0,0,0,0,0,0,0,0,0,0,0,0,0,0,0,0,0,128,[84 -64 4 0 0 0 0 0 0 0 0 0 18 0 18 0 18 1 18 2 19 3 18 3 18 4 18 5 18 5 18 6 18 6 18 6 16 6 17 6 17 7 18 7 16 8 16 8 16 7 16 8 15 8 14 8 14 8 14 7 14 8 13 6 0 0 13 6 13 5 12 4 13 5 13 4 13 4 13 4 12 3 13 3 12 2 13 2 12 2 12 1 12 1 12 0 12 0 12 -1 12 -2 11 -2 11 -2 12 -3 11 -3 12 -3 12 -4 12 -4 12 -5 0 0 0 0 0 0 0 0 0 0]"
"1772697613454636,CSI_DATA,STATION,00:00:00:00:00:00,0,0,0,0,0,0,0,0,0,0,0,0,0,0,0,0,0,0,0,0,0,128,[84 -64 4 0 0 0 0 0 0 0 0 0 -20 0 -21 0 -20 -1 -21 -2 -20 -2 -20 -3 -21 -4 -21 -5 -20 -5 -20 -5 -20 -5 -20 -5 -20 -6 -20 -7 -19 -7 -20 -7 -18 -8 -18 -8 -18 -7 -18 -8 -17 -8 -17 -9 -16 -8 -17 -8 -16 -8 -16 -7 0 0 -15 -6 -15 -5 -15 -5 -15 -5 -15 -4 -15 -4 -16 -4 -15 -4 -15 -3 -15 -2 -15 -2 -15 -3 -14 -2 -14 -1 -14 -1 -14 -1 -14 0 -14 1 -14 1 -14 2 -14 2 -14 2 -13 3 -13 4 -14 4 -13 5 0 0 0 0 0 0 0 0 0 0]"
"1772697613454636,CSI_DATA,STATION,00:00:00:00:00:00,0,0,0,0,0,0,0,0,0,0,0,0,0,0,0,0,0,0,0,0,0,128,[84 -64 4 0 0 0 0 0 0 0 0 0 -17 -8 -16 -9 -17 -9 -16 -10 -16 -10 -16 -11 -15 -12 -15 -11 -14 -12 -15 -13 -16 -12 -15 -13 -14 -13 -14 -13 -13 -13 -14 -14 -13 -14 -12 -14 -13 -14 -11 -14 -11 -14 -11 -13 -11 -13 -11 -13 -10 -12 -11 -11 0 0 -11 -11 -11 -10 -11 -10 -11 -9 -11 -10 -11 -9 -11 -9 -11 -8 -12 -8 -12 -7 -12 -7 -12 -7 -12 -7 -12 -6 -12 -6 -12 -5 -12 -5 -12 -4 -13 -3 -12 -3 -13 -2 -13 -2 -13 -2 -13 -1 -13 -1 -13 -1 0 0 0 0 0 0 0 0 0 0]"
"1772697613470332,CSI_DATA,STATION,00:00:00:00:00:00,0,0,0,0,0,0,0,0,0,0,0,0,0,0,0,0,0,0,0,0,0,128,[84 -64 4 0 0 0 0 0 0 0 0 0 0 -17 0 -16 0 -17 1 -19 2 -17 2 -17 3 -17 4 -17 4 -17 4 -17 5 -18 5 -18 5 -17 6 -17 7 -17 7 -18 7 -16 7 -14 8 -16 8 -15 8 -14 8 -15 7 -12 8 -14 8 -15 6 -14 0 0 6 -14 5 -13 5 -14 5 -13 6 -13 5 -14 5 -14 4 -13 4 -13 2 -12 2 -13 3 -13 2 -13 2 -13 2 -12 0 -13 0 -13 0 -12 -1 -12 -1 -12 -1 -12 -2 -12 -2 -12 -4 -12 -2 -13 -3 -12 0 0 0 0 0 0 0 0 0 0]"
"1772697613486139,CSI_DATA,STATION,00:00:00:00:00:00,0,0,0,0,0,0,0,0,0,0,0,0,0,0,0,0,0,0,0,0,0,128,[84 -64 4 0 0 0 0 0 0 0 0 0 14 -14 14 -13 15 -13 16 -12 16 -12 17 -12 17 -10 17 -10 18 -10 17 -10 17 -9 18 -9 18 -10 18 -9 19 -8 19 -8 19 -7 18 -7 19 -7 18 -5 18 -5 17 -6 17 -4 16 -5 16 -5 16 -6 0 0 16 -6 14 -6 14 -7 13 -7 14 -7 13 -8 13 -8 12 -8 13 -8 12 -8 11 -8 11 -9 10 -9 11 -10 10 -9 10 -9 8 -10 8 -10 8 -11 7 -11 8 -11 7 -11 6 -12 6 -12 6 -13 6 -13 0 0 0 0 0 0 0 0 0 0]"
"1772697613486139,CSI_DATA,STATION,00:00:00:00:00:00,0,0,0,0,0,0,0,0,0,0,0,0,0,0,0,0,0,0,0,0,0,128,[84 -64 4 0 0 0 0 0 0 0 0 0 7 -17 7 -17 8 -17 8 -17 10 -16 10 -16 10 -16 11 -15 11 -15 11 -15 12 -15 12 -15 12 -14 13 -14 13 -14 12 -14 13 -13 12 -12 13 -13 13 -12 13 -12 12 -12 11 -10 12 -11 12 -11 10 -11 0 0 10 -10 9 -11 9 -11 9 -11 9 -11 8 -12 8 -12 7 -12 7 -11 7 -11 6 -12 6 -12 6 -12 5 -12 5 -12 4 -12 4 -12 3 -13 3 -12 2 -12 2 -12 1 -12 1 -13 0 -13 0 -13 0 -13 0 0 0 0 0 0 0 0 0 0]"
"1772697613502211,CSI_DATA,STATION,00:00:00:00:00:00,0,0,0,0,0,0,0,0,0,0,0,0,0,0,0,0,0,0,0,0,0,128,[84 -64 4 0 0 0 0 0 0 0 0 0 -12 -15 -11 -16 -10 -17 -10 -18 -9 -18 -9 -18 -9 -18 -8 -18 -7 -19 -7 -19 -7 -19 -7 -19 -6 -20 -6 -20 -5 -19 -5 -20 -5 -19 -4 -19 -4 -19 -3 -19 -3 -18 -3 -18 -2 -16 -3 -17 -3 -17 -3 -16 0 0 -4 -16 -4 -15 -5 -15 -6 -14 -5 -15 -5 -15 -5 -15 -6 -14 -6 -13 -6 -12 -8 -12 -6 -12 -7 -12 -8 -11 -8 -11 -9 -10 -9 -11 -9 -9 -9 -9 -10 -8 -10 -9 -10 -8 -10 -9 -11 -8 -11 -8 -11 -7 0 0 0 0 0 0 0 0 0 0]"
"1772697613502211,CSI_DATA,STATION,00:00:00:00:00:00,0,0,0,0,0,0,0,0,0,0,0,0,0,0,0,0,0,0,0,0,0,128,[84 -64 4 0 0 0 0 0 0 0 0 0 8 -16 9 -15 10 -16 11 -16 12 -15 11 -14 12 -14 12 -15 12 -14 13 -13 13 -13 14 -13 14 -12 14 -12 14 -12 15 -12 14 -10 15 -10 15 -11 15 -11 15 -11 14 -10 13 -9 13 -9 13 -9 12 -9 0 0 12 -9 11 -10 10 -9 10 -10 10 -10 10 -11 10 -10 9 -10 9 -10 8 -10 9 -11 8 -10 7 -10 6 -11 6 -11 6 -11 6 -12 5 -11 4 -12 4 -12 4 -11 3 -12 3 -13 2 -13 2 -13 2 -13 0 0 0 0 0 0 0 0 0 0]"
"1772697613502211,CSI_DATA,STATION,00:00:00:00:00:00,0,0,0,0,0,0,0,0,0,0,0,0,0,0,0,0,0,0,0,0,0,128,[84 -64 4 0 0 0 0 0 0 0 0 0 -14 14 -15 14 -16 14 -17 14 -17 12 -17 12 -18 11 -17 11 -18 10 -18 11 -19 11 -19 9 -19 10 -19 9 -19 9 -19 8 -19 8 -19 7 -19 7 -18 6 -19 7 -18 6 -17 6 -17 6 -17 6 -16 7 0 0 -16 6 -15 7 -14 8 -14 7 -15 8 -14 8 -14 8 -13 8 -13 8 -12 8 -12 9 -11 9 -12 10 -11 9 -10 9 -10 10 -9 10 -9 10 -8 10 -8 10 -7 11 -7 11 -7 12 -6 12 -6 12 -6 12 0 0 0 0 0 0 0 0 0 0]"
"1772697613518133,CSI_DATA,STATION,00:00:00:00:00:00,0,0,0,0,0,0,0,0,0,0,0,0,0,0,0,0,0,0,0,0,0,128,[84 -64 4 0 0 0 0 0 0 0 0 0 10 14 9 15 8 15 9 16 8 16 8 17 7 16 6 17 6 16 6 17 6 17 6 17 6 18 5 18 4 18 5 17 4 18 3 17 3 17 2 17 2 17 2 16 1 15 2 16 2 15 3 14 0 0 3 14 3 14 3 14 3 13 3 13 4 13 4 13 5 13 5 12 5 11 6 11 5 11 6 11 7 11 5 10 7 10 7 9 7 8 8 8 8 8 8 8 8 8 9 7 10 7 10 6 10 6 0 0 0 0 0 0 0 0 0 0]"
"1772697613534050,CSI_DATA,STATION,00:00:00:00:00:00,0,0,0,0,0,0,0,0,0,0,0,0,0,0,0,0,0,0,0,0,0,128,[84 -64 4 0 0 0 0 0 0 0 0 0 -13 12 -13 12 -14 12 -15 12 -15 11 -15 11 -17 11 -16 10 -16 9 -16 9 -17 9 -17 8 -17 9 -18 9 -18 8 -18 8 -17 7 -17 7 -18 7 -17 6 -17 6 -16 6 -16 5 -16 6 -15 6 -14 6 0 0 -14 6 -13 7 -13 8 -12 7 -13 8 -12 8 -13 8 -11 7 -11 8 -10 8 -11 8 -10 8 -10 9 -10 9 -9 9 -8 9 -8 9 -7 9 -6 10 -6 11 -6 10 -5 10 -5 11 -4 11 -4 12 -4 12 0 0 0 0 0 0 0 0 0 0]"
"1772697613534050,CSI_DATA,STATION,00:00:00:00:00:00,0,0,0,0,0,0,0,0,0,0,0,0,0,0,0,0,0,0,0,0,0,128,[84 -64 4 0 0 0 0 0 0 0 0 0 9 -16 9 -15 10 -17 11 -15 12 -15 12 -14 13 -14 13 -13 13 -13 13 -13 13 -14 14 -12 14 -13 14 -13 15 -12 15 -12 14 -10 15 -11 14 -11 15 -10 15 -10 15 -9 14 -9 14 -9 13 -10 12 -9 0 0 11 -9 11 -9 10 -10 10 -10 11 -10 11 -10 10 -11 9 -10 9 -10 8 -10 8 -11 8 -11 7 -10 6 -10 6 -11 6 -10 6 -12 5 -11 5 -11 5 -12 4 -12 3 -12 3 -13 2 -13 2 -13 1 -13 0 0 0 0 0 0 0 0 0 0]"
"1772697613534050,CSI_DATA,STATION,00:00:00:00:00:00,0,0,0,0,0,0,0,0,0,0,0,0,0,0,0,0,0,0,0,0,0,128,[84 -64 4 0 0 0 0 0 0 0 0 0 -19 -3 -18 -4 -18 -5 -19 -6 -18 -6 -18 -6 -18 -8 -17 -9 -18 -9 -18 -8 -18 -8 -18 -9 -17 -9 -17 -9 -17 -11 -18 -10 -16 -10 -15 -10 -16 -11 -15 -11 -14 -11 -13 -11 -14 -10 -14 -10 -14 -10 -14 -9 0 0 -13 -8 -14 -7 -14 -7 -14 -7 -13 -6 -14 -7 -14 -7 -12 -5 -13 -5 -13 -5 -14 -4 -13 -4 -13 -3 -13 -3 -13 -3 -13 -1 -12 -1 -13 -1 -13 -1 -13 0 -13 1 -12 1 -12 1 -12 3 -13 2 -13 4 0 0 0 0 0 0 0 0 0 0]"
"1772697613550125,CSI_DATA,STATION,00:00:00:00:00:00,0,0,0,0,0,0,0,0,0,0,0,0,0,0,0,0,0,0,0,0,0,128,[84 -64 4 0 0 0 0 0 0 0 0 0 12 -12 14 -13 13 -12 15 -12 14 -11 16 -11 15 -11 16 -10 16 -9 15 -9 16 -9 17 -8 17 -9 17 -8 18 -7 17 -7 18 -7 17 -5 17 -6 17 -5 17 -5 16 -5 15 -4 15 -5 14 -5 14 -5 0 0 14 -5 13 -6 14 -6 12 -6 13 -7 12 -6 12 -7 11 -7 12 -7 11 -7 11 -8 9 -8 10 -8 10 -8 9 -8 10 -9 9 -9 8 -10 8 -10 7 -10 7 -10 7 -11 6 -11 6 -11 6 -12 6 -12 0 0 0 0 0 0 0 0 0 0]"
"1772697613550125,CSI_DATA,STATION,00:00:00:00:00:00,0,0,0,0,0,0,0,0,0,0,0,0,0,0,0,0,0,0,0,0,0,128,[84 -64 4 0 0 0 0 0 0 0 0 0 -15 -10 -16 -11 -15 -11 -16 -12 -15 -12 -15 -14 -14 -14 -13 -15 -12 -15 -13 -15 -14 -15 -13 -15 -13 -15 -12 -15 -11 -16 -11 -16 -10 -17 -10 -16 -10 -17 -8 -16 -8 -16 -8 -16 -8 -15 -9 -15 -9 -14 -9 -13 0 0 -8 -13 -8 -12 -8 -12 -10 -12 -9 -13 -9 -12 -9 -12 -9 -11 -10 -11 -10 -10 -11 -9 -10 -9 -10 -9 -11 -9 -10 -9 -11 -8 -11 -8 -11 -7 -11 -6 -11 -6 -11 -6 -12 -6 -12 -5 -12 -4 -13 -4 -13 -3 0 0 0 0 0 0 0 0 0 0]"
"1772697613550125,CSI_DATA,STATION,00:00:00:00:00:00,0,0,0,0,0,0,0,0,0,0,0,0,0,0,0,0,0,0,0,0,0,128,[84 -64 4 0 0 0 0 0 0 0 0 0 -19 -1 -21 -2 -20 -2 -22 -3 -21 -4 -21 -4 -20 -5 -21 -6 -21 -6 -21 -6 -21 -6 -21 -7 -20 -8 -20 -8 -19 -9 -20 -8 -19 -10 -18 -9 -19 -10 -18 -10 -17 -10 -17 -10 -16 -9 -16 -9 -17 -9 -16 -8 0 0 -16 -8 -15 -6 -16 -7 -15 -6 -16 -6 -15 -7 -16 -6 -15 -5 -15 -4 -16 -4 -16 -3 -14 -3 -15 -2 -14 -3 -14 -2 -15 -1 -14 -1 -14 0 -14 0 -14 1 -14 2 -14 2 -13 2 -13 3 -14 4 -14 4 0 0 0 0 0 0 0 0 0 0]"
"1772697613550125,CSI_DATA,STATION,00:00:00:00:00:00,0,0,0,0,0,0,0,0,0,0,0,0,0,0,0,0,0,0,0,0,0,128,[84 -64 4 0 0 0 0 0 0 0 0 0 0 18 0 18 -1 18 -2 19 -3 18 -2 19 -3 18 -5 17 -4 18 -5 18 -5 18 -5 18 -5 18 -6 18 -7 17 -6 17 -7 17 -7 16 -7 16 -8 17 -7 15 -8 16 -7 14 -7 14 -7 14 -6 14 0 0 -6 13 -5 13 -4 13 -4 13 -4 14 -4 14 -4 13 -3 13 -2 13 -1 12 -1 13 -2 13 -1 13 0 13 0 12 1 12 1 12 2 11 2 11 3 11 3 11 3 11 4 11 5 11 5 11 5 11 0 0 0 0 0 0 0 0 0 0]"
"1772697613565910,CSI_DATA,STATION,00:00:00:00:00:00,0,0,0,0,0,0,0,0,0,0,0,0,0,0,0,0,0,0,0,0,0,128,[84 -64 4 0 0 0 0 0 0 0 0 0 17 3 18 4 17 4 18 6 17 6 18 7 16 7 16 8 16 9 16 7 17 8 17 8 16 9 16 9 16 11 16 10 15 10 13 10 15 11 13 11 13 11 12 10 12 9 12 9 12 9 13 8 0 0 12 8 11 7 12 7 12 6 12 7 12 6 12 6 12 5 12 5 11 3 12 3 12 3 12 3 12 3 11 2 12 1 12 1 12 0 12 0 11 -1 11 -1 11 -1 11 -2 11 -3 12 -4 13 -4 0 0 0 0 0 0 0 0 0 0]"
"1772697613565910,CSI_DATA,STATION,00:00:00:00:00:00,0,0,0,0,0,0,0,0,0,0,0,0,0,0,0,0,0,0,0,0,0,128,[84 -64 4 0 0 0 0 0 0 0 0 0 -18 -2 -19 -3 -18 -3 -19 -4 -18 -5 -19 -5 -19 -7 -19 -6 -18 -8 -18 -8 -18 -7 -18 -8 -18 -8 -17 -9 -17 -10 -18 -9 -16 -9 -15 -10 -16 -10 -15 -10 -15 -10 -14 -10 -14 -10 -14 -10 -14 -9 -14 -9 0 0 -13 -8 -13 -8 -13 -7 -14 -7 -13 -7 -13 -6 -14 -6 -13 -6 -14 -5 -13 -4 -14 -4 -13 -4 -14 -4 -13 -3 -13 -3 -13 -2 -13 -2 -13 -1 -13 -1 -13 0 -12 0 -12 0 -13 1 -12 2 -13 1 -13 2 0 0 0 0 0 0 0 0 0 0]"
"1772697613581544,CSI_DATA,STATION,00:00:00:00:00:00,0,0,0,0,0,0,0,0,0,0,0,0,0,0,0,0,0,0,0,0,0,128,[84 -64 4 0 0 0 0 0 0 0 0 0 -10 10 -11 10 -11 11 -13 10 -12 9 -13 8 -13 8 -13 7 -13 7 -12 7 -14 8 -14 8 -14 8 -14 7 -15 6 -15 6 -15 5 -14 4 -14 5 -14 4 -14 4 -14 4 -13 3 -13 4 -14 5 -13 5 0 0 -12 4 -12 5 -12 6 -10 6 -12 5 -11 6 -12 5 -10 6 -11 5 -9 6 -9 7 -9 6 -9 7 -8 7 -8 6 -8 7 -8 8 -7 8 -7 8 -6 7 -7 8 -6 8 -5 8 -5 10 -5 9 -5 10 0 0 0 0 0 0 0 0 0 0]"
"1772697613581544,CSI_DATA,STATION,00:00:00:00:00:00,0,0,0,0,0,0,0,0,0,0,0,0,0,0,0,0,0,0,0,0,0,128,[84 -64 4 0 0 0 0 0 0 0 0 0 4 17 4 17 3 18 2 19 1 19 1 18 1 18 0 18 0 17 -1 19 -1 19 -2 18 -2 18 -2 19 -2 18 -2 18 -2 17 -2 17 -4 18 -4 18 -4 17 -3 17 -4 15 -4 16 -4 15 -3 14 0 0 -2 14 -1 14 -1 14 -1 13 -1 14 0 14 0 14 0 14 1 13 1 13 2 13 1 13 1 13 2 12 2 11 3 10 4 11 4 10 5 10 5 9 6 10 6 10 6 10 7 10 7 9 8 9 0 0 0 0 0 0 0 0 0 0]"
"1772697613581544,CSI_DATA,STATION,00:00:00:00:00:00,0,0,0,0,0,0,0,0,0,0,0,0,0,0,0,0,0,0,0,0,0,128,[84 -64 4 0 0 0 0 0 0 0 0 0 11 14 10 15 10 15 9 15 8 16 8 16 7 16 7 17 7 17 6 17 7 17 5 17 6 17 5 17 4 18 4 18 4 17 4 18 3 18 2 17 1 16 2 17 2 16 3 16 2 15 3 14 0 0 3 14 4 13 4 13 5 12 4 13 4 13 4 13 5 12 5 12 5 11 6 11 5 11 6 10 6 11 6 9 7 9 7 9 8 9 8 8 8 8 8 8 9 8 9 7 10 6 10 6 11 6 0 0 0 0 0 0 0 0 0 0]"
"1772697613597499,CSI_DATA,STATION,00:00:00:00:00:00,0,0,0,0,0,0,0,0,0,0,0,0,0,0,0,0,0,0,0,0,0,128,[84 -64 4 0 0 0 0 0 0 0 0 0 -15 1 -15 0 -16 0 -16 -1 -16 -1 -15 -2 -15 -2 -15 -3 -15 -3 -15 -4 -16 -4 -16 -4 -16 -5 -16 -5 -15 -6 -16 -5 -15 -5 -14 -6 -14 -6 -14 -6 -13 -7 -14 -6 -13 -7 -13 -6 -13 -6 -13 -4 0 0 -12 -5 -12 -5 -12 -4 -11 -3 -12 -4 -12 -3 -12 -4 -12 -3 -12 -2 -12 -1 -12 -1 -11 -2 -11 -1 -12 -1 -11 -1 -11 0 -11 0 -11 1 -10 2 -10 2 -11 2 -11 2 -11 2 -10 4 -11 3 -10 4 0 0 0 0 0 0 0 0 0 0]"
"1772697613597499,CSI_DATA,STATION,00:00:00:00:00:00,0,0,0,0,0,0,0,0,0,0,0,0,0,0,0,0,0,0,0,0,0,128,[84 -64 4 0 0 0 0 0 0 0 0 0 -9 14 -10 14 -11 14 -13 14 -12 14 -13 12 -14 12 -14 11 -14 12 -15 11 -15 12 -15 12 -15 11 -16 12 -16 10 -16 10 -16 10 -16 10 -16 9 -16 8 -15 8 -16 8 -15 7 -14 8 -15 7 -13 9 0 0 -14 8 -11 8 -12 8 -12 9 -12 8 -12 9 -11 9 -11 9 -11 9 -10 9 -10 10 -9 9 -9 10 -8 9 -9 9 -7 10 -7 10 -7 10 -6 10 -7 10 -6 10 -6 10 -5 12 -4 11 -4 12 -3 11 0 0 0 0 0 0 0 0 0 0]"
"1772697613613231,CSI_DATA,STATION,00:00:00:00:00:00,0,0,0,0,0,0,0,0,0,0,0,0,0,0,0,0,0,0,0,0,0,128,[84 -64 4 0 0 0 0 0 0 0 0 0 -18 -3 -18 -4 -18 -5 -19 -6 -18 -6 -19 -7 -17 -8 -18 -7 -18 -8 -17 -8 -18 -8 -17 -9 -18 -9 -17 -10 -17 -10 -17 -10 -16 -10 -16 -10 -16 -11 -15 -11 -15 -11 -14 -10 -13 -11 -14 -10 -14 -9 -14 -8 0 0 -13 -7 -13 -8 -14 -7 -14 -5 -14 -6 -14 -6 -14 -7 -13 -5 -13 -5 -13 -5 -14 -3 -13 -3 -13 -3 -13 -3 -13 -2 -13 -2 -13 -1 -13 0 -13 0 -12 1 -12 1 -13 1 -13 1 -13 2 -13 3 -12 4 0 0 0 0 0 0 0 0 0 0]"
"1772697613613231,CSI_DATA,STATION,00:00:00:00:00:00,0,0,0,0,0,0,0,0,0,0,0,0,0,0,0,0,0,0,0,0,0,128,[84 -64 4 0 0 0 0 0 0 0 0 0 -15 -10 -15 -11 -15 -12 -16 -12 -15 -13 -14 -14 -14 -14 -14 -14 -13 -14 -13 -15 -13 -15 -12 -15 -12 -16 -11 -16 -11 -16 -11 -16 -11 -16 -10 -16 -10 -16 -8 -17 -9 -15 -9 -16 -8 -15 -8 -15 -8 -14 -9 -13 0 0 -9 -13 -8 -12 -9 -12 -10 -12 -9 -12 -10 -12 -10 -11 -9 -11 -9 -10 -10 -9 -11 -9 -10 -9 -10 -10 -11 -9 -10 -8 -11 -7 -11 -8 -11 -7 -11 -6 -12 -6 -11 -6 -12 -5 -12 -5 -13 -4 -13 -5 -14 -3 0 0 0 0 0 0 0 0 0 0]"
"1772697613613231,CSI_DATA,STATION,00:00:00:00:00:00,0,0,0,0,0,0,0,0,0,0,0,0,0,0,0,0,0,0,0,0,0,128,[84 -64 4 0 0 0 0 0 0 0 0 0 -20 -5 -20 -7 -20 -7 -21 -7 -20 -9 -20 -8 -19 -10 -20 -10 -19 -10 -18 -11 -19 -11 -19 -12 -18 -11 -18 -12 -17 -14 -17 -13 -16 -12 -16 -12 -16 -12 -15 -14 -14 -13 -14 -13 -15 -12 -14 -12 -14 -12 -15 -11 0 0 -14 -10 -14 -10 -14 -9 -14 -8 -14 -9 -14 -8 -15 -8 -13 -7 -15 -8 -14 -6 -15 -5 -14 -6 -14 -5 -14 -5 -14 -4 -14 -3 -14 -3 -15 -2 -14 -2 -14 -1 -14 -1 -13 0 -14 1 -14 2 -15 2 -15 2 0 0 0 0 0 0 0 0 0 0]"
"1772697613629260,CSI_DATA,STATION,00:00:00:00:00:00,0,0,0,0,0,0,0,0,0,0,0,0,0,0,0,0,0,0,0,0,0,128,[84 -64 4 0 0 0 0 0 0 0 0 0 -17 -6 -17 -7 -18 -7 -19 -8 -17 -9 -17 -9 -17 -10 -17 -10 -17 -11 -16 -11 -16 -11 -16 -12 -15 -12 -15 -13 -15 -13 -15 -13 -14 -13 -13 -13 -13 -14 -13 -14 -12 -13 -12 -13 -11 -13 -12 -12 -12 -12 -12 -11 0 0 -11 -11 -12 -10 -11 -9 -12 -8 -11 -10 -12 -9 -12 -9 -12 -8 -12 -8 -12 -7 -13 -7 -12 -7 -12 -6 -12 -6 -12 -6 -12 -5 -12 -5 -13 -4 -12 -4 -13 -2 -12 -3 -12 -2 -13 -2 -13 -1 -14 -1 -14 0 0 0 0 0 0 0 0 0 0 0]"
"1772697613629260,CSI_DATA,STATION,00:00:00:00:00:00,0,0,0,0,0,0,0,0,0,0,0,0,0,0,0,0,0,0,0,0,0,128,[84 -64 4 0 0 0 0 0 0 0 0 0 14 9 14 11 13 11 14 12 14 12 13 13 13 13 12 14 12 14 11 15 11 15 11 15 10 15 10 16 9 16 10 15 9 15 9 16 9 16 8 15 7 15 7 15 7 14 7 14 7 13 8 13 0 0 7 12 8 12 8 11 9 11 9 12 9 11 9 10 8 10 8 9 8 9 9 8 9 9 9 8 9 8 10 6 10 6 10 6 11 5 10 5 10 5 11 4 10 4 11 4 12 3 12 2 12 2 0 0 0 0 0 0 0 0 0 0]"
"1772697613629260,CSI_DATA,STATION,00:00:00:00:00:00,0,0,0,0,0,0,0,0,0,0,0,0,0,0,0,0,0,0,0,0,0,128,[84 -64 4 0 0 0 0 0 0 0 0 0 7 12 7 12 7 13 7 14 5 13 5 14 5 13 5 14 3 14 3 14 4 15 4 15 3 14 3 15 1 15 2 15 2 14 1 14 1 15 0 14 0 14 0 14 0 12 1 13 0 13 2 13 0 0 1 12 1 12 2 12 2 11 1 12 2 11 2 12 3 11 3 10 4 10 4 10 3 10 4 10 4 10 4 9 5 9 5 9 5 8 6 8 5 7 6 8 5 8 6 7 8 7 7 7 8 6 0 0 0 0 0 0 0 0 0 0]"
"1772697613645125,CSI_DATA,STATION,00:00:00:00:00:00,0,0,0,0,0,0,0,0,0,0,0,0,0,0,0,0,0,0,0,0,0,128,[84 -64 4 0 0 0 0 0 0 0 0 0 17 4 17 4 17 5 17 6 16 7 16 7 16 7 16 8 16 8 15 8 16 9 16 10 15 9 15 10 15 11 15 11 14 10 13 11 14 11 14 11 13 11 12 11 12 10 12 10 12 10 12 9 0 0 12 9 11 8 12 8 12 7 12 7 12 7 12 7 12 6 12 6 11 5 12 5 12 5 11 5 11 4 11 4 12 3 12 2 12 1 11 1 11 1 11 0 12 0 11 -1 12 -1 12 -2 13 -2 0 0 0 0 0 0 0 0 0 0]"
"1772697613645125,CSI_DATA,STATION,00:00:00:00:00:00,0,0,0,0,0,0,0,0,0,0,0,0,0,0,0,0,0,0,0,0,0,128,[84 -64 4 0 0 0 0 0 0 0 0 0 9 -15 9 -16 10 -16 11 -16 11 -15 12 -15 12 -15 12 -14 12 -14 12 -14 14 -14 14 -13 14 -13 14 -13 15 -12 14 -12 15 -10 14 -10 14 -12 15 -10 14 -9 13 -10 14 -9 14 -9 12 -9 12 -10 0 0 11 -9 10 -10 10 -10 10 -10 11 -10 10 -11 9 -11 9 -11 9 -10 8 -9 8 -11 9 -11 7 -10 7 -11 7 -11 6 -11 6 -11 5 -12 4 -12 5 -12 4 -11 3 -12 3 -13 3 -12 2 -13 1 -13 0 0 0 0 0 0 0 0 0 0]"
"1772697613677363,CSI_DATA,STATION,00:00:00:00:00:00,0,0,0,0,0,0,0,0,0,0,0,0,0,0,0,0,0,0,0,0,0,128,[84 -64 4 0 0 0 0 0 0 0 0 0 8 -15 9 -16 8 -16 10 -17 11 -15 10 -15 12 -15 12 -15 12 -14 11 -14 13 -14 12 -14 13 -13 13 -12 14 -13 13 -13 14 -11 14 -11 14 -12 14 -11 13 -10 13 -11 12 -9 13 -10 12 -10 11 -10 0 0 10 -10 10 -10 9 -11 9 -10 10 -10 10 -11 9 -11 8 -11 9 -11 7 -11 6 -11 7 -11 6 -11 6 -11 5 -11 5 -11 5 -12 4 -12 3 -12 3 -12 3 -12 2 -13 2 -12 1 -13 1 -13 0 -13 0 0 0 0 0 0 0 0 0 0]"
"1772697613677363,CSI_DATA,STATION,00:00:00:00:00:00,0,0,0,0,0,0,0,0,0,0,0,0,0,0,0,0,0,0,0,0,0,128,[84 -64 4 0 0 0 0 0 0 0 0 0 14 16 14 18 13 18 13 19 12 19 12 20 11 19 10 20 10 21 10 20 10 21 10 22 9 22 9 22 8 23 8 22 6 23 5 21 6 22 6 21 5 21 5 21 4 20 5 19 6 19 6 18 0 0 6 18 6 17 6 17 6 16 6 16 7 15 7 16 7 15 8 15 8 14 9 14 9 14 9 14 10 13 9 13 10 13 10 11 11 11 11 10 11 10 12 9 12 10 13 8 14 8 14 8 14 8 0 0 0 0 0 0 0 0 0 0]"
"1772697613693988,CSI_DATA,STATION,00:00:00:00:00:00,0,0,0,0,0,0,0,0,0,0,0,0,0,0,0,0,0,0,0,0,0,128,[84 -64 4 0 0 0 0 0 0 0 0 0 -18 7 -20 7 -20 6 -21 6 -20 5 -20 4 -20 4 -21 3 -21 2 -20 3 -21 2 -21 2 -21 2 -21 2 -22 0 -22 1 -21 0 -21 0 -21 -1 -20 -2 -20 -2 -19 -2 -18 -2 -19 -1 -18 -1 -18 0 0 0 -17 0 -16 1 -17 1 -16 1 -16 2 -15 2 -16 2 -15 2 -16 3 -15 3 -15 4 -15 5 -14 4 -14 5 -13 5 -13 6 -13 6 -12 6 -11 7 -11 8 -11 8 -11 9 -10 8 -10 9 -10 10 -10 10 0 0 0 0 0 0 0 0 0 0]"
"1772697613709649,CSI_DATA,STATION,00:00:00:00:00:00,0,0,0,0,0,0,0,0,0,0,0,0,0,0,0,0,0,0,0,0,0,128,[84 -64 4 0 0 0 0 0 0 0 0 0 -16 -17 -16 -18 -16 -17 -16 -19 -14 -19 -15 -20 -14 -19 -14 -21 -13 -20 -12 -21 -13 -21 -12 -23 -12 -22 -12 -22 -11 -23 -11 -23 -10 -23 -9 -22 -9 -23 -9 -22 -9 -22 -8 -21 -7 -20 -7 -20 -7 -20 -8 -19 0 0 -9 -18 -9 -17 -9 -17 -9 -16 -10 -16 -10 -16 -10 -15 -10 -15 -11 -14 -11 -14 -12 -14 -11 -13 -11 -13 -12 -13 -12 -12 -12 -12 -13 -11 -13 -11 -13 -10 -14 -9 -14 -9 -15 -8 -15 -7 -16 -8 -16 -7 -16 -7 0 0 0 0 0 0 0 0 0 0]"
"1772697613709649,CSI_DATA,STATION,00:00:00:00:00:00,0,0,0,0,0,0,0,0,0,0,0,0,0,0,0,0,0,0,0,0,0,128,[84 -64 4 0 0 0 0 0 0 0 0 0 14 -11 15 -9 16 -9 15 -9 16 -9 17 -7 16 -7 17 -7 17 -7 18 -7 18 -7 17 -7 19 -6 18 -5 18 -5 18 -4 17 -4 18 -4 17 -4 17 -3 17 -3 17 -3 15 -2 16 -3 16 -4 15 -4 0 0 14 -4 13 -5 13 -5 13 -5 13 -5 13 -6 13 -6 12 -6 13 -6 11 -7 11 -7 10 -8 10 -8 9 -8 10 -8 9 -8 9 -8 8 -9 7 -10 7 -9 8 -10 7 -10 6 -11 5 -12 6 -12 5 -12 0 0 0 0 0 0 0 0 0 0]"
"1772697613725531,CSI_DATA,STATION,00:00:00:00:00:00,0,0,0,0,0,0,0,0,0,0,0,0,0,0,0,0,0,0,0,0,0,128,[84 -64 4 0 0 0 0 0 0 0 0 0 -18 -4 -18 -3 -18 -4 -19 -4 -18 -5 -19 -5 -19 -6 -18 -7 -18 -7 -18 -7 -19 -8 -18 -8 -18 -8 -17 -9 -18 -10 -17 -9 -17 -9 -16 -10 -16 -10 -16 -10 -15 -10 -15 -10 -14 -9 -14 -9 -14 -10 -14 -9 0 0 -14 -7 -13 -7 -13 -7 -14 -7 -14 -6 -14 -6 -14 -6 -13 -5 -14 -5 -13 -4 -14 -4 -13 -3 -13 -3 -13 -3 -13 -3 -13 -1 -13 -1 -13 0 -13 0 -13 1 -13 2 -13 1 -12 2 -13 3 -13 3 -13 4 0 0 0 0 0 0 0 0 0 0]"
"1772697613725531,CSI_DATA,STATION,00:00:00:00:00:00,0,0,0,0,0,0,0,0,0,0,0,0,0,0,0,0,0,0,0,0,0,128,[84 -64 4 0 0 0 0 0 0 0 0 0 -11 -14 -11 -15 -11 -16 -10 -16 -9 -17 -9 -17 -9 -17 -7 -17 -8 -18 -7 -18 -8 -19 -7 -18 -7 -19 -7 -19 -6 -20 -6 -19 -6 -19 -5 -18 -4 -18 -3 -18 -3 -18 -3 -18 -3 -16 -4 -16 -4 -16 -4 -15 0 0 -5 -14 -5 -15 -5 -14 -6 -13 -5 -14 -5 -13 -5 -14 -6 -13 -6 -13 -6 -12 -8 -12 -7 -12 -8 -11 -8 -11 -8 -10 -9 -10 -9 -10 -9 -9 -10 -8 -10 -8 -10 -8 -11 -8 -11 -8 -12 -7 -12 -6 -12 -6 0 0 0 0 0 0 0 0 0 0]"
"1772697613725531,CSI_DATA,STATION,00:00:00:00:00:00,0,0,0,0,0,0,0,0,0,0,0,0,0,0,0,0,0,0,0,0,0,128,[84 -64 4 0 0 0 0 0 0 0 0 0 2 -18 3 -18 4 -19 4 -19 6 -18 5 -18 5 -18 6 -18 7 -17 7 -18 7 -18 7 -17 8 -18 9 -17 9 -17 9 -17 9 -16 9 -16 10 -16 10 -15 11 -15 10 -14 9 -13 9 -15 8 -14 8 -13 0 0 7 -13 6 -13 6 -14 5 -13 6 -14 5 -14 5 -14 4 -13 4 -14 3 -13 2 -13 3 -13 2 -13 1 -13 2 -13 0 -12 0 -13 -1 -13 -1 -13 -1 -12 -2 -13 -3 -12 -3 -13 -4 -13 -4 -13 -5 -13 0 0 0 0 0 0 0 0 0 0]"
"1772697613741468,CSI_DATA,STATION,00:00:00:00:00:00,0,0,0,0,0,0,0,0,0,0,0,0,0,0,0,0,0,0,0,0,0,128,[84 -64 4 0 0 0 0 0 0 0 0 0 -5 16 -6 16 -7 17 -8 17 -8 16 -9 16 -9 16 -10 16 -10 16 -10 16 -11 16 -11 15 -11 15 -11 15 -12 15 -12 15 -12 13 -13 13 -12 13 -13 13 -12 13 -13 12 -11 11 -11 11 -11 12 -10 11 0 0 -10 11 -9 12 -9 12 -8 12 -9 12 -8 12 -8 12 -7 12 -7 11 -7 11 -6 12 -6 12 -6 12 -5 12 -4 12 -4 11 -3 11 -2 11 -2 11 -1 11 -1 11 -1 12 0 12 1 12 1 12 1 12 0 0 0 0 0 0 0 0 0 0]"
"1772697613741468,CSI_DATA,STATION,00:00:00:00:00:00,0,0,0,0,0,0,0,0,0,0,0,0,0,0,0,0,0,0,0,0,0,128,[84 -64 4 0 0 0 0 0 0 0 0 0 -8 -18 -8 -19 -7 -20 -7 -21 -6 -21 -5 -21 -4 -20 -4 -20 -3 -21 -3 -22 -3 -21 -3 -21 -2 -21 -1 -22 -1 -22 0 -22 1 -20 1 -21 1 -20 2 -20 2 -20 2 -19 2 -18 1 -18 2 -19 1 -17 0 0 0 -17 -1 -17 -1 -17 -1 -16 -1 -17 -1 -16 -1 -16 -2 -16 -2 -16 -3 -14 -4 -15 -3 -14 -3 -14 -5 -14 -4 -14 -5 -14 -5 -13 -6 -13 -6 -12 -7 -11 -8 -12 -8 -12 -9 -12 -9 -12 -10 -11 -10 -11 0 0 0 0 0 0 0 0 0 0]"
"1772697613741468,CSI_DATA,STATION,00:00:00:00:00:00,0,0,0,0,0,0,0,0,0,0,0,0,0,0,0,0,0,0,0,0,0,128,[84 -64 4 0 0 0 0 0 0 0 0 0 5 -18 6 -17 6 -17 7 -18 9 -17 8 -16 9 -17 9 -16 10 -16 10 -16 11 -16 11 -16 11 -15 12 -16 12 -15 12 -15 12 -13 12 -13 12 -13 13 -13 12 -13 12 -13 12 -11 11 -11 11 -12 11 -11 0 0 10 -11 9 -12 8 -12 8 -12 9 -12 8 -12 8 -13 7 -12 7 -12 6 -12 6 -12 6 -12 5 -12 5 -12 5 -13 3 -12 3 -12 3 -13 2 -12 1 -13 2 -12 1 -13 1 -13 0 -13 0 -13 -1 -13 0 0 0 0 0 0 0 0 0 0]"
"1772697613757261,CSI_DATA,STATION,00:00:00:00:00:00,0,0,0,0,0,0,0,0,0,0,0,0,0,0,0,0,0,0,0,0,0,128,[84 -64 4 0 0 0 0 0 0 0 0 0 -18 -8 -18 -9 -18 -8 -19 -11 -18 -11 -17 -11 -17 -12 -17 -12 -16 -13 -15 -13 -16 -14 -16 -14 -15 -14 -15 -14 -14 -15 -16 -15 -14 -14 -12 -14 -14 -15 -13 -14 -12 -14 -12 -14 -11 -13 -12 -13 -12 -13 -12 -12 0 0 -12 -11 -12 -10 -12 -10 -13 -10 -13 -10 -13 -9 -13 -10 -13 -8 -13 -8 -13 -7 -13 -6 -13 -7 -12 -6 -13 -6 -13 -5 -14 -4 -13 -4 -13 -3 -14 -2 -13 -1 -13 -2 -13 -1 -14 -2 -13 1 -14 0 -14 1 0 0 0 0 0 0 0 0 0 0]"
"1772697613757261,CSI_DATA,STATION,00:00:00:00:00:00,0,0,0,0,0,0,0,0,0,0,0,0,0,0,0,0,0,0,0,0,0,128,[84 -64 4 0 0 0 0 0 0 0 0 0 14 -12 15 -11 15 -11 15 -10 16 -10 17 -9 17 -8 17 -8 17 -7 18 -8 18 -7 18 -6 18 -6 18 -6 18 -5 18 -5 17 -5 18 -5 17 -5 17 -4 17 -3 17 -4 16 -3 16 -4 16 -3 14 -4 0 0 14 -4 14 -5 12 -5 13 -5 12 -5 13 -6 12 -7 12 -6 12 -7 12 -7 11 -7 10 -7 11 -7 10 -8 10 -8 9 -8 9 -9 8 -9 8 -9 8 -9 8 -10 7 -10 7 -11 6 -11 6 -12 6 -12 0 0 0 0 0 0 0 0 0 0]"
"1772697613757261,CSI_DATA,STATION,00:00:00:00:00:00,0,0,0,0,0,0,0,0,0,0,0,0,0,0,0,0,0,0,0,0,0,128,[84 -64 4 0 0 0 0 0 0 0 0 0 -19 -3 -19 -4 -18 -5 -19 -6 -19 -6 -18 -7 -18 -8 -18 -9 -17 -9 -17 -9 -18 -9 -18 -9 -17 -10 -17 -10 -17 -11 -17 -10 -16 -11 -15 -10 -15 -11 -15 -11 -14 -11 -14 -11 -14 -10 -14 -10 -14 -10 -14 -9 0 0 -13 -8 -13 -7 -13 -7 -14 -7 -13 -6 -13 -6 -14 -7 -13 -6 -14 -5 -13 -4 -13 -3 -13 -4 -13 -4 -13 -3 -13 -2 -13 -2 -12 -1 -13 0 -13 0 -13 1 -13 1 -13 1 -12 2 -13 3 -13 3 -13 4 0 0 0 0 0 0 0 0 0 0]"
"1772697613773187,CSI_DATA,STATION,00:00:00:00:00:00,0,0,0,0,0,0,0,0,0,0,0,0,0,0,0,0,0,0,0,0,0,128,[84 -64 4 0 0 0 0 0 0 0 0 0 -10 15 -11 15 -11 14 -12 14 -12 14 -13 13 -14 13 -14 13 -15 12 -14 12 -15 12 -16 12 -16 12 -16 11 -16 11 -16 10 -16 10 -16 8 -17 10 -16 8 -16 8 -15 8 -15 7 -15 9 -14 8 -13 8 0 0 -13 8 -12 9 -11 9 -11 9 -12 9 -11 9 -11 9 -10 9 -10 9 -9 9 -10 10 -9 9 -8 10 -8 10 -8 9 -7 10 -6 10 -6 11 -5 11 -6 10 -5 11 -4 11 -4 11 -4 12 -4 12 -3 13 0 0 0 0 0 0 0 0 0 0]"
"1772697613773187,CSI_DATA,STATION,00:00:00:00:00:00,0,0,0,0,0,0,0,0,0,0,0,0,0,0,0,0,0,0,0,0,0,128,[84 -64 4 0 0 0 0 0 0 0 0 0 0 23 -1 23 -1 23 -2 24 -3 23 -4 24 -3 23 -5 24 -5 23 -6 23 -6 23 -7 24 -7 23 -8 23 -9 23 -8 23 -10 22 -10 21 -10 21 -9 21 -9 20 -9 19 -10 18 -9 18 -9 19 -8 18 0 0 -7 17 -7 18 -6 18 -6 17 -5 17 -5 17 -4 17 -4 17 -4 17 -3 17 -2 17 -2 16 -2 16 -1 17 -1 16 0 16 1 16 1 16 2 15 3 15 3 15 4 15 4 15 5 15 6 15 6 16 0 0 0 0 0 0 0 0 0 0]"
"1772697613773187,CSI_DATA,STATION,00:00:00:00:00:00,0,0,0,0,0,0,0,0,0,0,0,0,0,0,0,0,0,0,0,0,0,128,[84 -64 4 0 0 0 0 0 0 0 0 0 -17 7 -18 7 -18 6 -19 7 -18 5 -19 4 -19 4 -19 3 -19 3 -19 2 -20 2 -20 2 -20 2 -20 1 -21 0 -20 0 -20 0 -19 -1 -19 -1 -18 -2 -18 -2 -17 -1 -17 -1 -17 -2 -16 -1 -16 -1 0 0 -16 -1 -15 0 -16 0 -14 0 -16 0 -14 1 -14 1 -14 1 -15 2 -13 3 -14 2 -13 2 -13 2 -13 3 -12 3 -12 4 -12 4 -12 5 -12 5 -11 6 -11 7 -11 7 -10 7 -10 7 -10 8 -11 8 0 0 0 0 0 0 0 0 0 0]"
"1772697613788805,CSI_DATA,STATION,00:00:00:00:00:00,0,0,0,0,0,0,0,0,0,0,0,0,0,0,0,0,0,0,0,0,0,128,[84 -64 4 0 0 0 0 0 0 0 0 0 -13 7 -14 7 -14 7 -15 7 -14 5 -16 5 -14 4 -15 4 -15 3 -15 3 -16 4 -16 3 -16 4 -16 3 -16 2 -17 2 -16 1 -15 1 -16 1 -15 0 -15 0 -15 0 -14 -1 -14 0 -14 0 -14 1 0 0 -13 0 -13 1 -13 1 -12 1 -13 1 -12 1 -13 2 -12 2 -12 2 -11 3 -11 4 -11 3 -11 3 -11 4 -10 3 -11 4 -10 4 -10 5 -9 5 -9 5 -10 5 -9 6 -9 6 -9 7 -9 7 -8 8 0 0 0 0 0 0 0 0 0 0]"
"1772697613788805,CSI_DATA,STATION,00:00:00:00:00:00,0,0,0,0,0,0,0,0,0,0,0,0,0,0,0,0,0,0,0,0,0,128,[84 -64 4 0 0 0 0 0 0 0 0 0 13 -16 14 -16 14 -15 16 -16 16 -14 17 -14 17 -13 18 -13 17 -12 17 -13 18 -13 18 -13 18 -13 18 -12 19 -11 19 -11 20 -10 19 -9 20 -9 19 -9 19 -9 18 -8 17 -7 17 -8 16 -9 16 -9 0 0 15 -9 14 -9 14 -9 13 -9 14 -9 13 -10 13 -10 13 -10 12 -10 11 -11 11 -12 10 -11 10 -11 10 -12 10 -11 10 -12 9 -12 8 -13 8 -13 7 -13 7 -14 6 -13 5 -14 4 -15 4 -15 4 -15 0 0 0 0 0 0 0 0 0 0]"
"1772697613788805,CSI_DATA,STATION,00:00:00:00:00:00,0,0,0,0,0,0,0,0,0,0,0,0,0,0,0,0,0,0,0,0,0,128,[84 -64 4 0 0 0 0 0 0 0 0 0 -14 5 -15 5 -14 5 -16 4 -16 3 -16 2 -16 2 -16 1 -16 1 -16 1 -16 1 -17 1 -17 0 -16 0 -16 -1 -17 -1 -16 -1 -16 -1 -16 -1 -15 -2 -15 -2 -15 -2 -14 -2 -14 -1 -14 -1 -14 0 0 0 -14 0 -13 -1 -13 1 -12 1 -13 1 -12 1 -13 1 -12 1 -12 2 -11 2 -11 3 -11 3 -11 3 -10 4 -10 3 -11 4 -10 4 -9 5 -10 6 -9 5 -9 5 -9 6 -8 7 -8 8 -8 7 -8 8 0 0 0 0 0 0 0 0 0 0]"
"1772697613804746,CSI_DATA,STATION,00:00:00:00:00:00,0,0,0,0,0,0,0,0,0,0,0,0,0,0,0,0,0,0,0,0,0,128,[84 -64 4 0 0 0 0 0 0 0 0 0 -3 -16 -3 -17 -3 -17 -2 -17 -1 -17 -1 -17 0 -17 1 -17 1 -18 2 -17 1 -17 2 -17 3 -18 2 -17 4 -17 3 -17 4 -16 4 -16 4 -16 5 -15 5 -15 4 -16 4 -14 4 -14 4 -14 3 -14 0 0 3 -13 2 -13 3 -14 2 -12 1 -13 1 -13 1 -13 1 -13 0 -13 -1 -12 -1 -12 -1 -12 -1 -12 -1 -12 -2 -11 -3 -11 -3 -11 -4 -11 -3 -11 -4 -11 -4 -11 -5 -11 -5 -11 -7 -11 -6 -10 -7 -10 0 0 0 0 0 0 0 0 0 0]"
"1772697613804746,CSI_DATA,STATION,00:00:00:00:00:00,0,0,0,0,0,0,0,0,0,0,0,0,0,0,0,0,0,0,0,0,0,128,[84 -64 4 0 0 0 0 0 0 0 0 0 -4 15 -4 15 -5 16 -6 16 -6 15 -6 15 -7 15 -8 15 -8 15 -8 15 -9 15 -9 15 -9 15 -9 14 -11 14 -9 14 -10 13 -10 12 -10 14 -10 13 -11 12 -10 12 -10 11 -10 11 -9 11 -9 11 0 0 -8 11 -8 11 -7 11 -6 11 -6 11 -7 11 -6 11 -6 11 -5 11 -4 11 -4 11 -4 11 -4 11 -4 11 -4 10 -3 10 -2 10 -2 11 -1 10 -1 10 0 11 0 10 1 11 2 11 1 11 2 11 0 0 0 0 0 0 0 0 0 0]"
"1772697613804746,CSI_DATA,STATION,00:00:00:00:00:00,0,0,0,0,0,0,0,0,0,0,0,0,0,0,0,0,0,0,0,0,0,128,[84 -64 4 0 0 0 0 0 0 0 0 0 12 12 12 12 13 13 12 14 11 15 11 14 11 15 11 15 10 16 9 16 10 16 10 17 8 17 9 17 8 17 8 17 7 16 7 16 6 16 6 17 6 16 6 16 5 15 5 15 5 15 6 13 0 0 6 13 7 13 7 12 7 12 7 12 7 12 8 11 7 10 8 10 8 10 9 9 9 10 9 9 8 9 9 8 10 7 10 7 11 6 10 6 10 5 11 5 10 5 11 4 12 4 12 3 12 3 0 0 0 0 0 0 0 0 0 0]"
"1772697613820658,CSI_DATA,STATION,00:00:00:00:00:00,0,0,0,0,0,0,0,0,0,0,0,0,0,0,0,0,0,0,0,0,0,128,[84 -64 4 0 0 0 0 0 0 0 0 0 -7 -13 -7 -14 -7 -14 -7 -16 -6 -15 -5 -15 -5 -15 -4 -15 -4 -15 -3 -16 -4 -16 -3 -17 -3 -17 -3 -16 -2 -17 -3 -16 -2 -16 -1 -16 -1 -16 -1 -16 0 -16 0 -15 0 -14 -1 -15 -1 -15 -1 -14 0 0 -2 -13 -2 -13 -2 -14 -2 -12 -2 -13 -3 -13 -2 -13 -3 -12 -3 -12 -4 -11 -5 -12 -4 -11 -5 -11 -5 -11 -5 -10 -6 -10 -6 -10 -7 -9 -7 -9 -7 -8 -8 -9 -8 -8 -8 -8 -9 -8 -9 -8 -9 -7 0 0 0 0 0 0 0 0 0 0]"
"1772697613820658,CSI_DATA,STATION,00:00:00:00:00:00,0,0,0,0,0,0,0,0,0,0,0,0,0,0,0,0,0,0,0,0,0,128,[84 -64 4 0 0 0 0 0 0 0 0 0 3 -16 3 -17 4 -17 4 -17 5 -16 5 -17 6 -16 6 -16 6 -16 6 -16 7 -16 7 -16 8 -16 8 -15 9 -16 8 -15 9 -15 9 -13 9 -15 9 -14 9 -13 9 -13 8 -13 8 -13 8 -13 7 -12 0 0 6 -12 6 -13 6 -12 6 -12 5 -13 5 -12 5 -13 4 -12 4 -12 3 -11 2 -13 3 -12 2 -12 1 -12 2 -12 0 -12 0 -11 -1 -11 0 -11 -1 -11 -2 -11 -3 -11 -3 -12 -4 -11 -3 -11 -4 -11 0 0 0 0 0 0 0 0 0 0]"
"1772697613820658,CSI_DATA,STATION,00:00:00:00:00:00,0,0,0,0,0,0,0,0,0,0,0,0,0,0,0,0,0,0,0,0,0,128,[84 -64 4 0 0 0 0 0 0 0 0 0 -6 -17 -5 -18 -6 -19 -4 -19 -4 -19 -4 -19 -4 -19 -3 -19 -2 -19 -2 -20 -2 -20 -2 -19 -1 -20 0 -20 1 -20 0 -20 1 -19 1 -19 2 -19 2 -19 2 -18 2 -18 2 -17 2 -18 2 -17 2 -16 0 0 1 -16 0 -16 0 -16 0 -15 -1 -15 -1 -15 -1 -15 -1 -14 -2 -15 -2 -14 -4 -14 -3 -13 -3 -13 -4 -13 -4 -12 -4 -12 -5 -13 -6 -11 -6 -12 -6 -10 -7 -11 -7 -11 -8 -11 -9 -10 -9 -10 -9 -10 0 0 0 0 0 0 0 0 0 0]"
"1772697613836615,CSI_DATA,STATION,00:00:00:00:00:00,0,0,0,0,0,0,0,0,0,0,0,0,0,0,0,0,0,0,0,0,0,128,[84 -64 4 0 0 0 0 0 0 0 0 0 -17 2 -17 2 -16 1 -18 1 -17 0 -18 -1 -17 -1 -17 -2 -17 -2 -17 -3 -18 -3 -18 -3 -17 -3 -18 -4 -18 -5 -17 -4 -17 -5 -16 -4 -16 -6 -16 -5 -15 -5 -15 -5 -15 -5 -15 -5 -14 -5 -14 -4 0 0 -14 -4 -13 -3 -13 -2 -14 -3 -13 -3 -13 -2 -14 -2 -13 -2 -13 -1 -12 0 -13 -1 -12 0 -12 0 -12 1 -11 0 -11 2 -11 1 -11 3 -11 3 -10 3 -11 4 -10 4 -10 4 -10 5 -11 6 -10 6 0 0 0 0 0 0 0 0 0 0]"
"1772697613836615,CSI_DATA,STATION,00:00:00:00:00:00,0,0,0,0,0,0,0,0,0,0,0,0,0,0,0,0,0,0,0,0,0,128,[84 -64 4 0 0 0 0 0 0 0 0 0 -8 16 -9 16 -10 17 -9 16 -10 15 -11 15 -12 15 -12 14 -12 15 -12 14 -13 15 -13 14 -13 14 -14 14 -15 13 -15 13 -14 12 -15 11 -15 12 -15 11 -15 11 -15 10 -14 10 -14 10 -14 10 -12 10 0 0 -12 9 -11 10 -11 10 -10 11 -11 10 -10 11 -10 11 -9 10 -10 10 -8 10 -8 10 -8 10 -7 11 -7 11 -7 10 -5 10 -5 11 -5 11 -4 10 -4 11 -4 11 -3 12 -3 12 -1 12 -2 13 -1 12 0 0 0 0 0 0 0 0 0 0]"
"1772697613836615,CSI_DATA,STATION,00:00:00:00:00:00,0,0,0,0,0,0,0,0,0,0,0,0,0,0,0,0,0,0,0,0,0,128,[84 -64 4 0 0 0 0 0 0 0 0 0 -11 14 -11 14 -12 15 -13 15 -12 13 -13 14 -14 13 -14 13 -15 12 -14 12 -15 12 -16 12 -15 12 -15 12 -17 11 -16 10 -16 10 -17 9 -17 9 -16 9 -16 8 -16 7 -15 7 -14 8 -15 8 -14 8 0 0 -13 8 -13 8 -12 9 -11 9 -12 9 -12 9 -12 9 -11 9 -11 9 -10 9 -9 10 -9 10 -9 10 -9 10 -8 9 -7 10 -6 10 -6 11 -6 10 -5 11 -5 11 -4 11 -4 12 -3 11 -4 12 -3 12 0 0 0 0 0 0 0 0 0 0]"
"1772697613852415,CSI_DATA,STATION,00:00:00:00:00:00,0,0,0,0,0,0,0,0,0,0,0,0,0,0,0,0,0,0,0,0,0,128,[84 -64 4 0 0 0 0 0 0 0 0 0 2 18 1 18 0 19 0 19 -1 18 -2 19 -2 18 -3 18 -3 18 -4 19 -3 18 -3 19 -4 19 -5 19 -6 19 -5 18 -6 17 -6 17 -6 17 -7 17 -7 16 -7 16 -6 15 -6 16 -6 15 -4 15 0 0 -5 14 -4 14 -4 14 -3 13 -3 14 -2 14 -3 14 -2 13 -2 14 -1 13 0 13 -1 13 0 13 0 13 0 11 2 12 2 12 3 11 3 11 3 11 4 11 4 11 5 11 5 11 6 11 7 11 0 0 0 0 0 0 0 0 0 0]"
"1772697613852415,CSI_DATA,STATION,00:00:00:00:00:00,0,0,0,0,0,0,0,0,0,0,0,0,0,0,0,0,0,0,0,0,0,128,[84 -64 4 0 0 0 0 0 0 0 0 0 -16 -5 -16 -6 -16 -6 -16 -6 -16 -8 -16 -8 -15 -8 -15 -9 -15 -9 -15 -10 -15 -9 -14 -10 -15 -11 -15 -10 -14 -11 -14 -11 -13 -11 -13 -11 -12 -12 -12 -11 -12 -12 -12 -11 -11 -11 -11 -11 -11 -11 -11 -9 0 0 -11 -8 -11 -8 -11 -8 -11 -7 -11 -8 -11 -7 -11 -7 -11 -7 -11 -6 -12 -6 -12 -5 -11 -5 -11 -5 -11 -4 -11 -4 -11 -3 -12 -3 -11 -3 -11 -1 -11 -1 -12 -1 -12 0 -12 0 -12 1 -12 0 -12 1 0 0 0 0 0 0 0 0 0 0]"
"1772697613852415,CSI_DATA,STATION,00:00:00:00:00:00,0,0,0,0,0,0,0,0,0,0,0,0,0,0,0,0,0,0,0,0,0,128,[84 -64 4 0 0 0 0 0 0 0 0 0 -16 3 -17 2 -17 2 -17 1 -17 0 -17 0 -17 -1 -17 -1 -18 -1 -17 -2 -17 -2 -18 -3 -17 -3 -17 -3 -18 -5 -18 -4 -17 -4 -16 -5 -16 -4 -16 -6 -15 -6 -16 -5 -14 -5 -15 -5 -14 -5 -14 -4 0 0 -14 -3 -13 -4 -13 -3 -14 -2 -13 -3 -13 -3 -13 -2 -13 -2 -13 -1 -13 -1 -13 0 -12 -1 -12 0 -12 0 -12 1 -11 1 -11 2 -11 2 -11 3 -12 3 -11 4 -11 4 -11 4 -10 5 -11 6 -11 6 0 0 0 0 0 0 0 0 0 0]"
"1772697613868223,CSI_DATA,STATION,00:00:00:00:00:00,0,0,0,0,0,0,0,0,0,0,0,0,0,0,0,0,0,0,0,0,0,128,[84 -64 4 0 0 0 0 0 0 0 0 0 -16 2 -17 1 -17 1 -17 0 -17 -2 -17 -1 -17 -2 -17 -3 -17 -3 -17 -3 -17 -4 -18 -4 -18 -4 -17 -5 -17 -6 -17 -4 -16 -5 -16 -6 -16 -6 -16 -7 -15 -6 -15 -7 -14 -6 -14 -5 -14 -5 -14 -5 0 0 -13 -5 -13 -4 -13 -4 -13 -4 -13 -3 -13 -3 -13 -3 -13 -3 -13 -2 -13 -1 -13 -1 -12 -1 -12 -1 -11 0 -12 0 -12 1 -12 1 -11 2 -11 2 -11 3 -11 3 -10 3 -11 4 -11 5 -11 5 -11 5 0 0 0 0 0 0 0 0 0 0]"
"1772697613868223,CSI_DATA,STATION,00:00:00:00:00:00,0,0,0,0,0,0,0,0,0,0,0,0,0,0,0,0,0,0,0,0,0,128,[84 -64 4 0 0 0 0 0 0 0 0 0 19 0 19 0 19 1 20 1 19 2 19 3 19 4 19 4 19 5 18 6 19 6 19 6 18 6 18 6 18 8 18 7 18 8 16 7 17 8 16 9 16 8 16 9 13 8 15 8 15 8 15 7 0 0 14 7 14 5 14 5 13 4 14 5 14 4 14 5 13 3 14 3 13 1 14 1 13 1 13 1 13 1 12 1 13 -1 13 -1 12 -3 12 -2 12 -3 12 -2 12 -3 12 -4 12 -5 12 -6 12 -6 0 0 0 0 0 0 0 0 0 0]"
"1772697613868223,CSI_DATA,STATION,00:00:00:00:00:00,0,0,0,0,0,0,0,0,0,0,0,0,0,0,0,0,0,0,0,0,0,128,[84 -64 4 0 0 0 0 0 0 0 0 0 2 15 1 15 0 16 0 17 -1 17 -1 16 -2 16 -2 16 -4 16 -3 17 -2 17 -3 16 -4 17 -4 16 -5 17 -6 16 -6 15 -6 15 -6 15 -7 15 -7 15 -7 14 -6 13 -5 13 -5 14 -5 13 0 0 -5 12 -5 12 -4 12 -4 12 -4 12 -4 12 -3 12 -3 12 -3 11 -1 12 -1 11 -1 12 -1 11 0 11 -1 11 0 11 1 11 1 10 1 11 2 10 3 10 2 10 4 10 4 10 4 10 5 10 0 0 0 0 0 0 0 0 0 0]"
"1772697613884286,CSI_DATA,STATION,00:00:00:00:00:00,0,0,0,0,0,0,0,0,0,0,0,0,0,0,0,0,0,0,0,0,0,128,[84 -64 4 0 0 0 0 0 0 0 0 0 -3 -23 -2 -23 -2 -24 -1 -24 0 -24 1 -24 1 -24 2 -24 2 -24 3 -24 4 -25 4 -25 4 -25 5 -24 5 -24 5 -25 7 -23 7 -23 7 -23 6 -22 6 -22 7 -21 7 -20 6 -20 6 -20 5 -20 0 0 4 -19 4 -19 3 -19 3 -19 2 -18 1 -19 1 -18 1 -18 0 -18 0 -18 -1 -18 -1 -17 -1 -17 -2 -17 -2 -17 -3 -17 -3 -17 -4 -17 -5 -16 -6 -15 -6 -16 -7 -15 -8 -16 -8 -16 -9 -15 -9 -15 0 0 0 0 0 0 0 0 0 0]"
"1772697613884286,CSI_DATA,STATION,00:00:00:00:00:00,0,0,0,0,0,0,0,0,0,0,0,0,0,0,0,0,0,0,0,0,0,128,[84 -64 4 0 0 0 0 0 0 0 0 0 14 -6 13 -5 14 -6 15 -5 15 -5 15 -3 15 -3 15 -3 16 -2 15 -2 16 -2 16 -1 16 -2 16 -1 15 0 16 0 15 0 15 0 15 0 15 1 14 1 14 1 13 2 14 1 13 1 13 0 0 0 12 0 12 -1 12 -1 12 -1 12 -1 12 -1 11 -1 11 -2 11 -2 11 -3 11 -3 10 -3 10 -3 10 -4 10 -4 9 -5 10 -5 9 -5 9 -5 8 -6 9 -6 8 -6 8 -7 8 -8 8 -7 8 -9 0 0 0 0 0 0 0 0 0 0]"
"1772697613884286,CSI_DATA,STATION,00:00:00:00:00:00,0,0,0,0,0,0,0,0,0,0,0,0,0,0,0,0,0,0,0,0,0,128,[84 -64 4 0 0 0 0 0 0 0 0 0 -10 -16 -9 -16 -9 -18 -9 -18 -8 -18 -7 -18 -7 -18 -6 -18 -5 -18 -5 -19 -5 -19 -5 -19 -4 -20 -3 -20 -3 -20 -4 -19 -2 -19 -2 -19 -2 -18 -1 -18 -1 -18 -1 -18 -1 -18 0 -17 -1 -17 -2 -16 0 0 -2 -16 -2 -15 -2 -15 -3 -15 -3 -15 -3 -15 -3 -15 -4 -14 -4 -14 -5 -13 -5 -13 -5 -13 -5 -13 -5 -12 -6 -12 -6 -11 -6 -12 -7 -11 -7 -10 -8 -10 -8 -11 -9 -10 -9 -10 -10 -10 -10 -9 -10 -9 0 0 0 0 0 0 0 0 0 0]"
"1772697613900205,CSI_DATA,STATION,00:00:00:00:00:00,0,0,0,0,0,0,0,0,0,0,0,0,0,0,0,0,0,0,0,0,0,128,[84 -64 4 0 0 0 0 0 0 0 0 0 7 12 7 12 7 13 7 14 6 14 5 14 5 14 5 14 3 15 3 14 4 15 4 15 3 16 3 16 2 16 2 16 2 15 1 14 1 15 0 15 0 14 0 14 0 13 1 14 0 14 1 13 0 0 1 13 1 12 2 12 2 11 2 12 2 12 2 12 2 11 3 11 3 10 4 10 4 10 4 10 4 10 4 9 5 9 6 9 6 8 6 8 6 7 6 8 7 8 7 7 8 7 8 7 9 6 0 0 0 0 0 0 0 0 0 0]"
"1772697613900205,CSI_DATA,STATION,00:00:00:00:00:00,0,0,0,0,0,0,0,0,0,0,0,0,0,0,0,0,0,0,0,0,0,128,[84 -64 4 0 0 0 0 0 0 0 0 0 14 -1 15 0 14 0 16 2 14 2 15 2 14 3 15 3 14 4 14 3 15 4 15 4 15 4 15 5 15 6 15 6 14 6 12 6 14 6 13 6 12 6 12 7 12 6 12 6 12 6 12 5 0 0 12 5 11 4 12 4 11 4 12 4 11 4 12 4 11 2 11 2 10 1 11 1 10 1 11 1 11 1 10 0 11 -1 10 -1 10 -2 10 -1 10 -2 10 -3 10 -3 10 -3 10 -5 10 -5 10 -5 0 0 0 0 0 0 0 0 0 0]"
"1772697613900205,CSI_DATA,STATION,00:00:00:00:00:00,0,0,0,0,0,0,0,0,0,0,0,0,0,0,0,0,0,0,0,0,0,128,[84 -64 4 0 0 0 0 0 0 0 0 0 7 16 6 18 6 18 5 20 4 19 4 18 3 18 2 18 2 19 2 19 2 20 2 19 1 20 1 20 -1 21 0 20 -1 19 -1 18 -2 19 -2 18 -3 18 -3 18 -2 16 -2 17 -2 17 -1 16 0 0 -1 16 -1 15 0 16 0 14 0 15 1 15 0 15 1 14 1 14 2 13 3 13 3 13 3 13 4 13 3 12 5 12 5 12 6 10 5 10 6 10 7 11 7 11 7 10 9 9 9 10 9 9 0 0 0 0 0 0 0 0 0 0]"
"1772697613915893,CSI_DATA,STATION,00:00:00:00:00:00,0,0,0,0,0,0,0,0,0,0,0,0,0,0,0,0,0,0,0,0,0,128,[84 -64 4 0 0 0 0 0 0 0 0 0 14 -8 14 -8 14 -8 15 -7 15 -6 16 -6 16 -5 16 -4 17 -4 16 -5 17 -4 17 -4 16 -4 17 -3 17 -3 16 -2 17 -2 16 -2 16 -2 16 0 15 0 15 -1 15 0 14 -2 14 -1 14 -2 0 0 13 -1 13 -2 12 -2 12 -2 12 -2 12 -3 12 -2 12 -3 12 -3 11 -4 11 -4 10 -5 11 -4 10 -5 9 -5 11 -6 9 -6 9 -7 9 -7 8 -7 9 -7 8 -7 7 -8 7 -9 7 -9 7 -10 0 0 0 0 0 0 0 0 0 0]"
"1772697613915893,CSI_DATA,STATION,00:00:00:00:00:00,0,0,0,0,0,0,0,0,0,0,0,0,0,0,0,0,0,0,0,0,0,128,[84 -64 4 0 0 0 0 0 0 0 0 0 -15 -4 -15 -5 -15 -5 -15 -5 -15 -7 -14 -7 -15 -7 -14 -7 -14 -8 -14 -9 -14 -9 -15 -8 -14 -9 -14 -9 -14 -10 -15 -10 -13 -10 -12 -10 -12 -10 -12 -11 -11 -10 -11 -10 -11 -10 -11 -9 -12 -10 -12 -8 0 0 -11 -8 -11 -8 -11 -7 -12 -7 -11 -7 -11 -7 -11 -7 -11 -6 -11 -6 -11 -5 -12 -4 -11 -5 -11 -4 -11 -4 -11 -4 -11 -2 -11 -2 -11 -1 -11 -1 -11 0 -11 0 -11 1 -12 0 -11 2 -12 2 -12 2 0 0 0 0 0 0 0 0 0 0]"
"1772697613915893,CSI_DATA,STATION,00:00:00:00:00:00,0,0,0,0,0,0,0,0,0,0,0,0,0,0,0,0,0,0,0,0,0,128,[84 -64 4 0 0 0 0 0 0 0 0 0 -12 -12 -12 -12 -12 -13 -11 -13 -10 -14 -10 -15 -10 -14 -11 -15 -9 -15 -9 -15 -9 -15 -10 -15 -9 -16 -8 -16 -7 -16 -7 -16 -7 -16 -6 -16 -6 -17 -5 -16 -5 -16 -4 -16 -5 -14 -5 -14 -5 -14 -6 -13 0 0 -5 -14 -6 -13 -6 -12 -6 -11 -6 -13 -6 -12 -7 -13 -7 -11 -7 -11 -7 -11 -8 -10 -7 -10 -7 -10 -8 -10 -7 -9 -8 -8 -8 -8 -9 -8 -9 -7 -9 -7 -10 -7 -10 -7 -10 -7 -11 -6 -11 -5 -12 -5 0 0 0 0 0 0 0 0 0 0]"
"1772697613931902,CSI_DATA,STATION,00:00:00:00:00:00,0,0,0,0,0,0,0,0,0,0,0,0,0,0,0,0,0,0,0,0,0,128,[84 -64 4 0 0 0 0 0 0 0 0 0 -19 -14 -19 -15 -19 -15 -18 -17 -17 -17 -17 -18 -17 -18 -16 -19 -16 -19 -15 -19 -16 -20 -15 -21 -15 -21 -15 -21 -14 -21 -14 -22 -13 -22 -12 -21 -12 -22 -11 -21 -10 -21 -10 -20 -9 -20 -10 -19 -10 -19 -10 -18 0 0 -10 -17 -11 -16 -11 -16 -11 -15 -11 -15 -12 -15 -12 -14 -12 -15 -12 -13 -12 -13 -13 -13 -12 -12 -13 -12 -13 -11 -14 -11 -14 -10 -14 -10 -14 -9 -15 -9 -15 -8 -15 -7 -16 -7 -16 -6 -17 -6 -17 -5 -17 -5 0 0 0 0 0 0 0 0 0 0]"
"1772697613931902,CSI_DATA,STATION,00:00:00:00:00:00,0,0,0,0,0,0,0,0,0,0,0,0,0,0,0,0,0,0,0,0,0,128,[84 -64 4 0 0 0 0 0 0 0 0 0 -18 14 -20 13 -20 13 -21 13 -21 12 -22 11 -21 11 -23 10 -22 9 -23 9 -24 9 -24 9 -24 8 -24 8 -24 6 -24 7 -24 6 -24 5 -24 4 -23 5 -23 4 -22 4 -21 3 -21 4 -21 4 -20 5 0 0 -19 5 -19 5 -18 6 -18 6 -18 6 -17 7 -17 7 -17 7 -16 7 -16 8 -16 9 -15 8 -15 8 -15 9 -14 9 -14 10 -13 10 -12 10 -12 10 -11 11 -11 12 -11 12 -10 13 -10 14 -9 14 -9 15 0 0 0 0 0 0 0 0 0 0]"
"1772697613931902,CSI_DATA,STATION,00:00:00:00:00:00,0,0,0,0,0,0,0,0,0,0,0,0,0,0,0,0,0,0,0,0,0,128,[84 -64 4 0 0 0 0 0 0 0 0 0 -4 -21 -3 -21 -3 -22 -3 -23 -1 -22 0 -23 1 -22 1 -22 2 -22 1 -22 1 -23 1 -23 2 -23 3 -23 4 -22 4 -23 5 -22 5 -21 6 -22 6 -21 6 -20 6 -19 6 -18 5 -19 5 -19 4 -18 0 0 3 -18 3 -17 3 -18 2 -17 2 -16 2 -17 1 -17 1 -16 0 -16 -1 -16 -1 -16 -1 -16 -1 -16 -2 -16 -2 -15 -2 -16 -3 -15 -4 -15 -4 -15 -5 -14 -6 -15 -6 -15 -7 -14 -8 -14 -8 -14 -9 -14 0 0 0 0 0 0 0 0 0 0]"
"1772697613947581,CSI_DATA,STATION,00:00:00:00:00:00,0,0,0,0,0,0,0,0,0,0,0,0,0,0,0,0,0,0,0,0,0,128,[84 -64 4 0 0 0 0 0 0 0 0 0 -18 -3 -18 -4 -19 -5 -19 -5 -19 -6 -19 -6 -18 -7 -18 -9 -18 -8 -18 -8 -18 -8 -18 -9 -18 -9 -17 -10 -18 -10 -18 -10 -17 -11 -15 -10 -17 -11 -15 -11 -15 -10 -14 -10 -14 -10 -14 -10 -14 -10 -14 -9 0 0 -14 -8 -13 -7 -14 -7 -14 -7 -14 -7 -14 -6 -14 -6 -14 -6 -14 -5 -13 -4 -14 -4 -13 -4 -13 -4 -13 -3 -13 -3 -13 -1 -13 -1 -13 0 -14 0 -13 0 -14 1 -13 1 -12 2 -13 3 -13 3 -13 3 0 0 0 0 0 0 0 0 0 0]"
"1772697613947581,CSI_DATA,STATION,00:00:00:00:00:00,0,0,0,0,0,0,0,0,0,0,0,0,0,0,0,0,0,0,0,0,0,128,[84 -64 4 0 0 0 0 0 0 0 0 0 16 -17 17 -17 17 -17 19 -16 18 -14 19 -15 20 -14 20 -13 21 -13 21 -12 21 -13 21 -12 22 -12 22 -11 22 -10 22 -10 23 -9 21 -8 22 -8 22 -8 21 -8 21 -7 19 -6 20 -7 19 -8 18 -8 0 0 17 -8 17 -8 17 -8 16 -8 16 -9 16 -9 15 -9 14 -10 15 -10 13 -10 14 -11 13 -10 13 -11 13 -12 12 -11 12 -12 10 -12 11 -13 10 -13 9 -14 9 -14 8 -14 7 -15 7 -16 7 -16 6 -16 0 0 0 0 0 0 0 0 0 0]"
"1772697613947581,CSI_DATA,STATION,00:00:00:00:00:00,0,0,0,0,0,0,0,0,0,0,0,0,0,0,0,0,0,0,0,0,0,128,[84 -64 4 0 0 0 0 0 0 0 0 0 -13 -8 -13 -9 -13 -9 -14 -10 -13 -11 -13 -10 -12 -11 -11 -11 -11 -12 -11 -12 -12 -13 -11 -13 -11 -13 -10 -14 -10 -14 -10 -13 -9 -13 -8 -13 -9 -14 -8 -14 -8 -13 -8 -14 -7 -12 -8 -12 -7 -13 -8 -11 0 0 -8 -11 -8 -10 -8 -10 -9 -9 -8 -10 -9 -10 -9 -10 -8 -9 -9 -8 -9 -8 -10 -8 -9 -8 -9 -7 -10 -7 -9 -7 -10 -6 -10 -6 -10 -5 -10 -4 -10 -4 -10 -4 -10 -4 -11 -4 -11 -2 -12 -3 -12 -2 0 0 0 0 0 0 0 0 0 0]"
"1772697613963262,CSI_DATA,STATION,00:00:00:00:00:00,0,0,0,0,0,0,0,0,0,0,0,0,0,0,0,0,0,0,0,0,0,128,[84 -64 4 0 0 0 0 0 0 0 0 0 -11 -15 -11 -16 -11 -16 -10 -17 -9 -17 -9 -18 -8 -18 -8 -18 -7 -19 -6 -19 -7 -19 -7 -19 -6 -19 -5 -19 -4 -20 -5 -19 -5 -18 -4 -19 -4 -19 -3 -19 -2 -18 -3 -18 -2 -17 -3 -17 -3 -17 -3 -16 0 0 -3 -15 -3 -14 -4 -15 -4 -13 -5 -14 -5 -14 -5 -15 -5 -14 -6 -14 -6 -13 -7 -13 -6 -12 -6 -12 -7 -12 -7 -11 -8 -10 -8 -10 -9 -10 -9 -9 -9 -9 -9 -8 -10 -9 -11 -9 -12 -8 -12 -8 -12 -7 0 0 0 0 0 0 0 0 0 0]"
"1772697613963262,CSI_DATA,STATION,00:00:00:00:00:00,0,0,0,0,0,0,0,0,0,0,0,0,0,0,0,0,0,0,0,0,0,128,[84 -64 4 0 0 0 0 0 0 0 0 0 15 2 16 2 15 3 16 4 15 5 16 5 16 5 16 6 15 6 15 6 16 7 15 7 15 7 14 8 14 9 14 8 14 9 13 8 14 9 13 9 12 9 12 9 12 8 12 8 11 8 12 7 0 0 12 6 10 6 11 6 11 5 12 5 11 4 12 5 11 3 11 3 11 2 12 2 11 3 11 2 11 2 10 1 11 1 10 0 11 -1 10 -1 11 -2 10 -3 10 -3 11 -3 10 -4 11 -4 11 -5 0 0 0 0 0 0 0 0 0 0]"
"1772697613963262,CSI_DATA,STATION,00:00:00:00:00:00,0,0,0,0,0,0,0,0,0,0,0,0,0,0,0,0,0,0,0,0,0,128,[84 -64 4 0 0 0 0 0 0 0 0 0 -6 -18 -5 -18 -5 -19 -4 -20 -3 -19 -3 -20 -2 -19 -1 -19 0 -20 0 -20 -1 -20 -1 -20 0 -20 0 -20 2 -20 1 -20 2 -19 2 -19 2 -19 3 -19 3 -18 3 -18 3 -16 3 -17 3 -17 2 -16 0 0 1 -16 1 -15 1 -16 0 -15 0 -15 -1 -15 0 -15 -1 -15 -1 -14 -2 -14 -3 -14 -3 -14 -3 -14 -4 -13 -3 -12 -5 -12 -5 -12 -5 -11 -6 -12 -6 -11 -7 -11 -7 -11 -8 -11 -9 -11 -9 -11 -9 -10 0 0 0 0 0 0 0 0 0 0]"
"1772697613979055,CSI_DATA,STATION,00:00:00:00:00:00,0,0,0,0,0,0,0,0,0,0,0,0,0,0,0,0,0,0,0,0,0,128,[84 -64 4 0 0 0 0 0 0 0 0 0 12 -17 12 -17 13 -17 13 -17 14 -16 15 -16 15 -16 16 -15 16 -15 17 -15 18 -14 18 -14 18 -13 19 -13 19 -12 19 -13 18 -11 19 -11 19 -11 18 -11 18 -10 17 -10 17 -8 17 -9 16 -9 15 -9 0 0 14 -9 14 -10 14 -9 14 -10 13 -10 13 -11 12 -10 12 -11 11 -11 11 -11 11 -11 11 -11 11 -11 10 -12 9 -12 9 -12 8 -13 8 -13 7 -13 6 -13 6 -14 5 -14 5 -15 5 -15 4 -15 4 -15 0 0 0 0 0 0 0 0 0 0]"
"1772697613979055,CSI_DATA,STATION,00:00:00:00:00:00,0,0,0,0,0,0,0,0,0,0,0,0,0,0,0,0,0,0,0,0,0,128,[84 -64 4 0 0 0 0 0 0 0 0 0 -15 -11 -15 -12 -15 -13 -15 -13 -14 -14 -14 -14 -13 -14 -14 -14 -13 -16 -13 -16 -12 -17 -12 -16 -11 -16 -11 -17 -11 -17 -11 -17 -10 -17 -9 -17 -9 -18 -9 -17 -7 -16 -8 -17 -8 -15 -8 -15 -8 -15 -8 -14 0 0 -8 -13 -8 -13 -9 -13 -9 -12 -9 -12 -9 -12 -9 -12 -9 -12 -10 -11 -10 -10 -11 -9 -10 -10 -10 -9 -10 -10 -11 -9 -11 -8 -10 -8 -11 -7 -12 -6 -12 -6 -12 -6 -12 -6 -13 -5 -13 -5 -14 -3 -14 -3 0 0 0 0 0 0 0 0 0 0]"
"1772697613994730,CSI_DATA,STATION,00:00:00:00:00:00,0,0,0,0,0,0,0,0,0,0,0,0,0,0,0,0,0,0,0,0,0,128,[84 -64 4 0 0 0 0 0 0 0 0 0 0 -15 0 -16 0 -16 1 -16 2 -16 2 -16 2 -16 3 -15 4 -15 4 -16 4 -16 4 -16 5 -16 5 -16 6 -16 5 -16 6 -15 5 -14 6 -15 7 -15 6 -13 6 -14 6 -12 6 -14 6 -14 5 -12 0 0 5 -13 4 -12 4 -13 4 -12 3 -13 3 -13 3 -12 2 -12 2 -12 1 -12 1 -12 1 -12 1 -12 0 -12 0 -11 -1 -11 -1 -12 -2 -11 -3 -11 -3 -10 -3 -11 -3 -11 -4 -11 -5 -11 -5 -11 -5 -11 0 0 0 0 0 0 0 0 0 0]"
"1772697613994730,CSI_DATA,STATION,00:00:00:00:00:00,0,0,0,0,0,0,0,0,0,0,0,0,0,0,0,0,0,0,0,0,0,128,[84 -64 4 0 0 0 0 0 0 0 0 0 8 -18 9 -19 9 -18 11 -19 11 -19 11 -18 12 -17 12 -18 13 -17 12 -17 14 -17 14 -16 14 -17 14 -16 16 -16 15 -15 16 -14 15 -13 15 -15 15 -13 15 -12 14 -12 14 -11 14 -13 14 -12 13 -12 0 0 11 -12 11 -12 11 -12 10 -12 10 -12 10 -13 11 -13 8 -13 8 -13 8 -12 7 -13 7 -13 6 -13 6 -14 6 -13 5 -13 4 -14 4 -13 3 -14 2 -14 2 -14 1 -14 1 -14 -1 -15 0 -15 -1 -15 0 0 0 0 0 0 0 0 0 0]"
"1772697613994730,CSI_DATA,STATION,00:00:00:00:00:00,0,0,0,0,0,0,0,0,0,0,0,0,0,0,0,0,0,0,0,0,0,128,[84 -64 4 0 0 0 0 0 0 0 0 0 14 -11 15 -11 16 -10 16 -10 16 -9 17 -8 17 -7 17 -7 18 -7 17 -6 18 -7 18 -6 18 -6 18 -5 19 -4 19 -4 18 -3 18 -4 18 -3 18 -3 17 -2 17 -2 16 -1 16 -2 16 -2 15 -2 0 0 15 -3 14 -3 14 -3 13 -4 14 -4 14 -4 13 -4 12 -5 13 -5 12 -5 13 -6 11 -6 11 -6 11 -6 11 -6 10 -7 10 -7 10 -7 9 -8 8 -8 9 -9 8 -9 8 -10 7 -11 8 -11 7 -11 0 0 0 0 0 0 0 0 0 0]"
"1772697614010469,CSI_DATA,STATION,00:00:00:00:00:00,0,0,0,0,0,0,0,0,0,0,0,0,0,0,0,0,0,0,0,0,0,128,[84 -64 4 0 0 0 0 0 0 0 0 0 0 16 0 16 -1 17 -2 17 -3 17 -3 16 -4 16 -4 16 -5 15 -5 17 -5 16 -5 17 -5 16 -6 16 -8 16 -7 16 -7 14 -8 14 -8 14 -8 14 -8 14 -8 13 -8 12 -7 13 -7 13 -6 12 0 0 -7 12 -5 12 -5 12 -5 12 -5 12 -5 12 -5 12 -4 11 -3 11 -2 11 -2 11 -2 12 -2 11 -1 11 -2 11 -1 10 0 10 0 10 1 10 1 10 1 10 1 11 3 10 3 10 3 10 4 10 0 0 0 0 0 0 0 0 0 0]"
"1772697614010469,CSI_DATA,STATION,00:00:00:00:00:00,0,0,0,0,0,0,0,0,0,0,0,0,0,0,0,0,0,0,0,0,0,128,[84 -64 4 0 0 0 0 0 0 0 0 0 13 -12 14 -12 14 -12 15 -12 15 -11 16 -10 16 -9 17 -9 17 -8 17 -9 17 -8 17 -8 18 -8 18 -7 18 -7 18 -6 18 -5 17 -5 18 -5 17 -5 16 -4 17 -5 16 -4 16 -5 16 -4 14 -5 0 0 14 -5 12 -5 13 -6 12 -6 13 -6 12 -6 13 -6 12 -7 12 -7 11 -8 11 -8 10 -7 10 -8 10 -8 10 -8 10 -9 9 -9 8 -10 8 -10 7 -10 7 -10 7 -11 6 -11 6 -12 7 -12 6 -13 0 0 0 0 0 0 0 0 0 0]"
"1772697614010469,CSI_DATA,STATION,00:00:00:00:00:00,0,0,0,0,0,0,0,0,0,0,0,0,0,0,0,0,0,0,0,0,0,128,[84 -64 4 0 0 0 0 0 0 0 0 0 10 -15 11 -15 11 -15 12 -15 12 -15 13 -15 13 -14 14 -13 14 -14 15 -13 14 -13 15 -12 15 -12 15 -12 16 -11 16 -11 15 -10 16 -9 15 -10 16 -9 15 -9 15 -9 14 -8 14 -8 14 -9 13 -8 0 0 12 -8 11 -9 11 -9 10 -9 11 -10 10 -10 10 -9 10 -11 9 -10 9 -10 8 -11 8 -10 8 -11 8 -11 7 -11 7 -11 6 -12 6 -12 4 -11 4 -12 4 -12 4 -13 3 -13 3 -13 3 -14 2 -14 0 0 0 0 0 0 0 0 0 0]"
"1772697614026142,CSI_DATA,STATION,00:00:00:00:00:00,0,0,0,0,0,0,0,0,0,0,0,0,0,0,0,0,0,0,0,0,0,128,[84 -64 4 0 0 0 0 0 0 0 0 0 -5 -18 -3 -18 -3 -19 -2 -19 -1 -20 -1 -19 0 -20 1 -20 1 -20 2 -21 1 -20 1 -19 2 -20 2 -20 3 -20 3 -20 4 -18 4 -18 4 -18 5 -19 5 -18 4 -17 4 -16 4 -17 3 -16 3 -16 0 0 3 -15 2 -16 2 -15 1 -15 0 -14 1 -15 1 -15 0 -14 0 -14 -2 -14 -2 -14 -2 -14 -2 -13 -2 -14 -3 -13 -4 -12 -5 -13 -4 -11 -4 -12 -5 -12 -6 -12 -6 -12 -7 -12 -8 -12 -8 -11 -9 -11 0 0 0 0 0 0 0 0 0 0]"
"1772697614026142,CSI_DATA,STATION,00:00:00:00:00:00,0,0,0,0,0,0,0,0,0,0,0,0,0,0,0,0,0,0,0,0,0,128,[84 -64 4 0 0 0 0 0 0 0 0 0 1 17 0 18 0 19 -1 18 -2 18 -2 18 -3 19 -3 18 -4 18 -4 19 -5 19 -6 18 -5 18 -6 18 -7 19 -7 18 -8 17 -7 15 -8 17 -8 17 -7 15 -7 15 -7 14 -8 15 -7 15 -6 14 0 0 -6 13 -5 14 -4 13 -5 13 -4 14 -4 14 -3 15 -3 13 -3 13 -3 13 -1 13 -2 13 -2 13 0 13 0 12 0 12 1 13 1 12 2 12 2 12 3 11 3 12 4 12 5 12 4 12 5 12 0 0 0 0 0 0 0 0 0 0]"
"1772697614026142,CSI_DATA,STATION,00:00:00:00:00:00,0,0,0,0,0,0,0,0,0,0,0,0,0,0,0,0,0,0,0,0,0,128,[84 -64 4 0 0 0 0 0 0 0 0 0 14 -11 15 -10 15 -10 16 -10 16 -9 17 -8 17 -8 18 -7 18 -6 18 -7 18 -7 19 -6 19 -6 19 -6 18 -4 19 -5 19 -4 18 -4 18 -3 17 -3 16 -2 17 -3 16 -2 17 -2 16 -2 15 -3 0 0 14 -3 14 -4 13 -4 13 -5 13 -4 13 -5 13 -5 13 -5 13 -6 12 -6 12 -7 11 -6 11 -7 11 -7 10 -8 10 -7 10 -9 9 -8 8 -9 8 -9 9 -9 8 -10 8 -11 7 -12 7 -12 7 -12 0 0 0 0 0 0 0 0 0 0]"
"1772697614042140,CSI_DATA,STATION,00:00:00:00:00:00,0,0,0,0,0,0,0,0,0,0,0,0,0,0,0,0,0,0,0,0,0,128,[84 -64 4 0 0 0 0 0 0 0 0 0 2 17 1 18 1 18 0 19 -2 19 -2 19 -2 18 -3 19 -3 18 -4 19 -3 19 -4 18 -4 19 -5 19 -6 19 -5 18 -5 18 -6 17 -6 17 -7 17 -7 16 -6 16 -6 15 -5 16 -6 15 -5 14 0 0 -4 14 -3 14 -4 14 -3 13 -3 14 -3 15 -2 15 -2 13 -1 13 -1 13 0 13 0 13 0 13 1 13 1 11 2 12 3 12 3 11 3 11 4 10 4 11 5 11 5 10 7 10 7 10 7 11 0 0 0 0 0 0 0 0 0 0]"
"1772697614042140,CSI_DATA,STATION,00:00:00:00:00:00,0,0,0,0,0,0,0,0,0,0,0,0,0,0,0,0,0,0,0,0,0,128,[84 -64 4 0 0 0 0 0 0 0 0 0 3 17 2 18 2 19 1 18 0 19 0 18 -1 18 -2 18 -2 18 -3 19 -2 19 -2 18 -2 19 -3 20 -4 19 -4 19 -4 18 -4 17 -5 18 -5 17 -6 17 -6 17 -5 15 -5 16 -5 16 -4 14 0 0 -4 14 -3 15 -2 14 -2 13 -1 14 -2 14 -2 14 -1 14 0 13 1 13 1 13 1 13 2 13 2 13 2 12 3 11 3 13 4 11 4 11 5 10 5 11 6 11 6 11 7 10 7 10 8 10 0 0 0 0 0 0 0 0 0 0]"
"1772697614042140,CSI_DATA,STATION,00:00:00:00:00:00,0,0,0,0,0,0,0,0,0,0,0,0,0,0,0,0,0,0,0,0,0,128,[84 -64 4 0 0 0 0 0 0 0 0 0 -2 15 -3 15 -4 16 -5 17 -6 16 -6 16 -6 15 -6 15 -7 15 -7 16 -7 16 -7 15 -8 15 -8 16 -9 15 -9 15 -9 15 -8 13 -9 14 -10 14 -9 13 -9 13 -8 12 -8 13 -8 13 -7 12 0 0 -7 12 -6 11 -5 12 -5 11 -5 12 -4 12 -5 12 -4 12 -4 11 -3 11 -2 11 -2 11 -2 11 -1 12 -1 11 -1 11 1 11 1 10 1 10 1 10 2 10 3 11 3 10 5 10 4 10 4 10 0 0 0 0 0 0 0 0 0 0]"
"1772697614058137,CSI_DATA,STATION,00:00:00:00:00:00,0,0,0,0,0,0,0,0,0,0,0,0,0,0,0,0,0,0,0,0,0,128,[84 -64 4 0 0 0 0 0 0 0 0 0 15 4 15 5 14 6 15 7 14 6 15 7 15 8 14 8 14 9 13 9 14 9 14 9 13 10 13 10 13 11 13 10 12 11 12 11 12 11 11 11 10 12 10 11 10 10 10 10 10 9 10 9 0 0 10 8 10 8 10 7 10 6 10 7 11 8 10 7 10 6 11 6 10 4 11 4 10 5 11 5 10 4 11 3 11 3 11 2 11 2 11 1 10 1 11 1 10 0 11 -1 11 -1 11 -1 11 -2 0 0 0 0 0 0 0 0 0 0]"
"1772697614058137,CSI_DATA,STATION,00:00:00:00:00:00,0,0,0,0,0,0,0,0,0,0,0,0,0,0,0,0,0,0,0,0,0,128,[84 -64 4 0 0 0 0 0 0 0 0 0 18 8 18 9 18 10 18 11 18 12 17 12 16 13 16 13 16 14 15 14 17 14 16 15 15 15 15 16 13 16 15 17 13 16 12 16 12 15 11 16 10 16 10 15 10 14 11 14 10 14 11 13 0 0 11 12 10 12 11 11 12 11 10 11 11 11 11 11 10 9 11 9 11 9 12 7 11 8 12 8 12 7 13 7 12 6 12 5 12 4 12 4 12 3 13 3 13 3 13 2 13 0 15 1 15 0 0 0 0 0 0 0 0 0 0 0]"
"1772697614058137,CSI_DATA,STATION,00:00:00:00:00:00,0,0,0,0,0,0,0,0,0,0,0,0,0,0,0,0,0,0,0,0,0,128,[84 -64 4 0 0 0 0 0 0 0 0 0 -12 -15 -12 -15 -11 -16 -10 -17 -10 -18 -10 -18 -8 -18 -8 -18 -8 -18 -7 -19 -8 -18 -7 -19 -7 -20 -6 -19 -5 -19 -6 -19 -4 -19 -6 -19 -4 -20 -3 -19 -3 -18 -3 -18 -3 -17 -3 -18 -4 -17 -4 -16 0 0 -3 -16 -4 -15 -5 -15 -5 -14 -5 -15 -5 -15 -5 -14 -6 -14 -6 -13 -7 -12 -8 -13 -7 -12 -7 -12 -7 -12 -7 -11 -8 -10 -8 -11 -9 -10 -9 -9 -9 -9 -10 -9 -10 -9 -11 -9 -12 -8 -12 -8 -13 -7 0 0 0 0 0 0 0 0 0 0]"
"1772697614074165,CSI_DATA,STATION,00:00:00:00:00:00,0,0,0,0,0,0,0,0,0,0,0,0,0,0,0,0,0,0,0,0,0,128,[84 -64 4 0 0 0 0 0 0 0 0 0 3 -16 3 -16 4 -17 4 -17 6 -17 6 -16 7 -16 7 -15 7 -16 8 -17 8 -16 8 -15 9 -16 8 -15 9 -15 9 -15 10 -14 10 -13 10 -14 10 -14 10 -13 10 -12 9 -12 9 -12 8 -12 8 -12 0 0 8 -11 7 -12 6 -12 7 -12 6 -12 6 -12 6 -12 5 -11 5 -11 4 -11 4 -13 4 -12 4 -12 3 -11 3 -11 2 -11 2 -12 1 -12 1 -12 1 -12 0 -12 -1 -12 -1 -13 -2 -12 -2 -12 -2 -12 0 0 0 0 0 0 0 0 0 0]"
"1772697614074165,CSI_DATA,STATION,00:00:00:00:00:00,0,0,0,0,0,0,0,0,0,0,0,0,0,0,0,0,0,0,0,0,0,128,[84 -64 4 0 0 0 0 0 0 0 0 0 16 7 16 7 16 8 16 9 16 10 16 10 16 11 15 12 15 12 14 12 14 13 14 13 14 13 14 13 13 14 13 14 12 14 11 14 11 15 10 15 10 15 10 14 9 13 10 13 9 13 10 12 0 0 10 11 10 11 10 10 11 9 10 11 10 10 10 10 10 9 10 8 10 8 11 8 10 7 10 7 11 7 11 6 11 5 11 5 12 4 12 4 11 3 11 3 12 3 12 2 12 0 13 1 13 0 0 0 0 0 0 0 0 0 0 0]"
"1772697614074165,CSI_DATA,STATION,00:00:00:00:00:00,0,0,0,0,0,0,0,0,0,0,0,0,0,0,0,0,0,0,0,0,0,128,[84 -64 4 0 0 0 0 0 0 0 0 0 -16 8 -17 7 -18 7 -19 6 -19 5 -18 5 -19 5 -19 4 -19 3 -20 3 -20 3 -20 3 -20 3 -20 2 -20 1 -21 1 -19 1 -19 0 -19 0 -19 -1 -18 -1 -18 -1 -18 -1 -17 0 -17 0 -16 0 0 0 -16 0 -15 1 -15 1 -15 2 -15 2 -15 2 -15 3 -14 2 -14 3 -13 4 -14 4 -13 4 -13 4 -12 5 -12 5 -12 6 -12 6 -12 6 -10 7 -10 7 -11 8 -10 8 -9 8 -10 9 -10 9 -9 10 0 0 0 0 0 0 0 0 0 0]"
"1772697614089977,CSI_DATA,STATION,00:00:00:00:00:00,0,0,0,0,0,0,0,0,0,0,0,0,0,0,0,0,0,0,0,0,0,128,[84 -64 4 0 0 0 0 0 0 0 0 0 15 -5 16 -5 15 -5 17 -4 16 -3 16 -3 16 -3 16 -2 17 -1 17 -1 17 -1 17 -1 17 0 17 0 17 1 17 1 17 0 16 1 16 2 16 2 15 2 16 2 14 2 15 1 14 2 14 2 0 0 14 1 12 0 13 0 12 0 12 -1 12 -1 12 -1 12 -1 12 -1 12 -3 11 -2 11 -2 11 -3 11 -4 11 -4 11 -4 10 -5 10 -5 9 -6 9 -6 10 -6 9 -6 8 -7 9 -8 8 -8 8 -9 0 0 0 0 0 0 0 0 0 0]"
"1772697614089977,CSI_DATA,STATION,00:00:00:00:00:00,0,0,0,0,0,0,0,0,0,0,0,0,0,0,0,0,0,0,0,0,0,128,[84 -64 4 0 0 0 0 0 0 0 0 0 11 10 11 11 11 11 11 13 10 13 10 13 10 13 9 13 9 14 8 15 9 14 8 14 8 16 8 15 7 15 7 14 7 15 6 16 6 16 5 15 5 15 5 14 4 13 4 14 4 13 5 12 0 0 5 12 5 12 5 11 6 11 5 11 6 11 6 10 6 10 6 9 6 9 8 8 7 9 7 8 7 8 8 7 8 7 8 7 9 6 9 5 8 5 9 5 9 5 10 5 10 4 10 4 10 3 0 0 0 0 0 0 0 0 0 0]"
"1772697614089977,CSI_DATA,STATION,00:00:00:00:00:00,0,0,0,0,0,0,0,0,0,0,0,0,0,0,0,0,0,0,0,0,0,128,[84 -64 4 0 0 0 0 0 0 0 0 0 14 -7 15 -7 15 -7 16 -6 16 -5 17 -5 16 -4 16 -4 17 -3 16 -3 17 -3 17 -2 17 -2 17 -2 18 -2 18 -1 17 0 17 0 16 0 16 0 15 1 15 0 14 1 14 0 14 1 14 0 0 0 14 0 12 -1 13 -2 12 -2 12 -1 12 -2 12 -2 12 -2 12 -3 11 -3 11 -3 10 -4 11 -4 10 -4 10 -5 10 -5 10 -6 10 -6 9 -6 9 -7 9 -7 8 -8 8 -8 8 -9 8 -9 7 -10 0 0 0 0 0 0 0 0 0 0]"
"1772697614105939,CSI_DATA,STATION,00:00:00:00:00:00,0,0,0,0,0,0,0,0,0,0,0,0,0,0,0,0,0,0,0,0,0,128,[84 -64 4 0 0 0 0 0 0 0 0 0 -17 1 -17 1 -17 0 -17 0 -18 -2 -17 -2 -17 -2 -18 -3 -17 -4 -17 -3 -18 -4 -18 -3 -17 -4 -18 -5 -18 -6 -17 -5 -17 -6 -16 -6 -16 -6 -16 -7 -15 -7 -15 -7 -14 -7 -14 -7 -15 -6 -14 -5 0 0 -14 -5 -13 -4 -13 -5 -13 -4 -13 -4 -13 -4 -14 -4 -13 -3 -13 -3 -13 -2 -13 -1 -12 -1 -13 -2 -12 -1 -12 -1 -13 -1 -12 0 -12 1 -12 1 -12 2 -12 2 -12 2 -11 3 -11 4 -12 4 -12 4 0 0 0 0 0 0 0 0 0 0]"
"1772697614105939,CSI_DATA,STATION,00:00:00:00:00:00,0,0,0,0,0,0,0,0,0,0,0,0,0,0,0,0,0,0,0,0,0,128,[84 -64 4 0 0 0 0 0 0 0 0 0 -3 -16 -2 -17 -2 -17 -2 -18 0 -18 0 -17 0 -17 0 -18 0 -18 2 -18 2 -17 2 -18 3 -18 3 -18 4 -18 4 -17 5 -16 4 -16 5 -17 4 -16 4 -16 5 -16 5 -14 5 -15 5 -15 4 -14 0 0 3 -14 2 -14 3 -14 3 -13 1 -13 1 -14 1 -14 1 -13 0 -13 0 -12 0 -13 0 -13 0 -12 -1 -13 -1 -12 -2 -12 -2 -12 -3 -12 -4 -11 -4 -11 -5 -11 -5 -12 -5 -12 -6 -11 -6 -11 -6 -11 0 0 0 0 0 0 0 0 0 0]"
"1772697614105939,CSI_DATA,STATION,00:00:00:00:00:00,0,0,0,0,0,0,0,0,0,0,0,0,0,0,0,0,0,0,0,0,0,128,[84 -64 4 0 0 0 0 0 0 0 0 0 -16 -2 -17 -3 -17 -3 -17 -5 -16 -5 -16 -6 -17 -5 -17 -6 -16 -7 -16 -7 -17 -8 -16 -7 -16 -8 -15 -9 -16 -10 -16 -9 -15 -10 -14 -9 -15 -10 -14 -10 -13 -10 -13 -10 -13 -9 -13 -9 -12 -9 -13 -8 0 0 -12 -7 -11 -7 -12 -7 -13 -6 -12 -6 -12 -6 -12 -5 -12 -5 -12 -4 -12 -4 -13 -3 -12 -4 -12 -3 -12 -3 -12 -2 -12 -2 -12 -2 -12 -1 -12 0 -12 0 -12 1 -12 1 -12 1 -12 2 -12 2 -12 3 0 0 0 0 0 0 0 0 0 0]"
"1772697614105939,CSI_DATA,STATION,00:00:00:00:00:00,0,0,0,0,0,0,0,0,0,0,0,0,0,0,0,0,0,0,0,0,0,128,[84 -64 4 0 0 0 0 0 0 0 0 0 -1 -16 -1 -17 0 -18 0 -18 1 -18 2 -18 3 -18 3 -17 3 -18 4 -18 3 -17 4 -18 4 -18 5 -17 6 -18 5 -17 5 -16 5 -16 6 -17 6 -16 6 -15 6 -15 5 -14 5 -14 5 -15 5 -14 0 0 4 -13 3 -13 3 -14 3 -13 2 -13 2 -13 2 -13 1 -13 1 -13 0 -12 0 -13 0 -13 0 -12 -1 -12 -1 -11 -2 -12 -2 -12 -3 -12 -3 -11 -3 -11 -4 -11 -5 -11 -6 -11 -7 -11 -6 -11 -7 -11 0 0 0 0 0 0 0 0 0 0]"
"1772697614121919,CSI_DATA,STATION,00:00:00:00:00:00,0,0,0,0,0,0,0,0,0,0,0,0,0,0,0,0,0,0,0,0,0,128,[84 -64 4 0 0 0 0 0 0 0 0 0 -12 -12 -12 -12 -11 -13 -11 -14 -10 -15 -10 -15 -10 -15 -9 -15 -8 -16 -8 -16 -9 -17 -8 -16 -7 -17 -7 -17 -6 -17 -6 -17 -6 -17 -6 -16 -5 -17 -5 -16 -4 -17 -3 -16 -4 -15 -4 -16 -3 -15 -4 -14 0 0 -4 -14 -5 -13 -5 -13 -5 -13 -4 -13 -5 -12 -6 -13 -6 -12 -6 -12 -6 -10 -7 -11 -6 -11 -6 -11 -7 -10 -6 -10 -7 -10 -8 -10 -7 -9 -8 -8 -9 -8 -9 -8 -9 -8 -9 -8 -11 -8 -10 -7 -11 -6 0 0 0 0 0 0 0 0 0 0]"
"1772697614121919,CSI_DATA,STATION,00:00:00:00:00:00,0,0,0,0,0,0,0,0,0,0,0,0,0,0,0,0,0,0,0,0,0,128,[84 -64 4 0 0 0 0 0 0 0 0 0 -3 18 -4 18 -5 18 -5 19 -7 19 -6 18 -8 18 -8 18 -8 18 -9 17 -9 17 -10 17 -9 17 -10 17 -11 17 -11 16 -10 15 -11 15 -11 15 -11 15 -11 14 -11 15 -10 13 -11 13 -10 14 -9 13 0 0 -9 12 -8 13 -7 13 -7 13 -7 13 -7 13 -6 13 -5 12 -5 12 -4 12 -4 13 -5 12 -4 13 -3 13 -3 12 -2 13 -1 13 -1 12 0 12 0 12 1 12 1 12 2 12 2 13 2 12 3 13 0 0 0 0 0 0 0 0 0 0]"
"1772697614121919,CSI_DATA,STATION,00:00:00:00:00:00,0,0,0,0,0,0,0,0,0,0,0,0,0,0,0,0,0,0,0,0,0,128,[84 -64 4 0 0 0 0 0 0 0 0 0 7 -17 7 -17 8 -18 10 -18 10 -17 10 -17 11 -17 11 -16 11 -16 12 -16 12 -16 13 -16 13 -15 13 -15 13 -15 13 -14 14 -13 13 -13 14 -14 14 -12 14 -12 13 -11 13 -11 13 -12 13 -11 12 -11 0 0 11 -10 11 -11 10 -11 10 -12 10 -11 9 -11 9 -12 8 -12 8 -11 7 -12 7 -12 7 -11 6 -13 6 -12 6 -12 5 -11 5 -12 4 -13 3 -12 2 -13 3 -13 2 -13 2 -13 0 -13 1 -13 0 -14 0 0 0 0 0 0 0 0 0 0]"
"1772697614137642,CSI_DATA,STATION,00:00:00:00:00:00,0,0,0,0,0,0,0,0,0,0,0,0,0,0,0,0,0,0,0,0,0,128,[84 -64 4 0 0 0 0 0 0 0 0 0 -15 -2 -16 -3 -16 -2 -16 -3 -15 -4 -16 -5 -15 -5 -15 -6 -15 -7 -15 -7 -16 -7 -16 -7 -15 -7 -15 -8 -15 -8 -16 -8 -14 -8 -14 -8 -14 -9 -13 -9 -13 -9 -12 -9 -12 -9 -12 -8 -12 -8 -12 -8 0 0 -12 -7 -12 -6 -12 -6 -12 -6 -12 -6 -12 -6 -12 -6 -12 -5 -12 -4 -12 -3 -13 -3 -12 -4 -11 -3 -11 -2 -11 -3 -12 -2 -11 -2 -12 -1 -12 0 -11 0 -12 0 -11 1 -11 1 -12 3 -12 2 -12 3 0 0 0 0 0 0 0 0 0 0]"
"1772697614137642,CSI_DATA,STATION,00:00:00:00:00:00,0,0,0,0,0,0,0,0,0,0,0,0,0,0,0,0,0,0,0,0,0,128,[84 -64 4 0 0 0 0 0 0 0 0 0 15 -3 16 -3 16 -2 17 -2 17 -1 17 -1 16 0 17 1 17 1 17 0 17 0 17 1 17 1 17 2 17 3 17 3 17 3 16 2 16 3 15 3 15 4 14 3 14 3 15 3 14 3 13 3 0 0 14 1 13 1 12 0 12 0 13 0 12 -1 13 0 12 -1 12 -1 11 -2 12 -3 11 -3 11 -3 11 -3 10 -3 11 -4 10 -5 10 -6 10 -6 9 -6 10 -7 9 -6 9 -7 8 -9 9 -8 9 -9 0 0 0 0 0 0 0 0 0 0]"
"1772697614137642,CSI_DATA,STATION,00:00:00:00:00:00,0,0,0,0,0,0,0,0,0,0,0,0,0,0,0,0,0,0,0,0,0,128,[84 -64 4 0 0 0 0 0 0 0 0 0 16 1 16 3 15 3 16 3 16 4 16 5 16 6 16 6 16 6 15 6 16 7 16 7 15 7 15 7 16 8 15 8 14 8 14 8 14 9 13 9 12 9 12 8 11 8 12 8 12 8 12 7 0 0 11 6 11 6 11 6 12 5 11 5 11 5 11 5 11 4 12 3 10 3 12 2 11 3 11 2 11 2 11 1 11 0 11 0 11 -1 11 -1 10 -2 11 -2 11 -2 11 -2 11 -4 11 -4 11 -5 0 0 0 0 0 0 0 0 0 0]"
"1772697614153693,CSI_DATA,STATION,00:00:00:00:00:00,0,0,0,0,0,0,0,0,0,0,0,0,0,0,0,0,0,0,0,0,0,128,[84 -64 4 0 0 0 0 0 0 0 0 0 8 -16 10 -16 11 -16 12 -16 12 -16 12 -15 13 -14 13 -14 14 -14 15 -14 14 -13 15 -13 15 -13 14 -12 15 -11 16 -12 15 -10 16 -11 16 -10 16 -10 15 -9 14 -9 15 -8 14 -9 14 -9 13 -9 0 0 12 -8 11 -9 11 -10 12 -10 11 -9 10 -10 11 -10 10 -10 10 -10 9 -10 8 -11 8 -10 8 -11 7 -11 7 -11 6 -11 6 -12 6 -12 5 -12 4 -12 4 -12 4 -13 3 -14 3 -14 2 -14 2 -13 0 0 0 0 0 0 0 0 0 0]"
"1772697614169337,CSI_DATA,STATION,00:00:00:00:00:00,0,0,0,0,0,0,0,0,0,0,0,0,0,0,0,0,0,0,0,0,0,128,[84 -64 4 0 0 0 0 0 0 0 0 0 22 -26 20 -24 50 -17 45 -19 26 -35 54 -20 52 -7 17 -26 41 -16 38 -11 61 -21 65 10 66 -13 61 15 47 1 60 28 66 15 62 -11 48 0 37 34 51 9 59 17 33 11 52 24 56 26 40 18 0 0 64 3 49 7 60 -2 44 4 44 0 44 2 45 -2 41 -6 44 -7 34 -34 32 -15 31 -16 32 -17 35 -18 30 -4 34 -28 31 -43 30 -33 29 -30 23 -37 33 -26 30 -24 34 -33 17 -53 19 -32 20 -47 0 0 0 0 0 0 0 0 0 0]"
"1772697614185199,CSI_DATA,STATION,00:00:00:00:00:00,0,0,0,0,0,0,0,0,0,0,0,0,0,0,0,0,0,0,0,0,0,128,[84 -64 4 0 0 0 0 0 0 0 0 0 11 11 10 11 10 12 11 13 10 14 10 14 9 14 8 14 8 14 8 15 8 15 8 15 7 16 6 15 6 16 6 16 5 16 5 16 5 16 4 15 3 15 3 15 3 14 4 14 4 14 4 13 0 0 4 12 4 12 4 12 5 11 5 12 5 11 5 11 5 11 5 10 6 10 7 10 6 10 7 9 7 9 7 8 8 8 8 8 8 7 9 7 8 6 9 6 9 7 9 6 10 5 10 5 10 5 0 0 0 0 0 0 0 0 0 0]"
"1772697614185199,CSI_DATA,STATION,00:00:00:00:00:00,0,0,0,0,0,0,0,0,0,0,0,0,0,0,0,0,0,0,0,0,0,128,[84 -64 4 0 0 0 0 0 0 0 0 0 -17 -4 -17 -5 -16 -5 -17 -6 -16 -7 -17 -7 -16 -8 -16 -9 -16 -9 -15 -9 -16 -8 -16 -10 -16 -10 -16 -10 -16 -11 -16 -10 -15 -11 -14 -11 -14 -11 -14 -11 -12 -11 -12 -11 -12 -11 -12 -10 -12 -10 -12 -10 0 0 -12 -8 -11 -8 -12 -7 -12 -7 -12 -7 -12 -7 -12 -7 -11 -6 -12 -6 -12 -5 -13 -4 -12 -4 -12 -4 -12 -3 -12 -3 -12 -2 -12 -2 -12 -1 -12 -1 -12 -1 -12 0 -12 1 -12 1 -12 3 -13 2 -13 2 0 0 0 0 0 0 0 0 0 0]"
"1772697614185199,CSI_DATA,STATION,00:00:00:00:00:00,0,0,0,0,0,0,0,0,0,0,0,0,0,0,0,0,0,0,0,0,0,128,[84 -64 4 0 0 0 0 0 0 0 0 0 -19 1 -19 1 -20 0 -20 -1 -20 -1 -20 -2 -20 -2 -20 -4 -20 -4 -20 -4 -21 -4 -20 -4 -20 -4 -20 -4 -19 -7 -20 -6 -18 -7 -18 -7 -18 -7 -17 -8 -17 -8 -17 -8 -17 -8 -16 -7 -16 -7 -16 -6 0 0 -15 -6 -15 -5 -14 -4 -15 -4 -15 -4 -15 -4 -14 -3 -14 -4 -15 -3 -15 -2 -14 -1 -14 -1 -14 -1 -14 -1 -13 0 -13 1 -13 1 -13 2 -14 2 -13 3 -13 3 -13 4 -13 4 -13 6 -13 6 -13 6 0 0 0 0 0 0 0 0 0 0]"
"1772697614201010,CSI_DATA,STATION,00:00:00:00:00:00,0,0,0,0,0,0,0,0,0,0,0,0,0,0,0,0,0,0,0,0,0,128,[84 -64 4 0 0 0 0 0 0 0 0 0 10 15 9 15 8 16 8 17 8 18 7 17 7 18 6 17 6 18 5 19 5 19 4 18 4 20 3 20 3 19 3 19 2 18 3 19 2 19 1 18 1 18 1 18 1 17 1 17 1 16 1 15 0 0 2 15 2 14 3 14 3 14 3 14 4 14 4 14 4 13 5 13 5 12 5 12 5 12 6 12 6 11 7 10 7 10 7 10 8 9 8 8 8 8 9 8 9 8 10 8 10 8 11 7 11 7 0 0 0 0 0 0 0 0 0 0]"
"1772697614201010,CSI_DATA,STATION,00:00:00:00:00:00,0,0,0,0,0,0,0,0,0,0,0,0,0,0,0,0,0,0,0,0,0,128,[84 -64 4 0 0 0 0 0 0 0 0 0 4 -18 5 -19 6 -18 7 -20 7 -18 8 -18 8 -18 9 -17 9 -18 9 -17 10 -17 10 -17 11 -17 11 -17 11 -17 11 -16 12 -15 12 -14 12 -15 12 -15 12 -14 11 -14 11 -12 12 -13 11 -13 10 -13 0 0 9 -12 9 -12 8 -13 7 -13 8 -13 8 -13 7 -13 6 -13 6 -12 5 -12 4 -13 5 -13 4 -13 4 -13 3 -13 3 -13 2 -14 1 -14 1 -13 0 -14 0 -13 0 -13 -1 -14 -2 -14 -2 -14 -3 -14 0 0 0 0 0 0 0 0 0 0]"
"1772697614201010,CSI_DATA,STATION,00:00:00:00:00:00,0,0,0,0,0,0,0,0,0,0,0,0,0,0,0,0,0,0,0,0,0,128,[84 -64 4 0 0 0 0 0 0 0 0 0 -7 16 -8 16 -10 17 -10 17 -11 16 -10 15 -11 15 -12 16 -12 16 -13 16 -13 15 -14 14 -14 14 -14 14 -14 14 -15 14 -14 12 -14 12 -14 12 -14 12 -14 12 -14 10 -13 11 -14 10 -13 10 -11 10 0 0 -12 11 -11 11 -10 11 -10 11 -10 11 -9 11 -9 12 -8 12 -8 11 -8 11 -7 12 -8 12 -7 12 -5 12 -5 12 -5 11 -4 12 -3 11 -3 12 -2 11 -2 12 -1 12 -1 13 0 13 0 13 0 13 0 0 0 0 0 0 0 0 0 0]"
"1772697614216949,CSI_DATA,STATION,00:00:00:00:00:00,0,0,0,0,0,0,0,0,0,0,0,0,0,0,0,0,0,0,0,0,0,128,[84 -64 4 0 0 0 0 0 0 0 0 0 13 9 12 11 12 11 11 12 11 13 11 13 10 14 10 14 9 14 9 14 9 14 9 14 9 15 8 15 8 15 8 15 7 15 6 15 6 15 5 16 5 15 5 15 5 14 5 14 5 13 6 12 0 0 5 12 5 11 6 11 6 11 6 11 6 11 6 10 6 10 7 10 7 9 8 9 7 9 8 9 7 9 8 8 8 7 8 7 9 6 9 6 9 5 9 5 9 6 10 5 10 4 11 3 11 3 0 0 0 0 0 0 0 0 0 0]"
"1772697614216949,CSI_DATA,STATION,00:00:00:00:00:00,0,0,0,0,0,0,0,0,0,0,0,0,0,0,0,0,0,0,0,0,0,128,[84 -64 4 0 0 0 0 0 0 0 0 0 4 -17 4 -16 5 -17 5 -17 5 -17 7 -16 7 -16 7 -16 8 -15 8 -15 9 -16 9 -15 10 -15 10 -15 10 -15 10 -15 10 -14 10 -14 11 -14 10 -13 10 -13 10 -13 10 -11 10 -12 9 -12 8 -11 0 0 7 -12 7 -11 7 -11 6 -12 6 -12 6 -12 5 -12 5 -12 5 -12 4 -12 4 -12 4 -11 3 -11 3 -12 2 -12 2 -12 1 -13 1 -12 0 -12 -1 -12 0 -12 -1 -12 -1 -12 -2 -13 -2 -13 -2 -12 0 0 0 0 0 0 0 0 0 0]"
"1772697614216949,CSI_DATA,STATION,00:00:00:00:00:00,0,0,0,0,0,0,0,0,0,0,0,0,0,0,0,0,0,0,0,0,0,128,[84 -64 4 0 0 0 0 0 0 0 0 0 -19 -2 -19 -2 -19 -2 -20 -4 -19 -5 -19 -5 -19 -5 -19 -6 -19 -7 -19 -7 -19 -8 -19 -7 -18 -8 -18 -8 -18 -10 -19 -9 -17 -10 -17 -9 -17 -10 -16 -10 -16 -10 -16 -9 -15 -10 -15 -10 -15 -9 -14 -9 0 0 -15 -8 -14 -6 -13 -7 -14 -7 -14 -6 -14 -5 -14 -5 -14 -5 -14 -4 -14 -3 -15 -3 -14 -3 -13 -3 -13 -2 -14 -2 -14 -1 -13 -1 -13 0 -13 1 -13 2 -13 2 -13 2 -13 3 -13 3 -14 4 -14 5 0 0 0 0 0 0 0 0 0 0]"
"1772697614232966,CSI_DATA,STATION,00:00:00:00:00:00,0,0,0,0,0,0,0,0,0,0,0,0,0,0,0,0,0,0,0,0,0,128,[84 -64 4 0 0 0 0 0 0 0 0 0 1 -16 2 -17 3 -17 3 -17 4 -17 4 -17 5 -16 6 -17 5 -16 6 -17 6 -17 6 -17 7 -17 7 -16 8 -17 8 -16 8 -15 8 -14 9 -16 9 -15 8 -14 8 -14 8 -13 8 -14 7 -14 7 -12 0 0 6 -12 5 -13 5 -13 5 -12 4 -13 4 -13 4 -13 3 -13 3 -12 2 -12 1 -13 1 -13 1 -12 1 -13 1 -12 0 -12 0 -13 0 -12 -2 -12 -2 -11 -3 -12 -2 -12 -3 -12 -5 -12 -4 -12 -5 -12 0 0 0 0 0 0 0 0 0 0]"
"1772697614232966,CSI_DATA,STATION,00:00:00:00:00:00,0,0,0,0,0,0,0,0,0,0,0,0,0,0,0,0,0,0,0,0,0,128,[84 -64 4 0 0 0 0 0 0 0 0 0 -18 -1 -19 -2 -20 -3 -19 -4 -19 -4 -20 -5 -19 -6 -19 -7 -19 -7 -19 -7 -19 -7 -19 -8 -18 -8 -18 -9 -18 -9 -19 -9 -17 -9 -17 -10 -16 -10 -16 -10 -16 -10 -15 -10 -15 -10 -15 -10 -14 -9 -14 -9 0 0 -14 -7 -13 -7 -14 -6 -14 -7 -13 -6 -14 -6 -14 -5 -14 -5 -14 -5 -14 -4 -15 -3 -14 -3 -14 -3 -13 -3 -13 -2 -14 -2 -13 -2 -13 0 -13 0 -13 1 -13 1 -13 1 -13 2 -13 3 -13 3 -14 4 0 0 0 0 0 0 0 0 0 0]"
"1772697614232966,CSI_DATA,STATION,00:00:00:00:00:00,0,0,0,0,0,0,0,0,0,0,0,0,0,0,0,0,0,0,0,0,0,128,[84 -64 4 0 0 0 0 0 0 0 0 0 -33 -16 -37 -18 -52 -27 -67 -30 -47 -19 -52 -16 -51 -29 -50 -17 -60 -32 -60 -29 -85 -53 -75 -64 -64 -59 -72 -53 -58 -42 -85 -60 -65 -58 -56 -45 -66 -52 -62 -50 -40 -49 -57 -63 -43 -39 -69 -46 -83 -57 -71 -53 0 0 -78 -68 -89 -71 -83 -57 -80 -64 -64 -51 -72 -61 -84 -56 -80 -56 -85 -57 -59 -52 -74 -75 -53 -43 -68 -51 -60 -62 -65 -73 -78 -66 -93 -78 -66 -55 -74 -72 -60 -35 -66 -50 -74 -59 -68 -40 -76 -50 -61 -31 -62 -42 0 0 0 0 0 0 0 0 0 0]"
"1772697614248777,CSI_DATA,STATION,00:00:00:00:00:00,0,0,0,0,0,0,0,0,0,0,0,0,0,0,0,0,0,0,0,0,0,128,[84 -64 4 0 0 0 0 0 0 0 0 0 -18 -7 -18 -8 -18 -8 -19 -10 -17 -10 -17 -11 -17 -11 -16 -11 -16 -12 -15 -13 -16 -13 -16 -13 -15 -14 -15 -14 -15 -15 -15 -14 -13 -14 -14 -15 -13 -15 -13 -15 -12 -15 -12 -15 -11 -14 -12 -14 -11 -14 -12 -12 0 0 -11 -12 -11 -11 -12 -11 -11 -10 -12 -11 -11 -10 -12 -10 -12 -10 -12 -9 -12 -8 -13 -7 -12 -8 -12 -8 -12 -7 -12 -6 -13 -6 -13 -5 -13 -4 -12 -4 -12 -2 -13 -3 -14 -3 -14 -2 -14 -2 -14 -1 -14 0 0 0 0 0 0 0 0 0 0 0]"
"1772697614248777,CSI_DATA,STATION,00:00:00:00:00:00,0,0,0,0,0,0,0,0,0,0,0,0,0,0,0,0,0,0,0,0,0,128,[84 -64 4 0 0 0 0 0 0 0 0 0 0 -21 1 -21 1 -22 2 -22 3 -22 3 -22 4 -21 5 -21 5 -21 5 -21 6 -21 5 -22 6 -22 7 -22 8 -22 7 -21 8 -20 7 -19 8 -20 9 -20 8 -19 9 -18 8 -17 8 -18 8 -18 7 -17 0 0 6 -17 5 -16 5 -17 4 -16 4 -17 3 -17 3 -17 2 -16 2 -16 1 -15 0 -16 1 -15 0 -16 -1 -15 0 -14 -2 -15 -2 -15 -3 -14 -3 -14 -5 -13 -5 -13 -5 -14 -6 -14 -8 -14 -7 -14 -8 -14 0 0 0 0 0 0 0 0 0 0]"
"1772697614248777,CSI_DATA,STATION,00:00:00:00:00:00,0,0,0,0,0,0,0,0,0,0,0,0,0,0,0,0,0,0,0,0,0,128,[84 -64 4 0 0 0 0 0 0 0 0 0 -13 15 -14 15 -15 15 -16 15 -16 14 -17 14 -17 13 -17 13 -18 12 -18 12 -19 11 -19 11 -20 11 -20 11 -20 10 -20 9 -20 8 -20 7 -20 8 -19 7 -19 7 -19 6 -18 5 -18 7 -18 6 -17 7 0 0 -16 6 -15 7 -16 8 -14 8 -15 8 -14 8 -15 8 -13 8 -14 8 -13 8 -13 9 -12 9 -12 9 -11 10 -11 8 -11 10 -9 10 -9 10 -8 11 -8 11 -8 11 -8 12 -7 12 -6 13 -7 13 -6 13 0 0 0 0 0 0 0 0 0 0]"
"1772697614264636,CSI_DATA,STATION,00:00:00:00:00:00,0,0,0,0,0,0,0,0,0,0,0,0,0,0,0,0,0,0,0,0,0,128,[84 -64 4 0 0 0 0 0 0 0 0 0 -18 -7 -18 -8 -18 -9 -18 -10 -18 -10 -17 -11 -16 -12 -17 -12 -15 -12 -16 -13 -16 -12 -16 -13 -16 -14 -16 -14 -14 -14 -15 -14 -14 -15 -14 -15 -13 -16 -12 -15 -11 -15 -11 -16 -11 -15 -11 -14 -11 -14 -12 -12 0 0 -11 -12 -11 -12 -11 -11 -11 -10 -11 -11 -11 -11 -11 -11 -11 -9 -12 -9 -12 -8 -13 -8 -11 -8 -12 -8 -12 -7 -12 -7 -12 -6 -13 -6 -13 -5 -13 -5 -13 -4 -13 -4 -13 -4 -13 -4 -14 -2 -14 -2 -14 -1 0 0 0 0 0 0 0 0 0 0]"
"1772697614264636,CSI_DATA,STATION,00:00:00:00:00:00,0,0,0,0,0,0,0,0,0,0,0,0,0,0,0,0,0,0,0,0,0,128,[84 -64 4 0 0 0 0 0 0 0 0 0 -17 7 -18 7 -18 7 -19 6 -20 5 -19 5 -19 4 -20 3 -20 2 -20 3 -20 3 -20 2 -20 3 -20 2 -21 1 -21 1 -20 0 -20 0 -20 0 -19 -2 -19 -2 -19 -1 -17 -2 -18 -1 -17 -1 -17 -1 0 0 -16 -1 -16 1 -15 1 -15 1 -15 2 -15 2 -14 2 -14 2 -14 3 -14 4 -14 5 -13 4 -13 5 -12 4 -12 5 -12 6 -12 6 -11 7 -11 7 -10 7 -11 8 -10 9 -10 9 -9 10 -9 10 -9 11 0 0 0 0 0 0 0 0 0 0]"
"1772697614264636,CSI_DATA,STATION,00:00:00:00:00:00,0,0,0,0,0,0,0,0,0,0,0,0,0,0,0,0,0,0,0,0,0,128,[84 -64 4 0 0 0 0 0 0 0 0 0 10 14 11 15 10 16 9 17 8 16 8 17 7 17 7 17 6 18 6 18 6 18 6 18 5 19 5 19 4 20 4 19 4 18 3 18 3 19 2 18 1 18 1 18 1 16 1 17 2 16 2 15 0 0 2 15 2 14 3 15 3 13 4 15 4 13 4 13 4 13 5 12 5 12 6 11 6 11 6 12 6 12 6 10 7 10 7 10 8 9 8 9 8 8 9 8 9 8 9 7 11 7 11 7 11 7 0 0 0 0 0 0 0 0 0 0]"
"1772697614280577,CSI_DATA,STATION,00:00:00:00:00:00,0,0,0,0,0,0,0,0,0,0,0,0,0,0,0,0,0,0,0,0,0,128,[84 -64 4 0 0 0 0 0 0 0 0 0 -19 -4 -19 -4 -19 -6 -20 -7 -19 -7 -19 -7 -19 -7 -19 -9 -18 -9 -18 -9 -18 -9 -19 -10 -18 -10 -17 -11 -17 -11 -18 -12 -16 -12 -15 -12 -15 -13 -15 -12 -14 -12 -14 -12 -13 -11 -13 -12 -13 -11 -14 -11 0 0 -13 -9 -13 -9 -13 -8 -13 -8 -13 -8 -13 -8 -13 -8 -13 -7 -13 -6 -14 -6 -15 -5 -13 -6 -13 -5 -14 -4 -13 -4 -14 -3 -13 -3 -14 -2 -14 -2 -13 -1 -14 0 -13 0 -13 0 -14 1 -15 2 -15 2 0 0 0 0 0 0 0 0 0 0]"
"1772697614280577,CSI_DATA,STATION,00:00:00:00:00:00,0,0,0,0,0,0,0,0,0,0,0,0,0,0,0,0,0,0,0,0,0,128,[84 -64 4 0 0 0 0 0 0 0 0 0 -13 -11 -13 -11 -13 -12 -13 -14 -12 -13 -12 -14 -11 -14 -11 -14 -11 -15 -10 -15 -10 -15 -11 -16 -10 -16 -9 -16 -9 -16 -9 -16 -9 -16 -8 -16 -8 -17 -7 -15 -7 -16 -7 -15 -6 -15 -7 -15 -7 -13 -7 -13 0 0 -7 -12 -7 -12 -8 -11 -8 -10 -8 -12 -8 -11 -9 -11 -8 -10 -9 -10 -9 -9 -10 -9 -9 -9 -9 -9 -9 -9 -10 -7 -10 -7 -10 -7 -11 -6 -11 -5 -11 -5 -12 -5 -12 -4 -11 -5 -12 -4 -13 -4 -13 -3 0 0 0 0 0 0 0 0 0 0]"
"1772697614280577,CSI_DATA,STATION,00:00:00:00:00:00,0,0,0,0,0,0,0,0,0,0,0,0,0,0,0,0,0,0,0,0,0,128,[84 -64 4 0 0 0 0 0 0 0 0 0 4 -18 5 -19 5 -19 6 -20 7 -19 7 -18 9 -18 9 -18 9 -18 9 -19 10 -17 10 -17 11 -17 11 -18 12 -17 11 -17 12 -15 12 -14 12 -15 12 -15 12 -14 11 -14 11 -13 11 -14 11 -13 10 -13 0 0 9 -13 8 -13 8 -13 8 -13 7 -13 7 -14 7 -14 6 -13 6 -13 5 -13 5 -13 5 -13 4 -13 3 -13 3 -13 2 -13 2 -14 1 -13 1 -13 0 -13 0 -14 -1 -13 -2 -14 -2 -14 -2 -14 -3 -14 0 0 0 0 0 0 0 0 0 0]"
"1772697614296521,CSI_DATA,STATION,00:00:00:00:00:00,0,0,0,0,0,0,0,0,0,0,0,0,0,0,0,0,0,0,0,0,0,128,[84 -64 4 0 0 0 0 0 0 0 0 0 -15 -9 -15 -10 -14 -10 -15 -11 -14 -12 -14 -11 -13 -13 -13 -13 -12 -13 -11 -14 -13 -13 -12 -14 -12 -14 -11 -14 -11 -15 -11 -14 -10 -15 -10 -15 -10 -15 -9 -15 -9 -14 -9 -15 -8 -13 -9 -14 -9 -13 -9 -12 0 0 -9 -11 -9 -11 -9 -11 -9 -10 -9 -11 -9 -11 -9 -10 -10 -10 -10 -9 -10 -8 -11 -8 -10 -8 -10 -8 -10 -7 -10 -7 -11 -6 -11 -7 -11 -6 -11 -5 -11 -4 -11 -5 -12 -4 -12 -4 -12 -3 -13 -3 -13 -2 0 0 0 0 0 0 0 0 0 0]"
"1772697614296521,CSI_DATA,STATION,00:00:00:00:00:00,0,0,0,0,0,0,0,0,0,0,0,0,0,0,0,0,0,0,0,0,0,128,[84 -64 4 0 0 0 0 0 0 0 0 0 -12 11 -14 11 -14 10 -15 10 -14 10 -16 9 -15 9 -16 8 -16 7 -16 7 -16 8 -16 7 -17 7 -17 7 -17 6 -17 6 -17 5 -17 4 -17 5 -16 4 -16 4 -16 3 -15 3 -15 4 -15 4 -14 4 0 0 -14 4 -13 5 -13 5 -12 5 -13 5 -13 5 -12 6 -11 6 -11 6 -11 6 -11 7 -10 7 -10 6 -9 8 -9 7 -9 8 -9 8 -8 8 -7 9 -7 8 -7 9 -6 9 -6 10 -6 11 -6 11 -5 11 0 0 0 0 0 0 0 0 0 0]"
"1772697614296521,CSI_DATA,STATION,00:00:00:00:00:00,0,0,0,0,0,0,0,0,0,0,0,0,0,0,0,0,0,0,0,0,0,128,[84 -64 4 0 0 0 0 0 0 0 0 0 -20 0 -21 0 -20 -1 -22 -2 -21 -3 -21 -3 -20 -4 -21 -4 -20 -5 -20 -5 -22 -6 -22 -6 -21 -6 -21 -6 -20 -8 -21 -7 -20 -8 -18 -8 -19 -8 -18 -9 -17 -9 -17 -9 -16 -9 -17 -8 -17 -8 -17 -7 0 0 -17 -7 -15 -5 -16 -6 -15 -4 -15 -5 -15 -5 -16 -4 -15 -3 -16 -3 -14 -1 -15 -1 -14 -2 -15 -1 -14 0 -14 0 -14 1 -14 1 -13 3 -14 3 -13 3 -14 4 -13 4 -13 4 -13 6 -14 6 -14 7 0 0 0 0 0 0 0 0 0 0]"
"1772697614312470,CSI_DATA,STATION,00:00:00:00:00:00,0,0,0,0,0,0,0,0,0,0,0,0,0,0,0,0,0,0,0,0,0,128,[84 -64 4 0 0 0 0 0 0 0 0 0 19 0 19 1 19 1 20 2 20 3 19 4 19 4 19 5 19 5 19 6 20 6 19 6 19 7 19 7 18 8 19 7 18 8 17 8 17 8 17 8 16 8 16 8 15 8 15 8 15 7 15 6 0 0 14 5 14 5 14 4 14 4 14 4 14 3 14 3 14 2 14 2 14 1 14 1 13 1 13 1 14 0 13 -1 13 -1 13 -2 13 -2 13 -3 12 -4 13 -4 12 -4 13 -5 13 -6 13 -6 13 -7 0 0 0 0 0 0 0 0 0 0]"
"1772697614312470,CSI_DATA,STATION,00:00:00:00:00:00,0,0,0,0,0,0,0,0,0,0,0,0,0,0,0,0,0,0,0,0,0,128,[84 -64 4 0 0 0 0 0 0 0 0 0 12 -15 13 -15 13 -15 14 -15 14 -14 15 -13 15 -13 16 -13 16 -12 16 -12 16 -13 17 -12 17 -12 17 -12 18 -10 18 -10 18 -9 17 -8 18 -8 18 -8 17 -7 17 -7 16 -7 16 -8 15 -8 15 -8 0 0 14 -8 14 -7 13 -8 13 -8 13 -8 12 -9 12 -9 11 -9 12 -9 10 -10 11 -10 10 -10 10 -10 10 -11 9 -10 10 -11 8 -11 8 -12 8 -12 7 -11 7 -13 7 -12 6 -13 5 -14 5 -14 5 -14 0 0 0 0 0 0 0 0 0 0]"
"1772697614312470,CSI_DATA,STATION,00:00:00:00:00:00,0,0,0,0,0,0,0,0,0,0,0,0,0,0,0,0,0,0,0,0,0,128,[84 -64 4 0 0 0 0 0 0 0 0 0 -15 8 -16 8 -16 7 -16 7 -16 6 -17 5 -17 5 -17 5 -17 4 -18 4 -18 4 -17 4 -19 3 -18 3 -18 2 -18 2 -18 2 -17 1 -17 1 -17 0 -17 0 -16 0 -16 0 -16 1 -15 0 -15 0 0 0 -14 1 -14 2 -13 2 -13 2 -14 3 -13 2 -13 3 -13 3 -13 4 -12 4 -12 5 -12 4 -11 5 -11 5 -11 5 -11 5 -10 6 -10 6 -9 6 -9 7 -10 8 -9 8 -8 8 -8 10 -8 9 -8 10 0 0 0 0 0 0 0 0 0 0]"
"1772697614329011,CSI_DATA,STATION,00:00:00:00:00:00,0,0,0,0,0,0,0,0,0,0,0,0,0,0,0,0,0,0,0,0,0,128,[84 -64 4 0 0 0 0 0 0 0 0 0 -16 8 -17 8 -18 8 -19 7 -19 6 -19 6 -19 5 -20 5 -20 4 -19 4 -20 4 -20 4 -21 3 -20 3 -21 2 -20 2 -20 2 -20 1 -20 1 -19 0 -19 0 -19 -1 -18 -1 -18 0 -17 1 -17 1 0 0 -16 1 -15 2 -16 2 -14 2 -15 3 -15 2 -14 3 -14 3 -14 3 -14 5 -14 5 -13 5 -13 5 -13 6 -12 5 -12 6 -11 6 -11 7 -11 7 -10 7 -11 8 -10 9 -9 9 -9 10 -8 10 -9 11 0 0 0 0 0 0 0 0 0 0]"
"1772697614329011,CSI_DATA,STATION,00:00:00:00:00:00,0,0,0,0,0,0,0,0,0,0,0,0,0,0,0,0,0,0,0,0,0,128,[84 -64 4 0 0 0 0 0 0 0 0 0 3 18 3 20 2 20 1 21 -1 20 0 21 -1 20 -2 20 -2 20 -2 19 -3 21 -2 21 -3 21 -4 20 -5 21 -4 20 -5 20 -5 18 -6 20 -6 18 -7 18 -7 18 -6 15 -5 17 -6 17 -5 16 0 0 -4 16 -3 15 -3 16 -2 14 -3 16 -2 15 -1 15 -1 14 0 14 1 13 1 14 1 14 1 14 2 14 2 12 3 13 4 13 5 11 5 11 5 10 6 12 6 12 7 11 8 11 8 11 9 10 0 0 0 0 0 0 0 0 0 0]"
"1772697614359912,CSI_DATA,STATION,00:00:00:00:00:00,0,0,0,0,0,0,0,0,0,0,0,0,0,0,0,0,0,0,0,0,0,128,[84 -64 4 0 0 0 0 0 0 0 0 0 28 16 32 24 43 40 54 45 44 31 45 37 44 44 44 39 42 48 45 48 59 74 64 78 50 71 60 69 48 49 66 74 52 71 50 55 54 60 52 62 29 47 43 65 36 46 56 50 71 73 58 70 0 0 67 76 80 79 70 77 69 61 58 53 73 69 69 73 60 60 68 63 45 59 76 80 42 40 64 65 55 59 62 72 65 68 77 78 68 66 71 78 60 47 68 55 67 67 56 37 77 56 55 27 63 43 0 0 0 0 0 0 0 0 0 0]"
"1772697614359912,CSI_DATA,STATION,00:00:00:00:00:00,0,0,0,0,0,0,0,0,0,0,0,0,0,0,0,0,0,0,0,0,0,128,[84 -64 4 0 0 0 0 0 0 0 0 0 11 -13 12 -12 12 -13 13 -12 13 -12 14 -11 14 -10 14 -10 15 -10 15 -10 15 -9 15 -9 16 -9 16 -9 16 -8 16 -7 16 -7 16 -7 16 -7 15 -6 15 -6 15 -6 15 -5 14 -6 14 -5 13 -6 0 0 12 -6 11 -6 11 -7 11 -7 11 -7 10 -7 10 -7 10 -8 10 -8 10 -8 9 -9 9 -8 8 -9 8 -8 8 -9 7 -9 7 -10 6 -10 6 -10 5 -10 5 -11 5 -11 4 -11 4 -12 4 -12 4 -13 0 0 0 0 0 0 0 0 0 0]"
"1772697614359912,CSI_DATA,STATION,00:00:00:00:00:00,0,0,0,0,0,0,0,0,0,0,0,0,0,0,0,0,0,0,0,0,0,128,[84 -64 4 0 0 0 0 0 0 0 0 0 -16 8 -18 8 -18 8 -19 7 -19 6 -19 6 -19 5 -20 4 -20 3 -20 4 -20 4 -20 3 -21 3 -20 2 -21 2 -21 2 -21 1 -20 1 -20 0 -19 0 -19 -1 -19 -1 -17 -1 -18 0 -17 0 -17 0 0 0 -16 0 -15 1 -15 2 -15 2 -15 2 -15 3 -14 3 -15 2 -15 3 -14 4 -14 5 -13 4 -13 5 -13 5 -13 5 -13 6 -12 6 -11 6 -11 7 -11 7 -11 9 -11 9 -11 8 -9 10 -10 10 -9 10 0 0 0 0 0 0 0 0 0 0]"
"1772697614375714,CSI_DATA,STATION,00:00:00:00:00:00,0,0,0,0,0,0,0,0,0,0,0,0,0,0,0,0,0,0,0,0,0,128,[84 -64 4 0 0 0 0 0 0 0 0 0 -3 -16 -2 -16 -2 -16 -2 -18 -1 -16 0 -17 0 -16 1 -16 2 -16 1 -17 1 -17 2 -17 3 -17 3 -17 4 -17 4 -18 4 -16 4 -15 4 -16 5 -16 5 -15 5 -16 5 -14 4 -14 5 -15 4 -14 0 0 3 -13 2 -13 3 -14 2 -13 2 -14 2 -13 2 -13 1 -13 0 -13 -1 -12 -1 -13 0 -12 -1 -13 -1 -12 -1 -12 -3 -11 -3 -12 -3 -11 -3 -11 -4 -11 -4 -11 -5 -12 -5 -11 -6 -11 -6 -11 -7 -11 0 0 0 0 0 0 0 0 0 0]"
"1772697614375714,CSI_DATA,STATION,00:00:00:00:00:00,0,0,0,0,0,0,0,0,0,0,0,0,0,0,0,0,0,0,0,0,0,128,[84 -64 4 0 0 0 0 0 0 0 0 0 -2 17 -3 16 -3 17 -5 17 -5 17 -5 16 -6 16 -7 16 -7 16 -8 16 -7 16 -8 15 -8 15 -8 16 -9 16 -9 16 -10 14 -9 14 -10 14 -10 14 -10 14 -10 13 -9 12 -9 12 -9 13 -8 12 0 0 -8 12 -7 12 -6 12 -6 11 -6 12 -5 12 -6 13 -5 12 -4 12 -4 11 -3 11 -4 12 -3 12 -2 12 -2 11 -1 11 0 11 0 11 0 11 0 10 1 11 1 11 2 11 3 11 2 11 3 12 0 0 0 0 0 0 0 0 0 0]"
"1772697614375714,CSI_DATA,STATION,00:00:00:00:00:00,0,0,0,0,0,0,0,0,0,0,0,0,0,0,0,0,0,0,0,0,0,128,[84 -64 4 0 0 0 0 0 0 0 0 0 4 -16 5 -17 5 -17 6 -18 6 -16 7 -17 7 -16 8 -16 8 -16 8 -16 9 -15 9 -16 10 -15 10 -15 11 -15 10 -14 11 -14 11 -12 12 -14 11 -13 11 -12 11 -12 10 -11 10 -12 10 -12 9 -11 0 0 8 -11 8 -11 8 -12 7 -11 8 -12 7 -12 7 -12 6 -11 5 -12 5 -11 5 -12 5 -11 4 -12 4 -12 4 -12 3 -11 3 -12 2 -12 1 -12 1 -12 0 -12 0 -12 0 -13 -1 -13 -1 -13 -2 -13 0 0 0 0 0 0 0 0 0 0]"
"1772697614391789,CSI_DATA,STATION,00:00:00:00:00:00,0,0,0,0,0,0,0,0,0,0,0,0,0,0,0,0,0,0,0,0,0,128,[84 -64 4 0 0 0 0 0 0 0 0 0 -5 -17 -5 -17 -3 -17 -3 -19 -2 -18 -2 -19 -1 -18 0 -18 0 -18 0 -18 0 -18 1 -18 1 -19 2 -18 3 -19 2 -18 3 -18 2 -17 3 -18 4 -18 4 -16 4 -17 3 -15 4 -16 3 -16 2 -14 0 0 2 -14 2 -14 1 -15 1 -13 1 -14 0 -14 1 -14 0 -13 0 -13 -2 -13 -2 -13 -2 -13 -2 -13 -2 -13 -2 -11 -3 -11 -4 -12 -4 -12 -5 -11 -5 -11 -6 -12 -6 -11 -6 -11 -8 -11 -8 -10 -9 -10 0 0 0 0 0 0 0 0 0 0]"
"1772697614391789,CSI_DATA,STATION,00:00:00:00:00:00,0,0,0,0,0,0,0,0,0,0,0,0,0,0,0,0,0,0,0,0,0,128,[84 -64 4 0 0 0 0 0 0 0 0 0 6 -16 7 -16 8 -17 9 -17 9 -16 10 -15 10 -15 11 -14 11 -14 11 -14 11 -14 12 -14 12 -13 12 -14 12 -13 13 -13 12 -12 13 -12 13 -11 13 -11 13 -10 12 -11 12 -10 11 -10 11 -10 10 -10 0 0 10 -10 9 -10 8 -10 8 -10 8 -10 8 -10 8 -10 7 -11 7 -11 7 -11 6 -12 6 -10 5 -11 5 -11 4 -12 4 -12 3 -12 3 -12 3 -12 2 -12 2 -12 1 -13 1 -12 -1 -13 0 -13 -1 -13 0 0 0 0 0 0 0 0 0 0]"
"1772697614391789,CSI_DATA,STATION,00:00:00:00:00:00,0,0,0,0,0,0,0,0,0,0,0,0,0,0,0,0,0,0,0,0,0,128,[84 -64 4 0 0 0 0 0 0 0 0 0 -11 12 -12 11 -13 12 -14 11 -14 11 -15 10 -15 9 -15 10 -16 8 -15 9 -16 9 -16 8 -16 8 -17 8 -17 7 -16 7 -17 6 -17 6 -17 6 -16 5 -16 5 -16 5 -15 4 -15 5 -15 5 -14 6 0 0 -14 5 -13 5 -12 5 -12 5 -13 6 -12 6 -12 6 -11 6 -12 6 -10 6 -10 7 -10 7 -10 7 -9 8 -9 7 -9 8 -8 8 -8 8 -7 8 -7 9 -7 10 -7 10 -6 10 -5 11 -6 11 -5 11 0 0 0 0 0 0 0 0 0 0]"
"1772697614407835,CSI_DATA,STATION,00:00:00:00:00:00,0,0,0,0,0,0,0,0,0,0,0,0,0,0,0,0,0,0,0,0,0,128,[84 -64 4 0 0 0 0 0 0 0 0 0 12 11 11 12 11 13 11 14 10 13 10 14 10 14 9 14 8 15 8 14 8 16 8 15 7 16 7 16 6 16 6 16 6 16 5 16 5 16 5 15 4 16 4 15 4 14 4 15 5 14 5 13 0 0 4 13 5 12 5 12 6 11 6 12 6 11 6 11 6 11 6 10 6 10 7 10 7 9 8 9 7 9 8 8 8 8 8 7 9 6 9 6 9 5 10 5 10 6 10 5 10 5 11 5 11 4 0 0 0 0 0 0 0 0 0 0]"
"1772697614407835,CSI_DATA,STATION,00:00:00:00:00:00,0,0,0,0,0,0,0,0,0,0,0,0,0,0,0,0,0,0,0,0,0,128,[84 -64 4 0 0 0 0 0 0 0 0 0 -4 18 -4 18 -6 18 -7 19 -7 18 -8 18 -9 17 -10 17 -10 17 -10 18 -10 17 -10 18 -10 17 -11 17 -13 17 -12 16 -12 15 -12 14 -12 15 -13 15 -12 14 -12 13 -11 13 -11 13 -11 13 -10 13 0 0 -10 12 -9 12 -8 13 -8 12 -8 13 -8 13 -8 13 -6 13 -7 12 -5 12 -5 13 -6 12 -4 13 -4 13 -4 12 -3 12 -2 12 -1 12 -1 12 -1 12 0 12 1 13 1 12 3 13 2 13 3 13 0 0 0 0 0 0 0 0 0 0]"
"1772697614407835,CSI_DATA,STATION,00:00:00:00:00:00,0,0,0,0,0,0,0,0,0,0,0,0,0,0,0,0,0,0,0,0,0,128,[84 -64 4 0 0 0 0 0 0 0 0 0 -19 -7 -18 -8 -18 -9 -19 -10 -18 -11 -17 -11 -17 -12 -17 -12 -17 -12 -16 -13 -17 -13 -17 -13 -16 -13 -16 -14 -15 -15 -15 -14 -14 -14 -13 -14 -14 -15 -12 -16 -12 -15 -11 -15 -12 -14 -12 -13 -12 -13 -12 -12 0 0 -11 -12 -12 -11 -11 -11 -12 -10 -12 -10 -11 -10 -11 -10 -12 -9 -12 -9 -13 -7 -13 -7 -13 -8 -13 -7 -13 -7 -13 -6 -13 -5 -13 -5 -13 -4 -13 -3 -13 -3 -13 -3 -13 -3 -13 -2 -14 -1 -14 -1 -15 0 0 0 0 0 0 0 0 0 0 0]"
"1772697614423550,CSI_DATA,STATION,00:00:00:00:00:00,0,0,0,0,0,0,0,0,0,0,0,0,0,0,0,0,0,0,0,0,0,128,[84 -64 4 0 0 0 0 0 0 0 0 0 -12 -12 -11 -12 -11 -13 -11 -14 -10 -14 -9 -14 -9 -14 -8 -14 -8 -14 -8 -15 -9 -16 -9 -16 -8 -16 -7 -16 -6 -16 -7 -16 -6 -16 -5 -16 -5 -16 -5 -16 -4 -15 -4 -15 -4 -15 -4 -15 -4 -14 -5 -13 0 0 -5 -13 -5 -13 -6 -12 -6 -11 -5 -12 -6 -12 -6 -12 -7 -11 -6 -11 -7 -10 -8 -10 -7 -10 -7 -10 -8 -9 -8 -9 -8 -8 -9 -9 -9 -7 -10 -7 -9 -6 -10 -7 -10 -7 -11 -7 -11 -6 -11 -6 -11 -5 0 0 0 0 0 0 0 0 0 0]"
"1772697614423550,CSI_DATA,STATION,00:00:00:00:00:00,0,0,0,0,0,0,0,0,0,0,0,0,0,0,0,0,0,0,0,0,0,128,[84 -64 4 0 0 0 0 0 0 0 0 0 -7 13 -7 14 -8 14 -9 14 -9 14 -10 13 -11 13 -11 12 -12 12 -11 12 -12 12 -12 13 -12 12 -12 12 -13 11 -13 11 -12 10 -13 9 -13 10 -13 9 -13 9 -13 8 -13 7 -12 8 -12 9 -11 9 0 0 -11 8 -9 9 -9 10 -9 9 -10 9 -9 10 -9 10 -8 9 -8 9 -7 9 -7 10 -7 10 -7 10 -6 10 -6 10 -5 10 -4 11 -4 10 -4 10 -3 10 -3 10 -2 11 -2 11 -1 12 -1 11 -1 11 0 0 0 0 0 0 0 0 0 0]"
"1772697614423550,CSI_DATA,STATION,00:00:00:00:00:00,0,0,0,0,0,0,0,0,0,0,0,0,0,0,0,0,0,0,0,0,0,128,[84 -64 4 0 0 0 0 0 0 0 0 0 10 -13 11 -13 12 -13 13 -14 13 -12 13 -12 13 -11 14 -11 14 -10 14 -11 14 -11 15 -11 15 -10 15 -10 15 -10 15 -9 15 -8 15 -8 16 -8 15 -8 15 -7 15 -7 14 -6 13 -6 13 -7 13 -7 0 0 12 -7 11 -7 11 -7 10 -8 11 -8 10 -8 10 -9 9 -9 10 -8 9 -9 9 -9 8 -9 8 -9 8 -9 7 -10 6 -10 6 -10 6 -10 5 -11 5 -11 5 -11 4 -11 4 -11 3 -12 3 -13 3 -13 0 0 0 0 0 0 0 0 0 0]"
"1772697614439583,CSI_DATA,STATION,00:00:00:00:00:00,0,0,0,0,0,0,0,0,0,0,0,0,0,0,0,0,0,0,0,0,0,128,[84 -64 4 0 0 0 0 0 0 0 0 0 -5 18 -7 19 -7 19 -8 20 -8 18 -9 17 -10 18 -10 17 -11 17 -11 17 -12 18 -12 17 -12 17 -13 17 -15 17 -14 16 -14 15 -14 13 -14 14 -15 13 -15 13 -15 13 -13 11 -14 12 -14 13 -12 13 0 0 -12 12 -11 12 -11 13 -10 12 -10 12 -10 13 -10 13 -8 12 -9 12 -7 12 -7 13 -7 12 -7 13 -6 13 -7 12 -5 12 -5 13 -4 12 -3 13 -3 12 -3 13 -3 13 -1 13 0 14 -1 14 0 15 0 0 0 0 0 0 0 0 0 0]"
"1772697614439583,CSI_DATA,STATION,00:00:00:00:00:00,0,0,0,0,0,0,0,0,0,0,0,0,0,0,0,0,0,0,0,0,0,128,[84 -64 4 0 0 0 0 0 0 0 0 0 -23 -7 -24 -8 -24 -8 -25 -10 -23 -10 -23 -11 -23 -11 -22 -13 -22 -13 -21 -13 -23 -13 -23 -14 -23 -14 -22 -15 -22 -16 -21 -15 -21 -17 -19 -16 -20 -17 -19 -17 -18 -16 -18 -16 -16 -15 -17 -15 -17 -14 -17 -14 0 0 -17 -12 -16 -12 -17 -11 -16 -10 -17 -10 -17 -10 -17 -9 -17 -9 -17 -8 -17 -7 -18 -7 -17 -6 -17 -6 -18 -6 -17 -5 -18 -4 -17 -4 -18 -3 -17 -2 -17 -1 -17 -1 -18 0 -18 1 -19 2 -18 2 -19 3 0 0 0 0 0 0 0 0 0 0]"
"1772697614439583,CSI_DATA,STATION,00:00:00:00:00:00,0,0,0,0,0,0,0,0,0,0,0,0,0,0,0,0,0,0,0,0,0,128,[84 -64 4 0 0 0 0 0 0 0 0 0 -2 18 -2 19 -3 19 -4 20 -5 19 -5 19 -6 19 -6 18 -7 18 -8 18 -8 18 -8 18 -8 18 -9 18 -11 18 -10 17 -10 17 -10 16 -11 17 -11 16 -11 16 -11 15 -10 14 -10 14 -10 14 -9 14 0 0 -8 13 -8 13 -7 14 -6 13 -7 13 -6 14 -6 14 -5 13 -5 13 -4 13 -3 13 -4 13 -3 13 -2 13 -2 13 -1 13 0 13 0 13 0 12 2 12 2 12 2 13 3 12 4 13 4 12 4 13 0 0 0 0 0 0 0 0 0 0]"
"1772697614455310,CSI_DATA,STATION,00:00:00:00:00:00,0,0,0,0,0,0,0,0,0,0,0,0,0,0,0,0,0,0,0,0,0,128,[84 -64 4 0 0 0 0 0 0 0 0 0 13 -14 15 -14 14 -13 16 -13 16 -12 17 -12 17 -10 17 -11 18 -9 17 -9 18 -10 18 -9 19 -9 18 -9 20 -8 18 -7 19 -7 18 -6 19 -6 18 -6 18 -5 17 -5 16 -4 16 -6 16 -5 15 -6 0 0 15 -5 14 -6 14 -6 13 -6 14 -7 13 -7 13 -7 12 -7 12 -7 11 -7 11 -8 10 -8 11 -8 10 -9 10 -9 10 -10 8 -10 9 -10 8 -10 7 -10 8 -11 7 -11 6 -12 6 -12 6 -13 5 -13 0 0 0 0 0 0 0 0 0 0]"
"1772697614455310,CSI_DATA,STATION,00:00:00:00:00:00,0,0,0,0,0,0,0,0,0,0,0,0,0,0,0,0,0,0,0,0,0,128,[84 -64 4 0 0 0 0 0 0 0 0 0 -13 -7 -14 -9 -14 -8 -15 -11 -13 -10 -13 -11 -12 -11 -13 -12 -12 -12 -12 -12 -13 -12 -13 -13 -12 -13 -12 -13 -12 -14 -11 -14 -11 -14 -9 -13 -10 -15 -9 -14 -9 -14 -8 -14 -7 -12 -9 -12 -9 -13 -10 -11 0 0 -9 -11 -9 -10 -9 -11 -9 -9 -9 -11 -9 -10 -9 -10 -9 -9 -9 -9 -9 -7 -11 -7 -10 -7 -10 -7 -11 -6 -10 -6 -11 -6 -11 -5 -11 -4 -11 -4 -11 -4 -12 -3 -12 -4 -11 -3 -12 -2 -12 -2 -13 -1 0 0 0 0 0 0 0 0 0 0]"
"1772697614455310,CSI_DATA,STATION,00:00:00:00:00:00,0,0,0,0,0,0,0,0,0,0,0,0,0,0,0,0,0,0,0,0,0,128,[84 -64 4 0 0 0 0 0 0 0 0 0 19 2 19 3 18 4 19 5 19 6 18 6 18 7 18 8 18 8 18 8 18 7 18 8 17 9 17 9 17 10 17 10 16 11 15 10 16 11 15 11 14 11 14 11 13 10 14 10 14 9 14 8 0 0 13 8 13 8 13 7 13 6 13 6 13 7 13 7 12 5 13 5 12 4 13 4 12 3 12 3 13 3 13 3 13 1 13 1 12 -1 13 0 13 0 13 -2 12 -1 12 -2 13 -4 14 -3 13 -4 0 0 0 0 0 0 0 0 0 0]"
"1772697614471156,CSI_DATA,STATION,00:00:00:00:00:00,0,0,0,0,0,0,0,0,0,0,0,0,0,0,0,0,0,0,0,0,0,128,[84 -64 4 0 0 0 0 0 0 0 0 0 -11 18 -12 19 -12 18 -14 19 -14 18 -15 17 -15 17 -16 17 -15 16 -16 15 -17 16 -18 16 -17 16 -18 15 -18 15 -18 15 -19 14 -18 13 -19 13 -18 13 -18 12 -18 12 -17 10 -17 11 -16 11 -16 11 0 0 -14 11 -14 11 -13 12 -13 11 -13 12 -12 12 -11 13 -11 13 -10 13 -10 13 -10 13 -9 13 -9 13 -9 13 -8 13 -8 14 -7 13 -6 14 -6 14 -4 14 -4 14 -4 15 -3 15 -2 16 -2 16 -2 16 0 0 0 0 0 0 0 0 0 0]"
"1772697614471156,CSI_DATA,STATION,00:00:00:00:00:00,0,0,0,0,0,0,0,0,0,0,0,0,0,0,0,0,0,0,0,0,0,128,[84 -64 4 0 0 0 0 0 0 0 0 0 -3 -20 -3 -21 -3 -21 -2 -22 -1 -21 0 -21 0 -21 1 -21 1 -21 2 -21 2 -22 3 -22 3 -21 4 -21 4 -21 4 -22 5 -21 5 -20 5 -20 5 -19 5 -19 5 -19 5 -18 5 -18 4 -18 4 -17 0 0 3 -16 2 -16 2 -16 1 -16 2 -16 0 -16 0 -15 0 -16 -1 -15 -1 -15 -2 -16 -1 -15 -2 -15 -3 -15 -3 -14 -4 -15 -4 -14 -5 -14 -6 -14 -6 -13 -7 -13 -7 -13 -8 -13 -8 -13 -9 -13 -9 -13 0 0 0 0 0 0 0 0 0 0]"
"1772697614471156,CSI_DATA,STATION,00:00:00:00:00:00,0,0,0,0,0,0,0,0,0,0,0,0,0,0,0,0,0,0,0,0,0,128,[84 -64 4 0 0 0 0 0 0 0 0 0 -20 5 -23 5 -22 4 -23 4 -22 3 -23 2 -23 1 -23 0 -22 -1 -23 0 -24 -1 -24 -1 -23 -1 -23 -2 -23 -3 -23 -3 -23 -4 -21 -3 -22 -4 -21 -4 -20 -5 -20 -5 -18 -4 -20 -3 -18 -4 -19 -3 0 0 -18 -3 -16 -2 -18 -1 -16 -1 -17 0 -17 0 -17 -1 -17 0 -17 2 -15 2 -16 3 -16 2 -15 3 -15 4 -14 3 -15 4 -14 5 -14 6 -14 6 -13 6 -13 7 -13 7 -12 8 -12 9 -12 10 -12 10 0 0 0 0 0 0 0 0 0 0]"
"1772697614471156,CSI_DATA,STATION,00:00:00:00:00:00,0,0,0,0,0,0,0,0,0,0,0,0,0,0,0,0,0,0,0,0,0,128,[84 -64 4 0 0 0 0 0 0 0 0 0 -1 -17 0 -17 0 -17 1 -19 2 -18 2 -19 3 -17 3 -18 4 -18 4 -18 4 -17 5 -18 5 -18 5 -18 6 -18 6 -18 7 -16 7 -16 7 -17 7 -16 7 -15 7 -16 7 -14 7 -15 7 -14 6 -14 0 0 5 -13 5 -13 4 -13 5 -13 3 -14 3 -14 3 -13 2 -13 2 -13 1 -13 1 -13 1 -13 0 -12 0 -13 0 -12 -1 -12 -1 -12 -2 -12 -3 -12 -2 -12 -4 -12 -4 -12 -4 -12 -5 -12 -6 -12 -6 -12 0 0 0 0 0 0 0 0 0 0]"
"1772697614487188,CSI_DATA,STATION,00:00:00:00:00:00,0,0,0,0,0,0,0,0,0,0,0,0,0,0,0,0,0,0,0,0,0,128,[84 -64 4 0 0 0 0 0 0 0 0 0 -21 -8 -21 -9 -21 -9 -22 -10 -20 -11 -20 -12 -20 -12 -19 -14 -20 -13 -19 -14 -19 -14 -19 -15 -18 -15 -19 -15 -18 -16 -18 -16 -17 -17 -16 -17 -16 -17 -15 -17 -15 -17 -14 -16 -13 -16 -14 -15 -14 -15 -14 -14 0 0 -13 -13 -14 -12 -14 -12 -13 -11 -14 -11 -14 -11 -14 -10 -14 -10 -14 -9 -15 -9 -16 -9 -14 -8 -15 -8 -15 -8 -15 -7 -15 -6 -15 -6 -15 -5 -15 -5 -15 -4 -16 -4 -16 -3 -16 -2 -17 -1 -17 -1 -17 -1 0 0 0 0 0 0 0 0 0 0]"
"1772697614487188,CSI_DATA,STATION,00:00:00:00:00:00,0,0,0,0,0,0,0,0,0,0,0,0,0,0,0,0,0,0,0,0,0,128,[84 -64 4 0 0 0 0 0 0 0 0 0 -24 4 -25 3 -25 3 -26 2 -25 1 -26 0 -26 -1 -26 -2 -25 -3 -26 -3 -27 -2 -27 -3 -27 -4 -27 -4 -26 -5 -27 -5 -26 -7 -25 -7 -25 -7 -24 -7 -24 -7 -23 -7 -22 -7 -22 -6 -22 -6 -22 -6 0 0 -20 -5 -20 -4 -20 -3 -20 -3 -19 -3 -19 -2 -19 -2 -19 -2 -19 -1 -19 0 -19 1 -18 1 -18 1 -18 2 -18 2 -18 3 -17 4 -17 4 -17 4 -16 6 -16 6 -16 6 -16 8 -16 10 -16 10 -16 10 0 0 0 0 0 0 0 0 0 0]"
"1772697614487188,CSI_DATA,STATION,00:00:00:00:00:00,0,0,0,0,0,0,0,0,0,0,0,0,0,0,0,0,0,0,0,0,0,128,[84 -64 4 0 0 0 0 0 0 0 0 0 -17 10 -17 10 -17 9 -18 9 -19 8 -19 8 -19 7 -19 6 -20 5 -20 6 -20 5 -20 5 -21 5 -20 5 -21 4 -21 4 -20 3 -20 3 -20 2 -19 1 -19 1 -18 2 -19 1 -18 2 -18 2 -17 2 0 0 -16 1 -15 3 -15 4 -14 4 -15 4 -15 4 -14 4 -14 4 -14 5 -13 5 -13 7 -13 7 -13 6 -12 7 -11 7 -11 7 -11 7 -11 8 -10 8 -9 8 -9 9 -9 10 -8 10 -7 11 -8 12 -8 11 0 0 0 0 0 0 0 0 0 0]"
"1772697614502972,CSI_DATA,STATION,00:00:00:00:00:00,0,0,0,0,0,0,0,0,0,0,0,0,0,0,0,0,0,0,0,0,0,128,[84 -64 4 0 0 0 0 0 0 0 0 0 -12 -11 -13 -12 -12 -12 -13 -13 -11 -13 -11 -13 -11 -14 -10 -14 -10 -14 -9 -14 -10 -15 -10 -15 -9 -16 -9 -15 -8 -16 -9 -16 -8 -16 -7 -15 -7 -16 -6 -15 -6 -15 -5 -16 -5 -14 -6 -15 -6 -14 -6 -13 0 0 -6 -13 -6 -12 -7 -12 -7 -11 -7 -12 -7 -11 -7 -12 -7 -11 -8 -10 -8 -9 -9 -9 -8 -10 -8 -10 -9 -9 -9 -8 -9 -8 -10 -8 -10 -7 -10 -6 -10 -6 -11 -6 -11 -6 -11 -6 -12 -5 -12 -5 -12 -4 0 0 0 0 0 0 0 0 0 0]"
"1772697614502972,CSI_DATA,STATION,00:00:00:00:00:00,0,0,0,0,0,0,0,0,0,0,0,0,0,0,0,0,0,0,0,0,0,128,[84 -64 4 0 0 0 0 0 0 0 0 0 -19 0 -20 0 -20 -1 -20 -1 -20 -2 -20 -3 -21 -3 -21 -4 -21 -5 -20 -4 -21 -5 -20 -5 -20 -6 -20 -6 -20 -8 -20 -6 -19 -7 -18 -7 -18 -8 -18 -8 -18 -8 -17 -8 -16 -8 -17 -8 -16 -7 -16 -7 0 0 -16 -6 -15 -5 -15 -5 -15 -5 -16 -4 -15 -4 -15 -4 -14 -3 -16 -2 -15 -2 -15 -1 -14 -1 -14 -1 -14 0 -14 0 -14 1 -14 0 -13 1 -14 3 -13 3 -13 3 -13 4 -13 4 -13 6 -14 6 -14 6 0 0 0 0 0 0 0 0 0 0]"
"1772697614502972,CSI_DATA,STATION,00:00:00:00:00:00,0,0,0,0,0,0,0,0,0,0,0,0,0,0,0,0,0,0,0,0,0,128,[84 -64 4 0 0 0 0 0 0 0 0 0 -6 21 -6 21 -7 22 -8 22 -9 21 -10 21 -9 21 -11 20 -11 20 -12 19 -12 20 -13 20 -13 20 -13 20 -14 19 -14 20 -15 18 -15 17 -15 17 -14 16 -15 16 -14 16 -14 15 -13 15 -13 15 -12 15 0 0 -11 14 -11 15 -10 14 -10 14 -9 14 -9 15 -8 15 -8 14 -7 15 -7 14 -7 15 -6 14 -6 15 -6 15 -4 14 -4 15 -3 15 -3 15 -2 14 -1 15 -1 15 0 15 0 16 1 16 1 16 2 16 0 0 0 0 0 0 0 0 0 0]"
"1772697614519076,CSI_DATA,STATION,00:00:00:00:00:00,0,0,0,0,0,0,0,0,0,0,0,0,0,0,0,0,0,0,0,0,0,128,[84 -64 4 0 0 0 0 0 0 0 0 0 -16 -19 -15 -21 -15 -21 -15 -23 -13 -22 -12 -23 -12 -22 -11 -24 -10 -24 -10 -24 -11 -25 -11 -25 -10 -25 -10 -25 -8 -26 -9 -26 -7 -26 -6 -25 -6 -25 -6 -24 -5 -24 -4 -24 -5 -22 -5 -22 -6 -22 -6 -21 0 0 -7 -20 -6 -20 -7 -20 -7 -18 -8 -18 -9 -18 -9 -17 -9 -17 -9 -17 -10 -16 -11 -16 -10 -15 -11 -15 -11 -15 -11 -14 -12 -14 -12 -13 -13 -13 -13 -12 -14 -11 -14 -11 -15 -11 -16 -9 -17 -9 -17 -9 -18 -9 0 0 0 0 0 0 0 0 0 0]"
"1772697614519076,CSI_DATA,STATION,00:00:00:00:00:00,0,0,0,0,0,0,0,0,0,0,0,0,0,0,0,0,0,0,0,0,0,128,[84 -64 4 0 0 0 0 0 0 0 0 0 11 10 11 10 11 11 10 13 9 12 10 13 9 13 9 13 8 13 7 13 9 14 8 14 7 15 7 15 6 15 6 15 6 15 5 15 5 15 4 14 4 15 4 14 3 13 4 14 4 13 5 13 0 0 4 12 5 11 5 12 5 11 4 12 6 11 6 11 5 10 6 10 6 9 7 9 6 9 7 9 7 9 7 8 8 8 8 8 9 6 8 6 8 5 9 6 9 6 10 5 10 5 10 5 11 4 0 0 0 0 0 0 0 0 0 0]"
"1772697614519076,CSI_DATA,STATION,00:00:00:00:00:00,0,0,0,0,0,0,0,0,0,0,0,0,0,0,0,0,0,0,0,0,0,128,[84 -64 4 0 0 0 0 0 0 0 0 0 7 15 6 15 6 16 5 17 4 17 4 17 4 17 3 16 3 17 2 17 2 17 2 17 1 18 1 17 0 18 0 17 -1 18 -1 17 -1 17 -1 16 -2 16 -2 16 -2 15 -1 15 -2 15 -1 14 0 0 -1 14 -1 13 0 13 1 12 1 13 1 13 1 13 2 12 2 12 3 12 3 12 3 12 3 11 4 11 3 10 4 11 5 11 5 10 5 9 5 9 6 9 6 10 7 9 8 8 8 8 8 8 0 0 0 0 0 0 0 0 0 0]"
"1772697614534895,CSI_DATA,STATION,00:00:00:00:00:00,0,0,0,0,0,0,0,0,0,0,0,0,0,0,0,0,0,0,0,0,0,128,[84 -64 4 0 0 0 0 0 0 0 0 0 -3 18 -5 18 -6 18 -7 20 -7 18 -7 18 -8 18 -10 18 -10 18 -9 17 -10 18 -10 17 -10 17 -11 18 -12 18 -11 16 -12 16 -11 14 -13 16 -13 15 -12 15 -13 14 -12 13 -11 14 -11 13 -11 12 0 0 -10 12 -9 13 -9 14 -7 12 -8 14 -8 13 -8 13 -6 13 -6 13 -6 12 -5 13 -5 13 -5 13 -4 13 -4 12 -3 13 -2 13 -1 12 0 13 0 12 0 13 1 13 1 13 2 13 2 14 3 14 0 0 0 0 0 0 0 0 0 0]"
"1772697614550942,CSI_DATA,STATION,00:00:00:00:00:00,0,0,0,0,0,0,0,0,0,0,0,0,0,0,0,0,0,0,0,0,0,128,[84 -64 4 0 0 0 0 0 0 0 0 0 -3 -17 -2 -18 -1 -18 0 -19 1 -18 0 -18 1 -18 2 -18 3 -18 3 -18 2 -19 3 -18 3 -18 4 -18 5 -18 4 -18 5 -17 5 -16 5 -17 6 -16 6 -16 5 -15 5 -14 6 -16 5 -16 4 -14 0 0 4 -14 3 -13 3 -13 3 -13 2 -14 2 -14 2 -14 1 -13 1 -13 0 -13 0 -13 0 -13 -1 -13 -1 -12 -1 -12 -2 -12 -2 -12 -3 -12 -3 -12 -4 -11 -4 -12 -5 -12 -5 -12 -6 -12 -6 -11 -7 -12 0 0 0 0 0 0 0 0 0 0]"
"1772697614614835,CSI_DATA,STATION,00:00:00:00:00:00,0,0,0,0,0,0,0,0,0,0,0,0,0,0,0,0,0,0,0,0,0,128,[84 -64 4 0 0 0 0 0 0 0 0 0 45 8 40 -1 59 12 55 2 46 7 52 -7 67 17 40 -4 53 4 59 14 92 11 85 32 90 31 78 12 70 21 102 23 86 36 68 15 78 30 70 23 63 37 86 43 61 8 83 24 94 27 86 25 0 0 95 33 97 33 104 22 97 33 76 17 89 27 92 23 90 22 87 28 81 25 86 43 73 24 80 15 80 41 77 47 108 38 116 44 76 24 90 38 68 12 85 22 89 21 72 5 75 14 75 16 61 10 0 0 0 0 0 0 0 0 0 0]"
"1772697614614835,CSI_DATA,STATION,00:00:00:00:00:00,0,0,0,0,0,0,0,0,0,0,0,0,0,0,0,0,0,0,0,0,0,128,[84 -64 4 0 0 0 0 0 0 0 0 0 -16 -9 -15 -9 -16 -10 -16 -11 -15 -11 -15 -12 -14 -12 -13 -13 -13 -13 -13 -13 -14 -13 -13 -14 -13 -14 -12 -15 -12 -15 -12 -15 -11 -15 -11 -15 -10 -16 -10 -15 -9 -15 -9 -15 -8 -14 -9 -14 -8 -13 -9 -13 0 0 -9 -12 -9 -11 -9 -11 -10 -10 -9 -11 -9 -10 -10 -11 -10 -10 -10 -9 -10 -8 -11 -8 -10 -8 -11 -8 -10 -8 -11 -7 -11 -6 -11 -6 -11 -5 -11 -5 -12 -4 -12 -4 -12 -4 -12 -4 -12 -2 -13 -2 -13 -2 0 0 0 0 0 0 0 0 0 0]"
"1772697614630790,CSI_DATA,STATION,00:00:00:00:00:00,0,0,0,0,0,0,0,0,0,0,0,0,0,0,0,0,0,0,0,0,0,128,[84 -64 4 0 0 0 0 0 0 0 0 0 18 -6 19 -6 19 -5 19 -4 19 -3 20 -3 20 -2 20 -2 20 -1 20 0 21 0 21 0 20 0 20 1 21 2 20 1 19 2 20 2 19 2 19 3 18 3 18 2 17 3 17 2 16 2 16 2 0 0 16 1 15 0 14 0 14 -1 14 -1 15 -1 15 -1 14 -2 14 -2 14 -3 13 -3 12 -3 13 -4 13 -4 12 -5 12 -5 12 -6 11 -7 11 -6 11 -8 11 -8 10 -9 10 -10 9 -10 10 -10 10 -10 0 0 0 0 0 0 0 0 0 0]"
"1772697614630790,CSI_DATA,STATION,00:00:00:00:00:00,0,0,0,0,0,0,0,0,0,0,0,0,0,0,0,0,0,0,0,0,0,128,[84 -64 4 0 0 0 0 0 0 0 0 0 -18 -5 -20 -5 -18 -7 -20 -8 -18 -8 -19 -9 -18 -9 -19 -10 -19 -10 -18 -11 -19 -11 -19 -11 -18 -11 -18 -12 -18 -12 -17 -12 -17 -13 -16 -12 -16 -13 -16 -13 -14 -13 -14 -13 -14 -12 -14 -12 -14 -12 -14 -11 0 0 -13 -10 -13 -9 -14 -9 -14 -9 -14 -9 -14 -8 -14 -8 -13 -7 -14 -6 -14 -5 -15 -5 -13 -5 -13 -5 -13 -4 -14 -4 -14 -3 -13 -3 -14 -2 -13 -1 -14 -1 -14 0 -14 0 -14 1 -14 2 -14 2 -14 3 0 0 0 0 0 0 0 0 0 0]"
"1772697614646690,CSI_DATA,STATION,00:00:00:00:00:00,0,0,0,0,0,0,0,0,0,0,0,0,0,0,0,0,0,0,0,0,0,128,[84 -64 4 0 0 0 0 0 0 0 0 0 -1 19 -1 19 -2 20 -3 20 -4 19 -4 19 -5 19 -6 19 -7 18 -6 19 -7 19 -7 19 -8 19 -8 19 -9 19 -9 19 -9 17 -10 16 -10 17 -10 17 -10 16 -10 16 -10 14 -9 15 -9 15 -8 14 0 0 -8 13 -7 13 -6 14 -7 13 -6 14 -6 13 -6 14 -5 13 -4 14 -3 13 -3 14 -3 14 -3 14 -2 14 -2 13 -1 13 -1 14 0 12 0 13 1 12 2 12 2 13 3 13 4 13 4 13 4 13 0 0 0 0 0 0 0 0 0 0]"
"1772697614646690,CSI_DATA,STATION,00:00:00:00:00:00,0,0,0,0,0,0,0,0,0,0,0,0,0,0,0,0,0,0,0,0,0,128,[84 -64 4 0 0 0 0 0 0 0 0 0 7 16 8 18 7 18 5 19 6 19 5 18 3 19 4 19 3 19 2 19 3 19 3 19 2 21 1 21 1 20 1 20 0 19 0 20 -1 20 -1 19 -2 19 -2 18 -2 17 -1 17 -1 17 0 16 0 0 0 15 0 15 0 15 2 14 1 14 2 15 1 15 2 14 3 13 3 13 4 13 4 13 5 13 5 13 4 12 5 11 6 12 6 10 7 10 7 10 8 10 8 10 8 10 9 9 10 8 11 8 0 0 0 0 0 0 0 0 0 0]"
"1772697614646690,CSI_DATA,STATION,00:00:00:00:00:00,0,0,0,0,0,0,0,0,0,0,0,0,0,0,0,0,0,0,0,0,0,128,[84 -64 4 0 0 0 0 0 0 0 0 0 1 -19 2 -20 2 -20 3 -20 5 -21 5 -19 5 -20 6 -20 6 -20 6 -20 6 -20 6 -20 7 -20 7 -20 8 -19 8 -19 9 -18 9 -18 9 -19 9 -18 10 -17 9 -16 9 -15 8 -16 8 -16 7 -15 0 0 7 -15 6 -14 6 -15 5 -14 4 -15 5 -16 4 -16 3 -14 4 -14 2 -14 1 -14 1 -15 1 -14 1 -14 1 -14 0 -13 -1 -14 -2 -14 -2 -13 -2 -13 -3 -13 -3 -14 -4 -14 -5 -13 -6 -14 -6 -13 0 0 0 0 0 0 0 0 0 0]"
"1772697614663221,CSI_DATA,STATION,00:00:00:00:00:00,0,0,0,0,0,0,0,0,0,0,0,0,0,0,0,0,0,0,0,0,0,128,[84 -64 4 0 0 0 0 0 0 0 0 0 7 15 7 15 7 16 6 16 5 17 5 17 4 16 3 17 3 17 3 17 3 17 3 17 2 18 2 18 0 18 1 18 1 17 1 17 0 17 0 17 -1 16 -1 16 -1 15 -1 15 0 15 0 14 0 0 0 13 0 13 1 13 2 13 1 13 3 13 2 13 3 12 3 12 3 12 4 12 4 12 4 11 5 11 4 10 5 10 6 9 6 9 7 8 7 8 7 8 7 9 8 8 9 8 9 8 10 7 0 0 0 0 0 0 0 0 0 0]"
"1772697614679028,CSI_DATA,STATION,00:00:00:00:00:00,0,0,0,0,0,0,0,0,0,0,0,0,0,0,0,0,0,0,0,0,0,128,[84 -64 4 0 0 0 0 0 0 0 0 0 21 5 21 6 21 6 22 7 20 8 20 9 20 9 20 10 19 11 20 11 20 11 21 12 19 12 19 12 18 13 19 14 17 14 17 14 17 14 16 14 15 14 15 14 14 13 15 12 15 12 15 11 0 0 14 10 14 10 14 10 14 9 14 8 15 8 14 8 14 7 14 7 14 6 15 5 14 5 14 5 15 5 14 4 15 4 15 2 15 2 15 2 15 1 15 0 15 1 15 -1 16 -2 16 -2 16 -3 0 0 0 0 0 0 0 0 0 0]"
"1772697614694740,CSI_DATA,STATION,00:00:00:00:00:00,0,0,0,0,0,0,0,0,0,0,0,0,0,0,0,0,0,0,0,0,0,128,[84 -64 4 0 0 0 0 0 0 0 0 0 -4 16 -5 16 -6 16 -6 17 -6 16 -8 16 -8 16 -9 15 -9 15 -9 16 -10 16 -10 15 -10 15 -10 15 -11 15 -11 14 -12 13 -12 12 -12 13 -12 13 -12 12 -12 11 -11 10 -11 11 -10 11 -10 11 0 0 -10 10 -8 11 -8 11 -7 11 -8 11 -7 12 -7 12 -7 11 -7 11 -6 10 -5 12 -5 11 -5 11 -4 11 -4 11 -4 11 -3 11 -2 11 -2 11 -2 11 -1 11 -1 12 0 11 1 12 1 12 1 12 0 0 0 0 0 0 0 0 0 0]"
"1772697614694740,CSI_DATA,STATION,00:00:00:00:00:00,0,0,0,0,0,0,0,0,0,0,0,0,0,0,0,0,0,0,0,0,0,128,[84 -64 4 0 0 0 0 0 0 0 0 0 1 -20 2 -20 2 -20 3 -20 4 -20 4 -19 5 -19 6 -19 6 -19 7 -20 6 -20 6 -19 8 -20 8 -20 9 -19 8 -19 8 -18 8 -18 8 -18 9 -18 10 -16 9 -16 8 -16 8 -15 8 -16 7 -15 0 0 6 -15 6 -15 5 -15 4 -14 4 -15 4 -16 4 -16 3 -15 2 -15 2 -14 1 -15 1 -15 1 -15 0 -14 0 -14 -1 -13 -1 -14 -2 -13 -3 -13 -3 -13 -4 -13 -5 -13 -6 -14 -6 -13 -6 -13 -7 -13 0 0 0 0 0 0 0 0 0 0]"
"1772697614694740,CSI_DATA,STATION,00:00:00:00:00:00,0,0,0,0,0,0,0,0,0,0,0,0,0,0,0,0,0,0,0,0,0,128,[84 -64 4 0 0 0 0 0 0 0 0 0 -15 12 -16 11 -16 11 -18 10 -17 10 -18 9 -18 8 -19 8 -18 7 -19 8 -19 8 -19 8 -19 7 -19 7 -20 6 -20 6 -20 5 -20 5 -19 5 -19 4 -18 4 -18 3 -17 3 -18 4 -17 4 -16 4 0 0 -15 4 -15 5 -14 6 -14 5 -15 6 -14 6 -14 6 -13 6 -14 6 -12 7 -12 8 -12 7 -11 8 -11 8 -11 8 -10 8 -9 8 -9 9 -9 9 -8 9 -8 10 -8 10 -7 11 -7 12 -7 12 -7 13 0 0 0 0 0 0 0 0 0 0]"
"1772697614710564,CSI_DATA,STATION,00:00:00:00:00:00,0,0,0,0,0,0,0,0,0,0,0,0,0,0,0,0,0,0,0,0,0,128,[84 -64 4 0 0 0 0 0 0 0 0 0 2 -18 4 -20 4 -20 5 -20 6 -20 6 -19 7 -18 7 -19 8 -19 8 -19 8 -19 8 -19 9 -18 9 -18 11 -18 10 -17 11 -16 11 -16 11 -17 11 -16 11 -15 11 -15 10 -14 10 -14 10 -14 9 -14 0 0 8 -13 8 -13 7 -13 7 -14 7 -14 6 -14 6 -15 5 -14 5 -14 5 -13 4 -14 4 -14 3 -14 3 -14 3 -13 2 -13 1 -14 0 -14 1 -13 0 -13 -1 -13 -1 -14 -2 -14 -3 -14 -3 -14 -3 -14 0 0 0 0 0 0 0 0 0 0]"
"1772697614710564,CSI_DATA,STATION,00:00:00:00:00:00,0,0,0,0,0,0,0,0,0,0,0,0,0,0,0,0,0,0,0,0,0,128,[84 -64 4 0 0 0 0 0 0 0 0 0 16 -4 17 -4 16 -3 17 -3 16 -2 17 -1 17 -1 18 -1 17 0 17 1 17 0 18 0 17 1 18 1 18 2 18 2 17 2 16 3 17 3 16 3 15 4 15 4 15 3 14 3 14 3 14 2 0 0 14 1 13 1 13 1 12 1 13 0 13 0 12 0 12 -1 13 -1 12 -2 12 -2 11 -2 12 -2 12 -3 11 -3 11 -4 10 -5 10 -5 10 -5 10 -6 10 -6 9 -6 9 -7 8 -8 9 -8 9 -9 0 0 0 0 0 0 0 0 0 0]"
"1772697614710564,CSI_DATA,STATION,00:00:00:00:00:00,0,0,0,0,0,0,0,0,0,0,0,0,0,0,0,0,0,0,0,0,0,128,[84 -64 4 0 0 0 0 0 0 0 0 0 17 -5 18 -5 18 -5 19 -4 19 -3 19 -2 19 -1 20 -1 20 0 19 0 19 0 20 0 20 1 20 1 20 2 20 2 19 3 18 3 18 3 18 4 18 5 17 4 16 4 17 3 16 3 16 3 0 0 15 3 14 2 14 2 14 1 14 1 14 1 14 1 14 0 14 -1 13 -1 14 -2 13 -2 13 -2 12 -3 13 -3 12 -4 12 -4 12 -4 11 -5 11 -5 12 -6 11 -6 11 -7 10 -8 11 -9 12 -9 0 0 0 0 0 0 0 0 0 0]"
"1772697614726314,CSI_DATA,STATION,00:00:00:00:00:00,0,0,0,0,0,0,0,0,0,0,0,0,0,0,0,0,0,0,0,0,0,128,[84 -64 4 0 0 0 0 0 0 0 0 0 7 -16 8 -16 8 -16 9 -16 9 -16 10 -16 11 -14 11 -14 12 -14 12 -14 12 -14 12 -14 12 -14 12 -14 13 -13 13 -13 13 -12 13 -11 13 -12 13 -12 12 -10 12 -11 12 -9 11 -10 11 -10 11 -10 0 0 10 -10 9 -10 8 -11 8 -11 9 -11 8 -11 8 -11 8 -11 7 -11 5 -11 6 -11 6 -11 5 -12 5 -12 5 -11 4 -11 4 -12 3 -12 3 -11 2 -12 2 -12 1 -12 1 -13 0 -13 0 -13 0 -13 0 0 0 0 0 0 0 0 0 0]"
"1772697614726314,CSI_DATA,STATION,00:00:00:00:00:00,0,0,0,0,0,0,0,0,0,0,0,0,0,0,0,0,0,0,0,0,0,128,[84 -64 4 0 0 0 0 0 0 0 0 0 -17 4 -18 3 -18 3 -19 2 -18 2 -19 0 -19 0 -18 -1 -19 -1 -18 -1 -19 -1 -19 -1 -19 -1 -19 -1 -19 -3 -18 -2 -18 -2 -18 -3 -18 -2 -17 -4 -17 -4 -17 -4 -16 -4 -16 -2 -15 -3 -15 -3 0 0 -15 -2 -13 -2 -14 0 -15 -1 -14 0 -14 0 -13 0 -13 1 -13 1 -13 2 -13 3 -13 3 -11 3 -12 3 -11 3 -11 5 -11 4 -11 5 -10 5 -10 5 -11 6 -10 7 -9 7 -10 8 -10 9 -10 9 0 0 0 0 0 0 0 0 0 0]"
"1772697614726314,CSI_DATA,STATION,00:00:00:00:00:00,0,0,0,0,0,0,0,0,0,0,0,0,0,0,0,0,0,0,0,0,0,128,[84 -64 4 0 0 0 0 0 0 0 0 0 15 7 15 8 14 8 15 9 15 9 14 10 14 10 14 10 13 11 13 11 13 12 13 12 12 12 12 13 11 13 13 12 11 12 11 13 11 13 10 13 9 13 10 13 9 12 9 12 8 12 9 11 0 0 9 10 9 10 9 9 10 9 9 8 9 9 10 8 9 7 10 7 10 6 11 6 10 6 10 6 10 6 11 5 10 4 11 4 11 3 11 3 10 2 11 2 11 1 11 1 12 0 12 0 12 -1 0 0 0 0 0 0 0 0 0 0]"
"1772697614742319,CSI_DATA,STATION,00:00:00:00:00:00,0,0,0,0,0,0,0,0,0,0,0,0,0,0,0,0,0,0,0,0,0,128,[84 -64 4 0 0 0 0 0 0 0 0 0 21 1 22 2 21 2 23 3 21 4 22 4 21 5 22 6 21 6 21 6 22 6 22 7 22 7 22 7 22 9 21 9 21 10 19 10 20 11 19 10 18 10 18 11 16 10 17 9 17 9 17 8 0 0 16 7 16 7 16 6 15 6 16 5 16 5 16 5 16 4 16 4 15 3 16 3 15 3 16 2 17 2 15 2 16 1 15 0 15 -1 15 -1 15 -1 15 -2 15 -2 15 -4 15 -5 15 -5 16 -6 0 0 0 0 0 0 0 0 0 0]"
"1772697614742319,CSI_DATA,STATION,00:00:00:00:00:00,0,0,0,0,0,0,0,0,0,0,0,0,0,0,0,0,0,0,0,0,0,128,[84 -64 4 0 0 0 0 0 0 0 0 0 -16 -7 -16 -7 -17 -8 -17 -9 -16 -9 -16 -10 -15 -9 -15 -10 -14 -10 -15 -11 -15 -11 -15 -12 -14 -12 -14 -13 -14 -13 -14 -13 -13 -14 -12 -13 -12 -14 -11 -14 -11 -13 -11 -13 -10 -13 -10 -13 -10 -12 -10 -11 0 0 -10 -10 -10 -10 -10 -10 -11 -9 -10 -10 -11 -9 -11 -9 -11 -9 -11 -8 -11 -8 -12 -7 -11 -7 -11 -7 -11 -6 -12 -6 -11 -5 -12 -5 -12 -5 -12 -4 -12 -3 -12 -3 -12 -4 -12 -3 -12 -2 -13 -2 -13 -1 0 0 0 0 0 0 0 0 0 0]"
"1772697614742319,CSI_DATA,STATION,00:00:00:00:00:00,0,0,0,0,0,0,0,0,0,0,0,0,0,0,0,0,0,0,0,0,0,128,[84 -64 4 0 0 0 0 0 0 0 0 0 -7 15 -8 15 -8 15 -10 15 -10 15 -10 14 -10 14 -11 13 -10 14 -11 13 -12 13 -12 13 -13 13 -13 13 -13 13 -13 12 -13 11 -14 11 -14 11 -14 10 -13 10 -13 10 -13 9 -13 9 -12 9 -12 9 0 0 -11 9 -10 9 -10 9 -9 9 -10 9 -9 9 -9 9 -8 9 -8 9 -8 10 -7 10 -7 10 -7 11 -6 10 -6 10 -5 11 -5 11 -5 11 -4 10 -3 11 -4 11 -3 11 -2 11 -1 12 -2 12 -1 12 0 0 0 0 0 0 0 0 0 0]"
"1772697614758060,CSI_DATA,STATION,00:00:00:00:00:00,0,0,0,0,0,0,0,0,0,0,0,0,0,0,0,0,0,0,0,0,0,128,[84 -64 4 0 0 0 0 0 0 0 0 0 15 5 15 6 15 7 16 7 15 8 14 8 14 9 14 9 14 9 14 9 14 11 14 11 13 11 13 11 13 12 13 11 12 12 11 12 12 12 11 12 11 12 10 11 10 11 10 11 9 10 10 9 0 0 9 9 10 9 10 8 10 8 11 8 10 8 10 7 10 6 10 6 10 6 11 5 10 5 10 5 11 5 11 4 11 3 11 3 11 2 11 2 11 1 11 1 11 1 11 1 11 -1 12 -1 12 -1 0 0 0 0 0 0 0 0 0 0]"
"1772697614758060,CSI_DATA,STATION,00:00:00:00:00:00,0,0,0,0,0,0,0,0,0,0,0,0,0,0,0,0,0,0,0,0,0,128,[84 -64 4 0 0 0 0 0 0 0 0 0 14 6 15 7 14 8 15 8 14 9 14 9 14 10 14 10 14 10 13 11 14 11 13 11 13 12 12 12 12 13 12 13 11 13 10 13 10 14 10 14 9 13 9 13 9 12 8 12 9 11 10 11 0 0 9 10 8 9 9 10 9 9 9 9 9 9 10 8 9 8 9 8 9 7 10 7 9 7 10 6 10 6 10 6 10 5 10 5 10 4 11 4 10 3 11 3 10 3 11 2 11 2 12 1 12 1 0 0 0 0 0 0 0 0 0 0]"
"1772697614758060,CSI_DATA,STATION,00:00:00:00:00:00,0,0,0,0,0,0,0,0,0,0,0,0,0,0,0,0,0,0,0,0,0,128,[84 -64 4 0 0 0 0 0 0 0 0 0 16 -1 17 0 16 0 17 0 17 1 17 2 17 2 16 3 17 3 16 4 17 4 17 5 17 5 16 5 17 6 17 5 16 5 16 5 16 7 15 6 14 7 14 6 13 7 13 6 13 6 13 5 0 0 12 4 13 4 12 3 13 3 13 2 12 2 13 2 12 2 13 1 12 1 12 0 12 0 12 0 12 0 12 -1 12 -2 11 -2 11 -3 11 -3 11 -4 11 -4 10 -4 10 -5 11 -6 11 -6 11 -7 0 0 0 0 0 0 0 0 0 0]"
"1772697614758060,CSI_DATA,STATION,00:00:00:00:00:00,0,0,0,0,0,0,0,0,0,0,0,0,0,0,0,0,0,0,0,0,0,128,[84 -64 4 0 0 0 0 0 0 0 0 0 -17 1 -18 0 -18 0 -19 -1 -19 -2 -18 -2 -18 -3 -18 -3 -18 -5 -19 -4 -18 -4 -19 -5 -18 -5 -18 -6 -18 -7 -18 -7 -17 -7 -16 -7 -16 -7 -16 -8 -15 -8 -15 -8 -14 -7 -14 -7 -14 -7 -14 -6 0 0 -14 -6 -14 -6 -13 -5 -14 -4 -13 -5 -13 -4 -14 -4 -13 -4 -13 -3 -13 -2 -14 -2 -13 -2 -12 -2 -13 -1 -13 -2 -13 0 -13 0 -12 0 -12 1 -12 1 -13 1 -12 2 -12 2 -12 4 -12 3 -12 4 0 0 0 0 0 0 0 0 0 0]"
"1772697614773724,CSI_DATA,STATION,00:00:00:00:00:00,0,0,0,0,0,0,0,0,0,0,0,0,0,0,0,0,0,0,0,0,0,128,[84 -64 4 0 0 0 0 0 0 0 0 0 11 12 10 13 10 15 9 15 9 16 8 16 7 15 7 16 6 16 6 16 7 16 6 17 6 17 5 17 4 18 4 17 4 16 3 17 3 17 2 17 2 16 2 16 2 15 3 15 2 14 3 14 0 0 3 13 3 14 3 13 3 12 4 13 4 12 4 12 5 11 4 11 5 10 5 10 5 10 6 10 6 10 6 9 7 9 7 8 7 9 8 8 8 7 8 8 8 7 9 7 10 7 10 6 11 5 0 0 0 0 0 0 0 0 0 0]"
"1772697614773724,CSI_DATA,STATION,00:00:00:00:00:00,0,0,0,0,0,0,0,0,0,0,0,0,0,0,0,0,0,0,0,0,0,128,[84 -64 4 0 0 0 0 0 0 0 0 0 -22 0 -23 -2 -23 -2 -24 -2 -23 -4 -24 -4 -23 -5 -23 -5 -22 -6 -22 -6 -24 -6 -24 -7 -23 -7 -23 -7 -23 -9 -23 -9 -23 -10 -21 -10 -22 -11 -21 -10 -20 -10 -19 -10 -18 -9 -19 -9 -19 -9 -18 -8 0 0 -17 -7 -17 -6 -18 -6 -16 -5 -18 -5 -18 -4 -17 -4 -17 -4 -17 -4 -17 -2 -18 -2 -17 -2 -16 -2 -17 -1 -16 -1 -17 -1 -16 0 -17 1 -16 1 -16 2 -16 3 -16 3 -15 5 -16 6 -16 6 -16 6 0 0 0 0 0 0 0 0 0 0]"
"1772697614789531,CSI_DATA,STATION,00:00:00:00:00:00,0,0,0,0,0,0,0,0,0,0,0,0,0,0,0,0,0,0,0,0,0,128,[84 -64 4 0 0 0 0 0 0 0 0 0 -5 -19 -5 -19 -4 -20 -4 -20 -3 -21 -3 -20 -2 -20 -1 -21 0 -20 -1 -22 0 -20 0 -21 1 -21 1 -21 2 -21 2 -21 3 -20 3 -19 4 -19 4 -19 4 -19 4 -19 4 -17 4 -18 4 -17 3 -17 0 0 2 -16 2 -16 2 -16 1 -16 1 -15 1 -16 1 -16 -1 -15 -1 -15 -1 -15 -2 -14 -1 -14 -2 -15 -2 -15 -2 -13 -3 -14 -4 -14 -4 -13 -4 -13 -5 -12 -6 -13 -6 -13 -6 -13 -8 -12 -8 -12 -8 -12 0 0 0 0 0 0 0 0 0 0]"
"1772697614789531,CSI_DATA,STATION,00:00:00:00:00:00,0,0,0,0,0,0,0,0,0,0,0,0,0,0,0,0,0,0,0,0,0,128,[84 -64 4 0 0 0 0 0 0 0 0 0 23 -6 24 -5 24 -4 25 -4 24 -2 25 -1 25 -1 25 0 25 0 24 1 26 1 26 1 26 2 25 2 25 4 26 4 25 5 23 5 24 6 23 5 22 5 22 5 21 6 21 5 21 4 20 4 0 0 19 3 19 3 19 2 19 1 18 1 19 0 18 0 18 -1 18 -1 17 -2 18 -2 17 -2 17 -2 18 -3 17 -3 17 -4 16 -5 16 -5 16 -6 16 -7 16 -8 15 -8 15 -9 15 -10 15 -10 15 -11 0 0 0 0 0 0 0 0 0 0]"
"1772697614789531,CSI_DATA,STATION,00:00:00:00:00:00,0,0,0,0,0,0,0,0,0,0,0,0,0,0,0,0,0,0,0,0,0,128,[84 -64 4 0 0 0 0 0 0 0 0 0 -15 4 -16 4 -17 3 -18 2 -17 2 -16 2 -17 1 -17 0 -17 -1 -17 0 -17 -1 -17 -1 -17 -1 -18 -2 -17 -3 -18 -3 -16 -3 -16 -4 -16 -3 -15 -4 -15 -4 -15 -4 -14 -4 -15 -4 -15 -4 -15 -3 0 0 -14 -3 -13 -2 -13 -2 -13 -2 -13 -2 -13 -1 -14 -1 -13 0 -13 0 -12 1 -13 1 -12 1 -12 1 -12 2 -12 1 -12 3 -12 3 -10 3 -11 4 -10 4 -11 4 -11 5 -11 6 -9 6 -11 6 -10 7 0 0 0 0 0 0 0 0 0 0]"
"1772697614789531,CSI_DATA,STATION,00:00:00:00:00:00,0,0,0,0,0,0,0,0,0,0,0,0,0,0,0,0,0,0,0,0,0,128,[84 -64 4 0 0 0 0 0 0 0 0 0 9 11 9 12 9 13 9 14 8 13 7 14 7 14 6 14 6 14 6 15 7 15 6 15 6 16 5 16 4 16 4 16 4 16 4 15 3 16 2 15 2 15 2 15 2 14 3 14 2 14 3 13 0 0 4 13 4 12 4 12 4 10 4 12 5 12 4 11 4 11 5 11 5 9 6 10 5 10 6 9 6 10 7 8 7 8 8 8 8 7 8 6 8 6 8 6 9 7 9 6 10 5 10 5 10 5 0 0 0 0 0 0 0 0 0 0]"
"1772697614805614,CSI_DATA,STATION,00:00:00:00:00:00,0,0,0,0,0,0,0,0,0,0,0,0,0,0,0,0,0,0,0,0,0,128,[84 -64 4 0 0 0 0 0 0 0 0 0 10 13 10 14 9 14 9 15 8 15 8 16 7 15 7 15 7 16 6 15 7 17 7 16 6 17 6 17 5 18 5 17 4 17 3 17 3 17 2 17 2 16 2 16 3 14 3 15 3 14 4 13 0 0 4 13 4 13 5 12 5 11 5 12 5 12 5 12 6 11 6 11 6 9 7 10 6 10 7 9 7 9 8 8 8 8 8 8 9 7 9 7 9 6 9 6 9 6 10 6 10 4 11 4 11 4 0 0 0 0 0 0 0 0 0 0]"
"1772697614805614,CSI_DATA,STATION,00:00:00:00:00:00,0,0,0,0,0,0,0,0,0,0,0,0,0,0,0,0,0,0,0,0,0,128,[84 -64 4 0 0 0 0 0 0 0 0 0 -6 15 -8 14 -9 15 -9 14 -10 15 -10 14 -11 14 -11 14 -11 13 -11 14 -11 14 -12 13 -13 14 -12 14 -13 12 -14 12 -13 11 -14 11 -14 11 -14 10 -13 10 -13 10 -13 9 -12 10 -12 10 -10 10 0 0 -11 9 -10 10 -9 9 -9 10 -9 10 -9 10 -9 10 -8 11 -8 10 -8 10 -7 11 -7 10 -6 11 -6 10 -6 11 -5 11 -4 11 -3 10 -3 11 -3 11 -3 11 -2 12 -1 12 -1 12 -1 12 0 12 0 0 0 0 0 0 0 0 0 0]"
"1772697614805614,CSI_DATA,STATION,00:00:00:00:00:00,0,0,0,0,0,0,0,0,0,0,0,0,0,0,0,0,0,0,0,0,0,128,[84 -64 4 0 0 0 0 0 0 0 0 0 -6 17 -7 18 -8 18 -9 19 -9 17 -10 17 -10 17 -10 17 -11 16 -11 16 -11 16 -12 16 -12 16 -13 16 -14 15 -13 15 -14 15 -13 13 -14 15 -14 14 -13 12 -13 12 -12 11 -12 12 -12 12 -12 11 0 0 -10 12 -10 12 -9 12 -9 12 -8 13 -8 12 -8 12 -7 12 -7 12 -5 12 -6 13 -6 13 -5 13 -4 13 -4 12 -4 13 -3 12 -2 13 -2 13 -2 12 -1 12 0 13 0 13 2 13 1 13 2 13 0 0 0 0 0 0 0 0 0 0]"
"1772697614821348,CSI_DATA,STATION,00:00:00:00:00:00,0,0,0,0,0,0,0,0,0,0,0,0,0,0,0,0,0,0,0,0,0,128,[84 -64 4 0 0 0 0 0 0 0 0 0 22 -6 23 -6 23 -5 25 -4 23 -3 25 -3 24 -2 24 -2 25 0 23 -1 25 0 25 1 25 1 25 1 25 3 24 3 24 3 22 3 23 4 22 4 21 5 21 5 20 4 20 4 20 4 20 3 0 0 19 2 17 2 18 1 18 0 18 0 18 -1 18 0 17 -2 17 -2 16 -3 16 -4 16 -3 16 -3 16 -4 15 -4 15 -6 15 -6 15 -7 14 -7 13 -8 13 -9 13 -9 12 -9 12 -11 13 -11 13 -12 0 0 0 0 0 0 0 0 0 0]"
"1772697614821348,CSI_DATA,STATION,00:00:00:00:00:00,0,0,0,0,0,0,0,0,0,0,0,0,0,0,0,0,0,0,0,0,0,128,[84 -64 4 0 0 0 0 0 0 0 0 0 -17 3 -17 3 -18 3 -17 2 -18 2 -18 1 -18 1 -18 0 -17 -1 -18 -1 -19 -1 -18 -2 -19 -2 -18 -2 -18 -3 -18 -2 -17 -3 -18 -4 -17 -3 -17 -3 -16 -3 -16 -3 -16 -4 -15 -4 -15 -4 -14 -3 0 0 -15 -2 -14 -1 -13 -1 -14 -1 -14 -1 -13 0 -13 0 -13 1 -13 2 -13 2 -13 2 -12 1 -12 2 -11 3 -12 3 -11 5 -11 4 -11 5 -10 5 -10 6 -10 6 -10 7 -10 7 -10 8 -10 8 -10 8 0 0 0 0 0 0 0 0 0 0]"
"1772697614852990,CSI_DATA,STATION,00:00:00:00:00:00,0,0,0,0,0,0,0,0,0,0,0,0,0,0,0,0,0,0,0,0,0,128,[84 -64 4 0 0 0 0 0 0 0 0 0 2 14 2 15 2 15 1 17 0 16 -1 16 -1 15 -1 15 -2 15 -2 15 -3 16 -3 16 -3 16 -4 16 -5 16 -5 16 -5 15 -5 14 -5 15 -6 14 -7 13 -6 14 -6 12 -5 13 -6 14 -5 12 0 0 -5 12 -4 13 -3 13 -3 12 -3 12 -3 12 -3 13 -2 12 -2 11 -1 11 0 12 -1 12 -1 12 0 11 0 11 1 11 1 11 2 10 2 10 3 9 3 10 3 11 4 10 5 10 4 10 5 10 0 0 0 0 0 0 0 0 0 0]"
"1772697614868768,CSI_DATA,STATION,00:00:00:00:00:00,0,0,0,0,0,0,0,0,0,0,0,0,0,0,0,0,0,0,0,0,0,128,[47 -16 2 0 0 0 0 0 0 0 0 0 -37 10 -38 8 -34 9 -32 6 -33 4 -31 3 -30 2 -27 3 -24 2 -23 1 -22 0 -21 3 -17 4 -15 5 -17 7 -15 8 -15 7 -14 10 -13 12 -13 11 -10 11 -11 10 -11 15 -8 16 -7 23 -7 22 0 0 -10 25 -7 27 -10 26 -10 32 -11 30 -14 30 -15 29 -15 32 -19 28 -19 30 -21 29 -21 28 -21 26 -18 23 -20 23 -21 20 -16 17 -15 18 -15 17 -12 16 -11 14 -11 16 -8 16 -7 15 -8 16 -5 16 0 0 0 0 0 0 0 0 0 0]"
"1772697614885047,CSI_DATA,STATION,00:00:00:00:00:00,0,0,0,0,0,0,0,0,0,0,0,0,0,0,0,0,0,0,0,0,0,128,[47 -16 2 0 0 0 0 0 0 0 0 0 19 30 18 33 16 30 18 29 12 27 11 28 8 28 9 24 10 24 11 18 5 20 9 14 10 15 10 13 11 11 13 7 13 12 16 6 16 6 19 6 16 4 17 4 17 2 18 0 17 -4 22 -3 0 0 27 -6 26 -6 28 -6 32 -7 31 -5 35 -4 34 -4 36 -2 34 1 37 0 34 1 31 3 31 2 30 4 28 3 25 3 24 0 23 2 22 0 20 -1 18 -3 18 -2 14 -4 14 -4 14 -8 15 -7 0 0 0 0 0 0 0 0 0 0]"
"1772697614885047,CSI_DATA,STATION,00:00:00:00:00:00,0,0,0,0,0,0,0,0,0,0,0,0,0,0,0,0,0,0,0,0,0,128,[47 -16 2 0 0 0 0 0 0 0 0 0 29 -25 27 -24 28 -22 26 -19 26 -16 25 -17 27 -14 22 -13 20 -11 18 -9 19 -11 15 -12 11 -11 13 -14 11 -12 8 -16 7 -16 9 -17 6 -15 5 -18 4 -16 4 -20 0 -17 -1 -17 -2 -21 -5 -23 0 0 -8 -25 -8 -29 -7 -30 -8 -33 -7 -34 -6 -34 -4 -38 -4 -34 1 -36 1 -34 1 -34 2 -33 4 -32 5 -29 4 -28 5 -28 3 -24 2 -24 0 -22 2 -21 -1 -20 -2 -19 -5 -17 -5 -17 -6 -18 -6 -16 0 0 0 0 0 0 0 0 0 0]"
"1772697614917025,CSI_DATA,STATION,00:00:00:00:00:00,0,0,0,0,0,0,0,0,0,0,0,0,0,0,0,0,0,0,0,0,0,128,[84 -64 4 0 0 0 0 0 0 0 0 0 18 0 17 0 18 1 18 2 18 3 18 3 18 4 18 5 18 5 18 5 18 5 18 5 17 6 17 7 18 7 18 7 16 8 15 8 15 8 15 9 14 8 13 9 13 8 14 7 14 7 13 6 0 0 13 6 13 6 13 5 13 4 12 4 14 4 13 4 12 3 13 3 12 2 13 1 12 2 12 1 12 0 12 0 12 0 12 -1 12 -2 12 -2 12 -2 12 -3 12 -3 11 -4 12 -5 12 -6 12 -6 0 0 0 0 0 0 0 0 0 0]"
"1772697614917025,CSI_DATA,STATION,00:00:00:00:00:00,0,0,0,0,0,0,0,0,0,0,0,0,0,0,0,0,0,0,0,0,0,128,[84 -64 4 0 0 0 0 0 0 0 0 0 -9 -16 -9 -17 -8 -17 -7 -18 -7 -19 -6 -18 -6 -19 -5 -19 -4 -19 -5 -20 -4 -20 -4 -19 -3 -20 -3 -20 -2 -20 -2 -20 -1 -19 -1 -19 -1 -19 0 -18 0 -18 0 -18 0 -16 0 -17 0 -16 -1 -16 0 0 -1 -16 -2 -15 -2 -15 -2 -14 -3 -15 -3 -15 -3 -15 -3 -14 -4 -14 -5 -14 -5 -13 -4 -13 -5 -13 -6 -13 -5 -12 -6 -12 -7 -12 -7 -11 -7 -11 -7 -11 -8 -11 -9 -11 -9 -11 -11 -10 -10 -9 -11 -9 0 0 0 0 0 0 0 0 0 0]"
"1772697614917025,CSI_DATA,STATION,00:00:00:00:00:00,0,0,0,0,0,0,0,0,0,0,0,0,0,0,0,0,0,0,0,0,0,128,[84 -64 4 0 0 0 0 0 0 0 0 0 1 -19 1 -19 2 -19 3 -20 4 -19 4 -19 5 -18 6 -19 7 -18 5 -19 6 -19 6 -19 7 -18 7 -19 8 -18 8 -17 9 -17 8 -15 9 -17 10 -16 9 -15 10 -15 8 -15 7 -15 7 -15 6 -14 0 0 6 -13 6 -14 5 -14 5 -14 5 -14 4 -14 5 -15 4 -14 3 -14 2 -13 2 -14 2 -14 1 -14 1 -14 2 -13 1 -14 0 -14 -1 -13 -2 -13 -2 -13 -3 -13 -3 -14 -3 -14 -5 -14 -5 -13 -5 -14 0 0 0 0 0 0 0 0 0 0]"
"1772697614932764,CSI_DATA,STATION,00:00:00:00:00:00,0,0,0,0,0,0,0,0,0,0,0,0,0,0,0,0,0,0,0,0,0,128,[84 -64 4 0 0 0 0 0 0 0 0 0 -7 -17 -7 -18 -7 -19 -6 -19 -5 -19 -5 -19 -4 -19 -4 -19 -2 -19 -3 -20 -3 -20 -3 -20 -2 -20 -2 -20 -1 -20 -1 -20 0 -19 0 -20 1 -19 2 -19 1 -18 2 -18 1 -17 1 -17 1 -17 -1 -16 0 0 0 -16 -2 -16 -1 -15 -2 -14 -2 -15 -2 -15 -2 -15 -3 -14 -3 -14 -5 -13 -5 -14 -4 -13 -4 -14 -4 -13 -5 -12 -6 -12 -6 -13 -7 -12 -7 -11 -8 -11 -8 -11 -9 -11 -9 -11 -10 -11 -11 -10 -11 -10 0 0 0 0 0 0 0 0 0 0]"
"1772697614932764,CSI_DATA,STATION,00:00:00:00:00:00,0,0,0,0,0,0,0,0,0,0,0,0,0,0,0,0,0,0,0,0,0,128,[84 -64 4 0 0 0 0 0 0 0 0 0 1 15 0 16 0 16 -1 17 -2 17 -2 16 -2 16 -3 16 -3 16 -5 16 -5 16 -5 16 -5 16 -5 16 -6 17 -6 16 -6 15 -6 15 -7 15 -7 15 -7 14 -7 14 -6 13 -6 13 -6 13 -5 12 0 0 -5 12 -4 12 -4 12 -3 12 -3 12 -2 13 -3 12 -2 12 -1 12 -1 12 -1 11 -1 12 -1 11 0 11 0 11 1 11 1 11 2 11 2 10 3 10 3 10 4 10 4 11 5 10 5 11 6 10 0 0 0 0 0 0 0 0 0 0]"
"1772697614932764,CSI_DATA,STATION,00:00:00:00:00:00,0,0,0,0,0,0,0,0,0,0,0,0,0,0,0,0,0,0,0,0,0,128,[84 -64 4 0 0 0 0 0 0 0 0 0 -7 -17 -7 -18 -6 -18 -6 -20 -5 -19 -5 -20 -4 -18 -3 -20 -2 -19 -3 -19 -2 -19 -2 -20 -1 -20 -1 -20 0 -21 -1 -19 0 -20 1 -18 1 -19 2 -18 2 -18 2 -18 1 -16 1 -17 2 -17 1 -16 0 0 0 -16 -1 -15 -1 -15 -1 -15 -2 -15 -2 -15 -2 -15 -2 -15 -3 -14 -3 -13 -4 -14 -4 -14 -4 -14 -4 -14 -4 -12 -6 -12 -5 -13 -6 -12 -6 -12 -7 -11 -7 -11 -8 -11 -8 -11 -10 -12 -10 -11 -10 -11 0 0 0 0 0 0 0 0 0 0]"
"1772697614948519,CSI_DATA,STATION,00:00:00:00:00:00,0,0,0,0,0,0,0,0,0,0,0,0,0,0,0,0,0,0,0,0,0,128,[84 -64 4 0 0 0 0 0 0 0 0 0 0 17 -2 18 -2 18 -3 18 -3 18 -3 18 -4 17 -5 18 -5 17 -5 17 -6 17 -6 18 -6 18 -7 18 -8 18 -8 18 -8 16 -8 15 -9 16 -9 16 -9 16 -9 15 -8 14 -8 15 -8 14 -6 13 0 0 -6 14 -5 13 -5 13 -5 13 -4 13 -4 13 -4 14 -3 13 -3 13 -3 13 -2 12 -3 12 -2 13 -2 13 -1 12 -1 12 0 12 1 11 2 12 1 11 2 11 3 12 3 12 5 12 4 12 5 12 0 0 0 0 0 0 0 0 0 0]"
"1772697614948519,CSI_DATA,STATION,00:00:00:00:00:00,0,0,0,0,0,0,0,0,0,0,0,0,0,0,0,0,0,0,0,0,0,128,[84 -64 4 0 0 0 0 0 0 0 0 0 17 -5 17 -5 17 -4 18 -4 17 -2 19 -2 18 -2 18 -1 18 0 19 -1 19 0 18 0 19 1 18 1 19 2 19 2 18 3 17 3 18 4 18 4 16 4 16 4 15 4 16 3 15 4 15 2 0 0 14 3 14 2 14 2 14 1 14 1 14 1 14 1 13 0 14 0 13 -1 13 -2 13 -1 13 -2 13 -2 12 -2 13 -3 11 -3 12 -4 12 -5 11 -5 11 -5 11 -6 11 -6 11 -7 11 -7 11 -8 0 0 0 0 0 0 0 0 0 0]"
"1772697614948519,CSI_DATA,STATION,00:00:00:00:00:00,0,0,0,0,0,0,0,0,0,0,0,0,0,0,0,0,0,0,0,0,0,128,[84 -64 4 0 0 0 0 0 0 0 0 0 -8 15 -10 15 -10 15 -11 16 -11 15 -12 14 -12 14 -13 14 -12 14 -13 14 -14 13 -14 13 -15 13 -14 13 -15 12 -15 12 -14 11 -15 10 -15 12 -16 11 -14 10 -14 10 -14 9 -14 10 -13 10 -13 9 0 0 -12 9 -11 10 -10 10 -10 10 -10 10 -10 11 -10 11 -9 11 -8 10 -8 11 -8 11 -8 11 -7 11 -6 11 -6 11 -5 12 -5 11 -3 11 -3 11 -3 11 -3 12 -2 13 -2 12 0 13 -1 13 -1 13 0 0 0 0 0 0 0 0 0 0]"
"1772697614964534,CSI_DATA,STATION,00:00:00:00:00:00,0,0,0,0,0,0,0,0,0,0,0,0,0,0,0,0,0,0,0,0,0,128,[84 -64 4 0 0 0 0 0 0 0 0 0 15 -10 16 -9 16 -9 16 -8 17 -7 18 -7 18 -6 18 -7 17 -6 18 -6 18 -5 19 -5 18 -5 18 -4 19 -3 18 -3 18 -3 18 -3 18 -2 18 -1 16 -1 17 -2 16 -1 16 -2 16 -2 15 -2 0 0 14 -2 14 -3 14 -3 13 -3 13 -4 13 -4 13 -5 13 -5 13 -5 12 -5 12 -6 11 -6 12 -6 11 -7 10 -7 11 -7 10 -8 10 -8 9 -8 9 -9 9 -9 9 -10 8 -11 8 -11 8 -11 8 -12 0 0 0 0 0 0 0 0 0 0]"
"1772697614964534,CSI_DATA,STATION,00:00:00:00:00:00,0,0,0,0,0,0,0,0,0,0,0,0,0,0,0,0,0,0,0,0,0,128,[84 -64 4 0 0 0 0 0 0 0 0 0 17 1 18 2 18 1 18 3 18 3 18 4 18 4 18 5 18 5 17 5 17 6 18 7 17 7 17 7 17 8 18 8 16 8 16 9 16 8 15 9 15 9 14 9 14 8 14 7 13 7 13 7 0 0 13 6 12 5 12 6 13 5 13 4 13 4 13 4 12 3 13 3 13 2 13 2 12 2 13 1 13 1 13 0 12 0 12 0 13 -2 12 -2 12 -2 13 -3 12 -4 12 -4 12 -5 12 -5 13 -6 0 0 0 0 0 0 0 0 0 0]"
"1772697614964534,CSI_DATA,STATION,00:00:00:00:00:00,0,0,0,0,0,0,0,0,0,0,0,0,0,0,0,0,0,0,0,0,0,128,[84 -64 4 0 0 0 0 0 0 0 0 0 12 -13 12 -14 13 -13 14 -13 14 -12 15 -11 15 -11 16 -10 16 -10 16 -10 16 -10 16 -9 17 -9 16 -9 17 -9 17 -8 17 -7 17 -8 17 -7 17 -6 17 -5 16 -5 16 -5 15 -6 15 -5 14 -6 0 0 14 -5 13 -7 12 -7 12 -7 13 -6 12 -7 12 -8 11 -8 12 -8 10 -8 11 -9 10 -8 10 -8 9 -9 9 -9 9 -10 8 -10 8 -10 7 -10 7 -10 7 -11 7 -11 6 -12 5 -13 5 -13 5 -13 0 0 0 0 0 0 0 0 0 0]"
"1772697614980464,CSI_DATA,STATION,00:00:00:00:00:00,0,0,0,0,0,0,0,0,0,0,0,0,0,0,0,0,0,0,0,0,0,128,[84 -64 4 0 0 0 0 0 0 0 0 0 17 3 18 4 18 4 19 6 18 6 18 6 18 8 18 8 17 8 16 8 17 9 18 10 17 10 17 10 16 12 17 11 16 11 14 10 15 11 14 11 13 11 13 11 12 11 13 10 13 10 13 9 0 0 13 9 11 8 13 7 13 6 13 7 14 6 13 7 12 5 14 5 12 4 13 3 13 4 13 4 13 3 13 2 13 2 13 1 13 0 13 0 12 -1 13 -1 13 -1 13 -2 13 -3 14 -3 14 -4 0 0 0 0 0 0 0 0 0 0]"
"1772697614980464,CSI_DATA,STATION,00:00:00:00:00:00,0,0,0,0,0,0,0,0,0,0,0,0,0,0,0,0,0,0,0,0,0,128,[84 -64 4 0 0 0 0 0 0 0 0 0 4 -15 5 -16 6 -16 6 -17 7 -16 8 -16 8 -14 9 -15 9 -15 9 -15 9 -14 9 -14 10 -14 10 -14 11 -14 10 -13 11 -13 11 -12 11 -13 11 -12 11 -11 11 -11 10 -10 10 -11 9 -11 9 -11 0 0 8 -10 8 -11 8 -11 7 -11 7 -11 7 -12 6 -12 6 -11 6 -11 5 -11 5 -12 5 -11 4 -12 4 -12 3 -12 3 -12 2 -12 2 -12 1 -12 1 -12 1 -12 0 -12 0 -13 -1 -12 -1 -13 -2 -13 0 0 0 0 0 0 0 0 0 0]"
"1772697614980464,CSI_DATA,STATION,00:00:00:00:00:00,0,0,0,0,0,0,0,0,0,0,0,0,0,0,0,0,0,0,0,0,0,128,[84 -64 4 0 0 0 0 0 0 0 0 0 -7 -15 -7 -16 -6 -16 -6 -17 -6 -17 -6 -17 -5 -16 -4 -16 -4 -16 -3 -17 -3 -17 -3 -18 -2 -18 -3 -18 -2 -18 -1 -17 -1 -17 -1 -17 -1 -17 -1 -16 -1 -16 -1 -16 0 -15 0 -16 0 -15 -1 -14 0 0 -2 -14 -2 -13 -3 -14 -3 -12 -3 -13 -4 -13 -3 -13 -4 -13 -4 -12 -5 -12 -5 -11 -5 -12 -4 -12 -6 -12 -6 -10 -6 -10 -7 -10 -7 -10 -8 -9 -8 -8 -8 -9 -9 -9 -9 -9 -9 -9 -10 -8 -10 -8 0 0 0 0 0 0 0 0 0 0]"
"1772697614996320,CSI_DATA,STATION,00:00:00:00:00:00,0,0,0,0,0,0,0,0,0,0,0,0,0,0,0,0,0,0,0,0,0,128,[84 -64 4 0 0 0 0 0 0 0 0 0 -13 -8 -13 -8 -13 -8 -14 -10 -13 -10 -13 -10 -12 -11 -12 -11 -11 -12 -11 -12 -12 -12 -11 -12 -11 -13 -10 -13 -10 -13 -10 -13 -9 -13 -8 -13 -8 -14 -8 -14 -8 -14 -7 -14 -6 -12 -7 -13 -7 -13 -8 -11 0 0 -7 -11 -8 -10 -8 -11 -8 -9 -8 -11 -8 -10 -8 -10 -8 -10 -8 -9 -9 -8 -10 -8 -9 -8 -9 -8 -9 -8 -9 -7 -10 -7 -10 -7 -10 -7 -10 -5 -11 -5 -10 -5 -10 -5 -11 -5 -12 -4 -12 -4 -12 -3 0 0 0 0 0 0 0 0 0 0]"
"1772697615012091,CSI_DATA,STATION,00:00:00:00:00:00,0,0,0,0,0,0,0,0,0,0,0,0,0,0,0,0,0,0,0,0,0,128,[84 -64 4 0 0 0 0 0 0 0 0 0 -9 15 -10 14 -11 15 -12 16 -12 15 -13 15 -14 13 -13 13 -14 13 -13 13 -14 13 -14 13 -14 13 -15 13 -16 12 -15 12 -15 11 -15 10 -16 11 -15 10 -15 9 -15 9 -14 9 -14 10 -13 10 -12 9 0 0 -12 8 -11 9 -10 10 -10 10 -10 10 -10 10 -10 10 -8 10 -9 10 -8 10 -8 11 -8 11 -7 12 -7 11 -6 11 -5 11 -5 12 -4 11 -4 12 -3 12 -3 12 -2 13 -2 12 0 13 -1 13 0 13 0 0 0 0 0 0 0 0 0 0]"
"1772697615012091,CSI_DATA,STATION,00:00:00:00:00:00,0,0,0,0,0,0,0,0,0,0,0,0,0,0,0,0,0,0,0,0,0,128,[84 -64 4 0 0 0 0 0 0 0 0 0 -5 15 -5 15 -6 15 -6 15 -7 15 -8 14 -9 14 -9 14 -9 13 -9 14 -10 14 -9 13 -10 14 -10 14 -11 13 -11 13 -11 12 -11 12 -12 13 -11 11 -11 11 -11 11 -10 10 -10 11 -9 10 -9 10 0 0 -8 10 -7 10 -7 11 -6 10 -7 11 -7 11 -6 11 -6 11 -6 11 -5 10 -4 11 -4 11 -4 12 -3 11 -3 11 -2 11 -2 11 -1 11 -1 11 -1 11 0 11 1 11 1 11 2 11 2 12 3 12 0 0 0 0 0 0 0 0 0 0]"
"1772697615012091,CSI_DATA,STATION,00:00:00:00:00:00,0,0,0,0,0,0,0,0,0,0,0,0,0,0,0,0,0,0,0,0,0,128,[84 -64 4 0 0 0 0 0 0 0 0 0 -7 16 -8 16 -10 15 -11 17 -10 15 -11 15 -12 14 -13 14 -12 14 -12 14 -14 14 -14 14 -13 13 -14 13 -15 13 -15 13 -14 11 -15 11 -15 12 -15 11 -15 10 -14 10 -13 9 -13 10 -13 10 -12 10 0 0 -11 9 -11 10 -10 11 -10 10 -10 11 -9 11 -9 11 -8 11 -9 11 -8 11 -8 11 -7 11 -7 11 -6 11 -6 11 -6 11 -4 11 -4 11 -4 12 -3 11 -3 12 -2 13 -2 13 -1 13 -2 14 0 13 0 0 0 0 0 0 0 0 0 0]"
"1772697615028189,CSI_DATA,STATION,00:00:00:00:00:00,0,0,0,0,0,0,0,0,0,0,0,0,0,0,0,0,0,0,0,0,0,128,[84 -64 4 0 0 0 0 0 0 0 0 0 -11 9 -12 8 -13 9 -14 8 -14 8 -14 7 -14 7 -14 6 -14 5 -15 6 -15 6 -16 5 -15 5 -16 5 -16 4 -16 4 -15 4 -16 3 -15 3 -15 2 -15 3 -15 2 -14 1 -14 2 -14 2 -13 3 0 0 -13 3 -12 4 -12 4 -12 4 -12 4 -12 4 -12 4 -11 4 -11 5 -11 6 -11 5 -10 5 -10 6 -9 6 -10 6 -9 7 -9 7 -8 7 -8 7 -8 7 -8 8 -8 8 -8 8 -7 9 -8 9 -7 10 0 0 0 0 0 0 0 0 0 0]"
"1772697615028189,CSI_DATA,STATION,00:00:00:00:00:00,0,0,0,0,0,0,0,0,0,0,0,0,0,0,0,0,0,0,0,0,0,128,[84 -64 4 0 0 0 0 0 0 0 0 0 17 2 18 3 18 4 18 4 18 5 17 6 17 6 17 7 17 7 17 7 17 7 17 8 17 8 16 8 16 10 16 9 15 9 14 10 15 10 15 10 13 11 13 10 13 9 13 9 13 9 13 8 0 0 12 7 12 7 12 7 12 6 12 6 12 6 12 6 12 5 13 4 12 4 13 3 12 3 13 2 12 3 13 2 13 1 12 1 13 0 12 0 12 -1 13 -2 12 -1 13 -2 12 -4 13 -3 13 -4 0 0 0 0 0 0 0 0 0 0]"
"1772697615028189,CSI_DATA,STATION,00:00:00:00:00:00,0,0,0,0,0,0,0,0,0,0,0,0,0,0,0,0,0,0,0,0,0,128,[84 -64 4 0 0 0 0 0 0 0 0 0 11 -13 12 -13 13 -14 14 -13 14 -13 15 -12 15 -11 15 -11 16 -10 15 -10 16 -10 16 -10 17 -9 16 -9 17 -9 17 -8 17 -8 17 -7 17 -8 17 -7 16 -6 16 -7 15 -6 14 -6 14 -6 14 -6 0 0 13 -6 12 -7 12 -8 12 -7 12 -8 12 -8 12 -8 11 -9 11 -8 10 -8 10 -9 10 -9 9 -9 9 -10 9 -9 8 -10 8 -11 8 -11 7 -11 6 -11 7 -11 6 -12 5 -13 5 -13 5 -13 4 -13 0 0 0 0 0 0 0 0 0 0]"
"1772697615044189,CSI_DATA,STATION,00:00:00:00:00:00,0,0,0,0,0,0,0,0,0,0,0,0,0,0,0,0,0,0,0,0,0,128,[84 -64 4 0 0 0 0 0 0 0 0 0 -7 14 -8 14 -8 14 -9 15 -10 13 -10 13 -11 12 -11 13 -12 12 -11 13 -11 12 -12 12 -12 12 -12 12 -13 11 -13 11 -13 10 -14 10 -14 9 -14 9 -13 9 -13 8 -12 8 -12 9 -11 8 -11 8 0 0 -11 8 -10 8 -9 9 -9 9 -9 9 -9 9 -9 9 -8 9 -9 9 -8 9 -7 10 -7 10 -7 10 -6 10 -6 10 -6 10 -5 10 -5 10 -4 10 -4 10 -4 10 -3 11 -2 11 -2 11 -2 11 -2 12 0 0 0 0 0 0 0 0 0 0]"
"1772697615044189,CSI_DATA,STATION,00:00:00:00:00:00,0,0,0,0,0,0,0,0,0,0,0,0,0,0,0,0,0,0,0,0,0,128,[84 -64 4 0 0 0 0 0 0 0 0 0 15 1 16 1 16 2 16 3 16 4 16 3 15 4 15 5 15 6 15 5 16 5 16 6 15 6 15 6 15 7 15 7 14 8 13 8 14 8 13 8 12 8 12 8 12 8 12 7 12 7 12 6 0 0 11 5 11 5 11 5 12 4 11 4 11 4 11 4 11 3 12 3 11 2 11 2 11 2 11 2 11 1 11 1 11 0 11 0 11 -1 11 -1 10 -1 11 -2 11 -2 11 -3 11 -4 11 -4 12 -5 0 0 0 0 0 0 0 0 0 0]"
"1772697615044189,CSI_DATA,STATION,00:00:00:00:00:00,0,0,0,0,0,0,0,0,0,0,0,0,0,0,0,0,0,0,0,0,0,128,[84 -64 4 0 0 0 0 0 0 0 0 0 -10 15 -11 14 -12 15 -13 15 -13 14 -13 13 -14 12 -14 12 -14 12 -14 12 -15 12 -15 12 -15 12 -16 11 -16 10 -17 11 -16 10 -16 9 -17 9 -16 9 -15 8 -16 8 -14 8 -15 8 -14 8 -13 8 0 0 -13 8 -11 9 -11 9 -11 9 -11 9 -11 10 -11 10 -10 10 -10 9 -9 10 -9 10 -8 11 -9 11 -7 11 -8 11 -7 11 -6 12 -6 11 -5 11 -5 11 -5 12 -4 12 -4 12 -2 13 -3 13 -2 13 0 0 0 0 0 0 0 0 0 0]"
"1772697615060106,CSI_DATA,STATION,00:00:00:00:00:00,0,0,0,0,0,0,0,0,0,0,0,0,0,0,0,0,0,0,0,0,0,128,[84 -64 4 0 0 0 0 0 0 0 0 0 16 7 16 7 16 8 16 9 15 10 15 10 15 10 14 11 14 12 14 12 14 12 14 12 13 12 14 12 13 13 14 13 12 13 12 13 12 13 11 14 10 13 10 13 10 12 10 12 11 11 11 10 0 0 10 9 9 9 11 9 11 8 11 8 12 8 11 8 11 7 11 7 11 5 12 6 11 5 12 5 12 4 12 4 12 3 12 3 13 1 12 2 12 2 12 1 12 1 13 0 13 -1 13 -1 14 -2 0 0 0 0 0 0 0 0 0 0]"
"1772697615060106,CSI_DATA,STATION,00:00:00:00:00:00,0,0,0,0,0,0,0,0,0,0,0,0,0,0,0,0,0,0,0,0,0,128,[84 -64 4 0 0 0 0 0 0 0 0 0 7 -17 8 -17 9 -17 10 -17 11 -17 11 -16 11 -15 11 -15 12 -15 12 -15 12 -14 13 -14 13 -14 13 -15 13 -14 14 -13 13 -12 13 -12 13 -12 14 -12 14 -11 13 -11 12 -10 12 -11 12 -11 11 -10 0 0 10 -10 10 -11 8 -11 9 -12 9 -12 9 -12 8 -12 7 -12 7 -12 6 -11 6 -12 6 -12 5 -12 5 -13 5 -12 4 -13 3 -13 2 -13 2 -12 2 -13 1 -13 1 -14 1 -14 -1 -14 -1 -14 -1 -14 0 0 0 0 0 0 0 0 0 0]"
"1772697615060106,CSI_DATA,STATION,00:00:00:00:00:00,0,0,0,0,0,0,0,0,0,0,0,0,0,0,0,0,0,0,0,0,0,128,[84 -64 4 0 0 0 0 0 0 0 0 0 -15 -2 -16 -2 -15 -3 -16 -4 -15 -4 -16 -5 -15 -6 -15 -6 -15 -7 -15 -6 -15 -6 -16 -7 -15 -7 -15 -7 -14 -9 -15 -8 -14 -9 -12 -8 -13 -9 -12 -9 -12 -9 -12 -10 -11 -8 -12 -8 -12 -8 -12 -7 0 0 -12 -7 -11 -6 -11 -6 -12 -6 -11 -6 -11 -6 -12 -6 -11 -5 -12 -5 -12 -3 -12 -2 -12 -3 -12 -2 -12 -2 -11 -2 -12 -1 -12 -2 -11 0 -12 -1 -11 0 -12 0 -12 1 -11 1 -11 3 -12 3 -12 3 0 0 0 0 0 0 0 0 0 0]"
"1772697615075804,CSI_DATA,STATION,00:00:00:00:00:00,0,0,0,0,0,0,0,0,0,0,0,0,0,0,0,0,0,0,0,0,0,128,[84 -64 4 0 0 0 0 0 0 0 0 0 -6 13 -7 13 -7 13 -8 14 -9 13 -9 13 -9 12 -10 11 -10 11 -10 12 -11 12 -11 12 -11 12 -12 11 -12 10 -12 11 -12 10 -13 9 -13 10 -12 9 -12 8 -13 8 -12 7 -12 9 -11 8 -10 8 0 0 -10 7 -9 8 -9 8 -9 9 -9 8 -9 9 -9 9 -8 9 -8 9 -8 9 -7 10 -7 9 -7 9 -6 9 -6 9 -5 9 -5 10 -4 10 -4 10 -4 10 -4 10 -3 11 -3 11 -2 11 -3 11 -2 11 0 0 0 0 0 0 0 0 0 0]"
"1772697615075804,CSI_DATA,STATION,00:00:00:00:00:00,0,0,0,0,0,0,0,0,0,0,0,0,0,0,0,0,0,0,0,0,0,128,[84 -64 4 0 0 0 0 0 0 0 0 0 1 -18 1 -19 2 -19 3 -19 4 -20 4 -18 5 -18 5 -18 6 -18 6 -18 7 -18 7 -18 8 -18 8 -18 9 -17 8 -18 8 -16 8 -16 9 -17 9 -16 9 -16 8 -15 8 -14 8 -14 8 -15 7 -14 0 0 6 -14 5 -14 5 -13 5 -13 4 -14 4 -15 4 -14 3 -14 3 -14 2 -14 2 -14 2 -14 2 -14 2 -14 1 -14 0 -13 0 -14 -1 -13 -2 -13 -3 -13 -3 -13 -4 -13 -3 -14 -4 -14 -5 -13 -5 -13 0 0 0 0 0 0 0 0 0 0]"
"1772697615075804,CSI_DATA,STATION,00:00:00:00:00:00,0,0,0,0,0,0,0,0,0,0,0,0,0,0,0,0,0,0,0,0,0,128,[84 -64 4 0 0 0 0 0 0 0 0 0 -2 -18 -2 -19 -1 -19 0 -20 0 -19 1 -19 1 -19 2 -19 2 -19 3 -19 3 -20 4 -19 4 -19 4 -19 5 -19 4 -19 6 -18 5 -17 6 -18 6 -18 6 -17 7 -16 6 -15 6 -16 6 -16 4 -15 0 0 4 -14 4 -15 4 -15 3 -14 3 -15 2 -15 3 -15 2 -14 1 -14 1 -13 0 -15 1 -14 1 -14 0 -14 0 -13 -1 -13 -2 -14 -2 -13 -2 -13 -3 -13 -3 -13 -5 -13 -5 -13 -6 -14 -5 -13 -6 -13 0 0 0 0 0 0 0 0 0 0]"
"1772697615091649,CSI_DATA,STATION,00:00:00:00:00:00,0,0,0,0,0,0,0,0,0,0,0,0,0,0,0,0,0,0,0,0,0,128,[84 -64 4 0 0 0 0 0 0 0 0 0 -10 14 -12 14 -12 14 -13 15 -13 12 -14 14 -15 12 -14 12 -15 11 -15 11 -15 12 -15 11 -16 11 -16 11 -17 10 -16 10 -17 9 -16 8 -17 9 -16 8 -16 7 -16 8 -15 6 -15 8 -15 8 -13 7 0 0 -13 8 -12 8 -12 9 -11 8 -12 10 -12 9 -12 9 -10 9 -11 9 -10 8 -10 10 -10 10 -9 10 -8 10 -8 10 -9 10 -7 11 -7 11 -6 11 -6 11 -6 11 -5 12 -5 12 -3 13 -4 13 -3 13 0 0 0 0 0 0 0 0 0 0]"
"1772697615091649,CSI_DATA,STATION,00:00:00:00:00:00,0,0,0,0,0,0,0,0,0,0,0,0,0,0,0,0,0,0,0,0,0,128,[84 -64 4 0 0 0 0 0 0 0 0 0 -45 -11 -44 0 -68 -15 -56 -3 -48 -9 -53 0 -66 -12 -38 4 -48 -3 -59 -16 -91 -14 -87 -34 -91 -35 -76 -12 -72 -17 -100 -22 -91 -38 -66 -11 -80 -29 -72 -24 -71 -43 -87 -40 -60 -13 -80 -27 -90 -29 -82 -27 0 0 -98 -30 -95 -32 -110 -25 -98 -27 -88 -12 -90 -23 -94 -22 -90 -22 -95 -24 -82 -25 -91 -40 -73 -23 -83 -15 -86 -38 -76 -37 -116 -34 -116 -38 -80 -23 -84 -29 -71 -13 -91 -16 -85 -16 -67 -2 -75 -13 -82 -14 -62 -8 0 0 0 0 0 0 0 0 0 0]"
"1772697615091649,CSI_DATA,STATION,00:00:00:00:00:00,0,0,0,0,0,0,0,0,0,0,0,0,0,0,0,0,0,0,0,0,0,128,[84 -64 4 0 0 0 0 0 0 0 0 0 -7 -15 -7 -16 -7 -15 -6 -16 -6 -17 -6 -17 -5 -17 -4 -16 -4 -18 -3 -17 -3 -17 -3 -17 -3 -18 -3 -18 -1 -18 -2 -18 -1 -17 -1 -17 -2 -17 0 -16 0 -16 0 -16 0 -14 0 -14 -1 -15 -1 -13 0 0 -2 -14 -2 -13 -2 -13 -3 -13 -3 -13 -3 -13 -4 -13 -4 -12 -4 -12 -5 -12 -5 -12 -5 -11 -4 -11 -5 -11 -6 -10 -6 -9 -7 -11 -7 -9 -7 -9 -8 -9 -8 -9 -9 -9 -9 -9 -9 -8 -10 -8 -10 -7 0 0 0 0 0 0 0 0 0 0]"
"1772697615107553,CSI_DATA,STATION,00:00:00:00:00:00,0,0,0,0,0,0,0,0,0,0,0,0,0,0,0,0,0,0,0,0,0,128,[84 -64 4 0 0 0 0 0 0 0 0 0 16 -8 17 -9 17 -8 19 -7 18 -7 19 -5 18 -5 19 -5 19 -4 19 -4 20 -3 20 -3 20 -3 20 -3 20 -1 20 -1 19 -1 18 0 18 0 18 0 18 1 18 0 16 1 17 0 16 0 16 -1 0 0 16 -1 14 -2 15 -3 13 -2 15 -2 14 -3 15 -3 14 -3 14 -4 13 -5 13 -5 13 -5 13 -5 12 -6 12 -5 12 -7 11 -7 11 -8 10 -8 10 -8 10 -8 10 -9 9 -10 9 -11 10 -10 9 -11 0 0 0 0 0 0 0 0 0 0]"
"1772697615107553,CSI_DATA,STATION,00:00:00:00:00:00,0,0,0,0,0,0,0,0,0,0,0,0,0,0,0,0,0,0,0,0,0,128,[84 -64 4 0 0 0 0 0 0 0 0 0 -3 -16 -2 -16 -2 -17 -1 -17 0 -18 0 -18 1 -17 2 -17 2 -17 2 -18 2 -17 2 -17 3 -18 3 -18 5 -17 3 -17 4 -16 4 -16 4 -16 5 -15 5 -15 5 -15 5 -14 4 -15 4 -14 3 -13 0 0 3 -13 2 -14 2 -13 2 -13 1 -13 1 -13 2 -13 1 -13 0 -13 -1 -12 -1 -13 -1 -13 -1 -13 -1 -12 -2 -11 -3 -12 -3 -12 -3 -11 -3 -11 -4 -11 -4 -11 -5 -12 -5 -11 -6 -11 -6 -11 -7 -11 0 0 0 0 0 0 0 0 0 0]"
"1772697615107553,CSI_DATA,STATION,00:00:00:00:00:00,0,0,0,0,0,0,0,0,0,0,0,0,0,0,0,0,0,0,0,0,0,128,[84 -64 4 0 0 0 0 0 0 0 0 0 -18 -6 -17 -7 -18 -7 -18 -8 -17 -9 -17 -9 -17 -10 -17 -11 -17 -11 -16 -11 -17 -12 -17 -12 -15 -12 -15 -12 -15 -13 -16 -13 -14 -12 -14 -13 -14 -13 -13 -14 -13 -13 -12 -13 -12 -12 -12 -12 -11 -12 -12 -11 0 0 -12 -10 -12 -10 -12 -9 -13 -8 -13 -9 -12 -8 -13 -8 -13 -7 -13 -7 -13 -6 -14 -6 -13 -6 -12 -5 -13 -5 -13 -5 -13 -3 -13 -4 -13 -2 -14 -3 -13 -2 -14 -1 -13 -1 -14 0 -14 0 -14 0 -15 1 0 0 0 0 0 0 0 0 0 0]"
"1772697615123341,CSI_DATA,STATION,00:00:00:00:00:00,0,0,0,0,0,0,0,0,0,0,0,0,0,0,0,0,0,0,0,0,0,128,[84 -64 4 0 0 0 0 0 0 0 0 0 -18 2 -19 2 -19 1 -20 0 -18 0 -20 -1 -19 -2 -19 -3 -19 -3 -19 -3 -20 -3 -19 -3 -20 -3 -19 -4 -19 -5 -19 -5 -19 -5 -18 -6 -18 -7 -18 -7 -16 -6 -16 -6 -15 -6 -16 -6 -16 -5 -15 -5 0 0 -15 -5 -14 -4 -15 -4 -14 -3 -15 -3 -14 -2 -15 -2 -14 -2 -14 -2 -14 -1 -15 0 -14 -1 -13 0 -13 1 -13 0 -14 2 -13 2 -13 3 -13 3 -12 3 -13 4 -13 5 -12 5 -12 6 -12 7 -13 7 0 0 0 0 0 0 0 0 0 0]"
"1772697615123341,CSI_DATA,STATION,00:00:00:00:00:00,0,0,0,0,0,0,0,0,0,0,0,0,0,0,0,0,0,0,0,0,0,128,[84 -64 4 0 0 0 0 0 0 0 0 0 -3 22 -4 22 -5 23 -6 23 -7 22 -8 22 -8 22 -10 21 -10 21 -10 21 -10 22 -11 22 -11 21 -11 22 -13 21 -13 21 -13 20 -14 19 -14 18 -14 18 -14 17 -14 17 -14 16 -12 16 -12 16 -11 16 0 0 -10 15 -10 16 -9 16 -9 16 -8 16 -8 16 -8 16 -8 16 -7 16 -6 16 -6 17 -5 15 -5 16 -4 16 -4 16 -4 16 -3 17 -2 16 -2 16 -1 16 -1 16 -1 16 1 17 2 17 2 17 2 17 0 0 0 0 0 0 0 0 0 0]"
"1772697615123341,CSI_DATA,STATION,00:00:00:00:00:00,0,0,0,0,0,0,0,0,0,0,0,0,0,0,0,0,0,0,0,0,0,128,[84 -64 4 0 0 0 0 0 0 0 0 0 -8 -18 -8 -18 -7 -19 -7 -20 -5 -20 -5 -20 -4 -19 -3 -19 -3 -19 -2 -20 -3 -20 -3 -20 -2 -21 -2 -20 0 -21 -1 -21 0 -20 0 -19 1 -20 2 -19 2 -19 2 -19 2 -17 1 -18 1 -18 0 -16 0 0 0 -16 -1 -15 -2 -16 -1 -15 -2 -16 -2 -16 -1 -16 -2 -15 -2 -15 -5 -13 -5 -14 -4 -14 -4 -14 -5 -13 -4 -13 -6 -13 -6 -13 -7 -12 -7 -12 -7 -11 -8 -12 -8 -12 -9 -11 -10 -11 -10 -11 -10 -10 0 0 0 0 0 0 0 0 0 0]"
"1772697615139084,CSI_DATA,STATION,00:00:00:00:00:00,0,0,0,0,0,0,0,0,0,0,0,0,0,0,0,0,0,0,0,0,0,128,[84 -64 4 0 0 0 0 0 0 0 0 0 15 8 16 10 14 10 15 11 14 11 14 11 14 12 13 13 13 13 12 13 13 13 12 13 12 14 13 14 12 15 11 14 11 14 9 15 10 15 9 15 8 14 8 14 8 13 9 13 8 13 9 12 0 0 9 11 8 11 9 10 10 9 9 11 9 10 9 10 9 9 10 9 9 8 11 7 10 7 10 7 11 7 10 6 11 6 11 5 11 4 11 4 11 3 11 4 12 3 12 3 12 2 13 1 13 1 0 0 0 0 0 0 0 0 0 0]"
"1772697615139084,CSI_DATA,STATION,00:00:00:00:00:00,0,0,0,0,0,0,0,0,0,0,0,0,0,0,0,0,0,0,0,0,0,128,[84 -64 4 0 0 0 0 0 0 0 0 0 -19 0 -20 0 -19 -1 -20 -1 -19 -3 -20 -3 -19 -4 -19 -5 -19 -5 -19 -4 -19 -5 -19 -6 -18 -6 -18 -7 -18 -7 -18 -8 -17 -8 -17 -8 -17 -8 -16 -9 -16 -8 -15 -9 -15 -8 -14 -8 -15 -8 -15 -7 0 0 -15 -6 -13 -5 -14 -6 -14 -5 -14 -4 -14 -5 -14 -5 -13 -4 -14 -3 -14 -3 -14 -2 -13 -2 -14 -2 -14 -1 -14 -1 -14 -1 -13 0 -13 1 -13 1 -12 1 -13 2 -12 2 -13 2 -13 4 -13 4 -13 4 0 0 0 0 0 0 0 0 0 0]"
"1772697615139084,CSI_DATA,STATION,00:00:00:00:00:00,0,0,0,0,0,0,0,0,0,0,0,0,0,0,0,0,0,0,0,0,0,128,[84 -64 4 0 0 0 0 0 0 0 0 0 16 5 17 7 16 8 17 9 15 9 16 10 15 10 15 10 15 11 15 10 15 11 15 11 14 11 14 12 13 13 14 13 13 13 12 13 12 13 12 13 11 13 10 12 9 11 10 11 10 11 10 10 0 0 10 10 9 9 10 9 11 8 11 9 10 8 11 8 11 7 11 7 10 6 11 6 11 6 11 6 11 6 11 4 12 4 11 4 12 3 12 3 12 2 12 2 12 2 12 1 12 0 13 0 13 -1 0 0 0 0 0 0 0 0 0 0]"
"1772697615154783,CSI_DATA,STATION,00:00:00:00:00:00,0,0,0,0,0,0,0,0,0,0,0,0,0,0,0,0,0,0,0,0,0,128,[84 -64 4 0 0 0 0 0 0 0 0 0 11 13 10 14 10 15 9 16 8 15 9 16 8 16 7 16 6 16 6 17 6 16 6 18 5 18 5 18 4 18 4 18 4 17 3 18 3 18 2 17 1 17 2 17 1 15 3 16 2 16 3 14 0 0 3 14 3 13 4 14 4 13 4 14 4 14 4 13 4 13 5 12 5 11 6 11 6 12 6 11 7 11 6 10 7 10 8 9 7 9 8 9 8 8 9 9 8 8 10 8 10 8 11 7 11 7 0 0 0 0 0 0 0 0 0 0]"
"1772697615154783,CSI_DATA,STATION,00:00:00:00:00:00,0,0,0,0,0,0,0,0,0,0,0,0,0,0,0,0,0,0,0,0,0,128,[84 -64 4 0 0 0 0 0 0 0 0 0 -2 -18 -2 -18 -2 -19 -1 -19 1 -19 0 -18 2 -19 3 -19 3 -19 3 -20 3 -19 3 -19 3 -19 4 -19 5 -19 5 -18 5 -18 5 -17 6 -17 6 -17 6 -17 6 -16 6 -15 5 -15 5 -16 4 -15 0 0 5 -14 4 -15 3 -14 3 -14 3 -14 2 -15 3 -15 2 -15 1 -14 0 -14 0 -14 0 -14 0 -14 0 -14 -1 -14 -1 -12 -2 -14 -2 -12 -2 -13 -3 -12 -3 -12 -4 -13 -5 -13 -6 -13 -6 -13 -6 -12 0 0 0 0 0 0 0 0 0 0]"
"1772697615170816,CSI_DATA,STATION,00:00:00:00:00:00,0,0,0,0,0,0,0,0,0,0,0,0,0,0,0,0,0,0,0,0,0,128,[84 -64 4 0 0 0 0 0 0 0 0 0 -9 -12 -9 -13 -8 -13 -8 -15 -7 -14 -7 -15 -6 -14 -6 -14 -5 -15 -5 -15 -6 -16 -6 -16 -5 -16 -4 -16 -3 -17 -4 -16 -3 -16 -3 -15 -2 -16 -2 -15 -1 -15 -2 -15 -1 -13 -2 -15 -2 -14 -2 -13 0 0 -3 -13 -3 -12 -3 -13 -3 -12 -4 -13 -4 -12 -4 -12 -4 -11 -5 -12 -6 -10 -6 -11 -5 -11 -5 -11 -5 -11 -5 -10 -6 -10 -7 -10 -7 -9 -7 -9 -7 -8 -8 -8 -8 -8 -8 -8 -9 -8 -9 -8 -10 -7 0 0 0 0 0 0 0 0 0 0]"
"1772697615186525,CSI_DATA,STATION,00:00:00:00:00:00,0,0,0,0,0,0,0,0,0,0,0,0,0,0,0,0,0,0,0,0,0,128,[84 -64 4 0 0 0 0 0 0 0 0 0 19 0 20 0 19 1 20 2 20 2 20 3 19 4 19 5 20 5 19 6 19 6 19 6 19 6 19 7 19 8 19 7 18 8 17 8 17 9 17 9 16 9 16 8 15 8 15 8 15 8 15 7 0 0 14 6 14 6 14 5 15 4 15 4 15 4 14 5 14 3 14 3 14 2 15 2 13 3 14 2 13 1 13 0 14 -1 14 -1 14 -2 13 -1 13 -3 14 -2 13 -3 14 -4 13 -5 13 -5 14 -6 0 0 0 0 0 0 0 0 0 0]"
"1772697615186525,CSI_DATA,STATION,00:00:00:00:00:00,0,0,0,0,0,0,0,0,0,0,0,0,0,0,0,0,0,0,0,0,0,128,[84 -64 4 0 0 0 0 0 0 0 0 0 17 3 17 4 16 4 17 5 17 6 16 6 17 6 17 7 16 7 16 8 16 8 16 9 16 9 15 9 15 10 15 9 14 9 14 9 15 10 14 10 13 10 13 9 12 10 12 9 12 9 12 8 0 0 12 7 12 7 11 6 12 6 12 6 13 5 12 5 12 5 12 5 11 3 13 4 11 3 12 3 12 3 12 2 12 2 12 1 12 0 12 0 12 -1 12 -1 11 -1 12 -2 12 -2 13 -3 12 -4 0 0 0 0 0 0 0 0 0 0]"
"1772697615186525,CSI_DATA,STATION,00:00:00:00:00:00,0,0,0,0,0,0,0,0,0,0,0,0,0,0,0,0,0,0,0,0,0,128,[84 -64 4 0 0 0 0 0 0 0 0 0 -16 0 -17 0 -16 0 -17 -1 -17 -2 -18 -2 -16 -3 -16 -4 -17 -4 -17 -4 -17 -4 -17 -4 -17 -4 -17 -5 -17 -5 -17 -5 -16 -5 -15 -6 -16 -6 -15 -7 -14 -6 -14 -6 -14 -6 -14 -5 -14 -5 -14 -5 0 0 -13 -4 -13 -4 -13 -3 -13 -3 -13 -3 -13 -3 -13 -3 -12 -2 -13 -1 -12 -1 -13 0 -12 0 -12 0 -12 0 -12 0 -12 1 -11 1 -12 2 -11 2 -11 3 -11 3 -11 4 -11 4 -10 5 -11 5 -11 6 0 0 0 0 0 0 0 0 0 0]"
"1772697615202466,CSI_DATA,STATION,00:00:00:00:00:00,0,0,0,0,0,0,0,0,0,0,0,0,0,0,0,0,0,0,0,0,0,128,[84 -64 4 0 0 0 0 0 0 0 0 0 -18 -2 -19 -3 -18 -3 -19 -4 -18 -4 -19 -5 -18 -6 -18 -6 -18 -7 -18 -6 -18 -6 -19 -7 -18 -7 -18 -7 -18 -9 -17 -8 -17 -9 -15 -9 -17 -9 -16 -10 -15 -11 -14 -9 -14 -9 -14 -9 -14 -9 -14 -8 0 0 -14 -7 -13 -7 -14 -7 -13 -5 -14 -6 -14 -5 -14 -6 -13 -4 -14 -5 -13 -3 -15 -3 -13 -3 -13 -3 -14 -2 -12 -3 -14 -1 -13 -1 -13 -1 -13 0 -13 1 -13 1 -13 1 -13 2 -12 3 -13 3 -13 4 0 0 0 0 0 0 0 0 0 0]"
"1772697615202466,CSI_DATA,STATION,00:00:00:00:00:00,0,0,0,0,0,0,0,0,0,0,0,0,0,0,0,0,0,0,0,0,0,128,[84 -64 4 0 0 0 0 0 0 0 0 0 -16 -8 -16 -9 -16 -10 -17 -11 -15 -11 -16 -12 -15 -12 -15 -12 -14 -12 -14 -13 -15 -13 -14 -14 -13 -14 -13 -15 -14 -15 -13 -14 -12 -14 -12 -14 -12 -15 -11 -15 -11 -15 -10 -15 -9 -13 -10 -14 -9 -13 -10 -12 0 0 -10 -12 -10 -11 -11 -11 -11 -10 -11 -11 -11 -10 -11 -10 -11 -9 -12 -9 -11 -8 -13 -8 -12 -8 -11 -8 -12 -7 -11 -7 -12 -6 -12 -6 -12 -5 -12 -4 -12 -3 -13 -4 -13 -3 -13 -3 -13 -2 -13 -2 -14 -1 0 0 0 0 0 0 0 0 0 0]"
"1772697615202466,CSI_DATA,STATION,00:00:00:00:00:00,0,0,0,0,0,0,0,0,0,0,0,0,0,0,0,0,0,0,0,0,0,128,[84 -64 4 0 0 0 0 0 0 0 0 0 -8 -16 -7 -17 -6 -18 -6 -18 -6 -18 -5 -19 -4 -18 -4 -18 -3 -19 -3 -19 -3 -19 -4 -19 -2 -20 -2 -20 -1 -20 -2 -19 -1 -19 -1 -18 0 -19 0 -18 0 -18 0 -18 1 -16 0 -17 0 -17 0 -16 0 0 -1 -16 -2 -14 -2 -16 -2 -14 -3 -15 -3 -15 -3 -15 -3 -14 -4 -14 -4 -13 -5 -14 -5 -13 -5 -13 -5 -13 -6 -12 -7 -12 -6 -11 -7 -11 -7 -11 -8 -10 -8 -10 -9 -10 -9 -10 -10 -10 -10 -9 -10 -9 0 0 0 0 0 0 0 0 0 0]"
"1772697615218349,CSI_DATA,STATION,00:00:00:00:00:00,0,0,0,0,0,0,0,0,0,0,0,0,0,0,0,0,0,0,0,0,0,128,[84 -64 4 0 0 0 0 0 0 0 0 0 18 -6 19 -5 19 -5 19 -5 20 -3 20 -3 20 -2 20 -1 20 0 20 -1 21 0 20 0 21 0 21 0 21 2 20 2 20 2 20 2 20 3 18 3 18 3 18 3 17 3 17 4 17 3 17 3 0 0 16 2 15 1 16 0 16 0 16 -1 15 0 15 -1 15 -1 15 -1 14 -3 15 -3 14 -3 14 -3 13 -3 14 -4 13 -5 13 -5 13 -5 13 -5 12 -6 12 -7 12 -7 12 -7 12 -9 12 -9 11 -9 0 0 0 0 0 0 0 0 0 0]"
"1772697615218349,CSI_DATA,STATION,00:00:00:00:00:00,0,0,0,0,0,0,0,0,0,0,0,0,0,0,0,0,0,0,0,0,0,128,[84 -64 4 0 0 0 0 0 0 0 0 0 1 15 2 15 0 16 0 17 -1 16 -2 16 -2 16 -3 16 -3 16 -3 17 -3 16 -4 16 -4 16 -4 16 -5 16 -5 16 -5 14 -5 14 -6 14 -6 15 -6 14 -5 14 -6 13 -6 13 -5 13 -5 12 0 0 -4 12 -3 12 -3 12 -3 12 -2 12 -2 12 -2 12 -2 12 -1 11 -1 12 0 11 -1 11 0 11 1 11 0 11 1 10 2 11 2 10 3 10 3 10 3 10 4 10 4 10 6 10 5 10 5 10 0 0 0 0 0 0 0 0 0 0]"
"1772697615218349,CSI_DATA,STATION,00:00:00:00:00:00,0,0,0,0,0,0,0,0,0,0,0,0,0,0,0,0,0,0,0,0,0,128,[84 -64 4 0 0 0 0 0 0 0 0 0 0 -19 1 -19 1 -19 2 -19 3 -19 2 -20 4 -19 5 -19 5 -18 5 -19 5 -19 6 -18 6 -19 6 -19 7 -19 7 -18 7 -17 6 -16 7 -17 7 -17 7 -16 6 -16 7 -14 7 -15 6 -15 5 -14 0 0 4 -14 4 -14 4 -14 3 -14 3 -15 3 -15 3 -15 2 -14 1 -14 1 -13 0 -14 1 -14 0 -14 -1 -14 -1 -13 -2 -13 -3 -13 -3 -13 -3 -13 -4 -12 -4 -12 -4 -12 -5 -12 -6 -13 -6 -12 -7 -12 0 0 0 0 0 0 0 0 0 0]"
"1772697615234317,CSI_DATA,STATION,00:00:00:00:00:00,0,0,0,0,0,0,0,0,0,0,0,0,0,0,0,0,0,0,0,0,0,128,[84 -64 4 0 0 0 0 0 0 0 0 0 7 -17 9 -17 9 -16 10 -17 10 -16 11 -16 12 -15 12 -15 13 -15 12 -15 12 -14 12 -14 13 -14 13 -14 14 -13 14 -13 14 -12 13 -12 13 -12 14 -11 14 -10 13 -11 13 -10 12 -11 12 -11 11 -11 0 0 11 -10 10 -10 10 -11 9 -10 9 -11 9 -11 10 -11 8 -11 8 -11 7 -11 7 -12 6 -12 6 -12 6 -12 6 -12 5 -12 4 -12 5 -13 3 -12 3 -12 3 -13 2 -12 2 -13 1 -14 1 -14 0 -14 0 0 0 0 0 0 0 0 0 0]"
"1772697615234317,CSI_DATA,STATION,00:00:00:00:00:00,0,0,0,0,0,0,0,0,0,0,0,0,0,0,0,0,0,0,0,0,0,128,[84 -64 4 0 0 0 0 0 0 0 0 0 10 -17 12 -17 12 -17 13 -18 13 -16 15 -16 14 -15 15 -15 15 -15 15 -14 16 -15 16 -15 17 -14 17 -14 18 -13 17 -13 19 -12 17 -11 18 -12 17 -11 17 -10 17 -10 16 -9 16 -9 15 -10 15 -10 0 0 14 -10 13 -10 13 -11 12 -10 13 -11 12 -11 12 -12 11 -11 11 -12 10 -12 10 -13 10 -12 10 -12 10 -13 8 -12 9 -14 8 -13 8 -14 7 -14 6 -14 6 -14 5 -14 4 -14 4 -16 3 -16 3 -16 0 0 0 0 0 0 0 0 0 0]"
"1772697615234317,CSI_DATA,STATION,00:00:00:00:00:00,0,0,0,0,0,0,0,0,0,0,0,0,0,0,0,0,0,0,0,0,0,128,[84 -64 4 0 0 0 0 0 0 0 0 0 7 -16 7 -17 8 -17 8 -18 9 -17 10 -15 11 -15 11 -15 12 -15 11 -15 12 -15 12 -14 13 -15 13 -14 13 -14 13 -13 13 -13 14 -12 14 -12 14 -11 14 -11 13 -10 13 -10 13 -10 12 -10 11 -10 0 0 11 -10 10 -10 10 -11 9 -11 10 -10 10 -11 10 -11 8 -11 9 -11 8 -11 8 -11 7 -11 7 -11 6 -12 7 -12 6 -12 5 -12 5 -11 4 -12 4 -12 4 -12 4 -13 3 -13 2 -13 2 -14 2 -13 0 0 0 0 0 0 0 0 0 0]"
"1772697615250111,CSI_DATA,STATION,00:00:00:00:00:00,0,0,0,0,0,0,0,0,0,0,0,0,0,0,0,0,0,0,0,0,0,128,[84 -64 4 0 0 0 0 0 0 0 0 0 14 11 13 11 13 12 12 13 12 13 11 13 11 14 11 14 10 15 10 14 11 15 10 15 10 15 10 16 9 16 8 16 8 16 8 16 7 16 6 16 6 16 6 16 5 15 6 14 6 14 6 13 0 0 7 12 7 12 7 12 7 11 7 12 8 12 8 11 8 10 8 11 9 9 9 9 9 10 9 10 9 9 9 8 10 8 10 8 10 6 10 6 10 6 11 5 10 6 11 5 11 4 13 4 12 4 0 0 0 0 0 0 0 0 0 0]"
"1772697615250111,CSI_DATA,STATION,00:00:00:00:00:00,0,0,0,0,0,0,0,0,0,0,0,0,0,0,0,0,0,0,0,0,0,128,[84 -64 4 0 0 0 0 0 0 0 0 0 7 16 7 17 6 16 6 18 5 17 5 17 4 17 3 17 3 17 2 18 3 18 2 18 2 19 2 18 1 19 1 18 0 18 -1 17 -1 18 -1 18 -2 17 -1 17 -2 16 -1 16 -1 16 -1 15 0 0 0 14 1 14 1 14 1 13 1 14 2 14 2 14 2 14 3 12 3 12 4 12 3 13 4 12 4 12 4 11 5 10 5 11 6 10 6 10 6 9 6 10 7 10 8 9 9 9 8 9 9 9 0 0 0 0 0 0 0 0 0 0]"
"1772697615250111,CSI_DATA,STATION,00:00:00:00:00:00,0,0,0,0,0,0,0,0,0,0,0,0,0,0,0,0,0,0,0,0,0,128,[84 -64 4 0 0 0 0 0 0 0 0 0 -1 19 -2 20 -3 20 -4 20 -5 20 -5 19 -6 19 -6 19 -6 19 -8 20 -7 20 -8 19 -8 19 -8 19 -10 19 -10 19 -10 18 -10 16 -10 17 -11 17 -11 16 -10 16 -10 14 -10 16 -10 15 -8 14 0 0 -8 14 -7 14 -7 15 -7 14 -7 15 -6 15 -6 15 -5 14 -5 14 -4 13 -4 14 -4 15 -4 15 -3 15 -3 13 -2 14 -2 14 -1 13 0 13 0 13 0 13 1 13 2 13 3 13 3 13 3 14 0 0 0 0 0 0 0 0 0 0]"
"1772697615266079,CSI_DATA,STATION,00:00:00:00:00:00,0,0,0,0,0,0,0,0,0,0,0,0,0,0,0,0,0,0,0,0,0,128,[84 -64 4 0 0 0 0 0 0 0 0 0 -9 -16 -8 -17 -7 -18 -7 -18 -6 -18 -6 -19 -6 -18 -5 -18 -4 -19 -4 -19 -3 -18 -4 -19 -3 -20 -2 -20 -1 -20 -2 -19 -2 -19 -1 -19 0 -19 1 -18 0 -18 0 -18 1 -17 0 -17 0 -17 0 -15 0 0 -1 -15 -1 -16 -1 -15 -3 -15 -2 -15 -3 -15 -3 -15 -4 -15 -4 -14 -4 -14 -5 -13 -4 -13 -5 -14 -5 -13 -5 -12 -6 -12 -6 -12 -7 -12 -7 -11 -7 -10 -8 -11 -9 -11 -9 -11 -10 -11 -9 -11 -11 -10 0 0 0 0 0 0 0 0 0 0]"
"1772697615266079,CSI_DATA,STATION,00:00:00:00:00:00,0,0,0,0,0,0,0,0,0,0,0,0,0,0,0,0,0,0,0,0,0,128,[84 -64 4 0 0 0 0 0 0 0 0 0 5 16 5 16 3 18 3 18 2 18 2 17 1 18 1 18 1 18 0 19 0 19 0 18 -1 19 -1 19 -2 19 -2 19 -3 17 -3 17 -3 17 -4 17 -4 16 -4 17 -4 15 -3 16 -3 16 -2 14 0 0 -2 14 -1 14 -1 14 0 13 0 14 0 15 0 14 0 14 0 13 2 13 2 12 1 13 2 13 3 12 3 12 3 12 4 11 4 10 5 11 5 10 5 11 5 11 6 11 8 10 8 10 8 10 0 0 0 0 0 0 0 0 0 0]"
"1772697615266079,CSI_DATA,STATION,00:00:00:00:00:00,0,0,0,0,0,0,0,0,0,0,0,0,0,0,0,0,0,0,0,0,0,128,[84 -64 4 0 0 0 0 0 0 0 0 0 17 -4 17 -5 17 -4 18 -3 18 -2 18 -2 18 -2 18 -1 18 0 18 0 19 0 19 1 18 1 19 2 19 3 18 2 17 3 17 4 17 4 17 4 16 4 16 4 15 4 15 3 15 4 14 3 0 0 15 3 13 2 13 1 13 1 14 1 14 0 14 0 13 0 14 0 13 -1 13 -1 13 -1 12 -2 12 -2 12 -2 13 -3 12 -4 12 -4 11 -4 11 -5 11 -5 11 -5 11 -6 11 -6 11 -7 11 -8 0 0 0 0 0 0 0 0 0 0]"
"1772697615266079,CSI_DATA,STATION,00:00:00:00:00:00,0,0,0,0,0,0,0,0,0,0,0,0,0,0,0,0,0,0,0,0,0,128,[84 -64 4 0 0 0 0 0 0 0 0 0 3 -17 3 -19 4 -18 5 -19 6 -19 6 -19 7 -17 7 -17 8 -17 7 -18 8 -18 9 -17 8 -17 9 -17 10 -17 9 -16 10 -15 10 -14 10 -15 11 -15 11 -14 10 -14 10 -13 9 -13 9 -14 8 -13 0 0 8 -13 7 -12 7 -13 6 -13 7 -13 6 -14 6 -13 5 -13 5 -13 4 -13 4 -13 4 -13 4 -13 3 -13 4 -13 2 -13 2 -13 1 -13 1 -13 0 -13 0 -13 -1 -14 -1 -13 -3 -14 -3 -13 -3 -14 0 0 0 0 0 0 0 0 0 0]"
"1772697615282296,CSI_DATA,STATION,00:00:00:00:00:00,0,0,0,0,0,0,0,0,0,0,0,0,0,0,0,0,0,0,0,0,0,128,[84 -64 4 0 0 0 0 0 0 0 0 0 17 -1 18 -1 17 -1 18 0 18 1 18 2 18 2 18 3 18 3 18 4 18 3 18 4 18 4 18 5 19 6 18 5 18 6 17 6 16 7 16 7 15 7 15 7 14 6 15 6 15 6 15 5 0 0 13 5 13 4 14 3 13 3 14 3 13 3 13 3 13 2 13 2 12 1 13 0 13 1 13 0 13 0 13 0 13 -1 12 -2 12 -3 12 -3 12 -3 12 -4 11 -4 12 -5 11 -6 12 -6 12 -7 0 0 0 0 0 0 0 0 0 0]"
"1772697615314331,CSI_DATA,STATION,00:00:00:00:00:00,0,0,0,0,0,0,0,0,0,0,0,0,0,0,0,0,0,0,0,0,0,128,[84 -64 4 0 0 0 0 0 0 0 0 0 -22 44 -11 36 -36 50 -45 57 -26 50 -36 38 -34 44 -39 25 -42 30 -44 50 -61 53 -83 76 -66 60 -57 52 -52 50 -71 68 -65 61 -50 43 -58 46 -53 56 -52 49 -78 49 -44 37 -65 67 -73 64 -66 54 0 0 -83 58 -82 67 -86 60 -75 62 -69 63 -87 63 -83 50 -64 65 -81 66 -77 25 -97 52 -45 41 -61 54 -82 28 -82 41 -92 49 -92 59 -75 55 -79 55 -67 39 -75 59 -66 51 -47 35 -80 53 -50 56 -50 51 0 0 0 0 0 0 0 0 0 0]"
"1772697615314331,CSI_DATA,STATION,00:00:00:00:00:00,0,0,0,0,0,0,0,0,0,0,0,0,0,0,0,0,0,0,0,0,0,128,[84 -64 4 0 0 0 0 0 0 0 0 0 2 -18 2 -18 3 -18 4 -19 5 -19 5 -19 6 -17 6 -17 7 -18 7 -18 6 -18 7 -18 8 -17 7 -17 9 -17 8 -17 9 -16 8 -15 9 -17 10 -16 10 -15 9 -14 8 -14 7 -14 8 -14 7 -13 0 0 7 -14 6 -13 5 -14 5 -13 5 -14 4 -14 5 -15 4 -14 3 -14 2 -13 2 -14 2 -13 2 -13 1 -14 1 -13 0 -13 0 -14 -1 -13 -1 -13 -2 -13 -1 -13 -3 -13 -3 -13 -4 -13 -4 -13 -5 -13 0 0 0 0 0 0 0 0 0 0]"
"1772697615330625,CSI_DATA,STATION,00:00:00:00:00:00,0,0,0,0,0,0,0,0,0,0,0,0,0,0,0,0,0,0,0,0,0,128,[84 -64 4 0 0 0 0 0 0 0 0 0 -7 -17 -7 -18 -6 -19 -5 -19 -4 -19 -4 -19 -4 -19 -3 -19 -3 -20 -2 -19 -1 -19 -2 -19 -1 -20 -1 -20 0 -20 -1 -20 0 -19 0 -19 0 -19 2 -19 2 -18 1 -18 1 -17 1 -18 1 -17 1 -16 0 0 0 -16 -1 -16 -1 -16 -1 -15 -2 -15 -2 -15 -2 -15 -3 -15 -3 -14 -4 -14 -4 -14 -4 -13 -4 -13 -4 -13 -5 -12 -6 -12 -6 -13 -6 -12 -6 -12 -7 -11 -7 -11 -8 -11 -8 -12 -9 -11 -9 -11 -10 -10 0 0 0 0 0 0 0 0 0 0]"
"1772697615330625,CSI_DATA,STATION,00:00:00:00:00:00,0,0,0,0,0,0,0,0,0,0,0,0,0,0,0,0,0,0,0,0,0,128,[84 -64 4 0 0 0 0 0 0 0 0 0 -6 14 -7 14 -7 15 -8 15 -8 13 -9 14 -9 13 -10 13 -10 13 -10 13 -11 13 -11 12 -11 12 -11 13 -12 13 -11 13 -11 12 -12 11 -12 12 -12 11 -12 11 -11 10 -11 10 -11 10 -11 10 -10 10 0 0 -9 10 -8 10 -8 10 -8 10 -8 10 -7 11 -8 10 -7 10 -7 10 -6 10 -5 11 -5 10 -5 11 -4 10 -4 10 -4 10 -3 11 -3 11 -2 10 -2 10 -2 11 -1 11 0 11 1 11 1 11 1 11 0 0 0 0 0 0 0 0 0 0]"
"1772697615394813,CSI_DATA,STATION,00:00:00:00:00:00,0,0,0,0,0,0,0,0,0,0,0,0,0,0,0,0,0,0,0,0,0,128,[84 -64 4 0 0 0 0 0 0 0 0 0 22 3 23 4 22 4 23 5 22 6 22 8 21 8 21 9 21 9 21 9 22 9 22 10 22 10 22 10 21 11 21 11 20 12 19 12 20 13 19 12 18 13 18 12 16 12 17 10 17 11 17 9 0 0 17 9 17 8 17 7 16 7 16 7 17 7 17 6 16 6 17 5 16 5 17 4 16 3 17 3 17 3 16 2 17 2 16 1 17 0 16 0 16 -1 16 -1 16 -2 16 -3 16 -4 16 -4 17 -5 0 0 0 0 0 0 0 0 0 0]"
"1772697615410701,CSI_DATA,STATION,00:00:00:00:00:00,0,0,0,0,0,0,0,0,0,0,0,0,0,0,0,0,0,0,0,0,0,128,[84 -64 4 0 0 0 0 0 0 0 0 0 16 -6 17 -7 17 -6 17 -6 17 -4 18 -4 17 -4 18 -4 18 -3 18 -3 18 -2 19 -2 18 -2 19 -1 19 0 19 0 18 0 18 0 18 1 18 1 17 1 17 1 16 1 16 1 16 1 15 0 0 0 15 0 14 -1 14 -2 14 -2 14 -2 14 -2 14 -2 13 -3 13 -3 13 -3 13 -4 13 -4 12 -4 12 -5 12 -4 12 -5 11 -6 11 -7 10 -6 10 -7 10 -7 10 -8 10 -8 9 -9 10 -9 9 -10 0 0 0 0 0 0 0 0 0 0]"
"1772697615426614,CSI_DATA,STATION,00:00:00:00:00:00,0,0,0,0,0,0,0,0,0,0,0,0,0,0,0,0,0,0,0,0,0,128,[84 -64 4 0 0 0 0 0 0 0 0 0 -18 0 -19 -1 -19 -1 -19 -2 -19 -2 -19 -2 -18 -3 -18 -4 -19 -5 -19 -5 -19 -5 -19 -5 -19 -5 -19 -6 -19 -7 -19 -7 -18 -7 -18 -7 -17 -8 -16 -8 -16 -8 -16 -8 -16 -7 -16 -7 -16 -7 -15 -6 0 0 -15 -6 -15 -4 -15 -4 -15 -5 -14 -4 -15 -3 -15 -4 -14 -4 -15 -3 -14 -2 -15 -1 -14 -2 -14 -1 -14 0 -13 0 -14 0 -13 1 -13 1 -14 2 -13 2 -13 3 -13 3 -12 3 -12 5 -13 5 -13 5 0 0 0 0 0 0 0 0 0 0]"
"1772697615426614,CSI_DATA,STATION,00:00:00:00:00:00,0,0,0,0,0,0,0,0,0,0,0,0,0,0,0,0,0,0,0,0,0,128,[84 -64 4 0 0 0 0 0 0 0 0 0 14 8 15 9 14 10 14 11 14 11 13 12 14 11 13 12 13 13 12 13 13 13 12 14 12 14 12 15 12 15 11 14 10 15 9 14 10 15 9 15 9 15 8 14 8 13 8 14 8 14 8 12 0 0 9 11 8 11 9 11 9 10 9 11 9 10 9 10 9 10 10 9 9 8 10 8 10 9 10 8 10 8 10 7 11 7 11 6 11 5 11 5 11 4 12 4 11 5 11 3 12 4 12 3 12 2 0 0 0 0 0 0 0 0 0 0]"
"1772697615426614,CSI_DATA,STATION,00:00:00:00:00:00,0,0,0,0,0,0,0,0,0,0,0,0,0,0,0,0,0,0,0,0,0,128,[84 -64 4 0 0 0 0 0 0 0 0 0 -18 0 -19 0 -19 -1 -19 -2 -19 -2 -20 -3 -19 -3 -18 -5 -19 -5 -19 -4 -19 -5 -20 -5 -19 -5 -19 -6 -18 -7 -19 -7 -18 -7 -17 -7 -17 -7 -17 -8 -16 -8 -16 -8 -15 -7 -15 -7 -15 -7 -14 -7 0 0 -15 -6 -15 -5 -14 -5 -15 -5 -15 -4 -15 -4 -15 -4 -14 -3 -15 -3 -14 -2 -15 -1 -14 -2 -14 -1 -13 -1 -14 -1 -14 0 -14 0 -14 1 -13 1 -13 2 -13 2 -13 3 -13 3 -12 4 -13 5 -13 5 0 0 0 0 0 0 0 0 0 0]"
"1772697615426614,CSI_DATA,STATION,00:00:00:00:00:00,0,0,0,0,0,0,0,0,0,0,0,0,0,0,0,0,0,0,0,0,0,128,[84 -64 4 0 0 0 0 0 0 0 0 0 5 -18 6 -17 7 -18 7 -18 9 -17 9 -17 9 -17 9 -15 10 -16 10 -16 10 -16 11 -16 11 -16 12 -15 12 -15 12 -14 13 -13 13 -14 13 -14 13 -13 12 -12 12 -12 12 -11 12 -12 11 -12 10 -11 0 0 10 -11 9 -12 9 -12 8 -12 9 -12 8 -12 8 -12 8 -13 8 -12 7 -12 7 -13 6 -12 6 -13 5 -12 5 -12 5 -13 4 -13 3 -13 3 -13 3 -13 3 -13 2 -13 1 -13 1 -13 0 -14 0 -14 0 0 0 0 0 0 0 0 0 0]"
"1772697615442330,CSI_DATA,STATION,00:00:00:00:00:00,0,0,0,0,0,0,0,0,0,0,0,0,0,0,0,0,0,0,0,0,0,128,[84 -64 4 0 0 0 0 0 0 0 0 0 11 -14 12 -13 13 -14 13 -13 14 -13 14 -12 14 -11 15 -11 16 -10 16 -10 16 -10 16 -10 16 -9 17 -9 17 -8 17 -8 17 -7 17 -7 17 -7 17 -6 17 -6 16 -6 16 -5 15 -6 15 -6 14 -6 0 0 14 -5 13 -6 13 -6 12 -7 13 -7 12 -7 12 -7 12 -7 12 -7 12 -8 11 -8 10 -8 11 -8 10 -8 9 -8 10 -9 9 -9 9 -9 9 -9 8 -9 8 -10 8 -10 7 -11 6 -12 7 -12 6 -13 0 0 0 0 0 0 0 0 0 0]"
"1772697615442330,CSI_DATA,STATION,00:00:00:00:00:00,0,0,0,0,0,0,0,0,0,0,0,0,0,0,0,0,0,0,0,0,0,128,[84 -64 4 0 0 0 0 0 0 0 0 0 -13 12 -14 11 -14 12 -15 12 -15 11 -16 11 -16 10 -16 10 -16 8 -16 8 -18 8 -17 8 -18 8 -18 7 -18 7 -18 7 -18 6 -18 6 -18 5 -18 5 -17 5 -17 5 -17 4 -17 4 -16 4 -15 5 0 0 -14 4 -14 5 -14 6 -14 5 -14 6 -14 6 -13 6 -13 6 -13 6 -12 7 -13 7 -12 7 -12 7 -11 7 -11 7 -10 8 -10 8 -10 8 -9 9 -9 9 -9 9 -8 10 -9 10 -8 11 -8 11 -8 11 0 0 0 0 0 0 0 0 0 0]"
"1772697615442330,CSI_DATA,STATION,00:00:00:00:00:00,0,0,0,0,0,0,0,0,0,0,0,0,0,0,0,0,0,0,0,0,0,128,[84 -64 4 0 0 0 0 0 0 0 0 0 -15 7 -15 6 -16 7 -16 6 -16 5 -16 4 -17 4 -16 3 -17 3 -17 3 -17 3 -17 2 -17 2 -17 2 -17 1 -18 1 -17 1 -18 0 -17 0 -16 -1 -16 -1 -16 -1 -16 -1 -16 -1 -15 0 -15 0 0 0 -14 0 -13 1 -13 1 -13 1 -13 2 -14 2 -13 2 -13 2 -13 2 -12 3 -13 4 -12 3 -12 4 -11 4 -12 3 -12 5 -11 5 -10 5 -10 6 -10 6 -10 6 -9 7 -9 7 -9 8 -9 8 -9 8 0 0 0 0 0 0 0 0 0 0]"
"1772697615458243,CSI_DATA,STATION,00:00:00:00:00:00,0,0,0,0,0,0,0,0,0,0,0,0,0,0,0,0,0,0,0,0,0,128,[84 -64 4 0 0 0 0 0 0 0 0 0 -18 10 -20 9 -19 9 -21 9 -20 7 -21 7 -20 7 -21 6 -20 5 -21 5 -21 6 -22 5 -22 5 -22 4 -22 3 -22 3 -22 2 -21 2 -22 2 -21 2 -21 2 -20 1 -19 1 -19 2 -19 2 -18 3 0 0 -18 3 -18 3 -17 4 -16 3 -16 4 -17 5 -16 5 -16 5 -15 5 -15 6 -15 6 -15 6 -15 6 -15 7 -13 7 -14 8 -13 8 -13 8 -13 9 -12 9 -11 10 -11 10 -10 11 -11 12 -10 11 -10 12 0 0 0 0 0 0 0 0 0 0]"
"1772697615458243,CSI_DATA,STATION,00:00:00:00:00:00,0,0,0,0,0,0,0,0,0,0,0,0,0,0,0,0,0,0,0,0,0,128,[84 -64 4 0 0 0 0 0 0 0 0 0 -17 -7 -17 -9 -16 -8 -17 -10 -16 -10 -16 -11 -16 -12 -15 -12 -15 -12 -15 -12 -16 -12 -15 -13 -15 -13 -14 -14 -14 -15 -15 -14 -13 -14 -12 -14 -12 -14 -11 -15 -11 -15 -10 -14 -10 -14 -11 -13 -11 -13 -11 -12 0 0 -11 -12 -11 -11 -10 -10 -12 -10 -11 -11 -11 -10 -11 -11 -12 -10 -12 -9 -11 -9 -13 -7 -12 -8 -12 -8 -12 -7 -12 -6 -12 -6 -13 -6 -13 -5 -12 -5 -12 -5 -13 -4 -12 -4 -13 -3 -13 -2 -14 -2 -14 -1 0 0 0 0 0 0 0 0 0 0]"
"1772697615474068,CSI_DATA,STATION,00:00:00:00:00:00,0,0,0,0,0,0,0,0,0,0,0,0,0,0,0,0,0,0,0,0,0,128,[84 -64 4 0 0 0 0 0 0 0 0 0 7 -14 8 -15 8 -14 9 -15 9 -14 10 -14 10 -13 10 -13 11 -13 11 -12 11 -12 12 -12 11 -12 12 -13 12 -12 12 -11 13 -11 12 -10 13 -10 12 -10 12 -10 12 -10 12 -9 12 -9 11 -9 10 -9 0 0 10 -9 9 -9 9 -10 8 -10 9 -10 8 -10 8 -10 8 -10 7 -9 7 -10 6 -11 6 -10 6 -10 6 -11 6 -11 5 -11 4 -12 4 -11 4 -11 4 -11 3 -11 2 -12 2 -11 1 -12 1 -12 1 -12 0 0 0 0 0 0 0 0 0 0]"
"1772697615474068,CSI_DATA,STATION,00:00:00:00:00:00,0,0,0,0,0,0,0,0,0,0,0,0,0,0,0,0,0,0,0,0,0,128,[84 -64 4 0 0 0 0 0 0 0 0 0 -12 11 -13 10 -13 10 -13 11 -13 9 -15 9 -14 9 -14 8 -15 8 -15 8 -16 7 -16 7 -16 7 -16 7 -16 6 -16 6 -16 5 -16 5 -16 5 -16 4 -15 4 -15 4 -14 3 -14 4 -14 4 -13 3 0 0 -14 4 -12 4 -12 5 -12 5 -13 6 -12 6 -11 5 -12 6 -11 5 -11 6 -10 7 -11 7 -10 6 -10 7 -10 7 -9 7 -9 7 -9 8 -8 8 -8 8 -8 8 -7 9 -7 8 -6 9 -7 9 -6 10 0 0 0 0 0 0 0 0 0 0]"
"1772697615474068,CSI_DATA,STATION,00:00:00:00:00:00,0,0,0,0,0,0,0,0,0,0,0,0,0,0,0,0,0,0,0,0,0,128,[84 -64 4 0 0 0 0 0 0 0 0 0 6 14 6 14 6 15 5 16 4 16 4 16 4 15 3 16 2 16 3 16 2 17 2 16 2 17 1 16 0 17 1 16 0 16 1 16 0 16 -1 16 -1 16 0 14 -1 14 0 15 -1 14 0 14 0 0 1 12 1 13 2 12 2 11 2 13 1 12 2 12 3 12 3 11 4 11 4 10 4 11 4 11 5 10 4 10 6 10 6 9 6 9 6 8 6 8 7 8 7 8 8 8 8 7 8 7 9 7 0 0 0 0 0 0 0 0 0 0]"
"1772697615489906,CSI_DATA,STATION,00:00:00:00:00:00,0,0,0,0,0,0,0,0,0,0,0,0,0,0,0,0,0,0,0,0,0,128,[84 -64 4 0 0 0 0 0 0 0 0 0 12 -9 14 -10 14 -9 15 -8 15 -7 16 -7 15 -6 16 -6 15 -5 15 -6 16 -6 16 -6 16 -5 16 -5 17 -4 16 -3 16 -3 16 -3 16 -3 15 -2 15 -2 14 -2 14 -2 14 -3 14 -2 13 -4 0 0 13 -3 12 -3 12 -3 11 -4 12 -4 12 -4 11 -4 11 -5 12 -4 10 -5 11 -5 10 -6 10 -6 10 -6 9 -6 10 -7 9 -7 9 -7 9 -7 8 -8 8 -7 8 -8 7 -9 6 -10 7 -10 7 -11 0 0 0 0 0 0 0 0 0 0]"
"1772697615489906,CSI_DATA,STATION,00:00:00:00:00:00,0,0,0,0,0,0,0,0,0,0,0,0,0,0,0,0,0,0,0,0,0,128,[84 -64 4 0 0 0 0 0 0 0 0 0 15 -1 16 -1 16 0 17 1 16 2 16 2 16 3 16 4 16 4 15 4 16 4 16 5 16 6 15 5 15 6 15 6 14 6 14 7 15 7 14 8 13 7 13 7 12 6 12 7 12 6 12 5 0 0 11 5 11 4 11 4 12 4 12 4 12 4 12 4 11 3 11 3 11 2 12 2 11 2 12 2 11 2 11 1 11 0 11 0 11 -1 11 -1 11 -1 11 -1 10 -2 10 -2 10 -3 11 -3 11 -4 0 0 0 0 0 0 0 0 0 0]"
"1772697615489906,CSI_DATA,STATION,00:00:00:00:00:00,0,0,0,0,0,0,0,0,0,0,0,0,0,0,0,0,0,0,0,0,0,128,[84 -64 4 0 0 0 0 0 0 0 0 0 5 14 4 15 4 16 3 16 3 17 2 16 1 16 1 15 0 16 0 17 0 16 0 16 0 17 -1 17 -2 17 -1 17 -2 15 -2 15 -2 16 -3 15 -3 15 -2 15 -3 14 -3 15 -2 14 -1 13 0 0 -1 12 0 13 0 12 0 12 0 12 1 13 1 13 1 12 1 12 1 12 2 11 2 12 2 12 2 10 3 10 4 10 4 10 4 9 5 9 5 9 5 9 6 9 6 9 7 8 7 8 7 8 0 0 0 0 0 0 0 0 0 0]"
"1772697615505891,CSI_DATA,STATION,00:00:00:00:00:00,0,0,0,0,0,0,0,0,0,0,0,0,0,0,0,0,0,0,0,0,0,128,[84 -64 4 0 0 0 0 0 0 0 0 0 3 15 2 16 1 16 1 17 0 16 0 17 -1 16 -1 16 -3 16 -2 16 -2 16 -2 16 -3 17 -2 17 -4 17 -3 16 -4 16 -4 14 -5 16 -5 15 -5 14 -4 15 -4 13 -4 14 -4 14 -3 13 0 0 -3 12 -3 13 -2 13 -2 11 -2 13 -1 13 -1 13 -1 12 -1 11 1 11 1 11 0 12 1 12 2 11 1 10 2 11 3 10 3 10 3 10 4 9 4 9 4 9 5 9 6 9 6 9 7 9 0 0 0 0 0 0 0 0 0 0]"
"1772697615505891,CSI_DATA,STATION,00:00:00:00:00:00,0,0,0,0,0,0,0,0,0,0,0,0,0,0,0,0,0,0,0,0,0,128,[84 -64 4 0 0 0 0 0 0 0 0 0 15 -10 15 -10 15 -11 16 -10 16 -9 17 -8 16 -8 17 -7 17 -7 17 -6 18 -7 18 -6 18 -6 18 -5 18 -4 19 -4 18 -4 18 -4 18 -3 18 -2 17 -2 16 -3 16 -1 16 -3 15 -3 14 -4 0 0 14 -3 14 -4 13 -4 13 -4 13 -4 13 -5 13 -5 13 -5 13 -5 12 -6 12 -7 11 -7 11 -6 11 -7 10 -6 11 -8 10 -8 10 -9 9 -8 9 -9 9 -9 9 -9 8 -10 8 -11 7 -11 7 -11 0 0 0 0 0 0 0 0 0 0]"
"1772697615505891,CSI_DATA,STATION,00:00:00:00:00:00,0,0,0,0,0,0,0,0,0,0,0,0,0,0,0,0,0,0,0,0,0,128,[84 -64 4 0 0 0 0 0 0 0 0 0 15 9 16 10 15 10 15 12 14 11 14 13 14 13 13 13 13 14 13 13 14 15 13 15 12 16 12 16 11 16 11 16 10 15 9 15 8 16 8 16 8 16 7 15 7 14 8 15 8 15 9 13 0 0 8 13 8 12 9 12 9 11 9 12 9 12 9 12 9 10 10 11 10 9 10 9 10 10 10 9 11 9 10 8 11 8 11 7 11 6 11 6 11 5 11 5 11 6 12 4 12 4 13 4 13 3 0 0 0 0 0 0 0 0 0 0]"
"1772697615521525,CSI_DATA,STATION,00:00:00:00:00:00,0,0,0,0,0,0,0,0,0,0,0,0,0,0,0,0,0,0,0,0,0,128,[84 -64 4 0 0 0 0 0 0 0 0 0 -7 -13 -7 -14 -6 -14 -6 -16 -5 -15 -4 -16 -3 -15 -3 -15 -2 -15 -3 -16 -2 -16 -3 -16 -2 -17 -1 -17 -1 -17 -1 -16 0 -16 0 -15 1 -16 1 -16 1 -15 1 -15 1 -14 0 -15 1 -15 0 -14 0 0 0 -13 0 -13 -1 -13 -1 -12 -1 -13 -1 -13 -1 -14 -2 -12 -2 -13 -3 -11 -3 -12 -3 -12 -3 -12 -4 -12 -3 -11 -4 -12 -4 -11 -5 -10 -5 -10 -5 -10 -6 -10 -6 -10 -6 -10 -8 -10 -7 -10 -8 -9 0 0 0 0 0 0 0 0 0 0]"
"1772697615521525,CSI_DATA,STATION,00:00:00:00:00:00,0,0,0,0,0,0,0,0,0,0,0,0,0,0,0,0,0,0,0,0,0,128,[84 -64 4 0 0 0 0 0 0 0 0 0 18 -15 18 -14 19 -14 20 -14 20 -13 21 -12 21 -12 22 -11 21 -11 22 -10 23 -10 23 -9 23 -9 23 -9 23 -7 23 -8 23 -6 22 -7 22 -6 21 -6 21 -6 21 -5 20 -4 20 -5 20 -5 19 -6 0 0 18 -7 18 -7 17 -7 17 -8 16 -8 17 -9 16 -9 15 -8 15 -9 15 -9 15 -10 14 -9 14 -10 14 -10 14 -11 13 -11 13 -12 12 -12 11 -12 11 -12 11 -13 10 -14 10 -15 9 -15 9 -15 9 -15 0 0 0 0 0 0 0 0 0 0]"
"1772697615521525,CSI_DATA,STATION,00:00:00:00:00:00,0,0,0,0,0,0,0,0,0,0,0,0,0,0,0,0,0,0,0,0,0,128,[84 -64 4 0 0 0 0 0 0 0 0 0 18 2 18 3 17 3 19 4 17 5 18 6 18 6 17 7 18 7 16 7 17 7 17 8 16 8 17 8 16 9 16 9 16 10 14 9 15 10 14 9 14 9 14 9 13 9 13 9 12 8 13 8 0 0 14 7 12 6 12 6 12 5 13 5 13 5 13 5 13 4 13 4 12 3 13 3 12 3 12 3 13 3 12 1 13 0 12 1 12 0 12 -1 12 -1 12 -2 12 -2 12 -2 12 -4 13 -4 12 -5 0 0 0 0 0 0 0 0 0 0]"
"1772697615537298,CSI_DATA,STATION,00:00:00:00:00:00,0,0,0,0,0,0,0,0,0,0,0,0,0,0,0,0,0,0,0,0,0,128,[84 -64 4 0 0 0 0 0 0 0 0 0 13 8 13 9 12 10 12 11 12 11 11 11 11 12 11 13 10 12 11 12 11 13 11 12 10 13 10 14 9 14 10 14 8 13 8 13 8 14 7 13 7 14 6 13 7 12 7 12 7 12 8 11 0 0 7 10 7 10 8 10 8 9 8 9 8 9 8 9 8 9 9 8 9 7 9 7 8 7 9 7 9 7 9 6 9 6 9 5 10 4 10 5 10 4 10 3 10 4 11 2 11 2 11 1 11 1 0 0 0 0 0 0 0 0 0 0]"
"1772697615537298,CSI_DATA,STATION,00:00:00:00:00:00,0,0,0,0,0,0,0,0,0,0,0,0,0,0,0,0,0,0,0,0,0,128,[84 -64 4 0 0 0 0 0 0 0 0 0 7 16 7 16 7 16 5 18 4 18 4 18 3 17 2 18 2 18 1 18 2 18 2 18 1 19 0 19 1 20 1 18 0 18 0 18 -1 18 -2 18 -3 17 -1 17 -2 16 -1 17 -1 16 -1 15 0 0 0 15 0 14 1 14 1 13 1 15 2 14 1 14 2 13 3 13 3 13 4 12 3 13 3 12 4 12 5 11 5 11 5 11 6 11 6 10 6 10 6 10 7 10 7 10 9 9 9 9 9 8 0 0 0 0 0 0 0 0 0 0]"
"1772697615537298,CSI_DATA,STATION,00:00:00:00:00:00,0,0,0,0,0,0,0,0,0,0,0,0,0,0,0,0,0,0,0,0,0,128,[84 -64 4 0 0 0 0 0 0 0 0 0 16 -9 17 -7 17 -8 17 -7 18 -6 18 -5 18 -5 18 -4 18 -4 18 -3 18 -3 18 -3 19 -3 19 -2 19 -2 18 -2 19 -1 18 -1 19 -1 18 -1 17 0 17 0 16 0 16 -1 16 -1 15 -1 0 0 15 -2 14 -2 14 -3 14 -3 15 -3 13 -3 14 -3 13 -4 14 -4 13 -5 13 -5 12 -5 12 -5 13 -5 11 -5 11 -6 11 -6 11 -7 10 -7 10 -7 10 -8 9 -8 9 -9 9 -10 9 -10 9 -11 0 0 0 0 0 0 0 0 0 0]"
"1772697615553016,CSI_DATA,STATION,00:00:00:00:00:00,0,0,0,0,0,0,0,0,0,0,0,0,0,0,0,0,0,0,0,0,0,128,[84 -64 4 0 0 0 0 0 0 0 0 0 -19 -1 -19 -2 -19 -2 -20 -2 -19 -4 -19 -4 -19 -6 -18 -6 -19 -7 -19 -6 -20 -6 -19 -7 -18 -6 -18 -7 -19 -8 -19 -8 -17 -8 -17 -9 -17 -8 -15 -9 -16 -10 -15 -9 -15 -9 -15 -9 -15 -8 -15 -8 0 0 -14 -7 -14 -7 -14 -7 -15 -6 -14 -6 -14 -6 -14 -6 -14 -5 -15 -5 -15 -3 -14 -3 -14 -3 -14 -3 -14 -2 -14 -2 -14 -1 -14 -1 -13 0 -13 0 -13 0 -13 1 -14 1 -13 2 -13 4 -14 4 -14 4 0 0 0 0 0 0 0 0 0 0]"
"1772697615553016,CSI_DATA,STATION,00:00:00:00:00:00,0,0,0,0,0,0,0,0,0,0,0,0,0,0,0,0,0,0,0,0,0,128,[84 -64 4 0 0 0 0 0 0 0 0 0 0 17 -1 17 -2 18 -3 19 -4 18 -4 18 -5 18 -6 18 -6 18 -6 18 -6 18 -6 18 -7 18 -7 18 -8 18 -8 17 -9 16 -9 15 -9 16 -10 16 -9 14 -9 15 -9 14 -9 14 -8 14 -7 13 0 0 -7 13 -7 13 -6 13 -5 13 -5 14 -6 14 -5 13 -5 14 -5 13 -4 12 -3 13 -3 13 -3 13 -3 13 -3 13 -2 13 -1 13 0 12 -1 12 0 11 0 12 1 12 2 12 3 12 3 12 3 12 0 0 0 0 0 0 0 0 0 0]"
"1772697615553016,CSI_DATA,STATION,00:00:00:00:00:00,0,0,0,0,0,0,0,0,0,0,0,0,0,0,0,0,0,0,0,0,0,128,[84 -64 4 0 0 0 0 0 0 0 0 0 -15 -4 -15 -4 -16 -5 -16 -6 -15 -6 -15 -6 -15 -7 -14 -7 -14 -8 -14 -8 -15 -9 -14 -9 -14 -10 -14 -9 -14 -10 -14 -9 -13 -10 -12 -10 -12 -10 -12 -10 -11 -10 -11 -10 -10 -10 -11 -9 -11 -10 -12 -9 0 0 -11 -8 -11 -7 -11 -7 -11 -7 -11 -7 -11 -7 -11 -7 -11 -6 -12 -6 -11 -4 -12 -4 -11 -5 -11 -5 -11 -4 -11 -4 -11 -3 -11 -3 -11 -2 -11 -1 -11 -1 -11 -1 -11 0 -11 -1 -11 1 -12 0 -12 2 0 0 0 0 0 0 0 0 0 0]"
"1772697615569047,CSI_DATA,STATION,00:00:00:00:00:00,0,0,0,0,0,0,0,0,0,0,0,0,0,0,0,0,0,0,0,0,0,128,[84 -64 4 0 0 0 0 0 0 0 0 0 15 9 15 10 15 10 15 11 14 11 14 11 14 12 13 13 14 13 12 13 14 14 13 13 12 14 12 15 11 15 11 15 11 15 10 14 10 15 9 15 9 15 9 14 8 13 8 13 8 13 9 12 0 0 9 11 9 11 10 10 10 9 10 11 10 10 11 10 10 9 10 9 10 8 11 8 10 8 11 7 10 7 11 6 11 5 11 5 12 4 12 4 11 3 12 4 12 3 12 2 13 1 13 1 13 0 0 0 0 0 0 0 0 0 0 0]"
"1772697615569047,CSI_DATA,STATION,00:00:00:00:00:00,0,0,0,0,0,0,0,0,0,0,0,0,0,0,0,0,0,0,0,0,0,128,[84 -64 4 0 0 0 0 0 0 0 0 0 1 -15 1 -16 2 -15 3 -17 3 -15 3 -16 4 -15 5 -15 5 -15 5 -15 5 -15 5 -16 6 -15 6 -15 7 -15 7 -15 8 -14 7 -12 8 -14 8 -13 8 -13 8 -13 7 -11 7 -12 7 -13 6 -12 0 0 6 -12 5 -12 5 -13 4 -12 5 -12 4 -12 4 -13 3 -12 4 -12 2 -11 2 -12 3 -12 2 -12 2 -12 2 -11 1 -12 1 -11 0 -12 0 -12 0 -11 0 -11 -1 -11 -2 -11 -3 -11 -3 -12 -3 -12 0 0 0 0 0 0 0 0 0 0]"
"1772697615569047,CSI_DATA,STATION,00:00:00:00:00:00,0,0,0,0,0,0,0,0,0,0,0,0,0,0,0,0,0,0,0,0,0,128,[84 -64 4 0 0 0 0 0 0 0 0 0 -18 7 -19 7 -19 6 -21 5 -19 4 -20 4 -20 3 -20 2 -20 1 -20 2 -21 1 -21 1 -21 1 -21 0 -21 -2 -21 -1 -20 -1 -19 -1 -20 -2 -19 -2 -18 -2 -18 -3 -17 -3 -18 -2 -18 -2 -17 -1 0 0 -17 -1 -15 0 -17 0 -15 1 -16 0 -16 1 -16 1 -16 1 -15 2 -14 3 -15 3 -14 3 -14 3 -14 4 -13 3 -14 5 -13 5 -13 5 -12 5 -12 6 -12 7 -12 7 -11 7 -11 9 -11 9 -11 9 0 0 0 0 0 0 0 0 0 0]"
"1772697615584814,CSI_DATA,STATION,00:00:00:00:00:00,0,0,0,0,0,0,0,0,0,0,0,0,0,0,0,0,0,0,0,0,0,128,[84 -64 4 0 0 0 0 0 0 0 0 0 -11 -13 -12 -13 -11 -14 -10 -14 -10 -15 -9 -15 -9 -15 -8 -16 -7 -16 -8 -16 -7 -16 -7 -16 -7 -17 -6 -17 -6 -17 -6 -17 -6 -16 -6 -16 -5 -16 -4 -16 -3 -16 -3 -16 -4 -15 -4 -15 -4 -15 -5 -13 0 0 -4 -13 -5 -14 -5 -13 -6 -13 -6 -13 -6 -13 -5 -12 -6 -12 -6 -11 -7 -11 -8 -11 -7 -11 -7 -11 -7 -11 -8 -10 -8 -9 -8 -10 -8 -9 -9 -9 -8 -8 -9 -9 -9 -8 -10 -7 -11 -7 -11 -6 -11 -7 0 0 0 0 0 0 0 0 0 0]"
"1772697615584814,CSI_DATA,STATION,00:00:00:00:00:00,0,0,0,0,0,0,0,0,0,0,0,0,0,0,0,0,0,0,0,0,0,128,[84 -64 4 0 0 0 0 0 0 0 0 0 11 -35 17 -33 36 -52 45 -58 26 -46 37 -44 43 -49 40 -39 48 -44 51 -51 73 -60 74 -72 68 -60 68 -62 44 -46 68 -69 60 -54 51 -51 53 -52 54 -54 41 -36 67 -50 43 -33 53 -58 77 -68 67 -53 0 0 81 -67 84 -77 80 -68 68 -71 56 -60 72 -70 78 -62 62 -62 66 -61 66 -42 87 -73 46 -42 71 -59 68 -46 79 -54 76 -57 86 -68 75 -56 88 -66 57 -52 62 -61 77 -61 45 -39 70 -59 34 -50 51 -53 0 0 0 0 0 0 0 0 0 0]"
"1772697615584814,CSI_DATA,STATION,00:00:00:00:00:00,0,0,0,0,0,0,0,0,0,0,0,0,0,0,0,0,0,0,0,0,0,128,[84 -64 4 0 0 0 0 0 0 0 0 0 8 -14 9 -14 10 -14 10 -14 10 -14 11 -13 11 -13 12 -13 12 -12 11 -13 11 -13 13 -13 12 -12 13 -12 13 -11 13 -11 13 -10 13 -9 13 -10 13 -9 13 -9 13 -8 12 -8 12 -9 12 -9 11 -9 0 0 10 -9 10 -9 10 -10 9 -9 10 -9 9 -9 9 -10 8 -10 8 -10 8 -10 7 -11 7 -10 7 -11 6 -11 6 -10 6 -11 5 -11 5 -11 5 -11 4 -11 4 -11 4 -11 3 -12 1 -12 2 -12 1 -12 0 0 0 0 0 0 0 0 0 0]"
"1772697615601120,CSI_DATA,STATION,00:00:00:00:00:00,0,0,0,0,0,0,0,0,0,0,0,0,0,0,0,0,0,0,0,0,0,128,[84 -64 4 0 0 0 0 0 0 0 0 0 2 -16 3 -17 3 -17 4 -18 5 -17 5 -16 6 -16 7 -16 7 -15 7 -16 8 -16 8 -16 7 -16 8 -15 10 -15 8 -15 9 -14 9 -12 9 -14 10 -14 10 -13 10 -12 9 -12 8 -12 7 -12 7 -12 0 0 7 -11 7 -12 6 -12 5 -12 6 -12 6 -12 5 -12 5 -12 5 -12 4 -11 4 -12 4 -12 3 -12 3 -12 3 -12 3 -12 2 -12 1 -12 2 -12 1 -12 0 -12 0 -12 -1 -12 -2 -12 -2 -12 -2 -13 0 0 0 0 0 0 0 0 0 0]"
"1772697615601120,CSI_DATA,STATION,00:00:00:00:00:00,0,0,0,0,0,0,0,0,0,0,0,0,0,0,0,0,0,0,0,0,0,128,[84 -64 4 0 0 0 0 0 0 0 0 0 7 16 7 17 6 17 6 17 5 18 5 18 4 17 4 18 3 18 3 19 2 19 2 18 1 19 0 19 0 19 1 19 0 18 -1 17 -1 18 -1 18 -1 17 -1 17 -1 16 -2 17 -1 15 0 16 0 0 0 15 1 14 1 15 2 14 2 15 3 14 2 14 2 14 2 13 4 13 4 12 3 13 4 13 4 13 4 11 5 12 5 12 5 11 6 10 6 10 7 10 7 10 8 10 9 9 9 10 9 9 0 0 0 0 0 0 0 0 0 0]"
"1772697615633020,CSI_DATA,STATION,00:00:00:00:00:00,0,0,0,0,0,0,0,0,0,0,0,0,0,0,0,0,0,0,0,0,0,128,[84 -64 4 0 0 0 0 0 0 0 0 0 -19 10 -20 9 -20 9 -21 9 -20 7 -22 6 -21 6 -22 5 -21 5 -21 4 -22 5 -23 4 -22 4 -23 3 -23 2 -23 2 -23 1 -21 0 -23 0 -21 0 -21 0 -20 0 -19 0 -19 0 -19 0 -19 1 0 0 -18 1 -18 2 -18 2 -17 2 -18 2 -17 3 -17 3 -17 3 -16 3 -16 4 -17 5 -16 5 -16 4 -16 5 -15 5 -16 5 -14 6 -14 6 -15 6 -13 7 -13 8 -14 8 -13 9 -13 10 -13 10 -13 10 0 0 0 0 0 0 0 0 0 0]"
"1772697615633020,CSI_DATA,STATION,00:00:00:00:00:00,0,0,0,0,0,0,0,0,0,0,0,0,0,0,0,0,0,0,0,0,0,128,[84 -64 4 0 0 0 0 0 0 0 0 0 -16 -5 -16 -6 -16 -7 -17 -7 -16 -8 -16 -8 -15 -9 -15 -9 -15 -9 -15 -9 -15 -10 -15 -10 -14 -10 -14 -11 -14 -11 -14 -11 -13 -11 -13 -11 -13 -11 -12 -11 -12 -11 -12 -11 -11 -10 -11 -10 -11 -10 -11 -9 0 0 -11 -9 -11 -8 -12 -7 -12 -7 -12 -8 -11 -7 -12 -7 -11 -6 -12 -7 -11 -5 -13 -5 -11 -6 -12 -5 -12 -5 -12 -5 -12 -3 -12 -4 -12 -3 -12 -2 -12 -1 -12 -1 -12 -1 -12 -1 -12 0 -12 0 -13 1 0 0 0 0 0 0 0 0 0 0]"
"1772697615633020,CSI_DATA,STATION,00:00:00:00:00:00,0,0,0,0,0,0,0,0,0,0,0,0,0,0,0,0,0,0,0,0,0,128,[84 -64 4 0 0 0 0 0 0 0 0 0 -17 -2 -17 -2 -17 -3 -18 -3 -16 -4 -17 -4 -16 -5 -17 -5 -16 -6 -17 -6 -17 -7 -17 -7 -16 -7 -16 -8 -17 -9 -16 -7 -16 -8 -15 -9 -15 -9 -14 -8 -14 -9 -14 -8 -13 -8 -12 -8 -13 -8 -13 -7 0 0 -13 -7 -13 -6 -12 -6 -13 -5 -13 -6 -13 -5 -13 -5 -12 -5 -13 -4 -13 -4 -13 -4 -12 -4 -12 -4 -12 -3 -12 -3 -13 -2 -12 -2 -12 -1 -12 0 -12 0 -12 1 -12 1 -12 1 -11 2 -12 2 -13 2 0 0 0 0 0 0 0 0 0 0]"
"1772697615648988,CSI_DATA,STATION,00:00:00:00:00:00,0,0,0,0,0,0,0,0,0,0,0,0,0,0,0,0,0,0,0,0,0,128,[84 -64 4 0 0 0 0 0 0 0 0 0 16 -8 17 -8 16 -6 18 -7 18 -6 18 -5 18 -4 18 -3 19 -3 18 -3 19 -3 18 -2 19 -3 18 -2 19 -1 18 -1 18 -1 18 -1 18 0 18 1 17 1 17 0 15 1 17 0 16 0 15 0 0 0 16 0 14 -1 15 -2 14 -2 14 -2 14 -2 15 -2 13 -3 14 -4 13 -4 13 -5 13 -4 13 -4 12 -5 12 -5 12 -6 12 -6 11 -6 11 -6 10 -7 11 -8 10 -7 9 -9 10 -10 10 -9 9 -10 0 0 0 0 0 0 0 0 0 0]"
"1772697615648988,CSI_DATA,STATION,00:00:00:00:00:00,0,0,0,0,0,0,0,0,0,0,0,0,0,0,0,0,0,0,0,0,0,128,[84 -64 4 0 0 0 0 0 0 0 0 0 3 -16 4 -16 4 -17 5 -17 6 -16 6 -16 7 -15 8 -14 8 -16 7 -15 8 -15 8 -15 8 -15 9 -15 10 -15 10 -15 10 -13 10 -12 10 -13 10 -13 10 -12 10 -12 10 -11 9 -11 9 -12 8 -12 0 0 8 -11 8 -11 7 -12 7 -11 7 -12 7 -12 7 -12 5 -12 6 -12 5 -11 5 -12 5 -12 5 -12 5 -12 4 -11 3 -12 3 -12 2 -12 2 -12 2 -11 1 -11 1 -12 0 -12 -1 -13 0 -13 -1 -12 0 0 0 0 0 0 0 0 0 0]"
"1772697615648988,CSI_DATA,STATION,00:00:00:00:00:00,0,0,0,0,0,0,0,0,0,0,0,0,0,0,0,0,0,0,0,0,0,128,[84 -64 4 0 0 0 0 0 0 0 0 0 8 -14 9 -14 10 -14 10 -14 11 -12 11 -12 11 -12 12 -12 12 -11 12 -11 13 -11 13 -11 13 -10 13 -11 14 -10 14 -10 14 -9 14 -8 14 -9 13 -8 14 -9 13 -8 13 -7 13 -8 12 -8 11 -8 0 0 11 -8 10 -8 10 -9 10 -8 10 -8 9 -9 10 -9 9 -9 9 -9 8 -9 8 -9 8 -9 8 -9 8 -9 7 -10 7 -10 7 -10 6 -10 6 -10 5 -10 5 -11 5 -10 4 -11 4 -12 3 -12 3 -13 0 0 0 0 0 0 0 0 0 0]"
"1772697615664948,CSI_DATA,STATION,00:00:00:00:00:00,0,0,0,0,0,0,0,0,0,0,0,0,0,0,0,0,0,0,0,0,0,128,[84 -64 4 0 0 0 0 0 0 0 0 0 -16 -10 -16 -10 -16 -11 -16 -11 -15 -12 -15 -12 -15 -13 -15 -14 -13 -14 -13 -14 -15 -14 -14 -14 -13 -14 -13 -15 -13 -15 -13 -15 -12 -15 -11 -16 -11 -16 -11 -16 -10 -15 -10 -16 -10 -14 -10 -14 -10 -14 -10 -13 0 0 -10 -12 -10 -12 -11 -12 -10 -11 -11 -11 -10 -11 -12 -11 -11 -10 -11 -10 -12 -9 -13 -9 -12 -9 -11 -9 -12 -8 -12 -8 -12 -6 -12 -7 -13 -6 -13 -6 -13 -5 -13 -5 -13 -5 -13 -4 -13 -3 -14 -3 -14 -2 0 0 0 0 0 0 0 0 0 0]"
"1772697615664948,CSI_DATA,STATION,00:00:00:00:00:00,0,0,0,0,0,0,0,0,0,0,0,0,0,0,0,0,0,0,0,0,0,128,[84 -64 4 0 0 0 0 0 0 0 0 0 8 15 8 16 7 17 7 17 6 17 6 18 5 17 4 18 5 18 4 18 4 18 4 18 3 18 3 18 2 19 2 18 2 19 2 18 0 18 1 17 0 17 0 16 0 16 0 16 1 16 2 16 0 0 2 15 2 14 3 15 2 13 2 14 2 14 3 14 3 14 4 13 3 12 4 13 4 13 4 13 5 12 5 11 6 12 6 11 6 10 7 10 7 9 7 9 7 10 8 10 9 9 10 9 10 8 0 0 0 0 0 0 0 0 0 0]"
"1772697615664948,CSI_DATA,STATION,00:00:00:00:00:00,0,0,0,0,0,0,0,0,0,0,0,0,0,0,0,0,0,0,0,0,0,128,[84 -64 4 0 0 0 0 0 0 0 0 0 -12 11 -12 10 -13 11 -13 11 -14 11 -15 9 -15 9 -15 9 -15 8 -16 8 -16 8 -16 8 -16 8 -15 7 -16 7 -16 7 -16 6 -16 6 -16 6 -15 5 -15 5 -15 5 -15 5 -15 5 -13 5 -14 6 0 0 -13 5 -12 6 -12 7 -12 6 -12 6 -12 7 -12 6 -12 7 -12 7 -11 7 -10 8 -10 8 -10 8 -9 8 -9 8 -9 8 -8 9 -8 8 -7 9 -7 9 -7 9 -6 9 -6 10 -5 10 -6 11 -5 11 0 0 0 0 0 0 0 0 0 0]"
"1772697615680898,CSI_DATA,STATION,00:00:00:00:00:00,0,0,0,0,0,0,0,0,0,0,0,0,0,0,0,0,0,0,0,0,0,128,[84 -64 4 0 0 0 0 0 0 0 0 0 -8 13 -9 14 -9 13 -10 14 -11 12 -12 13 -12 12 -12 12 -12 11 -13 11 -14 11 -13 11 -14 11 -14 11 -14 10 -14 10 -14 9 -14 9 -15 9 -14 8 -14 8 -13 8 -13 7 -13 7 -13 8 -12 8 0 0 -12 7 -10 8 -11 8 -10 9 -11 9 -10 9 -10 8 -10 8 -10 8 -9 8 -9 10 -9 8 -9 9 -8 9 -7 9 -7 9 -6 9 -7 9 -6 10 -6 9 -5 9 -5 10 -4 10 -4 11 -4 10 -4 11 0 0 0 0 0 0 0 0 0 0]"
"1772697615680898,CSI_DATA,STATION,00:00:00:00:00:00,0,0,0,0,0,0,0,0,0,0,0,0,0,0,0,0,0,0,0,0,0,128,[84 -64 4 0 0 0 0 0 0 0 0 0 14 -1 14 -1 15 -1 15 0 15 1 15 1 15 3 15 3 15 4 14 3 15 4 15 3 15 3 15 4 15 6 15 5 14 5 13 6 14 6 13 6 12 7 12 6 12 6 12 6 12 5 12 4 0 0 11 5 11 4 11 4 12 3 12 4 12 4 12 4 11 3 12 3 11 1 12 1 11 2 11 1 11 1 11 1 11 0 11 0 11 -1 11 0 10 -2 11 -2 10 -2 11 -2 10 -4 11 -3 11 -4 0 0 0 0 0 0 0 0 0 0]"
"1772697615680898,CSI_DATA,STATION,00:00:00:00:00:00,0,0,0,0,0,0,0,0,0,0,0,0,0,0,0,0,0,0,0,0,0,128,[84 -64 4 0 0 0 0 0 0 0 0 0 1 18 0 18 -1 18 -2 19 -2 18 -3 19 -3 18 -4 18 -4 18 -4 18 -5 18 -5 18 -5 18 -6 18 -7 18 -7 17 -7 17 -8 16 -8 17 -8 16 -8 15 -8 15 -8 14 -7 15 -7 15 -6 14 0 0 -6 14 -5 14 -4 14 -4 14 -4 15 -4 14 -4 14 -3 14 -3 14 -2 13 -2 14 -3 13 -2 13 -2 13 -2 13 -1 12 0 13 1 13 1 12 2 12 2 12 2 12 3 12 5 12 3 12 4 12 0 0 0 0 0 0 0 0 0 0]"
"1772697615680898,CSI_DATA,STATION,00:00:00:00:00:00,0,0,0,0,0,0,0,0,0,0,0,0,0,0,0,0,0,0,0,0,0,128,[84 -64 4 0 0 0 0 0 0 0 0 0 7 15 7 16 6 17 5 18 5 18 5 18 4 17 4 17 3 18 3 18 3 19 2 18 2 19 1 19 1 19 1 18 0 18 0 18 -1 18 -1 18 -1 18 0 17 -2 16 -1 16 -1 16 0 15 0 0 0 15 1 15 1 14 1 14 1 14 2 14 2 15 2 14 3 14 3 13 4 13 3 13 4 13 4 12 5 12 5 11 5 12 6 10 5 10 6 9 7 10 7 10 8 10 8 9 8 10 9 9 0 0 0 0 0 0 0 0 0 0]"
"1772697615696922,CSI_DATA,STATION,00:00:00:00:00:00,0,0,0,0,0,0,0,0,0,0,0,0,0,0,0,0,0,0,0,0,0,128,[84 -64 4 0 0 0 0 0 0 0 0 0 8 -16 8 -15 9 -17 10 -16 11 -16 11 -15 12 -15 13 -14 14 -14 13 -14 13 -14 13 -13 13 -14 14 -13 14 -12 15 -12 14 -11 15 -11 15 -12 15 -11 15 -10 14 -10 14 -9 13 -10 13 -10 12 -10 0 0 12 -9 12 -10 11 -10 11 -11 11 -10 11 -11 11 -11 10 -10 10 -11 9 -11 9 -11 9 -11 8 -11 8 -11 8 -11 7 -11 7 -12 6 -12 6 -11 5 -12 5 -12 5 -12 4 -13 3 -13 3 -13 2 -14 0 0 0 0 0 0 0 0 0 0]"
"1772697615696922,CSI_DATA,STATION,00:00:00:00:00:00,0,0,0,0,0,0,0,0,0,0,0,0,0,0,0,0,0,0,0,0,0,128,[84 -64 4 0 0 0 0 0 0 0 0 0 15 -9 17 -8 16 -8 18 -8 17 -6 18 -6 17 -5 18 -5 18 -5 17 -5 18 -5 18 -4 18 -4 18 -4 19 -3 18 -3 18 -2 18 -2 18 -2 17 -2 17 -1 17 -1 16 -1 16 -1 15 -2 16 -2 0 0 15 -3 14 -3 15 -3 14 -3 14 -4 14 -4 14 -4 13 -5 13 -5 12 -5 13 -6 12 -6 12 -5 12 -6 11 -6 11 -7 10 -7 11 -7 10 -7 9 -8 9 -9 9 -9 8 -10 9 -11 9 -11 8 -11 0 0 0 0 0 0 0 0 0 0]"
"1772697615696922,CSI_DATA,STATION,00:00:00:00:00:00,0,0,0,0,0,0,0,0,0,0,0,0,0,0,0,0,0,0,0,0,0,128,[84 -64 4 0 0 0 0 0 0 0 0 0 -5 16 -6 17 -6 17 -7 19 -8 17 -8 16 -9 16 -10 16 -9 16 -10 16 -10 16 -11 16 -11 16 -11 16 -12 16 -11 15 -12 14 -12 12 -12 15 -12 14 -12 13 -12 13 -11 11 -11 12 -11 13 -10 12 0 0 -9 12 -9 12 -8 12 -8 12 -8 13 -8 12 -7 13 -7 12 -7 12 -5 12 -5 13 -5 13 -5 13 -4 13 -4 12 -4 13 -3 12 -2 11 -2 12 -1 12 -1 12 0 12 0 12 1 12 1 13 1 13 0 0 0 0 0 0 0 0 0 0]"
"1772697615745474,CSI_DATA,STATION,00:00:00:00:00:00,0,0,0,0,0,0,0,0,0,0,0,0,0,0,0,0,0,0,0,0,0,128,[84 -64 4 0 0 0 0 0 0 0 0 0 6 14 6 15 5 15 5 16 4 15 4 16 3 15 3 16 2 16 2 15 2 16 2 16 1 16 1 17 0 17 0 16 0 17 -1 16 -1 16 -2 15 -1 15 -2 15 -1 14 -2 15 -1 14 0 13 0 0 -1 13 0 13 0 13 1 12 0 13 1 13 1 13 1 12 2 12 2 12 3 12 2 11 3 12 2 12 3 10 3 11 4 11 4 10 5 10 4 9 6 9 5 9 6 9 6 9 7 8 7 9 0 0 0 0 0 0 0 0 0 0]"
"1772697615761423,CSI_DATA,STATION,00:00:00:00:00:00,0,0,0,0,0,0,0,0,0,0,0,0,0,0,0,0,0,0,0,0,0,128,[84 -64 4 0 0 0 0 0 0 0 0 0 -10 -13 -10 -14 -9 -14 -10 -15 -9 -15 -9 -15 -8 -15 -8 -16 -7 -16 -7 -16 -7 -16 -6 -16 -6 -17 -6 -17 -5 -17 -6 -17 -5 -16 -5 -16 -5 -16 -4 -16 -3 -16 -4 -16 -4 -15 -4 -15 -3 -15 -4 -14 0 0 -4 -13 -4 -13 -5 -13 -5 -12 -5 -13 -5 -13 -5 -13 -6 -12 -6 -13 -6 -11 -7 -11 -6 -11 -6 -12 -7 -12 -7 -10 -8 -10 -8 -10 -8 -9 -8 -9 -9 -8 -8 -8 -10 -8 -9 -8 -10 -8 -10 -7 -11 -7 0 0 0 0 0 0 0 0 0 0]"
"1772697615761423,CSI_DATA,STATION,00:00:00:00:00:00,0,0,0,0,0,0,0,0,0,0,0,0,0,0,0,0,0,0,0,0,0,128,[84 -64 4 0 0 0 0 0 0 0 0 0 4 17 3 18 2 17 2 19 1 18 1 19 0 19 -1 18 -1 19 -2 18 -2 19 -2 18 -2 19 -3 19 -4 19 -3 19 -4 18 -4 17 -5 18 -5 18 -5 17 -5 16 -5 15 -4 16 -4 16 -3 15 0 0 -3 15 -2 14 -2 15 -2 14 -2 15 -1 15 -1 15 -1 14 0 14 1 13 1 13 0 13 1 14 2 13 2 12 2 12 3 12 3 12 4 11 4 11 5 11 5 11 5 11 7 11 7 10 7 11 0 0 0 0 0 0 0 0 0 0]"
"1772697615761423,CSI_DATA,STATION,00:00:00:00:00:00,0,0,0,0,0,0,0,0,0,0,0,0,0,0,0,0,0,0,0,0,0,128,[84 -64 4 0 0 0 0 0 0 0 0 0 17 2 18 3 18 2 18 4 18 5 18 5 17 6 18 6 17 7 17 7 17 7 17 8 16 8 17 8 16 9 16 10 16 10 14 10 15 11 14 10 13 10 13 10 13 10 13 9 13 9 13 7 0 0 13 7 12 7 13 7 13 7 13 7 13 6 13 6 12 5 13 5 12 4 14 4 12 4 12 4 13 4 12 3 13 2 12 2 12 1 12 1 12 0 12 0 12 0 12 -1 12 -2 13 -2 13 -3 0 0 0 0 0 0 0 0 0 0]"
"1772697615777066,CSI_DATA,STATION,00:00:00:00:00:00,0,0,0,0,0,0,0,0,0,0,0,0,0,0,0,0,0,0,0,0,0,128,[84 -64 4 0 0 0 0 0 0 0 0 0 -10 -11 -10 -12 -10 -13 -10 -14 -9 -13 -8 -14 -8 -14 -7 -14 -7 -14 -7 -15 -7 -15 -7 -15 -7 -16 -6 -16 -5 -16 -6 -16 -5 -15 -4 -16 -4 -15 -3 -15 -3 -15 -3 -15 -3 -14 -4 -14 -4 -14 -4 -13 0 0 -4 -13 -5 -13 -5 -13 -5 -12 -5 -13 -5 -12 -5 -13 -5 -12 -6 -12 -6 -11 -7 -11 -6 -11 -7 -11 -7 -10 -7 -10 -8 -10 -8 -10 -8 -9 -8 -8 -8 -8 -9 -8 -9 -9 -9 -8 -10 -7 -10 -7 -10 -7 0 0 0 0 0 0 0 0 0 0]"
"1772697615792957,CSI_DATA,STATION,00:00:00:00:00:00,0,0,0,0,0,0,0,0,0,0,0,0,0,0,0,0,0,0,0,0,0,128,[84 -64 4 0 0 0 0 0 0 0 0 0 -21 3 -21 2 -22 2 -23 2 -22 1 -22 0 -22 0 -22 -2 -22 -2 -22 -2 -23 -2 -23 -3 -22 -3 -22 -4 -22 -5 -23 -4 -22 -5 -21 -6 -22 -6 -21 -6 -20 -6 -20 -6 -19 -6 -19 -5 -19 -5 -19 -4 0 0 -18 -4 -18 -4 -18 -3 -17 -3 -17 -3 -18 -2 -18 -2 -17 -2 -17 -2 -17 -1 -18 0 -16 0 -16 0 -17 0 -16 1 -16 1 -16 2 -16 2 -16 2 -15 4 -15 4 -15 4 -15 6 -15 6 -15 6 -15 7 0 0 0 0 0 0 0 0 0 0]"
"1772697615808668,CSI_DATA,STATION,00:00:00:00:00:00,0,0,0,0,0,0,0,0,0,0,0,0,0,0,0,0,0,0,0,0,0,128,[84 -64 4 0 0 0 0 0 0 0 0 0 -10 10 -11 11 -11 11 -12 11 -11 10 -13 10 -12 8 -13 8 -13 8 -12 8 -14 8 -14 8 -15 8 -14 7 -15 7 -14 7 -15 6 -14 5 -15 6 -14 5 -14 5 -14 5 -13 4 -14 5 -13 5 -12 6 0 0 -13 5 -11 6 -12 6 -11 6 -12 6 -12 6 -12 6 -11 6 -11 6 -10 6 -10 8 -10 7 -10 7 -9 8 -9 6 -9 8 -8 8 -7 8 -7 8 -7 8 -7 8 -7 9 -6 9 -5 10 -6 10 -5 10 0 0 0 0 0 0 0 0 0 0]"
"1772697615824515,CSI_DATA,STATION,00:00:00:00:00:00,0,0,0,0,0,0,0,0,0,0,0,0,0,0,0,0,0,0,0,0,0,128,[84 -64 4 0 0 0 0 0 0 0 0 0 15 -5 15 -3 16 -4 16 -3 17 -3 16 -2 16 -1 17 -1 17 0 16 0 17 0 17 0 17 0 17 0 17 1 17 1 16 1 16 1 15 2 15 2 15 3 15 2 14 2 14 1 14 2 14 1 0 0 14 1 13 0 13 0 13 0 13 -1 13 -1 13 -1 12 -1 12 -2 12 -2 12 -3 11 -3 11 -3 11 -3 11 -4 11 -5 11 -5 10 -5 9 -5 9 -6 10 -6 9 -6 9 -7 8 -8 9 -9 8 -9 0 0 0 0 0 0 0 0 0 0]"
"1772697615824515,CSI_DATA,STATION,00:00:00:00:00:00,0,0,0,0,0,0,0,0,0,0,0,0,0,0,0,0,0,0,0,0,0,128,[84 -64 4 0 0 0 0 0 0 0 0 0 -18 3 -19 2 -18 1 -20 1 -19 0 -20 0 -19 0 -19 -2 -20 -2 -19 -2 -21 -2 -20 -3 -19 -3 -19 -3 -19 -4 -20 -3 -19 -4 -18 -5 -18 -4 -18 -5 -17 -5 -17 -5 -17 -6 -17 -5 -17 -4 -16 -4 0 0 -16 -3 -15 -2 -16 -2 -16 -2 -15 -2 -15 -1 -16 -1 -14 -1 -15 0 -15 1 -15 1 -14 0 -14 1 -13 2 -13 2 -14 3 -14 3 -13 4 -13 4 -12 4 -12 5 -12 5 -12 5 -11 7 -12 6 -11 7 0 0 0 0 0 0 0 0 0 0]"
"1772697615840475,CSI_DATA,STATION,00:00:00:00:00:00,0,0,0,0,0,0,0,0,0,0,0,0,0,0,0,0,0,0,0,0,0,128,[84 -64 4 0 0 0 0 0 0 0 0 0 -2 -15 -2 -15 -1 -16 0 -17 1 -17 1 -16 2 -15 2 -15 3 -15 3 -16 3 -16 3 -16 3 -16 4 -16 5 -16 4 -16 5 -15 5 -14 5 -15 5 -15 6 -14 6 -14 6 -13 5 -14 5 -14 4 -13 0 0 4 -13 4 -13 3 -13 3 -13 4 -13 3 -13 3 -13 2 -13 2 -13 1 -12 1 -13 1 -13 1 -12 1 -12 1 -12 0 -12 -1 -12 -1 -11 -2 -12 -2 -10 -2 -11 -2 -12 -3 -12 -4 -12 -4 -12 -4 -11 0 0 0 0 0 0 0 0 0 0]"
"1772697615840475,CSI_DATA,STATION,00:00:00:00:00:00,0,0,0,0,0,0,0,0,0,0,0,0,0,0,0,0,0,0,0,0,0,128,[84 -64 4 0 0 0 0 0 0 0 0 0 0 -18 0 -19 2 -19 2 -19 3 -19 3 -19 4 -18 5 -19 6 -18 5 -19 5 -19 5 -19 6 -19 6 -18 7 -18 7 -18 7 -17 8 -16 8 -17 8 -17 9 -16 9 -16 7 -15 6 -16 7 -16 6 -15 0 0 6 -14 5 -15 6 -15 5 -15 5 -15 4 -15 5 -15 4 -15 4 -15 3 -14 3 -15 2 -14 2 -14 2 -14 2 -14 0 -14 0 -14 -1 -14 0 -13 -1 -13 -2 -13 -2 -13 -3 -13 -5 -13 -4 -13 -5 -14 0 0 0 0 0 0 0 0 0 0]"
"1772697615840475,CSI_DATA,STATION,00:00:00:00:00:00,0,0,0,0,0,0,0,0,0,0,0,0,0,0,0,0,0,0,0,0,0,128,[84 -64 4 0 0 0 0 0 0 0 0 0 -4 -18 -4 -18 -3 -18 -3 -20 -2 -19 -1 -20 -1 -19 0 -19 1 -19 1 -19 1 -20 1 -20 1 -20 2 -20 4 -20 2 -19 3 -18 3 -18 3 -19 4 -18 4 -18 4 -18 3 -16 3 -17 3 -17 3 -16 0 0 3 -16 1 -16 2 -16 1 -15 1 -16 2 -16 1 -16 0 -15 0 -15 -1 -14 -2 -15 -1 -14 -1 -15 -2 -14 -2 -13 -3 -14 -3 -14 -3 -13 -4 -13 -4 -13 -5 -12 -5 -12 -6 -12 -7 -13 -7 -12 -8 -12 0 0 0 0 0 0 0 0 0 0]"
"1772697615856107,CSI_DATA,STATION,00:00:00:00:00:00,0,0,0,0,0,0,0,0,0,0,0,0,0,0,0,0,0,0,0,0,0,128,[84 -64 4 0 0 0 0 0 0 0 0 0 -15 0 -16 0 -16 -1 -16 -1 -16 -2 -16 -3 -16 -4 -16 -4 -16 -5 -15 -4 -16 -4 -17 -4 -16 -5 -16 -5 -15 -7 -16 -6 -14 -7 -14 -7 -14 -7 -14 -7 -13 -8 -13 -8 -13 -8 -13 -7 -14 -6 -13 -6 0 0 -12 -6 -12 -5 -12 -5 -12 -4 -12 -5 -13 -5 -12 -5 -12 -4 -13 -4 -12 -3 -13 -2 -12 -4 -12 -2 -12 -2 -12 -3 -12 -2 -12 -2 -12 -1 -12 0 -11 0 -11 0 -12 0 -12 1 -11 3 -12 2 -12 2 0 0 0 0 0 0 0 0 0 0]"
"1772697615856107,CSI_DATA,STATION,00:00:00:00:00:00,0,0,0,0,0,0,0,0,0,0,0,0,0,0,0,0,0,0,0,0,0,128,[84 -64 4 0 0 0 0 0 0 0 0 0 -1 14 -1 14 -2 15 -3 16 -3 15 -4 14 -5 14 -6 14 -6 14 -6 14 -6 15 -7 14 -6 15 -7 15 -8 14 -8 14 -8 13 -8 12 -8 13 -8 12 -8 12 -8 12 -8 11 -8 12 -8 12 -7 11 0 0 -7 11 -6 11 -6 12 -5 12 -6 11 -5 11 -6 12 -5 11 -5 11 -4 10 -4 12 -4 11 -3 11 -3 11 -3 11 -2 10 -2 11 -1 11 -1 10 0 10 0 10 0 10 1 11 2 11 1 11 2 11 0 0 0 0 0 0 0 0 0 0]"
"1772697615856107,CSI_DATA,STATION,00:00:00:00:00:00,0,0,0,0,0,0,0,0,0,0,0,0,0,0,0,0,0,0,0,0,0,128,[84 -64 4 0 0 0 0 0 0 0 0 0 12 10 11 10 11 12 11 11 11 12 10 12 10 13 10 13 9 13 9 14 9 14 8 14 8 15 8 15 7 14 8 15 7 14 7 15 6 14 6 14 5 14 6 13 5 14 6 14 5 13 6 11 0 0 6 11 6 11 7 11 7 11 6 11 7 11 7 10 7 10 7 9 7 9 8 9 8 9 8 9 8 8 9 7 8 6 9 7 9 6 9 5 9 5 9 5 10 5 10 4 11 4 11 3 10 3 0 0 0 0 0 0 0 0 0 0]"
"1772697615872561,CSI_DATA,STATION,00:00:00:00:00:00,0,0,0,0,0,0,0,0,0,0,0,0,0,0,0,0,0,0,0,0,0,128,[84 -64 4 0 0 0 0 0 0 0 0 0 1 -16 2 -17 2 -16 3 -17 3 -17 4 -17 5 -17 5 -16 5 -17 6 -16 6 -17 6 -17 7 -16 7 -15 8 -16 8 -15 8 -15 8 -15 8 -15 9 -14 8 -14 8 -14 8 -13 8 -13 7 -13 7 -13 0 0 6 -12 6 -12 6 -13 5 -12 5 -13 5 -13 5 -13 4 -13 4 -12 3 -12 3 -12 3 -12 3 -12 3 -12 2 -12 2 -12 1 -13 1 -12 1 -12 -1 -12 0 -12 -1 -12 -2 -12 -2 -12 -2 -13 -2 -12 0 0 0 0 0 0 0 0 0 0]"
"1772697615888500,CSI_DATA,STATION,00:00:00:00:00:00,0,0,0,0,0,0,0,0,0,0,0,0,0,0,0,0,0,0,0,0,0,128,[84 -64 4 0 0 0 0 0 0 0 0 0 22 -3 23 -2 23 -1 23 -1 23 0 23 1 23 2 23 2 23 3 23 3 24 3 24 4 24 4 24 5 23 6 24 6 23 7 22 7 22 7 22 7 21 7 21 7 20 7 20 6 20 6 19 5 0 0 19 5 19 4 19 4 18 4 18 3 19 2 18 2 18 2 18 1 18 0 18 0 17 0 17 0 18 -1 17 -1 17 -1 17 -3 17 -3 16 -4 15 -4 16 -5 16 -5 16 -7 16 -8 15 -8 15 -8 0 0 0 0 0 0 0 0 0 0]"
"1772697615888500,CSI_DATA,STATION,00:00:00:00:00:00,0,0,0,0,0,0,0,0,0,0,0,0,0,0,0,0,0,0,0,0,0,128,[84 -64 4 0 0 0 0 0 0 0 0 0 -18 -1 -18 -2 -19 -2 -19 -3 -19 -4 -19 -4 -19 -5 -18 -6 -18 -6 -19 -6 -19 -7 -19 -7 -18 -7 -18 -8 -18 -9 -19 -8 -17 -9 -16 -10 -17 -9 -17 -10 -15 -10 -16 -10 -16 -9 -15 -9 -15 -9 -15 -8 0 0 -14 -8 -15 -7 -13 -7 -14 -7 -14 -6 -14 -6 -15 -6 -14 -4 -14 -5 -14 -4 -15 -4 -14 -4 -14 -3 -13 -4 -14 -3 -14 -2 -14 -3 -14 -1 -13 -1 -14 0 -13 0 -13 0 -14 1 -13 3 -14 2 -14 4 0 0 0 0 0 0 0 0 0 0]"
"1772697615903982,CSI_DATA,STATION,00:00:00:00:00:00,0,0,0,0,0,0,0,0,0,0,0,0,0,0,0,0,0,0,0,0,0,128,[84 -64 4 0 0 0 0 0 0 0 0 0 6 14 6 15 6 14 5 15 5 15 3 16 3 15 3 15 2 16 2 16 2 16 2 16 2 17 1 17 1 18 1 16 0 16 0 16 -1 16 -1 16 -2 15 -1 15 -1 14 0 15 0 15 0 13 0 0 0 13 0 13 1 13 1 12 1 13 1 13 1 13 2 12 2 12 3 11 4 11 3 11 3 11 4 11 4 10 4 11 5 10 5 9 5 9 5 8 6 9 6 9 6 9 8 8 8 8 9 8 0 0 0 0 0 0 0 0 0 0]"
"1772697615903982,CSI_DATA,STATION,00:00:00:00:00:00,0,0,0,0,0,0,0,0,0,0,0,0,0,0,0,0,0,0,0,0,0,128,[84 -64 4 0 0 0 0 0 0 0 0 0 -6 16 -6 16 -7 17 -8 18 -8 16 -9 16 -10 16 -10 16 -11 15 -11 15 -11 16 -11 15 -11 15 -12 15 -13 15 -12 15 -13 13 -13 13 -13 13 -13 13 -13 12 -12 11 -13 11 -12 11 -12 11 -11 12 0 0 -11 10 -10 12 -10 11 -9 11 -10 12 -9 12 -10 12 -8 12 -9 11 -8 12 -7 12 -7 12 -7 12 -7 12 -7 12 -6 12 -5 12 -4 12 -4 12 -4 12 -3 12 -2 12 -2 13 -1 13 -2 13 -1 13 0 0 0 0 0 0 0 0 0 0]"
"1772697615903982,CSI_DATA,STATION,00:00:00:00:00:00,0,0,0,0,0,0,0,0,0,0,0,0,0,0,0,0,0,0,0,0,0,128,[84 -64 4 0 0 0 0 0 0 0 0 0 16 -3 18 -3 17 -2 19 -2 18 -1 18 0 19 0 18 2 19 2 18 1 19 2 19 3 18 3 18 3 18 5 18 4 18 5 16 5 17 5 17 6 16 7 15 6 15 5 15 5 15 6 15 4 0 0 14 5 14 5 14 4 15 3 14 4 14 3 14 4 14 2 14 2 13 2 14 1 13 1 13 1 13 1 13 0 13 1 13 -1 13 -1 13 -2 12 -3 13 -2 12 -3 12 -3 12 -5 12 -4 12 -5 0 0 0 0 0 0 0 0 0 0]"
"1772697615919734,CSI_DATA,STATION,00:00:00:00:00:00,0,0,0,0,0,0,0,0,0,0,0,0,0,0,0,0,0,0,0,0,0,128,[84 -64 4 0 0 0 0 0 0 0 0 0 1 15 0 16 0 15 -1 16 -2 16 -2 16 -3 16 -3 16 -3 16 -4 16 -3 16 -4 16 -4 16 -4 17 -6 16 -5 16 -6 15 -6 14 -6 15 -7 15 -8 14 -7 14 -6 13 -6 13 -6 14 -6 13 0 0 -6 13 -5 13 -5 12 -5 12 -4 13 -4 13 -4 13 -3 11 -3 12 -3 11 -2 11 -2 12 -2 12 -1 12 -2 11 -1 11 -1 11 0 11 0 11 1 10 1 11 1 11 2 11 4 11 3 11 4 11 0 0 0 0 0 0 0 0 0 0]"
"1772697615919734,CSI_DATA,STATION,00:00:00:00:00:00,0,0,0,0,0,0,0,0,0,0,0,0,0,0,0,0,0,0,0,0,0,128,[84 -64 4 0 0 0 0 0 0 0 0 0 16 5 16 5 16 7 17 7 16 8 16 8 16 9 15 9 16 10 15 10 16 10 16 10 15 10 15 10 14 12 15 12 13 13 13 12 13 12 12 13 12 12 11 12 12 11 11 11 12 12 12 10 0 0 11 9 11 10 12 9 11 9 11 9 11 9 11 9 11 7 12 8 11 6 12 6 12 6 12 6 11 6 11 5 12 4 12 4 12 3 12 3 11 2 12 2 12 2 12 2 12 0 13 0 14 -1 0 0 0 0 0 0 0 0 0 0]"
"1772697615919734,CSI_DATA,STATION,00:00:00:00:00:00,0,0,0,0,0,0,0,0,0,0,0,0,0,0,0,0,0,0,0,0,0,128,[84 -64 4 0 0 0 0 0 0 0 0 0 13 -12 14 -12 14 -12 15 -11 15 -10 16 -10 16 -9 16 -8 17 -8 16 -8 17 -8 18 -8 18 -8 17 -7 17 -6 18 -6 17 -6 18 -6 17 -5 17 -5 17 -4 17 -5 16 -4 16 -4 16 -5 15 -5 0 0 14 -5 14 -6 14 -5 13 -6 13 -6 13 -6 13 -6 13 -7 13 -7 12 -7 12 -7 12 -7 11 -7 11 -8 11 -8 10 -8 10 -9 9 -9 9 -9 8 -9 9 -9 8 -10 8 -10 7 -11 8 -12 7 -13 0 0 0 0 0 0 0 0 0 0]"
"1772697615935668,CSI_DATA,STATION,00:00:00:00:00:00,0,0,0,0,0,0,0,0,0,0,0,0,0,0,0,0,0,0,0,0,0,128,[84 -64 4 0 0 0 0 0 0 0 0 0 -6 -17 -6 -17 -6 -18 -6 -19 -5 -19 -5 -19 -4 -19 -3 -19 -2 -19 -2 -19 -1 -19 -2 -19 0 -19 -1 -21 0 -20 0 -19 1 -19 1 -18 1 -19 1 -19 2 -18 2 -18 2 -16 2 -18 2 -17 1 -16 0 0 1 -16 0 -15 0 -16 0 -15 -1 -16 0 -16 -1 -16 -1 -15 -1 -15 -2 -14 -3 -15 -2 -14 -2 -14 -3 -14 -3 -13 -4 -14 -4 -14 -4 -12 -5 -12 -5 -12 -5 -12 -6 -12 -7 -12 -7 -12 -7 -12 -8 -11 0 0 0 0 0 0 0 0 0 0]"
"1772697615935668,CSI_DATA,STATION,00:00:00:00:00:00,0,0,0,0,0,0,0,0,0,0,0,0,0,0,0,0,0,0,0,0,0,128,[84 -64 4 0 0 0 0 0 0 0 0 0 -18 -5 -19 -6 -19 -5 -21 -7 -18 -8 -19 -8 -18 -9 -18 -9 -18 -10 -17 -10 -18 -10 -18 -11 -17 -11 -17 -12 -17 -13 -17 -13 -16 -12 -15 -12 -16 -13 -15 -13 -14 -13 -14 -13 -13 -12 -14 -12 -14 -13 -14 -11 0 0 -14 -11 -13 -10 -13 -9 -14 -9 -14 -10 -14 -9 -14 -10 -14 -8 -14 -8 -13 -6 -15 -7 -13 -7 -14 -7 -13 -6 -13 -6 -14 -5 -14 -5 -14 -4 -14 -3 -13 -2 -14 -2 -13 -2 -14 -1 -14 1 -14 -1 -15 1 0 0 0 0 0 0 0 0 0 0]"
"1772697615935668,CSI_DATA,STATION,00:00:00:00:00:00,0,0,0,0,0,0,0,0,0,0,0,0,0,0,0,0,0,0,0,0,0,128,[84 -64 4 0 0 0 0 0 0 0 0 0 -2 22 -3 22 -3 22 -4 23 -5 22 -6 23 -6 23 -7 22 -8 22 -8 21 -8 23 -9 23 -9 22 -10 22 -10 22 -11 22 -12 21 -12 20 -12 20 -12 19 -12 19 -12 19 -12 17 -11 18 -10 18 -10 18 0 0 -9 17 -9 17 -8 17 -8 17 -8 17 -7 17 -7 17 -6 17 -6 17 -5 16 -5 18 -5 17 -4 16 -4 17 -4 16 -3 17 -2 16 -2 16 -1 16 0 16 0 16 1 16 2 16 2 16 3 16 3 17 0 0 0 0 0 0 0 0 0 0]"
"1772697615935668,CSI_DATA,STATION,00:00:00:00:00:00,0,0,0,0,0,0,0,0,0,0,0,0,0,0,0,0,0,0,0,0,0,128,[84 -64 4 0 0 0 0 0 0 0 0 0 -5 -23 -4 -24 -4 -23 -3 -24 -2 -24 -1 -24 -1 -24 0 -25 1 -24 1 -24 1 -25 2 -25 2 -25 3 -25 4 -25 4 -25 5 -24 5 -24 6 -24 5 -23 6 -22 6 -22 6 -21 6 -21 5 -21 4 -20 0 0 3 -20 3 -20 3 -19 2 -19 2 -19 1 -20 1 -19 1 -19 1 -19 0 -18 -1 -19 -1 -18 0 -18 -1 -18 -2 -18 -2 -19 -3 -17 -3 -18 -4 -17 -5 -17 -5 -17 -5 -16 -7 -16 -7 -17 -8 -17 -8 -16 0 0 0 0 0 0 0 0 0 0]"
"1772697615951647,CSI_DATA,STATION,00:00:00:00:00:00,0,0,0,0,0,0,0,0,0,0,0,0,0,0,0,0,0,0,0,0,0,128,[84 -64 4 0 0 0 0 0 0 0 0 0 17 3 17 4 17 5 18 6 17 6 17 6 17 6 17 8 16 8 16 8 17 9 16 9 16 9 16 9 17 10 16 9 15 10 14 10 15 11 14 11 13 11 13 11 13 9 14 10 13 9 13 8 0 0 12 7 12 7 12 7 13 6 14 7 13 6 13 6 13 5 13 5 12 4 13 4 13 4 13 4 13 4 13 3 12 2 13 2 13 1 12 0 12 0 13 -1 12 -1 12 -1 12 -3 13 -3 13 -4 0 0 0 0 0 0 0 0 0 0]"
"1772697615951647,CSI_DATA,STATION,00:00:00:00:00:00,0,0,0,0,0,0,0,0,0,0,0,0,0,0,0,0,0,0,0,0,0,128,[84 -64 4 0 0 0 0 0 0 0 0 0 -6 17 -7 16 -7 17 -8 17 -9 17 -9 16 -10 15 -11 15 -11 15 -11 15 -11 15 -12 15 -11 15 -11 15 -13 16 -13 15 -12 13 -13 13 -13 14 -13 13 -13 13 -13 12 -12 11 -11 12 -11 12 -11 12 0 0 -10 12 -9 12 -9 12 -9 13 -8 13 -8 12 -8 13 -7 12 -8 13 -7 12 -6 13 -6 13 -6 13 -5 12 -6 12 -4 12 -4 12 -3 12 -3 12 -2 11 -2 12 -1 12 0 12 1 13 1 13 1 13 0 0 0 0 0 0 0 0 0 0]"
"1772697615951647,CSI_DATA,STATION,00:00:00:00:00:00,0,0,0,0,0,0,0,0,0,0,0,0,0,0,0,0,0,0,0,0,0,128,[84 -64 4 0 0 0 0 0 0 0 0 0 -21 -3 -21 -4 -21 -4 -22 -5 -21 -6 -21 -7 -21 -6 -21 -8 -21 -9 -20 -8 -21 -8 -21 -9 -21 -9 -21 -10 -20 -11 -20 -11 -19 -12 -18 -12 -19 -12 -18 -12 -17 -12 -17 -12 -16 -11 -17 -11 -17 -10 -17 -10 0 0 -16 -9 -16 -9 -16 -9 -16 -8 -16 -8 -17 -8 -17 -7 -17 -7 -16 -7 -16 -6 -17 -5 -16 -5 -16 -5 -16 -5 -16 -5 -16 -4 -16 -3 -16 -3 -16 -3 -15 -2 -16 -1 -16 -1 -16 0 -17 1 -16 1 -16 2 0 0 0 0 0 0 0 0 0 0]"
"1772697615967298,CSI_DATA,STATION,00:00:00:00:00:00,0,0,0,0,0,0,0,0,0,0,0,0,0,0,0,0,0,0,0,0,0,128,[84 -64 4 0 0 0 0 0 0 0 0 0 16 16 16 17 15 17 15 18 14 18 13 19 13 19 13 20 12 19 11 20 12 21 12 21 11 21 11 21 10 22 10 22 9 22 8 21 8 22 8 21 7 21 7 20 6 19 7 20 7 19 8 19 0 0 8 18 8 18 9 17 8 16 8 17 9 17 9 16 9 16 9 15 9 15 10 14 10 14 10 14 11 14 10 12 11 13 12 11 12 11 12 10 12 10 13 9 13 9 14 8 15 8 15 8 15 8 0 0 0 0 0 0 0 0 0 0]"
"1772697615967298,CSI_DATA,STATION,00:00:00:00:00:00,0,0,0,0,0,0,0,0,0,0,0,0,0,0,0,0,0,0,0,0,0,128,[84 -64 4 0 0 0 0 0 0 0 0 0 -4 15 -5 15 -6 16 -6 16 -7 15 -7 15 -7 15 -8 14 -8 14 -9 14 -9 14 -10 14 -10 14 -10 14 -11 14 -10 14 -10 12 -10 12 -11 13 -11 12 -10 11 -11 11 -11 11 -10 12 -10 11 -9 11 0 0 -9 11 -8 11 -7 11 -7 11 -7 11 -7 11 -7 12 -7 11 -6 11 -6 11 -5 11 -6 12 -5 11 -4 11 -4 11 -3 11 -3 11 -2 11 -2 11 -1 11 -1 11 -1 11 0 11 1 11 1 11 1 11 0 0 0 0 0 0 0 0 0 0]"
"1772697615967298,CSI_DATA,STATION,00:00:00:00:00:00,0,0,0,0,0,0,0,0,0,0,0,0,0,0,0,0,0,0,0,0,0,128,[84 -64 4 0 0 0 0 0 0 0 0 0 -13 -10 -13 -11 -13 -12 -12 -12 -11 -13 -11 -13 -11 -13 -10 -13 -10 -14 -10 -14 -10 -14 -10 -15 -10 -16 -9 -16 -9 -16 -8 -15 -8 -15 -7 -16 -7 -16 -7 -16 -6 -15 -6 -15 -6 -14 -6 -15 -6 -14 -6 -14 0 0 -7 -13 -6 -13 -7 -12 -7 -12 -7 -12 -7 -12 -7 -12 -7 -12 -8 -11 -8 -11 -8 -11 -8 -10 -8 -11 -8 -10 -8 -10 -9 -9 -9 -9 -9 -8 -10 -8 -10 -7 -10 -7 -10 -8 -10 -7 -11 -6 -11 -6 -11 -6 0 0 0 0 0 0 0 0 0 0]"
"1772697615983167,CSI_DATA,STATION,00:00:00:00:00:00,0,0,0,0,0,0,0,0,0,0,0,0,0,0,0,0,0,0,0,0,0,128,[84 -64 4 0 0 0 0 0 0 0 0 0 2 17 2 18 1 18 0 19 0 19 -1 19 -1 18 -2 18 -3 18 -3 18 -3 19 -4 18 -4 18 -4 19 -6 19 -5 19 -5 17 -6 17 -6 18 -6 18 -7 17 -6 16 -6 15 -6 15 -6 16 -5 14 0 0 -5 15 -4 15 -4 15 -4 14 -3 15 -3 15 -3 14 -2 14 -2 13 -1 13 -1 13 -1 14 -1 14 -1 13 0 13 0 13 1 13 2 12 2 12 2 12 3 11 3 11 4 12 5 12 5 12 5 12 0 0 0 0 0 0 0 0 0 0]"
"1772697615983167,CSI_DATA,STATION,00:00:00:00:00:00,0,0,0,0,0,0,0,0,0,0,0,0,0,0,0,0,0,0,0,0,0,128,[84 -64 4 0 0 0 0 0 0 0 0 0 10 -15 12 -15 11 -15 14 -16 13 -15 14 -14 14 -13 14 -12 16 -12 14 -13 16 -13 15 -13 16 -12 17 -12 17 -11 18 -10 17 -10 16 -9 17 -10 17 -8 17 -8 16 -8 15 -7 16 -9 15 -8 15 -9 0 0 15 -8 13 -8 13 -9 13 -9 14 -9 13 -9 13 -9 11 -9 13 -10 10 -9 11 -10 10 -9 10 -11 11 -10 9 -10 9 -11 8 -12 8 -11 7 -11 6 -11 7 -12 7 -12 6 -12 5 -13 5 -14 4 -14 0 0 0 0 0 0 0 0 0 0]"
"1772697615983167,CSI_DATA,STATION,00:00:00:00:00:00,0,0,0,0,0,0,0,0,0,0,0,0,0,0,0,0,0,0,0,0,0,128,[84 -64 4 0 0 0 0 0 0 0 0 0 -14 -7 -14 -7 -14 -7 -14 -8 -14 -9 -13 -9 -13 -10 -13 -10 -12 -10 -13 -11 -13 -11 -13 -11 -13 -12 -12 -12 -11 -12 -12 -12 -11 -12 -11 -13 -11 -13 -10 -13 -10 -12 -9 -13 -9 -12 -9 -12 -9 -11 -10 -11 0 0 -9 -10 -10 -10 -9 -9 -10 -9 -10 -10 -10 -10 -10 -9 -10 -9 -10 -8 -10 -8 -11 -8 -10 -8 -10 -7 -10 -7 -11 -7 -11 -6 -11 -7 -11 -5 -11 -5 -11 -4 -11 -4 -11 -4 -11 -4 -12 -3 -12 -3 -12 -2 0 0 0 0 0 0 0 0 0 0]"
"1772697615999178,CSI_DATA,STATION,00:00:00:00:00:00,0,0,0,0,0,0,0,0,0,0,0,0,0,0,0,0,0,0,0,0,0,128,[84 -64 4 0 0 0 0 0 0 0 0 0 13 15 12 16 12 16 12 18 11 18 10 19 10 18 9 19 9 19 9 19 9 20 8 20 8 20 7 21 7 21 6 21 5 21 4 21 5 21 4 20 4 20 4 19 3 19 4 19 5 18 5 18 0 0 5 17 5 17 5 16 5 16 5 16 7 15 7 15 7 15 6 15 7 14 8 14 7 13 7 14 8 13 8 13 8 13 9 12 9 12 10 11 10 11 10 10 10 10 12 9 12 9 12 9 13 9 0 0 0 0 0 0 0 0 0 0]"
"1772697615999178,CSI_DATA,STATION,00:00:00:00:00:00,0,0,0,0,0,0,0,0,0,0,0,0,0,0,0,0,0,0,0,0,0,128,[84 -64 4 0 0 0 0 0 0 0 0 0 -4 -16 -3 -16 -4 -17 -3 -17 -2 -18 -2 -18 -1 -17 0 -16 0 -17 1 -18 0 -18 1 -17 1 -18 2 -18 3 -18 2 -17 3 -17 3 -16 4 -17 4 -16 4 -16 4 -16 3 -15 3 -15 3 -15 2 -14 0 0 3 -14 2 -14 2 -14 1 -13 1 -14 1 -14 1 -14 0 -13 0 -13 0 -12 -2 -13 0 -13 -1 -13 -1 -13 -1 -12 -2 -12 -2 -12 -3 -11 -3 -11 -4 -10 -4 -11 -5 -11 -4 -11 -6 -11 -5 -11 -7 -11 0 0 0 0 0 0 0 0 0 0]"
"1772697615999178,CSI_DATA,STATION,00:00:00:00:00:00,0,0,0,0,0,0,0,0,0,0,0,0,0,0,0,0,0,0,0,0,0,128,[84 -64 4 0 0 0 0 0 0 0 0 0 -3 15 -4 15 -4 16 -5 16 -6 16 -6 15 -7 15 -7 14 -8 15 -8 15 -8 15 -8 14 -8 15 -9 15 -10 14 -10 14 -9 13 -10 13 -10 13 -10 13 -10 12 -10 12 -10 11 -9 12 -9 12 -9 11 0 0 -8 11 -8 12 -7 11 -7 12 -7 12 -6 12 -6 12 -6 12 -5 11 -5 11 -5 11 -5 12 -4 12 -4 11 -4 11 -3 11 -3 11 -2 11 -2 11 -1 10 -1 11 -1 11 0 12 2 11 1 11 1 11 0 0 0 0 0 0 0 0 0 0]"
"1772697616014975,CSI_DATA,STATION,00:00:00:00:00:00,0,0,0,0,0,0,0,0,0,0,0,0,0,0,0,0,0,0,0,0,0,128,[84 -64 4 0 0 0 0 0 0 0 0 0 -12 -14 -12 -15 -12 -15 -11 -17 -9 -17 -10 -17 -10 -17 -9 -17 -8 -18 -8 -17 -9 -18 -8 -18 -7 -19 -8 -19 -7 -20 -6 -19 -6 -19 -6 -18 -5 -19 -4 -19 -4 -19 -4 -18 -4 -17 -4 -17 -5 -17 -5 -16 0 0 -5 -16 -5 -15 -6 -16 -6 -14 -6 -15 -6 -15 -6 -15 -6 -14 -6 -14 -7 -12 -8 -13 -7 -12 -8 -12 -8 -13 -8 -11 -8 -11 -9 -11 -9 -11 -9 -10 -9 -10 -10 -10 -10 -10 -11 -9 -12 -8 -12 -8 -12 -7 0 0 0 0 0 0 0 0 0 0]"
"1772697616014975,CSI_DATA,STATION,00:00:00:00:00:00,0,0,0,0,0,0,0,0,0,0,0,0,0,0,0,0,0,0,0,0,0,128,[84 -64 4 0 0 0 0 0 0 0 0 0 19 11 19 12 19 12 19 13 19 14 17 14 18 15 17 16 17 16 17 16 17 16 17 17 17 17 17 17 15 18 16 18 14 18 14 18 14 18 14 18 13 18 13 18 12 17 13 16 13 16 13 16 0 0 13 15 13 15 13 13 13 13 13 12 14 12 14 12 14 12 14 11 14 11 15 11 14 10 14 10 15 10 15 9 15 8 15 8 15 7 15 6 15 5 15 5 16 5 17 3 17 3 17 2 17 3 0 0 0 0 0 0 0 0 0 0]"
"1772697616014975,CSI_DATA,STATION,00:00:00:00:00:00,0,0,0,0,0,0,0,0,0,0,0,0,0,0,0,0,0,0,0,0,0,128,[84 -64 4 0 0 0 0 0 0 0 0 0 -2 14 -2 14 -2 15 -3 15 -3 15 -4 14 -5 14 -5 14 -6 14 -6 14 -6 14 -6 14 -7 14 -7 14 -8 14 -7 14 -8 13 -8 12 -8 13 -9 13 -9 12 -8 12 -8 11 -8 12 -8 12 -8 12 0 0 -7 11 -6 11 -6 11 -6 12 -7 11 -6 12 -6 12 -5 11 -5 11 -5 11 -5 11 -5 11 -4 11 -4 11 -4 10 -3 10 -3 11 -2 10 -2 10 -1 10 -1 10 -1 10 0 11 1 10 0 11 1 11 0 0 0 0 0 0 0 0 0 0]"
"1772697616030959,CSI_DATA,STATION,00:00:00:00:00:00,0,0,0,0,0,0,0,0,0,0,0,0,0,0,0,0,0,0,0,0,0,128,[84 -64 4 0 0 0 0 0 0 0 0 0 18 0 18 1 17 1 19 2 17 2 18 3 17 3 18 5 18 5 17 5 18 5 18 5 17 5 18 6 18 7 17 7 16 8 16 7 16 8 16 8 14 9 15 8 14 7 15 7 14 7 14 6 0 0 14 6 14 6 14 6 14 5 14 5 14 5 14 5 13 4 14 4 12 3 13 3 13 3 13 3 13 2 13 2 13 1 13 1 13 0 12 -1 12 -1 12 -1 12 -2 12 -2 12 -3 13 -4 13 -4 0 0 0 0 0 0 0 0 0 0]"
"1772697616030959,CSI_DATA,STATION,00:00:00:00:00:00,0,0,0,0,0,0,0,0,0,0,0,0,0,0,0,0,0,0,0,0,0,128,[84 -64 4 0 0 0 0 0 0 0 0 0 -14 17 -17 17 -16 17 -18 18 -17 15 -19 16 -19 14 -20 14 -20 13 -19 13 -20 14 -21 14 -21 14 -21 14 -22 12 -21 12 -23 11 -21 10 -22 10 -22 9 -21 9 -21 9 -20 8 -20 10 -19 10 -19 10 0 0 -18 10 -17 10 -18 10 -16 10 -17 10 -16 11 -16 11 -16 11 -15 11 -14 11 -14 12 -13 12 -13 12 -14 13 -12 12 -13 13 -11 13 -11 14 -11 13 -9 13 -9 14 -9 14 -7 15 -7 16 -6 16 -6 17 0 0 0 0 0 0 0 0 0 0]"
"1772697616030959,CSI_DATA,STATION,00:00:00:00:00:00,0,0,0,0,0,0,0,0,0,0,0,0,0,0,0,0,0,0,0,0,0,128,[84 -64 4 0 0 0 0 0 0 0 0 0 11 -9 12 -9 12 -8 14 -8 13 -7 14 -7 13 -6 14 -6 14 -5 13 -6 15 -6 15 -6 14 -6 15 -5 16 -4 15 -4 15 -4 14 -3 15 -3 14 -2 14 -3 14 -3 13 -2 13 -3 14 -3 13 -3 0 0 13 -3 12 -4 12 -4 11 -4 12 -4 11 -4 12 -4 11 -5 11 -5 10 -6 11 -6 10 -5 10 -6 10 -6 9 -5 10 -7 9 -7 9 -8 9 -8 7 -8 8 -8 7 -8 7 -9 6 -10 7 -10 7 -10 0 0 0 0 0 0 0 0 0 0]"
"1772697616046691,CSI_DATA,STATION,00:00:00:00:00:00,0,0,0,0,0,0,0,0,0,0,0,0,0,0,0,0,0,0,0,0,0,128,[84 -64 4 0 0 0 0 0 0 0 0 0 7 13 6 14 6 14 6 15 5 15 5 15 5 15 4 16 4 16 3 16 3 16 3 16 3 16 3 17 2 17 2 16 1 16 1 17 0 17 0 16 0 15 0 15 0 14 0 15 -1 14 0 14 0 0 0 13 1 13 1 13 2 12 1 13 2 13 2 13 2 13 3 12 3 12 3 11 3 11 4 12 4 11 4 10 4 11 5 10 6 10 5 9 5 9 6 9 6 9 7 9 8 9 7 9 8 8 0 0 0 0 0 0 0 0 0 0]"
"1772697616062373,CSI_DATA,STATION,00:00:00:00:00:00,0,0,0,0,0,0,0,0,0,0,0,0,0,0,0,0,0,0,0,0,0,128,[84 -64 4 0 0 0 0 0 0 0 0 0 -20 -5 -21 -5 -22 -6 -22 -8 -21 -8 -20 -8 -20 -10 -20 -10 -20 -11 -19 -11 -21 -12 -21 -12 -20 -12 -19 -13 -19 -14 -19 -14 -18 -14 -17 -14 -17 -14 -16 -15 -16 -15 -15 -14 -14 -13 -15 -14 -16 -14 -16 -12 0 0 -15 -12 -14 -12 -15 -11 -16 -10 -15 -12 -15 -11 -16 -12 -14 -9 -16 -9 -15 -8 -16 -8 -15 -8 -15 -8 -15 -7 -15 -8 -15 -6 -16 -6 -15 -4 -15 -4 -15 -3 -15 -3 -15 -3 -15 -2 -16 0 -16 -1 -16 1 0 0 0 0 0 0 0 0 0 0]"
"1772697616062373,CSI_DATA,STATION,00:00:00:00:00:00,0,0,0,0,0,0,0,0,0,0,0,0,0,0,0,0,0,0,0,0,0,128,[84 -64 4 0 0 0 0 0 0 0 0 0 -13 -13 -11 -14 -11 -17 -11 -16 -9 -17 -11 -17 -7 -16 -9 -18 -8 -17 -7 -18 -10 -19 -8 -16 -6 -20 -8 -18 -3 -19 -5 -20 -4 -18 -3 -19 -3 -19 -1 -18 -3 -19 -1 -16 -1 -17 -4 -17 0 -16 -3 -17 0 0 0 -17 -5 -16 -1 -15 -2 -17 -3 -14 -1 -17 -4 -16 -2 -13 -3 -16 -5 -14 -3 -14 -5 -15 -4 -12 -3 -15 -6 -13 -3 -13 -6 -15 -5 -11 -5 -13 -7 -11 -6 -11 -7 -13 -8 -11 -8 -13 -9 -13 -8 -11 0 0 0 0 0 0 0 0 0 0]"
"1772697616062373,CSI_DATA,STATION,00:00:00:00:00:00,0,0,0,0,0,0,0,0,0,0,0,0,0,0,0,0,0,0,0,0,0,128,[84 -64 4 0 0 0 0 0 0 0 0 0 4 17 3 17 2 17 2 18 1 18 1 18 0 18 -1 18 -1 18 -2 18 -1 18 -1 18 -2 19 -3 19 -4 19 -3 18 -4 18 -4 17 -4 17 -5 17 -5 16 -5 16 -5 15 -5 16 -5 16 -4 15 0 0 -4 15 -3 14 -3 15 -3 14 -2 14 -2 15 -2 15 -2 14 -1 14 0 14 0 14 0 14 0 14 1 14 1 13 2 13 2 12 3 11 3 12 3 11 4 12 4 12 5 12 6 12 6 12 6 11 0 0 0 0 0 0 0 0 0 0]"
"1772697616078168,CSI_DATA,STATION,00:00:00:00:00:00,0,0,0,0,0,0,0,0,0,0,0,0,0,0,0,0,0,0,0,0,0,128,[84 -64 4 0 0 0 0 0 0 0 0 0 1 17 0 17 0 18 0 19 -2 18 -2 17 -2 18 -3 18 -3 18 -4 18 -4 18 -5 19 -5 19 -6 19 -6 19 -6 18 -6 17 -6 17 -7 17 -7 17 -7 16 -7 16 -6 14 -7 16 -6 15 -6 14 0 0 -5 14 -5 14 -5 15 -4 14 -3 14 -3 14 -4 14 -2 14 -2 14 -2 13 -1 14 -2 14 -2 14 -1 14 -1 12 1 13 1 13 1 11 2 12 2 11 3 12 3 12 4 12 5 12 5 12 5 12 0 0 0 0 0 0 0 0 0 0]"
"1772697616078168,CSI_DATA,STATION,00:00:00:00:00:00,0,0,0,0,0,0,0,0,0,0,0,0,0,0,0,0,0,0,0,0,0,128,[84 -64 4 0 0 0 0 0 0 0 0 0 -10 12 -10 12 -11 12 -11 12 -12 12 -12 10 -12 10 -13 10 -14 9 -14 10 -14 10 -14 10 -14 9 -14 8 -16 8 -15 8 -15 7 -15 7 -15 7 -14 6 -15 5 -15 5 -15 5 -14 6 -13 6 -13 5 0 0 -13 5 -12 6 -12 7 -12 6 -11 6 -11 6 -12 6 -12 7 -11 7 -10 8 -11 7 -10 7 -10 8 -9 8 -10 7 -9 7 -9 8 -8 8 -8 9 -7 8 -7 8 -7 9 -6 9 -5 9 -6 10 -6 10 0 0 0 0 0 0 0 0 0 0]"
"1772697616078168,CSI_DATA,STATION,00:00:00:00:00:00,0,0,0,0,0,0,0,0,0,0,0,0,0,0,0,0,0,0,0,0,0,128,[84 -64 4 0 0 0 0 0 0 0 0 0 -16 -3 -16 -4 -16 -4 -17 -4 -16 -5 -17 -5 -16 -6 -16 -6 -16 -7 -15 -6 -16 -7 -16 -7 -16 -7 -16 -8 -16 -9 -16 -8 -15 -9 -14 -8 -15 -9 -14 -10 -13 -10 -13 -10 -12 -8 -13 -9 -13 -8 -13 -8 0 0 -13 -7 -12 -7 -13 -6 -13 -6 -13 -6 -13 -6 -13 -6 -12 -5 -13 -5 -12 -4 -13 -4 -12 -4 -13 -3 -13 -3 -12 -3 -13 -2 -11 -2 -12 -1 -12 -1 -12 0 -12 0 -12 0 -11 1 -12 2 -12 2 -13 3 0 0 0 0 0 0 0 0 0 0]"
"1772697616093994,CSI_DATA,STATION,00:00:00:00:00:00,0,0,0,0,0,0,0,0,0,0,0,0,0,0,0,0,0,0,0,0,0,128,[84 -64 4 0 0 0 0 0 0 0 0 0 13 -9 13 -8 14 -8 15 -7 15 -7 15 -6 15 -6 16 -5 16 -4 16 -5 16 -4 17 -5 16 -4 16 -4 17 -2 17 -3 16 -2 16 -2 16 -2 16 -2 16 -1 15 -1 15 -1 14 -2 15 -1 14 -1 0 0 14 -2 13 -2 13 -3 13 -2 13 -3 13 -3 13 -3 12 -3 13 -3 12 -4 12 -4 11 -5 11 -4 11 -4 11 -5 11 -5 10 -6 10 -6 10 -6 9 -6 9 -7 9 -7 9 -8 8 -8 9 -9 9 -9 0 0 0 0 0 0 0 0 0 0]"
"1772697616093994,CSI_DATA,STATION,00:00:00:00:00:00,0,0,0,0,0,0,0,0,0,0,0,0,0,0,0,0,0,0,0,0,0,128,[84 -64 4 0 0 0 0 0 0 0 0 0 9 -12 10 -12 11 -12 12 -12 12 -11 12 -11 13 -10 13 -10 14 -10 13 -10 14 -9 14 -9 14 -10 14 -9 15 -8 15 -9 15 -7 15 -7 15 -7 15 -7 15 -6 14 -6 13 -6 13 -7 13 -7 12 -6 0 0 12 -7 12 -7 11 -7 11 -7 12 -7 11 -7 11 -7 11 -8 11 -8 10 -8 10 -8 9 -8 9 -9 9 -9 9 -8 8 -9 8 -9 7 -10 6 -9 6 -10 6 -10 6 -10 5 -11 4 -11 5 -11 5 -12 0 0 0 0 0 0 0 0 0 0]"
"1772697616093994,CSI_DATA,STATION,00:00:00:00:00:00,0,0,0,0,0,0,0,0,0,0,0,0,0,0,0,0,0,0,0,0,0,128,[84 -64 4 0 0 0 0 0 0 0 0 0 -18 -2 -18 -3 -19 -4 -19 -5 -18 -5 -19 -5 -19 -7 -18 -8 -18 -8 -18 -7 -18 -9 -18 -8 -18 -9 -18 -9 -17 -10 -19 -9 -17 -10 -16 -10 -16 -10 -16 -11 -15 -10 -16 -10 -15 -10 -14 -10 -14 -10 -14 -9 0 0 -14 -8 -14 -8 -14 -7 -14 -7 -14 -7 -14 -7 -14 -6 -14 -6 -14 -6 -14 -4 -15 -5 -13 -5 -14 -5 -14 -4 -14 -3 -14 -2 -14 -2 -14 -2 -14 -1 -13 -1 -14 0 -13 0 -14 1 -14 2 -14 2 -14 2 0 0 0 0 0 0 0 0 0 0]"
"1772697616110025,CSI_DATA,STATION,00:00:00:00:00:00,0,0,0,0,0,0,0,0,0,0,0,0,0,0,0,0,0,0,0,0,0,128,[84 -64 4 0 0 0 0 0 0 0 0 0 -17 -8 -17 -9 -17 -10 -17 -10 -16 -10 -17 -11 -16 -12 -16 -12 -15 -13 -15 -13 -16 -13 -15 -13 -15 -14 -14 -14 -14 -14 -14 -15 -13 -15 -12 -15 -12 -15 -11 -15 -12 -15 -11 -15 -12 -13 -10 -14 -11 -14 -11 -13 0 0 -10 -12 -11 -12 -10 -11 -11 -10 -11 -11 -12 -11 -12 -11 -12 -10 -12 -10 -12 -9 -13 -8 -11 -8 -12 -9 -12 -8 -12 -7 -12 -7 -12 -7 -13 -6 -13 -5 -13 -4 -13 -4 -13 -5 -13 -4 -13 -3 -14 -3 -14 -2 0 0 0 0 0 0 0 0 0 0]"
"1772697616110025,CSI_DATA,STATION,00:00:00:00:00:00,0,0,0,0,0,0,0,0,0,0,0,0,0,0,0,0,0,0,0,0,0,128,[84 -64 4 0 0 0 0 0 0 0 0 0 -10 14 -11 14 -12 14 -13 15 -13 14 -14 14 -13 13 -15 13 -15 11 -14 12 -15 13 -15 12 -15 13 -15 12 -16 11 -16 10 -17 10 -16 9 -17 10 -16 8 -16 8 -16 8 -15 8 -15 8 -14 8 -14 9 0 0 -13 8 -12 9 -13 9 -12 9 -12 9 -12 10 -12 9 -11 10 -12 9 -10 9 -10 10 -10 10 -9 11 -9 10 -9 10 -8 11 -7 11 -7 11 -7 11 -6 11 -7 12 -6 11 -5 12 -3 13 -4 13 -4 13 0 0 0 0 0 0 0 0 0 0]"
"1772697616110025,CSI_DATA,STATION,00:00:00:00:00:00,0,0,0,0,0,0,0,0,0,0,0,0,0,0,0,0,0,0,0,0,0,128,[84 -64 4 0 0 0 0 0 0 0 0 0 -16 2 -16 1 -17 1 -17 1 -17 0 -17 0 -17 -1 -17 -2 -17 -2 -17 -2 -17 -2 -18 -3 -17 -3 -18 -4 -18 -5 -17 -4 -17 -5 -16 -5 -16 -5 -16 -5 -15 -6 -15 -6 -15 -5 -14 -5 -14 -5 -14 -5 0 0 -14 -4 -14 -3 -13 -3 -14 -4 -14 -3 -14 -3 -14 -3 -13 -2 -14 -2 -13 -2 -13 -1 -13 -2 -13 -1 -12 -1 -12 -1 -13 0 -12 0 -12 1 -12 1 -12 1 -13 2 -12 3 -12 3 -11 3 -12 3 -12 5 0 0 0 0 0 0 0 0 0 0]"
"1772697616125938,CSI_DATA,STATION,00:00:00:00:00:00,0,0,0,0,0,0,0,0,0,0,0,0,0,0,0,0,0,0,0,0,0,128,[84 -64 4 0 0 0 0 0 0 0 0 0 15 8 14 9 14 10 14 12 14 11 14 12 13 12 13 12 13 13 12 14 12 13 11 14 12 15 11 15 10 15 11 15 10 15 10 15 9 15 9 15 9 15 9 15 8 14 7 15 8 14 9 13 0 0 8 12 9 11 9 12 9 11 9 11 10 11 10 11 9 10 10 10 9 9 10 9 10 9 9 9 10 8 10 8 10 7 11 7 11 6 11 6 11 5 11 5 11 5 12 5 12 4 12 3 13 3 0 0 0 0 0 0 0 0 0 0]"
"1772697616125938,CSI_DATA,STATION,00:00:00:00:00:00,0,0,0,0,0,0,0,0,0,0,0,0,0,0,0,0,0,0,0,0,0,128,[84 -64 4 0 0 0 0 0 0 0 0 0 12 -17 13 -17 13 -17 14 -17 15 -16 16 -15 15 -15 16 -14 17 -14 17 -13 18 -14 18 -14 18 -13 18 -13 18 -12 19 -12 19 -11 19 -10 19 -10 18 -10 18 -9 18 -9 17 -8 17 -9 17 -9 16 -9 0 0 15 -9 15 -10 15 -10 14 -10 14 -10 14 -11 13 -11 13 -11 13 -11 12 -11 12 -12 12 -11 11 -11 11 -12 11 -12 11 -12 10 -13 9 -13 9 -13 8 -13 8 -14 7 -13 7 -14 7 -15 6 -15 6 -16 0 0 0 0 0 0 0 0 0 0]"
"1772697616125938,CSI_DATA,STATION,00:00:00:00:00:00,0,0,0,0,0,0,0,0,0,0,0,0,0,0,0,0,0,0,0,0,0,128,[84 -64 4 0 0 0 0 0 0 0 0 0 7 -14 8 -15 8 -14 9 -14 10 -14 10 -14 11 -13 10 -13 11 -13 11 -13 12 -13 12 -11 12 -12 12 -12 13 -12 12 -11 12 -10 12 -10 13 -12 13 -10 13 -10 13 -10 12 -9 12 -10 11 -10 11 -9 0 0 10 -10 9 -10 9 -9 9 -10 9 -10 9 -11 8 -11 9 -11 8 -11 7 -11 7 -11 7 -11 6 -11 6 -11 5 -11 5 -11 4 -12 4 -11 4 -12 3 -11 3 -12 3 -12 2 -12 1 -12 1 -12 0 -13 0 0 0 0 0 0 0 0 0 0]"
"1772697616141691,CSI_DATA,STATION,00:00:00:00:00:00,0,0,0,0,0,0,0,0,0,0,0,0,0,0,0,0,0,0,0,0,0,128,[84 -64 4 0 0 0 0 0 0 0 0 0 20 -6 21 -6 21 -5 23 -5 22 -4 23 -2 23 -2 23 -1 23 -1 22 -1 24 0 24 0 24 0 24 1 24 3 24 2 24 3 22 4 23 4 22 4 22 4 21 4 20 5 20 4 21 3 20 3 0 0 19 3 19 2 20 2 18 1 19 1 19 0 18 1 18 0 18 0 17 0 18 -1 17 -1 17 -2 18 -2 17 -2 18 -3 16 -4 16 -4 16 -5 15 -6 15 -5 15 -6 15 -7 16 -8 15 -8 15 -9 0 0 0 0 0 0 0 0 0 0]"
"1772697616141691,CSI_DATA,STATION,00:00:00:00:00:00,0,0,0,0,0,0,0,0,0,0,0,0,0,0,0,0,0,0,0,0,0,128,[84 -64 4 0 0 0 0 0 0 0 0 0 -1 13 -2 14 -2 14 -3 15 -4 15 -4 14 -4 15 -5 14 -6 14 -5 14 -5 14 -6 15 -6 14 -6 14 -7 14 -8 14 -8 13 -7 12 -8 13 -8 13 -8 12 -8 12 -8 11 -8 12 -8 12 -7 11 0 0 -7 11 -6 12 -6 12 -6 11 -6 12 -6 12 -6 12 -5 11 -5 11 -4 11 -4 12 -4 11 -4 11 -3 12 -3 10 -3 11 -2 11 -1 11 -1 11 -1 10 0 10 0 11 0 11 1 11 1 11 1 11 0 0 0 0 0 0 0 0 0 0]"
"1772697616141691,CSI_DATA,STATION,00:00:00:00:00:00,0,0,0,0,0,0,0,0,0,0,0,0,0,0,0,0,0,0,0,0,0,128,[84 -64 4 0 0 0 0 0 0 0 0 0 -15 6 -16 6 -15 5 -16 5 -16 4 -17 3 -17 3 -17 3 -17 2 -17 3 -18 2 -17 2 -17 2 -17 1 -18 0 -17 1 -18 0 -17 0 -17 0 -17 -1 -16 -2 -16 -2 -15 -1 -16 -1 -15 0 -15 0 0 0 -15 0 -14 0 -14 1 -14 0 -15 1 -14 1 -14 1 -14 1 -14 2 -12 2 -13 3 -12 3 -12 3 -12 3 -12 3 -12 4 -11 4 -11 4 -11 5 -10 5 -10 5 -10 6 -10 6 -9 7 -10 8 -10 8 0 0 0 0 0 0 0 0 0 0]"
"1772697616157628,CSI_DATA,STATION,00:00:00:00:00:00,0,0,0,0,0,0,0,0,0,0,0,0,0,0,0,0,0,0,0,0,0,128,[84 -64 4 0 0 0 0 0 0 0 0 0 16 8 17 8 16 9 16 10 16 10 15 11 16 11 15 12 15 12 14 13 15 13 14 14 14 14 14 14 13 14 14 15 12 14 11 14 12 15 11 15 10 15 10 15 9 14 10 14 10 14 11 13 0 0 10 12 11 12 10 11 11 11 11 11 11 11 11 11 11 9 11 10 10 8 12 9 11 9 11 9 11 8 12 7 12 6 12 7 12 5 12 5 12 4 12 4 12 4 13 3 13 3 14 3 13 2 0 0 0 0 0 0 0 0 0 0]"
"1772697616157628,CSI_DATA,STATION,00:00:00:00:00:00,0,0,0,0,0,0,0,0,0,0,0,0,0,0,0,0,0,0,0,0,0,128,[84 -64 4 0 0 0 0 0 0 0 0 0 16 12 17 14 15 14 16 16 15 16 15 16 14 17 14 16 14 18 13 18 14 18 13 19 12 20 12 20 12 20 12 20 11 20 10 19 9 21 9 20 8 20 8 20 8 19 7 19 8 19 8 17 0 0 9 17 9 17 9 16 9 15 9 16 10 15 9 16 9 14 10 14 10 13 10 13 9 14 10 13 11 13 11 11 11 11 11 10 12 9 12 9 12 9 13 8 13 8 14 8 14 8 15 7 15 6 0 0 0 0 0 0 0 0 0 0]"
"1772697616157628,CSI_DATA,STATION,00:00:00:00:00:00,0,0,0,0,0,0,0,0,0,0,0,0,0,0,0,0,0,0,0,0,0,128,[84 -64 4 0 0 0 0 0 0 0 0 0 10 9 10 10 9 10 10 12 9 11 9 12 8 12 8 12 7 12 7 13 8 13 8 13 8 14 7 14 6 14 6 14 6 14 5 14 5 15 4 14 4 15 3 14 3 13 5 13 4 13 5 12 0 0 4 12 4 11 5 12 5 11 5 12 5 11 5 12 5 11 5 11 6 10 7 10 6 10 6 10 6 9 6 8 7 9 7 8 7 7 8 7 7 6 8 7 8 7 9 6 9 6 10 6 10 5 0 0 0 0 0 0 0 0 0 0]"
"1772697616173443,CSI_DATA,STATION,00:00:00:00:00:00,0,0,0,0,0,0,0,0,0,0,0,0,0,0,0,0,0,0,0,0,0,128,[84 -64 4 0 0 0 0 0 0 0 0 0 15 10 15 11 14 11 14 14 14 13 13 13 12 14 12 13 11 15 11 14 13 15 12 16 11 16 11 16 10 17 10 17 9 16 8 17 8 17 7 17 7 17 7 17 6 15 7 16 7 16 8 14 0 0 7 14 7 14 8 14 9 12 8 14 8 14 8 14 8 13 8 13 8 11 10 11 9 11 9 11 9 11 9 10 10 9 10 9 10 8 10 7 10 7 10 7 10 8 11 7 12 5 12 6 12 4 0 0 0 0 0 0 0 0 0 0]"
"1772697616173443,CSI_DATA,STATION,00:00:00:00:00:00,0,0,0,0,0,0,0,0,0,0,0,0,0,0,0,0,0,0,0,0,0,128,[84 -64 4 0 0 0 0 0 0 0 0 0 3 16 3 17 2 18 1 19 1 18 0 18 0 18 -1 18 -2 18 -3 18 -2 18 -2 18 -3 18 -3 18 -5 19 -4 18 -4 17 -5 18 -5 17 -6 17 -6 17 -6 16 -6 16 -5 16 -5 16 -5 15 0 0 -4 15 -4 15 -3 15 -3 14 -3 15 -2 15 -3 15 -2 15 -2 14 -1 14 -1 14 -1 14 -1 14 0 13 0 13 1 13 1 13 2 12 2 12 3 11 3 12 3 12 4 12 5 12 5 12 6 11 0 0 0 0 0 0 0 0 0 0]"
"1772697616173443,CSI_DATA,STATION,00:00:00:00:00:00,0,0,0,0,0,0,0,0,0,0,0,0,0,0,0,0,0,0,0,0,0,128,[84 -64 4 0 0 0 0 0 0 0 0 0 12 -10 13 -10 13 -10 14 -9 14 -8 14 -8 14 -8 15 -8 15 -8 15 -7 15 -6 16 -6 15 -6 16 -5 17 -5 16 -5 17 -5 16 -5 16 -4 16 -4 15 -3 15 -4 14 -3 14 -3 14 -3 14 -4 0 0 13 -4 12 -4 13 -5 12 -5 12 -5 12 -5 12 -5 12 -6 12 -6 11 -6 11 -6 10 -6 10 -6 10 -7 9 -7 9 -8 9 -8 9 -8 8 -8 7 -9 8 -9 7 -9 7 -9 6 -10 7 -11 6 -11 0 0 0 0 0 0 0 0 0 0]"
"1772697616189316,CSI_DATA,STATION,00:00:00:00:00:00,0,0,0,0,0,0,0,0,0,0,0,0,0,0,0,0,0,0,0,0,0,128,[84 -64 4 0 0 0 0 0 0 0 0 0 -15 2 -16 3 -16 2 -17 2 -17 0 -18 1 -17 1 -17 0 -17 -2 -17 -1 -18 -2 -18 -1 -18 -2 -17 -2 -18 -3 -18 -3 -18 -3 -17 -3 -17 -3 -16 -4 -16 -4 -15 -4 -15 -4 -16 -3 -15 -4 -15 -3 0 0 -15 -3 -14 -2 -14 -2 -14 -2 -15 -2 -14 -1 -14 -1 -13 0 -14 0 -13 1 -13 1 -13 0 -13 1 -13 2 -12 1 -12 2 -12 2 -12 3 -11 3 -11 4 -11 4 -10 4 -10 5 -10 6 -10 6 -11 7 0 0 0 0 0 0 0 0 0 0]"
"1772697616189316,CSI_DATA,STATION,00:00:00:00:00:00,0,0,0,0,0,0,0,0,0,0,0,0,0,0,0,0,0,0,0,0,0,128,[84 -64 4 0 0 0 0 0 0 0 0 0 15 -9 15 -8 15 -9 16 -8 17 -7 17 -7 16 -6 17 -5 17 -5 17 -6 18 -6 18 -5 19 -5 18 -4 19 -3 19 -3 18 -3 19 -2 18 -2 18 -2 18 -1 18 -2 17 -1 16 -1 16 -1 16 -2 0 0 16 -2 14 -3 15 -3 15 -3 15 -3 15 -3 15 -4 14 -4 15 -4 13 -5 14 -5 13 -5 13 -5 12 -5 12 -6 12 -6 12 -7 11 -7 11 -7 10 -8 10 -8 9 -8 10 -9 9 -10 10 -10 10 -11 0 0 0 0 0 0 0 0 0 0]"
"1772697616205297,CSI_DATA,STATION,00:00:00:00:00:00,0,0,0,0,0,0,0,0,0,0,0,0,0,0,0,0,0,0,0,0,0,128,[84 -64 4 0 0 0 0 0 0 0 0 0 -16 -9 -16 -9 -16 -10 -17 -11 -15 -11 -15 -12 -16 -12 -14 -13 -14 -13 -14 -14 -15 -14 -14 -13 -13 -14 -14 -15 -13 -15 -14 -15 -13 -15 -12 -15 -11 -15 -12 -16 -11 -16 -10 -15 -10 -14 -11 -14 -10 -14 -11 -13 0 0 -10 -12 -10 -12 -11 -12 -11 -11 -11 -12 -11 -12 -11 -12 -11 -10 -12 -10 -12 -10 -13 -9 -12 -9 -11 -9 -12 -9 -12 -7 -12 -7 -12 -7 -13 -6 -13 -6 -12 -5 -13 -5 -13 -5 -13 -4 -13 -3 -14 -3 -14 -2 0 0 0 0 0 0 0 0 0 0]"
"1772697616205297,CSI_DATA,STATION,00:00:00:00:00:00,0,0,0,0,0,0,0,0,0,0,0,0,0,0,0,0,0,0,0,0,0,128,[84 -64 4 0 0 0 0 0 0 0 0 0 -9 15 -10 15 -11 15 -11 15 -12 15 -13 13 -13 13 -14 13 -15 12 -14 13 -14 13 -14 12 -15 13 -15 12 -16 11 -16 11 -16 10 -16 10 -16 10 -16 9 -16 8 -16 8 -15 8 -15 9 -14 9 -13 9 0 0 -14 8 -12 9 -12 9 -12 9 -13 9 -12 9 -12 10 -12 9 -12 9 -10 9 -10 10 -10 10 -10 10 -9 10 -9 10 -8 11 -8 11 -7 11 -7 11 -7 11 -7 11 -6 11 -5 12 -4 12 -5 13 -4 13 0 0 0 0 0 0 0 0 0 0]"
"1772697616205297,CSI_DATA,STATION,00:00:00:00:00:00,0,0,0,0,0,0,0,0,0,0,0,0,0,0,0,0,0,0,0,0,0,128,[84 -64 4 0 0 0 0 0 0 0 0 0 -2 -16 -2 -16 0 -17 0 -17 0 -17 1 -17 1 -16 2 -17 3 -17 2 -16 3 -17 3 -17 3 -17 3 -17 5 -18 4 -16 4 -16 5 -16 5 -17 5 -16 6 -15 6 -15 5 -14 5 -15 5 -15 4 -14 0 0 4 -14 3 -14 3 -14 3 -13 3 -14 3 -14 3 -14 2 -14 2 -13 1 -13 1 -13 1 -14 0 -13 0 -13 0 -12 -1 -13 -2 -12 -2 -13 -2 -12 -3 -11 -3 -12 -4 -12 -4 -11 -5 -12 -5 -11 -6 -12 0 0 0 0 0 0 0 0 0 0]"
"1772697616221859,CSI_DATA,STATION,00:00:00:00:00:00,0,0,0,0,0,0,0,0,0,0,0,0,0,0,0,0,0,0,0,0,0,128,[84 -64 4 0 0 0 0 0 0 0 0 0 -16 -8 -17 -9 -16 -9 -16 -11 -16 -11 -16 -12 -15 -12 -15 -13 -14 -13 -14 -12 -16 -13 -15 -13 -14 -14 -14 -15 -13 -15 -14 -15 -12 -15 -12 -15 -12 -16 -11 -16 -11 -16 -10 -15 -10 -14 -11 -14 -11 -14 -11 -13 0 0 -10 -13 -10 -13 -10 -12 -11 -11 -10 -12 -11 -12 -11 -13 -11 -10 -11 -11 -11 -10 -12 -9 -11 -9 -12 -9 -12 -9 -11 -9 -12 -8 -12 -8 -12 -7 -12 -6 -12 -6 -13 -6 -12 -6 -12 -5 -13 -4 -14 -4 -15 -3 0 0 0 0 0 0 0 0 0 0]"
"1772697616221859,CSI_DATA,STATION,00:00:00:00:00:00,0,0,0,0,0,0,0,0,0,0,0,0,0,0,0,0,0,0,0,0,0,128,[84 -64 4 0 0 0 0 0 0 0 0 0 -11 -12 -11 -13 -11 -13 -10 -14 -9 -14 -10 -15 -9 -14 -10 -15 -8 -15 -8 -14 -9 -15 -8 -15 -8 -16 -7 -16 -7 -17 -7 -16 -6 -16 -6 -16 -5 -17 -5 -16 -5 -17 -4 -16 -5 -15 -5 -15 -5 -15 -6 -14 0 0 -6 -13 -6 -13 -7 -13 -6 -12 -7 -13 -7 -12 -7 -12 -7 -12 -7 -11 -8 -11 -8 -11 -8 -10 -8 -11 -8 -10 -8 -10 -9 -9 -9 -9 -9 -8 -10 -8 -10 -7 -11 -7 -10 -7 -10 -7 -11 -6 -12 -6 -12 -6 0 0 0 0 0 0 0 0 0 0]"
"1772697616221859,CSI_DATA,STATION,00:00:00:00:00:00,0,0,0,0,0,0,0,0,0,0,0,0,0,0,0,0,0,0,0,0,0,128,[84 -64 4 0 0 0 0 0 0 0 0 0 -16 2 -17 1 -17 1 -17 1 -17 0 -17 0 -16 -1 -17 -1 -17 -2 -17 -2 -17 -2 -18 -2 -17 -3 -17 -3 -17 -4 -18 -4 -17 -4 -16 -4 -17 -4 -16 -5 -16 -5 -16 -5 -15 -4 -15 -4 -15 -4 -15 -4 0 0 -15 -4 -14 -3 -14 -3 -14 -3 -13 -3 -14 -2 -14 -2 -14 -2 -14 -2 -13 -1 -13 0 -13 -1 -13 -1 -13 0 -13 0 -13 1 -12 1 -12 2 -12 2 -12 2 -12 3 -11 3 -12 4 -11 4 -11 5 -11 5 0 0 0 0 0 0 0 0 0 0]"
"1772697616237232,CSI_DATA,STATION,00:00:00:00:00:00,0,0,0,0,0,0,0,0,0,0,0,0,0,0,0,0,0,0,0,0,0,128,[84 -64 4 0 0 0 0 0 0 0 0 0 12 -13 13 -12 13 -12 14 -12 14 -12 15 -11 15 -10 15 -10 16 -9 17 -9 17 -9 17 -9 17 -9 17 -8 17 -7 17 -8 17 -6 18 -6 17 -6 17 -5 16 -6 16 -5 16 -4 16 -4 16 -5 15 -5 0 0 14 -5 14 -6 13 -6 14 -6 14 -6 13 -6 13 -6 13 -6 14 -6 12 -7 12 -7 12 -7 11 -7 11 -7 11 -7 10 -8 10 -9 10 -9 9 -9 8 -9 9 -9 8 -10 8 -11 8 -11 8 -11 7 -11 0 0 0 0 0 0 0 0 0 0]"
"1772697616237232,CSI_DATA,STATION,00:00:00:00:00:00,0,0,0,0,0,0,0,0,0,0,0,0,0,0,0,0,0,0,0,0,0,128,[84 -64 4 0 0 0 0 0 0 0 0 0 16 8 16 9 15 10 16 11 16 11 16 12 15 12 15 12 15 13 14 14 14 14 14 14 13 15 13 15 13 15 13 15 13 15 12 15 11 16 10 16 10 15 10 15 10 14 10 14 9 14 10 13 0 0 10 12 10 12 10 11 11 11 11 12 10 11 11 11 10 10 11 10 10 9 11 9 11 9 11 9 11 9 12 7 12 6 11 6 12 6 12 5 12 4 12 4 12 4 13 4 13 3 14 2 13 2 0 0 0 0 0 0 0 0 0 0]"
"1772697616237232,CSI_DATA,STATION,00:00:00:00:00:00,0,0,0,0,0,0,0,0,0,0,0,0,0,0,0,0,0,0,0,0,0,128,[84 -64 4 0 0 0 0 0 0 0 0 0 -14 9 -16 8 -15 8 -16 7 -16 7 -17 7 -17 6 -17 6 -17 5 -17 6 -18 5 -17 4 -19 5 -18 4 -19 4 -18 3 -18 3 -18 3 -18 3 -17 2 -16 2 -17 2 -17 2 -16 2 -15 2 -16 2 0 0 -16 2 -14 3 -14 4 -14 3 -15 3 -14 4 -14 4 -14 4 -14 4 -13 4 -13 5 -13 6 -13 5 -12 6 -12 5 -11 6 -11 7 -11 7 -10 7 -11 7 -10 7 -10 8 -9 8 -9 9 -9 9 -9 10 0 0 0 0 0 0 0 0 0 0]"
"1772697616253127,CSI_DATA,STATION,00:00:00:00:00:00,0,0,0,0,0,0,0,0,0,0,0,0,0,0,0,0,0,0,0,0,0,128,[84 -64 4 0 0 0 0 0 0 0 0 0 -16 -6 -16 -8 -15 -7 -17 -8 -16 -8 -16 -9 -15 -9 -16 -10 -16 -10 -15 -11 -15 -10 -16 -11 -15 -12 -14 -12 -15 -12 -14 -11 -14 -12 -13 -12 -14 -13 -13 -13 -12 -12 -12 -12 -12 -11 -12 -12 -11 -10 -12 -11 0 0 -13 -10 -11 -9 -12 -10 -12 -9 -12 -10 -12 -8 -13 -9 -12 -8 -13 -7 -12 -7 -13 -7 -12 -7 -12 -7 -13 -6 -13 -5 -13 -5 -12 -5 -13 -5 -13 -4 -13 -3 -13 -3 -13 -2 -13 -2 -13 -1 -13 -1 -14 0 0 0 0 0 0 0 0 0 0 0]"
"1772697616253127,CSI_DATA,STATION,00:00:00:00:00:00,0,0,0,0,0,0,0,0,0,0,0,0,0,0,0,0,0,0,0,0,0,128,[84 -64 4 0 0 0 0 0 0 0 0 0 -14 10 -14 9 -14 9 -15 9 -16 8 -16 8 -15 8 -16 7 -17 6 -18 6 -18 6 -16 6 -18 5 -18 5 -19 4 -18 4 -18 4 -18 3 -18 3 -18 2 -17 2 -17 3 -17 2 -16 3 -16 2 -15 2 0 0 -16 3 -14 3 -14 4 -15 3 -14 4 -14 3 -14 4 -14 4 -14 4 -13 4 -13 4 -14 4 -13 4 -12 6 -13 5 -12 6 -11 5 -11 6 -10 6 -10 7 -10 7 -10 8 -9 8 -9 8 -9 9 -9 9 0 0 0 0 0 0 0 0 0 0]"
"1772697616269176,CSI_DATA,STATION,00:00:00:00:00:00,0,0,0,0,0,0,0,0,0,0,0,0,0,0,0,0,0,0,0,0,0,128,[84 -64 4 0 0 0 0 0 0 0 0 0 15 -1 16 0 16 0 17 0 15 2 17 2 15 3 15 3 16 4 15 4 16 4 16 5 15 5 16 5 16 6 16 5 16 6 14 6 14 6 14 6 14 6 14 6 13 6 13 6 13 6 13 5 0 0 13 5 13 4 13 3 12 4 13 3 13 2 13 2 12 2 13 2 12 2 13 2 12 1 11 1 12 1 11 -1 12 -1 11 -1 11 -2 11 -2 11 -3 11 -3 10 -3 11 -3 10 -5 11 -5 12 -5 0 0 0 0 0 0 0 0 0 0]"
"1772697616269176,CSI_DATA,STATION,00:00:00:00:00:00,0,0,0,0,0,0,0,0,0,0,0,0,0,0,0,0,0,0,0,0,0,128,[84 -64 4 0 0 0 0 0 0 0 0 0 16 4 16 4 15 6 16 6 16 6 16 7 16 7 16 8 15 8 15 9 15 8 15 9 15 10 15 10 14 10 14 11 14 10 13 11 13 11 12 12 11 11 11 11 12 10 12 10 12 9 12 9 0 0 11 9 11 9 11 8 12 8 11 8 11 7 11 7 11 7 11 7 11 5 12 5 11 6 12 6 11 5 12 4 12 4 12 4 12 3 12 3 12 2 11 2 12 1 12 1 12 0 13 -1 13 -1 0 0 0 0 0 0 0 0 0 0]"
"1772697616269176,CSI_DATA,STATION,00:00:00:00:00:00,0,0,0,0,0,0,0,0,0,0,0,0,0,0,0,0,0,0,0,0,0,128,[84 -64 4 0 0 0 0 0 0 0 0 0 -16 4 -17 3 -17 2 -18 2 -17 1 -18 1 -18 0 -18 0 -17 0 -18 0 -18 -1 -18 -1 -18 -1 -18 -1 -19 -2 -18 -1 -19 -2 -18 -2 -18 -3 -17 -4 -17 -4 -17 -4 -16 -3 -17 -3 -16 -3 -16 -3 0 0 -15 -2 -14 -2 -15 -1 -14 -2 -15 -1 -15 -2 -14 0 -14 -1 -14 -1 -14 0 -14 1 -13 1 -14 1 -14 2 -13 1 -13 2 -12 3 -12 3 -12 3 -12 3 -12 4 -11 5 -12 4 -11 6 -11 7 -11 7 0 0 0 0 0 0 0 0 0 0]"
"1772697616285216,CSI_DATA,STATION,00:00:00:00:00:00,0,0,0,0,0,0,0,0,0,0,0,0,0,0,0,0,0,0,0,0,0,128,[84 -64 4 0 0 0 0 0 0 0 0 0 6 -15 8 -16 8 -16 8 -16 10 -15 10 -15 9 -15 10 -15 11 -15 11 -14 11 -14 11 -14 12 -14 11 -13 13 -14 13 -13 12 -12 13 -12 13 -12 13 -12 13 -11 12 -11 13 -10 11 -11 11 -10 11 -11 0 0 10 -10 10 -11 10 -11 9 -11 10 -12 9 -11 9 -11 8 -11 9 -11 8 -11 8 -12 7 -11 7 -11 7 -11 6 -11 6 -12 6 -12 5 -12 5 -12 4 -12 3 -12 3 -12 2 -12 2 -13 2 -14 1 -13 0 0 0 0 0 0 0 0 0 0]"
"1772697616285216,CSI_DATA,STATION,00:00:00:00:00:00,0,0,0,0,0,0,0,0,0,0,0,0,0,0,0,0,0,0,0,0,0,128,[84 -64 4 0 0 0 0 0 0 0 0 0 6 -15 9 -16 8 -16 9 -16 9 -15 10 -14 11 -14 11 -14 11 -14 11 -14 12 -15 12 -13 13 -13 13 -14 13 -14 13 -13 13 -12 13 -12 14 -12 13 -11 14 -11 12 -11 12 -10 12 -10 12 -10 12 -9 0 0 11 -10 10 -11 10 -11 9 -11 10 -11 9 -11 9 -12 8 -11 9 -11 8 -11 7 -12 7 -11 7 -12 6 -12 6 -11 5 -12 5 -12 5 -12 4 -12 3 -12 4 -12 3 -12 2 -13 1 -13 2 -14 1 -13 0 0 0 0 0 0 0 0 0 0]"
"1772697616301168,CSI_DATA,STATION,00:00:00:00:00:00,0,0,0,0,0,0,0,0,0,0,0,0,0,0,0,0,0,0,0,0,0,128,[84 -64 4 0 0 0 0 0 0 0 0 0 -15 7 -16 7 -15 7 -17 7 -16 6 -18 6 -16 5 -17 5 -18 3 -18 3 -19 3 -18 3 -18 3 -19 2 -19 2 -18 1 -18 1 -18 1 -18 1 -18 0 -17 0 -17 0 -17 0 -16 0 -15 0 -16 0 0 0 -16 1 -14 2 -15 1 -14 1 -15 2 -15 2 -14 2 -14 2 -13 3 -14 4 -14 3 -13 3 -13 4 -12 4 -12 4 -12 5 -11 5 -11 6 -11 6 -10 6 -11 7 -10 7 -10 8 -10 8 -10 8 -10 9 0 0 0 0 0 0 0 0 0 0]"
"1772697616301168,CSI_DATA,STATION,00:00:00:00:00:00,0,0,0,0,0,0,0,0,0,0,0,0,0,0,0,0,0,0,0,0,0,128,[84 -64 4 0 0 0 0 0 0 0 0 0 -14 8 -16 9 -16 9 -17 8 -17 7 -17 7 -17 6 -18 6 -18 5 -18 5 -19 5 -19 5 -19 5 -19 4 -19 3 -19 3 -18 3 -19 2 -18 1 -18 1 -18 1 -17 1 -18 0 -17 1 -17 1 -16 2 0 0 -16 2 -16 2 -15 3 -15 3 -15 2 -14 3 -15 3 -15 3 -15 4 -13 4 -14 5 -13 4 -14 5 -12 5 -13 6 -13 6 -12 6 -11 6 -11 7 -11 7 -11 8 -10 8 -10 9 -10 9 -10 9 -10 10 0 0 0 0 0 0 0 0 0 0]"
"1772697616301168,CSI_DATA,STATION,00:00:00:00:00:00,0,0,0,0,0,0,0,0,0,0,0,0,0,0,0,0,0,0,0,0,0,128,[84 -64 4 0 0 0 0 0 0 0 0 0 -12 -12 -12 -14 -12 -13 -11 -15 -11 -14 -11 -15 -10 -15 -10 -15 -9 -16 -9 -17 -9 -16 -9 -16 -8 -17 -8 -18 -7 -17 -7 -18 -7 -17 -7 -17 -6 -17 -5 -17 -5 -18 -5 -16 -5 -16 -5 -16 -5 -15 -5 -15 0 0 -5 -14 -6 -13 -6 -14 -7 -14 -7 -13 -6 -13 -6 -13 -7 -13 -7 -12 -7 -13 -8 -12 -8 -12 -8 -11 -8 -11 -9 -11 -8 -11 -8 -11 -9 -10 -9 -9 -10 -9 -10 -10 -10 -9 -11 -8 -11 -8 -11 -8 -11 -7 0 0 0 0 0 0 0 0 0 0]"
"1772697616317079,CSI_DATA,STATION,00:00:00:00:00:00,0,0,0,0,0,0,0,0,0,0,0,0,0,0,0,0,0,0,0,0,0,128,[84 -64 4 0 0 0 0 0 0 0 0 0 -8 -14 -8 -14 -7 -15 -7 -15 -7 -15 -6 -16 -6 -15 -5 -15 -4 -16 -5 -17 -5 -17 -5 -17 -4 -18 -3 -17 -2 -17 -3 -18 -2 -17 -2 -17 -1 -17 0 -17 0 -17 0 -17 -1 -16 -1 -16 0 -15 -2 -15 0 0 -2 -14 -2 -14 -2 -14 -2 -14 -2 -14 -3 -14 -2 -14 -3 -14 -3 -13 -4 -13 -5 -13 -4 -13 -4 -12 -4 -12 -5 -12 -5 -11 -5 -12 -6 -11 -6 -10 -6 -10 -7 -10 -7 -10 -7 -10 -9 -10 -8 -10 -9 -10 0 0 0 0 0 0 0 0 0 0]"
"1772697616317079,CSI_DATA,STATION,00:00:00:00:00:00,0,0,0,0,0,0,0,0,0,0,0,0,0,0,0,0,0,0,0,0,0,128,[84 -64 4 0 0 0 0 0 0 0 0 0 -5 16 -5 15 -6 16 -6 16 -7 16 -8 15 -8 15 -8 15 -9 16 -9 14 -10 15 -10 15 -10 15 -11 15 -11 15 -11 14 -12 13 -12 13 -11 13 -12 13 -12 12 -11 12 -12 11 -12 11 -11 11 -10 11 0 0 -10 11 -9 11 -9 12 -9 11 -9 11 -9 11 -8 11 -8 11 -7 11 -8 11 -8 11 -7 11 -7 11 -6 11 -6 11 -5 11 -5 11 -5 11 -4 11 -4 11 -3 12 -3 12 -3 12 -2 13 -2 12 -2 12 0 0 0 0 0 0 0 0 0 0]"
"1772697616317079,CSI_DATA,STATION,00:00:00:00:00:00,0,0,0,0,0,0,0,0,0,0,0,0,0,0,0,0,0,0,0,0,0,128,[84 -64 4 0 0 0 0 0 0 0 0 0 -7 -15 -6 -17 -5 -17 -6 -18 -5 -17 -4 -18 -4 -19 -2 -18 -2 -18 -2 -19 -2 -18 -2 -18 -2 -19 0 -19 0 -19 -1 -18 0 -18 -1 -18 1 -18 1 -18 1 -17 0 -17 1 -16 0 -17 0 -16 0 -16 0 0 0 -15 -1 -14 -1 -15 -1 -14 -2 -14 -2 -15 -2 -15 -3 -14 -3 -13 -3 -14 -4 -14 -3 -13 -2 -13 -4 -13 -4 -12 -5 -12 -5 -12 -6 -12 -6 -12 -6 -12 -7 -11 -7 -11 -7 -11 -8 -11 -9 -11 -9 -10 0 0 0 0 0 0 0 0 0 0]"
"1772697616332708,CSI_DATA,STATION,00:00:00:00:00:00,0,0,0,0,0,0,0,0,0,0,0,0,0,0,0,0,0,0,0,0,0,128,[84 -64 4 0 0 0 0 0 0 0 0 0 0 15 0 16 -1 17 -2 17 -3 17 -2 17 -3 17 -3 17 -3 17 -5 18 -5 17 -4 16 -5 17 -5 17 -7 17 -6 17 -6 16 -6 16 -7 16 -7 16 -7 15 -6 15 -6 14 -6 15 -6 14 -5 14 0 0 -5 13 -5 13 -4 14 -4 14 -3 13 -3 14 -3 13 -3 14 -2 12 -1 13 -1 13 -2 13 -1 13 -1 13 0 12 1 12 1 12 2 11 1 12 3 11 3 11 4 12 5 12 5 11 5 11 5 11 0 0 0 0 0 0 0 0 0 0]"
"1772697616332708,CSI_DATA,STATION,00:00:00:00:00:00,0,0,0,0,0,0,0,0,0,0,0,0,0,0,0,0,0,0,0,0,0,128,[84 -64 4 0 0 0 0 0 0 0 0 0 2 -15 3 -15 4 -15 4 -15 5 -15 6 -15 6 -15 7 -15 7 -15 7 -15 7 -15 7 -15 7 -15 8 -15 8 -14 8 -14 9 -13 9 -13 9 -13 10 -13 9 -12 9 -12 9 -11 9 -12 8 -11 8 -11 0 0 7 -11 7 -11 7 -11 6 -11 7 -12 6 -11 6 -11 6 -11 5 -11 5 -11 5 -12 4 -12 4 -12 4 -12 4 -11 3 -11 3 -12 3 -12 3 -12 1 -11 2 -11 1 -12 1 -12 0 -12 0 -12 0 -12 0 0 0 0 0 0 0 0 0 0]"
"1772697616332708,CSI_DATA,STATION,00:00:00:00:00:00,0,0,0,0,0,0,0,0,0,0,0,0,0,0,0,0,0,0,0,0,0,128,[84 -64 4 0 0 0 0 0 0 0 0 0 -16 -6 -16 -8 -16 -8 -16 -9 -15 -9 -15 -10 -15 -11 -15 -10 -14 -11 -14 -11 -15 -11 -15 -11 -15 -12 -14 -12 -15 -13 -13 -12 -14 -13 -13 -13 -13 -14 -12 -15 -12 -14 -11 -13 -11 -12 -12 -13 -11 -12 -12 -11 0 0 -11 -11 -10 -10 -10 -11 -11 -10 -11 -11 -11 -10 -11 -10 -12 -9 -12 -9 -11 -8 -12 -7 -12 -7 -12 -8 -12 -7 -11 -6 -12 -6 -12 -6 -13 -6 -13 -5 -12 -4 -12 -4 -13 -5 -13 -3 -13 -2 -14 -2 -14 -1 0 0 0 0 0 0 0 0 0 0]"
